timestamp, index, utilization.gpu [%], utilization.memory [%], memory.used [MiB], power.draw [W]
2026/09/11 15:39:59.217, 0, 0 %, 0 %, 0 MiB, 33.58 W
2026/09/11 15:39:59.227, 1, 0 %, 0 %, 0 MiB, 33.36 W
2026/09/11 15:39:59.236, 2, 0 %, 0 %, 0 MiB, 34.31 W
2026/09/11 15:40:04.245, 0, 0 %, 0 %, 0 MiB, 33.58 W
2026/09/11 15:40:04.246, 1, 0 %, 0 %, 0 MiB, 33.36 W
2026/09/11 15:40:04.246, 2, 0 %, 0 %, 0 MiB, 34.10 W
2026/09/11 15:40:09.246, 0, 0 %, 0 %, 0 MiB, 33.60 W
2026/09/11 15:40:09.246, 1, 0 %, 0 %, 0 MiB, 33.36 W
2026/09/11 15:40:09.246, 2, 0 %, 0 %, 0 MiB, 34.10 W
2026/09/11 15:40:14.247, 0, 0 %, 0 %, 0 MiB, 33.58 W
2026/09/11 15:40:14.247, 1, 0 %, 0 %, 0 MiB, 33.26 W
2026/09/11 15:40:14.247, 2, 0 %, 0 %, 0 MiB, 34.10 W
2026/09/11 15:40:19.248, 0, 0 %, 0 %, 1 MiB, 33.87 W
2026/09/11 15:40:19.250, 1, 0 %, 0 %, 1 MiB, 33.46 W
2026/09/11 15:40:19.262, 2, 0 %, 0 %, 1 MiB, 34.71 W
2026/09/11 15:40:24.269, 0, 1 %, 0 %, 35265 MiB, 35.53 W
2026/09/11 15:40:24.269, 1, 1 %, 0 %, 35265 MiB, 35.33 W
2026/09/11 15:40:24.269, 2, 1 %, 0 %, 35264 MiB, 36.16 W
2026/09/11 15:40:29.270, 0, 0 %, 0 %, 35265 MiB, 35.54 W
2026/09/11 15:40:29.270, 1, 0 %, 0 %, 35265 MiB, 35.23 W
2026/09/11 15:40:29.270, 2, 0 %, 0 %, 35264 MiB, 36.27 W
2026/09/11 15:40:34.271, 0, 1 %, 0 %, 35269 MiB, 35.45 W
2026/09/11 15:40:34.271, 1, 2 %, 0 %, 35271 MiB, 35.33 W
2026/09/11 15:40:34.272, 2, 1 %, 0 %, 35266 MiB, 36.37 W
2026/09/11 15:40:39.281, 0, 0 %, 0 %, 35271 MiB, 35.63 W
2026/09/11 15:40:39.281, 1, 0 %, 0 %, 35271 MiB, 35.52 W
2026/09/11 15:40:39.281, 2, 0 %, 0 %, 35270 MiB, 36.16 W
2026/09/11 15:40:44.282, 0, 1 %, 0 %, 35271 MiB, 35.74 W
2026/09/11 15:40:44.282, 1, 1 %, 0 %, 35271 MiB, 35.33 W
2026/09/11 15:40:44.282, 2, 1 %, 0 %, 35270 MiB, 36.57 W
2026/09/11 15:40:49.283, 0, 0 %, 0 %, 35271 MiB, 35.43 W
2026/09/11 15:40:49.283, 1, 0 %, 0 %, 35271 MiB, 35.33 W
2026/09/11 15:40:49.283, 2, 0 %, 0 %, 35270 MiB, 36.16 W
2026/09/11 15:40:54.283, 0, 0 %, 0 %, 35271 MiB, 35.95 W
2026/09/11 15:40:54.284, 1, 0 %, 0 %, 35271 MiB, 35.42 W
2026/09/11 15:40:54.284, 2, 0 %, 0 %, 35270 MiB, 36.26 W
2026/09/11 15:40:59.284, 0, 0 %, 0 %, 35271 MiB, 35.63 W
2026/09/11 15:40:59.284, 1, 0 %, 0 %, 35271 MiB, 35.52 W
2026/09/11 15:40:59.284, 2, 0 %, 0 %, 35270 MiB, 36.26 W
2026/09/11 15:41:04.286, 0, 0 %, 0 %, 35271 MiB, 35.62 W
2026/09/11 15:41:04.286, 1, 0 %, 0 %, 35271 MiB, 35.32 W
2026/09/11 15:41:04.286, 2, 0 %, 0 %, 35270 MiB, 36.57 W
2026/09/11 15:41:09.294, 0, 0 %, 0 %, 35271 MiB, 35.54 W
2026/09/11 15:41:09.294, 1, 0 %, 0 %, 35271 MiB, 35.22 W
2026/09/11 15:41:09.295, 2, 0 %, 0 %, 35270 MiB, 36.36 W
2026/09/11 15:41:14.295, 0, 0 %, 0 %, 35271 MiB, 35.75 W
2026/09/11 15:41:14.295, 1, 0 %, 0 %, 35271 MiB, 35.12 W
2026/09/11 15:41:14.296, 2, 0 %, 0 %, 35270 MiB, 36.37 W
2026/09/11 15:41:19.296, 0, 0 %, 0 %, 35271 MiB, 35.75 W
2026/09/11 15:41:19.297, 1, 0 %, 0 %, 35271 MiB, 35.33 W
2026/09/11 15:41:19.297, 2, 0 %, 0 %, 35270 MiB, 36.47 W
2026/09/11 15:41:24.297, 0, 0 %, 0 %, 35271 MiB, 35.73 W
2026/09/11 15:41:24.298, 1, 0 %, 0 %, 35271 MiB, 35.23 W
2026/09/11 15:41:24.298, 2, 0 %, 0 %, 35270 MiB, 36.46 W
2026/09/11 15:41:29.298, 0, 0 %, 0 %, 35271 MiB, 35.74 W
2026/09/11 15:41:29.298, 1, 0 %, 0 %, 35273 MiB, 35.33 W
2026/09/11 15:41:29.298, 2, 0 %, 0 %, 35270 MiB, 36.16 W
2026/09/11 15:41:34.299, 0, 95 %, 3 %, 35277 MiB, 80.50 W
2026/09/11 15:41:34.299, 1, 90 %, 4 %, 35277 MiB, 95.61 W
2026/09/11 15:41:34.300, 2, 93 %, 8 %, 35276 MiB, 75.53 W
2026/09/11 15:41:39.302, 0, 98 %, 6 %, 35277 MiB, 80.25 W
2026/09/11 15:41:39.302, 1, 34 %, 3 %, 35277 MiB, 62.15 W
2026/09/11 15:41:39.302, 2, 28 %, 1 %, 35276 MiB, 63.99 W
2026/09/11 15:41:44.303, 0, 0 %, 0 %, 35277 MiB, 35.95 W
2026/09/11 15:41:44.303, 1, 0 %, 0 %, 35277 MiB, 35.63 W
2026/09/11 15:41:44.303, 2, 0 %, 0 %, 35276 MiB, 36.78 W
2026/09/11 15:41:49.305, 0, 0 %, 0 %, 35277 MiB, 35.85 W
2026/09/11 15:41:49.305, 1, 0 %, 0 %, 35277 MiB, 35.62 W
2026/09/11 15:41:49.305, 2, 0 %, 0 %, 35276 MiB, 36.57 W
2026/09/11 15:41:54.306, 0, 0 %, 0 %, 35277 MiB, 35.95 W
2026/09/11 15:41:54.307, 1, 0 %, 0 %, 35277 MiB, 35.81 W
2026/09/11 15:41:54.307, 2, 0 %, 0 %, 35276 MiB, 36.58 W
2026/09/11 15:41:59.307, 0, 0 %, 0 %, 35277 MiB, 35.96 W
2026/09/11 15:41:59.308, 1, 0 %, 0 %, 35277 MiB, 35.53 W
2026/09/11 15:41:59.308, 2, 0 %, 0 %, 35276 MiB, 36.58 W
2026/09/11 15:42:04.308, 0, 1 %, 0 %, 35277 MiB, 35.85 W
2026/09/11 15:42:04.309, 1, 3 %, 0 %, 35277 MiB, 35.81 W
2026/09/11 15:42:04.309, 2, 1 %, 0 %, 35276 MiB, 36.66 W
2026/09/11 15:42:09.310, 0, 6 %, 0 %, 35277 MiB, 36.13 W
2026/09/11 15:42:09.310, 1, 4 %, 0 %, 35277 MiB, 37.48 W
2026/09/11 15:42:09.310, 2, 5 %, 0 %, 35276 MiB, 36.57 W
2026/09/11 15:42:14.317, 0, 14 %, 0 %, 35277 MiB, 35.95 W
2026/09/11 15:42:14.317, 1, 6 %, 0 %, 35277 MiB, 36.41 W
2026/09/11 15:42:14.318, 2, 6 %, 0 %, 35276 MiB, 36.57 W
2026/09/11 15:42:19.318, 0, 4 %, 0 %, 35277 MiB, 36.72 W
2026/09/11 15:42:19.318, 1, 6 %, 0 %, 35277 MiB, 35.62 W
2026/09/11 15:42:19.319, 2, 6 %, 0 %, 35276 MiB, 36.97 W
2026/09/11 15:42:24.326, 0, 4 %, 0 %, 35277 MiB, 35.84 W
2026/09/11 15:42:24.326, 1, 6 %, 0 %, 35277 MiB, 35.42 W
2026/09/11 15:42:24.326, 2, 6 %, 0 %, 35276 MiB, 36.66 W
2026/09/11 15:42:29.328, 0, 6 %, 0 %, 35277 MiB, 36.14 W
2026/09/11 15:42:29.328, 1, 2 %, 0 %, 35277 MiB, 35.42 W
2026/09/11 15:42:29.328, 2, 9 %, 0 %, 35276 MiB, 37.36 W
2026/09/11 15:42:34.329, 0, 2 %, 0 %, 35279 MiB, 36.14 W
2026/09/11 15:42:34.329, 1, 2 %, 0 %, 35279 MiB, 35.72 W
2026/09/11 15:42:34.329, 2, 0 %, 0 %, 35276 MiB, 36.37 W
2026/09/11 15:42:39.329, 0, 5 %, 0 %, 35279 MiB, 35.75 W
2026/09/11 15:42:39.330, 1, 2 %, 0 %, 35279 MiB, 35.33 W
2026/09/11 15:42:39.330, 2, 0 %, 0 %, 35276 MiB, 36.57 W
2026/09/11 15:42:44.330, 0, 8 %, 0 %, 35279 MiB, 35.75 W
2026/09/11 15:42:44.331, 1, 2 %, 0 %, 35279 MiB, 35.43 W
2026/09/11 15:42:44.331, 2, 0 %, 0 %, 35276 MiB, 36.37 W
2026/09/11 15:42:49.331, 0, 8 %, 0 %, 35279 MiB, 35.75 W
2026/09/11 15:42:49.331, 1, 2 %, 0 %, 35279 MiB, 35.33 W
2026/09/11 15:42:49.332, 2, 0 %, 0 %, 35276 MiB, 36.37 W
2026/09/11 15:42:54.332, 0, 0 %, 0 %, 35279 MiB, 35.64 W
2026/09/11 15:42:54.332, 1, 1 %, 0 %, 35279 MiB, 35.53 W
2026/09/11 15:42:54.332, 2, 0 %, 0 %, 35276 MiB, 36.48 W
2026/09/11 15:42:59.333, 0, 92 %, 3 %, 35279 MiB, 78.46 W
2026/09/11 15:42:59.333, 1, 96 %, 6 %, 35279 MiB, 76.19 W
2026/09/11 15:42:59.333, 2, 94 %, 5 %, 35276 MiB, 78.80 W
2026/09/11 15:43:04.333, 0, 32 %, 1 %, 35279 MiB, 67.22 W
2026/09/11 15:43:04.333, 1, 31 %, 1 %, 35279 MiB, 61.92 W
2026/09/11 15:43:04.334, 2, 76 %, 2 %, 35276 MiB, 73.58 W
2026/09/11 15:43:09.335, 0, 0 %, 0 %, 35279 MiB, 36.13 W
2026/09/11 15:43:09.335, 1, 0 %, 0 %, 35279 MiB, 35.82 W
2026/09/11 15:43:09.335, 2, 0 %, 0 %, 35276 MiB, 36.26 W
2026/09/11 15:43:14.336, 0, 0 %, 0 %, 35279 MiB, 36.04 W
2026/09/11 15:43:14.336, 1, 0 %, 0 %, 35279 MiB, 35.82 W
2026/09/11 15:43:14.336, 2, 0 %, 0 %, 35276 MiB, 36.26 W
2026/09/11 15:43:19.344, 0, 0 %, 0 %, 35279 MiB, 36.06 W
2026/09/11 15:43:19.344, 1, 0 %, 0 %, 35279 MiB, 35.62 W
2026/09/11 15:43:19.344, 2, 0 %, 0 %, 35276 MiB, 36.37 W
2026/09/11 15:43:24.345, 0, 1 %, 0 %, 35279 MiB, 36.15 W
2026/09/11 15:43:24.345, 1, 1 %, 0 %, 35279 MiB, 35.62 W
2026/09/11 15:43:24.345, 2, 1 %, 0 %, 35276 MiB, 36.26 W
2026/09/11 15:43:29.346, 0, 2 %, 0 %, 35279 MiB, 37.21 W
2026/09/11 15:43:29.346, 1, 6 %, 0 %, 35279 MiB, 35.81 W
2026/09/11 15:43:29.346, 2, 6 %, 0 %, 35276 MiB, 36.76 W
2026/09/11 15:43:34.346, 0, 6 %, 0 %, 35279 MiB, 36.13 W
2026/09/11 15:43:34.346, 1, 6 %, 0 %, 35279 MiB, 35.61 W
2026/09/11 15:43:34.346, 2, 10 %, 0 %, 35276 MiB, 38.25 W
2026/09/11 15:43:39.356, 0, 6 %, 0 %, 35279 MiB, 36.52 W
2026/09/11 15:43:39.356, 1, 4 %, 0 %, 35279 MiB, 35.62 W
2026/09/11 15:43:39.356, 2, 4 %, 0 %, 35276 MiB, 38.74 W
2026/09/11 15:43:44.358, 0, 6 %, 0 %, 35279 MiB, 35.94 W
2026/09/11 15:43:44.358, 1, 4 %, 0 %, 35279 MiB, 35.51 W
2026/09/11 15:43:44.358, 2, 10 %, 0 %, 35276 MiB, 36.16 W
2026/09/11 15:43:49.359, 0, 1 %, 0 %, 35279 MiB, 35.85 W
2026/09/11 15:43:49.359, 1, 8 %, 0 %, 35279 MiB, 35.92 W
2026/09/11 15:43:49.359, 2, 8 %, 0 %, 35278 MiB, 38.95 W
2026/09/11 15:43:54.359, 0, 0 %, 0 %, 35279 MiB, 35.73 W
2026/09/11 15:43:54.360, 1, 0 %, 0 %, 35279 MiB, 35.61 W
2026/09/11 15:43:54.360, 2, 12 %, 0 %, 35278 MiB, 36.26 W
2026/09/11 15:43:59.360, 0, 0 %, 0 %, 35279 MiB, 35.75 W
2026/09/11 15:43:59.361, 1, 0 %, 0 %, 35279 MiB, 35.53 W
2026/09/11 15:43:59.361, 2, 2 %, 0 %, 35278 MiB, 36.08 W
2026/09/11 15:44:04.361, 0, 0 %, 0 %, 35279 MiB, 35.85 W
2026/09/11 15:44:04.361, 1, 0 %, 0 %, 35279 MiB, 35.73 W
2026/09/11 15:44:04.361, 2, 4 %, 0 %, 35278 MiB, 36.98 W
2026/09/11 15:44:09.362, 0, 0 %, 0 %, 35279 MiB, 35.75 W
2026/09/11 15:44:09.362, 1, 0 %, 0 %, 35279 MiB, 35.54 W
2026/09/11 15:44:09.362, 2, 4 %, 0 %, 35278 MiB, 36.28 W
2026/09/11 15:44:14.363, 0, 91 %, 4 %, 35279 MiB, 77.54 W
2026/09/11 15:44:14.363, 1, 94 %, 6 %, 35279 MiB, 91.87 W
2026/09/11 15:44:14.363, 2, 95 %, 3 %, 35278 MiB, 75.70 W
2026/09/11 15:44:19.363, 0, 96 %, 5 %, 35279 MiB, 79.55 W
2026/09/11 15:44:19.363, 1, 98 %, 8 %, 35279 MiB, 76.51 W
2026/09/11 15:44:19.364, 2, 98 %, 8 %, 35278 MiB, 79.58 W
2026/09/11 15:44:24.364, 0, 0 %, 0 %, 35279 MiB, 57.41 W
2026/09/11 15:44:24.364, 1, 0 %, 0 %, 35279 MiB, 55.58 W
2026/09/11 15:44:24.364, 2, 0 %, 0 %, 35278 MiB, 55.83 W
2026/09/11 15:44:29.365, 0, 0 %, 0 %, 35279 MiB, 36.13 W
2026/09/11 15:44:29.365, 1, 0 %, 0 %, 35279 MiB, 35.62 W
2026/09/11 15:44:29.365, 2, 0 %, 0 %, 35278 MiB, 36.57 W
2026/09/11 15:44:34.373, 0, 0 %, 0 %, 35279 MiB, 36.15 W
2026/09/11 15:44:34.373, 1, 0 %, 0 %, 35279 MiB, 35.72 W
2026/09/11 15:44:34.373, 2, 0 %, 0 %, 35278 MiB, 36.47 W
2026/09/11 15:44:39.374, 0, 0 %, 0 %, 35279 MiB, 36.15 W
2026/09/11 15:44:39.374, 1, 0 %, 0 %, 35279 MiB, 35.63 W
2026/09/11 15:44:39.374, 2, 0 %, 0 %, 35278 MiB, 36.37 W
2026/09/11 15:44:44.375, 0, 6 %, 0 %, 35279 MiB, 36.03 W
2026/09/11 15:44:44.375, 1, 3 %, 0 %, 35279 MiB, 35.81 W
2026/09/11 15:44:44.375, 2, 11 %, 1 %, 35278 MiB, 36.36 W
2026/09/11 15:44:49.376, 0, 2 %, 0 %, 35279 MiB, 38.31 W
2026/09/11 15:44:49.376, 1, 9 %, 0 %, 35279 MiB, 35.61 W
2026/09/11 15:44:49.376, 2, 4 %, 0 %, 35278 MiB, 36.47 W
2026/09/11 15:44:54.385, 0, 6 %, 0 %, 35279 MiB, 35.94 W
2026/09/11 15:44:54.385, 1, 4 %, 0 %, 35279 MiB, 35.81 W
2026/09/11 15:44:54.385, 2, 8 %, 0 %, 35278 MiB, 36.16 W
2026/09/11 15:44:59.386, 0, 4 %, 0 %, 35279 MiB, 36.05 W
2026/09/11 15:44:59.387, 1, 8 %, 0 %, 35279 MiB, 36.78 W
2026/09/11 15:44:59.387, 2, 6 %, 0 %, 35278 MiB, 36.77 W
2026/09/11 15:45:04.387, 0, 6 %, 0 %, 35279 MiB, 35.73 W
2026/09/11 15:45:04.387, 1, 8 %, 0 %, 35279 MiB, 36.78 W
2026/09/11 15:45:04.388, 2, 6 %, 0 %, 35278 MiB, 36.66 W
2026/09/11 15:45:09.388, 0, 2 %, 0 %, 35279 MiB, 35.84 W
2026/09/11 15:45:09.389, 1, 6 %, 0 %, 35279 MiB, 36.39 W
2026/09/11 15:45:09.389, 2, 1 %, 0 %, 35278 MiB, 36.16 W
2026/09/11 15:45:14.390, 0, 2 %, 0 %, 35279 MiB, 36.45 W
2026/09/11 15:45:14.390, 1, 0 %, 0 %, 35279 MiB, 35.53 W
2026/09/11 15:45:14.390, 2, 0 %, 0 %, 35278 MiB, 36.17 W
2026/09/11 15:45:19.390, 0, 2 %, 0 %, 35279 MiB, 35.96 W
2026/09/11 15:45:19.390, 1, 0 %, 0 %, 35279 MiB, 35.72 W
2026/09/11 15:45:19.390, 2, 0 %, 0 %, 35278 MiB, 36.09 W
2026/09/11 15:45:24.391, 0, 2 %, 0 %, 35279 MiB, 35.96 W
2026/09/11 15:45:24.391, 1, 0 %, 0 %, 35279 MiB, 35.63 W
2026/09/11 15:45:24.391, 2, 0 %, 0 %, 35278 MiB, 36.08 W
2026/09/11 15:45:29.392, 0, 0 %, 0 %, 35279 MiB, 35.86 W
2026/09/11 15:45:29.392, 1, 0 %, 0 %, 35279 MiB, 35.53 W
2026/09/11 15:45:29.392, 2, 0 %, 0 %, 35278 MiB, 36.19 W
2026/09/11 15:45:34.392, 0, 100 %, 4 %, 35279 MiB, 77.52 W
2026/09/11 15:45:34.392, 1, 97 %, 8 %, 35279 MiB, 76.09 W
2026/09/11 15:45:34.392, 2, 100 %, 7 %, 35278 MiB, 74.75 W
2026/09/11 15:45:39.393, 0, 93 %, 3 %, 35279 MiB, 81.62 W
2026/09/11 15:45:39.393, 1, 97 %, 5 %, 35279 MiB, 75.33 W
2026/09/11 15:45:39.393, 2, 96 %, 8 %, 35278 MiB, 76.32 W
2026/09/11 15:45:44.394, 0, 30 %, 1 %, 35279 MiB, 51.65 W
2026/09/11 15:45:44.394, 1, 0 %, 0 %, 35279 MiB, 45.28 W
2026/09/11 15:45:44.394, 2, 0 %, 0 %, 35278 MiB, 56.75 W
2026/09/11 15:45:49.403, 0, 0 %, 0 %, 35279 MiB, 36.34 W
2026/09/11 15:45:49.403, 1, 0 %, 0 %, 35279 MiB, 35.81 W
2026/09/11 15:45:49.403, 2, 0 %, 0 %, 35278 MiB, 36.57 W
2026/09/11 15:45:54.404, 0, 0 %, 0 %, 35279 MiB, 36.23 W
2026/09/11 15:45:54.404, 1, 0 %, 0 %, 35279 MiB, 35.72 W
2026/09/11 15:45:54.405, 2, 3 %, 0 %, 35278 MiB, 55.96 W
2026/09/11 15:45:59.405, 0, 0 %, 0 %, 35279 MiB, 35.95 W
2026/09/11 15:45:59.405, 1, 0 %, 0 %, 35279 MiB, 35.62 W
2026/09/11 15:45:59.405, 2, 0 %, 0 %, 35278 MiB, 36.26 W
2026/09/11 15:46:04.405, 0, 3 %, 0 %, 35279 MiB, 35.84 W
2026/09/11 15:46:04.405, 1, 2 %, 0 %, 35279 MiB, 35.81 W
2026/09/11 15:46:04.405, 2, 17 %, 1 %, 35278 MiB, 37.46 W
2026/09/11 15:46:09.414, 0, 8 %, 0 %, 35279 MiB, 37.13 W
2026/09/11 15:46:09.414, 1, 6 %, 0 %, 35279 MiB, 35.71 W
2026/09/11 15:46:09.414, 2, 3 %, 0 %, 35278 MiB, 38.94 W
2026/09/11 15:46:14.416, 0, 7 %, 0 %, 35279 MiB, 35.94 W
2026/09/11 15:46:14.416, 1, 6 %, 0 %, 35279 MiB, 36.00 W
2026/09/11 15:46:14.416, 2, 9 %, 0 %, 35278 MiB, 36.36 W
2026/09/11 15:46:19.418, 0, 8 %, 0 %, 35279 MiB, 36.71 W
2026/09/11 15:46:19.418, 1, 6 %, 0 %, 35279 MiB, 35.81 W
2026/09/11 15:46:19.418, 2, 4 %, 0 %, 35278 MiB, 37.56 W
2026/09/11 15:46:24.419, 0, 8 %, 0 %, 35279 MiB, 36.04 W
2026/09/11 15:46:24.419, 1, 6 %, 0 %, 35279 MiB, 35.62 W
2026/09/11 15:46:24.419, 2, 10 %, 0 %, 35278 MiB, 39.34 W
2026/09/11 15:46:29.420, 0, 2 %, 0 %, 35279 MiB, 36.04 W
2026/09/11 15:46:29.420, 1, 11 %, 0 %, 35279 MiB, 36.00 W
2026/09/11 15:46:29.421, 2, 9 %, 0 %, 35278 MiB, 36.26 W
2026/09/11 15:46:34.421, 0, 2 %, 0 %, 35279 MiB, 36.44 W
2026/09/11 15:46:34.422, 1, 1 %, 0 %, 35279 MiB, 35.82 W
2026/09/11 15:46:34.422, 2, 0 %, 0 %, 35278 MiB, 36.36 W
2026/09/11 15:46:39.423, 0, 1 %, 0 %, 35279 MiB, 36.64 W
2026/09/11 15:46:39.423, 1, 0 %, 0 %, 35279 MiB, 35.72 W
2026/09/11 15:46:39.423, 2, 0 %, 0 %, 35278 MiB, 36.37 W
2026/09/11 15:46:44.424, 0, 2 %, 0 %, 35279 MiB, 36.26 W
2026/09/11 15:46:44.424, 1, 0 %, 0 %, 35279 MiB, 35.43 W
2026/09/11 15:46:44.425, 2, 0 %, 0 %, 35278 MiB, 36.26 W
2026/09/11 15:46:49.425, 0, 4 %, 0 %, 35279 MiB, 36.06 W
2026/09/11 15:46:49.425, 1, 0 %, 0 %, 35279 MiB, 35.44 W
2026/09/11 15:46:49.425, 2, 0 %, 0 %, 35278 MiB, 36.28 W
2026/09/11 15:46:54.426, 0, 93 %, 6 %, 35279 MiB, 82.70 W
2026/09/11 15:46:54.426, 1, 98 %, 3 %, 35279 MiB, 75.71 W
2026/09/11 15:46:54.426, 2, 97 %, 6 %, 35278 MiB, 106.14 W
2026/09/11 15:46:59.426, 0, 94 %, 6 %, 35279 MiB, 79.75 W
2026/09/11 15:46:59.427, 1, 96 %, 3 %, 35279 MiB, 74.15 W
2026/09/11 15:46:59.427, 2, 93 %, 5 %, 35278 MiB, 76.80 W
2026/09/11 15:47:04.434, 0, 0 %, 0 %, 35279 MiB, 58.22 W
2026/09/11 15:47:04.434, 1, 0 %, 0 %, 35279 MiB, 54.90 W
2026/09/11 15:47:04.434, 2, 0 %, 0 %, 35278 MiB, 55.84 W
2026/09/11 15:47:09.435, 0, 0 %, 0 %, 35279 MiB, 36.13 W
2026/09/11 15:47:09.435, 1, 0 %, 0 %, 35279 MiB, 35.81 W
2026/09/11 15:47:09.435, 2, 0 %, 0 %, 35278 MiB, 36.36 W
2026/09/11 15:47:14.437, 0, 0 %, 0 %, 35279 MiB, 35.95 W
2026/09/11 15:47:14.437, 1, 0 %, 0 %, 35279 MiB, 35.82 W
2026/09/11 15:47:14.437, 2, 0 %, 0 %, 35278 MiB, 36.36 W
2026/09/11 15:47:19.438, 0, 0 %, 0 %, 35279 MiB, 36.06 W
2026/09/11 15:47:19.438, 1, 0 %, 0 %, 35279 MiB, 35.62 W
2026/09/11 15:47:19.438, 2, 0 %, 0 %, 35278 MiB, 36.38 W
2026/09/11 15:47:24.439, 0, 6 %, 0 %, 35279 MiB, 36.14 W
2026/09/11 15:47:24.439, 1, 4 %, 0 %, 35279 MiB, 35.72 W
2026/09/11 15:47:24.439, 2, 6 %, 0 %, 35278 MiB, 37.85 W
2026/09/11 15:47:29.440, 0, 6 %, 0 %, 35279 MiB, 36.03 W
2026/09/11 15:47:29.440, 1, 4 %, 0 %, 35279 MiB, 37.00 W
2026/09/11 15:47:29.440, 2, 6 %, 0 %, 35278 MiB, 36.26 W
2026/09/11 15:47:34.441, 0, 8 %, 0 %, 35279 MiB, 36.13 W
2026/09/11 15:47:34.441, 1, 6 %, 0 %, 35279 MiB, 35.90 W
2026/09/11 15:47:34.442, 2, 4 %, 0 %, 35278 MiB, 36.77 W
2026/09/11 15:47:39.443, 0, 8 %, 0 %, 35279 MiB, 36.04 W
2026/09/11 15:47:39.443, 1, 2 %, 0 %, 35279 MiB, 36.80 W
2026/09/11 15:47:39.444, 2, 4 %, 0 %, 35278 MiB, 36.46 W
2026/09/11 15:47:44.445, 0, 9 %, 0 %, 35279 MiB, 36.72 W
2026/09/11 15:47:44.445, 1, 9 %, 0 %, 35279 MiB, 35.81 W
2026/09/11 15:47:44.445, 2, 6 %, 0 %, 35278 MiB, 37.95 W
2026/09/11 15:47:49.446, 0, 0 %, 0 %, 35279 MiB, 36.05 W
2026/09/11 15:47:49.446, 1, 2 %, 0 %, 35279 MiB, 35.63 W
2026/09/11 15:47:49.446, 2, 2 %, 0 %, 35278 MiB, 38.16 W
2026/09/11 15:47:54.447, 0, 0 %, 0 %, 35279 MiB, 35.96 W
2026/09/11 15:47:54.448, 1, 0 %, 0 %, 35279 MiB, 35.54 W
2026/09/11 15:47:54.448, 2, 2 %, 0 %, 35278 MiB, 36.48 W
2026/09/11 15:47:59.448, 0, 0 %, 0 %, 35279 MiB, 36.06 W
2026/09/11 15:47:59.448, 1, 0 %, 0 %, 35279 MiB, 35.43 W
2026/09/11 15:47:59.448, 2, 2 %, 0 %, 35278 MiB, 36.38 W
2026/09/11 15:48:04.449, 0, 0 %, 0 %, 35279 MiB, 36.06 W
2026/09/11 15:48:04.449, 1, 0 %, 0 %, 35279 MiB, 35.33 W
2026/09/11 15:48:04.449, 2, 2 %, 0 %, 35278 MiB, 36.28 W
2026/09/11 15:48:09.449, 0, 0 %, 0 %, 35279 MiB, 35.96 W
2026/09/11 15:48:09.450, 1, 0 %, 0 %, 35279 MiB, 35.53 W
2026/09/11 15:48:09.450, 2, 0 %, 0 %, 35278 MiB, 35.99 W
2026/09/11 15:48:14.450, 0, 96 %, 6 %, 35279 MiB, 80.77 W
2026/09/11 15:48:14.450, 1, 96 %, 5 %, 35279 MiB, 74.76 W
2026/09/11 15:48:14.450, 2, 97 %, 3 %, 35278 MiB, 78.50 W
2026/09/11 15:48:19.451, 0, 97 %, 6 %, 35279 MiB, 79.15 W
2026/09/11 15:48:19.451, 1, 95 %, 6 %, 35279 MiB, 77.47 W
2026/09/11 15:48:19.451, 2, 95 %, 5 %, 35278 MiB, 75.55 W
2026/09/11 15:48:24.452, 0, 96 %, 8 %, 35279 MiB, 81.39 W
2026/09/11 15:48:24.452, 1, 96 %, 5 %, 35279 MiB, 75.48 W
2026/09/11 15:48:24.452, 2, 92 %, 3 %, 35278 MiB, 78.01 W
2026/09/11 15:48:29.452, 0, 96 %, 3 %, 35279 MiB, 80.20 W
2026/09/11 15:48:29.453, 1, 96 %, 6 %, 35279 MiB, 76.54 W
2026/09/11 15:48:29.453, 2, 97 %, 3 %, 35278 MiB, 80.92 W
2026/09/11 15:48:34.453, 0, 97 %, 6 %, 35279 MiB, 82.40 W
2026/09/11 15:48:34.453, 1, 93 %, 5 %, 35279 MiB, 75.35 W
2026/09/11 15:48:34.453, 2, 98 %, 5 %, 35278 MiB, 77.97 W
2026/09/11 15:48:39.453, 0, 94 %, 5 %, 35279 MiB, 78.46 W
2026/09/11 15:48:39.454, 1, 94 %, 5 %, 35279 MiB, 77.71 W
2026/09/11 15:48:39.454, 2, 99 %, 5 %, 35278 MiB, 76.09 W
2026/09/11 15:48:44.454, 0, 96 %, 6 %, 35279 MiB, 98.63 W
2026/09/11 15:48:44.454, 1, 97 %, 8 %, 35279 MiB, 89.07 W
2026/09/11 15:48:44.454, 2, 97 %, 5 %, 35278 MiB, 78.87 W
2026/09/11 15:48:49.455, 0, 94 %, 3 %, 35279 MiB, 81.97 W
2026/09/11 15:48:49.455, 1, 95 %, 3 %, 35279 MiB, 76.45 W
2026/09/11 15:48:49.455, 2, 93 %, 6 %, 35278 MiB, 76.38 W
2026/09/11 15:48:54.456, 0, 97 %, 5 %, 35279 MiB, 76.98 W
2026/09/11 15:48:54.456, 1, 93 %, 3 %, 35279 MiB, 78.58 W
2026/09/11 15:48:54.456, 2, 94 %, 6 %, 35278 MiB, 79.75 W
2026/09/11 15:48:59.456, 0, 96 %, 8 %, 35279 MiB, 77.02 W
2026/09/11 15:48:59.456, 1, 94 %, 5 %, 35279 MiB, 76.73 W
2026/09/11 15:48:59.456, 2, 92 %, 3 %, 35278 MiB, 80.37 W
2026/09/11 15:49:04.457, 0, 75 %, 4 %, 35279 MiB, 76.49 W
2026/09/11 15:49:04.457, 1, 0 %, 0 %, 35279 MiB, 55.57 W
2026/09/11 15:49:04.458, 2, 33 %, 1 %, 35278 MiB, 66.06 W
2026/09/11 15:49:09.458, 0, 0 %, 0 %, 35279 MiB, 37.13 W
2026/09/11 15:49:09.458, 1, 0 %, 0 %, 35279 MiB, 36.49 W
2026/09/11 15:49:09.459, 2, 0 %, 0 %, 35278 MiB, 37.36 W
2026/09/11 15:49:14.460, 0, 0 %, 0 %, 35279 MiB, 37.11 W
2026/09/11 15:49:14.460, 1, 0 %, 0 %, 35279 MiB, 36.29 W
2026/09/11 15:49:14.460, 2, 0 %, 0 %, 35278 MiB, 37.36 W
2026/09/11 15:49:19.461, 0, 0 %, 0 %, 35279 MiB, 36.62 W
2026/09/11 15:49:19.461, 1, 0 %, 0 %, 35279 MiB, 36.20 W
2026/09/11 15:49:19.462, 2, 0 %, 0 %, 35278 MiB, 37.07 W
2026/09/11 15:49:24.462, 0, 78 %, 1 %, 35279 MiB, 56.76 W
2026/09/11 15:49:24.462, 1, 0 %, 0 %, 35279 MiB, 36.39 W
2026/09/11 15:49:24.463, 2, 20 %, 1 %, 35278 MiB, 37.56 W
2026/09/11 15:49:29.464, 0, 0 %, 0 %, 35279 MiB, 36.43 W
2026/09/11 15:49:29.464, 1, 0 %, 0 %, 35279 MiB, 36.10 W
2026/09/11 15:49:29.464, 2, 0 %, 0 %, 35278 MiB, 36.87 W
2026/09/11 15:49:34.466, 0, 0 %, 0 %, 35279 MiB, 56.67 W
2026/09/11 15:49:34.466, 1, 6 %, 0 %, 35279 MiB, 37.68 W
2026/09/11 15:49:34.466, 2, 0 %, 0 %, 35278 MiB, 46.45 W
2026/09/11 15:49:39.468, 0, 0 %, 0 %, 35279 MiB, 36.33 W
2026/09/11 15:49:39.468, 1, 0 %, 0 %, 35279 MiB, 36.11 W
2026/09/11 15:49:39.468, 2, 0 %, 0 %, 35278 MiB, 36.76 W
2026/09/11 15:49:44.469, 0, 0 %, 0 %, 35279 MiB, 36.34 W
2026/09/11 15:49:44.469, 1, 0 %, 0 %, 35279 MiB, 36.11 W
2026/09/11 15:49:44.470, 2, 0 %, 0 %, 35278 MiB, 36.77 W
2026/09/11 15:49:49.471, 0, 0 %, 0 %, 35279 MiB, 36.24 W
2026/09/11 15:49:49.471, 1, 0 %, 0 %, 35279 MiB, 36.01 W
2026/09/11 15:49:49.471, 2, 0 %, 0 %, 35278 MiB, 43.40 W
2026/09/11 15:49:54.478, 0, 0 %, 0 %, 35279 MiB, 36.43 W
2026/09/11 15:49:54.478, 1, 0 %, 0 %, 35279 MiB, 35.90 W
2026/09/11 15:49:54.478, 2, 0 %, 0 %, 35278 MiB, 36.77 W
2026/09/11 15:49:59.479, 0, 8 %, 0 %, 35279 MiB, 36.82 W
2026/09/11 15:49:59.479, 1, 0 %, 0 %, 35279 MiB, 35.91 W
2026/09/11 15:49:59.479, 2, 8 %, 0 %, 35278 MiB, 36.66 W
2026/09/11 15:50:04.480, 0, 0 %, 0 %, 35279 MiB, 36.15 W
2026/09/11 15:50:04.481, 1, 0 %, 0 %, 35279 MiB, 35.81 W
2026/09/11 15:50:04.481, 2, 0 %, 0 %, 35278 MiB, 36.57 W
2026/09/11 15:50:09.482, 0, 1 %, 0 %, 35279 MiB, 36.14 W
2026/09/11 15:50:09.482, 1, 0 %, 0 %, 35279 MiB, 35.82 W
2026/09/11 15:50:09.482, 2, 0 %, 0 %, 35278 MiB, 36.66 W
2026/09/11 15:50:14.484, 0, 10 %, 0 %, 35279 MiB, 36.72 W
2026/09/11 15:50:14.484, 1, 10 %, 0 %, 35279 MiB, 35.71 W
2026/09/11 15:50:14.484, 2, 6 %, 0 %, 35278 MiB, 36.66 W
2026/09/11 15:50:19.484, 0, 10 %, 0 %, 35279 MiB, 38.11 W
2026/09/11 15:50:19.485, 1, 10 %, 0 %, 35279 MiB, 37.70 W
2026/09/11 15:50:19.485, 2, 6 %, 0 %, 35278 MiB, 36.57 W
2026/09/11 15:50:24.485, 0, 10 %, 0 %, 35279 MiB, 36.13 W
2026/09/11 15:50:24.485, 1, 6 %, 0 %, 35279 MiB, 35.81 W
2026/09/11 15:50:24.485, 2, 4 %, 0 %, 35278 MiB, 36.57 W
2026/09/11 15:50:29.487, 0, 9 %, 0 %, 35279 MiB, 38.00 W
2026/09/11 15:50:29.487, 1, 8 %, 0 %, 35279 MiB, 35.91 W
2026/09/11 15:50:29.487, 2, 8 %, 0 %, 35278 MiB, 38.06 W
2026/09/11 15:50:34.494, 0, 11 %, 1 %, 35279 MiB, 37.81 W
2026/09/11 15:50:34.494, 1, 14 %, 1 %, 35279 MiB, 38.65 W
2026/09/11 15:50:34.494, 2, 2 %, 0 %, 35278 MiB, 36.66 W
2026/09/11 15:50:39.494, 0, 0 %, 0 %, 35279 MiB, 35.94 W
2026/09/11 15:50:39.494, 1, 0 %, 0 %, 35279 MiB, 36.48 W
2026/09/11 15:50:39.494, 2, 10 %, 0 %, 35278 MiB, 36.36 W
2026/09/11 15:50:44.495, 0, 0 %, 0 %, 35279 MiB, 35.96 W
2026/09/11 15:50:44.495, 1, 0 %, 0 %, 35279 MiB, 35.82 W
2026/09/11 15:50:44.495, 2, 6 %, 0 %, 35278 MiB, 36.38 W
2026/09/11 15:50:49.496, 0, 0 %, 0 %, 35279 MiB, 36.16 W
2026/09/11 15:50:49.496, 1, 0 %, 0 %, 35279 MiB, 35.82 W
2026/09/11 15:50:49.496, 2, 6 %, 0 %, 35278 MiB, 36.38 W
2026/09/11 15:50:54.496, 0, 0 %, 0 %, 35279 MiB, 36.05 W
2026/09/11 15:50:54.496, 1, 0 %, 0 %, 35279 MiB, 35.82 W
2026/09/11 15:50:54.496, 2, 6 %, 0 %, 35278 MiB, 36.78 W
2026/09/11 15:50:59.497, 0, 0 %, 0 %, 35279 MiB, 35.96 W
2026/09/11 15:50:59.497, 1, 0 %, 0 %, 35279 MiB, 35.92 W
2026/09/11 15:50:59.497, 2, 6 %, 0 %, 35278 MiB, 36.58 W
2026/09/11 15:51:04.498, 0, 0 %, 0 %, 35279 MiB, 35.96 W
2026/09/11 15:51:04.498, 1, 0 %, 0 %, 35279 MiB, 35.82 W
2026/09/11 15:51:04.498, 2, 0 %, 0 %, 35278 MiB, 36.38 W
2026/09/11 15:51:09.498, 0, 91 %, 3 %, 35279 MiB, 79.44 W
2026/09/11 15:51:09.498, 1, 95 %, 3 %, 35279 MiB, 73.88 W
2026/09/11 15:51:09.499, 2, 95 %, 6 %, 35278 MiB, 77.42 W
2026/09/11 15:51:14.499, 0, 93 %, 5 %, 35279 MiB, 82.08 W
2026/09/11 15:51:14.500, 1, 97 %, 5 %, 35279 MiB, 75.95 W
2026/09/11 15:51:14.500, 2, 95 %, 5 %, 35278 MiB, 78.58 W
2026/09/11 15:51:19.500, 0, 97 %, 5 %, 35279 MiB, 83.73 W
2026/09/11 15:51:19.500, 1, 93 %, 5 %, 35279 MiB, 76.06 W
2026/09/11 15:51:19.500, 2, 95 %, 5 %, 35278 MiB, 77.18 W
2026/09/11 15:51:24.501, 0, 92 %, 3 %, 35279 MiB, 81.79 W
2026/09/11 15:51:24.501, 1, 94 %, 3 %, 35279 MiB, 76.37 W
2026/09/11 15:51:24.501, 2, 93 %, 5 %, 35278 MiB, 76.97 W
2026/09/11 15:51:29.501, 0, 95 %, 6 %, 35279 MiB, 80.23 W
2026/09/11 15:51:29.502, 1, 95 %, 5 %, 35279 MiB, 75.53 W
2026/09/11 15:51:29.502, 2, 95 %, 5 %, 35278 MiB, 79.89 W
2026/09/11 15:51:34.503, 0, 96 %, 6 %, 35279 MiB, 81.41 W
2026/09/11 15:51:34.503, 1, 96 %, 5 %, 35279 MiB, 78.73 W
2026/09/11 15:51:34.503, 2, 96 %, 6 %, 35278 MiB, 78.89 W
2026/09/11 15:51:39.503, 0, 96 %, 5 %, 35279 MiB, 82.73 W
2026/09/11 15:51:39.504, 1, 95 %, 3 %, 35279 MiB, 77.92 W
2026/09/11 15:51:39.504, 2, 96 %, 6 %, 35278 MiB, 79.15 W
2026/09/11 15:51:44.505, 0, 95 %, 5 %, 35279 MiB, 83.21 W
2026/09/11 15:51:44.505, 1, 96 %, 6 %, 35279 MiB, 79.00 W
2026/09/11 15:51:44.505, 2, 97 %, 3 %, 35278 MiB, 80.46 W
2026/09/11 15:51:49.505, 0, 96 %, 6 %, 35279 MiB, 79.93 W
2026/09/11 15:51:49.506, 1, 96 %, 6 %, 35279 MiB, 75.77 W
2026/09/11 15:51:49.506, 2, 98 %, 5 %, 35278 MiB, 80.25 W
2026/09/11 15:51:54.506, 0, 95 %, 6 %, 35279 MiB, 85.29 W
2026/09/11 15:51:54.506, 1, 95 %, 3 %, 35279 MiB, 75.44 W
2026/09/11 15:51:54.506, 2, 92 %, 3 %, 35278 MiB, 77.98 W
2026/09/11 15:51:59.507, 0, 97 %, 5 %, 35279 MiB, 78.41 W
2026/09/11 15:51:59.508, 1, 96 %, 5 %, 35279 MiB, 75.98 W
2026/09/11 15:51:59.508, 2, 93 %, 5 %, 35278 MiB, 79.30 W
2026/09/11 15:52:04.508, 0, 94 %, 5 %, 35279 MiB, 80.29 W
2026/09/11 15:52:04.509, 1, 94 %, 3 %, 35279 MiB, 83.21 W
2026/09/11 15:52:04.509, 2, 94 %, 3 %, 35278 MiB, 79.66 W
2026/09/11 15:52:09.509, 0, 93 %, 3 %, 35279 MiB, 81.40 W
2026/09/11 15:52:09.509, 1, 94 %, 4 %, 35279 MiB, 78.76 W
2026/09/11 15:52:09.509, 2, 93 %, 3 %, 35278 MiB, 79.28 W
2026/09/11 15:52:14.510, 0, 38 %, 3 %, 35279 MiB, 67.63 W
2026/09/11 15:52:14.510, 1, 32 %, 1 %, 35279 MiB, 64.05 W
2026/09/11 15:52:14.510, 2, 74 %, 2 %, 35278 MiB, 73.78 W
2026/09/11 15:52:19.510, 0, 0 %, 0 %, 35279 MiB, 37.12 W
2026/09/11 15:52:19.511, 1, 0 %, 0 %, 35279 MiB, 36.69 W
2026/09/11 15:52:19.511, 2, 0 %, 0 %, 35278 MiB, 37.56 W
2026/09/11 15:52:24.512, 0, 0 %, 0 %, 35279 MiB, 38.61 W
2026/09/11 15:52:24.512, 1, 0 %, 0 %, 35279 MiB, 41.13 W
2026/09/11 15:52:24.512, 2, 0 %, 0 %, 35278 MiB, 41.52 W
2026/09/11 15:52:29.514, 0, 0 %, 0 %, 35279 MiB, 37.01 W
2026/09/11 15:52:29.514, 1, 0 %, 0 %, 35279 MiB, 36.39 W
2026/09/11 15:52:29.514, 2, 0 %, 0 %, 35278 MiB, 37.36 W
2026/09/11 15:52:34.516, 0, 0 %, 0 %, 35279 MiB, 36.92 W
2026/09/11 15:52:34.516, 1, 0 %, 0 %, 35279 MiB, 36.30 W
2026/09/11 15:52:34.516, 2, 0 %, 0 %, 35278 MiB, 37.26 W
2026/09/11 15:52:39.524, 0, 5 %, 0 %, 35279 MiB, 36.82 W
2026/09/11 15:52:39.524, 1, 5 %, 0 %, 35279 MiB, 36.20 W
2026/09/11 15:52:39.524, 2, 7 %, 0 %, 35278 MiB, 40.04 W
2026/09/11 15:52:44.524, 0, 0 %, 0 %, 35279 MiB, 36.43 W
2026/09/11 15:52:44.524, 1, 0 %, 0 %, 35279 MiB, 36.21 W
2026/09/11 15:52:44.525, 2, 0 %, 0 %, 35278 MiB, 36.87 W
2026/09/11 15:52:49.526, 0, 0 %, 0 %, 35279 MiB, 36.52 W
2026/09/11 15:52:49.526, 1, 0 %, 0 %, 35279 MiB, 36.11 W
2026/09/11 15:52:49.526, 2, 0 %, 0 %, 35278 MiB, 36.87 W
2026/09/11 15:52:54.528, 0, 0 %, 0 %, 35279 MiB, 36.43 W
2026/09/11 15:52:54.528, 1, 0 %, 0 %, 35279 MiB, 36.29 W
2026/09/11 15:52:54.528, 2, 0 %, 0 %, 35278 MiB, 36.77 W
2026/09/11 15:52:59.529, 0, 0 %, 0 %, 35279 MiB, 36.23 W
2026/09/11 15:52:59.529, 1, 0 %, 0 %, 35279 MiB, 36.20 W
2026/09/11 15:52:59.529, 2, 0 %, 0 %, 35278 MiB, 36.87 W
2026/09/11 15:53:04.530, 0, 0 %, 0 %, 35279 MiB, 36.44 W
2026/09/11 15:53:04.530, 1, 0 %, 0 %, 35279 MiB, 36.01 W
2026/09/11 15:53:04.531, 2, 3 %, 0 %, 35278 MiB, 36.66 W
2026/09/11 15:53:09.539, 0, 0 %, 0 %, 35279 MiB, 36.23 W
2026/09/11 15:53:09.539, 1, 0 %, 0 %, 35279 MiB, 36.01 W
2026/09/11 15:53:09.539, 2, 0 %, 0 %, 35278 MiB, 36.57 W
2026/09/11 15:53:14.540, 0, 0 %, 0 %, 35279 MiB, 36.26 W
2026/09/11 15:53:14.540, 1, 0 %, 0 %, 35279 MiB, 36.21 W
2026/09/11 15:53:14.540, 2, 0 %, 0 %, 35278 MiB, 36.79 W
2026/09/11 15:53:19.541, 0, 0 %, 0 %, 35279 MiB, 36.26 W
2026/09/11 15:53:19.541, 1, 0 %, 0 %, 35279 MiB, 35.92 W
2026/09/11 15:53:19.541, 2, 0 %, 0 %, 35278 MiB, 36.59 W
2026/09/11 15:53:24.541, 0, 8 %, 0 %, 35279 MiB, 36.43 W
2026/09/11 15:53:24.541, 1, 6 %, 0 %, 35279 MiB, 36.39 W
2026/09/11 15:53:24.542, 2, 12 %, 0 %, 35278 MiB, 37.95 W
2026/09/11 15:53:29.542, 0, 6 %, 0 %, 35279 MiB, 36.23 W
2026/09/11 15:53:29.542, 1, 6 %, 0 %, 35279 MiB, 35.90 W
2026/09/11 15:53:29.543, 2, 10 %, 0 %, 35278 MiB, 36.68 W
2026/09/11 15:53:34.543, 0, 6 %, 0 %, 35279 MiB, 36.13 W
2026/09/11 15:53:34.544, 1, 6 %, 0 %, 35279 MiB, 36.70 W
2026/09/11 15:53:34.544, 2, 10 %, 0 %, 35278 MiB, 37.26 W
2026/09/11 15:53:39.545, 0, 10 %, 0 %, 35279 MiB, 39.20 W
2026/09/11 15:53:39.545, 1, 8 %, 0 %, 35279 MiB, 35.91 W
2026/09/11 15:53:39.545, 2, 10 %, 0 %, 35278 MiB, 36.57 W
2026/09/11 15:53:44.547, 0, 10 %, 0 %, 35279 MiB, 37.03 W
2026/09/11 15:53:44.547, 1, 4 %, 0 %, 35279 MiB, 35.81 W
2026/09/11 15:53:44.547, 2, 11 %, 0 %, 35278 MiB, 39.54 W
2026/09/11 15:53:49.549, 0, 2 %, 0 %, 35279 MiB, 36.05 W
2026/09/11 15:53:49.549, 1, 13 %, 1 %, 35279 MiB, 35.92 W
2026/09/11 15:53:49.549, 2, 30 %, 12 %, 35278 MiB, 36.57 W
2026/09/11 15:53:54.550, 0, 2 %, 0 %, 35279 MiB, 35.86 W
2026/09/11 15:53:54.550, 1, 0 %, 0 %, 35279 MiB, 36.01 W
2026/09/11 15:53:54.550, 2, 0 %, 0 %, 35278 MiB, 36.37 W
2026/09/11 15:53:59.550, 0, 2 %, 0 %, 35279 MiB, 36.15 W
2026/09/11 15:53:59.550, 1, 0 %, 0 %, 35279 MiB, 35.72 W
2026/09/11 15:53:59.551, 2, 0 %, 0 %, 35278 MiB, 36.27 W
2026/09/11 15:54:04.551, 0, 2 %, 0 %, 35279 MiB, 36.16 W
2026/09/11 15:54:04.551, 1, 0 %, 0 %, 35279 MiB, 35.62 W
2026/09/11 15:54:04.551, 2, 0 %, 0 %, 35278 MiB, 36.37 W
2026/09/11 15:54:09.551, 0, 0 %, 0 %, 35279 MiB, 43.24 W
2026/09/11 15:54:09.551, 1, 0 %, 0 %, 35279 MiB, 43.40 W
2026/09/11 15:54:09.551, 2, 0 %, 0 %, 35278 MiB, 45.87 W
2026/09/11 15:54:14.552, 0, 94 %, 5 %, 35279 MiB, 79.71 W
2026/09/11 15:54:14.552, 1, 92 %, 5 %, 35279 MiB, 78.11 W
2026/09/11 15:54:14.552, 2, 96 %, 6 %, 35278 MiB, 81.03 W
2026/09/11 15:54:19.553, 0, 94 %, 3 %, 35279 MiB, 81.89 W
2026/09/11 15:54:19.553, 1, 94 %, 5 %, 35279 MiB, 76.95 W
2026/09/11 15:54:19.553, 2, 93 %, 3 %, 35278 MiB, 75.80 W
2026/09/11 15:54:24.554, 0, 95 %, 3 %, 35279 MiB, 87.57 W
2026/09/11 15:54:24.554, 1, 94 %, 3 %, 35279 MiB, 75.99 W
2026/09/11 15:54:24.554, 2, 96 %, 6 %, 35278 MiB, 81.56 W
2026/09/11 15:54:29.554, 0, 98 %, 5 %, 35279 MiB, 79.74 W
2026/09/11 15:54:29.555, 1, 97 %, 3 %, 35279 MiB, 76.36 W
2026/09/11 15:54:29.555, 2, 96 %, 6 %, 35278 MiB, 77.12 W
2026/09/11 15:54:34.555, 0, 98 %, 3 %, 35279 MiB, 85.73 W
2026/09/11 15:54:34.555, 1, 97 %, 3 %, 35279 MiB, 79.02 W
2026/09/11 15:54:34.555, 2, 97 %, 4 %, 35278 MiB, 79.29 W
2026/09/11 15:54:39.556, 0, 96 %, 6 %, 35279 MiB, 79.45 W
2026/09/11 15:54:39.556, 1, 98 %, 6 %, 35279 MiB, 76.86 W
2026/09/11 15:54:39.556, 2, 97 %, 3 %, 35278 MiB, 81.48 W
2026/09/11 15:54:44.557, 0, 96 %, 3 %, 35279 MiB, 79.96 W
2026/09/11 15:54:44.557, 1, 93 %, 3 %, 35279 MiB, 78.09 W
2026/09/11 15:54:44.557, 2, 98 %, 3 %, 35278 MiB, 79.48 W
2026/09/11 15:54:49.557, 0, 96 %, 5 %, 35279 MiB, 81.43 W
2026/09/11 15:54:49.557, 1, 94 %, 6 %, 35279 MiB, 76.13 W
2026/09/11 15:54:49.558, 2, 94 %, 6 %, 35278 MiB, 82.59 W
2026/09/11 15:54:54.558, 0, 97 %, 6 %, 35279 MiB, 79.52 W
2026/09/11 15:54:54.558, 1, 97 %, 3 %, 35279 MiB, 77.94 W
2026/09/11 15:54:54.558, 2, 99 %, 6 %, 35278 MiB, 78.77 W
2026/09/11 15:54:59.559, 0, 95 %, 5 %, 35279 MiB, 81.31 W
2026/09/11 15:54:59.559, 1, 97 %, 6 %, 35279 MiB, 76.78 W
2026/09/11 15:54:59.559, 2, 99 %, 5 %, 35278 MiB, 102.84 W
2026/09/11 15:55:04.560, 0, 91 %, 5 %, 35279 MiB, 82.33 W
2026/09/11 15:55:04.560, 1, 98 %, 5 %, 35279 MiB, 77.42 W
2026/09/11 15:55:04.560, 2, 94 %, 6 %, 35278 MiB, 80.65 W
2026/09/11 15:55:09.560, 0, 96 %, 3 %, 35279 MiB, 79.44 W
2026/09/11 15:55:09.561, 1, 95 %, 3 %, 35279 MiB, 144.76 W
2026/09/11 15:55:09.561, 2, 97 %, 5 %, 35278 MiB, 78.87 W
2026/09/11 15:55:14.561, 0, 97 %, 3 %, 35279 MiB, 109.62 W
2026/09/11 15:55:14.561, 1, 96 %, 3 %, 35279 MiB, 76.69 W
2026/09/11 15:55:14.561, 2, 95 %, 6 %, 35278 MiB, 88.51 W
2026/09/11 15:55:19.562, 0, 0 %, 0 %, 35279 MiB, 58.12 W
2026/09/11 15:55:19.562, 1, 0 %, 0 %, 35279 MiB, 55.88 W
2026/09/11 15:55:19.562, 2, 0 %, 0 %, 35278 MiB, 57.59 W
2026/09/11 15:55:24.563, 0, 0 %, 0 %, 35279 MiB, 37.11 W
2026/09/11 15:55:24.563, 1, 0 %, 0 %, 35279 MiB, 36.80 W
2026/09/11 15:55:24.563, 2, 0 %, 0 %, 35278 MiB, 37.75 W
2026/09/11 15:55:29.565, 0, 0 %, 0 %, 35279 MiB, 37.01 W
2026/09/11 15:55:29.565, 1, 0 %, 0 %, 35279 MiB, 36.79 W
2026/09/11 15:55:29.565, 2, 0 %, 0 %, 35278 MiB, 37.46 W
2026/09/11 15:55:34.567, 0, 0 %, 0 %, 35279 MiB, 38.51 W
2026/09/11 15:55:34.567, 1, 1 %, 0 %, 35279 MiB, 39.96 W
2026/09/11 15:55:34.567, 2, 0 %, 0 %, 35278 MiB, 39.23 W
2026/09/11 15:55:39.573, 0, 0 %, 0 %, 35279 MiB, 36.93 W
2026/09/11 15:55:39.573, 1, 0 %, 0 %, 35279 MiB, 36.30 W
2026/09/11 15:55:39.573, 2, 0 %, 0 %, 35278 MiB, 37.17 W
2026/09/11 15:55:44.575, 0, 0 %, 0 %, 35279 MiB, 36.82 W
2026/09/11 15:55:44.575, 1, 0 %, 0 %, 35279 MiB, 36.20 W
2026/09/11 15:55:44.575, 2, 0 %, 0 %, 35278 MiB, 37.17 W
2026/09/11 15:55:49.577, 0, 0 %, 0 %, 35279 MiB, 36.62 W
2026/09/11 15:55:49.577, 1, 4 %, 0 %, 35279 MiB, 36.29 W
2026/09/11 15:55:49.577, 2, 5 %, 0 %, 35278 MiB, 36.97 W
2026/09/11 15:55:54.582, 0, 0 %, 0 %, 35279 MiB, 36.52 W
2026/09/11 15:55:54.582, 1, 0 %, 0 %, 35279 MiB, 36.10 W
2026/09/11 15:55:54.582, 2, 0 %, 0 %, 35278 MiB, 36.97 W
2026/09/11 15:55:59.584, 0, 0 %, 0 %, 35279 MiB, 36.53 W
2026/09/11 15:55:59.584, 1, 0 %, 0 %, 35279 MiB, 36.10 W
2026/09/11 15:55:59.584, 2, 0 %, 0 %, 35278 MiB, 36.77 W
2026/09/11 15:56:04.585, 0, 0 %, 0 %, 35279 MiB, 38.09 W
2026/09/11 15:56:04.585, 1, 6 %, 0 %, 35279 MiB, 36.09 W
2026/09/11 15:56:04.586, 2, 0 %, 0 %, 35278 MiB, 56.24 W
2026/09/11 15:56:09.586, 0, 0 %, 0 %, 35279 MiB, 36.33 W
2026/09/11 15:56:09.587, 1, 0 %, 0 %, 35279 MiB, 36.00 W
2026/09/11 15:56:09.587, 2, 0 %, 0 %, 35278 MiB, 36.77 W
2026/09/11 15:56:14.587, 0, 0 %, 0 %, 35279 MiB, 36.34 W
2026/09/11 15:56:14.587, 1, 0 %, 0 %, 35279 MiB, 35.92 W
2026/09/11 15:56:14.587, 2, 0 %, 0 %, 35278 MiB, 36.78 W
2026/09/11 15:56:19.588, 0, 0 %, 0 %, 35279 MiB, 36.26 W
2026/09/11 15:56:19.588, 1, 3 %, 0 %, 35279 MiB, 35.92 W
2026/09/11 15:56:19.588, 2, 0 %, 0 %, 35278 MiB, 36.78 W
2026/09/11 15:56:24.589, 0, 6 %, 0 %, 35279 MiB, 38.41 W
2026/09/11 15:56:24.589, 1, 6 %, 0 %, 35279 MiB, 36.00 W
2026/09/11 15:56:24.589, 2, 7 %, 0 %, 35278 MiB, 36.66 W
2026/09/11 15:56:29.590, 0, 10 %, 0 %, 35279 MiB, 36.72 W
2026/09/11 15:56:29.590, 1, 4 %, 0 %, 35279 MiB, 36.20 W
2026/09/11 15:56:29.591, 2, 4 %, 0 %, 35278 MiB, 37.07 W
2026/09/11 15:56:34.591, 0, 10 %, 0 %, 35279 MiB, 36.23 W
2026/09/11 15:56:34.592, 1, 2 %, 0 %, 35279 MiB, 36.01 W
2026/09/11 15:56:34.592, 2, 4 %, 0 %, 35278 MiB, 36.57 W
2026/09/11 15:56:39.592, 0, 10 %, 0 %, 35279 MiB, 36.33 W
2026/09/11 15:56:39.593, 1, 7 %, 0 %, 35279 MiB, 36.79 W
2026/09/11 15:56:39.593, 2, 6 %, 0 %, 35278 MiB, 36.77 W
2026/09/11 15:56:44.594, 0, 4 %, 0 %, 35279 MiB, 36.04 W
2026/09/11 15:56:44.594, 1, 0 %, 0 %, 35279 MiB, 37.10 W
2026/09/11 15:56:44.594, 2, 4 %, 0 %, 35278 MiB, 36.77 W
2026/09/11 15:56:49.595, 0, 4 %, 0 %, 35279 MiB, 36.13 W
2026/09/11 15:56:49.596, 1, 2 %, 0 %, 35279 MiB, 36.19 W
2026/09/11 15:56:49.596, 2, 3 %, 0 %, 35278 MiB, 36.56 W
2026/09/11 15:56:54.596, 0, 4 %, 0 %, 35279 MiB, 36.35 W
2026/09/11 15:56:54.596, 1, 2 %, 0 %, 35279 MiB, 36.01 W
2026/09/11 15:56:54.596, 2, 0 %, 0 %, 35278 MiB, 36.57 W
2026/09/11 15:56:59.597, 0, 4 %, 0 %, 35279 MiB, 36.26 W
2026/09/11 15:56:59.597, 1, 2 %, 0 %, 35279 MiB, 36.21 W
2026/09/11 15:56:59.597, 2, 0 %, 0 %, 35278 MiB, 36.58 W
2026/09/11 15:57:04.597, 0, 4 %, 0 %, 35279 MiB, 36.35 W
2026/09/11 15:57:04.597, 1, 0 %, 0 %, 35279 MiB, 36.01 W
2026/09/11 15:57:04.598, 2, 0 %, 0 %, 35278 MiB, 36.58 W
2026/09/11 15:57:09.598, 0, 0 %, 0 %, 35279 MiB, 36.06 W
2026/09/11 15:57:09.598, 1, 0 %, 0 %, 35279 MiB, 36.11 W
2026/09/11 15:57:09.598, 2, 0 %, 0 %, 35278 MiB, 36.38 W
2026/09/11 15:57:14.598, 0, 96 %, 3 %, 35279 MiB, 81.01 W
2026/09/11 15:57:14.599, 1, 97 %, 5 %, 35279 MiB, 78.22 W
2026/09/11 15:57:14.599, 2, 94 %, 3 %, 35278 MiB, 79.87 W
2026/09/11 15:57:19.599, 0, 95 %, 3 %, 35279 MiB, 82.12 W
2026/09/11 15:57:19.599, 1, 95 %, 5 %, 35279 MiB, 75.64 W
2026/09/11 15:57:19.600, 2, 95 %, 5 %, 35278 MiB, 77.80 W
2026/09/11 15:57:24.606, 0, 95 %, 5 %, 35279 MiB, 81.89 W
2026/09/11 15:57:24.606, 1, 93 %, 3 %, 35279 MiB, 78.72 W
2026/09/11 15:57:24.606, 2, 97 %, 5 %, 35278 MiB, 83.15 W
2026/09/11 15:57:29.607, 0, 92 %, 3 %, 35279 MiB, 79.96 W
2026/09/11 15:57:29.607, 1, 96 %, 6 %, 35279 MiB, 77.00 W
2026/09/11 15:57:29.607, 2, 97 %, 5 %, 35278 MiB, 80.02 W
2026/09/11 15:57:34.607, 0, 95 %, 6 %, 35279 MiB, 84.35 W
2026/09/11 15:57:34.608, 1, 93 %, 5 %, 35279 MiB, 77.61 W
2026/09/11 15:57:34.608, 2, 97 %, 5 %, 35278 MiB, 82.24 W
2026/09/11 15:57:39.608, 0, 94 %, 5 %, 35279 MiB, 84.90 W
2026/09/11 15:57:39.608, 1, 97 %, 5 %, 35279 MiB, 78.14 W
2026/09/11 15:57:39.609, 2, 96 %, 5 %, 35278 MiB, 82.27 W
2026/09/11 15:57:44.609, 0, 96 %, 5 %, 35279 MiB, 80.32 W
2026/09/11 15:57:44.609, 1, 93 %, 5 %, 35279 MiB, 77.55 W
2026/09/11 15:57:44.609, 2, 96 %, 5 %, 35278 MiB, 80.12 W
2026/09/11 15:57:49.610, 0, 95 %, 3 %, 35279 MiB, 80.66 W
2026/09/11 15:57:49.610, 1, 95 %, 3 %, 35279 MiB, 78.04 W
2026/09/11 15:57:49.610, 2, 94 %, 3 %, 35278 MiB, 78.00 W
2026/09/11 15:57:54.610, 0, 96 %, 5 %, 35279 MiB, 81.08 W
2026/09/11 15:57:54.611, 1, 89 %, 3 %, 35279 MiB, 77.48 W
2026/09/11 15:57:54.611, 2, 94 %, 3 %, 35278 MiB, 81.51 W
2026/09/11 15:57:59.612, 0, 95 %, 5 %, 35279 MiB, 79.88 W
2026/09/11 15:57:59.612, 1, 94 %, 3 %, 35279 MiB, 78.11 W
2026/09/11 15:57:59.612, 2, 94 %, 3 %, 35278 MiB, 79.49 W
2026/09/11 15:58:04.613, 0, 97 %, 5 %, 35279 MiB, 81.32 W
2026/09/11 15:58:04.613, 1, 97 %, 5 %, 35279 MiB, 75.67 W
2026/09/11 15:58:04.613, 2, 98 %, 6 %, 35278 MiB, 92.06 W
2026/09/11 15:58:09.614, 0, 96 %, 5 %, 35279 MiB, 80.75 W
2026/09/11 15:58:09.614, 1, 96 %, 6 %, 35279 MiB, 78.70 W
2026/09/11 15:58:09.614, 2, 96 %, 6 %, 35278 MiB, 82.46 W
2026/09/11 15:58:14.615, 0, 95 %, 6 %, 35279 MiB, 92.87 W
2026/09/11 15:58:14.615, 1, 97 %, 3 %, 35279 MiB, 76.17 W
2026/09/11 15:58:14.615, 2, 95 %, 5 %, 35278 MiB, 80.04 W
2026/09/11 15:58:19.615, 0, 98 %, 5 %, 35279 MiB, 80.23 W
2026/09/11 15:58:19.616, 1, 96 %, 3 %, 35279 MiB, 76.67 W
2026/09/11 15:58:19.616, 2, 95 %, 5 %, 35278 MiB, 80.45 W
2026/09/11 15:58:24.616, 0, 95 %, 5 %, 35279 MiB, 79.75 W
2026/09/11 15:58:24.616, 1, 95 %, 5 %, 35279 MiB, 79.12 W
2026/09/11 15:58:24.616, 2, 93 %, 3 %, 35278 MiB, 114.75 W
2026/09/11 15:58:29.617, 0, 95 %, 5 %, 35279 MiB, 82.59 W
2026/09/11 15:58:29.617, 1, 94 %, 5 %, 35279 MiB, 78.53 W
2026/09/11 15:58:29.617, 2, 95 %, 3 %, 35278 MiB, 81.61 W
2026/09/11 15:58:34.618, 0, 95 %, 3 %, 35279 MiB, 81.60 W
2026/09/11 15:58:34.618, 1, 94 %, 3 %, 35279 MiB, 76.83 W
2026/09/11 15:58:34.618, 2, 99 %, 3 %, 35278 MiB, 81.06 W
2026/09/11 15:58:39.618, 0, 96 %, 5 %, 35279 MiB, 80.75 W
2026/09/11 15:58:39.619, 1, 94 %, 3 %, 35279 MiB, 78.94 W
2026/09/11 15:58:39.619, 2, 93 %, 3 %, 35278 MiB, 82.73 W
2026/09/11 15:58:44.619, 0, 97 %, 5 %, 35279 MiB, 97.28 W
2026/09/11 15:58:44.619, 1, 94 %, 6 %, 35279 MiB, 77.73 W
2026/09/11 15:58:44.619, 2, 97 %, 5 %, 35278 MiB, 83.42 W
2026/09/11 15:58:49.620, 0, 35 %, 1 %, 35279 MiB, 48.77 W
2026/09/11 15:58:49.620, 1, 37 %, 1 %, 35279 MiB, 49.79 W
2026/09/11 15:58:49.620, 2, 34 %, 1 %, 35278 MiB, 58.32 W
2026/09/11 15:58:54.621, 0, 0 %, 0 %, 35279 MiB, 37.51 W
2026/09/11 15:58:54.621, 1, 0 %, 0 %, 35279 MiB, 36.99 W
2026/09/11 15:58:54.621, 2, 0 %, 0 %, 35278 MiB, 37.85 W
2026/09/11 15:58:59.622, 0, 0 %, 0 %, 35279 MiB, 37.31 W
2026/09/11 15:58:59.622, 1, 0 %, 0 %, 35279 MiB, 54.02 W
2026/09/11 15:58:59.622, 2, 0 %, 0 %, 35278 MiB, 57.81 W
2026/09/11 15:59:04.623, 0, 0 %, 0 %, 35279 MiB, 37.12 W
2026/09/11 15:59:04.624, 1, 0 %, 0 %, 35279 MiB, 36.70 W
2026/09/11 15:59:04.624, 2, 0 %, 0 %, 35278 MiB, 37.56 W
2026/09/11 15:59:09.625, 0, 0 %, 0 %, 35279 MiB, 37.22 W
2026/09/11 15:59:09.625, 1, 0 %, 0 %, 35279 MiB, 36.49 W
2026/09/11 15:59:09.625, 2, 0 %, 0 %, 35278 MiB, 37.46 W
2026/09/11 15:59:14.628, 0, 0 %, 0 %, 35279 MiB, 36.92 W
2026/09/11 15:59:14.628, 1, 5 %, 0 %, 35279 MiB, 36.49 W
2026/09/11 15:59:14.628, 2, 0 %, 0 %, 35278 MiB, 37.46 W
2026/09/11 15:59:19.629, 0, 0 %, 0 %, 35279 MiB, 36.92 W
2026/09/11 15:59:19.629, 1, 0 %, 0 %, 35279 MiB, 37.38 W
2026/09/11 15:59:19.629, 2, 0 %, 0 %, 35278 MiB, 37.17 W
2026/09/11 15:59:24.629, 0, 0 %, 0 %, 35279 MiB, 36.52 W
2026/09/11 15:59:24.630, 1, 0 %, 0 %, 35279 MiB, 36.29 W
2026/09/11 15:59:24.630, 2, 0 %, 0 %, 35278 MiB, 37.17 W
2026/09/11 15:59:29.631, 0, 0 %, 0 %, 35279 MiB, 36.82 W
2026/09/11 15:59:29.631, 1, 0 %, 0 %, 35279 MiB, 36.21 W
2026/09/11 15:59:29.631, 2, 0 %, 0 %, 35278 MiB, 37.17 W
2026/09/11 15:59:34.632, 0, 0 %, 0 %, 35279 MiB, 36.43 W
2026/09/11 15:59:34.632, 1, 43 %, 1 %, 35279 MiB, 38.76 W
2026/09/11 15:59:34.632, 2, 0 %, 0 %, 35278 MiB, 36.87 W
2026/09/11 15:59:39.634, 0, 0 %, 0 %, 35279 MiB, 36.43 W
2026/09/11 15:59:39.634, 1, 0 %, 0 %, 35279 MiB, 36.40 W
2026/09/11 15:59:39.634, 2, 0 %, 0 %, 35278 MiB, 36.77 W
2026/09/11 15:59:44.635, 0, 0 %, 0 %, 35279 MiB, 36.33 W
2026/09/11 15:59:44.635, 1, 0 %, 0 %, 35279 MiB, 36.11 W
2026/09/11 15:59:44.635, 2, 6 %, 0 %, 35278 MiB, 36.87 W
2026/09/11 15:59:49.636, 0, 0 %, 0 %, 35279 MiB, 36.52 W
2026/09/11 15:59:49.636, 1, 1 %, 0 %, 35279 MiB, 41.34 W
2026/09/11 15:59:49.636, 2, 0 %, 0 %, 35278 MiB, 36.77 W
2026/09/11 15:59:54.637, 0, 0 %, 0 %, 35279 MiB, 36.34 W
2026/09/11 15:59:54.638, 1, 0 %, 0 %, 35279 MiB, 36.41 W
2026/09/11 15:59:54.638, 2, 0 %, 0 %, 35278 MiB, 36.66 W
2026/09/11 15:59:59.639, 0, 6 %, 0 %, 35279 MiB, 36.33 W
2026/09/11 15:59:59.639, 1, 7 %, 0 %, 35279 MiB, 36.19 W
2026/09/11 15:59:59.639, 2, 0 %, 0 %, 35278 MiB, 36.68 W
2026/09/11 16:00:04.640, 0, 8 %, 0 %, 35279 MiB, 36.72 W
2026/09/11 16:00:04.641, 1, 6 %, 0 %, 35279 MiB, 35.90 W
2026/09/11 16:00:04.641, 2, 4 %, 0 %, 35278 MiB, 36.97 W
2026/09/11 16:00:09.642, 0, 8 %, 0 %, 35279 MiB, 38.10 W
2026/09/11 16:00:09.642, 1, 5 %, 0 %, 35279 MiB, 35.71 W
2026/09/11 16:00:09.642, 2, 4 %, 0 %, 35278 MiB, 39.03 W
2026/09/11 16:00:14.643, 0, 6 %, 0 %, 35279 MiB, 38.20 W
2026/09/11 16:00:14.643, 1, 6 %, 0 %, 35279 MiB, 35.90 W
2026/09/11 16:00:14.643, 2, 6 %, 0 %, 35278 MiB, 36.66 W
2026/09/11 16:00:19.646, 0, 6 %, 0 %, 35279 MiB, 36.23 W
2026/09/11 16:00:19.646, 1, 8 %, 0 %, 35279 MiB, 36.20 W
2026/09/11 16:00:19.646, 2, 2 %, 0 %, 35278 MiB, 38.84 W
2026/09/11 16:00:24.648, 0, 11 %, 1 %, 35279 MiB, 36.33 W
2026/09/11 16:00:24.648, 1, 12 %, 1 %, 35279 MiB, 35.71 W
2026/09/11 16:00:24.648, 2, 8 %, 0 %, 35278 MiB, 36.77 W
2026/09/11 16:00:29.650, 0, 2 %, 0 %, 35279 MiB, 36.15 W
2026/09/11 16:00:29.650, 1, 2 %, 0 %, 35279 MiB, 35.92 W
2026/09/11 16:00:29.650, 2, 8 %, 0 %, 35278 MiB, 36.47 W
2026/09/11 16:00:34.652, 0, 2 %, 0 %, 35279 MiB, 35.96 W
2026/09/11 16:00:34.652, 1, 2 %, 0 %, 35279 MiB, 35.72 W
2026/09/11 16:00:34.652, 2, 8 %, 0 %, 35278 MiB, 36.38 W
2026/09/11 16:00:39.653, 0, 2 %, 0 %, 35279 MiB, 36.06 W
2026/09/11 16:00:39.654, 1, 0 %, 0 %, 35279 MiB, 36.91 W
2026/09/11 16:00:39.654, 2, 0 %, 0 %, 35278 MiB, 36.58 W
2026/09/11 16:00:44.654, 0, 0 %, 0 %, 35279 MiB, 36.06 W
2026/09/11 16:00:44.654, 1, 0 %, 0 %, 35279 MiB, 35.92 W
2026/09/11 16:00:44.654, 2, 3 %, 0 %, 35278 MiB, 36.38 W
2026/09/11 16:00:49.655, 0, 0 %, 0 %, 35279 MiB, 36.16 W
2026/09/11 16:00:49.655, 1, 0 %, 0 %, 35279 MiB, 35.72 W
2026/09/11 16:00:49.655, 2, 8 %, 0 %, 35278 MiB, 36.37 W
2026/09/11 16:00:54.655, 0, 0 %, 0 %, 35279 MiB, 36.16 W
2026/09/11 16:00:54.656, 1, 0 %, 0 %, 35279 MiB, 35.72 W
2026/09/11 16:00:54.656, 2, 1 %, 0 %, 35278 MiB, 36.28 W
2026/09/11 16:00:59.656, 0, 0 %, 0 %, 35279 MiB, 36.16 W
2026/09/11 16:00:59.656, 1, 0 %, 0 %, 35279 MiB, 35.82 W
2026/09/11 16:00:59.656, 2, 0 %, 0 %, 35278 MiB, 36.38 W
2026/09/11 16:01:04.657, 0, 95 %, 3 %, 35279 MiB, 80.83 W
2026/09/11 16:01:04.657, 1, 95 %, 3 %, 35279 MiB, 77.15 W
2026/09/11 16:01:04.657, 2, 97 %, 3 %, 35278 MiB, 77.98 W
2026/09/11 16:01:09.658, 0, 97 %, 6 %, 35279 MiB, 83.96 W
2026/09/11 16:01:09.658, 1, 92 %, 3 %, 35279 MiB, 79.19 W
2026/09/11 16:01:09.658, 2, 95 %, 6 %, 35278 MiB, 75.91 W
2026/09/11 16:01:14.659, 0, 95 %, 3 %, 35279 MiB, 82.53 W
2026/09/11 16:01:14.659, 1, 97 %, 5 %, 35279 MiB, 79.18 W
2026/09/11 16:01:14.659, 2, 97 %, 3 %, 35278 MiB, 81.21 W
2026/09/11 16:01:19.660, 0, 93 %, 5 %, 35279 MiB, 85.49 W
2026/09/11 16:01:19.660, 1, 96 %, 3 %, 35279 MiB, 77.21 W
2026/09/11 16:01:19.660, 2, 97 %, 3 %, 35278 MiB, 79.37 W
2026/09/11 16:01:24.663, 0, 95 %, 3 %, 35279 MiB, 82.89 W
2026/09/11 16:01:24.663, 1, 94 %, 3 %, 35279 MiB, 79.37 W
2026/09/11 16:01:24.663, 2, 97 %, 3 %, 35278 MiB, 92.27 W
2026/09/11 16:01:29.663, 0, 96 %, 3 %, 35279 MiB, 83.22 W
2026/09/11 16:01:29.664, 1, 93 %, 3 %, 35279 MiB, 77.15 W
2026/09/11 16:01:29.664, 2, 95 %, 3 %, 35278 MiB, 79.16 W
2026/09/11 16:01:34.664, 0, 97 %, 5 %, 35279 MiB, 79.57 W
2026/09/11 16:01:34.665, 1, 94 %, 3 %, 35279 MiB, 79.78 W
2026/09/11 16:01:34.665, 2, 94 %, 5 %, 35278 MiB, 80.76 W
2026/09/11 16:01:39.665, 0, 98 %, 5 %, 35279 MiB, 83.39 W
2026/09/11 16:01:39.665, 1, 94 %, 5 %, 35279 MiB, 78.00 W
2026/09/11 16:01:39.666, 2, 97 %, 3 %, 35278 MiB, 79.08 W
2026/09/11 16:01:44.666, 0, 97 %, 3 %, 35279 MiB, 80.50 W
2026/09/11 16:01:44.667, 1, 93 %, 3 %, 35279 MiB, 90.67 W
2026/09/11 16:01:44.667, 2, 94 %, 3 %, 35278 MiB, 98.94 W
2026/09/11 16:01:49.667, 0, 92 %, 3 %, 35279 MiB, 78.73 W
2026/09/11 16:01:49.667, 1, 96 %, 6 %, 35279 MiB, 76.71 W
2026/09/11 16:01:49.667, 2, 95 %, 3 %, 35278 MiB, 81.34 W
2026/09/11 16:01:54.668, 0, 95 %, 3 %, 35279 MiB, 80.21 W
2026/09/11 16:01:54.669, 1, 96 %, 3 %, 35279 MiB, 77.36 W
2026/09/11 16:01:54.669, 2, 95 %, 3 %, 35278 MiB, 79.77 W
2026/09/11 16:01:59.669, 0, 95 %, 5 %, 35279 MiB, 79.96 W
2026/09/11 16:01:59.669, 1, 92 %, 4 %, 35279 MiB, 76.73 W
2026/09/11 16:01:59.669, 2, 97 %, 3 %, 35278 MiB, 81.24 W
2026/09/11 16:02:04.670, 0, 95 %, 3 %, 35279 MiB, 80.07 W
2026/09/11 16:02:04.670, 1, 94 %, 3 %, 35279 MiB, 99.63 W
2026/09/11 16:02:04.670, 2, 95 %, 3 %, 35278 MiB, 82.89 W
2026/09/11 16:02:09.671, 0, 98 %, 3 %, 35279 MiB, 81.65 W
2026/09/11 16:02:09.671, 1, 96 %, 3 %, 35279 MiB, 77.97 W
2026/09/11 16:02:09.671, 2, 94 %, 3 %, 35278 MiB, 99.06 W
2026/09/11 16:02:14.671, 0, 95 %, 5 %, 35279 MiB, 79.67 W
2026/09/11 16:02:14.672, 1, 95 %, 3 %, 35279 MiB, 76.56 W
2026/09/11 16:02:14.672, 2, 95 %, 5 %, 35278 MiB, 113.86 W
2026/09/11 16:02:19.673, 0, 95 %, 3 %, 35279 MiB, 89.68 W
2026/09/11 16:02:19.673, 1, 92 %, 3 %, 35279 MiB, 78.79 W
2026/09/11 16:02:19.673, 2, 97 %, 6 %, 35278 MiB, 80.18 W
2026/09/11 16:02:24.673, 0, 96 %, 5 %, 35279 MiB, 80.85 W
2026/09/11 16:02:24.674, 1, 94 %, 5 %, 35279 MiB, 81.68 W
2026/09/11 16:02:24.674, 2, 94 %, 6 %, 35278 MiB, 80.67 W
2026/09/11 16:02:29.674, 0, 97 %, 3 %, 35279 MiB, 83.61 W
2026/09/11 16:02:29.674, 1, 97 %, 3 %, 35279 MiB, 77.47 W
2026/09/11 16:02:29.674, 2, 92 %, 6 %, 35278 MiB, 115.65 W
2026/09/11 16:02:34.675, 0, 97 %, 5 %, 35279 MiB, 81.64 W
2026/09/11 16:02:34.675, 1, 95 %, 3 %, 35279 MiB, 77.94 W
2026/09/11 16:02:34.675, 2, 95 %, 3 %, 35278 MiB, 81.42 W
2026/09/11 16:02:39.676, 0, 93 %, 3 %, 35279 MiB, 83.60 W
2026/09/11 16:02:39.676, 1, 95 %, 3 %, 35279 MiB, 78.08 W
2026/09/11 16:02:39.676, 2, 96 %, 5 %, 35278 MiB, 79.82 W
2026/09/11 16:02:44.676, 0, 95 %, 6 %, 35279 MiB, 81.58 W
2026/09/11 16:02:44.677, 1, 96 %, 3 %, 35279 MiB, 88.58 W
2026/09/11 16:02:44.677, 2, 94 %, 3 %, 35278 MiB, 85.07 W
2026/09/11 16:02:49.677, 0, 94 %, 6 %, 35279 MiB, 82.93 W
2026/09/11 16:02:49.677, 1, 93 %, 6 %, 35279 MiB, 98.04 W
2026/09/11 16:02:49.677, 2, 94 %, 3 %, 35278 MiB, 86.35 W
2026/09/11 16:02:54.678, 0, 73 %, 2 %, 35279 MiB, 77.04 W
2026/09/11 16:02:54.678, 1, 71 %, 4 %, 35279 MiB, 73.21 W
2026/09/11 16:02:54.678, 2, 32 %, 1 %, 35278 MiB, 67.95 W
2026/09/11 16:02:59.682, 0, 0 %, 0 %, 35279 MiB, 57.70 W
2026/09/11 16:02:59.683, 1, 0 %, 0 %, 35279 MiB, 56.26 W
2026/09/11 16:02:59.683, 2, 0 %, 0 %, 35278 MiB, 58.00 W
2026/09/11 16:03:04.684, 0, 0 %, 0 %, 35279 MiB, 37.61 W
2026/09/11 16:03:04.684, 1, 0 %, 0 %, 35279 MiB, 36.99 W
2026/09/11 16:03:04.684, 2, 0 %, 0 %, 35278 MiB, 37.75 W
2026/09/11 16:03:09.684, 0, 0 %, 0 %, 35279 MiB, 37.32 W
2026/09/11 16:03:09.684, 1, 0 %, 0 %, 35279 MiB, 36.89 W
2026/09/11 16:03:09.684, 2, 0 %, 0 %, 35278 MiB, 37.56 W
2026/09/11 16:03:14.685, 0, 0 %, 0 %, 35279 MiB, 37.21 W
2026/09/11 16:03:14.686, 1, 0 %, 0 %, 35279 MiB, 55.91 W
2026/09/11 16:03:14.686, 2, 28 %, 1 %, 35278 MiB, 37.65 W
2026/09/11 16:03:19.687, 0, 0 %, 0 %, 35279 MiB, 36.93 W
2026/09/11 16:03:19.687, 1, 0 %, 0 %, 35279 MiB, 36.70 W
2026/09/11 16:03:19.687, 2, 0 %, 0 %, 35278 MiB, 37.36 W
2026/09/11 16:03:24.689, 0, 0 %, 0 %, 35279 MiB, 37.12 W
2026/09/11 16:03:24.689, 1, 0 %, 0 %, 35279 MiB, 36.70 W
2026/09/11 16:03:24.689, 2, 0 %, 0 %, 35278 MiB, 37.17 W
2026/09/11 16:03:29.690, 0, 0 %, 0 %, 35279 MiB, 56.85 W
2026/09/11 16:03:29.691, 1, 3 %, 0 %, 35279 MiB, 36.38 W
2026/09/11 16:03:29.691, 2, 0 %, 0 %, 35278 MiB, 37.17 W
2026/09/11 16:03:34.691, 0, 0 %, 0 %, 35279 MiB, 36.82 W
2026/09/11 16:03:34.692, 1, 0 %, 0 %, 35279 MiB, 36.40 W
2026/09/11 16:03:34.692, 2, 0 %, 0 %, 35278 MiB, 37.26 W
2026/09/11 16:03:39.692, 0, 0 %, 0 %, 35279 MiB, 36.62 W
2026/09/11 16:03:39.692, 1, 0 %, 0 %, 35279 MiB, 36.30 W
2026/09/11 16:03:39.693, 2, 0 %, 0 %, 35278 MiB, 37.07 W
2026/09/11 16:03:44.693, 0, 29 %, 1 %, 35279 MiB, 40.18 W
2026/09/11 16:03:44.694, 1, 52 %, 1 %, 35279 MiB, 38.09 W
2026/09/11 16:03:44.694, 2, 0 %, 0 %, 35278 MiB, 36.97 W
2026/09/11 16:03:49.694, 0, 0 %, 0 %, 35279 MiB, 36.62 W
2026/09/11 16:03:49.695, 1, 0 %, 0 %, 35279 MiB, 36.21 W
2026/09/11 16:03:49.695, 2, 0 %, 0 %, 35278 MiB, 36.87 W
2026/09/11 16:03:54.696, 0, 0 %, 0 %, 35279 MiB, 36.43 W
2026/09/11 16:03:54.696, 1, 0 %, 0 %, 35279 MiB, 36.20 W
2026/09/11 16:03:54.696, 2, 5 %, 0 %, 35278 MiB, 36.77 W
2026/09/11 16:03:59.697, 0, 41 %, 1 %, 35279 MiB, 36.82 W
2026/09/11 16:03:59.697, 1, 0 %, 0 %, 35279 MiB, 38.37 W
2026/09/11 16:03:59.697, 2, 0 %, 0 %, 35278 MiB, 36.77 W
2026/09/11 16:04:04.698, 0, 0 %, 0 %, 35279 MiB, 36.44 W
2026/09/11 16:04:04.699, 1, 0 %, 0 %, 35279 MiB, 36.01 W
2026/09/11 16:04:04.699, 2, 0 %, 0 %, 35278 MiB, 36.57 W
2026/09/11 16:04:09.699, 0, 6 %, 0 %, 35279 MiB, 36.33 W
2026/09/11 16:04:09.700, 1, 4 %, 0 %, 35279 MiB, 36.00 W
2026/09/11 16:04:09.700, 2, 0 %, 0 %, 35278 MiB, 36.77 W
2026/09/11 16:04:14.711, 0, 8 %, 0 %, 35279 MiB, 37.03 W
2026/09/11 16:04:14.711, 1, 8 %, 0 %, 35279 MiB, 36.10 W
2026/09/11 16:04:14.711, 2, 2 %, 0 %, 35278 MiB, 36.57 W
2026/09/11 16:04:19.713, 0, 8 %, 0 %, 35279 MiB, 36.62 W
2026/09/11 16:04:19.713, 1, 6 %, 0 %, 35279 MiB, 36.29 W
2026/09/11 16:04:19.713, 2, 2 %, 0 %, 35278 MiB, 36.56 W
2026/09/11 16:04:24.714, 0, 7 %, 0 %, 35279 MiB, 36.23 W
2026/09/11 16:04:24.715, 1, 8 %, 0 %, 35279 MiB, 37.81 W
2026/09/11 16:04:24.715, 2, 4 %, 0 %, 35278 MiB, 36.57 W
2026/09/11 16:04:29.715, 0, 6 %, 0 %, 35279 MiB, 38.01 W
2026/09/11 16:04:29.715, 1, 7 %, 0 %, 35279 MiB, 36.29 W
2026/09/11 16:04:29.716, 2, 6 %, 0 %, 35278 MiB, 37.17 W
2026/09/11 16:04:34.716, 0, 0 %, 0 %, 35279 MiB, 36.23 W
2026/09/11 16:04:34.716, 1, 2 %, 0 %, 35279 MiB, 36.29 W
2026/09/11 16:04:34.717, 2, 4 %, 0 %, 35278 MiB, 36.57 W
2026/09/11 16:04:39.717, 0, 0 %, 0 %, 35279 MiB, 36.34 W
2026/09/11 16:04:39.718, 1, 4 %, 0 %, 35279 MiB, 35.72 W
2026/09/11 16:04:39.718, 2, 2 %, 0 %, 35278 MiB, 36.47 W
2026/09/11 16:04:44.718, 0, 0 %, 0 %, 35279 MiB, 36.15 W
2026/09/11 16:04:44.718, 1, 2 %, 0 %, 35279 MiB, 35.72 W
2026/09/11 16:04:44.719, 2, 2 %, 0 %, 35278 MiB, 36.66 W
2026/09/11 16:04:49.719, 0, 0 %, 0 %, 35279 MiB, 36.15 W
2026/09/11 16:04:49.719, 1, 2 %, 0 %, 35279 MiB, 35.62 W
2026/09/11 16:04:49.719, 2, 2 %, 0 %, 35278 MiB, 36.46 W
2026/09/11 16:04:54.719, 0, 0 %, 0 %, 35279 MiB, 36.16 W
2026/09/11 16:04:54.719, 1, 0 %, 0 %, 35279 MiB, 36.01 W
2026/09/11 16:04:54.720, 2, 0 %, 0 %, 35278 MiB, 36.59 W
2026/09/11 16:04:59.720, 0, 93 %, 5 %, 35279 MiB, 78.87 W
2026/09/11 16:04:59.720, 1, 96 %, 3 %, 35279 MiB, 78.88 W
2026/09/11 16:04:59.720, 2, 97 %, 5 %, 35278 MiB, 79.89 W
2026/09/11 16:05:04.722, 0, 92 %, 5 %, 35279 MiB, 80.93 W
2026/09/11 16:05:04.722, 1, 95 %, 3 %, 35279 MiB, 80.04 W
2026/09/11 16:05:04.722, 2, 92 %, 3 %, 35278 MiB, 78.38 W
2026/09/11 16:05:09.723, 0, 95 %, 3 %, 35279 MiB, 79.83 W
2026/09/11 16:05:09.723, 1, 96 %, 5 %, 35279 MiB, 78.85 W
2026/09/11 16:05:09.723, 2, 94 %, 3 %, 35278 MiB, 79.35 W
2026/09/11 16:05:14.723, 0, 96 %, 3 %, 35279 MiB, 110.23 W
2026/09/11 16:05:14.724, 1, 91 %, 3 %, 35279 MiB, 80.06 W
2026/09/11 16:05:14.724, 2, 94 %, 5 %, 35278 MiB, 81.63 W
2026/09/11 16:05:19.724, 0, 95 %, 3 %, 35279 MiB, 97.00 W
2026/09/11 16:05:19.724, 1, 94 %, 3 %, 35279 MiB, 77.80 W
2026/09/11 16:05:19.724, 2, 92 %, 5 %, 35278 MiB, 79.07 W
2026/09/11 16:05:24.725, 0, 98 %, 6 %, 35279 MiB, 78.48 W
2026/09/11 16:05:24.725, 1, 96 %, 5 %, 35279 MiB, 78.46 W
2026/09/11 16:05:24.726, 2, 95 %, 6 %, 35278 MiB, 79.88 W
2026/09/11 16:05:29.728, 0, 96 %, 3 %, 35279 MiB, 81.74 W
2026/09/11 16:05:29.728, 1, 91 %, 3 %, 35279 MiB, 127.35 W
2026/09/11 16:05:29.728, 2, 93 %, 3 %, 35278 MiB, 78.60 W
2026/09/11 16:05:34.728, 0, 93 %, 3 %, 35279 MiB, 81.23 W
2026/09/11 16:05:34.728, 1, 97 %, 3 %, 35279 MiB, 78.12 W
2026/09/11 16:05:34.728, 2, 95 %, 5 %, 35278 MiB, 80.28 W
2026/09/11 16:05:39.730, 0, 98 %, 3 %, 35279 MiB, 82.61 W
2026/09/11 16:05:39.730, 1, 97 %, 7 %, 35279 MiB, 112.34 W
2026/09/11 16:05:39.730, 2, 88 %, 3 %, 35278 MiB, 79.95 W
2026/09/11 16:05:44.731, 0, 96 %, 3 %, 35279 MiB, 82.22 W
2026/09/11 16:05:44.731, 1, 94 %, 3 %, 35279 MiB, 77.80 W
2026/09/11 16:05:44.731, 2, 94 %, 6 %, 35278 MiB, 80.45 W
2026/09/11 16:05:49.732, 0, 97 %, 6 %, 35279 MiB, 97.72 W
2026/09/11 16:05:49.732, 1, 96 %, 3 %, 35279 MiB, 76.50 W
2026/09/11 16:05:49.732, 2, 94 %, 3 %, 35278 MiB, 80.11 W
2026/09/11 16:05:54.732, 0, 97 %, 6 %, 35279 MiB, 79.63 W
2026/09/11 16:05:54.733, 1, 96 %, 4 %, 35279 MiB, 78.31 W
2026/09/11 16:05:54.733, 2, 94 %, 3 %, 35278 MiB, 88.80 W
2026/09/11 16:05:59.733, 0, 94 %, 3 %, 35279 MiB, 81.85 W
2026/09/11 16:05:59.733, 1, 96 %, 6 %, 35279 MiB, 77.53 W
2026/09/11 16:05:59.733, 2, 96 %, 5 %, 35278 MiB, 82.04 W
2026/09/11 16:06:04.734, 0, 96 %, 3 %, 35279 MiB, 80.99 W
2026/09/11 16:06:04.734, 1, 95 %, 3 %, 35279 MiB, 79.29 W
2026/09/11 16:06:04.734, 2, 94 %, 3 %, 35278 MiB, 81.02 W
2026/09/11 16:06:09.735, 0, 95 %, 5 %, 35279 MiB, 82.32 W
2026/09/11 16:06:09.736, 1, 97 %, 5 %, 35279 MiB, 79.79 W
2026/09/11 16:06:09.736, 2, 95 %, 3 %, 35278 MiB, 81.05 W
2026/09/11 16:06:14.736, 0, 96 %, 3 %, 35279 MiB, 82.20 W
2026/09/11 16:06:14.736, 1, 96 %, 3 %, 35279 MiB, 78.66 W
2026/09/11 16:06:14.737, 2, 92 %, 5 %, 35278 MiB, 79.68 W
2026/09/11 16:06:19.737, 0, 97 %, 5 %, 35279 MiB, 81.42 W
2026/09/11 16:06:19.738, 1, 96 %, 5 %, 35279 MiB, 78.49 W
2026/09/11 16:06:19.738, 2, 95 %, 5 %, 35278 MiB, 121.46 W
2026/09/11 16:06:24.738, 0, 93 %, 3 %, 35279 MiB, 79.58 W
2026/09/11 16:06:24.738, 1, 95 %, 3 %, 35279 MiB, 77.58 W
2026/09/11 16:06:24.738, 2, 95 %, 5 %, 35278 MiB, 83.08 W
2026/09/11 16:06:29.739, 0, 93 %, 3 %, 35279 MiB, 80.75 W
2026/09/11 16:06:29.739, 1, 92 %, 3 %, 35279 MiB, 77.63 W
2026/09/11 16:06:29.739, 2, 93 %, 3 %, 35278 MiB, 80.97 W
2026/09/11 16:06:34.740, 0, 96 %, 3 %, 35279 MiB, 82.49 W
2026/09/11 16:06:34.740, 1, 94 %, 3 %, 35279 MiB, 77.28 W
2026/09/11 16:06:34.740, 2, 93 %, 5 %, 35278 MiB, 80.40 W
2026/09/11 16:06:39.741, 0, 97 %, 5 %, 35279 MiB, 79.18 W
2026/09/11 16:06:39.741, 1, 95 %, 5 %, 35279 MiB, 77.03 W
2026/09/11 16:06:39.741, 2, 97 %, 3 %, 35278 MiB, 81.43 W
2026/09/11 16:06:44.741, 0, 98 %, 5 %, 35279 MiB, 81.89 W
2026/09/11 16:06:44.742, 1, 97 %, 3 %, 35279 MiB, 79.10 W
2026/09/11 16:06:44.742, 2, 95 %, 3 %, 35278 MiB, 82.63 W
2026/09/11 16:06:49.742, 0, 93 %, 5 %, 35279 MiB, 82.00 W
2026/09/11 16:06:49.742, 1, 98 %, 3 %, 35279 MiB, 78.86 W
2026/09/11 16:06:49.743, 2, 96 %, 5 %, 35278 MiB, 83.42 W
2026/09/11 16:06:54.743, 0, 94 %, 3 %, 35279 MiB, 79.56 W
2026/09/11 16:06:54.743, 1, 94 %, 3 %, 35279 MiB, 79.46 W
2026/09/11 16:06:54.743, 2, 94 %, 5 %, 35278 MiB, 81.84 W
2026/09/11 16:06:59.744, 0, 96 %, 3 %, 35279 MiB, 83.89 W
2026/09/11 16:06:59.744, 1, 95 %, 5 %, 35279 MiB, 83.20 W
2026/09/11 16:06:59.744, 2, 99 %, 3 %, 35278 MiB, 83.69 W
2026/09/11 16:07:04.745, 0, 96 %, 3 %, 35279 MiB, 83.06 W
2026/09/11 16:07:04.745, 1, 93 %, 3 %, 35279 MiB, 80.91 W
2026/09/11 16:07:04.745, 2, 96 %, 5 %, 35278 MiB, 81.84 W
2026/09/11 16:07:09.746, 0, 95 %, 5 %, 35279 MiB, 83.34 W
2026/09/11 16:07:09.746, 1, 94 %, 3 %, 35279 MiB, 81.51 W
2026/09/11 16:07:09.746, 2, 96 %, 5 %, 35278 MiB, 81.73 W
2026/09/11 16:07:14.747, 0, 95 %, 5 %, 35279 MiB, 81.54 W
2026/09/11 16:07:14.747, 1, 94 %, 3 %, 35279 MiB, 74.18 W
2026/09/11 16:07:14.747, 2, 96 %, 5 %, 35278 MiB, 82.64 W
2026/09/11 16:07:19.747, 0, 0 %, 0 %, 35279 MiB, 42.74 W
2026/09/11 16:07:19.747, 1, 34 %, 1 %, 35279 MiB, 51.07 W
2026/09/11 16:07:19.747, 2, 100 %, 3 %, 35278 MiB, 82.68 W
2026/09/11 16:07:24.748, 0, 0 %, 0 %, 35279 MiB, 57.71 W
2026/09/11 16:07:24.748, 1, 0 %, 0 %, 35279 MiB, 37.18 W
2026/09/11 16:07:24.748, 2, 0 %, 0 %, 35278 MiB, 48.24 W
2026/09/11 16:07:29.749, 0, 0 %, 0 %, 35279 MiB, 37.42 W
2026/09/11 16:07:29.749, 1, 0 %, 0 %, 35279 MiB, 37.09 W
2026/09/11 16:07:29.749, 2, 0 %, 0 %, 35278 MiB, 37.95 W
2026/09/11 16:07:34.749, 0, 0 %, 0 %, 35279 MiB, 37.51 W
2026/09/11 16:07:34.750, 1, 0 %, 0 %, 35279 MiB, 36.89 W
2026/09/11 16:07:34.750, 2, 0 %, 0 %, 35278 MiB, 37.85 W
2026/09/11 16:07:39.751, 0, 0 %, 0 %, 35279 MiB, 37.12 W
2026/09/11 16:07:39.751, 1, 0 %, 0 %, 35279 MiB, 38.67 W
2026/09/11 16:07:39.751, 2, 0 %, 0 %, 35278 MiB, 37.75 W
2026/09/11 16:07:44.753, 0, 0 %, 0 %, 35279 MiB, 37.01 W
2026/09/11 16:07:44.753, 1, 0 %, 0 %, 35279 MiB, 36.70 W
2026/09/11 16:07:44.753, 2, 0 %, 0 %, 35278 MiB, 37.65 W
2026/09/11 16:07:49.754, 0, 0 %, 0 %, 35279 MiB, 36.82 W
2026/09/11 16:07:49.754, 1, 0 %, 0 %, 35279 MiB, 36.79 W
2026/09/11 16:07:49.754, 2, 0 %, 0 %, 35278 MiB, 37.36 W
2026/09/11 16:07:54.755, 0, 0 %, 0 %, 35279 MiB, 37.00 W
2026/09/11 16:07:54.755, 1, 4 %, 0 %, 35279 MiB, 40.24 W
2026/09/11 16:07:54.756, 2, 0 %, 0 %, 35278 MiB, 40.72 W
2026/09/11 16:07:59.756, 0, 0 %, 0 %, 35279 MiB, 36.72 W
2026/09/11 16:07:59.756, 1, 0 %, 0 %, 35279 MiB, 36.20 W
2026/09/11 16:07:59.756, 2, 0 %, 0 %, 35278 MiB, 37.36 W
2026/09/11 16:08:04.758, 0, 0 %, 0 %, 35279 MiB, 36.72 W
2026/09/11 16:08:04.758, 1, 0 %, 0 %, 35279 MiB, 36.20 W
2026/09/11 16:08:04.758, 2, 0 %, 0 %, 35278 MiB, 37.17 W
2026/09/11 16:08:09.764, 0, 0 %, 0 %, 35279 MiB, 53.79 W
2026/09/11 16:08:09.764, 1, 3 %, 0 %, 35279 MiB, 36.39 W
2026/09/11 16:08:09.764, 2, 0 %, 0 %, 35278 MiB, 37.17 W
2026/09/11 16:08:14.764, 0, 0 %, 0 %, 35279 MiB, 36.62 W
2026/09/11 16:08:14.765, 1, 0 %, 0 %, 35279 MiB, 36.01 W
2026/09/11 16:08:14.765, 2, 0 %, 0 %, 35278 MiB, 37.17 W
2026/09/11 16:08:19.768, 0, 0 %, 0 %, 35279 MiB, 36.43 W
2026/09/11 16:08:19.768, 1, 0 %, 0 %, 35279 MiB, 36.01 W
2026/09/11 16:08:19.768, 2, 0 %, 0 %, 35278 MiB, 36.77 W
2026/09/11 16:08:24.770, 0, 4 %, 0 %, 35279 MiB, 36.72 W
2026/09/11 16:08:24.770, 1, 2 %, 0 %, 35279 MiB, 36.29 W
2026/09/11 16:08:24.770, 2, 0 %, 0 %, 35278 MiB, 36.77 W
2026/09/11 16:08:29.772, 0, 0 %, 0 %, 35279 MiB, 36.53 W
2026/09/11 16:08:29.772, 1, 0 %, 0 %, 35279 MiB, 36.21 W
2026/09/11 16:08:29.772, 2, 0 %, 0 %, 35278 MiB, 36.67 W
2026/09/11 16:08:34.773, 0, 2 %, 0 %, 35279 MiB, 41.08 W
2026/09/11 16:08:34.774, 1, 0 %, 0 %, 35279 MiB, 36.49 W
2026/09/11 16:08:34.774, 2, 2 %, 0 %, 35278 MiB, 36.77 W
2026/09/11 16:08:39.774, 0, 6 %, 0 %, 35279 MiB, 36.64 W
2026/09/11 16:08:39.774, 1, 0 %, 0 %, 35279 MiB, 36.11 W
2026/09/11 16:08:39.774, 2, 0 %, 0 %, 35278 MiB, 38.45 W
2026/09/11 16:08:44.776, 0, 6 %, 0 %, 35279 MiB, 36.13 W
2026/09/11 16:08:44.776, 1, 4 %, 0 %, 35279 MiB, 36.01 W
2026/09/11 16:08:44.776, 2, 2 %, 0 %, 35278 MiB, 37.46 W
2026/09/11 16:08:49.778, 0, 2 %, 0 %, 35279 MiB, 36.44 W
2026/09/11 16:08:49.778, 1, 6 %, 0 %, 35279 MiB, 36.21 W
2026/09/11 16:08:49.778, 2, 12 %, 0 %, 35278 MiB, 36.87 W
2026/09/11 16:08:54.779, 0, 11 %, 0 %, 35279 MiB, 37.42 W
2026/09/11 16:08:54.780, 1, 1 %, 0 %, 35279 MiB, 35.91 W
2026/09/11 16:08:54.780, 2, 2 %, 0 %, 35278 MiB, 41.03 W
2026/09/11 16:08:59.780, 0, 8 %, 0 %, 35279 MiB, 36.14 W
2026/09/11 16:08:59.781, 1, 4 %, 0 %, 35279 MiB, 35.81 W
2026/09/11 16:08:59.781, 2, 0 %, 0 %, 35278 MiB, 36.57 W
2026/09/11 16:09:04.782, 0, 2 %, 0 %, 35279 MiB, 36.14 W
2026/09/11 16:09:04.782, 1, 4 %, 0 %, 35279 MiB, 35.81 W
2026/09/11 16:09:04.782, 2, 4 %, 0 %, 35278 MiB, 36.57 W
2026/09/11 16:09:09.784, 0, 10 %, 0 %, 35279 MiB, 38.31 W
2026/09/11 16:09:09.784, 1, 2 %, 0 %, 35279 MiB, 35.82 W
2026/09/11 16:09:09.784, 2, 0 %, 0 %, 35278 MiB, 36.77 W
2026/09/11 16:09:14.785, 0, 2 %, 0 %, 35279 MiB, 36.13 W
2026/09/11 16:09:14.786, 1, 0 %, 0 %, 35279 MiB, 35.52 W
2026/09/11 16:09:14.786, 2, 8 %, 0 %, 35278 MiB, 36.57 W
2026/09/11 16:09:19.786, 0, 2 %, 0 %, 35279 MiB, 36.54 W
2026/09/11 16:09:19.787, 1, 0 %, 0 %, 35279 MiB, 35.53 W
2026/09/11 16:09:19.787, 2, 7 %, 0 %, 35278 MiB, 36.57 W
2026/09/11 16:09:24.787, 0, 7 %, 0 %, 35279 MiB, 36.43 W
2026/09/11 16:09:24.787, 1, 0 %, 0 %, 35279 MiB, 35.71 W
2026/09/11 16:09:24.787, 2, 5 %, 0 %, 35278 MiB, 36.57 W
2026/09/11 16:09:29.787, 0, 0 %, 0 %, 35279 MiB, 36.06 W
2026/09/11 16:09:29.788, 1, 0 %, 0 %, 35279 MiB, 35.33 W
2026/09/11 16:09:29.788, 2, 0 %, 0 %, 35278 MiB, 36.37 W
2026/09/11 16:09:34.788, 0, 96 %, 5 %, 35279 MiB, 81.11 W
2026/09/11 16:09:34.789, 1, 95 %, 3 %, 35279 MiB, 80.29 W
2026/09/11 16:09:34.789, 2, 94 %, 3 %, 35278 MiB, 78.37 W
2026/09/11 16:09:39.789, 0, 96 %, 5 %, 35279 MiB, 84.54 W
2026/09/11 16:09:39.789, 1, 97 %, 3 %, 35279 MiB, 77.97 W
2026/09/11 16:09:39.790, 2, 94 %, 3 %, 35278 MiB, 77.40 W
2026/09/11 16:09:44.790, 0, 94 %, 3 %, 35279 MiB, 83.09 W
2026/09/11 16:09:44.790, 1, 93 %, 3 %, 35279 MiB, 78.19 W
2026/09/11 16:09:44.790, 2, 92 %, 3 %, 35278 MiB, 80.78 W
2026/09/11 16:09:49.791, 0, 93 %, 5 %, 35279 MiB, 83.75 W
2026/09/11 16:09:49.791, 1, 97 %, 3 %, 35279 MiB, 80.48 W
2026/09/11 16:09:49.791, 2, 95 %, 5 %, 35278 MiB, 80.54 W
2026/09/11 16:09:54.791, 0, 96 %, 5 %, 35279 MiB, 84.30 W
2026/09/11 16:09:54.792, 1, 94 %, 3 %, 35279 MiB, 80.06 W
2026/09/11 16:09:54.792, 2, 95 %, 3 %, 35278 MiB, 81.07 W
2026/09/11 16:09:59.793, 0, 97 %, 3 %, 35279 MiB, 83.03 W
2026/09/11 16:09:59.793, 1, 96 %, 6 %, 35279 MiB, 79.20 W
2026/09/11 16:09:59.793, 2, 95 %, 5 %, 35278 MiB, 80.06 W
2026/09/11 16:10:04.793, 0, 94 %, 3 %, 35279 MiB, 83.98 W
2026/09/11 16:10:04.794, 1, 93 %, 3 %, 35279 MiB, 78.46 W
2026/09/11 16:10:04.794, 2, 94 %, 3 %, 35278 MiB, 79.96 W
2026/09/11 16:10:09.795, 0, 96 %, 5 %, 35279 MiB, 82.70 W
2026/09/11 16:10:09.795, 1, 98 %, 5 %, 35279 MiB, 77.27 W
2026/09/11 16:10:09.795, 2, 88 %, 3 %, 35278 MiB, 113.56 W
2026/09/11 16:10:14.795, 0, 93 %, 5 %, 35279 MiB, 79.03 W
2026/09/11 16:10:14.796, 1, 94 %, 5 %, 35279 MiB, 78.41 W
2026/09/11 16:10:14.796, 2, 96 %, 3 %, 35278 MiB, 80.54 W
2026/09/11 16:10:19.796, 0, 96 %, 5 %, 35279 MiB, 81.41 W
2026/09/11 16:10:19.797, 1, 96 %, 3 %, 35279 MiB, 77.53 W
2026/09/11 16:10:19.797, 2, 95 %, 3 %, 35278 MiB, 82.61 W
2026/09/11 16:10:24.797, 0, 96 %, 5 %, 35279 MiB, 81.01 W
2026/09/11 16:10:24.797, 1, 96 %, 5 %, 35279 MiB, 77.99 W
2026/09/11 16:10:24.797, 2, 96 %, 5 %, 35278 MiB, 103.54 W
2026/09/11 16:10:29.798, 0, 95 %, 5 %, 35279 MiB, 83.29 W
2026/09/11 16:10:29.798, 1, 97 %, 3 %, 35279 MiB, 77.90 W
2026/09/11 16:10:29.798, 2, 94 %, 5 %, 35278 MiB, 80.16 W
2026/09/11 16:10:34.798, 0, 96 %, 5 %, 35279 MiB, 123.72 W
2026/09/11 16:10:34.799, 1, 97 %, 3 %, 35279 MiB, 77.10 W
2026/09/11 16:10:34.799, 2, 93 %, 4 %, 35278 MiB, 92.90 W
2026/09/11 16:10:39.799, 0, 95 %, 5 %, 35279 MiB, 81.01 W
2026/09/11 16:10:39.799, 1, 96 %, 5 %, 35279 MiB, 78.28 W
2026/09/11 16:10:39.799, 2, 91 %, 3 %, 35278 MiB, 81.07 W
2026/09/11 16:10:44.800, 0, 96 %, 3 %, 35279 MiB, 79.71 W
2026/09/11 16:10:44.800, 1, 96 %, 5 %, 35279 MiB, 78.28 W
2026/09/11 16:10:44.800, 2, 92 %, 3 %, 35278 MiB, 80.82 W
2026/09/11 16:10:49.800, 0, 93 %, 3 %, 35279 MiB, 80.45 W
2026/09/11 16:10:49.801, 1, 96 %, 5 %, 35279 MiB, 78.46 W
2026/09/11 16:10:49.801, 2, 94 %, 5 %, 35278 MiB, 80.04 W
2026/09/11 16:10:54.801, 0, 92 %, 5 %, 35279 MiB, 81.77 W
2026/09/11 16:10:54.802, 1, 93 %, 3 %, 35279 MiB, 79.79 W
2026/09/11 16:10:54.802, 2, 94 %, 5 %, 35278 MiB, 81.20 W
2026/09/11 16:10:59.802, 0, 97 %, 3 %, 35279 MiB, 80.73 W
2026/09/11 16:10:59.802, 1, 97 %, 3 %, 35279 MiB, 77.12 W
2026/09/11 16:10:59.802, 2, 96 %, 5 %, 35278 MiB, 81.13 W
2026/09/11 16:11:04.803, 0, 95 %, 5 %, 35279 MiB, 83.22 W
2026/09/11 16:11:04.803, 1, 97 %, 6 %, 35279 MiB, 77.89 W
2026/09/11 16:11:04.803, 2, 95 %, 3 %, 35278 MiB, 80.79 W
2026/09/11 16:11:09.804, 0, 95 %, 4 %, 35279 MiB, 95.73 W
2026/09/11 16:11:09.805, 1, 91 %, 5 %, 35279 MiB, 79.79 W
2026/09/11 16:11:09.805, 2, 96 %, 5 %, 35278 MiB, 81.92 W
2026/09/11 16:11:14.805, 0, 94 %, 5 %, 35279 MiB, 81.79 W
2026/09/11 16:11:14.805, 1, 98 %, 3 %, 35279 MiB, 76.86 W
2026/09/11 16:11:14.805, 2, 92 %, 3 %, 35278 MiB, 82.30 W
2026/09/11 16:11:19.806, 0, 95 %, 3 %, 35279 MiB, 78.85 W
2026/09/11 16:11:19.806, 1, 94 %, 3 %, 35279 MiB, 77.60 W
2026/09/11 16:11:19.806, 2, 94 %, 6 %, 35278 MiB, 78.57 W
2026/09/11 16:11:24.807, 0, 96 %, 3 %, 35279 MiB, 81.62 W
2026/09/11 16:11:24.807, 1, 94 %, 3 %, 35279 MiB, 77.82 W
2026/09/11 16:11:24.807, 2, 98 %, 3 %, 35278 MiB, 81.11 W
2026/09/11 16:11:29.808, 0, 96 %, 3 %, 35279 MiB, 81.31 W
2026/09/11 16:11:29.808, 1, 95 %, 3 %, 35279 MiB, 80.29 W
2026/09/11 16:11:29.808, 2, 97 %, 6 %, 35278 MiB, 82.13 W
2026/09/11 16:11:34.809, 0, 95 %, 5 %, 35279 MiB, 87.86 W
2026/09/11 16:11:34.809, 1, 96 %, 3 %, 35279 MiB, 94.05 W
2026/09/11 16:11:34.809, 2, 95 %, 3 %, 35278 MiB, 82.06 W
2026/09/11 16:11:39.810, 0, 96 %, 3 %, 35279 MiB, 79.15 W
2026/09/11 16:11:39.810, 1, 94 %, 5 %, 35279 MiB, 78.29 W
2026/09/11 16:11:39.810, 2, 93 %, 3 %, 35278 MiB, 82.13 W
2026/09/11 16:11:44.811, 0, 95 %, 5 %, 35279 MiB, 81.73 W
2026/09/11 16:11:44.811, 1, 96 %, 6 %, 35279 MiB, 78.90 W
2026/09/11 16:11:44.811, 2, 95 %, 3 %, 35278 MiB, 81.47 W
2026/09/11 16:11:49.812, 0, 99 %, 3 %, 35279 MiB, 83.71 W
2026/09/11 16:11:49.813, 1, 32 %, 1 %, 35279 MiB, 65.85 W
2026/09/11 16:11:49.813, 2, 98 %, 3 %, 35278 MiB, 83.36 W
2026/09/11 16:11:54.813, 0, 0 %, 0 %, 35279 MiB, 37.71 W
2026/09/11 16:11:54.813, 1, 0 %, 0 %, 35279 MiB, 37.18 W
2026/09/11 16:11:54.813, 2, 74 %, 4 %, 35278 MiB, 78.15 W
2026/09/11 16:11:59.821, 0, 0 %, 0 %, 35279 MiB, 37.60 W
2026/09/11 16:11:59.821, 1, 0 %, 0 %, 35279 MiB, 56.80 W
2026/09/11 16:11:59.821, 2, 0 %, 0 %, 35278 MiB, 38.84 W
2026/09/11 16:12:04.823, 0, 0 %, 0 %, 35279 MiB, 37.32 W
2026/09/11 16:12:04.823, 1, 0 %, 0 %, 35279 MiB, 36.89 W
2026/09/11 16:12:04.823, 2, 0 %, 0 %, 35278 MiB, 38.14 W
2026/09/11 16:12:09.826, 0, 0 %, 0 %, 35279 MiB, 37.22 W
2026/09/11 16:12:09.826, 1, 0 %, 0 %, 35279 MiB, 36.79 W
2026/09/11 16:12:09.826, 2, 0 %, 0 %, 35278 MiB, 37.85 W
2026/09/11 16:12:14.827, 0, 0 %, 0 %, 35279 MiB, 36.92 W
2026/09/11 16:12:14.827, 1, 0 %, 0 %, 35279 MiB, 36.70 W
2026/09/11 16:12:14.827, 2, 0 %, 0 %, 35278 MiB, 38.84 W
2026/09/11 16:12:19.828, 0, 0 %, 0 %, 35279 MiB, 37.32 W
2026/09/11 16:12:19.828, 1, 0 %, 0 %, 35279 MiB, 36.79 W
2026/09/11 16:12:19.828, 2, 0 %, 0 %, 35278 MiB, 37.56 W
2026/09/11 16:12:24.829, 0, 0 %, 0 %, 35279 MiB, 36.82 W
2026/09/11 16:12:24.829, 1, 0 %, 0 %, 35279 MiB, 36.39 W
2026/09/11 16:12:24.830, 2, 0 %, 0 %, 35278 MiB, 37.56 W
2026/09/11 16:12:29.834, 0, 0 %, 0 %, 35279 MiB, 36.82 W
2026/09/11 16:12:29.834, 1, 0 %, 0 %, 35279 MiB, 48.52 W
2026/09/11 16:12:29.834, 2, 0 %, 0 %, 35278 MiB, 37.46 W
2026/09/11 16:12:34.840, 0, 0 %, 0 %, 35279 MiB, 36.72 W
2026/09/11 16:12:34.840, 1, 0 %, 0 %, 35279 MiB, 36.29 W
2026/09/11 16:12:34.840, 2, 0 %, 0 %, 35278 MiB, 37.26 W
2026/09/11 16:12:39.841, 0, 0 %, 0 %, 35279 MiB, 36.93 W
2026/09/11 16:12:39.841, 1, 0 %, 0 %, 35279 MiB, 36.39 W
2026/09/11 16:12:39.841, 2, 0 %, 0 %, 35278 MiB, 37.26 W
2026/09/11 16:12:44.852, 0, 0 %, 0 %, 35279 MiB, 56.75 W
2026/09/11 16:12:44.852, 1, 0 %, 0 %, 35279 MiB, 48.92 W
2026/09/11 16:12:44.852, 2, 0 %, 0 %, 35278 MiB, 36.97 W
2026/09/11 16:12:49.853, 0, 0 %, 0 %, 35279 MiB, 36.43 W
2026/09/11 16:12:49.853, 1, 0 %, 0 %, 35279 MiB, 36.20 W
2026/09/11 16:12:49.853, 2, 0 %, 0 %, 35278 MiB, 36.87 W
2026/09/11 16:12:54.854, 0, 0 %, 0 %, 35279 MiB, 36.33 W
2026/09/11 16:12:54.854, 1, 0 %, 0 %, 35279 MiB, 36.10 W
2026/09/11 16:12:54.854, 2, 0 %, 0 %, 35278 MiB, 36.97 W
2026/09/11 16:12:59.856, 0, 0 %, 0 %, 35279 MiB, 36.53 W
2026/09/11 16:12:59.856, 1, 0 %, 0 %, 35279 MiB, 36.10 W
2026/09/11 16:12:59.856, 2, 0 %, 0 %, 35278 MiB, 41.62 W
2026/09/11 16:13:04.857, 0, 0 %, 0 %, 35279 MiB, 36.34 W
2026/09/11 16:13:04.858, 1, 0 %, 0 %, 35279 MiB, 36.01 W
2026/09/11 16:13:04.858, 2, 0 %, 0 %, 35278 MiB, 36.77 W
2026/09/11 16:13:09.858, 0, 6 %, 0 %, 35279 MiB, 36.14 W
2026/09/11 16:13:09.859, 1, 6 %, 0 %, 35279 MiB, 36.01 W
2026/09/11 16:13:09.859, 2, 8 %, 0 %, 35278 MiB, 36.77 W
2026/09/11 16:13:14.859, 0, 16 %, 0 %, 35279 MiB, 36.23 W
2026/09/11 16:13:14.859, 1, 2 %, 0 %, 35279 MiB, 36.00 W
2026/09/11 16:13:14.860, 2, 8 %, 0 %, 35278 MiB, 36.66 W
2026/09/11 16:13:19.860, 0, 4 %, 0 %, 35279 MiB, 38.70 W
2026/09/11 16:13:19.860, 1, 8 %, 0 %, 35279 MiB, 36.00 W
2026/09/11 16:13:19.861, 2, 6 %, 0 %, 35278 MiB, 38.23 W
2026/09/11 16:13:24.861, 0, 8 %, 0 %, 35279 MiB, 36.73 W
2026/09/11 16:13:24.861, 1, 6 %, 0 %, 35279 MiB, 36.01 W
2026/09/11 16:13:24.861, 2, 2 %, 0 %, 35278 MiB, 36.66 W
2026/09/11 16:13:29.863, 0, 7 %, 0 %, 35279 MiB, 36.24 W
2026/09/11 16:13:29.863, 1, 0 %, 0 %, 35279 MiB, 35.91 W
2026/09/11 16:13:29.863, 2, 12 %, 0 %, 35278 MiB, 36.66 W
2026/09/11 16:13:34.863, 0, 2 %, 0 %, 35279 MiB, 37.81 W
2026/09/11 16:13:34.863, 1, 2 %, 0 %, 35279 MiB, 36.10 W
2026/09/11 16:13:34.863, 2, 2 %, 0 %, 35278 MiB, 36.77 W
2026/09/11 16:13:39.865, 0, 6 %, 0 %, 35279 MiB, 36.54 W
2026/09/11 16:13:39.865, 1, 12 %, 0 %, 35279 MiB, 35.92 W
2026/09/11 16:13:39.865, 2, 8 %, 0 %, 35278 MiB, 36.78 W
2026/09/11 16:13:44.866, 0, 10 %, 0 %, 35279 MiB, 37.82 W
2026/09/11 16:13:44.867, 1, 7 %, 0 %, 35279 MiB, 35.72 W
2026/09/11 16:13:44.867, 2, 21 %, 0 %, 35278 MiB, 36.87 W
2026/09/11 16:13:49.867, 0, 2 %, 0 %, 35279 MiB, 36.34 W
2026/09/11 16:13:49.868, 1, 6 %, 0 %, 35279 MiB, 35.72 W
2026/09/11 16:13:49.868, 2, 10 %, 0 %, 35278 MiB, 36.66 W
2026/09/11 16:13:54.868, 0, 0 %, 0 %, 35279 MiB, 39.10 W
2026/09/11 16:13:54.868, 1, 10 %, 1 %, 35279 MiB, 35.62 W
2026/09/11 16:13:54.869, 2, 0 %, 0 %, 35278 MiB, 36.57 W
2026/09/11 16:13:59.869, 0, 0 %, 0 %, 35279 MiB, 36.14 W
2026/09/11 16:13:59.870, 1, 6 %, 0 %, 35279 MiB, 39.06 W
2026/09/11 16:13:59.870, 2, 10 %, 0 %, 35278 MiB, 36.47 W
2026/09/11 16:14:04.870, 0, 14 %, 0 %, 35279 MiB, 36.16 W
2026/09/11 16:14:04.870, 1, 0 %, 0 %, 35279 MiB, 35.53 W
2026/09/11 16:14:04.870, 2, 0 %, 0 %, 35278 MiB, 40.44 W
2026/09/11 16:14:09.871, 0, 0 %, 0 %, 35279 MiB, 36.25 W
2026/09/11 16:14:09.871, 1, 0 %, 0 %, 35279 MiB, 35.53 W
2026/09/11 16:14:09.871, 2, 0 %, 0 %, 35278 MiB, 36.58 W
2026/09/11 16:14:14.871, 0, 94 %, 3 %, 35279 MiB, 85.49 W
2026/09/11 16:14:14.871, 1, 95 %, 3 %, 35279 MiB, 77.18 W
2026/09/11 16:14:14.872, 2, 94 %, 3 %, 35278 MiB, 80.10 W
2026/09/11 16:14:19.872, 0, 97 %, 6 %, 35279 MiB, 81.69 W
2026/09/11 16:14:19.872, 1, 94 %, 3 %, 35279 MiB, 77.96 W
2026/09/11 16:14:19.872, 2, 94 %, 3 %, 35278 MiB, 79.13 W
2026/09/11 16:14:24.873, 0, 93 %, 3 %, 35279 MiB, 80.88 W
2026/09/11 16:14:24.873, 1, 93 %, 3 %, 35279 MiB, 77.89 W
2026/09/11 16:14:24.873, 2, 88 %, 3 %, 35278 MiB, 76.59 W
2026/09/11 16:14:29.874, 0, 94 %, 5 %, 35279 MiB, 130.35 W
2026/09/11 16:14:29.874, 1, 95 %, 6 %, 35279 MiB, 92.60 W
2026/09/11 16:14:29.874, 2, 94 %, 5 %, 35278 MiB, 80.33 W
2026/09/11 16:14:34.874, 0, 95 %, 6 %, 35279 MiB, 82.33 W
2026/09/11 16:14:34.874, 1, 96 %, 5 %, 35279 MiB, 79.78 W
2026/09/11 16:14:34.874, 2, 94 %, 3 %, 35278 MiB, 78.95 W
2026/09/11 16:14:39.875, 0, 95 %, 3 %, 35279 MiB, 85.35 W
2026/09/11 16:14:39.875, 1, 98 %, 3 %, 35279 MiB, 80.15 W
2026/09/11 16:14:39.875, 2, 95 %, 5 %, 35278 MiB, 81.53 W
2026/09/11 16:14:44.876, 0, 95 %, 5 %, 35279 MiB, 86.12 W
2026/09/11 16:14:44.876, 1, 95 %, 3 %, 35279 MiB, 79.91 W
2026/09/11 16:14:44.876, 2, 93 %, 3 %, 35278 MiB, 81.98 W
2026/09/11 16:14:49.877, 0, 96 %, 6 %, 35279 MiB, 81.79 W
2026/09/11 16:14:49.877, 1, 93 %, 5 %, 35279 MiB, 79.59 W
2026/09/11 16:14:49.877, 2, 97 %, 3 %, 35278 MiB, 82.75 W
2026/09/11 16:14:54.878, 0, 96 %, 5 %, 35279 MiB, 81.72 W
2026/09/11 16:14:54.878, 1, 97 %, 3 %, 35279 MiB, 76.57 W
2026/09/11 16:14:54.878, 2, 95 %, 6 %, 35278 MiB, 80.30 W
2026/09/11 16:14:59.879, 0, 93 %, 3 %, 35279 MiB, 79.87 W
2026/09/11 16:14:59.879, 1, 96 %, 3 %, 35279 MiB, 77.40 W
2026/09/11 16:14:59.879, 2, 95 %, 4 %, 35278 MiB, 80.93 W
2026/09/11 16:15:04.880, 0, 96 %, 4 %, 35279 MiB, 80.29 W
2026/09/11 16:15:04.880, 1, 98 %, 6 %, 35279 MiB, 77.07 W
2026/09/11 16:15:04.880, 2, 97 %, 3 %, 35278 MiB, 82.72 W
2026/09/11 16:15:09.880, 0, 95 %, 3 %, 35279 MiB, 80.75 W
2026/09/11 16:15:09.880, 1, 94 %, 5 %, 35279 MiB, 105.45 W
2026/09/11 16:15:09.881, 2, 92 %, 3 %, 35278 MiB, 78.92 W
2026/09/11 16:15:14.881, 0, 96 %, 5 %, 35279 MiB, 83.51 W
2026/09/11 16:15:14.881, 1, 95 %, 3 %, 35279 MiB, 77.07 W
2026/09/11 16:15:14.881, 2, 96 %, 5 %, 35278 MiB, 81.38 W
2026/09/11 16:15:19.882, 0, 96 %, 5 %, 35279 MiB, 78.74 W
2026/09/11 16:15:19.882, 1, 94 %, 3 %, 35279 MiB, 77.15 W
2026/09/11 16:15:19.882, 2, 93 %, 3 %, 35278 MiB, 79.44 W
2026/09/11 16:15:24.883, 0, 98 %, 3 %, 35279 MiB, 85.09 W
2026/09/11 16:15:24.883, 1, 95 %, 3 %, 35279 MiB, 77.57 W
2026/09/11 16:15:24.883, 2, 95 %, 6 %, 35278 MiB, 80.73 W
2026/09/11 16:15:29.884, 0, 96 %, 5 %, 35279 MiB, 80.84 W
2026/09/11 16:15:29.884, 1, 95 %, 3 %, 35279 MiB, 77.36 W
2026/09/11 16:15:29.884, 2, 96 %, 3 %, 35278 MiB, 82.51 W
2026/09/11 16:15:34.884, 0, 94 %, 5 %, 35279 MiB, 83.39 W
2026/09/11 16:15:34.885, 1, 98 %, 7 %, 35279 MiB, 79.76 W
2026/09/11 16:15:34.885, 2, 96 %, 3 %, 35278 MiB, 80.33 W
2026/09/11 16:15:39.885, 0, 96 %, 3 %, 35279 MiB, 92.30 W
2026/09/11 16:15:39.886, 1, 97 %, 5 %, 35279 MiB, 78.99 W
2026/09/11 16:15:39.886, 2, 95 %, 3 %, 35278 MiB, 83.19 W
2026/09/11 16:15:44.886, 0, 96 %, 5 %, 35279 MiB, 81.68 W
2026/09/11 16:15:44.886, 1, 96 %, 3 %, 35279 MiB, 81.61 W
2026/09/11 16:15:44.886, 2, 96 %, 3 %, 35278 MiB, 79.44 W
2026/09/11 16:15:49.887, 0, 95 %, 5 %, 35279 MiB, 128.69 W
2026/09/11 16:15:49.887, 1, 95 %, 3 %, 35279 MiB, 78.22 W
2026/09/11 16:15:49.887, 2, 94 %, 6 %, 35278 MiB, 79.35 W
2026/09/11 16:15:54.887, 0, 94 %, 3 %, 35279 MiB, 81.00 W
2026/09/11 16:15:54.888, 1, 97 %, 3 %, 35279 MiB, 79.15 W
2026/09/11 16:15:54.888, 2, 94 %, 5 %, 35278 MiB, 82.52 W
2026/09/11 16:15:59.888, 0, 96 %, 3 %, 35279 MiB, 79.94 W
2026/09/11 16:15:59.888, 1, 97 %, 5 %, 35279 MiB, 79.25 W
2026/09/11 16:15:59.888, 2, 94 %, 5 %, 35278 MiB, 79.79 W
2026/09/11 16:16:04.889, 0, 97 %, 3 %, 35279 MiB, 81.24 W
2026/09/11 16:16:04.889, 1, 94 %, 3 %, 35279 MiB, 79.43 W
2026/09/11 16:16:04.889, 2, 94 %, 3 %, 35278 MiB, 104.14 W
2026/09/11 16:16:09.890, 0, 95 %, 3 %, 35279 MiB, 80.20 W
2026/09/11 16:16:09.890, 1, 98 %, 5 %, 35279 MiB, 79.30 W
2026/09/11 16:16:09.890, 2, 93 %, 5 %, 35278 MiB, 81.06 W
2026/09/11 16:16:14.890, 0, 95 %, 4 %, 35279 MiB, 82.85 W
2026/09/11 16:16:14.890, 1, 96 %, 3 %, 35279 MiB, 80.59 W
2026/09/11 16:16:14.890, 2, 94 %, 3 %, 35278 MiB, 81.03 W
2026/09/11 16:16:19.891, 0, 92 %, 3 %, 35279 MiB, 83.78 W
2026/09/11 16:16:19.891, 1, 94 %, 3 %, 35279 MiB, 78.67 W
2026/09/11 16:16:19.891, 2, 92 %, 3 %, 35278 MiB, 79.94 W
2026/09/11 16:16:24.892, 0, 93 %, 3 %, 35279 MiB, 82.33 W
2026/09/11 16:16:24.892, 1, 95 %, 6 %, 35279 MiB, 78.96 W
2026/09/11 16:16:24.892, 2, 94 %, 3 %, 35278 MiB, 78.26 W
2026/09/11 16:16:29.894, 0, 80 %, 6 %, 35279 MiB, 111.26 W
2026/09/11 16:16:29.894, 1, 30 %, 1 %, 35279 MiB, 65.63 W
2026/09/11 16:16:29.895, 2, 0 %, 0 %, 35278 MiB, 38.73 W
2026/09/11 16:16:34.898, 0, 0 %, 0 %, 35279 MiB, 37.80 W
2026/09/11 16:16:34.898, 1, 0 %, 0 %, 35279 MiB, 37.38 W
2026/09/11 16:16:34.898, 2, 0 %, 0 %, 35278 MiB, 37.95 W
2026/09/11 16:16:39.900, 0, 23 %, 2 %, 35279 MiB, 47.98 W
2026/09/11 16:16:39.900, 1, 5 %, 0 %, 35279 MiB, 37.78 W
2026/09/11 16:16:39.900, 2, 0 %, 0 %, 35278 MiB, 37.95 W
2026/09/11 16:16:44.901, 0, 0 %, 0 %, 35279 MiB, 37.51 W
2026/09/11 16:16:44.901, 1, 0 %, 0 %, 35279 MiB, 36.99 W
2026/09/11 16:16:44.901, 2, 0 %, 0 %, 35278 MiB, 37.65 W
2026/09/11 16:16:49.902, 0, 0 %, 0 %, 35279 MiB, 37.42 W
2026/09/11 16:16:49.902, 1, 0 %, 0 %, 35279 MiB, 36.88 W
2026/09/11 16:16:49.902, 2, 0 %, 0 %, 35278 MiB, 37.65 W
2026/09/11 16:16:54.908, 0, 2 %, 0 %, 35279 MiB, 37.70 W
2026/09/11 16:16:54.908, 1, 78 %, 2 %, 35279 MiB, 55.91 W
2026/09/11 16:16:54.908, 2, 4 %, 0 %, 35278 MiB, 37.45 W
2026/09/11 16:16:59.910, 0, 0 %, 0 %, 35279 MiB, 37.03 W
2026/09/11 16:16:59.910, 1, 0 %, 0 %, 35279 MiB, 36.49 W
2026/09/11 16:16:59.910, 2, 0 %, 0 %, 35278 MiB, 37.56 W
2026/09/11 16:17:04.912, 0, 0 %, 0 %, 35279 MiB, 37.11 W
2026/09/11 16:17:04.912, 1, 0 %, 0 %, 35279 MiB, 36.48 W
2026/09/11 16:17:04.912, 2, 0 %, 0 %, 35278 MiB, 57.43 W
2026/09/11 16:17:09.913, 0, 42 %, 1 %, 35279 MiB, 40.97 W
2026/09/11 16:17:09.914, 1, 0 %, 0 %, 35279 MiB, 36.99 W
2026/09/11 16:17:09.914, 2, 0 %, 0 %, 35278 MiB, 37.26 W
2026/09/11 16:17:14.924, 0, 0 %, 0 %, 35279 MiB, 36.72 W
2026/09/11 16:17:14.924, 1, 0 %, 0 %, 35279 MiB, 36.31 W
2026/09/11 16:17:14.924, 2, 0 %, 0 %, 35278 MiB, 37.07 W
2026/09/11 16:17:19.933, 0, 0 %, 0 %, 35279 MiB, 36.62 W
2026/09/11 16:17:19.933, 1, 0 %, 0 %, 35279 MiB, 36.30 W
2026/09/11 16:17:19.933, 2, 0 %, 0 %, 35278 MiB, 36.97 W
2026/09/11 16:17:24.935, 0, 0 %, 0 %, 35279 MiB, 56.72 W
2026/09/11 16:17:24.935, 1, 0 %, 0 %, 35279 MiB, 41.92 W
2026/09/11 16:17:24.935, 2, 0 %, 0 %, 35278 MiB, 37.56 W
2026/09/11 16:17:29.936, 0, 0 %, 0 %, 35279 MiB, 36.43 W
2026/09/11 16:17:29.937, 1, 0 %, 0 %, 35279 MiB, 36.11 W
2026/09/11 16:17:29.937, 2, 0 %, 0 %, 35278 MiB, 36.87 W
2026/09/11 16:17:34.938, 0, 0 %, 0 %, 35279 MiB, 36.43 W
2026/09/11 16:17:34.938, 1, 0 %, 0 %, 35279 MiB, 36.20 W
2026/09/11 16:17:34.938, 2, 0 %, 0 %, 35278 MiB, 36.87 W
2026/09/11 16:17:39.939, 0, 1 %, 0 %, 35279 MiB, 36.45 W
2026/09/11 16:17:39.939, 1, 0 %, 0 %, 35279 MiB, 36.01 W
2026/09/11 16:17:39.939, 2, 0 %, 0 %, 35278 MiB, 36.90 W
2026/09/11 16:17:44.939, 0, 10 %, 0 %, 35279 MiB, 36.62 W
2026/09/11 16:17:44.939, 1, 6 %, 0 %, 35279 MiB, 36.01 W
2026/09/11 16:17:44.939, 2, 10 %, 0 %, 35278 MiB, 38.84 W
2026/09/11 16:17:49.941, 0, 1 %, 0 %, 35279 MiB, 36.44 W
2026/09/11 16:17:49.941, 1, 21 %, 0 %, 35279 MiB, 36.11 W
2026/09/11 16:17:49.941, 2, 2 %, 0 %, 35278 MiB, 36.97 W
2026/09/11 16:17:54.942, 0, 2 %, 0 %, 35279 MiB, 36.43 W
2026/09/11 16:17:54.942, 1, 16 %, 0 %, 35279 MiB, 36.00 W
2026/09/11 16:17:54.942, 2, 8 %, 0 %, 35278 MiB, 37.65 W
2026/09/11 16:17:59.944, 0, 10 %, 0 %, 35279 MiB, 36.33 W
2026/09/11 16:17:59.944, 1, 18 %, 0 %, 35279 MiB, 35.81 W
2026/09/11 16:17:59.944, 2, 12 %, 0 %, 35278 MiB, 36.77 W
2026/09/11 16:18:04.945, 0, 2 %, 0 %, 35279 MiB, 36.34 W
2026/09/11 16:18:04.945, 1, 6 %, 0 %, 35279 MiB, 35.82 W
2026/09/11 16:18:04.945, 2, 3 %, 0 %, 35278 MiB, 36.66 W
2026/09/11 16:18:09.947, 0, 4 %, 0 %, 35279 MiB, 37.81 W
2026/09/11 16:18:09.947, 1, 10 %, 0 %, 35279 MiB, 36.01 W
2026/09/11 16:18:09.947, 2, 15 %, 0 %, 35278 MiB, 36.77 W
2026/09/11 16:18:14.950, 0, 10 %, 0 %, 35279 MiB, 36.25 W
2026/09/11 16:18:14.950, 1, 11 %, 0 %, 35279 MiB, 35.72 W
2026/09/11 16:18:14.950, 2, 8 %, 0 %, 35278 MiB, 41.22 W
2026/09/11 16:18:19.954, 0, 10 %, 0 %, 35279 MiB, 36.34 W
2026/09/11 16:18:19.954, 1, 16 %, 0 %, 35279 MiB, 35.91 W
2026/09/11 16:18:19.955, 2, 8 %, 0 %, 35278 MiB, 36.77 W
2026/09/11 16:18:24.956, 0, 17 %, 0 %, 35279 MiB, 36.15 W
2026/09/11 16:18:24.956, 1, 9 %, 0 %, 35279 MiB, 38.58 W
2026/09/11 16:18:24.956, 2, 12 %, 0 %, 35278 MiB, 36.46 W
2026/09/11 16:18:29.960, 0, 0 %, 0 %, 35279 MiB, 36.13 W
2026/09/11 16:18:29.961, 1, 14 %, 0 %, 35279 MiB, 35.61 W
2026/09/11 16:18:29.961, 2, 17 %, 0 %, 35278 MiB, 36.36 W
2026/09/11 16:18:34.962, 0, 0 %, 0 %, 35279 MiB, 36.15 W
2026/09/11 16:18:34.962, 1, 16 %, 0 %, 35279 MiB, 35.62 W
2026/09/11 16:18:34.962, 2, 0 %, 0 %, 35278 MiB, 36.58 W
2026/09/11 16:18:39.964, 0, 8 %, 0 %, 35279 MiB, 36.93 W
2026/09/11 16:18:39.964, 1, 0 %, 0 %, 35279 MiB, 36.11 W
2026/09/11 16:18:39.964, 2, 7 %, 1 %, 35278 MiB, 36.37 W
2026/09/11 16:18:44.965, 0, 0 %, 0 %, 35281 MiB, 36.16 W
2026/09/11 16:18:44.966, 1, 0 %, 0 %, 35279 MiB, 35.53 W
2026/09/11 16:18:44.966, 2, 0 %, 0 %, 35278 MiB, 36.37 W
2026/09/11 16:18:49.966, 0, 5 %, 0 %, 35281 MiB, 36.16 W
2026/09/11 16:18:49.966, 1, 0 %, 0 %, 35279 MiB, 35.43 W
2026/09/11 16:18:49.966, 2, 0 %, 0 %, 35278 MiB, 36.38 W
2026/09/11 16:18:54.967, 0, 0 %, 0 %, 35281 MiB, 36.16 W
2026/09/11 16:18:54.967, 1, 0 %, 0 %, 35279 MiB, 35.54 W
2026/09/11 16:18:54.967, 2, 0 %, 0 %, 35278 MiB, 36.38 W
2026/09/11 16:18:59.967, 0, 2 %, 0 %, 35281 MiB, 36.16 W
2026/09/11 16:18:59.968, 1, 0 %, 0 %, 35279 MiB, 35.53 W
2026/09/11 16:18:59.968, 2, 0 %, 0 %, 35278 MiB, 36.28 W
2026/09/11 16:19:04.968, 0, 0 %, 0 %, 35281 MiB, 36.34 W
2026/09/11 16:19:04.968, 1, 0 %, 0 %, 35279 MiB, 35.62 W
2026/09/11 16:19:04.968, 2, 0 %, 0 %, 35278 MiB, 36.37 W
2026/09/11 16:19:09.969, 0, 0 %, 0 %, 35281 MiB, 36.16 W
2026/09/11 16:19:09.969, 1, 0 %, 0 %, 35279 MiB, 35.43 W
2026/09/11 16:19:09.969, 2, 0 %, 0 %, 35278 MiB, 36.47 W
2026/09/11 16:19:14.970, 0, 0 %, 0 %, 35281 MiB, 36.35 W
2026/09/11 16:19:14.970, 1, 0 %, 0 %, 35279 MiB, 35.24 W
2026/09/11 16:19:14.970, 2, 0 %, 0 %, 35278 MiB, 36.38 W
2026/09/11 16:19:19.971, 0, 96 %, 3 %, 35281 MiB, 82.04 W
2026/09/11 16:19:19.971, 1, 92 %, 3 %, 35279 MiB, 77.50 W
2026/09/11 16:19:19.971, 2, 95 %, 3 %, 35278 MiB, 76.60 W
2026/09/11 16:19:24.971, 0, 95 %, 6 %, 35281 MiB, 83.39 W
2026/09/11 16:19:24.971, 1, 94 %, 6 %, 35279 MiB, 77.51 W
2026/09/11 16:19:24.972, 2, 95 %, 5 %, 35278 MiB, 79.57 W
2026/09/11 16:19:29.972, 0, 94 %, 3 %, 35281 MiB, 84.30 W
2026/09/11 16:19:29.972, 1, 95 %, 5 %, 35279 MiB, 78.61 W
2026/09/11 16:19:29.972, 2, 95 %, 5 %, 35278 MiB, 80.08 W
2026/09/11 16:19:34.972, 0, 97 %, 6 %, 35281 MiB, 87.14 W
2026/09/11 16:19:34.973, 1, 93 %, 5 %, 35279 MiB, 78.40 W
2026/09/11 16:19:34.973, 2, 96 %, 3 %, 35278 MiB, 81.71 W
2026/09/11 16:19:39.973, 0, 98 %, 3 %, 35281 MiB, 82.20 W
2026/09/11 16:19:39.974, 1, 92 %, 3 %, 35279 MiB, 78.85 W
2026/09/11 16:19:39.974, 2, 93 %, 5 %, 35278 MiB, 80.78 W
2026/09/11 16:19:44.974, 0, 96 %, 3 %, 35281 MiB, 81.61 W
2026/09/11 16:19:44.974, 1, 96 %, 3 %, 35279 MiB, 79.27 W
2026/09/11 16:19:44.974, 2, 95 %, 3 %, 35278 MiB, 94.70 W
2026/09/11 16:19:49.975, 0, 96 %, 3 %, 35281 MiB, 85.68 W
2026/09/11 16:19:49.975, 1, 95 %, 6 %, 35279 MiB, 79.22 W
2026/09/11 16:19:49.975, 2, 96 %, 3 %, 35278 MiB, 79.87 W
2026/09/11 16:19:54.976, 0, 96 %, 3 %, 35281 MiB, 83.75 W
2026/09/11 16:19:54.976, 1, 95 %, 3 %, 35279 MiB, 80.25 W
2026/09/11 16:19:54.976, 2, 93 %, 6 %, 35278 MiB, 84.60 W
2026/09/11 16:19:59.976, 0, 97 %, 5 %, 35281 MiB, 84.30 W
2026/09/11 16:19:59.976, 1, 96 %, 6 %, 35279 MiB, 79.26 W
2026/09/11 16:19:59.977, 2, 93 %, 5 %, 35278 MiB, 78.57 W
2026/09/11 16:20:04.977, 0, 96 %, 3 %, 35281 MiB, 80.14 W
2026/09/11 16:20:04.977, 1, 93 %, 5 %, 35279 MiB, 78.33 W
2026/09/11 16:20:04.977, 2, 95 %, 6 %, 35278 MiB, 80.37 W
2026/09/11 16:20:09.978, 0, 96 %, 3 %, 35281 MiB, 79.68 W
2026/09/11 16:20:09.978, 1, 96 %, 5 %, 35279 MiB, 83.21 W
2026/09/11 16:20:09.978, 2, 96 %, 3 %, 35278 MiB, 81.93 W
2026/09/11 16:20:14.979, 0, 95 %, 3 %, 35281 MiB, 83.22 W
2026/09/11 16:20:14.979, 1, 95 %, 3 %, 35279 MiB, 76.71 W
2026/09/11 16:20:14.979, 2, 97 %, 7 %, 35278 MiB, 81.35 W
2026/09/11 16:20:19.980, 0, 95 %, 5 %, 35281 MiB, 82.55 W
2026/09/11 16:20:19.980, 1, 93 %, 3 %, 35279 MiB, 79.47 W
2026/09/11 16:20:19.980, 2, 94 %, 5 %, 35278 MiB, 80.33 W
2026/09/11 16:20:24.981, 0, 95 %, 5 %, 35281 MiB, 81.40 W
2026/09/11 16:20:24.981, 1, 95 %, 6 %, 35279 MiB, 79.79 W
2026/09/11 16:20:24.981, 2, 93 %, 3 %, 35278 MiB, 81.90 W
2026/09/11 16:20:29.982, 0, 96 %, 5 %, 35281 MiB, 80.60 W
2026/09/11 16:20:29.982, 1, 97 %, 5 %, 35279 MiB, 80.27 W
2026/09/11 16:20:29.982, 2, 94 %, 5 %, 35278 MiB, 82.06 W
2026/09/11 16:20:34.983, 0, 98 %, 5 %, 35281 MiB, 121.82 W
2026/09/11 16:20:34.983, 1, 97 %, 3 %, 35279 MiB, 78.38 W
2026/09/11 16:20:34.983, 2, 92 %, 3 %, 35278 MiB, 82.85 W
2026/09/11 16:20:39.983, 0, 96 %, 5 %, 35281 MiB, 82.82 W
2026/09/11 16:20:39.984, 1, 95 %, 3 %, 35279 MiB, 79.67 W
2026/09/11 16:20:39.984, 2, 93 %, 5 %, 35278 MiB, 85.86 W
2026/09/11 16:20:44.984, 0, 94 %, 3 %, 35281 MiB, 80.85 W
2026/09/11 16:20:44.984, 1, 95 %, 3 %, 35279 MiB, 78.82 W
2026/09/11 16:20:44.984, 2, 96 %, 3 %, 35278 MiB, 81.93 W
2026/09/11 16:20:49.985, 0, 96 %, 5 %, 35281 MiB, 96.23 W
2026/09/11 16:20:49.985, 1, 94 %, 4 %, 35279 MiB, 83.74 W
2026/09/11 16:20:49.985, 2, 95 %, 3 %, 35278 MiB, 81.64 W
2026/09/11 16:20:54.986, 0, 95 %, 5 %, 35281 MiB, 102.94 W
2026/09/11 16:20:54.986, 1, 95 %, 3 %, 35279 MiB, 79.50 W
2026/09/11 16:20:54.986, 2, 95 %, 5 %, 35278 MiB, 81.34 W
2026/09/11 16:20:59.987, 0, 93 %, 3 %, 35281 MiB, 78.18 W
2026/09/11 16:20:59.987, 1, 97 %, 5 %, 35279 MiB, 79.47 W
2026/09/11 16:20:59.987, 2, 94 %, 3 %, 35278 MiB, 79.54 W
2026/09/11 16:21:04.988, 0, 93 %, 3 %, 35281 MiB, 83.84 W
2026/09/11 16:21:04.988, 1, 96 %, 5 %, 35279 MiB, 77.11 W
2026/09/11 16:21:04.988, 2, 94 %, 3 %, 35278 MiB, 82.79 W
2026/09/11 16:21:09.989, 0, 95 %, 6 %, 35281 MiB, 81.86 W
2026/09/11 16:21:09.990, 1, 96 %, 3 %, 35279 MiB, 79.35 W
2026/09/11 16:21:09.990, 2, 97 %, 5 %, 35278 MiB, 82.97 W
2026/09/11 16:21:14.990, 0, 94 %, 6 %, 35281 MiB, 84.70 W
2026/09/11 16:21:14.990, 1, 96 %, 3 %, 35279 MiB, 83.34 W
2026/09/11 16:21:14.990, 2, 89 %, 3 %, 35278 MiB, 81.12 W
2026/09/11 16:21:19.991, 0, 73 %, 2 %, 35281 MiB, 77.45 W
2026/09/11 16:21:19.991, 1, 31 %, 1 %, 35279 MiB, 63.71 W
2026/09/11 16:21:19.991, 2, 34 %, 1 %, 35278 MiB, 57.54 W
2026/09/11 16:21:24.992, 0, 0 %, 0 %, 35281 MiB, 58.11 W
2026/09/11 16:21:24.992, 1, 0 %, 0 %, 35279 MiB, 55.97 W
2026/09/11 16:21:24.992, 2, 0 %, 0 %, 35278 MiB, 58.39 W
2026/09/11 16:21:29.994, 0, 0 %, 0 %, 35281 MiB, 37.51 W
2026/09/11 16:21:29.994, 1, 0 %, 0 %, 35279 MiB, 36.89 W
2026/09/11 16:21:29.994, 2, 0 %, 0 %, 35278 MiB, 37.95 W
2026/09/11 16:21:35.002, 0, 0 %, 0 %, 35281 MiB, 37.51 W
2026/09/11 16:21:35.002, 1, 0 %, 0 %, 35279 MiB, 36.70 W
2026/09/11 16:21:35.002, 2, 0 %, 0 %, 35278 MiB, 37.75 W
2026/09/11 16:21:40.003, 0, 5 %, 0 %, 35281 MiB, 37.31 W
2026/09/11 16:21:40.003, 1, 6 %, 0 %, 35279 MiB, 37.08 W
2026/09/11 16:21:40.004, 2, 0 %, 0 %, 35278 MiB, 38.15 W
2026/09/11 16:21:45.004, 0, 0 %, 0 %, 35281 MiB, 37.03 W
2026/09/11 16:21:45.004, 1, 0 %, 0 %, 35279 MiB, 36.49 W
2026/09/11 16:21:45.004, 2, 0 %, 0 %, 35278 MiB, 37.46 W
2026/09/11 16:21:50.015, 0, 0 %, 0 %, 35281 MiB, 37.12 W
2026/09/11 16:21:50.015, 1, 0 %, 0 %, 35279 MiB, 36.40 W
2026/09/11 16:21:50.015, 2, 0 %, 0 %, 35278 MiB, 37.17 W
2026/09/11 16:21:55.024, 0, 0 %, 0 %, 35281 MiB, 39.38 W
2026/09/11 16:21:55.024, 1, 0 %, 0 %, 35279 MiB, 37.69 W
2026/09/11 16:21:55.024, 2, 2 %, 1 %, 35278 MiB, 37.46 W
2026/09/11 16:22:00.026, 0, 0 %, 0 %, 35281 MiB, 36.62 W
2026/09/11 16:22:00.026, 1, 0 %, 0 %, 35279 MiB, 36.50 W
2026/09/11 16:22:00.026, 2, 0 %, 0 %, 35278 MiB, 37.17 W
2026/09/11 16:22:05.028, 0, 0 %, 0 %, 35281 MiB, 36.62 W
2026/09/11 16:22:05.028, 1, 0 %, 0 %, 35279 MiB, 36.21 W
2026/09/11 16:22:05.028, 2, 4 %, 1 %, 35278 MiB, 37.46 W
2026/09/11 16:22:10.029, 0, 0 %, 0 %, 35281 MiB, 36.62 W
2026/09/11 16:22:10.030, 1, 0 %, 0 %, 35279 MiB, 36.29 W
2026/09/11 16:22:10.030, 2, 0 %, 0 %, 35278 MiB, 36.97 W
2026/09/11 16:22:15.036, 0, 0 %, 0 %, 35281 MiB, 36.43 W
2026/09/11 16:22:15.036, 1, 0 %, 0 %, 35279 MiB, 36.20 W
2026/09/11 16:22:15.036, 2, 0 %, 0 %, 35278 MiB, 36.77 W
2026/09/11 16:22:20.038, 0, 0 %, 0 %, 35281 MiB, 36.43 W
2026/09/11 16:22:20.038, 1, 0 %, 0 %, 35279 MiB, 36.20 W
2026/09/11 16:22:20.038, 2, 0 %, 0 %, 35278 MiB, 37.07 W
2026/09/11 16:22:25.040, 0, 0 %, 0 %, 35281 MiB, 36.33 W
2026/09/11 16:22:25.040, 1, 0 %, 0 %, 35279 MiB, 36.10 W
2026/09/11 16:22:25.040, 2, 0 %, 0 %, 35278 MiB, 36.87 W
2026/09/11 16:22:30.041, 0, 0 %, 0 %, 35281 MiB, 36.44 W
2026/09/11 16:22:30.042, 1, 0 %, 0 %, 35279 MiB, 35.92 W
2026/09/11 16:22:30.042, 2, 0 %, 0 %, 35278 MiB, 36.66 W
2026/09/11 16:22:35.052, 0, 0 %, 0 %, 35281 MiB, 36.34 W
2026/09/11 16:22:35.052, 1, 5 %, 0 %, 35279 MiB, 38.10 W
2026/09/11 16:22:35.052, 2, 2 %, 0 %, 35278 MiB, 39.24 W
2026/09/11 16:22:40.054, 0, 0 %, 0 %, 35281 MiB, 38.42 W
2026/09/11 16:22:40.054, 1, 12 %, 0 %, 35279 MiB, 36.11 W
2026/09/11 16:22:40.054, 2, 2 %, 0 %, 35278 MiB, 37.17 W
2026/09/11 16:22:45.055, 0, 0 %, 0 %, 35281 MiB, 36.34 W
2026/09/11 16:22:45.055, 1, 8 %, 0 %, 35279 MiB, 36.89 W
2026/09/11 16:22:45.056, 2, 0 %, 0 %, 35278 MiB, 36.68 W
2026/09/11 16:22:50.056, 0, 3 %, 0 %, 35281 MiB, 36.44 W
2026/09/11 16:22:50.056, 1, 2 %, 0 %, 35279 MiB, 38.20 W
2026/09/11 16:22:50.056, 2, 6 %, 0 %, 35278 MiB, 36.57 W
2026/09/11 16:22:55.058, 0, 11 %, 0 %, 35281 MiB, 39.42 W
2026/09/11 16:22:55.058, 1, 2 %, 0 %, 35279 MiB, 35.72 W
2026/09/11 16:22:55.059, 2, 2 %, 0 %, 35278 MiB, 36.47 W
2026/09/11 16:23:00.060, 0, 20 %, 0 %, 35281 MiB, 37.13 W
2026/09/11 16:23:00.060, 1, 8 %, 0 %, 35279 MiB, 38.10 W
2026/09/11 16:23:00.060, 2, 3 %, 0 %, 35278 MiB, 38.65 W
2026/09/11 16:23:05.061, 0, 12 %, 0 %, 35281 MiB, 39.20 W
2026/09/11 16:23:05.061, 1, 10 %, 0 %, 35279 MiB, 35.81 W
2026/09/11 16:23:05.062, 2, 0 %, 0 %, 35278 MiB, 36.47 W
2026/09/11 16:23:10.064, 0, 14 %, 0 %, 35281 MiB, 38.60 W
2026/09/11 16:23:10.064, 1, 2 %, 0 %, 35279 MiB, 35.62 W
2026/09/11 16:23:10.064, 2, 2 %, 0 %, 35278 MiB, 38.25 W
2026/09/11 16:23:15.065, 0, 19 %, 0 %, 35281 MiB, 36.24 W
2026/09/11 16:23:15.066, 1, 1 %, 0 %, 35279 MiB, 35.82 W
2026/09/11 16:23:15.066, 2, 2 %, 0 %, 35278 MiB, 36.57 W
2026/09/11 16:23:20.066, 0, 16 %, 0 %, 35281 MiB, 36.24 W
2026/09/11 16:23:20.066, 1, 18 %, 1 %, 35279 MiB, 35.61 W
2026/09/11 16:23:20.066, 2, 1 %, 0 %, 35280 MiB, 40.21 W
2026/09/11 16:23:25.068, 0, 6 %, 0 %, 35281 MiB, 36.23 W
2026/09/11 16:23:25.068, 1, 0 %, 0 %, 35281 MiB, 35.60 W
2026/09/11 16:23:25.068, 2, 4 %, 0 %, 35282 MiB, 40.60 W
2026/09/11 16:23:30.069, 0, 15 %, 0 %, 35281 MiB, 36.16 W
2026/09/11 16:23:30.070, 1, 0 %, 0 %, 35281 MiB, 38.78 W
2026/09/11 16:23:30.070, 2, 0 %, 0 %, 35284 MiB, 36.37 W
2026/09/11 16:23:35.070, 0, 0 %, 0 %, 35281 MiB, 38.81 W
2026/09/11 16:23:35.070, 1, 0 %, 0 %, 35281 MiB, 35.43 W
2026/09/11 16:23:35.070, 2, 0 %, 0 %, 35284 MiB, 36.37 W
2026/09/11 16:23:40.071, 0, 12 %, 0 %, 35281 MiB, 36.35 W
2026/09/11 16:23:40.071, 1, 0 %, 0 %, 35281 MiB, 38.49 W
2026/09/11 16:23:40.072, 2, 0 %, 0 %, 35284 MiB, 36.38 W
2026/09/11 16:23:45.072, 0, 0 %, 0 %, 35283 MiB, 36.16 W
2026/09/11 16:23:45.072, 1, 0 %, 0 %, 35281 MiB, 35.44 W
2026/09/11 16:23:45.072, 2, 0 %, 0 %, 35284 MiB, 36.38 W
2026/09/11 16:23:50.073, 0, 0 %, 0 %, 35283 MiB, 36.16 W
2026/09/11 16:23:50.073, 1, 0 %, 0 %, 35281 MiB, 35.53 W
2026/09/11 16:23:50.073, 2, 0 %, 0 %, 35284 MiB, 36.48 W
2026/09/11 16:23:55.074, 0, 0 %, 0 %, 35283 MiB, 36.06 W
2026/09/11 16:23:55.075, 1, 8 %, 0 %, 35281 MiB, 35.33 W
2026/09/11 16:23:55.075, 2, 0 %, 0 %, 35284 MiB, 36.28 W
2026/09/11 16:24:00.076, 0, 0 %, 0 %, 35283 MiB, 36.06 W
2026/09/11 16:24:00.076, 1, 0 %, 0 %, 35281 MiB, 35.33 W
2026/09/11 16:24:00.076, 2, 0 %, 0 %, 35284 MiB, 36.19 W
2026/09/11 16:24:05.076, 0, 0 %, 0 %, 35283 MiB, 35.85 W
2026/09/11 16:24:05.077, 1, 0 %, 0 %, 35281 MiB, 35.33 W
2026/09/11 16:24:05.077, 2, 0 %, 0 %, 35284 MiB, 36.19 W
2026/09/11 16:24:10.077, 0, 0 %, 0 %, 35283 MiB, 35.86 W
2026/09/11 16:24:10.077, 1, 8 %, 0 %, 35281 MiB, 35.44 W
2026/09/11 16:24:10.077, 2, 0 %, 0 %, 35284 MiB, 36.28 W
2026/09/11 16:24:15.078, 0, 0 %, 0 %, 35283 MiB, 35.86 W
2026/09/11 16:24:15.078, 1, 0 %, 0 %, 35281 MiB, 35.24 W
2026/09/11 16:24:15.078, 2, 0 %, 0 %, 35284 MiB, 36.19 W
2026/09/11 16:24:20.078, 0, 94 %, 3 %, 35283 MiB, 81.77 W
2026/09/11 16:24:20.079, 1, 95 %, 3 %, 35281 MiB, 79.65 W
2026/09/11 16:24:20.079, 2, 96 %, 5 %, 35284 MiB, 77.01 W
2026/09/11 16:24:25.079, 0, 96 %, 5 %, 35283 MiB, 82.32 W
2026/09/11 16:24:25.079, 1, 97 %, 3 %, 35281 MiB, 79.07 W
2026/09/11 16:24:25.079, 2, 92 %, 5 %, 35284 MiB, 78.77 W
2026/09/11 16:24:30.080, 0, 97 %, 5 %, 35283 MiB, 85.66 W
2026/09/11 16:24:30.080, 1, 96 %, 3 %, 35281 MiB, 79.64 W
2026/09/11 16:24:30.080, 2, 95 %, 5 %, 35284 MiB, 78.98 W
2026/09/11 16:24:35.081, 0, 96 %, 3 %, 35283 MiB, 86.38 W
2026/09/11 16:24:35.081, 1, 97 %, 5 %, 35281 MiB, 79.30 W
2026/09/11 16:24:35.081, 2, 93 %, 5 %, 35284 MiB, 80.05 W
2026/09/11 16:24:40.082, 0, 94 %, 5 %, 35283 MiB, 95.58 W
2026/09/11 16:24:40.082, 1, 95 %, 3 %, 35281 MiB, 79.68 W
2026/09/11 16:24:40.082, 2, 95 %, 6 %, 35284 MiB, 79.93 W
2026/09/11 16:24:45.083, 0, 97 %, 3 %, 35283 MiB, 84.56 W
2026/09/11 16:24:45.083, 1, 93 %, 3 %, 35281 MiB, 108.82 W
2026/09/11 16:24:45.083, 2, 97 %, 3 %, 35284 MiB, 80.70 W
2026/09/11 16:24:50.084, 0, 95 %, 3 %, 35283 MiB, 89.04 W
2026/09/11 16:24:50.084, 1, 96 %, 3 %, 35281 MiB, 93.01 W
2026/09/11 16:24:50.084, 2, 96 %, 5 %, 35284 MiB, 80.35 W
2026/09/11 16:24:55.085, 0, 96 %, 5 %, 35283 MiB, 84.06 W
2026/09/11 16:24:55.086, 1, 96 %, 3 %, 35281 MiB, 79.54 W
2026/09/11 16:24:55.086, 2, 96 %, 5 %, 35284 MiB, 79.03 W
2026/09/11 16:25:00.086, 0, 95 %, 5 %, 35283 MiB, 84.35 W
2026/09/11 16:25:00.086, 1, 98 %, 6 %, 35281 MiB, 86.36 W
2026/09/11 16:25:00.087, 2, 96 %, 3 %, 35284 MiB, 80.69 W
2026/09/11 16:25:05.087, 0, 97 %, 6 %, 35283 MiB, 80.76 W
2026/09/11 16:25:05.087, 1, 97 %, 5 %, 35281 MiB, 77.11 W
2026/09/11 16:25:05.087, 2, 98 %, 5 %, 35284 MiB, 79.34 W
2026/09/11 16:25:10.088, 0, 96 %, 6 %, 35283 MiB, 83.06 W
2026/09/11 16:25:10.089, 1, 96 %, 3 %, 35281 MiB, 76.02 W
2026/09/11 16:25:10.089, 2, 96 %, 3 %, 35284 MiB, 83.28 W
2026/09/11 16:25:15.089, 0, 96 %, 6 %, 35283 MiB, 79.94 W
2026/09/11 16:25:15.089, 1, 94 %, 3 %, 35281 MiB, 76.71 W
2026/09/11 16:25:15.089, 2, 95 %, 3 %, 35284 MiB, 78.44 W
2026/09/11 16:25:20.090, 0, 98 %, 5 %, 35283 MiB, 87.37 W
2026/09/11 16:25:20.090, 1, 94 %, 3 %, 35281 MiB, 78.52 W
2026/09/11 16:25:20.090, 2, 94 %, 5 %, 35284 MiB, 79.61 W
2026/09/11 16:25:25.091, 0, 97 %, 5 %, 35283 MiB, 82.61 W
2026/09/11 16:25:25.091, 1, 96 %, 3 %, 35281 MiB, 79.70 W
2026/09/11 16:25:25.091, 2, 96 %, 5 %, 35284 MiB, 80.99 W
2026/09/11 16:25:30.092, 0, 99 %, 5 %, 35283 MiB, 87.53 W
2026/09/11 16:25:30.093, 1, 95 %, 5 %, 35281 MiB, 78.67 W
2026/09/11 16:25:30.093, 2, 95 %, 5 %, 35284 MiB, 128.49 W
2026/09/11 16:25:35.093, 0, 95 %, 3 %, 35283 MiB, 79.35 W
2026/09/11 16:25:35.093, 1, 94 %, 3 %, 35281 MiB, 77.70 W
2026/09/11 16:25:35.093, 2, 94 %, 5 %, 35284 MiB, 80.67 W
2026/09/11 16:25:40.094, 0, 96 %, 3 %, 35283 MiB, 83.79 W
2026/09/11 16:25:40.094, 1, 94 %, 6 %, 35281 MiB, 76.51 W
2026/09/11 16:25:40.094, 2, 96 %, 3 %, 35284 MiB, 122.68 W
2026/09/11 16:25:45.095, 0, 96 %, 3 %, 35283 MiB, 80.71 W
2026/09/11 16:25:45.095, 1, 95 %, 5 %, 35281 MiB, 76.83 W
2026/09/11 16:25:45.095, 2, 95 %, 5 %, 35284 MiB, 83.31 W
2026/09/11 16:25:50.095, 0, 97 %, 5 %, 35283 MiB, 81.55 W
2026/09/11 16:25:50.095, 1, 98 %, 5 %, 35281 MiB, 78.93 W
2026/09/11 16:25:50.096, 2, 95 %, 3 %, 35284 MiB, 79.35 W
2026/09/11 16:25:55.096, 0, 98 %, 6 %, 35283 MiB, 82.22 W
2026/09/11 16:25:55.096, 1, 96 %, 5 %, 35281 MiB, 77.45 W
2026/09/11 16:25:55.096, 2, 98 %, 3 %, 35284 MiB, 81.18 W
2026/09/11 16:26:00.097, 0, 96 %, 3 %, 35283 MiB, 80.23 W
2026/09/11 16:26:00.097, 1, 95 %, 3 %, 35281 MiB, 79.05 W
2026/09/11 16:26:00.097, 2, 95 %, 3 %, 35284 MiB, 81.40 W
2026/09/11 16:26:05.098, 0, 98 %, 5 %, 35283 MiB, 81.43 W
2026/09/11 16:26:05.098, 1, 72 %, 4 %, 35281 MiB, 72.93 W
2026/09/11 16:26:05.098, 2, 67 %, 2 %, 35284 MiB, 68.22 W
2026/09/11 16:26:10.099, 0, 0 %, 0 %, 35283 MiB, 37.71 W
2026/09/11 16:26:10.099, 1, 0 %, 0 %, 35281 MiB, 37.39 W
2026/09/11 16:26:10.099, 2, 0 %, 0 %, 35284 MiB, 38.04 W
2026/09/11 16:26:15.101, 0, 0 %, 0 %, 35283 MiB, 37.42 W
2026/09/11 16:26:15.101, 1, 0 %, 0 %, 35281 MiB, 36.79 W
2026/09/11 16:26:15.101, 2, 0 %, 0 %, 35284 MiB, 37.65 W
2026/09/11 16:26:20.111, 0, 0 %, 0 %, 35283 MiB, 37.22 W
2026/09/11 16:26:20.111, 1, 0 %, 0 %, 35281 MiB, 36.79 W
2026/09/11 16:26:20.111, 2, 0 %, 0 %, 35284 MiB, 37.46 W
2026/09/11 16:26:25.112, 0, 8 %, 1 %, 35283 MiB, 37.71 W
2026/09/11 16:26:25.112, 1, 0 %, 0 %, 35281 MiB, 36.70 W
2026/09/11 16:26:25.113, 2, 2 %, 0 %, 35284 MiB, 37.95 W
2026/09/11 16:26:30.113, 0, 0 %, 0 %, 35283 MiB, 36.92 W
2026/09/11 16:26:30.114, 1, 0 %, 0 %, 35281 MiB, 36.59 W
2026/09/11 16:26:30.114, 2, 0 %, 0 %, 35284 MiB, 37.26 W
2026/09/11 16:26:35.115, 0, 0 %, 0 %, 35283 MiB, 36.82 W
2026/09/11 16:26:35.115, 1, 0 %, 0 %, 35281 MiB, 36.49 W
2026/09/11 16:26:35.115, 2, 0 %, 0 %, 35284 MiB, 37.07 W
2026/09/11 16:26:40.116, 0, 3 %, 0 %, 35283 MiB, 67.76 W
2026/09/11 16:26:40.116, 1, 7 %, 0 %, 35281 MiB, 36.48 W
2026/09/11 16:26:40.116, 2, 0 %, 0 %, 35284 MiB, 37.07 W
2026/09/11 16:26:45.117, 0, 0 %, 0 %, 35283 MiB, 36.62 W
2026/09/11 16:26:45.117, 1, 0 %, 0 %, 35281 MiB, 36.50 W
2026/09/11 16:26:45.117, 2, 0 %, 0 %, 35284 MiB, 37.07 W
2026/09/11 16:26:50.119, 0, 0 %, 0 %, 35283 MiB, 36.62 W
2026/09/11 16:26:50.119, 1, 0 %, 0 %, 35281 MiB, 36.39 W
2026/09/11 16:26:50.119, 2, 0 %, 0 %, 35284 MiB, 36.97 W
2026/09/11 16:26:55.120, 0, 0 %, 0 %, 35283 MiB, 56.55 W
2026/09/11 16:26:55.120, 1, 0 %, 0 %, 35281 MiB, 36.10 W
2026/09/11 16:26:55.121, 2, 0 %, 0 %, 35284 MiB, 36.87 W
2026/09/11 16:27:00.129, 0, 0 %, 0 %, 35283 MiB, 36.52 W
2026/09/11 16:27:00.129, 1, 0 %, 0 %, 35281 MiB, 36.11 W
2026/09/11 16:27:00.129, 2, 2 %, 0 %, 35284 MiB, 41.02 W
2026/09/11 16:27:05.130, 0, 0 %, 0 %, 35283 MiB, 36.52 W
2026/09/11 16:27:05.130, 1, 0 %, 0 %, 35281 MiB, 36.00 W
2026/09/11 16:27:05.130, 2, 0 %, 0 %, 35284 MiB, 36.87 W
2026/09/11 16:27:10.139, 0, 0 %, 0 %, 35283 MiB, 38.71 W
2026/09/11 16:27:10.139, 1, 0 %, 0 %, 35281 MiB, 35.91 W
2026/09/11 16:27:10.139, 2, 0 %, 0 %, 35284 MiB, 36.77 W
2026/09/11 16:27:15.139, 0, 0 %, 0 %, 35283 MiB, 36.33 W
2026/09/11 16:27:15.140, 1, 0 %, 0 %, 35281 MiB, 35.92 W
2026/09/11 16:27:15.140, 2, 0 %, 0 %, 35284 MiB, 36.87 W
2026/09/11 16:27:20.143, 0, 0 %, 0 %, 35283 MiB, 36.14 W
2026/09/11 16:27:20.143, 1, 13 %, 0 %, 35281 MiB, 35.91 W
2026/09/11 16:27:20.143, 2, 0 %, 0 %, 35284 MiB, 36.66 W
2026/09/11 16:27:25.143, 0, 0 %, 0 %, 35283 MiB, 36.14 W
2026/09/11 16:27:25.143, 1, 10 %, 0 %, 35281 MiB, 36.21 W
2026/09/11 16:27:25.143, 2, 4 %, 0 %, 35284 MiB, 38.65 W
2026/09/11 16:27:30.144, 0, 18 %, 0 %, 35283 MiB, 36.43 W
2026/09/11 16:27:30.144, 1, 4 %, 0 %, 35281 MiB, 39.16 W
2026/09/11 16:27:30.145, 2, 14 %, 0 %, 35284 MiB, 36.57 W
2026/09/11 16:27:35.145, 0, 0 %, 0 %, 35283 MiB, 36.14 W
2026/09/11 16:27:35.145, 1, 0 %, 0 %, 35281 MiB, 39.47 W
2026/09/11 16:27:35.145, 2, 0 %, 0 %, 35284 MiB, 36.57 W
2026/09/11 16:27:40.146, 0, 2 %, 0 %, 35283 MiB, 36.63 W
2026/09/11 16:27:40.146, 1, 2 %, 0 %, 35281 MiB, 35.92 W
2026/09/11 16:27:40.146, 2, 8 %, 0 %, 35284 MiB, 38.34 W
2026/09/11 16:27:45.147, 0, 8 %, 0 %, 35283 MiB, 39.60 W
2026/09/11 16:27:45.147, 1, 4 %, 0 %, 35281 MiB, 36.79 W
2026/09/11 16:27:45.147, 2, 14 %, 0 %, 35284 MiB, 39.94 W
2026/09/11 16:27:50.148, 0, 23 %, 0 %, 35283 MiB, 36.34 W
2026/09/11 16:27:50.149, 1, 2 %, 0 %, 35281 MiB, 35.62 W
2026/09/11 16:27:50.149, 2, 4 %, 0 %, 35284 MiB, 39.63 W
2026/09/11 16:27:55.153, 0, 7 %, 0 %, 35283 MiB, 39.00 W
2026/09/11 16:27:55.153, 1, 11 %, 0 %, 35281 MiB, 35.91 W
2026/09/11 16:27:55.153, 2, 17 %, 0 %, 35284 MiB, 37.36 W
2026/09/11 16:28:00.154, 0, 28 %, 1 %, 35283 MiB, 36.23 W
2026/09/11 16:28:00.154, 1, 2 %, 0 %, 35281 MiB, 39.47 W
2026/09/11 16:28:00.154, 2, 4 %, 0 %, 35284 MiB, 36.57 W
2026/09/11 16:28:05.166, 0, 4 %, 0 %, 35283 MiB, 36.43 W
2026/09/11 16:28:05.166, 1, 2 %, 0 %, 35281 MiB, 35.42 W
2026/09/11 16:28:05.166, 2, 16 %, 0 %, 35284 MiB, 36.57 W
2026/09/11 16:28:10.167, 0, 12 %, 0 %, 35283 MiB, 36.33 W
2026/09/11 16:28:10.167, 1, 4 %, 0 %, 35281 MiB, 36.39 W
2026/09/11 16:28:10.167, 2, 2 %, 0 %, 35284 MiB, 36.57 W
2026/09/11 16:28:15.171, 0, 11 %, 1 %, 35283 MiB, 36.15 W
2026/09/11 16:28:15.171, 1, 20 %, 1 %, 35281 MiB, 35.42 W
2026/09/11 16:28:15.171, 2, 29 %, 1 %, 35284 MiB, 36.57 W
2026/09/11 16:28:20.172, 0, 3 %, 0 %, 35283 MiB, 36.25 W
2026/09/11 16:28:20.172, 1, 0 %, 0 %, 35281 MiB, 35.43 W
2026/09/11 16:28:20.172, 2, 0 %, 0 %, 35284 MiB, 36.37 W
2026/09/11 16:28:25.173, 0, 0 %, 0 %, 35283 MiB, 36.25 W
2026/09/11 16:28:25.173, 1, 8 %, 0 %, 35281 MiB, 35.43 W
2026/09/11 16:28:25.173, 2, 13 %, 0 %, 35284 MiB, 36.57 W
2026/09/11 16:28:30.174, 0, 0 %, 0 %, 35283 MiB, 35.96 W
2026/09/11 16:28:30.174, 1, 0 %, 0 %, 35281 MiB, 35.32 W
2026/09/11 16:28:30.174, 2, 0 %, 0 %, 35284 MiB, 36.19 W
2026/09/11 16:28:35.175, 0, 0 %, 0 %, 35283 MiB, 35.96 W
2026/09/11 16:28:35.175, 1, 0 %, 0 %, 35281 MiB, 35.43 W
2026/09/11 16:28:35.175, 2, 0 %, 0 %, 35284 MiB, 36.17 W
2026/09/11 16:28:40.175, 0, 0 %, 0 %, 35283 MiB, 35.96 W
2026/09/11 16:28:40.176, 1, 0 %, 0 %, 35281 MiB, 35.34 W
2026/09/11 16:28:40.176, 2, 0 %, 0 %, 35284 MiB, 36.19 W
2026/09/11 16:28:45.176, 0, 0 %, 0 %, 35283 MiB, 35.96 W
2026/09/11 16:28:45.177, 1, 8 %, 0 %, 35281 MiB, 35.33 W
2026/09/11 16:28:45.177, 2, 0 %, 0 %, 35284 MiB, 36.27 W
2026/09/11 16:28:50.177, 0, 0 %, 0 %, 35283 MiB, 35.96 W
2026/09/11 16:28:50.178, 1, 0 %, 0 %, 35281 MiB, 35.43 W
2026/09/11 16:28:50.178, 2, 0 %, 0 %, 35284 MiB, 36.19 W
2026/09/11 16:28:55.178, 0, 0 %, 0 %, 35283 MiB, 35.96 W
2026/09/11 16:28:55.178, 1, 0 %, 0 %, 35281 MiB, 35.44 W
2026/09/11 16:28:55.179, 2, 0 %, 0 %, 35284 MiB, 36.19 W
2026/09/11 16:29:00.179, 0, 96 %, 3 %, 35283 MiB, 81.10 W
2026/09/11 16:29:00.179, 1, 95 %, 5 %, 35281 MiB, 80.09 W
2026/09/11 16:29:00.179, 2, 98 %, 6 %, 35284 MiB, 79.65 W
2026/09/11 16:29:05.180, 0, 93 %, 5 %, 35283 MiB, 79.64 W
2026/09/11 16:29:05.180, 1, 95 %, 3 %, 35281 MiB, 79.16 W
2026/09/11 16:29:05.180, 2, 94 %, 3 %, 35284 MiB, 80.83 W
2026/09/11 16:29:10.181, 0, 94 %, 5 %, 35283 MiB, 82.83 W
2026/09/11 16:29:10.181, 1, 96 %, 3 %, 35281 MiB, 77.68 W
2026/09/11 16:29:10.181, 2, 95 %, 3 %, 35284 MiB, 81.78 W
2026/09/11 16:29:15.181, 0, 93 %, 3 %, 35283 MiB, 82.90 W
2026/09/11 16:29:15.182, 1, 94 %, 5 %, 35281 MiB, 79.88 W
2026/09/11 16:29:15.182, 2, 96 %, 3 %, 35284 MiB, 83.75 W
2026/09/11 16:29:20.182, 0, 95 %, 5 %, 35283 MiB, 83.87 W
2026/09/11 16:29:20.182, 1, 94 %, 5 %, 35281 MiB, 78.26 W
2026/09/11 16:29:20.182, 2, 94 %, 3 %, 35284 MiB, 81.26 W
2026/09/11 16:29:25.183, 0, 93 %, 3 %, 35283 MiB, 82.31 W
2026/09/11 16:29:25.183, 1, 97 %, 3 %, 35281 MiB, 78.90 W
2026/09/11 16:29:25.184, 2, 93 %, 3 %, 35284 MiB, 80.32 W
2026/09/11 16:29:30.184, 0, 96 %, 5 %, 35283 MiB, 84.14 W
2026/09/11 16:29:30.184, 1, 98 %, 10 %, 35281 MiB, 114.65 W
2026/09/11 16:29:30.184, 2, 96 %, 3 %, 35284 MiB, 80.02 W
2026/09/11 16:29:35.185, 0, 95 %, 3 %, 35283 MiB, 82.47 W
2026/09/11 16:29:35.185, 1, 96 %, 5 %, 35281 MiB, 79.25 W
2026/09/11 16:29:35.185, 2, 96 %, 6 %, 35284 MiB, 81.25 W
2026/09/11 16:29:40.185, 0, 97 %, 8 %, 35283 MiB, 80.84 W
2026/09/11 16:29:40.185, 1, 96 %, 6 %, 35281 MiB, 102.36 W
2026/09/11 16:29:40.185, 2, 94 %, 3 %, 35284 MiB, 78.94 W
2026/09/11 16:29:45.186, 0, 95 %, 5 %, 35283 MiB, 78.85 W
2026/09/11 16:29:45.187, 1, 97 %, 5 %, 35281 MiB, 78.38 W
2026/09/11 16:29:45.187, 2, 95 %, 3 %, 35284 MiB, 80.64 W
2026/09/11 16:29:50.188, 0, 97 %, 6 %, 35283 MiB, 80.45 W
2026/09/11 16:29:50.188, 1, 97 %, 3 %, 35281 MiB, 77.85 W
2026/09/11 16:29:50.188, 2, 93 %, 5 %, 35284 MiB, 80.43 W
2026/09/11 16:29:55.188, 0, 96 %, 5 %, 35283 MiB, 79.85 W
2026/09/11 16:29:55.189, 1, 97 %, 8 %, 35281 MiB, 78.87 W
2026/09/11 16:29:55.189, 2, 95 %, 3 %, 35284 MiB, 81.64 W
2026/09/11 16:30:00.189, 0, 96 %, 3 %, 35283 MiB, 81.46 W
2026/09/11 16:30:00.189, 1, 97 %, 5 %, 35281 MiB, 105.96 W
2026/09/11 16:30:00.189, 2, 94 %, 5 %, 35284 MiB, 80.99 W
2026/09/11 16:30:05.190, 0, 93 %, 5 %, 35283 MiB, 86.56 W
2026/09/11 16:30:05.190, 1, 95 %, 3 %, 35281 MiB, 79.86 W
2026/09/11 16:30:05.190, 2, 92 %, 3 %, 35284 MiB, 123.57 W
2026/09/11 16:30:10.190, 0, 94 %, 5 %, 35283 MiB, 81.53 W
2026/09/11 16:30:10.191, 1, 97 %, 5 %, 35281 MiB, 77.52 W
2026/09/11 16:30:10.191, 2, 96 %, 3 %, 35284 MiB, 81.74 W
2026/09/11 16:30:15.191, 0, 97 %, 3 %, 35283 MiB, 79.92 W
2026/09/11 16:30:15.191, 1, 97 %, 5 %, 35281 MiB, 80.39 W
2026/09/11 16:30:15.191, 2, 94 %, 3 %, 35284 MiB, 120.71 W
2026/09/11 16:30:20.191, 0, 96 %, 3 %, 35283 MiB, 81.88 W
2026/09/11 16:30:20.192, 1, 95 %, 6 %, 35281 MiB, 107.87 W
2026/09/11 16:30:20.192, 2, 97 %, 8 %, 35284 MiB, 80.94 W
2026/09/11 16:30:25.192, 0, 97 %, 3 %, 35283 MiB, 88.96 W
2026/09/11 16:30:25.193, 1, 95 %, 3 %, 35281 MiB, 79.20 W
2026/09/11 16:30:25.193, 2, 97 %, 3 %, 35284 MiB, 82.42 W
2026/09/11 16:30:30.193, 0, 93 %, 5 %, 35283 MiB, 80.43 W
2026/09/11 16:30:30.193, 1, 95 %, 3 %, 35281 MiB, 77.22 W
2026/09/11 16:30:30.193, 2, 94 %, 5 %, 35284 MiB, 80.72 W
2026/09/11 16:30:35.194, 0, 94 %, 3 %, 35283 MiB, 82.68 W
2026/09/11 16:30:35.194, 1, 95 %, 3 %, 35281 MiB, 78.79 W
2026/09/11 16:30:35.194, 2, 95 %, 3 %, 35284 MiB, 81.84 W
2026/09/11 16:30:40.194, 0, 0 %, 0 %, 35283 MiB, 40.76 W
2026/09/11 16:30:40.195, 1, 32 %, 1 %, 35281 MiB, 65.04 W
2026/09/11 16:30:40.195, 2, 0 %, 0 %, 35284 MiB, 43.18 W
2026/09/11 16:30:45.195, 0, 0 %, 0 %, 35283 MiB, 37.32 W
2026/09/11 16:30:45.195, 1, 0 %, 0 %, 35281 MiB, 37.09 W
2026/09/11 16:30:45.195, 2, 0 %, 0 %, 35284 MiB, 37.95 W
2026/09/11 16:30:50.196, 0, 0 %, 0 %, 35283 MiB, 37.12 W
2026/09/11 16:30:50.196, 1, 0 %, 0 %, 35281 MiB, 36.89 W
2026/09/11 16:30:50.196, 2, 7 %, 0 %, 35284 MiB, 37.95 W
2026/09/11 16:30:55.198, 0, 0 %, 0 %, 35283 MiB, 37.12 W
2026/09/11 16:30:55.198, 1, 0 %, 0 %, 35281 MiB, 36.79 W
2026/09/11 16:30:55.198, 2, 0 %, 0 %, 35284 MiB, 37.36 W
2026/09/11 16:31:00.199, 0, 0 %, 0 %, 35283 MiB, 39.58 W
2026/09/11 16:31:00.200, 1, 5 %, 0 %, 35281 MiB, 45.08 W
2026/09/11 16:31:00.200, 2, 0 %, 0 %, 35284 MiB, 37.46 W
2026/09/11 16:31:05.200, 0, 0 %, 0 %, 35283 MiB, 36.92 W
2026/09/11 16:31:05.200, 1, 0 %, 0 %, 35281 MiB, 36.59 W
2026/09/11 16:31:05.200, 2, 0 %, 0 %, 35284 MiB, 37.26 W
2026/09/11 16:31:10.202, 0, 0 %, 0 %, 35283 MiB, 36.82 W
2026/09/11 16:31:10.202, 1, 0 %, 0 %, 35281 MiB, 36.49 W
2026/09/11 16:31:10.202, 2, 0 %, 0 %, 35284 MiB, 37.07 W
2026/09/11 16:31:15.204, 0, 0 %, 0 %, 35283 MiB, 36.82 W
2026/09/11 16:31:15.204, 1, 6 %, 1 %, 35281 MiB, 36.50 W
2026/09/11 16:31:15.204, 2, 0 %, 0 %, 35284 MiB, 37.17 W
2026/09/11 16:31:20.214, 0, 0 %, 0 %, 35283 MiB, 36.62 W
2026/09/11 16:31:20.214, 1, 0 %, 0 %, 35281 MiB, 36.39 W
2026/09/11 16:31:20.214, 2, 0 %, 0 %, 35284 MiB, 37.07 W
2026/09/11 16:31:25.217, 0, 0 %, 0 %, 35283 MiB, 36.52 W
2026/09/11 16:31:25.217, 1, 0 %, 0 %, 35281 MiB, 36.11 W
2026/09/11 16:31:25.217, 2, 0 %, 0 %, 35284 MiB, 36.97 W
2026/09/11 16:31:30.225, 0, 5 %, 0 %, 35283 MiB, 39.30 W
2026/09/11 16:31:30.225, 1, 0 %, 0 %, 35281 MiB, 36.11 W
2026/09/11 16:31:30.225, 2, 0 %, 0 %, 35284 MiB, 36.97 W
2026/09/11 16:31:35.226, 0, 4 %, 0 %, 35283 MiB, 36.92 W
2026/09/11 16:31:35.226, 1, 55 %, 1 %, 35281 MiB, 40.95 W
2026/09/11 16:31:35.226, 2, 6 %, 0 %, 35284 MiB, 37.56 W
2026/09/11 16:31:40.227, 0, 0 %, 0 %, 35283 MiB, 36.43 W
2026/09/11 16:31:40.227, 1, 0 %, 0 %, 35281 MiB, 36.01 W
2026/09/11 16:31:40.227, 2, 0 %, 0 %, 35284 MiB, 36.97 W
2026/09/11 16:31:45.233, 0, 0 %, 0 %, 35283 MiB, 36.44 W
2026/09/11 16:31:45.233, 1, 0 %, 0 %, 35281 MiB, 36.01 W
2026/09/11 16:31:45.233, 2, 0 %, 0 %, 35284 MiB, 36.57 W
2026/09/11 16:31:50.234, 0, 13 %, 1 %, 35283 MiB, 36.33 W
2026/09/11 16:31:50.235, 1, 14 %, 1 %, 35281 MiB, 35.91 W
2026/09/11 16:31:50.235, 2, 14 %, 1 %, 35284 MiB, 37.65 W
2026/09/11 16:31:55.235, 0, 10 %, 0 %, 35283 MiB, 39.88 W
2026/09/11 16:31:55.236, 1, 4 %, 0 %, 35281 MiB, 35.90 W
2026/09/11 16:31:55.236, 2, 8 %, 0 %, 35284 MiB, 36.77 W
2026/09/11 16:32:00.237, 0, 0 %, 0 %, 35283 MiB, 36.25 W
2026/09/11 16:32:00.237, 1, 19 %, 0 %, 35281 MiB, 36.01 W
2026/09/11 16:32:00.237, 2, 9 %, 0 %, 35284 MiB, 40.53 W
2026/09/11 16:32:05.238, 0, 20 %, 0 %, 35283 MiB, 36.23 W
2026/09/11 16:32:05.238, 1, 8 %, 0 %, 35281 MiB, 35.90 W
2026/09/11 16:32:05.238, 2, 14 %, 0 %, 35284 MiB, 36.57 W
2026/09/11 16:32:10.240, 0, 10 %, 0 %, 35283 MiB, 36.33 W
2026/09/11 16:32:10.240, 1, 30 %, 1 %, 35281 MiB, 36.11 W
2026/09/11 16:32:10.240, 2, 6 %, 0 %, 35284 MiB, 36.57 W
2026/09/11 16:32:15.241, 0, 10 %, 0 %, 35283 MiB, 36.44 W
2026/09/11 16:32:15.242, 1, 2 %, 0 %, 35281 MiB, 39.58 W
2026/09/11 16:32:15.242, 2, 2 %, 0 %, 35284 MiB, 36.56 W
2026/09/11 16:32:20.242, 0, 0 %, 0 %, 35283 MiB, 36.34 W
2026/09/11 16:32:20.242, 1, 26 %, 0 %, 35281 MiB, 37.78 W
2026/09/11 16:32:20.242, 2, 2 %, 0 %, 35284 MiB, 36.47 W
2026/09/11 16:32:25.246, 0, 10 %, 0 %, 35283 MiB, 36.15 W
2026/09/11 16:32:25.246, 1, 0 %, 0 %, 35281 MiB, 43.51 W
2026/09/11 16:32:25.246, 2, 4 %, 0 %, 35284 MiB, 36.87 W
2026/09/11 16:32:30.247, 0, 7 %, 0 %, 35283 MiB, 36.54 W
2026/09/11 16:32:30.248, 1, 10 %, 0 %, 35281 MiB, 35.62 W
2026/09/11 16:32:30.248, 2, 4 %, 0 %, 35284 MiB, 36.66 W
2026/09/11 16:32:35.249, 0, 18 %, 0 %, 35285 MiB, 36.33 W
2026/09/11 16:32:35.249, 1, 9 %, 0 %, 35281 MiB, 35.52 W
2026/09/11 16:32:35.249, 2, 6 %, 0 %, 35284 MiB, 38.25 W
2026/09/11 16:32:40.250, 0, 10 %, 0 %, 35285 MiB, 36.72 W
2026/09/11 16:32:40.251, 1, 25 %, 1 %, 35281 MiB, 35.90 W
2026/09/11 16:32:40.251, 2, 2 %, 0 %, 35284 MiB, 36.76 W
2026/09/11 16:32:45.251, 0, 2 %, 0 %, 35285 MiB, 38.50 W
2026/09/11 16:32:45.251, 1, 12 %, 0 %, 35281 MiB, 36.01 W
2026/09/11 16:32:45.252, 2, 2 %, 0 %, 35284 MiB, 36.36 W
2026/09/11 16:32:50.252, 0, 2 %, 0 %, 35285 MiB, 36.23 W
2026/09/11 16:32:50.254, 1, 5 %, 0 %, 35281 MiB, 35.51 W
2026/09/11 16:32:50.255, 2, 0 %, 0 %, 35284 MiB, 36.56 W
2026/09/11 16:32:55.255, 0, 8 %, 0 %, 35285 MiB, 36.06 W
2026/09/11 16:32:55.255, 1, 12 %, 0 %, 35281 MiB, 35.53 W
2026/09/11 16:32:55.255, 2, 0 %, 0 %, 35284 MiB, 36.38 W
2026/09/11 16:33:00.256, 0, 8 %, 0 %, 35285 MiB, 36.06 W
2026/09/11 16:33:00.256, 1, 0 %, 0 %, 35281 MiB, 35.43 W
2026/09/11 16:33:00.256, 2, 0 %, 0 %, 35284 MiB, 36.27 W
2026/09/11 16:33:05.257, 0, 0 %, 0 %, 35285 MiB, 36.64 W
2026/09/11 16:33:05.257, 1, 0 %, 0 %, 35281 MiB, 35.43 W
2026/09/11 16:33:05.257, 2, 0 %, 0 %, 35284 MiB, 36.28 W
2026/09/11 16:33:10.260, 0, 0 %, 0 %, 35285 MiB, 36.84 W
2026/09/11 16:33:10.260, 1, 0 %, 0 %, 35281 MiB, 35.34 W
2026/09/11 16:33:10.260, 2, 0 %, 0 %, 35284 MiB, 36.38 W
2026/09/11 16:33:15.261, 0, 8 %, 0 %, 35285 MiB, 35.96 W
2026/09/11 16:33:15.261, 1, 0 %, 0 %, 35281 MiB, 35.43 W
2026/09/11 16:33:15.261, 2, 0 %, 0 %, 35284 MiB, 36.27 W
2026/09/11 16:33:20.262, 0, 8 %, 0 %, 35285 MiB, 35.96 W
2026/09/11 16:33:20.262, 1, 0 %, 0 %, 35281 MiB, 35.23 W
2026/09/11 16:33:20.262, 2, 0 %, 0 %, 35284 MiB, 36.19 W
2026/09/11 16:33:25.263, 0, 4 %, 0 %, 35285 MiB, 36.06 W
2026/09/11 16:33:25.263, 1, 0 %, 0 %, 35281 MiB, 35.34 W
2026/09/11 16:33:25.263, 2, 0 %, 0 %, 35284 MiB, 36.49 W
2026/09/11 16:33:30.263, 0, 0 %, 0 %, 35285 MiB, 35.96 W
2026/09/11 16:33:30.264, 1, 0 %, 0 %, 35281 MiB, 35.33 W
2026/09/11 16:33:30.264, 2, 0 %, 0 %, 35284 MiB, 36.28 W
2026/09/11 16:33:35.264, 0, 95 %, 3 %, 35285 MiB, 102.93 W
2026/09/11 16:33:35.264, 1, 94 %, 5 %, 35281 MiB, 78.30 W
2026/09/11 16:33:35.264, 2, 91 %, 3 %, 35284 MiB, 86.50 W
2026/09/11 16:33:40.264, 0, 93 %, 3 %, 35285 MiB, 85.41 W
2026/09/11 16:33:40.265, 1, 96 %, 3 %, 35281 MiB, 77.18 W
2026/09/11 16:33:40.265, 2, 95 %, 5 %, 35284 MiB, 87.12 W
2026/09/11 16:33:45.266, 0, 94 %, 3 %, 35285 MiB, 130.57 W
2026/09/11 16:33:45.266, 1, 97 %, 8 %, 35281 MiB, 81.07 W
2026/09/11 16:33:45.266, 2, 96 %, 6 %, 35284 MiB, 80.40 W
2026/09/11 16:33:50.267, 0, 96 %, 3 %, 35285 MiB, 83.97 W
2026/09/11 16:33:50.267, 1, 94 %, 6 %, 35281 MiB, 82.08 W
2026/09/11 16:33:50.267, 2, 93 %, 3 %, 35284 MiB, 80.97 W
2026/09/11 16:33:55.268, 0, 93 %, 3 %, 35285 MiB, 83.67 W
2026/09/11 16:33:55.268, 1, 91 %, 3 %, 35281 MiB, 92.06 W
2026/09/11 16:33:55.268, 2, 95 %, 5 %, 35284 MiB, 77.65 W
2026/09/11 16:34:00.269, 0, 97 %, 6 %, 35285 MiB, 83.53 W
2026/09/11 16:34:00.269, 1, 95 %, 3 %, 35281 MiB, 81.37 W
2026/09/11 16:34:00.269, 2, 93 %, 5 %, 35284 MiB, 84.33 W
2026/09/11 16:34:05.270, 0, 95 %, 5 %, 35285 MiB, 84.16 W
2026/09/11 16:34:05.270, 1, 93 %, 3 %, 35281 MiB, 79.47 W
2026/09/11 16:34:05.270, 2, 95 %, 3 %, 35284 MiB, 79.80 W
2026/09/11 16:34:10.271, 0, 97 %, 6 %, 35285 MiB, 83.90 W
2026/09/11 16:34:10.271, 1, 97 %, 6 %, 35281 MiB, 78.99 W
2026/09/11 16:34:10.271, 2, 93 %, 3 %, 35284 MiB, 79.54 W
2026/09/11 16:34:15.272, 0, 94 %, 5 %, 35285 MiB, 85.47 W
2026/09/11 16:34:15.272, 1, 93 %, 8 %, 35281 MiB, 75.87 W
2026/09/11 16:34:15.272, 2, 92 %, 3 %, 35284 MiB, 79.37 W
2026/09/11 16:34:20.273, 0, 96 %, 6 %, 35285 MiB, 78.69 W
2026/09/11 16:34:20.273, 1, 98 %, 3 %, 35281 MiB, 78.21 W
2026/09/11 16:34:20.273, 2, 94 %, 3 %, 35284 MiB, 80.76 W
2026/09/11 16:34:25.273, 0, 95 %, 3 %, 35285 MiB, 81.65 W
2026/09/11 16:34:25.274, 1, 95 %, 5 %, 35281 MiB, 78.15 W
2026/09/11 16:34:25.274, 2, 96 %, 6 %, 35284 MiB, 79.18 W
2026/09/11 16:34:30.274, 0, 91 %, 3 %, 35285 MiB, 81.02 W
2026/09/11 16:34:30.274, 1, 96 %, 5 %, 35281 MiB, 77.02 W
2026/09/11 16:34:30.275, 2, 93 %, 5 %, 35284 MiB, 79.87 W
2026/09/11 16:34:35.275, 0, 96 %, 4 %, 35285 MiB, 122.04 W
2026/09/11 16:34:35.275, 1, 94 %, 7 %, 35281 MiB, 78.24 W
2026/09/11 16:34:35.275, 2, 97 %, 5 %, 35284 MiB, 81.43 W
2026/09/11 16:34:40.276, 0, 94 %, 5 %, 35285 MiB, 83.40 W
2026/09/11 16:34:40.276, 1, 97 %, 6 %, 35281 MiB, 118.79 W
2026/09/11 16:34:40.276, 2, 93 %, 5 %, 35284 MiB, 78.65 W
2026/09/11 16:34:45.277, 0, 97 %, 8 %, 35285 MiB, 82.05 W
2026/09/11 16:34:45.277, 1, 97 %, 3 %, 35281 MiB, 79.29 W
2026/09/11 16:34:45.277, 2, 97 %, 6 %, 35284 MiB, 81.03 W
2026/09/11 16:34:50.278, 0, 96 %, 3 %, 35285 MiB, 80.08 W
2026/09/11 16:34:50.278, 1, 92 %, 4 %, 35281 MiB, 78.71 W
2026/09/11 16:34:50.278, 2, 96 %, 5 %, 35284 MiB, 81.18 W
2026/09/11 16:34:55.278, 0, 97 %, 3 %, 35285 MiB, 80.68 W
2026/09/11 16:34:55.279, 1, 97 %, 3 %, 35281 MiB, 106.39 W
2026/09/11 16:34:55.279, 2, 96 %, 6 %, 35284 MiB, 80.52 W
2026/09/11 16:35:00.279, 0, 98 %, 6 %, 35285 MiB, 82.35 W
2026/09/11 16:35:00.279, 1, 97 %, 5 %, 35281 MiB, 77.70 W
2026/09/11 16:35:00.279, 2, 94 %, 5 %, 35284 MiB, 82.03 W
2026/09/11 16:35:05.280, 0, 98 %, 5 %, 35285 MiB, 90.30 W
2026/09/11 16:35:05.281, 1, 97 %, 3 %, 35281 MiB, 76.90 W
2026/09/11 16:35:05.281, 2, 63 %, 2 %, 35284 MiB, 74.67 W
2026/09/11 16:35:10.281, 0, 0 %, 0 %, 35285 MiB, 57.32 W
2026/09/11 16:35:10.281, 1, 0 %, 0 %, 35281 MiB, 55.88 W
2026/09/11 16:35:10.281, 2, 0 %, 0 %, 35284 MiB, 58.01 W
2026/09/11 16:35:15.287, 0, 0 %, 0 %, 35285 MiB, 37.32 W
2026/09/11 16:35:15.287, 1, 0 %, 0 %, 35281 MiB, 36.89 W
2026/09/11 16:35:15.287, 2, 0 %, 0 %, 35284 MiB, 37.65 W
2026/09/11 16:35:20.288, 0, 0 %, 0 %, 35285 MiB, 37.43 W
2026/09/11 16:35:20.288, 1, 8 %, 1 %, 35281 MiB, 37.38 W
2026/09/11 16:35:20.288, 2, 0 %, 0 %, 35284 MiB, 37.46 W
2026/09/11 16:35:25.290, 0, 0 %, 0 %, 35285 MiB, 37.01 W
2026/09/11 16:35:25.290, 1, 0 %, 0 %, 35281 MiB, 36.71 W
2026/09/11 16:35:25.290, 2, 0 %, 0 %, 35284 MiB, 37.56 W
2026/09/11 16:35:30.292, 0, 54 %, 1 %, 35285 MiB, 44.91 W
2026/09/11 16:35:30.292, 1, 0 %, 0 %, 35281 MiB, 36.59 W
2026/09/11 16:35:30.292, 2, 0 %, 0 %, 35284 MiB, 37.26 W
2026/09/11 16:35:35.293, 0, 0 %, 0 %, 35285 MiB, 36.82 W
2026/09/11 16:35:35.293, 1, 0 %, 0 %, 35281 MiB, 36.50 W
2026/09/11 16:35:35.293, 2, 0 %, 0 %, 35284 MiB, 37.26 W
2026/09/11 16:35:40.304, 0, 0 %, 0 %, 35285 MiB, 36.82 W
2026/09/11 16:35:40.304, 1, 0 %, 0 %, 35281 MiB, 36.60 W
2026/09/11 16:35:40.304, 2, 7 %, 1 %, 35284 MiB, 37.07 W
2026/09/11 16:35:45.305, 0, 0 %, 0 %, 35285 MiB, 36.52 W
2026/09/11 16:35:45.306, 1, 0 %, 0 %, 35281 MiB, 36.49 W
2026/09/11 16:35:45.306, 2, 0 %, 0 %, 35284 MiB, 37.17 W
2026/09/11 16:35:50.307, 0, 0 %, 0 %, 35285 MiB, 36.62 W
2026/09/11 16:35:50.307, 1, 0 %, 0 %, 35281 MiB, 36.20 W
2026/09/11 16:35:50.307, 2, 0 %, 0 %, 35284 MiB, 36.97 W
2026/09/11 16:35:55.312, 0, 0 %, 0 %, 35285 MiB, 36.52 W
2026/09/11 16:35:55.312, 1, 0 %, 0 %, 35281 MiB, 36.10 W
2026/09/11 16:35:55.312, 2, 0 %, 0 %, 35284 MiB, 36.97 W
2026/09/11 16:36:00.313, 0, 0 %, 0 %, 35285 MiB, 36.63 W
2026/09/11 16:36:00.313, 1, 0 %, 0 %, 35281 MiB, 36.11 W
2026/09/11 16:36:00.313, 2, 3 %, 0 %, 35284 MiB, 37.17 W
2026/09/11 16:36:05.315, 0, 0 %, 0 %, 35285 MiB, 37.32 W
2026/09/11 16:36:05.315, 1, 0 %, 0 %, 35281 MiB, 36.00 W
2026/09/11 16:36:05.315, 2, 0 %, 0 %, 35284 MiB, 36.97 W
2026/09/11 16:36:10.317, 0, 0 %, 0 %, 35285 MiB, 36.43 W
2026/09/11 16:36:10.317, 1, 0 %, 0 %, 35281 MiB, 35.90 W
2026/09/11 16:36:10.317, 2, 0 %, 0 %, 35284 MiB, 36.77 W
2026/09/11 16:36:15.318, 0, 0 %, 0 %, 35285 MiB, 36.33 W
2026/09/11 16:36:15.318, 1, 0 %, 0 %, 35281 MiB, 35.90 W
2026/09/11 16:36:15.319, 2, 0 %, 0 %, 35284 MiB, 36.68 W
2026/09/11 16:36:20.319, 0, 0 %, 0 %, 35285 MiB, 36.26 W
2026/09/11 16:36:20.320, 1, 0 %, 0 %, 35281 MiB, 36.01 W
2026/09/11 16:36:20.320, 2, 0 %, 0 %, 35284 MiB, 36.69 W
2026/09/11 16:36:25.321, 0, 26 %, 0 %, 35285 MiB, 37.22 W
2026/09/11 16:36:25.321, 1, 0 %, 0 %, 35281 MiB, 37.77 W
2026/09/11 16:36:25.321, 2, 8 %, 0 %, 35284 MiB, 36.57 W
2026/09/11 16:36:30.322, 0, 10 %, 0 %, 35285 MiB, 36.33 W
2026/09/11 16:36:30.322, 1, 4 %, 0 %, 35281 MiB, 35.90 W
2026/09/11 16:36:30.323, 2, 26 %, 0 %, 35284 MiB, 36.66 W
2026/09/11 16:36:35.323, 0, 18 %, 0 %, 35285 MiB, 39.20 W
2026/09/11 16:36:35.324, 1, 12 %, 0 %, 35281 MiB, 35.92 W
2026/09/11 16:36:35.324, 2, 16 %, 0 %, 35284 MiB, 36.77 W
2026/09/11 16:36:40.325, 0, 19 %, 0 %, 35285 MiB, 36.34 W
2026/09/11 16:36:40.325, 1, 10 %, 0 %, 35281 MiB, 36.01 W
2026/09/11 16:36:40.325, 2, 6 %, 0 %, 35284 MiB, 39.74 W
2026/09/11 16:36:45.327, 0, 2 %, 0 %, 35285 MiB, 36.64 W
2026/09/11 16:36:45.327, 1, 6 %, 0 %, 35281 MiB, 35.72 W
2026/09/11 16:36:45.327, 2, 10 %, 0 %, 35284 MiB, 36.57 W
2026/09/11 16:36:50.328, 0, 5 %, 0 %, 35285 MiB, 36.25 W
2026/09/11 16:36:50.329, 1, 6 %, 0 %, 35281 MiB, 38.88 W
2026/09/11 16:36:50.329, 2, 8 %, 0 %, 35284 MiB, 36.57 W
2026/09/11 16:36:55.329, 0, 0 %, 0 %, 35285 MiB, 36.34 W
2026/09/11 16:36:55.330, 1, 10 %, 0 %, 35281 MiB, 39.08 W
2026/09/11 16:36:55.330, 2, 16 %, 0 %, 35284 MiB, 36.57 W
2026/09/11 16:37:00.331, 0, 10 %, 0 %, 35285 MiB, 36.62 W
2026/09/11 16:37:00.331, 1, 16 %, 0 %, 35281 MiB, 35.72 W
2026/09/11 16:37:00.331, 2, 22 %, 0 %, 35284 MiB, 36.47 W
2026/09/11 16:37:05.333, 0, 10 %, 0 %, 35285 MiB, 36.25 W
2026/09/11 16:37:05.333, 1, 14 %, 0 %, 35281 MiB, 35.43 W
2026/09/11 16:37:05.333, 2, 10 %, 0 %, 35284 MiB, 36.36 W
2026/09/11 16:37:10.335, 0, 0 %, 0 %, 35285 MiB, 39.40 W
2026/09/11 16:37:10.335, 1, 0 %, 0 %, 35281 MiB, 38.39 W
2026/09/11 16:37:10.335, 2, 0 %, 0 %, 35284 MiB, 36.66 W
2026/09/11 16:37:15.338, 0, 24 %, 0 %, 35285 MiB, 36.44 W
2026/09/11 16:37:15.338, 1, 0 %, 0 %, 35283 MiB, 35.53 W
2026/09/11 16:37:15.338, 2, 6 %, 0 %, 35284 MiB, 36.47 W
2026/09/11 16:37:20.343, 0, 4 %, 0 %, 35285 MiB, 36.23 W
2026/09/11 16:37:20.343, 1, 4 %, 0 %, 35283 MiB, 35.52 W
2026/09/11 16:37:20.343, 2, 13 %, 0 %, 35284 MiB, 36.36 W
2026/09/11 16:37:25.344, 0, 1 %, 0 %, 35285 MiB, 36.13 W
2026/09/11 16:37:25.345, 1, 2 %, 0 %, 35283 MiB, 35.61 W
2026/09/11 16:37:25.345, 2, 2 %, 0 %, 35284 MiB, 36.36 W
2026/09/11 16:37:30.345, 0, 0 %, 0 %, 35285 MiB, 36.13 W
2026/09/11 16:37:30.345, 1, 0 %, 0 %, 35283 MiB, 35.42 W
2026/09/11 16:37:30.345, 2, 1 %, 0 %, 35284 MiB, 36.36 W
2026/09/11 16:37:35.346, 0, 0 %, 0 %, 35285 MiB, 35.95 W
2026/09/11 16:37:35.346, 1, 0 %, 0 %, 35283 MiB, 35.53 W
2026/09/11 16:37:35.346, 2, 0 %, 0 %, 35284 MiB, 36.28 W
2026/09/11 16:37:40.347, 0, 0 %, 0 %, 35285 MiB, 35.96 W
2026/09/11 16:37:40.347, 1, 8 %, 0 %, 35283 MiB, 35.44 W
2026/09/11 16:37:40.347, 2, 0 %, 0 %, 35284 MiB, 36.28 W
2026/09/11 16:37:45.347, 0, 0 %, 0 %, 35285 MiB, 35.96 W
2026/09/11 16:37:45.348, 1, 4 %, 0 %, 35283 MiB, 35.34 W
2026/09/11 16:37:45.348, 2, 0 %, 0 %, 35284 MiB, 36.38 W
2026/09/11 16:37:50.348, 0, 0 %, 0 %, 35285 MiB, 35.96 W
2026/09/11 16:37:50.348, 1, 8 %, 0 %, 35283 MiB, 35.73 W
2026/09/11 16:37:50.348, 2, 0 %, 0 %, 35284 MiB, 36.28 W
2026/09/11 16:37:55.349, 0, 0 %, 0 %, 35285 MiB, 36.06 W
2026/09/11 16:37:55.349, 1, 0 %, 0 %, 35283 MiB, 35.53 W
2026/09/11 16:37:55.349, 2, 0 %, 0 %, 35284 MiB, 36.28 W
2026/09/11 16:38:00.349, 0, 0 %, 0 %, 35285 MiB, 35.96 W
2026/09/11 16:38:00.350, 1, 8 %, 0 %, 35283 MiB, 35.34 W
2026/09/11 16:38:00.350, 2, 0 %, 0 %, 35284 MiB, 36.19 W
2026/09/11 16:38:05.350, 0, 0 %, 0 %, 35285 MiB, 36.16 W
2026/09/11 16:38:05.350, 1, 0 %, 0 %, 35283 MiB, 35.33 W
2026/09/11 16:38:05.350, 2, 0 %, 0 %, 35284 MiB, 36.38 W
2026/09/11 16:38:10.351, 0, 0 %, 0 %, 35285 MiB, 35.96 W
2026/09/11 16:38:10.351, 1, 0 %, 0 %, 35283 MiB, 35.23 W
2026/09/11 16:38:10.351, 2, 0 %, 0 %, 35284 MiB, 36.37 W
2026/09/11 16:38:15.351, 0, 95 %, 5 %, 35285 MiB, 81.25 W
2026/09/11 16:38:15.351, 1, 95 %, 3 %, 35283 MiB, 79.78 W
2026/09/11 16:38:15.352, 2, 92 %, 3 %, 35284 MiB, 81.40 W
2026/09/11 16:38:20.352, 0, 91 %, 3 %, 35285 MiB, 82.75 W
2026/09/11 16:38:20.352, 1, 95 %, 4 %, 35283 MiB, 80.28 W
2026/09/11 16:38:20.352, 2, 94 %, 3 %, 35284 MiB, 82.71 W
2026/09/11 16:38:25.352, 0, 90 %, 5 %, 35285 MiB, 81.29 W
2026/09/11 16:38:25.352, 1, 94 %, 3 %, 35283 MiB, 82.02 W
2026/09/11 16:38:25.353, 2, 92 %, 3 %, 35284 MiB, 76.54 W
2026/09/11 16:38:30.353, 0, 94 %, 5 %, 35285 MiB, 137.29 W
2026/09/11 16:38:30.353, 1, 96 %, 3 %, 35283 MiB, 97.15 W
2026/09/11 16:38:30.353, 2, 95 %, 3 %, 35284 MiB, 79.86 W
2026/09/11 16:38:35.354, 0, 94 %, 6 %, 35285 MiB, 85.83 W
2026/09/11 16:38:35.354, 1, 91 %, 3 %, 35283 MiB, 79.15 W
2026/09/11 16:38:35.354, 2, 93 %, 3 %, 35284 MiB, 83.97 W
2026/09/11 16:38:40.354, 0, 92 %, 5 %, 35285 MiB, 85.79 W
2026/09/11 16:38:40.355, 1, 91 %, 3 %, 35283 MiB, 79.76 W
2026/09/11 16:38:40.355, 2, 95 %, 5 %, 35284 MiB, 79.75 W
2026/09/11 16:38:45.355, 0, 94 %, 3 %, 35285 MiB, 86.38 W
2026/09/11 16:38:45.355, 1, 95 %, 3 %, 35283 MiB, 82.13 W
2026/09/11 16:38:45.356, 2, 97 %, 6 %, 35284 MiB, 80.31 W
2026/09/11 16:38:50.356, 0, 94 %, 3 %, 35285 MiB, 88.06 W
2026/09/11 16:38:50.356, 1, 95 %, 5 %, 35283 MiB, 77.57 W
2026/09/11 16:38:50.356, 2, 92 %, 3 %, 35284 MiB, 79.68 W
2026/09/11 16:38:55.357, 0, 94 %, 4 %, 35285 MiB, 83.11 W
2026/09/11 16:38:55.357, 1, 96 %, 5 %, 35283 MiB, 78.48 W
2026/09/11 16:38:55.358, 2, 94 %, 6 %, 35284 MiB, 108.24 W
2026/09/11 16:39:00.358, 0, 98 %, 3 %, 35285 MiB, 89.65 W
2026/09/11 16:39:00.358, 1, 97 %, 5 %, 35283 MiB, 79.38 W
2026/09/11 16:39:00.358, 2, 95 %, 5 %, 35284 MiB, 81.50 W
2026/09/11 16:39:05.359, 0, 95 %, 3 %, 35285 MiB, 81.11 W
2026/09/11 16:39:05.359, 1, 96 %, 5 %, 35283 MiB, 79.33 W
2026/09/11 16:39:05.359, 2, 93 %, 3 %, 35284 MiB, 79.95 W
2026/09/11 16:39:10.359, 0, 95 %, 5 %, 35285 MiB, 87.36 W
2026/09/11 16:39:10.360, 1, 96 %, 8 %, 35283 MiB, 91.26 W
2026/09/11 16:39:10.360, 2, 95 %, 3 %, 35284 MiB, 77.65 W
2026/09/11 16:39:15.360, 0, 95 %, 5 %, 35285 MiB, 79.34 W
2026/09/11 16:39:15.360, 1, 96 %, 3 %, 35283 MiB, 78.74 W
2026/09/11 16:39:15.361, 2, 95 %, 5 %, 35284 MiB, 81.18 W
2026/09/11 16:39:20.361, 0, 95 %, 3 %, 35285 MiB, 78.96 W
2026/09/11 16:39:20.361, 1, 97 %, 8 %, 35283 MiB, 77.10 W
2026/09/11 16:39:20.361, 2, 95 %, 5 %, 35284 MiB, 80.97 W
2026/09/11 16:39:25.362, 0, 97 %, 3 %, 35285 MiB, 80.04 W
2026/09/11 16:39:25.362, 1, 95 %, 5 %, 35283 MiB, 79.00 W
2026/09/11 16:39:25.362, 2, 96 %, 5 %, 35284 MiB, 120.40 W
2026/09/11 16:39:30.363, 0, 98 %, 6 %, 35285 MiB, 81.08 W
2026/09/11 16:39:30.363, 1, 95 %, 3 %, 35283 MiB, 77.48 W
2026/09/11 16:39:30.363, 2, 96 %, 3 %, 35284 MiB, 79.16 W
2026/09/11 16:39:35.364, 0, 95 %, 3 %, 35285 MiB, 81.15 W
2026/09/11 16:39:35.364, 1, 96 %, 3 %, 35283 MiB, 79.40 W
2026/09/11 16:39:35.364, 2, 95 %, 6 %, 35284 MiB, 84.42 W
2026/09/11 16:39:40.365, 0, 96 %, 3 %, 35285 MiB, 96.49 W
2026/09/11 16:39:40.365, 1, 95 %, 3 %, 35283 MiB, 76.52 W
2026/09/11 16:39:40.365, 2, 69 %, 2 %, 35284 MiB, 75.92 W
2026/09/11 16:39:45.367, 0, 98 %, 5 %, 35285 MiB, 86.76 W
2026/09/11 16:39:45.367, 1, 96 %, 3 %, 35283 MiB, 78.57 W
2026/09/11 16:39:45.367, 2, 98 %, 4 %, 35284 MiB, 80.43 W
2026/09/11 16:39:50.367, 0, 97 %, 3 %, 35285 MiB, 81.49 W
2026/09/11 16:39:50.368, 1, 97 %, 5 %, 35283 MiB, 78.24 W
2026/09/11 16:39:50.368, 2, 94 %, 5 %, 35284 MiB, 81.06 W
2026/09/11 16:39:55.368, 0, 30 %, 1 %, 35285 MiB, 66.23 W
2026/09/11 16:39:55.368, 1, 77 %, 4 %, 35283 MiB, 75.02 W
2026/09/11 16:39:55.368, 2, 37 %, 1 %, 35284 MiB, 66.86 W
2026/09/11 16:40:00.369, 0, 0 %, 0 %, 35285 MiB, 37.41 W
2026/09/11 16:40:00.369, 1, 0 %, 0 %, 35283 MiB, 37.09 W
2026/09/11 16:40:00.369, 2, 0 %, 0 %, 35284 MiB, 38.14 W
2026/09/11 16:40:05.374, 0, 0 %, 0 %, 35285 MiB, 37.32 W
2026/09/11 16:40:05.374, 1, 0 %, 0 %, 35283 MiB, 36.89 W
2026/09/11 16:40:05.374, 2, 0 %, 0 %, 35284 MiB, 37.85 W
2026/09/11 16:40:10.376, 0, 6 %, 0 %, 35285 MiB, 37.80 W
2026/09/11 16:40:10.376, 1, 2 %, 0 %, 35283 MiB, 37.79 W
2026/09/11 16:40:10.376, 2, 0 %, 0 %, 35284 MiB, 47.05 W
2026/09/11 16:40:15.377, 0, 0 %, 0 %, 35285 MiB, 37.02 W
2026/09/11 16:40:15.377, 1, 0 %, 0 %, 35283 MiB, 36.80 W
2026/09/11 16:40:15.377, 2, 0 %, 0 %, 35284 MiB, 37.36 W
2026/09/11 16:40:20.379, 0, 6 %, 0 %, 35285 MiB, 36.93 W
2026/09/11 16:40:20.379, 1, 0 %, 0 %, 35283 MiB, 36.50 W
2026/09/11 16:40:20.379, 2, 0 %, 0 %, 35284 MiB, 37.46 W
2026/09/11 16:40:25.381, 0, 0 %, 0 %, 35285 MiB, 36.82 W
2026/09/11 16:40:25.381, 1, 0 %, 0 %, 35283 MiB, 36.49 W
2026/09/11 16:40:25.381, 2, 0 %, 0 %, 35284 MiB, 37.26 W
2026/09/11 16:40:30.382, 0, 0 %, 0 %, 35285 MiB, 36.92 W
2026/09/11 16:40:30.382, 1, 0 %, 0 %, 35283 MiB, 36.39 W
2026/09/11 16:40:30.383, 2, 0 %, 0 %, 35284 MiB, 37.26 W
2026/09/11 16:40:35.383, 0, 0 %, 0 %, 35285 MiB, 36.72 W
2026/09/11 16:40:35.383, 1, 4 %, 0 %, 35283 MiB, 36.28 W
2026/09/11 16:40:35.383, 2, 0 %, 0 %, 35284 MiB, 37.36 W
2026/09/11 16:40:40.385, 0, 0 %, 0 %, 35285 MiB, 36.82 W
2026/09/11 16:40:40.385, 1, 0 %, 0 %, 35283 MiB, 36.20 W
2026/09/11 16:40:40.385, 2, 0 %, 0 %, 35284 MiB, 37.07 W
2026/09/11 16:40:45.393, 0, 0 %, 0 %, 35285 MiB, 36.33 W
2026/09/11 16:40:45.393, 1, 0 %, 0 %, 35283 MiB, 36.21 W
2026/09/11 16:40:45.393, 2, 0 %, 0 %, 35284 MiB, 36.87 W
2026/09/11 16:40:50.401, 0, 0 %, 0 %, 35285 MiB, 36.33 W
2026/09/11 16:40:50.401, 1, 0 %, 0 %, 35283 MiB, 36.21 W
2026/09/11 16:40:50.401, 2, 7 %, 0 %, 35284 MiB, 36.87 W
2026/09/11 16:40:55.403, 0, 0 %, 0 %, 35285 MiB, 36.23 W
2026/09/11 16:40:55.403, 1, 0 %, 0 %, 35283 MiB, 36.00 W
2026/09/11 16:40:55.403, 2, 4 %, 0 %, 35284 MiB, 37.46 W
2026/09/11 16:41:00.410, 0, 0 %, 0 %, 35285 MiB, 37.90 W
2026/09/11 16:41:00.410, 1, 2 %, 0 %, 35283 MiB, 36.20 W
2026/09/11 16:41:00.410, 2, 0 %, 0 %, 35284 MiB, 36.87 W
2026/09/11 16:41:05.411, 0, 0 %, 0 %, 35285 MiB, 36.23 W
2026/09/11 16:41:05.411, 1, 0 %, 0 %, 35283 MiB, 36.00 W
2026/09/11 16:41:05.412, 2, 0 %, 0 %, 35284 MiB, 36.66 W
2026/09/11 16:41:10.413, 0, 0 %, 0 %, 35285 MiB, 36.26 W
2026/09/11 16:41:10.413, 1, 0 %, 0 %, 35283 MiB, 36.01 W
2026/09/11 16:41:10.413, 2, 0 %, 0 %, 35284 MiB, 36.59 W
2026/09/11 16:41:15.421, 0, 0 %, 0 %, 35285 MiB, 36.92 W
2026/09/11 16:41:15.421, 1, 4 %, 0 %, 35283 MiB, 36.11 W
2026/09/11 16:41:15.421, 2, 8 %, 0 %, 35284 MiB, 36.77 W
2026/09/11 16:41:20.426, 0, 13 %, 0 %, 35285 MiB, 36.34 W
2026/09/11 16:41:20.426, 1, 9 %, 0 %, 35283 MiB, 36.30 W
2026/09/11 16:41:20.426, 2, 16 %, 0 %, 35284 MiB, 36.57 W
2026/09/11 16:41:25.427, 0, 6 %, 0 %, 35285 MiB, 36.34 W
2026/09/11 16:41:25.428, 1, 20 %, 0 %, 35283 MiB, 35.92 W
2026/09/11 16:41:25.428, 2, 10 %, 0 %, 35284 MiB, 36.57 W
2026/09/11 16:41:30.429, 0, 19 %, 0 %, 35285 MiB, 36.72 W
2026/09/11 16:41:30.429, 1, 23 %, 0 %, 35283 MiB, 35.62 W
2026/09/11 16:41:30.429, 2, 12 %, 0 %, 35284 MiB, 38.04 W
2026/09/11 16:41:35.439, 0, 0 %, 0 %, 35285 MiB, 36.34 W
2026/09/11 16:41:35.439, 1, 17 %, 0 %, 35283 MiB, 38.68 W
2026/09/11 16:41:35.439, 2, 8 %, 0 %, 35284 MiB, 37.75 W
2026/09/11 16:41:40.440, 0, 10 %, 0 %, 35285 MiB, 37.50 W
2026/09/11 16:41:40.440, 1, 0 %, 0 %, 35283 MiB, 38.38 W
2026/09/11 16:41:40.441, 2, 8 %, 0 %, 35284 MiB, 38.06 W
2026/09/11 16:41:45.451, 0, 10 %, 0 %, 35285 MiB, 37.23 W
2026/09/11 16:41:45.451, 1, 0 %, 0 %, 35283 MiB, 37.09 W
2026/09/11 16:41:45.451, 2, 15 %, 0 %, 35284 MiB, 36.68 W
2026/09/11 16:41:50.453, 0, 28 %, 1 %, 35285 MiB, 37.72 W
2026/09/11 16:41:50.453, 1, 8 %, 0 %, 35283 MiB, 35.52 W
2026/09/11 16:41:50.453, 2, 20 %, 0 %, 35284 MiB, 38.84 W
2026/09/11 16:41:55.455, 0, 2 %, 0 %, 35285 MiB, 36.16 W
2026/09/11 16:41:55.455, 1, 4 %, 0 %, 35283 MiB, 35.52 W
2026/09/11 16:41:55.455, 2, 8 %, 0 %, 35284 MiB, 36.47 W
2026/09/11 16:42:00.456, 0, 20 %, 0 %, 35285 MiB, 36.03 W
2026/09/11 16:42:00.456, 1, 8 %, 0 %, 35283 MiB, 35.71 W
2026/09/11 16:42:00.456, 2, 17 %, 0 %, 35284 MiB, 36.36 W
2026/09/11 16:42:05.458, 0, 20 %, 0 %, 35285 MiB, 36.04 W
2026/09/11 16:42:05.458, 1, 2 %, 0 %, 35283 MiB, 35.72 W
2026/09/11 16:42:05.458, 2, 14 %, 0 %, 35284 MiB, 36.36 W
2026/09/11 16:42:10.459, 0, 10 %, 0 %, 35285 MiB, 36.23 W
2026/09/11 16:42:10.460, 1, 9 %, 1 %, 35283 MiB, 35.33 W
2026/09/11 16:42:10.460, 2, 27 %, 1 %, 35284 MiB, 36.37 W
2026/09/11 16:42:15.460, 0, 1 %, 0 %, 35285 MiB, 36.04 W
2026/09/11 16:42:15.460, 1, 0 %, 0 %, 35283 MiB, 35.42 W
2026/09/11 16:42:15.460, 2, 9 %, 0 %, 35284 MiB, 39.54 W
2026/09/11 16:42:20.461, 0, 0 %, 0 %, 35285 MiB, 36.06 W
2026/09/11 16:42:20.461, 1, 0 %, 0 %, 35283 MiB, 35.62 W
2026/09/11 16:42:20.461, 2, 0 %, 0 %, 35284 MiB, 36.37 W
2026/09/11 16:42:25.461, 0, 0 %, 0 %, 35285 MiB, 36.06 W
2026/09/11 16:42:25.462, 1, 0 %, 0 %, 35283 MiB, 35.44 W
2026/09/11 16:42:25.462, 2, 0 %, 0 %, 35284 MiB, 36.59 W
2026/09/11 16:42:30.462, 0, 0 %, 0 %, 35285 MiB, 36.16 W
2026/09/11 16:42:30.462, 1, 0 %, 0 %, 35283 MiB, 35.33 W
2026/09/11 16:42:30.462, 2, 0 %, 0 %, 35284 MiB, 36.37 W
2026/09/11 16:42:35.463, 0, 0 %, 0 %, 35285 MiB, 36.06 W
2026/09/11 16:42:35.463, 1, 0 %, 0 %, 35283 MiB, 35.22 W
2026/09/11 16:42:35.463, 2, 10 %, 0 %, 35284 MiB, 36.38 W
2026/09/11 16:42:40.464, 0, 0 %, 0 %, 35285 MiB, 36.06 W
2026/09/11 16:42:40.464, 1, 0 %, 0 %, 35283 MiB, 35.44 W
2026/09/11 16:42:40.464, 2, 10 %, 0 %, 35284 MiB, 36.38 W
2026/09/11 16:42:45.464, 0, 0 %, 0 %, 35285 MiB, 36.06 W
2026/09/11 16:42:45.464, 1, 0 %, 0 %, 35283 MiB, 35.24 W
2026/09/11 16:42:45.464, 2, 0 %, 0 %, 35284 MiB, 36.38 W
2026/09/11 16:42:50.465, 0, 0 %, 0 %, 35285 MiB, 35.96 W
2026/09/11 16:42:50.465, 1, 0 %, 0 %, 35283 MiB, 35.22 W
2026/09/11 16:42:50.465, 2, 10 %, 0 %, 35284 MiB, 36.38 W
2026/09/11 16:42:55.465, 0, 0 %, 0 %, 35285 MiB, 35.96 W
2026/09/11 16:42:55.465, 1, 0 %, 0 %, 35283 MiB, 35.23 W
2026/09/11 16:42:55.465, 2, 0 %, 0 %, 35284 MiB, 36.38 W
2026/09/11 16:43:00.466, 0, 0 %, 0 %, 35285 MiB, 35.85 W
2026/09/11 16:43:00.466, 1, 0 %, 0 %, 35283 MiB, 35.33 W
2026/09/11 16:43:00.466, 2, 0 %, 0 %, 35284 MiB, 36.37 W
2026/09/11 16:43:05.467, 0, 0 %, 0 %, 35285 MiB, 35.96 W
2026/09/11 16:43:05.467, 1, 0 %, 0 %, 35283 MiB, 35.23 W
2026/09/11 16:43:05.467, 2, 0 %, 0 %, 35284 MiB, 36.19 W
2026/09/11 16:43:10.467, 0, 93 %, 3 %, 35285 MiB, 85.31 W
2026/09/11 16:43:10.468, 1, 95 %, 5 %, 35283 MiB, 77.50 W
2026/09/11 16:43:10.468, 2, 91 %, 3 %, 35284 MiB, 78.65 W
2026/09/11 16:43:15.468, 0, 92 %, 3 %, 35285 MiB, 82.84 W
2026/09/11 16:43:15.468, 1, 96 %, 5 %, 35283 MiB, 121.25 W
2026/09/11 16:43:15.468, 2, 93 %, 5 %, 35284 MiB, 80.69 W
2026/09/11 16:43:20.469, 0, 95 %, 3 %, 35285 MiB, 83.56 W
2026/09/11 16:43:20.469, 1, 94 %, 3 %, 35283 MiB, 77.70 W
2026/09/11 16:43:20.469, 2, 95 %, 5 %, 35284 MiB, 80.28 W
2026/09/11 16:43:25.470, 0, 92 %, 3 %, 35285 MiB, 80.85 W
2026/09/11 16:43:25.470, 1, 97 %, 5 %, 35283 MiB, 125.39 W
2026/09/11 16:43:25.470, 2, 92 %, 3 %, 35284 MiB, 82.33 W
2026/09/11 16:43:30.472, 0, 97 %, 5 %, 35285 MiB, 84.04 W
2026/09/11 16:43:30.472, 1, 95 %, 3 %, 35283 MiB, 78.16 W
2026/09/11 16:43:30.472, 2, 95 %, 3 %, 35284 MiB, 79.44 W
2026/09/11 16:43:35.472, 0, 93 %, 3 %, 35285 MiB, 82.79 W
2026/09/11 16:43:35.473, 1, 95 %, 6 %, 35283 MiB, 78.15 W
2026/09/11 16:43:35.473, 2, 92 %, 5 %, 35284 MiB, 83.42 W
2026/09/11 16:43:40.473, 0, 92 %, 3 %, 35285 MiB, 117.18 W
2026/09/11 16:43:40.474, 1, 92 %, 6 %, 35283 MiB, 79.22 W
2026/09/11 16:43:40.474, 2, 91 %, 3 %, 35284 MiB, 82.04 W
2026/09/11 16:43:45.474, 0, 94 %, 3 %, 35285 MiB, 86.50 W
2026/09/11 16:43:45.474, 1, 95 %, 3 %, 35283 MiB, 80.25 W
2026/09/11 16:43:45.474, 2, 93 %, 3 %, 35284 MiB, 79.45 W
2026/09/11 16:43:50.475, 0, 93 %, 3 %, 35285 MiB, 87.33 W
2026/09/11 16:43:50.475, 1, 96 %, 5 %, 35283 MiB, 81.02 W
2026/09/11 16:43:50.475, 2, 94 %, 3 %, 35284 MiB, 80.43 W
2026/09/11 16:43:55.476, 0, 94 %, 3 %, 35285 MiB, 84.73 W
2026/09/11 16:43:55.476, 1, 95 %, 3 %, 35283 MiB, 79.57 W
2026/09/11 16:43:55.477, 2, 95 %, 3 %, 35284 MiB, 79.08 W
2026/09/11 16:44:00.477, 0, 94 %, 3 %, 35285 MiB, 84.66 W
2026/09/11 16:44:00.477, 1, 95 %, 6 %, 35283 MiB, 76.84 W
2026/09/11 16:44:00.477, 2, 94 %, 3 %, 35284 MiB, 79.98 W
2026/09/11 16:44:05.478, 0, 95 %, 3 %, 35285 MiB, 81.43 W
2026/09/11 16:44:05.478, 1, 97 %, 8 %, 35283 MiB, 79.19 W
2026/09/11 16:44:05.479, 2, 95 %, 3 %, 35284 MiB, 79.31 W
2026/09/11 16:44:10.479, 0, 94 %, 3 %, 35285 MiB, 80.54 W
2026/09/11 16:44:10.479, 1, 97 %, 6 %, 35283 MiB, 76.65 W
2026/09/11 16:44:10.479, 2, 92 %, 3 %, 35284 MiB, 80.25 W
2026/09/11 16:44:15.480, 0, 94 %, 5 %, 35285 MiB, 114.60 W
2026/09/11 16:44:15.480, 1, 96 %, 3 %, 35283 MiB, 77.44 W
2026/09/11 16:44:15.480, 2, 97 %, 6 %, 35284 MiB, 78.85 W
2026/09/11 16:44:20.480, 0, 96 %, 3 %, 35285 MiB, 78.69 W
2026/09/11 16:44:20.481, 1, 96 %, 8 %, 35283 MiB, 77.13 W
2026/09/11 16:44:20.481, 2, 94 %, 5 %, 35284 MiB, 89.68 W
2026/09/11 16:44:25.481, 0, 96 %, 3 %, 35285 MiB, 82.36 W
2026/09/11 16:44:25.481, 1, 97 %, 5 %, 35283 MiB, 114.23 W
2026/09/11 16:44:25.481, 2, 94 %, 3 %, 35284 MiB, 79.65 W
2026/09/11 16:44:30.482, 0, 96 %, 5 %, 35285 MiB, 83.24 W
2026/09/11 16:44:30.482, 1, 97 %, 5 %, 35283 MiB, 78.59 W
2026/09/11 16:44:30.482, 2, 94 %, 3 %, 35284 MiB, 78.74 W
2026/09/11 16:44:35.483, 0, 97 %, 5 %, 35285 MiB, 80.64 W
2026/09/11 16:44:35.483, 1, 98 %, 5 %, 35283 MiB, 79.93 W
2026/09/11 16:44:35.483, 2, 95 %, 6 %, 35284 MiB, 109.04 W
2026/09/11 16:44:40.484, 0, 97 %, 5 %, 35285 MiB, 81.14 W
2026/09/11 16:44:40.484, 1, 97 %, 7 %, 35283 MiB, 114.60 W
2026/09/11 16:44:40.484, 2, 96 %, 5 %, 35284 MiB, 133.55 W
2026/09/11 16:44:45.485, 0, 93 %, 8 %, 35285 MiB, 81.80 W
2026/09/11 16:44:45.485, 1, 98 %, 6 %, 35283 MiB, 77.79 W
2026/09/11 16:44:45.485, 2, 96 %, 5 %, 35284 MiB, 81.84 W
2026/09/11 16:44:50.486, 0, 77 %, 6 %, 35285 MiB, 77.62 W
2026/09/11 16:44:50.486, 1, 36 %, 3 %, 35283 MiB, 63.97 W
2026/09/11 16:44:50.486, 2, 99 %, 6 %, 35284 MiB, 79.99 W
2026/09/11 16:44:55.487, 0, 0 %, 0 %, 35285 MiB, 58.01 W
2026/09/11 16:44:55.487, 1, 0 %, 0 %, 35283 MiB, 55.88 W
2026/09/11 16:44:55.487, 2, 0 %, 0 %, 35284 MiB, 58.50 W
2026/09/11 16:45:00.495, 0, 0 %, 0 %, 35285 MiB, 37.32 W
2026/09/11 16:45:00.495, 1, 0 %, 0 %, 35283 MiB, 36.88 W
2026/09/11 16:45:00.495, 2, 0 %, 0 %, 35284 MiB, 37.95 W
2026/09/11 16:45:05.503, 0, 0 %, 0 %, 35285 MiB, 37.32 W
2026/09/11 16:45:05.503, 1, 0 %, 0 %, 35283 MiB, 36.59 W
2026/09/11 16:45:05.503, 2, 0 %, 0 %, 35284 MiB, 37.75 W
2026/09/11 16:45:10.511, 0, 0 %, 0 %, 35285 MiB, 37.22 W
2026/09/11 16:45:10.511, 1, 0 %, 0 %, 35283 MiB, 36.59 W
2026/09/11 16:45:10.511, 2, 0 %, 0 %, 35284 MiB, 37.46 W
2026/09/11 16:45:15.515, 0, 0 %, 0 %, 35285 MiB, 36.72 W
2026/09/11 16:45:15.515, 1, 0 %, 0 %, 35283 MiB, 36.59 W
2026/09/11 16:45:15.515, 2, 0 %, 0 %, 35284 MiB, 37.26 W
2026/09/11 16:45:20.515, 0, 0 %, 0 %, 35285 MiB, 36.72 W
2026/09/11 16:45:20.515, 1, 0 %, 0 %, 35283 MiB, 36.39 W
2026/09/11 16:45:20.516, 2, 0 %, 0 %, 35284 MiB, 41.73 W
2026/09/11 16:45:25.524, 0, 0 %, 0 %, 35285 MiB, 36.72 W
2026/09/11 16:45:25.524, 1, 0 %, 0 %, 35283 MiB, 36.39 W
2026/09/11 16:45:25.524, 2, 0 %, 0 %, 35284 MiB, 37.17 W
2026/09/11 16:45:30.525, 0, 0 %, 0 %, 35285 MiB, 36.73 W
2026/09/11 16:45:30.525, 1, 0 %, 0 %, 35283 MiB, 36.39 W
2026/09/11 16:45:30.525, 2, 0 %, 0 %, 35284 MiB, 36.97 W
2026/09/11 16:45:35.527, 0, 4 %, 0 %, 35285 MiB, 36.52 W
2026/09/11 16:45:35.527, 1, 0 %, 0 %, 35283 MiB, 36.29 W
2026/09/11 16:45:35.527, 2, 2 %, 0 %, 35284 MiB, 37.07 W
2026/09/11 16:45:40.529, 0, 0 %, 0 %, 35285 MiB, 36.62 W
2026/09/11 16:45:40.529, 1, 7 %, 0 %, 35283 MiB, 36.29 W
2026/09/11 16:45:40.529, 2, 0 %, 0 %, 35284 MiB, 36.97 W
2026/09/11 16:45:45.538, 0, 0 %, 0 %, 35285 MiB, 36.52 W
2026/09/11 16:45:45.538, 1, 0 %, 0 %, 35283 MiB, 36.20 W
2026/09/11 16:45:45.538, 2, 0 %, 0 %, 35284 MiB, 36.87 W
2026/09/11 16:45:50.540, 0, 0 %, 0 %, 35285 MiB, 36.43 W
2026/09/11 16:45:50.540, 1, 0 %, 0 %, 35283 MiB, 36.20 W
2026/09/11 16:45:50.540, 2, 0 %, 0 %, 35284 MiB, 36.77 W
2026/09/11 16:45:55.549, 0, 0 %, 0 %, 35285 MiB, 36.33 W
2026/09/11 16:45:55.549, 1, 3 %, 0 %, 35283 MiB, 36.01 W
2026/09/11 16:45:55.549, 2, 0 %, 0 %, 35284 MiB, 36.87 W
2026/09/11 16:46:00.551, 0, 0 %, 0 %, 35285 MiB, 36.43 W
2026/09/11 16:46:00.551, 1, 0 %, 0 %, 35283 MiB, 35.92 W
2026/09/11 16:46:00.551, 2, 0 %, 0 %, 35284 MiB, 36.66 W
2026/09/11 16:46:05.552, 0, 0 %, 0 %, 35285 MiB, 36.34 W
2026/09/11 16:46:05.552, 1, 0 %, 0 %, 35283 MiB, 35.82 W
2026/09/11 16:46:05.552, 2, 0 %, 0 %, 35284 MiB, 36.78 W
2026/09/11 16:46:10.553, 0, 10 %, 0 %, 35285 MiB, 36.34 W
2026/09/11 16:46:10.553, 1, 8 %, 0 %, 35283 MiB, 43.22 W
2026/09/11 16:46:10.554, 2, 8 %, 0 %, 35284 MiB, 36.97 W
2026/09/11 16:46:15.555, 0, 0 %, 0 %, 35285 MiB, 38.81 W
2026/09/11 16:46:15.555, 1, 8 %, 0 %, 35283 MiB, 35.72 W
2026/09/11 16:46:15.555, 2, 10 %, 0 %, 35284 MiB, 40.23 W
2026/09/11 16:46:20.564, 0, 6 %, 0 %, 35285 MiB, 38.31 W
2026/09/11 16:46:20.564, 1, 17 %, 0 %, 35283 MiB, 35.82 W
2026/09/11 16:46:20.564, 2, 8 %, 0 %, 35284 MiB, 36.47 W
2026/09/11 16:46:25.565, 0, 0 %, 0 %, 35285 MiB, 43.85 W
2026/09/11 16:46:25.566, 1, 18 %, 0 %, 35283 MiB, 36.01 W
2026/09/11 16:46:25.566, 2, 18 %, 0 %, 35284 MiB, 36.47 W
2026/09/11 16:46:30.567, 0, 0 %, 0 %, 35285 MiB, 36.93 W
2026/09/11 16:46:30.567, 1, 10 %, 0 %, 35283 MiB, 35.81 W
2026/09/11 16:46:30.567, 2, 6 %, 0 %, 35284 MiB, 40.44 W
2026/09/11 16:46:35.569, 0, 20 %, 0 %, 35285 MiB, 37.13 W
2026/09/11 16:46:35.569, 1, 20 %, 0 %, 35283 MiB, 37.79 W
2026/09/11 16:46:35.569, 2, 8 %, 0 %, 35284 MiB, 36.46 W
2026/09/11 16:46:40.572, 0, 0 %, 0 %, 35285 MiB, 39.69 W
2026/09/11 16:46:40.572, 1, 11 %, 0 %, 35283 MiB, 35.72 W
2026/09/11 16:46:40.572, 2, 4 %, 0 %, 35284 MiB, 39.03 W
2026/09/11 16:46:45.573, 0, 10 %, 0 %, 35285 MiB, 36.15 W
2026/09/11 16:46:45.574, 1, 25 %, 0 %, 35283 MiB, 35.62 W
2026/09/11 16:46:45.574, 2, 14 %, 0 %, 35284 MiB, 39.44 W
2026/09/11 16:46:50.574, 0, 4 %, 0 %, 35285 MiB, 39.29 W
2026/09/11 16:46:50.574, 1, 12 %, 0 %, 35285 MiB, 35.71 W
2026/09/11 16:46:50.574, 2, 18 %, 0 %, 35284 MiB, 37.26 W
2026/09/11 16:46:55.574, 0, 10 %, 0 %, 35285 MiB, 36.25 W
2026/09/11 16:46:55.575, 1, 14 %, 0 %, 35285 MiB, 38.28 W
2026/09/11 16:46:55.575, 2, 12 %, 0 %, 35284 MiB, 36.76 W
2026/09/11 16:47:00.576, 0, 10 %, 0 %, 35285 MiB, 38.81 W
2026/09/11 16:47:00.576, 1, 6 %, 0 %, 35285 MiB, 35.72 W
2026/09/11 16:47:00.576, 2, 10 %, 0 %, 35284 MiB, 40.64 W
2026/09/11 16:47:05.577, 0, 14 %, 0 %, 35285 MiB, 36.05 W
2026/09/11 16:47:05.578, 1, 0 %, 0 %, 35285 MiB, 35.91 W
2026/09/11 16:47:05.578, 2, 0 %, 0 %, 35284 MiB, 36.36 W
2026/09/11 16:47:10.578, 0, 6 %, 0 %, 35285 MiB, 36.24 W
2026/09/11 16:47:10.579, 1, 12 %, 0 %, 35285 MiB, 35.42 W
2026/09/11 16:47:10.579, 2, 10 %, 0 %, 35284 MiB, 36.36 W
2026/09/11 16:47:15.579, 0, 0 %, 0 %, 35285 MiB, 36.16 W
2026/09/11 16:47:15.579, 1, 7 %, 1 %, 35285 MiB, 40.76 W
2026/09/11 16:47:15.580, 2, 2 %, 0 %, 35284 MiB, 36.37 W
2026/09/11 16:47:20.580, 0, 0 %, 0 %, 35285 MiB, 36.06 W
2026/09/11 16:47:20.580, 1, 0 %, 0 %, 35285 MiB, 35.34 W
2026/09/11 16:47:20.580, 2, 0 %, 0 %, 35284 MiB, 36.59 W
2026/09/11 16:47:25.581, 0, 0 %, 0 %, 35285 MiB, 36.16 W
2026/09/11 16:47:25.581, 1, 0 %, 0 %, 35285 MiB, 35.34 W
2026/09/11 16:47:25.581, 2, 0 %, 0 %, 35284 MiB, 36.18 W
2026/09/11 16:47:30.581, 0, 0 %, 0 %, 35285 MiB, 36.16 W
2026/09/11 16:47:30.582, 1, 0 %, 0 %, 35285 MiB, 35.24 W
2026/09/11 16:47:30.582, 2, 0 %, 0 %, 35284 MiB, 36.19 W
2026/09/11 16:47:35.582, 0, 0 %, 0 %, 35285 MiB, 35.86 W
2026/09/11 16:47:35.583, 1, 0 %, 0 %, 35285 MiB, 35.23 W
2026/09/11 16:47:35.583, 2, 0 %, 0 %, 35284 MiB, 36.19 W
2026/09/11 16:47:40.583, 0, 0 %, 0 %, 35285 MiB, 35.96 W
2026/09/11 16:47:40.583, 1, 12 %, 0 %, 35285 MiB, 40.26 W
2026/09/11 16:47:40.583, 2, 0 %, 0 %, 35284 MiB, 36.37 W
2026/09/11 16:47:45.584, 0, 0 %, 0 %, 35285 MiB, 35.96 W
2026/09/11 16:47:45.584, 1, 0 %, 0 %, 35285 MiB, 35.44 W
2026/09/11 16:47:45.584, 2, 0 %, 0 %, 35284 MiB, 36.19 W
2026/09/11 16:47:50.585, 0, 0 %, 0 %, 35285 MiB, 35.96 W
2026/09/11 16:47:50.585, 1, 0 %, 0 %, 35285 MiB, 35.34 W
2026/09/11 16:47:50.585, 2, 0 %, 0 %, 35284 MiB, 36.19 W
2026/09/11 16:47:55.586, 0, 94 %, 3 %, 35285 MiB, 82.05 W
2026/09/11 16:47:55.586, 1, 93 %, 5 %, 35285 MiB, 82.73 W
2026/09/11 16:47:55.586, 2, 96 %, 5 %, 35284 MiB, 83.91 W
2026/09/11 16:48:00.587, 0, 92 %, 3 %, 35285 MiB, 80.83 W
2026/09/11 16:48:00.587, 1, 96 %, 3 %, 35285 MiB, 80.35 W
2026/09/11 16:48:00.587, 2, 94 %, 3 %, 35284 MiB, 80.99 W
2026/09/11 16:48:05.588, 0, 94 %, 5 %, 35285 MiB, 84.36 W
2026/09/11 16:48:05.589, 1, 95 %, 5 %, 35285 MiB, 81.32 W
2026/09/11 16:48:05.589, 2, 93 %, 5 %, 35284 MiB, 83.23 W
2026/09/11 16:48:10.589, 0, 94 %, 3 %, 35285 MiB, 84.04 W
2026/09/11 16:48:10.589, 1, 94 %, 5 %, 35285 MiB, 80.00 W
2026/09/11 16:48:10.589, 2, 95 %, 5 %, 35284 MiB, 82.34 W
2026/09/11 16:48:15.590, 0, 93 %, 3 %, 35285 MiB, 85.04 W
2026/09/11 16:48:15.590, 1, 94 %, 5 %, 35285 MiB, 78.93 W
2026/09/11 16:48:15.590, 2, 94 %, 5 %, 35284 MiB, 82.82 W
2026/09/11 16:48:20.590, 0, 94 %, 3 %, 35285 MiB, 86.47 W
2026/09/11 16:48:20.591, 1, 94 %, 3 %, 35285 MiB, 80.28 W
2026/09/11 16:48:20.591, 2, 94 %, 5 %, 35284 MiB, 80.67 W
2026/09/11 16:48:25.591, 0, 96 %, 3 %, 35285 MiB, 84.08 W
2026/09/11 16:48:25.592, 1, 94 %, 3 %, 35285 MiB, 80.80 W
2026/09/11 16:48:25.592, 2, 94 %, 6 %, 35284 MiB, 79.17 W
2026/09/11 16:48:30.592, 0, 93 %, 3 %, 35285 MiB, 125.39 W
2026/09/11 16:48:30.593, 1, 88 %, 3 %, 35285 MiB, 78.86 W
2026/09/11 16:48:30.593, 2, 94 %, 3 %, 35284 MiB, 78.46 W
2026/09/11 16:48:35.593, 0, 92 %, 5 %, 35285 MiB, 86.09 W
2026/09/11 16:48:35.593, 1, 96 %, 3 %, 35285 MiB, 79.94 W
2026/09/11 16:48:35.593, 2, 92 %, 3 %, 35284 MiB, 82.39 W
2026/09/11 16:48:40.595, 0, 93 %, 3 %, 35285 MiB, 87.07 W
2026/09/11 16:48:40.595, 1, 96 %, 5 %, 35285 MiB, 82.37 W
2026/09/11 16:48:40.595, 2, 91 %, 3 %, 35284 MiB, 87.84 W
2026/09/11 16:48:45.596, 0, 93 %, 3 %, 35285 MiB, 82.82 W
2026/09/11 16:48:45.596, 1, 96 %, 5 %, 35285 MiB, 75.08 W
2026/09/11 16:48:45.596, 2, 93 %, 3 %, 35284 MiB, 79.94 W
2026/09/11 16:48:50.596, 0, 98 %, 5 %, 35285 MiB, 80.22 W
2026/09/11 16:48:50.597, 1, 94 %, 4 %, 35285 MiB, 98.31 W
2026/09/11 16:48:50.597, 2, 97 %, 5 %, 35284 MiB, 80.51 W
2026/09/11 16:48:55.604, 0, 93 %, 3 %, 35285 MiB, 78.58 W
2026/09/11 16:48:55.604, 1, 96 %, 5 %, 35285 MiB, 77.62 W
2026/09/11 16:48:55.605, 2, 95 %, 6 %, 35284 MiB, 79.65 W
2026/09/11 16:49:00.605, 0, 97 %, 5 %, 35285 MiB, 80.96 W
2026/09/11 16:49:00.605, 1, 97 %, 8 %, 35285 MiB, 96.11 W
2026/09/11 16:49:00.605, 2, 93 %, 5 %, 35284 MiB, 78.94 W
2026/09/11 16:49:05.606, 0, 97 %, 5 %, 35285 MiB, 81.05 W
2026/09/11 16:49:05.606, 1, 96 %, 8 %, 35285 MiB, 77.92 W
2026/09/11 16:49:05.606, 2, 94 %, 3 %, 35284 MiB, 78.75 W
2026/09/11 16:49:10.607, 0, 97 %, 5 %, 35285 MiB, 83.41 W
2026/09/11 16:49:10.607, 1, 95 %, 5 %, 35285 MiB, 83.26 W
2026/09/11 16:49:10.607, 2, 96 %, 3 %, 35284 MiB, 81.59 W
2026/09/11 16:49:15.608, 0, 98 %, 3 %, 35285 MiB, 110.31 W
2026/09/11 16:49:15.608, 1, 96 %, 3 %, 35285 MiB, 77.20 W
2026/09/11 16:49:15.608, 2, 95 %, 5 %, 35284 MiB, 96.30 W
2026/09/11 16:49:20.609, 0, 97 %, 5 %, 35285 MiB, 81.62 W
2026/09/11 16:49:20.609, 1, 93 %, 5 %, 35285 MiB, 78.33 W
2026/09/11 16:49:20.609, 2, 93 %, 3 %, 35284 MiB, 78.32 W
2026/09/11 16:49:25.609, 0, 98 %, 3 %, 35285 MiB, 82.49 W
2026/09/11 16:49:25.610, 1, 97 %, 5 %, 35285 MiB, 77.52 W
2026/09/11 16:49:25.610, 2, 96 %, 5 %, 35284 MiB, 81.14 W
2026/09/11 16:49:30.610, 0, 97 %, 6 %, 35285 MiB, 82.10 W
2026/09/11 16:49:30.610, 1, 97 %, 3 %, 35285 MiB, 75.64 W
2026/09/11 16:49:30.610, 2, 93 %, 3 %, 35284 MiB, 81.51 W
2026/09/11 16:49:35.611, 0, 35 %, 1 %, 35285 MiB, 69.01 W
2026/09/11 16:49:35.611, 1, 33 %, 1 %, 35285 MiB, 63.43 W
2026/09/11 16:49:35.611, 2, 45 %, 3 %, 35284 MiB, 68.89 W
2026/09/11 16:49:40.611, 0, 0 %, 0 %, 35285 MiB, 37.42 W
2026/09/11 16:49:40.611, 1, 0 %, 0 %, 35285 MiB, 36.98 W
2026/09/11 16:49:40.612, 2, 0 %, 0 %, 35284 MiB, 37.95 W
2026/09/11 16:49:45.612, 0, 0 %, 0 %, 35285 MiB, 37.42 W
2026/09/11 16:49:45.612, 1, 0 %, 0 %, 35285 MiB, 36.80 W
2026/09/11 16:49:45.612, 2, 0 %, 0 %, 35284 MiB, 37.65 W
2026/09/11 16:49:50.613, 0, 5 %, 1 %, 35285 MiB, 37.81 W
2026/09/11 16:49:50.613, 1, 9 %, 1 %, 35285 MiB, 36.59 W
2026/09/11 16:49:50.613, 2, 0 %, 0 %, 35284 MiB, 38.25 W
2026/09/11 16:49:55.615, 0, 0 %, 0 %, 35285 MiB, 36.92 W
2026/09/11 16:49:55.615, 1, 0 %, 0 %, 35285 MiB, 36.61 W
2026/09/11 16:49:55.615, 2, 0 %, 0 %, 35284 MiB, 37.56 W
2026/09/11 16:50:00.617, 0, 0 %, 0 %, 35285 MiB, 36.82 W
2026/09/11 16:50:00.617, 1, 0 %, 0 %, 35285 MiB, 36.61 W
2026/09/11 16:50:00.617, 2, 0 %, 0 %, 35284 MiB, 37.17 W
2026/09/11 16:50:05.619, 0, 0 %, 0 %, 35285 MiB, 36.92 W
2026/09/11 16:50:05.619, 1, 4 %, 0 %, 35285 MiB, 36.89 W
2026/09/11 16:50:05.619, 2, 0 %, 0 %, 35284 MiB, 37.17 W
2026/09/11 16:50:10.620, 0, 0 %, 0 %, 35285 MiB, 36.82 W
2026/09/11 16:50:10.620, 1, 0 %, 0 %, 35285 MiB, 36.40 W
2026/09/11 16:50:10.621, 2, 5 %, 0 %, 35284 MiB, 37.07 W
2026/09/11 16:50:15.622, 0, 0 %, 0 %, 35285 MiB, 36.72 W
2026/09/11 16:50:15.622, 1, 0 %, 0 %, 35285 MiB, 36.40 W
2026/09/11 16:50:15.622, 2, 0 %, 0 %, 35284 MiB, 37.17 W
2026/09/11 16:50:20.623, 0, 0 %, 0 %, 35285 MiB, 36.52 W
2026/09/11 16:50:20.623, 1, 67 %, 1 %, 35285 MiB, 50.19 W
2026/09/11 16:50:20.623, 2, 0 %, 0 %, 35284 MiB, 36.97 W
2026/09/11 16:50:25.625, 0, 6 %, 0 %, 35285 MiB, 36.62 W
2026/09/11 16:50:25.625, 1, 0 %, 0 %, 35285 MiB, 36.10 W
2026/09/11 16:50:25.625, 2, 0 %, 0 %, 35284 MiB, 36.87 W
2026/09/11 16:50:30.627, 0, 0 %, 0 %, 35285 MiB, 36.52 W
2026/09/11 16:50:30.627, 1, 0 %, 0 %, 35285 MiB, 36.00 W
2026/09/11 16:50:30.627, 2, 0 %, 0 %, 35284 MiB, 37.07 W
2026/09/11 16:50:35.628, 0, 0 %, 0 %, 35285 MiB, 36.33 W
2026/09/11 16:50:35.629, 1, 0 %, 0 %, 35285 MiB, 36.01 W
2026/09/11 16:50:35.629, 2, 0 %, 0 %, 35284 MiB, 36.97 W
2026/09/11 16:50:40.630, 0, 0 %, 0 %, 35285 MiB, 37.32 W
2026/09/11 16:50:40.630, 1, 0 %, 0 %, 35285 MiB, 36.01 W
2026/09/11 16:50:40.630, 2, 0 %, 0 %, 35284 MiB, 36.77 W
2026/09/11 16:50:45.632, 0, 4 %, 0 %, 35285 MiB, 36.43 W
2026/09/11 16:50:45.632, 1, 0 %, 0 %, 35285 MiB, 35.90 W
2026/09/11 16:50:45.632, 2, 1 %, 0 %, 35284 MiB, 41.53 W
2026/09/11 16:50:50.634, 0, 0 %, 0 %, 35285 MiB, 36.15 W
2026/09/11 16:50:50.634, 1, 0 %, 0 %, 35285 MiB, 35.92 W
2026/09/11 16:50:50.634, 2, 0 %, 0 %, 35284 MiB, 36.58 W
2026/09/11 16:50:55.641, 0, 10 %, 0 %, 35285 MiB, 36.23 W
2026/09/11 16:50:55.641, 1, 10 %, 0 %, 35285 MiB, 39.65 W
2026/09/11 16:50:55.641, 2, 0 %, 0 %, 35284 MiB, 38.83 W
2026/09/11 16:51:00.642, 0, 2 %, 0 %, 35285 MiB, 36.14 W
2026/09/11 16:51:00.642, 1, 10 %, 0 %, 35285 MiB, 37.59 W
2026/09/11 16:51:00.642, 2, 0 %, 0 %, 35284 MiB, 39.84 W
2026/09/11 16:51:05.651, 0, 8 %, 0 %, 35285 MiB, 40.69 W
2026/09/11 16:51:05.651, 1, 11 %, 0 %, 35285 MiB, 35.72 W
2026/09/11 16:51:05.651, 2, 18 %, 0 %, 35284 MiB, 36.47 W
2026/09/11 16:51:10.652, 0, 7 %, 0 %, 35285 MiB, 40.19 W
2026/09/11 16:51:10.652, 1, 20 %, 0 %, 35285 MiB, 35.71 W
2026/09/11 16:51:10.652, 2, 10 %, 0 %, 35284 MiB, 36.46 W
2026/09/11 16:51:15.654, 0, 8 %, 0 %, 35285 MiB, 36.34 W
2026/09/11 16:51:15.654, 1, 22 %, 0 %, 35285 MiB, 35.90 W
2026/09/11 16:51:15.654, 2, 22 %, 0 %, 35284 MiB, 36.47 W
2026/09/11 16:51:20.655, 0, 10 %, 0 %, 35285 MiB, 36.64 W
2026/09/11 16:51:20.655, 1, 10 %, 0 %, 35285 MiB, 35.72 W
2026/09/11 16:51:20.656, 2, 20 %, 0 %, 35284 MiB, 40.14 W
2026/09/11 16:51:25.656, 0, 9 %, 0 %, 35285 MiB, 41.76 W
2026/09/11 16:51:25.657, 1, 24 %, 0 %, 35285 MiB, 39.46 W
2026/09/11 16:51:25.657, 2, 10 %, 0 %, 35284 MiB, 38.04 W
2026/09/11 16:51:30.658, 0, 0 %, 0 %, 35285 MiB, 36.25 W
2026/09/11 16:51:30.658, 1, 10 %, 0 %, 35285 MiB, 35.43 W
2026/09/11 16:51:30.658, 2, 10 %, 0 %, 35284 MiB, 36.46 W
2026/09/11 16:51:35.661, 0, 10 %, 0 %, 35285 MiB, 36.24 W
2026/09/11 16:51:35.662, 1, 21 %, 0 %, 35285 MiB, 38.38 W
2026/09/11 16:51:35.662, 2, 8 %, 0 %, 35284 MiB, 41.73 W
2026/09/11 16:51:40.664, 0, 0 %, 0 %, 35285 MiB, 36.25 W
2026/09/11 16:51:40.665, 1, 10 %, 0 %, 35285 MiB, 35.81 W
2026/09/11 16:51:40.665, 2, 0 %, 0 %, 35284 MiB, 37.85 W
2026/09/11 16:51:45.666, 0, 10 %, 0 %, 35285 MiB, 37.51 W
2026/09/11 16:51:45.666, 1, 29 %, 1 %, 35285 MiB, 35.42 W
2026/09/11 16:51:45.666, 2, 16 %, 0 %, 35284 MiB, 39.94 W
2026/09/11 16:51:50.667, 0, 8 %, 0 %, 35285 MiB, 36.23 W
2026/09/11 16:51:50.667, 1, 0 %, 0 %, 35285 MiB, 35.63 W
2026/09/11 16:51:50.667, 2, 12 %, 0 %, 35284 MiB, 36.47 W
2026/09/11 16:51:55.669, 0, 0 %, 0 %, 35285 MiB, 36.15 W
2026/09/11 16:51:55.669, 1, 12 %, 0 %, 35285 MiB, 35.43 W
2026/09/11 16:51:55.669, 2, 9 %, 0 %, 35284 MiB, 38.66 W
2026/09/11 16:52:00.671, 0, 0 %, 0 %, 35285 MiB, 37.42 W
2026/09/11 16:52:00.671, 1, 18 %, 1 %, 35285 MiB, 35.51 W
2026/09/11 16:52:00.671, 2, 16 %, 1 %, 35284 MiB, 37.35 W
2026/09/11 16:52:05.672, 0, 0 %, 0 %, 35285 MiB, 36.06 W
2026/09/11 16:52:05.672, 1, 0 %, 0 %, 35285 MiB, 35.43 W
2026/09/11 16:52:05.672, 2, 0 %, 0 %, 35284 MiB, 36.37 W
2026/09/11 16:52:10.672, 0, 0 %, 0 %, 35285 MiB, 35.96 W
2026/09/11 16:52:10.672, 1, 0 %, 0 %, 35285 MiB, 35.43 W
2026/09/11 16:52:10.673, 2, 0 %, 0 %, 35284 MiB, 36.19 W
2026/09/11 16:52:15.673, 0, 0 %, 0 %, 35285 MiB, 36.06 W
2026/09/11 16:52:15.673, 1, 0 %, 0 %, 35285 MiB, 35.33 W
2026/09/11 16:52:15.673, 2, 0 %, 0 %, 35284 MiB, 36.19 W
2026/09/11 16:52:20.674, 0, 0 %, 0 %, 35285 MiB, 35.96 W
2026/09/11 16:52:20.674, 1, 10 %, 0 %, 35285 MiB, 35.44 W
2026/09/11 16:52:20.674, 2, 0 %, 0 %, 35284 MiB, 36.19 W
2026/09/11 16:52:25.674, 0, 0 %, 0 %, 35285 MiB, 35.96 W
2026/09/11 16:52:25.675, 1, 0 %, 0 %, 35285 MiB, 35.63 W
2026/09/11 16:52:25.675, 2, 0 %, 0 %, 35284 MiB, 36.28 W
2026/09/11 16:52:30.675, 0, 0 %, 0 %, 35285 MiB, 35.96 W
2026/09/11 16:52:30.675, 1, 1 %, 0 %, 35285 MiB, 38.69 W
2026/09/11 16:52:30.675, 2, 0 %, 0 %, 35284 MiB, 36.19 W
2026/09/11 16:52:35.676, 0, 0 %, 0 %, 35285 MiB, 36.06 W
2026/09/11 16:52:35.676, 1, 0 %, 0 %, 35285 MiB, 35.34 W
2026/09/11 16:52:35.676, 2, 0 %, 0 %, 35284 MiB, 36.27 W
2026/09/11 16:52:40.676, 0, 0 %, 0 %, 35285 MiB, 35.96 W
2026/09/11 16:52:40.677, 1, 10 %, 0 %, 35285 MiB, 35.33 W
2026/09/11 16:52:40.677, 2, 0 %, 0 %, 35284 MiB, 36.37 W
2026/09/11 16:52:45.677, 0, 0 %, 0 %, 35285 MiB, 36.06 W
2026/09/11 16:52:45.677, 1, 10 %, 0 %, 35285 MiB, 35.33 W
2026/09/11 16:52:45.677, 2, 0 %, 0 %, 35284 MiB, 36.19 W
2026/09/11 16:52:50.678, 0, 0 %, 0 %, 35285 MiB, 36.16 W
2026/09/11 16:52:50.678, 1, 0 %, 0 %, 35285 MiB, 35.23 W
2026/09/11 16:52:50.678, 2, 0 %, 0 %, 35284 MiB, 36.27 W
2026/09/11 16:52:55.679, 0, 0 %, 0 %, 35285 MiB, 35.96 W
2026/09/11 16:52:55.679, 1, 0 %, 0 %, 35285 MiB, 35.15 W
2026/09/11 16:52:55.679, 2, 0 %, 0 %, 35284 MiB, 36.28 W
2026/09/11 16:53:00.680, 0, 95 %, 3 %, 35285 MiB, 85.64 W
2026/09/11 16:53:00.680, 1, 91 %, 3 %, 35285 MiB, 77.55 W
2026/09/11 16:53:00.680, 2, 91 %, 3 %, 35284 MiB, 80.00 W
2026/09/11 16:53:05.681, 0, 94 %, 5 %, 35285 MiB, 83.60 W
2026/09/11 16:53:05.681, 1, 92 %, 3 %, 35285 MiB, 81.93 W
2026/09/11 16:53:05.681, 2, 91 %, 3 %, 35284 MiB, 82.61 W
2026/09/11 16:53:10.682, 0, 94 %, 3 %, 35285 MiB, 84.80 W
2026/09/11 16:53:10.682, 1, 94 %, 3 %, 35285 MiB, 81.46 W
2026/09/11 16:53:10.682, 2, 93 %, 3 %, 35284 MiB, 79.88 W
2026/09/11 16:53:15.683, 0, 88 %, 3 %, 35285 MiB, 85.85 W
2026/09/11 16:53:15.683, 1, 94 %, 6 %, 35285 MiB, 86.91 W
2026/09/11 16:53:15.683, 2, 89 %, 3 %, 35284 MiB, 81.13 W
2026/09/11 16:53:20.683, 0, 95 %, 3 %, 35285 MiB, 85.17 W
2026/09/11 16:53:20.684, 1, 96 %, 3 %, 35285 MiB, 79.76 W
2026/09/11 16:53:20.684, 2, 93 %, 3 %, 35284 MiB, 85.35 W
2026/09/11 16:53:25.684, 0, 91 %, 3 %, 35285 MiB, 83.59 W
2026/09/11 16:53:25.685, 1, 96 %, 3 %, 35285 MiB, 80.92 W
2026/09/11 16:53:25.685, 2, 90 %, 3 %, 35284 MiB, 79.04 W
2026/09/11 16:53:30.685, 0, 93 %, 5 %, 35285 MiB, 84.47 W
2026/09/11 16:53:30.685, 1, 95 %, 3 %, 35285 MiB, 80.29 W
2026/09/11 16:53:30.685, 2, 91 %, 3 %, 35284 MiB, 84.45 W
2026/09/11 16:53:35.686, 0, 96 %, 3 %, 35285 MiB, 88.54 W
2026/09/11 16:53:35.686, 1, 94 %, 5 %, 35285 MiB, 80.48 W
2026/09/11 16:53:35.686, 2, 91 %, 3 %, 35284 MiB, 81.26 W
2026/09/11 16:53:40.689, 0, 94 %, 3 %, 35285 MiB, 85.61 W
2026/09/11 16:53:40.689, 1, 94 %, 3 %, 35285 MiB, 102.98 W
2026/09/11 16:53:40.689, 2, 91 %, 4 %, 35284 MiB, 82.01 W
2026/09/11 16:53:45.690, 0, 91 %, 3 %, 35285 MiB, 84.19 W
2026/09/11 16:53:45.690, 1, 94 %, 3 %, 35285 MiB, 81.32 W
2026/09/11 16:53:45.690, 2, 90 %, 3 %, 35284 MiB, 82.82 W
2026/09/11 16:53:50.691, 0, 95 %, 3 %, 35285 MiB, 76.96 W
2026/09/11 16:53:50.691, 1, 95 %, 5 %, 35285 MiB, 79.38 W
2026/09/11 16:53:50.691, 2, 94 %, 5 %, 35284 MiB, 81.27 W
2026/09/11 16:53:55.692, 0, 96 %, 3 %, 35285 MiB, 81.22 W
2026/09/11 16:53:55.692, 1, 93 %, 6 %, 35285 MiB, 86.58 W
2026/09/11 16:53:55.692, 2, 94 %, 3 %, 35284 MiB, 80.54 W
2026/09/11 16:54:00.693, 0, 96 %, 5 %, 35285 MiB, 80.26 W
2026/09/11 16:54:00.693, 1, 93 %, 3 %, 35285 MiB, 76.71 W
2026/09/11 16:54:00.693, 2, 94 %, 6 %, 35284 MiB, 84.61 W
2026/09/11 16:54:05.693, 0, 95 %, 6 %, 35285 MiB, 80.04 W
2026/09/11 16:54:05.693, 1, 93 %, 6 %, 35285 MiB, 77.54 W
2026/09/11 16:54:05.694, 2, 95 %, 5 %, 35284 MiB, 82.10 W
2026/09/11 16:54:10.694, 0, 96 %, 6 %, 35285 MiB, 81.41 W
2026/09/11 16:54:10.694, 1, 95 %, 5 %, 35285 MiB, 75.81 W
2026/09/11 16:54:10.694, 2, 96 %, 6 %, 35284 MiB, 80.13 W
2026/09/11 16:54:15.695, 0, 94 %, 5 %, 35285 MiB, 81.31 W
2026/09/11 16:54:15.695, 1, 95 %, 6 %, 35285 MiB, 76.61 W
2026/09/11 16:54:15.695, 2, 92 %, 3 %, 35284 MiB, 80.43 W
2026/09/11 16:54:20.697, 0, 97 %, 5 %, 35285 MiB, 83.25 W
2026/09/11 16:54:20.697, 1, 97 %, 5 %, 35285 MiB, 78.24 W
2026/09/11 16:54:20.697, 2, 91 %, 4 %, 35284 MiB, 79.41 W
2026/09/11 16:54:25.697, 0, 97 %, 5 %, 35285 MiB, 80.34 W
2026/09/11 16:54:25.698, 1, 93 %, 4 %, 35285 MiB, 76.95 W
2026/09/11 16:54:25.698, 2, 92 %, 3 %, 35284 MiB, 75.38 W
2026/09/11 16:54:30.698, 0, 90 %, 4 %, 35285 MiB, 108.30 W
2026/09/11 16:54:30.698, 1, 94 %, 4 %, 35285 MiB, 104.20 W
2026/09/11 16:54:30.698, 2, 96 %, 3 %, 35284 MiB, 104.94 W
2026/09/11 16:54:35.700, 0, 97 %, 5 %, 35285 MiB, 83.57 W
2026/09/11 16:54:35.701, 1, 96 %, 8 %, 35285 MiB, 77.59 W
2026/09/11 16:54:35.701, 2, 95 %, 3 %, 35284 MiB, 81.15 W
2026/09/11 16:54:40.701, 0, 96 %, 10 %, 35285 MiB, 83.72 W
2026/09/11 16:54:40.701, 1, 97 %, 5 %, 35285 MiB, 79.22 W
2026/09/11 16:54:40.701, 2, 93 %, 4 %, 35284 MiB, 79.36 W
2026/09/11 16:54:45.702, 0, 96 %, 3 %, 35285 MiB, 81.33 W
2026/09/11 16:54:45.702, 1, 99 %, 5 %, 35285 MiB, 77.98 W
2026/09/11 16:54:45.702, 2, 70 %, 4 %, 35284 MiB, 82.28 W
2026/09/11 16:54:50.702, 0, 0 %, 0 %, 35285 MiB, 58.01 W
2026/09/11 16:54:50.703, 1, 0 %, 0 %, 35285 MiB, 55.69 W
2026/09/11 16:54:50.703, 2, 0 %, 0 %, 35284 MiB, 58.11 W
2026/09/11 16:54:55.703, 0, 0 %, 0 %, 35285 MiB, 37.42 W
2026/09/11 16:54:55.703, 1, 0 %, 0 %, 35285 MiB, 36.79 W
2026/09/11 16:54:55.704, 2, 0 %, 0 %, 35284 MiB, 37.85 W
2026/09/11 16:55:00.704, 0, 0 %, 0 %, 35285 MiB, 37.42 W
2026/09/11 16:55:00.705, 1, 0 %, 0 %, 35285 MiB, 36.79 W
2026/09/11 16:55:00.705, 2, 0 %, 0 %, 35284 MiB, 37.65 W
2026/09/11 16:55:05.706, 0, 0 %, 0 %, 35285 MiB, 37.43 W
2026/09/11 16:55:05.706, 1, 0 %, 0 %, 35285 MiB, 36.60 W
2026/09/11 16:55:05.707, 2, 0 %, 0 %, 35284 MiB, 37.46 W
2026/09/11 16:55:10.707, 0, 0 %, 0 %, 35285 MiB, 37.12 W
2026/09/11 16:55:10.708, 1, 0 %, 0 %, 35285 MiB, 36.49 W
2026/09/11 16:55:10.708, 2, 0 %, 0 %, 35284 MiB, 37.36 W
2026/09/11 16:55:15.708, 0, 0 %, 0 %, 35285 MiB, 36.92 W
2026/09/11 16:55:15.708, 1, 0 %, 0 %, 35285 MiB, 36.30 W
2026/09/11 16:55:15.709, 2, 5 %, 0 %, 35284 MiB, 39.24 W
2026/09/11 16:55:20.715, 0, 0 %, 0 %, 35285 MiB, 36.62 W
2026/09/11 16:55:20.715, 1, 0 %, 0 %, 35285 MiB, 36.60 W
2026/09/11 16:55:20.715, 2, 0 %, 0 %, 35284 MiB, 37.07 W
2026/09/11 16:55:25.718, 0, 0 %, 0 %, 35285 MiB, 36.92 W
2026/09/11 16:55:25.718, 1, 0 %, 0 %, 35285 MiB, 36.28 W
2026/09/11 16:55:25.718, 2, 0 %, 0 %, 35284 MiB, 36.97 W
2026/09/11 16:55:30.719, 0, 0 %, 0 %, 35285 MiB, 36.52 W
2026/09/11 16:55:30.719, 1, 0 %, 0 %, 35285 MiB, 36.29 W
2026/09/11 16:55:30.720, 2, 0 %, 0 %, 35284 MiB, 36.87 W
2026/09/11 16:55:35.720, 0, 0 %, 0 %, 35285 MiB, 36.44 W
2026/09/11 16:55:35.720, 1, 0 %, 0 %, 35285 MiB, 36.21 W
2026/09/11 16:55:35.720, 2, 0 %, 0 %, 35284 MiB, 36.87 W
2026/09/11 16:55:40.721, 0, 0 %, 0 %, 35285 MiB, 36.44 W
2026/09/11 16:55:40.722, 1, 0 %, 0 %, 35285 MiB, 36.40 W
2026/09/11 16:55:40.722, 2, 0 %, 0 %, 35284 MiB, 36.77 W
2026/09/11 16:55:45.732, 0, 0 %, 0 %, 35285 MiB, 36.62 W
2026/09/11 16:55:45.732, 1, 4 %, 0 %, 35285 MiB, 36.40 W
2026/09/11 16:55:45.732, 2, 0 %, 0 %, 35284 MiB, 36.77 W
2026/09/11 16:55:50.734, 0, 0 %, 0 %, 35285 MiB, 36.43 W
2026/09/11 16:55:50.734, 1, 0 %, 0 %, 35285 MiB, 36.10 W
2026/09/11 16:55:50.734, 2, 4 %, 0 %, 35284 MiB, 37.26 W
2026/09/11 16:55:55.735, 0, 0 %, 0 %, 35285 MiB, 36.33 W
2026/09/11 16:55:55.736, 1, 0 %, 0 %, 35285 MiB, 36.00 W
2026/09/11 16:55:55.736, 2, 0 %, 0 %, 35284 MiB, 36.77 W
2026/09/11 16:56:00.736, 0, 0 %, 0 %, 35285 MiB, 36.34 W
2026/09/11 16:56:00.736, 1, 0 %, 0 %, 35285 MiB, 36.01 W
2026/09/11 16:56:00.736, 2, 0 %, 0 %, 35284 MiB, 36.66 W
2026/09/11 16:56:05.737, 0, 9 %, 0 %, 35285 MiB, 36.44 W
2026/09/11 16:56:05.737, 1, 0 %, 0 %, 35285 MiB, 38.67 W
2026/09/11 16:56:05.737, 2, 0 %, 0 %, 35284 MiB, 36.77 W
2026/09/11 16:56:10.738, 0, 22 %, 0 %, 35285 MiB, 37.51 W
2026/09/11 16:56:10.738, 1, 13 %, 0 %, 35285 MiB, 35.72 W
2026/09/11 16:56:10.738, 2, 10 %, 0 %, 35284 MiB, 36.77 W
2026/09/11 16:56:15.742, 0, 0 %, 0 %, 35285 MiB, 40.58 W
2026/09/11 16:56:15.742, 1, 10 %, 0 %, 35285 MiB, 35.62 W
2026/09/11 16:56:15.742, 2, 3 %, 0 %, 35284 MiB, 37.36 W
2026/09/11 16:56:20.743, 0, 10 %, 0 %, 35285 MiB, 36.43 W
2026/09/11 16:56:20.743, 1, 8 %, 0 %, 35285 MiB, 35.62 W
2026/09/11 16:56:20.743, 2, 7 %, 0 %, 35284 MiB, 39.04 W
2026/09/11 16:56:25.744, 0, 18 %, 0 %, 35285 MiB, 37.71 W
2026/09/11 16:56:25.745, 1, 8 %, 0 %, 35285 MiB, 35.62 W
2026/09/11 16:56:25.745, 2, 10 %, 0 %, 35284 MiB, 38.94 W
2026/09/11 16:56:30.746, 0, 10 %, 0 %, 35285 MiB, 36.25 W
2026/09/11 16:56:30.746, 1, 0 %, 0 %, 35285 MiB, 35.63 W
2026/09/11 16:56:30.746, 2, 10 %, 0 %, 35284 MiB, 39.44 W
2026/09/11 16:56:35.749, 0, 19 %, 0 %, 35285 MiB, 36.15 W
2026/09/11 16:56:35.749, 1, 22 %, 0 %, 35285 MiB, 35.62 W
2026/09/11 16:56:35.749, 2, 0 %, 0 %, 35284 MiB, 36.48 W
2026/09/11 16:56:40.750, 0, 10 %, 0 %, 35285 MiB, 36.34 W
2026/09/11 16:56:40.750, 1, 22 %, 0 %, 35285 MiB, 35.72 W
2026/09/11 16:56:40.750, 2, 11 %, 0 %, 35284 MiB, 36.36 W
2026/09/11 16:56:45.752, 0, 0 %, 0 %, 35285 MiB, 36.25 W
2026/09/11 16:56:45.752, 1, 8 %, 0 %, 35285 MiB, 35.53 W
2026/09/11 16:56:45.752, 2, 7 %, 0 %, 35284 MiB, 36.57 W
2026/09/11 16:56:50.756, 0, 10 %, 0 %, 35285 MiB, 36.14 W
2026/09/11 16:56:50.756, 1, 12 %, 0 %, 35285 MiB, 35.62 W
2026/09/11 16:56:50.756, 2, 12 %, 0 %, 35284 MiB, 40.93 W
2026/09/11 16:56:55.758, 0, 10 %, 0 %, 35285 MiB, 36.13 W
2026/09/11 16:56:55.758, 1, 8 %, 0 %, 35285 MiB, 35.72 W
2026/09/11 16:56:55.758, 2, 10 %, 0 %, 35284 MiB, 36.36 W
2026/09/11 16:57:00.769, 0, 23 %, 0 %, 35285 MiB, 36.13 W
2026/09/11 16:57:00.769, 1, 5 %, 0 %, 35285 MiB, 35.62 W
2026/09/11 16:57:00.769, 2, 10 %, 0 %, 35284 MiB, 36.36 W
2026/09/11 16:57:05.771, 0, 0 %, 0 %, 35285 MiB, 36.15 W
2026/09/11 16:57:05.771, 1, 15 %, 0 %, 35285 MiB, 35.43 W
2026/09/11 16:57:05.771, 2, 2 %, 0 %, 35284 MiB, 36.47 W
2026/09/11 16:57:10.773, 0, 14 %, 0 %, 35285 MiB, 36.13 W
2026/09/11 16:57:10.784, 1, 7 %, 0 %, 35285 MiB, 35.42 W
2026/09/11 16:57:10.785, 2, 5 %, 0 %, 35284 MiB, 36.57 W
2026/09/11 16:57:15.786, 0, 7 %, 0 %, 35285 MiB, 37.23 W
2026/09/11 16:57:15.786, 1, 3 %, 0 %, 35285 MiB, 35.43 W
2026/09/11 16:57:15.786, 2, 0 %, 0 %, 35284 MiB, 36.36 W
2026/09/11 16:57:20.787, 0, 0 %, 0 %, 35285 MiB, 36.16 W
2026/09/11 16:57:20.787, 1, 0 %, 0 %, 35285 MiB, 35.23 W
2026/09/11 16:57:20.787, 2, 0 %, 0 %, 35284 MiB, 36.38 W
2026/09/11 16:57:25.787, 0, 0 %, 0 %, 35285 MiB, 36.16 W
2026/09/11 16:57:25.787, 1, 0 %, 0 %, 35285 MiB, 35.24 W
2026/09/11 16:57:25.787, 2, 0 %, 0 %, 35284 MiB, 36.38 W
2026/09/11 16:57:30.788, 0, 14 %, 0 %, 35285 MiB, 35.96 W
2026/09/11 16:57:30.788, 1, 0 %, 0 %, 35285 MiB, 35.44 W
2026/09/11 16:57:30.788, 2, 0 %, 0 %, 35284 MiB, 36.09 W
2026/09/11 16:57:35.789, 0, 14 %, 0 %, 35285 MiB, 36.06 W
2026/09/11 16:57:35.789, 1, 0 %, 0 %, 35285 MiB, 35.33 W
2026/09/11 16:57:35.789, 2, 0 %, 0 %, 35284 MiB, 36.18 W
2026/09/11 16:57:40.790, 0, 7 %, 0 %, 35285 MiB, 35.96 W
2026/09/11 16:57:40.790, 1, 0 %, 0 %, 35285 MiB, 35.34 W
2026/09/11 16:57:40.790, 2, 0 %, 0 %, 35284 MiB, 36.37 W
2026/09/11 16:57:45.790, 0, 0 %, 0 %, 35285 MiB, 35.96 W
2026/09/11 16:57:45.790, 1, 0 %, 0 %, 35285 MiB, 35.33 W
2026/09/11 16:57:45.791, 2, 0 %, 0 %, 35284 MiB, 36.08 W
2026/09/11 16:57:50.791, 0, 0 %, 0 %, 35285 MiB, 36.16 W
2026/09/11 16:57:50.791, 1, 0 %, 0 %, 35285 MiB, 35.34 W
2026/09/11 16:57:50.791, 2, 0 %, 0 %, 35284 MiB, 36.19 W
2026/09/11 16:57:55.792, 0, 0 %, 0 %, 35285 MiB, 35.96 W
2026/09/11 16:57:55.792, 1, 0 %, 0 %, 35285 MiB, 35.34 W
2026/09/11 16:57:55.792, 2, 0 %, 0 %, 35284 MiB, 36.19 W
2026/09/11 16:58:00.792, 0, 0 %, 0 %, 35285 MiB, 35.86 W
2026/09/11 16:58:00.792, 1, 0 %, 0 %, 35285 MiB, 35.34 W
2026/09/11 16:58:00.792, 2, 0 %, 0 %, 35284 MiB, 36.28 W
2026/09/11 16:58:05.793, 0, 0 %, 0 %, 35285 MiB, 35.96 W
2026/09/11 16:58:05.793, 1, 0 %, 0 %, 35285 MiB, 35.24 W
2026/09/11 16:58:05.793, 2, 0 %, 0 %, 35284 MiB, 36.18 W
2026/09/11 16:58:10.794, 0, 0 %, 0 %, 35285 MiB, 41.10 W
2026/09/11 16:58:10.794, 1, 0 %, 0 %, 35285 MiB, 35.34 W
2026/09/11 16:58:10.794, 2, 0 %, 0 %, 35284 MiB, 36.08 W
2026/09/11 16:58:15.795, 0, 0 %, 0 %, 35285 MiB, 35.96 W
2026/09/11 16:58:15.795, 1, 0 %, 0 %, 35285 MiB, 35.24 W
2026/09/11 16:58:15.795, 2, 0 %, 0 %, 35284 MiB, 36.19 W
2026/09/11 16:58:20.795, 0, 94 %, 5 %, 35285 MiB, 82.79 W
2026/09/11 16:58:20.796, 1, 97 %, 5 %, 35285 MiB, 81.44 W
2026/09/11 16:58:20.796, 2, 91 %, 5 %, 35284 MiB, 81.21 W
2026/09/11 16:58:25.796, 0, 92 %, 3 %, 35285 MiB, 82.01 W
2026/09/11 16:58:25.796, 1, 91 %, 3 %, 35285 MiB, 85.48 W
2026/09/11 16:58:25.796, 2, 90 %, 3 %, 35284 MiB, 80.73 W
2026/09/11 16:58:30.797, 0, 94 %, 5 %, 35285 MiB, 82.71 W
2026/09/11 16:58:30.797, 1, 93 %, 3 %, 35285 MiB, 79.67 W
2026/09/11 16:58:30.797, 2, 92 %, 3 %, 35284 MiB, 77.78 W
2026/09/11 16:58:35.798, 0, 90 %, 3 %, 35285 MiB, 82.37 W
2026/09/11 16:58:35.798, 1, 92 %, 3 %, 35285 MiB, 81.47 W
2026/09/11 16:58:35.798, 2, 88 %, 4 %, 35284 MiB, 79.46 W
2026/09/11 16:58:40.799, 0, 93 %, 3 %, 35285 MiB, 83.68 W
2026/09/11 16:58:40.799, 1, 96 %, 3 %, 35285 MiB, 81.84 W
2026/09/11 16:58:40.799, 2, 90 %, 3 %, 35284 MiB, 81.71 W
2026/09/11 16:58:45.800, 0, 93 %, 3 %, 35285 MiB, 84.60 W
2026/09/11 16:58:45.800, 1, 95 %, 3 %, 35285 MiB, 81.03 W
2026/09/11 16:58:45.800, 2, 95 %, 3 %, 35284 MiB, 79.79 W
2026/09/11 16:58:50.801, 0, 95 %, 5 %, 35285 MiB, 83.08 W
2026/09/11 16:58:50.801, 1, 93 %, 3 %, 35285 MiB, 79.64 W
2026/09/11 16:58:50.801, 2, 94 %, 3 %, 35284 MiB, 80.27 W
2026/09/11 16:58:55.801, 0, 92 %, 3 %, 35285 MiB, 87.00 W
2026/09/11 16:58:55.802, 1, 92 %, 5 %, 35285 MiB, 82.00 W
2026/09/11 16:58:55.802, 2, 95 %, 3 %, 35284 MiB, 82.60 W
2026/09/11 16:59:00.802, 0, 93 %, 3 %, 35285 MiB, 86.82 W
2026/09/11 16:59:00.802, 1, 89 %, 3 %, 35285 MiB, 79.16 W
2026/09/11 16:59:00.802, 2, 92 %, 3 %, 35284 MiB, 81.10 W
2026/09/11 16:59:05.803, 0, 91 %, 3 %, 35285 MiB, 85.14 W
2026/09/11 16:59:05.803, 1, 95 %, 3 %, 35285 MiB, 79.87 W
2026/09/11 16:59:05.803, 2, 90 %, 3 %, 35284 MiB, 110.69 W
2026/09/11 16:59:10.803, 0, 92 %, 3 %, 35285 MiB, 80.32 W
2026/09/11 16:59:10.803, 1, 91 %, 3 %, 35285 MiB, 78.61 W
2026/09/11 16:59:10.803, 2, 91 %, 5 %, 35284 MiB, 80.33 W
2026/09/11 16:59:15.804, 0, 97 %, 5 %, 35285 MiB, 81.43 W
2026/09/11 16:59:15.805, 1, 93 %, 3 %, 35285 MiB, 78.28 W
2026/09/11 16:59:15.805, 2, 92 %, 5 %, 35284 MiB, 80.10 W
2026/09/11 16:59:20.806, 0, 96 %, 3 %, 35285 MiB, 81.81 W
2026/09/11 16:59:20.806, 1, 96 %, 5 %, 35285 MiB, 78.06 W
2026/09/11 16:59:20.806, 2, 95 %, 6 %, 35284 MiB, 83.24 W
2026/09/11 16:59:25.807, 0, 96 %, 8 %, 35285 MiB, 82.16 W
2026/09/11 16:59:25.807, 1, 96 %, 6 %, 35285 MiB, 77.10 W
2026/09/11 16:59:25.807, 2, 97 %, 5 %, 35284 MiB, 80.92 W
2026/09/11 16:59:30.807, 0, 95 %, 5 %, 35285 MiB, 84.96 W
2026/09/11 16:59:30.808, 1, 95 %, 5 %, 35285 MiB, 80.19 W
2026/09/11 16:59:30.808, 2, 95 %, 3 %, 35284 MiB, 80.43 W
2026/09/11 16:59:35.808, 0, 97 %, 5 %, 35285 MiB, 79.65 W
2026/09/11 16:59:35.809, 1, 96 %, 7 %, 35285 MiB, 76.69 W
2026/09/11 16:59:35.809, 2, 96 %, 5 %, 35284 MiB, 82.71 W
2026/09/11 16:59:40.810, 0, 96 %, 5 %, 35285 MiB, 86.09 W
2026/09/11 16:59:40.810, 1, 98 %, 3 %, 35285 MiB, 84.14 W
2026/09/11 16:59:40.810, 2, 95 %, 8 %, 35284 MiB, 79.83 W
2026/09/11 16:59:45.810, 0, 97 %, 5 %, 35285 MiB, 79.34 W
2026/09/11 16:59:45.811, 1, 98 %, 5 %, 35285 MiB, 76.01 W
2026/09/11 16:59:45.811, 2, 94 %, 3 %, 35284 MiB, 78.75 W
2026/09/11 16:59:50.812, 0, 95 %, 3 %, 35285 MiB, 79.96 W
2026/09/11 16:59:50.812, 1, 96 %, 5 %, 35285 MiB, 78.40 W
2026/09/11 16:59:50.812, 2, 91 %, 5 %, 35284 MiB, 84.70 W
2026/09/11 16:59:55.812, 0, 97 %, 6 %, 35285 MiB, 82.82 W
2026/09/11 16:59:55.813, 1, 95 %, 6 %, 35285 MiB, 92.07 W
2026/09/11 16:59:55.813, 2, 94 %, 6 %, 35284 MiB, 80.55 W
2026/09/11 17:00:00.815, 0, 98 %, 5 %, 35285 MiB, 81.88 W
2026/09/11 17:00:00.815, 1, 93 %, 4 %, 35285 MiB, 76.61 W
2026/09/11 17:00:00.815, 2, 93 %, 6 %, 35284 MiB, 79.97 W
2026/09/11 17:00:05.816, 0, 97 %, 5 %, 35285 MiB, 80.63 W
2026/09/11 17:00:05.816, 1, 96 %, 5 %, 35285 MiB, 80.04 W
2026/09/11 17:00:05.816, 2, 97 %, 6 %, 35284 MiB, 82.85 W
2026/09/11 17:00:10.817, 0, 0 %, 0 %, 35285 MiB, 57.80 W
2026/09/11 17:00:10.817, 1, 0 %, 0 %, 35285 MiB, 56.47 W
2026/09/11 17:00:10.817, 2, 0 %, 0 %, 35284 MiB, 58.31 W
2026/09/11 17:00:15.818, 0, 0 %, 0 %, 35285 MiB, 37.32 W
2026/09/11 17:00:15.818, 1, 0 %, 0 %, 35285 MiB, 36.99 W
2026/09/11 17:00:15.819, 2, 0 %, 0 %, 35284 MiB, 37.75 W
2026/09/11 17:00:20.819, 0, 0 %, 0 %, 35285 MiB, 37.22 W
2026/09/11 17:00:20.819, 1, 0 %, 0 %, 35285 MiB, 36.89 W
2026/09/11 17:00:20.820, 2, 0 %, 0 %, 35284 MiB, 37.36 W
2026/09/11 17:00:25.821, 0, 0 %, 0 %, 35285 MiB, 37.22 W
2026/09/11 17:00:25.821, 1, 0 %, 0 %, 35285 MiB, 36.70 W
2026/09/11 17:00:25.821, 2, 0 %, 0 %, 35284 MiB, 37.17 W
2026/09/11 17:00:30.822, 0, 0 %, 0 %, 35285 MiB, 37.12 W
2026/09/11 17:00:30.822, 1, 0 %, 0 %, 35285 MiB, 36.50 W
2026/09/11 17:00:30.823, 2, 0 %, 0 %, 35284 MiB, 37.17 W
2026/09/11 17:00:35.828, 0, 0 %, 0 %, 35285 MiB, 36.92 W
2026/09/11 17:00:35.828, 1, 0 %, 0 %, 35285 MiB, 36.49 W
2026/09/11 17:00:35.828, 2, 0 %, 0 %, 35284 MiB, 37.26 W
2026/09/11 17:00:40.830, 0, 0 %, 0 %, 35285 MiB, 36.82 W
2026/09/11 17:00:40.830, 1, 0 %, 0 %, 35285 MiB, 36.29 W
2026/09/11 17:00:40.830, 2, 0 %, 0 %, 35284 MiB, 37.36 W
2026/09/11 17:00:45.832, 0, 4 %, 0 %, 35285 MiB, 37.71 W
2026/09/11 17:00:45.832, 1, 73 %, 1 %, 35285 MiB, 37.49 W
2026/09/11 17:00:45.832, 2, 0 %, 0 %, 35284 MiB, 39.62 W
2026/09/11 17:00:50.833, 0, 0 %, 0 %, 35285 MiB, 36.52 W
2026/09/11 17:00:50.833, 1, 0 %, 0 %, 35285 MiB, 36.20 W
2026/09/11 17:00:50.834, 2, 2 %, 0 %, 35284 MiB, 37.36 W
2026/09/11 17:00:55.835, 0, 0 %, 0 %, 35285 MiB, 36.43 W
2026/09/11 17:00:55.835, 1, 0 %, 0 %, 35285 MiB, 36.30 W
2026/09/11 17:00:55.835, 2, 0 %, 0 %, 35284 MiB, 36.87 W
2026/09/11 17:01:00.837, 0, 6 %, 0 %, 35285 MiB, 36.52 W
2026/09/11 17:01:00.837, 1, 0 %, 0 %, 35285 MiB, 54.52 W
2026/09/11 17:01:00.837, 2, 0 %, 0 %, 35284 MiB, 41.80 W
2026/09/11 17:01:05.839, 0, 0 %, 0 %, 35285 MiB, 36.52 W
2026/09/11 17:01:05.839, 1, 3 %, 0 %, 35285 MiB, 36.59 W
2026/09/11 17:01:05.839, 2, 0 %, 0 %, 35284 MiB, 36.87 W
2026/09/11 17:01:10.841, 0, 0 %, 0 %, 35285 MiB, 36.43 W
2026/09/11 17:01:10.841, 1, 0 %, 0 %, 35285 MiB, 36.20 W
2026/09/11 17:01:10.841, 2, 0 %, 0 %, 35284 MiB, 36.77 W
2026/09/11 17:01:15.849, 0, 0 %, 0 %, 35285 MiB, 36.23 W
2026/09/11 17:01:15.850, 1, 0 %, 0 %, 35285 MiB, 37.49 W
2026/09/11 17:01:15.850, 2, 0 %, 0 %, 35284 MiB, 36.68 W
2026/09/11 17:01:20.850, 0, 0 %, 0 %, 35285 MiB, 36.43 W
2026/09/11 17:01:20.850, 1, 0 %, 0 %, 35285 MiB, 36.11 W
2026/09/11 17:01:20.851, 2, 0 %, 0 %, 35284 MiB, 36.77 W
2026/09/11 17:01:25.851, 0, 0 %, 0 %, 35285 MiB, 36.35 W
2026/09/11 17:01:25.851, 1, 0 %, 0 %, 35285 MiB, 36.01 W
2026/09/11 17:01:25.851, 2, 0 %, 0 %, 35284 MiB, 36.90 W
2026/09/11 17:01:30.852, 0, 1 %, 0 %, 35285 MiB, 37.11 W
2026/09/11 17:01:30.852, 1, 18 %, 0 %, 35285 MiB, 36.10 W
2026/09/11 17:01:30.853, 2, 8 %, 0 %, 35284 MiB, 36.57 W
2026/09/11 17:01:35.853, 0, 8 %, 0 %, 35285 MiB, 36.44 W
2026/09/11 17:01:35.853, 1, 8 %, 0 %, 35285 MiB, 37.40 W
2026/09/11 17:01:35.854, 2, 0 %, 0 %, 35284 MiB, 37.95 W
2026/09/11 17:01:40.854, 0, 16 %, 0 %, 35285 MiB, 36.44 W
2026/09/11 17:01:40.854, 1, 0 %, 0 %, 35285 MiB, 39.76 W
2026/09/11 17:01:40.854, 2, 8 %, 0 %, 35284 MiB, 36.57 W
2026/09/11 17:01:45.855, 0, 0 %, 0 %, 35285 MiB, 36.44 W
2026/09/11 17:01:45.855, 1, 6 %, 0 %, 35285 MiB, 40.46 W
2026/09/11 17:01:45.855, 2, 10 %, 0 %, 35284 MiB, 36.77 W
2026/09/11 17:01:50.860, 0, 0 %, 0 %, 35285 MiB, 36.63 W
2026/09/11 17:01:50.861, 1, 12 %, 0 %, 35285 MiB, 35.62 W
2026/09/11 17:01:50.861, 2, 8 %, 0 %, 35284 MiB, 36.57 W
2026/09/11 17:01:55.861, 0, 11 %, 0 %, 35285 MiB, 40.09 W
2026/09/11 17:01:55.861, 1, 10 %, 0 %, 35285 MiB, 36.40 W
2026/09/11 17:01:55.862, 2, 4 %, 0 %, 35284 MiB, 36.46 W
2026/09/11 17:02:00.863, 0, 0 %, 0 %, 35285 MiB, 36.25 W
2026/09/11 17:02:00.863, 1, 17 %, 0 %, 35285 MiB, 40.74 W
2026/09/11 17:02:00.863, 2, 16 %, 0 %, 35284 MiB, 36.77 W
2026/09/11 17:02:05.864, 0, 9 %, 0 %, 35285 MiB, 37.43 W
2026/09/11 17:02:05.864, 1, 0 %, 0 %, 35285 MiB, 35.62 W
2026/09/11 17:02:05.865, 2, 10 %, 0 %, 35284 MiB, 37.66 W
2026/09/11 17:02:10.866, 0, 5 %, 0 %, 35285 MiB, 36.15 W
2026/09/11 17:02:10.866, 1, 2 %, 0 %, 35285 MiB, 37.49 W
2026/09/11 17:02:10.866, 2, 10 %, 0 %, 35284 MiB, 36.36 W
2026/09/11 17:02:15.867, 0, 14 %, 0 %, 35285 MiB, 36.24 W
2026/09/11 17:02:15.867, 1, 11 %, 0 %, 35285 MiB, 39.07 W
2026/09/11 17:02:15.868, 2, 10 %, 0 %, 35284 MiB, 37.17 W
2026/09/11 17:02:20.875, 0, 0 %, 0 %, 35285 MiB, 36.13 W
2026/09/11 17:02:20.875, 1, 10 %, 0 %, 35285 MiB, 35.62 W
2026/09/11 17:02:20.875, 2, 10 %, 0 %, 35284 MiB, 36.57 W
2026/09/11 17:02:25.876, 0, 0 %, 0 %, 35285 MiB, 36.04 W
2026/09/11 17:02:25.876, 1, 0 %, 0 %, 35285 MiB, 35.81 W
2026/09/11 17:02:25.877, 2, 0 %, 0 %, 35284 MiB, 37.85 W
2026/09/11 17:02:30.877, 0, 0 %, 0 %, 35285 MiB, 36.04 W
2026/09/11 17:02:30.878, 1, 0 %, 0 %, 35285 MiB, 35.62 W
2026/09/11 17:02:30.878, 2, 0 %, 0 %, 35284 MiB, 36.36 W
2026/09/11 17:02:35.878, 0, 3 %, 0 %, 35285 MiB, 39.29 W
2026/09/11 17:02:35.878, 1, 13 %, 1 %, 35285 MiB, 35.70 W
2026/09/11 17:02:35.879, 2, 12 %, 0 %, 35284 MiB, 36.77 W
2026/09/11 17:02:40.880, 0, 16 %, 1 %, 35285 MiB, 36.42 W
2026/09/11 17:02:40.880, 1, 0 %, 0 %, 35285 MiB, 35.41 W
2026/09/11 17:02:40.880, 2, 0 %, 0 %, 35284 MiB, 36.37 W
2026/09/11 17:02:45.881, 0, 6 %, 0 %, 35285 MiB, 36.16 W
2026/09/11 17:02:45.882, 1, 0 %, 0 %, 35285 MiB, 35.44 W
2026/09/11 17:02:45.882, 2, 0 %, 0 %, 35284 MiB, 36.37 W
2026/09/11 17:02:50.882, 0, 16 %, 0 %, 35285 MiB, 36.45 W
2026/09/11 17:02:50.882, 1, 0 %, 0 %, 35285 MiB, 35.32 W
2026/09/11 17:02:50.882, 2, 8 %, 0 %, 35284 MiB, 36.37 W
2026/09/11 17:02:55.883, 0, 0 %, 0 %, 35285 MiB, 36.06 W
2026/09/11 17:02:55.883, 1, 0 %, 0 %, 35285 MiB, 35.43 W
2026/09/11 17:02:55.883, 2, 0 %, 0 %, 35284 MiB, 36.58 W
2026/09/11 17:03:00.884, 0, 0 %, 0 %, 35285 MiB, 36.16 W
2026/09/11 17:03:00.884, 1, 0 %, 0 %, 35285 MiB, 35.43 W
2026/09/11 17:03:00.884, 2, 8 %, 0 %, 35284 MiB, 36.37 W
2026/09/11 17:03:05.884, 0, 0 %, 0 %, 35285 MiB, 35.86 W
2026/09/11 17:03:05.884, 1, 0 %, 0 %, 35285 MiB, 35.33 W
2026/09/11 17:03:05.884, 2, 8 %, 0 %, 35284 MiB, 36.28 W
2026/09/11 17:03:10.885, 0, 0 %, 0 %, 35285 MiB, 36.06 W
2026/09/11 17:03:10.885, 1, 0 %, 0 %, 35285 MiB, 35.44 W
2026/09/11 17:03:10.885, 2, 8 %, 0 %, 35284 MiB, 36.19 W
2026/09/11 17:03:15.885, 0, 0 %, 0 %, 35285 MiB, 35.96 W
2026/09/11 17:03:15.886, 1, 0 %, 0 %, 35285 MiB, 35.34 W
2026/09/11 17:03:15.886, 2, 5 %, 0 %, 35284 MiB, 36.28 W
2026/09/11 17:03:20.886, 0, 0 %, 0 %, 35285 MiB, 35.96 W
2026/09/11 17:03:20.886, 1, 0 %, 0 %, 35285 MiB, 35.23 W
2026/09/11 17:03:20.886, 2, 0 %, 0 %, 35284 MiB, 36.18 W
2026/09/11 17:03:25.887, 0, 0 %, 0 %, 35285 MiB, 35.85 W
2026/09/11 17:03:25.887, 1, 0 %, 0 %, 35285 MiB, 35.23 W
2026/09/11 17:03:25.887, 2, 0 %, 0 %, 35284 MiB, 36.19 W
2026/09/11 17:03:30.888, 0, 0 %, 0 %, 35285 MiB, 35.96 W
2026/09/11 17:03:30.888, 1, 0 %, 0 %, 35285 MiB, 35.33 W
2026/09/11 17:03:30.888, 2, 0 %, 0 %, 35284 MiB, 36.19 W
2026/09/11 17:03:35.889, 0, 95 %, 3 %, 35285 MiB, 85.81 W
2026/09/11 17:03:35.889, 1, 89 %, 3 %, 35285 MiB, 83.19 W
2026/09/11 17:03:35.889, 2, 91 %, 3 %, 35284 MiB, 78.85 W
2026/09/11 17:03:40.890, 0, 95 %, 5 %, 35285 MiB, 82.07 W
2026/09/11 17:03:40.890, 1, 90 %, 3 %, 35285 MiB, 80.99 W
2026/09/11 17:03:40.890, 2, 93 %, 3 %, 35284 MiB, 79.35 W
2026/09/11 17:03:45.891, 0, 92 %, 3 %, 35285 MiB, 84.37 W
2026/09/11 17:03:45.891, 1, 89 %, 3 %, 35285 MiB, 81.35 W
2026/09/11 17:03:45.891, 2, 89 %, 3 %, 35284 MiB, 83.44 W
2026/09/11 17:03:50.891, 0, 92 %, 3 %, 35285 MiB, 82.17 W
2026/09/11 17:03:50.892, 1, 91 %, 3 %, 35285 MiB, 80.18 W
2026/09/11 17:03:50.892, 2, 92 %, 3 %, 35284 MiB, 78.36 W
2026/09/11 17:03:55.893, 0, 92 %, 3 %, 35285 MiB, 85.97 W
2026/09/11 17:03:55.893, 1, 92 %, 3 %, 35285 MiB, 97.78 W
2026/09/11 17:03:55.893, 2, 89 %, 3 %, 35284 MiB, 80.16 W
2026/09/11 17:04:00.894, 0, 90 %, 3 %, 35285 MiB, 86.12 W
2026/09/11 17:04:00.894, 1, 91 %, 3 %, 35285 MiB, 80.57 W
2026/09/11 17:04:00.894, 2, 91 %, 3 %, 35284 MiB, 82.58 W
2026/09/11 17:04:05.895, 0, 93 %, 3 %, 35285 MiB, 84.84 W
2026/09/11 17:04:05.895, 1, 93 %, 3 %, 35285 MiB, 81.11 W
2026/09/11 17:04:05.895, 2, 90 %, 3 %, 35284 MiB, 81.61 W
2026/09/11 17:04:10.896, 0, 92 %, 3 %, 35285 MiB, 85.88 W
2026/09/11 17:04:10.897, 1, 93 %, 3 %, 35285 MiB, 81.84 W
2026/09/11 17:04:10.897, 2, 92 %, 3 %, 35284 MiB, 84.97 W
2026/09/11 17:04:15.900, 0, 95 %, 6 %, 35285 MiB, 85.31 W
2026/09/11 17:04:15.900, 1, 93 %, 3 %, 35285 MiB, 83.96 W
2026/09/11 17:04:15.900, 2, 93 %, 3 %, 35284 MiB, 80.78 W
2026/09/11 17:04:20.900, 0, 91 %, 4 %, 35285 MiB, 91.76 W
2026/09/11 17:04:20.900, 1, 94 %, 3 %, 35285 MiB, 81.97 W
2026/09/11 17:04:20.900, 2, 90 %, 3 %, 35284 MiB, 81.54 W
2026/09/11 17:04:25.901, 0, 91 %, 3 %, 35285 MiB, 83.00 W
2026/09/11 17:04:25.901, 1, 91 %, 3 %, 35285 MiB, 83.50 W
2026/09/11 17:04:25.902, 2, 93 %, 3 %, 35284 MiB, 83.73 W
2026/09/11 17:04:30.902, 0, 92 %, 3 %, 35285 MiB, 80.23 W
2026/09/11 17:04:30.902, 1, 94 %, 3 %, 35285 MiB, 83.49 W
2026/09/11 17:04:30.903, 2, 90 %, 3 %, 35284 MiB, 81.41 W
2026/09/11 17:04:35.903, 0, 93 %, 3 %, 35285 MiB, 81.18 W
2026/09/11 17:04:35.903, 1, 97 %, 3 %, 35285 MiB, 80.33 W
2026/09/11 17:04:35.903, 2, 88 %, 3 %, 35284 MiB, 89.26 W
2026/09/11 17:04:40.904, 0, 92 %, 3 %, 35285 MiB, 82.66 W
2026/09/11 17:04:40.904, 1, 91 %, 3 %, 35285 MiB, 77.68 W
2026/09/11 17:04:40.904, 2, 93 %, 3 %, 35284 MiB, 82.61 W
2026/09/11 17:04:45.905, 0, 96 %, 5 %, 35285 MiB, 82.59 W
2026/09/11 17:04:45.905, 1, 97 %, 5 %, 35285 MiB, 79.32 W
2026/09/11 17:04:45.905, 2, 94 %, 3 %, 35284 MiB, 80.53 W
2026/09/11 17:04:50.906, 0, 94 %, 3 %, 35285 MiB, 80.33 W
2026/09/11 17:04:50.906, 1, 96 %, 5 %, 35285 MiB, 78.23 W
2026/09/11 17:04:50.906, 2, 93 %, 3 %, 35284 MiB, 80.64 W
2026/09/11 17:04:55.906, 0, 97 %, 5 %, 35285 MiB, 80.56 W
2026/09/11 17:04:55.906, 1, 95 %, 3 %, 35285 MiB, 78.88 W
2026/09/11 17:04:55.906, 2, 96 %, 10 %, 35284 MiB, 103.60 W
2026/09/11 17:05:00.907, 0, 97 %, 5 %, 35285 MiB, 116.00 W
2026/09/11 17:05:00.907, 1, 96 %, 8 %, 35285 MiB, 75.40 W
2026/09/11 17:05:00.908, 2, 94 %, 3 %, 35284 MiB, 80.72 W
2026/09/11 17:05:05.908, 0, 96 %, 6 %, 35285 MiB, 79.35 W
2026/09/11 17:05:05.908, 1, 98 %, 5 %, 35285 MiB, 78.90 W
2026/09/11 17:05:05.908, 2, 98 %, 6 %, 35284 MiB, 79.98 W
2026/09/11 17:05:10.909, 0, 96 %, 6 %, 35285 MiB, 78.83 W
2026/09/11 17:05:10.909, 1, 94 %, 3 %, 35285 MiB, 82.53 W
2026/09/11 17:05:10.909, 2, 95 %, 5 %, 35284 MiB, 81.04 W
2026/09/11 17:05:15.911, 0, 98 %, 5 %, 35285 MiB, 80.85 W
2026/09/11 17:05:15.911, 1, 97 %, 3 %, 35285 MiB, 78.07 W
2026/09/11 17:05:15.911, 2, 97 %, 5 %, 35284 MiB, 81.56 W
2026/09/11 17:05:20.912, 0, 98 %, 5 %, 35285 MiB, 79.25 W
2026/09/11 17:05:20.912, 1, 98 %, 8 %, 35285 MiB, 79.76 W
2026/09/11 17:05:20.912, 2, 95 %, 5 %, 35284 MiB, 80.25 W
2026/09/11 17:05:25.913, 0, 95 %, 5 %, 35285 MiB, 81.12 W
2026/09/11 17:05:25.913, 1, 96 %, 6 %, 35285 MiB, 79.83 W
2026/09/11 17:05:25.913, 2, 96 %, 5 %, 35284 MiB, 80.54 W
2026/09/11 17:05:30.914, 0, 100 %, 5 %, 35285 MiB, 100.39 W
2026/09/11 17:05:30.914, 1, 0 %, 0 %, 35285 MiB, 58.04 W
2026/09/11 17:05:30.914, 2, 36 %, 3 %, 35284 MiB, 69.69 W
2026/09/11 17:05:35.917, 0, 0 %, 0 %, 35285 MiB, 37.60 W
2026/09/11 17:05:35.917, 1, 0 %, 0 %, 35285 MiB, 37.27 W
2026/09/11 17:05:35.917, 2, 0 %, 0 %, 35284 MiB, 37.75 W
2026/09/11 17:05:40.919, 0, 0 %, 0 %, 35285 MiB, 37.32 W
2026/09/11 17:05:40.919, 1, 0 %, 0 %, 35285 MiB, 36.89 W
2026/09/11 17:05:40.919, 2, 0 %, 0 %, 35284 MiB, 37.56 W
2026/09/11 17:05:45.921, 0, 0 %, 0 %, 35285 MiB, 37.32 W
2026/09/11 17:05:45.921, 1, 0 %, 0 %, 35285 MiB, 36.79 W
2026/09/11 17:05:45.921, 2, 0 %, 0 %, 35284 MiB, 37.46 W
2026/09/11 17:05:50.922, 0, 0 %, 0 %, 35285 MiB, 37.22 W
2026/09/11 17:05:50.922, 1, 0 %, 0 %, 35285 MiB, 36.89 W
2026/09/11 17:05:50.923, 2, 0 %, 0 %, 35284 MiB, 37.36 W
2026/09/11 17:05:55.923, 0, 0 %, 0 %, 35285 MiB, 37.01 W
2026/09/11 17:05:55.923, 1, 0 %, 0 %, 35285 MiB, 36.70 W
2026/09/11 17:05:55.923, 2, 0 %, 0 %, 35284 MiB, 37.07 W
2026/09/11 17:06:00.924, 0, 0 %, 0 %, 35285 MiB, 36.82 W
2026/09/11 17:06:00.925, 1, 0 %, 0 %, 35285 MiB, 36.29 W
2026/09/11 17:06:00.925, 2, 0 %, 0 %, 35284 MiB, 37.26 W
2026/09/11 17:06:05.926, 0, 0 %, 0 %, 35285 MiB, 36.92 W
2026/09/11 17:06:05.926, 1, 0 %, 0 %, 35285 MiB, 36.20 W
2026/09/11 17:06:05.926, 2, 0 %, 0 %, 35284 MiB, 37.26 W
2026/09/11 17:06:10.926, 0, 0 %, 0 %, 35285 MiB, 36.83 W
2026/09/11 17:06:10.926, 1, 0 %, 0 %, 35285 MiB, 36.49 W
2026/09/11 17:06:10.926, 2, 0 %, 0 %, 35284 MiB, 37.17 W
2026/09/11 17:06:15.928, 0, 0 %, 0 %, 35285 MiB, 57.33 W
2026/09/11 17:06:15.928, 1, 0 %, 0 %, 35285 MiB, 36.29 W
2026/09/11 17:06:15.928, 2, 0 %, 0 %, 35284 MiB, 36.97 W
2026/09/11 17:06:20.930, 0, 0 %, 0 %, 35285 MiB, 36.72 W
2026/09/11 17:06:20.930, 1, 0 %, 0 %, 35285 MiB, 36.11 W
2026/09/11 17:06:20.930, 2, 0 %, 0 %, 35284 MiB, 36.97 W
2026/09/11 17:06:25.931, 0, 0 %, 0 %, 35285 MiB, 36.72 W
2026/09/11 17:06:25.931, 1, 0 %, 0 %, 35285 MiB, 36.10 W
2026/09/11 17:06:25.932, 2, 0 %, 0 %, 35284 MiB, 36.97 W
2026/09/11 17:06:30.939, 0, 0 %, 0 %, 35285 MiB, 36.43 W
2026/09/11 17:06:30.939, 1, 0 %, 0 %, 35285 MiB, 36.30 W
2026/09/11 17:06:30.939, 2, 5 %, 0 %, 35284 MiB, 37.46 W
2026/09/11 17:06:35.944, 0, 0 %, 0 %, 35285 MiB, 36.33 W
2026/09/11 17:06:35.944, 1, 0 %, 0 %, 35285 MiB, 36.00 W
2026/09/11 17:06:35.944, 2, 0 %, 0 %, 35284 MiB, 36.66 W
2026/09/11 17:06:40.945, 0, 0 %, 0 %, 35285 MiB, 36.53 W
2026/09/11 17:06:40.945, 1, 0 %, 0 %, 35285 MiB, 36.01 W
2026/09/11 17:06:40.946, 2, 2 %, 0 %, 35284 MiB, 37.85 W
2026/09/11 17:06:45.947, 0, 0 %, 0 %, 35285 MiB, 36.35 W
2026/09/11 17:06:45.947, 1, 0 %, 0 %, 35285 MiB, 35.73 W
2026/09/11 17:06:45.947, 2, 0 %, 0 %, 35284 MiB, 36.78 W
2026/09/11 17:06:50.948, 0, 0 %, 0 %, 35285 MiB, 36.33 W
2026/09/11 17:06:50.948, 1, 14 %, 0 %, 35285 MiB, 35.90 W
2026/09/11 17:06:50.948, 2, 0 %, 0 %, 35284 MiB, 40.52 W
2026/09/11 17:06:55.950, 0, 0 %, 0 %, 35285 MiB, 41.95 W
2026/09/11 17:06:55.950, 1, 0 %, 0 %, 35285 MiB, 35.82 W
2026/09/11 17:06:55.950, 2, 23 %, 0 %, 35284 MiB, 36.56 W
2026/09/11 17:07:00.952, 0, 4 %, 0 %, 35285 MiB, 40.48 W
2026/09/11 17:07:00.952, 1, 2 %, 0 %, 35285 MiB, 41.34 W
2026/09/11 17:07:00.952, 2, 2 %, 0 %, 35284 MiB, 36.57 W
2026/09/11 17:07:05.960, 0, 8 %, 0 %, 35285 MiB, 36.34 W
2026/09/11 17:07:05.960, 1, 14 %, 0 %, 35285 MiB, 35.72 W
2026/09/11 17:07:05.960, 2, 12 %, 0 %, 35284 MiB, 36.68 W
2026/09/11 17:07:10.962, 0, 2 %, 0 %, 35285 MiB, 36.34 W
2026/09/11 17:07:10.962, 1, 2 %, 0 %, 35285 MiB, 35.62 W
2026/09/11 17:07:10.962, 2, 12 %, 0 %, 35284 MiB, 37.17 W
2026/09/11 17:07:15.963, 0, 18 %, 0 %, 35285 MiB, 36.34 W
2026/09/11 17:07:15.963, 1, 11 %, 0 %, 35285 MiB, 35.82 W
2026/09/11 17:07:15.963, 2, 0 %, 0 %, 35284 MiB, 39.15 W
2026/09/11 17:07:20.969, 0, 2 %, 0 %, 35285 MiB, 39.30 W
2026/09/11 17:07:20.969, 1, 2 %, 0 %, 35285 MiB, 35.52 W
2026/09/11 17:07:20.969, 2, 25 %, 0 %, 35284 MiB, 36.66 W
2026/09/11 17:07:25.971, 0, 16 %, 0 %, 35285 MiB, 37.52 W
2026/09/11 17:07:25.971, 1, 0 %, 0 %, 35285 MiB, 35.72 W
2026/09/11 17:07:25.971, 2, 12 %, 0 %, 35284 MiB, 39.15 W
2026/09/11 17:07:30.972, 0, 0 %, 0 %, 35285 MiB, 37.92 W
2026/09/11 17:07:30.972, 1, 12 %, 0 %, 35285 MiB, 35.82 W
2026/09/11 17:07:30.972, 2, 0 %, 0 %, 35284 MiB, 38.06 W
2026/09/11 17:07:35.974, 0, 0 %, 0 %, 35285 MiB, 37.01 W
2026/09/11 17:07:35.974, 1, 9 %, 0 %, 35285 MiB, 35.42 W
2026/09/11 17:07:35.974, 2, 23 %, 0 %, 35284 MiB, 36.36 W
2026/09/11 17:07:40.976, 0, 0 %, 0 %, 35285 MiB, 36.14 W
2026/09/11 17:07:40.976, 1, 10 %, 0 %, 35285 MiB, 35.43 W
2026/09/11 17:07:40.976, 2, 2 %, 0 %, 35284 MiB, 38.64 W
2026/09/11 17:07:45.978, 0, 8 %, 0 %, 35285 MiB, 36.23 W
2026/09/11 17:07:45.978, 1, 10 %, 0 %, 35285 MiB, 35.61 W
2026/09/11 17:07:45.978, 2, 0 %, 0 %, 35284 MiB, 39.73 W
2026/09/11 17:07:50.980, 0, 0 %, 0 %, 35285 MiB, 36.04 W
2026/09/11 17:07:50.980, 1, 18 %, 0 %, 35285 MiB, 35.52 W
2026/09/11 17:07:50.980, 2, 6 %, 0 %, 35284 MiB, 36.27 W
2026/09/11 17:07:55.981, 0, 0 %, 0 %, 35285 MiB, 36.14 W
2026/09/11 17:07:55.982, 1, 14 %, 0 %, 35285 MiB, 35.53 W
2026/09/11 17:07:55.982, 2, 10 %, 0 %, 35284 MiB, 36.48 W
2026/09/11 17:08:00.982, 0, 0 %, 0 %, 35285 MiB, 36.25 W
2026/09/11 17:08:00.983, 1, 0 %, 0 %, 35285 MiB, 35.62 W
2026/09/11 17:08:00.983, 2, 0 %, 0 %, 35284 MiB, 36.80 W
2026/09/11 17:08:05.983, 0, 0 %, 0 %, 35285 MiB, 36.06 W
2026/09/11 17:08:05.983, 1, 0 %, 0 %, 35285 MiB, 35.53 W
2026/09/11 17:08:05.983, 2, 0 %, 0 %, 35284 MiB, 36.28 W
2026/09/11 17:08:10.983, 0, 0 %, 0 %, 35285 MiB, 36.35 W
2026/09/11 17:08:10.984, 1, 0 %, 0 %, 35285 MiB, 35.33 W
2026/09/11 17:08:10.984, 2, 0 %, 0 %, 35284 MiB, 36.28 W
2026/09/11 17:08:15.984, 0, 0 %, 0 %, 35285 MiB, 36.06 W
2026/09/11 17:08:15.984, 1, 0 %, 0 %, 35285 MiB, 35.34 W
2026/09/11 17:08:15.984, 2, 0 %, 0 %, 35284 MiB, 36.38 W
2026/09/11 17:08:20.985, 0, 10 %, 0 %, 35285 MiB, 36.06 W
2026/09/11 17:08:20.985, 1, 0 %, 0 %, 35285 MiB, 35.44 W
2026/09/11 17:08:20.985, 2, 0 %, 0 %, 35284 MiB, 36.28 W
2026/09/11 17:08:25.985, 0, 10 %, 0 %, 35285 MiB, 36.16 W
2026/09/11 17:08:25.986, 1, 0 %, 0 %, 35285 MiB, 35.34 W
2026/09/11 17:08:25.986, 2, 0 %, 0 %, 35284 MiB, 36.28 W
2026/09/11 17:08:30.986, 0, 0 %, 0 %, 35285 MiB, 36.16 W
2026/09/11 17:08:30.986, 1, 0 %, 0 %, 35285 MiB, 35.33 W
2026/09/11 17:08:30.986, 2, 0 %, 0 %, 35284 MiB, 36.27 W
2026/09/11 17:08:35.987, 0, 2 %, 0 %, 35285 MiB, 36.06 W
2026/09/11 17:08:35.987, 1, 0 %, 0 %, 35285 MiB, 35.23 W
2026/09/11 17:08:35.987, 2, 0 %, 0 %, 35284 MiB, 36.28 W
2026/09/11 17:08:40.988, 0, 0 %, 0 %, 35285 MiB, 35.86 W
2026/09/11 17:08:40.988, 1, 0 %, 0 %, 35285 MiB, 35.33 W
2026/09/11 17:08:40.988, 2, 0 %, 0 %, 35284 MiB, 36.19 W
2026/09/11 17:08:45.988, 0, 0 %, 0 %, 35285 MiB, 36.06 W
2026/09/11 17:08:45.988, 1, 0 %, 0 %, 35285 MiB, 35.23 W
2026/09/11 17:08:45.988, 2, 0 %, 0 %, 35284 MiB, 36.09 W
2026/09/11 17:08:50.989, 0, 92 %, 3 %, 35285 MiB, 84.18 W
2026/09/11 17:08:50.989, 1, 95 %, 5 %, 35285 MiB, 79.94 W
2026/09/11 17:08:50.989, 2, 94 %, 5 %, 35284 MiB, 79.50 W
2026/09/11 17:08:55.990, 0, 91 %, 3 %, 35285 MiB, 82.04 W
2026/09/11 17:08:55.990, 1, 94 %, 3 %, 35285 MiB, 79.21 W
2026/09/11 17:08:55.990, 2, 88 %, 3 %, 35284 MiB, 81.55 W
2026/09/11 17:09:00.990, 0, 95 %, 5 %, 35285 MiB, 84.50 W
2026/09/11 17:09:00.991, 1, 95 %, 5 %, 35285 MiB, 83.26 W
2026/09/11 17:09:00.991, 2, 93 %, 3 %, 35284 MiB, 84.63 W
2026/09/11 17:09:05.991, 0, 92 %, 3 %, 35285 MiB, 82.89 W
2026/09/11 17:09:05.992, 1, 89 %, 5 %, 35285 MiB, 77.22 W
2026/09/11 17:09:05.992, 2, 95 %, 3 %, 35284 MiB, 77.72 W
2026/09/11 17:09:10.992, 0, 94 %, 3 %, 35285 MiB, 85.77 W
2026/09/11 17:09:10.992, 1, 93 %, 3 %, 35285 MiB, 81.54 W
2026/09/11 17:09:10.992, 2, 89 %, 3 %, 35284 MiB, 81.74 W
2026/09/11 17:09:15.993, 0, 88 %, 3 %, 35285 MiB, 82.38 W
2026/09/11 17:09:15.993, 1, 95 %, 3 %, 35285 MiB, 80.16 W
2026/09/11 17:09:15.993, 2, 93 %, 5 %, 35284 MiB, 82.99 W
2026/09/11 17:09:20.993, 0, 93 %, 5 %, 35285 MiB, 84.40 W
2026/09/11 17:09:20.994, 1, 92 %, 3 %, 35285 MiB, 82.68 W
2026/09/11 17:09:20.994, 2, 91 %, 5 %, 35284 MiB, 83.61 W
2026/09/11 17:09:25.994, 0, 87 %, 3 %, 35285 MiB, 88.72 W
2026/09/11 17:09:25.995, 1, 94 %, 3 %, 35285 MiB, 81.08 W
2026/09/11 17:09:25.995, 2, 92 %, 3 %, 35284 MiB, 80.44 W
2026/09/11 17:09:30.995, 0, 89 %, 3 %, 35285 MiB, 85.24 W
2026/09/11 17:09:30.995, 1, 95 %, 5 %, 35285 MiB, 82.80 W
2026/09/11 17:09:30.995, 2, 92 %, 3 %, 35284 MiB, 81.41 W
2026/09/11 17:09:35.996, 0, 92 %, 3 %, 35285 MiB, 88.78 W
2026/09/11 17:09:35.996, 1, 92 %, 3 %, 35285 MiB, 82.69 W
2026/09/11 17:09:35.996, 2, 92 %, 3 %, 35284 MiB, 83.50 W
2026/09/11 17:09:40.997, 0, 94 %, 3 %, 35285 MiB, 83.64 W
2026/09/11 17:09:40.997, 1, 94 %, 3 %, 35285 MiB, 82.42 W
2026/09/11 17:09:40.997, 2, 90 %, 3 %, 35284 MiB, 83.79 W
2026/09/11 17:09:45.997, 0, 92 %, 5 %, 35285 MiB, 83.02 W
2026/09/11 17:09:45.997, 1, 91 %, 3 %, 35285 MiB, 84.84 W
2026/09/11 17:09:45.997, 2, 92 %, 3 %, 35284 MiB, 84.25 W
2026/09/11 17:09:51.003, 0, 90 %, 3 %, 35285 MiB, 82.51 W
2026/09/11 17:09:51.003, 1, 90 %, 3 %, 35285 MiB, 80.43 W
2026/09/11 17:09:51.003, 2, 94 %, 5 %, 35284 MiB, 115.46 W
2026/09/11 17:09:56.004, 0, 97 %, 3 %, 35285 MiB, 82.70 W
2026/09/11 17:09:56.004, 1, 90 %, 5 %, 35285 MiB, 84.32 W
2026/09/11 17:09:56.004, 2, 86 %, 3 %, 35284 MiB, 79.74 W
2026/09/11 17:10:01.005, 0, 90 %, 3 %, 35285 MiB, 83.04 W
2026/09/11 17:10:01.005, 1, 93 %, 5 %, 35285 MiB, 80.61 W
2026/09/11 17:10:01.005, 2, 90 %, 3 %, 35284 MiB, 81.36 W
2026/09/11 17:10:06.005, 0, 93 %, 5 %, 35285 MiB, 79.47 W
2026/09/11 17:10:06.005, 1, 96 %, 3 %, 35285 MiB, 79.84 W
2026/09/11 17:10:06.006, 2, 94 %, 3 %, 35284 MiB, 82.03 W
2026/09/11 17:10:11.006, 0, 92 %, 4 %, 35285 MiB, 82.00 W
2026/09/11 17:10:11.006, 1, 98 %, 10 %, 35285 MiB, 76.78 W
2026/09/11 17:10:11.006, 2, 94 %, 3 %, 35284 MiB, 82.11 W
2026/09/11 17:10:16.008, 0, 96 %, 6 %, 35285 MiB, 80.05 W
2026/09/11 17:10:16.008, 1, 97 %, 3 %, 35285 MiB, 78.07 W
2026/09/11 17:10:16.008, 2, 95 %, 3 %, 35284 MiB, 81.74 W
2026/09/11 17:10:21.009, 0, 95 %, 6 %, 35285 MiB, 80.44 W
2026/09/11 17:10:21.009, 1, 94 %, 6 %, 35285 MiB, 77.11 W
2026/09/11 17:10:21.009, 2, 94 %, 5 %, 35284 MiB, 77.98 W
2026/09/11 17:10:26.010, 0, 96 %, 6 %, 35285 MiB, 82.09 W
2026/09/11 17:10:26.010, 1, 95 %, 3 %, 35285 MiB, 78.39 W
2026/09/11 17:10:26.010, 2, 94 %, 4 %, 35284 MiB, 89.12 W
2026/09/11 17:10:31.010, 0, 96 %, 6 %, 35285 MiB, 82.83 W
2026/09/11 17:10:31.011, 1, 96 %, 3 %, 35285 MiB, 76.61 W
2026/09/11 17:10:31.011, 2, 94 %, 5 %, 35284 MiB, 82.22 W
2026/09/11 17:10:36.011, 0, 96 %, 8 %, 35285 MiB, 80.49 W
2026/09/11 17:10:36.011, 1, 98 %, 8 %, 35285 MiB, 77.28 W
2026/09/11 17:10:36.011, 2, 97 %, 6 %, 35284 MiB, 81.81 W
2026/09/11 17:10:41.012, 0, 95 %, 5 %, 35285 MiB, 82.02 W
2026/09/11 17:10:41.012, 1, 95 %, 3 %, 35285 MiB, 97.12 W
2026/09/11 17:10:41.012, 2, 96 %, 3 %, 35284 MiB, 79.63 W
2026/09/11 17:10:46.013, 0, 0 %, 0 %, 35285 MiB, 58.90 W
2026/09/11 17:10:46.013, 1, 33 %, 1 %, 35285 MiB, 64.71 W
2026/09/11 17:10:46.013, 2, 71 %, 2 %, 35284 MiB, 73.18 W
2026/09/11 17:10:51.014, 0, 0 %, 0 %, 35285 MiB, 37.61 W
2026/09/11 17:10:51.014, 1, 0 %, 0 %, 35285 MiB, 37.09 W
2026/09/11 17:10:51.014, 2, 0 %, 0 %, 35284 MiB, 37.95 W
2026/09/11 17:10:56.016, 0, 0 %, 0 %, 35285 MiB, 37.22 W
2026/09/11 17:10:56.016, 1, 0 %, 0 %, 35285 MiB, 37.49 W
2026/09/11 17:10:56.016, 2, 0 %, 0 %, 35284 MiB, 37.56 W
2026/09/11 17:11:01.018, 0, 0 %, 0 %, 35285 MiB, 37.22 W
2026/09/11 17:11:01.018, 1, 0 %, 0 %, 35285 MiB, 36.89 W
2026/09/11 17:11:01.018, 2, 0 %, 0 %, 35284 MiB, 54.86 W
2026/09/11 17:11:06.020, 0, 0 %, 0 %, 35285 MiB, 37.12 W
2026/09/11 17:11:06.020, 1, 0 %, 0 %, 35285 MiB, 36.70 W
2026/09/11 17:11:06.020, 2, 0 %, 0 %, 35284 MiB, 37.17 W
2026/09/11 17:11:11.021, 0, 0 %, 0 %, 35285 MiB, 37.03 W
2026/09/11 17:11:11.022, 1, 0 %, 0 %, 35285 MiB, 36.59 W
2026/09/11 17:11:11.022, 2, 0 %, 0 %, 35284 MiB, 37.07 W
2026/09/11 17:11:16.022, 0, 0 %, 0 %, 35285 MiB, 36.93 W
2026/09/11 17:11:16.022, 1, 0 %, 0 %, 35285 MiB, 36.50 W
2026/09/11 17:11:16.022, 2, 4 %, 0 %, 35284 MiB, 37.17 W
2026/09/11 17:11:21.023, 0, 0 %, 0 %, 35285 MiB, 36.72 W
2026/09/11 17:11:21.023, 1, 0 %, 0 %, 35285 MiB, 36.59 W
2026/09/11 17:11:21.023, 2, 0 %, 0 %, 35284 MiB, 37.07 W
2026/09/11 17:11:26.024, 0, 0 %, 0 %, 35285 MiB, 36.72 W
2026/09/11 17:11:26.024, 1, 0 %, 0 %, 35285 MiB, 36.49 W
2026/09/11 17:11:26.024, 2, 0 %, 0 %, 35284 MiB, 37.26 W
2026/09/11 17:11:31.026, 0, 2 %, 0 %, 35285 MiB, 36.93 W
2026/09/11 17:11:31.026, 1, 4 %, 0 %, 35285 MiB, 36.50 W
2026/09/11 17:11:31.026, 2, 0 %, 0 %, 35284 MiB, 36.97 W
2026/09/11 17:11:36.028, 0, 0 %, 0 %, 35285 MiB, 36.52 W
2026/09/11 17:11:36.028, 1, 0 %, 0 %, 35285 MiB, 36.11 W
2026/09/11 17:11:36.028, 2, 0 %, 0 %, 35284 MiB, 36.97 W
2026/09/11 17:11:41.030, 0, 0 %, 0 %, 35285 MiB, 36.72 W
2026/09/11 17:11:41.030, 1, 0 %, 0 %, 35285 MiB, 36.21 W
2026/09/11 17:11:41.030, 2, 0 %, 0 %, 35284 MiB, 36.97 W
2026/09/11 17:11:46.041, 0, 5 %, 0 %, 35285 MiB, 36.72 W
2026/09/11 17:11:46.041, 1, 0 %, 0 %, 35285 MiB, 36.01 W
2026/09/11 17:11:46.041, 2, 3 %, 0 %, 35284 MiB, 37.17 W
2026/09/11 17:11:51.043, 0, 0 %, 0 %, 35285 MiB, 36.43 W
2026/09/11 17:11:51.043, 1, 0 %, 0 %, 35285 MiB, 35.92 W
2026/09/11 17:11:51.043, 2, 0 %, 0 %, 35284 MiB, 36.87 W
2026/09/11 17:11:56.044, 0, 0 %, 0 %, 35285 MiB, 36.43 W
2026/09/11 17:11:56.044, 1, 0 %, 0 %, 35285 MiB, 36.00 W
2026/09/11 17:11:56.044, 2, 0 %, 0 %, 35284 MiB, 36.77 W
2026/09/11 17:12:01.044, 0, 0 %, 0 %, 35285 MiB, 36.53 W
2026/09/11 17:12:01.045, 1, 0 %, 0 %, 35285 MiB, 36.01 W
2026/09/11 17:12:01.045, 2, 0 %, 0 %, 35284 MiB, 36.68 W
2026/09/11 17:12:06.050, 0, 0 %, 0 %, 35285 MiB, 42.06 W
2026/09/11 17:12:06.050, 1, 10 %, 0 %, 35285 MiB, 35.91 W
2026/09/11 17:12:06.050, 2, 0 %, 0 %, 35284 MiB, 37.36 W
2026/09/11 17:12:11.051, 0, 20 %, 0 %, 35285 MiB, 39.30 W
2026/09/11 17:12:11.051, 1, 10 %, 0 %, 35285 MiB, 36.11 W
2026/09/11 17:12:11.052, 2, 8 %, 0 %, 35284 MiB, 36.57 W
2026/09/11 17:12:16.052, 0, 0 %, 0 %, 35285 MiB, 36.24 W
2026/09/11 17:12:16.053, 1, 0 %, 0 %, 35285 MiB, 35.72 W
2026/09/11 17:12:16.053, 2, 18 %, 0 %, 35284 MiB, 36.47 W
2026/09/11 17:12:21.053, 0, 0 %, 0 %, 35285 MiB, 36.34 W
2026/09/11 17:12:21.054, 1, 0 %, 0 %, 35285 MiB, 36.00 W
2026/09/11 17:12:21.054, 2, 9 %, 0 %, 35284 MiB, 36.57 W
2026/09/11 17:12:26.056, 0, 8 %, 0 %, 35285 MiB, 36.54 W
2026/09/11 17:12:26.056, 1, 15 %, 0 %, 35285 MiB, 35.82 W
2026/09/11 17:12:26.056, 2, 0 %, 0 %, 35284 MiB, 39.13 W
2026/09/11 17:12:31.063, 0, 2 %, 0 %, 35285 MiB, 36.24 W
2026/09/11 17:12:31.063, 1, 21 %, 0 %, 35285 MiB, 35.72 W
2026/09/11 17:12:31.063, 2, 16 %, 0 %, 35284 MiB, 39.35 W
2026/09/11 17:12:36.065, 0, 0 %, 0 %, 35285 MiB, 36.24 W
2026/09/11 17:12:36.065, 1, 0 %, 0 %, 35285 MiB, 35.82 W
2026/09/11 17:12:36.065, 2, 8 %, 0 %, 35284 MiB, 36.46 W
2026/09/11 17:12:41.067, 0, 22 %, 0 %, 35285 MiB, 36.63 W
2026/09/11 17:12:41.067, 1, 0 %, 0 %, 35285 MiB, 35.72 W
2026/09/11 17:12:41.067, 2, 0 %, 0 %, 35284 MiB, 36.46 W
2026/09/11 17:12:46.074, 0, 26 %, 0 %, 35285 MiB, 36.23 W
2026/09/11 17:12:46.074, 1, 21 %, 0 %, 35285 MiB, 35.52 W
2026/09/11 17:12:46.074, 2, 8 %, 0 %, 35284 MiB, 40.82 W
2026/09/11 17:12:51.076, 0, 2 %, 0 %, 35285 MiB, 37.32 W
2026/09/11 17:12:51.076, 1, 12 %, 0 %, 35285 MiB, 35.42 W
2026/09/11 17:12:51.077, 2, 8 %, 0 %, 35284 MiB, 36.66 W
2026/09/11 17:12:56.077, 0, 20 %, 0 %, 35285 MiB, 36.33 W
2026/09/11 17:12:56.077, 1, 19 %, 0 %, 35285 MiB, 35.62 W
2026/09/11 17:12:56.078, 2, 0 %, 0 %, 35284 MiB, 36.57 W
2026/09/11 17:13:01.078, 0, 0 %, 0 %, 35285 MiB, 36.24 W
2026/09/11 17:13:01.078, 1, 11 %, 0 %, 35285 MiB, 35.52 W
2026/09/11 17:13:01.079, 2, 0 %, 0 %, 35284 MiB, 38.35 W
2026/09/11 17:13:06.079, 0, 3 %, 0 %, 35285 MiB, 36.13 W
2026/09/11 17:13:06.079, 1, 2 %, 0 %, 35285 MiB, 36.59 W
2026/09/11 17:13:06.079, 2, 0 %, 0 %, 35284 MiB, 36.47 W
2026/09/11 17:13:11.080, 0, 2 %, 0 %, 35285 MiB, 36.04 W
2026/09/11 17:13:11.081, 1, 11 %, 0 %, 35285 MiB, 35.52 W
2026/09/11 17:13:11.081, 2, 1 %, 0 %, 35284 MiB, 36.36 W
2026/09/11 17:13:16.081, 0, 0 %, 0 %, 35285 MiB, 36.05 W
2026/09/11 17:13:16.081, 1, 0 %, 0 %, 35285 MiB, 35.33 W
2026/09/11 17:13:16.081, 2, 0 %, 0 %, 35284 MiB, 36.16 W
2026/09/11 17:13:21.082, 0, 0 %, 0 %, 35285 MiB, 36.06 W
2026/09/11 17:13:21.082, 1, 0 %, 0 %, 35285 MiB, 35.33 W
2026/09/11 17:13:21.082, 2, 0 %, 0 %, 35284 MiB, 36.18 W
2026/09/11 17:13:26.082, 0, 0 %, 0 %, 35285 MiB, 35.96 W
2026/09/11 17:13:26.082, 1, 10 %, 0 %, 35285 MiB, 35.44 W
2026/09/11 17:13:26.083, 2, 0 %, 0 %, 35284 MiB, 36.28 W
2026/09/11 17:13:31.083, 0, 0 %, 0 %, 35285 MiB, 36.16 W
2026/09/11 17:13:31.083, 1, 10 %, 0 %, 35285 MiB, 35.53 W
2026/09/11 17:13:31.083, 2, 0 %, 0 %, 35284 MiB, 36.48 W
2026/09/11 17:13:36.084, 0, 0 %, 0 %, 35285 MiB, 36.06 W
2026/09/11 17:13:36.084, 1, 0 %, 0 %, 35285 MiB, 35.34 W
2026/09/11 17:13:36.084, 2, 0 %, 0 %, 35284 MiB, 36.19 W
2026/09/11 17:13:41.084, 0, 0 %, 0 %, 35285 MiB, 35.96 W
2026/09/11 17:13:41.084, 1, 0 %, 0 %, 35285 MiB, 35.53 W
2026/09/11 17:13:41.084, 2, 0 %, 0 %, 35284 MiB, 36.17 W
2026/09/11 17:13:46.085, 0, 0 %, 0 %, 35285 MiB, 35.96 W
2026/09/11 17:13:46.085, 1, 10 %, 0 %, 35285 MiB, 35.53 W
2026/09/11 17:13:46.085, 2, 0 %, 0 %, 35284 MiB, 36.49 W
2026/09/11 17:13:51.085, 0, 0 %, 0 %, 35285 MiB, 36.16 W
2026/09/11 17:13:51.085, 1, 0 %, 0 %, 35285 MiB, 35.34 W
2026/09/11 17:13:51.085, 2, 0 %, 0 %, 35284 MiB, 36.19 W
2026/09/11 17:13:56.086, 0, 0 %, 0 %, 35285 MiB, 36.06 W
2026/09/11 17:13:56.086, 1, 10 %, 0 %, 35285 MiB, 38.30 W
2026/09/11 17:13:56.086, 2, 0 %, 0 %, 35284 MiB, 36.28 W
2026/09/11 17:14:01.087, 0, 0 %, 0 %, 35285 MiB, 36.06 W
2026/09/11 17:14:01.087, 1, 0 %, 0 %, 35285 MiB, 35.13 W
2026/09/11 17:14:01.087, 2, 0 %, 0 %, 35284 MiB, 36.28 W
2026/09/11 17:14:06.087, 0, 92 %, 3 %, 35285 MiB, 84.30 W
2026/09/11 17:14:06.087, 1, 90 %, 3 %, 35285 MiB, 80.05 W
2026/09/11 17:14:06.088, 2, 90 %, 3 %, 35284 MiB, 80.48 W
2026/09/11 17:14:11.088, 0, 94 %, 3 %, 35285 MiB, 85.11 W
2026/09/11 17:14:11.089, 1, 92 %, 5 %, 35285 MiB, 80.13 W
2026/09/11 17:14:11.089, 2, 93 %, 3 %, 35284 MiB, 81.76 W
2026/09/11 17:14:16.089, 0, 89 %, 3 %, 35285 MiB, 85.65 W
2026/09/11 17:14:16.089, 1, 93 %, 3 %, 35285 MiB, 79.22 W
2026/09/11 17:14:16.089, 2, 90 %, 4 %, 35284 MiB, 79.35 W
2026/09/11 17:14:21.090, 0, 91 %, 3 %, 35285 MiB, 82.64 W
2026/09/11 17:14:21.090, 1, 95 %, 5 %, 35285 MiB, 81.93 W
2026/09/11 17:14:21.090, 2, 89 %, 3 %, 35284 MiB, 81.26 W
2026/09/11 17:14:26.090, 0, 89 %, 3 %, 35285 MiB, 83.37 W
2026/09/11 17:14:26.090, 1, 91 %, 3 %, 35285 MiB, 82.39 W
2026/09/11 17:14:26.091, 2, 88 %, 3 %, 35284 MiB, 81.53 W
2026/09/11 17:14:31.091, 0, 91 %, 3 %, 35285 MiB, 89.80 W
2026/09/11 17:14:31.091, 1, 94 %, 5 %, 35285 MiB, 80.66 W
2026/09/11 17:14:31.091, 2, 89 %, 3 %, 35284 MiB, 83.09 W
2026/09/11 17:14:36.092, 0, 93 %, 3 %, 35285 MiB, 84.16 W
2026/09/11 17:14:36.092, 1, 93 %, 3 %, 35285 MiB, 81.55 W
2026/09/11 17:14:36.092, 2, 92 %, 3 %, 35284 MiB, 79.93 W
2026/09/11 17:14:41.093, 0, 92 %, 3 %, 35285 MiB, 85.95 W
2026/09/11 17:14:41.093, 1, 92 %, 4 %, 35285 MiB, 80.90 W
2026/09/11 17:14:41.093, 2, 93 %, 3 %, 35284 MiB, 110.77 W
2026/09/11 17:14:46.094, 0, 89 %, 3 %, 35285 MiB, 84.47 W
2026/09/11 17:14:46.094, 1, 89 %, 3 %, 35285 MiB, 84.08 W
2026/09/11 17:14:46.094, 2, 88 %, 3 %, 35284 MiB, 82.62 W
2026/09/11 17:14:51.094, 0, 95 %, 5 %, 35285 MiB, 87.08 W
2026/09/11 17:14:51.095, 1, 92 %, 3 %, 35285 MiB, 82.67 W
2026/09/11 17:14:51.095, 2, 88 %, 3 %, 35284 MiB, 79.60 W
2026/09/11 17:14:56.095, 0, 97 %, 5 %, 35285 MiB, 85.98 W
2026/09/11 17:14:56.095, 1, 95 %, 3 %, 35285 MiB, 84.40 W
2026/09/11 17:14:56.095, 2, 89 %, 3 %, 35284 MiB, 87.31 W
2026/09/11 17:15:01.097, 0, 93 %, 3 %, 35285 MiB, 81.02 W
2026/09/11 17:15:01.097, 1, 92 %, 5 %, 35285 MiB, 81.61 W
2026/09/11 17:15:01.097, 2, 95 %, 6 %, 35284 MiB, 82.94 W
2026/09/11 17:15:06.099, 0, 90 %, 3 %, 35285 MiB, 79.18 W
2026/09/11 17:15:06.099, 1, 90 %, 3 %, 35285 MiB, 80.18 W
2026/09/11 17:15:06.099, 2, 86 %, 3 %, 35284 MiB, 80.61 W
2026/09/11 17:15:11.100, 0, 93 %, 3 %, 35285 MiB, 84.41 W
2026/09/11 17:15:11.100, 1, 92 %, 3 %, 35285 MiB, 81.18 W
2026/09/11 17:15:11.100, 2, 92 %, 3 %, 35284 MiB, 82.08 W
2026/09/11 17:15:16.101, 0, 95 %, 3 %, 35285 MiB, 81.43 W
2026/09/11 17:15:16.101, 1, 92 %, 3 %, 35285 MiB, 79.24 W
2026/09/11 17:15:16.101, 2, 93 %, 3 %, 35284 MiB, 80.62 W
2026/09/11 17:15:21.102, 0, 94 %, 8 %, 35285 MiB, 80.90 W
2026/09/11 17:15:21.102, 1, 96 %, 4 %, 35285 MiB, 78.07 W
2026/09/11 17:15:21.102, 2, 94 %, 5 %, 35284 MiB, 118.32 W
2026/09/11 17:15:26.103, 0, 96 %, 6 %, 35285 MiB, 123.84 W
2026/09/11 17:15:26.103, 1, 95 %, 8 %, 35285 MiB, 83.22 W
2026/09/11 17:15:26.103, 2, 95 %, 10 %, 35284 MiB, 79.77 W
2026/09/11 17:15:31.104, 0, 97 %, 5 %, 35285 MiB, 79.46 W
2026/09/11 17:15:31.104, 1, 98 %, 8 %, 35285 MiB, 79.04 W
2026/09/11 17:15:31.104, 2, 96 %, 10 %, 35284 MiB, 80.36 W
2026/09/11 17:15:36.104, 0, 96 %, 8 %, 35285 MiB, 99.50 W
2026/09/11 17:15:36.105, 1, 96 %, 3 %, 35285 MiB, 82.71 W
2026/09/11 17:15:36.105, 2, 93 %, 6 %, 35284 MiB, 80.07 W
2026/09/11 17:15:41.106, 0, 97 %, 10 %, 35285 MiB, 82.77 W
2026/09/11 17:15:41.106, 1, 98 %, 8 %, 35285 MiB, 83.65 W
2026/09/11 17:15:41.106, 2, 96 %, 5 %, 35284 MiB, 80.78 W
2026/09/11 17:15:46.107, 0, 94 %, 3 %, 35285 MiB, 79.91 W
2026/09/11 17:15:46.107, 1, 96 %, 3 %, 35285 MiB, 78.31 W
2026/09/11 17:15:46.107, 2, 96 %, 5 %, 35284 MiB, 80.20 W
2026/09/11 17:15:51.108, 0, 98 %, 5 %, 35285 MiB, 79.34 W
2026/09/11 17:15:51.108, 1, 95 %, 5 %, 35285 MiB, 78.12 W
2026/09/11 17:15:51.108, 2, 95 %, 5 %, 35284 MiB, 79.56 W
2026/09/11 17:15:56.109, 0, 94 %, 8 %, 35285 MiB, 116.85 W
2026/09/11 17:15:56.109, 1, 97 %, 5 %, 35285 MiB, 78.39 W
2026/09/11 17:15:56.109, 2, 96 %, 5 %, 35284 MiB, 80.54 W
2026/09/11 17:16:01.109, 0, 97 %, 8 %, 35285 MiB, 83.40 W
2026/09/11 17:16:01.109, 1, 97 %, 6 %, 35285 MiB, 110.80 W
2026/09/11 17:16:01.109, 2, 71 %, 2 %, 35284 MiB, 76.59 W
2026/09/11 17:16:06.113, 0, 0 %, 0 %, 35285 MiB, 37.90 W
2026/09/11 17:16:06.113, 1, 0 %, 0 %, 35285 MiB, 37.09 W
2026/09/11 17:16:06.113, 2, 0 %, 0 %, 35284 MiB, 37.95 W
2026/09/11 17:16:11.114, 0, 0 %, 0 %, 35285 MiB, 37.42 W
2026/09/11 17:16:11.114, 1, 0 %, 0 %, 35285 MiB, 36.79 W
2026/09/11 17:16:11.115, 2, 0 %, 0 %, 35284 MiB, 37.56 W
2026/09/11 17:16:16.116, 0, 0 %, 0 %, 35285 MiB, 37.42 W
2026/09/11 17:16:16.116, 1, 0 %, 0 %, 35285 MiB, 36.89 W
2026/09/11 17:16:16.116, 2, 0 %, 0 %, 35284 MiB, 37.46 W
2026/09/11 17:16:21.118, 0, 0 %, 0 %, 35285 MiB, 37.42 W
2026/09/11 17:16:21.118, 1, 0 %, 0 %, 35285 MiB, 36.89 W
2026/09/11 17:16:21.118, 2, 0 %, 0 %, 35284 MiB, 37.26 W
2026/09/11 17:16:26.119, 0, 0 %, 0 %, 35285 MiB, 37.22 W
2026/09/11 17:16:26.120, 1, 0 %, 0 %, 35285 MiB, 36.71 W
2026/09/11 17:16:26.120, 2, 0 %, 0 %, 35284 MiB, 37.26 W
2026/09/11 17:16:31.122, 0, 0 %, 0 %, 35285 MiB, 36.92 W
2026/09/11 17:16:31.122, 1, 0 %, 0 %, 35285 MiB, 36.49 W
2026/09/11 17:16:31.122, 2, 0 %, 0 %, 35284 MiB, 37.17 W
2026/09/11 17:16:36.124, 0, 0 %, 0 %, 35285 MiB, 36.92 W
2026/09/11 17:16:36.124, 1, 0 %, 0 %, 35285 MiB, 36.48 W
2026/09/11 17:16:36.124, 2, 0 %, 0 %, 35284 MiB, 39.15 W
2026/09/11 17:16:41.126, 0, 0 %, 0 %, 35285 MiB, 36.73 W
2026/09/11 17:16:41.126, 1, 0 %, 0 %, 35285 MiB, 36.59 W
2026/09/11 17:16:41.126, 2, 2 %, 0 %, 35284 MiB, 37.26 W
2026/09/11 17:16:46.127, 0, 0 %, 0 %, 35285 MiB, 36.72 W
2026/09/11 17:16:46.127, 1, 0 %, 0 %, 35285 MiB, 38.09 W
2026/09/11 17:16:46.127, 2, 3 %, 0 %, 35284 MiB, 38.06 W
2026/09/11 17:16:51.128, 0, 0 %, 0 %, 35285 MiB, 36.62 W
2026/09/11 17:16:51.128, 1, 0 %, 0 %, 35285 MiB, 36.29 W
2026/09/11 17:16:51.128, 2, 0 %, 0 %, 35284 MiB, 36.97 W
2026/09/11 17:16:56.130, 0, 0 %, 0 %, 35285 MiB, 36.72 W
2026/09/11 17:16:56.130, 1, 0 %, 0 %, 35285 MiB, 36.20 W
2026/09/11 17:16:56.130, 2, 0 %, 0 %, 35284 MiB, 36.87 W
2026/09/11 17:17:01.136, 0, 0 %, 0 %, 35285 MiB, 36.33 W
2026/09/11 17:17:01.136, 1, 13 %, 1 %, 35285 MiB, 37.89 W
2026/09/11 17:17:01.136, 2, 0 %, 0 %, 35284 MiB, 36.87 W
2026/09/11 17:17:06.137, 0, 0 %, 0 %, 35285 MiB, 36.43 W
2026/09/11 17:17:06.137, 1, 0 %, 0 %, 35285 MiB, 36.20 W
2026/09/11 17:17:06.137, 2, 0 %, 0 %, 35284 MiB, 36.87 W
2026/09/11 17:17:11.139, 0, 0 %, 0 %, 35285 MiB, 36.33 W
2026/09/11 17:17:11.139, 1, 0 %, 0 %, 35285 MiB, 36.11 W
2026/09/11 17:17:11.139, 2, 0 %, 0 %, 35284 MiB, 36.66 W
2026/09/11 17:17:16.141, 0, 0 %, 0 %, 35285 MiB, 36.35 W
2026/09/11 17:17:16.141, 1, 0 %, 0 %, 35285 MiB, 35.92 W
2026/09/11 17:17:16.141, 2, 0 %, 0 %, 35284 MiB, 36.66 W
2026/09/11 17:17:21.142, 0, 2 %, 0 %, 35285 MiB, 41.09 W
2026/09/11 17:17:21.142, 1, 3 %, 0 %, 35285 MiB, 36.11 W
2026/09/11 17:17:21.142, 2, 10 %, 0 %, 35284 MiB, 38.06 W
2026/09/11 17:17:26.143, 0, 8 %, 0 %, 35285 MiB, 44.93 W
2026/09/11 17:17:26.143, 1, 14 %, 0 %, 35285 MiB, 36.90 W
2026/09/11 17:17:26.143, 2, 13 %, 0 %, 35284 MiB, 36.77 W
2026/09/11 17:17:31.144, 0, 12 %, 0 %, 35285 MiB, 36.53 W
2026/09/11 17:17:31.144, 1, 10 %, 0 %, 35285 MiB, 35.91 W
2026/09/11 17:17:31.144, 2, 7 %, 0 %, 35284 MiB, 41.91 W
2026/09/11 17:17:36.154, 0, 0 %, 0 %, 35285 MiB, 38.10 W
2026/09/11 17:17:36.154, 1, 10 %, 0 %, 35285 MiB, 37.69 W
2026/09/11 17:17:36.154, 2, 14 %, 0 %, 35284 MiB, 37.65 W
2026/09/11 17:17:41.155, 0, 20 %, 0 %, 35285 MiB, 36.93 W
2026/09/11 17:17:41.156, 1, 6 %, 0 %, 35285 MiB, 35.72 W
2026/09/11 17:17:41.156, 2, 10 %, 0 %, 35284 MiB, 36.36 W
2026/09/11 17:17:46.156, 0, 22 %, 0 %, 35285 MiB, 36.34 W
2026/09/11 17:17:46.156, 1, 4 %, 0 %, 35285 MiB, 36.50 W
2026/09/11 17:17:46.157, 2, 3 %, 0 %, 35284 MiB, 36.87 W
2026/09/11 17:17:51.159, 0, 20 %, 0 %, 35285 MiB, 36.25 W
2026/09/11 17:17:51.159, 1, 10 %, 0 %, 35285 MiB, 35.53 W
2026/09/11 17:17:51.159, 2, 0 %, 0 %, 35284 MiB, 36.47 W
2026/09/11 17:17:56.166, 0, 12 %, 0 %, 35285 MiB, 36.54 W
2026/09/11 17:17:56.166, 1, 35 %, 1 %, 35285 MiB, 36.50 W
2026/09/11 17:17:56.166, 2, 4 %, 0 %, 35284 MiB, 36.47 W
2026/09/11 17:18:01.167, 0, 13 %, 0 %, 35285 MiB, 36.24 W
2026/09/11 17:18:01.168, 1, 0 %, 0 %, 35285 MiB, 35.52 W
2026/09/11 17:18:01.168, 2, 22 %, 0 %, 35284 MiB, 36.47 W
2026/09/11 17:18:06.169, 0, 0 %, 0 %, 35285 MiB, 37.81 W
2026/09/11 17:18:06.169, 1, 0 %, 0 %, 35285 MiB, 42.14 W
2026/09/11 17:18:06.169, 2, 10 %, 0 %, 35284 MiB, 36.47 W
2026/09/11 17:18:11.171, 0, 0 %, 0 %, 35285 MiB, 36.14 W
2026/09/11 17:18:11.171, 1, 9 %, 0 %, 35285 MiB, 35.72 W
2026/09/11 17:18:11.171, 2, 0 %, 0 %, 35284 MiB, 40.93 W
2026/09/11 17:18:16.173, 0, 22 %, 0 %, 35285 MiB, 36.34 W
2026/09/11 17:18:16.173, 1, 14 %, 0 %, 35285 MiB, 35.72 W
2026/09/11 17:18:16.173, 2, 14 %, 0 %, 35284 MiB, 36.47 W
2026/09/11 17:18:21.174, 0, 14 %, 0 %, 35285 MiB, 36.13 W
2026/09/11 17:18:21.175, 1, 4 %, 0 %, 35285 MiB, 35.52 W
2026/09/11 17:18:21.175, 2, 10 %, 0 %, 35284 MiB, 40.15 W
2026/09/11 17:18:26.175, 0, 8 %, 0 %, 35285 MiB, 36.15 W
2026/09/11 17:18:26.176, 1, 12 %, 0 %, 35285 MiB, 35.33 W
2026/09/11 17:18:26.176, 2, 12 %, 0 %, 35284 MiB, 36.36 W
2026/09/11 17:18:31.176, 0, 0 %, 0 %, 35285 MiB, 36.35 W
2026/09/11 17:18:31.177, 1, 14 %, 0 %, 35285 MiB, 35.53 W
2026/09/11 17:18:31.177, 2, 0 %, 0 %, 35284 MiB, 36.48 W
2026/09/11 17:18:36.177, 0, 0 %, 0 %, 35285 MiB, 36.16 W
2026/09/11 17:18:36.178, 1, 8 %, 0 %, 35285 MiB, 35.34 W
2026/09/11 17:18:36.178, 2, 0 %, 0 %, 35284 MiB, 36.38 W
2026/09/11 17:18:41.178, 0, 0 %, 0 %, 35285 MiB, 36.06 W
2026/09/11 17:18:41.178, 1, 0 %, 0 %, 35285 MiB, 35.43 W
2026/09/11 17:18:41.178, 2, 0 %, 0 %, 35284 MiB, 36.37 W
2026/09/11 17:18:46.179, 0, 90 %, 3 %, 35285 MiB, 82.86 W
2026/09/11 17:18:46.179, 1, 91 %, 3 %, 35285 MiB, 128.83 W
2026/09/11 17:18:46.179, 2, 88 %, 3 %, 35284 MiB, 79.90 W
2026/09/11 17:18:51.179, 0, 90 %, 3 %, 35285 MiB, 87.75 W
2026/09/11 17:18:51.179, 1, 95 %, 3 %, 35285 MiB, 79.35 W
2026/09/11 17:18:51.179, 2, 92 %, 3 %, 35284 MiB, 82.84 W
2026/09/11 17:18:56.180, 0, 95 %, 3 %, 35285 MiB, 85.50 W
2026/09/11 17:18:56.180, 1, 92 %, 5 %, 35285 MiB, 79.15 W
2026/09/11 17:18:56.180, 2, 93 %, 3 %, 35284 MiB, 82.35 W
2026/09/11 17:19:01.181, 0, 95 %, 3 %, 35285 MiB, 82.09 W
2026/09/11 17:19:01.181, 1, 94 %, 3 %, 35285 MiB, 81.42 W
2026/09/11 17:19:01.181, 2, 89 %, 3 %, 35284 MiB, 82.32 W
2026/09/11 17:19:06.182, 0, 94 %, 5 %, 35285 MiB, 85.23 W
2026/09/11 17:19:06.182, 1, 93 %, 3 %, 35285 MiB, 80.55 W
2026/09/11 17:19:06.182, 2, 92 %, 3 %, 35284 MiB, 83.07 W
2026/09/11 17:19:11.183, 0, 93 %, 3 %, 35285 MiB, 87.05 W
2026/09/11 17:19:11.183, 1, 91 %, 3 %, 35285 MiB, 76.62 W
2026/09/11 17:19:11.183, 2, 90 %, 5 %, 35284 MiB, 79.64 W
2026/09/11 17:19:16.184, 0, 94 %, 5 %, 35285 MiB, 84.23 W
2026/09/11 17:19:16.184, 1, 92 %, 3 %, 35285 MiB, 86.36 W
2026/09/11 17:19:16.184, 2, 88 %, 3 %, 35284 MiB, 80.68 W
2026/09/11 17:19:21.188, 0, 94 %, 3 %, 35285 MiB, 86.35 W
2026/09/11 17:19:21.188, 1, 90 %, 3 %, 35285 MiB, 81.15 W
2026/09/11 17:19:21.188, 2, 92 %, 3 %, 35284 MiB, 110.40 W
2026/09/11 17:19:26.188, 0, 93 %, 5 %, 35285 MiB, 88.08 W
2026/09/11 17:19:26.189, 1, 91 %, 3 %, 35285 MiB, 80.68 W
2026/09/11 17:19:26.189, 2, 89 %, 3 %, 35284 MiB, 83.55 W
2026/09/11 17:19:31.189, 0, 92 %, 3 %, 35285 MiB, 103.59 W
2026/09/11 17:19:31.189, 1, 89 %, 3 %, 35285 MiB, 84.15 W
2026/09/11 17:19:31.189, 2, 88 %, 4 %, 35284 MiB, 80.98 W
2026/09/11 17:19:36.189, 0, 92 %, 3 %, 35285 MiB, 81.17 W
2026/09/11 17:19:36.189, 1, 91 %, 3 %, 35285 MiB, 78.71 W
2026/09/11 17:19:36.189, 2, 92 %, 3 %, 35284 MiB, 83.18 W
2026/09/11 17:19:41.190, 0, 94 %, 3 %, 35285 MiB, 85.85 W
2026/09/11 17:19:41.190, 1, 92 %, 3 %, 35285 MiB, 78.06 W
2026/09/11 17:19:41.190, 2, 93 %, 3 %, 35284 MiB, 81.43 W
2026/09/11 17:19:46.191, 0, 89 %, 3 %, 35285 MiB, 84.39 W
2026/09/11 17:19:46.191, 1, 91 %, 3 %, 35285 MiB, 77.26 W
2026/09/11 17:19:46.191, 2, 91 %, 3 %, 35284 MiB, 84.44 W
2026/09/11 17:19:51.192, 0, 94 %, 5 %, 35285 MiB, 83.71 W
2026/09/11 17:19:51.192, 1, 92 %, 3 %, 35285 MiB, 78.71 W
2026/09/11 17:19:51.192, 2, 88 %, 3 %, 35284 MiB, 87.58 W
2026/09/11 17:19:56.193, 0, 93 %, 3 %, 35285 MiB, 83.50 W
2026/09/11 17:19:56.193, 1, 92 %, 3 %, 35285 MiB, 100.86 W
2026/09/11 17:19:56.193, 2, 88 %, 3 %, 35284 MiB, 80.70 W
2026/09/11 17:20:01.193, 0, 94 %, 3 %, 35285 MiB, 81.04 W
2026/09/11 17:20:01.193, 1, 96 %, 5 %, 35285 MiB, 78.88 W
2026/09/11 17:20:01.194, 2, 94 %, 3 %, 35284 MiB, 87.91 W
2026/09/11 17:20:06.194, 0, 92 %, 3 %, 35285 MiB, 82.02 W
2026/09/11 17:20:06.195, 1, 94 %, 3 %, 35285 MiB, 79.38 W
2026/09/11 17:20:06.195, 2, 97 %, 5 %, 35284 MiB, 82.21 W
2026/09/11 17:20:11.195, 0, 95 %, 5 %, 35285 MiB, 78.19 W
2026/09/11 17:20:11.195, 1, 93 %, 4 %, 35285 MiB, 79.15 W
2026/09/11 17:20:11.195, 2, 96 %, 3 %, 35284 MiB, 80.26 W
2026/09/11 17:20:16.196, 0, 92 %, 4 %, 35285 MiB, 80.73 W
2026/09/11 17:20:16.196, 1, 96 %, 3 %, 35285 MiB, 81.14 W
2026/09/11 17:20:16.196, 2, 93 %, 5 %, 35284 MiB, 82.85 W
2026/09/11 17:20:21.196, 0, 93 %, 5 %, 35285 MiB, 80.23 W
2026/09/11 17:20:21.197, 1, 92 %, 3 %, 35285 MiB, 77.37 W
2026/09/11 17:20:21.197, 2, 95 %, 3 %, 35284 MiB, 81.33 W
2026/09/11 17:20:26.197, 0, 96 %, 5 %, 35285 MiB, 82.14 W
2026/09/11 17:20:26.198, 1, 95 %, 5 %, 35285 MiB, 76.86 W
2026/09/11 17:20:26.198, 2, 97 %, 8 %, 35284 MiB, 84.40 W
2026/09/11 17:20:31.198, 0, 94 %, 3 %, 35285 MiB, 111.31 W
2026/09/11 17:20:31.198, 1, 95 %, 5 %, 35285 MiB, 76.55 W
2026/09/11 17:20:31.198, 2, 95 %, 5 %, 35284 MiB, 80.80 W
2026/09/11 17:20:36.199, 0, 98 %, 6 %, 35285 MiB, 80.27 W
2026/09/11 17:20:36.199, 1, 97 %, 6 %, 35285 MiB, 79.85 W
2026/09/11 17:20:36.199, 2, 98 %, 5 %, 35284 MiB, 119.49 W
2026/09/11 17:20:41.200, 0, 96 %, 6 %, 35285 MiB, 83.39 W
2026/09/11 17:20:41.200, 1, 95 %, 3 %, 35285 MiB, 80.26 W
2026/09/11 17:20:41.200, 2, 96 %, 6 %, 35284 MiB, 98.29 W
2026/09/11 17:20:46.201, 0, 0 %, 0 %, 35285 MiB, 59.27 W
2026/09/11 17:20:46.201, 1, 0 %, 0 %, 35285 MiB, 56.96 W
2026/09/11 17:20:46.201, 2, 0 %, 0 %, 35284 MiB, 59.50 W
2026/09/11 17:20:51.203, 0, 0 %, 0 %, 35285 MiB, 37.61 W
2026/09/11 17:20:51.203, 1, 0 %, 0 %, 35285 MiB, 37.09 W
2026/09/11 17:20:51.203, 2, 0 %, 0 %, 35284 MiB, 37.85 W
2026/09/11 17:20:56.214, 0, 0 %, 0 %, 35285 MiB, 37.42 W
2026/09/11 17:20:56.214, 1, 0 %, 0 %, 35285 MiB, 36.89 W
2026/09/11 17:20:56.214, 2, 0 %, 0 %, 35284 MiB, 37.36 W
2026/09/11 17:21:01.225, 0, 0 %, 0 %, 35285 MiB, 57.05 W
2026/09/11 17:21:01.225, 1, 0 %, 0 %, 35285 MiB, 36.79 W
2026/09/11 17:21:01.225, 2, 24 %, 1 %, 35284 MiB, 37.36 W
2026/09/11 17:21:06.227, 0, 0 %, 0 %, 35285 MiB, 37.32 W
2026/09/11 17:21:06.227, 1, 0 %, 0 %, 35285 MiB, 36.89 W
2026/09/11 17:21:06.227, 2, 0 %, 0 %, 35284 MiB, 37.26 W
2026/09/11 17:21:11.229, 0, 0 %, 0 %, 35285 MiB, 37.03 W
2026/09/11 17:21:11.229, 1, 0 %, 0 %, 35285 MiB, 36.59 W
2026/09/11 17:21:11.229, 2, 0 %, 0 %, 35284 MiB, 36.97 W
2026/09/11 17:21:16.231, 0, 39 %, 1 %, 35285 MiB, 40.87 W
2026/09/11 17:21:16.231, 1, 0 %, 0 %, 35285 MiB, 36.59 W
2026/09/11 17:21:16.231, 2, 6 %, 0 %, 35284 MiB, 38.55 W
2026/09/11 17:21:21.233, 0, 0 %, 0 %, 35285 MiB, 36.82 W
2026/09/11 17:21:21.233, 1, 0 %, 0 %, 35285 MiB, 36.49 W
2026/09/11 17:21:21.233, 2, 0 %, 0 %, 35284 MiB, 37.17 W
2026/09/11 17:21:26.234, 0, 0 %, 0 %, 35285 MiB, 36.92 W
2026/09/11 17:21:26.235, 1, 7 %, 0 %, 35285 MiB, 40.95 W
2026/09/11 17:21:26.235, 2, 0 %, 0 %, 35284 MiB, 37.17 W
2026/09/11 17:21:31.241, 0, 0 %, 0 %, 35285 MiB, 36.72 W
2026/09/11 17:21:31.241, 1, 0 %, 0 %, 35285 MiB, 36.39 W
2026/09/11 17:21:31.241, 2, 0 %, 0 %, 35284 MiB, 36.97 W
2026/09/11 17:21:36.241, 0, 5 %, 0 %, 35285 MiB, 36.72 W
2026/09/11 17:21:36.241, 1, 0 %, 0 %, 35285 MiB, 36.29 W
2026/09/11 17:21:36.241, 2, 0 %, 0 %, 35284 MiB, 36.97 W
2026/09/11 17:21:41.243, 0, 0 %, 0 %, 35285 MiB, 36.53 W
2026/09/11 17:21:41.243, 1, 0 %, 0 %, 35285 MiB, 36.11 W
2026/09/11 17:21:41.243, 2, 0 %, 0 %, 35284 MiB, 37.17 W
2026/09/11 17:21:46.244, 0, 0 %, 0 %, 35285 MiB, 36.52 W
2026/09/11 17:21:46.244, 1, 0 %, 0 %, 35285 MiB, 36.20 W
2026/09/11 17:21:46.244, 2, 0 %, 0 %, 35284 MiB, 37.36 W
2026/09/11 17:21:51.244, 0, 6 %, 0 %, 35285 MiB, 36.43 W
2026/09/11 17:21:51.245, 1, 0 %, 0 %, 35285 MiB, 36.00 W
2026/09/11 17:21:51.245, 2, 4 %, 0 %, 35284 MiB, 37.17 W
2026/09/11 17:21:56.245, 0, 0 %, 0 %, 35285 MiB, 36.43 W
2026/09/11 17:21:56.245, 1, 0 %, 0 %, 35285 MiB, 35.91 W
2026/09/11 17:21:56.245, 2, 0 %, 0 %, 35284 MiB, 36.78 W
2026/09/11 17:22:01.245, 0, 1 %, 0 %, 35285 MiB, 36.43 W
2026/09/11 17:22:01.246, 1, 0 %, 0 %, 35285 MiB, 35.91 W
2026/09/11 17:22:01.246, 2, 0 %, 0 %, 35284 MiB, 36.87 W
2026/09/11 17:22:06.247, 0, 0 %, 0 %, 35285 MiB, 41.57 W
2026/09/11 17:22:06.247, 1, 26 %, 0 %, 35285 MiB, 43.30 W
2026/09/11 17:22:06.247, 2, 1 %, 0 %, 35284 MiB, 36.68 W
2026/09/11 17:22:11.248, 0, 10 %, 0 %, 35285 MiB, 39.79 W
2026/09/11 17:22:11.249, 1, 2 %, 0 %, 35285 MiB, 35.72 W
2026/09/11 17:22:11.249, 2, 29 %, 1 %, 35284 MiB, 39.94 W
2026/09/11 17:22:16.255, 0, 10 %, 0 %, 35285 MiB, 36.33 W
2026/09/11 17:22:16.256, 1, 18 %, 0 %, 35285 MiB, 35.72 W
2026/09/11 17:22:16.256, 2, 15 %, 0 %, 35284 MiB, 36.77 W
2026/09/11 17:22:21.264, 0, 2 %, 0 %, 35285 MiB, 36.43 W
2026/09/11 17:22:21.264, 1, 41 %, 1 %, 35285 MiB, 36.10 W
2026/09/11 17:22:21.264, 2, 32 %, 1 %, 35284 MiB, 36.57 W
2026/09/11 17:22:26.268, 0, 28 %, 0 %, 35285 MiB, 40.40 W
2026/09/11 17:22:26.268, 1, 0 %, 0 %, 35285 MiB, 35.72 W
2026/09/11 17:22:26.268, 2, 0 %, 0 %, 35284 MiB, 40.53 W
2026/09/11 17:22:31.269, 0, 20 %, 0 %, 35285 MiB, 36.34 W
2026/09/11 17:22:31.269, 1, 4 %, 0 %, 35285 MiB, 38.58 W
2026/09/11 17:22:31.270, 2, 0 %, 0 %, 35284 MiB, 36.57 W
2026/09/11 17:22:36.271, 0, 22 %, 0 %, 35285 MiB, 39.30 W
2026/09/11 17:22:36.271, 1, 18 %, 0 %, 35285 MiB, 35.72 W
2026/09/11 17:22:36.271, 2, 23 %, 0 %, 35284 MiB, 36.57 W
2026/09/11 17:22:41.272, 0, 12 %, 0 %, 35285 MiB, 36.34 W
2026/09/11 17:22:41.272, 1, 10 %, 0 %, 35285 MiB, 35.92 W
2026/09/11 17:22:41.272, 2, 8 %, 0 %, 35284 MiB, 36.57 W
2026/09/11 17:22:46.273, 0, 10 %, 0 %, 35285 MiB, 36.25 W
2026/09/11 17:22:46.273, 1, 17 %, 0 %, 35285 MiB, 35.63 W
2026/09/11 17:22:46.273, 2, 21 %, 0 %, 35284 MiB, 43.40 W
2026/09/11 17:22:51.274, 0, 10 %, 0 %, 35285 MiB, 36.25 W
2026/09/11 17:22:51.275, 1, 40 %, 1 %, 35285 MiB, 35.53 W
2026/09/11 17:22:51.275, 2, 7 %, 0 %, 35284 MiB, 36.57 W
2026/09/11 17:22:56.276, 0, 6 %, 0 %, 35285 MiB, 44.26 W
2026/09/11 17:22:56.276, 1, 0 %, 0 %, 35285 MiB, 35.91 W
2026/09/11 17:22:56.276, 2, 4 %, 0 %, 35284 MiB, 39.93 W
2026/09/11 17:23:01.278, 0, 26 %, 0 %, 35285 MiB, 36.44 W
2026/09/11 17:23:01.278, 1, 2 %, 0 %, 35285 MiB, 35.53 W
2026/09/11 17:23:01.278, 2, 6 %, 0 %, 35284 MiB, 40.14 W
2026/09/11 17:23:06.279, 0, 17 %, 1 %, 35285 MiB, 45.71 W
2026/09/11 17:23:06.280, 1, 4 %, 0 %, 35285 MiB, 35.42 W
2026/09/11 17:23:06.280, 2, 5 %, 0 %, 35284 MiB, 45.77 W
2026/09/11 17:23:11.280, 0, 0 %, 0 %, 35285 MiB, 36.25 W
2026/09/11 17:23:11.280, 1, 0 %, 0 %, 35285 MiB, 35.33 W
2026/09/11 17:23:11.280, 2, 0 %, 0 %, 35284 MiB, 36.37 W
2026/09/11 17:23:16.281, 0, 0 %, 0 %, 35285 MiB, 36.16 W
2026/09/11 17:23:16.281, 1, 8 %, 0 %, 35285 MiB, 38.48 W
2026/09/11 17:23:16.281, 2, 0 %, 0 %, 35284 MiB, 36.28 W
2026/09/11 17:23:21.282, 0, 0 %, 0 %, 35285 MiB, 36.06 W
2026/09/11 17:23:21.282, 1, 0 %, 0 %, 35285 MiB, 35.53 W
2026/09/11 17:23:21.282, 2, 0 %, 0 %, 35284 MiB, 36.18 W
2026/09/11 17:23:26.282, 0, 0 %, 0 %, 35285 MiB, 35.95 W
2026/09/11 17:23:26.283, 1, 7 %, 0 %, 35285 MiB, 38.58 W
2026/09/11 17:23:26.283, 2, 0 %, 0 %, 35284 MiB, 36.38 W
2026/09/11 17:23:31.283, 0, 0 %, 0 %, 35285 MiB, 35.96 W
2026/09/11 17:23:31.283, 1, 0 %, 0 %, 35285 MiB, 35.33 W
2026/09/11 17:23:31.283, 2, 0 %, 0 %, 35284 MiB, 36.19 W
2026/09/11 17:23:36.284, 0, 0 %, 0 %, 35285 MiB, 36.16 W
2026/09/11 17:23:36.284, 1, 0 %, 0 %, 35285 MiB, 35.63 W
2026/09/11 17:23:36.284, 2, 0 %, 0 %, 35284 MiB, 36.19 W
2026/09/11 17:23:41.285, 0, 0 %, 0 %, 35285 MiB, 36.06 W
2026/09/11 17:23:41.285, 1, 0 %, 0 %, 35285 MiB, 35.43 W
2026/09/11 17:23:41.285, 2, 0 %, 0 %, 35284 MiB, 36.19 W
2026/09/11 17:23:46.285, 0, 0 %, 0 %, 35285 MiB, 35.96 W
2026/09/11 17:23:46.285, 1, 14 %, 0 %, 35285 MiB, 35.53 W
2026/09/11 17:23:46.285, 2, 0 %, 0 %, 35284 MiB, 36.28 W
2026/09/11 17:23:51.288, 0, 0 %, 0 %, 35285 MiB, 35.85 W
2026/09/11 17:23:51.288, 1, 0 %, 0 %, 35285 MiB, 35.44 W
2026/09/11 17:23:51.288, 2, 0 %, 0 %, 35284 MiB, 36.19 W
2026/09/11 17:23:56.289, 0, 0 %, 0 %, 35285 MiB, 36.06 W
2026/09/11 17:23:56.289, 1, 0 %, 0 %, 35285 MiB, 35.24 W
2026/09/11 17:23:56.289, 2, 0 %, 0 %, 35284 MiB, 36.19 W
2026/09/11 17:24:01.289, 0, 0 %, 0 %, 35285 MiB, 36.06 W
2026/09/11 17:24:01.289, 1, 0 %, 0 %, 35285 MiB, 35.23 W
2026/09/11 17:24:01.290, 2, 0 %, 0 %, 35284 MiB, 36.37 W
2026/09/11 17:24:06.290, 0, 0 %, 0 %, 35285 MiB, 35.96 W
2026/09/11 17:24:06.290, 1, 0 %, 0 %, 35285 MiB, 35.34 W
2026/09/11 17:24:06.290, 2, 0 %, 0 %, 35284 MiB, 36.28 W
2026/09/11 17:24:11.291, 0, 0 %, 0 %, 35285 MiB, 35.96 W
2026/09/11 17:24:11.291, 1, 3 %, 0 %, 35285 MiB, 35.62 W
2026/09/11 17:24:11.291, 2, 0 %, 0 %, 35284 MiB, 36.27 W
2026/09/11 17:24:16.291, 0, 0 %, 0 %, 35285 MiB, 36.06 W
2026/09/11 17:24:16.291, 1, 0 %, 0 %, 35285 MiB, 38.48 W
2026/09/11 17:24:16.291, 2, 0 %, 0 %, 35284 MiB, 36.28 W
2026/09/11 17:24:21.292, 0, 70 %, 6 %, 35285 MiB, 74.68 W
2026/09/11 17:24:21.292, 1, 31 %, 6 %, 35285 MiB, 44.28 W
2026/09/11 17:24:21.292, 2, 69 %, 6 %, 35284 MiB, 44.78 W
2026/09/11 17:24:26.293, 0, 91 %, 3 %, 35285 MiB, 85.57 W
2026/09/11 17:24:26.293, 1, 93 %, 5 %, 35285 MiB, 80.79 W
2026/09/11 17:24:26.293, 2, 92 %, 3 %, 35284 MiB, 77.44 W
2026/09/11 17:24:31.294, 0, 92 %, 5 %, 35285 MiB, 79.15 W
2026/09/11 17:24:31.294, 1, 93 %, 3 %, 35285 MiB, 96.27 W
2026/09/11 17:24:31.294, 2, 92 %, 3 %, 35284 MiB, 79.98 W
2026/09/11 17:24:36.294, 0, 92 %, 3 %, 35285 MiB, 84.77 W
2026/09/11 17:24:36.295, 1, 90 %, 3 %, 35285 MiB, 82.44 W
2026/09/11 17:24:36.295, 2, 93 %, 4 %, 35284 MiB, 118.21 W
2026/09/11 17:24:41.295, 0, 95 %, 3 %, 35285 MiB, 83.52 W
2026/09/11 17:24:41.296, 1, 89 %, 3 %, 35285 MiB, 81.03 W
2026/09/11 17:24:41.296, 2, 92 %, 3 %, 35284 MiB, 86.69 W
2026/09/11 17:24:46.297, 0, 91 %, 5 %, 35285 MiB, 86.50 W
2026/09/11 17:24:46.297, 1, 90 %, 5 %, 35285 MiB, 79.24 W
2026/09/11 17:24:46.297, 2, 95 %, 5 %, 35284 MiB, 82.38 W
2026/09/11 17:24:51.298, 0, 92 %, 3 %, 35285 MiB, 87.11 W
2026/09/11 17:24:51.298, 1, 92 %, 3 %, 35285 MiB, 81.76 W
2026/09/11 17:24:51.298, 2, 90 %, 5 %, 35284 MiB, 81.58 W
2026/09/11 17:24:56.299, 0, 90 %, 3 %, 35285 MiB, 81.51 W
2026/09/11 17:24:56.299, 1, 87 %, 3 %, 35285 MiB, 102.39 W
2026/09/11 17:24:56.299, 2, 89 %, 3 %, 35284 MiB, 83.28 W
2026/09/11 17:25:01.300, 0, 89 %, 3 %, 35285 MiB, 87.47 W
2026/09/11 17:25:01.300, 1, 93 %, 3 %, 35285 MiB, 81.61 W
2026/09/11 17:25:01.300, 2, 90 %, 3 %, 35284 MiB, 80.53 W
2026/09/11 17:25:06.301, 0, 93 %, 3 %, 35285 MiB, 85.92 W
2026/09/11 17:25:06.301, 1, 90 %, 3 %, 35285 MiB, 82.13 W
2026/09/11 17:25:06.301, 2, 93 %, 3 %, 35284 MiB, 81.63 W
2026/09/11 17:25:11.301, 0, 93 %, 5 %, 35285 MiB, 87.11 W
2026/09/11 17:25:11.301, 1, 89 %, 3 %, 35285 MiB, 81.53 W
2026/09/11 17:25:11.301, 2, 93 %, 5 %, 35284 MiB, 83.59 W
2026/09/11 17:25:16.302, 0, 92 %, 3 %, 35285 MiB, 82.42 W
2026/09/11 17:25:16.302, 1, 91 %, 5 %, 35285 MiB, 80.99 W
2026/09/11 17:25:16.302, 2, 93 %, 3 %, 35284 MiB, 83.53 W
2026/09/11 17:25:21.303, 0, 92 %, 3 %, 35285 MiB, 82.79 W
2026/09/11 17:25:21.303, 1, 92 %, 3 %, 35285 MiB, 80.24 W
2026/09/11 17:25:21.303, 2, 92 %, 3 %, 35284 MiB, 85.90 W
2026/09/11 17:25:26.304, 0, 93 %, 5 %, 35285 MiB, 83.51 W
2026/09/11 17:25:26.304, 1, 91 %, 3 %, 35285 MiB, 82.57 W
2026/09/11 17:25:26.304, 2, 87 %, 3 %, 35284 MiB, 81.31 W
2026/09/11 17:25:31.305, 0, 89 %, 3 %, 35285 MiB, 83.64 W
2026/09/11 17:25:31.305, 1, 89 %, 3 %, 35285 MiB, 83.45 W
2026/09/11 17:25:31.305, 2, 89 %, 3 %, 35284 MiB, 84.38 W
2026/09/11 17:25:36.305, 0, 94 %, 3 %, 35285 MiB, 84.35 W
2026/09/11 17:25:36.306, 1, 91 %, 5 %, 35285 MiB, 78.01 W
2026/09/11 17:25:36.306, 2, 92 %, 3 %, 35284 MiB, 85.64 W
2026/09/11 17:25:41.307, 0, 97 %, 3 %, 35285 MiB, 82.30 W
2026/09/11 17:25:41.307, 1, 93 %, 5 %, 35285 MiB, 74.82 W
2026/09/11 17:25:41.307, 2, 93 %, 3 %, 35284 MiB, 83.71 W
2026/09/11 17:25:46.308, 0, 96 %, 6 %, 35285 MiB, 82.81 W
2026/09/11 17:25:46.308, 1, 94 %, 8 %, 35285 MiB, 78.27 W
2026/09/11 17:25:46.308, 2, 93 %, 5 %, 35284 MiB, 83.60 W
2026/09/11 17:25:51.309, 0, 95 %, 6 %, 35285 MiB, 83.77 W
2026/09/11 17:25:51.309, 1, 96 %, 3 %, 35285 MiB, 80.48 W
2026/09/11 17:25:51.309, 2, 93 %, 3 %, 35284 MiB, 81.12 W
2026/09/11 17:25:56.309, 0, 96 %, 5 %, 35285 MiB, 98.63 W
2026/09/11 17:25:56.309, 1, 92 %, 5 %, 35285 MiB, 78.07 W
2026/09/11 17:25:56.310, 2, 93 %, 3 %, 35284 MiB, 84.52 W
2026/09/11 17:26:01.310, 0, 95 %, 5 %, 35285 MiB, 80.97 W
2026/09/11 17:26:01.310, 1, 95 %, 5 %, 35285 MiB, 109.68 W
2026/09/11 17:26:01.310, 2, 94 %, 6 %, 35284 MiB, 81.29 W
2026/09/11 17:26:06.310, 0, 97 %, 8 %, 35285 MiB, 80.14 W
2026/09/11 17:26:06.311, 1, 96 %, 10 %, 35285 MiB, 80.26 W
2026/09/11 17:26:06.311, 2, 96 %, 5 %, 35284 MiB, 81.61 W
2026/09/11 17:26:11.311, 0, 99 %, 10 %, 35285 MiB, 82.62 W
2026/09/11 17:26:11.311, 1, 97 %, 5 %, 35285 MiB, 77.93 W
2026/09/11 17:26:11.312, 2, 97 %, 6 %, 35284 MiB, 80.49 W
2026/09/11 17:26:16.312, 0, 97 %, 3 %, 35285 MiB, 82.24 W
2026/09/11 17:26:16.312, 1, 99 %, 8 %, 35285 MiB, 78.06 W
2026/09/11 17:26:16.312, 2, 97 %, 8 %, 35284 MiB, 85.25 W
2026/09/11 17:26:21.313, 0, 97 %, 5 %, 35285 MiB, 82.38 W
2026/09/11 17:26:21.313, 1, 98 %, 3 %, 35285 MiB, 77.82 W
2026/09/11 17:26:21.313, 2, 97 %, 6 %, 35284 MiB, 80.95 W
2026/09/11 17:26:26.314, 0, 0 %, 0 %, 35285 MiB, 58.41 W
2026/09/11 17:26:26.314, 1, 0 %, 0 %, 35285 MiB, 56.58 W
2026/09/11 17:26:26.314, 2, 0 %, 0 %, 35284 MiB, 58.60 W
2026/09/11 17:26:31.315, 0, 0 %, 0 %, 35285 MiB, 37.71 W
2026/09/11 17:26:31.315, 1, 0 %, 0 %, 35285 MiB, 36.99 W
2026/09/11 17:26:31.315, 2, 0 %, 0 %, 35284 MiB, 37.46 W
2026/09/11 17:26:36.321, 0, 0 %, 0 %, 35285 MiB, 37.32 W
2026/09/11 17:26:36.321, 1, 0 %, 0 %, 35285 MiB, 36.89 W
2026/09/11 17:26:36.321, 2, 0 %, 0 %, 35284 MiB, 37.36 W
2026/09/11 17:26:41.323, 0, 0 %, 0 %, 35285 MiB, 43.34 W
2026/09/11 17:26:41.323, 1, 0 %, 0 %, 35285 MiB, 36.70 W
2026/09/11 17:26:41.323, 2, 17 %, 1 %, 35284 MiB, 37.36 W
2026/09/11 17:26:46.328, 0, 0 %, 0 %, 35285 MiB, 37.03 W
2026/09/11 17:26:46.328, 1, 0 %, 0 %, 35285 MiB, 36.90 W
2026/09/11 17:26:46.328, 2, 0 %, 0 %, 35284 MiB, 37.17 W
2026/09/11 17:26:51.337, 0, 0 %, 0 %, 35285 MiB, 37.12 W
2026/09/11 17:26:51.337, 1, 0 %, 0 %, 35285 MiB, 36.60 W
2026/09/11 17:26:51.337, 2, 0 %, 0 %, 35284 MiB, 36.97 W
2026/09/11 17:26:56.339, 0, 41 %, 1 %, 35285 MiB, 37.71 W
2026/09/11 17:26:56.339, 1, 0 %, 0 %, 35285 MiB, 36.59 W
2026/09/11 17:26:56.339, 2, 3 %, 0 %, 35284 MiB, 37.36 W
2026/09/11 17:27:01.344, 0, 0 %, 0 %, 35285 MiB, 36.72 W
2026/09/11 17:27:01.344, 1, 0 %, 0 %, 35285 MiB, 36.49 W
2026/09/11 17:27:01.344, 2, 0 %, 0 %, 35284 MiB, 37.07 W
2026/09/11 17:27:06.350, 0, 0 %, 0 %, 35285 MiB, 36.72 W
2026/09/11 17:27:06.350, 1, 0 %, 0 %, 35285 MiB, 36.59 W
2026/09/11 17:27:06.350, 2, 0 %, 0 %, 35284 MiB, 37.07 W
2026/09/11 17:27:11.351, 0, 0 %, 0 %, 35285 MiB, 36.62 W
2026/09/11 17:27:11.351, 1, 8 %, 1 %, 35285 MiB, 36.49 W
2026/09/11 17:27:11.352, 2, 0 %, 0 %, 35284 MiB, 37.46 W
2026/09/11 17:27:16.352, 0, 0 %, 0 %, 35285 MiB, 36.62 W
2026/09/11 17:27:16.353, 1, 0 %, 0 %, 35285 MiB, 36.11 W
2026/09/11 17:27:16.353, 2, 5 %, 0 %, 35284 MiB, 37.07 W
2026/09/11 17:27:21.354, 0, 0 %, 0 %, 35285 MiB, 36.43 W
2026/09/11 17:27:21.354, 1, 0 %, 0 %, 35285 MiB, 36.10 W
2026/09/11 17:27:21.354, 2, 0 %, 0 %, 35284 MiB, 36.87 W
2026/09/11 17:27:26.355, 0, 0 %, 0 %, 35285 MiB, 36.43 W
2026/09/11 17:27:26.356, 1, 0 %, 0 %, 35285 MiB, 36.09 W
2026/09/11 17:27:26.356, 2, 0 %, 0 %, 35284 MiB, 56.75 W
2026/09/11 17:27:31.356, 0, 32 %, 1 %, 35285 MiB, 36.53 W
2026/09/11 17:27:31.356, 1, 4 %, 0 %, 35285 MiB, 36.40 W
2026/09/11 17:27:31.356, 2, 0 %, 0 %, 35284 MiB, 36.97 W
2026/09/11 17:27:36.359, 0, 0 %, 0 %, 35285 MiB, 36.44 W
2026/09/11 17:27:36.359, 1, 0 %, 0 %, 35285 MiB, 36.01 W
2026/09/11 17:27:36.359, 2, 0 %, 0 %, 35284 MiB, 36.87 W
2026/09/11 17:27:41.360, 0, 0 %, 0 %, 35285 MiB, 41.87 W
2026/09/11 17:27:41.360, 1, 10 %, 0 %, 35285 MiB, 36.68 W
2026/09/11 17:27:41.360, 2, 8 %, 0 %, 35284 MiB, 37.46 W
2026/09/11 17:27:46.363, 0, 2 %, 0 %, 35285 MiB, 39.19 W
2026/09/11 17:27:46.363, 1, 20 %, 0 %, 35285 MiB, 39.26 W
2026/09/11 17:27:46.363, 2, 13 %, 0 %, 35284 MiB, 36.66 W
2026/09/11 17:27:51.363, 0, 6 %, 0 %, 35285 MiB, 36.33 W
2026/09/11 17:27:51.363, 1, 0 %, 0 %, 35285 MiB, 36.40 W
2026/09/11 17:27:51.364, 2, 18 %, 0 %, 35284 MiB, 37.46 W
2026/09/11 17:27:56.365, 0, 36 %, 1 %, 35285 MiB, 36.52 W
2026/09/11 17:27:56.365, 1, 11 %, 0 %, 35285 MiB, 35.72 W
2026/09/11 17:27:56.365, 2, 8 %, 0 %, 35284 MiB, 40.22 W
2026/09/11 17:28:01.367, 0, 25 %, 0 %, 35285 MiB, 36.23 W
2026/09/11 17:28:01.368, 1, 1 %, 0 %, 35285 MiB, 41.25 W
2026/09/11 17:28:01.368, 2, 8 %, 0 %, 35284 MiB, 42.13 W
2026/09/11 17:28:06.369, 0, 0 %, 0 %, 35285 MiB, 36.34 W
2026/09/11 17:28:06.369, 1, 10 %, 0 %, 35285 MiB, 35.72 W
2026/09/11 17:28:06.369, 2, 20 %, 0 %, 35284 MiB, 36.57 W
2026/09/11 17:28:11.370, 0, 20 %, 0 %, 35285 MiB, 43.15 W
2026/09/11 17:28:11.370, 1, 24 %, 0 %, 35285 MiB, 38.58 W
2026/09/11 17:28:11.370, 2, 2 %, 0 %, 35284 MiB, 38.25 W
2026/09/11 17:28:16.380, 0, 36 %, 1 %, 35285 MiB, 36.43 W
2026/09/11 17:28:16.380, 1, 10 %, 0 %, 35285 MiB, 35.82 W
2026/09/11 17:28:16.380, 2, 8 %, 0 %, 35284 MiB, 36.57 W
2026/09/11 17:28:21.382, 0, 10 %, 0 %, 35285 MiB, 36.43 W
2026/09/11 17:28:21.382, 1, 2 %, 0 %, 35285 MiB, 35.81 W
2026/09/11 17:28:21.382, 2, 29 %, 1 %, 35284 MiB, 36.57 W
2026/09/11 17:28:26.383, 0, 28 %, 1 %, 35285 MiB, 36.24 W
2026/09/11 17:28:26.383, 1, 10 %, 0 %, 35285 MiB, 35.52 W
2026/09/11 17:28:26.383, 2, 8 %, 0 %, 35284 MiB, 36.68 W
2026/09/11 17:28:31.384, 0, 1 %, 0 %, 35285 MiB, 36.25 W
2026/09/11 17:28:31.384, 1, 0 %, 0 %, 35285 MiB, 36.21 W
2026/09/11 17:28:31.384, 2, 8 %, 0 %, 35284 MiB, 36.57 W
2026/09/11 17:28:36.385, 0, 10 %, 0 %, 35285 MiB, 42.25 W
2026/09/11 17:28:36.385, 1, 25 %, 0 %, 35285 MiB, 37.59 W
2026/09/11 17:28:36.385, 2, 12 %, 0 %, 35284 MiB, 39.44 W
2026/09/11 17:28:41.385, 0, 30 %, 1 %, 35285 MiB, 36.34 W
2026/09/11 17:28:41.386, 1, 12 %, 0 %, 35285 MiB, 35.72 W
2026/09/11 17:28:41.386, 2, 0 %, 0 %, 35284 MiB, 41.62 W
2026/09/11 17:28:46.389, 0, 5 %, 0 %, 35285 MiB, 41.68 W
2026/09/11 17:28:46.389, 1, 2 %, 0 %, 35285 MiB, 39.56 W
2026/09/11 17:28:46.389, 2, 6 %, 0 %, 35284 MiB, 36.37 W
2026/09/11 17:28:51.389, 0, 0 %, 0 %, 35285 MiB, 40.67 W
2026/09/11 17:28:51.390, 1, 0 %, 0 %, 35285 MiB, 35.33 W
2026/09/11 17:28:51.390, 2, 0 %, 0 %, 35284 MiB, 36.26 W
2026/09/11 17:28:56.390, 0, 6 %, 0 %, 35285 MiB, 42.47 W
2026/09/11 17:28:56.391, 1, 0 %, 0 %, 35285 MiB, 35.62 W
2026/09/11 17:28:56.391, 2, 8 %, 0 %, 35284 MiB, 36.26 W
2026/09/11 17:29:01.391, 0, 16 %, 0 %, 35285 MiB, 37.53 W
2026/09/11 17:29:01.391, 1, 0 %, 0 %, 35285 MiB, 35.34 W
2026/09/11 17:29:01.391, 2, 0 %, 0 %, 35284 MiB, 40.14 W
2026/09/11 17:29:06.392, 0, 14 %, 0 %, 35285 MiB, 36.06 W
2026/09/11 17:29:06.392, 1, 0 %, 0 %, 35285 MiB, 35.34 W
2026/09/11 17:29:06.392, 2, 0 %, 0 %, 35284 MiB, 36.28 W
2026/09/11 17:29:11.393, 0, 0 %, 0 %, 35285 MiB, 35.96 W
2026/09/11 17:29:11.393, 1, 0 %, 0 %, 35285 MiB, 35.44 W
2026/09/11 17:29:11.393, 2, 8 %, 0 %, 35284 MiB, 36.27 W
2026/09/11 17:29:16.394, 0, 0 %, 0 %, 35285 MiB, 36.16 W
2026/09/11 17:29:16.394, 1, 0 %, 0 %, 35285 MiB, 35.43 W
2026/09/11 17:29:16.394, 2, 0 %, 0 %, 35284 MiB, 36.28 W
2026/09/11 17:29:21.395, 0, 0 %, 0 %, 35285 MiB, 35.96 W
2026/09/11 17:29:21.395, 1, 0 %, 0 %, 35285 MiB, 35.53 W
2026/09/11 17:29:21.395, 2, 0 %, 0 %, 35284 MiB, 36.38 W
2026/09/11 17:29:26.396, 0, 0 %, 0 %, 35285 MiB, 36.06 W
2026/09/11 17:29:26.396, 1, 0 %, 0 %, 35285 MiB, 35.24 W
2026/09/11 17:29:26.396, 2, 4 %, 0 %, 35284 MiB, 36.38 W
2026/09/11 17:29:31.397, 0, 0 %, 0 %, 35285 MiB, 35.96 W
2026/09/11 17:29:31.397, 1, 0 %, 0 %, 35285 MiB, 35.24 W
2026/09/11 17:29:31.397, 2, 0 %, 0 %, 35284 MiB, 36.19 W
2026/09/11 17:29:36.397, 0, 0 %, 0 %, 35285 MiB, 36.16 W
2026/09/11 17:29:36.397, 1, 0 %, 0 %, 35285 MiB, 35.24 W
2026/09/11 17:29:36.397, 2, 0 %, 0 %, 35284 MiB, 36.38 W
2026/09/11 17:29:41.398, 0, 92 %, 5 %, 35285 MiB, 82.31 W
2026/09/11 17:29:41.398, 1, 92 %, 3 %, 35285 MiB, 77.46 W
2026/09/11 17:29:41.398, 2, 91 %, 3 %, 35284 MiB, 81.32 W
2026/09/11 17:29:46.399, 0, 95 %, 5 %, 35285 MiB, 84.83 W
2026/09/11 17:29:46.399, 1, 90 %, 3 %, 35285 MiB, 82.73 W
2026/09/11 17:29:46.399, 2, 92 %, 3 %, 35284 MiB, 82.06 W
2026/09/11 17:29:51.399, 0, 91 %, 3 %, 35285 MiB, 86.22 W
2026/09/11 17:29:51.400, 1, 92 %, 3 %, 35285 MiB, 80.35 W
2026/09/11 17:29:51.400, 2, 92 %, 3 %, 35284 MiB, 82.34 W
2026/09/11 17:29:56.400, 0, 95 %, 5 %, 35285 MiB, 85.40 W
2026/09/11 17:29:56.401, 1, 91 %, 3 %, 35285 MiB, 82.57 W
2026/09/11 17:29:56.401, 2, 93 %, 3 %, 35284 MiB, 82.20 W
2026/09/11 17:30:01.401, 0, 88 %, 3 %, 35285 MiB, 82.40 W
2026/09/11 17:30:01.401, 1, 95 %, 5 %, 35285 MiB, 83.15 W
2026/09/11 17:30:01.401, 2, 92 %, 3 %, 35284 MiB, 84.04 W
2026/09/11 17:30:06.403, 0, 93 %, 3 %, 35285 MiB, 84.07 W
2026/09/11 17:30:06.403, 1, 93 %, 3 %, 35285 MiB, 80.80 W
2026/09/11 17:30:06.403, 2, 89 %, 4 %, 35284 MiB, 80.12 W
2026/09/11 17:30:11.404, 0, 93 %, 3 %, 35285 MiB, 83.16 W
2026/09/11 17:30:11.404, 1, 94 %, 3 %, 35285 MiB, 82.71 W
2026/09/11 17:30:11.404, 2, 90 %, 3 %, 35284 MiB, 79.63 W
2026/09/11 17:30:16.404, 0, 95 %, 3 %, 35285 MiB, 85.97 W
2026/09/11 17:30:16.405, 1, 93 %, 3 %, 35285 MiB, 83.71 W
2026/09/11 17:30:16.405, 2, 89 %, 3 %, 35284 MiB, 108.29 W
2026/09/11 17:30:21.406, 0, 92 %, 5 %, 35285 MiB, 82.95 W
2026/09/11 17:30:21.406, 1, 92 %, 3 %, 35285 MiB, 85.98 W
2026/09/11 17:30:21.406, 2, 92 %, 3 %, 35284 MiB, 84.18 W
2026/09/11 17:30:26.406, 0, 91 %, 4 %, 35285 MiB, 84.46 W
2026/09/11 17:30:26.407, 1, 92 %, 3 %, 35285 MiB, 81.96 W
2026/09/11 17:30:26.407, 2, 89 %, 3 %, 35284 MiB, 81.20 W
2026/09/11 17:30:31.407, 0, 94 %, 3 %, 35285 MiB, 86.33 W
2026/09/11 17:30:31.407, 1, 89 %, 3 %, 35285 MiB, 83.75 W
2026/09/11 17:30:31.407, 2, 96 %, 5 %, 35284 MiB, 84.08 W
2026/09/11 17:30:36.408, 0, 93 %, 3 %, 35285 MiB, 83.78 W
2026/09/11 17:30:36.408, 1, 92 %, 5 %, 35285 MiB, 79.21 W
2026/09/11 17:30:36.408, 2, 90 %, 3 %, 35284 MiB, 82.81 W
2026/09/11 17:30:41.408, 0, 91 %, 3 %, 35285 MiB, 85.06 W
2026/09/11 17:30:41.409, 1, 96 %, 5 %, 35285 MiB, 81.00 W
2026/09/11 17:30:41.409, 2, 94 %, 5 %, 35284 MiB, 83.50 W
2026/09/11 17:30:46.409, 0, 93 %, 3 %, 35285 MiB, 83.84 W
2026/09/11 17:30:46.409, 1, 93 %, 3 %, 35285 MiB, 76.51 W
2026/09/11 17:30:46.409, 2, 92 %, 3 %, 35284 MiB, 84.78 W
2026/09/11 17:30:51.410, 0, 95 %, 3 %, 35285 MiB, 85.11 W
2026/09/11 17:30:51.410, 1, 89 %, 3 %, 35285 MiB, 81.00 W
2026/09/11 17:30:51.410, 2, 92 %, 3 %, 35284 MiB, 87.92 W
2026/09/11 17:30:56.410, 0, 89 %, 3 %, 35285 MiB, 84.86 W
2026/09/11 17:30:56.411, 1, 91 %, 3 %, 35285 MiB, 77.82 W
2026/09/11 17:30:56.411, 2, 89 %, 3 %, 35284 MiB, 81.41 W
2026/09/11 17:31:01.411, 0, 94 %, 3 %, 35285 MiB, 84.61 W
2026/09/11 17:31:01.412, 1, 94 %, 5 %, 35285 MiB, 82.90 W
2026/09/11 17:31:01.412, 2, 94 %, 6 %, 35284 MiB, 82.42 W
2026/09/11 17:31:06.412, 0, 95 %, 3 %, 35285 MiB, 79.54 W
2026/09/11 17:31:06.413, 1, 98 %, 5 %, 35285 MiB, 76.23 W
2026/09/11 17:31:06.413, 2, 91 %, 3 %, 35284 MiB, 83.28 W
2026/09/11 17:31:11.413, 0, 98 %, 5 %, 35285 MiB, 82.67 W
2026/09/11 17:31:11.414, 1, 94 %, 3 %, 35285 MiB, 78.64 W
2026/09/11 17:31:11.414, 2, 92 %, 3 %, 35284 MiB, 82.40 W
2026/09/11 17:31:16.414, 0, 98 %, 3 %, 35285 MiB, 81.38 W
2026/09/11 17:31:16.414, 1, 96 %, 5 %, 35285 MiB, 76.93 W
2026/09/11 17:31:16.414, 2, 92 %, 3 %, 35284 MiB, 82.46 W
2026/09/11 17:31:21.415, 0, 93 %, 3 %, 35285 MiB, 80.40 W
2026/09/11 17:31:21.415, 1, 94 %, 3 %, 35285 MiB, 78.19 W
2026/09/11 17:31:21.415, 2, 98 %, 6 %, 35284 MiB, 79.95 W
2026/09/11 17:31:26.416, 0, 97 %, 5 %, 35285 MiB, 80.14 W
2026/09/11 17:31:26.416, 1, 97 %, 8 %, 35285 MiB, 80.80 W
2026/09/11 17:31:26.416, 2, 95 %, 5 %, 35284 MiB, 91.46 W
2026/09/11 17:31:31.417, 0, 97 %, 3 %, 35285 MiB, 81.34 W
2026/09/11 17:31:31.417, 1, 98 %, 8 %, 35285 MiB, 77.75 W
2026/09/11 17:31:31.417, 2, 96 %, 5 %, 35284 MiB, 79.85 W
2026/09/11 17:31:36.417, 0, 96 %, 8 %, 35285 MiB, 83.48 W
2026/09/11 17:31:36.417, 1, 95 %, 5 %, 35285 MiB, 118.51 W
2026/09/11 17:31:36.417, 2, 97 %, 3 %, 35284 MiB, 83.12 W
2026/09/11 17:31:41.418, 0, 94 %, 4 %, 35285 MiB, 81.65 W
2026/09/11 17:31:41.419, 1, 97 %, 5 %, 35285 MiB, 87.75 W
2026/09/11 17:31:41.419, 2, 97 %, 5 %, 35284 MiB, 81.93 W
2026/09/11 17:31:46.419, 0, 0 %, 0 %, 35285 MiB, 37.90 W
2026/09/11 17:31:46.419, 1, 0 %, 0 %, 35285 MiB, 37.59 W
2026/09/11 17:31:46.419, 2, 0 %, 0 %, 35284 MiB, 37.95 W
2026/09/11 17:31:51.421, 0, 0 %, 0 %, 35285 MiB, 37.71 W
2026/09/11 17:31:51.421, 1, 0 %, 0 %, 35285 MiB, 37.09 W
2026/09/11 17:31:51.421, 2, 0 %, 0 %, 35284 MiB, 37.75 W
2026/09/11 17:31:56.423, 0, 0 %, 0 %, 35285 MiB, 37.42 W
2026/09/11 17:31:56.423, 1, 0 %, 0 %, 35285 MiB, 36.80 W
2026/09/11 17:31:56.423, 2, 0 %, 0 %, 35284 MiB, 37.56 W
2026/09/11 17:32:01.424, 0, 0 %, 0 %, 35285 MiB, 37.32 W
2026/09/11 17:32:01.424, 1, 0 %, 0 %, 35285 MiB, 41.33 W
2026/09/11 17:32:01.424, 2, 4 %, 0 %, 35284 MiB, 51.00 W
2026/09/11 17:32:06.426, 0, 0 %, 0 %, 35285 MiB, 37.03 W
2026/09/11 17:32:06.426, 1, 0 %, 0 %, 35285 MiB, 36.61 W
2026/09/11 17:32:06.426, 2, 0 %, 0 %, 35284 MiB, 37.07 W
2026/09/11 17:32:11.428, 0, 0 %, 0 %, 35285 MiB, 36.82 W
2026/09/11 17:32:11.428, 1, 0 %, 0 %, 35285 MiB, 36.60 W
2026/09/11 17:32:11.428, 2, 0 %, 0 %, 35284 MiB, 36.87 W
2026/09/11 17:32:16.429, 0, 2 %, 0 %, 35285 MiB, 45.43 W
2026/09/11 17:32:16.429, 1, 0 %, 0 %, 35285 MiB, 37.40 W
2026/09/11 17:32:16.429, 2, 0 %, 0 %, 35284 MiB, 37.26 W
2026/09/11 17:32:21.430, 0, 0 %, 0 %, 35285 MiB, 36.72 W
2026/09/11 17:32:21.430, 1, 0 %, 0 %, 35285 MiB, 36.40 W
2026/09/11 17:32:21.431, 2, 0 %, 0 %, 35284 MiB, 37.17 W
2026/09/11 17:32:26.432, 0, 0 %, 0 %, 35285 MiB, 36.62 W
2026/09/11 17:32:26.432, 1, 0 %, 0 %, 35285 MiB, 36.29 W
2026/09/11 17:32:26.432, 2, 0 %, 0 %, 35284 MiB, 36.97 W
2026/09/11 17:32:31.434, 0, 0 %, 0 %, 35285 MiB, 46.60 W
2026/09/11 17:32:31.434, 1, 0 %, 0 %, 35285 MiB, 36.29 W
2026/09/11 17:32:31.434, 2, 0 %, 0 %, 35284 MiB, 37.07 W
2026/09/11 17:32:36.437, 0, 0 %, 0 %, 35285 MiB, 36.52 W
2026/09/11 17:32:36.437, 1, 0 %, 0 %, 35285 MiB, 36.29 W
2026/09/11 17:32:36.437, 2, 0 %, 0 %, 35284 MiB, 37.65 W
2026/09/11 17:32:41.437, 0, 0 %, 0 %, 35285 MiB, 36.52 W
2026/09/11 17:32:41.437, 1, 0 %, 0 %, 35285 MiB, 36.20 W
2026/09/11 17:32:41.437, 2, 0 %, 0 %, 35284 MiB, 36.87 W
2026/09/11 17:32:46.438, 0, 0 %, 0 %, 35285 MiB, 36.44 W
2026/09/11 17:32:46.439, 1, 0 %, 0 %, 35285 MiB, 36.11 W
2026/09/11 17:32:46.439, 2, 4 %, 0 %, 35284 MiB, 41.43 W
2026/09/11 17:32:51.440, 0, 0 %, 0 %, 35285 MiB, 36.43 W
2026/09/11 17:32:51.440, 1, 0 %, 0 %, 35285 MiB, 36.01 W
2026/09/11 17:32:51.440, 2, 0 %, 0 %, 35284 MiB, 36.87 W
2026/09/11 17:32:56.442, 0, 0 %, 0 %, 35285 MiB, 36.33 W
2026/09/11 17:32:56.442, 1, 0 %, 0 %, 35285 MiB, 35.90 W
2026/09/11 17:32:56.442, 2, 0 %, 0 %, 35284 MiB, 36.66 W
2026/09/11 17:33:01.444, 0, 12 %, 0 %, 35285 MiB, 36.34 W
2026/09/11 17:33:01.444, 1, 24 %, 0 %, 35285 MiB, 35.72 W
2026/09/11 17:33:01.444, 2, 20 %, 0 %, 35284 MiB, 36.77 W
2026/09/11 17:33:06.446, 0, 7 %, 0 %, 35285 MiB, 39.10 W
2026/09/11 17:33:06.446, 1, 12 %, 0 %, 35285 MiB, 36.11 W
2026/09/11 17:33:06.446, 2, 10 %, 0 %, 35284 MiB, 37.85 W
2026/09/11 17:33:11.449, 0, 23 %, 0 %, 35285 MiB, 36.44 W
2026/09/11 17:33:11.449, 1, 26 %, 0 %, 35285 MiB, 35.81 W
2026/09/11 17:33:11.449, 2, 2 %, 0 %, 35284 MiB, 37.17 W
2026/09/11 17:33:16.450, 0, 14 %, 0 %, 35285 MiB, 36.33 W
2026/09/11 17:33:16.450, 1, 12 %, 0 %, 35285 MiB, 35.71 W
2026/09/11 17:33:16.450, 2, 10 %, 0 %, 35284 MiB, 36.97 W
2026/09/11 17:33:21.450, 0, 16 %, 0 %, 35285 MiB, 45.13 W
2026/09/11 17:33:21.450, 1, 17 %, 0 %, 35285 MiB, 35.62 W
2026/09/11 17:33:21.451, 2, 10 %, 0 %, 35284 MiB, 36.57 W
2026/09/11 17:33:26.455, 0, 0 %, 0 %, 35285 MiB, 36.34 W
2026/09/11 17:33:26.455, 1, 12 %, 0 %, 35285 MiB, 35.72 W
2026/09/11 17:33:26.455, 2, 0 %, 0 %, 35284 MiB, 38.35 W
2026/09/11 17:33:31.456, 0, 0 %, 0 %, 35285 MiB, 36.34 W
2026/09/11 17:33:31.456, 1, 12 %, 0 %, 35285 MiB, 36.81 W
2026/09/11 17:33:31.456, 2, 20 %, 0 %, 35284 MiB, 36.57 W
2026/09/11 17:33:36.458, 0, 6 %, 0 %, 35285 MiB, 36.14 W
2026/09/11 17:33:36.459, 1, 12 %, 0 %, 35285 MiB, 35.72 W
2026/09/11 17:33:36.459, 2, 0 %, 0 %, 35284 MiB, 38.04 W
2026/09/11 17:33:41.460, 0, 4 %, 0 %, 35285 MiB, 37.03 W
2026/09/11 17:33:41.460, 1, 12 %, 0 %, 35285 MiB, 35.91 W
2026/09/11 17:33:41.460, 2, 4 %, 0 %, 35284 MiB, 36.68 W
2026/09/11 17:33:46.462, 0, 2 %, 0 %, 35285 MiB, 42.05 W
2026/09/11 17:33:46.462, 1, 30 %, 1 %, 35285 MiB, 42.62 W
2026/09/11 17:33:46.462, 2, 12 %, 0 %, 35284 MiB, 36.36 W
2026/09/11 17:33:51.464, 0, 4 %, 0 %, 35285 MiB, 37.21 W
2026/09/11 17:33:51.464, 1, 12 %, 0 %, 35285 MiB, 35.72 W
2026/09/11 17:33:51.464, 2, 10 %, 0 %, 35284 MiB, 36.36 W
2026/09/11 17:33:56.466, 0, 2 %, 0 %, 35285 MiB, 36.13 W
2026/09/11 17:33:56.466, 1, 8 %, 0 %, 35285 MiB, 40.35 W
2026/09/11 17:33:56.466, 2, 3 %, 0 %, 35284 MiB, 39.54 W
2026/09/11 17:34:01.468, 0, 0 %, 0 %, 35285 MiB, 36.25 W
2026/09/11 17:34:01.468, 1, 12 %, 0 %, 35285 MiB, 35.53 W
2026/09/11 17:34:01.468, 2, 12 %, 0 %, 35284 MiB, 36.47 W
2026/09/11 17:34:06.470, 0, 8 %, 0 %, 35285 MiB, 36.44 W
2026/09/11 17:34:06.470, 1, 24 %, 0 %, 35285 MiB, 35.43 W
2026/09/11 17:34:06.470, 2, 4 %, 0 %, 35284 MiB, 38.45 W
2026/09/11 17:34:11.471, 0, 16 %, 0 %, 35285 MiB, 36.13 W
2026/09/11 17:34:11.471, 1, 14 %, 0 %, 35285 MiB, 35.42 W
2026/09/11 17:34:11.472, 2, 13 %, 1 %, 35284 MiB, 36.36 W
2026/09/11 17:34:16.472, 0, 0 %, 0 %, 35285 MiB, 36.55 W
2026/09/11 17:34:16.473, 1, 14 %, 0 %, 35285 MiB, 35.33 W
2026/09/11 17:34:16.473, 2, 0 %, 0 %, 35284 MiB, 36.48 W
2026/09/11 17:34:21.473, 0, 0 %, 0 %, 35285 MiB, 36.15 W
2026/09/11 17:34:21.474, 1, 0 %, 0 %, 35285 MiB, 35.43 W
2026/09/11 17:34:21.474, 2, 0 %, 0 %, 35284 MiB, 36.28 W
2026/09/11 17:34:26.474, 0, 0 %, 0 %, 35285 MiB, 35.96 W
2026/09/11 17:34:26.474, 1, 0 %, 0 %, 35285 MiB, 35.44 W
2026/09/11 17:34:26.474, 2, 0 %, 0 %, 35284 MiB, 36.19 W
2026/09/11 17:34:31.475, 0, 0 %, 0 %, 35285 MiB, 35.85 W
2026/09/11 17:34:31.475, 1, 0 %, 0 %, 35285 MiB, 35.34 W
2026/09/11 17:34:31.475, 2, 0 %, 0 %, 35284 MiB, 36.38 W
2026/09/11 17:34:36.475, 0, 0 %, 0 %, 35285 MiB, 36.16 W
2026/09/11 17:34:36.476, 1, 0 %, 0 %, 35285 MiB, 35.24 W
2026/09/11 17:34:36.476, 2, 7 %, 0 %, 35284 MiB, 36.19 W
2026/09/11 17:34:41.477, 0, 0 %, 0 %, 35285 MiB, 35.96 W
2026/09/11 17:34:41.477, 1, 0 %, 0 %, 35285 MiB, 35.33 W
2026/09/11 17:34:41.477, 2, 10 %, 0 %, 35284 MiB, 36.27 W
2026/09/11 17:34:46.478, 0, 0 %, 0 %, 35285 MiB, 35.96 W
2026/09/11 17:34:46.478, 1, 0 %, 0 %, 35285 MiB, 35.23 W
2026/09/11 17:34:46.478, 2, 0 %, 0 %, 35284 MiB, 36.18 W
2026/09/11 17:34:51.478, 0, 0 %, 0 %, 35285 MiB, 35.96 W
2026/09/11 17:34:51.478, 1, 0 %, 0 %, 35285 MiB, 35.34 W
2026/09/11 17:34:51.478, 2, 10 %, 0 %, 35284 MiB, 36.38 W
2026/09/11 17:34:56.479, 0, 0 %, 0 %, 35285 MiB, 36.16 W
2026/09/11 17:34:56.479, 1, 0 %, 0 %, 35285 MiB, 35.53 W
2026/09/11 17:34:56.479, 2, 3 %, 0 %, 35284 MiB, 38.46 W
2026/09/11 17:35:01.479, 0, 0 %, 0 %, 35285 MiB, 35.96 W
2026/09/11 17:35:01.480, 1, 0 %, 0 %, 35285 MiB, 35.34 W
2026/09/11 17:35:01.480, 2, 0 %, 0 %, 35284 MiB, 36.28 W
2026/09/11 17:35:06.480, 0, 0 %, 0 %, 35285 MiB, 35.96 W
2026/09/11 17:35:06.480, 1, 0 %, 0 %, 35285 MiB, 35.14 W
2026/09/11 17:35:06.480, 2, 0 %, 0 %, 35284 MiB, 36.38 W
2026/09/11 17:35:11.481, 0, 93 %, 3 %, 35285 MiB, 83.79 W
2026/09/11 17:35:11.481, 1, 92 %, 3 %, 35285 MiB, 78.33 W
2026/09/11 17:35:11.481, 2, 89 %, 3 %, 35284 MiB, 80.73 W
2026/09/11 17:35:16.482, 0, 93 %, 3 %, 35285 MiB, 83.55 W
2026/09/11 17:35:16.482, 1, 91 %, 3 %, 35285 MiB, 78.74 W
2026/09/11 17:35:16.482, 2, 89 %, 3 %, 35284 MiB, 83.31 W
2026/09/11 17:35:21.484, 0, 92 %, 3 %, 35285 MiB, 82.55 W
2026/09/11 17:35:21.484, 1, 92 %, 3 %, 35285 MiB, 79.85 W
2026/09/11 17:35:21.484, 2, 90 %, 4 %, 35284 MiB, 82.40 W
2026/09/11 17:35:26.485, 0, 88 %, 3 %, 35285 MiB, 86.58 W
2026/09/11 17:35:26.485, 1, 93 %, 3 %, 35285 MiB, 80.31 W
2026/09/11 17:35:26.485, 2, 95 %, 5 %, 35284 MiB, 82.13 W
2026/09/11 17:35:31.486, 0, 91 %, 3 %, 35285 MiB, 84.54 W
2026/09/11 17:35:31.486, 1, 92 %, 5 %, 35285 MiB, 80.18 W
2026/09/11 17:35:31.486, 2, 89 %, 3 %, 35284 MiB, 83.56 W
2026/09/11 17:35:36.487, 0, 93 %, 3 %, 35285 MiB, 82.55 W
2026/09/11 17:35:36.487, 1, 94 %, 5 %, 35285 MiB, 82.43 W
2026/09/11 17:35:36.487, 2, 93 %, 3 %, 35284 MiB, 78.96 W
2026/09/11 17:35:41.487, 0, 92 %, 3 %, 35285 MiB, 85.38 W
2026/09/11 17:35:41.488, 1, 92 %, 3 %, 35285 MiB, 80.11 W
2026/09/11 17:35:41.488, 2, 88 %, 3 %, 35284 MiB, 83.38 W
2026/09/11 17:35:46.488, 0, 92 %, 5 %, 35285 MiB, 83.26 W
2026/09/11 17:35:46.488, 1, 95 %, 5 %, 35285 MiB, 83.09 W
2026/09/11 17:35:46.488, 2, 87 %, 3 %, 35284 MiB, 78.88 W
2026/09/11 17:35:51.489, 0, 92 %, 3 %, 35285 MiB, 86.48 W
2026/09/11 17:35:51.489, 1, 91 %, 3 %, 35285 MiB, 83.28 W
2026/09/11 17:35:51.489, 2, 92 %, 3 %, 35284 MiB, 78.76 W
2026/09/11 17:35:56.490, 0, 91 %, 3 %, 35285 MiB, 83.16 W
2026/09/11 17:35:56.490, 1, 92 %, 3 %, 35285 MiB, 81.47 W
2026/09/11 17:35:56.490, 2, 90 %, 3 %, 35284 MiB, 81.24 W
2026/09/11 17:36:01.491, 0, 93 %, 3 %, 35285 MiB, 89.96 W
2026/09/11 17:36:01.491, 1, 90 %, 3 %, 35285 MiB, 84.43 W
2026/09/11 17:36:01.491, 2, 92 %, 3 %, 35284 MiB, 81.69 W
2026/09/11 17:36:06.492, 0, 95 %, 5 %, 35285 MiB, 82.91 W
2026/09/11 17:36:06.492, 1, 89 %, 3 %, 35285 MiB, 86.26 W
2026/09/11 17:36:06.492, 2, 91 %, 3 %, 35284 MiB, 82.91 W
2026/09/11 17:36:11.492, 0, 93 %, 3 %, 35285 MiB, 82.19 W
2026/09/11 17:36:11.493, 1, 93 %, 3 %, 35285 MiB, 82.40 W
2026/09/11 17:36:11.493, 2, 92 %, 5 %, 35284 MiB, 86.61 W
2026/09/11 17:36:16.494, 0, 91 %, 3 %, 35285 MiB, 83.97 W
2026/09/11 17:36:16.494, 1, 93 %, 3 %, 35285 MiB, 77.30 W
2026/09/11 17:36:16.494, 2, 91 %, 3 %, 35284 MiB, 85.20 W
2026/09/11 17:36:21.494, 0, 92 %, 3 %, 35285 MiB, 84.13 W
2026/09/11 17:36:21.494, 1, 88 %, 3 %, 35285 MiB, 80.26 W
2026/09/11 17:36:21.494, 2, 91 %, 3 %, 35284 MiB, 83.46 W
2026/09/11 17:36:26.495, 0, 92 %, 3 %, 35285 MiB, 87.42 W
2026/09/11 17:36:26.495, 1, 92 %, 3 %, 35285 MiB, 81.30 W
2026/09/11 17:36:26.495, 2, 91 %, 6 %, 35284 MiB, 82.32 W
2026/09/11 17:36:31.496, 0, 93 %, 5 %, 35285 MiB, 81.99 W
2026/09/11 17:36:31.496, 1, 95 %, 3 %, 35285 MiB, 80.58 W
2026/09/11 17:36:31.496, 2, 91 %, 3 %, 35284 MiB, 104.18 W
2026/09/11 17:36:36.497, 0, 96 %, 5 %, 35285 MiB, 82.96 W
2026/09/11 17:36:36.497, 1, 97 %, 6 %, 35285 MiB, 77.90 W
2026/09/11 17:36:36.497, 2, 94 %, 5 %, 35284 MiB, 82.01 W
2026/09/11 17:36:41.497, 0, 92 %, 3 %, 35285 MiB, 82.77 W
2026/09/11 17:36:41.498, 1, 97 %, 6 %, 35285 MiB, 79.90 W
2026/09/11 17:36:41.498, 2, 93 %, 3 %, 35284 MiB, 83.84 W
2026/09/11 17:36:46.498, 0, 97 %, 10 %, 35285 MiB, 82.05 W
2026/09/11 17:36:46.498, 1, 94 %, 3 %, 35285 MiB, 79.00 W
2026/09/11 17:36:46.498, 2, 92 %, 3 %, 35284 MiB, 86.14 W
2026/09/11 17:36:51.499, 0, 96 %, 5 %, 35285 MiB, 77.28 W
2026/09/11 17:36:51.499, 1, 96 %, 6 %, 35285 MiB, 77.41 W
2026/09/11 17:36:51.499, 2, 96 %, 8 %, 35284 MiB, 80.64 W
2026/09/11 17:36:56.500, 0, 97 %, 5 %, 35285 MiB, 80.64 W
2026/09/11 17:36:56.500, 1, 99 %, 5 %, 35285 MiB, 81.91 W
2026/09/11 17:36:56.500, 2, 96 %, 5 %, 35284 MiB, 83.07 W
2026/09/11 17:37:01.501, 0, 95 %, 3 %, 35285 MiB, 80.62 W
2026/09/11 17:37:01.501, 1, 93 %, 4 %, 35285 MiB, 77.38 W
2026/09/11 17:37:01.501, 2, 96 %, 5 %, 35284 MiB, 84.38 W
2026/09/11 17:37:06.501, 0, 97 %, 5 %, 35285 MiB, 82.24 W
2026/09/11 17:37:06.502, 1, 98 %, 5 %, 35285 MiB, 78.02 W
2026/09/11 17:37:06.502, 2, 96 %, 5 %, 35284 MiB, 79.36 W
2026/09/11 17:37:11.502, 0, 94 %, 3 %, 35285 MiB, 82.17 W
2026/09/11 17:37:11.503, 1, 94 %, 5 %, 35285 MiB, 100.69 W
2026/09/11 17:37:11.503, 2, 95 %, 3 %, 35284 MiB, 80.72 W
2026/09/11 17:37:16.503, 0, 0 %, 0 %, 35285 MiB, 37.71 W
2026/09/11 17:37:16.503, 1, 0 %, 0 %, 35285 MiB, 37.39 W
2026/09/11 17:37:16.503, 2, 0 %, 0 %, 35284 MiB, 37.95 W
2026/09/11 17:37:21.507, 0, 0 %, 0 %, 35285 MiB, 37.51 W
2026/09/11 17:37:21.507, 1, 0 %, 0 %, 35285 MiB, 36.89 W
2026/09/11 17:37:21.507, 2, 0 %, 0 %, 35284 MiB, 37.65 W
2026/09/11 17:37:26.508, 0, 0 %, 0 %, 35285 MiB, 37.32 W
2026/09/11 17:37:26.508, 1, 0 %, 0 %, 35285 MiB, 36.79 W
2026/09/11 17:37:26.509, 2, 0 %, 0 %, 35284 MiB, 37.75 W
2026/09/11 17:37:31.512, 0, 0 %, 0 %, 35285 MiB, 37.51 W
2026/09/11 17:37:31.512, 1, 0 %, 0 %, 35285 MiB, 36.89 W
2026/09/11 17:37:31.512, 2, 0 %, 0 %, 35284 MiB, 37.26 W
2026/09/11 17:37:36.514, 0, 0 %, 0 %, 35285 MiB, 37.12 W
2026/09/11 17:37:36.514, 1, 0 %, 0 %, 35285 MiB, 36.59 W
2026/09/11 17:37:36.514, 2, 0 %, 0 %, 35284 MiB, 37.26 W
2026/09/11 17:37:41.516, 0, 0 %, 0 %, 35285 MiB, 36.92 W
2026/09/11 17:37:41.516, 1, 0 %, 0 %, 35285 MiB, 36.40 W
2026/09/11 17:37:41.516, 2, 0 %, 0 %, 35284 MiB, 37.36 W
2026/09/11 17:37:46.517, 0, 26 %, 1 %, 35285 MiB, 41.47 W
2026/09/11 17:37:46.517, 1, 0 %, 0 %, 35285 MiB, 36.40 W
2026/09/11 17:37:46.517, 2, 0 %, 0 %, 35284 MiB, 37.17 W
2026/09/11 17:37:51.519, 0, 0 %, 0 %, 35285 MiB, 36.82 W
2026/09/11 17:37:51.519, 1, 2 %, 0 %, 35285 MiB, 36.49 W
2026/09/11 17:37:51.519, 2, 0 %, 0 %, 35284 MiB, 37.07 W
2026/09/11 17:37:56.525, 0, 0 %, 0 %, 35285 MiB, 36.62 W
2026/09/11 17:37:56.525, 1, 0 %, 0 %, 35285 MiB, 36.29 W
2026/09/11 17:37:56.525, 2, 0 %, 0 %, 35284 MiB, 36.97 W
2026/09/11 17:38:01.526, 0, 0 %, 0 %, 35285 MiB, 36.62 W
2026/09/11 17:38:01.526, 1, 0 %, 0 %, 35285 MiB, 36.21 W
2026/09/11 17:38:01.526, 2, 0 %, 0 %, 35284 MiB, 39.15 W
2026/09/11 17:38:06.528, 0, 0 %, 0 %, 35285 MiB, 36.43 W
2026/09/11 17:38:06.528, 1, 0 %, 0 %, 35285 MiB, 54.62 W
2026/09/11 17:38:06.528, 2, 0 %, 0 %, 35284 MiB, 36.97 W
2026/09/11 17:38:11.530, 0, 0 %, 0 %, 35285 MiB, 36.62 W
2026/09/11 17:38:11.530, 1, 0 %, 0 %, 35285 MiB, 36.40 W
2026/09/11 17:38:11.530, 2, 0 %, 0 %, 35284 MiB, 36.77 W
2026/09/11 17:38:16.531, 0, 0 %, 0 %, 35285 MiB, 36.82 W
2026/09/11 17:38:16.531, 1, 0 %, 0 %, 35285 MiB, 36.20 W
2026/09/11 17:38:16.531, 2, 4 %, 0 %, 35284 MiB, 36.87 W
2026/09/11 17:38:21.533, 0, 0 %, 0 %, 35285 MiB, 37.12 W
2026/09/11 17:38:21.533, 1, 0 %, 0 %, 35285 MiB, 36.10 W
2026/09/11 17:38:21.533, 2, 0 %, 0 %, 35284 MiB, 36.97 W
2026/09/11 17:38:26.533, 0, 0 %, 0 %, 35285 MiB, 36.35 W
2026/09/11 17:38:26.533, 1, 0 %, 0 %, 35285 MiB, 35.72 W
2026/09/11 17:38:26.534, 2, 0 %, 0 %, 35284 MiB, 36.68 W
2026/09/11 17:38:31.535, 0, 0 %, 0 %, 35285 MiB, 36.52 W
2026/09/11 17:38:31.535, 1, 0 %, 0 %, 35285 MiB, 39.17 W
2026/09/11 17:38:31.535, 2, 45 %, 1 %, 35284 MiB, 37.65 W
2026/09/11 17:38:36.541, 0, 30 %, 1 %, 35285 MiB, 36.44 W
2026/09/11 17:38:36.541, 1, 22 %, 0 %, 35285 MiB, 38.46 W
2026/09/11 17:38:36.541, 2, 6 %, 0 %, 35284 MiB, 36.87 W
2026/09/11 17:38:41.547, 0, 0 %, 0 %, 35285 MiB, 36.44 W
2026/09/11 17:38:41.547, 1, 0 %, 0 %, 35285 MiB, 35.72 W
2026/09/11 17:38:41.547, 2, 0 %, 0 %, 35284 MiB, 39.65 W
2026/09/11 17:38:46.548, 0, 14 %, 0 %, 35285 MiB, 39.97 W
2026/09/11 17:38:46.549, 1, 2 %, 0 %, 35285 MiB, 35.72 W
2026/09/11 17:38:46.549, 2, 0 %, 0 %, 35284 MiB, 45.56 W
2026/09/11 17:38:51.549, 0, 14 %, 0 %, 35285 MiB, 36.83 W
2026/09/11 17:38:51.549, 1, 0 %, 0 %, 35285 MiB, 35.72 W
2026/09/11 17:38:51.550, 2, 39 %, 1 %, 35284 MiB, 36.57 W
2026/09/11 17:38:56.553, 0, 32 %, 1 %, 35285 MiB, 36.13 W
2026/09/11 17:38:56.553, 1, 12 %, 0 %, 35285 MiB, 37.49 W
2026/09/11 17:38:56.553, 2, 23 %, 0 %, 35284 MiB, 36.77 W
2026/09/11 17:39:01.558, 0, 0 %, 0 %, 35285 MiB, 41.76 W
2026/09/11 17:39:01.558, 1, 21 %, 0 %, 35285 MiB, 35.51 W
2026/09/11 17:39:01.558, 2, 13 %, 0 %, 35284 MiB, 37.26 W
2026/09/11 17:39:06.559, 0, 0 %, 0 %, 35285 MiB, 36.34 W
2026/09/11 17:39:06.559, 1, 41 %, 1 %, 35285 MiB, 36.11 W
2026/09/11 17:39:06.559, 2, 5 %, 0 %, 35284 MiB, 39.24 W
2026/09/11 17:39:11.560, 0, 14 %, 0 %, 35285 MiB, 36.25 W
2026/09/11 17:39:11.560, 1, 16 %, 0 %, 35285 MiB, 35.53 W
2026/09/11 17:39:11.560, 2, 8 %, 0 %, 35284 MiB, 39.35 W
2026/09/11 17:39:16.565, 0, 2 %, 0 %, 35285 MiB, 36.15 W
2026/09/11 17:39:16.565, 1, 24 %, 0 %, 35285 MiB, 35.63 W
2026/09/11 17:39:16.565, 2, 0 %, 0 %, 35284 MiB, 36.47 W
2026/09/11 17:39:21.572, 0, 6 %, 0 %, 35285 MiB, 38.10 W
2026/09/11 17:39:21.572, 1, 6 %, 0 %, 35285 MiB, 39.46 W
2026/09/11 17:39:21.572, 2, 1 %, 0 %, 35284 MiB, 36.36 W
2026/09/11 17:39:26.573, 0, 43 %, 1 %, 35285 MiB, 36.92 W
2026/09/11 17:39:26.573, 1, 16 %, 0 %, 35285 MiB, 38.38 W
2026/09/11 17:39:26.574, 2, 10 %, 0 %, 35284 MiB, 36.46 W
2026/09/11 17:39:31.574, 0, 21 %, 0 %, 35285 MiB, 36.14 W
2026/09/11 17:39:31.575, 1, 46 %, 1 %, 35285 MiB, 36.50 W
2026/09/11 17:39:31.575, 2, 0 %, 0 %, 35284 MiB, 37.17 W
2026/09/11 17:39:36.576, 0, 10 %, 0 %, 35285 MiB, 40.97 W
2026/09/11 17:39:36.576, 1, 10 %, 0 %, 35285 MiB, 38.86 W
2026/09/11 17:39:36.576, 2, 16 %, 1 %, 35284 MiB, 37.26 W
2026/09/11 17:39:41.578, 0, 1 %, 0 %, 35285 MiB, 36.43 W
2026/09/11 17:39:41.578, 1, 3 %, 0 %, 35285 MiB, 41.03 W
2026/09/11 17:39:41.578, 2, 0 %, 0 %, 35284 MiB, 36.37 W
2026/09/11 17:39:46.579, 0, 10 %, 0 %, 35285 MiB, 36.25 W
2026/09/11 17:39:46.579, 1, 0 %, 0 %, 35285 MiB, 35.43 W
2026/09/11 17:39:46.580, 2, 0 %, 0 %, 35284 MiB, 36.46 W
2026/09/11 17:39:51.580, 0, 0 %, 0 %, 35285 MiB, 40.99 W
2026/09/11 17:39:51.580, 1, 0 %, 0 %, 35285 MiB, 35.33 W
2026/09/11 17:39:51.580, 2, 2 %, 0 %, 35284 MiB, 36.38 W
2026/09/11 17:39:56.587, 0, 10 %, 0 %, 35285 MiB, 36.45 W
2026/09/11 17:39:56.587, 1, 0 %, 0 %, 35285 MiB, 35.43 W
2026/09/11 17:39:56.587, 2, 0 %, 0 %, 35284 MiB, 36.19 W
2026/09/11 17:40:01.588, 0, 0 %, 0 %, 35285 MiB, 38.13 W
2026/09/11 17:40:01.588, 1, 0 %, 0 %, 35285 MiB, 35.53 W
2026/09/11 17:40:01.588, 2, 0 %, 0 %, 35284 MiB, 36.18 W
2026/09/11 17:40:06.588, 0, 10 %, 0 %, 35285 MiB, 35.96 W
2026/09/11 17:40:06.589, 1, 0 %, 0 %, 35285 MiB, 35.24 W
2026/09/11 17:40:06.589, 2, 0 %, 0 %, 35284 MiB, 36.38 W
2026/09/11 17:40:11.589, 0, 10 %, 0 %, 35285 MiB, 35.96 W
2026/09/11 17:40:11.589, 1, 0 %, 0 %, 35285 MiB, 35.24 W
2026/09/11 17:40:11.589, 2, 0 %, 0 %, 35284 MiB, 36.19 W
2026/09/11 17:40:16.590, 0, 0 %, 0 %, 35285 MiB, 36.25 W
2026/09/11 17:40:16.590, 1, 0 %, 0 %, 35285 MiB, 35.33 W
2026/09/11 17:40:16.590, 2, 0 %, 0 %, 35284 MiB, 36.19 W
2026/09/11 17:40:21.590, 0, 6 %, 0 %, 35285 MiB, 35.96 W
2026/09/11 17:40:21.591, 1, 0 %, 0 %, 35285 MiB, 35.44 W
2026/09/11 17:40:21.591, 2, 0 %, 0 %, 35284 MiB, 36.19 W
2026/09/11 17:40:26.591, 0, 7 %, 0 %, 35285 MiB, 35.96 W
2026/09/11 17:40:26.591, 1, 0 %, 0 %, 35285 MiB, 35.44 W
2026/09/11 17:40:26.591, 2, 0 %, 0 %, 35284 MiB, 36.27 W
2026/09/11 17:40:31.592, 0, 0 %, 0 %, 35285 MiB, 35.96 W
2026/09/11 17:40:31.592, 1, 0 %, 0 %, 35285 MiB, 35.33 W
2026/09/11 17:40:31.592, 2, 0 %, 0 %, 35284 MiB, 36.19 W
2026/09/11 17:40:36.592, 0, 0 %, 0 %, 35285 MiB, 36.25 W
2026/09/11 17:40:36.593, 1, 0 %, 0 %, 35285 MiB, 35.23 W
2026/09/11 17:40:36.593, 2, 0 %, 0 %, 35284 MiB, 36.27 W
2026/09/11 17:40:41.593, 0, 90 %, 3 %, 35285 MiB, 119.32 W
2026/09/11 17:40:41.593, 1, 91 %, 5 %, 35285 MiB, 78.44 W
2026/09/11 17:40:41.593, 2, 87 %, 3 %, 35284 MiB, 80.43 W
2026/09/11 17:40:46.594, 0, 92 %, 3 %, 35285 MiB, 84.42 W
2026/09/11 17:40:46.594, 1, 94 %, 5 %, 35285 MiB, 79.00 W
2026/09/11 17:40:46.594, 2, 94 %, 3 %, 35284 MiB, 80.15 W
2026/09/11 17:40:51.594, 0, 94 %, 5 %, 35285 MiB, 82.29 W
2026/09/11 17:40:51.595, 1, 91 %, 3 %, 35285 MiB, 78.90 W
2026/09/11 17:40:51.595, 2, 91 %, 3 %, 35284 MiB, 81.17 W
2026/09/11 17:40:56.595, 0, 92 %, 3 %, 35285 MiB, 84.66 W
2026/09/11 17:40:56.595, 1, 92 %, 3 %, 35285 MiB, 78.95 W
2026/09/11 17:40:56.595, 2, 90 %, 3 %, 35284 MiB, 79.46 W
2026/09/11 17:41:01.596, 0, 89 %, 3 %, 35285 MiB, 83.20 W
2026/09/11 17:41:01.596, 1, 87 %, 4 %, 35285 MiB, 122.04 W
2026/09/11 17:41:01.596, 2, 91 %, 3 %, 35284 MiB, 79.29 W
2026/09/11 17:41:06.597, 0, 92 %, 3 %, 35285 MiB, 85.04 W
2026/09/11 17:41:06.597, 1, 93 %, 3 %, 35285 MiB, 80.26 W
2026/09/11 17:41:06.597, 2, 89 %, 3 %, 35284 MiB, 83.56 W
2026/09/11 17:41:11.601, 0, 91 %, 3 %, 35285 MiB, 85.64 W
2026/09/11 17:41:11.602, 1, 94 %, 6 %, 35285 MiB, 80.48 W
2026/09/11 17:41:11.602, 2, 88 %, 3 %, 35284 MiB, 79.78 W
2026/09/11 17:41:16.602, 0, 92 %, 5 %, 35285 MiB, 88.05 W
2026/09/11 17:41:16.602, 1, 92 %, 5 %, 35285 MiB, 82.25 W
2026/09/11 17:41:16.602, 2, 91 %, 3 %, 35284 MiB, 82.56 W
2026/09/11 17:41:21.603, 0, 91 %, 3 %, 35285 MiB, 86.52 W
2026/09/11 17:41:21.603, 1, 93 %, 3 %, 35285 MiB, 79.61 W
2026/09/11 17:41:21.603, 2, 94 %, 3 %, 35284 MiB, 82.03 W
2026/09/11 17:41:26.603, 0, 90 %, 3 %, 35285 MiB, 87.29 W
2026/09/11 17:41:26.604, 1, 92 %, 3 %, 35285 MiB, 82.76 W
2026/09/11 17:41:26.604, 2, 93 %, 3 %, 35284 MiB, 83.45 W
2026/09/11 17:41:31.604, 0, 92 %, 5 %, 35285 MiB, 84.89 W
2026/09/11 17:41:31.605, 1, 94 %, 5 %, 35285 MiB, 82.03 W
2026/09/11 17:41:31.605, 2, 91 %, 3 %, 35284 MiB, 80.78 W
2026/09/11 17:41:36.605, 0, 90 %, 3 %, 35285 MiB, 88.09 W
2026/09/11 17:41:36.605, 1, 90 %, 3 %, 35285 MiB, 85.41 W
2026/09/11 17:41:36.605, 2, 85 %, 5 %, 35284 MiB, 82.86 W
2026/09/11 17:41:41.606, 0, 90 %, 3 %, 35285 MiB, 85.17 W
2026/09/11 17:41:41.606, 1, 95 %, 5 %, 35285 MiB, 79.61 W
2026/09/11 17:41:41.606, 2, 90 %, 3 %, 35284 MiB, 82.66 W
2026/09/11 17:41:46.607, 0, 91 %, 3 %, 35285 MiB, 85.81 W
2026/09/11 17:41:46.607, 1, 91 %, 3 %, 35285 MiB, 108.44 W
2026/09/11 17:41:46.607, 2, 93 %, 5 %, 35284 MiB, 84.16 W
2026/09/11 17:41:51.608, 0, 92 %, 3 %, 35285 MiB, 84.74 W
2026/09/11 17:41:51.608, 1, 91 %, 3 %, 35285 MiB, 80.71 W
2026/09/11 17:41:51.608, 2, 93 %, 5 %, 35284 MiB, 79.82 W
2026/09/11 17:41:56.608, 0, 94 %, 3 %, 35285 MiB, 82.81 W
2026/09/11 17:41:56.608, 1, 90 %, 3 %, 35285 MiB, 82.05 W
2026/09/11 17:41:56.608, 2, 88 %, 3 %, 35284 MiB, 81.11 W
2026/09/11 17:42:01.609, 0, 91 %, 3 %, 35285 MiB, 79.41 W
2026/09/11 17:42:01.609, 1, 94 %, 6 %, 35285 MiB, 81.59 W
2026/09/11 17:42:01.609, 2, 92 %, 3 %, 35284 MiB, 80.43 W
2026/09/11 17:42:06.610, 0, 91 %, 3 %, 35285 MiB, 88.83 W
2026/09/11 17:42:06.610, 1, 94 %, 5 %, 35285 MiB, 107.98 W
2026/09/11 17:42:06.610, 2, 95 %, 3 %, 35284 MiB, 80.12 W
2026/09/11 17:42:11.610, 0, 98 %, 3 %, 35285 MiB, 81.30 W
2026/09/11 17:42:11.610, 1, 92 %, 3 %, 35285 MiB, 79.97 W
2026/09/11 17:42:11.611, 2, 92 %, 5 %, 35284 MiB, 81.01 W
2026/09/11 17:42:16.611, 0, 97 %, 3 %, 35285 MiB, 81.25 W
2026/09/11 17:42:16.612, 1, 95 %, 6 %, 35285 MiB, 79.00 W
2026/09/11 17:42:16.612, 2, 92 %, 4 %, 35284 MiB, 86.09 W
2026/09/11 17:42:21.612, 0, 96 %, 6 %, 35285 MiB, 79.08 W
2026/09/11 17:42:21.612, 1, 96 %, 3 %, 35285 MiB, 77.90 W
2026/09/11 17:42:21.612, 2, 93 %, 5 %, 35284 MiB, 82.23 W
2026/09/11 17:42:26.613, 0, 98 %, 6 %, 35285 MiB, 82.08 W
2026/09/11 17:42:26.613, 1, 96 %, 5 %, 35285 MiB, 75.45 W
2026/09/11 17:42:26.613, 2, 94 %, 3 %, 35284 MiB, 82.18 W
2026/09/11 17:42:31.614, 0, 94 %, 5 %, 35285 MiB, 80.12 W
2026/09/11 17:42:31.614, 1, 98 %, 6 %, 35285 MiB, 77.41 W
2026/09/11 17:42:31.614, 2, 93 %, 3 %, 35284 MiB, 81.84 W
2026/09/11 17:42:36.614, 0, 95 %, 5 %, 35285 MiB, 84.87 W
2026/09/11 17:42:36.615, 1, 98 %, 3 %, 35285 MiB, 78.26 W
2026/09/11 17:42:36.615, 2, 94 %, 4 %, 35284 MiB, 79.18 W
2026/09/11 17:42:41.617, 0, 97 %, 5 %, 35285 MiB, 83.05 W
2026/09/11 17:42:41.618, 1, 95 %, 3 %, 35285 MiB, 78.93 W
2026/09/11 17:42:41.618, 2, 96 %, 11 %, 35284 MiB, 93.93 W
2026/09/11 17:42:46.618, 0, 97 %, 6 %, 35285 MiB, 83.09 W
2026/09/11 17:42:46.618, 1, 99 %, 6 %, 35285 MiB, 80.29 W
2026/09/11 17:42:46.618, 2, 80 %, 6 %, 35284 MiB, 69.04 W
2026/09/11 17:42:51.620, 0, 0 %, 0 %, 35285 MiB, 37.81 W
2026/09/11 17:42:51.620, 1, 0 %, 0 %, 35285 MiB, 37.28 W
2026/09/11 17:42:51.620, 2, 0 %, 0 %, 35284 MiB, 37.95 W
2026/09/11 17:42:56.621, 0, 0 %, 0 %, 35285 MiB, 37.51 W
2026/09/11 17:42:56.621, 1, 0 %, 0 %, 35285 MiB, 36.98 W
2026/09/11 17:42:56.621, 2, 0 %, 0 %, 35284 MiB, 37.65 W
2026/09/11 17:43:01.623, 0, 0 %, 0 %, 35285 MiB, 37.42 W
2026/09/11 17:43:01.623, 1, 0 %, 0 %, 35285 MiB, 36.79 W
2026/09/11 17:43:01.623, 2, 0 %, 0 %, 35284 MiB, 37.65 W
2026/09/11 17:43:06.625, 0, 0 %, 0 %, 35285 MiB, 37.32 W
2026/09/11 17:43:06.625, 1, 0 %, 0 %, 35285 MiB, 36.68 W
2026/09/11 17:43:06.625, 2, 4 %, 0 %, 35284 MiB, 37.46 W
2026/09/11 17:43:11.627, 0, 0 %, 0 %, 35285 MiB, 37.12 W
2026/09/11 17:43:11.627, 1, 0 %, 0 %, 35285 MiB, 36.59 W
2026/09/11 17:43:11.627, 2, 0 %, 0 %, 35284 MiB, 37.26 W
2026/09/11 17:43:16.632, 0, 0 %, 0 %, 35285 MiB, 37.12 W
2026/09/11 17:43:16.633, 1, 0 %, 0 %, 35285 MiB, 36.60 W
2026/09/11 17:43:16.633, 2, 0 %, 0 %, 35284 MiB, 37.46 W
2026/09/11 17:43:21.639, 0, 5 %, 0 %, 35285 MiB, 36.82 W
2026/09/11 17:43:21.639, 1, 0 %, 0 %, 35285 MiB, 36.39 W
2026/09/11 17:43:21.639, 2, 6 %, 0 %, 35284 MiB, 37.26 W
2026/09/11 17:43:26.643, 0, 0 %, 0 %, 35285 MiB, 36.62 W
2026/09/11 17:43:26.644, 1, 0 %, 0 %, 35285 MiB, 36.29 W
2026/09/11 17:43:26.644, 2, 0 %, 0 %, 35284 MiB, 36.97 W
2026/09/11 17:43:31.644, 0, 0 %, 0 %, 35285 MiB, 36.62 W
2026/09/11 17:43:31.644, 1, 0 %, 0 %, 35285 MiB, 36.29 W
2026/09/11 17:43:31.644, 2, 0 %, 0 %, 35284 MiB, 36.97 W
2026/09/11 17:43:36.646, 0, 0 %, 0 %, 35285 MiB, 36.52 W
2026/09/11 17:43:36.646, 1, 0 %, 0 %, 35285 MiB, 36.39 W
2026/09/11 17:43:36.646, 2, 2 %, 0 %, 35284 MiB, 37.07 W
2026/09/11 17:43:41.647, 0, 1 %, 0 %, 35285 MiB, 37.79 W
2026/09/11 17:43:41.648, 1, 3 %, 0 %, 35285 MiB, 36.49 W
2026/09/11 17:43:41.648, 2, 0 %, 0 %, 35284 MiB, 37.55 W
2026/09/11 17:43:46.653, 0, 0 %, 0 %, 35285 MiB, 36.72 W
2026/09/11 17:43:46.653, 1, 0 %, 0 %, 35285 MiB, 36.20 W
2026/09/11 17:43:46.653, 2, 4 %, 0 %, 35284 MiB, 36.77 W
2026/09/11 17:43:51.655, 0, 0 %, 0 %, 35285 MiB, 36.43 W
2026/09/11 17:43:51.655, 1, 0 %, 0 %, 35285 MiB, 36.01 W
2026/09/11 17:43:51.655, 2, 0 %, 0 %, 35284 MiB, 36.77 W
2026/09/11 17:43:56.656, 0, 2 %, 0 %, 35285 MiB, 36.33 W
2026/09/11 17:43:56.656, 1, 5 %, 0 %, 35285 MiB, 36.11 W
2026/09/11 17:43:56.656, 2, 5 %, 0 %, 35284 MiB, 36.87 W
2026/09/11 17:44:01.657, 0, 0 %, 0 %, 35285 MiB, 36.24 W
2026/09/11 17:44:01.657, 1, 0 %, 0 %, 35285 MiB, 35.63 W
2026/09/11 17:44:01.657, 2, 0 %, 0 %, 35284 MiB, 36.77 W
2026/09/11 17:44:06.659, 0, 0 %, 0 %, 35285 MiB, 36.54 W
2026/09/11 17:44:06.659, 1, 6 %, 0 %, 35285 MiB, 36.31 W
2026/09/11 17:44:06.659, 2, 2 %, 0 %, 35284 MiB, 36.77 W
2026/09/11 17:44:11.660, 0, 20 %, 0 %, 35285 MiB, 40.57 W
2026/09/11 17:44:11.660, 1, 0 %, 0 %, 35285 MiB, 36.29 W
2026/09/11 17:44:11.660, 2, 27 %, 0 %, 35284 MiB, 36.97 W
2026/09/11 17:44:16.661, 0, 0 %, 0 %, 35285 MiB, 37.71 W
2026/09/11 17:44:16.661, 1, 0 %, 0 %, 35285 MiB, 36.11 W
2026/09/11 17:44:16.661, 2, 8 %, 0 %, 35284 MiB, 36.68 W
2026/09/11 17:44:21.662, 0, 10 %, 0 %, 35285 MiB, 40.37 W
2026/09/11 17:44:21.663, 1, 15 %, 0 %, 35285 MiB, 38.28 W
2026/09/11 17:44:21.663, 2, 23 %, 0 %, 35284 MiB, 36.68 W
2026/09/11 17:44:26.667, 0, 10 %, 0 %, 35285 MiB, 38.99 W
2026/09/11 17:44:26.667, 1, 0 %, 0 %, 35285 MiB, 36.30 W
2026/09/11 17:44:26.667, 2, 8 %, 0 %, 35284 MiB, 41.03 W
2026/09/11 17:44:31.674, 0, 0 %, 0 %, 35285 MiB, 36.14 W
2026/09/11 17:44:31.674, 1, 0 %, 0 %, 35285 MiB, 36.10 W
2026/09/11 17:44:31.674, 2, 26 %, 0 %, 35284 MiB, 36.47 W
2026/09/11 17:44:36.675, 0, 0 %, 0 %, 35285 MiB, 37.42 W
2026/09/11 17:44:36.675, 1, 14 %, 0 %, 35285 MiB, 35.61 W
2026/09/11 17:44:36.675, 2, 15 %, 0 %, 35284 MiB, 36.46 W
2026/09/11 17:44:41.675, 0, 35 %, 1 %, 35285 MiB, 36.34 W
2026/09/11 17:44:41.676, 1, 0 %, 0 %, 35285 MiB, 41.24 W
2026/09/11 17:44:41.676, 2, 0 %, 0 %, 35284 MiB, 36.78 W
2026/09/11 17:44:46.676, 0, 14 %, 0 %, 35285 MiB, 36.14 W
2026/09/11 17:44:46.676, 1, 26 %, 0 %, 35285 MiB, 35.62 W
2026/09/11 17:44:46.677, 2, 14 %, 0 %, 35284 MiB, 36.68 W
2026/09/11 17:44:51.677, 0, 0 %, 0 %, 35285 MiB, 36.34 W
2026/09/11 17:44:51.677, 1, 10 %, 0 %, 35285 MiB, 35.62 W
2026/09/11 17:44:51.678, 2, 0 %, 0 %, 35284 MiB, 37.17 W
2026/09/11 17:44:56.679, 0, 10 %, 0 %, 35285 MiB, 36.64 W
2026/09/11 17:44:56.679, 1, 4 %, 0 %, 35285 MiB, 43.11 W
2026/09/11 17:44:56.679, 2, 16 %, 0 %, 35284 MiB, 36.87 W
2026/09/11 17:45:01.681, 0, 0 %, 0 %, 35285 MiB, 39.59 W
2026/09/11 17:45:01.681, 1, 29 %, 1 %, 35285 MiB, 35.62 W
2026/09/11 17:45:01.681, 2, 0 %, 0 %, 35284 MiB, 39.82 W
2026/09/11 17:45:06.682, 0, 0 %, 0 %, 35285 MiB, 38.71 W
2026/09/11 17:45:06.683, 1, 12 %, 0 %, 35285 MiB, 35.62 W
2026/09/11 17:45:06.683, 2, 15 %, 0 %, 35284 MiB, 36.36 W
2026/09/11 17:45:11.683, 0, 0 %, 0 %, 35285 MiB, 38.21 W
2026/09/11 17:45:11.684, 1, 12 %, 0 %, 35285 MiB, 35.71 W
2026/09/11 17:45:11.684, 2, 10 %, 0 %, 35284 MiB, 36.47 W
2026/09/11 17:45:16.684, 0, 0 %, 0 %, 35285 MiB, 36.35 W
2026/09/11 17:45:16.685, 1, 0 %, 0 %, 35285 MiB, 35.33 W
2026/09/11 17:45:16.685, 2, 16 %, 0 %, 35284 MiB, 36.37 W
2026/09/11 17:45:21.685, 0, 0 %, 0 %, 35285 MiB, 36.16 W
2026/09/11 17:45:21.685, 1, 0 %, 0 %, 35285 MiB, 35.22 W
2026/09/11 17:45:21.686, 2, 10 %, 0 %, 35284 MiB, 36.57 W
2026/09/11 17:45:26.686, 0, 0 %, 0 %, 35285 MiB, 36.16 W
2026/09/11 17:45:26.686, 1, 0 %, 0 %, 35285 MiB, 35.33 W
2026/09/11 17:45:26.686, 2, 0 %, 0 %, 35284 MiB, 36.38 W
2026/09/11 17:45:31.687, 0, 0 %, 0 %, 35285 MiB, 36.06 W
2026/09/11 17:45:31.687, 1, 0 %, 0 %, 35285 MiB, 35.31 W
2026/09/11 17:45:31.687, 2, 4 %, 0 %, 35284 MiB, 36.19 W
2026/09/11 17:45:36.687, 0, 0 %, 0 %, 35285 MiB, 35.96 W
2026/09/11 17:45:36.688, 1, 0 %, 0 %, 35285 MiB, 35.32 W
2026/09/11 17:45:36.688, 2, 10 %, 0 %, 35284 MiB, 36.19 W
2026/09/11 17:45:41.688, 0, 0 %, 0 %, 35285 MiB, 35.85 W
2026/09/11 17:45:41.688, 1, 0 %, 0 %, 35285 MiB, 35.23 W
2026/09/11 17:45:41.688, 2, 0 %, 0 %, 35284 MiB, 37.28 W
2026/09/11 17:45:46.689, 0, 0 %, 0 %, 35285 MiB, 35.86 W
2026/09/11 17:45:46.689, 1, 0 %, 0 %, 35285 MiB, 35.34 W
2026/09/11 17:45:46.689, 2, 0 %, 0 %, 35284 MiB, 36.19 W
2026/09/11 17:45:51.690, 0, 0 %, 0 %, 35285 MiB, 35.96 W
2026/09/11 17:45:51.690, 1, 0 %, 0 %, 35285 MiB, 35.34 W
2026/09/11 17:45:51.690, 2, 0 %, 0 %, 35284 MiB, 36.19 W
2026/09/11 17:45:56.691, 0, 0 %, 0 %, 35285 MiB, 36.26 W
2026/09/11 17:45:56.691, 1, 0 %, 0 %, 35285 MiB, 35.33 W
2026/09/11 17:45:56.691, 2, 0 %, 0 %, 35284 MiB, 36.38 W
2026/09/11 17:46:01.692, 0, 0 %, 0 %, 35285 MiB, 35.86 W
2026/09/11 17:46:01.692, 1, 0 %, 0 %, 35285 MiB, 35.54 W
2026/09/11 17:46:01.692, 2, 0 %, 0 %, 35284 MiB, 36.19 W
2026/09/11 17:46:06.694, 0, 93 %, 3 %, 35285 MiB, 84.31 W
2026/09/11 17:46:06.694, 1, 91 %, 3 %, 35285 MiB, 81.24 W
2026/09/11 17:46:06.694, 2, 88 %, 3 %, 35284 MiB, 80.06 W
2026/09/11 17:46:11.695, 0, 91 %, 3 %, 35285 MiB, 85.83 W
2026/09/11 17:46:11.695, 1, 87 %, 3 %, 35285 MiB, 86.57 W
2026/09/11 17:46:11.695, 2, 93 %, 3 %, 35284 MiB, 83.61 W
2026/09/11 17:46:16.696, 0, 93 %, 3 %, 35285 MiB, 83.29 W
2026/09/11 17:46:16.696, 1, 94 %, 5 %, 35285 MiB, 77.49 W
2026/09/11 17:46:16.696, 2, 88 %, 3 %, 35284 MiB, 81.85 W
2026/09/11 17:46:21.696, 0, 93 %, 3 %, 35285 MiB, 83.79 W
2026/09/11 17:46:21.697, 1, 92 %, 3 %, 35285 MiB, 82.69 W
2026/09/11 17:46:21.697, 2, 90 %, 3 %, 35284 MiB, 79.95 W
2026/09/11 17:46:26.699, 0, 92 %, 3 %, 35285 MiB, 85.34 W
2026/09/11 17:46:26.699, 1, 92 %, 3 %, 35285 MiB, 81.53 W
2026/09/11 17:46:26.699, 2, 90 %, 3 %, 35284 MiB, 83.63 W
2026/09/11 17:46:31.699, 0, 93 %, 3 %, 35285 MiB, 85.08 W
2026/09/11 17:46:31.699, 1, 91 %, 3 %, 35285 MiB, 80.08 W
2026/09/11 17:46:31.700, 2, 87 %, 3 %, 35284 MiB, 78.62 W
2026/09/11 17:46:36.700, 0, 93 %, 3 %, 35285 MiB, 89.69 W
2026/09/11 17:46:36.700, 1, 88 %, 3 %, 35285 MiB, 84.07 W
2026/09/11 17:46:36.700, 2, 89 %, 3 %, 35284 MiB, 82.77 W
2026/09/11 17:46:41.701, 0, 94 %, 3 %, 35285 MiB, 86.52 W
2026/09/11 17:46:41.701, 1, 89 %, 3 %, 35285 MiB, 78.28 W
2026/09/11 17:46:41.701, 2, 90 %, 3 %, 35284 MiB, 81.31 W
2026/09/11 17:46:46.702, 0, 92 %, 3 %, 35285 MiB, 83.58 W
2026/09/11 17:46:46.702, 1, 91 %, 3 %, 35285 MiB, 84.21 W
2026/09/11 17:46:46.702, 2, 91 %, 3 %, 35284 MiB, 80.62 W
2026/09/11 17:46:51.702, 0, 92 %, 5 %, 35285 MiB, 85.39 W
2026/09/11 17:46:51.703, 1, 90 %, 3 %, 35285 MiB, 82.01 W
2026/09/11 17:46:51.703, 2, 92 %, 3 %, 35284 MiB, 80.04 W
2026/09/11 17:46:56.703, 0, 93 %, 5 %, 35285 MiB, 83.19 W
2026/09/11 17:46:56.704, 1, 92 %, 3 %, 35285 MiB, 81.13 W
2026/09/11 17:46:56.704, 2, 90 %, 3 %, 35284 MiB, 76.48 W
2026/09/11 17:47:01.705, 0, 93 %, 3 %, 35285 MiB, 84.56 W
2026/09/11 17:47:01.705, 1, 87 %, 3 %, 35285 MiB, 82.80 W
2026/09/11 17:47:01.705, 2, 90 %, 3 %, 35284 MiB, 81.72 W
2026/09/11 17:47:06.706, 0, 91 %, 3 %, 35285 MiB, 130.44 W
2026/09/11 17:47:06.706, 1, 93 %, 5 %, 35285 MiB, 82.52 W
2026/09/11 17:47:06.706, 2, 88 %, 3 %, 35284 MiB, 84.79 W
2026/09/11 17:47:11.711, 0, 92 %, 3 %, 35285 MiB, 83.00 W
2026/09/11 17:47:11.711, 1, 89 %, 3 %, 35285 MiB, 81.67 W
2026/09/11 17:47:11.712, 2, 91 %, 4 %, 35284 MiB, 81.14 W
2026/09/11 17:47:16.712, 0, 95 %, 3 %, 35285 MiB, 84.93 W
2026/09/11 17:47:16.712, 1, 91 %, 3 %, 35285 MiB, 82.46 W
2026/09/11 17:47:16.712, 2, 90 %, 3 %, 35284 MiB, 82.57 W
2026/09/11 17:47:21.713, 0, 92 %, 3 %, 35285 MiB, 84.73 W
2026/09/11 17:47:21.713, 1, 86 %, 3 %, 35285 MiB, 79.83 W
2026/09/11 17:47:21.713, 2, 91 %, 3 %, 35284 MiB, 83.47 W
2026/09/11 17:47:26.714, 0, 94 %, 6 %, 35285 MiB, 82.21 W
2026/09/11 17:47:26.714, 1, 91 %, 3 %, 35285 MiB, 80.26 W
2026/09/11 17:47:26.714, 2, 94 %, 3 %, 35284 MiB, 82.18 W
2026/09/11 17:47:31.714, 0, 98 %, 11 %, 35285 MiB, 82.10 W
2026/09/11 17:47:31.714, 1, 95 %, 6 %, 35285 MiB, 83.63 W
2026/09/11 17:47:31.714, 2, 93 %, 3 %, 35284 MiB, 81.74 W
2026/09/11 17:47:36.715, 0, 97 %, 6 %, 35285 MiB, 80.95 W
2026/09/11 17:47:36.715, 1, 95 %, 5 %, 35285 MiB, 77.80 W
2026/09/11 17:47:36.715, 2, 92 %, 7 %, 35284 MiB, 82.16 W
2026/09/11 17:47:41.715, 0, 96 %, 6 %, 35285 MiB, 119.98 W
2026/09/11 17:47:41.715, 1, 95 %, 5 %, 35285 MiB, 79.75 W
2026/09/11 17:47:41.715, 2, 93 %, 3 %, 35284 MiB, 83.26 W
2026/09/11 17:47:46.717, 0, 97 %, 5 %, 35285 MiB, 82.31 W
2026/09/11 17:47:46.717, 1, 94 %, 3 %, 35285 MiB, 76.79 W
2026/09/11 17:47:46.717, 2, 92 %, 4 %, 35284 MiB, 83.36 W
2026/09/11 17:47:51.717, 0, 95 %, 6 %, 35285 MiB, 91.49 W
2026/09/11 17:47:51.718, 1, 94 %, 5 %, 35285 MiB, 114.07 W
2026/09/11 17:47:51.718, 2, 96 %, 3 %, 35284 MiB, 81.39 W
2026/09/11 17:47:56.718, 0, 94 %, 5 %, 35285 MiB, 83.25 W
2026/09/11 17:47:56.718, 1, 94 %, 3 %, 35285 MiB, 76.34 W
2026/09/11 17:47:56.718, 2, 91 %, 3 %, 35284 MiB, 82.02 W
2026/09/11 17:48:01.719, 0, 95 %, 5 %, 35285 MiB, 81.09 W
2026/09/11 17:48:01.719, 1, 95 %, 5 %, 35285 MiB, 77.79 W
2026/09/11 17:48:01.719, 2, 94 %, 3 %, 35284 MiB, 107.83 W
2026/09/11 17:48:06.720, 0, 94 %, 3 %, 35285 MiB, 81.46 W
2026/09/11 17:48:06.720, 1, 97 %, 3 %, 35285 MiB, 77.27 W
2026/09/11 17:48:06.720, 2, 98 %, 8 %, 35284 MiB, 81.43 W
2026/09/11 17:48:11.721, 0, 0 %, 0 %, 35285 MiB, 58.41 W
2026/09/11 17:48:11.721, 1, 32 %, 1 %, 35285 MiB, 63.53 W
2026/09/11 17:48:11.721, 2, 0 %, 0 %, 35284 MiB, 59.41 W
2026/09/11 17:48:16.722, 0, 0 %, 0 %, 35285 MiB, 37.61 W
2026/09/11 17:48:16.722, 1, 0 %, 0 %, 35285 MiB, 37.19 W
2026/09/11 17:48:16.722, 2, 0 %, 0 %, 35284 MiB, 37.85 W
2026/09/11 17:48:21.728, 0, 0 %, 0 %, 35285 MiB, 37.42 W
2026/09/11 17:48:21.728, 1, 0 %, 0 %, 35285 MiB, 37.09 W
2026/09/11 17:48:21.728, 2, 0 %, 0 %, 35284 MiB, 37.65 W
2026/09/11 17:48:26.729, 0, 0 %, 0 %, 35285 MiB, 37.42 W
2026/09/11 17:48:26.730, 1, 0 %, 0 %, 35285 MiB, 37.00 W
2026/09/11 17:48:26.730, 2, 0 %, 0 %, 35284 MiB, 37.65 W
2026/09/11 17:48:31.730, 0, 8 %, 1 %, 35285 MiB, 37.22 W
2026/09/11 17:48:31.730, 1, 0 %, 0 %, 35285 MiB, 36.98 W
2026/09/11 17:48:31.730, 2, 87 %, 1 %, 35284 MiB, 61.58 W
2026/09/11 17:48:36.731, 0, 0 %, 0 %, 35285 MiB, 37.01 W
2026/09/11 17:48:36.731, 1, 0 %, 0 %, 35285 MiB, 36.59 W
2026/09/11 17:48:36.731, 2, 0 %, 0 %, 35284 MiB, 37.36 W
2026/09/11 17:48:41.733, 0, 0 %, 0 %, 35285 MiB, 36.82 W
2026/09/11 17:48:41.733, 1, 0 %, 0 %, 35285 MiB, 36.50 W
2026/09/11 17:48:41.733, 2, 0 %, 0 %, 35284 MiB, 37.36 W
2026/09/11 17:48:46.735, 0, 0 %, 0 %, 35285 MiB, 37.03 W
2026/09/11 17:48:46.735, 1, 0 %, 0 %, 35285 MiB, 36.49 W
2026/09/11 17:48:46.735, 2, 0 %, 0 %, 35284 MiB, 37.26 W
2026/09/11 17:48:51.739, 0, 1 %, 0 %, 35285 MiB, 37.51 W
2026/09/11 17:48:51.739, 1, 0 %, 0 %, 35285 MiB, 36.59 W
2026/09/11 17:48:51.739, 2, 0 %, 0 %, 35284 MiB, 37.17 W
2026/09/11 17:48:56.740, 0, 0 %, 0 %, 35285 MiB, 36.53 W
2026/09/11 17:48:56.741, 1, 0 %, 0 %, 35285 MiB, 36.21 W
2026/09/11 17:48:56.741, 2, 0 %, 0 %, 35284 MiB, 36.97 W
2026/09/11 17:49:01.750, 0, 0 %, 0 %, 35285 MiB, 36.52 W
2026/09/11 17:49:01.750, 1, 4 %, 0 %, 35285 MiB, 38.96 W
2026/09/11 17:49:01.750, 2, 0 %, 0 %, 35284 MiB, 36.87 W
2026/09/11 17:49:06.751, 0, 0 %, 0 %, 35285 MiB, 36.62 W
2026/09/11 17:49:06.752, 1, 0 %, 0 %, 35285 MiB, 36.20 W
2026/09/11 17:49:06.752, 2, 5 %, 0 %, 35284 MiB, 36.97 W
2026/09/11 17:49:11.752, 0, 0 %, 0 %, 35285 MiB, 36.33 W
2026/09/11 17:49:11.753, 1, 0 %, 0 %, 35285 MiB, 36.10 W
2026/09/11 17:49:11.753, 2, 0 %, 0 %, 35284 MiB, 36.77 W
2026/09/11 17:49:16.754, 0, 0 %, 0 %, 35285 MiB, 36.23 W
2026/09/11 17:49:16.754, 1, 0 %, 0 %, 35285 MiB, 36.39 W
2026/09/11 17:49:16.754, 2, 0 %, 0 %, 35284 MiB, 36.77 W
2026/09/11 17:49:21.755, 0, 5 %, 0 %, 35285 MiB, 36.23 W
2026/09/11 17:49:21.756, 1, 0 %, 0 %, 35285 MiB, 36.10 W
2026/09/11 17:49:21.756, 2, 0 %, 0 %, 35284 MiB, 56.23 W
2026/09/11 17:49:26.756, 0, 0 %, 0 %, 35285 MiB, 36.34 W
2026/09/11 17:49:26.757, 1, 0 %, 0 %, 35285 MiB, 35.81 W
2026/09/11 17:49:26.757, 2, 0 %, 0 %, 35284 MiB, 36.79 W
2026/09/11 17:49:31.758, 0, 21 %, 0 %, 35285 MiB, 36.44 W
2026/09/11 17:49:31.758, 1, 39 %, 1 %, 35285 MiB, 35.91 W
2026/09/11 17:49:31.758, 2, 10 %, 0 %, 35284 MiB, 41.84 W
2026/09/11 17:49:36.759, 0, 22 %, 0 %, 35285 MiB, 36.33 W
2026/09/11 17:49:36.759, 1, 0 %, 0 %, 35285 MiB, 36.59 W
2026/09/11 17:49:36.759, 2, 0 %, 0 %, 35284 MiB, 38.95 W
2026/09/11 17:49:41.761, 0, 10 %, 0 %, 35285 MiB, 37.61 W
2026/09/11 17:49:41.761, 1, 10 %, 0 %, 35285 MiB, 36.29 W
2026/09/11 17:49:41.761, 2, 15 %, 0 %, 35284 MiB, 37.36 W
2026/09/11 17:49:46.762, 0, 11 %, 0 %, 35285 MiB, 37.42 W
2026/09/11 17:49:46.762, 1, 18 %, 0 %, 35285 MiB, 40.95 W
2026/09/11 17:49:46.763, 2, 16 %, 0 %, 35284 MiB, 36.57 W
2026/09/11 17:49:51.764, 0, 16 %, 0 %, 35285 MiB, 36.82 W
2026/09/11 17:49:51.764, 1, 4 %, 0 %, 35285 MiB, 42.44 W
2026/09/11 17:49:51.764, 2, 3 %, 0 %, 35284 MiB, 38.04 W
2026/09/11 17:49:56.766, 0, 0 %, 0 %, 35285 MiB, 45.23 W
2026/09/11 17:49:56.766, 1, 25 %, 0 %, 35285 MiB, 36.30 W
2026/09/11 17:49:56.766, 2, 4 %, 0 %, 35284 MiB, 38.84 W
2026/09/11 17:50:01.767, 0, 10 %, 0 %, 35285 MiB, 36.23 W
2026/09/11 17:50:01.767, 1, 14 %, 0 %, 35285 MiB, 35.52 W
2026/09/11 17:50:01.768, 2, 28 %, 1 %, 35284 MiB, 36.57 W
2026/09/11 17:50:06.768, 0, 8 %, 0 %, 35285 MiB, 39.30 W
2026/09/11 17:50:06.769, 1, 10 %, 0 %, 35285 MiB, 42.92 W
2026/09/11 17:50:06.769, 2, 18 %, 0 %, 35284 MiB, 36.47 W
2026/09/11 17:50:11.769, 0, 0 %, 0 %, 35285 MiB, 36.14 W
2026/09/11 17:50:11.770, 1, 0 %, 0 %, 35285 MiB, 35.62 W
2026/09/11 17:50:11.770, 2, 16 %, 0 %, 35284 MiB, 36.26 W
2026/09/11 17:50:16.770, 0, 11 %, 0 %, 35285 MiB, 36.34 W
2026/09/11 17:50:16.770, 1, 16 %, 0 %, 35285 MiB, 35.62 W
2026/09/11 17:50:16.770, 2, 0 %, 0 %, 35284 MiB, 37.47 W
2026/09/11 17:50:21.772, 0, 16 %, 0 %, 35285 MiB, 40.99 W
2026/09/11 17:50:21.772, 1, 21 %, 0 %, 35285 MiB, 35.53 W
2026/09/11 17:50:21.772, 2, 16 %, 0 %, 35284 MiB, 39.74 W
2026/09/11 17:50:26.773, 0, 4 %, 0 %, 35285 MiB, 36.13 W
2026/09/11 17:50:26.774, 1, 26 %, 0 %, 35285 MiB, 35.51 W
2026/09/11 17:50:26.774, 2, 13 %, 0 %, 35284 MiB, 36.36 W
2026/09/11 17:50:31.774, 0, 0 %, 0 %, 35285 MiB, 40.88 W
2026/09/11 17:50:31.775, 1, 8 %, 0 %, 35285 MiB, 36.59 W
2026/09/11 17:50:31.775, 2, 19 %, 0 %, 35284 MiB, 43.68 W
2026/09/11 17:50:36.776, 0, 0 %, 0 %, 35285 MiB, 36.13 W
2026/09/11 17:50:36.776, 1, 1 %, 0 %, 35285 MiB, 35.52 W
2026/09/11 17:50:36.776, 2, 22 %, 0 %, 35284 MiB, 36.36 W
2026/09/11 17:50:41.777, 0, 0 %, 0 %, 35285 MiB, 36.06 W
2026/09/11 17:50:41.777, 1, 3 %, 0 %, 35285 MiB, 35.62 W
2026/09/11 17:50:41.777, 2, 0 %, 0 %, 35284 MiB, 36.27 W
2026/09/11 17:50:46.779, 0, 0 %, 0 %, 35285 MiB, 36.06 W
2026/09/11 17:50:46.779, 1, 0 %, 0 %, 35285 MiB, 35.33 W
2026/09/11 17:50:46.779, 2, 16 %, 0 %, 35284 MiB, 36.37 W
2026/09/11 17:50:51.780, 0, 8 %, 0 %, 35285 MiB, 36.23 W
2026/09/11 17:50:51.780, 1, 0 %, 0 %, 35285 MiB, 35.42 W
2026/09/11 17:50:51.780, 2, 0 %, 0 %, 35284 MiB, 36.36 W
2026/09/11 17:50:56.781, 0, 0 %, 0 %, 35285 MiB, 36.06 W
2026/09/11 17:50:56.781, 1, 0 %, 0 %, 35285 MiB, 35.44 W
2026/09/11 17:50:56.781, 2, 0 %, 0 %, 35284 MiB, 36.38 W
2026/09/11 17:51:01.781, 0, 1 %, 0 %, 35285 MiB, 36.06 W
2026/09/11 17:51:01.781, 1, 0 %, 0 %, 35285 MiB, 35.23 W
2026/09/11 17:51:01.781, 2, 0 %, 0 %, 35284 MiB, 36.28 W
2026/09/11 17:51:06.782, 0, 0 %, 0 %, 35285 MiB, 36.06 W
2026/09/11 17:51:06.782, 1, 0 %, 0 %, 35285 MiB, 35.53 W
2026/09/11 17:51:06.782, 2, 0 %, 0 %, 35284 MiB, 36.09 W
2026/09/11 17:51:11.783, 0, 90 %, 3 %, 35285 MiB, 83.25 W
2026/09/11 17:51:11.783, 1, 94 %, 4 %, 35285 MiB, 79.36 W
2026/09/11 17:51:11.783, 2, 91 %, 3 %, 35284 MiB, 80.04 W
2026/09/11 17:51:16.783, 0, 88 %, 3 %, 35285 MiB, 83.60 W
2026/09/11 17:51:16.784, 1, 89 %, 5 %, 35285 MiB, 77.79 W
2026/09/11 17:51:16.784, 2, 85 %, 3 %, 35284 MiB, 80.85 W
2026/09/11 17:51:21.784, 0, 91 %, 3 %, 35285 MiB, 80.29 W
2026/09/11 17:51:21.784, 1, 94 %, 3 %, 35285 MiB, 77.90 W
2026/09/11 17:51:21.784, 2, 90 %, 3 %, 35284 MiB, 81.31 W
2026/09/11 17:51:26.784, 0, 90 %, 3 %, 35285 MiB, 83.66 W
2026/09/11 17:51:26.785, 1, 91 %, 3 %, 35285 MiB, 79.42 W
2026/09/11 17:51:26.785, 2, 90 %, 3 %, 35284 MiB, 80.36 W
2026/09/11 17:51:31.785, 0, 91 %, 4 %, 35285 MiB, 84.92 W
2026/09/11 17:51:31.786, 1, 89 %, 3 %, 35285 MiB, 83.75 W
2026/09/11 17:51:31.786, 2, 91 %, 3 %, 35284 MiB, 80.85 W
2026/09/11 17:51:36.786, 0, 92 %, 3 %, 35285 MiB, 82.72 W
2026/09/11 17:51:36.786, 1, 87 %, 3 %, 35285 MiB, 82.05 W
2026/09/11 17:51:36.786, 2, 92 %, 5 %, 35284 MiB, 84.33 W
2026/09/11 17:51:41.787, 0, 91 %, 3 %, 35285 MiB, 86.11 W
2026/09/11 17:51:41.787, 1, 96 %, 3 %, 35285 MiB, 83.16 W
2026/09/11 17:51:41.787, 2, 91 %, 3 %, 35284 MiB, 83.98 W
2026/09/11 17:51:46.788, 0, 92 %, 3 %, 35285 MiB, 87.12 W
2026/09/11 17:51:46.788, 1, 90 %, 3 %, 35285 MiB, 84.30 W
2026/09/11 17:51:46.788, 2, 92 %, 6 %, 35284 MiB, 85.49 W
2026/09/11 17:51:51.789, 0, 89 %, 3 %, 35285 MiB, 85.90 W
2026/09/11 17:51:51.789, 1, 89 %, 3 %, 35285 MiB, 80.65 W
2026/09/11 17:51:51.789, 2, 91 %, 3 %, 35284 MiB, 83.76 W
2026/09/11 17:51:56.789, 0, 93 %, 3 %, 35285 MiB, 86.63 W
2026/09/11 17:51:56.790, 1, 92 %, 5 %, 35285 MiB, 81.80 W
2026/09/11 17:51:56.790, 2, 92 %, 3 %, 35284 MiB, 82.94 W
2026/09/11 17:52:01.790, 0, 88 %, 3 %, 35285 MiB, 81.07 W
2026/09/11 17:52:01.791, 1, 88 %, 3 %, 35285 MiB, 81.43 W
2026/09/11 17:52:01.791, 2, 90 %, 3 %, 35284 MiB, 135.96 W
2026/09/11 17:52:06.791, 0, 91 %, 3 %, 35285 MiB, 81.93 W
2026/09/11 17:52:06.791, 1, 90 %, 3 %, 35285 MiB, 88.24 W
2026/09/11 17:52:06.791, 2, 89 %, 3 %, 35284 MiB, 83.63 W
2026/09/11 17:52:11.792, 0, 92 %, 5 %, 35285 MiB, 88.62 W
2026/09/11 17:52:11.792, 1, 95 %, 5 %, 35285 MiB, 83.00 W
2026/09/11 17:52:11.792, 2, 94 %, 5 %, 35284 MiB, 81.73 W
2026/09/11 17:52:16.793, 0, 93 %, 5 %, 35285 MiB, 84.58 W
2026/09/11 17:52:16.793, 1, 91 %, 3 %, 35285 MiB, 78.86 W
2026/09/11 17:52:16.793, 2, 90 %, 3 %, 35284 MiB, 84.33 W
2026/09/11 17:52:21.794, 0, 93 %, 3 %, 35285 MiB, 82.60 W
2026/09/11 17:52:21.794, 1, 93 %, 5 %, 35285 MiB, 82.19 W
2026/09/11 17:52:21.794, 2, 90 %, 3 %, 35284 MiB, 85.74 W
2026/09/11 17:52:26.794, 0, 95 %, 3 %, 35285 MiB, 82.77 W
2026/09/11 17:52:26.795, 1, 91 %, 3 %, 35285 MiB, 98.25 W
2026/09/11 17:52:26.795, 2, 90 %, 4 %, 35284 MiB, 86.36 W
2026/09/11 17:52:31.795, 0, 92 %, 5 %, 35285 MiB, 93.03 W
2026/09/11 17:52:31.795, 1, 96 %, 3 %, 35285 MiB, 80.88 W
2026/09/11 17:52:31.795, 2, 93 %, 5 %, 35284 MiB, 87.05 W
2026/09/11 17:52:36.796, 0, 93 %, 3 %, 35285 MiB, 83.21 W
2026/09/11 17:52:36.796, 1, 93 %, 3 %, 35285 MiB, 79.74 W
2026/09/11 17:52:36.796, 2, 96 %, 5 %, 35284 MiB, 82.03 W
2026/09/11 17:52:41.796, 0, 94 %, 5 %, 35285 MiB, 88.02 W
2026/09/11 17:52:41.797, 1, 95 %, 5 %, 35285 MiB, 77.64 W
2026/09/11 17:52:41.797, 2, 95 %, 5 %, 35284 MiB, 77.28 W
2026/09/11 17:52:46.797, 0, 95 %, 4 %, 35285 MiB, 80.14 W
2026/09/11 17:52:46.797, 1, 94 %, 5 %, 35285 MiB, 79.25 W
2026/09/11 17:52:46.798, 2, 96 %, 5 %, 35284 MiB, 81.22 W
2026/09/11 17:52:51.798, 0, 94 %, 3 %, 35285 MiB, 88.98 W
2026/09/11 17:52:51.798, 1, 92 %, 4 %, 35285 MiB, 76.53 W
2026/09/11 17:52:51.798, 2, 94 %, 6 %, 35284 MiB, 79.93 W
2026/09/11 17:52:56.799, 0, 96 %, 5 %, 35285 MiB, 81.31 W
2026/09/11 17:52:56.799, 1, 97 %, 3 %, 35285 MiB, 77.63 W
2026/09/11 17:52:56.799, 2, 95 %, 5 %, 35284 MiB, 83.35 W
2026/09/11 17:53:01.800, 0, 94 %, 5 %, 35285 MiB, 78.69 W
2026/09/11 17:53:01.800, 1, 97 %, 5 %, 35285 MiB, 78.09 W
2026/09/11 17:53:01.800, 2, 96 %, 5 %, 35284 MiB, 81.33 W
2026/09/11 17:53:06.801, 0, 98 %, 8 %, 35285 MiB, 80.85 W
2026/09/11 17:53:06.801, 1, 95 %, 3 %, 35285 MiB, 78.52 W
2026/09/11 17:53:06.801, 2, 96 %, 3 %, 35284 MiB, 80.31 W
2026/09/11 17:53:11.802, 0, 99 %, 5 %, 35285 MiB, 81.64 W
2026/09/11 17:53:11.802, 1, 96 %, 5 %, 35285 MiB, 78.80 W
2026/09/11 17:53:11.802, 2, 99 %, 6 %, 35284 MiB, 86.47 W
2026/09/11 17:53:16.803, 0, 0 %, 0 %, 35285 MiB, 38.49 W
2026/09/11 17:53:16.803, 1, 0 %, 0 %, 35285 MiB, 37.87 W
2026/09/11 17:53:16.803, 2, 0 %, 0 %, 35284 MiB, 58.91 W
2026/09/11 17:53:21.805, 0, 0 %, 0 %, 35285 MiB, 37.60 W
2026/09/11 17:53:21.805, 1, 0 %, 0 %, 35285 MiB, 36.98 W
2026/09/11 17:53:21.805, 2, 0 %, 0 %, 35284 MiB, 37.56 W
2026/09/11 17:53:26.807, 0, 0 %, 0 %, 35285 MiB, 37.51 W
2026/09/11 17:53:26.807, 1, 0 %, 0 %, 35285 MiB, 37.00 W
2026/09/11 17:53:26.807, 2, 0 %, 0 %, 35284 MiB, 37.46 W
2026/09/11 17:53:31.810, 0, 6 %, 1 %, 35285 MiB, 40.18 W
2026/09/11 17:53:31.810, 1, 0 %, 0 %, 35285 MiB, 36.79 W
2026/09/11 17:53:31.810, 2, 0 %, 0 %, 35284 MiB, 37.36 W
2026/09/11 17:53:36.812, 0, 0 %, 0 %, 35285 MiB, 36.93 W
2026/09/11 17:53:36.812, 1, 0 %, 0 %, 35285 MiB, 36.71 W
2026/09/11 17:53:36.812, 2, 0 %, 0 %, 35284 MiB, 37.07 W
2026/09/11 17:53:41.815, 0, 0 %, 0 %, 35285 MiB, 37.01 W
2026/09/11 17:53:41.815, 1, 0 %, 0 %, 35285 MiB, 36.50 W
2026/09/11 17:53:41.815, 2, 0 %, 0 %, 35284 MiB, 37.26 W
2026/09/11 17:53:46.816, 0, 0 %, 0 %, 35285 MiB, 37.01 W
2026/09/11 17:53:46.816, 1, 0 %, 0 %, 35285 MiB, 36.60 W
2026/09/11 17:53:46.816, 2, 22 %, 1 %, 35284 MiB, 57.43 W
2026/09/11 17:53:51.816, 0, 0 %, 0 %, 35285 MiB, 36.72 W
2026/09/11 17:53:51.817, 1, 0 %, 0 %, 35285 MiB, 36.49 W
2026/09/11 17:53:51.817, 2, 0 %, 0 %, 35284 MiB, 37.07 W
2026/09/11 17:53:56.818, 0, 0 %, 0 %, 35285 MiB, 36.62 W
2026/09/11 17:53:56.818, 1, 0 %, 0 %, 35285 MiB, 36.38 W
2026/09/11 17:53:56.818, 2, 0 %, 0 %, 35284 MiB, 37.07 W
2026/09/11 17:54:01.820, 0, 5 %, 0 %, 35285 MiB, 36.52 W
2026/09/11 17:54:01.820, 1, 0 %, 0 %, 35285 MiB, 36.29 W
2026/09/11 17:54:01.820, 2, 0 %, 0 %, 35284 MiB, 53.85 W
2026/09/11 17:54:06.822, 0, 0 %, 0 %, 35285 MiB, 36.53 W
2026/09/11 17:54:06.822, 1, 5 %, 0 %, 35285 MiB, 36.30 W
2026/09/11 17:54:06.822, 2, 0 %, 0 %, 35284 MiB, 36.97 W
2026/09/11 17:54:11.827, 0, 0 %, 0 %, 35285 MiB, 36.43 W
2026/09/11 17:54:11.827, 1, 1 %, 0 %, 35285 MiB, 42.72 W
2026/09/11 17:54:11.828, 2, 0 %, 0 %, 35284 MiB, 37.07 W
2026/09/11 17:54:16.828, 0, 0 %, 0 %, 35285 MiB, 36.52 W
2026/09/11 17:54:16.828, 1, 0 %, 0 %, 35285 MiB, 35.81 W
2026/09/11 17:54:16.828, 2, 0 %, 0 %, 35284 MiB, 36.97 W
2026/09/11 17:54:21.829, 0, 0 %, 0 %, 35285 MiB, 40.06 W
2026/09/11 17:54:21.829, 1, 0 %, 0 %, 35285 MiB, 35.81 W
2026/09/11 17:54:21.829, 2, 6 %, 0 %, 35284 MiB, 37.56 W
2026/09/11 17:54:26.830, 0, 0 %, 0 %, 35285 MiB, 36.45 W
2026/09/11 17:54:26.830, 1, 0 %, 0 %, 35285 MiB, 35.82 W
2026/09/11 17:54:26.831, 2, 0 %, 0 %, 35284 MiB, 36.80 W
2026/09/11 17:54:31.831, 0, 12 %, 0 %, 35285 MiB, 36.15 W
2026/09/11 17:54:31.832, 1, 10 %, 0 %, 35285 MiB, 35.82 W
2026/09/11 17:54:31.832, 2, 0 %, 0 %, 35284 MiB, 36.68 W
2026/09/11 17:54:36.832, 0, 0 %, 0 %, 35285 MiB, 36.44 W
2026/09/11 17:54:36.833, 1, 14 %, 0 %, 35285 MiB, 42.53 W
2026/09/11 17:54:36.833, 2, 2 %, 0 %, 35284 MiB, 37.36 W
2026/09/11 17:54:41.833, 0, 15 %, 0 %, 35285 MiB, 36.83 W
2026/09/11 17:54:41.833, 1, 25 %, 0 %, 35285 MiB, 40.15 W
2026/09/11 17:54:41.833, 2, 20 %, 0 %, 35284 MiB, 36.66 W
2026/09/11 17:54:46.834, 0, 10 %, 0 %, 35285 MiB, 36.34 W
2026/09/11 17:54:46.834, 1, 4 %, 0 %, 35285 MiB, 35.62 W
2026/09/11 17:54:46.835, 2, 12 %, 0 %, 35284 MiB, 39.93 W
2026/09/11 17:54:51.835, 0, 16 %, 0 %, 35285 MiB, 36.34 W
2026/09/11 17:54:51.835, 1, 0 %, 0 %, 35285 MiB, 35.72 W
2026/09/11 17:54:51.836, 2, 0 %, 0 %, 35284 MiB, 36.57 W
2026/09/11 17:54:56.837, 0, 0 %, 0 %, 35285 MiB, 36.25 W
2026/09/11 17:54:56.837, 1, 22 %, 0 %, 35285 MiB, 35.72 W
2026/09/11 17:54:56.837, 2, 0 %, 0 %, 35284 MiB, 36.77 W
2026/09/11 17:55:01.839, 0, 20 %, 0 %, 35285 MiB, 36.52 W
2026/09/11 17:55:01.839, 1, 10 %, 0 %, 35285 MiB, 35.82 W
2026/09/11 17:55:01.839, 2, 0 %, 0 %, 35284 MiB, 36.47 W
2026/09/11 17:55:06.840, 0, 10 %, 0 %, 35285 MiB, 36.24 W
2026/09/11 17:55:06.840, 1, 28 %, 0 %, 35285 MiB, 35.62 W
2026/09/11 17:55:06.840, 2, 3 %, 0 %, 35284 MiB, 36.46 W
2026/09/11 17:55:11.841, 0, 0 %, 0 %, 35285 MiB, 36.52 W
2026/09/11 17:55:11.841, 1, 17 %, 0 %, 35285 MiB, 36.01 W
2026/09/11 17:55:11.842, 2, 18 %, 0 %, 35284 MiB, 36.46 W
2026/09/11 17:55:16.842, 0, 10 %, 0 %, 35285 MiB, 36.92 W
2026/09/11 17:55:16.842, 1, 0 %, 0 %, 35285 MiB, 35.52 W
2026/09/11 17:55:16.842, 2, 6 %, 0 %, 35284 MiB, 36.57 W
2026/09/11 17:55:21.849, 0, 35 %, 1 %, 35285 MiB, 36.25 W
2026/09/11 17:55:21.849, 1, 2 %, 0 %, 35285 MiB, 36.49 W
2026/09/11 17:55:21.849, 2, 6 %, 0 %, 35284 MiB, 42.50 W
2026/09/11 17:55:26.856, 0, 25 %, 0 %, 35285 MiB, 36.23 W
2026/09/11 17:55:26.857, 1, 10 %, 0 %, 35285 MiB, 35.42 W
2026/09/11 17:55:26.857, 2, 2 %, 0 %, 35284 MiB, 37.26 W
2026/09/11 17:55:31.858, 0, 0 %, 0 %, 35285 MiB, 36.73 W
2026/09/11 17:55:31.858, 1, 16 %, 0 %, 35285 MiB, 35.43 W
2026/09/11 17:55:31.858, 2, 14 %, 0 %, 35284 MiB, 37.95 W
2026/09/11 17:55:36.866, 0, 13 %, 0 %, 35285 MiB, 36.14 W
2026/09/11 17:55:36.866, 1, 11 %, 0 %, 35285 MiB, 35.72 W
2026/09/11 17:55:36.866, 2, 10 %, 0 %, 35284 MiB, 40.93 W
2026/09/11 17:55:41.868, 0, 0 %, 0 %, 35285 MiB, 36.04 W
2026/09/11 17:55:41.868, 1, 0 %, 0 %, 35285 MiB, 36.51 W
2026/09/11 17:55:41.868, 2, 1 %, 0 %, 35284 MiB, 36.26 W
2026/09/11 17:55:46.869, 0, 1 %, 0 %, 35285 MiB, 35.96 W
2026/09/11 17:55:46.869, 1, 16 %, 0 %, 35285 MiB, 35.32 W
2026/09/11 17:55:46.870, 2, 3 %, 0 %, 35284 MiB, 36.27 W
2026/09/11 17:55:51.870, 0, 0 %, 0 %, 35285 MiB, 36.25 W
2026/09/11 17:55:51.870, 1, 0 %, 0 %, 35285 MiB, 35.62 W
2026/09/11 17:55:51.870, 2, 0 %, 0 %, 35284 MiB, 37.59 W
2026/09/11 17:55:56.870, 0, 0 %, 0 %, 35285 MiB, 35.96 W
2026/09/11 17:55:56.871, 1, 0 %, 0 %, 35285 MiB, 35.44 W
2026/09/11 17:55:56.871, 2, 0 %, 0 %, 35284 MiB, 36.28 W
2026/09/11 17:56:01.871, 0, 91 %, 3 %, 35285 MiB, 84.44 W
2026/09/11 17:56:01.872, 1, 91 %, 4 %, 35285 MiB, 78.36 W
2026/09/11 17:56:01.872, 2, 91 %, 3 %, 35284 MiB, 83.62 W
2026/09/11 17:56:06.872, 0, 88 %, 3 %, 35285 MiB, 82.41 W
2026/09/11 17:56:06.872, 1, 90 %, 3 %, 35285 MiB, 75.48 W
2026/09/11 17:56:06.872, 2, 93 %, 5 %, 35284 MiB, 89.88 W
2026/09/11 17:56:11.873, 0, 94 %, 3 %, 35285 MiB, 84.38 W
2026/09/11 17:56:11.873, 1, 87 %, 3 %, 35285 MiB, 79.38 W
2026/09/11 17:56:11.873, 2, 88 %, 3 %, 35284 MiB, 78.92 W
2026/09/11 17:56:16.874, 0, 84 %, 3 %, 35285 MiB, 85.80 W
2026/09/11 17:56:16.874, 1, 91 %, 3 %, 35285 MiB, 81.78 W
2026/09/11 17:56:16.874, 2, 91 %, 4 %, 35284 MiB, 81.11 W
2026/09/11 17:56:21.875, 0, 91 %, 3 %, 35285 MiB, 83.85 W
2026/09/11 17:56:21.875, 1, 89 %, 3 %, 35285 MiB, 79.75 W
2026/09/11 17:56:21.875, 2, 90 %, 3 %, 35284 MiB, 82.91 W
2026/09/11 17:56:26.875, 0, 91 %, 3 %, 35285 MiB, 86.40 W
2026/09/11 17:56:26.876, 1, 93 %, 3 %, 35285 MiB, 79.54 W
2026/09/11 17:56:26.876, 2, 91 %, 3 %, 35284 MiB, 81.27 W
2026/09/11 17:56:31.876, 0, 86 %, 3 %, 35285 MiB, 89.80 W
2026/09/11 17:56:31.876, 1, 87 %, 4 %, 35285 MiB, 78.49 W
2026/09/11 17:56:31.876, 2, 90 %, 3 %, 35284 MiB, 82.46 W
2026/09/11 17:56:36.877, 0, 91 %, 3 %, 35285 MiB, 87.24 W
2026/09/11 17:56:36.877, 1, 91 %, 3 %, 35285 MiB, 84.70 W
2026/09/11 17:56:36.877, 2, 92 %, 3 %, 35284 MiB, 81.04 W
2026/09/11 17:56:41.877, 0, 88 %, 3 %, 35285 MiB, 87.77 W
2026/09/11 17:56:41.878, 1, 91 %, 3 %, 35285 MiB, 80.86 W
2026/09/11 17:56:41.878, 2, 93 %, 3 %, 35284 MiB, 82.43 W
2026/09/11 17:56:46.878, 0, 89 %, 3 %, 35285 MiB, 86.88 W
2026/09/11 17:56:46.878, 1, 90 %, 3 %, 35285 MiB, 82.11 W
2026/09/11 17:56:46.878, 2, 90 %, 3 %, 35284 MiB, 82.86 W
2026/09/11 17:56:51.879, 0, 91 %, 3 %, 35285 MiB, 81.35 W
2026/09/11 17:56:51.880, 1, 91 %, 5 %, 35285 MiB, 83.91 W
2026/09/11 17:56:51.880, 2, 92 %, 3 %, 35284 MiB, 84.20 W
2026/09/11 17:56:56.880, 0, 91 %, 3 %, 35285 MiB, 86.89 W
2026/09/11 17:56:56.880, 1, 90 %, 5 %, 35285 MiB, 84.84 W
2026/09/11 17:56:56.880, 2, 90 %, 3 %, 35284 MiB, 82.69 W
2026/09/11 17:57:01.881, 0, 89 %, 3 %, 35285 MiB, 84.94 W
2026/09/11 17:57:01.881, 1, 86 %, 3 %, 35285 MiB, 85.79 W
2026/09/11 17:57:01.881, 2, 91 %, 3 %, 35284 MiB, 85.04 W
2026/09/11 17:57:06.882, 0, 95 %, 3 %, 35285 MiB, 83.89 W
2026/09/11 17:57:06.882, 1, 95 %, 3 %, 35285 MiB, 81.34 W
2026/09/11 17:57:06.882, 2, 94 %, 5 %, 35284 MiB, 84.75 W
2026/09/11 17:57:11.883, 0, 87 %, 3 %, 35285 MiB, 89.03 W
2026/09/11 17:57:11.883, 1, 95 %, 5 %, 35285 MiB, 79.82 W
2026/09/11 17:57:11.883, 2, 90 %, 5 %, 35284 MiB, 85.11 W
2026/09/11 17:57:16.883, 0, 90 %, 3 %, 35285 MiB, 89.61 W
2026/09/11 17:57:16.884, 1, 91 %, 5 %, 35285 MiB, 83.28 W
2026/09/11 17:57:16.884, 2, 90 %, 3 %, 35284 MiB, 88.53 W
2026/09/11 17:57:21.884, 0, 91 %, 5 %, 35285 MiB, 83.54 W
2026/09/11 17:57:21.884, 1, 94 %, 3 %, 35285 MiB, 82.01 W
2026/09/11 17:57:21.884, 2, 89 %, 4 %, 35284 MiB, 81.64 W
2026/09/11 17:57:26.885, 0, 91 %, 3 %, 35285 MiB, 83.27 W
2026/09/11 17:57:26.885, 1, 96 %, 3 %, 35285 MiB, 80.72 W
2026/09/11 17:57:26.885, 2, 92 %, 5 %, 35284 MiB, 81.30 W
2026/09/11 17:57:31.886, 0, 92 %, 3 %, 35285 MiB, 82.03 W
2026/09/11 17:57:31.886, 1, 96 %, 3 %, 35285 MiB, 79.57 W
2026/09/11 17:57:31.886, 2, 92 %, 3 %, 35284 MiB, 84.59 W
2026/09/11 17:57:36.887, 0, 91 %, 4 %, 35285 MiB, 93.71 W
2026/09/11 17:57:36.887, 1, 95 %, 3 %, 35285 MiB, 79.42 W
2026/09/11 17:57:36.887, 2, 95 %, 3 %, 35284 MiB, 83.05 W
2026/09/11 17:57:41.888, 0, 95 %, 6 %, 35285 MiB, 97.20 W
2026/09/11 17:57:41.888, 1, 94 %, 5 %, 35285 MiB, 78.21 W
2026/09/11 17:57:41.889, 2, 92 %, 3 %, 35284 MiB, 78.67 W
2026/09/11 17:57:46.889, 0, 93 %, 4 %, 35285 MiB, 79.74 W
2026/09/11 17:57:46.889, 1, 95 %, 6 %, 35285 MiB, 115.18 W
2026/09/11 17:57:46.889, 2, 97 %, 6 %, 35284 MiB, 78.84 W
2026/09/11 17:57:51.890, 0, 92 %, 5 %, 35285 MiB, 84.11 W
2026/09/11 17:57:51.890, 1, 98 %, 3 %, 35285 MiB, 110.79 W
2026/09/11 17:57:51.890, 2, 94 %, 8 %, 35284 MiB, 104.20 W
2026/09/11 17:57:56.891, 0, 95 %, 6 %, 35285 MiB, 78.97 W
2026/09/11 17:57:56.891, 1, 96 %, 5 %, 35285 MiB, 91.40 W
2026/09/11 17:57:56.891, 2, 98 %, 8 %, 35284 MiB, 116.43 W
2026/09/11 17:58:01.891, 0, 98 %, 6 %, 35285 MiB, 79.75 W
2026/09/11 17:58:01.891, 1, 96 %, 7 %, 35285 MiB, 77.86 W
2026/09/11 17:58:01.892, 2, 95 %, 3 %, 35284 MiB, 81.02 W
2026/09/11 17:58:06.892, 0, 75 %, 2 %, 35285 MiB, 93.04 W
2026/09/11 17:58:06.892, 1, 31 %, 1 %, 35285 MiB, 57.52 W
2026/09/11 17:58:06.892, 2, 0 %, 0 %, 35284 MiB, 58.49 W
2026/09/11 17:58:11.893, 0, 0 %, 0 %, 35285 MiB, 37.61 W
2026/09/11 17:58:11.893, 1, 0 %, 0 %, 35285 MiB, 37.19 W
2026/09/11 17:58:11.894, 2, 0 %, 0 %, 35284 MiB, 37.75 W
2026/09/11 17:58:16.897, 0, 0 %, 0 %, 35285 MiB, 37.42 W
2026/09/11 17:58:16.897, 1, 0 %, 0 %, 35285 MiB, 37.09 W
2026/09/11 17:58:16.897, 2, 0 %, 0 %, 35284 MiB, 37.46 W
2026/09/11 17:58:21.898, 0, 0 %, 0 %, 35285 MiB, 37.22 W
2026/09/11 17:58:21.898, 1, 0 %, 0 %, 35285 MiB, 36.89 W
2026/09/11 17:58:21.898, 2, 0 %, 0 %, 35284 MiB, 37.56 W
2026/09/11 17:58:26.899, 0, 0 %, 0 %, 35285 MiB, 37.12 W
2026/09/11 17:58:26.899, 1, 0 %, 0 %, 35285 MiB, 36.70 W
2026/09/11 17:58:26.900, 2, 3 %, 0 %, 35284 MiB, 37.36 W
2026/09/11 17:58:31.901, 0, 0 %, 0 %, 35285 MiB, 37.12 W
2026/09/11 17:58:31.901, 1, 0 %, 0 %, 35285 MiB, 36.70 W
2026/09/11 17:58:31.901, 2, 0 %, 0 %, 35284 MiB, 37.46 W
2026/09/11 17:58:36.903, 0, 0 %, 0 %, 35285 MiB, 36.92 W
2026/09/11 17:58:36.903, 1, 0 %, 0 %, 35285 MiB, 36.39 W
2026/09/11 17:58:36.903, 2, 0 %, 0 %, 35284 MiB, 37.36 W
2026/09/11 17:58:41.912, 0, 0 %, 0 %, 35285 MiB, 36.92 W
2026/09/11 17:58:41.912, 1, 0 %, 0 %, 35285 MiB, 36.39 W
2026/09/11 17:58:41.912, 2, 5 %, 0 %, 35284 MiB, 37.36 W
2026/09/11 17:58:46.917, 0, 0 %, 0 %, 35285 MiB, 36.92 W
2026/09/11 17:58:46.917, 1, 6 %, 0 %, 35285 MiB, 36.20 W
2026/09/11 17:58:46.917, 2, 0 %, 0 %, 35284 MiB, 37.17 W
2026/09/11 17:58:51.919, 0, 0 %, 0 %, 35285 MiB, 36.72 W
2026/09/11 17:58:51.919, 1, 0 %, 0 %, 35285 MiB, 36.39 W
2026/09/11 17:58:51.919, 2, 0 %, 0 %, 35284 MiB, 37.07 W
2026/09/11 17:58:56.921, 0, 0 %, 0 %, 35285 MiB, 36.52 W
2026/09/11 17:58:56.921, 1, 0 %, 0 %, 35285 MiB, 36.20 W
2026/09/11 17:58:56.921, 2, 0 %, 0 %, 35284 MiB, 36.87 W
2026/09/11 17:59:01.927, 0, 0 %, 0 %, 35285 MiB, 36.33 W
2026/09/11 17:59:01.927, 1, 0 %, 0 %, 35285 MiB, 36.10 W
2026/09/11 17:59:01.927, 2, 0 %, 0 %, 35284 MiB, 36.97 W
2026/09/11 17:59:06.929, 0, 0 %, 0 %, 35285 MiB, 36.43 W
2026/09/11 17:59:06.929, 1, 2 %, 0 %, 35285 MiB, 36.01 W
2026/09/11 17:59:06.929, 2, 0 %, 0 %, 35284 MiB, 36.77 W
2026/09/11 17:59:11.931, 0, 0 %, 0 %, 35285 MiB, 36.33 W
2026/09/11 17:59:11.931, 1, 0 %, 0 %, 35285 MiB, 35.99 W
2026/09/11 17:59:11.931, 2, 0 %, 0 %, 35284 MiB, 37.85 W
2026/09/11 17:59:16.933, 0, 0 %, 0 %, 35285 MiB, 36.23 W
2026/09/11 17:59:16.933, 1, 0 %, 0 %, 35285 MiB, 35.91 W
2026/09/11 17:59:16.933, 2, 0 %, 0 %, 35284 MiB, 36.68 W
2026/09/11 17:59:21.933, 0, 1 %, 0 %, 35285 MiB, 36.26 W
2026/09/11 17:59:21.934, 1, 0 %, 0 %, 35285 MiB, 35.82 W
2026/09/11 17:59:21.934, 2, 0 %, 0 %, 35284 MiB, 36.79 W
2026/09/11 17:59:26.935, 0, 0 %, 0 %, 35285 MiB, 36.52 W
2026/09/11 17:59:26.935, 1, 13 %, 0 %, 35285 MiB, 36.99 W
2026/09/11 17:59:26.935, 2, 24 %, 0 %, 35284 MiB, 36.66 W
2026/09/11 17:59:31.936, 0, 16 %, 0 %, 35285 MiB, 36.33 W
2026/09/11 17:59:31.936, 1, 38 %, 1 %, 35285 MiB, 35.81 W
2026/09/11 17:59:31.937, 2, 24 %, 0 %, 35284 MiB, 36.68 W
2026/09/11 17:59:36.938, 0, 8 %, 0 %, 35285 MiB, 41.18 W
2026/09/11 17:59:36.938, 1, 22 %, 0 %, 35285 MiB, 35.81 W
2026/09/11 17:59:36.938, 2, 8 %, 0 %, 35284 MiB, 36.77 W
2026/09/11 17:59:41.940, 0, 10 %, 0 %, 35285 MiB, 36.62 W
2026/09/11 17:59:41.940, 1, 0 %, 0 %, 35285 MiB, 42.04 W
2026/09/11 17:59:41.940, 2, 16 %, 0 %, 35284 MiB, 36.57 W
2026/09/11 17:59:46.941, 0, 19 %, 0 %, 35285 MiB, 36.53 W
2026/09/11 17:59:46.941, 1, 2 %, 0 %, 35285 MiB, 35.72 W
2026/09/11 17:59:46.942, 2, 35 %, 1 %, 35284 MiB, 38.84 W
2026/09/11 17:59:51.943, 0, 0 %, 0 %, 35285 MiB, 36.33 W
2026/09/11 17:59:51.943, 1, 22 %, 0 %, 35285 MiB, 39.96 W
2026/09/11 17:59:51.943, 2, 8 %, 0 %, 35284 MiB, 36.57 W
2026/09/11 17:59:56.944, 0, 0 %, 0 %, 35285 MiB, 36.34 W
2026/09/11 17:59:56.945, 1, 20 %, 0 %, 35285 MiB, 35.62 W
2026/09/11 17:59:56.945, 2, 8 %, 0 %, 35284 MiB, 37.85 W
2026/09/11 18:00:01.945, 0, 8 %, 0 %, 35285 MiB, 36.44 W
2026/09/11 18:00:01.945, 1, 36 %, 1 %, 35285 MiB, 35.82 W
2026/09/11 18:00:01.945, 2, 6 %, 0 %, 35284 MiB, 36.57 W
2026/09/11 18:00:06.949, 0, 30 %, 1 %, 35285 MiB, 36.13 W
2026/09/11 18:00:06.949, 1, 8 %, 0 %, 35285 MiB, 37.59 W
2026/09/11 18:00:06.949, 2, 6 %, 0 %, 35284 MiB, 36.36 W
2026/09/11 18:00:11.950, 0, 10 %, 0 %, 35285 MiB, 37.51 W
2026/09/11 18:00:11.950, 1, 11 %, 0 %, 35285 MiB, 37.81 W
2026/09/11 18:00:11.951, 2, 10 %, 0 %, 35284 MiB, 36.77 W
2026/09/11 18:00:16.952, 0, 2 %, 0 %, 35285 MiB, 36.14 W
2026/09/11 18:00:16.952, 1, 22 %, 0 %, 35285 MiB, 35.53 W
2026/09/11 18:00:16.952, 2, 14 %, 0 %, 35284 MiB, 36.87 W
2026/09/11 18:00:21.953, 0, 10 %, 0 %, 35285 MiB, 36.14 W
2026/09/11 18:00:21.953, 1, 18 %, 0 %, 35285 MiB, 35.62 W
2026/09/11 18:00:21.953, 2, 16 %, 0 %, 35284 MiB, 42.23 W
2026/09/11 18:00:26.955, 0, 10 %, 0 %, 35285 MiB, 36.15 W
2026/09/11 18:00:26.955, 1, 18 %, 0 %, 35285 MiB, 35.62 W
2026/09/11 18:00:26.955, 2, 3 %, 0 %, 35284 MiB, 40.15 W
2026/09/11 18:00:31.957, 0, 19 %, 0 %, 35285 MiB, 36.13 W
2026/09/11 18:00:31.957, 1, 16 %, 0 %, 35285 MiB, 35.62 W
2026/09/11 18:00:31.957, 2, 0 %, 0 %, 35284 MiB, 36.47 W
2026/09/11 18:00:36.958, 0, 10 %, 0 %, 35285 MiB, 41.56 W
2026/09/11 18:00:36.959, 1, 12 %, 0 %, 35285 MiB, 35.71 W
2026/09/11 18:00:36.959, 2, 4 %, 0 %, 35284 MiB, 36.36 W
2026/09/11 18:00:41.959, 0, 0 %, 0 %, 35285 MiB, 36.05 W
2026/09/11 18:00:41.960, 1, 0 %, 0 %, 35285 MiB, 35.62 W
2026/09/11 18:00:41.960, 2, 0 %, 0 %, 35284 MiB, 36.37 W
2026/09/11 18:00:46.960, 0, 0 %, 0 %, 35285 MiB, 36.05 W
2026/09/11 18:00:46.960, 1, 0 %, 0 %, 35285 MiB, 35.32 W
2026/09/11 18:00:46.960, 2, 0 %, 0 %, 35284 MiB, 36.57 W
2026/09/11 18:00:51.961, 0, 0 %, 0 %, 35285 MiB, 36.06 W
2026/09/11 18:00:51.961, 1, 0 %, 0 %, 35285 MiB, 35.22 W
2026/09/11 18:00:51.962, 2, 0 %, 0 %, 35284 MiB, 36.37 W
2026/09/11 18:00:56.962, 0, 0 %, 0 %, 35285 MiB, 36.06 W
2026/09/11 18:00:56.963, 1, 2 %, 0 %, 35285 MiB, 35.44 W
2026/09/11 18:00:56.963, 2, 0 %, 0 %, 35284 MiB, 36.27 W
2026/09/11 18:01:01.968, 0, 0 %, 0 %, 35285 MiB, 36.16 W
2026/09/11 18:01:01.968, 1, 14 %, 0 %, 35285 MiB, 35.24 W
2026/09/11 18:01:01.968, 2, 0 %, 0 %, 35284 MiB, 36.37 W
2026/09/11 18:01:06.969, 0, 0 %, 0 %, 35285 MiB, 36.06 W
2026/09/11 18:01:06.969, 1, 14 %, 0 %, 35285 MiB, 35.34 W
2026/09/11 18:01:06.969, 2, 0 %, 0 %, 35284 MiB, 36.47 W
2026/09/11 18:01:11.969, 0, 0 %, 0 %, 35285 MiB, 36.06 W
2026/09/11 18:01:11.970, 1, 0 %, 0 %, 35285 MiB, 40.66 W
2026/09/11 18:01:11.970, 2, 0 %, 0 %, 35284 MiB, 36.19 W
2026/09/11 18:01:16.970, 0, 0 %, 0 %, 35285 MiB, 35.86 W
2026/09/11 18:01:16.971, 1, 0 %, 0 %, 35285 MiB, 35.33 W
2026/09/11 18:01:16.971, 2, 0 %, 0 %, 35284 MiB, 36.09 W
2026/09/11 18:01:21.971, 0, 0 %, 0 %, 35285 MiB, 35.85 W
2026/09/11 18:01:21.971, 1, 0 %, 0 %, 35285 MiB, 35.23 W
2026/09/11 18:01:21.971, 2, 0 %, 0 %, 35284 MiB, 36.08 W
2026/09/11 18:01:26.972, 0, 0 %, 0 %, 35285 MiB, 35.85 W
2026/09/11 18:01:26.972, 1, 0 %, 0 %, 35285 MiB, 35.34 W
2026/09/11 18:01:26.972, 2, 0 %, 0 %, 35284 MiB, 36.28 W
2026/09/11 18:01:31.972, 0, 0 %, 0 %, 35285 MiB, 35.96 W
2026/09/11 18:01:31.973, 1, 13 %, 0 %, 35285 MiB, 35.43 W
2026/09/11 18:01:31.973, 2, 0 %, 0 %, 35284 MiB, 36.19 W
2026/09/11 18:01:36.973, 0, 0 %, 0 %, 35285 MiB, 35.86 W
2026/09/11 18:01:36.973, 1, 0 %, 0 %, 35285 MiB, 37.11 W
2026/09/11 18:01:36.973, 2, 0 %, 0 %, 35284 MiB, 36.18 W
2026/09/11 18:01:41.974, 0, 0 %, 0 %, 35285 MiB, 35.85 W
2026/09/11 18:01:41.974, 1, 0 %, 0 %, 35285 MiB, 35.33 W
2026/09/11 18:01:41.974, 2, 0 %, 0 %, 35284 MiB, 36.09 W
2026/09/11 18:01:46.974, 0, 91 %, 3 %, 35285 MiB, 79.24 W
2026/09/11 18:01:46.975, 1, 92 %, 3 %, 35285 MiB, 80.84 W
2026/09/11 18:01:46.975, 2, 91 %, 3 %, 35284 MiB, 81.15 W
2026/09/11 18:01:51.976, 0, 92 %, 3 %, 35285 MiB, 83.46 W
2026/09/11 18:01:51.976, 1, 91 %, 3 %, 35285 MiB, 80.39 W
2026/09/11 18:01:51.976, 2, 90 %, 3 %, 35284 MiB, 79.78 W
2026/09/11 18:01:56.976, 0, 94 %, 5 %, 35285 MiB, 85.83 W
2026/09/11 18:01:56.976, 1, 85 %, 3 %, 35285 MiB, 81.76 W
2026/09/11 18:01:56.977, 2, 89 %, 3 %, 35284 MiB, 83.36 W
2026/09/11 18:02:01.977, 0, 91 %, 3 %, 35285 MiB, 83.67 W
2026/09/11 18:02:01.977, 1, 94 %, 5 %, 35285 MiB, 75.01 W
2026/09/11 18:02:01.977, 2, 87 %, 3 %, 35284 MiB, 83.30 W
2026/09/11 18:02:06.978, 0, 92 %, 3 %, 35285 MiB, 82.37 W
2026/09/11 18:02:06.978, 1, 89 %, 3 %, 35285 MiB, 83.46 W
2026/09/11 18:02:06.978, 2, 91 %, 5 %, 35284 MiB, 83.59 W
2026/09/11 18:02:11.979, 0, 93 %, 3 %, 35285 MiB, 86.20 W
2026/09/11 18:02:11.979, 1, 91 %, 3 %, 35285 MiB, 80.53 W
2026/09/11 18:02:11.979, 2, 88 %, 6 %, 35284 MiB, 82.80 W
2026/09/11 18:02:16.980, 0, 87 %, 4 %, 35285 MiB, 88.50 W
2026/09/11 18:02:16.980, 1, 91 %, 5 %, 35285 MiB, 78.01 W
2026/09/11 18:02:16.980, 2, 90 %, 3 %, 35284 MiB, 127.73 W
2026/09/11 18:02:21.982, 0, 88 %, 3 %, 35285 MiB, 87.87 W
2026/09/11 18:02:21.982, 1, 89 %, 3 %, 35285 MiB, 79.49 W
2026/09/11 18:02:21.982, 2, 88 %, 3 %, 35284 MiB, 81.65 W
2026/09/11 18:02:26.983, 0, 91 %, 3 %, 35285 MiB, 84.85 W
2026/09/11 18:02:26.983, 1, 88 %, 3 %, 35285 MiB, 83.33 W
2026/09/11 18:02:26.983, 2, 94 %, 5 %, 35284 MiB, 84.50 W
2026/09/11 18:02:31.984, 0, 94 %, 3 %, 35285 MiB, 82.54 W
2026/09/11 18:02:31.984, 1, 90 %, 3 %, 35285 MiB, 81.84 W
2026/09/11 18:02:31.984, 2, 89 %, 3 %, 35284 MiB, 83.19 W
2026/09/11 18:02:36.984, 0, 89 %, 3 %, 35285 MiB, 86.19 W
2026/09/11 18:02:36.985, 1, 88 %, 3 %, 35285 MiB, 84.67 W
2026/09/11 18:02:36.985, 2, 91 %, 5 %, 35284 MiB, 87.40 W
2026/09/11 18:02:41.985, 0, 89 %, 3 %, 35285 MiB, 82.33 W
2026/09/11 18:02:41.986, 1, 92 %, 3 %, 35285 MiB, 81.07 W
2026/09/11 18:02:41.986, 2, 90 %, 3 %, 35284 MiB, 85.48 W
2026/09/11 18:02:46.986, 0, 91 %, 3 %, 35285 MiB, 83.01 W
2026/09/11 18:02:46.986, 1, 90 %, 3 %, 35285 MiB, 80.91 W
2026/09/11 18:02:46.986, 2, 90 %, 3 %, 35284 MiB, 84.07 W
2026/09/11 18:02:51.987, 0, 90 %, 3 %, 35285 MiB, 84.55 W
2026/09/11 18:02:51.987, 1, 91 %, 3 %, 35285 MiB, 84.31 W
2026/09/11 18:02:51.987, 2, 93 %, 3 %, 35284 MiB, 82.61 W
2026/09/11 18:02:56.988, 0, 87 %, 3 %, 35285 MiB, 82.71 W
2026/09/11 18:02:56.988, 1, 90 %, 3 %, 35285 MiB, 80.77 W
2026/09/11 18:02:56.988, 2, 94 %, 3 %, 35284 MiB, 83.33 W
2026/09/11 18:03:01.988, 0, 92 %, 3 %, 35285 MiB, 85.90 W
2026/09/11 18:03:01.989, 1, 93 %, 3 %, 35285 MiB, 81.12 W
2026/09/11 18:03:01.989, 2, 91 %, 3 %, 35284 MiB, 78.35 W
2026/09/11 18:03:06.989, 0, 93 %, 3 %, 35285 MiB, 83.19 W
2026/09/11 18:03:06.989, 1, 90 %, 3 %, 35285 MiB, 82.79 W
2026/09/11 18:03:06.989, 2, 92 %, 3 %, 35284 MiB, 106.94 W
2026/09/11 18:03:11.990, 0, 93 %, 3 %, 35285 MiB, 96.89 W
2026/09/11 18:03:11.990, 1, 85 %, 3 %, 35285 MiB, 78.78 W
2026/09/11 18:03:11.990, 2, 93 %, 3 %, 35284 MiB, 82.30 W
2026/09/11 18:03:16.990, 0, 93 %, 4 %, 35285 MiB, 80.23 W
2026/09/11 18:03:16.991, 1, 94 %, 5 %, 35285 MiB, 82.13 W
2026/09/11 18:03:16.991, 2, 95 %, 3 %, 35284 MiB, 79.39 W
2026/09/11 18:03:21.991, 0, 96 %, 5 %, 35285 MiB, 80.56 W
2026/09/11 18:03:21.991, 1, 92 %, 4 %, 35285 MiB, 79.47 W
2026/09/11 18:03:21.991, 2, 90 %, 6 %, 35284 MiB, 87.44 W
2026/09/11 18:03:26.992, 0, 93 %, 5 %, 35285 MiB, 84.89 W
2026/09/11 18:03:26.992, 1, 93 %, 3 %, 35285 MiB, 77.33 W
2026/09/11 18:03:26.992, 2, 90 %, 3 %, 35284 MiB, 80.13 W
2026/09/11 18:03:31.993, 0, 92 %, 3 %, 35285 MiB, 83.89 W
2026/09/11 18:03:31.993, 1, 95 %, 3 %, 35285 MiB, 78.68 W
2026/09/11 18:03:31.994, 2, 94 %, 3 %, 35284 MiB, 93.30 W
2026/09/11 18:03:36.995, 0, 98 %, 3 %, 35285 MiB, 126.41 W
2026/09/11 18:03:36.995, 1, 98 %, 3 %, 35285 MiB, 78.63 W
2026/09/11 18:03:36.995, 2, 95 %, 3 %, 35284 MiB, 90.36 W
2026/09/11 18:03:41.995, 0, 95 %, 3 %, 35285 MiB, 83.41 W
2026/09/11 18:03:41.996, 1, 94 %, 5 %, 35285 MiB, 87.18 W
2026/09/11 18:03:41.996, 2, 94 %, 5 %, 35284 MiB, 83.85 W
2026/09/11 18:03:46.996, 0, 96 %, 6 %, 35285 MiB, 98.74 W
2026/09/11 18:03:46.996, 1, 96 %, 5 %, 35285 MiB, 79.90 W
2026/09/11 18:03:46.996, 2, 96 %, 6 %, 35284 MiB, 80.84 W
2026/09/11 18:03:51.997, 0, 96 %, 8 %, 35285 MiB, 78.00 W
2026/09/11 18:03:51.997, 1, 94 %, 5 %, 35285 MiB, 78.23 W
2026/09/11 18:03:51.997, 2, 97 %, 5 %, 35284 MiB, 80.00 W
2026/09/11 18:03:56.997, 0, 0 %, 0 %, 35285 MiB, 38.61 W
2026/09/11 18:03:56.997, 1, 0 %, 0 %, 35285 MiB, 37.39 W
2026/09/11 18:03:56.998, 2, 0 %, 0 %, 35284 MiB, 38.25 W
2026/09/11 18:04:02.008, 0, 0 %, 0 %, 35285 MiB, 37.51 W
2026/09/11 18:04:02.008, 1, 0 %, 0 %, 35285 MiB, 37.09 W
2026/09/11 18:04:02.008, 2, 0 %, 0 %, 35284 MiB, 38.14 W
2026/09/11 18:04:07.009, 0, 0 %, 0 %, 35285 MiB, 37.51 W
2026/09/11 18:04:07.010, 1, 0 %, 0 %, 35285 MiB, 37.09 W
2026/09/11 18:04:07.010, 2, 0 %, 0 %, 35284 MiB, 37.75 W
2026/09/11 18:04:12.011, 0, 7 %, 1 %, 35285 MiB, 37.71 W
2026/09/11 18:04:12.011, 1, 5 %, 1 %, 35285 MiB, 37.39 W
2026/09/11 18:04:12.011, 2, 0 %, 0 %, 35284 MiB, 37.75 W
2026/09/11 18:04:17.013, 0, 0 %, 0 %, 35285 MiB, 37.12 W
2026/09/11 18:04:17.013, 1, 0 %, 0 %, 35285 MiB, 36.49 W
2026/09/11 18:04:17.013, 2, 0 %, 0 %, 35284 MiB, 37.46 W
2026/09/11 18:04:22.014, 0, 0 %, 0 %, 35285 MiB, 36.92 W
2026/09/11 18:04:22.014, 1, 0 %, 0 %, 35285 MiB, 36.50 W
2026/09/11 18:04:22.015, 2, 0 %, 0 %, 35284 MiB, 37.46 W
2026/09/11 18:04:27.015, 0, 0 %, 0 %, 35285 MiB, 37.68 W
2026/09/11 18:04:27.016, 1, 0 %, 0 %, 35285 MiB, 55.42 W
2026/09/11 18:04:27.016, 2, 2 %, 0 %, 35284 MiB, 37.36 W
2026/09/11 18:04:32.016, 0, 0 %, 0 %, 35285 MiB, 36.82 W
2026/09/11 18:04:32.016, 1, 0 %, 0 %, 35285 MiB, 36.39 W
2026/09/11 18:04:32.016, 2, 0 %, 0 %, 35284 MiB, 37.07 W
2026/09/11 18:04:37.026, 0, 0 %, 0 %, 35285 MiB, 36.52 W
2026/09/11 18:04:37.026, 1, 0 %, 0 %, 35285 MiB, 36.21 W
2026/09/11 18:04:37.026, 2, 0 %, 0 %, 35284 MiB, 36.97 W
2026/09/11 18:04:42.027, 0, 6 %, 0 %, 35285 MiB, 36.52 W
2026/09/11 18:04:42.027, 1, 3 %, 0 %, 35285 MiB, 36.29 W
2026/09/11 18:04:42.027, 2, 0 %, 0 %, 35284 MiB, 37.56 W
2026/09/11 18:04:47.028, 0, 0 %, 0 %, 35285 MiB, 36.52 W
2026/09/11 18:04:47.028, 1, 0 %, 0 %, 35285 MiB, 36.29 W
2026/09/11 18:04:47.029, 2, 0 %, 0 %, 35284 MiB, 36.87 W
2026/09/11 18:04:52.029, 0, 0 %, 0 %, 35285 MiB, 36.43 W
2026/09/11 18:04:52.029, 1, 0 %, 0 %, 35285 MiB, 36.10 W
2026/09/11 18:04:52.029, 2, 0 %, 0 %, 35284 MiB, 36.87 W
2026/09/11 18:04:57.035, 0, 0 %, 0 %, 35285 MiB, 46.10 W
2026/09/11 18:04:57.035, 1, 0 %, 0 %, 35285 MiB, 36.29 W
2026/09/11 18:04:57.035, 2, 0 %, 0 %, 35284 MiB, 37.36 W
2026/09/11 18:05:02.037, 0, 0 %, 0 %, 35285 MiB, 36.34 W
2026/09/11 18:05:02.038, 1, 0 %, 0 %, 35285 MiB, 36.01 W
2026/09/11 18:05:02.038, 2, 7 %, 0 %, 35284 MiB, 36.87 W
2026/09/11 18:05:07.040, 0, 0 %, 0 %, 35285 MiB, 36.34 W
2026/09/11 18:05:07.040, 1, 0 %, 0 %, 35285 MiB, 36.01 W
2026/09/11 18:05:07.040, 2, 0 %, 0 %, 35284 MiB, 36.66 W
2026/09/11 18:05:12.041, 0, 16 %, 0 %, 35285 MiB, 40.68 W
2026/09/11 18:05:12.041, 1, 12 %, 0 %, 35285 MiB, 35.91 W
2026/09/11 18:05:12.042, 2, 3 %, 0 %, 35284 MiB, 38.75 W
2026/09/11 18:05:17.042, 0, 34 %, 1 %, 35285 MiB, 36.33 W
2026/09/11 18:05:17.043, 1, 18 %, 0 %, 35285 MiB, 35.71 W
2026/09/11 18:05:17.043, 2, 13 %, 0 %, 35284 MiB, 37.65 W
2026/09/11 18:05:22.043, 0, 12 %, 0 %, 35285 MiB, 36.63 W
2026/09/11 18:05:22.043, 1, 12 %, 0 %, 35285 MiB, 40.07 W
2026/09/11 18:05:22.044, 2, 9 %, 0 %, 35284 MiB, 40.33 W
2026/09/11 18:05:27.044, 0, 4 %, 0 %, 35285 MiB, 37.23 W
2026/09/11 18:05:27.045, 1, 11 %, 0 %, 35285 MiB, 38.38 W
2026/09/11 18:05:27.045, 2, 0 %, 0 %, 35284 MiB, 36.68 W
2026/09/11 18:05:32.046, 0, 2 %, 0 %, 35285 MiB, 37.32 W
2026/09/11 18:05:32.046, 1, 7 %, 0 %, 35285 MiB, 37.28 W
2026/09/11 18:05:32.046, 2, 5 %, 0 %, 35284 MiB, 36.77 W
2026/09/11 18:05:37.047, 0, 16 %, 0 %, 35285 MiB, 36.54 W
2026/09/11 18:05:37.047, 1, 0 %, 0 %, 35285 MiB, 35.62 W
2026/09/11 18:05:37.047, 2, 19 %, 0 %, 35284 MiB, 39.84 W
2026/09/11 18:05:42.048, 0, 2 %, 0 %, 35285 MiB, 36.34 W
2026/09/11 18:05:42.048, 1, 14 %, 0 %, 35285 MiB, 36.01 W
2026/09/11 18:05:42.049, 2, 0 %, 0 %, 35284 MiB, 36.68 W
2026/09/11 18:05:47.049, 0, 21 %, 0 %, 35285 MiB, 39.00 W
2026/09/11 18:05:47.050, 1, 22 %, 0 %, 35285 MiB, 35.62 W
2026/09/11 18:05:47.050, 2, 2 %, 0 %, 35284 MiB, 36.46 W
2026/09/11 18:05:52.050, 0, 12 %, 0 %, 35285 MiB, 41.58 W
2026/09/11 18:05:52.050, 1, 0 %, 0 %, 35285 MiB, 38.28 W
2026/09/11 18:05:52.050, 2, 10 %, 0 %, 35284 MiB, 36.57 W
2026/09/11 18:05:57.051, 0, 0 %, 0 %, 35285 MiB, 36.33 W
2026/09/11 18:05:57.051, 1, 0 %, 0 %, 35285 MiB, 35.91 W
2026/09/11 18:05:57.051, 2, 18 %, 0 %, 35284 MiB, 36.36 W
2026/09/11 18:06:02.053, 0, 18 %, 0 %, 35285 MiB, 37.32 W
2026/09/11 18:06:02.053, 1, 14 %, 0 %, 35285 MiB, 35.61 W
2026/09/11 18:06:02.053, 2, 15 %, 0 %, 35284 MiB, 36.46 W
2026/09/11 18:06:07.055, 0, 20 %, 0 %, 35285 MiB, 36.15 W
2026/09/11 18:06:07.055, 1, 2 %, 0 %, 35285 MiB, 36.99 W
2026/09/11 18:06:07.055, 2, 0 %, 0 %, 35284 MiB, 36.57 W
2026/09/11 18:06:12.057, 0, 0 %, 0 %, 35285 MiB, 36.62 W
2026/09/11 18:06:12.057, 1, 17 %, 0 %, 35285 MiB, 37.59 W
2026/09/11 18:06:12.057, 2, 20 %, 0 %, 35284 MiB, 37.95 W
2026/09/11 18:06:17.068, 0, 0 %, 0 %, 35285 MiB, 36.25 W
2026/09/11 18:06:17.068, 1, 3 %, 0 %, 35285 MiB, 35.72 W
2026/09/11 18:06:17.068, 2, 20 %, 0 %, 35284 MiB, 36.57 W
2026/09/11 18:06:22.069, 0, 20 %, 0 %, 35285 MiB, 36.13 W
2026/09/11 18:06:22.069, 1, 0 %, 0 %, 35285 MiB, 38.57 W
2026/09/11 18:06:22.069, 2, 2 %, 0 %, 35284 MiB, 37.07 W
2026/09/11 18:06:27.070, 0, 2 %, 0 %, 35285 MiB, 36.16 W
2026/09/11 18:06:27.070, 1, 0 %, 0 %, 35285 MiB, 35.33 W
2026/09/11 18:06:27.071, 2, 1 %, 0 %, 35284 MiB, 36.48 W
2026/09/11 18:06:32.071, 0, 0 %, 0 %, 35285 MiB, 41.98 W
2026/09/11 18:06:32.071, 1, 0 %, 0 %, 35285 MiB, 35.33 W
2026/09/11 18:06:32.071, 2, 0 %, 0 %, 35284 MiB, 36.37 W
2026/09/11 18:06:37.072, 0, 0 %, 0 %, 35285 MiB, 36.15 W
2026/09/11 18:06:37.073, 1, 0 %, 0 %, 35285 MiB, 35.33 W
2026/09/11 18:06:37.073, 2, 4 %, 0 %, 35284 MiB, 36.37 W
2026/09/11 18:06:42.073, 0, 0 %, 0 %, 35285 MiB, 36.06 W
2026/09/11 18:06:42.073, 1, 0 %, 0 %, 35285 MiB, 35.22 W
2026/09/11 18:06:42.073, 2, 0 %, 0 %, 35284 MiB, 36.59 W
2026/09/11 18:06:47.074, 0, 0 %, 0 %, 35285 MiB, 36.06 W
2026/09/11 18:06:47.074, 1, 0 %, 0 %, 35285 MiB, 35.34 W
2026/09/11 18:06:47.074, 2, 0 %, 0 %, 35284 MiB, 36.19 W
2026/09/11 18:06:52.074, 0, 0 %, 0 %, 35285 MiB, 36.06 W
2026/09/11 18:06:52.075, 1, 0 %, 0 %, 35285 MiB, 35.33 W
2026/09/11 18:06:52.075, 2, 0 %, 0 %, 35284 MiB, 38.95 W
2026/09/11 18:06:57.075, 0, 0 %, 0 %, 35285 MiB, 35.96 W
2026/09/11 18:06:57.075, 1, 0 %, 0 %, 35285 MiB, 35.33 W
2026/09/11 18:06:57.075, 2, 10 %, 0 %, 35284 MiB, 36.19 W
2026/09/11 18:07:02.076, 0, 0 %, 0 %, 35285 MiB, 35.86 W
2026/09/11 18:07:02.076, 1, 0 %, 0 %, 35285 MiB, 35.24 W
2026/09/11 18:07:02.076, 2, 12 %, 0 %, 35284 MiB, 36.18 W
2026/09/11 18:07:07.077, 0, 0 %, 0 %, 35285 MiB, 35.85 W
2026/09/11 18:07:07.077, 1, 0 %, 0 %, 35285 MiB, 35.13 W
2026/09/11 18:07:07.077, 2, 0 %, 0 %, 35284 MiB, 36.28 W
2026/09/11 18:07:12.077, 0, 0 %, 0 %, 35285 MiB, 35.96 W
2026/09/11 18:07:12.077, 1, 0 %, 0 %, 35285 MiB, 35.53 W
2026/09/11 18:07:12.078, 2, 0 %, 0 %, 35284 MiB, 36.18 W
2026/09/11 18:07:17.078, 0, 0 %, 0 %, 35285 MiB, 35.86 W
2026/09/11 18:07:17.078, 1, 0 %, 0 %, 35285 MiB, 35.22 W
2026/09/11 18:07:17.078, 2, 10 %, 0 %, 35284 MiB, 36.38 W
2026/09/11 18:07:22.079, 0, 0 %, 0 %, 35285 MiB, 35.96 W
2026/09/11 18:07:22.079, 1, 0 %, 0 %, 35285 MiB, 35.23 W
2026/09/11 18:07:22.079, 2, 0 %, 0 %, 35284 MiB, 36.19 W
2026/09/11 18:07:27.079, 0, 90 %, 3 %, 35285 MiB, 106.81 W
2026/09/11 18:07:27.080, 1, 88 %, 3 %, 35285 MiB, 83.63 W
2026/09/11 18:07:27.080, 2, 94 %, 6 %, 35284 MiB, 82.23 W
2026/09/11 18:07:32.080, 0, 89 %, 3 %, 35285 MiB, 84.68 W
2026/09/11 18:07:32.080, 1, 89 %, 3 %, 35285 MiB, 81.26 W
2026/09/11 18:07:32.080, 2, 85 %, 3 %, 35284 MiB, 84.92 W
2026/09/11 18:07:37.081, 0, 90 %, 3 %, 35285 MiB, 89.79 W
2026/09/11 18:07:37.081, 1, 88 %, 3 %, 35285 MiB, 84.98 W
2026/09/11 18:07:37.081, 2, 91 %, 3 %, 35284 MiB, 84.63 W
2026/09/11 18:07:42.081, 0, 90 %, 3 %, 35285 MiB, 83.26 W
2026/09/11 18:07:42.081, 1, 85 %, 3 %, 35285 MiB, 72.16 W
2026/09/11 18:07:42.082, 2, 94 %, 5 %, 35284 MiB, 87.89 W
2026/09/11 18:07:47.082, 0, 90 %, 3 %, 35285 MiB, 85.58 W
2026/09/11 18:07:47.082, 1, 89 %, 3 %, 35285 MiB, 82.67 W
2026/09/11 18:07:47.082, 2, 89 %, 3 %, 35284 MiB, 83.58 W
2026/09/11 18:07:52.083, 0, 90 %, 3 %, 35285 MiB, 86.20 W
2026/09/11 18:07:52.083, 1, 93 %, 3 %, 35285 MiB, 83.94 W
2026/09/11 18:07:52.083, 2, 90 %, 3 %, 35284 MiB, 101.34 W
2026/09/11 18:07:57.083, 0, 92 %, 3 %, 35285 MiB, 90.15 W
2026/09/11 18:07:57.084, 1, 92 %, 5 %, 35285 MiB, 80.57 W
2026/09/11 18:07:57.084, 2, 91 %, 3 %, 35284 MiB, 82.92 W
2026/09/11 18:08:02.085, 0, 93 %, 3 %, 35285 MiB, 88.32 W
2026/09/11 18:08:02.085, 1, 93 %, 5 %, 35285 MiB, 80.92 W
2026/09/11 18:08:02.085, 2, 87 %, 3 %, 35284 MiB, 82.19 W
2026/09/11 18:08:07.085, 0, 92 %, 3 %, 35285 MiB, 83.91 W
2026/09/11 18:08:07.086, 1, 91 %, 3 %, 35285 MiB, 81.05 W
2026/09/11 18:08:07.086, 2, 88 %, 3 %, 35284 MiB, 81.70 W
2026/09/11 18:08:12.086, 0, 90 %, 3 %, 35285 MiB, 86.29 W
2026/09/11 18:08:12.087, 1, 91 %, 3 %, 35285 MiB, 85.12 W
2026/09/11 18:08:12.087, 2, 89 %, 3 %, 35284 MiB, 82.06 W
2026/09/11 18:08:17.087, 0, 94 %, 3 %, 35285 MiB, 85.37 W
2026/09/11 18:08:17.087, 1, 92 %, 3 %, 35285 MiB, 83.11 W
2026/09/11 18:08:17.087, 2, 94 %, 3 %, 35284 MiB, 82.87 W
2026/09/11 18:08:22.088, 0, 93 %, 3 %, 35285 MiB, 83.46 W
2026/09/11 18:08:22.089, 1, 88 %, 4 %, 35285 MiB, 82.05 W
2026/09/11 18:08:22.089, 2, 90 %, 3 %, 35284 MiB, 80.93 W
2026/09/11 18:08:27.089, 0, 93 %, 3 %, 35285 MiB, 85.07 W
2026/09/11 18:08:27.089, 1, 89 %, 3 %, 35285 MiB, 81.92 W
2026/09/11 18:08:27.089, 2, 92 %, 3 %, 35284 MiB, 84.77 W
2026/09/11 18:08:32.098, 0, 92 %, 3 %, 35285 MiB, 82.92 W
2026/09/11 18:08:32.098, 1, 92 %, 5 %, 35285 MiB, 84.73 W
2026/09/11 18:08:32.098, 2, 96 %, 5 %, 35284 MiB, 80.97 W
2026/09/11 18:08:37.099, 0, 90 %, 3 %, 35285 MiB, 86.04 W
2026/09/11 18:08:37.099, 1, 92 %, 5 %, 35285 MiB, 77.57 W
2026/09/11 18:08:37.099, 2, 92 %, 3 %, 35284 MiB, 84.58 W
2026/09/11 18:08:42.100, 0, 90 %, 3 %, 35285 MiB, 83.33 W
2026/09/11 18:08:42.100, 1, 91 %, 3 %, 35285 MiB, 80.34 W
2026/09/11 18:08:42.100, 2, 93 %, 3 %, 35284 MiB, 92.24 W
2026/09/11 18:08:47.101, 0, 88 %, 3 %, 35285 MiB, 86.91 W
2026/09/11 18:08:47.101, 1, 94 %, 3 %, 35285 MiB, 80.22 W
2026/09/11 18:08:47.101, 2, 92 %, 5 %, 35284 MiB, 85.41 W
2026/09/11 18:08:52.101, 0, 87 %, 3 %, 35285 MiB, 84.42 W
2026/09/11 18:08:52.102, 1, 95 %, 3 %, 35285 MiB, 87.29 W
2026/09/11 18:08:52.102, 2, 89 %, 3 %, 35284 MiB, 78.35 W
2026/09/11 18:08:57.102, 0, 94 %, 3 %, 35285 MiB, 85.77 W
2026/09/11 18:08:57.102, 1, 95 %, 3 %, 35285 MiB, 83.72 W
2026/09/11 18:08:57.102, 2, 93 %, 3 %, 35284 MiB, 81.74 W
2026/09/11 18:09:02.103, 0, 97 %, 5 %, 35285 MiB, 82.90 W
2026/09/11 18:09:02.103, 1, 96 %, 5 %, 35285 MiB, 86.71 W
2026/09/11 18:09:02.103, 2, 93 %, 4 %, 35284 MiB, 81.89 W
2026/09/11 18:09:07.104, 0, 96 %, 5 %, 35285 MiB, 81.93 W
2026/09/11 18:09:07.104, 1, 97 %, 3 %, 35285 MiB, 77.46 W
2026/09/11 18:09:07.104, 2, 97 %, 6 %, 35284 MiB, 80.84 W
2026/09/11 18:09:12.105, 0, 98 %, 5 %, 35285 MiB, 82.12 W
2026/09/11 18:09:12.105, 1, 99 %, 6 %, 35285 MiB, 104.00 W
2026/09/11 18:09:12.105, 2, 95 %, 5 %, 35284 MiB, 80.58 W
2026/09/11 18:09:17.105, 0, 97 %, 8 %, 35285 MiB, 82.20 W
2026/09/11 18:09:17.106, 1, 97 %, 6 %, 35285 MiB, 94.89 W
2026/09/11 18:09:17.106, 2, 97 %, 3 %, 35284 MiB, 81.04 W
2026/09/11 18:09:22.107, 0, 97 %, 5 %, 35285 MiB, 81.90 W
2026/09/11 18:09:22.107, 1, 96 %, 3 %, 35285 MiB, 86.96 W
2026/09/11 18:09:22.107, 2, 97 %, 5 %, 35284 MiB, 80.84 W
2026/09/11 18:09:27.108, 0, 96 %, 6 %, 35285 MiB, 82.93 W
2026/09/11 18:09:27.108, 1, 98 %, 6 %, 35285 MiB, 116.70 W
2026/09/11 18:09:27.108, 2, 96 %, 4 %, 35284 MiB, 81.20 W
2026/09/11 18:09:32.109, 0, 0 %, 0 %, 35285 MiB, 58.12 W
2026/09/11 18:09:32.109, 1, 0 %, 0 %, 35285 MiB, 57.06 W
2026/09/11 18:09:32.109, 2, 0 %, 0 %, 35284 MiB, 58.70 W
2026/09/11 18:09:37.111, 0, 0 %, 0 %, 35285 MiB, 37.41 W
2026/09/11 18:09:37.111, 1, 0 %, 0 %, 35285 MiB, 37.08 W
2026/09/11 18:09:37.111, 2, 0 %, 0 %, 35284 MiB, 37.85 W
2026/09/11 18:09:42.113, 0, 0 %, 0 %, 35285 MiB, 37.32 W
2026/09/11 18:09:42.113, 1, 0 %, 0 %, 35285 MiB, 36.89 W
2026/09/11 18:09:42.113, 2, 0 %, 0 %, 35284 MiB, 37.75 W
2026/09/11 18:09:47.114, 0, 0 %, 0 %, 35285 MiB, 37.22 W
2026/09/11 18:09:47.114, 1, 0 %, 0 %, 35285 MiB, 36.79 W
2026/09/11 18:09:47.114, 2, 0 %, 0 %, 35284 MiB, 37.56 W
2026/09/11 18:09:52.115, 0, 0 %, 0 %, 35285 MiB, 37.11 W
2026/09/11 18:09:52.115, 1, 0 %, 0 %, 35285 MiB, 36.68 W
2026/09/11 18:09:52.115, 2, 0 %, 0 %, 35284 MiB, 37.56 W
2026/09/11 18:09:57.117, 0, 3 %, 0 %, 35285 MiB, 37.12 W
2026/09/11 18:09:57.117, 1, 0 %, 0 %, 35285 MiB, 36.49 W
2026/09/11 18:09:57.117, 2, 0 %, 0 %, 35284 MiB, 37.26 W
2026/09/11 18:10:02.126, 0, 0 %, 0 %, 35285 MiB, 36.83 W
2026/09/11 18:10:02.126, 1, 6 %, 0 %, 35285 MiB, 36.40 W
2026/09/11 18:10:02.126, 2, 0 %, 0 %, 35284 MiB, 37.26 W
2026/09/11 18:10:07.127, 0, 0 %, 0 %, 35285 MiB, 36.82 W
2026/09/11 18:10:07.127, 1, 0 %, 0 %, 35285 MiB, 36.31 W
2026/09/11 18:10:07.128, 2, 0 %, 0 %, 35284 MiB, 37.17 W
2026/09/11 18:10:12.129, 0, 3 %, 0 %, 35285 MiB, 37.12 W
2026/09/11 18:10:12.129, 1, 0 %, 0 %, 35285 MiB, 36.39 W
2026/09/11 18:10:12.129, 2, 0 %, 0 %, 35284 MiB, 36.97 W
2026/09/11 18:10:17.130, 0, 0 %, 0 %, 35285 MiB, 36.52 W
2026/09/11 18:10:17.130, 1, 0 %, 0 %, 35285 MiB, 36.21 W
2026/09/11 18:10:17.131, 2, 0 %, 0 %, 35284 MiB, 36.87 W
2026/09/11 18:10:22.132, 0, 0 %, 0 %, 35285 MiB, 36.62 W
2026/09/11 18:10:22.132, 1, 0 %, 0 %, 35285 MiB, 36.20 W
2026/09/11 18:10:22.132, 2, 0 %, 0 %, 35284 MiB, 36.87 W
2026/09/11 18:10:27.134, 0, 0 %, 0 %, 35285 MiB, 36.43 W
2026/09/11 18:10:27.134, 1, 0 %, 0 %, 35285 MiB, 36.00 W
2026/09/11 18:10:27.134, 2, 0 %, 0 %, 35284 MiB, 36.97 W
2026/09/11 18:10:32.135, 0, 0 %, 0 %, 35285 MiB, 36.43 W
2026/09/11 18:10:32.136, 1, 0 %, 0 %, 35285 MiB, 36.11 W
2026/09/11 18:10:32.136, 2, 0 %, 0 %, 35284 MiB, 36.77 W
2026/09/11 18:10:37.143, 0, 6 %, 0 %, 35285 MiB, 36.33 W
2026/09/11 18:10:37.143, 1, 0 %, 0 %, 35285 MiB, 35.90 W
2026/09/11 18:10:37.143, 2, 0 %, 0 %, 35284 MiB, 36.68 W
2026/09/11 18:10:42.144, 0, 0 %, 0 %, 35285 MiB, 36.44 W
2026/09/11 18:10:42.144, 1, 0 %, 0 %, 35285 MiB, 35.82 W
2026/09/11 18:10:42.144, 2, 0 %, 0 %, 35284 MiB, 36.57 W
2026/09/11 18:10:47.147, 0, 17 %, 0 %, 35285 MiB, 36.33 W
2026/09/11 18:10:47.147, 1, 12 %, 0 %, 35285 MiB, 36.01 W
2026/09/11 18:10:47.147, 2, 0 %, 0 %, 35284 MiB, 36.77 W
2026/09/11 18:10:52.148, 0, 8 %, 0 %, 35285 MiB, 36.44 W
2026/09/11 18:10:52.148, 1, 0 %, 0 %, 35285 MiB, 40.67 W
2026/09/11 18:10:52.148, 2, 0 %, 0 %, 35284 MiB, 36.77 W
2026/09/11 18:10:57.149, 0, 17 %, 0 %, 35285 MiB, 38.22 W
2026/09/11 18:10:57.149, 1, 16 %, 0 %, 35285 MiB, 35.81 W
2026/09/11 18:10:57.150, 2, 16 %, 0 %, 35284 MiB, 39.24 W
2026/09/11 18:11:02.151, 0, 0 %, 0 %, 35285 MiB, 36.44 W
2026/09/11 18:11:02.151, 1, 10 %, 0 %, 35285 MiB, 36.01 W
2026/09/11 18:11:02.151, 2, 0 %, 0 %, 35284 MiB, 36.87 W
2026/09/11 18:11:07.152, 0, 0 %, 0 %, 35285 MiB, 36.43 W
2026/09/11 18:11:07.152, 1, 10 %, 0 %, 35285 MiB, 35.82 W
2026/09/11 18:11:07.152, 2, 0 %, 0 %, 35284 MiB, 47.47 W
2026/09/11 18:11:12.153, 0, 0 %, 0 %, 35285 MiB, 41.48 W
2026/09/11 18:11:12.154, 1, 0 %, 0 %, 35285 MiB, 35.62 W
2026/09/11 18:11:12.154, 2, 11 %, 0 %, 35284 MiB, 36.57 W
2026/09/11 18:11:17.155, 0, 10 %, 0 %, 35285 MiB, 36.34 W
2026/09/11 18:11:17.155, 1, 12 %, 0 %, 35285 MiB, 35.90 W
2026/09/11 18:11:17.155, 2, 0 %, 0 %, 35284 MiB, 43.81 W
2026/09/11 18:11:22.158, 0, 10 %, 0 %, 35285 MiB, 39.39 W
2026/09/11 18:11:22.158, 1, 12 %, 0 %, 35285 MiB, 37.49 W
2026/09/11 18:11:22.158, 2, 22 %, 1 %, 35284 MiB, 41.22 W
2026/09/11 18:11:27.159, 0, 0 %, 0 %, 35285 MiB, 38.81 W
2026/09/11 18:11:27.159, 1, 16 %, 0 %, 35285 MiB, 36.02 W
2026/09/11 18:11:27.159, 2, 22 %, 0 %, 35284 MiB, 42.52 W
2026/09/11 18:11:32.166, 0, 4 %, 0 %, 35285 MiB, 36.15 W
2026/09/11 18:11:32.166, 1, 4 %, 0 %, 35285 MiB, 36.50 W
2026/09/11 18:11:32.166, 2, 20 %, 0 %, 35284 MiB, 36.38 W
2026/09/11 18:11:37.167, 0, 2 %, 0 %, 35285 MiB, 36.23 W
2026/09/11 18:11:37.168, 1, 8 %, 0 %, 35285 MiB, 39.75 W
2026/09/11 18:11:37.168, 2, 12 %, 0 %, 35284 MiB, 36.77 W
2026/09/11 18:11:42.169, 0, 10 %, 0 %, 35285 MiB, 36.13 W
2026/09/11 18:11:42.169, 1, 12 %, 0 %, 35285 MiB, 36.49 W
2026/09/11 18:11:42.169, 2, 27 %, 0 %, 35284 MiB, 41.20 W
2026/09/11 18:11:47.170, 0, 2 %, 0 %, 35285 MiB, 36.63 W
2026/09/11 18:11:47.170, 1, 2 %, 0 %, 35285 MiB, 35.91 W
2026/09/11 18:11:47.170, 2, 5 %, 0 %, 35284 MiB, 36.36 W
2026/09/11 18:11:52.171, 0, 10 %, 0 %, 35285 MiB, 36.33 W
2026/09/11 18:11:52.171, 1, 0 %, 0 %, 35285 MiB, 35.62 W
2026/09/11 18:11:52.171, 2, 16 %, 0 %, 35284 MiB, 36.77 W
2026/09/11 18:11:57.172, 0, 1 %, 0 %, 35285 MiB, 36.06 W
2026/09/11 18:11:57.173, 1, 0 %, 0 %, 35285 MiB, 35.33 W
2026/09/11 18:11:57.173, 2, 0 %, 0 %, 35284 MiB, 36.57 W
2026/09/11 18:12:02.173, 0, 0 %, 0 %, 35285 MiB, 35.95 W
2026/09/11 18:12:02.173, 1, 0 %, 0 %, 35285 MiB, 35.43 W
2026/09/11 18:12:02.174, 2, 19 %, 0 %, 35284 MiB, 36.37 W
2026/09/11 18:12:07.174, 0, 0 %, 0 %, 35285 MiB, 36.16 W
2026/09/11 18:12:07.174, 1, 12 %, 0 %, 35285 MiB, 35.23 W
2026/09/11 18:12:07.174, 2, 0 %, 0 %, 35284 MiB, 36.38 W
2026/09/11 18:12:12.175, 0, 0 %, 0 %, 35285 MiB, 36.25 W
2026/09/11 18:12:12.175, 1, 0 %, 0 %, 35285 MiB, 36.31 W
2026/09/11 18:12:12.175, 2, 0 %, 0 %, 35284 MiB, 36.27 W
2026/09/11 18:12:17.175, 0, 0 %, 0 %, 35285 MiB, 36.06 W
2026/09/11 18:12:17.176, 1, 0 %, 0 %, 35285 MiB, 36.91 W
2026/09/11 18:12:17.176, 2, 0 %, 0 %, 35284 MiB, 36.37 W
2026/09/11 18:12:22.176, 0, 0 %, 0 %, 35285 MiB, 36.06 W
2026/09/11 18:12:22.176, 1, 0 %, 0 %, 35285 MiB, 35.34 W
2026/09/11 18:12:22.176, 2, 0 %, 0 %, 35284 MiB, 36.28 W
2026/09/11 18:12:27.177, 0, 0 %, 0 %, 35285 MiB, 35.86 W
2026/09/11 18:12:27.177, 1, 0 %, 0 %, 35285 MiB, 35.33 W
2026/09/11 18:12:27.177, 2, 0 %, 0 %, 35284 MiB, 36.19 W
2026/09/11 18:12:32.177, 0, 0 %, 0 %, 35285 MiB, 35.85 W
2026/09/11 18:12:32.178, 1, 0 %, 0 %, 35285 MiB, 35.34 W
2026/09/11 18:12:32.178, 2, 0 %, 0 %, 35284 MiB, 36.19 W
2026/09/11 18:12:37.178, 0, 0 %, 0 %, 35285 MiB, 35.85 W
2026/09/11 18:12:37.178, 1, 0 %, 0 %, 35285 MiB, 35.43 W
2026/09/11 18:12:37.178, 2, 0 %, 0 %, 35284 MiB, 36.19 W
2026/09/11 18:12:42.179, 0, 0 %, 0 %, 35285 MiB, 35.86 W
2026/09/11 18:12:42.179, 1, 16 %, 0 %, 35285 MiB, 35.33 W
2026/09/11 18:12:42.179, 2, 0 %, 0 %, 35284 MiB, 36.18 W
2026/09/11 18:12:47.180, 0, 0 %, 0 %, 35285 MiB, 36.16 W
2026/09/11 18:12:47.180, 1, 18 %, 0 %, 35285 MiB, 35.34 W
2026/09/11 18:12:47.180, 2, 0 %, 0 %, 35284 MiB, 36.19 W
2026/09/11 18:12:52.180, 0, 90 %, 3 %, 35285 MiB, 87.24 W
2026/09/11 18:12:52.180, 1, 93 %, 3 %, 35285 MiB, 79.77 W
2026/09/11 18:12:52.181, 2, 89 %, 3 %, 35284 MiB, 78.98 W
2026/09/11 18:12:57.181, 0, 93 %, 3 %, 35285 MiB, 84.21 W
2026/09/11 18:12:57.181, 1, 88 %, 3 %, 35285 MiB, 80.71 W
2026/09/11 18:12:57.181, 2, 93 %, 3 %, 35284 MiB, 80.61 W
2026/09/11 18:13:02.182, 0, 93 %, 5 %, 35285 MiB, 79.17 W
2026/09/11 18:13:02.182, 1, 91 %, 3 %, 35285 MiB, 79.42 W
2026/09/11 18:13:02.183, 2, 90 %, 3 %, 35284 MiB, 82.54 W
2026/09/11 18:13:07.183, 0, 86 %, 3 %, 35285 MiB, 86.68 W
2026/09/11 18:13:07.183, 1, 95 %, 3 %, 35285 MiB, 84.71 W
2026/09/11 18:13:07.183, 2, 90 %, 3 %, 35284 MiB, 84.04 W
2026/09/11 18:13:12.184, 0, 85 %, 3 %, 35285 MiB, 87.55 W
2026/09/11 18:13:12.184, 1, 90 %, 3 %, 35285 MiB, 79.71 W
2026/09/11 18:13:12.184, 2, 93 %, 5 %, 35284 MiB, 84.59 W
2026/09/11 18:13:17.185, 0, 95 %, 5 %, 35285 MiB, 85.15 W
2026/09/11 18:13:17.185, 1, 93 %, 3 %, 35285 MiB, 81.35 W
2026/09/11 18:13:17.185, 2, 92 %, 3 %, 35284 MiB, 83.16 W
2026/09/11 18:13:22.185, 0, 91 %, 3 %, 35285 MiB, 87.51 W
2026/09/11 18:13:22.185, 1, 91 %, 3 %, 35285 MiB, 78.36 W
2026/09/11 18:13:22.186, 2, 91 %, 3 %, 35284 MiB, 83.11 W
2026/09/11 18:13:27.186, 0, 92 %, 3 %, 35285 MiB, 83.90 W
2026/09/11 18:13:27.187, 1, 93 %, 3 %, 35285 MiB, 81.61 W
2026/09/11 18:13:27.187, 2, 92 %, 3 %, 35284 MiB, 82.16 W
2026/09/11 18:13:32.187, 0, 90 %, 3 %, 35285 MiB, 90.08 W
2026/09/11 18:13:32.187, 1, 90 %, 3 %, 35285 MiB, 82.28 W
2026/09/11 18:13:32.187, 2, 92 %, 3 %, 35284 MiB, 83.80 W
2026/09/11 18:13:37.188, 0, 91 %, 5 %, 35285 MiB, 85.69 W
2026/09/11 18:13:37.188, 1, 88 %, 3 %, 35285 MiB, 84.69 W
2026/09/11 18:13:37.188, 2, 91 %, 3 %, 35284 MiB, 85.54 W
2026/09/11 18:13:42.191, 0, 92 %, 3 %, 35285 MiB, 86.03 W
2026/09/11 18:13:42.191, 1, 87 %, 3 %, 35285 MiB, 85.31 W
2026/09/11 18:13:42.191, 2, 88 %, 3 %, 35284 MiB, 89.12 W
2026/09/11 18:13:47.191, 0, 93 %, 3 %, 35285 MiB, 84.08 W
2026/09/11 18:13:47.192, 1, 87 %, 3 %, 35285 MiB, 80.69 W
2026/09/11 18:13:47.192, 2, 91 %, 3 %, 35284 MiB, 87.54 W
2026/09/11 18:13:52.192, 0, 92 %, 3 %, 35285 MiB, 81.43 W
2026/09/11 18:13:52.192, 1, 88 %, 3 %, 35285 MiB, 82.62 W
2026/09/11 18:13:52.192, 2, 87 %, 3 %, 35284 MiB, 82.10 W
2026/09/11 18:13:57.193, 0, 89 %, 3 %, 35285 MiB, 86.49 W
2026/09/11 18:13:57.193, 1, 90 %, 5 %, 35285 MiB, 81.32 W
2026/09/11 18:13:57.193, 2, 91 %, 5 %, 35284 MiB, 84.60 W
2026/09/11 18:14:02.194, 0, 89 %, 3 %, 35285 MiB, 82.63 W
2026/09/11 18:14:02.194, 1, 95 %, 3 %, 35285 MiB, 82.97 W
2026/09/11 18:14:02.194, 2, 90 %, 5 %, 35284 MiB, 77.91 W
2026/09/11 18:14:07.195, 0, 86 %, 3 %, 35285 MiB, 84.50 W
2026/09/11 18:14:07.195, 1, 92 %, 3 %, 35285 MiB, 79.80 W
2026/09/11 18:14:07.195, 2, 91 %, 3 %, 35284 MiB, 82.44 W
2026/09/11 18:14:12.195, 0, 90 %, 6 %, 35285 MiB, 81.66 W
2026/09/11 18:14:12.196, 1, 92 %, 3 %, 35285 MiB, 81.86 W
2026/09/11 18:14:12.196, 2, 91 %, 3 %, 35284 MiB, 80.46 W
2026/09/11 18:14:17.196, 0, 89 %, 3 %, 35285 MiB, 84.67 W
2026/09/11 18:14:17.196, 1, 93 %, 5 %, 35285 MiB, 81.04 W
2026/09/11 18:14:17.196, 2, 91 %, 3 %, 35284 MiB, 79.12 W
2026/09/11 18:14:22.197, 0, 96 %, 3 %, 35285 MiB, 84.63 W
2026/09/11 18:14:22.197, 1, 98 %, 8 %, 35285 MiB, 82.30 W
2026/09/11 18:14:22.197, 2, 94 %, 6 %, 35284 MiB, 80.81 W
2026/09/11 18:14:27.198, 0, 91 %, 3 %, 35285 MiB, 83.49 W
2026/09/11 18:14:27.198, 1, 93 %, 3 %, 35285 MiB, 84.36 W
2026/09/11 18:14:27.198, 2, 94 %, 6 %, 35284 MiB, 84.37 W
2026/09/11 18:14:32.198, 0, 93 %, 3 %, 35285 MiB, 81.38 W
2026/09/11 18:14:32.199, 1, 96 %, 8 %, 35285 MiB, 93.43 W
2026/09/11 18:14:32.199, 2, 93 %, 5 %, 35284 MiB, 81.64 W
2026/09/11 18:14:37.199, 0, 95 %, 5 %, 35285 MiB, 111.14 W
2026/09/11 18:14:37.199, 1, 96 %, 6 %, 35285 MiB, 75.93 W
2026/09/11 18:14:37.199, 2, 91 %, 5 %, 35284 MiB, 83.75 W
2026/09/11 18:14:42.200, 0, 95 %, 6 %, 35285 MiB, 79.75 W
2026/09/11 18:14:42.201, 1, 95 %, 5 %, 35285 MiB, 76.86 W
2026/09/11 18:14:42.201, 2, 94 %, 8 %, 35284 MiB, 80.37 W
2026/09/11 18:14:47.201, 0, 99 %, 6 %, 35285 MiB, 80.18 W
2026/09/11 18:14:47.201, 1, 95 %, 5 %, 35285 MiB, 78.04 W
2026/09/11 18:14:47.201, 2, 96 %, 8 %, 35284 MiB, 118.42 W
2026/09/11 18:14:52.202, 0, 94 %, 4 %, 35285 MiB, 79.05 W
2026/09/11 18:14:52.203, 1, 98 %, 8 %, 35285 MiB, 76.38 W
2026/09/11 18:14:52.203, 2, 94 %, 8 %, 35284 MiB, 86.08 W
2026/09/11 18:14:57.204, 0, 31 %, 1 %, 35285 MiB, 71.60 W
2026/09/11 18:14:57.204, 1, 36 %, 1 %, 35285 MiB, 64.59 W
2026/09/11 18:14:57.204, 2, 38 %, 3 %, 35284 MiB, 68.49 W
2026/09/11 18:15:02.204, 0, 0 %, 0 %, 35285 MiB, 37.51 W
2026/09/11 18:15:02.204, 1, 0 %, 0 %, 35285 MiB, 37.19 W
2026/09/11 18:15:02.204, 2, 0 %, 0 %, 35284 MiB, 37.75 W
2026/09/11 18:15:07.206, 0, 0 %, 0 %, 35285 MiB, 37.51 W
2026/09/11 18:15:07.206, 1, 0 %, 0 %, 35285 MiB, 36.89 W
2026/09/11 18:15:07.206, 2, 0 %, 0 %, 35284 MiB, 37.65 W
2026/09/11 18:15:12.207, 0, 0 %, 0 %, 35285 MiB, 37.23 W
2026/09/11 18:15:12.208, 1, 0 %, 0 %, 35285 MiB, 37.00 W
2026/09/11 18:15:12.208, 2, 0 %, 0 %, 35284 MiB, 37.36 W
2026/09/11 18:15:17.209, 0, 0 %, 0 %, 35285 MiB, 37.03 W
2026/09/11 18:15:17.209, 1, 0 %, 0 %, 35285 MiB, 36.79 W
2026/09/11 18:15:17.209, 2, 0 %, 0 %, 35284 MiB, 37.36 W
2026/09/11 18:15:22.211, 0, 0 %, 0 %, 35285 MiB, 36.92 W
2026/09/11 18:15:22.211, 1, 0 %, 0 %, 35285 MiB, 36.50 W
2026/09/11 18:15:22.211, 2, 0 %, 0 %, 35284 MiB, 37.46 W
2026/09/11 18:15:27.213, 0, 0 %, 0 %, 35285 MiB, 37.03 W
2026/09/11 18:15:27.213, 1, 0 %, 0 %, 35285 MiB, 36.40 W
2026/09/11 18:15:27.213, 2, 0 %, 0 %, 35284 MiB, 37.36 W
2026/09/11 18:15:32.214, 0, 0 %, 0 %, 35285 MiB, 36.82 W
2026/09/11 18:15:32.214, 1, 0 %, 0 %, 35285 MiB, 36.49 W
2026/09/11 18:15:32.215, 2, 1 %, 0 %, 35284 MiB, 37.75 W
2026/09/11 18:15:37.215, 0, 0 %, 0 %, 35285 MiB, 37.71 W
2026/09/11 18:15:37.215, 1, 6 %, 1 %, 35285 MiB, 36.89 W
2026/09/11 18:15:37.216, 2, 4 %, 0 %, 35284 MiB, 37.75 W
2026/09/11 18:15:42.216, 0, 0 %, 0 %, 35285 MiB, 36.62 W
2026/09/11 18:15:42.216, 1, 0 %, 0 %, 35285 MiB, 36.29 W
2026/09/11 18:15:42.216, 2, 0 %, 0 %, 35284 MiB, 36.87 W
2026/09/11 18:15:47.216, 0, 0 %, 0 %, 35285 MiB, 36.52 W
2026/09/11 18:15:47.217, 1, 0 %, 0 %, 35285 MiB, 36.20 W
2026/09/11 18:15:47.217, 2, 0 %, 0 %, 35284 MiB, 36.97 W
2026/09/11 18:15:52.217, 0, 0 %, 0 %, 35285 MiB, 36.43 W
2026/09/11 18:15:52.217, 1, 0 %, 0 %, 35285 MiB, 36.09 W
2026/09/11 18:15:52.217, 2, 0 %, 0 %, 35284 MiB, 56.35 W
2026/09/11 18:15:57.222, 0, 0 %, 0 %, 35285 MiB, 36.33 W
2026/09/11 18:15:57.222, 1, 0 %, 0 %, 35285 MiB, 35.91 W
2026/09/11 18:15:57.222, 2, 0 %, 0 %, 35284 MiB, 37.17 W
2026/09/11 18:16:02.223, 0, 0 %, 0 %, 35285 MiB, 36.44 W
2026/09/11 18:16:02.223, 1, 0 %, 0 %, 35285 MiB, 35.90 W
2026/09/11 18:16:02.223, 2, 0 %, 0 %, 35284 MiB, 36.87 W
2026/09/11 18:16:07.224, 0, 0 %, 0 %, 35285 MiB, 36.26 W
2026/09/11 18:16:07.224, 1, 0 %, 0 %, 35285 MiB, 36.01 W
2026/09/11 18:16:07.224, 2, 0 %, 0 %, 35284 MiB, 36.77 W
2026/09/11 18:16:12.225, 0, 0 %, 0 %, 35285 MiB, 36.34 W
2026/09/11 18:16:12.225, 1, 3 %, 0 %, 35285 MiB, 35.92 W
2026/09/11 18:16:12.225, 2, 3 %, 0 %, 35284 MiB, 36.58 W
2026/09/11 18:16:17.226, 0, 0 %, 0 %, 35285 MiB, 40.79 W
2026/09/11 18:16:17.226, 1, 33 %, 1 %, 35285 MiB, 35.81 W
2026/09/11 18:16:17.227, 2, 12 %, 0 %, 35284 MiB, 36.67 W
2026/09/11 18:16:22.238, 0, 8 %, 0 %, 35285 MiB, 39.70 W
2026/09/11 18:16:22.238, 1, 0 %, 0 %, 35285 MiB, 35.81 W
2026/09/11 18:16:22.238, 2, 4 %, 0 %, 35284 MiB, 36.77 W
2026/09/11 18:16:27.239, 0, 6 %, 0 %, 35285 MiB, 36.43 W
2026/09/11 18:16:27.239, 1, 8 %, 0 %, 35285 MiB, 39.97 W
2026/09/11 18:16:27.239, 2, 0 %, 0 %, 35284 MiB, 46.56 W
2026/09/11 18:16:32.240, 0, 24 %, 0 %, 35285 MiB, 36.34 W
2026/09/11 18:16:32.240, 1, 16 %, 0 %, 35285 MiB, 35.81 W
2026/09/11 18:16:32.240, 2, 0 %, 0 %, 35284 MiB, 41.53 W
2026/09/11 18:16:37.241, 0, 0 %, 0 %, 35285 MiB, 40.29 W
2026/09/11 18:16:37.241, 1, 0 %, 0 %, 35285 MiB, 39.37 W
2026/09/11 18:16:37.241, 2, 14 %, 0 %, 35284 MiB, 37.26 W
2026/09/11 18:16:42.243, 0, 13 %, 0 %, 35285 MiB, 36.53 W
2026/09/11 18:16:42.243, 1, 1 %, 0 %, 35285 MiB, 36.60 W
2026/09/11 18:16:42.243, 2, 6 %, 0 %, 35284 MiB, 44.49 W
2026/09/11 18:16:47.245, 0, 12 %, 0 %, 35285 MiB, 39.88 W
2026/09/11 18:16:47.245, 1, 22 %, 0 %, 35285 MiB, 40.15 W
2026/09/11 18:16:47.245, 2, 22 %, 0 %, 35284 MiB, 36.68 W
2026/09/11 18:16:52.246, 0, 22 %, 0 %, 35285 MiB, 36.15 W
2026/09/11 18:16:52.246, 1, 42 %, 1 %, 35285 MiB, 35.92 W
2026/09/11 18:16:52.246, 2, 8 %, 0 %, 35284 MiB, 36.47 W
2026/09/11 18:16:57.247, 0, 31 %, 1 %, 35285 MiB, 36.14 W
2026/09/11 18:16:57.247, 1, 6 %, 0 %, 35285 MiB, 35.53 W
2026/09/11 18:16:57.247, 2, 15 %, 0 %, 35284 MiB, 36.57 W
2026/09/11 18:17:02.259, 0, 0 %, 0 %, 35285 MiB, 36.04 W
2026/09/11 18:17:02.259, 1, 19 %, 0 %, 35285 MiB, 36.30 W
2026/09/11 18:17:02.259, 2, 16 %, 0 %, 35284 MiB, 36.36 W
2026/09/11 18:17:07.260, 0, 10 %, 0 %, 35285 MiB, 36.44 W
2026/09/11 18:17:07.261, 1, 0 %, 0 %, 35285 MiB, 35.62 W
2026/09/11 18:17:07.261, 2, 9 %, 0 %, 35284 MiB, 36.37 W
2026/09/11 18:17:12.262, 0, 25 %, 0 %, 35285 MiB, 36.05 W
2026/09/11 18:17:12.262, 1, 8 %, 0 %, 35285 MiB, 38.89 W
2026/09/11 18:17:12.262, 2, 0 %, 0 %, 35284 MiB, 36.57 W
2026/09/11 18:17:17.262, 0, 0 %, 0 %, 35285 MiB, 38.49 W
2026/09/11 18:17:17.263, 1, 0 %, 0 %, 35285 MiB, 36.29 W
2026/09/11 18:17:17.263, 2, 0 %, 0 %, 35284 MiB, 41.68 W
2026/09/11 18:17:22.263, 0, 0 %, 0 %, 35285 MiB, 36.14 W
2026/09/11 18:17:22.263, 1, 16 %, 0 %, 35285 MiB, 35.62 W
2026/09/11 18:17:22.263, 2, 0 %, 0 %, 35284 MiB, 36.26 W
2026/09/11 18:17:27.265, 0, 2 %, 0 %, 35285 MiB, 36.23 W
2026/09/11 18:17:27.265, 1, 2 %, 0 %, 35285 MiB, 37.38 W
2026/09/11 18:17:27.265, 2, 0 %, 0 %, 35284 MiB, 41.43 W
2026/09/11 18:17:32.266, 0, 0 %, 0 %, 35285 MiB, 36.26 W
2026/09/11 18:17:32.267, 1, 2 %, 0 %, 35285 MiB, 35.53 W
2026/09/11 18:17:32.267, 2, 0 %, 0 %, 35284 MiB, 36.37 W
2026/09/11 18:17:37.267, 0, 0 %, 0 %, 35285 MiB, 35.96 W
2026/09/11 18:17:37.267, 1, 0 %, 0 %, 35285 MiB, 35.62 W
2026/09/11 18:17:37.267, 2, 0 %, 0 %, 35284 MiB, 36.38 W
2026/09/11 18:17:42.268, 0, 1 %, 0 %, 35285 MiB, 36.06 W
2026/09/11 18:17:42.268, 1, 0 %, 0 %, 35285 MiB, 35.23 W
2026/09/11 18:17:42.268, 2, 0 %, 0 %, 35284 MiB, 36.27 W
2026/09/11 18:17:47.268, 0, 0 %, 0 %, 35285 MiB, 36.05 W
2026/09/11 18:17:47.269, 1, 0 %, 0 %, 35285 MiB, 35.33 W
2026/09/11 18:17:47.269, 2, 0 %, 0 %, 35284 MiB, 36.47 W
2026/09/11 18:17:52.269, 0, 0 %, 0 %, 35285 MiB, 36.06 W
2026/09/11 18:17:52.270, 1, 24 %, 0 %, 35285 MiB, 35.33 W
2026/09/11 18:17:52.270, 2, 0 %, 0 %, 35284 MiB, 36.28 W
2026/09/11 18:17:57.270, 0, 0 %, 0 %, 35285 MiB, 36.06 W
2026/09/11 18:17:57.271, 1, 0 %, 0 %, 35285 MiB, 35.33 W
2026/09/11 18:17:57.271, 2, 0 %, 0 %, 35284 MiB, 36.18 W
2026/09/11 18:18:02.271, 0, 0 %, 0 %, 35285 MiB, 35.85 W
2026/09/11 18:18:02.271, 1, 0 %, 0 %, 35285 MiB, 35.24 W
2026/09/11 18:18:02.271, 2, 0 %, 0 %, 35284 MiB, 36.19 W
2026/09/11 18:18:07.272, 0, 0 %, 0 %, 35285 MiB, 36.06 W
2026/09/11 18:18:07.272, 1, 0 %, 0 %, 35285 MiB, 35.23 W
2026/09/11 18:18:07.272, 2, 0 %, 0 %, 35284 MiB, 36.19 W
2026/09/11 18:18:12.272, 0, 0 %, 0 %, 35285 MiB, 35.86 W
2026/09/11 18:18:12.273, 1, 0 %, 0 %, 35285 MiB, 35.12 W
2026/09/11 18:18:12.273, 2, 0 %, 0 %, 35284 MiB, 36.19 W
2026/09/11 18:18:17.273, 0, 0 %, 0 %, 35285 MiB, 35.86 W
2026/09/11 18:18:17.274, 1, 0 %, 0 %, 35285 MiB, 35.24 W
2026/09/11 18:18:17.274, 2, 0 %, 0 %, 35284 MiB, 36.07 W
2026/09/11 18:18:22.275, 0, 91 %, 3 %, 35285 MiB, 80.46 W
2026/09/11 18:18:22.277, 1, 92 %, 3 %, 35285 MiB, 80.15 W
2026/09/11 18:18:22.277, 2, 67 %, 2 %, 35284 MiB, 75.52 W
2026/09/11 18:18:27.279, 0, 89 %, 3 %, 35285 MiB, 82.10 W
2026/09/11 18:18:27.280, 1, 91 %, 3 %, 35285 MiB, 81.11 W
2026/09/11 18:18:27.280, 2, 92 %, 3 %, 35284 MiB, 84.39 W
2026/09/11 18:18:32.280, 0, 90 %, 3 %, 35285 MiB, 81.81 W
2026/09/11 18:18:32.280, 1, 87 %, 4 %, 35285 MiB, 82.66 W
2026/09/11 18:18:32.280, 2, 93 %, 3 %, 35284 MiB, 84.97 W
2026/09/11 18:18:37.281, 0, 91 %, 5 %, 35285 MiB, 85.11 W
2026/09/11 18:18:37.281, 1, 91 %, 3 %, 35285 MiB, 85.77 W
2026/09/11 18:18:37.281, 2, 92 %, 3 %, 35284 MiB, 79.64 W
2026/09/11 18:18:42.282, 0, 93 %, 5 %, 35285 MiB, 88.82 W
2026/09/11 18:18:42.282, 1, 92 %, 3 %, 35285 MiB, 80.92 W
2026/09/11 18:18:42.282, 2, 88 %, 3 %, 35284 MiB, 117.75 W
2026/09/11 18:18:47.282, 0, 84 %, 4 %, 35285 MiB, 84.16 W
2026/09/11 18:18:47.283, 1, 91 %, 5 %, 35285 MiB, 79.30 W
2026/09/11 18:18:47.283, 2, 86 %, 3 %, 35284 MiB, 87.73 W
2026/09/11 18:18:52.283, 0, 87 %, 3 %, 35285 MiB, 81.58 W
2026/09/11 18:18:52.283, 1, 97 %, 6 %, 35285 MiB, 83.35 W
2026/09/11 18:18:52.283, 2, 93 %, 3 %, 35284 MiB, 80.06 W
2026/09/11 18:18:57.284, 0, 91 %, 3 %, 35285 MiB, 85.06 W
2026/09/11 18:18:57.284, 1, 92 %, 5 %, 35285 MiB, 78.19 W
2026/09/11 18:18:57.285, 2, 91 %, 3 %, 35284 MiB, 80.23 W
2026/09/11 18:19:02.285, 0, 88 %, 3 %, 35285 MiB, 88.97 W
2026/09/11 18:19:02.285, 1, 88 %, 3 %, 35285 MiB, 83.25 W
2026/09/11 18:19:02.285, 2, 89 %, 3 %, 35284 MiB, 83.07 W
2026/09/11 18:19:07.286, 0, 92 %, 3 %, 35285 MiB, 83.74 W
2026/09/11 18:19:07.286, 1, 92 %, 3 %, 35285 MiB, 83.16 W
2026/09/11 18:19:07.286, 2, 95 %, 5 %, 35284 MiB, 82.38 W
2026/09/11 18:19:12.287, 0, 88 %, 3 %, 35285 MiB, 91.94 W
2026/09/11 18:19:12.287, 1, 91 %, 3 %, 35285 MiB, 76.03 W
2026/09/11 18:19:12.287, 2, 92 %, 5 %, 35284 MiB, 76.71 W
2026/09/11 18:19:17.287, 0, 88 %, 3 %, 35285 MiB, 92.40 W
2026/09/11 18:19:17.287, 1, 88 %, 3 %, 35285 MiB, 86.17 W
2026/09/11 18:19:17.288, 2, 95 %, 5 %, 35284 MiB, 82.51 W
2026/09/11 18:19:22.288, 0, 89 %, 3 %, 35285 MiB, 86.41 W
2026/09/11 18:19:22.288, 1, 96 %, 3 %, 35285 MiB, 79.79 W
2026/09/11 18:19:22.288, 2, 93 %, 5 %, 35284 MiB, 83.42 W
2026/09/11 18:19:27.289, 0, 90 %, 3 %, 35285 MiB, 84.46 W
2026/09/11 18:19:27.289, 1, 93 %, 3 %, 35285 MiB, 81.58 W
2026/09/11 18:19:27.290, 2, 94 %, 3 %, 35284 MiB, 81.86 W
2026/09/11 18:19:32.290, 0, 88 %, 3 %, 35285 MiB, 105.01 W
2026/09/11 18:19:32.290, 1, 93 %, 3 %, 35285 MiB, 87.24 W
2026/09/11 18:19:32.290, 2, 88 %, 3 %, 35284 MiB, 87.84 W
2026/09/11 18:19:37.291, 0, 88 %, 3 %, 35285 MiB, 89.59 W
2026/09/11 18:19:37.291, 1, 93 %, 3 %, 35285 MiB, 84.40 W
2026/09/11 18:19:37.291, 2, 88 %, 4 %, 35284 MiB, 85.48 W
2026/09/11 18:19:42.292, 0, 90 %, 3 %, 35285 MiB, 79.71 W
2026/09/11 18:19:42.292, 1, 85 %, 3 %, 35285 MiB, 80.44 W
2026/09/11 18:19:42.292, 2, 90 %, 3 %, 35284 MiB, 86.08 W
2026/09/11 18:19:47.293, 0, 88 %, 3 %, 35285 MiB, 85.33 W
2026/09/11 18:19:47.293, 1, 93 %, 3 %, 35285 MiB, 79.15 W
2026/09/11 18:19:47.293, 2, 96 %, 6 %, 35284 MiB, 143.15 W
2026/09/11 18:19:52.293, 0, 93 %, 3 %, 35285 MiB, 109.33 W
2026/09/11 18:19:52.294, 1, 88 %, 3 %, 35285 MiB, 82.80 W
2026/09/11 18:19:52.294, 2, 96 %, 5 %, 35284 MiB, 81.54 W
2026/09/11 18:19:57.294, 0, 95 %, 6 %, 35285 MiB, 84.57 W
2026/09/11 18:19:57.295, 1, 96 %, 5 %, 35285 MiB, 79.37 W
2026/09/11 18:19:57.295, 2, 96 %, 3 %, 35284 MiB, 81.96 W
2026/09/11 18:20:02.295, 0, 92 %, 3 %, 35285 MiB, 95.95 W
2026/09/11 18:20:02.296, 1, 94 %, 5 %, 35285 MiB, 88.56 W
2026/09/11 18:20:02.296, 2, 95 %, 3 %, 35284 MiB, 82.29 W
2026/09/11 18:20:07.296, 0, 94 %, 6 %, 35285 MiB, 84.18 W
2026/09/11 18:20:07.296, 1, 95 %, 3 %, 35285 MiB, 81.42 W
2026/09/11 18:20:07.296, 2, 98 %, 5 %, 35284 MiB, 79.83 W
2026/09/11 18:20:12.297, 0, 96 %, 6 %, 35285 MiB, 81.45 W
2026/09/11 18:20:12.297, 1, 96 %, 5 %, 35285 MiB, 80.46 W
2026/09/11 18:20:12.297, 2, 97 %, 6 %, 35284 MiB, 80.56 W
2026/09/11 18:20:17.298, 0, 96 %, 5 %, 35285 MiB, 83.01 W
2026/09/11 18:20:17.298, 1, 96 %, 5 %, 35285 MiB, 77.53 W
2026/09/11 18:20:17.298, 2, 98 %, 8 %, 35284 MiB, 80.72 W
2026/09/11 18:20:22.300, 0, 95 %, 6 %, 35285 MiB, 83.17 W
2026/09/11 18:20:22.300, 1, 97 %, 8 %, 35285 MiB, 78.89 W
2026/09/11 18:20:22.300, 2, 97 %, 5 %, 35284 MiB, 82.75 W
2026/09/11 18:20:27.300, 0, 98 %, 5 %, 35285 MiB, 81.24 W
2026/09/11 18:20:27.301, 1, 66 %, 2 %, 35285 MiB, 92.79 W
2026/09/11 18:20:27.301, 2, 95 %, 6 %, 35284 MiB, 84.96 W
2026/09/11 18:20:32.302, 0, 0 %, 0 %, 35285 MiB, 57.91 W
2026/09/11 18:20:32.302, 1, 0 %, 0 %, 35285 MiB, 57.06 W
2026/09/11 18:20:32.302, 2, 0 %, 0 %, 35284 MiB, 58.00 W
2026/09/11 18:20:37.303, 0, 0 %, 0 %, 35285 MiB, 37.51 W
2026/09/11 18:20:37.303, 1, 0 %, 0 %, 35285 MiB, 37.19 W
2026/09/11 18:20:37.303, 2, 0 %, 0 %, 35284 MiB, 37.85 W
2026/09/11 18:20:42.304, 0, 0 %, 0 %, 35285 MiB, 37.51 W
2026/09/11 18:20:42.304, 1, 0 %, 0 %, 35285 MiB, 36.99 W
2026/09/11 18:20:42.304, 2, 0 %, 0 %, 35284 MiB, 37.65 W
2026/09/11 18:20:47.313, 0, 0 %, 0 %, 35285 MiB, 37.22 W
2026/09/11 18:20:47.314, 1, 0 %, 0 %, 35285 MiB, 37.39 W
2026/09/11 18:20:47.314, 2, 0 %, 0 %, 35284 MiB, 37.56 W
2026/09/11 18:20:52.319, 0, 0 %, 0 %, 35285 MiB, 37.01 W
2026/09/11 18:20:52.319, 1, 0 %, 0 %, 35285 MiB, 36.89 W
2026/09/11 18:20:52.319, 2, 0 %, 0 %, 35284 MiB, 37.36 W
2026/09/11 18:20:57.321, 0, 4 %, 0 %, 35285 MiB, 37.03 W
2026/09/11 18:20:57.321, 1, 0 %, 0 %, 35285 MiB, 36.49 W
2026/09/11 18:20:57.321, 2, 0 %, 0 %, 35284 MiB, 37.36 W
2026/09/11 18:21:02.323, 0, 0 %, 0 %, 35285 MiB, 37.12 W
2026/09/11 18:21:02.323, 1, 0 %, 0 %, 35285 MiB, 36.29 W
2026/09/11 18:21:02.323, 2, 0 %, 0 %, 35284 MiB, 37.85 W
2026/09/11 18:21:07.324, 0, 0 %, 0 %, 35285 MiB, 37.21 W
2026/09/11 18:21:07.325, 1, 0 %, 0 %, 35285 MiB, 36.29 W
2026/09/11 18:21:07.325, 2, 0 %, 0 %, 35284 MiB, 37.17 W
2026/09/11 18:21:12.326, 0, 0 %, 0 %, 35285 MiB, 38.20 W
2026/09/11 18:21:12.326, 1, 0 %, 0 %, 35285 MiB, 36.39 W
2026/09/11 18:21:12.326, 2, 4 %, 0 %, 35284 MiB, 37.17 W
2026/09/11 18:21:17.327, 0, 0 %, 0 %, 35285 MiB, 36.62 W
2026/09/11 18:21:17.327, 1, 0 %, 0 %, 35285 MiB, 36.21 W
2026/09/11 18:21:17.328, 2, 0 %, 0 %, 35284 MiB, 37.26 W
2026/09/11 18:21:22.328, 0, 0 %, 0 %, 35285 MiB, 36.52 W
2026/09/11 18:21:22.328, 1, 0 %, 0 %, 35285 MiB, 36.10 W
2026/09/11 18:21:22.328, 2, 0 %, 0 %, 35284 MiB, 36.77 W
2026/09/11 18:21:27.329, 0, 0 %, 0 %, 35285 MiB, 36.43 W
2026/09/11 18:21:27.329, 1, 0 %, 0 %, 35285 MiB, 35.90 W
2026/09/11 18:21:27.329, 2, 0 %, 0 %, 35284 MiB, 36.77 W
2026/09/11 18:21:32.331, 0, 7 %, 0 %, 35285 MiB, 36.44 W
2026/09/11 18:21:32.331, 1, 0 %, 0 %, 35285 MiB, 36.01 W
2026/09/11 18:21:32.331, 2, 4 %, 0 %, 35284 MiB, 36.77 W
2026/09/11 18:21:37.332, 0, 0 %, 0 %, 35285 MiB, 36.43 W
2026/09/11 18:21:37.332, 1, 0 %, 0 %, 35285 MiB, 35.90 W
2026/09/11 18:21:37.333, 2, 0 %, 0 %, 35284 MiB, 36.77 W
2026/09/11 18:21:42.333, 0, 0 %, 0 %, 35285 MiB, 36.35 W
2026/09/11 18:21:42.333, 1, 0 %, 0 %, 35285 MiB, 35.92 W
2026/09/11 18:21:42.334, 2, 0 %, 0 %, 35284 MiB, 36.69 W
2026/09/11 18:21:47.335, 0, 6 %, 0 %, 35285 MiB, 36.44 W
2026/09/11 18:21:47.335, 1, 31 %, 1 %, 35285 MiB, 35.92 W
2026/09/11 18:21:47.335, 2, 8 %, 0 %, 35284 MiB, 38.74 W
2026/09/11 18:21:52.336, 0, 17 %, 0 %, 35285 MiB, 41.28 W
2026/09/11 18:21:52.337, 1, 9 %, 0 %, 35285 MiB, 41.64 W
2026/09/11 18:21:52.337, 2, 10 %, 0 %, 35284 MiB, 36.68 W
2026/09/11 18:21:57.338, 0, 0 %, 0 %, 35285 MiB, 41.69 W
2026/09/11 18:21:57.338, 1, 18 %, 0 %, 35285 MiB, 37.59 W
2026/09/11 18:21:57.338, 2, 0 %, 0 %, 35284 MiB, 38.94 W
2026/09/11 18:22:02.339, 0, 30 %, 1 %, 35285 MiB, 36.44 W
2026/09/11 18:22:02.340, 1, 8 %, 0 %, 35285 MiB, 35.72 W
2026/09/11 18:22:02.340, 2, 28 %, 0 %, 35284 MiB, 36.57 W
2026/09/11 18:22:07.341, 0, 8 %, 0 %, 35285 MiB, 36.24 W
2026/09/11 18:22:07.341, 1, 14 %, 0 %, 35285 MiB, 40.07 W
2026/09/11 18:22:07.341, 2, 0 %, 0 %, 35284 MiB, 39.84 W
2026/09/11 18:22:12.342, 0, 16 %, 0 %, 35285 MiB, 38.21 W
2026/09/11 18:22:12.342, 1, 26 %, 0 %, 35285 MiB, 35.72 W
2026/09/11 18:22:12.342, 2, 0 %, 0 %, 35284 MiB, 42.33 W
2026/09/11 18:22:17.346, 0, 0 %, 0 %, 35285 MiB, 39.60 W
2026/09/11 18:22:17.346, 1, 14 %, 0 %, 35285 MiB, 35.53 W
2026/09/11 18:22:17.346, 2, 10 %, 0 %, 35284 MiB, 36.57 W
2026/09/11 18:22:22.348, 0, 14 %, 0 %, 35285 MiB, 36.34 W
2026/09/11 18:22:22.348, 1, 2 %, 0 %, 35285 MiB, 39.37 W
2026/09/11 18:22:22.348, 2, 21 %, 0 %, 35284 MiB, 40.23 W
2026/09/11 18:22:27.349, 0, 27 %, 0 %, 35285 MiB, 36.24 W
2026/09/11 18:22:27.349, 1, 49 %, 1 %, 35285 MiB, 36.90 W
2026/09/11 18:22:27.349, 2, 12 %, 0 %, 35284 MiB, 41.52 W
2026/09/11 18:22:32.351, 0, 12 %, 0 %, 35285 MiB, 36.34 W
2026/09/11 18:22:32.351, 1, 14 %, 0 %, 35285 MiB, 35.72 W
2026/09/11 18:22:32.351, 2, 29 %, 0 %, 35284 MiB, 37.45 W
2026/09/11 18:22:37.352, 0, 16 %, 0 %, 35285 MiB, 37.61 W
2026/09/11 18:22:37.353, 1, 16 %, 0 %, 35285 MiB, 35.42 W
2026/09/11 18:22:37.353, 2, 16 %, 0 %, 35284 MiB, 36.27 W
2026/09/11 18:22:42.354, 0, 8 %, 0 %, 35285 MiB, 44.05 W
2026/09/11 18:22:42.354, 1, 14 %, 0 %, 35285 MiB, 35.82 W
2026/09/11 18:22:42.354, 2, 14 %, 0 %, 35284 MiB, 38.94 W
2026/09/11 18:22:47.356, 0, 4 %, 0 %, 35285 MiB, 37.13 W
2026/09/11 18:22:47.357, 1, 16 %, 0 %, 35285 MiB, 39.87 W
2026/09/11 18:22:47.357, 2, 0 %, 0 %, 35284 MiB, 38.25 W
2026/09/11 18:22:52.357, 0, 10 %, 0 %, 35285 MiB, 39.58 W
2026/09/11 18:22:52.358, 1, 42 %, 1 %, 35285 MiB, 41.13 W
2026/09/11 18:22:52.358, 2, 22 %, 0 %, 35284 MiB, 36.46 W
2026/09/11 18:22:57.358, 0, 16 %, 0 %, 35285 MiB, 36.13 W
2026/09/11 18:22:57.358, 1, 4 %, 0 %, 35285 MiB, 35.59 W
2026/09/11 18:22:57.358, 2, 16 %, 0 %, 35284 MiB, 36.36 W
2026/09/11 18:23:02.360, 0, 2 %, 0 %, 35285 MiB, 36.14 W
2026/09/11 18:23:02.360, 1, 1 %, 0 %, 35285 MiB, 35.71 W
2026/09/11 18:23:02.360, 2, 17 %, 0 %, 35284 MiB, 36.26 W
2026/09/11 18:23:07.361, 0, 14 %, 0 %, 35285 MiB, 36.34 W
2026/09/11 18:23:07.361, 1, 0 %, 0 %, 35285 MiB, 35.42 W
2026/09/11 18:23:07.361, 2, 0 %, 0 %, 35284 MiB, 41.84 W
2026/09/11 18:23:12.361, 0, 0 %, 0 %, 35285 MiB, 36.16 W
2026/09/11 18:23:12.362, 1, 0 %, 0 %, 35285 MiB, 35.34 W
2026/09/11 18:23:12.362, 2, 0 %, 0 %, 35284 MiB, 36.28 W
2026/09/11 18:23:17.362, 0, 0 %, 0 %, 35285 MiB, 36.06 W
2026/09/11 18:23:17.362, 1, 0 %, 0 %, 35285 MiB, 35.12 W
2026/09/11 18:23:17.362, 2, 12 %, 0 %, 35284 MiB, 36.38 W
2026/09/11 18:23:22.363, 0, 0 %, 0 %, 35285 MiB, 36.06 W
2026/09/11 18:23:22.364, 1, 0 %, 0 %, 35285 MiB, 35.34 W
2026/09/11 18:23:22.364, 2, 0 %, 0 %, 35284 MiB, 36.38 W
2026/09/11 18:23:27.364, 0, 0 %, 0 %, 35285 MiB, 36.16 W
2026/09/11 18:23:27.364, 1, 0 %, 0 %, 35285 MiB, 35.24 W
2026/09/11 18:23:27.364, 2, 0 %, 0 %, 35284 MiB, 36.28 W
2026/09/11 18:23:32.365, 0, 0 %, 0 %, 35285 MiB, 35.96 W
2026/09/11 18:23:32.365, 1, 0 %, 0 %, 35285 MiB, 35.24 W
2026/09/11 18:23:32.365, 2, 0 %, 0 %, 35284 MiB, 36.09 W
2026/09/11 18:23:37.365, 0, 0 %, 0 %, 35285 MiB, 35.86 W
2026/09/11 18:23:37.366, 1, 0 %, 0 %, 35285 MiB, 35.43 W
2026/09/11 18:23:37.366, 2, 7 %, 0 %, 35284 MiB, 36.09 W
2026/09/11 18:23:42.366, 0, 0 %, 0 %, 35285 MiB, 35.85 W
2026/09/11 18:23:42.366, 1, 0 %, 0 %, 35285 MiB, 35.53 W
2026/09/11 18:23:42.366, 2, 0 %, 0 %, 35284 MiB, 36.37 W
2026/09/11 18:23:47.367, 0, 0 %, 0 %, 35285 MiB, 35.85 W
2026/09/11 18:23:47.368, 1, 0 %, 0 %, 35285 MiB, 35.24 W
2026/09/11 18:23:47.368, 2, 0 %, 0 %, 35284 MiB, 36.19 W
2026/09/11 18:23:52.369, 0, 0 %, 0 %, 35285 MiB, 35.86 W
2026/09/11 18:23:52.369, 1, 0 %, 0 %, 35285 MiB, 35.33 W
2026/09/11 18:23:52.369, 2, 16 %, 0 %, 35284 MiB, 36.19 W
2026/09/11 18:23:57.370, 0, 0 %, 0 %, 35285 MiB, 35.85 W
2026/09/11 18:23:57.370, 1, 0 %, 0 %, 35285 MiB, 35.34 W
2026/09/11 18:23:57.370, 2, 0 %, 0 %, 35284 MiB, 36.09 W
2026/09/11 18:24:02.370, 0, 0 %, 0 %, 35285 MiB, 36.06 W
2026/09/11 18:24:02.370, 1, 0 %, 0 %, 35285 MiB, 35.23 W
2026/09/11 18:24:02.370, 2, 0 %, 0 %, 35284 MiB, 36.18 W
2026/09/11 18:24:07.371, 0, 0 %, 0 %, 35285 MiB, 35.86 W
2026/09/11 18:24:07.371, 1, 0 %, 0 %, 35285 MiB, 35.34 W
2026/09/11 18:24:07.371, 2, 8 %, 0 %, 35284 MiB, 36.19 W
2026/09/11 18:24:12.372, 0, 0 %, 0 %, 35285 MiB, 35.96 W
2026/09/11 18:24:12.372, 1, 0 %, 0 %, 35285 MiB, 35.24 W
2026/09/11 18:24:12.372, 2, 0 %, 0 %, 35284 MiB, 36.19 W
2026/09/11 18:24:17.372, 0, 89 %, 3 %, 35285 MiB, 81.76 W
2026/09/11 18:24:17.372, 1, 93 %, 3 %, 35285 MiB, 107.38 W
2026/09/11 18:24:17.372, 2, 92 %, 3 %, 35284 MiB, 83.42 W
2026/09/11 18:24:22.373, 0, 86 %, 3 %, 35285 MiB, 94.25 W
2026/09/11 18:24:22.373, 1, 90 %, 3 %, 35285 MiB, 80.29 W
2026/09/11 18:24:22.373, 2, 89 %, 3 %, 35284 MiB, 81.46 W
2026/09/11 18:24:27.374, 0, 93 %, 6 %, 35285 MiB, 83.04 W
2026/09/11 18:24:27.374, 1, 89 %, 3 %, 35285 MiB, 84.16 W
2026/09/11 18:24:27.374, 2, 92 %, 3 %, 35284 MiB, 81.82 W
2026/09/11 18:24:32.374, 0, 89 %, 3 %, 35285 MiB, 84.53 W
2026/09/11 18:24:32.374, 1, 92 %, 3 %, 35285 MiB, 101.65 W
2026/09/11 18:24:32.375, 2, 92 %, 3 %, 35284 MiB, 81.20 W
2026/09/11 18:24:37.379, 0, 91 %, 3 %, 35285 MiB, 82.99 W
2026/09/11 18:24:37.379, 1, 88 %, 3 %, 35285 MiB, 81.85 W
2026/09/11 18:24:37.380, 2, 93 %, 5 %, 35284 MiB, 82.27 W
2026/09/11 18:24:42.380, 0, 86 %, 3 %, 35285 MiB, 90.35 W
2026/09/11 18:24:42.380, 1, 92 %, 3 %, 35285 MiB, 82.67 W
2026/09/11 18:24:42.380, 2, 96 %, 5 %, 35284 MiB, 81.17 W
2026/09/11 18:24:47.381, 0, 88 %, 3 %, 35285 MiB, 89.80 W
2026/09/11 18:24:47.381, 1, 88 %, 3 %, 35285 MiB, 83.11 W
2026/09/11 18:24:47.381, 2, 83 %, 3 %, 35284 MiB, 91.65 W
2026/09/11 18:24:52.382, 0, 91 %, 3 %, 35285 MiB, 82.74 W
2026/09/11 18:24:52.382, 1, 92 %, 3 %, 35285 MiB, 79.38 W
2026/09/11 18:24:52.382, 2, 93 %, 5 %, 35284 MiB, 85.67 W
2026/09/11 18:24:57.382, 0, 87 %, 3 %, 35285 MiB, 84.58 W
2026/09/11 18:24:57.382, 1, 88 %, 3 %, 35285 MiB, 83.12 W
2026/09/11 18:24:57.382, 2, 91 %, 3 %, 35284 MiB, 85.50 W
2026/09/11 18:25:02.383, 0, 91 %, 5 %, 35285 MiB, 84.51 W
2026/09/11 18:25:02.383, 1, 89 %, 3 %, 35285 MiB, 82.74 W
2026/09/11 18:25:02.383, 2, 91 %, 3 %, 35284 MiB, 82.66 W
2026/09/11 18:25:07.384, 0, 87 %, 3 %, 35285 MiB, 87.09 W
2026/09/11 18:25:07.384, 1, 91 %, 3 %, 35285 MiB, 81.77 W
2026/09/11 18:25:07.384, 2, 92 %, 3 %, 35284 MiB, 86.09 W
2026/09/11 18:25:12.384, 0, 92 %, 3 %, 35285 MiB, 83.97 W
2026/09/11 18:25:12.385, 1, 90 %, 4 %, 35285 MiB, 83.15 W
2026/09/11 18:25:12.385, 2, 89 %, 3 %, 35284 MiB, 84.29 W
2026/09/11 18:25:17.385, 0, 90 %, 3 %, 35285 MiB, 82.39 W
2026/09/11 18:25:17.385, 1, 90 %, 3 %, 35285 MiB, 78.38 W
2026/09/11 18:25:17.385, 2, 84 %, 3 %, 35284 MiB, 89.50 W
2026/09/11 18:25:22.386, 0, 91 %, 3 %, 35285 MiB, 83.41 W
2026/09/11 18:25:22.386, 1, 90 %, 3 %, 35285 MiB, 83.25 W
2026/09/11 18:25:22.386, 2, 89 %, 3 %, 35284 MiB, 88.69 W
2026/09/11 18:25:27.387, 0, 93 %, 5 %, 35285 MiB, 82.30 W
2026/09/11 18:25:27.387, 1, 92 %, 3 %, 35285 MiB, 84.30 W
2026/09/11 18:25:27.387, 2, 86 %, 4 %, 35284 MiB, 112.04 W
2026/09/11 18:25:32.388, 0, 88 %, 3 %, 35285 MiB, 84.78 W
2026/09/11 18:25:32.388, 1, 90 %, 3 %, 35285 MiB, 82.18 W
2026/09/11 18:25:32.388, 2, 90 %, 3 %, 35284 MiB, 89.42 W
2026/09/11 18:25:37.388, 0, 91 %, 3 %, 35285 MiB, 85.31 W
2026/09/11 18:25:37.389, 1, 87 %, 3 %, 35285 MiB, 83.98 W
2026/09/11 18:25:37.389, 2, 95 %, 3 %, 35284 MiB, 83.65 W
2026/09/11 18:25:42.390, 0, 89 %, 3 %, 35285 MiB, 88.26 W
2026/09/11 18:25:42.390, 1, 94 %, 5 %, 35285 MiB, 78.42 W
2026/09/11 18:25:42.390, 2, 95 %, 5 %, 35284 MiB, 87.54 W
2026/09/11 18:25:47.391, 0, 96 %, 5 %, 35285 MiB, 81.79 W
2026/09/11 18:25:47.391, 1, 92 %, 3 %, 35285 MiB, 80.48 W
2026/09/11 18:25:47.391, 2, 91 %, 3 %, 35284 MiB, 83.08 W
2026/09/11 18:25:52.391, 0, 94 %, 5 %, 35285 MiB, 81.62 W
2026/09/11 18:25:52.392, 1, 95 %, 5 %, 35285 MiB, 115.25 W
2026/09/11 18:25:52.392, 2, 95 %, 3 %, 35284 MiB, 83.20 W
2026/09/11 18:25:57.392, 0, 90 %, 6 %, 35285 MiB, 81.74 W
2026/09/11 18:25:57.392, 1, 96 %, 5 %, 35285 MiB, 109.72 W
2026/09/11 18:25:57.392, 2, 95 %, 5 %, 35284 MiB, 85.10 W
2026/09/11 18:26:02.393, 0, 97 %, 8 %, 35285 MiB, 84.44 W
2026/09/11 18:26:02.393, 1, 98 %, 5 %, 35285 MiB, 81.71 W
2026/09/11 18:26:02.393, 2, 98 %, 8 %, 35284 MiB, 87.34 W
2026/09/11 18:26:07.394, 0, 95 %, 10 %, 35285 MiB, 81.60 W
2026/09/11 18:26:07.394, 1, 96 %, 6 %, 35285 MiB, 78.88 W
2026/09/11 18:26:07.394, 2, 95 %, 3 %, 35284 MiB, 80.84 W
2026/09/11 18:26:12.394, 0, 97 %, 3 %, 35285 MiB, 89.06 W
2026/09/11 18:26:12.394, 1, 97 %, 5 %, 35285 MiB, 78.19 W
2026/09/11 18:26:12.395, 2, 99 %, 9 %, 35284 MiB, 82.61 W
2026/09/11 18:26:17.395, 0, 96 %, 6 %, 35285 MiB, 80.35 W
2026/09/11 18:26:17.395, 1, 96 %, 8 %, 35285 MiB, 78.21 W
2026/09/11 18:26:17.395, 2, 96 %, 3 %, 35284 MiB, 81.54 W
2026/09/11 18:26:22.397, 0, 100 %, 2 %, 35285 MiB, 58.31 W
2026/09/11 18:26:22.397, 1, 0 %, 0 %, 35285 MiB, 56.96 W
2026/09/11 18:26:22.397, 2, 0 %, 0 %, 35284 MiB, 58.69 W
2026/09/11 18:26:27.403, 0, 0 %, 0 %, 35285 MiB, 37.50 W
2026/09/11 18:26:27.403, 1, 0 %, 0 %, 35285 MiB, 37.19 W
2026/09/11 18:26:27.403, 2, 0 %, 0 %, 35284 MiB, 37.65 W
2026/09/11 18:26:32.415, 0, 0 %, 0 %, 35285 MiB, 37.32 W
2026/09/11 18:26:32.415, 1, 0 %, 0 %, 35285 MiB, 36.80 W
2026/09/11 18:26:32.416, 2, 0 %, 0 %, 35284 MiB, 37.46 W
2026/09/11 18:26:37.416, 0, 0 %, 0 %, 35285 MiB, 37.61 W
2026/09/11 18:26:37.417, 1, 0 %, 0 %, 35285 MiB, 36.79 W
2026/09/11 18:26:37.417, 2, 0 %, 0 %, 35284 MiB, 37.56 W
2026/09/11 18:26:42.417, 0, 0 %, 0 %, 35285 MiB, 37.12 W
2026/09/11 18:26:42.417, 1, 0 %, 0 %, 35285 MiB, 36.60 W
2026/09/11 18:26:42.417, 2, 0 %, 0 %, 35284 MiB, 37.46 W
2026/09/11 18:26:47.419, 0, 0 %, 0 %, 35285 MiB, 37.01 W
2026/09/11 18:26:47.419, 1, 0 %, 0 %, 35285 MiB, 36.99 W
2026/09/11 18:26:47.419, 2, 0 %, 0 %, 35284 MiB, 37.56 W
2026/09/11 18:26:52.420, 0, 0 %, 0 %, 35285 MiB, 36.92 W
2026/09/11 18:26:52.421, 1, 0 %, 0 %, 35285 MiB, 36.71 W
2026/09/11 18:26:52.421, 2, 0 %, 0 %, 35284 MiB, 37.56 W
2026/09/11 18:26:57.421, 0, 7 %, 0 %, 35285 MiB, 36.92 W
2026/09/11 18:26:57.421, 1, 0 %, 0 %, 35285 MiB, 36.39 W
2026/09/11 18:26:57.421, 2, 0 %, 0 %, 35284 MiB, 37.17 W
2026/09/11 18:27:02.423, 0, 0 %, 0 %, 35285 MiB, 36.62 W
2026/09/11 18:27:02.423, 1, 5 %, 0 %, 35285 MiB, 36.79 W
2026/09/11 18:27:02.423, 2, 0 %, 0 %, 35284 MiB, 36.97 W
2026/09/11 18:27:07.424, 0, 0 %, 0 %, 35285 MiB, 36.43 W
2026/09/11 18:27:07.425, 1, 0 %, 0 %, 35285 MiB, 36.29 W
2026/09/11 18:27:07.425, 2, 0 %, 0 %, 35284 MiB, 36.97 W
2026/09/11 18:27:12.426, 0, 0 %, 0 %, 35285 MiB, 36.52 W
2026/09/11 18:27:12.426, 1, 0 %, 0 %, 35285 MiB, 36.39 W
2026/09/11 18:27:12.426, 2, 0 %, 0 %, 35284 MiB, 36.97 W
2026/09/11 18:27:17.428, 0, 0 %, 0 %, 35285 MiB, 36.52 W
2026/09/11 18:27:17.428, 1, 0 %, 0 %, 35285 MiB, 36.10 W
2026/09/11 18:27:17.428, 2, 0 %, 0 %, 35284 MiB, 36.87 W
2026/09/11 18:27:22.435, 0, 1 %, 0 %, 35285 MiB, 36.43 W
2026/09/11 18:27:22.435, 1, 3 %, 0 %, 35285 MiB, 36.00 W
2026/09/11 18:27:22.435, 2, 0 %, 0 %, 35284 MiB, 36.77 W
2026/09/11 18:27:27.437, 0, 0 %, 0 %, 35285 MiB, 36.33 W
2026/09/11 18:27:27.437, 1, 0 %, 0 %, 35285 MiB, 35.90 W
2026/09/11 18:27:27.437, 2, 0 %, 0 %, 35284 MiB, 36.77 W
2026/09/11 18:27:32.438, 0, 0 %, 0 %, 35285 MiB, 36.35 W
2026/09/11 18:27:32.438, 1, 0 %, 0 %, 35285 MiB, 36.01 W
2026/09/11 18:27:32.438, 2, 0 %, 0 %, 35284 MiB, 36.79 W
2026/09/11 18:27:37.441, 0, 2 %, 0 %, 35285 MiB, 38.71 W
2026/09/11 18:27:37.441, 1, 26 %, 0 %, 35285 MiB, 42.53 W
2026/09/11 18:27:37.441, 2, 20 %, 0 %, 35284 MiB, 36.77 W
2026/09/11 18:27:42.442, 0, 12 %, 0 %, 35285 MiB, 36.44 W
2026/09/11 18:27:42.442, 1, 0 %, 0 %, 35285 MiB, 35.72 W
2026/09/11 18:27:42.443, 2, 8 %, 0 %, 35284 MiB, 36.77 W
2026/09/11 18:27:47.450, 0, 13 %, 0 %, 35285 MiB, 37.22 W
2026/09/11 18:27:47.450, 1, 22 %, 0 %, 35285 MiB, 37.38 W
2026/09/11 18:27:47.450, 2, 26 %, 0 %, 35284 MiB, 36.87 W
2026/09/11 18:27:52.460, 0, 12 %, 0 %, 35285 MiB, 39.00 W
2026/09/11 18:27:52.460, 1, 12 %, 0 %, 35285 MiB, 36.11 W
2026/09/11 18:27:52.460, 2, 10 %, 0 %, 35284 MiB, 36.66 W
2026/09/11 18:27:57.461, 0, 4 %, 0 %, 35285 MiB, 37.51 W
2026/09/11 18:27:57.461, 1, 18 %, 0 %, 35285 MiB, 37.19 W
2026/09/11 18:27:57.461, 2, 14 %, 0 %, 35284 MiB, 38.36 W
2026/09/11 18:28:02.462, 0, 22 %, 0 %, 35285 MiB, 36.23 W
2026/09/11 18:28:02.462, 1, 14 %, 0 %, 35285 MiB, 35.62 W
2026/09/11 18:28:02.462, 2, 19 %, 0 %, 35284 MiB, 42.31 W
2026/09/11 18:28:07.462, 0, 21 %, 0 %, 35285 MiB, 36.14 W
2026/09/11 18:28:07.462, 1, 10 %, 0 %, 35285 MiB, 35.81 W
2026/09/11 18:28:07.462, 2, 8 %, 0 %, 35284 MiB, 36.46 W
2026/09/11 18:28:12.463, 0, 6 %, 0 %, 35285 MiB, 36.24 W
2026/09/11 18:28:12.463, 1, 0 %, 0 %, 35285 MiB, 49.62 W
2026/09/11 18:28:12.464, 2, 24 %, 0 %, 35284 MiB, 42.69 W
2026/09/11 18:28:17.465, 0, 0 %, 0 %, 35285 MiB, 36.26 W
2026/09/11 18:28:17.465, 1, 29 %, 1 %, 35285 MiB, 35.62 W
2026/09/11 18:28:17.465, 2, 10 %, 0 %, 35284 MiB, 36.37 W
2026/09/11 18:28:22.474, 0, 10 %, 0 %, 35285 MiB, 36.13 W
2026/09/11 18:28:22.474, 1, 16 %, 0 %, 35285 MiB, 38.09 W
2026/09/11 18:28:22.474, 2, 20 %, 0 %, 35284 MiB, 36.46 W
2026/09/11 18:28:27.485, 0, 0 %, 0 %, 35285 MiB, 37.63 W
2026/09/11 18:28:27.485, 1, 14 %, 0 %, 35285 MiB, 35.63 W
2026/09/11 18:28:27.485, 2, 0 %, 0 %, 35284 MiB, 42.92 W
2026/09/11 18:28:32.487, 0, 10 %, 0 %, 35285 MiB, 36.34 W
2026/09/11 18:28:32.487, 1, 4 %, 0 %, 35285 MiB, 35.62 W
2026/09/11 18:28:32.487, 2, 5 %, 0 %, 35284 MiB, 36.36 W
2026/09/11 18:28:37.489, 0, 9 %, 0 %, 35285 MiB, 36.23 W
2026/09/11 18:28:37.489, 1, 40 %, 1 %, 35285 MiB, 36.00 W
2026/09/11 18:28:37.489, 2, 10 %, 0 %, 35284 MiB, 36.36 W
2026/09/11 18:28:42.490, 0, 0 %, 0 %, 35285 MiB, 36.13 W
2026/09/11 18:28:42.490, 1, 2 %, 0 %, 35285 MiB, 35.81 W
2026/09/11 18:28:42.491, 2, 0 %, 0 %, 35284 MiB, 36.36 W
2026/09/11 18:28:47.491, 0, 2 %, 0 %, 35285 MiB, 36.34 W
2026/09/11 18:28:47.491, 1, 0 %, 0 %, 35285 MiB, 35.33 W
2026/09/11 18:28:47.491, 2, 0 %, 0 %, 35284 MiB, 40.43 W
2026/09/11 18:28:52.492, 0, 0 %, 0 %, 35285 MiB, 36.06 W
2026/09/11 18:28:52.492, 1, 0 %, 0 %, 35285 MiB, 38.58 W
2026/09/11 18:28:52.492, 2, 0 %, 0 %, 35284 MiB, 36.36 W
2026/09/11 18:28:57.493, 0, 0 %, 0 %, 35285 MiB, 35.95 W
2026/09/11 18:28:57.494, 1, 0 %, 0 %, 35285 MiB, 40.27 W
2026/09/11 18:28:57.494, 2, 0 %, 0 %, 35284 MiB, 36.47 W
2026/09/11 18:29:02.494, 0, 0 %, 0 %, 35285 MiB, 36.16 W
2026/09/11 18:29:02.494, 1, 24 %, 0 %, 35285 MiB, 35.43 W
2026/09/11 18:29:02.494, 2, 0 %, 0 %, 35284 MiB, 36.37 W
2026/09/11 18:29:07.495, 0, 0 %, 0 %, 35285 MiB, 36.25 W
2026/09/11 18:29:07.495, 1, 0 %, 0 %, 35285 MiB, 35.34 W
2026/09/11 18:29:07.495, 2, 0 %, 0 %, 35284 MiB, 36.18 W
2026/09/11 18:29:12.495, 0, 0 %, 0 %, 35285 MiB, 35.96 W
2026/09/11 18:29:12.496, 1, 0 %, 0 %, 35285 MiB, 35.23 W
2026/09/11 18:29:12.496, 2, 0 %, 0 %, 35284 MiB, 36.38 W
2026/09/11 18:29:17.496, 0, 0 %, 0 %, 35285 MiB, 35.96 W
2026/09/11 18:29:17.496, 1, 0 %, 0 %, 35285 MiB, 35.53 W
2026/09/11 18:29:17.496, 2, 10 %, 0 %, 35284 MiB, 36.28 W
2026/09/11 18:29:22.497, 0, 0 %, 0 %, 35285 MiB, 35.96 W
2026/09/11 18:29:22.497, 1, 0 %, 0 %, 35285 MiB, 35.23 W
2026/09/11 18:29:22.497, 2, 0 %, 0 %, 35284 MiB, 36.19 W
2026/09/11 18:29:27.497, 0, 0 %, 0 %, 35285 MiB, 35.96 W
2026/09/11 18:29:27.498, 1, 0 %, 0 %, 35285 MiB, 35.24 W
2026/09/11 18:29:27.498, 2, 10 %, 0 %, 35284 MiB, 36.19 W
2026/09/11 18:29:32.498, 0, 0 %, 0 %, 35285 MiB, 35.96 W
2026/09/11 18:29:32.498, 1, 0 %, 0 %, 35285 MiB, 35.23 W
2026/09/11 18:29:32.498, 2, 0 %, 0 %, 35284 MiB, 36.27 W
2026/09/11 18:29:37.499, 0, 0 %, 0 %, 35285 MiB, 35.86 W
2026/09/11 18:29:37.499, 1, 0 %, 0 %, 35285 MiB, 35.43 W
2026/09/11 18:29:37.499, 2, 0 %, 0 %, 35284 MiB, 36.19 W
2026/09/11 18:29:42.500, 0, 89 %, 3 %, 35285 MiB, 81.08 W
2026/09/11 18:29:42.500, 1, 87 %, 3 %, 35285 MiB, 80.06 W
2026/09/11 18:29:42.500, 2, 90 %, 3 %, 35284 MiB, 86.46 W
2026/09/11 18:29:47.501, 0, 91 %, 3 %, 35285 MiB, 86.84 W
2026/09/11 18:29:47.501, 1, 90 %, 3 %, 35285 MiB, 82.51 W
2026/09/11 18:29:47.501, 2, 94 %, 3 %, 35284 MiB, 80.66 W
2026/09/11 18:29:52.501, 0, 94 %, 5 %, 35285 MiB, 88.28 W
2026/09/11 18:29:52.502, 1, 92 %, 3 %, 35285 MiB, 82.97 W
2026/09/11 18:29:52.502, 2, 89 %, 3 %, 35284 MiB, 79.44 W
2026/09/11 18:29:57.502, 0, 89 %, 3 %, 35285 MiB, 90.79 W
2026/09/11 18:29:57.503, 1, 91 %, 3 %, 35285 MiB, 89.34 W
2026/09/11 18:29:57.503, 2, 93 %, 5 %, 35284 MiB, 82.10 W
2026/09/11 18:30:02.503, 0, 91 %, 3 %, 35285 MiB, 86.69 W
2026/09/11 18:30:02.503, 1, 92 %, 3 %, 35285 MiB, 79.45 W
2026/09/11 18:30:02.503, 2, 90 %, 3 %, 35284 MiB, 81.15 W
2026/09/11 18:30:07.505, 0, 88 %, 5 %, 35285 MiB, 86.25 W
2026/09/11 18:30:07.505, 1, 86 %, 3 %, 35285 MiB, 86.08 W
2026/09/11 18:30:07.505, 2, 94 %, 3 %, 35284 MiB, 83.24 W
2026/09/11 18:30:12.506, 0, 95 %, 5 %, 35285 MiB, 85.97 W
2026/09/11 18:30:12.506, 1, 88 %, 3 %, 35285 MiB, 83.35 W
2026/09/11 18:30:12.506, 2, 95 %, 3 %, 35284 MiB, 81.56 W
2026/09/11 18:30:17.507, 0, 93 %, 3 %, 35285 MiB, 85.96 W
2026/09/11 18:30:17.507, 1, 90 %, 3 %, 35285 MiB, 82.48 W
2026/09/11 18:30:17.507, 2, 92 %, 3 %, 35284 MiB, 82.49 W
2026/09/11 18:30:22.507, 0, 93 %, 3 %, 35285 MiB, 88.07 W
2026/09/11 18:30:22.508, 1, 92 %, 3 %, 35285 MiB, 82.28 W
2026/09/11 18:30:22.508, 2, 89 %, 3 %, 35284 MiB, 83.32 W
2026/09/11 18:30:27.508, 0, 90 %, 3 %, 35285 MiB, 84.34 W
2026/09/11 18:30:27.508, 1, 91 %, 5 %, 35285 MiB, 80.23 W
2026/09/11 18:30:27.508, 2, 89 %, 3 %, 35284 MiB, 81.05 W
2026/09/11 18:30:32.509, 0, 89 %, 3 %, 35285 MiB, 86.04 W
2026/09/11 18:30:32.509, 1, 95 %, 3 %, 35285 MiB, 82.40 W
2026/09/11 18:30:32.509, 2, 88 %, 3 %, 35284 MiB, 84.91 W
2026/09/11 18:30:37.509, 0, 91 %, 3 %, 35285 MiB, 89.58 W
2026/09/11 18:30:37.510, 1, 86 %, 3 %, 35285 MiB, 83.54 W
2026/09/11 18:30:37.510, 2, 90 %, 3 %, 35284 MiB, 85.32 W
2026/09/11 18:30:42.510, 0, 93 %, 5 %, 35285 MiB, 84.12 W
2026/09/11 18:30:42.511, 1, 89 %, 3 %, 35285 MiB, 82.27 W
2026/09/11 18:30:42.511, 2, 89 %, 3 %, 35284 MiB, 84.54 W
2026/09/11 18:30:47.511, 0, 91 %, 3 %, 35285 MiB, 82.43 W
2026/09/11 18:30:47.511, 1, 89 %, 3 %, 35285 MiB, 87.15 W
2026/09/11 18:30:47.511, 2, 90 %, 3 %, 35284 MiB, 87.16 W
2026/09/11 18:30:52.512, 0, 93 %, 3 %, 35285 MiB, 85.36 W
2026/09/11 18:30:52.512, 1, 96 %, 3 %, 35285 MiB, 81.54 W
2026/09/11 18:30:52.512, 2, 90 %, 5 %, 35284 MiB, 85.72 W
2026/09/11 18:30:57.513, 0, 89 %, 3 %, 35285 MiB, 80.67 W
2026/09/11 18:30:57.513, 1, 92 %, 3 %, 35285 MiB, 84.18 W
2026/09/11 18:30:57.513, 2, 90 %, 3 %, 35284 MiB, 85.88 W
2026/09/11 18:31:02.514, 0, 90 %, 3 %, 35285 MiB, 86.25 W
2026/09/11 18:31:02.514, 1, 91 %, 3 %, 35285 MiB, 79.36 W
2026/09/11 18:31:02.514, 2, 94 %, 5 %, 35284 MiB, 86.53 W
2026/09/11 18:31:07.514, 0, 96 %, 6 %, 35285 MiB, 82.90 W
2026/09/11 18:31:07.514, 1, 90 %, 3 %, 35285 MiB, 88.09 W
2026/09/11 18:31:07.515, 2, 93 %, 3 %, 35284 MiB, 84.33 W
2026/09/11 18:31:12.515, 0, 92 %, 6 %, 35285 MiB, 79.93 W
2026/09/11 18:31:12.515, 1, 92 %, 3 %, 35285 MiB, 80.16 W
2026/09/11 18:31:12.515, 2, 97 %, 3 %, 35284 MiB, 80.33 W
2026/09/11 18:31:17.516, 0, 93 %, 5 %, 35285 MiB, 79.52 W
2026/09/11 18:31:17.516, 1, 95 %, 6 %, 35285 MiB, 78.72 W
2026/09/11 18:31:17.516, 2, 96 %, 3 %, 35284 MiB, 81.80 W
2026/09/11 18:31:22.517, 0, 97 %, 5 %, 35285 MiB, 87.18 W
2026/09/11 18:31:22.517, 1, 93 %, 3 %, 35285 MiB, 80.67 W
2026/09/11 18:31:22.517, 2, 94 %, 5 %, 35284 MiB, 81.39 W
2026/09/11 18:31:27.518, 0, 93 %, 3 %, 35285 MiB, 82.39 W
2026/09/11 18:31:27.518, 1, 96 %, 5 %, 35285 MiB, 78.50 W
2026/09/11 18:31:27.518, 2, 97 %, 4 %, 35284 MiB, 86.43 W
2026/09/11 18:31:32.519, 0, 93 %, 3 %, 35285 MiB, 99.71 W
2026/09/11 18:31:32.519, 1, 94 %, 3 %, 35285 MiB, 78.38 W
2026/09/11 18:31:32.519, 2, 97 %, 3 %, 35284 MiB, 82.24 W
2026/09/11 18:31:37.520, 0, 95 %, 8 %, 35285 MiB, 92.49 W
2026/09/11 18:31:37.520, 1, 98 %, 5 %, 35285 MiB, 77.50 W
2026/09/11 18:31:37.520, 2, 95 %, 3 %, 35284 MiB, 79.13 W
2026/09/11 18:31:42.522, 0, 95 %, 8 %, 35285 MiB, 83.96 W
2026/09/11 18:31:42.523, 1, 97 %, 3 %, 35285 MiB, 82.58 W
2026/09/11 18:31:42.523, 2, 97 %, 3 %, 35284 MiB, 84.05 W
2026/09/11 18:31:47.523, 0, 71 %, 4 %, 35285 MiB, 75.68 W
2026/09/11 18:31:47.523, 1, 72 %, 4 %, 35285 MiB, 72.92 W
2026/09/11 18:31:47.523, 2, 72 %, 2 %, 35284 MiB, 116.86 W
2026/09/11 18:31:52.525, 0, 0 %, 0 %, 35285 MiB, 37.71 W
2026/09/11 18:31:52.525, 1, 0 %, 0 %, 35285 MiB, 37.28 W
2026/09/11 18:31:52.525, 2, 0 %, 0 %, 35284 MiB, 38.14 W
2026/09/11 18:31:57.527, 0, 0 %, 0 %, 35285 MiB, 37.52 W
2026/09/11 18:31:57.527, 1, 0 %, 0 %, 35285 MiB, 37.29 W
2026/09/11 18:31:57.527, 2, 0 %, 0 %, 35284 MiB, 37.95 W
2026/09/11 18:32:02.528, 0, 0 %, 0 %, 35285 MiB, 37.51 W
2026/09/11 18:32:02.528, 1, 0 %, 0 %, 35285 MiB, 37.49 W
2026/09/11 18:32:02.529, 2, 0 %, 0 %, 35284 MiB, 37.65 W
2026/09/11 18:32:07.529, 0, 7 %, 1 %, 35285 MiB, 37.81 W
2026/09/11 18:32:07.529, 1, 0 %, 0 %, 35285 MiB, 36.60 W
2026/09/11 18:32:07.530, 2, 0 %, 0 %, 35284 MiB, 37.65 W
2026/09/11 18:32:12.539, 0, 0 %, 0 %, 35285 MiB, 37.03 W
2026/09/11 18:32:12.539, 1, 0 %, 0 %, 35285 MiB, 36.49 W
2026/09/11 18:32:12.539, 2, 0 %, 0 %, 35284 MiB, 37.46 W
2026/09/11 18:32:17.542, 0, 0 %, 0 %, 35285 MiB, 36.82 W
2026/09/11 18:32:17.543, 1, 0 %, 0 %, 35285 MiB, 36.60 W
2026/09/11 18:32:17.543, 2, 0 %, 0 %, 35284 MiB, 37.36 W
2026/09/11 18:32:22.543, 0, 0 %, 0 %, 35285 MiB, 37.32 W
2026/09/11 18:32:22.544, 1, 13 %, 1 %, 35285 MiB, 43.01 W
2026/09/11 18:32:22.544, 2, 0 %, 0 %, 35284 MiB, 47.74 W
2026/09/11 18:32:27.544, 0, 0 %, 0 %, 35285 MiB, 36.72 W
2026/09/11 18:32:27.544, 1, 0 %, 0 %, 35285 MiB, 36.39 W
2026/09/11 18:32:27.545, 2, 0 %, 0 %, 35284 MiB, 37.26 W
2026/09/11 18:32:32.545, 0, 0 %, 0 %, 35285 MiB, 36.52 W
2026/09/11 18:32:32.545, 1, 0 %, 0 %, 35285 MiB, 36.20 W
2026/09/11 18:32:32.545, 2, 0 %, 0 %, 35284 MiB, 36.97 W
2026/09/11 18:32:37.546, 0, 3 %, 0 %, 35285 MiB, 57.31 W
2026/09/11 18:32:37.547, 1, 0 %, 0 %, 35285 MiB, 36.29 W
2026/09/11 18:32:37.547, 2, 39 %, 1 %, 35284 MiB, 38.02 W
2026/09/11 18:32:42.548, 0, 6 %, 0 %, 35285 MiB, 36.52 W
2026/09/11 18:32:42.548, 1, 5 %, 0 %, 35285 MiB, 36.71 W
2026/09/11 18:32:42.548, 2, 0 %, 0 %, 35284 MiB, 37.07 W
2026/09/11 18:32:47.550, 0, 0 %, 0 %, 35285 MiB, 36.43 W
2026/09/11 18:32:47.550, 1, 0 %, 0 %, 35285 MiB, 36.00 W
2026/09/11 18:32:47.550, 2, 0 %, 0 %, 35284 MiB, 36.87 W
2026/09/11 18:32:52.559, 0, 0 %, 0 %, 35285 MiB, 36.44 W
2026/09/11 18:32:52.559, 1, 0 %, 0 %, 35285 MiB, 36.01 W
2026/09/11 18:32:52.559, 2, 0 %, 0 %, 35284 MiB, 36.77 W
2026/09/11 18:32:57.561, 0, 0 %, 0 %, 35285 MiB, 36.44 W
2026/09/11 18:32:57.561, 1, 0 %, 0 %, 35285 MiB, 36.01 W
2026/09/11 18:32:57.561, 2, 0 %, 0 %, 35284 MiB, 36.68 W
2026/09/11 18:33:02.562, 0, 8 %, 0 %, 35285 MiB, 40.19 W
2026/09/11 18:33:02.562, 1, 4 %, 0 %, 35285 MiB, 36.01 W
2026/09/11 18:33:02.562, 2, 10 %, 0 %, 35284 MiB, 36.88 W
2026/09/11 18:33:07.564, 0, 16 %, 0 %, 35285 MiB, 36.63 W
2026/09/11 18:33:07.564, 1, 18 %, 0 %, 35285 MiB, 35.91 W
2026/09/11 18:33:07.564, 2, 2 %, 0 %, 35284 MiB, 36.77 W
2026/09/11 18:33:12.565, 0, 15 %, 0 %, 35285 MiB, 36.52 W
2026/09/11 18:33:12.565, 1, 0 %, 0 %, 35285 MiB, 40.16 W
2026/09/11 18:33:12.566, 2, 0 %, 0 %, 35284 MiB, 36.66 W
2026/09/11 18:33:17.567, 0, 9 %, 0 %, 35285 MiB, 36.54 W
2026/09/11 18:33:17.567, 1, 26 %, 0 %, 35285 MiB, 35.82 W
2026/09/11 18:33:17.567, 2, 9 %, 0 %, 35284 MiB, 41.92 W
2026/09/11 18:33:22.568, 0, 14 %, 0 %, 35285 MiB, 36.83 W
2026/09/11 18:33:22.568, 1, 33 %, 1 %, 35285 MiB, 35.72 W
2026/09/11 18:33:22.569, 2, 0 %, 0 %, 35284 MiB, 42.90 W
2026/09/11 18:33:27.569, 0, 12 %, 0 %, 35285 MiB, 36.43 W
2026/09/11 18:33:27.569, 1, 14 %, 0 %, 35285 MiB, 36.11 W
2026/09/11 18:33:27.570, 2, 0 %, 0 %, 35284 MiB, 37.56 W
2026/09/11 18:33:32.573, 0, 10 %, 0 %, 35285 MiB, 36.52 W
2026/09/11 18:33:32.574, 1, 2 %, 0 %, 35285 MiB, 36.00 W
2026/09/11 18:33:32.574, 2, 29 %, 1 %, 35284 MiB, 36.57 W
2026/09/11 18:33:37.574, 0, 0 %, 0 %, 35285 MiB, 37.01 W
2026/09/11 18:33:37.574, 1, 21 %, 0 %, 35285 MiB, 41.44 W
2026/09/11 18:33:37.575, 2, 16 %, 0 %, 35284 MiB, 39.74 W
2026/09/11 18:33:42.576, 0, 26 %, 0 %, 35285 MiB, 37.72 W
2026/09/11 18:33:42.576, 1, 41 %, 1 %, 35285 MiB, 36.01 W
2026/09/11 18:33:42.576, 2, 25 %, 0 %, 35284 MiB, 36.97 W
2026/09/11 18:33:47.577, 0, 0 %, 0 %, 35285 MiB, 36.83 W
2026/09/11 18:33:47.577, 1, 4 %, 0 %, 35285 MiB, 36.81 W
2026/09/11 18:33:47.577, 2, 10 %, 0 %, 35284 MiB, 37.95 W
2026/09/11 18:33:52.578, 0, 33 %, 1 %, 35285 MiB, 36.33 W
2026/09/11 18:33:52.579, 1, 12 %, 0 %, 35285 MiB, 39.27 W
2026/09/11 18:33:52.579, 2, 10 %, 0 %, 35284 MiB, 41.31 W
2026/09/11 18:33:57.579, 0, 0 %, 0 %, 35285 MiB, 36.72 W
2026/09/11 18:33:57.580, 1, 5 %, 0 %, 35285 MiB, 36.10 W
2026/09/11 18:33:57.580, 2, 32 %, 1 %, 35284 MiB, 36.36 W
2026/09/11 18:34:02.580, 0, 0 %, 0 %, 35285 MiB, 41.29 W
2026/09/11 18:34:02.580, 1, 18 %, 0 %, 35285 MiB, 36.41 W
2026/09/11 18:34:02.581, 2, 0 %, 0 %, 35284 MiB, 43.60 W
2026/09/11 18:34:07.581, 0, 0 %, 0 %, 35285 MiB, 36.33 W
2026/09/11 18:34:07.582, 1, 40 %, 1 %, 35285 MiB, 36.50 W
2026/09/11 18:34:07.582, 2, 0 %, 0 %, 35284 MiB, 36.36 W
2026/09/11 18:34:12.582, 0, 6 %, 0 %, 35285 MiB, 36.13 W
2026/09/11 18:34:12.582, 1, 25 %, 0 %, 35285 MiB, 35.52 W
2026/09/11 18:34:12.582, 2, 0 %, 0 %, 35284 MiB, 37.75 W
2026/09/11 18:34:17.583, 0, 0 %, 0 %, 35285 MiB, 37.91 W
2026/09/11 18:34:17.583, 1, 0 %, 0 %, 35285 MiB, 40.66 W
2026/09/11 18:34:17.583, 2, 18 %, 0 %, 35284 MiB, 36.68 W
2026/09/11 18:34:22.583, 0, 0 %, 0 %, 35285 MiB, 36.06 W
2026/09/11 18:34:22.584, 1, 22 %, 0 %, 35285 MiB, 35.43 W
2026/09/11 18:34:22.584, 2, 0 %, 0 %, 35284 MiB, 36.37 W
2026/09/11 18:34:27.584, 0, 0 %, 0 %, 35285 MiB, 36.16 W
2026/09/11 18:34:27.584, 1, 0 %, 0 %, 35285 MiB, 35.34 W
2026/09/11 18:34:27.584, 2, 16 %, 0 %, 35284 MiB, 36.38 W
2026/09/11 18:34:32.585, 0, 0 %, 0 %, 35285 MiB, 36.25 W
2026/09/11 18:34:32.585, 1, 0 %, 0 %, 35285 MiB, 35.43 W
2026/09/11 18:34:32.585, 2, 0 %, 0 %, 35284 MiB, 36.48 W
2026/09/11 18:34:37.585, 0, 0 %, 0 %, 35285 MiB, 35.96 W
2026/09/11 18:34:37.586, 1, 0 %, 0 %, 35285 MiB, 35.23 W
2026/09/11 18:34:37.586, 2, 16 %, 0 %, 35284 MiB, 36.47 W
2026/09/11 18:34:42.586, 0, 0 %, 0 %, 35285 MiB, 36.16 W
2026/09/11 18:34:42.587, 1, 0 %, 0 %, 35285 MiB, 35.53 W
2026/09/11 18:34:42.587, 2, 0 %, 0 %, 35284 MiB, 39.56 W
2026/09/11 18:34:47.587, 0, 0 %, 0 %, 35285 MiB, 35.86 W
2026/09/11 18:34:47.588, 1, 0 %, 0 %, 35285 MiB, 35.24 W
2026/09/11 18:34:47.588, 2, 16 %, 0 %, 35284 MiB, 36.37 W
2026/09/11 18:34:52.588, 0, 0 %, 0 %, 35285 MiB, 35.74 W
2026/09/11 18:34:52.588, 1, 0 %, 0 %, 35285 MiB, 35.12 W
2026/09/11 18:34:52.589, 2, 15 %, 0 %, 35284 MiB, 36.19 W
2026/09/11 18:34:57.589, 0, 0 %, 0 %, 35285 MiB, 35.96 W
2026/09/11 18:34:57.589, 1, 0 %, 0 %, 35285 MiB, 35.33 W
2026/09/11 18:34:57.589, 2, 16 %, 0 %, 35284 MiB, 36.19 W
2026/09/11 18:35:02.590, 0, 0 %, 0 %, 35285 MiB, 35.96 W
2026/09/11 18:35:02.590, 1, 0 %, 0 %, 35285 MiB, 35.34 W
2026/09/11 18:35:02.590, 2, 0 %, 0 %, 35284 MiB, 37.56 W
2026/09/11 18:35:07.591, 0, 0 %, 0 %, 35285 MiB, 35.86 W
2026/09/11 18:35:07.591, 1, 0 %, 0 %, 35285 MiB, 35.34 W
2026/09/11 18:35:07.591, 2, 0 %, 0 %, 35284 MiB, 36.28 W
2026/09/11 18:35:12.592, 0, 0 %, 0 %, 35285 MiB, 35.85 W
2026/09/11 18:35:12.592, 1, 0 %, 0 %, 35285 MiB, 35.23 W
2026/09/11 18:35:12.592, 2, 0 %, 0 %, 35284 MiB, 36.19 W
2026/09/11 18:35:17.592, 0, 0 %, 0 %, 35285 MiB, 35.86 W
2026/09/11 18:35:17.592, 1, 0 %, 0 %, 35285 MiB, 35.43 W
2026/09/11 18:35:17.592, 2, 0 %, 0 %, 35284 MiB, 36.18 W
2026/09/11 18:35:22.593, 0, 0 %, 0 %, 35285 MiB, 35.96 W
2026/09/11 18:35:22.594, 1, 0 %, 0 %, 35285 MiB, 35.22 W
2026/09/11 18:35:22.594, 2, 0 %, 0 %, 35284 MiB, 36.37 W
2026/09/11 18:35:27.594, 0, 87 %, 3 %, 35285 MiB, 89.87 W
2026/09/11 18:35:27.594, 1, 92 %, 3 %, 35285 MiB, 83.87 W
2026/09/11 18:35:27.594, 2, 89 %, 3 %, 35284 MiB, 81.55 W
2026/09/11 18:35:32.595, 0, 92 %, 5 %, 35285 MiB, 81.68 W
2026/09/11 18:35:32.595, 1, 95 %, 3 %, 35285 MiB, 77.40 W
2026/09/11 18:35:32.595, 2, 84 %, 3 %, 35284 MiB, 85.71 W
2026/09/11 18:35:37.596, 0, 91 %, 5 %, 35285 MiB, 87.79 W
2026/09/11 18:35:37.596, 1, 92 %, 3 %, 35285 MiB, 77.68 W
2026/09/11 18:35:37.596, 2, 89 %, 3 %, 35284 MiB, 80.93 W
2026/09/11 18:35:42.597, 0, 94 %, 3 %, 35285 MiB, 83.62 W
2026/09/11 18:35:42.598, 1, 92 %, 5 %, 35285 MiB, 82.39 W
2026/09/11 18:35:42.598, 2, 89 %, 3 %, 35284 MiB, 82.27 W
2026/09/11 18:35:47.598, 0, 89 %, 3 %, 35285 MiB, 85.88 W
2026/09/11 18:35:47.598, 1, 86 %, 3 %, 35285 MiB, 84.82 W
2026/09/11 18:35:47.598, 2, 88 %, 3 %, 35284 MiB, 83.63 W
2026/09/11 18:35:52.599, 0, 90 %, 3 %, 35285 MiB, 89.66 W
2026/09/11 18:35:52.599, 1, 87 %, 3 %, 35285 MiB, 77.15 W
2026/09/11 18:35:52.599, 2, 90 %, 5 %, 35284 MiB, 81.09 W
2026/09/11 18:35:57.599, 0, 90 %, 3 %, 35285 MiB, 91.95 W
2026/09/11 18:35:57.600, 1, 88 %, 3 %, 35285 MiB, 83.07 W
2026/09/11 18:35:57.600, 2, 87 %, 5 %, 35284 MiB, 85.65 W
2026/09/11 18:36:02.600, 0, 90 %, 3 %, 35285 MiB, 79.39 W
2026/09/11 18:36:02.601, 1, 87 %, 3 %, 35285 MiB, 83.46 W
2026/09/11 18:36:02.601, 2, 89 %, 3 %, 35284 MiB, 83.40 W
2026/09/11 18:36:07.601, 0, 91 %, 3 %, 35285 MiB, 82.51 W
2026/09/11 18:36:07.601, 1, 91 %, 3 %, 35285 MiB, 85.53 W
2026/09/11 18:36:07.601, 2, 90 %, 3 %, 35284 MiB, 85.69 W
2026/09/11 18:36:12.602, 0, 86 %, 4 %, 35285 MiB, 86.39 W
2026/09/11 18:36:12.602, 1, 86 %, 3 %, 35285 MiB, 85.74 W
2026/09/11 18:36:12.602, 2, 93 %, 3 %, 35284 MiB, 83.40 W
2026/09/11 18:36:17.603, 0, 93 %, 3 %, 35285 MiB, 86.39 W
2026/09/11 18:36:17.603, 1, 87 %, 3 %, 35285 MiB, 84.16 W
2026/09/11 18:36:17.604, 2, 93 %, 3 %, 35284 MiB, 90.89 W
2026/09/11 18:36:22.610, 0, 91 %, 3 %, 35285 MiB, 85.54 W
2026/09/11 18:36:22.610, 1, 88 %, 3 %, 35285 MiB, 79.04 W
2026/09/11 18:36:22.610, 2, 87 %, 3 %, 35284 MiB, 85.39 W
2026/09/11 18:36:27.611, 0, 87 %, 3 %, 35285 MiB, 79.77 W
2026/09/11 18:36:27.611, 1, 88 %, 3 %, 35285 MiB, 83.10 W
2026/09/11 18:36:27.611, 2, 92 %, 3 %, 35284 MiB, 82.80 W
2026/09/11 18:36:32.611, 0, 95 %, 3 %, 35285 MiB, 81.93 W
2026/09/11 18:36:32.611, 1, 94 %, 3 %, 35285 MiB, 80.74 W
2026/09/11 18:36:32.612, 2, 90 %, 3 %, 35284 MiB, 84.65 W
2026/09/11 18:36:37.612, 0, 92 %, 5 %, 35285 MiB, 83.06 W
2026/09/11 18:36:37.612, 1, 94 %, 3 %, 35285 MiB, 84.25 W
2026/09/11 18:36:37.612, 2, 92 %, 5 %, 35284 MiB, 80.64 W
2026/09/11 18:36:42.613, 0, 90 %, 3 %, 35285 MiB, 84.15 W
2026/09/11 18:36:42.613, 1, 82 %, 4 %, 35285 MiB, 86.61 W
2026/09/11 18:36:42.614, 2, 93 %, 3 %, 35284 MiB, 83.78 W
2026/09/11 18:36:47.614, 0, 88 %, 3 %, 35285 MiB, 87.52 W
2026/09/11 18:36:47.614, 1, 93 %, 5 %, 35285 MiB, 81.36 W
2026/09/11 18:36:47.614, 2, 87 %, 3 %, 35284 MiB, 84.72 W
2026/09/11 18:36:52.615, 0, 92 %, 3 %, 35285 MiB, 83.47 W
2026/09/11 18:36:52.615, 1, 94 %, 5 %, 35285 MiB, 81.87 W
2026/09/11 18:36:52.615, 2, 89 %, 5 %, 35284 MiB, 87.19 W
2026/09/11 18:36:57.616, 0, 93 %, 3 %, 35285 MiB, 108.85 W
2026/09/11 18:36:57.616, 1, 90 %, 3 %, 35285 MiB, 81.99 W
2026/09/11 18:36:57.616, 2, 90 %, 3 %, 35284 MiB, 82.03 W
2026/09/11 18:37:02.617, 0, 90 %, 3 %, 35285 MiB, 115.36 W
2026/09/11 18:37:02.617, 1, 91 %, 3 %, 35285 MiB, 78.20 W
2026/09/11 18:37:02.617, 2, 91 %, 3 %, 35284 MiB, 83.57 W
2026/09/11 18:37:07.617, 0, 92 %, 3 %, 35285 MiB, 82.98 W
2026/09/11 18:37:07.618, 1, 96 %, 7 %, 35285 MiB, 76.80 W
2026/09/11 18:37:07.618, 2, 95 %, 5 %, 35284 MiB, 79.64 W
2026/09/11 18:37:12.618, 0, 91 %, 5 %, 35285 MiB, 91.27 W
2026/09/11 18:37:12.619, 1, 98 %, 3 %, 35285 MiB, 96.44 W
2026/09/11 18:37:12.619, 2, 96 %, 6 %, 35284 MiB, 86.47 W
2026/09/11 18:37:17.619, 0, 93 %, 6 %, 35285 MiB, 77.67 W
2026/09/11 18:37:17.620, 1, 93 %, 5 %, 35285 MiB, 77.05 W
2026/09/11 18:37:17.620, 2, 91 %, 6 %, 35284 MiB, 80.84 W
2026/09/11 18:37:22.620, 0, 95 %, 6 %, 35285 MiB, 79.05 W
2026/09/11 18:37:22.620, 1, 96 %, 6 %, 35285 MiB, 78.27 W
2026/09/11 18:37:22.620, 2, 95 %, 5 %, 35284 MiB, 123.46 W
2026/09/11 18:37:27.621, 0, 95 %, 5 %, 35285 MiB, 80.79 W
2026/09/11 18:37:27.622, 1, 94 %, 3 %, 35285 MiB, 80.06 W
2026/09/11 18:37:27.622, 2, 96 %, 3 %, 35284 MiB, 112.56 W
2026/09/11 18:37:32.622, 0, 95 %, 3 %, 35285 MiB, 81.13 W
2026/09/11 18:37:32.623, 1, 96 %, 3 %, 35285 MiB, 92.00 W
2026/09/11 18:37:32.623, 2, 96 %, 5 %, 35284 MiB, 122.61 W
2026/09/11 18:37:37.623, 0, 75 %, 2 %, 35285 MiB, 74.96 W
2026/09/11 18:37:37.624, 1, 68 %, 2 %, 35285 MiB, 64.49 W
2026/09/11 18:37:37.624, 2, 60 %, 3 %, 35284 MiB, 67.27 W
2026/09/11 18:37:42.624, 0, 0 %, 0 %, 35285 MiB, 37.81 W
2026/09/11 18:37:42.624, 1, 0 %, 0 %, 35285 MiB, 37.19 W
2026/09/11 18:37:42.625, 2, 0 %, 0 %, 35284 MiB, 38.35 W
2026/09/11 18:37:47.631, 0, 0 %, 0 %, 35285 MiB, 37.51 W
2026/09/11 18:37:47.631, 1, 0 %, 0 %, 35285 MiB, 36.99 W
2026/09/11 18:37:47.631, 2, 0 %, 0 %, 35284 MiB, 37.95 W
2026/09/11 18:37:52.633, 0, 0 %, 0 %, 35285 MiB, 37.32 W
2026/09/11 18:37:52.633, 1, 0 %, 0 %, 35285 MiB, 36.70 W
2026/09/11 18:37:52.633, 2, 0 %, 0 %, 35284 MiB, 37.85 W
2026/09/11 18:37:57.634, 0, 0 %, 0 %, 35285 MiB, 42.16 W
2026/09/11 18:37:57.634, 1, 0 %, 0 %, 35285 MiB, 36.79 W
2026/09/11 18:37:57.635, 2, 0 %, 0 %, 35284 MiB, 48.74 W
2026/09/11 18:38:02.635, 0, 0 %, 0 %, 35285 MiB, 37.12 W
2026/09/11 18:38:02.635, 1, 0 %, 0 %, 35285 MiB, 36.59 W
2026/09/11 18:38:02.636, 2, 0 %, 0 %, 35284 MiB, 37.65 W
2026/09/11 18:38:07.636, 0, 0 %, 0 %, 35285 MiB, 36.92 W
2026/09/11 18:38:07.637, 1, 0 %, 0 %, 35285 MiB, 36.59 W
2026/09/11 18:38:07.637, 2, 0 %, 0 %, 35284 MiB, 37.36 W
2026/09/11 18:38:12.637, 0, 5 %, 0 %, 35285 MiB, 36.83 W
2026/09/11 18:38:12.637, 1, 4 %, 0 %, 35285 MiB, 36.41 W
2026/09/11 18:38:12.637, 2, 5 %, 0 %, 35284 MiB, 39.74 W
2026/09/11 18:38:17.637, 0, 0 %, 0 %, 35285 MiB, 36.83 W
2026/09/11 18:38:17.637, 1, 0 %, 0 %, 35285 MiB, 36.40 W
2026/09/11 18:38:17.638, 2, 0 %, 0 %, 35284 MiB, 37.07 W
2026/09/11 18:38:22.638, 0, 0 %, 0 %, 35285 MiB, 36.62 W
2026/09/11 18:38:22.639, 1, 0 %, 0 %, 35285 MiB, 36.40 W
2026/09/11 18:38:22.639, 2, 4 %, 0 %, 35284 MiB, 37.07 W
2026/09/11 18:38:27.639, 0, 0 %, 0 %, 35285 MiB, 37.03 W
2026/09/11 18:38:27.639, 1, 0 %, 0 %, 35285 MiB, 36.21 W
2026/09/11 18:38:27.639, 2, 1 %, 0 %, 35284 MiB, 36.97 W
2026/09/11 18:38:32.647, 0, 5 %, 0 %, 35285 MiB, 40.76 W
2026/09/11 18:38:32.647, 1, 0 %, 0 %, 35285 MiB, 36.00 W
2026/09/11 18:38:32.647, 2, 0 %, 0 %, 35284 MiB, 36.87 W
2026/09/11 18:38:37.648, 0, 0 %, 0 %, 35285 MiB, 36.52 W
2026/09/11 18:38:37.648, 1, 0 %, 0 %, 35285 MiB, 36.11 W
2026/09/11 18:38:37.648, 2, 0 %, 0 %, 35284 MiB, 36.97 W
2026/09/11 18:38:42.650, 0, 0 %, 0 %, 35285 MiB, 36.43 W
2026/09/11 18:38:42.650, 1, 5 %, 0 %, 35285 MiB, 36.49 W
2026/09/11 18:38:42.650, 2, 0 %, 0 %, 35284 MiB, 36.87 W
2026/09/11 18:38:47.652, 0, 0 %, 0 %, 35285 MiB, 36.44 W
2026/09/11 18:38:47.652, 1, 0 %, 0 %, 35285 MiB, 35.81 W
2026/09/11 18:38:47.652, 2, 0 %, 0 %, 35284 MiB, 36.77 W
2026/09/11 18:38:52.653, 0, 0 %, 0 %, 35285 MiB, 36.55 W
2026/09/11 18:38:52.653, 1, 0 %, 0 %, 35285 MiB, 35.72 W
2026/09/11 18:38:52.653, 2, 0 %, 0 %, 35284 MiB, 36.69 W
2026/09/11 18:38:57.654, 0, 12 %, 0 %, 35285 MiB, 36.64 W
2026/09/11 18:38:57.654, 1, 0 %, 0 %, 35285 MiB, 35.72 W
2026/09/11 18:38:57.654, 2, 39 %, 1 %, 35284 MiB, 40.14 W
2026/09/11 18:39:02.655, 0, 10 %, 0 %, 35285 MiB, 36.52 W
2026/09/11 18:39:02.655, 1, 0 %, 0 %, 35285 MiB, 42.23 W
2026/09/11 18:39:02.655, 2, 4 %, 0 %, 35284 MiB, 37.46 W
2026/09/11 18:39:07.656, 0, 16 %, 0 %, 35285 MiB, 39.10 W
2026/09/11 18:39:07.656, 1, 0 %, 0 %, 35285 MiB, 43.49 W
2026/09/11 18:39:07.656, 2, 8 %, 0 %, 35284 MiB, 41.42 W
2026/09/11 18:39:12.656, 0, 16 %, 0 %, 35285 MiB, 36.44 W
2026/09/11 18:39:12.656, 1, 11 %, 0 %, 35285 MiB, 35.91 W
2026/09/11 18:39:12.657, 2, 16 %, 0 %, 35284 MiB, 37.17 W
2026/09/11 18:39:17.658, 0, 43 %, 1 %, 35285 MiB, 36.73 W
2026/09/11 18:39:17.658, 1, 0 %, 0 %, 35285 MiB, 35.72 W
2026/09/11 18:39:17.658, 2, 0 %, 0 %, 35284 MiB, 38.15 W
2026/09/11 18:39:22.660, 0, 3 %, 0 %, 35285 MiB, 36.25 W
2026/09/11 18:39:22.660, 1, 0 %, 0 %, 35285 MiB, 35.62 W
2026/09/11 18:39:22.660, 2, 24 %, 0 %, 35284 MiB, 36.47 W
2026/09/11 18:39:27.661, 0, 12 %, 0 %, 35285 MiB, 39.99 W
2026/09/11 18:39:27.661, 1, 0 %, 0 %, 35285 MiB, 35.62 W
2026/09/11 18:39:27.662, 2, 0 %, 0 %, 35284 MiB, 36.47 W
2026/09/11 18:39:32.667, 0, 23 %, 0 %, 35285 MiB, 37.61 W
2026/09/11 18:39:32.668, 1, 10 %, 0 %, 35285 MiB, 35.72 W
2026/09/11 18:39:32.668, 2, 10 %, 0 %, 35284 MiB, 37.56 W
2026/09/11 18:39:37.669, 0, 10 %, 0 %, 35285 MiB, 38.82 W
2026/09/11 18:39:37.669, 1, 4 %, 0 %, 35285 MiB, 40.07 W
2026/09/11 18:39:37.669, 2, 14 %, 0 %, 35284 MiB, 38.64 W
2026/09/11 18:39:42.670, 0, 4 %, 0 %, 35285 MiB, 40.47 W
2026/09/11 18:39:42.671, 1, 27 %, 0 %, 35285 MiB, 35.62 W
2026/09/11 18:39:42.671, 2, 46 %, 1 %, 35284 MiB, 36.77 W
2026/09/11 18:39:47.680, 0, 10 %, 0 %, 35285 MiB, 36.34 W
2026/09/11 18:39:47.680, 1, 13 %, 0 %, 35285 MiB, 35.82 W
2026/09/11 18:39:47.680, 2, 0 %, 0 %, 35284 MiB, 39.53 W
2026/09/11 18:39:52.682, 0, 16 %, 0 %, 35285 MiB, 36.23 W
2026/09/11 18:39:52.682, 1, 16 %, 0 %, 35285 MiB, 37.87 W
2026/09/11 18:39:52.682, 2, 11 %, 0 %, 35284 MiB, 36.46 W
2026/09/11 18:39:57.683, 0, 30 %, 1 %, 35285 MiB, 36.23 W
2026/09/11 18:39:57.684, 1, 0 %, 0 %, 35285 MiB, 40.04 W
2026/09/11 18:39:57.684, 2, 10 %, 0 %, 35284 MiB, 39.13 W
2026/09/11 18:40:02.692, 0, 19 %, 1 %, 35285 MiB, 36.82 W
2026/09/11 18:40:02.692, 1, 0 %, 0 %, 35285 MiB, 40.25 W
2026/09/11 18:40:02.692, 2, 3 %, 0 %, 35284 MiB, 36.47 W
2026/09/11 18:40:07.693, 0, 0 %, 0 %, 35285 MiB, 36.13 W
2026/09/11 18:40:07.693, 1, 16 %, 0 %, 35285 MiB, 35.61 W
2026/09/11 18:40:07.694, 2, 14 %, 0 %, 35284 MiB, 36.97 W
2026/09/11 18:40:12.694, 0, 0 %, 0 %, 35285 MiB, 36.15 W
2026/09/11 18:40:12.694, 1, 0 %, 0 %, 35285 MiB, 35.43 W
2026/09/11 18:40:12.694, 2, 16 %, 0 %, 35284 MiB, 36.58 W
2026/09/11 18:40:17.695, 0, 0 %, 0 %, 35285 MiB, 36.16 W
2026/09/11 18:40:17.695, 1, 27 %, 0 %, 35285 MiB, 35.43 W
2026/09/11 18:40:17.695, 2, 0 %, 0 %, 35284 MiB, 36.18 W
2026/09/11 18:40:22.695, 0, 0 %, 0 %, 35285 MiB, 36.16 W
2026/09/11 18:40:22.695, 1, 0 %, 0 %, 35285 MiB, 35.62 W
2026/09/11 18:40:22.696, 2, 0 %, 0 %, 35284 MiB, 36.38 W
2026/09/11 18:40:27.697, 0, 0 %, 0 %, 35285 MiB, 35.96 W
2026/09/11 18:40:27.697, 1, 10 %, 0 %, 35285 MiB, 39.29 W
2026/09/11 18:40:27.697, 2, 0 %, 0 %, 35284 MiB, 36.19 W
2026/09/11 18:40:32.698, 0, 0 %, 0 %, 35285 MiB, 35.96 W
2026/09/11 18:40:32.698, 1, 10 %, 0 %, 35285 MiB, 35.33 W
2026/09/11 18:40:32.698, 2, 0 %, 0 %, 35284 MiB, 36.18 W
2026/09/11 18:40:37.699, 0, 0 %, 0 %, 35285 MiB, 35.86 W
2026/09/11 18:40:37.699, 1, 0 %, 0 %, 35285 MiB, 35.44 W
2026/09/11 18:40:37.699, 2, 0 %, 0 %, 35284 MiB, 36.19 W
2026/09/11 18:40:42.699, 0, 0 %, 0 %, 35285 MiB, 35.96 W
2026/09/11 18:40:42.699, 1, 8 %, 0 %, 35285 MiB, 35.43 W
2026/09/11 18:40:42.699, 2, 0 %, 0 %, 35284 MiB, 36.28 W
2026/09/11 18:40:47.700, 0, 0 %, 0 %, 35285 MiB, 35.96 W
2026/09/11 18:40:47.700, 1, 6 %, 0 %, 35285 MiB, 35.34 W
2026/09/11 18:40:47.700, 2, 0 %, 0 %, 35284 MiB, 36.17 W
2026/09/11 18:40:52.701, 0, 0 %, 0 %, 35285 MiB, 35.86 W
2026/09/11 18:40:52.701, 1, 0 %, 0 %, 35285 MiB, 35.34 W
2026/09/11 18:40:52.701, 2, 0 %, 0 %, 35284 MiB, 36.19 W
2026/09/11 18:40:57.701, 0, 0 %, 0 %, 35285 MiB, 35.96 W
2026/09/11 18:40:57.701, 1, 0 %, 0 %, 35285 MiB, 35.62 W
2026/09/11 18:40:57.701, 2, 0 %, 0 %, 35284 MiB, 36.19 W
2026/09/11 18:41:02.702, 0, 91 %, 3 %, 35285 MiB, 85.75 W
2026/09/11 18:41:02.703, 1, 90 %, 3 %, 35285 MiB, 77.72 W
2026/09/11 18:41:02.703, 2, 91 %, 3 %, 35284 MiB, 77.61 W
2026/09/11 18:41:07.703, 0, 90 %, 3 %, 35285 MiB, 83.24 W
2026/09/11 18:41:07.704, 1, 91 %, 3 %, 35285 MiB, 80.37 W
2026/09/11 18:41:07.704, 2, 89 %, 3 %, 35284 MiB, 83.91 W
2026/09/11 18:41:12.704, 0, 92 %, 3 %, 35285 MiB, 84.45 W
2026/09/11 18:41:12.704, 1, 89 %, 3 %, 35285 MiB, 77.25 W
2026/09/11 18:41:12.704, 2, 91 %, 3 %, 35284 MiB, 83.48 W
2026/09/11 18:41:17.705, 0, 92 %, 3 %, 35285 MiB, 83.40 W
2026/09/11 18:41:17.705, 1, 85 %, 3 %, 35285 MiB, 81.19 W
2026/09/11 18:41:17.705, 2, 88 %, 3 %, 35284 MiB, 79.90 W
2026/09/11 18:41:22.706, 0, 90 %, 3 %, 35285 MiB, 83.43 W
2026/09/11 18:41:22.706, 1, 89 %, 3 %, 35285 MiB, 77.61 W
2026/09/11 18:41:22.706, 2, 88 %, 3 %, 35284 MiB, 81.81 W
2026/09/11 18:41:27.707, 0, 88 %, 4 %, 35285 MiB, 84.01 W
2026/09/11 18:41:27.707, 1, 90 %, 3 %, 35285 MiB, 80.13 W
2026/09/11 18:41:27.707, 2, 92 %, 3 %, 35284 MiB, 80.83 W
2026/09/11 18:41:32.708, 0, 93 %, 3 %, 35285 MiB, 85.12 W
2026/09/11 18:41:32.708, 1, 86 %, 3 %, 35285 MiB, 84.59 W
2026/09/11 18:41:32.708, 2, 92 %, 5 %, 35284 MiB, 84.13 W
2026/09/11 18:41:37.709, 0, 90 %, 3 %, 35285 MiB, 88.96 W
2026/09/11 18:41:37.709, 1, 92 %, 3 %, 35285 MiB, 81.77 W
2026/09/11 18:41:37.709, 2, 91 %, 5 %, 35284 MiB, 83.69 W
2026/09/11 18:41:42.710, 0, 91 %, 3 %, 35285 MiB, 84.31 W
2026/09/11 18:41:42.710, 1, 92 %, 3 %, 35285 MiB, 80.24 W
2026/09/11 18:41:42.710, 2, 88 %, 3 %, 35284 MiB, 84.53 W
2026/09/11 18:41:47.711, 0, 87 %, 3 %, 35285 MiB, 100.07 W
2026/09/11 18:41:47.711, 1, 90 %, 3 %, 35285 MiB, 85.22 W
2026/09/11 18:41:47.712, 2, 94 %, 3 %, 35284 MiB, 82.25 W
2026/09/11 18:41:52.712, 0, 92 %, 3 %, 35285 MiB, 87.13 W
2026/09/11 18:41:52.712, 1, 89 %, 3 %, 35285 MiB, 80.32 W
2026/09/11 18:41:52.712, 2, 90 %, 3 %, 35284 MiB, 78.56 W
2026/09/11 18:41:57.713, 0, 88 %, 3 %, 35285 MiB, 91.26 W
2026/09/11 18:41:57.713, 1, 91 %, 3 %, 35285 MiB, 85.28 W
2026/09/11 18:41:57.713, 2, 90 %, 3 %, 35284 MiB, 84.13 W
2026/09/11 18:42:02.715, 0, 91 %, 3 %, 35285 MiB, 84.52 W
2026/09/11 18:42:02.715, 1, 95 %, 3 %, 35285 MiB, 83.15 W
2026/09/11 18:42:02.715, 2, 88 %, 3 %, 35284 MiB, 81.72 W
2026/09/11 18:42:07.716, 0, 87 %, 3 %, 35285 MiB, 80.75 W
2026/09/11 18:42:07.716, 1, 90 %, 3 %, 35285 MiB, 81.50 W
2026/09/11 18:42:07.716, 2, 90 %, 3 %, 35284 MiB, 77.69 W
2026/09/11 18:42:12.717, 0, 89 %, 3 %, 35285 MiB, 84.30 W
2026/09/11 18:42:12.717, 1, 90 %, 3 %, 35285 MiB, 77.00 W
2026/09/11 18:42:12.717, 2, 89 %, 3 %, 35284 MiB, 83.89 W
2026/09/11 18:42:17.717, 0, 92 %, 3 %, 35285 MiB, 80.11 W
2026/09/11 18:42:17.718, 1, 91 %, 3 %, 35285 MiB, 79.97 W
2026/09/11 18:42:17.718, 2, 88 %, 3 %, 35284 MiB, 84.94 W
2026/09/11 18:42:22.719, 0, 88 %, 3 %, 35285 MiB, 86.88 W
2026/09/11 18:42:22.719, 1, 90 %, 3 %, 35285 MiB, 82.37 W
2026/09/11 18:42:22.719, 2, 88 %, 3 %, 35284 MiB, 101.03 W
2026/09/11 18:42:27.719, 0, 94 %, 3 %, 35285 MiB, 82.01 W
2026/09/11 18:42:27.720, 1, 90 %, 5 %, 35285 MiB, 86.90 W
2026/09/11 18:42:27.720, 2, 91 %, 5 %, 35284 MiB, 89.02 W
2026/09/11 18:42:32.720, 0, 94 %, 3 %, 35285 MiB, 86.38 W
2026/09/11 18:42:32.720, 1, 95 %, 3 %, 35285 MiB, 81.70 W
2026/09/11 18:42:32.720, 2, 90 %, 3 %, 35284 MiB, 80.46 W
2026/09/11 18:42:37.721, 0, 90 %, 3 %, 35285 MiB, 81.79 W
2026/09/11 18:42:37.721, 1, 95 %, 5 %, 35285 MiB, 77.59 W
2026/09/11 18:42:37.721, 2, 94 %, 3 %, 35284 MiB, 82.69 W
2026/09/11 18:42:42.722, 0, 91 %, 3 %, 35285 MiB, 80.05 W
2026/09/11 18:42:42.722, 1, 91 %, 5 %, 35285 MiB, 80.98 W
2026/09/11 18:42:42.722, 2, 94 %, 5 %, 35284 MiB, 84.12 W
2026/09/11 18:42:47.723, 0, 93 %, 3 %, 35285 MiB, 81.11 W
2026/09/11 18:42:47.723, 1, 96 %, 6 %, 35285 MiB, 76.63 W
2026/09/11 18:42:47.723, 2, 92 %, 3 %, 35284 MiB, 80.96 W
2026/09/11 18:42:52.724, 0, 94 %, 5 %, 35285 MiB, 76.32 W
2026/09/11 18:42:52.724, 1, 94 %, 8 %, 35285 MiB, 77.97 W
2026/09/11 18:42:52.724, 2, 90 %, 3 %, 35284 MiB, 81.75 W
2026/09/11 18:42:57.724, 0, 97 %, 6 %, 35285 MiB, 79.17 W
2026/09/11 18:42:57.725, 1, 97 %, 3 %, 35285 MiB, 77.46 W
2026/09/11 18:42:57.725, 2, 95 %, 6 %, 35284 MiB, 85.06 W
2026/09/11 18:43:02.725, 0, 96 %, 6 %, 35285 MiB, 80.30 W
2026/09/11 18:43:02.726, 1, 95 %, 6 %, 35285 MiB, 95.72 W
2026/09/11 18:43:02.726, 2, 94 %, 5 %, 35284 MiB, 80.72 W
2026/09/11 18:43:07.726, 0, 98 %, 5 %, 35285 MiB, 79.72 W
2026/09/11 18:43:07.727, 1, 97 %, 5 %, 35285 MiB, 82.31 W
2026/09/11 18:43:07.727, 2, 94 %, 6 %, 35284 MiB, 92.96 W
2026/09/11 18:43:12.727, 0, 33 %, 1 %, 35285 MiB, 65.76 W
2026/09/11 18:43:12.727, 1, 0 %, 0 %, 35285 MiB, 56.68 W
2026/09/11 18:43:12.727, 2, 0 %, 0 %, 35284 MiB, 58.51 W
2026/09/11 18:43:17.728, 0, 0 %, 0 %, 35285 MiB, 37.90 W
2026/09/11 18:43:17.728, 1, 0 %, 0 %, 35285 MiB, 37.19 W
2026/09/11 18:43:17.729, 2, 0 %, 0 %, 35284 MiB, 38.25 W
2026/09/11 18:43:22.729, 0, 0 %, 0 %, 35285 MiB, 37.51 W
2026/09/11 18:43:22.729, 1, 0 %, 0 %, 35285 MiB, 36.89 W
2026/09/11 18:43:22.729, 2, 0 %, 0 %, 35284 MiB, 37.85 W
2026/09/11 18:43:27.730, 0, 0 %, 0 %, 35285 MiB, 37.32 W
2026/09/11 18:43:27.730, 1, 0 %, 0 %, 35285 MiB, 36.79 W
2026/09/11 18:43:27.730, 2, 0 %, 0 %, 35284 MiB, 37.65 W
2026/09/11 18:43:32.732, 0, 7 %, 1 %, 35285 MiB, 37.33 W
2026/09/11 18:43:32.732, 1, 0 %, 0 %, 35285 MiB, 36.71 W
2026/09/11 18:43:32.732, 2, 9 %, 1 %, 35284 MiB, 37.56 W
2026/09/11 18:43:37.734, 0, 0 %, 0 %, 35285 MiB, 37.22 W
2026/09/11 18:43:37.734, 1, 0 %, 0 %, 35285 MiB, 36.59 W
2026/09/11 18:43:37.734, 2, 0 %, 0 %, 35284 MiB, 37.56 W
2026/09/11 18:43:42.736, 0, 0 %, 0 %, 35285 MiB, 36.73 W
2026/09/11 18:43:42.736, 1, 0 %, 0 %, 35285 MiB, 36.50 W
2026/09/11 18:43:42.736, 2, 0 %, 0 %, 35284 MiB, 37.17 W
2026/09/11 18:43:47.737, 0, 0 %, 0 %, 35285 MiB, 36.82 W
2026/09/11 18:43:47.737, 1, 6 %, 0 %, 35285 MiB, 36.89 W
2026/09/11 18:43:47.737, 2, 0 %, 0 %, 35284 MiB, 37.17 W
2026/09/11 18:43:52.738, 0, 0 %, 0 %, 35285 MiB, 36.82 W
2026/09/11 18:43:52.738, 1, 0 %, 0 %, 35285 MiB, 36.38 W
2026/09/11 18:43:52.739, 2, 0 %, 0 %, 35284 MiB, 36.97 W
2026/09/11 18:43:57.739, 0, 0 %, 0 %, 35285 MiB, 36.62 W
2026/09/11 18:43:57.739, 1, 0 %, 0 %, 35285 MiB, 36.39 W
2026/09/11 18:43:57.739, 2, 0 %, 0 %, 35284 MiB, 36.97 W
2026/09/11 18:44:02.741, 0, 0 %, 0 %, 35285 MiB, 36.52 W
2026/09/11 18:44:02.741, 1, 6 %, 0 %, 35285 MiB, 36.39 W
2026/09/11 18:44:02.741, 2, 3 %, 0 %, 35284 MiB, 36.97 W
2026/09/11 18:44:07.742, 0, 0 %, 0 %, 35285 MiB, 36.43 W
2026/09/11 18:44:07.742, 1, 0 %, 0 %, 35285 MiB, 36.70 W
2026/09/11 18:44:07.742, 2, 0 %, 0 %, 35284 MiB, 36.77 W
2026/09/11 18:44:12.744, 0, 0 %, 0 %, 35285 MiB, 36.52 W
2026/09/11 18:44:12.744, 1, 0 %, 0 %, 35285 MiB, 36.00 W
2026/09/11 18:44:12.744, 2, 0 %, 0 %, 35284 MiB, 36.97 W
2026/09/11 18:44:17.745, 0, 0 %, 0 %, 35285 MiB, 36.62 W
2026/09/11 18:44:17.745, 1, 0 %, 0 %, 35285 MiB, 37.69 W
2026/09/11 18:44:17.745, 2, 0 %, 0 %, 35284 MiB, 36.77 W
2026/09/11 18:44:22.746, 0, 0 %, 0 %, 35285 MiB, 36.52 W
2026/09/11 18:44:22.746, 1, 0 %, 0 %, 35285 MiB, 35.81 W
2026/09/11 18:44:22.746, 2, 0 %, 0 %, 35284 MiB, 36.77 W
2026/09/11 18:44:27.747, 0, 1 %, 0 %, 35285 MiB, 36.52 W
2026/09/11 18:44:27.747, 1, 8 %, 0 %, 35285 MiB, 35.72 W
2026/09/11 18:44:27.747, 2, 0 %, 0 %, 35284 MiB, 41.33 W
2026/09/11 18:44:32.748, 0, 0 %, 0 %, 35285 MiB, 36.62 W
2026/09/11 18:44:32.748, 1, 0 %, 0 %, 35285 MiB, 35.91 W
2026/09/11 18:44:32.748, 2, 6 %, 0 %, 35284 MiB, 36.77 W
2026/09/11 18:44:37.749, 0, 30 %, 1 %, 35285 MiB, 42.07 W
2026/09/11 18:44:37.749, 1, 6 %, 0 %, 35285 MiB, 36.31 W
2026/09/11 18:44:37.749, 2, 14 %, 0 %, 35284 MiB, 36.77 W
2026/09/11 18:44:42.753, 0, 23 %, 0 %, 35285 MiB, 44.74 W
2026/09/11 18:44:42.753, 1, 0 %, 0 %, 35285 MiB, 35.72 W
2026/09/11 18:44:42.753, 2, 2 %, 0 %, 35284 MiB, 37.65 W
2026/09/11 18:44:47.761, 0, 0 %, 0 %, 35285 MiB, 36.44 W
2026/09/11 18:44:47.762, 1, 18 %, 0 %, 35285 MiB, 35.72 W
2026/09/11 18:44:47.762, 2, 4 %, 0 %, 35284 MiB, 36.57 W
2026/09/11 18:44:52.762, 0, 22 %, 0 %, 35285 MiB, 36.83 W
2026/09/11 18:44:52.763, 1, 0 %, 0 %, 35285 MiB, 35.72 W
2026/09/11 18:44:52.763, 2, 25 %, 0 %, 35284 MiB, 36.46 W
2026/09/11 18:44:57.764, 0, 16 %, 0 %, 35285 MiB, 40.79 W
2026/09/11 18:44:57.764, 1, 0 %, 0 %, 35285 MiB, 35.62 W
2026/09/11 18:44:57.764, 2, 0 %, 0 %, 35284 MiB, 37.17 W
2026/09/11 18:45:02.765, 0, 18 %, 0 %, 35285 MiB, 36.15 W
2026/09/11 18:45:02.765, 1, 37 %, 1 %, 35285 MiB, 35.72 W
2026/09/11 18:45:02.765, 2, 14 %, 0 %, 35284 MiB, 36.36 W
2026/09/11 18:45:07.771, 0, 8 %, 0 %, 35285 MiB, 39.49 W
2026/09/11 18:45:07.771, 1, 0 %, 0 %, 35285 MiB, 35.91 W
2026/09/11 18:45:07.771, 2, 32 %, 1 %, 35284 MiB, 38.25 W
2026/09/11 18:45:12.772, 0, 0 %, 0 %, 35285 MiB, 36.25 W
2026/09/11 18:45:12.772, 1, 12 %, 0 %, 35285 MiB, 36.21 W
2026/09/11 18:45:12.773, 2, 13 %, 0 %, 35284 MiB, 36.87 W
2026/09/11 18:45:17.774, 0, 0 %, 0 %, 35285 MiB, 36.23 W
2026/09/11 18:45:17.774, 1, 8 %, 0 %, 35285 MiB, 41.34 W
2026/09/11 18:45:17.774, 2, 10 %, 0 %, 35284 MiB, 41.72 W
2026/09/11 18:45:22.776, 0, 48 %, 1 %, 35285 MiB, 37.72 W
2026/09/11 18:45:22.776, 1, 16 %, 0 %, 35285 MiB, 35.81 W
2026/09/11 18:45:22.776, 2, 0 %, 0 %, 35284 MiB, 36.57 W
2026/09/11 18:45:27.778, 0, 43 %, 1 %, 35285 MiB, 36.72 W
2026/09/11 18:45:27.778, 1, 16 %, 0 %, 35285 MiB, 39.86 W
2026/09/11 18:45:27.778, 2, 16 %, 0 %, 35284 MiB, 36.46 W
2026/09/11 18:45:32.779, 0, 15 %, 0 %, 35285 MiB, 37.12 W
2026/09/11 18:45:32.779, 1, 10 %, 0 %, 35285 MiB, 35.43 W
2026/09/11 18:45:32.780, 2, 2 %, 0 %, 35284 MiB, 36.36 W
2026/09/11 18:45:37.783, 0, 18 %, 0 %, 35285 MiB, 36.13 W
2026/09/11 18:45:37.783, 1, 1 %, 0 %, 35285 MiB, 39.17 W
2026/09/11 18:45:37.783, 2, 8 %, 0 %, 35284 MiB, 36.47 W
2026/09/11 18:45:42.784, 0, 0 %, 0 %, 35285 MiB, 39.00 W
2026/09/11 18:45:42.784, 1, 3 %, 0 %, 35285 MiB, 43.99 W
2026/09/11 18:45:42.785, 2, 0 %, 0 %, 35284 MiB, 36.68 W
2026/09/11 18:45:47.785, 0, 18 %, 0 %, 35285 MiB, 36.45 W
2026/09/11 18:45:47.786, 1, 2 %, 0 %, 35285 MiB, 35.43 W
2026/09/11 18:45:47.786, 2, 0 %, 0 %, 35284 MiB, 36.37 W
2026/09/11 18:45:52.786, 0, 0 %, 0 %, 35285 MiB, 36.16 W
2026/09/11 18:45:52.787, 1, 0 %, 0 %, 35285 MiB, 35.43 W
2026/09/11 18:45:52.787, 2, 0 %, 0 %, 35284 MiB, 36.37 W
2026/09/11 18:45:57.787, 0, 0 %, 0 %, 35285 MiB, 36.25 W
2026/09/11 18:45:57.788, 1, 9 %, 0 %, 35285 MiB, 35.43 W
2026/09/11 18:45:57.788, 2, 0 %, 0 %, 35284 MiB, 36.18 W
2026/09/11 18:46:02.788, 0, 0 %, 0 %, 35285 MiB, 36.15 W
2026/09/11 18:46:02.788, 1, 10 %, 0 %, 35285 MiB, 35.53 W
2026/09/11 18:46:02.788, 2, 0 %, 0 %, 35284 MiB, 36.37 W
2026/09/11 18:46:07.789, 0, 0 %, 0 %, 35285 MiB, 35.96 W
2026/09/11 18:46:07.789, 1, 10 %, 0 %, 35285 MiB, 35.33 W
2026/09/11 18:46:07.789, 2, 0 %, 0 %, 35284 MiB, 36.19 W
2026/09/11 18:46:12.789, 0, 0 %, 0 %, 35285 MiB, 35.96 W
2026/09/11 18:46:12.790, 1, 0 %, 0 %, 35285 MiB, 35.33 W
2026/09/11 18:46:12.790, 2, 0 %, 0 %, 35284 MiB, 36.09 W
2026/09/11 18:46:17.790, 0, 0 %, 0 %, 35285 MiB, 36.06 W
2026/09/11 18:46:17.790, 1, 10 %, 0 %, 35285 MiB, 35.92 W
2026/09/11 18:46:17.790, 2, 0 %, 0 %, 35284 MiB, 36.19 W
2026/09/11 18:46:22.791, 0, 0 %, 0 %, 35285 MiB, 35.96 W
2026/09/11 18:46:22.791, 1, 10 %, 0 %, 35285 MiB, 35.44 W
2026/09/11 18:46:22.791, 2, 0 %, 0 %, 35284 MiB, 36.18 W
2026/09/11 18:46:27.791, 0, 0 %, 0 %, 35285 MiB, 35.85 W
2026/09/11 18:46:27.792, 1, 0 %, 0 %, 35285 MiB, 35.44 W
2026/09/11 18:46:27.792, 2, 0 %, 0 %, 35284 MiB, 36.19 W
2026/09/11 18:46:32.793, 0, 91 %, 3 %, 35285 MiB, 77.38 W
2026/09/11 18:46:32.793, 1, 90 %, 3 %, 35285 MiB, 79.35 W
2026/09/11 18:46:32.793, 2, 92 %, 3 %, 35284 MiB, 80.83 W
2026/09/11 18:46:37.793, 0, 90 %, 5 %, 35285 MiB, 87.71 W
2026/09/11 18:46:37.793, 1, 93 %, 6 %, 35285 MiB, 79.13 W
2026/09/11 18:46:37.793, 2, 91 %, 5 %, 35284 MiB, 80.64 W
2026/09/11 18:46:42.794, 0, 88 %, 3 %, 35285 MiB, 87.69 W
2026/09/11 18:46:42.794, 1, 88 %, 3 %, 35285 MiB, 79.90 W
2026/09/11 18:46:42.794, 2, 92 %, 3 %, 35284 MiB, 83.40 W
2026/09/11 18:46:47.795, 0, 95 %, 5 %, 35285 MiB, 85.39 W
2026/09/11 18:46:47.795, 1, 84 %, 3 %, 35285 MiB, 83.88 W
2026/09/11 18:46:47.795, 2, 90 %, 3 %, 35284 MiB, 84.34 W
2026/09/11 18:46:52.795, 0, 88 %, 3 %, 35285 MiB, 90.86 W
2026/09/11 18:46:52.795, 1, 93 %, 3 %, 35285 MiB, 81.24 W
2026/09/11 18:46:52.795, 2, 90 %, 3 %, 35284 MiB, 77.95 W
2026/09/11 18:46:57.796, 0, 91 %, 3 %, 35285 MiB, 78.15 W
2026/09/11 18:46:57.796, 1, 87 %, 3 %, 35285 MiB, 80.31 W
2026/09/11 18:46:57.796, 2, 92 %, 5 %, 35284 MiB, 81.71 W
2026/09/11 18:47:02.797, 0, 87 %, 3 %, 35285 MiB, 85.52 W
2026/09/11 18:47:02.797, 1, 90 %, 3 %, 35285 MiB, 81.70 W
2026/09/11 18:47:02.797, 2, 90 %, 3 %, 35284 MiB, 81.73 W
2026/09/11 18:47:07.798, 0, 89 %, 3 %, 35285 MiB, 88.08 W
2026/09/11 18:47:07.798, 1, 88 %, 3 %, 35285 MiB, 79.48 W
2026/09/11 18:47:07.798, 2, 88 %, 3 %, 35284 MiB, 83.01 W
2026/09/11 18:47:12.799, 0, 89 %, 3 %, 35285 MiB, 88.76 W
2026/09/11 18:47:12.799, 1, 87 %, 3 %, 35285 MiB, 84.68 W
2026/09/11 18:47:12.799, 2, 90 %, 3 %, 35284 MiB, 80.02 W
2026/09/11 18:47:17.800, 0, 90 %, 3 %, 35285 MiB, 85.73 W
2026/09/11 18:47:17.800, 1, 94 %, 5 %, 35285 MiB, 81.20 W
2026/09/11 18:47:17.800, 2, 89 %, 4 %, 35284 MiB, 86.52 W
2026/09/11 18:47:22.801, 0, 91 %, 3 %, 35285 MiB, 85.54 W
2026/09/11 18:47:22.801, 1, 91 %, 3 %, 35285 MiB, 84.54 W
2026/09/11 18:47:22.801, 2, 88 %, 3 %, 35284 MiB, 82.60 W
2026/09/11 18:47:27.802, 0, 92 %, 3 %, 35285 MiB, 85.64 W
2026/09/11 18:47:27.802, 1, 89 %, 3 %, 35285 MiB, 82.01 W
2026/09/11 18:47:27.802, 2, 84 %, 3 %, 35284 MiB, 83.30 W
2026/09/11 18:47:32.803, 0, 92 %, 5 %, 35285 MiB, 85.82 W
2026/09/11 18:47:32.803, 1, 89 %, 3 %, 35285 MiB, 85.17 W
2026/09/11 18:47:32.803, 2, 86 %, 3 %, 35284 MiB, 89.06 W
2026/09/11 18:47:37.803, 0, 95 %, 5 %, 35285 MiB, 81.39 W
2026/09/11 18:47:37.804, 1, 91 %, 3 %, 35285 MiB, 82.98 W
2026/09/11 18:47:37.804, 2, 87 %, 3 %, 35284 MiB, 81.93 W
2026/09/11 18:47:42.804, 0, 90 %, 3 %, 35285 MiB, 88.80 W
2026/09/11 18:47:42.804, 1, 90 %, 3 %, 35285 MiB, 79.45 W
2026/09/11 18:47:42.805, 2, 92 %, 3 %, 35284 MiB, 82.64 W
2026/09/11 18:47:47.805, 0, 90 %, 3 %, 35285 MiB, 82.74 W
2026/09/11 18:47:47.805, 1, 93 %, 5 %, 35285 MiB, 82.51 W
2026/09/11 18:47:47.805, 2, 91 %, 5 %, 35284 MiB, 87.77 W
2026/09/11 18:47:52.806, 0, 91 %, 3 %, 35285 MiB, 87.26 W
2026/09/11 18:47:52.806, 1, 91 %, 3 %, 35285 MiB, 81.37 W
2026/09/11 18:47:52.806, 2, 87 %, 3 %, 35284 MiB, 87.21 W
2026/09/11 18:47:57.807, 0, 91 %, 3 %, 35285 MiB, 79.60 W
2026/09/11 18:47:57.807, 1, 90 %, 3 %, 35285 MiB, 80.35 W
2026/09/11 18:47:57.807, 2, 89 %, 3 %, 35284 MiB, 87.78 W
2026/09/11 18:48:02.808, 0, 96 %, 5 %, 35285 MiB, 85.58 W
2026/09/11 18:48:02.808, 1, 87 %, 3 %, 35285 MiB, 86.32 W
2026/09/11 18:48:02.808, 2, 90 %, 5 %, 35284 MiB, 86.54 W
2026/09/11 18:48:07.808, 0, 95 %, 6 %, 35285 MiB, 86.50 W
2026/09/11 18:48:07.808, 1, 96 %, 3 %, 35285 MiB, 79.70 W
2026/09/11 18:48:07.808, 2, 96 %, 3 %, 35284 MiB, 81.24 W
2026/09/11 18:48:12.809, 0, 97 %, 6 %, 35285 MiB, 85.46 W
2026/09/11 18:48:12.809, 1, 91 %, 3 %, 35285 MiB, 80.04 W
2026/09/11 18:48:12.809, 2, 93 %, 5 %, 35284 MiB, 87.20 W
2026/09/11 18:48:17.809, 0, 95 %, 6 %, 35285 MiB, 82.32 W
2026/09/11 18:48:17.810, 1, 94 %, 8 %, 35285 MiB, 78.64 W
2026/09/11 18:48:17.810, 2, 94 %, 3 %, 35284 MiB, 82.28 W
2026/09/11 18:48:22.811, 0, 96 %, 8 %, 35285 MiB, 80.56 W
2026/09/11 18:48:22.811, 1, 94 %, 5 %, 35285 MiB, 75.62 W
2026/09/11 18:48:22.811, 2, 97 %, 3 %, 35284 MiB, 81.12 W
2026/09/11 18:48:27.812, 0, 95 %, 8 %, 35285 MiB, 81.24 W
2026/09/11 18:48:27.812, 1, 93 %, 4 %, 35285 MiB, 77.29 W
2026/09/11 18:48:27.812, 2, 98 %, 5 %, 35284 MiB, 79.85 W
2026/09/11 18:48:32.812, 0, 96 %, 5 %, 35285 MiB, 82.10 W
2026/09/11 18:48:32.813, 1, 97 %, 6 %, 35285 MiB, 77.16 W
2026/09/11 18:48:32.813, 2, 95 %, 5 %, 35284 MiB, 123.57 W
2026/09/11 18:48:37.813, 0, 96 %, 5 %, 35285 MiB, 80.25 W
2026/09/11 18:48:37.814, 1, 97 %, 6 %, 35285 MiB, 78.73 W
2026/09/11 18:48:37.814, 2, 95 %, 5 %, 35284 MiB, 104.08 W
2026/09/11 18:48:42.815, 0, 0 %, 0 %, 35285 MiB, 38.20 W
2026/09/11 18:48:42.815, 1, 0 %, 0 %, 35285 MiB, 38.07 W
2026/09/11 18:48:42.815, 2, 0 %, 0 %, 35284 MiB, 38.25 W
2026/09/11 18:48:47.816, 0, 0 %, 0 %, 35285 MiB, 37.51 W
2026/09/11 18:48:47.816, 1, 0 %, 0 %, 35285 MiB, 37.09 W
2026/09/11 18:48:47.817, 2, 0 %, 0 %, 35284 MiB, 37.85 W
2026/09/11 18:48:52.818, 0, 0 %, 0 %, 35285 MiB, 37.62 W
2026/09/11 18:48:52.818, 1, 0 %, 0 %, 35285 MiB, 36.91 W
2026/09/11 18:48:52.818, 2, 0 %, 0 %, 35284 MiB, 37.75 W
2026/09/11 18:48:57.820, 0, 0 %, 0 %, 35285 MiB, 37.22 W
2026/09/11 18:48:57.820, 1, 0 %, 0 %, 35285 MiB, 36.89 W
2026/09/11 18:48:57.820, 2, 9 %, 1 %, 35284 MiB, 37.95 W
2026/09/11 18:49:02.822, 0, 0 %, 0 %, 35285 MiB, 37.12 W
2026/09/11 18:49:02.822, 1, 0 %, 0 %, 35285 MiB, 36.70 W
2026/09/11 18:49:02.822, 2, 0 %, 0 %, 35284 MiB, 37.56 W
2026/09/11 18:49:07.824, 0, 0 %, 0 %, 35285 MiB, 37.12 W
2026/09/11 18:49:07.824, 1, 0 %, 0 %, 35285 MiB, 36.49 W
2026/09/11 18:49:07.824, 2, 0 %, 0 %, 35284 MiB, 37.36 W
2026/09/11 18:49:12.833, 0, 0 %, 0 %, 35285 MiB, 37.12 W
2026/09/11 18:49:12.833, 1, 5 %, 0 %, 35285 MiB, 36.39 W
2026/09/11 18:49:12.833, 2, 0 %, 0 %, 35284 MiB, 37.36 W
2026/09/11 18:49:17.833, 0, 0 %, 0 %, 35285 MiB, 36.72 W
2026/09/11 18:49:17.834, 1, 0 %, 0 %, 35285 MiB, 36.49 W
2026/09/11 18:49:17.834, 2, 0 %, 0 %, 35284 MiB, 37.17 W
2026/09/11 18:49:22.841, 0, 0 %, 0 %, 35285 MiB, 37.42 W
2026/09/11 18:49:22.841, 1, 0 %, 0 %, 35285 MiB, 36.39 W
2026/09/11 18:49:22.841, 2, 0 %, 0 %, 35284 MiB, 36.97 W
2026/09/11 18:49:27.843, 0, 0 %, 0 %, 35285 MiB, 36.43 W
2026/09/11 18:49:27.843, 1, 0 %, 0 %, 35285 MiB, 36.20 W
2026/09/11 18:49:27.843, 2, 0 %, 0 %, 35284 MiB, 36.97 W
2026/09/11 18:49:32.848, 0, 0 %, 0 %, 35285 MiB, 36.62 W
2026/09/11 18:49:32.848, 1, 6 %, 0 %, 35285 MiB, 36.10 W
2026/09/11 18:49:32.848, 2, 0 %, 0 %, 35284 MiB, 36.87 W
2026/09/11 18:49:37.849, 0, 0 %, 0 %, 35285 MiB, 36.43 W
2026/09/11 18:49:37.849, 1, 0 %, 0 %, 35285 MiB, 36.10 W
2026/09/11 18:49:37.849, 2, 0 %, 0 %, 35284 MiB, 36.87 W
2026/09/11 18:49:42.851, 0, 0 %, 0 %, 35285 MiB, 37.22 W
2026/09/11 18:49:42.851, 1, 0 %, 0 %, 35285 MiB, 36.10 W
2026/09/11 18:49:42.851, 2, 0 %, 0 %, 35284 MiB, 36.66 W
2026/09/11 18:49:47.853, 0, 0 %, 0 %, 35285 MiB, 36.53 W
2026/09/11 18:49:47.853, 1, 0 %, 0 %, 35285 MiB, 36.01 W
2026/09/11 18:49:47.853, 2, 0 %, 0 %, 35284 MiB, 36.77 W
2026/09/11 18:49:52.865, 0, 1 %, 0 %, 35285 MiB, 36.54 W
2026/09/11 18:49:52.865, 1, 2 %, 0 %, 35285 MiB, 35.82 W
2026/09/11 18:49:52.865, 2, 1 %, 0 %, 35284 MiB, 36.88 W
2026/09/11 18:49:57.866, 0, 0 %, 0 %, 35285 MiB, 37.42 W
2026/09/11 18:49:57.866, 1, 25 %, 0 %, 35285 MiB, 35.81 W
2026/09/11 18:49:57.866, 2, 24 %, 0 %, 35284 MiB, 36.87 W
2026/09/11 18:50:02.870, 0, 0 %, 0 %, 35285 MiB, 36.44 W
2026/09/11 18:50:02.870, 1, 6 %, 0 %, 35285 MiB, 37.60 W
2026/09/11 18:50:02.870, 2, 14 %, 0 %, 35284 MiB, 36.77 W
2026/09/11 18:50:07.871, 0, 38 %, 1 %, 35285 MiB, 36.72 W
2026/09/11 18:50:07.871, 1, 26 %, 0 %, 35285 MiB, 38.09 W
2026/09/11 18:50:07.872, 2, 0 %, 0 %, 35284 MiB, 41.62 W
2026/09/11 18:50:12.873, 0, 35 %, 1 %, 35285 MiB, 44.35 W
2026/09/11 18:50:12.873, 1, 10 %, 0 %, 35285 MiB, 39.25 W
2026/09/11 18:50:12.873, 2, 14 %, 0 %, 35284 MiB, 42.52 W
2026/09/11 18:50:17.873, 0, 11 %, 0 %, 35285 MiB, 36.33 W
2026/09/11 18:50:17.873, 1, 5 %, 0 %, 35285 MiB, 40.35 W
2026/09/11 18:50:17.874, 2, 48 %, 1 %, 35284 MiB, 37.95 W
2026/09/11 18:50:22.874, 0, 6 %, 0 %, 35285 MiB, 36.83 W
2026/09/11 18:50:22.875, 1, 12 %, 0 %, 35285 MiB, 35.62 W
2026/09/11 18:50:22.875, 2, 14 %, 0 %, 35284 MiB, 36.36 W
2026/09/11 18:50:27.875, 0, 18 %, 0 %, 35285 MiB, 36.34 W
2026/09/11 18:50:27.875, 1, 24 %, 0 %, 35285 MiB, 35.63 W
2026/09/11 18:50:27.876, 2, 4 %, 0 %, 35284 MiB, 36.87 W
2026/09/11 18:50:32.876, 0, 34 %, 1 %, 35285 MiB, 36.23 W
2026/09/11 18:50:32.876, 1, 0 %, 0 %, 35285 MiB, 39.08 W
2026/09/11 18:50:32.876, 2, 2 %, 0 %, 35284 MiB, 37.85 W
2026/09/11 18:50:37.877, 0, 18 %, 0 %, 35285 MiB, 36.13 W
2026/09/11 18:50:37.877, 1, 19 %, 0 %, 35285 MiB, 35.52 W
2026/09/11 18:50:37.877, 2, 19 %, 0 %, 35284 MiB, 37.65 W
2026/09/11 18:50:42.878, 0, 27 %, 0 %, 35285 MiB, 40.58 W
2026/09/11 18:50:42.878, 1, 0 %, 0 %, 35285 MiB, 44.30 W
2026/09/11 18:50:42.878, 2, 26 %, 0 %, 35284 MiB, 40.82 W
2026/09/11 18:50:47.880, 0, 0 %, 0 %, 35285 MiB, 36.25 W
2026/09/11 18:50:47.880, 1, 11 %, 0 %, 35285 MiB, 38.10 W
2026/09/11 18:50:47.880, 2, 30 %, 1 %, 35284 MiB, 37.75 W
2026/09/11 18:50:52.882, 0, 0 %, 0 %, 35285 MiB, 36.34 W
2026/09/11 18:50:52.882, 1, 12 %, 0 %, 35285 MiB, 35.53 W
2026/09/11 18:50:52.882, 2, 27 %, 0 %, 35284 MiB, 36.48 W
2026/09/11 18:50:57.884, 0, 7 %, 0 %, 35285 MiB, 42.18 W
2026/09/11 18:50:57.884, 1, 0 %, 0 %, 35285 MiB, 35.53 W
2026/09/11 18:50:57.884, 2, 14 %, 0 %, 35284 MiB, 36.66 W
2026/09/11 18:51:02.885, 0, 3 %, 0 %, 35285 MiB, 41.06 W
2026/09/11 18:51:02.885, 1, 21 %, 1 %, 35285 MiB, 40.05 W
2026/09/11 18:51:02.886, 2, 0 %, 0 %, 35284 MiB, 36.68 W
2026/09/11 18:51:07.887, 0, 4 %, 0 %, 35285 MiB, 41.78 W
2026/09/11 18:51:07.887, 1, 0 %, 0 %, 35285 MiB, 35.62 W
2026/09/11 18:51:07.887, 2, 3 %, 0 %, 35284 MiB, 37.17 W
2026/09/11 18:51:12.889, 0, 0 %, 0 %, 35285 MiB, 36.23 W
2026/09/11 18:51:12.889, 1, 0 %, 0 %, 35285 MiB, 35.42 W
2026/09/11 18:51:12.889, 2, 1 %, 0 %, 35284 MiB, 36.47 W
2026/09/11 18:51:17.890, 0, 12 %, 0 %, 35285 MiB, 36.43 W
2026/09/11 18:51:17.890, 1, 10 %, 0 %, 35285 MiB, 35.33 W
2026/09/11 18:51:17.890, 2, 2 %, 0 %, 35284 MiB, 36.36 W
2026/09/11 18:51:22.891, 0, 2 %, 0 %, 35285 MiB, 40.48 W
2026/09/11 18:51:22.892, 1, 0 %, 0 %, 35285 MiB, 35.43 W
2026/09/11 18:51:22.892, 2, 5 %, 0 %, 35284 MiB, 37.36 W
2026/09/11 18:51:27.892, 0, 0 %, 0 %, 35285 MiB, 39.51 W
2026/09/11 18:51:27.892, 1, 0 %, 0 %, 35285 MiB, 35.43 W
2026/09/11 18:51:27.892, 2, 0 %, 0 %, 35284 MiB, 36.26 W
2026/09/11 18:51:32.893, 0, 0 %, 0 %, 35285 MiB, 35.96 W
2026/09/11 18:51:32.893, 1, 8 %, 0 %, 35285 MiB, 35.23 W
2026/09/11 18:51:32.893, 2, 0 %, 0 %, 35284 MiB, 36.17 W
2026/09/11 18:51:37.894, 0, 0 %, 0 %, 35285 MiB, 36.06 W
2026/09/11 18:51:37.894, 1, 0 %, 0 %, 35285 MiB, 35.34 W
2026/09/11 18:51:37.894, 2, 0 %, 0 %, 35284 MiB, 36.08 W
2026/09/11 18:51:42.894, 0, 0 %, 0 %, 35285 MiB, 35.96 W
2026/09/11 18:51:42.894, 1, 0 %, 0 %, 35285 MiB, 35.44 W
2026/09/11 18:51:42.894, 2, 0 %, 0 %, 35284 MiB, 36.19 W
2026/09/11 18:51:47.895, 0, 0 %, 0 %, 35285 MiB, 35.85 W
2026/09/11 18:51:47.895, 1, 10 %, 0 %, 35285 MiB, 35.34 W
2026/09/11 18:51:47.895, 2, 0 %, 0 %, 35284 MiB, 36.19 W
2026/09/11 18:51:52.896, 0, 0 %, 0 %, 35285 MiB, 35.96 W
2026/09/11 18:51:52.896, 1, 0 %, 0 %, 35285 MiB, 36.02 W
2026/09/11 18:51:52.896, 2, 0 %, 0 %, 35284 MiB, 36.09 W
2026/09/11 18:51:57.896, 0, 0 %, 0 %, 35285 MiB, 35.96 W
2026/09/11 18:51:57.896, 1, 0 %, 0 %, 35285 MiB, 35.43 W
2026/09/11 18:51:57.896, 2, 0 %, 0 %, 35284 MiB, 36.28 W
2026/09/11 18:52:02.897, 0, 0 %, 0 %, 35285 MiB, 35.96 W
2026/09/11 18:52:02.897, 1, 3 %, 0 %, 35285 MiB, 35.43 W
2026/09/11 18:52:02.897, 2, 0 %, 0 %, 35284 MiB, 36.18 W
2026/09/11 18:52:07.897, 0, 89 %, 3 %, 35285 MiB, 88.06 W
2026/09/11 18:52:07.898, 1, 88 %, 3 %, 35285 MiB, 79.04 W
2026/09/11 18:52:07.898, 2, 90 %, 3 %, 35284 MiB, 85.65 W
2026/09/11 18:52:12.899, 0, 93 %, 3 %, 35285 MiB, 82.22 W
2026/09/11 18:52:12.899, 1, 88 %, 3 %, 35285 MiB, 80.90 W
2026/09/11 18:52:12.899, 2, 91 %, 3 %, 35284 MiB, 86.43 W
2026/09/11 18:52:17.900, 0, 93 %, 3 %, 35285 MiB, 76.25 W
2026/09/11 18:52:17.900, 1, 92 %, 3 %, 35285 MiB, 83.11 W
2026/09/11 18:52:17.900, 2, 90 %, 3 %, 35284 MiB, 80.64 W
2026/09/11 18:52:22.900, 0, 91 %, 3 %, 35285 MiB, 91.81 W
2026/09/11 18:52:22.901, 1, 86 %, 3 %, 35285 MiB, 82.31 W
2026/09/11 18:52:22.901, 2, 89 %, 5 %, 35284 MiB, 85.10 W
2026/09/11 18:52:27.902, 0, 92 %, 3 %, 35285 MiB, 89.00 W
2026/09/11 18:52:27.902, 1, 91 %, 3 %, 35285 MiB, 85.78 W
2026/09/11 18:52:27.902, 2, 86 %, 3 %, 35284 MiB, 81.15 W
2026/09/11 18:52:32.907, 0, 91 %, 5 %, 35285 MiB, 84.09 W
2026/09/11 18:52:32.907, 1, 92 %, 3 %, 35285 MiB, 80.95 W
2026/09/11 18:52:32.907, 2, 89 %, 3 %, 35284 MiB, 85.29 W
2026/09/11 18:52:37.908, 0, 90 %, 3 %, 35285 MiB, 86.24 W
2026/09/11 18:52:37.908, 1, 91 %, 3 %, 35285 MiB, 93.59 W
2026/09/11 18:52:37.908, 2, 92 %, 3 %, 35284 MiB, 85.05 W
2026/09/11 18:52:42.908, 0, 92 %, 3 %, 35285 MiB, 88.39 W
2026/09/11 18:52:42.909, 1, 95 %, 5 %, 35285 MiB, 82.35 W
2026/09/11 18:52:42.909, 2, 89 %, 3 %, 35284 MiB, 80.93 W
2026/09/11 18:52:47.909, 0, 91 %, 3 %, 35285 MiB, 84.46 W
2026/09/11 18:52:47.909, 1, 90 %, 3 %, 35285 MiB, 81.86 W
2026/09/11 18:52:47.909, 2, 84 %, 3 %, 35284 MiB, 85.21 W
2026/09/11 18:52:52.910, 0, 86 %, 3 %, 35285 MiB, 84.45 W
2026/09/11 18:52:52.910, 1, 90 %, 3 %, 35285 MiB, 88.56 W
2026/09/11 18:52:52.910, 2, 91 %, 3 %, 35284 MiB, 82.98 W
2026/09/11 18:52:57.916, 0, 88 %, 3 %, 35285 MiB, 87.34 W
2026/09/11 18:52:57.916, 1, 87 %, 3 %, 35285 MiB, 93.22 W
2026/09/11 18:52:57.916, 2, 89 %, 3 %, 35284 MiB, 83.61 W
2026/09/11 18:53:02.917, 0, 87 %, 3 %, 35285 MiB, 88.78 W
2026/09/11 18:53:02.917, 1, 91 %, 3 %, 35285 MiB, 86.47 W
2026/09/11 18:53:02.917, 2, 90 %, 5 %, 35284 MiB, 81.52 W
2026/09/11 18:53:07.918, 0, 90 %, 3 %, 35285 MiB, 86.40 W
2026/09/11 18:53:07.918, 1, 92 %, 5 %, 35285 MiB, 85.37 W
2026/09/11 18:53:07.918, 2, 89 %, 3 %, 35284 MiB, 79.85 W
2026/09/11 18:53:12.918, 0, 91 %, 3 %, 35285 MiB, 82.21 W
2026/09/11 18:53:12.919, 1, 93 %, 3 %, 35285 MiB, 83.26 W
2026/09/11 18:53:12.919, 2, 89 %, 3 %, 35284 MiB, 86.79 W
2026/09/11 18:53:17.919, 0, 86 %, 3 %, 35285 MiB, 84.54 W
2026/09/11 18:53:17.920, 1, 88 %, 3 %, 35285 MiB, 87.05 W
2026/09/11 18:53:17.920, 2, 90 %, 3 %, 35284 MiB, 81.65 W
2026/09/11 18:53:22.921, 0, 90 %, 3 %, 35285 MiB, 86.00 W
2026/09/11 18:53:22.921, 1, 94 %, 3 %, 35285 MiB, 79.12 W
2026/09/11 18:53:22.921, 2, 91 %, 5 %, 35284 MiB, 84.29 W
2026/09/11 18:53:27.921, 0, 92 %, 3 %, 35285 MiB, 85.79 W
2026/09/11 18:53:27.922, 1, 91 %, 3 %, 35285 MiB, 81.51 W
2026/09/11 18:53:27.922, 2, 86 %, 3 %, 35284 MiB, 85.25 W
2026/09/11 18:53:32.922, 0, 89 %, 3 %, 35285 MiB, 85.16 W
2026/09/11 18:53:32.923, 1, 90 %, 3 %, 35285 MiB, 84.69 W
2026/09/11 18:53:32.923, 2, 85 %, 3 %, 35284 MiB, 81.64 W
2026/09/11 18:53:37.923, 0, 88 %, 3 %, 35285 MiB, 131.57 W
2026/09/11 18:53:37.923, 1, 89 %, 3 %, 35285 MiB, 81.04 W
2026/09/11 18:53:37.923, 2, 94 %, 5 %, 35284 MiB, 84.31 W
2026/09/11 18:53:42.926, 0, 90 %, 3 %, 35285 MiB, 87.86 W
2026/09/11 18:53:42.926, 1, 89 %, 4 %, 35285 MiB, 79.61 W
2026/09/11 18:53:42.926, 2, 94 %, 5 %, 35284 MiB, 127.79 W
2026/09/11 18:53:47.926, 0, 97 %, 3 %, 35285 MiB, 102.51 W
2026/09/11 18:53:47.927, 1, 92 %, 6 %, 35285 MiB, 79.47 W
2026/09/11 18:53:47.927, 2, 97 %, 3 %, 35284 MiB, 80.72 W
2026/09/11 18:53:52.927, 0, 95 %, 6 %, 35285 MiB, 83.58 W
2026/09/11 18:53:52.927, 1, 92 %, 5 %, 35285 MiB, 82.94 W
2026/09/11 18:53:52.927, 2, 93 %, 3 %, 35284 MiB, 97.93 W
2026/09/11 18:53:57.928, 0, 94 %, 5 %, 35285 MiB, 88.06 W
2026/09/11 18:53:57.928, 1, 96 %, 3 %, 35285 MiB, 78.41 W
2026/09/11 18:53:57.928, 2, 96 %, 3 %, 35284 MiB, 81.63 W
2026/09/11 18:54:02.929, 0, 98 %, 6 %, 35285 MiB, 81.04 W
2026/09/11 18:54:02.929, 1, 98 %, 3 %, 35285 MiB, 98.11 W
2026/09/11 18:54:02.929, 2, 95 %, 5 %, 35284 MiB, 103.47 W
2026/09/11 18:54:07.930, 0, 95 %, 5 %, 35285 MiB, 79.25 W
2026/09/11 18:54:07.930, 1, 98 %, 8 %, 35285 MiB, 75.95 W
2026/09/11 18:54:07.930, 2, 95 %, 5 %, 35284 MiB, 82.42 W
2026/09/11 18:54:12.930, 0, 95 %, 5 %, 35285 MiB, 83.00 W
2026/09/11 18:54:12.931, 1, 97 %, 5 %, 35285 MiB, 112.65 W
2026/09/11 18:54:12.931, 2, 94 %, 5 %, 35284 MiB, 97.59 W
2026/09/11 18:54:17.931, 0, 97 %, 3 %, 35285 MiB, 81.02 W
2026/09/11 18:54:17.932, 1, 47 %, 3 %, 35285 MiB, 67.94 W
2026/09/11 18:54:17.932, 2, 96 %, 6 %, 35284 MiB, 81.75 W
2026/09/11 18:54:22.936, 0, 0 %, 0 %, 35285 MiB, 37.71 W
2026/09/11 18:54:22.936, 1, 0 %, 0 %, 35285 MiB, 37.28 W
2026/09/11 18:54:22.936, 2, 0 %, 0 %, 35284 MiB, 38.04 W
2026/09/11 18:54:27.940, 0, 0 %, 0 %, 35285 MiB, 37.42 W
2026/09/11 18:54:27.941, 1, 0 %, 0 %, 35285 MiB, 36.90 W
2026/09/11 18:54:27.941, 2, 0 %, 0 %, 35284 MiB, 37.85 W
2026/09/11 18:54:32.941, 0, 0 %, 0 %, 35285 MiB, 37.42 W
2026/09/11 18:54:32.941, 1, 0 %, 0 %, 35285 MiB, 36.79 W
2026/09/11 18:54:32.942, 2, 0 %, 0 %, 35284 MiB, 37.95 W
2026/09/11 18:54:37.942, 0, 8 %, 1 %, 35285 MiB, 37.31 W
2026/09/11 18:54:37.942, 1, 0 %, 0 %, 35285 MiB, 55.91 W
2026/09/11 18:54:37.942, 2, 2 %, 0 %, 35284 MiB, 38.25 W
2026/09/11 18:54:42.944, 0, 0 %, 0 %, 35285 MiB, 37.22 W
2026/09/11 18:54:42.944, 1, 0 %, 0 %, 35285 MiB, 36.61 W
2026/09/11 18:54:42.944, 2, 0 %, 0 %, 35284 MiB, 37.46 W
2026/09/11 18:54:47.946, 0, 0 %, 0 %, 35285 MiB, 37.12 W
2026/09/11 18:54:47.946, 1, 0 %, 0 %, 35285 MiB, 36.49 W
2026/09/11 18:54:47.946, 2, 0 %, 0 %, 35284 MiB, 37.26 W
2026/09/11 18:54:52.948, 0, 0 %, 0 %, 35285 MiB, 36.82 W
2026/09/11 18:54:52.948, 1, 0 %, 0 %, 35285 MiB, 36.49 W
2026/09/11 18:54:52.948, 2, 2 %, 0 %, 35284 MiB, 37.85 W
2026/09/11 18:54:57.960, 0, 0 %, 0 %, 35285 MiB, 36.82 W
2026/09/11 18:54:57.960, 1, 0 %, 0 %, 35285 MiB, 36.59 W
2026/09/11 18:54:57.960, 2, 0 %, 0 %, 35284 MiB, 36.97 W
2026/09/11 18:55:02.961, 0, 0 %, 0 %, 35285 MiB, 36.52 W
2026/09/11 18:55:02.962, 1, 0 %, 0 %, 35285 MiB, 36.30 W
2026/09/11 18:55:02.962, 2, 0 %, 0 %, 35284 MiB, 36.97 W
2026/09/11 18:55:07.962, 0, 0 %, 0 %, 35285 MiB, 36.72 W
2026/09/11 18:55:07.963, 1, 2 %, 0 %, 35285 MiB, 36.11 W
2026/09/11 18:55:07.963, 2, 0 %, 0 %, 35284 MiB, 37.65 W
2026/09/11 18:55:12.963, 0, 0 %, 0 %, 35285 MiB, 36.43 W
2026/09/11 18:55:12.964, 1, 0 %, 0 %, 35285 MiB, 36.01 W
2026/09/11 18:55:12.964, 2, 0 %, 0 %, 35284 MiB, 36.87 W
2026/09/11 18:55:17.965, 0, 0 %, 0 %, 35285 MiB, 36.62 W
2026/09/11 18:55:17.965, 1, 0 %, 0 %, 35285 MiB, 36.21 W
2026/09/11 18:55:17.965, 2, 0 %, 0 %, 35284 MiB, 36.87 W
2026/09/11 18:55:22.966, 0, 0 %, 0 %, 35285 MiB, 36.53 W
2026/09/11 18:55:22.966, 1, 0 %, 0 %, 35285 MiB, 36.11 W
2026/09/11 18:55:22.967, 2, 0 %, 0 %, 35284 MiB, 36.77 W
2026/09/11 18:55:27.967, 0, 0 %, 0 %, 35285 MiB, 36.64 W
2026/09/11 18:55:27.967, 1, 0 %, 0 %, 35285 MiB, 35.91 W
2026/09/11 18:55:27.967, 2, 0 %, 0 %, 35284 MiB, 36.97 W
2026/09/11 18:55:32.967, 0, 0 %, 0 %, 35285 MiB, 36.44 W
2026/09/11 18:55:32.968, 1, 0 %, 0 %, 35285 MiB, 35.82 W
2026/09/11 18:55:32.968, 2, 0 %, 0 %, 35284 MiB, 36.80 W
2026/09/11 18:55:37.968, 0, 10 %, 0 %, 35285 MiB, 36.44 W
2026/09/11 18:55:37.969, 1, 16 %, 0 %, 35285 MiB, 39.86 W
2026/09/11 18:55:37.969, 2, 2 %, 0 %, 35284 MiB, 36.68 W
2026/09/11 18:55:42.969, 0, 16 %, 0 %, 35285 MiB, 36.63 W
2026/09/11 18:55:42.970, 1, 20 %, 0 %, 35285 MiB, 37.37 W
2026/09/11 18:55:42.970, 2, 9 %, 0 %, 35284 MiB, 36.68 W
2026/09/11 18:55:47.970, 0, 9 %, 0 %, 35285 MiB, 36.52 W
2026/09/11 18:55:47.970, 1, 0 %, 0 %, 35285 MiB, 35.72 W
2026/09/11 18:55:47.971, 2, 5 %, 0 %, 35284 MiB, 40.53 W
2026/09/11 18:55:52.972, 0, 10 %, 0 %, 35285 MiB, 36.44 W
2026/09/11 18:55:52.972, 1, 15 %, 0 %, 35285 MiB, 42.52 W
2026/09/11 18:55:52.972, 2, 12 %, 0 %, 35284 MiB, 36.68 W
2026/09/11 18:55:57.975, 0, 0 %, 0 %, 35285 MiB, 38.21 W
2026/09/11 18:55:57.975, 1, 16 %, 0 %, 35285 MiB, 35.72 W
2026/09/11 18:55:57.975, 2, 10 %, 0 %, 35284 MiB, 36.57 W
2026/09/11 18:56:02.976, 0, 0 %, 0 %, 35285 MiB, 36.34 W
2026/09/11 18:56:02.976, 1, 20 %, 0 %, 35285 MiB, 35.62 W
2026/09/11 18:56:02.977, 2, 33 %, 1 %, 35284 MiB, 36.46 W
2026/09/11 18:56:07.977, 0, 0 %, 0 %, 35285 MiB, 36.43 W
2026/09/11 18:56:07.978, 1, 3 %, 0 %, 35285 MiB, 35.62 W
2026/09/11 18:56:07.978, 2, 0 %, 0 %, 35284 MiB, 37.56 W
2026/09/11 18:56:12.978, 0, 8 %, 0 %, 35285 MiB, 36.13 W
2026/09/11 18:56:12.979, 1, 7 %, 0 %, 35285 MiB, 36.61 W
2026/09/11 18:56:12.979, 2, 22 %, 0 %, 35284 MiB, 42.42 W
2026/09/11 18:56:17.979, 0, 9 %, 0 %, 35285 MiB, 36.73 W
2026/09/11 18:56:17.979, 1, 24 %, 0 %, 35285 MiB, 35.72 W
2026/09/11 18:56:17.980, 2, 0 %, 0 %, 35284 MiB, 36.46 W
2026/09/11 18:56:22.981, 0, 10 %, 0 %, 35285 MiB, 36.25 W
2026/09/11 18:56:22.981, 1, 0 %, 0 %, 35285 MiB, 41.46 W
2026/09/11 18:56:22.981, 2, 0 %, 0 %, 35284 MiB, 40.23 W
2026/09/11 18:56:27.983, 0, 10 %, 0 %, 35285 MiB, 38.13 W
2026/09/11 18:56:27.983, 1, 8 %, 0 %, 35285 MiB, 35.53 W
2026/09/11 18:56:27.984, 2, 37 %, 1 %, 35284 MiB, 36.47 W
2026/09/11 18:56:32.984, 0, 25 %, 0 %, 35285 MiB, 36.23 W
2026/09/11 18:56:32.984, 1, 28 %, 0 %, 35285 MiB, 37.38 W
2026/09/11 18:56:32.984, 2, 0 %, 0 %, 35284 MiB, 43.79 W
2026/09/11 18:56:37.992, 0, 0 %, 0 %, 35285 MiB, 36.34 W
2026/09/11 18:56:37.992, 1, 10 %, 0 %, 35285 MiB, 36.21 W
2026/09/11 18:56:37.992, 2, 0 %, 0 %, 35284 MiB, 36.46 W
2026/09/11 18:56:42.994, 0, 0 %, 0 %, 35285 MiB, 36.33 W
2026/09/11 18:56:42.994, 1, 34 %, 1 %, 35285 MiB, 35.51 W
2026/09/11 18:56:42.994, 2, 0 %, 0 %, 35284 MiB, 36.68 W
2026/09/11 18:56:47.996, 0, 15 %, 0 %, 35285 MiB, 36.33 W
2026/09/11 18:56:47.996, 1, 20 %, 0 %, 35285 MiB, 35.41 W
2026/09/11 18:56:47.996, 2, 28 %, 1 %, 35284 MiB, 36.35 W
2026/09/11 18:56:52.997, 0, 0 %, 0 %, 35285 MiB, 36.16 W
2026/09/11 18:56:52.997, 1, 0 %, 0 %, 35285 MiB, 35.63 W
2026/09/11 18:56:52.998, 2, 22 %, 0 %, 35284 MiB, 36.48 W
2026/09/11 18:56:57.998, 0, 2 %, 0 %, 35285 MiB, 36.25 W
2026/09/11 18:56:57.998, 1, 0 %, 0 %, 35285 MiB, 35.92 W
2026/09/11 18:56:57.998, 2, 18 %, 0 %, 35284 MiB, 36.69 W
2026/09/11 18:57:02.999, 0, 0 %, 0 %, 35285 MiB, 36.16 W
2026/09/11 18:57:02.999, 1, 0 %, 0 %, 35285 MiB, 35.34 W
2026/09/11 18:57:02.999, 2, 14 %, 0 %, 35284 MiB, 36.37 W
2026/09/11 18:57:07.999, 0, 0 %, 0 %, 35285 MiB, 35.96 W
2026/09/11 18:57:07.999, 1, 12 %, 0 %, 35285 MiB, 35.53 W
2026/09/11 18:57:07.999, 2, 28 %, 0 %, 35284 MiB, 36.28 W
2026/09/11 18:57:13.000, 0, 0 %, 0 %, 35285 MiB, 36.16 W
2026/09/11 18:57:13.001, 1, 0 %, 0 %, 35285 MiB, 38.68 W
2026/09/11 18:57:13.001, 2, 12 %, 0 %, 35284 MiB, 36.16 W
2026/09/11 18:57:18.001, 0, 0 %, 0 %, 35285 MiB, 35.96 W
2026/09/11 18:57:18.001, 1, 12 %, 0 %, 35285 MiB, 35.42 W
2026/09/11 18:57:18.001, 2, 12 %, 0 %, 35284 MiB, 36.38 W
2026/09/11 18:57:23.002, 0, 0 %, 0 %, 35285 MiB, 35.96 W
2026/09/11 18:57:23.002, 1, 0 %, 0 %, 35285 MiB, 35.54 W
2026/09/11 18:57:23.002, 2, 0 %, 0 %, 35284 MiB, 36.18 W
2026/09/11 18:57:28.002, 0, 0 %, 0 %, 35285 MiB, 35.86 W
2026/09/11 18:57:28.002, 1, 0 %, 0 %, 35285 MiB, 35.72 W
2026/09/11 18:57:28.002, 2, 0 %, 0 %, 35284 MiB, 36.19 W
2026/09/11 18:57:33.003, 0, 0 %, 0 %, 35285 MiB, 36.16 W
2026/09/11 18:57:33.003, 1, 0 %, 0 %, 35285 MiB, 35.33 W
2026/09/11 18:57:33.003, 2, 0 %, 0 %, 35284 MiB, 36.18 W
2026/09/11 18:57:38.004, 0, 89 %, 3 %, 35285 MiB, 80.54 W
2026/09/11 18:57:38.004, 1, 86 %, 3 %, 35285 MiB, 81.14 W
2026/09/11 18:57:38.004, 2, 93 %, 3 %, 35284 MiB, 80.93 W
2026/09/11 18:57:43.004, 0, 86 %, 3 %, 35285 MiB, 84.79 W
2026/09/11 18:57:43.005, 1, 92 %, 3 %, 35285 MiB, 84.30 W
2026/09/11 18:57:43.005, 2, 87 %, 3 %, 35284 MiB, 84.91 W
2026/09/11 18:57:48.005, 0, 89 %, 3 %, 35285 MiB, 87.58 W
2026/09/11 18:57:48.006, 1, 90 %, 3 %, 35285 MiB, 84.65 W
2026/09/11 18:57:48.006, 2, 94 %, 6 %, 35284 MiB, 82.91 W
2026/09/11 18:57:53.006, 0, 94 %, 5 %, 35285 MiB, 85.71 W
2026/09/11 18:57:53.006, 1, 89 %, 3 %, 35285 MiB, 86.10 W
2026/09/11 18:57:53.006, 2, 88 %, 3 %, 35284 MiB, 81.85 W
2026/09/11 18:57:58.007, 0, 89 %, 3 %, 35285 MiB, 84.57 W
2026/09/11 18:57:58.007, 1, 88 %, 3 %, 35285 MiB, 79.15 W
2026/09/11 18:57:58.007, 2, 91 %, 3 %, 35284 MiB, 75.85 W
2026/09/11 18:58:03.007, 0, 91 %, 3 %, 35285 MiB, 84.79 W
2026/09/11 18:58:03.008, 1, 89 %, 3 %, 35285 MiB, 82.01 W
2026/09/11 18:58:03.008, 2, 89 %, 3 %, 35284 MiB, 82.02 W
2026/09/11 18:58:08.008, 0, 89 %, 5 %, 35285 MiB, 86.61 W
2026/09/11 18:58:08.008, 1, 94 %, 3 %, 35285 MiB, 81.75 W
2026/09/11 18:58:08.008, 2, 92 %, 3 %, 35284 MiB, 83.91 W
2026/09/11 18:58:13.009, 0, 90 %, 3 %, 35285 MiB, 81.04 W
2026/09/11 18:58:13.009, 1, 90 %, 3 %, 35285 MiB, 80.03 W
2026/09/11 18:58:13.009, 2, 89 %, 3 %, 35284 MiB, 85.39 W
2026/09/11 18:58:18.010, 0, 91 %, 3 %, 35285 MiB, 89.10 W
2026/09/11 18:58:18.010, 1, 91 %, 3 %, 35285 MiB, 80.89 W
2026/09/11 18:58:18.010, 2, 89 %, 3 %, 35284 MiB, 81.36 W
2026/09/11 18:58:23.010, 0, 90 %, 3 %, 35285 MiB, 88.57 W
2026/09/11 18:58:23.011, 1, 93 %, 5 %, 35285 MiB, 85.29 W
2026/09/11 18:58:23.011, 2, 89 %, 4 %, 35284 MiB, 85.85 W
2026/09/11 18:58:28.011, 0, 91 %, 3 %, 35285 MiB, 83.82 W
2026/09/11 18:58:28.011, 1, 89 %, 3 %, 35285 MiB, 79.89 W
2026/09/11 18:58:28.011, 2, 93 %, 5 %, 35284 MiB, 82.00 W
2026/09/11 18:58:33.012, 0, 91 %, 3 %, 35285 MiB, 85.76 W
2026/09/11 18:58:33.012, 1, 91 %, 3 %, 35285 MiB, 78.24 W
2026/09/11 18:58:33.012, 2, 88 %, 3 %, 35284 MiB, 83.07 W
2026/09/11 18:58:38.013, 0, 87 %, 3 %, 35285 MiB, 88.26 W
2026/09/11 18:58:38.013, 1, 91 %, 3 %, 35285 MiB, 83.39 W
2026/09/11 18:58:38.013, 2, 87 %, 3 %, 35284 MiB, 86.95 W
2026/09/11 18:58:43.014, 0, 91 %, 3 %, 35285 MiB, 85.95 W
2026/09/11 18:58:43.014, 1, 91 %, 3 %, 35285 MiB, 86.92 W
2026/09/11 18:58:43.014, 2, 93 %, 5 %, 35284 MiB, 85.64 W
2026/09/11 18:58:48.015, 0, 86 %, 3 %, 35285 MiB, 89.40 W
2026/09/11 18:58:48.015, 1, 93 %, 5 %, 35285 MiB, 85.99 W
2026/09/11 18:58:48.015, 2, 88 %, 3 %, 35284 MiB, 81.25 W
2026/09/11 18:58:53.015, 0, 90 %, 3 %, 35285 MiB, 83.41 W
2026/09/11 18:58:53.016, 1, 89 %, 3 %, 35285 MiB, 85.33 W
2026/09/11 18:58:53.016, 2, 94 %, 5 %, 35284 MiB, 83.48 W
2026/09/11 18:58:58.016, 0, 94 %, 3 %, 35285 MiB, 80.21 W
2026/09/11 18:58:58.016, 1, 90 %, 5 %, 35285 MiB, 85.87 W
2026/09/11 18:58:58.016, 2, 92 %, 3 %, 35284 MiB, 82.03 W
2026/09/11 18:59:03.017, 0, 89 %, 3 %, 35285 MiB, 87.80 W
2026/09/11 18:59:03.017, 1, 92 %, 3 %, 35285 MiB, 81.76 W
2026/09/11 18:59:03.017, 2, 91 %, 3 %, 35284 MiB, 88.33 W
2026/09/11 18:59:08.019, 0, 96 %, 8 %, 35285 MiB, 79.50 W
2026/09/11 18:59:08.019, 1, 94 %, 3 %, 35285 MiB, 79.98 W
2026/09/11 18:59:08.019, 2, 94 %, 5 %, 35284 MiB, 82.71 W
2026/09/11 18:59:13.020, 0, 94 %, 3 %, 35285 MiB, 85.87 W
2026/09/11 18:59:13.020, 1, 95 %, 6 %, 35285 MiB, 108.25 W
2026/09/11 18:59:13.020, 2, 90 %, 4 %, 35284 MiB, 85.40 W
2026/09/11 18:59:18.021, 0, 96 %, 5 %, 35285 MiB, 82.65 W
2026/09/11 18:59:18.021, 1, 97 %, 6 %, 35285 MiB, 74.57 W
2026/09/11 18:59:18.021, 2, 93 %, 3 %, 35284 MiB, 83.01 W
2026/09/11 18:59:23.026, 0, 94 %, 5 %, 35285 MiB, 85.54 W
2026/09/11 18:59:23.026, 1, 98 %, 8 %, 35285 MiB, 88.79 W
2026/09/11 18:59:23.026, 2, 98 %, 6 %, 35284 MiB, 80.67 W
2026/09/11 18:59:28.027, 0, 91 %, 4 %, 35285 MiB, 84.19 W
2026/09/11 18:59:28.027, 1, 94 %, 5 %, 35285 MiB, 75.55 W
2026/09/11 18:59:28.027, 2, 96 %, 5 %, 35284 MiB, 80.55 W
2026/09/11 18:59:33.028, 0, 95 %, 6 %, 35285 MiB, 90.94 W
2026/09/11 18:59:33.028, 1, 94 %, 5 %, 35285 MiB, 78.75 W
2026/09/11 18:59:33.028, 2, 96 %, 5 %, 35284 MiB, 82.42 W
2026/09/11 18:59:38.029, 0, 97 %, 3 %, 35285 MiB, 90.91 W
2026/09/11 18:59:38.029, 1, 99 %, 8 %, 35285 MiB, 79.37 W
2026/09/11 18:59:38.029, 2, 96 %, 6 %, 35284 MiB, 80.89 W
2026/09/11 18:59:43.029, 0, 96 %, 3 %, 35285 MiB, 84.12 W
2026/09/11 18:59:43.030, 1, 100 %, 6 %, 35285 MiB, 107.78 W
2026/09/11 18:59:43.030, 2, 95 %, 5 %, 35284 MiB, 83.00 W
2026/09/11 18:59:48.031, 0, 0 %, 0 %, 35285 MiB, 37.60 W
2026/09/11 18:59:48.031, 1, 0 %, 0 %, 35285 MiB, 37.39 W
2026/09/11 18:59:48.031, 2, 0 %, 0 %, 35284 MiB, 38.04 W
2026/09/11 18:59:53.032, 0, 0 %, 0 %, 35285 MiB, 37.61 W
2026/09/11 18:59:53.032, 1, 0 %, 0 %, 35285 MiB, 37.19 W
2026/09/11 18:59:53.032, 2, 0 %, 0 %, 35284 MiB, 37.85 W
2026/09/11 18:59:58.032, 0, 0 %, 0 %, 35285 MiB, 37.32 W
2026/09/11 18:59:58.032, 1, 0 %, 0 %, 35285 MiB, 36.90 W
2026/09/11 18:59:58.033, 2, 0 %, 0 %, 35284 MiB, 37.85 W
2026/09/11 19:00:03.033, 0, 3 %, 0 %, 35285 MiB, 37.22 W
2026/09/11 19:00:03.033, 1, 0 %, 0 %, 35285 MiB, 36.70 W
2026/09/11 19:00:03.034, 2, 3 %, 0 %, 35284 MiB, 38.25 W
