Project root: /home/qaragoez/symclf-main_rnv
PYTHONPATH: /home/qaragoez/symclf-main_rnv/examples/4DCartPolerGPU5_7:/home/qaragoez/symclf-main_rnv:
Conda environment: /home/qaragoez/miniforge3/envs/flex
Python: /home/qaragoez/miniforge3/envs/flex/bin/python
Python 3.12.0
Ray Python package: 2.55.1 /home/qaragoez/miniforge3/envs/flex/lib/python3.12/site-packages/ray/__init__.py
JAX: 0.5.0 devices: [CudaDevice(id=0), CudaDevice(id=1), CudaDevice(id=2)]
GPU 0: NVIDIA A100-PCIE-40GB (UUID: GPU-8806a028-3fad-4d77-cd1f-e35537f6ba08)
GPU 1: NVIDIA A100-PCIE-40GB (UUID: GPU-5fed31ff-efb8-eddd-10a0-3e59d233cab1)
GPU 2: NVIDIA A100-PCIE-40GB (UUID: GPU-27a4ce9b-4204-cd33-f46c-b27e50f5a18a)
Ray CLI: /home/qaragoez/miniforge3/envs/flex/bin/ray
ray, version 2.55.1
Allocated nodes: s02n01
Head node: s02n01
Head IP: 10.10.2.1
Head address: 10.10.2.1:8730
Starting Ray head on s02n01...
2026-08-27 15:25:14,010	INFO usage_lib.py:474 -- Usage stats collection is enabled by default without user confirmation because this terminal is detected to be non-interactive. To disable this, add `--disable-usage-stats` to the command that starts the cluster, or run the following command: `ray disable-usage-stats` before starting the cluster. See https://docs.ray.io/en/master/cluster/usage-stats.html for more details.
2026-08-27 15:25:14,010	INFO scripts.py:940 -- [37mLocal node IP[39m: [1m10.10.2.1[22m
2026-08-27 15:25:20,989	SUCC scripts.py:979 -- [32m--------------------[39m
2026-08-27 15:25:20,989	SUCC scripts.py:980 -- [32mRay runtime started.[39m
2026-08-27 15:25:20,989	SUCC scripts.py:981 -- [32m--------------------[39m
2026-08-27 15:25:20,989	INFO scripts.py:983 -- [36mNext steps[39m
2026-08-27 15:25:20,989	INFO scripts.py:986 -- To add another node to this Ray cluster, run
2026-08-27 15:25:20,989	INFO scripts.py:989 -- [1m  ray start --address='10.10.2.1:8730'[22m
2026-08-27 15:25:20,989	INFO scripts.py:1000 -- To connect to this Ray cluster:
2026-08-27 15:25:20,989	INFO scripts.py:1002 -- [35mimport[39m[26m ray
2026-08-27 15:25:20,989	INFO scripts.py:1003 -- ray[35m.[39m[26minit(_node_ip_address[35m=[39m[26m[33m'10.10.2.1'[39m[26m)
2026-08-27 15:25:20,989	INFO scripts.py:1017 -- To submit a Ray job using the Ray Jobs CLI:
2026-08-27 15:25:20,990	INFO scripts.py:1018 -- [1m  RAY_API_SERVER_ADDRESS='http://10.10.2.1:8265' ray job submit --working-dir . -- python my_script.py[22m
2026-08-27 15:25:20,990	INFO scripts.py:1027 -- See https://docs.ray.io/en/latest/cluster/running-applications/job-submission/index.html 
2026-08-27 15:25:20,990	INFO scripts.py:1031 -- for more information on submitting Ray jobs to the Ray cluster.
2026-08-27 15:25:20,990	INFO scripts.py:1036 -- To terminate the Ray runtime, run
2026-08-27 15:25:20,990	INFO scripts.py:1037 -- [1m  ray stop[22m
2026-08-27 15:25:20,990	INFO scripts.py:1040 -- To view the status of the cluster, use
2026-08-27 15:25:20,990	INFO scripts.py:1041 --   [1mray status[22m[26m
2026-08-27 15:25:20,990	INFO scripts.py:1045 -- To monitor and debug Ray, view the dashboard at 
2026-08-27 15:25:20,990	INFO scripts.py:1046 --   [1m10.10.2.1:8265[22m[26m
2026-08-27 15:25:20,990	INFO scripts.py:1053 -- [4mIf connection to the dashboard fails, check your firewall settings and network configuration.[24m
2026-08-27 15:25:20,990	INFO scripts.py:1159 -- [36m[1m--block[22m[39m
2026-08-27 15:25:20,990	INFO scripts.py:1160 -- This command will now block forever until terminated by a signal.
2026-08-27 15:25:20,990	INFO scripts.py:1163 -- Running subprocesses are monitored and a message will be printed if any of them terminate unexpectedly. Subprocesses exit with SIGTERM will be treated as graceful, thus NOT reported.
2026-08-27 15:25:20,991	INFO scripts.py:1168 -- Process exit logs will be saved to: [1m/tmp/ray/session_2026-08-27_15-25-14_011760_1764697/logs/ray_process_exit.log[22m[26m
Ray cluster status:
======== Autoscaler status: 2026-08-27 15:25:50.531563 ========
Node status
---------------------------------------------------------------
Active:
 1 node_05211bd5ed4532e15ec3dd17c747afce29f843058636310aeb19b347
Pending:
 (no pending nodes)
Recent failures:
 (no failures)

Resources
---------------------------------------------------------------
Total Usage:
 0.0/32.0 CPU
 0.0/3.0 GPU
 0B/176.01GiB memory
 0B/75.43GiB object_store_memory

From request_resources:
 (none)
Pending Demands:
 (no resource demands)
Starting run.py (GPU5_7 certified-region objective)...
GPU5 Ray resources: {'node:__internal_head__': 1.0, 'CPU': 32.0, 'object_store_memory': 80994451046.0, 'memory': 188987052442.0, 'accelerator_type:A100': 1.0, 'GPU': 3.0, 'node:10.10.2.1': 1.0}
GPU5 GP hyperparameters: population=2500 (num_individuals=500 x num_islands=5), generations=20000, crossover=0.7, mutation=0.3, reg_param=0.005, mig_freq=10, mig_frac=0.05
[36m(GPUFitnessActor pid=1765757)[0m GPU5_7 strict margin predicate: violation iff margin > -1.0e-09  (a == 0 is now a violation)
[36m(GPUFitnessActor pid=1765757)[0m GPU5_7 reference = ARE solution; eig(PA+A'P) on {B'Px=0} = [-1. -1. -1.]
[36m(GPUFitnessActor pid=1765762)[0m GPU5_7 strict margin predicate: violation iff margin > -1.0e-09  (a == 0 is now a violation)
[36m(GPUFitnessActor pid=1765762)[0m GPU5_7 reference = ARE solution; eig(PA+A'P) on {B'Px=0} = [-1. -1. -1.]
[36m(GPUFitnessActor pid=1765757)[0m GPU5_7 properness reference: lqr
[36m(GPUFitnessActor pid=1765754)[0m GPU5_7 strict margin predicate: violation iff margin > -1.0e-09  (a == 0 is now a violation)
[36m(GPUFitnessActor pid=1765754)[0m GPU5_7 reference = ARE solution; eig(PA+A'P) on {B'Px=0} = [-1. -1. -1.]
[36m(GPUFitnessActor pid=1765756)[0m GPU5_7 strict margin predicate: violation iff margin > -1.0e-09  (a == 0 is now a violation)
[36m(GPUFitnessActor pid=1765756)[0m GPU5_7 reference = ARE solution; eig(PA+A'P) on {B'Px=0} = [-1. -1. -1.]
[36m(GPUFitnessActor pid=1765753)[0m GPU5_7 strict margin predicate: violation iff margin > -1.0e-09  (a == 0 is now a violation)
[36m(GPUFitnessActor pid=1765753)[0m GPU5_7 reference = ARE solution; eig(PA+A'P) on {B'Px=0} = [-1. -1. -1.]
[36m(GPUFitnessActor pid=1765754)[0m GPU5_7 properness reference: lqr
[36m(GPUFitnessActor pid=1765755)[0m GPU5_7 strict margin predicate: violation iff margin > -1.0e-09  (a == 0 is now a violation)
[36m(GPUFitnessActor pid=1765755)[0m GPU5_7 reference = ARE solution; eig(PA+A'P) on {B'Px=0} = [-1. -1. -1.]
[36m(GPUFitnessActor pid=1765755)[0m GPU5_7 properness reference: lqr
[36m(GPUFitnessActor pid=1765756)[0m GPU5_7 properness reference: lqr
[36m(GPUFitnessActor pid=1765758)[0m GPU5_7 strict margin predicate: violation iff margin > -1.0e-09  (a == 0 is now a violation)
[36m(GPUFitnessActor pid=1765758)[0m GPU5_7 reference = ARE solution; eig(PA+A'P) on {B'Px=0} = [-1. -1. -1.]
[36m(GPUFitnessActor pid=1765758)[0m GPU5_7 properness reference: lqr
[36m(GPUFitnessActor pid=1765760)[0m GPU5_7 strict margin predicate: violation iff margin > -1.0e-09  (a == 0 is now a violation)
[36m(GPUFitnessActor pid=1765760)[0m GPU5_7 reference = ARE solution; eig(PA+A'P) on {B'Px=0} = [-1. -1. -1.]
[36m(GPUFitnessActor pid=1765760)[0m GPU5_7 properness reference: lqr
[36m(GPUFitnessActor pid=1765762)[0m GPU5_7 properness reference: lqr
[36m(GPUFitnessActor pid=1765761)[0m GPU5_7 strict margin predicate: violation iff margin > -1.0e-09  (a == 0 is now a violation)
[36m(GPUFitnessActor pid=1765761)[0m GPU5_7 reference = ARE solution; eig(PA+A'P) on {B'Px=0} = [-1. -1. -1.]
[36m(GPUFitnessActor pid=1765761)[0m GPU5_7 properness reference: lqr
[36m(GPUFitnessActor pid=1765753)[0m GPU5_7 properness reference: lqr
[36m(GPUFitnessActor pid=1765753)[0m GPU5_7 JAX devices: cuda:0
[36m(GPUFitnessActor pid=1765757)[0m GPU5_7 JAX devices: cuda:0
[36m(GPUFitnessActor pid=1765758)[0m GPU5_7 JAX devices: cuda:0
[36m(GPUFitnessActor pid=1765760)[0m GPU5_7 JAX devices: cuda:0
[36m(GPUFitnessActor pid=1765762)[0m GPU5_7 JAX devices: cuda:0
[36m(GPUFitnessActor pid=1765761)[0m GPU5_7 JAX devices: cuda:0
[36m(GPUFitnessActor pid=1765754)[0m GPU5_7 JAX devices: cuda:0
[36m(GPUFitnessActor pid=1765755)[0m GPU5_7 JAX devices: cuda:0
[36m(GPUFitnessActor pid=1765756)[0m GPU5_7 JAX devices: cuda:0
GPU5 Artstein warm-up: gpu0=ok:10.58s, gpu1=ok:10.85s, gpu2=ok:10.81s, gpu3=ok:10.57s, gpu4=ok:10.18s, gpu5=ok:10.80s, gpu6=ok:10.87s, gpu7=ok:10.84s, gpu8=ok:10.87s
GPU5 full exact warm-up: gpu0=ok:24.36s, gpu1=ok:22.72s, gpu2=ok:23.52s, gpu3=ok:23.06s, gpu4=ok:22.81s, gpu5=ok:24.11s, gpu6=ok:22.99s, gpu7=ok:22.98s, gpu8=ok:23.57s
GPU5 scheduling: 9 persistent actors (3 GPUs x 3 actors/GPU, gpu_fraction=0.333, cpus/actor=3), pre_batch_size=16, exact_batch_size=24, cheap_batch_size=32, exact_wave_cheap_limits=(500,1500), full_exact_enabled=1, tuner_fusion=2, population=2500
GPU5 actor devices: ['cuda:0', 'cuda:0', 'cuda:0', 'cuda:0', 'cuda:0', 'cuda:0', 'cuda:0', 'cuda:0', 'cuda:0']
Generating initial population(s)...
 Seeding population with individuals...
DONE.
Evaluating initial population(s)...
GPU5 stages: candidates=500 pre_s=16.791 cheap_candidates=2 cheap_unique=2 cheap_s=3.323/40.000 cheap_rejected=2 cheap_a_min=0.582525808317 cheap_a_p50=0.582525808317 cheap_a_p95=0.73174789106 cheap_a_max=0.73174789106 exact_a_gate=0.15 exact_provisional_penalty=16583.1563034 exact_candidates=0 exact_unique=0 full_exact_enabled=1 exact_capacity=1200 exact_waves=134 exact_scheduled=0 exact_deferred=0 exact_wave=0/1200 exact_queue_depth=0 exact_pending_instances=0 exact_s=0.000 exact_ok=0 exact_margin_max=nan exact_scan_mean_s=nan exact_bisect_mean_s=nan exact_polish_mean_s=nan exact_final_mean_s=nan exact_margin_abs_b_max=nan cache_hits=0 cache_misses=0 cache_waits=0
GPU5 stages: candidates=500 pre_s=1.946 cheap_candidates=0 cheap_unique=0 cheap_s=0.000/15.000 cheap_rejected=0 cheap_a_min=nan cheap_a_p50=nan cheap_a_p95=nan cheap_a_max=nan exact_a_gate=0.15 exact_provisional_penalty=3928.17976309 exact_candidates=0 exact_unique=0 full_exact_enabled=1 exact_capacity=1200 exact_waves=134 exact_scheduled=0 exact_deferred=0 exact_wave=0/1200 exact_queue_depth=0 exact_pending_instances=0 exact_s=0.000 exact_ok=0 exact_margin_max=nan exact_scan_mean_s=nan exact_bisect_mean_s=nan exact_polish_mean_s=nan exact_final_mean_s=nan exact_margin_abs_b_max=nan cache_hits=0 cache_misses=0 cache_waits=0
GPU5 stages: candidates=500 pre_s=1.718 cheap_candidates=0 cheap_unique=0 cheap_s=0.000/15.000 cheap_rejected=0 cheap_a_min=nan cheap_a_p50=nan cheap_a_p95=nan cheap_a_max=nan exact_a_gate=0.15 exact_provisional_penalty=3928.17976309 exact_candidates=0 exact_unique=0 full_exact_enabled=1 exact_capacity=1200 exact_waves=134 exact_scheduled=0 exact_deferred=0 exact_wave=0/1200 exact_queue_depth=0 exact_pending_instances=0 exact_s=0.000 exact_ok=0 exact_margin_max=nan exact_scan_mean_s=nan exact_bisect_mean_s=nan exact_polish_mean_s=nan exact_final_mean_s=nan exact_margin_abs_b_max=nan cache_hits=0 cache_misses=0 cache_waits=0
GPU5 stages: candidates=500 pre_s=1.863 cheap_candidates=0 cheap_unique=0 cheap_s=0.000/15.000 cheap_rejected=0 cheap_a_min=nan cheap_a_p50=nan cheap_a_p95=nan cheap_a_max=nan exact_a_gate=0.15 exact_provisional_penalty=3928.17976309 exact_candidates=0 exact_unique=0 full_exact_enabled=1 exact_capacity=1200 exact_waves=134 exact_scheduled=0 exact_deferred=0 exact_wave=0/1200 exact_queue_depth=0 exact_pending_instances=0 exact_s=0.000 exact_ok=0 exact_margin_max=nan exact_scan_mean_s=nan exact_bisect_mean_s=nan exact_polish_mean_s=nan exact_final_mean_s=nan exact_margin_abs_b_max=nan cache_hits=0 cache_misses=0 cache_waits=0
GPU5 stages: candidates=500 pre_s=1.690 cheap_candidates=0 cheap_unique=0 cheap_s=0.000/15.000 cheap_rejected=0 cheap_a_min=nan cheap_a_p50=nan cheap_a_p95=nan cheap_a_max=nan exact_a_gate=0.15 exact_provisional_penalty=3928.17976309 exact_candidates=0 exact_unique=0 full_exact_enabled=1 exact_capacity=1200 exact_waves=134 exact_scheduled=0 exact_deferred=0 exact_wave=0/1200 exact_queue_depth=0 exact_pending_instances=0 exact_s=0.000 exact_ok=0 exact_margin_max=nan exact_scan_mean_s=nan exact_bisect_mean_s=nan exact_polish_mean_s=nan exact_final_mean_s=nan exact_margin_abs_b_max=nan cache_hits=0 cache_misses=0 cache_waits=0
DONE.
 -= START OF EVOLUTION =- 
GPU5 stages: candidates=2500 pre_s=8.323 cheap_candidates=1 cheap_unique=1 cheap_s=0.489/40.000 cheap_rejected=1 cheap_a_min=0.753538490531 cheap_a_p50=0.753538490531 cheap_a_p95=0.753538490531 cheap_a_max=0.753538490531 exact_a_gate=0.15 exact_provisional_penalty=3928.17976309 exact_candidates=0 exact_unique=0 full_exact_enabled=1 exact_capacity=1200 exact_waves=134 exact_scheduled=0 exact_deferred=0 exact_wave=0/1200 exact_queue_depth=0 exact_pending_instances=0 exact_s=0.000 exact_ok=0 exact_margin_max=nan exact_scan_mean_s=nan exact_bisect_mean_s=nan exact_polish_mean_s=nan exact_final_mean_s=nan exact_margin_abs_b_max=nan cache_hits=0 cache_misses=0 cache_waits=0
   	     	                   fitness                    	             size             
   	     	----------------------------------------------	------------------------------
gen	evals	min    	avg        	max        	std   	min	avg   	max	std   
1  	2500 	17702.9	1.65122e+06	2.14336e+06	615399	3  	7.6584	59 	4.0825
Best individuals of this generation:
add(add(add(add(add(add(add(add(add(mul(a, mul(x1, x1)), mul(a, mul(x1, x2))), mul(a, mul(x1, x3))), mul(a, mul(x1, x4))), mul(a, mul(x2, x2))), mul(a, mul(x2, x3))), mul(a, mul(x2, x4))), mul(a, mul(x3, x3))), mul(a, mul(x3, x4))), mul(a, mul(x4, x4)))
GPU5 stages: candidates=2500 pre_s=9.548 cheap_candidates=7 cheap_unique=7 cheap_s=0.766/40.000 cheap_rejected=6 cheap_a_min=0.0540227236836 cheap_a_p50=0.70370978841 cheap_a_p95=2.43118389531 cheap_a_max=2.43118389531 exact_a_gate=0.15 exact_provisional_penalty=3928.17976309 exact_candidates=1 exact_unique=1 full_exact_enabled=1 exact_capacity=1200 exact_waves=134 exact_scheduled=1 exact_deferred=0 exact_wave=1/1200 exact_queue_depth=0 exact_pending_instances=0 exact_s=7.699 exact_ok=1 exact_margin_max=0.061653160697 exact_scan_mean_s=1.463 exact_bisect_mean_s=0.758 exact_polish_mean_s=0.089 exact_final_mean_s=1.613 exact_margin_abs_b_max=nan cache_hits=0 cache_misses=0 cache_waits=0
2  	2500 	12473.6	1.02179e+06	2.11256e+06	534335	4  	10.7528	61 	4.4781
Best individuals of this generation:
aq(sin(sub(add(x2, x1), exp(a))), sub(x4, x3))
GPU5 stages: candidates=2500 pre_s=10.961 cheap_candidates=15 cheap_unique=14 cheap_s=0.789/40.000 cheap_rejected=12 cheap_a_min=6.12194694102e-11 cheap_a_p50=0.714746041068 cheap_a_p95=0.932565044623 cheap_a_max=7.67411287068 exact_a_gate=0.15 exact_provisional_penalty=3928.17976309 exact_candidates=3 exact_unique=3 full_exact_enabled=1 exact_capacity=1200 exact_waves=134 exact_scheduled=3 exact_deferred=0 exact_wave=3/1200 exact_queue_depth=0 exact_pending_instances=0 exact_s=9.792 exact_ok=3 exact_margin_max=0.125718633538 exact_scan_mean_s=0.511 exact_bisect_mean_s=0.280 exact_polish_mean_s=0.035 exact_final_mean_s=0.896 exact_margin_abs_b_max=nan cache_hits=0 cache_misses=0 cache_waits=0
3  	2500 	9598.75	638859     	1.11596e+06	492280	5  	13.254 	63 	5.1837
Best individuals of this generation:
add(add(add(add(add(add(add(add(add(mul(a, mul(x1, x1)), mul(a, mul(x1, x2))), mul(a, mul(x1, x3))), mul(a, mul(x1, x4))), mul(a, mul(x2, x2))), mul(a, mul(x2, x3))), mul(mul(x3, x4), mul(x2, x4))), mul(a, mul(x3, x3))), mul(a, mul(x3, x4))), mul(a, mul(x4, x4)))
GPU5 stages: candidates=2500 pre_s=12.016 cheap_candidates=22 cheap_unique=22 cheap_s=0.950/40.000 cheap_rejected=18 cheap_a_min=1.96813519365e-12 cheap_a_p50=0.919753075349 cheap_a_p95=5.57408403655 cheap_a_max=11.228961115 exact_a_gate=0.15 exact_provisional_penalty=3928.17976309 exact_candidates=4 exact_unique=4 full_exact_enabled=1 exact_capacity=1200 exact_waves=134 exact_scheduled=4 exact_deferred=0 exact_wave=4/1200 exact_queue_depth=0 exact_pending_instances=0 exact_s=6.154 exact_ok=4 exact_margin_max=0.0742222491448 exact_scan_mean_s=0.350 exact_bisect_mean_s=0.168 exact_polish_mean_s=0.029 exact_final_mean_s=0.323 exact_margin_abs_b_max=nan cache_hits=0 cache_misses=0 cache_waits=0
4  	2500 	7541.02	204574     	1.10538e+06	280154	7  	15.5364	77 	6.5342
Best individuals of this generation:
add(add(add(mul(x1, x1), mul(x2, x3)), add(mul(x3, x3), mul(x4, x4))), mul(x1, x4))
GPU5 stages: candidates=2500 pre_s=12.732 cheap_candidates=45 cheap_unique=45 cheap_s=2.564/40.000 cheap_rejected=39 cheap_a_min=2.48931272333e-11 cheap_a_p50=0.800718296537 cheap_a_p95=9.88378650819 cheap_a_max=12.2826307049 exact_a_gate=0.15 exact_provisional_penalty=3928.17976309 exact_candidates=6 exact_unique=6 full_exact_enabled=1 exact_capacity=1200 exact_waves=134 exact_scheduled=6 exact_deferred=0 exact_wave=6/1200 exact_queue_depth=0 exact_pending_instances=0 exact_s=9.410 exact_ok=6 exact_margin_max=0.249736024281 exact_scan_mean_s=0.280 exact_bisect_mean_s=0.136 exact_polish_mean_s=0.032 exact_final_mean_s=0.385 exact_margin_abs_b_max=nan cache_hits=0 cache_misses=0 cache_waits=0
5  	2500 	4290.42	101366     	121508     	25295.6	7  	18.2152	77 	8.8727
Best individuals of this generation:
sub(aq(mul(x3, x3), add(x3, x4)), sin(sub(exp(sub(x1, a)), sub(add(x2, x4), sub(x3, x1)))))
GPU5 stages: candidates=2500 pre_s=14.418 cheap_candidates=112 cheap_unique=112 cheap_s=2.832/40.000 cheap_rejected=99 cheap_a_min=1.9200172827e-12 cheap_a_p50=0.949132446592 cheap_a_p95=7.47882634148 cheap_a_max=14.5053761069 exact_a_gate=0.15 exact_provisional_penalty=3928.17976309 exact_candidates=13 exact_unique=13 full_exact_enabled=1 exact_capacity=1200 exact_waves=134 exact_scheduled=13 exact_deferred=0 exact_wave=13/1200 exact_queue_depth=0 exact_pending_instances=0 exact_s=16.422 exact_ok=13 exact_margin_max=0.270543896971 exact_scan_mean_s=0.154 exact_bisect_mean_s=0.058 exact_polish_mean_s=0.035 exact_final_mean_s=0.094 exact_margin_abs_b_max=nan cache_hits=0 cache_misses=0 cache_waits=0
6  	2500 	4290.42	87749.6    	115475     	31279.6	8  	22.1544	122	12.6698
Best individuals of this generation:
sub(aq(mul(x3, x3), add(x3, x4)), sin(sub(exp(sub(x1, a)), sub(add(x2, x4), sub(x3, x1)))))
GPU5 stages: candidates=2500 pre_s=15.997 cheap_candidates=179 cheap_unique=179 cheap_s=3.455/40.000 cheap_rejected=150 cheap_a_min=2.07822204504e-12 cheap_a_p50=0.850259845176 cheap_a_p95=7.11117537107 cheap_a_max=16.2352720179 exact_a_gate=0.15 exact_provisional_penalty=3928.17976309 exact_candidates=29 exact_unique=29 full_exact_enabled=1 exact_capacity=1200 exact_waves=134 exact_scheduled=29 exact_deferred=0 exact_wave=29/1200 exact_queue_depth=0 exact_pending_instances=0 exact_s=25.358 exact_ok=29 exact_margin_max=0.252227132561 exact_scan_mean_s=0.101 exact_bisect_mean_s=0.037 exact_polish_mean_s=0.043 exact_final_mean_s=0.150 exact_margin_abs_b_max=nan cache_hits=0 cache_misses=0 cache_waits=0
7  	2500 	3792.35	73038.3    	111792     	33257.8	8  	25.3336	107	14.7336
Best individuals of this generation:
add(add(add(mul(x1, x1), mul(x2, x3)), add(mul(x3, x3), add(add(add(add(add(add(add(mul(a, mul(x1, x1)), mul(a, mul(x1, x2))), mul(a, mul(x1, x3))), mul(a, mul(x1, x4))), mul(a, mul(x2, x2))), mul(a, mul(x2, x3))), mul(mul(x3, x4), mul(x2, x4))), aq(a, mul(x3, x3))))), mul(x1, x3))
GPU5 stages: candidates=2500 pre_s=16.925 cheap_candidates=282 cheap_unique=281 cheap_s=3.906/40.000 cheap_rejected=242 cheap_a_min=1.56443070989e-12 cheap_a_p50=1.05127044964 cheap_a_p95=8.11474813413 cheap_a_max=444.111138615 exact_a_gate=0.15 exact_provisional_penalty=3928.17976309 exact_candidates=40 exact_unique=40 full_exact_enabled=1 exact_capacity=1200 exact_waves=134 exact_scheduled=40 exact_deferred=0 exact_wave=40/1200 exact_queue_depth=0 exact_pending_instances=0 exact_s=22.402 exact_ok=40 exact_margin_max=0.270895162458 exact_scan_mean_s=0.082 exact_bisect_mean_s=0.040 exact_polish_mean_s=0.045 exact_final_mean_s=0.104 exact_margin_abs_b_max=nan cache_hits=0 cache_misses=0 cache_waits=0
8  	2500 	1230.95	58409.9    	102075     	28620.2	9  	27.6484	107	16.1662
Best individuals of this generation:
add(add(add(mul(x1, x1), mul(mul(x1, x1), x3)), add(mul(x3, x3), add(add(add(add(add(add(add(mul(a, mul(x1, x1)), mul(a, mul(x1, x2))), mul(a, mul(x1, x3))), mul(a, mul(x1, x4))), mul(a, mul(x2, x2))), mul(a, mul(x2, x3))), mul(mul(x3, x4), mul(x2, x4))), aq(a, mul(x3, x3))))), mul(x1, x3))
GPU5 stages: candidates=2500 pre_s=17.566 cheap_candidates=364 cheap_unique=364 cheap_s=4.393/40.000 cheap_rejected=291 cheap_a_min=-31.506529605 cheap_a_p50=0.923079475217 cheap_a_p95=7.48100291511 cheap_a_max=253.139131486 exact_a_gate=0.15 exact_provisional_penalty=3928.17976309 exact_candidates=73 exact_unique=73 full_exact_enabled=1 exact_capacity=1200 exact_waves=134 exact_scheduled=72 exact_deferred=0 exact_wave=72/1200 exact_queue_depth=0 exact_pending_instances=0 exact_s=29.837 exact_ok=72 exact_margin_max=0.270966552617 exact_scan_mean_s=0.084 exact_bisect_mean_s=0.026 exact_polish_mean_s=0.037 exact_final_mean_s=0.079 exact_margin_abs_b_max=nan cache_hits=0 cache_misses=0 cache_waits=0
9  	2500 	1230.95	46272      	85035.6    	23564.7	10 	28.9456	120	16.7892
Best individuals of this generation:
add(add(add(mul(x1, x1), mul(mul(x1, x1), x3)), add(mul(x3, x3), add(add(add(add(add(add(add(mul(a, mul(x1, x1)), mul(a, mul(x1, x2))), mul(a, mul(x1, x3))), mul(a, mul(x1, x4))), mul(a, mul(x2, x2))), mul(a, mul(x2, x3))), mul(mul(x3, x4), mul(x2, x4))), aq(a, mul(x3, x3))))), mul(x1, x3))
GPU5 stages: candidates=2500 pre_s=18.312 cheap_candidates=444 cheap_unique=443 cheap_s=5.689/40.000 cheap_rejected=338 cheap_a_min=-0.00287783049603 cheap_a_p50=0.750927972955 cheap_a_p95=6.8954018186 cheap_a_max=559.238086574 exact_a_gate=0.15 exact_provisional_penalty=6092.06660019 exact_candidates=106 exact_unique=106 full_exact_enabled=1 exact_capacity=1200 exact_waves=134 exact_scheduled=103 exact_deferred=0 exact_wave=103/1200 exact_queue_depth=0 exact_pending_instances=0 exact_s=33.896 exact_ok=103 exact_margin_max=0.270871904438 exact_scan_mean_s=0.078 exact_bisect_mean_s=0.042 exact_polish_mean_s=0.049 exact_final_mean_s=0.068 exact_margin_abs_b_max=nan cache_hits=0 cache_misses=0 cache_waits=0
10 	2500 	953.41 	35783.3    	69777.5    	19112.4	10 	29.1224	120	15.7269
Best individuals of this generation:
add(add(add(add(add(add(add(add(add(mul(a, mul(x1, x1)), mul(a, mul(x1, x2))), mul(a, mul(x1, x3))), mul(a, mul(x2, x2))), mul(a, mul(x2, x2))), mul(a, mul(x2, x3))), mul(mul(x3, x4), mul(x2, x4))), mul(a, mul(x3, x3))), mul(a, mul(x3, x4))), mul(a, mul(x1, x2)))
GPU5 stages: candidates=2500 pre_s=18.361 cheap_candidates=566 cheap_unique=566 cheap_s=5.802/40.000 cheap_rejected=380 cheap_a_min=-299.874306268 cheap_a_p50=0.399861026363 cheap_a_p95=4.50275325364 cheap_a_max=334.422116735 exact_a_gate=0.15 exact_provisional_penalty=16613.5219887 exact_candidates=186 exact_unique=186 full_exact_enabled=1 exact_capacity=1200 exact_waves=134 exact_scheduled=181 exact_deferred=0 exact_wave=181/1200 exact_queue_depth=0 exact_pending_instances=0 exact_s=32.213 exact_ok=181 exact_margin_max=8.83134867926 exact_scan_mean_s=0.080 exact_bisect_mean_s=0.032 exact_polish_mean_s=0.046 exact_final_mean_s=0.079 exact_margin_abs_b_max=nan cache_hits=0 cache_misses=0 cache_waits=0
11 	2500 	833.66 	26148.4    	61990.6    	14332.1	11 	29.938 	120	14.5648
Best individuals of this generation:
add(add(add(mul(x1, x1), mul(x2, x2)), add(mul(sub(x3, x4), x3), a)), add(add(add(add(mul(a, mul(x1, x1)), mul(a, mul(x1, x2))), mul(a, mul(x4, x3))), mul(aq(mul(x2, x2), sin(x1)), mul(x1, x4))), mul(a, mul(x2, x2))))
GPU5 stages: candidates=2500 pre_s=19.068 cheap_candidates=736 cheap_unique=736 cheap_s=7.517/40.000 cheap_rejected=493 cheap_a_min=-0.0200451575755 cheap_a_p50=0.425110154398 cheap_a_p95=8.87367600747 cheap_a_max=3185.83818917 exact_a_gate=0.15 exact_provisional_penalty=5503.94215456 exact_candidates=243 exact_unique=243 full_exact_enabled=1 exact_capacity=1200 exact_waves=134 exact_scheduled=239 exact_deferred=0 exact_wave=239/1200 exact_queue_depth=0 exact_pending_instances=0 exact_s=47.073 exact_ok=239 exact_margin_max=0.342041875312 exact_scan_mean_s=0.062 exact_bisect_mean_s=0.030 exact_polish_mean_s=0.045 exact_final_mean_s=0.091 exact_margin_abs_b_max=nan cache_hits=0 cache_misses=0 cache_waits=0
12 	2500 	833.66 	19332.6    	36945.1    	10028  	11 	31.5672	127	14.8497
Best individuals of this generation:
add(add(add(mul(x1, x1), mul(x2, x2)), add(mul(sub(x3, x4), x3), a)), add(add(add(add(mul(a, mul(x1, x1)), mul(a, mul(x1, x2))), mul(a, mul(x4, x3))), mul(aq(mul(x2, x2), sin(x1)), mul(x1, x4))), mul(a, mul(x2, x2))))
GPU5 stages: candidates=2500 pre_s=19.070 cheap_candidates=909 cheap_unique=909 cheap_s=8.606/40.000 cheap_rejected=532 cheap_a_min=-10.1066144629 cheap_a_p50=0.289435493973 cheap_a_p95=13.4908151307 cheap_a_max=1320.80378124 exact_a_gate=0.15 exact_provisional_penalty=3928.17976309 exact_candidates=377 exact_unique=377 full_exact_enabled=1 exact_capacity=1200 exact_waves=134 exact_scheduled=373 exact_deferred=0 exact_wave=373/1200 exact_queue_depth=0 exact_pending_instances=0 exact_s=51.565 exact_ok=373 exact_margin_max=1.41321481497 exact_scan_mean_s=0.046 exact_bisect_mean_s=0.023 exact_polish_mean_s=0.051 exact_final_mean_s=0.075 exact_margin_abs_b_max=nan cache_hits=0 cache_misses=0 cache_waits=0
13 	2500 	833.66 	15080.9    	30927.2    	8001.65	11 	32.5332	127	14.4942
Best individuals of this generation:
add(add(add(mul(x1, x1), mul(x2, x2)), add(mul(sub(x3, x4), x3), a)), add(add(add(add(mul(a, mul(x1, x1)), mul(a, mul(x1, x2))), mul(a, mul(x4, x3))), mul(aq(mul(x2, x2), sin(x1)), mul(x1, x4))), mul(a, mul(x2, x2))))
GPU5 stages: candidates=2500 pre_s=19.361 cheap_candidates=1126 cheap_unique=1121 cheap_s=10.416/40.000 cheap_rejected=604 cheap_a_min=-0.00199051565811 cheap_a_p50=0.250729804443 cheap_a_p95=46.8557877601 cheap_a_max=3310.21848985 exact_a_gate=0.15 exact_provisional_penalty=5582.47101933 exact_candidates=522 exact_unique=517 full_exact_enabled=1 exact_capacity=1200 exact_waves=134 exact_scheduled=511 exact_deferred=0 exact_wave=511/1200 exact_queue_depth=0 exact_pending_instances=0 exact_s=72.523 exact_ok=511 exact_margin_max=196.416361624 exact_scan_mean_s=0.044 exact_bisect_mean_s=0.020 exact_polish_mean_s=0.045 exact_final_mean_s=0.070 exact_margin_abs_b_max=nan cache_hits=0 cache_misses=0 cache_waits=0
14 	2500 	833.66 	11315.2    	27439.9    	5304.68	11 	33.54  	127	13.9054
Best individuals of this generation:
add(add(add(mul(x1, x1), mul(x2, x2)), add(mul(sub(x3, x4), x3), a)), add(add(add(add(mul(a, mul(x1, x1)), mul(a, mul(x1, x2))), mul(a, mul(x4, x3))), mul(aq(mul(x2, x2), sin(x1)), mul(x1, x4))), mul(a, mul(x2, x2))))
GPU5 stages: candidates=2500 pre_s=19.200 cheap_candidates=1138 cheap_unique=1138 cheap_s=10.400/40.000 cheap_rejected=531 cheap_a_min=-124.892628424 cheap_a_p50=0.172874178997 cheap_a_p95=62.2627363101 cheap_a_max=991.513308867 exact_a_gate=0.15 exact_provisional_penalty=14805.3908999 exact_candidates=607 exact_unique=607 full_exact_enabled=1 exact_capacity=1200 exact_waves=134 exact_scheduled=599 exact_deferred=0 exact_wave=599/1200 exact_queue_depth=0 exact_pending_instances=0 exact_s=79.261 exact_ok=599 exact_margin_max=1.20376652787 exact_scan_mean_s=0.044 exact_bisect_mean_s=0.017 exact_polish_mean_s=0.045 exact_final_mean_s=0.055 exact_margin_abs_b_max=nan cache_hits=0 cache_misses=0 cache_waits=0
15 	2500 	833.66 	9267.87    	17461.1    	3530.18	11 	34.4812	119	13.9144
Best individuals of this generation:
add(add(add(mul(x1, x1), mul(x2, x2)), add(mul(sub(x3, x4), x3), a)), add(add(add(add(mul(a, mul(x1, x1)), mul(a, mul(x1, x2))), mul(a, mul(x4, x3))), mul(aq(mul(x2, x2), sin(x1)), mul(x1, x4))), mul(a, mul(x2, x2))))
GPU5 stages: candidates=2500 pre_s=19.352 cheap_candidates=1213 cheap_unique=1213 cheap_s=11.244/40.000 cheap_rejected=500 cheap_a_min=-6.45745083685 cheap_a_p50=0.127606003144 cheap_a_p95=176.383217148 cheap_a_max=7290.18044306 exact_a_gate=0.15 exact_provisional_penalty=3928.17976309 exact_candidates=713 exact_unique=713 full_exact_enabled=1 exact_capacity=1200 exact_waves=134 exact_scheduled=708 exact_deferred=0 exact_wave=708/1200 exact_queue_depth=0 exact_pending_instances=0 exact_s=92.283 exact_ok=708 exact_margin_max=879.464470348 exact_scan_mean_s=0.042 exact_bisect_mean_s=0.016 exact_polish_mean_s=0.044 exact_final_mean_s=0.057 exact_margin_abs_b_max=nan cache_hits=0 cache_misses=0 cache_waits=0
16 	2500 	833.66 	8102.5     	13236.9    	3062.61	11 	35.6592	127	14.5885
Best individuals of this generation:
add(add(add(mul(x1, x1), mul(x2, x2)), add(mul(sub(x3, x4), x3), a)), add(add(add(add(mul(a, mul(x1, x1)), mul(a, mul(x1, x2))), mul(a, mul(x4, x3))), mul(aq(mul(x2, x2), sin(x1)), mul(x1, x4))), mul(a, mul(x2, x2))))
GPU5 stages: candidates=2500 pre_s=19.572 cheap_candidates=1271 cheap_unique=1270 cheap_s=11.154/40.000 cheap_rejected=433 cheap_a_min=-115.278236167 cheap_a_p50=0.102553934553 cheap_a_p95=88.840205079 cheap_a_max=2412.17948258 exact_a_gate=0.15 exact_provisional_penalty=5950.64094977 exact_candidates=838 exact_unique=837 full_exact_enabled=1 exact_capacity=1200 exact_waves=134 exact_scheduled=834 exact_deferred=0 exact_wave=834/1200 exact_queue_depth=0 exact_pending_instances=0 exact_s=100.536 exact_ok=834 exact_margin_max=34.993648694 exact_scan_mean_s=0.041 exact_bisect_mean_s=0.011 exact_polish_mean_s=0.046 exact_final_mean_s=0.049 exact_margin_abs_b_max=nan cache_hits=0 cache_misses=0 cache_waits=0
17 	2500 	833.66 	7144.55    	11628.1    	2796.02	10 	36.3968	133	15.7387
Best individuals of this generation:
add(add(add(mul(x1, x1), mul(x2, x2)), add(mul(sub(x3, x4), x3), a)), add(add(add(add(mul(a, mul(x1, x1)), mul(a, mul(x1, x2))), mul(a, mul(x4, x3))), mul(aq(mul(x2, x2), sin(x1)), mul(x1, x4))), mul(a, mul(x2, x2))))
GPU5 stages: candidates=2500 pre_s=19.747 cheap_candidates=1261 cheap_unique=1259 cheap_s=11.108/40.000 cheap_rejected=371 cheap_a_min=-13.6447279512 cheap_a_p50=0.0736783360122 cheap_a_p95=20.4109855694 cheap_a_max=858.85441295 exact_a_gate=0.15 exact_provisional_penalty=3928.17976309 exact_candidates=890 exact_unique=888 full_exact_enabled=1 exact_capacity=1200 exact_waves=134 exact_scheduled=886 exact_deferred=0 exact_wave=886/1200 exact_queue_depth=0 exact_pending_instances=0 exact_s=109.793 exact_ok=886 exact_margin_max=1.28156661513 exact_scan_mean_s=0.042 exact_bisect_mean_s=0.015 exact_polish_mean_s=0.051 exact_final_mean_s=0.043 exact_margin_abs_b_max=nan cache_hits=0 cache_misses=0 cache_waits=0
18 	2500 	771.305	6425.31    	11432.9    	2656.64	10 	36.8832	133	16.6106
Best individuals of this generation:
add(add(add(mul(x1, x1), mul(x1, x2)), add(mul(x3, x3), add(add(add(add(add(mul(a, mul(x1, x1)), mul(mul(mul(x4, mul(x2, a)), sub(x2, aq(x4, x1))), mul(x1, x2))), mul(a, mul(x1, x3))), mul(mul(x2, x4), mul(aq(sub(x2, x3), add(a, x3)), x1))), mul(a, mul(x2, x2))), mul(a, mul(x4, x3))))), mul(x1, mul(mul(a, mul(x3, x3)), x4)))
GPU5 stages: candidates=2500 pre_s=19.711 cheap_candidates=1313 cheap_unique=1313 cheap_s=10.685/40.000 cheap_rejected=333 cheap_a_min=-153.466086339 cheap_a_p50=0.0518258015944 cheap_a_p95=11.8231000083 cheap_a_max=975.166834649 exact_a_gate=0.15 exact_provisional_penalty=3928.17976309 exact_candidates=980 exact_unique=980 full_exact_enabled=1 exact_capacity=1200 exact_waves=134 exact_scheduled=980 exact_deferred=0 exact_wave=980/1200 exact_queue_depth=0 exact_pending_instances=0 exact_s=120.549 exact_ok=980 exact_margin_max=7980.03722213 exact_scan_mean_s=0.041 exact_bisect_mean_s=0.013 exact_polish_mean_s=0.047 exact_final_mean_s=0.043 exact_margin_abs_b_max=nan cache_hits=0 cache_misses=0 cache_waits=0
19 	2500 	771.305	5787.92    	10818.1    	2491.32	11 	37.1256	133	16.4982
Best individuals of this generation:
add(add(add(mul(x1, x1), mul(x1, x2)), add(mul(x3, x3), add(add(add(add(add(mul(a, mul(x1, x1)), mul(mul(mul(x4, mul(x2, a)), sub(x2, aq(x4, x1))), mul(x1, x2))), mul(a, mul(x1, x3))), mul(mul(x2, x4), mul(aq(sub(x2, x3), add(a, x3)), x1))), mul(a, mul(x2, x2))), mul(a, mul(x4, x3))))), mul(x1, mul(mul(a, mul(x3, x3)), x4)))
GPU5 stages: candidates=2500 pre_s=19.690 cheap_candidates=1304 cheap_unique=1304 cheap_s=10.584/40.000 cheap_rejected=305 cheap_a_min=-52.5213628237 cheap_a_p50=0.0410240759646 cheap_a_p95=6.7177628308 cheap_a_max=928.530122114 exact_a_gate=0.15 exact_provisional_penalty=16867.8169804 exact_candidates=999 exact_unique=999 full_exact_enabled=1 exact_capacity=1200 exact_waves=134 exact_scheduled=998 exact_deferred=0 exact_wave=998/1200 exact_queue_depth=0 exact_pending_instances=0 exact_s=112.735 exact_ok=998 exact_margin_max=18.5077138066 exact_scan_mean_s=0.041 exact_bisect_mean_s=0.012 exact_polish_mean_s=0.050 exact_final_mean_s=0.032 exact_margin_abs_b_max=nan cache_hits=0 cache_misses=0 cache_waits=0
20 	2500 	671.107	5325.34    	10170.8    	2397.53	11 	37.812 	133	16.9955
Best individuals of this generation:
add(add(mul(sub(x3, x4), x3), aq(mul(x3, x3), mul(x4, x4))), add(add(add(add(mul(a, mul(x1, x1)), mul(a, mul(x1, x2))), mul(a, mul(x1, x3))), mul(aq(mul(x2, x2), sin(x1)), sub(x1, x1))), mul(a, mul(x2, x2))))
GPU5 stages: candidates=2500 pre_s=19.821 cheap_candidates=1405 cheap_unique=1405 cheap_s=11.126/40.000 cheap_rejected=298 cheap_a_min=-72.8099690279 cheap_a_p50=0.0386257203132 cheap_a_p95=11.2408024424 cheap_a_max=1816.55850994 exact_a_gate=0.15 exact_provisional_penalty=3928.17976309 exact_candidates=1107 exact_unique=1107 full_exact_enabled=1 exact_capacity=1200 exact_waves=134 exact_scheduled=1107 exact_deferred=0 exact_wave=1107/1200 exact_queue_depth=0 exact_pending_instances=0 exact_s=133.442 exact_ok=1107 exact_margin_max=65.6086072161 exact_scan_mean_s=0.041 exact_bisect_mean_s=0.011 exact_polish_mean_s=0.055 exact_final_mean_s=0.040 exact_margin_abs_b_max=nan cache_hits=0 cache_misses=0 cache_waits=0
21 	2500 	658.614	4824.65    	9325.76    	2210   	11 	38.1312	150	16.8251
Best individuals of this generation:
add(add(add(mul(x1, x1), mul(x3, x3)), add(mul(sub(x3, x4), x3), a)), add(add(add(add(mul(a, mul(x1, x1)), mul(a, mul(x1, x2))), mul(a, mul(x1, mul(x4, mul(x1, x2))))), mul(aq(mul(x2, x2), sin(x1)), mul(x1, x4))), mul(a, mul(x2, x2))))
GPU5 stages: candidates=2500 pre_s=19.849 cheap_candidates=1370 cheap_unique=1370 cheap_s=11.336/40.000 cheap_rejected=266 cheap_a_min=-39.5825040717 cheap_a_p50=0.0272770414642 cheap_a_p95=4.6029651613 cheap_a_max=392.919166276 exact_a_gate=0.15 exact_provisional_penalty=3928.17976309 exact_candidates=1104 exact_unique=1104 full_exact_enabled=1 exact_capacity=1200 exact_waves=134 exact_scheduled=1104 exact_deferred=0 exact_wave=1104/1200 exact_queue_depth=0 exact_pending_instances=0 exact_s=134.791 exact_ok=1104 exact_margin_max=4.51809567242 exact_scan_mean_s=0.042 exact_bisect_mean_s=0.014 exact_polish_mean_s=0.056 exact_final_mean_s=0.034 exact_margin_abs_b_max=nan cache_hits=0 cache_misses=0 cache_waits=0
22 	2500 	658.614	4316.61    	8131.65    	2072.98	11 	38.6956	150	16.1809
Best individuals of this generation:
add(add(add(mul(x1, x1), mul(x3, x3)), add(mul(sub(x3, x4), x3), a)), add(add(add(add(mul(a, mul(x1, x1)), mul(a, mul(x1, x2))), mul(a, mul(x1, mul(x4, mul(x1, x2))))), mul(aq(mul(x2, x2), sin(x1)), mul(x1, x4))), mul(a, mul(x2, x2))))
GPU5 stages: candidates=2500 pre_s=19.852 cheap_candidates=1419 cheap_unique=1419 cheap_s=11.676/40.000 cheap_rejected=300 cheap_a_min=-57.988376336 cheap_a_p50=0.0268324370762 cheap_a_p95=5.69776996048 cheap_a_max=4724.23421283 exact_a_gate=0.15 exact_provisional_penalty=3928.17976309 exact_candidates=1119 exact_unique=1119 full_exact_enabled=1 exact_capacity=1200 exact_waves=134 exact_scheduled=1119 exact_deferred=0 exact_wave=1119/1200 exact_queue_depth=0 exact_pending_instances=0 exact_s=177.668 exact_ok=1119 exact_margin_max=29.5485147218 exact_scan_mean_s=0.046 exact_bisect_mean_s=0.017 exact_polish_mean_s=0.063 exact_final_mean_s=0.040 exact_margin_abs_b_max=1.67e-09 cache_hits=0 cache_misses=0 cache_waits=0
23 	2500 	658.614	3856.31    	7080.77    	2009.65	14 	39.4732	150	15.8607
Best individuals of this generation:
add(add(add(mul(x1, x1), mul(x3, x3)), add(mul(sub(x3, x4), x3), a)), add(add(add(add(mul(a, mul(x1, x1)), mul(a, mul(x1, x2))), mul(a, mul(x1, mul(x4, mul(x1, x2))))), mul(aq(mul(x2, x2), sin(x1)), mul(x1, x4))), mul(a, mul(x2, x2))))
GPU5 stages: candidates=2500 pre_s=19.905 cheap_candidates=1452 cheap_unique=1452 cheap_s=11.955/40.000 cheap_rejected=281 cheap_a_min=-275.616903529 cheap_a_p50=0.0194865367011 cheap_a_p95=3.21399432197 cheap_a_max=368.557433437 exact_a_gate=0.15 exact_provisional_penalty=3928.17976309 exact_candidates=1171 exact_unique=1171 full_exact_enabled=1 exact_capacity=1200 exact_waves=134 exact_scheduled=1171 exact_deferred=0 exact_wave=1171/1200 exact_queue_depth=0 exact_pending_instances=0 exact_s=142.944 exact_ok=1171 exact_margin_max=12.6362727703 exact_scan_mean_s=0.043 exact_bisect_mean_s=0.010 exact_polish_mean_s=0.060 exact_final_mean_s=0.039 exact_margin_abs_b_max=nan cache_hits=0 cache_misses=0 cache_waits=0
24 	2500 	654.266	3521.12    	6501.55    	1967.03	15 	40.8392	155	15.655 
Best individuals of this generation:
add(add(add(add(mul(x1, x1), mul(x2, x2)), mul(x2, x2)), add(mul(sub(x3, x4), x3), a)), add(add(add(add(mul(a, mul(x1, x2)), mul(a, mul(x1, x2))), mul(a, mul(x1, x1))), mul(aq(mul(x2, x2), sin(x1)), sub(x1, add(mul(sub(x3, x4), x3), a)))), mul(x3, x3)))
GPU5 stages: candidates=2500 pre_s=20.366 cheap_candidates=1504 cheap_unique=1504 cheap_s=12.874/40.000 cheap_rejected=331 cheap_a_min=-190.816014602 cheap_a_p50=0.0155514234767 cheap_a_p95=3.34392054169 cheap_a_max=663.129999235 exact_a_gate=0.15 exact_provisional_penalty=3928.17976309 exact_candidates=1173 exact_unique=1173 full_exact_enabled=1 exact_capacity=1200 exact_waves=134 exact_scheduled=1173 exact_deferred=0 exact_wave=1173/1200 exact_queue_depth=0 exact_pending_instances=0 exact_s=193.639 exact_ok=1173 exact_margin_max=10319.2695693 exact_scan_mean_s=0.047 exact_bisect_mean_s=0.021 exact_polish_mean_s=0.071 exact_final_mean_s=0.040 exact_margin_abs_b_max=8.84e-09 cache_hits=0 cache_misses=0 cache_waits=0
25 	2500 	611.166	3159.17    	6289.07    	1907.6 	15 	42.6152	106	15.3122
Best individuals of this generation:
add(add(add(mul(x1, x1), mul(sub(add(mul(aq(x1, mul(a, mul(add(add(mul(a, mul(x1, x3)), mul(a, mul(x1, x2))), sin(x1)), x1))), x4), exp(x2)), exp(mul(x3, x1))), x2)), mul(a, add(add(mul(x1, x1), mul(x2, x2)), add(mul(sub(x3, x4), x3), aq(mul(x3, x3), mul(x4, x4)))))), mul(aq(x1, x1), x2))
GPU5 stages: candidates=2500 pre_s=20.194 cheap_candidates=1493 cheap_unique=1493 cheap_s=12.811/40.000 cheap_rejected=294 cheap_a_min=-20.0254178259 cheap_a_p50=0.00699185972731 cheap_a_p95=3.24417092472 cheap_a_max=1588.15592772 exact_a_gate=0.15 exact_provisional_penalty=3928.17976309 exact_candidates=1199 exact_unique=1199 full_exact_enabled=1 exact_capacity=1200 exact_waves=134 exact_scheduled=1199 exact_deferred=0 exact_wave=1199/1200 exact_queue_depth=0 exact_pending_instances=0 exact_s=157.439 exact_ok=1199 exact_margin_max=1934191.16366 exact_scan_mean_s=0.046 exact_bisect_mean_s=0.016 exact_polish_mean_s=0.077 exact_final_mean_s=0.034 exact_margin_abs_b_max=8.9e-09 cache_hits=0 cache_misses=0 cache_waits=0
26 	2500 	606.8  	2801.55    	6011.95    	1838.96	15 	43.9476	109	15.6692
Best individuals of this generation:
add(add(add(mul(x1, x1), mul(x2, x2)), add(mul(sub(x3, x4), x3), a)), add(add(add(add(mul(a, mul(x1, x1)), mul(a, mul(x1, x2))), mul(a, mul(mul(x4, a), x3))), aq(sin(a), x2)), mul(a, mul(x2, x2))))
GPU5 stages: candidates=2500 pre_s=20.422 cheap_candidates=1534 cheap_unique=1533 cheap_s=13.711/40.000 cheap_rejected=312 cheap_a_min=-8.71566663489 cheap_a_p50=0.0103956307474 cheap_a_p95=2.40578084732 cheap_a_max=10220.8961876 exact_a_gate=0.15 exact_provisional_penalty=3928.17976309 exact_candidates=1222 exact_unique=1221 full_exact_enabled=1 exact_capacity=1200 exact_waves=134 exact_scheduled=1200 exact_deferred=21 exact_wave=1200/1200 exact_queue_depth=0 exact_pending_instances=21 exact_s=158.076 exact_ok=1200 exact_margin_max=8.67773797883 exact_scan_mean_s=0.044 exact_bisect_mean_s=0.015 exact_polish_mean_s=0.088 exact_final_mean_s=0.049 exact_margin_abs_b_max=5.53e-12 cache_hits=0 cache_misses=0 cache_waits=0
27 	2500 	601.932	2359.92    	5836.77    	1683.05	16 	44.336 	108	15.2553
Best individuals of this generation:
add(add(add(mul(x1, x1), mul(sub(add(mul(aq(mul(sub(x3, x1), x3), mul(a, mul(add(add(mul(a, mul(x1, x3)), mul(a, mul(x1, x2))), mul(mul(x1, a), x2)), x1))), x4), exp(x2)), exp(mul(x3, x1))), x2)), mul(a, add(add(mul(x1, x1), mul(x2, x2)), add(mul(sub(x3, x4), x3), aq(mul(x3, x3), mul(x4, x4)))))), mul(x1, x2))
GPU5 stages: candidates=2500 pre_s=20.267 cheap_candidates=1540 cheap_unique=1540 cheap_s=15.093/40.000 cheap_rejected=310 cheap_a_min=-72.6168359679 cheap_a_p50=0.00222867204462 cheap_a_p95=2.30340881993 cheap_a_max=8654.78172162 exact_a_gate=0.15 exact_provisional_penalty=3928.17976309 exact_candidates=1230 exact_unique=1230 full_exact_enabled=1 exact_capacity=1200 exact_waves=134 exact_scheduled=1200 exact_deferred=30 exact_wave=1200/1200 exact_queue_depth=0 exact_pending_instances=30 exact_s=155.263 exact_ok=1200 exact_margin_max=0.838774759922 exact_scan_mean_s=0.042 exact_bisect_mean_s=0.010 exact_polish_mean_s=0.105 exact_final_mean_s=0.037 exact_margin_abs_b_max=nan cache_hits=0 cache_misses=0 cache_waits=0
28 	2500 	601.932	1876.15    	5660.7     	1406.79	16 	46.6732	108	15.2384
Best individuals of this generation:
add(add(add(mul(x1, x1), mul(sub(add(mul(aq(mul(sub(x3, x1), x3), mul(a, mul(add(add(mul(a, mul(x1, x3)), mul(a, mul(x1, x2))), mul(mul(x1, a), x2)), x1))), x4), exp(x2)), exp(mul(x3, x1))), x2)), mul(a, add(add(mul(x1, x1), mul(x2, x2)), add(mul(sub(x3, x4), x3), aq(mul(x3, x3), mul(x4, x4)))))), mul(x1, x2))
GPU5 stages: candidates=2500 pre_s=20.483 cheap_candidates=1540 cheap_unique=1540 cheap_s=15.879/40.000 cheap_rejected=240 cheap_a_min=-32.5339651294 cheap_a_p50=0.000441139275086 cheap_a_p95=1.18691422059 cheap_a_max=288.537371369 exact_a_gate=0.15 exact_provisional_penalty=3928.17976309 exact_candidates=1300 exact_unique=1300 full_exact_enabled=1 exact_capacity=1200 exact_waves=134 exact_scheduled=1200 exact_deferred=99 exact_wave=1200/1200 exact_queue_depth=0 exact_pending_instances=99 exact_s=160.763 exact_ok=1200 exact_margin_max=3.14611513655 exact_scan_mean_s=0.043 exact_bisect_mean_s=0.014 exact_polish_mean_s=0.110 exact_final_mean_s=0.033 exact_margin_abs_b_max=8.57e-13 cache_hits=0 cache_misses=0 cache_waits=0
29 	2500 	601.932	1547.96    	5585.76    	1138.41	16 	48.1864	129	15.3906
Best individuals of this generation:
add(add(add(mul(x1, x1), mul(sub(add(mul(aq(mul(sub(x3, x1), x3), mul(a, mul(add(add(mul(a, mul(x1, x3)), mul(a, mul(x1, x2))), mul(mul(x1, a), x2)), x1))), x4), exp(x2)), exp(mul(x3, x1))), x2)), mul(a, add(add(mul(x1, x1), mul(x2, x2)), add(mul(sub(x3, x4), x3), aq(mul(x3, x3), mul(x4, x4)))))), mul(x1, x2))
GPU5 stages: candidates=2500 pre_s=20.646 cheap_candidates=1584 cheap_unique=1584 cheap_s=15.792/40.000 cheap_rejected=272 cheap_a_min=-0.022847302449 cheap_a_p50=0.000770304242752 cheap_a_p95=1.07607328013 cheap_a_max=1565.89795172 exact_a_gate=0.15 exact_provisional_penalty=3928.17976309 exact_candidates=1312 exact_unique=1312 full_exact_enabled=1 exact_capacity=1200 exact_waves=134 exact_scheduled=1200 exact_deferred=111 exact_wave=1200/1200 exact_queue_depth=0 exact_pending_instances=111 exact_s=163.925 exact_ok=1200 exact_margin_max=0.149571208711 exact_scan_mean_s=0.045 exact_bisect_mean_s=0.007 exact_polish_mean_s=0.126 exact_final_mean_s=0.040 exact_margin_abs_b_max=nan cache_hits=0 cache_misses=0 cache_waits=0
30 	2500 	599.732	1302.13    	4868.38    	725.491	17 	49.268 	129	16.1718
Best individuals of this generation:
add(add(add(mul(x1, x1), mul(sub(add(mul(aq(mul(sub(x3, x1), x3), mul(a, mul(add(add(mul(a, mul(x1, x3)), mul(a, mul(x1, x2))), mul(mul(x1, a), x2)), x1))), x4), exp(x2)), exp(mul(mul(x1, x1), x1))), x2)), mul(a, add(add(mul(x1, x1), mul(x2, x2)), add(mul(sub(x3, x4), x3), aq(mul(x3, x3), mul(x4, x4)))))), mul(x1, x2))
GPU5 stages: candidates=2500 pre_s=20.722 cheap_candidates=1560 cheap_unique=1560 cheap_s=16.379/40.000 cheap_rejected=256 cheap_a_min=-0.0910175079266 cheap_a_p50=0.000528264178563 cheap_a_p95=1.08923444109 cheap_a_max=118.002424901 exact_a_gate=0.15 exact_provisional_penalty=3928.17976309 exact_candidates=1304 exact_unique=1304 full_exact_enabled=1 exact_capacity=1200 exact_waves=134 exact_scheduled=1200 exact_deferred=102 exact_wave=1200/1200 exact_queue_depth=0 exact_pending_instances=102 exact_s=159.367 exact_ok=1200 exact_margin_max=1.07044534152 exact_scan_mean_s=0.044 exact_bisect_mean_s=0.006 exact_polish_mean_s=0.118 exact_final_mean_s=0.042 exact_margin_abs_b_max=nan cache_hits=0 cache_misses=0 cache_waits=0
31 	2500 	599.732	1150.28    	2844.66    	351.046	17 	50.7728	118	16.8391
Best individuals of this generation:
add(add(add(mul(x1, x1), mul(sub(add(mul(aq(mul(sub(x3, x1), x3), mul(a, mul(add(add(mul(a, mul(x1, x3)), mul(a, mul(x1, x2))), mul(mul(x1, a), x2)), x1))), x4), exp(x2)), exp(mul(mul(x1, x1), x1))), x2)), mul(a, add(add(mul(x1, x1), mul(x2, x2)), add(mul(sub(x3, x4), x3), aq(mul(x3, x3), mul(x4, x4)))))), mul(x1, x2))
GPU5 stages: candidates=2500 pre_s=20.352 cheap_candidates=1557 cheap_unique=1557 cheap_s=16.529/40.000 cheap_rejected=212 cheap_a_min=-0.105717335052 cheap_a_p50=0.000685135013037 cheap_a_p95=0.895127340835 cheap_a_max=618.282492429 exact_a_gate=0.15 exact_provisional_penalty=3928.17976309 exact_candidates=1345 exact_unique=1345 full_exact_enabled=1 exact_capacity=1200 exact_waves=134 exact_scheduled=1200 exact_deferred=141 exact_wave=1200/1200 exact_queue_depth=0 exact_pending_instances=141 exact_s=163.919 exact_ok=1200 exact_margin_max=1.4075704094 exact_scan_mean_s=0.044 exact_bisect_mean_s=0.005 exact_polish_mean_s=0.137 exact_final_mean_s=0.033 exact_margin_abs_b_max=nan cache_hits=0 cache_misses=0 cache_waits=0
32 	2500 	599.732	1088.7     	1758.13    	244.158	17 	51.8384	118	16.611 
Best individuals of this generation:
add(add(add(mul(x1, x1), mul(sub(add(mul(aq(mul(sub(x3, x1), x3), mul(a, mul(add(add(mul(a, mul(x1, x3)), mul(a, mul(x1, x2))), mul(mul(x1, a), x2)), x1))), x4), exp(x2)), exp(mul(mul(x1, x1), x1))), x2)), mul(a, add(add(mul(x1, x1), mul(x2, x2)), add(mul(sub(x3, x4), x3), aq(mul(x3, x3), mul(x4, x4)))))), mul(x1, x2))
GPU5 stages: candidates=2500 pre_s=20.488 cheap_candidates=1615 cheap_unique=1615 cheap_s=16.816/40.000 cheap_rejected=249 cheap_a_min=-0.0257616797298 cheap_a_p50=0.000785321087281 cheap_a_p95=1.10146851479 cheap_a_max=497.386995989 exact_a_gate=0.15 exact_provisional_penalty=3928.17976309 exact_candidates=1366 exact_unique=1366 full_exact_enabled=1 exact_capacity=1200 exact_waves=134 exact_scheduled=1200 exact_deferred=162 exact_wave=1200/1200 exact_queue_depth=0 exact_pending_instances=162 exact_s=161.462 exact_ok=1200 exact_margin_max=2.59491045898 exact_scan_mean_s=0.042 exact_bisect_mean_s=0.005 exact_polish_mean_s=0.140 exact_final_mean_s=0.050 exact_margin_abs_b_max=nan cache_hits=0 cache_misses=0 cache_waits=0
33 	2500 	599.732	1055.09    	1335.6     	221.291	17 	52.982 	133	15.7759
Best individuals of this generation:
add(add(add(mul(x1, x1), mul(sub(add(mul(aq(mul(sub(x3, x1), x3), mul(a, mul(add(add(mul(a, mul(x1, x3)), mul(a, mul(x1, x2))), mul(mul(x1, a), x2)), x1))), x4), exp(x2)), exp(mul(mul(x1, x1), x1))), x2)), mul(a, add(add(mul(x1, x1), mul(x2, x2)), add(mul(sub(x3, x4), x3), aq(mul(x3, x3), mul(x4, x4)))))), mul(x1, x2))
GPU5 stages: candidates=2500 pre_s=20.723 cheap_candidates=1628 cheap_unique=1628 cheap_s=17.585/40.000 cheap_rejected=265 cheap_a_min=-0.0439282448018 cheap_a_p50=0.00116849618086 cheap_a_p95=1.21808019024 cheap_a_max=1765.7853367 exact_a_gate=0.15 exact_provisional_penalty=3928.17976309 exact_candidates=1363 exact_unique=1363 full_exact_enabled=1 exact_capacity=1200 exact_waves=134 exact_scheduled=1200 exact_deferred=162 exact_wave=1200/1200 exact_queue_depth=0 exact_pending_instances=162 exact_s=163.985 exact_ok=1200 exact_margin_max=0.678674416994 exact_scan_mean_s=0.041 exact_bisect_mean_s=0.008 exact_polish_mean_s=0.141 exact_final_mean_s=0.048 exact_margin_abs_b_max=7.85e-09 cache_hits=0 cache_misses=0 cache_waits=0
34 	2500 	599.443	1039.83    	1279.02    	219.513	17 	53.2248	139	16.3069
Best individuals of this generation:
add(add(add(mul(x1, x1), mul(sub(add(mul(aq(mul(sub(x3, x1), x3), mul(x1, x1)), x4), exp(x2)), exp(mul(x3, x1))), x2)), mul(a, add(add(mul(x1, x1), mul(x2, x2)), add(mul(sub(x3, x4), x3), aq(mul(x3, x3), mul(x2, x1)))))), mul(x1, x2))
GPU5 stages: candidates=2500 pre_s=20.804 cheap_candidates=1644 cheap_unique=1643 cheap_s=17.016/40.000 cheap_rejected=219 cheap_a_min=-0.0547450757456 cheap_a_p50=0.000626322695575 cheap_a_p95=0.975529932928 cheap_a_max=2622.17896273 exact_a_gate=0.15 exact_provisional_penalty=3928.17976309 exact_candidates=1425 exact_unique=1424 full_exact_enabled=1 exact_capacity=1200 exact_waves=134 exact_scheduled=1200 exact_deferred=222 exact_wave=1200/1200 exact_queue_depth=0 exact_pending_instances=222 exact_s=200.998 exact_ok=1200 exact_margin_max=86141.0565983 exact_scan_mean_s=0.045 exact_bisect_mean_s=0.013 exact_polish_mean_s=0.144 exact_final_mean_s=0.038 exact_margin_abs_b_max=1.98e-09 cache_hits=0 cache_misses=0 cache_waits=0
35 	2500 	599.443	1030.24    	1278.96    	220.86 	17 	53.12  	139	16.7977
Best individuals of this generation:
add(add(add(mul(x1, x1), mul(sub(add(mul(aq(mul(sub(x3, x1), x3), mul(x1, x1)), x4), exp(x2)), exp(mul(x3, x1))), x2)), mul(a, add(add(mul(x1, x1), mul(x2, x2)), add(mul(sub(x3, x4), x3), aq(mul(x3, x3), mul(x2, x1)))))), mul(x1, x2))
GPU5 stages: candidates=2500 pre_s=20.565 cheap_candidates=1652 cheap_unique=1651 cheap_s=16.565/40.000 cheap_rejected=247 cheap_a_min=-0.109576887674 cheap_a_p50=0.000449330877024 cheap_a_p95=1.04959747975 cheap_a_max=1014.28543022 exact_a_gate=0.15 exact_provisional_penalty=3928.17976309 exact_candidates=1405 exact_unique=1404 full_exact_enabled=1 exact_capacity=1200 exact_waves=134 exact_scheduled=1200 exact_deferred=201 exact_wave=1200/1200 exact_queue_depth=0 exact_pending_instances=201 exact_s=165.960 exact_ok=1200 exact_margin_max=8.96160361224 exact_scan_mean_s=0.041 exact_bisect_mean_s=0.005 exact_polish_mean_s=0.153 exact_final_mean_s=0.053 exact_margin_abs_b_max=nan cache_hits=0 cache_misses=0 cache_waits=0
36 	2500 	597.814	1021.68    	1278.94    	220.637	17 	53.1916	148	17.5715
Best individuals of this generation:
add(add(add(mul(x1, x1), mul(sub(add(mul(mul(aq(x1, x2), x3), x4), exp(x2)), exp(mul(x3, x1))), x2)), mul(mul(a, aq(exp(x3), a)), add(add(mul(x1, x1), mul(x2, x2)), add(mul(sub(x3, x4), x3), aq(mul(x3, x3), mul(x4, x4)))))), mul(x1, x2))
GPU5 stages: candidates=2500 pre_s=20.832 cheap_candidates=1589 cheap_unique=1589 cheap_s=16.771/40.000 cheap_rejected=282 cheap_a_min=-0.0483594781488 cheap_a_p50=0.00111645182989 cheap_a_p95=1.41325355323 cheap_a_max=1519.25211556 exact_a_gate=0.15 exact_provisional_penalty=3928.17976309 exact_candidates=1307 exact_unique=1307 full_exact_enabled=1 exact_capacity=1200 exact_waves=134 exact_scheduled=1200 exact_deferred=104 exact_wave=1200/1200 exact_queue_depth=0 exact_pending_instances=104 exact_s=166.729 exact_ok=1200 exact_margin_max=0.349197708764 exact_scan_mean_s=0.041 exact_bisect_mean_s=0.003 exact_polish_mean_s=0.145 exact_final_mean_s=0.044 exact_margin_abs_b_max=nan cache_hits=0 cache_misses=0 cache_waits=0
37 	2500 	597.814	1012.2     	1278.92    	220.304	17 	54.0944	148	18.6452
Best individuals of this generation:
add(add(add(mul(x1, x1), mul(sub(add(mul(mul(aq(x1, x2), x3), x4), exp(x2)), exp(mul(x3, x1))), x2)), mul(mul(a, aq(exp(x3), a)), add(add(mul(x1, x1), mul(x2, x2)), add(mul(sub(x3, x4), x3), aq(mul(x3, x3), mul(x4, x4)))))), mul(x1, x2))
GPU5 stages: candidates=2500 pre_s=20.637 cheap_candidates=1611 cheap_unique=1611 cheap_s=16.676/40.000 cheap_rejected=304 cheap_a_min=-0.236691957723 cheap_a_p50=0.00137878662417 cheap_a_p95=1.3709492929 cheap_a_max=1724.0262087 exact_a_gate=0.15 exact_provisional_penalty=3928.17976309 exact_candidates=1307 exact_unique=1307 full_exact_enabled=1 exact_capacity=1200 exact_waves=134 exact_scheduled=1200 exact_deferred=106 exact_wave=1200/1200 exact_queue_depth=0 exact_pending_instances=106 exact_s=161.939 exact_ok=1200 exact_margin_max=0.85758187571 exact_scan_mean_s=0.042 exact_bisect_mean_s=0.004 exact_polish_mean_s=0.136 exact_final_mean_s=0.046 exact_margin_abs_b_max=nan cache_hits=0 cache_misses=0 cache_waits=0
38 	2500 	597.814	1002.56    	1278.9     	219.419	17 	54.9432	161	19.8511
Best individuals of this generation:
add(add(add(mul(x1, x1), mul(sub(add(mul(mul(aq(x1, x2), x3), x4), exp(x2)), exp(mul(x3, x1))), x2)), mul(mul(a, aq(exp(x3), a)), add(add(mul(x1, x1), mul(x2, x2)), add(mul(sub(x3, x4), x3), aq(mul(x3, x3), mul(x4, x4)))))), mul(x1, x2))
GPU5 stages: candidates=2500 pre_s=20.840 cheap_candidates=1661 cheap_unique=1661 cheap_s=16.938/40.000 cheap_rejected=298 cheap_a_min=-0.0867974109536 cheap_a_p50=0.000896048268256 cheap_a_p95=1.2921610496 cheap_a_max=1322.35066324 exact_a_gate=0.15 exact_provisional_penalty=3928.17976309 exact_candidates=1363 exact_unique=1363 full_exact_enabled=1 exact_capacity=1200 exact_waves=134 exact_scheduled=1200 exact_deferred=162 exact_wave=1200/1200 exact_queue_depth=0 exact_pending_instances=162 exact_s=162.468 exact_ok=1200 exact_margin_max=1.05725768768 exact_scan_mean_s=0.040 exact_bisect_mean_s=0.005 exact_polish_mean_s=0.142 exact_final_mean_s=0.041 exact_margin_abs_b_max=nan cache_hits=0 cache_misses=0 cache_waits=0
39 	2500 	597.814	986.897    	1278.88    	217.335	17 	56.5384	161	21.1714
Best individuals of this generation:
add(add(add(mul(x1, x1), mul(sub(add(mul(mul(aq(x1, x2), x3), x4), exp(x2)), exp(mul(x3, x1))), x2)), mul(mul(a, aq(exp(x3), a)), add(add(mul(x1, x1), mul(x2, x2)), add(mul(sub(x3, x4), x3), aq(mul(x3, x3), mul(x4, x4)))))), mul(x1, x2))
GPU5 stages: candidates=2500 pre_s=20.970 cheap_candidates=1662 cheap_unique=1662 cheap_s=17.593/40.000 cheap_rejected=327 cheap_a_min=-0.10838090993 cheap_a_p50=0.00199062854598 cheap_a_p95=2.17357139322 cheap_a_max=1605.45348435 exact_a_gate=0.15 exact_provisional_penalty=3928.17976309 exact_candidates=1335 exact_unique=1335 full_exact_enabled=1 exact_capacity=1200 exact_waves=134 exact_scheduled=1200 exact_deferred=134 exact_wave=1200/1200 exact_queue_depth=0 exact_pending_instances=134 exact_s=167.602 exact_ok=1200 exact_margin_max=4.14255449504 exact_scan_mean_s=0.041 exact_bisect_mean_s=0.007 exact_polish_mean_s=0.153 exact_final_mean_s=0.044 exact_margin_abs_b_max=nan cache_hits=0 cache_misses=0 cache_waits=0
40 	2500 	597.814	972.041    	1278.87    	212.87 	17 	57.6424	161	21.8521
Best individuals of this generation:
add(add(add(mul(x1, x1), mul(sub(add(mul(mul(aq(x1, x2), x3), x4), exp(x2)), exp(mul(x3, x1))), x2)), mul(mul(a, aq(exp(x3), a)), add(add(mul(x1, x1), mul(x2, x2)), add(mul(sub(x3, x4), x3), aq(mul(x3, x3), mul(x4, x4)))))), mul(x1, x2))
GPU5 stages: candidates=2500 pre_s=21.052 cheap_candidates=1645 cheap_unique=1645 cheap_s=16.608/40.000 cheap_rejected=318 cheap_a_min=-0.116450243387 cheap_a_p50=0.00132738352448 cheap_a_p95=2.24056697592 cheap_a_max=2047.79427143 exact_a_gate=0.15 exact_provisional_penalty=3928.17976309 exact_candidates=1327 exact_unique=1327 full_exact_enabled=1 exact_capacity=1200 exact_waves=134 exact_scheduled=1200 exact_deferred=126 exact_wave=1200/1200 exact_queue_depth=0 exact_pending_instances=126 exact_s=166.884 exact_ok=1200 exact_margin_max=0.67545452624 exact_scan_mean_s=0.041 exact_bisect_mean_s=0.007 exact_polish_mean_s=0.144 exact_final_mean_s=0.044 exact_margin_abs_b_max=nan cache_hits=0 cache_misses=0 cache_waits=0
41 	2500 	597.814	955.044    	1278.85    	207.115	17 	58.3184	161	21.4174
Best individuals of this generation:
add(add(add(mul(x1, x1), mul(sub(add(mul(mul(aq(x1, x2), x3), x4), exp(x2)), exp(mul(x3, x1))), x2)), mul(mul(a, aq(exp(x3), a)), add(add(mul(x1, x1), mul(x2, x2)), add(mul(sub(x3, x4), x3), aq(mul(x3, x3), mul(x4, x4)))))), mul(x1, x2))
GPU5 stages: candidates=2500 pre_s=20.817 cheap_candidates=1693 cheap_unique=1693 cheap_s=17.619/40.000 cheap_rejected=314 cheap_a_min=-0.134130833395 cheap_a_p50=0.00144521535739 cheap_a_p95=2.0979552799 cheap_a_max=1948.27890522 exact_a_gate=0.15 exact_provisional_penalty=3928.17976309 exact_candidates=1379 exact_unique=1379 full_exact_enabled=1 exact_capacity=1200 exact_waves=134 exact_scheduled=1200 exact_deferred=178 exact_wave=1200/1200 exact_queue_depth=0 exact_pending_instances=178 exact_s=170.614 exact_ok=1200 exact_margin_max=2.31101809276 exact_scan_mean_s=0.040 exact_bisect_mean_s=0.006 exact_polish_mean_s=0.144 exact_final_mean_s=0.049 exact_margin_abs_b_max=nan cache_hits=0 cache_misses=0 cache_waits=0
42 	2500 	597.814	933.777    	1278.81    	198.688	17 	59.2948	163	21.435 
Best individuals of this generation:
add(add(add(mul(x1, x1), mul(sub(add(mul(mul(aq(x1, x2), x3), x4), exp(x2)), exp(mul(x3, x1))), x2)), mul(mul(a, aq(exp(x3), a)), add(add(mul(x1, x1), mul(x2, x2)), add(mul(sub(x3, x4), x3), aq(mul(x3, x3), mul(x4, x4)))))), mul(x1, x2))
GPU5 stages: candidates=2500 pre_s=21.079 cheap_candidates=1624 cheap_unique=1624 cheap_s=16.552/40.000 cheap_rejected=322 cheap_a_min=-0.11107682446 cheap_a_p50=0.0015456934911 cheap_a_p95=1.53745232056 cheap_a_max=2351.94653705 exact_a_gate=0.15 exact_provisional_penalty=3928.17976309 exact_candidates=1302 exact_unique=1302 full_exact_enabled=1 exact_capacity=1200 exact_waves=134 exact_scheduled=1200 exact_deferred=101 exact_wave=1200/1200 exact_queue_depth=0 exact_pending_instances=101 exact_s=162.981 exact_ok=1200 exact_margin_max=3.23166127685 exact_scan_mean_s=0.037 exact_bisect_mean_s=0.005 exact_polish_mean_s=0.132 exact_final_mean_s=0.048 exact_margin_abs_b_max=nan cache_hits=0 cache_misses=0 cache_waits=0
43 	2500 	597.814	913.28     	1250.39    	188.489	17 	60.2988	163	21.3532
Best individuals of this generation:
add(add(add(mul(x1, x1), mul(sub(add(mul(mul(aq(x1, x2), x3), x4), exp(x2)), exp(mul(x3, x1))), x2)), mul(mul(a, aq(exp(x3), a)), add(add(mul(x1, x1), mul(x2, x2)), add(mul(sub(x3, x4), x3), aq(mul(x3, x3), mul(x4, x4)))))), mul(x1, x2))
GPU5 stages: candidates=2500 pre_s=21.032 cheap_candidates=1686 cheap_unique=1686 cheap_s=16.529/40.000 cheap_rejected=304 cheap_a_min=-0.0805507542755 cheap_a_p50=0.00161194335014 cheap_a_p95=1.86414247075 cheap_a_max=7768.81920586 exact_a_gate=0.15 exact_provisional_penalty=3928.17976309 exact_candidates=1382 exact_unique=1382 full_exact_enabled=1 exact_capacity=1200 exact_waves=134 exact_scheduled=1200 exact_deferred=181 exact_wave=1200/1200 exact_queue_depth=0 exact_pending_instances=181 exact_s=159.585 exact_ok=1200 exact_margin_max=1.08698694049 exact_scan_mean_s=0.038 exact_bisect_mean_s=0.007 exact_polish_mean_s=0.130 exact_final_mean_s=0.055 exact_margin_abs_b_max=nan cache_hits=0 cache_misses=0 cache_waits=0
44 	2500 	597.814	894.459    	1134.25    	181.574	19 	60.7004	165	21.5316
Best individuals of this generation:
add(add(add(mul(x1, x1), mul(sub(add(mul(mul(aq(x1, x2), x3), x4), exp(x2)), exp(mul(x3, x1))), x2)), mul(mul(a, aq(exp(x3), a)), add(add(mul(x1, x1), mul(x2, x2)), add(mul(sub(x3, x4), x3), aq(mul(x3, x3), mul(x4, x4)))))), mul(x1, x2))
GPU5 stages: candidates=2500 pre_s=21.165 cheap_candidates=1663 cheap_unique=1663 cheap_s=16.350/40.000 cheap_rejected=297 cheap_a_min=-0.113337425094 cheap_a_p50=0.00166059474108 cheap_a_p95=1.64865350783 cheap_a_max=3562.13648636 exact_a_gate=0.15 exact_provisional_penalty=3928.17976309 exact_candidates=1366 exact_unique=1366 full_exact_enabled=1 exact_capacity=1200 exact_waves=134 exact_scheduled=1200 exact_deferred=165 exact_wave=1200/1200 exact_queue_depth=0 exact_pending_instances=165 exact_s=159.886 exact_ok=1200 exact_margin_max=1.6139923416 exact_scan_mean_s=0.040 exact_bisect_mean_s=0.004 exact_polish_mean_s=0.124 exact_final_mean_s=0.049 exact_margin_abs_b_max=nan cache_hits=0 cache_misses=0 cache_waits=0
45 	2500 	597.814	873.956    	1093.32    	175.764	19 	60.714 	165	21.5765
Best individuals of this generation:
add(add(add(mul(x1, x1), mul(sub(add(mul(mul(aq(x1, x2), x3), x4), exp(x2)), exp(mul(x3, x1))), x2)), mul(mul(a, aq(exp(x3), a)), add(add(mul(x1, x1), mul(x2, x2)), add(mul(sub(x3, x4), x3), aq(mul(x3, x3), mul(x4, x4)))))), mul(x1, x2))
GPU5 stages: candidates=2500 pre_s=20.778 cheap_candidates=1655 cheap_unique=1654 cheap_s=16.352/40.000 cheap_rejected=297 cheap_a_min=-0.21030497059 cheap_a_p50=0.0012192492939 cheap_a_p95=1.58331220385 cheap_a_max=1167.69593533 exact_a_gate=0.15 exact_provisional_penalty=3928.17976309 exact_candidates=1358 exact_unique=1357 full_exact_enabled=1 exact_capacity=1200 exact_waves=134 exact_scheduled=1200 exact_deferred=156 exact_wave=1200/1200 exact_queue_depth=0 exact_pending_instances=156 exact_s=158.437 exact_ok=1200 exact_margin_max=0.417243119142 exact_scan_mean_s=0.039 exact_bisect_mean_s=0.006 exact_polish_mean_s=0.115 exact_final_mean_s=0.052 exact_margin_abs_b_max=nan cache_hits=0 cache_misses=0 cache_waits=0
46 	2500 	597.814	858.975    	1080.53    	172.409	19 	60.9056	148	20.7871
Best individuals of this generation:
add(add(add(mul(x1, x1), mul(sub(add(mul(mul(aq(x1, x2), x3), x4), exp(x2)), exp(mul(x3, x1))), x2)), mul(mul(a, aq(exp(x3), a)), add(add(mul(x1, x1), mul(x2, x2)), add(mul(sub(x3, x4), x3), aq(mul(x3, x3), mul(x4, x4)))))), mul(x1, x2))
GPU5 stages: candidates=2500 pre_s=21.089 cheap_candidates=1637 cheap_unique=1637 cheap_s=16.080/40.000 cheap_rejected=267 cheap_a_min=-0.0678020353072 cheap_a_p50=0.00181151430026 cheap_a_p95=1.17115078669 cheap_a_max=4882.70159412 exact_a_gate=0.15 exact_provisional_penalty=3928.17976309 exact_candidates=1370 exact_unique=1370 full_exact_enabled=1 exact_capacity=1200 exact_waves=134 exact_scheduled=1200 exact_deferred=169 exact_wave=1200/1200 exact_queue_depth=0 exact_pending_instances=169 exact_s=157.932 exact_ok=1200 exact_margin_max=4.74644608299 exact_scan_mean_s=0.038 exact_bisect_mean_s=0.005 exact_polish_mean_s=0.108 exact_final_mean_s=0.053 exact_margin_abs_b_max=nan cache_hits=0 cache_misses=0 cache_waits=0
47 	2500 	595.922	841.063    	1071.08    	167.696	19 	60.8592	148	18.7641
Best individuals of this generation:
add(add(add(mul(x1, x1), mul(sub(add(mul(aq(mul(x3, x3), mul(a, x1)), x4), exp(x2)), exp(mul(x3, x1))), x2)), mul(mul(a, aq(exp(x3), a)), add(add(mul(x1, x1), mul(x2, x2)), add(add(add(mul(x1, x1), mul(sub(add(mul(aq(mul(sub(x3, x1), x3), mul(x2, mul(mul(a, mul(x1, x1)), x1))), x4), exp(x2)), exp(mul(x3, x1))), x2)), mul(a, add(add(mul(x1, x1), mul(x2, x2)), add(mul(sub(x3, x4), x3), aq(mul(x3, x3), mul(x4, x4)))))), aq(mul(x3, x3), mul(x4, mul(a, add(sub(x3, x3), mul(x2, a))))))))), mul(x1, x2))
GPU5 stages: candidates=2500 pre_s=21.127 cheap_candidates=1657 cheap_unique=1657 cheap_s=16.286/40.000 cheap_rejected=286 cheap_a_min=-0.0789921996429 cheap_a_p50=0.00219401509272 cheap_a_p95=1.38770664386 cheap_a_max=3523.76808378 exact_a_gate=0.15 exact_provisional_penalty=3928.17976309 exact_candidates=1371 exact_unique=1371 full_exact_enabled=1 exact_capacity=1200 exact_waves=134 exact_scheduled=1200 exact_deferred=169 exact_wave=1200/1200 exact_queue_depth=0 exact_pending_instances=169 exact_s=153.358 exact_ok=1200 exact_margin_max=0.135877478451 exact_scan_mean_s=0.040 exact_bisect_mean_s=0.004 exact_polish_mean_s=0.098 exact_final_mean_s=0.042 exact_margin_abs_b_max=nan cache_hits=0 cache_misses=0 cache_waits=0
48 	2500 	595.922	822.438    	1061.73    	161.413	19 	61.4816	148	18.217 
Best individuals of this generation:
add(add(add(mul(x1, x1), mul(sub(add(mul(aq(mul(x3, x3), mul(a, x1)), x4), exp(x2)), exp(mul(x3, x1))), x2)), mul(mul(a, aq(exp(x3), a)), add(add(mul(x1, x1), mul(x2, x2)), add(add(add(mul(x1, x1), mul(sub(add(mul(aq(mul(sub(x3, x1), x3), mul(x2, mul(mul(a, mul(x1, x1)), x1))), x4), exp(x2)), exp(mul(x3, x1))), x2)), mul(a, add(add(mul(x1, x1), mul(x2, x2)), add(mul(sub(x3, x4), x3), aq(mul(x3, x3), mul(x4, x4)))))), aq(mul(x3, x3), mul(x4, mul(a, add(sub(x3, x3), mul(x2, a))))))))), mul(x1, x2))
GPU5 stages: candidates=2500 pre_s=21.017 cheap_candidates=1681 cheap_unique=1681 cheap_s=16.560/40.000 cheap_rejected=276 cheap_a_min=-0.0773328014266 cheap_a_p50=0.00309878474969 cheap_a_p95=1.00260238345 cheap_a_max=1446.22283912 exact_a_gate=0.15 exact_provisional_penalty=3928.17976309 exact_candidates=1405 exact_unique=1405 full_exact_enabled=1 exact_capacity=1200 exact_waves=134 exact_scheduled=1200 exact_deferred=205 exact_wave=1200/1200 exact_queue_depth=0 exact_pending_instances=205 exact_s=152.223 exact_ok=1200 exact_margin_max=29.2939127459 exact_scan_mean_s=0.041 exact_bisect_mean_s=0.007 exact_polish_mean_s=0.088 exact_final_mean_s=0.048 exact_margin_abs_b_max=nan cache_hits=0 cache_misses=0 cache_waits=0
49 	2500 	595.922	804.144    	1046.89    	151.745	19 	62.356 	148	18.1141
Best individuals of this generation:
add(add(add(mul(x1, x1), mul(sub(add(mul(aq(mul(x3, x3), mul(a, x1)), x4), exp(x2)), exp(mul(x3, x1))), x2)), mul(mul(a, aq(exp(x3), a)), add(add(mul(x1, x1), mul(x2, x2)), add(add(add(mul(x1, x1), mul(sub(add(mul(aq(mul(sub(x3, x1), x3), mul(x2, mul(mul(a, mul(x1, x1)), x1))), x4), exp(x2)), exp(mul(x3, x1))), x2)), mul(a, add(add(mul(x1, x1), mul(x2, x2)), add(mul(sub(x3, x4), x3), aq(mul(x3, x3), mul(x4, x4)))))), aq(mul(x3, x3), mul(x4, mul(a, add(sub(x3, x3), mul(x2, a))))))))), mul(x1, x2))
GPU5 stages: candidates=2500 pre_s=21.184 cheap_candidates=1740 cheap_unique=1740 cheap_s=18.368/40.000 cheap_rejected=272 cheap_a_min=-0.105143131878 cheap_a_p50=0.00435571597559 cheap_a_p95=1.07143543825 cheap_a_max=896.365705578 exact_a_gate=0.15 exact_provisional_penalty=3928.17976309 exact_candidates=1468 exact_unique=1468 full_exact_enabled=1 exact_capacity=1200 exact_waves=134 exact_scheduled=1200 exact_deferred=268 exact_wave=1200/1200 exact_queue_depth=0 exact_pending_instances=268 exact_s=149.239 exact_ok=1200 exact_margin_max=0.960196526804 exact_scan_mean_s=0.040 exact_bisect_mean_s=0.004 exact_polish_mean_s=0.092 exact_final_mean_s=0.041 exact_margin_abs_b_max=nan cache_hits=0 cache_misses=0 cache_waits=0
50 	2500 	595.922	791.283    	1021.89    	148.213	19 	62.5904	148	18.2611
Best individuals of this generation:
add(add(add(mul(x1, x1), mul(sub(add(mul(aq(mul(x3, x3), mul(a, x1)), x4), exp(x2)), exp(mul(x3, x1))), x2)), mul(mul(a, aq(exp(x3), a)), add(add(mul(x1, x1), mul(x2, x2)), add(add(add(mul(x1, x1), mul(sub(add(mul(aq(mul(sub(x3, x1), x3), mul(x2, mul(mul(a, mul(x1, x1)), x1))), x4), exp(x2)), exp(mul(x3, x1))), x2)), mul(a, add(add(mul(x1, x1), mul(x2, x2)), add(mul(sub(x3, x4), x3), aq(mul(x3, x3), mul(x4, x4)))))), aq(mul(x3, x3), mul(x4, mul(a, add(sub(x3, x3), mul(x2, a))))))))), mul(x1, x2))
GPU5 stages: candidates=2500 pre_s=20.962 cheap_candidates=1747 cheap_unique=1747 cheap_s=18.062/40.000 cheap_rejected=312 cheap_a_min=-0.0691798689225 cheap_a_p50=0.00423205164006 cheap_a_p95=1.22397056664 cheap_a_max=1802.055839 exact_a_gate=0.15 exact_provisional_penalty=3928.17976309 exact_candidates=1435 exact_unique=1435 full_exact_enabled=1 exact_capacity=1200 exact_waves=134 exact_scheduled=1200 exact_deferred=235 exact_wave=1200/1200 exact_queue_depth=0 exact_pending_instances=235 exact_s=153.322 exact_ok=1200 exact_margin_max=68.0611228773 exact_scan_mean_s=0.039 exact_bisect_mean_s=0.005 exact_polish_mean_s=0.093 exact_final_mean_s=0.045 exact_margin_abs_b_max=nan cache_hits=0 cache_misses=0 cache_waits=0
51 	2500 	595.922	783.971    	1018.11    	148.067	23 	63.0264	148	18.7492
Best individuals of this generation:
add(add(add(mul(x1, x1), mul(sub(add(mul(aq(mul(x3, x3), mul(a, x1)), x4), exp(x2)), exp(mul(x3, x1))), x2)), mul(mul(a, aq(exp(x3), a)), add(add(mul(x1, x1), mul(x2, x2)), add(add(add(mul(x1, x1), mul(sub(add(mul(aq(mul(sub(x3, x1), x3), mul(x2, mul(mul(a, mul(x1, x1)), x1))), x4), exp(x2)), exp(mul(x3, x1))), x2)), mul(a, add(add(mul(x1, x1), mul(x2, x2)), add(mul(sub(x3, x4), x3), aq(mul(x3, x3), mul(x4, x4)))))), aq(mul(x3, x3), mul(x4, mul(a, add(sub(x3, x3), mul(x2, a))))))))), mul(x1, x2))
GPU5 stages: candidates=2500 pre_s=20.930 cheap_candidates=1728 cheap_unique=1727 cheap_s=16.764/40.000 cheap_rejected=262 cheap_a_min=-0.215370569689 cheap_a_p50=0.00163789326472 cheap_a_p95=0.974904725772 cheap_a_max=446.995698446 exact_a_gate=0.15 exact_provisional_penalty=3928.17976309 exact_candidates=1466 exact_unique=1465 full_exact_enabled=1 exact_capacity=1200 exact_waves=134 exact_scheduled=1200 exact_deferred=264 exact_wave=1200/1200 exact_queue_depth=0 exact_pending_instances=264 exact_s=150.400 exact_ok=1200 exact_margin_max=28.8423514684 exact_scan_mean_s=0.040 exact_bisect_mean_s=0.005 exact_polish_mean_s=0.094 exact_final_mean_s=0.051 exact_margin_abs_b_max=nan cache_hits=0 cache_misses=0 cache_waits=0
52 	2500 	595.922	777.753    	1015.11    	147.946	23 	63.6256	145	19.0548
Best individuals of this generation:
add(add(add(mul(x1, x1), mul(sub(add(mul(aq(mul(x3, x3), mul(a, x1)), x4), exp(x2)), exp(mul(x3, x1))), x2)), mul(mul(a, aq(exp(x3), a)), add(add(mul(x1, x1), mul(x2, x2)), add(add(add(mul(x1, x1), mul(sub(add(mul(aq(mul(sub(x3, x1), x3), mul(x2, mul(mul(a, mul(x1, x1)), x1))), x4), exp(x2)), exp(mul(x3, x1))), x2)), mul(a, add(add(mul(x1, x1), mul(x2, x2)), add(mul(sub(x3, x4), x3), aq(mul(x3, x3), mul(x4, x4)))))), aq(mul(x3, x3), mul(x4, mul(a, add(sub(x3, x3), mul(x2, a))))))))), mul(x1, x2))
GPU5 stages: candidates=2500 pre_s=21.183 cheap_candidates=1764 cheap_unique=1764 cheap_s=17.801/40.000 cheap_rejected=311 cheap_a_min=-0.228643697949 cheap_a_p50=0.0015864719956 cheap_a_p95=1.17759373522 cheap_a_max=9231.73460275 exact_a_gate=0.15 exact_provisional_penalty=3928.17976309 exact_candidates=1453 exact_unique=1453 full_exact_enabled=1 exact_capacity=1200 exact_waves=134 exact_scheduled=1200 exact_deferred=253 exact_wave=1200/1200 exact_queue_depth=0 exact_pending_instances=253 exact_s=156.074 exact_ok=1200 exact_margin_max=0.25576199918 exact_scan_mean_s=0.040 exact_bisect_mean_s=0.003 exact_polish_mean_s=0.098 exact_final_mean_s=0.042 exact_margin_abs_b_max=nan cache_hits=0 cache_misses=0 cache_waits=0
53 	2500 	595.922	772.861    	1013.27    	147.683	23 	64.2812	145	19.4001
Best individuals of this generation:
add(add(add(mul(x1, x1), mul(sub(add(mul(aq(mul(x3, x3), mul(a, x1)), x4), exp(x2)), exp(mul(x3, x1))), x2)), mul(mul(a, aq(exp(x3), a)), add(add(mul(x1, x1), mul(x2, x2)), add(add(add(mul(x1, x1), mul(sub(add(mul(aq(mul(sub(x3, x1), x3), mul(x2, mul(mul(a, mul(x1, x1)), x1))), x4), exp(x2)), exp(mul(x3, x1))), x2)), mul(a, add(add(mul(x1, x1), mul(x2, x2)), add(mul(sub(x3, x4), x3), aq(mul(x3, x3), mul(x4, x4)))))), aq(mul(x3, x3), mul(x4, mul(a, add(sub(x3, x3), mul(x2, a))))))))), mul(x1, x2))
GPU5 stages: candidates=2500 pre_s=21.217 cheap_candidates=1776 cheap_unique=1776 cheap_s=18.280/40.000 cheap_rejected=346 cheap_a_min=-0.0605351638433 cheap_a_p50=0.00445961558654 cheap_a_p95=1.25785643321 cheap_a_max=13185.2912181 exact_a_gate=0.15 exact_provisional_penalty=3928.17976309 exact_candidates=1430 exact_unique=1430 full_exact_enabled=1 exact_capacity=1200 exact_waves=134 exact_scheduled=1200 exact_deferred=230 exact_wave=1200/1200 exact_queue_depth=0 exact_pending_instances=230 exact_s=152.529 exact_ok=1200 exact_margin_max=3.89020764758 exact_scan_mean_s=0.041 exact_bisect_mean_s=0.005 exact_polish_mean_s=0.101 exact_final_mean_s=0.045 exact_margin_abs_b_max=nan cache_hits=0 cache_misses=0 cache_waits=0
54 	2500 	595.922	767.773    	1011.19    	147.681	23 	64.9496	145	19.6582
Best individuals of this generation:
add(add(add(mul(x1, x1), mul(sub(add(mul(aq(mul(x3, x3), mul(a, x1)), x4), exp(x2)), exp(mul(x3, x1))), x2)), mul(mul(a, aq(exp(x3), a)), add(add(mul(x1, x1), mul(x2, x2)), add(add(add(mul(x1, x1), mul(sub(add(mul(aq(mul(sub(x3, x1), x3), mul(x2, mul(mul(a, mul(x1, x1)), x1))), x4), exp(x2)), exp(mul(x3, x1))), x2)), mul(a, add(add(mul(x1, x1), mul(x2, x2)), add(mul(sub(x3, x4), x3), aq(mul(x3, x3), mul(x4, x4)))))), aq(mul(x3, x3), mul(x4, mul(a, add(sub(x3, x3), mul(x2, a))))))))), mul(x1, x2))
GPU5 stages: candidates=2500 pre_s=21.167 cheap_candidates=1824 cheap_unique=1824 cheap_s=18.639/40.000 cheap_rejected=349 cheap_a_min=-0.462422709071 cheap_a_p50=0.00237697417216 cheap_a_p95=1.26079487648 cheap_a_max=5361.33660645 exact_a_gate=0.15 exact_provisional_penalty=3928.17976309 exact_candidates=1475 exact_unique=1475 full_exact_enabled=1 exact_capacity=1200 exact_waves=134 exact_scheduled=1200 exact_deferred=275 exact_wave=1200/1200 exact_queue_depth=0 exact_pending_instances=275 exact_s=155.271 exact_ok=1200 exact_margin_max=2.15034615334 exact_scan_mean_s=0.038 exact_bisect_mean_s=0.004 exact_polish_mean_s=0.100 exact_final_mean_s=0.042 exact_margin_abs_b_max=nan cache_hits=0 cache_misses=0 cache_waits=0
55 	2500 	595.922	762.725    	1007.06    	147.335	24 	65.712 	145	20.1114
Best individuals of this generation:
add(add(add(mul(x1, x1), mul(sub(add(mul(aq(mul(x3, x3), mul(a, x1)), x4), exp(x2)), exp(mul(x3, x1))), x2)), mul(mul(a, aq(exp(x3), a)), add(add(mul(x1, x1), mul(x2, x2)), add(add(add(mul(x1, x1), mul(sub(add(mul(aq(mul(sub(x3, x1), x3), mul(x2, mul(mul(a, mul(x1, x1)), x1))), x4), exp(x2)), exp(mul(x3, x1))), x2)), mul(a, add(add(mul(x1, x1), mul(x2, x2)), add(mul(sub(x3, x4), x3), aq(mul(x3, x3), mul(x4, x4)))))), aq(mul(x3, x3), mul(x4, mul(a, add(sub(x3, x3), mul(x2, a))))))))), mul(x1, x2))
GPU5 stages: candidates=2500 pre_s=21.330 cheap_candidates=1796 cheap_unique=1796 cheap_s=18.269/40.000 cheap_rejected=332 cheap_a_min=-0.460069810674 cheap_a_p50=0.00127470423387 cheap_a_p95=1.16854125328 cheap_a_max=1130.14961926 exact_a_gate=0.15 exact_provisional_penalty=3928.17976309 exact_candidates=1464 exact_unique=1464 full_exact_enabled=1 exact_capacity=1200 exact_waves=134 exact_scheduled=1200 exact_deferred=264 exact_wave=1200/1200 exact_queue_depth=0 exact_pending_instances=264 exact_s=158.995 exact_ok=1200 exact_margin_max=0.485021581114 exact_scan_mean_s=0.040 exact_bisect_mean_s=0.005 exact_polish_mean_s=0.108 exact_final_mean_s=0.047 exact_margin_abs_b_max=nan cache_hits=0 cache_misses=0 cache_waits=0
56 	2500 	595.922	757.864    	1004.7     	147.237	24 	66.1648	145	20.5818
Best individuals of this generation:
add(add(add(mul(x1, x1), mul(sub(add(mul(aq(mul(x3, x3), mul(a, x1)), x4), exp(x2)), exp(mul(x3, x1))), x2)), mul(mul(a, aq(exp(x3), a)), add(add(mul(x1, x1), mul(x2, x2)), add(add(add(mul(x1, x1), mul(sub(add(mul(aq(mul(sub(x3, x1), x3), mul(x2, mul(mul(a, mul(x1, x1)), x1))), x4), exp(x2)), exp(mul(x3, x1))), x2)), mul(a, add(add(mul(x1, x1), mul(x2, x2)), add(mul(sub(x3, x4), x3), aq(mul(x3, x3), mul(x4, x4)))))), aq(mul(x3, x3), mul(x4, mul(a, add(sub(x3, x3), mul(x2, a))))))))), mul(x1, x2))
GPU5 stages: candidates=2500 pre_s=21.228 cheap_candidates=1872 cheap_unique=1872 cheap_s=18.862/40.000 cheap_rejected=355 cheap_a_min=-1.66771582568 cheap_a_p50=0.000626246551473 cheap_a_p95=1.38177368549 cheap_a_max=3788.65174745 exact_a_gate=0.15 exact_provisional_penalty=4225.00908104 exact_candidates=1517 exact_unique=1517 full_exact_enabled=1 exact_capacity=1200 exact_waves=134 exact_scheduled=1200 exact_deferred=316 exact_wave=1200/1200 exact_queue_depth=0 exact_pending_instances=316 exact_s=151.020 exact_ok=1200 exact_margin_max=0.916853852292 exact_scan_mean_s=0.038 exact_bisect_mean_s=0.003 exact_polish_mean_s=0.103 exact_final_mean_s=0.042 exact_margin_abs_b_max=nan cache_hits=0 cache_misses=0 cache_waits=0
57 	2500 	585.916	752.476    	1003.09    	147.572	24 	66.81  	145	21.2907
Best individuals of this generation:
sub(mul(sub(sin(aq(exp(x2), mul(a, add(x2, x2)))), x2), a), add(x2, add(sub(exp(add(add(x2, x2), x2)), sub(mul(add(sub(x2, sub(sin(x4), add(sub(add(sub(x2, sub(x4, x3)), x3), sub(sin(x4), x3)), x4))), x4), sub(add(sub(x2, sub(sin(x4), x3)), x4), sub(x4, x3))), a)), aq(sub(sin(mul(x3, x2)), sub(mul(add(sub(x2, sub(x4, mul(x2, sub(mul(add(sub(x4, x3), x4), mul(x2, mul(x2, x1))), a)))), x4), mul(x2, mul(x3, x2))), a)), add(x1, x1)))))
GPU5 stages: candidates=2500 pre_s=21.238 cheap_candidates=1847 cheap_unique=1847 cheap_s=18.466/40.000 cheap_rejected=354 cheap_a_min=-0.0924560223899 cheap_a_p50=0.000924030043472 cheap_a_p95=1.48229198151 cheap_a_max=4558.74256877 exact_a_gate=0.15 exact_provisional_penalty=3928.17976309 exact_candidates=1493 exact_unique=1493 full_exact_enabled=1 exact_capacity=1200 exact_waves=134 exact_scheduled=1200 exact_deferred=293 exact_wave=1200/1200 exact_queue_depth=0 exact_pending_instances=293 exact_s=164.147 exact_ok=1200 exact_margin_max=0.208747421715 exact_scan_mean_s=0.041 exact_bisect_mean_s=0.003 exact_polish_mean_s=0.109 exact_final_mean_s=0.038 exact_margin_abs_b_max=nan cache_hits=0 cache_misses=0 cache_waits=0
58 	2500 	585.916	747.49     	1002.25    	147.93 	25 	67.4596	145	21.5028
Best individuals of this generation:
sub(mul(sub(sin(aq(exp(x2), mul(a, add(x2, x2)))), x2), a), add(x2, add(sub(exp(add(add(x2, x2), x2)), sub(mul(add(sub(x2, sub(sin(x4), add(sub(add(sub(x2, sub(x4, x3)), x3), sub(sin(x4), x3)), x4))), x4), sub(add(sub(x2, sub(sin(x4), x3)), x4), sub(x4, x3))), a)), aq(sub(sin(mul(x3, x2)), sub(mul(add(sub(x2, sub(x4, mul(x2, sub(mul(add(sub(x4, x3), x4), mul(x2, mul(x2, x1))), a)))), x4), mul(x2, mul(x3, x2))), a)), add(x1, x1)))))
GPU5 stages: candidates=2500 pre_s=21.244 cheap_candidates=1841 cheap_unique=1841 cheap_s=18.734/40.000 cheap_rejected=344 cheap_a_min=-6.91456382463 cheap_a_p50=0.00044790488423 cheap_a_p95=1.30775827248 cheap_a_max=2229.94414721 exact_a_gate=0.15 exact_provisional_penalty=7449.38326218 exact_candidates=1497 exact_unique=1497 full_exact_enabled=1 exact_capacity=1200 exact_waves=134 exact_scheduled=1200 exact_deferred=297 exact_wave=1200/1200 exact_queue_depth=0 exact_pending_instances=297 exact_s=156.813 exact_ok=1200 exact_margin_max=0.511004298429 exact_scan_mean_s=0.040 exact_bisect_mean_s=0.002 exact_polish_mean_s=0.112 exact_final_mean_s=0.037 exact_margin_abs_b_max=nan cache_hits=0 cache_misses=0 cache_waits=0
59 	2500 	562.468	740.831    	1001.31    	148.226	24 	68.3812	145	21.6631
Best individuals of this generation:
sub(mul(sub(aq(a, add(x3, add(mul(sin(x2), exp(a)), add(x1, x2)))), aq(mul(x3, mul(sin(x2), exp(a))), a)), aq(a, x1)), mul(aq(x3, a), mul(x4, exp(x4))))
GPU5 stages: candidates=2500 pre_s=21.295 cheap_candidates=1804 cheap_unique=1804 cheap_s=19.250/40.000 cheap_rejected=357 cheap_a_min=-0.140652622785 cheap_a_p50=0.000585601606151 cheap_a_p95=1.2993080263 cheap_a_max=953.683844299 exact_a_gate=0.15 exact_provisional_penalty=3928.17976309 exact_candidates=1447 exact_unique=1447 full_exact_enabled=1 exact_capacity=1200 exact_waves=134 exact_scheduled=1200 exact_deferred=247 exact_wave=1200/1200 exact_queue_depth=0 exact_pending_instances=247 exact_s=155.751 exact_ok=1200 exact_margin_max=0.217844869969 exact_scan_mean_s=0.038 exact_bisect_mean_s=0.004 exact_polish_mean_s=0.113 exact_final_mean_s=0.033 exact_margin_abs_b_max=nan cache_hits=0 cache_misses=0 cache_waits=0
60 	2500 	562.468	733.662    	1000.34    	148.7  	24 	69.3716	135	22.0522
Best individuals of this generation:
sub(mul(sub(aq(a, add(x3, add(mul(sin(x2), exp(a)), add(x1, x2)))), aq(mul(x3, mul(sin(x2), exp(a))), a)), aq(a, x1)), mul(aq(x3, a), mul(x4, exp(x4))))
GPU5 stages: candidates=2500 pre_s=21.453 cheap_candidates=1855 cheap_unique=1855 cheap_s=20.165/40.000 cheap_rejected=343 cheap_a_min=-0.862202047546 cheap_a_p50=0.00154372836892 cheap_a_p95=1.56240375709 cheap_a_max=1883.83309058 exact_a_gate=0.15 exact_provisional_penalty=3928.17976309 exact_candidates=1512 exact_unique=1512 full_exact_enabled=1 exact_capacity=1200 exact_waves=134 exact_scheduled=1200 exact_deferred=312 exact_wave=1200/1200 exact_queue_depth=0 exact_pending_instances=312 exact_s=161.237 exact_ok=1200 exact_margin_max=0.198056252955 exact_scan_mean_s=0.041 exact_bisect_mean_s=0.005 exact_polish_mean_s=0.116 exact_final_mean_s=0.041 exact_margin_abs_b_max=nan cache_hits=0 cache_misses=0 cache_waits=0
61 	2500 	562.468	724.866    	999.012    	148.998	23 	70.7712	157	22.9889
Best individuals of this generation:
sub(mul(sub(aq(a, add(x3, add(mul(sin(x2), exp(a)), add(x1, x2)))), aq(mul(x3, mul(sin(x2), exp(a))), a)), aq(a, x1)), mul(aq(x3, a), mul(x4, exp(x4))))
GPU5 stages: candidates=2500 pre_s=21.695 cheap_candidates=1909 cheap_unique=1909 cheap_s=19.809/40.000 cheap_rejected=341 cheap_a_min=-0.374094245118 cheap_a_p50=0.000555394804246 cheap_a_p95=1.5950659295 cheap_a_max=7873.5333713 exact_a_gate=0.15 exact_provisional_penalty=3928.17976309 exact_candidates=1568 exact_unique=1568 full_exact_enabled=1 exact_capacity=1200 exact_waves=134 exact_scheduled=1200 exact_deferred=368 exact_wave=1200/1200 exact_queue_depth=0 exact_pending_instances=368 exact_s=160.751 exact_ok=1200 exact_margin_max=1.59908623785 exact_scan_mean_s=0.040 exact_bisect_mean_s=0.004 exact_polish_mean_s=0.125 exact_final_mean_s=0.039 exact_margin_abs_b_max=nan cache_hits=0 cache_misses=0 cache_waits=0
62 	2500 	562.468	715.075    	994.49     	149.272	23 	72.3408	141	24.405 
Best individuals of this generation:
sub(mul(sub(aq(a, add(x3, add(mul(sin(x2), exp(a)), add(x1, x2)))), aq(mul(x3, mul(sin(x2), exp(a))), a)), aq(a, x1)), mul(aq(x3, a), mul(x4, exp(x4))))
GPU5 stages: candidates=2500 pre_s=21.392 cheap_candidates=1837 cheap_unique=1837 cheap_s=18.919/40.000 cheap_rejected=335 cheap_a_min=-1.35208722572 cheap_a_p50=0.000251815612523 cheap_a_p95=1.3552253353 cheap_a_max=3552.5492601 exact_a_gate=0.15 exact_provisional_penalty=6364.41714395 exact_candidates=1502 exact_unique=1502 full_exact_enabled=1 exact_capacity=1200 exact_waves=134 exact_scheduled=1200 exact_deferred=302 exact_wave=1200/1200 exact_queue_depth=0 exact_pending_instances=302 exact_s=157.409 exact_ok=1200 exact_margin_max=1.35640567043 exact_scan_mean_s=0.038 exact_bisect_mean_s=0.006 exact_polish_mean_s=0.124 exact_final_mean_s=0.043 exact_margin_abs_b_max=nan cache_hits=0 cache_misses=0 cache_waits=0
63 	2500 	562.468	708.843    	989.08     	148.996	24 	73.0028	135	24.445 
Best individuals of this generation:
sub(mul(sub(aq(a, add(x3, add(mul(sin(x2), exp(a)), add(x1, x2)))), aq(mul(x3, mul(sin(x2), exp(a))), a)), aq(a, x1)), mul(aq(x3, a), mul(x4, exp(x4))))
GPU5 stages: candidates=2500 pre_s=21.594 cheap_candidates=1892 cheap_unique=1892 cheap_s=19.745/40.000 cheap_rejected=347 cheap_a_min=-1.43119088282 cheap_a_p50=0.000550110914932 cheap_a_p95=1.47500178849 cheap_a_max=1232.08336993 exact_a_gate=0.15 exact_provisional_penalty=3928.17976309 exact_candidates=1545 exact_unique=1545 full_exact_enabled=1 exact_capacity=1200 exact_waves=134 exact_scheduled=1200 exact_deferred=345 exact_wave=1200/1200 exact_queue_depth=0 exact_pending_instances=345 exact_s=155.007 exact_ok=1200 exact_margin_max=0.346629422861 exact_scan_mean_s=0.038 exact_bisect_mean_s=0.004 exact_polish_mean_s=0.133 exact_final_mean_s=0.030 exact_margin_abs_b_max=nan cache_hits=0 cache_misses=0 cache_waits=0
64 	2500 	562.468	703.464    	984.873    	147.976	24 	73.9784	139	23.656 
Best individuals of this generation:
sub(mul(sub(aq(a, add(x3, add(mul(sin(x2), exp(a)), add(x1, x2)))), aq(mul(x3, mul(sin(x2), exp(a))), a)), aq(a, x1)), mul(aq(x3, a), mul(x4, exp(x4))))
GPU5 stages: candidates=2500 pre_s=21.726 cheap_candidates=1918 cheap_unique=1918 cheap_s=20.058/40.000 cheap_rejected=365 cheap_a_min=-0.970764117232 cheap_a_p50=0.000644119026056 cheap_a_p95=1.21904634673 cheap_a_max=2646.50453006 exact_a_gate=0.15 exact_provisional_penalty=3928.17976309 exact_candidates=1553 exact_unique=1553 full_exact_enabled=1 exact_capacity=1200 exact_waves=134 exact_scheduled=1200 exact_deferred=353 exact_wave=1200/1200 exact_queue_depth=0 exact_pending_instances=353 exact_s=162.865 exact_ok=1200 exact_margin_max=1.81248496655 exact_scan_mean_s=0.040 exact_bisect_mean_s=0.003 exact_polish_mean_s=0.127 exact_final_mean_s=0.034 exact_margin_abs_b_max=nan cache_hits=0 cache_misses=0 cache_waits=0
65 	2500 	562.468	697.026    	981.688    	146.596	24 	74.6552	148	22.759 
Best individuals of this generation:
sub(mul(sub(aq(a, add(x3, add(mul(sin(x2), exp(a)), add(x1, x2)))), aq(mul(x3, mul(sin(x2), exp(a))), a)), aq(a, x1)), mul(aq(x3, a), mul(x4, exp(x4))))
GPU5 stages: candidates=2500 pre_s=21.741 cheap_candidates=1926 cheap_unique=1926 cheap_s=19.900/40.000 cheap_rejected=361 cheap_a_min=-0.330798913644 cheap_a_p50=0.000866117110379 cheap_a_p95=1.29520657457 cheap_a_max=2066.6918734 exact_a_gate=0.15 exact_provisional_penalty=3928.17976309 exact_candidates=1565 exact_unique=1565 full_exact_enabled=1 exact_capacity=1200 exact_waves=134 exact_scheduled=1200 exact_deferred=365 exact_wave=1200/1200 exact_queue_depth=0 exact_pending_instances=365 exact_s=157.837 exact_ok=1200 exact_margin_max=1.92075393601 exact_scan_mean_s=0.040 exact_bisect_mean_s=0.003 exact_polish_mean_s=0.124 exact_final_mean_s=0.037 exact_margin_abs_b_max=nan cache_hits=0 cache_misses=0 cache_waits=0
66 	2500 	555.149	690.74     	975.72     	145.369	26 	75.5168	148	21.7582
Best individuals of this generation:
sub(mul(sub(aq(a, add(x3, add(mul(sin(x2), exp(a)), add(x1, x2)))), aq(mul(add(sin(x1), add(x2, x4)), mul(sin(x2), exp(a))), a)), aq(a, x1)), mul(aq(x3, add(add(x3, sin(x1)), sub(add(a, a), x2))), mul(sin(x4), exp(x4))))
GPU5 stages: candidates=2500 pre_s=21.561 cheap_candidates=1887 cheap_unique=1887 cheap_s=20.225/40.000 cheap_rejected=352 cheap_a_min=-0.200907954993 cheap_a_p50=0.000623836071099 cheap_a_p95=1.68162335561 cheap_a_max=1236.49777044 exact_a_gate=0.15 exact_provisional_penalty=3928.17976309 exact_candidates=1535 exact_unique=1535 full_exact_enabled=1 exact_capacity=1200 exact_waves=134 exact_scheduled=1200 exact_deferred=335 exact_wave=1200/1200 exact_queue_depth=0 exact_pending_instances=335 exact_s=159.490 exact_ok=1200 exact_margin_max=0.613034499959 exact_scan_mean_s=0.040 exact_bisect_mean_s=0.004 exact_polish_mean_s=0.127 exact_final_mean_s=0.034 exact_margin_abs_b_max=nan cache_hits=0 cache_misses=0 cache_waits=0
67 	2500 	554.498	685.885    	975.567    	145.211	26 	75.196 	148	22.0286
Best individuals of this generation:
sub(mul(aq(a, add(x3, add(mul(sin(x2), exp(a)), add(x1, x2)))), aq(a, x1)), mul(aq(x3, add(add(x3, sin(exp(a))), sub(add(a, sin(a)), a))), mul(sin(x4), exp(x4))))
GPU5 stages: candidates=2500 pre_s=21.595 cheap_candidates=1871 cheap_unique=1871 cheap_s=19.274/40.000 cheap_rejected=357 cheap_a_min=-0.360297305209 cheap_a_p50=0.000239243699251 cheap_a_p95=1.32147933828 cheap_a_max=2264.27927427 exact_a_gate=0.15 exact_provisional_penalty=3928.17976309 exact_candidates=1514 exact_unique=1514 full_exact_enabled=1 exact_capacity=1200 exact_waves=134 exact_scheduled=1200 exact_deferred=314 exact_wave=1200/1200 exact_queue_depth=0 exact_pending_instances=314 exact_s=156.413 exact_ok=1200 exact_margin_max=11.8287242104 exact_scan_mean_s=0.039 exact_bisect_mean_s=0.003 exact_polish_mean_s=0.119 exact_final_mean_s=0.037 exact_margin_abs_b_max=nan cache_hits=0 cache_misses=0 cache_waits=0
68 	2500 	554.498	683.955    	975.257    	145.499	26 	75.0276	148	22.1895
Best individuals of this generation:
sub(mul(aq(a, add(x3, add(mul(sin(x2), exp(a)), add(x1, x2)))), aq(a, x1)), mul(aq(x3, add(add(x3, sin(exp(a))), sub(add(a, sin(a)), a))), mul(sin(x4), exp(x4))))
GPU5 stages: candidates=2500 pre_s=21.313 cheap_candidates=1893 cheap_unique=1893 cheap_s=18.554/40.000 cheap_rejected=339 cheap_a_min=-0.12133249666 cheap_a_p50=8.17615727546e-07 cheap_a_p95=1.1278480784 cheap_a_max=753.051788146 exact_a_gate=0.15 exact_provisional_penalty=3928.17976309 exact_candidates=1554 exact_unique=1554 full_exact_enabled=1 exact_capacity=1200 exact_waves=134 exact_scheduled=1200 exact_deferred=354 exact_wave=1200/1200 exact_queue_depth=0 exact_pending_instances=354 exact_s=158.732 exact_ok=1200 exact_margin_max=1.56386474165 exact_scan_mean_s=0.039 exact_bisect_mean_s=0.003 exact_polish_mean_s=0.125 exact_final_mean_s=0.044 exact_margin_abs_b_max=nan cache_hits=0 cache_misses=0 cache_waits=0
69 	2500 	554.354	681.922    	975.136    	145.823	26 	74.472 	148	22.5825
Best individuals of this generation:
sub(mul(sub(sin(aq(exp(x2), mul(a, add(x2, x2)))), x2), a), add(x2, add(sub(exp(add(add(x2, x2), sin(a))), sub(mul(add(sub(x2, sub(sin(x4), add(sub(add(sub(x2, sub(x4, x3)), x3), sub(sin(x4), x3)), x4))), x4), sub(add(sub(x2, sub(sin(x4), x3)), x4), sub(x4, x3))), a)), aq(sub(sin(mul(x3, x2)), sub(mul(add(sub(x2, sub(add(sub(x2, x4), x3), x4)), x4), mul(x2, mul(x3, sin(x1)))), a)), add(x2, x1)))))
GPU5 stages: candidates=2500 pre_s=21.524 cheap_candidates=1870 cheap_unique=1870 cheap_s=18.937/40.000 cheap_rejected=381 cheap_a_min=-0.643318507128 cheap_a_p50=0.000583140226046 cheap_a_p95=1.32608929964 cheap_a_max=5502.56248059 exact_a_gate=0.15 exact_provisional_penalty=9839.22821303 exact_candidates=1489 exact_unique=1489 full_exact_enabled=1 exact_capacity=1200 exact_waves=134 exact_scheduled=1200 exact_deferred=289 exact_wave=1200/1200 exact_queue_depth=0 exact_pending_instances=289 exact_s=163.995 exact_ok=1200 exact_margin_max=0.314356574275 exact_scan_mean_s=0.041 exact_bisect_mean_s=0.003 exact_polish_mean_s=0.117 exact_final_mean_s=0.037 exact_margin_abs_b_max=nan cache_hits=0 cache_misses=0 cache_waits=0
70 	2500 	554.107	680.149    	975.052    	146.151	26 	73.7832	148	22.8272
Best individuals of this generation:
sub(mul(sub(sin(aq(exp(x2), mul(a, add(x2, x2)))), x2), a), add(x2, add(sub(exp(add(add(x2, x2), sin(a))), sub(mul(add(sub(x2, sub(sin(x4), add(sub(add(sub(x2, sub(x4, x3)), x3), sub(sin(x4), x3)), x4))), x4), sub(add(sub(x2, sub(sin(x4), x3)), x4), sub(x4, x3))), a)), aq(sub(sin(x2), sub(mul(a, x2), a)), add(x1, x2)))))
GPU5 stages: candidates=2500 pre_s=21.502 cheap_candidates=1860 cheap_unique=1860 cheap_s=18.353/40.000 cheap_rejected=350 cheap_a_min=-0.573055060652 cheap_a_p50=0.000254095783541 cheap_a_p95=1.33404203815 cheap_a_max=873.544522543 exact_a_gate=0.15 exact_provisional_penalty=3928.17976309 exact_candidates=1510 exact_unique=1510 full_exact_enabled=1 exact_capacity=1200 exact_waves=134 exact_scheduled=1200 exact_deferred=310 exact_wave=1200/1200 exact_queue_depth=0 exact_pending_instances=310 exact_s=161.938 exact_ok=1200 exact_margin_max=0.75894822832 exact_scan_mean_s=0.041 exact_bisect_mean_s=0.002 exact_polish_mean_s=0.111 exact_final_mean_s=0.025 exact_margin_abs_b_max=nan cache_hits=0 cache_misses=0 cache_waits=0
71 	2500 	550.846	678.769    	974.934    	146.39 	25 	72.784 	148	23.0927
Best individuals of this generation:
sub(mul(sub(sin(aq(exp(x2), mul(a, add(x2, x2)))), x2), a), add(x2, add(sub(exp(add(add(x2, x2), sin(a))), sub(mul(add(sub(x2, sub(sin(x4), add(sub(add(sub(x2, sub(x4, x3)), x3), sub(sin(x4), x3)), x4))), x4), sub(add(sub(x2, sub(sin(x4), x3)), x4), sub(x4, x3))), a)), aq(sub(sin(mul(x3, x2)), sub(mul(add(sub(x2, sub(add(sub(x2, sub(x4, x2)), x3), sub(sin(x4), x3))), x4), mul(x2, sub(sin(x4), x3))), a)), add(x1, x2)))))
GPU5 stages: candidates=2500 pre_s=21.381 cheap_candidates=1883 cheap_unique=1883 cheap_s=18.520/40.000 cheap_rejected=344 cheap_a_min=-0.15039039027 cheap_a_p50=0.000308839018128 cheap_a_p95=1.45415963035 cheap_a_max=710.120271239 exact_a_gate=0.15 exact_provisional_penalty=6653.44656903 exact_candidates=1539 exact_unique=1539 full_exact_enabled=1 exact_capacity=1200 exact_waves=134 exact_scheduled=1200 exact_deferred=339 exact_wave=1200/1200 exact_queue_depth=0 exact_pending_instances=339 exact_s=153.485 exact_ok=1200 exact_margin_max=0.273814409611 exact_scan_mean_s=0.041 exact_bisect_mean_s=0.003 exact_polish_mean_s=0.118 exact_final_mean_s=0.032 exact_margin_abs_b_max=nan cache_hits=0 cache_misses=0 cache_waits=0
72 	2500 	550.846	677.42     	974.859    	146.605	23 	71.9372	148	23.5797
Best individuals of this generation:
sub(mul(sub(sin(aq(exp(x2), mul(a, add(x2, x2)))), x2), a), add(x2, add(sub(exp(add(add(x2, x2), sin(a))), sub(mul(add(sub(x2, sub(sin(x4), add(sub(add(sub(x2, sub(x4, x3)), x3), sub(sin(x4), x3)), x4))), x4), sub(add(sub(x2, sub(sin(x4), x3)), x4), sub(x4, x3))), a)), aq(sub(sin(mul(x3, x2)), sub(mul(add(sub(x2, sub(add(sub(x2, sub(x4, x2)), x3), sub(sin(x4), x3))), x4), mul(x2, sub(sin(x4), x3))), a)), add(x1, x2)))))
GPU5 stages: candidates=2500 pre_s=21.612 cheap_candidates=1872 cheap_unique=1872 cheap_s=19.111/40.000 cheap_rejected=331 cheap_a_min=-1.39933651072 cheap_a_p50=0.000504164291275 cheap_a_p95=1.51879087893 cheap_a_max=467.422445926 exact_a_gate=0.15 exact_provisional_penalty=3928.17976309 exact_candidates=1541 exact_unique=1541 full_exact_enabled=1 exact_capacity=1200 exact_waves=134 exact_scheduled=1200 exact_deferred=341 exact_wave=1200/1200 exact_queue_depth=0 exact_pending_instances=341 exact_s=158.342 exact_ok=1200 exact_margin_max=2.39777533823 exact_scan_mean_s=0.039 exact_bisect_mean_s=0.004 exact_polish_mean_s=0.119 exact_final_mean_s=0.033 exact_margin_abs_b_max=nan cache_hits=0 cache_misses=0 cache_waits=0
73 	2500 	550.846	676.339    	974.796    	146.742	23 	71.216 	148	24.0578
Best individuals of this generation:
sub(mul(sub(sin(aq(exp(x2), mul(a, add(x2, x2)))), x2), a), add(x2, add(sub(exp(add(add(x2, x2), sin(a))), sub(mul(add(sub(x2, sub(sin(x4), add(sub(add(sub(x2, sub(x4, x3)), x3), sub(sin(x4), x3)), x4))), x4), sub(add(sub(x2, sub(sin(x4), x3)), x4), sub(x4, x3))), a)), aq(sub(sin(mul(x3, x2)), sub(mul(add(sub(x2, sub(add(sub(x2, sub(x4, x2)), x3), sub(sin(x4), x3))), x4), mul(x2, sub(sin(x4), x3))), a)), add(x1, x2)))))
GPU5 stages: candidates=2500 pre_s=21.309 cheap_candidates=1894 cheap_unique=1894 cheap_s=19.412/40.000 cheap_rejected=365 cheap_a_min=-0.459583504963 cheap_a_p50=0.000760433046455 cheap_a_p95=1.10095362168 cheap_a_max=9111.06412177 exact_a_gate=0.15 exact_provisional_penalty=3928.17976309 exact_candidates=1529 exact_unique=1529 full_exact_enabled=1 exact_capacity=1200 exact_waves=134 exact_scheduled=1200 exact_deferred=329 exact_wave=1200/1200 exact_queue_depth=0 exact_pending_instances=329 exact_s=156.547 exact_ok=1200 exact_margin_max=0.586126279676 exact_scan_mean_s=0.039 exact_bisect_mean_s=0.003 exact_polish_mean_s=0.113 exact_final_mean_s=0.036 exact_margin_abs_b_max=nan cache_hits=0 cache_misses=0 cache_waits=0
74 	2500 	550.846	675.54     	969.062    	146.934	23 	70.8352	148	23.8407
Best individuals of this generation:
sub(mul(sub(sin(aq(exp(x2), mul(a, add(x2, x2)))), x2), a), add(x2, add(sub(exp(add(add(x2, x2), sin(a))), sub(mul(add(sub(x2, sub(sin(x4), add(sub(add(sub(x2, sub(x4, x3)), x3), sub(sin(x4), x3)), x4))), x4), sub(add(sub(x2, sub(sin(x4), x3)), x4), sub(x4, x3))), a)), aq(sub(sin(mul(x3, x2)), sub(mul(add(sub(x2, sub(add(sub(x2, sub(x4, x2)), x3), sub(sin(x4), x3))), x4), mul(x2, sub(sin(x4), x3))), a)), add(x1, x2)))))
GPU5 stages: candidates=2500 pre_s=21.295 cheap_candidates=1839 cheap_unique=1839 cheap_s=17.802/40.000 cheap_rejected=333 cheap_a_min=-0.491810917324 cheap_a_p50=0.000115713984369 cheap_a_p95=1.35688939759 cheap_a_max=338.130194911 exact_a_gate=0.15 exact_provisional_penalty=3928.17976309 exact_candidates=1506 exact_unique=1506 full_exact_enabled=1 exact_capacity=1200 exact_waves=134 exact_scheduled=1200 exact_deferred=304 exact_wave=1200/1200 exact_queue_depth=0 exact_pending_instances=304 exact_s=157.761 exact_ok=1200 exact_margin_max=0.796098106067 exact_scan_mean_s=0.042 exact_bisect_mean_s=0.008 exact_polish_mean_s=0.117 exact_final_mean_s=0.034 exact_margin_abs_b_max=0.000364 cache_hits=0 cache_misses=0 cache_waits=0
75 	2500 	550.846	675.21     	969.007    	147.106	23 	69.88  	136	23.7141
Best individuals of this generation:
sub(mul(sub(sin(aq(exp(x2), mul(a, add(x2, x2)))), x2), a), add(x2, add(sub(exp(add(add(x2, x2), sin(a))), sub(mul(add(sub(x2, sub(sin(x4), add(sub(add(sub(x2, sub(x4, x3)), x3), sub(sin(x4), x3)), x4))), x4), sub(add(sub(x2, sub(sin(x4), x3)), x4), sub(x4, x3))), a)), aq(sub(sin(mul(x3, x2)), sub(mul(add(sub(x2, sub(add(sub(x2, sub(x4, x2)), x3), sub(sin(x4), x3))), x4), mul(x2, sub(sin(x4), x3))), a)), add(x1, x2)))))
GPU5 stages: candidates=2500 pre_s=21.333 cheap_candidates=1869 cheap_unique=1869 cheap_s=17.641/40.000 cheap_rejected=381 cheap_a_min=-0.108716839889 cheap_a_p50=0.000138659669324 cheap_a_p95=1.73005567909 cheap_a_max=756.548479038 exact_a_gate=0.15 exact_provisional_penalty=3928.17976309 exact_candidates=1488 exact_unique=1488 full_exact_enabled=1 exact_capacity=1200 exact_waves=134 exact_scheduled=1200 exact_deferred=288 exact_wave=1200/1200 exact_queue_depth=0 exact_pending_instances=288 exact_s=158.446 exact_ok=1200 exact_margin_max=1.18200998727 exact_scan_mean_s=0.041 exact_bisect_mean_s=0.003 exact_polish_mean_s=0.121 exact_final_mean_s=0.034 exact_margin_abs_b_max=nan cache_hits=0 cache_misses=0 cache_waits=0
76 	2500 	550.846	674.933    	968.977    	147.256	24 	69.1744	136	23.457 
Best individuals of this generation:
sub(mul(sub(sin(aq(exp(x2), mul(a, add(x2, x2)))), x2), a), add(x2, add(sub(exp(add(add(x2, x2), sin(a))), sub(mul(add(sub(x2, sub(sin(x4), add(sub(add(sub(x2, sub(x4, x3)), x3), sub(sin(x4), x3)), x4))), x4), sub(add(sub(x2, sub(sin(x4), x3)), x4), sub(x4, x3))), a)), aq(sub(sin(mul(x3, x2)), sub(mul(add(sub(x2, sub(add(sub(x2, sub(x4, x2)), x3), sub(sin(x4), x3))), x4), mul(x2, sub(sin(x4), x3))), a)), add(x1, x2)))))
GPU5 stages: candidates=2500 pre_s=21.430 cheap_candidates=1888 cheap_unique=1888 cheap_s=18.149/40.000 cheap_rejected=364 cheap_a_min=-0.0965131000818 cheap_a_p50=0.000352187735166 cheap_a_p95=1.34674421724 cheap_a_max=2900.20546419 exact_a_gate=0.15 exact_provisional_penalty=9827.3284722 exact_candidates=1524 exact_unique=1524 full_exact_enabled=1 exact_capacity=1200 exact_waves=134 exact_scheduled=1200 exact_deferred=324 exact_wave=1200/1200 exact_queue_depth=0 exact_pending_instances=324 exact_s=158.673 exact_ok=1200 exact_margin_max=1.21374761224 exact_scan_mean_s=0.039 exact_bisect_mean_s=0.003 exact_polish_mean_s=0.114 exact_final_mean_s=0.031 exact_margin_abs_b_max=nan cache_hits=0 cache_misses=0 cache_waits=0
77 	2500 	550.846	674.542    	968.963    	147.479	24 	68.552 	136	23.166 
Best individuals of this generation:
sub(mul(sub(sin(aq(exp(x2), mul(a, add(x2, x2)))), x2), a), add(x2, add(sub(exp(add(add(x2, x2), sin(a))), sub(mul(add(sub(x2, sub(sin(x4), add(sub(add(sub(x2, sub(x4, x3)), x3), sub(sin(x4), x3)), x4))), x4), sub(add(sub(x2, sub(sin(x4), x3)), x4), sub(x4, x3))), a)), aq(sub(sin(mul(x3, x2)), sub(mul(add(sub(x2, sub(add(sub(x2, sub(x4, x2)), x3), sub(sin(x4), x3))), x4), mul(x2, sub(sin(x4), x3))), a)), add(x1, x2)))))
GPU5 stages: candidates=2500 pre_s=21.259 cheap_candidates=1839 cheap_unique=1839 cheap_s=16.771/40.000 cheap_rejected=345 cheap_a_min=-0.162762710662 cheap_a_p50=1.23906907879e-07 cheap_a_p95=1.43866809188 cheap_a_max=3035.99153212 exact_a_gate=0.15 exact_provisional_penalty=3928.17976309 exact_candidates=1494 exact_unique=1494 full_exact_enabled=1 exact_capacity=1200 exact_waves=134 exact_scheduled=1200 exact_deferred=293 exact_wave=1200/1200 exact_queue_depth=0 exact_pending_instances=293 exact_s=161.674 exact_ok=1200 exact_margin_max=1.53099600379 exact_scan_mean_s=0.038 exact_bisect_mean_s=0.004 exact_polish_mean_s=0.111 exact_final_mean_s=0.030 exact_margin_abs_b_max=nan cache_hits=0 cache_misses=0 cache_waits=0
78 	2500 	550.846	674.137    	968.955    	147.707	24 	68.0124	136	23.1938
Best individuals of this generation:
sub(mul(sub(sin(aq(exp(x2), mul(a, add(x2, x2)))), x2), a), add(x2, add(sub(exp(add(add(x2, x2), sin(a))), sub(mul(add(sub(x2, sub(sin(x4), add(sub(add(sub(x2, sub(x4, x3)), x3), sub(sin(x4), x3)), x4))), x4), sub(add(sub(x2, sub(sin(x4), x3)), x4), sub(x4, x3))), a)), aq(sub(sin(mul(x3, x2)), sub(mul(add(sub(x2, sub(add(sub(x2, sub(x4, x2)), x3), sub(sin(x4), x3))), x4), mul(x2, sub(sin(x4), x3))), a)), add(x1, x2)))))
GPU5 stages: candidates=2500 pre_s=21.264 cheap_candidates=1841 cheap_unique=1841 cheap_s=16.832/40.000 cheap_rejected=362 cheap_a_min=-0.249074029427 cheap_a_p50=3.42347005671e-05 cheap_a_p95=1.37480333863 cheap_a_max=1224.94748595 exact_a_gate=0.15 exact_provisional_penalty=3928.17976309 exact_candidates=1479 exact_unique=1479 full_exact_enabled=1 exact_capacity=1200 exact_waves=134 exact_scheduled=1200 exact_deferred=279 exact_wave=1200/1200 exact_queue_depth=0 exact_pending_instances=279 exact_s=154.966 exact_ok=1200 exact_margin_max=0.835677541124 exact_scan_mean_s=0.039 exact_bisect_mean_s=0.003 exact_polish_mean_s=0.108 exact_final_mean_s=0.023 exact_margin_abs_b_max=nan cache_hits=0 cache_misses=0 cache_waits=0
79 	2500 	550.846	673.449    	968.939    	148.11 	25 	67.5452	136	23.1646
Best individuals of this generation:
sub(mul(sub(sin(aq(exp(x2), mul(a, add(x2, x2)))), x2), a), add(x2, add(sub(exp(add(add(x2, x2), sin(a))), sub(mul(add(sub(x2, sub(sin(x4), add(sub(add(sub(x2, sub(x4, x3)), x3), sub(sin(x4), x3)), x4))), x4), sub(add(sub(x2, sub(sin(x4), x3)), x4), sub(x4, x3))), a)), aq(sub(sin(mul(x3, x2)), sub(mul(add(sub(x2, sub(add(sub(x2, sub(x4, x2)), x3), sub(sin(x4), x3))), x4), mul(x2, sub(sin(x4), x3))), a)), add(x1, x2)))))
GPU5 stages: candidates=2500 pre_s=21.314 cheap_candidates=1828 cheap_unique=1828 cheap_s=16.719/40.000 cheap_rejected=343 cheap_a_min=-0.0468076637434 cheap_a_p50=1.17860188935e-05 cheap_a_p95=1.74094130601 cheap_a_max=7356.75388385 exact_a_gate=0.15 exact_provisional_penalty=4540.81038169 exact_candidates=1485 exact_unique=1485 full_exact_enabled=1 exact_capacity=1200 exact_waves=134 exact_scheduled=1200 exact_deferred=285 exact_wave=1200/1200 exact_queue_depth=0 exact_pending_instances=285 exact_s=152.976 exact_ok=1200 exact_margin_max=1.40595902201 exact_scan_mean_s=0.039 exact_bisect_mean_s=0.003 exact_polish_mean_s=0.109 exact_final_mean_s=0.023 exact_margin_abs_b_max=nan cache_hits=0 cache_misses=0 cache_waits=0
80 	2500 	550.846	672.797    	968.927    	148.488	25 	67.1496	136	23.0898
Best individuals of this generation:
sub(mul(sub(sin(aq(exp(x2), mul(a, add(x2, x2)))), x2), a), add(x2, add(sub(exp(add(add(x2, x2), sin(a))), sub(mul(add(sub(x2, sub(sin(x4), add(sub(add(sub(x2, sub(x4, x3)), x3), sub(sin(x4), x3)), x4))), x4), sub(add(sub(x2, sub(sin(x4), x3)), x4), sub(x4, x3))), a)), aq(sub(sin(mul(x3, x2)), sub(mul(add(sub(x2, sub(add(sub(x2, sub(x4, x2)), x3), sub(sin(x4), x3))), x4), mul(x2, sub(sin(x4), x3))), a)), add(x1, x2)))))
GPU5 stages: candidates=2500 pre_s=21.044 cheap_candidates=1784 cheap_unique=1784 cheap_s=15.958/40.000 cheap_rejected=364 cheap_a_min=-0.316650615909 cheap_a_p50=3.0278335685e-06 cheap_a_p95=1.71675117662 cheap_a_max=1236.55565577 exact_a_gate=0.15 exact_provisional_penalty=6165.06956143 exact_candidates=1420 exact_unique=1420 full_exact_enabled=1 exact_capacity=1200 exact_waves=134 exact_scheduled=1200 exact_deferred=220 exact_wave=1200/1200 exact_queue_depth=0 exact_pending_instances=220 exact_s=157.662 exact_ok=1200 exact_margin_max=1.50602258746e+45 exact_scan_mean_s=0.040 exact_bisect_mean_s=0.007 exact_polish_mean_s=0.111 exact_final_mean_s=0.024 exact_margin_abs_b_max=6.22e+44 cache_hits=0 cache_misses=0 cache_waits=0
81 	2500 	550.846	671.73     	968.914    	149.106	25 	66.47  	136	22.8989
Best individuals of this generation:
sub(mul(sub(sin(aq(exp(x2), mul(a, add(x2, x2)))), x2), a), add(x2, add(sub(exp(add(add(x2, x2), sin(a))), sub(mul(add(sub(x2, sub(sin(x4), add(sub(add(sub(x2, sub(x4, x3)), x3), sub(sin(x4), x3)), x4))), x4), sub(add(sub(x2, sub(sin(x4), x3)), x4), sub(x4, x3))), a)), aq(sub(sin(mul(x3, x2)), sub(mul(add(sub(x2, sub(add(sub(x2, sub(x4, x2)), x3), sub(sin(x4), x3))), x4), mul(x2, sub(sin(x4), x3))), a)), add(x1, x2)))))
GPU5 stages: candidates=2500 pre_s=21.029 cheap_candidates=1834 cheap_unique=1834 cheap_s=16.641/40.000 cheap_rejected=350 cheap_a_min=-0.347169194143 cheap_a_p50=3.1255604415e-05 cheap_a_p95=2.09013189271 cheap_a_max=1270.97493577 exact_a_gate=0.15 exact_provisional_penalty=12624.7604609 exact_candidates=1484 exact_unique=1484 full_exact_enabled=1 exact_capacity=1200 exact_waves=134 exact_scheduled=1200 exact_deferred=284 exact_wave=1200/1200 exact_queue_depth=0 exact_pending_instances=284 exact_s=155.783 exact_ok=1200 exact_margin_max=0.225934363241 exact_scan_mean_s=0.039 exact_bisect_mean_s=0.001 exact_polish_mean_s=0.110 exact_final_mean_s=0.025 exact_margin_abs_b_max=nan cache_hits=0 cache_misses=0 cache_waits=0
82 	2500 	550.245	670.535    	968.904    	149.792	26 	65.8416	136	22.7989
Best individuals of this generation:
sub(mul(sub(sin(aq(exp(x2), mul(a, add(x2, x2)))), x2), a), add(x2, add(sub(exp(add(add(x2, x2), x2)), sub(mul(add(sub(x2, sub(sin(x4), add(sub(add(sub(x2, sub(x4, x3)), x3), sub(sin(x4), x3)), x4))), x4), sub(add(sub(x2, sub(sin(x4), x3)), x4), sub(x4, x3))), a)), aq(sub(a, sub(mul(sub(x4, add(sub(add(sub(x2, sub(x4, x3)), x3), sub(x4, x3)), x4)), mul(x2, mul(x3, x2))), a)), add(x1, x2)))))
GPU5 stages: candidates=2500 pre_s=21.055 cheap_candidates=1792 cheap_unique=1792 cheap_s=16.489/40.000 cheap_rejected=384 cheap_a_min=-0.0918136820027 cheap_a_p50=9.57236763598e-06 cheap_a_p95=1.79638691279 cheap_a_max=478.978381059 exact_a_gate=0.15 exact_provisional_penalty=3928.17976309 exact_candidates=1408 exact_unique=1408 full_exact_enabled=1 exact_capacity=1200 exact_waves=134 exact_scheduled=1200 exact_deferred=208 exact_wave=1200/1200 exact_queue_depth=0 exact_pending_instances=208 exact_s=156.520 exact_ok=1200 exact_margin_max=3.16384909904 exact_scan_mean_s=0.039 exact_bisect_mean_s=0.002 exact_polish_mean_s=0.110 exact_final_mean_s=0.029 exact_margin_abs_b_max=nan cache_hits=0 cache_misses=0 cache_waits=0
83 	2500 	550.245	669.165    	968.891    	150.565	24 	65.3196	136	22.7028
Best individuals of this generation:
sub(mul(sub(sin(aq(exp(x2), mul(a, add(x2, x2)))), x2), a), add(x2, add(sub(exp(add(add(x2, x2), x2)), sub(mul(add(sub(x2, sub(sin(x4), add(sub(add(sub(x2, sub(x4, x3)), x3), sub(sin(x4), x3)), x4))), x4), sub(add(sub(x2, sub(sin(x4), x3)), x4), sub(x4, x3))), a)), aq(sub(a, sub(mul(sub(x4, add(sub(add(sub(x2, sub(x4, x3)), x3), sub(x4, x3)), x4)), mul(x2, mul(x3, x2))), a)), add(x1, x2)))))
GPU5 stages: candidates=2500 pre_s=21.066 cheap_candidates=1752 cheap_unique=1752 cheap_s=15.668/40.000 cheap_rejected=387 cheap_a_min=-0.656077530112 cheap_a_p50=1.13772516637e-05 cheap_a_p95=1.87183829469 cheap_a_max=2078.33712267 exact_a_gate=0.15 exact_provisional_penalty=3928.17976309 exact_candidates=1365 exact_unique=1365 full_exact_enabled=1 exact_capacity=1200 exact_waves=134 exact_scheduled=1200 exact_deferred=165 exact_wave=1200/1200 exact_queue_depth=0 exact_pending_instances=165 exact_s=158.076 exact_ok=1200 exact_margin_max=5.40717016052e+27 exact_scan_mean_s=0.041 exact_bisect_mean_s=0.006 exact_polish_mean_s=0.113 exact_final_mean_s=0.032 exact_margin_abs_b_max=2.25e+27 cache_hits=0 cache_misses=0 cache_waits=0
84 	2500 	550.245	667.581    	968.887    	151.448	24 	65.0204	136	22.5196
Best individuals of this generation:
sub(mul(sub(sin(aq(exp(x2), mul(a, add(x2, x2)))), x2), a), add(x2, add(sub(exp(add(add(x2, x2), x2)), sub(mul(add(sub(x2, sub(sin(x4), add(sub(add(sub(x2, sub(x4, x3)), x3), sub(sin(x4), x3)), x4))), x4), sub(add(sub(x2, sub(sin(x4), x3)), x4), sub(x4, x3))), a)), aq(sub(a, sub(mul(sub(x4, add(sub(add(sub(x2, sub(x4, x3)), x3), sub(x4, x3)), x4)), mul(x2, mul(x3, x2))), a)), add(x1, x2)))))
GPU5 stages: candidates=2500 pre_s=20.944 cheap_candidates=1809 cheap_unique=1809 cheap_s=15.455/40.000 cheap_rejected=381 cheap_a_min=-3.44590227508 cheap_a_p50=-9.99559422353e-08 cheap_a_p95=1.82176719344 cheap_a_max=12899.5419467 exact_a_gate=0.15 exact_provisional_penalty=3928.17976309 exact_candidates=1428 exact_unique=1428 full_exact_enabled=1 exact_capacity=1200 exact_waves=134 exact_scheduled=1200 exact_deferred=228 exact_wave=1200/1200 exact_queue_depth=0 exact_pending_instances=228 exact_s=160.814 exact_ok=1200 exact_margin_max=1.08671035496 exact_scan_mean_s=0.041 exact_bisect_mean_s=0.002 exact_polish_mean_s=0.112 exact_final_mean_s=0.035 exact_margin_abs_b_max=nan cache_hits=0 cache_misses=0 cache_waits=0
85 	2500 	550.245	666.248    	968.876    	152.229	24 	64.6952	136	22.5876
Best individuals of this generation:
sub(mul(sub(sin(aq(exp(x2), mul(a, add(x2, x2)))), x2), a), add(x2, add(sub(exp(add(add(x2, x2), x2)), sub(mul(add(sub(x2, sub(sin(x4), add(sub(add(sub(x2, sub(x4, x3)), x3), sub(sin(x4), x3)), x4))), x4), sub(add(sub(x2, sub(sin(x4), x3)), x4), sub(x4, x3))), a)), aq(sub(a, sub(mul(sub(x4, add(sub(add(sub(x2, sub(x4, x3)), x3), sub(x4, x3)), x4)), mul(x2, mul(x3, x2))), a)), add(x1, x2)))))
GPU5 stages: candidates=2500 pre_s=21.217 cheap_candidates=1814 cheap_unique=1814 cheap_s=14.928/40.000 cheap_rejected=364 cheap_a_min=-0.062288396716 cheap_a_p50=-1.65126578959e-07 cheap_a_p95=1.67849270945 cheap_a_max=1472.29772982 exact_a_gate=0.15 exact_provisional_penalty=3928.17976309 exact_candidates=1450 exact_unique=1450 full_exact_enabled=1 exact_capacity=1200 exact_waves=134 exact_scheduled=1200 exact_deferred=250 exact_wave=1200/1200 exact_queue_depth=0 exact_pending_instances=250 exact_s=159.376 exact_ok=1200 exact_margin_max=2.57782374648 exact_scan_mean_s=0.039 exact_bisect_mean_s=0.001 exact_polish_mean_s=0.115 exact_final_mean_s=0.025 exact_margin_abs_b_max=nan cache_hits=0 cache_misses=0 cache_waits=0
86 	2500 	550.245	665.476    	968.865    	152.716	24 	64.7888	136	22.6807
Best individuals of this generation:
sub(mul(sub(sin(aq(exp(x2), mul(a, add(x2, x2)))), x2), a), add(x2, add(sub(exp(add(add(x2, x2), x2)), sub(mul(add(sub(x2, sub(sin(x4), add(sub(add(sub(x2, sub(x4, x3)), x3), sub(sin(x4), x3)), x4))), x4), sub(add(sub(x2, sub(sin(x4), x3)), x4), sub(x4, x3))), a)), aq(sub(a, sub(mul(sub(x4, add(sub(add(sub(x2, sub(x4, x3)), x3), sub(x4, x3)), x4)), mul(x2, mul(x3, x2))), a)), add(x1, x2)))))
GPU5 stages: candidates=2500 pre_s=20.968 cheap_candidates=1779 cheap_unique=1779 cheap_s=15.340/40.000 cheap_rejected=332 cheap_a_min=-0.320780336353 cheap_a_p50=-1.04155141878e-07 cheap_a_p95=2.13094522734 cheap_a_max=2053.84722482 exact_a_gate=0.15 exact_provisional_penalty=3928.17976309 exact_candidates=1447 exact_unique=1447 full_exact_enabled=1 exact_capacity=1200 exact_waves=134 exact_scheduled=1200 exact_deferred=247 exact_wave=1200/1200 exact_queue_depth=0 exact_pending_instances=247 exact_s=152.755 exact_ok=1200 exact_margin_max=6.39328173869 exact_scan_mean_s=0.040 exact_bisect_mean_s=0.001 exact_polish_mean_s=0.107 exact_final_mean_s=0.018 exact_margin_abs_b_max=nan cache_hits=0 cache_misses=0 cache_waits=0
87 	2500 	543.058	665.08     	968.857    	152.962	24 	64.6056	136	22.6755
Best individuals of this generation:
sub(mul(sub(sin(aq(exp(x2), mul(a, add(x2, x2)))), sin(x2)), a), add(x2, add(sub(exp(add(add(x2, x2), x2)), sub(mul(add(sub(x2, sub(sin(x4), add(sub(add(sub(x2, sub(x4, x3)), x3), sub(sin(x4), add(sub(add(sub(x2, sub(x4, x3)), x3), sub(sin(x4), x3)), x4))), x4))), x4), sub(add(sub(x2, sub(sin(x4), x3)), x4), sub(x4, x3))), a)), aq(sub(sin(mul(x3, x2)), sub(sin(mul(x3, x2)), a)), add(x2, x1)))))
GPU5 stages: candidates=2500 pre_s=21.145 cheap_candidates=1793 cheap_unique=1793 cheap_s=14.079/40.000 cheap_rejected=331 cheap_a_min=-1.49976825887 cheap_a_p50=-2.5432179338e-07 cheap_a_p95=1.85695524212 cheap_a_max=313.830211196 exact_a_gate=0.15 exact_provisional_penalty=3928.17976309 exact_candidates=1462 exact_unique=1462 full_exact_enabled=1 exact_capacity=1200 exact_waves=134 exact_scheduled=1200 exact_deferred=262 exact_wave=1200/1200 exact_queue_depth=0 exact_pending_instances=262 exact_s=152.801 exact_ok=1200 exact_margin_max=0.537326108135 exact_scan_mean_s=0.041 exact_bisect_mean_s=0.001 exact_polish_mean_s=0.109 exact_final_mean_s=0.019 exact_margin_abs_b_max=nan cache_hits=0 cache_misses=0 cache_waits=0
88 	2500 	543.058	664.67     	968.843    	153.213	24 	64.344 	136	22.6542
Best individuals of this generation:
sub(mul(sub(sin(aq(exp(x2), mul(a, add(x2, x2)))), sin(x2)), a), add(x2, add(sub(exp(add(add(x2, x2), x2)), sub(mul(add(sub(x2, sub(sin(x4), add(sub(add(sub(x2, sub(x4, x3)), x3), sub(sin(x4), add(sub(add(sub(x2, sub(x4, x3)), x3), sub(sin(x4), x3)), x4))), x4))), x4), sub(add(sub(x2, sub(sin(x4), x3)), x4), sub(x4, x3))), a)), aq(sub(sin(mul(x3, x2)), sub(sin(mul(x3, x2)), a)), add(x2, x1)))))
GPU5 stages: candidates=2500 pre_s=21.148 cheap_candidates=1795 cheap_unique=1795 cheap_s=15.942/40.000 cheap_rejected=360 cheap_a_min=-0.518848132021 cheap_a_p50=-2.60270513214e-08 cheap_a_p95=1.78311740391 cheap_a_max=313.882400503 exact_a_gate=0.15 exact_provisional_penalty=3928.17976309 exact_candidates=1435 exact_unique=1435 full_exact_enabled=1 exact_capacity=1200 exact_waves=134 exact_scheduled=1200 exact_deferred=235 exact_wave=1200/1200 exact_queue_depth=0 exact_pending_instances=235 exact_s=157.356 exact_ok=1200 exact_margin_max=5.77617634594 exact_scan_mean_s=0.039 exact_bisect_mean_s=0.002 exact_polish_mean_s=0.111 exact_final_mean_s=0.024 exact_margin_abs_b_max=nan cache_hits=0 cache_misses=0 cache_waits=0
89 	2500 	543.058	664.406    	968.837    	153.374	24 	64.2336	136	22.7682
Best individuals of this generation:
sub(mul(sub(sin(aq(exp(x2), mul(a, add(x2, x2)))), sin(x2)), a), add(x2, add(sub(exp(add(add(x2, x2), x2)), sub(mul(add(sub(x2, sub(sin(x4), add(sub(add(sub(x2, sub(x4, x3)), x3), sub(sin(x4), add(sub(add(sub(x2, sub(x4, x3)), x3), sub(sin(x4), x3)), x4))), x4))), x4), sub(add(sub(x2, sub(sin(x4), x3)), x4), sub(x4, x3))), a)), aq(sub(sin(mul(x3, x2)), sub(sin(mul(x3, x2)), a)), add(x2, x1)))))
GPU5 stages: candidates=2500 pre_s=21.221 cheap_candidates=1776 cheap_unique=1776 cheap_s=14.918/40.000 cheap_rejected=336 cheap_a_min=-1.75646702292 cheap_a_p50=-1.66663352791e-07 cheap_a_p95=2.40567289661 cheap_a_max=3623.89591583 exact_a_gate=0.15 exact_provisional_penalty=3928.17976309 exact_candidates=1440 exact_unique=1440 full_exact_enabled=1 exact_capacity=1200 exact_waves=134 exact_scheduled=1200 exact_deferred=240 exact_wave=1200/1200 exact_queue_depth=0 exact_pending_instances=240 exact_s=162.103 exact_ok=1200 exact_margin_max=88.3826340586 exact_scan_mean_s=0.039 exact_bisect_mean_s=0.001 exact_polish_mean_s=0.112 exact_final_mean_s=0.020 exact_margin_abs_b_max=nan cache_hits=0 cache_misses=0 cache_waits=0
90 	2500 	543.058	664.207    	968.832    	153.489	24 	63.9004	136	23.0066
Best individuals of this generation:
sub(mul(sub(sin(aq(exp(x2), mul(a, add(x2, x2)))), sin(x2)), a), add(x2, add(sub(exp(add(add(x2, x2), x2)), sub(mul(add(sub(x2, sub(sin(x4), add(sub(add(sub(x2, sub(x4, x3)), x3), sub(sin(x4), add(sub(add(sub(x2, sub(x4, x3)), x3), sub(sin(x4), x3)), x4))), x4))), x4), sub(add(sub(x2, sub(sin(x4), x3)), x4), sub(x4, x3))), a)), aq(sub(sin(mul(x3, x2)), sub(sin(mul(x3, x2)), a)), add(x2, x1)))))
GPU5 stages: candidates=2500 pre_s=20.950 cheap_candidates=1772 cheap_unique=1772 cheap_s=15.046/40.000 cheap_rejected=331 cheap_a_min=-2.76028718944 cheap_a_p50=-1.44310620631e-07 cheap_a_p95=1.34595249128 cheap_a_max=1809.35513693 exact_a_gate=0.15 exact_provisional_penalty=3928.17976309 exact_candidates=1441 exact_unique=1441 full_exact_enabled=1 exact_capacity=1200 exact_waves=134 exact_scheduled=1200 exact_deferred=241 exact_wave=1200/1200 exact_queue_depth=0 exact_pending_instances=241 exact_s=158.306 exact_ok=1200 exact_margin_max=5.8453412896 exact_scan_mean_s=0.040 exact_bisect_mean_s=0.002 exact_polish_mean_s=0.112 exact_final_mean_s=0.024 exact_margin_abs_b_max=nan cache_hits=0 cache_misses=0 cache_waits=0
91 	2500 	543.058	664.014    	968.828    	153.6  	24 	63.6004	136	23.2777
Best individuals of this generation:
sub(mul(sub(sin(aq(exp(x2), mul(a, add(x2, x2)))), sin(x2)), a), add(x2, add(sub(exp(add(add(x2, x2), x2)), sub(mul(add(sub(x2, sub(sin(x4), add(sub(add(sub(x2, sub(x4, x3)), x3), sub(sin(x4), add(sub(add(sub(x2, sub(x4, x3)), x3), sub(sin(x4), x3)), x4))), x4))), x4), sub(add(sub(x2, sub(sin(x4), x3)), x4), sub(x4, x3))), a)), aq(sub(sin(mul(x3, x2)), sub(sin(mul(x3, x2)), a)), add(x2, x1)))))
GPU5 stages: candidates=2500 pre_s=21.051 cheap_candidates=1758 cheap_unique=1758 cheap_s=13.832/40.000 cheap_rejected=298 cheap_a_min=-1.35414769845 cheap_a_p50=-2.52722469579e-07 cheap_a_p95=1.49203642059 cheap_a_max=825.496876739 exact_a_gate=0.15 exact_provisional_penalty=3928.17976309 exact_candidates=1460 exact_unique=1460 full_exact_enabled=1 exact_capacity=1200 exact_waves=134 exact_scheduled=1200 exact_deferred=260 exact_wave=1200/1200 exact_queue_depth=0 exact_pending_instances=260 exact_s=156.283 exact_ok=1200 exact_margin_max=0.105723047308 exact_scan_mean_s=0.040 exact_bisect_mean_s=0.001 exact_polish_mean_s=0.109 exact_final_mean_s=0.021 exact_margin_abs_b_max=nan cache_hits=0 cache_misses=0 cache_waits=0
92 	2500 	543.058	663.862    	968.823    	153.684	24 	63.33  	136	23.7393
Best individuals of this generation:
sub(mul(sub(sin(aq(exp(x2), mul(a, add(x2, x2)))), sin(x2)), a), add(x2, add(sub(exp(add(add(x2, x2), x2)), sub(mul(add(sub(x2, sub(sin(x4), add(sub(add(sub(x2, sub(x4, x3)), x3), sub(sin(x4), add(sub(add(sub(x2, sub(x4, x3)), x3), sub(sin(x4), x3)), x4))), x4))), x4), sub(add(sub(x2, sub(sin(x4), x3)), x4), sub(x4, x3))), a)), aq(sub(sin(mul(x3, x2)), sub(sin(mul(x3, x2)), a)), add(x2, x1)))))
GPU5 stages: candidates=2500 pre_s=21.196 cheap_candidates=1762 cheap_unique=1762 cheap_s=14.582/40.000 cheap_rejected=302 cheap_a_min=-2.7798134132 cheap_a_p50=-2.15300957675e-07 cheap_a_p95=1.69160567877 cheap_a_max=1472.5191729 exact_a_gate=0.15 exact_provisional_penalty=3928.17976309 exact_candidates=1460 exact_unique=1460 full_exact_enabled=1 exact_capacity=1200 exact_waves=134 exact_scheduled=1200 exact_deferred=259 exact_wave=1200/1200 exact_queue_depth=0 exact_pending_instances=259 exact_s=158.018 exact_ok=1200 exact_margin_max=3.03804924418 exact_scan_mean_s=0.040 exact_bisect_mean_s=0.001 exact_polish_mean_s=0.119 exact_final_mean_s=0.030 exact_margin_abs_b_max=nan cache_hits=0 cache_misses=0 cache_waits=0
93 	2500 	540.787	663.635    	968.82     	153.81 	24 	63.4224	136	24.363 
Best individuals of this generation:
sub(mul(sub(aq(a, add(x3, add(mul(sin(x2), exp(a)), add(x1, add(x1, mul(add(sin(x1), add(x2, x4)), sin(x4))))))), aq(mul(exp(x2), mul(sin(x2), x3)), a)), aq(sin(a), x1)), mul(aq(x3, add(add(sub(x4, x4), sub(add(sin(x1), x2), add(sub(a, sin(x4)), add(sin(x2), x4)))), sub(add(a, a), x2))), mul(sin(x4), exp(x4))))
GPU5 stages: candidates=2500 pre_s=20.969 cheap_candidates=1743 cheap_unique=1743 cheap_s=13.962/40.000 cheap_rejected=283 cheap_a_min=-2.1738712982 cheap_a_p50=-3.22107468842e-07 cheap_a_p95=1.24157140233 cheap_a_max=349.700070329 exact_a_gate=0.15 exact_provisional_penalty=3928.17976309 exact_candidates=1460 exact_unique=1460 full_exact_enabled=1 exact_capacity=1200 exact_waves=134 exact_scheduled=1200 exact_deferred=260 exact_wave=1200/1200 exact_queue_depth=0 exact_pending_instances=260 exact_s=158.252 exact_ok=1200 exact_margin_max=7.42963407999 exact_scan_mean_s=0.038 exact_bisect_mean_s=0.001 exact_polish_mean_s=0.111 exact_final_mean_s=0.026 exact_margin_abs_b_max=nan cache_hits=0 cache_misses=0 cache_waits=0
94 	2500 	540.787	663.44     	968.815    	153.915	24 	63.4492	136	24.81  
Best individuals of this generation:
sub(mul(sub(aq(a, add(x3, add(mul(sin(x2), exp(a)), add(x1, add(x1, mul(add(sin(x1), add(x2, x4)), sin(x4))))))), aq(mul(exp(x2), mul(sin(x2), x3)), a)), aq(sin(a), x1)), mul(aq(x3, add(add(sub(x4, x4), sub(add(sin(x1), x2), add(sub(a, sin(x4)), add(sin(x2), x4)))), sub(add(a, a), x2))), mul(sin(x4), exp(x4))))
GPU5 stages: candidates=2500 pre_s=23.287 cheap_candidates=1766 cheap_unique=1766 cheap_s=13.624/40.000 cheap_rejected=290 cheap_a_min=-2.8099445927 cheap_a_p50=-4.18687885849e-07 cheap_a_p95=1.2756028323 cheap_a_max=2155.39347043 exact_a_gate=0.15 exact_provisional_penalty=3928.17976309 exact_candidates=1476 exact_unique=1476 full_exact_enabled=1 exact_capacity=1200 exact_waves=134 exact_scheduled=1200 exact_deferred=276 exact_wave=1200/1200 exact_queue_depth=0 exact_pending_instances=276 exact_s=154.422 exact_ok=1200 exact_margin_max=2.82539936196 exact_scan_mean_s=0.039 exact_bisect_mean_s=0.000 exact_polish_mean_s=0.107 exact_final_mean_s=0.014 exact_margin_abs_b_max=nan cache_hits=0 cache_misses=0 cache_waits=0
95 	2500 	540.787	663.261    	968.809    	154.01 	24 	63.8168	136	25.6395
Best individuals of this generation:
sub(mul(sub(aq(a, add(x3, add(mul(sin(x2), exp(a)), add(x1, add(x1, mul(add(sin(x1), add(x2, x4)), sin(x4))))))), aq(mul(exp(x2), mul(sin(x2), x3)), a)), aq(sin(a), x1)), mul(aq(x3, add(add(sub(x4, x4), sub(add(sin(x1), x2), add(sub(a, sin(x4)), add(sin(x2), x4)))), sub(add(a, a), x2))), mul(sin(x4), exp(x4))))
GPU5 stages: candidates=2500 pre_s=21.014 cheap_candidates=1727 cheap_unique=1727 cheap_s=13.140/40.000 cheap_rejected=268 cheap_a_min=-1.67472358979 cheap_a_p50=-5.09884006068e-07 cheap_a_p95=1.41923118646 cheap_a_max=9938.59550055 exact_a_gate=0.15 exact_provisional_penalty=3928.17976309 exact_candidates=1459 exact_unique=1459 full_exact_enabled=1 exact_capacity=1200 exact_waves=134 exact_scheduled=1200 exact_deferred=259 exact_wave=1200/1200 exact_queue_depth=0 exact_pending_instances=259 exact_s=159.484 exact_ok=1200 exact_margin_max=3.64012620546 exact_scan_mean_s=0.039 exact_bisect_mean_s=0.001 exact_polish_mean_s=0.112 exact_final_mean_s=0.021 exact_margin_abs_b_max=nan cache_hits=0 cache_misses=0 cache_waits=0
96 	2500 	538.977	663.005    	968.807    	154.145	24 	64.4748	136	26.5491
Best individuals of this generation:
sub(mul(sub(aq(a, add(x3, add(mul(sin(x2), exp(a)), add(x1, add(x1, mul(add(sin(x1), add(x2, x4)), sin(x4))))))), aq(mul(add(sin(x1), add(x2, mul(x4, exp(x4)))), mul(sin(x2), x3)), a)), aq(sin(a), x1)), mul(aq(x3, add(add(sub(x4, x4), sub(add(sin(x1), x2), add(sub(a, sin(x4)), add(x2, x4)))), sub(add(a, a), x2))), mul(sin(x4), exp(x4))))
GPU5 stages: candidates=2500 pre_s=21.263 cheap_candidates=1723 cheap_unique=1723 cheap_s=13.497/40.000 cheap_rejected=268 cheap_a_min=-1.72802194674 cheap_a_p50=-4.21858259419e-07 cheap_a_p95=1.24443837542 cheap_a_max=6942.92637041 exact_a_gate=0.15 exact_provisional_penalty=3928.17976309 exact_candidates=1455 exact_unique=1455 full_exact_enabled=1 exact_capacity=1200 exact_waves=134 exact_scheduled=1200 exact_deferred=255 exact_wave=1200/1200 exact_queue_depth=0 exact_pending_instances=255 exact_s=161.522 exact_ok=1200 exact_margin_max=0.813244101483 exact_scan_mean_s=0.040 exact_bisect_mean_s=0.001 exact_polish_mean_s=0.107 exact_final_mean_s=0.023 exact_margin_abs_b_max=nan cache_hits=0 cache_misses=0 cache_waits=0
97 	2500 	538.977	662.756    	968.803    	154.274	24 	65.2724	136	27.4508
Best individuals of this generation:
sub(mul(sub(aq(a, add(x3, add(mul(sin(x2), exp(a)), add(x1, add(x1, mul(add(sin(x1), add(x2, x4)), sin(x4))))))), aq(mul(add(sin(x1), add(x2, mul(x4, exp(x4)))), mul(sin(x2), x3)), a)), aq(sin(a), x1)), mul(aq(x3, add(add(sub(x4, x4), sub(add(sin(x1), x2), add(sub(a, sin(x4)), add(x2, x4)))), sub(add(a, a), x2))), mul(sin(x4), exp(x4))))
GPU5 stages: candidates=2500 pre_s=21.130 cheap_candidates=1729 cheap_unique=1729 cheap_s=14.391/40.000 cheap_rejected=307 cheap_a_min=-3.3557667505 cheap_a_p50=-2.97799797668e-07 cheap_a_p95=1.39055700278 cheap_a_max=368.467512888 exact_a_gate=0.15 exact_provisional_penalty=3928.17976309 exact_candidates=1422 exact_unique=1422 full_exact_enabled=1 exact_capacity=1200 exact_waves=134 exact_scheduled=1200 exact_deferred=222 exact_wave=1200/1200 exact_queue_depth=0 exact_pending_instances=222 exact_s=155.986 exact_ok=1200 exact_margin_max=0.383879852934 exact_scan_mean_s=0.039 exact_bisect_mean_s=0.001 exact_polish_mean_s=0.107 exact_final_mean_s=0.016 exact_margin_abs_b_max=nan cache_hits=0 cache_misses=0 cache_waits=0
98 	2500 	538.977	662.525    	968.798    	154.394	24 	65.1492	166	27.7818
Best individuals of this generation:
sub(mul(sub(aq(a, add(x3, add(mul(sin(x2), exp(a)), add(x1, add(x1, mul(add(sin(x1), add(x2, x4)), sin(x4))))))), aq(mul(add(sin(x1), add(x2, mul(x4, exp(x4)))), mul(sin(x2), x3)), a)), aq(sin(a), x1)), mul(aq(x3, add(add(sub(x4, x4), sub(add(sin(x1), x2), add(sub(a, sin(x4)), add(x2, x4)))), sub(add(a, a), x2))), mul(sin(x4), exp(x4))))
GPU5 stages: candidates=2500 pre_s=21.127 cheap_candidates=1716 cheap_unique=1715 cheap_s=13.598/40.000 cheap_rejected=242 cheap_a_min=-2.34260468041 cheap_a_p50=-4.56710969244e-07 cheap_a_p95=1.2792470865 cheap_a_max=368.168796979 exact_a_gate=0.15 exact_provisional_penalty=3928.17976309 exact_candidates=1474 exact_unique=1473 full_exact_enabled=1 exact_capacity=1200 exact_waves=134 exact_scheduled=1200 exact_deferred=273 exact_wave=1200/1200 exact_queue_depth=0 exact_pending_instances=273 exact_s=158.224 exact_ok=1200 exact_margin_max=0.292596784456 exact_scan_mean_s=0.040 exact_bisect_mean_s=0.001 exact_polish_mean_s=0.113 exact_final_mean_s=0.029 exact_margin_abs_b_max=nan cache_hits=0 cache_misses=0 cache_waits=0
99 	2500 	538.977	662.249    	968.793    	154.544	24 	65.2612	166	28.2367
Best individuals of this generation:
sub(mul(sub(aq(a, add(x3, add(mul(sin(x2), exp(a)), add(x1, add(x1, mul(add(sin(x1), add(x2, x4)), sin(x4))))))), aq(mul(add(sin(x1), add(x2, mul(x4, exp(x4)))), mul(sin(x2), x3)), a)), aq(sin(a), x1)), mul(aq(x3, add(add(sub(x4, x4), sub(add(sin(x1), x2), add(sub(a, sin(x4)), add(x2, x4)))), sub(add(a, a), x2))), mul(sin(x4), exp(x4))))
GPU5 stages: candidates=2500 pre_s=21.107 cheap_candidates=1728 cheap_unique=1728 cheap_s=13.779/40.000 cheap_rejected=270 cheap_a_min=-2.61394998796 cheap_a_p50=-5.12507533274e-07 cheap_a_p95=1.29693196956 cheap_a_max=7019.21134045 exact_a_gate=0.15 exact_provisional_penalty=3928.17976309 exact_candidates=1458 exact_unique=1458 full_exact_enabled=1 exact_capacity=1200 exact_waves=134 exact_scheduled=1200 exact_deferred=258 exact_wave=1200/1200 exact_queue_depth=0 exact_pending_instances=258 exact_s=155.786 exact_ok=1200 exact_margin_max=0.194299751652 exact_scan_mean_s=0.040 exact_bisect_mean_s=0.001 exact_polish_mean_s=0.110 exact_final_mean_s=0.022 exact_margin_abs_b_max=nan cache_hits=0 cache_misses=0 cache_waits=0
100	2500 	538.977	662.001    	968.788    	154.685	24 	65.3456	166	28.5898
Best individuals of this generation:
sub(mul(sub(aq(a, add(x3, add(mul(sin(x2), exp(a)), add(x1, add(x1, mul(add(sin(x1), add(x2, x4)), sin(x4))))))), aq(mul(add(sin(x1), add(x2, mul(x4, exp(x4)))), mul(sin(x2), x3)), a)), aq(sin(a), x1)), mul(aq(x3, add(add(sub(x4, x4), sub(add(sin(x1), x2), add(sub(a, sin(x4)), add(x2, x4)))), sub(add(a, a), x2))), mul(sin(x4), exp(x4))))
GPU5 stages: candidates=2500 pre_s=21.112 cheap_candidates=1731 cheap_unique=1731 cheap_s=13.312/40.000 cheap_rejected=252 cheap_a_min=-3.26862390408 cheap_a_p50=-6.19182648544e-07 cheap_a_p95=1.24887754638 cheap_a_max=83.1477168598 exact_a_gate=0.15 exact_provisional_penalty=5535.7119226 exact_candidates=1479 exact_unique=1479 full_exact_enabled=1 exact_capacity=1200 exact_waves=134 exact_scheduled=1200 exact_deferred=279 exact_wave=1200/1200 exact_queue_depth=0 exact_pending_instances=279 exact_s=157.305 exact_ok=1200 exact_margin_max=32.3948013097 exact_scan_mean_s=0.040 exact_bisect_mean_s=0.000 exact_polish_mean_s=0.113 exact_final_mean_s=0.026 exact_margin_abs_b_max=nan cache_hits=0 cache_misses=0 cache_waits=0
101	2500 	537.562	661.733    	968.784    	154.839	24 	65.2444	166	28.862 
Best individuals of this generation:
sub(mul(sub(aq(a, add(x3, add(mul(sin(x2), exp(a)), add(x1, add(x1, mul(add(sin(x1), add(x2, x4)), sin(x4))))))), aq(mul(add(sin(x1), add(x2, mul(x4, exp(x4)))), mul(sin(x2), x3)), a)), aq(sin(a), x1)), mul(aq(x3, add(add(sub(x4, x4), sub(add(sub(add(a, a), x2), a), add(sub(a, sin(x4)), add(a, a)))), sub(add(a, a), x2))), mul(sin(x4), exp(x4))))
GPU5 stages: candidates=2500 pre_s=20.963 cheap_candidates=1696 cheap_unique=1696 cheap_s=13.618/40.000 cheap_rejected=255 cheap_a_min=-2.05922672921 cheap_a_p50=-4.46392247763e-07 cheap_a_p95=1.07035517933 cheap_a_max=191.566498834 exact_a_gate=0.15 exact_provisional_penalty=3928.17976309 exact_candidates=1441 exact_unique=1441 full_exact_enabled=1 exact_capacity=1200 exact_waves=134 exact_scheduled=1200 exact_deferred=241 exact_wave=1200/1200 exact_queue_depth=0 exact_pending_instances=241 exact_s=157.680 exact_ok=1200 exact_margin_max=8.74632954505 exact_scan_mean_s=0.040 exact_bisect_mean_s=0.001 exact_polish_mean_s=0.115 exact_final_mean_s=0.019 exact_margin_abs_b_max=nan cache_hits=0 cache_misses=0 cache_waits=0
102	2500 	537.562	661.416    	968.782    	155.029	24 	65.1764	143	28.9461
Best individuals of this generation:
sub(mul(sub(aq(a, add(x3, add(mul(sin(x2), exp(a)), add(x1, add(x1, mul(add(sin(x1), add(x2, x4)), sin(x4))))))), aq(mul(add(sin(x1), add(x2, mul(x4, exp(x4)))), mul(sin(x2), x3)), a)), aq(sin(a), x1)), mul(aq(x3, add(add(sub(x4, x4), sub(add(sub(add(a, a), x2), a), add(sub(a, sin(x4)), add(a, a)))), sub(add(a, a), x2))), mul(sin(x4), exp(x4))))
GPU5 stages: candidates=2500 pre_s=21.147 cheap_candidates=1746 cheap_unique=1746 cheap_s=13.113/40.000 cheap_rejected=266 cheap_a_min=-1.61390629335 cheap_a_p50=-7.6456531493e-07 cheap_a_p95=1.16885667366 cheap_a_max=1644.67991757 exact_a_gate=0.15 exact_provisional_penalty=3928.17976309 exact_candidates=1480 exact_unique=1480 full_exact_enabled=1 exact_capacity=1200 exact_waves=134 exact_scheduled=1200 exact_deferred=280 exact_wave=1200/1200 exact_queue_depth=0 exact_pending_instances=280 exact_s=164.848 exact_ok=1200 exact_margin_max=0.224438766757 exact_scan_mean_s=0.040 exact_bisect_mean_s=0.001 exact_polish_mean_s=0.121 exact_final_mean_s=0.026 exact_margin_abs_b_max=nan cache_hits=0 cache_misses=0 cache_waits=0
103	2500 	537.036	661.182    	968.778    	155.171	24 	65.0932	143	29.0458
Best individuals of this generation:
sub(mul(sub(aq(a, add(x3, add(mul(sin(x2), exp(a)), add(x1, add(add(x1, x1), mul(add(sin(x1), add(x2, x4)), sin(x4))))))), aq(mul(add(sin(x1), add(x2, mul(a, exp(x4)))), mul(sin(x2), x3)), a)), aq(sin(a), x1)), mul(aq(x3, add(add(sub(x4, x4), sub(add(sin(x1), x2), add(sub(a, sin(x4)), add(x2, x4)))), sub(add(a, a), x2))), mul(sin(x4), exp(x4))))
GPU5 stages: candidates=2500 pre_s=21.171 cheap_candidates=1746 cheap_unique=1746 cheap_s=13.855/40.000 cheap_rejected=269 cheap_a_min=-2.67824490787 cheap_a_p50=-4.03728338496e-07 cheap_a_p95=1.26643254902 cheap_a_max=125.278870033 exact_a_gate=0.15 exact_provisional_penalty=3928.17976309 exact_candidates=1477 exact_unique=1477 full_exact_enabled=1 exact_capacity=1200 exact_waves=134 exact_scheduled=1200 exact_deferred=277 exact_wave=1200/1200 exact_queue_depth=0 exact_pending_instances=277 exact_s=163.752 exact_ok=1200 exact_margin_max=0.611327674579 exact_scan_mean_s=0.039 exact_bisect_mean_s=0.001 exact_polish_mean_s=0.127 exact_final_mean_s=0.022 exact_margin_abs_b_max=nan cache_hits=0 cache_misses=0 cache_waits=0
104	2500 	537.036	660.91     	968.772    	155.344	24 	65.0456	142	29.1824
Best individuals of this generation:
sub(mul(sub(aq(a, add(x3, add(mul(sin(x2), exp(a)), add(x1, add(add(x1, x1), mul(add(sin(x1), add(x2, x4)), sin(x4))))))), aq(mul(add(sin(x1), add(x2, mul(a, exp(x4)))), mul(sin(x2), x3)), a)), aq(sin(a), x1)), mul(aq(x3, add(add(sub(x4, x4), sub(add(sin(x1), x2), add(sub(a, sin(x4)), add(x2, x4)))), sub(add(a, a), x2))), mul(sin(x4), exp(x4))))
GPU5 stages: candidates=2500 pre_s=21.072 cheap_candidates=1696 cheap_unique=1696 cheap_s=13.140/40.000 cheap_rejected=249 cheap_a_min=-1.54918232754 cheap_a_p50=-4.45350291305e-07 cheap_a_p95=1.10533261671 cheap_a_max=250.750254278 exact_a_gate=0.15 exact_provisional_penalty=4764.70399697 exact_candidates=1447 exact_unique=1447 full_exact_enabled=1 exact_capacity=1200 exact_waves=134 exact_scheduled=1200 exact_deferred=247 exact_wave=1200/1200 exact_queue_depth=0 exact_pending_instances=247 exact_s=161.969 exact_ok=1200 exact_margin_max=0.186922551013 exact_scan_mean_s=0.039 exact_bisect_mean_s=0.001 exact_polish_mean_s=0.128 exact_final_mean_s=0.022 exact_margin_abs_b_max=nan cache_hits=0 cache_misses=0 cache_waits=0
105	2500 	537.036	660.672    	968.769    	155.496	24 	65.0668	138	29.3279
Best individuals of this generation:
sub(mul(sub(aq(a, add(x3, add(mul(sin(x2), exp(a)), add(x1, add(add(x1, x1), mul(add(sin(x1), add(x2, x4)), sin(x4))))))), aq(mul(add(sin(x1), add(x2, mul(a, exp(x4)))), mul(sin(x2), x3)), a)), aq(sin(a), x1)), mul(aq(x3, add(add(sub(x4, x4), sub(add(sin(x1), x2), add(sub(a, sin(x4)), add(x2, x4)))), sub(add(a, a), x2))), mul(sin(x4), exp(x4))))
GPU5 stages: candidates=2500 pre_s=21.102 cheap_candidates=1702 cheap_unique=1702 cheap_s=12.578/40.000 cheap_rejected=242 cheap_a_min=-2.56801411783 cheap_a_p50=-1.71972347371e-06 cheap_a_p95=1.21150717269 cheap_a_max=230.428566249 exact_a_gate=0.15 exact_provisional_penalty=3928.17976309 exact_candidates=1460 exact_unique=1460 full_exact_enabled=1 exact_capacity=1200 exact_waves=134 exact_scheduled=1200 exact_deferred=260 exact_wave=1200/1200 exact_queue_depth=0 exact_pending_instances=260 exact_s=161.583 exact_ok=1200 exact_margin_max=0.410389361966 exact_scan_mean_s=0.040 exact_bisect_mean_s=0.001 exact_polish_mean_s=0.141 exact_final_mean_s=0.023 exact_margin_abs_b_max=nan cache_hits=0 cache_misses=0 cache_waits=0
106	2500 	537.036	660.249    	968.765    	155.775	24 	64.9924	138	29.3116
Best individuals of this generation:
sub(mul(sub(aq(a, add(x3, add(mul(sin(x2), exp(a)), add(x1, add(add(x1, x1), mul(add(sin(x1), add(x2, x4)), sin(x4))))))), aq(mul(add(sin(x1), add(x2, mul(a, exp(x4)))), mul(sin(x2), x3)), a)), aq(sin(a), x1)), mul(aq(x3, add(add(sub(x4, x4), sub(add(sin(x1), x2), add(sub(a, sin(x4)), add(x2, x4)))), sub(add(a, a), x2))), mul(sin(x4), exp(x4))))
GPU5 stages: candidates=2500 pre_s=20.876 cheap_candidates=1737 cheap_unique=1737 cheap_s=13.183/40.000 cheap_rejected=244 cheap_a_min=-2.04564885823 cheap_a_p50=-7.69330313703e-06 cheap_a_p95=1.13140024181 cheap_a_max=4170.34404229 exact_a_gate=0.15 exact_provisional_penalty=3928.17976309 exact_candidates=1493 exact_unique=1493 full_exact_enabled=1 exact_capacity=1200 exact_waves=134 exact_scheduled=1200 exact_deferred=293 exact_wave=1200/1200 exact_queue_depth=0 exact_pending_instances=293 exact_s=166.369 exact_ok=1200 exact_margin_max=1.12746855658 exact_scan_mean_s=0.039 exact_bisect_mean_s=0.001 exact_polish_mean_s=0.149 exact_final_mean_s=0.018 exact_margin_abs_b_max=nan cache_hits=0 cache_misses=0 cache_waits=0
107	2500 	536.828	659.836    	968.762    	156.054	24 	65.2168	143	29.5997
Best individuals of this generation:
sub(mul(sub(aq(a, add(x3, add(mul(sin(x2), exp(a)), add(x1, add(x1, mul(add(sin(x1), add(x2, x4)), sin(x4))))))), aq(mul(add(sin(x1), add(x2, mul(x4, exp(x4)))), mul(sin(x2), x3)), a)), aq(sin(a), x1)), mul(aq(x3, add(add(sub(add(sub(sin(x2), exp(a)), add(x1, x2)), x4), x1), sub(add(a, a), x2))), mul(sin(x4), exp(x4))))
GPU5 stages: candidates=2500 pre_s=21.092 cheap_candidates=1726 cheap_unique=1726 cheap_s=13.088/40.000 cheap_rejected=255 cheap_a_min=-0.565024573513 cheap_a_p50=-3.14764508835e-06 cheap_a_p95=1.26942897901 cheap_a_max=2834.96331132 exact_a_gate=0.15 exact_provisional_penalty=3928.17976309 exact_candidates=1471 exact_unique=1471 full_exact_enabled=1 exact_capacity=1200 exact_waves=134 exact_scheduled=1200 exact_deferred=271 exact_wave=1200/1200 exact_queue_depth=0 exact_pending_instances=271 exact_s=163.473 exact_ok=1200 exact_margin_max=1.11930800498 exact_scan_mean_s=0.039 exact_bisect_mean_s=0.001 exact_polish_mean_s=0.149 exact_final_mean_s=0.018 exact_margin_abs_b_max=nan cache_hits=0 cache_misses=0 cache_waits=0
108	2500 	536.828	659.389    	968.76     	156.358	24 	65.2504	143	29.6396
Best individuals of this generation:
sub(mul(sub(aq(a, add(x3, add(mul(sin(x2), exp(a)), add(x1, add(x1, mul(add(sin(x1), add(x2, x4)), sin(x4))))))), aq(mul(add(sin(x1), add(x2, mul(x4, exp(x4)))), mul(sin(x2), x3)), a)), aq(sin(a), x1)), mul(aq(x3, add(add(sub(add(sub(sin(x2), exp(a)), add(x1, x2)), x4), x1), sub(add(a, a), x2))), mul(sin(x4), exp(x4))))
GPU5 stages: candidates=2500 pre_s=21.151 cheap_candidates=1695 cheap_unique=1695 cheap_s=13.149/40.000 cheap_rejected=245 cheap_a_min=-3.28849117776 cheap_a_p50=-2.47311637325e-06 cheap_a_p95=1.3630366475 cheap_a_max=3721.16144219 exact_a_gate=0.15 exact_provisional_penalty=3928.17976309 exact_candidates=1450 exact_unique=1450 full_exact_enabled=1 exact_capacity=1200 exact_waves=134 exact_scheduled=1200 exact_deferred=250 exact_wave=1200/1200 exact_queue_depth=0 exact_pending_instances=250 exact_s=163.564 exact_ok=1200 exact_margin_max=0.703626464039 exact_scan_mean_s=0.039 exact_bisect_mean_s=0.001 exact_polish_mean_s=0.153 exact_final_mean_s=0.030 exact_margin_abs_b_max=nan cache_hits=0 cache_misses=0 cache_waits=0
109	2500 	536.828	658.986    	968.758    	156.633	24 	65.47  	143	29.7318
Best individuals of this generation:
sub(mul(sub(aq(a, add(x3, add(mul(sin(x2), exp(a)), add(x1, add(x1, mul(add(sin(x1), add(x2, x4)), sin(x4))))))), aq(mul(add(sin(x1), add(x2, mul(x4, exp(x4)))), mul(sin(x2), x3)), a)), aq(sin(a), x1)), mul(aq(x3, add(add(sub(add(sub(sin(x2), exp(a)), add(x1, x2)), x4), x1), sub(add(a, a), x2))), mul(sin(x4), exp(x4))))
GPU5 stages: candidates=2500 pre_s=21.275 cheap_candidates=1728 cheap_unique=1728 cheap_s=11.866/40.000 cheap_rejected=209 cheap_a_min=-3.39440036334 cheap_a_p50=-8.36816735396e-05 cheap_a_p95=1.0545207547 cheap_a_max=448.844720404 exact_a_gate=0.15 exact_provisional_penalty=3928.17976309 exact_candidates=1519 exact_unique=1519 full_exact_enabled=1 exact_capacity=1200 exact_waves=134 exact_scheduled=1200 exact_deferred=319 exact_wave=1200/1200 exact_queue_depth=0 exact_pending_instances=319 exact_s=163.497 exact_ok=1200 exact_margin_max=0.2957655433 exact_scan_mean_s=0.039 exact_bisect_mean_s=0.001 exact_polish_mean_s=0.152 exact_final_mean_s=0.022 exact_margin_abs_b_max=nan cache_hits=0 cache_misses=0 cache_waits=0
110	2500 	536.603	658.63     	968.756    	156.876	24 	65.768 	143	29.8133
Best individuals of this generation:
sub(mul(sub(aq(a, add(x3, add(mul(sin(x2), exp(a)), add(x1, add(x1, mul(add(sin(sub(exp(a), mul(x3, x3))), add(x2, x4)), sin(x4))))))), aq(mul(a, mul(x2, x3)), a)), aq(sin(a), x1)), mul(aq(x3, add(add(sub(x4, x4), sub(add(sin(x1), x2), add(sub(a, sin(x4)), add(x2, x4)))), sub(add(a, a), x2))), mul(sin(x4), exp(x4))))
GPU5 stages: candidates=2500 pre_s=21.218 cheap_candidates=1685 cheap_unique=1685 cheap_s=13.207/40.000 cheap_rejected=252 cheap_a_min=-3.011727743 cheap_a_p50=-3.51312413618e-05 cheap_a_p95=1.27194679594 cheap_a_max=378.161810107 exact_a_gate=0.15 exact_provisional_penalty=3928.17976309 exact_candidates=1433 exact_unique=1433 full_exact_enabled=1 exact_capacity=1200 exact_waves=134 exact_scheduled=1200 exact_deferred=232 exact_wave=1200/1200 exact_queue_depth=0 exact_pending_instances=232 exact_s=164.849 exact_ok=1200 exact_margin_max=0.234741303386 exact_scan_mean_s=0.040 exact_bisect_mean_s=0.000 exact_polish_mean_s=0.160 exact_final_mean_s=0.020 exact_margin_abs_b_max=nan cache_hits=0 cache_misses=0 cache_waits=0
111	2500 	536.053	658.405    	968.753    	157.03 	24 	65.7628	143	29.9025
Best individuals of this generation:
sub(mul(sub(aq(a, add(x3, add(add(mul(sin(x2), exp(a)), add(x1, add(x1, mul(add(sin(x1), add(x2, x4)), sin(x4))))), add(x1, sin(x3))))), aq(mul(add(sin(x1), add(x2, mul(sin(x4), a))), mul(sin(x2), x3)), a)), aq(sin(a), x1)), mul(aq(x3, add(add(sub(x4, x4), sub(add(sin(x1), x2), add(add(x2, mul(x4, exp(x4))), sub(mul(x3, x3), a)))), sub(add(a, a), exp(sin(x2))))), mul(sin(x4), exp(x4))))
GPU5 stages: candidates=2500 pre_s=21.003 cheap_candidates=1687 cheap_unique=1687 cheap_s=12.136/40.000 cheap_rejected=238 cheap_a_min=-7.8340769399 cheap_a_p50=-7.67583793186e-05 cheap_a_p95=1.35275767874 cheap_a_max=2104.32015884 exact_a_gate=0.15 exact_provisional_penalty=3928.17976309 exact_candidates=1449 exact_unique=1449 full_exact_enabled=1 exact_capacity=1200 exact_waves=134 exact_scheduled=1200 exact_deferred=249 exact_wave=1200/1200 exact_queue_depth=0 exact_pending_instances=249 exact_s=166.619 exact_ok=1200 exact_margin_max=1.40816809882 exact_scan_mean_s=0.040 exact_bisect_mean_s=0.000 exact_polish_mean_s=0.165 exact_final_mean_s=0.021 exact_margin_abs_b_max=nan cache_hits=0 cache_misses=0 cache_waits=0
112	2500 	535.704	658.251    	968.749    	157.133	24 	65.8572	143	29.9613
Best individuals of this generation:
sub(mul(sub(aq(a, add(x3, add(mul(sin(x2), exp(a)), add(sin(x2), add(x1, mul(add(sin(x1), add(x2, x4)), sin(x4))))))), aq(mul(add(sin(x1), add(x2, mul(a, exp(x4)))), mul(sin(x2), x3)), a)), aq(sin(a), x1)), mul(aq(x3, add(add(sub(x4, x4), sub(add(x4, x2), add(sub(a, sin(x4)), sub(add(sin(x1), x2), add(sub(a, sin(x4)), add(sin(x2), x4)))))), sub(add(a, a), x2))), mul(sin(x4), exp(x4))))
GPU5 stages: candidates=2500 pre_s=21.005 cheap_candidates=1683 cheap_unique=1683 cheap_s=12.421/40.000 cheap_rejected=235 cheap_a_min=-2.96776927496 cheap_a_p50=-5.86388069445e-05 cheap_a_p95=1.11942895601 cheap_a_max=366.827976704 exact_a_gate=0.15 exact_provisional_penalty=3928.17976309 exact_candidates=1448 exact_unique=1448 full_exact_enabled=1 exact_capacity=1200 exact_waves=134 exact_scheduled=1200 exact_deferred=248 exact_wave=1200/1200 exact_queue_depth=0 exact_pending_instances=248 exact_s=166.063 exact_ok=1200 exact_margin_max=0.46025511674 exact_scan_mean_s=0.039 exact_bisect_mean_s=0.001 exact_polish_mean_s=0.159 exact_final_mean_s=0.024 exact_margin_abs_b_max=nan cache_hits=0 cache_misses=0 cache_waits=0
113	2500 	535.704	658.12     	968.747    	157.218	24 	65.9004	143	30.0759
Best individuals of this generation:
sub(mul(sub(aq(a, add(x3, add(mul(sin(x2), exp(a)), add(sin(x2), add(x1, mul(add(sin(x1), add(x2, x4)), sin(x4))))))), aq(mul(add(sin(x1), add(x2, mul(a, exp(x4)))), mul(sin(x2), x3)), a)), aq(sin(a), x1)), mul(aq(x3, add(add(sub(x4, x4), sub(add(x4, x2), add(sub(a, sin(x4)), sub(add(sin(x1), x2), add(sub(a, sin(x4)), add(sin(x2), x4)))))), sub(add(a, a), x2))), mul(sin(x4), exp(x4))))
GPU5 stages: candidates=2500 pre_s=21.133 cheap_candidates=1672 cheap_unique=1672 cheap_s=12.680/40.000 cheap_rejected=233 cheap_a_min=-2.40822095474 cheap_a_p50=-3.54053882504e-05 cheap_a_p95=1.22173608114 cheap_a_max=180.524061216 exact_a_gate=0.15 exact_provisional_penalty=3928.17976309 exact_candidates=1439 exact_unique=1439 full_exact_enabled=1 exact_capacity=1200 exact_waves=134 exact_scheduled=1200 exact_deferred=239 exact_wave=1200/1200 exact_queue_depth=0 exact_pending_instances=239 exact_s=168.762 exact_ok=1200 exact_margin_max=1.392946725 exact_scan_mean_s=0.040 exact_bisect_mean_s=0.000 exact_polish_mean_s=0.160 exact_final_mean_s=0.021 exact_margin_abs_b_max=nan cache_hits=0 cache_misses=0 cache_waits=0
114	2500 	535.704	658.034    	968.746    	157.271	24 	65.8336	143	30.1027
Best individuals of this generation:
sub(mul(sub(aq(a, add(x3, add(mul(sin(x2), exp(a)), add(sin(x2), add(x1, mul(add(sin(x1), add(x2, x4)), sin(x4))))))), aq(mul(add(sin(x1), add(x2, mul(a, exp(x4)))), mul(sin(x2), x3)), a)), aq(sin(a), x1)), mul(aq(x3, add(add(sub(x4, x4), sub(add(x4, x2), add(sub(a, sin(x4)), sub(add(sin(x1), x2), add(sub(a, sin(x4)), add(sin(x2), x4)))))), sub(add(a, a), x2))), mul(sin(x4), exp(x4))))
GPU5 stages: candidates=2500 pre_s=21.097 cheap_candidates=1681 cheap_unique=1681 cheap_s=12.422/40.000 cheap_rejected=230 cheap_a_min=-1.8049770405 cheap_a_p50=-6.78664027188e-05 cheap_a_p95=1.28857874574 cheap_a_max=496.497295359 exact_a_gate=0.15 exact_provisional_penalty=3928.17976309 exact_candidates=1451 exact_unique=1451 full_exact_enabled=1 exact_capacity=1200 exact_waves=134 exact_scheduled=1200 exact_deferred=251 exact_wave=1200/1200 exact_queue_depth=0 exact_pending_instances=251 exact_s=165.959 exact_ok=1200 exact_margin_max=0.696148400914 exact_scan_mean_s=0.040 exact_bisect_mean_s=0.001 exact_polish_mean_s=0.166 exact_final_mean_s=0.027 exact_margin_abs_b_max=nan cache_hits=0 cache_misses=0 cache_waits=0
115	2500 	535.704	657.954    	968.744    	157.321	24 	65.9176	143	30.2824
Best individuals of this generation:
sub(mul(sub(aq(a, add(x3, add(mul(sin(x2), exp(a)), add(sin(x2), add(x1, mul(add(sin(x1), add(x2, x4)), sin(x4))))))), aq(mul(add(sin(x1), add(x2, mul(a, exp(x4)))), mul(sin(x2), x3)), a)), aq(sin(a), x1)), mul(aq(x3, add(add(sub(x4, x4), sub(add(x4, x2), add(sub(a, sin(x4)), sub(add(sin(x1), x2), add(sub(a, sin(x4)), add(sin(x2), x4)))))), sub(add(a, a), x2))), mul(sin(x4), exp(x4))))
GPU5 stages: candidates=2500 pre_s=21.022 cheap_candidates=1737 cheap_unique=1737 cheap_s=12.554/40.000 cheap_rejected=244 cheap_a_min=-3.32849369662 cheap_a_p50=-7.65683455664e-05 cheap_a_p95=1.27013659384 cheap_a_max=3938.23831763 exact_a_gate=0.15 exact_provisional_penalty=3928.17976309 exact_candidates=1493 exact_unique=1493 full_exact_enabled=1 exact_capacity=1200 exact_waves=134 exact_scheduled=1200 exact_deferred=293 exact_wave=1200/1200 exact_queue_depth=0 exact_pending_instances=293 exact_s=171.064 exact_ok=1200 exact_margin_max=0.100025162103 exact_scan_mean_s=0.039 exact_bisect_mean_s=0.001 exact_polish_mean_s=0.163 exact_final_mean_s=0.024 exact_margin_abs_b_max=nan cache_hits=0 cache_misses=0 cache_waits=0
116	2500 	535.704	657.894    	968.742    	157.358	24 	65.94  	143	30.3963
Best individuals of this generation:
sub(mul(sub(aq(a, add(x3, add(mul(sin(x2), exp(a)), add(sin(x2), add(x1, mul(add(sin(x1), add(x2, x4)), sin(x4))))))), aq(mul(add(sin(x1), add(x2, mul(a, exp(x4)))), mul(sin(x2), x3)), a)), aq(sin(a), x1)), mul(aq(x3, add(add(sub(x4, x4), sub(add(x4, x2), add(sub(a, sin(x4)), sub(add(sin(x1), x2), add(sub(a, sin(x4)), add(sin(x2), x4)))))), sub(add(a, a), x2))), mul(sin(x4), exp(x4))))
GPU5 stages: candidates=2500 pre_s=21.137 cheap_candidates=1746 cheap_unique=1746 cheap_s=12.884/40.000 cheap_rejected=260 cheap_a_min=-2.4958869736 cheap_a_p50=-4.84201259034e-05 cheap_a_p95=1.26801807053 cheap_a_max=2071.26856805 exact_a_gate=0.15 exact_provisional_penalty=3928.17976309 exact_candidates=1486 exact_unique=1486 full_exact_enabled=1 exact_capacity=1200 exact_waves=134 exact_scheduled=1200 exact_deferred=285 exact_wave=1200/1200 exact_queue_depth=0 exact_pending_instances=285 exact_s=165.432 exact_ok=1200 exact_margin_max=0.187660706366 exact_scan_mean_s=0.039 exact_bisect_mean_s=0.000 exact_polish_mean_s=0.166 exact_final_mean_s=0.022 exact_margin_abs_b_max=nan cache_hits=0 cache_misses=0 cache_waits=0
117	2500 	535.704	657.823    	968.74     	157.399	22 	66.0828	143	30.497 
Best individuals of this generation:
sub(mul(sub(aq(a, add(x3, add(mul(sin(x2), exp(a)), add(sin(x2), add(x1, mul(add(sin(x1), add(x2, x4)), sin(x4))))))), aq(mul(add(sin(x1), add(x2, mul(a, exp(x4)))), mul(sin(x2), x3)), a)), aq(sin(a), x1)), mul(aq(x3, add(add(sub(x4, x4), sub(add(x4, x2), add(sub(a, sin(x4)), sub(add(sin(x1), x2), add(sub(a, sin(x4)), add(sin(x2), x4)))))), sub(add(a, a), x2))), mul(sin(x4), exp(x4))))
GPU5 stages: candidates=2500 pre_s=21.181 cheap_candidates=1704 cheap_unique=1704 cheap_s=13.089/40.000 cheap_rejected=240 cheap_a_min=-2.91643167513 cheap_a_p50=-5.76066010255e-05 cheap_a_p95=1.28942334504 cheap_a_max=2236.38758408 exact_a_gate=0.15 exact_provisional_penalty=3928.17976309 exact_candidates=1464 exact_unique=1464 full_exact_enabled=1 exact_capacity=1200 exact_waves=134 exact_scheduled=1200 exact_deferred=264 exact_wave=1200/1200 exact_queue_depth=0 exact_pending_instances=264 exact_s=165.953 exact_ok=1200 exact_margin_max=0.359522004575 exact_scan_mean_s=0.042 exact_bisect_mean_s=0.001 exact_polish_mean_s=0.171 exact_final_mean_s=0.027 exact_margin_abs_b_max=nan cache_hits=0 cache_misses=0 cache_waits=0
118	2500 	535.495	657.76     	968.738    	157.44 	22 	66.1752	143	30.5539
Best individuals of this generation:
sub(mul(sub(aq(a, add(x3, add(mul(sin(x2), exp(a)), add(x1, add(x1, mul(add(sin(x1), add(x2, mul(sin(x4), exp(sub(x4, a))))), sin(x4))))))), aq(mul(exp(x2), mul(sin(x2), x3)), a)), aq(sin(a), x1)), mul(aq(x3, add(add(sub(x4, x2), sub(add(sin(x1), x2), add(sub(a, sin(x4)), add(sin(x2), x4)))), sub(add(a, a), x2))), mul(sin(x4), exp(x4))))
GPU5 stages: candidates=2500 pre_s=21.156 cheap_candidates=1698 cheap_unique=1698 cheap_s=12.673/40.000 cheap_rejected=233 cheap_a_min=-3.18285557476 cheap_a_p50=-6.91132311339e-05 cheap_a_p95=1.22980013108 cheap_a_max=1724.87956106 exact_a_gate=0.15 exact_provisional_penalty=3928.17976309 exact_candidates=1465 exact_unique=1465 full_exact_enabled=1 exact_capacity=1200 exact_waves=134 exact_scheduled=1200 exact_deferred=265 exact_wave=1200/1200 exact_queue_depth=0 exact_pending_instances=265 exact_s=168.784 exact_ok=1200 exact_margin_max=0.238284988693 exact_scan_mean_s=0.039 exact_bisect_mean_s=0.001 exact_polish_mean_s=0.166 exact_final_mean_s=0.031 exact_margin_abs_b_max=nan cache_hits=0 cache_misses=0 cache_waits=0
119	2500 	535.495	657.693    	968.737    	157.48 	22 	66.3588	143	30.6641
Best individuals of this generation:
sub(mul(sub(aq(a, add(x3, add(mul(sin(x2), exp(a)), add(x1, add(x1, mul(add(sin(x1), add(x2, mul(sin(x4), exp(sub(x4, a))))), sin(x4))))))), aq(mul(exp(x2), mul(sin(x2), x3)), a)), aq(sin(a), x1)), mul(aq(x3, add(add(sub(x4, x2), sub(add(sin(x1), x2), add(sub(a, sin(x4)), add(sin(x2), x4)))), sub(add(a, a), x2))), mul(sin(x4), exp(x4))))
GPU5 stages: candidates=2500 pre_s=21.069 cheap_candidates=1719 cheap_unique=1719 cheap_s=12.960/40.000 cheap_rejected=254 cheap_a_min=-2.43358313965 cheap_a_p50=-4.98310874198e-05 cheap_a_p95=1.30126605394 cheap_a_max=307.980610571 exact_a_gate=0.15 exact_provisional_penalty=3928.17976309 exact_candidates=1465 exact_unique=1465 full_exact_enabled=1 exact_capacity=1200 exact_waves=134 exact_scheduled=1200 exact_deferred=265 exact_wave=1200/1200 exact_queue_depth=0 exact_pending_instances=265 exact_s=162.658 exact_ok=1200 exact_margin_max=2.5809116538 exact_scan_mean_s=0.040 exact_bisect_mean_s=0.000 exact_polish_mean_s=0.162 exact_final_mean_s=0.026 exact_margin_abs_b_max=nan cache_hits=0 cache_misses=0 cache_waits=0
120	2500 	534.58 	657.632    	968.735    	157.518	22 	66.4904	143	30.7369
Best individuals of this generation:
sub(mul(sub(aq(a, add(x3, add(mul(sin(x2), exp(a)), add(x1, add(x1, mul(add(sin(exp(a)), add(x2, x4)), sin(x4))))))), aq(mul(add(sin(x1), add(x2, mul(x4, exp(x4)))), mul(sin(x2), x3)), a)), aq(sin(a), x1)), mul(aq(x3, add(add(sub(x4, x4), sub(add(sin(x1), a), add(sub(add(add(sub(x4, x4), sub(add(sin(x1), x2), add(sub(a, sin(x4)), sub(mul(x3, x3), a)))), sub(add(a, a), x2)), sin(x4)), add(x2, x4)))), sub(add(a, a), x2))), mul(sin(x4), exp(x4))))
GPU5 stages: candidates=2500 pre_s=21.004 cheap_candidates=1678 cheap_unique=1678 cheap_s=13.324/40.000 cheap_rejected=228 cheap_a_min=-1.90326421116 cheap_a_p50=-3.19139686755e-05 cheap_a_p95=1.2265515421 cheap_a_max=639.427049681 exact_a_gate=0.15 exact_provisional_penalty=3928.17976309 exact_candidates=1450 exact_unique=1450 full_exact_enabled=1 exact_capacity=1200 exact_waves=134 exact_scheduled=1200 exact_deferred=250 exact_wave=1200/1200 exact_queue_depth=0 exact_pending_instances=250 exact_s=174.481 exact_ok=1200 exact_margin_max=4.01848824411 exact_scan_mean_s=0.041 exact_bisect_mean_s=0.001 exact_polish_mean_s=0.163 exact_final_mean_s=0.025 exact_margin_abs_b_max=nan cache_hits=0 cache_misses=0 cache_waits=0
121	2500 	534.58 	657.566    	968.734    	157.535	22 	66.5032	143	30.716 
Best individuals of this generation:
sub(mul(sub(aq(a, add(x3, add(mul(sin(x2), exp(a)), add(x1, add(x1, mul(add(sin(exp(a)), add(x2, x4)), sin(x4))))))), aq(mul(add(sin(x1), add(x2, mul(x4, exp(x4)))), mul(sin(x2), x3)), a)), aq(sin(a), x1)), mul(aq(x3, add(add(sub(x4, x4), sub(add(sin(x1), a), add(sub(add(add(sub(x4, x4), sub(add(sin(x1), x2), add(sub(a, sin(x4)), sub(mul(x3, x3), a)))), sub(add(a, a), x2)), sin(x4)), add(x2, x4)))), sub(add(a, a), x2))), mul(sin(x4), exp(x4))))
GPU5 stages: candidates=2500 pre_s=21.257 cheap_candidates=1661 cheap_unique=1661 cheap_s=13.120/40.000 cheap_rejected=236 cheap_a_min=-1.18753794813 cheap_a_p50=-6.42744970883e-05 cheap_a_p95=1.29449865019 cheap_a_max=187.880705574 exact_a_gate=0.15 exact_provisional_penalty=3928.17976309 exact_candidates=1425 exact_unique=1425 full_exact_enabled=1 exact_capacity=1200 exact_waves=134 exact_scheduled=1200 exact_deferred=225 exact_wave=1200/1200 exact_queue_depth=0 exact_pending_instances=225 exact_s=177.282 exact_ok=1200 exact_margin_max=0.235536663262 exact_scan_mean_s=0.039 exact_bisect_mean_s=0.000 exact_polish_mean_s=0.164 exact_final_mean_s=0.032 exact_margin_abs_b_max=nan cache_hits=0 cache_misses=0 cache_waits=0
122	2500 	534.58 	657.477    	968.732    	157.59 	22 	66.6232	143	30.7212
Best individuals of this generation:
sub(mul(sub(aq(a, add(x3, add(mul(sin(x2), exp(a)), add(x1, add(x1, mul(add(sin(exp(a)), add(x2, x4)), sin(x4))))))), aq(mul(add(sin(x1), add(x2, mul(x4, exp(x4)))), mul(sin(x2), x3)), a)), aq(sin(a), x1)), mul(aq(x3, add(add(sub(x4, x4), sub(add(sin(x1), a), add(sub(add(add(sub(x4, x4), sub(add(sin(x1), x2), add(sub(a, sin(x4)), sub(mul(x3, x3), a)))), sub(add(a, a), x2)), sin(x4)), add(x2, x4)))), sub(add(a, a), x2))), mul(sin(x4), exp(x4))))
GPU5 stages: candidates=2500 pre_s=21.045 cheap_candidates=1682 cheap_unique=1682 cheap_s=12.964/40.000 cheap_rejected=253 cheap_a_min=-3.17436885785 cheap_a_p50=-3.25742668054e-05 cheap_a_p95=1.27010006135 cheap_a_max=199.290953585 exact_a_gate=0.15 exact_provisional_penalty=3928.17976309 exact_candidates=1429 exact_unique=1429 full_exact_enabled=1 exact_capacity=1200 exact_waves=134 exact_scheduled=1200 exact_deferred=229 exact_wave=1200/1200 exact_queue_depth=0 exact_pending_instances=229 exact_s=164.643 exact_ok=1200 exact_margin_max=0.195620938042 exact_scan_mean_s=0.040 exact_bisect_mean_s=0.001 exact_polish_mean_s=0.164 exact_final_mean_s=0.021 exact_margin_abs_b_max=nan cache_hits=0 cache_misses=0 cache_waits=0
123	2500 	532.9  	657.424    	968.732    	157.623	22 	66.6856	143	30.6518
Best individuals of this generation:
sub(mul(sub(aq(a, add(x3, add(mul(sin(x2), exp(a)), add(x1, add(x1, mul(add(sin(x1), add(x2, x4)), add(x2, mul(x4, exp(x4))))))))), aq(mul(add(sub(mul(x3, x3), a), add(x2, mul(x4, exp(x4)))), mul(sin(x2), x3)), a)), aq(sin(a), x1)), mul(aq(x3, add(add(sub(x4, x4), sub(add(sin(x1), x2), add(sub(add(add(sub(x4, x4), sub(add(sin(x1), x2), add(sub(a, sin(x4)), sub(mul(x3, x3), a)))), sub(add(a, a), x2)), sin(x4)), add(x2, x4)))), sub(sub(a, sin(x4)), x2))), mul(sin(x4), exp(x4))))
GPU5 stages: candidates=2500 pre_s=21.062 cheap_candidates=1753 cheap_unique=1753 cheap_s=13.895/40.000 cheap_rejected=271 cheap_a_min=-1.24389945175 cheap_a_p50=-6.31305443723e-05 cheap_a_p95=1.38189160818 cheap_a_max=575.194287425 exact_a_gate=0.15 exact_provisional_penalty=5240.04789965 exact_candidates=1482 exact_unique=1482 full_exact_enabled=1 exact_capacity=1200 exact_waves=134 exact_scheduled=1200 exact_deferred=282 exact_wave=1200/1200 exact_queue_depth=0 exact_pending_instances=282 exact_s=172.537 exact_ok=1200 exact_margin_max=1.3284901055 exact_scan_mean_s=0.040 exact_bisect_mean_s=0.002 exact_polish_mean_s=0.167 exact_final_mean_s=0.023 exact_margin_abs_b_max=nan cache_hits=0 cache_misses=0 cache_waits=0
124	2500 	532.9  	657.38     	968.731    	157.649	22 	66.7616	143	30.6442
Best individuals of this generation:
sub(mul(sub(aq(a, add(x3, add(mul(sin(x2), exp(a)), add(x1, add(x1, mul(add(sin(x1), add(x2, x4)), add(x2, mul(x4, exp(x4))))))))), aq(mul(add(sub(mul(x3, x3), a), add(x2, mul(x4, exp(x4)))), mul(sin(x2), x3)), a)), aq(sin(a), x1)), mul(aq(x3, add(add(sub(x4, x4), sub(add(sin(x1), x2), add(sub(add(add(sub(x4, x4), sub(add(sin(x1), x2), add(sub(a, sin(x4)), sub(mul(x3, x3), a)))), sub(add(a, a), x2)), sin(x4)), add(x2, x4)))), sub(sub(a, sin(x4)), x2))), mul(sin(x4), exp(x4))))
GPU5 stages: candidates=2500 pre_s=21.167 cheap_candidates=1724 cheap_unique=1724 cheap_s=13.248/40.000 cheap_rejected=245 cheap_a_min=-1.70011207415 cheap_a_p50=-6.6502549249e-05 cheap_a_p95=1.26831211518 cheap_a_max=94.1192269087 exact_a_gate=0.15 exact_provisional_penalty=3928.17976309 exact_candidates=1479 exact_unique=1479 full_exact_enabled=1 exact_capacity=1200 exact_waves=134 exact_scheduled=1200 exact_deferred=279 exact_wave=1200/1200 exact_queue_depth=0 exact_pending_instances=279 exact_s=163.974 exact_ok=1200 exact_margin_max=2.91186515183 exact_scan_mean_s=0.040 exact_bisect_mean_s=0.001 exact_polish_mean_s=0.164 exact_final_mean_s=0.022 exact_margin_abs_b_max=nan cache_hits=0 cache_misses=0 cache_waits=0
125	2500 	532.9  	657.328    	968.729    	157.681	22 	66.9336	143	30.5631
Best individuals of this generation:
sub(mul(sub(aq(a, add(x3, add(mul(sin(x2), exp(a)), add(x1, add(x1, mul(add(sin(x1), add(x2, x4)), add(x2, mul(x4, exp(x4))))))))), aq(mul(add(sub(mul(x3, x3), a), add(x2, mul(x4, exp(x4)))), mul(sin(x2), x3)), a)), aq(sin(a), x1)), mul(aq(x3, add(add(sub(x4, x4), sub(add(sin(x1), x2), add(sub(add(add(sub(x4, x4), sub(add(sin(x1), x2), add(sub(a, sin(x4)), sub(mul(x3, x3), a)))), sub(add(a, a), x2)), sin(x4)), add(x2, x4)))), sub(sub(a, sin(x4)), x2))), mul(sin(x4), exp(x4))))
GPU5 stages: candidates=2500 pre_s=21.248 cheap_candidates=1721 cheap_unique=1721 cheap_s=13.265/40.000 cheap_rejected=237 cheap_a_min=-2.55040348502 cheap_a_p50=-4.05524415361e-05 cheap_a_p95=1.13007676133 cheap_a_max=820.565810004 exact_a_gate=0.15 exact_provisional_penalty=3928.17976309 exact_candidates=1484 exact_unique=1484 full_exact_enabled=1 exact_capacity=1200 exact_waves=134 exact_scheduled=1200 exact_deferred=284 exact_wave=1200/1200 exact_queue_depth=0 exact_pending_instances=284 exact_s=166.580 exact_ok=1200 exact_margin_max=0.365223503712 exact_scan_mean_s=0.039 exact_bisect_mean_s=0.001 exact_polish_mean_s=0.168 exact_final_mean_s=0.023 exact_margin_abs_b_max=nan cache_hits=0 cache_misses=0 cache_waits=0
126	2500 	532.9  	657.268    	968.728    	157.717	22 	67.0448	143	30.5034
Best individuals of this generation:
sub(mul(sub(aq(a, add(x3, add(mul(sin(x2), exp(a)), add(x1, add(x1, mul(add(sin(x1), add(x2, x4)), add(x2, mul(x4, exp(x4))))))))), aq(mul(add(sub(mul(x3, x3), a), add(x2, mul(x4, exp(x4)))), mul(sin(x2), x3)), a)), aq(sin(a), x1)), mul(aq(x3, add(add(sub(x4, x4), sub(add(sin(x1), x2), add(sub(add(add(sub(x4, x4), sub(add(sin(x1), x2), add(sub(a, sin(x4)), sub(mul(x3, x3), a)))), sub(add(a, a), x2)), sin(x4)), add(x2, x4)))), sub(sub(a, sin(x4)), x2))), mul(sin(x4), exp(x4))))
GPU5 stages: candidates=2500 pre_s=21.069 cheap_candidates=1660 cheap_unique=1660 cheap_s=13.686/40.000 cheap_rejected=234 cheap_a_min=-1.63076348373 cheap_a_p50=-5.6745426303e-05 cheap_a_p95=1.1925700985 cheap_a_max=246.278392315 exact_a_gate=0.15 exact_provisional_penalty=3928.17976309 exact_candidates=1426 exact_unique=1426 full_exact_enabled=1 exact_capacity=1200 exact_waves=134 exact_scheduled=1200 exact_deferred=226 exact_wave=1200/1200 exact_queue_depth=0 exact_pending_instances=226 exact_s=174.698 exact_ok=1200 exact_margin_max=0.470882126933 exact_scan_mean_s=0.041 exact_bisect_mean_s=0.001 exact_polish_mean_s=0.172 exact_final_mean_s=0.025 exact_margin_abs_b_max=nan cache_hits=0 cache_misses=0 cache_waits=0
127	2500 	532.9  	657.224    	968.727    	157.746	22 	67.3192	143	30.4329
Best individuals of this generation:
sub(mul(sub(aq(a, add(x3, add(mul(sin(x2), exp(a)), add(x1, add(x1, mul(add(sin(x1), add(x2, x4)), add(x2, mul(x4, exp(x4))))))))), aq(mul(add(sub(mul(x3, x3), a), add(x2, mul(x4, exp(x4)))), mul(sin(x2), x3)), a)), aq(sin(a), x1)), mul(aq(x3, add(add(sub(x4, x4), sub(add(sin(x1), x2), add(sub(add(add(sub(x4, x4), sub(add(sin(x1), x2), add(sub(a, sin(x4)), sub(mul(x3, x3), a)))), sub(add(a, a), x2)), sin(x4)), add(x2, x4)))), sub(sub(a, sin(x4)), x2))), mul(sin(x4), exp(x4))))
GPU5 stages: candidates=2500 pre_s=21.343 cheap_candidates=1706 cheap_unique=1706 cheap_s=13.143/40.000 cheap_rejected=258 cheap_a_min=-3.11024748546 cheap_a_p50=-7.33770793813e-05 cheap_a_p95=1.47075909176 cheap_a_max=752.216752902 exact_a_gate=0.15 exact_provisional_penalty=3928.17976309 exact_candidates=1448 exact_unique=1448 full_exact_enabled=1 exact_capacity=1200 exact_waves=134 exact_scheduled=1200 exact_deferred=248 exact_wave=1200/1200 exact_queue_depth=0 exact_pending_instances=248 exact_s=169.530 exact_ok=1200 exact_margin_max=70.2179050764 exact_scan_mean_s=0.040 exact_bisect_mean_s=0.001 exact_polish_mean_s=0.168 exact_final_mean_s=0.029 exact_margin_abs_b_max=nan cache_hits=0 cache_misses=0 cache_waits=0
128	2500 	532.9  	657.178    	968.726    	157.772	22 	67.5212	143	30.292 
Best individuals of this generation:
sub(mul(sub(aq(a, add(x3, add(mul(sin(x2), exp(a)), add(x1, add(x1, mul(add(sin(x1), add(x2, x4)), add(x2, mul(x4, exp(x4))))))))), aq(mul(add(sub(mul(x3, x3), a), add(x2, mul(x4, exp(x4)))), mul(sin(x2), x3)), a)), aq(sin(a), x1)), mul(aq(x3, add(add(sub(x4, x4), sub(add(sin(x1), x2), add(sub(add(add(sub(x4, x4), sub(add(sin(x1), x2), add(sub(a, sin(x4)), sub(mul(x3, x3), a)))), sub(add(a, a), x2)), sin(x4)), add(x2, x4)))), sub(sub(a, sin(x4)), x2))), mul(sin(x4), exp(x4))))
GPU5 stages: candidates=2500 pre_s=21.142 cheap_candidates=1729 cheap_unique=1729 cheap_s=13.602/40.000 cheap_rejected=258 cheap_a_min=-3.50150155097 cheap_a_p50=-6.72826324378e-05 cheap_a_p95=1.26849297084 cheap_a_max=313.673225969 exact_a_gate=0.15 exact_provisional_penalty=3928.17976309 exact_candidates=1471 exact_unique=1471 full_exact_enabled=1 exact_capacity=1200 exact_waves=134 exact_scheduled=1200 exact_deferred=271 exact_wave=1200/1200 exact_queue_depth=0 exact_pending_instances=271 exact_s=172.702 exact_ok=1200 exact_margin_max=0.287984936863 exact_scan_mean_s=0.041 exact_bisect_mean_s=0.001 exact_polish_mean_s=0.171 exact_final_mean_s=0.031 exact_margin_abs_b_max=nan cache_hits=0 cache_misses=0 cache_waits=0
129	2500 	532.9  	657.072    	968.725    	157.707	22 	67.7284	143	29.9818
Best individuals of this generation:
sub(mul(sub(aq(a, add(x3, add(mul(sin(x2), exp(a)), add(x1, add(x1, mul(add(sin(x1), add(x2, x4)), add(x2, mul(x4, exp(x4))))))))), aq(mul(add(sub(mul(x3, x3), a), add(x2, mul(x4, exp(x4)))), mul(sin(x2), x3)), a)), aq(sin(a), x1)), mul(aq(x3, add(add(sub(x4, x4), sub(add(sin(x1), x2), add(sub(add(add(sub(x4, x4), sub(add(sin(x1), x2), add(sub(a, sin(x4)), sub(mul(x3, x3), a)))), sub(add(a, a), x2)), sin(x4)), add(x2, x4)))), sub(sub(a, sin(x4)), x2))), mul(sin(x4), exp(x4))))
GPU5 stages: candidates=2500 pre_s=21.415 cheap_candidates=1725 cheap_unique=1725 cheap_s=13.657/40.000 cheap_rejected=241 cheap_a_min=-2.95228750407 cheap_a_p50=-5.8728478793e-05 cheap_a_p95=1.33505331038 cheap_a_max=2035.79398436 exact_a_gate=0.15 exact_provisional_penalty=3928.17976309 exact_candidates=1484 exact_unique=1484 full_exact_enabled=1 exact_capacity=1200 exact_waves=134 exact_scheduled=1200 exact_deferred=284 exact_wave=1200/1200 exact_queue_depth=0 exact_pending_instances=284 exact_s=169.731 exact_ok=1200 exact_margin_max=3.72142803287 exact_scan_mean_s=0.041 exact_bisect_mean_s=0.000 exact_polish_mean_s=0.171 exact_final_mean_s=0.026 exact_margin_abs_b_max=nan cache_hits=0 cache_misses=0 cache_waits=0
130	2500 	532.9  	656.979    	968.724    	157.702	22 	67.9064	143	29.8208
Best individuals of this generation:
sub(mul(sub(aq(a, add(x3, add(mul(sin(x2), exp(a)), add(x1, add(x1, mul(add(sin(x1), add(x2, x4)), add(x2, mul(x4, exp(x4))))))))), aq(mul(add(sub(mul(x3, x3), a), add(x2, mul(x4, exp(x4)))), mul(sin(x2), x3)), a)), aq(sin(a), x1)), mul(aq(x3, add(add(sub(x4, x4), sub(add(sin(x1), x2), add(sub(add(add(sub(x4, x4), sub(add(sin(x1), x2), add(sub(a, sin(x4)), sub(mul(x3, x3), a)))), sub(add(a, a), x2)), sin(x4)), add(x2, x4)))), sub(sub(a, sin(x4)), x2))), mul(sin(x4), exp(x4))))
GPU5 stages: candidates=2500 pre_s=21.169 cheap_candidates=1694 cheap_unique=1694 cheap_s=13.694/40.000 cheap_rejected=269 cheap_a_min=-1.09194511938 cheap_a_p50=-3.37219174442e-05 cheap_a_p95=1.35807726806 cheap_a_max=2549.62591831 exact_a_gate=0.15 exact_provisional_penalty=3928.17976309 exact_candidates=1425 exact_unique=1425 full_exact_enabled=1 exact_capacity=1200 exact_waves=134 exact_scheduled=1200 exact_deferred=225 exact_wave=1200/1200 exact_queue_depth=0 exact_pending_instances=225 exact_s=173.761 exact_ok=1200 exact_margin_max=0.69991586773 exact_scan_mean_s=0.040 exact_bisect_mean_s=0.001 exact_polish_mean_s=0.180 exact_final_mean_s=0.029 exact_margin_abs_b_max=nan cache_hits=0 cache_misses=0 cache_waits=0
131	2500 	532.9  	656.938    	968.723    	157.727	22 	68.0848	143	29.6669
Best individuals of this generation:
sub(mul(sub(aq(a, add(x3, add(mul(sin(x2), exp(a)), add(x1, add(x1, mul(add(sin(x1), add(x2, x4)), add(x2, mul(x4, exp(x4))))))))), aq(mul(add(sub(mul(x3, x3), a), add(x2, mul(x4, exp(x4)))), mul(sin(x2), x3)), a)), aq(sin(a), x1)), mul(aq(x3, add(add(sub(x4, x4), sub(add(sin(x1), x2), add(sub(add(add(sub(x4, x4), sub(add(sin(x1), x2), add(sub(a, sin(x4)), sub(mul(x3, x3), a)))), sub(add(a, a), x2)), sin(x4)), add(x2, x4)))), sub(sub(a, sin(x4)), x2))), mul(sin(x4), exp(x4))))
GPU5 stages: candidates=2500 pre_s=21.429 cheap_candidates=1742 cheap_unique=1742 cheap_s=14.036/40.000 cheap_rejected=249 cheap_a_min=-0.709718353125 cheap_a_p50=-9.48564766564e-06 cheap_a_p95=1.30937482053 cheap_a_max=456.484707832 exact_a_gate=0.15 exact_provisional_penalty=3928.17976309 exact_candidates=1493 exact_unique=1493 full_exact_enabled=1 exact_capacity=1200 exact_waves=134 exact_scheduled=1200 exact_deferred=293 exact_wave=1200/1200 exact_queue_depth=0 exact_pending_instances=293 exact_s=166.362 exact_ok=1200 exact_margin_max=1.08630980005 exact_scan_mean_s=0.041 exact_bisect_mean_s=0.001 exact_polish_mean_s=0.182 exact_final_mean_s=0.031 exact_margin_abs_b_max=nan cache_hits=0 cache_misses=0 cache_waits=0
132	2500 	532.9  	656.869    	968.721    	157.769	22 	68.3656	143	29.44  
Best individuals of this generation:
sub(mul(sub(aq(a, add(x3, add(mul(sin(x2), exp(a)), add(x1, add(x1, mul(add(sin(x1), add(x2, x4)), add(x2, mul(x4, exp(x4))))))))), aq(mul(add(sub(mul(x3, x3), a), add(x2, mul(x4, exp(x4)))), mul(sin(x2), x3)), a)), aq(sin(a), x1)), mul(aq(x3, add(add(sub(x4, x4), sub(add(sin(x1), x2), add(sub(add(add(sub(x4, x4), sub(add(sin(x1), x2), add(sub(a, sin(x4)), sub(mul(x3, x3), a)))), sub(add(a, a), x2)), sin(x4)), add(x2, x4)))), sub(sub(a, sin(x4)), x2))), mul(sin(x4), exp(x4))))
GPU5 stages: candidates=2500 pre_s=21.387 cheap_candidates=1729 cheap_unique=1729 cheap_s=14.181/40.000 cheap_rejected=278 cheap_a_min=-1.49624123957 cheap_a_p50=-1.01327903376e-05 cheap_a_p95=1.31044237336 cheap_a_max=1217.76194272 exact_a_gate=0.15 exact_provisional_penalty=3928.17976309 exact_candidates=1451 exact_unique=1451 full_exact_enabled=1 exact_capacity=1200 exact_waves=134 exact_scheduled=1200 exact_deferred=251 exact_wave=1200/1200 exact_queue_depth=0 exact_pending_instances=251 exact_s=169.784 exact_ok=1200 exact_margin_max=0.730097019239 exact_scan_mean_s=0.039 exact_bisect_mean_s=0.001 exact_polish_mean_s=0.182 exact_final_mean_s=0.032 exact_margin_abs_b_max=nan cache_hits=0 cache_misses=0 cache_waits=0
133	2500 	532.751	656.811    	968.721    	157.809	22 	68.626 	143	29.3258
Best individuals of this generation:
sub(mul(sub(aq(a, add(x3, add(mul(sin(x2), exp(a)), add(x1, add(x1, mul(add(sin(x1), sub(x4, x3)), sin(x4))))))), aq(mul(exp(x2), mul(sin(x2), sin(x1))), a)), aq(sin(a), x1)), mul(aq(x3, add(add(sub(sin(a), add(add(mul(x2, x2), exp(x4)), sub(exp(x1), mul(a, a)))), sub(add(sin(x1), a), a)), sub(add(a, sub(x4, x4)), x2))), aq(sin(x4), exp(x4))))
GPU5 stages: candidates=2500 pre_s=21.440 cheap_candidates=1764 cheap_unique=1764 cheap_s=13.635/40.000 cheap_rejected=235 cheap_a_min=-1.54432376928 cheap_a_p50=-6.8031729939e-05 cheap_a_p95=0.959204320566 cheap_a_max=1111.35395029 exact_a_gate=0.15 exact_provisional_penalty=3928.17976309 exact_candidates=1529 exact_unique=1529 full_exact_enabled=1 exact_capacity=1200 exact_waves=134 exact_scheduled=1200 exact_deferred=329 exact_wave=1200/1200 exact_queue_depth=0 exact_pending_instances=329 exact_s=173.500 exact_ok=1200 exact_margin_max=0.927201424422 exact_scan_mean_s=0.039 exact_bisect_mean_s=0.001 exact_polish_mean_s=0.179 exact_final_mean_s=0.031 exact_margin_abs_b_max=nan cache_hits=0 cache_misses=0 cache_waits=0
134	2500 	532.546	656.732    	968.72     	157.863	22 	68.88  	143	29.3198
Best individuals of this generation:
sub(mul(sub(aq(a, add(x3, add(mul(sin(x2), exp(a)), add(x1, add(x1, mul(add(x2, sub(x4, x3)), sin(x4))))))), aq(mul(exp(x2), mul(sin(x2), x3)), a)), aq(sin(a), x1)), mul(aq(x3, add(add(mul(add(x2, a), add(a, x1)), sub(a, a)), sub(add(sin(a), a), x2))), mul(sin(x4), exp(x4))))
GPU5 stages: candidates=2500 pre_s=21.228 cheap_candidates=1733 cheap_unique=1733 cheap_s=14.384/40.000 cheap_rejected=252 cheap_a_min=-0.628184311123 cheap_a_p50=-1.15783298193e-06 cheap_a_p95=1.18659420588 cheap_a_max=530.313092947 exact_a_gate=0.15 exact_provisional_penalty=3928.17976309 exact_candidates=1481 exact_unique=1481 full_exact_enabled=1 exact_capacity=1200 exact_waves=134 exact_scheduled=1200 exact_deferred=281 exact_wave=1200/1200 exact_queue_depth=0 exact_pending_instances=281 exact_s=169.032 exact_ok=1200 exact_margin_max=2.19973682533 exact_scan_mean_s=0.039 exact_bisect_mean_s=0.001 exact_polish_mean_s=0.176 exact_final_mean_s=0.034 exact_margin_abs_b_max=nan cache_hits=0 cache_misses=0 cache_waits=0
135	2500 	532.546	656.662    	968.719    	157.905	22 	68.9796	143	29.1841
Best individuals of this generation:
sub(mul(sub(aq(a, add(x3, add(mul(sin(x2), exp(a)), add(x1, add(x1, mul(add(x2, sub(x4, x3)), sin(x4))))))), aq(mul(exp(x2), mul(sin(x2), x3)), a)), aq(sin(a), x1)), mul(aq(x3, add(add(mul(add(x2, a), add(a, x1)), sub(a, a)), sub(add(sin(a), a), x2))), mul(sin(x4), exp(x4))))
GPU5 stages: candidates=2500 pre_s=21.232 cheap_candidates=1699 cheap_unique=1699 cheap_s=14.340/40.000 cheap_rejected=250 cheap_a_min=-2.19319323577 cheap_a_p50=-3.4229102753e-05 cheap_a_p95=1.45429375186 cheap_a_max=258.523444033 exact_a_gate=0.15 exact_provisional_penalty=3928.17976309 exact_candidates=1449 exact_unique=1449 full_exact_enabled=1 exact_capacity=1200 exact_waves=134 exact_scheduled=1200 exact_deferred=249 exact_wave=1200/1200 exact_queue_depth=0 exact_pending_instances=249 exact_s=169.362 exact_ok=1200 exact_margin_max=0.172137198886 exact_scan_mean_s=0.041 exact_bisect_mean_s=0.001 exact_polish_mean_s=0.192 exact_final_mean_s=0.025 exact_margin_abs_b_max=nan cache_hits=0 cache_misses=0 cache_waits=0
136	2500 	531.972	656.536    	968.718    	157.894	22 	69.2948	143	29.1902
Best individuals of this generation:
sub(mul(sub(aq(a, add(x3, add(mul(sin(x2), exp(a)), add(x1, add(x1, mul(add(x2, sub(x4, x3)), sin(x4))))))), aq(mul(exp(x2), mul(sin(x2), x3)), a)), aq(sin(a), x1)), mul(aq(x3, add(add(mul(add(x2, a), add(add(add(sub(sin(a), add(add(mul(x2, x2), exp(x4)), sub(exp(x1), mul(a, a)))), sub(add(sin(x1), a), a)), sub(add(a, sub(x4, x4)), x2)), x1)), sub(a, a)), sub(add(sin(a), a), x2))), mul(sin(x4), exp(x4))))
GPU5 stages: candidates=2500 pre_s=21.370 cheap_candidates=1715 cheap_unique=1715 cheap_s=15.811/40.000 cheap_rejected=276 cheap_a_min=-1.96119461721 cheap_a_p50=-1.76023229986e-07 cheap_a_p95=1.26740105832 cheap_a_max=2552.32386298 exact_a_gate=0.15 exact_provisional_penalty=3928.17976309 exact_candidates=1439 exact_unique=1439 full_exact_enabled=1 exact_capacity=1200 exact_waves=134 exact_scheduled=1200 exact_deferred=239 exact_wave=1200/1200 exact_queue_depth=0 exact_pending_instances=239 exact_s=170.615 exact_ok=1200 exact_margin_max=85.0847112187 exact_scan_mean_s=0.039 exact_bisect_mean_s=0.001 exact_polish_mean_s=0.174 exact_final_mean_s=0.023 exact_margin_abs_b_max=nan cache_hits=0 cache_misses=0 cache_waits=0
137	2500 	531.972	656.474    	968.717    	157.933	22 	69.598 	143	29.077 
Best individuals of this generation:
sub(mul(sub(aq(a, add(x3, add(mul(sin(x2), exp(a)), add(x1, add(x1, mul(add(x2, sub(x4, x3)), sin(x4))))))), aq(mul(exp(x2), mul(sin(x2), x3)), a)), aq(sin(a), x1)), mul(aq(x3, add(add(mul(add(x2, a), add(add(add(sub(sin(a), add(add(mul(x2, x2), exp(x4)), sub(exp(x1), mul(a, a)))), sub(add(sin(x1), a), a)), sub(add(a, sub(x4, x4)), x2)), x1)), sub(a, a)), sub(add(sin(a), a), x2))), mul(sin(x4), exp(x4))))
GPU5 stages: candidates=2500 pre_s=21.389 cheap_candidates=1754 cheap_unique=1754 cheap_s=15.778/40.000 cheap_rejected=284 cheap_a_min=-2.31974757358 cheap_a_p50=-5.32660661533e-07 cheap_a_p95=1.26581257085 cheap_a_max=471.532163116 exact_a_gate=0.15 exact_provisional_penalty=3928.17976309 exact_candidates=1470 exact_unique=1470 full_exact_enabled=1 exact_capacity=1200 exact_waves=134 exact_scheduled=1200 exact_deferred=270 exact_wave=1200/1200 exact_queue_depth=0 exact_pending_instances=270 exact_s=170.118 exact_ok=1200 exact_margin_max=1.2000946059 exact_scan_mean_s=0.039 exact_bisect_mean_s=0.001 exact_polish_mean_s=0.178 exact_final_mean_s=0.026 exact_margin_abs_b_max=nan cache_hits=0 cache_misses=0 cache_waits=0
138	2500 	531.972	656.4      	968.717    	157.98 	22 	69.8456	143	29.0777
Best individuals of this generation:
sub(mul(sub(aq(a, add(x3, add(mul(sin(x2), exp(a)), add(x1, add(x1, mul(add(x2, sub(x4, x3)), sin(x4))))))), aq(mul(exp(x2), mul(sin(x2), x3)), a)), aq(sin(a), x1)), mul(aq(x3, add(add(mul(add(x2, a), add(add(add(sub(sin(a), add(add(mul(x2, x2), exp(x4)), sub(exp(x1), mul(a, a)))), sub(add(sin(x1), a), a)), sub(add(a, sub(x4, x4)), x2)), x1)), sub(a, a)), sub(add(sin(a), a), x2))), mul(sin(x4), exp(x4))))
GPU5 stages: candidates=2500 pre_s=21.268 cheap_candidates=1723 cheap_unique=1723 cheap_s=14.051/40.000 cheap_rejected=253 cheap_a_min=-3.04210107816 cheap_a_p50=-2.09535848396e-05 cheap_a_p95=1.15199244653 cheap_a_max=564.11448061 exact_a_gate=0.15 exact_provisional_penalty=3928.17976309 exact_candidates=1470 exact_unique=1470 full_exact_enabled=1 exact_capacity=1200 exact_waves=134 exact_scheduled=1200 exact_deferred=270 exact_wave=1200/1200 exact_queue_depth=0 exact_pending_instances=270 exact_s=169.401 exact_ok=1200 exact_margin_max=0.259043002308 exact_scan_mean_s=0.041 exact_bisect_mean_s=0.001 exact_polish_mean_s=0.183 exact_final_mean_s=0.027 exact_margin_abs_b_max=nan cache_hits=0 cache_misses=0 cache_waits=0
139	2500 	531.972	656.242    	968.716    	157.949	22 	69.638 	141	28.9755
Best individuals of this generation:
sub(mul(sub(aq(a, add(x3, add(mul(sin(x2), exp(a)), add(x1, add(x1, mul(add(x2, sub(x4, x3)), sin(x4))))))), aq(mul(exp(x2), mul(sin(x2), x3)), a)), aq(sin(a), x1)), mul(aq(x3, add(add(mul(add(x2, a), add(add(add(sub(sin(a), add(add(mul(x2, x2), exp(x4)), sub(exp(x1), mul(a, a)))), sub(add(sin(x1), a), a)), sub(add(a, sub(x4, x4)), x2)), x1)), sub(a, a)), sub(add(sin(a), a), x2))), mul(sin(x4), exp(x4))))
GPU5 stages: candidates=2500 pre_s=21.452 cheap_candidates=1760 cheap_unique=1760 cheap_s=15.119/40.000 cheap_rejected=260 cheap_a_min=-3.0778471127 cheap_a_p50=-6.56440100175e-07 cheap_a_p95=1.18323492604 cheap_a_max=927.804307339 exact_a_gate=0.15 exact_provisional_penalty=3928.17976309 exact_candidates=1500 exact_unique=1500 full_exact_enabled=1 exact_capacity=1200 exact_waves=134 exact_scheduled=1200 exact_deferred=300 exact_wave=1200/1200 exact_queue_depth=0 exact_pending_instances=300 exact_s=166.153 exact_ok=1200 exact_margin_max=1.33438822261 exact_scan_mean_s=0.040 exact_bisect_mean_s=0.001 exact_polish_mean_s=0.183 exact_final_mean_s=0.019 exact_margin_abs_b_max=nan cache_hits=0 cache_misses=0 cache_waits=0
140	2500 	531.972	656.086    	968.714    	157.913	22 	69.6568	141	29.116 
Best individuals of this generation:
sub(mul(sub(aq(a, add(x3, add(mul(sin(x2), exp(a)), add(x1, add(x1, mul(add(x2, sub(x4, x3)), sin(x4))))))), aq(mul(exp(x2), mul(sin(x2), x3)), a)), aq(sin(a), x1)), mul(aq(x3, add(add(mul(add(x2, a), add(add(add(sub(sin(a), add(add(mul(x2, x2), exp(x4)), sub(exp(x1), mul(a, a)))), sub(add(sin(x1), a), a)), sub(add(a, sub(x4, x4)), x2)), x1)), sub(a, a)), sub(add(sin(a), a), x2))), mul(sin(x4), exp(x4))))
GPU5 stages: candidates=2500 pre_s=21.164 cheap_candidates=1711 cheap_unique=1711 cheap_s=14.533/40.000 cheap_rejected=253 cheap_a_min=-2.90785798084 cheap_a_p50=-4.97371168857e-05 cheap_a_p95=1.18943636576 cheap_a_max=458.346747412 exact_a_gate=0.15 exact_provisional_penalty=3928.17976309 exact_candidates=1458 exact_unique=1458 full_exact_enabled=1 exact_capacity=1200 exact_waves=134 exact_scheduled=1200 exact_deferred=258 exact_wave=1200/1200 exact_queue_depth=0 exact_pending_instances=258 exact_s=176.480 exact_ok=1200 exact_margin_max=0.619552065141 exact_scan_mean_s=0.039 exact_bisect_mean_s=0.001 exact_polish_mean_s=0.187 exact_final_mean_s=0.025 exact_margin_abs_b_max=nan cache_hits=0 cache_misses=0 cache_waits=0
141	2500 	531.972	655.992    	968.713    	157.974	22 	69.5536	141	29.2677
Best individuals of this generation:
sub(mul(sub(aq(a, add(x3, add(mul(sin(x2), exp(a)), add(x1, add(x1, mul(add(x2, sub(x4, x3)), sin(x4))))))), aq(mul(exp(x2), mul(sin(x2), x3)), a)), aq(sin(a), x1)), mul(aq(x3, add(add(mul(add(x2, a), add(add(add(sub(sin(a), add(add(mul(x2, x2), exp(x4)), sub(exp(x1), mul(a, a)))), sub(add(sin(x1), a), a)), sub(add(a, sub(x4, x4)), x2)), x1)), sub(a, a)), sub(add(sin(a), a), x2))), mul(sin(x4), exp(x4))))
GPU5 stages: candidates=2500 pre_s=21.352 cheap_candidates=1708 cheap_unique=1708 cheap_s=14.483/40.000 cheap_rejected=264 cheap_a_min=-1.65883953692 cheap_a_p50=-9.79629250051e-06 cheap_a_p95=1.17388257996 cheap_a_max=829.971323964 exact_a_gate=0.15 exact_provisional_penalty=3928.17976309 exact_candidates=1444 exact_unique=1444 full_exact_enabled=1 exact_capacity=1200 exact_waves=134 exact_scheduled=1200 exact_deferred=244 exact_wave=1200/1200 exact_queue_depth=0 exact_pending_instances=244 exact_s=172.818 exact_ok=1200 exact_margin_max=5.26766160528 exact_scan_mean_s=0.040 exact_bisect_mean_s=0.000 exact_polish_mean_s=0.181 exact_final_mean_s=0.028 exact_margin_abs_b_max=nan cache_hits=0 cache_misses=0 cache_waits=0
142	2500 	531.972	655.799    	968.712    	157.838	22 	69.4464	141	29.3399
Best individuals of this generation:
sub(mul(sub(aq(a, add(x3, add(mul(sin(x2), exp(a)), add(x1, add(x1, mul(add(x2, sub(x4, x3)), sin(x4))))))), aq(mul(exp(x2), mul(sin(x2), x3)), a)), aq(sin(a), x1)), mul(aq(x3, add(add(mul(add(x2, a), add(add(add(sub(sin(a), add(add(mul(x2, x2), exp(x4)), sub(exp(x1), mul(a, a)))), sub(add(sin(x1), a), a)), sub(add(a, sub(x4, x4)), x2)), x1)), sub(a, a)), sub(add(sin(a), a), x2))), mul(sin(x4), exp(x4))))
GPU5 stages: candidates=2500 pre_s=21.287 cheap_candidates=1717 cheap_unique=1717 cheap_s=15.335/40.000 cheap_rejected=254 cheap_a_min=-3.14545189962 cheap_a_p50=-3.62386086741e-07 cheap_a_p95=1.22635233879 cheap_a_max=2435.08387324 exact_a_gate=0.15 exact_provisional_penalty=3928.17976309 exact_candidates=1463 exact_unique=1463 full_exact_enabled=1 exact_capacity=1200 exact_waves=134 exact_scheduled=1200 exact_deferred=263 exact_wave=1200/1200 exact_queue_depth=0 exact_pending_instances=263 exact_s=171.172 exact_ok=1200 exact_margin_max=0.514435684516 exact_scan_mean_s=0.039 exact_bisect_mean_s=0.001 exact_polish_mean_s=0.179 exact_final_mean_s=0.027 exact_margin_abs_b_max=nan cache_hits=0 cache_misses=0 cache_waits=0
143	2500 	531.972	655.718    	968.712    	157.891	22 	69.4152	138	29.3936
Best individuals of this generation:
sub(mul(sub(aq(a, add(x3, add(mul(sin(x2), exp(a)), add(x1, add(x1, mul(add(x2, sub(x4, x3)), sin(x4))))))), aq(mul(exp(x2), mul(sin(x2), x3)), a)), aq(sin(a), x1)), mul(aq(x3, add(add(mul(add(x2, a), add(add(add(sub(sin(a), add(add(mul(x2, x2), exp(x4)), sub(exp(x1), mul(a, a)))), sub(add(sin(x1), a), a)), sub(add(a, sub(x4, x4)), x2)), x1)), sub(a, a)), sub(add(sin(a), a), x2))), mul(sin(x4), exp(x4))))
GPU5 stages: candidates=2500 pre_s=21.370 cheap_candidates=1712 cheap_unique=1712 cheap_s=14.514/40.000 cheap_rejected=262 cheap_a_min=-0.38708536307 cheap_a_p50=-4.72078983525e-07 cheap_a_p95=1.26144284204 cheap_a_max=573.312679465 exact_a_gate=0.15 exact_provisional_penalty=3928.17976309 exact_candidates=1450 exact_unique=1450 full_exact_enabled=1 exact_capacity=1200 exact_waves=134 exact_scheduled=1200 exact_deferred=250 exact_wave=1200/1200 exact_queue_depth=0 exact_pending_instances=250 exact_s=165.798 exact_ok=1200 exact_margin_max=1.28714863385 exact_scan_mean_s=0.040 exact_bisect_mean_s=0.002 exact_polish_mean_s=0.189 exact_final_mean_s=0.025 exact_margin_abs_b_max=nan cache_hits=0 cache_misses=0 cache_waits=0
144	2500 	531.075	655.561    	968.711    	157.89 	22 	69.5624	138	29.6239
Best individuals of this generation:
sub(mul(sub(aq(a, add(x3, add(mul(sin(x2), exp(a)), add(x1, add(x1, mul(add(sin(x1), sub(x4, x3)), sin(x4))))))), aq(mul(exp(x2), mul(sin(x2), mul(sin(x2), add(sub(x4, add(add(x4, a), sub(exp(x1), mul(a, a)))), sub(add(sin(x1), a), a))))), a)), aq(sin(a), x1)), mul(aq(x3, add(add(sub(x4, x4), sub(add(sub(sin(a), add(add(mul(x2, x2), exp(x4)), sub(exp(x1), mul(a, a)))), a), a)), sub(add(a, a), x2))), mul(sin(x4), exp(sin(x4)))))
GPU5 stages: candidates=2500 pre_s=21.267 cheap_candidates=1723 cheap_unique=1723 cheap_s=15.041/40.000 cheap_rejected=251 cheap_a_min=-0.415039471669 cheap_a_p50=-4.29267743875e-06 cheap_a_p95=1.3399210383 cheap_a_max=1803.42138529 exact_a_gate=0.15 exact_provisional_penalty=3928.17976309 exact_candidates=1472 exact_unique=1472 full_exact_enabled=1 exact_capacity=1200 exact_waves=134 exact_scheduled=1200 exact_deferred=272 exact_wave=1200/1200 exact_queue_depth=0 exact_pending_instances=272 exact_s=174.550 exact_ok=1200 exact_margin_max=16.2277459004 exact_scan_mean_s=0.040 exact_bisect_mean_s=0.001 exact_polish_mean_s=0.191 exact_final_mean_s=0.020 exact_margin_abs_b_max=nan cache_hits=0 cache_misses=0 cache_waits=0
145	2500 	531.075	655.258    	968.71     	157.703	21 	69.496 	138	29.7325
Best individuals of this generation:
sub(mul(sub(aq(a, add(x3, add(mul(sin(x2), exp(a)), add(x1, add(x1, mul(add(sin(x1), sub(x4, x3)), sin(x4))))))), aq(mul(exp(x2), mul(sin(x2), mul(sin(x2), add(sub(x4, add(add(x4, a), sub(exp(x1), mul(a, a)))), sub(add(sin(x1), a), a))))), a)), aq(sin(a), x1)), mul(aq(x3, add(add(sub(x4, x4), sub(add(sub(sin(a), add(add(mul(x2, x2), exp(x4)), sub(exp(x1), mul(a, a)))), a), a)), sub(add(a, a), x2))), mul(sin(x4), exp(sin(x4)))))
GPU5 stages: candidates=2500 pre_s=21.269 cheap_candidates=1704 cheap_unique=1704 cheap_s=14.556/40.000 cheap_rejected=265 cheap_a_min=-1.21793013389 cheap_a_p50=-1.4881507554e-06 cheap_a_p95=1.43490984703 cheap_a_max=5.01274089912e+17 exact_a_gate=0.15 exact_provisional_penalty=3928.17976309 exact_candidates=1439 exact_unique=1439 full_exact_enabled=1 exact_capacity=1200 exact_waves=134 exact_scheduled=1200 exact_deferred=239 exact_wave=1200/1200 exact_queue_depth=0 exact_pending_instances=239 exact_s=174.109 exact_ok=1200 exact_margin_max=0.695470997391 exact_scan_mean_s=0.040 exact_bisect_mean_s=0.001 exact_polish_mean_s=0.185 exact_final_mean_s=0.020 exact_margin_abs_b_max=nan cache_hits=0 cache_misses=0 cache_waits=0
146	2500 	530.477	655.061    	968.71     	157.679	21 	69.4804	138	29.883 
Best individuals of this generation:
sub(mul(sub(aq(a, add(x3, add(mul(sin(x2), exp(a)), add(x1, add(x1, add(x1, add(x1, mul(add(x2, sub(x4, x3)), sin(x4))))))))), aq(mul(exp(x2), mul(sin(x2), x3)), a)), aq(sin(a), x1)), mul(aq(x3, add(add(add(sub(mul(a, a), x2), x4), sub(a, add(sub(x4, add(add(mul(x2, x2), exp(x4)), sub(exp(x1), mul(a, a)))), sub(add(sin(x1), a), a)))), sub(add(a, a), x2))), mul(sin(x4), exp(x4))))
GPU5 stages: candidates=2500 pre_s=21.176 cheap_candidates=1702 cheap_unique=1702 cheap_s=15.136/40.000 cheap_rejected=242 cheap_a_min=-0.380112649394 cheap_a_p50=-4.53304401886e-07 cheap_a_p95=1.21899730571 cheap_a_max=6846.01493734 exact_a_gate=0.15 exact_provisional_penalty=3928.17976309 exact_candidates=1460 exact_unique=1460 full_exact_enabled=1 exact_capacity=1200 exact_waves=134 exact_scheduled=1200 exact_deferred=260 exact_wave=1200/1200 exact_queue_depth=0 exact_pending_instances=260 exact_s=171.060 exact_ok=1200 exact_margin_max=77.4222338123 exact_scan_mean_s=0.039 exact_bisect_mean_s=0.001 exact_polish_mean_s=0.173 exact_final_mean_s=0.023 exact_margin_abs_b_max=nan cache_hits=0 cache_misses=0 cache_waits=0
147	2500 	530.477	654.827    	968.709    	157.441	21 	69.6732	144	30.1702
Best individuals of this generation:
sub(mul(sub(aq(a, add(x3, add(mul(sin(x2), exp(a)), add(x1, add(x1, add(x1, add(x1, mul(add(x2, sub(x4, x3)), sin(x4))))))))), aq(mul(exp(x2), mul(sin(x2), x3)), a)), aq(sin(a), x1)), mul(aq(x3, add(add(add(sub(mul(a, a), x2), x4), sub(a, add(sub(x4, add(add(mul(x2, x2), exp(x4)), sub(exp(x1), mul(a, a)))), sub(add(sin(x1), a), a)))), sub(add(a, a), x2))), mul(sin(x4), exp(x4))))
GPU5 stages: candidates=2500 pre_s=21.357 cheap_candidates=1716 cheap_unique=1716 cheap_s=15.157/40.000 cheap_rejected=266 cheap_a_min=-0.991351635424 cheap_a_p50=-6.75844650936e-07 cheap_a_p95=1.26952429389 cheap_a_max=1473.97737909 exact_a_gate=0.15 exact_provisional_penalty=3928.17976309 exact_candidates=1450 exact_unique=1450 full_exact_enabled=1 exact_capacity=1200 exact_waves=134 exact_scheduled=1200 exact_deferred=250 exact_wave=1200/1200 exact_queue_depth=0 exact_pending_instances=250 exact_s=176.248 exact_ok=1200 exact_margin_max=1.73319332246 exact_scan_mean_s=0.041 exact_bisect_mean_s=0.002 exact_polish_mean_s=0.193 exact_final_mean_s=0.022 exact_margin_abs_b_max=nan cache_hits=0 cache_misses=0 cache_waits=0
148	2500 	528.671	654.563    	968.709    	157.252	21 	69.5824	144	30.2122
Best individuals of this generation:
sub(mul(sub(aq(a, add(x3, add(mul(sin(x2), exp(mul(add(sin(x1), sub(x4, x3)), sin(x4)))), add(x1, add(add(x3, add(mul(sin(x2), exp(a)), add(x1, add(sin(x1), mul(add(sin(x1), sub(x4, x3)), sub(x4, x1)))))), mul(add(sin(x1), sub(x4, x3)), sin(x4))))))), aq(mul(exp(x2), mul(sin(x2), x3)), a)), aq(sin(a), x1)), mul(aq(x3, add(add(sub(sin(a), add(add(mul(x2, x2), exp(x4)), sub(exp(x1), mul(a, a)))), sub(sin(x4), a)), sub(add(a, mul(add(sin(x1), add(x2, mul(add(x3, add(mul(sin(x2), exp(a)), add(x1, x2))), a))), mul(sin(x2), x3))), x4))), mul(sin(x4), exp(x4))))
GPU5 stages: candidates=2500 pre_s=21.410 cheap_candidates=1703 cheap_unique=1703 cheap_s=14.794/40.000 cheap_rejected=258 cheap_a_min=-1.03810038692 cheap_a_p50=-6.02866395514e-06 cheap_a_p95=1.3945188686 cheap_a_max=1429.38952552 exact_a_gate=0.15 exact_provisional_penalty=3928.17976309 exact_candidates=1445 exact_unique=1445 full_exact_enabled=1 exact_capacity=1200 exact_waves=134 exact_scheduled=1200 exact_deferred=245 exact_wave=1200/1200 exact_queue_depth=0 exact_pending_instances=245 exact_s=186.138 exact_ok=1200 exact_margin_max=0.467866286665 exact_scan_mean_s=0.040 exact_bisect_mean_s=0.001 exact_polish_mean_s=0.183 exact_final_mean_s=0.023 exact_margin_abs_b_max=nan cache_hits=0 cache_misses=0 cache_waits=0
149	2500 	528.671	654.332    	968.708    	157.007	21 	69.6008	158	30.4032
Best individuals of this generation:
sub(mul(sub(aq(a, add(x3, add(mul(sin(x2), exp(mul(add(sin(x1), sub(x4, x3)), sin(x4)))), add(x1, add(add(x3, add(mul(sin(x2), exp(a)), add(x1, add(sin(x1), mul(add(sin(x1), sub(x4, x3)), sub(x4, x1)))))), mul(add(sin(x1), sub(x4, x3)), sin(x4))))))), aq(mul(exp(x2), mul(sin(x2), x3)), a)), aq(sin(a), x1)), mul(aq(x3, add(add(sub(sin(a), add(add(mul(x2, x2), exp(x4)), sub(exp(x1), mul(a, a)))), sub(sin(x4), a)), sub(add(a, mul(add(sin(x1), add(x2, mul(add(x3, add(mul(sin(x2), exp(a)), add(x1, x2))), a))), mul(sin(x2), x3))), x4))), mul(sin(x4), exp(x4))))
GPU5 stages: candidates=2500 pre_s=21.210 cheap_candidates=1663 cheap_unique=1663 cheap_s=14.841/40.000 cheap_rejected=267 cheap_a_min=-1.38087756502 cheap_a_p50=-1.59062790715e-05 cheap_a_p95=1.25614984333 cheap_a_max=2400.03166706 exact_a_gate=0.15 exact_provisional_penalty=3928.17976309 exact_candidates=1396 exact_unique=1396 full_exact_enabled=1 exact_capacity=1200 exact_waves=134 exact_scheduled=1200 exact_deferred=196 exact_wave=1200/1200 exact_queue_depth=0 exact_pending_instances=196 exact_s=173.110 exact_ok=1200 exact_margin_max=1.05146371249 exact_scan_mean_s=0.041 exact_bisect_mean_s=0.001 exact_polish_mean_s=0.198 exact_final_mean_s=0.022 exact_margin_abs_b_max=nan cache_hits=0 cache_misses=0 cache_waits=0
150	2500 	528.671	653.802    	968.707    	156.365	21 	69.462 	158	30.3819
Best individuals of this generation:
sub(mul(sub(aq(a, add(x3, add(mul(sin(x2), exp(mul(add(sin(x1), sub(x4, x3)), sin(x4)))), add(x1, add(add(x3, add(mul(sin(x2), exp(a)), add(x1, add(sin(x1), mul(add(sin(x1), sub(x4, x3)), sub(x4, x1)))))), mul(add(sin(x1), sub(x4, x3)), sin(x4))))))), aq(mul(exp(x2), mul(sin(x2), x3)), a)), aq(sin(a), x1)), mul(aq(x3, add(add(sub(sin(a), add(add(mul(x2, x2), exp(x4)), sub(exp(x1), mul(a, a)))), sub(sin(x4), a)), sub(add(a, mul(add(sin(x1), add(x2, mul(add(x3, add(mul(sin(x2), exp(a)), add(x1, x2))), a))), mul(sin(x2), x3))), x4))), mul(sin(x4), exp(x4))))
GPU5 stages: candidates=2500 pre_s=21.269 cheap_candidates=1713 cheap_unique=1713 cheap_s=14.697/40.000 cheap_rejected=255 cheap_a_min=-1.51400037876 cheap_a_p50=-3.69726361013e-06 cheap_a_p95=1.29270223919 cheap_a_max=482.465617413 exact_a_gate=0.15 exact_provisional_penalty=3928.17976309 exact_candidates=1458 exact_unique=1458 full_exact_enabled=1 exact_capacity=1200 exact_waves=134 exact_scheduled=1200 exact_deferred=258 exact_wave=1200/1200 exact_queue_depth=0 exact_pending_instances=258 exact_s=168.775 exact_ok=1200 exact_margin_max=3.70362317587 exact_scan_mean_s=0.039 exact_bisect_mean_s=0.000 exact_polish_mean_s=0.187 exact_final_mean_s=0.020 exact_margin_abs_b_max=nan cache_hits=0 cache_misses=0 cache_waits=0
151	2500 	528.671	652.886    	968.706    	155.092	21 	69.4056	158	30.4347
Best individuals of this generation:
sub(mul(sub(aq(a, add(x3, add(mul(sin(x2), exp(mul(add(sin(x1), sub(x4, x3)), sin(x4)))), add(x1, add(add(x3, add(mul(sin(x2), exp(a)), add(x1, add(sin(x1), mul(add(sin(x1), sub(x4, x3)), sub(x4, x1)))))), mul(add(sin(x1), sub(x4, x3)), sin(x4))))))), aq(mul(exp(x2), mul(sin(x2), x3)), a)), aq(sin(a), x1)), mul(aq(x3, add(add(sub(sin(a), add(add(mul(x2, x2), exp(x4)), sub(exp(x1), mul(a, a)))), sub(sin(x4), a)), sub(add(a, mul(add(sin(x1), add(x2, mul(add(x3, add(mul(sin(x2), exp(a)), add(x1, x2))), a))), mul(sin(x2), x3))), x4))), mul(sin(x4), exp(x4))))
GPU5 stages: candidates=2500 pre_s=21.286 cheap_candidates=1708 cheap_unique=1708 cheap_s=15.865/40.000 cheap_rejected=260 cheap_a_min=-1.71896136869 cheap_a_p50=-4.04733455633e-07 cheap_a_p95=1.43426372584 cheap_a_max=3029.05925448 exact_a_gate=0.15 exact_provisional_penalty=3928.17976309 exact_candidates=1448 exact_unique=1448 full_exact_enabled=1 exact_capacity=1200 exact_waves=134 exact_scheduled=1200 exact_deferred=248 exact_wave=1200/1200 exact_queue_depth=0 exact_pending_instances=248 exact_s=179.276 exact_ok=1200 exact_margin_max=0.480236417851 exact_scan_mean_s=0.040 exact_bisect_mean_s=0.000 exact_polish_mean_s=0.191 exact_final_mean_s=0.018 exact_margin_abs_b_max=nan cache_hits=0 cache_misses=0 cache_waits=0
152	2500 	528.671	652.597    	968.705    	154.804	21 	69.4784	158	30.5126
Best individuals of this generation:
sub(mul(sub(aq(a, add(x3, add(mul(sin(x2), exp(mul(add(sin(x1), sub(x4, x3)), sin(x4)))), add(x1, add(add(x3, add(mul(sin(x2), exp(a)), add(x1, add(sin(x1), mul(add(sin(x1), sub(x4, x3)), sub(x4, x1)))))), mul(add(sin(x1), sub(x4, x3)), sin(x4))))))), aq(mul(exp(x2), mul(sin(x2), x3)), a)), aq(sin(a), x1)), mul(aq(x3, add(add(sub(sin(a), add(add(mul(x2, x2), exp(x4)), sub(exp(x1), mul(a, a)))), sub(sin(x4), a)), sub(add(a, mul(add(sin(x1), add(x2, mul(add(x3, add(mul(sin(x2), exp(a)), add(x1, x2))), a))), mul(sin(x2), x3))), x4))), mul(sin(x4), exp(x4))))
GPU5 stages: candidates=2500 pre_s=21.355 cheap_candidates=1724 cheap_unique=1724 cheap_s=15.256/40.000 cheap_rejected=286 cheap_a_min=-2.02067966306 cheap_a_p50=-5.40818375059e-07 cheap_a_p95=1.29684630934 cheap_a_max=2505857.8973 exact_a_gate=0.15 exact_provisional_penalty=3928.17976309 exact_candidates=1438 exact_unique=1438 full_exact_enabled=1 exact_capacity=1200 exact_waves=134 exact_scheduled=1200 exact_deferred=238 exact_wave=1200/1200 exact_queue_depth=0 exact_pending_instances=238 exact_s=169.464 exact_ok=1200 exact_margin_max=0.922093052228 exact_scan_mean_s=0.040 exact_bisect_mean_s=0.002 exact_polish_mean_s=0.184 exact_final_mean_s=0.017 exact_margin_abs_b_max=nan cache_hits=0 cache_misses=0 cache_waits=0
153	2500 	528.671	651.754    	968.704    	153.603	21 	69.6016	158	30.594 
Best individuals of this generation:
sub(mul(sub(aq(a, add(x3, add(mul(sin(x2), exp(mul(add(sin(x1), sub(x4, x3)), sin(x4)))), add(x1, add(add(x3, add(mul(sin(x2), exp(a)), add(x1, add(sin(x1), mul(add(sin(x1), sub(x4, x3)), sub(x4, x1)))))), mul(add(sin(x1), sub(x4, x3)), sin(x4))))))), aq(mul(exp(x2), mul(sin(x2), x3)), a)), aq(sin(a), x1)), mul(aq(x3, add(add(sub(sin(a), add(add(mul(x2, x2), exp(x4)), sub(exp(x1), mul(a, a)))), sub(sin(x4), a)), sub(add(a, mul(add(sin(x1), add(x2, mul(add(x3, add(mul(sin(x2), exp(a)), add(x1, x2))), a))), mul(sin(x2), x3))), x4))), mul(sin(x4), exp(x4))))
GPU5 stages: candidates=2500 pre_s=21.187 cheap_candidates=1723 cheap_unique=1723 cheap_s=15.473/40.000 cheap_rejected=257 cheap_a_min=-0.146067281557 cheap_a_p50=-5.72377704141e-07 cheap_a_p95=1.29569859768 cheap_a_max=101425091.785 exact_a_gate=0.15 exact_provisional_penalty=3928.17976309 exact_candidates=1466 exact_unique=1466 full_exact_enabled=1 exact_capacity=1200 exact_waves=134 exact_scheduled=1200 exact_deferred=266 exact_wave=1200/1200 exact_queue_depth=0 exact_pending_instances=266 exact_s=174.202 exact_ok=1200 exact_margin_max=13.8403692473 exact_scan_mean_s=0.039 exact_bisect_mean_s=0.002 exact_polish_mean_s=0.183 exact_final_mean_s=0.026 exact_margin_abs_b_max=nan cache_hits=0 cache_misses=0 cache_waits=0
154	2500 	528.671	651.083    	968.703    	152.697	21 	69.394 	158	30.4517
Best individuals of this generation:
sub(mul(sub(aq(a, add(x3, add(mul(sin(x2), exp(mul(add(sin(x1), sub(x4, x3)), sin(x4)))), add(x1, add(add(x3, add(mul(sin(x2), exp(a)), add(x1, add(sin(x1), mul(add(sin(x1), sub(x4, x3)), sub(x4, x1)))))), mul(add(sin(x1), sub(x4, x3)), sin(x4))))))), aq(mul(exp(x2), mul(sin(x2), x3)), a)), aq(sin(a), x1)), mul(aq(x3, add(add(sub(sin(a), add(add(mul(x2, x2), exp(x4)), sub(exp(x1), mul(a, a)))), sub(sin(x4), a)), sub(add(a, mul(add(sin(x1), add(x2, mul(add(x3, add(mul(sin(x2), exp(a)), add(x1, x2))), a))), mul(sin(x2), x3))), x4))), mul(sin(x4), exp(x4))))
GPU5 stages: candidates=2500 pre_s=21.292 cheap_candidates=1700 cheap_unique=1700 cheap_s=15.408/40.000 cheap_rejected=283 cheap_a_min=-0.982165687575 cheap_a_p50=-6.12235334919e-07 cheap_a_p95=1.70740762507 cheap_a_max=8349.87685511 exact_a_gate=0.15 exact_provisional_penalty=3928.17976309 exact_candidates=1417 exact_unique=1417 full_exact_enabled=1 exact_capacity=1200 exact_waves=134 exact_scheduled=1200 exact_deferred=217 exact_wave=1200/1200 exact_queue_depth=0 exact_pending_instances=217 exact_s=176.286 exact_ok=1200 exact_margin_max=2.09512611765 exact_scan_mean_s=0.040 exact_bisect_mean_s=0.002 exact_polish_mean_s=0.191 exact_final_mean_s=0.021 exact_margin_abs_b_max=nan cache_hits=0 cache_misses=0 cache_waits=0
155	2500 	528.671	650.325    	968.702    	151.57 	21 	69.4188	158	30.5392
Best individuals of this generation:
sub(mul(sub(aq(a, add(x3, add(mul(sin(x2), exp(mul(add(sin(x1), sub(x4, x3)), sin(x4)))), add(x1, add(add(x3, add(mul(sin(x2), exp(a)), add(x1, add(sin(x1), mul(add(sin(x1), sub(x4, x3)), sub(x4, x1)))))), mul(add(sin(x1), sub(x4, x3)), sin(x4))))))), aq(mul(exp(x2), mul(sin(x2), x3)), a)), aq(sin(a), x1)), mul(aq(x3, add(add(sub(sin(a), add(add(mul(x2, x2), exp(x4)), sub(exp(x1), mul(a, a)))), sub(sin(x4), a)), sub(add(a, mul(add(sin(x1), add(x2, mul(add(x3, add(mul(sin(x2), exp(a)), add(x1, x2))), a))), mul(sin(x2), x3))), x4))), mul(sin(x4), exp(x4))))
GPU5 stages: candidates=2500 pre_s=21.491 cheap_candidates=1698 cheap_unique=1698 cheap_s=16.449/40.000 cheap_rejected=259 cheap_a_min=-1.03117283779 cheap_a_p50=-1.21038915959e-07 cheap_a_p95=1.41272170945 cheap_a_max=3041.68461945 exact_a_gate=0.15 exact_provisional_penalty=3928.17976309 exact_candidates=1439 exact_unique=1439 full_exact_enabled=1 exact_capacity=1200 exact_waves=134 exact_scheduled=1200 exact_deferred=239 exact_wave=1200/1200 exact_queue_depth=0 exact_pending_instances=239 exact_s=171.296 exact_ok=1200 exact_margin_max=7.82279254429 exact_scan_mean_s=0.039 exact_bisect_mean_s=0.002 exact_polish_mean_s=0.185 exact_final_mean_s=0.018 exact_margin_abs_b_max=nan cache_hits=0 cache_misses=0 cache_waits=0
156	2500 	528.671	649.78     	968.702    	150.745	21 	69.45  	158	30.6179
Best individuals of this generation:
sub(mul(sub(aq(a, add(x3, add(mul(sin(x2), exp(mul(add(sin(x1), sub(x4, x3)), sin(x4)))), add(x1, add(add(x3, add(mul(sin(x2), exp(a)), add(x1, add(sin(x1), mul(add(sin(x1), sub(x4, x3)), sub(x4, x1)))))), mul(add(sin(x1), sub(x4, x3)), sin(x4))))))), aq(mul(exp(x2), mul(sin(x2), x3)), a)), aq(sin(a), x1)), mul(aq(x3, add(add(sub(sin(a), add(add(mul(x2, x2), exp(x4)), sub(exp(x1), mul(a, a)))), sub(sin(x4), a)), sub(add(a, mul(add(sin(x1), add(x2, mul(add(x3, add(mul(sin(x2), exp(a)), add(x1, x2))), a))), mul(sin(x2), x3))), x4))), mul(sin(x4), exp(x4))))
GPU5 stages: candidates=2500 pre_s=21.223 cheap_candidates=1679 cheap_unique=1679 cheap_s=14.679/40.000 cheap_rejected=254 cheap_a_min=-2.58413623698 cheap_a_p50=-5.46925612546e-07 cheap_a_p95=1.18271176975 cheap_a_max=285.347795139 exact_a_gate=0.15 exact_provisional_penalty=3928.17976309 exact_candidates=1425 exact_unique=1425 full_exact_enabled=1 exact_capacity=1200 exact_waves=134 exact_scheduled=1200 exact_deferred=225 exact_wave=1200/1200 exact_queue_depth=0 exact_pending_instances=225 exact_s=167.524 exact_ok=1200 exact_margin_max=1.92731930268 exact_scan_mean_s=0.039 exact_bisect_mean_s=0.001 exact_polish_mean_s=0.179 exact_final_mean_s=0.015 exact_margin_abs_b_max=nan cache_hits=0 cache_misses=0 cache_waits=0
157	2500 	528.671	648.723    	968.701    	149.134	21 	69.302 	158	30.499 
Best individuals of this generation:
sub(mul(sub(aq(a, add(x3, add(mul(sin(x2), exp(mul(add(sin(x1), sub(x4, x3)), sin(x4)))), add(x1, add(add(x3, add(mul(sin(x2), exp(a)), add(x1, add(sin(x1), mul(add(sin(x1), sub(x4, x3)), sub(x4, x1)))))), mul(add(sin(x1), sub(x4, x3)), sin(x4))))))), aq(mul(exp(x2), mul(sin(x2), x3)), a)), aq(sin(a), x1)), mul(aq(x3, add(add(sub(sin(a), add(add(mul(x2, x2), exp(x4)), sub(exp(x1), mul(a, a)))), sub(sin(x4), a)), sub(add(a, mul(add(sin(x1), add(x2, mul(add(x3, add(mul(sin(x2), exp(a)), add(x1, x2))), a))), mul(sin(x2), x3))), x4))), mul(sin(x4), exp(x4))))
GPU5 stages: candidates=2500 pre_s=21.277 cheap_candidates=1684 cheap_unique=1684 cheap_s=15.298/40.000 cheap_rejected=260 cheap_a_min=-1.74243087969 cheap_a_p50=-1.68868034845e-06 cheap_a_p95=1.22842352635 cheap_a_max=429.076323303 exact_a_gate=0.15 exact_provisional_penalty=3928.17976309 exact_candidates=1424 exact_unique=1424 full_exact_enabled=1 exact_capacity=1200 exact_waves=134 exact_scheduled=1200 exact_deferred=224 exact_wave=1200/1200 exact_queue_depth=0 exact_pending_instances=224 exact_s=175.515 exact_ok=1200 exact_margin_max=2.47523357023 exact_scan_mean_s=0.041 exact_bisect_mean_s=0.001 exact_polish_mean_s=0.190 exact_final_mean_s=0.024 exact_margin_abs_b_max=nan cache_hits=0 cache_misses=0 cache_waits=0
158	2500 	528.671	647.624    	968.699    	147.348	21 	69.36  	158	30.554 
Best individuals of this generation:
sub(mul(sub(aq(a, add(x3, add(mul(sin(x2), exp(mul(add(sin(x1), sub(x4, x3)), sin(x4)))), add(x1, add(add(x3, add(mul(sin(x2), exp(a)), add(x1, add(sin(x1), mul(add(sin(x1), sub(x4, x3)), sub(x4, x1)))))), mul(add(sin(x1), sub(x4, x3)), sin(x4))))))), aq(mul(exp(x2), mul(sin(x2), x3)), a)), aq(sin(a), x1)), mul(aq(x3, add(add(sub(sin(a), add(add(mul(x2, x2), exp(x4)), sub(exp(x1), mul(a, a)))), sub(sin(x4), a)), sub(add(a, mul(add(sin(x1), add(x2, mul(add(x3, add(mul(sin(x2), exp(a)), add(x1, x2))), a))), mul(sin(x2), x3))), x4))), mul(sin(x4), exp(x4))))
GPU5 stages: candidates=2500 pre_s=21.450 cheap_candidates=1719 cheap_unique=1719 cheap_s=16.323/40.000 cheap_rejected=274 cheap_a_min=-0.59257426406 cheap_a_p50=-4.41619136003e-07 cheap_a_p95=1.31852000768 cheap_a_max=568.638957474 exact_a_gate=0.15 exact_provisional_penalty=3928.17976309 exact_candidates=1445 exact_unique=1445 full_exact_enabled=1 exact_capacity=1200 exact_waves=134 exact_scheduled=1200 exact_deferred=245 exact_wave=1200/1200 exact_queue_depth=0 exact_pending_instances=245 exact_s=171.071 exact_ok=1200 exact_margin_max=2.8086879978 exact_scan_mean_s=0.039 exact_bisect_mean_s=0.000 exact_polish_mean_s=0.184 exact_final_mean_s=0.020 exact_margin_abs_b_max=nan cache_hits=0 cache_misses=0 cache_waits=0
159	2500 	528.671	646.25     	968.698    	145.063	21 	69.3492	158	30.47  
Best individuals of this generation:
sub(mul(sub(aq(a, add(x3, add(mul(sin(x2), exp(mul(add(sin(x1), sub(x4, x3)), sin(x4)))), add(x1, add(add(x3, add(mul(sin(x2), exp(a)), add(x1, add(sin(x1), mul(add(sin(x1), sub(x4, x3)), sub(x4, x1)))))), mul(add(sin(x1), sub(x4, x3)), sin(x4))))))), aq(mul(exp(x2), mul(sin(x2), x3)), a)), aq(sin(a), x1)), mul(aq(x3, add(add(sub(sin(a), add(add(mul(x2, x2), exp(x4)), sub(exp(x1), mul(a, a)))), sub(sin(x4), a)), sub(add(a, mul(add(sin(x1), add(x2, mul(add(x3, add(mul(sin(x2), exp(a)), add(x1, x2))), a))), mul(sin(x2), x3))), x4))), mul(sin(x4), exp(x4))))
GPU5 stages: candidates=2500 pre_s=21.265 cheap_candidates=1686 cheap_unique=1686 cheap_s=15.600/40.000 cheap_rejected=280 cheap_a_min=-2.34345224798 cheap_a_p50=-1.7681857945e-07 cheap_a_p95=1.61876504885 cheap_a_max=1752.48355552 exact_a_gate=0.15 exact_provisional_penalty=3928.17976309 exact_candidates=1406 exact_unique=1406 full_exact_enabled=1 exact_capacity=1200 exact_waves=134 exact_scheduled=1200 exact_deferred=205 exact_wave=1200/1200 exact_queue_depth=0 exact_pending_instances=205 exact_s=170.701 exact_ok=1200 exact_margin_max=2.799711287 exact_scan_mean_s=0.040 exact_bisect_mean_s=0.001 exact_polish_mean_s=0.186 exact_final_mean_s=0.021 exact_margin_abs_b_max=nan cache_hits=0 cache_misses=0 cache_waits=0
160	2500 	528.671	645.039    	968.696    	143.081	21 	69.4456	158	30.488 
Best individuals of this generation:
sub(mul(sub(aq(a, add(x3, add(mul(sin(x2), exp(mul(add(sin(x1), sub(x4, x3)), sin(x4)))), add(x1, add(add(x3, add(mul(sin(x2), exp(a)), add(x1, add(sin(x1), mul(add(sin(x1), sub(x4, x3)), sub(x4, x1)))))), mul(add(sin(x1), sub(x4, x3)), sin(x4))))))), aq(mul(exp(x2), mul(sin(x2), x3)), a)), aq(sin(a), x1)), mul(aq(x3, add(add(sub(sin(a), add(add(mul(x2, x2), exp(x4)), sub(exp(x1), mul(a, a)))), sub(sin(x4), a)), sub(add(a, mul(add(sin(x1), add(x2, mul(add(x3, add(mul(sin(x2), exp(a)), add(x1, x2))), a))), mul(sin(x2), x3))), x4))), mul(sin(x4), exp(x4))))
GPU5 stages: candidates=2500 pre_s=21.230 cheap_candidates=1673 cheap_unique=1673 cheap_s=15.484/40.000 cheap_rejected=275 cheap_a_min=-1.25710907853 cheap_a_p50=-1.28435200282e-05 cheap_a_p95=1.40360785646 cheap_a_max=531.902684817 exact_a_gate=0.15 exact_provisional_penalty=3928.17976309 exact_candidates=1398 exact_unique=1398 full_exact_enabled=1 exact_capacity=1200 exact_waves=134 exact_scheduled=1200 exact_deferred=198 exact_wave=1200/1200 exact_queue_depth=0 exact_pending_instances=198 exact_s=172.175 exact_ok=1200 exact_margin_max=0.732379740975 exact_scan_mean_s=0.040 exact_bisect_mean_s=0.001 exact_polish_mean_s=0.187 exact_final_mean_s=0.025 exact_margin_abs_b_max=nan cache_hits=0 cache_misses=0 cache_waits=0
161	2500 	528.671	643.254    	968.695    	140.029	21 	69.4852	158	30.3931
Best individuals of this generation:
sub(mul(sub(aq(a, add(x3, add(mul(sin(x2), exp(mul(add(sin(x1), sub(x4, x3)), sin(x4)))), add(x1, add(add(x3, add(mul(sin(x2), exp(a)), add(x1, add(sin(x1), mul(add(sin(x1), sub(x4, x3)), sub(x4, x1)))))), mul(add(sin(x1), sub(x4, x3)), sin(x4))))))), aq(mul(exp(x2), mul(sin(x2), x3)), a)), aq(sin(a), x1)), mul(aq(x3, add(add(sub(sin(a), add(add(mul(x2, x2), exp(x4)), sub(exp(x1), mul(a, a)))), sub(sin(x4), a)), sub(add(a, mul(add(sin(x1), add(x2, mul(add(x3, add(mul(sin(x2), exp(a)), add(x1, x2))), a))), mul(sin(x2), x3))), x4))), mul(sin(x4), exp(x4))))
GPU5 stages: candidates=2500 pre_s=21.229 cheap_candidates=1723 cheap_unique=1723 cheap_s=16.601/40.000 cheap_rejected=288 cheap_a_min=-1.35598216722 cheap_a_p50=-1.31149737282e-07 cheap_a_p95=1.58866023746 cheap_a_max=5462.23218588 exact_a_gate=0.15 exact_provisional_penalty=6759.30856118 exact_candidates=1435 exact_unique=1435 full_exact_enabled=1 exact_capacity=1200 exact_waves=134 exact_scheduled=1200 exact_deferred=235 exact_wave=1200/1200 exact_queue_depth=0 exact_pending_instances=235 exact_s=174.847 exact_ok=1200 exact_margin_max=5.8195511784 exact_scan_mean_s=0.039 exact_bisect_mean_s=0.001 exact_polish_mean_s=0.186 exact_final_mean_s=0.014 exact_margin_abs_b_max=nan cache_hits=0 cache_misses=0 cache_waits=0
162	2500 	528.671	641.436    	968.692    	136.821	21 	69.5748	160	30.3156
Best individuals of this generation:
sub(mul(sub(aq(a, add(x3, add(mul(sin(x2), exp(mul(add(sin(x1), sub(x4, x3)), sin(x4)))), add(x1, add(add(x3, add(mul(sin(x2), exp(a)), add(x1, add(sin(x1), mul(add(sin(x1), sub(x4, x3)), sub(x4, x1)))))), mul(add(sin(x1), sub(x4, x3)), sin(x4))))))), aq(mul(exp(x2), mul(sin(x2), x3)), a)), aq(sin(a), x1)), mul(aq(x3, add(add(sub(sin(a), add(add(mul(x2, x2), exp(x4)), sub(exp(x1), mul(a, a)))), sub(sin(x4), a)), sub(add(a, mul(add(sin(x1), add(x2, mul(add(x3, add(mul(sin(x2), exp(a)), add(x1, x2))), a))), mul(sin(x2), x3))), x4))), mul(sin(x4), exp(x4))))
GPU5 stages: candidates=2500 pre_s=21.442 cheap_candidates=1687 cheap_unique=1687 cheap_s=16.758/40.000 cheap_rejected=287 cheap_a_min=-5.38394380286 cheap_a_p50=5.05691068484e-05 cheap_a_p95=1.3045456822 cheap_a_max=2554.90307743 exact_a_gate=0.15 exact_provisional_penalty=3928.17976309 exact_candidates=1400 exact_unique=1400 full_exact_enabled=1 exact_capacity=1200 exact_waves=134 exact_scheduled=1200 exact_deferred=200 exact_wave=1200/1200 exact_queue_depth=0 exact_pending_instances=200 exact_s=173.325 exact_ok=1200 exact_margin_max=1.34818998044 exact_scan_mean_s=0.040 exact_bisect_mean_s=0.000 exact_polish_mean_s=0.187 exact_final_mean_s=0.016 exact_margin_abs_b_max=nan cache_hits=0 cache_misses=0 cache_waits=0
163	2500 	528.671	639.683    	968.69     	133.58 	21 	69.7184	160	30.1729
Best individuals of this generation:
sub(mul(sub(aq(a, add(x3, add(mul(sin(x2), exp(mul(add(sin(x1), sub(x4, x3)), sin(x4)))), add(x1, add(add(x3, add(mul(sin(x2), exp(a)), add(x1, add(sin(x1), mul(add(sin(x1), sub(x4, x3)), sub(x4, x1)))))), mul(add(sin(x1), sub(x4, x3)), sin(x4))))))), aq(mul(exp(x2), mul(sin(x2), x3)), a)), aq(sin(a), x1)), mul(aq(x3, add(add(sub(sin(a), add(add(mul(x2, x2), exp(x4)), sub(exp(x1), mul(a, a)))), sub(sin(x4), a)), sub(add(a, mul(add(sin(x1), add(x2, mul(add(x3, add(mul(sin(x2), exp(a)), add(x1, x2))), a))), mul(sin(x2), x3))), x4))), mul(sin(x4), exp(x4))))
GPU5 stages: candidates=2500 pre_s=21.424 cheap_candidates=1672 cheap_unique=1672 cheap_s=16.486/40.000 cheap_rejected=252 cheap_a_min=-1.04903866492 cheap_a_p50=1.36501633524e-05 cheap_a_p95=1.19987438262 cheap_a_max=331.02122445 exact_a_gate=0.15 exact_provisional_penalty=3928.17976309 exact_candidates=1420 exact_unique=1420 full_exact_enabled=1 exact_capacity=1200 exact_waves=134 exact_scheduled=1200 exact_deferred=220 exact_wave=1200/1200 exact_queue_depth=0 exact_pending_instances=220 exact_s=181.845 exact_ok=1200 exact_margin_max=213.740835598 exact_scan_mean_s=0.042 exact_bisect_mean_s=0.001 exact_polish_mean_s=0.194 exact_final_mean_s=0.023 exact_margin_abs_b_max=nan cache_hits=0 cache_misses=0 cache_waits=0
164	2500 	528.671	636.478    	968.685    	127.459	21 	70.0124	160	29.8871
Best individuals of this generation:
sub(mul(sub(aq(a, add(x3, add(mul(sin(x2), exp(mul(add(sin(x1), sub(x4, x3)), sin(x4)))), add(x1, add(add(x3, add(mul(sin(x2), exp(a)), add(x1, add(sin(x1), mul(add(sin(x1), sub(x4, x3)), sub(x4, x1)))))), mul(add(sin(x1), sub(x4, x3)), sin(x4))))))), aq(mul(exp(x2), mul(sin(x2), x3)), a)), aq(sin(a), x1)), mul(aq(x3, add(add(sub(sin(a), add(add(mul(x2, x2), exp(x4)), sub(exp(x1), mul(a, a)))), sub(sin(x4), a)), sub(add(a, mul(add(sin(x1), add(x2, mul(add(x3, add(mul(sin(x2), exp(a)), add(x1, x2))), a))), mul(sin(x2), x3))), x4))), mul(sin(x4), exp(x4))))
GPU5 stages: candidates=2500 pre_s=21.422 cheap_candidates=1706 cheap_unique=1706 cheap_s=16.908/40.000 cheap_rejected=285 cheap_a_min=-0.438296819507 cheap_a_p50=5.08859564508e-05 cheap_a_p95=1.38808191016 cheap_a_max=526.232413627 exact_a_gate=0.15 exact_provisional_penalty=3928.17976309 exact_candidates=1421 exact_unique=1421 full_exact_enabled=1 exact_capacity=1200 exact_waves=134 exact_scheduled=1200 exact_deferred=221 exact_wave=1200/1200 exact_queue_depth=0 exact_pending_instances=221 exact_s=173.160 exact_ok=1200 exact_margin_max=12.2194537935 exact_scan_mean_s=0.040 exact_bisect_mean_s=0.001 exact_polish_mean_s=0.184 exact_final_mean_s=0.018 exact_margin_abs_b_max=nan cache_hits=0 cache_misses=0 cache_waits=0
165	2500 	528.671	633.297    	968.678    	120.889	21 	70.1728	160	29.4989
Best individuals of this generation:
sub(mul(sub(aq(a, add(x3, add(mul(sin(x2), exp(mul(add(sin(x1), sub(x4, x3)), sin(x4)))), add(x1, add(add(x3, add(mul(sin(x2), exp(a)), add(x1, add(sin(x1), mul(add(sin(x1), sub(x4, x3)), sub(x4, x1)))))), mul(add(sin(x1), sub(x4, x3)), sin(x4))))))), aq(mul(exp(x2), mul(sin(x2), x3)), a)), aq(sin(a), x1)), mul(aq(x3, add(add(sub(sin(a), add(add(mul(x2, x2), exp(x4)), sub(exp(x1), mul(a, a)))), sub(sin(x4), a)), sub(add(a, mul(add(sin(x1), add(x2, mul(add(x3, add(mul(sin(x2), exp(a)), add(x1, x2))), a))), mul(sin(x2), x3))), x4))), mul(sin(x4), exp(x4))))
GPU5 stages: candidates=2500 pre_s=21.322 cheap_candidates=1728 cheap_unique=1728 cheap_s=17.603/40.000 cheap_rejected=297 cheap_a_min=-0.77426763375 cheap_a_p50=3.6504558322e-05 cheap_a_p95=1.78097291174 cheap_a_max=5656.33887235 exact_a_gate=0.15 exact_provisional_penalty=3928.17976309 exact_candidates=1431 exact_unique=1431 full_exact_enabled=1 exact_capacity=1200 exact_waves=134 exact_scheduled=1200 exact_deferred=231 exact_wave=1200/1200 exact_queue_depth=0 exact_pending_instances=231 exact_s=175.343 exact_ok=1200 exact_margin_max=1.2538992239 exact_scan_mean_s=0.039 exact_bisect_mean_s=0.002 exact_polish_mean_s=0.188 exact_final_mean_s=0.023 exact_margin_abs_b_max=nan cache_hits=0 cache_misses=0 cache_waits=0
166	2500 	528.671	630.222    	957.432    	114.21 	24 	70.398 	160	29.1545
Best individuals of this generation:
sub(mul(sub(aq(a, add(x3, add(mul(sin(x2), exp(mul(add(sin(x1), sub(x4, x3)), sin(x4)))), add(x1, add(add(x3, add(mul(sin(x2), exp(a)), add(x1, add(sin(x1), mul(add(sin(x1), sub(x4, x3)), sub(x4, x1)))))), mul(add(sin(x1), sub(x4, x3)), sin(x4))))))), aq(mul(exp(x2), mul(sin(x2), x3)), a)), aq(sin(a), x1)), mul(aq(x3, add(add(sub(sin(a), add(add(mul(x2, x2), exp(x4)), sub(exp(x1), mul(a, a)))), sub(sin(x4), a)), sub(add(a, mul(add(sin(x1), add(x2, mul(add(x3, add(mul(sin(x2), exp(a)), add(x1, x2))), a))), mul(sin(x2), x3))), x4))), mul(sin(x4), exp(x4))))
GPU5 stages: candidates=2500 pre_s=21.385 cheap_candidates=1683 cheap_unique=1683 cheap_s=17.679/40.000 cheap_rejected=269 cheap_a_min=-0.484960036986 cheap_a_p50=0.000136717366953 cheap_a_p95=1.58680848046 cheap_a_max=1100.89190088 exact_a_gate=0.15 exact_provisional_penalty=3928.17976309 exact_candidates=1414 exact_unique=1414 full_exact_enabled=1 exact_capacity=1200 exact_waves=134 exact_scheduled=1200 exact_deferred=214 exact_wave=1200/1200 exact_queue_depth=0 exact_pending_instances=214 exact_s=174.327 exact_ok=1200 exact_margin_max=0.826911258914 exact_scan_mean_s=0.041 exact_bisect_mean_s=0.001 exact_polish_mean_s=0.184 exact_final_mean_s=0.018 exact_margin_abs_b_max=nan cache_hits=0 cache_misses=0 cache_waits=0
167	2500 	528.671	628.109    	935.222    	109.486	24 	70.3236	160	29.0085
Best individuals of this generation:
sub(mul(sub(aq(a, add(x3, add(mul(sin(x2), exp(mul(add(sin(x1), sub(x4, x3)), sin(x4)))), add(x1, add(add(x3, add(mul(sin(x2), exp(a)), add(x1, add(sin(x1), mul(add(sin(x1), sub(x4, x3)), sub(x4, x1)))))), mul(add(sin(x1), sub(x4, x3)), sin(x4))))))), aq(mul(exp(x2), mul(sin(x2), x3)), a)), aq(sin(a), x1)), mul(aq(x3, add(add(sub(sin(a), add(add(mul(x2, x2), exp(x4)), sub(exp(x1), mul(a, a)))), sub(sin(x4), a)), sub(add(a, mul(add(sin(x1), add(x2, mul(add(x3, add(mul(sin(x2), exp(a)), add(x1, x2))), a))), mul(sin(x2), x3))), x4))), mul(sin(x4), exp(x4))))
GPU5 stages: candidates=2500 pre_s=21.387 cheap_candidates=1698 cheap_unique=1698 cheap_s=17.810/40.000 cheap_rejected=292 cheap_a_min=-0.419947981648 cheap_a_p50=0.000100149329242 cheap_a_p95=1.2891996998 cheap_a_max=1561.77699598 exact_a_gate=0.15 exact_provisional_penalty=3928.17976309 exact_candidates=1406 exact_unique=1406 full_exact_enabled=1 exact_capacity=1200 exact_waves=134 exact_scheduled=1200 exact_deferred=206 exact_wave=1200/1200 exact_queue_depth=0 exact_pending_instances=206 exact_s=178.901 exact_ok=1200 exact_margin_max=197.223279228 exact_scan_mean_s=0.040 exact_bisect_mean_s=0.001 exact_polish_mean_s=0.201 exact_final_mean_s=0.014 exact_margin_abs_b_max=nan cache_hits=0 cache_misses=0 cache_waits=0
168	2500 	528.671	625.821    	908.296    	104.572	24 	70.2676	160	28.8526
Best individuals of this generation:
sub(mul(sub(aq(a, add(x3, add(mul(sin(x2), exp(mul(add(sin(x1), sub(x4, x3)), sin(x4)))), add(x1, add(add(x3, add(mul(sin(x2), exp(a)), add(x1, add(sin(x1), mul(add(sin(x1), sub(x4, x3)), sub(x4, x1)))))), mul(add(sin(x1), sub(x4, x3)), sin(x4))))))), aq(mul(exp(x2), mul(sin(x2), x3)), a)), aq(sin(a), x1)), mul(aq(x3, add(add(sub(sin(a), add(add(mul(x2, x2), exp(x4)), sub(exp(x1), mul(a, a)))), sub(sin(x4), a)), sub(add(a, mul(add(sin(x1), add(x2, mul(add(x3, add(mul(sin(x2), exp(a)), add(x1, x2))), a))), mul(sin(x2), x3))), x4))), mul(sin(x4), exp(x4))))
GPU5 stages: candidates=2500 pre_s=21.396 cheap_candidates=1680 cheap_unique=1680 cheap_s=17.606/40.000 cheap_rejected=275 cheap_a_min=-2.13853739099 cheap_a_p50=0.000135040559394 cheap_a_p95=1.2985097591 cheap_a_max=594.917223355 exact_a_gate=0.15 exact_provisional_penalty=3928.17976309 exact_candidates=1405 exact_unique=1405 full_exact_enabled=1 exact_capacity=1200 exact_waves=134 exact_scheduled=1200 exact_deferred=205 exact_wave=1200/1200 exact_queue_depth=0 exact_pending_instances=205 exact_s=174.798 exact_ok=1200 exact_margin_max=2.66811906383 exact_scan_mean_s=0.040 exact_bisect_mean_s=0.002 exact_polish_mean_s=0.194 exact_final_mean_s=0.018 exact_margin_abs_b_max=nan cache_hits=0 cache_misses=0 cache_waits=0
169	2500 	528.671	624.409    	884.075    	101.665	24 	70.25  	160	28.8013
Best individuals of this generation:
sub(mul(sub(aq(a, add(x3, add(mul(sin(x2), exp(mul(add(sin(x1), sub(x4, x3)), sin(x4)))), add(x1, add(add(x3, add(mul(sin(x2), exp(a)), add(x1, add(sin(x1), mul(add(sin(x1), sub(x4, x3)), sub(x4, x1)))))), mul(add(sin(x1), sub(x4, x3)), sin(x4))))))), aq(mul(exp(x2), mul(sin(x2), x3)), a)), aq(sin(a), x1)), mul(aq(x3, add(add(sub(sin(a), add(add(mul(x2, x2), exp(x4)), sub(exp(x1), mul(a, a)))), sub(sin(x4), a)), sub(add(a, mul(add(sin(x1), add(x2, mul(add(x3, add(mul(sin(x2), exp(a)), add(x1, x2))), a))), mul(sin(x2), x3))), x4))), mul(sin(x4), exp(x4))))
GPU5 stages: candidates=2500 pre_s=21.332 cheap_candidates=1662 cheap_unique=1662 cheap_s=17.470/40.000 cheap_rejected=278 cheap_a_min=-3.22908688643 cheap_a_p50=0.000129564942006 cheap_a_p95=1.41627971976 cheap_a_max=205.721393299 exact_a_gate=0.15 exact_provisional_penalty=3928.17976309 exact_candidates=1384 exact_unique=1384 full_exact_enabled=1 exact_capacity=1200 exact_waves=134 exact_scheduled=1200 exact_deferred=184 exact_wave=1200/1200 exact_queue_depth=0 exact_pending_instances=184 exact_s=180.278 exact_ok=1200 exact_margin_max=1.57874717555 exact_scan_mean_s=0.041 exact_bisect_mean_s=0.001 exact_polish_mean_s=0.196 exact_final_mean_s=0.011 exact_margin_abs_b_max=nan cache_hits=0 cache_misses=0 cache_waits=0
170	2500 	528.671	623.345    	864.627    	99.4883	24 	70.2892	160	28.762 
Best individuals of this generation:
sub(mul(sub(aq(a, add(x3, add(mul(sin(x2), exp(mul(add(sin(x1), sub(x4, x3)), sin(x4)))), add(x1, add(add(x3, add(mul(sin(x2), exp(a)), add(x1, add(sin(x1), mul(add(sin(x1), sub(x4, x3)), sub(x4, x1)))))), mul(add(sin(x1), sub(x4, x3)), sin(x4))))))), aq(mul(exp(x2), mul(sin(x2), x3)), a)), aq(sin(a), x1)), mul(aq(x3, add(add(sub(sin(a), add(add(mul(x2, x2), exp(x4)), sub(exp(x1), mul(a, a)))), sub(sin(x4), a)), sub(add(a, mul(add(sin(x1), add(x2, mul(add(x3, add(mul(sin(x2), exp(a)), add(x1, x2))), a))), mul(sin(x2), x3))), x4))), mul(sin(x4), exp(x4))))
GPU5 stages: candidates=2500 pre_s=21.465 cheap_candidates=1704 cheap_unique=1704 cheap_s=17.662/40.000 cheap_rejected=283 cheap_a_min=-0.396422514084 cheap_a_p50=0.000145162908922 cheap_a_p95=1.22882469545 cheap_a_max=530.755040741 exact_a_gate=0.15 exact_provisional_penalty=5145.34283978 exact_candidates=1421 exact_unique=1421 full_exact_enabled=1 exact_capacity=1200 exact_waves=134 exact_scheduled=1200 exact_deferred=221 exact_wave=1200/1200 exact_queue_depth=0 exact_pending_instances=221 exact_s=173.350 exact_ok=1200 exact_margin_max=0.680354411793 exact_scan_mean_s=0.041 exact_bisect_mean_s=0.001 exact_polish_mean_s=0.191 exact_final_mean_s=0.016 exact_margin_abs_b_max=nan cache_hits=0 cache_misses=0 cache_waits=0
171	2500 	528.671	622.659    	849.87     	98.269 	24 	70.4256	160	28.7609
Best individuals of this generation:
sub(mul(sub(aq(a, add(x3, add(mul(sin(x2), exp(mul(add(sin(x1), sub(x4, x3)), sin(x4)))), add(x1, add(add(x3, add(mul(sin(x2), exp(a)), add(x1, add(sin(x1), mul(add(sin(x1), sub(x4, x3)), sub(x4, x1)))))), mul(add(sin(x1), sub(x4, x3)), sin(x4))))))), aq(mul(exp(x2), mul(sin(x2), x3)), a)), aq(sin(a), x1)), mul(aq(x3, add(add(sub(sin(a), add(add(mul(x2, x2), exp(x4)), sub(exp(x1), mul(a, a)))), sub(sin(x4), a)), sub(add(a, mul(add(sin(x1), add(x2, mul(add(x3, add(mul(sin(x2), exp(a)), add(x1, x2))), a))), mul(sin(x2), x3))), x4))), mul(sin(x4), exp(x4))))
GPU5 stages: candidates=2500 pre_s=21.508 cheap_candidates=1674 cheap_unique=1674 cheap_s=17.413/40.000 cheap_rejected=279 cheap_a_min=-1.11979223393 cheap_a_p50=0.000146876823708 cheap_a_p95=1.68236478474 cheap_a_max=1912.72813409 exact_a_gate=0.15 exact_provisional_penalty=3928.17976309 exact_candidates=1395 exact_unique=1395 full_exact_enabled=1 exact_capacity=1200 exact_waves=134 exact_scheduled=1200 exact_deferred=195 exact_wave=1200/1200 exact_queue_depth=0 exact_pending_instances=195 exact_s=170.673 exact_ok=1200 exact_margin_max=1.25220618072 exact_scan_mean_s=0.041 exact_bisect_mean_s=0.003 exact_polish_mean_s=0.188 exact_final_mean_s=0.015 exact_margin_abs_b_max=nan cache_hits=0 cache_misses=0 cache_waits=0
172	2500 	528.671	621.985    	834.22     	97.0815	24 	70.5744	160	28.7468
Best individuals of this generation:
sub(mul(sub(aq(a, add(x3, add(mul(sin(x2), exp(mul(add(sin(x1), sub(x4, x3)), sin(x4)))), add(x1, add(add(x3, add(mul(sin(x2), exp(a)), add(x1, add(sin(x1), mul(add(sin(x1), sub(x4, x3)), sub(x4, x1)))))), mul(add(sin(x1), sub(x4, x3)), sin(x4))))))), aq(mul(exp(x2), mul(sin(x2), x3)), a)), aq(sin(a), x1)), mul(aq(x3, add(add(sub(sin(a), add(add(mul(x2, x2), exp(x4)), sub(exp(x1), mul(a, a)))), sub(sin(x4), a)), sub(add(a, mul(add(sin(x1), add(x2, mul(add(x3, add(mul(sin(x2), exp(a)), add(x1, x2))), a))), mul(sin(x2), x3))), x4))), mul(sin(x4), exp(x4))))
GPU5 stages: candidates=2500 pre_s=21.559 cheap_candidates=1719 cheap_unique=1719 cheap_s=18.209/40.000 cheap_rejected=301 cheap_a_min=-0.769962944831 cheap_a_p50=0.000191977395009 cheap_a_p95=1.40072839519 cheap_a_max=1107.30413078 exact_a_gate=0.15 exact_provisional_penalty=3928.17976309 exact_candidates=1418 exact_unique=1418 full_exact_enabled=1 exact_capacity=1200 exact_waves=134 exact_scheduled=1200 exact_deferred=218 exact_wave=1200/1200 exact_queue_depth=0 exact_pending_instances=218 exact_s=186.158 exact_ok=1200 exact_margin_max=1.24961071708 exact_scan_mean_s=0.041 exact_bisect_mean_s=0.002 exact_polish_mean_s=0.204 exact_final_mean_s=0.023 exact_margin_abs_b_max=nan cache_hits=0 cache_misses=0 cache_waits=0
173	2500 	455.606	621.469    	822.372    	96.3474	24 	70.8224	148	28.6923
Best individuals of this generation:
sub(mul(sub(aq(a, add(x3, add(mul(sin(x2), exp(a)), add(x1, add(x1, add(x2, sub(x4, add(x1, x3)))))))), aq(mul(exp(x2), mul(sin(x2), x3)), a)), aq(sin(a), x1)), mul(aq(x3, add(add(mul(add(x2, a), add(a, x1)), sub(a, a)), sub(sub(x4, x4), x2))), mul(sub(x4, x3), exp(x4))))
GPU5 stages: candidates=2500 pre_s=21.340 cheap_candidates=1706 cheap_unique=1706 cheap_s=19.183/40.000 cheap_rejected=278 cheap_a_min=-0.824872014238 cheap_a_p50=0.000232189876001 cheap_a_p95=1.38646841789 cheap_a_max=628.346130442 exact_a_gate=0.15 exact_provisional_penalty=3928.17976309 exact_candidates=1428 exact_unique=1428 full_exact_enabled=1 exact_capacity=1200 exact_waves=134 exact_scheduled=1200 exact_deferred=227 exact_wave=1200/1200 exact_queue_depth=0 exact_pending_instances=227 exact_s=172.058 exact_ok=1200 exact_margin_max=2.09689615155 exact_scan_mean_s=0.040 exact_bisect_mean_s=0.001 exact_polish_mean_s=0.190 exact_final_mean_s=0.013 exact_margin_abs_b_max=nan cache_hits=0 cache_misses=0 cache_waits=0
174	2500 	455.606	621.102    	817.664    	95.7843	24 	70.9996	148	28.6664
Best individuals of this generation:
sub(mul(sub(aq(a, add(x3, add(mul(sin(x2), exp(a)), add(x1, add(x1, add(x2, sub(x4, add(x1, x3)))))))), aq(mul(exp(x2), mul(sin(x2), x3)), a)), aq(sin(a), x1)), mul(aq(x3, add(add(mul(add(x2, a), add(a, x1)), sub(a, a)), sub(sub(x4, x4), x2))), mul(sub(x4, x3), exp(x4))))
GPU5 stages: candidates=2500 pre_s=21.608 cheap_candidates=1730 cheap_unique=1730 cheap_s=18.563/40.000 cheap_rejected=300 cheap_a_min=-0.711767180073 cheap_a_p50=0.000188645006866 cheap_a_p95=1.36235582122 cheap_a_max=291.852908991 exact_a_gate=0.15 exact_provisional_penalty=3928.17976309 exact_candidates=1430 exact_unique=1430 full_exact_enabled=1 exact_capacity=1200 exact_waves=134 exact_scheduled=1200 exact_deferred=230 exact_wave=1200/1200 exact_queue_depth=0 exact_pending_instances=230 exact_s=170.105 exact_ok=1200 exact_margin_max=0.483172419545 exact_scan_mean_s=0.041 exact_bisect_mean_s=0.001 exact_polish_mean_s=0.194 exact_final_mean_s=0.014 exact_margin_abs_b_max=nan cache_hits=0 cache_misses=0 cache_waits=0
175	2500 	455.606	620.852    	814.371    	95.4027	24 	71.0416	148	28.542 
Best individuals of this generation:
sub(mul(sub(aq(a, add(x3, add(mul(sin(x2), exp(a)), add(x1, add(x1, add(x2, sub(x4, add(x1, x3)))))))), aq(mul(exp(x2), mul(sin(x2), x3)), a)), aq(sin(a), x1)), mul(aq(x3, add(add(mul(add(x2, a), add(a, x1)), sub(a, a)), sub(sub(x4, x4), x2))), mul(sub(x4, x3), exp(x4))))
GPU5 stages: candidates=2500 pre_s=21.526 cheap_candidates=1680 cheap_unique=1680 cheap_s=18.192/40.000 cheap_rejected=316 cheap_a_min=-0.824341611678 cheap_a_p50=0.000250808029996 cheap_a_p95=1.90407207428 cheap_a_max=6453.26519275 exact_a_gate=0.15 exact_provisional_penalty=3928.17976309 exact_candidates=1364 exact_unique=1364 full_exact_enabled=1 exact_capacity=1200 exact_waves=134 exact_scheduled=1200 exact_deferred=164 exact_wave=1200/1200 exact_queue_depth=0 exact_pending_instances=164 exact_s=175.017 exact_ok=1200 exact_margin_max=0.713673679108 exact_scan_mean_s=0.040 exact_bisect_mean_s=0.002 exact_polish_mean_s=0.200 exact_final_mean_s=0.015 exact_margin_abs_b_max=nan cache_hits=0 cache_misses=0 cache_waits=0
176	2500 	455.606	620.653    	812.729    	95.188 	24 	71.092 	148	28.5673
Best individuals of this generation:
sub(mul(sub(aq(a, add(x3, add(mul(sin(x2), exp(a)), add(x1, add(x1, add(x2, sub(x4, add(x1, x3)))))))), aq(mul(exp(x2), mul(sin(x2), x3)), a)), aq(sin(a), x1)), mul(aq(x3, add(add(mul(add(x2, a), add(a, x1)), sub(a, a)), sub(sub(x4, x4), x2))), mul(sub(x4, x3), exp(x4))))
GPU5 stages: candidates=2500 pre_s=21.330 cheap_candidates=1691 cheap_unique=1691 cheap_s=18.176/40.000 cheap_rejected=297 cheap_a_min=-0.944330983384 cheap_a_p50=0.000222497143321 cheap_a_p95=1.55487599134 cheap_a_max=1048.8160819 exact_a_gate=0.15 exact_provisional_penalty=3928.17976309 exact_candidates=1394 exact_unique=1394 full_exact_enabled=1 exact_capacity=1200 exact_waves=134 exact_scheduled=1200 exact_deferred=194 exact_wave=1200/1200 exact_queue_depth=0 exact_pending_instances=194 exact_s=173.604 exact_ok=1200 exact_margin_max=0.66388980179 exact_scan_mean_s=0.039 exact_bisect_mean_s=0.001 exact_polish_mean_s=0.195 exact_final_mean_s=0.007 exact_margin_abs_b_max=nan cache_hits=0 cache_misses=0 cache_waits=0
177	2500 	402.69 	620.367    	810.621    	95.1201	24 	71.3636	148	28.6222
Best individuals of this generation:
sub(mul(sub(aq(a, add(x3, add(mul(sin(x2), exp(a)), add(x1, add(x1, add(x2, sub(x4, add(x1, x3)))))))), aq(mul(exp(x2), mul(sin(x2), x3)), a)), aq(sin(a), x1)), mul(aq(x3, add(add(mul(add(x2, a), add(a, x1)), sub(a, a)), sub(sub(x4, x4), x2))), mul(sub(x4, x3), exp(x4))))
GPU5 stages: candidates=2500 pre_s=21.688 cheap_candidates=1732 cheap_unique=1732 cheap_s=19.373/40.000 cheap_rejected=327 cheap_a_min=-2.58166670468 cheap_a_p50=0.000227601993951 cheap_a_p95=1.58078819451 cheap_a_max=1015.17498174 exact_a_gate=0.15 exact_provisional_penalty=3928.17976309 exact_candidates=1405 exact_unique=1405 full_exact_enabled=1 exact_capacity=1200 exact_waves=134 exact_scheduled=1200 exact_deferred=205 exact_wave=1200/1200 exact_queue_depth=0 exact_pending_instances=205 exact_s=169.795 exact_ok=1200 exact_margin_max=0.916104355995 exact_scan_mean_s=0.040 exact_bisect_mean_s=0.002 exact_polish_mean_s=0.197 exact_final_mean_s=0.018 exact_margin_abs_b_max=nan cache_hits=0 cache_misses=0 cache_waits=0
178	2500 	402.69 	620.115    	809.132    	94.7963	24 	71.6792	148	28.7108
Best individuals of this generation:
sub(mul(sub(aq(a, add(x3, add(mul(sin(x2), exp(a)), add(x1, add(x1, add(x2, sub(x4, add(x1, x3)))))))), aq(mul(exp(x2), mul(sin(x2), x3)), a)), aq(sin(a), x1)), mul(aq(x3, add(add(mul(add(x2, a), add(a, x1)), sub(a, a)), sub(sub(x4, x4), x2))), mul(sub(x4, x3), exp(x4))))
GPU5 stages: candidates=2500 pre_s=21.466 cheap_candidates=1735 cheap_unique=1735 cheap_s=19.268/40.000 cheap_rejected=296 cheap_a_min=-0.637219773279 cheap_a_p50=0.000258471330891 cheap_a_p95=1.39056298081 cheap_a_max=424.753963046 exact_a_gate=0.15 exact_provisional_penalty=3928.17976309 exact_candidates=1439 exact_unique=1439 full_exact_enabled=1 exact_capacity=1200 exact_waves=134 exact_scheduled=1200 exact_deferred=239 exact_wave=1200/1200 exact_queue_depth=0 exact_pending_instances=239 exact_s=168.784 exact_ok=1200 exact_margin_max=1.28810500196 exact_scan_mean_s=0.041 exact_bisect_mean_s=0.001 exact_polish_mean_s=0.193 exact_final_mean_s=0.010 exact_margin_abs_b_max=nan cache_hits=0 cache_misses=0 cache_waits=0
179	2500 	402.69 	619.855    	807.727    	94.4281	24 	71.8832	148	28.7263
Best individuals of this generation:
sub(mul(sub(aq(a, add(x3, add(mul(sin(x2), exp(a)), add(x1, add(x1, add(x2, sub(x4, add(x1, x3)))))))), aq(mul(exp(x2), mul(sin(x2), x3)), a)), aq(sin(a), x1)), mul(aq(x3, add(add(mul(add(x2, a), add(a, x1)), sub(a, a)), sub(sub(x4, x4), x2))), mul(sub(x4, x3), exp(x4))))
GPU5 stages: candidates=2500 pre_s=21.488 cheap_candidates=1707 cheap_unique=1707 cheap_s=19.281/40.000 cheap_rejected=296 cheap_a_min=-1.79922019804 cheap_a_p50=0.000329832902403 cheap_a_p95=2.07449287308 cheap_a_max=873.923491459 exact_a_gate=0.15 exact_provisional_penalty=3928.17976309 exact_candidates=1411 exact_unique=1411 full_exact_enabled=1 exact_capacity=1200 exact_waves=134 exact_scheduled=1200 exact_deferred=211 exact_wave=1200/1200 exact_queue_depth=0 exact_pending_instances=211 exact_s=176.315 exact_ok=1200 exact_margin_max=18.9779139527 exact_scan_mean_s=0.043 exact_bisect_mean_s=0.002 exact_polish_mean_s=0.198 exact_final_mean_s=0.017 exact_margin_abs_b_max=nan cache_hits=0 cache_misses=0 cache_waits=0
180	2500 	402.69 	619.662    	806.942    	94.2401	24 	72.0308	148	28.8153
Best individuals of this generation:
sub(mul(sub(aq(a, add(x3, add(mul(sin(x2), exp(a)), add(x1, add(x1, add(x2, sub(x4, add(x1, x3)))))))), aq(mul(exp(x2), mul(sin(x2), x3)), a)), aq(sin(a), x1)), mul(aq(x3, add(add(mul(add(x2, a), add(a, x1)), sub(a, a)), sub(sub(x4, x4), x2))), mul(sub(x4, x3), exp(x4))))
GPU5 stages: candidates=2500 pre_s=21.428 cheap_candidates=1709 cheap_unique=1709 cheap_s=18.963/40.000 cheap_rejected=290 cheap_a_min=-0.327058631975 cheap_a_p50=0.000217779608102 cheap_a_p95=1.29709220721 cheap_a_max=230.026385301 exact_a_gate=0.15 exact_provisional_penalty=3928.17976309 exact_candidates=1419 exact_unique=1419 full_exact_enabled=1 exact_capacity=1200 exact_waves=134 exact_scheduled=1200 exact_deferred=219 exact_wave=1200/1200 exact_queue_depth=0 exact_pending_instances=219 exact_s=173.618 exact_ok=1200 exact_margin_max=1.14929707577 exact_scan_mean_s=0.039 exact_bisect_mean_s=0.001 exact_polish_mean_s=0.193 exact_final_mean_s=0.012 exact_margin_abs_b_max=nan cache_hits=0 cache_misses=0 cache_waits=0
181	2500 	402.69 	619.363    	806.311    	93.9038	24 	72.2736	148	28.6909
Best individuals of this generation:
sub(mul(sub(aq(a, add(x3, add(mul(sin(x2), exp(a)), add(x1, add(x1, add(x2, sub(x4, add(x1, x3)))))))), aq(mul(exp(x2), mul(sin(x2), x3)), a)), aq(sin(a), x1)), mul(aq(x3, add(add(mul(add(x2, a), add(a, x1)), sub(a, a)), sub(sub(x4, x4), x2))), mul(sub(x4, x3), exp(x4))))
GPU5 stages: candidates=2500 pre_s=21.486 cheap_candidates=1687 cheap_unique=1687 cheap_s=18.516/40.000 cheap_rejected=296 cheap_a_min=-2.75672486792 cheap_a_p50=0.000211173776131 cheap_a_p95=1.90023539505 cheap_a_max=3598.65339497 exact_a_gate=0.15 exact_provisional_penalty=3928.17976309 exact_candidates=1391 exact_unique=1391 full_exact_enabled=1 exact_capacity=1200 exact_waves=134 exact_scheduled=1200 exact_deferred=191 exact_wave=1200/1200 exact_queue_depth=0 exact_pending_instances=191 exact_s=176.901 exact_ok=1200 exact_margin_max=0.80276355077 exact_scan_mean_s=0.040 exact_bisect_mean_s=0.001 exact_polish_mean_s=0.205 exact_final_mean_s=0.017 exact_margin_abs_b_max=nan cache_hits=0 cache_misses=0 cache_waits=0
182	2500 	402.69 	619.172    	805.949    	93.771 	24 	72.4288	148	28.7367
Best individuals of this generation:
sub(mul(sub(aq(a, add(x3, add(mul(sin(x2), exp(a)), add(x1, add(x1, add(x2, sub(x4, add(x1, x3)))))))), aq(mul(exp(x2), mul(sin(x2), x3)), a)), aq(sin(a), x1)), mul(aq(x3, add(add(mul(add(x2, a), add(a, x1)), sub(a, a)), sub(sub(x4, x4), x2))), mul(sub(x4, x3), exp(x4))))
GPU5 stages: candidates=2500 pre_s=21.562 cheap_candidates=1708 cheap_unique=1708 cheap_s=19.959/40.000 cheap_rejected=300 cheap_a_min=-0.34025362648 cheap_a_p50=0.00037898807945 cheap_a_p95=1.63826745386 cheap_a_max=748.661126949 exact_a_gate=0.15 exact_provisional_penalty=3928.17976309 exact_candidates=1408 exact_unique=1408 full_exact_enabled=1 exact_capacity=1200 exact_waves=134 exact_scheduled=1200 exact_deferred=208 exact_wave=1200/1200 exact_queue_depth=0 exact_pending_instances=208 exact_s=181.553 exact_ok=1200 exact_margin_max=40184.1743168 exact_scan_mean_s=0.042 exact_bisect_mean_s=0.008 exact_polish_mean_s=0.200 exact_final_mean_s=0.022 exact_margin_abs_b_max=1.33e-07 cache_hits=0 cache_misses=0 cache_waits=0
183	2500 	402.69 	618.841    	805.63     	93.412 	24 	72.6712	139	28.6996
Best individuals of this generation:
sub(mul(sub(aq(a, add(x3, add(mul(sin(x2), exp(a)), add(x1, add(x1, add(x2, sub(x4, add(x1, x3)))))))), aq(mul(exp(x2), mul(sin(x2), x3)), a)), aq(sin(a), x1)), mul(aq(x3, add(add(mul(add(x2, a), add(a, x1)), sub(a, a)), sub(sub(x4, x4), x2))), mul(sub(x4, x3), exp(x4))))
GPU5 stages: candidates=2500 pre_s=21.495 cheap_candidates=1720 cheap_unique=1720 cheap_s=19.176/40.000 cheap_rejected=303 cheap_a_min=-0.35557708115 cheap_a_p50=0.000252731002213 cheap_a_p95=1.7822041126 cheap_a_max=1438.5310571 exact_a_gate=0.15 exact_provisional_penalty=3928.17976309 exact_candidates=1417 exact_unique=1417 full_exact_enabled=1 exact_capacity=1200 exact_waves=134 exact_scheduled=1200 exact_deferred=217 exact_wave=1200/1200 exact_queue_depth=0 exact_pending_instances=217 exact_s=172.546 exact_ok=1200 exact_margin_max=0.519453494365 exact_scan_mean_s=0.042 exact_bisect_mean_s=0.002 exact_polish_mean_s=0.196 exact_final_mean_s=0.018 exact_margin_abs_b_max=nan cache_hits=0 cache_misses=0 cache_waits=0
184	2500 	401.572	618.472    	805.255    	93.3831	26 	72.694 	139	28.5533
Best individuals of this generation:
sub(mul(sub(aq(a, add(x3, add(mul(sin(x2), exp(a)), add(x1, add(x1, add(x2, sub(x4, add(x1, x3)))))))), aq(mul(exp(x2), mul(sin(x3), x3)), a)), aq(sin(a), x1)), mul(aq(x3, add(add(mul(add(x2, a), add(a, x1)), sub(a, a)), sub(sub(x4, x4), x2))), mul(sub(x4, x3), exp(x4))))
GPU5 stages: candidates=2500 pre_s=21.420 cheap_candidates=1745 cheap_unique=1745 cheap_s=19.187/40.000 cheap_rejected=321 cheap_a_min=-3.11264535228 cheap_a_p50=0.000149930335845 cheap_a_p95=1.6290379477 cheap_a_max=371.598749166 exact_a_gate=0.15 exact_provisional_penalty=3928.17976309 exact_candidates=1424 exact_unique=1424 full_exact_enabled=1 exact_capacity=1200 exact_waves=134 exact_scheduled=1200 exact_deferred=224 exact_wave=1200/1200 exact_queue_depth=0 exact_pending_instances=224 exact_s=172.765 exact_ok=1200 exact_margin_max=3.70825388853 exact_scan_mean_s=0.039 exact_bisect_mean_s=0.001 exact_polish_mean_s=0.194 exact_final_mean_s=0.012 exact_margin_abs_b_max=nan cache_hits=0 cache_misses=0 cache_waits=0
185	2500 	401.572	618.055    	804.924    	93.2318	26 	72.8896	139	28.3243
Best individuals of this generation:
sub(mul(sub(aq(a, add(x3, add(mul(sin(x2), exp(a)), add(x1, add(x1, add(x2, sub(x4, add(x1, x3)))))))), aq(mul(exp(x2), mul(sin(x3), x3)), a)), aq(sin(a), x1)), mul(aq(x3, add(add(mul(add(x2, a), add(a, x1)), sub(a, a)), sub(sub(x4, x4), x2))), mul(sub(x4, x3), exp(x4))))
GPU5 stages: candidates=2500 pre_s=21.437 cheap_candidates=1727 cheap_unique=1727 cheap_s=19.387/40.000 cheap_rejected=310 cheap_a_min=-0.50163329875 cheap_a_p50=0.000157198951835 cheap_a_p95=1.36949434775 cheap_a_max=7212422.25491 exact_a_gate=0.15 exact_provisional_penalty=3928.17976309 exact_candidates=1417 exact_unique=1417 full_exact_enabled=1 exact_capacity=1200 exact_waves=134 exact_scheduled=1200 exact_deferred=217 exact_wave=1200/1200 exact_queue_depth=0 exact_pending_instances=217 exact_s=171.826 exact_ok=1200 exact_margin_max=3.49968069374 exact_scan_mean_s=0.040 exact_bisect_mean_s=0.001 exact_polish_mean_s=0.197 exact_final_mean_s=0.017 exact_margin_abs_b_max=nan cache_hits=0 cache_misses=0 cache_waits=0
186	2500 	401.572	617.67     	804.441    	92.7086	26 	72.9372	139	28.0506
Best individuals of this generation:
sub(mul(sub(aq(a, add(x3, add(mul(sin(x2), exp(a)), add(x1, add(x1, add(x2, sub(x4, add(x1, x3)))))))), aq(mul(exp(x2), mul(sin(x3), x3)), a)), aq(sin(a), x1)), mul(aq(x3, add(add(mul(add(x2, a), add(a, x1)), sub(a, a)), sub(sub(x4, x4), x2))), mul(sub(x4, x3), exp(x4))))
GPU5 stages: candidates=2500 pre_s=21.601 cheap_candidates=1717 cheap_unique=1717 cheap_s=18.993/40.000 cheap_rejected=341 cheap_a_min=-0.438373247694 cheap_a_p50=0.000352544633768 cheap_a_p95=1.67610375036 cheap_a_max=2404.04984367 exact_a_gate=0.15 exact_provisional_penalty=3928.17976309 exact_candidates=1376 exact_unique=1376 full_exact_enabled=1 exact_capacity=1200 exact_waves=134 exact_scheduled=1200 exact_deferred=176 exact_wave=1200/1200 exact_queue_depth=0 exact_pending_instances=176 exact_s=171.144 exact_ok=1200 exact_margin_max=0.249224892644 exact_scan_mean_s=0.041 exact_bisect_mean_s=0.002 exact_polish_mean_s=0.193 exact_final_mean_s=0.014 exact_margin_abs_b_max=nan cache_hits=0 cache_misses=0 cache_waits=0
187	2500 	401.572	617.374    	804.118    	92.341 	26 	72.932 	140	28.0078
Best individuals of this generation:
sub(mul(sub(aq(a, add(x3, add(mul(sin(x2), exp(a)), add(x1, add(x1, add(x2, sub(x4, add(x1, x3)))))))), aq(mul(exp(x2), mul(sin(x3), x3)), a)), aq(sin(a), x1)), mul(aq(x3, add(add(mul(add(x2, a), add(a, x1)), sub(a, a)), sub(sub(x4, x4), x2))), mul(sub(x4, x3), exp(x4))))
GPU5 stages: candidates=2500 pre_s=21.520 cheap_candidates=1746 cheap_unique=1746 cheap_s=20.168/40.000 cheap_rejected=338 cheap_a_min=-1.59759656299 cheap_a_p50=0.000426281794828 cheap_a_p95=1.65617511669 cheap_a_max=1988.52605949 exact_a_gate=0.15 exact_provisional_penalty=3928.17976309 exact_candidates=1408 exact_unique=1408 full_exact_enabled=1 exact_capacity=1200 exact_waves=134 exact_scheduled=1200 exact_deferred=208 exact_wave=1200/1200 exact_queue_depth=0 exact_pending_instances=208 exact_s=179.565 exact_ok=1200 exact_margin_max=1.68319427114 exact_scan_mean_s=0.040 exact_bisect_mean_s=0.002 exact_polish_mean_s=0.201 exact_final_mean_s=0.027 exact_margin_abs_b_max=nan cache_hits=0 cache_misses=0 cache_waits=0
188	2500 	398.694	616.982    	803.749    	92.2278	26 	73.1332	140	27.866 
Best individuals of this generation:
sub(mul(sub(aq(a, add(x3, add(mul(sin(x2), exp(a)), add(x1, add(x1, add(x2, sub(x4, add(x1, x3)))))))), aq(mul(exp(x2), mul(sin(x3), x3)), a)), aq(sin(a), x1)), mul(aq(x3, add(add(mul(add(x2, a), add(x1, a)), sub(a, a)), sub(sub(x4, x4), x2))), mul(sub(x4, x3), exp(x4))))
GPU5 stages: candidates=2500 pre_s=21.473 cheap_candidates=1756 cheap_unique=1756 cheap_s=20.299/40.000 cheap_rejected=323 cheap_a_min=-0.773608890962 cheap_a_p50=0.000333606862156 cheap_a_p95=1.42204212831 cheap_a_max=404.280267511 exact_a_gate=0.15 exact_provisional_penalty=3928.17976309 exact_candidates=1433 exact_unique=1433 full_exact_enabled=1 exact_capacity=1200 exact_waves=134 exact_scheduled=1200 exact_deferred=233 exact_wave=1200/1200 exact_queue_depth=0 exact_pending_instances=233 exact_s=177.897 exact_ok=1200 exact_margin_max=0.249063315141 exact_scan_mean_s=0.040 exact_bisect_mean_s=0.002 exact_polish_mean_s=0.190 exact_final_mean_s=0.023 exact_margin_abs_b_max=nan cache_hits=0 cache_misses=0 cache_waits=0
189	2500 	398.694	616.479    	803.269    	91.5353	26 	73.2592	140	27.7352
Best individuals of this generation:
sub(mul(sub(aq(a, add(x3, add(mul(sin(x2), exp(a)), add(x1, add(x1, add(x2, sub(x4, add(x1, x3)))))))), aq(mul(exp(x2), mul(sin(x3), x3)), a)), aq(sin(a), x1)), mul(aq(x3, add(add(mul(add(x2, a), add(x1, a)), sub(a, a)), sub(sub(x4, x4), x2))), mul(sub(x4, x3), exp(x4))))
GPU5 stages: candidates=2500 pre_s=21.711 cheap_candidates=1743 cheap_unique=1743 cheap_s=19.970/40.000 cheap_rejected=352 cheap_a_min=-0.815442414012 cheap_a_p50=0.000313293007884 cheap_a_p95=1.52309326055 cheap_a_max=997.006393933 exact_a_gate=0.15 exact_provisional_penalty=3928.17976309 exact_candidates=1391 exact_unique=1391 full_exact_enabled=1 exact_capacity=1200 exact_waves=134 exact_scheduled=1200 exact_deferred=191 exact_wave=1200/1200 exact_queue_depth=0 exact_pending_instances=191 exact_s=176.896 exact_ok=1200 exact_margin_max=0.438567796021 exact_scan_mean_s=0.040 exact_bisect_mean_s=0.006 exact_polish_mean_s=0.196 exact_final_mean_s=0.016 exact_margin_abs_b_max=2.78e-09 cache_hits=0 cache_misses=0 cache_waits=0
190	2500 	389.758	615.898    	802.721    	91.3431	26 	73.434 	140	27.5243
Best individuals of this generation:
sub(mul(sub(aq(a, add(x3, add(mul(sin(x2), exp(a)), add(x1, add(x1, add(x2, sub(x4, add(x1, x3)))))))), aq(mul(exp(x2), mul(sin(x3), x3)), a)), aq(sin(a), x1)), mul(aq(x3, add(add(mul(add(x2, a), add(x1, sub(x4, x3))), sub(a, a)), sub(sub(x4, x4), x2))), mul(sub(x4, x3), exp(x4))))
GPU5 stages: candidates=2500 pre_s=21.709 cheap_candidates=1775 cheap_unique=1775 cheap_s=20.595/40.000 cheap_rejected=338 cheap_a_min=-0.776697648902 cheap_a_p50=0.000254149195865 cheap_a_p95=1.84948961289 cheap_a_max=1327.04097177 exact_a_gate=0.15 exact_provisional_penalty=3928.17976309 exact_candidates=1437 exact_unique=1437 full_exact_enabled=1 exact_capacity=1200 exact_waves=134 exact_scheduled=1200 exact_deferred=237 exact_wave=1200/1200 exact_queue_depth=0 exact_pending_instances=237 exact_s=175.969 exact_ok=1200 exact_margin_max=15.7210359428 exact_scan_mean_s=0.041 exact_bisect_mean_s=0.002 exact_polish_mean_s=0.196 exact_final_mean_s=0.020 exact_margin_abs_b_max=nan cache_hits=0 cache_misses=0 cache_waits=0
191	2500 	389.758	615.306    	802.111    	91.0267	26 	73.4316	140	27.4521
Best individuals of this generation:
sub(mul(sub(aq(a, add(x3, add(mul(sin(x2), exp(a)), add(x1, add(x1, add(x2, sub(x4, add(x1, x3)))))))), aq(mul(exp(x2), mul(sin(x3), x3)), a)), aq(sin(a), x1)), mul(aq(x3, add(add(mul(add(x2, a), add(x1, sub(x4, x3))), sub(a, a)), sub(sub(x4, x4), x2))), mul(sub(x4, x3), exp(x4))))
GPU5 stages: candidates=2500 pre_s=21.687 cheap_candidates=1750 cheap_unique=1750 cheap_s=20.818/40.000 cheap_rejected=364 cheap_a_min=-1.72858358587 cheap_a_p50=0.000512722841526 cheap_a_p95=2.37184137967 cheap_a_max=1427.47022332 exact_a_gate=0.15 exact_provisional_penalty=3928.17976309 exact_candidates=1386 exact_unique=1386 full_exact_enabled=1 exact_capacity=1200 exact_waves=134 exact_scheduled=1200 exact_deferred=186 exact_wave=1200/1200 exact_queue_depth=0 exact_pending_instances=186 exact_s=177.659 exact_ok=1200 exact_margin_max=1.48735637687 exact_scan_mean_s=0.041 exact_bisect_mean_s=0.004 exact_polish_mean_s=0.191 exact_final_mean_s=0.021 exact_margin_abs_b_max=nan cache_hits=0 cache_misses=0 cache_waits=0
192	2500 	387.141	614.386    	800.174    	90.7849	26 	73.4852	140	27.4039
Best individuals of this generation:
sub(mul(sub(aq(a, add(x3, add(mul(sin(x2), exp(a)), add(x1, add(x1, add(x2, sub(x4, add(x1, x3)))))))), aq(mul(exp(x2), mul(sin(x3), x3)), sub(exp(x4), mul(sub(x4, a), a)))), aq(sin(a), x1)), mul(aq(x3, add(add(mul(add(x2, a), add(a, mul(sin(x2), x3))), sub(a, a)), sub(sub(x4, a), x2))), mul(sub(x4, x3), exp(x4))))
GPU5 stages: candidates=2500 pre_s=21.702 cheap_candidates=1756 cheap_unique=1756 cheap_s=19.740/40.000 cheap_rejected=324 cheap_a_min=-1.02199538615 cheap_a_p50=0.00024183259078 cheap_a_p95=1.42535800727 cheap_a_max=502.974514294 exact_a_gate=0.15 exact_provisional_penalty=6442.54892001 exact_candidates=1432 exact_unique=1432 full_exact_enabled=1 exact_capacity=1200 exact_waves=134 exact_scheduled=1200 exact_deferred=232 exact_wave=1200/1200 exact_queue_depth=0 exact_pending_instances=232 exact_s=172.556 exact_ok=1200 exact_margin_max=1.39483989323 exact_scan_mean_s=0.041 exact_bisect_mean_s=0.002 exact_polish_mean_s=0.179 exact_final_mean_s=0.015 exact_margin_abs_b_max=nan cache_hits=0 cache_misses=0 cache_waits=0
193	2500 	387.141	613.586    	798.764    	90.8199	26 	73.6328	140	27.2866
Best individuals of this generation:
sub(mul(sub(aq(a, add(x3, add(mul(sin(x2), exp(a)), add(x1, add(x1, add(x2, sub(x4, add(x1, x3)))))))), aq(mul(exp(x2), mul(sin(x3), x3)), sub(exp(x4), mul(sub(x4, a), a)))), aq(sin(a), x1)), mul(aq(x3, add(add(mul(add(x2, a), add(a, mul(sin(x2), x3))), sub(a, a)), sub(sub(x4, a), x2))), mul(sub(x4, x3), exp(x4))))
GPU5 stages: candidates=2500 pre_s=21.616 cheap_candidates=1760 cheap_unique=1760 cheap_s=19.883/40.000 cheap_rejected=383 cheap_a_min=-0.700968168805 cheap_a_p50=0.000413356053545 cheap_a_p95=1.94193025484 cheap_a_max=8140.86302769 exact_a_gate=0.15 exact_provisional_penalty=3928.17976309 exact_candidates=1377 exact_unique=1377 full_exact_enabled=1 exact_capacity=1200 exact_waves=134 exact_scheduled=1200 exact_deferred=177 exact_wave=1200/1200 exact_queue_depth=0 exact_pending_instances=177 exact_s=166.168 exact_ok=1200 exact_margin_max=5.21687390181 exact_scan_mean_s=0.041 exact_bisect_mean_s=0.003 exact_polish_mean_s=0.179 exact_final_mean_s=0.020 exact_margin_abs_b_max=nan cache_hits=0 cache_misses=0 cache_waits=0
194	2500 	341.656	612.429    	797.045    	91.3463	26 	73.8096	140	27.2245
Best individuals of this generation:
sub(mul(sub(aq(a, add(x3, add(mul(sin(x2), exp(a)), add(x1, add(x1, add(x2, sub(x4, add(x1, x3)))))))), aq(mul(x2, mul(sin(x3), x3)), sub(exp(x4), mul(sub(x4, a), x1)))), aq(sin(a), x1)), mul(aq(x3, add(add(mul(add(x2, a), add(a, x1)), sub(a, a)), sub(sub(x4, x4), x2))), mul(sub(x4, x3), exp(x4))))
GPU5 stages: candidates=2500 pre_s=21.682 cheap_candidates=1741 cheap_unique=1741 cheap_s=20.635/40.000 cheap_rejected=334 cheap_a_min=-2.91181285114 cheap_a_p50=0.000253105932693 cheap_a_p95=1.69358366428 cheap_a_max=905.360267179 exact_a_gate=0.15 exact_provisional_penalty=6338.38965222 exact_candidates=1407 exact_unique=1407 full_exact_enabled=1 exact_capacity=1200 exact_waves=134 exact_scheduled=1200 exact_deferred=207 exact_wave=1200/1200 exact_queue_depth=0 exact_pending_instances=207 exact_s=172.839 exact_ok=1200 exact_margin_max=3.47860684238 exact_scan_mean_s=0.040 exact_bisect_mean_s=0.003 exact_polish_mean_s=0.180 exact_final_mean_s=0.023 exact_margin_abs_b_max=nan cache_hits=0 cache_misses=0 cache_waits=0
195	2500 	341.656	611.625    	794.793    	91.0769	28 	74.0844	140	27.1638
Best individuals of this generation:
sub(mul(sub(aq(a, add(x3, add(mul(sin(x2), exp(a)), add(x1, add(x1, add(x2, sub(x4, add(x1, x3)))))))), aq(mul(x2, mul(sin(x3), x3)), sub(exp(x4), mul(sub(x4, a), x1)))), aq(sin(a), x1)), mul(aq(x3, add(add(mul(add(x2, a), add(a, x1)), sub(a, a)), sub(sub(x4, x4), x2))), mul(sub(x4, x3), exp(x4))))
GPU5 stages: candidates=2500 pre_s=21.609 cheap_candidates=1743 cheap_unique=1743 cheap_s=19.471/40.000 cheap_rejected=322 cheap_a_min=-3.94481856922 cheap_a_p50=0.000266821904418 cheap_a_p95=1.53739013354 cheap_a_max=221.319079305 exact_a_gate=0.15 exact_provisional_penalty=3928.17976309 exact_candidates=1421 exact_unique=1421 full_exact_enabled=1 exact_capacity=1200 exact_waves=134 exact_scheduled=1200 exact_deferred=221 exact_wave=1200/1200 exact_queue_depth=0 exact_pending_instances=221 exact_s=171.712 exact_ok=1200 exact_margin_max=2.0412223684 exact_scan_mean_s=0.041 exact_bisect_mean_s=0.003 exact_polish_mean_s=0.166 exact_final_mean_s=0.025 exact_margin_abs_b_max=nan cache_hits=0 cache_misses=0 cache_waits=0
196	2500 	341.656	610.785    	793.918    	91.229 	28 	74.21  	140	27.1658
Best individuals of this generation:
sub(mul(sub(aq(a, add(x3, add(mul(sin(x2), exp(a)), add(x1, add(x1, add(x2, sub(x4, add(x1, x3)))))))), aq(mul(x2, mul(sin(x3), x3)), sub(exp(x4), mul(sub(x4, a), x1)))), aq(sin(a), x1)), mul(aq(x3, add(add(mul(add(x2, a), add(a, x1)), sub(a, a)), sub(sub(x4, x4), x2))), mul(sub(x4, x3), exp(x4))))
GPU5 stages: candidates=2500 pre_s=21.590 cheap_candidates=1761 cheap_unique=1761 cheap_s=19.905/40.000 cheap_rejected=345 cheap_a_min=-2.04598127431 cheap_a_p50=0.000235274452179 cheap_a_p95=1.8322235811 cheap_a_max=365.687826788 exact_a_gate=0.15 exact_provisional_penalty=3928.17976309 exact_candidates=1416 exact_unique=1416 full_exact_enabled=1 exact_capacity=1200 exact_waves=134 exact_scheduled=1200 exact_deferred=216 exact_wave=1200/1200 exact_queue_depth=0 exact_pending_instances=216 exact_s=169.245 exact_ok=1200 exact_margin_max=0.734449498866 exact_scan_mean_s=0.040 exact_bisect_mean_s=0.003 exact_polish_mean_s=0.164 exact_final_mean_s=0.014 exact_margin_abs_b_max=nan cache_hits=0 cache_misses=0 cache_waits=0
197	2500 	341.656	609.713    	793.18     	91.6671	28 	74.32  	140	27.1117
Best individuals of this generation:
sub(mul(sub(aq(a, add(x3, add(mul(sin(x2), exp(a)), add(x1, add(x1, add(x2, sub(x4, add(x1, x3)))))))), aq(mul(x2, mul(sin(x3), x3)), sub(exp(x4), mul(sub(x4, a), x1)))), aq(sin(a), x1)), mul(aq(x3, add(add(mul(add(x2, a), add(a, x1)), sub(a, a)), sub(sub(x4, x4), x2))), mul(sub(x4, x3), exp(x4))))
GPU5 stages: candidates=2500 pre_s=21.471 cheap_candidates=1751 cheap_unique=1751 cheap_s=19.832/40.000 cheap_rejected=348 cheap_a_min=-2.80299885606 cheap_a_p50=0.0004340682195 cheap_a_p95=1.92971117553 cheap_a_max=600.876898981 exact_a_gate=0.15 exact_provisional_penalty=3928.17976309 exact_candidates=1403 exact_unique=1403 full_exact_enabled=1 exact_capacity=1200 exact_waves=134 exact_scheduled=1200 exact_deferred=203 exact_wave=1200/1200 exact_queue_depth=0 exact_pending_instances=203 exact_s=171.259 exact_ok=1200 exact_margin_max=2.62986765778 exact_scan_mean_s=0.040 exact_bisect_mean_s=0.001 exact_polish_mean_s=0.160 exact_final_mean_s=0.020 exact_margin_abs_b_max=nan cache_hits=0 cache_misses=0 cache_waits=0
198	2500 	341.656	608.235    	792.713    	92.8269	28 	74.2816	140	27.1129
Best individuals of this generation:
sub(mul(sub(aq(a, add(x3, add(mul(sin(x2), exp(a)), add(x1, add(x1, add(x2, sub(x4, add(x1, x3)))))))), aq(mul(x2, mul(sin(x3), x3)), sub(exp(x4), mul(sub(x4, a), x1)))), aq(sin(a), x1)), mul(aq(x3, add(add(mul(add(x2, a), add(a, x1)), sub(a, a)), sub(sub(x4, x4), x2))), mul(sub(x4, x3), exp(x4))))
GPU5 stages: candidates=2500 pre_s=21.628 cheap_candidates=1715 cheap_unique=1715 cheap_s=19.367/40.000 cheap_rejected=339 cheap_a_min=-1.52808659893 cheap_a_p50=0.000372024732711 cheap_a_p95=1.88605516025 cheap_a_max=534.562025248 exact_a_gate=0.15 exact_provisional_penalty=3928.17976309 exact_candidates=1376 exact_unique=1376 full_exact_enabled=1 exact_capacity=1200 exact_waves=134 exact_scheduled=1200 exact_deferred=176 exact_wave=1200/1200 exact_queue_depth=0 exact_pending_instances=176 exact_s=208.764 exact_ok=1200 exact_margin_max=270.241320457 exact_scan_mean_s=0.040 exact_bisect_mean_s=0.009 exact_polish_mean_s=0.149 exact_final_mean_s=0.022 exact_margin_abs_b_max=6.92e-10 cache_hits=0 cache_misses=0 cache_waits=0
199	2500 	341.656	607.009    	792.114    	93.5738	28 	74.1592	140	27.1   
Best individuals of this generation:
sub(mul(sub(aq(a, add(x3, add(mul(sin(x2), exp(a)), add(x1, add(x1, add(x2, sub(x4, add(x1, x3)))))))), aq(mul(x2, mul(sin(x3), x3)), sub(exp(x4), mul(sub(x4, a), x1)))), aq(sin(a), x1)), mul(aq(x3, add(add(mul(add(x2, a), add(a, x1)), sub(a, a)), sub(sub(x4, x4), x2))), mul(sub(x4, x3), exp(x4))))
GPU5 stages: candidates=2500 pre_s=21.361 cheap_candidates=1729 cheap_unique=1729 cheap_s=20.162/40.000 cheap_rejected=364 cheap_a_min=-1.42275333684 cheap_a_p50=0.00048790251802 cheap_a_p95=2.23606393034 cheap_a_max=634.267911528 exact_a_gate=0.15 exact_provisional_penalty=3928.17976309 exact_candidates=1365 exact_unique=1365 full_exact_enabled=1 exact_capacity=1200 exact_waves=134 exact_scheduled=1200 exact_deferred=165 exact_wave=1200/1200 exact_queue_depth=0 exact_pending_instances=165 exact_s=166.339 exact_ok=1200 exact_margin_max=2.45530915003 exact_scan_mean_s=0.039 exact_bisect_mean_s=0.003 exact_polish_mean_s=0.138 exact_final_mean_s=0.021 exact_margin_abs_b_max=nan cache_hits=0 cache_misses=0 cache_waits=0
200	2500 	341.656	605.006    	787.25     	95.0761	28 	74.0064	140	27.0428
Best individuals of this generation:
sub(mul(sub(aq(a, add(x3, add(mul(sin(x2), exp(a)), add(x1, add(x1, add(x2, sub(x4, add(x1, x3)))))))), aq(mul(x2, mul(sin(x3), x3)), sub(exp(x4), mul(sub(x4, a), x1)))), aq(sin(a), x1)), mul(aq(x3, add(add(mul(add(x2, a), add(a, x1)), sub(a, a)), sub(sub(x4, x4), x2))), mul(sub(x4, x3), exp(x4))))
GPU5 stages: candidates=2500 pre_s=21.537 cheap_candidates=1767 cheap_unique=1767 cheap_s=20.714/40.000 cheap_rejected=355 cheap_a_min=-2.66699449031 cheap_a_p50=0.000348404049995 cheap_a_p95=2.24097525246 cheap_a_max=16311.8220126 exact_a_gate=0.15 exact_provisional_penalty=3928.17976309 exact_candidates=1412 exact_unique=1412 full_exact_enabled=1 exact_capacity=1200 exact_waves=134 exact_scheduled=1200 exact_deferred=212 exact_wave=1200/1200 exact_queue_depth=0 exact_pending_instances=212 exact_s=168.427 exact_ok=1200 exact_margin_max=0.75974676148 exact_scan_mean_s=0.041 exact_bisect_mean_s=0.003 exact_polish_mean_s=0.129 exact_final_mean_s=0.030 exact_margin_abs_b_max=nan cache_hits=0 cache_misses=0 cache_waits=0
201	2500 	270.843	602.814    	786.501    	97.0029	28 	73.8912	140	26.9517
Best individuals of this generation:
sub(mul(sub(aq(a, add(x3, add(mul(sin(x2), exp(a)), add(x1, add(x1, add(x2, sub(x4, add(x1, x3)))))))), aq(mul(exp(x2), mul(sin(x3), x3)), a)), aq(sin(a), x1)), mul(aq(x3, add(add(mul(add(x2, a), add(a, x1)), sub(x1, a)), sub(sub(x4, x4), x3))), mul(sub(x4, x3), exp(sin(a)))))
GPU5 stages: candidates=2500 pre_s=21.652 cheap_candidates=1761 cheap_unique=1761 cheap_s=20.939/40.000 cheap_rejected=346 cheap_a_min=-9.49699965929 cheap_a_p50=0.000480644757717 cheap_a_p95=1.77144207005 cheap_a_max=255.050875549 exact_a_gate=0.15 exact_provisional_penalty=3928.17976309 exact_candidates=1415 exact_unique=1415 full_exact_enabled=1 exact_capacity=1200 exact_waves=134 exact_scheduled=1200 exact_deferred=215 exact_wave=1200/1200 exact_queue_depth=0 exact_pending_instances=215 exact_s=166.755 exact_ok=1200 exact_margin_max=1075.39989778 exact_scan_mean_s=0.039 exact_bisect_mean_s=0.002 exact_polish_mean_s=0.120 exact_final_mean_s=0.027 exact_margin_abs_b_max=nan cache_hits=0 cache_misses=0 cache_waits=0
202	2500 	270.843	600.877    	786.227    	98.6411	28 	73.7068	140	26.9227
Best individuals of this generation:
sub(mul(sub(aq(a, add(x3, add(mul(sin(x2), exp(a)), add(x1, add(x1, add(x2, sub(x4, add(x1, x3)))))))), aq(mul(exp(x2), mul(sin(x3), x3)), a)), aq(sin(a), x1)), mul(aq(x3, add(add(mul(add(x2, a), add(a, x1)), sub(x1, a)), sub(sub(x4, x4), x3))), mul(sub(x4, x3), exp(sin(a)))))
GPU5 stages: candidates=2500 pre_s=21.846 cheap_candidates=1719 cheap_unique=1719 cheap_s=19.432/40.000 cheap_rejected=325 cheap_a_min=-0.992280859217 cheap_a_p50=0.000375313203589 cheap_a_p95=1.5826941999 cheap_a_max=769.174372765 exact_a_gate=0.15 exact_provisional_penalty=3928.17976309 exact_candidates=1394 exact_unique=1394 full_exact_enabled=1 exact_capacity=1200 exact_waves=134 exact_scheduled=1200 exact_deferred=194 exact_wave=1200/1200 exact_queue_depth=0 exact_pending_instances=194 exact_s=167.632 exact_ok=1200 exact_margin_max=0.275655180437 exact_scan_mean_s=0.040 exact_bisect_mean_s=0.003 exact_polish_mean_s=0.120 exact_final_mean_s=0.025 exact_margin_abs_b_max=nan cache_hits=0 cache_misses=0 cache_waits=0
203	2500 	270.843	598.949    	785.849    	99.9771	28 	73.7964	140	26.8484
Best individuals of this generation:
sub(mul(sub(aq(a, add(x3, add(mul(sin(x2), exp(a)), add(x1, add(x1, add(x2, sub(x4, add(x1, x3)))))))), aq(mul(exp(x2), mul(sin(x3), x3)), a)), aq(sin(a), x1)), mul(aq(x3, add(add(mul(add(x2, a), add(a, x1)), sub(x1, a)), sub(sub(x4, x4), x3))), mul(sub(x4, x3), exp(sin(a)))))
GPU5 stages: candidates=2500 pre_s=21.437 cheap_candidates=1747 cheap_unique=1747 cheap_s=19.347/40.000 cheap_rejected=332 cheap_a_min=-0.415142913238 cheap_a_p50=0.00026825182515 cheap_a_p95=1.28055691045 cheap_a_max=427.546950153 exact_a_gate=0.15 exact_provisional_penalty=3928.17976309 exact_candidates=1415 exact_unique=1415 full_exact_enabled=1 exact_capacity=1200 exact_waves=134 exact_scheduled=1200 exact_deferred=215 exact_wave=1200/1200 exact_queue_depth=0 exact_pending_instances=215 exact_s=165.188 exact_ok=1200 exact_margin_max=0.329813026435 exact_scan_mean_s=0.040 exact_bisect_mean_s=0.003 exact_polish_mean_s=0.118 exact_final_mean_s=0.031 exact_margin_abs_b_max=nan cache_hits=0 cache_misses=0 cache_waits=0
204	2500 	270.843	597.266    	785.408    	101.307	28 	74.1356	140	26.7499
Best individuals of this generation:
sub(mul(sub(aq(a, add(x3, add(mul(sin(x2), exp(a)), add(x1, add(x1, add(x2, sub(x4, add(x1, x3)))))))), aq(mul(exp(x2), mul(sin(x3), x3)), a)), aq(sin(a), x1)), mul(aq(x3, add(add(mul(add(x2, a), add(a, x1)), sub(x1, a)), sub(sub(x4, x4), x3))), mul(sub(x4, x3), exp(sin(a)))))
GPU5 stages: candidates=2500 pre_s=21.614 cheap_candidates=1755 cheap_unique=1755 cheap_s=20.254/40.000 cheap_rejected=356 cheap_a_min=-1.73513253916 cheap_a_p50=0.000334220006232 cheap_a_p95=1.96124496467 cheap_a_max=806.343594664 exact_a_gate=0.15 exact_provisional_penalty=5821.36887748 exact_candidates=1399 exact_unique=1399 full_exact_enabled=1 exact_capacity=1200 exact_waves=134 exact_scheduled=1200 exact_deferred=199 exact_wave=1200/1200 exact_queue_depth=0 exact_pending_instances=199 exact_s=162.881 exact_ok=1200 exact_margin_max=3.10971974344 exact_scan_mean_s=0.040 exact_bisect_mean_s=0.003 exact_polish_mean_s=0.123 exact_final_mean_s=0.026 exact_margin_abs_b_max=nan cache_hits=0 cache_misses=0 cache_waits=0
205	2500 	270.843	595.75     	785.229    	102.64 	28 	74.4564	140	26.5644
Best individuals of this generation:
sub(mul(sub(aq(a, add(x3, add(mul(sin(x2), exp(a)), add(x1, add(x1, add(x2, sub(x4, add(x1, x3)))))))), aq(mul(exp(x2), mul(sin(x3), x3)), a)), aq(sin(a), x1)), mul(aq(x3, add(add(mul(add(x2, a), add(a, x1)), sub(x1, a)), sub(sub(x4, x4), x3))), mul(sub(x4, x3), exp(sin(a)))))
GPU5 stages: candidates=2500 pre_s=21.652 cheap_candidates=1783 cheap_unique=1783 cheap_s=20.266/40.000 cheap_rejected=349 cheap_a_min=-1.25305171948 cheap_a_p50=0.000429564931914 cheap_a_p95=1.81631890243 cheap_a_max=250.632683377 exact_a_gate=0.15 exact_provisional_penalty=3928.17976309 exact_candidates=1434 exact_unique=1434 full_exact_enabled=1 exact_capacity=1200 exact_waves=134 exact_scheduled=1200 exact_deferred=234 exact_wave=1200/1200 exact_queue_depth=0 exact_pending_instances=234 exact_s=167.980 exact_ok=1200 exact_margin_max=512.442659768 exact_scan_mean_s=0.039 exact_bisect_mean_s=0.006 exact_polish_mean_s=0.121 exact_final_mean_s=0.025 exact_margin_abs_b_max=212 cache_hits=0 cache_misses=0 cache_waits=0
206	2500 	270.843	594.345    	784.473    	103.572	28 	74.8504	140	26.5274
Best individuals of this generation:
sub(mul(sub(aq(a, add(x3, add(mul(sin(x2), exp(a)), add(x1, add(x1, add(x2, sub(x4, add(x1, x3)))))))), aq(mul(exp(x2), mul(sin(x3), x3)), a)), aq(sin(a), x1)), mul(aq(x3, add(add(mul(add(x2, a), add(a, x1)), sub(x1, a)), sub(sub(x4, x4), x3))), mul(sub(x4, x3), exp(sin(a)))))
GPU5 stages: candidates=2500 pre_s=21.619 cheap_candidates=1728 cheap_unique=1728 cheap_s=20.039/40.000 cheap_rejected=356 cheap_a_min=-0.673313832869 cheap_a_p50=0.000614797905042 cheap_a_p95=1.91513503464 cheap_a_max=1822.3856271 exact_a_gate=0.15 exact_provisional_penalty=8848.72271768 exact_candidates=1372 exact_unique=1372 full_exact_enabled=1 exact_capacity=1200 exact_waves=134 exact_scheduled=1200 exact_deferred=172 exact_wave=1200/1200 exact_queue_depth=0 exact_pending_instances=172 exact_s=162.131 exact_ok=1200 exact_margin_max=31.878752177 exact_scan_mean_s=0.040 exact_bisect_mean_s=0.003 exact_polish_mean_s=0.119 exact_final_mean_s=0.021 exact_margin_abs_b_max=nan cache_hits=0 cache_misses=0 cache_waits=0
207	2500 	270.843	593.046    	783.335    	104.771	28 	75.0476	140	26.4226
Best individuals of this generation:
sub(mul(sub(aq(a, add(x3, add(mul(sin(x2), exp(a)), add(x1, add(x1, add(x2, sub(x4, add(x1, x3)))))))), aq(mul(exp(x2), mul(sin(x3), x3)), a)), aq(sin(a), x1)), mul(aq(x3, add(add(mul(add(x2, a), add(a, x1)), sub(x1, a)), sub(sub(x4, x4), x3))), mul(sub(x4, x3), exp(sin(a)))))
GPU5 stages: candidates=2500 pre_s=21.679 cheap_candidates=1762 cheap_unique=1762 cheap_s=19.847/40.000 cheap_rejected=342 cheap_a_min=-1.01779097435 cheap_a_p50=0.000368389807733 cheap_a_p95=1.5369035237 cheap_a_max=365.292087963 exact_a_gate=0.15 exact_provisional_penalty=3928.17976309 exact_candidates=1420 exact_unique=1420 full_exact_enabled=1 exact_capacity=1200 exact_waves=134 exact_scheduled=1200 exact_deferred=220 exact_wave=1200/1200 exact_queue_depth=0 exact_pending_instances=220 exact_s=229.016 exact_ok=1200 exact_margin_max=730.344424859 exact_scan_mean_s=0.046 exact_bisect_mean_s=0.012 exact_polish_mean_s=0.118 exact_final_mean_s=0.022 exact_margin_abs_b_max=5.07e-09 cache_hits=0 cache_misses=0 cache_waits=0
208	2500 	270.843	591.654    	773.478    	106.132	28 	75.2568	140	26.4379
Best individuals of this generation:
sub(mul(sub(aq(a, add(x3, add(mul(sin(x2), exp(a)), add(x1, add(x1, add(x2, sub(x4, add(x1, x3)))))))), aq(mul(exp(x2), mul(sin(x3), x3)), a)), aq(sin(a), x1)), mul(aq(x3, add(add(mul(add(x2, a), add(a, x1)), sub(x1, a)), sub(sub(x4, x4), x3))), mul(sub(x4, x3), exp(sin(a)))))
GPU5 stages: candidates=2500 pre_s=21.671 cheap_candidates=1749 cheap_unique=1749 cheap_s=19.581/40.000 cheap_rejected=336 cheap_a_min=-0.164608850363 cheap_a_p50=0.000180280649026 cheap_a_p95=1.7230053389 cheap_a_max=1583.55244809 exact_a_gate=0.15 exact_provisional_penalty=3928.17976309 exact_candidates=1413 exact_unique=1413 full_exact_enabled=1 exact_capacity=1200 exact_waves=134 exact_scheduled=1200 exact_deferred=213 exact_wave=1200/1200 exact_queue_depth=0 exact_pending_instances=213 exact_s=163.414 exact_ok=1200 exact_margin_max=0.713818725051 exact_scan_mean_s=0.040 exact_bisect_mean_s=0.005 exact_polish_mean_s=0.121 exact_final_mean_s=0.025 exact_margin_abs_b_max=nan cache_hits=0 cache_misses=0 cache_waits=0
209	2500 	270.843	590.344    	772.086    	107.24 	28 	75.4632	140	26.3642
Best individuals of this generation:
sub(mul(sub(aq(a, add(x3, add(mul(sin(x2), exp(a)), add(x1, add(x1, add(x2, sub(x4, add(x1, x3)))))))), aq(mul(exp(x2), mul(sin(x3), x3)), a)), aq(sin(a), x1)), mul(aq(x3, add(add(mul(add(x2, a), add(a, x1)), sub(x1, a)), sub(sub(x4, x4), x3))), mul(sub(x4, x3), exp(sin(a)))))
GPU5 stages: candidates=2500 pre_s=21.734 cheap_candidates=1744 cheap_unique=1744 cheap_s=19.457/40.000 cheap_rejected=362 cheap_a_min=-0.545165767423 cheap_a_p50=0.000389529958918 cheap_a_p95=1.48828537472 cheap_a_max=396.878017091 exact_a_gate=0.15 exact_provisional_penalty=3928.17976309 exact_candidates=1382 exact_unique=1382 full_exact_enabled=1 exact_capacity=1200 exact_waves=134 exact_scheduled=1200 exact_deferred=182 exact_wave=1200/1200 exact_queue_depth=0 exact_pending_instances=182 exact_s=171.074 exact_ok=1200 exact_margin_max=29.4678599065 exact_scan_mean_s=0.041 exact_bisect_mean_s=0.003 exact_polish_mean_s=0.125 exact_final_mean_s=0.022 exact_margin_abs_b_max=nan cache_hits=0 cache_misses=0 cache_waits=0
210	2500 	270.843	589.247    	771.74     	108.504	28 	75.566 	140	26.2899
Best individuals of this generation:
sub(mul(sub(aq(a, add(x3, add(mul(sin(x2), exp(a)), add(x1, add(x1, add(x2, sub(x4, add(x1, x3)))))))), aq(mul(exp(x2), mul(sin(x3), x3)), a)), aq(sin(a), x1)), mul(aq(x3, add(add(mul(add(x2, a), add(a, x1)), sub(x1, a)), sub(sub(x4, x4), x3))), mul(sub(x4, x3), exp(sin(a)))))
GPU5 stages: candidates=2500 pre_s=21.496 cheap_candidates=1750 cheap_unique=1750 cheap_s=20.814/40.000 cheap_rejected=366 cheap_a_min=-0.299151894619 cheap_a_p50=0.000623204246801 cheap_a_p95=2.17840018516 cheap_a_max=661.371846434 exact_a_gate=0.15 exact_provisional_penalty=3928.17976309 exact_candidates=1384 exact_unique=1384 full_exact_enabled=1 exact_capacity=1200 exact_waves=134 exact_scheduled=1200 exact_deferred=184 exact_wave=1200/1200 exact_queue_depth=0 exact_pending_instances=184 exact_s=170.454 exact_ok=1200 exact_margin_max=3949.75057001 exact_scan_mean_s=0.041 exact_bisect_mean_s=0.003 exact_polish_mean_s=0.120 exact_final_mean_s=0.026 exact_margin_abs_b_max=nan cache_hits=0 cache_misses=0 cache_waits=0
211	2500 	270.843	587.891    	771.4      	110.102	28 	75.6164	140	26.217 
Best individuals of this generation:
sub(mul(sub(aq(a, add(x3, add(mul(sin(x2), exp(a)), add(x1, add(x1, add(x2, sub(x4, add(x1, x3)))))))), aq(mul(exp(x2), mul(sin(x3), x3)), a)), aq(sin(a), x1)), mul(aq(x3, add(add(mul(add(x2, a), add(a, x1)), sub(x1, a)), sub(sub(x4, x4), x3))), mul(sub(x4, x3), exp(sin(a)))))
GPU5 stages: candidates=2500 pre_s=21.669 cheap_candidates=1728 cheap_unique=1728 cheap_s=19.925/40.000 cheap_rejected=350 cheap_a_min=-0.74288247559 cheap_a_p50=0.000443404468057 cheap_a_p95=2.40560975811 cheap_a_max=914.731990807 exact_a_gate=0.15 exact_provisional_penalty=3928.17976309 exact_candidates=1378 exact_unique=1378 full_exact_enabled=1 exact_capacity=1200 exact_waves=134 exact_scheduled=1200 exact_deferred=178 exact_wave=1200/1200 exact_queue_depth=0 exact_pending_instances=178 exact_s=167.536 exact_ok=1200 exact_margin_max=8.14256485913 exact_scan_mean_s=0.041 exact_bisect_mean_s=0.004 exact_polish_mean_s=0.124 exact_final_mean_s=0.021 exact_margin_abs_b_max=nan cache_hits=0 cache_misses=0 cache_waits=0
212	2500 	270.843	586.371    	771.114    	112.054	28 	75.5796	140	26.036 
Best individuals of this generation:
sub(mul(sub(aq(a, add(x3, add(mul(sin(x2), exp(a)), add(x1, add(x1, add(x2, sub(x4, add(x1, x3)))))))), aq(mul(exp(x2), mul(sin(x3), x3)), a)), aq(sin(a), x1)), mul(aq(x3, add(add(mul(add(x2, a), add(a, x1)), sub(x1, a)), sub(sub(x4, x4), x3))), mul(sub(x4, x3), exp(sin(a)))))
GPU5 stages: candidates=2500 pre_s=21.688 cheap_candidates=1744 cheap_unique=1744 cheap_s=20.801/40.000 cheap_rejected=329 cheap_a_min=-0.693578980387 cheap_a_p50=0.000687016344323 cheap_a_p95=1.74789149018 cheap_a_max=392.247121628 exact_a_gate=0.15 exact_provisional_penalty=3928.17976309 exact_candidates=1415 exact_unique=1415 full_exact_enabled=1 exact_capacity=1200 exact_waves=134 exact_scheduled=1200 exact_deferred=215 exact_wave=1200/1200 exact_queue_depth=0 exact_pending_instances=215 exact_s=165.859 exact_ok=1200 exact_margin_max=64.1860154944 exact_scan_mean_s=0.041 exact_bisect_mean_s=0.003 exact_polish_mean_s=0.123 exact_final_mean_s=0.017 exact_margin_abs_b_max=nan cache_hits=0 cache_misses=0 cache_waits=0
213	2500 	270.843	584.865    	770.87     	113.755	28 	75.7004	140	26.0981
Best individuals of this generation:
sub(mul(sub(aq(a, add(x3, add(mul(sin(x2), exp(a)), add(x1, add(x1, add(x2, sub(x4, add(x1, x3)))))))), aq(mul(exp(x2), mul(sin(x3), x3)), a)), aq(sin(a), x1)), mul(aq(x3, add(add(mul(add(x2, a), add(a, x1)), sub(x1, a)), sub(sub(x4, x4), x3))), mul(sub(x4, x3), exp(sin(a)))))
GPU5 stages: candidates=2500 pre_s=21.779 cheap_candidates=1781 cheap_unique=1781 cheap_s=20.266/40.000 cheap_rejected=330 cheap_a_min=-0.693245589124 cheap_a_p50=0.000374324228874 cheap_a_p95=1.98760893433 cheap_a_max=215.917233056 exact_a_gate=0.15 exact_provisional_penalty=3928.17976309 exact_candidates=1451 exact_unique=1451 full_exact_enabled=1 exact_capacity=1200 exact_waves=134 exact_scheduled=1200 exact_deferred=251 exact_wave=1200/1200 exact_queue_depth=0 exact_pending_instances=251 exact_s=166.180 exact_ok=1200 exact_margin_max=5.49201139311 exact_scan_mean_s=0.041 exact_bisect_mean_s=0.001 exact_polish_mean_s=0.121 exact_final_mean_s=0.018 exact_margin_abs_b_max=nan cache_hits=0 cache_misses=0 cache_waits=0
214	2500 	270.843	583.012    	770.66     	115.583	28 	75.8636	140	25.986 
Best individuals of this generation:
sub(mul(sub(aq(a, add(x3, add(mul(sin(x2), exp(a)), add(x1, add(x1, add(x2, sub(x4, add(x1, x3)))))))), aq(mul(exp(x2), mul(sin(x3), x3)), a)), aq(sin(a), x1)), mul(aq(x3, add(add(mul(add(x2, a), add(a, x1)), sub(x1, a)), sub(sub(x4, x4), x3))), mul(sub(x4, x3), exp(sin(a)))))
GPU5 stages: candidates=2500 pre_s=21.745 cheap_candidates=1757 cheap_unique=1757 cheap_s=21.367/40.000 cheap_rejected=335 cheap_a_min=-0.57471327321 cheap_a_p50=0.000429251160329 cheap_a_p95=2.30516501274 cheap_a_max=1250.9106867 exact_a_gate=0.15 exact_provisional_penalty=4288.9702574 exact_candidates=1422 exact_unique=1422 full_exact_enabled=1 exact_capacity=1200 exact_waves=134 exact_scheduled=1200 exact_deferred=222 exact_wave=1200/1200 exact_queue_depth=0 exact_pending_instances=222 exact_s=168.212 exact_ok=1200 exact_margin_max=0.261315001861 exact_scan_mean_s=0.040 exact_bisect_mean_s=0.004 exact_polish_mean_s=0.127 exact_final_mean_s=0.024 exact_margin_abs_b_max=nan cache_hits=0 cache_misses=0 cache_waits=0
215	2500 	270.843	581.459    	770.519    	117.462	28 	75.9756	142	25.9576
Best individuals of this generation:
sub(mul(sub(aq(a, add(x3, add(mul(sin(x2), exp(a)), add(x1, add(x1, add(x2, sub(x4, add(x1, x3)))))))), aq(mul(exp(x2), mul(sin(x3), x3)), a)), aq(sin(a), x1)), mul(aq(x3, add(add(mul(add(x2, a), add(a, x1)), sub(x1, a)), sub(sub(x4, x4), x3))), mul(sub(x4, x3), exp(sin(a)))))
GPU5 stages: candidates=2500 pre_s=21.836 cheap_candidates=1755 cheap_unique=1755 cheap_s=20.559/40.000 cheap_rejected=341 cheap_a_min=-1.47655769342 cheap_a_p50=0.000348706037352 cheap_a_p95=2.06115471073 cheap_a_max=459.837529495 exact_a_gate=0.15 exact_provisional_penalty=3928.17976309 exact_candidates=1414 exact_unique=1414 full_exact_enabled=1 exact_capacity=1200 exact_waves=134 exact_scheduled=1200 exact_deferred=214 exact_wave=1200/1200 exact_queue_depth=0 exact_pending_instances=214 exact_s=168.650 exact_ok=1200 exact_margin_max=0.52941716597 exact_scan_mean_s=0.041 exact_bisect_mean_s=0.008 exact_polish_mean_s=0.123 exact_final_mean_s=0.020 exact_margin_abs_b_max=6.96e-08 cache_hits=0 cache_misses=0 cache_waits=0
216	2500 	270.843	580.066    	770.44     	118.812	28 	76.3004	142	25.9674
Best individuals of this generation:
sub(mul(sub(aq(a, add(x3, add(mul(sin(x2), exp(a)), add(x1, add(x1, add(x2, sub(x4, add(x1, x3)))))))), aq(mul(exp(x2), mul(sin(x3), x3)), a)), aq(sin(a), x1)), mul(aq(x3, add(add(mul(add(x2, a), add(a, x1)), sub(x1, a)), sub(sub(x4, x4), x3))), mul(sub(x4, x3), exp(sin(a)))))
GPU5 stages: candidates=2500 pre_s=21.544 cheap_candidates=1765 cheap_unique=1765 cheap_s=21.032/40.000 cheap_rejected=371 cheap_a_min=-0.363180105486 cheap_a_p50=0.000570415925093 cheap_a_p95=2.12318441182 cheap_a_max=1226.08269891 exact_a_gate=0.15 exact_provisional_penalty=3928.17976309 exact_candidates=1394 exact_unique=1394 full_exact_enabled=1 exact_capacity=1200 exact_waves=134 exact_scheduled=1200 exact_deferred=194 exact_wave=1200/1200 exact_queue_depth=0 exact_pending_instances=194 exact_s=163.593 exact_ok=1200 exact_margin_max=284.98232196 exact_scan_mean_s=0.039 exact_bisect_mean_s=0.002 exact_polish_mean_s=0.124 exact_final_mean_s=0.015 exact_margin_abs_b_max=nan cache_hits=0 cache_misses=0 cache_waits=0
217	2500 	270.843	578.541    	770.321    	120.256	28 	76.3708	142	25.9031
Best individuals of this generation:
sub(mul(sub(aq(a, add(x3, add(mul(sin(x2), exp(a)), add(x1, add(x1, add(x2, sub(x4, add(x1, x3)))))))), aq(mul(exp(x2), mul(sin(x3), x3)), a)), aq(sin(a), x1)), mul(aq(x3, add(add(mul(add(x2, a), add(a, x1)), sub(x1, a)), sub(sub(x4, x4), x3))), mul(sub(x4, x3), exp(sin(a)))))
GPU5 stages: candidates=2500 pre_s=21.657 cheap_candidates=1762 cheap_unique=1762 cheap_s=20.802/40.000 cheap_rejected=348 cheap_a_min=-0.564056653197 cheap_a_p50=0.00047536696519 cheap_a_p95=2.47412003596 cheap_a_max=374.275338806 exact_a_gate=0.15 exact_provisional_penalty=3928.17976309 exact_candidates=1414 exact_unique=1414 full_exact_enabled=1 exact_capacity=1200 exact_waves=134 exact_scheduled=1200 exact_deferred=214 exact_wave=1200/1200 exact_queue_depth=0 exact_pending_instances=214 exact_s=168.003 exact_ok=1200 exact_margin_max=13.5144323572 exact_scan_mean_s=0.041 exact_bisect_mean_s=0.003 exact_polish_mean_s=0.124 exact_final_mean_s=0.014 exact_margin_abs_b_max=nan cache_hits=0 cache_misses=0 cache_waits=0
218	2500 	270.843	577.134    	770.211    	121.584	28 	76.3688	142	25.8438
Best individuals of this generation:
sub(mul(sub(aq(a, add(x3, add(mul(sin(x2), exp(a)), add(x1, add(x1, add(x2, sub(x4, add(x1, x3)))))))), aq(mul(exp(x2), mul(sin(x3), x3)), a)), aq(sin(a), x1)), mul(aq(x3, add(add(mul(add(x2, a), add(a, x1)), sub(x1, a)), sub(sub(x4, x4), x3))), mul(sub(x4, x3), exp(sin(a)))))
GPU5 stages: candidates=2500 pre_s=21.679 cheap_candidates=1751 cheap_unique=1751 cheap_s=21.251/40.000 cheap_rejected=340 cheap_a_min=-2.99691411116 cheap_a_p50=0.000451718180761 cheap_a_p95=2.608057425 cheap_a_max=2479.15160624 exact_a_gate=0.15 exact_provisional_penalty=3928.17976309 exact_candidates=1411 exact_unique=1411 full_exact_enabled=1 exact_capacity=1200 exact_waves=134 exact_scheduled=1200 exact_deferred=211 exact_wave=1200/1200 exact_queue_depth=0 exact_pending_instances=211 exact_s=188.154 exact_ok=1200 exact_margin_max=236.790117045 exact_scan_mean_s=0.040 exact_bisect_mean_s=0.011 exact_polish_mean_s=0.125 exact_final_mean_s=0.018 exact_margin_abs_b_max=5.95e-08 cache_hits=0 cache_misses=0 cache_waits=0
219	2500 	270.843	576.257    	770.136    	122.326	28 	76.4284	152	25.9326
Best individuals of this generation:
sub(mul(sub(aq(a, add(x3, add(mul(sin(x2), exp(a)), add(x1, add(x1, add(x2, sub(x4, add(x1, x3)))))))), aq(mul(exp(x2), mul(sin(x3), x3)), a)), aq(sin(a), x1)), mul(aq(x3, add(add(mul(add(x2, a), add(a, x1)), sub(x1, a)), sub(sub(x4, x4), x3))), mul(sub(x4, x3), exp(sin(a)))))
GPU5 stages: candidates=2500 pre_s=21.520 cheap_candidates=1769 cheap_unique=1769 cheap_s=20.887/40.000 cheap_rejected=358 cheap_a_min=-1.18373658834 cheap_a_p50=0.000598603653008 cheap_a_p95=2.43864112873 cheap_a_max=2252.91453627 exact_a_gate=0.15 exact_provisional_penalty=6499.77444825 exact_candidates=1411 exact_unique=1411 full_exact_enabled=1 exact_capacity=1200 exact_waves=134 exact_scheduled=1200 exact_deferred=211 exact_wave=1200/1200 exact_queue_depth=0 exact_pending_instances=211 exact_s=172.895 exact_ok=1200 exact_margin_max=3.94388552557 exact_scan_mean_s=0.039 exact_bisect_mean_s=0.011 exact_polish_mean_s=0.125 exact_final_mean_s=0.013 exact_margin_abs_b_max=0.00135 cache_hits=0 cache_misses=0 cache_waits=0
220	2500 	270.843	574.943    	770.022    	122.677	28 	76.4832	152	25.7921
Best individuals of this generation:
sub(mul(sub(aq(a, add(x3, add(mul(sin(x2), exp(a)), add(x1, add(x1, add(x2, sub(x4, add(x1, x3)))))))), aq(mul(exp(x2), mul(sin(x3), x3)), a)), aq(sin(a), x1)), mul(aq(x3, add(add(mul(add(x2, a), add(a, x1)), sub(x1, a)), sub(sub(x4, x4), x3))), mul(sub(x4, x3), exp(sin(a)))))
[36m(GPUFitnessActor pid=1765753)[0m GPU5_6 tuner OOM -- retrying smaller (fusion=1, population=36, attempt 1, total retries 1): RESOURCE_EXHAUSTED: Out of memory while trying to allocate 3698895040 bytes.
Stopping Ray Slurm steps...
