Project root: /home/qaragoez/symclf-main_rnv
PYTHONPATH: /home/qaragoez/symclf-main_rnv/examples/4DCartPolerGPU5_7:/home/qaragoez/symclf-main_rnv:
Conda environment: /home/qaragoez/miniforge3/envs/flex
Python: /home/qaragoez/miniforge3/envs/flex/bin/python
Python 3.12.0
Ray Python package: 2.55.1 /home/qaragoez/miniforge3/envs/flex/lib/python3.12/site-packages/ray/__init__.py
JAX: 0.5.0 devices: [CudaDevice(id=0), CudaDevice(id=1), CudaDevice(id=2)]
GPU 0: NVIDIA A100-PCIE-40GB (UUID: GPU-ccf24b76-97eb-2922-e208-eed5d28f1e97)
GPU 1: NVIDIA A100-PCIE-40GB (UUID: GPU-09156ffa-eece-6481-ce94-42ac07f27aa4)
GPU 2: NVIDIA A100-PCIE-40GB (UUID: GPU-728093f6-b5ca-95c2-19f4-ae68cc3e979b)
Ray CLI: /home/qaragoez/miniforge3/envs/flex/bin/ray
ray, version 2.55.1
Allocated nodes: s02n02
Head node: s02n02
Head IP: 10.10.2.2
Head address: 10.10.2.2:8734
Starting Ray head on s02n02...
2026-08-27 21:06:13,300	INFO usage_lib.py:474 -- Usage stats collection is enabled by default without user confirmation because this terminal is detected to be non-interactive. To disable this, add `--disable-usage-stats` to the command that starts the cluster, or run the following command: `ray disable-usage-stats` before starting the cluster. See https://docs.ray.io/en/master/cluster/usage-stats.html for more details.
2026-08-27 21:06:13,300	INFO scripts.py:940 -- [37mLocal node IP[39m: [1m10.10.2.2[22m
2026-08-27 21:06:20,489	SUCC scripts.py:979 -- [32m--------------------[39m
2026-08-27 21:06:20,489	SUCC scripts.py:980 -- [32mRay runtime started.[39m
2026-08-27 21:06:20,489	SUCC scripts.py:981 -- [32m--------------------[39m
2026-08-27 21:06:20,490	INFO scripts.py:983 -- [36mNext steps[39m
2026-08-27 21:06:20,490	INFO scripts.py:986 -- To add another node to this Ray cluster, run
2026-08-27 21:06:20,490	INFO scripts.py:989 -- [1m  ray start --address='10.10.2.2:8734'[22m
2026-08-27 21:06:20,490	INFO scripts.py:1000 -- To connect to this Ray cluster:
2026-08-27 21:06:20,490	INFO scripts.py:1002 -- [35mimport[39m[26m ray
2026-08-27 21:06:20,490	INFO scripts.py:1003 -- ray[35m.[39m[26minit(_node_ip_address[35m=[39m[26m[33m'10.10.2.2'[39m[26m)
2026-08-27 21:06:20,490	INFO scripts.py:1017 -- To submit a Ray job using the Ray Jobs CLI:
2026-08-27 21:06:20,490	INFO scripts.py:1018 -- [1m  RAY_API_SERVER_ADDRESS='http://10.10.2.2:8265' ray job submit --working-dir . -- python my_script.py[22m
2026-08-27 21:06:20,490	INFO scripts.py:1027 -- See https://docs.ray.io/en/latest/cluster/running-applications/job-submission/index.html 
2026-08-27 21:06:20,490	INFO scripts.py:1031 -- for more information on submitting Ray jobs to the Ray cluster.
2026-08-27 21:06:20,490	INFO scripts.py:1036 -- To terminate the Ray runtime, run
2026-08-27 21:06:20,490	INFO scripts.py:1037 -- [1m  ray stop[22m
2026-08-27 21:06:20,490	INFO scripts.py:1040 -- To view the status of the cluster, use
2026-08-27 21:06:20,490	INFO scripts.py:1041 --   [1mray status[22m[26m
2026-08-27 21:06:20,490	INFO scripts.py:1045 -- To monitor and debug Ray, view the dashboard at 
2026-08-27 21:06:20,490	INFO scripts.py:1046 --   [1m10.10.2.2:8265[22m[26m
2026-08-27 21:06:20,490	INFO scripts.py:1053 -- [4mIf connection to the dashboard fails, check your firewall settings and network configuration.[24m
2026-08-27 21:06:20,491	INFO scripts.py:1159 -- [36m[1m--block[22m[39m
2026-08-27 21:06:20,491	INFO scripts.py:1160 -- This command will now block forever until terminated by a signal.
2026-08-27 21:06:20,491	INFO scripts.py:1163 -- Running subprocesses are monitored and a message will be printed if any of them terminate unexpectedly. Subprocesses exit with SIGTERM will be treated as graceful, thus NOT reported.
2026-08-27 21:06:20,491	INFO scripts.py:1168 -- Process exit logs will be saved to: [1m/tmp/ray/session_2026-08-27_21-06-13_301473_2804498/logs/ray_process_exit.log[22m[26m
Ray cluster status:
======== Autoscaler status: 2026-08-27 21:06:49.863081 ========
Node status
---------------------------------------------------------------
Active:
 1 node_3a4652470fe97f87cdce7ee2560a3011f38ab6f1f75d7b0da6c3082a
Pending:
 (no pending nodes)
Recent failures:
 (no failures)

Resources
---------------------------------------------------------------
Total Usage:
 0.0/32.0 CPU
 0.0/3.0 GPU
 0B/176.01GiB memory
 0B/75.43GiB object_store_memory

From request_resources:
 (none)
Pending Demands:
 (no resource demands)
Starting run.py (GPU5_7 certified-region objective)...
GPU5 Ray resources: {'node:10.10.2.2': 1.0, 'node:__internal_head__': 1.0, 'object_store_memory': 80996123443.0, 'accelerator_type:A100': 1.0, 'memory': 188990954701.0, 'GPU': 3.0, 'CPU': 32.0}
GPU5 GP hyperparameters: population=2500 (num_individuals=500 x num_islands=5), generations=20000, crossover=0.7, mutation=0.3, reg_param=0.005, mig_freq=10, mig_frac=0.05
[36m(GPUFitnessActor pid=2805556)[0m GPU5_7 strict margin predicate: violation iff margin > -1.0e-09  (a == 0 is now a violation)
[36m(GPUFitnessActor pid=2805556)[0m GPU5_7 reference = ARE solution; eig(PA+A'P) on {B'Px=0} = [-1. -1. -1.]
[36m(GPUFitnessActor pid=2805556)[0m GPU5_7 properness reference: lqr
[36m(GPUFitnessActor pid=2805557)[0m GPU5_7 strict margin predicate: violation iff margin > -1.0e-09  (a == 0 is now a violation)
[36m(GPUFitnessActor pid=2805557)[0m GPU5_7 reference = ARE solution; eig(PA+A'P) on {B'Px=0} = [-1. -1. -1.]
[36m(GPUFitnessActor pid=2805557)[0m GPU5_7 properness reference: lqr
[36m(GPUFitnessActor pid=2805558)[0m GPU5_7 strict margin predicate: violation iff margin > -1.0e-09  (a == 0 is now a violation)
[36m(GPUFitnessActor pid=2805558)[0m GPU5_7 reference = ARE solution; eig(PA+A'P) on {B'Px=0} = [-1. -1. -1.]
[36m(GPUFitnessActor pid=2805558)[0m GPU5_7 properness reference: lqr
[36m(GPUFitnessActor pid=2805554)[0m GPU5_7 strict margin predicate: violation iff margin > -1.0e-09  (a == 0 is now a violation)
[36m(GPUFitnessActor pid=2805554)[0m GPU5_7 reference = ARE solution; eig(PA+A'P) on {B'Px=0} = [-1. -1. -1.]
[36m(GPUFitnessActor pid=2805554)[0m GPU5_7 properness reference: lqr
[36m(GPUFitnessActor pid=2805559)[0m GPU5_7 strict margin predicate: violation iff margin > -1.0e-09  (a == 0 is now a violation)
[36m(GPUFitnessActor pid=2805559)[0m GPU5_7 reference = ARE solution; eig(PA+A'P) on {B'Px=0} = [-1. -1. -1.]
[36m(GPUFitnessActor pid=2805559)[0m GPU5_7 properness reference: lqr
[36m(GPUFitnessActor pid=2805560)[0m GPU5_7 strict margin predicate: violation iff margin > -1.0e-09  (a == 0 is now a violation)
[36m(GPUFitnessActor pid=2805560)[0m GPU5_7 reference = ARE solution; eig(PA+A'P) on {B'Px=0} = [-1. -1. -1.]
[36m(GPUFitnessActor pid=2805560)[0m GPU5_7 properness reference: lqr
[36m(GPUFitnessActor pid=2805561)[0m GPU5_7 strict margin predicate: violation iff margin > -1.0e-09  (a == 0 is now a violation)
[36m(GPUFitnessActor pid=2805561)[0m GPU5_7 reference = ARE solution; eig(PA+A'P) on {B'Px=0} = [-1. -1. -1.]
[36m(GPUFitnessActor pid=2805564)[0m GPU5_7 strict margin predicate: violation iff margin > -1.0e-09  (a == 0 is now a violation)
[36m(GPUFitnessActor pid=2805564)[0m GPU5_7 reference = ARE solution; eig(PA+A'P) on {B'Px=0} = [-1. -1. -1.]
[36m(GPUFitnessActor pid=2805564)[0m GPU5_7 properness reference: lqr
[36m(GPUFitnessActor pid=2805562)[0m GPU5_7 strict margin predicate: violation iff margin > -1.0e-09  (a == 0 is now a violation)
[36m(GPUFitnessActor pid=2805562)[0m GPU5_7 reference = ARE solution; eig(PA+A'P) on {B'Px=0} = [-1. -1. -1.]
[36m(GPUFitnessActor pid=2805562)[0m GPU5_7 properness reference: lqr
[36m(GPUFitnessActor pid=2805561)[0m GPU5_7 properness reference: lqr
[36m(GPUFitnessActor pid=2805557)[0m GPU5_7 JAX devices: cuda:0
[36m(GPUFitnessActor pid=2805556)[0m GPU5_7 JAX devices: cuda:0
[36m(GPUFitnessActor pid=2805554)[0m GPU5_7 JAX devices: cuda:0
[36m(GPUFitnessActor pid=2805560)[0m GPU5_7 JAX devices: cuda:0
[36m(GPUFitnessActor pid=2805562)[0m GPU5_7 JAX devices: cuda:0
[36m(GPUFitnessActor pid=2805561)[0m GPU5_7 JAX devices: cuda:0
[36m(GPUFitnessActor pid=2805564)[0m GPU5_7 JAX devices: cuda:0
[36m(GPUFitnessActor pid=2805558)[0m GPU5_7 JAX devices: cuda:0
[36m(GPUFitnessActor pid=2805559)[0m GPU5_7 JAX devices: cuda:0
GPU5 Artstein warm-up: gpu0=ok:10.84s, gpu1=ok:10.85s, gpu2=ok:10.82s, gpu3=ok:10.60s, gpu4=ok:10.87s, gpu5=ok:10.82s, gpu6=ok:10.04s, gpu7=ok:10.60s, gpu8=ok:10.79s
GPU5 full exact warm-up: gpu0=ok:24.98s, gpu1=ok:24.19s, gpu2=ok:23.81s, gpu3=ok:24.18s, gpu4=ok:24.95s, gpu5=ok:23.67s, gpu6=ok:24.92s, gpu7=ok:25.44s, gpu8=ok:24.53s
GPU5 scheduling: 9 persistent actors (3 GPUs x 3 actors/GPU, gpu_fraction=0.333, cpus/actor=3), pre_batch_size=16, exact_batch_size=24, cheap_batch_size=32, exact_wave_cheap_limits=(500,1500), full_exact_enabled=1, tuner_fusion=2, population=2500
GPU5 actor devices: ['cuda:0', 'cuda:0', 'cuda:0', 'cuda:0', 'cuda:0', 'cuda:0', 'cuda:0', 'cuda:0', 'cuda:0']
Generating initial population(s)...
 Seeding population with individuals...
DONE.
Evaluating initial population(s)...
GPU5 stages: candidates=500 pre_s=16.688 cheap_candidates=2 cheap_unique=2 cheap_s=4.018/40.000 cheap_rejected=2 cheap_a_min=0.73174789106 cheap_a_p50=0.73174789106 cheap_a_p95=0.972749807234 cheap_a_max=0.972749807234 exact_a_gate=0.15 exact_provisional_penalty=16583.1563034 exact_candidates=0 exact_unique=0 full_exact_enabled=1 exact_capacity=1200 exact_waves=134 exact_scheduled=0 exact_deferred=0 exact_wave=0/1200 exact_queue_depth=0 exact_pending_instances=0 exact_s=0.000 exact_ok=0 exact_margin_max=nan exact_scan_mean_s=nan exact_bisect_mean_s=nan exact_polish_mean_s=nan exact_final_mean_s=nan exact_margin_abs_b_max=nan cache_hits=0 cache_misses=0 cache_waits=0
GPU5 stages: candidates=500 pre_s=2.095 cheap_candidates=0 cheap_unique=0 cheap_s=0.000/15.000 cheap_rejected=0 cheap_a_min=nan cheap_a_p50=nan cheap_a_p95=nan cheap_a_max=nan exact_a_gate=0.15 exact_provisional_penalty=3928.17976309 exact_candidates=0 exact_unique=0 full_exact_enabled=1 exact_capacity=1200 exact_waves=134 exact_scheduled=0 exact_deferred=0 exact_wave=0/1200 exact_queue_depth=0 exact_pending_instances=0 exact_s=0.000 exact_ok=0 exact_margin_max=nan exact_scan_mean_s=nan exact_bisect_mean_s=nan exact_polish_mean_s=nan exact_final_mean_s=nan exact_margin_abs_b_max=nan cache_hits=0 cache_misses=0 cache_waits=0
GPU5 stages: candidates=500 pre_s=1.670 cheap_candidates=0 cheap_unique=0 cheap_s=0.000/15.000 cheap_rejected=0 cheap_a_min=nan cheap_a_p50=nan cheap_a_p95=nan cheap_a_max=nan exact_a_gate=0.15 exact_provisional_penalty=3928.17976309 exact_candidates=0 exact_unique=0 full_exact_enabled=1 exact_capacity=1200 exact_waves=134 exact_scheduled=0 exact_deferred=0 exact_wave=0/1200 exact_queue_depth=0 exact_pending_instances=0 exact_s=0.000 exact_ok=0 exact_margin_max=nan exact_scan_mean_s=nan exact_bisect_mean_s=nan exact_polish_mean_s=nan exact_final_mean_s=nan exact_margin_abs_b_max=nan cache_hits=0 cache_misses=0 cache_waits=0
GPU5 stages: candidates=500 pre_s=1.663 cheap_candidates=0 cheap_unique=0 cheap_s=0.000/15.000 cheap_rejected=0 cheap_a_min=nan cheap_a_p50=nan cheap_a_p95=nan cheap_a_max=nan exact_a_gate=0.15 exact_provisional_penalty=3928.17976309 exact_candidates=0 exact_unique=0 full_exact_enabled=1 exact_capacity=1200 exact_waves=134 exact_scheduled=0 exact_deferred=0 exact_wave=0/1200 exact_queue_depth=0 exact_pending_instances=0 exact_s=0.000 exact_ok=0 exact_margin_max=nan exact_scan_mean_s=nan exact_bisect_mean_s=nan exact_polish_mean_s=nan exact_final_mean_s=nan exact_margin_abs_b_max=nan cache_hits=0 cache_misses=0 cache_waits=0
GPU5 stages: candidates=500 pre_s=1.771 cheap_candidates=0 cheap_unique=0 cheap_s=0.000/15.000 cheap_rejected=0 cheap_a_min=nan cheap_a_p50=nan cheap_a_p95=nan cheap_a_max=nan exact_a_gate=0.15 exact_provisional_penalty=3928.17976309 exact_candidates=0 exact_unique=0 full_exact_enabled=1 exact_capacity=1200 exact_waves=134 exact_scheduled=0 exact_deferred=0 exact_wave=0/1200 exact_queue_depth=0 exact_pending_instances=0 exact_s=0.000 exact_ok=0 exact_margin_max=nan exact_scan_mean_s=nan exact_bisect_mean_s=nan exact_polish_mean_s=nan exact_final_mean_s=nan exact_margin_abs_b_max=nan cache_hits=0 cache_misses=0 cache_waits=0
DONE.
 -= START OF EVOLUTION =- 
GPU5 stages: candidates=2500 pre_s=8.476 cheap_candidates=1 cheap_unique=1 cheap_s=0.433/40.000 cheap_rejected=1 cheap_a_min=7.8149949799 cheap_a_p50=7.8149949799 cheap_a_p95=7.8149949799 cheap_a_max=7.8149949799 exact_a_gate=0.15 exact_provisional_penalty=3928.17976309 exact_candidates=0 exact_unique=0 full_exact_enabled=1 exact_capacity=1200 exact_waves=134 exact_scheduled=0 exact_deferred=0 exact_wave=0/1200 exact_queue_depth=0 exact_pending_instances=0 exact_s=0.000 exact_ok=0 exact_margin_max=nan exact_scan_mean_s=nan exact_bisect_mean_s=nan exact_polish_mean_s=nan exact_final_mean_s=nan exact_margin_abs_b_max=nan cache_hits=0 cache_misses=0 cache_waits=0
   	     	                   fitness                    	             size             
   	     	----------------------------------------------	------------------------------
gen	evals	min  	avg        	max        	std   	min	avg   	max	std   
1  	2500 	16913	1.61592e+06	2.13528e+06	649822	3  	7.6968	60 	4.3358
Best individuals of this generation:
add(add(add(add(add(add(add(add(add(mul(a, mul(x1, x1)), mul(a, mul(x1, x2))), mul(a, mul(x1, x3))), mul(a, mul(x1, x4))), mul(a, mul(x2, x2))), mul(a, mul(x2, x3))), mul(a, mul(x2, x4))), mul(a, mul(x3, x3))), mul(a, mul(x3, x4))), mul(a, mul(x4, x4)))
GPU5 stages: candidates=2500 pre_s=9.352 cheap_candidates=4 cheap_unique=4 cheap_s=0.783/40.000 cheap_rejected=4 cheap_a_min=0.611970799322 cheap_a_p50=0.741582897727 cheap_a_p95=5.36926977025 cheap_a_max=5.36926977025 exact_a_gate=0.15 exact_provisional_penalty=3928.17976309 exact_candidates=0 exact_unique=0 full_exact_enabled=1 exact_capacity=1200 exact_waves=134 exact_scheduled=0 exact_deferred=0 exact_wave=0/1200 exact_queue_depth=0 exact_pending_instances=0 exact_s=0.000 exact_ok=0 exact_margin_max=nan exact_scan_mean_s=nan exact_bisect_mean_s=nan exact_polish_mean_s=nan exact_final_mean_s=nan exact_margin_abs_b_max=nan cache_hits=0 cache_misses=0 cache_waits=0
2  	2500 	16913	960145     	2.11201e+06	520041	4  	10.912	65 	4.8939
Best individuals of this generation:
add(add(add(add(add(add(add(add(add(mul(a, mul(x1, x1)), mul(a, mul(x1, x2))), mul(a, mul(x1, x3))), mul(a, mul(x1, x4))), mul(a, mul(x2, x2))), mul(a, mul(x2, x3))), mul(a, mul(x2, x4))), mul(a, mul(x3, x3))), mul(a, mul(x3, x4))), mul(a, mul(x4, x4)))
GPU5 stages: candidates=2500 pre_s=10.510 cheap_candidates=13 cheap_unique=13 cheap_s=0.899/40.000 cheap_rejected=13 cheap_a_min=0.174405819156 cheap_a_p50=1.62352527221 cheap_a_p95=5.30359639138 cheap_a_max=6.66120597786 exact_a_gate=0.15 exact_provisional_penalty=3928.17976309 exact_candidates=0 exact_unique=0 full_exact_enabled=1 exact_capacity=1200 exact_waves=134 exact_scheduled=0 exact_deferred=0 exact_wave=0/1200 exact_queue_depth=0 exact_pending_instances=0 exact_s=0.000 exact_ok=0 exact_margin_max=nan exact_scan_mean_s=nan exact_bisect_mean_s=nan exact_polish_mean_s=nan exact_final_mean_s=nan exact_margin_abs_b_max=nan cache_hits=0 cache_misses=0 cache_waits=0
3  	2500 	12793.3	585009     	1.11595e+06	495425	5  	13.7948	67 	6.3897
Best individuals of this generation:
add(add(add(mul(x2, sin(x2)), mul(a, mul(x3, x3))), mul(a, mul(x3, x1))), mul(a, mul(x4, x4)))
GPU5 stages: candidates=2500 pre_s=11.823 cheap_candidates=21 cheap_unique=21 cheap_s=0.811/40.000 cheap_rejected=15 cheap_a_min=0.00810898504138 cheap_a_p50=0.767308880681 cheap_a_p95=6.15217734907 cheap_a_max=6.47473359277 exact_a_gate=0.15 exact_provisional_penalty=3928.17976309 exact_candidates=6 exact_unique=6 full_exact_enabled=1 exact_capacity=1200 exact_waves=134 exact_scheduled=6 exact_deferred=0 exact_wave=6/1200 exact_queue_depth=0 exact_pending_instances=0 exact_s=11.632 exact_ok=6 exact_margin_max=0.121433299632 exact_scan_mean_s=0.306 exact_bisect_mean_s=0.143 exact_polish_mean_s=0.038 exact_final_mean_s=0.238 exact_margin_abs_b_max=nan cache_hits=0 cache_misses=0 cache_waits=0
4  	2500 	4497.27	139755     	1.07274e+06	169199	7  	16.346 	71 	8.2074
Best individuals of this generation:
add(mul(sub(x1, x2), aq(x1, x3)), mul(add(sin(sub(x2, x1)), x1), aq(x2, x4)))
GPU5 stages: candidates=2500 pre_s=13.071 cheap_candidates=40 cheap_unique=40 cheap_s=1.995/40.000 cheap_rejected=31 cheap_a_min=9.6730543993e-13 cheap_a_p50=0.735046337243 cheap_a_p95=6.00397009743 cheap_a_max=7.24120118129 exact_a_gate=0.15 exact_provisional_penalty=3928.17976309 exact_candidates=9 exact_unique=9 full_exact_enabled=1 exact_capacity=1200 exact_waves=134 exact_scheduled=9 exact_deferred=0 exact_wave=9/1200 exact_queue_depth=0 exact_pending_instances=0 exact_s=11.630 exact_ok=9 exact_margin_max=0.135762076123 exact_scan_mean_s=0.204 exact_bisect_mean_s=0.089 exact_polish_mean_s=0.027 exact_final_mean_s=0.262 exact_margin_abs_b_max=nan cache_hits=0 cache_misses=0 cache_waits=0
5  	2500 	1268.9 	96428.5    	115918     	26551.3	7  	20.264 	96 	11.6618
Best individuals of this generation:
add(mul(mul(add(x3, add(exp(x4), sin(x2))), aq(x2, x4)), x2), mul(aq(x1, x1), x1))
GPU5 stages: candidates=2500 pre_s=14.999 cheap_candidates=90 cheap_unique=90 cheap_s=3.072/40.000 cheap_rejected=73 cheap_a_min=3.88107107233e-11 cheap_a_p50=0.740759742494 cheap_a_p95=6.07303273429 cheap_a_max=7.36857988497 exact_a_gate=0.15 exact_provisional_penalty=3928.17976309 exact_candidates=17 exact_unique=17 full_exact_enabled=1 exact_capacity=1200 exact_waves=134 exact_scheduled=17 exact_deferred=0 exact_wave=17/1200 exact_queue_depth=0 exact_pending_instances=0 exact_s=20.194 exact_ok=17 exact_margin_max=0.276369414711 exact_scan_mean_s=0.132 exact_bisect_mean_s=0.049 exact_polish_mean_s=0.070 exact_final_mean_s=0.166 exact_margin_abs_b_max=nan cache_hits=0 cache_misses=0 cache_waits=0
6  	2500 	1268.9 	81931.7    	114209     	30853.1	8  	24.71  	96 	14.8664
Best individuals of this generation:
add(mul(mul(add(x3, add(exp(x4), sin(x2))), aq(x2, x4)), x2), mul(aq(x1, x1), x1))
GPU5 stages: candidates=2500 pre_s=16.268 cheap_candidates=168 cheap_unique=168 cheap_s=3.574/40.000 cheap_rejected=143 cheap_a_min=1.22766226588e-12 cheap_a_p50=0.871552021373 cheap_a_p95=6.97980220928 cheap_a_max=638.370646924 exact_a_gate=0.15 exact_provisional_penalty=3928.17976309 exact_candidates=25 exact_unique=25 full_exact_enabled=1 exact_capacity=1200 exact_waves=134 exact_scheduled=21 exact_deferred=0 exact_wave=21/1200 exact_queue_depth=0 exact_pending_instances=0 exact_s=23.058 exact_ok=21 exact_margin_max=0.217336922399 exact_scan_mean_s=0.115 exact_bisect_mean_s=0.035 exact_polish_mean_s=0.030 exact_final_mean_s=0.107 exact_margin_abs_b_max=nan cache_hits=0 cache_misses=0 cache_waits=0
7  	2500 	1268.9 	68652.6    	109834     	30861.4	9  	26.3612	107	15.2338
Best individuals of this generation:
add(mul(mul(add(x3, add(exp(x4), sin(x2))), aq(x2, x4)), x2), mul(aq(x1, x1), x1))
GPU5 stages: candidates=2500 pre_s=16.793 cheap_candidates=264 cheap_unique=264 cheap_s=3.720/40.000 cheap_rejected=209 cheap_a_min=-5.66188706157e-07 cheap_a_p50=0.915504903887 cheap_a_p95=6.60880869566 cheap_a_max=246.130189275 exact_a_gate=0.15 exact_provisional_penalty=16668.9827288 exact_candidates=55 exact_unique=55 full_exact_enabled=1 exact_capacity=1200 exact_waves=134 exact_scheduled=53 exact_deferred=0 exact_wave=53/1200 exact_queue_depth=0 exact_pending_instances=0 exact_s=30.518 exact_ok=53 exact_margin_max=0.279457865101 exact_scan_mean_s=0.105 exact_bisect_mean_s=0.048 exact_polish_mean_s=0.028 exact_final_mean_s=0.091 exact_margin_abs_b_max=nan cache_hits=0 cache_misses=0 cache_waits=0
8  	2500 	1268.9 	55396.1    	98649.4    	26988.9	9  	27.9876	126	15.9024
Best individuals of this generation:
add(mul(mul(add(x3, add(exp(x4), sin(x2))), aq(x2, x4)), x2), mul(aq(x1, x1), x1))
GPU5 stages: candidates=2500 pre_s=17.203 cheap_candidates=365 cheap_unique=365 cheap_s=4.057/40.000 cheap_rejected=276 cheap_a_min=-0.000809177467243 cheap_a_p50=0.728628019324 cheap_a_p95=6.50216254737 cheap_a_max=761.954416491 exact_a_gate=0.15 exact_provisional_penalty=3928.17976309 exact_candidates=89 exact_unique=89 full_exact_enabled=1 exact_capacity=1200 exact_waves=134 exact_scheduled=83 exact_deferred=0 exact_wave=83/1200 exact_queue_depth=0 exact_pending_instances=0 exact_s=28.195 exact_ok=83 exact_margin_max=0.248211725934 exact_scan_mean_s=0.079 exact_bisect_mean_s=0.037 exact_polish_mean_s=0.035 exact_final_mean_s=0.111 exact_margin_abs_b_max=nan cache_hits=0 cache_misses=0 cache_waits=0
9  	2500 	1214.88	44487.9    	85314.4    	23602  	9  	29.1252	126	15.913 
Best individuals of this generation:
add(mul(x1, aq(x1, x3)), mul(mul(sub(sub(aq(x2, x3), aq(a, x4)), sin(x1)), aq(x2, x4)), aq(x2, x4)))
GPU5 stages: candidates=2500 pre_s=17.784 cheap_candidates=437 cheap_unique=437 cheap_s=5.100/40.000 cheap_rejected=296 cheap_a_min=-3.25989584942e-08 cheap_a_p50=0.678328913601 cheap_a_p95=7.49099677296 cheap_a_max=324.934913205 exact_a_gate=0.15 exact_provisional_penalty=16670.4964846 exact_candidates=141 exact_unique=141 full_exact_enabled=1 exact_capacity=1200 exact_waves=134 exact_scheduled=140 exact_deferred=0 exact_wave=140/1200 exact_queue_depth=0 exact_pending_instances=0 exact_s=38.844 exact_ok=140 exact_margin_max=0.247953782204 exact_scan_mean_s=0.077 exact_bisect_mean_s=0.028 exact_polish_mean_s=0.057 exact_final_mean_s=0.093 exact_margin_abs_b_max=nan cache_hits=0 cache_misses=0 cache_waits=0
10 	2500 	1214.88	35314.3    	74603.9    	20220.7	9  	30.2288	129	16.3153
Best individuals of this generation:
add(mul(x1, aq(x1, x3)), mul(mul(sub(sub(aq(x2, x3), aq(a, x4)), sin(x1)), aq(x2, x4)), aq(x2, x4)))
GPU5 stages: candidates=2500 pre_s=17.405 cheap_candidates=559 cheap_unique=559 cheap_s=5.581/40.000 cheap_rejected=324 cheap_a_min=-138.396612947 cheap_a_p50=0.52477594418 cheap_a_p95=77.0283822526 cheap_a_max=1225.25251892 exact_a_gate=0.15 exact_provisional_penalty=16681.590445 exact_candidates=235 exact_unique=235 full_exact_enabled=1 exact_capacity=1200 exact_waves=134 exact_scheduled=231 exact_deferred=0 exact_wave=231/1200 exact_queue_depth=0 exact_pending_instances=0 exact_s=34.492 exact_ok=231 exact_margin_max=0.271016879599 exact_scan_mean_s=0.080 exact_bisect_mean_s=0.026 exact_polish_mean_s=0.044 exact_final_mean_s=0.081 exact_margin_abs_b_max=nan cache_hits=0 cache_misses=0 cache_waits=0
11 	2500 	1214.88	26537      	57536.4    	16419  	9  	29.4492	129	13.8362
Best individuals of this generation:
add(mul(x1, aq(x1, x3)), mul(mul(sub(sub(aq(x2, x3), aq(a, x4)), sin(x1)), aq(x2, x4)), aq(x2, x4)))
GPU5 stages: candidates=2500 pre_s=17.998 cheap_candidates=694 cheap_unique=693 cheap_s=6.072/40.000 cheap_rejected=346 cheap_a_min=-146.165661294 cheap_a_p50=0.312453483472 cheap_a_p95=123.788977524 cheap_a_max=1784.67478368 exact_a_gate=0.15 exact_provisional_penalty=3928.17976309 exact_candidates=348 exact_unique=347 full_exact_enabled=1 exact_capacity=1200 exact_waves=134 exact_scheduled=341 exact_deferred=0 exact_wave=341/1200 exact_queue_depth=0 exact_pending_instances=0 exact_s=46.666 exact_ok=341 exact_margin_max=282.223375262 exact_scan_mean_s=0.047 exact_bisect_mean_s=0.022 exact_polish_mean_s=0.047 exact_final_mean_s=0.057 exact_margin_abs_b_max=nan cache_hits=0 cache_misses=0 cache_waits=0
12 	2500 	1183.19	18934.3    	45746      	12498.6	9  	29.878 	146	13.1257
Best individuals of this generation:
add(mul(x1, aq(x1, add(a, x3))), mul(mul(sub(sub(aq(x2, x3), aq(a, x4)), mul(x3, x4)), aq(x2, x4)), aq(x2, x4)))
GPU5 stages: candidates=2500 pre_s=17.788 cheap_candidates=888 cheap_unique=884 cheap_s=6.849/40.000 cheap_rejected=388 cheap_a_min=-298.40106107 cheap_a_p50=0.218235754374 cheap_a_p95=175.774270717 cheap_a_max=1325.1228947 exact_a_gate=0.15 exact_provisional_penalty=8595.88528219 exact_candidates=500 exact_unique=496 full_exact_enabled=1 exact_capacity=1200 exact_waves=134 exact_scheduled=484 exact_deferred=0 exact_wave=484/1200 exact_queue_depth=0 exact_pending_instances=0 exact_s=69.585 exact_ok=484 exact_margin_max=0.305337434626 exact_scan_mean_s=0.046 exact_bisect_mean_s=0.018 exact_polish_mean_s=0.048 exact_final_mean_s=0.048 exact_margin_abs_b_max=nan cache_hits=0 cache_misses=0 cache_waits=0
13 	2500 	1183.19	13140.4    	36868.6    	9556.77	9  	30.3444	146	12.905 
Best individuals of this generation:
add(mul(x1, aq(x1, add(a, x3))), mul(mul(sub(sub(aq(x2, x3), aq(a, x4)), mul(x3, x4)), aq(x2, x4)), aq(x2, x4)))
GPU5 stages: candidates=2500 pre_s=17.855 cheap_candidates=1111 cheap_unique=1109 cheap_s=7.543/40.000 cheap_rejected=376 cheap_a_min=-950.192849555 cheap_a_p50=0.120474397733 cheap_a_p95=141.798971169 cheap_a_max=387027.901055 exact_a_gate=0.15 exact_provisional_penalty=6410.51063313 exact_candidates=735 exact_unique=733 full_exact_enabled=1 exact_capacity=1200 exact_waves=134 exact_scheduled=722 exact_deferred=0 exact_wave=722/1200 exact_queue_depth=0 exact_pending_instances=0 exact_s=84.494 exact_ok=722 exact_margin_max=358.065465059 exact_scan_mean_s=0.043 exact_bisect_mean_s=0.014 exact_polish_mean_s=0.039 exact_final_mean_s=0.038 exact_margin_abs_b_max=nan cache_hits=0 cache_misses=0 cache_waits=0
14 	2500 	1183.19	9314.06    	30699.2    	7393.13	12 	30.2992	146	12.5469
Best individuals of this generation:
add(mul(x1, aq(x1, add(a, x3))), mul(mul(sub(sub(aq(x2, x3), aq(a, x4)), mul(x3, x4)), aq(x2, x4)), aq(x2, x4)))
GPU5 stages: candidates=2500 pre_s=17.412 cheap_candidates=1114 cheap_unique=1106 cheap_s=7.850/40.000 cheap_rejected=332 cheap_a_min=-479.210425803 cheap_a_p50=0.0478813952871 cheap_a_p95=52.8903397278 cheap_a_max=2849.86770017 exact_a_gate=0.15 exact_provisional_penalty=3928.17976309 exact_candidates=782 exact_unique=774 full_exact_enabled=1 exact_capacity=1200 exact_waves=134 exact_scheduled=754 exact_deferred=0 exact_wave=754/1200 exact_queue_depth=0 exact_pending_instances=0 exact_s=91.084 exact_ok=754 exact_margin_max=180.553534109 exact_scan_mean_s=0.044 exact_bisect_mean_s=0.012 exact_polish_mean_s=0.048 exact_final_mean_s=0.030 exact_margin_abs_b_max=nan cache_hits=0 cache_misses=0 cache_waits=0
15 	2500 	1173.7 	7284.89    	27723.6    	6141.08	12 	30.18  	126	12.9407
Best individuals of this generation:
add(mul(x1, aq(x1, add(a, x3))), mul(mul(sub(sub(aq(x2, x3), add(x3, a)), mul(x3, x4)), aq(x2, x4)), aq(x2, x4)))
GPU5 stages: candidates=2500 pre_s=17.325 cheap_candidates=1232 cheap_unique=1229 cheap_s=8.940/40.000 cheap_rejected=287 cheap_a_min=-2252.38968941 cheap_a_p50=0.0178107766443 cheap_a_p95=14.2282427118 cheap_a_max=1417.28249639 exact_a_gate=0.15 exact_provisional_penalty=3928.17976309 exact_candidates=945 exact_unique=942 full_exact_enabled=1 exact_capacity=1200 exact_waves=134 exact_scheduled=920 exact_deferred=0 exact_wave=920/1200 exact_queue_depth=0 exact_pending_instances=0 exact_s=107.135 exact_ok=920 exact_margin_max=1728.97934563 exact_scan_mean_s=0.043 exact_bisect_mean_s=0.009 exact_polish_mean_s=0.051 exact_final_mean_s=0.039 exact_margin_abs_b_max=nan cache_hits=0 cache_misses=0 cache_waits=0
16 	2500 	1173.7 	5646.51    	20892.7    	4711.06	12 	31.9676	126	16.4645
Best individuals of this generation:
add(mul(x1, aq(x1, add(a, x3))), mul(mul(sub(sub(aq(x2, x3), add(x3, a)), mul(x3, x4)), aq(x2, x4)), aq(x2, x4)))
GPU5 stages: candidates=2500 pre_s=17.619 cheap_candidates=1221 cheap_unique=1217 cheap_s=9.295/40.000 cheap_rejected=243 cheap_a_min=-221.409833813 cheap_a_p50=0.00322379785611 cheap_a_p95=4.09742842491 cheap_a_max=1560.35224685 exact_a_gate=0.15 exact_provisional_penalty=3928.17976309 exact_candidates=978 exact_unique=974 full_exact_enabled=1 exact_capacity=1200 exact_waves=134 exact_scheduled=950 exact_deferred=0 exact_wave=950/1200 exact_queue_depth=0 exact_pending_instances=0 exact_s=112.204 exact_ok=950 exact_margin_max=507.745789767 exact_scan_mean_s=0.046 exact_bisect_mean_s=0.010 exact_polish_mean_s=0.053 exact_final_mean_s=0.052 exact_margin_abs_b_max=nan cache_hits=0 cache_misses=0 cache_waits=0
17 	2500 	1173.7 	4777.98    	16140      	4054.12	11 	34.4488	128	20.1849
Best individuals of this generation:
add(mul(x1, aq(x1, add(a, x3))), mul(mul(sub(sub(aq(x2, x3), add(x3, a)), mul(x3, x4)), aq(x2, x4)), aq(x2, x4)))
GPU5 stages: candidates=2500 pre_s=17.505 cheap_candidates=1225 cheap_unique=1218 cheap_s=9.760/40.000 cheap_rejected=208 cheap_a_min=-0.00025967690392 cheap_a_p50=0.00280170273364 cheap_a_p95=9.87223094685 cheap_a_max=803.332404214 exact_a_gate=0.15 exact_provisional_penalty=3928.17976309 exact_candidates=1017 exact_unique=1010 full_exact_enabled=1 exact_capacity=1200 exact_waves=134 exact_scheduled=993 exact_deferred=0 exact_wave=993/1200 exact_queue_depth=0 exact_pending_instances=0 exact_s=116.670 exact_ok=993 exact_margin_max=554.957719474 exact_scan_mean_s=0.047 exact_bisect_mean_s=0.007 exact_polish_mean_s=0.049 exact_final_mean_s=0.036 exact_margin_abs_b_max=nan cache_hits=0 cache_misses=0 cache_waits=0
18 	2500 	1173.7 	4241.92    	13901.9    	3591.33	11 	34.6848	128	20.3451
Best individuals of this generation:
add(mul(x1, aq(x1, add(a, x3))), mul(mul(sub(sub(aq(x2, x3), add(x3, a)), mul(x3, x4)), aq(x2, x4)), aq(x2, x4)))
GPU5 stages: candidates=2500 pre_s=17.690 cheap_candidates=1219 cheap_unique=1211 cheap_s=8.779/40.000 cheap_rejected=204 cheap_a_min=-500.794849801 cheap_a_p50=0.00280170273366 cheap_a_p95=4.21482086334 cheap_a_max=9211.30744141 exact_a_gate=0.15 exact_provisional_penalty=6558.96150288 exact_candidates=1015 exact_unique=1007 full_exact_enabled=1 exact_capacity=1200 exact_waves=134 exact_scheduled=985 exact_deferred=0 exact_wave=985/1200 exact_queue_depth=0 exact_pending_instances=0 exact_s=116.691 exact_ok=985 exact_margin_max=389.502675069 exact_scan_mean_s=0.045 exact_bisect_mean_s=0.011 exact_polish_mean_s=0.052 exact_final_mean_s=0.033 exact_margin_abs_b_max=nan cache_hits=0 cache_misses=0 cache_waits=0
19 	2500 	1165.45	3823.09    	12389.2    	3177.87	11 	32.5996	122	16.8835
Best individuals of this generation:
sub(exp(add(x3, x4)), aq(add(exp(x3), x4), sub(sub(sin(x2), mul(x3, sub(a, sin(sin(a))))), x1)))
GPU5 stages: candidates=2500 pre_s=17.433 cheap_candidates=1165 cheap_unique=1163 cheap_s=8.761/40.000 cheap_rejected=190 cheap_a_min=-543.401508892 cheap_a_p50=0.00280170273381 cheap_a_p95=2.70777149328 cheap_a_max=656.964849011 exact_a_gate=0.15 exact_provisional_penalty=3928.17976309 exact_candidates=975 exact_unique=973 full_exact_enabled=1 exact_capacity=1200 exact_waves=134 exact_scheduled=955 exact_deferred=0 exact_wave=955/1200 exact_queue_depth=0 exact_pending_instances=0 exact_s=117.820 exact_ok=955 exact_margin_max=68.190580104 exact_scan_mean_s=0.047 exact_bisect_mean_s=0.009 exact_polish_mean_s=0.053 exact_final_mean_s=0.040 exact_margin_abs_b_max=nan cache_hits=0 cache_misses=0 cache_waits=0
20 	2500 	1003.29	3460.62    	10609.7    	2776.65	11 	31.5152	122	15.3793
Best individuals of this generation:
sub(exp(add(x3, x4)), aq(add(exp(x3), x4), sub(sub(sub(sin(x1), sin(x2)), mul(add(sin(sub(x4, x3)), x4), add(mul(exp(x1), x3), a))), x1)))
GPU5 stages: candidates=2500 pre_s=17.546 cheap_candidates=1267 cheap_unique=1259 cheap_s=9.729/40.000 cheap_rejected=169 cheap_a_min=-39.202683578 cheap_a_p50=0.00280170273413 cheap_a_p95=2.98365481028 cheap_a_max=389.867765629 exact_a_gate=0.15 exact_provisional_penalty=3928.17976309 exact_candidates=1098 exact_unique=1090 full_exact_enabled=1 exact_capacity=1200 exact_waves=134 exact_scheduled=1061 exact_deferred=0 exact_wave=1061/1200 exact_queue_depth=0 exact_pending_instances=0 exact_s=122.499 exact_ok=1061 exact_margin_max=101.914414272 exact_scan_mean_s=0.048 exact_bisect_mean_s=0.005 exact_polish_mean_s=0.049 exact_final_mean_s=0.031 exact_margin_abs_b_max=nan cache_hits=0 cache_misses=0 cache_waits=0
21 	2500 	1003.29	3090.89    	9215.15    	2338.74	11 	32.1892	123	16.769 
Best individuals of this generation:
sub(exp(add(x3, x4)), aq(add(exp(x3), x4), sub(sub(sub(sin(x1), sin(x2)), mul(add(sin(sub(x4, x3)), x4), add(mul(exp(x1), x3), a))), x1)))
GPU5 stages: candidates=2500 pre_s=17.714 cheap_candidates=1279 cheap_unique=1273 cheap_s=10.960/40.000 cheap_rejected=194 cheap_a_min=-568.359330283 cheap_a_p50=0.00280170273729 cheap_a_p95=4.00786718913 cheap_a_max=1070.28362966 exact_a_gate=0.15 exact_provisional_penalty=3928.17976309 exact_candidates=1085 exact_unique=1079 full_exact_enabled=1 exact_capacity=1200 exact_waves=134 exact_scheduled=1055 exact_deferred=0 exact_wave=1055/1200 exact_queue_depth=0 exact_pending_instances=0 exact_s=126.147 exact_ok=1055 exact_margin_max=214.360251775 exact_scan_mean_s=0.046 exact_bisect_mean_s=0.007 exact_polish_mean_s=0.057 exact_final_mean_s=0.028 exact_margin_abs_b_max=nan cache_hits=0 cache_misses=0 cache_waits=0
22 	2500 	973.554	2757.03    	7437.36    	1950.08	11 	34.4708	126	19.4831
Best individuals of this generation:
add(mul(mul(x3, x2), mul(x1, x3)), sin(add(add(add(add(mul(a, mul(x1, x1)), mul(x3, mul(x2, x1))), mul(x2, add(x1, x3))), mul(mul(aq(x3, x2), sin(a)), x4)), mul(a, mul(x2, x2)))))
GPU5 stages: candidates=2500 pre_s=18.112 cheap_candidates=1325 cheap_unique=1319 cheap_s=12.600/40.000 cheap_rejected=202 cheap_a_min=-41.2368192399 cheap_a_p50=0.00280170273597 cheap_a_p95=4.77614631225 cheap_a_max=8000.45062954 exact_a_gate=0.15 exact_provisional_penalty=3928.17976309 exact_candidates=1123 exact_unique=1117 full_exact_enabled=1 exact_capacity=1200 exact_waves=134 exact_scheduled=1104 exact_deferred=0 exact_wave=1104/1200 exact_queue_depth=0 exact_pending_instances=0 exact_s=134.120 exact_ok=1104 exact_margin_max=25.2662100824 exact_scan_mean_s=0.045 exact_bisect_mean_s=0.009 exact_polish_mean_s=0.063 exact_final_mean_s=0.045 exact_margin_abs_b_max=nan cache_hits=0 cache_misses=0 cache_waits=0
23 	2500 	973.554	2459.76    	5981.43    	1653.25	11 	37.3064	149	21.4346
Best individuals of this generation:
add(mul(mul(x3, x2), mul(x1, x3)), sin(add(add(add(add(mul(a, mul(x1, x1)), mul(x3, mul(x2, x1))), mul(x2, add(x1, x3))), mul(mul(aq(x3, x2), sin(a)), x4)), mul(a, mul(x2, x2)))))
GPU5 stages: candidates=2500 pre_s=18.163 cheap_candidates=1394 cheap_unique=1390 cheap_s=14.138/40.000 cheap_rejected=189 cheap_a_min=-407.792054315 cheap_a_p50=0.00280170273701 cheap_a_p95=2.67011864758 cheap_a_max=732.63954688 exact_a_gate=0.15 exact_provisional_penalty=3928.17976309 exact_candidates=1205 exact_unique=1201 full_exact_enabled=1 exact_capacity=1200 exact_waves=134 exact_scheduled=1167 exact_deferred=0 exact_wave=1167/1200 exact_queue_depth=0 exact_pending_instances=0 exact_s=143.458 exact_ok=1167 exact_margin_max=617.248074313 exact_scan_mean_s=0.047 exact_bisect_mean_s=0.009 exact_polish_mean_s=0.063 exact_final_mean_s=0.036 exact_margin_abs_b_max=nan cache_hits=0 cache_misses=0 cache_waits=0
24 	2500 	898.301	2176.32    	5709.57    	1379.56	11 	39.9508	149	22.5413
Best individuals of this generation:
sub(exp(add(x3, x4)), aq(add(exp(x3), x4), sub(sub(sub(sin(x1), sin(sub(add(x2, x4), sin(x1)))), mul(add(sin(sub(x4, x3)), x4), add(x1, a))), x1)))
GPU5 stages: candidates=2500 pre_s=18.339 cheap_candidates=1456 cheap_unique=1453 cheap_s=15.705/40.000 cheap_rejected=223 cheap_a_min=-523.015010812 cheap_a_p50=0.0028017027391 cheap_a_p95=3.71619840807 cheap_a_max=2661.98135121 exact_a_gate=0.15 exact_provisional_penalty=3928.17976309 exact_candidates=1233 exact_unique=1230 full_exact_enabled=1 exact_capacity=1200 exact_waves=134 exact_scheduled=1200 exact_deferred=7 exact_wave=1200/1200 exact_queue_depth=0 exact_pending_instances=7 exact_s=149.920 exact_ok=1200 exact_margin_max=634.636135166 exact_scan_mean_s=0.047 exact_bisect_mean_s=0.007 exact_polish_mean_s=0.072 exact_final_mean_s=0.040 exact_margin_abs_b_max=nan cache_hits=0 cache_misses=0 cache_waits=0
25 	2500 	898.301	1933.16    	5603.44    	1123.38	13 	41.1752	149	23.2473
Best individuals of this generation:
sub(exp(add(x3, x4)), aq(add(exp(x3), x4), sub(sub(sub(sin(x1), sin(sub(add(x2, x4), sin(x1)))), mul(add(sin(sub(x4, x3)), x4), add(x1, a))), x1)))
GPU5 stages: candidates=2500 pre_s=17.947 cheap_candidates=1384 cheap_unique=1376 cheap_s=14.657/40.000 cheap_rejected=232 cheap_a_min=-6.45728458035 cheap_a_p50=0.00280170273869 cheap_a_p95=5.69314137477 cheap_a_max=923.536944574 exact_a_gate=0.15 exact_provisional_penalty=3928.17976309 exact_candidates=1152 exact_unique=1144 full_exact_enabled=1 exact_capacity=1200 exact_waves=134 exact_scheduled=1114 exact_deferred=0 exact_wave=1114/1200 exact_queue_depth=0 exact_pending_instances=0 exact_s=143.569 exact_ok=1114 exact_margin_max=35.730327214 exact_scan_mean_s=0.047 exact_bisect_mean_s=0.006 exact_polish_mean_s=0.067 exact_final_mean_s=0.041 exact_margin_abs_b_max=nan cache_hits=0 cache_misses=0 cache_waits=0
26 	2500 	763.544	1726.67    	5318.03    	827.057	13 	40.5864	174	22.5782
Best individuals of this generation:
sub(exp(add(x3, x4)), aq(add(exp(x3), x4), sub(sub(sub(sin(add(x1, x1)), sin(x2)), mul(add(sin(sub(x4, x3)), x4), add(mul(exp(x1), x3), a))), x1)))
GPU5 stages: candidates=2500 pre_s=17.686 cheap_candidates=1328 cheap_unique=1328 cheap_s=14.573/40.000 cheap_rejected=228 cheap_a_min=-0.0109493567913 cheap_a_p50=0.00292124802668 cheap_a_p95=2.97056079694 cheap_a_max=698.487302217 exact_a_gate=0.15 exact_provisional_penalty=3928.17976309 exact_candidates=1100 exact_unique=1100 full_exact_enabled=1 exact_capacity=1200 exact_waves=134 exact_scheduled=1065 exact_deferred=0 exact_wave=1065/1200 exact_queue_depth=0 exact_pending_instances=0 exact_s=130.389 exact_ok=1065 exact_margin_max=1.32481291205 exact_scan_mean_s=0.048 exact_bisect_mean_s=0.006 exact_polish_mean_s=0.065 exact_final_mean_s=0.035 exact_margin_abs_b_max=nan cache_hits=0 cache_misses=0 cache_waits=0
27 	2500 	763.544	1546.28    	3936.32    	488.515	13 	40.0516	174	22.4344
Best individuals of this generation:
sub(exp(add(x3, x4)), aq(add(exp(x3), x4), sub(sub(sub(sin(add(x1, x1)), sin(x2)), mul(add(sin(sub(x4, x3)), x4), add(mul(exp(x1), x3), a))), x1)))
GPU5 stages: candidates=2500 pre_s=17.705 cheap_candidates=1328 cheap_unique=1322 cheap_s=14.559/40.000 cheap_rejected=211 cheap_a_min=-273.406678552 cheap_a_p50=0.00280170274351 cheap_a_p95=2.48516542681 cheap_a_max=733.558168252 exact_a_gate=0.15 exact_provisional_penalty=3928.17976309 exact_candidates=1117 exact_unique=1111 full_exact_enabled=1 exact_capacity=1200 exact_waves=134 exact_scheduled=1090 exact_deferred=0 exact_wave=1090/1200 exact_queue_depth=0 exact_pending_instances=0 exact_s=135.823 exact_ok=1090 exact_margin_max=1.92673090314 exact_scan_mean_s=0.048 exact_bisect_mean_s=0.005 exact_polish_mean_s=0.062 exact_final_mean_s=0.037 exact_margin_abs_b_max=nan cache_hits=0 cache_misses=0 cache_waits=0
28 	2500 	763.544	1440.56    	2405.73    	312.641	16 	40.2044	174	23.0716
Best individuals of this generation:
sub(exp(add(x3, x4)), aq(add(exp(x3), x4), sub(sub(sub(sin(add(x1, x1)), sin(x2)), mul(add(sin(sub(x4, x3)), x4), add(mul(exp(x1), x3), a))), x1)))
GPU5 stages: candidates=2500 pre_s=17.568 cheap_candidates=1387 cheap_unique=1380 cheap_s=15.008/40.000 cheap_rejected=202 cheap_a_min=-21.4066194669 cheap_a_p50=0.0028017027354 cheap_a_p95=2.4479529588 cheap_a_max=1150.9045339 exact_a_gate=0.15 exact_provisional_penalty=3928.17976309 exact_candidates=1185 exact_unique=1178 full_exact_enabled=1 exact_capacity=1200 exact_waves=134 exact_scheduled=1151 exact_deferred=0 exact_wave=1151/1200 exact_queue_depth=0 exact_pending_instances=0 exact_s=144.862 exact_ok=1151 exact_margin_max=1.2078836191 exact_scan_mean_s=0.048 exact_bisect_mean_s=0.005 exact_polish_mean_s=0.065 exact_final_mean_s=0.034 exact_margin_abs_b_max=nan cache_hits=0 cache_misses=0 cache_waits=0
29 	2500 	763.544	1380.69    	1921.33    	230.644	15 	40.5812	176	23.1506
Best individuals of this generation:
sub(exp(add(x3, x4)), aq(add(exp(x3), x4), sub(sub(sub(sin(add(x1, x1)), sin(x2)), mul(add(sin(sub(x4, x3)), x4), add(mul(exp(x1), x3), a))), x1)))
GPU5 stages: candidates=2500 pre_s=17.492 cheap_candidates=1349 cheap_unique=1345 cheap_s=14.381/40.000 cheap_rejected=204 cheap_a_min=-56.6898354708 cheap_a_p50=0.00280170273368 cheap_a_p95=2.6876022469 cheap_a_max=1129.14402453 exact_a_gate=0.15 exact_provisional_penalty=3928.17976309 exact_candidates=1145 exact_unique=1142 full_exact_enabled=1 exact_capacity=1200 exact_waves=134 exact_scheduled=1110 exact_deferred=0 exact_wave=1110/1200 exact_queue_depth=0 exact_pending_instances=0 exact_s=139.453 exact_ok=1110 exact_margin_max=18.6340282911 exact_scan_mean_s=0.046 exact_bisect_mean_s=0.005 exact_polish_mean_s=0.061 exact_final_mean_s=0.035 exact_margin_abs_b_max=nan cache_hits=0 cache_misses=0 cache_waits=0
30 	2500 	763.544	1350.23    	1817.21    	207.1  	16 	40.9652	176	22.574 
Best individuals of this generation:
sub(exp(add(x3, x4)), aq(add(exp(x3), x4), sub(sub(sub(sin(add(x1, x1)), sin(x2)), mul(add(sin(sub(x4, x3)), x4), add(mul(exp(x1), x3), a))), x1)))
GPU5 stages: candidates=2500 pre_s=17.424 cheap_candidates=1358 cheap_unique=1348 cheap_s=14.125/40.000 cheap_rejected=205 cheap_a_min=-129.50480765 cheap_a_p50=0.00269676461511 cheap_a_p95=3.92056112496 cheap_a_max=1683.61062154 exact_a_gate=0.15 exact_provisional_penalty=3928.17976309 exact_candidates=1153 exact_unique=1143 full_exact_enabled=1 exact_capacity=1200 exact_waves=134 exact_scheduled=1122 exact_deferred=0 exact_wave=1122/1200 exact_queue_depth=0 exact_pending_instances=0 exact_s=139.506 exact_ok=1122 exact_margin_max=1.49546783357 exact_scan_mean_s=0.046 exact_bisect_mean_s=0.004 exact_polish_mean_s=0.061 exact_final_mean_s=0.030 exact_margin_abs_b_max=nan cache_hits=0 cache_misses=0 cache_waits=0
31 	2500 	763.544	1324.79    	1732.19    	191.542	16 	40.2132	176	22.0977
Best individuals of this generation:
sub(exp(add(x3, x4)), aq(add(exp(x3), x4), sub(sub(sub(sin(add(x1, x1)), sin(x2)), mul(add(sin(sub(x4, x3)), x4), add(mul(exp(x1), x3), a))), x1)))
GPU5 stages: candidates=2500 pre_s=17.137 cheap_candidates=1344 cheap_unique=1332 cheap_s=13.090/40.000 cheap_rejected=186 cheap_a_min=-12.5086976186 cheap_a_p50=0.00269676461488 cheap_a_p95=2.0989051101 cheap_a_max=1506.0613625 exact_a_gate=0.15 exact_provisional_penalty=3928.17976309 exact_candidates=1158 exact_unique=1146 full_exact_enabled=1 exact_capacity=1200 exact_waves=134 exact_scheduled=1116 exact_deferred=0 exact_wave=1116/1200 exact_queue_depth=0 exact_pending_instances=0 exact_s=133.304 exact_ok=1116 exact_margin_max=0.635451758344 exact_scan_mean_s=0.046 exact_bisect_mean_s=0.005 exact_polish_mean_s=0.065 exact_final_mean_s=0.027 exact_margin_abs_b_max=nan cache_hits=0 cache_misses=0 cache_waits=0
32 	2500 	763.544	1304.95    	1676.11    	179.294	16 	39.598 	176	21.3447
Best individuals of this generation:
sub(exp(add(x3, x4)), aq(add(exp(x3), x4), sub(sub(sub(sin(add(x1, x1)), sin(x2)), mul(add(sin(sub(x4, x3)), x4), add(mul(exp(x1), x3), a))), x1)))
GPU5 stages: candidates=2500 pre_s=17.369 cheap_candidates=1384 cheap_unique=1376 cheap_s=13.666/40.000 cheap_rejected=181 cheap_a_min=-136.152165133 cheap_a_p50=0.00224455028469 cheap_a_p95=1.36707128342 cheap_a_max=675.757170271 exact_a_gate=0.15 exact_provisional_penalty=3928.17976309 exact_candidates=1203 exact_unique=1195 full_exact_enabled=1 exact_capacity=1200 exact_waves=134 exact_scheduled=1162 exact_deferred=0 exact_wave=1162/1200 exact_queue_depth=0 exact_pending_instances=0 exact_s=144.666 exact_ok=1162 exact_margin_max=0.703636744698 exact_scan_mean_s=0.045 exact_bisect_mean_s=0.004 exact_polish_mean_s=0.064 exact_final_mean_s=0.025 exact_margin_abs_b_max=nan cache_hits=0 cache_misses=0 cache_waits=0
33 	2500 	763.544	1281.18    	1604.26    	167.594	16 	39.8992	176	20.8282
Best individuals of this generation:
sub(exp(add(x3, x4)), aq(add(exp(x3), x4), sub(sub(sub(sin(add(x1, x1)), sin(x2)), mul(add(sin(sub(x4, x3)), x4), add(mul(exp(x1), x3), a))), x1)))
GPU5 stages: candidates=2500 pre_s=17.176 cheap_candidates=1380 cheap_unique=1374 cheap_s=13.501/40.000 cheap_rejected=171 cheap_a_min=-99.8506244289 cheap_a_p50=0.00171411276781 cheap_a_p95=1.46010038739 cheap_a_max=1225.51849844 exact_a_gate=0.15 exact_provisional_penalty=3928.17976309 exact_candidates=1209 exact_unique=1203 full_exact_enabled=1 exact_capacity=1200 exact_waves=134 exact_scheduled=1174 exact_deferred=0 exact_wave=1174/1200 exact_queue_depth=0 exact_pending_instances=0 exact_s=141.353 exact_ok=1174 exact_margin_max=0.52943574043 exact_scan_mean_s=0.046 exact_bisect_mean_s=0.003 exact_polish_mean_s=0.070 exact_final_mean_s=0.029 exact_margin_abs_b_max=nan cache_hits=0 cache_misses=0 cache_waits=0
34 	2500 	763.544	1260.54    	1585.34    	162.813	15 	40.8824	176	20.4052
Best individuals of this generation:
sub(exp(add(x3, x4)), aq(add(exp(x3), x4), sub(sub(sub(sin(add(x1, x1)), sin(x2)), mul(add(sin(sub(x4, x3)), x4), add(mul(exp(x1), x3), a))), x1)))
GPU5 stages: candidates=2500 pre_s=17.452 cheap_candidates=1393 cheap_unique=1390 cheap_s=13.873/40.000 cheap_rejected=146 cheap_a_min=-117.903370066 cheap_a_p50=0.00114476502754 cheap_a_p95=0.849190903764 cheap_a_max=367.772460827 exact_a_gate=0.15 exact_provisional_penalty=3928.17976309 exact_candidates=1247 exact_unique=1244 full_exact_enabled=1 exact_capacity=1200 exact_waves=134 exact_scheduled=1200 exact_deferred=19 exact_wave=1200/1200 exact_queue_depth=0 exact_pending_instances=19 exact_s=147.074 exact_ok=1200 exact_margin_max=0.824033153332 exact_scan_mean_s=0.044 exact_bisect_mean_s=0.006 exact_polish_mean_s=0.071 exact_final_mean_s=0.028 exact_margin_abs_b_max=nan cache_hits=0 cache_misses=0 cache_waits=0
35 	2500 	763.544	1240.92    	1576.2     	164.04 	17 	41.0316	176	19.2492
Best individuals of this generation:
sub(exp(add(x3, x4)), aq(add(exp(x3), x4), sub(sub(sub(sin(add(x1, x1)), sin(x2)), mul(add(sin(sub(x4, x3)), x4), add(mul(exp(x1), x3), a))), x1)))
GPU5 stages: candidates=2500 pre_s=17.256 cheap_candidates=1390 cheap_unique=1386 cheap_s=14.281/40.000 cheap_rejected=156 cheap_a_min=-0.0150807566248 cheap_a_p50=0.00114476502727 cheap_a_p95=1.104316287 cheap_a_max=671.584722697 exact_a_gate=0.15 exact_provisional_penalty=3928.17976309 exact_candidates=1234 exact_unique=1230 full_exact_enabled=1 exact_capacity=1200 exact_waves=134 exact_scheduled=1197 exact_deferred=0 exact_wave=1197/1200 exact_queue_depth=0 exact_pending_instances=0 exact_s=146.878 exact_ok=1197 exact_margin_max=0.96108458149 exact_scan_mean_s=0.045 exact_bisect_mean_s=0.007 exact_polish_mean_s=0.078 exact_final_mean_s=0.027 exact_margin_abs_b_max=nan cache_hits=0 cache_misses=0 cache_waits=0
36 	2500 	763.544	1225.36    	1569.11    	165.618	17 	40.4404	176	18.7908
Best individuals of this generation:
sub(exp(add(x3, x4)), aq(add(exp(x3), x4), sub(sub(sub(sin(add(x1, x1)), sin(x2)), mul(add(sin(sub(x4, x3)), x4), add(mul(exp(x1), x3), a))), x1)))
GPU5 stages: candidates=2500 pre_s=17.085 cheap_candidates=1421 cheap_unique=1413 cheap_s=13.983/40.000 cheap_rejected=145 cheap_a_min=-167.743492039 cheap_a_p50=0.000609207010891 cheap_a_p95=1.02253238297 cheap_a_max=858.494257333 exact_a_gate=0.15 exact_provisional_penalty=3928.17976309 exact_candidates=1276 exact_unique=1268 full_exact_enabled=1 exact_capacity=1200 exact_waves=134 exact_scheduled=1200 exact_deferred=40 exact_wave=1200/1200 exact_queue_depth=0 exact_pending_instances=40 exact_s=153.032 exact_ok=1200 exact_margin_max=61.8405517249 exact_scan_mean_s=0.043 exact_bisect_mean_s=0.006 exact_polish_mean_s=0.085 exact_final_mean_s=0.024 exact_margin_abs_b_max=nan cache_hits=0 cache_misses=0 cache_waits=0
37 	2500 	763.544	1211.42    	1564.59    	167.811	17 	40.7448	168	18.8065
Best individuals of this generation:
sub(exp(add(x3, x4)), aq(add(exp(x3), x4), sub(sub(sub(sin(add(x1, x1)), sin(x2)), mul(add(sin(sub(x4, x3)), x4), add(mul(exp(x1), x3), a))), x1)))
GPU5 stages: candidates=2500 pre_s=17.083 cheap_candidates=1354 cheap_unique=1347 cheap_s=14.049/40.000 cheap_rejected=160 cheap_a_min=-0.970645376307 cheap_a_p50=0.000441471539049 cheap_a_p95=0.873521553648 cheap_a_max=17611.8519223 exact_a_gate=0.15 exact_provisional_penalty=3928.17976309 exact_candidates=1194 exact_unique=1187 full_exact_enabled=1 exact_capacity=1200 exact_waves=134 exact_scheduled=1152 exact_deferred=0 exact_wave=1152/1200 exact_queue_depth=0 exact_pending_instances=0 exact_s=154.960 exact_ok=1152 exact_margin_max=0.785543619341 exact_scan_mean_s=0.045 exact_bisect_mean_s=0.007 exact_polish_mean_s=0.098 exact_final_mean_s=0.024 exact_margin_abs_b_max=nan cache_hits=0 cache_misses=0 cache_waits=0
38 	2500 	763.544	1196.03    	1555.18    	167.975	17 	41.0968	172	20.233 
Best individuals of this generation:
sub(exp(add(x3, x4)), aq(add(exp(x3), x4), sub(sub(sub(sin(add(x1, x1)), sin(x2)), mul(add(sin(sub(x4, x3)), x4), add(mul(exp(x1), x3), a))), x1)))
GPU5 stages: candidates=2500 pre_s=17.020 cheap_candidates=1358 cheap_unique=1351 cheap_s=13.974/40.000 cheap_rejected=157 cheap_a_min=-0.0304362105036 cheap_a_p50=0.000628458967783 cheap_a_p95=0.838864265674 cheap_a_max=1779.32045069 exact_a_gate=0.15 exact_provisional_penalty=3928.17976309 exact_candidates=1201 exact_unique=1194 full_exact_enabled=1 exact_capacity=1200 exact_waves=134 exact_scheduled=1162 exact_deferred=0 exact_wave=1162/1200 exact_queue_depth=0 exact_pending_instances=0 exact_s=148.875 exact_ok=1162 exact_margin_max=0.614652430288 exact_scan_mean_s=0.043 exact_bisect_mean_s=0.006 exact_polish_mean_s=0.097 exact_final_mean_s=0.031 exact_margin_abs_b_max=nan cache_hits=0 cache_misses=0 cache_waits=0
39 	2500 	692.694	1178.76    	1550.89    	168.163	17 	41.7016	172	21.5079
Best individuals of this generation:
add(add(add(mul(x1, x1), mul(x2, x2)), add(add(add(add(add(add(mul(a, sub(mul(x3, x3), mul(x4, x3))), mul(exp(a), mul(x1, x1))), mul(exp(x2), mul(x1, x3))), mul(exp(x2), mul(x1, exp(x3)))), mul(a, mul(x2, x2))), mul(mul(a, mul(x1, x1)), mul(x2, x2))), mul(add(add(mul(add(add(x1, a), x1), mul(x2, x3)), mul(a, mul(x3, x3))), mul(a, mul(x2, x4))), mul(x2, x4)))), mul(x1, x2))
GPU5 stages: candidates=2500 pre_s=17.037 cheap_candidates=1370 cheap_unique=1363 cheap_s=15.011/40.000 cheap_rejected=156 cheap_a_min=-0.0915284463382 cheap_a_p50=0.00022897900305 cheap_a_p95=0.926088585516 cheap_a_max=1125.82871837 exact_a_gate=0.15 exact_provisional_penalty=3928.17976309 exact_candidates=1214 exact_unique=1207 full_exact_enabled=1 exact_capacity=1200 exact_waves=134 exact_scheduled=1173 exact_deferred=0 exact_wave=1173/1200 exact_queue_depth=0 exact_pending_instances=0 exact_s=150.799 exact_ok=1173 exact_margin_max=1.18374350405 exact_scan_mean_s=0.045 exact_bisect_mean_s=0.005 exact_polish_mean_s=0.106 exact_final_mean_s=0.031 exact_margin_abs_b_max=nan cache_hits=0 cache_misses=0 cache_waits=0
40 	2500 	692.694	1157.87    	1545.36    	164.744	17 	42.7192	172	22.8221
Best individuals of this generation:
add(add(add(mul(x1, x1), mul(x2, x2)), add(add(add(add(add(add(mul(a, sub(mul(x3, x3), mul(x4, x3))), mul(exp(a), mul(x1, x1))), mul(exp(x2), mul(x1, x3))), mul(exp(x2), mul(x1, exp(x3)))), mul(a, mul(x2, x2))), mul(mul(a, mul(x1, x1)), mul(x2, x2))), mul(add(add(mul(add(add(x1, a), x1), mul(x2, x3)), mul(a, mul(x3, x3))), mul(a, mul(x2, x4))), mul(x2, x4)))), mul(x1, x2))
GPU5 stages: candidates=2500 pre_s=17.152 cheap_candidates=1380 cheap_unique=1375 cheap_s=15.222/40.000 cheap_rejected=148 cheap_a_min=-4.56581411922 cheap_a_p50=0.000337395101768 cheap_a_p95=0.643566765005 cheap_a_max=164.100641802 exact_a_gate=0.15 exact_provisional_penalty=3928.17976309 exact_candidates=1232 exact_unique=1227 full_exact_enabled=1 exact_capacity=1200 exact_waves=134 exact_scheduled=1195 exact_deferred=0 exact_wave=1195/1200 exact_queue_depth=0 exact_pending_instances=0 exact_s=153.462 exact_ok=1195 exact_margin_max=199.401204273 exact_scan_mean_s=0.043 exact_bisect_mean_s=0.005 exact_polish_mean_s=0.117 exact_final_mean_s=0.034 exact_margin_abs_b_max=nan cache_hits=0 cache_misses=0 cache_waits=0
41 	2500 	692.694	1139.97    	1479.2     	162.904	17 	43.9052	172	23.8541
Best individuals of this generation:
add(add(add(mul(x1, x1), mul(x2, x2)), add(add(add(add(add(add(mul(a, sub(mul(x3, x3), mul(x4, x3))), mul(exp(a), mul(x1, x1))), mul(exp(x2), mul(x1, x3))), mul(exp(x2), mul(x1, exp(x3)))), mul(a, mul(x2, x2))), mul(mul(a, mul(x1, x1)), mul(x2, x2))), mul(add(add(mul(add(add(x1, a), x1), mul(x2, x3)), mul(a, mul(x3, x3))), mul(a, mul(x2, x4))), mul(x2, x4)))), mul(x1, x2))
GPU5 stages: candidates=2500 pre_s=17.298 cheap_candidates=1396 cheap_unique=1391 cheap_s=14.377/40.000 cheap_rejected=147 cheap_a_min=-0.0705938912653 cheap_a_p50=0.000189142677506 cheap_a_p95=0.716185166935 cheap_a_max=22298.9912133 exact_a_gate=0.15 exact_provisional_penalty=12135.6426808 exact_candidates=1249 exact_unique=1244 full_exact_enabled=1 exact_capacity=1200 exact_waves=134 exact_scheduled=1200 exact_deferred=12 exact_wave=1200/1200 exact_queue_depth=0 exact_pending_instances=12 exact_s=156.099 exact_ok=1200 exact_margin_max=0.827206086335 exact_scan_mean_s=0.044 exact_bisect_mean_s=0.005 exact_polish_mean_s=0.107 exact_final_mean_s=0.026 exact_margin_abs_b_max=nan cache_hits=0 cache_misses=0 cache_waits=0
42 	2500 	692.694	1125.63    	1430.98    	163.631	17 	45.5848	172	25.331 
Best individuals of this generation:
add(add(add(mul(x1, x1), mul(x2, x2)), add(add(add(add(add(add(mul(a, sub(mul(x3, x3), mul(x4, x3))), mul(exp(a), mul(x1, x1))), mul(exp(x2), mul(x1, x3))), mul(exp(x2), mul(x1, exp(x3)))), mul(a, mul(x2, x2))), mul(mul(a, mul(x1, x1)), mul(x2, x2))), mul(add(add(mul(add(add(x1, a), x1), mul(x2, x3)), mul(a, mul(x3, x3))), mul(a, mul(x2, x4))), mul(x2, x4)))), mul(x1, x2))
GPU5 stages: candidates=2500 pre_s=17.717 cheap_candidates=1465 cheap_unique=1463 cheap_s=15.356/40.000 cheap_rejected=155 cheap_a_min=-120.081023799 cheap_a_p50=0.000232175447808 cheap_a_p95=0.406963334407 cheap_a_max=6707.92138391 exact_a_gate=0.15 exact_provisional_penalty=3928.17976309 exact_candidates=1310 exact_unique=1308 full_exact_enabled=1 exact_capacity=1200 exact_waves=134 exact_scheduled=1200 exact_deferred=78 exact_wave=1200/1200 exact_queue_depth=0 exact_pending_instances=78 exact_s=155.642 exact_ok=1200 exact_margin_max=161.178976121 exact_scan_mean_s=0.043 exact_bisect_mean_s=0.006 exact_polish_mean_s=0.103 exact_final_mean_s=0.036 exact_margin_abs_b_max=nan cache_hits=0 cache_misses=0 cache_waits=0
43 	2500 	692.694	1109.55    	1410.76    	169.053	17 	48.56  	172	27.4276
Best individuals of this generation:
add(add(add(mul(x1, x1), mul(x2, x2)), add(add(add(add(add(add(mul(a, sub(mul(x3, x3), mul(x4, x3))), mul(exp(a), mul(x1, x1))), mul(exp(x2), mul(x1, x3))), mul(exp(x2), mul(x1, exp(x3)))), mul(a, mul(x2, x2))), mul(mul(a, mul(x1, x1)), mul(x2, x2))), mul(add(add(mul(add(add(x1, a), x1), mul(x2, x3)), mul(a, mul(x3, x3))), mul(a, mul(x2, x4))), mul(x2, x4)))), mul(x1, x2))
GPU5 stages: candidates=2500 pre_s=17.633 cheap_candidates=1490 cheap_unique=1483 cheap_s=15.825/40.000 cheap_rejected=174 cheap_a_min=-0.0336992770347 cheap_a_p50=0.000358226626162 cheap_a_p95=0.826851439267 cheap_a_max=2122.11515276 exact_a_gate=0.15 exact_provisional_penalty=3928.17976309 exact_candidates=1316 exact_unique=1309 full_exact_enabled=1 exact_capacity=1200 exact_waves=134 exact_scheduled=1200 exact_deferred=78 exact_wave=1200/1200 exact_queue_depth=0 exact_pending_instances=79 exact_s=155.837 exact_ok=1200 exact_margin_max=0.901817272821 exact_scan_mean_s=0.040 exact_bisect_mean_s=0.003 exact_polish_mean_s=0.103 exact_final_mean_s=0.028 exact_margin_abs_b_max=nan cache_hits=0 cache_misses=0 cache_waits=0
44 	2500 	692.694	1092.12    	1398.96    	175.904	17 	51.89  	167	28.8277
Best individuals of this generation:
add(add(add(mul(x1, x1), mul(x2, x2)), add(add(add(add(add(add(mul(a, sub(mul(x3, x3), mul(x4, x3))), mul(exp(a), mul(x1, x1))), mul(exp(x2), mul(x1, x3))), mul(exp(x2), mul(x1, exp(x3)))), mul(a, mul(x2, x2))), mul(mul(a, mul(x1, x1)), mul(x2, x2))), mul(add(add(mul(add(add(x1, a), x1), mul(x2, x3)), mul(a, mul(x3, x3))), mul(a, mul(x2, x4))), mul(x2, x4)))), mul(x1, x2))
GPU5 stages: candidates=2500 pre_s=17.855 cheap_candidates=1468 cheap_unique=1466 cheap_s=16.219/40.000 cheap_rejected=153 cheap_a_min=-0.0165180517276 cheap_a_p50=0.000276883893175 cheap_a_p95=0.897999936694 cheap_a_max=1993.31552257 exact_a_gate=0.15 exact_provisional_penalty=8952.09023834 exact_candidates=1315 exact_unique=1313 full_exact_enabled=1 exact_capacity=1200 exact_waves=134 exact_scheduled=1200 exact_deferred=87 exact_wave=1200/1200 exact_queue_depth=0 exact_pending_instances=87 exact_s=150.413 exact_ok=1200 exact_margin_max=0.219439492357 exact_scan_mean_s=0.041 exact_bisect_mean_s=0.005 exact_polish_mean_s=0.103 exact_final_mean_s=0.022 exact_margin_abs_b_max=nan cache_hits=0 cache_misses=0 cache_waits=0
45 	2500 	692.694	1077.84    	1384.69    	182.876	16 	52.6284	171	28.9129
Best individuals of this generation:
add(add(add(mul(x1, x1), mul(x2, x2)), add(add(add(add(add(add(mul(a, sub(mul(x3, x3), mul(x4, x3))), mul(exp(a), mul(x1, x1))), mul(exp(x2), mul(x1, x3))), mul(exp(x2), mul(x1, exp(x3)))), mul(a, mul(x2, x2))), mul(mul(a, mul(x1, x1)), mul(x2, x2))), mul(add(add(mul(add(add(x1, a), x1), mul(x2, x3)), mul(a, mul(x3, x3))), mul(a, mul(x2, x4))), mul(x2, x4)))), mul(x1, x2))
GPU5 stages: candidates=2500 pre_s=18.026 cheap_candidates=1484 cheap_unique=1482 cheap_s=15.648/40.000 cheap_rejected=143 cheap_a_min=-0.0884011877345 cheap_a_p50=0.000154400839646 cheap_a_p95=0.604856946894 cheap_a_max=1222.30823828 exact_a_gate=0.15 exact_provisional_penalty=16421.3153681 exact_candidates=1341 exact_unique=1339 full_exact_enabled=1 exact_capacity=1200 exact_waves=134 exact_scheduled=1200 exact_deferred=107 exact_wave=1200/1200 exact_queue_depth=0 exact_pending_instances=107 exact_s=153.846 exact_ok=1200 exact_margin_max=0.214100177862 exact_scan_mean_s=0.040 exact_bisect_mean_s=0.004 exact_polish_mean_s=0.098 exact_final_mean_s=0.027 exact_margin_abs_b_max=nan cache_hits=0 cache_misses=0 cache_waits=0
46 	2500 	692.694	1066.5     	1367.92    	190.367	16 	52.934 	171	29.3244
Best individuals of this generation:
add(add(add(mul(x1, x1), mul(x2, x2)), add(add(add(add(add(add(mul(a, sub(mul(x3, x3), mul(x4, x3))), mul(exp(a), mul(x1, x1))), mul(exp(x2), mul(x1, x3))), mul(exp(x2), mul(x1, exp(x3)))), mul(a, mul(x2, x2))), mul(mul(a, mul(x1, x1)), mul(x2, x2))), mul(add(add(mul(add(add(x1, a), x1), mul(x2, x3)), mul(a, mul(x3, x3))), mul(a, mul(x2, x4))), mul(x2, x4)))), mul(x1, x2))
GPU5 stages: candidates=2500 pre_s=18.356 cheap_candidates=1507 cheap_unique=1503 cheap_s=15.518/40.000 cheap_rejected=139 cheap_a_min=-0.0596892385874 cheap_a_p50=0.000138988513079 cheap_a_p95=0.634776768688 cheap_a_max=1927.96166604 exact_a_gate=0.15 exact_provisional_penalty=3976.42915771 exact_candidates=1368 exact_unique=1364 full_exact_enabled=1 exact_capacity=1200 exact_waves=134 exact_scheduled=1200 exact_deferred=137 exact_wave=1200/1200 exact_queue_depth=0 exact_pending_instances=137 exact_s=144.003 exact_ok=1200 exact_margin_max=0.250901435973 exact_scan_mean_s=0.041 exact_bisect_mean_s=0.003 exact_polish_mean_s=0.094 exact_final_mean_s=0.028 exact_margin_abs_b_max=nan cache_hits=0 cache_misses=0 cache_waits=0
47 	2500 	692.694	1055.41    	1359.69    	198.886	16 	53.7828	171	28.8457
Best individuals of this generation:
add(add(add(mul(x1, x1), mul(x2, x2)), add(add(add(add(add(add(mul(a, sub(mul(x3, x3), mul(x4, x3))), mul(exp(a), mul(x1, x1))), mul(exp(x2), mul(x1, x3))), mul(exp(x2), mul(x1, exp(x3)))), mul(a, mul(x2, x2))), mul(mul(a, mul(x1, x1)), mul(x2, x2))), mul(add(add(mul(add(add(x1, a), x1), mul(x2, x3)), mul(a, mul(x3, x3))), mul(a, mul(x2, x4))), mul(x2, x4)))), mul(x1, x2))
GPU5 stages: candidates=2500 pre_s=18.665 cheap_candidates=1578 cheap_unique=1576 cheap_s=15.651/40.000 cheap_rejected=151 cheap_a_min=-0.113571695191 cheap_a_p50=7.96979662316e-05 cheap_a_p95=0.596260991819 cheap_a_max=678.509326586 exact_a_gate=0.15 exact_provisional_penalty=3928.17976309 exact_candidates=1427 exact_unique=1425 full_exact_enabled=1 exact_capacity=1200 exact_waves=134 exact_scheduled=1200 exact_deferred=204 exact_wave=1200/1200 exact_queue_depth=0 exact_pending_instances=204 exact_s=148.295 exact_ok=1200 exact_margin_max=0.192676467492 exact_scan_mean_s=0.041 exact_bisect_mean_s=0.003 exact_polish_mean_s=0.091 exact_final_mean_s=0.024 exact_margin_abs_b_max=nan cache_hits=0 cache_misses=0 cache_waits=0
48 	2500 	692.694	1047.42    	1354.9     	205.049	18 	55.3568	171	28.3777
Best individuals of this generation:
add(add(add(mul(x1, x1), mul(x2, x2)), add(add(add(add(add(add(mul(a, sub(mul(x3, x3), mul(x4, x3))), mul(exp(a), mul(x1, x1))), mul(exp(x2), mul(x1, x3))), mul(exp(x2), mul(x1, exp(x3)))), mul(a, mul(x2, x2))), mul(mul(a, mul(x1, x1)), mul(x2, x2))), mul(add(add(mul(add(add(x1, a), x1), mul(x2, x3)), mul(a, mul(x3, x3))), mul(a, mul(x2, x4))), mul(x2, x4)))), mul(x1, x2))
GPU5 stages: candidates=2500 pre_s=19.100 cheap_candidates=1553 cheap_unique=1552 cheap_s=15.488/40.000 cheap_rejected=158 cheap_a_min=-0.0498352610131 cheap_a_p50=0.000125765522648 cheap_a_p95=0.565151026892 cheap_a_max=772.57515828 exact_a_gate=0.15 exact_provisional_penalty=3928.17976309 exact_candidates=1395 exact_unique=1394 full_exact_enabled=1 exact_capacity=1200 exact_waves=134 exact_scheduled=1200 exact_deferred=182 exact_wave=1200/1200 exact_queue_depth=0 exact_pending_instances=182 exact_s=150.959 exact_ok=1200 exact_margin_max=0.272629320904 exact_scan_mean_s=0.040 exact_bisect_mean_s=0.003 exact_polish_mean_s=0.092 exact_final_mean_s=0.021 exact_margin_abs_b_max=nan cache_hits=0 cache_misses=0 cache_waits=0
49 	2500 	692.694	1042.32    	1351.92    	208.918	21 	56.4908	177	28.3258
Best individuals of this generation:
add(add(add(mul(x1, x1), mul(x2, x2)), add(add(add(add(add(add(mul(a, sub(mul(x3, x3), mul(x4, x3))), mul(exp(a), mul(x1, x1))), mul(exp(x2), mul(x1, x3))), mul(exp(x2), mul(x1, exp(x3)))), mul(a, mul(x2, x2))), mul(mul(a, mul(x1, x1)), mul(x2, x2))), mul(add(add(mul(add(add(x1, a), x1), mul(x2, x3)), mul(a, mul(x3, x3))), mul(a, mul(x2, x4))), mul(x2, x4)))), mul(x1, x2))
GPU5 stages: candidates=2500 pre_s=19.615 cheap_candidates=1593 cheap_unique=1593 cheap_s=16.973/40.000 cheap_rejected=148 cheap_a_min=-75.3971552899 cheap_a_p50=6.37090481676e-05 cheap_a_p95=0.564312399189 cheap_a_max=1743.66437966 exact_a_gate=0.15 exact_provisional_penalty=3928.17976309 exact_candidates=1445 exact_unique=1445 full_exact_enabled=1 exact_capacity=1200 exact_waves=134 exact_scheduled=1200 exact_deferred=234 exact_wave=1200/1200 exact_queue_depth=0 exact_pending_instances=234 exact_s=148.688 exact_ok=1200 exact_margin_max=0.534090943195 exact_scan_mean_s=0.040 exact_bisect_mean_s=0.003 exact_polish_mean_s=0.090 exact_final_mean_s=0.018 exact_margin_abs_b_max=nan cache_hits=0 cache_misses=0 cache_waits=0
50 	2500 	692.694	1038.76    	1349.1     	211.58 	21 	58.3808	177	28.3087
Best individuals of this generation:
add(add(add(mul(x1, x1), mul(x2, x2)), add(add(add(add(add(add(mul(a, sub(mul(x3, x3), mul(x4, x3))), mul(exp(a), mul(x1, x1))), mul(exp(x2), mul(x1, x3))), mul(exp(x2), mul(x1, exp(x3)))), mul(a, mul(x2, x2))), mul(mul(a, mul(x1, x1)), mul(x2, x2))), mul(add(add(mul(add(add(x1, a), x1), mul(x2, x3)), mul(a, mul(x3, x3))), mul(a, mul(x2, x4))), mul(x2, x4)))), mul(x1, x2))
GPU5 stages: candidates=2500 pre_s=19.943 cheap_candidates=1611 cheap_unique=1610 cheap_s=16.535/40.000 cheap_rejected=169 cheap_a_min=-309.129475325 cheap_a_p50=5.8873554891e-05 cheap_a_p95=0.671467411234 cheap_a_max=369.122033773 exact_a_gate=0.15 exact_provisional_penalty=3928.17976309 exact_candidates=1442 exact_unique=1442 full_exact_enabled=1 exact_capacity=1200 exact_waves=134 exact_scheduled=1200 exact_deferred=236 exact_wave=1200/1200 exact_queue_depth=0 exact_pending_instances=236 exact_s=155.340 exact_ok=1200 exact_margin_max=3.92875987373e+205 exact_scan_mean_s=0.042 exact_bisect_mean_s=0.004 exact_polish_mean_s=0.087 exact_final_mean_s=0.027 exact_margin_abs_b_max=nan cache_hits=0 cache_misses=0 cache_waits=0
51 	2500 	692.694	1036.34    	1347.24    	213.29 	21 	59.4584	177	28.3124
Best individuals of this generation:
add(add(add(mul(x1, x1), mul(x2, x2)), add(add(add(add(add(add(mul(a, sub(mul(x3, x3), mul(x4, x3))), mul(exp(a), mul(x1, x1))), mul(exp(x2), mul(x1, x3))), mul(exp(x2), mul(x1, exp(x3)))), mul(a, mul(x2, x2))), mul(mul(a, mul(x1, x1)), mul(x2, x2))), mul(add(add(mul(add(add(x1, a), x1), mul(x2, x3)), mul(a, mul(x3, x3))), mul(a, mul(x2, x4))), mul(x2, x4)))), mul(x1, x2))
GPU5 stages: candidates=2500 pre_s=20.141 cheap_candidates=1622 cheap_unique=1621 cheap_s=16.799/40.000 cheap_rejected=189 cheap_a_min=-84.6585215075 cheap_a_p50=9.24993726889e-05 cheap_a_p95=0.936852249078 cheap_a_max=528.946533439 exact_a_gate=0.15 exact_provisional_penalty=6311.84388201 exact_candidates=1433 exact_unique=1432 full_exact_enabled=1 exact_capacity=1200 exact_waves=134 exact_scheduled=1200 exact_deferred=230 exact_wave=1200/1200 exact_queue_depth=0 exact_pending_instances=230 exact_s=152.100 exact_ok=1200 exact_margin_max=2.98430687969 exact_scan_mean_s=0.040 exact_bisect_mean_s=0.001 exact_polish_mean_s=0.087 exact_final_mean_s=0.024 exact_margin_abs_b_max=nan cache_hits=0 cache_misses=0 cache_waits=0
52 	2500 	692.694	1034.38    	1345.42    	214.306	21 	60.1576	177	29.0843
Best individuals of this generation:
add(add(add(mul(x1, x1), mul(x2, x2)), add(add(add(add(add(add(mul(a, sub(mul(x3, x3), mul(x4, x3))), mul(exp(a), mul(x1, x1))), mul(exp(x2), mul(x1, x3))), mul(exp(x2), mul(x1, exp(x3)))), mul(a, mul(x2, x2))), mul(mul(a, mul(x1, x1)), mul(x2, x2))), mul(add(add(mul(add(add(x1, a), x1), mul(x2, x3)), mul(a, mul(x3, x3))), mul(a, mul(x2, x4))), mul(x2, x4)))), mul(x1, x2))
GPU5 stages: candidates=2500 pre_s=20.366 cheap_candidates=1656 cheap_unique=1656 cheap_s=17.553/40.000 cheap_rejected=187 cheap_a_min=-8.51441244834 cheap_a_p50=6.99041136808e-05 cheap_a_p95=1.3869060453 cheap_a_max=793.182908338 exact_a_gate=0.15 exact_provisional_penalty=3928.17976309 exact_candidates=1469 exact_unique=1469 full_exact_enabled=1 exact_capacity=1200 exact_waves=134 exact_scheduled=1200 exact_deferred=266 exact_wave=1200/1200 exact_queue_depth=0 exact_pending_instances=266 exact_s=147.100 exact_ok=1200 exact_margin_max=0.500811229798 exact_scan_mean_s=0.039 exact_bisect_mean_s=0.000 exact_polish_mean_s=0.091 exact_final_mean_s=0.019 exact_margin_abs_b_max=nan cache_hits=0 cache_misses=0 cache_waits=0
53 	2500 	692.694	1032.45    	1343.8     	215.253	22 	60.7844	208	29.3434
Best individuals of this generation:
add(add(add(mul(x1, x1), mul(x2, x2)), add(add(add(add(add(add(mul(a, sub(mul(x3, x3), mul(x4, x3))), mul(exp(a), mul(x1, x1))), mul(exp(x2), mul(x1, x3))), mul(exp(x2), mul(x1, exp(x3)))), mul(a, mul(x2, x2))), mul(mul(a, mul(x1, x1)), mul(x2, x2))), mul(add(add(mul(add(add(x1, a), x1), mul(x2, x3)), mul(a, mul(x3, x3))), mul(a, mul(x2, x4))), mul(x2, x4)))), mul(x1, x2))
GPU5 stages: candidates=2500 pre_s=20.462 cheap_candidates=1672 cheap_unique=1670 cheap_s=16.642/40.000 cheap_rejected=159 cheap_a_min=-0.0483911823402 cheap_a_p50=7.48160599343e-05 cheap_a_p95=0.447609919011 cheap_a_max=1453.86956742 exact_a_gate=0.15 exact_provisional_penalty=3928.17976309 exact_candidates=1513 exact_unique=1511 full_exact_enabled=1 exact_capacity=1200 exact_waves=134 exact_scheduled=1200 exact_deferred=310 exact_wave=1200/1200 exact_queue_depth=0 exact_pending_instances=311 exact_s=150.668 exact_ok=1200 exact_margin_max=1.370635176 exact_scan_mean_s=0.041 exact_bisect_mean_s=0.001 exact_polish_mean_s=0.101 exact_final_mean_s=0.026 exact_margin_abs_b_max=nan cache_hits=0 cache_misses=0 cache_waits=0
54 	2500 	655.224	1030.29    	1342.48    	216.299	19 	60.9664	213	29.4074
Best individuals of this generation:
sub(exp(add(x3, x4)), aq(add(exp(x3), x4), sub(sub(sub(sub(sub(sin(x1), sin(x2)), mul(add(sin(sub(x4, x3)), x4), mul(add(sin(sub(x4, x3)), x4), add(mul(exp(x1), sin(sub(x4, x3))), a)))), x3), mul(add(add(sin(sub(x4, x3)), x4), x4), add(mul(exp(x1), sub(sub(x1, sin(x2)), mul(add(exp(x1), x4), add(add(x3, x4), a)))), a))), x2)))
GPU5 stages: candidates=2500 pre_s=20.440 cheap_candidates=1626 cheap_unique=1624 cheap_s=16.783/40.000 cheap_rejected=184 cheap_a_min=-72.1990879021 cheap_a_p50=5.22917623522e-05 cheap_a_p95=0.861597668746 cheap_a_max=750.147876679 exact_a_gate=0.15 exact_provisional_penalty=3928.17976309 exact_candidates=1442 exact_unique=1440 full_exact_enabled=1 exact_capacity=1200 exact_waves=134 exact_scheduled=1200 exact_deferred=237 exact_wave=1200/1200 exact_queue_depth=0 exact_pending_instances=237 exact_s=151.128 exact_ok=1200 exact_margin_max=8.57839573968 exact_scan_mean_s=0.041 exact_bisect_mean_s=0.002 exact_polish_mean_s=0.096 exact_final_mean_s=0.028 exact_margin_abs_b_max=nan cache_hits=0 cache_misses=0 cache_waits=0
55 	2500 	655.224	1028.21    	1341.36    	217.279	19 	61.0956	213	29.1844
Best individuals of this generation:
sub(exp(add(x3, x4)), aq(add(exp(x3), x4), sub(sub(sub(sub(sub(sin(x1), sin(x2)), mul(add(sin(sub(x4, x3)), x4), mul(add(sin(sub(x4, x3)), x4), add(mul(exp(x1), sin(sub(x4, x3))), a)))), x3), mul(add(add(sin(sub(x4, x3)), x4), x4), add(mul(exp(x1), sub(sub(x1, sin(x2)), mul(add(exp(x1), x4), add(add(x3, x4), a)))), a))), x2)))
GPU5 stages: candidates=2500 pre_s=20.385 cheap_candidates=1640 cheap_unique=1640 cheap_s=16.756/40.000 cheap_rejected=168 cheap_a_min=-0.0822480895102 cheap_a_p50=7.04503330744e-05 cheap_a_p95=0.875161615677 cheap_a_max=1350.94490324 exact_a_gate=0.15 exact_provisional_penalty=3928.17976309 exact_candidates=1472 exact_unique=1472 full_exact_enabled=1 exact_capacity=1200 exact_waves=134 exact_scheduled=1200 exact_deferred=269 exact_wave=1200/1200 exact_queue_depth=0 exact_pending_instances=269 exact_s=148.649 exact_ok=1200 exact_margin_max=0.498933794273 exact_scan_mean_s=0.043 exact_bisect_mean_s=0.002 exact_polish_mean_s=0.094 exact_final_mean_s=0.016 exact_margin_abs_b_max=nan cache_hits=0 cache_misses=0 cache_waits=0
56 	2500 	655.224	1026.49    	1340.3     	218.01 	19 	61.2328	213	28.857 
Best individuals of this generation:
sub(exp(add(x3, x4)), aq(add(exp(x3), x4), sub(sub(sub(sub(sub(sin(x1), sin(x2)), mul(add(sin(sub(x4, x3)), x4), mul(add(sin(sub(x4, x3)), x4), add(mul(exp(x1), sin(sub(x4, x3))), a)))), x3), mul(add(add(sin(sub(x4, x3)), x4), x4), add(mul(exp(x1), sub(sub(x1, sin(x2)), mul(add(exp(x1), x4), add(add(x3, x4), a)))), a))), x2)))
GPU5 stages: candidates=2500 pre_s=20.443 cheap_candidates=1638 cheap_unique=1637 cheap_s=16.153/40.000 cheap_rejected=158 cheap_a_min=-0.0420905627664 cheap_a_p50=2.85743977662e-05 cheap_a_p95=0.797696493508 cheap_a_max=1931.64520948 exact_a_gate=0.15 exact_provisional_penalty=3928.17976309 exact_candidates=1480 exact_unique=1479 full_exact_enabled=1 exact_capacity=1200 exact_waves=134 exact_scheduled=1200 exact_deferred=277 exact_wave=1200/1200 exact_queue_depth=0 exact_pending_instances=277 exact_s=148.510 exact_ok=1200 exact_margin_max=0.799291217776 exact_scan_mean_s=0.041 exact_bisect_mean_s=0.002 exact_polish_mean_s=0.096 exact_final_mean_s=0.019 exact_margin_abs_b_max=nan cache_hits=0 cache_misses=0 cache_waits=0
57 	2500 	655.224	1023.9     	1339.66    	218.827	16 	61.3248	208	28.4767
Best individuals of this generation:
sub(exp(add(x3, x4)), aq(add(exp(x3), x4), sub(sub(sub(sub(sub(sin(x1), sin(x2)), mul(add(sin(sub(x4, x3)), x4), mul(add(sin(sub(x4, x3)), x4), add(mul(exp(x1), sin(sub(x4, x3))), a)))), x3), mul(add(add(sin(sub(x4, x3)), x4), x4), add(mul(exp(x1), sub(sub(x1, sin(x2)), mul(add(exp(x1), x4), add(add(x3, x4), a)))), a))), x2)))
GPU5 stages: candidates=2500 pre_s=20.667 cheap_candidates=1633 cheap_unique=1632 cheap_s=15.704/40.000 cheap_rejected=169 cheap_a_min=-7.4718296606 cheap_a_p50=2.86415528391e-05 cheap_a_p95=0.72300547394 cheap_a_max=2030.83681347 exact_a_gate=0.15 exact_provisional_penalty=3928.17976309 exact_candidates=1464 exact_unique=1463 full_exact_enabled=1 exact_capacity=1200 exact_waves=134 exact_scheduled=1200 exact_deferred=261 exact_wave=1200/1200 exact_queue_depth=0 exact_pending_instances=261 exact_s=148.082 exact_ok=1200 exact_margin_max=593.227721431 exact_scan_mean_s=0.041 exact_bisect_mean_s=0.001 exact_polish_mean_s=0.095 exact_final_mean_s=0.028 exact_margin_abs_b_max=nan cache_hits=0 cache_misses=0 cache_waits=0
58 	2500 	655.224	1020.69    	1338.74    	219.55 	16 	61.01  	173	28.336 
Best individuals of this generation:
sub(exp(add(x3, x4)), aq(add(exp(x3), x4), sub(sub(sub(sub(sub(sin(x1), sin(x2)), mul(add(sin(sub(x4, x3)), x4), mul(add(sin(sub(x4, x3)), x4), add(mul(exp(x1), sin(sub(x4, x3))), a)))), x3), mul(add(add(sin(sub(x4, x3)), x4), x4), add(mul(exp(x1), sub(sub(x1, sin(x2)), mul(add(exp(x1), x4), add(add(x3, x4), a)))), a))), x2)))
GPU5 stages: candidates=2500 pre_s=20.727 cheap_candidates=1648 cheap_unique=1647 cheap_s=15.135/40.000 cheap_rejected=174 cheap_a_min=-235.747491376 cheap_a_p50=2.21910579174e-05 cheap_a_p95=0.721010873272 cheap_a_max=872.463452995 exact_a_gate=0.15 exact_provisional_penalty=13242.0775729 exact_candidates=1474 exact_unique=1473 full_exact_enabled=1 exact_capacity=1200 exact_waves=134 exact_scheduled=1200 exact_deferred=269 exact_wave=1200/1200 exact_queue_depth=0 exact_pending_instances=269 exact_s=153.935 exact_ok=1200 exact_margin_max=0.805519815735 exact_scan_mean_s=0.041 exact_bisect_mean_s=0.001 exact_polish_mean_s=0.102 exact_final_mean_s=0.035 exact_margin_abs_b_max=nan cache_hits=0 cache_misses=0 cache_waits=0
59 	2500 	655.224	1016.56    	1337.86    	220.28 	16 	60.6896	173	28.6116
Best individuals of this generation:
sub(exp(add(x3, x4)), aq(add(exp(x3), x4), sub(sub(sub(sub(sub(sin(x1), sin(x2)), mul(add(sin(sub(x4, x3)), x4), mul(add(sin(sub(x4, x3)), x4), add(mul(exp(x1), sin(sub(x4, x3))), a)))), x3), mul(add(add(sin(sub(x4, x3)), x4), x4), add(mul(exp(x1), sub(sub(x1, sin(x2)), mul(add(exp(x1), x4), add(add(x3, x4), a)))), a))), x2)))
GPU5 stages: candidates=2500 pre_s=20.548 cheap_candidates=1650 cheap_unique=1650 cheap_s=15.316/40.000 cheap_rejected=144 cheap_a_min=-27.6834311215 cheap_a_p50=3.73816485679e-05 cheap_a_p95=0.633726046942 cheap_a_max=1222.326237 exact_a_gate=0.15 exact_provisional_penalty=3928.17976309 exact_candidates=1506 exact_unique=1506 full_exact_enabled=1 exact_capacity=1200 exact_waves=134 exact_scheduled=1200 exact_deferred=305 exact_wave=1200/1200 exact_queue_depth=0 exact_pending_instances=305 exact_s=154.538 exact_ok=1200 exact_margin_max=2.05097925371 exact_scan_mean_s=0.040 exact_bisect_mean_s=0.002 exact_polish_mean_s=0.109 exact_final_mean_s=0.029 exact_margin_abs_b_max=nan cache_hits=0 cache_misses=0 cache_waits=0
60 	2500 	655.224	1012.31    	1336.64    	221.366	16 	60.2132	173	28.5447
Best individuals of this generation:
sub(exp(add(x3, x4)), aq(add(exp(x3), x4), sub(sub(sub(sub(sub(sin(x1), sin(x2)), mul(add(sin(sub(x4, x3)), x4), mul(add(sin(sub(x4, x3)), x4), add(mul(exp(x1), sin(sub(x4, x3))), a)))), x3), mul(add(add(sin(sub(x4, x3)), x4), x4), add(mul(exp(x1), sub(sub(x1, sin(x2)), mul(add(exp(x1), x4), add(add(x3, x4), a)))), a))), x2)))
GPU5 stages: candidates=2500 pre_s=20.516 cheap_candidates=1629 cheap_unique=1629 cheap_s=15.955/40.000 cheap_rejected=160 cheap_a_min=-4.76618635242 cheap_a_p50=5.25852815803e-05 cheap_a_p95=0.741568478416 cheap_a_max=426.381625167 exact_a_gate=0.15 exact_provisional_penalty=3928.17976309 exact_candidates=1469 exact_unique=1469 full_exact_enabled=1 exact_capacity=1200 exact_waves=134 exact_scheduled=1200 exact_deferred=262 exact_wave=1200/1200 exact_queue_depth=0 exact_pending_instances=262 exact_s=154.895 exact_ok=1200 exact_margin_max=20.1614740725 exact_scan_mean_s=0.041 exact_bisect_mean_s=0.001 exact_polish_mean_s=0.106 exact_final_mean_s=0.031 exact_margin_abs_b_max=nan cache_hits=0 cache_misses=0 cache_waits=0
61 	2500 	651.938	1007.35    	1336.01    	222.004	16 	59.3592	186	28.6711
Best individuals of this generation:
sub(exp(add(x3, x4)), aq(add(exp(x3), x4), sub(sub(sub(sub(sub(sin(x1), sin(x2)), mul(add(sin(sub(x4, x3)), x4), mul(add(sin(sub(x4, add(x3, add(x1, x4)))), x4), add(mul(exp(x1), sin(sub(x4, x3))), a)))), x3), mul(add(add(sin(sub(x4, x3)), x4), x4), add(mul(exp(x1), add(sub(sub(sin(x1), sin(x2)), mul(add(sin(sub(x4, x3)), x4), a)), a)), a))), x2)))
GPU5 stages: candidates=2500 pre_s=20.546 cheap_candidates=1630 cheap_unique=1630 cheap_s=15.256/40.000 cheap_rejected=168 cheap_a_min=-0.654290816824 cheap_a_p50=2.70037307906e-05 cheap_a_p95=0.795066896582 cheap_a_max=1670.07233893 exact_a_gate=0.15 exact_provisional_penalty=3928.17976309 exact_candidates=1462 exact_unique=1462 full_exact_enabled=1 exact_capacity=1200 exact_waves=134 exact_scheduled=1200 exact_deferred=261 exact_wave=1200/1200 exact_queue_depth=0 exact_pending_instances=261 exact_s=157.602 exact_ok=1200 exact_margin_max=0.919530409453 exact_scan_mean_s=0.042 exact_bisect_mean_s=0.000 exact_polish_mean_s=0.112 exact_final_mean_s=0.037 exact_margin_abs_b_max=nan cache_hits=0 cache_misses=0 cache_waits=0
62 	2500 	651.938	1001.46    	1335.46    	221.656	16 	58.1728	186	28.6724
Best individuals of this generation:
sub(exp(add(x3, x4)), aq(add(exp(x3), x4), sub(sub(sub(sub(sub(sin(x1), sin(x2)), mul(add(sin(sub(x4, x3)), x4), mul(add(sin(sub(x4, add(x3, add(x1, x4)))), x4), add(mul(exp(x1), sin(sub(x4, x3))), a)))), x3), mul(add(add(sin(sub(x4, x3)), x4), x4), add(mul(exp(x1), add(sub(sub(sin(x1), sin(x2)), mul(add(sin(sub(x4, x3)), x4), a)), a)), a))), x2)))
GPU5 stages: candidates=2500 pre_s=20.825 cheap_candidates=1652 cheap_unique=1652 cheap_s=16.271/40.000 cheap_rejected=124 cheap_a_min=-0.0417616709219 cheap_a_p50=4.81285265025e-05 cheap_a_p95=0.416439091978 cheap_a_max=2349.96134545 exact_a_gate=0.15 exact_provisional_penalty=3928.17976309 exact_candidates=1528 exact_unique=1528 full_exact_enabled=1 exact_capacity=1200 exact_waves=134 exact_scheduled=1200 exact_deferred=324 exact_wave=1200/1200 exact_queue_depth=0 exact_pending_instances=324 exact_s=155.087 exact_ok=1200 exact_margin_max=1.0363321368 exact_scan_mean_s=0.040 exact_bisect_mean_s=0.001 exact_polish_mean_s=0.125 exact_final_mean_s=0.041 exact_margin_abs_b_max=nan cache_hits=0 cache_misses=0 cache_waits=0
63 	2500 	648.205	997.042    	1334.91    	223.174	16 	58.9212	198	28.484 
Best individuals of this generation:
sub(exp(add(x3, x4)), aq(add(exp(x3), x4), sub(sub(sub(sub(sub(sin(x1), sin(x2)), mul(add(sin(sub(x4, x3)), x4), mul(add(sin(sub(x4, x3)), x4), add(mul(exp(x1), sin(sub(x4, x3))), a)))), x3), mul(add(add(sin(sub(x4, x3)), x4), x4), add(mul(exp(x1), sub(sub(x1, sin(x3)), mul(add(exp(x1), add(add(a, x4), exp(x1))), add(add(x3, x4), a)))), a))), x2)))
GPU5 stages: candidates=2500 pre_s=20.535 cheap_candidates=1644 cheap_unique=1644 cheap_s=16.394/40.000 cheap_rejected=133 cheap_a_min=-0.0371750466594 cheap_a_p50=3.5723123897e-05 cheap_a_p95=0.380556512234 cheap_a_max=2049.57658703 exact_a_gate=0.15 exact_provisional_penalty=3928.17976309 exact_candidates=1511 exact_unique=1511 full_exact_enabled=1 exact_capacity=1200 exact_waves=134 exact_scheduled=1200 exact_deferred=309 exact_wave=1200/1200 exact_queue_depth=0 exact_pending_instances=309 exact_s=160.050 exact_ok=1200 exact_margin_max=0.331064440979 exact_scan_mean_s=0.040 exact_bisect_mean_s=0.000 exact_polish_mean_s=0.129 exact_final_mean_s=0.038 exact_margin_abs_b_max=nan cache_hits=0 cache_misses=0 cache_waits=0
64 	2500 	648.205	993.747    	1334.21    	224.63 	16 	59.5436	198	28.206 
Best individuals of this generation:
sub(exp(add(x3, x4)), aq(add(exp(x3), x4), sub(sub(sub(sub(sub(sin(x1), sin(x2)), mul(add(sin(sub(x4, x3)), x4), mul(add(sin(sub(x4, x3)), x4), add(mul(exp(x1), sin(sub(x4, x3))), a)))), x3), mul(add(add(sin(sub(x4, x3)), x4), x4), add(mul(exp(x1), sub(sub(x1, sin(x3)), mul(add(exp(x1), add(add(a, x4), exp(x1))), add(add(x3, x4), a)))), a))), x2)))
GPU5 stages: candidates=2500 pre_s=20.933 cheap_candidates=1658 cheap_unique=1658 cheap_s=17.333/40.000 cheap_rejected=131 cheap_a_min=-102.322661736 cheap_a_p50=6.354716579e-05 cheap_a_p95=0.406164100978 cheap_a_max=1550.20565544 exact_a_gate=0.15 exact_provisional_penalty=3928.17976309 exact_candidates=1527 exact_unique=1527 full_exact_enabled=1 exact_capacity=1200 exact_waves=134 exact_scheduled=1200 exact_deferred=327 exact_wave=1200/1200 exact_queue_depth=0 exact_pending_instances=327 exact_s=160.252 exact_ok=1200 exact_margin_max=0.715533132814 exact_scan_mean_s=0.040 exact_bisect_mean_s=0.001 exact_polish_mean_s=0.139 exact_final_mean_s=0.040 exact_margin_abs_b_max=nan cache_hits=0 cache_misses=0 cache_waits=0
65 	2500 	625.573	990.317    	1333.55    	226.661	16 	60.5276	198	28.0246
Best individuals of this generation:
sub(exp(add(x3, x4)), aq(add(exp(x3), x4), sub(sub(sub(sub(sub(sin(x1), sin(x2)), mul(add(sin(sub(add(exp(x3), x4), x3)), x4), mul(add(sin(sub(x4, x4)), x4), add(mul(exp(x1), sin(sub(add(mul(exp(x1), x4), a), x3))), a)))), x3), mul(add(add(sin(sub(x4, x3)), x4), x4), add(mul(exp(x1), sub(sub(x1, sin(x2)), sub(a, a))), a))), x2)))
GPU5 stages: candidates=2500 pre_s=21.047 cheap_candidates=1698 cheap_unique=1698 cheap_s=18.570/40.000 cheap_rejected=133 cheap_a_min=-0.0272328137639 cheap_a_p50=9.04889033296e-05 cheap_a_p95=0.541590288612 cheap_a_max=1834.3076264 exact_a_gate=0.15 exact_provisional_penalty=3928.17976309 exact_candidates=1565 exact_unique=1565 full_exact_enabled=1 exact_capacity=1200 exact_waves=134 exact_scheduled=1200 exact_deferred=363 exact_wave=1200/1200 exact_queue_depth=0 exact_pending_instances=363 exact_s=157.703 exact_ok=1200 exact_margin_max=1.09615192048 exact_scan_mean_s=0.042 exact_bisect_mean_s=0.001 exact_polish_mean_s=0.133 exact_final_mean_s=0.036 exact_margin_abs_b_max=nan cache_hits=0 cache_misses=0 cache_waits=0
66 	2500 	625.573	986.806    	1332.99    	228.386	16 	61.6884	159	27.8055
Best individuals of this generation:
sub(exp(add(x3, x4)), aq(add(exp(x3), x4), sub(sub(sub(sub(sub(sin(x1), sin(x2)), mul(add(sin(sub(add(exp(x3), x4), x3)), x4), mul(add(sin(sub(x4, x4)), x4), add(mul(exp(x1), sin(sub(add(mul(exp(x1), x4), a), x3))), a)))), x3), mul(add(add(sin(sub(x4, x3)), x4), x4), add(mul(exp(x1), sub(sub(x1, sin(x2)), sub(a, a))), a))), x2)))
GPU5 stages: candidates=2500 pre_s=20.959 cheap_candidates=1669 cheap_unique=1669 cheap_s=18.370/40.000 cheap_rejected=138 cheap_a_min=-1.64783497202 cheap_a_p50=8.20817338943e-05 cheap_a_p95=0.506772894675 cheap_a_max=1553.90177505 exact_a_gate=0.15 exact_provisional_penalty=3928.17976309 exact_candidates=1531 exact_unique=1531 full_exact_enabled=1 exact_capacity=1200 exact_waves=134 exact_scheduled=1200 exact_deferred=330 exact_wave=1200/1200 exact_queue_depth=0 exact_pending_instances=330 exact_s=168.912 exact_ok=1200 exact_margin_max=4.10898514717 exact_scan_mean_s=0.040 exact_bisect_mean_s=0.001 exact_polish_mean_s=0.149 exact_final_mean_s=0.046 exact_margin_abs_b_max=nan cache_hits=0 cache_misses=0 cache_waits=0
67 	2500 	625.573	981.992    	1332.41    	230.774	16 	62.4252	159	27.6401
Best individuals of this generation:
sub(exp(add(x3, x4)), aq(add(exp(x3), x4), sub(sub(sub(sub(sub(sin(x1), sin(x2)), mul(add(sin(sub(add(exp(x3), x4), x3)), x4), mul(add(sin(sub(x4, x4)), x4), add(mul(exp(x1), sin(sub(add(mul(exp(x1), x4), a), x3))), a)))), x3), mul(add(add(sin(sub(x4, x3)), x4), x4), add(mul(exp(x1), sub(sub(x1, sin(x2)), sub(a, a))), a))), x2)))
GPU5 stages: candidates=2500 pre_s=20.748 cheap_candidates=1634 cheap_unique=1634 cheap_s=18.488/40.000 cheap_rejected=120 cheap_a_min=-0.765451455783 cheap_a_p50=0.000162718167813 cheap_a_p95=0.30431410528 cheap_a_max=832.732415778 exact_a_gate=0.15 exact_provisional_penalty=3928.17976309 exact_candidates=1514 exact_unique=1514 full_exact_enabled=1 exact_capacity=1200 exact_waves=134 exact_scheduled=1200 exact_deferred=313 exact_wave=1200/1200 exact_queue_depth=0 exact_pending_instances=313 exact_s=160.439 exact_ok=1200 exact_margin_max=0.37269034898 exact_scan_mean_s=0.042 exact_bisect_mean_s=0.001 exact_polish_mean_s=0.159 exact_final_mean_s=0.033 exact_margin_abs_b_max=nan cache_hits=0 cache_misses=0 cache_waits=0
68 	2500 	625.573	977.535    	1332.03    	232.224	16 	62.7684	195	27.6965
Best individuals of this generation:
sub(exp(add(x3, x4)), aq(add(exp(x3), x4), sub(sub(sub(sub(sub(sin(x1), sin(x2)), mul(add(sin(sub(add(exp(x3), x4), x3)), x4), mul(add(sin(sub(x4, x4)), x4), add(mul(exp(x1), sin(sub(add(mul(exp(x1), x4), a), x3))), a)))), x3), mul(add(add(sin(sub(x4, x3)), x4), x4), add(mul(exp(x1), sub(sub(x1, sin(x2)), sub(a, a))), a))), x2)))
GPU5 stages: candidates=2500 pre_s=20.501 cheap_candidates=1621 cheap_unique=1621 cheap_s=19.153/40.000 cheap_rejected=129 cheap_a_min=-0.0367711240278 cheap_a_p50=0.000176240296607 cheap_a_p95=0.69142680215 cheap_a_max=660.540039487 exact_a_gate=0.15 exact_provisional_penalty=3928.17976309 exact_candidates=1492 exact_unique=1492 full_exact_enabled=1 exact_capacity=1200 exact_waves=134 exact_scheduled=1200 exact_deferred=292 exact_wave=1200/1200 exact_queue_depth=0 exact_pending_instances=292 exact_s=166.740 exact_ok=1200 exact_margin_max=0.261167094701 exact_scan_mean_s=0.039 exact_bisect_mean_s=0.001 exact_polish_mean_s=0.156 exact_final_mean_s=0.042 exact_margin_abs_b_max=nan cache_hits=0 cache_misses=0 cache_waits=0
69 	2500 	625.573	973.028    	1331.47    	232.651	16 	62.7856	195	27.7778
Best individuals of this generation:
sub(exp(add(x3, x4)), aq(add(exp(x3), x4), sub(sub(sub(sub(sub(sin(x1), sin(x2)), mul(add(sin(sub(add(exp(x3), x4), x3)), x4), mul(add(sin(sub(x4, x4)), x4), add(mul(exp(x1), sin(sub(add(mul(exp(x1), x4), a), x3))), a)))), x3), mul(add(add(sin(sub(x4, x3)), x4), x4), add(mul(exp(x1), sub(sub(x1, sin(x2)), sub(a, a))), a))), x2)))
GPU5 stages: candidates=2500 pre_s=20.847 cheap_candidates=1658 cheap_unique=1658 cheap_s=19.847/40.000 cheap_rejected=109 cheap_a_min=-127.901802681 cheap_a_p50=0.000170551996067 cheap_a_p95=0.275241714046 cheap_a_max=285.046207362 exact_a_gate=0.15 exact_provisional_penalty=3928.17976309 exact_candidates=1549 exact_unique=1549 full_exact_enabled=1 exact_capacity=1200 exact_waves=134 exact_scheduled=1200 exact_deferred=349 exact_wave=1200/1200 exact_queue_depth=0 exact_pending_instances=349 exact_s=164.615 exact_ok=1200 exact_margin_max=32.0436753122 exact_scan_mean_s=0.040 exact_bisect_mean_s=0.000 exact_polish_mean_s=0.169 exact_final_mean_s=0.025 exact_margin_abs_b_max=nan cache_hits=0 cache_misses=0 cache_waits=0
70 	2500 	625.573	967.383    	1331.09    	232.146	16 	62.4024	195	27.9037
Best individuals of this generation:
sub(exp(add(x3, x4)), aq(add(exp(x3), x4), sub(sub(sub(sub(sub(sin(x1), sin(x2)), mul(add(sin(sub(add(exp(x3), x4), x3)), x4), mul(add(sin(sub(x4, x4)), x4), add(mul(exp(x1), sin(sub(add(mul(exp(x1), x4), a), x3))), a)))), x3), mul(add(add(sin(sub(x4, x3)), x4), x4), add(mul(exp(x1), sub(sub(x1, sin(x2)), sub(a, a))), a))), x2)))
GPU5 stages: candidates=2500 pre_s=20.622 cheap_candidates=1659 cheap_unique=1659 cheap_s=20.356/40.000 cheap_rejected=106 cheap_a_min=-0.0209175925581 cheap_a_p50=0.000182298931487 cheap_a_p95=0.260194172889 cheap_a_max=624.653846808 exact_a_gate=0.15 exact_provisional_penalty=3928.17976309 exact_candidates=1553 exact_unique=1553 full_exact_enabled=1 exact_capacity=1200 exact_waves=134 exact_scheduled=1200 exact_deferred=352 exact_wave=1200/1200 exact_queue_depth=0 exact_pending_instances=352 exact_s=162.479 exact_ok=1200 exact_margin_max=0.210541957752 exact_scan_mean_s=0.040 exact_bisect_mean_s=0.001 exact_polish_mean_s=0.174 exact_final_mean_s=0.019 exact_margin_abs_b_max=nan cache_hits=0 cache_misses=0 cache_waits=0
71 	2500 	625.573	962.268    	1330.56    	230.981	16 	62.112 	195	27.7337
Best individuals of this generation:
sub(exp(add(x3, x4)), aq(add(exp(x3), x4), sub(sub(sub(sub(sub(sin(x1), sin(x2)), mul(add(sin(sub(add(exp(x3), x4), x3)), x4), mul(add(sin(sub(x4, x4)), x4), add(mul(exp(x1), sin(sub(add(mul(exp(x1), x4), a), x3))), a)))), x3), mul(add(add(sin(sub(x4, x3)), x4), x4), add(mul(exp(x1), sub(sub(x1, sin(x2)), sub(a, a))), a))), x2)))
GPU5 stages: candidates=2500 pre_s=20.886 cheap_candidates=1617 cheap_unique=1617 cheap_s=20.345/40.000 cheap_rejected=130 cheap_a_min=-44.6916751886 cheap_a_p50=0.000175332503365 cheap_a_p95=0.51152745815 cheap_a_max=639.575253584 exact_a_gate=0.15 exact_provisional_penalty=3928.17976309 exact_candidates=1487 exact_unique=1487 full_exact_enabled=1 exact_capacity=1200 exact_waves=134 exact_scheduled=1200 exact_deferred=285 exact_wave=1200/1200 exact_queue_depth=0 exact_pending_instances=285 exact_s=163.781 exact_ok=1200 exact_margin_max=0.0759298408954 exact_scan_mean_s=0.039 exact_bisect_mean_s=0.000 exact_polish_mean_s=0.177 exact_final_mean_s=0.031 exact_margin_abs_b_max=nan cache_hits=0 cache_misses=0 cache_waits=0
72 	2500 	625.573	959.605    	1330.16    	230.957	16 	61.9892	195	27.2474
Best individuals of this generation:
sub(exp(add(x3, x4)), aq(add(exp(x3), x4), sub(sub(sub(sub(sub(sin(x1), sin(x2)), mul(add(sin(sub(add(exp(x3), x4), x3)), x4), mul(add(sin(sub(x4, x4)), x4), add(mul(exp(x1), sin(sub(add(mul(exp(x1), x4), a), x3))), a)))), x3), mul(add(add(sin(sub(x4, x3)), x4), x4), add(mul(exp(x1), sub(sub(x1, sin(x2)), sub(a, a))), a))), x2)))
GPU5 stages: candidates=2500 pre_s=20.701 cheap_candidates=1648 cheap_unique=1648 cheap_s=21.158/40.000 cheap_rejected=123 cheap_a_min=-16.1165411418 cheap_a_p50=0.000186423950533 cheap_a_p95=0.432854947793 cheap_a_max=812.666633003 exact_a_gate=0.15 exact_provisional_penalty=3928.17976309 exact_candidates=1525 exact_unique=1525 full_exact_enabled=1 exact_capacity=1200 exact_waves=134 exact_scheduled=1200 exact_deferred=324 exact_wave=1200/1200 exact_queue_depth=0 exact_pending_instances=324 exact_s=160.803 exact_ok=1200 exact_margin_max=0.225602494119 exact_scan_mean_s=0.040 exact_bisect_mean_s=0.000 exact_polish_mean_s=0.169 exact_final_mean_s=0.026 exact_margin_abs_b_max=nan cache_hits=0 cache_misses=0 cache_waits=0
73 	2500 	621.634	957.943    	1329.72    	231.098	16 	62.1772	195	26.9524
Best individuals of this generation:
sub(exp(add(x3, x4)), aq(add(exp(x3), x4), sub(sub(sub(sub(sub(sin(x1), sin(x2)), mul(add(sin(sub(x4, x3)), x4), mul(add(sin(sub(x4, x3)), x4), add(mul(exp(x1), sin(sub(add(mul(exp(x1), mul(add(a, x3), exp(x1))), a), x3))), a)))), x3), mul(add(add(sin(sub(x4, x3)), x4), x4), add(mul(exp(x1), sub(sub(x1, sin(x2)), sub(a, a))), a))), x2)))
GPU5 stages: candidates=2500 pre_s=20.786 cheap_candidates=1632 cheap_unique=1631 cheap_s=20.327/40.000 cheap_rejected=121 cheap_a_min=-0.0429734851063 cheap_a_p50=0.000172225608304 cheap_a_p95=0.342691484283 cheap_a_max=991.793221529 exact_a_gate=0.15 exact_provisional_penalty=3928.17976309 exact_candidates=1511 exact_unique=1510 full_exact_enabled=1 exact_capacity=1200 exact_waves=134 exact_scheduled=1200 exact_deferred=309 exact_wave=1200/1200 exact_queue_depth=0 exact_pending_instances=309 exact_s=160.934 exact_ok=1200 exact_margin_max=0.0353035543486 exact_scan_mean_s=0.040 exact_bisect_mean_s=0.001 exact_polish_mean_s=0.172 exact_final_mean_s=0.031 exact_margin_abs_b_max=nan cache_hits=0 cache_misses=0 cache_waits=0
74 	2500 	621.634	956.775    	1329.03    	231.204	17 	62.0136	195	26.4898
Best individuals of this generation:
sub(exp(add(x3, x4)), aq(add(exp(x3), x4), sub(sub(sub(sub(sub(sin(x1), sin(x2)), mul(add(sin(sub(x4, x3)), x4), mul(add(sin(sub(x4, x3)), x4), add(mul(exp(x1), sin(sub(add(mul(exp(x1), mul(add(a, x3), exp(x1))), a), x3))), a)))), x3), mul(add(add(sin(sub(x4, x3)), x4), x4), add(mul(exp(x1), sub(sub(x1, sin(x2)), sub(a, a))), a))), x2)))
GPU5 stages: candidates=2500 pre_s=21.131 cheap_candidates=1628 cheap_unique=1627 cheap_s=19.712/40.000 cheap_rejected=111 cheap_a_min=-21.7772250775 cheap_a_p50=0.000178557241211 cheap_a_p95=0.29481945109 cheap_a_max=1078.03685454 exact_a_gate=0.15 exact_provisional_penalty=3928.17976309 exact_candidates=1517 exact_unique=1516 full_exact_enabled=1 exact_capacity=1200 exact_waves=134 exact_scheduled=1200 exact_deferred=314 exact_wave=1200/1200 exact_queue_depth=0 exact_pending_instances=314 exact_s=166.084 exact_ok=1200 exact_margin_max=0.281496204678 exact_scan_mean_s=0.039 exact_bisect_mean_s=0.001 exact_polish_mean_s=0.177 exact_final_mean_s=0.029 exact_margin_abs_b_max=nan cache_hits=0 cache_misses=0 cache_waits=0
75 	2500 	621.634	955.745    	1328.55    	231.285	18 	61.8308	197	26.3415
Best individuals of this generation:
sub(exp(add(x3, x4)), aq(add(exp(x3), x4), sub(sub(sub(sub(sub(sin(x1), sin(x2)), mul(add(sin(sub(x4, x3)), x4), mul(add(sin(sub(x4, x3)), x4), add(mul(exp(x1), sin(sub(add(mul(exp(x1), mul(add(a, x3), exp(x1))), a), x3))), a)))), x3), mul(add(add(sin(sub(x4, x3)), x4), x4), add(mul(exp(x1), sub(sub(x1, sin(x2)), sub(a, a))), a))), x2)))
GPU5 stages: candidates=2500 pre_s=20.697 cheap_candidates=1634 cheap_unique=1634 cheap_s=19.960/40.000 cheap_rejected=109 cheap_a_min=-0.0344521215677 cheap_a_p50=0.000174402953864 cheap_a_p95=0.354294699938 cheap_a_max=1121.06905337 exact_a_gate=0.15 exact_provisional_penalty=3928.17976309 exact_candidates=1525 exact_unique=1525 full_exact_enabled=1 exact_capacity=1200 exact_waves=134 exact_scheduled=1200 exact_deferred=325 exact_wave=1200/1200 exact_queue_depth=0 exact_pending_instances=325 exact_s=165.749 exact_ok=1200 exact_margin_max=0.618022177132 exact_scan_mean_s=0.039 exact_bisect_mean_s=0.000 exact_polish_mean_s=0.177 exact_final_mean_s=0.024 exact_margin_abs_b_max=nan cache_hits=0 cache_misses=0 cache_waits=0
76 	2500 	621.634	954.674    	1328.2     	231.293	16 	61.6928	197	26.1546
Best individuals of this generation:
sub(exp(add(x3, x4)), aq(add(exp(x3), x4), sub(sub(sub(sub(sub(sin(x1), sin(x2)), mul(add(sin(sub(x4, x3)), x4), mul(add(sin(sub(x4, x3)), x4), add(mul(exp(x1), sin(sub(add(mul(exp(x1), mul(add(a, x3), exp(x1))), a), x3))), a)))), x3), mul(add(add(sin(sub(x4, x3)), x4), x4), add(mul(exp(x1), sub(sub(x1, sin(x2)), sub(a, a))), a))), x2)))
GPU5 stages: candidates=2500 pre_s=20.921 cheap_candidates=1621 cheap_unique=1621 cheap_s=20.045/40.000 cheap_rejected=112 cheap_a_min=-552.836500276 cheap_a_p50=0.000172544673931 cheap_a_p95=0.530708007693 cheap_a_max=1104.94433365 exact_a_gate=0.15 exact_provisional_penalty=3928.17976309 exact_candidates=1509 exact_unique=1509 full_exact_enabled=1 exact_capacity=1200 exact_waves=134 exact_scheduled=1200 exact_deferred=308 exact_wave=1200/1200 exact_queue_depth=0 exact_pending_instances=308 exact_s=167.810 exact_ok=1200 exact_margin_max=0.39995126868 exact_scan_mean_s=0.040 exact_bisect_mean_s=0.000 exact_polish_mean_s=0.181 exact_final_mean_s=0.030 exact_margin_abs_b_max=nan cache_hits=0 cache_misses=0 cache_waits=0
77 	2500 	621.634	953.64     	1327.88    	231.406	16 	61.614 	195	25.6111
Best individuals of this generation:
sub(exp(add(x3, x4)), aq(add(exp(x3), x4), sub(sub(sub(sub(sub(sin(x1), sin(x2)), mul(add(sin(sub(x4, x3)), x4), mul(add(sin(sub(x4, x3)), x4), add(mul(exp(x1), sin(sub(add(mul(exp(x1), mul(add(a, x3), exp(x1))), a), x3))), a)))), x3), mul(add(add(sin(sub(x4, x3)), x4), x4), add(mul(exp(x1), sub(sub(x1, sin(x2)), sub(a, a))), a))), x2)))
GPU5 stages: candidates=2500 pre_s=21.022 cheap_candidates=1652 cheap_unique=1652 cheap_s=20.676/40.000 cheap_rejected=121 cheap_a_min=-30.0425945604 cheap_a_p50=0.000169505280318 cheap_a_p95=0.567541221182 cheap_a_max=850.921169502 exact_a_gate=0.15 exact_provisional_penalty=3928.17976309 exact_candidates=1531 exact_unique=1531 full_exact_enabled=1 exact_capacity=1200 exact_waves=134 exact_scheduled=1200 exact_deferred=330 exact_wave=1200/1200 exact_queue_depth=0 exact_pending_instances=330 exact_s=168.677 exact_ok=1200 exact_margin_max=0.689663940299 exact_scan_mean_s=0.041 exact_bisect_mean_s=0.001 exact_polish_mean_s=0.174 exact_final_mean_s=0.025 exact_margin_abs_b_max=nan cache_hits=0 cache_misses=0 cache_waits=0
78 	2500 	621.634	952.48     	1327.53    	231.55 	16 	61.6356	195	25.1023
Best individuals of this generation:
sub(exp(add(x3, x4)), aq(add(exp(x3), x4), sub(sub(sub(sub(sub(sin(x1), sin(x2)), mul(add(sin(sub(x4, x3)), x4), mul(add(sin(sub(x4, x3)), x4), add(mul(exp(x1), sin(sub(add(mul(exp(x1), mul(add(a, x3), exp(x1))), a), x3))), a)))), x3), mul(add(add(sin(sub(x4, x3)), x4), x4), add(mul(exp(x1), sub(sub(x1, sin(x2)), sub(a, a))), a))), x2)))
GPU5 stages: candidates=2500 pre_s=20.857 cheap_candidates=1630 cheap_unique=1630 cheap_s=20.219/40.000 cheap_rejected=121 cheap_a_min=-0.0374816283655 cheap_a_p50=0.000171711334592 cheap_a_p95=0.478312378234 cheap_a_max=1234.94938627 exact_a_gate=0.15 exact_provisional_penalty=3928.17976309 exact_candidates=1509 exact_unique=1509 full_exact_enabled=1 exact_capacity=1200 exact_waves=134 exact_scheduled=1200 exact_deferred=308 exact_wave=1200/1200 exact_queue_depth=0 exact_pending_instances=308 exact_s=170.838 exact_ok=1200 exact_margin_max=0.751816286938 exact_scan_mean_s=0.040 exact_bisect_mean_s=0.001 exact_polish_mean_s=0.173 exact_final_mean_s=0.031 exact_margin_abs_b_max=nan cache_hits=0 cache_misses=0 cache_waits=0
79 	2500 	621.634	950.953    	1327.25    	231.806	16 	61.7304	195	24.6551
Best individuals of this generation:
sub(exp(add(x3, x4)), aq(add(exp(x3), x4), sub(sub(sub(sub(sub(sin(x1), sin(x2)), mul(add(sin(sub(x4, x3)), x4), mul(add(sin(sub(x4, x3)), x4), add(mul(exp(x1), sin(sub(add(mul(exp(x1), mul(add(a, x3), exp(x1))), a), x3))), a)))), x3), mul(add(add(sin(sub(x4, x3)), x4), x4), add(mul(exp(x1), sub(sub(x1, sin(x2)), sub(a, a))), a))), x2)))
GPU5 stages: candidates=2500 pre_s=21.125 cheap_candidates=1632 cheap_unique=1632 cheap_s=20.891/40.000 cheap_rejected=128 cheap_a_min=-66.7791971717 cheap_a_p50=0.000169002428425 cheap_a_p95=1.03997451611 cheap_a_max=592.305679671 exact_a_gate=0.15 exact_provisional_penalty=3928.17976309 exact_candidates=1504 exact_unique=1504 full_exact_enabled=1 exact_capacity=1200 exact_waves=134 exact_scheduled=1200 exact_deferred=304 exact_wave=1200/1200 exact_queue_depth=0 exact_pending_instances=304 exact_s=166.732 exact_ok=1200 exact_margin_max=0.101818118043 exact_scan_mean_s=0.038 exact_bisect_mean_s=0.000 exact_polish_mean_s=0.171 exact_final_mean_s=0.032 exact_margin_abs_b_max=nan cache_hits=0 cache_misses=0 cache_waits=0
80 	2500 	621.634	949.36     	1326.86    	231.62 	17 	62.1628	193	23.7421
Best individuals of this generation:
sub(exp(add(x3, x4)), aq(add(exp(x3), x4), sub(sub(sub(sub(sub(sin(x1), sin(x2)), mul(add(sin(sub(x4, x3)), x4), mul(add(sin(sub(x4, x3)), x4), add(mul(exp(x1), sin(sub(add(mul(exp(x1), mul(add(a, x3), exp(x1))), a), x3))), a)))), x3), mul(add(add(sin(sub(x4, x3)), x4), x4), add(mul(exp(x1), sub(sub(x1, sin(x2)), sub(a, a))), a))), x2)))
GPU5 stages: candidates=2500 pre_s=21.084 cheap_candidates=1668 cheap_unique=1668 cheap_s=21.027/40.000 cheap_rejected=123 cheap_a_min=-0.0404651404935 cheap_a_p50=0.000170261972831 cheap_a_p95=0.420929034068 cheap_a_max=276.540992986 exact_a_gate=0.15 exact_provisional_penalty=3953.7375038 exact_candidates=1545 exact_unique=1545 full_exact_enabled=1 exact_capacity=1200 exact_waves=134 exact_scheduled=1200 exact_deferred=344 exact_wave=1200/1200 exact_queue_depth=0 exact_pending_instances=344 exact_s=161.981 exact_ok=1200 exact_margin_max=0.296271859812 exact_scan_mean_s=0.039 exact_bisect_mean_s=0.001 exact_polish_mean_s=0.182 exact_final_mean_s=0.026 exact_margin_abs_b_max=nan cache_hits=0 cache_misses=0 cache_waits=0
81 	2500 	619.017	947.961    	1326.48    	231.72 	18 	62.556 	174	22.5794
Best individuals of this generation:
sub(exp(add(x3, x4)), aq(add(exp(x3), x4), sub(sub(sub(sub(sub(sin(x1), sin(x2)), mul(add(sin(sub(x4, x3)), x4), mul(add(sin(sub(x4, x3)), x4), add(mul(exp(x1), sin(sub(x4, x3))), add(mul(exp(x1), sub(sub(x1, mul(x4, x1)), x4)), a))))), x4), mul(add(add(sin(sub(x4, x3)), x4), x4), add(mul(exp(x1), add(a, a)), a))), x2)))
GPU5 stages: candidates=2500 pre_s=20.982 cheap_candidates=1707 cheap_unique=1707 cheap_s=21.168/40.000 cheap_rejected=139 cheap_a_min=-77.9145275521 cheap_a_p50=0.00015449591066 cheap_a_p95=1.22833983015 cheap_a_max=569.755668554 exact_a_gate=0.15 exact_provisional_penalty=3928.17976309 exact_candidates=1568 exact_unique=1568 full_exact_enabled=1 exact_capacity=1200 exact_waves=134 exact_scheduled=1200 exact_deferred=368 exact_wave=1200/1200 exact_queue_depth=0 exact_pending_instances=368 exact_s=158.774 exact_ok=1200 exact_margin_max=2287.7832804 exact_scan_mean_s=0.038 exact_bisect_mean_s=0.001 exact_polish_mean_s=0.165 exact_final_mean_s=0.023 exact_margin_abs_b_max=nan cache_hits=0 cache_misses=0 cache_waits=0
82 	2500 	619.017	946.363    	1325.88    	231.437	18 	62.99  	174	21.9233
Best individuals of this generation:
sub(exp(add(x3, x4)), aq(add(exp(x3), x4), sub(sub(sub(sub(sub(sin(x1), sin(x2)), mul(add(sin(sub(x4, x3)), x4), mul(add(sin(sub(x4, x3)), x4), add(mul(exp(x1), sin(sub(x4, x3))), add(mul(exp(x1), sub(sub(x1, mul(x4, x1)), x4)), a))))), x4), mul(add(add(sin(sub(x4, x3)), x4), x4), add(mul(exp(x1), add(a, a)), a))), x2)))
GPU5 stages: candidates=2500 pre_s=20.731 cheap_candidates=1626 cheap_unique=1626 cheap_s=20.319/40.000 cheap_rejected=129 cheap_a_min=-361.987882618 cheap_a_p50=0.000170791558725 cheap_a_p95=0.948568427788 cheap_a_max=1001.04439309 exact_a_gate=0.15 exact_provisional_penalty=3928.17976309 exact_candidates=1497 exact_unique=1497 full_exact_enabled=1 exact_capacity=1200 exact_waves=134 exact_scheduled=1200 exact_deferred=297 exact_wave=1200/1200 exact_queue_depth=0 exact_pending_instances=297 exact_s=162.403 exact_ok=1200 exact_margin_max=0.883653117013 exact_scan_mean_s=0.040 exact_bisect_mean_s=0.001 exact_polish_mean_s=0.168 exact_final_mean_s=0.026 exact_margin_abs_b_max=nan cache_hits=0 cache_misses=0 cache_waits=0
83 	2500 	619.017	945.159    	1325.43    	231.334	23 	63.298 	174	21.8032
Best individuals of this generation:
sub(exp(add(x3, x4)), aq(add(exp(x3), x4), sub(sub(sub(sub(sub(sin(x1), sin(x2)), mul(add(sin(sub(x4, x3)), x4), mul(add(sin(sub(x4, x3)), x4), add(mul(exp(x1), sin(sub(x4, x3))), add(mul(exp(x1), sub(sub(x1, mul(x4, x1)), x4)), a))))), x4), mul(add(add(sin(sub(x4, x3)), x4), x4), add(mul(exp(x1), add(a, a)), a))), x2)))
GPU5 stages: candidates=2500 pre_s=21.026 cheap_candidates=1626 cheap_unique=1625 cheap_s=21.319/40.000 cheap_rejected=152 cheap_a_min=-111.810536361 cheap_a_p50=0.000169440426768 cheap_a_p95=1.87545107239 cheap_a_max=737.59378574 exact_a_gate=0.15 exact_provisional_penalty=3928.17976309 exact_candidates=1474 exact_unique=1473 full_exact_enabled=1 exact_capacity=1200 exact_waves=134 exact_scheduled=1200 exact_deferred=272 exact_wave=1200/1200 exact_queue_depth=0 exact_pending_instances=272 exact_s=165.357 exact_ok=1200 exact_margin_max=186.949840563 exact_scan_mean_s=0.040 exact_bisect_mean_s=0.001 exact_polish_mean_s=0.172 exact_final_mean_s=0.030 exact_margin_abs_b_max=nan cache_hits=0 cache_misses=0 cache_waits=0
84 	2500 	619.017	944.029    	1325       	231.447	23 	63.4968	175	21.816 
Best individuals of this generation:
sub(exp(add(x3, x4)), aq(add(exp(x3), x4), sub(sub(sub(sub(sub(sin(x1), sin(x2)), mul(add(sin(sub(x4, x3)), x4), mul(add(sin(sub(x4, x3)), x4), add(mul(exp(x1), sin(sub(x4, x3))), add(mul(exp(x1), sub(sub(x1, mul(x4, x1)), x4)), a))))), x4), mul(add(add(sin(sub(x4, x3)), x4), x4), add(mul(exp(x1), add(a, a)), a))), x2)))
GPU5 stages: candidates=2500 pre_s=21.118 cheap_candidates=1671 cheap_unique=1671 cheap_s=21.431/40.000 cheap_rejected=147 cheap_a_min=-0.0536392481892 cheap_a_p50=0.000167690389825 cheap_a_p95=0.71886014037 cheap_a_max=387.859065329 exact_a_gate=0.15 exact_provisional_penalty=3928.17976309 exact_candidates=1524 exact_unique=1524 full_exact_enabled=1 exact_capacity=1200 exact_waves=134 exact_scheduled=1200 exact_deferred=323 exact_wave=1200/1200 exact_queue_depth=0 exact_pending_instances=323 exact_s=165.561 exact_ok=1200 exact_margin_max=0.232615370831 exact_scan_mean_s=0.040 exact_bisect_mean_s=0.001 exact_polish_mean_s=0.180 exact_final_mean_s=0.021 exact_margin_abs_b_max=nan cache_hits=0 cache_misses=0 cache_waits=0
85 	2500 	619.017	943.205    	1324.45    	231.372	24 	63.6904	175	21.7483
Best individuals of this generation:
sub(exp(add(x3, x4)), aq(add(exp(x3), x4), sub(sub(sub(sub(sub(sin(x1), sin(x2)), mul(add(sin(sub(x4, x3)), x4), mul(add(sin(sub(x4, x3)), x4), add(mul(exp(x1), sin(sub(x4, x3))), add(mul(exp(x1), sub(sub(x1, mul(x4, x1)), x4)), a))))), x4), mul(add(add(sin(sub(x4, x3)), x4), x4), add(mul(exp(x1), add(a, a)), a))), x2)))
GPU5 stages: candidates=2500 pre_s=21.199 cheap_candidates=1684 cheap_unique=1684 cheap_s=22.318/40.000 cheap_rejected=164 cheap_a_min=-111.267621488 cheap_a_p50=0.000180029489665 cheap_a_p95=1.47249133683 cheap_a_max=387.967250136 exact_a_gate=0.15 exact_provisional_penalty=3928.17976309 exact_candidates=1520 exact_unique=1520 full_exact_enabled=1 exact_capacity=1200 exact_waves=134 exact_scheduled=1200 exact_deferred=320 exact_wave=1200/1200 exact_queue_depth=0 exact_pending_instances=320 exact_s=169.858 exact_ok=1200 exact_margin_max=0.250941159984 exact_scan_mean_s=0.040 exact_bisect_mean_s=0.001 exact_polish_mean_s=0.177 exact_final_mean_s=0.026 exact_margin_abs_b_max=nan cache_hits=0 cache_misses=0 cache_waits=0
86 	2500 	619.017	942.366    	1323.93    	231.459	24 	64.1544	178	21.8058
Best individuals of this generation:
sub(exp(add(x3, x4)), aq(add(exp(x3), x4), sub(sub(sub(sub(sub(sin(x1), sin(x2)), mul(add(sin(sub(x4, x3)), x4), mul(add(sin(sub(x4, x3)), x4), add(mul(exp(x1), sin(sub(x4, x3))), add(mul(exp(x1), sub(sub(x1, mul(x4, x1)), x4)), a))))), x4), mul(add(add(sin(sub(x4, x3)), x4), x4), add(mul(exp(x1), add(a, a)), a))), x2)))
GPU5 stages: candidates=2500 pre_s=20.955 cheap_candidates=1705 cheap_unique=1705 cheap_s=22.788/40.000 cheap_rejected=171 cheap_a_min=-46.6332586793 cheap_a_p50=0.000154753919208 cheap_a_p95=1.66374209121 cheap_a_max=442.686610971 exact_a_gate=0.15 exact_provisional_penalty=3928.17976309 exact_candidates=1534 exact_unique=1534 full_exact_enabled=1 exact_capacity=1200 exact_waves=134 exact_scheduled=1200 exact_deferred=334 exact_wave=1200/1200 exact_queue_depth=0 exact_pending_instances=334 exact_s=158.809 exact_ok=1200 exact_margin_max=0.0839432363938 exact_scan_mean_s=0.039 exact_bisect_mean_s=0.001 exact_polish_mean_s=0.162 exact_final_mean_s=0.019 exact_margin_abs_b_max=nan cache_hits=0 cache_misses=0 cache_waits=0
87 	2500 	619.017	941.445    	1323.27    	231.458	24 	64.628 	202	22.0116
Best individuals of this generation:
sub(exp(add(x3, x4)), aq(add(exp(x3), x4), sub(sub(sub(sub(sub(sin(x1), sin(x2)), mul(add(sin(sub(x4, x3)), x4), mul(add(sin(sub(x4, x3)), x4), add(mul(exp(x1), sin(sub(x4, x3))), add(mul(exp(x1), sub(sub(x1, mul(x4, x1)), x4)), a))))), x4), mul(add(add(sin(sub(x4, x3)), x4), x4), add(mul(exp(x1), add(a, a)), a))), x2)))
GPU5 stages: candidates=2500 pre_s=21.007 cheap_candidates=1674 cheap_unique=1673 cheap_s=21.882/40.000 cheap_rejected=171 cheap_a_min=-58.2790260898 cheap_a_p50=0.00015695516928 cheap_a_p95=1.80822515095 cheap_a_max=1240.03829272 exact_a_gate=0.15 exact_provisional_penalty=3928.17976309 exact_candidates=1503 exact_unique=1502 full_exact_enabled=1 exact_capacity=1200 exact_waves=134 exact_scheduled=1200 exact_deferred=300 exact_wave=1200/1200 exact_queue_depth=0 exact_pending_instances=300 exact_s=163.554 exact_ok=1200 exact_margin_max=41.4341233083 exact_scan_mean_s=0.039 exact_bisect_mean_s=0.001 exact_polish_mean_s=0.164 exact_final_mean_s=0.026 exact_margin_abs_b_max=nan cache_hits=0 cache_misses=0 cache_waits=0
88 	2500 	619.017	940.652    	1322.92    	231.691	24 	64.95  	202	22.7157
Best individuals of this generation:
sub(exp(add(x3, x4)), aq(add(exp(x3), x4), sub(sub(sub(sub(sub(sin(x1), sin(x2)), mul(add(sin(sub(x4, x3)), x4), mul(add(sin(sub(x4, x3)), x4), add(mul(exp(x1), sin(sub(x4, x3))), add(mul(exp(x1), sub(sub(x1, mul(x4, x1)), x4)), a))))), x4), mul(add(add(sin(sub(x4, x3)), x4), x4), add(mul(exp(x1), add(a, a)), a))), x2)))
GPU5 stages: candidates=2500 pre_s=20.818 cheap_candidates=1676 cheap_unique=1676 cheap_s=21.632/40.000 cheap_rejected=155 cheap_a_min=-0.101502130119 cheap_a_p50=0.000156350303979 cheap_a_p95=1.39122520186 cheap_a_max=300.23313842 exact_a_gate=0.15 exact_provisional_penalty=3928.17976309 exact_candidates=1521 exact_unique=1521 full_exact_enabled=1 exact_capacity=1200 exact_waves=134 exact_scheduled=1200 exact_deferred=319 exact_wave=1200/1200 exact_queue_depth=0 exact_pending_instances=319 exact_s=161.011 exact_ok=1200 exact_margin_max=0.959166156098 exact_scan_mean_s=0.039 exact_bisect_mean_s=0.001 exact_polish_mean_s=0.166 exact_final_mean_s=0.025 exact_margin_abs_b_max=nan cache_hits=0 cache_misses=0 cache_waits=0
89 	2500 	619.017	939.523    	1322.25    	232.009	24 	65.7212	202	23.8065
Best individuals of this generation:
sub(exp(add(x3, x4)), aq(add(exp(x3), x4), sub(sub(sub(sub(sub(sin(x1), sin(x2)), mul(add(sin(sub(x4, x3)), x4), mul(add(sin(sub(x4, x3)), x4), add(mul(exp(x1), sin(sub(x4, x3))), add(mul(exp(x1), sub(sub(x1, mul(x4, x1)), x4)), a))))), x4), mul(add(add(sin(sub(x4, x3)), x4), x4), add(mul(exp(x1), add(a, a)), a))), x2)))
GPU5 stages: candidates=2500 pre_s=21.117 cheap_candidates=1712 cheap_unique=1712 cheap_s=22.458/40.000 cheap_rejected=162 cheap_a_min=-0.0450330447623 cheap_a_p50=0.00016490688321 cheap_a_p95=1.91617213437 cheap_a_max=351.72681778 exact_a_gate=0.15 exact_provisional_penalty=3928.17976309 exact_candidates=1550 exact_unique=1550 full_exact_enabled=1 exact_capacity=1200 exact_waves=134 exact_scheduled=1200 exact_deferred=348 exact_wave=1200/1200 exact_queue_depth=0 exact_pending_instances=348 exact_s=169.959 exact_ok=1200 exact_margin_max=0.110128461062 exact_scan_mean_s=0.040 exact_bisect_mean_s=0.003 exact_polish_mean_s=0.173 exact_final_mean_s=0.034 exact_margin_abs_b_max=nan cache_hits=0 cache_misses=0 cache_waits=0
90 	2500 	619.017	938.326    	1321.51    	232.302	24 	66.2444	202	24.7726
Best individuals of this generation:
sub(exp(add(x3, x4)), aq(add(exp(x3), x4), sub(sub(sub(sub(sub(sin(x1), sin(x2)), mul(add(sin(sub(x4, x3)), x4), mul(add(sin(sub(x4, x3)), x4), add(mul(exp(x1), sin(sub(x4, x3))), add(mul(exp(x1), sub(sub(x1, mul(x4, x1)), x4)), a))))), x4), mul(add(add(sin(sub(x4, x3)), x4), x4), add(mul(exp(x1), add(a, a)), a))), x2)))
GPU5 stages: candidates=2500 pre_s=21.073 cheap_candidates=1743 cheap_unique=1743 cheap_s=23.838/40.000 cheap_rejected=179 cheap_a_min=-0.0550850196778 cheap_a_p50=0.000169706625566 cheap_a_p95=2.64933770806 cheap_a_max=1414.55044045 exact_a_gate=0.15 exact_provisional_penalty=3928.17976309 exact_candidates=1564 exact_unique=1564 full_exact_enabled=1 exact_capacity=1200 exact_waves=134 exact_scheduled=1200 exact_deferred=363 exact_wave=1200/1200 exact_queue_depth=0 exact_pending_instances=363 exact_s=162.105 exact_ok=1200 exact_margin_max=0.453945580773 exact_scan_mean_s=0.038 exact_bisect_mean_s=0.000 exact_polish_mean_s=0.174 exact_final_mean_s=0.023 exact_margin_abs_b_max=nan cache_hits=0 cache_misses=0 cache_waits=0
91 	2500 	619.017	937.087    	1320.18    	232.507	24 	66.6204	204	25.4606
Best individuals of this generation:
sub(exp(add(x3, x4)), aq(add(exp(x3), x4), sub(sub(sub(sub(sub(sin(x1), sin(x2)), mul(add(sin(sub(x4, x3)), x4), mul(add(sin(sub(x4, x3)), x4), add(mul(exp(x1), sin(sub(x4, x3))), add(mul(exp(x1), sub(sub(x1, mul(x4, x1)), x4)), a))))), x4), mul(add(add(sin(sub(x4, x3)), x4), x4), add(mul(exp(x1), add(a, a)), a))), x2)))
GPU5 stages: candidates=2500 pre_s=21.008 cheap_candidates=1693 cheap_unique=1693 cheap_s=22.158/40.000 cheap_rejected=186 cheap_a_min=-0.0522699446143 cheap_a_p50=0.000158709469178 cheap_a_p95=2.8704256852 cheap_a_max=442.808911118 exact_a_gate=0.15 exact_provisional_penalty=3928.17976309 exact_candidates=1507 exact_unique=1507 full_exact_enabled=1 exact_capacity=1200 exact_waves=134 exact_scheduled=1200 exact_deferred=306 exact_wave=1200/1200 exact_queue_depth=0 exact_pending_instances=306 exact_s=167.295 exact_ok=1200 exact_margin_max=0.524043164051 exact_scan_mean_s=0.039 exact_bisect_mean_s=0.001 exact_polish_mean_s=0.173 exact_final_mean_s=0.028 exact_margin_abs_b_max=nan cache_hits=0 cache_misses=0 cache_waits=0
92 	2500 	615.251	935.524    	1319.59    	233.318	24 	67.1524	224	26.6422
Best individuals of this generation:
add(add(add(mul(x1, aq(mul(x2, x4), a)), add(add(add(add(mul(a, sub(mul(x3, x3), mul(x4, x3))), mul(exp(a), mul(x1, x1))), mul(exp(x2), mul(x1, x3))), mul(exp(x2), mul(x1, mul(x1, exp(x3))))), mul(a, mul(x2, x2)))), add(add(add(add(add(add(mul(a, mul(x1, x1)), mul(exp(a), mul(x1, x1))), mul(x2, mul(x1, mul(x2, x2)))), sub(a, mul(x1, x1))), mul(a, mul(x2, x2))), mul(mul(a, x2), mul(x2, x2))), mul(add(add(x2, mul(a, sub(x1, a))), mul(a, mul(aq(x2, add(sub(sub(exp(x2), sub(x2, a)), sub(x3, a)), sin(exp(x3)))), x4))), mul(aq(sub(exp(x1), exp(x3)), add(exp(a), sub(x3, a))), x4)))), mul(x1, x2))
GPU5 stages: candidates=2500 pre_s=21.018 cheap_candidates=1720 cheap_unique=1720 cheap_s=22.055/40.000 cheap_rejected=217 cheap_a_min=-0.0402907530271 cheap_a_p50=0.000167158276258 cheap_a_p95=4.75691677477 cheap_a_max=972.536082116 exact_a_gate=0.15 exact_provisional_penalty=3928.17976309 exact_candidates=1503 exact_unique=1503 full_exact_enabled=1 exact_capacity=1200 exact_waves=134 exact_scheduled=1200 exact_deferred=303 exact_wave=1200/1200 exact_queue_depth=0 exact_pending_instances=303 exact_s=170.731 exact_ok=1200 exact_margin_max=36.6009124353 exact_scan_mean_s=0.039 exact_bisect_mean_s=0.001 exact_polish_mean_s=0.169 exact_final_mean_s=0.032 exact_margin_abs_b_max=nan cache_hits=0 cache_misses=0 cache_waits=0
93 	2500 	599.352	933.521    	1318.69    	234.101	24 	67.9308	228	28.2394
Best individuals of this generation:
add(add(add(mul(x1, aq(mul(x2, x4), a)), add(add(add(add(mul(a, sub(mul(x3, x3), mul(x4, x3))), mul(exp(a), mul(x1, x1))), mul(a, mul(x1, x3))), mul(exp(x2), mul(x1, mul(x1, exp(x3))))), mul(a, mul(x2, x1)))), add(add(add(add(add(add(mul(a, mul(x1, x1)), mul(exp(a), mul(x1, x1))), mul(x2, mul(x1, x3))), sub(a, mul(x1, x1))), mul(a, mul(x2, x2))), mul(add(add(add(mul(x1, x1), add(a, mul(x2, x2))), mul(mul(a, mul(x1, x2)), exp(a))), mul(add(add(mul(add(x4, x1), mul(x2, x3)), mul(a, sub(x1, a))), mul(a, mul(add(mul(add(mul(a, x2), exp(x1)), mul(x2, x3)), mul(a, mul(x3, x3))), x4))), mul(aq(sub(exp(x1), exp(x2)), add(exp(a), sub(x3, a))), x4))), mul(x2, x2))), mul(add(add(x2, mul(a, sub(x1, a))), mul(a, mul(aq(x2, add(sub(sub(sub(mul(a, x3), x1), sub(x2, a)), sub(x3, a)), sin(exp(x3)))), x4))), mul(aq(sub(exp(x1), exp(x3)), add(exp(a), sub(x3, a))), x4)))), mul(x1, x2))
GPU5 stages: candidates=2500 pre_s=21.141 cheap_candidates=1766 cheap_unique=1766 cheap_s=22.722/40.000 cheap_rejected=194 cheap_a_min=-0.0445819474635 cheap_a_p50=0.000156961414852 cheap_a_p95=1.87876606371 cheap_a_max=2255.25016112 exact_a_gate=0.15 exact_provisional_penalty=3928.17976309 exact_candidates=1572 exact_unique=1572 full_exact_enabled=1 exact_capacity=1200 exact_waves=134 exact_scheduled=1200 exact_deferred=369 exact_wave=1200/1200 exact_queue_depth=0 exact_pending_instances=369 exact_s=167.659 exact_ok=1200 exact_margin_max=3.04502236365 exact_scan_mean_s=0.041 exact_bisect_mean_s=0.001 exact_polish_mean_s=0.175 exact_final_mean_s=0.026 exact_margin_abs_b_max=nan cache_hits=0 cache_misses=0 cache_waits=0
94 	2500 	598.795	930.533    	1317.16    	235.29 	24 	69.358 	228	30.6189
Best individuals of this generation:
add(add(add(mul(x1, aq(mul(x2, x4), a)), add(add(add(add(mul(a, sub(mul(x3, x3), mul(x4, x3))), mul(exp(a), mul(x1, x1))), mul(exp(x2), mul(x1, x3))), mul(exp(x2), mul(x1, mul(x1, exp(x3))))), mul(a, mul(x2, x2)))), add(add(add(add(add(add(mul(a, add(mul(x1, x1), mul(x2, x2))), mul(exp(a), mul(x1, x1))), mul(x2, mul(x1, x2))), sub(a, mul(x1, x1))), mul(a, mul(x2, x2))), mul(mul(a, x2), mul(x1, x2))), mul(add(add(x2, mul(a, sub(x1, a))), mul(a, mul(aq(x2, add(sub(sub(sub(mul(a, x3), x1), sub(x2, a)), sub(x3, a)), sin(exp(x3)))), x4))), mul(aq(sub(exp(x1), exp(x3)), add(exp(a), sub(x3, a))), x4)))), mul(x1, x2))
GPU5 stages: candidates=2500 pre_s=21.004 cheap_candidates=1724 cheap_unique=1723 cheap_s=22.956/40.000 cheap_rejected=224 cheap_a_min=-121.407330174 cheap_a_p50=0.000162597722103 cheap_a_p95=5.19756422899 cheap_a_max=982.731413636 exact_a_gate=0.15 exact_provisional_penalty=3928.17976309 exact_candidates=1500 exact_unique=1499 full_exact_enabled=1 exact_capacity=1200 exact_waves=134 exact_scheduled=1200 exact_deferred=297 exact_wave=1200/1200 exact_queue_depth=0 exact_pending_instances=297 exact_s=166.129 exact_ok=1200 exact_margin_max=145.172205832 exact_scan_mean_s=0.040 exact_bisect_mean_s=0.001 exact_polish_mean_s=0.176 exact_final_mean_s=0.027 exact_margin_abs_b_max=nan cache_hits=0 cache_misses=0 cache_waits=0
95 	2500 	598.795	926.793    	1316.18    	236.964	24 	71.0596	228	33.3423
Best individuals of this generation:
add(add(add(mul(x1, aq(mul(x2, x4), a)), add(add(add(add(mul(a, sub(mul(x3, x3), mul(x4, x3))), mul(exp(a), mul(x1, x1))), mul(exp(x2), mul(x1, x3))), mul(exp(x2), mul(x1, mul(x1, exp(x3))))), mul(a, mul(x2, x2)))), add(add(add(add(add(add(mul(a, add(mul(x1, x1), mul(x2, x2))), mul(exp(a), mul(x1, x1))), mul(x2, mul(x1, x2))), sub(a, mul(x1, x1))), mul(a, mul(x2, x2))), mul(mul(a, x2), mul(x1, x2))), mul(add(add(x2, mul(a, sub(x1, a))), mul(a, mul(aq(x2, add(sub(sub(sub(mul(a, x3), x1), sub(x2, a)), sub(x3, a)), sin(exp(x3)))), x4))), mul(aq(sub(exp(x1), exp(x3)), add(exp(a), sub(x3, a))), x4)))), mul(x1, x2))
GPU5 stages: candidates=2500 pre_s=21.543 cheap_candidates=1774 cheap_unique=1774 cheap_s=22.690/40.000 cheap_rejected=213 cheap_a_min=-0.0533930603386 cheap_a_p50=0.000146110441699 cheap_a_p95=4.16191954157 cheap_a_max=1046.53943159 exact_a_gate=0.15 exact_provisional_penalty=3928.17976309 exact_candidates=1561 exact_unique=1561 full_exact_enabled=1 exact_capacity=1200 exact_waves=134 exact_scheduled=1200 exact_deferred=357 exact_wave=1200/1200 exact_queue_depth=0 exact_pending_instances=358 exact_s=169.401 exact_ok=1200 exact_margin_max=0.433071080415 exact_scan_mean_s=0.040 exact_bisect_mean_s=0.001 exact_polish_mean_s=0.165 exact_final_mean_s=0.032 exact_margin_abs_b_max=nan cache_hits=0 cache_misses=0 cache_waits=0
96 	2500 	598.795	921.264    	1314.68    	239.381	24 	74.0532	234	37.8078
Best individuals of this generation:
add(add(add(mul(x1, aq(mul(x2, x4), a)), add(add(add(add(mul(a, sub(mul(x3, x3), mul(x4, x3))), mul(exp(a), mul(x1, x1))), mul(exp(x2), mul(x1, x3))), mul(exp(x2), mul(x1, mul(x1, exp(x3))))), mul(a, mul(x2, x2)))), add(add(add(add(add(add(mul(a, add(mul(x1, x1), mul(x2, x2))), mul(exp(a), mul(x1, x1))), mul(x2, mul(x1, x2))), sub(a, mul(x1, x1))), mul(a, mul(x2, x2))), mul(mul(a, x2), mul(x1, x2))), mul(add(add(x2, mul(a, sub(x1, a))), mul(a, mul(aq(x2, add(sub(sub(sub(mul(a, x3), x1), sub(x2, a)), sub(x3, a)), sin(exp(x3)))), x4))), mul(aq(sub(exp(x1), exp(x3)), add(exp(a), sub(x3, a))), x4)))), mul(x1, x2))
GPU5 stages: candidates=2500 pre_s=21.492 cheap_candidates=1813 cheap_unique=1813 cheap_s=22.763/40.000 cheap_rejected=178 cheap_a_min=-349.400941135 cheap_a_p50=4.24990542746e-05 cheap_a_p95=2.21324745381 cheap_a_max=1051.95845881 exact_a_gate=0.15 exact_provisional_penalty=3928.17976309 exact_candidates=1635 exact_unique=1635 full_exact_enabled=1 exact_capacity=1200 exact_waves=134 exact_scheduled=1200 exact_deferred=435 exact_wave=1200/1200 exact_queue_depth=0 exact_pending_instances=435 exact_s=169.781 exact_ok=1200 exact_margin_max=0.405486575407 exact_scan_mean_s=0.041 exact_bisect_mean_s=0.001 exact_polish_mean_s=0.157 exact_final_mean_s=0.032 exact_margin_abs_b_max=nan cache_hits=0 cache_misses=0 cache_waits=0
97 	2500 	598.795	915.703    	1313.57    	241.986	24 	78.0008	234	41.999 
Best individuals of this generation:
add(add(add(mul(x1, aq(mul(x2, x4), a)), add(add(add(add(mul(a, sub(mul(x3, x3), mul(x4, x3))), mul(exp(a), mul(x1, x1))), mul(exp(x2), mul(x1, x3))), mul(exp(x2), mul(x1, mul(x1, exp(x3))))), mul(a, mul(x2, x2)))), add(add(add(add(add(add(mul(a, add(mul(x1, x1), mul(x2, x2))), mul(exp(a), mul(x1, x1))), mul(x2, mul(x1, x2))), sub(a, mul(x1, x1))), mul(a, mul(x2, x2))), mul(mul(a, x2), mul(x1, x2))), mul(add(add(x2, mul(a, sub(x1, a))), mul(a, mul(aq(x2, add(sub(sub(sub(mul(a, x3), x1), sub(x2, a)), sub(x3, a)), sin(exp(x3)))), x4))), mul(aq(sub(exp(x1), exp(x3)), add(exp(a), sub(x3, a))), x4)))), mul(x1, x2))
GPU5 stages: candidates=2500 pre_s=21.498 cheap_candidates=1830 cheap_unique=1828 cheap_s=23.876/40.000 cheap_rejected=205 cheap_a_min=-0.0433677254864 cheap_a_p50=2.78254009936e-05 cheap_a_p95=3.07592953372 cheap_a_max=967.725888853 exact_a_gate=0.15 exact_provisional_penalty=3928.17976309 exact_candidates=1625 exact_unique=1623 full_exact_enabled=1 exact_capacity=1200 exact_waves=134 exact_scheduled=1200 exact_deferred=422 exact_wave=1200/1200 exact_queue_depth=0 exact_pending_instances=422 exact_s=158.928 exact_ok=1200 exact_margin_max=5.0792668985 exact_scan_mean_s=0.041 exact_bisect_mean_s=0.002 exact_polish_mean_s=0.146 exact_final_mean_s=0.028 exact_margin_abs_b_max=nan cache_hits=0 cache_misses=0 cache_waits=0
98 	2500 	598.795	912.018    	1312.05    	243.416	24 	81.5584	238	46.1647
Best individuals of this generation:
add(add(add(mul(x1, aq(mul(x2, x4), a)), add(add(add(add(mul(a, sub(mul(x3, x3), mul(x4, x3))), mul(exp(a), mul(x1, x1))), mul(exp(x2), mul(x1, x3))), mul(exp(x2), mul(x1, mul(x1, exp(x3))))), mul(a, mul(x2, x2)))), add(add(add(add(add(add(mul(a, add(mul(x1, x1), mul(x2, x2))), mul(exp(a), mul(x1, x1))), mul(x2, mul(x1, x2))), sub(a, mul(x1, x1))), mul(a, mul(x2, x2))), mul(mul(a, x2), mul(x1, x2))), mul(add(add(x2, mul(a, sub(x1, a))), mul(a, mul(aq(x2, add(sub(sub(sub(mul(a, x3), x1), sub(x2, a)), sub(x3, a)), sin(exp(x3)))), x4))), mul(aq(sub(exp(x1), exp(x3)), add(exp(a), sub(x3, a))), x4)))), mul(x1, x2))
GPU5 stages: candidates=2500 pre_s=21.918 cheap_candidates=1786 cheap_unique=1786 cheap_s=23.791/40.000 cheap_rejected=179 cheap_a_min=-0.0722421955412 cheap_a_p50=2.002642064e-05 cheap_a_p95=2.67951303573 cheap_a_max=1597.93530135 exact_a_gate=0.15 exact_provisional_penalty=3928.17976309 exact_candidates=1607 exact_unique=1607 full_exact_enabled=1 exact_capacity=1200 exact_waves=134 exact_scheduled=1200 exact_deferred=405 exact_wave=1200/1200 exact_queue_depth=0 exact_pending_instances=405 exact_s=161.303 exact_ok=1200 exact_margin_max=0.337051327475 exact_scan_mean_s=0.042 exact_bisect_mean_s=0.002 exact_polish_mean_s=0.150 exact_final_mean_s=0.028 exact_margin_abs_b_max=nan cache_hits=0 cache_misses=0 cache_waits=0
99 	2500 	598.558	909.181    	1311.18    	244.879	24 	83.5744	238	48.1287
Best individuals of this generation:
add(add(add(mul(x1, aq(mul(x2, x4), a)), add(add(add(add(mul(a, sub(mul(x3, x3), mul(x4, x3))), mul(exp(a), mul(x1, x1))), mul(exp(x2), mul(x1, x3))), mul(exp(x2), mul(x1, mul(x1, exp(x3))))), mul(a, mul(x2, x2)))), add(add(add(add(add(add(mul(a, mul(x1, x1)), mul(exp(a), mul(x1, x1))), mul(x2, mul(a, x2))), sub(a, mul(x1, x1))), mul(a, mul(x2, x2))), mul(sub(a, mul(x1, mul(sin(x3), mul(x1, x3)))), mul(x1, x2))), mul(add(add(x2, mul(a, sub(x1, a))), mul(a, mul(aq(x2, add(sub(sub(sub(mul(a, x3), x1), sub(x2, a)), sub(x3, a)), sin(exp(x3)))), x4))), mul(aq(sub(exp(x1), exp(x3)), add(exp(a), sub(x3, a))), x4)))), mul(x1, x2))
GPU5 stages: candidates=2500 pre_s=21.971 cheap_candidates=1773 cheap_unique=1773 cheap_s=24.090/40.000 cheap_rejected=171 cheap_a_min=-0.0602287827558 cheap_a_p50=1.06734377516e-05 cheap_a_p95=2.40225335878 cheap_a_max=7464.37195457 exact_a_gate=0.15 exact_provisional_penalty=3928.17976309 exact_candidates=1602 exact_unique=1602 full_exact_enabled=1 exact_capacity=1200 exact_waves=134 exact_scheduled=1200 exact_deferred=399 exact_wave=1200/1200 exact_queue_depth=0 exact_pending_instances=399 exact_s=158.836 exact_ok=1200 exact_margin_max=1.52549616047 exact_scan_mean_s=0.041 exact_bisect_mean_s=0.002 exact_polish_mean_s=0.151 exact_final_mean_s=0.028 exact_margin_abs_b_max=nan cache_hits=0 cache_misses=0 cache_waits=0
100	2500 	598.558	907.412    	1310.15    	245.68 	24 	84.746 	319	50.9589
Best individuals of this generation:
add(add(add(mul(x1, aq(mul(x2, x4), a)), add(add(add(add(mul(a, sub(mul(x3, x3), mul(x4, x3))), mul(exp(a), mul(x1, x1))), mul(exp(x2), mul(x1, x3))), mul(exp(x2), mul(x1, mul(x1, exp(x3))))), mul(a, mul(x2, x2)))), add(add(add(add(add(add(mul(a, mul(x1, x1)), mul(exp(a), mul(x1, x1))), mul(x2, mul(a, x2))), sub(a, mul(x1, x1))), mul(a, mul(x2, x2))), mul(sub(a, mul(x1, mul(sin(x3), mul(x1, x3)))), mul(x1, x2))), mul(add(add(x2, mul(a, sub(x1, a))), mul(a, mul(aq(x2, add(sub(sub(sub(mul(a, x3), x1), sub(x2, a)), sub(x3, a)), sin(exp(x3)))), x4))), mul(aq(sub(exp(x1), exp(x3)), add(exp(a), sub(x3, a))), x4)))), mul(x1, x2))
GPU5 stages: candidates=2500 pre_s=21.781 cheap_candidates=1770 cheap_unique=1770 cheap_s=23.051/40.000 cheap_rejected=128 cheap_a_min=-0.0377646843946 cheap_a_p50=7.8891877648e-06 cheap_a_p95=0.450049572704 cheap_a_max=1438.698948 exact_a_gate=0.15 exact_provisional_penalty=3928.17976309 exact_candidates=1642 exact_unique=1642 full_exact_enabled=1 exact_capacity=1200 exact_waves=134 exact_scheduled=1200 exact_deferred=440 exact_wave=1200/1200 exact_queue_depth=0 exact_pending_instances=440 exact_s=158.804 exact_ok=1200 exact_margin_max=0.168446112757 exact_scan_mean_s=0.041 exact_bisect_mean_s=0.002 exact_polish_mean_s=0.145 exact_final_mean_s=0.031 exact_margin_abs_b_max=nan cache_hits=0 cache_misses=0 cache_waits=0
101	2500 	598.558	906.069    	1309.17    	246.361	24 	85.8012	319	52.7005
Best individuals of this generation:
add(add(add(mul(x1, aq(mul(x2, x4), a)), add(add(add(add(mul(a, sub(mul(x3, x3), mul(x4, x3))), mul(exp(a), mul(x1, x1))), mul(exp(x2), mul(x1, x3))), mul(exp(x2), mul(x1, mul(x1, exp(x3))))), mul(a, mul(x2, x2)))), add(add(add(add(add(add(mul(a, mul(x1, x1)), mul(exp(a), mul(x1, x1))), mul(x2, mul(a, x2))), sub(a, mul(x1, x1))), mul(a, mul(x2, x2))), mul(sub(a, mul(x1, mul(sin(x3), mul(x1, x3)))), mul(x1, x2))), mul(add(add(x2, mul(a, sub(x1, a))), mul(a, mul(aq(x2, add(sub(sub(sub(mul(a, x3), x1), sub(x2, a)), sub(x3, a)), sin(exp(x3)))), x4))), mul(aq(sub(exp(x1), exp(x3)), add(exp(a), sub(x3, a))), x4)))), mul(x1, x2))
GPU5 stages: candidates=2500 pre_s=21.816 cheap_candidates=1817 cheap_unique=1817 cheap_s=24.635/40.000 cheap_rejected=182 cheap_a_min=-314.232020152 cheap_a_p50=1.78114704458e-05 cheap_a_p95=2.53689598916 cheap_a_max=2241.39635239 exact_a_gate=0.15 exact_provisional_penalty=3928.17976309 exact_candidates=1635 exact_unique=1635 full_exact_enabled=1 exact_capacity=1200 exact_waves=134 exact_scheduled=1200 exact_deferred=433 exact_wave=1200/1200 exact_queue_depth=0 exact_pending_instances=433 exact_s=160.257 exact_ok=1200 exact_margin_max=141.221169471 exact_scan_mean_s=0.041 exact_bisect_mean_s=0.002 exact_polish_mean_s=0.141 exact_final_mean_s=0.024 exact_margin_abs_b_max=nan cache_hits=0 cache_misses=0 cache_waits=0
102	2500 	597.619	905.111    	1307.8     	246.813	24 	85.7536	319	52.0548
Best individuals of this generation:
add(add(add(mul(x1, aq(mul(x2, x4), a)), add(add(add(add(mul(a, sub(mul(x3, x3), mul(x4, x3))), mul(exp(a), mul(x1, x1))), mul(a, mul(x1, x3))), mul(exp(x2), mul(x1, mul(x1, exp(x3))))), mul(a, mul(x2, x2)))), add(add(add(add(add(add(mul(a, mul(x1, x1)), mul(exp(a), mul(x1, x1))), mul(a, mul(x1, x2))), sub(a, mul(x1, x1))), mul(a, mul(x2, x2))), mul(add(add(add(mul(x1, x1), add(a, mul(x2, x2))), mul(mul(a, mul(x1, x2)), exp(a))), mul(add(x1, mul(a, mul(add(mul(add(mul(a, x2), mul(x1, x2)), mul(x2, x3)), aq(a, mul(x3, x3))), x4))), mul(aq(sub(exp(x1), exp(x3)), add(exp(a), sub(x3, a))), x4))), mul(x2, x2))), mul(add(add(x2, mul(a, sub(x1, a))), mul(a, mul(aq(x2, add(sub(sub(sub(mul(a, x3), x1), sub(x2, a)), sub(x3, a)), sin(exp(x3)))), x4))), mul(aq(sub(exp(x1), exp(x3)), add(exp(a), sub(x3, a))), x4)))), mul(x1, x2))
GPU5 stages: candidates=2500 pre_s=21.815 cheap_candidates=1782 cheap_unique=1782 cheap_s=24.599/40.000 cheap_rejected=158 cheap_a_min=-0.0564844522234 cheap_a_p50=2.40067396971e-05 cheap_a_p95=0.899205160845 cheap_a_max=602.059835226 exact_a_gate=0.15 exact_provisional_penalty=3928.17976309 exact_candidates=1624 exact_unique=1624 full_exact_enabled=1 exact_capacity=1200 exact_waves=134 exact_scheduled=1200 exact_deferred=420 exact_wave=1200/1200 exact_queue_depth=0 exact_pending_instances=420 exact_s=163.208 exact_ok=1200 exact_margin_max=0.407685576609 exact_scan_mean_s=0.042 exact_bisect_mean_s=0.002 exact_polish_mean_s=0.149 exact_final_mean_s=0.027 exact_margin_abs_b_max=nan cache_hits=0 cache_misses=0 cache_waits=0
103	2500 	597.619	903.977    	1306.75    	247.31 	24 	86.7464	319	53.6986
Best individuals of this generation:
add(add(add(mul(x1, aq(mul(x2, x4), a)), add(add(add(add(mul(a, sub(mul(x3, x3), mul(x4, x3))), mul(exp(a), mul(x1, x1))), mul(a, mul(x1, x3))), mul(exp(x2), mul(x1, mul(x1, exp(x3))))), mul(a, mul(x2, x2)))), add(add(add(add(add(add(mul(a, mul(x1, x1)), mul(exp(a), mul(x1, x1))), mul(a, mul(x1, x2))), sub(a, mul(x1, x1))), mul(a, mul(x2, x2))), mul(add(add(add(mul(x1, x1), add(a, mul(x2, x2))), mul(mul(a, mul(x1, x2)), exp(a))), mul(add(x1, mul(a, mul(add(mul(add(mul(a, x2), mul(x1, x2)), mul(x2, x3)), aq(a, mul(x3, x3))), x4))), mul(aq(sub(exp(x1), exp(x3)), add(exp(a), sub(x3, a))), x4))), mul(x2, x2))), mul(add(add(x2, mul(a, sub(x1, a))), mul(a, mul(aq(x2, add(sub(sub(sub(mul(a, x3), x1), sub(x2, a)), sub(x3, a)), sin(exp(x3)))), x4))), mul(aq(sub(exp(x1), exp(x3)), add(exp(a), sub(x3, a))), x4)))), mul(x1, x2))
GPU5 stages: candidates=2500 pre_s=21.795 cheap_candidates=1834 cheap_unique=1834 cheap_s=24.669/40.000 cheap_rejected=166 cheap_a_min=-0.0231955524657 cheap_a_p50=1.16763598154e-05 cheap_a_p95=1.16171187785 cheap_a_max=1029.73559371 exact_a_gate=0.15 exact_provisional_penalty=3928.17976309 exact_candidates=1668 exact_unique=1668 full_exact_enabled=1 exact_capacity=1200 exact_waves=134 exact_scheduled=1200 exact_deferred=464 exact_wave=1200/1200 exact_queue_depth=0 exact_pending_instances=464 exact_s=161.984 exact_ok=1200 exact_margin_max=1.03581095359 exact_scan_mean_s=0.041 exact_bisect_mean_s=0.003 exact_polish_mean_s=0.140 exact_final_mean_s=0.031 exact_margin_abs_b_max=nan cache_hits=0 cache_misses=0 cache_waits=0
104	2500 	597.619	902.872    	1305.67    	247.911	24 	86.8276	319	53.9177
Best individuals of this generation:
add(add(add(mul(x1, aq(mul(x2, x4), a)), add(add(add(add(mul(a, sub(mul(x3, x3), mul(x4, x3))), mul(exp(a), mul(x1, x1))), mul(a, mul(x1, x3))), mul(exp(x2), mul(x1, mul(x1, exp(x3))))), mul(a, mul(x2, x2)))), add(add(add(add(add(add(mul(a, mul(x1, x1)), mul(exp(a), mul(x1, x1))), mul(a, mul(x1, x2))), sub(a, mul(x1, x1))), mul(a, mul(x2, x2))), mul(add(add(add(mul(x1, x1), add(a, mul(x2, x2))), mul(mul(a, mul(x1, x2)), exp(a))), mul(add(x1, mul(a, mul(add(mul(add(mul(a, x2), mul(x1, x2)), mul(x2, x3)), aq(a, mul(x3, x3))), x4))), mul(aq(sub(exp(x1), exp(x3)), add(exp(a), sub(x3, a))), x4))), mul(x2, x2))), mul(add(add(x2, mul(a, sub(x1, a))), mul(a, mul(aq(x2, add(sub(sub(sub(mul(a, x3), x1), sub(x2, a)), sub(x3, a)), sin(exp(x3)))), x4))), mul(aq(sub(exp(x1), exp(x3)), add(exp(a), sub(x3, a))), x4)))), mul(x1, x2))
GPU5 stages: candidates=2500 pre_s=21.754 cheap_candidates=1781 cheap_unique=1780 cheap_s=23.113/40.000 cheap_rejected=125 cheap_a_min=-127.865381446 cheap_a_p50=1.23599736512e-05 cheap_a_p95=0.664574507019 cheap_a_max=521.925486853 exact_a_gate=0.15 exact_provisional_penalty=3928.17976309 exact_candidates=1656 exact_unique=1655 full_exact_enabled=1 exact_capacity=1200 exact_waves=134 exact_scheduled=1200 exact_deferred=452 exact_wave=1200/1200 exact_queue_depth=0 exact_pending_instances=452 exact_s=157.612 exact_ok=1200 exact_margin_max=0.243447875084 exact_scan_mean_s=0.041 exact_bisect_mean_s=0.002 exact_polish_mean_s=0.136 exact_final_mean_s=0.024 exact_margin_abs_b_max=nan cache_hits=0 cache_misses=0 cache_waits=0
105	2500 	597.619	901.818    	1304.7     	248.365	24 	87.286 	322	54.5053
Best individuals of this generation:
add(add(add(mul(x1, aq(mul(x2, x4), a)), add(add(add(add(mul(a, sub(mul(x3, x3), mul(x4, x3))), mul(exp(a), mul(x1, x1))), mul(a, mul(x1, x3))), mul(exp(x2), mul(x1, mul(x1, exp(x3))))), mul(a, mul(x2, x2)))), add(add(add(add(add(add(mul(a, mul(x1, x1)), mul(exp(a), mul(x1, x1))), mul(a, mul(x1, x2))), sub(a, mul(x1, x1))), mul(a, mul(x2, x2))), mul(add(add(add(mul(x1, x1), add(a, mul(x2, x2))), mul(mul(a, mul(x1, x2)), exp(a))), mul(add(x1, mul(a, mul(add(mul(add(mul(a, x2), mul(x1, x2)), mul(x2, x3)), aq(a, mul(x3, x3))), x4))), mul(aq(sub(exp(x1), exp(x3)), add(exp(a), sub(x3, a))), x4))), mul(x2, x2))), mul(add(add(x2, mul(a, sub(x1, a))), mul(a, mul(aq(x2, add(sub(sub(sub(mul(a, x3), x1), sub(x2, a)), sub(x3, a)), sin(exp(x3)))), x4))), mul(aq(sub(exp(x1), exp(x3)), add(exp(a), sub(x3, a))), x4)))), mul(x1, x2))
GPU5 stages: candidates=2500 pre_s=21.870 cheap_candidates=1819 cheap_unique=1819 cheap_s=24.002/40.000 cheap_rejected=161 cheap_a_min=-405.012961988 cheap_a_p50=8.53581787705e-06 cheap_a_p95=0.829098732748 cheap_a_max=763.64285043 exact_a_gate=0.15 exact_provisional_penalty=3928.17976309 exact_candidates=1658 exact_unique=1658 full_exact_enabled=1 exact_capacity=1200 exact_waves=134 exact_scheduled=1200 exact_deferred=457 exact_wave=1200/1200 exact_queue_depth=0 exact_pending_instances=457 exact_s=161.694 exact_ok=1200 exact_margin_max=0.0834128815584 exact_scan_mean_s=0.041 exact_bisect_mean_s=0.004 exact_polish_mean_s=0.144 exact_final_mean_s=0.034 exact_margin_abs_b_max=nan cache_hits=0 cache_misses=0 cache_waits=0
106	2500 	597.619	900.912    	1303.97    	249.061	24 	87.4124	322	56.4776
Best individuals of this generation:
add(add(add(mul(x1, aq(mul(x2, x4), a)), add(add(add(add(mul(a, sub(mul(x3, x3), mul(x4, x3))), mul(exp(a), mul(x1, x1))), mul(a, mul(x1, x3))), mul(exp(x2), mul(x1, mul(x1, exp(x3))))), mul(a, mul(x2, x2)))), add(add(add(add(add(add(mul(a, mul(x1, x1)), mul(exp(a), mul(x1, x1))), mul(a, mul(x1, x2))), sub(a, mul(x1, x1))), mul(a, mul(x2, x2))), mul(add(add(add(mul(x1, x1), add(a, mul(x2, x2))), mul(mul(a, mul(x1, x2)), exp(a))), mul(add(x1, mul(a, mul(add(mul(add(mul(a, x2), mul(x1, x2)), mul(x2, x3)), aq(a, mul(x3, x3))), x4))), mul(aq(sub(exp(x1), exp(x3)), add(exp(a), sub(x3, a))), x4))), mul(x2, x2))), mul(add(add(x2, mul(a, sub(x1, a))), mul(a, mul(aq(x2, add(sub(sub(sub(mul(a, x3), x1), sub(x2, a)), sub(x3, a)), sin(exp(x3)))), x4))), mul(aq(sub(exp(x1), exp(x3)), add(exp(a), sub(x3, a))), x4)))), mul(x1, x2))
GPU5 stages: candidates=2500 pre_s=21.865 cheap_candidates=1787 cheap_unique=1787 cheap_s=24.158/40.000 cheap_rejected=160 cheap_a_min=-0.0836516351888 cheap_a_p50=2.11722416278e-05 cheap_a_p95=1.38081370259 cheap_a_max=541.691684941 exact_a_gate=0.15 exact_provisional_penalty=3928.17976309 exact_candidates=1627 exact_unique=1627 full_exact_enabled=1 exact_capacity=1200 exact_waves=134 exact_scheduled=1200 exact_deferred=425 exact_wave=1200/1200 exact_queue_depth=0 exact_pending_instances=425 exact_s=167.807 exact_ok=1200 exact_margin_max=6.83256561559 exact_scan_mean_s=0.042 exact_bisect_mean_s=0.003 exact_polish_mean_s=0.153 exact_final_mean_s=0.037 exact_margin_abs_b_max=nan cache_hits=0 cache_misses=0 cache_waits=0
107	2500 	597.619	899.933    	1303.5     	249.7  	24 	87.5624	341	57.8178
Best individuals of this generation:
add(add(add(mul(x1, aq(mul(x2, x4), a)), add(add(add(add(mul(a, sub(mul(x3, x3), mul(x4, x3))), mul(exp(a), mul(x1, x1))), mul(a, mul(x1, x3))), mul(exp(x2), mul(x1, mul(x1, exp(x3))))), mul(a, mul(x2, x2)))), add(add(add(add(add(add(mul(a, mul(x1, x1)), mul(exp(a), mul(x1, x1))), mul(a, mul(x1, x2))), sub(a, mul(x1, x1))), mul(a, mul(x2, x2))), mul(add(add(add(mul(x1, x1), add(a, mul(x2, x2))), mul(mul(a, mul(x1, x2)), exp(a))), mul(add(x1, mul(a, mul(add(mul(add(mul(a, x2), mul(x1, x2)), mul(x2, x3)), aq(a, mul(x3, x3))), x4))), mul(aq(sub(exp(x1), exp(x3)), add(exp(a), sub(x3, a))), x4))), mul(x2, x2))), mul(add(add(x2, mul(a, sub(x1, a))), mul(a, mul(aq(x2, add(sub(sub(sub(mul(a, x3), x1), sub(x2, a)), sub(x3, a)), sin(exp(x3)))), x4))), mul(aq(sub(exp(x1), exp(x3)), add(exp(a), sub(x3, a))), x4)))), mul(x1, x2))
GPU5 stages: candidates=2500 pre_s=21.801 cheap_candidates=1773 cheap_unique=1773 cheap_s=25.384/40.000 cheap_rejected=150 cheap_a_min=-0.102200460329 cheap_a_p50=1.71473702009e-05 cheap_a_p95=0.839337507931 cheap_a_max=1051.38745204 exact_a_gate=0.15 exact_provisional_penalty=3928.17976309 exact_candidates=1623 exact_unique=1623 full_exact_enabled=1 exact_capacity=1200 exact_waves=134 exact_scheduled=1200 exact_deferred=422 exact_wave=1200/1200 exact_queue_depth=0 exact_pending_instances=422 exact_s=158.866 exact_ok=1200 exact_margin_max=7.83174079815 exact_scan_mean_s=0.042 exact_bisect_mean_s=0.001 exact_polish_mean_s=0.141 exact_final_mean_s=0.025 exact_margin_abs_b_max=nan cache_hits=0 cache_misses=0 cache_waits=0
108	2500 	597.619	899.044    	1303.24    	250.557	24 	87.7756	341	59.01  
Best individuals of this generation:
add(add(add(mul(x1, aq(mul(x2, x4), a)), add(add(add(add(mul(a, sub(mul(x3, x3), mul(x4, x3))), mul(exp(a), mul(x1, x1))), mul(a, mul(x1, x3))), mul(exp(x2), mul(x1, mul(x1, exp(x3))))), mul(a, mul(x2, x2)))), add(add(add(add(add(add(mul(a, mul(x1, x1)), mul(exp(a), mul(x1, x1))), mul(a, mul(x1, x2))), sub(a, mul(x1, x1))), mul(a, mul(x2, x2))), mul(add(add(add(mul(x1, x1), add(a, mul(x2, x2))), mul(mul(a, mul(x1, x2)), exp(a))), mul(add(x1, mul(a, mul(add(mul(add(mul(a, x2), mul(x1, x2)), mul(x2, x3)), aq(a, mul(x3, x3))), x4))), mul(aq(sub(exp(x1), exp(x3)), add(exp(a), sub(x3, a))), x4))), mul(x2, x2))), mul(add(add(x2, mul(a, sub(x1, a))), mul(a, mul(aq(x2, add(sub(sub(sub(mul(a, x3), x1), sub(x2, a)), sub(x3, a)), sin(exp(x3)))), x4))), mul(aq(sub(exp(x1), exp(x3)), add(exp(a), sub(x3, a))), x4)))), mul(x1, x2))
GPU5 stages: candidates=2500 pre_s=21.802 cheap_candidates=1767 cheap_unique=1767 cheap_s=25.742/40.000 cheap_rejected=167 cheap_a_min=-0.0355029878988 cheap_a_p50=1.82200703221e-05 cheap_a_p95=0.858681559978 cheap_a_max=3167.40955383 exact_a_gate=0.15 exact_provisional_penalty=3928.17976309 exact_candidates=1600 exact_unique=1600 full_exact_enabled=1 exact_capacity=1200 exact_waves=134 exact_scheduled=1200 exact_deferred=398 exact_wave=1200/1200 exact_queue_depth=0 exact_pending_instances=398 exact_s=160.703 exact_ok=1200 exact_margin_max=3.28306369067 exact_scan_mean_s=0.041 exact_bisect_mean_s=0.004 exact_polish_mean_s=0.143 exact_final_mean_s=0.032 exact_margin_abs_b_max=nan cache_hits=0 cache_misses=0 cache_waits=0
109	2500 	597.619	898.071    	1302.64    	251.283	24 	88.3332	341	60.932 
Best individuals of this generation:
add(add(add(mul(x1, aq(mul(x2, x4), a)), add(add(add(add(mul(a, sub(mul(x3, x3), mul(x4, x3))), mul(exp(a), mul(x1, x1))), mul(a, mul(x1, x3))), mul(exp(x2), mul(x1, mul(x1, exp(x3))))), mul(a, mul(x2, x2)))), add(add(add(add(add(add(mul(a, mul(x1, x1)), mul(exp(a), mul(x1, x1))), mul(a, mul(x1, x2))), sub(a, mul(x1, x1))), mul(a, mul(x2, x2))), mul(add(add(add(mul(x1, x1), add(a, mul(x2, x2))), mul(mul(a, mul(x1, x2)), exp(a))), mul(add(x1, mul(a, mul(add(mul(add(mul(a, x2), mul(x1, x2)), mul(x2, x3)), aq(a, mul(x3, x3))), x4))), mul(aq(sub(exp(x1), exp(x3)), add(exp(a), sub(x3, a))), x4))), mul(x2, x2))), mul(add(add(x2, mul(a, sub(x1, a))), mul(a, mul(aq(x2, add(sub(sub(sub(mul(a, x3), x1), sub(x2, a)), sub(x3, a)), sin(exp(x3)))), x4))), mul(aq(sub(exp(x1), exp(x3)), add(exp(a), sub(x3, a))), x4)))), mul(x1, x2))
GPU5 stages: candidates=2500 pre_s=21.709 cheap_candidates=1782 cheap_unique=1781 cheap_s=24.846/40.000 cheap_rejected=155 cheap_a_min=-0.0671738779737 cheap_a_p50=1.42468205643e-05 cheap_a_p95=1.03809328544 cheap_a_max=1256.16540812 exact_a_gate=0.15 exact_provisional_penalty=3928.17976309 exact_candidates=1627 exact_unique=1626 full_exact_enabled=1 exact_capacity=1200 exact_waves=134 exact_scheduled=1200 exact_deferred=422 exact_wave=1200/1200 exact_queue_depth=0 exact_pending_instances=422 exact_s=155.390 exact_ok=1200 exact_margin_max=10.6335629717 exact_scan_mean_s=0.040 exact_bisect_mean_s=0.003 exact_polish_mean_s=0.138 exact_final_mean_s=0.033 exact_margin_abs_b_max=nan cache_hits=0 cache_misses=0 cache_waits=0
110	2500 	597.619	897.096    	1302.24    	252.16 	24 	89.2916	343	63.5474
Best individuals of this generation:
add(add(add(mul(x1, aq(mul(x2, x4), a)), add(add(add(add(mul(a, sub(mul(x3, x3), mul(x4, x3))), mul(exp(a), mul(x1, x1))), mul(a, mul(x1, x3))), mul(exp(x2), mul(x1, mul(x1, exp(x3))))), mul(a, mul(x2, x2)))), add(add(add(add(add(add(mul(a, mul(x1, x1)), mul(exp(a), mul(x1, x1))), mul(a, mul(x1, x2))), sub(a, mul(x1, x1))), mul(a, mul(x2, x2))), mul(add(add(add(mul(x1, x1), add(a, mul(x2, x2))), mul(mul(a, mul(x1, x2)), exp(a))), mul(add(x1, mul(a, mul(add(mul(add(mul(a, x2), mul(x1, x2)), mul(x2, x3)), aq(a, mul(x3, x3))), x4))), mul(aq(sub(exp(x1), exp(x3)), add(exp(a), sub(x3, a))), x4))), mul(x2, x2))), mul(add(add(x2, mul(a, sub(x1, a))), mul(a, mul(aq(x2, add(sub(sub(sub(mul(a, x3), x1), sub(x2, a)), sub(x3, a)), sin(exp(x3)))), x4))), mul(aq(sub(exp(x1), exp(x3)), add(exp(a), sub(x3, a))), x4)))), mul(x1, x2))
GPU5 stages: candidates=2500 pre_s=21.663 cheap_candidates=1755 cheap_unique=1754 cheap_s=24.687/40.000 cheap_rejected=157 cheap_a_min=-139.758735603 cheap_a_p50=7.12078483654e-06 cheap_a_p95=0.62909745424 cheap_a_max=1857.97375868 exact_a_gate=0.15 exact_provisional_penalty=8076.09266155 exact_candidates=1598 exact_unique=1597 full_exact_enabled=1 exact_capacity=1200 exact_waves=134 exact_scheduled=1200 exact_deferred=395 exact_wave=1200/1200 exact_queue_depth=0 exact_pending_instances=395 exact_s=158.699 exact_ok=1200 exact_margin_max=2.01099641533 exact_scan_mean_s=0.041 exact_bisect_mean_s=0.003 exact_polish_mean_s=0.144 exact_final_mean_s=0.043 exact_margin_abs_b_max=nan cache_hits=0 cache_misses=0 cache_waits=0
111	2500 	597.619	896.527    	1301.49    	252.536	24 	90.4356	346	66.711 
Best individuals of this generation:
add(add(add(mul(x1, aq(mul(x2, x4), a)), add(add(add(add(mul(a, sub(mul(x3, x3), mul(x4, x3))), mul(exp(a), mul(x1, x1))), mul(a, mul(x1, x3))), mul(exp(x2), mul(x1, mul(x1, exp(x3))))), mul(a, mul(x2, x2)))), add(add(add(add(add(add(mul(a, mul(x1, x1)), mul(exp(a), mul(x1, x1))), mul(a, mul(x1, x2))), sub(a, mul(x1, x1))), mul(a, mul(x2, x2))), mul(add(add(add(mul(x1, x1), add(a, mul(x2, x2))), mul(mul(a, mul(x1, x2)), exp(a))), mul(add(x1, mul(a, mul(add(mul(add(mul(a, x2), mul(x1, x2)), mul(x2, x3)), aq(a, mul(x3, x3))), x4))), mul(aq(sub(exp(x1), exp(x3)), add(exp(a), sub(x3, a))), x4))), mul(x2, x2))), mul(add(add(x2, mul(a, sub(x1, a))), mul(a, mul(aq(x2, add(sub(sub(sub(mul(a, x3), x1), sub(x2, a)), sub(x3, a)), sin(exp(x3)))), x4))), mul(aq(sub(exp(x1), exp(x3)), add(exp(a), sub(x3, a))), x4)))), mul(x1, x2))
GPU5 stages: candidates=2500 pre_s=22.122 cheap_candidates=1787 cheap_unique=1787 cheap_s=25.464/40.000 cheap_rejected=148 cheap_a_min=-0.115219972852 cheap_a_p50=8.77314147394e-06 cheap_a_p95=0.852734040614 cheap_a_max=967.562478161 exact_a_gate=0.15 exact_provisional_penalty=3928.17976309 exact_candidates=1639 exact_unique=1639 full_exact_enabled=1 exact_capacity=1200 exact_waves=134 exact_scheduled=1200 exact_deferred=437 exact_wave=1200/1200 exact_queue_depth=0 exact_pending_instances=437 exact_s=167.274 exact_ok=1200 exact_margin_max=7.10825057602 exact_scan_mean_s=0.042 exact_bisect_mean_s=0.002 exact_polish_mean_s=0.145 exact_final_mean_s=0.044 exact_margin_abs_b_max=nan cache_hits=0 cache_misses=0 cache_waits=0
112	2500 	597.619	896.159    	1301.02    	252.745	24 	92.142 	367	71.3878
Best individuals of this generation:
add(add(add(mul(x1, aq(mul(x2, x4), a)), add(add(add(add(mul(a, sub(mul(x3, x3), mul(x4, x3))), mul(exp(a), mul(x1, x1))), mul(a, mul(x1, x3))), mul(exp(x2), mul(x1, mul(x1, exp(x3))))), mul(a, mul(x2, x2)))), add(add(add(add(add(add(mul(a, mul(x1, x1)), mul(exp(a), mul(x1, x1))), mul(a, mul(x1, x2))), sub(a, mul(x1, x1))), mul(a, mul(x2, x2))), mul(add(add(add(mul(x1, x1), add(a, mul(x2, x2))), mul(mul(a, mul(x1, x2)), exp(a))), mul(add(x1, mul(a, mul(add(mul(add(mul(a, x2), mul(x1, x2)), mul(x2, x3)), aq(a, mul(x3, x3))), x4))), mul(aq(sub(exp(x1), exp(x3)), add(exp(a), sub(x3, a))), x4))), mul(x2, x2))), mul(add(add(x2, mul(a, sub(x1, a))), mul(a, mul(aq(x2, add(sub(sub(sub(mul(a, x3), x1), sub(x2, a)), sub(x3, a)), sin(exp(x3)))), x4))), mul(aq(sub(exp(x1), exp(x3)), add(exp(a), sub(x3, a))), x4)))), mul(x1, x2))
GPU5 stages: candidates=2500 pre_s=22.286 cheap_candidates=1748 cheap_unique=1748 cheap_s=25.289/40.000 cheap_rejected=133 cheap_a_min=-0.0734095825825 cheap_a_p50=1.29737685162e-05 cheap_a_p95=0.600182762392 cheap_a_max=1430.78548741 exact_a_gate=0.15 exact_provisional_penalty=3928.17976309 exact_candidates=1615 exact_unique=1615 full_exact_enabled=1 exact_capacity=1200 exact_waves=134 exact_scheduled=1200 exact_deferred=414 exact_wave=1200/1200 exact_queue_depth=0 exact_pending_instances=414 exact_s=172.463 exact_ok=1200 exact_margin_max=0.102113918342 exact_scan_mean_s=0.042 exact_bisect_mean_s=0.002 exact_polish_mean_s=0.152 exact_final_mean_s=0.027 exact_margin_abs_b_max=nan cache_hits=0 cache_misses=0 cache_waits=0
113	2500 	597.619	895.766    	1300.79    	252.874	24 	94.1156	367	75.9081
Best individuals of this generation:
add(add(add(mul(x1, aq(mul(x2, x4), a)), add(add(add(add(mul(a, sub(mul(x3, x3), mul(x4, x3))), mul(exp(a), mul(x1, x1))), mul(a, mul(x1, x3))), mul(exp(x2), mul(x1, mul(x1, exp(x3))))), mul(a, mul(x2, x2)))), add(add(add(add(add(add(mul(a, mul(x1, x1)), mul(exp(a), mul(x1, x1))), mul(a, mul(x1, x2))), sub(a, mul(x1, x1))), mul(a, mul(x2, x2))), mul(add(add(add(mul(x1, x1), add(a, mul(x2, x2))), mul(mul(a, mul(x1, x2)), exp(a))), mul(add(x1, mul(a, mul(add(mul(add(mul(a, x2), mul(x1, x2)), mul(x2, x3)), aq(a, mul(x3, x3))), x4))), mul(aq(sub(exp(x1), exp(x3)), add(exp(a), sub(x3, a))), x4))), mul(x2, x2))), mul(add(add(x2, mul(a, sub(x1, a))), mul(a, mul(aq(x2, add(sub(sub(sub(mul(a, x3), x1), sub(x2, a)), sub(x3, a)), sin(exp(x3)))), x4))), mul(aq(sub(exp(x1), exp(x3)), add(exp(a), sub(x3, a))), x4)))), mul(x1, x2))
GPU5 stages: candidates=2500 pre_s=22.083 cheap_candidates=1771 cheap_unique=1770 cheap_s=25.707/40.000 cheap_rejected=164 cheap_a_min=-0.0482411431314 cheap_a_p50=2.1357356515e-05 cheap_a_p95=0.888169359542 cheap_a_max=728.355672526 exact_a_gate=0.15 exact_provisional_penalty=3928.17976309 exact_candidates=1607 exact_unique=1606 full_exact_enabled=1 exact_capacity=1200 exact_waves=134 exact_scheduled=1200 exact_deferred=404 exact_wave=1200/1200 exact_queue_depth=0 exact_pending_instances=404 exact_s=164.842 exact_ok=1200 exact_margin_max=1.24396368806 exact_scan_mean_s=0.040 exact_bisect_mean_s=0.004 exact_polish_mean_s=0.152 exact_final_mean_s=0.043 exact_margin_abs_b_max=nan cache_hits=0 cache_misses=0 cache_waits=0
114	2500 	597.619	895.402    	1300.43    	252.973	24 	94.5016	348	76.5586
Best individuals of this generation:
add(add(add(mul(x1, aq(mul(x2, x4), a)), add(add(add(add(mul(a, sub(mul(x3, x3), mul(x4, x3))), mul(exp(a), mul(x1, x1))), mul(a, mul(x1, x3))), mul(exp(x2), mul(x1, mul(x1, exp(x3))))), mul(a, mul(x2, x2)))), add(add(add(add(add(add(mul(a, mul(x1, x1)), mul(exp(a), mul(x1, x1))), mul(a, mul(x1, x2))), sub(a, mul(x1, x1))), mul(a, mul(x2, x2))), mul(add(add(add(mul(x1, x1), add(a, mul(x2, x2))), mul(mul(a, mul(x1, x2)), exp(a))), mul(add(x1, mul(a, mul(add(mul(add(mul(a, x2), mul(x1, x2)), mul(x2, x3)), aq(a, mul(x3, x3))), x4))), mul(aq(sub(exp(x1), exp(x3)), add(exp(a), sub(x3, a))), x4))), mul(x2, x2))), mul(add(add(x2, mul(a, sub(x1, a))), mul(a, mul(aq(x2, add(sub(sub(sub(mul(a, x3), x1), sub(x2, a)), sub(x3, a)), sin(exp(x3)))), x4))), mul(aq(sub(exp(x1), exp(x3)), add(exp(a), sub(x3, a))), x4)))), mul(x1, x2))
GPU5 stages: candidates=2500 pre_s=21.825 cheap_candidates=1766 cheap_unique=1766 cheap_s=25.270/40.000 cheap_rejected=141 cheap_a_min=-0.0268940993486 cheap_a_p50=1.65490321329e-05 cheap_a_p95=0.475244658412 cheap_a_max=974.054425116 exact_a_gate=0.15 exact_provisional_penalty=3928.17976309 exact_candidates=1625 exact_unique=1625 full_exact_enabled=1 exact_capacity=1200 exact_waves=134 exact_scheduled=1200 exact_deferred=421 exact_wave=1200/1200 exact_queue_depth=0 exact_pending_instances=421 exact_s=167.122 exact_ok=1200 exact_margin_max=153.628921655 exact_scan_mean_s=0.040 exact_bisect_mean_s=0.003 exact_polish_mean_s=0.149 exact_final_mean_s=0.035 exact_margin_abs_b_max=nan cache_hits=0 cache_misses=0 cache_waits=0
115	2500 	597.558	895.029    	1300.13    	253.109	24 	92.6348	332	73.0399
Best individuals of this generation:
add(add(add(mul(x1, aq(mul(x2, x4), mul(mul(a, mul(x1, x1)), mul(x2, x2)))), add(add(add(add(mul(a, sub(mul(x3, x3), mul(x4, x3))), mul(exp(a), mul(x1, x1))), mul(a, mul(x1, x3))), mul(exp(x1), mul(x1, mul(x1, exp(x3))))), mul(a, mul(x2, x2)))), add(add(add(add(add(add(mul(a, mul(x1, x1)), mul(exp(a), mul(x1, x1))), mul(x2, mul(x1, x3))), sub(a, mul(x1, mul(x2, x2)))), mul(a, mul(x2, x2))), mul(add(add(add(a, add(a, mul(x2, x2))), mul(exp(x4), exp(a))), mul(add(x1, mul(a, mul(add(mul(add(mul(add(mul(a, x2), exp(x1)), mul(x2, x3)), mul(a, mul(x3, x3))), x2), mul(a, mul(x1, x3))), x4))), mul(mul(exp(a), mul(x1, x1)), x4))), mul(x2, x2))), mul(add(add(add(mul(a, sub(mul(x3, x3), mul(x4, x3))), mul(exp(a), mul(x1, x1))), mul(a, sub(x1, a))), mul(a, mul(aq(x2, add(sub(sub(sub(mul(a, x3), x1), sub(x2, a)), sub(x3, a)), sin(exp(x3)))), x4))), mul(aq(sub(exp(x1), exp(x3)), add(exp(a), sub(x3, a))), x4)))), mul(x1, x2))
GPU5 stages: candidates=2500 pre_s=21.733 cheap_candidates=1746 cheap_unique=1746 cheap_s=25.787/40.000 cheap_rejected=172 cheap_a_min=-0.0996533192089 cheap_a_p50=3.82257361704e-05 cheap_a_p95=1.41010424326 cheap_a_max=891.026251459 exact_a_gate=0.15 exact_provisional_penalty=3928.17976309 exact_candidates=1574 exact_unique=1574 full_exact_enabled=1 exact_capacity=1200 exact_waves=134 exact_scheduled=1200 exact_deferred=371 exact_wave=1200/1200 exact_queue_depth=0 exact_pending_instances=371 exact_s=165.543 exact_ok=1200 exact_margin_max=14.3810124534 exact_scan_mean_s=0.041 exact_bisect_mean_s=0.003 exact_polish_mean_s=0.149 exact_final_mean_s=0.037 exact_margin_abs_b_max=nan cache_hits=0 cache_misses=0 cache_waits=0
116	2500 	597.558	894.698    	1299.81    	253.085	24 	90.1076	332	67.458 
Best individuals of this generation:
add(add(add(mul(x1, aq(mul(x2, x4), mul(mul(a, mul(x1, x1)), mul(x2, x2)))), add(add(add(add(mul(a, sub(mul(x3, x3), mul(x4, x3))), mul(exp(a), mul(x1, x1))), mul(a, mul(x1, x3))), mul(exp(x1), mul(x1, mul(x1, exp(x3))))), mul(a, mul(x2, x2)))), add(add(add(add(add(add(mul(a, mul(x1, x1)), mul(exp(a), mul(x1, x1))), mul(x2, mul(x1, x3))), sub(a, mul(x1, mul(x2, x2)))), mul(a, mul(x2, x2))), mul(add(add(add(a, add(a, mul(x2, x2))), mul(exp(x4), exp(a))), mul(add(x1, mul(a, mul(add(mul(add(mul(add(mul(a, x2), exp(x1)), mul(x2, x3)), mul(a, mul(x3, x3))), x2), mul(a, mul(x1, x3))), x4))), mul(mul(exp(a), mul(x1, x1)), x4))), mul(x2, x2))), mul(add(add(add(mul(a, sub(mul(x3, x3), mul(x4, x3))), mul(exp(a), mul(x1, x1))), mul(a, sub(x1, a))), mul(a, mul(aq(x2, add(sub(sub(sub(mul(a, x3), x1), sub(x2, a)), sub(x3, a)), sin(exp(x3)))), x4))), mul(aq(sub(exp(x1), exp(x3)), add(exp(a), sub(x3, a))), x4)))), mul(x1, x2))
GPU5 stages: candidates=2500 pre_s=21.570 cheap_candidates=1712 cheap_unique=1712 cheap_s=24.179/40.000 cheap_rejected=149 cheap_a_min=-0.0602704523544 cheap_a_p50=1.31742346238e-05 cheap_a_p95=0.897656045966 cheap_a_max=1007.66053395 exact_a_gate=0.15 exact_provisional_penalty=3928.17976309 exact_candidates=1563 exact_unique=1563 full_exact_enabled=1 exact_capacity=1200 exact_waves=134 exact_scheduled=1200 exact_deferred=360 exact_wave=1200/1200 exact_queue_depth=0 exact_pending_instances=360 exact_s=163.673 exact_ok=1200 exact_margin_max=4.74256088942 exact_scan_mean_s=0.042 exact_bisect_mean_s=0.003 exact_polish_mean_s=0.147 exact_final_mean_s=0.024 exact_margin_abs_b_max=nan cache_hits=0 cache_misses=0 cache_waits=0
117	2500 	597.558	894.365    	1299.5     	253.125	24 	88.5632	332	63.627 
Best individuals of this generation:
add(add(add(mul(x1, aq(mul(x2, x4), mul(mul(a, mul(x1, x1)), mul(x2, x2)))), add(add(add(add(mul(a, sub(mul(x3, x3), mul(x4, x3))), mul(exp(a), mul(x1, x1))), mul(a, mul(x1, x3))), mul(exp(x1), mul(x1, mul(x1, exp(x3))))), mul(a, mul(x2, x2)))), add(add(add(add(add(add(mul(a, mul(x1, x1)), mul(exp(a), mul(x1, x1))), mul(x2, mul(x1, x3))), sub(a, mul(x1, mul(x2, x2)))), mul(a, mul(x2, x2))), mul(add(add(add(a, add(a, mul(x2, x2))), mul(exp(x4), exp(a))), mul(add(x1, mul(a, mul(add(mul(add(mul(add(mul(a, x2), exp(x1)), mul(x2, x3)), mul(a, mul(x3, x3))), x2), mul(a, mul(x1, x3))), x4))), mul(mul(exp(a), mul(x1, x1)), x4))), mul(x2, x2))), mul(add(add(add(mul(a, sub(mul(x3, x3), mul(x4, x3))), mul(exp(a), mul(x1, x1))), mul(a, sub(x1, a))), mul(a, mul(aq(x2, add(sub(sub(sub(mul(a, x3), x1), sub(x2, a)), sub(x3, a)), sin(exp(x3)))), x4))), mul(aq(sub(exp(x1), exp(x3)), add(exp(a), sub(x3, a))), x4)))), mul(x1, x2))
GPU5 stages: candidates=2500 pre_s=21.979 cheap_candidates=1766 cheap_unique=1766 cheap_s=25.286/40.000 cheap_rejected=161 cheap_a_min=-0.0431696915043 cheap_a_p50=2.51728337107e-05 cheap_a_p95=1.21371597197 cheap_a_max=1143.84595702 exact_a_gate=0.15 exact_provisional_penalty=3928.17976309 exact_candidates=1605 exact_unique=1605 full_exact_enabled=1 exact_capacity=1200 exact_waves=134 exact_scheduled=1200 exact_deferred=403 exact_wave=1200/1200 exact_queue_depth=0 exact_pending_instances=403 exact_s=171.870 exact_ok=1200 exact_margin_max=2.53946629281 exact_scan_mean_s=0.040 exact_bisect_mean_s=0.004 exact_polish_mean_s=0.151 exact_final_mean_s=0.037 exact_margin_abs_b_max=nan cache_hits=0 cache_misses=0 cache_waits=0
118	2500 	597.558	894.086    	1299.26    	253.227	24 	88.9424	332	64.6995
Best individuals of this generation:
add(add(add(mul(x1, aq(mul(x2, x4), mul(mul(a, mul(x1, x1)), mul(x2, x2)))), add(add(add(add(mul(a, sub(mul(x3, x3), mul(x4, x3))), mul(exp(a), mul(x1, x1))), mul(a, mul(x1, x3))), mul(exp(x1), mul(x1, mul(x1, exp(x3))))), mul(a, mul(x2, x2)))), add(add(add(add(add(add(mul(a, mul(x1, x1)), mul(exp(a), mul(x1, x1))), mul(x2, mul(x1, x3))), sub(a, mul(x1, mul(x2, x2)))), mul(a, mul(x2, x2))), mul(add(add(add(a, add(a, mul(x2, x2))), mul(exp(x4), exp(a))), mul(add(x1, mul(a, mul(add(mul(add(mul(add(mul(a, x2), exp(x1)), mul(x2, x3)), mul(a, mul(x3, x3))), x2), mul(a, mul(x1, x3))), x4))), mul(mul(exp(a), mul(x1, x1)), x4))), mul(x2, x2))), mul(add(add(add(mul(a, sub(mul(x3, x3), mul(x4, x3))), mul(exp(a), mul(x1, x1))), mul(a, sub(x1, a))), mul(a, mul(aq(x2, add(sub(sub(sub(mul(a, x3), x1), sub(x2, a)), sub(x3, a)), sin(exp(x3)))), x4))), mul(aq(sub(exp(x1), exp(x3)), add(exp(a), sub(x3, a))), x4)))), mul(x1, x2))
GPU5 stages: candidates=2500 pre_s=22.050 cheap_candidates=1743 cheap_unique=1743 cheap_s=24.191/40.000 cheap_rejected=148 cheap_a_min=-0.114554487215 cheap_a_p50=1.64409875291e-05 cheap_a_p95=0.520599361649 cheap_a_max=19223.9127733 exact_a_gate=0.15 exact_provisional_penalty=3928.17976309 exact_candidates=1595 exact_unique=1595 full_exact_enabled=1 exact_capacity=1200 exact_waves=134 exact_scheduled=1200 exact_deferred=394 exact_wave=1200/1200 exact_queue_depth=0 exact_pending_instances=394 exact_s=164.525 exact_ok=1200 exact_margin_max=576.56824841 exact_scan_mean_s=0.041 exact_bisect_mean_s=0.002 exact_polish_mean_s=0.144 exact_final_mean_s=0.035 exact_margin_abs_b_max=nan cache_hits=0 cache_misses=0 cache_waits=0
119	2500 	597.558	893.76     	1299.02    	253.264	24 	89.0548	332	65.3666
Best individuals of this generation:
add(add(add(mul(x1, aq(mul(x2, x4), mul(mul(a, mul(x1, x1)), mul(x2, x2)))), add(add(add(add(mul(a, sub(mul(x3, x3), mul(x4, x3))), mul(exp(a), mul(x1, x1))), mul(a, mul(x1, x3))), mul(exp(x1), mul(x1, mul(x1, exp(x3))))), mul(a, mul(x2, x2)))), add(add(add(add(add(add(mul(a, mul(x1, x1)), mul(exp(a), mul(x1, x1))), mul(x2, mul(x1, x3))), sub(a, mul(x1, mul(x2, x2)))), mul(a, mul(x2, x2))), mul(add(add(add(a, add(a, mul(x2, x2))), mul(exp(x4), exp(a))), mul(add(x1, mul(a, mul(add(mul(add(mul(add(mul(a, x2), exp(x1)), mul(x2, x3)), mul(a, mul(x3, x3))), x2), mul(a, mul(x1, x3))), x4))), mul(mul(exp(a), mul(x1, x1)), x4))), mul(x2, x2))), mul(add(add(add(mul(a, sub(mul(x3, x3), mul(x4, x3))), mul(exp(a), mul(x1, x1))), mul(a, sub(x1, a))), mul(a, mul(aq(x2, add(sub(sub(sub(mul(a, x3), x1), sub(x2, a)), sub(x3, a)), sin(exp(x3)))), x4))), mul(aq(sub(exp(x1), exp(x3)), add(exp(a), sub(x3, a))), x4)))), mul(x1, x2))
GPU5 stages: candidates=2500 pre_s=22.088 cheap_candidates=1767 cheap_unique=1767 cheap_s=25.810/40.000 cheap_rejected=162 cheap_a_min=-0.094844593267 cheap_a_p50=1.64210225393e-05 cheap_a_p95=0.930225737852 cheap_a_max=1080.52306919 exact_a_gate=0.15 exact_provisional_penalty=3928.17976309 exact_candidates=1605 exact_unique=1605 full_exact_enabled=1 exact_capacity=1200 exact_waves=134 exact_scheduled=1200 exact_deferred=402 exact_wave=1200/1200 exact_queue_depth=0 exact_pending_instances=402 exact_s=167.699 exact_ok=1200 exact_margin_max=8.19048373207 exact_scan_mean_s=0.041 exact_bisect_mean_s=0.002 exact_polish_mean_s=0.148 exact_final_mean_s=0.030 exact_margin_abs_b_max=nan cache_hits=0 cache_misses=0 cache_waits=0
120	2500 	597.558	893.495    	1298.79    	253.265	24 	89.5584	335	66.7715
Best individuals of this generation:
add(add(add(mul(x1, aq(mul(x2, x4), mul(mul(a, mul(x1, x1)), mul(x2, x2)))), add(add(add(add(mul(a, sub(mul(x3, x3), mul(x4, x3))), mul(exp(a), mul(x1, x1))), mul(a, mul(x1, x3))), mul(exp(x1), mul(x1, mul(x1, exp(x3))))), mul(a, mul(x2, x2)))), add(add(add(add(add(add(mul(a, mul(x1, x1)), mul(exp(a), mul(x1, x1))), mul(x2, mul(x1, x3))), sub(a, mul(x1, mul(x2, x2)))), mul(a, mul(x2, x2))), mul(add(add(add(a, add(a, mul(x2, x2))), mul(exp(x4), exp(a))), mul(add(x1, mul(a, mul(add(mul(add(mul(add(mul(a, x2), exp(x1)), mul(x2, x3)), mul(a, mul(x3, x3))), x2), mul(a, mul(x1, x3))), x4))), mul(mul(exp(a), mul(x1, x1)), x4))), mul(x2, x2))), mul(add(add(add(mul(a, sub(mul(x3, x3), mul(x4, x3))), mul(exp(a), mul(x1, x1))), mul(a, sub(x1, a))), mul(a, mul(aq(x2, add(sub(sub(sub(mul(a, x3), x1), sub(x2, a)), sub(x3, a)), sin(exp(x3)))), x4))), mul(aq(sub(exp(x1), exp(x3)), add(exp(a), sub(x3, a))), x4)))), mul(x1, x2))
GPU5 stages: candidates=2500 pre_s=22.076 cheap_candidates=1739 cheap_unique=1739 cheap_s=25.745/40.000 cheap_rejected=156 cheap_a_min=-0.0964376203294 cheap_a_p50=2.16724574777e-05 cheap_a_p95=0.848093303875 cheap_a_max=328.797179806 exact_a_gate=0.15 exact_provisional_penalty=3928.17976309 exact_candidates=1583 exact_unique=1583 full_exact_enabled=1 exact_capacity=1200 exact_waves=134 exact_scheduled=1200 exact_deferred=381 exact_wave=1200/1200 exact_queue_depth=0 exact_pending_instances=381 exact_s=166.861 exact_ok=1200 exact_margin_max=0.284574566407 exact_scan_mean_s=0.043 exact_bisect_mean_s=0.004 exact_polish_mean_s=0.148 exact_final_mean_s=0.041 exact_margin_abs_b_max=nan cache_hits=0 cache_misses=0 cache_waits=0
121	2500 	596.778	893.115    	1298.56    	253.285	24 	90.1972	335	68.1663
Best individuals of this generation:
add(add(add(mul(x1, aq(mul(x2, x4), mul(mul(a, mul(x1, x1)), mul(x2, x2)))), add(add(add(add(mul(a, sub(mul(x3, x3), mul(x4, x3))), mul(exp(a), mul(x1, x1))), mul(a, mul(x1, x3))), mul(exp(x1), mul(x1, mul(x1, exp(x3))))), mul(a, mul(x2, x2)))), add(add(add(add(add(add(mul(a, mul(x1, x1)), mul(exp(a), mul(x1, x1))), mul(x2, mul(x1, x3))), sub(a, mul(x1, mul(x2, x2)))), mul(a, mul(x2, x2))), mul(add(add(add(a, add(a, mul(x2, x2))), mul(exp(x4), exp(a))), mul(add(x1, a), mul(mul(exp(a), mul(x1, x1)), x4))), mul(x2, x2))), mul(add(add(add(mul(a, sub(mul(x3, x3), mul(x4, x3))), mul(exp(a), mul(x1, x1))), mul(a, sub(x1, a))), mul(a, mul(aq(x2, add(sub(sub(sub(mul(a, x3), x1), sub(x2, a)), sub(x3, a)), sin(exp(x3)))), x4))), mul(aq(sub(exp(x1), exp(x3)), add(exp(a), sub(x3, a))), x4)))), mul(x1, x2))
GPU5 stages: candidates=2500 pre_s=21.884 cheap_candidates=1766 cheap_unique=1766 cheap_s=26.090/40.000 cheap_rejected=138 cheap_a_min=-3.20728106997 cheap_a_p50=3.55496048311e-05 cheap_a_p95=0.384655711926 cheap_a_max=495.083226464 exact_a_gate=0.15 exact_provisional_penalty=3928.17976309 exact_candidates=1628 exact_unique=1628 full_exact_enabled=1 exact_capacity=1200 exact_waves=134 exact_scheduled=1200 exact_deferred=427 exact_wave=1200/1200 exact_queue_depth=0 exact_pending_instances=427 exact_s=171.173 exact_ok=1200 exact_margin_max=69.1652992565 exact_scan_mean_s=0.042 exact_bisect_mean_s=0.003 exact_polish_mean_s=0.153 exact_final_mean_s=0.033 exact_margin_abs_b_max=nan cache_hits=0 cache_misses=0 cache_waits=0
122	2500 	596.548	892.772    	1298.27    	253.276	24 	91.0136	335	69.8182
Best individuals of this generation:
add(add(add(mul(x1, aq(mul(x2, x4), mul(x2, x2))), add(add(add(add(mul(a, sub(mul(x3, x3), mul(x4, x3))), mul(exp(a), mul(x1, x1))), mul(a, mul(x1, x3))), mul(exp(x1), mul(x1, mul(x1, exp(x3))))), mul(a, mul(x2, x2)))), add(add(add(add(add(add(mul(a, mul(x1, x1)), mul(exp(a), mul(x1, x1))), mul(x2, mul(x1, x3))), sub(a, mul(x1, mul(x2, x2)))), mul(a, mul(x2, x2))), mul(add(add(add(a, add(a, mul(x2, x2))), mul(exp(x4), exp(a))), mul(add(x1, mul(a, mul(add(mul(add(mul(add(mul(a, x2), exp(x1)), mul(x2, x3)), mul(a, mul(x3, x3))), x2), mul(a, mul(x1, x3))), x4))), mul(mul(exp(a), mul(x1, x1)), x4))), mul(x2, x2))), mul(add(add(add(mul(a, sub(mul(x3, x3), mul(x4, x3))), mul(exp(a), mul(x1, x1))), mul(a, sub(x1, a))), mul(a, mul(aq(x2, add(sub(sub(sub(mul(a, x3), x1), sub(x2, a)), sub(x3, exp(x3))), sin(exp(x3)))), mul(x4, x3)))), mul(aq(sub(exp(x1), exp(x3)), add(exp(a), sub(x3, a))), x4)))), mul(x1, x2))
GPU5 stages: candidates=2500 pre_s=21.867 cheap_candidates=1767 cheap_unique=1766 cheap_s=26.397/40.000 cheap_rejected=139 cheap_a_min=-0.0710516132999 cheap_a_p50=3.50210433649e-05 cheap_a_p95=0.493951010707 cheap_a_max=760.274798485 exact_a_gate=0.15 exact_provisional_penalty=3928.17976309 exact_candidates=1628 exact_unique=1627 full_exact_enabled=1 exact_capacity=1200 exact_waves=134 exact_scheduled=1200 exact_deferred=425 exact_wave=1200/1200 exact_queue_depth=0 exact_pending_instances=425 exact_s=165.787 exact_ok=1200 exact_margin_max=0.161535771288 exact_scan_mean_s=0.043 exact_bisect_mean_s=0.004 exact_polish_mean_s=0.157 exact_final_mean_s=0.043 exact_margin_abs_b_max=nan cache_hits=0 cache_misses=0 cache_waits=0
123	2500 	596.548	892.453    	1298.01    	253.31 	24 	92.2276	377	72.2956
Best individuals of this generation:
add(add(add(mul(x1, aq(mul(x2, x4), mul(x2, x2))), add(add(add(add(mul(a, sub(mul(x3, x3), mul(x4, x3))), mul(exp(a), mul(x1, x1))), mul(a, mul(x1, x3))), mul(exp(x1), mul(x1, mul(x1, exp(x3))))), mul(a, mul(x2, x2)))), add(add(add(add(add(add(mul(a, mul(x1, x1)), mul(exp(a), mul(x1, x1))), mul(x2, mul(x1, x3))), sub(a, mul(x1, mul(x2, x2)))), mul(a, mul(x2, x2))), mul(add(add(add(a, add(a, mul(x2, x2))), mul(exp(x4), exp(a))), mul(add(x1, mul(a, mul(add(mul(add(mul(add(mul(a, x2), exp(x1)), mul(x2, x3)), mul(a, mul(x3, x3))), x2), mul(a, mul(x1, x3))), x4))), mul(mul(exp(a), mul(x1, x1)), x4))), mul(x2, x2))), mul(add(add(add(mul(a, sub(mul(x3, x3), mul(x4, x3))), mul(exp(a), mul(x1, x1))), mul(a, sub(x1, a))), mul(a, mul(aq(x2, add(sub(sub(sub(mul(a, x3), x1), sub(x2, a)), sub(x3, exp(x3))), sin(exp(x3)))), mul(x4, x3)))), mul(aq(sub(exp(x1), exp(x3)), add(exp(a), sub(x3, a))), x4)))), mul(x1, x2))
GPU5 stages: candidates=2500 pre_s=22.035 cheap_candidates=1727 cheap_unique=1727 cheap_s=24.945/40.000 cheap_rejected=142 cheap_a_min=-0.108095488686 cheap_a_p50=4.01605381658e-05 cheap_a_p95=0.969320708503 cheap_a_max=1118.23212131 exact_a_gate=0.15 exact_provisional_penalty=3928.17976309 exact_candidates=1585 exact_unique=1585 full_exact_enabled=1 exact_capacity=1200 exact_waves=134 exact_scheduled=1200 exact_deferred=383 exact_wave=1200/1200 exact_queue_depth=0 exact_pending_instances=383 exact_s=171.551 exact_ok=1200 exact_margin_max=0.300247494605 exact_scan_mean_s=0.041 exact_bisect_mean_s=0.003 exact_polish_mean_s=0.161 exact_final_mean_s=0.035 exact_margin_abs_b_max=nan cache_hits=0 cache_misses=0 cache_waits=0
124	2500 	596.548	892.222    	1297.8     	253.367	24 	92.5508	377	72.9593
Best individuals of this generation:
add(add(add(mul(x1, aq(mul(x2, x4), mul(x2, x2))), add(add(add(add(mul(a, sub(mul(x3, x3), mul(x4, x3))), mul(exp(a), mul(x1, x1))), mul(a, mul(x1, x3))), mul(exp(x1), mul(x1, mul(x1, exp(x3))))), mul(a, mul(x2, x2)))), add(add(add(add(add(add(mul(a, mul(x1, x1)), mul(exp(a), mul(x1, x1))), mul(x2, mul(x1, x3))), sub(a, mul(x1, mul(x2, x2)))), mul(a, mul(x2, x2))), mul(add(add(add(a, add(a, mul(x2, x2))), mul(exp(x4), exp(a))), mul(add(x1, mul(a, mul(add(mul(add(mul(add(mul(a, x2), exp(x1)), mul(x2, x3)), mul(a, mul(x3, x3))), x2), mul(a, mul(x1, x3))), x4))), mul(mul(exp(a), mul(x1, x1)), x4))), mul(x2, x2))), mul(add(add(add(mul(a, sub(mul(x3, x3), mul(x4, x3))), mul(exp(a), mul(x1, x1))), mul(a, sub(x1, a))), mul(a, mul(aq(x2, add(sub(sub(sub(mul(a, x3), x1), sub(x2, a)), sub(x3, exp(x3))), sin(exp(x3)))), mul(x4, x3)))), mul(aq(sub(exp(x1), exp(x3)), add(exp(a), sub(x3, a))), x4)))), mul(x1, x2))
GPU5 stages: candidates=2500 pre_s=21.921 cheap_candidates=1741 cheap_unique=1740 cheap_s=26.480/40.000 cheap_rejected=164 cheap_a_min=-0.0477953561606 cheap_a_p50=7.63547622829e-05 cheap_a_p95=1.15055298957 cheap_a_max=766.080881515 exact_a_gate=0.15 exact_provisional_penalty=3928.17976309 exact_candidates=1577 exact_unique=1576 full_exact_enabled=1 exact_capacity=1200 exact_waves=134 exact_scheduled=1200 exact_deferred=373 exact_wave=1200/1200 exact_queue_depth=0 exact_pending_instances=374 exact_s=169.373 exact_ok=1200 exact_margin_max=9.25624114682 exact_scan_mean_s=0.041 exact_bisect_mean_s=0.003 exact_polish_mean_s=0.159 exact_final_mean_s=0.042 exact_margin_abs_b_max=nan cache_hits=0 cache_misses=0 cache_waits=0
125	2500 	596.548	891.918    	1297.64    	253.408	24 	93.3672	377	74.4202
Best individuals of this generation:
add(add(add(mul(x1, aq(mul(x2, x4), mul(x2, x2))), add(add(add(add(mul(a, sub(mul(x3, x3), mul(x4, x3))), mul(exp(a), mul(x1, x1))), mul(a, mul(x1, x3))), mul(exp(x1), mul(x1, mul(x1, exp(x3))))), mul(a, mul(x2, x2)))), add(add(add(add(add(add(mul(a, mul(x1, x1)), mul(exp(a), mul(x1, x1))), mul(x2, mul(x1, x3))), sub(a, mul(x1, mul(x2, x2)))), mul(a, mul(x2, x2))), mul(add(add(add(a, add(a, mul(x2, x2))), mul(exp(x4), exp(a))), mul(add(x1, mul(a, mul(add(mul(add(mul(add(mul(a, x2), exp(x1)), mul(x2, x3)), mul(a, mul(x3, x3))), x2), mul(a, mul(x1, x3))), x4))), mul(mul(exp(a), mul(x1, x1)), x4))), mul(x2, x2))), mul(add(add(add(mul(a, sub(mul(x3, x3), mul(x4, x3))), mul(exp(a), mul(x1, x1))), mul(a, sub(x1, a))), mul(a, mul(aq(x2, add(sub(sub(sub(mul(a, x3), x1), sub(x2, a)), sub(x3, exp(x3))), sin(exp(x3)))), mul(x4, x3)))), mul(aq(sub(exp(x1), exp(x3)), add(exp(a), sub(x3, a))), x4)))), mul(x1, x2))
GPU5 stages: candidates=2500 pre_s=21.982 cheap_candidates=1775 cheap_unique=1775 cheap_s=25.674/40.000 cheap_rejected=139 cheap_a_min=-0.0588904459713 cheap_a_p50=2.39911780446e-05 cheap_a_p95=0.82450137133 cheap_a_max=928.175752005 exact_a_gate=0.15 exact_provisional_penalty=3928.17976309 exact_candidates=1636 exact_unique=1636 full_exact_enabled=1 exact_capacity=1200 exact_waves=134 exact_scheduled=1200 exact_deferred=434 exact_wave=1200/1200 exact_queue_depth=0 exact_pending_instances=434 exact_s=171.039 exact_ok=1200 exact_margin_max=27.255150254 exact_scan_mean_s=0.041 exact_bisect_mean_s=0.004 exact_polish_mean_s=0.145 exact_final_mean_s=0.047 exact_margin_abs_b_max=nan cache_hits=0 cache_misses=0 cache_waits=0
126	2500 	596.548	891.501    	1297.27    	253.328	24 	94.4028	337	76.4083
Best individuals of this generation:
add(add(add(mul(x1, aq(mul(x2, x4), mul(x2, x2))), add(add(add(add(mul(a, sub(mul(x3, x3), mul(x4, x3))), mul(exp(a), mul(x1, x1))), mul(a, mul(x1, x3))), mul(exp(x1), mul(x1, mul(x1, exp(x3))))), mul(a, mul(x2, x2)))), add(add(add(add(add(add(mul(a, mul(x1, x1)), mul(exp(a), mul(x1, x1))), mul(x2, mul(x1, x3))), sub(a, mul(x1, mul(x2, x2)))), mul(a, mul(x2, x2))), mul(add(add(add(a, add(a, mul(x2, x2))), mul(exp(x4), exp(a))), mul(add(x1, mul(a, mul(add(mul(add(mul(add(mul(a, x2), exp(x1)), mul(x2, x3)), mul(a, mul(x3, x3))), x2), mul(a, mul(x1, x3))), x4))), mul(mul(exp(a), mul(x1, x1)), x4))), mul(x2, x2))), mul(add(add(add(mul(a, sub(mul(x3, x3), mul(x4, x3))), mul(exp(a), mul(x1, x1))), mul(a, sub(x1, a))), mul(a, mul(aq(x2, add(sub(sub(sub(mul(a, x3), x1), sub(x2, a)), sub(x3, exp(x3))), sin(exp(x3)))), mul(x4, x3)))), mul(aq(sub(exp(x1), exp(x3)), add(exp(a), sub(x3, a))), x4)))), mul(x1, x2))
GPU5 stages: candidates=2500 pre_s=22.047 cheap_candidates=1758 cheap_unique=1757 cheap_s=26.045/40.000 cheap_rejected=137 cheap_a_min=-61.1431500952 cheap_a_p50=2.04542688577e-05 cheap_a_p95=0.615934716385 cheap_a_max=1917.40345322 exact_a_gate=0.15 exact_provisional_penalty=3928.17976309 exact_candidates=1621 exact_unique=1620 full_exact_enabled=1 exact_capacity=1200 exact_waves=134 exact_scheduled=1200 exact_deferred=417 exact_wave=1200/1200 exact_queue_depth=0 exact_pending_instances=417 exact_s=168.767 exact_ok=1200 exact_margin_max=17.5054713586 exact_scan_mean_s=0.042 exact_bisect_mean_s=0.006 exact_polish_mean_s=0.153 exact_final_mean_s=0.043 exact_margin_abs_b_max=nan cache_hits=0 cache_misses=0 cache_waits=0
127	2500 	596.548	891.014    	1296.93    	253.137	24 	95.1272	340	77.4906
Best individuals of this generation:
add(add(add(mul(x1, aq(mul(x2, x4), mul(x2, x2))), add(add(add(add(mul(a, sub(mul(x3, x3), mul(x4, x3))), mul(exp(a), mul(x1, x1))), mul(a, mul(x1, x3))), mul(exp(x1), mul(x1, mul(x1, exp(x3))))), mul(a, mul(x2, x2)))), add(add(add(add(add(add(mul(a, mul(x1, x1)), mul(exp(a), mul(x1, x1))), mul(x2, mul(x1, x3))), sub(a, mul(x1, mul(x2, x2)))), mul(a, mul(x2, x2))), mul(add(add(add(a, add(a, mul(x2, x2))), mul(exp(x4), exp(a))), mul(add(x1, mul(a, mul(add(mul(add(mul(add(mul(a, x2), exp(x1)), mul(x2, x3)), mul(a, mul(x3, x3))), x2), mul(a, mul(x1, x3))), x4))), mul(mul(exp(a), mul(x1, x1)), x4))), mul(x2, x2))), mul(add(add(add(mul(a, sub(mul(x3, x3), mul(x4, x3))), mul(exp(a), mul(x1, x1))), mul(a, sub(x1, a))), mul(a, mul(aq(x2, add(sub(sub(sub(mul(a, x3), x1), sub(x2, a)), sub(x3, exp(x3))), sin(exp(x3)))), mul(x4, x3)))), mul(aq(sub(exp(x1), exp(x3)), add(exp(a), sub(x3, a))), x4)))), mul(x1, x2))
GPU5 stages: candidates=2500 pre_s=21.944 cheap_candidates=1731 cheap_unique=1731 cheap_s=26.081/40.000 cheap_rejected=153 cheap_a_min=-156.397570208 cheap_a_p50=2.7590152263e-05 cheap_a_p95=1.00464157722 cheap_a_max=2112.24975945 exact_a_gate=0.15 exact_provisional_penalty=3928.17976309 exact_candidates=1578 exact_unique=1578 full_exact_enabled=1 exact_capacity=1200 exact_waves=134 exact_scheduled=1200 exact_deferred=376 exact_wave=1200/1200 exact_queue_depth=0 exact_pending_instances=376 exact_s=177.053 exact_ok=1200 exact_margin_max=2.55648622841 exact_scan_mean_s=0.041 exact_bisect_mean_s=0.004 exact_polish_mean_s=0.156 exact_final_mean_s=0.037 exact_margin_abs_b_max=nan cache_hits=0 cache_misses=0 cache_waits=0
128	2500 	595.626	890.709    	1296.55    	252.989	24 	96.1348	340	79.1103
Best individuals of this generation:
add(add(add(mul(x1, aq(x2, a)), add(add(add(add(mul(a, sub(mul(x3, x3), mul(x4, x3))), mul(exp(a), mul(x1, x1))), mul(a, mul(x1, x3))), mul(exp(x2), mul(x1, mul(x1, exp(x3))))), mul(a, mul(x2, x2)))), add(add(add(add(add(add(mul(a, mul(x1, x1)), mul(exp(a), mul(x1, x1))), mul(x2, mul(x1, x3))), sub(a, mul(x1, x1))), mul(a, mul(x2, x2))), mul(add(add(add(mul(x1, x1), add(a, mul(x2, x2))), mul(mul(a, mul(x1, x2)), exp(a))), mul(add(add(mul(add(x4, x1), mul(x2, x4)), mul(mul(x1, x1), sub(x1, a))), mul(a, mul(add(mul(add(mul(a, x2), mul(x1, x2)), mul(x2, x3)), mul(a, mul(exp(aq(x1, x2)), x3))), x3))), mul(aq(sub(exp(x1), add(x4, a)), add(exp(a), sub(x3, a))), x4))), mul(x2, x2))), add(add(add(add(add(add(mul(a, mul(x1, x1)), mul(exp(a), mul(x1, x1))), mul(x2, mul(x1, x3))), sub(a, mul(x1, mul(x2, x2)))), mul(mul(x2, x3), mul(x2, x4))), mul(add(add(add(mul(x1, x1), add(a, mul(x2, x2))), mul(x1, x2)), a), mul(x2, x2))), mul(add(add(x2, mul(a, sub(x1, a))), mul(mul(exp(x1), mul(x1, mul(x1, exp(x3)))), mul(aq(x2, add(sub(sub(sub(mul(a, x3), x1), sub(x2, a)), sub(x3, a)), sin(exp(x3)))), x4))), mul(aq(sub(exp(x1), exp(x3)), add(exp(a), sub(x3, a))), x4))))), mul(x1, x2))
GPU5 stages: candidates=2500 pre_s=22.254 cheap_candidates=1761 cheap_unique=1761 cheap_s=26.185/40.000 cheap_rejected=145 cheap_a_min=-0.0960154753204 cheap_a_p50=2.34506291249e-05 cheap_a_p95=1.00836098892 cheap_a_max=876.986577028 exact_a_gate=0.15 exact_provisional_penalty=3928.17976309 exact_candidates=1616 exact_unique=1616 full_exact_enabled=1 exact_capacity=1200 exact_waves=134 exact_scheduled=1200 exact_deferred=414 exact_wave=1200/1200 exact_queue_depth=0 exact_pending_instances=414 exact_s=169.319 exact_ok=1200 exact_margin_max=13.2991854991 exact_scan_mean_s=0.041 exact_bisect_mean_s=0.004 exact_polish_mean_s=0.152 exact_final_mean_s=0.041 exact_margin_abs_b_max=nan cache_hits=0 cache_misses=0 cache_waits=0
129	2500 	595.626	890.349    	1296.35    	252.954	24 	95.1892	340	76.8102
Best individuals of this generation:
add(add(add(mul(x1, aq(x2, a)), add(add(add(add(mul(a, sub(mul(x3, x3), mul(x4, x3))), mul(exp(a), mul(x1, x1))), mul(a, mul(x1, x3))), mul(exp(x2), mul(x1, mul(x1, exp(x3))))), mul(a, mul(x2, x2)))), add(add(add(add(add(add(mul(a, mul(x1, x1)), mul(exp(a), mul(x1, x1))), mul(x2, mul(x1, x3))), sub(a, mul(x1, x1))), mul(a, mul(x2, x2))), mul(add(add(add(mul(x1, x1), add(a, mul(x2, x2))), mul(mul(a, mul(x1, x2)), exp(a))), mul(add(add(mul(add(x4, x1), mul(x2, x4)), mul(mul(x1, x1), sub(x1, a))), mul(a, mul(add(mul(add(mul(a, x2), mul(x1, x2)), mul(x2, x3)), mul(a, mul(exp(aq(x1, x2)), x3))), x3))), mul(aq(sub(exp(x1), add(x4, a)), add(exp(a), sub(x3, a))), x4))), mul(x2, x2))), add(add(add(add(add(add(mul(a, mul(x1, x1)), mul(exp(a), mul(x1, x1))), mul(x2, mul(x1, x3))), sub(a, mul(x1, mul(x2, x2)))), mul(mul(x2, x3), mul(x2, x4))), mul(add(add(add(mul(x1, x1), add(a, mul(x2, x2))), mul(x1, x2)), a), mul(x2, x2))), mul(add(add(x2, mul(a, sub(x1, a))), mul(mul(exp(x1), mul(x1, mul(x1, exp(x3)))), mul(aq(x2, add(sub(sub(sub(mul(a, x3), x1), sub(x2, a)), sub(x3, a)), sin(exp(x3)))), x4))), mul(aq(sub(exp(x1), exp(x3)), add(exp(a), sub(x3, a))), x4))))), mul(x1, x2))
GPU5 stages: candidates=2500 pre_s=22.017 cheap_candidates=1724 cheap_unique=1724 cheap_s=25.657/40.000 cheap_rejected=150 cheap_a_min=-500.013332909 cheap_a_p50=4.85747166592e-05 cheap_a_p95=1.2244545386 cheap_a_max=446.313132095 exact_a_gate=0.15 exact_provisional_penalty=3928.17976309 exact_candidates=1574 exact_unique=1574 full_exact_enabled=1 exact_capacity=1200 exact_waves=134 exact_scheduled=1200 exact_deferred=369 exact_wave=1200/1200 exact_queue_depth=0 exact_pending_instances=369 exact_s=169.752 exact_ok=1200 exact_margin_max=35.8830637966 exact_scan_mean_s=0.040 exact_bisect_mean_s=0.004 exact_polish_mean_s=0.153 exact_final_mean_s=0.037 exact_margin_abs_b_max=nan cache_hits=0 cache_misses=0 cache_waits=0
130	2500 	595.626	890.035    	1296.12    	252.875	24 	94.0952	338	74.494 
Best individuals of this generation:
add(add(add(mul(x1, aq(x2, a)), add(add(add(add(mul(a, sub(mul(x3, x3), mul(x4, x3))), mul(exp(a), mul(x1, x1))), mul(a, mul(x1, x3))), mul(exp(x2), mul(x1, mul(x1, exp(x3))))), mul(a, mul(x2, x2)))), add(add(add(add(add(add(mul(a, mul(x1, x1)), mul(exp(a), mul(x1, x1))), mul(x2, mul(x1, x3))), sub(a, mul(x1, x1))), mul(a, mul(x2, x2))), mul(add(add(add(mul(x1, x1), add(a, mul(x2, x2))), mul(mul(a, mul(x1, x2)), exp(a))), mul(add(add(mul(add(x4, x1), mul(x2, x4)), mul(mul(x1, x1), sub(x1, a))), mul(a, mul(add(mul(add(mul(a, x2), mul(x1, x2)), mul(x2, x3)), mul(a, mul(exp(aq(x1, x2)), x3))), x3))), mul(aq(sub(exp(x1), add(x4, a)), add(exp(a), sub(x3, a))), x4))), mul(x2, x2))), add(add(add(add(add(add(mul(a, mul(x1, x1)), mul(exp(a), mul(x1, x1))), mul(x2, mul(x1, x3))), sub(a, mul(x1, mul(x2, x2)))), mul(mul(x2, x3), mul(x2, x4))), mul(add(add(add(mul(x1, x1), add(a, mul(x2, x2))), mul(x1, x2)), a), mul(x2, x2))), mul(add(add(x2, mul(a, sub(x1, a))), mul(mul(exp(x1), mul(x1, mul(x1, exp(x3)))), mul(aq(x2, add(sub(sub(sub(mul(a, x3), x1), sub(x2, a)), sub(x3, a)), sin(exp(x3)))), x4))), mul(aq(sub(exp(x1), exp(x3)), add(exp(a), sub(x3, a))), x4))))), mul(x1, x2))
GPU5 stages: candidates=2500 pre_s=22.118 cheap_candidates=1731 cheap_unique=1731 cheap_s=25.440/40.000 cheap_rejected=145 cheap_a_min=-0.175641787286 cheap_a_p50=2.16114502322e-05 cheap_a_p95=0.579443195791 cheap_a_max=3270.91767255 exact_a_gate=0.15 exact_provisional_penalty=3928.17976309 exact_candidates=1586 exact_unique=1586 full_exact_enabled=1 exact_capacity=1200 exact_waves=134 exact_scheduled=1200 exact_deferred=384 exact_wave=1200/1200 exact_queue_depth=0 exact_pending_instances=384 exact_s=171.394 exact_ok=1200 exact_margin_max=1.67962310503 exact_scan_mean_s=0.043 exact_bisect_mean_s=0.005 exact_polish_mean_s=0.155 exact_final_mean_s=0.039 exact_margin_abs_b_max=nan cache_hits=0 cache_misses=0 cache_waits=0
131	2500 	595.626	889.694    	1295.67    	252.697	24 	93.8164	338	73.6165
Best individuals of this generation:
add(add(add(mul(x1, aq(x2, a)), add(add(add(add(mul(a, sub(mul(x3, x3), mul(x4, x3))), mul(exp(a), mul(x1, x1))), mul(a, mul(x1, x3))), mul(exp(x2), mul(x1, mul(x1, exp(x3))))), mul(a, mul(x2, x2)))), add(add(add(add(add(add(mul(a, mul(x1, x1)), mul(exp(a), mul(x1, x1))), mul(x2, mul(x1, x3))), sub(a, mul(x1, x1))), mul(a, mul(x2, x2))), mul(add(add(add(mul(x1, x1), add(a, mul(x2, x2))), mul(mul(a, mul(x1, x2)), exp(a))), mul(add(add(mul(add(x4, x1), mul(x2, x4)), mul(mul(x1, x1), sub(x1, a))), mul(a, mul(add(mul(add(mul(a, x2), mul(x1, x2)), mul(x2, x3)), mul(a, mul(exp(aq(x1, x2)), x3))), x3))), mul(aq(sub(exp(x1), add(x4, a)), add(exp(a), sub(x3, a))), x4))), mul(x2, x2))), add(add(add(add(add(add(mul(a, mul(x1, x1)), mul(exp(a), mul(x1, x1))), mul(x2, mul(x1, x3))), sub(a, mul(x1, mul(x2, x2)))), mul(mul(x2, x3), mul(x2, x4))), mul(add(add(add(mul(x1, x1), add(a, mul(x2, x2))), mul(x1, x2)), a), mul(x2, x2))), mul(add(add(x2, mul(a, sub(x1, a))), mul(mul(exp(x1), mul(x1, mul(x1, exp(x3)))), mul(aq(x2, add(sub(sub(sub(mul(a, x3), x1), sub(x2, a)), sub(x3, a)), sin(exp(x3)))), x4))), mul(aq(sub(exp(x1), exp(x3)), add(exp(a), sub(x3, a))), x4))))), mul(x1, x2))
GPU5 stages: candidates=2500 pre_s=21.699 cheap_candidates=1722 cheap_unique=1720 cheap_s=25.134/40.000 cheap_rejected=143 cheap_a_min=-0.270192102325 cheap_a_p50=2.54700295972e-05 cheap_a_p95=0.828988681578 cheap_a_max=1035.72192852 exact_a_gate=0.15 exact_provisional_penalty=3928.17976309 exact_candidates=1579 exact_unique=1577 full_exact_enabled=1 exact_capacity=1200 exact_waves=134 exact_scheduled=1200 exact_deferred=373 exact_wave=1200/1200 exact_queue_depth=0 exact_pending_instances=373 exact_s=168.311 exact_ok=1200 exact_margin_max=2.38960623846 exact_scan_mean_s=0.042 exact_bisect_mean_s=0.003 exact_polish_mean_s=0.153 exact_final_mean_s=0.034 exact_margin_abs_b_max=nan cache_hits=0 cache_misses=0 cache_waits=0
132	2500 	595.626	889.336    	1295.34    	252.544	24 	93.118 	338	72.0628
Best individuals of this generation:
add(add(add(mul(x1, aq(x2, a)), add(add(add(add(mul(a, sub(mul(x3, x3), mul(x4, x3))), mul(exp(a), mul(x1, x1))), mul(a, mul(x1, x3))), mul(exp(x2), mul(x1, mul(x1, exp(x3))))), mul(a, mul(x2, x2)))), add(add(add(add(add(add(mul(a, mul(x1, x1)), mul(exp(a), mul(x1, x1))), mul(x2, mul(x1, x3))), sub(a, mul(x1, x1))), mul(a, mul(x2, x2))), mul(add(add(add(mul(x1, x1), add(a, mul(x2, x2))), mul(mul(a, mul(x1, x2)), exp(a))), mul(add(add(mul(add(x4, x1), mul(x2, x4)), mul(mul(x1, x1), sub(x1, a))), mul(a, mul(add(mul(add(mul(a, x2), mul(x1, x2)), mul(x2, x3)), mul(a, mul(exp(aq(x1, x2)), x3))), x3))), mul(aq(sub(exp(x1), add(x4, a)), add(exp(a), sub(x3, a))), x4))), mul(x2, x2))), add(add(add(add(add(add(mul(a, mul(x1, x1)), mul(exp(a), mul(x1, x1))), mul(x2, mul(x1, x3))), sub(a, mul(x1, mul(x2, x2)))), mul(mul(x2, x3), mul(x2, x4))), mul(add(add(add(mul(x1, x1), add(a, mul(x2, x2))), mul(x1, x2)), a), mul(x2, x2))), mul(add(add(x2, mul(a, sub(x1, a))), mul(mul(exp(x1), mul(x1, mul(x1, exp(x3)))), mul(aq(x2, add(sub(sub(sub(mul(a, x3), x1), sub(x2, a)), sub(x3, a)), sin(exp(x3)))), x4))), mul(aq(sub(exp(x1), exp(x3)), add(exp(a), sub(x3, a))), x4))))), mul(x1, x2))
GPU5 stages: candidates=2500 pre_s=22.179 cheap_candidates=1742 cheap_unique=1741 cheap_s=27.024/40.000 cheap_rejected=159 cheap_a_min=-255.574672317 cheap_a_p50=5.54626071462e-05 cheap_a_p95=0.681893170077 cheap_a_max=2008.96797445 exact_a_gate=0.15 exact_provisional_penalty=5887.28966061 exact_candidates=1583 exact_unique=1582 full_exact_enabled=1 exact_capacity=1200 exact_waves=134 exact_scheduled=1200 exact_deferred=378 exact_wave=1200/1200 exact_queue_depth=0 exact_pending_instances=378 exact_s=170.749 exact_ok=1200 exact_margin_max=1.39288231415 exact_scan_mean_s=0.041 exact_bisect_mean_s=0.004 exact_polish_mean_s=0.159 exact_final_mean_s=0.037 exact_margin_abs_b_max=nan cache_hits=0 cache_misses=0 cache_waits=0
133	2500 	595.626	888.979    	1294.95    	252.421	24 	92.9296	338	71.6847
Best individuals of this generation:
add(add(add(mul(x1, aq(x2, a)), add(add(add(add(mul(a, sub(mul(x3, x3), mul(x4, x3))), mul(exp(a), mul(x1, x1))), mul(a, mul(x1, x3))), mul(exp(x2), mul(x1, mul(x1, exp(x3))))), mul(a, mul(x2, x2)))), add(add(add(add(add(add(mul(a, mul(x1, x1)), mul(exp(a), mul(x1, x1))), mul(x2, mul(x1, x3))), sub(a, mul(x1, x1))), mul(a, mul(x2, x2))), mul(add(add(add(mul(x1, x1), add(a, mul(x2, x2))), mul(mul(a, mul(x1, x2)), exp(a))), mul(add(add(mul(add(x4, x1), mul(x2, x4)), mul(mul(x1, x1), sub(x1, a))), mul(a, mul(add(mul(add(mul(a, x2), mul(x1, x2)), mul(x2, x3)), mul(a, mul(exp(aq(x1, x2)), x3))), x3))), mul(aq(sub(exp(x1), add(x4, a)), add(exp(a), sub(x3, a))), x4))), mul(x2, x2))), add(add(add(add(add(add(mul(a, mul(x1, x1)), mul(exp(a), mul(x1, x1))), mul(x2, mul(x1, x3))), sub(a, mul(x1, mul(x2, x2)))), mul(mul(x2, x3), mul(x2, x4))), mul(add(add(add(mul(x1, x1), add(a, mul(x2, x2))), mul(x1, x2)), a), mul(x2, x2))), mul(add(add(x2, mul(a, sub(x1, a))), mul(mul(exp(x1), mul(x1, mul(x1, exp(x3)))), mul(aq(x2, add(sub(sub(sub(mul(a, x3), x1), sub(x2, a)), sub(x3, a)), sin(exp(x3)))), x4))), mul(aq(sub(exp(x1), exp(x3)), add(exp(a), sub(x3, a))), x4))))), mul(x1, x2))
GPU5 stages: candidates=2500 pre_s=22.050 cheap_candidates=1739 cheap_unique=1739 cheap_s=25.719/40.000 cheap_rejected=145 cheap_a_min=-0.20011299943 cheap_a_p50=1.70567534319e-05 cheap_a_p95=0.76732605836 cheap_a_max=2938.31810223 exact_a_gate=0.15 exact_provisional_penalty=3928.17976309 exact_candidates=1594 exact_unique=1594 full_exact_enabled=1 exact_capacity=1200 exact_waves=134 exact_scheduled=1200 exact_deferred=392 exact_wave=1200/1200 exact_queue_depth=0 exact_pending_instances=392 exact_s=172.080 exact_ok=1200 exact_margin_max=306.880435965 exact_scan_mean_s=0.042 exact_bisect_mean_s=0.002 exact_polish_mean_s=0.153 exact_final_mean_s=0.035 exact_margin_abs_b_max=nan cache_hits=0 cache_misses=0 cache_waits=0
134	2500 	595.626	888.591    	1294.5     	252.279	24 	92.1772	338	70.1578
Best individuals of this generation:
add(add(add(mul(x1, aq(x2, a)), add(add(add(add(mul(a, sub(mul(x3, x3), mul(x4, x3))), mul(exp(a), mul(x1, x1))), mul(a, mul(x1, x3))), mul(exp(x2), mul(x1, mul(x1, exp(x3))))), mul(a, mul(x2, x2)))), add(add(add(add(add(add(mul(a, mul(x1, x1)), mul(exp(a), mul(x1, x1))), mul(x2, mul(x1, x3))), sub(a, mul(x1, x1))), mul(a, mul(x2, x2))), mul(add(add(add(mul(x1, x1), add(a, mul(x2, x2))), mul(mul(a, mul(x1, x2)), exp(a))), mul(add(add(mul(add(x4, x1), mul(x2, x4)), mul(mul(x1, x1), sub(x1, a))), mul(a, mul(add(mul(add(mul(a, x2), mul(x1, x2)), mul(x2, x3)), mul(a, mul(exp(aq(x1, x2)), x3))), x3))), mul(aq(sub(exp(x1), add(x4, a)), add(exp(a), sub(x3, a))), x4))), mul(x2, x2))), add(add(add(add(add(add(mul(a, mul(x1, x1)), mul(exp(a), mul(x1, x1))), mul(x2, mul(x1, x3))), sub(a, mul(x1, mul(x2, x2)))), mul(mul(x2, x3), mul(x2, x4))), mul(add(add(add(mul(x1, x1), add(a, mul(x2, x2))), mul(x1, x2)), a), mul(x2, x2))), mul(add(add(x2, mul(a, sub(x1, a))), mul(mul(exp(x1), mul(x1, mul(x1, exp(x3)))), mul(aq(x2, add(sub(sub(sub(mul(a, x3), x1), sub(x2, a)), sub(x3, a)), sin(exp(x3)))), x4))), mul(aq(sub(exp(x1), exp(x3)), add(exp(a), sub(x3, a))), x4))))), mul(x1, x2))
GPU5 stages: candidates=2500 pre_s=22.006 cheap_candidates=1716 cheap_unique=1716 cheap_s=25.573/40.000 cheap_rejected=159 cheap_a_min=-0.085660041514 cheap_a_p50=3.17405322841e-05 cheap_a_p95=0.757114846827 cheap_a_max=607.729280235 exact_a_gate=0.15 exact_provisional_penalty=3928.17976309 exact_candidates=1557 exact_unique=1557 full_exact_enabled=1 exact_capacity=1200 exact_waves=134 exact_scheduled=1200 exact_deferred=355 exact_wave=1200/1200 exact_queue_depth=0 exact_pending_instances=355 exact_s=172.078 exact_ok=1200 exact_margin_max=17.9544677809 exact_scan_mean_s=0.043 exact_bisect_mean_s=0.004 exact_polish_mean_s=0.154 exact_final_mean_s=0.035 exact_margin_abs_b_max=nan cache_hits=0 cache_misses=0 cache_waits=0
135	2500 	595.626	888.255    	1294.15    	252.204	24 	91.6884	330	69.1811
Best individuals of this generation:
add(add(add(mul(x1, aq(x2, a)), add(add(add(add(mul(a, sub(mul(x3, x3), mul(x4, x3))), mul(exp(a), mul(x1, x1))), mul(a, mul(x1, x3))), mul(exp(x2), mul(x1, mul(x1, exp(x3))))), mul(a, mul(x2, x2)))), add(add(add(add(add(add(mul(a, mul(x1, x1)), mul(exp(a), mul(x1, x1))), mul(x2, mul(x1, x3))), sub(a, mul(x1, x1))), mul(a, mul(x2, x2))), mul(add(add(add(mul(x1, x1), add(a, mul(x2, x2))), mul(mul(a, mul(x1, x2)), exp(a))), mul(add(add(mul(add(x4, x1), mul(x2, x4)), mul(mul(x1, x1), sub(x1, a))), mul(a, mul(add(mul(add(mul(a, x2), mul(x1, x2)), mul(x2, x3)), mul(a, mul(exp(aq(x1, x2)), x3))), x3))), mul(aq(sub(exp(x1), add(x4, a)), add(exp(a), sub(x3, a))), x4))), mul(x2, x2))), add(add(add(add(add(add(mul(a, mul(x1, x1)), mul(exp(a), mul(x1, x1))), mul(x2, mul(x1, x3))), sub(a, mul(x1, mul(x2, x2)))), mul(mul(x2, x3), mul(x2, x4))), mul(add(add(add(mul(x1, x1), add(a, mul(x2, x2))), mul(x1, x2)), a), mul(x2, x2))), mul(add(add(x2, mul(a, sub(x1, a))), mul(mul(exp(x1), mul(x1, mul(x1, exp(x3)))), mul(aq(x2, add(sub(sub(sub(mul(a, x3), x1), sub(x2, a)), sub(x3, a)), sin(exp(x3)))), x4))), mul(aq(sub(exp(x1), exp(x3)), add(exp(a), sub(x3, a))), x4))))), mul(x1, x2))
GPU5 stages: candidates=2500 pre_s=21.921 cheap_candidates=1753 cheap_unique=1753 cheap_s=26.377/40.000 cheap_rejected=138 cheap_a_min=-7.70431506686 cheap_a_p50=3.71945867288e-05 cheap_a_p95=0.588328886449 cheap_a_max=1169.94176505 exact_a_gate=0.15 exact_provisional_penalty=3928.17976309 exact_candidates=1615 exact_unique=1615 full_exact_enabled=1 exact_capacity=1200 exact_waves=134 exact_scheduled=1200 exact_deferred=413 exact_wave=1200/1200 exact_queue_depth=0 exact_pending_instances=413 exact_s=172.201 exact_ok=1200 exact_margin_max=133.537608333 exact_scan_mean_s=0.041 exact_bisect_mean_s=0.003 exact_polish_mean_s=0.167 exact_final_mean_s=0.043 exact_margin_abs_b_max=nan cache_hits=0 cache_misses=0 cache_waits=0
136	2500 	595.626	887.94     	1293.82    	252.081	24 	91.5192	330	68.9702
Best individuals of this generation:
add(add(add(mul(x1, aq(x2, a)), add(add(add(add(mul(a, sub(mul(x3, x3), mul(x4, x3))), mul(exp(a), mul(x1, x1))), mul(a, mul(x1, x3))), mul(exp(x2), mul(x1, mul(x1, exp(x3))))), mul(a, mul(x2, x2)))), add(add(add(add(add(add(mul(a, mul(x1, x1)), mul(exp(a), mul(x1, x1))), mul(x2, mul(x1, x3))), sub(a, mul(x1, x1))), mul(a, mul(x2, x2))), mul(add(add(add(mul(x1, x1), add(a, mul(x2, x2))), mul(mul(a, mul(x1, x2)), exp(a))), mul(add(add(mul(add(x4, x1), mul(x2, x4)), mul(mul(x1, x1), sub(x1, a))), mul(a, mul(add(mul(add(mul(a, x2), mul(x1, x2)), mul(x2, x3)), mul(a, mul(exp(aq(x1, x2)), x3))), x3))), mul(aq(sub(exp(x1), add(x4, a)), add(exp(a), sub(x3, a))), x4))), mul(x2, x2))), add(add(add(add(add(add(mul(a, mul(x1, x1)), mul(exp(a), mul(x1, x1))), mul(x2, mul(x1, x3))), sub(a, mul(x1, mul(x2, x2)))), mul(mul(x2, x3), mul(x2, x4))), mul(add(add(add(mul(x1, x1), add(a, mul(x2, x2))), mul(x1, x2)), a), mul(x2, x2))), mul(add(add(x2, mul(a, sub(x1, a))), mul(mul(exp(x1), mul(x1, mul(x1, exp(x3)))), mul(aq(x2, add(sub(sub(sub(mul(a, x3), x1), sub(x2, a)), sub(x3, a)), sin(exp(x3)))), x4))), mul(aq(sub(exp(x1), exp(x3)), add(exp(a), sub(x3, a))), x4))))), mul(x1, x2))
GPU5 stages: candidates=2500 pre_s=21.907 cheap_candidates=1701 cheap_unique=1701 cheap_s=25.198/40.000 cheap_rejected=151 cheap_a_min=-0.0756088846741 cheap_a_p50=5.90164778944e-05 cheap_a_p95=0.587368779893 cheap_a_max=31825.1984873 exact_a_gate=0.15 exact_provisional_penalty=3928.17976309 exact_candidates=1550 exact_unique=1550 full_exact_enabled=1 exact_capacity=1200 exact_waves=134 exact_scheduled=1200 exact_deferred=348 exact_wave=1200/1200 exact_queue_depth=0 exact_pending_instances=348 exact_s=167.997 exact_ok=1200 exact_margin_max=1.32776715937 exact_scan_mean_s=0.041 exact_bisect_mean_s=0.003 exact_polish_mean_s=0.157 exact_final_mean_s=0.032 exact_margin_abs_b_max=nan cache_hits=0 cache_misses=0 cache_waits=0
137	2500 	595.626	887.529    	1293.18    	251.937	24 	91.528 	330	69.2152
Best individuals of this generation:
add(add(add(mul(x1, aq(x2, a)), add(add(add(add(mul(a, sub(mul(x3, x3), mul(x4, x3))), mul(exp(a), mul(x1, x1))), mul(a, mul(x1, x3))), mul(exp(x2), mul(x1, mul(x1, exp(x3))))), mul(a, mul(x2, x2)))), add(add(add(add(add(add(mul(a, mul(x1, x1)), mul(exp(a), mul(x1, x1))), mul(x2, mul(x1, x3))), sub(a, mul(x1, x1))), mul(a, mul(x2, x2))), mul(add(add(add(mul(x1, x1), add(a, mul(x2, x2))), mul(mul(a, mul(x1, x2)), exp(a))), mul(add(add(mul(add(x4, x1), mul(x2, x4)), mul(mul(x1, x1), sub(x1, a))), mul(a, mul(add(mul(add(mul(a, x2), mul(x1, x2)), mul(x2, x3)), mul(a, mul(exp(aq(x1, x2)), x3))), x3))), mul(aq(sub(exp(x1), add(x4, a)), add(exp(a), sub(x3, a))), x4))), mul(x2, x2))), add(add(add(add(add(add(mul(a, mul(x1, x1)), mul(exp(a), mul(x1, x1))), mul(x2, mul(x1, x3))), sub(a, mul(x1, mul(x2, x2)))), mul(mul(x2, x3), mul(x2, x4))), mul(add(add(add(mul(x1, x1), add(a, mul(x2, x2))), mul(x1, x2)), a), mul(x2, x2))), mul(add(add(x2, mul(a, sub(x1, a))), mul(mul(exp(x1), mul(x1, mul(x1, exp(x3)))), mul(aq(x2, add(sub(sub(sub(mul(a, x3), x1), sub(x2, a)), sub(x3, a)), sin(exp(x3)))), x4))), mul(aq(sub(exp(x1), exp(x3)), add(exp(a), sub(x3, a))), x4))))), mul(x1, x2))
GPU5 stages: candidates=2500 pre_s=21.930 cheap_candidates=1692 cheap_unique=1692 cheap_s=25.270/40.000 cheap_rejected=141 cheap_a_min=-0.188903548957 cheap_a_p50=4.74031260405e-05 cheap_a_p95=0.443282546111 cheap_a_max=389.630065688 exact_a_gate=0.15 exact_provisional_penalty=3928.17976309 exact_candidates=1551 exact_unique=1551 full_exact_enabled=1 exact_capacity=1200 exact_waves=134 exact_scheduled=1200 exact_deferred=350 exact_wave=1200/1200 exact_queue_depth=0 exact_pending_instances=350 exact_s=167.807 exact_ok=1200 exact_margin_max=0.344515630977 exact_scan_mean_s=0.041 exact_bisect_mean_s=0.002 exact_polish_mean_s=0.153 exact_final_mean_s=0.039 exact_margin_abs_b_max=nan cache_hits=0 cache_misses=0 cache_waits=0
138	2500 	595.626	887.216    	1292.76    	251.811	24 	91.0512	330	68.5584
Best individuals of this generation:
add(add(add(mul(x1, aq(x2, a)), add(add(add(add(mul(a, sub(mul(x3, x3), mul(x4, x3))), mul(exp(a), mul(x1, x1))), mul(a, mul(x1, x3))), mul(exp(x2), mul(x1, mul(x1, exp(x3))))), mul(a, mul(x2, x2)))), add(add(add(add(add(add(mul(a, mul(x1, x1)), mul(exp(a), mul(x1, x1))), mul(x2, mul(x1, x3))), sub(a, mul(x1, x1))), mul(a, mul(x2, x2))), mul(add(add(add(mul(x1, x1), add(a, mul(x2, x2))), mul(mul(a, mul(x1, x2)), exp(a))), mul(add(add(mul(add(x4, x1), mul(x2, x4)), mul(mul(x1, x1), sub(x1, a))), mul(a, mul(add(mul(add(mul(a, x2), mul(x1, x2)), mul(x2, x3)), mul(a, mul(exp(aq(x1, x2)), x3))), x3))), mul(aq(sub(exp(x1), add(x4, a)), add(exp(a), sub(x3, a))), x4))), mul(x2, x2))), add(add(add(add(add(add(mul(a, mul(x1, x1)), mul(exp(a), mul(x1, x1))), mul(x2, mul(x1, x3))), sub(a, mul(x1, mul(x2, x2)))), mul(mul(x2, x3), mul(x2, x4))), mul(add(add(add(mul(x1, x1), add(a, mul(x2, x2))), mul(x1, x2)), a), mul(x2, x2))), mul(add(add(x2, mul(a, sub(x1, a))), mul(mul(exp(x1), mul(x1, mul(x1, exp(x3)))), mul(aq(x2, add(sub(sub(sub(mul(a, x3), x1), sub(x2, a)), sub(x3, a)), sin(exp(x3)))), x4))), mul(aq(sub(exp(x1), exp(x3)), add(exp(a), sub(x3, a))), x4))))), mul(x1, x2))
GPU5 stages: candidates=2500 pre_s=22.062 cheap_candidates=1715 cheap_unique=1714 cheap_s=26.402/40.000 cheap_rejected=151 cheap_a_min=-0.219258097172 cheap_a_p50=5.13689414209e-05 cheap_a_p95=0.510066527143 cheap_a_max=715.530824871 exact_a_gate=0.15 exact_provisional_penalty=3928.17976309 exact_candidates=1564 exact_unique=1563 full_exact_enabled=1 exact_capacity=1200 exact_waves=134 exact_scheduled=1200 exact_deferred=356 exact_wave=1200/1200 exact_queue_depth=0 exact_pending_instances=356 exact_s=174.287 exact_ok=1200 exact_margin_max=15.614072259 exact_scan_mean_s=0.042 exact_bisect_mean_s=0.004 exact_polish_mean_s=0.162 exact_final_mean_s=0.034 exact_margin_abs_b_max=nan cache_hits=0 cache_misses=0 cache_waits=0
139	2500 	595.33 	886.905    	1292.46    	251.822	24 	91.2104	330	69.0332
Best individuals of this generation:
add(add(add(mul(x1, aq(x1, a)), add(add(add(add(mul(a, sub(mul(x3, x3), mul(x4, x3))), mul(exp(a), mul(x1, x1))), mul(a, mul(x1, x3))), mul(exp(x2), mul(x1, mul(x1, exp(x3))))), add(add(add(add(add(mul(a, mul(x1, x1)), mul(exp(a), mul(x1, x1))), mul(x2, mul(x1, x3))), sub(a, mul(x1, mul(x2, x2)))), mul(a, mul(x2, x2))), mul(add(add(add(mul(x1, x1), add(a, mul(x2, x2))), mul(exp(x4), exp(a))), mul(add(x1, mul(a, mul(add(mul(add(mul(a, x2), mul(x1, x2)), sub(exp(x1), exp(x3))), mul(a, mul(x3, mul(x2, x2)))), x4))), mul(mul(exp(a), sin(x3)), x4))), mul(x2, x2))))), add(add(add(add(add(add(mul(a, mul(x1, x1)), mul(exp(a), mul(x1, x1))), mul(x2, mul(x1, x3))), sub(a, mul(x1, x1))), mul(a, mul(x1, x2))), mul(add(add(add(mul(x1, x1), add(a, mul(x1, x2))), mul(a, exp(a))), mul(add(sub(sub(sub(mul(a, x3), x1), sub(x2, a)), sub(x3, a)), sin(exp(x3))), mul(sub(exp(x1), exp(x3)), x4))), mul(x2, x2))), mul(add(add(x2, mul(a, sub(x1, a))), mul(a, mul(aq(x2, add(sub(exp(a), sub(x3, a)), sin(exp(x3)))), x4))), mul(aq(sub(exp(x1), exp(x3)), add(exp(a), sub(x3, a))), x4)))), mul(x1, x2))
GPU5 stages: candidates=2500 pre_s=21.749 cheap_candidates=1657 cheap_unique=1657 cheap_s=26.396/40.000 cheap_rejected=149 cheap_a_min=-0.116345906543 cheap_a_p50=7.95379541609e-05 cheap_a_p95=1.01745162704 cheap_a_max=681.06147769 exact_a_gate=0.15 exact_provisional_penalty=3928.17976309 exact_candidates=1508 exact_unique=1508 full_exact_enabled=1 exact_capacity=1200 exact_waves=134 exact_scheduled=1200 exact_deferred=306 exact_wave=1200/1200 exact_queue_depth=0 exact_pending_instances=306 exact_s=180.385 exact_ok=1200 exact_margin_max=0.311656217024 exact_scan_mean_s=0.041 exact_bisect_mean_s=0.005 exact_polish_mean_s=0.170 exact_final_mean_s=0.044 exact_margin_abs_b_max=nan cache_hits=0 cache_misses=0 cache_waits=0
140	2500 	595.33 	886.582    	1291.83    	251.723	24 	91.194 	330	68.9442
Best individuals of this generation:
add(add(add(mul(x1, aq(x1, a)), add(add(add(add(mul(a, sub(mul(x3, x3), mul(x4, x3))), mul(exp(a), mul(x1, x1))), mul(a, mul(x1, x3))), mul(exp(x2), mul(x1, mul(x1, exp(x3))))), add(add(add(add(add(mul(a, mul(x1, x1)), mul(exp(a), mul(x1, x1))), mul(x2, mul(x1, x3))), sub(a, mul(x1, mul(x2, x2)))), mul(a, mul(x2, x2))), mul(add(add(add(mul(x1, x1), add(a, mul(x2, x2))), mul(exp(x4), exp(a))), mul(add(x1, mul(a, mul(add(mul(add(mul(a, x2), mul(x1, x2)), sub(exp(x1), exp(x3))), mul(a, mul(x3, mul(x2, x2)))), x4))), mul(mul(exp(a), sin(x3)), x4))), mul(x2, x2))))), add(add(add(add(add(add(mul(a, mul(x1, x1)), mul(exp(a), mul(x1, x1))), mul(x2, mul(x1, x3))), sub(a, mul(x1, x1))), mul(a, mul(x1, x2))), mul(add(add(add(mul(x1, x1), add(a, mul(x1, x2))), mul(a, exp(a))), mul(add(sub(sub(sub(mul(a, x3), x1), sub(x2, a)), sub(x3, a)), sin(exp(x3))), mul(sub(exp(x1), exp(x3)), x4))), mul(x2, x2))), mul(add(add(x2, mul(a, sub(x1, a))), mul(a, mul(aq(x2, add(sub(exp(a), sub(x3, a)), sin(exp(x3)))), x4))), mul(aq(sub(exp(x1), exp(x3)), add(exp(a), sub(x3, a))), x4)))), mul(x1, x2))
GPU5 stages: candidates=2500 pre_s=21.867 cheap_candidates=1720 cheap_unique=1720 cheap_s=24.988/40.000 cheap_rejected=108 cheap_a_min=-0.0858114000626 cheap_a_p50=3.06426973546e-05 cheap_a_p95=0.237807789255 cheap_a_max=560.643125846 exact_a_gate=0.15 exact_provisional_penalty=3928.17976309 exact_candidates=1612 exact_unique=1612 full_exact_enabled=1 exact_capacity=1200 exact_waves=134 exact_scheduled=1200 exact_deferred=405 exact_wave=1200/1200 exact_queue_depth=0 exact_pending_instances=405 exact_s=173.967 exact_ok=1200 exact_margin_max=5.01658414446 exact_scan_mean_s=0.042 exact_bisect_mean_s=0.003 exact_polish_mean_s=0.157 exact_final_mean_s=0.041 exact_margin_abs_b_max=nan cache_hits=0 cache_misses=0 cache_waits=0
141	2500 	595.33 	886.309    	1291.63    	251.634	21 	91.2432	330	69.1593
Best individuals of this generation:
add(add(add(mul(x1, aq(x1, a)), add(add(add(add(mul(a, sub(mul(x3, x3), mul(x4, x3))), mul(exp(a), mul(x1, x1))), mul(a, mul(x1, x3))), mul(exp(x2), mul(x1, mul(x1, exp(x3))))), add(add(add(add(add(mul(a, mul(x1, x1)), mul(exp(a), mul(x1, x1))), mul(x2, mul(x1, x3))), sub(a, mul(x1, mul(x2, x2)))), mul(a, mul(x2, x2))), mul(add(add(add(mul(x1, x1), add(a, mul(x2, x2))), mul(exp(x4), exp(a))), mul(add(x1, mul(a, mul(add(mul(add(mul(a, x2), mul(x1, x2)), sub(exp(x1), exp(x3))), mul(a, mul(x3, mul(x2, x2)))), x4))), mul(mul(exp(a), sin(x3)), x4))), mul(x2, x2))))), add(add(add(add(add(add(mul(a, mul(x1, x1)), mul(exp(a), mul(x1, x1))), mul(x2, mul(x1, x3))), sub(a, mul(x1, x1))), mul(a, mul(x1, x2))), mul(add(add(add(mul(x1, x1), add(a, mul(x1, x2))), mul(a, exp(a))), mul(add(sub(sub(sub(mul(a, x3), x1), sub(x2, a)), sub(x3, a)), sin(exp(x3))), mul(sub(exp(x1), exp(x3)), x4))), mul(x2, x2))), mul(add(add(x2, mul(a, sub(x1, a))), mul(a, mul(aq(x2, add(sub(exp(a), sub(x3, a)), sin(exp(x3)))), x4))), mul(aq(sub(exp(x1), exp(x3)), add(exp(a), sub(x3, a))), x4)))), mul(x1, x2))
GPU5 stages: candidates=2500 pre_s=21.966 cheap_candidates=1721 cheap_unique=1721 cheap_s=25.715/40.000 cheap_rejected=142 cheap_a_min=-0.108584828224 cheap_a_p50=4.88685570798e-05 cheap_a_p95=0.361405974959 cheap_a_max=491.297063857 exact_a_gate=0.15 exact_provisional_penalty=3928.17976309 exact_candidates=1579 exact_unique=1579 full_exact_enabled=1 exact_capacity=1200 exact_waves=134 exact_scheduled=1200 exact_deferred=374 exact_wave=1200/1200 exact_queue_depth=0 exact_pending_instances=374 exact_s=172.507 exact_ok=1200 exact_margin_max=94.0034031052 exact_scan_mean_s=0.042 exact_bisect_mean_s=0.006 exact_polish_mean_s=0.161 exact_final_mean_s=0.046 exact_margin_abs_b_max=nan cache_hits=0 cache_misses=0 cache_waits=0
142	2500 	595.118	885.661    	1291.28    	251.546	21 	90.9088	330	68.4575
Best individuals of this generation:
add(add(add(mul(x1, aq(mul(x2, x4), a)), add(add(add(add(mul(a, sub(mul(x3, x3), mul(x4, x3))), mul(exp(a), mul(x1, x1))), mul(a, mul(x1, x3))), mul(exp(a), mul(x1, mul(x1, exp(x3))))), mul(a, mul(x2, x2)))), add(add(add(add(add(add(mul(a, mul(x1, x1)), mul(exp(a), mul(x1, x1))), mul(x2, mul(x1, exp(a)))), sub(a, mul(x1, mul(x2, x2)))), mul(a, mul(x2, x2))), mul(add(add(add(mul(x1, mul(x1, exp(x3))), add(a, mul(x2, x2))), mul(mul(a, add(exp(a), sub(x3, a))), exp(a))), mul(add(x1, mul(x3, mul(add(mul(add(mul(a, x2), mul(x1, x2)), mul(x2, x3)), mul(a, mul(x4, x3))), x4))), mul(aq(sub(exp(x1), exp(x3)), add(exp(a), sub(mul(exp(a), mul(x1, x1)), a))), x4))), mul(x2, x2))), mul(add(add(x2, mul(a, sub(x1, a))), mul(a, mul(aq(x2, add(sub(sub(mul(x2, x3), sub(x2, a)), sub(x3, a)), sin(exp(x3)))), x4))), mul(aq(sub(exp(x1), exp(x3)), add(exp(a), sub(x3, a))), x4)))), mul(x1, x2))
GPU5 stages: candidates=2500 pre_s=22.087 cheap_candidates=1699 cheap_unique=1697 cheap_s=27.057/40.000 cheap_rejected=165 cheap_a_min=-0.0984165845105 cheap_a_p50=9.73277814079e-05 cheap_a_p95=1.14300340805 cheap_a_max=810.386204267 exact_a_gate=0.15 exact_provisional_penalty=3928.17976309 exact_candidates=1534 exact_unique=1532 full_exact_enabled=1 exact_capacity=1200 exact_waves=134 exact_scheduled=1200 exact_deferred=326 exact_wave=1200/1200 exact_queue_depth=0 exact_pending_instances=326 exact_s=174.935 exact_ok=1200 exact_margin_max=75.7949589858 exact_scan_mean_s=0.041 exact_bisect_mean_s=0.004 exact_polish_mean_s=0.160 exact_final_mean_s=0.044 exact_margin_abs_b_max=nan cache_hits=0 cache_misses=0 cache_waits=0
143	2500 	595.118	885.131    	1291       	251.41 	21 	90.9924	356	68.4539
Best individuals of this generation:
add(add(add(mul(x1, aq(mul(x2, x4), a)), add(add(add(add(mul(a, sub(mul(x3, x3), mul(x4, x3))), mul(exp(a), mul(x1, x1))), mul(a, mul(x1, x3))), mul(exp(a), mul(x1, mul(x1, exp(x3))))), mul(a, mul(x2, x2)))), add(add(add(add(add(add(mul(a, mul(x1, x1)), mul(exp(a), mul(x1, x1))), mul(x2, mul(x1, exp(a)))), sub(a, mul(x1, mul(x2, x2)))), mul(a, mul(x2, x2))), mul(add(add(add(mul(x1, mul(x1, exp(x3))), add(a, mul(x2, x2))), mul(mul(a, add(exp(a), sub(x3, a))), exp(a))), mul(add(x1, mul(x3, mul(add(mul(add(mul(a, x2), mul(x1, x2)), mul(x2, x3)), mul(a, mul(x4, x3))), x4))), mul(aq(sub(exp(x1), exp(x3)), add(exp(a), sub(mul(exp(a), mul(x1, x1)), a))), x4))), mul(x2, x2))), mul(add(add(x2, mul(a, sub(x1, a))), mul(a, mul(aq(x2, add(sub(sub(mul(x2, x3), sub(x2, a)), sub(x3, a)), sin(exp(x3)))), x4))), mul(aq(sub(exp(x1), exp(x3)), add(exp(a), sub(x3, a))), x4)))), mul(x1, x2))
GPU5 stages: candidates=2500 pre_s=21.755 cheap_candidates=1723 cheap_unique=1723 cheap_s=25.553/40.000 cheap_rejected=151 cheap_a_min=-0.145660612847 cheap_a_p50=4.74245329147e-05 cheap_a_p95=0.544898449027 cheap_a_max=945.643300645 exact_a_gate=0.15 exact_provisional_penalty=3928.17976309 exact_candidates=1572 exact_unique=1572 full_exact_enabled=1 exact_capacity=1200 exact_waves=134 exact_scheduled=1200 exact_deferred=369 exact_wave=1200/1200 exact_queue_depth=0 exact_pending_instances=369 exact_s=170.518 exact_ok=1200 exact_margin_max=124.356384971 exact_scan_mean_s=0.044 exact_bisect_mean_s=0.005 exact_polish_mean_s=0.156 exact_final_mean_s=0.036 exact_margin_abs_b_max=nan cache_hits=0 cache_misses=0 cache_waits=0
144	2500 	595.118	884.628    	1290.72    	251.413	21 	90.9632	356	68.2252
Best individuals of this generation:
add(add(add(mul(x1, aq(mul(x2, x4), a)), add(add(add(add(mul(a, sub(mul(x3, x3), mul(x4, x3))), mul(exp(a), mul(x1, x1))), mul(a, mul(x1, x3))), mul(exp(a), mul(x1, mul(x1, exp(x3))))), mul(a, mul(x2, x2)))), add(add(add(add(add(add(mul(a, mul(x1, x1)), mul(exp(a), mul(x1, x1))), mul(x2, mul(x1, exp(a)))), sub(a, mul(x1, mul(x2, x2)))), mul(a, mul(x2, x2))), mul(add(add(add(mul(x1, mul(x1, exp(x3))), add(a, mul(x2, x2))), mul(mul(a, add(exp(a), sub(x3, a))), exp(a))), mul(add(x1, mul(x3, mul(add(mul(add(mul(a, x2), mul(x1, x2)), mul(x2, x3)), mul(a, mul(x4, x3))), x4))), mul(aq(sub(exp(x1), exp(x3)), add(exp(a), sub(mul(exp(a), mul(x1, x1)), a))), x4))), mul(x2, x2))), mul(add(add(x2, mul(a, sub(x1, a))), mul(a, mul(aq(x2, add(sub(sub(mul(x2, x3), sub(x2, a)), sub(x3, a)), sin(exp(x3)))), x4))), mul(aq(sub(exp(x1), exp(x3)), add(exp(a), sub(x3, a))), x4)))), mul(x1, x2))
GPU5 stages: candidates=2500 pre_s=21.657 cheap_candidates=1715 cheap_unique=1715 cheap_s=25.758/40.000 cheap_rejected=160 cheap_a_min=-0.18367049206 cheap_a_p50=4.98842947579e-05 cheap_a_p95=0.635007024976 cheap_a_max=508.251037065 exact_a_gate=0.15 exact_provisional_penalty=3928.17976309 exact_candidates=1555 exact_unique=1555 full_exact_enabled=1 exact_capacity=1200 exact_waves=134 exact_scheduled=1200 exact_deferred=348 exact_wave=1200/1200 exact_queue_depth=0 exact_pending_instances=348 exact_s=171.183 exact_ok=1200 exact_margin_max=328.160552336 exact_scan_mean_s=0.042 exact_bisect_mean_s=0.004 exact_polish_mean_s=0.159 exact_final_mean_s=0.042 exact_margin_abs_b_max=nan cache_hits=0 cache_misses=0 cache_waits=0
145	2500 	594.611	883.731    	1290.47    	251.448	21 	91.174 	356	68.1518
Best individuals of this generation:
sub(exp(add(x3, x4)), aq(add(exp(x3), x4), sub(sub(sub(sub(sub(sin(x1), sin(x2)), mul(add(sin(sub(x4, sub(x3, x3))), x4), mul(add(sin(x3), x4), sin(exp(x2))))), x3), mul(add(add(sin(sub(x4, x3)), x4), add(sin(x4), x4)), add(sub(sub(a, x1), mul(a, a)), a))), x2)))
GPU5 stages: candidates=2500 pre_s=21.985 cheap_candidates=1713 cheap_unique=1713 cheap_s=25.206/40.000 cheap_rejected=140 cheap_a_min=-0.214337326566 cheap_a_p50=3.14322065003e-05 cheap_a_p95=0.527935495894 cheap_a_max=2280.44404463 exact_a_gate=0.15 exact_provisional_penalty=3928.17976309 exact_candidates=1573 exact_unique=1573 full_exact_enabled=1 exact_capacity=1200 exact_waves=134 exact_scheduled=1200 exact_deferred=368 exact_wave=1200/1200 exact_queue_depth=0 exact_pending_instances=368 exact_s=173.662 exact_ok=1200 exact_margin_max=129.539360193 exact_scan_mean_s=0.042 exact_bisect_mean_s=0.005 exact_polish_mean_s=0.156 exact_final_mean_s=0.041 exact_margin_abs_b_max=nan cache_hits=0 cache_misses=0 cache_waits=0
146	2500 	594.582	883.009    	1290.15    	251.366	21 	91.5496	356	68.3985
Best individuals of this generation:
sub(exp(add(x3, x4)), aq(add(exp(x3), x4), sub(sub(sub(sub(sub(sin(x1), sin(x2)), mul(add(sin(sub(x4, x3)), x4), mul(x4, exp(x2)))), x3), mul(add(add(sin(sub(x4, x3)), x4), add(sin(x4), x4)), add(sub(sub(a, x1), mul(a, a)), a))), x2)))
GPU5 stages: candidates=2500 pre_s=22.218 cheap_candidates=1729 cheap_unique=1729 cheap_s=27.890/40.000 cheap_rejected=142 cheap_a_min=-0.327532836261 cheap_a_p50=8.79264812256e-05 cheap_a_p95=0.496529765916 cheap_a_max=722.876845103 exact_a_gate=0.15 exact_provisional_penalty=3928.17976309 exact_candidates=1587 exact_unique=1587 full_exact_enabled=1 exact_capacity=1200 exact_waves=134 exact_scheduled=1200 exact_deferred=383 exact_wave=1200/1200 exact_queue_depth=0 exact_pending_instances=384 exact_s=167.512 exact_ok=1200 exact_margin_max=3.07821252549 exact_scan_mean_s=0.041 exact_bisect_mean_s=0.004 exact_polish_mean_s=0.155 exact_final_mean_s=0.031 exact_margin_abs_b_max=nan cache_hits=0 cache_misses=0 cache_waits=0
147	2500 	594.582	881.74     	1289.89    	251.185	21 	92.1352	356	68.5435
Best individuals of this generation:
sub(exp(add(x3, x4)), aq(add(exp(x3), x4), sub(sub(sub(sub(sub(sin(x1), sin(x2)), mul(add(sin(sub(x4, x3)), x4), mul(x4, exp(x2)))), x3), mul(add(add(sin(sub(x4, x3)), x4), add(sin(x4), x4)), add(sub(sub(a, x1), mul(a, a)), a))), x2)))
GPU5 stages: candidates=2500 pre_s=22.069 cheap_candidates=1767 cheap_unique=1766 cheap_s=27.180/40.000 cheap_rejected=137 cheap_a_min=-0.171983026148 cheap_a_p50=4.76067295674e-05 cheap_a_p95=0.449685287594 cheap_a_max=887.17690678 exact_a_gate=0.15 exact_provisional_penalty=3928.17976309 exact_candidates=1630 exact_unique=1629 full_exact_enabled=1 exact_capacity=1200 exact_waves=134 exact_scheduled=1200 exact_deferred=426 exact_wave=1200/1200 exact_queue_depth=0 exact_pending_instances=426 exact_s=171.737 exact_ok=1200 exact_margin_max=60.3550324161 exact_scan_mean_s=0.043 exact_bisect_mean_s=0.004 exact_polish_mean_s=0.165 exact_final_mean_s=0.034 exact_margin_abs_b_max=nan cache_hits=0 cache_misses=0 cache_waits=0
148	2500 	594.582	880.724    	1289.58    	251.228	21 	92.764 	324	68.887 
Best individuals of this generation:
sub(exp(add(x3, x4)), aq(add(exp(x3), x4), sub(sub(sub(sub(sub(sin(x1), sin(x2)), mul(add(sin(sub(x4, x3)), x4), mul(x4, exp(x2)))), x3), mul(add(add(sin(sub(x4, x3)), x4), add(sin(x4), x4)), add(sub(sub(a, x1), mul(a, a)), a))), x2)))
GPU5 stages: candidates=2500 pre_s=22.117 cheap_candidates=1724 cheap_unique=1724 cheap_s=26.768/40.000 cheap_rejected=142 cheap_a_min=-0.158693089322 cheap_a_p50=4.66887599627e-05 cheap_a_p95=0.673110146013 cheap_a_max=689.41678083 exact_a_gate=0.15 exact_provisional_penalty=6103.52301019 exact_candidates=1582 exact_unique=1582 full_exact_enabled=1 exact_capacity=1200 exact_waves=134 exact_scheduled=1200 exact_deferred=378 exact_wave=1200/1200 exact_queue_depth=0 exact_pending_instances=378 exact_s=173.239 exact_ok=1200 exact_margin_max=293.338495966 exact_scan_mean_s=0.041 exact_bisect_mean_s=0.005 exact_polish_mean_s=0.162 exact_final_mean_s=0.041 exact_margin_abs_b_max=nan cache_hits=0 cache_misses=0 cache_waits=0
149	2500 	594.582	879.306    	1289.25    	251.233	21 	93.4072	324	69.2943
Best individuals of this generation:
sub(exp(add(x3, x4)), aq(add(exp(x3), x4), sub(sub(sub(sub(sub(sin(x1), sin(x2)), mul(add(sin(sub(x4, x3)), x4), mul(x4, exp(x2)))), x3), mul(add(add(sin(sub(x4, x3)), x4), add(sin(x4), x4)), add(sub(sub(a, x1), mul(a, a)), a))), x2)))
GPU5 stages: candidates=2500 pre_s=22.292 cheap_candidates=1732 cheap_unique=1732 cheap_s=26.217/40.000 cheap_rejected=149 cheap_a_min=-0.260433099847 cheap_a_p50=3.96895911082e-05 cheap_a_p95=0.517123558393 cheap_a_max=1121.94899953 exact_a_gate=0.15 exact_provisional_penalty=3928.17976309 exact_candidates=1583 exact_unique=1583 full_exact_enabled=1 exact_capacity=1200 exact_waves=134 exact_scheduled=1200 exact_deferred=380 exact_wave=1200/1200 exact_queue_depth=0 exact_pending_instances=380 exact_s=170.396 exact_ok=1200 exact_margin_max=610.260491203 exact_scan_mean_s=0.041 exact_bisect_mean_s=0.004 exact_polish_mean_s=0.166 exact_final_mean_s=0.041 exact_margin_abs_b_max=nan cache_hits=0 cache_misses=0 cache_waits=0
150	2500 	594.572	877.757    	1288.91    	251.285	21 	94.4368	314	70.1333
Best individuals of this generation:
sub(exp(add(x3, x4)), aq(add(exp(x3), x4), sub(sub(sub(sub(sub(sin(x1), sin(x2)), mul(add(sin(sub(x4, x3)), x4), mul(add(sin(x3), x4), sin(x4)))), x3), mul(add(add(sin(sub(x4, x3)), x4), add(x4, x4)), add(add(sub(sub(a, x1), mul(a, a)), a), a))), x2)))
GPU5 stages: candidates=2500 pre_s=22.144 cheap_candidates=1754 cheap_unique=1754 cheap_s=28.181/40.000 cheap_rejected=156 cheap_a_min=-0.421698544163 cheap_a_p50=5.52567578294e-05 cheap_a_p95=0.707129959991 cheap_a_max=303.677553682 exact_a_gate=0.15 exact_provisional_penalty=3928.17976309 exact_candidates=1598 exact_unique=1598 full_exact_enabled=1 exact_capacity=1200 exact_waves=134 exact_scheduled=1200 exact_deferred=393 exact_wave=1200/1200 exact_queue_depth=0 exact_pending_instances=393 exact_s=175.647 exact_ok=1200 exact_margin_max=74.5893285682 exact_scan_mean_s=0.042 exact_bisect_mean_s=0.004 exact_polish_mean_s=0.158 exact_final_mean_s=0.035 exact_margin_abs_b_max=nan cache_hits=0 cache_misses=0 cache_waits=0
151	2500 	594.572	875.971    	1288.57    	251.18 	21 	95.7412	314	70.9488
Best individuals of this generation:
sub(exp(add(x3, x4)), aq(add(exp(x3), x4), sub(sub(sub(sub(sub(sin(x1), sin(x2)), mul(add(sin(sub(x4, x3)), x4), mul(add(sin(x3), x4), sin(x4)))), x3), mul(add(add(sin(sub(x4, x3)), x4), add(x4, x4)), add(add(sub(sub(a, x1), mul(a, a)), a), a))), x2)))
GPU5 stages: candidates=2500 pre_s=22.379 cheap_candidates=1772 cheap_unique=1772 cheap_s=27.342/40.000 cheap_rejected=159 cheap_a_min=-0.345594101223 cheap_a_p50=4.60889867962e-05 cheap_a_p95=1.07456017 cheap_a_max=1504.0567222 exact_a_gate=0.15 exact_provisional_penalty=3928.17976309 exact_candidates=1613 exact_unique=1613 full_exact_enabled=1 exact_capacity=1200 exact_waves=134 exact_scheduled=1200 exact_deferred=412 exact_wave=1200/1200 exact_queue_depth=0 exact_pending_instances=412 exact_s=171.143 exact_ok=1200 exact_margin_max=23.6246916363 exact_scan_mean_s=0.042 exact_bisect_mean_s=0.006 exact_polish_mean_s=0.170 exact_final_mean_s=0.038 exact_margin_abs_b_max=nan cache_hits=0 cache_misses=0 cache_waits=0
152	2500 	594.501	873.636    	1288.2     	250.932	21 	97.29  	314	71.8855
Best individuals of this generation:
sub(exp(add(x3, x4)), aq(add(exp(x3), x4), sub(sub(sub(sub(sub(sin(x1), sin(x2)), mul(add(sin(sub(x4, x3)), mul(a, x4)), mul(add(sin(sub(x4, x3)), x4), x1))), x3), mul(add(add(sin(sub(x4, x3)), x4), add(sin(x4), x4)), add(sub(sub(a, x1), mul(a, a)), a))), x2)))
GPU5 stages: candidates=2500 pre_s=22.168 cheap_candidates=1742 cheap_unique=1742 cheap_s=26.257/40.000 cheap_rejected=142 cheap_a_min=-0.645899494511 cheap_a_p50=2.87628931979e-05 cheap_a_p95=0.615886008815 cheap_a_max=225.184695008 exact_a_gate=0.15 exact_provisional_penalty=3928.17976309 exact_candidates=1600 exact_unique=1600 full_exact_enabled=1 exact_capacity=1200 exact_waves=134 exact_scheduled=1200 exact_deferred=399 exact_wave=1200/1200 exact_queue_depth=0 exact_pending_instances=399 exact_s=178.174 exact_ok=1200 exact_margin_max=28.0003831871 exact_scan_mean_s=0.043 exact_bisect_mean_s=0.006 exact_polish_mean_s=0.167 exact_final_mean_s=0.029 exact_margin_abs_b_max=nan cache_hits=0 cache_misses=0 cache_waits=0
153	2500 	594.501	870.752    	1288       	250.836	21 	98.6324	349	71.7815
Best individuals of this generation:
sub(exp(add(x3, x4)), aq(add(exp(x3), x4), sub(sub(sub(sub(sub(sin(x1), sin(x2)), mul(add(sin(sub(x4, x3)), mul(a, x4)), mul(add(sin(sub(x4, x3)), x4), x1))), x3), mul(add(add(sin(sub(x4, x3)), x4), add(sin(x4), x4)), add(sub(sub(a, x1), mul(a, a)), a))), x2)))
GPU5 stages: candidates=2500 pre_s=22.438 cheap_candidates=1781 cheap_unique=1781 cheap_s=28.965/40.000 cheap_rejected=153 cheap_a_min=-0.115439525561 cheap_a_p50=5.26469817752e-05 cheap_a_p95=0.469756467762 cheap_a_max=350.490016103 exact_a_gate=0.15 exact_provisional_penalty=3928.17976309 exact_candidates=1628 exact_unique=1628 full_exact_enabled=1 exact_capacity=1200 exact_waves=134 exact_scheduled=1200 exact_deferred=426 exact_wave=1200/1200 exact_queue_depth=0 exact_pending_instances=426 exact_s=173.572 exact_ok=1200 exact_margin_max=8.00308853314 exact_scan_mean_s=0.042 exact_bisect_mean_s=0.006 exact_polish_mean_s=0.178 exact_final_mean_s=0.033 exact_margin_abs_b_max=nan cache_hits=0 cache_misses=0 cache_waits=0
154	2500 	594.501	867.362    	1287.85    	250.729	21 	100.116	349	71.3328
Best individuals of this generation:
sub(exp(add(x3, x4)), aq(add(exp(x3), x4), sub(sub(sub(sub(sub(sin(x1), sin(x2)), mul(add(sin(sub(x4, x3)), mul(a, x4)), mul(add(sin(sub(x4, x3)), x4), x1))), x3), mul(add(add(sin(sub(x4, x3)), x4), add(sin(x4), x4)), add(sub(sub(a, x1), mul(a, a)), a))), x2)))
GPU5 stages: candidates=2500 pre_s=23.104 cheap_candidates=1813 cheap_unique=1813 cheap_s=28.752/40.000 cheap_rejected=172 cheap_a_min=-0.614382976752 cheap_a_p50=4.75451803609e-05 cheap_a_p95=0.78793986802 cheap_a_max=687.051383873 exact_a_gate=0.15 exact_provisional_penalty=3928.17976309 exact_candidates=1641 exact_unique=1641 full_exact_enabled=1 exact_capacity=1200 exact_waves=134 exact_scheduled=1200 exact_deferred=438 exact_wave=1200/1200 exact_queue_depth=0 exact_pending_instances=438 exact_s=172.864 exact_ok=1200 exact_margin_max=290.676326815 exact_scan_mean_s=0.042 exact_bisect_mean_s=0.006 exact_polish_mean_s=0.169 exact_final_mean_s=0.032 exact_margin_abs_b_max=nan cache_hits=0 cache_misses=0 cache_waits=0
155	2500 	594.501	862.854    	1287.7     	250.391	21 	102.376	349	70.7892
Best individuals of this generation:
sub(exp(add(x3, x4)), aq(add(exp(x3), x4), sub(sub(sub(sub(sub(sin(x1), sin(x2)), mul(add(sin(sub(x4, x3)), mul(a, x4)), mul(add(sin(sub(x4, x3)), x4), x1))), x3), mul(add(add(sin(sub(x4, x3)), x4), add(sin(x4), x4)), add(sub(sub(a, x1), mul(a, a)), a))), x2)))
GPU5 stages: candidates=2500 pre_s=22.561 cheap_candidates=1830 cheap_unique=1829 cheap_s=28.128/40.000 cheap_rejected=153 cheap_a_min=-0.183746447616 cheap_a_p50=2.95694467387e-05 cheap_a_p95=0.456717164274 cheap_a_max=2076.19815622 exact_a_gate=0.15 exact_provisional_penalty=3928.17976309 exact_candidates=1677 exact_unique=1676 full_exact_enabled=1 exact_capacity=1200 exact_waves=134 exact_scheduled=1200 exact_deferred=475 exact_wave=1200/1200 exact_queue_depth=0 exact_pending_instances=475 exact_s=176.292 exact_ok=1200 exact_margin_max=103.192373547 exact_scan_mean_s=0.042 exact_bisect_mean_s=0.005 exact_polish_mean_s=0.158 exact_final_mean_s=0.031 exact_margin_abs_b_max=nan cache_hits=0 cache_misses=0 cache_waits=0
156	2500 	593.676	858.985    	1287.53    	250.265	22 	103.273	356	70.5888
Best individuals of this generation:
sub(exp(add(x3, x4)), aq(add(exp(x3), x4), sub(sub(sub(sub(sub(sin(x1), sin(x2)), mul(add(sin(sub(x4, x3)), x4), a)), x3), mul(add(add(sin(sub(x4, x3)), x4), add(sin(x4), x4)), add(sub(sub(a, x1), mul(a, a)), a))), x2)))
GPU5 stages: candidates=2500 pre_s=22.688 cheap_candidates=1838 cheap_unique=1838 cheap_s=27.745/40.000 cheap_rejected=151 cheap_a_min=-0.107593591616 cheap_a_p50=2.45951453779e-05 cheap_a_p95=0.475815877895 cheap_a_max=694.609503434 exact_a_gate=0.15 exact_provisional_penalty=3928.17976309 exact_candidates=1687 exact_unique=1687 full_exact_enabled=1 exact_capacity=1200 exact_waves=134 exact_scheduled=1200 exact_deferred=485 exact_wave=1200/1200 exact_queue_depth=0 exact_pending_instances=485 exact_s=171.832 exact_ok=1200 exact_margin_max=96.6508361932 exact_scan_mean_s=0.042 exact_bisect_mean_s=0.007 exact_polish_mean_s=0.166 exact_final_mean_s=0.036 exact_margin_abs_b_max=nan cache_hits=0 cache_misses=0 cache_waits=0
157	2500 	593.676	855.398    	1287.18    	250.373	22 	103.601	356	70.3157
Best individuals of this generation:
sub(exp(add(x3, x4)), aq(add(exp(x3), x4), sub(sub(sub(sub(sub(sin(x1), sin(x2)), mul(add(sin(sub(x4, x3)), x4), a)), x3), mul(add(add(sin(sub(x4, x3)), x4), add(sin(x4), x4)), add(sub(sub(a, x1), mul(a, a)), a))), x2)))
GPU5 stages: candidates=2500 pre_s=22.514 cheap_candidates=1781 cheap_unique=1780 cheap_s=26.480/40.000 cheap_rejected=148 cheap_a_min=-0.256465425087 cheap_a_p50=2.13084510535e-05 cheap_a_p95=0.469348217494 cheap_a_max=852.36888176 exact_a_gate=0.15 exact_provisional_penalty=3928.17976309 exact_candidates=1633 exact_unique=1632 full_exact_enabled=1 exact_capacity=1200 exact_waves=134 exact_scheduled=1200 exact_deferred=429 exact_wave=1200/1200 exact_queue_depth=0 exact_pending_instances=429 exact_s=174.611 exact_ok=1200 exact_margin_max=36.5462932382 exact_scan_mean_s=0.041 exact_bisect_mean_s=0.005 exact_polish_mean_s=0.165 exact_final_mean_s=0.036 exact_margin_abs_b_max=nan cache_hits=0 cache_misses=0 cache_waits=0
158	2500 	593.676	852.885    	1287.02    	250.802	28 	103.416	356	70.2319
Best individuals of this generation:
sub(exp(add(x3, x4)), aq(add(exp(x3), x4), sub(sub(sub(sub(sub(sin(x1), sin(x2)), mul(add(sin(sub(x4, x3)), x4), a)), x3), mul(add(add(sin(sub(x4, x3)), x4), add(sin(x4), x4)), add(sub(sub(a, x1), mul(a, a)), a))), x2)))
GPU5 stages: candidates=2500 pre_s=22.545 cheap_candidates=1797 cheap_unique=1797 cheap_s=26.713/40.000 cheap_rejected=139 cheap_a_min=-0.670032980108 cheap_a_p50=2.08751213587e-05 cheap_a_p95=0.50559698906 cheap_a_max=248.204980096 exact_a_gate=0.15 exact_provisional_penalty=3928.17976309 exact_candidates=1658 exact_unique=1658 full_exact_enabled=1 exact_capacity=1200 exact_waves=134 exact_scheduled=1200 exact_deferred=458 exact_wave=1200/1200 exact_queue_depth=0 exact_pending_instances=458 exact_s=177.550 exact_ok=1200 exact_margin_max=1.30548165624 exact_scan_mean_s=0.043 exact_bisect_mean_s=0.006 exact_polish_mean_s=0.172 exact_final_mean_s=0.034 exact_margin_abs_b_max=nan cache_hits=0 cache_misses=0 cache_waits=0
159	2500 	593.676	851.345    	1286.79    	251.149	28 	103.269	356	70.1867
Best individuals of this generation:
sub(exp(add(x3, x4)), aq(add(exp(x3), x4), sub(sub(sub(sub(sub(sin(x1), sin(x2)), mul(add(sin(sub(x4, x3)), x4), a)), x3), mul(add(add(sin(sub(x4, x3)), x4), add(sin(x4), x4)), add(sub(sub(a, x1), mul(a, a)), a))), x2)))
GPU5 stages: candidates=2500 pre_s=22.639 cheap_candidates=1805 cheap_unique=1805 cheap_s=27.340/40.000 cheap_rejected=146 cheap_a_min=-0.496555054443 cheap_a_p50=3.85164445318e-05 cheap_a_p95=0.406305424856 cheap_a_max=282.864859036 exact_a_gate=0.15 exact_provisional_penalty=3928.17976309 exact_candidates=1659 exact_unique=1659 full_exact_enabled=1 exact_capacity=1200 exact_waves=134 exact_scheduled=1200 exact_deferred=457 exact_wave=1200/1200 exact_queue_depth=0 exact_pending_instances=457 exact_s=172.435 exact_ok=1200 exact_margin_max=0.110344142872 exact_scan_mean_s=0.041 exact_bisect_mean_s=0.004 exact_polish_mean_s=0.171 exact_final_mean_s=0.036 exact_margin_abs_b_max=nan cache_hits=0 cache_misses=0 cache_waits=0
160	2500 	593.676	849.894    	1286.72    	251.447	28 	103.242	359	70.4187
Best individuals of this generation:
sub(exp(add(x3, x4)), aq(add(exp(x3), x4), sub(sub(sub(sub(sub(sin(x1), sin(x2)), mul(add(sin(sub(x4, x3)), x4), a)), x3), mul(add(add(sin(sub(x4, x3)), x4), add(sin(x4), x4)), add(sub(sub(a, x1), mul(a, a)), a))), x2)))
GPU5 stages: candidates=2500 pre_s=22.534 cheap_candidates=1801 cheap_unique=1801 cheap_s=27.736/40.000 cheap_rejected=151 cheap_a_min=-2.01207220129 cheap_a_p50=4.75667711782e-05 cheap_a_p95=0.466407740874 cheap_a_max=1989.37748664 exact_a_gate=0.15 exact_provisional_penalty=3928.17976309 exact_candidates=1650 exact_unique=1650 full_exact_enabled=1 exact_capacity=1200 exact_waves=134 exact_scheduled=1200 exact_deferred=449 exact_wave=1200/1200 exact_queue_depth=0 exact_pending_instances=449 exact_s=178.989 exact_ok=1200 exact_margin_max=74.5090131743 exact_scan_mean_s=0.042 exact_bisect_mean_s=0.005 exact_polish_mean_s=0.180 exact_final_mean_s=0.034 exact_margin_abs_b_max=nan cache_hits=0 cache_misses=0 cache_waits=0
161	2500 	593.676	848.952    	1286.56    	251.673	28 	103.114	359	70.4533
Best individuals of this generation:
sub(exp(add(x3, x4)), aq(add(exp(x3), x4), sub(sub(sub(sub(sub(sin(x1), sin(x2)), mul(add(sin(sub(x4, x3)), x4), a)), x3), mul(add(add(sin(sub(x4, x3)), x4), add(sin(x4), x4)), add(sub(sub(a, x1), mul(a, a)), a))), x2)))
GPU5 stages: candidates=2500 pre_s=22.462 cheap_candidates=1808 cheap_unique=1808 cheap_s=27.447/40.000 cheap_rejected=146 cheap_a_min=-0.22174795413 cheap_a_p50=4.7297305571e-05 cheap_a_p95=0.366624030917 cheap_a_max=168232.176042 exact_a_gate=0.15 exact_provisional_penalty=3928.17976309 exact_candidates=1662 exact_unique=1662 full_exact_enabled=1 exact_capacity=1200 exact_waves=134 exact_scheduled=1200 exact_deferred=459 exact_wave=1200/1200 exact_queue_depth=0 exact_pending_instances=459 exact_s=175.483 exact_ok=1200 exact_margin_max=69.1100853133 exact_scan_mean_s=0.041 exact_bisect_mean_s=0.004 exact_polish_mean_s=0.167 exact_final_mean_s=0.029 exact_margin_abs_b_max=nan cache_hits=0 cache_misses=0 cache_waits=0
162	2500 	593.676	848.083    	1286.45    	251.914	28 	102.744	359	70.7234
Best individuals of this generation:
sub(exp(add(x3, x4)), aq(add(exp(x3), x4), sub(sub(sub(sub(sub(sin(x1), sin(x2)), mul(add(sin(sub(x4, x3)), x4), a)), x3), mul(add(add(sin(sub(x4, x3)), x4), add(sin(x4), x4)), add(sub(sub(a, x1), mul(a, a)), a))), x2)))
GPU5 stages: candidates=2500 pre_s=22.575 cheap_candidates=1800 cheap_unique=1800 cheap_s=27.546/40.000 cheap_rejected=138 cheap_a_min=-0.174389274412 cheap_a_p50=4.65483851734e-05 cheap_a_p95=0.395558270775 cheap_a_max=698.426188967 exact_a_gate=0.15 exact_provisional_penalty=3928.17976309 exact_candidates=1662 exact_unique=1662 full_exact_enabled=1 exact_capacity=1200 exact_waves=134 exact_scheduled=1200 exact_deferred=461 exact_wave=1200/1200 exact_queue_depth=0 exact_pending_instances=461 exact_s=178.018 exact_ok=1200 exact_margin_max=173.697069714 exact_scan_mean_s=0.042 exact_bisect_mean_s=0.005 exact_polish_mean_s=0.172 exact_final_mean_s=0.033 exact_margin_abs_b_max=nan cache_hits=0 cache_misses=0 cache_waits=0
163	2500 	592.078	847.309    	1286.26    	252.117	28 	102.434	359	71.0659
Best individuals of this generation:
sub(exp(add(x3, x4)), aq(add(exp(x3), x4), sub(sub(sub(sub(sub(sin(x1), sin(x2)), mul(add(sin(sub(x4, x3)), x4), exp(add(a, a)))), x3), mul(add(add(sin(sub(x4, x3)), x4), add(sin(x4), x4)), add(sub(sub(a, sub(add(x1, x3), mul(a, a))), mul(a, a)), a))), x2)))
GPU5 stages: candidates=2500 pre_s=22.582 cheap_candidates=1784 cheap_unique=1784 cheap_s=28.145/40.000 cheap_rejected=155 cheap_a_min=-0.154345142175 cheap_a_p50=4.74189521003e-05 cheap_a_p95=0.801413690854 cheap_a_max=2267.85466245 exact_a_gate=0.15 exact_provisional_penalty=3928.17976309 exact_candidates=1629 exact_unique=1629 full_exact_enabled=1 exact_capacity=1200 exact_waves=134 exact_scheduled=1200 exact_deferred=428 exact_wave=1200/1200 exact_queue_depth=0 exact_pending_instances=428 exact_s=173.200 exact_ok=1200 exact_margin_max=1202.17729231 exact_scan_mean_s=0.043 exact_bisect_mean_s=0.004 exact_polish_mean_s=0.165 exact_final_mean_s=0.031 exact_margin_abs_b_max=nan cache_hits=0 cache_misses=0 cache_waits=0
164	2500 	592.078	846.764    	1285.95    	252.206	28 	102.296	359	71.2108
Best individuals of this generation:
sub(exp(add(x3, x4)), aq(add(exp(x3), x4), sub(sub(sub(sub(sub(sin(x1), sin(x2)), mul(add(sin(sub(x4, x3)), x4), exp(add(a, a)))), x3), mul(add(add(sin(sub(x4, x3)), x4), add(sin(x4), x4)), add(sub(sub(a, sub(add(x1, x3), mul(a, a))), mul(a, a)), a))), x2)))
GPU5 stages: candidates=2500 pre_s=22.568 cheap_candidates=1767 cheap_unique=1767 cheap_s=26.458/40.000 cheap_rejected=152 cheap_a_min=-0.25260547466 cheap_a_p50=4.40170314965e-05 cheap_a_p95=0.702015468472 cheap_a_max=816.560465376 exact_a_gate=0.15 exact_provisional_penalty=3928.17976309 exact_candidates=1615 exact_unique=1615 full_exact_enabled=1 exact_capacity=1200 exact_waves=134 exact_scheduled=1200 exact_deferred=413 exact_wave=1200/1200 exact_queue_depth=0 exact_pending_instances=413 exact_s=176.403 exact_ok=1200 exact_margin_max=2.72943110426 exact_scan_mean_s=0.042 exact_bisect_mean_s=0.004 exact_polish_mean_s=0.174 exact_final_mean_s=0.032 exact_margin_abs_b_max=nan cache_hits=0 cache_misses=0 cache_waits=0
165	2500 	590.392	846.285    	1285.84    	252.407	28 	102.281	359	71.3144
Best individuals of this generation:
sub(exp(add(x3, x4)), aq(add(exp(x3), x4), sub(sub(sub(sub(sub(sin(x1), sin(x2)), sin(sub(x4, x3))), x3), mul(add(add(sin(sub(x4, x3)), add(sin(x4), x4)), add(sin(x4), x4)), add(sub(sub(a, x2), mul(a, a)), a))), x2)))
GPU5 stages: candidates=2500 pre_s=22.412 cheap_candidates=1798 cheap_unique=1798 cheap_s=26.623/40.000 cheap_rejected=143 cheap_a_min=-150.99653489 cheap_a_p50=3.05982003604e-05 cheap_a_p95=0.625012773833 cheap_a_max=1361.81562359 exact_a_gate=0.15 exact_provisional_penalty=3928.17976309 exact_candidates=1655 exact_unique=1655 full_exact_enabled=1 exact_capacity=1200 exact_waves=134 exact_scheduled=1200 exact_deferred=454 exact_wave=1200/1200 exact_queue_depth=0 exact_pending_instances=454 exact_s=171.491 exact_ok=1200 exact_margin_max=9.86094319148 exact_scan_mean_s=0.042 exact_bisect_mean_s=0.005 exact_polish_mean_s=0.173 exact_final_mean_s=0.026 exact_margin_abs_b_max=nan cache_hits=0 cache_misses=0 cache_waits=0
166	2500 	590.392	845.764    	1285.58    	252.388	30 	102.014	359	71.1905
Best individuals of this generation:
sub(exp(add(x3, x4)), aq(add(exp(x3), x4), sub(sub(sub(sub(sub(sin(x1), sin(x2)), sin(sub(x4, x3))), x3), mul(add(add(sin(sub(x4, x3)), add(sin(x4), x4)), add(sin(x4), x4)), add(sub(sub(a, x2), mul(a, a)), a))), x2)))
GPU5 stages: candidates=2500 pre_s=22.495 cheap_candidates=1813 cheap_unique=1813 cheap_s=28.375/40.000 cheap_rejected=154 cheap_a_min=-0.243196823993 cheap_a_p50=4.64138541533e-05 cheap_a_p95=0.701049492742 cheap_a_max=223.267691752 exact_a_gate=0.15 exact_provisional_penalty=3928.17976309 exact_candidates=1659 exact_unique=1659 full_exact_enabled=1 exact_capacity=1200 exact_waves=134 exact_scheduled=1200 exact_deferred=455 exact_wave=1200/1200 exact_queue_depth=0 exact_pending_instances=455 exact_s=169.968 exact_ok=1200 exact_margin_max=0.0721341265916 exact_scan_mean_s=0.041 exact_bisect_mean_s=0.004 exact_polish_mean_s=0.163 exact_final_mean_s=0.036 exact_margin_abs_b_max=nan cache_hits=0 cache_misses=0 cache_waits=0
167	2500 	590.392	845.325    	1285.4     	252.458	30 	101.784	359	71.023 
Best individuals of this generation:
sub(exp(add(x3, x4)), aq(add(exp(x3), x4), sub(sub(sub(sub(sub(sin(x1), sin(x2)), sin(sub(x4, x3))), x3), mul(add(add(sin(sub(x4, x3)), add(sin(x4), x4)), add(sin(x4), x4)), add(sub(sub(a, x2), mul(a, a)), a))), x2)))
GPU5 stages: candidates=2500 pre_s=22.475 cheap_candidates=1767 cheap_unique=1767 cheap_s=25.692/40.000 cheap_rejected=126 cheap_a_min=-0.640438621659 cheap_a_p50=3.17432300553e-05 cheap_a_p95=0.419654679455 cheap_a_max=315.406501533 exact_a_gate=0.15 exact_provisional_penalty=3928.17976309 exact_candidates=1641 exact_unique=1641 full_exact_enabled=1 exact_capacity=1200 exact_waves=134 exact_scheduled=1200 exact_deferred=438 exact_wave=1200/1200 exact_queue_depth=0 exact_pending_instances=438 exact_s=169.634 exact_ok=1200 exact_margin_max=1.05118327358 exact_scan_mean_s=0.041 exact_bisect_mean_s=0.005 exact_polish_mean_s=0.165 exact_final_mean_s=0.031 exact_margin_abs_b_max=nan cache_hits=0 cache_misses=0 cache_waits=0
168	2500 	590.392	844.912    	1285.21    	252.453	30 	101.662	362	71.09  
Best individuals of this generation:
sub(exp(add(x3, x4)), aq(add(exp(x3), x4), sub(sub(sub(sub(sub(sin(x1), sin(x2)), sin(sub(x4, x3))), x3), mul(add(add(sin(sub(x4, x3)), add(sin(x4), x4)), add(sin(x4), x4)), add(sub(sub(a, x2), mul(a, a)), a))), x2)))
GPU5 stages: candidates=2500 pre_s=22.327 cheap_candidates=1780 cheap_unique=1780 cheap_s=26.824/40.000 cheap_rejected=152 cheap_a_min=-0.183052194905 cheap_a_p50=4.71561933424e-05 cheap_a_p95=0.773608560455 cheap_a_max=568.374715328 exact_a_gate=0.15 exact_provisional_penalty=3928.17976309 exact_candidates=1628 exact_unique=1628 full_exact_enabled=1 exact_capacity=1200 exact_waves=134 exact_scheduled=1200 exact_deferred=427 exact_wave=1200/1200 exact_queue_depth=0 exact_pending_instances=427 exact_s=176.056 exact_ok=1200 exact_margin_max=414.764290993 exact_scan_mean_s=0.043 exact_bisect_mean_s=0.005 exact_polish_mean_s=0.176 exact_final_mean_s=0.036 exact_margin_abs_b_max=nan cache_hits=0 cache_misses=0 cache_waits=0
169	2500 	590.392	844.443    	1285.05    	252.497	30 	101.852	362	71.1921
Best individuals of this generation:
sub(exp(add(x3, x4)), aq(add(exp(x3), x4), sub(sub(sub(sub(sub(sin(x1), sin(x2)), sin(sub(x4, x3))), x3), mul(add(add(sin(sub(x4, x3)), add(sin(x4), x4)), add(sin(x4), x4)), add(sub(sub(a, x2), mul(a, a)), a))), x2)))
GPU5 stages: candidates=2500 pre_s=22.478 cheap_candidates=1792 cheap_unique=1792 cheap_s=26.829/40.000 cheap_rejected=154 cheap_a_min=-0.410225404087 cheap_a_p50=4.69153325063e-05 cheap_a_p95=0.683360430254 cheap_a_max=1043.53343277 exact_a_gate=0.15 exact_provisional_penalty=3928.17976309 exact_candidates=1638 exact_unique=1638 full_exact_enabled=1 exact_capacity=1200 exact_waves=134 exact_scheduled=1200 exact_deferred=436 exact_wave=1200/1200 exact_queue_depth=0 exact_pending_instances=436 exact_s=173.548 exact_ok=1200 exact_margin_max=0.113945478264 exact_scan_mean_s=0.041 exact_bisect_mean_s=0.003 exact_polish_mean_s=0.168 exact_final_mean_s=0.021 exact_margin_abs_b_max=nan cache_hits=0 cache_misses=0 cache_waits=0
170	2500 	590.392	844.03     	1284.85    	252.507	30 	101.9  	362	71.2023
Best individuals of this generation:
sub(exp(add(x3, x4)), aq(add(exp(x3), x4), sub(sub(sub(sub(sub(sin(x1), sin(x2)), sin(sub(x4, x3))), x3), mul(add(add(sin(sub(x4, x3)), add(sin(x4), x4)), add(sin(x4), x4)), add(sub(sub(a, x2), mul(a, a)), a))), x2)))
GPU5 stages: candidates=2500 pre_s=22.410 cheap_candidates=1750 cheap_unique=1748 cheap_s=27.497/40.000 cheap_rejected=150 cheap_a_min=-0.391974401035 cheap_a_p50=5.07893870341e-05 cheap_a_p95=0.528071864999 cheap_a_max=1363.40094036 exact_a_gate=0.15 exact_provisional_penalty=3928.17976309 exact_candidates=1600 exact_unique=1598 full_exact_enabled=1 exact_capacity=1200 exact_waves=134 exact_scheduled=1200 exact_deferred=396 exact_wave=1200/1200 exact_queue_depth=0 exact_pending_instances=396 exact_s=171.046 exact_ok=1200 exact_margin_max=28.7002444105 exact_scan_mean_s=0.041 exact_bisect_mean_s=0.004 exact_polish_mean_s=0.167 exact_final_mean_s=0.030 exact_margin_abs_b_max=nan cache_hits=0 cache_misses=0 cache_waits=0
171	2500 	590.392	843.381    	1284.38    	252.426	30 	101.937	362	71.1383
Best individuals of this generation:
sub(exp(add(x3, x4)), aq(add(exp(x3), x4), sub(sub(sub(sub(sub(sin(x1), sin(x2)), sin(sub(x4, x3))), x3), mul(add(add(sin(sub(x4, x3)), add(sin(x4), x4)), add(sin(x4), x4)), add(sub(sub(a, x2), mul(a, a)), a))), x2)))
GPU5 stages: candidates=2500 pre_s=22.566 cheap_candidates=1853 cheap_unique=1853 cheap_s=26.141/40.000 cheap_rejected=140 cheap_a_min=-0.170177358324 cheap_a_p50=4.1325537194e-05 cheap_a_p95=0.384768234108 cheap_a_max=871.231677343 exact_a_gate=0.15 exact_provisional_penalty=3928.17976309 exact_candidates=1713 exact_unique=1713 full_exact_enabled=1 exact_capacity=1200 exact_waves=134 exact_scheduled=1200 exact_deferred=509 exact_wave=1200/1200 exact_queue_depth=0 exact_pending_instances=509 exact_s=168.228 exact_ok=1200 exact_margin_max=0.435522370232 exact_scan_mean_s=0.041 exact_bisect_mean_s=0.003 exact_polish_mean_s=0.163 exact_final_mean_s=0.018 exact_margin_abs_b_max=nan cache_hits=0 cache_misses=0 cache_waits=0
172	2500 	590.392	842.726    	1284.25    	252.377	30 	101.953	362	71.0555
Best individuals of this generation:
sub(exp(add(x3, x4)), aq(add(exp(x3), x4), sub(sub(sub(sub(sub(sin(x1), sin(x2)), sin(sub(x4, x3))), x3), mul(add(add(sin(sub(x4, x3)), add(sin(x4), x4)), add(sin(x4), x4)), add(sub(sub(a, x2), mul(a, a)), a))), x2)))
GPU5 stages: candidates=2500 pre_s=22.639 cheap_candidates=1810 cheap_unique=1810 cheap_s=25.072/40.000 cheap_rejected=135 cheap_a_min=-0.142767640272 cheap_a_p50=1.82047639551e-05 cheap_a_p95=0.406049125003 cheap_a_max=1251.98591517 exact_a_gate=0.15 exact_provisional_penalty=3928.17976309 exact_candidates=1675 exact_unique=1675 full_exact_enabled=1 exact_capacity=1200 exact_waves=134 exact_scheduled=1200 exact_deferred=474 exact_wave=1200/1200 exact_queue_depth=0 exact_pending_instances=474 exact_s=173.066 exact_ok=1200 exact_margin_max=1.07261144107 exact_scan_mean_s=0.042 exact_bisect_mean_s=0.004 exact_polish_mean_s=0.161 exact_final_mean_s=0.024 exact_margin_abs_b_max=nan cache_hits=0 cache_misses=0 cache_waits=0
173	2500 	590.392	841.897    	1283.88    	252.23 	30 	101.937	362	70.9941
Best individuals of this generation:
sub(exp(add(x3, x4)), aq(add(exp(x3), x4), sub(sub(sub(sub(sub(sin(x1), sin(x2)), sin(sub(x4, x3))), x3), mul(add(add(sin(sub(x4, x3)), add(sin(x4), x4)), add(sin(x4), x4)), add(sub(sub(a, x2), mul(a, a)), a))), x2)))
GPU5 stages: candidates=2500 pre_s=22.389 cheap_candidates=1778 cheap_unique=1778 cheap_s=26.379/40.000 cheap_rejected=152 cheap_a_min=-0.33607771366 cheap_a_p50=4.37864318877e-05 cheap_a_p95=0.709881669115 cheap_a_max=1476.9539403 exact_a_gate=0.15 exact_provisional_penalty=3928.17976309 exact_candidates=1626 exact_unique=1626 full_exact_enabled=1 exact_capacity=1200 exact_waves=134 exact_scheduled=1200 exact_deferred=425 exact_wave=1200/1200 exact_queue_depth=0 exact_pending_instances=425 exact_s=179.496 exact_ok=1200 exact_margin_max=6.94974916537 exact_scan_mean_s=0.042 exact_bisect_mean_s=0.004 exact_polish_mean_s=0.169 exact_final_mean_s=0.034 exact_margin_abs_b_max=nan cache_hits=0 cache_misses=0 cache_waits=0
174	2500 	590.392	840.977    	1283.7     	252.376	30 	102.076	362	70.9145
Best individuals of this generation:
sub(exp(add(x3, x4)), aq(add(exp(x3), x4), sub(sub(sub(sub(sub(sin(x1), sin(x2)), sin(sub(x4, x3))), x3), mul(add(add(sin(sub(x4, x3)), add(sin(x4), x4)), add(sin(x4), x4)), add(sub(sub(a, x2), mul(a, a)), a))), x2)))
GPU5 stages: candidates=2500 pre_s=22.517 cheap_candidates=1812 cheap_unique=1812 cheap_s=26.311/40.000 cheap_rejected=146 cheap_a_min=-0.226079076839 cheap_a_p50=3.23763120384e-05 cheap_a_p95=0.564270281763 cheap_a_max=725.871451164 exact_a_gate=0.15 exact_provisional_penalty=3928.17976309 exact_candidates=1666 exact_unique=1666 full_exact_enabled=1 exact_capacity=1200 exact_waves=134 exact_scheduled=1200 exact_deferred=464 exact_wave=1200/1200 exact_queue_depth=0 exact_pending_instances=464 exact_s=170.145 exact_ok=1200 exact_margin_max=3.82844656565 exact_scan_mean_s=0.041 exact_bisect_mean_s=0.002 exact_polish_mean_s=0.161 exact_final_mean_s=0.029 exact_margin_abs_b_max=nan cache_hits=0 cache_misses=0 cache_waits=0
175	2500 	590.392	839.898    	1283.39    	252.52 	24 	102.077	362	71.0441
Best individuals of this generation:
sub(exp(add(x3, x4)), aq(add(exp(x3), x4), sub(sub(sub(sub(sub(sin(x1), sin(x2)), sin(sub(x4, x3))), x3), mul(add(add(sin(sub(x4, x3)), add(sin(x4), x4)), add(sin(x4), x4)), add(sub(sub(a, x2), mul(a, a)), a))), x2)))
GPU5 stages: candidates=2500 pre_s=22.645 cheap_candidates=1757 cheap_unique=1757 cheap_s=27.086/40.000 cheap_rejected=178 cheap_a_min=-0.476369900361 cheap_a_p50=4.73229516295e-05 cheap_a_p95=1.12144688116 cheap_a_max=1231.4806408 exact_a_gate=0.15 exact_provisional_penalty=3928.17976309 exact_candidates=1579 exact_unique=1579 full_exact_enabled=1 exact_capacity=1200 exact_waves=134 exact_scheduled=1200 exact_deferred=377 exact_wave=1200/1200 exact_queue_depth=0 exact_pending_instances=377 exact_s=173.247 exact_ok=1200 exact_margin_max=21.7833802012 exact_scan_mean_s=0.042 exact_bisect_mean_s=0.004 exact_polish_mean_s=0.169 exact_final_mean_s=0.025 exact_margin_abs_b_max=nan cache_hits=0 cache_misses=0 cache_waits=0
176	2500 	590.392	838.487    	1283.1     	252.762	24 	102.416	362	70.9976
Best individuals of this generation:
sub(exp(add(x3, x4)), aq(add(exp(x3), x4), sub(sub(sub(sub(sub(sin(x1), sin(x2)), sin(sub(x4, x3))), x3), mul(add(add(sin(sub(x4, x3)), add(sin(x4), x4)), add(sin(x4), x4)), add(sub(sub(a, x2), mul(a, a)), a))), x2)))
GPU5 stages: candidates=2500 pre_s=22.684 cheap_candidates=1806 cheap_unique=1806 cheap_s=27.315/40.000 cheap_rejected=169 cheap_a_min=-0.456311143449 cheap_a_p50=4.2881475346e-05 cheap_a_p95=0.846165189724 cheap_a_max=771.658468674 exact_a_gate=0.15 exact_provisional_penalty=3928.17976309 exact_candidates=1637 exact_unique=1637 full_exact_enabled=1 exact_capacity=1200 exact_waves=134 exact_scheduled=1200 exact_deferred=437 exact_wave=1200/1200 exact_queue_depth=0 exact_pending_instances=437 exact_s=176.263 exact_ok=1200 exact_margin_max=136.975966726 exact_scan_mean_s=0.042 exact_bisect_mean_s=0.003 exact_polish_mean_s=0.175 exact_final_mean_s=0.027 exact_margin_abs_b_max=nan cache_hits=0 cache_misses=0 cache_waits=0
177	2500 	590.392	836.6      	1282.81    	253.144	24 	102.728	362	70.9358
Best individuals of this generation:
sub(exp(add(x3, x4)), aq(add(exp(x3), x4), sub(sub(sub(sub(sub(sin(x1), sin(x2)), sin(sub(x4, x3))), x3), mul(add(add(sin(sub(x4, x3)), add(sin(x4), x4)), add(sin(x4), x4)), add(sub(sub(a, x2), mul(a, a)), a))), x2)))
GPU5 stages: candidates=2500 pre_s=22.720 cheap_candidates=1797 cheap_unique=1797 cheap_s=24.611/40.000 cheap_rejected=125 cheap_a_min=-0.251432022142 cheap_a_p50=2.78532009843e-05 cheap_a_p95=0.330679135651 cheap_a_max=1533.00378469 exact_a_gate=0.15 exact_provisional_penalty=3928.17976309 exact_candidates=1672 exact_unique=1672 full_exact_enabled=1 exact_capacity=1200 exact_waves=134 exact_scheduled=1200 exact_deferred=471 exact_wave=1200/1200 exact_queue_depth=0 exact_pending_instances=471 exact_s=178.952 exact_ok=1200 exact_margin_max=309.200972514 exact_scan_mean_s=0.042 exact_bisect_mean_s=0.005 exact_polish_mean_s=0.167 exact_final_mean_s=0.039 exact_margin_abs_b_max=nan cache_hits=0 cache_misses=0 cache_waits=0
178	2500 	590.392	834.397    	1282.5     	253.481	24 	102.97 	362	70.8786
Best individuals of this generation:
sub(exp(add(x3, x4)), aq(add(exp(x3), x4), sub(sub(sub(sub(sub(sin(x1), sin(x2)), sin(sub(x4, x3))), x3), mul(add(add(sin(sub(x4, x3)), add(sin(x4), x4)), add(sin(x4), x4)), add(sub(sub(a, x2), mul(a, a)), a))), x2)))
GPU5 stages: candidates=2500 pre_s=22.586 cheap_candidates=1767 cheap_unique=1767 cheap_s=26.853/40.000 cheap_rejected=152 cheap_a_min=-2.63458896437 cheap_a_p50=4.55906624832e-05 cheap_a_p95=0.541171140761 cheap_a_max=1792.06252806 exact_a_gate=0.15 exact_provisional_penalty=3928.17976309 exact_candidates=1615 exact_unique=1615 full_exact_enabled=1 exact_capacity=1200 exact_waves=134 exact_scheduled=1200 exact_deferred=415 exact_wave=1200/1200 exact_queue_depth=0 exact_pending_instances=415 exact_s=174.361 exact_ok=1200 exact_margin_max=73.3074027291 exact_scan_mean_s=0.041 exact_bisect_mean_s=0.004 exact_polish_mean_s=0.170 exact_final_mean_s=0.026 exact_margin_abs_b_max=nan cache_hits=0 cache_misses=0 cache_waits=0
179	2500 	590.392	831.498    	1282.21    	253.854	24 	103.23 	362	70.8668
Best individuals of this generation:
sub(exp(add(x3, x4)), aq(add(exp(x3), x4), sub(sub(sub(sub(sub(sin(x1), sin(x2)), sin(sub(x4, x3))), x3), mul(add(add(sin(sub(x4, x3)), add(sin(x4), x4)), add(sin(x4), x4)), add(sub(sub(a, x2), mul(a, a)), a))), x2)))
GPU5 stages: candidates=2500 pre_s=22.476 cheap_candidates=1794 cheap_unique=1794 cheap_s=26.451/40.000 cheap_rejected=155 cheap_a_min=-1.46977019917 cheap_a_p50=4.10011683933e-05 cheap_a_p95=0.61077913662 cheap_a_max=686.072519227 exact_a_gate=0.15 exact_provisional_penalty=3928.17976309 exact_candidates=1639 exact_unique=1639 full_exact_enabled=1 exact_capacity=1200 exact_waves=134 exact_scheduled=1200 exact_deferred=438 exact_wave=1200/1200 exact_queue_depth=0 exact_pending_instances=438 exact_s=177.293 exact_ok=1200 exact_margin_max=14.0730181329 exact_scan_mean_s=0.042 exact_bisect_mean_s=0.005 exact_polish_mean_s=0.167 exact_final_mean_s=0.036 exact_margin_abs_b_max=nan cache_hits=0 cache_misses=0 cache_waits=0
180	2500 	590.392	827.918    	1281.97    	254.137	24 	103.427	362	70.918 
Best individuals of this generation:
sub(exp(add(x3, x4)), aq(add(exp(x3), x4), sub(sub(sub(sub(sub(sin(x1), sin(x2)), sin(sub(x4, x3))), x3), mul(add(add(sin(sub(x4, x3)), add(sin(x4), x4)), add(sin(x4), x4)), add(sub(sub(a, x2), mul(a, a)), a))), x2)))
GPU5 stages: candidates=2500 pre_s=22.682 cheap_candidates=1793 cheap_unique=1793 cheap_s=27.000/40.000 cheap_rejected=152 cheap_a_min=-0.365930634725 cheap_a_p50=4.62385424007e-05 cheap_a_p95=0.712965308703 cheap_a_max=799.768305549 exact_a_gate=0.15 exact_provisional_penalty=3928.17976309 exact_candidates=1641 exact_unique=1641 full_exact_enabled=1 exact_capacity=1200 exact_waves=134 exact_scheduled=1200 exact_deferred=439 exact_wave=1200/1200 exact_queue_depth=0 exact_pending_instances=439 exact_s=179.899 exact_ok=1200 exact_margin_max=2119.41795517 exact_scan_mean_s=0.043 exact_bisect_mean_s=0.004 exact_polish_mean_s=0.173 exact_final_mean_s=0.030 exact_margin_abs_b_max=nan cache_hits=0 cache_misses=0 cache_waits=0
181	2500 	590.392	824.245    	1280.54    	254.525	24 	103.231	362	71.0969
Best individuals of this generation:
sub(exp(add(x3, x4)), aq(add(exp(x3), x4), sub(sub(sub(sub(sub(sin(x1), sin(x2)), sin(sub(x4, x3))), x3), mul(add(add(sin(sub(x4, x3)), add(sin(x4), x4)), add(sin(x4), x4)), add(sub(sub(a, x2), mul(a, a)), a))), x2)))
GPU5 stages: candidates=2500 pre_s=22.342 cheap_candidates=1783 cheap_unique=1782 cheap_s=25.910/40.000 cheap_rejected=144 cheap_a_min=-0.173638753266 cheap_a_p50=2.8213644759e-05 cheap_a_p95=0.457123156916 cheap_a_max=298.558927123 exact_a_gate=0.15 exact_provisional_penalty=3928.17976309 exact_candidates=1639 exact_unique=1638 full_exact_enabled=1 exact_capacity=1200 exact_waves=134 exact_scheduled=1200 exact_deferred=435 exact_wave=1200/1200 exact_queue_depth=0 exact_pending_instances=435 exact_s=173.715 exact_ok=1200 exact_margin_max=0.0543121163232 exact_scan_mean_s=0.040 exact_bisect_mean_s=0.005 exact_polish_mean_s=0.178 exact_final_mean_s=0.036 exact_margin_abs_b_max=nan cache_hits=0 cache_misses=0 cache_waits=0
182	2500 	590.392	820.857    	1279.79    	254.639	24 	103.292	362	71.2816
Best individuals of this generation:
sub(exp(add(x3, x4)), aq(add(exp(x3), x4), sub(sub(sub(sub(sub(sin(x1), sin(x2)), sin(sub(x4, x3))), x3), mul(add(add(sin(sub(x4, x3)), add(sin(x4), x4)), add(sin(x4), x4)), add(sub(sub(a, x2), mul(a, a)), a))), x2)))
GPU5 stages: candidates=2500 pre_s=22.721 cheap_candidates=1804 cheap_unique=1804 cheap_s=25.876/40.000 cheap_rejected=138 cheap_a_min=-0.25874455862 cheap_a_p50=4.10379568349e-05 cheap_a_p95=0.545607274851 cheap_a_max=1713.72367136 exact_a_gate=0.15 exact_provisional_penalty=3928.17976309 exact_candidates=1666 exact_unique=1666 full_exact_enabled=1 exact_capacity=1200 exact_waves=134 exact_scheduled=1200 exact_deferred=464 exact_wave=1200/1200 exact_queue_depth=0 exact_pending_instances=464 exact_s=176.738 exact_ok=1200 exact_margin_max=0.101428339471 exact_scan_mean_s=0.042 exact_bisect_mean_s=0.005 exact_polish_mean_s=0.173 exact_final_mean_s=0.033 exact_margin_abs_b_max=nan cache_hits=0 cache_misses=0 cache_waits=0
183	2500 	590.392	818.29     	1279.3     	254.983	24 	103.099	362	71.2211
Best individuals of this generation:
sub(exp(add(x3, x4)), aq(add(exp(x3), x4), sub(sub(sub(sub(sub(sin(x1), sin(x2)), sin(sub(x4, x3))), x3), mul(add(add(sin(sub(x4, x3)), add(sin(x4), x4)), add(sin(x4), x4)), add(sub(sub(a, x2), mul(a, a)), a))), x2)))
GPU5 stages: candidates=2500 pre_s=22.616 cheap_candidates=1802 cheap_unique=1801 cheap_s=26.508/40.000 cheap_rejected=146 cheap_a_min=-0.440844051692 cheap_a_p50=4.72857347194e-05 cheap_a_p95=0.482809158599 cheap_a_max=1386.10374431 exact_a_gate=0.15 exact_provisional_penalty=3928.17976309 exact_candidates=1656 exact_unique=1655 full_exact_enabled=1 exact_capacity=1200 exact_waves=134 exact_scheduled=1200 exact_deferred=452 exact_wave=1200/1200 exact_queue_depth=0 exact_pending_instances=452 exact_s=176.801 exact_ok=1200 exact_margin_max=0.301631326372 exact_scan_mean_s=0.041 exact_bisect_mean_s=0.006 exact_polish_mean_s=0.177 exact_final_mean_s=0.033 exact_margin_abs_b_max=nan cache_hits=0 cache_misses=0 cache_waits=0
184	2500 	590.392	816.359    	1278.59    	254.723	24 	103.08 	362	71.0016
Best individuals of this generation:
sub(exp(add(x3, x4)), aq(add(exp(x3), x4), sub(sub(sub(sub(sub(sin(x1), sin(x2)), sin(sub(x4, x3))), x3), mul(add(add(sin(sub(x4, x3)), add(sin(x4), x4)), add(sin(x4), x4)), add(sub(sub(a, x2), mul(a, a)), a))), x2)))
GPU5 stages: candidates=2500 pre_s=22.585 cheap_candidates=1819 cheap_unique=1819 cheap_s=27.369/40.000 cheap_rejected=145 cheap_a_min=-478.656712526 cheap_a_p50=4.56462686498e-05 cheap_a_p95=0.374446430997 cheap_a_max=3292.21359723 exact_a_gate=0.15 exact_provisional_penalty=3928.17976309 exact_candidates=1674 exact_unique=1674 full_exact_enabled=1 exact_capacity=1200 exact_waves=134 exact_scheduled=1200 exact_deferred=474 exact_wave=1200/1200 exact_queue_depth=0 exact_pending_instances=474 exact_s=176.540 exact_ok=1200 exact_margin_max=5.02730550471 exact_scan_mean_s=0.043 exact_bisect_mean_s=0.005 exact_polish_mean_s=0.179 exact_final_mean_s=0.029 exact_margin_abs_b_max=nan cache_hits=0 cache_misses=0 cache_waits=0
185	2500 	590.392	814.63     	1275.9     	254.405	24 	103.418	362	71.1144
Best individuals of this generation:
sub(exp(add(x3, x4)), aq(add(exp(x3), x4), sub(sub(sub(sub(sub(sin(x1), sin(x2)), sin(sub(x4, x3))), x3), mul(add(add(sin(sub(x4, x3)), add(sin(x4), x4)), add(sin(x4), x4)), add(sub(sub(a, x2), mul(a, a)), a))), x2)))
GPU5 stages: candidates=2500 pre_s=22.760 cheap_candidates=1824 cheap_unique=1824 cheap_s=27.195/40.000 cheap_rejected=146 cheap_a_min=-0.32136072886 cheap_a_p50=5.1346612532e-05 cheap_a_p95=0.395982982168 cheap_a_max=711.326950124 exact_a_gate=0.15 exact_provisional_penalty=3928.17976309 exact_candidates=1678 exact_unique=1678 full_exact_enabled=1 exact_capacity=1200 exact_waves=134 exact_scheduled=1200 exact_deferred=476 exact_wave=1200/1200 exact_queue_depth=0 exact_pending_instances=476 exact_s=179.512 exact_ok=1200 exact_margin_max=15.9680767806 exact_scan_mean_s=0.043 exact_bisect_mean_s=0.005 exact_polish_mean_s=0.187 exact_final_mean_s=0.032 exact_margin_abs_b_max=nan cache_hits=0 cache_misses=0 cache_waits=0
186	2500 	590.392	812.248    	1269.19    	253.448	24 	103.825	362	71.0315
Best individuals of this generation:
sub(exp(add(x3, x4)), aq(add(exp(x3), x4), sub(sub(sub(sub(sub(sin(x1), sin(x2)), sin(sub(x4, x3))), x3), mul(add(add(sin(sub(x4, x3)), add(sin(x4), x4)), add(sin(x4), x4)), add(sub(sub(a, x2), mul(a, a)), a))), x2)))
GPU5 stages: candidates=2500 pre_s=22.747 cheap_candidates=1844 cheap_unique=1844 cheap_s=27.314/40.000 cheap_rejected=142 cheap_a_min=-0.364378422583 cheap_a_p50=5.73021364248e-05 cheap_a_p95=0.399649784026 cheap_a_max=585.995459994 exact_a_gate=0.15 exact_provisional_penalty=3928.17976309 exact_candidates=1702 exact_unique=1702 full_exact_enabled=1 exact_capacity=1200 exact_waves=134 exact_scheduled=1200 exact_deferred=502 exact_wave=1200/1200 exact_queue_depth=0 exact_pending_instances=502 exact_s=175.294 exact_ok=1200 exact_margin_max=521.338234241 exact_scan_mean_s=0.042 exact_bisect_mean_s=0.004 exact_polish_mean_s=0.180 exact_final_mean_s=0.035 exact_margin_abs_b_max=nan cache_hits=0 cache_misses=0 cache_waits=0
187	2500 	590.392	809.859    	1262.73    	252.121	24 	104.3  	362	71.1647
Best individuals of this generation:
sub(exp(add(x3, x4)), aq(add(exp(x3), x4), sub(sub(sub(sub(sub(sin(x1), sin(x2)), sin(sub(x4, x3))), x3), mul(add(add(sin(sub(x4, x3)), add(sin(x4), x4)), add(sin(x4), x4)), add(sub(sub(a, x2), mul(a, a)), a))), x2)))
GPU5 stages: candidates=2500 pre_s=22.751 cheap_candidates=1819 cheap_unique=1819 cheap_s=28.106/40.000 cheap_rejected=145 cheap_a_min=-0.23035767217 cheap_a_p50=5.20522657203e-05 cheap_a_p95=0.486961087528 cheap_a_max=1061.33333359 exact_a_gate=0.15 exact_provisional_penalty=3928.17976309 exact_candidates=1674 exact_unique=1674 full_exact_enabled=1 exact_capacity=1200 exact_waves=134 exact_scheduled=1200 exact_deferred=474 exact_wave=1200/1200 exact_queue_depth=0 exact_pending_instances=474 exact_s=180.051 exact_ok=1200 exact_margin_max=365825.960397 exact_scan_mean_s=0.041 exact_bisect_mean_s=0.005 exact_polish_mean_s=0.194 exact_final_mean_s=0.034 exact_margin_abs_b_max=nan cache_hits=0 cache_misses=0 cache_waits=0
188	2500 	581.99 	807.197    	1261.02    	250.947	24 	104.676	362	71.135 
Best individuals of this generation:
add(mul(x1, aq(x1, x3)), mul(mul(sub(add(mul(x2, mul(aq(sub(add(mul(x2, exp(a)), exp(x1)), mul(x3, sub(x2, sin(add(x2, x3))))), add(sub(a, sin(sub(x4, x2))), x2)), sub(aq(x2, x3), x3))), exp(mul(sin(x3), x3))), mul(x2, sub(x2, x4))), aq(add(exp(a), add(x2, x1)), x1)), add(add(mul(mul(sub(add(x2, exp(x1)), mul(x3, sub(x2, x4))), aq(add(x2, x1), x1)), add(exp(a), add(x2, aq(x2, x1)))), mul(mul(sub(add(mul(exp(x2), mul(x3, x2)), exp(x1)), mul(x3, aq(add(x2, x1), x1))), aq(add(x2, x1), x1)), add(exp(a), add(x2, aq(x2, x1))))), add(mul(x3, x3), x1))))
GPU5 stages: candidates=2500 pre_s=22.833 cheap_candidates=1863 cheap_unique=1863 cheap_s=28.779/40.000 cheap_rejected=162 cheap_a_min=-262.784845295 cheap_a_p50=0.000112688328577 cheap_a_p95=0.519638295785 cheap_a_max=918.012971894 exact_a_gate=0.15 exact_provisional_penalty=3928.17976309 exact_candidates=1701 exact_unique=1701 full_exact_enabled=1 exact_capacity=1200 exact_waves=134 exact_scheduled=1200 exact_deferred=500 exact_wave=1200/1200 exact_queue_depth=0 exact_pending_instances=500 exact_s=180.393 exact_ok=1200 exact_margin_max=1154.84156634 exact_scan_mean_s=0.043 exact_bisect_mean_s=0.006 exact_polish_mean_s=0.201 exact_final_mean_s=0.031 exact_margin_abs_b_max=nan cache_hits=0 cache_misses=0 cache_waits=0
189	2500 	581.99 	804.576    	1260.65    	249.946	24 	105.116	362	70.9492
Best individuals of this generation:
add(mul(x1, aq(x1, x3)), mul(mul(sub(add(mul(x2, mul(aq(sub(add(mul(x2, exp(a)), exp(x1)), mul(x3, sub(x2, sin(add(x2, x3))))), add(sub(a, sin(sub(x4, x2))), x2)), sub(aq(x2, x3), x3))), exp(mul(sin(x3), x3))), mul(x2, sub(x2, x4))), aq(add(exp(a), add(x2, x1)), x1)), add(add(mul(mul(sub(add(x2, exp(x1)), mul(x3, sub(x2, x4))), aq(add(x2, x1), x1)), add(exp(a), add(x2, aq(x2, x1)))), mul(mul(sub(add(mul(exp(x2), mul(x3, x2)), exp(x1)), mul(x3, aq(add(x2, x1), x1))), aq(add(x2, x1), x1)), add(exp(a), add(x2, aq(x2, x1))))), add(mul(x3, x3), x1))))
GPU5 stages: candidates=2500 pre_s=22.523 cheap_candidates=1864 cheap_unique=1864 cheap_s=28.593/40.000 cheap_rejected=169 cheap_a_min=-0.366758680498 cheap_a_p50=6.90950555132e-05 cheap_a_p95=0.775759002841 cheap_a_max=3880.57857713 exact_a_gate=0.15 exact_provisional_penalty=3928.17976309 exact_candidates=1695 exact_unique=1695 full_exact_enabled=1 exact_capacity=1200 exact_waves=134 exact_scheduled=1200 exact_deferred=494 exact_wave=1200/1200 exact_queue_depth=0 exact_pending_instances=494 exact_s=175.447 exact_ok=1200 exact_margin_max=0.0619071286136 exact_scan_mean_s=0.043 exact_bisect_mean_s=0.003 exact_polish_mean_s=0.186 exact_final_mean_s=0.024 exact_margin_abs_b_max=nan cache_hits=0 cache_misses=0 cache_waits=0
190	2500 	581.99 	801.41     	1259.92    	248.486	24 	105.501	362	70.9287
Best individuals of this generation:
add(mul(x1, aq(x1, x3)), mul(mul(sub(add(mul(x2, mul(aq(sub(add(mul(x2, exp(a)), exp(x1)), mul(x3, sub(x2, sin(add(x2, x3))))), add(sub(a, sin(sub(x4, x2))), x2)), sub(aq(x2, x3), x3))), exp(mul(sin(x3), x3))), mul(x2, sub(x2, x4))), aq(add(exp(a), add(x2, x1)), x1)), add(add(mul(mul(sub(add(x2, exp(x1)), mul(x3, sub(x2, x4))), aq(add(x2, x1), x1)), add(exp(a), add(x2, aq(x2, x1)))), mul(mul(sub(add(mul(exp(x2), mul(x3, x2)), exp(x1)), mul(x3, aq(add(x2, x1), x1))), aq(add(x2, x1), x1)), add(exp(a), add(x2, aq(x2, x1))))), add(mul(x3, x3), x1))))
GPU5 stages: candidates=2500 pre_s=22.490 cheap_candidates=1843 cheap_unique=1843 cheap_s=26.939/40.000 cheap_rejected=133 cheap_a_min=-0.319592883237 cheap_a_p50=5.31437553615e-05 cheap_a_p95=0.322045297823 cheap_a_max=1160.18079318 exact_a_gate=0.15 exact_provisional_penalty=3928.17976309 exact_candidates=1710 exact_unique=1710 full_exact_enabled=1 exact_capacity=1200 exact_waves=134 exact_scheduled=1200 exact_deferred=508 exact_wave=1200/1200 exact_queue_depth=0 exact_pending_instances=508 exact_s=176.111 exact_ok=1200 exact_margin_max=24.3860694857 exact_scan_mean_s=0.042 exact_bisect_mean_s=0.004 exact_polish_mean_s=0.189 exact_final_mean_s=0.031 exact_margin_abs_b_max=nan cache_hits=0 cache_misses=0 cache_waits=0
191	2500 	581.99 	797.679    	1259.63    	246.704	24 	105.526	362	70.7081
Best individuals of this generation:
add(mul(x1, aq(x1, x3)), mul(mul(sub(add(mul(x2, mul(aq(sub(add(mul(x2, exp(a)), exp(x1)), mul(x3, sub(x2, sin(add(x2, x3))))), add(sub(a, sin(sub(x4, x2))), x2)), sub(aq(x2, x3), x3))), exp(mul(sin(x3), x3))), mul(x2, sub(x2, x4))), aq(add(exp(a), add(x2, x1)), x1)), add(add(mul(mul(sub(add(x2, exp(x1)), mul(x3, sub(x2, x4))), aq(add(x2, x1), x1)), add(exp(a), add(x2, aq(x2, x1)))), mul(mul(sub(add(mul(exp(x2), mul(x3, x2)), exp(x1)), mul(x3, aq(add(x2, x1), x1))), aq(add(x2, x1), x1)), add(exp(a), add(x2, aq(x2, x1))))), add(mul(x3, x3), x1))))
GPU5 stages: candidates=2500 pre_s=22.607 cheap_candidates=1828 cheap_unique=1828 cheap_s=29.130/40.000 cheap_rejected=163 cheap_a_min=-0.213733970599 cheap_a_p50=0.000107447135888 cheap_a_p95=0.902626384963 cheap_a_max=1441.26261574 exact_a_gate=0.15 exact_provisional_penalty=3928.17976309 exact_candidates=1665 exact_unique=1665 full_exact_enabled=1 exact_capacity=1200 exact_waves=134 exact_scheduled=1200 exact_deferred=462 exact_wave=1200/1200 exact_queue_depth=0 exact_pending_instances=462 exact_s=179.748 exact_ok=1200 exact_margin_max=4.73503387726e+15 exact_scan_mean_s=0.042 exact_bisect_mean_s=0.008 exact_polish_mean_s=0.190 exact_final_mean_s=0.032 exact_margin_abs_b_max=nan cache_hits=0 cache_misses=0 cache_waits=0
192	2500 	581.99 	792.607    	1259.55    	244.41 	24 	105.494	362	70.5385
Best individuals of this generation:
add(mul(x1, aq(x1, x3)), mul(mul(sub(add(mul(x2, mul(aq(sub(add(mul(x2, exp(a)), exp(x1)), mul(x3, sub(x2, sin(add(x2, x3))))), add(sub(a, sin(sub(x4, x2))), x2)), sub(aq(x2, x3), x3))), exp(mul(sin(x3), x3))), mul(x2, sub(x2, x4))), aq(add(exp(a), add(x2, x1)), x1)), add(add(mul(mul(sub(add(x2, exp(x1)), mul(x3, sub(x2, x4))), aq(add(x2, x1), x1)), add(exp(a), add(x2, aq(x2, x1)))), mul(mul(sub(add(mul(exp(x2), mul(x3, x2)), exp(x1)), mul(x3, aq(add(x2, x1), x1))), aq(add(x2, x1), x1)), add(exp(a), add(x2, aq(x2, x1))))), add(mul(x3, x3), x1))))
GPU5 stages: candidates=2500 pre_s=22.819 cheap_candidates=1833 cheap_unique=1832 cheap_s=28.242/40.000 cheap_rejected=146 cheap_a_min=-0.691489464075 cheap_a_p50=0.000137753548899 cheap_a_p95=0.685035428415 cheap_a_max=1196.80255188 exact_a_gate=0.15 exact_provisional_penalty=3928.17976309 exact_candidates=1687 exact_unique=1687 full_exact_enabled=1 exact_capacity=1200 exact_waves=134 exact_scheduled=1200 exact_deferred=484 exact_wave=1200/1200 exact_queue_depth=0 exact_pending_instances=484 exact_s=173.652 exact_ok=1200 exact_margin_max=6.22370768387 exact_scan_mean_s=0.041 exact_bisect_mean_s=0.005 exact_polish_mean_s=0.192 exact_final_mean_s=0.029 exact_margin_abs_b_max=nan cache_hits=0 cache_misses=0 cache_waits=0
193	2500 	579.497	788.92     	1259.49    	242.771	32 	105.609	362	70.4439
Best individuals of this generation:
add(mul(x1, aq(x1, x3)), mul(mul(sub(add(mul(add(x2, x3), mul(aq(sub(x3, mul(x3, x2)), add(sub(a, sin(sub(x4, x2))), x2)), sub(aq(x2, x3), x3))), exp(mul(a, x1))), mul(x2, sub(x2, x4))), aq(add(exp(a), add(x2, x1)), x1)), add(add(mul(mul(sub(add(x2, exp(x1)), mul(x3, sub(x2, x4))), aq(add(x2, x1), sub(add(mul(x2, mul(x2, x2)), exp(x1)), mul(x1, sub(x2, x4))))), add(exp(a), add(x2, sin(aq(x2, a))))), mul(mul(sub(add(mul(mul(x2, a), mul(x3, x2)), exp(x1)), mul(x3, aq(mul(x2, x1), x1))), aq(add(x2, x1), x1)), x2)), add(mul(x3, sub(x3, mul(sub(add(mul(x2, sub(sub(sin(x1), mul(x3, x1)), x4)), exp(x1)), mul(x3, mul(a, x1))), aq(add(x2, x1), x1)))), x1))))
GPU5 stages: candidates=2500 pre_s=22.591 cheap_candidates=1854 cheap_unique=1854 cheap_s=28.466/40.000 cheap_rejected=171 cheap_a_min=-0.349683773687 cheap_a_p50=0.000119162123692 cheap_a_p95=0.699168865388 cheap_a_max=533.027304008 exact_a_gate=0.15 exact_provisional_penalty=3928.17976309 exact_candidates=1683 exact_unique=1683 full_exact_enabled=1 exact_capacity=1200 exact_waves=134 exact_scheduled=1200 exact_deferred=480 exact_wave=1200/1200 exact_queue_depth=0 exact_pending_instances=480 exact_s=172.967 exact_ok=1200 exact_margin_max=23.0446629183 exact_scan_mean_s=0.045 exact_bisect_mean_s=0.003 exact_polish_mean_s=0.183 exact_final_mean_s=0.024 exact_margin_abs_b_max=nan cache_hits=0 cache_misses=0 cache_waits=0
194	2500 	579.497	784.425    	1259.23    	239.822	33 	105.854	362	70.098 
Best individuals of this generation:
add(mul(x1, aq(x1, x3)), mul(mul(sub(add(mul(add(x2, x3), mul(aq(sub(x3, mul(x3, x2)), add(sub(a, sin(sub(x4, x2))), x2)), sub(aq(x2, x3), x3))), exp(mul(a, x1))), mul(x2, sub(x2, x4))), aq(add(exp(a), add(x2, x1)), x1)), add(add(mul(mul(sub(add(x2, exp(x1)), mul(x3, sub(x2, x4))), aq(add(x2, x1), sub(add(mul(x2, mul(x2, x2)), exp(x1)), mul(x1, sub(x2, x4))))), add(exp(a), add(x2, sin(aq(x2, a))))), mul(mul(sub(add(mul(mul(x2, a), mul(x3, x2)), exp(x1)), mul(x3, aq(mul(x2, x1), x1))), aq(add(x2, x1), x1)), x2)), add(mul(x3, sub(x3, mul(sub(add(mul(x2, sub(sub(sin(x1), mul(x3, x1)), x4)), exp(x1)), mul(x3, mul(a, x1))), aq(add(x2, x1), x1)))), x1))))
GPU5 stages: candidates=2500 pre_s=22.715 cheap_candidates=1832 cheap_unique=1832 cheap_s=28.938/40.000 cheap_rejected=147 cheap_a_min=-0.49512940145 cheap_a_p50=0.000104093770039 cheap_a_p95=0.672531297468 cheap_a_max=1190.60377563 exact_a_gate=0.15 exact_provisional_penalty=3928.17976309 exact_candidates=1685 exact_unique=1685 full_exact_enabled=1 exact_capacity=1200 exact_waves=134 exact_scheduled=1200 exact_deferred=483 exact_wave=1200/1200 exact_queue_depth=0 exact_pending_instances=483 exact_s=174.582 exact_ok=1200 exact_margin_max=70.2603234467 exact_scan_mean_s=0.042 exact_bisect_mean_s=0.006 exact_polish_mean_s=0.201 exact_final_mean_s=0.031 exact_margin_abs_b_max=nan cache_hits=0 cache_misses=0 cache_waits=0
195	2500 	579.497	781.146    	1258.88    	238.05 	33 	105.95 	361	69.7595
Best individuals of this generation:
add(mul(x1, aq(x1, x3)), mul(mul(sub(add(mul(add(x2, x3), mul(aq(sub(x3, mul(x3, x2)), add(sub(a, sin(sub(x4, x2))), x2)), sub(aq(x2, x3), x3))), exp(mul(a, x1))), mul(x2, sub(x2, x4))), aq(add(exp(a), add(x2, x1)), x1)), add(add(mul(mul(sub(add(x2, exp(x1)), mul(x3, sub(x2, x4))), aq(add(x2, x1), sub(add(mul(x2, mul(x2, x2)), exp(x1)), mul(x1, sub(x2, x4))))), add(exp(a), add(x2, sin(aq(x2, a))))), mul(mul(sub(add(mul(mul(x2, a), mul(x3, x2)), exp(x1)), mul(x3, aq(mul(x2, x1), x1))), aq(add(x2, x1), x1)), x2)), add(mul(x3, sub(x3, mul(sub(add(mul(x2, sub(sub(sin(x1), mul(x3, x1)), x4)), exp(x1)), mul(x3, mul(a, x1))), aq(add(x2, x1), x1)))), x1))))
GPU5 stages: candidates=2500 pre_s=22.554 cheap_candidates=1812 cheap_unique=1811 cheap_s=27.669/40.000 cheap_rejected=149 cheap_a_min=-0.383863547418 cheap_a_p50=0.000104018056319 cheap_a_p95=0.76945065063 cheap_a_max=350.359364611 exact_a_gate=0.15 exact_provisional_penalty=3928.17976309 exact_candidates=1663 exact_unique=1662 full_exact_enabled=1 exact_capacity=1200 exact_waves=134 exact_scheduled=1200 exact_deferred=458 exact_wave=1200/1200 exact_queue_depth=0 exact_pending_instances=458 exact_s=187.990 exact_ok=1200 exact_margin_max=1.02852340061e+27 exact_scan_mean_s=0.046 exact_bisect_mean_s=0.013 exact_polish_mean_s=0.198 exact_final_mean_s=0.030 exact_margin_abs_b_max=6.84e+25 cache_hits=0 cache_misses=0 cache_waits=0
196	2500 	579.497	778.875    	1258.51    	236.851	33 	106.026	361	69.7403
Best individuals of this generation:
add(mul(x1, aq(x1, x3)), mul(mul(sub(add(mul(add(x2, x3), mul(aq(sub(x3, mul(x3, x2)), add(sub(a, sin(sub(x4, x2))), x2)), sub(aq(x2, x3), x3))), exp(mul(a, x1))), mul(x2, sub(x2, x4))), aq(add(exp(a), add(x2, x1)), x1)), add(add(mul(mul(sub(add(x2, exp(x1)), mul(x3, sub(x2, x4))), aq(add(x2, x1), sub(add(mul(x2, mul(x2, x2)), exp(x1)), mul(x1, sub(x2, x4))))), add(exp(a), add(x2, sin(aq(x2, a))))), mul(mul(sub(add(mul(mul(x2, a), mul(x3, x2)), exp(x1)), mul(x3, aq(mul(x2, x1), x1))), aq(add(x2, x1), x1)), x2)), add(mul(x3, sub(x3, mul(sub(add(mul(x2, sub(sub(sin(x1), mul(x3, x1)), x4)), exp(x1)), mul(x3, mul(a, x1))), aq(add(x2, x1), x1)))), x1))))
GPU5 stages: candidates=2500 pre_s=22.707 cheap_candidates=1801 cheap_unique=1801 cheap_s=29.578/40.000 cheap_rejected=138 cheap_a_min=-0.179585737043 cheap_a_p50=0.000132129566496 cheap_a_p95=0.404826095129 cheap_a_max=258.009414649 exact_a_gate=0.15 exact_provisional_penalty=3928.17976309 exact_candidates=1663 exact_unique=1663 full_exact_enabled=1 exact_capacity=1200 exact_waves=134 exact_scheduled=1200 exact_deferred=461 exact_wave=1200/1200 exact_queue_depth=0 exact_pending_instances=461 exact_s=181.045 exact_ok=1200 exact_margin_max=101.428714033 exact_scan_mean_s=0.043 exact_bisect_mean_s=0.004 exact_polish_mean_s=0.197 exact_final_mean_s=0.034 exact_margin_abs_b_max=nan cache_hits=0 cache_misses=0 cache_waits=0
197	2500 	577.071	777.234    	1258.13    	235.619	33 	106.304	361	69.5216
Best individuals of this generation:
add(mul(x1, aq(x1, x3)), mul(mul(sub(add(mul(x2, mul(aq(sub(x3, mul(x3, x1)), sub(sub(a, sin(sub(x4, x2))), x2)), sub(aq(x2, x3), x3))), exp(mul(sin(x3), x3))), mul(x2, sub(x2, x4))), aq(add(exp(a), add(x2, x1)), x1)), add(add(mul(mul(sub(add(x2, exp(x1)), mul(x3, sub(x2, x4))), aq(add(x2, x1), x1)), add(exp(a), add(x2, sin(aq(x2, a))))), mul(mul(sub(add(mul(mul(x2, a), mul(x3, x2)), exp(x1)), mul(x3, aq(add(x2, x1), x1))), aq(add(x2, x1), x1)), x2)), add(mul(x3, sub(x3, mul(sub(add(mul(x2, sub(sub(sin(x1), mul(x3, x1)), x4)), mul(x1, aq(x1, x3))), mul(x3, mul(a, x1))), aq(add(x2, x1), x1)))), x1))))
GPU5 stages: candidates=2500 pre_s=22.793 cheap_candidates=1844 cheap_unique=1844 cheap_s=29.160/40.000 cheap_rejected=144 cheap_a_min=-0.51537420262 cheap_a_p50=0.000122806720592 cheap_a_p95=0.356881254885 cheap_a_max=1213.81176441 exact_a_gate=0.15 exact_provisional_penalty=3928.17976309 exact_candidates=1700 exact_unique=1700 full_exact_enabled=1 exact_capacity=1200 exact_waves=134 exact_scheduled=1200 exact_deferred=495 exact_wave=1200/1200 exact_queue_depth=0 exact_pending_instances=495 exact_s=181.265 exact_ok=1200 exact_margin_max=2.86062241084e+30 exact_scan_mean_s=0.042 exact_bisect_mean_s=0.008 exact_polish_mean_s=0.210 exact_final_mean_s=0.032 exact_margin_abs_b_max=2.01e+29 cache_hits=0 cache_misses=0 cache_waits=0
198	2500 	577.071	774.952    	1257.72    	234.406	33 	106.521	361	69.3388
Best individuals of this generation:
add(mul(x1, aq(x1, x3)), mul(mul(sub(add(mul(x2, mul(aq(sub(x3, mul(x3, x1)), sub(sub(a, sin(sub(x4, x2))), x2)), sub(aq(x2, x3), x3))), exp(mul(sin(x3), x3))), mul(x2, sub(x2, x4))), aq(add(exp(a), add(x2, x1)), x1)), add(add(mul(mul(sub(add(x2, exp(x1)), mul(x3, sub(x2, x4))), aq(add(x2, x1), x1)), add(exp(a), add(x2, sin(aq(x2, a))))), mul(mul(sub(add(mul(mul(x2, a), mul(x3, x2)), exp(x1)), mul(x3, aq(add(x2, x1), x1))), aq(add(x2, x1), x1)), x2)), add(mul(x3, sub(x3, mul(sub(add(mul(x2, sub(sub(sin(x1), mul(x3, x1)), x4)), mul(x1, aq(x1, x3))), mul(x3, mul(a, x1))), aq(add(x2, x1), x1)))), x1))))
GPU5 stages: candidates=2500 pre_s=22.645 cheap_candidates=1802 cheap_unique=1802 cheap_s=29.549/40.000 cheap_rejected=149 cheap_a_min=-0.212864097157 cheap_a_p50=0.000129773851321 cheap_a_p95=0.407746125743 cheap_a_max=662.680675731 exact_a_gate=0.15 exact_provisional_penalty=3928.17976309 exact_candidates=1653 exact_unique=1653 full_exact_enabled=1 exact_capacity=1200 exact_waves=134 exact_scheduled=1200 exact_deferred=453 exact_wave=1200/1200 exact_queue_depth=0 exact_pending_instances=453 exact_s=180.957 exact_ok=1200 exact_margin_max=1373.40184871 exact_scan_mean_s=0.042 exact_bisect_mean_s=0.005 exact_polish_mean_s=0.198 exact_final_mean_s=0.032 exact_margin_abs_b_max=nan cache_hits=0 cache_misses=0 cache_waits=0
199	2500 	566.481	772.356    	1257.34    	232.164	33 	106.825	361	69.0003
Best individuals of this generation:
add(mul(x1, aq(x1, add(add(x1, mul(sin(add(x2, x1)), mul(sub(a, x3), add(a, a)))), x3))), mul(mul(sub(add(mul(x2, mul(aq(sub(add(mul(x2, mul(x1, x1)), exp(x1)), x2), add(a, x2)), sub(aq(x2, x3), x3))), exp(mul(sin(x4), x4))), mul(x3, sub(x2, x4))), aq(add(exp(a), add(x2, x1)), a)), add(add(mul(x3, add(add(x3, x1), x2)), add(x2, mul(mul(sub(add(mul(x2, mul(x3, x2)), exp(x1)), mul(x3, sub(x2, x4))), aq(add(x2, x1), x1)), add(exp(a), add(x2, aq(x2, x1)))))), add(exp(a), add(x2, aq(x2, a))))))
GPU5 stages: candidates=2500 pre_s=22.612 cheap_candidates=1810 cheap_unique=1810 cheap_s=29.774/40.000 cheap_rejected=142 cheap_a_min=-0.232998608427 cheap_a_p50=0.000112049542476 cheap_a_p95=0.372503616634 cheap_a_max=754.930709542 exact_a_gate=0.15 exact_provisional_penalty=3928.17976309 exact_candidates=1668 exact_unique=1668 full_exact_enabled=1 exact_capacity=1200 exact_waves=134 exact_scheduled=1200 exact_deferred=466 exact_wave=1200/1200 exact_queue_depth=0 exact_pending_instances=466 exact_s=179.036 exact_ok=1200 exact_margin_max=2.90735504968e+15 exact_scan_mean_s=0.041 exact_bisect_mean_s=0.005 exact_polish_mean_s=0.213 exact_final_mean_s=0.028 exact_margin_abs_b_max=nan cache_hits=0 cache_misses=0 cache_waits=0
200	2500 	566.481	768.895    	1256.98    	229.749	33 	107.266	361	68.8304
Best individuals of this generation:
add(mul(x1, aq(x1, add(add(x1, mul(sin(add(x2, x1)), mul(sub(a, x3), add(a, a)))), x3))), mul(mul(sub(add(mul(x2, mul(aq(sub(add(mul(x2, mul(x1, x1)), exp(x1)), x2), add(a, x2)), sub(aq(x2, x3), x3))), exp(mul(sin(x4), x4))), mul(x3, sub(x2, x4))), aq(add(exp(a), add(x2, x1)), a)), add(add(mul(x3, add(add(x3, x1), x2)), add(x2, mul(mul(sub(add(mul(x2, mul(x3, x2)), exp(x1)), mul(x3, sub(x2, x4))), aq(add(x2, x1), x1)), add(exp(a), add(x2, aq(x2, x1)))))), add(exp(a), add(x2, aq(x2, a))))))
GPU5 stages: candidates=2500 pre_s=22.757 cheap_candidates=1833 cheap_unique=1833 cheap_s=30.540/40.000 cheap_rejected=164 cheap_a_min=-0.408635668569 cheap_a_p50=0.000107384631094 cheap_a_p95=0.489924423714 cheap_a_max=1026.39246192 exact_a_gate=0.15 exact_provisional_penalty=3928.17976309 exact_candidates=1669 exact_unique=1669 full_exact_enabled=1 exact_capacity=1200 exact_waves=134 exact_scheduled=1200 exact_deferred=468 exact_wave=1200/1200 exact_queue_depth=0 exact_pending_instances=468 exact_s=180.896 exact_ok=1200 exact_margin_max=83.2208255183 exact_scan_mean_s=0.042 exact_bisect_mean_s=0.006 exact_polish_mean_s=0.210 exact_final_mean_s=0.030 exact_margin_abs_b_max=nan cache_hits=0 cache_misses=0 cache_waits=0
201	2500 	566.481	765.161    	1256.58    	226.913	33 	107.534	361	68.4552
Best individuals of this generation:
add(mul(x1, aq(x1, add(add(x1, mul(sin(add(x2, x1)), mul(sub(a, x3), add(a, a)))), x3))), mul(mul(sub(add(mul(x2, mul(aq(sub(add(mul(x2, mul(x1, x1)), exp(x1)), x2), add(a, x2)), sub(aq(x2, x3), x3))), exp(mul(sin(x4), x4))), mul(x3, sub(x2, x4))), aq(add(exp(a), add(x2, x1)), a)), add(add(mul(x3, add(add(x3, x1), x2)), add(x2, mul(mul(sub(add(mul(x2, mul(x3, x2)), exp(x1)), mul(x3, sub(x2, x4))), aq(add(x2, x1), x1)), add(exp(a), add(x2, aq(x2, x1)))))), add(exp(a), add(x2, aq(x2, a))))))
GPU5 stages: candidates=2500 pre_s=22.953 cheap_candidates=1845 cheap_unique=1845 cheap_s=31.002/40.000 cheap_rejected=178 cheap_a_min=-0.181259503919 cheap_a_p50=0.000127867879525 cheap_a_p95=0.95101970914 cheap_a_max=2183.8548874 exact_a_gate=0.15 exact_provisional_penalty=3928.17976309 exact_candidates=1667 exact_unique=1667 full_exact_enabled=1 exact_capacity=1200 exact_waves=134 exact_scheduled=1200 exact_deferred=464 exact_wave=1200/1200 exact_queue_depth=0 exact_pending_instances=464 exact_s=179.539 exact_ok=1200 exact_margin_max=20.2645852621 exact_scan_mean_s=0.042 exact_bisect_mean_s=0.004 exact_polish_mean_s=0.206 exact_final_mean_s=0.023 exact_margin_abs_b_max=nan cache_hits=0 cache_misses=0 cache_waits=0
202	2500 	566.481	761.286    	1256.26    	224.307	33 	107.906	361	68.2508
Best individuals of this generation:
add(mul(x1, aq(x1, add(add(x1, mul(sin(add(x2, x1)), mul(sub(a, x3), add(a, a)))), x3))), mul(mul(sub(add(mul(x2, mul(aq(sub(add(mul(x2, mul(x1, x1)), exp(x1)), x2), add(a, x2)), sub(aq(x2, x3), x3))), exp(mul(sin(x4), x4))), mul(x3, sub(x2, x4))), aq(add(exp(a), add(x2, x1)), a)), add(add(mul(x3, add(add(x3, x1), x2)), add(x2, mul(mul(sub(add(mul(x2, mul(x3, x2)), exp(x1)), mul(x3, sub(x2, x4))), aq(add(x2, x1), x1)), add(exp(a), add(x2, aq(x2, x1)))))), add(exp(a), add(x2, aq(x2, a))))))
GPU5 stages: candidates=2500 pre_s=22.644 cheap_candidates=1824 cheap_unique=1824 cheap_s=31.017/40.000 cheap_rejected=153 cheap_a_min=-0.303297357686 cheap_a_p50=0.000132493779754 cheap_a_p95=0.434646382076 cheap_a_max=1469.81936134 exact_a_gate=0.15 exact_provisional_penalty=3928.17976309 exact_candidates=1671 exact_unique=1671 full_exact_enabled=1 exact_capacity=1200 exact_waves=134 exact_scheduled=1200 exact_deferred=467 exact_wave=1200/1200 exact_queue_depth=0 exact_pending_instances=467 exact_s=179.890 exact_ok=1200 exact_margin_max=13.9731802646 exact_scan_mean_s=0.042 exact_bisect_mean_s=0.004 exact_polish_mean_s=0.203 exact_final_mean_s=0.026 exact_margin_abs_b_max=nan cache_hits=0 cache_misses=0 cache_waits=0
203	2500 	566.481	756.626    	1255.88    	221.38 	33 	108.574	361	68.0802
Best individuals of this generation:
add(mul(x1, aq(x1, add(add(x1, mul(sin(add(x2, x1)), mul(sub(a, x3), add(a, a)))), x3))), mul(mul(sub(add(mul(x2, mul(aq(sub(add(mul(x2, mul(x1, x1)), exp(x1)), x2), add(a, x2)), sub(aq(x2, x3), x3))), exp(mul(sin(x4), x4))), mul(x3, sub(x2, x4))), aq(add(exp(a), add(x2, x1)), a)), add(add(mul(x3, add(add(x3, x1), x2)), add(x2, mul(mul(sub(add(mul(x2, mul(x3, x2)), exp(x1)), mul(x3, sub(x2, x4))), aq(add(x2, x1), x1)), add(exp(a), add(x2, aq(x2, x1)))))), add(exp(a), add(x2, aq(x2, a))))))
GPU5 stages: candidates=2500 pre_s=22.742 cheap_candidates=1820 cheap_unique=1820 cheap_s=31.239/40.000 cheap_rejected=173 cheap_a_min=-2.17826183572 cheap_a_p50=0.000115285368899 cheap_a_p95=0.720427848544 cheap_a_max=1241.95086341 exact_a_gate=0.15 exact_provisional_penalty=3928.17976309 exact_candidates=1647 exact_unique=1647 full_exact_enabled=1 exact_capacity=1200 exact_waves=134 exact_scheduled=1200 exact_deferred=445 exact_wave=1200/1200 exact_queue_depth=0 exact_pending_instances=445 exact_s=184.712 exact_ok=1200 exact_margin_max=3.14131463864 exact_scan_mean_s=0.043 exact_bisect_mean_s=0.006 exact_polish_mean_s=0.211 exact_final_mean_s=0.025 exact_margin_abs_b_max=nan cache_hits=0 cache_misses=0 cache_waits=0
204	2500 	566.481	752.584    	1255.5     	218.844	35 	109.3  	361	67.813 
Best individuals of this generation:
add(mul(x1, aq(x1, add(add(x1, mul(sin(add(x2, x1)), mul(sub(a, x3), add(a, a)))), x3))), mul(mul(sub(add(mul(x2, mul(aq(sub(add(mul(x2, mul(x1, x1)), exp(x1)), x2), add(a, x2)), sub(aq(x2, x3), x3))), exp(mul(sin(x4), x4))), mul(x3, sub(x2, x4))), aq(add(exp(a), add(x2, x1)), a)), add(add(mul(x3, add(add(x3, x1), x2)), add(x2, mul(mul(sub(add(mul(x2, mul(x3, x2)), exp(x1)), mul(x3, sub(x2, x4))), aq(add(x2, x1), x1)), add(exp(a), add(x2, aq(x2, x1)))))), add(exp(a), add(x2, aq(x2, a))))))
GPU5 stages: candidates=2500 pre_s=22.973 cheap_candidates=1800 cheap_unique=1800 cheap_s=32.114/40.000 cheap_rejected=160 cheap_a_min=-0.958405090504 cheap_a_p50=0.000133971882457 cheap_a_p95=0.711590130317 cheap_a_max=1710.87183337 exact_a_gate=0.15 exact_provisional_penalty=3928.17976309 exact_candidates=1640 exact_unique=1640 full_exact_enabled=1 exact_capacity=1200 exact_waves=134 exact_scheduled=1200 exact_deferred=440 exact_wave=1200/1200 exact_queue_depth=0 exact_pending_instances=440 exact_s=182.800 exact_ok=1200 exact_margin_max=2.96859725644 exact_scan_mean_s=0.042 exact_bisect_mean_s=0.005 exact_polish_mean_s=0.215 exact_final_mean_s=0.024 exact_margin_abs_b_max=nan cache_hits=0 cache_misses=0 cache_waits=0
205	2500 	566.481	748.751    	1246.17    	215.248	35 	109.783	359	67.7036
Best individuals of this generation:
add(mul(x1, aq(x1, add(add(x1, mul(sin(add(x2, x1)), mul(sub(a, x3), add(a, a)))), x3))), mul(mul(sub(add(mul(x2, mul(aq(sub(add(mul(x2, mul(x1, x1)), exp(x1)), x2), add(a, x2)), sub(aq(x2, x3), x3))), exp(mul(sin(x4), x4))), mul(x3, sub(x2, x4))), aq(add(exp(a), add(x2, x1)), a)), add(add(mul(x3, add(add(x3, x1), x2)), add(x2, mul(mul(sub(add(mul(x2, mul(x3, x2)), exp(x1)), mul(x3, sub(x2, x4))), aq(add(x2, x1), x1)), add(exp(a), add(x2, aq(x2, x1)))))), add(exp(a), add(x2, aq(x2, a))))))
GPU5 stages: candidates=2500 pre_s=22.676 cheap_candidates=1803 cheap_unique=1803 cheap_s=31.130/40.000 cheap_rejected=162 cheap_a_min=-0.203282466566 cheap_a_p50=0.000123291014295 cheap_a_p95=0.728322146315 cheap_a_max=1158.33414553 exact_a_gate=0.15 exact_provisional_penalty=3928.17976309 exact_candidates=1641 exact_unique=1641 full_exact_enabled=1 exact_capacity=1200 exact_waves=134 exact_scheduled=1200 exact_deferred=436 exact_wave=1200/1200 exact_queue_depth=0 exact_pending_instances=438 exact_s=178.821 exact_ok=1200 exact_margin_max=54.6160419234 exact_scan_mean_s=0.042 exact_bisect_mean_s=0.006 exact_polish_mean_s=0.212 exact_final_mean_s=0.036 exact_margin_abs_b_max=nan cache_hits=0 cache_misses=0 cache_waits=0
206	2500 	566.481	745.879    	1226.55    	212.541	35 	109.975	359	67.5095
Best individuals of this generation:
add(mul(x1, aq(x1, add(add(x1, mul(sin(add(x2, x1)), mul(sub(a, x3), add(a, a)))), x3))), mul(mul(sub(add(mul(x2, mul(aq(sub(add(mul(x2, mul(x1, x1)), exp(x1)), x2), add(a, x2)), sub(aq(x2, x3), x3))), exp(mul(sin(x4), x4))), mul(x3, sub(x2, x4))), aq(add(exp(a), add(x2, x1)), a)), add(add(mul(x3, add(add(x3, x1), x2)), add(x2, mul(mul(sub(add(mul(x2, mul(x3, x2)), exp(x1)), mul(x3, sub(x2, x4))), aq(add(x2, x1), x1)), add(exp(a), add(x2, aq(x2, x1)))))), add(exp(a), add(x2, aq(x2, a))))))
GPU5 stages: candidates=2500 pre_s=22.682 cheap_candidates=1828 cheap_unique=1828 cheap_s=32.517/40.000 cheap_rejected=174 cheap_a_min=-0.204182815385 cheap_a_p50=0.000122894490722 cheap_a_p95=0.718960367794 cheap_a_max=226.722724574 exact_a_gate=0.15 exact_provisional_penalty=3928.17976309 exact_candidates=1654 exact_unique=1654 full_exact_enabled=1 exact_capacity=1200 exact_waves=134 exact_scheduled=1200 exact_deferred=451 exact_wave=1200/1200 exact_queue_depth=0 exact_pending_instances=451 exact_s=185.057 exact_ok=1200 exact_margin_max=630.358694529 exact_scan_mean_s=0.042 exact_bisect_mean_s=0.004 exact_polish_mean_s=0.221 exact_final_mean_s=0.033 exact_margin_abs_b_max=nan cache_hits=0 cache_misses=0 cache_waits=0
207	2500 	566.481	743.531    	1209.64    	209.719	35 	110.056	292	67.3946
Best individuals of this generation:
add(mul(x1, aq(x1, add(add(x1, mul(sin(add(x2, x1)), mul(sub(a, x3), add(a, a)))), x3))), mul(mul(sub(add(mul(x2, mul(aq(sub(add(mul(x2, mul(x1, x1)), exp(x1)), x2), add(a, x2)), sub(aq(x2, x3), x3))), exp(mul(sin(x4), x4))), mul(x3, sub(x2, x4))), aq(add(exp(a), add(x2, x1)), a)), add(add(mul(x3, add(add(x3, x1), x2)), add(x2, mul(mul(sub(add(mul(x2, mul(x3, x2)), exp(x1)), mul(x3, sub(x2, x4))), aq(add(x2, x1), x1)), add(exp(a), add(x2, aq(x2, x1)))))), add(exp(a), add(x2, aq(x2, a))))))
GPU5 stages: candidates=2500 pre_s=23.009 cheap_candidates=1877 cheap_unique=1877 cheap_s=33.269/40.000 cheap_rejected=149 cheap_a_min=-0.218880944864 cheap_a_p50=0.000135716695514 cheap_a_p95=0.468913914009 cheap_a_max=790.977267278 exact_a_gate=0.15 exact_provisional_penalty=3928.17976309 exact_candidates=1728 exact_unique=1728 full_exact_enabled=1 exact_capacity=1200 exact_waves=134 exact_scheduled=1200 exact_deferred=526 exact_wave=1200/1200 exact_queue_depth=0 exact_pending_instances=526 exact_s=178.580 exact_ok=1200 exact_margin_max=182.004298578 exact_scan_mean_s=0.043 exact_bisect_mean_s=0.006 exact_polish_mean_s=0.218 exact_final_mean_s=0.031 exact_margin_abs_b_max=nan cache_hits=0 cache_misses=0 cache_waits=0
208	2500 	566.481	741.855    	1195.89    	207.341	35 	109.983	292	67.3096
Best individuals of this generation:
add(mul(x1, aq(x1, add(add(x1, mul(sin(add(x2, x1)), mul(sub(a, x3), add(a, a)))), x3))), mul(mul(sub(add(mul(x2, mul(aq(sub(add(mul(x2, mul(x1, x1)), exp(x1)), x2), add(a, x2)), sub(aq(x2, x3), x3))), exp(mul(sin(x4), x4))), mul(x3, sub(x2, x4))), aq(add(exp(a), add(x2, x1)), a)), add(add(mul(x3, add(add(x3, x1), x2)), add(x2, mul(mul(sub(add(mul(x2, mul(x3, x2)), exp(x1)), mul(x3, sub(x2, x4))), aq(add(x2, x1), x1)), add(exp(a), add(x2, aq(x2, x1)))))), add(exp(a), add(x2, aq(x2, a))))))
GPU5 stages: candidates=2500 pre_s=22.756 cheap_candidates=1836 cheap_unique=1836 cheap_s=33.032/40.000 cheap_rejected=160 cheap_a_min=-0.170864629239 cheap_a_p50=0.000151814674791 cheap_a_p95=0.440168342239 cheap_a_max=1282.11476903 exact_a_gate=0.15 exact_provisional_penalty=3928.17976309 exact_candidates=1676 exact_unique=1676 full_exact_enabled=1 exact_capacity=1200 exact_waves=134 exact_scheduled=1200 exact_deferred=473 exact_wave=1200/1200 exact_queue_depth=0 exact_pending_instances=473 exact_s=183.007 exact_ok=1200 exact_margin_max=0.696793454073 exact_scan_mean_s=0.041 exact_bisect_mean_s=0.004 exact_polish_mean_s=0.219 exact_final_mean_s=0.028 exact_margin_abs_b_max=nan cache_hits=0 cache_misses=0 cache_waits=0
209	2500 	566.481	740.775    	1181.79    	205.909	35 	109.799	292	67.1976
Best individuals of this generation:
add(mul(x1, aq(x1, add(add(x1, mul(sin(add(x2, x1)), mul(sub(a, x3), add(a, a)))), x3))), mul(mul(sub(add(mul(x2, mul(aq(sub(add(mul(x2, mul(x1, x1)), exp(x1)), x2), add(a, x2)), sub(aq(x2, x3), x3))), exp(mul(sin(x4), x4))), mul(x3, sub(x2, x4))), aq(add(exp(a), add(x2, x1)), a)), add(add(mul(x3, add(add(x3, x1), x2)), add(x2, mul(mul(sub(add(mul(x2, mul(x3, x2)), exp(x1)), mul(x3, sub(x2, x4))), aq(add(x2, x1), x1)), add(exp(a), add(x2, aq(x2, x1)))))), add(exp(a), add(x2, aq(x2, a))))))
GPU5 stages: candidates=2500 pre_s=23.006 cheap_candidates=1831 cheap_unique=1831 cheap_s=32.973/40.000 cheap_rejected=161 cheap_a_min=-0.216294194257 cheap_a_p50=0.000155443054172 cheap_a_p95=0.712596789431 cheap_a_max=1032.62432474 exact_a_gate=0.15 exact_provisional_penalty=3928.17976309 exact_candidates=1670 exact_unique=1670 full_exact_enabled=1 exact_capacity=1200 exact_waves=134 exact_scheduled=1200 exact_deferred=466 exact_wave=1200/1200 exact_queue_depth=0 exact_pending_instances=466 exact_s=182.637 exact_ok=1200 exact_margin_max=43.2075777927 exact_scan_mean_s=0.043 exact_bisect_mean_s=0.006 exact_polish_mean_s=0.217 exact_final_mean_s=0.031 exact_margin_abs_b_max=nan cache_hits=0 cache_misses=0 cache_waits=0
210	2500 	566.481	739.181    	1169.79    	203.346	35 	109.538	292	67.168 
Best individuals of this generation:
add(mul(x1, aq(x1, add(add(x1, mul(sin(add(x2, x1)), mul(sub(a, x3), add(a, a)))), x3))), mul(mul(sub(add(mul(x2, mul(aq(sub(add(mul(x2, mul(x1, x1)), exp(x1)), x2), add(a, x2)), sub(aq(x2, x3), x3))), exp(mul(sin(x4), x4))), mul(x3, sub(x2, x4))), aq(add(exp(a), add(x2, x1)), a)), add(add(mul(x3, add(add(x3, x1), x2)), add(x2, mul(mul(sub(add(mul(x2, mul(x3, x2)), exp(x1)), mul(x3, sub(x2, x4))), aq(add(x2, x1), x1)), add(exp(a), add(x2, aq(x2, x1)))))), add(exp(a), add(x2, aq(x2, a))))))
GPU5 stages: candidates=2500 pre_s=23.018 cheap_candidates=1826 cheap_unique=1826 cheap_s=32.467/40.000 cheap_rejected=158 cheap_a_min=-1.06082134031 cheap_a_p50=0.00012821010083 cheap_a_p95=0.722004569874 cheap_a_max=1370.44009768 exact_a_gate=0.15 exact_provisional_penalty=3928.17976309 exact_candidates=1668 exact_unique=1668 full_exact_enabled=1 exact_capacity=1200 exact_waves=134 exact_scheduled=1200 exact_deferred=462 exact_wave=1200/1200 exact_queue_depth=0 exact_pending_instances=462 exact_s=187.768 exact_ok=1200 exact_margin_max=795.978027534 exact_scan_mean_s=0.041 exact_bisect_mean_s=0.004 exact_polish_mean_s=0.220 exact_final_mean_s=0.025 exact_margin_abs_b_max=nan cache_hits=0 cache_misses=0 cache_waits=0
211	2500 	566.481	738.111    	1159.18    	201.725	35 	109.495	292	67.1182
Best individuals of this generation:
add(mul(x1, aq(x1, add(add(x1, mul(sin(add(x2, x1)), mul(sub(a, x3), add(a, a)))), x3))), mul(mul(sub(add(mul(x2, mul(aq(sub(add(mul(x2, mul(x1, x1)), exp(x1)), x2), add(a, x2)), sub(aq(x2, x3), x3))), exp(mul(sin(x4), x4))), mul(x3, sub(x2, x4))), aq(add(exp(a), add(x2, x1)), a)), add(add(mul(x3, add(add(x3, x1), x2)), add(x2, mul(mul(sub(add(mul(x2, mul(x3, x2)), exp(x1)), mul(x3, sub(x2, x4))), aq(add(x2, x1), x1)), add(exp(a), add(x2, aq(x2, x1)))))), add(exp(a), add(x2, aq(x2, a))))))
GPU5 stages: candidates=2500 pre_s=22.800 cheap_candidates=1857 cheap_unique=1857 cheap_s=32.879/40.000 cheap_rejected=163 cheap_a_min=-0.192432551974 cheap_a_p50=0.000125135638262 cheap_a_p95=0.643469370121 cheap_a_max=733.057906332 exact_a_gate=0.15 exact_provisional_penalty=3928.17976309 exact_candidates=1694 exact_unique=1694 full_exact_enabled=1 exact_capacity=1200 exact_waves=134 exact_scheduled=1200 exact_deferred=493 exact_wave=1200/1200 exact_queue_depth=0 exact_pending_instances=493 exact_s=182.429 exact_ok=1200 exact_margin_max=513.697359756 exact_scan_mean_s=0.042 exact_bisect_mean_s=0.003 exact_polish_mean_s=0.222 exact_final_mean_s=0.029 exact_margin_abs_b_max=nan cache_hits=0 cache_misses=0 cache_waits=0
212	2500 	566.481	737.073    	1148.48    	200.065	37 	109.452	292	66.9288
Best individuals of this generation:
add(mul(x1, aq(x1, add(add(x1, mul(sin(add(x2, x1)), mul(sub(a, x3), add(a, a)))), x3))), mul(mul(sub(add(mul(x2, mul(aq(sub(add(mul(x2, mul(x1, x1)), exp(x1)), x2), add(a, x2)), sub(aq(x2, x3), x3))), exp(mul(sin(x4), x4))), mul(x3, sub(x2, x4))), aq(add(exp(a), add(x2, x1)), a)), add(add(mul(x3, add(add(x3, x1), x2)), add(x2, mul(mul(sub(add(mul(x2, mul(x3, x2)), exp(x1)), mul(x3, sub(x2, x4))), aq(add(x2, x1), x1)), add(exp(a), add(x2, aq(x2, x1)))))), add(exp(a), add(x2, aq(x2, a))))))
GPU5 stages: candidates=2500 pre_s=22.941 cheap_candidates=1826 cheap_unique=1826 cheap_s=32.887/40.000 cheap_rejected=173 cheap_a_min=-0.259591156523 cheap_a_p50=0.000137752969938 cheap_a_p95=1.01988084391 cheap_a_max=1306.32020247 exact_a_gate=0.15 exact_provisional_penalty=3928.17976309 exact_candidates=1653 exact_unique=1653 full_exact_enabled=1 exact_capacity=1200 exact_waves=134 exact_scheduled=1200 exact_deferred=450 exact_wave=1200/1200 exact_queue_depth=0 exact_pending_instances=450 exact_s=188.745 exact_ok=1200 exact_margin_max=122.321179687 exact_scan_mean_s=0.042 exact_bisect_mean_s=0.004 exact_polish_mean_s=0.220 exact_final_mean_s=0.037 exact_margin_abs_b_max=nan cache_hits=0 cache_misses=0 cache_waits=0
213	2500 	566.481	736.22     	1141.47    	198.755	37 	109.424	292	66.9662
Best individuals of this generation:
add(mul(x1, aq(x1, add(add(x1, mul(sin(add(x2, x1)), mul(sub(a, x3), add(a, a)))), x3))), mul(mul(sub(add(mul(x2, mul(aq(sub(add(mul(x2, mul(x1, x1)), exp(x1)), x2), add(a, x2)), sub(aq(x2, x3), x3))), exp(mul(sin(x4), x4))), mul(x3, sub(x2, x4))), aq(add(exp(a), add(x2, x1)), a)), add(add(mul(x3, add(add(x3, x1), x2)), add(x2, mul(mul(sub(add(mul(x2, mul(x3, x2)), exp(x1)), mul(x3, sub(x2, x4))), aq(add(x2, x1), x1)), add(exp(a), add(x2, aq(x2, x1)))))), add(exp(a), add(x2, aq(x2, a))))))
GPU5 stages: candidates=2500 pre_s=22.886 cheap_candidates=1841 cheap_unique=1841 cheap_s=31.875/40.000 cheap_rejected=162 cheap_a_min=-0.223643502742 cheap_a_p50=0.000129333650305 cheap_a_p95=0.587748891702 cheap_a_max=573.116018943 exact_a_gate=0.15 exact_provisional_penalty=3928.17976309 exact_candidates=1679 exact_unique=1679 full_exact_enabled=1 exact_capacity=1200 exact_waves=134 exact_scheduled=1200 exact_deferred=477 exact_wave=1200/1200 exact_queue_depth=0 exact_pending_instances=478 exact_s=176.737 exact_ok=1200 exact_margin_max=64.0993342531 exact_scan_mean_s=0.041 exact_bisect_mean_s=0.003 exact_polish_mean_s=0.216 exact_final_mean_s=0.032 exact_margin_abs_b_max=nan cache_hits=0 cache_misses=0 cache_waits=0
214	2500 	566.481	735.36     	1134.71    	197.449	37 	109.392	292	66.9016
Best individuals of this generation:
add(mul(x1, aq(x1, add(add(x1, mul(sin(add(x2, x1)), mul(sub(a, x3), add(a, a)))), x3))), mul(mul(sub(add(mul(x2, mul(aq(sub(add(mul(x2, mul(x1, x1)), exp(x1)), x2), add(a, x2)), sub(aq(x2, x3), x3))), exp(mul(sin(x4), x4))), mul(x3, sub(x2, x4))), aq(add(exp(a), add(x2, x1)), a)), add(add(mul(x3, add(add(x3, x1), x2)), add(x2, mul(mul(sub(add(mul(x2, mul(x3, x2)), exp(x1)), mul(x3, sub(x2, x4))), aq(add(x2, x1), x1)), add(exp(a), add(x2, aq(x2, x1)))))), add(exp(a), add(x2, aq(x2, a))))))
GPU5 stages: candidates=2500 pre_s=22.741 cheap_candidates=1832 cheap_unique=1832 cheap_s=31.706/40.000 cheap_rejected=142 cheap_a_min=-0.348950032921 cheap_a_p50=0.000138420973305 cheap_a_p95=0.426238363221 cheap_a_max=1158.82025952 exact_a_gate=0.15 exact_provisional_penalty=3928.17976309 exact_candidates=1690 exact_unique=1690 full_exact_enabled=1 exact_capacity=1200 exact_waves=134 exact_scheduled=1200 exact_deferred=488 exact_wave=1200/1200 exact_queue_depth=0 exact_pending_instances=488 exact_s=178.908 exact_ok=1200 exact_margin_max=140.077018383 exact_scan_mean_s=0.042 exact_bisect_mean_s=0.004 exact_polish_mean_s=0.213 exact_final_mean_s=0.027 exact_margin_abs_b_max=nan cache_hits=0 cache_misses=0 cache_waits=0
215	2500 	562.194	734.67     	1129.57    	196.457	38 	109.314	292	66.8113
Best individuals of this generation:
add(mul(x1, aq(x1, add(add(x1, mul(sin(add(x2, x1)), mul(sub(a, x3), add(a, a)))), x3))), mul(mul(sub(add(mul(x2, mul(aq(sub(add(mul(x2, mul(x1, x1)), exp(x1)), x2), add(a, x2)), x2)), exp(mul(sin(x4), x4))), mul(x3, sub(x2, x4))), aq(add(exp(a), add(x2, x1)), a)), add(add(mul(x3, add(add(x3, x1), x2)), add(x2, mul(mul(sub(add(mul(x2, mul(x3, x2)), exp(x1)), mul(x3, sub(x2, x4))), aq(add(x2, x1), x1)), add(exp(a), add(x2, aq(x2, x1)))))), add(exp(a), aq(add(x2, x1), x1)))))
GPU5 stages: candidates=2500 pre_s=22.968 cheap_candidates=1806 cheap_unique=1806 cheap_s=31.596/40.000 cheap_rejected=141 cheap_a_min=-718.407590611 cheap_a_p50=0.000134214974933 cheap_a_p95=0.495830355266 cheap_a_max=327.047796677 exact_a_gate=0.15 exact_provisional_penalty=3928.17976309 exact_candidates=1665 exact_unique=1665 full_exact_enabled=1 exact_capacity=1200 exact_waves=134 exact_scheduled=1200 exact_deferred=461 exact_wave=1200/1200 exact_queue_depth=0 exact_pending_instances=461 exact_s=173.306 exact_ok=1200 exact_margin_max=29.023783383 exact_scan_mean_s=0.042 exact_bisect_mean_s=0.004 exact_polish_mean_s=0.213 exact_final_mean_s=0.028 exact_margin_abs_b_max=nan cache_hits=0 cache_misses=0 cache_waits=0
216	2500 	562.194	734.07     	1122.69    	195.494	38 	109.223	292	66.7295
Best individuals of this generation:
add(mul(x1, aq(x1, add(add(x1, mul(sin(add(x2, x1)), mul(sub(a, x3), add(a, a)))), x3))), mul(mul(sub(add(mul(x2, mul(aq(sub(add(mul(x2, mul(x1, x1)), exp(x1)), x2), add(a, x2)), x2)), exp(mul(sin(x4), x4))), mul(x3, sub(x2, x4))), aq(add(exp(a), add(x2, x1)), a)), add(add(mul(x3, add(add(x3, x1), x2)), add(x2, mul(mul(sub(add(mul(x2, mul(x3, x2)), exp(x1)), mul(x3, sub(x2, x4))), aq(add(x2, x1), x1)), add(exp(a), add(x2, aq(x2, x1)))))), add(exp(a), aq(add(x2, x1), x1)))))
GPU5 stages: candidates=2500 pre_s=22.862 cheap_candidates=1842 cheap_unique=1842 cheap_s=32.054/40.000 cheap_rejected=139 cheap_a_min=-0.614586346865 cheap_a_p50=0.000125633855443 cheap_a_p95=0.370179533124 cheap_a_max=608.621973281 exact_a_gate=0.15 exact_provisional_penalty=3928.17976309 exact_candidates=1703 exact_unique=1703 full_exact_enabled=1 exact_capacity=1200 exact_waves=134 exact_scheduled=1200 exact_deferred=498 exact_wave=1200/1200 exact_queue_depth=0 exact_pending_instances=498 exact_s=188.669 exact_ok=1200 exact_margin_max=101.882004274 exact_scan_mean_s=0.042 exact_bisect_mean_s=0.005 exact_polish_mean_s=0.229 exact_final_mean_s=0.028 exact_margin_abs_b_max=nan cache_hits=0 cache_misses=0 cache_waits=0
217	2500 	562.194	733.642    	1120.49    	194.956	38 	109.136	292	66.7509
Best individuals of this generation:
add(mul(x1, aq(x1, add(add(x1, mul(sin(add(x2, x1)), mul(sub(a, x3), add(a, a)))), x3))), mul(mul(sub(add(mul(x2, mul(aq(sub(add(mul(x2, mul(x1, x1)), exp(x1)), x2), add(a, x2)), x2)), exp(mul(sin(x4), x4))), mul(x3, sub(x2, x4))), aq(add(exp(a), add(x2, x1)), a)), add(add(mul(x3, add(add(x3, x1), x2)), add(x2, mul(mul(sub(add(mul(x2, mul(x3, x2)), exp(x1)), mul(x3, sub(x2, x4))), aq(add(x2, x1), x1)), add(exp(a), add(x2, aq(x2, x1)))))), add(exp(a), aq(add(x2, x1), x1)))))
GPU5 stages: candidates=2500 pre_s=22.945 cheap_candidates=1864 cheap_unique=1864 cheap_s=32.744/40.000 cheap_rejected=156 cheap_a_min=-0.708969456231 cheap_a_p50=0.000113726333228 cheap_a_p95=0.629526388557 cheap_a_max=3591.42768884 exact_a_gate=0.15 exact_provisional_penalty=3928.17976309 exact_candidates=1708 exact_unique=1708 full_exact_enabled=1 exact_capacity=1200 exact_waves=134 exact_scheduled=1200 exact_deferred=505 exact_wave=1200/1200 exact_queue_depth=0 exact_pending_instances=505 exact_s=173.206 exact_ok=1200 exact_margin_max=167.828524446 exact_scan_mean_s=0.043 exact_bisect_mean_s=0.004 exact_polish_mean_s=0.221 exact_final_mean_s=0.020 exact_margin_abs_b_max=nan cache_hits=0 cache_misses=0 cache_waits=0
218	2500 	562.194	733.008    	1116.45    	194.035	38 	109.019	292	66.8076
Best individuals of this generation:
add(mul(x1, aq(x1, add(add(x1, mul(sin(add(x2, x1)), mul(sub(a, x3), add(a, a)))), x3))), mul(mul(sub(add(mul(x2, mul(aq(sub(add(mul(x2, mul(x1, x1)), exp(x1)), x2), add(a, x2)), x2)), exp(mul(sin(x4), x4))), mul(x3, sub(x2, x4))), aq(add(exp(a), add(x2, x1)), a)), add(add(mul(x3, add(add(x3, x1), x2)), add(x2, mul(mul(sub(add(mul(x2, mul(x3, x2)), exp(x1)), mul(x3, sub(x2, x4))), aq(add(x2, x1), x1)), add(exp(a), add(x2, aq(x2, x1)))))), add(exp(a), aq(add(x2, x1), x1)))))
GPU5 stages: candidates=2500 pre_s=22.709 cheap_candidates=1821 cheap_unique=1821 cheap_s=32.985/40.000 cheap_rejected=177 cheap_a_min=-0.583675040972 cheap_a_p50=0.000143376754636 cheap_a_p95=0.921161803271 cheap_a_max=329.454611085 exact_a_gate=0.15 exact_provisional_penalty=3928.17976309 exact_candidates=1644 exact_unique=1644 full_exact_enabled=1 exact_capacity=1200 exact_waves=134 exact_scheduled=1200 exact_deferred=442 exact_wave=1200/1200 exact_queue_depth=0 exact_pending_instances=442 exact_s=183.402 exact_ok=1200 exact_margin_max=27.1636794427 exact_scan_mean_s=0.042 exact_bisect_mean_s=0.004 exact_polish_mean_s=0.215 exact_final_mean_s=0.030 exact_margin_abs_b_max=nan cache_hits=0 cache_misses=0 cache_waits=0
219	2500 	562.194	732.601    	1114.23    	193.451	38 	108.939	292	66.7576
Best individuals of this generation:
add(mul(x1, aq(x1, add(add(x1, mul(sin(add(x2, x1)), mul(sub(a, x3), add(a, a)))), x3))), mul(mul(sub(add(mul(x2, mul(aq(sub(add(mul(x2, mul(x1, x1)), exp(x1)), x2), add(a, x2)), x2)), exp(mul(sin(x4), x4))), mul(x3, sub(x2, x4))), aq(add(exp(a), add(x2, x1)), a)), add(add(mul(x3, add(add(x3, x1), x2)), add(x2, mul(mul(sub(add(mul(x2, mul(x3, x2)), exp(x1)), mul(x3, sub(x2, x4))), aq(add(x2, x1), x1)), add(exp(a), add(x2, aq(x2, x1)))))), add(exp(a), aq(add(x2, x1), x1)))))
GPU5 stages: candidates=2500 pre_s=22.788 cheap_candidates=1856 cheap_unique=1856 cheap_s=31.645/40.000 cheap_rejected=158 cheap_a_min=-0.497527143185 cheap_a_p50=0.000124047522905 cheap_a_p95=0.572865128473 cheap_a_max=306.223956412 exact_a_gate=0.15 exact_provisional_penalty=3928.17976309 exact_candidates=1698 exact_unique=1698 full_exact_enabled=1 exact_capacity=1200 exact_waves=134 exact_scheduled=1200 exact_deferred=497 exact_wave=1200/1200 exact_queue_depth=0 exact_pending_instances=497 exact_s=176.642 exact_ok=1200 exact_margin_max=3.70815879624 exact_scan_mean_s=0.041 exact_bisect_mean_s=0.004 exact_polish_mean_s=0.217 exact_final_mean_s=0.025 exact_margin_abs_b_max=nan cache_hits=0 cache_misses=0 cache_waits=0
220	2500 	562.194	731.942    	1108.72    	192.426	38 	108.849	292	66.868 
Best individuals of this generation:
add(mul(x1, aq(x1, add(add(x1, mul(sin(add(x2, x1)), mul(sub(a, x3), add(a, a)))), x3))), mul(mul(sub(add(mul(x2, mul(aq(sub(add(mul(x2, mul(x1, x1)), exp(x1)), x2), add(a, x2)), x2)), exp(mul(sin(x4), x4))), mul(x3, sub(x2, x4))), aq(add(exp(a), add(x2, x1)), a)), add(add(mul(x3, add(add(x3, x1), x2)), add(x2, mul(mul(sub(add(mul(x2, mul(x3, x2)), exp(x1)), mul(x3, sub(x2, x4))), aq(add(x2, x1), x1)), add(exp(a), add(x2, aq(x2, x1)))))), add(exp(a), aq(add(x2, x1), x1)))))
GPU5 stages: candidates=2500 pre_s=22.500 cheap_candidates=1802 cheap_unique=1802 cheap_s=30.951/40.000 cheap_rejected=147 cheap_a_min=-0.818352009266 cheap_a_p50=0.000118322094597 cheap_a_p95=0.408488463508 cheap_a_max=300.974588486 exact_a_gate=0.15 exact_provisional_penalty=3928.17976309 exact_candidates=1655 exact_unique=1655 full_exact_enabled=1 exact_capacity=1200 exact_waves=134 exact_scheduled=1200 exact_deferred=455 exact_wave=1200/1200 exact_queue_depth=0 exact_pending_instances=455 exact_s=173.855 exact_ok=1200 exact_margin_max=68.3730578705 exact_scan_mean_s=0.041 exact_bisect_mean_s=0.003 exact_polish_mean_s=0.214 exact_final_mean_s=0.027 exact_margin_abs_b_max=nan cache_hits=0 cache_misses=0 cache_waits=0
221	2500 	562.194	731.487    	1105.46    	191.805	38 	108.834	292	66.7344
Best individuals of this generation:
add(mul(x1, aq(x1, add(add(x1, mul(sin(add(x2, x1)), mul(sub(a, x3), add(a, a)))), x3))), mul(mul(sub(add(mul(x2, mul(aq(sub(add(mul(x2, mul(x1, x1)), exp(x1)), x2), add(a, x2)), x2)), exp(mul(sin(x4), x4))), mul(x3, sub(x2, x4))), aq(add(exp(a), add(x2, x1)), a)), add(add(mul(x3, add(add(x3, x1), x2)), add(x2, mul(mul(sub(add(mul(x2, mul(x3, x2)), exp(x1)), mul(x3, sub(x2, x4))), aq(add(x2, x1), x1)), add(exp(a), add(x2, aq(x2, x1)))))), add(exp(a), aq(add(x2, x1), x1)))))
GPU5 stages: candidates=2500 pre_s=22.862 cheap_candidates=1876 cheap_unique=1876 cheap_s=33.158/40.000 cheap_rejected=162 cheap_a_min=-0.900599306147 cheap_a_p50=0.000145282434283 cheap_a_p95=0.574490523695 cheap_a_max=1885.80159862 exact_a_gate=0.15 exact_provisional_penalty=3928.17976309 exact_candidates=1714 exact_unique=1714 full_exact_enabled=1 exact_capacity=1200 exact_waves=134 exact_scheduled=1200 exact_deferred=512 exact_wave=1200/1200 exact_queue_depth=0 exact_pending_instances=512 exact_s=181.785 exact_ok=1200 exact_margin_max=64.0656459005 exact_scan_mean_s=0.041 exact_bisect_mean_s=0.002 exact_polish_mean_s=0.212 exact_final_mean_s=0.031 exact_margin_abs_b_max=nan cache_hits=0 cache_misses=0 cache_waits=0
222	2500 	562.194	731.055    	1102.66    	191.142	38 	108.801	292	66.698 
Best individuals of this generation:
add(mul(x1, aq(x1, add(add(x1, mul(sin(add(x2, x1)), mul(sub(a, x3), add(a, a)))), x3))), mul(mul(sub(add(mul(x2, mul(aq(sub(add(mul(x2, mul(x1, x1)), exp(x1)), x2), add(a, x2)), x2)), exp(mul(sin(x4), x4))), mul(x3, sub(x2, x4))), aq(add(exp(a), add(x2, x1)), a)), add(add(mul(x3, add(add(x3, x1), x2)), add(x2, mul(mul(sub(add(mul(x2, mul(x3, x2)), exp(x1)), mul(x3, sub(x2, x4))), aq(add(x2, x1), x1)), add(exp(a), add(x2, aq(x2, x1)))))), add(exp(a), aq(add(x2, x1), x1)))))
GPU5 stages: candidates=2500 pre_s=22.900 cheap_candidates=1894 cheap_unique=1894 cheap_s=32.509/40.000 cheap_rejected=157 cheap_a_min=-0.191061323836 cheap_a_p50=0.000110646797253 cheap_a_p95=0.537683416364 cheap_a_max=1768.33738413 exact_a_gate=0.15 exact_provisional_penalty=3928.17976309 exact_candidates=1737 exact_unique=1737 full_exact_enabled=1 exact_capacity=1200 exact_waves=134 exact_scheduled=1200 exact_deferred=536 exact_wave=1200/1200 exact_queue_depth=0 exact_pending_instances=536 exact_s=179.413 exact_ok=1200 exact_margin_max=84.2159881118 exact_scan_mean_s=0.042 exact_bisect_mean_s=0.004 exact_polish_mean_s=0.221 exact_final_mean_s=0.022 exact_margin_abs_b_max=nan cache_hits=0 cache_misses=0 cache_waits=0
223	2500 	550.53 	730.701    	1099.99    	190.748	38 	108.703	292	66.7116
Best individuals of this generation:
add(mul(x1, aq(x1, add(add(x1, mul(sin(add(x2, x1)), mul(sub(a, x3), add(a, a)))), x3))), mul(mul(sub(add(mul(x2, mul(aq(sub(add(mul(x2, mul(x1, x1)), exp(x1)), x2), add(a, x2)), sub(aq(x2, x3), x3))), exp(mul(sin(x4), x4))), mul(x3, sub(x2, x4))), aq(add(exp(a), add(x2, x1)), a)), add(add(mul(x3, add(add(x3, x1), x2)), add(x2, mul(mul(sub(add(mul(x2, mul(x3, x2)), exp(x1)), mul(x3, sub(x2, x4))), aq(add(x2, x1), x1)), add(exp(a), add(x2, aq(x2, x1)))))), add(exp(a), add(x2, x1)))))
GPU5 stages: candidates=2500 pre_s=22.789 cheap_candidates=1846 cheap_unique=1846 cheap_s=32.322/40.000 cheap_rejected=156 cheap_a_min=-0.372234619881 cheap_a_p50=0.000124806435088 cheap_a_p95=0.426463340637 cheap_a_max=246.257452376 exact_a_gate=0.15 exact_provisional_penalty=3928.17976309 exact_candidates=1690 exact_unique=1690 full_exact_enabled=1 exact_capacity=1200 exact_waves=134 exact_scheduled=1200 exact_deferred=488 exact_wave=1200/1200 exact_queue_depth=0 exact_pending_instances=489 exact_s=178.871 exact_ok=1200 exact_margin_max=3.09821314219e+12 exact_scan_mean_s=0.041 exact_bisect_mean_s=0.003 exact_polish_mean_s=0.224 exact_final_mean_s=0.018 exact_margin_abs_b_max=nan cache_hits=0 cache_misses=0 cache_waits=0
224	2500 	550.53 	730.274    	1097.58    	190.27 	38 	108.514	292	66.6845
Best individuals of this generation:
add(mul(x1, aq(x1, add(add(x1, mul(sin(add(x2, x1)), mul(sub(a, x3), add(a, a)))), x3))), mul(mul(sub(add(mul(x2, mul(aq(sub(add(mul(x2, mul(x1, x1)), exp(x1)), x2), add(a, x2)), sub(aq(x2, x3), x3))), exp(mul(sin(x4), x4))), mul(x3, sub(x2, x4))), aq(add(exp(a), add(x2, x1)), a)), add(add(mul(x3, add(add(x3, x1), x2)), add(x2, mul(mul(sub(add(mul(x2, mul(x3, x2)), exp(x1)), mul(x3, sub(x2, x4))), aq(add(x2, x1), x1)), add(exp(a), add(x2, aq(x2, x1)))))), add(exp(a), add(x2, x1)))))
GPU5 stages: candidates=2500 pre_s=22.890 cheap_candidates=1832 cheap_unique=1832 cheap_s=32.395/40.000 cheap_rejected=154 cheap_a_min=-0.242118830225 cheap_a_p50=0.000111500501941 cheap_a_p95=0.588048795132 cheap_a_max=1772.16419298 exact_a_gate=0.15 exact_provisional_penalty=3928.17976309 exact_candidates=1678 exact_unique=1678 full_exact_enabled=1 exact_capacity=1200 exact_waves=134 exact_scheduled=1200 exact_deferred=476 exact_wave=1200/1200 exact_queue_depth=0 exact_pending_instances=476 exact_s=180.365 exact_ok=1200 exact_margin_max=2855.212221 exact_scan_mean_s=0.043 exact_bisect_mean_s=0.004 exact_polish_mean_s=0.222 exact_final_mean_s=0.023 exact_margin_abs_b_max=nan cache_hits=0 cache_misses=0 cache_waits=0
225	2500 	550.53 	729.959    	1096.02    	189.862	38 	108.36 	292	66.6913
Best individuals of this generation:
add(mul(x1, aq(x1, add(add(x1, mul(sin(add(x2, x1)), mul(sub(a, x3), add(a, a)))), x3))), mul(mul(sub(add(mul(x2, mul(aq(sub(add(mul(x2, mul(x1, x1)), exp(x1)), x2), add(a, x2)), sub(aq(x2, x3), x3))), exp(mul(sin(x4), x4))), mul(x3, sub(x2, x4))), aq(add(exp(a), add(x2, x1)), a)), add(add(mul(x3, add(add(x3, x1), x2)), add(x2, mul(mul(sub(add(mul(x2, mul(x3, x2)), exp(x1)), mul(x3, sub(x2, x4))), aq(add(x2, x1), x1)), add(exp(a), add(x2, aq(x2, x1)))))), add(exp(a), add(x2, x1)))))
GPU5 stages: candidates=2500 pre_s=22.906 cheap_candidates=1858 cheap_unique=1858 cheap_s=32.065/40.000 cheap_rejected=146 cheap_a_min=-0.30722230809 cheap_a_p50=0.000115532282457 cheap_a_p95=0.411186514659 cheap_a_max=455.948517201 exact_a_gate=0.15 exact_provisional_penalty=3928.17976309 exact_candidates=1712 exact_unique=1712 full_exact_enabled=1 exact_capacity=1200 exact_waves=134 exact_scheduled=1200 exact_deferred=512 exact_wave=1200/1200 exact_queue_depth=0 exact_pending_instances=512 exact_s=175.402 exact_ok=1200 exact_margin_max=5.57268950856e+12 exact_scan_mean_s=0.043 exact_bisect_mean_s=0.004 exact_polish_mean_s=0.214 exact_final_mean_s=0.019 exact_margin_abs_b_max=nan cache_hits=0 cache_misses=0 cache_waits=0
226	2500 	550.53 	729.567    	1093.72    	189.367	38 	108.2  	292	66.6691
Best individuals of this generation:
add(mul(x1, aq(x1, add(add(x1, mul(sin(add(x2, x1)), mul(sub(a, x3), add(a, a)))), x3))), mul(mul(sub(add(mul(x2, mul(aq(sub(add(mul(x2, mul(x1, x1)), exp(x1)), x2), add(a, x2)), sub(aq(x2, x3), x3))), exp(mul(sin(x4), x4))), mul(x3, sub(x2, x4))), aq(add(exp(a), add(x2, x1)), a)), add(add(mul(x3, add(add(x3, x1), x2)), add(x2, mul(mul(sub(add(mul(x2, mul(x3, x2)), exp(x1)), mul(x3, sub(x2, x4))), aq(add(x2, x1), x1)), add(exp(a), add(x2, aq(x2, x1)))))), add(exp(a), add(x2, x1)))))
GPU5 stages: candidates=2500 pre_s=22.678 cheap_candidates=1849 cheap_unique=1849 cheap_s=31.444/40.000 cheap_rejected=161 cheap_a_min=-0.171079992067 cheap_a_p50=0.000106931600478 cheap_a_p95=0.652484065761 cheap_a_max=3591.89820817 exact_a_gate=0.15 exact_provisional_penalty=3928.17976309 exact_candidates=1688 exact_unique=1688 full_exact_enabled=1 exact_capacity=1200 exact_waves=134 exact_scheduled=1200 exact_deferred=487 exact_wave=1200/1200 exact_queue_depth=0 exact_pending_instances=487 exact_s=172.542 exact_ok=1200 exact_margin_max=7.76321301756 exact_scan_mean_s=0.041 exact_bisect_mean_s=0.003 exact_polish_mean_s=0.210 exact_final_mean_s=0.023 exact_margin_abs_b_max=nan cache_hits=0 cache_misses=0 cache_waits=0
227	2500 	550.53 	729.213    	1091.44    	188.866	38 	108.255	292	66.6145
Best individuals of this generation:
add(mul(x1, aq(x1, add(add(x1, mul(sin(add(x2, x1)), mul(sub(a, x3), add(a, a)))), x3))), mul(mul(sub(add(mul(x2, mul(aq(sub(add(mul(x2, mul(x1, x1)), exp(x1)), x2), add(a, x2)), sub(aq(x2, x3), x3))), exp(mul(sin(x4), x4))), mul(x3, sub(x2, x4))), aq(add(exp(a), add(x2, x1)), a)), add(add(mul(x3, add(add(x3, x1), x2)), add(x2, mul(mul(sub(add(mul(x2, mul(x3, x2)), exp(x1)), mul(x3, sub(x2, x4))), aq(add(x2, x1), x1)), add(exp(a), add(x2, aq(x2, x1)))))), add(exp(a), add(x2, x1)))))
GPU5 stages: candidates=2500 pre_s=22.598 cheap_candidates=1856 cheap_unique=1856 cheap_s=32.600/40.000 cheap_rejected=168 cheap_a_min=-0.190523679398 cheap_a_p50=0.000130366561721 cheap_a_p95=0.680406200197 cheap_a_max=935.313234644 exact_a_gate=0.15 exact_provisional_penalty=3928.17976309 exact_candidates=1688 exact_unique=1688 full_exact_enabled=1 exact_capacity=1200 exact_waves=134 exact_scheduled=1200 exact_deferred=487 exact_wave=1200/1200 exact_queue_depth=0 exact_pending_instances=487 exact_s=174.096 exact_ok=1200 exact_margin_max=8.3297065006 exact_scan_mean_s=0.042 exact_bisect_mean_s=0.004 exact_polish_mean_s=0.215 exact_final_mean_s=0.019 exact_margin_abs_b_max=nan cache_hits=0 cache_misses=0 cache_waits=0
228	2500 	550.53 	728.901    	1089.68    	188.459	38 	108.263	292	66.7129
Best individuals of this generation:
add(mul(x1, aq(x1, add(add(x1, mul(sin(add(x2, x1)), mul(sub(a, x3), add(a, a)))), x3))), mul(mul(sub(add(mul(x2, mul(aq(sub(add(mul(x2, mul(x1, x1)), exp(x1)), x2), add(a, x2)), sub(aq(x2, x3), x3))), exp(mul(sin(x4), x4))), mul(x3, sub(x2, x4))), aq(add(exp(a), add(x2, x1)), a)), add(add(mul(x3, add(add(x3, x1), x2)), add(x2, mul(mul(sub(add(mul(x2, mul(x3, x2)), exp(x1)), mul(x3, sub(x2, x4))), aq(add(x2, x1), x1)), add(exp(a), add(x2, aq(x2, x1)))))), add(exp(a), add(x2, x1)))))
GPU5 stages: candidates=2500 pre_s=23.097 cheap_candidates=1871 cheap_unique=1871 cheap_s=32.313/40.000 cheap_rejected=173 cheap_a_min=-0.47522841915 cheap_a_p50=0.000118774534059 cheap_a_p95=0.768207256512 cheap_a_max=652.710027474 exact_a_gate=0.15 exact_provisional_penalty=3928.17976309 exact_candidates=1698 exact_unique=1698 full_exact_enabled=1 exact_capacity=1200 exact_waves=134 exact_scheduled=1200 exact_deferred=496 exact_wave=1200/1200 exact_queue_depth=0 exact_pending_instances=496 exact_s=183.492 exact_ok=1200 exact_margin_max=60.2217324202 exact_scan_mean_s=0.042 exact_bisect_mean_s=0.003 exact_polish_mean_s=0.209 exact_final_mean_s=0.023 exact_margin_abs_b_max=nan cache_hits=0 cache_misses=0 cache_waits=0
229	2500 	550.53 	728.529    	1087.17    	188.01 	38 	108.253	292	66.7458
Best individuals of this generation:
add(mul(x1, aq(x1, add(add(x1, mul(sin(add(x2, x1)), mul(sub(a, x3), add(a, a)))), x3))), mul(mul(sub(add(mul(x2, mul(aq(sub(add(mul(x2, mul(x1, x1)), exp(x1)), x2), add(a, x2)), sub(aq(x2, x3), x3))), exp(mul(sin(x4), x4))), mul(x3, sub(x2, x4))), aq(add(exp(a), add(x2, x1)), a)), add(add(mul(x3, add(add(x3, x1), x2)), add(x2, mul(mul(sub(add(mul(x2, mul(x3, x2)), exp(x1)), mul(x3, sub(x2, x4))), aq(add(x2, x1), x1)), add(exp(a), add(x2, aq(x2, x1)))))), add(exp(a), add(x2, x1)))))
GPU5 stages: candidates=2500 pre_s=22.690 cheap_candidates=1869 cheap_unique=1869 cheap_s=32.602/40.000 cheap_rejected=144 cheap_a_min=-0.345251174007 cheap_a_p50=0.000142446031258 cheap_a_p95=0.421203631841 cheap_a_max=2116.91815339 exact_a_gate=0.15 exact_provisional_penalty=3928.17976309 exact_candidates=1725 exact_unique=1725 full_exact_enabled=1 exact_capacity=1200 exact_waves=134 exact_scheduled=1200 exact_deferred=520 exact_wave=1200/1200 exact_queue_depth=0 exact_pending_instances=520 exact_s=181.304 exact_ok=1200 exact_margin_max=16.5051314 exact_scan_mean_s=0.040 exact_bisect_mean_s=0.003 exact_polish_mean_s=0.220 exact_final_mean_s=0.020 exact_margin_abs_b_max=nan cache_hits=0 cache_misses=0 cache_waits=0
230	2500 	550.53 	728.171    	1084.27    	187.643	38 	108.193	292	66.8276
Best individuals of this generation:
add(mul(x1, aq(x1, add(add(x1, mul(sin(add(x2, x1)), mul(sub(a, x3), add(a, a)))), x3))), mul(mul(sub(add(mul(x2, mul(aq(sub(add(mul(x2, mul(x1, x1)), exp(x1)), x2), add(a, x2)), sub(aq(x2, x3), x3))), exp(mul(sin(x4), x4))), mul(x3, sub(x2, x4))), aq(add(exp(a), add(x2, x1)), a)), add(add(mul(x3, add(add(x3, x1), x2)), add(x2, mul(mul(sub(add(mul(x2, mul(x3, x2)), exp(x1)), mul(x3, sub(x2, x4))), aq(add(x2, x1), x1)), add(exp(a), add(x2, aq(x2, x1)))))), add(exp(a), add(x2, x1)))))
GPU5 stages: candidates=2500 pre_s=22.867 cheap_candidates=1837 cheap_unique=1837 cheap_s=31.959/40.000 cheap_rejected=155 cheap_a_min=-0.647011087713 cheap_a_p50=0.000111654354218 cheap_a_p95=0.485946868386 cheap_a_max=1620.93204809 exact_a_gate=0.15 exact_provisional_penalty=3928.17976309 exact_candidates=1682 exact_unique=1682 full_exact_enabled=1 exact_capacity=1200 exact_waves=134 exact_scheduled=1200 exact_deferred=482 exact_wave=1200/1200 exact_queue_depth=0 exact_pending_instances=482 exact_s=178.999 exact_ok=1200 exact_margin_max=41.3324787284 exact_scan_mean_s=0.041 exact_bisect_mean_s=0.005 exact_polish_mean_s=0.215 exact_final_mean_s=0.024 exact_margin_abs_b_max=nan cache_hits=0 cache_misses=0 cache_waits=0
231	2500 	550.53 	727.89     	1082.74    	187.405	38 	107.923	292	66.7237
Best individuals of this generation:
add(mul(x1, aq(x1, add(add(x1, mul(sin(add(x2, x1)), mul(sub(a, x3), add(a, a)))), x3))), mul(mul(sub(add(mul(x2, mul(aq(sub(add(mul(x2, mul(x1, x1)), exp(x1)), x2), add(a, x2)), sub(aq(x2, x3), x3))), exp(mul(sin(x4), x4))), mul(x3, sub(x2, x4))), aq(add(exp(a), add(x2, x1)), a)), add(add(mul(x3, add(add(x3, x1), x2)), add(x2, mul(mul(sub(add(mul(x2, mul(x3, x2)), exp(x1)), mul(x3, sub(x2, x4))), aq(add(x2, x1), x1)), add(exp(a), add(x2, aq(x2, x1)))))), add(exp(a), add(x2, x1)))))
GPU5 stages: candidates=2500 pre_s=22.750 cheap_candidates=1820 cheap_unique=1820 cheap_s=30.324/40.000 cheap_rejected=131 cheap_a_min=-0.110681346601 cheap_a_p50=8.0002654847e-05 cheap_a_p95=0.361800852443 cheap_a_max=574.780278839 exact_a_gate=0.15 exact_provisional_penalty=3928.17976309 exact_candidates=1689 exact_unique=1689 full_exact_enabled=1 exact_capacity=1200 exact_waves=134 exact_scheduled=1200 exact_deferred=489 exact_wave=1200/1200 exact_queue_depth=0 exact_pending_instances=489 exact_s=175.603 exact_ok=1200 exact_margin_max=21.8204846808 exact_scan_mean_s=0.042 exact_bisect_mean_s=0.003 exact_polish_mean_s=0.212 exact_final_mean_s=0.017 exact_margin_abs_b_max=nan cache_hits=0 cache_misses=0 cache_waits=0
232	2500 	550.53 	727.62     	1080.65    	187.129	38 	107.84 	292	66.6749
Best individuals of this generation:
add(mul(x1, aq(x1, add(add(x1, mul(sin(add(x2, x1)), mul(sub(a, x3), add(a, a)))), x3))), mul(mul(sub(add(mul(x2, mul(aq(sub(add(mul(x2, mul(x1, x1)), exp(x1)), x2), add(a, x2)), sub(aq(x2, x3), x3))), exp(mul(sin(x4), x4))), mul(x3, sub(x2, x4))), aq(add(exp(a), add(x2, x1)), a)), add(add(mul(x3, add(add(x3, x1), x2)), add(x2, mul(mul(sub(add(mul(x2, mul(x3, x2)), exp(x1)), mul(x3, sub(x2, x4))), aq(add(x2, x1), x1)), add(exp(a), add(x2, aq(x2, x1)))))), add(exp(a), add(x2, x1)))))
GPU5 stages: candidates=2500 pre_s=22.627 cheap_candidates=1810 cheap_unique=1809 cheap_s=31.894/40.000 cheap_rejected=162 cheap_a_min=-0.748251339662 cheap_a_p50=0.000127358071517 cheap_a_p95=0.791800680777 cheap_a_max=1936.63592014 exact_a_gate=0.15 exact_provisional_penalty=3928.17976309 exact_candidates=1648 exact_unique=1647 full_exact_enabled=1 exact_capacity=1200 exact_waves=134 exact_scheduled=1200 exact_deferred=444 exact_wave=1200/1200 exact_queue_depth=0 exact_pending_instances=444 exact_s=178.075 exact_ok=1200 exact_margin_max=5.34546083664 exact_scan_mean_s=0.041 exact_bisect_mean_s=0.003 exact_polish_mean_s=0.215 exact_final_mean_s=0.024 exact_margin_abs_b_max=nan cache_hits=0 cache_misses=0 cache_waits=0
233	2500 	550.53 	727.362    	1079.62    	186.902	38 	107.732	292	66.7538
Best individuals of this generation:
add(mul(x1, aq(x1, add(add(x1, mul(sin(add(x2, x1)), mul(sub(a, x3), add(a, a)))), x3))), mul(mul(sub(add(mul(x2, mul(aq(sub(add(mul(x2, mul(x1, x1)), exp(x1)), x2), add(a, x2)), sub(aq(x2, x3), x3))), exp(mul(sin(x4), x4))), mul(x3, sub(x2, x4))), aq(add(exp(a), add(x2, x1)), a)), add(add(mul(x3, add(add(x3, x1), x2)), add(x2, mul(mul(sub(add(mul(x2, mul(x3, x2)), exp(x1)), mul(x3, sub(x2, x4))), aq(add(x2, x1), x1)), add(exp(a), add(x2, aq(x2, x1)))))), add(exp(a), add(x2, x1)))))
GPU5 stages: candidates=2500 pre_s=22.997 cheap_candidates=1809 cheap_unique=1809 cheap_s=32.845/40.000 cheap_rejected=165 cheap_a_min=-0.29109508393 cheap_a_p50=0.000126947868778 cheap_a_p95=1.18423650728 cheap_a_max=1635.75096612 exact_a_gate=0.15 exact_provisional_penalty=8314.33920147 exact_candidates=1644 exact_unique=1644 full_exact_enabled=1 exact_capacity=1200 exact_waves=134 exact_scheduled=1200 exact_deferred=442 exact_wave=1200/1200 exact_queue_depth=0 exact_pending_instances=442 exact_s=179.838 exact_ok=1200 exact_margin_max=5.83697431259 exact_scan_mean_s=0.041 exact_bisect_mean_s=0.003 exact_polish_mean_s=0.225 exact_final_mean_s=0.021 exact_margin_abs_b_max=nan cache_hits=0 cache_misses=0 cache_waits=0
234	2500 	550.53 	727.123    	1078.6     	186.657	38 	107.503	292	66.7765
Best individuals of this generation:
add(mul(x1, aq(x1, add(add(x1, mul(sin(add(x2, x1)), mul(sub(a, x3), add(a, a)))), x3))), mul(mul(sub(add(mul(x2, mul(aq(sub(add(mul(x2, mul(x1, x1)), exp(x1)), x2), add(a, x2)), sub(aq(x2, x3), x3))), exp(mul(sin(x4), x4))), mul(x3, sub(x2, x4))), aq(add(exp(a), add(x2, x1)), a)), add(add(mul(x3, add(add(x3, x1), x2)), add(x2, mul(mul(sub(add(mul(x2, mul(x3, x2)), exp(x1)), mul(x3, sub(x2, x4))), aq(add(x2, x1), x1)), add(exp(a), add(x2, aq(x2, x1)))))), add(exp(a), add(x2, x1)))))
GPU5 stages: candidates=2500 pre_s=22.927 cheap_candidates=1874 cheap_unique=1874 cheap_s=32.055/40.000 cheap_rejected=142 cheap_a_min=-0.416382627884 cheap_a_p50=0.00010113314723 cheap_a_p95=0.404453081 cheap_a_max=539.554622221 exact_a_gate=0.15 exact_provisional_penalty=3928.17976309 exact_candidates=1732 exact_unique=1732 full_exact_enabled=1 exact_capacity=1200 exact_waves=134 exact_scheduled=1200 exact_deferred=530 exact_wave=1200/1200 exact_queue_depth=0 exact_pending_instances=530 exact_s=179.061 exact_ok=1200 exact_margin_max=46.6143389243 exact_scan_mean_s=0.043 exact_bisect_mean_s=0.002 exact_polish_mean_s=0.221 exact_final_mean_s=0.023 exact_margin_abs_b_max=nan cache_hits=0 cache_misses=0 cache_waits=0
235	2500 	550.53 	726.857    	1075.68    	186.387	38 	107.428	292	66.7495
Best individuals of this generation:
add(mul(x1, aq(x1, add(add(x1, mul(sin(add(x2, x1)), mul(sub(a, x3), add(a, a)))), x3))), mul(mul(sub(add(mul(x2, mul(aq(sub(add(mul(x2, mul(x1, x1)), exp(x1)), x2), add(a, x2)), sub(aq(x2, x3), x3))), exp(mul(sin(x4), x4))), mul(x3, sub(x2, x4))), aq(add(exp(a), add(x2, x1)), a)), add(add(mul(x3, add(add(x3, x1), x2)), add(x2, mul(mul(sub(add(mul(x2, mul(x3, x2)), exp(x1)), mul(x3, sub(x2, x4))), aq(add(x2, x1), x1)), add(exp(a), add(x2, aq(x2, x1)))))), add(exp(a), add(x2, x1)))))
GPU5 stages: candidates=2500 pre_s=22.749 cheap_candidates=1840 cheap_unique=1840 cheap_s=31.106/40.000 cheap_rejected=132 cheap_a_min=-0.396872593833 cheap_a_p50=0.000111661447567 cheap_a_p95=0.449807454055 cheap_a_max=3471.40976371 exact_a_gate=0.15 exact_provisional_penalty=3928.17976309 exact_candidates=1708 exact_unique=1708 full_exact_enabled=1 exact_capacity=1200 exact_waves=134 exact_scheduled=1200 exact_deferred=507 exact_wave=1200/1200 exact_queue_depth=0 exact_pending_instances=507 exact_s=176.548 exact_ok=1200 exact_margin_max=115.807087296 exact_scan_mean_s=0.042 exact_bisect_mean_s=0.003 exact_polish_mean_s=0.216 exact_final_mean_s=0.031 exact_margin_abs_b_max=nan cache_hits=0 cache_misses=0 cache_waits=0
236	2500 	550.53 	726.662    	1074.55    	186.24 	38 	107.293	292	66.6215
Best individuals of this generation:
add(mul(x1, aq(x1, add(add(x1, mul(sin(add(x2, x1)), mul(sub(a, x3), add(a, a)))), x3))), mul(mul(sub(add(mul(x2, mul(aq(sub(add(mul(x2, mul(x1, x1)), exp(x1)), x2), add(a, x2)), sub(aq(x2, x3), x3))), exp(mul(sin(x4), x4))), mul(x3, sub(x2, x4))), aq(add(exp(a), add(x2, x1)), a)), add(add(mul(x3, add(add(x3, x1), x2)), add(x2, mul(mul(sub(add(mul(x2, mul(x3, x2)), exp(x1)), mul(x3, sub(x2, x4))), aq(add(x2, x1), x1)), add(exp(a), add(x2, aq(x2, x1)))))), add(exp(a), add(x2, x1)))))
GPU5 stages: candidates=2500 pre_s=22.931 cheap_candidates=1871 cheap_unique=1871 cheap_s=32.686/40.000 cheap_rejected=153 cheap_a_min=-0.643090742364 cheap_a_p50=0.000129298353867 cheap_a_p95=0.44721863034 cheap_a_max=475.461563939 exact_a_gate=0.15 exact_provisional_penalty=3928.17976309 exact_candidates=1718 exact_unique=1718 full_exact_enabled=1 exact_capacity=1200 exact_waves=134 exact_scheduled=1200 exact_deferred=516 exact_wave=1200/1200 exact_queue_depth=0 exact_pending_instances=516 exact_s=175.196 exact_ok=1200 exact_margin_max=20.0014879925 exact_scan_mean_s=0.042 exact_bisect_mean_s=0.002 exact_polish_mean_s=0.216 exact_final_mean_s=0.018 exact_margin_abs_b_max=nan cache_hits=0 cache_misses=0 cache_waits=0
237	2500 	550.53 	726.492    	1073.83    	186.142	38 	107.182	292	66.5785
Best individuals of this generation:
add(mul(x1, aq(x1, add(add(x1, mul(sin(add(x2, x1)), mul(sub(a, x3), add(a, a)))), x3))), mul(mul(sub(add(mul(x2, mul(aq(sub(add(mul(x2, mul(x1, x1)), exp(x1)), x2), add(a, x2)), sub(aq(x2, x3), x3))), exp(mul(sin(x4), x4))), mul(x3, sub(x2, x4))), aq(add(exp(a), add(x2, x1)), a)), add(add(mul(x3, add(add(x3, x1), x2)), add(x2, mul(mul(sub(add(mul(x2, mul(x3, x2)), exp(x1)), mul(x3, sub(x2, x4))), aq(add(x2, x1), x1)), add(exp(a), add(x2, aq(x2, x1)))))), add(exp(a), add(x2, x1)))))
GPU5 stages: candidates=2500 pre_s=22.492 cheap_candidates=1853 cheap_unique=1853 cheap_s=32.184/40.000 cheap_rejected=154 cheap_a_min=-0.375120283659 cheap_a_p50=0.000113172844003 cheap_a_p95=0.779001359138 cheap_a_max=3441.65176651 exact_a_gate=0.15 exact_provisional_penalty=3928.17976309 exact_candidates=1699 exact_unique=1699 full_exact_enabled=1 exact_capacity=1200 exact_waves=134 exact_scheduled=1200 exact_deferred=497 exact_wave=1200/1200 exact_queue_depth=0 exact_pending_instances=497 exact_s=175.736 exact_ok=1200 exact_margin_max=2.35363411683 exact_scan_mean_s=0.041 exact_bisect_mean_s=0.003 exact_polish_mean_s=0.216 exact_final_mean_s=0.023 exact_margin_abs_b_max=nan cache_hits=0 cache_misses=0 cache_waits=0
238	2500 	550.53 	726.262    	1072.72    	185.992	38 	107.078	292	66.5158
Best individuals of this generation:
add(mul(x1, aq(x1, add(add(x1, mul(sin(add(x2, x1)), mul(sub(a, x3), add(a, a)))), x3))), mul(mul(sub(add(mul(x2, mul(aq(sub(add(mul(x2, mul(x1, x1)), exp(x1)), x2), add(a, x2)), sub(aq(x2, x3), x3))), exp(mul(sin(x4), x4))), mul(x3, sub(x2, x4))), aq(add(exp(a), add(x2, x1)), a)), add(add(mul(x3, add(add(x3, x1), x2)), add(x2, mul(mul(sub(add(mul(x2, mul(x3, x2)), exp(x1)), mul(x3, sub(x2, x4))), aq(add(x2, x1), x1)), add(exp(a), add(x2, aq(x2, x1)))))), add(exp(a), add(x2, x1)))))
GPU5 stages: candidates=2500 pre_s=22.763 cheap_candidates=1831 cheap_unique=1830 cheap_s=31.626/40.000 cheap_rejected=160 cheap_a_min=-0.757322915395 cheap_a_p50=0.000116362805411 cheap_a_p95=0.772048464979 cheap_a_max=1818.81687089 exact_a_gate=0.15 exact_provisional_penalty=3928.17976309 exact_candidates=1671 exact_unique=1670 full_exact_enabled=1 exact_capacity=1200 exact_waves=134 exact_scheduled=1200 exact_deferred=469 exact_wave=1200/1200 exact_queue_depth=0 exact_pending_instances=469 exact_s=170.426 exact_ok=1200 exact_margin_max=56.0489511668 exact_scan_mean_s=0.042 exact_bisect_mean_s=0.003 exact_polish_mean_s=0.209 exact_final_mean_s=0.026 exact_margin_abs_b_max=nan cache_hits=0 cache_misses=0 cache_waits=0
239	2500 	550.53 	726        	1069.99    	185.733	38 	107.046	292	66.61  
Best individuals of this generation:
add(mul(x1, aq(x1, add(add(x1, mul(sin(add(x2, x1)), mul(sub(a, x3), add(a, a)))), x3))), mul(mul(sub(add(mul(x2, mul(aq(sub(add(mul(x2, mul(x1, x1)), exp(x1)), x2), add(a, x2)), sub(aq(x2, x3), x3))), exp(mul(sin(x4), x4))), mul(x3, sub(x2, x4))), aq(add(exp(a), add(x2, x1)), a)), add(add(mul(x3, add(add(x3, x1), x2)), add(x2, mul(mul(sub(add(mul(x2, mul(x3, x2)), exp(x1)), mul(x3, sub(x2, x4))), aq(add(x2, x1), x1)), add(exp(a), add(x2, aq(x2, x1)))))), add(exp(a), add(x2, x1)))))
GPU5 stages: candidates=2500 pre_s=22.926 cheap_candidates=1832 cheap_unique=1832 cheap_s=32.653/40.000 cheap_rejected=171 cheap_a_min=-0.284501688507 cheap_a_p50=0.000164783772316 cheap_a_p95=1.10969850883 cheap_a_max=374.387647987 exact_a_gate=0.15 exact_provisional_penalty=3928.17976309 exact_candidates=1661 exact_unique=1661 full_exact_enabled=1 exact_capacity=1200 exact_waves=134 exact_scheduled=1200 exact_deferred=459 exact_wave=1200/1200 exact_queue_depth=0 exact_pending_instances=459 exact_s=186.704 exact_ok=1200 exact_margin_max=3.71081144516 exact_scan_mean_s=0.043 exact_bisect_mean_s=0.003 exact_polish_mean_s=0.228 exact_final_mean_s=0.026 exact_margin_abs_b_max=nan cache_hits=0 cache_misses=0 cache_waits=0
240	2500 	550.53 	725.782    	1068.83    	185.638	38 	106.918	292	66.5348
Best individuals of this generation:
add(mul(x1, aq(x1, add(add(x1, mul(sin(add(x2, x1)), mul(sub(a, x3), add(a, a)))), x3))), mul(mul(sub(add(mul(x2, mul(aq(sub(add(mul(x2, mul(x1, x1)), exp(x1)), x2), add(a, x2)), sub(aq(x2, x3), x3))), exp(mul(sin(x4), x4))), mul(x3, sub(x2, x4))), aq(add(exp(a), add(x2, x1)), a)), add(add(mul(x3, add(add(x3, x1), x2)), add(x2, mul(mul(sub(add(mul(x2, mul(x3, x2)), exp(x1)), mul(x3, sub(x2, x4))), aq(add(x2, x1), x1)), add(exp(a), add(x2, aq(x2, x1)))))), add(exp(a), add(x2, x1)))))
GPU5 stages: candidates=2500 pre_s=22.756 cheap_candidates=1844 cheap_unique=1844 cheap_s=32.040/40.000 cheap_rejected=176 cheap_a_min=-0.788554812536 cheap_a_p50=0.000117472899321 cheap_a_p95=0.791132958511 cheap_a_max=4452.96921407 exact_a_gate=0.15 exact_provisional_penalty=3928.17976309 exact_candidates=1668 exact_unique=1668 full_exact_enabled=1 exact_capacity=1200 exact_waves=134 exact_scheduled=1200 exact_deferred=467 exact_wave=1200/1200 exact_queue_depth=0 exact_pending_instances=468 exact_s=174.049 exact_ok=1200 exact_margin_max=87.5846587796 exact_scan_mean_s=0.042 exact_bisect_mean_s=0.004 exact_polish_mean_s=0.217 exact_final_mean_s=0.018 exact_margin_abs_b_max=nan cache_hits=0 cache_misses=0 cache_waits=0
241	2500 	550.53 	725.592    	1067.38    	185.489	38 	106.84 	292	66.4896
Best individuals of this generation:
add(mul(x1, aq(x1, add(add(x1, mul(sin(add(x2, x1)), mul(sub(a, x3), add(a, a)))), x3))), mul(mul(sub(add(mul(x2, mul(aq(sub(add(mul(x2, mul(x1, x1)), exp(x1)), x2), add(a, x2)), sub(aq(x2, x3), x3))), exp(mul(sin(x4), x4))), mul(x3, sub(x2, x4))), aq(add(exp(a), add(x2, x1)), a)), add(add(mul(x3, add(add(x3, x1), x2)), add(x2, mul(mul(sub(add(mul(x2, mul(x3, x2)), exp(x1)), mul(x3, sub(x2, x4))), aq(add(x2, x1), x1)), add(exp(a), add(x2, aq(x2, x1)))))), add(exp(a), add(x2, x1)))))
GPU5 stages: candidates=2500 pre_s=22.926 cheap_candidates=1834 cheap_unique=1834 cheap_s=32.761/40.000 cheap_rejected=152 cheap_a_min=-0.410903829294 cheap_a_p50=0.000142720633103 cheap_a_p95=0.425508686295 cheap_a_max=1625.26111832 exact_a_gate=0.15 exact_provisional_penalty=3928.17976309 exact_candidates=1682 exact_unique=1682 full_exact_enabled=1 exact_capacity=1200 exact_waves=134 exact_scheduled=1200 exact_deferred=479 exact_wave=1200/1200 exact_queue_depth=0 exact_pending_instances=479 exact_s=178.278 exact_ok=1200 exact_margin_max=9.96576107725 exact_scan_mean_s=0.042 exact_bisect_mean_s=0.001 exact_polish_mean_s=0.212 exact_final_mean_s=0.015 exact_margin_abs_b_max=nan cache_hits=0 cache_misses=0 cache_waits=0
242	2500 	550.53 	725.445    	1066.53    	185.386	38 	106.782	292	66.4535
Best individuals of this generation:
add(mul(x1, aq(x1, add(add(x1, mul(sin(add(x2, x1)), mul(sub(a, x3), add(a, a)))), x3))), mul(mul(sub(add(mul(x2, mul(aq(sub(add(mul(x2, mul(x1, x1)), exp(x1)), x2), add(a, x2)), sub(aq(x2, x3), x3))), exp(mul(sin(x4), x4))), mul(x3, sub(x2, x4))), aq(add(exp(a), add(x2, x1)), a)), add(add(mul(x3, add(add(x3, x1), x2)), add(x2, mul(mul(sub(add(mul(x2, mul(x3, x2)), exp(x1)), mul(x3, sub(x2, x4))), aq(add(x2, x1), x1)), add(exp(a), add(x2, aq(x2, x1)))))), add(exp(a), add(x2, x1)))))
GPU5 stages: candidates=2500 pre_s=22.704 cheap_candidates=1856 cheap_unique=1856 cheap_s=31.612/40.000 cheap_rejected=140 cheap_a_min=-0.448642460346 cheap_a_p50=0.000125774384921 cheap_a_p95=0.40655198228 cheap_a_max=2661.44250299 exact_a_gate=0.15 exact_provisional_penalty=3928.17976309 exact_candidates=1716 exact_unique=1716 full_exact_enabled=1 exact_capacity=1200 exact_waves=134 exact_scheduled=1200 exact_deferred=512 exact_wave=1200/1200 exact_queue_depth=0 exact_pending_instances=512 exact_s=178.807 exact_ok=1200 exact_margin_max=56.5302969425 exact_scan_mean_s=0.042 exact_bisect_mean_s=0.002 exact_polish_mean_s=0.214 exact_final_mean_s=0.017 exact_margin_abs_b_max=nan cache_hits=0 cache_misses=0 cache_waits=0
243	2500 	550.53 	725.222    	1065.64    	185.277	38 	106.598	292	66.3958
Best individuals of this generation:
add(mul(x1, aq(x1, add(add(x1, mul(sin(add(x2, x1)), mul(sub(a, x3), add(a, a)))), x3))), mul(mul(sub(add(mul(x2, mul(aq(sub(add(mul(x2, mul(x1, x1)), exp(x1)), x2), add(a, x2)), sub(aq(x2, x3), x3))), exp(mul(sin(x4), x4))), mul(x3, sub(x2, x4))), aq(add(exp(a), add(x2, x1)), a)), add(add(mul(x3, add(add(x3, x1), x2)), add(x2, mul(mul(sub(add(mul(x2, mul(x3, x2)), exp(x1)), mul(x3, sub(x2, x4))), aq(add(x2, x1), x1)), add(exp(a), add(x2, aq(x2, x1)))))), add(exp(a), add(x2, x1)))))
GPU5 stages: candidates=2500 pre_s=22.638 cheap_candidates=1877 cheap_unique=1877 cheap_s=32.470/40.000 cheap_rejected=161 cheap_a_min=-0.244441226836 cheap_a_p50=0.000116081410601 cheap_a_p95=0.49776277711 cheap_a_max=470.310324736 exact_a_gate=0.15 exact_provisional_penalty=3928.17976309 exact_candidates=1716 exact_unique=1716 full_exact_enabled=1 exact_capacity=1200 exact_waves=134 exact_scheduled=1200 exact_deferred=514 exact_wave=1200/1200 exact_queue_depth=0 exact_pending_instances=514 exact_s=178.551 exact_ok=1200 exact_margin_max=46.0961533196 exact_scan_mean_s=0.042 exact_bisect_mean_s=0.002 exact_polish_mean_s=0.221 exact_final_mean_s=0.023 exact_margin_abs_b_max=nan cache_hits=0 cache_misses=0 cache_waits=0
244	2500 	550.53 	725.067    	1065.01    	185.17 	38 	106.646	292	66.3948
Best individuals of this generation:
add(mul(x1, aq(x1, add(add(x1, mul(sin(add(x2, x1)), mul(sub(a, x3), add(a, a)))), x3))), mul(mul(sub(add(mul(x2, mul(aq(sub(add(mul(x2, mul(x1, x1)), exp(x1)), x2), add(a, x2)), sub(aq(x2, x3), x3))), exp(mul(sin(x4), x4))), mul(x3, sub(x2, x4))), aq(add(exp(a), add(x2, x1)), a)), add(add(mul(x3, add(add(x3, x1), x2)), add(x2, mul(mul(sub(add(mul(x2, mul(x3, x2)), exp(x1)), mul(x3, sub(x2, x4))), aq(add(x2, x1), x1)), add(exp(a), add(x2, aq(x2, x1)))))), add(exp(a), add(x2, x1)))))
GPU5 stages: candidates=2500 pre_s=22.760 cheap_candidates=1838 cheap_unique=1838 cheap_s=32.494/40.000 cheap_rejected=140 cheap_a_min=-0.48526660503 cheap_a_p50=9.1955118973e-05 cheap_a_p95=0.52858140129 cheap_a_max=2634.43604942 exact_a_gate=0.15 exact_provisional_penalty=3928.17976309 exact_candidates=1698 exact_unique=1698 full_exact_enabled=1 exact_capacity=1200 exact_waves=134 exact_scheduled=1200 exact_deferred=494 exact_wave=1200/1200 exact_queue_depth=0 exact_pending_instances=494 exact_s=179.147 exact_ok=1200 exact_margin_max=61.6783088435 exact_scan_mean_s=0.041 exact_bisect_mean_s=0.003 exact_polish_mean_s=0.227 exact_final_mean_s=0.018 exact_margin_abs_b_max=nan cache_hits=0 cache_misses=0 cache_waits=0
245	2500 	550.53 	724.915    	1063.83    	185.081	37 	106.748	292	66.305 
Best individuals of this generation:
add(mul(x1, aq(x1, add(add(x1, mul(sin(add(x2, x1)), mul(sub(a, x3), add(a, a)))), x3))), mul(mul(sub(add(mul(x2, mul(aq(sub(add(mul(x2, mul(x1, x1)), exp(x1)), x2), add(a, x2)), sub(aq(x2, x3), x3))), exp(mul(sin(x4), x4))), mul(x3, sub(x2, x4))), aq(add(exp(a), add(x2, x1)), a)), add(add(mul(x3, add(add(x3, x1), x2)), add(x2, mul(mul(sub(add(mul(x2, mul(x3, x2)), exp(x1)), mul(x3, sub(x2, x4))), aq(add(x2, x1), x1)), add(exp(a), add(x2, aq(x2, x1)))))), add(exp(a), add(x2, x1)))))
GPU5 stages: candidates=2500 pre_s=22.802 cheap_candidates=1841 cheap_unique=1841 cheap_s=32.179/40.000 cheap_rejected=154 cheap_a_min=-50.6542683032 cheap_a_p50=0.000128507812927 cheap_a_p95=0.693537540556 cheap_a_max=655.350156977 exact_a_gate=0.15 exact_provisional_penalty=3928.17976309 exact_candidates=1687 exact_unique=1687 full_exact_enabled=1 exact_capacity=1200 exact_waves=134 exact_scheduled=1200 exact_deferred=486 exact_wave=1200/1200 exact_queue_depth=0 exact_pending_instances=486 exact_s=175.211 exact_ok=1200 exact_margin_max=839.343157464 exact_scan_mean_s=0.042 exact_bisect_mean_s=0.004 exact_polish_mean_s=0.213 exact_final_mean_s=0.021 exact_margin_abs_b_max=nan cache_hits=0 cache_misses=0 cache_waits=0
246	2500 	550.53 	724.796    	1063.18    	185.055	37 	106.79 	292	66.4457
Best individuals of this generation:
add(mul(x1, aq(x1, add(add(x1, mul(sin(add(x2, x1)), mul(sub(a, x3), add(a, a)))), x3))), mul(mul(sub(add(mul(x2, mul(aq(sub(add(mul(x2, mul(x1, x1)), exp(x1)), x2), add(a, x2)), sub(aq(x2, x3), x3))), exp(mul(sin(x4), x4))), mul(x3, sub(x2, x4))), aq(add(exp(a), add(x2, x1)), a)), add(add(mul(x3, add(add(x3, x1), x2)), add(x2, mul(mul(sub(add(mul(x2, mul(x3, x2)), exp(x1)), mul(x3, sub(x2, x4))), aq(add(x2, x1), x1)), add(exp(a), add(x2, aq(x2, x1)))))), add(exp(a), add(x2, x1)))))
GPU5 stages: candidates=2500 pre_s=22.639 cheap_candidates=1853 cheap_unique=1853 cheap_s=32.283/40.000 cheap_rejected=170 cheap_a_min=-0.651301918356 cheap_a_p50=0.000121869022003 cheap_a_p95=1.01237877339 cheap_a_max=940.444084311 exact_a_gate=0.15 exact_provisional_penalty=4196.86835757 exact_candidates=1683 exact_unique=1683 full_exact_enabled=1 exact_capacity=1200 exact_waves=134 exact_scheduled=1200 exact_deferred=479 exact_wave=1200/1200 exact_queue_depth=0 exact_pending_instances=479 exact_s=174.516 exact_ok=1200 exact_margin_max=888.61085033 exact_scan_mean_s=0.042 exact_bisect_mean_s=0.001 exact_polish_mean_s=0.216 exact_final_mean_s=0.017 exact_margin_abs_b_max=nan cache_hits=0 cache_misses=0 cache_waits=0
247	2500 	550.53 	724.67     	1062.05    	184.981	37 	106.827	292	66.4159
Best individuals of this generation:
add(mul(x1, aq(x1, add(add(x1, mul(sin(add(x2, x1)), mul(sub(a, x3), add(a, a)))), x3))), mul(mul(sub(add(mul(x2, mul(aq(sub(add(mul(x2, mul(x1, x1)), exp(x1)), x2), add(a, x2)), sub(aq(x2, x3), x3))), exp(mul(sin(x4), x4))), mul(x3, sub(x2, x4))), aq(add(exp(a), add(x2, x1)), a)), add(add(mul(x3, add(add(x3, x1), x2)), add(x2, mul(mul(sub(add(mul(x2, mul(x3, x2)), exp(x1)), mul(x3, sub(x2, x4))), aq(add(x2, x1), x1)), add(exp(a), add(x2, aq(x2, x1)))))), add(exp(a), add(x2, x1)))))
GPU5 stages: candidates=2500 pre_s=23.005 cheap_candidates=1841 cheap_unique=1840 cheap_s=31.544/40.000 cheap_rejected=149 cheap_a_min=-0.158939097824 cheap_a_p50=9.71204772629e-05 cheap_a_p95=0.520415198593 cheap_a_max=231.925423675 exact_a_gate=0.15 exact_provisional_penalty=3928.17976309 exact_candidates=1692 exact_unique=1691 full_exact_enabled=1 exact_capacity=1200 exact_waves=134 exact_scheduled=1200 exact_deferred=487 exact_wave=1200/1200 exact_queue_depth=0 exact_pending_instances=487 exact_s=179.532 exact_ok=1200 exact_margin_max=69.8778718593 exact_scan_mean_s=0.042 exact_bisect_mean_s=0.002 exact_polish_mean_s=0.224 exact_final_mean_s=0.023 exact_margin_abs_b_max=nan cache_hits=0 cache_misses=0 cache_waits=0
248	2500 	550.53 	724.507    	1061.22    	184.846	37 	106.797	292	66.4431
Best individuals of this generation:
add(mul(x1, aq(x1, add(add(x1, mul(sin(add(x2, x1)), mul(sub(a, x3), add(a, a)))), x3))), mul(mul(sub(add(mul(x2, mul(aq(sub(add(mul(x2, mul(x1, x1)), exp(x1)), x2), add(a, x2)), sub(aq(x2, x3), x3))), exp(mul(sin(x4), x4))), mul(x3, sub(x2, x4))), aq(add(exp(a), add(x2, x1)), a)), add(add(mul(x3, add(add(x3, x1), x2)), add(x2, mul(mul(sub(add(mul(x2, mul(x3, x2)), exp(x1)), mul(x3, sub(x2, x4))), aq(add(x2, x1), x1)), add(exp(a), add(x2, aq(x2, x1)))))), add(exp(a), add(x2, x1)))))
GPU5 stages: candidates=2500 pre_s=23.003 cheap_candidates=1846 cheap_unique=1846 cheap_s=32.612/40.000 cheap_rejected=153 cheap_a_min=-0.399644637613 cheap_a_p50=0.000130875110135 cheap_a_p95=0.512794187204 cheap_a_max=732.042747018 exact_a_gate=0.15 exact_provisional_penalty=3928.17976309 exact_candidates=1693 exact_unique=1693 full_exact_enabled=1 exact_capacity=1200 exact_waves=134 exact_scheduled=1200 exact_deferred=491 exact_wave=1200/1200 exact_queue_depth=0 exact_pending_instances=491 exact_s=178.753 exact_ok=1200 exact_margin_max=112.048654308 exact_scan_mean_s=0.042 exact_bisect_mean_s=0.002 exact_polish_mean_s=0.218 exact_final_mean_s=0.016 exact_margin_abs_b_max=nan cache_hits=0 cache_misses=0 cache_waits=0
249	2500 	550.53 	724.405    	1060.81    	184.81 	37 	106.729	292	66.3422
Best individuals of this generation:
add(mul(x1, aq(x1, add(add(x1, mul(sin(add(x2, x1)), mul(sub(a, x3), add(a, a)))), x3))), mul(mul(sub(add(mul(x2, mul(aq(sub(add(mul(x2, mul(x1, x1)), exp(x1)), x2), add(a, x2)), sub(aq(x2, x3), x3))), exp(mul(sin(x4), x4))), mul(x3, sub(x2, x4))), aq(add(exp(a), add(x2, x1)), a)), add(add(mul(x3, add(add(x3, x1), x2)), add(x2, mul(mul(sub(add(mul(x2, mul(x3, x2)), exp(x1)), mul(x3, sub(x2, x4))), aq(add(x2, x1), x1)), add(exp(a), add(x2, aq(x2, x1)))))), add(exp(a), add(x2, x1)))))
GPU5 stages: candidates=2500 pre_s=22.842 cheap_candidates=1842 cheap_unique=1842 cheap_s=32.216/40.000 cheap_rejected=165 cheap_a_min=-0.171204046415 cheap_a_p50=0.000139470139008 cheap_a_p95=1.15441161282 cheap_a_max=247.668015528 exact_a_gate=0.15 exact_provisional_penalty=6738.12772432 exact_candidates=1677 exact_unique=1677 full_exact_enabled=1 exact_capacity=1200 exact_waves=134 exact_scheduled=1200 exact_deferred=476 exact_wave=1200/1200 exact_queue_depth=0 exact_pending_instances=476 exact_s=178.883 exact_ok=1200 exact_margin_max=5.03673377821 exact_scan_mean_s=0.040 exact_bisect_mean_s=0.003 exact_polish_mean_s=0.214 exact_final_mean_s=0.015 exact_margin_abs_b_max=nan cache_hits=0 cache_misses=0 cache_waits=0
250	2500 	550.53 	724.287    	1060.39    	184.818	37 	106.729	292	66.3038
Best individuals of this generation:
add(mul(x1, aq(x1, add(add(x1, mul(sin(add(x2, x1)), mul(sub(a, x3), add(a, a)))), x3))), mul(mul(sub(add(mul(x2, mul(aq(sub(add(mul(x2, mul(x1, x1)), exp(x1)), x2), add(a, x2)), sub(aq(x2, x3), x3))), exp(mul(sin(x4), x4))), mul(x3, sub(x2, x4))), aq(add(exp(a), add(x2, x1)), a)), add(add(mul(x3, add(add(x3, x1), x2)), add(x2, mul(mul(sub(add(mul(x2, mul(x3, x2)), exp(x1)), mul(x3, sub(x2, x4))), aq(add(x2, x1), x1)), add(exp(a), add(x2, aq(x2, x1)))))), add(exp(a), add(x2, x1)))))
GPU5 stages: candidates=2500 pre_s=22.875 cheap_candidates=1865 cheap_unique=1865 cheap_s=32.194/40.000 cheap_rejected=145 cheap_a_min=-0.271165719652 cheap_a_p50=9.00854081548e-05 cheap_a_p95=0.504414705649 cheap_a_max=1564.98179553 exact_a_gate=0.15 exact_provisional_penalty=3928.17976309 exact_candidates=1720 exact_unique=1720 full_exact_enabled=1 exact_capacity=1200 exact_waves=134 exact_scheduled=1200 exact_deferred=519 exact_wave=1200/1200 exact_queue_depth=0 exact_pending_instances=519 exact_s=177.178 exact_ok=1200 exact_margin_max=4.58428032455 exact_scan_mean_s=0.041 exact_bisect_mean_s=0.002 exact_polish_mean_s=0.217 exact_final_mean_s=0.014 exact_margin_abs_b_max=nan cache_hits=0 cache_misses=0 cache_waits=0
251	2500 	550.53 	724.181    	1059.78    	184.807	37 	106.777	292	66.2379
Best individuals of this generation:
add(mul(x1, aq(x1, add(add(x1, mul(sin(add(x2, x1)), mul(sub(a, x3), add(a, a)))), x3))), mul(mul(sub(add(mul(x2, mul(aq(sub(add(mul(x2, mul(x1, x1)), exp(x1)), x2), add(a, x2)), sub(aq(x2, x3), x3))), exp(mul(sin(x4), x4))), mul(x3, sub(x2, x4))), aq(add(exp(a), add(x2, x1)), a)), add(add(mul(x3, add(add(x3, x1), x2)), add(x2, mul(mul(sub(add(mul(x2, mul(x3, x2)), exp(x1)), mul(x3, sub(x2, x4))), aq(add(x2, x1), x1)), add(exp(a), add(x2, aq(x2, x1)))))), add(exp(a), add(x2, x1)))))
GPU5 stages: candidates=2500 pre_s=22.641 cheap_candidates=1846 cheap_unique=1846 cheap_s=33.283/40.000 cheap_rejected=145 cheap_a_min=-0.610775768697 cheap_a_p50=0.000140385516991 cheap_a_p95=0.550803712483 cheap_a_max=830.832952899 exact_a_gate=0.15 exact_provisional_penalty=3928.17976309 exact_candidates=1701 exact_unique=1701 full_exact_enabled=1 exact_capacity=1200 exact_waves=134 exact_scheduled=1200 exact_deferred=501 exact_wave=1200/1200 exact_queue_depth=0 exact_pending_instances=501 exact_s=170.361 exact_ok=1200 exact_margin_max=1008.75057443 exact_scan_mean_s=0.042 exact_bisect_mean_s=0.002 exact_polish_mean_s=0.208 exact_final_mean_s=0.019 exact_margin_abs_b_max=nan cache_hits=0 cache_misses=0 cache_waits=0
252	2500 	550.53 	724.092    	1059.56    	184.788	37 	106.781	292	66.1316
Best individuals of this generation:
add(mul(x1, aq(x1, add(add(x1, mul(sin(add(x2, x1)), mul(sub(a, x3), add(a, a)))), x3))), mul(mul(sub(add(mul(x2, mul(aq(sub(add(mul(x2, mul(x1, x1)), exp(x1)), x2), add(a, x2)), sub(aq(x2, x3), x3))), exp(mul(sin(x4), x4))), mul(x3, sub(x2, x4))), aq(add(exp(a), add(x2, x1)), a)), add(add(mul(x3, add(add(x3, x1), x2)), add(x2, mul(mul(sub(add(mul(x2, mul(x3, x2)), exp(x1)), mul(x3, sub(x2, x4))), aq(add(x2, x1), x1)), add(exp(a), add(x2, aq(x2, x1)))))), add(exp(a), add(x2, x1)))))
GPU5 stages: candidates=2500 pre_s=22.908 cheap_candidates=1829 cheap_unique=1829 cheap_s=31.680/40.000 cheap_rejected=133 cheap_a_min=-0.488327480994 cheap_a_p50=0.000124632177937 cheap_a_p95=0.675439557592 cheap_a_max=249.345244781 exact_a_gate=0.15 exact_provisional_penalty=3928.17976309 exact_candidates=1696 exact_unique=1696 full_exact_enabled=1 exact_capacity=1200 exact_waves=134 exact_scheduled=1200 exact_deferred=493 exact_wave=1200/1200 exact_queue_depth=0 exact_pending_instances=493 exact_s=172.831 exact_ok=1200 exact_margin_max=4.05065874322 exact_scan_mean_s=0.042 exact_bisect_mean_s=0.002 exact_polish_mean_s=0.220 exact_final_mean_s=0.017 exact_margin_abs_b_max=nan cache_hits=0 cache_misses=0 cache_waits=0
253	2500 	549.542	723.985    	1059.09    	184.783	37 	106.864	292	66.0749
Best individuals of this generation:
add(mul(x1, aq(x1, add(add(x1, mul(sin(add(x2, x1)), mul(sub(mul(sin(x3), x1), x3), add(a, a)))), x3))), mul(mul(sub(add(mul(x2, mul(aq(sub(add(mul(x2, mul(x1, x1)), exp(x1)), x2), add(a, x2)), x2)), exp(mul(sin(x4), x4))), mul(x3, sub(x2, x4))), aq(add(exp(a), add(x2, x1)), a)), add(add(mul(x3, add(add(x3, x1), x2)), add(x2, mul(mul(sub(add(mul(x2, mul(x3, x2)), exp(x1)), mul(x3, sub(x2, x4))), aq(add(x2, x1), x1)), add(exp(a), add(x2, aq(x2, x1)))))), add(exp(a), aq(add(x2, x1), x1)))))
GPU5 stages: candidates=2500 pre_s=22.928 cheap_candidates=1838 cheap_unique=1838 cheap_s=31.667/40.000 cheap_rejected=142 cheap_a_min=-0.145544845661 cheap_a_p50=0.000111053527981 cheap_a_p95=0.431650286459 cheap_a_max=2209.54567808 exact_a_gate=0.15 exact_provisional_penalty=3928.17976309 exact_candidates=1696 exact_unique=1696 full_exact_enabled=1 exact_capacity=1200 exact_waves=134 exact_scheduled=1200 exact_deferred=492 exact_wave=1200/1200 exact_queue_depth=0 exact_pending_instances=492 exact_s=179.284 exact_ok=1200 exact_margin_max=3.72067205948 exact_scan_mean_s=0.042 exact_bisect_mean_s=0.002 exact_polish_mean_s=0.212 exact_final_mean_s=0.025 exact_margin_abs_b_max=nan cache_hits=0 cache_misses=0 cache_waits=0
254	2500 	549.542	723.881    	1058.51    	184.742	37 	107.032	292	66.1486
Best individuals of this generation:
add(mul(x1, aq(x1, add(add(x1, mul(sin(add(x2, x1)), mul(sub(mul(sin(x3), x1), x3), add(a, a)))), x3))), mul(mul(sub(add(mul(x2, mul(aq(sub(add(mul(x2, mul(x1, x1)), exp(x1)), x2), add(a, x2)), x2)), exp(mul(sin(x4), x4))), mul(x3, sub(x2, x4))), aq(add(exp(a), add(x2, x1)), a)), add(add(mul(x3, add(add(x3, x1), x2)), add(x2, mul(mul(sub(add(mul(x2, mul(x3, x2)), exp(x1)), mul(x3, sub(x2, x4))), aq(add(x2, x1), x1)), add(exp(a), add(x2, aq(x2, x1)))))), add(exp(a), aq(add(x2, x1), x1)))))
GPU5 stages: candidates=2500 pre_s=22.858 cheap_candidates=1821 cheap_unique=1821 cheap_s=32.930/40.000 cheap_rejected=146 cheap_a_min=-0.201234533821 cheap_a_p50=0.000140874455319 cheap_a_p95=0.412407472367 cheap_a_max=2461.41133483 exact_a_gate=0.15 exact_provisional_penalty=3928.17976309 exact_candidates=1675 exact_unique=1675 full_exact_enabled=1 exact_capacity=1200 exact_waves=134 exact_scheduled=1200 exact_deferred=471 exact_wave=1200/1200 exact_queue_depth=0 exact_pending_instances=471 exact_s=173.152 exact_ok=1200 exact_margin_max=21.2763977813 exact_scan_mean_s=0.043 exact_bisect_mean_s=0.002 exact_polish_mean_s=0.218 exact_final_mean_s=0.021 exact_margin_abs_b_max=nan cache_hits=0 cache_misses=0 cache_waits=0
255	2500 	549.542	723.786    	1058.07    	184.722	37 	107.138	292	66.0845
Best individuals of this generation:
add(mul(x1, aq(x1, add(add(x1, mul(sin(add(x2, x1)), mul(sub(mul(sin(x3), x1), x3), add(a, a)))), x3))), mul(mul(sub(add(mul(x2, mul(aq(sub(add(mul(x2, mul(x1, x1)), exp(x1)), x2), add(a, x2)), x2)), exp(mul(sin(x4), x4))), mul(x3, sub(x2, x4))), aq(add(exp(a), add(x2, x1)), a)), add(add(mul(x3, add(add(x3, x1), x2)), add(x2, mul(mul(sub(add(mul(x2, mul(x3, x2)), exp(x1)), mul(x3, sub(x2, x4))), aq(add(x2, x1), x1)), add(exp(a), add(x2, aq(x2, x1)))))), add(exp(a), aq(add(x2, x1), x1)))))
GPU5 stages: candidates=2500 pre_s=22.583 cheap_candidates=1808 cheap_unique=1808 cheap_s=32.499/40.000 cheap_rejected=136 cheap_a_min=-0.125304632109 cheap_a_p50=0.000129847409731 cheap_a_p95=0.485318330435 cheap_a_max=2170.15256983 exact_a_gate=0.15 exact_provisional_penalty=3928.17976309 exact_candidates=1672 exact_unique=1672 full_exact_enabled=1 exact_capacity=1200 exact_waves=134 exact_scheduled=1200 exact_deferred=468 exact_wave=1200/1200 exact_queue_depth=0 exact_pending_instances=468 exact_s=176.243 exact_ok=1200 exact_margin_max=15.5411333546 exact_scan_mean_s=0.041 exact_bisect_mean_s=0.002 exact_polish_mean_s=0.211 exact_final_mean_s=0.015 exact_margin_abs_b_max=nan cache_hits=0 cache_misses=0 cache_waits=0
256	2500 	549.542	723.673    	1057.88    	184.713	37 	107.294	292	66.0763
Best individuals of this generation:
add(mul(x1, aq(x1, add(add(x1, mul(sin(add(x2, x1)), mul(sub(mul(sin(x3), x1), x3), add(a, a)))), x3))), mul(mul(sub(add(mul(x2, mul(aq(sub(add(mul(x2, mul(x1, x1)), exp(x1)), x2), add(a, x2)), x2)), exp(mul(sin(x4), x4))), mul(x3, sub(x2, x4))), aq(add(exp(a), add(x2, x1)), a)), add(add(mul(x3, add(add(x3, x1), x2)), add(x2, mul(mul(sub(add(mul(x2, mul(x3, x2)), exp(x1)), mul(x3, sub(x2, x4))), aq(add(x2, x1), x1)), add(exp(a), add(x2, aq(x2, x1)))))), add(exp(a), aq(add(x2, x1), x1)))))
GPU5 stages: candidates=2500 pre_s=22.875 cheap_candidates=1856 cheap_unique=1856 cheap_s=33.729/40.000 cheap_rejected=147 cheap_a_min=-0.276635924949 cheap_a_p50=0.000126289827905 cheap_a_p95=0.531998015177 cheap_a_max=1127.9679173 exact_a_gate=0.15 exact_provisional_penalty=3928.17976309 exact_candidates=1709 exact_unique=1709 full_exact_enabled=1 exact_capacity=1200 exact_waves=134 exact_scheduled=1200 exact_deferred=507 exact_wave=1200/1200 exact_queue_depth=0 exact_pending_instances=507 exact_s=177.950 exact_ok=1200 exact_margin_max=81.4586675412 exact_scan_mean_s=0.042 exact_bisect_mean_s=0.002 exact_polish_mean_s=0.222 exact_final_mean_s=0.017 exact_margin_abs_b_max=nan cache_hits=0 cache_misses=0 cache_waits=0
257	2500 	549.542	723.6      	1057.68    	184.708	37 	107.372	292	65.9837
Best individuals of this generation:
add(mul(x1, aq(x1, add(add(x1, mul(sin(add(x2, x1)), mul(sub(mul(sin(x3), x1), x3), add(a, a)))), x3))), mul(mul(sub(add(mul(x2, mul(aq(sub(add(mul(x2, mul(x1, x1)), exp(x1)), x2), add(a, x2)), x2)), exp(mul(sin(x4), x4))), mul(x3, sub(x2, x4))), aq(add(exp(a), add(x2, x1)), a)), add(add(mul(x3, add(add(x3, x1), x2)), add(x2, mul(mul(sub(add(mul(x2, mul(x3, x2)), exp(x1)), mul(x3, sub(x2, x4))), aq(add(x2, x1), x1)), add(exp(a), add(x2, aq(x2, x1)))))), add(exp(a), aq(add(x2, x1), x1)))))
GPU5 stages: candidates=2500 pre_s=22.926 cheap_candidates=1836 cheap_unique=1836 cheap_s=31.889/40.000 cheap_rejected=131 cheap_a_min=-0.394026859597 cheap_a_p50=0.000111442865125 cheap_a_p95=0.389911729567 cheap_a_max=824.500403516 exact_a_gate=0.15 exact_provisional_penalty=3928.17976309 exact_candidates=1705 exact_unique=1705 full_exact_enabled=1 exact_capacity=1200 exact_waves=134 exact_scheduled=1200 exact_deferred=503 exact_wave=1200/1200 exact_queue_depth=0 exact_pending_instances=503 exact_s=181.928 exact_ok=1200 exact_margin_max=354.159464636 exact_scan_mean_s=0.041 exact_bisect_mean_s=0.002 exact_polish_mean_s=0.221 exact_final_mean_s=0.026 exact_margin_abs_b_max=nan cache_hits=0 cache_misses=0 cache_waits=0
258	2500 	549.542	723.508    	1057.37    	184.665	37 	107.612	292	66.0228
Best individuals of this generation:
add(mul(x1, aq(x1, add(add(x1, mul(sin(add(x2, x1)), mul(sub(mul(sin(x3), x1), x3), add(a, a)))), x3))), mul(mul(sub(add(mul(x2, mul(aq(sub(add(mul(x2, mul(x1, x1)), exp(x1)), x2), add(a, x2)), x2)), exp(mul(sin(x4), x4))), mul(x3, sub(x2, x4))), aq(add(exp(a), add(x2, x1)), a)), add(add(mul(x3, add(add(x3, x1), x2)), add(x2, mul(mul(sub(add(mul(x2, mul(x3, x2)), exp(x1)), mul(x3, sub(x2, x4))), aq(add(x2, x1), x1)), add(exp(a), add(x2, aq(x2, x1)))))), add(exp(a), aq(add(x2, x1), x1)))))
GPU5 stages: candidates=2500 pre_s=22.790 cheap_candidates=1834 cheap_unique=1834 cheap_s=32.769/40.000 cheap_rejected=148 cheap_a_min=-0.164953331654 cheap_a_p50=0.000126722400859 cheap_a_p95=0.444215801267 cheap_a_max=1073.25241338 exact_a_gate=0.15 exact_provisional_penalty=3928.17976309 exact_candidates=1686 exact_unique=1686 full_exact_enabled=1 exact_capacity=1200 exact_waves=134 exact_scheduled=1200 exact_deferred=484 exact_wave=1200/1200 exact_queue_depth=0 exact_pending_instances=485 exact_s=182.807 exact_ok=1200 exact_margin_max=10.4475246523 exact_scan_mean_s=0.042 exact_bisect_mean_s=0.002 exact_polish_mean_s=0.223 exact_final_mean_s=0.031 exact_margin_abs_b_max=nan cache_hits=0 cache_misses=0 cache_waits=0
259	2500 	549.542	723.399    	1057.15    	184.686	37 	107.795	292	65.9125
Best individuals of this generation:
add(mul(x1, aq(x1, add(add(x1, mul(sin(add(x2, x1)), mul(sub(mul(sin(x3), x1), x3), add(a, a)))), x3))), mul(mul(sub(add(mul(x2, mul(aq(sub(add(mul(x2, mul(x1, x1)), exp(x1)), x2), add(a, x2)), x2)), exp(mul(sin(x4), x4))), mul(x3, sub(x2, x4))), aq(add(exp(a), add(x2, x1)), a)), add(add(mul(x3, add(add(x3, x1), x2)), add(x2, mul(mul(sub(add(mul(x2, mul(x3, x2)), exp(x1)), mul(x3, sub(x2, x4))), aq(add(x2, x1), x1)), add(exp(a), add(x2, aq(x2, x1)))))), add(exp(a), aq(add(x2, x1), x1)))))
GPU5 stages: candidates=2500 pre_s=22.758 cheap_candidates=1857 cheap_unique=1857 cheap_s=32.136/40.000 cheap_rejected=142 cheap_a_min=-0.327982749564 cheap_a_p50=6.89073457176e-05 cheap_a_p95=0.423718525085 cheap_a_max=304.618522867 exact_a_gate=0.15 exact_provisional_penalty=3928.17976309 exact_candidates=1715 exact_unique=1715 full_exact_enabled=1 exact_capacity=1200 exact_waves=134 exact_scheduled=1200 exact_deferred=515 exact_wave=1200/1200 exact_queue_depth=0 exact_pending_instances=515 exact_s=179.366 exact_ok=1200 exact_margin_max=434.085129678 exact_scan_mean_s=0.042 exact_bisect_mean_s=0.001 exact_polish_mean_s=0.224 exact_final_mean_s=0.021 exact_margin_abs_b_max=nan cache_hits=0 cache_misses=0 cache_waits=0
260	2500 	549.542	723.328    	1056.6     	184.683	37 	108.063	292	65.8898
Best individuals of this generation:
add(mul(x1, aq(x1, add(add(x1, mul(sin(add(x2, x1)), mul(sub(mul(sin(x3), x1), x3), add(a, a)))), x3))), mul(mul(sub(add(mul(x2, mul(aq(sub(add(mul(x2, mul(x1, x1)), exp(x1)), x2), add(a, x2)), x2)), exp(mul(sin(x4), x4))), mul(x3, sub(x2, x4))), aq(add(exp(a), add(x2, x1)), a)), add(add(mul(x3, add(add(x3, x1), x2)), add(x2, mul(mul(sub(add(mul(x2, mul(x3, x2)), exp(x1)), mul(x3, sub(x2, x4))), aq(add(x2, x1), x1)), add(exp(a), add(x2, aq(x2, x1)))))), add(exp(a), aq(add(x2, x1), x1)))))
GPU5 stages: candidates=2500 pre_s=22.905 cheap_candidates=1881 cheap_unique=1881 cheap_s=33.882/40.000 cheap_rejected=160 cheap_a_min=-0.379822497264 cheap_a_p50=0.000120363888787 cheap_a_p95=0.544328023132 cheap_a_max=410.590518538 exact_a_gate=0.15 exact_provisional_penalty=3928.17976309 exact_candidates=1721 exact_unique=1721 full_exact_enabled=1 exact_capacity=1200 exact_waves=134 exact_scheduled=1200 exact_deferred=520 exact_wave=1200/1200 exact_queue_depth=0 exact_pending_instances=520 exact_s=177.315 exact_ok=1200 exact_margin_max=4119264.53101 exact_scan_mean_s=0.040 exact_bisect_mean_s=0.002 exact_polish_mean_s=0.223 exact_final_mean_s=0.023 exact_margin_abs_b_max=nan cache_hits=0 cache_misses=0 cache_waits=0
261	2500 	549.542	723.249    	1056.35    	184.696	37 	108.136	292	65.7578
Best individuals of this generation:
add(mul(x1, aq(x1, add(add(x1, mul(sin(add(x2, x1)), mul(sub(mul(sin(x3), x1), x3), add(a, a)))), x3))), mul(mul(sub(add(mul(x2, mul(aq(sub(add(mul(x2, mul(x1, x1)), exp(x1)), x2), add(a, x2)), x2)), exp(mul(sin(x4), x4))), mul(x3, sub(x2, x4))), aq(add(exp(a), add(x2, x1)), a)), add(add(mul(x3, add(add(x3, x1), x2)), add(x2, mul(mul(sub(add(mul(x2, mul(x3, x2)), exp(x1)), mul(x3, sub(x2, x4))), aq(add(x2, x1), x1)), add(exp(a), add(x2, aq(x2, x1)))))), add(exp(a), aq(add(x2, x1), x1)))))
GPU5 stages: candidates=2500 pre_s=22.895 cheap_candidates=1844 cheap_unique=1844 cheap_s=34.544/40.000 cheap_rejected=159 cheap_a_min=-0.284471149791 cheap_a_p50=9.20114810683e-05 cheap_a_p95=0.717721934942 cheap_a_max=1155.64224057 exact_a_gate=0.15 exact_provisional_penalty=3928.17976309 exact_candidates=1685 exact_unique=1685 full_exact_enabled=1 exact_capacity=1200 exact_waves=134 exact_scheduled=1200 exact_deferred=483 exact_wave=1200/1200 exact_queue_depth=0 exact_pending_instances=483 exact_s=176.153 exact_ok=1200 exact_margin_max=61.372666672 exact_scan_mean_s=0.042 exact_bisect_mean_s=0.002 exact_polish_mean_s=0.228 exact_final_mean_s=0.024 exact_margin_abs_b_max=nan cache_hits=0 cache_misses=0 cache_waits=0
262	2500 	549.542	723.185    	1056.22    	184.714	37 	108.301	292	65.7277
Best individuals of this generation:
add(mul(x1, aq(x1, add(add(x1, mul(sin(add(x2, x1)), mul(sub(mul(sin(x3), x1), x3), add(a, a)))), x3))), mul(mul(sub(add(mul(x2, mul(aq(sub(add(mul(x2, mul(x1, x1)), exp(x1)), x2), add(a, x2)), x2)), exp(mul(sin(x4), x4))), mul(x3, sub(x2, x4))), aq(add(exp(a), add(x2, x1)), a)), add(add(mul(x3, add(add(x3, x1), x2)), add(x2, mul(mul(sub(add(mul(x2, mul(x3, x2)), exp(x1)), mul(x3, sub(x2, x4))), aq(add(x2, x1), x1)), add(exp(a), add(x2, aq(x2, x1)))))), add(exp(a), aq(add(x2, x1), x1)))))
GPU5 stages: candidates=2500 pre_s=22.826 cheap_candidates=1835 cheap_unique=1835 cheap_s=32.848/40.000 cheap_rejected=141 cheap_a_min=-0.515176973591 cheap_a_p50=0.000108367356312 cheap_a_p95=0.587300269004 cheap_a_max=1780.2648131 exact_a_gate=0.15 exact_provisional_penalty=3928.17976309 exact_candidates=1694 exact_unique=1694 full_exact_enabled=1 exact_capacity=1200 exact_waves=134 exact_scheduled=1200 exact_deferred=493 exact_wave=1200/1200 exact_queue_depth=0 exact_pending_instances=493 exact_s=181.471 exact_ok=1200 exact_margin_max=1.36313043824e+20 exact_scan_mean_s=0.047 exact_bisect_mean_s=0.003 exact_polish_mean_s=0.214 exact_final_mean_s=0.026 exact_margin_abs_b_max=nan cache_hits=0 cache_misses=0 cache_waits=0
263	2500 	549.542	723.112    	1055.7     	184.696	35 	108.46 	292	65.7476
Best individuals of this generation:
add(mul(x1, aq(x1, add(add(x1, mul(sin(add(x2, x1)), mul(sub(mul(sin(x3), x1), x3), add(a, a)))), x3))), mul(mul(sub(add(mul(x2, mul(aq(sub(add(mul(x2, mul(x1, x1)), exp(x1)), x2), add(a, x2)), x2)), exp(mul(sin(x4), x4))), mul(x3, sub(x2, x4))), aq(add(exp(a), add(x2, x1)), a)), add(add(mul(x3, add(add(x3, x1), x2)), add(x2, mul(mul(sub(add(mul(x2, mul(x3, x2)), exp(x1)), mul(x3, sub(x2, x4))), aq(add(x2, x1), x1)), add(exp(a), add(x2, aq(x2, x1)))))), add(exp(a), aq(add(x2, x1), x1)))))
GPU5 stages: candidates=2500 pre_s=22.860 cheap_candidates=1852 cheap_unique=1852 cheap_s=33.724/40.000 cheap_rejected=138 cheap_a_min=-1.17068841075 cheap_a_p50=0.000107723221401 cheap_a_p95=0.426160601649 cheap_a_max=939.786784238 exact_a_gate=0.15 exact_provisional_penalty=3928.17976309 exact_candidates=1714 exact_unique=1714 full_exact_enabled=1 exact_capacity=1200 exact_waves=134 exact_scheduled=1200 exact_deferred=511 exact_wave=1200/1200 exact_queue_depth=0 exact_pending_instances=511 exact_s=174.918 exact_ok=1200 exact_margin_max=353.775518181 exact_scan_mean_s=0.043 exact_bisect_mean_s=0.001 exact_polish_mean_s=0.220 exact_final_mean_s=0.023 exact_margin_abs_b_max=nan cache_hits=0 cache_misses=0 cache_waits=0
264	2500 	549.542	723.045    	1055.62    	184.71 	35 	108.601	292	65.6397
Best individuals of this generation:
add(mul(x1, aq(x1, add(add(x1, mul(sin(add(x2, x1)), mul(sub(mul(sin(x3), x1), x3), add(a, a)))), x3))), mul(mul(sub(add(mul(x2, mul(aq(sub(add(mul(x2, mul(x1, x1)), exp(x1)), x2), add(a, x2)), x2)), exp(mul(sin(x4), x4))), mul(x3, sub(x2, x4))), aq(add(exp(a), add(x2, x1)), a)), add(add(mul(x3, add(add(x3, x1), x2)), add(x2, mul(mul(sub(add(mul(x2, mul(x3, x2)), exp(x1)), mul(x3, sub(x2, x4))), aq(add(x2, x1), x1)), add(exp(a), add(x2, aq(x2, x1)))))), add(exp(a), aq(add(x2, x1), x1)))))
GPU5 stages: candidates=2500 pre_s=22.786 cheap_candidates=1824 cheap_unique=1824 cheap_s=32.499/40.000 cheap_rejected=139 cheap_a_min=-0.396476535944 cheap_a_p50=9.63545470557e-05 cheap_a_p95=0.550727334919 cheap_a_max=616.152169526 exact_a_gate=0.15 exact_provisional_penalty=3928.17976309 exact_candidates=1685 exact_unique=1685 full_exact_enabled=1 exact_capacity=1200 exact_waves=134 exact_scheduled=1200 exact_deferred=482 exact_wave=1200/1200 exact_queue_depth=0 exact_pending_instances=482 exact_s=180.078 exact_ok=1200 exact_margin_max=50.4054761493 exact_scan_mean_s=0.042 exact_bisect_mean_s=0.002 exact_polish_mean_s=0.216 exact_final_mean_s=0.020 exact_margin_abs_b_max=nan cache_hits=0 cache_misses=0 cache_waits=0
265	2500 	549.542	722.981    	1055.45    	184.706	35 	108.756	292	65.7103
Best individuals of this generation:
add(mul(x1, aq(x1, add(add(x1, mul(sin(add(x2, x1)), mul(sub(mul(sin(x3), x1), x3), add(a, a)))), x3))), mul(mul(sub(add(mul(x2, mul(aq(sub(add(mul(x2, mul(x1, x1)), exp(x1)), x2), add(a, x2)), x2)), exp(mul(sin(x4), x4))), mul(x3, sub(x2, x4))), aq(add(exp(a), add(x2, x1)), a)), add(add(mul(x3, add(add(x3, x1), x2)), add(x2, mul(mul(sub(add(mul(x2, mul(x3, x2)), exp(x1)), mul(x3, sub(x2, x4))), aq(add(x2, x1), x1)), add(exp(a), add(x2, aq(x2, x1)))))), add(exp(a), aq(add(x2, x1), x1)))))
GPU5 stages: candidates=2500 pre_s=22.792 cheap_candidates=1820 cheap_unique=1820 cheap_s=32.885/40.000 cheap_rejected=149 cheap_a_min=-0.285319548952 cheap_a_p50=0.000119809222022 cheap_a_p95=0.668803053469 cheap_a_max=2004.20458153 exact_a_gate=0.15 exact_provisional_penalty=3928.17976309 exact_candidates=1671 exact_unique=1671 full_exact_enabled=1 exact_capacity=1200 exact_waves=134 exact_scheduled=1200 exact_deferred=470 exact_wave=1200/1200 exact_queue_depth=0 exact_pending_instances=470 exact_s=174.296 exact_ok=1200 exact_margin_max=4.30388932985 exact_scan_mean_s=0.041 exact_bisect_mean_s=0.001 exact_polish_mean_s=0.210 exact_final_mean_s=0.012 exact_margin_abs_b_max=nan cache_hits=0 cache_misses=0 cache_waits=0
266	2500 	549.542	722.914    	1055.18    	184.693	35 	108.771	292	65.7658
Best individuals of this generation:
add(mul(x1, aq(x1, add(add(x1, mul(sin(add(x2, x1)), mul(sub(mul(sin(x3), x1), x3), add(a, a)))), x3))), mul(mul(sub(add(mul(x2, mul(aq(sub(add(mul(x2, mul(x1, x1)), exp(x1)), x2), add(a, x2)), x2)), exp(mul(sin(x4), x4))), mul(x3, sub(x2, x4))), aq(add(exp(a), add(x2, x1)), a)), add(add(mul(x3, add(add(x3, x1), x2)), add(x2, mul(mul(sub(add(mul(x2, mul(x3, x2)), exp(x1)), mul(x3, sub(x2, x4))), aq(add(x2, x1), x1)), add(exp(a), add(x2, aq(x2, x1)))))), add(exp(a), aq(add(x2, x1), x1)))))
GPU5 stages: candidates=2500 pre_s=22.760 cheap_candidates=1854 cheap_unique=1854 cheap_s=33.534/40.000 cheap_rejected=127 cheap_a_min=-0.229373491868 cheap_a_p50=0.000107878427288 cheap_a_p95=0.305062300371 cheap_a_max=799.182241813 exact_a_gate=0.15 exact_provisional_penalty=3928.17976309 exact_candidates=1727 exact_unique=1727 full_exact_enabled=1 exact_capacity=1200 exact_waves=134 exact_scheduled=1200 exact_deferred=523 exact_wave=1200/1200 exact_queue_depth=0 exact_pending_instances=523 exact_s=179.190 exact_ok=1200 exact_margin_max=12.4483216004 exact_scan_mean_s=0.042 exact_bisect_mean_s=0.002 exact_polish_mean_s=0.222 exact_final_mean_s=0.018 exact_margin_abs_b_max=nan cache_hits=0 cache_misses=0 cache_waits=0
267	2500 	549.542	722.857    	1054.95    	184.688	35 	108.741	292	65.7956
Best individuals of this generation:
add(mul(x1, aq(x1, add(add(x1, mul(sin(add(x2, x1)), mul(sub(mul(sin(x3), x1), x3), add(a, a)))), x3))), mul(mul(sub(add(mul(x2, mul(aq(sub(add(mul(x2, mul(x1, x1)), exp(x1)), x2), add(a, x2)), x2)), exp(mul(sin(x4), x4))), mul(x3, sub(x2, x4))), aq(add(exp(a), add(x2, x1)), a)), add(add(mul(x3, add(add(x3, x1), x2)), add(x2, mul(mul(sub(add(mul(x2, mul(x3, x2)), exp(x1)), mul(x3, sub(x2, x4))), aq(add(x2, x1), x1)), add(exp(a), add(x2, aq(x2, x1)))))), add(exp(a), aq(add(x2, x1), x1)))))
GPU5 stages: candidates=2500 pre_s=22.965 cheap_candidates=1864 cheap_unique=1864 cheap_s=32.606/40.000 cheap_rejected=150 cheap_a_min=-0.153909146488 cheap_a_p50=8.30074317365e-05 cheap_a_p95=0.798940379703 cheap_a_max=849.599608638 exact_a_gate=0.15 exact_provisional_penalty=3928.17976309 exact_candidates=1714 exact_unique=1714 full_exact_enabled=1 exact_capacity=1200 exact_waves=134 exact_scheduled=1200 exact_deferred=511 exact_wave=1200/1200 exact_queue_depth=0 exact_pending_instances=511 exact_s=179.835 exact_ok=1200 exact_margin_max=350.919897789 exact_scan_mean_s=0.042 exact_bisect_mean_s=0.002 exact_polish_mean_s=0.219 exact_final_mean_s=0.019 exact_margin_abs_b_max=nan cache_hits=0 cache_misses=0 cache_waits=0
268	2500 	549.542	722.794    	1054.87    	184.71 	35 	108.664	292	65.8599
Best individuals of this generation:
add(mul(x1, aq(x1, add(add(x1, mul(sin(add(x2, x1)), mul(sub(mul(sin(x3), x1), x3), add(a, a)))), x3))), mul(mul(sub(add(mul(x2, mul(aq(sub(add(mul(x2, mul(x1, x1)), exp(x1)), x2), add(a, x2)), x2)), exp(mul(sin(x4), x4))), mul(x3, sub(x2, x4))), aq(add(exp(a), add(x2, x1)), a)), add(add(mul(x3, add(add(x3, x1), x2)), add(x2, mul(mul(sub(add(mul(x2, mul(x3, x2)), exp(x1)), mul(x3, sub(x2, x4))), aq(add(x2, x1), x1)), add(exp(a), add(x2, aq(x2, x1)))))), add(exp(a), aq(add(x2, x1), x1)))))
GPU5 stages: candidates=2500 pre_s=22.945 cheap_candidates=1852 cheap_unique=1852 cheap_s=33.915/40.000 cheap_rejected=145 cheap_a_min=-0.48532897019 cheap_a_p50=0.00011182380005 cheap_a_p95=0.568928323069 cheap_a_max=2846.88786822 exact_a_gate=0.15 exact_provisional_penalty=3928.17976309 exact_candidates=1707 exact_unique=1707 full_exact_enabled=1 exact_capacity=1200 exact_waves=134 exact_scheduled=1200 exact_deferred=506 exact_wave=1200/1200 exact_queue_depth=0 exact_pending_instances=506 exact_s=179.814 exact_ok=1200 exact_margin_max=1266.20893842 exact_scan_mean_s=0.042 exact_bisect_mean_s=0.002 exact_polish_mean_s=0.225 exact_final_mean_s=0.023 exact_margin_abs_b_max=nan cache_hits=0 cache_misses=0 cache_waits=0
269	2500 	549.542	722.736    	1054.67    	184.704	35 	108.73 	292	65.96  
Best individuals of this generation:
add(mul(x1, aq(x1, add(add(x1, mul(sin(add(x2, x1)), mul(sub(mul(sin(x3), x1), x3), add(a, a)))), x3))), mul(mul(sub(add(mul(x2, mul(aq(sub(add(mul(x2, mul(x1, x1)), exp(x1)), x2), add(a, x2)), x2)), exp(mul(sin(x4), x4))), mul(x3, sub(x2, x4))), aq(add(exp(a), add(x2, x1)), a)), add(add(mul(x3, add(add(x3, x1), x2)), add(x2, mul(mul(sub(add(mul(x2, mul(x3, x2)), exp(x1)), mul(x3, sub(x2, x4))), aq(add(x2, x1), x1)), add(exp(a), add(x2, aq(x2, x1)))))), add(exp(a), aq(add(x2, x1), x1)))))
GPU5 stages: candidates=2500 pre_s=22.786 cheap_candidates=1844 cheap_unique=1843 cheap_s=33.258/40.000 cheap_rejected=151 cheap_a_min=-0.175073775627 cheap_a_p50=0.000120633524908 cheap_a_p95=0.420678406559 cheap_a_max=1160.55328484 exact_a_gate=0.15 exact_provisional_penalty=3928.17976309 exact_candidates=1693 exact_unique=1692 full_exact_enabled=1 exact_capacity=1200 exact_waves=134 exact_scheduled=1200 exact_deferred=488 exact_wave=1200/1200 exact_queue_depth=0 exact_pending_instances=488 exact_s=178.071 exact_ok=1200 exact_margin_max=12.1067186025 exact_scan_mean_s=0.041 exact_bisect_mean_s=0.003 exact_polish_mean_s=0.217 exact_final_mean_s=0.026 exact_margin_abs_b_max=nan cache_hits=0 cache_misses=0 cache_waits=0
270	2500 	549.542	722.682    	1054.62    	184.716	35 	108.726	292	65.935 
Best individuals of this generation:
add(mul(x1, aq(x1, add(add(x1, mul(sin(add(x2, x1)), mul(sub(mul(sin(x3), x1), x3), add(a, a)))), x3))), mul(mul(sub(add(mul(x2, mul(aq(sub(add(mul(x2, mul(x1, x1)), exp(x1)), x2), add(a, x2)), x2)), exp(mul(sin(x4), x4))), mul(x3, sub(x2, x4))), aq(add(exp(a), add(x2, x1)), a)), add(add(mul(x3, add(add(x3, x1), x2)), add(x2, mul(mul(sub(add(mul(x2, mul(x3, x2)), exp(x1)), mul(x3, sub(x2, x4))), aq(add(x2, x1), x1)), add(exp(a), add(x2, aq(x2, x1)))))), add(exp(a), aq(add(x2, x1), x1)))))
GPU5 stages: candidates=2500 pre_s=22.829 cheap_candidates=1844 cheap_unique=1844 cheap_s=32.992/40.000 cheap_rejected=141 cheap_a_min=-0.457841679893 cheap_a_p50=0.00013606613467 cheap_a_p95=0.595450001702 cheap_a_max=407.666665465 exact_a_gate=0.15 exact_provisional_penalty=3928.17976309 exact_candidates=1703 exact_unique=1703 full_exact_enabled=1 exact_capacity=1200 exact_waves=134 exact_scheduled=1200 exact_deferred=502 exact_wave=1200/1200 exact_queue_depth=0 exact_pending_instances=502 exact_s=180.142 exact_ok=1200 exact_margin_max=122.206691573 exact_scan_mean_s=0.042 exact_bisect_mean_s=0.002 exact_polish_mean_s=0.211 exact_final_mean_s=0.019 exact_margin_abs_b_max=nan cache_hits=0 cache_misses=0 cache_waits=0
271	2500 	549.542	722.635    	1054.54    	184.714	35 	108.733	292	66.0555
Best individuals of this generation:
add(mul(x1, aq(x1, add(add(x1, mul(sin(add(x2, x1)), mul(sub(mul(sin(x3), x1), x3), add(a, a)))), x3))), mul(mul(sub(add(mul(x2, mul(aq(sub(add(mul(x2, mul(x1, x1)), exp(x1)), x2), add(a, x2)), x2)), exp(mul(sin(x4), x4))), mul(x3, sub(x2, x4))), aq(add(exp(a), add(x2, x1)), a)), add(add(mul(x3, add(add(x3, x1), x2)), add(x2, mul(mul(sub(add(mul(x2, mul(x3, x2)), exp(x1)), mul(x3, sub(x2, x4))), aq(add(x2, x1), x1)), add(exp(a), add(x2, aq(x2, x1)))))), add(exp(a), aq(add(x2, x1), x1)))))
GPU5 stages: candidates=2500 pre_s=22.991 cheap_candidates=1903 cheap_unique=1903 cheap_s=35.272/40.000 cheap_rejected=159 cheap_a_min=-0.773386461213 cheap_a_p50=0.000143438857717 cheap_a_p95=0.638081231945 cheap_a_max=436.638203304 exact_a_gate=0.15 exact_provisional_penalty=3928.17976309 exact_candidates=1744 exact_unique=1744 full_exact_enabled=1 exact_capacity=1200 exact_waves=134 exact_scheduled=1200 exact_deferred=543 exact_wave=1200/1200 exact_queue_depth=0 exact_pending_instances=543 exact_s=177.643 exact_ok=1200 exact_margin_max=62.9635658319 exact_scan_mean_s=0.044 exact_bisect_mean_s=0.002 exact_polish_mean_s=0.219 exact_final_mean_s=0.021 exact_margin_abs_b_max=nan cache_hits=0 cache_misses=0 cache_waits=0
272	2500 	549.542	722.593    	1054.52    	184.726	35 	108.69 	292	66.0631
Best individuals of this generation:
add(mul(x1, aq(x1, add(add(x1, mul(sin(add(x2, x1)), mul(sub(mul(sin(x3), x1), x3), add(a, a)))), x3))), mul(mul(sub(add(mul(x2, mul(aq(sub(add(mul(x2, mul(x1, x1)), exp(x1)), x2), add(a, x2)), x2)), exp(mul(sin(x4), x4))), mul(x3, sub(x2, x4))), aq(add(exp(a), add(x2, x1)), a)), add(add(mul(x3, add(add(x3, x1), x2)), add(x2, mul(mul(sub(add(mul(x2, mul(x3, x2)), exp(x1)), mul(x3, sub(x2, x4))), aq(add(x2, x1), x1)), add(exp(a), add(x2, aq(x2, x1)))))), add(exp(a), aq(add(x2, x1), x1)))))
GPU5 stages: candidates=2500 pre_s=22.932 cheap_candidates=1853 cheap_unique=1853 cheap_s=34.181/40.000 cheap_rejected=138 cheap_a_min=-0.143233793477 cheap_a_p50=8.57148081015e-05 cheap_a_p95=0.645253356427 cheap_a_max=1106.3260908 exact_a_gate=0.15 exact_provisional_penalty=3928.17976309 exact_candidates=1715 exact_unique=1715 full_exact_enabled=1 exact_capacity=1200 exact_waves=134 exact_scheduled=1200 exact_deferred=514 exact_wave=1200/1200 exact_queue_depth=0 exact_pending_instances=514 exact_s=183.814 exact_ok=1200 exact_margin_max=3.66892179426 exact_scan_mean_s=0.042 exact_bisect_mean_s=0.002 exact_polish_mean_s=0.230 exact_final_mean_s=0.023 exact_margin_abs_b_max=nan cache_hits=0 cache_misses=0 cache_waits=0
273	2500 	549.542	722.553    	1054.41    	184.72 	35 	108.906	292	66.2694
Best individuals of this generation:
add(mul(x1, aq(x1, add(add(x1, mul(sin(add(x2, x1)), mul(sub(mul(sin(x3), x1), x3), add(a, a)))), x3))), mul(mul(sub(add(mul(x2, mul(aq(sub(add(mul(x2, mul(x1, x1)), exp(x1)), x2), add(a, x2)), x2)), exp(mul(sin(x4), x4))), mul(x3, sub(x2, x4))), aq(add(exp(a), add(x2, x1)), a)), add(add(mul(x3, add(add(x3, x1), x2)), add(x2, mul(mul(sub(add(mul(x2, mul(x3, x2)), exp(x1)), mul(x3, sub(x2, x4))), aq(add(x2, x1), x1)), add(exp(a), add(x2, aq(x2, x1)))))), add(exp(a), aq(add(x2, x1), x1)))))
GPU5 stages: candidates=2500 pre_s=23.047 cheap_candidates=1862 cheap_unique=1862 cheap_s=33.340/40.000 cheap_rejected=140 cheap_a_min=-0.271497650907 cheap_a_p50=0.000143816516174 cheap_a_p95=0.429511207862 cheap_a_max=640.064267186 exact_a_gate=0.15 exact_provisional_penalty=3928.17976309 exact_candidates=1722 exact_unique=1722 full_exact_enabled=1 exact_capacity=1200 exact_waves=134 exact_scheduled=1200 exact_deferred=520 exact_wave=1200/1200 exact_queue_depth=0 exact_pending_instances=520 exact_s=176.668 exact_ok=1200 exact_margin_max=55.2411000999 exact_scan_mean_s=0.042 exact_bisect_mean_s=0.001 exact_polish_mean_s=0.212 exact_final_mean_s=0.015 exact_margin_abs_b_max=nan cache_hits=0 cache_misses=0 cache_waits=0
274	2500 	549.542	722.519    	1054.27    	184.7  	35 	108.89 	292	66.3593
Best individuals of this generation:
add(mul(x1, aq(x1, add(add(x1, mul(sin(add(x2, x1)), mul(sub(mul(sin(x3), x1), x3), add(a, a)))), x3))), mul(mul(sub(add(mul(x2, mul(aq(sub(add(mul(x2, mul(x1, x1)), exp(x1)), x2), add(a, x2)), x2)), exp(mul(sin(x4), x4))), mul(x3, sub(x2, x4))), aq(add(exp(a), add(x2, x1)), a)), add(add(mul(x3, add(add(x3, x1), x2)), add(x2, mul(mul(sub(add(mul(x2, mul(x3, x2)), exp(x1)), mul(x3, sub(x2, x4))), aq(add(x2, x1), x1)), add(exp(a), add(x2, aq(x2, x1)))))), add(exp(a), aq(add(x2, x1), x1)))))
GPU5 stages: candidates=2500 pre_s=22.783 cheap_candidates=1863 cheap_unique=1862 cheap_s=33.695/40.000 cheap_rejected=121 cheap_a_min=-0.312734992052 cheap_a_p50=0.000105684880417 cheap_a_p95=0.280862558642 cheap_a_max=1058.63522828 exact_a_gate=0.15 exact_provisional_penalty=3928.17976309 exact_candidates=1742 exact_unique=1741 full_exact_enabled=1 exact_capacity=1200 exact_waves=134 exact_scheduled=1200 exact_deferred=540 exact_wave=1200/1200 exact_queue_depth=0 exact_pending_instances=540 exact_s=176.334 exact_ok=1200 exact_margin_max=89.9895568604 exact_scan_mean_s=0.040 exact_bisect_mean_s=0.002 exact_polish_mean_s=0.231 exact_final_mean_s=0.026 exact_margin_abs_b_max=nan cache_hits=0 cache_misses=0 cache_waits=0
275	2500 	548.236	722.476    	1054.23    	184.71 	35 	108.94 	292	66.3298
Best individuals of this generation:
add(mul(x1, aq(x1, add(add(x1, mul(sin(add(x2, x1)), mul(x3, add(a, a)))), x3))), mul(mul(sub(add(mul(x2, mul(aq(sub(add(mul(x2, mul(x1, x3)), exp(x1)), x2), add(a, add(a, x3))), x2)), exp(mul(sin(x4), x4))), mul(x3, sub(x2, x4))), aq(add(exp(a), add(x2, x1)), a)), add(add(mul(x3, add(add(x3, x1), x2)), add(x2, mul(mul(sub(add(mul(add(mul(mul(x3, x3), add(exp(a), add(x2, sin(aq(x2, add(x1, x4)))))), x1), mul(x3, x2)), exp(x1)), mul(x3, sub(x2, x4))), aq(add(x2, x1), x1)), add(exp(a), add(x2, aq(x2, x1)))))), add(exp(a), aq(add(x2, x1), sub(add(x2, exp(x1)), x2))))))
GPU5 stages: candidates=2500 pre_s=22.955 cheap_candidates=1881 cheap_unique=1881 cheap_s=34.484/40.000 cheap_rejected=142 cheap_a_min=-0.171293950011 cheap_a_p50=0.00013007482677 cheap_a_p95=0.472545924865 cheap_a_max=1561.07645253 exact_a_gate=0.15 exact_provisional_penalty=3928.17976309 exact_candidates=1739 exact_unique=1739 full_exact_enabled=1 exact_capacity=1200 exact_waves=134 exact_scheduled=1200 exact_deferred=539 exact_wave=1200/1200 exact_queue_depth=0 exact_pending_instances=539 exact_s=176.056 exact_ok=1200 exact_margin_max=31.2941663771 exact_scan_mean_s=0.041 exact_bisect_mean_s=0.001 exact_polish_mean_s=0.218 exact_final_mean_s=0.023 exact_margin_abs_b_max=nan cache_hits=0 cache_misses=0 cache_waits=0
276	2500 	548.236	722.449    	1054.21    	184.713	35 	108.974	292	66.4401
Best individuals of this generation:
add(mul(x1, aq(x1, add(add(x1, mul(sin(add(x2, x1)), mul(x3, add(a, a)))), x3))), mul(mul(sub(add(mul(x2, mul(aq(sub(add(mul(x2, mul(x1, x3)), exp(x1)), x2), add(a, add(a, x3))), x2)), exp(mul(sin(x4), x4))), mul(x3, sub(x2, x4))), aq(add(exp(a), add(x2, x1)), a)), add(add(mul(x3, add(add(x3, x1), x2)), add(x2, mul(mul(sub(add(mul(add(mul(mul(x3, x3), add(exp(a), add(x2, sin(aq(x2, add(x1, x4)))))), x1), mul(x3, x2)), exp(x1)), mul(x3, sub(x2, x4))), aq(add(x2, x1), x1)), add(exp(a), add(x2, aq(x2, x1)))))), add(exp(a), aq(add(x2, x1), sub(add(x2, exp(x1)), x2))))))
GPU5 stages: candidates=2500 pre_s=22.694 cheap_candidates=1875 cheap_unique=1875 cheap_s=34.172/40.000 cheap_rejected=147 cheap_a_min=-0.239847403021 cheap_a_p50=0.000111705615565 cheap_a_p95=0.498521462126 cheap_a_max=702.977140258 exact_a_gate=0.15 exact_provisional_penalty=3928.17976309 exact_candidates=1728 exact_unique=1728 full_exact_enabled=1 exact_capacity=1200 exact_waves=134 exact_scheduled=1200 exact_deferred=527 exact_wave=1200/1200 exact_queue_depth=0 exact_pending_instances=527 exact_s=180.638 exact_ok=1200 exact_margin_max=32.3912608532 exact_scan_mean_s=0.042 exact_bisect_mean_s=0.001 exact_polish_mean_s=0.226 exact_final_mean_s=0.017 exact_margin_abs_b_max=nan cache_hits=0 cache_misses=0 cache_waits=0
277	2500 	548.236	722.378    	1054.16    	184.743	38 	108.969	292	66.4983
Best individuals of this generation:
add(mul(x1, aq(x1, add(add(x1, mul(sin(add(x2, x1)), mul(x3, add(a, a)))), x3))), mul(mul(sub(add(mul(x2, mul(aq(sub(add(mul(x2, mul(x1, x3)), exp(x1)), x2), add(a, add(a, x3))), x2)), exp(mul(sin(x4), x4))), mul(x3, sub(x2, x4))), aq(add(exp(a), add(x2, x1)), a)), add(add(mul(x3, add(add(x3, x1), x2)), add(x2, mul(mul(sub(add(mul(add(mul(mul(x3, x3), add(exp(a), add(x2, sin(aq(x2, add(x1, x4)))))), x1), mul(x3, x2)), exp(x1)), mul(x3, sub(x2, x4))), aq(add(x2, x1), x1)), add(exp(a), add(x2, aq(x2, x1)))))), add(exp(a), aq(add(x2, x1), sub(add(x2, exp(x1)), x2))))))
GPU5 stages: candidates=2500 pre_s=22.805 cheap_candidates=1884 cheap_unique=1884 cheap_s=33.731/40.000 cheap_rejected=153 cheap_a_min=-0.383022745354 cheap_a_p50=0.000107096895597 cheap_a_p95=0.760575407149 cheap_a_max=2098.45432954 exact_a_gate=0.15 exact_provisional_penalty=3928.17976309 exact_candidates=1731 exact_unique=1731 full_exact_enabled=1 exact_capacity=1200 exact_waves=134 exact_scheduled=1200 exact_deferred=531 exact_wave=1200/1200 exact_queue_depth=0 exact_pending_instances=531 exact_s=180.880 exact_ok=1200 exact_margin_max=1098.23005559 exact_scan_mean_s=0.042 exact_bisect_mean_s=0.002 exact_polish_mean_s=0.211 exact_final_mean_s=0.024 exact_margin_abs_b_max=nan cache_hits=0 cache_misses=0 cache_waits=0
278	2500 	548.236	722.315    	1054.08    	184.756	38 	108.878	283	66.4612
Best individuals of this generation:
add(mul(x1, aq(x1, add(add(x1, mul(sin(add(x2, x1)), mul(x3, add(a, a)))), x3))), mul(mul(sub(add(mul(x2, mul(aq(sub(add(mul(x2, mul(x1, x3)), exp(x1)), x2), add(a, add(a, x3))), x2)), exp(mul(sin(x4), x4))), mul(x3, sub(x2, x4))), aq(add(exp(a), add(x2, x1)), a)), add(add(mul(x3, add(add(x3, x1), x2)), add(x2, mul(mul(sub(add(mul(add(mul(mul(x3, x3), add(exp(a), add(x2, sin(aq(x2, add(x1, x4)))))), x1), mul(x3, x2)), exp(x1)), mul(x3, sub(x2, x4))), aq(add(x2, x1), x1)), add(exp(a), add(x2, aq(x2, x1)))))), add(exp(a), aq(add(x2, x1), sub(add(x2, exp(x1)), x2))))))
GPU5 stages: candidates=2500 pre_s=22.714 cheap_candidates=1837 cheap_unique=1837 cheap_s=32.903/40.000 cheap_rejected=141 cheap_a_min=-0.247332055335 cheap_a_p50=0.00010216907644 cheap_a_p95=0.52987245787 cheap_a_max=346.46413285 exact_a_gate=0.15 exact_provisional_penalty=3928.17976309 exact_candidates=1696 exact_unique=1696 full_exact_enabled=1 exact_capacity=1200 exact_waves=134 exact_scheduled=1200 exact_deferred=495 exact_wave=1200/1200 exact_queue_depth=0 exact_pending_instances=495 exact_s=179.910 exact_ok=1200 exact_margin_max=5.07739048568 exact_scan_mean_s=0.042 exact_bisect_mean_s=0.001 exact_polish_mean_s=0.224 exact_final_mean_s=0.019 exact_margin_abs_b_max=nan cache_hits=0 cache_misses=0 cache_waits=0
279	2500 	548.236	722.256    	1054       	184.773	38 	108.878	283	66.6114
Best individuals of this generation:
add(mul(x1, aq(x1, add(add(x1, mul(sin(add(x2, x1)), mul(x3, add(a, a)))), x3))), mul(mul(sub(add(mul(x2, mul(aq(sub(add(mul(x2, mul(x1, x3)), exp(x1)), x2), add(a, add(a, x3))), x2)), exp(mul(sin(x4), x4))), mul(x3, sub(x2, x4))), aq(add(exp(a), add(x2, x1)), a)), add(add(mul(x3, add(add(x3, x1), x2)), add(x2, mul(mul(sub(add(mul(add(mul(mul(x3, x3), add(exp(a), add(x2, sin(aq(x2, add(x1, x4)))))), x1), mul(x3, x2)), exp(x1)), mul(x3, sub(x2, x4))), aq(add(x2, x1), x1)), add(exp(a), add(x2, aq(x2, x1)))))), add(exp(a), aq(add(x2, x1), sub(add(x2, exp(x1)), x2))))))
GPU5 stages: candidates=2500 pre_s=22.730 cheap_candidates=1881 cheap_unique=1881 cheap_s=34.826/40.000 cheap_rejected=134 cheap_a_min=-0.959654026565 cheap_a_p50=0.00012176741207 cheap_a_p95=0.414537279824 cheap_a_max=996.940235402 exact_a_gate=0.15 exact_provisional_penalty=3928.17976309 exact_candidates=1747 exact_unique=1747 full_exact_enabled=1 exact_capacity=1200 exact_waves=134 exact_scheduled=1200 exact_deferred=546 exact_wave=1200/1200 exact_queue_depth=0 exact_pending_instances=546 exact_s=178.242 exact_ok=1200 exact_margin_max=135.05779931 exact_scan_mean_s=0.040 exact_bisect_mean_s=0.001 exact_polish_mean_s=0.219 exact_final_mean_s=0.022 exact_margin_abs_b_max=nan cache_hits=0 cache_misses=0 cache_waits=0
280	2500 	548.236	722.221    	1053.98    	184.787	38 	108.949	283	66.7181
Best individuals of this generation:
add(mul(x1, aq(x1, add(add(x1, mul(sin(add(x2, x1)), mul(x3, add(a, a)))), x3))), mul(mul(sub(add(mul(x2, mul(aq(sub(add(mul(x2, mul(x1, x3)), exp(x1)), x2), add(a, add(a, x3))), x2)), exp(mul(sin(x4), x4))), mul(x3, sub(x2, x4))), aq(add(exp(a), add(x2, x1)), a)), add(add(mul(x3, add(add(x3, x1), x2)), add(x2, mul(mul(sub(add(mul(add(mul(mul(x3, x3), add(exp(a), add(x2, sin(aq(x2, add(x1, x4)))))), x1), mul(x3, x2)), exp(x1)), mul(x3, sub(x2, x4))), aq(add(x2, x1), x1)), add(exp(a), add(x2, aq(x2, x1)))))), add(exp(a), aq(add(x2, x1), sub(add(x2, exp(x1)), x2))))))
GPU5 stages: candidates=2500 pre_s=23.071 cheap_candidates=1858 cheap_unique=1858 cheap_s=34.122/40.000 cheap_rejected=156 cheap_a_min=-0.331615615455 cheap_a_p50=0.000132203663257 cheap_a_p95=0.706272996248 cheap_a_max=359.136033027 exact_a_gate=0.15 exact_provisional_penalty=3928.17976309 exact_candidates=1702 exact_unique=1702 full_exact_enabled=1 exact_capacity=1200 exact_waves=134 exact_scheduled=1200 exact_deferred=500 exact_wave=1200/1200 exact_queue_depth=0 exact_pending_instances=500 exact_s=178.099 exact_ok=1200 exact_margin_max=6.82517101706 exact_scan_mean_s=0.042 exact_bisect_mean_s=0.002 exact_polish_mean_s=0.218 exact_final_mean_s=0.022 exact_margin_abs_b_max=nan cache_hits=0 cache_misses=0 cache_waits=0
281	2500 	548.236	722.18     	1053.93    	184.789	38 	108.982	283	66.7442
Best individuals of this generation:
add(mul(x1, aq(x1, add(add(x1, mul(sin(add(x2, x1)), mul(x3, add(a, a)))), x3))), mul(mul(sub(add(mul(x2, mul(aq(sub(add(mul(x2, mul(x1, x3)), exp(x1)), x2), add(a, add(a, x3))), x2)), exp(mul(sin(x4), x4))), mul(x3, sub(x2, x4))), aq(add(exp(a), add(x2, x1)), a)), add(add(mul(x3, add(add(x3, x1), x2)), add(x2, mul(mul(sub(add(mul(add(mul(mul(x3, x3), add(exp(a), add(x2, sin(aq(x2, add(x1, x4)))))), x1), mul(x3, x2)), exp(x1)), mul(x3, sub(x2, x4))), aq(add(x2, x1), x1)), add(exp(a), add(x2, aq(x2, x1)))))), add(exp(a), aq(add(x2, x1), sub(add(x2, exp(x1)), x2))))))
GPU5 stages: candidates=2500 pre_s=22.915 cheap_candidates=1870 cheap_unique=1870 cheap_s=34.431/40.000 cheap_rejected=134 cheap_a_min=-0.226763393504 cheap_a_p50=0.000139067522161 cheap_a_p95=0.579792454002 cheap_a_max=1124.14669495 exact_a_gate=0.15 exact_provisional_penalty=3928.17976309 exact_candidates=1736 exact_unique=1736 full_exact_enabled=1 exact_capacity=1200 exact_waves=134 exact_scheduled=1200 exact_deferred=532 exact_wave=1200/1200 exact_queue_depth=0 exact_pending_instances=532 exact_s=181.345 exact_ok=1200 exact_margin_max=58.0878841433 exact_scan_mean_s=0.042 exact_bisect_mean_s=0.002 exact_polish_mean_s=0.229 exact_final_mean_s=0.028 exact_margin_abs_b_max=nan cache_hits=0 cache_misses=0 cache_waits=0
282	2500 	548.236	722.146    	1053.85    	184.784	38 	109.107	283	66.7337
Best individuals of this generation:
add(mul(x1, aq(x1, add(add(x1, mul(sin(add(x2, x1)), mul(x3, add(a, a)))), x3))), mul(mul(sub(add(mul(x2, mul(aq(sub(add(mul(x2, mul(x1, x3)), exp(x1)), x2), add(a, add(a, x3))), x2)), exp(mul(sin(x4), x4))), mul(x3, sub(x2, x4))), aq(add(exp(a), add(x2, x1)), a)), add(add(mul(x3, add(add(x3, x1), x2)), add(x2, mul(mul(sub(add(mul(add(mul(mul(x3, x3), add(exp(a), add(x2, sin(aq(x2, add(x1, x4)))))), x1), mul(x3, x2)), exp(x1)), mul(x3, sub(x2, x4))), aq(add(x2, x1), x1)), add(exp(a), add(x2, aq(x2, x1)))))), add(exp(a), aq(add(x2, x1), sub(add(x2, exp(x1)), x2))))))
GPU5 stages: candidates=2500 pre_s=22.952 cheap_candidates=1851 cheap_unique=1851 cheap_s=33.557/40.000 cheap_rejected=173 cheap_a_min=-0.120526089766 cheap_a_p50=0.000126855079342 cheap_a_p95=1.11738155027 cheap_a_max=1527.79373486 exact_a_gate=0.15 exact_provisional_penalty=8671.96529618 exact_candidates=1678 exact_unique=1678 full_exact_enabled=1 exact_capacity=1200 exact_waves=134 exact_scheduled=1200 exact_deferred=477 exact_wave=1200/1200 exact_queue_depth=0 exact_pending_instances=477 exact_s=177.971 exact_ok=1200 exact_margin_max=51.3962442424 exact_scan_mean_s=0.042 exact_bisect_mean_s=0.003 exact_polish_mean_s=0.219 exact_final_mean_s=0.025 exact_margin_abs_b_max=nan cache_hits=0 cache_misses=0 cache_waits=0
283	2500 	548.236	722.116    	1053.78    	184.786	38 	109.119	283	66.7907
Best individuals of this generation:
add(mul(x1, aq(x1, add(add(x1, mul(sin(add(x2, x1)), mul(x3, add(a, a)))), x3))), mul(mul(sub(add(mul(x2, mul(aq(sub(add(mul(x2, mul(x1, x3)), exp(x1)), x2), add(a, add(a, x3))), x2)), exp(mul(sin(x4), x4))), mul(x3, sub(x2, x4))), aq(add(exp(a), add(x2, x1)), a)), add(add(mul(x3, add(add(x3, x1), x2)), add(x2, mul(mul(sub(add(mul(add(mul(mul(x3, x3), add(exp(a), add(x2, sin(aq(x2, add(x1, x4)))))), x1), mul(x3, x2)), exp(x1)), mul(x3, sub(x2, x4))), aq(add(x2, x1), x1)), add(exp(a), add(x2, aq(x2, x1)))))), add(exp(a), aq(add(x2, x1), sub(add(x2, exp(x1)), x2))))))
GPU5 stages: candidates=2500 pre_s=23.037 cheap_candidates=1844 cheap_unique=1844 cheap_s=33.776/40.000 cheap_rejected=141 cheap_a_min=-0.944622065547 cheap_a_p50=9.22532815462e-05 cheap_a_p95=0.503922907394 cheap_a_max=346.915332882 exact_a_gate=0.15 exact_provisional_penalty=3928.17976309 exact_candidates=1703 exact_unique=1703 full_exact_enabled=1 exact_capacity=1200 exact_waves=134 exact_scheduled=1200 exact_deferred=497 exact_wave=1200/1200 exact_queue_depth=0 exact_pending_instances=498 exact_s=182.895 exact_ok=1200 exact_margin_max=1098.38684015 exact_scan_mean_s=0.042 exact_bisect_mean_s=0.004 exact_polish_mean_s=0.230 exact_final_mean_s=0.027 exact_margin_abs_b_max=nan cache_hits=0 cache_misses=0 cache_waits=0
284	2500 	548.236	722.063    	1053.71    	184.798	38 	109.194	283	66.8416
Best individuals of this generation:
add(mul(x1, aq(x1, add(add(x1, mul(sin(add(x2, x1)), mul(x3, add(a, a)))), x3))), mul(mul(sub(add(mul(x2, mul(aq(sub(add(mul(x2, mul(x1, x3)), exp(x1)), x2), add(a, add(a, x3))), x2)), exp(mul(sin(x4), x4))), mul(x3, sub(x2, x4))), aq(add(exp(a), add(x2, x1)), a)), add(add(mul(x3, add(add(x3, x1), x2)), add(x2, mul(mul(sub(add(mul(add(mul(mul(x3, x3), add(exp(a), add(x2, sin(aq(x2, add(x1, x4)))))), x1), mul(x3, x2)), exp(x1)), mul(x3, sub(x2, x4))), aq(add(x2, x1), x1)), add(exp(a), add(x2, aq(x2, x1)))))), add(exp(a), aq(add(x2, x1), sub(add(x2, exp(x1)), x2))))))
GPU5 stages: candidates=2500 pre_s=23.005 cheap_candidates=1852 cheap_unique=1852 cheap_s=33.514/40.000 cheap_rejected=150 cheap_a_min=-92.2453904576 cheap_a_p50=0.000117357386426 cheap_a_p95=0.578048092896 cheap_a_max=12303.8515435 exact_a_gate=0.15 exact_provisional_penalty=3928.17976309 exact_candidates=1702 exact_unique=1702 full_exact_enabled=1 exact_capacity=1200 exact_waves=134 exact_scheduled=1200 exact_deferred=502 exact_wave=1200/1200 exact_queue_depth=0 exact_pending_instances=502 exact_s=180.728 exact_ok=1200 exact_margin_max=4.13201495592 exact_scan_mean_s=0.042 exact_bisect_mean_s=0.002 exact_polish_mean_s=0.219 exact_final_mean_s=0.025 exact_margin_abs_b_max=nan cache_hits=0 cache_misses=0 cache_waits=0
285	2500 	548.236	721.994    	1053.63    	184.824	38 	109.246	283	66.8607
Best individuals of this generation:
add(mul(x1, aq(x1, add(add(x1, mul(sin(add(x2, x1)), mul(x3, add(a, a)))), x3))), mul(mul(sub(add(mul(x2, mul(aq(sub(add(mul(x2, mul(x1, x3)), exp(x1)), x2), add(a, add(a, x3))), x2)), exp(mul(sin(x4), x4))), mul(x3, sub(x2, x4))), aq(add(exp(a), add(x2, x1)), a)), add(add(mul(x3, add(add(x3, x1), x2)), add(x2, mul(mul(sub(add(mul(add(mul(mul(x3, x3), add(exp(a), add(x2, sin(aq(x2, add(x1, x4)))))), x1), mul(x3, x2)), exp(x1)), mul(x3, sub(x2, x4))), aq(add(x2, x1), x1)), add(exp(a), add(x2, aq(x2, x1)))))), add(exp(a), aq(add(x2, x1), sub(add(x2, exp(x1)), x2))))))
GPU5 stages: candidates=2500 pre_s=23.129 cheap_candidates=1860 cheap_unique=1859 cheap_s=34.175/40.000 cheap_rejected=142 cheap_a_min=-0.205205005733 cheap_a_p50=0.000127471494955 cheap_a_p95=0.421447262434 cheap_a_max=1151.37041338 exact_a_gate=0.15 exact_provisional_penalty=3928.17976309 exact_candidates=1718 exact_unique=1717 full_exact_enabled=1 exact_capacity=1200 exact_waves=134 exact_scheduled=1200 exact_deferred=516 exact_wave=1200/1200 exact_queue_depth=0 exact_pending_instances=516 exact_s=184.245 exact_ok=1200 exact_margin_max=1104.42319015 exact_scan_mean_s=0.043 exact_bisect_mean_s=0.001 exact_polish_mean_s=0.229 exact_final_mean_s=0.024 exact_margin_abs_b_max=nan cache_hits=0 cache_misses=0 cache_waits=0
286	2500 	548.236	721.952    	1053.51    	184.826	34 	109.266	283	66.9245
Best individuals of this generation:
add(mul(x1, aq(x1, add(add(x1, mul(sin(add(x2, x1)), mul(x3, add(a, a)))), x3))), mul(mul(sub(add(mul(x2, mul(aq(sub(add(mul(x2, mul(x1, x3)), exp(x1)), x2), add(a, add(a, x3))), x2)), exp(mul(sin(x4), x4))), mul(x3, sub(x2, x4))), aq(add(exp(a), add(x2, x1)), a)), add(add(mul(x3, add(add(x3, x1), x2)), add(x2, mul(mul(sub(add(mul(add(mul(mul(x3, x3), add(exp(a), add(x2, sin(aq(x2, add(x1, x4)))))), x1), mul(x3, x2)), exp(x1)), mul(x3, sub(x2, x4))), aq(add(x2, x1), x1)), add(exp(a), add(x2, aq(x2, x1)))))), add(exp(a), aq(add(x2, x1), sub(add(x2, exp(x1)), x2))))))
GPU5 stages: candidates=2500 pre_s=22.991 cheap_candidates=1843 cheap_unique=1843 cheap_s=34.085/40.000 cheap_rejected=141 cheap_a_min=-1.56711836068 cheap_a_p50=0.000140415262805 cheap_a_p95=0.688602039066 cheap_a_max=243.550394596 exact_a_gate=0.15 exact_provisional_penalty=3928.17976309 exact_candidates=1702 exact_unique=1702 full_exact_enabled=1 exact_capacity=1200 exact_waves=134 exact_scheduled=1200 exact_deferred=498 exact_wave=1200/1200 exact_queue_depth=0 exact_pending_instances=498 exact_s=175.298 exact_ok=1200 exact_margin_max=7.46829573683 exact_scan_mean_s=0.042 exact_bisect_mean_s=0.003 exact_polish_mean_s=0.214 exact_final_mean_s=0.018 exact_margin_abs_b_max=nan cache_hits=0 cache_misses=0 cache_waits=0
287	2500 	548.236	721.897    	1053.45    	184.843	34 	109.271	283	67.0131
Best individuals of this generation:
add(mul(x1, aq(x1, add(add(x1, mul(sin(add(x2, x1)), mul(x3, add(a, a)))), x3))), mul(mul(sub(add(mul(x2, mul(aq(sub(add(mul(x2, mul(x1, x3)), exp(x1)), x2), add(a, add(a, x3))), x2)), exp(mul(sin(x4), x4))), mul(x3, sub(x2, x4))), aq(add(exp(a), add(x2, x1)), a)), add(add(mul(x3, add(add(x3, x1), x2)), add(x2, mul(mul(sub(add(mul(add(mul(mul(x3, x3), add(exp(a), add(x2, sin(aq(x2, add(x1, x4)))))), x1), mul(x3, x2)), exp(x1)), mul(x3, sub(x2, x4))), aq(add(x2, x1), x1)), add(exp(a), add(x2, aq(x2, x1)))))), add(exp(a), aq(add(x2, x1), sub(add(x2, exp(x1)), x2))))))
GPU5 stages: candidates=2500 pre_s=22.978 cheap_candidates=1841 cheap_unique=1841 cheap_s=34.294/40.000 cheap_rejected=166 cheap_a_min=-0.185407715545 cheap_a_p50=0.000125894811597 cheap_a_p95=0.894900126006 cheap_a_max=948.898840259 exact_a_gate=0.15 exact_provisional_penalty=3928.17976309 exact_candidates=1675 exact_unique=1675 full_exact_enabled=1 exact_capacity=1200 exact_waves=134 exact_scheduled=1200 exact_deferred=474 exact_wave=1200/1200 exact_queue_depth=0 exact_pending_instances=474 exact_s=178.611 exact_ok=1200 exact_margin_max=6.20205168594 exact_scan_mean_s=0.043 exact_bisect_mean_s=0.004 exact_polish_mean_s=0.211 exact_final_mean_s=0.024 exact_margin_abs_b_max=nan cache_hits=0 cache_misses=0 cache_waits=0
288	2500 	548.236	721.869    	1053.42    	184.843	34 	109.286	283	67.1227
Best individuals of this generation:
add(mul(x1, aq(x1, add(add(x1, mul(sin(add(x2, x1)), mul(x3, add(a, a)))), x3))), mul(mul(sub(add(mul(x2, mul(aq(sub(add(mul(x2, mul(x1, x3)), exp(x1)), x2), add(a, add(a, x3))), x2)), exp(mul(sin(x4), x4))), mul(x3, sub(x2, x4))), aq(add(exp(a), add(x2, x1)), a)), add(add(mul(x3, add(add(x3, x1), x2)), add(x2, mul(mul(sub(add(mul(add(mul(mul(x3, x3), add(exp(a), add(x2, sin(aq(x2, add(x1, x4)))))), x1), mul(x3, x2)), exp(x1)), mul(x3, sub(x2, x4))), aq(add(x2, x1), x1)), add(exp(a), add(x2, aq(x2, x1)))))), add(exp(a), aq(add(x2, x1), sub(add(x2, exp(x1)), x2))))))
GPU5 stages: candidates=2500 pre_s=22.905 cheap_candidates=1839 cheap_unique=1839 cheap_s=33.890/40.000 cheap_rejected=148 cheap_a_min=-1.21348389084 cheap_a_p50=8.82094616938e-05 cheap_a_p95=0.629595682313 cheap_a_max=6787.45137682 exact_a_gate=0.15 exact_provisional_penalty=3928.17976309 exact_candidates=1691 exact_unique=1691 full_exact_enabled=1 exact_capacity=1200 exact_waves=134 exact_scheduled=1200 exact_deferred=491 exact_wave=1200/1200 exact_queue_depth=0 exact_pending_instances=491 exact_s=179.510 exact_ok=1200 exact_margin_max=9.31108260275 exact_scan_mean_s=0.043 exact_bisect_mean_s=0.003 exact_polish_mean_s=0.231 exact_final_mean_s=0.019 exact_margin_abs_b_max=nan cache_hits=0 cache_misses=0 cache_waits=0
289	2500 	548.236	721.822    	1053.35    	184.856	34 	109.32 	278	67.1757
Best individuals of this generation:
add(mul(x1, aq(x1, add(add(x1, mul(sin(add(x2, x1)), mul(x3, add(a, a)))), x3))), mul(mul(sub(add(mul(x2, mul(aq(sub(add(mul(x2, mul(x1, x3)), exp(x1)), x2), add(a, add(a, x3))), x2)), exp(mul(sin(x4), x4))), mul(x3, sub(x2, x4))), aq(add(exp(a), add(x2, x1)), a)), add(add(mul(x3, add(add(x3, x1), x2)), add(x2, mul(mul(sub(add(mul(add(mul(mul(x3, x3), add(exp(a), add(x2, sin(aq(x2, add(x1, x4)))))), x1), mul(x3, x2)), exp(x1)), mul(x3, sub(x2, x4))), aq(add(x2, x1), x1)), add(exp(a), add(x2, aq(x2, x1)))))), add(exp(a), aq(add(x2, x1), sub(add(x2, exp(x1)), x2))))))
GPU5 stages: candidates=2500 pre_s=22.993 cheap_candidates=1868 cheap_unique=1868 cheap_s=33.794/40.000 cheap_rejected=138 cheap_a_min=-0.143871061462 cheap_a_p50=0.000101769185588 cheap_a_p95=0.516451898075 cheap_a_max=918.419057233 exact_a_gate=0.15 exact_provisional_penalty=3928.17976309 exact_candidates=1730 exact_unique=1730 full_exact_enabled=1 exact_capacity=1200 exact_waves=134 exact_scheduled=1200 exact_deferred=529 exact_wave=1200/1200 exact_queue_depth=0 exact_pending_instances=529 exact_s=181.995 exact_ok=1200 exact_margin_max=4.56586916005 exact_scan_mean_s=0.043 exact_bisect_mean_s=0.003 exact_polish_mean_s=0.226 exact_final_mean_s=0.021 exact_margin_abs_b_max=nan cache_hits=0 cache_misses=0 cache_waits=0
290	2500 	548.236	721.788    	1053.34    	184.874	34 	109.378	278	67.1932
Best individuals of this generation:
add(mul(x1, aq(x1, add(add(x1, mul(sin(add(x2, x1)), mul(x3, add(a, a)))), x3))), mul(mul(sub(add(mul(x2, mul(aq(sub(add(mul(x2, mul(x1, x3)), exp(x1)), x2), add(a, add(a, x3))), x2)), exp(mul(sin(x4), x4))), mul(x3, sub(x2, x4))), aq(add(exp(a), add(x2, x1)), a)), add(add(mul(x3, add(add(x3, x1), x2)), add(x2, mul(mul(sub(add(mul(add(mul(mul(x3, x3), add(exp(a), add(x2, sin(aq(x2, add(x1, x4)))))), x1), mul(x3, x2)), exp(x1)), mul(x3, sub(x2, x4))), aq(add(x2, x1), x1)), add(exp(a), add(x2, aq(x2, x1)))))), add(exp(a), aq(add(x2, x1), sub(add(x2, exp(x1)), x2))))))
GPU5 stages: candidates=2500 pre_s=22.748 cheap_candidates=1833 cheap_unique=1833 cheap_s=34.202/40.000 cheap_rejected=140 cheap_a_min=-0.519729428349 cheap_a_p50=0.000145799828506 cheap_a_p95=0.524981885787 cheap_a_max=1224.86724481 exact_a_gate=0.15 exact_provisional_penalty=3928.17976309 exact_candidates=1693 exact_unique=1693 full_exact_enabled=1 exact_capacity=1200 exact_waves=134 exact_scheduled=1200 exact_deferred=492 exact_wave=1200/1200 exact_queue_depth=0 exact_pending_instances=492 exact_s=179.980 exact_ok=1200 exact_margin_max=5.32295804684 exact_scan_mean_s=0.041 exact_bisect_mean_s=0.003 exact_polish_mean_s=0.216 exact_final_mean_s=0.025 exact_margin_abs_b_max=nan cache_hits=0 cache_misses=0 cache_waits=0
291	2500 	548.236	721.745    	1053.27    	184.893	34 	109.313	278	67.1808
Best individuals of this generation:
add(mul(x1, aq(x1, add(add(x1, mul(sin(add(x2, x1)), mul(x3, add(a, a)))), x3))), mul(mul(sub(add(mul(x2, mul(aq(sub(add(mul(x2, mul(x1, x3)), exp(x1)), x2), add(a, add(a, x3))), x2)), exp(mul(sin(x4), x4))), mul(x3, sub(x2, x4))), aq(add(exp(a), add(x2, x1)), a)), add(add(mul(x3, add(add(x3, x1), x2)), add(x2, mul(mul(sub(add(mul(add(mul(mul(x3, x3), add(exp(a), add(x2, sin(aq(x2, add(x1, x4)))))), x1), mul(x3, x2)), exp(x1)), mul(x3, sub(x2, x4))), aq(add(x2, x1), x1)), add(exp(a), add(x2, aq(x2, x1)))))), add(exp(a), aq(add(x2, x1), sub(add(x2, exp(x1)), x2))))))
GPU5 stages: candidates=2500 pre_s=23.009 cheap_candidates=1864 cheap_unique=1864 cheap_s=33.754/40.000 cheap_rejected=142 cheap_a_min=-0.275025217237 cheap_a_p50=0.000109513676081 cheap_a_p95=0.509206087156 cheap_a_max=861.896294782 exact_a_gate=0.15 exact_provisional_penalty=3928.17976309 exact_candidates=1722 exact_unique=1722 full_exact_enabled=1 exact_capacity=1200 exact_waves=134 exact_scheduled=1200 exact_deferred=522 exact_wave=1200/1200 exact_queue_depth=0 exact_pending_instances=522 exact_s=178.849 exact_ok=1200 exact_margin_max=145.825537964 exact_scan_mean_s=0.043 exact_bisect_mean_s=0.003 exact_polish_mean_s=0.228 exact_final_mean_s=0.026 exact_margin_abs_b_max=nan cache_hits=0 cache_misses=0 cache_waits=0
292	2500 	548.236	721.698    	1053.14    	184.887	34 	109.335	278	67.1645
Best individuals of this generation:
add(mul(x1, aq(x1, add(add(x1, mul(sin(add(x2, x1)), mul(x3, add(a, a)))), x3))), mul(mul(sub(add(mul(x2, mul(aq(sub(add(mul(x2, mul(x1, x3)), exp(x1)), x2), add(a, add(a, x3))), x2)), exp(mul(sin(x4), x4))), mul(x3, sub(x2, x4))), aq(add(exp(a), add(x2, x1)), a)), add(add(mul(x3, add(add(x3, x1), x2)), add(x2, mul(mul(sub(add(mul(add(mul(mul(x3, x3), add(exp(a), add(x2, sin(aq(x2, add(x1, x4)))))), x1), mul(x3, x2)), exp(x1)), mul(x3, sub(x2, x4))), aq(add(x2, x1), x1)), add(exp(a), add(x2, aq(x2, x1)))))), add(exp(a), aq(add(x2, x1), sub(add(x2, exp(x1)), x2))))))
GPU5 stages: candidates=2500 pre_s=22.831 cheap_candidates=1863 cheap_unique=1863 cheap_s=34.126/40.000 cheap_rejected=145 cheap_a_min=-0.282850965156 cheap_a_p50=0.00014897048725 cheap_a_p95=0.528430975046 cheap_a_max=301.019160924 exact_a_gate=0.15 exact_provisional_penalty=3928.17976309 exact_candidates=1718 exact_unique=1718 full_exact_enabled=1 exact_capacity=1200 exact_waves=134 exact_scheduled=1200 exact_deferred=516 exact_wave=1200/1200 exact_queue_depth=0 exact_pending_instances=516 exact_s=175.918 exact_ok=1200 exact_margin_max=6.95315519241 exact_scan_mean_s=0.041 exact_bisect_mean_s=0.002 exact_polish_mean_s=0.213 exact_final_mean_s=0.021 exact_margin_abs_b_max=nan cache_hits=0 cache_misses=0 cache_waits=0
293	2500 	548.236	721.665    	1053.1     	184.896	34 	109.37 	278	67.1188
Best individuals of this generation:
add(mul(x1, aq(x1, add(add(x1, mul(sin(add(x2, x1)), mul(x3, add(a, a)))), x3))), mul(mul(sub(add(mul(x2, mul(aq(sub(add(mul(x2, mul(x1, x3)), exp(x1)), x2), add(a, add(a, x3))), x2)), exp(mul(sin(x4), x4))), mul(x3, sub(x2, x4))), aq(add(exp(a), add(x2, x1)), a)), add(add(mul(x3, add(add(x3, x1), x2)), add(x2, mul(mul(sub(add(mul(add(mul(mul(x3, x3), add(exp(a), add(x2, sin(aq(x2, add(x1, x4)))))), x1), mul(x3, x2)), exp(x1)), mul(x3, sub(x2, x4))), aq(add(x2, x1), x1)), add(exp(a), add(x2, aq(x2, x1)))))), add(exp(a), aq(add(x2, x1), sub(add(x2, exp(x1)), x2))))))
GPU5 stages: candidates=2500 pre_s=22.967 cheap_candidates=1835 cheap_unique=1835 cheap_s=32.414/40.000 cheap_rejected=143 cheap_a_min=-0.784182418304 cheap_a_p50=0.000131108906891 cheap_a_p95=0.524371608508 cheap_a_max=638.128702749 exact_a_gate=0.15 exact_provisional_penalty=3928.17976309 exact_candidates=1692 exact_unique=1692 full_exact_enabled=1 exact_capacity=1200 exact_waves=134 exact_scheduled=1200 exact_deferred=488 exact_wave=1200/1200 exact_queue_depth=0 exact_pending_instances=488 exact_s=182.350 exact_ok=1200 exact_margin_max=102.849486042 exact_scan_mean_s=0.043 exact_bisect_mean_s=0.003 exact_polish_mean_s=0.219 exact_final_mean_s=0.023 exact_margin_abs_b_max=nan cache_hits=0 cache_misses=0 cache_waits=0
294	2500 	548.236	721.613    	1053.06    	184.917	34 	109.336	278	67.1791
Best individuals of this generation:
add(mul(x1, aq(x1, add(add(x1, mul(sin(add(x2, x1)), mul(x3, add(a, a)))), x3))), mul(mul(sub(add(mul(x2, mul(aq(sub(add(mul(x2, mul(x1, x3)), exp(x1)), x2), add(a, add(a, x3))), x2)), exp(mul(sin(x4), x4))), mul(x3, sub(x2, x4))), aq(add(exp(a), add(x2, x1)), a)), add(add(mul(x3, add(add(x3, x1), x2)), add(x2, mul(mul(sub(add(mul(add(mul(mul(x3, x3), add(exp(a), add(x2, sin(aq(x2, add(x1, x4)))))), x1), mul(x3, x2)), exp(x1)), mul(x3, sub(x2, x4))), aq(add(x2, x1), x1)), add(exp(a), add(x2, aq(x2, x1)))))), add(exp(a), aq(add(x2, x1), sub(add(x2, exp(x1)), x2))))))
GPU5 stages: candidates=2500 pre_s=22.921 cheap_candidates=1875 cheap_unique=1875 cheap_s=33.663/40.000 cheap_rejected=133 cheap_a_min=-0.346673559541 cheap_a_p50=0.000118382045584 cheap_a_p95=0.303575517695 cheap_a_max=378.669233664 exact_a_gate=0.15 exact_provisional_penalty=3928.17976309 exact_candidates=1742 exact_unique=1742 full_exact_enabled=1 exact_capacity=1200 exact_waves=134 exact_scheduled=1200 exact_deferred=539 exact_wave=1200/1200 exact_queue_depth=0 exact_pending_instances=539 exact_s=181.742 exact_ok=1200 exact_margin_max=12.6018851485 exact_scan_mean_s=0.042 exact_bisect_mean_s=0.002 exact_polish_mean_s=0.224 exact_final_mean_s=0.032 exact_margin_abs_b_max=nan cache_hits=0 cache_misses=0 cache_waits=0
295	2500 	548.236	721.546    	1052.99    	184.943	34 	109.318	278	67.1671
Best individuals of this generation:
add(mul(x1, aq(x1, add(add(x1, mul(sin(add(x2, x1)), mul(x3, add(a, a)))), x3))), mul(mul(sub(add(mul(x2, mul(aq(sub(add(mul(x2, mul(x1, x3)), exp(x1)), x2), add(a, add(a, x3))), x2)), exp(mul(sin(x4), x4))), mul(x3, sub(x2, x4))), aq(add(exp(a), add(x2, x1)), a)), add(add(mul(x3, add(add(x3, x1), x2)), add(x2, mul(mul(sub(add(mul(add(mul(mul(x3, x3), add(exp(a), add(x2, sin(aq(x2, add(x1, x4)))))), x1), mul(x3, x2)), exp(x1)), mul(x3, sub(x2, x4))), aq(add(x2, x1), x1)), add(exp(a), add(x2, aq(x2, x1)))))), add(exp(a), aq(add(x2, x1), sub(add(x2, exp(x1)), x2))))))
GPU5 stages: candidates=2500 pre_s=22.728 cheap_candidates=1828 cheap_unique=1828 cheap_s=34.794/40.000 cheap_rejected=160 cheap_a_min=-0.363197392424 cheap_a_p50=0.000137185305421 cheap_a_p95=0.634827137978 cheap_a_max=2014.27856292 exact_a_gate=0.15 exact_provisional_penalty=3928.17976309 exact_candidates=1668 exact_unique=1668 full_exact_enabled=1 exact_capacity=1200 exact_waves=134 exact_scheduled=1200 exact_deferred=467 exact_wave=1200/1200 exact_queue_depth=0 exact_pending_instances=467 exact_s=176.890 exact_ok=1200 exact_margin_max=48.3806088802 exact_scan_mean_s=0.042 exact_bisect_mean_s=0.003 exact_polish_mean_s=0.214 exact_final_mean_s=0.035 exact_margin_abs_b_max=nan cache_hits=0 cache_misses=0 cache_waits=0
296	2500 	548.236	721.503    	1052.96    	184.964	34 	109.401	278	67.272 
Best individuals of this generation:
add(mul(x1, aq(x1, add(add(x1, mul(sin(add(x2, x1)), mul(x3, add(a, a)))), x3))), mul(mul(sub(add(mul(x2, mul(aq(sub(add(mul(x2, mul(x1, x3)), exp(x1)), x2), add(a, add(a, x3))), x2)), exp(mul(sin(x4), x4))), mul(x3, sub(x2, x4))), aq(add(exp(a), add(x2, x1)), a)), add(add(mul(x3, add(add(x3, x1), x2)), add(x2, mul(mul(sub(add(mul(add(mul(mul(x3, x3), add(exp(a), add(x2, sin(aq(x2, add(x1, x4)))))), x1), mul(x3, x2)), exp(x1)), mul(x3, sub(x2, x4))), aq(add(x2, x1), x1)), add(exp(a), add(x2, aq(x2, x1)))))), add(exp(a), aq(add(x2, x1), sub(add(x2, exp(x1)), x2))))))
GPU5 stages: candidates=2500 pre_s=23.013 cheap_candidates=1860 cheap_unique=1860 cheap_s=35.862/40.000 cheap_rejected=144 cheap_a_min=-0.187218025253 cheap_a_p50=0.000147019445947 cheap_a_p95=0.55022983809 cheap_a_max=1149.98874843 exact_a_gate=0.15 exact_provisional_penalty=3928.17976309 exact_candidates=1716 exact_unique=1716 full_exact_enabled=1 exact_capacity=1200 exact_waves=134 exact_scheduled=1200 exact_deferred=514 exact_wave=1200/1200 exact_queue_depth=0 exact_pending_instances=514 exact_s=179.973 exact_ok=1200 exact_margin_max=113.989225808 exact_scan_mean_s=0.042 exact_bisect_mean_s=0.004 exact_polish_mean_s=0.226 exact_final_mean_s=0.030 exact_margin_abs_b_max=nan cache_hits=0 cache_misses=0 cache_waits=0
297	2500 	548.236	721.438    	1052.89    	184.983	34 	109.398	278	67.3616
Best individuals of this generation:
add(mul(x1, aq(x1, add(add(x1, mul(sin(add(x2, x1)), mul(x3, add(a, a)))), x3))), mul(mul(sub(add(mul(x2, mul(aq(sub(add(mul(x2, mul(x1, x3)), exp(x1)), x2), add(a, add(a, x3))), x2)), exp(mul(sin(x4), x4))), mul(x3, sub(x2, x4))), aq(add(exp(a), add(x2, x1)), a)), add(add(mul(x3, add(add(x3, x1), x2)), add(x2, mul(mul(sub(add(mul(add(mul(mul(x3, x3), add(exp(a), add(x2, sin(aq(x2, add(x1, x4)))))), x1), mul(x3, x2)), exp(x1)), mul(x3, sub(x2, x4))), aq(add(x2, x1), x1)), add(exp(a), add(x2, aq(x2, x1)))))), add(exp(a), aq(add(x2, x1), sub(add(x2, exp(x1)), x2))))))
GPU5 stages: candidates=2500 pre_s=22.784 cheap_candidates=1861 cheap_unique=1861 cheap_s=35.613/40.000 cheap_rejected=155 cheap_a_min=-0.446032941425 cheap_a_p50=0.000138648892818 cheap_a_p95=0.8476308717 cheap_a_max=1681.22462123 exact_a_gate=0.15 exact_provisional_penalty=3928.17976309 exact_candidates=1706 exact_unique=1706 full_exact_enabled=1 exact_capacity=1200 exact_waves=134 exact_scheduled=1200 exact_deferred=505 exact_wave=1200/1200 exact_queue_depth=0 exact_pending_instances=505 exact_s=184.892 exact_ok=1200 exact_margin_max=2.30879619578 exact_scan_mean_s=0.042 exact_bisect_mean_s=0.004 exact_polish_mean_s=0.236 exact_final_mean_s=0.029 exact_margin_abs_b_max=nan cache_hits=0 cache_misses=0 cache_waits=0
298	2500 	547.151	721.367    	1052.8     	185.002	34 	109.369	278	67.3582
Best individuals of this generation:
add(mul(x1, aq(x1, add(mul(x4, x1), x3))), mul(mul(sub(add(mul(x2, mul(aq(sub(add(mul(x2, mul(x1, x1)), exp(x1)), x2), add(a, x2)), x2)), exp(mul(sin(x4), x4))), mul(x3, sub(x2, x4))), aq(add(exp(a), add(x2, x1)), a)), add(add(mul(x3, add(add(x3, x1), x2)), add(x2, mul(mul(sub(add(mul(x2, mul(x3, x2)), exp(x1)), mul(x3, sub(x2, x4))), aq(add(x2, x1), x1)), add(exp(a), add(x2, aq(x2, x1)))))), add(exp(a), aq(add(x2, x1), x1)))))
GPU5 stages: candidates=2500 pre_s=22.777 cheap_candidates=1874 cheap_unique=1874 cheap_s=33.859/40.000 cheap_rejected=121 cheap_a_min=-1388.30327382 cheap_a_p50=0.000147800214078 cheap_a_p95=0.262295314681 cheap_a_max=994.297474611 exact_a_gate=0.15 exact_provisional_penalty=3928.17976309 exact_candidates=1753 exact_unique=1753 full_exact_enabled=1 exact_capacity=1200 exact_waves=134 exact_scheduled=1200 exact_deferred=551 exact_wave=1200/1200 exact_queue_depth=0 exact_pending_instances=551 exact_s=175.814 exact_ok=1200 exact_margin_max=2.76782685442 exact_scan_mean_s=0.042 exact_bisect_mean_s=0.004 exact_polish_mean_s=0.208 exact_final_mean_s=0.023 exact_margin_abs_b_max=nan cache_hits=0 cache_misses=0 cache_waits=0
299	2500 	547.151	721.309    	1052.77    	185.037	34 	109.409	278	67.4351
Best individuals of this generation:
add(mul(x1, aq(x1, add(mul(x4, x1), x3))), mul(mul(sub(add(mul(x2, mul(aq(sub(add(mul(x2, mul(x1, x1)), exp(x1)), x2), add(a, x2)), x2)), exp(mul(sin(x4), x4))), mul(x3, sub(x2, x4))), aq(add(exp(a), add(x2, x1)), a)), add(add(mul(x3, add(add(x3, x1), x2)), add(x2, mul(mul(sub(add(mul(x2, mul(x3, x2)), exp(x1)), mul(x3, sub(x2, x4))), aq(add(x2, x1), x1)), add(exp(a), add(x2, aq(x2, x1)))))), add(exp(a), aq(add(x2, x1), x1)))))
GPU5 stages: candidates=2500 pre_s=22.961 cheap_candidates=1889 cheap_unique=1889 cheap_s=33.997/40.000 cheap_rejected=131 cheap_a_min=-0.346836884217 cheap_a_p50=0.000119218490304 cheap_a_p95=0.299768321432 cheap_a_max=1322.87238632 exact_a_gate=0.15 exact_provisional_penalty=3928.17976309 exact_candidates=1758 exact_unique=1758 full_exact_enabled=1 exact_capacity=1200 exact_waves=134 exact_scheduled=1200 exact_deferred=554 exact_wave=1200/1200 exact_queue_depth=0 exact_pending_instances=554 exact_s=176.435 exact_ok=1200 exact_margin_max=17.3392357442 exact_scan_mean_s=0.040 exact_bisect_mean_s=0.004 exact_polish_mean_s=0.214 exact_final_mean_s=0.018 exact_margin_abs_b_max=nan cache_hits=0 cache_misses=0 cache_waits=0
300	2500 	547.151	721.229    	1052.73    	185.082	34 	109.514	278	67.5552
Best individuals of this generation:
add(mul(x1, aq(x1, add(mul(x4, x1), x3))), mul(mul(sub(add(mul(x2, mul(aq(sub(add(mul(x2, mul(x1, x1)), exp(x1)), x2), add(a, x2)), x2)), exp(mul(sin(x4), x4))), mul(x3, sub(x2, x4))), aq(add(exp(a), add(x2, x1)), a)), add(add(mul(x3, add(add(x3, x1), x2)), add(x2, mul(mul(sub(add(mul(x2, mul(x3, x2)), exp(x1)), mul(x3, sub(x2, x4))), aq(add(x2, x1), x1)), add(exp(a), add(x2, aq(x2, x1)))))), add(exp(a), aq(add(x2, x1), x1)))))
GPU5 stages: candidates=2500 pre_s=22.878 cheap_candidates=1876 cheap_unique=1876 cheap_s=33.302/40.000 cheap_rejected=154 cheap_a_min=-0.192983954975 cheap_a_p50=8.23382227908e-05 cheap_a_p95=0.702752205494 cheap_a_max=1568.58074483 exact_a_gate=0.15 exact_provisional_penalty=3928.17976309 exact_candidates=1722 exact_unique=1722 full_exact_enabled=1 exact_capacity=1200 exact_waves=134 exact_scheduled=1200 exact_deferred=521 exact_wave=1200/1200 exact_queue_depth=0 exact_pending_instances=521 exact_s=178.324 exact_ok=1200 exact_margin_max=2.37390461141 exact_scan_mean_s=0.041 exact_bisect_mean_s=0.003 exact_polish_mean_s=0.218 exact_final_mean_s=0.022 exact_margin_abs_b_max=nan cache_hits=0 cache_misses=0 cache_waits=0
301	2500 	547.151	721.177    	1052.66    	185.089	34 	109.599	278	67.6556
Best individuals of this generation:
add(mul(x1, aq(x1, add(mul(x4, x1), x3))), mul(mul(sub(add(mul(x2, mul(aq(sub(add(mul(x2, mul(x1, x1)), exp(x1)), x2), add(a, x2)), x2)), exp(mul(sin(x4), x4))), mul(x3, sub(x2, x4))), aq(add(exp(a), add(x2, x1)), a)), add(add(mul(x3, add(add(x3, x1), x2)), add(x2, mul(mul(sub(add(mul(x2, mul(x3, x2)), exp(x1)), mul(x3, sub(x2, x4))), aq(add(x2, x1), x1)), add(exp(a), add(x2, aq(x2, x1)))))), add(exp(a), aq(add(x2, x1), x1)))))
GPU5 stages: candidates=2500 pre_s=22.609 cheap_candidates=1848 cheap_unique=1848 cheap_s=34.197/40.000 cheap_rejected=143 cheap_a_min=-0.218436131805 cheap_a_p50=9.17781569278e-05 cheap_a_p95=0.462638962614 cheap_a_max=4157.92248573 exact_a_gate=0.15 exact_provisional_penalty=3928.17976309 exact_candidates=1705 exact_unique=1705 full_exact_enabled=1 exact_capacity=1200 exact_waves=134 exact_scheduled=1200 exact_deferred=502 exact_wave=1200/1200 exact_queue_depth=0 exact_pending_instances=502 exact_s=179.180 exact_ok=1200 exact_margin_max=55.8378519284 exact_scan_mean_s=0.044 exact_bisect_mean_s=0.005 exact_polish_mean_s=0.217 exact_final_mean_s=0.028 exact_margin_abs_b_max=nan cache_hits=0 cache_misses=0 cache_waits=0
302	2500 	546.535	721.115    	1052.61    	185.103	34 	109.712	278	67.7182
Best individuals of this generation:
add(mul(x1, aq(x1, add(add(x1, mul(sin(add(x2, x1)), mul(exp(x1), add(a, a)))), x3))), mul(mul(sub(add(mul(x2, mul(aq(sub(add(mul(x2, mul(x1, x1)), exp(x1)), x2), add(a, x2)), x2)), exp(mul(sin(x4), x4))), mul(x3, sub(x2, x2))), aq(add(exp(a), add(x2, x1)), a)), add(add(mul(x3, add(add(x3, x1), x2)), add(x2, mul(mul(sub(add(mul(x2, mul(x3, x2)), exp(x1)), mul(x3, sub(x2, x4))), aq(add(x2, x1), x1)), add(exp(a), add(x2, aq(x2, x1)))))), add(exp(a), aq(add(x2, x1), x1)))))
GPU5 stages: candidates=2500 pre_s=23.048 cheap_candidates=1878 cheap_unique=1878 cheap_s=35.581/40.000 cheap_rejected=177 cheap_a_min=-0.255004169441 cheap_a_p50=0.000134631740762 cheap_a_p95=1.20606533503 cheap_a_max=2413.96442608 exact_a_gate=0.15 exact_provisional_penalty=3928.17976309 exact_candidates=1701 exact_unique=1701 full_exact_enabled=1 exact_capacity=1200 exact_waves=134 exact_scheduled=1200 exact_deferred=499 exact_wave=1200/1200 exact_queue_depth=0 exact_pending_instances=499 exact_s=181.727 exact_ok=1200 exact_margin_max=9.25710867103 exact_scan_mean_s=0.043 exact_bisect_mean_s=0.004 exact_polish_mean_s=0.224 exact_final_mean_s=0.021 exact_margin_abs_b_max=nan cache_hits=0 cache_misses=0 cache_waits=0
303	2500 	546.535	721.032    	1052.57    	185.143	34 	109.842	278	67.8221
Best individuals of this generation:
add(mul(x1, aq(x1, add(add(x1, mul(sin(add(x2, x1)), mul(exp(x1), add(a, a)))), x3))), mul(mul(sub(add(mul(x2, mul(aq(sub(add(mul(x2, mul(x1, x1)), exp(x1)), x2), add(a, x2)), x2)), exp(mul(sin(x4), x4))), mul(x3, sub(x2, x2))), aq(add(exp(a), add(x2, x1)), a)), add(add(mul(x3, add(add(x3, x1), x2)), add(x2, mul(mul(sub(add(mul(x2, mul(x3, x2)), exp(x1)), mul(x3, sub(x2, x4))), aq(add(x2, x1), x1)), add(exp(a), add(x2, aq(x2, x1)))))), add(exp(a), aq(add(x2, x1), x1)))))
GPU5 stages: candidates=2500 pre_s=22.913 cheap_candidates=1858 cheap_unique=1858 cheap_s=34.455/40.000 cheap_rejected=134 cheap_a_min=-1.51051023915 cheap_a_p50=0.000127096484906 cheap_a_p95=0.49845619852 cheap_a_max=1098.1080855 exact_a_gate=0.15 exact_provisional_penalty=3928.17976309 exact_candidates=1724 exact_unique=1724 full_exact_enabled=1 exact_capacity=1200 exact_waves=134 exact_scheduled=1200 exact_deferred=519 exact_wave=1200/1200 exact_queue_depth=0 exact_pending_instances=519 exact_s=179.882 exact_ok=1200 exact_margin_max=0.0863069989026 exact_scan_mean_s=0.042 exact_bisect_mean_s=0.003 exact_polish_mean_s=0.216 exact_final_mean_s=0.030 exact_margin_abs_b_max=nan cache_hits=0 cache_misses=0 cache_waits=0
304	2500 	546.535	720.986    	1052.49    	185.156	34 	109.91 	282	68.0463
Best individuals of this generation:
add(mul(x1, aq(x1, add(add(x1, mul(sin(add(x2, x1)), mul(exp(x1), add(a, a)))), x3))), mul(mul(sub(add(mul(x2, mul(aq(sub(add(mul(x2, mul(x1, x1)), exp(x1)), x2), add(a, x2)), x2)), exp(mul(sin(x4), x4))), mul(x3, sub(x2, x2))), aq(add(exp(a), add(x2, x1)), a)), add(add(mul(x3, add(add(x3, x1), x2)), add(x2, mul(mul(sub(add(mul(x2, mul(x3, x2)), exp(x1)), mul(x3, sub(x2, x4))), aq(add(x2, x1), x1)), add(exp(a), add(x2, aq(x2, x1)))))), add(exp(a), aq(add(x2, x1), x1)))))
GPU5 stages: candidates=2500 pre_s=22.940 cheap_candidates=1866 cheap_unique=1866 cheap_s=35.020/40.000 cheap_rejected=156 cheap_a_min=-0.170800328765 cheap_a_p50=0.000127756881314 cheap_a_p95=0.77797982399 cheap_a_max=2258.27137638 exact_a_gate=0.15 exact_provisional_penalty=3928.17976309 exact_candidates=1710 exact_unique=1710 full_exact_enabled=1 exact_capacity=1200 exact_waves=134 exact_scheduled=1200 exact_deferred=510 exact_wave=1200/1200 exact_queue_depth=0 exact_pending_instances=510 exact_s=182.073 exact_ok=1200 exact_margin_max=7.07874932037 exact_scan_mean_s=0.042 exact_bisect_mean_s=0.004 exact_polish_mean_s=0.218 exact_final_mean_s=0.030 exact_margin_abs_b_max=nan cache_hits=0 cache_misses=0 cache_waits=0
305	2500 	546.535	720.924    	1052.47    	185.193	34 	110.084	323	68.1745
Best individuals of this generation:
add(mul(x1, aq(x1, add(add(x1, mul(sin(add(x2, x1)), mul(exp(x1), add(a, a)))), x3))), mul(mul(sub(add(mul(x2, mul(aq(sub(add(mul(x2, mul(x1, x1)), exp(x1)), x2), add(a, x2)), x2)), exp(mul(sin(x4), x4))), mul(x3, sub(x2, x2))), aq(add(exp(a), add(x2, x1)), a)), add(add(mul(x3, add(add(x3, x1), x2)), add(x2, mul(mul(sub(add(mul(x2, mul(x3, x2)), exp(x1)), mul(x3, sub(x2, x4))), aq(add(x2, x1), x1)), add(exp(a), add(x2, aq(x2, x1)))))), add(exp(a), aq(add(x2, x1), x1)))))
GPU5 stages: candidates=2500 pre_s=22.882 cheap_candidates=1877 cheap_unique=1876 cheap_s=34.148/40.000 cheap_rejected=133 cheap_a_min=-0.291799428397 cheap_a_p50=0.000137383553544 cheap_a_p95=0.339316238188 cheap_a_max=950.796750493 exact_a_gate=0.15 exact_provisional_penalty=3928.17976309 exact_candidates=1744 exact_unique=1743 full_exact_enabled=1 exact_capacity=1200 exact_waves=134 exact_scheduled=1200 exact_deferred=540 exact_wave=1200/1200 exact_queue_depth=0 exact_pending_instances=541 exact_s=179.719 exact_ok=1200 exact_margin_max=419.208188145 exact_scan_mean_s=0.042 exact_bisect_mean_s=0.003 exact_polish_mean_s=0.215 exact_final_mean_s=0.029 exact_margin_abs_b_max=nan cache_hits=0 cache_misses=0 cache_waits=0
306	2500 	546.535	720.843    	1052.45    	185.24 	34 	110.193	323	68.3016
Best individuals of this generation:
add(mul(x1, aq(x1, add(add(x1, mul(sin(add(x2, x1)), mul(exp(x1), add(a, a)))), x3))), mul(mul(sub(add(mul(x2, mul(aq(sub(add(mul(x2, mul(x1, x1)), exp(x1)), x2), add(a, x2)), x2)), exp(mul(sin(x4), x4))), mul(x3, sub(x2, x2))), aq(add(exp(a), add(x2, x1)), a)), add(add(mul(x3, add(add(x3, x1), x2)), add(x2, mul(mul(sub(add(mul(x2, mul(x3, x2)), exp(x1)), mul(x3, sub(x2, x4))), aq(add(x2, x1), x1)), add(exp(a), add(x2, aq(x2, x1)))))), add(exp(a), aq(add(x2, x1), x1)))))
GPU5 stages: candidates=2500 pre_s=22.994 cheap_candidates=1839 cheap_unique=1839 cheap_s=33.393/40.000 cheap_rejected=134 cheap_a_min=-0.954221637552 cheap_a_p50=0.000102119232342 cheap_a_p95=0.374943310529 cheap_a_max=1515.93696862 exact_a_gate=0.15 exact_provisional_penalty=3928.17976309 exact_candidates=1705 exact_unique=1705 full_exact_enabled=1 exact_capacity=1200 exact_waves=134 exact_scheduled=1200 exact_deferred=504 exact_wave=1200/1200 exact_queue_depth=0 exact_pending_instances=504 exact_s=178.139 exact_ok=1200 exact_margin_max=15.0745661793 exact_scan_mean_s=0.042 exact_bisect_mean_s=0.004 exact_polish_mean_s=0.218 exact_final_mean_s=0.024 exact_margin_abs_b_max=nan cache_hits=0 cache_misses=0 cache_waits=0
307	2500 	546.535	720.791    	1052.43    	185.258	34 	110.082	287	68.1228
Best individuals of this generation:
add(mul(x1, aq(x1, add(add(x1, mul(sin(add(x2, x1)), mul(exp(x1), add(a, a)))), x3))), mul(mul(sub(add(mul(x2, mul(aq(sub(add(mul(x2, mul(x1, x1)), exp(x1)), x2), add(a, x2)), x2)), exp(mul(sin(x4), x4))), mul(x3, sub(x2, x2))), aq(add(exp(a), add(x2, x1)), a)), add(add(mul(x3, add(add(x3, x1), x2)), add(x2, mul(mul(sub(add(mul(x2, mul(x3, x2)), exp(x1)), mul(x3, sub(x2, x4))), aq(add(x2, x1), x1)), add(exp(a), add(x2, aq(x2, x1)))))), add(exp(a), aq(add(x2, x1), x1)))))
GPU5 stages: candidates=2500 pre_s=22.905 cheap_candidates=1850 cheap_unique=1850 cheap_s=33.202/40.000 cheap_rejected=134 cheap_a_min=-0.388652119636 cheap_a_p50=9.7818434346e-05 cheap_a_p95=0.561630955704 cheap_a_max=1310.66532458 exact_a_gate=0.15 exact_provisional_penalty=3928.17976309 exact_candidates=1716 exact_unique=1716 full_exact_enabled=1 exact_capacity=1200 exact_waves=134 exact_scheduled=1200 exact_deferred=516 exact_wave=1200/1200 exact_queue_depth=0 exact_pending_instances=516 exact_s=178.744 exact_ok=1200 exact_margin_max=1.35730535883 exact_scan_mean_s=0.041 exact_bisect_mean_s=0.003 exact_polish_mean_s=0.210 exact_final_mean_s=0.023 exact_margin_abs_b_max=nan cache_hits=0 cache_misses=0 cache_waits=0
308	2500 	544.445	720.717    	1052.35    	185.303	34 	110.12 	281	68.0221
Best individuals of this generation:
add(mul(x1, aq(x1, add(add(x1, mul(sin(add(x2, x1)), mul(sub(mul(sin(x3), x3), exp(x4)), add(a, a)))), x3))), mul(mul(sub(add(mul(x2, mul(aq(sub(add(mul(x2, mul(x1, x1)), exp(x1)), x2), add(a, x2)), x2)), exp(mul(sin(x4), x4))), mul(x3, sub(x2, x4))), add(exp(a), add(x2, x1))), add(add(mul(x3, add(add(x3, x1), x2)), add(x2, mul(mul(sub(add(mul(x2, mul(x3, x2)), exp(x1)), mul(x3, sub(x2, x4))), aq(add(x2, x1), x1)), add(exp(a), add(x2, aq(x2, x1)))))), add(exp(a), aq(add(mul(x3, x1), x1), x1)))))
GPU5 stages: candidates=2500 pre_s=22.897 cheap_candidates=1901 cheap_unique=1901 cheap_s=34.169/40.000 cheap_rejected=126 cheap_a_min=-0.257822604463 cheap_a_p50=0.000107810719388 cheap_a_p95=0.313348432721 cheap_a_max=872.797091562 exact_a_gate=0.15 exact_provisional_penalty=3928.17976309 exact_candidates=1775 exact_unique=1775 full_exact_enabled=1 exact_capacity=1200 exact_waves=134 exact_scheduled=1200 exact_deferred=573 exact_wave=1200/1200 exact_queue_depth=0 exact_pending_instances=573 exact_s=185.370 exact_ok=1200 exact_margin_max=4.04505604025 exact_scan_mean_s=0.042 exact_bisect_mean_s=0.003 exact_polish_mean_s=0.223 exact_final_mean_s=0.024 exact_margin_abs_b_max=nan cache_hits=0 cache_misses=0 cache_waits=0
309	2500 	544.445	720.668    	1052.3     	185.305	38 	110.068	281	67.9263
Best individuals of this generation:
add(mul(x1, aq(x1, add(add(x1, mul(sin(add(x2, x1)), mul(sub(mul(sin(x3), x3), exp(x4)), add(a, a)))), x3))), mul(mul(sub(add(mul(x2, mul(aq(sub(add(mul(x2, mul(x1, x1)), exp(x1)), x2), add(a, x2)), x2)), exp(mul(sin(x4), x4))), mul(x3, sub(x2, x4))), add(exp(a), add(x2, x1))), add(add(mul(x3, add(add(x3, x1), x2)), add(x2, mul(mul(sub(add(mul(x2, mul(x3, x2)), exp(x1)), mul(x3, sub(x2, x4))), aq(add(x2, x1), x1)), add(exp(a), add(x2, aq(x2, x1)))))), add(exp(a), aq(add(mul(x3, x1), x1), x1)))))
GPU5 stages: candidates=2500 pre_s=23.009 cheap_candidates=1885 cheap_unique=1885 cheap_s=34.035/40.000 cheap_rejected=139 cheap_a_min=-2.49878192958 cheap_a_p50=0.000102182514095 cheap_a_p95=0.399038053912 cheap_a_max=2984.4548398 exact_a_gate=0.15 exact_provisional_penalty=3928.17976309 exact_candidates=1746 exact_unique=1746 full_exact_enabled=1 exact_capacity=1200 exact_waves=134 exact_scheduled=1200 exact_deferred=545 exact_wave=1200/1200 exact_queue_depth=0 exact_pending_instances=545 exact_s=179.675 exact_ok=1200 exact_margin_max=134.193768959 exact_scan_mean_s=0.042 exact_bisect_mean_s=0.003 exact_polish_mean_s=0.209 exact_final_mean_s=0.023 exact_margin_abs_b_max=nan cache_hits=0 cache_misses=0 cache_waits=0
310	2500 	541.048	720.606    	1052.24    	185.32 	38 	110.033	281	67.8658
Best individuals of this generation:
add(mul(x1, aq(x1, add(add(x1, mul(sin(add(x2, x1)), mul(sub(a, x3), add(a, x3)))), x3))), mul(mul(sub(add(mul(x2, mul(aq(sub(add(mul(x2, mul(x1, x1)), exp(x1)), x2), add(a, x2)), sub(aq(x2, x3), x3))), exp(mul(sin(x4), x4))), mul(x3, sub(x2, x4))), aq(add(exp(a), add(x2, x1)), a)), add(add(mul(x3, add(add(x3, x1), x2)), add(x2, mul(mul(sub(add(x2, exp(x1)), mul(x3, sub(x2, x4))), aq(add(x2, x1), x1)), add(exp(a), add(x2, aq(x2, x1)))))), add(exp(mul(x3, add(add(x3, x1), x2))), add(x2, aq(x2, a))))))
GPU5 stages: candidates=2500 pre_s=22.719 cheap_candidates=1891 cheap_unique=1891 cheap_s=33.452/40.000 cheap_rejected=153 cheap_a_min=-0.322505633612 cheap_a_p50=0.000113844744698 cheap_a_p95=0.448526729407 cheap_a_max=4894.56056262 exact_a_gate=0.15 exact_provisional_penalty=3928.17976309 exact_candidates=1738 exact_unique=1738 full_exact_enabled=1 exact_capacity=1200 exact_waves=134 exact_scheduled=1200 exact_deferred=538 exact_wave=1200/1200 exact_queue_depth=0 exact_pending_instances=538 exact_s=182.758 exact_ok=1200 exact_margin_max=5.78716091898 exact_scan_mean_s=0.042 exact_bisect_mean_s=0.003 exact_polish_mean_s=0.219 exact_final_mean_s=0.028 exact_margin_abs_b_max=nan cache_hits=0 cache_misses=0 cache_waits=0
311	2500 	541.048	720.568    	1052.24    	185.324	38 	110.058	281	67.7893
Best individuals of this generation:
add(mul(x1, aq(x1, add(add(x1, mul(sin(add(x2, x1)), mul(sub(a, x3), add(a, x3)))), x3))), mul(mul(sub(add(mul(x2, mul(aq(sub(add(mul(x2, mul(x1, x1)), exp(x1)), x2), add(a, x2)), sub(aq(x2, x3), x3))), exp(mul(sin(x4), x4))), mul(x3, sub(x2, x4))), aq(add(exp(a), add(x2, x1)), a)), add(add(mul(x3, add(add(x3, x1), x2)), add(x2, mul(mul(sub(add(x2, exp(x1)), mul(x3, sub(x2, x4))), aq(add(x2, x1), x1)), add(exp(a), add(x2, aq(x2, x1)))))), add(exp(mul(x3, add(add(x3, x1), x2))), add(x2, aq(x2, a))))))
GPU5 stages: candidates=2500 pre_s=23.042 cheap_candidates=1879 cheap_unique=1879 cheap_s=34.914/40.000 cheap_rejected=150 cheap_a_min=-0.321278612749 cheap_a_p50=0.000166557494121 cheap_a_p95=0.452234499465 cheap_a_max=1211.13198009 exact_a_gate=0.15 exact_provisional_penalty=3928.17976309 exact_candidates=1729 exact_unique=1729 full_exact_enabled=1 exact_capacity=1200 exact_waves=134 exact_scheduled=1200 exact_deferred=529 exact_wave=1200/1200 exact_queue_depth=0 exact_pending_instances=529 exact_s=179.994 exact_ok=1200 exact_margin_max=63.8289036473 exact_scan_mean_s=0.041 exact_bisect_mean_s=0.005 exact_polish_mean_s=0.213 exact_final_mean_s=0.029 exact_margin_abs_b_max=nan cache_hits=0 cache_misses=0 cache_waits=0
312	2500 	541.048	720.493    	1052.21    	185.322	38 	110.094	281	67.6467
Best individuals of this generation:
add(mul(x1, aq(x1, add(add(x1, mul(sin(add(x2, x1)), mul(sub(a, x3), add(a, x3)))), x3))), mul(mul(sub(add(mul(x2, mul(aq(sub(add(mul(x2, mul(x1, x1)), exp(x1)), x2), add(a, x2)), sub(aq(x2, x3), x3))), exp(mul(sin(x4), x4))), mul(x3, sub(x2, x4))), aq(add(exp(a), add(x2, x1)), a)), add(add(mul(x3, add(add(x3, x1), x2)), add(x2, mul(mul(sub(add(x2, exp(x1)), mul(x3, sub(x2, x4))), aq(add(x2, x1), x1)), add(exp(a), add(x2, aq(x2, x1)))))), add(exp(mul(x3, add(add(x3, x1), x2))), add(x2, aq(x2, a))))))
GPU5 stages: candidates=2500 pre_s=23.022 cheap_candidates=1849 cheap_unique=1849 cheap_s=33.930/40.000 cheap_rejected=140 cheap_a_min=-0.465707847771 cheap_a_p50=0.000118182689283 cheap_a_p95=0.349374616406 cheap_a_max=2482.80692507 exact_a_gate=0.15 exact_provisional_penalty=3928.17976309 exact_candidates=1709 exact_unique=1709 full_exact_enabled=1 exact_capacity=1200 exact_waves=134 exact_scheduled=1200 exact_deferred=509 exact_wave=1200/1200 exact_queue_depth=0 exact_pending_instances=509 exact_s=177.512 exact_ok=1200 exact_margin_max=127.09613099 exact_scan_mean_s=0.041 exact_bisect_mean_s=0.003 exact_polish_mean_s=0.215 exact_final_mean_s=0.028 exact_margin_abs_b_max=nan cache_hits=0 cache_misses=0 cache_waits=0
313	2500 	541.048	720.395    	1052.18    	185.337	38 	110.156	281	67.5876
Best individuals of this generation:
add(mul(x1, aq(x1, add(add(x1, mul(sin(add(x2, x1)), mul(sub(a, x3), add(a, x3)))), x3))), mul(mul(sub(add(mul(x2, mul(aq(sub(add(mul(x2, mul(x1, x1)), exp(x1)), x2), add(a, x2)), sub(aq(x2, x3), x3))), exp(mul(sin(x4), x4))), mul(x3, sub(x2, x4))), aq(add(exp(a), add(x2, x1)), a)), add(add(mul(x3, add(add(x3, x1), x2)), add(x2, mul(mul(sub(add(x2, exp(x1)), mul(x3, sub(x2, x4))), aq(add(x2, x1), x1)), add(exp(a), add(x2, aq(x2, x1)))))), add(exp(mul(x3, add(add(x3, x1), x2))), add(x2, aq(x2, a))))))
GPU5 stages: candidates=2500 pre_s=22.789 cheap_candidates=1890 cheap_unique=1890 cheap_s=35.236/40.000 cheap_rejected=138 cheap_a_min=-0.267342772431 cheap_a_p50=0.00011324723736 cheap_a_p95=0.464908012375 cheap_a_max=1019.1670265 exact_a_gate=0.15 exact_provisional_penalty=3928.17976309 exact_candidates=1752 exact_unique=1752 full_exact_enabled=1 exact_capacity=1200 exact_waves=134 exact_scheduled=1200 exact_deferred=548 exact_wave=1200/1200 exact_queue_depth=0 exact_pending_instances=548 exact_s=181.476 exact_ok=1200 exact_margin_max=1135.25317412 exact_scan_mean_s=0.042 exact_bisect_mean_s=0.004 exact_polish_mean_s=0.227 exact_final_mean_s=0.033 exact_margin_abs_b_max=nan cache_hits=0 cache_misses=0 cache_waits=0
314	2500 	541.048	720.277    	1052.15    	185.351	38 	110.14 	281	67.4469
Best individuals of this generation:
add(mul(x1, aq(x1, add(add(x1, mul(sin(add(x2, x1)), mul(sub(a, x3), add(a, x3)))), x3))), mul(mul(sub(add(mul(x2, mul(aq(sub(add(mul(x2, mul(x1, x1)), exp(x1)), x2), add(a, x2)), sub(aq(x2, x3), x3))), exp(mul(sin(x4), x4))), mul(x3, sub(x2, x4))), aq(add(exp(a), add(x2, x1)), a)), add(add(mul(x3, add(add(x3, x1), x2)), add(x2, mul(mul(sub(add(x2, exp(x1)), mul(x3, sub(x2, x4))), aq(add(x2, x1), x1)), add(exp(a), add(x2, aq(x2, x1)))))), add(exp(mul(x3, add(add(x3, x1), x2))), add(x2, aq(x2, a))))))
GPU5 stages: candidates=2500 pre_s=23.016 cheap_candidates=1895 cheap_unique=1895 cheap_s=34.907/40.000 cheap_rejected=131 cheap_a_min=-0.719078386553 cheap_a_p50=0.000167210100173 cheap_a_p95=0.280107032157 cheap_a_max=3595.08143645 exact_a_gate=0.15 exact_provisional_penalty=3928.17976309 exact_candidates=1764 exact_unique=1764 full_exact_enabled=1 exact_capacity=1200 exact_waves=134 exact_scheduled=1200 exact_deferred=562 exact_wave=1200/1200 exact_queue_depth=0 exact_pending_instances=562 exact_s=183.851 exact_ok=1200 exact_margin_max=0.186408688463 exact_scan_mean_s=0.042 exact_bisect_mean_s=0.004 exact_polish_mean_s=0.228 exact_final_mean_s=0.029 exact_margin_abs_b_max=nan cache_hits=0 cache_misses=0 cache_waits=0
315	2500 	541.048	720.089    	1052.11    	185.358	38 	110.092	278	67.2774
Best individuals of this generation:
add(mul(x1, aq(x1, add(add(x1, mul(sin(add(x2, x1)), mul(sub(a, x3), add(a, x3)))), x3))), mul(mul(sub(add(mul(x2, mul(aq(sub(add(mul(x2, mul(x1, x1)), exp(x1)), x2), add(a, x2)), sub(aq(x2, x3), x3))), exp(mul(sin(x4), x4))), mul(x3, sub(x2, x4))), aq(add(exp(a), add(x2, x1)), a)), add(add(mul(x3, add(add(x3, x1), x2)), add(x2, mul(mul(sub(add(x2, exp(x1)), mul(x3, sub(x2, x4))), aq(add(x2, x1), x1)), add(exp(a), add(x2, aq(x2, x1)))))), add(exp(mul(x3, add(add(x3, x1), x2))), add(x2, aq(x2, a))))))
GPU5 stages: candidates=2500 pre_s=22.984 cheap_candidates=1935 cheap_unique=1935 cheap_s=35.175/40.000 cheap_rejected=147 cheap_a_min=-0.986477177006 cheap_a_p50=0.000141605643058 cheap_a_p95=0.445829138594 cheap_a_max=954.35789381 exact_a_gate=0.15 exact_provisional_penalty=3928.17976309 exact_candidates=1788 exact_unique=1788 full_exact_enabled=1 exact_capacity=1200 exact_waves=134 exact_scheduled=1200 exact_deferred=587 exact_wave=1200/1200 exact_queue_depth=0 exact_pending_instances=587 exact_s=183.061 exact_ok=1200 exact_margin_max=767.105570214 exact_scan_mean_s=0.042 exact_bisect_mean_s=0.005 exact_polish_mean_s=0.222 exact_final_mean_s=0.034 exact_margin_abs_b_max=nan cache_hits=0 cache_misses=0 cache_waits=0
316	2500 	541.048	719.874    	1052.09    	185.338	38 	110.179	278	67.0935
Best individuals of this generation:
add(mul(x1, aq(x1, add(add(x1, mul(sin(add(x2, x1)), mul(sub(a, x3), add(a, x3)))), x3))), mul(mul(sub(add(mul(x2, mul(aq(sub(add(mul(x2, mul(x1, x1)), exp(x1)), x2), add(a, x2)), sub(aq(x2, x3), x3))), exp(mul(sin(x4), x4))), mul(x3, sub(x2, x4))), aq(add(exp(a), add(x2, x1)), a)), add(add(mul(x3, add(add(x3, x1), x2)), add(x2, mul(mul(sub(add(x2, exp(x1)), mul(x3, sub(x2, x4))), aq(add(x2, x1), x1)), add(exp(a), add(x2, aq(x2, x1)))))), add(exp(mul(x3, add(add(x3, x1), x2))), add(x2, aq(x2, a))))))
GPU5 stages: candidates=2500 pre_s=23.085 cheap_candidates=1867 cheap_unique=1867 cheap_s=35.725/40.000 cheap_rejected=164 cheap_a_min=-2.12553355153 cheap_a_p50=0.000145964531059 cheap_a_p95=1.25840223036 cheap_a_max=1809.13115068 exact_a_gate=0.15 exact_provisional_penalty=3928.17976309 exact_candidates=1703 exact_unique=1703 full_exact_enabled=1 exact_capacity=1200 exact_waves=134 exact_scheduled=1200 exact_deferred=502 exact_wave=1200/1200 exact_queue_depth=0 exact_pending_instances=502 exact_s=176.969 exact_ok=1200 exact_margin_max=0.207548556961 exact_scan_mean_s=0.043 exact_bisect_mean_s=0.005 exact_polish_mean_s=0.222 exact_final_mean_s=0.025 exact_margin_abs_b_max=nan cache_hits=0 cache_misses=0 cache_waits=0
317	2500 	541.048	719.569    	1052.08    	185.311	38 	110.31 	278	66.9441
Best individuals of this generation:
add(mul(x1, aq(x1, add(add(x1, mul(sin(add(x2, x1)), mul(sub(a, x3), add(a, x3)))), x3))), mul(mul(sub(add(mul(x2, mul(aq(sub(add(mul(x2, mul(x1, x1)), exp(x1)), x2), add(a, x2)), sub(aq(x2, x3), x3))), exp(mul(sin(x4), x4))), mul(x3, sub(x2, x4))), aq(add(exp(a), add(x2, x1)), a)), add(add(mul(x3, add(add(x3, x1), x2)), add(x2, mul(mul(sub(add(x2, exp(x1)), mul(x3, sub(x2, x4))), aq(add(x2, x1), x1)), add(exp(a), add(x2, aq(x2, x1)))))), add(exp(mul(x3, add(add(x3, x1), x2))), add(x2, aq(x2, a))))))
GPU5 stages: candidates=2500 pre_s=22.941 cheap_candidates=1885 cheap_unique=1884 cheap_s=36.427/40.000 cheap_rejected=169 cheap_a_min=-0.428665910848 cheap_a_p50=0.000202585628176 cheap_a_p95=0.550699170642 cheap_a_max=1874.1981021 exact_a_gate=0.15 exact_provisional_penalty=3928.17976309 exact_candidates=1716 exact_unique=1715 full_exact_enabled=1 exact_capacity=1200 exact_waves=134 exact_scheduled=1200 exact_deferred=514 exact_wave=1200/1200 exact_queue_depth=0 exact_pending_instances=514 exact_s=178.956 exact_ok=1200 exact_margin_max=1.12913400996 exact_scan_mean_s=0.041 exact_bisect_mean_s=0.005 exact_polish_mean_s=0.228 exact_final_mean_s=0.036 exact_margin_abs_b_max=nan cache_hits=0 cache_misses=0 cache_waits=0
318	2500 	541.048	719.013    	1052.04    	185.159	36 	110.512	275	66.7294
Best individuals of this generation:
add(mul(x1, aq(x1, add(add(x1, mul(sin(add(x2, x1)), mul(sub(a, x3), add(a, x3)))), x3))), mul(mul(sub(add(mul(x2, mul(aq(sub(add(mul(x2, mul(x1, x1)), exp(x1)), x2), add(a, x2)), sub(aq(x2, x3), x3))), exp(mul(sin(x4), x4))), mul(x3, sub(x2, x4))), aq(add(exp(a), add(x2, x1)), a)), add(add(mul(x3, add(add(x3, x1), x2)), add(x2, mul(mul(sub(add(x2, exp(x1)), mul(x3, sub(x2, x4))), aq(add(x2, x1), x1)), add(exp(a), add(x2, aq(x2, x1)))))), add(exp(mul(x3, add(add(x3, x1), x2))), add(x2, aq(x2, a))))))
GPU5 stages: candidates=2500 pre_s=22.859 cheap_candidates=1886 cheap_unique=1886 cheap_s=34.812/40.000 cheap_rejected=137 cheap_a_min=-0.238755945615 cheap_a_p50=0.000142707250809 cheap_a_p95=0.344679214404 cheap_a_max=701.927003234 exact_a_gate=0.15 exact_provisional_penalty=3928.17976309 exact_candidates=1749 exact_unique=1749 full_exact_enabled=1 exact_capacity=1200 exact_waves=134 exact_scheduled=1200 exact_deferred=546 exact_wave=1200/1200 exact_queue_depth=0 exact_pending_instances=546 exact_s=185.906 exact_ok=1200 exact_margin_max=0.100445784463 exact_scan_mean_s=0.043 exact_bisect_mean_s=0.005 exact_polish_mean_s=0.215 exact_final_mean_s=0.043 exact_margin_abs_b_max=nan cache_hits=0 cache_misses=0 cache_waits=0
319	2500 	541.048	718.235    	1051.99    	185.022	36 	110.98 	275	66.485 
Best individuals of this generation:
add(mul(x1, aq(x1, add(add(x1, mul(sin(add(x2, x1)), mul(sub(a, x3), add(a, x3)))), x3))), mul(mul(sub(add(mul(x2, mul(aq(sub(add(mul(x2, mul(x1, x1)), exp(x1)), x2), add(a, x2)), sub(aq(x2, x3), x3))), exp(mul(sin(x4), x4))), mul(x3, sub(x2, x4))), aq(add(exp(a), add(x2, x1)), a)), add(add(mul(x3, add(add(x3, x1), x2)), add(x2, mul(mul(sub(add(x2, exp(x1)), mul(x3, sub(x2, x4))), aq(add(x2, x1), x1)), add(exp(a), add(x2, aq(x2, x1)))))), add(exp(mul(x3, add(add(x3, x1), x2))), add(x2, aq(x2, a))))))
GPU5 stages: candidates=2500 pre_s=23.128 cheap_candidates=1878 cheap_unique=1878 cheap_s=35.669/40.000 cheap_rejected=156 cheap_a_min=-0.289091936882 cheap_a_p50=0.000183673889433 cheap_a_p95=0.535128777622 cheap_a_max=1399.95418323 exact_a_gate=0.15 exact_provisional_penalty=3928.17976309 exact_candidates=1722 exact_unique=1722 full_exact_enabled=1 exact_capacity=1200 exact_waves=134 exact_scheduled=1200 exact_deferred=518 exact_wave=1200/1200 exact_queue_depth=0 exact_pending_instances=518 exact_s=178.018 exact_ok=1200 exact_margin_max=11.3755924495 exact_scan_mean_s=0.041 exact_bisect_mean_s=0.004 exact_polish_mean_s=0.213 exact_final_mean_s=0.026 exact_margin_abs_b_max=nan cache_hits=0 cache_misses=0 cache_waits=0
320	2500 	541.048	717.066    	1051.94    	184.728	36 	111.633	275	66.0851
Best individuals of this generation:
add(mul(x1, aq(x1, add(add(x1, mul(sin(add(x2, x1)), mul(sub(a, x3), add(a, x3)))), x3))), mul(mul(sub(add(mul(x2, mul(aq(sub(add(mul(x2, mul(x1, x1)), exp(x1)), x2), add(a, x2)), sub(aq(x2, x3), x3))), exp(mul(sin(x4), x4))), mul(x3, sub(x2, x4))), aq(add(exp(a), add(x2, x1)), a)), add(add(mul(x3, add(add(x3, x1), x2)), add(x2, mul(mul(sub(add(x2, exp(x1)), mul(x3, sub(x2, x4))), aq(add(x2, x1), x1)), add(exp(a), add(x2, aq(x2, x1)))))), add(exp(mul(x3, add(add(x3, x1), x2))), add(x2, aq(x2, a))))))
GPU5 stages: candidates=2500 pre_s=23.249 cheap_candidates=1874 cheap_unique=1874 cheap_s=34.525/40.000 cheap_rejected=153 cheap_a_min=-0.206006888644 cheap_a_p50=0.00020822167225 cheap_a_p95=0.708540776205 cheap_a_max=384.795393116 exact_a_gate=0.15 exact_provisional_penalty=3928.17976309 exact_candidates=1721 exact_unique=1721 full_exact_enabled=1 exact_capacity=1200 exact_waves=134 exact_scheduled=1200 exact_deferred=516 exact_wave=1200/1200 exact_queue_depth=0 exact_pending_instances=516 exact_s=173.156 exact_ok=1200 exact_margin_max=1.83665584577 exact_scan_mean_s=0.042 exact_bisect_mean_s=0.004 exact_polish_mean_s=0.202 exact_final_mean_s=0.030 exact_margin_abs_b_max=nan cache_hits=0 cache_misses=0 cache_waits=0
321	2500 	541.048	715.198    	1051.9     	184.169	36 	112.666	275	65.3283
Best individuals of this generation:
add(mul(x1, aq(x1, add(add(x1, mul(sin(add(x2, x1)), mul(sub(a, x3), add(a, x3)))), x3))), mul(mul(sub(add(mul(x2, mul(aq(sub(add(mul(x2, mul(x1, x1)), exp(x1)), x2), add(a, x2)), sub(aq(x2, x3), x3))), exp(mul(sin(x4), x4))), mul(x3, sub(x2, x4))), aq(add(exp(a), add(x2, x1)), a)), add(add(mul(x3, add(add(x3, x1), x2)), add(x2, mul(mul(sub(add(x2, exp(x1)), mul(x3, sub(x2, x4))), aq(add(x2, x1), x1)), add(exp(a), add(x2, aq(x2, x1)))))), add(exp(mul(x3, add(add(x3, x1), x2))), add(x2, aq(x2, a))))))
GPU5 stages: candidates=2500 pre_s=22.977 cheap_candidates=1882 cheap_unique=1882 cheap_s=37.157/40.000 cheap_rejected=159 cheap_a_min=-0.127204107123 cheap_a_p50=0.000166760661903 cheap_a_p95=0.868273254451 cheap_a_max=340.033280326 exact_a_gate=0.15 exact_provisional_penalty=3928.17976309 exact_candidates=1723 exact_unique=1723 full_exact_enabled=1 exact_capacity=1200 exact_waves=134 exact_scheduled=1200 exact_deferred=515 exact_wave=1200/1200 exact_queue_depth=0 exact_pending_instances=515 exact_s=185.500 exact_ok=1200 exact_margin_max=1.16439131563 exact_scan_mean_s=0.042 exact_bisect_mean_s=0.004 exact_polish_mean_s=0.227 exact_final_mean_s=0.024 exact_margin_abs_b_max=nan cache_hits=0 cache_misses=0 cache_waits=0
322	2500 	541.048	712.477    	1051.84    	183.36 	36 	114.322	275	64.3964
Best individuals of this generation:
add(mul(x1, aq(x1, add(add(x1, mul(sin(add(x2, x1)), mul(sub(a, x3), add(a, x3)))), x3))), mul(mul(sub(add(mul(x2, mul(aq(sub(add(mul(x2, mul(x1, x1)), exp(x1)), x2), add(a, x2)), sub(aq(x2, x3), x3))), exp(mul(sin(x4), x4))), mul(x3, sub(x2, x4))), aq(add(exp(a), add(x2, x1)), a)), add(add(mul(x3, add(add(x3, x1), x2)), add(x2, mul(mul(sub(add(x2, exp(x1)), mul(x3, sub(x2, x4))), aq(add(x2, x1), x1)), add(exp(a), add(x2, aq(x2, x1)))))), add(exp(mul(x3, add(add(x3, x1), x2))), add(x2, aq(x2, a))))))
GPU5 stages: candidates=2500 pre_s=23.308 cheap_candidates=1902 cheap_unique=1902 cheap_s=37.126/40.000 cheap_rejected=157 cheap_a_min=-0.319600506582 cheap_a_p50=0.000193676169234 cheap_a_p95=0.540775165561 cheap_a_max=1159.90496727 exact_a_gate=0.15 exact_provisional_penalty=3928.17976309 exact_candidates=1745 exact_unique=1745 full_exact_enabled=1 exact_capacity=1200 exact_waves=134 exact_scheduled=1200 exact_deferred=540 exact_wave=1200/1200 exact_queue_depth=0 exact_pending_instances=540 exact_s=182.774 exact_ok=1200 exact_margin_max=1.33725373252 exact_scan_mean_s=0.044 exact_bisect_mean_s=0.005 exact_polish_mean_s=0.234 exact_final_mean_s=0.033 exact_margin_abs_b_max=nan cache_hits=0 cache_misses=0 cache_waits=0
323	2500 	541.048	708.871    	1051.79    	182.25 	38 	116.034	275	63.1972
Best individuals of this generation:
add(mul(x1, aq(x1, add(add(x1, mul(sin(add(x2, x1)), mul(sub(a, x3), add(a, x3)))), x3))), mul(mul(sub(add(mul(x2, mul(aq(sub(add(mul(x2, mul(x1, x1)), exp(x1)), x2), add(a, x2)), sub(aq(x2, x3), x3))), exp(mul(sin(x4), x4))), mul(x3, sub(x2, x4))), aq(add(exp(a), add(x2, x1)), a)), add(add(mul(x3, add(add(x3, x1), x2)), add(x2, mul(mul(sub(add(x2, exp(x1)), mul(x3, sub(x2, x4))), aq(add(x2, x1), x1)), add(exp(a), add(x2, aq(x2, x1)))))), add(exp(mul(x3, add(add(x3, x1), x2))), add(x2, aq(x2, a))))))
GPU5 stages: candidates=2500 pre_s=23.023 cheap_candidates=1965 cheap_unique=1965 cheap_s=38.905/40.000 cheap_rejected=166 cheap_a_min=-0.627846343156 cheap_a_p50=0.000207704132127 cheap_a_p95=0.624791665105 cheap_a_max=1617.06256634 exact_a_gate=0.15 exact_provisional_penalty=3928.17976309 exact_candidates=1799 exact_unique=1799 full_exact_enabled=1 exact_capacity=1200 exact_waves=134 exact_scheduled=1200 exact_deferred=590 exact_wave=1200/1200 exact_queue_depth=0 exact_pending_instances=590 exact_s=179.573 exact_ok=1200 exact_margin_max=479.280616549 exact_scan_mean_s=0.043 exact_bisect_mean_s=0.005 exact_polish_mean_s=0.236 exact_final_mean_s=0.022 exact_margin_abs_b_max=nan cache_hits=0 cache_misses=0 cache_waits=0
324	2500 	541.048	707.819    	1051.76    	182.088	38 	115.645	275	63.1184
Best individuals of this generation:
add(mul(x1, aq(x1, add(add(x1, mul(sin(add(x2, x1)), mul(sub(a, x3), add(a, x3)))), x3))), mul(mul(sub(add(mul(x2, mul(aq(sub(add(mul(x2, mul(x1, x1)), exp(x1)), x2), add(a, x2)), sub(aq(x2, x3), x3))), exp(mul(sin(x4), x4))), mul(x3, sub(x2, x4))), aq(add(exp(a), add(x2, x1)), a)), add(add(mul(x3, add(add(x3, x1), x2)), add(x2, mul(mul(sub(add(x2, exp(x1)), mul(x3, sub(x2, x4))), aq(add(x2, x1), x1)), add(exp(a), add(x2, aq(x2, x1)))))), add(exp(mul(x3, add(add(x3, x1), x2))), add(x2, aq(x2, a))))))
GPU5 stages: candidates=2500 pre_s=23.272 cheap_candidates=1934 cheap_unique=1934 cheap_s=37.398/40.000 cheap_rejected=184 cheap_a_min=-0.30249324198 cheap_a_p50=0.000172908492814 cheap_a_p95=0.722380654821 cheap_a_max=987.909921608 exact_a_gate=0.15 exact_provisional_penalty=3928.17976309 exact_candidates=1750 exact_unique=1750 full_exact_enabled=1 exact_capacity=1200 exact_waves=134 exact_scheduled=1200 exact_deferred=541 exact_wave=1200/1200 exact_queue_depth=0 exact_pending_instances=541 exact_s=185.350 exact_ok=1200 exact_margin_max=0.926593650716 exact_scan_mean_s=0.042 exact_bisect_mean_s=0.007 exact_polish_mean_s=0.238 exact_final_mean_s=0.026 exact_margin_abs_b_max=nan cache_hits=0 cache_misses=0 cache_waits=0
325	2500 	541.048	707.69     	1051.73    	182.116	38 	114.865	275	63.2531
Best individuals of this generation:
add(mul(x1, aq(x1, add(add(x1, mul(sin(add(x2, x1)), mul(sub(a, x3), add(a, x3)))), x3))), mul(mul(sub(add(mul(x2, mul(aq(sub(add(mul(x2, mul(x1, x1)), exp(x1)), x2), add(a, x2)), sub(aq(x2, x3), x3))), exp(mul(sin(x4), x4))), mul(x3, sub(x2, x4))), aq(add(exp(a), add(x2, x1)), a)), add(add(mul(x3, add(add(x3, x1), x2)), add(x2, mul(mul(sub(add(x2, exp(x1)), mul(x3, sub(x2, x4))), aq(add(x2, x1), x1)), add(exp(a), add(x2, aq(x2, x1)))))), add(exp(mul(x3, add(add(x3, x1), x2))), add(x2, aq(x2, a))))))
GPU5 stages: candidates=2500 pre_s=23.156 cheap_candidates=1914 cheap_unique=1914 cheap_s=36.756/40.000 cheap_rejected=171 cheap_a_min=-0.732082845959 cheap_a_p50=0.00020501304246 cheap_a_p95=0.771342390279 cheap_a_max=1611.78880466 exact_a_gate=0.15 exact_provisional_penalty=3928.17976309 exact_candidates=1743 exact_unique=1743 full_exact_enabled=1 exact_capacity=1200 exact_waves=134 exact_scheduled=1200 exact_deferred=531 exact_wave=1200/1200 exact_queue_depth=0 exact_pending_instances=531 exact_s=177.198 exact_ok=1200 exact_margin_max=470.880954993 exact_scan_mean_s=0.042 exact_bisect_mean_s=0.004 exact_polish_mean_s=0.231 exact_final_mean_s=0.019 exact_margin_abs_b_max=nan cache_hits=0 cache_misses=0 cache_waits=0
326	2500 	541.048	707.601    	1051.7     	182.118	38 	114.457	275	63.3364
Best individuals of this generation:
add(mul(x1, aq(x1, add(add(x1, mul(sin(add(x2, x1)), mul(sub(a, x3), add(a, x3)))), x3))), mul(mul(sub(add(mul(x2, mul(aq(sub(add(mul(x2, mul(x1, x1)), exp(x1)), x2), add(a, x2)), sub(aq(x2, x3), x3))), exp(mul(sin(x4), x4))), mul(x3, sub(x2, x4))), aq(add(exp(a), add(x2, x1)), a)), add(add(mul(x3, add(add(x3, x1), x2)), add(x2, mul(mul(sub(add(x2, exp(x1)), mul(x3, sub(x2, x4))), aq(add(x2, x1), x1)), add(exp(a), add(x2, aq(x2, x1)))))), add(exp(mul(x3, add(add(x3, x1), x2))), add(x2, aq(x2, a))))))
GPU5 stages: candidates=2500 pre_s=22.993 cheap_candidates=1950 cheap_unique=1949 cheap_s=37.877/40.000 cheap_rejected=169 cheap_a_min=-0.197904747123 cheap_a_p50=0.000207704152156 cheap_a_p95=0.898248227556 cheap_a_max=2748.89385826 exact_a_gate=0.15 exact_provisional_penalty=3928.17976309 exact_candidates=1781 exact_unique=1780 full_exact_enabled=1 exact_capacity=1200 exact_waves=134 exact_scheduled=1200 exact_deferred=567 exact_wave=1200/1200 exact_queue_depth=0 exact_pending_instances=567 exact_s=177.418 exact_ok=1200 exact_margin_max=24.7772022534 exact_scan_mean_s=0.042 exact_bisect_mean_s=0.005 exact_polish_mean_s=0.231 exact_final_mean_s=0.025 exact_margin_abs_b_max=nan cache_hits=0 cache_misses=0 cache_waits=0
327	2500 	541.048	707.456    	1051.66    	182.153	38 	114.471	275	63.3145
Best individuals of this generation:
add(mul(x1, aq(x1, add(add(x1, mul(sin(add(x2, x1)), mul(sub(a, x3), add(a, x3)))), x3))), mul(mul(sub(add(mul(x2, mul(aq(sub(add(mul(x2, mul(x1, x1)), exp(x1)), x2), add(a, x2)), sub(aq(x2, x3), x3))), exp(mul(sin(x4), x4))), mul(x3, sub(x2, x4))), aq(add(exp(a), add(x2, x1)), a)), add(add(mul(x3, add(add(x3, x1), x2)), add(x2, mul(mul(sub(add(x2, exp(x1)), mul(x3, sub(x2, x4))), aq(add(x2, x1), x1)), add(exp(a), add(x2, aq(x2, x1)))))), add(exp(mul(x3, add(add(x3, x1), x2))), add(x2, aq(x2, a))))))
GPU5 stages: candidates=2500 pre_s=23.198 cheap_candidates=1943 cheap_unique=1943 cheap_s=38.844/40.000 cheap_rejected=176 cheap_a_min=-1.4126747393 cheap_a_p50=0.000207704152157 cheap_a_p95=0.905263899105 cheap_a_max=1278.92156111 exact_a_gate=0.15 exact_provisional_penalty=3928.17976309 exact_candidates=1767 exact_unique=1767 full_exact_enabled=1 exact_capacity=1200 exact_waves=134 exact_scheduled=1200 exact_deferred=561 exact_wave=1200/1200 exact_queue_depth=0 exact_pending_instances=561 exact_s=184.831 exact_ok=1200 exact_margin_max=41.1806937053 exact_scan_mean_s=0.041 exact_bisect_mean_s=0.005 exact_polish_mean_s=0.236 exact_final_mean_s=0.034 exact_margin_abs_b_max=nan cache_hits=0 cache_misses=0 cache_waits=0
328	2500 	541.048	707.288    	1051.65    	182.195	38 	115.001	275	63.0349
Best individuals of this generation:
add(mul(x1, aq(x1, add(add(x1, mul(sin(add(x2, x1)), mul(sub(a, x3), add(a, x3)))), x3))), mul(mul(sub(add(mul(x2, mul(aq(sub(add(mul(x2, mul(x1, x1)), exp(x1)), x2), add(a, x2)), sub(aq(x2, x3), x3))), exp(mul(sin(x4), x4))), mul(x3, sub(x2, x4))), aq(add(exp(a), add(x2, x1)), a)), add(add(mul(x3, add(add(x3, x1), x2)), add(x2, mul(mul(sub(add(x2, exp(x1)), mul(x3, sub(x2, x4))), aq(add(x2, x1), x1)), add(exp(a), add(x2, aq(x2, x1)))))), add(exp(mul(x3, add(add(x3, x1), x2))), add(x2, aq(x2, a))))))
GPU5 stages: candidates=2500 pre_s=23.182 cheap_candidates=1922 cheap_unique=1921 cheap_s=37.792/40.000 cheap_rejected=184 cheap_a_min=-0.410269926639 cheap_a_p50=0.000207704152156 cheap_a_p95=0.869471003805 cheap_a_max=1278.53635154 exact_a_gate=0.15 exact_provisional_penalty=3928.17976309 exact_candidates=1738 exact_unique=1737 full_exact_enabled=1 exact_capacity=1200 exact_waves=134 exact_scheduled=1200 exact_deferred=528 exact_wave=1200/1200 exact_queue_depth=0 exact_pending_instances=528 exact_s=183.639 exact_ok=1200 exact_margin_max=110.439075286 exact_scan_mean_s=0.042 exact_bisect_mean_s=0.005 exact_polish_mean_s=0.228 exact_final_mean_s=0.022 exact_margin_abs_b_max=nan cache_hits=0 cache_misses=0 cache_waits=0
329	2500 	541.048	707.166    	1051.64    	182.198	38 	114.823	275	62.8902
Best individuals of this generation:
add(mul(x1, aq(x1, add(add(x1, mul(sin(add(x2, x1)), mul(sub(a, x3), add(a, x3)))), x3))), mul(mul(sub(add(mul(x2, mul(aq(sub(add(mul(x2, mul(x1, x1)), exp(x1)), x2), add(a, x2)), sub(aq(x2, x3), x3))), exp(mul(sin(x4), x4))), mul(x3, sub(x2, x4))), aq(add(exp(a), add(x2, x1)), a)), add(add(mul(x3, add(add(x3, x1), x2)), add(x2, mul(mul(sub(add(x2, exp(x1)), mul(x3, sub(x2, x4))), aq(add(x2, x1), x1)), add(exp(a), add(x2, aq(x2, x1)))))), add(exp(mul(x3, add(add(x3, x1), x2))), add(x2, aq(x2, a))))))
GPU5 stages: candidates=2500 pre_s=23.222 cheap_candidates=1946 cheap_unique=1945 cheap_s=38.584/40.000 cheap_rejected=151 cheap_a_min=-0.205584947121 cheap_a_p50=0.000207704152148 cheap_a_p95=0.467635551586 cheap_a_max=1191.70215824 exact_a_gate=0.15 exact_provisional_penalty=3928.17976309 exact_candidates=1795 exact_unique=1794 full_exact_enabled=1 exact_capacity=1200 exact_waves=134 exact_scheduled=1200 exact_deferred=585 exact_wave=1200/1200 exact_queue_depth=0 exact_pending_instances=585 exact_s=180.517 exact_ok=1200 exact_margin_max=390.990094413 exact_scan_mean_s=0.043 exact_bisect_mean_s=0.004 exact_polish_mean_s=0.232 exact_final_mean_s=0.024 exact_margin_abs_b_max=nan cache_hits=0 cache_misses=0 cache_waits=0
330	2500 	541.048	707.035    	1051.61    	182.214	38 	114.588	275	62.9089
Best individuals of this generation:
add(mul(x1, aq(x1, add(add(x1, mul(sin(add(x2, x1)), mul(sub(a, x3), add(a, x3)))), x3))), mul(mul(sub(add(mul(x2, mul(aq(sub(add(mul(x2, mul(x1, x1)), exp(x1)), x2), add(a, x2)), sub(aq(x2, x3), x3))), exp(mul(sin(x4), x4))), mul(x3, sub(x2, x4))), aq(add(exp(a), add(x2, x1)), a)), add(add(mul(x3, add(add(x3, x1), x2)), add(x2, mul(mul(sub(add(x2, exp(x1)), mul(x3, sub(x2, x4))), aq(add(x2, x1), x1)), add(exp(a), add(x2, aq(x2, x1)))))), add(exp(mul(x3, add(add(x3, x1), x2))), add(x2, aq(x2, a))))))
GPU5 stages: candidates=2500 pre_s=22.981 cheap_candidates=1941 cheap_unique=1941 cheap_s=36.893/40.000 cheap_rejected=173 cheap_a_min=-0.298308758376 cheap_a_p50=0.000207704152241 cheap_a_p95=0.796451377547 cheap_a_max=1542.16553636 exact_a_gate=0.15 exact_provisional_penalty=3928.17976309 exact_candidates=1768 exact_unique=1768 full_exact_enabled=1 exact_capacity=1200 exact_waves=134 exact_scheduled=1200 exact_deferred=557 exact_wave=1200/1200 exact_queue_depth=0 exact_pending_instances=557 exact_s=181.444 exact_ok=1200 exact_margin_max=0.203773692689 exact_scan_mean_s=0.043 exact_bisect_mean_s=0.004 exact_polish_mean_s=0.231 exact_final_mean_s=0.014 exact_margin_abs_b_max=nan cache_hits=0 cache_misses=0 cache_waits=0
331	2500 	541.048	706.894    	1051.59    	182.227	38 	114.782	275	62.8328
Best individuals of this generation:
add(mul(x1, aq(x1, add(add(x1, mul(sin(add(x2, x1)), mul(sub(a, x3), add(a, x3)))), x3))), mul(mul(sub(add(mul(x2, mul(aq(sub(add(mul(x2, mul(x1, x1)), exp(x1)), x2), add(a, x2)), sub(aq(x2, x3), x3))), exp(mul(sin(x4), x4))), mul(x3, sub(x2, x4))), aq(add(exp(a), add(x2, x1)), a)), add(add(mul(x3, add(add(x3, x1), x2)), add(x2, mul(mul(sub(add(x2, exp(x1)), mul(x3, sub(x2, x4))), aq(add(x2, x1), x1)), add(exp(a), add(x2, aq(x2, x1)))))), add(exp(mul(x3, add(add(x3, x1), x2))), add(x2, aq(x2, a))))))
GPU5 stages: candidates=2500 pre_s=23.296 cheap_candidates=1924 cheap_unique=1923 cheap_s=39.595/40.000 cheap_rejected=210 cheap_a_min=-0.681476008678 cheap_a_p50=0.000207704152663 cheap_a_p95=2.01045119656 cheap_a_max=926.847349864 exact_a_gate=0.15 exact_provisional_penalty=3928.17976309 exact_candidates=1714 exact_unique=1713 full_exact_enabled=1 exact_capacity=1200 exact_waves=134 exact_scheduled=1200 exact_deferred=502 exact_wave=1200/1200 exact_queue_depth=0 exact_pending_instances=502 exact_s=187.502 exact_ok=1200 exact_margin_max=136.345711096 exact_scan_mean_s=0.042 exact_bisect_mean_s=0.006 exact_polish_mean_s=0.230 exact_final_mean_s=0.019 exact_margin_abs_b_max=nan cache_hits=0 cache_misses=0 cache_waits=0
332	2500 	541.048	706.768    	1051.53    	182.231	38 	114.943	275	62.618 
Best individuals of this generation:
add(mul(x1, aq(x1, add(add(x1, mul(sin(add(x2, x1)), mul(sub(a, x3), add(a, x3)))), x3))), mul(mul(sub(add(mul(x2, mul(aq(sub(add(mul(x2, mul(x1, x1)), exp(x1)), x2), add(a, x2)), sub(aq(x2, x3), x3))), exp(mul(sin(x4), x4))), mul(x3, sub(x2, x4))), aq(add(exp(a), add(x2, x1)), a)), add(add(mul(x3, add(add(x3, x1), x2)), add(x2, mul(mul(sub(add(x2, exp(x1)), mul(x3, sub(x2, x4))), aq(add(x2, x1), x1)), add(exp(a), add(x2, aq(x2, x1)))))), add(exp(mul(x3, add(add(x3, x1), x2))), add(x2, aq(x2, a))))))
GPU5 stages: candidates=2500 pre_s=23.303 cheap_candidates=1913 cheap_unique=1913 cheap_s=36.667/40.000 cheap_rejected=146 cheap_a_min=-0.266679986699 cheap_a_p50=0.000207704152121 cheap_a_p95=0.58296869765 cheap_a_max=708.876251462 exact_a_gate=0.15 exact_provisional_penalty=3928.17976309 exact_candidates=1767 exact_unique=1767 full_exact_enabled=1 exact_capacity=1200 exact_waves=134 exact_scheduled=1200 exact_deferred=552 exact_wave=1200/1200 exact_queue_depth=0 exact_pending_instances=552 exact_s=180.720 exact_ok=1200 exact_margin_max=2.65132769039 exact_scan_mean_s=0.042 exact_bisect_mean_s=0.004 exact_polish_mean_s=0.225 exact_final_mean_s=0.026 exact_margin_abs_b_max=nan cache_hits=0 cache_misses=0 cache_waits=0
333	2500 	541.048	706.608    	1051.49    	182.235	38 	115.265	282	62.4363
Best individuals of this generation:
add(mul(x1, aq(x1, add(add(x1, mul(sin(add(x2, x1)), mul(sub(a, x3), add(a, x3)))), x3))), mul(mul(sub(add(mul(x2, mul(aq(sub(add(mul(x2, mul(x1, x1)), exp(x1)), x2), add(a, x2)), sub(aq(x2, x3), x3))), exp(mul(sin(x4), x4))), mul(x3, sub(x2, x4))), aq(add(exp(a), add(x2, x1)), a)), add(add(mul(x3, add(add(x3, x1), x2)), add(x2, mul(mul(sub(add(x2, exp(x1)), mul(x3, sub(x2, x4))), aq(add(x2, x1), x1)), add(exp(a), add(x2, aq(x2, x1)))))), add(exp(mul(x3, add(add(x3, x1), x2))), add(x2, aq(x2, a))))))
GPU5 stages: candidates=2500 pre_s=23.188 cheap_candidates=1956 cheap_unique=1956 cheap_s=39.347/40.000 cheap_rejected=203 cheap_a_min=-0.33867634957 cheap_a_p50=0.000207704152157 cheap_a_p95=1.14158426877 cheap_a_max=10532.2795888 exact_a_gate=0.15 exact_provisional_penalty=3928.17976309 exact_candidates=1753 exact_unique=1753 full_exact_enabled=1 exact_capacity=1200 exact_waves=134 exact_scheduled=1200 exact_deferred=538 exact_wave=1200/1200 exact_queue_depth=0 exact_pending_instances=538 exact_s=176.766 exact_ok=1200 exact_margin_max=0.84792432359 exact_scan_mean_s=0.041 exact_bisect_mean_s=0.005 exact_polish_mean_s=0.229 exact_final_mean_s=0.016 exact_margin_abs_b_max=nan cache_hits=0 cache_misses=0 cache_waits=0
334	2500 	541.048	706.482    	1051.48    	182.274	38 	115.156	282	62.3741
Best individuals of this generation:
add(mul(x1, aq(x1, add(add(x1, mul(sin(add(x2, x1)), mul(sub(a, x3), add(a, x3)))), x3))), mul(mul(sub(add(mul(x2, mul(aq(sub(add(mul(x2, mul(x1, x1)), exp(x1)), x2), add(a, x2)), sub(aq(x2, x3), x3))), exp(mul(sin(x4), x4))), mul(x3, sub(x2, x4))), aq(add(exp(a), add(x2, x1)), a)), add(add(mul(x3, add(add(x3, x1), x2)), add(x2, mul(mul(sub(add(x2, exp(x1)), mul(x3, sub(x2, x4))), aq(add(x2, x1), x1)), add(exp(a), add(x2, aq(x2, x1)))))), add(exp(mul(x3, add(add(x3, x1), x2))), add(x2, aq(x2, a))))))
GPU5 stages: candidates=2500 pre_s=23.089 cheap_candidates=1952 cheap_unique=1952 cheap_s=37.653/40.000 cheap_rejected=181 cheap_a_min=-2.88319609925 cheap_a_p50=0.000207704152037 cheap_a_p95=0.693549006767 cheap_a_max=896.022501294 exact_a_gate=0.15 exact_provisional_penalty=3928.17976309 exact_candidates=1771 exact_unique=1771 full_exact_enabled=1 exact_capacity=1200 exact_waves=134 exact_scheduled=1200 exact_deferred=559 exact_wave=1200/1200 exact_queue_depth=0 exact_pending_instances=559 exact_s=183.065 exact_ok=1200 exact_margin_max=0.593314012094 exact_scan_mean_s=0.043 exact_bisect_mean_s=0.007 exact_polish_mean_s=0.231 exact_final_mean_s=0.029 exact_margin_abs_b_max=nan cache_hits=0 cache_misses=0 cache_waits=0
335	2500 	541.048	706.386    	1051.44    	182.286	38 	114.811	282	62.3136
Best individuals of this generation:
add(mul(x1, aq(x1, add(add(x1, mul(sin(add(x2, x1)), mul(sub(a, x3), add(a, x3)))), x3))), mul(mul(sub(add(mul(x2, mul(aq(sub(add(mul(x2, mul(x1, x1)), exp(x1)), x2), add(a, x2)), sub(aq(x2, x3), x3))), exp(mul(sin(x4), x4))), mul(x3, sub(x2, x4))), aq(add(exp(a), add(x2, x1)), a)), add(add(mul(x3, add(add(x3, x1), x2)), add(x2, mul(mul(sub(add(x2, exp(x1)), mul(x3, sub(x2, x4))), aq(add(x2, x1), x1)), add(exp(a), add(x2, aq(x2, x1)))))), add(exp(mul(x3, add(add(x3, x1), x2))), add(x2, aq(x2, a))))))
GPU5 stages: candidates=2500 pre_s=23.205 cheap_candidates=1932 cheap_unique=1930 cheap_s=38.153/40.000 cheap_rejected=180 cheap_a_min=-0.578712360651 cheap_a_p50=0.000207704152158 cheap_a_p95=1.03148621318 cheap_a_max=2281.02303943 exact_a_gate=0.15 exact_provisional_penalty=5810.25767941 exact_candidates=1752 exact_unique=1750 full_exact_enabled=1 exact_capacity=1200 exact_waves=134 exact_scheduled=1200 exact_deferred=541 exact_wave=1200/1200 exact_queue_depth=0 exact_pending_instances=541 exact_s=180.477 exact_ok=1200 exact_margin_max=493.224276908 exact_scan_mean_s=0.041 exact_bisect_mean_s=0.005 exact_polish_mean_s=0.223 exact_final_mean_s=0.030 exact_margin_abs_b_max=nan cache_hits=0 cache_misses=0 cache_waits=0
336	2500 	541.048	706.316    	1051.38    	182.311	38 	114.339	282	62.4132
Best individuals of this generation:
add(mul(x1, aq(x1, add(add(x1, mul(sin(add(x2, x1)), mul(sub(a, x3), add(a, x3)))), x3))), mul(mul(sub(add(mul(x2, mul(aq(sub(add(mul(x2, mul(x1, x1)), exp(x1)), x2), add(a, x2)), sub(aq(x2, x3), x3))), exp(mul(sin(x4), x4))), mul(x3, sub(x2, x4))), aq(add(exp(a), add(x2, x1)), a)), add(add(mul(x3, add(add(x3, x1), x2)), add(x2, mul(mul(sub(add(x2, exp(x1)), mul(x3, sub(x2, x4))), aq(add(x2, x1), x1)), add(exp(a), add(x2, aq(x2, x1)))))), add(exp(mul(x3, add(add(x3, x1), x2))), add(x2, aq(x2, a))))))
GPU5 stages: candidates=2500 pre_s=23.183 cheap_candidates=1954 cheap_unique=1953 cheap_s=37.892/40.000 cheap_rejected=188 cheap_a_min=-0.613270225349 cheap_a_p50=0.000207704152221 cheap_a_p95=1.20904197389 cheap_a_max=1820.21619939 exact_a_gate=0.15 exact_provisional_penalty=3928.17976309 exact_candidates=1766 exact_unique=1765 full_exact_enabled=1 exact_capacity=1200 exact_waves=134 exact_scheduled=1200 exact_deferred=549 exact_wave=1200/1200 exact_queue_depth=0 exact_pending_instances=549 exact_s=178.369 exact_ok=1200 exact_margin_max=9.84059228389e+30 exact_scan_mean_s=0.042 exact_bisect_mean_s=0.005 exact_polish_mean_s=0.226 exact_final_mean_s=0.021 exact_margin_abs_b_max=nan cache_hits=0 cache_misses=0 cache_waits=0
337	2500 	541.048	706.246    	1051.35    	182.345	38 	113.994	282	62.3897
Best individuals of this generation:
add(mul(x1, aq(x1, add(add(x1, mul(sin(add(x2, x1)), mul(sub(a, x3), add(a, x3)))), x3))), mul(mul(sub(add(mul(x2, mul(aq(sub(add(mul(x2, mul(x1, x1)), exp(x1)), x2), add(a, x2)), sub(aq(x2, x3), x3))), exp(mul(sin(x4), x4))), mul(x3, sub(x2, x4))), aq(add(exp(a), add(x2, x1)), a)), add(add(mul(x3, add(add(x3, x1), x2)), add(x2, mul(mul(sub(add(x2, exp(x1)), mul(x3, sub(x2, x4))), aq(add(x2, x1), x1)), add(exp(a), add(x2, aq(x2, x1)))))), add(exp(mul(x3, add(add(x3, x1), x2))), add(x2, aq(x2, a))))))
GPU5 stages: candidates=2500 pre_s=23.109 cheap_candidates=1953 cheap_unique=1952 cheap_s=37.405/40.000 cheap_rejected=169 cheap_a_min=-1.5322124428 cheap_a_p50=0.000207704152005 cheap_a_p95=0.949819296184 cheap_a_max=1154.33217737 exact_a_gate=0.15 exact_provisional_penalty=3928.17976309 exact_candidates=1784 exact_unique=1783 full_exact_enabled=1 exact_capacity=1200 exact_waves=134 exact_scheduled=1200 exact_deferred=570 exact_wave=1200/1200 exact_queue_depth=0 exact_pending_instances=570 exact_s=181.747 exact_ok=1200 exact_margin_max=0.278812541088 exact_scan_mean_s=0.042 exact_bisect_mean_s=0.005 exact_polish_mean_s=0.224 exact_final_mean_s=0.017 exact_margin_abs_b_max=nan cache_hits=0 cache_misses=0 cache_waits=0
338	2500 	541.048	706.15     	1051.33    	182.4  	38 	113.76 	282	62.4121
Best individuals of this generation:
add(mul(x1, aq(x1, add(add(x1, mul(sin(add(x2, x1)), mul(sub(a, x3), add(a, x3)))), x3))), mul(mul(sub(add(mul(x2, mul(aq(sub(add(mul(x2, mul(x1, x1)), exp(x1)), x2), add(a, x2)), sub(aq(x2, x3), x3))), exp(mul(sin(x4), x4))), mul(x3, sub(x2, x4))), aq(add(exp(a), add(x2, x1)), a)), add(add(mul(x3, add(add(x3, x1), x2)), add(x2, mul(mul(sub(add(x2, exp(x1)), mul(x3, sub(x2, x4))), aq(add(x2, x1), x1)), add(exp(a), add(x2, aq(x2, x1)))))), add(exp(mul(x3, add(add(x3, x1), x2))), add(x2, aq(x2, a))))))
GPU5 stages: candidates=2500 pre_s=23.035 cheap_candidates=1928 cheap_unique=1928 cheap_s=38.208/40.000 cheap_rejected=177 cheap_a_min=-0.879602500385 cheap_a_p50=0.000207704152159 cheap_a_p95=0.83829360723 cheap_a_max=1169.04113636 exact_a_gate=0.15 exact_provisional_penalty=3928.17976309 exact_candidates=1751 exact_unique=1751 full_exact_enabled=1 exact_capacity=1200 exact_waves=134 exact_scheduled=1200 exact_deferred=539 exact_wave=1200/1200 exact_queue_depth=0 exact_pending_instances=539 exact_s=179.127 exact_ok=1200 exact_margin_max=1.53586482134 exact_scan_mean_s=0.042 exact_bisect_mean_s=0.006 exact_polish_mean_s=0.224 exact_final_mean_s=0.020 exact_margin_abs_b_max=nan cache_hits=0 cache_misses=0 cache_waits=0
339	2500 	541.048	706.103    	1051.31    	182.411	38 	113.556	282	62.5965
Best individuals of this generation:
add(mul(x1, aq(x1, add(add(x1, mul(sin(add(x2, x1)), mul(sub(a, x3), add(a, x3)))), x3))), mul(mul(sub(add(mul(x2, mul(aq(sub(add(mul(x2, mul(x1, x1)), exp(x1)), x2), add(a, x2)), sub(aq(x2, x3), x3))), exp(mul(sin(x4), x4))), mul(x3, sub(x2, x4))), aq(add(exp(a), add(x2, x1)), a)), add(add(mul(x3, add(add(x3, x1), x2)), add(x2, mul(mul(sub(add(x2, exp(x1)), mul(x3, sub(x2, x4))), aq(add(x2, x1), x1)), add(exp(a), add(x2, aq(x2, x1)))))), add(exp(mul(x3, add(add(x3, x1), x2))), add(x2, aq(x2, a))))))
GPU5 stages: candidates=2500 pre_s=23.186 cheap_candidates=1909 cheap_unique=1908 cheap_s=36.065/40.000 cheap_rejected=184 cheap_a_min=-0.368432907871 cheap_a_p50=0.000207704152027 cheap_a_p95=0.813209262503 cheap_a_max=1157.86073872 exact_a_gate=0.15 exact_provisional_penalty=3928.17976309 exact_candidates=1725 exact_unique=1724 full_exact_enabled=1 exact_capacity=1200 exact_waves=134 exact_scheduled=1200 exact_deferred=511 exact_wave=1200/1200 exact_queue_depth=0 exact_pending_instances=511 exact_s=186.507 exact_ok=1200 exact_margin_max=728.796094582 exact_scan_mean_s=0.043 exact_bisect_mean_s=0.006 exact_polish_mean_s=0.229 exact_final_mean_s=0.031 exact_margin_abs_b_max=nan cache_hits=0 cache_misses=0 cache_waits=0
340	2500 	541.048	705.977    	1051.25    	182.462	38 	113.197	282	62.4963
Best individuals of this generation:
add(mul(x1, aq(x1, add(add(x1, mul(sin(add(x2, x1)), mul(sub(a, x3), add(a, x3)))), x3))), mul(mul(sub(add(mul(x2, mul(aq(sub(add(mul(x2, mul(x1, x1)), exp(x1)), x2), add(a, x2)), sub(aq(x2, x3), x3))), exp(mul(sin(x4), x4))), mul(x3, sub(x2, x4))), aq(add(exp(a), add(x2, x1)), a)), add(add(mul(x3, add(add(x3, x1), x2)), add(x2, mul(mul(sub(add(x2, exp(x1)), mul(x3, sub(x2, x4))), aq(add(x2, x1), x1)), add(exp(a), add(x2, aq(x2, x1)))))), add(exp(mul(x3, add(add(x3, x1), x2))), add(x2, aq(x2, a))))))
GPU5 stages: candidates=2500 pre_s=23.063 cheap_candidates=1933 cheap_unique=1931 cheap_s=36.931/40.000 cheap_rejected=180 cheap_a_min=-1.97670839783 cheap_a_p50=0.000207704152154 cheap_a_p95=0.763744016968 cheap_a_max=3076.49077533 exact_a_gate=0.15 exact_provisional_penalty=3928.17976309 exact_candidates=1753 exact_unique=1751 full_exact_enabled=1 exact_capacity=1200 exact_waves=134 exact_scheduled=1200 exact_deferred=534 exact_wave=1200/1200 exact_queue_depth=0 exact_pending_instances=534 exact_s=180.046 exact_ok=1200 exact_margin_max=0.545104031209 exact_scan_mean_s=0.043 exact_bisect_mean_s=0.006 exact_polish_mean_s=0.227 exact_final_mean_s=0.022 exact_margin_abs_b_max=nan cache_hits=0 cache_misses=0 cache_waits=0
341	2500 	541.048	705.929    	1051.19    	182.468	38 	112.995	282	62.5243
Best individuals of this generation:
add(mul(x1, aq(x1, add(add(x1, mul(sin(add(x2, x1)), mul(sub(a, x3), add(a, x3)))), x3))), mul(mul(sub(add(mul(x2, mul(aq(sub(add(mul(x2, mul(x1, x1)), exp(x1)), x2), add(a, x2)), sub(aq(x2, x3), x3))), exp(mul(sin(x4), x4))), mul(x3, sub(x2, x4))), aq(add(exp(a), add(x2, x1)), a)), add(add(mul(x3, add(add(x3, x1), x2)), add(x2, mul(mul(sub(add(x2, exp(x1)), mul(x3, sub(x2, x4))), aq(add(x2, x1), x1)), add(exp(a), add(x2, aq(x2, x1)))))), add(exp(mul(x3, add(add(x3, x1), x2))), add(x2, aq(x2, a))))))
GPU5 stages: candidates=2500 pre_s=22.975 cheap_candidates=1956 cheap_unique=1955 cheap_s=37.521/40.000 cheap_rejected=175 cheap_a_min=-0.845826190559 cheap_a_p50=0.000207704152156 cheap_a_p95=0.717107938083 cheap_a_max=603.871706555 exact_a_gate=0.15 exact_provisional_penalty=3928.17976309 exact_candidates=1781 exact_unique=1780 full_exact_enabled=1 exact_capacity=1200 exact_waves=134 exact_scheduled=1200 exact_deferred=570 exact_wave=1200/1200 exact_queue_depth=0 exact_pending_instances=570 exact_s=178.094 exact_ok=1200 exact_margin_max=4.93620475651 exact_scan_mean_s=0.042 exact_bisect_mean_s=0.005 exact_polish_mean_s=0.229 exact_final_mean_s=0.020 exact_margin_abs_b_max=nan cache_hits=0 cache_misses=0 cache_waits=0
342	2500 	541.048	705.866    	1051.18    	182.512	38 	112.808	282	62.4676
Best individuals of this generation:
add(mul(x1, aq(x1, add(add(x1, mul(sin(add(x2, x1)), mul(sub(a, x3), add(a, x3)))), x3))), mul(mul(sub(add(mul(x2, mul(aq(sub(add(mul(x2, mul(x1, x1)), exp(x1)), x2), add(a, x2)), sub(aq(x2, x3), x3))), exp(mul(sin(x4), x4))), mul(x3, sub(x2, x4))), aq(add(exp(a), add(x2, x1)), a)), add(add(mul(x3, add(add(x3, x1), x2)), add(x2, mul(mul(sub(add(x2, exp(x1)), mul(x3, sub(x2, x4))), aq(add(x2, x1), x1)), add(exp(a), add(x2, aq(x2, x1)))))), add(exp(mul(x3, add(add(x3, x1), x2))), add(x2, aq(x2, a))))))
GPU5 stages: candidates=2500 pre_s=22.892 cheap_candidates=1936 cheap_unique=1936 cheap_s=36.718/40.000 cheap_rejected=176 cheap_a_min=-0.273304151488 cheap_a_p50=0.000207704152171 cheap_a_p95=0.68332270956 cheap_a_max=10879.1006729 exact_a_gate=0.15 exact_provisional_penalty=3928.17976309 exact_candidates=1760 exact_unique=1760 full_exact_enabled=1 exact_capacity=1200 exact_waves=134 exact_scheduled=1200 exact_deferred=549 exact_wave=1200/1200 exact_queue_depth=0 exact_pending_instances=549 exact_s=179.709 exact_ok=1200 exact_margin_max=9.77321316389 exact_scan_mean_s=0.043 exact_bisect_mean_s=0.004 exact_polish_mean_s=0.219 exact_final_mean_s=0.030 exact_margin_abs_b_max=nan cache_hits=0 cache_misses=0 cache_waits=0
343	2500 	541.048	705.77     	1051.14    	182.539	38 	112.654	282	62.4768
Best individuals of this generation:
add(mul(x1, aq(x1, add(add(x1, mul(sin(add(x2, x1)), mul(sub(a, x3), add(a, x3)))), x3))), mul(mul(sub(add(mul(x2, mul(aq(sub(add(mul(x2, mul(x1, x1)), exp(x1)), x2), add(a, x2)), sub(aq(x2, x3), x3))), exp(mul(sin(x4), x4))), mul(x3, sub(x2, x4))), aq(add(exp(a), add(x2, x1)), a)), add(add(mul(x3, add(add(x3, x1), x2)), add(x2, mul(mul(sub(add(x2, exp(x1)), mul(x3, sub(x2, x4))), aq(add(x2, x1), x1)), add(exp(a), add(x2, aq(x2, x1)))))), add(exp(mul(x3, add(add(x3, x1), x2))), add(x2, aq(x2, a))))))
GPU5 stages: candidates=2500 pre_s=22.887 cheap_candidates=1925 cheap_unique=1925 cheap_s=37.266/40.000 cheap_rejected=195 cheap_a_min=-0.884102382595 cheap_a_p50=0.000207704152158 cheap_a_p95=0.811298531097 cheap_a_max=1789.7506107 exact_a_gate=0.15 exact_provisional_penalty=3928.17976309 exact_candidates=1730 exact_unique=1730 full_exact_enabled=1 exact_capacity=1200 exact_waves=134 exact_scheduled=1200 exact_deferred=518 exact_wave=1200/1200 exact_queue_depth=0 exact_pending_instances=518 exact_s=189.283 exact_ok=1200 exact_margin_max=15.212910052 exact_scan_mean_s=0.043 exact_bisect_mean_s=0.007 exact_polish_mean_s=0.233 exact_final_mean_s=0.027 exact_margin_abs_b_max=nan cache_hits=0 cache_misses=0 cache_waits=0
344	2500 	541.048	705.723    	1051.12    	182.569	38 	112.477	280	62.5119
Best individuals of this generation:
add(mul(x1, aq(x1, add(add(x1, mul(sin(add(x2, x1)), mul(sub(a, x3), add(a, x3)))), x3))), mul(mul(sub(add(mul(x2, mul(aq(sub(add(mul(x2, mul(x1, x1)), exp(x1)), x2), add(a, x2)), sub(aq(x2, x3), x3))), exp(mul(sin(x4), x4))), mul(x3, sub(x2, x4))), aq(add(exp(a), add(x2, x1)), a)), add(add(mul(x3, add(add(x3, x1), x2)), add(x2, mul(mul(sub(add(x2, exp(x1)), mul(x3, sub(x2, x4))), aq(add(x2, x1), x1)), add(exp(a), add(x2, aq(x2, x1)))))), add(exp(mul(x3, add(add(x3, x1), x2))), add(x2, aq(x2, a))))))
GPU5 stages: candidates=2500 pre_s=23.117 cheap_candidates=1879 cheap_unique=1876 cheap_s=36.152/40.000 cheap_rejected=187 cheap_a_min=-0.40114808521 cheap_a_p50=0.000207704152161 cheap_a_p95=1.85527061019 cheap_a_max=3005.54136797 exact_a_gate=0.15 exact_provisional_penalty=3928.17976309 exact_candidates=1692 exact_unique=1689 full_exact_enabled=1 exact_capacity=1200 exact_waves=134 exact_scheduled=1200 exact_deferred=480 exact_wave=1200/1200 exact_queue_depth=0 exact_pending_instances=480 exact_s=179.795 exact_ok=1200 exact_margin_max=0.479493836787 exact_scan_mean_s=0.044 exact_bisect_mean_s=0.005 exact_polish_mean_s=0.224 exact_final_mean_s=0.020 exact_margin_abs_b_max=nan cache_hits=0 cache_misses=0 cache_waits=0
345	2500 	541.048	705.679    	1051.1     	182.587	38 	112.369	280	62.5789
Best individuals of this generation:
add(mul(x1, aq(x1, add(add(x1, mul(sin(add(x2, x1)), mul(sub(a, x3), add(a, x3)))), x3))), mul(mul(sub(add(mul(x2, mul(aq(sub(add(mul(x2, mul(x1, x1)), exp(x1)), x2), add(a, x2)), sub(aq(x2, x3), x3))), exp(mul(sin(x4), x4))), mul(x3, sub(x2, x4))), aq(add(exp(a), add(x2, x1)), a)), add(add(mul(x3, add(add(x3, x1), x2)), add(x2, mul(mul(sub(add(x2, exp(x1)), mul(x3, sub(x2, x4))), aq(add(x2, x1), x1)), add(exp(a), add(x2, aq(x2, x1)))))), add(exp(mul(x3, add(add(x3, x1), x2))), add(x2, aq(x2, a))))))
GPU5 stages: candidates=2500 pre_s=23.102 cheap_candidates=1884 cheap_unique=1882 cheap_s=35.869/40.000 cheap_rejected=169 cheap_a_min=-0.400556038596 cheap_a_p50=0.000207704152086 cheap_a_p95=0.73063142473 cheap_a_max=1582.02409116 exact_a_gate=0.15 exact_provisional_penalty=3928.17976309 exact_candidates=1715 exact_unique=1713 full_exact_enabled=1 exact_capacity=1200 exact_waves=134 exact_scheduled=1200 exact_deferred=496 exact_wave=1200/1200 exact_queue_depth=0 exact_pending_instances=496 exact_s=181.195 exact_ok=1200 exact_margin_max=2.01172902228 exact_scan_mean_s=0.042 exact_bisect_mean_s=0.005 exact_polish_mean_s=0.233 exact_final_mean_s=0.023 exact_margin_abs_b_max=nan cache_hits=0 cache_misses=0 cache_waits=0
346	2500 	541.048	705.614    	1051.08    	182.617	38 	112.155	280	62.5908
Best individuals of this generation:
add(mul(x1, aq(x1, add(add(x1, mul(sin(add(x2, x1)), mul(sub(a, x3), add(a, x3)))), x3))), mul(mul(sub(add(mul(x2, mul(aq(sub(add(mul(x2, mul(x1, x1)), exp(x1)), x2), add(a, x2)), sub(aq(x2, x3), x3))), exp(mul(sin(x4), x4))), mul(x3, sub(x2, x4))), aq(add(exp(a), add(x2, x1)), a)), add(add(mul(x3, add(add(x3, x1), x2)), add(x2, mul(mul(sub(add(x2, exp(x1)), mul(x3, sub(x2, x4))), aq(add(x2, x1), x1)), add(exp(a), add(x2, aq(x2, x1)))))), add(exp(mul(x3, add(add(x3, x1), x2))), add(x2, aq(x2, a))))))
GPU5 stages: candidates=2500 pre_s=23.085 cheap_candidates=1921 cheap_unique=1919 cheap_s=37.792/40.000 cheap_rejected=194 cheap_a_min=-476.721562509 cheap_a_p50=0.000207704152614 cheap_a_p95=1.3622715178 cheap_a_max=6949.65149128 exact_a_gate=0.15 exact_provisional_penalty=3928.17976309 exact_candidates=1727 exact_unique=1725 full_exact_enabled=1 exact_capacity=1200 exact_waves=134 exact_scheduled=1200 exact_deferred=513 exact_wave=1200/1200 exact_queue_depth=0 exact_pending_instances=513 exact_s=187.240 exact_ok=1200 exact_margin_max=56.7336608371 exact_scan_mean_s=0.042 exact_bisect_mean_s=0.006 exact_polish_mean_s=0.222 exact_final_mean_s=0.027 exact_margin_abs_b_max=nan cache_hits=0 cache_misses=0 cache_waits=0
347	2500 	541.048	705.588    	1051.05    	182.62 	38 	112.076	280	62.685 
Best individuals of this generation:
add(mul(x1, aq(x1, add(add(x1, mul(sin(add(x2, x1)), mul(sub(a, x3), add(a, x3)))), x3))), mul(mul(sub(add(mul(x2, mul(aq(sub(add(mul(x2, mul(x1, x1)), exp(x1)), x2), add(a, x2)), sub(aq(x2, x3), x3))), exp(mul(sin(x4), x4))), mul(x3, sub(x2, x4))), aq(add(exp(a), add(x2, x1)), a)), add(add(mul(x3, add(add(x3, x1), x2)), add(x2, mul(mul(sub(add(x2, exp(x1)), mul(x3, sub(x2, x4))), aq(add(x2, x1), x1)), add(exp(a), add(x2, aq(x2, x1)))))), add(exp(mul(x3, add(add(x3, x1), x2))), add(x2, aq(x2, a))))))
GPU5 stages: candidates=2500 pre_s=23.081 cheap_candidates=1941 cheap_unique=1940 cheap_s=37.113/40.000 cheap_rejected=183 cheap_a_min=-0.621218704043 cheap_a_p50=0.00020770415213 cheap_a_p95=1.04359017058 cheap_a_max=735.639176816 exact_a_gate=0.15 exact_provisional_penalty=3928.17976309 exact_candidates=1758 exact_unique=1757 full_exact_enabled=1 exact_capacity=1200 exact_waves=134 exact_scheduled=1200 exact_deferred=537 exact_wave=1200/1200 exact_queue_depth=0 exact_pending_instances=538 exact_s=183.302 exact_ok=1200 exact_margin_max=3.58492484711 exact_scan_mean_s=0.042 exact_bisect_mean_s=0.005 exact_polish_mean_s=0.233 exact_final_mean_s=0.032 exact_margin_abs_b_max=nan cache_hits=0 cache_misses=0 cache_waits=0
348	2500 	541.048	705.536    	1051.03    	182.646	38 	111.984	280	62.6652
Best individuals of this generation:
add(mul(x1, aq(x1, add(add(x1, mul(sin(add(x2, x1)), mul(sub(a, x3), add(a, x3)))), x3))), mul(mul(sub(add(mul(x2, mul(aq(sub(add(mul(x2, mul(x1, x1)), exp(x1)), x2), add(a, x2)), sub(aq(x2, x3), x3))), exp(mul(sin(x4), x4))), mul(x3, sub(x2, x4))), aq(add(exp(a), add(x2, x1)), a)), add(add(mul(x3, add(add(x3, x1), x2)), add(x2, mul(mul(sub(add(x2, exp(x1)), mul(x3, sub(x2, x4))), aq(add(x2, x1), x1)), add(exp(a), add(x2, aq(x2, x1)))))), add(exp(mul(x3, add(add(x3, x1), x2))), add(x2, aq(x2, a))))))
GPU5 stages: candidates=2500 pre_s=22.921 cheap_candidates=1930 cheap_unique=1929 cheap_s=36.456/40.000 cheap_rejected=205 cheap_a_min=-1.00785537107 cheap_a_p50=0.000207704152025 cheap_a_p95=1.31626792776 cheap_a_max=3243.51611676 exact_a_gate=0.15 exact_provisional_penalty=3928.17976309 exact_candidates=1725 exact_unique=1724 full_exact_enabled=1 exact_capacity=1200 exact_waves=134 exact_scheduled=1200 exact_deferred=510 exact_wave=1200/1200 exact_queue_depth=0 exact_pending_instances=510 exact_s=183.124 exact_ok=1200 exact_margin_max=10.0847844174 exact_scan_mean_s=0.041 exact_bisect_mean_s=0.005 exact_polish_mean_s=0.228 exact_final_mean_s=0.023 exact_margin_abs_b_max=nan cache_hits=0 cache_misses=0 cache_waits=0
349	2500 	541.048	705.492    	1050.99    	182.664	38 	111.894	280	62.7215
Best individuals of this generation:
add(mul(x1, aq(x1, add(add(x1, mul(sin(add(x2, x1)), mul(sub(a, x3), add(a, x3)))), x3))), mul(mul(sub(add(mul(x2, mul(aq(sub(add(mul(x2, mul(x1, x1)), exp(x1)), x2), add(a, x2)), sub(aq(x2, x3), x3))), exp(mul(sin(x4), x4))), mul(x3, sub(x2, x4))), aq(add(exp(a), add(x2, x1)), a)), add(add(mul(x3, add(add(x3, x1), x2)), add(x2, mul(mul(sub(add(x2, exp(x1)), mul(x3, sub(x2, x4))), aq(add(x2, x1), x1)), add(exp(a), add(x2, aq(x2, x1)))))), add(exp(mul(x3, add(add(x3, x1), x2))), add(x2, aq(x2, a))))))
GPU5 stages: candidates=2500 pre_s=23.108 cheap_candidates=1895 cheap_unique=1895 cheap_s=37.601/40.000 cheap_rejected=218 cheap_a_min=-0.310467318284 cheap_a_p50=0.000207704152396 cheap_a_p95=1.95584425594 cheap_a_max=9239.41284427 exact_a_gate=0.15 exact_provisional_penalty=6445.84163673 exact_candidates=1677 exact_unique=1677 full_exact_enabled=1 exact_capacity=1200 exact_waves=134 exact_scheduled=1200 exact_deferred=464 exact_wave=1200/1200 exact_queue_depth=0 exact_pending_instances=465 exact_s=185.265 exact_ok=1200 exact_margin_max=27.36735849 exact_scan_mean_s=0.041 exact_bisect_mean_s=0.004 exact_polish_mean_s=0.239 exact_final_mean_s=0.022 exact_margin_abs_b_max=nan cache_hits=0 cache_misses=0 cache_waits=0
350	2500 	541.048	705.446    	1050.97    	182.684	38 	111.801	280	62.8342
Best individuals of this generation:
add(mul(x1, aq(x1, add(add(x1, mul(sin(add(x2, x1)), mul(sub(a, x3), add(a, x3)))), x3))), mul(mul(sub(add(mul(x2, mul(aq(sub(add(mul(x2, mul(x1, x1)), exp(x1)), x2), add(a, x2)), sub(aq(x2, x3), x3))), exp(mul(sin(x4), x4))), mul(x3, sub(x2, x4))), aq(add(exp(a), add(x2, x1)), a)), add(add(mul(x3, add(add(x3, x1), x2)), add(x2, mul(mul(sub(add(x2, exp(x1)), mul(x3, sub(x2, x4))), aq(add(x2, x1), x1)), add(exp(a), add(x2, aq(x2, x1)))))), add(exp(mul(x3, add(add(x3, x1), x2))), add(x2, aq(x2, a))))))
GPU5 stages: candidates=2500 pre_s=22.942 cheap_candidates=1927 cheap_unique=1926 cheap_s=36.186/40.000 cheap_rejected=195 cheap_a_min=-0.793833126888 cheap_a_p50=0.00020770415216 cheap_a_p95=1.30078163098 cheap_a_max=1165.86630141 exact_a_gate=0.15 exact_provisional_penalty=3928.17976309 exact_candidates=1732 exact_unique=1731 full_exact_enabled=1 exact_capacity=1200 exact_waves=134 exact_scheduled=1200 exact_deferred=517 exact_wave=1200/1200 exact_queue_depth=0 exact_pending_instances=517 exact_s=185.581 exact_ok=1200 exact_margin_max=0.678693894253 exact_scan_mean_s=0.042 exact_bisect_mean_s=0.005 exact_polish_mean_s=0.228 exact_final_mean_s=0.024 exact_margin_abs_b_max=nan cache_hits=0 cache_misses=0 cache_waits=0
351	2500 	541.048	705.387    	1050.94    	182.701	38 	111.702	280	62.816 
Best individuals of this generation:
add(mul(x1, aq(x1, add(add(x1, mul(sin(add(x2, x1)), mul(sub(a, x3), add(a, x3)))), x3))), mul(mul(sub(add(mul(x2, mul(aq(sub(add(mul(x2, mul(x1, x1)), exp(x1)), x2), add(a, x2)), sub(aq(x2, x3), x3))), exp(mul(sin(x4), x4))), mul(x3, sub(x2, x4))), aq(add(exp(a), add(x2, x1)), a)), add(add(mul(x3, add(add(x3, x1), x2)), add(x2, mul(mul(sub(add(x2, exp(x1)), mul(x3, sub(x2, x4))), aq(add(x2, x1), x1)), add(exp(a), add(x2, aq(x2, x1)))))), add(exp(mul(x3, add(add(x3, x1), x2))), add(x2, aq(x2, a))))))
GPU5 stages: candidates=2500 pre_s=23.139 cheap_candidates=1895 cheap_unique=1894 cheap_s=35.929/40.000 cheap_rejected=206 cheap_a_min=-0.539487800544 cheap_a_p50=0.000207704152031 cheap_a_p95=1.37639548752 cheap_a_max=780.777523487 exact_a_gate=0.15 exact_provisional_penalty=3928.17976309 exact_candidates=1689 exact_unique=1688 full_exact_enabled=1 exact_capacity=1200 exact_waves=134 exact_scheduled=1200 exact_deferred=475 exact_wave=1200/1200 exact_queue_depth=0 exact_pending_instances=475 exact_s=182.915 exact_ok=1200 exact_margin_max=1.82119495285 exact_scan_mean_s=0.041 exact_bisect_mean_s=0.005 exact_polish_mean_s=0.227 exact_final_mean_s=0.020 exact_margin_abs_b_max=nan cache_hits=0 cache_misses=0 cache_waits=0
352	2500 	541.048	705.308    	1050.9     	182.726	38 	111.64 	280	62.9167
Best individuals of this generation:
add(mul(x1, aq(x1, add(add(x1, mul(sin(add(x2, x1)), mul(sub(a, x3), add(a, x3)))), x3))), mul(mul(sub(add(mul(x2, mul(aq(sub(add(mul(x2, mul(x1, x1)), exp(x1)), x2), add(a, x2)), sub(aq(x2, x3), x3))), exp(mul(sin(x4), x4))), mul(x3, sub(x2, x4))), aq(add(exp(a), add(x2, x1)), a)), add(add(mul(x3, add(add(x3, x1), x2)), add(x2, mul(mul(sub(add(x2, exp(x1)), mul(x3, sub(x2, x4))), aq(add(x2, x1), x1)), add(exp(a), add(x2, aq(x2, x1)))))), add(exp(mul(x3, add(add(x3, x1), x2))), add(x2, aq(x2, a))))))
GPU5 stages: candidates=2500 pre_s=23.170 cheap_candidates=1915 cheap_unique=1914 cheap_s=35.968/40.000 cheap_rejected=194 cheap_a_min=-0.656391321376 cheap_a_p50=0.000207704152006 cheap_a_p95=1.30623876691 cheap_a_max=689.951087951 exact_a_gate=0.15 exact_provisional_penalty=3928.17976309 exact_candidates=1721 exact_unique=1720 full_exact_enabled=1 exact_capacity=1200 exact_waves=134 exact_scheduled=1200 exact_deferred=502 exact_wave=1200/1200 exact_queue_depth=0 exact_pending_instances=502 exact_s=190.138 exact_ok=1200 exact_margin_max=5.06308967441 exact_scan_mean_s=0.042 exact_bisect_mean_s=0.004 exact_polish_mean_s=0.238 exact_final_mean_s=0.021 exact_margin_abs_b_max=nan cache_hits=0 cache_misses=0 cache_waits=0
353	2500 	541.048	705.26     	1050.88    	182.751	38 	111.598	280	62.9269
Best individuals of this generation:
add(mul(x1, aq(x1, add(add(x1, mul(sin(add(x2, x1)), mul(sub(a, x3), add(a, x3)))), x3))), mul(mul(sub(add(mul(x2, mul(aq(sub(add(mul(x2, mul(x1, x1)), exp(x1)), x2), add(a, x2)), sub(aq(x2, x3), x3))), exp(mul(sin(x4), x4))), mul(x3, sub(x2, x4))), aq(add(exp(a), add(x2, x1)), a)), add(add(mul(x3, add(add(x3, x1), x2)), add(x2, mul(mul(sub(add(x2, exp(x1)), mul(x3, sub(x2, x4))), aq(add(x2, x1), x1)), add(exp(a), add(x2, aq(x2, x1)))))), add(exp(mul(x3, add(add(x3, x1), x2))), add(x2, aq(x2, a))))))
GPU5 stages: candidates=2500 pre_s=22.975 cheap_candidates=1925 cheap_unique=1924 cheap_s=35.654/40.000 cheap_rejected=197 cheap_a_min=-0.342696448923 cheap_a_p50=0.000207704152049 cheap_a_p95=1.17830800553 cheap_a_max=4020.43529245 exact_a_gate=0.15 exact_provisional_penalty=3928.17976309 exact_candidates=1728 exact_unique=1727 full_exact_enabled=1 exact_capacity=1200 exact_waves=134 exact_scheduled=1200 exact_deferred=511 exact_wave=1200/1200 exact_queue_depth=0 exact_pending_instances=511 exact_s=178.520 exact_ok=1200 exact_margin_max=67.7925709569 exact_scan_mean_s=0.042 exact_bisect_mean_s=0.005 exact_polish_mean_s=0.223 exact_final_mean_s=0.022 exact_margin_abs_b_max=nan cache_hits=0 cache_misses=0 cache_waits=0
354	2500 	541.048	705.22     	1050.87    	182.773	38 	111.456	280	62.921 
Best individuals of this generation:
add(mul(x1, aq(x1, add(add(x1, mul(sin(add(x2, x1)), mul(sub(a, x3), add(a, x3)))), x3))), mul(mul(sub(add(mul(x2, mul(aq(sub(add(mul(x2, mul(x1, x1)), exp(x1)), x2), add(a, x2)), sub(aq(x2, x3), x3))), exp(mul(sin(x4), x4))), mul(x3, sub(x2, x4))), aq(add(exp(a), add(x2, x1)), a)), add(add(mul(x3, add(add(x3, x1), x2)), add(x2, mul(mul(sub(add(x2, exp(x1)), mul(x3, sub(x2, x4))), aq(add(x2, x1), x1)), add(exp(a), add(x2, aq(x2, x1)))))), add(exp(mul(x3, add(add(x3, x1), x2))), add(x2, aq(x2, a))))))
GPU5 stages: candidates=2500 pre_s=22.867 cheap_candidates=1930 cheap_unique=1930 cheap_s=35.624/40.000 cheap_rejected=191 cheap_a_min=-0.915123203338 cheap_a_p50=0.00020770415231 cheap_a_p95=1.13240135244 cheap_a_max=3408.94390904 exact_a_gate=0.15 exact_provisional_penalty=3928.17976309 exact_candidates=1739 exact_unique=1739 full_exact_enabled=1 exact_capacity=1200 exact_waves=134 exact_scheduled=1200 exact_deferred=529 exact_wave=1200/1200 exact_queue_depth=0 exact_pending_instances=529 exact_s=180.745 exact_ok=1200 exact_margin_max=28.3962089485 exact_scan_mean_s=0.042 exact_bisect_mean_s=0.003 exact_polish_mean_s=0.222 exact_final_mean_s=0.021 exact_margin_abs_b_max=nan cache_hits=0 cache_misses=0 cache_waits=0
355	2500 	541.048	705.182    	1050.85    	182.797	38 	111.376	280	63.0328
Best individuals of this generation:
add(mul(x1, aq(x1, add(add(x1, mul(sin(add(x2, x1)), mul(sub(a, x3), add(a, x3)))), x3))), mul(mul(sub(add(mul(x2, mul(aq(sub(add(mul(x2, mul(x1, x1)), exp(x1)), x2), add(a, x2)), sub(aq(x2, x3), x3))), exp(mul(sin(x4), x4))), mul(x3, sub(x2, x4))), aq(add(exp(a), add(x2, x1)), a)), add(add(mul(x3, add(add(x3, x1), x2)), add(x2, mul(mul(sub(add(x2, exp(x1)), mul(x3, sub(x2, x4))), aq(add(x2, x1), x1)), add(exp(a), add(x2, aq(x2, x1)))))), add(exp(mul(x3, add(add(x3, x1), x2))), add(x2, aq(x2, a))))))
GPU5 stages: candidates=2500 pre_s=23.158 cheap_candidates=1884 cheap_unique=1883 cheap_s=36.685/40.000 cheap_rejected=196 cheap_a_min=-0.20091571018 cheap_a_p50=0.000207704152274 cheap_a_p95=1.23814994909 cheap_a_max=6563.87374363 exact_a_gate=0.15 exact_provisional_penalty=3928.17976309 exact_candidates=1688 exact_unique=1687 full_exact_enabled=1 exact_capacity=1200 exact_waves=134 exact_scheduled=1200 exact_deferred=473 exact_wave=1200/1200 exact_queue_depth=0 exact_pending_instances=473 exact_s=182.566 exact_ok=1200 exact_margin_max=96.697088961 exact_scan_mean_s=0.042 exact_bisect_mean_s=0.004 exact_polish_mean_s=0.225 exact_final_mean_s=0.027 exact_margin_abs_b_max=nan cache_hits=0 cache_misses=0 cache_waits=0
356	2500 	541.048	705.115    	1050.82    	182.814	38 	111.306	280	63.0549
Best individuals of this generation:
add(mul(x1, aq(x1, add(add(x1, mul(sin(add(x2, x1)), mul(sub(a, x3), add(a, x3)))), x3))), mul(mul(sub(add(mul(x2, mul(aq(sub(add(mul(x2, mul(x1, x1)), exp(x1)), x2), add(a, x2)), sub(aq(x2, x3), x3))), exp(mul(sin(x4), x4))), mul(x3, sub(x2, x4))), aq(add(exp(a), add(x2, x1)), a)), add(add(mul(x3, add(add(x3, x1), x2)), add(x2, mul(mul(sub(add(x2, exp(x1)), mul(x3, sub(x2, x4))), aq(add(x2, x1), x1)), add(exp(a), add(x2, aq(x2, x1)))))), add(exp(mul(x3, add(add(x3, x1), x2))), add(x2, aq(x2, a))))))
GPU5 stages: candidates=2500 pre_s=23.016 cheap_candidates=1938 cheap_unique=1937 cheap_s=37.035/40.000 cheap_rejected=205 cheap_a_min=-0.391476727283 cheap_a_p50=0.000207704152021 cheap_a_p95=1.38890160551 cheap_a_max=3606.59923085 exact_a_gate=0.15 exact_provisional_penalty=3928.17976309 exact_candidates=1733 exact_unique=1732 full_exact_enabled=1 exact_capacity=1200 exact_waves=134 exact_scheduled=1200 exact_deferred=517 exact_wave=1200/1200 exact_queue_depth=0 exact_pending_instances=517 exact_s=183.067 exact_ok=1200 exact_margin_max=77.6971481652 exact_scan_mean_s=0.042 exact_bisect_mean_s=0.005 exact_polish_mean_s=0.228 exact_final_mean_s=0.023 exact_margin_abs_b_max=nan cache_hits=0 cache_misses=0 cache_waits=0
357	2500 	541.048	705.052    	1050.79    	182.823	38 	111.257	280	63.024 
Best individuals of this generation:
add(mul(x1, aq(x1, add(add(x1, mul(sin(add(x2, x1)), mul(sub(a, x3), add(a, x3)))), x3))), mul(mul(sub(add(mul(x2, mul(aq(sub(add(mul(x2, mul(x1, x1)), exp(x1)), x2), add(a, x2)), sub(aq(x2, x3), x3))), exp(mul(sin(x4), x4))), mul(x3, sub(x2, x4))), aq(add(exp(a), add(x2, x1)), a)), add(add(mul(x3, add(add(x3, x1), x2)), add(x2, mul(mul(sub(add(x2, exp(x1)), mul(x3, sub(x2, x4))), aq(add(x2, x1), x1)), add(exp(a), add(x2, aq(x2, x1)))))), add(exp(mul(x3, add(add(x3, x1), x2))), add(x2, aq(x2, a))))))
GPU5 stages: candidates=2500 pre_s=22.745 cheap_candidates=1872 cheap_unique=1870 cheap_s=34.297/40.000 cheap_rejected=176 cheap_a_min=-0.942057107949 cheap_a_p50=0.000207704152013 cheap_a_p95=0.988336696751 cheap_a_max=2049.42073347 exact_a_gate=0.15 exact_provisional_penalty=3928.17976309 exact_candidates=1696 exact_unique=1694 full_exact_enabled=1 exact_capacity=1200 exact_waves=134 exact_scheduled=1200 exact_deferred=485 exact_wave=1200/1200 exact_queue_depth=0 exact_pending_instances=485 exact_s=180.148 exact_ok=1200 exact_margin_max=0.0376001768036 exact_scan_mean_s=0.041 exact_bisect_mean_s=0.005 exact_polish_mean_s=0.222 exact_final_mean_s=0.021 exact_margin_abs_b_max=nan cache_hits=0 cache_misses=0 cache_waits=0
358	2500 	541.048	705.019    	1050.79    	182.831	38 	111.192	280	63.1016
Best individuals of this generation:
add(mul(x1, aq(x1, add(add(x1, mul(sin(add(x2, x1)), mul(sub(a, x3), add(a, x3)))), x3))), mul(mul(sub(add(mul(x2, mul(aq(sub(add(mul(x2, mul(x1, x1)), exp(x1)), x2), add(a, x2)), sub(aq(x2, x3), x3))), exp(mul(sin(x4), x4))), mul(x3, sub(x2, x4))), aq(add(exp(a), add(x2, x1)), a)), add(add(mul(x3, add(add(x3, x1), x2)), add(x2, mul(mul(sub(add(x2, exp(x1)), mul(x3, sub(x2, x4))), aq(add(x2, x1), x1)), add(exp(a), add(x2, aq(x2, x1)))))), add(exp(mul(x3, add(add(x3, x1), x2))), add(x2, aq(x2, a))))))
GPU5 stages: candidates=2500 pre_s=22.891 cheap_candidates=1930 cheap_unique=1929 cheap_s=35.957/40.000 cheap_rejected=191 cheap_a_min=-0.808200521416 cheap_a_p50=0.000207704152089 cheap_a_p95=1.0602690777 cheap_a_max=529.967968089 exact_a_gate=0.15 exact_provisional_penalty=3928.17976309 exact_candidates=1739 exact_unique=1738 full_exact_enabled=1 exact_capacity=1200 exact_waves=134 exact_scheduled=1200 exact_deferred=517 exact_wave=1200/1200 exact_queue_depth=0 exact_pending_instances=517 exact_s=181.440 exact_ok=1200 exact_margin_max=298.424696283 exact_scan_mean_s=0.041 exact_bisect_mean_s=0.004 exact_polish_mean_s=0.227 exact_final_mean_s=0.020 exact_margin_abs_b_max=nan cache_hits=0 cache_misses=0 cache_waits=0
359	2500 	541.048	704.956    	1050.77    	182.837	38 	111.2  	280	63.0747
Best individuals of this generation:
add(mul(x1, aq(x1, add(add(x1, mul(sin(add(x2, x1)), mul(sub(a, x3), add(a, x3)))), x3))), mul(mul(sub(add(mul(x2, mul(aq(sub(add(mul(x2, mul(x1, x1)), exp(x1)), x2), add(a, x2)), sub(aq(x2, x3), x3))), exp(mul(sin(x4), x4))), mul(x3, sub(x2, x4))), aq(add(exp(a), add(x2, x1)), a)), add(add(mul(x3, add(add(x3, x1), x2)), add(x2, mul(mul(sub(add(x2, exp(x1)), mul(x3, sub(x2, x4))), aq(add(x2, x1), x1)), add(exp(a), add(x2, aq(x2, x1)))))), add(exp(mul(x3, add(add(x3, x1), x2))), add(x2, aq(x2, a))))))
GPU5 stages: candidates=2500 pre_s=23.175 cheap_candidates=1912 cheap_unique=1912 cheap_s=35.426/40.000 cheap_rejected=189 cheap_a_min=-0.236281966648 cheap_a_p50=0.000207704151985 cheap_a_p95=0.921342864196 cheap_a_max=944.850181154 exact_a_gate=0.15 exact_provisional_penalty=3928.17976309 exact_candidates=1723 exact_unique=1723 full_exact_enabled=1 exact_capacity=1200 exact_waves=134 exact_scheduled=1200 exact_deferred=512 exact_wave=1200/1200 exact_queue_depth=0 exact_pending_instances=512 exact_s=182.214 exact_ok=1200 exact_margin_max=38.4696843603 exact_scan_mean_s=0.041 exact_bisect_mean_s=0.005 exact_polish_mean_s=0.227 exact_final_mean_s=0.029 exact_margin_abs_b_max=nan cache_hits=0 cache_misses=0 cache_waits=0
360	2500 	541.048	704.905    	1050.74    	182.853	38 	111.222	280	62.9853
Best individuals of this generation:
add(mul(x1, aq(x1, add(add(x1, mul(sin(add(x2, x1)), mul(sub(a, x3), add(a, x3)))), x3))), mul(mul(sub(add(mul(x2, mul(aq(sub(add(mul(x2, mul(x1, x1)), exp(x1)), x2), add(a, x2)), sub(aq(x2, x3), x3))), exp(mul(sin(x4), x4))), mul(x3, sub(x2, x4))), aq(add(exp(a), add(x2, x1)), a)), add(add(mul(x3, add(add(x3, x1), x2)), add(x2, mul(mul(sub(add(x2, exp(x1)), mul(x3, sub(x2, x4))), aq(add(x2, x1), x1)), add(exp(a), add(x2, aq(x2, x1)))))), add(exp(mul(x3, add(add(x3, x1), x2))), add(x2, aq(x2, a))))))
GPU5 stages: candidates=2500 pre_s=22.801 cheap_candidates=1898 cheap_unique=1897 cheap_s=35.656/40.000 cheap_rejected=199 cheap_a_min=-0.61654803794 cheap_a_p50=0.000207704151835 cheap_a_p95=1.20659541463 cheap_a_max=847.845934746 exact_a_gate=0.15 exact_provisional_penalty=3928.17976309 exact_candidates=1699 exact_unique=1698 full_exact_enabled=1 exact_capacity=1200 exact_waves=134 exact_scheduled=1200 exact_deferred=485 exact_wave=1200/1200 exact_queue_depth=0 exact_pending_instances=485 exact_s=185.866 exact_ok=1200 exact_margin_max=2.01925092255 exact_scan_mean_s=0.043 exact_bisect_mean_s=0.004 exact_polish_mean_s=0.233 exact_final_mean_s=0.018 exact_margin_abs_b_max=nan cache_hits=0 cache_misses=0 cache_waits=0
361	2500 	540.147	704.849    	1050.73    	182.87 	38 	111.302	281	62.9423
Best individuals of this generation:
add(mul(x1, aq(x1, add(add(x1, mul(sin(add(x2, x1)), mul(sub(sub(add(x2, exp(x1)), mul(x3, sub(x2, x4))), x3), add(a, a)))), x3))), mul(mul(sub(add(x1, exp(mul(sin(x4), x4))), mul(x3, sub(x2, x4))), aq(add(exp(a), add(x2, x1)), a)), add(add(mul(x3, add(add(x3, x1), x2)), add(x2, mul(mul(sub(add(mul(x2, mul(x3, x2)), exp(x1)), mul(x3, sub(x2, x4))), aq(add(x2, x1), x1)), add(exp(a), add(x2, aq(x2, x1)))))), add(exp(a), aq(add(mul(x3, x3), x1), x1)))))
GPU5 stages: candidates=2500 pre_s=23.031 cheap_candidates=1929 cheap_unique=1928 cheap_s=36.218/40.000 cheap_rejected=184 cheap_a_min=-0.616051672129 cheap_a_p50=0.000207704150773 cheap_a_p95=0.733082432122 cheap_a_max=5037.41962265 exact_a_gate=0.15 exact_provisional_penalty=3928.17976309 exact_candidates=1745 exact_unique=1744 full_exact_enabled=1 exact_capacity=1200 exact_waves=134 exact_scheduled=1200 exact_deferred=531 exact_wave=1200/1200 exact_queue_depth=0 exact_pending_instances=531 exact_s=183.421 exact_ok=1200 exact_margin_max=1.69346007074 exact_scan_mean_s=0.042 exact_bisect_mean_s=0.004 exact_polish_mean_s=0.235 exact_final_mean_s=0.015 exact_margin_abs_b_max=nan cache_hits=0 cache_misses=0 cache_waits=0
362	2500 	540.147	704.778    	1050.69    	182.872	38 	111.561	281	62.8957
Best individuals of this generation:
add(mul(x1, aq(x1, add(add(x1, mul(sin(add(x2, x1)), mul(sub(sub(add(x2, exp(x1)), mul(x3, sub(x2, x4))), x3), add(a, a)))), x3))), mul(mul(sub(add(x1, exp(mul(sin(x4), x4))), mul(x3, sub(x2, x4))), aq(add(exp(a), add(x2, x1)), a)), add(add(mul(x3, add(add(x3, x1), x2)), add(x2, mul(mul(sub(add(mul(x2, mul(x3, x2)), exp(x1)), mul(x3, sub(x2, x4))), aq(add(x2, x1), x1)), add(exp(a), add(x2, aq(x2, x1)))))), add(exp(a), aq(add(mul(x3, x3), x1), x1)))))
GPU5 stages: candidates=2500 pre_s=23.005 cheap_candidates=1919 cheap_unique=1919 cheap_s=37.565/40.000 cheap_rejected=200 cheap_a_min=-0.354364683278 cheap_a_p50=0.000207704150187 cheap_a_p95=1.31072859963 cheap_a_max=4587.80549834 exact_a_gate=0.15 exact_provisional_penalty=3928.17976309 exact_candidates=1719 exact_unique=1719 full_exact_enabled=1 exact_capacity=1200 exact_waves=134 exact_scheduled=1200 exact_deferred=508 exact_wave=1200/1200 exact_queue_depth=0 exact_pending_instances=508 exact_s=190.247 exact_ok=1200 exact_margin_max=10.4303887807 exact_scan_mean_s=0.044 exact_bisect_mean_s=0.005 exact_polish_mean_s=0.246 exact_final_mean_s=0.015 exact_margin_abs_b_max=nan cache_hits=0 cache_misses=0 cache_waits=0
363	2500 	540.147	704.691    	1050.66    	182.867	38 	111.76 	281	62.6565
Best individuals of this generation:
add(mul(x1, aq(x1, add(add(x1, mul(sin(add(x2, x1)), mul(sub(sub(add(x2, exp(x1)), mul(x3, sub(x2, x4))), x3), add(a, a)))), x3))), mul(mul(sub(add(x1, exp(mul(sin(x4), x4))), mul(x3, sub(x2, x4))), aq(add(exp(a), add(x2, x1)), a)), add(add(mul(x3, add(add(x3, x1), x2)), add(x2, mul(mul(sub(add(mul(x2, mul(x3, x2)), exp(x1)), mul(x3, sub(x2, x4))), aq(add(x2, x1), x1)), add(exp(a), add(x2, aq(x2, x1)))))), add(exp(a), aq(add(mul(x3, x3), x1), x1)))))
GPU5 stages: candidates=2500 pre_s=22.966 cheap_candidates=1872 cheap_unique=1871 cheap_s=36.360/40.000 cheap_rejected=198 cheap_a_min=-0.2808110164 cheap_a_p50=0.000207877123891 cheap_a_p95=1.11506013061 cheap_a_max=2274.541877 exact_a_gate=0.15 exact_provisional_penalty=3928.17976309 exact_candidates=1674 exact_unique=1673 full_exact_enabled=1 exact_capacity=1200 exact_waves=134 exact_scheduled=1200 exact_deferred=457 exact_wave=1200/1200 exact_queue_depth=0 exact_pending_instances=458 exact_s=182.709 exact_ok=1200 exact_margin_max=0.688115488168 exact_scan_mean_s=0.042 exact_bisect_mean_s=0.005 exact_polish_mean_s=0.239 exact_final_mean_s=0.016 exact_margin_abs_b_max=nan cache_hits=0 cache_misses=0 cache_waits=0
364	2500 	540.147	704.625    	1050.62    	182.886	38 	112.012	281	62.4423
Best individuals of this generation:
add(mul(x1, aq(x1, add(add(x1, mul(sin(add(x2, x1)), mul(sub(sub(add(x2, exp(x1)), mul(x3, sub(x2, x4))), x3), add(a, a)))), x3))), mul(mul(sub(add(x1, exp(mul(sin(x4), x4))), mul(x3, sub(x2, x4))), aq(add(exp(a), add(x2, x1)), a)), add(add(mul(x3, add(add(x3, x1), x2)), add(x2, mul(mul(sub(add(mul(x2, mul(x3, x2)), exp(x1)), mul(x3, sub(x2, x4))), aq(add(x2, x1), x1)), add(exp(a), add(x2, aq(x2, x1)))))), add(exp(a), aq(add(mul(x3, x3), x1), x1)))))
GPU5 stages: candidates=2500 pre_s=23.025 cheap_candidates=1943 cheap_unique=1943 cheap_s=36.380/40.000 cheap_rejected=179 cheap_a_min=-1.53839163295 cheap_a_p50=0.000203008601405 cheap_a_p95=0.730276461964 cheap_a_max=5542.53565507 exact_a_gate=0.15 exact_provisional_penalty=3928.17976309 exact_candidates=1764 exact_unique=1764 full_exact_enabled=1 exact_capacity=1200 exact_waves=134 exact_scheduled=1200 exact_deferred=547 exact_wave=1200/1200 exact_queue_depth=0 exact_pending_instances=547 exact_s=185.683 exact_ok=1200 exact_margin_max=195.451555912 exact_scan_mean_s=0.044 exact_bisect_mean_s=0.005 exact_polish_mean_s=0.236 exact_final_mean_s=0.017 exact_margin_abs_b_max=nan cache_hits=0 cache_misses=0 cache_waits=0
365	2500 	540.147	704.553    	1050.6     	182.89 	38 	112.446	281	62.2162
Best individuals of this generation:
add(mul(x1, aq(x1, add(add(x1, mul(sin(add(x2, x1)), mul(sub(sub(add(x2, exp(x1)), mul(x3, sub(x2, x4))), x3), add(a, a)))), x3))), mul(mul(sub(add(x1, exp(mul(sin(x4), x4))), mul(x3, sub(x2, x4))), aq(add(exp(a), add(x2, x1)), a)), add(add(mul(x3, add(add(x3, x1), x2)), add(x2, mul(mul(sub(add(mul(x2, mul(x3, x2)), exp(x1)), mul(x3, sub(x2, x4))), aq(add(x2, x1), x1)), add(exp(a), add(x2, aq(x2, x1)))))), add(exp(a), aq(add(mul(x3, x3), x1), x1)))))
GPU5 stages: candidates=2500 pre_s=23.246 cheap_candidates=1908 cheap_unique=1908 cheap_s=35.894/40.000 cheap_rejected=208 cheap_a_min=-0.390033361051 cheap_a_p50=0.000194800175787 cheap_a_p95=1.4756839793 cheap_a_max=5183.00534779 exact_a_gate=0.15 exact_provisional_penalty=3928.17976309 exact_candidates=1700 exact_unique=1700 full_exact_enabled=1 exact_capacity=1200 exact_waves=134 exact_scheduled=1200 exact_deferred=489 exact_wave=1200/1200 exact_queue_depth=0 exact_pending_instances=489 exact_s=186.319 exact_ok=1200 exact_margin_max=48.9722895337 exact_scan_mean_s=0.043 exact_bisect_mean_s=0.007 exact_polish_mean_s=0.228 exact_final_mean_s=0.021 exact_margin_abs_b_max=nan cache_hits=0 cache_misses=0 cache_waits=0
366	2500 	540.147	704.477    	1050.58    	182.89 	40 	112.85 	281	61.8917
Best individuals of this generation:
add(mul(x1, aq(x1, add(add(x1, mul(sin(add(x2, x1)), mul(sub(sub(add(x2, exp(x1)), mul(x3, sub(x2, x4))), x3), add(a, a)))), x3))), mul(mul(sub(add(x1, exp(mul(sin(x4), x4))), mul(x3, sub(x2, x4))), aq(add(exp(a), add(x2, x1)), a)), add(add(mul(x3, add(add(x3, x1), x2)), add(x2, mul(mul(sub(add(mul(x2, mul(x3, x2)), exp(x1)), mul(x3, sub(x2, x4))), aq(add(x2, x1), x1)), add(exp(a), add(x2, aq(x2, x1)))))), add(exp(a), aq(add(mul(x3, x3), x1), x1)))))
GPU5 stages: candidates=2500 pre_s=23.176 cheap_candidates=1907 cheap_unique=1904 cheap_s=35.805/40.000 cheap_rejected=191 cheap_a_min=-0.392924160039 cheap_a_p50=0.000141586608954 cheap_a_p95=1.38742461571 cheap_a_max=4064.43815839 exact_a_gate=0.15 exact_provisional_penalty=3928.17976309 exact_candidates=1716 exact_unique=1713 full_exact_enabled=1 exact_capacity=1200 exact_waves=134 exact_scheduled=1200 exact_deferred=501 exact_wave=1200/1200 exact_queue_depth=0 exact_pending_instances=501 exact_s=186.852 exact_ok=1200 exact_margin_max=13.0144804176 exact_scan_mean_s=0.042 exact_bisect_mean_s=0.006 exact_polish_mean_s=0.234 exact_final_mean_s=0.019 exact_margin_abs_b_max=nan cache_hits=0 cache_misses=0 cache_waits=0
367	2500 	540.147	704.39     	1050.55    	182.866	40 	113.276	281	61.4597
Best individuals of this generation:
add(mul(x1, aq(x1, add(add(x1, mul(sin(add(x2, x1)), mul(sub(sub(add(x2, exp(x1)), mul(x3, sub(x2, x4))), x3), add(a, a)))), x3))), mul(mul(sub(add(x1, exp(mul(sin(x4), x4))), mul(x3, sub(x2, x4))), aq(add(exp(a), add(x2, x1)), a)), add(add(mul(x3, add(add(x3, x1), x2)), add(x2, mul(mul(sub(add(mul(x2, mul(x3, x2)), exp(x1)), mul(x3, sub(x2, x4))), aq(add(x2, x1), x1)), add(exp(a), add(x2, aq(x2, x1)))))), add(exp(a), aq(add(mul(x3, x3), x1), x1)))))
GPU5 stages: candidates=2500 pre_s=22.963 cheap_candidates=1869 cheap_unique=1868 cheap_s=35.132/40.000 cheap_rejected=197 cheap_a_min=-0.688241540977 cheap_a_p50=0.000119608925516 cheap_a_p95=1.0112717552 cheap_a_max=7846.29371729 exact_a_gate=0.15 exact_provisional_penalty=3928.17976309 exact_candidates=1672 exact_unique=1671 full_exact_enabled=1 exact_capacity=1200 exact_waves=134 exact_scheduled=1200 exact_deferred=457 exact_wave=1200/1200 exact_queue_depth=0 exact_pending_instances=458 exact_s=180.758 exact_ok=1200 exact_margin_max=0.0669747141432 exact_scan_mean_s=0.041 exact_bisect_mean_s=0.006 exact_polish_mean_s=0.234 exact_final_mean_s=0.020 exact_margin_abs_b_max=nan cache_hits=0 cache_misses=0 cache_waits=0
368	2500 	540.147	704.322    	1050.5     	182.837	40 	113.47 	281	61.3212
Best individuals of this generation:
add(mul(x1, aq(x1, add(add(x1, mul(sin(add(x2, x1)), mul(sub(sub(add(x2, exp(x1)), mul(x3, sub(x2, x4))), x3), add(a, a)))), x3))), mul(mul(sub(add(x1, exp(mul(sin(x4), x4))), mul(x3, sub(x2, x4))), aq(add(exp(a), add(x2, x1)), a)), add(add(mul(x3, add(add(x3, x1), x2)), add(x2, mul(mul(sub(add(mul(x2, mul(x3, x2)), exp(x1)), mul(x3, sub(x2, x4))), aq(add(x2, x1), x1)), add(exp(a), add(x2, aq(x2, x1)))))), add(exp(a), aq(add(mul(x3, x3), x1), x1)))))
GPU5 stages: candidates=2500 pre_s=22.859 cheap_candidates=1844 cheap_unique=1843 cheap_s=35.214/40.000 cheap_rejected=216 cheap_a_min=-0.213975817304 cheap_a_p50=0.000194485874121 cheap_a_p95=1.73085579749 cheap_a_max=904.630275585 exact_a_gate=0.15 exact_provisional_penalty=3928.17976309 exact_candidates=1628 exact_unique=1627 full_exact_enabled=1 exact_capacity=1200 exact_waves=134 exact_scheduled=1200 exact_deferred=416 exact_wave=1200/1200 exact_queue_depth=0 exact_pending_instances=416 exact_s=184.286 exact_ok=1200 exact_margin_max=17.4149445816 exact_scan_mean_s=0.042 exact_bisect_mean_s=0.005 exact_polish_mean_s=0.232 exact_final_mean_s=0.013 exact_margin_abs_b_max=nan cache_hits=0 cache_misses=0 cache_waits=0
369	2500 	540.147	704.245    	1050.49    	182.857	40 	113.212	281	61.3268
Best individuals of this generation:
add(mul(x1, aq(x1, add(add(x1, mul(sin(add(x2, x1)), mul(sub(sub(add(x2, exp(x1)), mul(x3, sub(x2, x4))), x3), add(a, a)))), x3))), mul(mul(sub(add(x1, exp(mul(sin(x4), x4))), mul(x3, sub(x2, x4))), aq(add(exp(a), add(x2, x1)), a)), add(add(mul(x3, add(add(x3, x1), x2)), add(x2, mul(mul(sub(add(mul(x2, mul(x3, x2)), exp(x1)), mul(x3, sub(x2, x4))), aq(add(x2, x1), x1)), add(exp(a), add(x2, aq(x2, x1)))))), add(exp(a), aq(add(mul(x3, x3), x1), x1)))))
GPU5 stages: candidates=2500 pre_s=22.911 cheap_candidates=1904 cheap_unique=1900 cheap_s=36.635/40.000 cheap_rejected=203 cheap_a_min=-0.21184434281 cheap_a_p50=0.000141788427945 cheap_a_p95=1.15721598016 cheap_a_max=3508.94899531 exact_a_gate=0.15 exact_provisional_penalty=3928.17976309 exact_candidates=1701 exact_unique=1697 full_exact_enabled=1 exact_capacity=1200 exact_waves=134 exact_scheduled=1200 exact_deferred=474 exact_wave=1200/1200 exact_queue_depth=0 exact_pending_instances=474 exact_s=187.601 exact_ok=1200 exact_margin_max=4.52588712165 exact_scan_mean_s=0.041 exact_bisect_mean_s=0.003 exact_polish_mean_s=0.232 exact_final_mean_s=0.020 exact_margin_abs_b_max=nan cache_hits=0 cache_misses=0 cache_waits=0
370	2500 	540.147	704.211    	1050.48    	182.861	40 	112.86 	281	61.3941
Best individuals of this generation:
add(mul(x1, aq(x1, add(add(x1, mul(sin(add(x2, x1)), mul(sub(sub(add(x2, exp(x1)), mul(x3, sub(x2, x4))), x3), add(a, a)))), x3))), mul(mul(sub(add(x1, exp(mul(sin(x4), x4))), mul(x3, sub(x2, x4))), aq(add(exp(a), add(x2, x1)), a)), add(add(mul(x3, add(add(x3, x1), x2)), add(x2, mul(mul(sub(add(mul(x2, mul(x3, x2)), exp(x1)), mul(x3, sub(x2, x4))), aq(add(x2, x1), x1)), add(exp(a), add(x2, aq(x2, x1)))))), add(exp(a), aq(add(mul(x3, x3), x1), x1)))))
GPU5 stages: candidates=2500 pre_s=22.803 cheap_candidates=1928 cheap_unique=1927 cheap_s=35.571/40.000 cheap_rejected=204 cheap_a_min=-1.2105235294 cheap_a_p50=0.000182377440093 cheap_a_p95=1.30703711855 cheap_a_max=7211.10606498 exact_a_gate=0.15 exact_provisional_penalty=3928.17976309 exact_candidates=1724 exact_unique=1723 full_exact_enabled=1 exact_capacity=1200 exact_waves=134 exact_scheduled=1200 exact_deferred=506 exact_wave=1200/1200 exact_queue_depth=0 exact_pending_instances=506 exact_s=178.083 exact_ok=1200 exact_margin_max=0.123929840811 exact_scan_mean_s=0.041 exact_bisect_mean_s=0.005 exact_polish_mean_s=0.230 exact_final_mean_s=0.017 exact_margin_abs_b_max=nan cache_hits=0 cache_misses=0 cache_waits=0
371	2500 	540.147	704.16     	1050.45    	182.854	40 	112.668	281	61.4634
Best individuals of this generation:
add(mul(x1, aq(x1, add(add(x1, mul(sin(add(x2, x1)), mul(sub(sub(add(x2, exp(x1)), mul(x3, sub(x2, x4))), x3), add(a, a)))), x3))), mul(mul(sub(add(x1, exp(mul(sin(x4), x4))), mul(x3, sub(x2, x4))), aq(add(exp(a), add(x2, x1)), a)), add(add(mul(x3, add(add(x3, x1), x2)), add(x2, mul(mul(sub(add(mul(x2, mul(x3, x2)), exp(x1)), mul(x3, sub(x2, x4))), aq(add(x2, x1), x1)), add(exp(a), add(x2, aq(x2, x1)))))), add(exp(a), aq(add(mul(x3, x3), x1), x1)))))
GPU5 stages: candidates=2500 pre_s=23.155 cheap_candidates=1937 cheap_unique=1936 cheap_s=35.241/40.000 cheap_rejected=214 cheap_a_min=-2789.93794098 cheap_a_p50=0.000133339374737 cheap_a_p95=1.30904100339 cheap_a_max=18101.307413 exact_a_gate=0.15 exact_provisional_penalty=3928.17976309 exact_candidates=1723 exact_unique=1722 full_exact_enabled=1 exact_capacity=1200 exact_waves=134 exact_scheduled=1200 exact_deferred=508 exact_wave=1200/1200 exact_queue_depth=0 exact_pending_instances=508 exact_s=186.759 exact_ok=1200 exact_margin_max=0.155056510219 exact_scan_mean_s=0.043 exact_bisect_mean_s=0.005 exact_polish_mean_s=0.234 exact_final_mean_s=0.018 exact_margin_abs_b_max=nan cache_hits=0 cache_misses=0 cache_waits=0
372	2500 	540.147	704.095    	1050.42    	182.857	40 	112.546	281	61.5653
Best individuals of this generation:
add(mul(x1, aq(x1, add(add(x1, mul(sin(add(x2, x1)), mul(sub(sub(add(x2, exp(x1)), mul(x3, sub(x2, x4))), x3), add(a, a)))), x3))), mul(mul(sub(add(x1, exp(mul(sin(x4), x4))), mul(x3, sub(x2, x4))), aq(add(exp(a), add(x2, x1)), a)), add(add(mul(x3, add(add(x3, x1), x2)), add(x2, mul(mul(sub(add(mul(x2, mul(x3, x2)), exp(x1)), mul(x3, sub(x2, x4))), aq(add(x2, x1), x1)), add(exp(a), add(x2, aq(x2, x1)))))), add(exp(a), aq(add(mul(x3, x3), x1), x1)))))
GPU5 stages: candidates=2500 pre_s=23.050 cheap_candidates=1872 cheap_unique=1871 cheap_s=35.937/40.000 cheap_rejected=196 cheap_a_min=-0.714341241691 cheap_a_p50=0.000164250055939 cheap_a_p95=0.88227559271 cheap_a_max=576.533874781 exact_a_gate=0.15 exact_provisional_penalty=3928.17976309 exact_candidates=1676 exact_unique=1675 full_exact_enabled=1 exact_capacity=1200 exact_waves=134 exact_scheduled=1200 exact_deferred=459 exact_wave=1200/1200 exact_queue_depth=0 exact_pending_instances=460 exact_s=184.455 exact_ok=1200 exact_margin_max=44.7442362596 exact_scan_mean_s=0.042 exact_bisect_mean_s=0.006 exact_polish_mean_s=0.235 exact_final_mean_s=0.014 exact_margin_abs_b_max=nan cache_hits=0 cache_misses=0 cache_waits=0
373	2500 	540.147	704.063    	1050.35    	182.851	40 	112.391	281	61.5947
Best individuals of this generation:
add(mul(x1, aq(x1, add(add(x1, mul(sin(add(x2, x1)), mul(sub(sub(add(x2, exp(x1)), mul(x3, sub(x2, x4))), x3), add(a, a)))), x3))), mul(mul(sub(add(x1, exp(mul(sin(x4), x4))), mul(x3, sub(x2, x4))), aq(add(exp(a), add(x2, x1)), a)), add(add(mul(x3, add(add(x3, x1), x2)), add(x2, mul(mul(sub(add(mul(x2, mul(x3, x2)), exp(x1)), mul(x3, sub(x2, x4))), aq(add(x2, x1), x1)), add(exp(a), add(x2, aq(x2, x1)))))), add(exp(a), aq(add(mul(x3, x3), x1), x1)))))
GPU5 stages: candidates=2500 pre_s=23.048 cheap_candidates=1871 cheap_unique=1868 cheap_s=34.967/40.000 cheap_rejected=204 cheap_a_min=-0.327813282096 cheap_a_p50=0.000186905672701 cheap_a_p95=1.31984937915 cheap_a_max=2438.53887879 exact_a_gate=0.15 exact_provisional_penalty=3928.17976309 exact_candidates=1667 exact_unique=1664 full_exact_enabled=1 exact_capacity=1200 exact_waves=134 exact_scheduled=1200 exact_deferred=442 exact_wave=1200/1200 exact_queue_depth=0 exact_pending_instances=442 exact_s=185.641 exact_ok=1200 exact_margin_max=2.32389394653 exact_scan_mean_s=0.042 exact_bisect_mean_s=0.007 exact_polish_mean_s=0.239 exact_final_mean_s=0.016 exact_margin_abs_b_max=nan cache_hits=0 cache_misses=0 cache_waits=0
374	2500 	540.147	704.01     	1050.32    	182.846	40 	112.201	281	61.6606
Best individuals of this generation:
add(mul(x1, aq(x1, add(add(x1, mul(sin(add(x2, x1)), mul(sub(sub(add(x2, exp(x1)), mul(x3, sub(x2, x4))), x3), add(a, a)))), x3))), mul(mul(sub(add(x1, exp(mul(sin(x4), x4))), mul(x3, sub(x2, x4))), aq(add(exp(a), add(x2, x1)), a)), add(add(mul(x3, add(add(x3, x1), x2)), add(x2, mul(mul(sub(add(mul(x2, mul(x3, x2)), exp(x1)), mul(x3, sub(x2, x4))), aq(add(x2, x1), x1)), add(exp(a), add(x2, aq(x2, x1)))))), add(exp(a), aq(add(mul(x3, x3), x1), x1)))))
GPU5 stages: candidates=2500 pre_s=22.824 cheap_candidates=1860 cheap_unique=1860 cheap_s=36.268/40.000 cheap_rejected=197 cheap_a_min=-1666.95030686 cheap_a_p50=0.000212795781281 cheap_a_p95=1.12733867669 cheap_a_max=4717.47423849 exact_a_gate=0.15 exact_provisional_penalty=3928.17976309 exact_candidates=1663 exact_unique=1663 full_exact_enabled=1 exact_capacity=1200 exact_waves=134 exact_scheduled=1200 exact_deferred=444 exact_wave=1200/1200 exact_queue_depth=0 exact_pending_instances=446 exact_s=188.153 exact_ok=1200 exact_margin_max=393.493532499 exact_scan_mean_s=0.044 exact_bisect_mean_s=0.005 exact_polish_mean_s=0.236 exact_final_mean_s=0.014 exact_margin_abs_b_max=nan cache_hits=0 cache_misses=0 cache_waits=0
375	2500 	540.147	703.952    	1050.28    	182.838	40 	112.095	281	61.6778
Best individuals of this generation:
add(mul(x1, aq(x1, add(add(x1, mul(sin(add(x2, x1)), mul(sub(sub(add(x2, exp(x1)), mul(x3, sub(x2, x4))), x3), add(a, a)))), x3))), mul(mul(sub(add(x1, exp(mul(sin(x4), x4))), mul(x3, sub(x2, x4))), aq(add(exp(a), add(x2, x1)), a)), add(add(mul(x3, add(add(x3, x1), x2)), add(x2, mul(mul(sub(add(mul(x2, mul(x3, x2)), exp(x1)), mul(x3, sub(x2, x4))), aq(add(x2, x1), x1)), add(exp(a), add(x2, aq(x2, x1)))))), add(exp(a), aq(add(mul(x3, x3), x1), x1)))))
GPU5 stages: candidates=2500 pre_s=28.018 cheap_candidates=1894 cheap_unique=1893 cheap_s=36.988/40.000 cheap_rejected=207 cheap_a_min=-0.76099688995 cheap_a_p50=0.000208429480357 cheap_a_p95=1.23787806805 cheap_a_max=2605.44231751 exact_a_gate=0.15 exact_provisional_penalty=3928.17976309 exact_candidates=1687 exact_unique=1686 full_exact_enabled=1 exact_capacity=1200 exact_waves=134 exact_scheduled=1200 exact_deferred=468 exact_wave=1200/1200 exact_queue_depth=0 exact_pending_instances=468 exact_s=189.217 exact_ok=1200 exact_margin_max=239.749316714 exact_scan_mean_s=0.044 exact_bisect_mean_s=0.003 exact_polish_mean_s=0.240 exact_final_mean_s=0.013 exact_margin_abs_b_max=nan cache_hits=0 cache_misses=0 cache_waits=0
376	2500 	540.147	703.909    	1050.25    	182.822	40 	111.994	280	61.5316
Best individuals of this generation:
add(mul(x1, aq(x1, add(add(x1, mul(sin(add(x2, x1)), mul(sub(sub(add(x2, exp(x1)), mul(x3, sub(x2, x4))), x3), add(a, a)))), x3))), mul(mul(sub(add(x1, exp(mul(sin(x4), x4))), mul(x3, sub(x2, x4))), aq(add(exp(a), add(x2, x1)), a)), add(add(mul(x3, add(add(x3, x1), x2)), add(x2, mul(mul(sub(add(mul(x2, mul(x3, x2)), exp(x1)), mul(x3, sub(x2, x4))), aq(add(x2, x1), x1)), add(exp(a), add(x2, aq(x2, x1)))))), add(exp(a), aq(add(mul(x3, x3), x1), x1)))))
GPU5 stages: candidates=2500 pre_s=22.863 cheap_candidates=1828 cheap_unique=1828 cheap_s=35.497/40.000 cheap_rejected=181 cheap_a_min=-0.311852325617 cheap_a_p50=0.000207704150385 cheap_a_p95=0.819840217812 cheap_a_max=2628.96631884 exact_a_gate=0.15 exact_provisional_penalty=3928.17976309 exact_candidates=1647 exact_unique=1647 full_exact_enabled=1 exact_capacity=1200 exact_waves=134 exact_scheduled=1200 exact_deferred=424 exact_wave=1200/1200 exact_queue_depth=0 exact_pending_instances=425 exact_s=192.622 exact_ok=1200 exact_margin_max=0.863833813625 exact_scan_mean_s=0.042 exact_bisect_mean_s=0.005 exact_polish_mean_s=0.226 exact_final_mean_s=0.013 exact_margin_abs_b_max=nan cache_hits=0 cache_misses=0 cache_waits=0
377	2500 	540.147	703.846    	1050.22    	182.816	40 	112.054	280	61.5743
Best individuals of this generation:
add(mul(x1, aq(x1, add(add(x1, mul(sin(add(x2, x1)), mul(sub(sub(add(x2, exp(x1)), mul(x3, sub(x2, x4))), x3), add(a, a)))), x3))), mul(mul(sub(add(x1, exp(mul(sin(x4), x4))), mul(x3, sub(x2, x4))), aq(add(exp(a), add(x2, x1)), a)), add(add(mul(x3, add(add(x3, x1), x2)), add(x2, mul(mul(sub(add(mul(x2, mul(x3, x2)), exp(x1)), mul(x3, sub(x2, x4))), aq(add(x2, x1), x1)), add(exp(a), add(x2, aq(x2, x1)))))), add(exp(a), aq(add(mul(x3, x3), x1), x1)))))
GPU5 stages: candidates=2500 pre_s=22.964 cheap_candidates=1872 cheap_unique=1869 cheap_s=36.155/40.000 cheap_rejected=211 cheap_a_min=-1.53134011353 cheap_a_p50=0.000215627282982 cheap_a_p95=1.48671232899 cheap_a_max=3039.27126245 exact_a_gate=0.15 exact_provisional_penalty=3928.17976309 exact_candidates=1661 exact_unique=1658 full_exact_enabled=1 exact_capacity=1200 exact_waves=134 exact_scheduled=1200 exact_deferred=444 exact_wave=1200/1200 exact_queue_depth=0 exact_pending_instances=444 exact_s=185.860 exact_ok=1200 exact_margin_max=11.7490722114 exact_scan_mean_s=0.043 exact_bisect_mean_s=0.006 exact_polish_mean_s=0.238 exact_final_mean_s=0.007 exact_margin_abs_b_max=nan cache_hits=0 cache_misses=0 cache_waits=0
378	2500 	540.147	703.74     	1050.15    	182.795	40 	112.047	280	61.7149
Best individuals of this generation:
add(mul(x1, aq(x1, add(add(x1, mul(sin(add(x2, x1)), mul(sub(sub(add(x2, exp(x1)), mul(x3, sub(x2, x4))), x3), add(a, a)))), x3))), mul(mul(sub(add(x1, exp(mul(sin(x4), x4))), mul(x3, sub(x2, x4))), aq(add(exp(a), add(x2, x1)), a)), add(add(mul(x3, add(add(x3, x1), x2)), add(x2, mul(mul(sub(add(mul(x2, mul(x3, x2)), exp(x1)), mul(x3, sub(x2, x4))), aq(add(x2, x1), x1)), add(exp(a), add(x2, aq(x2, x1)))))), add(exp(a), aq(add(mul(x3, x3), x1), x1)))))
GPU5 stages: candidates=2500 pre_s=22.883 cheap_candidates=1897 cheap_unique=1897 cheap_s=35.650/40.000 cheap_rejected=220 cheap_a_min=-0.751617403353 cheap_a_p50=0.000207704173992 cheap_a_p95=1.46202269419 cheap_a_max=6380.84144995 exact_a_gate=0.15 exact_provisional_penalty=3928.17976309 exact_candidates=1677 exact_unique=1677 full_exact_enabled=1 exact_capacity=1200 exact_waves=134 exact_scheduled=1200 exact_deferred=462 exact_wave=1200/1200 exact_queue_depth=0 exact_pending_instances=463 exact_s=187.599 exact_ok=1200 exact_margin_max=7.0944963807 exact_scan_mean_s=0.042 exact_bisect_mean_s=0.004 exact_polish_mean_s=0.240 exact_final_mean_s=0.018 exact_margin_abs_b_max=nan cache_hits=0 cache_misses=0 cache_waits=0
379	2500 	540.147	703.655    	1050.12    	182.773	40 	112.061	280	61.7928
Best individuals of this generation:
add(mul(x1, aq(x1, add(add(x1, mul(sin(add(x2, x1)), mul(sub(sub(add(x2, exp(x1)), mul(x3, sub(x2, x4))), x3), add(a, a)))), x3))), mul(mul(sub(add(x1, exp(mul(sin(x4), x4))), mul(x3, sub(x2, x4))), aq(add(exp(a), add(x2, x1)), a)), add(add(mul(x3, add(add(x3, x1), x2)), add(x2, mul(mul(sub(add(mul(x2, mul(x3, x2)), exp(x1)), mul(x3, sub(x2, x4))), aq(add(x2, x1), x1)), add(exp(a), add(x2, aq(x2, x1)))))), add(exp(a), aq(add(mul(x3, x3), x1), x1)))))
GPU5 stages: candidates=2500 pre_s=23.296 cheap_candidates=1890 cheap_unique=1888 cheap_s=36.602/40.000 cheap_rejected=213 cheap_a_min=-0.703495028095 cheap_a_p50=0.000218295847263 cheap_a_p95=1.84265218435 cheap_a_max=5436.96910941 exact_a_gate=0.15 exact_provisional_penalty=3928.17976309 exact_candidates=1677 exact_unique=1675 full_exact_enabled=1 exact_capacity=1200 exact_waves=134 exact_scheduled=1200 exact_deferred=457 exact_wave=1200/1200 exact_queue_depth=0 exact_pending_instances=457 exact_s=181.052 exact_ok=1200 exact_margin_max=13.1160136113 exact_scan_mean_s=0.042 exact_bisect_mean_s=0.005 exact_polish_mean_s=0.234 exact_final_mean_s=0.016 exact_margin_abs_b_max=nan cache_hits=0 cache_misses=0 cache_waits=0
380	2500 	540.147	703.604    	1050.11    	182.759	40 	112.038	280	61.7601
Best individuals of this generation:
add(mul(x1, aq(x1, add(add(x1, mul(sin(add(x2, x1)), mul(sub(sub(add(x2, exp(x1)), mul(x3, sub(x2, x4))), x3), add(a, a)))), x3))), mul(mul(sub(add(x1, exp(mul(sin(x4), x4))), mul(x3, sub(x2, x4))), aq(add(exp(a), add(x2, x1)), a)), add(add(mul(x3, add(add(x3, x1), x2)), add(x2, mul(mul(sub(add(mul(x2, mul(x3, x2)), exp(x1)), mul(x3, sub(x2, x4))), aq(add(x2, x1), x1)), add(exp(a), add(x2, aq(x2, x1)))))), add(exp(a), aq(add(mul(x3, x3), x1), x1)))))
GPU5 stages: candidates=2500 pre_s=23.122 cheap_candidates=1855 cheap_unique=1854 cheap_s=35.411/40.000 cheap_rejected=201 cheap_a_min=-0.63859636278 cheap_a_p50=0.000207704152567 cheap_a_p95=1.13775228808 cheap_a_max=3053.93536435 exact_a_gate=0.15 exact_provisional_penalty=4335.21663318 exact_candidates=1654 exact_unique=1653 full_exact_enabled=1 exact_capacity=1200 exact_waves=134 exact_scheduled=1200 exact_deferred=440 exact_wave=1200/1200 exact_queue_depth=0 exact_pending_instances=440 exact_s=185.709 exact_ok=1200 exact_margin_max=45.8980235546 exact_scan_mean_s=0.042 exact_bisect_mean_s=0.005 exact_polish_mean_s=0.233 exact_final_mean_s=0.016 exact_margin_abs_b_max=nan cache_hits=0 cache_misses=0 cache_waits=0
381	2500 	540.147	703.508    	1050.09    	182.733	37 	112.144	280	61.5839
Best individuals of this generation:
add(mul(x1, aq(x1, add(add(x1, mul(sin(add(x2, x1)), mul(sub(sub(add(x2, exp(x1)), mul(x3, sub(x2, x4))), x3), add(a, a)))), x3))), mul(mul(sub(add(x1, exp(mul(sin(x4), x4))), mul(x3, sub(x2, x4))), aq(add(exp(a), add(x2, x1)), a)), add(add(mul(x3, add(add(x3, x1), x2)), add(x2, mul(mul(sub(add(mul(x2, mul(x3, x2)), exp(x1)), mul(x3, sub(x2, x4))), aq(add(x2, x1), x1)), add(exp(a), add(x2, aq(x2, x1)))))), add(exp(a), aq(add(mul(x3, x3), x1), x1)))))
GPU5 stages: candidates=2500 pre_s=23.073 cheap_candidates=1867 cheap_unique=1865 cheap_s=36.069/40.000 cheap_rejected=216 cheap_a_min=-0.954431301666 cheap_a_p50=0.000208013793455 cheap_a_p95=2.54870106305 cheap_a_max=2845.96138333 exact_a_gate=0.15 exact_provisional_penalty=3928.17976309 exact_candidates=1651 exact_unique=1649 full_exact_enabled=1 exact_capacity=1200 exact_waves=134 exact_scheduled=1200 exact_deferred=434 exact_wave=1200/1200 exact_queue_depth=0 exact_pending_instances=434 exact_s=190.498 exact_ok=1200 exact_margin_max=26.6185319615 exact_scan_mean_s=0.043 exact_bisect_mean_s=0.007 exact_polish_mean_s=0.245 exact_final_mean_s=0.011 exact_margin_abs_b_max=nan cache_hits=0 cache_misses=0 cache_waits=0
382	2500 	540.147	703.405    	1050.06    	182.719	37 	112.392	280	61.4377
Best individuals of this generation:
add(mul(x1, aq(x1, add(add(x1, mul(sin(add(x2, x1)), mul(sub(sub(add(x2, exp(x1)), mul(x3, sub(x2, x4))), x3), add(a, a)))), x3))), mul(mul(sub(add(x1, exp(mul(sin(x4), x4))), mul(x3, sub(x2, x4))), aq(add(exp(a), add(x2, x1)), a)), add(add(mul(x3, add(add(x3, x1), x2)), add(x2, mul(mul(sub(add(mul(x2, mul(x3, x2)), exp(x1)), mul(x3, sub(x2, x4))), aq(add(x2, x1), x1)), add(exp(a), add(x2, aq(x2, x1)))))), add(exp(a), aq(add(mul(x3, x3), x1), x1)))))
GPU5 stages: candidates=2500 pre_s=23.157 cheap_candidates=1885 cheap_unique=1883 cheap_s=36.349/40.000 cheap_rejected=202 cheap_a_min=-0.414461165381 cheap_a_p50=0.000207704150574 cheap_a_p95=1.91335174674 cheap_a_max=642.622018496 exact_a_gate=0.15 exact_provisional_penalty=4008.26605749 exact_candidates=1683 exact_unique=1681 full_exact_enabled=1 exact_capacity=1200 exact_waves=134 exact_scheduled=1200 exact_deferred=460 exact_wave=1200/1200 exact_queue_depth=0 exact_pending_instances=460 exact_s=182.297 exact_ok=1200 exact_margin_max=0.266885057385 exact_scan_mean_s=0.042 exact_bisect_mean_s=0.006 exact_polish_mean_s=0.245 exact_final_mean_s=0.009 exact_margin_abs_b_max=nan cache_hits=0 cache_misses=0 cache_waits=0
383	2500 	540.147	703.322    	1050.01    	182.701	35 	112.651	280	61.1806
Best individuals of this generation:
add(mul(x1, aq(x1, add(add(x1, mul(sin(add(x2, x1)), mul(sub(sub(add(x2, exp(x1)), mul(x3, sub(x2, x4))), x3), add(a, a)))), x3))), mul(mul(sub(add(x1, exp(mul(sin(x4), x4))), mul(x3, sub(x2, x4))), aq(add(exp(a), add(x2, x1)), a)), add(add(mul(x3, add(add(x3, x1), x2)), add(x2, mul(mul(sub(add(mul(x2, mul(x3, x2)), exp(x1)), mul(x3, sub(x2, x4))), aq(add(x2, x1), x1)), add(exp(a), add(x2, aq(x2, x1)))))), add(exp(a), aq(add(mul(x3, x3), x1), x1)))))
GPU5 stages: candidates=2500 pre_s=23.061 cheap_candidates=1856 cheap_unique=1852 cheap_s=36.803/40.000 cheap_rejected=209 cheap_a_min=-0.431580811985 cheap_a_p50=0.000223674166584 cheap_a_p95=1.30807311479 cheap_a_max=1365.54074297 exact_a_gate=0.15 exact_provisional_penalty=3928.17976309 exact_candidates=1647 exact_unique=1643 full_exact_enabled=1 exact_capacity=1200 exact_waves=134 exact_scheduled=1200 exact_deferred=418 exact_wave=1200/1200 exact_queue_depth=0 exact_pending_instances=418 exact_s=193.477 exact_ok=1200 exact_margin_max=15.2636706119 exact_scan_mean_s=0.041 exact_bisect_mean_s=0.005 exact_polish_mean_s=0.247 exact_final_mean_s=0.014 exact_margin_abs_b_max=nan cache_hits=0 cache_misses=0 cache_waits=0
384	2500 	540.147	703.243    	1050       	182.694	35 	112.51 	280	61.2596
Best individuals of this generation:
add(mul(x1, aq(x1, add(add(x1, mul(sin(add(x2, x1)), mul(sub(sub(add(x2, exp(x1)), mul(x3, sub(x2, x4))), x3), add(a, a)))), x3))), mul(mul(sub(add(x1, exp(mul(sin(x4), x4))), mul(x3, sub(x2, x4))), aq(add(exp(a), add(x2, x1)), a)), add(add(mul(x3, add(add(x3, x1), x2)), add(x2, mul(mul(sub(add(mul(x2, mul(x3, x2)), exp(x1)), mul(x3, sub(x2, x4))), aq(add(x2, x1), x1)), add(exp(a), add(x2, aq(x2, x1)))))), add(exp(a), aq(add(mul(x3, x3), x1), x1)))))
GPU5 stages: candidates=2500 pre_s=23.066 cheap_candidates=1876 cheap_unique=1871 cheap_s=36.675/40.000 cheap_rejected=221 cheap_a_min=-0.819852790646 cheap_a_p50=0.000214786109862 cheap_a_p95=1.74214469253 cheap_a_max=2714.29330318 exact_a_gate=0.15 exact_provisional_penalty=3928.17976309 exact_candidates=1655 exact_unique=1650 full_exact_enabled=1 exact_capacity=1200 exact_waves=134 exact_scheduled=1200 exact_deferred=423 exact_wave=1200/1200 exact_queue_depth=0 exact_pending_instances=423 exact_s=193.121 exact_ok=1200 exact_margin_max=2.73060347999 exact_scan_mean_s=0.041 exact_bisect_mean_s=0.006 exact_polish_mean_s=0.245 exact_final_mean_s=0.012 exact_margin_abs_b_max=nan cache_hits=0 cache_misses=0 cache_waits=0
385	2500 	540.147	703.178    	1049.98    	182.685	35 	112.522	280	61.2741
Best individuals of this generation:
add(mul(x1, aq(x1, add(add(x1, mul(sin(add(x2, x1)), mul(sub(sub(add(x2, exp(x1)), mul(x3, sub(x2, x4))), x3), add(a, a)))), x3))), mul(mul(sub(add(x1, exp(mul(sin(x4), x4))), mul(x3, sub(x2, x4))), aq(add(exp(a), add(x2, x1)), a)), add(add(mul(x3, add(add(x3, x1), x2)), add(x2, mul(mul(sub(add(mul(x2, mul(x3, x2)), exp(x1)), mul(x3, sub(x2, x4))), aq(add(x2, x1), x1)), add(exp(a), add(x2, aq(x2, x1)))))), add(exp(a), aq(add(mul(x3, x3), x1), x1)))))
GPU5 stages: candidates=2500 pre_s=22.901 cheap_candidates=1834 cheap_unique=1832 cheap_s=36.524/40.000 cheap_rejected=203 cheap_a_min=-30.0711157185 cheap_a_p50=0.000207704174111 cheap_a_p95=2.04603802545 cheap_a_max=1623.7215593 exact_a_gate=0.15 exact_provisional_penalty=3928.17976309 exact_candidates=1631 exact_unique=1629 full_exact_enabled=1 exact_capacity=1200 exact_waves=134 exact_scheduled=1200 exact_deferred=406 exact_wave=1200/1200 exact_queue_depth=0 exact_pending_instances=406 exact_s=188.842 exact_ok=1200 exact_margin_max=130.216161407 exact_scan_mean_s=0.041 exact_bisect_mean_s=0.005 exact_polish_mean_s=0.244 exact_final_mean_s=0.009 exact_margin_abs_b_max=nan cache_hits=0 cache_misses=0 cache_waits=0
386	2500 	540.147	703.133    	1049.92    	182.643	35 	112.682	280	61.2776
Best individuals of this generation:
add(mul(x1, aq(x1, add(add(x1, mul(sin(add(x2, x1)), mul(sub(sub(add(x2, exp(x1)), mul(x3, sub(x2, x4))), x3), add(a, a)))), x3))), mul(mul(sub(add(x1, exp(mul(sin(x4), x4))), mul(x3, sub(x2, x4))), aq(add(exp(a), add(x2, x1)), a)), add(add(mul(x3, add(add(x3, x1), x2)), add(x2, mul(mul(sub(add(mul(x2, mul(x3, x2)), exp(x1)), mul(x3, sub(x2, x4))), aq(add(x2, x1), x1)), add(exp(a), add(x2, aq(x2, x1)))))), add(exp(a), aq(add(mul(x3, x3), x1), x1)))))
GPU5 stages: candidates=2500 pre_s=22.850 cheap_candidates=1854 cheap_unique=1851 cheap_s=35.396/40.000 cheap_rejected=219 cheap_a_min=-0.510774670112 cheap_a_p50=0.000207704152493 cheap_a_p95=1.27856432233 cheap_a_max=1077.58882046 exact_a_gate=0.15 exact_provisional_penalty=3928.17976309 exact_candidates=1635 exact_unique=1632 full_exact_enabled=1 exact_capacity=1200 exact_waves=134 exact_scheduled=1200 exact_deferred=408 exact_wave=1200/1200 exact_queue_depth=0 exact_pending_instances=408 exact_s=192.653 exact_ok=1200 exact_margin_max=1256.25025948 exact_scan_mean_s=0.042 exact_bisect_mean_s=0.005 exact_polish_mean_s=0.243 exact_final_mean_s=0.018 exact_margin_abs_b_max=nan cache_hits=0 cache_misses=0 cache_waits=0
387	2500 	540.147	703.082    	1049.9     	182.634	35 	112.423	280	61.286 
Best individuals of this generation:
add(mul(x1, aq(x1, add(add(x1, mul(sin(add(x2, x1)), mul(sub(sub(add(x2, exp(x1)), mul(x3, sub(x2, x4))), x3), add(a, a)))), x3))), mul(mul(sub(add(x1, exp(mul(sin(x4), x4))), mul(x3, sub(x2, x4))), aq(add(exp(a), add(x2, x1)), a)), add(add(mul(x3, add(add(x3, x1), x2)), add(x2, mul(mul(sub(add(mul(x2, mul(x3, x2)), exp(x1)), mul(x3, sub(x2, x4))), aq(add(x2, x1), x1)), add(exp(a), add(x2, aq(x2, x1)))))), add(exp(a), aq(add(mul(x3, x3), x1), x1)))))
GPU5 stages: candidates=2500 pre_s=23.076 cheap_candidates=1873 cheap_unique=1871 cheap_s=36.575/40.000 cheap_rejected=212 cheap_a_min=-0.277679273714 cheap_a_p50=0.00020770415216 cheap_a_p95=1.52937677712 cheap_a_max=3607.31174265 exact_a_gate=0.15 exact_provisional_penalty=3928.17976309 exact_candidates=1661 exact_unique=1659 full_exact_enabled=1 exact_capacity=1200 exact_waves=134 exact_scheduled=1200 exact_deferred=440 exact_wave=1200/1200 exact_queue_depth=0 exact_pending_instances=440 exact_s=189.448 exact_ok=1200 exact_margin_max=26.6360997326 exact_scan_mean_s=0.042 exact_bisect_mean_s=0.004 exact_polish_mean_s=0.246 exact_final_mean_s=0.020 exact_margin_abs_b_max=nan cache_hits=0 cache_misses=0 cache_waits=0
388	2500 	540.147	703.052    	1049.87    	182.631	35 	112.236	280	61.3761
Best individuals of this generation:
add(mul(x1, aq(x1, add(add(x1, mul(sin(add(x2, x1)), mul(sub(sub(add(x2, exp(x1)), mul(x3, sub(x2, x4))), x3), add(a, a)))), x3))), mul(mul(sub(add(x1, exp(mul(sin(x4), x4))), mul(x3, sub(x2, x4))), aq(add(exp(a), add(x2, x1)), a)), add(add(mul(x3, add(add(x3, x1), x2)), add(x2, mul(mul(sub(add(mul(x2, mul(x3, x2)), exp(x1)), mul(x3, sub(x2, x4))), aq(add(x2, x1), x1)), add(exp(a), add(x2, aq(x2, x1)))))), add(exp(a), aq(add(mul(x3, x3), x1), x1)))))
GPU5 stages: candidates=2500 pre_s=22.767 cheap_candidates=1909 cheap_unique=1906 cheap_s=37.040/40.000 cheap_rejected=240 cheap_a_min=-0.456896078147 cheap_a_p50=0.000207704151664 cheap_a_p95=2.59840874514 cheap_a_max=2803.62846296 exact_a_gate=0.15 exact_provisional_penalty=3928.17976309 exact_candidates=1669 exact_unique=1666 full_exact_enabled=1 exact_capacity=1200 exact_waves=134 exact_scheduled=1200 exact_deferred=450 exact_wave=1200/1200 exact_queue_depth=0 exact_pending_instances=450 exact_s=188.849 exact_ok=1200 exact_margin_max=25.9450466834 exact_scan_mean_s=0.041 exact_bisect_mean_s=0.004 exact_polish_mean_s=0.242 exact_final_mean_s=0.018 exact_margin_abs_b_max=nan cache_hits=0 cache_misses=0 cache_waits=0
389	2500 	540.147	703.013    	1049.84    	182.628	35 	112.096	280	61.375 
Best individuals of this generation:
add(mul(x1, aq(x1, add(add(x1, mul(sin(add(x2, x1)), mul(sub(sub(add(x2, exp(x1)), mul(x3, sub(x2, x4))), x3), add(a, a)))), x3))), mul(mul(sub(add(x1, exp(mul(sin(x4), x4))), mul(x3, sub(x2, x4))), aq(add(exp(a), add(x2, x1)), a)), add(add(mul(x3, add(add(x3, x1), x2)), add(x2, mul(mul(sub(add(mul(x2, mul(x3, x2)), exp(x1)), mul(x3, sub(x2, x4))), aq(add(x2, x1), x1)), add(exp(a), add(x2, aq(x2, x1)))))), add(exp(a), aq(add(mul(x3, x3), x1), x1)))))
GPU5 stages: candidates=2500 pre_s=22.779 cheap_candidates=1826 cheap_unique=1824 cheap_s=36.388/40.000 cheap_rejected=226 cheap_a_min=-0.306366502344 cheap_a_p50=0.000207704174122 cheap_a_p95=1.53098598193 cheap_a_max=4538.10148091 exact_a_gate=0.15 exact_provisional_penalty=3928.17976309 exact_candidates=1600 exact_unique=1598 full_exact_enabled=1 exact_capacity=1200 exact_waves=134 exact_scheduled=1200 exact_deferred=376 exact_wave=1200/1200 exact_queue_depth=0 exact_pending_instances=376 exact_s=197.163 exact_ok=1200 exact_margin_max=94.4629404342 exact_scan_mean_s=0.042 exact_bisect_mean_s=0.004 exact_polish_mean_s=0.252 exact_final_mean_s=0.016 exact_margin_abs_b_max=nan cache_hits=0 cache_misses=0 cache_waits=0
390	2500 	540.147	702.981    	1049.81    	182.61 	35 	111.996	280	61.2936
Best individuals of this generation:
add(mul(x1, aq(x1, add(add(x1, mul(sin(add(x2, x1)), mul(sub(sub(add(x2, exp(x1)), mul(x3, sub(x2, x4))), x3), add(a, a)))), x3))), mul(mul(sub(add(x1, exp(mul(sin(x4), x4))), mul(x3, sub(x2, x4))), aq(add(exp(a), add(x2, x1)), a)), add(add(mul(x3, add(add(x3, x1), x2)), add(x2, mul(mul(sub(add(mul(x2, mul(x3, x2)), exp(x1)), mul(x3, sub(x2, x4))), aq(add(x2, x1), x1)), add(exp(a), add(x2, aq(x2, x1)))))), add(exp(a), aq(add(mul(x3, x3), x1), x1)))))
GPU5 stages: candidates=2500 pre_s=22.895 cheap_candidates=1854 cheap_unique=1847 cheap_s=35.550/40.000 cheap_rejected=226 cheap_a_min=-0.161700824102 cheap_a_p50=0.000207704152376 cheap_a_p95=1.59802577308 cheap_a_max=9237.79595196 exact_a_gate=0.15 exact_provisional_penalty=3928.17976309 exact_candidates=1628 exact_unique=1621 full_exact_enabled=1 exact_capacity=1200 exact_waves=134 exact_scheduled=1200 exact_deferred=398 exact_wave=1200/1200 exact_queue_depth=0 exact_pending_instances=398 exact_s=185.433 exact_ok=1200 exact_margin_max=0.202834296673 exact_scan_mean_s=0.041 exact_bisect_mean_s=0.004 exact_polish_mean_s=0.233 exact_final_mean_s=0.022 exact_margin_abs_b_max=nan cache_hits=0 cache_misses=0 cache_waits=0
391	2500 	540.147	702.915    	1049.74    	182.567	35 	111.852	280	61.3984
Best individuals of this generation:
add(mul(x1, aq(x1, add(add(x1, mul(sin(add(x2, x1)), mul(sub(sub(add(x2, exp(x1)), mul(x3, sub(x2, x4))), x3), add(a, a)))), x3))), mul(mul(sub(add(x1, exp(mul(sin(x4), x4))), mul(x3, sub(x2, x4))), aq(add(exp(a), add(x2, x1)), a)), add(add(mul(x3, add(add(x3, x1), x2)), add(x2, mul(mul(sub(add(mul(x2, mul(x3, x2)), exp(x1)), mul(x3, sub(x2, x4))), aq(add(x2, x1), x1)), add(exp(a), add(x2, aq(x2, x1)))))), add(exp(a), aq(add(mul(x3, x3), x1), x1)))))
GPU5 stages: candidates=2500 pre_s=23.047 cheap_candidates=1875 cheap_unique=1874 cheap_s=35.211/40.000 cheap_rejected=204 cheap_a_min=-0.276747315105 cheap_a_p50=0.000207704148019 cheap_a_p95=2.06064961014 cheap_a_max=2833.18144235 exact_a_gate=0.15 exact_provisional_penalty=3928.17976309 exact_candidates=1671 exact_unique=1670 full_exact_enabled=1 exact_capacity=1200 exact_waves=134 exact_scheduled=1200 exact_deferred=454 exact_wave=1200/1200 exact_queue_depth=0 exact_pending_instances=454 exact_s=187.158 exact_ok=1200 exact_margin_max=28.8727285361 exact_scan_mean_s=0.040 exact_bisect_mean_s=0.006 exact_polish_mean_s=0.236 exact_final_mean_s=0.022 exact_margin_abs_b_max=nan cache_hits=0 cache_misses=0 cache_waits=0
392	2500 	540.147	702.872    	1049.68    	182.548	35 	111.91 	280	61.3769
Best individuals of this generation:
add(mul(x1, aq(x1, add(add(x1, mul(sin(add(x2, x1)), mul(sub(sub(add(x2, exp(x1)), mul(x3, sub(x2, x4))), x3), add(a, a)))), x3))), mul(mul(sub(add(x1, exp(mul(sin(x4), x4))), mul(x3, sub(x2, x4))), aq(add(exp(a), add(x2, x1)), a)), add(add(mul(x3, add(add(x3, x1), x2)), add(x2, mul(mul(sub(add(mul(x2, mul(x3, x2)), exp(x1)), mul(x3, sub(x2, x4))), aq(add(x2, x1), x1)), add(exp(a), add(x2, aq(x2, x1)))))), add(exp(a), aq(add(mul(x3, x3), x1), x1)))))
GPU5 stages: candidates=2500 pre_s=22.842 cheap_candidates=1890 cheap_unique=1887 cheap_s=34.185/40.000 cheap_rejected=198 cheap_a_min=-0.292427464254 cheap_a_p50=0.000207704146199 cheap_a_p95=0.711759760217 cheap_a_max=1178.41579559 exact_a_gate=0.15 exact_provisional_penalty=3928.17976309 exact_candidates=1692 exact_unique=1689 full_exact_enabled=1 exact_capacity=1200 exact_waves=134 exact_scheduled=1200 exact_deferred=476 exact_wave=1200/1200 exact_queue_depth=0 exact_pending_instances=476 exact_s=187.548 exact_ok=1200 exact_margin_max=1.03286971427e+16 exact_scan_mean_s=0.041 exact_bisect_mean_s=0.004 exact_polish_mean_s=0.241 exact_final_mean_s=0.018 exact_margin_abs_b_max=nan cache_hits=0 cache_misses=0 cache_waits=0
393	2500 	540.147	702.839    	1049.66    	182.552	35 	111.944	280	61.4146
Best individuals of this generation:
add(mul(x1, aq(x1, add(add(x1, mul(sin(add(x2, x1)), mul(sub(sub(add(x2, exp(x1)), mul(x3, sub(x2, x4))), x3), add(a, a)))), x3))), mul(mul(sub(add(x1, exp(mul(sin(x4), x4))), mul(x3, sub(x2, x4))), aq(add(exp(a), add(x2, x1)), a)), add(add(mul(x3, add(add(x3, x1), x2)), add(x2, mul(mul(sub(add(mul(x2, mul(x3, x2)), exp(x1)), mul(x3, sub(x2, x4))), aq(add(x2, x1), x1)), add(exp(a), add(x2, aq(x2, x1)))))), add(exp(a), aq(add(mul(x3, x3), x1), x1)))))
GPU5 stages: candidates=2500 pre_s=22.808 cheap_candidates=1856 cheap_unique=1851 cheap_s=35.379/40.000 cheap_rejected=205 cheap_a_min=-0.469976163911 cheap_a_p50=0.000207704150026 cheap_a_p95=1.52758810125 cheap_a_max=4129.66261999 exact_a_gate=0.15 exact_provisional_penalty=3928.17976309 exact_candidates=1651 exact_unique=1646 full_exact_enabled=1 exact_capacity=1200 exact_waves=134 exact_scheduled=1200 exact_deferred=415 exact_wave=1200/1200 exact_queue_depth=0 exact_pending_instances=415 exact_s=187.012 exact_ok=1200 exact_margin_max=0.285203685284 exact_scan_mean_s=0.041 exact_bisect_mean_s=0.005 exact_polish_mean_s=0.237 exact_final_mean_s=0.020 exact_margin_abs_b_max=nan cache_hits=0 cache_misses=0 cache_waits=0
394	2500 	540.147	702.799    	1049.62    	182.522	35 	111.757	280	61.4182
Best individuals of this generation:
add(mul(x1, aq(x1, add(add(x1, mul(sin(add(x2, x1)), mul(sub(sub(add(x2, exp(x1)), mul(x3, sub(x2, x4))), x3), add(a, a)))), x3))), mul(mul(sub(add(x1, exp(mul(sin(x4), x4))), mul(x3, sub(x2, x4))), aq(add(exp(a), add(x2, x1)), a)), add(add(mul(x3, add(add(x3, x1), x2)), add(x2, mul(mul(sub(add(mul(x2, mul(x3, x2)), exp(x1)), mul(x3, sub(x2, x4))), aq(add(x2, x1), x1)), add(exp(a), add(x2, aq(x2, x1)))))), add(exp(a), aq(add(mul(x3, x3), x1), x1)))))
GPU5 stages: candidates=2500 pre_s=23.040 cheap_candidates=1901 cheap_unique=1897 cheap_s=36.505/40.000 cheap_rejected=236 cheap_a_min=-0.198538847546 cheap_a_p50=0.000207704145947 cheap_a_p95=1.74854719887 cheap_a_max=2178.47587843 exact_a_gate=0.15 exact_provisional_penalty=3928.17976309 exact_candidates=1665 exact_unique=1661 full_exact_enabled=1 exact_capacity=1200 exact_waves=134 exact_scheduled=1200 exact_deferred=431 exact_wave=1200/1200 exact_queue_depth=0 exact_pending_instances=432 exact_s=188.505 exact_ok=1200 exact_margin_max=2.18416540659 exact_scan_mean_s=0.041 exact_bisect_mean_s=0.004 exact_polish_mean_s=0.241 exact_final_mean_s=0.010 exact_margin_abs_b_max=nan cache_hits=0 cache_misses=0 cache_waits=0
395	2500 	540.147	702.75     	1049.56    	182.482	35 	111.774	280	61.486 
Best individuals of this generation:
add(mul(x1, aq(x1, add(add(x1, mul(sin(add(x2, x1)), mul(sub(sub(add(x2, exp(x1)), mul(x3, sub(x2, x4))), x3), add(a, a)))), x3))), mul(mul(sub(add(x1, exp(mul(sin(x4), x4))), mul(x3, sub(x2, x4))), aq(add(exp(a), add(x2, x1)), a)), add(add(mul(x3, add(add(x3, x1), x2)), add(x2, mul(mul(sub(add(mul(x2, mul(x3, x2)), exp(x1)), mul(x3, sub(x2, x4))), aq(add(x2, x1), x1)), add(exp(a), add(x2, aq(x2, x1)))))), add(exp(a), aq(add(mul(x3, x3), x1), x1)))))
GPU5 stages: candidates=2500 pre_s=22.940 cheap_candidates=1866 cheap_unique=1860 cheap_s=34.252/40.000 cheap_rejected=222 cheap_a_min=-0.343544445769 cheap_a_p50=0.000207704145845 cheap_a_p95=1.28236933925 cheap_a_max=6240.69700663 exact_a_gate=0.15 exact_provisional_penalty=3928.17976309 exact_candidates=1644 exact_unique=1638 full_exact_enabled=1 exact_capacity=1200 exact_waves=134 exact_scheduled=1200 exact_deferred=420 exact_wave=1200/1200 exact_queue_depth=0 exact_pending_instances=420 exact_s=186.716 exact_ok=1200 exact_margin_max=362.794714186 exact_scan_mean_s=0.043 exact_bisect_mean_s=0.005 exact_polish_mean_s=0.244 exact_final_mean_s=0.012 exact_margin_abs_b_max=nan cache_hits=0 cache_misses=0 cache_waits=0
396	2500 	540.147	702.661    	1049.51    	182.49 	35 	111.564	280	61.3947
Best individuals of this generation:
add(mul(x1, aq(x1, add(add(x1, mul(sin(add(x2, x1)), mul(sub(sub(add(x2, exp(x1)), mul(x3, sub(x2, x4))), x3), add(a, a)))), x3))), mul(mul(sub(add(x1, exp(mul(sin(x4), x4))), mul(x3, sub(x2, x4))), aq(add(exp(a), add(x2, x1)), a)), add(add(mul(x3, add(add(x3, x1), x2)), add(x2, mul(mul(sub(add(mul(x2, mul(x3, x2)), exp(x1)), mul(x3, sub(x2, x4))), aq(add(x2, x1), x1)), add(exp(a), add(x2, aq(x2, x1)))))), add(exp(a), aq(add(mul(x3, x3), x1), x1)))))
GPU5 stages: candidates=2500 pre_s=22.780 cheap_candidates=1870 cheap_unique=1869 cheap_s=35.353/40.000 cheap_rejected=232 cheap_a_min=-0.15619778425 cheap_a_p50=0.000207704151895 cheap_a_p95=1.73053793064 cheap_a_max=2073.4149755 exact_a_gate=0.15 exact_provisional_penalty=3928.17976309 exact_candidates=1638 exact_unique=1637 full_exact_enabled=1 exact_capacity=1200 exact_waves=134 exact_scheduled=1200 exact_deferred=412 exact_wave=1200/1200 exact_queue_depth=0 exact_pending_instances=412 exact_s=190.102 exact_ok=1200 exact_margin_max=2.17975924382 exact_scan_mean_s=0.042 exact_bisect_mean_s=0.004 exact_polish_mean_s=0.249 exact_final_mean_s=0.011 exact_margin_abs_b_max=nan cache_hits=0 cache_misses=0 cache_waits=0
397	2500 	540.147	702.616    	1049.46    	182.469	35 	111.604	280	61.4216
Best individuals of this generation:
add(mul(x1, aq(x1, add(add(x1, mul(sin(add(x2, x1)), mul(sub(sub(add(x2, exp(x1)), mul(x3, sub(x2, x4))), x3), add(a, a)))), x3))), mul(mul(sub(add(x1, exp(mul(sin(x4), x4))), mul(x3, sub(x2, x4))), aq(add(exp(a), add(x2, x1)), a)), add(add(mul(x3, add(add(x3, x1), x2)), add(x2, mul(mul(sub(add(mul(x2, mul(x3, x2)), exp(x1)), mul(x3, sub(x2, x4))), aq(add(x2, x1), x1)), add(exp(a), add(x2, aq(x2, x1)))))), add(exp(a), aq(add(mul(x3, x3), x1), x1)))))
GPU5 stages: candidates=2500 pre_s=22.739 cheap_candidates=1873 cheap_unique=1868 cheap_s=36.634/40.000 cheap_rejected=232 cheap_a_min=-0.476699452792 cheap_a_p50=0.000207704150933 cheap_a_p95=1.62251587934 cheap_a_max=3533.91341349 exact_a_gate=0.15 exact_provisional_penalty=3928.17976309 exact_candidates=1641 exact_unique=1636 full_exact_enabled=1 exact_capacity=1200 exact_waves=134 exact_scheduled=1200 exact_deferred=414 exact_wave=1200/1200 exact_queue_depth=0 exact_pending_instances=417 exact_s=191.417 exact_ok=1200 exact_margin_max=103.302504412 exact_scan_mean_s=0.042 exact_bisect_mean_s=0.004 exact_polish_mean_s=0.245 exact_final_mean_s=0.017 exact_margin_abs_b_max=nan cache_hits=0 cache_misses=0 cache_waits=0
398	2500 	540.147	702.579    	1049.41    	182.458	35 	111.554	280	61.4448
Best individuals of this generation:
add(mul(x1, aq(x1, add(add(x1, mul(sin(add(x2, x1)), mul(sub(sub(add(x2, exp(x1)), mul(x3, sub(x2, x4))), x3), add(a, a)))), x3))), mul(mul(sub(add(x1, exp(mul(sin(x4), x4))), mul(x3, sub(x2, x4))), aq(add(exp(a), add(x2, x1)), a)), add(add(mul(x3, add(add(x3, x1), x2)), add(x2, mul(mul(sub(add(mul(x2, mul(x3, x2)), exp(x1)), mul(x3, sub(x2, x4))), aq(add(x2, x1), x1)), add(exp(a), add(x2, aq(x2, x1)))))), add(exp(a), aq(add(mul(x3, x3), x1), x1)))))
GPU5 stages: candidates=2500 pre_s=22.752 cheap_candidates=1853 cheap_unique=1849 cheap_s=34.430/40.000 cheap_rejected=210 cheap_a_min=-0.360286834452 cheap_a_p50=0.000207704143444 cheap_a_p95=1.50873874194 cheap_a_max=713.47856969 exact_a_gate=0.15 exact_provisional_penalty=3928.17976309 exact_candidates=1643 exact_unique=1639 full_exact_enabled=1 exact_capacity=1200 exact_waves=134 exact_scheduled=1200 exact_deferred=418 exact_wave=1200/1200 exact_queue_depth=0 exact_pending_instances=418 exact_s=185.308 exact_ok=1200 exact_margin_max=83.0074822989 exact_scan_mean_s=0.042 exact_bisect_mean_s=0.005 exact_polish_mean_s=0.246 exact_final_mean_s=0.020 exact_margin_abs_b_max=nan cache_hits=0 cache_misses=0 cache_waits=0
399	2500 	540.147	702.556    	1049.32    	182.422	35 	111.568	280	61.4698
Best individuals of this generation:
add(mul(x1, aq(x1, add(add(x1, mul(sin(add(x2, x1)), mul(sub(sub(add(x2, exp(x1)), mul(x3, sub(x2, x4))), x3), add(a, a)))), x3))), mul(mul(sub(add(x1, exp(mul(sin(x4), x4))), mul(x3, sub(x2, x4))), aq(add(exp(a), add(x2, x1)), a)), add(add(mul(x3, add(add(x3, x1), x2)), add(x2, mul(mul(sub(add(mul(x2, mul(x3, x2)), exp(x1)), mul(x3, sub(x2, x4))), aq(add(x2, x1), x1)), add(exp(a), add(x2, aq(x2, x1)))))), add(exp(a), aq(add(mul(x3, x3), x1), x1)))))
GPU5 stages: candidates=2500 pre_s=22.959 cheap_candidates=1850 cheap_unique=1846 cheap_s=34.755/40.000 cheap_rejected=204 cheap_a_min=-0.280926642303 cheap_a_p50=0.000207704146146 cheap_a_p95=1.1080848248 cheap_a_max=1802.46711884 exact_a_gate=0.15 exact_provisional_penalty=3928.17976309 exact_candidates=1646 exact_unique=1642 full_exact_enabled=1 exact_capacity=1200 exact_waves=134 exact_scheduled=1200 exact_deferred=427 exact_wave=1200/1200 exact_queue_depth=0 exact_pending_instances=427 exact_s=192.240 exact_ok=1200 exact_margin_max=18.4484405499 exact_scan_mean_s=0.042 exact_bisect_mean_s=0.003 exact_polish_mean_s=0.243 exact_final_mean_s=0.019 exact_margin_abs_b_max=nan cache_hits=0 cache_misses=0 cache_waits=0
400	2500 	540.147	702.526    	1049.29    	182.421	35 	111.584	280	61.5014
Best individuals of this generation:
add(mul(x1, aq(x1, add(add(x1, mul(sin(add(x2, x1)), mul(sub(sub(add(x2, exp(x1)), mul(x3, sub(x2, x4))), x3), add(a, a)))), x3))), mul(mul(sub(add(x1, exp(mul(sin(x4), x4))), mul(x3, sub(x2, x4))), aq(add(exp(a), add(x2, x1)), a)), add(add(mul(x3, add(add(x3, x1), x2)), add(x2, mul(mul(sub(add(mul(x2, mul(x3, x2)), exp(x1)), mul(x3, sub(x2, x4))), aq(add(x2, x1), x1)), add(exp(a), add(x2, aq(x2, x1)))))), add(exp(a), aq(add(mul(x3, x3), x1), x1)))))
GPU5 stages: candidates=2500 pre_s=22.898 cheap_candidates=1847 cheap_unique=1844 cheap_s=35.207/40.000 cheap_rejected=228 cheap_a_min=-0.195254271519 cheap_a_p50=0.000207704152095 cheap_a_p95=1.92295276045 cheap_a_max=6.62699744399e+22 exact_a_gate=0.15 exact_provisional_penalty=3928.17976309 exact_candidates=1619 exact_unique=1616 full_exact_enabled=1 exact_capacity=1200 exact_waves=134 exact_scheduled=1200 exact_deferred=391 exact_wave=1200/1200 exact_queue_depth=0 exact_pending_instances=391 exact_s=189.192 exact_ok=1200 exact_margin_max=332.684807261 exact_scan_mean_s=0.042 exact_bisect_mean_s=0.004 exact_polish_mean_s=0.247 exact_final_mean_s=0.015 exact_margin_abs_b_max=nan cache_hits=0 cache_misses=0 cache_waits=0
401	2500 	540.147	702.499    	1049.23    	182.415	35 	111.643	280	61.5425
Best individuals of this generation:
add(mul(x1, aq(x1, add(add(x1, mul(sin(add(x2, x1)), mul(sub(sub(add(x2, exp(x1)), mul(x3, sub(x2, x4))), x3), add(a, a)))), x3))), mul(mul(sub(add(x1, exp(mul(sin(x4), x4))), mul(x3, sub(x2, x4))), aq(add(exp(a), add(x2, x1)), a)), add(add(mul(x3, add(add(x3, x1), x2)), add(x2, mul(mul(sub(add(mul(x2, mul(x3, x2)), exp(x1)), mul(x3, sub(x2, x4))), aq(add(x2, x1), x1)), add(exp(a), add(x2, aq(x2, x1)))))), add(exp(a), aq(add(mul(x3, x3), x1), x1)))))
GPU5 stages: candidates=2500 pre_s=23.035 cheap_candidates=1851 cheap_unique=1845 cheap_s=36.374/40.000 cheap_rejected=213 cheap_a_min=-0.448556778142 cheap_a_p50=0.00020770414924 cheap_a_p95=1.43890770064 cheap_a_max=3527.85300377 exact_a_gate=0.15 exact_provisional_penalty=3928.17976309 exact_candidates=1638 exact_unique=1632 full_exact_enabled=1 exact_capacity=1200 exact_waves=134 exact_scheduled=1200 exact_deferred=406 exact_wave=1200/1200 exact_queue_depth=0 exact_pending_instances=406 exact_s=188.039 exact_ok=1200 exact_margin_max=0.725208093731 exact_scan_mean_s=0.042 exact_bisect_mean_s=0.005 exact_polish_mean_s=0.244 exact_final_mean_s=0.016 exact_margin_abs_b_max=nan cache_hits=0 cache_misses=0 cache_waits=0
402	2500 	540.147	702.46     	1049.15    	182.386	35 	111.53 	280	61.4743
Best individuals of this generation:
add(mul(x1, aq(x1, add(add(x1, mul(sin(add(x2, x1)), mul(sub(sub(add(x2, exp(x1)), mul(x3, sub(x2, x4))), x3), add(a, a)))), x3))), mul(mul(sub(add(x1, exp(mul(sin(x4), x4))), mul(x3, sub(x2, x4))), aq(add(exp(a), add(x2, x1)), a)), add(add(mul(x3, add(add(x3, x1), x2)), add(x2, mul(mul(sub(add(mul(x2, mul(x3, x2)), exp(x1)), mul(x3, sub(x2, x4))), aq(add(x2, x1), x1)), add(exp(a), add(x2, aq(x2, x1)))))), add(exp(a), aq(add(mul(x3, x3), x1), x1)))))
GPU5 stages: candidates=2500 pre_s=23.116 cheap_candidates=1861 cheap_unique=1859 cheap_s=35.314/40.000 cheap_rejected=202 cheap_a_min=-0.311475684228 cheap_a_p50=0.000207704149386 cheap_a_p95=1.67381360976 cheap_a_max=3869.98753236 exact_a_gate=0.15 exact_provisional_penalty=3928.17976309 exact_candidates=1659 exact_unique=1657 full_exact_enabled=1 exact_capacity=1200 exact_waves=134 exact_scheduled=1200 exact_deferred=436 exact_wave=1200/1200 exact_queue_depth=0 exact_pending_instances=436 exact_s=184.685 exact_ok=1200 exact_margin_max=0.280266451276 exact_scan_mean_s=0.042 exact_bisect_mean_s=0.005 exact_polish_mean_s=0.243 exact_final_mean_s=0.015 exact_margin_abs_b_max=nan cache_hits=0 cache_misses=0 cache_waits=0
403	2500 	540.147	702.405    	1049.1     	182.375	35 	111.487	280	61.4812
Best individuals of this generation:
add(mul(x1, aq(x1, add(add(x1, mul(sin(add(x2, x1)), mul(sub(sub(add(x2, exp(x1)), mul(x3, sub(x2, x4))), x3), add(a, a)))), x3))), mul(mul(sub(add(x1, exp(mul(sin(x4), x4))), mul(x3, sub(x2, x4))), aq(add(exp(a), add(x2, x1)), a)), add(add(mul(x3, add(add(x3, x1), x2)), add(x2, mul(mul(sub(add(mul(x2, mul(x3, x2)), exp(x1)), mul(x3, sub(x2, x4))), aq(add(x2, x1), x1)), add(exp(a), add(x2, aq(x2, x1)))))), add(exp(a), aq(add(mul(x3, x3), x1), x1)))))
GPU5 stages: candidates=2500 pre_s=23.072 cheap_candidates=1875 cheap_unique=1870 cheap_s=35.361/40.000 cheap_rejected=219 cheap_a_min=-0.24276035253 cheap_a_p50=0.000207704143727 cheap_a_p95=1.7471585077 cheap_a_max=3387.75605774 exact_a_gate=0.15 exact_provisional_penalty=3928.17976309 exact_candidates=1656 exact_unique=1651 full_exact_enabled=1 exact_capacity=1200 exact_waves=134 exact_scheduled=1200 exact_deferred=429 exact_wave=1200/1200 exact_queue_depth=0 exact_pending_instances=429 exact_s=187.416 exact_ok=1200 exact_margin_max=0.309834346384 exact_scan_mean_s=0.042 exact_bisect_mean_s=0.004 exact_polish_mean_s=0.248 exact_final_mean_s=0.014 exact_margin_abs_b_max=nan cache_hits=0 cache_misses=0 cache_waits=0
404	2500 	540.147	702.379    	1048.93    	182.351	35 	111.41 	280	61.5188
Best individuals of this generation:
add(mul(x1, aq(x1, add(add(x1, mul(sin(add(x2, x1)), mul(sub(sub(add(x2, exp(x1)), mul(x3, sub(x2, x4))), x3), add(a, a)))), x3))), mul(mul(sub(add(x1, exp(mul(sin(x4), x4))), mul(x3, sub(x2, x4))), aq(add(exp(a), add(x2, x1)), a)), add(add(mul(x3, add(add(x3, x1), x2)), add(x2, mul(mul(sub(add(mul(x2, mul(x3, x2)), exp(x1)), mul(x3, sub(x2, x4))), aq(add(x2, x1), x1)), add(exp(a), add(x2, aq(x2, x1)))))), add(exp(a), aq(add(mul(x3, x3), x1), x1)))))
GPU5 stages: candidates=2500 pre_s=22.868 cheap_candidates=1865 cheap_unique=1860 cheap_s=35.887/40.000 cheap_rejected=218 cheap_a_min=-0.355433763425 cheap_a_p50=0.000207704151953 cheap_a_p95=1.43679446778 cheap_a_max=2436.74105462 exact_a_gate=0.15 exact_provisional_penalty=4505.62387066 exact_candidates=1647 exact_unique=1642 full_exact_enabled=1 exact_capacity=1200 exact_waves=134 exact_scheduled=1200 exact_deferred=421 exact_wave=1200/1200 exact_queue_depth=0 exact_pending_instances=421 exact_s=194.862 exact_ok=1200 exact_margin_max=11.804126368 exact_scan_mean_s=0.042 exact_bisect_mean_s=0.005 exact_polish_mean_s=0.246 exact_final_mean_s=0.010 exact_margin_abs_b_max=nan cache_hits=0 cache_misses=0 cache_waits=0
405	2500 	540.147	702.352    	1048.87    	182.344	35 	111.474	280	61.5904
Best individuals of this generation:
add(mul(x1, aq(x1, add(add(x1, mul(sin(add(x2, x1)), mul(sub(sub(add(x2, exp(x1)), mul(x3, sub(x2, x4))), x3), add(a, a)))), x3))), mul(mul(sub(add(x1, exp(mul(sin(x4), x4))), mul(x3, sub(x2, x4))), aq(add(exp(a), add(x2, x1)), a)), add(add(mul(x3, add(add(x3, x1), x2)), add(x2, mul(mul(sub(add(mul(x2, mul(x3, x2)), exp(x1)), mul(x3, sub(x2, x4))), aq(add(x2, x1), x1)), add(exp(a), add(x2, aq(x2, x1)))))), add(exp(a), aq(add(mul(x3, x3), x1), x1)))))
GPU5 stages: candidates=2500 pre_s=22.834 cheap_candidates=1832 cheap_unique=1831 cheap_s=35.567/40.000 cheap_rejected=204 cheap_a_min=-0.706464275096 cheap_a_p50=0.000207704152277 cheap_a_p95=1.50020649123 cheap_a_max=4072.7608854 exact_a_gate=0.15 exact_provisional_penalty=3928.17976309 exact_candidates=1628 exact_unique=1627 full_exact_enabled=1 exact_capacity=1200 exact_waves=134 exact_scheduled=1200 exact_deferred=407 exact_wave=1200/1200 exact_queue_depth=0 exact_pending_instances=407 exact_s=184.705 exact_ok=1200 exact_margin_max=36.4812054882 exact_scan_mean_s=0.042 exact_bisect_mean_s=0.004 exact_polish_mean_s=0.235 exact_final_mean_s=0.010 exact_margin_abs_b_max=nan cache_hits=0 cache_misses=0 cache_waits=0
406	2500 	540.147	702.308    	1048.81    	182.341	35 	111.547	280	61.6129
Best individuals of this generation:
add(mul(x1, aq(x1, add(add(x1, mul(sin(add(x2, x1)), mul(sub(sub(add(x2, exp(x1)), mul(x3, sub(x2, x4))), x3), add(a, a)))), x3))), mul(mul(sub(add(x1, exp(mul(sin(x4), x4))), mul(x3, sub(x2, x4))), aq(add(exp(a), add(x2, x1)), a)), add(add(mul(x3, add(add(x3, x1), x2)), add(x2, mul(mul(sub(add(mul(x2, mul(x3, x2)), exp(x1)), mul(x3, sub(x2, x4))), aq(add(x2, x1), x1)), add(exp(a), add(x2, aq(x2, x1)))))), add(exp(a), aq(add(mul(x3, x3), x1), x1)))))
GPU5 stages: candidates=2500 pre_s=22.776 cheap_candidates=1832 cheap_unique=1829 cheap_s=34.658/40.000 cheap_rejected=224 cheap_a_min=-2.71093790469 cheap_a_p50=0.000207704151562 cheap_a_p95=2.5285647977 cheap_a_max=3078.17048895 exact_a_gate=0.15 exact_provisional_penalty=3928.17976309 exact_candidates=1608 exact_unique=1605 full_exact_enabled=1 exact_capacity=1200 exact_waves=134 exact_scheduled=1200 exact_deferred=381 exact_wave=1200/1200 exact_queue_depth=0 exact_pending_instances=382 exact_s=200.520 exact_ok=1200 exact_margin_max=20.7718319061 exact_scan_mean_s=0.041 exact_bisect_mean_s=0.006 exact_polish_mean_s=0.242 exact_final_mean_s=0.016 exact_margin_abs_b_max=nan cache_hits=0 cache_misses=0 cache_waits=0
407	2500 	540.147	702.278    	1048.78    	182.348	35 	111.772	280	62.0463
Best individuals of this generation:
add(mul(x1, aq(x1, add(add(x1, mul(sin(add(x2, x1)), mul(sub(sub(add(x2, exp(x1)), mul(x3, sub(x2, x4))), x3), add(a, a)))), x3))), mul(mul(sub(add(x1, exp(mul(sin(x4), x4))), mul(x3, sub(x2, x4))), aq(add(exp(a), add(x2, x1)), a)), add(add(mul(x3, add(add(x3, x1), x2)), add(x2, mul(mul(sub(add(mul(x2, mul(x3, x2)), exp(x1)), mul(x3, sub(x2, x4))), aq(add(x2, x1), x1)), add(exp(a), add(x2, aq(x2, x1)))))), add(exp(a), aq(add(mul(x3, x3), x1), x1)))))
GPU5 stages: candidates=2500 pre_s=23.116 cheap_candidates=1849 cheap_unique=1846 cheap_s=36.750/40.000 cheap_rejected=224 cheap_a_min=-0.426868435431 cheap_a_p50=0.000207704152582 cheap_a_p95=1.8422164796 cheap_a_max=3987.83456727 exact_a_gate=0.15 exact_provisional_penalty=3928.17976309 exact_candidates=1625 exact_unique=1622 full_exact_enabled=1 exact_capacity=1200 exact_waves=134 exact_scheduled=1200 exact_deferred=395 exact_wave=1200/1200 exact_queue_depth=0 exact_pending_instances=398 exact_s=194.222 exact_ok=1200 exact_margin_max=0.28477144699 exact_scan_mean_s=0.042 exact_bisect_mean_s=0.004 exact_polish_mean_s=0.246 exact_final_mean_s=0.015 exact_margin_abs_b_max=nan cache_hits=0 cache_misses=0 cache_waits=0
408	2500 	540.147	702.242    	1048.7     	182.346	35 	112.048	280	62.4092
Best individuals of this generation:
add(mul(x1, aq(x1, add(add(x1, mul(sin(add(x2, x1)), mul(sub(sub(add(x2, exp(x1)), mul(x3, sub(x2, x4))), x3), add(a, a)))), x3))), mul(mul(sub(add(x1, exp(mul(sin(x4), x4))), mul(x3, sub(x2, x4))), aq(add(exp(a), add(x2, x1)), a)), add(add(mul(x3, add(add(x3, x1), x2)), add(x2, mul(mul(sub(add(mul(x2, mul(x3, x2)), exp(x1)), mul(x3, sub(x2, x4))), aq(add(x2, x1), x1)), add(exp(a), add(x2, aq(x2, x1)))))), add(exp(a), aq(add(mul(x3, x3), x1), x1)))))
GPU5 stages: candidates=2500 pre_s=23.038 cheap_candidates=1849 cheap_unique=1845 cheap_s=35.232/40.000 cheap_rejected=199 cheap_a_min=-0.486436782082 cheap_a_p50=0.000207704143472 cheap_a_p95=1.37965443494 cheap_a_max=3626.47627881 exact_a_gate=0.15 exact_provisional_penalty=3928.17976309 exact_candidates=1650 exact_unique=1646 full_exact_enabled=1 exact_capacity=1200 exact_waves=134 exact_scheduled=1200 exact_deferred=430 exact_wave=1200/1200 exact_queue_depth=0 exact_pending_instances=430 exact_s=186.444 exact_ok=1200 exact_margin_max=21.8501567081 exact_scan_mean_s=0.043 exact_bisect_mean_s=0.004 exact_polish_mean_s=0.240 exact_final_mean_s=0.008 exact_margin_abs_b_max=nan cache_hits=0 cache_misses=0 cache_waits=0
409	2500 	540.147	702.207    	1048.58    	182.329	35 	112.187	281	62.8804
Best individuals of this generation:
add(mul(x1, aq(x1, add(add(x1, mul(sin(add(x2, x1)), mul(sub(sub(add(x2, exp(x1)), mul(x3, sub(x2, x4))), x3), add(a, a)))), x3))), mul(mul(sub(add(x1, exp(mul(sin(x4), x4))), mul(x3, sub(x2, x4))), aq(add(exp(a), add(x2, x1)), a)), add(add(mul(x3, add(add(x3, x1), x2)), add(x2, mul(mul(sub(add(mul(x2, mul(x3, x2)), exp(x1)), mul(x3, sub(x2, x4))), aq(add(x2, x1), x1)), add(exp(a), add(x2, aq(x2, x1)))))), add(exp(a), aq(add(mul(x3, x3), x1), x1)))))
GPU5 stages: candidates=2500 pre_s=23.021 cheap_candidates=1881 cheap_unique=1876 cheap_s=36.180/40.000 cheap_rejected=221 cheap_a_min=-0.65314352913 cheap_a_p50=0.000207704151881 cheap_a_p95=1.80870461395 cheap_a_max=1809.04603979 exact_a_gate=0.15 exact_provisional_penalty=3928.17976309 exact_candidates=1660 exact_unique=1655 full_exact_enabled=1 exact_capacity=1200 exact_waves=134 exact_scheduled=1200 exact_deferred=438 exact_wave=1200/1200 exact_queue_depth=0 exact_pending_instances=438 exact_s=188.723 exact_ok=1200 exact_margin_max=0.476945718741 exact_scan_mean_s=0.042 exact_bisect_mean_s=0.005 exact_polish_mean_s=0.245 exact_final_mean_s=0.014 exact_margin_abs_b_max=nan cache_hits=0 cache_misses=0 cache_waits=0
410	2500 	540.147	702.17     	1048.45    	182.325	35 	112.588	281	63.5276
Best individuals of this generation:
add(mul(x1, aq(x1, add(add(x1, mul(sin(add(x2, x1)), mul(sub(sub(add(x2, exp(x1)), mul(x3, sub(x2, x4))), x3), add(a, a)))), x3))), mul(mul(sub(add(x1, exp(mul(sin(x4), x4))), mul(x3, sub(x2, x4))), aq(add(exp(a), add(x2, x1)), a)), add(add(mul(x3, add(add(x3, x1), x2)), add(x2, mul(mul(sub(add(mul(x2, mul(x3, x2)), exp(x1)), mul(x3, sub(x2, x4))), aq(add(x2, x1), x1)), add(exp(a), add(x2, aq(x2, x1)))))), add(exp(a), aq(add(mul(x3, x3), x1), x1)))))
GPU5 stages: candidates=2500 pre_s=23.054 cheap_candidates=1844 cheap_unique=1842 cheap_s=35.275/40.000 cheap_rejected=198 cheap_a_min=-1.33141515413 cheap_a_p50=0.000207704143529 cheap_a_p95=1.30862647406 cheap_a_max=3495.59178249 exact_a_gate=0.15 exact_provisional_penalty=3928.17976309 exact_candidates=1646 exact_unique=1644 full_exact_enabled=1 exact_capacity=1200 exact_waves=134 exact_scheduled=1200 exact_deferred=428 exact_wave=1200/1200 exact_queue_depth=0 exact_pending_instances=428 exact_s=193.853 exact_ok=1200 exact_margin_max=0.107036186448 exact_scan_mean_s=0.042 exact_bisect_mean_s=0.005 exact_polish_mean_s=0.253 exact_final_mean_s=0.014 exact_margin_abs_b_max=nan cache_hits=0 cache_misses=0 cache_waits=0
411	2500 	540.147	702.139    	1048.39    	182.32 	35 	113.108	285	64.4247
Best individuals of this generation:
add(mul(x1, aq(x1, add(add(x1, mul(sin(add(x2, x1)), mul(sub(sub(add(x2, exp(x1)), mul(x3, sub(x2, x4))), x3), add(a, a)))), x3))), mul(mul(sub(add(x1, exp(mul(sin(x4), x4))), mul(x3, sub(x2, x4))), aq(add(exp(a), add(x2, x1)), a)), add(add(mul(x3, add(add(x3, x1), x2)), add(x2, mul(mul(sub(add(mul(x2, mul(x3, x2)), exp(x1)), mul(x3, sub(x2, x4))), aq(add(x2, x1), x1)), add(exp(a), add(x2, aq(x2, x1)))))), add(exp(a), aq(add(mul(x3, x3), x1), x1)))))
GPU5 stages: candidates=2500 pre_s=23.055 cheap_candidates=1891 cheap_unique=1890 cheap_s=35.935/40.000 cheap_rejected=189 cheap_a_min=-0.255385175556 cheap_a_p50=0.000207704143947 cheap_a_p95=1.11958176771 cheap_a_max=2108.66245087 exact_a_gate=0.15 exact_provisional_penalty=3928.17976309 exact_candidates=1702 exact_unique=1701 full_exact_enabled=1 exact_capacity=1200 exact_waves=134 exact_scheduled=1200 exact_deferred=476 exact_wave=1200/1200 exact_queue_depth=0 exact_pending_instances=478 exact_s=184.113 exact_ok=1200 exact_margin_max=32.9821584014 exact_scan_mean_s=0.041 exact_bisect_mean_s=0.004 exact_polish_mean_s=0.238 exact_final_mean_s=0.009 exact_margin_abs_b_max=nan cache_hits=0 cache_misses=0 cache_waits=0
412	2500 	540.147	702.067    	1048.21    	182.307	35 	113.5  	285	65.2774
Best individuals of this generation:
add(mul(x1, aq(x1, add(add(x1, mul(sin(add(x2, x1)), mul(sub(sub(add(x2, exp(x1)), mul(x3, sub(x2, x4))), x3), add(a, a)))), x3))), mul(mul(sub(add(x1, exp(mul(sin(x4), x4))), mul(x3, sub(x2, x4))), aq(add(exp(a), add(x2, x1)), a)), add(add(mul(x3, add(add(x3, x1), x2)), add(x2, mul(mul(sub(add(mul(x2, mul(x3, x2)), exp(x1)), mul(x3, sub(x2, x4))), aq(add(x2, x1), x1)), add(exp(a), add(x2, aq(x2, x1)))))), add(exp(a), aq(add(mul(x3, x3), x1), x1)))))
GPU5 stages: candidates=2500 pre_s=22.852 cheap_candidates=1846 cheap_unique=1842 cheap_s=35.645/40.000 cheap_rejected=199 cheap_a_min=-0.752681197045 cheap_a_p50=0.000207704150619 cheap_a_p95=0.905573711183 cheap_a_max=1.51663071508e+279 exact_a_gate=0.15 exact_provisional_penalty=3928.17976309 exact_candidates=1647 exact_unique=1643 full_exact_enabled=1 exact_capacity=1200 exact_waves=134 exact_scheduled=1200 exact_deferred=421 exact_wave=1200/1200 exact_queue_depth=0 exact_pending_instances=421 exact_s=192.731 exact_ok=1200 exact_margin_max=4615233194.61 exact_scan_mean_s=0.043 exact_bisect_mean_s=0.005 exact_polish_mean_s=0.252 exact_final_mean_s=0.014 exact_margin_abs_b_max=nan cache_hits=0 cache_misses=0 cache_waits=0
413	2500 	540.147	702.034    	1048.15    	182.317	35 	113.692	277	65.7456
Best individuals of this generation:
add(mul(x1, aq(x1, add(add(x1, mul(sin(add(x2, x1)), mul(sub(sub(add(x2, exp(x1)), mul(x3, sub(x2, x4))), x3), add(a, a)))), x3))), mul(mul(sub(add(x1, exp(mul(sin(x4), x4))), mul(x3, sub(x2, x4))), aq(add(exp(a), add(x2, x1)), a)), add(add(mul(x3, add(add(x3, x1), x2)), add(x2, mul(mul(sub(add(mul(x2, mul(x3, x2)), exp(x1)), mul(x3, sub(x2, x4))), aq(add(x2, x1), x1)), add(exp(a), add(x2, aq(x2, x1)))))), add(exp(a), aq(add(mul(x3, x3), x1), x1)))))
GPU5 stages: candidates=2500 pre_s=22.895 cheap_candidates=1871 cheap_unique=1865 cheap_s=35.816/40.000 cheap_rejected=197 cheap_a_min=-0.162203373181 cheap_a_p50=0.000207704143568 cheap_a_p95=1.50516619686 cheap_a_max=1416.98316902 exact_a_gate=0.15 exact_provisional_penalty=3928.17976309 exact_candidates=1674 exact_unique=1668 full_exact_enabled=1 exact_capacity=1200 exact_waves=134 exact_scheduled=1200 exact_deferred=444 exact_wave=1200/1200 exact_queue_depth=0 exact_pending_instances=445 exact_s=187.207 exact_ok=1200 exact_margin_max=7.61203292587 exact_scan_mean_s=0.042 exact_bisect_mean_s=0.006 exact_polish_mean_s=0.249 exact_final_mean_s=0.018 exact_margin_abs_b_max=nan cache_hits=0 cache_misses=0 cache_waits=0
414	2500 	540.147	701.998    	1048.01    	182.309	35 	113.776	277	66.0141
Best individuals of this generation:
add(mul(x1, aq(x1, add(add(x1, mul(sin(add(x2, x1)), mul(sub(sub(add(x2, exp(x1)), mul(x3, sub(x2, x4))), x3), add(a, a)))), x3))), mul(mul(sub(add(x1, exp(mul(sin(x4), x4))), mul(x3, sub(x2, x4))), aq(add(exp(a), add(x2, x1)), a)), add(add(mul(x3, add(add(x3, x1), x2)), add(x2, mul(mul(sub(add(mul(x2, mul(x3, x2)), exp(x1)), mul(x3, sub(x2, x4))), aq(add(x2, x1), x1)), add(exp(a), add(x2, aq(x2, x1)))))), add(exp(a), aq(add(mul(x3, x3), x1), x1)))))
GPU5 stages: candidates=2500 pre_s=22.844 cheap_candidates=1818 cheap_unique=1816 cheap_s=35.500/40.000 cheap_rejected=203 cheap_a_min=-0.286635715979 cheap_a_p50=0.000207704148644 cheap_a_p95=1.48233239361 cheap_a_max=1125.3396503 exact_a_gate=0.15 exact_provisional_penalty=3928.17976309 exact_candidates=1615 exact_unique=1613 full_exact_enabled=1 exact_capacity=1200 exact_waves=134 exact_scheduled=1200 exact_deferred=388 exact_wave=1200/1200 exact_queue_depth=0 exact_pending_instances=390 exact_s=191.127 exact_ok=1200 exact_margin_max=3.3192819315 exact_scan_mean_s=0.043 exact_bisect_mean_s=0.005 exact_polish_mean_s=0.238 exact_final_mean_s=0.017 exact_margin_abs_b_max=nan cache_hits=0 cache_misses=0 cache_waits=0
415	2500 	540.147	701.969    	1047.91    	182.292	35 	113.83 	277	66.294 
Best individuals of this generation:
add(mul(x1, aq(x1, add(add(x1, mul(sin(add(x2, x1)), mul(sub(sub(add(x2, exp(x1)), mul(x3, sub(x2, x4))), x3), add(a, a)))), x3))), mul(mul(sub(add(x1, exp(mul(sin(x4), x4))), mul(x3, sub(x2, x4))), aq(add(exp(a), add(x2, x1)), a)), add(add(mul(x3, add(add(x3, x1), x2)), add(x2, mul(mul(sub(add(mul(x2, mul(x3, x2)), exp(x1)), mul(x3, sub(x2, x4))), aq(add(x2, x1), x1)), add(exp(a), add(x2, aq(x2, x1)))))), add(exp(a), aq(add(mul(x3, x3), x1), x1)))))
GPU5 stages: candidates=2500 pre_s=22.756 cheap_candidates=1856 cheap_unique=1854 cheap_s=36.316/40.000 cheap_rejected=215 cheap_a_min=-0.350619521634 cheap_a_p50=0.000207704152091 cheap_a_p95=2.05329242789 cheap_a_max=1898.88611762 exact_a_gate=0.15 exact_provisional_penalty=3928.17976309 exact_candidates=1641 exact_unique=1639 full_exact_enabled=1 exact_capacity=1200 exact_waves=134 exact_scheduled=1200 exact_deferred=415 exact_wave=1200/1200 exact_queue_depth=0 exact_pending_instances=415 exact_s=187.606 exact_ok=1200 exact_margin_max=49.2257599303 exact_scan_mean_s=0.043 exact_bisect_mean_s=0.004 exact_polish_mean_s=0.243 exact_final_mean_s=0.014 exact_margin_abs_b_max=nan cache_hits=0 cache_misses=0 cache_waits=0
416	2500 	540.147	701.946    	1047.88    	182.291	35 	113.794	277	66.01  
Best individuals of this generation:
add(mul(x1, aq(x1, add(add(x1, mul(sin(add(x2, x1)), mul(sub(sub(add(x2, exp(x1)), mul(x3, sub(x2, x4))), x3), add(a, a)))), x3))), mul(mul(sub(add(x1, exp(mul(sin(x4), x4))), mul(x3, sub(x2, x4))), aq(add(exp(a), add(x2, x1)), a)), add(add(mul(x3, add(add(x3, x1), x2)), add(x2, mul(mul(sub(add(mul(x2, mul(x3, x2)), exp(x1)), mul(x3, sub(x2, x4))), aq(add(x2, x1), x1)), add(exp(a), add(x2, aq(x2, x1)))))), add(exp(a), aq(add(mul(x3, x3), x1), x1)))))
GPU5 stages: candidates=2500 pre_s=23.086 cheap_candidates=1840 cheap_unique=1838 cheap_s=35.082/40.000 cheap_rejected=212 cheap_a_min=-0.381510462542 cheap_a_p50=0.000207704143605 cheap_a_p95=2.62455880687 cheap_a_max=3045.39970258 exact_a_gate=0.15 exact_provisional_penalty=3928.17976309 exact_candidates=1628 exact_unique=1626 full_exact_enabled=1 exact_capacity=1200 exact_waves=134 exact_scheduled=1200 exact_deferred=398 exact_wave=1200/1200 exact_queue_depth=0 exact_pending_instances=398 exact_s=189.660 exact_ok=1200 exact_margin_max=3.36135949151 exact_scan_mean_s=0.042 exact_bisect_mean_s=0.006 exact_polish_mean_s=0.245 exact_final_mean_s=0.012 exact_margin_abs_b_max=nan cache_hits=0 cache_misses=0 cache_waits=0
417	2500 	540.147	701.917    	1047.72    	182.277	35 	113.547	277	65.5987
Best individuals of this generation:
add(mul(x1, aq(x1, add(add(x1, mul(sin(add(x2, x1)), mul(sub(sub(add(x2, exp(x1)), mul(x3, sub(x2, x4))), x3), add(a, a)))), x3))), mul(mul(sub(add(x1, exp(mul(sin(x4), x4))), mul(x3, sub(x2, x4))), aq(add(exp(a), add(x2, x1)), a)), add(add(mul(x3, add(add(x3, x1), x2)), add(x2, mul(mul(sub(add(mul(x2, mul(x3, x2)), exp(x1)), mul(x3, sub(x2, x4))), aq(add(x2, x1), x1)), add(exp(a), add(x2, aq(x2, x1)))))), add(exp(a), aq(add(mul(x3, x3), x1), x1)))))
GPU5 stages: candidates=2500 pre_s=23.222 cheap_candidates=1849 cheap_unique=1845 cheap_s=34.412/40.000 cheap_rejected=206 cheap_a_min=-0.187603258859 cheap_a_p50=0.000207704146333 cheap_a_p95=2.20199801184 cheap_a_max=3791.06467482 exact_a_gate=0.15 exact_provisional_penalty=3928.17976309 exact_candidates=1643 exact_unique=1639 full_exact_enabled=1 exact_capacity=1200 exact_waves=134 exact_scheduled=1200 exact_deferred=418 exact_wave=1200/1200 exact_queue_depth=0 exact_pending_instances=418 exact_s=188.090 exact_ok=1200 exact_margin_max=2.62343366354 exact_scan_mean_s=0.044 exact_bisect_mean_s=0.005 exact_polish_mean_s=0.244 exact_final_mean_s=0.013 exact_margin_abs_b_max=nan cache_hits=0 cache_misses=0 cache_waits=0
418	2500 	540.147	701.895    	1047.66    	182.261	35 	113.467	269	65.2337
Best individuals of this generation:
add(mul(x1, aq(x1, add(add(x1, mul(sin(add(x2, x1)), mul(sub(sub(add(x2, exp(x1)), mul(x3, sub(x2, x4))), x3), add(a, a)))), x3))), mul(mul(sub(add(x1, exp(mul(sin(x4), x4))), mul(x3, sub(x2, x4))), aq(add(exp(a), add(x2, x1)), a)), add(add(mul(x3, add(add(x3, x1), x2)), add(x2, mul(mul(sub(add(mul(x2, mul(x3, x2)), exp(x1)), mul(x3, sub(x2, x4))), aq(add(x2, x1), x1)), add(exp(a), add(x2, aq(x2, x1)))))), add(exp(a), aq(add(mul(x3, x3), x1), x1)))))
GPU5 stages: candidates=2500 pre_s=23.164 cheap_candidates=1834 cheap_unique=1831 cheap_s=34.380/40.000 cheap_rejected=209 cheap_a_min=-0.814072725833 cheap_a_p50=0.00020769753072 cheap_a_p95=1.89765979246 cheap_a_max=2333.03491936 exact_a_gate=0.15 exact_provisional_penalty=3928.17976309 exact_candidates=1625 exact_unique=1622 full_exact_enabled=1 exact_capacity=1200 exact_waves=134 exact_scheduled=1200 exact_deferred=403 exact_wave=1200/1200 exact_queue_depth=0 exact_pending_instances=403 exact_s=195.364 exact_ok=1200 exact_margin_max=54.1934202093 exact_scan_mean_s=0.051 exact_bisect_mean_s=0.008 exact_polish_mean_s=0.247 exact_final_mean_s=0.006 exact_margin_abs_b_max=nan cache_hits=0 cache_misses=0 cache_waits=0
419	2500 	540.147	701.868    	1047.54    	182.237	36 	113.328	279	64.9849
Best individuals of this generation:
add(mul(x1, aq(x1, add(add(x1, mul(sin(add(x2, x1)), mul(sub(sub(add(x2, exp(x1)), mul(x3, sub(x2, x4))), x3), add(a, a)))), x3))), mul(mul(sub(add(x1, exp(mul(sin(x4), x4))), mul(x3, sub(x2, x4))), aq(add(exp(a), add(x2, x1)), a)), add(add(mul(x3, add(add(x3, x1), x2)), add(x2, mul(mul(sub(add(mul(x2, mul(x3, x2)), exp(x1)), mul(x3, sub(x2, x4))), aq(add(x2, x1), x1)), add(exp(a), add(x2, aq(x2, x1)))))), add(exp(a), aq(add(mul(x3, x3), x1), x1)))))
GPU5 stages: candidates=2500 pre_s=23.105 cheap_candidates=1830 cheap_unique=1826 cheap_s=35.599/40.000 cheap_rejected=207 cheap_a_min=-0.578294186249 cheap_a_p50=0.000207704151684 cheap_a_p95=1.25331364591 cheap_a_max=8733.7965454 exact_a_gate=0.15 exact_provisional_penalty=3928.17976309 exact_candidates=1623 exact_unique=1619 full_exact_enabled=1 exact_capacity=1200 exact_waves=134 exact_scheduled=1200 exact_deferred=408 exact_wave=1200/1200 exact_queue_depth=0 exact_pending_instances=408 exact_s=189.937 exact_ok=1200 exact_margin_max=3.74979808457 exact_scan_mean_s=0.041 exact_bisect_mean_s=0.005 exact_polish_mean_s=0.249 exact_final_mean_s=0.011 exact_margin_abs_b_max=nan cache_hits=0 cache_misses=0 cache_waits=0
420	2500 	540.147	701.853    	1047.47    	182.234	36 	113.239	279	64.7362
Best individuals of this generation:
add(mul(x1, aq(x1, add(add(x1, mul(sin(add(x2, x1)), mul(sub(sub(add(x2, exp(x1)), mul(x3, sub(x2, x4))), x3), add(a, a)))), x3))), mul(mul(sub(add(x1, exp(mul(sin(x4), x4))), mul(x3, sub(x2, x4))), aq(add(exp(a), add(x2, x1)), a)), add(add(mul(x3, add(add(x3, x1), x2)), add(x2, mul(mul(sub(add(mul(x2, mul(x3, x2)), exp(x1)), mul(x3, sub(x2, x4))), aq(add(x2, x1), x1)), add(exp(a), add(x2, aq(x2, x1)))))), add(exp(a), aq(add(mul(x3, x3), x1), x1)))))
GPU5 stages: candidates=2500 pre_s=22.909 cheap_candidates=1837 cheap_unique=1833 cheap_s=35.727/40.000 cheap_rejected=176 cheap_a_min=-0.233617702603 cheap_a_p50=0.000207697530367 cheap_a_p95=0.991945266259 cheap_a_max=8133.07685668 exact_a_gate=0.15 exact_provisional_penalty=6053.97047771 exact_candidates=1661 exact_unique=1657 full_exact_enabled=1 exact_capacity=1200 exact_waves=134 exact_scheduled=1200 exact_deferred=426 exact_wave=1200/1200 exact_queue_depth=0 exact_pending_instances=427 exact_s=189.952 exact_ok=1200 exact_margin_max=27.6928049946 exact_scan_mean_s=0.042 exact_bisect_mean_s=0.005 exact_polish_mean_s=0.241 exact_final_mean_s=0.012 exact_margin_abs_b_max=nan cache_hits=0 cache_misses=0 cache_waits=0
421	2500 	540.147	701.816    	1047.37    	182.233	36 	113.245	279	64.5957
Best individuals of this generation:
add(mul(x1, aq(x1, add(add(x1, mul(sin(add(x2, x1)), mul(sub(sub(add(x2, exp(x1)), mul(x3, sub(x2, x4))), x3), add(a, a)))), x3))), mul(mul(sub(add(x1, exp(mul(sin(x4), x4))), mul(x3, sub(x2, x4))), aq(add(exp(a), add(x2, x1)), a)), add(add(mul(x3, add(add(x3, x1), x2)), add(x2, mul(mul(sub(add(mul(x2, mul(x3, x2)), exp(x1)), mul(x3, sub(x2, x4))), aq(add(x2, x1), x1)), add(exp(a), add(x2, aq(x2, x1)))))), add(exp(a), aq(add(mul(x3, x3), x1), x1)))))
GPU5 stages: candidates=2500 pre_s=23.106 cheap_candidates=1840 cheap_unique=1837 cheap_s=34.932/40.000 cheap_rejected=194 cheap_a_min=-0.302734488262 cheap_a_p50=0.000207697134755 cheap_a_p95=0.859486358019 cheap_a_max=637.461895822 exact_a_gate=0.15 exact_provisional_penalty=3928.17976309 exact_candidates=1646 exact_unique=1643 full_exact_enabled=1 exact_capacity=1200 exact_waves=134 exact_scheduled=1200 exact_deferred=415 exact_wave=1200/1200 exact_queue_depth=0 exact_pending_instances=416 exact_s=192.167 exact_ok=1200 exact_margin_max=29.6011630973 exact_scan_mean_s=0.042 exact_bisect_mean_s=0.004 exact_polish_mean_s=0.241 exact_final_mean_s=0.011 exact_margin_abs_b_max=nan cache_hits=0 cache_misses=0 cache_waits=0
422	2500 	540.147	701.79     	1047.31    	182.229	36 	113.132	279	64.4027
Best individuals of this generation:
add(mul(x1, aq(x1, add(add(x1, mul(sin(add(x2, x1)), mul(sub(sub(add(x2, exp(x1)), mul(x3, sub(x2, x4))), x3), add(a, a)))), x3))), mul(mul(sub(add(x1, exp(mul(sin(x4), x4))), mul(x3, sub(x2, x4))), aq(add(exp(a), add(x2, x1)), a)), add(add(mul(x3, add(add(x3, x1), x2)), add(x2, mul(mul(sub(add(mul(x2, mul(x3, x2)), exp(x1)), mul(x3, sub(x2, x4))), aq(add(x2, x1), x1)), add(exp(a), add(x2, aq(x2, x1)))))), add(exp(a), aq(add(mul(x3, x3), x1), x1)))))
GPU5 stages: candidates=2500 pre_s=22.864 cheap_candidates=1820 cheap_unique=1816 cheap_s=37.263/40.000 cheap_rejected=203 cheap_a_min=-0.28633885353 cheap_a_p50=0.000208508425631 cheap_a_p95=1.30805075692 cheap_a_max=493.064773407 exact_a_gate=0.15 exact_provisional_penalty=3928.17976309 exact_candidates=1617 exact_unique=1613 full_exact_enabled=1 exact_capacity=1200 exact_waves=134 exact_scheduled=1200 exact_deferred=398 exact_wave=1200/1200 exact_queue_depth=0 exact_pending_instances=401 exact_s=191.176 exact_ok=1200 exact_margin_max=2.62460901295 exact_scan_mean_s=0.042 exact_bisect_mean_s=0.004 exact_polish_mean_s=0.241 exact_final_mean_s=0.008 exact_margin_abs_b_max=nan cache_hits=0 cache_misses=0 cache_waits=0
423	2500 	540.147	701.731    	1047.24    	182.225	36 	113.056	279	64.3786
Best individuals of this generation:
add(mul(x1, aq(x1, add(add(x1, mul(sin(add(x2, x1)), mul(sub(sub(add(x2, exp(x1)), mul(x3, sub(x2, x4))), x3), add(a, a)))), x3))), mul(mul(sub(add(x1, exp(mul(sin(x4), x4))), mul(x3, sub(x2, x4))), aq(add(exp(a), add(x2, x1)), a)), add(add(mul(x3, add(add(x3, x1), x2)), add(x2, mul(mul(sub(add(mul(x2, mul(x3, x2)), exp(x1)), mul(x3, sub(x2, x4))), aq(add(x2, x1), x1)), add(exp(a), add(x2, aq(x2, x1)))))), add(exp(a), aq(add(mul(x3, x3), x1), x1)))))
GPU5 stages: candidates=2500 pre_s=23.156 cheap_candidates=1846 cheap_unique=1841 cheap_s=36.189/40.000 cheap_rejected=216 cheap_a_min=-0.892123894986 cheap_a_p50=0.000207701376679 cheap_a_p95=1.72675659177 cheap_a_max=1507.0853949 exact_a_gate=0.15 exact_provisional_penalty=3928.17976309 exact_candidates=1630 exact_unique=1625 full_exact_enabled=1 exact_capacity=1200 exact_waves=134 exact_scheduled=1200 exact_deferred=406 exact_wave=1200/1200 exact_queue_depth=0 exact_pending_instances=409 exact_s=180.375 exact_ok=1200 exact_margin_max=22.7997827455 exact_scan_mean_s=0.042 exact_bisect_mean_s=0.004 exact_polish_mean_s=0.236 exact_final_mean_s=0.013 exact_margin_abs_b_max=nan cache_hits=0 cache_misses=0 cache_waits=0
424	2500 	540.147	701.707    	1047.09    	182.209	36 	112.956	279	64.336 
Best individuals of this generation:
add(mul(x1, aq(x1, add(add(x1, mul(sin(add(x2, x1)), mul(sub(sub(add(x2, exp(x1)), mul(x3, sub(x2, x4))), x3), add(a, a)))), x3))), mul(mul(sub(add(x1, exp(mul(sin(x4), x4))), mul(x3, sub(x2, x4))), aq(add(exp(a), add(x2, x1)), a)), add(add(mul(x3, add(add(x3, x1), x2)), add(x2, mul(mul(sub(add(mul(x2, mul(x3, x2)), exp(x1)), mul(x3, sub(x2, x4))), aq(add(x2, x1), x1)), add(exp(a), add(x2, aq(x2, x1)))))), add(exp(a), aq(add(mul(x3, x3), x1), x1)))))
GPU5 stages: candidates=2500 pre_s=22.869 cheap_candidates=1835 cheap_unique=1834 cheap_s=35.868/40.000 cheap_rejected=192 cheap_a_min=-0.262316850518 cheap_a_p50=0.000207704151683 cheap_a_p95=1.22421697453 cheap_a_max=3918.59914203 exact_a_gate=0.15 exact_provisional_penalty=3928.17976309 exact_candidates=1643 exact_unique=1642 full_exact_enabled=1 exact_capacity=1200 exact_waves=134 exact_scheduled=1200 exact_deferred=423 exact_wave=1200/1200 exact_queue_depth=0 exact_pending_instances=423 exact_s=185.976 exact_ok=1200 exact_margin_max=4.52977610571e+14 exact_scan_mean_s=0.043 exact_bisect_mean_s=0.005 exact_polish_mean_s=0.244 exact_final_mean_s=0.015 exact_margin_abs_b_max=nan cache_hits=0 cache_misses=0 cache_waits=0
425	2500 	540.147	701.68     	1047.02    	182.203	36 	112.839	279	64.3783
Best individuals of this generation:
add(mul(x1, aq(x1, add(add(x1, mul(sin(add(x2, x1)), mul(sub(sub(add(x2, exp(x1)), mul(x3, sub(x2, x4))), x3), add(a, a)))), x3))), mul(mul(sub(add(x1, exp(mul(sin(x4), x4))), mul(x3, sub(x2, x4))), aq(add(exp(a), add(x2, x1)), a)), add(add(mul(x3, add(add(x3, x1), x2)), add(x2, mul(mul(sub(add(mul(x2, mul(x3, x2)), exp(x1)), mul(x3, sub(x2, x4))), aq(add(x2, x1), x1)), add(exp(a), add(x2, aq(x2, x1)))))), add(exp(a), aq(add(mul(x3, x3), x1), x1)))))
GPU5 stages: candidates=2500 pre_s=22.986 cheap_candidates=1871 cheap_unique=1867 cheap_s=35.735/40.000 cheap_rejected=193 cheap_a_min=-0.342240784658 cheap_a_p50=0.000207696937469 cheap_a_p95=1.09321431362 cheap_a_max=4788.76018455 exact_a_gate=0.15 exact_provisional_penalty=3928.17976309 exact_candidates=1678 exact_unique=1674 full_exact_enabled=1 exact_capacity=1200 exact_waves=134 exact_scheduled=1200 exact_deferred=449 exact_wave=1200/1200 exact_queue_depth=0 exact_pending_instances=449 exact_s=190.642 exact_ok=1200 exact_margin_max=1.6372735878 exact_scan_mean_s=0.042 exact_bisect_mean_s=0.004 exact_polish_mean_s=0.243 exact_final_mean_s=0.014 exact_margin_abs_b_max=nan cache_hits=0 cache_misses=0 cache_waits=0
426	2500 	540.147	701.658    	1046.92    	182.184	36 	112.84 	279	64.4028
Best individuals of this generation:
add(mul(x1, aq(x1, add(add(x1, mul(sin(add(x2, x1)), mul(sub(sub(add(x2, exp(x1)), mul(x3, sub(x2, x4))), x3), add(a, a)))), x3))), mul(mul(sub(add(x1, exp(mul(sin(x4), x4))), mul(x3, sub(x2, x4))), aq(add(exp(a), add(x2, x1)), a)), add(add(mul(x3, add(add(x3, x1), x2)), add(x2, mul(mul(sub(add(mul(x2, mul(x3, x2)), exp(x1)), mul(x3, sub(x2, x4))), aq(add(x2, x1), x1)), add(exp(a), add(x2, aq(x2, x1)))))), add(exp(a), aq(add(mul(x3, x3), x1), x1)))))
GPU5 stages: candidates=2500 pre_s=22.955 cheap_candidates=1799 cheap_unique=1799 cheap_s=35.731/40.000 cheap_rejected=213 cheap_a_min=-0.20584002472 cheap_a_p50=0.000207704152328 cheap_a_p95=2.13100114818 cheap_a_max=50708.5189453 exact_a_gate=0.15 exact_provisional_penalty=3928.17976309 exact_candidates=1586 exact_unique=1586 full_exact_enabled=1 exact_capacity=1200 exact_waves=134 exact_scheduled=1200 exact_deferred=368 exact_wave=1200/1200 exact_queue_depth=0 exact_pending_instances=368 exact_s=189.776 exact_ok=1200 exact_margin_max=0.166732690003 exact_scan_mean_s=0.042 exact_bisect_mean_s=0.006 exact_polish_mean_s=0.243 exact_final_mean_s=0.020 exact_margin_abs_b_max=nan cache_hits=0 cache_misses=0 cache_waits=0
427	2500 	540.147	701.643    	1046.89    	182.191	36 	112.795	265	64.35  
Best individuals of this generation:
add(mul(x1, aq(x1, add(add(x1, mul(sin(add(x2, x1)), mul(sub(sub(add(x2, exp(x1)), mul(x3, sub(x2, x4))), x3), add(a, a)))), x3))), mul(mul(sub(add(x1, exp(mul(sin(x4), x4))), mul(x3, sub(x2, x4))), aq(add(exp(a), add(x2, x1)), a)), add(add(mul(x3, add(add(x3, x1), x2)), add(x2, mul(mul(sub(add(mul(x2, mul(x3, x2)), exp(x1)), mul(x3, sub(x2, x4))), aq(add(x2, x1), x1)), add(exp(a), add(x2, aq(x2, x1)))))), add(exp(a), aq(add(mul(x3, x3), x1), x1)))))
GPU5 stages: candidates=2500 pre_s=22.810 cheap_candidates=1842 cheap_unique=1837 cheap_s=35.049/40.000 cheap_rejected=200 cheap_a_min=-0.412220274725 cheap_a_p50=0.000207696952244 cheap_a_p95=1.97723931769 cheap_a_max=1274.49697583 exact_a_gate=0.15 exact_provisional_penalty=3928.17976309 exact_candidates=1642 exact_unique=1637 full_exact_enabled=1 exact_capacity=1200 exact_waves=134 exact_scheduled=1200 exact_deferred=410 exact_wave=1200/1200 exact_queue_depth=0 exact_pending_instances=410 exact_s=185.821 exact_ok=1200 exact_margin_max=0.611079284677 exact_scan_mean_s=0.043 exact_bisect_mean_s=0.005 exact_polish_mean_s=0.242 exact_final_mean_s=0.014 exact_margin_abs_b_max=nan cache_hits=0 cache_misses=0 cache_waits=0
428	2500 	540.147	701.625    	1046.84    	182.175	36 	112.724	265	64.3682
Best individuals of this generation:
add(mul(x1, aq(x1, add(add(x1, mul(sin(add(x2, x1)), mul(sub(sub(add(x2, exp(x1)), mul(x3, sub(x2, x4))), x3), add(a, a)))), x3))), mul(mul(sub(add(x1, exp(mul(sin(x4), x4))), mul(x3, sub(x2, x4))), aq(add(exp(a), add(x2, x1)), a)), add(add(mul(x3, add(add(x3, x1), x2)), add(x2, mul(mul(sub(add(mul(x2, mul(x3, x2)), exp(x1)), mul(x3, sub(x2, x4))), aq(add(x2, x1), x1)), add(exp(a), add(x2, aq(x2, x1)))))), add(exp(a), aq(add(mul(x3, x3), x1), x1)))))
GPU5 stages: candidates=2500 pre_s=22.970 cheap_candidates=1771 cheap_unique=1767 cheap_s=33.741/40.000 cheap_rejected=161 cheap_a_min=-1.11055946703 cheap_a_p50=0.000207704149259 cheap_a_p95=0.960995947233 cheap_a_max=8742.28905391 exact_a_gate=0.15 exact_provisional_penalty=3928.17976309 exact_candidates=1610 exact_unique=1606 full_exact_enabled=1 exact_capacity=1200 exact_waves=134 exact_scheduled=1200 exact_deferred=385 exact_wave=1200/1200 exact_queue_depth=0 exact_pending_instances=385 exact_s=186.979 exact_ok=1200 exact_margin_max=3.63767928914 exact_scan_mean_s=0.042 exact_bisect_mean_s=0.005 exact_polish_mean_s=0.236 exact_final_mean_s=0.015 exact_margin_abs_b_max=nan cache_hits=0 cache_misses=0 cache_waits=0
429	2500 	540.147	701.601    	1046.79    	182.176	36 	112.658	275	64.2544
Best individuals of this generation:
add(mul(x1, aq(x1, add(add(x1, mul(sin(add(x2, x1)), mul(sub(sub(add(x2, exp(x1)), mul(x3, sub(x2, x4))), x3), add(a, a)))), x3))), mul(mul(sub(add(x1, exp(mul(sin(x4), x4))), mul(x3, sub(x2, x4))), aq(add(exp(a), add(x2, x1)), a)), add(add(mul(x3, add(add(x3, x1), x2)), add(x2, mul(mul(sub(add(mul(x2, mul(x3, x2)), exp(x1)), mul(x3, sub(x2, x4))), aq(add(x2, x1), x1)), add(exp(a), add(x2, aq(x2, x1)))))), add(exp(a), aq(add(mul(x3, x3), x1), x1)))))
GPU5 stages: candidates=2500 pre_s=23.044 cheap_candidates=1798 cheap_unique=1798 cheap_s=34.943/40.000 cheap_rejected=202 cheap_a_min=-0.255551517219 cheap_a_p50=0.000207704150886 cheap_a_p95=1.20264397326 cheap_a_max=888.039294252 exact_a_gate=0.15 exact_provisional_penalty=4447.46019224 exact_candidates=1596 exact_unique=1596 full_exact_enabled=1 exact_capacity=1200 exact_waves=134 exact_scheduled=1200 exact_deferred=372 exact_wave=1200/1200 exact_queue_depth=0 exact_pending_instances=372 exact_s=188.377 exact_ok=1200 exact_margin_max=32.7819117595 exact_scan_mean_s=0.042 exact_bisect_mean_s=0.005 exact_polish_mean_s=0.251 exact_final_mean_s=0.010 exact_margin_abs_b_max=nan cache_hits=0 cache_misses=0 cache_waits=0
430	2500 	540.147	701.58     	1046.68    	182.157	36 	112.628	275	64.1122
Best individuals of this generation:
add(mul(x1, aq(x1, add(add(x1, mul(sin(add(x2, x1)), mul(sub(sub(add(x2, exp(x1)), mul(x3, sub(x2, x4))), x3), add(a, a)))), x3))), mul(mul(sub(add(x1, exp(mul(sin(x4), x4))), mul(x3, sub(x2, x4))), aq(add(exp(a), add(x2, x1)), a)), add(add(mul(x3, add(add(x3, x1), x2)), add(x2, mul(mul(sub(add(mul(x2, mul(x3, x2)), exp(x1)), mul(x3, sub(x2, x4))), aq(add(x2, x1), x1)), add(exp(a), add(x2, aq(x2, x1)))))), add(exp(a), aq(add(mul(x3, x3), x1), x1)))))
GPU5 stages: candidates=2500 pre_s=22.984 cheap_candidates=1878 cheap_unique=1872 cheap_s=36.609/40.000 cheap_rejected=197 cheap_a_min=-0.536216336554 cheap_a_p50=0.000208404766853 cheap_a_p95=0.808618629042 cheap_a_max=2136.52265625 exact_a_gate=0.15 exact_provisional_penalty=3928.17976309 exact_candidates=1681 exact_unique=1675 full_exact_enabled=1 exact_capacity=1200 exact_waves=134 exact_scheduled=1200 exact_deferred=461 exact_wave=1200/1200 exact_queue_depth=0 exact_pending_instances=461 exact_s=192.903 exact_ok=1200 exact_margin_max=0.14591888156 exact_scan_mean_s=0.042 exact_bisect_mean_s=0.006 exact_polish_mean_s=0.257 exact_final_mean_s=0.014 exact_margin_abs_b_max=nan cache_hits=0 cache_misses=0 cache_waits=0
431	2500 	540.147	701.56     	1046.59    	182.145	36 	112.807	275	64.3012
Best individuals of this generation:
add(mul(x1, aq(x1, add(add(x1, mul(sin(add(x2, x1)), mul(sub(sub(add(x2, exp(x1)), mul(x3, sub(x2, x4))), x3), add(a, a)))), x3))), mul(mul(sub(add(x1, exp(mul(sin(x4), x4))), mul(x3, sub(x2, x4))), aq(add(exp(a), add(x2, x1)), a)), add(add(mul(x3, add(add(x3, x1), x2)), add(x2, mul(mul(sub(add(mul(x2, mul(x3, x2)), exp(x1)), mul(x3, sub(x2, x4))), aq(add(x2, x1), x1)), add(exp(a), add(x2, aq(x2, x1)))))), add(exp(a), aq(add(mul(x3, x3), x1), x1)))))
GPU5 stages: candidates=2500 pre_s=23.044 cheap_candidates=1842 cheap_unique=1841 cheap_s=36.006/40.000 cheap_rejected=219 cheap_a_min=-0.657531311824 cheap_a_p50=0.000208660015115 cheap_a_p95=1.66423847074 cheap_a_max=3231.11696343 exact_a_gate=0.15 exact_provisional_penalty=3928.17976309 exact_candidates=1623 exact_unique=1622 full_exact_enabled=1 exact_capacity=1200 exact_waves=134 exact_scheduled=1200 exact_deferred=399 exact_wave=1200/1200 exact_queue_depth=0 exact_pending_instances=399 exact_s=193.021 exact_ok=1200 exact_margin_max=1.58235329681 exact_scan_mean_s=0.043 exact_bisect_mean_s=0.005 exact_polish_mean_s=0.253 exact_final_mean_s=0.016 exact_margin_abs_b_max=nan cache_hits=0 cache_misses=0 cache_waits=0
432	2500 	540.147	701.528    	1046.5     	182.135	36 	112.987	275	64.1991
Best individuals of this generation:
add(mul(x1, aq(x1, add(add(x1, mul(sin(add(x2, x1)), mul(sub(sub(add(x2, exp(x1)), mul(x3, sub(x2, x4))), x3), add(a, a)))), x3))), mul(mul(sub(add(x1, exp(mul(sin(x4), x4))), mul(x3, sub(x2, x4))), aq(add(exp(a), add(x2, x1)), a)), add(add(mul(x3, add(add(x3, x1), x2)), add(x2, mul(mul(sub(add(mul(x2, mul(x3, x2)), exp(x1)), mul(x3, sub(x2, x4))), aq(add(x2, x1), x1)), add(exp(a), add(x2, aq(x2, x1)))))), add(exp(a), aq(add(mul(x3, x3), x1), x1)))))
GPU5 stages: candidates=2500 pre_s=23.173 cheap_candidates=1851 cheap_unique=1849 cheap_s=35.789/40.000 cheap_rejected=234 cheap_a_min=-0.330375090691 cheap_a_p50=0.000208553476105 cheap_a_p95=1.94372626764 cheap_a_max=9077.61705766 exact_a_gate=0.15 exact_provisional_penalty=3928.17976309 exact_candidates=1617 exact_unique=1615 full_exact_enabled=1 exact_capacity=1200 exact_waves=134 exact_scheduled=1200 exact_deferred=398 exact_wave=1200/1200 exact_queue_depth=0 exact_pending_instances=398 exact_s=192.781 exact_ok=1200 exact_margin_max=664.400960414 exact_scan_mean_s=0.042 exact_bisect_mean_s=0.004 exact_polish_mean_s=0.247 exact_final_mean_s=0.012 exact_margin_abs_b_max=nan cache_hits=0 cache_misses=0 cache_waits=0
433	2500 	540.147	701.491    	1046.42    	182.138	36 	113.086	275	63.9962
Best individuals of this generation:
add(mul(x1, aq(x1, add(add(x1, mul(sin(add(x2, x1)), mul(sub(sub(add(x2, exp(x1)), mul(x3, sub(x2, x4))), x3), add(a, a)))), x3))), mul(mul(sub(add(x1, exp(mul(sin(x4), x4))), mul(x3, sub(x2, x4))), aq(add(exp(a), add(x2, x1)), a)), add(add(mul(x3, add(add(x3, x1), x2)), add(x2, mul(mul(sub(add(mul(x2, mul(x3, x2)), exp(x1)), mul(x3, sub(x2, x4))), aq(add(x2, x1), x1)), add(exp(a), add(x2, aq(x2, x1)))))), add(exp(a), aq(add(mul(x3, x3), x1), x1)))))
GPU5 stages: candidates=2500 pre_s=23.186 cheap_candidates=1813 cheap_unique=1811 cheap_s=35.475/40.000 cheap_rejected=197 cheap_a_min=-0.353906152378 cheap_a_p50=0.000208652987412 cheap_a_p95=1.14089056954 cheap_a_max=3665.36017133 exact_a_gate=0.15 exact_provisional_penalty=3928.17976309 exact_candidates=1616 exact_unique=1614 full_exact_enabled=1 exact_capacity=1200 exact_waves=134 exact_scheduled=1200 exact_deferred=392 exact_wave=1200/1200 exact_queue_depth=0 exact_pending_instances=392 exact_s=201.662 exact_ok=1200 exact_margin_max=13.0870568614 exact_scan_mean_s=0.043 exact_bisect_mean_s=0.005 exact_polish_mean_s=0.248 exact_final_mean_s=0.013 exact_margin_abs_b_max=nan cache_hits=0 cache_misses=0 cache_waits=0
434	2500 	540.147	701.468    	1046.39    	182.139	36 	113.082	275	63.6148
Best individuals of this generation:
add(mul(x1, aq(x1, add(add(x1, mul(sin(add(x2, x1)), mul(sub(sub(add(x2, exp(x1)), mul(x3, sub(x2, x4))), x3), add(a, a)))), x3))), mul(mul(sub(add(x1, exp(mul(sin(x4), x4))), mul(x3, sub(x2, x4))), aq(add(exp(a), add(x2, x1)), a)), add(add(mul(x3, add(add(x3, x1), x2)), add(x2, mul(mul(sub(add(mul(x2, mul(x3, x2)), exp(x1)), mul(x3, sub(x2, x4))), aq(add(x2, x1), x1)), add(exp(a), add(x2, aq(x2, x1)))))), add(exp(a), aq(add(mul(x3, x3), x1), x1)))))
GPU5 stages: candidates=2500 pre_s=22.793 cheap_candidates=1837 cheap_unique=1837 cheap_s=36.825/40.000 cheap_rejected=201 cheap_a_min=-1.24354838495 cheap_a_p50=0.000208581076896 cheap_a_p95=0.859535280147 cheap_a_max=3838.60367559 exact_a_gate=0.15 exact_provisional_penalty=3928.17976309 exact_candidates=1636 exact_unique=1636 full_exact_enabled=1 exact_capacity=1200 exact_waves=134 exact_scheduled=1200 exact_deferred=419 exact_wave=1200/1200 exact_queue_depth=0 exact_pending_instances=419 exact_s=190.908 exact_ok=1200 exact_margin_max=1.20414411361 exact_scan_mean_s=0.042 exact_bisect_mean_s=0.004 exact_polish_mean_s=0.246 exact_final_mean_s=0.010 exact_margin_abs_b_max=nan cache_hits=0 cache_misses=0 cache_waits=0
435	2500 	540.147	701.448    	1046.32    	182.133	36 	113.141	275	63.2384
Best individuals of this generation:
add(mul(x1, aq(x1, add(add(x1, mul(sin(add(x2, x1)), mul(sub(sub(add(x2, exp(x1)), mul(x3, sub(x2, x4))), x3), add(a, a)))), x3))), mul(mul(sub(add(x1, exp(mul(sin(x4), x4))), mul(x3, sub(x2, x4))), aq(add(exp(a), add(x2, x1)), a)), add(add(mul(x3, add(add(x3, x1), x2)), add(x2, mul(mul(sub(add(mul(x2, mul(x3, x2)), exp(x1)), mul(x3, sub(x2, x4))), aq(add(x2, x1), x1)), add(exp(a), add(x2, aq(x2, x1)))))), add(exp(a), aq(add(mul(x3, x3), x1), x1)))))
GPU5 stages: candidates=2500 pre_s=22.827 cheap_candidates=1817 cheap_unique=1816 cheap_s=35.498/40.000 cheap_rejected=206 cheap_a_min=-0.277944303824 cheap_a_p50=0.000208632663303 cheap_a_p95=1.41571677417 cheap_a_max=2466.32881067 exact_a_gate=0.15 exact_provisional_penalty=3928.17976309 exact_candidates=1611 exact_unique=1610 full_exact_enabled=1 exact_capacity=1200 exact_waves=134 exact_scheduled=1200 exact_deferred=384 exact_wave=1200/1200 exact_queue_depth=0 exact_pending_instances=384 exact_s=188.672 exact_ok=1200 exact_margin_max=58.6610017667 exact_scan_mean_s=0.041 exact_bisect_mean_s=0.005 exact_polish_mean_s=0.247 exact_final_mean_s=0.017 exact_margin_abs_b_max=nan cache_hits=0 cache_misses=0 cache_waits=0
436	2500 	540.147	701.418    	1046.26    	182.128	36 	113.368	275	63.1565
Best individuals of this generation:
add(mul(x1, aq(x1, add(add(x1, mul(sin(add(x2, x1)), mul(sub(sub(add(x2, exp(x1)), mul(x3, sub(x2, x4))), x3), add(a, a)))), x3))), mul(mul(sub(add(x1, exp(mul(sin(x4), x4))), mul(x3, sub(x2, x4))), aq(add(exp(a), add(x2, x1)), a)), add(add(mul(x3, add(add(x3, x1), x2)), add(x2, mul(mul(sub(add(mul(x2, mul(x3, x2)), exp(x1)), mul(x3, sub(x2, x4))), aq(add(x2, x1), x1)), add(exp(a), add(x2, aq(x2, x1)))))), add(exp(a), aq(add(mul(x3, x3), x1), x1)))))
GPU5 stages: candidates=2500 pre_s=22.892 cheap_candidates=1881 cheap_unique=1879 cheap_s=37.084/40.000 cheap_rejected=199 cheap_a_min=-0.294829937447 cheap_a_p50=0.00020863842338 cheap_a_p95=1.10070011005 cheap_a_max=1791.32801695 exact_a_gate=0.15 exact_provisional_penalty=3928.17976309 exact_candidates=1682 exact_unique=1680 full_exact_enabled=1 exact_capacity=1200 exact_waves=134 exact_scheduled=1200 exact_deferred=460 exact_wave=1200/1200 exact_queue_depth=0 exact_pending_instances=460 exact_s=193.666 exact_ok=1200 exact_margin_max=68.9200129956 exact_scan_mean_s=0.043 exact_bisect_mean_s=0.003 exact_polish_mean_s=0.251 exact_final_mean_s=0.009 exact_margin_abs_b_max=nan cache_hits=0 cache_misses=0 cache_waits=0
437	2500 	540.147	701.335    	1046.25    	182.126	36 	113.414	275	62.8554
Best individuals of this generation:
add(mul(x1, aq(x1, add(add(x1, mul(sin(add(x2, x1)), mul(sub(sub(add(x2, exp(x1)), mul(x3, sub(x2, x4))), x3), add(a, a)))), x3))), mul(mul(sub(add(x1, exp(mul(sin(x4), x4))), mul(x3, sub(x2, x4))), aq(add(exp(a), add(x2, x1)), a)), add(add(mul(x3, add(add(x3, x1), x2)), add(x2, mul(mul(sub(add(mul(x2, mul(x3, x2)), exp(x1)), mul(x3, sub(x2, x4))), aq(add(x2, x1), x1)), add(exp(a), add(x2, aq(x2, x1)))))), add(exp(a), aq(add(mul(x3, x3), x1), x1)))))
GPU5 stages: candidates=2500 pre_s=23.108 cheap_candidates=1822 cheap_unique=1818 cheap_s=36.195/40.000 cheap_rejected=194 cheap_a_min=-0.49421283554 cheap_a_p50=0.000208616811433 cheap_a_p95=1.47003431159 cheap_a_max=3.47040122674e+23 exact_a_gate=0.15 exact_provisional_penalty=3928.17976309 exact_candidates=1628 exact_unique=1624 full_exact_enabled=1 exact_capacity=1200 exact_waves=134 exact_scheduled=1200 exact_deferred=399 exact_wave=1200/1200 exact_queue_depth=0 exact_pending_instances=399 exact_s=189.273 exact_ok=1200 exact_margin_max=8.16076164996 exact_scan_mean_s=0.044 exact_bisect_mean_s=0.003 exact_polish_mean_s=0.248 exact_final_mean_s=0.013 exact_margin_abs_b_max=nan cache_hits=0 cache_misses=0 cache_waits=0
438	2500 	540.147	701.315    	1046.19    	182.113	36 	113.362	275	62.9006
Best individuals of this generation:
add(mul(x1, aq(x1, add(add(x1, mul(sin(add(x2, x1)), mul(sub(sub(add(x2, exp(x1)), mul(x3, sub(x2, x4))), x3), add(a, a)))), x3))), mul(mul(sub(add(x1, exp(mul(sin(x4), x4))), mul(x3, sub(x2, x4))), aq(add(exp(a), add(x2, x1)), a)), add(add(mul(x3, add(add(x3, x1), x2)), add(x2, mul(mul(sub(add(mul(x2, mul(x3, x2)), exp(x1)), mul(x3, sub(x2, x4))), aq(add(x2, x1), x1)), add(exp(a), add(x2, aq(x2, x1)))))), add(exp(a), aq(add(mul(x3, x3), x1), x1)))))
GPU5 stages: candidates=2500 pre_s=22.816 cheap_candidates=1786 cheap_unique=1786 cheap_s=33.954/40.000 cheap_rejected=202 cheap_a_min=-0.376926006785 cheap_a_p50=0.000209826037463 cheap_a_p95=1.23563817211 cheap_a_max=2692.27681821 exact_a_gate=0.15 exact_provisional_penalty=3928.17976309 exact_candidates=1584 exact_unique=1584 full_exact_enabled=1 exact_capacity=1200 exact_waves=134 exact_scheduled=1200 exact_deferred=369 exact_wave=1200/1200 exact_queue_depth=0 exact_pending_instances=369 exact_s=192.792 exact_ok=1200 exact_margin_max=32.0541661403 exact_scan_mean_s=0.041 exact_bisect_mean_s=0.006 exact_polish_mean_s=0.240 exact_final_mean_s=0.013 exact_margin_abs_b_max=nan cache_hits=0 cache_misses=0 cache_waits=0
439	2500 	540.147	701.288    	1046.1     	182.097	36 	113.2  	275	62.9139
Best individuals of this generation:
add(mul(x1, aq(x1, add(add(x1, mul(sin(add(x2, x1)), mul(sub(sub(add(x2, exp(x1)), mul(x3, sub(x2, x4))), x3), add(a, a)))), x3))), mul(mul(sub(add(x1, exp(mul(sin(x4), x4))), mul(x3, sub(x2, x4))), aq(add(exp(a), add(x2, x1)), a)), add(add(mul(x3, add(add(x3, x1), x2)), add(x2, mul(mul(sub(add(mul(x2, mul(x3, x2)), exp(x1)), mul(x3, sub(x2, x4))), aq(add(x2, x1), x1)), add(exp(a), add(x2, aq(x2, x1)))))), add(exp(a), aq(add(mul(x3, x3), x1), x1)))))
GPU5 stages: candidates=2500 pre_s=23.147 cheap_candidates=1850 cheap_unique=1849 cheap_s=35.316/40.000 cheap_rejected=198 cheap_a_min=-0.276589449431 cheap_a_p50=0.000208648077961 cheap_a_p95=1.317008145 cheap_a_max=1350.55458591 exact_a_gate=0.15 exact_provisional_penalty=3928.17976309 exact_candidates=1652 exact_unique=1651 full_exact_enabled=1 exact_capacity=1200 exact_waves=134 exact_scheduled=1200 exact_deferred=429 exact_wave=1200/1200 exact_queue_depth=0 exact_pending_instances=429 exact_s=188.119 exact_ok=1200 exact_margin_max=7.11426497863 exact_scan_mean_s=0.044 exact_bisect_mean_s=0.005 exact_polish_mean_s=0.246 exact_final_mean_s=0.013 exact_margin_abs_b_max=nan cache_hits=0 cache_misses=0 cache_waits=0
440	2500 	540.147	701.262    	1046.06    	182.099	36 	113.108	275	62.7954
Best individuals of this generation:
add(mul(x1, aq(x1, add(add(x1, mul(sin(add(x2, x1)), mul(sub(sub(add(x2, exp(x1)), mul(x3, sub(x2, x4))), x3), add(a, a)))), x3))), mul(mul(sub(add(x1, exp(mul(sin(x4), x4))), mul(x3, sub(x2, x4))), aq(add(exp(a), add(x2, x1)), a)), add(add(mul(x3, add(add(x3, x1), x2)), add(x2, mul(mul(sub(add(mul(x2, mul(x3, x2)), exp(x1)), mul(x3, sub(x2, x4))), aq(add(x2, x1), x1)), add(exp(a), add(x2, aq(x2, x1)))))), add(exp(a), aq(add(mul(x3, x3), x1), x1)))))
GPU5 stages: candidates=2500 pre_s=28.320 cheap_candidates=1866 cheap_unique=1865 cheap_s=34.415/40.000 cheap_rejected=213 cheap_a_min=-0.275968640689 cheap_a_p50=0.000208580234362 cheap_a_p95=1.33417216544 cheap_a_max=2438.45616246 exact_a_gate=0.15 exact_provisional_penalty=3928.17976309 exact_candidates=1653 exact_unique=1652 full_exact_enabled=1 exact_capacity=1200 exact_waves=134 exact_scheduled=1200 exact_deferred=431 exact_wave=1200/1200 exact_queue_depth=0 exact_pending_instances=431 exact_s=189.434 exact_ok=1200 exact_margin_max=254.116835841 exact_scan_mean_s=0.043 exact_bisect_mean_s=0.005 exact_polish_mean_s=0.244 exact_final_mean_s=0.015 exact_margin_abs_b_max=nan cache_hits=0 cache_misses=0 cache_waits=0
441	2500 	540.147	701.231    	1046.03    	182.097	36 	113    	275	62.7752
Best individuals of this generation:
add(mul(x1, aq(x1, add(add(x1, mul(sin(add(x2, x1)), mul(sub(sub(add(x2, exp(x1)), mul(x3, sub(x2, x4))), x3), add(a, a)))), x3))), mul(mul(sub(add(x1, exp(mul(sin(x4), x4))), mul(x3, sub(x2, x4))), aq(add(exp(a), add(x2, x1)), a)), add(add(mul(x3, add(add(x3, x1), x2)), add(x2, mul(mul(sub(add(mul(x2, mul(x3, x2)), exp(x1)), mul(x3, sub(x2, x4))), aq(add(x2, x1), x1)), add(exp(a), add(x2, aq(x2, x1)))))), add(exp(a), aq(add(mul(x3, x3), x1), x1)))))
GPU5 stages: candidates=2500 pre_s=22.736 cheap_candidates=1791 cheap_unique=1791 cheap_s=36.736/40.000 cheap_rejected=213 cheap_a_min=-0.0947157342858 cheap_a_p50=0.000211279521199 cheap_a_p95=1.5257661903 cheap_a_max=302.356346503 exact_a_gate=0.15 exact_provisional_penalty=3928.17976309 exact_candidates=1578 exact_unique=1578 full_exact_enabled=1 exact_capacity=1200 exact_waves=134 exact_scheduled=1200 exact_deferred=354 exact_wave=1200/1200 exact_queue_depth=0 exact_pending_instances=354 exact_s=190.288 exact_ok=1200 exact_margin_max=5.11759046399 exact_scan_mean_s=0.042 exact_bisect_mean_s=0.004 exact_polish_mean_s=0.249 exact_final_mean_s=0.017 exact_margin_abs_b_max=nan cache_hits=0 cache_misses=0 cache_waits=0
442	2500 	539.118	701.194    	1046.01    	182.094	36 	113.01 	275	62.7808
Best individuals of this generation:
add(mul(x1, aq(x1, add(add(x1, mul(sin(add(x2, x1)), mul(x3, add(a, a)))), x3))), mul(mul(sub(add(mul(x2, mul(aq(sub(add(mul(x2, mul(x1, x3)), exp(x1)), x2), add(x1, x2)), x2)), exp(mul(sin(x4), x4))), mul(x3, sub(x2, x4))), aq(add(exp(a), add(x2, x1)), a)), add(add(mul(x3, add(add(x3, x1), x2)), add(x2, mul(mul(sub(add(mul(x2, mul(x3, x2)), exp(x1)), mul(x3, sub(x2, x4))), aq(add(x2, x1), x1)), add(exp(a), add(x2, aq(x2, x1)))))), add(exp(mul(aq(x1, x1), sub(a, x3))), aq(add(exp(a), x1), sub(add(x2, exp(x1)), mul(x3, sub(x2, x4))))))))
GPU5 stages: candidates=2500 pre_s=23.011 cheap_candidates=1838 cheap_unique=1836 cheap_s=35.106/40.000 cheap_rejected=175 cheap_a_min=-0.211790370582 cheap_a_p50=0.000211279547416 cheap_a_p95=0.736292534715 cheap_a_max=644.709056584 exact_a_gate=0.15 exact_provisional_penalty=12427.2122886 exact_candidates=1663 exact_unique=1661 full_exact_enabled=1 exact_capacity=1200 exact_waves=134 exact_scheduled=1200 exact_deferred=437 exact_wave=1200/1200 exact_queue_depth=0 exact_pending_instances=438 exact_s=191.400 exact_ok=1200 exact_margin_max=35.8884071723 exact_scan_mean_s=0.043 exact_bisect_mean_s=0.004 exact_polish_mean_s=0.260 exact_final_mean_s=0.008 exact_margin_abs_b_max=nan cache_hits=0 cache_misses=0 cache_waits=0
443	2500 	539.118	701.158    	1045.97    	182.087	36 	112.799	275	62.806 
Best individuals of this generation:
add(mul(x1, aq(x1, add(add(x1, mul(sin(add(x2, x1)), mul(x3, add(a, a)))), x3))), mul(mul(sub(add(mul(x2, mul(aq(sub(add(mul(x2, mul(x1, x3)), exp(x1)), x2), add(x1, x2)), x2)), exp(mul(sin(x4), x4))), mul(x3, sub(x2, x4))), aq(add(exp(a), add(x2, x1)), a)), add(add(mul(x3, add(add(x3, x1), x2)), add(x2, mul(mul(sub(add(mul(x2, mul(x3, x2)), exp(x1)), mul(x3, sub(x2, x4))), aq(add(x2, x1), x1)), add(exp(a), add(x2, aq(x2, x1)))))), add(exp(mul(aq(x1, x1), sub(a, x3))), aq(add(exp(a), x1), sub(add(x2, exp(x1)), mul(x3, sub(x2, x4))))))))
GPU5 stages: candidates=2500 pre_s=23.151 cheap_candidates=1880 cheap_unique=1877 cheap_s=36.596/40.000 cheap_rejected=219 cheap_a_min=-0.228316850075 cheap_a_p50=0.000211279708188 cheap_a_p95=1.35713257893 cheap_a_max=606.648227993 exact_a_gate=0.15 exact_provisional_penalty=3928.17976309 exact_candidates=1661 exact_unique=1658 full_exact_enabled=1 exact_capacity=1200 exact_waves=134 exact_scheduled=1200 exact_deferred=436 exact_wave=1200/1200 exact_queue_depth=0 exact_pending_instances=436 exact_s=196.682 exact_ok=1200 exact_margin_max=283.143389848 exact_scan_mean_s=0.042 exact_bisect_mean_s=0.004 exact_polish_mean_s=0.251 exact_final_mean_s=0.004 exact_margin_abs_b_max=nan cache_hits=0 cache_misses=0 cache_waits=0
444	2500 	539.118	701.115    	1045.94    	182.078	36 	112.757	275	62.6561
Best individuals of this generation:
add(mul(x1, aq(x1, add(add(x1, mul(sin(add(x2, x1)), mul(x3, add(a, a)))), x3))), mul(mul(sub(add(mul(x2, mul(aq(sub(add(mul(x2, mul(x1, x3)), exp(x1)), x2), add(x1, x2)), x2)), exp(mul(sin(x4), x4))), mul(x3, sub(x2, x4))), aq(add(exp(a), add(x2, x1)), a)), add(add(mul(x3, add(add(x3, x1), x2)), add(x2, mul(mul(sub(add(mul(x2, mul(x3, x2)), exp(x1)), mul(x3, sub(x2, x4))), aq(add(x2, x1), x1)), add(exp(a), add(x2, aq(x2, x1)))))), add(exp(mul(aq(x1, x1), sub(a, x3))), aq(add(exp(a), x1), sub(add(x2, exp(x1)), mul(x3, sub(x2, x4))))))))
GPU5 stages: candidates=2500 pre_s=22.851 cheap_candidates=1839 cheap_unique=1839 cheap_s=36.600/40.000 cheap_rejected=221 cheap_a_min=-1.18186558526 cheap_a_p50=0.00021127970947 cheap_a_p95=1.79980608932 cheap_a_max=5521.5984282 exact_a_gate=0.15 exact_provisional_penalty=3928.17976309 exact_candidates=1618 exact_unique=1618 full_exact_enabled=1 exact_capacity=1200 exact_waves=134 exact_scheduled=1200 exact_deferred=399 exact_wave=1200/1200 exact_queue_depth=0 exact_pending_instances=399 exact_s=187.228 exact_ok=1200 exact_margin_max=8.5280731037 exact_scan_mean_s=0.043 exact_bisect_mean_s=0.004 exact_polish_mean_s=0.239 exact_final_mean_s=0.018 exact_margin_abs_b_max=nan cache_hits=0 cache_misses=0 cache_waits=0
445	2500 	539.118	701.078    	1045.89    	182.067	36 	112.841	275	62.5751
Best individuals of this generation:
add(mul(x1, aq(x1, add(add(x1, mul(sin(add(x2, x1)), mul(x3, add(a, a)))), x3))), mul(mul(sub(add(mul(x2, mul(aq(sub(add(mul(x2, mul(x1, x3)), exp(x1)), x2), add(x1, x2)), x2)), exp(mul(sin(x4), x4))), mul(x3, sub(x2, x4))), aq(add(exp(a), add(x2, x1)), a)), add(add(mul(x3, add(add(x3, x1), x2)), add(x2, mul(mul(sub(add(mul(x2, mul(x3, x2)), exp(x1)), mul(x3, sub(x2, x4))), aq(add(x2, x1), x1)), add(exp(a), add(x2, aq(x2, x1)))))), add(exp(mul(aq(x1, x1), sub(a, x3))), aq(add(exp(a), x1), sub(add(x2, exp(x1)), mul(x3, sub(x2, x4))))))))
GPU5 stages: candidates=2500 pre_s=22.742 cheap_candidates=1845 cheap_unique=1844 cheap_s=34.990/40.000 cheap_rejected=193 cheap_a_min=-154.115317779 cheap_a_p50=0.000211279681829 cheap_a_p95=0.949694047829 cheap_a_max=1125.61753918 exact_a_gate=0.15 exact_provisional_penalty=3928.17976309 exact_candidates=1652 exact_unique=1651 full_exact_enabled=1 exact_capacity=1200 exact_waves=134 exact_scheduled=1200 exact_deferred=425 exact_wave=1200/1200 exact_queue_depth=0 exact_pending_instances=425 exact_s=190.121 exact_ok=1200 exact_margin_max=135.468617573 exact_scan_mean_s=0.042 exact_bisect_mean_s=0.004 exact_polish_mean_s=0.245 exact_final_mean_s=0.018 exact_margin_abs_b_max=nan cache_hits=0 cache_misses=0 cache_waits=0
446	2500 	539.118	701.035    	1045.84    	182.056	36 	113.02 	275	62.4012
Best individuals of this generation:
add(mul(x1, aq(x1, add(add(x1, mul(sin(add(x2, x1)), mul(x3, add(a, a)))), x3))), mul(mul(sub(add(mul(x2, mul(aq(sub(add(mul(x2, mul(x1, x3)), exp(x1)), x2), add(x1, x2)), x2)), exp(mul(sin(x4), x4))), mul(x3, sub(x2, x4))), aq(add(exp(a), add(x2, x1)), a)), add(add(mul(x3, add(add(x3, x1), x2)), add(x2, mul(mul(sub(add(mul(x2, mul(x3, x2)), exp(x1)), mul(x3, sub(x2, x4))), aq(add(x2, x1), x1)), add(exp(a), add(x2, aq(x2, x1)))))), add(exp(mul(aq(x1, x1), sub(a, x3))), aq(add(exp(a), x1), sub(add(x2, exp(x1)), mul(x3, sub(x2, x4))))))))
GPU5 stages: candidates=2500 pre_s=23.300 cheap_candidates=1872 cheap_unique=1869 cheap_s=36.519/40.000 cheap_rejected=229 cheap_a_min=-0.232727327171 cheap_a_p50=0.00021127971095 cheap_a_p95=1.77820799416 cheap_a_max=1523.55728167 exact_a_gate=0.15 exact_provisional_penalty=4316.81455506 exact_candidates=1643 exact_unique=1640 full_exact_enabled=1 exact_capacity=1200 exact_waves=134 exact_scheduled=1200 exact_deferred=416 exact_wave=1200/1200 exact_queue_depth=0 exact_pending_instances=416 exact_s=189.249 exact_ok=1200 exact_margin_max=0.109303001012 exact_scan_mean_s=0.041 exact_bisect_mean_s=0.005 exact_polish_mean_s=0.248 exact_final_mean_s=0.020 exact_margin_abs_b_max=nan cache_hits=0 cache_misses=0 cache_waits=0
447	2500 	539.118	700.995    	1045.82    	182.054	36 	113.248	275	62.3624
Best individuals of this generation:
add(mul(x1, aq(x1, add(add(x1, mul(sin(add(x2, x1)), mul(x3, add(a, a)))), x3))), mul(mul(sub(add(mul(x2, mul(aq(sub(add(mul(x2, mul(x1, x3)), exp(x1)), x2), add(x1, x2)), x2)), exp(mul(sin(x4), x4))), mul(x3, sub(x2, x4))), aq(add(exp(a), add(x2, x1)), a)), add(add(mul(x3, add(add(x3, x1), x2)), add(x2, mul(mul(sub(add(mul(x2, mul(x3, x2)), exp(x1)), mul(x3, sub(x2, x4))), aq(add(x2, x1), x1)), add(exp(a), add(x2, aq(x2, x1)))))), add(exp(mul(aq(x1, x1), sub(a, x3))), aq(add(exp(a), x1), sub(add(x2, exp(x1)), mul(x3, sub(x2, x4))))))))
GPU5 stages: candidates=2500 pre_s=23.050 cheap_candidates=1835 cheap_unique=1833 cheap_s=36.049/40.000 cheap_rejected=196 cheap_a_min=-0.401035829051 cheap_a_p50=0.000211279732636 cheap_a_p95=1.49117246685 cheap_a_max=15185.8602912 exact_a_gate=0.15 exact_provisional_penalty=3928.17976309 exact_candidates=1639 exact_unique=1637 full_exact_enabled=1 exact_capacity=1200 exact_waves=134 exact_scheduled=1200 exact_deferred=416 exact_wave=1200/1200 exact_queue_depth=0 exact_pending_instances=416 exact_s=186.674 exact_ok=1200 exact_margin_max=18.4684411293 exact_scan_mean_s=0.042 exact_bisect_mean_s=0.005 exact_polish_mean_s=0.242 exact_final_mean_s=0.014 exact_margin_abs_b_max=nan cache_hits=0 cache_misses=0 cache_waits=0
448	2500 	539.118	700.957    	1045.77    	182.051	36 	113.187	275	62.3864
Best individuals of this generation:
add(mul(x1, aq(x1, add(add(x1, mul(sin(add(x2, x1)), mul(x3, add(a, a)))), x3))), mul(mul(sub(add(mul(x2, mul(aq(sub(add(mul(x2, mul(x1, x3)), exp(x1)), x2), add(x1, x2)), x2)), exp(mul(sin(x4), x4))), mul(x3, sub(x2, x4))), aq(add(exp(a), add(x2, x1)), a)), add(add(mul(x3, add(add(x3, x1), x2)), add(x2, mul(mul(sub(add(mul(x2, mul(x3, x2)), exp(x1)), mul(x3, sub(x2, x4))), aq(add(x2, x1), x1)), add(exp(a), add(x2, aq(x2, x1)))))), add(exp(mul(aq(x1, x1), sub(a, x3))), aq(add(exp(a), x1), sub(add(x2, exp(x1)), mul(x3, sub(x2, x4))))))))
GPU5 stages: candidates=2500 pre_s=22.799 cheap_candidates=1857 cheap_unique=1853 cheap_s=36.265/40.000 cheap_rejected=227 cheap_a_min=-0.657107797334 cheap_a_p50=0.00021127970927 cheap_a_p95=1.97001012546 cheap_a_max=810.376228481 exact_a_gate=0.15 exact_provisional_penalty=6150.41240957 exact_candidates=1630 exact_unique=1626 full_exact_enabled=1 exact_capacity=1200 exact_waves=134 exact_scheduled=1200 exact_deferred=402 exact_wave=1200/1200 exact_queue_depth=0 exact_pending_instances=402 exact_s=190.299 exact_ok=1200 exact_margin_max=203.080300037 exact_scan_mean_s=0.042 exact_bisect_mean_s=0.004 exact_polish_mean_s=0.238 exact_final_mean_s=0.013 exact_margin_abs_b_max=nan cache_hits=0 cache_misses=0 cache_waits=0
449	2500 	539.118	700.911    	1045.75    	182.05 	36 	113.004	275	62.7536
Best individuals of this generation:
add(mul(x1, aq(x1, add(add(x1, mul(sin(add(x2, x1)), mul(x3, add(a, a)))), x3))), mul(mul(sub(add(mul(x2, mul(aq(sub(add(mul(x2, mul(x1, x3)), exp(x1)), x2), add(x1, x2)), x2)), exp(mul(sin(x4), x4))), mul(x3, sub(x2, x4))), aq(add(exp(a), add(x2, x1)), a)), add(add(mul(x3, add(add(x3, x1), x2)), add(x2, mul(mul(sub(add(mul(x2, mul(x3, x2)), exp(x1)), mul(x3, sub(x2, x4))), aq(add(x2, x1), x1)), add(exp(a), add(x2, aq(x2, x1)))))), add(exp(mul(aq(x1, x1), sub(a, x3))), aq(add(exp(a), x1), sub(add(x2, exp(x1)), mul(x3, sub(x2, x4))))))))
GPU5 stages: candidates=2500 pre_s=22.802 cheap_candidates=1823 cheap_unique=1823 cheap_s=35.959/40.000 cheap_rejected=228 cheap_a_min=-0.286960614816 cheap_a_p50=0.000211279699071 cheap_a_p95=1.75449937634 cheap_a_max=2557.11316464 exact_a_gate=0.15 exact_provisional_penalty=3928.17976309 exact_candidates=1595 exact_unique=1595 full_exact_enabled=1 exact_capacity=1200 exact_waves=134 exact_scheduled=1200 exact_deferred=371 exact_wave=1200/1200 exact_queue_depth=0 exact_pending_instances=372 exact_s=196.549 exact_ok=1200 exact_margin_max=24.785003797 exact_scan_mean_s=0.043 exact_bisect_mean_s=0.006 exact_polish_mean_s=0.245 exact_final_mean_s=0.019 exact_margin_abs_b_max=nan cache_hits=0 cache_misses=0 cache_waits=0
450	2500 	539.118	700.894    	1045.68    	182.035	36 	112.992	275	62.8388
Best individuals of this generation:
add(mul(x1, aq(x1, add(add(x1, mul(sin(add(x2, x1)), mul(x3, add(a, a)))), x3))), mul(mul(sub(add(mul(x2, mul(aq(sub(add(mul(x2, mul(x1, x3)), exp(x1)), x2), add(x1, x2)), x2)), exp(mul(sin(x4), x4))), mul(x3, sub(x2, x4))), aq(add(exp(a), add(x2, x1)), a)), add(add(mul(x3, add(add(x3, x1), x2)), add(x2, mul(mul(sub(add(mul(x2, mul(x3, x2)), exp(x1)), mul(x3, sub(x2, x4))), aq(add(x2, x1), x1)), add(exp(a), add(x2, aq(x2, x1)))))), add(exp(mul(aq(x1, x1), sub(a, x3))), aq(add(exp(a), x1), sub(add(x2, exp(x1)), mul(x3, sub(x2, x4))))))))
GPU5 stages: candidates=2500 pre_s=22.883 cheap_candidates=1870 cheap_unique=1861 cheap_s=35.933/40.000 cheap_rejected=200 cheap_a_min=-1.27113418426 cheap_a_p50=0.000211279704743 cheap_a_p95=1.18539451092 cheap_a_max=1806.50291681 exact_a_gate=0.15 exact_provisional_penalty=3928.17976309 exact_candidates=1670 exact_unique=1661 full_exact_enabled=1 exact_capacity=1200 exact_waves=134 exact_scheduled=1200 exact_deferred=432 exact_wave=1200/1200 exact_queue_depth=0 exact_pending_instances=432 exact_s=192.314 exact_ok=1200 exact_margin_max=2.42017603289 exact_scan_mean_s=0.041 exact_bisect_mean_s=0.005 exact_polish_mean_s=0.246 exact_final_mean_s=0.014 exact_margin_abs_b_max=nan cache_hits=0 cache_misses=0 cache_waits=0
451	2500 	539.118	700.877    	1045.59    	182.024	36 	112.83 	275	62.9424
Best individuals of this generation:
add(mul(x1, aq(x1, add(add(x1, mul(sin(add(x2, x1)), mul(x3, add(a, a)))), x3))), mul(mul(sub(add(mul(x2, mul(aq(sub(add(mul(x2, mul(x1, x3)), exp(x1)), x2), add(x1, x2)), x2)), exp(mul(sin(x4), x4))), mul(x3, sub(x2, x4))), aq(add(exp(a), add(x2, x1)), a)), add(add(mul(x3, add(add(x3, x1), x2)), add(x2, mul(mul(sub(add(mul(x2, mul(x3, x2)), exp(x1)), mul(x3, sub(x2, x4))), aq(add(x2, x1), x1)), add(exp(a), add(x2, aq(x2, x1)))))), add(exp(mul(aq(x1, x1), sub(a, x3))), aq(add(exp(a), x1), sub(add(x2, exp(x1)), mul(x3, sub(x2, x4))))))))
GPU5 stages: candidates=2500 pre_s=22.993 cheap_candidates=1849 cheap_unique=1845 cheap_s=35.172/40.000 cheap_rejected=200 cheap_a_min=-0.313077180945 cheap_a_p50=0.000211279689698 cheap_a_p95=1.22205285474 cheap_a_max=949.649009524 exact_a_gate=0.15 exact_provisional_penalty=3928.17976309 exact_candidates=1649 exact_unique=1645 full_exact_enabled=1 exact_capacity=1200 exact_waves=134 exact_scheduled=1200 exact_deferred=431 exact_wave=1200/1200 exact_queue_depth=0 exact_pending_instances=431 exact_s=190.429 exact_ok=1200 exact_margin_max=16.2149180548 exact_scan_mean_s=0.042 exact_bisect_mean_s=0.004 exact_polish_mean_s=0.252 exact_final_mean_s=0.009 exact_margin_abs_b_max=nan cache_hits=0 cache_misses=0 cache_waits=0
452	2500 	539.118	700.836    	1045.57    	182.022	36 	112.744	275	63.0721
Best individuals of this generation:
add(mul(x1, aq(x1, add(add(x1, mul(sin(add(x2, x1)), mul(x3, add(a, a)))), x3))), mul(mul(sub(add(mul(x2, mul(aq(sub(add(mul(x2, mul(x1, x3)), exp(x1)), x2), add(x1, x2)), x2)), exp(mul(sin(x4), x4))), mul(x3, sub(x2, x4))), aq(add(exp(a), add(x2, x1)), a)), add(add(mul(x3, add(add(x3, x1), x2)), add(x2, mul(mul(sub(add(mul(x2, mul(x3, x2)), exp(x1)), mul(x3, sub(x2, x4))), aq(add(x2, x1), x1)), add(exp(a), add(x2, aq(x2, x1)))))), add(exp(mul(aq(x1, x1), sub(a, x3))), aq(add(exp(a), x1), sub(add(x2, exp(x1)), mul(x3, sub(x2, x4))))))))
GPU5 stages: candidates=2500 pre_s=23.075 cheap_candidates=1827 cheap_unique=1824 cheap_s=37.051/40.000 cheap_rejected=221 cheap_a_min=-0.577194679582 cheap_a_p50=0.000211279721279 cheap_a_p95=2.25917726552 cheap_a_max=3522.44629271 exact_a_gate=0.15 exact_provisional_penalty=3928.17976309 exact_candidates=1606 exact_unique=1603 full_exact_enabled=1 exact_capacity=1200 exact_waves=134 exact_scheduled=1200 exact_deferred=384 exact_wave=1200/1200 exact_queue_depth=0 exact_pending_instances=384 exact_s=192.937 exact_ok=1200 exact_margin_max=1070.13500959 exact_scan_mean_s=0.042 exact_bisect_mean_s=0.012 exact_polish_mean_s=0.244 exact_final_mean_s=0.019 exact_margin_abs_b_max=7e-05 cache_hits=0 cache_misses=0 cache_waits=0
453	2500 	539.118	700.824    	1045.52    	182.009	36 	112.623	275	63.2241
Best individuals of this generation:
add(mul(x1, aq(x1, add(add(x1, mul(sin(add(x2, x1)), mul(x3, add(a, a)))), x3))), mul(mul(sub(add(mul(x2, mul(aq(sub(add(mul(x2, mul(x1, x3)), exp(x1)), x2), add(x1, x2)), x2)), exp(mul(sin(x4), x4))), mul(x3, sub(x2, x4))), aq(add(exp(a), add(x2, x1)), a)), add(add(mul(x3, add(add(x3, x1), x2)), add(x2, mul(mul(sub(add(mul(x2, mul(x3, x2)), exp(x1)), mul(x3, sub(x2, x4))), aq(add(x2, x1), x1)), add(exp(a), add(x2, aq(x2, x1)))))), add(exp(mul(aq(x1, x1), sub(a, x3))), aq(add(exp(a), x1), sub(add(x2, exp(x1)), mul(x3, sub(x2, x4))))))))
GPU5 stages: candidates=2500 pre_s=22.982 cheap_candidates=1843 cheap_unique=1843 cheap_s=36.766/40.000 cheap_rejected=223 cheap_a_min=-0.570560310614 cheap_a_p50=0.000211279741402 cheap_a_p95=1.6005565249 cheap_a_max=4307.32151562 exact_a_gate=0.15 exact_provisional_penalty=3928.17976309 exact_candidates=1620 exact_unique=1620 full_exact_enabled=1 exact_capacity=1200 exact_waves=134 exact_scheduled=1200 exact_deferred=390 exact_wave=1200/1200 exact_queue_depth=0 exact_pending_instances=390 exact_s=192.041 exact_ok=1200 exact_margin_max=1.45548495415 exact_scan_mean_s=0.042 exact_bisect_mean_s=0.005 exact_polish_mean_s=0.241 exact_final_mean_s=0.012 exact_margin_abs_b_max=nan cache_hits=0 cache_misses=0 cache_waits=0
454	2500 	539.118	700.804    	1045.5     	182.013	36 	112.467	275	63.1826
Best individuals of this generation:
add(mul(x1, aq(x1, add(add(x1, mul(sin(add(x2, x1)), mul(x3, add(a, a)))), x3))), mul(mul(sub(add(mul(x2, mul(aq(sub(add(mul(x2, mul(x1, x3)), exp(x1)), x2), add(x1, x2)), x2)), exp(mul(sin(x4), x4))), mul(x3, sub(x2, x4))), aq(add(exp(a), add(x2, x1)), a)), add(add(mul(x3, add(add(x3, x1), x2)), add(x2, mul(mul(sub(add(mul(x2, mul(x3, x2)), exp(x1)), mul(x3, sub(x2, x4))), aq(add(x2, x1), x1)), add(exp(a), add(x2, aq(x2, x1)))))), add(exp(mul(aq(x1, x1), sub(a, x3))), aq(add(exp(a), x1), sub(add(x2, exp(x1)), mul(x3, sub(x2, x4))))))))
GPU5 stages: candidates=2500 pre_s=22.865 cheap_candidates=1795 cheap_unique=1794 cheap_s=34.262/40.000 cheap_rejected=200 cheap_a_min=-1.22588479986 cheap_a_p50=0.000211279692101 cheap_a_p95=1.28175584622 cheap_a_max=2613.26797108 exact_a_gate=0.15 exact_provisional_penalty=3928.17976309 exact_candidates=1595 exact_unique=1594 full_exact_enabled=1 exact_capacity=1200 exact_waves=134 exact_scheduled=1200 exact_deferred=372 exact_wave=1200/1200 exact_queue_depth=0 exact_pending_instances=372 exact_s=191.625 exact_ok=1200 exact_margin_max=2.53374062665 exact_scan_mean_s=0.043 exact_bisect_mean_s=0.006 exact_polish_mean_s=0.257 exact_final_mean_s=0.021 exact_margin_abs_b_max=nan cache_hits=0 cache_misses=0 cache_waits=0
455	2500 	539.118	700.767    	1045.48    	182.007	36 	112.361	275	63.2575
Best individuals of this generation:
add(mul(x1, aq(x1, add(add(x1, mul(sin(add(x2, x1)), mul(x3, add(a, a)))), x3))), mul(mul(sub(add(mul(x2, mul(aq(sub(add(mul(x2, mul(x1, x3)), exp(x1)), x2), add(x1, x2)), x2)), exp(mul(sin(x4), x4))), mul(x3, sub(x2, x4))), aq(add(exp(a), add(x2, x1)), a)), add(add(mul(x3, add(add(x3, x1), x2)), add(x2, mul(mul(sub(add(mul(x2, mul(x3, x2)), exp(x1)), mul(x3, sub(x2, x4))), aq(add(x2, x1), x1)), add(exp(a), add(x2, aq(x2, x1)))))), add(exp(mul(aq(x1, x1), sub(a, x3))), aq(add(exp(a), x1), sub(add(x2, exp(x1)), mul(x3, sub(x2, x4))))))))
GPU5 stages: candidates=2500 pre_s=23.082 cheap_candidates=1859 cheap_unique=1859 cheap_s=35.667/40.000 cheap_rejected=228 cheap_a_min=-0.904050392948 cheap_a_p50=0.000211279695638 cheap_a_p95=2.00288322193 cheap_a_max=2279.12680341 exact_a_gate=0.15 exact_provisional_penalty=3928.17976309 exact_candidates=1631 exact_unique=1631 full_exact_enabled=1 exact_capacity=1200 exact_waves=134 exact_scheduled=1200 exact_deferred=411 exact_wave=1200/1200 exact_queue_depth=0 exact_pending_instances=411 exact_s=187.381 exact_ok=1200 exact_margin_max=80.8830180201 exact_scan_mean_s=0.042 exact_bisect_mean_s=0.005 exact_polish_mean_s=0.244 exact_final_mean_s=0.010 exact_margin_abs_b_max=nan cache_hits=0 cache_misses=0 cache_waits=0
456	2500 	539.118	700.748    	1045.43    	181.997	36 	112.235	275	63.3176
Best individuals of this generation:
add(mul(x1, aq(x1, add(add(x1, mul(sin(add(x2, x1)), mul(x3, add(a, a)))), x3))), mul(mul(sub(add(mul(x2, mul(aq(sub(add(mul(x2, mul(x1, x3)), exp(x1)), x2), add(x1, x2)), x2)), exp(mul(sin(x4), x4))), mul(x3, sub(x2, x4))), aq(add(exp(a), add(x2, x1)), a)), add(add(mul(x3, add(add(x3, x1), x2)), add(x2, mul(mul(sub(add(mul(x2, mul(x3, x2)), exp(x1)), mul(x3, sub(x2, x4))), aq(add(x2, x1), x1)), add(exp(a), add(x2, aq(x2, x1)))))), add(exp(mul(aq(x1, x1), sub(a, x3))), aq(add(exp(a), x1), sub(add(x2, exp(x1)), mul(x3, sub(x2, x4))))))))
GPU5 stages: candidates=2500 pre_s=23.090 cheap_candidates=1836 cheap_unique=1835 cheap_s=35.042/40.000 cheap_rejected=198 cheap_a_min=-0.376584056939 cheap_a_p50=0.000211279694236 cheap_a_p95=1.37772429901 cheap_a_max=3334.31163768 exact_a_gate=0.15 exact_provisional_penalty=3928.17976309 exact_candidates=1638 exact_unique=1637 full_exact_enabled=1 exact_capacity=1200 exact_waves=134 exact_scheduled=1200 exact_deferred=418 exact_wave=1200/1200 exact_queue_depth=0 exact_pending_instances=418 exact_s=189.306 exact_ok=1200 exact_margin_max=15.4848771117 exact_scan_mean_s=0.042 exact_bisect_mean_s=0.003 exact_polish_mean_s=0.245 exact_final_mean_s=0.016 exact_margin_abs_b_max=nan cache_hits=0 cache_misses=0 cache_waits=0
457	2500 	539.118	700.736    	1045.34    	181.982	36 	112.119	275	63.351 
Best individuals of this generation:
add(mul(x1, aq(x1, add(add(x1, mul(sin(add(x2, x1)), mul(x3, add(a, a)))), x3))), mul(mul(sub(add(mul(x2, mul(aq(sub(add(mul(x2, mul(x1, x3)), exp(x1)), x2), add(x1, x2)), x2)), exp(mul(sin(x4), x4))), mul(x3, sub(x2, x4))), aq(add(exp(a), add(x2, x1)), a)), add(add(mul(x3, add(add(x3, x1), x2)), add(x2, mul(mul(sub(add(mul(x2, mul(x3, x2)), exp(x1)), mul(x3, sub(x2, x4))), aq(add(x2, x1), x1)), add(exp(a), add(x2, aq(x2, x1)))))), add(exp(mul(aq(x1, x1), sub(a, x3))), aq(add(exp(a), x1), sub(add(x2, exp(x1)), mul(x3, sub(x2, x4))))))))
GPU5 stages: candidates=2500 pre_s=23.024 cheap_candidates=1835 cheap_unique=1834 cheap_s=36.541/40.000 cheap_rejected=220 cheap_a_min=-0.470941662162 cheap_a_p50=0.000211279696069 cheap_a_p95=1.97237141611 cheap_a_max=976.226801939 exact_a_gate=0.15 exact_provisional_penalty=3928.17976309 exact_candidates=1615 exact_unique=1614 full_exact_enabled=1 exact_capacity=1200 exact_waves=134 exact_scheduled=1200 exact_deferred=398 exact_wave=1200/1200 exact_queue_depth=0 exact_pending_instances=398 exact_s=197.670 exact_ok=1200 exact_margin_max=25.4330553018 exact_scan_mean_s=0.044 exact_bisect_mean_s=0.005 exact_polish_mean_s=0.257 exact_final_mean_s=0.011 exact_margin_abs_b_max=nan cache_hits=0 cache_misses=0 cache_waits=0
458	2500 	539.118	700.686    	1045.32    	181.99 	36 	112.023	275	63.2987
Best individuals of this generation:
add(mul(x1, aq(x1, add(add(x1, mul(sin(add(x2, x1)), mul(x3, add(a, a)))), x3))), mul(mul(sub(add(mul(x2, mul(aq(sub(add(mul(x2, mul(x1, x3)), exp(x1)), x2), add(x1, x2)), x2)), exp(mul(sin(x4), x4))), mul(x3, sub(x2, x4))), aq(add(exp(a), add(x2, x1)), a)), add(add(mul(x3, add(add(x3, x1), x2)), add(x2, mul(mul(sub(add(mul(x2, mul(x3, x2)), exp(x1)), mul(x3, sub(x2, x4))), aq(add(x2, x1), x1)), add(exp(a), add(x2, aq(x2, x1)))))), add(exp(mul(aq(x1, x1), sub(a, x3))), aq(add(exp(a), x1), sub(add(x2, exp(x1)), mul(x3, sub(x2, x4))))))))
GPU5 stages: candidates=2500 pre_s=22.936 cheap_candidates=1845 cheap_unique=1843 cheap_s=36.153/40.000 cheap_rejected=207 cheap_a_min=-0.781177169122 cheap_a_p50=0.000211279723674 cheap_a_p95=1.57492720788 cheap_a_max=1584.85767924 exact_a_gate=0.15 exact_provisional_penalty=3928.17976309 exact_candidates=1638 exact_unique=1636 full_exact_enabled=1 exact_capacity=1200 exact_waves=134 exact_scheduled=1200 exact_deferred=412 exact_wave=1200/1200 exact_queue_depth=0 exact_pending_instances=412 exact_s=186.710 exact_ok=1200 exact_margin_max=588.316287917 exact_scan_mean_s=0.043 exact_bisect_mean_s=0.004 exact_polish_mean_s=0.245 exact_final_mean_s=0.009 exact_margin_abs_b_max=nan cache_hits=0 cache_misses=0 cache_waits=0
459	2500 	539.118	700.67     	1045.23    	181.978	36 	111.824	275	63.2693
Best individuals of this generation:
add(mul(x1, aq(x1, add(add(x1, mul(sin(add(x2, x1)), mul(x3, add(a, a)))), x3))), mul(mul(sub(add(mul(x2, mul(aq(sub(add(mul(x2, mul(x1, x3)), exp(x1)), x2), add(x1, x2)), x2)), exp(mul(sin(x4), x4))), mul(x3, sub(x2, x4))), aq(add(exp(a), add(x2, x1)), a)), add(add(mul(x3, add(add(x3, x1), x2)), add(x2, mul(mul(sub(add(mul(x2, mul(x3, x2)), exp(x1)), mul(x3, sub(x2, x4))), aq(add(x2, x1), x1)), add(exp(a), add(x2, aq(x2, x1)))))), add(exp(mul(aq(x1, x1), sub(a, x3))), aq(add(exp(a), x1), sub(add(x2, exp(x1)), mul(x3, sub(x2, x4))))))))
GPU5 stages: candidates=2500 pre_s=23.028 cheap_candidates=1838 cheap_unique=1835 cheap_s=34.749/40.000 cheap_rejected=206 cheap_a_min=-167.456150708 cheap_a_p50=0.000211279703699 cheap_a_p95=1.26320862458 cheap_a_max=553.045984636 exact_a_gate=0.15 exact_provisional_penalty=3928.17976309 exact_candidates=1632 exact_unique=1629 full_exact_enabled=1 exact_capacity=1200 exact_waves=134 exact_scheduled=1200 exact_deferred=404 exact_wave=1200/1200 exact_queue_depth=0 exact_pending_instances=405 exact_s=193.887 exact_ok=1200 exact_margin_max=208.802424767 exact_scan_mean_s=0.043 exact_bisect_mean_s=0.003 exact_polish_mean_s=0.251 exact_final_mean_s=0.020 exact_margin_abs_b_max=nan cache_hits=0 cache_misses=0 cache_waits=0
460	2500 	539.118	700.655    	1045.19    	181.978	36 	111.627	275	63.1327
Best individuals of this generation:
add(mul(x1, aq(x1, add(add(x1, mul(sin(add(x2, x1)), mul(x3, add(a, a)))), x3))), mul(mul(sub(add(mul(x2, mul(aq(sub(add(mul(x2, mul(x1, x3)), exp(x1)), x2), add(x1, x2)), x2)), exp(mul(sin(x4), x4))), mul(x3, sub(x2, x4))), aq(add(exp(a), add(x2, x1)), a)), add(add(mul(x3, add(add(x3, x1), x2)), add(x2, mul(mul(sub(add(mul(x2, mul(x3, x2)), exp(x1)), mul(x3, sub(x2, x4))), aq(add(x2, x1), x1)), add(exp(a), add(x2, aq(x2, x1)))))), add(exp(mul(aq(x1, x1), sub(a, x3))), aq(add(exp(a), x1), sub(add(x2, exp(x1)), mul(x3, sub(x2, x4))))))))
GPU5 stages: candidates=2500 pre_s=22.850 cheap_candidates=1793 cheap_unique=1792 cheap_s=34.851/40.000 cheap_rejected=199 cheap_a_min=-0.225307155244 cheap_a_p50=0.000211279677265 cheap_a_p95=1.81500020625 cheap_a_max=2821.47271711 exact_a_gate=0.15 exact_provisional_penalty=3928.17976309 exact_candidates=1594 exact_unique=1593 full_exact_enabled=1 exact_capacity=1200 exact_waves=134 exact_scheduled=1200 exact_deferred=370 exact_wave=1200/1200 exact_queue_depth=0 exact_pending_instances=370 exact_s=187.782 exact_ok=1200 exact_margin_max=13.1235370184 exact_scan_mean_s=0.042 exact_bisect_mean_s=0.004 exact_polish_mean_s=0.251 exact_final_mean_s=0.011 exact_margin_abs_b_max=nan cache_hits=0 cache_misses=0 cache_waits=0
461	2500 	539.118	700.61     	1045.17    	181.979	36 	111.542	275	63.0225
Best individuals of this generation:
add(mul(x1, aq(x1, add(add(x1, mul(sin(add(x2, x1)), mul(x3, add(a, a)))), x3))), mul(mul(sub(add(mul(x2, mul(aq(sub(add(mul(x2, mul(x1, x3)), exp(x1)), x2), add(x1, x2)), x2)), exp(mul(sin(x4), x4))), mul(x3, sub(x2, x4))), aq(add(exp(a), add(x2, x1)), a)), add(add(mul(x3, add(add(x3, x1), x2)), add(x2, mul(mul(sub(add(mul(x2, mul(x3, x2)), exp(x1)), mul(x3, sub(x2, x4))), aq(add(x2, x1), x1)), add(exp(a), add(x2, aq(x2, x1)))))), add(exp(mul(aq(x1, x1), sub(a, x3))), aq(add(exp(a), x1), sub(add(x2, exp(x1)), mul(x3, sub(x2, x4))))))))
GPU5 stages: candidates=2500 pre_s=22.948 cheap_candidates=1805 cheap_unique=1804 cheap_s=34.443/40.000 cheap_rejected=202 cheap_a_min=-0.179203314778 cheap_a_p50=0.000211279661499 cheap_a_p95=1.75528586856 cheap_a_max=1862.40208989 exact_a_gate=0.15 exact_provisional_penalty=3928.17976309 exact_candidates=1603 exact_unique=1602 full_exact_enabled=1 exact_capacity=1200 exact_waves=134 exact_scheduled=1200 exact_deferred=379 exact_wave=1200/1200 exact_queue_depth=0 exact_pending_instances=380 exact_s=193.028 exact_ok=1200 exact_margin_max=45.8203464124 exact_scan_mean_s=0.043 exact_bisect_mean_s=0.003 exact_polish_mean_s=0.244 exact_final_mean_s=0.013 exact_margin_abs_b_max=nan cache_hits=0 cache_misses=0 cache_waits=0
462	2500 	539.118	700.595    	1045.11    	181.973	36 	111.294	275	62.8459
Best individuals of this generation:
add(mul(x1, aq(x1, add(add(x1, mul(sin(add(x2, x1)), mul(x3, add(a, a)))), x3))), mul(mul(sub(add(mul(x2, mul(aq(sub(add(mul(x2, mul(x1, x3)), exp(x1)), x2), add(x1, x2)), x2)), exp(mul(sin(x4), x4))), mul(x3, sub(x2, x4))), aq(add(exp(a), add(x2, x1)), a)), add(add(mul(x3, add(add(x3, x1), x2)), add(x2, mul(mul(sub(add(mul(x2, mul(x3, x2)), exp(x1)), mul(x3, sub(x2, x4))), aq(add(x2, x1), x1)), add(exp(a), add(x2, aq(x2, x1)))))), add(exp(mul(aq(x1, x1), sub(a, x3))), aq(add(exp(a), x1), sub(add(x2, exp(x1)), mul(x3, sub(x2, x4))))))))
GPU5 stages: candidates=2500 pre_s=22.991 cheap_candidates=1834 cheap_unique=1830 cheap_s=33.854/40.000 cheap_rejected=200 cheap_a_min=-0.682843021032 cheap_a_p50=0.000211279716364 cheap_a_p95=2.1435382401 cheap_a_max=1371.59737264 exact_a_gate=0.15 exact_provisional_penalty=3928.17976309 exact_candidates=1634 exact_unique=1630 full_exact_enabled=1 exact_capacity=1200 exact_waves=134 exact_scheduled=1200 exact_deferred=409 exact_wave=1200/1200 exact_queue_depth=0 exact_pending_instances=409 exact_s=183.862 exact_ok=1200 exact_margin_max=2.59946140246 exact_scan_mean_s=0.040 exact_bisect_mean_s=0.003 exact_polish_mean_s=0.238 exact_final_mean_s=0.018 exact_margin_abs_b_max=nan cache_hits=0 cache_misses=0 cache_waits=0
463	2500 	539.118	700.584    	1045.08    	181.972	36 	111.234	275	62.7452
Best individuals of this generation:
add(mul(x1, aq(x1, add(add(x1, mul(sin(add(x2, x1)), mul(x3, add(a, a)))), x3))), mul(mul(sub(add(mul(x2, mul(aq(sub(add(mul(x2, mul(x1, x3)), exp(x1)), x2), add(x1, x2)), x2)), exp(mul(sin(x4), x4))), mul(x3, sub(x2, x4))), aq(add(exp(a), add(x2, x1)), a)), add(add(mul(x3, add(add(x3, x1), x2)), add(x2, mul(mul(sub(add(mul(x2, mul(x3, x2)), exp(x1)), mul(x3, sub(x2, x4))), aq(add(x2, x1), x1)), add(exp(a), add(x2, aq(x2, x1)))))), add(exp(mul(aq(x1, x1), sub(a, x3))), aq(add(exp(a), x1), sub(add(x2, exp(x1)), mul(x3, sub(x2, x4))))))))
GPU5 stages: candidates=2500 pre_s=22.785 cheap_candidates=1806 cheap_unique=1803 cheap_s=35.252/40.000 cheap_rejected=205 cheap_a_min=-0.299832360231 cheap_a_p50=0.000211279756643 cheap_a_p95=1.49888330592 cheap_a_max=665.423782545 exact_a_gate=0.15 exact_provisional_penalty=3928.17976309 exact_candidates=1601 exact_unique=1598 full_exact_enabled=1 exact_capacity=1200 exact_waves=134 exact_scheduled=1200 exact_deferred=378 exact_wave=1200/1200 exact_queue_depth=0 exact_pending_instances=381 exact_s=193.610 exact_ok=1200 exact_margin_max=18.6497940416 exact_scan_mean_s=0.042 exact_bisect_mean_s=0.002 exact_polish_mean_s=0.244 exact_final_mean_s=0.020 exact_margin_abs_b_max=nan cache_hits=0 cache_misses=0 cache_waits=0
464	2500 	539.118	700.565    	1045.05    	181.962	36 	111.078	275	62.7896
Best individuals of this generation:
add(mul(x1, aq(x1, add(add(x1, mul(sin(add(x2, x1)), mul(x3, add(a, a)))), x3))), mul(mul(sub(add(mul(x2, mul(aq(sub(add(mul(x2, mul(x1, x3)), exp(x1)), x2), add(x1, x2)), x2)), exp(mul(sin(x4), x4))), mul(x3, sub(x2, x4))), aq(add(exp(a), add(x2, x1)), a)), add(add(mul(x3, add(add(x3, x1), x2)), add(x2, mul(mul(sub(add(mul(x2, mul(x3, x2)), exp(x1)), mul(x3, sub(x2, x4))), aq(add(x2, x1), x1)), add(exp(a), add(x2, aq(x2, x1)))))), add(exp(mul(aq(x1, x1), sub(a, x3))), aq(add(exp(a), x1), sub(add(x2, exp(x1)), mul(x3, sub(x2, x4))))))))
GPU5 stages: candidates=2500 pre_s=22.814 cheap_candidates=1845 cheap_unique=1837 cheap_s=35.049/40.000 cheap_rejected=172 cheap_a_min=-1.5579041031 cheap_a_p50=0.000211279721278 cheap_a_p95=0.825306880727 cheap_a_max=684.184420181 exact_a_gate=0.15 exact_provisional_penalty=3928.17976309 exact_candidates=1673 exact_unique=1665 full_exact_enabled=1 exact_capacity=1200 exact_waves=134 exact_scheduled=1200 exact_deferred=435 exact_wave=1200/1200 exact_queue_depth=0 exact_pending_instances=436 exact_s=190.122 exact_ok=1200 exact_margin_max=0.14074209222 exact_scan_mean_s=0.042 exact_bisect_mean_s=0.004 exact_polish_mean_s=0.249 exact_final_mean_s=0.012 exact_margin_abs_b_max=nan cache_hits=0 cache_misses=0 cache_waits=0
465	2500 	539.118	700.548    	1045.04    	181.968	36 	110.95 	275	62.8848
Best individuals of this generation:
add(mul(x1, aq(x1, add(add(x1, mul(sin(add(x2, x1)), mul(x3, add(a, a)))), x3))), mul(mul(sub(add(mul(x2, mul(aq(sub(add(mul(x2, mul(x1, x3)), exp(x1)), x2), add(x1, x2)), x2)), exp(mul(sin(x4), x4))), mul(x3, sub(x2, x4))), aq(add(exp(a), add(x2, x1)), a)), add(add(mul(x3, add(add(x3, x1), x2)), add(x2, mul(mul(sub(add(mul(x2, mul(x3, x2)), exp(x1)), mul(x3, sub(x2, x4))), aq(add(x2, x1), x1)), add(exp(a), add(x2, aq(x2, x1)))))), add(exp(mul(aq(x1, x1), sub(a, x3))), aq(add(exp(a), x1), sub(add(x2, exp(x1)), mul(x3, sub(x2, x4))))))))
GPU5 stages: candidates=2500 pre_s=22.967 cheap_candidates=1781 cheap_unique=1781 cheap_s=35.071/40.000 cheap_rejected=210 cheap_a_min=-1.64622213769 cheap_a_p50=0.000211279721292 cheap_a_p95=1.35248671598 cheap_a_max=5029.90256121 exact_a_gate=0.15 exact_provisional_penalty=3928.17976309 exact_candidates=1571 exact_unique=1571 full_exact_enabled=1 exact_capacity=1200 exact_waves=134 exact_scheduled=1200 exact_deferred=346 exact_wave=1200/1200 exact_queue_depth=0 exact_pending_instances=347 exact_s=194.804 exact_ok=1200 exact_margin_max=26.252282841 exact_scan_mean_s=0.042 exact_bisect_mean_s=0.004 exact_polish_mean_s=0.244 exact_final_mean_s=0.014 exact_margin_abs_b_max=nan cache_hits=0 cache_misses=0 cache_waits=0
466	2500 	539.118	700.531    	1045.01    	181.975	36 	110.975	279	63.0681
Best individuals of this generation:
add(mul(x1, aq(x1, add(add(x1, mul(sin(add(x2, x1)), mul(x3, add(a, a)))), x3))), mul(mul(sub(add(mul(x2, mul(aq(sub(add(mul(x2, mul(x1, x3)), exp(x1)), x2), add(x1, x2)), x2)), exp(mul(sin(x4), x4))), mul(x3, sub(x2, x4))), aq(add(exp(a), add(x2, x1)), a)), add(add(mul(x3, add(add(x3, x1), x2)), add(x2, mul(mul(sub(add(mul(x2, mul(x3, x2)), exp(x1)), mul(x3, sub(x2, x4))), aq(add(x2, x1), x1)), add(exp(a), add(x2, aq(x2, x1)))))), add(exp(mul(aq(x1, x1), sub(a, x3))), aq(add(exp(a), x1), sub(add(x2, exp(x1)), mul(x3, sub(x2, x4))))))))
GPU5 stages: candidates=2500 pre_s=22.740 cheap_candidates=1838 cheap_unique=1836 cheap_s=36.110/40.000 cheap_rejected=206 cheap_a_min=-0.46620359129 cheap_a_p50=0.000211688386016 cheap_a_p95=1.01527598333 cheap_a_max=668.677216566 exact_a_gate=0.15 exact_provisional_penalty=3928.17976309 exact_candidates=1632 exact_unique=1630 full_exact_enabled=1 exact_capacity=1200 exact_waves=134 exact_scheduled=1200 exact_deferred=409 exact_wave=1200/1200 exact_queue_depth=0 exact_pending_instances=409 exact_s=187.040 exact_ok=1200 exact_margin_max=58.7751644515 exact_scan_mean_s=0.042 exact_bisect_mean_s=0.004 exact_polish_mean_s=0.246 exact_final_mean_s=0.013 exact_margin_abs_b_max=nan cache_hits=0 cache_misses=0 cache_waits=0
467	2500 	539.118	700.514    	1044.99    	181.975	36 	110.966	286	63.1631
Best individuals of this generation:
add(mul(x1, aq(x1, add(add(x1, mul(sin(add(x2, x1)), mul(x3, add(a, a)))), x3))), mul(mul(sub(add(mul(x2, mul(aq(sub(add(mul(x2, mul(x1, x3)), exp(x1)), x2), add(x1, x2)), x2)), exp(mul(sin(x4), x4))), mul(x3, sub(x2, x4))), aq(add(exp(a), add(x2, x1)), a)), add(add(mul(x3, add(add(x3, x1), x2)), add(x2, mul(mul(sub(add(mul(x2, mul(x3, x2)), exp(x1)), mul(x3, sub(x2, x4))), aq(add(x2, x1), x1)), add(exp(a), add(x2, aq(x2, x1)))))), add(exp(mul(aq(x1, x1), sub(a, x3))), aq(add(exp(a), x1), sub(add(x2, exp(x1)), mul(x3, sub(x2, x4))))))))
GPU5 stages: candidates=2500 pre_s=22.969 cheap_candidates=1810 cheap_unique=1808 cheap_s=35.126/40.000 cheap_rejected=200 cheap_a_min=-0.710704955999 cheap_a_p50=0.000211700828344 cheap_a_p95=0.965050459297 cheap_a_max=842.593638241 exact_a_gate=0.15 exact_provisional_penalty=3928.17976309 exact_candidates=1610 exact_unique=1608 full_exact_enabled=1 exact_capacity=1200 exact_waves=134 exact_scheduled=1200 exact_deferred=387 exact_wave=1200/1200 exact_queue_depth=0 exact_pending_instances=387 exact_s=190.906 exact_ok=1200 exact_margin_max=1.783341917e+16 exact_scan_mean_s=0.041 exact_bisect_mean_s=0.006 exact_polish_mean_s=0.240 exact_final_mean_s=0.013 exact_margin_abs_b_max=nan cache_hits=0 cache_misses=0 cache_waits=0
468	2500 	539.118	700.505    	1044.95    	181.967	36 	111.069	286	63.2282
Best individuals of this generation:
add(mul(x1, aq(x1, add(add(x1, mul(sin(add(x2, x1)), mul(x3, add(a, a)))), x3))), mul(mul(sub(add(mul(x2, mul(aq(sub(add(mul(x2, mul(x1, x3)), exp(x1)), x2), add(x1, x2)), x2)), exp(mul(sin(x4), x4))), mul(x3, sub(x2, x4))), aq(add(exp(a), add(x2, x1)), a)), add(add(mul(x3, add(add(x3, x1), x2)), add(x2, mul(mul(sub(add(mul(x2, mul(x3, x2)), exp(x1)), mul(x3, sub(x2, x4))), aq(add(x2, x1), x1)), add(exp(a), add(x2, aq(x2, x1)))))), add(exp(mul(aq(x1, x1), sub(a, x3))), aq(add(exp(a), x1), sub(add(x2, exp(x1)), mul(x3, sub(x2, x4))))))))
GPU5 stages: candidates=2500 pre_s=22.935 cheap_candidates=1842 cheap_unique=1842 cheap_s=35.771/40.000 cheap_rejected=193 cheap_a_min=-0.368544186318 cheap_a_p50=0.00021127972545 cheap_a_p95=1.40907790396 cheap_a_max=4728.52889906 exact_a_gate=0.15 exact_provisional_penalty=3928.17976309 exact_candidates=1649 exact_unique=1649 full_exact_enabled=1 exact_capacity=1200 exact_waves=134 exact_scheduled=1200 exact_deferred=434 exact_wave=1200/1200 exact_queue_depth=0 exact_pending_instances=434 exact_s=189.159 exact_ok=1200 exact_margin_max=16.9346700882 exact_scan_mean_s=0.041 exact_bisect_mean_s=0.005 exact_polish_mean_s=0.248 exact_final_mean_s=0.012 exact_margin_abs_b_max=nan cache_hits=0 cache_misses=0 cache_waits=0
469	2500 	539.118	700.489    	1044.91    	181.964	36 	111.051	286	63.1648
Best individuals of this generation:
add(mul(x1, aq(x1, add(add(x1, mul(sin(add(x2, x1)), mul(x3, add(a, a)))), x3))), mul(mul(sub(add(mul(x2, mul(aq(sub(add(mul(x2, mul(x1, x3)), exp(x1)), x2), add(x1, x2)), x2)), exp(mul(sin(x4), x4))), mul(x3, sub(x2, x4))), aq(add(exp(a), add(x2, x1)), a)), add(add(mul(x3, add(add(x3, x1), x2)), add(x2, mul(mul(sub(add(mul(x2, mul(x3, x2)), exp(x1)), mul(x3, sub(x2, x4))), aq(add(x2, x1), x1)), add(exp(a), add(x2, aq(x2, x1)))))), add(exp(mul(aq(x1, x1), sub(a, x3))), aq(add(exp(a), x1), sub(add(x2, exp(x1)), mul(x3, sub(x2, x4))))))))
GPU5 stages: candidates=2500 pre_s=22.751 cheap_candidates=1817 cheap_unique=1815 cheap_s=34.689/40.000 cheap_rejected=191 cheap_a_min=-1.14524598675 cheap_a_p50=0.000212123247692 cheap_a_p95=1.13721706307 cheap_a_max=655.735052792 exact_a_gate=0.15 exact_provisional_penalty=3928.17976309 exact_candidates=1626 exact_unique=1624 full_exact_enabled=1 exact_capacity=1200 exact_waves=134 exact_scheduled=1200 exact_deferred=404 exact_wave=1200/1200 exact_queue_depth=0 exact_pending_instances=404 exact_s=200.135 exact_ok=1200 exact_margin_max=499865.686244 exact_scan_mean_s=0.043 exact_bisect_mean_s=0.003 exact_polish_mean_s=0.252 exact_final_mean_s=0.013 exact_margin_abs_b_max=nan cache_hits=0 cache_misses=0 cache_waits=0
470	2500 	539.118	700.472    	1044.9     	181.964	36 	111.159	286	63.0059
Best individuals of this generation:
add(mul(x1, aq(x1, add(add(x1, mul(sin(add(x2, x1)), mul(x3, add(a, a)))), x3))), mul(mul(sub(add(mul(x2, mul(aq(sub(add(mul(x2, mul(x1, x3)), exp(x1)), x2), add(x1, x2)), x2)), exp(mul(sin(x4), x4))), mul(x3, sub(x2, x4))), aq(add(exp(a), add(x2, x1)), a)), add(add(mul(x3, add(add(x3, x1), x2)), add(x2, mul(mul(sub(add(mul(x2, mul(x3, x2)), exp(x1)), mul(x3, sub(x2, x4))), aq(add(x2, x1), x1)), add(exp(a), add(x2, aq(x2, x1)))))), add(exp(mul(aq(x1, x1), sub(a, x3))), aq(add(exp(a), x1), sub(add(x2, exp(x1)), mul(x3, sub(x2, x4))))))))
GPU5 stages: candidates=2500 pre_s=23.075 cheap_candidates=1873 cheap_unique=1869 cheap_s=36.868/40.000 cheap_rejected=198 cheap_a_min=-0.36937984598 cheap_a_p50=0.000212132753935 cheap_a_p95=1.44896002024 cheap_a_max=2444.87152078 exact_a_gate=0.15 exact_provisional_penalty=3928.17976309 exact_candidates=1675 exact_unique=1671 full_exact_enabled=1 exact_capacity=1200 exact_waves=134 exact_scheduled=1200 exact_deferred=444 exact_wave=1200/1200 exact_queue_depth=0 exact_pending_instances=444 exact_s=190.703 exact_ok=1200 exact_margin_max=148.406008915 exact_scan_mean_s=0.042 exact_bisect_mean_s=0.003 exact_polish_mean_s=0.249 exact_final_mean_s=0.013 exact_margin_abs_b_max=nan cache_hits=0 cache_misses=0 cache_waits=0
471	2500 	539.118	700.457    	1044.88    	181.965	36 	111.306	286	62.7908
Best individuals of this generation:
add(mul(x1, aq(x1, add(add(x1, mul(sin(add(x2, x1)), mul(x3, add(a, a)))), x3))), mul(mul(sub(add(mul(x2, mul(aq(sub(add(mul(x2, mul(x1, x3)), exp(x1)), x2), add(x1, x2)), x2)), exp(mul(sin(x4), x4))), mul(x3, sub(x2, x4))), aq(add(exp(a), add(x2, x1)), a)), add(add(mul(x3, add(add(x3, x1), x2)), add(x2, mul(mul(sub(add(mul(x2, mul(x3, x2)), exp(x1)), mul(x3, sub(x2, x4))), aq(add(x2, x1), x1)), add(exp(a), add(x2, aq(x2, x1)))))), add(exp(mul(aq(x1, x1), sub(a, x3))), aq(add(exp(a), x1), sub(add(x2, exp(x1)), mul(x3, sub(x2, x4))))))))
GPU5 stages: candidates=2500 pre_s=22.965 cheap_candidates=1795 cheap_unique=1795 cheap_s=36.027/40.000 cheap_rejected=223 cheap_a_min=-0.280371186469 cheap_a_p50=0.000212284181354 cheap_a_p95=1.18704852038 cheap_a_max=1197.83356061 exact_a_gate=0.15 exact_provisional_penalty=3928.17976309 exact_candidates=1572 exact_unique=1572 full_exact_enabled=1 exact_capacity=1200 exact_waves=134 exact_scheduled=1200 exact_deferred=350 exact_wave=1200/1200 exact_queue_depth=0 exact_pending_instances=350 exact_s=188.478 exact_ok=1200 exact_margin_max=4.0954676405 exact_scan_mean_s=0.042 exact_bisect_mean_s=0.005 exact_polish_mean_s=0.247 exact_final_mean_s=0.015 exact_margin_abs_b_max=nan cache_hits=0 cache_misses=0 cache_waits=0
472	2500 	539.118	700.45     	1044.88    	181.958	36 	111.411	286	62.6829
Best individuals of this generation:
add(mul(x1, aq(x1, add(add(x1, mul(sin(add(x2, x1)), mul(x3, add(a, a)))), x3))), mul(mul(sub(add(mul(x2, mul(aq(sub(add(mul(x2, mul(x1, x3)), exp(x1)), x2), add(x1, x2)), x2)), exp(mul(sin(x4), x4))), mul(x3, sub(x2, x4))), aq(add(exp(a), add(x2, x1)), a)), add(add(mul(x3, add(add(x3, x1), x2)), add(x2, mul(mul(sub(add(mul(x2, mul(x3, x2)), exp(x1)), mul(x3, sub(x2, x4))), aq(add(x2, x1), x1)), add(exp(a), add(x2, aq(x2, x1)))))), add(exp(mul(aq(x1, x1), sub(a, x3))), aq(add(exp(a), x1), sub(add(x2, exp(x1)), mul(x3, sub(x2, x4))))))))
GPU5 stages: candidates=2500 pre_s=22.859 cheap_candidates=1843 cheap_unique=1842 cheap_s=36.739/40.000 cheap_rejected=205 cheap_a_min=-1.22377707953 cheap_a_p50=0.000212169878618 cheap_a_p95=1.09408373181 cheap_a_max=4294.83254284 exact_a_gate=0.15 exact_provisional_penalty=3928.17976309 exact_candidates=1638 exact_unique=1637 full_exact_enabled=1 exact_capacity=1200 exact_waves=134 exact_scheduled=1200 exact_deferred=415 exact_wave=1200/1200 exact_queue_depth=0 exact_pending_instances=415 exact_s=189.847 exact_ok=1200 exact_margin_max=3.45821969383 exact_scan_mean_s=0.042 exact_bisect_mean_s=0.004 exact_polish_mean_s=0.249 exact_final_mean_s=0.008 exact_margin_abs_b_max=nan cache_hits=0 cache_misses=0 cache_waits=0
473	2500 	539.118	700.436    	1044.86    	181.962	36 	111.515	286	62.4417
Best individuals of this generation:
add(mul(x1, aq(x1, add(add(x1, mul(sin(add(x2, x1)), mul(x3, add(a, a)))), x3))), mul(mul(sub(add(mul(x2, mul(aq(sub(add(mul(x2, mul(x1, x3)), exp(x1)), x2), add(x1, x2)), x2)), exp(mul(sin(x4), x4))), mul(x3, sub(x2, x4))), aq(add(exp(a), add(x2, x1)), a)), add(add(mul(x3, add(add(x3, x1), x2)), add(x2, mul(mul(sub(add(mul(x2, mul(x3, x2)), exp(x1)), mul(x3, sub(x2, x4))), aq(add(x2, x1), x1)), add(exp(a), add(x2, aq(x2, x1)))))), add(exp(mul(aq(x1, x1), sub(a, x3))), aq(add(exp(a), x1), sub(add(x2, exp(x1)), mul(x3, sub(x2, x4))))))))
GPU5 stages: candidates=2500 pre_s=22.719 cheap_candidates=1786 cheap_unique=1784 cheap_s=37.236/40.000 cheap_rejected=199 cheap_a_min=-0.24068284655 cheap_a_p50=0.000212720698484 cheap_a_p95=1.14776911107 cheap_a_max=3109.46583343 exact_a_gate=0.15 exact_provisional_penalty=3928.17976309 exact_candidates=1587 exact_unique=1585 full_exact_enabled=1 exact_capacity=1200 exact_waves=134 exact_scheduled=1200 exact_deferred=367 exact_wave=1200/1200 exact_queue_depth=0 exact_pending_instances=367 exact_s=198.767 exact_ok=1200 exact_margin_max=2.32982490582 exact_scan_mean_s=0.040 exact_bisect_mean_s=0.003 exact_polish_mean_s=0.243 exact_final_mean_s=0.018 exact_margin_abs_b_max=nan cache_hits=0 cache_misses=0 cache_waits=0
474	2500 	539.118	700.423    	1044.78    	181.956	36 	111.737	286	62.1502
Best individuals of this generation:
add(mul(x1, aq(x1, add(add(x1, mul(sin(add(x2, x1)), mul(x3, add(a, a)))), x3))), mul(mul(sub(add(mul(x2, mul(aq(sub(add(mul(x2, mul(x1, x3)), exp(x1)), x2), add(x1, x2)), x2)), exp(mul(sin(x4), x4))), mul(x3, sub(x2, x4))), aq(add(exp(a), add(x2, x1)), a)), add(add(mul(x3, add(add(x3, x1), x2)), add(x2, mul(mul(sub(add(mul(x2, mul(x3, x2)), exp(x1)), mul(x3, sub(x2, x4))), aq(add(x2, x1), x1)), add(exp(a), add(x2, aq(x2, x1)))))), add(exp(mul(aq(x1, x1), sub(a, x3))), aq(add(exp(a), x1), sub(add(x2, exp(x1)), mul(x3, sub(x2, x4))))))))
GPU5 stages: candidates=2500 pre_s=23.037 cheap_candidates=1836 cheap_unique=1834 cheap_s=35.613/40.000 cheap_rejected=207 cheap_a_min=-0.192352475921 cheap_a_p50=0.000212261582987 cheap_a_p95=1.7435474638 cheap_a_max=4693.33024637 exact_a_gate=0.15 exact_provisional_penalty=3928.17976309 exact_candidates=1629 exact_unique=1627 full_exact_enabled=1 exact_capacity=1200 exact_waves=134 exact_scheduled=1200 exact_deferred=410 exact_wave=1200/1200 exact_queue_depth=0 exact_pending_instances=410 exact_s=192.709 exact_ok=1200 exact_margin_max=117.082020133 exact_scan_mean_s=0.041 exact_bisect_mean_s=0.004 exact_polish_mean_s=0.242 exact_final_mean_s=0.014 exact_margin_abs_b_max=nan cache_hits=0 cache_misses=0 cache_waits=0
475	2500 	539.118	700.414    	1044.75    	181.955	36 	111.801	286	61.8011
Best individuals of this generation:
add(mul(x1, aq(x1, add(add(x1, mul(sin(add(x2, x1)), mul(x3, add(a, a)))), x3))), mul(mul(sub(add(mul(x2, mul(aq(sub(add(mul(x2, mul(x1, x3)), exp(x1)), x2), add(x1, x2)), x2)), exp(mul(sin(x4), x4))), mul(x3, sub(x2, x4))), aq(add(exp(a), add(x2, x1)), a)), add(add(mul(x3, add(add(x3, x1), x2)), add(x2, mul(mul(sub(add(mul(x2, mul(x3, x2)), exp(x1)), mul(x3, sub(x2, x4))), aq(add(x2, x1), x1)), add(exp(a), add(x2, aq(x2, x1)))))), add(exp(mul(aq(x1, x1), sub(a, x3))), aq(add(exp(a), x1), sub(add(x2, exp(x1)), mul(x3, sub(x2, x4))))))))
GPU5 stages: candidates=2500 pre_s=22.981 cheap_candidates=1841 cheap_unique=1840 cheap_s=37.245/40.000 cheap_rejected=215 cheap_a_min=-8.91182389065 cheap_a_p50=0.000212698229367 cheap_a_p95=1.66077097092 cheap_a_max=1163.08355316 exact_a_gate=0.15 exact_provisional_penalty=3928.17976309 exact_candidates=1626 exact_unique=1625 full_exact_enabled=1 exact_capacity=1200 exact_waves=134 exact_scheduled=1200 exact_deferred=407 exact_wave=1200/1200 exact_queue_depth=0 exact_pending_instances=407 exact_s=190.461 exact_ok=1200 exact_margin_max=1284.31801082 exact_scan_mean_s=0.040 exact_bisect_mean_s=0.004 exact_polish_mean_s=0.255 exact_final_mean_s=0.016 exact_margin_abs_b_max=nan cache_hits=0 cache_misses=0 cache_waits=0
476	2500 	539.118	700.381    	1044.74    	181.957	36 	111.84 	286	61.4976
Best individuals of this generation:
add(mul(x1, aq(x1, add(add(x1, mul(sin(add(x2, x1)), mul(x3, add(a, a)))), x3))), mul(mul(sub(add(mul(x2, mul(aq(sub(add(mul(x2, mul(x1, x3)), exp(x1)), x2), add(x1, x2)), x2)), exp(mul(sin(x4), x4))), mul(x3, sub(x2, x4))), aq(add(exp(a), add(x2, x1)), a)), add(add(mul(x3, add(add(x3, x1), x2)), add(x2, mul(mul(sub(add(mul(x2, mul(x3, x2)), exp(x1)), mul(x3, sub(x2, x4))), aq(add(x2, x1), x1)), add(exp(a), add(x2, aq(x2, x1)))))), add(exp(mul(aq(x1, x1), sub(a, x3))), aq(add(exp(a), x1), sub(add(x2, exp(x1)), mul(x3, sub(x2, x4))))))))
GPU5 stages: candidates=2500 pre_s=22.990 cheap_candidates=1819 cheap_unique=1818 cheap_s=35.676/40.000 cheap_rejected=213 cheap_a_min=-0.775319157427 cheap_a_p50=0.000212231699432 cheap_a_p95=1.43122465258 cheap_a_max=1365.92880582 exact_a_gate=0.15 exact_provisional_penalty=3928.17976309 exact_candidates=1606 exact_unique=1605 full_exact_enabled=1 exact_capacity=1200 exact_waves=134 exact_scheduled=1200 exact_deferred=384 exact_wave=1200/1200 exact_queue_depth=0 exact_pending_instances=384 exact_s=190.857 exact_ok=1200 exact_margin_max=5946.57721349 exact_scan_mean_s=0.042 exact_bisect_mean_s=0.005 exact_polish_mean_s=0.247 exact_final_mean_s=0.012 exact_margin_abs_b_max=nan cache_hits=0 cache_misses=0 cache_waits=0
477	2500 	539.118	700.37     	1044.71    	181.954	36 	111.811	286	61.6906
Best individuals of this generation:
add(mul(x1, aq(x1, add(add(x1, mul(sin(add(x2, x1)), mul(x3, add(a, a)))), x3))), mul(mul(sub(add(mul(x2, mul(aq(sub(add(mul(x2, mul(x1, x3)), exp(x1)), x2), add(x1, x2)), x2)), exp(mul(sin(x4), x4))), mul(x3, sub(x2, x4))), aq(add(exp(a), add(x2, x1)), a)), add(add(mul(x3, add(add(x3, x1), x2)), add(x2, mul(mul(sub(add(mul(x2, mul(x3, x2)), exp(x1)), mul(x3, sub(x2, x4))), aq(add(x2, x1), x1)), add(exp(a), add(x2, aq(x2, x1)))))), add(exp(mul(aq(x1, x1), sub(a, x3))), aq(add(exp(a), x1), sub(add(x2, exp(x1)), mul(x3, sub(x2, x4))))))))
GPU5 stages: candidates=2500 pre_s=22.988 cheap_candidates=1815 cheap_unique=1814 cheap_s=35.145/40.000 cheap_rejected=208 cheap_a_min=-0.198131090587 cheap_a_p50=0.000212261576 cheap_a_p95=1.15078071039 cheap_a_max=713.326805775 exact_a_gate=0.15 exact_provisional_penalty=3928.17976309 exact_candidates=1607 exact_unique=1606 full_exact_enabled=1 exact_capacity=1200 exact_waves=134 exact_scheduled=1200 exact_deferred=387 exact_wave=1200/1200 exact_queue_depth=0 exact_pending_instances=387 exact_s=195.548 exact_ok=1200 exact_margin_max=182.778827698 exact_scan_mean_s=0.042 exact_bisect_mean_s=0.005 exact_polish_mean_s=0.256 exact_final_mean_s=0.018 exact_margin_abs_b_max=nan cache_hits=0 cache_misses=0 cache_waits=0
478	2500 	539.118	700.356    	1044.65    	181.947	36 	111.57 	286	61.5571
Best individuals of this generation:
add(mul(x1, aq(x1, add(add(x1, mul(sin(add(x2, x1)), mul(x3, add(a, a)))), x3))), mul(mul(sub(add(mul(x2, mul(aq(sub(add(mul(x2, mul(x1, x3)), exp(x1)), x2), add(x1, x2)), x2)), exp(mul(sin(x4), x4))), mul(x3, sub(x2, x4))), aq(add(exp(a), add(x2, x1)), a)), add(add(mul(x3, add(add(x3, x1), x2)), add(x2, mul(mul(sub(add(mul(x2, mul(x3, x2)), exp(x1)), mul(x3, sub(x2, x4))), aq(add(x2, x1), x1)), add(exp(a), add(x2, aq(x2, x1)))))), add(exp(mul(aq(x1, x1), sub(a, x3))), aq(add(exp(a), x1), sub(add(x2, exp(x1)), mul(x3, sub(x2, x4))))))))
GPU5 stages: candidates=2500 pre_s=22.910 cheap_candidates=1806 cheap_unique=1805 cheap_s=34.940/40.000 cheap_rejected=200 cheap_a_min=-0.517461504898 cheap_a_p50=0.000212199366815 cheap_a_p95=1.60845478828 cheap_a_max=3084.83514536 exact_a_gate=0.15 exact_provisional_penalty=3928.17976309 exact_candidates=1606 exact_unique=1605 full_exact_enabled=1 exact_capacity=1200 exact_waves=134 exact_scheduled=1200 exact_deferred=390 exact_wave=1200/1200 exact_queue_depth=0 exact_pending_instances=390 exact_s=191.802 exact_ok=1200 exact_margin_max=6.07295959882 exact_scan_mean_s=0.040 exact_bisect_mean_s=0.003 exact_polish_mean_s=0.246 exact_final_mean_s=0.021 exact_margin_abs_b_max=nan cache_hits=0 cache_misses=0 cache_waits=0
479	2500 	539.118	700.348    	1044.62    	181.948	36 	111.475	286	61.494 
Best individuals of this generation:
add(mul(x1, aq(x1, add(add(x1, mul(sin(add(x2, x1)), mul(x3, add(a, a)))), x3))), mul(mul(sub(add(mul(x2, mul(aq(sub(add(mul(x2, mul(x1, x3)), exp(x1)), x2), add(x1, x2)), x2)), exp(mul(sin(x4), x4))), mul(x3, sub(x2, x4))), aq(add(exp(a), add(x2, x1)), a)), add(add(mul(x3, add(add(x3, x1), x2)), add(x2, mul(mul(sub(add(mul(x2, mul(x3, x2)), exp(x1)), mul(x3, sub(x2, x4))), aq(add(x2, x1), x1)), add(exp(a), add(x2, aq(x2, x1)))))), add(exp(mul(aq(x1, x1), sub(a, x3))), aq(add(exp(a), x1), sub(add(x2, exp(x1)), mul(x3, sub(x2, x4))))))))
GPU5 stages: candidates=2500 pre_s=22.984 cheap_candidates=1859 cheap_unique=1856 cheap_s=36.039/40.000 cheap_rejected=213 cheap_a_min=-0.257586490816 cheap_a_p50=0.000212186966064 cheap_a_p95=1.26740788107 cheap_a_max=669.371004513 exact_a_gate=0.15 exact_provisional_penalty=3928.17976309 exact_candidates=1646 exact_unique=1643 full_exact_enabled=1 exact_capacity=1200 exact_waves=134 exact_scheduled=1200 exact_deferred=414 exact_wave=1200/1200 exact_queue_depth=0 exact_pending_instances=414 exact_s=190.107 exact_ok=1200 exact_margin_max=99.9299125349 exact_scan_mean_s=0.041 exact_bisect_mean_s=0.003 exact_polish_mean_s=0.247 exact_final_mean_s=0.017 exact_margin_abs_b_max=nan cache_hits=0 cache_misses=0 cache_waits=0
480	2500 	539.118	700.34     	1044.57    	181.941	36 	111.146	286	61.3748
Best individuals of this generation:
add(mul(x1, aq(x1, add(add(x1, mul(sin(add(x2, x1)), mul(x3, add(a, a)))), x3))), mul(mul(sub(add(mul(x2, mul(aq(sub(add(mul(x2, mul(x1, x3)), exp(x1)), x2), add(x1, x2)), x2)), exp(mul(sin(x4), x4))), mul(x3, sub(x2, x4))), aq(add(exp(a), add(x2, x1)), a)), add(add(mul(x3, add(add(x3, x1), x2)), add(x2, mul(mul(sub(add(mul(x2, mul(x3, x2)), exp(x1)), mul(x3, sub(x2, x4))), aq(add(x2, x1), x1)), add(exp(a), add(x2, aq(x2, x1)))))), add(exp(mul(aq(x1, x1), sub(a, x3))), aq(add(exp(a), x1), sub(add(x2, exp(x1)), mul(x3, sub(x2, x4))))))))
GPU5 stages: candidates=2500 pre_s=22.953 cheap_candidates=1827 cheap_unique=1823 cheap_s=36.805/40.000 cheap_rejected=200 cheap_a_min=-0.237061783978 cheap_a_p50=0.000212630181646 cheap_a_p95=1.18167718488 cheap_a_max=937.147378896 exact_a_gate=0.15 exact_provisional_penalty=3928.17976309 exact_candidates=1627 exact_unique=1623 full_exact_enabled=1 exact_capacity=1200 exact_waves=134 exact_scheduled=1200 exact_deferred=401 exact_wave=1200/1200 exact_queue_depth=0 exact_pending_instances=401 exact_s=197.084 exact_ok=1200 exact_margin_max=562.499265591 exact_scan_mean_s=0.041 exact_bisect_mean_s=0.004 exact_polish_mean_s=0.253 exact_final_mean_s=0.013 exact_margin_abs_b_max=nan cache_hits=0 cache_misses=0 cache_waits=0
481	2500 	539.118	700.33     	1044.52    	181.939	36 	110.915	264	61.2368
Best individuals of this generation:
add(mul(x1, aq(x1, add(add(x1, mul(sin(add(x2, x1)), mul(x3, add(a, a)))), x3))), mul(mul(sub(add(mul(x2, mul(aq(sub(add(mul(x2, mul(x1, x3)), exp(x1)), x2), add(x1, x2)), x2)), exp(mul(sin(x4), x4))), mul(x3, sub(x2, x4))), aq(add(exp(a), add(x2, x1)), a)), add(add(mul(x3, add(add(x3, x1), x2)), add(x2, mul(mul(sub(add(mul(x2, mul(x3, x2)), exp(x1)), mul(x3, sub(x2, x4))), aq(add(x2, x1), x1)), add(exp(a), add(x2, aq(x2, x1)))))), add(exp(mul(aq(x1, x1), sub(a, x3))), aq(add(exp(a), x1), sub(add(x2, exp(x1)), mul(x3, sub(x2, x4))))))))
GPU5 stages: candidates=2500 pre_s=22.872 cheap_candidates=1826 cheap_unique=1826 cheap_s=35.880/40.000 cheap_rejected=204 cheap_a_min=-3.80177281036 cheap_a_p50=0.000212511693744 cheap_a_p95=2.32281806648 cheap_a_max=6724.20125538 exact_a_gate=0.15 exact_provisional_penalty=7447.78532221 exact_candidates=1622 exact_unique=1622 full_exact_enabled=1 exact_capacity=1200 exact_waves=134 exact_scheduled=1200 exact_deferred=404 exact_wave=1200/1200 exact_queue_depth=0 exact_pending_instances=404 exact_s=191.072 exact_ok=1200 exact_margin_max=35.4001302267 exact_scan_mean_s=0.042 exact_bisect_mean_s=0.006 exact_polish_mean_s=0.246 exact_final_mean_s=0.019 exact_margin_abs_b_max=nan cache_hits=0 cache_misses=0 cache_waits=0
482	2500 	539.118	700.3      	1044.49    	181.935	36 	110.829	264	61.3171
Best individuals of this generation:
add(mul(x1, aq(x1, add(add(x1, mul(sin(add(x2, x1)), mul(x3, add(a, a)))), x3))), mul(mul(sub(add(mul(x2, mul(aq(sub(add(mul(x2, mul(x1, x3)), exp(x1)), x2), add(x1, x2)), x2)), exp(mul(sin(x4), x4))), mul(x3, sub(x2, x4))), aq(add(exp(a), add(x2, x1)), a)), add(add(mul(x3, add(add(x3, x1), x2)), add(x2, mul(mul(sub(add(mul(x2, mul(x3, x2)), exp(x1)), mul(x3, sub(x2, x4))), aq(add(x2, x1), x1)), add(exp(a), add(x2, aq(x2, x1)))))), add(exp(mul(aq(x1, x1), sub(a, x3))), aq(add(exp(a), x1), sub(add(x2, exp(x1)), mul(x3, sub(x2, x4))))))))
GPU5 stages: candidates=2500 pre_s=22.790 cheap_candidates=1771 cheap_unique=1771 cheap_s=34.892/40.000 cheap_rejected=214 cheap_a_min=-0.406653005589 cheap_a_p50=0.000212632375352 cheap_a_p95=1.57939626103 cheap_a_max=805.477651842 exact_a_gate=0.15 exact_provisional_penalty=6224.41891465 exact_candidates=1557 exact_unique=1557 full_exact_enabled=1 exact_capacity=1200 exact_waves=134 exact_scheduled=1200 exact_deferred=338 exact_wave=1200/1200 exact_queue_depth=0 exact_pending_instances=338 exact_s=196.683 exact_ok=1200 exact_margin_max=76.6353356365 exact_scan_mean_s=0.042 exact_bisect_mean_s=0.005 exact_polish_mean_s=0.249 exact_final_mean_s=0.013 exact_margin_abs_b_max=nan cache_hits=0 cache_misses=0 cache_waits=0
483	2500 	539.118	700.288    	1044.48    	181.935	36 	110.745	264	61.2093
Best individuals of this generation:
add(mul(x1, aq(x1, add(add(x1, mul(sin(add(x2, x1)), mul(x3, add(a, a)))), x3))), mul(mul(sub(add(mul(x2, mul(aq(sub(add(mul(x2, mul(x1, x3)), exp(x1)), x2), add(x1, x2)), x2)), exp(mul(sin(x4), x4))), mul(x3, sub(x2, x4))), aq(add(exp(a), add(x2, x1)), a)), add(add(mul(x3, add(add(x3, x1), x2)), add(x2, mul(mul(sub(add(mul(x2, mul(x3, x2)), exp(x1)), mul(x3, sub(x2, x4))), aq(add(x2, x1), x1)), add(exp(a), add(x2, aq(x2, x1)))))), add(exp(mul(aq(x1, x1), sub(a, x3))), aq(add(exp(a), x1), sub(add(x2, exp(x1)), mul(x3, sub(x2, x4))))))))
GPU5 stages: candidates=2500 pre_s=28.681 cheap_candidates=1836 cheap_unique=1835 cheap_s=37.063/40.000 cheap_rejected=212 cheap_a_min=-0.367898071552 cheap_a_p50=0.000218787349132 cheap_a_p95=1.21373831985 cheap_a_max=319.165311345 exact_a_gate=0.15 exact_provisional_penalty=5995.53862625 exact_candidates=1624 exact_unique=1623 full_exact_enabled=1 exact_capacity=1200 exact_waves=134 exact_scheduled=1200 exact_deferred=398 exact_wave=1200/1200 exact_queue_depth=0 exact_pending_instances=398 exact_s=196.179 exact_ok=1200 exact_margin_max=1153.24227739 exact_scan_mean_s=0.041 exact_bisect_mean_s=0.005 exact_polish_mean_s=0.253 exact_final_mean_s=0.008 exact_margin_abs_b_max=nan cache_hits=0 cache_misses=0 cache_waits=0
484	2500 	539.118	700.28     	1044.48    	181.938	36 	110.637	264	61.139 
Best individuals of this generation:
add(mul(x1, aq(x1, add(add(x1, mul(sin(add(x2, x1)), mul(x3, add(a, a)))), x3))), mul(mul(sub(add(mul(x2, mul(aq(sub(add(mul(x2, mul(x1, x3)), exp(x1)), x2), add(x1, x2)), x2)), exp(mul(sin(x4), x4))), mul(x3, sub(x2, x4))), aq(add(exp(a), add(x2, x1)), a)), add(add(mul(x3, add(add(x3, x1), x2)), add(x2, mul(mul(sub(add(mul(x2, mul(x3, x2)), exp(x1)), mul(x3, sub(x2, x4))), aq(add(x2, x1), x1)), add(exp(a), add(x2, aq(x2, x1)))))), add(exp(mul(aq(x1, x1), sub(a, x3))), aq(add(exp(a), x1), sub(add(x2, exp(x1)), mul(x3, sub(x2, x4))))))))
GPU5 stages: candidates=2500 pre_s=22.732 cheap_candidates=1791 cheap_unique=1790 cheap_s=35.744/40.000 cheap_rejected=209 cheap_a_min=-0.293644832753 cheap_a_p50=0.000213171659835 cheap_a_p95=1.25601509058 cheap_a_max=226.835564032 exact_a_gate=0.15 exact_provisional_penalty=3928.17976309 exact_candidates=1582 exact_unique=1581 full_exact_enabled=1 exact_capacity=1200 exact_waves=134 exact_scheduled=1200 exact_deferred=363 exact_wave=1200/1200 exact_queue_depth=0 exact_pending_instances=363 exact_s=192.577 exact_ok=1200 exact_margin_max=0.126633650713 exact_scan_mean_s=0.040 exact_bisect_mean_s=0.004 exact_polish_mean_s=0.250 exact_final_mean_s=0.015 exact_margin_abs_b_max=nan cache_hits=0 cache_misses=0 cache_waits=0
485	2500 	539.118	700.268    	1044.45    	181.937	36 	110.518	264	60.9849
Best individuals of this generation:
add(mul(x1, aq(x1, add(add(x1, mul(sin(add(x2, x1)), mul(x3, add(a, a)))), x3))), mul(mul(sub(add(mul(x2, mul(aq(sub(add(mul(x2, mul(x1, x3)), exp(x1)), x2), add(x1, x2)), x2)), exp(mul(sin(x4), x4))), mul(x3, sub(x2, x4))), aq(add(exp(a), add(x2, x1)), a)), add(add(mul(x3, add(add(x3, x1), x2)), add(x2, mul(mul(sub(add(mul(x2, mul(x3, x2)), exp(x1)), mul(x3, sub(x2, x4))), aq(add(x2, x1), x1)), add(exp(a), add(x2, aq(x2, x1)))))), add(exp(mul(aq(x1, x1), sub(a, x3))), aq(add(exp(a), x1), sub(add(x2, exp(x1)), mul(x3, sub(x2, x4))))))))
GPU5 stages: candidates=2500 pre_s=22.948 cheap_candidates=1848 cheap_unique=1847 cheap_s=36.174/40.000 cheap_rejected=210 cheap_a_min=-0.307915423932 cheap_a_p50=0.000213196625782 cheap_a_p95=1.40241633626 cheap_a_max=448.884002673 exact_a_gate=0.15 exact_provisional_penalty=3928.17976309 exact_candidates=1638 exact_unique=1637 full_exact_enabled=1 exact_capacity=1200 exact_waves=134 exact_scheduled=1200 exact_deferred=413 exact_wave=1200/1200 exact_queue_depth=0 exact_pending_instances=413 exact_s=193.982 exact_ok=1200 exact_margin_max=11.6321477391 exact_scan_mean_s=0.041 exact_bisect_mean_s=0.003 exact_polish_mean_s=0.249 exact_final_mean_s=0.009 exact_margin_abs_b_max=nan cache_hits=0 cache_misses=0 cache_waits=0
486	2500 	539.118	700.26     	1044.45    	181.936	36 	110.485	264	60.9323
Best individuals of this generation:
add(mul(x1, aq(x1, add(add(x1, mul(sin(add(x2, x1)), mul(x3, add(a, a)))), x3))), mul(mul(sub(add(mul(x2, mul(aq(sub(add(mul(x2, mul(x1, x3)), exp(x1)), x2), add(x1, x2)), x2)), exp(mul(sin(x4), x4))), mul(x3, sub(x2, x4))), aq(add(exp(a), add(x2, x1)), a)), add(add(mul(x3, add(add(x3, x1), x2)), add(x2, mul(mul(sub(add(mul(x2, mul(x3, x2)), exp(x1)), mul(x3, sub(x2, x4))), aq(add(x2, x1), x1)), add(exp(a), add(x2, aq(x2, x1)))))), add(exp(mul(aq(x1, x1), sub(a, x3))), aq(add(exp(a), x1), sub(add(x2, exp(x1)), mul(x3, sub(x2, x4))))))))
GPU5 stages: candidates=2500 pre_s=22.841 cheap_candidates=1831 cheap_unique=1829 cheap_s=36.737/40.000 cheap_rejected=225 cheap_a_min=-0.796620293675 cheap_a_p50=0.000218414520569 cheap_a_p95=1.9735795727 cheap_a_max=1004.14417256 exact_a_gate=0.15 exact_provisional_penalty=3928.17976309 exact_candidates=1606 exact_unique=1604 full_exact_enabled=1 exact_capacity=1200 exact_waves=134 exact_scheduled=1200 exact_deferred=385 exact_wave=1200/1200 exact_queue_depth=0 exact_pending_instances=385 exact_s=191.947 exact_ok=1200 exact_margin_max=29.9655321988 exact_scan_mean_s=0.041 exact_bisect_mean_s=0.003 exact_polish_mean_s=0.242 exact_final_mean_s=0.015 exact_margin_abs_b_max=nan cache_hits=0 cache_misses=0 cache_waits=0
487	2500 	539.118	700.249    	1044.43    	181.937	36 	110.423	264	60.8436
Best individuals of this generation:
add(mul(x1, aq(x1, add(add(x1, mul(sin(add(x2, x1)), mul(x3, add(a, a)))), x3))), mul(mul(sub(add(mul(x2, mul(aq(sub(add(mul(x2, mul(x1, x3)), exp(x1)), x2), add(x1, x2)), x2)), exp(mul(sin(x4), x4))), mul(x3, sub(x2, x4))), aq(add(exp(a), add(x2, x1)), a)), add(add(mul(x3, add(add(x3, x1), x2)), add(x2, mul(mul(sub(add(mul(x2, mul(x3, x2)), exp(x1)), mul(x3, sub(x2, x4))), aq(add(x2, x1), x1)), add(exp(a), add(x2, aq(x2, x1)))))), add(exp(mul(aq(x1, x1), sub(a, x3))), aq(add(exp(a), x1), sub(add(x2, exp(x1)), mul(x3, sub(x2, x4))))))))
GPU5 stages: candidates=2500 pre_s=22.951 cheap_candidates=1823 cheap_unique=1821 cheap_s=35.709/40.000 cheap_rejected=206 cheap_a_min=-0.322490887558 cheap_a_p50=0.000212457115467 cheap_a_p95=0.93373389954 cheap_a_max=14744.1618593 exact_a_gate=0.15 exact_provisional_penalty=3928.17976309 exact_candidates=1617 exact_unique=1615 full_exact_enabled=1 exact_capacity=1200 exact_waves=134 exact_scheduled=1200 exact_deferred=394 exact_wave=1200/1200 exact_queue_depth=0 exact_pending_instances=394 exact_s=190.600 exact_ok=1200 exact_margin_max=81.7077621918 exact_scan_mean_s=0.041 exact_bisect_mean_s=0.005 exact_polish_mean_s=0.249 exact_final_mean_s=0.015 exact_margin_abs_b_max=nan cache_hits=0 cache_misses=0 cache_waits=0
488	2500 	539.118	700.234    	1044.43    	181.944	36 	110.407	264	60.8219
Best individuals of this generation:
add(mul(x1, aq(x1, add(add(x1, mul(sin(add(x2, x1)), mul(x3, add(a, a)))), x3))), mul(mul(sub(add(mul(x2, mul(aq(sub(add(mul(x2, mul(x1, x3)), exp(x1)), x2), add(x1, x2)), x2)), exp(mul(sin(x4), x4))), mul(x3, sub(x2, x4))), aq(add(exp(a), add(x2, x1)), a)), add(add(mul(x3, add(add(x3, x1), x2)), add(x2, mul(mul(sub(add(mul(x2, mul(x3, x2)), exp(x1)), mul(x3, sub(x2, x4))), aq(add(x2, x1), x1)), add(exp(a), add(x2, aq(x2, x1)))))), add(exp(mul(aq(x1, x1), sub(a, x3))), aq(add(exp(a), x1), sub(add(x2, exp(x1)), mul(x3, sub(x2, x4))))))))
GPU5 stages: candidates=2500 pre_s=22.963 cheap_candidates=1837 cheap_unique=1834 cheap_s=35.656/40.000 cheap_rejected=200 cheap_a_min=-0.153276242797 cheap_a_p50=0.000212775252314 cheap_a_p95=1.05644141097 cheap_a_max=1467.17379047 exact_a_gate=0.15 exact_provisional_penalty=3928.17976309 exact_candidates=1637 exact_unique=1634 full_exact_enabled=1 exact_capacity=1200 exact_waves=134 exact_scheduled=1200 exact_deferred=410 exact_wave=1200/1200 exact_queue_depth=0 exact_pending_instances=410 exact_s=187.236 exact_ok=1200 exact_margin_max=614.249493277 exact_scan_mean_s=0.041 exact_bisect_mean_s=0.005 exact_polish_mean_s=0.244 exact_final_mean_s=0.013 exact_margin_abs_b_max=nan cache_hits=0 cache_misses=0 cache_waits=0
489	2500 	539.118	700.218    	1044.39    	181.938	36 	110.367	264	60.6984
Best individuals of this generation:
add(mul(x1, aq(x1, add(add(x1, mul(sin(add(x2, x1)), mul(x3, add(a, a)))), x3))), mul(mul(sub(add(mul(x2, mul(aq(sub(add(mul(x2, mul(x1, x3)), exp(x1)), x2), add(x1, x2)), x2)), exp(mul(sin(x4), x4))), mul(x3, sub(x2, x4))), aq(add(exp(a), add(x2, x1)), a)), add(add(mul(x3, add(add(x3, x1), x2)), add(x2, mul(mul(sub(add(mul(x2, mul(x3, x2)), exp(x1)), mul(x3, sub(x2, x4))), aq(add(x2, x1), x1)), add(exp(a), add(x2, aq(x2, x1)))))), add(exp(mul(aq(x1, x1), sub(a, x3))), aq(add(exp(a), x1), sub(add(x2, exp(x1)), mul(x3, sub(x2, x4))))))))
GPU5 stages: candidates=2500 pre_s=22.774 cheap_candidates=1842 cheap_unique=1840 cheap_s=36.422/40.000 cheap_rejected=202 cheap_a_min=-0.15655297626 cheap_a_p50=0.000303984560948 cheap_a_p95=1.02873592023 cheap_a_max=900.842925297 exact_a_gate=0.15 exact_provisional_penalty=3928.17976309 exact_candidates=1640 exact_unique=1638 full_exact_enabled=1 exact_capacity=1200 exact_waves=134 exact_scheduled=1200 exact_deferred=422 exact_wave=1200/1200 exact_queue_depth=0 exact_pending_instances=422 exact_s=192.850 exact_ok=1200 exact_margin_max=8.17375102977 exact_scan_mean_s=0.041 exact_bisect_mean_s=0.004 exact_polish_mean_s=0.253 exact_final_mean_s=0.017 exact_margin_abs_b_max=nan cache_hits=0 cache_misses=0 cache_waits=0
490	2500 	539.118	700.198    	1044.35    	181.932	36 	110.332	264	60.5044
Best individuals of this generation:
add(mul(x1, aq(x1, add(add(x1, mul(sin(add(x2, x1)), mul(x3, add(a, a)))), x3))), mul(mul(sub(add(mul(x2, mul(aq(sub(add(mul(x2, mul(x1, x3)), exp(x1)), x2), add(x1, x2)), x2)), exp(mul(sin(x4), x4))), mul(x3, sub(x2, x4))), aq(add(exp(a), add(x2, x1)), a)), add(add(mul(x3, add(add(x3, x1), x2)), add(x2, mul(mul(sub(add(mul(x2, mul(x3, x2)), exp(x1)), mul(x3, sub(x2, x4))), aq(add(x2, x1), x1)), add(exp(a), add(x2, aq(x2, x1)))))), add(exp(mul(aq(x1, x1), sub(a, x3))), aq(add(exp(a), x1), sub(add(x2, exp(x1)), mul(x3, sub(x2, x4))))))))
GPU5 stages: candidates=2500 pre_s=22.932 cheap_candidates=1852 cheap_unique=1849 cheap_s=37.199/40.000 cheap_rejected=223 cheap_a_min=-0.756925854748 cheap_a_p50=0.000269213982608 cheap_a_p95=1.63866674652 cheap_a_max=613.92024672 exact_a_gate=0.15 exact_provisional_penalty=3928.17976309 exact_candidates=1629 exact_unique=1626 full_exact_enabled=1 exact_capacity=1200 exact_waves=134 exact_scheduled=1200 exact_deferred=407 exact_wave=1200/1200 exact_queue_depth=0 exact_pending_instances=407 exact_s=190.601 exact_ok=1200 exact_margin_max=395.636360725 exact_scan_mean_s=0.042 exact_bisect_mean_s=0.003 exact_polish_mean_s=0.250 exact_final_mean_s=0.014 exact_margin_abs_b_max=nan cache_hits=0 cache_misses=0 cache_waits=0
491	2500 	539.118	700.178    	1044.32    	181.933	36 	110.416	264	60.4321
Best individuals of this generation:
add(mul(x1, aq(x1, add(add(x1, mul(sin(add(x2, x1)), mul(x3, add(a, a)))), x3))), mul(mul(sub(add(mul(x2, mul(aq(sub(add(mul(x2, mul(x1, x3)), exp(x1)), x2), add(x1, x2)), x2)), exp(mul(sin(x4), x4))), mul(x3, sub(x2, x4))), aq(add(exp(a), add(x2, x1)), a)), add(add(mul(x3, add(add(x3, x1), x2)), add(x2, mul(mul(sub(add(mul(x2, mul(x3, x2)), exp(x1)), mul(x3, sub(x2, x4))), aq(add(x2, x1), x1)), add(exp(a), add(x2, aq(x2, x1)))))), add(exp(mul(aq(x1, x1), sub(a, x3))), aq(add(exp(a), x1), sub(add(x2, exp(x1)), mul(x3, sub(x2, x4))))))))
GPU5 stages: candidates=2500 pre_s=22.887 cheap_candidates=1850 cheap_unique=1850 cheap_s=38.489/40.000 cheap_rejected=219 cheap_a_min=-0.353819642963 cheap_a_p50=0.000304724707343 cheap_a_p95=1.26083551055 cheap_a_max=6964.09772517 exact_a_gate=0.15 exact_provisional_penalty=6237.58196016 exact_candidates=1631 exact_unique=1631 full_exact_enabled=1 exact_capacity=1200 exact_waves=134 exact_scheduled=1200 exact_deferred=419 exact_wave=1200/1200 exact_queue_depth=0 exact_pending_instances=419 exact_s=190.430 exact_ok=1200 exact_margin_max=5.85502695041 exact_scan_mean_s=0.041 exact_bisect_mean_s=0.004 exact_polish_mean_s=0.253 exact_final_mean_s=0.011 exact_margin_abs_b_max=nan cache_hits=0 cache_misses=0 cache_waits=0
492	2500 	539.118	700.156    	1044.28    	181.929	36 	110.554	264	60.3861
Best individuals of this generation:
add(mul(x1, aq(x1, add(add(x1, mul(sin(add(x2, x1)), mul(x3, add(a, a)))), x3))), mul(mul(sub(add(mul(x2, mul(aq(sub(add(mul(x2, mul(x1, x3)), exp(x1)), x2), add(x1, x2)), x2)), exp(mul(sin(x4), x4))), mul(x3, sub(x2, x4))), aq(add(exp(a), add(x2, x1)), a)), add(add(mul(x3, add(add(x3, x1), x2)), add(x2, mul(mul(sub(add(mul(x2, mul(x3, x2)), exp(x1)), mul(x3, sub(x2, x4))), aq(add(x2, x1), x1)), add(exp(a), add(x2, aq(x2, x1)))))), add(exp(mul(aq(x1, x1), sub(a, x3))), aq(add(exp(a), x1), sub(add(x2, exp(x1)), mul(x3, sub(x2, x4))))))))
GPU5 stages: candidates=2500 pre_s=22.846 cheap_candidates=1786 cheap_unique=1784 cheap_s=36.668/40.000 cheap_rejected=205 cheap_a_min=-0.306074295594 cheap_a_p50=0.000305096826103 cheap_a_p95=2.26965201494 cheap_a_max=1688.84999069 exact_a_gate=0.15 exact_provisional_penalty=3928.17976309 exact_candidates=1581 exact_unique=1579 full_exact_enabled=1 exact_capacity=1200 exact_waves=134 exact_scheduled=1200 exact_deferred=359 exact_wave=1200/1200 exact_queue_depth=0 exact_pending_instances=361 exact_s=192.503 exact_ok=1200 exact_margin_max=1.56934121776 exact_scan_mean_s=0.041 exact_bisect_mean_s=0.004 exact_polish_mean_s=0.249 exact_final_mean_s=0.009 exact_margin_abs_b_max=nan cache_hits=0 cache_misses=0 cache_waits=0
493	2500 	539.118	700.129    	1044.26    	181.924	36 	110.792	264	60.2393
Best individuals of this generation:
add(mul(x1, aq(x1, add(add(x1, mul(sin(add(x2, x1)), mul(x3, add(a, a)))), x3))), mul(mul(sub(add(mul(x2, mul(aq(sub(add(mul(x2, mul(x1, x3)), exp(x1)), x2), add(x1, x2)), x2)), exp(mul(sin(x4), x4))), mul(x3, sub(x2, x4))), aq(add(exp(a), add(x2, x1)), a)), add(add(mul(x3, add(add(x3, x1), x2)), add(x2, mul(mul(sub(add(mul(x2, mul(x3, x2)), exp(x1)), mul(x3, sub(x2, x4))), aq(add(x2, x1), x1)), add(exp(a), add(x2, aq(x2, x1)))))), add(exp(mul(aq(x1, x1), sub(a, x3))), aq(add(exp(a), x1), sub(add(x2, exp(x1)), mul(x3, sub(x2, x4))))))))
GPU5 stages: candidates=2500 pre_s=22.766 cheap_candidates=1825 cheap_unique=1824 cheap_s=36.326/40.000 cheap_rejected=221 cheap_a_min=-0.210545694994 cheap_a_p50=0.00029000297993 cheap_a_p95=1.55972466313 cheap_a_max=11224.4587353 exact_a_gate=0.15 exact_provisional_penalty=3928.17976309 exact_candidates=1604 exact_unique=1603 full_exact_enabled=1 exact_capacity=1200 exact_waves=134 exact_scheduled=1200 exact_deferred=379 exact_wave=1200/1200 exact_queue_depth=0 exact_pending_instances=379 exact_s=193.829 exact_ok=1200 exact_margin_max=2457.14675641 exact_scan_mean_s=0.042 exact_bisect_mean_s=0.003 exact_polish_mean_s=0.257 exact_final_mean_s=0.008 exact_margin_abs_b_max=nan cache_hits=0 cache_misses=0 cache_waits=0
494	2500 	525.774	700.087    	1044.24    	181.933	36 	111.226	264	60.1216
Best individuals of this generation:
add(mul(x1, aq(x1, add(add(x1, a), x3))), mul(mul(sub(add(mul(x2, mul(aq(x2, add(a, x2)), x2)), exp(mul(sin(x4), x4))), mul(x3, sub(x2, x1))), aq(add(exp(a), add(x2, x1)), a)), add(add(mul(x3, add(add(x3, x1), x2)), add(x2, mul(mul(sub(add(mul(x2, mul(add(add(x3, x1), x2), x2)), exp(x1)), mul(x3, sub(x2, x4))), aq(add(x2, x1), x1)), add(exp(a), add(x2, aq(x2, x1)))))), add(add(mul(add(mul(aq(x2, x1), add(exp(a), add(x2, sin(aq(x2, add(x1, x4)))))), x1), mul(x3, x2)), exp(x1)), aq(add(x2, add(mul(a, x2), mul(x2, a))), x1)))))
GPU5 stages: candidates=2500 pre_s=22.971 cheap_candidates=1831 cheap_unique=1830 cheap_s=36.342/40.000 cheap_rejected=192 cheap_a_min=-0.336007094219 cheap_a_p50=0.000305206956192 cheap_a_p95=1.10060184823 cheap_a_max=3727.42497706 exact_a_gate=0.15 exact_provisional_penalty=3928.17976309 exact_candidates=1639 exact_unique=1638 full_exact_enabled=1 exact_capacity=1200 exact_waves=134 exact_scheduled=1200 exact_deferred=422 exact_wave=1200/1200 exact_queue_depth=0 exact_pending_instances=422 exact_s=189.089 exact_ok=1200 exact_margin_max=198.588463388 exact_scan_mean_s=0.042 exact_bisect_mean_s=0.004 exact_polish_mean_s=0.246 exact_final_mean_s=0.012 exact_margin_abs_b_max=nan cache_hits=0 cache_misses=0 cache_waits=0
495	2500 	525.774	700.055    	1044.22    	181.924	36 	111.775	264	60.0203
Best individuals of this generation:
add(mul(x1, aq(x1, add(add(x1, a), x3))), mul(mul(sub(add(mul(x2, mul(aq(x2, add(a, x2)), x2)), exp(mul(sin(x4), x4))), mul(x3, sub(x2, x1))), aq(add(exp(a), add(x2, x1)), a)), add(add(mul(x3, add(add(x3, x1), x2)), add(x2, mul(mul(sub(add(mul(x2, mul(add(add(x3, x1), x2), x2)), exp(x1)), mul(x3, sub(x2, x4))), aq(add(x2, x1), x1)), add(exp(a), add(x2, aq(x2, x1)))))), add(add(mul(add(mul(aq(x2, x1), add(exp(a), add(x2, sin(aq(x2, add(x1, x4)))))), x1), mul(x3, x2)), exp(x1)), aq(add(x2, add(mul(a, x2), mul(x2, a))), x1)))))
GPU5 stages: candidates=2500 pre_s=22.922 cheap_candidates=1846 cheap_unique=1846 cheap_s=36.433/40.000 cheap_rejected=198 cheap_a_min=-0.436723009257 cheap_a_p50=0.000305186621729 cheap_a_p95=1.57118165903 cheap_a_max=742.965054915 exact_a_gate=0.15 exact_provisional_penalty=3928.17976309 exact_candidates=1648 exact_unique=1648 full_exact_enabled=1 exact_capacity=1200 exact_waves=134 exact_scheduled=1200 exact_deferred=433 exact_wave=1200/1200 exact_queue_depth=0 exact_pending_instances=433 exact_s=197.012 exact_ok=1200 exact_margin_max=5.27836251903 exact_scan_mean_s=0.042 exact_bisect_mean_s=0.005 exact_polish_mean_s=0.252 exact_final_mean_s=0.019 exact_margin_abs_b_max=nan cache_hits=0 cache_misses=0 cache_waits=0
496	2500 	525.774	700.008    	1044.21    	181.917	36 	112.386	264	59.6737
Best individuals of this generation:
add(mul(x1, aq(x1, add(add(x1, a), x3))), mul(mul(sub(add(mul(x2, mul(aq(x2, add(a, x2)), x2)), exp(mul(sin(x4), x4))), mul(x3, sub(x2, x1))), aq(add(exp(a), add(x2, x1)), a)), add(add(mul(x3, add(add(x3, x1), x2)), add(x2, mul(mul(sub(add(mul(x2, mul(add(add(x3, x1), x2), x2)), exp(x1)), mul(x3, sub(x2, x4))), aq(add(x2, x1), x1)), add(exp(a), add(x2, aq(x2, x1)))))), add(add(mul(add(mul(aq(x2, x1), add(exp(a), add(x2, sin(aq(x2, add(x1, x4)))))), x1), mul(x3, x2)), exp(x1)), aq(add(x2, add(mul(a, x2), mul(x2, a))), x1)))))
GPU5 stages: candidates=2500 pre_s=22.869 cheap_candidates=1837 cheap_unique=1836 cheap_s=37.025/40.000 cheap_rejected=191 cheap_a_min=-0.454211330112 cheap_a_p50=0.000305216367678 cheap_a_p95=1.32280761517 cheap_a_max=1786.74722462 exact_a_gate=0.15 exact_provisional_penalty=3928.17976309 exact_candidates=1646 exact_unique=1645 full_exact_enabled=1 exact_capacity=1200 exact_waves=134 exact_scheduled=1200 exact_deferred=427 exact_wave=1200/1200 exact_queue_depth=0 exact_pending_instances=427 exact_s=184.366 exact_ok=1200 exact_margin_max=0.883392334817 exact_scan_mean_s=0.041 exact_bisect_mean_s=0.003 exact_polish_mean_s=0.236 exact_final_mean_s=0.008 exact_margin_abs_b_max=nan cache_hits=0 cache_misses=0 cache_waits=0
497	2500 	525.774	699.965    	1044.21    	181.914	36 	113.029	264	59.5967
Best individuals of this generation:
add(mul(x1, aq(x1, add(add(x1, a), x3))), mul(mul(sub(add(mul(x2, mul(aq(x2, add(a, x2)), x2)), exp(mul(sin(x4), x4))), mul(x3, sub(x2, x1))), aq(add(exp(a), add(x2, x1)), a)), add(add(mul(x3, add(add(x3, x1), x2)), add(x2, mul(mul(sub(add(mul(x2, mul(add(add(x3, x1), x2), x2)), exp(x1)), mul(x3, sub(x2, x4))), aq(add(x2, x1), x1)), add(exp(a), add(x2, aq(x2, x1)))))), add(add(mul(add(mul(aq(x2, x1), add(exp(a), add(x2, sin(aq(x2, add(x1, x4)))))), x1), mul(x3, x2)), exp(x1)), aq(add(x2, add(mul(a, x2), mul(x2, a))), x1)))))
GPU5 stages: candidates=2500 pre_s=22.933 cheap_candidates=1803 cheap_unique=1802 cheap_s=36.358/40.000 cheap_rejected=205 cheap_a_min=-0.229450471773 cheap_a_p50=0.000304734060199 cheap_a_p95=1.7350053946 cheap_a_max=5845.39148317 exact_a_gate=0.15 exact_provisional_penalty=3928.17976309 exact_candidates=1598 exact_unique=1597 full_exact_enabled=1 exact_capacity=1200 exact_waves=134 exact_scheduled=1200 exact_deferred=376 exact_wave=1200/1200 exact_queue_depth=0 exact_pending_instances=376 exact_s=194.371 exact_ok=1200 exact_margin_max=1.03541909346 exact_scan_mean_s=0.042 exact_bisect_mean_s=0.003 exact_polish_mean_s=0.249 exact_final_mean_s=0.008 exact_margin_abs_b_max=nan cache_hits=0 cache_misses=0 cache_waits=0
498	2500 	525.774	699.899    	1044.18    	181.905	36 	112.717	264	59.5607
Best individuals of this generation:
add(mul(x1, aq(x1, add(add(x1, a), x3))), mul(mul(sub(add(mul(x2, mul(aq(x2, add(a, x2)), x2)), exp(mul(sin(x4), x4))), mul(x3, sub(x2, x1))), aq(add(exp(a), add(x2, x1)), a)), add(add(mul(x3, add(add(x3, x1), x2)), add(x2, mul(mul(sub(add(mul(x2, mul(add(add(x3, x1), x2), x2)), exp(x1)), mul(x3, sub(x2, x4))), aq(add(x2, x1), x1)), add(exp(a), add(x2, aq(x2, x1)))))), add(add(mul(add(mul(aq(x2, x1), add(exp(a), add(x2, sin(aq(x2, add(x1, x4)))))), x1), mul(x3, x2)), exp(x1)), aq(add(x2, add(mul(a, x2), mul(x2, a))), x1)))))
GPU5 stages: candidates=2500 pre_s=22.895 cheap_candidates=1826 cheap_unique=1822 cheap_s=37.278/40.000 cheap_rejected=201 cheap_a_min=-0.743840597992 cheap_a_p50=0.000305177681941 cheap_a_p95=1.40018828947 cheap_a_max=648.065140929 exact_a_gate=0.15 exact_provisional_penalty=3928.17976309 exact_candidates=1625 exact_unique=1621 full_exact_enabled=1 exact_capacity=1200 exact_waves=134 exact_scheduled=1200 exact_deferred=407 exact_wave=1200/1200 exact_queue_depth=0 exact_pending_instances=408 exact_s=190.145 exact_ok=1200 exact_margin_max=79.7853116541 exact_scan_mean_s=0.043 exact_bisect_mean_s=0.003 exact_polish_mean_s=0.252 exact_final_mean_s=0.013 exact_margin_abs_b_max=nan cache_hits=0 cache_misses=0 cache_waits=0
499	2500 	525.774	699.852    	1044.17    	181.9  	34 	112.614	264	59.6469
Best individuals of this generation:
add(mul(x1, aq(x1, add(add(x1, a), x3))), mul(mul(sub(add(mul(x2, mul(aq(x2, add(a, x2)), x2)), exp(mul(sin(x4), x4))), mul(x3, sub(x2, x1))), aq(add(exp(a), add(x2, x1)), a)), add(add(mul(x3, add(add(x3, x1), x2)), add(x2, mul(mul(sub(add(mul(x2, mul(add(add(x3, x1), x2), x2)), exp(x1)), mul(x3, sub(x2, x4))), aq(add(x2, x1), x1)), add(exp(a), add(x2, aq(x2, x1)))))), add(add(mul(add(mul(aq(x2, x1), add(exp(a), add(x2, sin(aq(x2, add(x1, x4)))))), x1), mul(x3, x2)), exp(x1)), aq(add(x2, add(mul(a, x2), mul(x2, a))), x1)))))
GPU5 stages: candidates=2500 pre_s=22.890 cheap_candidates=1808 cheap_unique=1806 cheap_s=37.046/40.000 cheap_rejected=238 cheap_a_min=-0.168790737237 cheap_a_p50=0.000305247007294 cheap_a_p95=1.84326994161 cheap_a_max=6150.91602445 exact_a_gate=0.15 exact_provisional_penalty=3928.17976309 exact_candidates=1570 exact_unique=1568 full_exact_enabled=1 exact_capacity=1200 exact_waves=134 exact_scheduled=1200 exact_deferred=351 exact_wave=1200/1200 exact_queue_depth=0 exact_pending_instances=351 exact_s=197.772 exact_ok=1200 exact_margin_max=14.7423362435 exact_scan_mean_s=0.043 exact_bisect_mean_s=0.004 exact_polish_mean_s=0.248 exact_final_mean_s=0.018 exact_margin_abs_b_max=nan cache_hits=0 cache_misses=0 cache_waits=0
500	2500 	525.774	699.692    	1044.17    	181.887	34 	112.812	264	59.5684
Best individuals of this generation:
add(mul(x1, aq(x1, add(add(x1, a), x3))), mul(mul(sub(add(mul(x2, mul(aq(x2, add(a, x2)), x2)), exp(mul(sin(x4), x4))), mul(x3, sub(x2, x1))), aq(add(exp(a), add(x2, x1)), a)), add(add(mul(x3, add(add(x3, x1), x2)), add(x2, mul(mul(sub(add(mul(x2, mul(add(add(x3, x1), x2), x2)), exp(x1)), mul(x3, sub(x2, x4))), aq(add(x2, x1), x1)), add(exp(a), add(x2, aq(x2, x1)))))), add(add(mul(add(mul(aq(x2, x1), add(exp(a), add(x2, sin(aq(x2, add(x1, x4)))))), x1), mul(x3, x2)), exp(x1)), aq(add(x2, add(mul(a, x2), mul(x2, a))), x1)))))
GPU5 stages: candidates=2500 pre_s=22.714 cheap_candidates=1815 cheap_unique=1815 cheap_s=37.707/40.000 cheap_rejected=227 cheap_a_min=-0.668693194633 cheap_a_p50=0.000305179227346 cheap_a_p95=1.21970243951 cheap_a_max=4257.03238658 exact_a_gate=0.15 exact_provisional_penalty=3928.17976309 exact_candidates=1588 exact_unique=1588 full_exact_enabled=1 exact_capacity=1200 exact_waves=134 exact_scheduled=1200 exact_deferred=370 exact_wave=1200/1200 exact_queue_depth=0 exact_pending_instances=370 exact_s=195.228 exact_ok=1200 exact_margin_max=88.3447515206 exact_scan_mean_s=0.042 exact_bisect_mean_s=0.005 exact_polish_mean_s=0.266 exact_final_mean_s=0.018 exact_margin_abs_b_max=nan cache_hits=0 cache_misses=0 cache_waits=0
501	2500 	525.774	699.496    	1044.15    	181.869	34 	112.996	264	59.5123
Best individuals of this generation:
add(mul(x1, aq(x1, add(add(x1, a), x3))), mul(mul(sub(add(mul(x2, mul(aq(x2, add(a, x2)), x2)), exp(mul(sin(x4), x4))), mul(x3, sub(x2, x1))), aq(add(exp(a), add(x2, x1)), a)), add(add(mul(x3, add(add(x3, x1), x2)), add(x2, mul(mul(sub(add(mul(x2, mul(add(add(x3, x1), x2), x2)), exp(x1)), mul(x3, sub(x2, x4))), aq(add(x2, x1), x1)), add(exp(a), add(x2, aq(x2, x1)))))), add(add(mul(add(mul(aq(x2, x1), add(exp(a), add(x2, sin(aq(x2, add(x1, x4)))))), x1), mul(x3, x2)), exp(x1)), aq(add(x2, add(mul(a, x2), mul(x2, a))), x1)))))
GPU5 stages: candidates=2500 pre_s=23.051 cheap_candidates=1820 cheap_unique=1820 cheap_s=37.688/40.000 cheap_rejected=206 cheap_a_min=-0.347681869598 cheap_a_p50=0.000305185776903 cheap_a_p95=1.4276332617 cheap_a_max=5937.69333408 exact_a_gate=0.15 exact_provisional_penalty=3928.17976309 exact_candidates=1614 exact_unique=1614 full_exact_enabled=1 exact_capacity=1200 exact_waves=134 exact_scheduled=1200 exact_deferred=400 exact_wave=1200/1200 exact_queue_depth=0 exact_pending_instances=400 exact_s=192.386 exact_ok=1200 exact_margin_max=101.654851951 exact_scan_mean_s=0.042 exact_bisect_mean_s=0.005 exact_polish_mean_s=0.254 exact_final_mean_s=0.009 exact_margin_abs_b_max=nan cache_hits=0 cache_misses=0 cache_waits=0
502	2500 	525.774	699.232    	1044.14    	181.849	34 	113.252	264	59.3833
Best individuals of this generation:
add(mul(x1, aq(x1, add(add(x1, a), x3))), mul(mul(sub(add(mul(x2, mul(aq(x2, add(a, x2)), x2)), exp(mul(sin(x4), x4))), mul(x3, sub(x2, x1))), aq(add(exp(a), add(x2, x1)), a)), add(add(mul(x3, add(add(x3, x1), x2)), add(x2, mul(mul(sub(add(mul(x2, mul(add(add(x3, x1), x2), x2)), exp(x1)), mul(x3, sub(x2, x4))), aq(add(x2, x1), x1)), add(exp(a), add(x2, aq(x2, x1)))))), add(add(mul(add(mul(aq(x2, x1), add(exp(a), add(x2, sin(aq(x2, add(x1, x4)))))), x1), mul(x3, x2)), exp(x1)), aq(add(x2, add(mul(a, x2), mul(x2, a))), x1)))))
GPU5 stages: candidates=2500 pre_s=23.084 cheap_candidates=1859 cheap_unique=1858 cheap_s=39.122/40.000 cheap_rejected=234 cheap_a_min=-0.303714603247 cheap_a_p50=0.000301789074664 cheap_a_p95=2.18547532641 cheap_a_max=423.65879193 exact_a_gate=0.15 exact_provisional_penalty=6190.49381459 exact_candidates=1625 exact_unique=1624 full_exact_enabled=1 exact_capacity=1200 exact_waves=134 exact_scheduled=1200 exact_deferred=410 exact_wave=1200/1200 exact_queue_depth=0 exact_pending_instances=410 exact_s=199.696 exact_ok=1200 exact_margin_max=7.16524935848 exact_scan_mean_s=0.041 exact_bisect_mean_s=0.005 exact_polish_mean_s=0.252 exact_final_mean_s=0.009 exact_margin_abs_b_max=nan cache_hits=0 cache_misses=0 cache_waits=0
503	2500 	525.774	698.73     	1044.14    	181.803	34 	113.92 	264	59.4094
Best individuals of this generation:
add(mul(x1, aq(x1, add(add(x1, a), x3))), mul(mul(sub(add(mul(x2, mul(aq(x2, add(a, x2)), x2)), exp(mul(sin(x4), x4))), mul(x3, sub(x2, x1))), aq(add(exp(a), add(x2, x1)), a)), add(add(mul(x3, add(add(x3, x1), x2)), add(x2, mul(mul(sub(add(mul(x2, mul(add(add(x3, x1), x2), x2)), exp(x1)), mul(x3, sub(x2, x4))), aq(add(x2, x1), x1)), add(exp(a), add(x2, aq(x2, x1)))))), add(add(mul(add(mul(aq(x2, x1), add(exp(a), add(x2, sin(aq(x2, add(x1, x4)))))), x1), mul(x3, x2)), exp(x1)), aq(add(x2, add(mul(a, x2), mul(x2, a))), x1)))))
GPU5 stages: candidates=2500 pre_s=23.010 cheap_candidates=1861 cheap_unique=1859 cheap_s=38.747/40.000 cheap_rejected=239 cheap_a_min=-0.167144050564 cheap_a_p50=0.000301789334561 cheap_a_p95=2.26594587771 cheap_a_max=1056.61698369 exact_a_gate=0.15 exact_provisional_penalty=5988.66813107 exact_candidates=1622 exact_unique=1620 full_exact_enabled=1 exact_capacity=1200 exact_waves=134 exact_scheduled=1200 exact_deferred=401 exact_wave=1200/1200 exact_queue_depth=0 exact_pending_instances=401 exact_s=189.573 exact_ok=1200 exact_margin_max=83.1943407492 exact_scan_mean_s=0.042 exact_bisect_mean_s=0.002 exact_polish_mean_s=0.248 exact_final_mean_s=0.007 exact_margin_abs_b_max=nan cache_hits=0 cache_misses=0 cache_waits=0
504	2500 	525.774	697.842    	1044.13    	181.726	34 	115.466	264	59.5626
Best individuals of this generation:
add(mul(x1, aq(x1, add(add(x1, a), x3))), mul(mul(sub(add(mul(x2, mul(aq(x2, add(a, x2)), x2)), exp(mul(sin(x4), x4))), mul(x3, sub(x2, x1))), aq(add(exp(a), add(x2, x1)), a)), add(add(mul(x3, add(add(x3, x1), x2)), add(x2, mul(mul(sub(add(mul(x2, mul(add(add(x3, x1), x2), x2)), exp(x1)), mul(x3, sub(x2, x4))), aq(add(x2, x1), x1)), add(exp(a), add(x2, aq(x2, x1)))))), add(add(mul(add(mul(aq(x2, x1), add(exp(a), add(x2, sin(aq(x2, add(x1, x4)))))), x1), mul(x3, x2)), exp(x1)), aq(add(x2, add(mul(a, x2), mul(x2, a))), x1)))))
GPU5 stages: candidates=2500 pre_s=23.122 cheap_candidates=1843 cheap_unique=1841 cheap_s=39.846/40.000 cheap_rejected=196 cheap_a_min=-0.844660549647 cheap_a_p50=0.000301744604177 cheap_a_p95=1.12786101278 cheap_a_max=4818.26244273 exact_a_gate=0.15 exact_provisional_penalty=3928.17976309 exact_candidates=1647 exact_unique=1645 full_exact_enabled=1 exact_capacity=1200 exact_waves=134 exact_scheduled=1200 exact_deferred=437 exact_wave=1200/1200 exact_queue_depth=0 exact_pending_instances=437 exact_s=210.712 exact_ok=1200 exact_margin_max=76.4451608594 exact_scan_mean_s=0.043 exact_bisect_mean_s=0.003 exact_polish_mean_s=0.256 exact_final_mean_s=0.014 exact_margin_abs_b_max=nan cache_hits=0 cache_misses=0 cache_waits=0
505	2500 	525.774	696.505    	1044.1     	181.584	34 	118.094	264	59.7513
Best individuals of this generation:
add(mul(x1, aq(x1, add(add(x1, a), x3))), mul(mul(sub(add(mul(x2, mul(aq(x2, add(a, x2)), x2)), exp(mul(sin(x4), x4))), mul(x3, sub(x2, x1))), aq(add(exp(a), add(x2, x1)), a)), add(add(mul(x3, add(add(x3, x1), x2)), add(x2, mul(mul(sub(add(mul(x2, mul(add(add(x3, x1), x2), x2)), exp(x1)), mul(x3, sub(x2, x4))), aq(add(x2, x1), x1)), add(exp(a), add(x2, aq(x2, x1)))))), add(add(mul(add(mul(aq(x2, x1), add(exp(a), add(x2, sin(aq(x2, add(x1, x4)))))), x1), mul(x3, x2)), exp(x1)), aq(add(x2, add(mul(a, x2), mul(x2, a))), x1)))))
GPU5 cheap-check budget exceeded (continuing): 41.609s > 40.000s [occurrence 1]
GPU5 stages: candidates=2500 pre_s=23.207 cheap_candidates=1854 cheap_unique=1853 cheap_s=41.609/40.000 cheap_rejected=227 cheap_a_min=-1.03150304913 cheap_a_p50=0.000301784751952 cheap_a_p95=1.69522186399 cheap_a_max=1805.6605904 exact_a_gate=0.15 exact_provisional_penalty=3928.17976309 exact_candidates=1627 exact_unique=1626 full_exact_enabled=1 exact_capacity=1200 exact_waves=134 exact_scheduled=1200 exact_deferred=415 exact_wave=1200/1200 exact_queue_depth=0 exact_pending_instances=415 exact_s=209.363 exact_ok=1200 exact_margin_max=13.121883405 exact_scan_mean_s=0.041 exact_bisect_mean_s=0.004 exact_polish_mean_s=0.261 exact_final_mean_s=0.013 exact_margin_abs_b_max=nan cache_hits=0 cache_misses=0 cache_waits=0
506	2500 	525.774	694.613    	1044.09    	181.394	34 	121.54 	264	59.498 
Best individuals of this generation:
add(mul(x1, aq(x1, add(add(x1, a), x3))), mul(mul(sub(add(mul(x2, mul(aq(x2, add(a, x2)), x2)), exp(mul(sin(x4), x4))), mul(x3, sub(x2, x1))), aq(add(exp(a), add(x2, x1)), a)), add(add(mul(x3, add(add(x3, x1), x2)), add(x2, mul(mul(sub(add(mul(x2, mul(add(add(x3, x1), x2), x2)), exp(x1)), mul(x3, sub(x2, x4))), aq(add(x2, x1), x1)), add(exp(a), add(x2, aq(x2, x1)))))), add(add(mul(add(mul(aq(x2, x1), add(exp(a), add(x2, sin(aq(x2, add(x1, x4)))))), x1), mul(x3, x2)), exp(x1)), aq(add(x2, add(mul(a, x2), mul(x2, a))), x1)))))
GPU5 cheap-check budget exceeded (continuing): 40.897s > 40.000s [occurrence 2]
GPU5 stages: candidates=2500 pre_s=23.155 cheap_candidates=1842 cheap_unique=1842 cheap_s=40.897/40.000 cheap_rejected=231 cheap_a_min=-0.367256326957 cheap_a_p50=0.000301782603743 cheap_a_p95=1.99193678919 cheap_a_max=5770.92865204 exact_a_gate=0.15 exact_provisional_penalty=3928.17976309 exact_candidates=1611 exact_unique=1611 full_exact_enabled=1 exact_capacity=1200 exact_waves=134 exact_scheduled=1200 exact_deferred=405 exact_wave=1200/1200 exact_queue_depth=0 exact_pending_instances=405 exact_s=202.357 exact_ok=1200 exact_margin_max=24.892756562 exact_scan_mean_s=0.042 exact_bisect_mean_s=0.003 exact_polish_mean_s=0.265 exact_final_mean_s=0.012 exact_margin_abs_b_max=nan cache_hits=0 cache_misses=0 cache_waits=0
507	2500 	525.774	693.565    	1044.07    	181.351	34 	121.34 	264	59.4081
Best individuals of this generation:
add(mul(x1, aq(x1, add(add(x1, a), x3))), mul(mul(sub(add(mul(x2, mul(aq(x2, add(a, x2)), x2)), exp(mul(sin(x4), x4))), mul(x3, sub(x2, x1))), aq(add(exp(a), add(x2, x1)), a)), add(add(mul(x3, add(add(x3, x1), x2)), add(x2, mul(mul(sub(add(mul(x2, mul(add(add(x3, x1), x2), x2)), exp(x1)), mul(x3, sub(x2, x4))), aq(add(x2, x1), x1)), add(exp(a), add(x2, aq(x2, x1)))))), add(add(mul(add(mul(aq(x2, x1), add(exp(a), add(x2, sin(aq(x2, add(x1, x4)))))), x1), mul(x3, x2)), exp(x1)), aq(add(x2, add(mul(a, x2), mul(x2, a))), x1)))))
GPU5 cheap-check budget exceeded (continuing): 42.064s > 40.000s [occurrence 3]
GPU5 stages: candidates=2500 pre_s=23.477 cheap_candidates=1861 cheap_unique=1860 cheap_s=42.064/40.000 cheap_rejected=228 cheap_a_min=-0.141318082542 cheap_a_p50=0.000296696296309 cheap_a_p95=2.33815584819 cheap_a_max=5591.93926898 exact_a_gate=0.15 exact_provisional_penalty=3928.17976309 exact_candidates=1633 exact_unique=1632 full_exact_enabled=1 exact_capacity=1200 exact_waves=134 exact_scheduled=1200 exact_deferred=420 exact_wave=1200/1200 exact_queue_depth=0 exact_pending_instances=420 exact_s=202.967 exact_ok=1200 exact_margin_max=292.510742907 exact_scan_mean_s=0.041 exact_bisect_mean_s=0.003 exact_polish_mean_s=0.258 exact_final_mean_s=0.009 exact_margin_abs_b_max=nan cache_hits=0 cache_misses=0 cache_waits=0
508	2500 	525.774	692.926    	1044.06    	181.333	34 	121.405	264	59.4596
Best individuals of this generation:
add(mul(x1, aq(x1, add(add(x1, a), x3))), mul(mul(sub(add(mul(x2, mul(aq(x2, add(a, x2)), x2)), exp(mul(sin(x4), x4))), mul(x3, sub(x2, x1))), aq(add(exp(a), add(x2, x1)), a)), add(add(mul(x3, add(add(x3, x1), x2)), add(x2, mul(mul(sub(add(mul(x2, mul(add(add(x3, x1), x2), x2)), exp(x1)), mul(x3, sub(x2, x4))), aq(add(x2, x1), x1)), add(exp(a), add(x2, aq(x2, x1)))))), add(add(mul(add(mul(aq(x2, x1), add(exp(a), add(x2, sin(aq(x2, add(x1, x4)))))), x1), mul(x3, x2)), exp(x1)), aq(add(x2, add(mul(a, x2), mul(x2, a))), x1)))))
GPU5 cheap-check budget exceeded (continuing): 41.398s > 40.000s [occurrence 4]
GPU5 stages: candidates=2500 pre_s=23.241 cheap_candidates=1830 cheap_unique=1829 cheap_s=41.398/40.000 cheap_rejected=235 cheap_a_min=-0.205614405783 cheap_a_p50=0.000296687022352 cheap_a_p95=2.70513092987 cheap_a_max=2914.12350823 exact_a_gate=0.15 exact_provisional_penalty=3928.17976309 exact_candidates=1595 exact_unique=1594 full_exact_enabled=1 exact_capacity=1200 exact_waves=134 exact_scheduled=1200 exact_deferred=380 exact_wave=1200/1200 exact_queue_depth=0 exact_pending_instances=380 exact_s=208.548 exact_ok=1200 exact_margin_max=474.043524307 exact_scan_mean_s=0.042 exact_bisect_mean_s=0.002 exact_polish_mean_s=0.259 exact_final_mean_s=0.010 exact_margin_abs_b_max=nan cache_hits=0 cache_misses=0 cache_waits=0
509	2500 	525.774	692.245    	1044.05    	181.332	34 	121.276	264	59.3074
Best individuals of this generation:
add(mul(x1, aq(x1, add(add(x1, a), x3))), mul(mul(sub(add(mul(x2, mul(aq(x2, add(a, x2)), x2)), exp(mul(sin(x4), x4))), mul(x3, sub(x2, x1))), aq(add(exp(a), add(x2, x1)), a)), add(add(mul(x3, add(add(x3, x1), x2)), add(x2, mul(mul(sub(add(mul(x2, mul(add(add(x3, x1), x2), x2)), exp(x1)), mul(x3, sub(x2, x4))), aq(add(x2, x1), x1)), add(exp(a), add(x2, aq(x2, x1)))))), add(add(mul(add(mul(aq(x2, x1), add(exp(a), add(x2, sin(aq(x2, add(x1, x4)))))), x1), mul(x3, x2)), exp(x1)), aq(add(x2, add(mul(a, x2), mul(x2, a))), x1)))))
GPU5 cheap-check budget exceeded (continuing): 40.929s > 40.000s [occurrence 5]
GPU5 stages: candidates=2500 pre_s=23.535 cheap_candidates=1838 cheap_unique=1836 cheap_s=40.929/40.000 cheap_rejected=229 cheap_a_min=-103.771222944 cheap_a_p50=0.000296685972892 cheap_a_p95=2.02224771806 cheap_a_max=4174.98723608 exact_a_gate=0.15 exact_provisional_penalty=5995.55083282 exact_candidates=1609 exact_unique=1607 full_exact_enabled=1 exact_capacity=1200 exact_waves=134 exact_scheduled=1200 exact_deferred=400 exact_wave=1200/1200 exact_queue_depth=0 exact_pending_instances=401 exact_s=207.977 exact_ok=1200 exact_margin_max=159.543967141 exact_scan_mean_s=0.043 exact_bisect_mean_s=0.002 exact_polish_mean_s=0.260 exact_final_mean_s=0.009 exact_margin_abs_b_max=nan cache_hits=0 cache_misses=0 cache_waits=0
510	2500 	525.774	691.787    	1044.03    	181.332	34 	121.294	264	59.1294
Best individuals of this generation:
add(mul(x1, aq(x1, add(add(x1, a), x3))), mul(mul(sub(add(mul(x2, mul(aq(x2, add(a, x2)), x2)), exp(mul(sin(x4), x4))), mul(x3, sub(x2, x1))), aq(add(exp(a), add(x2, x1)), a)), add(add(mul(x3, add(add(x3, x1), x2)), add(x2, mul(mul(sub(add(mul(x2, mul(add(add(x3, x1), x2), x2)), exp(x1)), mul(x3, sub(x2, x4))), aq(add(x2, x1), x1)), add(exp(a), add(x2, aq(x2, x1)))))), add(add(mul(add(mul(aq(x2, x1), add(exp(a), add(x2, sin(aq(x2, add(x1, x4)))))), x1), mul(x3, x2)), exp(x1)), aq(add(x2, add(mul(a, x2), mul(x2, a))), x1)))))
GPU5 stages: candidates=2500 pre_s=23.108 cheap_candidates=1836 cheap_unique=1834 cheap_s=42.036/40.000 cheap_rejected=227 cheap_a_min=-2.49183075574 cheap_a_p50=0.000296685540576 cheap_a_p95=2.71864533258 cheap_a_max=2871.65747043 exact_a_gate=0.15 exact_provisional_penalty=3928.17976309 exact_candidates=1609 exact_unique=1607 full_exact_enabled=1 exact_capacity=1200 exact_waves=134 exact_scheduled=1200 exact_deferred=393 exact_wave=1200/1200 exact_queue_depth=0 exact_pending_instances=393 exact_s=207.482 exact_ok=1200 exact_margin_max=837.203191463 exact_scan_mean_s=0.042 exact_bisect_mean_s=0.003 exact_polish_mean_s=0.266 exact_final_mean_s=0.010 exact_margin_abs_b_max=nan cache_hits=0 cache_misses=0 cache_waits=0
511	2500 	525.774	691.393    	1044.02    	181.34 	34 	121.301	264	58.927 
Best individuals of this generation:
add(mul(x1, aq(x1, add(add(x1, a), x3))), mul(mul(sub(add(mul(x2, mul(aq(x2, add(a, x2)), x2)), exp(mul(sin(x4), x4))), mul(x3, sub(x2, x1))), aq(add(exp(a), add(x2, x1)), a)), add(add(mul(x3, add(add(x3, x1), x2)), add(x2, mul(mul(sub(add(mul(x2, mul(add(add(x3, x1), x2), x2)), exp(x1)), mul(x3, sub(x2, x4))), aq(add(x2, x1), x1)), add(exp(a), add(x2, aq(x2, x1)))))), add(add(mul(add(mul(aq(x2, x1), add(exp(a), add(x2, sin(aq(x2, add(x1, x4)))))), x1), mul(x3, x2)), exp(x1)), aq(add(x2, add(mul(a, x2), mul(x2, a))), x1)))))
GPU5 stages: candidates=2500 pre_s=23.259 cheap_candidates=1833 cheap_unique=1830 cheap_s=40.598/40.000 cheap_rejected=210 cheap_a_min=-0.135869849606 cheap_a_p50=0.000296685340469 cheap_a_p95=1.73591733565 cheap_a_max=2221.22431682 exact_a_gate=0.15 exact_provisional_penalty=3928.17976309 exact_candidates=1623 exact_unique=1620 full_exact_enabled=1 exact_capacity=1200 exact_waves=134 exact_scheduled=1200 exact_deferred=406 exact_wave=1200/1200 exact_queue_depth=0 exact_pending_instances=406 exact_s=206.924 exact_ok=1200 exact_margin_max=6638.12087113 exact_scan_mean_s=0.041 exact_bisect_mean_s=0.002 exact_polish_mean_s=0.260 exact_final_mean_s=0.009 exact_margin_abs_b_max=nan cache_hits=0 cache_misses=0 cache_waits=0
512	2500 	525.774	691.166    	1044.01    	181.351	34 	121.1  	264	58.6851
Best individuals of this generation:
add(mul(x1, aq(x1, add(add(x1, a), x3))), mul(mul(sub(add(mul(x2, mul(aq(x2, add(a, x2)), x2)), exp(mul(sin(x4), x4))), mul(x3, sub(x2, x1))), aq(add(exp(a), add(x2, x1)), a)), add(add(mul(x3, add(add(x3, x1), x2)), add(x2, mul(mul(sub(add(mul(x2, mul(add(add(x3, x1), x2), x2)), exp(x1)), mul(x3, sub(x2, x4))), aq(add(x2, x1), x1)), add(exp(a), add(x2, aq(x2, x1)))))), add(add(mul(add(mul(aq(x2, x1), add(exp(a), add(x2, sin(aq(x2, add(x1, x4)))))), x1), mul(x3, x2)), exp(x1)), aq(add(x2, add(mul(a, x2), mul(x2, a))), x1)))))
GPU5 stages: candidates=2500 pre_s=23.272 cheap_candidates=1868 cheap_unique=1868 cheap_s=43.480/40.000 cheap_rejected=222 cheap_a_min=-0.152563300108 cheap_a_p50=0.000296685395289 cheap_a_p95=2.54709513819 cheap_a_max=9863.26936836 exact_a_gate=0.15 exact_provisional_penalty=3928.17976309 exact_candidates=1646 exact_unique=1646 full_exact_enabled=1 exact_capacity=1200 exact_waves=134 exact_scheduled=1200 exact_deferred=438 exact_wave=1200/1200 exact_queue_depth=0 exact_pending_instances=438 exact_s=204.652 exact_ok=1200 exact_margin_max=930.02366296 exact_scan_mean_s=0.042 exact_bisect_mean_s=0.003 exact_polish_mean_s=0.269 exact_final_mean_s=0.011 exact_margin_abs_b_max=nan cache_hits=0 cache_misses=0 cache_waits=0
513	2500 	525.774	691.106    	1044       	181.354	34 	120.88 	264	58.553 
Best individuals of this generation:
add(mul(x1, aq(x1, add(add(x1, a), x3))), mul(mul(sub(add(mul(x2, mul(aq(x2, add(a, x2)), x2)), exp(mul(sin(x4), x4))), mul(x3, sub(x2, x1))), aq(add(exp(a), add(x2, x1)), a)), add(add(mul(x3, add(add(x3, x1), x2)), add(x2, mul(mul(sub(add(mul(x2, mul(add(add(x3, x1), x2), x2)), exp(x1)), mul(x3, sub(x2, x4))), aq(add(x2, x1), x1)), add(exp(a), add(x2, aq(x2, x1)))))), add(add(mul(add(mul(aq(x2, x1), add(exp(a), add(x2, sin(aq(x2, add(x1, x4)))))), x1), mul(x3, x2)), exp(x1)), aq(add(x2, add(mul(a, x2), mul(x2, a))), x1)))))
GPU5 stages: candidates=2500 pre_s=23.152 cheap_candidates=1837 cheap_unique=1837 cheap_s=41.112/40.000 cheap_rejected=207 cheap_a_min=-0.276447851569 cheap_a_p50=0.000296685537501 cheap_a_p95=2.26016658185 cheap_a_max=2155.68615892 exact_a_gate=0.15 exact_provisional_penalty=3928.17976309 exact_candidates=1630 exact_unique=1630 full_exact_enabled=1 exact_capacity=1200 exact_waves=134 exact_scheduled=1200 exact_deferred=423 exact_wave=1200/1200 exact_queue_depth=0 exact_pending_instances=423 exact_s=209.812 exact_ok=1200 exact_margin_max=306.834938102 exact_scan_mean_s=0.044 exact_bisect_mean_s=0.003 exact_polish_mean_s=0.263 exact_final_mean_s=0.009 exact_margin_abs_b_max=nan cache_hits=0 cache_misses=0 cache_waits=0
514	2500 	525.774	691.096    	1043.96    	181.35 	34 	120.702	264	58.5319
Best individuals of this generation:
add(mul(x1, aq(x1, add(add(x1, a), x3))), mul(mul(sub(add(mul(x2, mul(aq(x2, add(a, x2)), x2)), exp(mul(sin(x4), x4))), mul(x3, sub(x2, x1))), aq(add(exp(a), add(x2, x1)), a)), add(add(mul(x3, add(add(x3, x1), x2)), add(x2, mul(mul(sub(add(mul(x2, mul(add(add(x3, x1), x2), x2)), exp(x1)), mul(x3, sub(x2, x4))), aq(add(x2, x1), x1)), add(exp(a), add(x2, aq(x2, x1)))))), add(add(mul(add(mul(aq(x2, x1), add(exp(a), add(x2, sin(aq(x2, add(x1, x4)))))), x1), mul(x3, x2)), exp(x1)), aq(add(x2, add(mul(a, x2), mul(x2, a))), x1)))))
GPU5 stages: candidates=2500 pre_s=23.123 cheap_candidates=1823 cheap_unique=1823 cheap_s=40.632/40.000 cheap_rejected=227 cheap_a_min=-0.557410033128 cheap_a_p50=0.000296685540997 cheap_a_p95=2.00512089037 cheap_a_max=7438.71633582 exact_a_gate=0.15 exact_provisional_penalty=3928.17976309 exact_candidates=1596 exact_unique=1596 full_exact_enabled=1 exact_capacity=1200 exact_waves=134 exact_scheduled=1200 exact_deferred=378 exact_wave=1200/1200 exact_queue_depth=0 exact_pending_instances=378 exact_s=203.338 exact_ok=1200 exact_margin_max=1928.09313131 exact_scan_mean_s=0.042 exact_bisect_mean_s=0.004 exact_polish_mean_s=0.267 exact_final_mean_s=0.011 exact_margin_abs_b_max=nan cache_hits=0 cache_misses=0 cache_waits=0
515	2500 	525.774	691.081    	1043.93    	181.353	34 	120.445	264	58.4873
Best individuals of this generation:
add(mul(x1, aq(x1, add(add(x1, a), x3))), mul(mul(sub(add(mul(x2, mul(aq(x2, add(a, x2)), x2)), exp(mul(sin(x4), x4))), mul(x3, sub(x2, x1))), aq(add(exp(a), add(x2, x1)), a)), add(add(mul(x3, add(add(x3, x1), x2)), add(x2, mul(mul(sub(add(mul(x2, mul(add(add(x3, x1), x2), x2)), exp(x1)), mul(x3, sub(x2, x4))), aq(add(x2, x1), x1)), add(exp(a), add(x2, aq(x2, x1)))))), add(add(mul(add(mul(aq(x2, x1), add(exp(a), add(x2, sin(aq(x2, add(x1, x4)))))), x1), mul(x3, x2)), exp(x1)), aq(add(x2, add(mul(a, x2), mul(x2, a))), x1)))))
GPU5 stages: candidates=2500 pre_s=23.254 cheap_candidates=1853 cheap_unique=1853 cheap_s=40.441/40.000 cheap_rejected=238 cheap_a_min=-0.423690255053 cheap_a_p50=0.000296685637093 cheap_a_p95=2.56832997583 cheap_a_max=16508.9458326 exact_a_gate=0.15 exact_provisional_penalty=3928.17976309 exact_candidates=1615 exact_unique=1615 full_exact_enabled=1 exact_capacity=1200 exact_waves=134 exact_scheduled=1200 exact_deferred=402 exact_wave=1200/1200 exact_queue_depth=0 exact_pending_instances=402 exact_s=206.900 exact_ok=1200 exact_margin_max=915.802396852 exact_scan_mean_s=0.041 exact_bisect_mean_s=0.004 exact_polish_mean_s=0.262 exact_final_mean_s=0.009 exact_margin_abs_b_max=nan cache_hits=0 cache_misses=0 cache_waits=0
516	2500 	525.774	691.065    	1043.91    	181.354	34 	120.256	264	58.5537
Best individuals of this generation:
add(mul(x1, aq(x1, add(add(x1, a), x3))), mul(mul(sub(add(mul(x2, mul(aq(x2, add(a, x2)), x2)), exp(mul(sin(x4), x4))), mul(x3, sub(x2, x1))), aq(add(exp(a), add(x2, x1)), a)), add(add(mul(x3, add(add(x3, x1), x2)), add(x2, mul(mul(sub(add(mul(x2, mul(add(add(x3, x1), x2), x2)), exp(x1)), mul(x3, sub(x2, x4))), aq(add(x2, x1), x1)), add(exp(a), add(x2, aq(x2, x1)))))), add(add(mul(add(mul(aq(x2, x1), add(exp(a), add(x2, sin(aq(x2, add(x1, x4)))))), x1), mul(x3, x2)), exp(x1)), aq(add(x2, add(mul(a, x2), mul(x2, a))), x1)))))
GPU5 stages: candidates=2500 pre_s=23.355 cheap_candidates=1812 cheap_unique=1811 cheap_s=40.688/40.000 cheap_rejected=238 cheap_a_min=-0.435128256919 cheap_a_p50=0.000296685553183 cheap_a_p95=2.48990243319 cheap_a_max=1303.00842896 exact_a_gate=0.15 exact_provisional_penalty=3928.17976309 exact_candidates=1574 exact_unique=1573 full_exact_enabled=1 exact_capacity=1200 exact_waves=134 exact_scheduled=1200 exact_deferred=353 exact_wave=1200/1200 exact_queue_depth=0 exact_pending_instances=353 exact_s=203.689 exact_ok=1200 exact_margin_max=6.49262513235 exact_scan_mean_s=0.043 exact_bisect_mean_s=0.003 exact_polish_mean_s=0.260 exact_final_mean_s=0.011 exact_margin_abs_b_max=nan cache_hits=0 cache_misses=0 cache_waits=0
517	2500 	525.774	691.049    	1043.9     	181.355	34 	120.116	264	58.6747
Best individuals of this generation:
add(mul(x1, aq(x1, add(add(x1, a), x3))), mul(mul(sub(add(mul(x2, mul(aq(x2, add(a, x2)), x2)), exp(mul(sin(x4), x4))), mul(x3, sub(x2, x1))), aq(add(exp(a), add(x2, x1)), a)), add(add(mul(x3, add(add(x3, x1), x2)), add(x2, mul(mul(sub(add(mul(x2, mul(add(add(x3, x1), x2), x2)), exp(x1)), mul(x3, sub(x2, x4))), aq(add(x2, x1), x1)), add(exp(a), add(x2, aq(x2, x1)))))), add(add(mul(add(mul(aq(x2, x1), add(exp(a), add(x2, sin(aq(x2, add(x1, x4)))))), x1), mul(x3, x2)), exp(x1)), aq(add(x2, add(mul(a, x2), mul(x2, a))), x1)))))
GPU5 stages: candidates=2500 pre_s=23.110 cheap_candidates=1862 cheap_unique=1860 cheap_s=41.581/40.000 cheap_rejected=244 cheap_a_min=-0.124070415007 cheap_a_p50=0.000296685290247 cheap_a_p95=2.709078657 cheap_a_max=1751.54022915 exact_a_gate=0.15 exact_provisional_penalty=3928.17976309 exact_candidates=1618 exact_unique=1616 full_exact_enabled=1 exact_capacity=1200 exact_waves=134 exact_scheduled=1200 exact_deferred=394 exact_wave=1200/1200 exact_queue_depth=0 exact_pending_instances=394 exact_s=207.144 exact_ok=1200 exact_margin_max=542.402655634 exact_scan_mean_s=0.043 exact_bisect_mean_s=0.004 exact_polish_mean_s=0.258 exact_final_mean_s=0.019 exact_margin_abs_b_max=nan cache_hits=0 cache_misses=0 cache_waits=0
518	2500 	525.774	691.033    	1043.87    	181.357	34 	120.06 	264	58.8165
Best individuals of this generation:
add(mul(x1, aq(x1, add(add(x1, a), x3))), mul(mul(sub(add(mul(x2, mul(aq(x2, add(a, x2)), x2)), exp(mul(sin(x4), x4))), mul(x3, sub(x2, x1))), aq(add(exp(a), add(x2, x1)), a)), add(add(mul(x3, add(add(x3, x1), x2)), add(x2, mul(mul(sub(add(mul(x2, mul(add(add(x3, x1), x2), x2)), exp(x1)), mul(x3, sub(x2, x4))), aq(add(x2, x1), x1)), add(exp(a), add(x2, aq(x2, x1)))))), add(add(mul(add(mul(aq(x2, x1), add(exp(a), add(x2, sin(aq(x2, add(x1, x4)))))), x1), mul(x3, x2)), exp(x1)), aq(add(x2, add(mul(a, x2), mul(x2, a))), x1)))))
GPU5 stages: candidates=2500 pre_s=23.316 cheap_candidates=1852 cheap_unique=1851 cheap_s=41.280/40.000 cheap_rejected=225 cheap_a_min=-1.69762200874 cheap_a_p50=0.000296685217329 cheap_a_p95=2.00084366826 cheap_a_max=17527.0659314 exact_a_gate=0.15 exact_provisional_penalty=3928.17976309 exact_candidates=1627 exact_unique=1626 full_exact_enabled=1 exact_capacity=1200 exact_waves=134 exact_scheduled=1200 exact_deferred=416 exact_wave=1200/1200 exact_queue_depth=0 exact_pending_instances=416 exact_s=201.769 exact_ok=1200 exact_margin_max=704.650059547 exact_scan_mean_s=0.044 exact_bisect_mean_s=0.003 exact_polish_mean_s=0.261 exact_final_mean_s=0.016 exact_margin_abs_b_max=nan cache_hits=0 cache_misses=0 cache_waits=0
519	2500 	525.774	691.018    	1043.86    	181.358	34 	119.935	264	58.9568
Best individuals of this generation:
add(mul(x1, aq(x1, add(add(x1, a), x3))), mul(mul(sub(add(mul(x2, mul(aq(x2, add(a, x2)), x2)), exp(mul(sin(x4), x4))), mul(x3, sub(x2, x1))), aq(add(exp(a), add(x2, x1)), a)), add(add(mul(x3, add(add(x3, x1), x2)), add(x2, mul(mul(sub(add(mul(x2, mul(add(add(x3, x1), x2), x2)), exp(x1)), mul(x3, sub(x2, x4))), aq(add(x2, x1), x1)), add(exp(a), add(x2, aq(x2, x1)))))), add(add(mul(add(mul(aq(x2, x1), add(exp(a), add(x2, sin(aq(x2, add(x1, x4)))))), x1), mul(x3, x2)), exp(x1)), aq(add(x2, add(mul(a, x2), mul(x2, a))), x1)))))
GPU5 stages: candidates=2500 pre_s=23.267 cheap_candidates=1845 cheap_unique=1844 cheap_s=42.392/40.000 cheap_rejected=245 cheap_a_min=-0.949881692953 cheap_a_p50=0.000296692731838 cheap_a_p95=2.3311812754 cheap_a_max=708.094564358 exact_a_gate=0.15 exact_provisional_penalty=3928.17976309 exact_candidates=1600 exact_unique=1599 full_exact_enabled=1 exact_capacity=1200 exact_waves=134 exact_scheduled=1200 exact_deferred=390 exact_wave=1200/1200 exact_queue_depth=0 exact_pending_instances=390 exact_s=213.193 exact_ok=1200 exact_margin_max=82.7291786204 exact_scan_mean_s=0.041 exact_bisect_mean_s=0.003 exact_polish_mean_s=0.267 exact_final_mean_s=0.013 exact_margin_abs_b_max=nan cache_hits=0 cache_misses=0 cache_waits=0
520	2500 	525.774	691.003    	1043.84    	181.351	34 	119.799	264	59.0378
Best individuals of this generation:
add(mul(x1, aq(x1, add(add(x1, a), x3))), mul(mul(sub(add(mul(x2, mul(aq(x2, add(a, x2)), x2)), exp(mul(sin(x4), x4))), mul(x3, sub(x2, x1))), aq(add(exp(a), add(x2, x1)), a)), add(add(mul(x3, add(add(x3, x1), x2)), add(x2, mul(mul(sub(add(mul(x2, mul(add(add(x3, x1), x2), x2)), exp(x1)), mul(x3, sub(x2, x4))), aq(add(x2, x1), x1)), add(exp(a), add(x2, aq(x2, x1)))))), add(add(mul(add(mul(aq(x2, x1), add(exp(a), add(x2, sin(aq(x2, add(x1, x4)))))), x1), mul(x3, x2)), exp(x1)), aq(add(x2, add(mul(a, x2), mul(x2, a))), x1)))))
GPU5 stages: candidates=2500 pre_s=23.042 cheap_candidates=1853 cheap_unique=1853 cheap_s=41.875/40.000 cheap_rejected=239 cheap_a_min=-2.25963174934 cheap_a_p50=0.000296685807747 cheap_a_p95=2.45371374106 cheap_a_max=18755.4727281 exact_a_gate=0.15 exact_provisional_penalty=13368.7434684 exact_candidates=1614 exact_unique=1614 full_exact_enabled=1 exact_capacity=1200 exact_waves=134 exact_scheduled=1200 exact_deferred=396 exact_wave=1200/1200 exact_queue_depth=0 exact_pending_instances=398 exact_s=204.200 exact_ok=1200 exact_margin_max=864.133016918 exact_scan_mean_s=0.040 exact_bisect_mean_s=0.002 exact_polish_mean_s=0.261 exact_final_mean_s=0.014 exact_margin_abs_b_max=nan cache_hits=0 cache_misses=0 cache_waits=0
521	2500 	525.774	690.996    	1043.83    	181.351	34 	119.76 	264	59.1571
Best individuals of this generation:
add(mul(x1, aq(x1, add(add(x1, a), x3))), mul(mul(sub(add(mul(x2, mul(aq(x2, add(a, x2)), x2)), exp(mul(sin(x4), x4))), mul(x3, sub(x2, x1))), aq(add(exp(a), add(x2, x1)), a)), add(add(mul(x3, add(add(x3, x1), x2)), add(x2, mul(mul(sub(add(mul(x2, mul(add(add(x3, x1), x2), x2)), exp(x1)), mul(x3, sub(x2, x4))), aq(add(x2, x1), x1)), add(exp(a), add(x2, aq(x2, x1)))))), add(add(mul(add(mul(aq(x2, x1), add(exp(a), add(x2, sin(aq(x2, add(x1, x4)))))), x1), mul(x3, x2)), exp(x1)), aq(add(x2, add(mul(a, x2), mul(x2, a))), x1)))))
GPU5 stages: candidates=2500 pre_s=23.186 cheap_candidates=1809 cheap_unique=1809 cheap_s=39.953/40.000 cheap_rejected=238 cheap_a_min=-0.396803742634 cheap_a_p50=0.00029668560162 cheap_a_p95=2.47708503013 cheap_a_max=22506.7488855 exact_a_gate=0.15 exact_provisional_penalty=3928.17976309 exact_candidates=1571 exact_unique=1571 full_exact_enabled=1 exact_capacity=1200 exact_waves=134 exact_scheduled=1200 exact_deferred=355 exact_wave=1200/1200 exact_queue_depth=0 exact_pending_instances=356 exact_s=202.869 exact_ok=1200 exact_margin_max=50.6615647534 exact_scan_mean_s=0.042 exact_bisect_mean_s=0.003 exact_polish_mean_s=0.261 exact_final_mean_s=0.012 exact_margin_abs_b_max=nan cache_hits=0 cache_misses=0 cache_waits=0
522	2500 	525.774	690.978    	1043.81    	181.352	34 	119.887	264	59.438 
Best individuals of this generation:
add(mul(x1, aq(x1, add(add(x1, a), x3))), mul(mul(sub(add(mul(x2, mul(aq(x2, add(a, x2)), x2)), exp(mul(sin(x4), x4))), mul(x3, sub(x2, x1))), aq(add(exp(a), add(x2, x1)), a)), add(add(mul(x3, add(add(x3, x1), x2)), add(x2, mul(mul(sub(add(mul(x2, mul(add(add(x3, x1), x2), x2)), exp(x1)), mul(x3, sub(x2, x4))), aq(add(x2, x1), x1)), add(exp(a), add(x2, aq(x2, x1)))))), add(add(mul(add(mul(aq(x2, x1), add(exp(a), add(x2, sin(aq(x2, add(x1, x4)))))), x1), mul(x3, x2)), exp(x1)), aq(add(x2, add(mul(a, x2), mul(x2, a))), x1)))))
GPU5 stages: candidates=2500 pre_s=23.200 cheap_candidates=1858 cheap_unique=1857 cheap_s=40.350/40.000 cheap_rejected=231 cheap_a_min=-1.09090041837 cheap_a_p50=0.00029668568351 cheap_a_p95=2.84617579712 cheap_a_max=3190.19006467 exact_a_gate=0.15 exact_provisional_penalty=3928.17976309 exact_candidates=1627 exact_unique=1626 full_exact_enabled=1 exact_capacity=1200 exact_waves=134 exact_scheduled=1200 exact_deferred=402 exact_wave=1200/1200 exact_queue_depth=0 exact_pending_instances=403 exact_s=207.911 exact_ok=1200 exact_margin_max=2311.87156285 exact_scan_mean_s=0.043 exact_bisect_mean_s=0.003 exact_polish_mean_s=0.266 exact_final_mean_s=0.019 exact_margin_abs_b_max=nan cache_hits=0 cache_misses=0 cache_waits=0
523	2500 	525.774	690.958    	1043.81    	181.357	34 	119.785	264	59.6071
Best individuals of this generation:
add(mul(x1, aq(x1, add(add(x1, a), x3))), mul(mul(sub(add(mul(x2, mul(aq(x2, add(a, x2)), x2)), exp(mul(sin(x4), x4))), mul(x3, sub(x2, x1))), aq(add(exp(a), add(x2, x1)), a)), add(add(mul(x3, add(add(x3, x1), x2)), add(x2, mul(mul(sub(add(mul(x2, mul(add(add(x3, x1), x2), x2)), exp(x1)), mul(x3, sub(x2, x4))), aq(add(x2, x1), x1)), add(exp(a), add(x2, aq(x2, x1)))))), add(add(mul(add(mul(aq(x2, x1), add(exp(a), add(x2, sin(aq(x2, add(x1, x4)))))), x1), mul(x3, x2)), exp(x1)), aq(add(x2, add(mul(a, x2), mul(x2, a))), x1)))))
GPU5 stages: candidates=2500 pre_s=23.262 cheap_candidates=1802 cheap_unique=1802 cheap_s=40.230/40.000 cheap_rejected=244 cheap_a_min=-0.177176636125 cheap_a_p50=0.000296690320732 cheap_a_p95=2.06395547852 cheap_a_max=2202.48413094 exact_a_gate=0.15 exact_provisional_penalty=3928.17976309 exact_candidates=1558 exact_unique=1558 full_exact_enabled=1 exact_capacity=1200 exact_waves=134 exact_scheduled=1200 exact_deferred=347 exact_wave=1200/1200 exact_queue_depth=0 exact_pending_instances=347 exact_s=203.644 exact_ok=1200 exact_margin_max=2268.79259183 exact_scan_mean_s=0.042 exact_bisect_mean_s=0.002 exact_polish_mean_s=0.261 exact_final_mean_s=0.011 exact_margin_abs_b_max=nan cache_hits=0 cache_misses=0 cache_waits=0
524	2500 	525.774	690.948    	1043.8     	181.359	34 	119.747	264	59.6472
Best individuals of this generation:
add(mul(x1, aq(x1, add(add(x1, a), x3))), mul(mul(sub(add(mul(x2, mul(aq(x2, add(a, x2)), x2)), exp(mul(sin(x4), x4))), mul(x3, sub(x2, x1))), aq(add(exp(a), add(x2, x1)), a)), add(add(mul(x3, add(add(x3, x1), x2)), add(x2, mul(mul(sub(add(mul(x2, mul(add(add(x3, x1), x2), x2)), exp(x1)), mul(x3, sub(x2, x4))), aq(add(x2, x1), x1)), add(exp(a), add(x2, aq(x2, x1)))))), add(add(mul(add(mul(aq(x2, x1), add(exp(a), add(x2, sin(aq(x2, add(x1, x4)))))), x1), mul(x3, x2)), exp(x1)), aq(add(x2, add(mul(a, x2), mul(x2, a))), x1)))))
GPU5 stages: candidates=2500 pre_s=23.098 cheap_candidates=1789 cheap_unique=1789 cheap_s=43.800/40.000 cheap_rejected=243 cheap_a_min=-0.254058604457 cheap_a_p50=0.000301782597141 cheap_a_p95=2.4485887637 cheap_a_max=5070.71375517 exact_a_gate=0.15 exact_provisional_penalty=3928.17976309 exact_candidates=1546 exact_unique=1546 full_exact_enabled=1 exact_capacity=1200 exact_waves=134 exact_scheduled=1200 exact_deferred=329 exact_wave=1200/1200 exact_queue_depth=0 exact_pending_instances=329 exact_s=214.556 exact_ok=1200 exact_margin_max=496.637121117 exact_scan_mean_s=0.043 exact_bisect_mean_s=0.003 exact_polish_mean_s=0.264 exact_final_mean_s=0.005 exact_margin_abs_b_max=nan cache_hits=0 cache_misses=0 cache_waits=0
525	2500 	525.774	690.935    	1043.8     	181.36 	34 	119.692	254	59.5644
Best individuals of this generation:
add(mul(x1, aq(x1, add(add(x1, a), x3))), mul(mul(sub(add(mul(x2, mul(aq(x2, add(a, x2)), x2)), exp(mul(sin(x4), x4))), mul(x3, sub(x2, x1))), aq(add(exp(a), add(x2, x1)), a)), add(add(mul(x3, add(add(x3, x1), x2)), add(x2, mul(mul(sub(add(mul(x2, mul(add(add(x3, x1), x2), x2)), exp(x1)), mul(x3, sub(x2, x4))), aq(add(x2, x1), x1)), add(exp(a), add(x2, aq(x2, x1)))))), add(add(mul(add(mul(aq(x2, x1), add(exp(a), add(x2, sin(aq(x2, add(x1, x4)))))), x1), mul(x3, x2)), exp(x1)), aq(add(x2, add(mul(a, x2), mul(x2, a))), x1)))))
GPU5 stages: candidates=2500 pre_s=23.293 cheap_candidates=1806 cheap_unique=1805 cheap_s=40.606/40.000 cheap_rejected=228 cheap_a_min=-0.435493616645 cheap_a_p50=0.000301782678806 cheap_a_p95=2.93129383407 cheap_a_max=1831.74811522 exact_a_gate=0.15 exact_provisional_penalty=3928.17976309 exact_candidates=1578 exact_unique=1577 full_exact_enabled=1 exact_capacity=1200 exact_waves=134 exact_scheduled=1200 exact_deferred=360 exact_wave=1200/1200 exact_queue_depth=0 exact_pending_instances=360 exact_s=206.927 exact_ok=1200 exact_margin_max=869.750158192 exact_scan_mean_s=0.043 exact_bisect_mean_s=0.004 exact_polish_mean_s=0.258 exact_final_mean_s=0.014 exact_margin_abs_b_max=nan cache_hits=0 cache_misses=0 cache_waits=0
526	2500 	525.774	690.916    	1043.8     	181.366	34 	119.515	254	59.2915
Best individuals of this generation:
add(mul(x1, aq(x1, add(add(x1, a), x3))), mul(mul(sub(add(mul(x2, mul(aq(x2, add(a, x2)), x2)), exp(mul(sin(x4), x4))), mul(x3, sub(x2, x1))), aq(add(exp(a), add(x2, x1)), a)), add(add(mul(x3, add(add(x3, x1), x2)), add(x2, mul(mul(sub(add(mul(x2, mul(add(add(x3, x1), x2), x2)), exp(x1)), mul(x3, sub(x2, x4))), aq(add(x2, x1), x1)), add(exp(a), add(x2, aq(x2, x1)))))), add(add(mul(add(mul(aq(x2, x1), add(exp(a), add(x2, sin(aq(x2, add(x1, x4)))))), x1), mul(x3, x2)), exp(x1)), aq(add(x2, add(mul(a, x2), mul(x2, a))), x1)))))
GPU5 stages: candidates=2500 pre_s=23.192 cheap_candidates=1860 cheap_unique=1858 cheap_s=40.909/40.000 cheap_rejected=240 cheap_a_min=-0.301089369524 cheap_a_p50=0.000296687257439 cheap_a_p95=2.55085644003 cheap_a_max=363859.246495 exact_a_gate=0.15 exact_provisional_penalty=3928.17976309 exact_candidates=1620 exact_unique=1618 full_exact_enabled=1 exact_capacity=1200 exact_waves=134 exact_scheduled=1200 exact_deferred=407 exact_wave=1200/1200 exact_queue_depth=0 exact_pending_instances=407 exact_s=198.954 exact_ok=1200 exact_margin_max=1489.52019156 exact_scan_mean_s=0.042 exact_bisect_mean_s=0.004 exact_polish_mean_s=0.269 exact_final_mean_s=0.013 exact_margin_abs_b_max=nan cache_hits=0 cache_misses=0 cache_waits=0
527	2500 	525.774	690.895    	1043.77    	181.366	34 	119.341	254	58.7983
Best individuals of this generation:
add(mul(x1, aq(x1, add(add(x1, a), x3))), mul(mul(sub(add(mul(x2, mul(aq(x2, add(a, x2)), x2)), exp(mul(sin(x4), x4))), mul(x3, sub(x2, x1))), aq(add(exp(a), add(x2, x1)), a)), add(add(mul(x3, add(add(x3, x1), x2)), add(x2, mul(mul(sub(add(mul(x2, mul(add(add(x3, x1), x2), x2)), exp(x1)), mul(x3, sub(x2, x4))), aq(add(x2, x1), x1)), add(exp(a), add(x2, aq(x2, x1)))))), add(add(mul(add(mul(aq(x2, x1), add(exp(a), add(x2, sin(aq(x2, add(x1, x4)))))), x1), mul(x3, x2)), exp(x1)), aq(add(x2, add(mul(a, x2), mul(x2, a))), x1)))))
GPU5 stages: candidates=2500 pre_s=23.248 cheap_candidates=1840 cheap_unique=1839 cheap_s=41.305/40.000 cheap_rejected=248 cheap_a_min=-0.165213511716 cheap_a_p50=0.000301784452252 cheap_a_p95=3.04738370097 cheap_a_max=3446.9202629 exact_a_gate=0.15 exact_provisional_penalty=3928.17976309 exact_candidates=1592 exact_unique=1591 full_exact_enabled=1 exact_capacity=1200 exact_waves=134 exact_scheduled=1200 exact_deferred=378 exact_wave=1200/1200 exact_queue_depth=0 exact_pending_instances=378 exact_s=198.080 exact_ok=1200 exact_margin_max=55.9169210258 exact_scan_mean_s=0.042 exact_bisect_mean_s=0.003 exact_polish_mean_s=0.251 exact_final_mean_s=0.013 exact_margin_abs_b_max=nan cache_hits=0 cache_misses=0 cache_waits=0
528	2500 	525.774	690.872    	1043.75    	181.366	34 	119.248	254	58.3012
Best individuals of this generation:
add(mul(x1, aq(x1, add(add(x1, a), x3))), mul(mul(sub(add(mul(x2, mul(aq(x2, add(a, x2)), x2)), exp(mul(sin(x4), x4))), mul(x3, sub(x2, x1))), aq(add(exp(a), add(x2, x1)), a)), add(add(mul(x3, add(add(x3, x1), x2)), add(x2, mul(mul(sub(add(mul(x2, mul(add(add(x3, x1), x2), x2)), exp(x1)), mul(x3, sub(x2, x4))), aq(add(x2, x1), x1)), add(exp(a), add(x2, aq(x2, x1)))))), add(add(mul(add(mul(aq(x2, x1), add(exp(a), add(x2, sin(aq(x2, add(x1, x4)))))), x1), mul(x3, x2)), exp(x1)), aq(add(x2, add(mul(a, x2), mul(x2, a))), x1)))))
GPU5 stages: candidates=2500 pre_s=23.173 cheap_candidates=1838 cheap_unique=1836 cheap_s=41.341/40.000 cheap_rejected=257 cheap_a_min=-0.327284496419 cheap_a_p50=0.000301784617191 cheap_a_p95=2.73142194179 cheap_a_max=3581.17889906 exact_a_gate=0.15 exact_provisional_penalty=5083.69835921 exact_candidates=1581 exact_unique=1579 full_exact_enabled=1 exact_capacity=1200 exact_waves=134 exact_scheduled=1200 exact_deferred=360 exact_wave=1200/1200 exact_queue_depth=0 exact_pending_instances=360 exact_s=216.767 exact_ok=1200 exact_margin_max=1244.96896306 exact_scan_mean_s=0.043 exact_bisect_mean_s=0.004 exact_polish_mean_s=0.261 exact_final_mean_s=0.012 exact_margin_abs_b_max=nan cache_hits=0 cache_misses=0 cache_waits=0
529	2500 	525.774	690.854    	1043.75    	181.369	34 	119.107	254	57.59  
Best individuals of this generation:
add(mul(x1, aq(x1, add(add(x1, a), x3))), mul(mul(sub(add(mul(x2, mul(aq(x2, add(a, x2)), x2)), exp(mul(sin(x4), x4))), mul(x3, sub(x2, x1))), aq(add(exp(a), add(x2, x1)), a)), add(add(mul(x3, add(add(x3, x1), x2)), add(x2, mul(mul(sub(add(mul(x2, mul(add(add(x3, x1), x2), x2)), exp(x1)), mul(x3, sub(x2, x4))), aq(add(x2, x1), x1)), add(exp(a), add(x2, aq(x2, x1)))))), add(add(mul(add(mul(aq(x2, x1), add(exp(a), add(x2, sin(aq(x2, add(x1, x4)))))), x1), mul(x3, x2)), exp(x1)), aq(add(x2, add(mul(a, x2), mul(x2, a))), x1)))))
GPU5 stages: candidates=2500 pre_s=23.211 cheap_candidates=1864 cheap_unique=1862 cheap_s=39.833/40.000 cheap_rejected=239 cheap_a_min=-0.354239480936 cheap_a_p50=0.000301784451087 cheap_a_p95=2.30321293133 cheap_a_max=14136.9307029 exact_a_gate=0.15 exact_provisional_penalty=3928.17976309 exact_candidates=1625 exact_unique=1623 full_exact_enabled=1 exact_capacity=1200 exact_waves=134 exact_scheduled=1200 exact_deferred=412 exact_wave=1200/1200 exact_queue_depth=0 exact_pending_instances=412 exact_s=206.802 exact_ok=1200 exact_margin_max=356.711223074 exact_scan_mean_s=0.042 exact_bisect_mean_s=0.002 exact_polish_mean_s=0.265 exact_final_mean_s=0.013 exact_margin_abs_b_max=nan cache_hits=0 cache_misses=0 cache_waits=0
530	2500 	525.774	690.834    	1043.73    	181.37 	34 	119.414	239	57.2381
Best individuals of this generation:
add(mul(x1, aq(x1, add(add(x1, a), x3))), mul(mul(sub(add(mul(x2, mul(aq(x2, add(a, x2)), x2)), exp(mul(sin(x4), x4))), mul(x3, sub(x2, x1))), aq(add(exp(a), add(x2, x1)), a)), add(add(mul(x3, add(add(x3, x1), x2)), add(x2, mul(mul(sub(add(mul(x2, mul(add(add(x3, x1), x2), x2)), exp(x1)), mul(x3, sub(x2, x4))), aq(add(x2, x1), x1)), add(exp(a), add(x2, aq(x2, x1)))))), add(add(mul(add(mul(aq(x2, x1), add(exp(a), add(x2, sin(aq(x2, add(x1, x4)))))), x1), mul(x3, x2)), exp(x1)), aq(add(x2, add(mul(a, x2), mul(x2, a))), x1)))))
GPU5 stages: candidates=2500 pre_s=23.040 cheap_candidates=1846 cheap_unique=1844 cheap_s=40.064/40.000 cheap_rejected=236 cheap_a_min=-0.177528289589 cheap_a_p50=0.000301783271024 cheap_a_p95=2.12987759222 cheap_a_max=9822.40410676 exact_a_gate=0.15 exact_provisional_penalty=3928.17976309 exact_candidates=1610 exact_unique=1608 full_exact_enabled=1 exact_capacity=1200 exact_waves=134 exact_scheduled=1200 exact_deferred=390 exact_wave=1200/1200 exact_queue_depth=0 exact_pending_instances=390 exact_s=207.371 exact_ok=1200 exact_margin_max=1094.04791479 exact_scan_mean_s=0.041 exact_bisect_mean_s=0.004 exact_polish_mean_s=0.269 exact_final_mean_s=0.010 exact_margin_abs_b_max=nan cache_hits=0 cache_misses=0 cache_waits=0
531	2500 	525.774	690.811    	1043.72    	181.37 	34 	119.647	239	56.826 
Best individuals of this generation:
add(mul(x1, aq(x1, add(add(x1, a), x3))), mul(mul(sub(add(mul(x2, mul(aq(x2, add(a, x2)), x2)), exp(mul(sin(x4), x4))), mul(x3, sub(x2, x1))), aq(add(exp(a), add(x2, x1)), a)), add(add(mul(x3, add(add(x3, x1), x2)), add(x2, mul(mul(sub(add(mul(x2, mul(add(add(x3, x1), x2), x2)), exp(x1)), mul(x3, sub(x2, x4))), aq(add(x2, x1), x1)), add(exp(a), add(x2, aq(x2, x1)))))), add(add(mul(add(mul(aq(x2, x1), add(exp(a), add(x2, sin(aq(x2, add(x1, x4)))))), x1), mul(x3, x2)), exp(x1)), aq(add(x2, add(mul(a, x2), mul(x2, a))), x1)))))
GPU5 stages: candidates=2500 pre_s=23.072 cheap_candidates=1849 cheap_unique=1848 cheap_s=41.452/40.000 cheap_rejected=277 cheap_a_min=-0.717834245605 cheap_a_p50=0.0003017866855 cheap_a_p95=3.89311292012 cheap_a_max=1.91433783721e+19 exact_a_gate=0.15 exact_provisional_penalty=3928.17976309 exact_candidates=1572 exact_unique=1571 full_exact_enabled=1 exact_capacity=1200 exact_waves=134 exact_scheduled=1200 exact_deferred=354 exact_wave=1200/1200 exact_queue_depth=0 exact_pending_instances=354 exact_s=210.029 exact_ok=1200 exact_margin_max=799.28747356 exact_scan_mean_s=0.042 exact_bisect_mean_s=0.004 exact_polish_mean_s=0.264 exact_final_mean_s=0.011 exact_margin_abs_b_max=nan cache_hits=0 cache_misses=0 cache_waits=0
532	2500 	525.774	690.782    	1043.68    	181.374	34 	120.223	239	56.6448
Best individuals of this generation:
add(mul(x1, aq(x1, add(add(x1, a), x3))), mul(mul(sub(add(mul(x2, mul(aq(x2, add(a, x2)), x2)), exp(mul(sin(x4), x4))), mul(x3, sub(x2, x1))), aq(add(exp(a), add(x2, x1)), a)), add(add(mul(x3, add(add(x3, x1), x2)), add(x2, mul(mul(sub(add(mul(x2, mul(add(add(x3, x1), x2), x2)), exp(x1)), mul(x3, sub(x2, x4))), aq(add(x2, x1), x1)), add(exp(a), add(x2, aq(x2, x1)))))), add(add(mul(add(mul(aq(x2, x1), add(exp(a), add(x2, sin(aq(x2, add(x1, x4)))))), x1), mul(x3, x2)), exp(x1)), aq(add(x2, add(mul(a, x2), mul(x2, a))), x1)))))
GPU5 stages: candidates=2500 pre_s=23.136 cheap_candidates=1867 cheap_unique=1866 cheap_s=41.964/40.000 cheap_rejected=261 cheap_a_min=-0.285868148576 cheap_a_p50=0.000301785130517 cheap_a_p95=2.69748751433 cheap_a_max=2802.66109882 exact_a_gate=0.15 exact_provisional_penalty=3928.17976309 exact_candidates=1606 exact_unique=1605 full_exact_enabled=1 exact_capacity=1200 exact_waves=134 exact_scheduled=1200 exact_deferred=389 exact_wave=1200/1200 exact_queue_depth=0 exact_pending_instances=389 exact_s=209.633 exact_ok=1200 exact_margin_max=61.158372418 exact_scan_mean_s=0.042 exact_bisect_mean_s=0.003 exact_polish_mean_s=0.265 exact_final_mean_s=0.009 exact_margin_abs_b_max=nan cache_hits=0 cache_misses=0 cache_waits=0
533	2500 	525.774	690.754    	1043.66    	181.376	34 	120.142	239	56.1591
Best individuals of this generation:
add(mul(x1, aq(x1, add(add(x1, a), x3))), mul(mul(sub(add(mul(x2, mul(aq(x2, add(a, x2)), x2)), exp(mul(sin(x4), x4))), mul(x3, sub(x2, x1))), aq(add(exp(a), add(x2, x1)), a)), add(add(mul(x3, add(add(x3, x1), x2)), add(x2, mul(mul(sub(add(mul(x2, mul(add(add(x3, x1), x2), x2)), exp(x1)), mul(x3, sub(x2, x4))), aq(add(x2, x1), x1)), add(exp(a), add(x2, aq(x2, x1)))))), add(add(mul(add(mul(aq(x2, x1), add(exp(a), add(x2, sin(aq(x2, add(x1, x4)))))), x1), mul(x3, x2)), exp(x1)), aq(add(x2, add(mul(a, x2), mul(x2, a))), x1)))))
GPU5 stages: candidates=2500 pre_s=23.366 cheap_candidates=1862 cheap_unique=1860 cheap_s=40.223/40.000 cheap_rejected=248 cheap_a_min=-0.211298647195 cheap_a_p50=0.000301785487343 cheap_a_p95=3.74925809367 cheap_a_max=4752.14814942 exact_a_gate=0.15 exact_provisional_penalty=3928.17976309 exact_candidates=1614 exact_unique=1612 full_exact_enabled=1 exact_capacity=1200 exact_waves=134 exact_scheduled=1200 exact_deferred=397 exact_wave=1200/1200 exact_queue_depth=0 exact_pending_instances=397 exact_s=204.787 exact_ok=1200 exact_margin_max=961.692106348 exact_scan_mean_s=0.041 exact_bisect_mean_s=0.003 exact_polish_mean_s=0.258 exact_final_mean_s=0.008 exact_margin_abs_b_max=nan cache_hits=0 cache_misses=0 cache_waits=0
534	2500 	525.774	690.735    	1043.65    	181.375	34 	119.597	236	55.5013
Best individuals of this generation:
add(mul(x1, aq(x1, add(add(x1, a), x3))), mul(mul(sub(add(mul(x2, mul(aq(x2, add(a, x2)), x2)), exp(mul(sin(x4), x4))), mul(x3, sub(x2, x1))), aq(add(exp(a), add(x2, x1)), a)), add(add(mul(x3, add(add(x3, x1), x2)), add(x2, mul(mul(sub(add(mul(x2, mul(add(add(x3, x1), x2), x2)), exp(x1)), mul(x3, sub(x2, x4))), aq(add(x2, x1), x1)), add(exp(a), add(x2, aq(x2, x1)))))), add(add(mul(add(mul(aq(x2, x1), add(exp(a), add(x2, sin(aq(x2, add(x1, x4)))))), x1), mul(x3, x2)), exp(x1)), aq(add(x2, add(mul(a, x2), mul(x2, a))), x1)))))
GPU5 stages: candidates=2500 pre_s=23.139 cheap_candidates=1859 cheap_unique=1859 cheap_s=39.586/40.000 cheap_rejected=232 cheap_a_min=-1.04616598892 cheap_a_p50=0.000301784448641 cheap_a_p95=2.35203116766 cheap_a_max=4613.17881907 exact_a_gate=0.15 exact_provisional_penalty=3928.17976309 exact_candidates=1627 exact_unique=1627 full_exact_enabled=1 exact_capacity=1200 exact_waves=134 exact_scheduled=1200 exact_deferred=415 exact_wave=1200/1200 exact_queue_depth=0 exact_pending_instances=415 exact_s=204.961 exact_ok=1200 exact_margin_max=160.860669629 exact_scan_mean_s=0.042 exact_bisect_mean_s=0.003 exact_polish_mean_s=0.266 exact_final_mean_s=0.009 exact_margin_abs_b_max=nan cache_hits=0 cache_misses=0 cache_waits=0
535	2500 	525.774	690.702    	1043.64    	181.375	34 	119.171	234	55.0579
Best individuals of this generation:
add(mul(x1, aq(x1, add(add(x1, a), x3))), mul(mul(sub(add(mul(x2, mul(aq(x2, add(a, x2)), x2)), exp(mul(sin(x4), x4))), mul(x3, sub(x2, x1))), aq(add(exp(a), add(x2, x1)), a)), add(add(mul(x3, add(add(x3, x1), x2)), add(x2, mul(mul(sub(add(mul(x2, mul(add(add(x3, x1), x2), x2)), exp(x1)), mul(x3, sub(x2, x4))), aq(add(x2, x1), x1)), add(exp(a), add(x2, aq(x2, x1)))))), add(add(mul(add(mul(aq(x2, x1), add(exp(a), add(x2, sin(aq(x2, add(x1, x4)))))), x1), mul(x3, x2)), exp(x1)), aq(add(x2, add(mul(a, x2), mul(x2, a))), x1)))))
GPU5 stages: candidates=2500 pre_s=22.975 cheap_candidates=1863 cheap_unique=1862 cheap_s=41.492/40.000 cheap_rejected=268 cheap_a_min=-0.454041316814 cheap_a_p50=0.000301785563864 cheap_a_p95=3.14911403746 cheap_a_max=5130.30394863 exact_a_gate=0.15 exact_provisional_penalty=3928.17976309 exact_candidates=1595 exact_unique=1594 full_exact_enabled=1 exact_capacity=1200 exact_waves=134 exact_scheduled=1200 exact_deferred=377 exact_wave=1200/1200 exact_queue_depth=0 exact_pending_instances=378 exact_s=206.846 exact_ok=1200 exact_margin_max=239.706381196 exact_scan_mean_s=0.042 exact_bisect_mean_s=0.004 exact_polish_mean_s=0.260 exact_final_mean_s=0.012 exact_margin_abs_b_max=nan cache_hits=0 cache_misses=0 cache_waits=0
536	2500 	525.774	690.659    	1043.61    	181.381	34 	118.829	234	54.6917
Best individuals of this generation:
add(mul(x1, aq(x1, add(add(x1, a), x3))), mul(mul(sub(add(mul(x2, mul(aq(x2, add(a, x2)), x2)), exp(mul(sin(x4), x4))), mul(x3, sub(x2, x1))), aq(add(exp(a), add(x2, x1)), a)), add(add(mul(x3, add(add(x3, x1), x2)), add(x2, mul(mul(sub(add(mul(x2, mul(add(add(x3, x1), x2), x2)), exp(x1)), mul(x3, sub(x2, x4))), aq(add(x2, x1), x1)), add(exp(a), add(x2, aq(x2, x1)))))), add(add(mul(add(mul(aq(x2, x1), add(exp(a), add(x2, sin(aq(x2, add(x1, x4)))))), x1), mul(x3, x2)), exp(x1)), aq(add(x2, add(mul(a, x2), mul(x2, a))), x1)))))
GPU5 stages: candidates=2500 pre_s=23.068 cheap_candidates=1848 cheap_unique=1845 cheap_s=40.806/40.000 cheap_rejected=269 cheap_a_min=-0.22434674798 cheap_a_p50=0.000301787632392 cheap_a_p95=2.74649135526 cheap_a_max=20211.9013978 exact_a_gate=0.15 exact_provisional_penalty=3928.17976309 exact_candidates=1579 exact_unique=1576 full_exact_enabled=1 exact_capacity=1200 exact_waves=134 exact_scheduled=1200 exact_deferred=357 exact_wave=1200/1200 exact_queue_depth=0 exact_pending_instances=357 exact_s=210.431 exact_ok=1200 exact_margin_max=2145.33301486 exact_scan_mean_s=0.042 exact_bisect_mean_s=0.005 exact_polish_mean_s=0.261 exact_final_mean_s=0.016 exact_margin_abs_b_max=nan cache_hits=0 cache_misses=0 cache_waits=0
537	2500 	525.774	690.616    	1043.61    	181.385	34 	118.44 	234	54.2482
Best individuals of this generation:
add(mul(x1, aq(x1, add(add(x1, a), x3))), mul(mul(sub(add(mul(x2, mul(aq(x2, add(a, x2)), x2)), exp(mul(sin(x4), x4))), mul(x3, sub(x2, x1))), aq(add(exp(a), add(x2, x1)), a)), add(add(mul(x3, add(add(x3, x1), x2)), add(x2, mul(mul(sub(add(mul(x2, mul(add(add(x3, x1), x2), x2)), exp(x1)), mul(x3, sub(x2, x4))), aq(add(x2, x1), x1)), add(exp(a), add(x2, aq(x2, x1)))))), add(add(mul(add(mul(aq(x2, x1), add(exp(a), add(x2, sin(aq(x2, add(x1, x4)))))), x1), mul(x3, x2)), exp(x1)), aq(add(x2, add(mul(a, x2), mul(x2, a))), x1)))))
GPU5 stages: candidates=2500 pre_s=23.100 cheap_candidates=1841 cheap_unique=1839 cheap_s=39.400/40.000 cheap_rejected=264 cheap_a_min=-2.26015738706 cheap_a_p50=0.000301787080004 cheap_a_p95=4.56296904826 cheap_a_max=3456.36402728 exact_a_gate=0.15 exact_provisional_penalty=3928.17976309 exact_candidates=1577 exact_unique=1575 full_exact_enabled=1 exact_capacity=1200 exact_waves=134 exact_scheduled=1200 exact_deferred=358 exact_wave=1200/1200 exact_queue_depth=0 exact_pending_instances=358 exact_s=200.628 exact_ok=1200 exact_margin_max=240.808286925 exact_scan_mean_s=0.042 exact_bisect_mean_s=0.005 exact_polish_mean_s=0.261 exact_final_mean_s=0.015 exact_margin_abs_b_max=nan cache_hits=0 cache_misses=0 cache_waits=0
538	2500 	525.774	690.569    	1043.6     	181.389	34 	118.116	234	53.9168
Best individuals of this generation:
add(mul(x1, aq(x1, add(add(x1, a), x3))), mul(mul(sub(add(mul(x2, mul(aq(x2, add(a, x2)), x2)), exp(mul(sin(x4), x4))), mul(x3, sub(x2, x1))), aq(add(exp(a), add(x2, x1)), a)), add(add(mul(x3, add(add(x3, x1), x2)), add(x2, mul(mul(sub(add(mul(x2, mul(add(add(x3, x1), x2), x2)), exp(x1)), mul(x3, sub(x2, x4))), aq(add(x2, x1), x1)), add(exp(a), add(x2, aq(x2, x1)))))), add(add(mul(add(mul(aq(x2, x1), add(exp(a), add(x2, sin(aq(x2, add(x1, x4)))))), x1), mul(x3, x2)), exp(x1)), aq(add(x2, add(mul(a, x2), mul(x2, a))), x1)))))
GPU5 stages: candidates=2500 pre_s=23.188 cheap_candidates=1820 cheap_unique=1820 cheap_s=39.736/40.000 cheap_rejected=243 cheap_a_min=-195.858622679 cheap_a_p50=0.000301785570045 cheap_a_p95=2.58343718647 cheap_a_max=4909.66609359 exact_a_gate=0.15 exact_provisional_penalty=3928.17976309 exact_candidates=1577 exact_unique=1577 full_exact_enabled=1 exact_capacity=1200 exact_waves=134 exact_scheduled=1200 exact_deferred=361 exact_wave=1200/1200 exact_queue_depth=0 exact_pending_instances=361 exact_s=210.379 exact_ok=1200 exact_margin_max=620.777922714 exact_scan_mean_s=0.042 exact_bisect_mean_s=0.004 exact_polish_mean_s=0.264 exact_final_mean_s=0.014 exact_margin_abs_b_max=nan cache_hits=0 cache_misses=0 cache_waits=0
539	2500 	525.774	690.522    	1043.6     	181.392	34 	117.995	234	53.7032
Best individuals of this generation:
add(mul(x1, aq(x1, add(add(x1, a), x3))), mul(mul(sub(add(mul(x2, mul(aq(x2, add(a, x2)), x2)), exp(mul(sin(x4), x4))), mul(x3, sub(x2, x1))), aq(add(exp(a), add(x2, x1)), a)), add(add(mul(x3, add(add(x3, x1), x2)), add(x2, mul(mul(sub(add(mul(x2, mul(add(add(x3, x1), x2), x2)), exp(x1)), mul(x3, sub(x2, x4))), aq(add(x2, x1), x1)), add(exp(a), add(x2, aq(x2, x1)))))), add(add(mul(add(mul(aq(x2, x1), add(exp(a), add(x2, sin(aq(x2, add(x1, x4)))))), x1), mul(x3, x2)), exp(x1)), aq(add(x2, add(mul(a, x2), mul(x2, a))), x1)))))
GPU5 stages: candidates=2500 pre_s=22.992 cheap_candidates=1864 cheap_unique=1864 cheap_s=40.856/40.000 cheap_rejected=263 cheap_a_min=-72.5407908038 cheap_a_p50=0.000301793370466 cheap_a_p95=3.60224236473 cheap_a_max=3451.73300162 exact_a_gate=0.15 exact_provisional_penalty=3928.17976309 exact_candidates=1601 exact_unique=1601 full_exact_enabled=1 exact_capacity=1200 exact_waves=134 exact_scheduled=1200 exact_deferred=387 exact_wave=1200/1200 exact_queue_depth=0 exact_pending_instances=387 exact_s=201.195 exact_ok=1200 exact_margin_max=31.5310042001 exact_scan_mean_s=0.042 exact_bisect_mean_s=0.004 exact_polish_mean_s=0.269 exact_final_mean_s=0.014 exact_margin_abs_b_max=nan cache_hits=0 cache_misses=0 cache_waits=0
540	2500 	525.774	690.487    	1043.58    	181.394	34 	117.704	231	53.4417
Best individuals of this generation:
add(mul(x1, aq(x1, add(add(x1, a), x3))), mul(mul(sub(add(mul(x2, mul(aq(x2, add(a, x2)), x2)), exp(mul(sin(x4), x4))), mul(x3, sub(x2, x1))), aq(add(exp(a), add(x2, x1)), a)), add(add(mul(x3, add(add(x3, x1), x2)), add(x2, mul(mul(sub(add(mul(x2, mul(add(add(x3, x1), x2), x2)), exp(x1)), mul(x3, sub(x2, x4))), aq(add(x2, x1), x1)), add(exp(a), add(x2, aq(x2, x1)))))), add(add(mul(add(mul(aq(x2, x1), add(exp(a), add(x2, sin(aq(x2, add(x1, x4)))))), x1), mul(x3, x2)), exp(x1)), aq(add(x2, add(mul(a, x2), mul(x2, a))), x1)))))
GPU5 stages: candidates=2500 pre_s=23.068 cheap_candidates=1842 cheap_unique=1841 cheap_s=39.673/40.000 cheap_rejected=268 cheap_a_min=-0.273907697185 cheap_a_p50=0.000301787377663 cheap_a_p95=3.15022707232 cheap_a_max=2772.69134806 exact_a_gate=0.15 exact_provisional_penalty=3928.17976309 exact_candidates=1574 exact_unique=1573 full_exact_enabled=1 exact_capacity=1200 exact_waves=134 exact_scheduled=1200 exact_deferred=351 exact_wave=1200/1200 exact_queue_depth=0 exact_pending_instances=351 exact_s=206.365 exact_ok=1200 exact_margin_max=726.897465425 exact_scan_mean_s=0.042 exact_bisect_mean_s=0.005 exact_polish_mean_s=0.267 exact_final_mean_s=0.016 exact_margin_abs_b_max=nan cache_hits=0 cache_misses=0 cache_waits=0
541	2500 	525.774	690.424    	1043.56    	181.396	34 	117.535	223	53.1196
Best individuals of this generation:
add(mul(x1, aq(x1, add(add(x1, a), x3))), mul(mul(sub(add(mul(x2, mul(aq(x2, add(a, x2)), x2)), exp(mul(sin(x4), x4))), mul(x3, sub(x2, x1))), aq(add(exp(a), add(x2, x1)), a)), add(add(mul(x3, add(add(x3, x1), x2)), add(x2, mul(mul(sub(add(mul(x2, mul(add(add(x3, x1), x2), x2)), exp(x1)), mul(x3, sub(x2, x4))), aq(add(x2, x1), x1)), add(exp(a), add(x2, aq(x2, x1)))))), add(add(mul(add(mul(aq(x2, x1), add(exp(a), add(x2, sin(aq(x2, add(x1, x4)))))), x1), mul(x3, x2)), exp(x1)), aq(add(x2, add(mul(a, x2), mul(x2, a))), x1)))))
GPU5 stages: candidates=2500 pre_s=23.164 cheap_candidates=1825 cheap_unique=1824 cheap_s=41.221/40.000 cheap_rejected=270 cheap_a_min=-0.189608526594 cheap_a_p50=0.000301794928522 cheap_a_p95=5.57930776019 cheap_a_max=2379.46108418 exact_a_gate=0.15 exact_provisional_penalty=3928.17976309 exact_candidates=1555 exact_unique=1554 full_exact_enabled=1 exact_capacity=1200 exact_waves=134 exact_scheduled=1200 exact_deferred=333 exact_wave=1200/1200 exact_queue_depth=0 exact_pending_instances=333 exact_s=207.189 exact_ok=1200 exact_margin_max=109.558870075 exact_scan_mean_s=0.041 exact_bisect_mean_s=0.004 exact_polish_mean_s=0.259 exact_final_mean_s=0.016 exact_margin_abs_b_max=nan cache_hits=0 cache_misses=0 cache_waits=0
542	2500 	525.774	690.34     	1043.53    	181.397	34 	117.411	223	52.9682
Best individuals of this generation:
add(mul(x1, aq(x1, add(add(x1, a), x3))), mul(mul(sub(add(mul(x2, mul(aq(x2, add(a, x2)), x2)), exp(mul(sin(x4), x4))), mul(x3, sub(x2, x1))), aq(add(exp(a), add(x2, x1)), a)), add(add(mul(x3, add(add(x3, x1), x2)), add(x2, mul(mul(sub(add(mul(x2, mul(add(add(x3, x1), x2), x2)), exp(x1)), mul(x3, sub(x2, x4))), aq(add(x2, x1), x1)), add(exp(a), add(x2, aq(x2, x1)))))), add(add(mul(add(mul(aq(x2, x1), add(exp(a), add(x2, sin(aq(x2, add(x1, x4)))))), x1), mul(x3, x2)), exp(x1)), aq(add(x2, add(mul(a, x2), mul(x2, a))), x1)))))
GPU5 stages: candidates=2500 pre_s=22.931 cheap_candidates=1799 cheap_unique=1796 cheap_s=39.327/40.000 cheap_rejected=261 cheap_a_min=-0.287620832225 cheap_a_p50=0.000301795365846 cheap_a_p95=2.71506973696 cheap_a_max=8988.30576479 exact_a_gate=0.15 exact_provisional_penalty=3928.17976309 exact_candidates=1538 exact_unique=1535 full_exact_enabled=1 exact_capacity=1200 exact_waves=134 exact_scheduled=1200 exact_deferred=316 exact_wave=1200/1200 exact_queue_depth=0 exact_pending_instances=316 exact_s=204.439 exact_ok=1200 exact_margin_max=1510.92621272 exact_scan_mean_s=0.041 exact_bisect_mean_s=0.003 exact_polish_mean_s=0.260 exact_final_mean_s=0.011 exact_margin_abs_b_max=nan cache_hits=0 cache_misses=0 cache_waits=0
543	2500 	525.774	690.267    	1043.53    	181.403	34 	117.369	223	52.8698
Best individuals of this generation:
add(mul(x1, aq(x1, add(add(x1, a), x3))), mul(mul(sub(add(mul(x2, mul(aq(x2, add(a, x2)), x2)), exp(mul(sin(x4), x4))), mul(x3, sub(x2, x1))), aq(add(exp(a), add(x2, x1)), a)), add(add(mul(x3, add(add(x3, x1), x2)), add(x2, mul(mul(sub(add(mul(x2, mul(add(add(x3, x1), x2), x2)), exp(x1)), mul(x3, sub(x2, x4))), aq(add(x2, x1), x1)), add(exp(a), add(x2, aq(x2, x1)))))), add(add(mul(add(mul(aq(x2, x1), add(exp(a), add(x2, sin(aq(x2, add(x1, x4)))))), x1), mul(x3, x2)), exp(x1)), aq(add(x2, add(mul(a, x2), mul(x2, a))), x1)))))
GPU5 stages: candidates=2500 pre_s=23.304 cheap_candidates=1819 cheap_unique=1815 cheap_s=40.325/40.000 cheap_rejected=234 cheap_a_min=-0.336854184493 cheap_a_p50=0.000301792509134 cheap_a_p95=2.81502868832 cheap_a_max=7336.80834107 exact_a_gate=0.15 exact_provisional_penalty=5632.02649925 exact_candidates=1585 exact_unique=1581 full_exact_enabled=1 exact_capacity=1200 exact_waves=134 exact_scheduled=1200 exact_deferred=365 exact_wave=1200/1200 exact_queue_depth=0 exact_pending_instances=365 exact_s=205.832 exact_ok=1200 exact_margin_max=1610.44931547 exact_scan_mean_s=0.042 exact_bisect_mean_s=0.004 exact_polish_mean_s=0.270 exact_final_mean_s=0.010 exact_margin_abs_b_max=nan cache_hits=0 cache_misses=0 cache_waits=0
544	2500 	525.774	690.142    	1043.53    	181.415	34 	117.332	223	52.8584
Best individuals of this generation:
add(mul(x1, aq(x1, add(add(x1, a), x3))), mul(mul(sub(add(mul(x2, mul(aq(x2, add(a, x2)), x2)), exp(mul(sin(x4), x4))), mul(x3, sub(x2, x1))), aq(add(exp(a), add(x2, x1)), a)), add(add(mul(x3, add(add(x3, x1), x2)), add(x2, mul(mul(sub(add(mul(x2, mul(add(add(x3, x1), x2), x2)), exp(x1)), mul(x3, sub(x2, x4))), aq(add(x2, x1), x1)), add(exp(a), add(x2, aq(x2, x1)))))), add(add(mul(add(mul(aq(x2, x1), add(exp(a), add(x2, sin(aq(x2, add(x1, x4)))))), x1), mul(x3, x2)), exp(x1)), aq(add(x2, add(mul(a, x2), mul(x2, a))), x1)))))
GPU5 stages: candidates=2500 pre_s=28.948 cheap_candidates=1835 cheap_unique=1835 cheap_s=39.409/40.000 cheap_rejected=274 cheap_a_min=-0.958526616288 cheap_a_p50=0.000301795899391 cheap_a_p95=3.39717348322 cheap_a_max=4223.07110282 exact_a_gate=0.15 exact_provisional_penalty=3928.17976309 exact_candidates=1561 exact_unique=1561 full_exact_enabled=1 exact_capacity=1200 exact_waves=134 exact_scheduled=1200 exact_deferred=345 exact_wave=1200/1200 exact_queue_depth=0 exact_pending_instances=345 exact_s=203.187 exact_ok=1200 exact_margin_max=1761.15349202 exact_scan_mean_s=0.041 exact_bisect_mean_s=0.005 exact_polish_mean_s=0.262 exact_final_mean_s=0.011 exact_margin_abs_b_max=nan cache_hits=0 cache_misses=0 cache_waits=0
545	2500 	525.774	690.029    	1043.52    	181.424	34 	117.401	223	52.8532
Best individuals of this generation:
add(mul(x1, aq(x1, add(add(x1, a), x3))), mul(mul(sub(add(mul(x2, mul(aq(x2, add(a, x2)), x2)), exp(mul(sin(x4), x4))), mul(x3, sub(x2, x1))), aq(add(exp(a), add(x2, x1)), a)), add(add(mul(x3, add(add(x3, x1), x2)), add(x2, mul(mul(sub(add(mul(x2, mul(add(add(x3, x1), x2), x2)), exp(x1)), mul(x3, sub(x2, x4))), aq(add(x2, x1), x1)), add(exp(a), add(x2, aq(x2, x1)))))), add(add(mul(add(mul(aq(x2, x1), add(exp(a), add(x2, sin(aq(x2, add(x1, x4)))))), x1), mul(x3, x2)), exp(x1)), aq(add(x2, add(mul(a, x2), mul(x2, a))), x1)))))
GPU5 stages: candidates=2500 pre_s=23.191 cheap_candidates=1824 cheap_unique=1823 cheap_s=40.067/40.000 cheap_rejected=254 cheap_a_min=-0.331393916765 cheap_a_p50=0.000301796528444 cheap_a_p95=3.73197460295 cheap_a_max=3221.43234688 exact_a_gate=0.15 exact_provisional_penalty=3928.17976309 exact_candidates=1570 exact_unique=1569 full_exact_enabled=1 exact_capacity=1200 exact_waves=134 exact_scheduled=1200 exact_deferred=343 exact_wave=1200/1200 exact_queue_depth=0 exact_pending_instances=343 exact_s=211.527 exact_ok=1200 exact_margin_max=2295.98994678 exact_scan_mean_s=0.041 exact_bisect_mean_s=0.003 exact_polish_mean_s=0.271 exact_final_mean_s=0.006 exact_margin_abs_b_max=nan cache_hits=0 cache_misses=0 cache_waits=0
546	2500 	525.774	689.858    	1043.51    	181.436	34 	117.484	223	52.7802
Best individuals of this generation:
add(mul(x1, aq(x1, add(add(x1, a), x3))), mul(mul(sub(add(mul(x2, mul(aq(x2, add(a, x2)), x2)), exp(mul(sin(x4), x4))), mul(x3, sub(x2, x1))), aq(add(exp(a), add(x2, x1)), a)), add(add(mul(x3, add(add(x3, x1), x2)), add(x2, mul(mul(sub(add(mul(x2, mul(add(add(x3, x1), x2), x2)), exp(x1)), mul(x3, sub(x2, x4))), aq(add(x2, x1), x1)), add(exp(a), add(x2, aq(x2, x1)))))), add(add(mul(add(mul(aq(x2, x1), add(exp(a), add(x2, sin(aq(x2, add(x1, x4)))))), x1), mul(x3, x2)), exp(x1)), aq(add(x2, add(mul(a, x2), mul(x2, a))), x1)))))
GPU5 stages: candidates=2500 pre_s=22.988 cheap_candidates=1865 cheap_unique=1865 cheap_s=41.333/40.000 cheap_rejected=276 cheap_a_min=-0.425182593348 cheap_a_p50=0.000301799503018 cheap_a_p95=3.80915192785 cheap_a_max=3834.30400753 exact_a_gate=0.15 exact_provisional_penalty=3928.17976309 exact_candidates=1589 exact_unique=1589 full_exact_enabled=1 exact_capacity=1200 exact_waves=134 exact_scheduled=1200 exact_deferred=366 exact_wave=1200/1200 exact_queue_depth=0 exact_pending_instances=366 exact_s=200.596 exact_ok=1200 exact_margin_max=580.384080909 exact_scan_mean_s=0.042 exact_bisect_mean_s=0.005 exact_polish_mean_s=0.265 exact_final_mean_s=0.012 exact_margin_abs_b_max=nan cache_hits=0 cache_misses=0 cache_waits=0
547	2500 	525.774	689.698    	1043.5     	181.444	34 	117.598	223	52.7766
Best individuals of this generation:
add(mul(x1, aq(x1, add(add(x1, a), x3))), mul(mul(sub(add(mul(x2, mul(aq(x2, add(a, x2)), x2)), exp(mul(sin(x4), x4))), mul(x3, sub(x2, x1))), aq(add(exp(a), add(x2, x1)), a)), add(add(mul(x3, add(add(x3, x1), x2)), add(x2, mul(mul(sub(add(mul(x2, mul(add(add(x3, x1), x2), x2)), exp(x1)), mul(x3, sub(x2, x4))), aq(add(x2, x1), x1)), add(exp(a), add(x2, aq(x2, x1)))))), add(add(mul(add(mul(aq(x2, x1), add(exp(a), add(x2, sin(aq(x2, add(x1, x4)))))), x1), mul(x3, x2)), exp(x1)), aq(add(x2, add(mul(a, x2), mul(x2, a))), x1)))))
GPU5 stages: candidates=2500 pre_s=23.260 cheap_candidates=1874 cheap_unique=1872 cheap_s=40.856/40.000 cheap_rejected=293 cheap_a_min=-0.124603303497 cheap_a_p50=0.000301796310631 cheap_a_p95=4.7296648951 cheap_a_max=4082.28532647 exact_a_gate=0.15 exact_provisional_penalty=3928.17976309 exact_candidates=1581 exact_unique=1579 full_exact_enabled=1 exact_capacity=1200 exact_waves=134 exact_scheduled=1200 exact_deferred=358 exact_wave=1200/1200 exact_queue_depth=0 exact_pending_instances=358 exact_s=200.109 exact_ok=1200 exact_margin_max=1781.05171871 exact_scan_mean_s=0.041 exact_bisect_mean_s=0.004 exact_polish_mean_s=0.267 exact_final_mean_s=0.010 exact_margin_abs_b_max=nan cache_hits=0 cache_misses=0 cache_waits=0
548	2500 	525.774	689.471    	1043.49    	181.462	34 	117.674	223	52.8219
Best individuals of this generation:
add(mul(x1, aq(x1, add(add(x1, a), x3))), mul(mul(sub(add(mul(x2, mul(aq(x2, add(a, x2)), x2)), exp(mul(sin(x4), x4))), mul(x3, sub(x2, x1))), aq(add(exp(a), add(x2, x1)), a)), add(add(mul(x3, add(add(x3, x1), x2)), add(x2, mul(mul(sub(add(mul(x2, mul(add(add(x3, x1), x2), x2)), exp(x1)), mul(x3, sub(x2, x4))), aq(add(x2, x1), x1)), add(exp(a), add(x2, aq(x2, x1)))))), add(add(mul(add(mul(aq(x2, x1), add(exp(a), add(x2, sin(aq(x2, add(x1, x4)))))), x1), mul(x3, x2)), exp(x1)), aq(add(x2, add(mul(a, x2), mul(x2, a))), x1)))))
GPU5 stages: candidates=2500 pre_s=23.154 cheap_candidates=1838 cheap_unique=1830 cheap_s=40.038/40.000 cheap_rejected=262 cheap_a_min=-0.159282814445 cheap_a_p50=0.000301798040022 cheap_a_p95=3.43353924088 cheap_a_max=1309.16075782 exact_a_gate=0.15 exact_provisional_penalty=3928.17976309 exact_candidates=1576 exact_unique=1568 full_exact_enabled=1 exact_capacity=1200 exact_waves=134 exact_scheduled=1200 exact_deferred=345 exact_wave=1200/1200 exact_queue_depth=0 exact_pending_instances=345 exact_s=214.739 exact_ok=1200 exact_margin_max=985.621675948 exact_scan_mean_s=0.043 exact_bisect_mean_s=0.006 exact_polish_mean_s=0.280 exact_final_mean_s=0.011 exact_margin_abs_b_max=nan cache_hits=0 cache_misses=0 cache_waits=0
549	2500 	525.774	689.199    	1043.47    	181.487	34 	118.006	223	52.8612
Best individuals of this generation:
add(mul(x1, aq(x1, add(add(x1, a), x3))), mul(mul(sub(add(mul(x2, mul(aq(x2, add(a, x2)), x2)), exp(mul(sin(x4), x4))), mul(x3, sub(x2, x1))), aq(add(exp(a), add(x2, x1)), a)), add(add(mul(x3, add(add(x3, x1), x2)), add(x2, mul(mul(sub(add(mul(x2, mul(add(add(x3, x1), x2), x2)), exp(x1)), mul(x3, sub(x2, x4))), aq(add(x2, x1), x1)), add(exp(a), add(x2, aq(x2, x1)))))), add(add(mul(add(mul(aq(x2, x1), add(exp(a), add(x2, sin(aq(x2, add(x1, x4)))))), x1), mul(x3, x2)), exp(x1)), aq(add(x2, add(mul(a, x2), mul(x2, a))), x1)))))
GPU5 stages: candidates=2500 pre_s=23.271 cheap_candidates=1866 cheap_unique=1864 cheap_s=41.935/40.000 cheap_rejected=266 cheap_a_min=-0.33094128825 cheap_a_p50=0.000301798079286 cheap_a_p95=3.74269851676 cheap_a_max=2265.17014857 exact_a_gate=0.15 exact_provisional_penalty=3928.17976309 exact_candidates=1600 exact_unique=1598 full_exact_enabled=1 exact_capacity=1200 exact_waves=134 exact_scheduled=1200 exact_deferred=379 exact_wave=1200/1200 exact_queue_depth=0 exact_pending_instances=379 exact_s=203.414 exact_ok=1200 exact_margin_max=1529.26192765 exact_scan_mean_s=0.042 exact_bisect_mean_s=0.004 exact_polish_mean_s=0.268 exact_final_mean_s=0.016 exact_margin_abs_b_max=nan cache_hits=0 cache_misses=0 cache_waits=0
550	2500 	525.774	688.991    	1043.46    	181.499	34 	118.116	223	52.8428
Best individuals of this generation:
add(mul(x1, aq(x1, add(add(x1, a), x3))), mul(mul(sub(add(mul(x2, mul(aq(x2, add(a, x2)), x2)), exp(mul(sin(x4), x4))), mul(x3, sub(x2, x1))), aq(add(exp(a), add(x2, x1)), a)), add(add(mul(x3, add(add(x3, x1), x2)), add(x2, mul(mul(sub(add(mul(x2, mul(add(add(x3, x1), x2), x2)), exp(x1)), mul(x3, sub(x2, x4))), aq(add(x2, x1), x1)), add(exp(a), add(x2, aq(x2, x1)))))), add(add(mul(add(mul(aq(x2, x1), add(exp(a), add(x2, sin(aq(x2, add(x1, x4)))))), x1), mul(x3, x2)), exp(x1)), aq(add(x2, add(mul(a, x2), mul(x2, a))), x1)))))
GPU5 stages: candidates=2500 pre_s=23.104 cheap_candidates=1841 cheap_unique=1839 cheap_s=39.797/40.000 cheap_rejected=258 cheap_a_min=-0.184372124978 cheap_a_p50=0.000301796972623 cheap_a_p95=3.42665154262 cheap_a_max=2199.07773982 exact_a_gate=0.15 exact_provisional_penalty=3928.17976309 exact_candidates=1583 exact_unique=1581 full_exact_enabled=1 exact_capacity=1200 exact_waves=134 exact_scheduled=1200 exact_deferred=349 exact_wave=1200/1200 exact_queue_depth=0 exact_pending_instances=349 exact_s=212.871 exact_ok=1200 exact_margin_max=1683.41815216 exact_scan_mean_s=0.042 exact_bisect_mean_s=0.006 exact_polish_mean_s=0.270 exact_final_mean_s=0.016 exact_margin_abs_b_max=nan cache_hits=0 cache_misses=0 cache_waits=0
551	2500 	525.774	688.763    	1043.45    	181.519	34 	118.176	217	52.84  
Best individuals of this generation:
add(mul(x1, aq(x1, add(add(x1, a), x3))), mul(mul(sub(add(mul(x2, mul(aq(x2, add(a, x2)), x2)), exp(mul(sin(x4), x4))), mul(x3, sub(x2, x1))), aq(add(exp(a), add(x2, x1)), a)), add(add(mul(x3, add(add(x3, x1), x2)), add(x2, mul(mul(sub(add(mul(x2, mul(add(add(x3, x1), x2), x2)), exp(x1)), mul(x3, sub(x2, x4))), aq(add(x2, x1), x1)), add(exp(a), add(x2, aq(x2, x1)))))), add(add(mul(add(mul(aq(x2, x1), add(exp(a), add(x2, sin(aq(x2, add(x1, x4)))))), x1), mul(x3, x2)), exp(x1)), aq(add(x2, add(mul(a, x2), mul(x2, a))), x1)))))
GPU5 stages: candidates=2500 pre_s=23.285 cheap_candidates=1833 cheap_unique=1830 cheap_s=42.252/40.000 cheap_rejected=274 cheap_a_min=-0.168686161076 cheap_a_p50=0.000301798318109 cheap_a_p95=3.35613090747 cheap_a_max=8979.57711772 exact_a_gate=0.15 exact_provisional_penalty=3928.17976309 exact_candidates=1559 exact_unique=1556 full_exact_enabled=1 exact_capacity=1200 exact_waves=134 exact_scheduled=1200 exact_deferred=335 exact_wave=1200/1200 exact_queue_depth=0 exact_pending_instances=335 exact_s=211.062 exact_ok=1200 exact_margin_max=1213.06901297 exact_scan_mean_s=0.044 exact_bisect_mean_s=0.004 exact_polish_mean_s=0.275 exact_final_mean_s=0.010 exact_margin_abs_b_max=nan cache_hits=0 cache_misses=0 cache_waits=0
552	2500 	525.774	688.532    	1043.44    	181.539	34 	118.33 	217	52.8718
Best individuals of this generation:
add(mul(x1, aq(x1, add(add(x1, a), x3))), mul(mul(sub(add(mul(x2, mul(aq(x2, add(a, x2)), x2)), exp(mul(sin(x4), x4))), mul(x3, sub(x2, x1))), aq(add(exp(a), add(x2, x1)), a)), add(add(mul(x3, add(add(x3, x1), x2)), add(x2, mul(mul(sub(add(mul(x2, mul(add(add(x3, x1), x2), x2)), exp(x1)), mul(x3, sub(x2, x4))), aq(add(x2, x1), x1)), add(exp(a), add(x2, aq(x2, x1)))))), add(add(mul(add(mul(aq(x2, x1), add(exp(a), add(x2, sin(aq(x2, add(x1, x4)))))), x1), mul(x3, x2)), exp(x1)), aq(add(x2, add(mul(a, x2), mul(x2, a))), x1)))))
GPU5 stages: candidates=2500 pre_s=23.279 cheap_candidates=1839 cheap_unique=1839 cheap_s=40.502/40.000 cheap_rejected=259 cheap_a_min=-0.205571640125 cheap_a_p50=0.000301797085408 cheap_a_p95=4.2552373664 cheap_a_max=8837.70542695 exact_a_gate=0.15 exact_provisional_penalty=3928.17976309 exact_candidates=1580 exact_unique=1580 full_exact_enabled=1 exact_capacity=1200 exact_waves=134 exact_scheduled=1200 exact_deferred=360 exact_wave=1200/1200 exact_queue_depth=0 exact_pending_instances=360 exact_s=205.093 exact_ok=1200 exact_margin_max=1626.64687313 exact_scan_mean_s=0.042 exact_bisect_mean_s=0.003 exact_polish_mean_s=0.262 exact_final_mean_s=0.010 exact_margin_abs_b_max=nan cache_hits=0 cache_misses=0 cache_waits=0
553	2500 	525.774	688.332    	1043.43    	181.559	34 	118.299	217	52.7775
Best individuals of this generation:
add(mul(x1, aq(x1, add(add(x1, a), x3))), mul(mul(sub(add(mul(x2, mul(aq(x2, add(a, x2)), x2)), exp(mul(sin(x4), x4))), mul(x3, sub(x2, x1))), aq(add(exp(a), add(x2, x1)), a)), add(add(mul(x3, add(add(x3, x1), x2)), add(x2, mul(mul(sub(add(mul(x2, mul(add(add(x3, x1), x2), x2)), exp(x1)), mul(x3, sub(x2, x4))), aq(add(x2, x1), x1)), add(exp(a), add(x2, aq(x2, x1)))))), add(add(mul(add(mul(aq(x2, x1), add(exp(a), add(x2, sin(aq(x2, add(x1, x4)))))), x1), mul(x3, x2)), exp(x1)), aq(add(x2, add(mul(a, x2), mul(x2, a))), x1)))))
GPU5 stages: candidates=2500 pre_s=22.959 cheap_candidates=1848 cheap_unique=1845 cheap_s=39.613/40.000 cheap_rejected=286 cheap_a_min=-0.290772683837 cheap_a_p50=0.000301797963325 cheap_a_p95=3.90871310014 cheap_a_max=1544.052386 exact_a_gate=0.15 exact_provisional_penalty=3928.17976309 exact_candidates=1562 exact_unique=1559 full_exact_enabled=1 exact_capacity=1200 exact_waves=134 exact_scheduled=1200 exact_deferred=334 exact_wave=1200/1200 exact_queue_depth=0 exact_pending_instances=334 exact_s=207.718 exact_ok=1200 exact_margin_max=574.590059655 exact_scan_mean_s=0.042 exact_bisect_mean_s=0.004 exact_polish_mean_s=0.262 exact_final_mean_s=0.014 exact_margin_abs_b_max=nan cache_hits=0 cache_misses=0 cache_waits=0
554	2500 	525.774	688.161    	1043.42    	181.578	34 	117.932	217	52.4129
Best individuals of this generation:
add(mul(x1, aq(x1, add(add(x1, a), x3))), mul(mul(sub(add(mul(x2, mul(aq(x2, add(a, x2)), x2)), exp(mul(sin(x4), x4))), mul(x3, sub(x2, x1))), aq(add(exp(a), add(x2, x1)), a)), add(add(mul(x3, add(add(x3, x1), x2)), add(x2, mul(mul(sub(add(mul(x2, mul(add(add(x3, x1), x2), x2)), exp(x1)), mul(x3, sub(x2, x4))), aq(add(x2, x1), x1)), add(exp(a), add(x2, aq(x2, x1)))))), add(add(mul(add(mul(aq(x2, x1), add(exp(a), add(x2, sin(aq(x2, add(x1, x4)))))), x1), mul(x3, x2)), exp(x1)), aq(add(x2, add(mul(a, x2), mul(x2, a))), x1)))))
GPU5 stages: candidates=2500 pre_s=23.218 cheap_candidates=1828 cheap_unique=1824 cheap_s=41.353/40.000 cheap_rejected=288 cheap_a_min=-0.487896236813 cheap_a_p50=0.00030179832809 cheap_a_p95=3.7733889781 cheap_a_max=13696.898218 exact_a_gate=0.15 exact_provisional_penalty=3928.17976309 exact_candidates=1540 exact_unique=1536 full_exact_enabled=1 exact_capacity=1200 exact_waves=134 exact_scheduled=1200 exact_deferred=309 exact_wave=1200/1200 exact_queue_depth=0 exact_pending_instances=309 exact_s=207.481 exact_ok=1200 exact_margin_max=573.855511035 exact_scan_mean_s=0.041 exact_bisect_mean_s=0.004 exact_polish_mean_s=0.263 exact_final_mean_s=0.008 exact_margin_abs_b_max=nan cache_hits=0 cache_misses=0 cache_waits=0
555	2500 	525.774	687.886    	1043.41    	181.609	34 	117.344	214	51.9273
Best individuals of this generation:
add(mul(x1, aq(x1, add(add(x1, a), x3))), mul(mul(sub(add(mul(x2, mul(aq(x2, add(a, x2)), x2)), exp(mul(sin(x4), x4))), mul(x3, sub(x2, x1))), aq(add(exp(a), add(x2, x1)), a)), add(add(mul(x3, add(add(x3, x1), x2)), add(x2, mul(mul(sub(add(mul(x2, mul(add(add(x3, x1), x2), x2)), exp(x1)), mul(x3, sub(x2, x4))), aq(add(x2, x1), x1)), add(exp(a), add(x2, aq(x2, x1)))))), add(add(mul(add(mul(aq(x2, x1), add(exp(a), add(x2, sin(aq(x2, add(x1, x4)))))), x1), mul(x3, x2)), exp(x1)), aq(add(x2, add(mul(a, x2), mul(x2, a))), x1)))))
GPU5 stages: candidates=2500 pre_s=23.022 cheap_candidates=1863 cheap_unique=1862 cheap_s=41.626/40.000 cheap_rejected=318 cheap_a_min=-0.479893870679 cheap_a_p50=0.000357406911738 cheap_a_p95=4.1937881584 cheap_a_max=1238.35146729 exact_a_gate=0.15 exact_provisional_penalty=3928.17976309 exact_candidates=1545 exact_unique=1544 full_exact_enabled=1 exact_capacity=1200 exact_waves=134 exact_scheduled=1200 exact_deferred=317 exact_wave=1200/1200 exact_queue_depth=0 exact_pending_instances=317 exact_s=217.559 exact_ok=1200 exact_margin_max=23.1372455169 exact_scan_mean_s=0.042 exact_bisect_mean_s=0.003 exact_polish_mean_s=0.274 exact_final_mean_s=0.008 exact_margin_abs_b_max=nan cache_hits=0 cache_misses=0 cache_waits=0
556	2500 	525.774	687.531    	1043.4     	181.646	34 	116.887	214	51.4092
Best individuals of this generation:
add(mul(x1, aq(x1, add(add(x1, a), x3))), mul(mul(sub(add(mul(x2, mul(aq(x2, add(a, x2)), x2)), exp(mul(sin(x4), x4))), mul(x3, sub(x2, x1))), aq(add(exp(a), add(x2, x1)), a)), add(add(mul(x3, add(add(x3, x1), x2)), add(x2, mul(mul(sub(add(mul(x2, mul(add(add(x3, x1), x2), x2)), exp(x1)), mul(x3, sub(x2, x4))), aq(add(x2, x1), x1)), add(exp(a), add(x2, aq(x2, x1)))))), add(add(mul(add(mul(aq(x2, x1), add(exp(a), add(x2, sin(aq(x2, add(x1, x4)))))), x1), mul(x3, x2)), exp(x1)), aq(add(x2, add(mul(a, x2), mul(x2, a))), x1)))))
GPU5 stages: candidates=2500 pre_s=23.325 cheap_candidates=1842 cheap_unique=1841 cheap_s=40.269/40.000 cheap_rejected=267 cheap_a_min=-0.309264690125 cheap_a_p50=0.000208787815314 cheap_a_p95=3.18206518817 cheap_a_max=1797.83479213 exact_a_gate=0.15 exact_provisional_penalty=3928.17976309 exact_candidates=1575 exact_unique=1574 full_exact_enabled=1 exact_capacity=1200 exact_waves=134 exact_scheduled=1200 exact_deferred=352 exact_wave=1200/1200 exact_queue_depth=0 exact_pending_instances=352 exact_s=211.280 exact_ok=1200 exact_margin_max=1188.01334501 exact_scan_mean_s=0.041 exact_bisect_mean_s=0.002 exact_polish_mean_s=0.269 exact_final_mean_s=0.012 exact_margin_abs_b_max=nan cache_hits=0 cache_misses=0 cache_waits=0
557	2500 	525.774	687.198    	1043.4     	181.68 	34 	116.686	214	51.1981
Best individuals of this generation:
add(mul(x1, aq(x1, add(add(x1, a), x3))), mul(mul(sub(add(mul(x2, mul(aq(x2, add(a, x2)), x2)), exp(mul(sin(x4), x4))), mul(x3, sub(x2, x1))), aq(add(exp(a), add(x2, x1)), a)), add(add(mul(x3, add(add(x3, x1), x2)), add(x2, mul(mul(sub(add(mul(x2, mul(add(add(x3, x1), x2), x2)), exp(x1)), mul(x3, sub(x2, x4))), aq(add(x2, x1), x1)), add(exp(a), add(x2, aq(x2, x1)))))), add(add(mul(add(mul(aq(x2, x1), add(exp(a), add(x2, sin(aq(x2, add(x1, x4)))))), x1), mul(x3, x2)), exp(x1)), aq(add(x2, add(mul(a, x2), mul(x2, a))), x1)))))
GPU5 stages: candidates=2500 pre_s=23.258 cheap_candidates=1859 cheap_unique=1858 cheap_s=41.983/40.000 cheap_rejected=316 cheap_a_min=-0.353853344781 cheap_a_p50=0.000447746805875 cheap_a_p95=5.92924024014 cheap_a_max=18018.6507087 exact_a_gate=0.15 exact_provisional_penalty=3928.17976309 exact_candidates=1543 exact_unique=1542 full_exact_enabled=1 exact_capacity=1200 exact_waves=134 exact_scheduled=1200 exact_deferred=312 exact_wave=1200/1200 exact_queue_depth=0 exact_pending_instances=312 exact_s=208.005 exact_ok=1200 exact_margin_max=22.9299091323 exact_scan_mean_s=0.042 exact_bisect_mean_s=0.003 exact_polish_mean_s=0.258 exact_final_mean_s=0.011 exact_margin_abs_b_max=nan cache_hits=0 cache_misses=0 cache_waits=0
558	2500 	525.774	686.849    	1043.4     	181.715	34 	117.13 	214	51.3396
Best individuals of this generation:
add(mul(x1, aq(x1, add(add(x1, a), x3))), mul(mul(sub(add(mul(x2, mul(aq(x2, add(a, x2)), x2)), exp(mul(sin(x4), x4))), mul(x3, sub(x2, x1))), aq(add(exp(a), add(x2, x1)), a)), add(add(mul(x3, add(add(x3, x1), x2)), add(x2, mul(mul(sub(add(mul(x2, mul(add(add(x3, x1), x2), x2)), exp(x1)), mul(x3, sub(x2, x4))), aq(add(x2, x1), x1)), add(exp(a), add(x2, aq(x2, x1)))))), add(add(mul(add(mul(aq(x2, x1), add(exp(a), add(x2, sin(aq(x2, add(x1, x4)))))), x1), mul(x3, x2)), exp(x1)), aq(add(x2, add(mul(a, x2), mul(x2, a))), x1)))))
GPU5 stages: candidates=2500 pre_s=22.887 cheap_candidates=1827 cheap_unique=1827 cheap_s=40.000/40.000 cheap_rejected=309 cheap_a_min=-0.208181735943 cheap_a_p50=0.000448862131614 cheap_a_p95=6.99130599793 cheap_a_max=4148.16531131 exact_a_gate=0.15 exact_provisional_penalty=3928.17976309 exact_candidates=1518 exact_unique=1518 full_exact_enabled=1 exact_capacity=1200 exact_waves=134 exact_scheduled=1200 exact_deferred=289 exact_wave=1200/1200 exact_queue_depth=0 exact_pending_instances=289 exact_s=220.106 exact_ok=1200 exact_margin_max=6.05012518332 exact_scan_mean_s=0.041 exact_bisect_mean_s=0.004 exact_polish_mean_s=0.278 exact_final_mean_s=0.007 exact_margin_abs_b_max=nan cache_hits=0 cache_misses=0 cache_waits=0
559	2500 	525.774	686.678    	1043.37    	181.735	34 	116.995	214	51.1207
Best individuals of this generation:
add(mul(x1, aq(x1, add(add(x1, a), x3))), mul(mul(sub(add(mul(x2, mul(aq(x2, add(a, x2)), x2)), exp(mul(sin(x4), x4))), mul(x3, sub(x2, x1))), aq(add(exp(a), add(x2, x1)), a)), add(add(mul(x3, add(add(x3, x1), x2)), add(x2, mul(mul(sub(add(mul(x2, mul(add(add(x3, x1), x2), x2)), exp(x1)), mul(x3, sub(x2, x4))), aq(add(x2, x1), x1)), add(exp(a), add(x2, aq(x2, x1)))))), add(add(mul(add(mul(aq(x2, x1), add(exp(a), add(x2, sin(aq(x2, add(x1, x4)))))), x1), mul(x3, x2)), exp(x1)), aq(add(x2, add(mul(a, x2), mul(x2, a))), x1)))))
GPU5 stages: candidates=2500 pre_s=23.048 cheap_candidates=1835 cheap_unique=1834 cheap_s=40.764/40.000 cheap_rejected=311 cheap_a_min=-0.174112531838 cheap_a_p50=0.000409492780014 cheap_a_p95=6.12858611605 cheap_a_max=7480.08708243 exact_a_gate=0.15 exact_provisional_penalty=3928.17976309 exact_candidates=1524 exact_unique=1523 full_exact_enabled=1 exact_capacity=1200 exact_waves=134 exact_scheduled=1200 exact_deferred=303 exact_wave=1200/1200 exact_queue_depth=0 exact_pending_instances=303 exact_s=217.404 exact_ok=1200 exact_margin_max=33.952162183 exact_scan_mean_s=0.042 exact_bisect_mean_s=0.003 exact_polish_mean_s=0.270 exact_final_mean_s=0.010 exact_margin_abs_b_max=nan cache_hits=0 cache_misses=0 cache_waits=0
560	2500 	525.774	686.621    	1043.34    	181.744	34 	116.854	214	50.9601
Best individuals of this generation:
add(mul(x1, aq(x1, add(add(x1, a), x3))), mul(mul(sub(add(mul(x2, mul(aq(x2, add(a, x2)), x2)), exp(mul(sin(x4), x4))), mul(x3, sub(x2, x1))), aq(add(exp(a), add(x2, x1)), a)), add(add(mul(x3, add(add(x3, x1), x2)), add(x2, mul(mul(sub(add(mul(x2, mul(add(add(x3, x1), x2), x2)), exp(x1)), mul(x3, sub(x2, x4))), aq(add(x2, x1), x1)), add(exp(a), add(x2, aq(x2, x1)))))), add(add(mul(add(mul(aq(x2, x1), add(exp(a), add(x2, sin(aq(x2, add(x1, x4)))))), x1), mul(x3, x2)), exp(x1)), aq(add(x2, add(mul(a, x2), mul(x2, a))), x1)))))
GPU5 stages: candidates=2500 pre_s=23.102 cheap_candidates=1853 cheap_unique=1852 cheap_s=41.614/40.000 cheap_rejected=314 cheap_a_min=-0.559111692436 cheap_a_p50=0.000425957795141 cheap_a_p95=3.59734650831 cheap_a_max=2101.3957587 exact_a_gate=0.15 exact_provisional_penalty=3928.17976309 exact_candidates=1539 exact_unique=1538 full_exact_enabled=1 exact_capacity=1200 exact_waves=134 exact_scheduled=1200 exact_deferred=312 exact_wave=1200/1200 exact_queue_depth=0 exact_pending_instances=312 exact_s=217.589 exact_ok=1200 exact_margin_max=77.5414194486 exact_scan_mean_s=0.042 exact_bisect_mean_s=0.004 exact_polish_mean_s=0.269 exact_final_mean_s=0.013 exact_margin_abs_b_max=nan cache_hits=0 cache_misses=0 cache_waits=0
561	2500 	525.774	686.552    	1043.34    	181.756	34 	116.592	214	50.6876
Best individuals of this generation:
add(mul(x1, aq(x1, add(add(x1, a), x3))), mul(mul(sub(add(mul(x2, mul(aq(x2, add(a, x2)), x2)), exp(mul(sin(x4), x4))), mul(x3, sub(x2, x1))), aq(add(exp(a), add(x2, x1)), a)), add(add(mul(x3, add(add(x3, x1), x2)), add(x2, mul(mul(sub(add(mul(x2, mul(add(add(x3, x1), x2), x2)), exp(x1)), mul(x3, sub(x2, x4))), aq(add(x2, x1), x1)), add(exp(a), add(x2, aq(x2, x1)))))), add(add(mul(add(mul(aq(x2, x1), add(exp(a), add(x2, sin(aq(x2, add(x1, x4)))))), x1), mul(x3, x2)), exp(x1)), aq(add(x2, add(mul(a, x2), mul(x2, a))), x1)))))
GPU5 stages: candidates=2500 pre_s=23.172 cheap_candidates=1820 cheap_unique=1820 cheap_s=38.948/40.000 cheap_rejected=283 cheap_a_min=-0.371147400461 cheap_a_p50=0.000219598603217 cheap_a_p95=2.64195774037 cheap_a_max=2846.84579127 exact_a_gate=0.15 exact_provisional_penalty=3928.17976309 exact_candidates=1537 exact_unique=1537 full_exact_enabled=1 exact_capacity=1200 exact_waves=134 exact_scheduled=1200 exact_deferred=310 exact_wave=1200/1200 exact_queue_depth=0 exact_pending_instances=310 exact_s=221.434 exact_ok=1200 exact_margin_max=108.465915835 exact_scan_mean_s=0.041 exact_bisect_mean_s=0.004 exact_polish_mean_s=0.273 exact_final_mean_s=0.008 exact_margin_abs_b_max=nan cache_hits=0 cache_misses=0 cache_waits=0
562	2500 	525.774	686.482    	1043.33    	181.768	34 	116.369	214	50.4097
Best individuals of this generation:
add(mul(x1, aq(x1, add(add(x1, a), x3))), mul(mul(sub(add(mul(x2, mul(aq(x2, add(a, x2)), x2)), exp(mul(sin(x4), x4))), mul(x3, sub(x2, x1))), aq(add(exp(a), add(x2, x1)), a)), add(add(mul(x3, add(add(x3, x1), x2)), add(x2, mul(mul(sub(add(mul(x2, mul(add(add(x3, x1), x2), x2)), exp(x1)), mul(x3, sub(x2, x4))), aq(add(x2, x1), x1)), add(exp(a), add(x2, aq(x2, x1)))))), add(add(mul(add(mul(aq(x2, x1), add(exp(a), add(x2, sin(aq(x2, add(x1, x4)))))), x1), mul(x3, x2)), exp(x1)), aq(add(x2, add(mul(a, x2), mul(x2, a))), x1)))))
GPU5 stages: candidates=2500 pre_s=23.035 cheap_candidates=1853 cheap_unique=1851 cheap_s=40.306/40.000 cheap_rejected=298 cheap_a_min=-0.442617595899 cheap_a_p50=0.000269991243552 cheap_a_p95=4.19590128294 cheap_a_max=16921.6421895 exact_a_gate=0.15 exact_provisional_penalty=3928.17976309 exact_candidates=1555 exact_unique=1553 full_exact_enabled=1 exact_capacity=1200 exact_waves=134 exact_scheduled=1200 exact_deferred=333 exact_wave=1200/1200 exact_queue_depth=0 exact_pending_instances=333 exact_s=215.770 exact_ok=1200 exact_margin_max=1240.98098098 exact_scan_mean_s=0.041 exact_bisect_mean_s=0.002 exact_polish_mean_s=0.263 exact_final_mean_s=0.010 exact_margin_abs_b_max=nan cache_hits=0 cache_misses=0 cache_waits=0
563	2500 	525.774	686.39     	1043.32    	181.781	34 	116.156	214	50.1435
Best individuals of this generation:
add(mul(x1, aq(x1, add(add(x1, a), x3))), mul(mul(sub(add(mul(x2, mul(aq(x2, add(a, x2)), x2)), exp(mul(sin(x4), x4))), mul(x3, sub(x2, x1))), aq(add(exp(a), add(x2, x1)), a)), add(add(mul(x3, add(add(x3, x1), x2)), add(x2, mul(mul(sub(add(mul(x2, mul(add(add(x3, x1), x2), x2)), exp(x1)), mul(x3, sub(x2, x4))), aq(add(x2, x1), x1)), add(exp(a), add(x2, aq(x2, x1)))))), add(add(mul(add(mul(aq(x2, x1), add(exp(a), add(x2, sin(aq(x2, add(x1, x4)))))), x1), mul(x3, x2)), exp(x1)), aq(add(x2, add(mul(a, x2), mul(x2, a))), x1)))))
GPU5 stages: candidates=2500 pre_s=23.017 cheap_candidates=1821 cheap_unique=1820 cheap_s=38.876/40.000 cheap_rejected=304 cheap_a_min=-0.287160808436 cheap_a_p50=0.000420694821046 cheap_a_p95=4.38037329675 cheap_a_max=4731.90498965 exact_a_gate=0.15 exact_provisional_penalty=3928.17976309 exact_candidates=1517 exact_unique=1516 full_exact_enabled=1 exact_capacity=1200 exact_waves=134 exact_scheduled=1200 exact_deferred=292 exact_wave=1200/1200 exact_queue_depth=0 exact_pending_instances=292 exact_s=225.258 exact_ok=1200 exact_margin_max=94.7008484918 exact_scan_mean_s=0.041 exact_bisect_mean_s=0.003 exact_polish_mean_s=0.277 exact_final_mean_s=0.011 exact_margin_abs_b_max=nan cache_hits=0 cache_misses=0 cache_waits=0
564	2500 	525.774	686.317    	1043.31    	181.794	34 	115.92 	214	49.9037
Best individuals of this generation:
add(mul(x1, aq(x1, add(add(x1, a), x3))), mul(mul(sub(add(mul(x2, mul(aq(x2, add(a, x2)), x2)), exp(mul(sin(x4), x4))), mul(x3, sub(x2, x1))), aq(add(exp(a), add(x2, x1)), a)), add(add(mul(x3, add(add(x3, x1), x2)), add(x2, mul(mul(sub(add(mul(x2, mul(add(add(x3, x1), x2), x2)), exp(x1)), mul(x3, sub(x2, x4))), aq(add(x2, x1), x1)), add(exp(a), add(x2, aq(x2, x1)))))), add(add(mul(add(mul(aq(x2, x1), add(exp(a), add(x2, sin(aq(x2, add(x1, x4)))))), x1), mul(x3, x2)), exp(x1)), aq(add(x2, add(mul(a, x2), mul(x2, a))), x1)))))
GPU5 stages: candidates=2500 pre_s=23.021 cheap_candidates=1852 cheap_unique=1852 cheap_s=41.038/40.000 cheap_rejected=319 cheap_a_min=-0.243066518737 cheap_a_p50=0.000444344231459 cheap_a_p95=4.18588807081 cheap_a_max=3146.7521337 exact_a_gate=0.15 exact_provisional_penalty=3928.17976309 exact_candidates=1533 exact_unique=1533 full_exact_enabled=1 exact_capacity=1200 exact_waves=134 exact_scheduled=1200 exact_deferred=309 exact_wave=1200/1200 exact_queue_depth=0 exact_pending_instances=309 exact_s=223.671 exact_ok=1200 exact_margin_max=1155.9452026 exact_scan_mean_s=0.041 exact_bisect_mean_s=0.004 exact_polish_mean_s=0.282 exact_final_mean_s=0.008 exact_margin_abs_b_max=nan cache_hits=0 cache_misses=0 cache_waits=0
565	2500 	525.774	686.237    	1043.31    	181.811	34 	115.722	214	49.6508
Best individuals of this generation:
add(mul(x1, aq(x1, add(add(x1, a), x3))), mul(mul(sub(add(mul(x2, mul(aq(x2, add(a, x2)), x2)), exp(mul(sin(x4), x4))), mul(x3, sub(x2, x1))), aq(add(exp(a), add(x2, x1)), a)), add(add(mul(x3, add(add(x3, x1), x2)), add(x2, mul(mul(sub(add(mul(x2, mul(add(add(x3, x1), x2), x2)), exp(x1)), mul(x3, sub(x2, x4))), aq(add(x2, x1), x1)), add(exp(a), add(x2, aq(x2, x1)))))), add(add(mul(add(mul(aq(x2, x1), add(exp(a), add(x2, sin(aq(x2, add(x1, x4)))))), x1), mul(x3, x2)), exp(x1)), aq(add(x2, add(mul(a, x2), mul(x2, a))), x1)))))
GPU5 stages: candidates=2500 pre_s=23.086 cheap_candidates=1816 cheap_unique=1813 cheap_s=39.633/40.000 cheap_rejected=287 cheap_a_min=-0.200465100079 cheap_a_p50=0.000281120738947 cheap_a_p95=4.07801255363 cheap_a_max=10341.500385 exact_a_gate=0.15 exact_provisional_penalty=3928.17976309 exact_candidates=1529 exact_unique=1526 full_exact_enabled=1 exact_capacity=1200 exact_waves=134 exact_scheduled=1200 exact_deferred=290 exact_wave=1200/1200 exact_queue_depth=0 exact_pending_instances=290 exact_s=216.074 exact_ok=1200 exact_margin_max=17.0047601106 exact_scan_mean_s=0.043 exact_bisect_mean_s=0.003 exact_polish_mean_s=0.271 exact_final_mean_s=0.011 exact_margin_abs_b_max=nan cache_hits=0 cache_misses=0 cache_waits=0
566	2500 	525.774	686.149    	1043.29    	181.825	34 	115.464	214	49.3911
Best individuals of this generation:
add(mul(x1, aq(x1, add(add(x1, a), x3))), mul(mul(sub(add(mul(x2, mul(aq(x2, add(a, x2)), x2)), exp(mul(sin(x4), x4))), mul(x3, sub(x2, x1))), aq(add(exp(a), add(x2, x1)), a)), add(add(mul(x3, add(add(x3, x1), x2)), add(x2, mul(mul(sub(add(mul(x2, mul(add(add(x3, x1), x2), x2)), exp(x1)), mul(x3, sub(x2, x4))), aq(add(x2, x1), x1)), add(exp(a), add(x2, aq(x2, x1)))))), add(add(mul(add(mul(aq(x2, x1), add(exp(a), add(x2, sin(aq(x2, add(x1, x4)))))), x1), mul(x3, x2)), exp(x1)), aq(add(x2, add(mul(a, x2), mul(x2, a))), x1)))))
GPU5 stages: candidates=2500 pre_s=23.129 cheap_candidates=1858 cheap_unique=1854 cheap_s=39.698/40.000 cheap_rejected=310 cheap_a_min=-0.244895836931 cheap_a_p50=0.000337338687783 cheap_a_p95=3.38151425307 cheap_a_max=7995.15842647 exact_a_gate=0.15 exact_provisional_penalty=3928.17976309 exact_candidates=1548 exact_unique=1544 full_exact_enabled=1 exact_capacity=1200 exact_waves=134 exact_scheduled=1200 exact_deferred=320 exact_wave=1200/1200 exact_queue_depth=0 exact_pending_instances=320 exact_s=217.060 exact_ok=1200 exact_margin_max=690.47919196 exact_scan_mean_s=0.042 exact_bisect_mean_s=0.003 exact_polish_mean_s=0.271 exact_final_mean_s=0.007 exact_margin_abs_b_max=nan cache_hits=0 cache_misses=0 cache_waits=0
567	2500 	525.774	686.096    	1043.29    	181.836	34 	115.26 	214	49.2118
Best individuals of this generation:
add(mul(x1, aq(x1, add(add(x1, a), x3))), mul(mul(sub(add(mul(x2, mul(aq(x2, add(a, x2)), x2)), exp(mul(sin(x4), x4))), mul(x3, sub(x2, x1))), aq(add(exp(a), add(x2, x1)), a)), add(add(mul(x3, add(add(x3, x1), x2)), add(x2, mul(mul(sub(add(mul(x2, mul(add(add(x3, x1), x2), x2)), exp(x1)), mul(x3, sub(x2, x4))), aq(add(x2, x1), x1)), add(exp(a), add(x2, aq(x2, x1)))))), add(add(mul(add(mul(aq(x2, x1), add(exp(a), add(x2, sin(aq(x2, add(x1, x4)))))), x1), mul(x3, x2)), exp(x1)), aq(add(x2, add(mul(a, x2), mul(x2, a))), x1)))))
GPU5 stages: candidates=2500 pre_s=23.008 cheap_candidates=1834 cheap_unique=1833 cheap_s=38.906/40.000 cheap_rejected=287 cheap_a_min=-0.407106591445 cheap_a_p50=0.000447834816964 cheap_a_p95=4.15526137886 cheap_a_max=2964.2222272 exact_a_gate=0.15 exact_provisional_penalty=3928.17976309 exact_candidates=1547 exact_unique=1546 full_exact_enabled=1 exact_capacity=1200 exact_waves=134 exact_scheduled=1200 exact_deferred=311 exact_wave=1200/1200 exact_queue_depth=0 exact_pending_instances=311 exact_s=215.936 exact_ok=1200 exact_margin_max=511.985135124 exact_scan_mean_s=0.042 exact_bisect_mean_s=0.005 exact_polish_mean_s=0.271 exact_final_mean_s=0.006 exact_margin_abs_b_max=nan cache_hits=0 cache_misses=0 cache_waits=0
568	2500 	525.774	686.007    	1043.27    	181.85 	34 	115.02 	214	48.9076
Best individuals of this generation:
add(mul(x1, aq(x1, add(add(x1, a), x3))), mul(mul(sub(add(mul(x2, mul(aq(x2, add(a, x2)), x2)), exp(mul(sin(x4), x4))), mul(x3, sub(x2, x1))), aq(add(exp(a), add(x2, x1)), a)), add(add(mul(x3, add(add(x3, x1), x2)), add(x2, mul(mul(sub(add(mul(x2, mul(add(add(x3, x1), x2), x2)), exp(x1)), mul(x3, sub(x2, x4))), aq(add(x2, x1), x1)), add(exp(a), add(x2, aq(x2, x1)))))), add(add(mul(add(mul(aq(x2, x1), add(exp(a), add(x2, sin(aq(x2, add(x1, x4)))))), x1), mul(x3, x2)), exp(x1)), aq(add(x2, add(mul(a, x2), mul(x2, a))), x1)))))
GPU5 stages: candidates=2500 pre_s=23.037 cheap_candidates=1809 cheap_unique=1807 cheap_s=39.315/40.000 cheap_rejected=301 cheap_a_min=-0.449427968052 cheap_a_p50=0.000673667063541 cheap_a_p95=4.21882372769 cheap_a_max=8659.85571187 exact_a_gate=0.15 exact_provisional_penalty=3928.17976309 exact_candidates=1508 exact_unique=1506 full_exact_enabled=1 exact_capacity=1200 exact_waves=134 exact_scheduled=1200 exact_deferred=288 exact_wave=1200/1200 exact_queue_depth=0 exact_pending_instances=288 exact_s=214.430 exact_ok=1200 exact_margin_max=1140.37133902 exact_scan_mean_s=0.041 exact_bisect_mean_s=0.004 exact_polish_mean_s=0.281 exact_final_mean_s=0.008 exact_margin_abs_b_max=nan cache_hits=0 cache_misses=0 cache_waits=0
569	2500 	525.774	685.935    	1043.26    	181.86 	34 	114.805	214	48.6555
Best individuals of this generation:
add(mul(x1, aq(x1, add(add(x1, a), x3))), mul(mul(sub(add(mul(x2, mul(aq(x2, add(a, x2)), x2)), exp(mul(sin(x4), x4))), mul(x3, sub(x2, x1))), aq(add(exp(a), add(x2, x1)), a)), add(add(mul(x3, add(add(x3, x1), x2)), add(x2, mul(mul(sub(add(mul(x2, mul(add(add(x3, x1), x2), x2)), exp(x1)), mul(x3, sub(x2, x4))), aq(add(x2, x1), x1)), add(exp(a), add(x2, aq(x2, x1)))))), add(add(mul(add(mul(aq(x2, x1), add(exp(a), add(x2, sin(aq(x2, add(x1, x4)))))), x1), mul(x3, x2)), exp(x1)), aq(add(x2, add(mul(a, x2), mul(x2, a))), x1)))))
GPU5 stages: candidates=2500 pre_s=23.167 cheap_candidates=1881 cheap_unique=1878 cheap_s=40.659/40.000 cheap_rejected=296 cheap_a_min=-0.193528446735 cheap_a_p50=0.000410198026305 cheap_a_p95=3.65469644066 cheap_a_max=1182.35816533 exact_a_gate=0.15 exact_provisional_penalty=3928.17976309 exact_candidates=1585 exact_unique=1582 full_exact_enabled=1 exact_capacity=1200 exact_waves=134 exact_scheduled=1200 exact_deferred=352 exact_wave=1200/1200 exact_queue_depth=0 exact_pending_instances=352 exact_s=213.731 exact_ok=1200 exact_margin_max=91.3524916447 exact_scan_mean_s=0.042 exact_bisect_mean_s=0.005 exact_polish_mean_s=0.274 exact_final_mean_s=0.008 exact_margin_abs_b_max=nan cache_hits=0 cache_misses=0 cache_waits=0
570	2500 	525.774	685.78     	1043.26    	181.884	34 	114.572	214	48.296 
Best individuals of this generation:
add(mul(x1, aq(x1, add(add(x1, a), x3))), mul(mul(sub(add(mul(x2, mul(aq(x2, add(a, x2)), x2)), exp(mul(sin(x4), x4))), mul(x3, sub(x2, x1))), aq(add(exp(a), add(x2, x1)), a)), add(add(mul(x3, add(add(x3, x1), x2)), add(x2, mul(mul(sub(add(mul(x2, mul(add(add(x3, x1), x2), x2)), exp(x1)), mul(x3, sub(x2, x4))), aq(add(x2, x1), x1)), add(exp(a), add(x2, aq(x2, x1)))))), add(add(mul(add(mul(aq(x2, x1), add(exp(a), add(x2, sin(aq(x2, add(x1, x4)))))), x1), mul(x3, x2)), exp(x1)), aq(add(x2, add(mul(a, x2), mul(x2, a))), x1)))))
GPU5 stages: candidates=2500 pre_s=22.923 cheap_candidates=1815 cheap_unique=1810 cheap_s=39.340/40.000 cheap_rejected=286 cheap_a_min=-0.209778114431 cheap_a_p50=0.000448730406176 cheap_a_p95=3.55202157971 cheap_a_max=4669.18511858 exact_a_gate=0.15 exact_provisional_penalty=3928.17976309 exact_candidates=1529 exact_unique=1524 full_exact_enabled=1 exact_capacity=1200 exact_waves=134 exact_scheduled=1200 exact_deferred=303 exact_wave=1200/1200 exact_queue_depth=0 exact_pending_instances=305 exact_s=215.156 exact_ok=1200 exact_margin_max=54.8149945281 exact_scan_mean_s=0.044 exact_bisect_mean_s=0.005 exact_polish_mean_s=0.274 exact_final_mean_s=0.015 exact_margin_abs_b_max=nan cache_hits=0 cache_misses=0 cache_waits=0
571	2500 	525.774	685.675    	1043.24    	181.9  	34 	114.37 	214	48.0212
Best individuals of this generation:
add(mul(x1, aq(x1, add(add(x1, a), x3))), mul(mul(sub(add(mul(x2, mul(aq(x2, add(a, x2)), x2)), exp(mul(sin(x4), x4))), mul(x3, sub(x2, x1))), aq(add(exp(a), add(x2, x1)), a)), add(add(mul(x3, add(add(x3, x1), x2)), add(x2, mul(mul(sub(add(mul(x2, mul(add(add(x3, x1), x2), x2)), exp(x1)), mul(x3, sub(x2, x4))), aq(add(x2, x1), x1)), add(exp(a), add(x2, aq(x2, x1)))))), add(add(mul(add(mul(aq(x2, x1), add(exp(a), add(x2, sin(aq(x2, add(x1, x4)))))), x1), mul(x3, x2)), exp(x1)), aq(add(x2, add(mul(a, x2), mul(x2, a))), x1)))))
GPU5 stages: candidates=2500 pre_s=22.850 cheap_candidates=1805 cheap_unique=1804 cheap_s=40.236/40.000 cheap_rejected=297 cheap_a_min=-0.261312722143 cheap_a_p50=0.000500642254511 cheap_a_p95=3.87416860359 cheap_a_max=3116.20720991 exact_a_gate=0.15 exact_provisional_penalty=5996.95313382 exact_candidates=1508 exact_unique=1507 full_exact_enabled=1 exact_capacity=1200 exact_waves=134 exact_scheduled=1200 exact_deferred=285 exact_wave=1200/1200 exact_queue_depth=0 exact_pending_instances=285 exact_s=217.107 exact_ok=1200 exact_margin_max=56.3117239736 exact_scan_mean_s=0.043 exact_bisect_mean_s=0.005 exact_polish_mean_s=0.273 exact_final_mean_s=0.013 exact_margin_abs_b_max=nan cache_hits=0 cache_misses=0 cache_waits=0
572	2500 	525.774	685.578    	1043.23    	181.914	34 	114.154	214	47.78  
Best individuals of this generation:
add(mul(x1, aq(x1, add(add(x1, a), x3))), mul(mul(sub(add(mul(x2, mul(aq(x2, add(a, x2)), x2)), exp(mul(sin(x4), x4))), mul(x3, sub(x2, x1))), aq(add(exp(a), add(x2, x1)), a)), add(add(mul(x3, add(add(x3, x1), x2)), add(x2, mul(mul(sub(add(mul(x2, mul(add(add(x3, x1), x2), x2)), exp(x1)), mul(x3, sub(x2, x4))), aq(add(x2, x1), x1)), add(exp(a), add(x2, aq(x2, x1)))))), add(add(mul(add(mul(aq(x2, x1), add(exp(a), add(x2, sin(aq(x2, add(x1, x4)))))), x1), mul(x3, x2)), exp(x1)), aq(add(x2, add(mul(a, x2), mul(x2, a))), x1)))))
GPU5 stages: candidates=2500 pre_s=22.782 cheap_candidates=1828 cheap_unique=1822 cheap_s=39.770/40.000 cheap_rejected=319 cheap_a_min=-0.333411492486 cheap_a_p50=0.000448096494872 cheap_a_p95=4.3246608992 cheap_a_max=3924.45657261 exact_a_gate=0.15 exact_provisional_penalty=3928.17976309 exact_candidates=1509 exact_unique=1503 full_exact_enabled=1 exact_capacity=1200 exact_waves=134 exact_scheduled=1200 exact_deferred=279 exact_wave=1200/1200 exact_queue_depth=0 exact_pending_instances=279 exact_s=222.858 exact_ok=1200 exact_margin_max=30.6988711614 exact_scan_mean_s=0.041 exact_bisect_mean_s=0.005 exact_polish_mean_s=0.279 exact_final_mean_s=0.009 exact_margin_abs_b_max=nan cache_hits=0 cache_misses=0 cache_waits=0
573	2500 	525.774	685.442    	1043.21    	181.933	34 	113.994	214	47.5409
Best individuals of this generation:
add(mul(x1, aq(x1, add(add(x1, a), x3))), mul(mul(sub(add(mul(x2, mul(aq(x2, add(a, x2)), x2)), exp(mul(sin(x4), x4))), mul(x3, sub(x2, x1))), aq(add(exp(a), add(x2, x1)), a)), add(add(mul(x3, add(add(x3, x1), x2)), add(x2, mul(mul(sub(add(mul(x2, mul(add(add(x3, x1), x2), x2)), exp(x1)), mul(x3, sub(x2, x4))), aq(add(x2, x1), x1)), add(exp(a), add(x2, aq(x2, x1)))))), add(add(mul(add(mul(aq(x2, x1), add(exp(a), add(x2, sin(aq(x2, add(x1, x4)))))), x1), mul(x3, x2)), exp(x1)), aq(add(x2, add(mul(a, x2), mul(x2, a))), x1)))))
GPU5 stages: candidates=2500 pre_s=23.053 cheap_candidates=1870 cheap_unique=1869 cheap_s=41.375/40.000 cheap_rejected=370 cheap_a_min=-27.7786346301 cheap_a_p50=0.000792805631124 cheap_a_p95=3.45324679386 cheap_a_max=7553.63444626 exact_a_gate=0.15 exact_provisional_penalty=3928.17976309 exact_candidates=1500 exact_unique=1499 full_exact_enabled=1 exact_capacity=1200 exact_waves=134 exact_scheduled=1200 exact_deferred=280 exact_wave=1200/1200 exact_queue_depth=0 exact_pending_instances=280 exact_s=221.155 exact_ok=1200 exact_margin_max=2927.07816275 exact_scan_mean_s=0.041 exact_bisect_mean_s=0.005 exact_polish_mean_s=0.284 exact_final_mean_s=0.010 exact_margin_abs_b_max=nan cache_hits=0 cache_misses=0 cache_waits=0
574	2500 	525.774	685.283    	1043.21    	181.961	34 	113.912	214	47.3537
Best individuals of this generation:
add(mul(x1, aq(x1, add(add(x1, a), x3))), mul(mul(sub(add(mul(x2, mul(aq(x2, add(a, x2)), x2)), exp(mul(sin(x4), x4))), mul(x3, sub(x2, x1))), aq(add(exp(a), add(x2, x1)), a)), add(add(mul(x3, add(add(x3, x1), x2)), add(x2, mul(mul(sub(add(mul(x2, mul(add(add(x3, x1), x2), x2)), exp(x1)), mul(x3, sub(x2, x4))), aq(add(x2, x1), x1)), add(exp(a), add(x2, aq(x2, x1)))))), add(add(mul(add(mul(aq(x2, x1), add(exp(a), add(x2, sin(aq(x2, add(x1, x4)))))), x1), mul(x3, x2)), exp(x1)), aq(add(x2, add(mul(a, x2), mul(x2, a))), x1)))))
GPU5 stages: candidates=2500 pre_s=23.021 cheap_candidates=1892 cheap_unique=1889 cheap_s=42.260/40.000 cheap_rejected=327 cheap_a_min=-0.681013989438 cheap_a_p50=0.000405962297349 cheap_a_p95=4.96800010683 cheap_a_max=669.347294635 exact_a_gate=0.15 exact_provisional_penalty=16986.246113 exact_candidates=1565 exact_unique=1562 full_exact_enabled=1 exact_capacity=1200 exact_waves=134 exact_scheduled=1200 exact_deferred=330 exact_wave=1200/1200 exact_queue_depth=0 exact_pending_instances=331 exact_s=211.102 exact_ok=1200 exact_margin_max=23.6144645511 exact_scan_mean_s=0.042 exact_bisect_mean_s=0.002 exact_polish_mean_s=0.272 exact_final_mean_s=0.013 exact_margin_abs_b_max=nan cache_hits=0 cache_misses=0 cache_waits=0
575	2500 	525.774	685.094    	1043.21    	181.997	34 	113.741	214	47.1757
Best individuals of this generation:
add(mul(x1, aq(x1, add(add(x1, a), x3))), mul(mul(sub(add(mul(x2, mul(aq(x2, add(a, x2)), x2)), exp(mul(sin(x4), x4))), mul(x3, sub(x2, x1))), aq(add(exp(a), add(x2, x1)), a)), add(add(mul(x3, add(add(x3, x1), x2)), add(x2, mul(mul(sub(add(mul(x2, mul(add(add(x3, x1), x2), x2)), exp(x1)), mul(x3, sub(x2, x4))), aq(add(x2, x1), x1)), add(exp(a), add(x2, aq(x2, x1)))))), add(add(mul(add(mul(aq(x2, x1), add(exp(a), add(x2, sin(aq(x2, add(x1, x4)))))), x1), mul(x3, x2)), exp(x1)), aq(add(x2, add(mul(a, x2), mul(x2, a))), x1)))))
GPU5 stages: candidates=2500 pre_s=23.176 cheap_candidates=1818 cheap_unique=1814 cheap_s=39.557/40.000 cheap_rejected=298 cheap_a_min=-0.505014430366 cheap_a_p50=0.000253410721073 cheap_a_p95=3.70867401787 cheap_a_max=18013.0948721 exact_a_gate=0.15 exact_provisional_penalty=3928.17976309 exact_candidates=1520 exact_unique=1516 full_exact_enabled=1 exact_capacity=1200 exact_waves=134 exact_scheduled=1200 exact_deferred=286 exact_wave=1200/1200 exact_queue_depth=0 exact_pending_instances=286 exact_s=218.219 exact_ok=1200 exact_margin_max=81.3649913001 exact_scan_mean_s=0.042 exact_bisect_mean_s=0.003 exact_polish_mean_s=0.278 exact_final_mean_s=0.013 exact_margin_abs_b_max=nan cache_hits=0 cache_misses=0 cache_waits=0
576	2500 	525.774	684.937    	1043.2     	182.022	34 	113.601	214	46.9995
Best individuals of this generation:
add(mul(x1, aq(x1, add(add(x1, a), x3))), mul(mul(sub(add(mul(x2, mul(aq(x2, add(a, x2)), x2)), exp(mul(sin(x4), x4))), mul(x3, sub(x2, x1))), aq(add(exp(a), add(x2, x1)), a)), add(add(mul(x3, add(add(x3, x1), x2)), add(x2, mul(mul(sub(add(mul(x2, mul(add(add(x3, x1), x2), x2)), exp(x1)), mul(x3, sub(x2, x4))), aq(add(x2, x1), x1)), add(exp(a), add(x2, aq(x2, x1)))))), add(add(mul(add(mul(aq(x2, x1), add(exp(a), add(x2, sin(aq(x2, add(x1, x4)))))), x1), mul(x3, x2)), exp(x1)), aq(add(x2, add(mul(a, x2), mul(x2, a))), x1)))))
GPU5 stages: candidates=2500 pre_s=22.889 cheap_candidates=1808 cheap_unique=1807 cheap_s=39.285/40.000 cheap_rejected=348 cheap_a_min=-0.210242005589 cheap_a_p50=0.000488365324334 cheap_a_p95=4.92162560336 cheap_a_max=11074.2425992 exact_a_gate=0.15 exact_provisional_penalty=3928.17976309 exact_candidates=1460 exact_unique=1459 full_exact_enabled=1 exact_capacity=1200 exact_waves=134 exact_scheduled=1200 exact_deferred=237 exact_wave=1200/1200 exact_queue_depth=0 exact_pending_instances=237 exact_s=219.198 exact_ok=1200 exact_margin_max=334.809335962 exact_scan_mean_s=0.041 exact_bisect_mean_s=0.005 exact_polish_mean_s=0.279 exact_final_mean_s=0.009 exact_margin_abs_b_max=nan cache_hits=0 cache_misses=0 cache_waits=0
577	2500 	525.774	684.815    	1043.2     	182.045	34 	113.419	194	46.7616
Best individuals of this generation:
add(mul(x1, aq(x1, add(add(x1, a), x3))), mul(mul(sub(add(mul(x2, mul(aq(x2, add(a, x2)), x2)), exp(mul(sin(x4), x4))), mul(x3, sub(x2, x1))), aq(add(exp(a), add(x2, x1)), a)), add(add(mul(x3, add(add(x3, x1), x2)), add(x2, mul(mul(sub(add(mul(x2, mul(add(add(x3, x1), x2), x2)), exp(x1)), mul(x3, sub(x2, x4))), aq(add(x2, x1), x1)), add(exp(a), add(x2, aq(x2, x1)))))), add(add(mul(add(mul(aq(x2, x1), add(exp(a), add(x2, sin(aq(x2, add(x1, x4)))))), x1), mul(x3, x2)), exp(x1)), aq(add(x2, add(mul(a, x2), mul(x2, a))), x1)))))
GPU5 stages: candidates=2500 pre_s=23.077 cheap_candidates=1874 cheap_unique=1868 cheap_s=41.325/40.000 cheap_rejected=337 cheap_a_min=-0.159703582391 cheap_a_p50=0.000667111731944 cheap_a_p95=3.66250514191 cheap_a_max=1393.92058949 exact_a_gate=0.15 exact_provisional_penalty=6308.02787507 exact_candidates=1537 exact_unique=1531 full_exact_enabled=1 exact_capacity=1200 exact_waves=134 exact_scheduled=1200 exact_deferred=304 exact_wave=1200/1200 exact_queue_depth=0 exact_pending_instances=304 exact_s=220.616 exact_ok=1200 exact_margin_max=139.143037991 exact_scan_mean_s=0.043 exact_bisect_mean_s=0.004 exact_polish_mean_s=0.278 exact_final_mean_s=0.010 exact_margin_abs_b_max=nan cache_hits=0 cache_misses=0 cache_waits=0
578	2500 	525.774	684.626    	1043.19    	182.076	34 	113.442	192	46.6844
Best individuals of this generation:
add(mul(x1, aq(x1, add(add(x1, a), x3))), mul(mul(sub(add(mul(x2, mul(aq(x2, add(a, x2)), x2)), exp(mul(sin(x4), x4))), mul(x3, sub(x2, x1))), aq(add(exp(a), add(x2, x1)), a)), add(add(mul(x3, add(add(x3, x1), x2)), add(x2, mul(mul(sub(add(mul(x2, mul(add(add(x3, x1), x2), x2)), exp(x1)), mul(x3, sub(x2, x4))), aq(add(x2, x1), x1)), add(exp(a), add(x2, aq(x2, x1)))))), add(add(mul(add(mul(aq(x2, x1), add(exp(a), add(x2, sin(aq(x2, add(x1, x4)))))), x1), mul(x3, x2)), exp(x1)), aq(add(x2, add(mul(a, x2), mul(x2, a))), x1)))))
GPU5 stages: candidates=2500 pre_s=23.006 cheap_candidates=1841 cheap_unique=1836 cheap_s=39.335/40.000 cheap_rejected=299 cheap_a_min=-0.149928953737 cheap_a_p50=0.00033637695387 cheap_a_p95=3.615731321 cheap_a_max=1401.4340775 exact_a_gate=0.15 exact_provisional_penalty=3928.17976309 exact_candidates=1542 exact_unique=1537 full_exact_enabled=1 exact_capacity=1200 exact_waves=134 exact_scheduled=1200 exact_deferred=304 exact_wave=1200/1200 exact_queue_depth=0 exact_pending_instances=304 exact_s=211.932 exact_ok=1200 exact_margin_max=46.6312136459 exact_scan_mean_s=0.040 exact_bisect_mean_s=0.006 exact_polish_mean_s=0.267 exact_final_mean_s=0.011 exact_margin_abs_b_max=nan cache_hits=0 cache_misses=0 cache_waits=0
579	2500 	525.774	684.404    	1043.18    	182.113	34 	113.459	192	46.5935
Best individuals of this generation:
add(mul(x1, aq(x1, add(add(x1, a), x3))), mul(mul(sub(add(mul(x2, mul(aq(x2, add(a, x2)), x2)), exp(mul(sin(x4), x4))), mul(x3, sub(x2, x1))), aq(add(exp(a), add(x2, x1)), a)), add(add(mul(x3, add(add(x3, x1), x2)), add(x2, mul(mul(sub(add(mul(x2, mul(add(add(x3, x1), x2), x2)), exp(x1)), mul(x3, sub(x2, x4))), aq(add(x2, x1), x1)), add(exp(a), add(x2, aq(x2, x1)))))), add(add(mul(add(mul(aq(x2, x1), add(exp(a), add(x2, sin(aq(x2, add(x1, x4)))))), x1), mul(x3, x2)), exp(x1)), aq(add(x2, add(mul(a, x2), mul(x2, a))), x1)))))
GPU5 stages: candidates=2500 pre_s=22.940 cheap_candidates=1888 cheap_unique=1885 cheap_s=40.877/40.000 cheap_rejected=315 cheap_a_min=-0.375499692344 cheap_a_p50=0.000416783134343 cheap_a_p95=3.13227877179 cheap_a_max=5841.87436154 exact_a_gate=0.15 exact_provisional_penalty=6310.96204337 exact_candidates=1573 exact_unique=1570 full_exact_enabled=1 exact_capacity=1200 exact_waves=134 exact_scheduled=1200 exact_deferred=344 exact_wave=1200/1200 exact_queue_depth=0 exact_pending_instances=345 exact_s=212.630 exact_ok=1200 exact_margin_max=0.227765411571 exact_scan_mean_s=0.041 exact_bisect_mean_s=0.003 exact_polish_mean_s=0.266 exact_final_mean_s=0.009 exact_margin_abs_b_max=nan cache_hits=0 cache_misses=0 cache_waits=0
580	2500 	525.774	684.125    	1043.16    	182.158	34 	113.445	192	46.4893
Best individuals of this generation:
add(mul(x1, aq(x1, add(add(x1, a), x3))), mul(mul(sub(add(mul(x2, mul(aq(x2, add(a, x2)), x2)), exp(mul(sin(x4), x4))), mul(x3, sub(x2, x1))), aq(add(exp(a), add(x2, x1)), a)), add(add(mul(x3, add(add(x3, x1), x2)), add(x2, mul(mul(sub(add(mul(x2, mul(add(add(x3, x1), x2), x2)), exp(x1)), mul(x3, sub(x2, x4))), aq(add(x2, x1), x1)), add(exp(a), add(x2, aq(x2, x1)))))), add(add(mul(add(mul(aq(x2, x1), add(exp(a), add(x2, sin(aq(x2, add(x1, x4)))))), x1), mul(x3, x2)), exp(x1)), aq(add(x2, add(mul(a, x2), mul(x2, a))), x1)))))
GPU5 stages: candidates=2500 pre_s=22.858 cheap_candidates=1867 cheap_unique=1866 cheap_s=40.805/40.000 cheap_rejected=327 cheap_a_min=-0.35511897356 cheap_a_p50=0.00047513024357 cheap_a_p95=3.1991060025 cheap_a_max=3824.3096409 exact_a_gate=0.15 exact_provisional_penalty=5959.62402641 exact_candidates=1540 exact_unique=1539 full_exact_enabled=1 exact_capacity=1200 exact_waves=134 exact_scheduled=1200 exact_deferred=320 exact_wave=1200/1200 exact_queue_depth=0 exact_pending_instances=320 exact_s=209.943 exact_ok=1200 exact_margin_max=87.9117394494 exact_scan_mean_s=0.040 exact_bisect_mean_s=0.003 exact_polish_mean_s=0.277 exact_final_mean_s=0.013 exact_margin_abs_b_max=nan cache_hits=0 cache_misses=0 cache_waits=0
581	2500 	525.774	683.965    	1043.14    	182.186	34 	113.502	192	46.3732
Best individuals of this generation:
add(mul(x1, aq(x1, add(add(x1, a), x3))), mul(mul(sub(add(mul(x2, mul(aq(x2, add(a, x2)), x2)), exp(mul(sin(x4), x4))), mul(x3, sub(x2, x1))), aq(add(exp(a), add(x2, x1)), a)), add(add(mul(x3, add(add(x3, x1), x2)), add(x2, mul(mul(sub(add(mul(x2, mul(add(add(x3, x1), x2), x2)), exp(x1)), mul(x3, sub(x2, x4))), aq(add(x2, x1), x1)), add(exp(a), add(x2, aq(x2, x1)))))), add(add(mul(add(mul(aq(x2, x1), add(exp(a), add(x2, sin(aq(x2, add(x1, x4)))))), x1), mul(x3, x2)), exp(x1)), aq(add(x2, add(mul(a, x2), mul(x2, a))), x1)))))
GPU5 stages: candidates=2500 pre_s=22.904 cheap_candidates=1851 cheap_unique=1848 cheap_s=40.924/40.000 cheap_rejected=325 cheap_a_min=-0.586475227086 cheap_a_p50=0.000643529638226 cheap_a_p95=3.87465693594 cheap_a_max=7970.59091817 exact_a_gate=0.15 exact_provisional_penalty=3928.17976309 exact_candidates=1526 exact_unique=1523 full_exact_enabled=1 exact_capacity=1200 exact_waves=134 exact_scheduled=1200 exact_deferred=296 exact_wave=1200/1200 exact_queue_depth=0 exact_pending_instances=296 exact_s=219.004 exact_ok=1200 exact_margin_max=455.263824121 exact_scan_mean_s=0.040 exact_bisect_mean_s=0.005 exact_polish_mean_s=0.282 exact_final_mean_s=0.013 exact_margin_abs_b_max=nan cache_hits=0 cache_misses=0 cache_waits=0
582	2500 	525.774	683.689    	1043.14    	182.227	34 	113.599	192	46.3921
Best individuals of this generation:
add(mul(x1, aq(x1, add(add(x1, a), x3))), mul(mul(sub(add(mul(x2, mul(aq(x2, add(a, x2)), x2)), exp(mul(sin(x4), x4))), mul(x3, sub(x2, x1))), aq(add(exp(a), add(x2, x1)), a)), add(add(mul(x3, add(add(x3, x1), x2)), add(x2, mul(mul(sub(add(mul(x2, mul(add(add(x3, x1), x2), x2)), exp(x1)), mul(x3, sub(x2, x4))), aq(add(x2, x1), x1)), add(exp(a), add(x2, aq(x2, x1)))))), add(add(mul(add(mul(aq(x2, x1), add(exp(a), add(x2, sin(aq(x2, add(x1, x4)))))), x1), mul(x3, x2)), exp(x1)), aq(add(x2, add(mul(a, x2), mul(x2, a))), x1)))))
GPU5 stages: candidates=2500 pre_s=23.072 cheap_candidates=1840 cheap_unique=1836 cheap_s=41.594/40.000 cheap_rejected=322 cheap_a_min=-0.387690257555 cheap_a_p50=0.000639550530106 cheap_a_p95=3.94611361203 cheap_a_max=4086.17269228 exact_a_gate=0.15 exact_provisional_penalty=3928.17976309 exact_candidates=1518 exact_unique=1514 full_exact_enabled=1 exact_capacity=1200 exact_waves=134 exact_scheduled=1200 exact_deferred=287 exact_wave=1200/1200 exact_queue_depth=0 exact_pending_instances=291 exact_s=230.170 exact_ok=1200 exact_margin_max=45.786204672 exact_scan_mean_s=0.041 exact_bisect_mean_s=0.003 exact_polish_mean_s=0.292 exact_final_mean_s=0.009 exact_margin_abs_b_max=nan cache_hits=0 cache_misses=0 cache_waits=0
583	2500 	525.774	683.48     	1043.13    	182.266	34 	113.668	192	46.3239
Best individuals of this generation:
add(mul(x1, aq(x1, add(add(x1, a), x3))), mul(mul(sub(add(mul(x2, mul(aq(x2, add(a, x2)), x2)), exp(mul(sin(x4), x4))), mul(x3, sub(x2, x1))), aq(add(exp(a), add(x2, x1)), a)), add(add(mul(x3, add(add(x3, x1), x2)), add(x2, mul(mul(sub(add(mul(x2, mul(add(add(x3, x1), x2), x2)), exp(x1)), mul(x3, sub(x2, x4))), aq(add(x2, x1), x1)), add(exp(a), add(x2, aq(x2, x1)))))), add(add(mul(add(mul(aq(x2, x1), add(exp(a), add(x2, sin(aq(x2, add(x1, x4)))))), x1), mul(x3, x2)), exp(x1)), aq(add(x2, add(mul(a, x2), mul(x2, a))), x1)))))
GPU5 stages: candidates=2500 pre_s=22.973 cheap_candidates=1864 cheap_unique=1860 cheap_s=38.857/40.000 cheap_rejected=332 cheap_a_min=-0.209589122532 cheap_a_p50=0.000307679441784 cheap_a_p95=3.59757157943 cheap_a_max=3464.91335465 exact_a_gate=0.15 exact_provisional_penalty=3928.17976309 exact_candidates=1532 exact_unique=1528 full_exact_enabled=1 exact_capacity=1200 exact_waves=134 exact_scheduled=1200 exact_deferred=302 exact_wave=1200/1200 exact_queue_depth=0 exact_pending_instances=303 exact_s=212.477 exact_ok=1200 exact_margin_max=1189.09902752 exact_scan_mean_s=0.041 exact_bisect_mean_s=0.003 exact_polish_mean_s=0.267 exact_final_mean_s=0.009 exact_margin_abs_b_max=nan cache_hits=0 cache_misses=0 cache_waits=0
584	2500 	525.774	683.328    	1043.13    	182.298	34 	113.588	192	46.2191
Best individuals of this generation:
add(mul(x1, aq(x1, add(add(x1, a), x3))), mul(mul(sub(add(mul(x2, mul(aq(x2, add(a, x2)), x2)), exp(mul(sin(x4), x4))), mul(x3, sub(x2, x1))), aq(add(exp(a), add(x2, x1)), a)), add(add(mul(x3, add(add(x3, x1), x2)), add(x2, mul(mul(sub(add(mul(x2, mul(add(add(x3, x1), x2), x2)), exp(x1)), mul(x3, sub(x2, x4))), aq(add(x2, x1), x1)), add(exp(a), add(x2, aq(x2, x1)))))), add(add(mul(add(mul(aq(x2, x1), add(exp(a), add(x2, sin(aq(x2, add(x1, x4)))))), x1), mul(x3, x2)), exp(x1)), aq(add(x2, add(mul(a, x2), mul(x2, a))), x1)))))
GPU5 stages: candidates=2500 pre_s=22.942 cheap_candidates=1853 cheap_unique=1850 cheap_s=41.003/40.000 cheap_rejected=341 cheap_a_min=-0.744422910045 cheap_a_p50=0.000701049582763 cheap_a_p95=4.75864991474 cheap_a_max=2265.63574789 exact_a_gate=0.15 exact_provisional_penalty=3928.17976309 exact_candidates=1512 exact_unique=1509 full_exact_enabled=1 exact_capacity=1200 exact_waves=134 exact_scheduled=1200 exact_deferred=281 exact_wave=1200/1200 exact_queue_depth=0 exact_pending_instances=281 exact_s=214.686 exact_ok=1200 exact_margin_max=41.3357068178 exact_scan_mean_s=0.042 exact_bisect_mean_s=0.004 exact_polish_mean_s=0.279 exact_final_mean_s=0.013 exact_margin_abs_b_max=nan cache_hits=0 cache_misses=0 cache_waits=0
585	2500 	525.774	683.296    	1043.12    	182.309	34 	113.357	192	45.989 
Best individuals of this generation:
add(mul(x1, aq(x1, add(add(x1, a), x3))), mul(mul(sub(add(mul(x2, mul(aq(x2, add(a, x2)), x2)), exp(mul(sin(x4), x4))), mul(x3, sub(x2, x1))), aq(add(exp(a), add(x2, x1)), a)), add(add(mul(x3, add(add(x3, x1), x2)), add(x2, mul(mul(sub(add(mul(x2, mul(add(add(x3, x1), x2), x2)), exp(x1)), mul(x3, sub(x2, x4))), aq(add(x2, x1), x1)), add(exp(a), add(x2, aq(x2, x1)))))), add(add(mul(add(mul(aq(x2, x1), add(exp(a), add(x2, sin(aq(x2, add(x1, x4)))))), x1), mul(x3, x2)), exp(x1)), aq(add(x2, add(mul(a, x2), mul(x2, a))), x1)))))
GPU5 stages: candidates=2500 pre_s=22.970 cheap_candidates=1830 cheap_unique=1824 cheap_s=39.030/40.000 cheap_rejected=307 cheap_a_min=-0.490128730143 cheap_a_p50=0.000538975406424 cheap_a_p95=4.19703996617 cheap_a_max=1525.54279427 exact_a_gate=0.15 exact_provisional_penalty=3928.17976309 exact_candidates=1523 exact_unique=1517 full_exact_enabled=1 exact_capacity=1200 exact_waves=134 exact_scheduled=1200 exact_deferred=291 exact_wave=1200/1200 exact_queue_depth=0 exact_pending_instances=291 exact_s=224.481 exact_ok=1200 exact_margin_max=1.88569597289e+17 exact_scan_mean_s=0.042 exact_bisect_mean_s=0.002 exact_polish_mean_s=0.280 exact_final_mean_s=0.004 exact_margin_abs_b_max=nan cache_hits=0 cache_misses=0 cache_waits=0
586	2500 	525.774	683.277    	1043.11    	182.315	34 	112.988	190	45.4912
Best individuals of this generation:
add(mul(x1, aq(x1, add(add(x1, a), x3))), mul(mul(sub(add(mul(x2, mul(aq(x2, add(a, x2)), x2)), exp(mul(sin(x4), x4))), mul(x3, sub(x2, x1))), aq(add(exp(a), add(x2, x1)), a)), add(add(mul(x3, add(add(x3, x1), x2)), add(x2, mul(mul(sub(add(mul(x2, mul(add(add(x3, x1), x2), x2)), exp(x1)), mul(x3, sub(x2, x4))), aq(add(x2, x1), x1)), add(exp(a), add(x2, aq(x2, x1)))))), add(add(mul(add(mul(aq(x2, x1), add(exp(a), add(x2, sin(aq(x2, add(x1, x4)))))), x1), mul(x3, x2)), exp(x1)), aq(add(x2, add(mul(a, x2), mul(x2, a))), x1)))))
GPU5 stages: candidates=2500 pre_s=23.147 cheap_candidates=1858 cheap_unique=1854 cheap_s=40.190/40.000 cheap_rejected=349 cheap_a_min=-0.112930841259 cheap_a_p50=0.000414641914374 cheap_a_p95=5.22967815533 cheap_a_max=13995.0698752 exact_a_gate=0.15 exact_provisional_penalty=3928.17976309 exact_candidates=1509 exact_unique=1505 full_exact_enabled=1 exact_capacity=1200 exact_waves=134 exact_scheduled=1200 exact_deferred=275 exact_wave=1200/1200 exact_queue_depth=0 exact_pending_instances=275 exact_s=222.987 exact_ok=1200 exact_margin_max=2056.70007739 exact_scan_mean_s=0.039 exact_bisect_mean_s=0.003 exact_polish_mean_s=0.283 exact_final_mean_s=0.015 exact_margin_abs_b_max=nan cache_hits=0 cache_misses=0 cache_waits=0
587	2500 	525.774	683.251    	1043.09    	182.324	34 	112.78 	190	45.2229
Best individuals of this generation:
add(mul(x1, aq(x1, add(add(x1, a), x3))), mul(mul(sub(add(mul(x2, mul(aq(x2, add(a, x2)), x2)), exp(mul(sin(x4), x4))), mul(x3, sub(x2, x1))), aq(add(exp(a), add(x2, x1)), a)), add(add(mul(x3, add(add(x3, x1), x2)), add(x2, mul(mul(sub(add(mul(x2, mul(add(add(x3, x1), x2), x2)), exp(x1)), mul(x3, sub(x2, x4))), aq(add(x2, x1), x1)), add(exp(a), add(x2, aq(x2, x1)))))), add(add(mul(add(mul(aq(x2, x1), add(exp(a), add(x2, sin(aq(x2, add(x1, x4)))))), x1), mul(x3, x2)), exp(x1)), aq(add(x2, add(mul(a, x2), mul(x2, a))), x1)))))
GPU5 stages: candidates=2500 pre_s=23.144 cheap_candidates=1888 cheap_unique=1879 cheap_s=40.718/40.000 cheap_rejected=323 cheap_a_min=-0.300746732946 cheap_a_p50=0.000391828488337 cheap_a_p95=3.09464122185 cheap_a_max=2038.49070343 exact_a_gate=0.15 exact_provisional_penalty=3928.17976309 exact_candidates=1565 exact_unique=1556 full_exact_enabled=1 exact_capacity=1200 exact_waves=134 exact_scheduled=1200 exact_deferred=325 exact_wave=1200/1200 exact_queue_depth=0 exact_pending_instances=325 exact_s=215.792 exact_ok=1200 exact_margin_max=15.7321552466 exact_scan_mean_s=0.042 exact_bisect_mean_s=0.003 exact_polish_mean_s=0.273 exact_final_mean_s=0.015 exact_margin_abs_b_max=nan cache_hits=0 cache_misses=0 cache_waits=0
588	2500 	525.774	683.231    	1043.08    	182.332	34 	112.508	190	44.8416
Best individuals of this generation:
add(mul(x1, aq(x1, add(add(x1, a), x3))), mul(mul(sub(add(mul(x2, mul(aq(x2, add(a, x2)), x2)), exp(mul(sin(x4), x4))), mul(x3, sub(x2, x1))), aq(add(exp(a), add(x2, x1)), a)), add(add(mul(x3, add(add(x3, x1), x2)), add(x2, mul(mul(sub(add(mul(x2, mul(add(add(x3, x1), x2), x2)), exp(x1)), mul(x3, sub(x2, x4))), aq(add(x2, x1), x1)), add(exp(a), add(x2, aq(x2, x1)))))), add(add(mul(add(mul(aq(x2, x1), add(exp(a), add(x2, sin(aq(x2, add(x1, x4)))))), x1), mul(x3, x2)), exp(x1)), aq(add(x2, add(mul(a, x2), mul(x2, a))), x1)))))
GPU5 stages: candidates=2500 pre_s=23.056 cheap_candidates=1850 cheap_unique=1843 cheap_s=40.614/40.000 cheap_rejected=352 cheap_a_min=-0.509151535989 cheap_a_p50=0.000505587592256 cheap_a_p95=4.31792602144 cheap_a_max=4001.5385484 exact_a_gate=0.15 exact_provisional_penalty=3928.17976309 exact_candidates=1498 exact_unique=1491 full_exact_enabled=1 exact_capacity=1200 exact_waves=134 exact_scheduled=1200 exact_deferred=269 exact_wave=1200/1200 exact_queue_depth=0 exact_pending_instances=269 exact_s=217.344 exact_ok=1200 exact_margin_max=5.0308113957 exact_scan_mean_s=0.043 exact_bisect_mean_s=0.003 exact_polish_mean_s=0.296 exact_final_mean_s=0.001 exact_margin_abs_b_max=nan cache_hits=0 cache_misses=0 cache_waits=0
589	2500 	525.774	683.196    	1043.08    	182.35 	34 	112.292	190	44.6034
Best individuals of this generation:
add(mul(x1, aq(x1, add(add(x1, a), x3))), mul(mul(sub(add(mul(x2, mul(aq(x2, add(a, x2)), x2)), exp(mul(sin(x4), x4))), mul(x3, sub(x2, x1))), aq(add(exp(a), add(x2, x1)), a)), add(add(mul(x3, add(add(x3, x1), x2)), add(x2, mul(mul(sub(add(mul(x2, mul(add(add(x3, x1), x2), x2)), exp(x1)), mul(x3, sub(x2, x4))), aq(add(x2, x1), x1)), add(exp(a), add(x2, aq(x2, x1)))))), add(add(mul(add(mul(aq(x2, x1), add(exp(a), add(x2, sin(aq(x2, add(x1, x4)))))), x1), mul(x3, x2)), exp(x1)), aq(add(x2, add(mul(a, x2), mul(x2, a))), x1)))))
GPU5 stages: candidates=2500 pre_s=23.115 cheap_candidates=1868 cheap_unique=1863 cheap_s=39.652/40.000 cheap_rejected=334 cheap_a_min=-467.066380193 cheap_a_p50=0.000463932495814 cheap_a_p95=4.16812569845 cheap_a_max=1706.40856613 exact_a_gate=0.15 exact_provisional_penalty=3928.17976309 exact_candidates=1534 exact_unique=1529 full_exact_enabled=1 exact_capacity=1200 exact_waves=134 exact_scheduled=1200 exact_deferred=302 exact_wave=1200/1200 exact_queue_depth=0 exact_pending_instances=303 exact_s=210.485 exact_ok=1200 exact_margin_max=596.16803214 exact_scan_mean_s=0.040 exact_bisect_mean_s=0.005 exact_polish_mean_s=0.279 exact_final_mean_s=0.008 exact_margin_abs_b_max=nan cache_hits=0 cache_misses=0 cache_waits=0
590	2500 	525.774	683.156    	1043.06    	182.368	34 	112.062	190	44.3841
Best individuals of this generation:
add(mul(x1, aq(x1, add(add(x1, a), x3))), mul(mul(sub(add(mul(x2, mul(aq(x2, add(a, x2)), x2)), exp(mul(sin(x4), x4))), mul(x3, sub(x2, x1))), aq(add(exp(a), add(x2, x1)), a)), add(add(mul(x3, add(add(x3, x1), x2)), add(x2, mul(mul(sub(add(mul(x2, mul(add(add(x3, x1), x2), x2)), exp(x1)), mul(x3, sub(x2, x4))), aq(add(x2, x1), x1)), add(exp(a), add(x2, aq(x2, x1)))))), add(add(mul(add(mul(aq(x2, x1), add(exp(a), add(x2, sin(aq(x2, add(x1, x4)))))), x1), mul(x3, x2)), exp(x1)), aq(add(x2, add(mul(a, x2), mul(x2, a))), x1)))))
GPU5 stages: candidates=2500 pre_s=23.093 cheap_candidates=1845 cheap_unique=1843 cheap_s=41.013/40.000 cheap_rejected=324 cheap_a_min=-0.478503918212 cheap_a_p50=0.000639667676667 cheap_a_p95=5.19906237184 cheap_a_max=2767.97775735 exact_a_gate=0.15 exact_provisional_penalty=3928.17976309 exact_candidates=1521 exact_unique=1519 full_exact_enabled=1 exact_capacity=1200 exact_waves=134 exact_scheduled=1200 exact_deferred=291 exact_wave=1200/1200 exact_queue_depth=0 exact_pending_instances=291 exact_s=209.917 exact_ok=1200 exact_margin_max=876.881153101 exact_scan_mean_s=0.041 exact_bisect_mean_s=0.006 exact_polish_mean_s=0.283 exact_final_mean_s=0.007 exact_margin_abs_b_max=nan cache_hits=0 cache_misses=0 cache_waits=0
591	2500 	525.774	683.109    	1043.06    	182.394	34 	111.96 	190	44.1012
Best individuals of this generation:
add(mul(x1, aq(x1, add(add(x1, a), x3))), mul(mul(sub(add(mul(x2, mul(aq(x2, add(a, x2)), x2)), exp(mul(sin(x4), x4))), mul(x3, sub(x2, x1))), aq(add(exp(a), add(x2, x1)), a)), add(add(mul(x3, add(add(x3, x1), x2)), add(x2, mul(mul(sub(add(mul(x2, mul(add(add(x3, x1), x2), x2)), exp(x1)), mul(x3, sub(x2, x4))), aq(add(x2, x1), x1)), add(exp(a), add(x2, aq(x2, x1)))))), add(add(mul(add(mul(aq(x2, x1), add(exp(a), add(x2, sin(aq(x2, add(x1, x4)))))), x1), mul(x3, x2)), exp(x1)), aq(add(x2, add(mul(a, x2), mul(x2, a))), x1)))))
GPU5 stages: candidates=2500 pre_s=22.966 cheap_candidates=1824 cheap_unique=1824 cheap_s=40.797/40.000 cheap_rejected=369 cheap_a_min=-0.159610252077 cheap_a_p50=0.000643751343377 cheap_a_p95=3.71487392956 cheap_a_max=1280.84622936 exact_a_gate=0.15 exact_provisional_penalty=3928.17976309 exact_candidates=1455 exact_unique=1455 full_exact_enabled=1 exact_capacity=1200 exact_waves=134 exact_scheduled=1200 exact_deferred=232 exact_wave=1200/1200 exact_queue_depth=0 exact_pending_instances=233 exact_s=217.183 exact_ok=1200 exact_margin_max=145.767068852 exact_scan_mean_s=0.042 exact_bisect_mean_s=0.005 exact_polish_mean_s=0.286 exact_final_mean_s=0.006 exact_margin_abs_b_max=nan cache_hits=0 cache_misses=0 cache_waits=0
592	2500 	525.774	683.062    	1043.05    	182.417	34 	111.961	190	43.8365
Best individuals of this generation:
add(mul(x1, aq(x1, add(add(x1, a), x3))), mul(mul(sub(add(mul(x2, mul(aq(x2, add(a, x2)), x2)), exp(mul(sin(x4), x4))), mul(x3, sub(x2, x1))), aq(add(exp(a), add(x2, x1)), a)), add(add(mul(x3, add(add(x3, x1), x2)), add(x2, mul(mul(sub(add(mul(x2, mul(add(add(x3, x1), x2), x2)), exp(x1)), mul(x3, sub(x2, x4))), aq(add(x2, x1), x1)), add(exp(a), add(x2, aq(x2, x1)))))), add(add(mul(add(mul(aq(x2, x1), add(exp(a), add(x2, sin(aq(x2, add(x1, x4)))))), x1), mul(x3, x2)), exp(x1)), aq(add(x2, add(mul(a, x2), mul(x2, a))), x1)))))
GPU5 stages: candidates=2500 pre_s=23.107 cheap_candidates=1884 cheap_unique=1878 cheap_s=40.770/40.000 cheap_rejected=328 cheap_a_min=-0.985128854805 cheap_a_p50=0.000346955329209 cheap_a_p95=3.31222728818 cheap_a_max=9918.52413963 exact_a_gate=0.15 exact_provisional_penalty=3928.17976309 exact_candidates=1556 exact_unique=1550 full_exact_enabled=1 exact_capacity=1200 exact_waves=134 exact_scheduled=1200 exact_deferred=318 exact_wave=1200/1200 exact_queue_depth=0 exact_pending_instances=319 exact_s=214.120 exact_ok=1200 exact_margin_max=136.371902259 exact_scan_mean_s=0.042 exact_bisect_mean_s=0.005 exact_polish_mean_s=0.282 exact_final_mean_s=0.014 exact_margin_abs_b_max=nan cache_hits=0 cache_misses=0 cache_waits=0
593	2500 	525.774	683.008    	1043.05    	182.445	34 	111.95 	190	43.4152
Best individuals of this generation:
add(mul(x1, aq(x1, add(add(x1, a), x3))), mul(mul(sub(add(mul(x2, mul(aq(x2, add(a, x2)), x2)), exp(mul(sin(x4), x4))), mul(x3, sub(x2, x1))), aq(add(exp(a), add(x2, x1)), a)), add(add(mul(x3, add(add(x3, x1), x2)), add(x2, mul(mul(sub(add(mul(x2, mul(add(add(x3, x1), x2), x2)), exp(x1)), mul(x3, sub(x2, x4))), aq(add(x2, x1), x1)), add(exp(a), add(x2, aq(x2, x1)))))), add(add(mul(add(mul(aq(x2, x1), add(exp(a), add(x2, sin(aq(x2, add(x1, x4)))))), x1), mul(x3, x2)), exp(x1)), aq(add(x2, add(mul(a, x2), mul(x2, a))), x1)))))
GPU5 stages: candidates=2500 pre_s=22.921 cheap_candidates=1844 cheap_unique=1839 cheap_s=38.939/40.000 cheap_rejected=329 cheap_a_min=-0.107680076788 cheap_a_p50=0.000317688442821 cheap_a_p95=4.09000400116 cheap_a_max=46298.3874415 exact_a_gate=0.15 exact_provisional_penalty=3928.17976309 exact_candidates=1515 exact_unique=1510 full_exact_enabled=1 exact_capacity=1200 exact_waves=134 exact_scheduled=1200 exact_deferred=280 exact_wave=1200/1200 exact_queue_depth=0 exact_pending_instances=280 exact_s=220.895 exact_ok=1200 exact_margin_max=1.36582034604 exact_scan_mean_s=0.043 exact_bisect_mean_s=0.003 exact_polish_mean_s=0.276 exact_final_mean_s=0.012 exact_margin_abs_b_max=nan cache_hits=0 cache_misses=0 cache_waits=0
594	2500 	525.774	682.951    	1043.05    	182.474	34 	111.995	190	42.9501
Best individuals of this generation:
add(mul(x1, aq(x1, add(add(x1, a), x3))), mul(mul(sub(add(mul(x2, mul(aq(x2, add(a, x2)), x2)), exp(mul(sin(x4), x4))), mul(x3, sub(x2, x1))), aq(add(exp(a), add(x2, x1)), a)), add(add(mul(x3, add(add(x3, x1), x2)), add(x2, mul(mul(sub(add(mul(x2, mul(add(add(x3, x1), x2), x2)), exp(x1)), mul(x3, sub(x2, x4))), aq(add(x2, x1), x1)), add(exp(a), add(x2, aq(x2, x1)))))), add(add(mul(add(mul(aq(x2, x1), add(exp(a), add(x2, sin(aq(x2, add(x1, x4)))))), x1), mul(x3, x2)), exp(x1)), aq(add(x2, add(mul(a, x2), mul(x2, a))), x1)))))
GPU5 stages: candidates=2500 pre_s=23.101 cheap_candidates=1829 cheap_unique=1827 cheap_s=38.908/40.000 cheap_rejected=342 cheap_a_min=-0.199070961897 cheap_a_p50=0.000460731377886 cheap_a_p95=5.34876907867 cheap_a_max=14872.9202184 exact_a_gate=0.15 exact_provisional_penalty=3928.17976309 exact_candidates=1487 exact_unique=1486 full_exact_enabled=1 exact_capacity=1200 exact_waves=134 exact_scheduled=1200 exact_deferred=252 exact_wave=1200/1200 exact_queue_depth=0 exact_pending_instances=253 exact_s=219.258 exact_ok=1200 exact_margin_max=2735.80953565 exact_scan_mean_s=0.041 exact_bisect_mean_s=0.005 exact_polish_mean_s=0.295 exact_final_mean_s=0.013 exact_margin_abs_b_max=nan cache_hits=0 cache_misses=0 cache_waits=0
595	2500 	525.774	682.878    	1043.04    	182.509	34 	112.029	182	42.5151
Best individuals of this generation:
add(mul(x1, aq(x1, add(add(x1, a), x3))), mul(mul(sub(add(mul(x2, mul(aq(x2, add(a, x2)), x2)), exp(mul(sin(x4), x4))), mul(x3, sub(x2, x1))), aq(add(exp(a), add(x2, x1)), a)), add(add(mul(x3, add(add(x3, x1), x2)), add(x2, mul(mul(sub(add(mul(x2, mul(add(add(x3, x1), x2), x2)), exp(x1)), mul(x3, sub(x2, x4))), aq(add(x2, x1), x1)), add(exp(a), add(x2, aq(x2, x1)))))), add(add(mul(add(mul(aq(x2, x1), add(exp(a), add(x2, sin(aq(x2, add(x1, x4)))))), x1), mul(x3, x2)), exp(x1)), aq(add(x2, add(mul(a, x2), mul(x2, a))), x1)))))
GPU5 stages: candidates=2500 pre_s=22.980 cheap_candidates=1865 cheap_unique=1863 cheap_s=40.446/40.000 cheap_rejected=373 cheap_a_min=-0.732697163149 cheap_a_p50=0.000792805566965 cheap_a_p95=6.66504061451 cheap_a_max=61279.8164341 exact_a_gate=0.15 exact_provisional_penalty=3928.17976309 exact_candidates=1492 exact_unique=1490 full_exact_enabled=1 exact_capacity=1200 exact_waves=134 exact_scheduled=1200 exact_deferred=262 exact_wave=1200/1200 exact_queue_depth=0 exact_pending_instances=265 exact_s=217.126 exact_ok=1200 exact_margin_max=31.841532618 exact_scan_mean_s=0.041 exact_bisect_mean_s=0.005 exact_polish_mean_s=0.289 exact_final_mean_s=0.013 exact_margin_abs_b_max=nan cache_hits=0 cache_misses=0 cache_waits=0
596	2500 	525.774	682.812    	1043.04    	182.541	34 	112.026	182	42.0948
Best individuals of this generation:
add(mul(x1, aq(x1, add(add(x1, a), x3))), mul(mul(sub(add(mul(x2, mul(aq(x2, add(a, x2)), x2)), exp(mul(sin(x4), x4))), mul(x3, sub(x2, x1))), aq(add(exp(a), add(x2, x1)), a)), add(add(mul(x3, add(add(x3, x1), x2)), add(x2, mul(mul(sub(add(mul(x2, mul(add(add(x3, x1), x2), x2)), exp(x1)), mul(x3, sub(x2, x4))), aq(add(x2, x1), x1)), add(exp(a), add(x2, aq(x2, x1)))))), add(add(mul(add(mul(aq(x2, x1), add(exp(a), add(x2, sin(aq(x2, add(x1, x4)))))), x1), mul(x3, x2)), exp(x1)), aq(add(x2, add(mul(a, x2), mul(x2, a))), x1)))))
GPU5 stages: candidates=2500 pre_s=23.112 cheap_candidates=1891 cheap_unique=1888 cheap_s=40.488/40.000 cheap_rejected=323 cheap_a_min=-0.361333907234 cheap_a_p50=0.00043612143301 cheap_a_p95=4.38819741396 cheap_a_max=4320.4198121 exact_a_gate=0.15 exact_provisional_penalty=3928.17976309 exact_candidates=1568 exact_unique=1565 full_exact_enabled=1 exact_capacity=1200 exact_waves=134 exact_scheduled=1200 exact_deferred=338 exact_wave=1200/1200 exact_queue_depth=0 exact_pending_instances=338 exact_s=207.491 exact_ok=1200 exact_margin_max=7937.11856377 exact_scan_mean_s=0.040 exact_bisect_mean_s=0.007 exact_polish_mean_s=0.276 exact_final_mean_s=0.012 exact_margin_abs_b_max=nan cache_hits=0 cache_misses=0 cache_waits=0
597	2500 	525.774	682.743    	1043.04    	182.578	34 	112.036	184	41.8056
Best individuals of this generation:
add(mul(x1, aq(x1, add(add(x1, a), x3))), mul(mul(sub(add(mul(x2, mul(aq(x2, add(a, x2)), x2)), exp(mul(sin(x4), x4))), mul(x3, sub(x2, x1))), aq(add(exp(a), add(x2, x1)), a)), add(add(mul(x3, add(add(x3, x1), x2)), add(x2, mul(mul(sub(add(mul(x2, mul(add(add(x3, x1), x2), x2)), exp(x1)), mul(x3, sub(x2, x4))), aq(add(x2, x1), x1)), add(exp(a), add(x2, aq(x2, x1)))))), add(add(mul(add(mul(aq(x2, x1), add(exp(a), add(x2, sin(aq(x2, add(x1, x4)))))), x1), mul(x3, x2)), exp(x1)), aq(add(x2, add(mul(a, x2), mul(x2, a))), x1)))))
GPU5 stages: candidates=2500 pre_s=22.904 cheap_candidates=1886 cheap_unique=1883 cheap_s=40.408/40.000 cheap_rejected=371 cheap_a_min=-0.730231643729 cheap_a_p50=0.000492599027657 cheap_a_p95=5.63389071618 cheap_a_max=10415.4402923 exact_a_gate=0.15 exact_provisional_penalty=3928.17976309 exact_candidates=1515 exact_unique=1512 full_exact_enabled=1 exact_capacity=1200 exact_waves=134 exact_scheduled=1200 exact_deferred=287 exact_wave=1200/1200 exact_queue_depth=0 exact_pending_instances=287 exact_s=217.148 exact_ok=1200 exact_margin_max=1.14405083397 exact_scan_mean_s=0.040 exact_bisect_mean_s=0.006 exact_polish_mean_s=0.299 exact_final_mean_s=0.013 exact_margin_abs_b_max=nan cache_hits=0 cache_misses=0 cache_waits=0
598	2500 	525.774	682.63     	1043.03    	182.635	34 	111.976	184	41.7089
Best individuals of this generation:
add(mul(x1, aq(x1, add(add(x1, a), x3))), mul(mul(sub(add(mul(x2, mul(aq(x2, add(a, x2)), x2)), exp(mul(sin(x4), x4))), mul(x3, sub(x2, x1))), aq(add(exp(a), add(x2, x1)), a)), add(add(mul(x3, add(add(x3, x1), x2)), add(x2, mul(mul(sub(add(mul(x2, mul(add(add(x3, x1), x2), x2)), exp(x1)), mul(x3, sub(x2, x4))), aq(add(x2, x1), x1)), add(exp(a), add(x2, aq(x2, x1)))))), add(add(mul(add(mul(aq(x2, x1), add(exp(a), add(x2, sin(aq(x2, add(x1, x4)))))), x1), mul(x3, x2)), exp(x1)), aq(add(x2, add(mul(a, x2), mul(x2, a))), x1)))))
GPU5 stages: candidates=2500 pre_s=22.905 cheap_candidates=1882 cheap_unique=1873 cheap_s=41.475/40.000 cheap_rejected=363 cheap_a_min=-0.5728513017 cheap_a_p50=0.000585626453074 cheap_a_p95=3.6913948456 cheap_a_max=12276.3736592 exact_a_gate=0.15 exact_provisional_penalty=3928.17976309 exact_candidates=1519 exact_unique=1510 full_exact_enabled=1 exact_capacity=1200 exact_waves=134 exact_scheduled=1200 exact_deferred=275 exact_wave=1200/1200 exact_queue_depth=0 exact_pending_instances=275 exact_s=218.040 exact_ok=1200 exact_margin_max=29.7756309484 exact_scan_mean_s=0.041 exact_bisect_mean_s=0.004 exact_polish_mean_s=0.294 exact_final_mean_s=0.008 exact_margin_abs_b_max=nan cache_hits=0 cache_misses=0 cache_waits=0
599	2500 	525.774	682.544    	1043.02    	182.679	34 	111.984	184	41.4113
Best individuals of this generation:
add(mul(x1, aq(x1, add(add(x1, a), x3))), mul(mul(sub(add(mul(x2, mul(aq(x2, add(a, x2)), x2)), exp(mul(sin(x4), x4))), mul(x3, sub(x2, x1))), aq(add(exp(a), add(x2, x1)), a)), add(add(mul(x3, add(add(x3, x1), x2)), add(x2, mul(mul(sub(add(mul(x2, mul(add(add(x3, x1), x2), x2)), exp(x1)), mul(x3, sub(x2, x4))), aq(add(x2, x1), x1)), add(exp(a), add(x2, aq(x2, x1)))))), add(add(mul(add(mul(aq(x2, x1), add(exp(a), add(x2, sin(aq(x2, add(x1, x4)))))), x1), mul(x3, x2)), exp(x1)), aq(add(x2, add(mul(a, x2), mul(x2, a))), x1)))))
GPU5 stages: candidates=2500 pre_s=22.794 cheap_candidates=1820 cheap_unique=1816 cheap_s=39.825/40.000 cheap_rejected=354 cheap_a_min=-0.193537003933 cheap_a_p50=0.000774450736497 cheap_a_p95=4.8264107588 cheap_a_max=13912.9236249 exact_a_gate=0.15 exact_provisional_penalty=3928.17976309 exact_candidates=1466 exact_unique=1462 full_exact_enabled=1 exact_capacity=1200 exact_waves=134 exact_scheduled=1200 exact_deferred=239 exact_wave=1200/1200 exact_queue_depth=0 exact_pending_instances=239 exact_s=213.933 exact_ok=1200 exact_margin_max=38.3324902859 exact_scan_mean_s=0.041 exact_bisect_mean_s=0.005 exact_polish_mean_s=0.294 exact_final_mean_s=0.011 exact_margin_abs_b_max=nan cache_hits=0 cache_misses=0 cache_waits=0
600	2500 	525.774	682.447    	1043.02    	182.724	34 	111.904	184	41.244 
Best individuals of this generation:
add(mul(x1, aq(x1, add(add(x1, a), x3))), mul(mul(sub(add(mul(x2, mul(aq(x2, add(a, x2)), x2)), exp(mul(sin(x4), x4))), mul(x3, sub(x2, x1))), aq(add(exp(a), add(x2, x1)), a)), add(add(mul(x3, add(add(x3, x1), x2)), add(x2, mul(mul(sub(add(mul(x2, mul(add(add(x3, x1), x2), x2)), exp(x1)), mul(x3, sub(x2, x4))), aq(add(x2, x1), x1)), add(exp(a), add(x2, aq(x2, x1)))))), add(add(mul(add(mul(aq(x2, x1), add(exp(a), add(x2, sin(aq(x2, add(x1, x4)))))), x1), mul(x3, x2)), exp(x1)), aq(add(x2, add(mul(a, x2), mul(x2, a))), x1)))))
GPU5 stages: candidates=2500 pre_s=22.998 cheap_candidates=1874 cheap_unique=1869 cheap_s=40.444/40.000 cheap_rejected=359 cheap_a_min=-0.15196188793 cheap_a_p50=0.000464803845957 cheap_a_p95=5.39347321487 cheap_a_max=31831.4034522 exact_a_gate=0.15 exact_provisional_penalty=3928.17976309 exact_candidates=1515 exact_unique=1510 full_exact_enabled=1 exact_capacity=1200 exact_waves=134 exact_scheduled=1200 exact_deferred=288 exact_wave=1200/1200 exact_queue_depth=0 exact_pending_instances=288 exact_s=214.649 exact_ok=1200 exact_margin_max=150.025973971 exact_scan_mean_s=0.040 exact_bisect_mean_s=0.004 exact_polish_mean_s=0.284 exact_final_mean_s=0.014 exact_margin_abs_b_max=nan cache_hits=0 cache_misses=0 cache_waits=0
601	2500 	525.774	682.315    	1043.02    	182.793	34 	111.767	184	41.1293
Best individuals of this generation:
add(mul(x1, aq(x1, add(add(x1, a), x3))), mul(mul(sub(add(mul(x2, mul(aq(x2, add(a, x2)), x2)), exp(mul(sin(x4), x4))), mul(x3, sub(x2, x1))), aq(add(exp(a), add(x2, x1)), a)), add(add(mul(x3, add(add(x3, x1), x2)), add(x2, mul(mul(sub(add(mul(x2, mul(add(add(x3, x1), x2), x2)), exp(x1)), mul(x3, sub(x2, x4))), aq(add(x2, x1), x1)), add(exp(a), add(x2, aq(x2, x1)))))), add(add(mul(add(mul(aq(x2, x1), add(exp(a), add(x2, sin(aq(x2, add(x1, x4)))))), x1), mul(x3, x2)), exp(x1)), aq(add(x2, add(mul(a, x2), mul(x2, a))), x1)))))
GPU5 stages: candidates=2500 pre_s=23.066 cheap_candidates=1893 cheap_unique=1884 cheap_s=39.918/40.000 cheap_rejected=323 cheap_a_min=-0.308118000512 cheap_a_p50=0.000249475568493 cheap_a_p95=3.7966860979 cheap_a_max=22078.3786553 exact_a_gate=0.15 exact_provisional_penalty=3928.17976309 exact_candidates=1570 exact_unique=1561 full_exact_enabled=1 exact_capacity=1200 exact_waves=134 exact_scheduled=1200 exact_deferred=332 exact_wave=1200/1200 exact_queue_depth=0 exact_pending_instances=334 exact_s=205.035 exact_ok=1200 exact_margin_max=967.414637615 exact_scan_mean_s=0.042 exact_bisect_mean_s=0.003 exact_polish_mean_s=0.285 exact_final_mean_s=0.010 exact_margin_abs_b_max=nan cache_hits=0 cache_misses=0 cache_waits=0
602	2500 	525.774	682.185    	1043.01    	182.853	34 	111.648	184	40.883 
Best individuals of this generation:
add(mul(x1, aq(x1, add(add(x1, a), x3))), mul(mul(sub(add(mul(x2, mul(aq(x2, add(a, x2)), x2)), exp(mul(sin(x4), x4))), mul(x3, sub(x2, x1))), aq(add(exp(a), add(x2, x1)), a)), add(add(mul(x3, add(add(x3, x1), x2)), add(x2, mul(mul(sub(add(mul(x2, mul(add(add(x3, x1), x2), x2)), exp(x1)), mul(x3, sub(x2, x4))), aq(add(x2, x1), x1)), add(exp(a), add(x2, aq(x2, x1)))))), add(add(mul(add(mul(aq(x2, x1), add(exp(a), add(x2, sin(aq(x2, add(x1, x4)))))), x1), mul(x3, x2)), exp(x1)), aq(add(x2, add(mul(a, x2), mul(x2, a))), x1)))))
GPU5 stages: candidates=2500 pre_s=29.305 cheap_candidates=1881 cheap_unique=1876 cheap_s=40.431/40.000 cheap_rejected=335 cheap_a_min=-0.217318922348 cheap_a_p50=0.000337047638722 cheap_a_p95=3.72132848402 cheap_a_max=46722.9890802 exact_a_gate=0.15 exact_provisional_penalty=3928.17976309 exact_candidates=1546 exact_unique=1541 full_exact_enabled=1 exact_capacity=1200 exact_waves=134 exact_scheduled=1200 exact_deferred=315 exact_wave=1200/1200 exact_queue_depth=0 exact_pending_instances=315 exact_s=203.476 exact_ok=1200 exact_margin_max=1630.43910625 exact_scan_mean_s=0.042 exact_bisect_mean_s=0.003 exact_polish_mean_s=0.278 exact_final_mean_s=0.015 exact_margin_abs_b_max=nan cache_hits=0 cache_misses=0 cache_waits=0
603	2500 	525.774	682.016    	1043.01    	182.942	34 	111.478	184	40.7158
Best individuals of this generation:
add(mul(x1, aq(x1, add(add(x1, a), x3))), mul(mul(sub(add(mul(x2, mul(aq(x2, add(a, x2)), x2)), exp(mul(sin(x4), x4))), mul(x3, sub(x2, x1))), aq(add(exp(a), add(x2, x1)), a)), add(add(mul(x3, add(add(x3, x1), x2)), add(x2, mul(mul(sub(add(mul(x2, mul(add(add(x3, x1), x2), x2)), exp(x1)), mul(x3, sub(x2, x4))), aq(add(x2, x1), x1)), add(exp(a), add(x2, aq(x2, x1)))))), add(add(mul(add(mul(aq(x2, x1), add(exp(a), add(x2, sin(aq(x2, add(x1, x4)))))), x1), mul(x3, x2)), exp(x1)), aq(add(x2, add(mul(a, x2), mul(x2, a))), x1)))))
GPU5 stages: candidates=2500 pre_s=22.868 cheap_candidates=1873 cheap_unique=1869 cheap_s=40.030/40.000 cheap_rejected=353 cheap_a_min=-46.1742368959 cheap_a_p50=0.000402558806501 cheap_a_p95=5.3746417287 cheap_a_max=1581.56813415 exact_a_gate=0.15 exact_provisional_penalty=3928.17976309 exact_candidates=1520 exact_unique=1516 full_exact_enabled=1 exact_capacity=1200 exact_waves=134 exact_scheduled=1200 exact_deferred=289 exact_wave=1200/1200 exact_queue_depth=0 exact_pending_instances=290 exact_s=212.766 exact_ok=1200 exact_margin_max=179.390432157 exact_scan_mean_s=0.042 exact_bisect_mean_s=0.006 exact_polish_mean_s=0.286 exact_final_mean_s=0.018 exact_margin_abs_b_max=nan cache_hits=0 cache_misses=0 cache_waits=0
604	2500 	525.774	681.879    	1043       	183.009	34 	111.428	184	40.5163
Best individuals of this generation:
add(mul(x1, aq(x1, add(add(x1, a), x3))), mul(mul(sub(add(mul(x2, mul(aq(x2, add(a, x2)), x2)), exp(mul(sin(x4), x4))), mul(x3, sub(x2, x1))), aq(add(exp(a), add(x2, x1)), a)), add(add(mul(x3, add(add(x3, x1), x2)), add(x2, mul(mul(sub(add(mul(x2, mul(add(add(x3, x1), x2), x2)), exp(x1)), mul(x3, sub(x2, x4))), aq(add(x2, x1), x1)), add(exp(a), add(x2, aq(x2, x1)))))), add(add(mul(add(mul(aq(x2, x1), add(exp(a), add(x2, sin(aq(x2, add(x1, x4)))))), x1), mul(x3, x2)), exp(x1)), aq(add(x2, add(mul(a, x2), mul(x2, a))), x1)))))
GPU5 stages: candidates=2500 pre_s=22.922 cheap_candidates=1892 cheap_unique=1888 cheap_s=39.947/40.000 cheap_rejected=352 cheap_a_min=-1.01328373387 cheap_a_p50=0.000484898762222 cheap_a_p95=4.62198041484 cheap_a_max=2515.10036546 exact_a_gate=0.15 exact_provisional_penalty=3928.17976309 exact_candidates=1540 exact_unique=1536 full_exact_enabled=1 exact_capacity=1200 exact_waves=134 exact_scheduled=1200 exact_deferred=308 exact_wave=1200/1200 exact_queue_depth=0 exact_pending_instances=308 exact_s=212.361 exact_ok=1200 exact_margin_max=35.8566206691 exact_scan_mean_s=0.042 exact_bisect_mean_s=0.003 exact_polish_mean_s=0.277 exact_final_mean_s=0.012 exact_margin_abs_b_max=nan cache_hits=0 cache_misses=0 cache_waits=0
605	2500 	525.774	681.755    	1042.99    	183.072	34 	111.108	184	40.3795
Best individuals of this generation:
add(mul(x1, aq(x1, add(add(x1, a), x3))), mul(mul(sub(add(mul(x2, mul(aq(x2, add(a, x2)), x2)), exp(mul(sin(x4), x4))), mul(x3, sub(x2, x1))), aq(add(exp(a), add(x2, x1)), a)), add(add(mul(x3, add(add(x3, x1), x2)), add(x2, mul(mul(sub(add(mul(x2, mul(add(add(x3, x1), x2), x2)), exp(x1)), mul(x3, sub(x2, x4))), aq(add(x2, x1), x1)), add(exp(a), add(x2, aq(x2, x1)))))), add(add(mul(add(mul(aq(x2, x1), add(exp(a), add(x2, sin(aq(x2, add(x1, x4)))))), x1), mul(x3, x2)), exp(x1)), aq(add(x2, add(mul(a, x2), mul(x2, a))), x1)))))
GPU5 stages: candidates=2500 pre_s=23.084 cheap_candidates=1859 cheap_unique=1851 cheap_s=41.692/40.000 cheap_rejected=369 cheap_a_min=-0.25004165275 cheap_a_p50=0.000569692934701 cheap_a_p95=4.9435346493 cheap_a_max=8463.07517951 exact_a_gate=0.15 exact_provisional_penalty=3928.17976309 exact_candidates=1490 exact_unique=1482 full_exact_enabled=1 exact_capacity=1200 exact_waves=134 exact_scheduled=1200 exact_deferred=252 exact_wave=1200/1200 exact_queue_depth=0 exact_pending_instances=252 exact_s=214.562 exact_ok=1200 exact_margin_max=624.666782294 exact_scan_mean_s=0.041 exact_bisect_mean_s=0.003 exact_polish_mean_s=0.291 exact_final_mean_s=0.013 exact_margin_abs_b_max=nan cache_hits=0 cache_misses=0 cache_waits=0
606	2500 	525.774	681.682    	1042.99    	183.109	34 	111.099	184	40.2352
Best individuals of this generation:
add(mul(x1, aq(x1, add(add(x1, a), x3))), mul(mul(sub(add(mul(x2, mul(aq(x2, add(a, x2)), x2)), exp(mul(sin(x4), x4))), mul(x3, sub(x2, x1))), aq(add(exp(a), add(x2, x1)), a)), add(add(mul(x3, add(add(x3, x1), x2)), add(x2, mul(mul(sub(add(mul(x2, mul(add(add(x3, x1), x2), x2)), exp(x1)), mul(x3, sub(x2, x4))), aq(add(x2, x1), x1)), add(exp(a), add(x2, aq(x2, x1)))))), add(add(mul(add(mul(aq(x2, x1), add(exp(a), add(x2, sin(aq(x2, add(x1, x4)))))), x1), mul(x3, x2)), exp(x1)), aq(add(x2, add(mul(a, x2), mul(x2, a))), x1)))))
GPU5 stages: candidates=2500 pre_s=22.979 cheap_candidates=1862 cheap_unique=1859 cheap_s=41.068/40.000 cheap_rejected=324 cheap_a_min=-0.232501982263 cheap_a_p50=0.00044524899059 cheap_a_p95=3.22131384481 cheap_a_max=1539.82094501 exact_a_gate=0.15 exact_provisional_penalty=3928.17976309 exact_candidates=1538 exact_unique=1535 full_exact_enabled=1 exact_capacity=1200 exact_waves=134 exact_scheduled=1200 exact_deferred=302 exact_wave=1200/1200 exact_queue_depth=0 exact_pending_instances=302 exact_s=216.180 exact_ok=1200 exact_margin_max=46.3070943758 exact_scan_mean_s=0.043 exact_bisect_mean_s=0.005 exact_polish_mean_s=0.289 exact_final_mean_s=0.019 exact_margin_abs_b_max=nan cache_hits=0 cache_misses=0 cache_waits=0
607	2500 	525.774	681.62     	1042.99    	183.143	34 	110.902	184	40.1129
Best individuals of this generation:
add(mul(x1, aq(x1, add(add(x1, a), x3))), mul(mul(sub(add(mul(x2, mul(aq(x2, add(a, x2)), x2)), exp(mul(sin(x4), x4))), mul(x3, sub(x2, x1))), aq(add(exp(a), add(x2, x1)), a)), add(add(mul(x3, add(add(x3, x1), x2)), add(x2, mul(mul(sub(add(mul(x2, mul(add(add(x3, x1), x2), x2)), exp(x1)), mul(x3, sub(x2, x4))), aq(add(x2, x1), x1)), add(exp(a), add(x2, aq(x2, x1)))))), add(add(mul(add(mul(aq(x2, x1), add(exp(a), add(x2, sin(aq(x2, add(x1, x4)))))), x1), mul(x3, x2)), exp(x1)), aq(add(x2, add(mul(a, x2), mul(x2, a))), x1)))))
GPU5 stages: candidates=2500 pre_s=22.774 cheap_candidates=1868 cheap_unique=1854 cheap_s=39.568/40.000 cheap_rejected=343 cheap_a_min=-0.21342691553 cheap_a_p50=0.000385676007069 cheap_a_p95=5.27350277487 cheap_a_max=2312.50305408 exact_a_gate=0.15 exact_provisional_penalty=3928.17976309 exact_candidates=1525 exact_unique=1511 full_exact_enabled=1 exact_capacity=1200 exact_waves=134 exact_scheduled=1200 exact_deferred=278 exact_wave=1200/1200 exact_queue_depth=0 exact_pending_instances=280 exact_s=218.317 exact_ok=1200 exact_margin_max=165.557852956 exact_scan_mean_s=0.042 exact_bisect_mean_s=0.005 exact_polish_mean_s=0.293 exact_final_mean_s=0.015 exact_margin_abs_b_max=nan cache_hits=0 cache_misses=0 cache_waits=0
608	2500 	525.774	681.581    	1042.98    	183.163	34 	110.834	184	39.7655
Best individuals of this generation:
add(mul(x1, aq(x1, add(add(x1, a), x3))), mul(mul(sub(add(mul(x2, mul(aq(x2, add(a, x2)), x2)), exp(mul(sin(x4), x4))), mul(x3, sub(x2, x1))), aq(add(exp(a), add(x2, x1)), a)), add(add(mul(x3, add(add(x3, x1), x2)), add(x2, mul(mul(sub(add(mul(x2, mul(add(add(x3, x1), x2), x2)), exp(x1)), mul(x3, sub(x2, x4))), aq(add(x2, x1), x1)), add(exp(a), add(x2, aq(x2, x1)))))), add(add(mul(add(mul(aq(x2, x1), add(exp(a), add(x2, sin(aq(x2, add(x1, x4)))))), x1), mul(x3, x2)), exp(x1)), aq(add(x2, add(mul(a, x2), mul(x2, a))), x1)))))
GPU5 stages: candidates=2500 pre_s=22.829 cheap_candidates=1875 cheap_unique=1863 cheap_s=40.646/40.000 cheap_rejected=342 cheap_a_min=-0.303792574158 cheap_a_p50=0.000588310745153 cheap_a_p95=5.20685155539 cheap_a_max=4163.64087911 exact_a_gate=0.15 exact_provisional_penalty=3928.17976309 exact_candidates=1533 exact_unique=1521 full_exact_enabled=1 exact_capacity=1200 exact_waves=134 exact_scheduled=1200 exact_deferred=289 exact_wave=1200/1200 exact_queue_depth=0 exact_pending_instances=289 exact_s=217.611 exact_ok=1200 exact_margin_max=230.970498011 exact_scan_mean_s=0.040 exact_bisect_mean_s=0.004 exact_polish_mean_s=0.292 exact_final_mean_s=0.011 exact_margin_abs_b_max=nan cache_hits=0 cache_misses=0 cache_waits=0
609	2500 	525.774	681.538    	1042.98    	183.183	34 	110.678	184	39.4394
Best individuals of this generation:
add(mul(x1, aq(x1, add(add(x1, a), x3))), mul(mul(sub(add(mul(x2, mul(aq(x2, add(a, x2)), x2)), exp(mul(sin(x4), x4))), mul(x3, sub(x2, x1))), aq(add(exp(a), add(x2, x1)), a)), add(add(mul(x3, add(add(x3, x1), x2)), add(x2, mul(mul(sub(add(mul(x2, mul(add(add(x3, x1), x2), x2)), exp(x1)), mul(x3, sub(x2, x4))), aq(add(x2, x1), x1)), add(exp(a), add(x2, aq(x2, x1)))))), add(add(mul(add(mul(aq(x2, x1), add(exp(a), add(x2, sin(aq(x2, add(x1, x4)))))), x1), mul(x3, x2)), exp(x1)), aq(add(x2, add(mul(a, x2), mul(x2, a))), x1)))))
GPU5 stages: candidates=2500 pre_s=22.772 cheap_candidates=1839 cheap_unique=1835 cheap_s=40.464/40.000 cheap_rejected=350 cheap_a_min=-0.362173429 cheap_a_p50=0.000591467076231 cheap_a_p95=6.29389613362 cheap_a_max=2453.97671505 exact_a_gate=0.15 exact_provisional_penalty=3928.17976309 exact_candidates=1489 exact_unique=1485 full_exact_enabled=1 exact_capacity=1200 exact_waves=134 exact_scheduled=1200 exact_deferred=260 exact_wave=1200/1200 exact_queue_depth=0 exact_pending_instances=260 exact_s=219.891 exact_ok=1200 exact_margin_max=36.0983467986 exact_scan_mean_s=0.042 exact_bisect_mean_s=0.004 exact_polish_mean_s=0.295 exact_final_mean_s=0.012 exact_margin_abs_b_max=nan cache_hits=0 cache_misses=0 cache_waits=0
610	2500 	525.774	681.511    	1042.98    	183.196	34 	110.558	184	39.3015
Best individuals of this generation:
add(mul(x1, aq(x1, add(add(x1, a), x3))), mul(mul(sub(add(mul(x2, mul(aq(x2, add(a, x2)), x2)), exp(mul(sin(x4), x4))), mul(x3, sub(x2, x1))), aq(add(exp(a), add(x2, x1)), a)), add(add(mul(x3, add(add(x3, x1), x2)), add(x2, mul(mul(sub(add(mul(x2, mul(add(add(x3, x1), x2), x2)), exp(x1)), mul(x3, sub(x2, x4))), aq(add(x2, x1), x1)), add(exp(a), add(x2, aq(x2, x1)))))), add(add(mul(add(mul(aq(x2, x1), add(exp(a), add(x2, sin(aq(x2, add(x1, x4)))))), x1), mul(x3, x2)), exp(x1)), aq(add(x2, add(mul(a, x2), mul(x2, a))), x1)))))
GPU5 stages: candidates=2500 pre_s=22.880 cheap_candidates=1867 cheap_unique=1863 cheap_s=40.048/40.000 cheap_rejected=367 cheap_a_min=-0.130336947472 cheap_a_p50=0.000791747488985 cheap_a_p95=5.56448381414 cheap_a_max=6116.94693396 exact_a_gate=0.15 exact_provisional_penalty=3928.17976309 exact_candidates=1500 exact_unique=1497 full_exact_enabled=1 exact_capacity=1200 exact_waves=134 exact_scheduled=1200 exact_deferred=268 exact_wave=1200/1200 exact_queue_depth=0 exact_pending_instances=268 exact_s=212.081 exact_ok=1200 exact_margin_max=34.9597860753 exact_scan_mean_s=0.042 exact_bisect_mean_s=0.005 exact_polish_mean_s=0.289 exact_final_mean_s=0.017 exact_margin_abs_b_max=nan cache_hits=0 cache_misses=0 cache_waits=0
611	2500 	525.774	681.494    	1042.96    	183.202	34 	110.392	184	39.2047
Best individuals of this generation:
add(mul(x1, aq(x1, add(add(x1, a), x3))), mul(mul(sub(add(mul(x2, mul(aq(x2, add(a, x2)), x2)), exp(mul(sin(x4), x4))), mul(x3, sub(x2, x1))), aq(add(exp(a), add(x2, x1)), a)), add(add(mul(x3, add(add(x3, x1), x2)), add(x2, mul(mul(sub(add(mul(x2, mul(add(add(x3, x1), x2), x2)), exp(x1)), mul(x3, sub(x2, x4))), aq(add(x2, x1), x1)), add(exp(a), add(x2, aq(x2, x1)))))), add(add(mul(add(mul(aq(x2, x1), add(exp(a), add(x2, sin(aq(x2, add(x1, x4)))))), x1), mul(x3, x2)), exp(x1)), aq(add(x2, add(mul(a, x2), mul(x2, a))), x1)))))
GPU5 stages: candidates=2500 pre_s=22.931 cheap_candidates=1898 cheap_unique=1892 cheap_s=39.732/40.000 cheap_rejected=376 cheap_a_min=-0.181906054713 cheap_a_p50=0.000269702381566 cheap_a_p95=8.23974205214 cheap_a_max=24940.0247751 exact_a_gate=0.15 exact_provisional_penalty=3928.17976309 exact_candidates=1522 exact_unique=1516 full_exact_enabled=1 exact_capacity=1200 exact_waves=134 exact_scheduled=1200 exact_deferred=280 exact_wave=1200/1200 exact_queue_depth=0 exact_pending_instances=280 exact_s=206.404 exact_ok=1200 exact_margin_max=47.2943934306 exact_scan_mean_s=0.041 exact_bisect_mean_s=0.004 exact_polish_mean_s=0.285 exact_final_mean_s=0.019 exact_margin_abs_b_max=nan cache_hits=0 cache_misses=0 cache_waits=0
612	2500 	525.774	681.474    	1042.96    	183.21 	34 	110.256	184	38.9918
Best individuals of this generation:
add(mul(x1, aq(x1, add(add(x1, a), x3))), mul(mul(sub(add(mul(x2, mul(aq(x2, add(a, x2)), x2)), exp(mul(sin(x4), x4))), mul(x3, sub(x2, x1))), aq(add(exp(a), add(x2, x1)), a)), add(add(mul(x3, add(add(x3, x1), x2)), add(x2, mul(mul(sub(add(mul(x2, mul(add(add(x3, x1), x2), x2)), exp(x1)), mul(x3, sub(x2, x4))), aq(add(x2, x1), x1)), add(exp(a), add(x2, aq(x2, x1)))))), add(add(mul(add(mul(aq(x2, x1), add(exp(a), add(x2, sin(aq(x2, add(x1, x4)))))), x1), mul(x3, x2)), exp(x1)), aq(add(x2, add(mul(a, x2), mul(x2, a))), x1)))))
GPU5 stages: candidates=2500 pre_s=23.012 cheap_candidates=1834 cheap_unique=1828 cheap_s=40.304/40.000 cheap_rejected=339 cheap_a_min=-0.214677122199 cheap_a_p50=0.000453604455137 cheap_a_p95=6.28482490362 cheap_a_max=4530.66681721 exact_a_gate=0.15 exact_provisional_penalty=6223.7191908 exact_candidates=1495 exact_unique=1489 full_exact_enabled=1 exact_capacity=1200 exact_waves=134 exact_scheduled=1200 exact_deferred=264 exact_wave=1200/1200 exact_queue_depth=0 exact_pending_instances=264 exact_s=214.502 exact_ok=1200 exact_margin_max=438.021139929 exact_scan_mean_s=0.040 exact_bisect_mean_s=0.003 exact_polish_mean_s=0.282 exact_final_mean_s=0.010 exact_margin_abs_b_max=nan cache_hits=0 cache_misses=0 cache_waits=0
613	2500 	525.774	681.454    	1042.95    	183.218	34 	110.209	184	38.8665
Best individuals of this generation:
add(mul(x1, aq(x1, add(add(x1, a), x3))), mul(mul(sub(add(mul(x2, mul(aq(x2, add(a, x2)), x2)), exp(mul(sin(x4), x4))), mul(x3, sub(x2, x1))), aq(add(exp(a), add(x2, x1)), a)), add(add(mul(x3, add(add(x3, x1), x2)), add(x2, mul(mul(sub(add(mul(x2, mul(add(add(x3, x1), x2), x2)), exp(x1)), mul(x3, sub(x2, x4))), aq(add(x2, x1), x1)), add(exp(a), add(x2, aq(x2, x1)))))), add(add(mul(add(mul(aq(x2, x1), add(exp(a), add(x2, sin(aq(x2, add(x1, x4)))))), x1), mul(x3, x2)), exp(x1)), aq(add(x2, add(mul(a, x2), mul(x2, a))), x1)))))
GPU5 stages: candidates=2500 pre_s=23.077 cheap_candidates=1868 cheap_unique=1858 cheap_s=39.206/40.000 cheap_rejected=342 cheap_a_min=-0.241790571772 cheap_a_p50=0.000446636632024 cheap_a_p95=5.74256060779 cheap_a_max=7159.14125698 exact_a_gate=0.15 exact_provisional_penalty=3928.17976309 exact_candidates=1526 exact_unique=1516 full_exact_enabled=1 exact_capacity=1200 exact_waves=134 exact_scheduled=1200 exact_deferred=282 exact_wave=1200/1200 exact_queue_depth=0 exact_pending_instances=282 exact_s=210.148 exact_ok=1200 exact_margin_max=2762.7933199 exact_scan_mean_s=0.041 exact_bisect_mean_s=0.004 exact_polish_mean_s=0.274 exact_final_mean_s=0.011 exact_margin_abs_b_max=nan cache_hits=0 cache_misses=0 cache_waits=0
614	2500 	525.774	681.433    	1042.93    	183.226	34 	110.073	184	38.7627
Best individuals of this generation:
add(mul(x1, aq(x1, add(add(x1, a), x3))), mul(mul(sub(add(mul(x2, mul(aq(x2, add(a, x2)), x2)), exp(mul(sin(x4), x4))), mul(x3, sub(x2, x1))), aq(add(exp(a), add(x2, x1)), a)), add(add(mul(x3, add(add(x3, x1), x2)), add(x2, mul(mul(sub(add(mul(x2, mul(add(add(x3, x1), x2), x2)), exp(x1)), mul(x3, sub(x2, x4))), aq(add(x2, x1), x1)), add(exp(a), add(x2, aq(x2, x1)))))), add(add(mul(add(mul(aq(x2, x1), add(exp(a), add(x2, sin(aq(x2, add(x1, x4)))))), x1), mul(x3, x2)), exp(x1)), aq(add(x2, add(mul(a, x2), mul(x2, a))), x1)))))
GPU5 stages: candidates=2500 pre_s=22.840 cheap_candidates=1882 cheap_unique=1877 cheap_s=39.755/40.000 cheap_rejected=380 cheap_a_min=-0.426986600767 cheap_a_p50=0.000616461220826 cheap_a_p95=8.24988616373 cheap_a_max=2306.91912131 exact_a_gate=0.15 exact_provisional_penalty=3928.17976309 exact_candidates=1502 exact_unique=1497 full_exact_enabled=1 exact_capacity=1200 exact_waves=134 exact_scheduled=1200 exact_deferred=259 exact_wave=1200/1200 exact_queue_depth=0 exact_pending_instances=259 exact_s=221.286 exact_ok=1200 exact_margin_max=208.21930304 exact_scan_mean_s=0.040 exact_bisect_mean_s=0.003 exact_polish_mean_s=0.297 exact_final_mean_s=0.011 exact_margin_abs_b_max=nan cache_hits=0 cache_misses=0 cache_waits=0
615	2500 	525.774	681.417    	1042.92    	183.235	34 	109.834	184	38.6307
Best individuals of this generation:
add(mul(x1, aq(x1, add(add(x1, a), x3))), mul(mul(sub(add(mul(x2, mul(aq(x2, add(a, x2)), x2)), exp(mul(sin(x4), x4))), mul(x3, sub(x2, x1))), aq(add(exp(a), add(x2, x1)), a)), add(add(mul(x3, add(add(x3, x1), x2)), add(x2, mul(mul(sub(add(mul(x2, mul(add(add(x3, x1), x2), x2)), exp(x1)), mul(x3, sub(x2, x4))), aq(add(x2, x1), x1)), add(exp(a), add(x2, aq(x2, x1)))))), add(add(mul(add(mul(aq(x2, x1), add(exp(a), add(x2, sin(aq(x2, add(x1, x4)))))), x1), mul(x3, x2)), exp(x1)), aq(add(x2, add(mul(a, x2), mul(x2, a))), x1)))))
GPU5 stages: candidates=2500 pre_s=23.104 cheap_candidates=1862 cheap_unique=1859 cheap_s=40.285/40.000 cheap_rejected=378 cheap_a_min=-0.211872885974 cheap_a_p50=0.000582383566644 cheap_a_p95=6.76818676528 cheap_a_max=20610.4097851 exact_a_gate=0.15 exact_provisional_penalty=3928.17976309 exact_candidates=1484 exact_unique=1481 full_exact_enabled=1 exact_capacity=1200 exact_waves=134 exact_scheduled=1200 exact_deferred=254 exact_wave=1200/1200 exact_queue_depth=0 exact_pending_instances=254 exact_s=223.656 exact_ok=1200 exact_margin_max=18.3153147969 exact_scan_mean_s=0.041 exact_bisect_mean_s=0.004 exact_polish_mean_s=0.290 exact_final_mean_s=0.012 exact_margin_abs_b_max=nan cache_hits=0 cache_misses=0 cache_waits=0
616	2500 	525.774	681.403    	1042.91    	183.241	34 	109.63 	184	38.5652
Best individuals of this generation:
add(mul(x1, aq(x1, add(add(x1, a), x3))), mul(mul(sub(add(mul(x2, mul(aq(x2, add(a, x2)), x2)), exp(mul(sin(x4), x4))), mul(x3, sub(x2, x1))), aq(add(exp(a), add(x2, x1)), a)), add(add(mul(x3, add(add(x3, x1), x2)), add(x2, mul(mul(sub(add(mul(x2, mul(add(add(x3, x1), x2), x2)), exp(x1)), mul(x3, sub(x2, x4))), aq(add(x2, x1), x1)), add(exp(a), add(x2, aq(x2, x1)))))), add(add(mul(add(mul(aq(x2, x1), add(exp(a), add(x2, sin(aq(x2, add(x1, x4)))))), x1), mul(x3, x2)), exp(x1)), aq(add(x2, add(mul(a, x2), mul(x2, a))), x1)))))
GPU5 stages: candidates=2500 pre_s=22.887 cheap_candidates=1887 cheap_unique=1880 cheap_s=39.416/40.000 cheap_rejected=342 cheap_a_min=-0.181561858562 cheap_a_p50=0.000414755330015 cheap_a_p95=6.493545205 cheap_a_max=3736.32609903 exact_a_gate=0.15 exact_provisional_penalty=3928.17976309 exact_candidates=1545 exact_unique=1538 full_exact_enabled=1 exact_capacity=1200 exact_waves=134 exact_scheduled=1200 exact_deferred=309 exact_wave=1200/1200 exact_queue_depth=0 exact_pending_instances=310 exact_s=208.786 exact_ok=1200 exact_margin_max=418.211978192 exact_scan_mean_s=0.040 exact_bisect_mean_s=0.004 exact_polish_mean_s=0.280 exact_final_mean_s=0.015 exact_margin_abs_b_max=nan cache_hits=0 cache_misses=0 cache_waits=0
617	2500 	525.774	681.393    	1042.9     	183.243	34 	109.544	184	38.4228
Best individuals of this generation:
add(mul(x1, aq(x1, add(add(x1, a), x3))), mul(mul(sub(add(mul(x2, mul(aq(x2, add(a, x2)), x2)), exp(mul(sin(x4), x4))), mul(x3, sub(x2, x1))), aq(add(exp(a), add(x2, x1)), a)), add(add(mul(x3, add(add(x3, x1), x2)), add(x2, mul(mul(sub(add(mul(x2, mul(add(add(x3, x1), x2), x2)), exp(x1)), mul(x3, sub(x2, x4))), aq(add(x2, x1), x1)), add(exp(a), add(x2, aq(x2, x1)))))), add(add(mul(add(mul(aq(x2, x1), add(exp(a), add(x2, sin(aq(x2, add(x1, x4)))))), x1), mul(x3, x2)), exp(x1)), aq(add(x2, add(mul(a, x2), mul(x2, a))), x1)))))
GPU5 stages: candidates=2500 pre_s=22.763 cheap_candidates=1872 cheap_unique=1863 cheap_s=39.538/40.000 cheap_rejected=362 cheap_a_min=-0.296676136007 cheap_a_p50=0.000422754742688 cheap_a_p95=8.23146535524 cheap_a_max=1446029.86773 exact_a_gate=0.15 exact_provisional_penalty=3928.17976309 exact_candidates=1510 exact_unique=1501 full_exact_enabled=1 exact_capacity=1200 exact_waves=134 exact_scheduled=1200 exact_deferred=271 exact_wave=1200/1200 exact_queue_depth=0 exact_pending_instances=272 exact_s=208.025 exact_ok=1200 exact_margin_max=207.67179407 exact_scan_mean_s=0.042 exact_bisect_mean_s=0.005 exact_polish_mean_s=0.283 exact_final_mean_s=0.016 exact_margin_abs_b_max=nan cache_hits=0 cache_misses=0 cache_waits=0
618	2500 	525.774	681.373    	1042.9     	183.254	34 	109.411	184	38.3604
Best individuals of this generation:
add(mul(x1, aq(x1, add(add(x1, a), x3))), mul(mul(sub(add(mul(x2, mul(aq(x2, add(a, x2)), x2)), exp(mul(sin(x4), x4))), mul(x3, sub(x2, x1))), aq(add(exp(a), add(x2, x1)), a)), add(add(mul(x3, add(add(x3, x1), x2)), add(x2, mul(mul(sub(add(mul(x2, mul(add(add(x3, x1), x2), x2)), exp(x1)), mul(x3, sub(x2, x4))), aq(add(x2, x1), x1)), add(exp(a), add(x2, aq(x2, x1)))))), add(add(mul(add(mul(aq(x2, x1), add(exp(a), add(x2, sin(aq(x2, add(x1, x4)))))), x1), mul(x3, x2)), exp(x1)), aq(add(x2, add(mul(a, x2), mul(x2, a))), x1)))))
GPU5 stages: candidates=2500 pre_s=22.965 cheap_candidates=1845 cheap_unique=1837 cheap_s=39.287/40.000 cheap_rejected=354 cheap_a_min=-0.358658881347 cheap_a_p50=0.000464143659019 cheap_a_p95=5.93329694587 cheap_a_max=4964.68676683 exact_a_gate=0.15 exact_provisional_penalty=3928.17976309 exact_candidates=1491 exact_unique=1483 full_exact_enabled=1 exact_capacity=1200 exact_waves=134 exact_scheduled=1200 exact_deferred=241 exact_wave=1200/1200 exact_queue_depth=0 exact_pending_instances=241 exact_s=223.167 exact_ok=1200 exact_margin_max=1497.97294035 exact_scan_mean_s=0.041 exact_bisect_mean_s=0.004 exact_polish_mean_s=0.302 exact_final_mean_s=0.013 exact_margin_abs_b_max=nan cache_hits=0 cache_misses=0 cache_waits=0
619	2500 	525.774	681.351    	1042.9     	183.263	34 	109.116	184	38.2147
Best individuals of this generation:
add(mul(x1, aq(x1, add(add(x1, a), x3))), mul(mul(sub(add(mul(x2, mul(aq(x2, add(a, x2)), x2)), exp(mul(sin(x4), x4))), mul(x3, sub(x2, x1))), aq(add(exp(a), add(x2, x1)), a)), add(add(mul(x3, add(add(x3, x1), x2)), add(x2, mul(mul(sub(add(mul(x2, mul(add(add(x3, x1), x2), x2)), exp(x1)), mul(x3, sub(x2, x4))), aq(add(x2, x1), x1)), add(exp(a), add(x2, aq(x2, x1)))))), add(add(mul(add(mul(aq(x2, x1), add(exp(a), add(x2, sin(aq(x2, add(x1, x4)))))), x1), mul(x3, x2)), exp(x1)), aq(add(x2, add(mul(a, x2), mul(x2, a))), x1)))))
GPU5 stages: candidates=2500 pre_s=22.902 cheap_candidates=1894 cheap_unique=1885 cheap_s=40.835/40.000 cheap_rejected=361 cheap_a_min=-0.113871507688 cheap_a_p50=0.000680767998801 cheap_a_p95=5.62866937352 cheap_a_max=5212.33961813 exact_a_gate=0.15 exact_provisional_penalty=5558.42100724 exact_candidates=1533 exact_unique=1524 full_exact_enabled=1 exact_capacity=1200 exact_waves=134 exact_scheduled=1200 exact_deferred=289 exact_wave=1200/1200 exact_queue_depth=0 exact_pending_instances=290 exact_s=208.800 exact_ok=1200 exact_margin_max=69.8938325125 exact_scan_mean_s=0.042 exact_bisect_mean_s=0.002 exact_polish_mean_s=0.286 exact_final_mean_s=0.006 exact_margin_abs_b_max=nan cache_hits=0 cache_misses=0 cache_waits=0
620	2500 	525.774	681.34     	1042.87    	183.265	34 	108.867	184	38.1346
Best individuals of this generation:
add(mul(x1, aq(x1, add(add(x1, a), x3))), mul(mul(sub(add(mul(x2, mul(aq(x2, add(a, x2)), x2)), exp(mul(sin(x4), x4))), mul(x3, sub(x2, x1))), aq(add(exp(a), add(x2, x1)), a)), add(add(mul(x3, add(add(x3, x1), x2)), add(x2, mul(mul(sub(add(mul(x2, mul(add(add(x3, x1), x2), x2)), exp(x1)), mul(x3, sub(x2, x4))), aq(add(x2, x1), x1)), add(exp(a), add(x2, aq(x2, x1)))))), add(add(mul(add(mul(aq(x2, x1), add(exp(a), add(x2, sin(aq(x2, add(x1, x4)))))), x1), mul(x3, x2)), exp(x1)), aq(add(x2, add(mul(a, x2), mul(x2, a))), x1)))))
GPU5 stages: candidates=2500 pre_s=22.633 cheap_candidates=1845 cheap_unique=1832 cheap_s=38.970/40.000 cheap_rejected=366 cheap_a_min=-0.224663731587 cheap_a_p50=0.00079280561693 cheap_a_p95=5.56953354434 cheap_a_max=2894.10997438 exact_a_gate=0.15 exact_provisional_penalty=3928.17976309 exact_candidates=1479 exact_unique=1466 full_exact_enabled=1 exact_capacity=1200 exact_waves=134 exact_scheduled=1200 exact_deferred=234 exact_wave=1200/1200 exact_queue_depth=0 exact_pending_instances=243 exact_s=221.745 exact_ok=1200 exact_margin_max=231.854866992 exact_scan_mean_s=0.040 exact_bisect_mean_s=0.004 exact_polish_mean_s=0.292 exact_final_mean_s=0.009 exact_margin_abs_b_max=nan cache_hits=0 cache_misses=0 cache_waits=0
621	2500 	525.774	681.333    	1042.87    	183.268	34 	108.832	184	38.0618
Best individuals of this generation:
add(mul(x1, aq(x1, add(add(x1, a), x3))), mul(mul(sub(add(mul(x2, mul(aq(x2, add(a, x2)), x2)), exp(mul(sin(x4), x4))), mul(x3, sub(x2, x1))), aq(add(exp(a), add(x2, x1)), a)), add(add(mul(x3, add(add(x3, x1), x2)), add(x2, mul(mul(sub(add(mul(x2, mul(add(add(x3, x1), x2), x2)), exp(x1)), mul(x3, sub(x2, x4))), aq(add(x2, x1), x1)), add(exp(a), add(x2, aq(x2, x1)))))), add(add(mul(add(mul(aq(x2, x1), add(exp(a), add(x2, sin(aq(x2, add(x1, x4)))))), x1), mul(x3, x2)), exp(x1)), aq(add(x2, add(mul(a, x2), mul(x2, a))), x1)))))
GPU5 stages: candidates=2500 pre_s=22.907 cheap_candidates=1863 cheap_unique=1858 cheap_s=40.463/40.000 cheap_rejected=373 cheap_a_min=-1.23548585899 cheap_a_p50=0.000792817448717 cheap_a_p95=6.53823306445 cheap_a_max=6980.98105001 exact_a_gate=0.15 exact_provisional_penalty=3928.17976309 exact_candidates=1490 exact_unique=1485 full_exact_enabled=1 exact_capacity=1200 exact_waves=134 exact_scheduled=1200 exact_deferred=256 exact_wave=1200/1200 exact_queue_depth=0 exact_pending_instances=256 exact_s=224.755 exact_ok=1200 exact_margin_max=54.4036905298 exact_scan_mean_s=0.041 exact_bisect_mean_s=0.003 exact_polish_mean_s=0.326 exact_final_mean_s=0.012 exact_margin_abs_b_max=nan cache_hits=0 cache_misses=0 cache_waits=0
622	2500 	525.774	681.323    	1042.87    	183.275	34 	108.691	184	37.9321
Best individuals of this generation:
add(mul(x1, aq(x1, add(add(x1, a), x3))), mul(mul(sub(add(mul(x2, mul(aq(x2, add(a, x2)), x2)), exp(mul(sin(x4), x4))), mul(x3, sub(x2, x1))), aq(add(exp(a), add(x2, x1)), a)), add(add(mul(x3, add(add(x3, x1), x2)), add(x2, mul(mul(sub(add(mul(x2, mul(add(add(x3, x1), x2), x2)), exp(x1)), mul(x3, sub(x2, x4))), aq(add(x2, x1), x1)), add(exp(a), add(x2, aq(x2, x1)))))), add(add(mul(add(mul(aq(x2, x1), add(exp(a), add(x2, sin(aq(x2, add(x1, x4)))))), x1), mul(x3, x2)), exp(x1)), aq(add(x2, add(mul(a, x2), mul(x2, a))), x1)))))
GPU5 stages: candidates=2500 pre_s=22.674 cheap_candidates=1848 cheap_unique=1840 cheap_s=38.017/40.000 cheap_rejected=378 cheap_a_min=-0.263343786855 cheap_a_p50=0.000291093696852 cheap_a_p95=9.65709175875 cheap_a_max=7968.22999138 exact_a_gate=0.15 exact_provisional_penalty=3928.17976309 exact_candidates=1470 exact_unique=1462 full_exact_enabled=1 exact_capacity=1200 exact_waves=134 exact_scheduled=1200 exact_deferred=228 exact_wave=1200/1200 exact_queue_depth=0 exact_pending_instances=229 exact_s=220.369 exact_ok=1200 exact_margin_max=829.695669464 exact_scan_mean_s=0.041 exact_bisect_mean_s=0.003 exact_polish_mean_s=0.286 exact_final_mean_s=0.007 exact_margin_abs_b_max=nan cache_hits=0 cache_misses=0 cache_waits=0
623	2500 	525.774	681.307    	1042.86    	183.282	34 	108.61 	184	37.8664
Best individuals of this generation:
add(mul(x1, aq(x1, add(add(x1, a), x3))), mul(mul(sub(add(mul(x2, mul(aq(x2, add(a, x2)), x2)), exp(mul(sin(x4), x4))), mul(x3, sub(x2, x1))), aq(add(exp(a), add(x2, x1)), a)), add(add(mul(x3, add(add(x3, x1), x2)), add(x2, mul(mul(sub(add(mul(x2, mul(add(add(x3, x1), x2), x2)), exp(x1)), mul(x3, sub(x2, x4))), aq(add(x2, x1), x1)), add(exp(a), add(x2, aq(x2, x1)))))), add(add(mul(add(mul(aq(x2, x1), add(exp(a), add(x2, sin(aq(x2, add(x1, x4)))))), x1), mul(x3, x2)), exp(x1)), aq(add(x2, add(mul(a, x2), mul(x2, a))), x1)))))
GPU5 stages: candidates=2500 pre_s=22.679 cheap_candidates=1840 cheap_unique=1827 cheap_s=38.412/40.000 cheap_rejected=371 cheap_a_min=-0.138969319561 cheap_a_p50=0.000593951529118 cheap_a_p95=5.14162872536 cheap_a_max=1931.11838835 exact_a_gate=0.15 exact_provisional_penalty=3928.17976309 exact_candidates=1469 exact_unique=1456 full_exact_enabled=1 exact_capacity=1200 exact_waves=134 exact_scheduled=1200 exact_deferred=228 exact_wave=1200/1200 exact_queue_depth=0 exact_pending_instances=233 exact_s=216.791 exact_ok=1200 exact_margin_max=1758.9502287 exact_scan_mean_s=0.041 exact_bisect_mean_s=0.003 exact_polish_mean_s=0.282 exact_final_mean_s=0.014 exact_margin_abs_b_max=nan cache_hits=0 cache_misses=0 cache_waits=0
624	2500 	525.774	681.288    	1042.85    	183.292	34 	108.516	184	37.8174
Best individuals of this generation:
add(mul(x1, aq(x1, add(add(x1, a), x3))), mul(mul(sub(add(mul(x2, mul(aq(x2, add(a, x2)), x2)), exp(mul(sin(x4), x4))), mul(x3, sub(x2, x1))), aq(add(exp(a), add(x2, x1)), a)), add(add(mul(x3, add(add(x3, x1), x2)), add(x2, mul(mul(sub(add(mul(x2, mul(add(add(x3, x1), x2), x2)), exp(x1)), mul(x3, sub(x2, x4))), aq(add(x2, x1), x1)), add(exp(a), add(x2, aq(x2, x1)))))), add(add(mul(add(mul(aq(x2, x1), add(exp(a), add(x2, sin(aq(x2, add(x1, x4)))))), x1), mul(x3, x2)), exp(x1)), aq(add(x2, add(mul(a, x2), mul(x2, a))), x1)))))
GPU5 stages: candidates=2500 pre_s=22.912 cheap_candidates=1817 cheap_unique=1808 cheap_s=39.132/40.000 cheap_rejected=374 cheap_a_min=-0.279703384172 cheap_a_p50=0.00079281060341 cheap_a_p95=6.26496820658 cheap_a_max=3134.99188459 exact_a_gate=0.15 exact_provisional_penalty=13531.5596321 exact_candidates=1443 exact_unique=1434 full_exact_enabled=1 exact_capacity=1200 exact_waves=134 exact_scheduled=1200 exact_deferred=207 exact_wave=1200/1200 exact_queue_depth=0 exact_pending_instances=207 exact_s=216.183 exact_ok=1200 exact_margin_max=39.3700628327 exact_scan_mean_s=0.041 exact_bisect_mean_s=0.003 exact_polish_mean_s=0.298 exact_final_mean_s=0.013 exact_margin_abs_b_max=nan cache_hits=0 cache_misses=0 cache_waits=0
625	2500 	525.774	681.266    	1042.84    	183.297	34 	108.308	184	37.7012
Best individuals of this generation:
add(mul(x1, aq(x1, add(add(x1, a), x3))), mul(mul(sub(add(mul(x2, mul(aq(x2, add(a, x2)), x2)), exp(mul(sin(x4), x4))), mul(x3, sub(x2, x1))), aq(add(exp(a), add(x2, x1)), a)), add(add(mul(x3, add(add(x3, x1), x2)), add(x2, mul(mul(sub(add(mul(x2, mul(add(add(x3, x1), x2), x2)), exp(x1)), mul(x3, sub(x2, x4))), aq(add(x2, x1), x1)), add(exp(a), add(x2, aq(x2, x1)))))), add(add(mul(add(mul(aq(x2, x1), add(exp(a), add(x2, sin(aq(x2, add(x1, x4)))))), x1), mul(x3, x2)), exp(x1)), aq(add(x2, add(mul(a, x2), mul(x2, a))), x1)))))
GPU5 stages: candidates=2500 pre_s=22.954 cheap_candidates=1858 cheap_unique=1850 cheap_s=39.776/40.000 cheap_rejected=339 cheap_a_min=-0.632050615058 cheap_a_p50=0.000594318041086 cheap_a_p95=4.27345509196 cheap_a_max=6446.66404335 exact_a_gate=0.15 exact_provisional_penalty=3928.17976309 exact_candidates=1519 exact_unique=1511 full_exact_enabled=1 exact_capacity=1200 exact_waves=134 exact_scheduled=1200 exact_deferred=270 exact_wave=1200/1200 exact_queue_depth=0 exact_pending_instances=272 exact_s=219.113 exact_ok=1200 exact_margin_max=1007.89341934 exact_scan_mean_s=0.041 exact_bisect_mean_s=0.004 exact_polish_mean_s=0.293 exact_final_mean_s=0.012 exact_margin_abs_b_max=nan cache_hits=0 cache_misses=0 cache_waits=0
626	2500 	525.774	681.248    	1042.83    	183.305	34 	108.1  	184	37.5065
Best individuals of this generation:
add(mul(x1, aq(x1, add(add(x1, a), x3))), mul(mul(sub(add(mul(x2, mul(aq(x2, add(a, x2)), x2)), exp(mul(sin(x4), x4))), mul(x3, sub(x2, x1))), aq(add(exp(a), add(x2, x1)), a)), add(add(mul(x3, add(add(x3, x1), x2)), add(x2, mul(mul(sub(add(mul(x2, mul(add(add(x3, x1), x2), x2)), exp(x1)), mul(x3, sub(x2, x4))), aq(add(x2, x1), x1)), add(exp(a), add(x2, aq(x2, x1)))))), add(add(mul(add(mul(aq(x2, x1), add(exp(a), add(x2, sin(aq(x2, add(x1, x4)))))), x1), mul(x3, x2)), exp(x1)), aq(add(x2, add(mul(a, x2), mul(x2, a))), x1)))))
GPU5 stages: candidates=2500 pre_s=22.656 cheap_candidates=1858 cheap_unique=1856 cheap_s=39.102/40.000 cheap_rejected=375 cheap_a_min=-0.143992280782 cheap_a_p50=0.000609765758788 cheap_a_p95=5.20016173482 cheap_a_max=7035.69227929 exact_a_gate=0.15 exact_provisional_penalty=3928.17976309 exact_candidates=1483 exact_unique=1481 full_exact_enabled=1 exact_capacity=1200 exact_waves=134 exact_scheduled=1200 exact_deferred=254 exact_wave=1200/1200 exact_queue_depth=0 exact_pending_instances=254 exact_s=223.022 exact_ok=1200 exact_margin_max=1877.24029151 exact_scan_mean_s=0.040 exact_bisect_mean_s=0.003 exact_polish_mean_s=0.280 exact_final_mean_s=0.020 exact_margin_abs_b_max=nan cache_hits=0 cache_misses=0 cache_waits=0
627	2500 	525.774	681.232    	1042.83    	183.308	34 	108.036	184	37.413 
Best individuals of this generation:
add(mul(x1, aq(x1, add(add(x1, a), x3))), mul(mul(sub(add(mul(x2, mul(aq(x2, add(a, x2)), x2)), exp(mul(sin(x4), x4))), mul(x3, sub(x2, x1))), aq(add(exp(a), add(x2, x1)), a)), add(add(mul(x3, add(add(x3, x1), x2)), add(x2, mul(mul(sub(add(mul(x2, mul(add(add(x3, x1), x2), x2)), exp(x1)), mul(x3, sub(x2, x4))), aq(add(x2, x1), x1)), add(exp(a), add(x2, aq(x2, x1)))))), add(add(mul(add(mul(aq(x2, x1), add(exp(a), add(x2, sin(aq(x2, add(x1, x4)))))), x1), mul(x3, x2)), exp(x1)), aq(add(x2, add(mul(a, x2), mul(x2, a))), x1)))))
GPU5 stages: candidates=2500 pre_s=22.717 cheap_candidates=1917 cheap_unique=1908 cheap_s=40.458/40.000 cheap_rejected=365 cheap_a_min=-0.23785322457 cheap_a_p50=0.000738367763119 cheap_a_p95=8.72796362665 cheap_a_max=35256.364514 exact_a_gate=0.15 exact_provisional_penalty=3928.17976309 exact_candidates=1552 exact_unique=1543 full_exact_enabled=1 exact_capacity=1200 exact_waves=134 exact_scheduled=1200 exact_deferred=314 exact_wave=1200/1200 exact_queue_depth=0 exact_pending_instances=314 exact_s=214.475 exact_ok=1200 exact_margin_max=3143.5987396 exact_scan_mean_s=0.041 exact_bisect_mean_s=0.002 exact_polish_mean_s=0.283 exact_final_mean_s=0.010 exact_margin_abs_b_max=nan cache_hits=0 cache_misses=0 cache_waits=0
628	2500 	525.774	681.22     	1042.82    	183.311	34 	107.93 	184	37.267 
Best individuals of this generation:
add(mul(x1, aq(x1, add(add(x1, a), x3))), mul(mul(sub(add(mul(x2, mul(aq(x2, add(a, x2)), x2)), exp(mul(sin(x4), x4))), mul(x3, sub(x2, x1))), aq(add(exp(a), add(x2, x1)), a)), add(add(mul(x3, add(add(x3, x1), x2)), add(x2, mul(mul(sub(add(mul(x2, mul(add(add(x3, x1), x2), x2)), exp(x1)), mul(x3, sub(x2, x4))), aq(add(x2, x1), x1)), add(exp(a), add(x2, aq(x2, x1)))))), add(add(mul(add(mul(aq(x2, x1), add(exp(a), add(x2, sin(aq(x2, add(x1, x4)))))), x1), mul(x3, x2)), exp(x1)), aq(add(x2, add(mul(a, x2), mul(x2, a))), x1)))))
GPU5 stages: candidates=2500 pre_s=22.989 cheap_candidates=1878 cheap_unique=1872 cheap_s=40.292/40.000 cheap_rejected=372 cheap_a_min=-0.236733200918 cheap_a_p50=0.000619453342887 cheap_a_p95=5.53130640625 cheap_a_max=17183.7921138 exact_a_gate=0.15 exact_provisional_penalty=3928.17976309 exact_candidates=1506 exact_unique=1500 full_exact_enabled=1 exact_capacity=1200 exact_waves=134 exact_scheduled=1200 exact_deferred=264 exact_wave=1200/1200 exact_queue_depth=0 exact_pending_instances=266 exact_s=217.512 exact_ok=1200 exact_margin_max=27.331598533 exact_scan_mean_s=0.042 exact_bisect_mean_s=0.004 exact_polish_mean_s=0.291 exact_final_mean_s=0.015 exact_margin_abs_b_max=nan cache_hits=0 cache_misses=0 cache_waits=0
629	2500 	525.774	681.211    	1042.8     	183.311	34 	107.837	184	37.1526
Best individuals of this generation:
add(mul(x1, aq(x1, add(add(x1, a), x3))), mul(mul(sub(add(mul(x2, mul(aq(x2, add(a, x2)), x2)), exp(mul(sin(x4), x4))), mul(x3, sub(x2, x1))), aq(add(exp(a), add(x2, x1)), a)), add(add(mul(x3, add(add(x3, x1), x2)), add(x2, mul(mul(sub(add(mul(x2, mul(add(add(x3, x1), x2), x2)), exp(x1)), mul(x3, sub(x2, x4))), aq(add(x2, x1), x1)), add(exp(a), add(x2, aq(x2, x1)))))), add(add(mul(add(mul(aq(x2, x1), add(exp(a), add(x2, sin(aq(x2, add(x1, x4)))))), x1), mul(x3, x2)), exp(x1)), aq(add(x2, add(mul(a, x2), mul(x2, a))), x1)))))
GPU5 stages: candidates=2500 pre_s=22.815 cheap_candidates=1842 cheap_unique=1832 cheap_s=39.423/40.000 cheap_rejected=399 cheap_a_min=-0.355705698607 cheap_a_p50=0.000792830909832 cheap_a_p95=5.35005716765 cheap_a_max=3919.30239373 exact_a_gate=0.15 exact_provisional_penalty=13477.8928887 exact_candidates=1443 exact_unique=1433 full_exact_enabled=1 exact_capacity=1200 exact_waves=134 exact_scheduled=1200 exact_deferred=209 exact_wave=1200/1200 exact_queue_depth=0 exact_pending_instances=209 exact_s=215.681 exact_ok=1200 exact_margin_max=1281.03456815 exact_scan_mean_s=0.041 exact_bisect_mean_s=0.003 exact_polish_mean_s=0.293 exact_final_mean_s=0.011 exact_margin_abs_b_max=nan cache_hits=0 cache_misses=0 cache_waits=0
630	2500 	525.774	681.196    	1042.8     	183.319	34 	107.7  	184	37.0717
Best individuals of this generation:
add(mul(x1, aq(x1, add(add(x1, a), x3))), mul(mul(sub(add(mul(x2, mul(aq(x2, add(a, x2)), x2)), exp(mul(sin(x4), x4))), mul(x3, sub(x2, x1))), aq(add(exp(a), add(x2, x1)), a)), add(add(mul(x3, add(add(x3, x1), x2)), add(x2, mul(mul(sub(add(mul(x2, mul(add(add(x3, x1), x2), x2)), exp(x1)), mul(x3, sub(x2, x4))), aq(add(x2, x1), x1)), add(exp(a), add(x2, aq(x2, x1)))))), add(add(mul(add(mul(aq(x2, x1), add(exp(a), add(x2, sin(aq(x2, add(x1, x4)))))), x1), mul(x3, x2)), exp(x1)), aq(add(x2, add(mul(a, x2), mul(x2, a))), x1)))))
GPU5 stages: candidates=2500 pre_s=22.708 cheap_candidates=1830 cheap_unique=1820 cheap_s=37.928/40.000 cheap_rejected=358 cheap_a_min=-0.444982495194 cheap_a_p50=0.000779365083366 cheap_a_p95=6.52067401972 cheap_a_max=4165.64276888 exact_a_gate=0.15 exact_provisional_penalty=3928.17976309 exact_candidates=1472 exact_unique=1462 full_exact_enabled=1 exact_capacity=1200 exact_waves=134 exact_scheduled=1200 exact_deferred=226 exact_wave=1200/1200 exact_queue_depth=0 exact_pending_instances=227 exact_s=219.607 exact_ok=1200 exact_margin_max=9523.97253448 exact_scan_mean_s=0.040 exact_bisect_mean_s=0.004 exact_polish_mean_s=0.297 exact_final_mean_s=0.011 exact_margin_abs_b_max=nan cache_hits=0 cache_misses=0 cache_waits=0
631	2500 	525.774	681.183    	1042.8     	183.323	34 	107.428	184	36.8816
Best individuals of this generation:
add(mul(x1, aq(x1, add(add(x1, a), x3))), mul(mul(sub(add(mul(x2, mul(aq(x2, add(a, x2)), x2)), exp(mul(sin(x4), x4))), mul(x3, sub(x2, x1))), aq(add(exp(a), add(x2, x1)), a)), add(add(mul(x3, add(add(x3, x1), x2)), add(x2, mul(mul(sub(add(mul(x2, mul(add(add(x3, x1), x2), x2)), exp(x1)), mul(x3, sub(x2, x4))), aq(add(x2, x1), x1)), add(exp(a), add(x2, aq(x2, x1)))))), add(add(mul(add(mul(aq(x2, x1), add(exp(a), add(x2, sin(aq(x2, add(x1, x4)))))), x1), mul(x3, x2)), exp(x1)), aq(add(x2, add(mul(a, x2), mul(x2, a))), x1)))))
GPU5 stages: candidates=2500 pre_s=22.869 cheap_candidates=1858 cheap_unique=1848 cheap_s=38.692/40.000 cheap_rejected=366 cheap_a_min=-0.152319219894 cheap_a_p50=0.000792817102295 cheap_a_p95=6.50971393995 cheap_a_max=15101.1269612 exact_a_gate=0.15 exact_provisional_penalty=6141.78450383 exact_candidates=1492 exact_unique=1482 full_exact_enabled=1 exact_capacity=1200 exact_waves=134 exact_scheduled=1200 exact_deferred=258 exact_wave=1200/1200 exact_queue_depth=0 exact_pending_instances=258 exact_s=214.671 exact_ok=1200 exact_margin_max=1205.37443099 exact_scan_mean_s=0.041 exact_bisect_mean_s=0.003 exact_polish_mean_s=0.284 exact_final_mean_s=0.006 exact_margin_abs_b_max=nan cache_hits=0 cache_misses=0 cache_waits=0
632	2500 	525.774	681.176    	1042.79    	183.32 	34 	107.331	184	36.7885
Best individuals of this generation:
add(mul(x1, aq(x1, add(add(x1, a), x3))), mul(mul(sub(add(mul(x2, mul(aq(x2, add(a, x2)), x2)), exp(mul(sin(x4), x4))), mul(x3, sub(x2, x1))), aq(add(exp(a), add(x2, x1)), a)), add(add(mul(x3, add(add(x3, x1), x2)), add(x2, mul(mul(sub(add(mul(x2, mul(add(add(x3, x1), x2), x2)), exp(x1)), mul(x3, sub(x2, x4))), aq(add(x2, x1), x1)), add(exp(a), add(x2, aq(x2, x1)))))), add(add(mul(add(mul(aq(x2, x1), add(exp(a), add(x2, sin(aq(x2, add(x1, x4)))))), x1), mul(x3, x2)), exp(x1)), aq(add(x2, add(mul(a, x2), mul(x2, a))), x1)))))
GPU5 stages: candidates=2500 pre_s=22.562 cheap_candidates=1870 cheap_unique=1860 cheap_s=38.881/40.000 cheap_rejected=382 cheap_a_min=-0.843824429885 cheap_a_p50=0.000792810754436 cheap_a_p95=4.85146066004 cheap_a_max=14007.764392 exact_a_gate=0.15 exact_provisional_penalty=3928.17976309 exact_candidates=1488 exact_unique=1478 full_exact_enabled=1 exact_capacity=1200 exact_waves=134 exact_scheduled=1200 exact_deferred=244 exact_wave=1200/1200 exact_queue_depth=0 exact_pending_instances=245 exact_s=223.211 exact_ok=1200 exact_margin_max=126.238685984 exact_scan_mean_s=0.041 exact_bisect_mean_s=0.004 exact_polish_mean_s=0.298 exact_final_mean_s=0.010 exact_margin_abs_b_max=nan cache_hits=0 cache_misses=0 cache_waits=0
633	2500 	525.774	681.168    	1042.79    	183.324	34 	107.178	184	36.7156
Best individuals of this generation:
add(mul(x1, aq(x1, add(add(x1, a), x3))), mul(mul(sub(add(mul(x2, mul(aq(x2, add(a, x2)), x2)), exp(mul(sin(x4), x4))), mul(x3, sub(x2, x1))), aq(add(exp(a), add(x2, x1)), a)), add(add(mul(x3, add(add(x3, x1), x2)), add(x2, mul(mul(sub(add(mul(x2, mul(add(add(x3, x1), x2), x2)), exp(x1)), mul(x3, sub(x2, x4))), aq(add(x2, x1), x1)), add(exp(a), add(x2, aq(x2, x1)))))), add(add(mul(add(mul(aq(x2, x1), add(exp(a), add(x2, sin(aq(x2, add(x1, x4)))))), x1), mul(x3, x2)), exp(x1)), aq(add(x2, add(mul(a, x2), mul(x2, a))), x1)))))
GPU5 stages: candidates=2500 pre_s=22.732 cheap_candidates=1845 cheap_unique=1834 cheap_s=37.457/40.000 cheap_rejected=353 cheap_a_min=-0.260352079054 cheap_a_p50=0.000629562558274 cheap_a_p95=3.55763126439 cheap_a_max=1362.3553537 exact_a_gate=0.15 exact_provisional_penalty=3928.17976309 exact_candidates=1492 exact_unique=1482 full_exact_enabled=1 exact_capacity=1200 exact_waves=134 exact_scheduled=1200 exact_deferred=236 exact_wave=1200/1200 exact_queue_depth=0 exact_pending_instances=238 exact_s=222.061 exact_ok=1200 exact_margin_max=5.22806037114 exact_scan_mean_s=0.040 exact_bisect_mean_s=0.004 exact_polish_mean_s=0.298 exact_final_mean_s=0.008 exact_margin_abs_b_max=nan cache_hits=0 cache_misses=0 cache_waits=0
634	2500 	525.774	681.156    	1042.78    	183.329	34 	107.07 	184	36.5381
Best individuals of this generation:
add(mul(x1, aq(x1, add(add(x1, a), x3))), mul(mul(sub(add(mul(x2, mul(aq(x2, add(a, x2)), x2)), exp(mul(sin(x4), x4))), mul(x3, sub(x2, x1))), aq(add(exp(a), add(x2, x1)), a)), add(add(mul(x3, add(add(x3, x1), x2)), add(x2, mul(mul(sub(add(mul(x2, mul(add(add(x3, x1), x2), x2)), exp(x1)), mul(x3, sub(x2, x4))), aq(add(x2, x1), x1)), add(exp(a), add(x2, aq(x2, x1)))))), add(add(mul(add(mul(aq(x2, x1), add(exp(a), add(x2, sin(aq(x2, add(x1, x4)))))), x1), mul(x3, x2)), exp(x1)), aq(add(x2, add(mul(a, x2), mul(x2, a))), x1)))))
GPU5 stages: candidates=2500 pre_s=22.826 cheap_candidates=1863 cheap_unique=1851 cheap_s=40.158/40.000 cheap_rejected=350 cheap_a_min=-2942.07704361 cheap_a_p50=0.000680067056131 cheap_a_p95=4.156902288 cheap_a_max=4815.66368023 exact_a_gate=0.15 exact_provisional_penalty=3928.17976309 exact_candidates=1513 exact_unique=1501 full_exact_enabled=1 exact_capacity=1200 exact_waves=134 exact_scheduled=1200 exact_deferred=262 exact_wave=1200/1200 exact_queue_depth=0 exact_pending_instances=266 exact_s=212.480 exact_ok=1200 exact_margin_max=173.519803105 exact_scan_mean_s=0.041 exact_bisect_mean_s=0.004 exact_polish_mean_s=0.283 exact_final_mean_s=0.010 exact_margin_abs_b_max=nan cache_hits=0 cache_misses=0 cache_waits=0
635	2500 	525.774	681.133    	1042.78    	183.338	34 	107    	184	36.4393
Best individuals of this generation:
add(mul(x1, aq(x1, add(add(x1, a), x3))), mul(mul(sub(add(mul(x2, mul(aq(x2, add(a, x2)), x2)), exp(mul(sin(x4), x4))), mul(x3, sub(x2, x1))), aq(add(exp(a), add(x2, x1)), a)), add(add(mul(x3, add(add(x3, x1), x2)), add(x2, mul(mul(sub(add(mul(x2, mul(add(add(x3, x1), x2), x2)), exp(x1)), mul(x3, sub(x2, x4))), aq(add(x2, x1), x1)), add(exp(a), add(x2, aq(x2, x1)))))), add(add(mul(add(mul(aq(x2, x1), add(exp(a), add(x2, sin(aq(x2, add(x1, x4)))))), x1), mul(x3, x2)), exp(x1)), aq(add(x2, add(mul(a, x2), mul(x2, a))), x1)))))
GPU5 stages: candidates=2500 pre_s=22.743 cheap_candidates=1853 cheap_unique=1841 cheap_s=39.063/40.000 cheap_rejected=330 cheap_a_min=-0.297774048979 cheap_a_p50=0.000586998752513 cheap_a_p95=4.99801854648 cheap_a_max=2078.87804627 exact_a_gate=0.15 exact_provisional_penalty=3928.17976309 exact_candidates=1523 exact_unique=1511 full_exact_enabled=1 exact_capacity=1200 exact_waves=134 exact_scheduled=1200 exact_deferred=279 exact_wave=1200/1200 exact_queue_depth=0 exact_pending_instances=281 exact_s=213.827 exact_ok=1200 exact_margin_max=1841.26680779 exact_scan_mean_s=0.041 exact_bisect_mean_s=0.004 exact_polish_mean_s=0.281 exact_final_mean_s=0.014 exact_margin_abs_b_max=nan cache_hits=0 cache_misses=0 cache_waits=0
636	2500 	525.774	681.124    	1042.78    	183.339	34 	106.868	184	36.288 
Best individuals of this generation:
add(mul(x1, aq(x1, add(add(x1, a), x3))), mul(mul(sub(add(mul(x2, mul(aq(x2, add(a, x2)), x2)), exp(mul(sin(x4), x4))), mul(x3, sub(x2, x1))), aq(add(exp(a), add(x2, x1)), a)), add(add(mul(x3, add(add(x3, x1), x2)), add(x2, mul(mul(sub(add(mul(x2, mul(add(add(x3, x1), x2), x2)), exp(x1)), mul(x3, sub(x2, x4))), aq(add(x2, x1), x1)), add(exp(a), add(x2, aq(x2, x1)))))), add(add(mul(add(mul(aq(x2, x1), add(exp(a), add(x2, sin(aq(x2, add(x1, x4)))))), x1), mul(x3, x2)), exp(x1)), aq(add(x2, add(mul(a, x2), mul(x2, a))), x1)))))
GPU5 stages: candidates=2500 pre_s=22.739 cheap_candidates=1902 cheap_unique=1893 cheap_s=40.871/40.000 cheap_rejected=385 cheap_a_min=-0.172419956177 cheap_a_p50=0.000792805507528 cheap_a_p95=8.98714285752 cheap_a_max=5008.48036116 exact_a_gate=0.15 exact_provisional_penalty=3928.17976309 exact_candidates=1517 exact_unique=1508 full_exact_enabled=1 exact_capacity=1200 exact_waves=134 exact_scheduled=1200 exact_deferred=265 exact_wave=1200/1200 exact_queue_depth=0 exact_pending_instances=265 exact_s=213.179 exact_ok=1200 exact_margin_max=8.27339490602e+16 exact_scan_mean_s=0.041 exact_bisect_mean_s=0.002 exact_polish_mean_s=0.282 exact_final_mean_s=0.008 exact_margin_abs_b_max=nan cache_hits=0 cache_misses=0 cache_waits=0
637	2500 	525.774	681.1      	1042.77    	183.351	34 	106.685	184	36.1954
Best individuals of this generation:
add(mul(x1, aq(x1, add(add(x1, a), x3))), mul(mul(sub(add(mul(x2, mul(aq(x2, add(a, x2)), x2)), exp(mul(sin(x4), x4))), mul(x3, sub(x2, x1))), aq(add(exp(a), add(x2, x1)), a)), add(add(mul(x3, add(add(x3, x1), x2)), add(x2, mul(mul(sub(add(mul(x2, mul(add(add(x3, x1), x2), x2)), exp(x1)), mul(x3, sub(x2, x4))), aq(add(x2, x1), x1)), add(exp(a), add(x2, aq(x2, x1)))))), add(add(mul(add(mul(aq(x2, x1), add(exp(a), add(x2, sin(aq(x2, add(x1, x4)))))), x1), mul(x3, x2)), exp(x1)), aq(add(x2, add(mul(a, x2), mul(x2, a))), x1)))))
GPU5 stages: candidates=2500 pre_s=23.072 cheap_candidates=1860 cheap_unique=1854 cheap_s=37.751/40.000 cheap_rejected=352 cheap_a_min=-0.104357724769 cheap_a_p50=0.000594365409499 cheap_a_p95=4.65417210237 cheap_a_max=2920.80460343 exact_a_gate=0.15 exact_provisional_penalty=10731.6737912 exact_candidates=1508 exact_unique=1502 full_exact_enabled=1 exact_capacity=1200 exact_waves=134 exact_scheduled=1200 exact_deferred=268 exact_wave=1200/1200 exact_queue_depth=0 exact_pending_instances=268 exact_s=215.574 exact_ok=1200 exact_margin_max=204.039159428 exact_scan_mean_s=0.040 exact_bisect_mean_s=0.002 exact_polish_mean_s=0.282 exact_final_mean_s=0.013 exact_margin_abs_b_max=nan cache_hits=0 cache_misses=0 cache_waits=0
638	2500 	525.774	681.088    	1042.77    	183.358	34 	106.598	184	36.0451
Best individuals of this generation:
add(mul(x1, aq(x1, add(add(x1, a), x3))), mul(mul(sub(add(mul(x2, mul(aq(x2, add(a, x2)), x2)), exp(mul(sin(x4), x4))), mul(x3, sub(x2, x1))), aq(add(exp(a), add(x2, x1)), a)), add(add(mul(x3, add(add(x3, x1), x2)), add(x2, mul(mul(sub(add(mul(x2, mul(add(add(x3, x1), x2), x2)), exp(x1)), mul(x3, sub(x2, x4))), aq(add(x2, x1), x1)), add(exp(a), add(x2, aq(x2, x1)))))), add(add(mul(add(mul(aq(x2, x1), add(exp(a), add(x2, sin(aq(x2, add(x1, x4)))))), x1), mul(x3, x2)), exp(x1)), aq(add(x2, add(mul(a, x2), mul(x2, a))), x1)))))
GPU5 stages: candidates=2500 pre_s=22.567 cheap_candidates=1806 cheap_unique=1804 cheap_s=38.525/40.000 cheap_rejected=348 cheap_a_min=-347.037079755 cheap_a_p50=0.000704190615017 cheap_a_p95=6.27444485247 cheap_a_max=1750.29189729 exact_a_gate=0.15 exact_provisional_penalty=6414.57911838 exact_candidates=1458 exact_unique=1456 full_exact_enabled=1 exact_capacity=1200 exact_waves=134 exact_scheduled=1200 exact_deferred=217 exact_wave=1200/1200 exact_queue_depth=0 exact_pending_instances=218 exact_s=216.509 exact_ok=1200 exact_margin_max=1841.26680779 exact_scan_mean_s=0.041 exact_bisect_mean_s=0.003 exact_polish_mean_s=0.298 exact_final_mean_s=0.014 exact_margin_abs_b_max=nan cache_hits=0 cache_misses=0 cache_waits=0
639	2500 	525.774	681.08     	1042.77    	183.362	34 	106.51 	184	35.9724
Best individuals of this generation:
add(mul(x1, aq(x1, add(add(x1, a), x3))), mul(mul(sub(add(mul(x2, mul(aq(x2, add(a, x2)), x2)), exp(mul(sin(x4), x4))), mul(x3, sub(x2, x1))), aq(add(exp(a), add(x2, x1)), a)), add(add(mul(x3, add(add(x3, x1), x2)), add(x2, mul(mul(sub(add(mul(x2, mul(add(add(x3, x1), x2), x2)), exp(x1)), mul(x3, sub(x2, x4))), aq(add(x2, x1), x1)), add(exp(a), add(x2, aq(x2, x1)))))), add(add(mul(add(mul(aq(x2, x1), add(exp(a), add(x2, sin(aq(x2, add(x1, x4)))))), x1), mul(x3, x2)), exp(x1)), aq(add(x2, add(mul(a, x2), mul(x2, a))), x1)))))
GPU5 stages: candidates=2500 pre_s=22.849 cheap_candidates=1848 cheap_unique=1839 cheap_s=38.375/40.000 cheap_rejected=352 cheap_a_min=-0.663995553947 cheap_a_p50=0.000486555583737 cheap_a_p95=4.43506931754 cheap_a_max=2485.56343085 exact_a_gate=0.15 exact_provisional_penalty=3928.17976309 exact_candidates=1496 exact_unique=1488 full_exact_enabled=1 exact_capacity=1200 exact_waves=134 exact_scheduled=1200 exact_deferred=251 exact_wave=1200/1200 exact_queue_depth=0 exact_pending_instances=251 exact_s=216.048 exact_ok=1200 exact_margin_max=6.54027141115 exact_scan_mean_s=0.041 exact_bisect_mean_s=0.005 exact_polish_mean_s=0.288 exact_final_mean_s=0.012 exact_margin_abs_b_max=nan cache_hits=0 cache_misses=0 cache_waits=0
640	2500 	525.774	681.066    	1042.77    	183.367	34 	106.402	184	35.9558
Best individuals of this generation:
add(mul(x1, aq(x1, add(add(x1, a), x3))), mul(mul(sub(add(mul(x2, mul(aq(x2, add(a, x2)), x2)), exp(mul(sin(x4), x4))), mul(x3, sub(x2, x1))), aq(add(exp(a), add(x2, x1)), a)), add(add(mul(x3, add(add(x3, x1), x2)), add(x2, mul(mul(sub(add(mul(x2, mul(add(add(x3, x1), x2), x2)), exp(x1)), mul(x3, sub(x2, x4))), aq(add(x2, x1), x1)), add(exp(a), add(x2, aq(x2, x1)))))), add(add(mul(add(mul(aq(x2, x1), add(exp(a), add(x2, sin(aq(x2, add(x1, x4)))))), x1), mul(x3, x2)), exp(x1)), aq(add(x2, add(mul(a, x2), mul(x2, a))), x1)))))
GPU5 stages: candidates=2500 pre_s=22.510 cheap_candidates=1856 cheap_unique=1848 cheap_s=38.699/40.000 cheap_rejected=370 cheap_a_min=-364.751495092 cheap_a_p50=0.000792805653551 cheap_a_p95=5.99384318107 cheap_a_max=6830.06600818 exact_a_gate=0.15 exact_provisional_penalty=3928.17976309 exact_candidates=1486 exact_unique=1478 full_exact_enabled=1 exact_capacity=1200 exact_waves=134 exact_scheduled=1200 exact_deferred=247 exact_wave=1200/1200 exact_queue_depth=0 exact_pending_instances=247 exact_s=224.679 exact_ok=1200 exact_margin_max=152.565271466 exact_scan_mean_s=0.042 exact_bisect_mean_s=0.004 exact_polish_mean_s=0.324 exact_final_mean_s=0.016 exact_margin_abs_b_max=nan cache_hits=0 cache_misses=0 cache_waits=0
641	2500 	525.774	681.037    	1042.76    	183.381	34 	106.184	184	35.8664
Best individuals of this generation:
add(mul(x1, aq(x1, add(add(x1, a), x3))), mul(mul(sub(add(mul(x2, mul(aq(x2, add(a, x2)), x2)), exp(mul(sin(x4), x4))), mul(x3, sub(x2, x1))), aq(add(exp(a), add(x2, x1)), a)), add(add(mul(x3, add(add(x3, x1), x2)), add(x2, mul(mul(sub(add(mul(x2, mul(add(add(x3, x1), x2), x2)), exp(x1)), mul(x3, sub(x2, x4))), aq(add(x2, x1), x1)), add(exp(a), add(x2, aq(x2, x1)))))), add(add(mul(add(mul(aq(x2, x1), add(exp(a), add(x2, sin(aq(x2, add(x1, x4)))))), x1), mul(x3, x2)), exp(x1)), aq(add(x2, add(mul(a, x2), mul(x2, a))), x1)))))
GPU5 stages: candidates=2500 pre_s=22.707 cheap_candidates=1863 cheap_unique=1856 cheap_s=38.470/40.000 cheap_rejected=385 cheap_a_min=-0.272007035141 cheap_a_p50=0.000774236051383 cheap_a_p95=5.85432471179 cheap_a_max=5919.36697934 exact_a_gate=0.15 exact_provisional_penalty=3928.17976309 exact_candidates=1478 exact_unique=1471 full_exact_enabled=1 exact_capacity=1200 exact_waves=134 exact_scheduled=1200 exact_deferred=248 exact_wave=1200/1200 exact_queue_depth=0 exact_pending_instances=248 exact_s=222.106 exact_ok=1200 exact_margin_max=141.67336823 exact_scan_mean_s=0.041 exact_bisect_mean_s=0.003 exact_polish_mean_s=0.295 exact_final_mean_s=0.012 exact_margin_abs_b_max=nan cache_hits=0 cache_misses=0 cache_waits=0
642	2500 	525.774	681.024    	1042.76    	183.388	34 	106.089	184	35.8121
Best individuals of this generation:
add(mul(x1, aq(x1, add(add(x1, a), x3))), mul(mul(sub(add(mul(x2, mul(aq(x2, add(a, x2)), x2)), exp(mul(sin(x4), x4))), mul(x3, sub(x2, x1))), aq(add(exp(a), add(x2, x1)), a)), add(add(mul(x3, add(add(x3, x1), x2)), add(x2, mul(mul(sub(add(mul(x2, mul(add(add(x3, x1), x2), x2)), exp(x1)), mul(x3, sub(x2, x4))), aq(add(x2, x1), x1)), add(exp(a), add(x2, aq(x2, x1)))))), add(add(mul(add(mul(aq(x2, x1), add(exp(a), add(x2, sin(aq(x2, add(x1, x4)))))), x1), mul(x3, x2)), exp(x1)), aq(add(x2, add(mul(a, x2), mul(x2, a))), x1)))))
GPU5 stages: candidates=2500 pre_s=22.773 cheap_candidates=1865 cheap_unique=1858 cheap_s=40.408/40.000 cheap_rejected=397 cheap_a_min=-0.152977382972 cheap_a_p50=0.000792806958016 cheap_a_p95=6.22018049632 cheap_a_max=559643.173096 exact_a_gate=0.15 exact_provisional_penalty=3928.17976309 exact_candidates=1468 exact_unique=1461 full_exact_enabled=1 exact_capacity=1200 exact_waves=134 exact_scheduled=1200 exact_deferred=227 exact_wave=1200/1200 exact_queue_depth=0 exact_pending_instances=227 exact_s=219.127 exact_ok=1200 exact_margin_max=1244.11366343 exact_scan_mean_s=0.041 exact_bisect_mean_s=0.004 exact_polish_mean_s=0.286 exact_final_mean_s=0.017 exact_margin_abs_b_max=nan cache_hits=0 cache_misses=0 cache_waits=0
643	2500 	525.774	680.999    	1042.75    	183.403	34 	106.08 	184	35.7493
Best individuals of this generation:
add(mul(x1, aq(x1, add(add(x1, a), x3))), mul(mul(sub(add(mul(x2, mul(aq(x2, add(a, x2)), x2)), exp(mul(sin(x4), x4))), mul(x3, sub(x2, x1))), aq(add(exp(a), add(x2, x1)), a)), add(add(mul(x3, add(add(x3, x1), x2)), add(x2, mul(mul(sub(add(mul(x2, mul(add(add(x3, x1), x2), x2)), exp(x1)), mul(x3, sub(x2, x4))), aq(add(x2, x1), x1)), add(exp(a), add(x2, aq(x2, x1)))))), add(add(mul(add(mul(aq(x2, x1), add(exp(a), add(x2, sin(aq(x2, add(x1, x4)))))), x1), mul(x3, x2)), exp(x1)), aq(add(x2, add(mul(a, x2), mul(x2, a))), x1)))))
GPU5 stages: candidates=2500 pre_s=22.558 cheap_candidates=1799 cheap_unique=1793 cheap_s=37.657/40.000 cheap_rejected=378 cheap_a_min=-0.25117266368 cheap_a_p50=0.000792805533095 cheap_a_p95=5.44513735143 cheap_a_max=4010.12047964 exact_a_gate=0.15 exact_provisional_penalty=3928.17976309 exact_candidates=1421 exact_unique=1415 full_exact_enabled=1 exact_capacity=1200 exact_waves=134 exact_scheduled=1200 exact_deferred=174 exact_wave=1200/1200 exact_queue_depth=0 exact_pending_instances=175 exact_s=215.937 exact_ok=1200 exact_margin_max=1845.86539749 exact_scan_mean_s=0.040 exact_bisect_mean_s=0.005 exact_polish_mean_s=0.296 exact_final_mean_s=0.009 exact_margin_abs_b_max=nan cache_hits=0 cache_misses=0 cache_waits=0
644	2500 	525.774	680.975    	1042.75    	183.414	34 	106.061	184	35.6125
Best individuals of this generation:
add(mul(x1, aq(x1, add(add(x1, a), x3))), mul(mul(sub(add(mul(x2, mul(aq(x2, add(a, x2)), x2)), exp(mul(sin(x4), x4))), mul(x3, sub(x2, x1))), aq(add(exp(a), add(x2, x1)), a)), add(add(mul(x3, add(add(x3, x1), x2)), add(x2, mul(mul(sub(add(mul(x2, mul(add(add(x3, x1), x2), x2)), exp(x1)), mul(x3, sub(x2, x4))), aq(add(x2, x1), x1)), add(exp(a), add(x2, aq(x2, x1)))))), add(add(mul(add(mul(aq(x2, x1), add(exp(a), add(x2, sin(aq(x2, add(x1, x4)))))), x1), mul(x3, x2)), exp(x1)), aq(add(x2, add(mul(a, x2), mul(x2, a))), x1)))))
GPU5 stages: candidates=2500 pre_s=22.818 cheap_candidates=1863 cheap_unique=1853 cheap_s=40.548/40.000 cheap_rejected=398 cheap_a_min=-0.154895528869 cheap_a_p50=0.000792806932872 cheap_a_p95=9.41768524053 cheap_a_max=5662.82030308 exact_a_gate=0.15 exact_provisional_penalty=3928.17976309 exact_candidates=1465 exact_unique=1455 full_exact_enabled=1 exact_capacity=1200 exact_waves=134 exact_scheduled=1200 exact_deferred=224 exact_wave=1200/1200 exact_queue_depth=0 exact_pending_instances=224 exact_s=220.050 exact_ok=1200 exact_margin_max=82.1351952833 exact_scan_mean_s=0.042 exact_bisect_mean_s=0.005 exact_polish_mean_s=0.298 exact_final_mean_s=0.017 exact_margin_abs_b_max=nan cache_hits=0 cache_misses=0 cache_waits=0
645	2500 	525.774	680.955    	1042.75    	183.423	34 	106.024	184	35.4447
Best individuals of this generation:
add(mul(x1, aq(x1, add(add(x1, a), x3))), mul(mul(sub(add(mul(x2, mul(aq(x2, add(a, x2)), x2)), exp(mul(sin(x4), x4))), mul(x3, sub(x2, x1))), aq(add(exp(a), add(x2, x1)), a)), add(add(mul(x3, add(add(x3, x1), x2)), add(x2, mul(mul(sub(add(mul(x2, mul(add(add(x3, x1), x2), x2)), exp(x1)), mul(x3, sub(x2, x4))), aq(add(x2, x1), x1)), add(exp(a), add(x2, aq(x2, x1)))))), add(add(mul(add(mul(aq(x2, x1), add(exp(a), add(x2, sin(aq(x2, add(x1, x4)))))), x1), mul(x3, x2)), exp(x1)), aq(add(x2, add(mul(a, x2), mul(x2, a))), x1)))))
GPU5 stages: candidates=2500 pre_s=22.751 cheap_candidates=1864 cheap_unique=1860 cheap_s=39.597/40.000 cheap_rejected=418 cheap_a_min=-0.370582995382 cheap_a_p50=0.000792821885496 cheap_a_p95=5.68022918156 cheap_a_max=2539.29627556 exact_a_gate=0.15 exact_provisional_penalty=3928.17976309 exact_candidates=1446 exact_unique=1442 full_exact_enabled=1 exact_capacity=1200 exact_waves=134 exact_scheduled=1200 exact_deferred=220 exact_wave=1200/1200 exact_queue_depth=0 exact_pending_instances=222 exact_s=217.984 exact_ok=1200 exact_margin_max=998.637459192 exact_scan_mean_s=0.042 exact_bisect_mean_s=0.004 exact_polish_mean_s=0.290 exact_final_mean_s=0.010 exact_margin_abs_b_max=nan cache_hits=0 cache_misses=0 cache_waits=0
646	2500 	525.774	680.928    	1042.74    	183.437	34 	106.024	184	35.3666
Best individuals of this generation:
add(mul(x1, aq(x1, add(add(x1, a), x3))), mul(mul(sub(add(mul(x2, mul(aq(x2, add(a, x2)), x2)), exp(mul(sin(x4), x4))), mul(x3, sub(x2, x1))), aq(add(exp(a), add(x2, x1)), a)), add(add(mul(x3, add(add(x3, x1), x2)), add(x2, mul(mul(sub(add(mul(x2, mul(add(add(x3, x1), x2), x2)), exp(x1)), mul(x3, sub(x2, x4))), aq(add(x2, x1), x1)), add(exp(a), add(x2, aq(x2, x1)))))), add(add(mul(add(mul(aq(x2, x1), add(exp(a), add(x2, sin(aq(x2, add(x1, x4)))))), x1), mul(x3, x2)), exp(x1)), aq(add(x2, add(mul(a, x2), mul(x2, a))), x1)))))
GPU5 stages: candidates=2500 pre_s=22.662 cheap_candidates=1825 cheap_unique=1819 cheap_s=38.519/40.000 cheap_rejected=383 cheap_a_min=-0.473863040847 cheap_a_p50=0.000792819716567 cheap_a_p95=8.30694374156 cheap_a_max=8394.84374243 exact_a_gate=0.15 exact_provisional_penalty=3928.17976309 exact_candidates=1442 exact_unique=1436 full_exact_enabled=1 exact_capacity=1200 exact_waves=134 exact_scheduled=1200 exact_deferred=203 exact_wave=1200/1200 exact_queue_depth=0 exact_pending_instances=204 exact_s=212.751 exact_ok=1200 exact_margin_max=41.8030739997 exact_scan_mean_s=0.040 exact_bisect_mean_s=0.005 exact_polish_mean_s=0.296 exact_final_mean_s=0.010 exact_margin_abs_b_max=nan cache_hits=0 cache_misses=0 cache_waits=0
647	2500 	525.774	680.896    	1042.74    	183.455	34 	105.935	184	35.3495
Best individuals of this generation:
add(mul(x1, aq(x1, add(add(x1, a), x3))), mul(mul(sub(add(mul(x2, mul(aq(x2, add(a, x2)), x2)), exp(mul(sin(x4), x4))), mul(x3, sub(x2, x1))), aq(add(exp(a), add(x2, x1)), a)), add(add(mul(x3, add(add(x3, x1), x2)), add(x2, mul(mul(sub(add(mul(x2, mul(add(add(x3, x1), x2), x2)), exp(x1)), mul(x3, sub(x2, x4))), aq(add(x2, x1), x1)), add(exp(a), add(x2, aq(x2, x1)))))), add(add(mul(add(mul(aq(x2, x1), add(exp(a), add(x2, sin(aq(x2, add(x1, x4)))))), x1), mul(x3, x2)), exp(x1)), aq(add(x2, add(mul(a, x2), mul(x2, a))), x1)))))
GPU5 stages: candidates=2500 pre_s=22.908 cheap_candidates=1875 cheap_unique=1872 cheap_s=38.524/40.000 cheap_rejected=364 cheap_a_min=-0.278506217754 cheap_a_p50=0.000792809377487 cheap_a_p95=4.4094159747 cheap_a_max=2368.85363895 exact_a_gate=0.15 exact_provisional_penalty=3928.17976309 exact_candidates=1511 exact_unique=1508 full_exact_enabled=1 exact_capacity=1200 exact_waves=134 exact_scheduled=1200 exact_deferred=276 exact_wave=1200/1200 exact_queue_depth=0 exact_pending_instances=277 exact_s=222.177 exact_ok=1200 exact_margin_max=31.4449318997 exact_scan_mean_s=0.042 exact_bisect_mean_s=0.005 exact_polish_mean_s=0.290 exact_final_mean_s=0.014 exact_margin_abs_b_max=nan cache_hits=0 cache_misses=0 cache_waits=0
648	2500 	525.774	680.871    	1042.73    	183.468	34 	105.95 	184	35.245 
Best individuals of this generation:
add(mul(x1, aq(x1, add(add(x1, a), x3))), mul(mul(sub(add(mul(x2, mul(aq(x2, add(a, x2)), x2)), exp(mul(sin(x4), x4))), mul(x3, sub(x2, x1))), aq(add(exp(a), add(x2, x1)), a)), add(add(mul(x3, add(add(x3, x1), x2)), add(x2, mul(mul(sub(add(mul(x2, mul(add(add(x3, x1), x2), x2)), exp(x1)), mul(x3, sub(x2, x4))), aq(add(x2, x1), x1)), add(exp(a), add(x2, aq(x2, x1)))))), add(add(mul(add(mul(aq(x2, x1), add(exp(a), add(x2, sin(aq(x2, add(x1, x4)))))), x1), mul(x3, x2)), exp(x1)), aq(add(x2, add(mul(a, x2), mul(x2, a))), x1)))))
GPU5 stages: candidates=2500 pre_s=22.649 cheap_candidates=1837 cheap_unique=1828 cheap_s=37.874/40.000 cheap_rejected=360 cheap_a_min=-0.388517276732 cheap_a_p50=0.000670905263536 cheap_a_p95=7.37717184292 cheap_a_max=145945.932685 exact_a_gate=0.15 exact_provisional_penalty=3928.17976309 exact_candidates=1477 exact_unique=1468 full_exact_enabled=1 exact_capacity=1200 exact_waves=134 exact_scheduled=1200 exact_deferred=238 exact_wave=1200/1200 exact_queue_depth=0 exact_pending_instances=241 exact_s=215.652 exact_ok=1200 exact_margin_max=599.9867287 exact_scan_mean_s=0.040 exact_bisect_mean_s=0.004 exact_polish_mean_s=0.281 exact_final_mean_s=0.011 exact_margin_abs_b_max=nan cache_hits=0 cache_misses=0 cache_waits=0
649	2500 	525.774	680.845    	1042.73    	183.479	34 	105.746	179	35.0395
Best individuals of this generation:
add(mul(x1, aq(x1, add(add(x1, a), x3))), mul(mul(sub(add(mul(x2, mul(aq(x2, add(a, x2)), x2)), exp(mul(sin(x4), x4))), mul(x3, sub(x2, x1))), aq(add(exp(a), add(x2, x1)), a)), add(add(mul(x3, add(add(x3, x1), x2)), add(x2, mul(mul(sub(add(mul(x2, mul(add(add(x3, x1), x2), x2)), exp(x1)), mul(x3, sub(x2, x4))), aq(add(x2, x1), x1)), add(exp(a), add(x2, aq(x2, x1)))))), add(add(mul(add(mul(aq(x2, x1), add(exp(a), add(x2, sin(aq(x2, add(x1, x4)))))), x1), mul(x3, x2)), exp(x1)), aq(add(x2, add(mul(a, x2), mul(x2, a))), x1)))))
GPU5 stages: candidates=2500 pre_s=22.661 cheap_candidates=1837 cheap_unique=1831 cheap_s=38.732/40.000 cheap_rejected=366 cheap_a_min=-0.0924933168869 cheap_a_p50=0.000792817666478 cheap_a_p95=5.85146149702 cheap_a_max=12052.9292486 exact_a_gate=0.15 exact_provisional_penalty=3928.17976309 exact_candidates=1471 exact_unique=1465 full_exact_enabled=1 exact_capacity=1200 exact_waves=134 exact_scheduled=1200 exact_deferred=238 exact_wave=1200/1200 exact_queue_depth=0 exact_pending_instances=238 exact_s=215.376 exact_ok=1200 exact_margin_max=1775.52749795 exact_scan_mean_s=0.041 exact_bisect_mean_s=0.005 exact_polish_mean_s=0.296 exact_final_mean_s=0.012 exact_margin_abs_b_max=nan cache_hits=0 cache_misses=0 cache_waits=0
650	2500 	525.774	680.822    	1042.72    	183.487	34 	105.612	179	34.9904
Best individuals of this generation:
add(mul(x1, aq(x1, add(add(x1, a), x3))), mul(mul(sub(add(mul(x2, mul(aq(x2, add(a, x2)), x2)), exp(mul(sin(x4), x4))), mul(x3, sub(x2, x1))), aq(add(exp(a), add(x2, x1)), a)), add(add(mul(x3, add(add(x3, x1), x2)), add(x2, mul(mul(sub(add(mul(x2, mul(add(add(x3, x1), x2), x2)), exp(x1)), mul(x3, sub(x2, x4))), aq(add(x2, x1), x1)), add(exp(a), add(x2, aq(x2, x1)))))), add(add(mul(add(mul(aq(x2, x1), add(exp(a), add(x2, sin(aq(x2, add(x1, x4)))))), x1), mul(x3, x2)), exp(x1)), aq(add(x2, add(mul(a, x2), mul(x2, a))), x1)))))
GPU5 stages: candidates=2500 pre_s=22.554 cheap_candidates=1806 cheap_unique=1805 cheap_s=37.408/40.000 cheap_rejected=366 cheap_a_min=-0.402998655065 cheap_a_p50=0.000792805741285 cheap_a_p95=5.2455749089 cheap_a_max=2294.83885904 exact_a_gate=0.15 exact_provisional_penalty=3928.17976309 exact_candidates=1440 exact_unique=1439 full_exact_enabled=1 exact_capacity=1200 exact_waves=134 exact_scheduled=1200 exact_deferred=211 exact_wave=1200/1200 exact_queue_depth=0 exact_pending_instances=212 exact_s=218.608 exact_ok=1200 exact_margin_max=1006.92621161 exact_scan_mean_s=0.040 exact_bisect_mean_s=0.005 exact_polish_mean_s=0.293 exact_final_mean_s=0.013 exact_margin_abs_b_max=nan cache_hits=0 cache_misses=0 cache_waits=0
651	2500 	525.774	680.775    	1042.71    	183.509	34 	105.529	179	34.9524
Best individuals of this generation:
add(mul(x1, aq(x1, add(add(x1, a), x3))), mul(mul(sub(add(mul(x2, mul(aq(x2, add(a, x2)), x2)), exp(mul(sin(x4), x4))), mul(x3, sub(x2, x1))), aq(add(exp(a), add(x2, x1)), a)), add(add(mul(x3, add(add(x3, x1), x2)), add(x2, mul(mul(sub(add(mul(x2, mul(add(add(x3, x1), x2), x2)), exp(x1)), mul(x3, sub(x2, x4))), aq(add(x2, x1), x1)), add(exp(a), add(x2, aq(x2, x1)))))), add(add(mul(add(mul(aq(x2, x1), add(exp(a), add(x2, sin(aq(x2, add(x1, x4)))))), x1), mul(x3, x2)), exp(x1)), aq(add(x2, add(mul(a, x2), mul(x2, a))), x1)))))
GPU5 stages: candidates=2500 pre_s=22.769 cheap_candidates=1847 cheap_unique=1841 cheap_s=39.064/40.000 cheap_rejected=357 cheap_a_min=-0.177092406402 cheap_a_p50=0.000528027040497 cheap_a_p95=5.30589824407 cheap_a_max=2211.58937078 exact_a_gate=0.15 exact_provisional_penalty=6232.11032235 exact_candidates=1490 exact_unique=1484 full_exact_enabled=1 exact_capacity=1200 exact_waves=134 exact_scheduled=1200 exact_deferred=253 exact_wave=1200/1200 exact_queue_depth=0 exact_pending_instances=253 exact_s=209.291 exact_ok=1200 exact_margin_max=1022.98750749 exact_scan_mean_s=0.042 exact_bisect_mean_s=0.003 exact_polish_mean_s=0.277 exact_final_mean_s=0.014 exact_margin_abs_b_max=nan cache_hits=0 cache_misses=0 cache_waits=0
652	2500 	525.774	680.746    	1042.71    	183.525	34 	105.515	179	34.8732
Best individuals of this generation:
add(mul(x1, aq(x1, add(add(x1, a), x3))), mul(mul(sub(add(mul(x2, mul(aq(x2, add(a, x2)), x2)), exp(mul(sin(x4), x4))), mul(x3, sub(x2, x1))), aq(add(exp(a), add(x2, x1)), a)), add(add(mul(x3, add(add(x3, x1), x2)), add(x2, mul(mul(sub(add(mul(x2, mul(add(add(x3, x1), x2), x2)), exp(x1)), mul(x3, sub(x2, x4))), aq(add(x2, x1), x1)), add(exp(a), add(x2, aq(x2, x1)))))), add(add(mul(add(mul(aq(x2, x1), add(exp(a), add(x2, sin(aq(x2, add(x1, x4)))))), x1), mul(x3, x2)), exp(x1)), aq(add(x2, add(mul(a, x2), mul(x2, a))), x1)))))
GPU5 stages: candidates=2500 pre_s=22.650 cheap_candidates=1856 cheap_unique=1853 cheap_s=38.665/40.000 cheap_rejected=376 cheap_a_min=-0.116747377615 cheap_a_p50=0.000792806105146 cheap_a_p95=6.38351589221 cheap_a_max=6311.41762868 exact_a_gate=0.15 exact_provisional_penalty=3928.17976309 exact_candidates=1480 exact_unique=1477 full_exact_enabled=1 exact_capacity=1200 exact_waves=134 exact_scheduled=1200 exact_deferred=250 exact_wave=1200/1200 exact_queue_depth=0 exact_pending_instances=250 exact_s=217.491 exact_ok=1200 exact_margin_max=1054.76374178 exact_scan_mean_s=0.040 exact_bisect_mean_s=0.004 exact_polish_mean_s=0.281 exact_final_mean_s=0.016 exact_margin_abs_b_max=nan cache_hits=0 cache_misses=0 cache_waits=0
653	2500 	525.774	680.704    	1042.7     	183.547	34 	105.43 	179	34.8426
Best individuals of this generation:
add(mul(x1, aq(x1, add(add(x1, a), x3))), mul(mul(sub(add(mul(x2, mul(aq(x2, add(a, x2)), x2)), exp(mul(sin(x4), x4))), mul(x3, sub(x2, x1))), aq(add(exp(a), add(x2, x1)), a)), add(add(mul(x3, add(add(x3, x1), x2)), add(x2, mul(mul(sub(add(mul(x2, mul(add(add(x3, x1), x2), x2)), exp(x1)), mul(x3, sub(x2, x4))), aq(add(x2, x1), x1)), add(exp(a), add(x2, aq(x2, x1)))))), add(add(mul(add(mul(aq(x2, x1), add(exp(a), add(x2, sin(aq(x2, add(x1, x4)))))), x1), mul(x3, x2)), exp(x1)), aq(add(x2, add(mul(a, x2), mul(x2, a))), x1)))))
GPU5 stages: candidates=2500 pre_s=22.652 cheap_candidates=1833 cheap_unique=1827 cheap_s=38.139/40.000 cheap_rejected=363 cheap_a_min=-0.819398613033 cheap_a_p50=0.000792805468948 cheap_a_p95=5.09656543419 cheap_a_max=4512.76892338 exact_a_gate=0.15 exact_provisional_penalty=3928.17976309 exact_candidates=1470 exact_unique=1464 full_exact_enabled=1 exact_capacity=1200 exact_waves=134 exact_scheduled=1200 exact_deferred=218 exact_wave=1200/1200 exact_queue_depth=0 exact_pending_instances=220 exact_s=215.693 exact_ok=1200 exact_margin_max=153.561154145 exact_scan_mean_s=0.042 exact_bisect_mean_s=0.003 exact_polish_mean_s=0.282 exact_final_mean_s=0.012 exact_margin_abs_b_max=nan cache_hits=0 cache_misses=0 cache_waits=0
654	2500 	525.774	680.655    	1042.7     	183.574	34 	105.261	179	34.702 
Best individuals of this generation:
add(mul(x1, aq(x1, add(add(x1, a), x3))), mul(mul(sub(add(mul(x2, mul(aq(x2, add(a, x2)), x2)), exp(mul(sin(x4), x4))), mul(x3, sub(x2, x1))), aq(add(exp(a), add(x2, x1)), a)), add(add(mul(x3, add(add(x3, x1), x2)), add(x2, mul(mul(sub(add(mul(x2, mul(add(add(x3, x1), x2), x2)), exp(x1)), mul(x3, sub(x2, x4))), aq(add(x2, x1), x1)), add(exp(a), add(x2, aq(x2, x1)))))), add(add(mul(add(mul(aq(x2, x1), add(exp(a), add(x2, sin(aq(x2, add(x1, x4)))))), x1), mul(x3, x2)), exp(x1)), aq(add(x2, add(mul(a, x2), mul(x2, a))), x1)))))
GPU5 stages: candidates=2500 pre_s=22.564 cheap_candidates=1831 cheap_unique=1823 cheap_s=37.884/40.000 cheap_rejected=397 cheap_a_min=-0.265119064341 cheap_a_p50=0.000490054648254 cheap_a_p95=4.87891139599 cheap_a_max=4297.40681359 exact_a_gate=0.15 exact_provisional_penalty=3928.17976309 exact_candidates=1434 exact_unique=1426 full_exact_enabled=1 exact_capacity=1200 exact_waves=134 exact_scheduled=1200 exact_deferred=194 exact_wave=1200/1200 exact_queue_depth=0 exact_pending_instances=195 exact_s=214.257 exact_ok=1200 exact_margin_max=1.22048239992e+21 exact_scan_mean_s=0.040 exact_bisect_mean_s=0.005 exact_polish_mean_s=0.280 exact_final_mean_s=0.016 exact_margin_abs_b_max=nan cache_hits=0 cache_misses=0 cache_waits=0
655	2500 	525.774	680.629    	1042.7     	183.589	34 	105.047	179	34.4835
Best individuals of this generation:
add(mul(x1, aq(x1, add(add(x1, a), x3))), mul(mul(sub(add(mul(x2, mul(aq(x2, add(a, x2)), x2)), exp(mul(sin(x4), x4))), mul(x3, sub(x2, x1))), aq(add(exp(a), add(x2, x1)), a)), add(add(mul(x3, add(add(x3, x1), x2)), add(x2, mul(mul(sub(add(mul(x2, mul(add(add(x3, x1), x2), x2)), exp(x1)), mul(x3, sub(x2, x4))), aq(add(x2, x1), x1)), add(exp(a), add(x2, aq(x2, x1)))))), add(add(mul(add(mul(aq(x2, x1), add(exp(a), add(x2, sin(aq(x2, add(x1, x4)))))), x1), mul(x3, x2)), exp(x1)), aq(add(x2, add(mul(a, x2), mul(x2, a))), x1)))))
GPU5 stages: candidates=2500 pre_s=22.691 cheap_candidates=1871 cheap_unique=1861 cheap_s=38.329/40.000 cheap_rejected=396 cheap_a_min=-0.381325046587 cheap_a_p50=0.000792813814629 cheap_a_p95=6.50269864202 cheap_a_max=28082.5566299 exact_a_gate=0.15 exact_provisional_penalty=3928.17976309 exact_candidates=1475 exact_unique=1465 full_exact_enabled=1 exact_capacity=1200 exact_waves=134 exact_scheduled=1200 exact_deferred=230 exact_wave=1200/1200 exact_queue_depth=0 exact_pending_instances=230 exact_s=211.109 exact_ok=1200 exact_margin_max=1146.05486849 exact_scan_mean_s=0.041 exact_bisect_mean_s=0.002 exact_polish_mean_s=0.289 exact_final_mean_s=0.014 exact_margin_abs_b_max=nan cache_hits=0 cache_misses=0 cache_waits=0
656	2500 	525.774	680.599    	1042.68    	183.6  	34 	104.851	179	34.3025
Best individuals of this generation:
add(mul(x1, aq(x1, add(add(x1, a), x3))), mul(mul(sub(add(mul(x2, mul(aq(x2, add(a, x2)), x2)), exp(mul(sin(x4), x4))), mul(x3, sub(x2, x1))), aq(add(exp(a), add(x2, x1)), a)), add(add(mul(x3, add(add(x3, x1), x2)), add(x2, mul(mul(sub(add(mul(x2, mul(add(add(x3, x1), x2), x2)), exp(x1)), mul(x3, sub(x2, x4))), aq(add(x2, x1), x1)), add(exp(a), add(x2, aq(x2, x1)))))), add(add(mul(add(mul(aq(x2, x1), add(exp(a), add(x2, sin(aq(x2, add(x1, x4)))))), x1), mul(x3, x2)), exp(x1)), aq(add(x2, add(mul(a, x2), mul(x2, a))), x1)))))
GPU5 stages: candidates=2500 pre_s=22.516 cheap_candidates=1802 cheap_unique=1799 cheap_s=35.572/40.000 cheap_rejected=349 cheap_a_min=-0.43211983412 cheap_a_p50=0.000526215326604 cheap_a_p95=6.5978762923 cheap_a_max=7529.12977883 exact_a_gate=0.15 exact_provisional_penalty=3928.17976309 exact_candidates=1453 exact_unique=1450 full_exact_enabled=1 exact_capacity=1200 exact_waves=134 exact_scheduled=1200 exact_deferred=214 exact_wave=1200/1200 exact_queue_depth=0 exact_pending_instances=215 exact_s=206.935 exact_ok=1200 exact_margin_max=22908.9771737 exact_scan_mean_s=0.040 exact_bisect_mean_s=0.004 exact_polish_mean_s=0.275 exact_final_mean_s=0.012 exact_margin_abs_b_max=nan cache_hits=0 cache_misses=0 cache_waits=0
657	2500 	525.658	680.524    	1042.66    	183.641	34 	104.806	179	34.3454
Best individuals of this generation:
add(mul(x1, aq(x1, add(add(x1, a), x3))), mul(mul(sub(add(mul(x2, mul(aq(x2, add(x2, x2)), x2)), exp(mul(sin(x4), x4))), mul(x3, sub(x2, x1))), aq(add(exp(a), add(x2, x1)), a)), add(add(mul(x3, add(add(x3, x1), x2)), add(x2, mul(mul(sub(add(mul(x2, mul(add(add(x3, x1), x2), x2)), exp(x1)), mul(x3, sub(x2, x4))), aq(add(x2, x1), x1)), add(exp(a), add(x2, aq(x2, x1)))))), add(add(mul(add(mul(aq(add(x2, x1), x1), add(exp(a), add(x2, sin(aq(x2, add(x1, x4)))))), x1), mul(x3, x2)), exp(x1)), aq(add(x2, add(mul(x2, x2), mul(x2, a))), x1)))))
GPU5 stages: candidates=2500 pre_s=22.626 cheap_candidates=1887 cheap_unique=1879 cheap_s=38.705/40.000 cheap_rejected=372 cheap_a_min=-0.201842100078 cheap_a_p50=0.000787116848281 cheap_a_p95=4.46331303079 cheap_a_max=6066.29562259 exact_a_gate=0.15 exact_provisional_penalty=3928.17976309 exact_candidates=1515 exact_unique=1507 full_exact_enabled=1 exact_capacity=1200 exact_waves=134 exact_scheduled=1200 exact_deferred=271 exact_wave=1200/1200 exact_queue_depth=0 exact_pending_instances=271 exact_s=215.340 exact_ok=1200 exact_margin_max=220.877029688 exact_scan_mean_s=0.040 exact_bisect_mean_s=0.005 exact_polish_mean_s=0.277 exact_final_mean_s=0.011 exact_margin_abs_b_max=nan cache_hits=0 cache_misses=0 cache_waits=0
658	2500 	520.85 	680.428    	1042.66    	183.698	34 	104.674	179	34.1973
Best individuals of this generation:
add(mul(x1, aq(x1, add(add(x1, a), x3))), mul(mul(sub(add(mul(x2, mul(aq(x2, add(a, x2)), add(x2, add(exp(a), mul(x2, a))))), exp(mul(sin(x4), x4))), mul(x3, sub(mul(x3, x2), x1))), aq(add(exp(a), add(x2, x1)), a)), add(add(mul(x3, add(add(x3, x1), x2)), add(x2, mul(mul(sub(add(mul(x2, mul(add(add(x3, x1), x3), x2)), exp(x1)), mul(x3, sub(x2, x4))), aq(add(x2, x1), x1)), add(exp(a), add(x2, aq(x2, x1)))))), add(add(mul(add(mul(aq(add(x2, x1), x1), add(exp(a), add(x2, sin(aq(x2, add(x1, x4)))))), x1), add(a, x2)), exp(x1)), mul(x3, sub(x2, x4))))))
GPU5 stages: candidates=2500 pre_s=22.818 cheap_candidates=1855 cheap_unique=1843 cheap_s=38.569/40.000 cheap_rejected=421 cheap_a_min=-0.984674007827 cheap_a_p50=0.000792816967092 cheap_a_p95=13.4996746305 cheap_a_max=3594.12908417 exact_a_gate=0.15 exact_provisional_penalty=3928.17976309 exact_candidates=1434 exact_unique=1422 full_exact_enabled=1 exact_capacity=1200 exact_waves=134 exact_scheduled=1200 exact_deferred=189 exact_wave=1200/1200 exact_queue_depth=0 exact_pending_instances=189 exact_s=219.853 exact_ok=1200 exact_margin_max=167.007798925 exact_scan_mean_s=0.041 exact_bisect_mean_s=0.004 exact_polish_mean_s=0.281 exact_final_mean_s=0.016 exact_margin_abs_b_max=nan cache_hits=0 cache_misses=0 cache_waits=0
659	2500 	520.85 	680.361    	1042.64    	183.733	34 	104.602	179	34.0692
Best individuals of this generation:
add(mul(x1, aq(x1, add(add(x1, a), x3))), mul(mul(sub(add(mul(x2, mul(aq(x2, add(a, x2)), add(x2, add(exp(a), mul(x2, a))))), exp(mul(sin(x4), x4))), mul(x3, sub(mul(x3, x2), x1))), aq(add(exp(a), add(x2, x1)), a)), add(add(mul(x3, add(add(x3, x1), x2)), add(x2, mul(mul(sub(add(mul(x2, mul(add(add(x3, x1), x3), x2)), exp(x1)), mul(x3, sub(x2, x4))), aq(add(x2, x1), x1)), add(exp(a), add(x2, aq(x2, x1)))))), add(add(mul(add(mul(aq(add(x2, x1), x1), add(exp(a), add(x2, sin(aq(x2, add(x1, x4)))))), x1), add(a, x2)), exp(x1)), mul(x3, sub(x2, x4))))))
GPU5 stages: candidates=2500 pre_s=22.639 cheap_candidates=1806 cheap_unique=1802 cheap_s=36.260/40.000 cheap_rejected=410 cheap_a_min=-0.124504816762 cheap_a_p50=0.000792817485839 cheap_a_p95=9.39360424279 cheap_a_max=361403.202593 exact_a_gate=0.15 exact_provisional_penalty=3928.17976309 exact_candidates=1396 exact_unique=1392 full_exact_enabled=1 exact_capacity=1200 exact_waves=134 exact_scheduled=1200 exact_deferred=170 exact_wave=1200/1200 exact_queue_depth=0 exact_pending_instances=172 exact_s=208.520 exact_ok=1200 exact_margin_max=993.770115554 exact_scan_mean_s=0.041 exact_bisect_mean_s=0.004 exact_polish_mean_s=0.282 exact_final_mean_s=0.011 exact_margin_abs_b_max=nan cache_hits=0 cache_misses=0 cache_waits=0
660	2500 	520.85 	680.281    	1042.63    	183.777	34 	104.432	179	33.9139
Best individuals of this generation:
add(mul(x1, aq(x1, add(add(x1, a), x3))), mul(mul(sub(add(mul(x2, mul(aq(x2, add(a, x2)), add(x2, add(exp(a), mul(x2, a))))), exp(mul(sin(x4), x4))), mul(x3, sub(mul(x3, x2), x1))), aq(add(exp(a), add(x2, x1)), a)), add(add(mul(x3, add(add(x3, x1), x2)), add(x2, mul(mul(sub(add(mul(x2, mul(add(add(x3, x1), x3), x2)), exp(x1)), mul(x3, sub(x2, x4))), aq(add(x2, x1), x1)), add(exp(a), add(x2, aq(x2, x1)))))), add(add(mul(add(mul(aq(add(x2, x1), x1), add(exp(a), add(x2, sin(aq(x2, add(x1, x4)))))), x1), add(a, x2)), exp(x1)), mul(x3, sub(x2, x4))))))
GPU5 stages: candidates=2500 pre_s=22.770 cheap_candidates=1896 cheap_unique=1883 cheap_s=44.014/40.000 cheap_rejected=404 cheap_a_min=-0.170410080854 cheap_a_p50=0.000792813124098 cheap_a_p95=6.20925885457 cheap_a_max=10097.4059374 exact_a_gate=0.15 exact_provisional_penalty=3928.17976309 exact_candidates=1492 exact_unique=1479 full_exact_enabled=1 exact_capacity=1200 exact_waves=134 exact_scheduled=1200 exact_deferred=237 exact_wave=1200/1200 exact_queue_depth=0 exact_pending_instances=239 exact_s=216.954 exact_ok=1200 exact_margin_max=16.9777943234 exact_scan_mean_s=0.042 exact_bisect_mean_s=0.002 exact_polish_mean_s=0.267 exact_final_mean_s=0.011 exact_margin_abs_b_max=nan cache_hits=0 cache_misses=0 cache_waits=0
661	2500 	520.85 	680.219    	1042.63    	183.811	34 	104.219	179	33.7515
Best individuals of this generation:
add(mul(x1, aq(x1, add(add(x1, a), x3))), mul(mul(sub(add(mul(x2, mul(aq(x2, add(a, x2)), add(x2, add(exp(a), mul(x2, a))))), exp(mul(sin(x4), x4))), mul(x3, sub(mul(x3, x2), x1))), aq(add(exp(a), add(x2, x1)), a)), add(add(mul(x3, add(add(x3, x1), x2)), add(x2, mul(mul(sub(add(mul(x2, mul(add(add(x3, x1), x3), x2)), exp(x1)), mul(x3, sub(x2, x4))), aq(add(x2, x1), x1)), add(exp(a), add(x2, aq(x2, x1)))))), add(add(mul(add(mul(aq(add(x2, x1), x1), add(exp(a), add(x2, sin(aq(x2, add(x1, x4)))))), x1), add(a, x2)), exp(x1)), mul(x3, sub(x2, x4))))))
GPU5 stages: candidates=2500 pre_s=22.712 cheap_candidates=1840 cheap_unique=1836 cheap_s=36.781/40.000 cheap_rejected=387 cheap_a_min=-0.70218693578 cheap_a_p50=0.000506297118024 cheap_a_p95=8.77700761118 cheap_a_max=20648.7711834 exact_a_gate=0.15 exact_provisional_penalty=6306.28901646 exact_candidates=1453 exact_unique=1449 full_exact_enabled=1 exact_capacity=1200 exact_waves=134 exact_scheduled=1200 exact_deferred=214 exact_wave=1200/1200 exact_queue_depth=0 exact_pending_instances=214 exact_s=218.142 exact_ok=1200 exact_margin_max=80.7075086131 exact_scan_mean_s=0.042 exact_bisect_mean_s=0.004 exact_polish_mean_s=0.284 exact_final_mean_s=0.015 exact_margin_abs_b_max=nan cache_hits=0 cache_misses=0 cache_waits=0
662	2500 	520.85 	680.127    	1042.62    	183.861	34 	104.082	179	33.686 
Best individuals of this generation:
add(mul(x1, aq(x1, add(add(x1, a), x3))), mul(mul(sub(add(mul(x2, mul(aq(x2, add(a, x2)), add(x2, add(exp(a), mul(x2, a))))), exp(mul(sin(x4), x4))), mul(x3, sub(mul(x3, x2), x1))), aq(add(exp(a), add(x2, x1)), a)), add(add(mul(x3, add(add(x3, x1), x2)), add(x2, mul(mul(sub(add(mul(x2, mul(add(add(x3, x1), x3), x2)), exp(x1)), mul(x3, sub(x2, x4))), aq(add(x2, x1), x1)), add(exp(a), add(x2, aq(x2, x1)))))), add(add(mul(add(mul(aq(add(x2, x1), x1), add(exp(a), add(x2, sin(aq(x2, add(x1, x4)))))), x1), add(a, x2)), exp(x1)), mul(x3, sub(x2, x4))))))
GPU5 stages: candidates=2500 pre_s=22.490 cheap_candidates=1870 cheap_unique=1863 cheap_s=38.554/40.000 cheap_rejected=415 cheap_a_min=-0.242830650614 cheap_a_p50=0.000792806947893 cheap_a_p95=7.99488828699 cheap_a_max=4717.72822722 exact_a_gate=0.15 exact_provisional_penalty=3928.17976309 exact_candidates=1455 exact_unique=1448 full_exact_enabled=1 exact_capacity=1200 exact_waves=134 exact_scheduled=1200 exact_deferred=218 exact_wave=1200/1200 exact_queue_depth=0 exact_pending_instances=218 exact_s=217.431 exact_ok=1200 exact_margin_max=1440.53582192 exact_scan_mean_s=0.041 exact_bisect_mean_s=0.004 exact_polish_mean_s=0.286 exact_final_mean_s=0.011 exact_margin_abs_b_max=nan cache_hits=0 cache_misses=0 cache_waits=0
663	2500 	520.301	680.027    	1042.62    	183.921	34 	104.02 	179	33.5877
Best individuals of this generation:
add(mul(x1, aq(x1, add(add(x1, a), x3))), mul(mul(sub(add(mul(x2, mul(aq(x2, add(a, x2)), add(x2, add(exp(a), mul(x2, a))))), exp(mul(sin(x4), x4))), mul(x3, sub(mul(x3, x2), x1))), aq(add(exp(a), add(x2, x1)), a)), add(add(mul(x3, add(add(x3, x1), x2)), add(x2, mul(mul(sub(add(mul(add(exp(a), add(x2, aq(x2, x1))), mul(add(add(x3, x1), x2), x2)), exp(x1)), mul(x3, sub(x2, x4))), aq(add(x2, x1), x1)), add(exp(a), add(x2, aq(x2, x1)))))), add(add(mul(add(mul(aq(add(x2, x1), x1), add(exp(a), add(x2, sin(aq(x2, add(x1, x4)))))), x1), add(a, x2)), exp(x1)), mul(x3, sub(x2, x4))))))
GPU5 stages: candidates=2500 pre_s=22.701 cheap_candidates=1835 cheap_unique=1831 cheap_s=37.834/40.000 cheap_rejected=410 cheap_a_min=-0.208577342581 cheap_a_p50=0.000792814447229 cheap_a_p95=6.91112238392 cheap_a_max=15757.0178247 exact_a_gate=0.15 exact_provisional_penalty=3928.17976309 exact_candidates=1425 exact_unique=1421 full_exact_enabled=1 exact_capacity=1200 exact_waves=134 exact_scheduled=1200 exact_deferred=189 exact_wave=1200/1200 exact_queue_depth=0 exact_pending_instances=189 exact_s=211.717 exact_ok=1200 exact_margin_max=1851.64476909 exact_scan_mean_s=0.041 exact_bisect_mean_s=0.005 exact_polish_mean_s=0.281 exact_final_mean_s=0.016 exact_margin_abs_b_max=nan cache_hits=0 cache_misses=0 cache_waits=0
664	2500 	520.301	679.931    	1042.61    	183.972	34 	103.909	179	33.5786
Best individuals of this generation:
add(mul(x1, aq(x1, add(add(x1, a), x3))), mul(mul(sub(add(mul(x2, mul(aq(x2, add(a, x2)), add(x2, add(exp(a), mul(x2, a))))), exp(mul(sin(x4), x4))), mul(x3, sub(mul(x3, x2), x1))), aq(add(exp(a), add(x2, x1)), a)), add(add(mul(x3, add(add(x3, x1), x2)), add(x2, mul(mul(sub(add(mul(add(exp(a), add(x2, aq(x2, x1))), mul(add(add(x3, x1), x2), x2)), exp(x1)), mul(x3, sub(x2, x4))), aq(add(x2, x1), x1)), add(exp(a), add(x2, aq(x2, x1)))))), add(add(mul(add(mul(aq(add(x2, x1), x1), add(exp(a), add(x2, sin(aq(x2, add(x1, x4)))))), x1), add(a, x2)), exp(x1)), mul(x3, sub(x2, x4))))))
GPU5 stages: candidates=2500 pre_s=22.666 cheap_candidates=1818 cheap_unique=1810 cheap_s=37.092/40.000 cheap_rejected=409 cheap_a_min=-0.238677637469 cheap_a_p50=0.000706786342938 cheap_a_p95=5.57134222585 cheap_a_max=2561.14101727 exact_a_gate=0.15 exact_provisional_penalty=10212.1989623 exact_candidates=1409 exact_unique=1401 full_exact_enabled=1 exact_capacity=1200 exact_waves=134 exact_scheduled=1200 exact_deferred=161 exact_wave=1200/1200 exact_queue_depth=0 exact_pending_instances=161 exact_s=212.386 exact_ok=1200 exact_margin_max=1004.69016948 exact_scan_mean_s=0.040 exact_bisect_mean_s=0.005 exact_polish_mean_s=0.277 exact_final_mean_s=0.014 exact_margin_abs_b_max=nan cache_hits=0 cache_misses=0 cache_waits=0
665	2500 	520.301	679.817    	1042.61    	184.037	34 	103.772	179	33.4619
Best individuals of this generation:
add(mul(x1, aq(x1, add(add(x1, a), x3))), mul(mul(sub(add(mul(x2, mul(aq(x2, add(a, x2)), add(x2, add(exp(a), mul(x2, a))))), exp(mul(sin(x4), x4))), mul(x3, sub(mul(x3, x2), x1))), aq(add(exp(a), add(x2, x1)), a)), add(add(mul(x3, add(add(x3, x1), x2)), add(x2, mul(mul(sub(add(mul(add(exp(a), add(x2, aq(x2, x1))), mul(add(add(x3, x1), x2), x2)), exp(x1)), mul(x3, sub(x2, x4))), aq(add(x2, x1), x1)), add(exp(a), add(x2, aq(x2, x1)))))), add(add(mul(add(mul(aq(add(x2, x1), x1), add(exp(a), add(x2, sin(aq(x2, add(x1, x4)))))), x1), add(a, x2)), exp(x1)), mul(x3, sub(x2, x4))))))
GPU5 stages: candidates=2500 pre_s=22.678 cheap_candidates=1845 cheap_unique=1838 cheap_s=38.528/40.000 cheap_rejected=393 cheap_a_min=-0.192252365937 cheap_a_p50=0.000686677647222 cheap_a_p95=6.7826702615 cheap_a_max=1344.85058553 exact_a_gate=0.15 exact_provisional_penalty=3928.17976309 exact_candidates=1452 exact_unique=1445 full_exact_enabled=1 exact_capacity=1200 exact_waves=134 exact_scheduled=1200 exact_deferred=215 exact_wave=1200/1200 exact_queue_depth=0 exact_pending_instances=215 exact_s=215.595 exact_ok=1200 exact_margin_max=2474.25276767 exact_scan_mean_s=0.041 exact_bisect_mean_s=0.004 exact_polish_mean_s=0.281 exact_final_mean_s=0.014 exact_margin_abs_b_max=nan cache_hits=0 cache_misses=0 cache_waits=0
666	2500 	520.301	679.687    	1042.6     	184.108	34 	103.815	179	33.3566
Best individuals of this generation:
add(mul(x1, aq(x1, add(add(x1, a), x3))), mul(mul(sub(add(mul(x2, mul(aq(x2, add(a, x2)), add(x2, add(exp(a), mul(x2, a))))), exp(mul(sin(x4), x4))), mul(x3, sub(mul(x3, x2), x1))), aq(add(exp(a), add(x2, x1)), a)), add(add(mul(x3, add(add(x3, x1), x2)), add(x2, mul(mul(sub(add(mul(add(exp(a), add(x2, aq(x2, x1))), mul(add(add(x3, x1), x2), x2)), exp(x1)), mul(x3, sub(x2, x4))), aq(add(x2, x1), x1)), add(exp(a), add(x2, aq(x2, x1)))))), add(add(mul(add(mul(aq(add(x2, x1), x1), add(exp(a), add(x2, sin(aq(x2, add(x1, x4)))))), x1), add(a, x2)), exp(x1)), mul(x3, sub(x2, x4))))))
GPU5 stages: candidates=2500 pre_s=22.549 cheap_candidates=1859 cheap_unique=1846 cheap_s=37.591/40.000 cheap_rejected=415 cheap_a_min=-0.186715993608 cheap_a_p50=0.00066619717357 cheap_a_p95=8.78333123833 cheap_a_max=13361.3455299 exact_a_gate=0.15 exact_provisional_penalty=3928.17976309 exact_candidates=1444 exact_unique=1431 full_exact_enabled=1 exact_capacity=1200 exact_waves=134 exact_scheduled=1200 exact_deferred=190 exact_wave=1200/1200 exact_queue_depth=0 exact_pending_instances=191 exact_s=213.078 exact_ok=1200 exact_margin_max=162.514444932 exact_scan_mean_s=0.041 exact_bisect_mean_s=0.003 exact_polish_mean_s=0.278 exact_final_mean_s=0.015 exact_margin_abs_b_max=nan cache_hits=0 cache_misses=0 cache_waits=0
667	2500 	520.301	679.502    	1042.6     	184.21 	34 	103.958	179	33.369 
Best individuals of this generation:
add(mul(x1, aq(x1, add(add(x1, a), x3))), mul(mul(sub(add(mul(x2, mul(aq(x2, add(a, x2)), add(x2, add(exp(a), mul(x2, a))))), exp(mul(sin(x4), x4))), mul(x3, sub(mul(x3, x2), x1))), aq(add(exp(a), add(x2, x1)), a)), add(add(mul(x3, add(add(x3, x1), x2)), add(x2, mul(mul(sub(add(mul(add(exp(a), add(x2, aq(x2, x1))), mul(add(add(x3, x1), x2), x2)), exp(x1)), mul(x3, sub(x2, x4))), aq(add(x2, x1), x1)), add(exp(a), add(x2, aq(x2, x1)))))), add(add(mul(add(mul(aq(add(x2, x1), x1), add(exp(a), add(x2, sin(aq(x2, add(x1, x4)))))), x1), add(a, x2)), exp(x1)), mul(x3, sub(x2, x4))))))
GPU5 stages: candidates=2500 pre_s=22.727 cheap_candidates=1909 cheap_unique=1897 cheap_s=38.676/40.000 cheap_rejected=423 cheap_a_min=-0.296462401275 cheap_a_p50=0.000792805646112 cheap_a_p95=8.05385286996 cheap_a_max=9814.67252443 exact_a_gate=0.15 exact_provisional_penalty=3928.17976309 exact_candidates=1486 exact_unique=1474 full_exact_enabled=1 exact_capacity=1200 exact_waves=134 exact_scheduled=1200 exact_deferred=248 exact_wave=1200/1200 exact_queue_depth=0 exact_pending_instances=248 exact_s=216.380 exact_ok=1200 exact_margin_max=1556.67976254 exact_scan_mean_s=0.040 exact_bisect_mean_s=0.004 exact_polish_mean_s=0.270 exact_final_mean_s=0.025 exact_margin_abs_b_max=nan cache_hits=0 cache_misses=0 cache_waits=0
668	2500 	520.301	679.379    	1042.59    	184.278	34 	103.912	179	33.342 
Best individuals of this generation:
add(mul(x1, aq(x1, add(add(x1, a), x3))), mul(mul(sub(add(mul(x2, mul(aq(x2, add(a, x2)), add(x2, add(exp(a), mul(x2, a))))), exp(mul(sin(x4), x4))), mul(x3, sub(mul(x3, x2), x1))), aq(add(exp(a), add(x2, x1)), a)), add(add(mul(x3, add(add(x3, x1), x2)), add(x2, mul(mul(sub(add(mul(add(exp(a), add(x2, aq(x2, x1))), mul(add(add(x3, x1), x2), x2)), exp(x1)), mul(x3, sub(x2, x4))), aq(add(x2, x1), x1)), add(exp(a), add(x2, aq(x2, x1)))))), add(add(mul(add(mul(aq(add(x2, x1), x1), add(exp(a), add(x2, sin(aq(x2, add(x1, x4)))))), x1), add(a, x2)), exp(x1)), mul(x3, sub(x2, x4))))))
GPU5 stages: candidates=2500 pre_s=22.820 cheap_candidates=1903 cheap_unique=1899 cheap_s=39.495/40.000 cheap_rejected=414 cheap_a_min=-0.571198577888 cheap_a_p50=0.000645696724644 cheap_a_p95=5.86958290119 cheap_a_max=3440.28168517 exact_a_gate=0.15 exact_provisional_penalty=4798.25436945 exact_candidates=1489 exact_unique=1485 full_exact_enabled=1 exact_capacity=1200 exact_waves=134 exact_scheduled=1200 exact_deferred=250 exact_wave=1200/1200 exact_queue_depth=0 exact_pending_instances=254 exact_s=209.483 exact_ok=1200 exact_margin_max=46.9601960708 exact_scan_mean_s=0.040 exact_bisect_mean_s=0.005 exact_polish_mean_s=0.277 exact_final_mean_s=0.018 exact_margin_abs_b_max=nan cache_hits=0 cache_misses=0 cache_waits=0
669	2500 	520.301	679.232    	1042.59    	184.36 	34 	104.096	179	33.3128
Best individuals of this generation:
add(mul(x1, aq(x1, add(add(x1, a), x3))), mul(mul(sub(add(mul(x2, mul(aq(x2, add(a, x2)), add(x2, add(exp(a), mul(x2, a))))), exp(mul(sin(x4), x4))), mul(x3, sub(mul(x3, x2), x1))), aq(add(exp(a), add(x2, x1)), a)), add(add(mul(x3, add(add(x3, x1), x2)), add(x2, mul(mul(sub(add(mul(add(exp(a), add(x2, aq(x2, x1))), mul(add(add(x3, x1), x2), x2)), exp(x1)), mul(x3, sub(x2, x4))), aq(add(x2, x1), x1)), add(exp(a), add(x2, aq(x2, x1)))))), add(add(mul(add(mul(aq(add(x2, x1), x1), add(exp(a), add(x2, sin(aq(x2, add(x1, x4)))))), x1), add(a, x2)), exp(x1)), mul(x3, sub(x2, x4))))))
GPU5 stages: candidates=2500 pre_s=22.855 cheap_candidates=1844 cheap_unique=1835 cheap_s=38.569/40.000 cheap_rejected=407 cheap_a_min=-0.519757492261 cheap_a_p50=0.000792805459973 cheap_a_p95=7.87708216878 cheap_a_max=2697.38413616 exact_a_gate=0.15 exact_provisional_penalty=14674.5394413 exact_candidates=1437 exact_unique=1429 full_exact_enabled=1 exact_capacity=1200 exact_waves=134 exact_scheduled=1200 exact_deferred=193 exact_wave=1200/1200 exact_queue_depth=0 exact_pending_instances=195 exact_s=211.780 exact_ok=1200 exact_margin_max=970.63780503 exact_scan_mean_s=0.039 exact_bisect_mean_s=0.004 exact_polish_mean_s=0.272 exact_final_mean_s=0.011 exact_margin_abs_b_max=nan cache_hits=0 cache_misses=0 cache_waits=0
670	2500 	520.301	679.068    	1042.59    	184.454	34 	104.188	179	33.2106
Best individuals of this generation:
add(mul(x1, aq(x1, add(add(x1, a), x3))), mul(mul(sub(add(mul(x2, mul(aq(x2, add(a, x2)), add(x2, add(exp(a), mul(x2, a))))), exp(mul(sin(x4), x4))), mul(x3, sub(mul(x3, x2), x1))), aq(add(exp(a), add(x2, x1)), a)), add(add(mul(x3, add(add(x3, x1), x2)), add(x2, mul(mul(sub(add(mul(add(exp(a), add(x2, aq(x2, x1))), mul(add(add(x3, x1), x2), x2)), exp(x1)), mul(x3, sub(x2, x4))), aq(add(x2, x1), x1)), add(exp(a), add(x2, aq(x2, x1)))))), add(add(mul(add(mul(aq(add(x2, x1), x1), add(exp(a), add(x2, sin(aq(x2, add(x1, x4)))))), x1), add(a, x2)), exp(x1)), mul(x3, sub(x2, x4))))))
GPU5 stages: candidates=2500 pre_s=22.556 cheap_candidates=1835 cheap_unique=1824 cheap_s=37.739/40.000 cheap_rejected=410 cheap_a_min=-0.354756647254 cheap_a_p50=0.000732138381166 cheap_a_p95=7.00493033566 cheap_a_max=1940.10525396 exact_a_gate=0.15 exact_provisional_penalty=3928.17976309 exact_candidates=1425 exact_unique=1414 full_exact_enabled=1 exact_capacity=1200 exact_waves=134 exact_scheduled=1200 exact_deferred=189 exact_wave=1200/1200 exact_queue_depth=0 exact_pending_instances=190 exact_s=207.418 exact_ok=1200 exact_margin_max=199.259414749 exact_scan_mean_s=0.042 exact_bisect_mean_s=0.005 exact_polish_mean_s=0.266 exact_final_mean_s=0.018 exact_margin_abs_b_max=nan cache_hits=0 cache_misses=0 cache_waits=0
671	2500 	520.301	678.903    	1042.59    	184.548	34 	104.249	179	33.0568
Best individuals of this generation:
add(mul(x1, aq(x1, add(add(x1, a), x3))), mul(mul(sub(add(mul(x2, mul(aq(x2, add(a, x2)), add(x2, add(exp(a), mul(x2, a))))), exp(mul(sin(x4), x4))), mul(x3, sub(mul(x3, x2), x1))), aq(add(exp(a), add(x2, x1)), a)), add(add(mul(x3, add(add(x3, x1), x2)), add(x2, mul(mul(sub(add(mul(add(exp(a), add(x2, aq(x2, x1))), mul(add(add(x3, x1), x2), x2)), exp(x1)), mul(x3, sub(x2, x4))), aq(add(x2, x1), x1)), add(exp(a), add(x2, aq(x2, x1)))))), add(add(mul(add(mul(aq(add(x2, x1), x1), add(exp(a), add(x2, sin(aq(x2, add(x1, x4)))))), x1), add(a, x2)), exp(x1)), mul(x3, sub(x2, x4))))))
GPU5 stages: candidates=2500 pre_s=22.657 cheap_candidates=1854 cheap_unique=1845 cheap_s=38.435/40.000 cheap_rejected=441 cheap_a_min=-0.193406786628 cheap_a_p50=0.000792805628737 cheap_a_p95=6.7958271937 cheap_a_max=3182.6874377 exact_a_gate=0.15 exact_provisional_penalty=5920.62079009 exact_candidates=1413 exact_unique=1404 full_exact_enabled=1 exact_capacity=1200 exact_waves=134 exact_scheduled=1200 exact_deferred=156 exact_wave=1200/1200 exact_queue_depth=0 exact_pending_instances=156 exact_s=206.165 exact_ok=1200 exact_margin_max=1352.89078644 exact_scan_mean_s=0.040 exact_bisect_mean_s=0.004 exact_polish_mean_s=0.276 exact_final_mean_s=0.017 exact_margin_abs_b_max=nan cache_hits=0 cache_misses=0 cache_waits=0
672	2500 	520.301	678.753    	1042.58    	184.631	34 	104.248	179	32.9972
Best individuals of this generation:
add(mul(x1, aq(x1, add(add(x1, a), x3))), mul(mul(sub(add(mul(x2, mul(aq(x2, add(a, x2)), add(x2, add(exp(a), mul(x2, a))))), exp(mul(sin(x4), x4))), mul(x3, sub(mul(x3, x2), x1))), aq(add(exp(a), add(x2, x1)), a)), add(add(mul(x3, add(add(x3, x1), x2)), add(x2, mul(mul(sub(add(mul(add(exp(a), add(x2, aq(x2, x1))), mul(add(add(x3, x1), x2), x2)), exp(x1)), mul(x3, sub(x2, x4))), aq(add(x2, x1), x1)), add(exp(a), add(x2, aq(x2, x1)))))), add(add(mul(add(mul(aq(add(x2, x1), x1), add(exp(a), add(x2, sin(aq(x2, add(x1, x4)))))), x1), add(a, x2)), exp(x1)), mul(x3, sub(x2, x4))))))
GPU5 stages: candidates=2500 pre_s=22.772 cheap_candidates=1870 cheap_unique=1863 cheap_s=37.931/40.000 cheap_rejected=413 cheap_a_min=-0.155256257214 cheap_a_p50=0.00064382168158 cheap_a_p95=6.04339378592 cheap_a_max=8509.52712908 exact_a_gate=0.15 exact_provisional_penalty=5283.06411781 exact_candidates=1457 exact_unique=1450 full_exact_enabled=1 exact_capacity=1200 exact_waves=134 exact_scheduled=1200 exact_deferred=213 exact_wave=1200/1200 exact_queue_depth=0 exact_pending_instances=214 exact_s=218.083 exact_ok=1200 exact_margin_max=88.4750830028 exact_scan_mean_s=0.041 exact_bisect_mean_s=0.005 exact_polish_mean_s=0.289 exact_final_mean_s=0.016 exact_margin_abs_b_max=nan cache_hits=0 cache_misses=0 cache_waits=0
673	2500 	520.301	678.599    	1042.57    	184.716	34 	104.25 	179	32.9386
Best individuals of this generation:
add(mul(x1, aq(x1, add(add(x1, a), x3))), mul(mul(sub(add(mul(x2, mul(aq(x2, add(a, x2)), add(x2, add(exp(a), mul(x2, a))))), exp(mul(sin(x4), x4))), mul(x3, sub(mul(x3, x2), x1))), aq(add(exp(a), add(x2, x1)), a)), add(add(mul(x3, add(add(x3, x1), x2)), add(x2, mul(mul(sub(add(mul(add(exp(a), add(x2, aq(x2, x1))), mul(add(add(x3, x1), x2), x2)), exp(x1)), mul(x3, sub(x2, x4))), aq(add(x2, x1), x1)), add(exp(a), add(x2, aq(x2, x1)))))), add(add(mul(add(mul(aq(add(x2, x1), x1), add(exp(a), add(x2, sin(aq(x2, add(x1, x4)))))), x1), add(a, x2)), exp(x1)), mul(x3, sub(x2, x4))))))
GPU5 stages: candidates=2500 pre_s=22.615 cheap_candidates=1837 cheap_unique=1833 cheap_s=38.200/40.000 cheap_rejected=403 cheap_a_min=-0.167485187173 cheap_a_p50=0.000600054205782 cheap_a_p95=5.25453551062 cheap_a_max=4114.12726825 exact_a_gate=0.15 exact_provisional_penalty=3928.17976309 exact_candidates=1434 exact_unique=1430 full_exact_enabled=1 exact_capacity=1200 exact_waves=134 exact_scheduled=1200 exact_deferred=187 exact_wave=1200/1200 exact_queue_depth=0 exact_pending_instances=189 exact_s=208.851 exact_ok=1200 exact_margin_max=1070.33372036 exact_scan_mean_s=0.041 exact_bisect_mean_s=0.003 exact_polish_mean_s=0.270 exact_final_mean_s=0.013 exact_margin_abs_b_max=nan cache_hits=0 cache_misses=0 cache_waits=0
674	2500 	520.301	678.476    	1042.56    	184.786	34 	104.304	185	32.9025
Best individuals of this generation:
add(mul(x1, aq(x1, add(add(x1, a), x3))), mul(mul(sub(add(mul(x2, mul(aq(x2, add(a, x2)), add(x2, add(exp(a), mul(x2, a))))), exp(mul(sin(x4), x4))), mul(x3, sub(mul(x3, x2), x1))), aq(add(exp(a), add(x2, x1)), a)), add(add(mul(x3, add(add(x3, x1), x2)), add(x2, mul(mul(sub(add(mul(add(exp(a), add(x2, aq(x2, x1))), mul(add(add(x3, x1), x2), x2)), exp(x1)), mul(x3, sub(x2, x4))), aq(add(x2, x1), x1)), add(exp(a), add(x2, aq(x2, x1)))))), add(add(mul(add(mul(aq(add(x2, x1), x1), add(exp(a), add(x2, sin(aq(x2, add(x1, x4)))))), x1), add(a, x2)), exp(x1)), mul(x3, sub(x2, x4))))))
GPU5 stages: candidates=2500 pre_s=22.755 cheap_candidates=1878 cheap_unique=1874 cheap_s=37.509/40.000 cheap_rejected=423 cheap_a_min=-0.187130832541 cheap_a_p50=0.000792805476736 cheap_a_p95=9.7486669063 cheap_a_max=2215.54231471 exact_a_gate=0.15 exact_provisional_penalty=3928.17976309 exact_candidates=1455 exact_unique=1451 full_exact_enabled=1 exact_capacity=1200 exact_waves=134 exact_scheduled=1200 exact_deferred=203 exact_wave=1200/1200 exact_queue_depth=0 exact_pending_instances=203 exact_s=206.143 exact_ok=1200 exact_margin_max=1686.0388899 exact_scan_mean_s=0.041 exact_bisect_mean_s=0.003 exact_polish_mean_s=0.267 exact_final_mean_s=0.012 exact_margin_abs_b_max=nan cache_hits=0 cache_misses=0 cache_waits=0
675	2500 	520.301	678.355    	1042.54    	184.854	34 	104.381	185	32.8193
Best individuals of this generation:
add(mul(x1, aq(x1, add(add(x1, a), x3))), mul(mul(sub(add(mul(x2, mul(aq(x2, add(a, x2)), add(x2, add(exp(a), mul(x2, a))))), exp(mul(sin(x4), x4))), mul(x3, sub(mul(x3, x2), x1))), aq(add(exp(a), add(x2, x1)), a)), add(add(mul(x3, add(add(x3, x1), x2)), add(x2, mul(mul(sub(add(mul(add(exp(a), add(x2, aq(x2, x1))), mul(add(add(x3, x1), x2), x2)), exp(x1)), mul(x3, sub(x2, x4))), aq(add(x2, x1), x1)), add(exp(a), add(x2, aq(x2, x1)))))), add(add(mul(add(mul(aq(add(x2, x1), x1), add(exp(a), add(x2, sin(aq(x2, add(x1, x4)))))), x1), add(a, x2)), exp(x1)), mul(x3, sub(x2, x4))))))
GPU5 stages: candidates=2500 pre_s=22.598 cheap_candidates=1840 cheap_unique=1827 cheap_s=37.892/40.000 cheap_rejected=395 cheap_a_min=-0.411775857007 cheap_a_p50=0.000736961104579 cheap_a_p95=8.23259412954 cheap_a_max=6662.55374694 exact_a_gate=0.15 exact_provisional_penalty=3928.17976309 exact_candidates=1445 exact_unique=1432 full_exact_enabled=1 exact_capacity=1200 exact_waves=134 exact_scheduled=1200 exact_deferred=195 exact_wave=1200/1200 exact_queue_depth=0 exact_pending_instances=198 exact_s=213.229 exact_ok=1200 exact_margin_max=1257.54666788 exact_scan_mean_s=0.041 exact_bisect_mean_s=0.003 exact_polish_mean_s=0.268 exact_final_mean_s=0.019 exact_margin_abs_b_max=nan cache_hits=0 cache_misses=0 cache_waits=0
676	2500 	520.301	678.252    	1042.53    	184.905	34 	104.359	185	32.7824
Best individuals of this generation:
add(mul(x1, aq(x1, add(add(x1, a), x3))), mul(mul(sub(add(mul(x2, mul(aq(x2, add(a, x2)), add(x2, add(exp(a), mul(x2, a))))), exp(mul(sin(x4), x4))), mul(x3, sub(mul(x3, x2), x1))), aq(add(exp(a), add(x2, x1)), a)), add(add(mul(x3, add(add(x3, x1), x2)), add(x2, mul(mul(sub(add(mul(add(exp(a), add(x2, aq(x2, x1))), mul(add(add(x3, x1), x2), x2)), exp(x1)), mul(x3, sub(x2, x4))), aq(add(x2, x1), x1)), add(exp(a), add(x2, aq(x2, x1)))))), add(add(mul(add(mul(aq(add(x2, x1), x1), add(exp(a), add(x2, sin(aq(x2, add(x1, x4)))))), x1), add(a, x2)), exp(x1)), mul(x3, sub(x2, x4))))))
GPU5 stages: candidates=2500 pre_s=22.663 cheap_candidates=1849 cheap_unique=1837 cheap_s=37.434/40.000 cheap_rejected=455 cheap_a_min=-0.180285117207 cheap_a_p50=0.000792805751378 cheap_a_p95=7.74278075697 cheap_a_max=3481.67298642 exact_a_gate=0.15 exact_provisional_penalty=3928.17976309 exact_candidates=1394 exact_unique=1382 full_exact_enabled=1 exact_capacity=1200 exact_waves=134 exact_scheduled=1200 exact_deferred=143 exact_wave=1200/1200 exact_queue_depth=0 exact_pending_instances=150 exact_s=207.500 exact_ok=1200 exact_margin_max=71.699872192 exact_scan_mean_s=0.040 exact_bisect_mean_s=0.004 exact_polish_mean_s=0.264 exact_final_mean_s=0.018 exact_margin_abs_b_max=nan cache_hits=0 cache_misses=0 cache_waits=0
677	2500 	520.301	678.138    	1042.53    	184.972	34 	104.418	185	32.7283
Best individuals of this generation:
add(mul(x1, aq(x1, add(add(x1, a), x3))), mul(mul(sub(add(mul(x2, mul(aq(x2, add(a, x2)), add(x2, add(exp(a), mul(x2, a))))), exp(mul(sin(x4), x4))), mul(x3, sub(mul(x3, x2), x1))), aq(add(exp(a), add(x2, x1)), a)), add(add(mul(x3, add(add(x3, x1), x2)), add(x2, mul(mul(sub(add(mul(add(exp(a), add(x2, aq(x2, x1))), mul(add(add(x3, x1), x2), x2)), exp(x1)), mul(x3, sub(x2, x4))), aq(add(x2, x1), x1)), add(exp(a), add(x2, aq(x2, x1)))))), add(add(mul(add(mul(aq(add(x2, x1), x1), add(exp(a), add(x2, sin(aq(x2, add(x1, x4)))))), x1), add(a, x2)), exp(x1)), mul(x3, sub(x2, x4))))))
GPU5 stages: candidates=2500 pre_s=22.851 cheap_candidates=1864 cheap_unique=1855 cheap_s=37.789/40.000 cheap_rejected=432 cheap_a_min=-0.820020868425 cheap_a_p50=0.000536221722984 cheap_a_p95=9.70375125846 cheap_a_max=56618.2307387 exact_a_gate=0.15 exact_provisional_penalty=3928.17976309 exact_candidates=1432 exact_unique=1423 full_exact_enabled=1 exact_capacity=1200 exact_waves=134 exact_scheduled=1200 exact_deferred=187 exact_wave=1200/1200 exact_queue_depth=0 exact_pending_instances=187 exact_s=212.813 exact_ok=1200 exact_margin_max=19.0688085112 exact_scan_mean_s=0.040 exact_bisect_mean_s=0.004 exact_polish_mean_s=0.287 exact_final_mean_s=0.017 exact_margin_abs_b_max=nan cache_hits=0 cache_misses=0 cache_waits=0
678	2500 	520.301	678.048    	1042.53    	185.024	34 	104.392	185	32.7009
Best individuals of this generation:
add(mul(x1, aq(x1, add(add(x1, a), x3))), mul(mul(sub(add(mul(x2, mul(aq(x2, add(a, x2)), add(x2, add(exp(a), mul(x2, a))))), exp(mul(sin(x4), x4))), mul(x3, sub(mul(x3, x2), x1))), aq(add(exp(a), add(x2, x1)), a)), add(add(mul(x3, add(add(x3, x1), x2)), add(x2, mul(mul(sub(add(mul(add(exp(a), add(x2, aq(x2, x1))), mul(add(add(x3, x1), x2), x2)), exp(x1)), mul(x3, sub(x2, x4))), aq(add(x2, x1), x1)), add(exp(a), add(x2, aq(x2, x1)))))), add(add(mul(add(mul(aq(add(x2, x1), x1), add(exp(a), add(x2, sin(aq(x2, add(x1, x4)))))), x1), add(a, x2)), exp(x1)), mul(x3, sub(x2, x4))))))
GPU5 stages: candidates=2500 pre_s=22.754 cheap_candidates=1828 cheap_unique=1823 cheap_s=38.204/40.000 cheap_rejected=406 cheap_a_min=-0.353380141054 cheap_a_p50=0.000792807663456 cheap_a_p95=8.63843839549 cheap_a_max=6776.18857083 exact_a_gate=0.15 exact_provisional_penalty=3928.17976309 exact_candidates=1422 exact_unique=1417 full_exact_enabled=1 exact_capacity=1200 exact_waves=134 exact_scheduled=1200 exact_deferred=184 exact_wave=1200/1200 exact_queue_depth=0 exact_pending_instances=184 exact_s=212.072 exact_ok=1200 exact_margin_max=42.720501193 exact_scan_mean_s=0.041 exact_bisect_mean_s=0.003 exact_polish_mean_s=0.272 exact_final_mean_s=0.014 exact_margin_abs_b_max=nan cache_hits=0 cache_misses=0 cache_waits=0
679	2500 	520.301	677.971    	1042.53    	185.069	34 	104.372	185	32.7115
Best individuals of this generation:
add(mul(x1, aq(x1, add(add(x1, a), x3))), mul(mul(sub(add(mul(x2, mul(aq(x2, add(a, x2)), add(x2, add(exp(a), mul(x2, a))))), exp(mul(sin(x4), x4))), mul(x3, sub(mul(x3, x2), x1))), aq(add(exp(a), add(x2, x1)), a)), add(add(mul(x3, add(add(x3, x1), x2)), add(x2, mul(mul(sub(add(mul(add(exp(a), add(x2, aq(x2, x1))), mul(add(add(x3, x1), x2), x2)), exp(x1)), mul(x3, sub(x2, x4))), aq(add(x2, x1), x1)), add(exp(a), add(x2, aq(x2, x1)))))), add(add(mul(add(mul(aq(add(x2, x1), x1), add(exp(a), add(x2, sin(aq(x2, add(x1, x4)))))), x1), add(a, x2)), exp(x1)), mul(x3, sub(x2, x4))))))
GPU5 stages: candidates=2500 pre_s=22.711 cheap_candidates=1863 cheap_unique=1851 cheap_s=37.988/40.000 cheap_rejected=375 cheap_a_min=-0.202484975222 cheap_a_p50=0.000546348989335 cheap_a_p95=8.8156847916 cheap_a_max=6834.95687583 exact_a_gate=0.15 exact_provisional_penalty=3928.17976309 exact_candidates=1488 exact_unique=1476 full_exact_enabled=1 exact_capacity=1200 exact_waves=134 exact_scheduled=1200 exact_deferred=242 exact_wave=1200/1200 exact_queue_depth=0 exact_pending_instances=246 exact_s=216.497 exact_ok=1200 exact_margin_max=1230.12470274 exact_scan_mean_s=0.040 exact_bisect_mean_s=0.003 exact_polish_mean_s=0.287 exact_final_mean_s=0.015 exact_margin_abs_b_max=nan cache_hits=0 cache_misses=0 cache_waits=0
680	2500 	520.301	677.89     	1042.52    	185.115	34 	104.408	185	32.7444
Best individuals of this generation:
add(mul(x1, aq(x1, add(add(x1, a), x3))), mul(mul(sub(add(mul(x2, mul(aq(x2, add(a, x2)), add(x2, add(exp(a), mul(x2, a))))), exp(mul(sin(x4), x4))), mul(x3, sub(mul(x3, x2), x1))), aq(add(exp(a), add(x2, x1)), a)), add(add(mul(x3, add(add(x3, x1), x2)), add(x2, mul(mul(sub(add(mul(add(exp(a), add(x2, aq(x2, x1))), mul(add(add(x3, x1), x2), x2)), exp(x1)), mul(x3, sub(x2, x4))), aq(add(x2, x1), x1)), add(exp(a), add(x2, aq(x2, x1)))))), add(add(mul(add(mul(aq(add(x2, x1), x1), add(exp(a), add(x2, sin(aq(x2, add(x1, x4)))))), x1), add(a, x2)), exp(x1)), mul(x3, sub(x2, x4))))))
GPU5 stages: candidates=2500 pre_s=22.740 cheap_candidates=1862 cheap_unique=1852 cheap_s=37.525/40.000 cheap_rejected=408 cheap_a_min=-0.13589132249 cheap_a_p50=0.00063112299109 cheap_a_p95=9.40260390199 cheap_a_max=5686.81214036 exact_a_gate=0.15 exact_provisional_penalty=3928.17976309 exact_candidates=1454 exact_unique=1444 full_exact_enabled=1 exact_capacity=1200 exact_waves=134 exact_scheduled=1200 exact_deferred=210 exact_wave=1200/1200 exact_queue_depth=0 exact_pending_instances=210 exact_s=212.136 exact_ok=1200 exact_margin_max=400.22473238 exact_scan_mean_s=0.040 exact_bisect_mean_s=0.003 exact_polish_mean_s=0.278 exact_final_mean_s=0.016 exact_margin_abs_b_max=nan cache_hits=0 cache_misses=0 cache_waits=0
681	2500 	520.301	677.807    	1042.52    	185.165	34 	104.282	185	32.727 
Best individuals of this generation:
add(mul(x1, aq(x1, add(add(x1, a), x3))), mul(mul(sub(add(mul(x2, mul(aq(x2, add(a, x2)), add(x2, add(exp(a), mul(x2, a))))), exp(mul(sin(x4), x4))), mul(x3, sub(mul(x3, x2), x1))), aq(add(exp(a), add(x2, x1)), a)), add(add(mul(x3, add(add(x3, x1), x2)), add(x2, mul(mul(sub(add(mul(add(exp(a), add(x2, aq(x2, x1))), mul(add(add(x3, x1), x2), x2)), exp(x1)), mul(x3, sub(x2, x4))), aq(add(x2, x1), x1)), add(exp(a), add(x2, aq(x2, x1)))))), add(add(mul(add(mul(aq(add(x2, x1), x1), add(exp(a), add(x2, sin(aq(x2, add(x1, x4)))))), x1), add(a, x2)), exp(x1)), mul(x3, sub(x2, x4))))))
GPU5 stages: candidates=2500 pre_s=22.668 cheap_candidates=1849 cheap_unique=1840 cheap_s=38.208/40.000 cheap_rejected=431 cheap_a_min=-0.222419696572 cheap_a_p50=0.000792816576773 cheap_a_p95=8.72053452269 cheap_a_max=1990.57088819 exact_a_gate=0.15 exact_provisional_penalty=3928.17976309 exact_candidates=1418 exact_unique=1409 full_exact_enabled=1 exact_capacity=1200 exact_waves=134 exact_scheduled=1200 exact_deferred=170 exact_wave=1200/1200 exact_queue_depth=0 exact_pending_instances=172 exact_s=215.178 exact_ok=1200 exact_margin_max=142.324141494 exact_scan_mean_s=0.041 exact_bisect_mean_s=0.005 exact_polish_mean_s=0.273 exact_final_mean_s=0.022 exact_margin_abs_b_max=nan cache_hits=0 cache_misses=0 cache_waits=0
682	2500 	520.301	677.755    	1042.52    	185.194	34 	104.316	185	32.6612
Best individuals of this generation:
add(mul(x1, aq(x1, add(add(x1, a), x3))), mul(mul(sub(add(mul(x2, mul(aq(x2, add(a, x2)), add(x2, add(exp(a), mul(x2, a))))), exp(mul(sin(x4), x4))), mul(x3, sub(mul(x3, x2), x1))), aq(add(exp(a), add(x2, x1)), a)), add(add(mul(x3, add(add(x3, x1), x2)), add(x2, mul(mul(sub(add(mul(add(exp(a), add(x2, aq(x2, x1))), mul(add(add(x3, x1), x2), x2)), exp(x1)), mul(x3, sub(x2, x4))), aq(add(x2, x1), x1)), add(exp(a), add(x2, aq(x2, x1)))))), add(add(mul(add(mul(aq(add(x2, x1), x1), add(exp(a), add(x2, sin(aq(x2, add(x1, x4)))))), x1), add(a, x2)), exp(x1)), mul(x3, sub(x2, x4))))))
GPU5 stages: candidates=2500 pre_s=22.627 cheap_candidates=1879 cheap_unique=1872 cheap_s=36.955/40.000 cheap_rejected=436 cheap_a_min=-0.051041827744 cheap_a_p50=0.000655075012966 cheap_a_p95=9.45373457266 cheap_a_max=8784.52434066 exact_a_gate=0.15 exact_provisional_penalty=16246.6782969 exact_candidates=1443 exact_unique=1436 full_exact_enabled=1 exact_capacity=1200 exact_waves=134 exact_scheduled=1200 exact_deferred=203 exact_wave=1200/1200 exact_queue_depth=0 exact_pending_instances=203 exact_s=211.240 exact_ok=1200 exact_margin_max=69.3158743203 exact_scan_mean_s=0.041 exact_bisect_mean_s=0.005 exact_polish_mean_s=0.267 exact_final_mean_s=0.018 exact_margin_abs_b_max=nan cache_hits=0 cache_misses=0 cache_waits=0
683	2500 	520.301	677.716    	1042.51    	185.214	34 	104.34 	185	32.649 
Best individuals of this generation:
add(mul(x1, aq(x1, add(add(x1, a), x3))), mul(mul(sub(add(mul(x2, mul(aq(x2, add(a, x2)), add(x2, add(exp(a), mul(x2, a))))), exp(mul(sin(x4), x4))), mul(x3, sub(mul(x3, x2), x1))), aq(add(exp(a), add(x2, x1)), a)), add(add(mul(x3, add(add(x3, x1), x2)), add(x2, mul(mul(sub(add(mul(add(exp(a), add(x2, aq(x2, x1))), mul(add(add(x3, x1), x2), x2)), exp(x1)), mul(x3, sub(x2, x4))), aq(add(x2, x1), x1)), add(exp(a), add(x2, aq(x2, x1)))))), add(add(mul(add(mul(aq(add(x2, x1), x1), add(exp(a), add(x2, sin(aq(x2, add(x1, x4)))))), x1), add(a, x2)), exp(x1)), mul(x3, sub(x2, x4))))))
GPU5 stages: candidates=2500 pre_s=22.654 cheap_candidates=1855 cheap_unique=1848 cheap_s=37.734/40.000 cheap_rejected=418 cheap_a_min=-0.23431501184 cheap_a_p50=0.000579039192957 cheap_a_p95=12.5568585268 cheap_a_max=3664.39134356 exact_a_gate=0.15 exact_provisional_penalty=3928.17976309 exact_candidates=1437 exact_unique=1430 full_exact_enabled=1 exact_capacity=1200 exact_waves=134 exact_scheduled=1200 exact_deferred=196 exact_wave=1200/1200 exact_queue_depth=0 exact_pending_instances=196 exact_s=211.998 exact_ok=1200 exact_margin_max=109.973130568 exact_scan_mean_s=0.041 exact_bisect_mean_s=0.002 exact_polish_mean_s=0.266 exact_final_mean_s=0.022 exact_margin_abs_b_max=nan cache_hits=0 cache_misses=0 cache_waits=0
684	2500 	520.301	677.686    	1042.51    	185.232	34 	104.28 	185	32.6506
Best individuals of this generation:
add(mul(x1, aq(x1, add(add(x1, a), x3))), mul(mul(sub(add(mul(x2, mul(aq(x2, add(a, x2)), add(x2, add(exp(a), mul(x2, a))))), exp(mul(sin(x4), x4))), mul(x3, sub(mul(x3, x2), x1))), aq(add(exp(a), add(x2, x1)), a)), add(add(mul(x3, add(add(x3, x1), x2)), add(x2, mul(mul(sub(add(mul(add(exp(a), add(x2, aq(x2, x1))), mul(add(add(x3, x1), x2), x2)), exp(x1)), mul(x3, sub(x2, x4))), aq(add(x2, x1), x1)), add(exp(a), add(x2, aq(x2, x1)))))), add(add(mul(add(mul(aq(add(x2, x1), x1), add(exp(a), add(x2, sin(aq(x2, add(x1, x4)))))), x1), add(a, x2)), exp(x1)), mul(x3, sub(x2, x4))))))
GPU5 stages: candidates=2500 pre_s=22.598 cheap_candidates=1870 cheap_unique=1860 cheap_s=38.021/40.000 cheap_rejected=399 cheap_a_min=-0.130477989137 cheap_a_p50=0.000542519361829 cheap_a_p95=7.81829734269 cheap_a_max=2518.75226445 exact_a_gate=0.15 exact_provisional_penalty=3928.17976309 exact_candidates=1471 exact_unique=1461 full_exact_enabled=1 exact_capacity=1200 exact_waves=134 exact_scheduled=1200 exact_deferred=231 exact_wave=1200/1200 exact_queue_depth=0 exact_pending_instances=233 exact_s=207.313 exact_ok=1200 exact_margin_max=1829.31797374 exact_scan_mean_s=0.041 exact_bisect_mean_s=0.004 exact_polish_mean_s=0.262 exact_final_mean_s=0.020 exact_margin_abs_b_max=nan cache_hits=0 cache_misses=0 cache_waits=0
685	2500 	520.301	677.633    	1042.51    	185.262	34 	104.148	185	32.5636
Best individuals of this generation:
add(mul(x1, aq(x1, add(add(x1, a), x3))), mul(mul(sub(add(mul(x2, mul(aq(x2, add(a, x2)), add(x2, add(exp(a), mul(x2, a))))), exp(mul(sin(x4), x4))), mul(x3, sub(mul(x3, x2), x1))), aq(add(exp(a), add(x2, x1)), a)), add(add(mul(x3, add(add(x3, x1), x2)), add(x2, mul(mul(sub(add(mul(add(exp(a), add(x2, aq(x2, x1))), mul(add(add(x3, x1), x2), x2)), exp(x1)), mul(x3, sub(x2, x4))), aq(add(x2, x1), x1)), add(exp(a), add(x2, aq(x2, x1)))))), add(add(mul(add(mul(aq(add(x2, x1), x1), add(exp(a), add(x2, sin(aq(x2, add(x1, x4)))))), x1), add(a, x2)), exp(x1)), mul(x3, sub(x2, x4))))))
GPU5 stages: candidates=2500 pre_s=22.953 cheap_candidates=1821 cheap_unique=1815 cheap_s=36.497/40.000 cheap_rejected=415 cheap_a_min=-0.171332030011 cheap_a_p50=0.000398656467984 cheap_a_p95=10.7507653489 cheap_a_max=3538.46424691 exact_a_gate=0.15 exact_provisional_penalty=3928.17976309 exact_candidates=1406 exact_unique=1400 full_exact_enabled=1 exact_capacity=1200 exact_waves=134 exact_scheduled=1200 exact_deferred=168 exact_wave=1200/1200 exact_queue_depth=0 exact_pending_instances=168 exact_s=209.184 exact_ok=1200 exact_margin_max=551.640030993 exact_scan_mean_s=0.043 exact_bisect_mean_s=0.003 exact_polish_mean_s=0.273 exact_final_mean_s=0.017 exact_margin_abs_b_max=nan cache_hits=0 cache_misses=0 cache_waits=0
686	2500 	520.301	677.585    	1042.5     	185.288	34 	104.213	185	32.5412
Best individuals of this generation:
add(mul(x1, aq(x1, add(add(x1, a), x3))), mul(mul(sub(add(mul(x2, mul(aq(x2, add(a, x2)), add(x2, add(exp(a), mul(x2, a))))), exp(mul(sin(x4), x4))), mul(x3, sub(mul(x3, x2), x1))), aq(add(exp(a), add(x2, x1)), a)), add(add(mul(x3, add(add(x3, x1), x2)), add(x2, mul(mul(sub(add(mul(add(exp(a), add(x2, aq(x2, x1))), mul(add(add(x3, x1), x2), x2)), exp(x1)), mul(x3, sub(x2, x4))), aq(add(x2, x1), x1)), add(exp(a), add(x2, aq(x2, x1)))))), add(add(mul(add(mul(aq(add(x2, x1), x1), add(exp(a), add(x2, sin(aq(x2, add(x1, x4)))))), x1), add(a, x2)), exp(x1)), mul(x3, sub(x2, x4))))))
GPU5 stages: candidates=2500 pre_s=22.792 cheap_candidates=1845 cheap_unique=1837 cheap_s=36.930/40.000 cheap_rejected=406 cheap_a_min=-0.525760500954 cheap_a_p50=0.000575166852283 cheap_a_p95=11.4852876205 cheap_a_max=6696.17776854 exact_a_gate=0.15 exact_provisional_penalty=3928.17976309 exact_candidates=1439 exact_unique=1431 full_exact_enabled=1 exact_capacity=1200 exact_waves=134 exact_scheduled=1200 exact_deferred=189 exact_wave=1200/1200 exact_queue_depth=0 exact_pending_instances=189 exact_s=214.227 exact_ok=1200 exact_margin_max=1828.66571859 exact_scan_mean_s=0.041 exact_bisect_mean_s=0.004 exact_polish_mean_s=0.275 exact_final_mean_s=0.018 exact_margin_abs_b_max=nan cache_hits=0 cache_misses=0 cache_waits=0
687	2500 	520.301	677.549    	1042.5     	185.305	34 	104.085	185	32.5772
Best individuals of this generation:
add(mul(x1, aq(x1, add(add(x1, a), x3))), mul(mul(sub(add(mul(x2, mul(aq(x2, add(a, x2)), add(x2, add(exp(a), mul(x2, a))))), exp(mul(sin(x4), x4))), mul(x3, sub(mul(x3, x2), x1))), aq(add(exp(a), add(x2, x1)), a)), add(add(mul(x3, add(add(x3, x1), x2)), add(x2, mul(mul(sub(add(mul(add(exp(a), add(x2, aq(x2, x1))), mul(add(add(x3, x1), x2), x2)), exp(x1)), mul(x3, sub(x2, x4))), aq(add(x2, x1), x1)), add(exp(a), add(x2, aq(x2, x1)))))), add(add(mul(add(mul(aq(add(x2, x1), x1), add(exp(a), add(x2, sin(aq(x2, add(x1, x4)))))), x1), add(a, x2)), exp(x1)), mul(x3, sub(x2, x4))))))
GPU5 stages: candidates=2500 pre_s=22.706 cheap_candidates=1831 cheap_unique=1817 cheap_s=36.483/40.000 cheap_rejected=456 cheap_a_min=-0.219890726447 cheap_a_p50=0.000792807366009 cheap_a_p95=15.1295907892 cheap_a_max=3713.03572485 exact_a_gate=0.15 exact_provisional_penalty=3928.17976309 exact_candidates=1375 exact_unique=1361 full_exact_enabled=1 exact_capacity=1200 exact_waves=134 exact_scheduled=1200 exact_deferred=124 exact_wave=1200/1200 exact_queue_depth=0 exact_pending_instances=124 exact_s=214.831 exact_ok=1200 exact_margin_max=2.47659451202e+12 exact_scan_mean_s=0.043 exact_bisect_mean_s=0.005 exact_polish_mean_s=0.272 exact_final_mean_s=0.016 exact_margin_abs_b_max=nan cache_hits=0 cache_misses=0 cache_waits=0
688	2500 	515.658	677.495    	1042.49    	185.338	34 	104.092	185	32.5877
Best individuals of this generation:
add(mul(x1, aq(x1, add(add(x1, mul(sin(add(x2, x1)), mul(sub(a, x3), add(a, a)))), x3))), mul(mul(sub(add(mul(x4, mul(aq(sub(add(x3, exp(x1)), x2), add(a, x2)), sub(aq(x2, x3), x2))), exp(mul(sin(x4), x4))), mul(x3, sub(x4, x4))), aq(add(exp(a), add(x2, x1)), a)), add(add(mul(x3, add(add(x3, x1), x2)), add(x2, add(mul(x3, add(add(x3, mul(exp(x3), sub(x1, x2))), x2)), add(x2, mul(mul(sub(add(mul(x2, mul(x3, x2)), exp(x1)), mul(x3, sub(x2, x4))), aq(add(x2, x1), x1)), add(exp(a), add(x2, aq(x2, x1)))))))), add(mul(sin(x4), x4), exp(x2)))))
GPU5 stages: candidates=2500 pre_s=22.690 cheap_candidates=1879 cheap_unique=1859 cheap_s=37.512/40.000 cheap_rejected=436 cheap_a_min=-0.370615429028 cheap_a_p50=0.000684069588641 cheap_a_p95=8.78340114518 cheap_a_max=4891.74771207 exact_a_gate=0.15 exact_provisional_penalty=3928.17976309 exact_candidates=1443 exact_unique=1423 full_exact_enabled=1 exact_capacity=1200 exact_waves=134 exact_scheduled=1200 exact_deferred=182 exact_wave=1200/1200 exact_queue_depth=0 exact_pending_instances=185 exact_s=213.508 exact_ok=1200 exact_margin_max=531.371208028 exact_scan_mean_s=0.040 exact_bisect_mean_s=0.005 exact_polish_mean_s=0.278 exact_final_mean_s=0.024 exact_margin_abs_b_max=nan cache_hits=0 cache_misses=0 cache_waits=0
689	2500 	515.658	677.457    	1042.49    	185.356	34 	104.149	185	32.5951
Best individuals of this generation:
add(mul(x1, aq(x1, add(add(x1, mul(sin(add(x2, x1)), mul(sub(a, x3), add(a, a)))), x3))), mul(mul(sub(add(mul(x4, mul(aq(sub(add(x3, exp(x1)), x2), add(a, x2)), sub(aq(x2, x3), x2))), exp(mul(sin(x4), x4))), mul(x3, sub(x4, x4))), aq(add(exp(a), add(x2, x1)), a)), add(add(mul(x3, add(add(x3, x1), x2)), add(x2, add(mul(x3, add(add(x3, mul(exp(x3), sub(x1, x2))), x2)), add(x2, mul(mul(sub(add(mul(x2, mul(x3, x2)), exp(x1)), mul(x3, sub(x2, x4))), aq(add(x2, x1), x1)), add(exp(a), add(x2, aq(x2, x1)))))))), add(mul(sin(x4), x4), exp(x2)))))
GPU5 stages: candidates=2500 pre_s=22.631 cheap_candidates=1870 cheap_unique=1857 cheap_s=38.666/40.000 cheap_rejected=402 cheap_a_min=-0.390022250876 cheap_a_p50=0.000538192226454 cheap_a_p95=14.2341550216 cheap_a_max=6683.97785639 exact_a_gate=0.15 exact_provisional_penalty=3928.17976309 exact_candidates=1468 exact_unique=1456 full_exact_enabled=1 exact_capacity=1200 exact_waves=134 exact_scheduled=1200 exact_deferred=217 exact_wave=1200/1200 exact_queue_depth=0 exact_pending_instances=219 exact_s=210.611 exact_ok=1200 exact_margin_max=2212.5855173 exact_scan_mean_s=0.041 exact_bisect_mean_s=0.006 exact_polish_mean_s=0.270 exact_final_mean_s=0.015 exact_margin_abs_b_max=nan cache_hits=0 cache_misses=0 cache_waits=0
690	2500 	515.658	677.388    	1042.47    	185.378	34 	104.132	185	32.5691
Best individuals of this generation:
add(mul(x1, aq(x1, add(add(x1, mul(sin(add(x2, x1)), mul(sub(a, x3), add(a, a)))), x3))), mul(mul(sub(add(mul(x4, mul(aq(sub(add(x3, exp(x1)), x2), add(a, x2)), sub(aq(x2, x3), x2))), exp(mul(sin(x4), x4))), mul(x3, sub(x4, x4))), aq(add(exp(a), add(x2, x1)), a)), add(add(mul(x3, add(add(x3, x1), x2)), add(x2, add(mul(x3, add(add(x3, mul(exp(x3), sub(x1, x2))), x2)), add(x2, mul(mul(sub(add(mul(x2, mul(x3, x2)), exp(x1)), mul(x3, sub(x2, x4))), aq(add(x2, x1), x1)), add(exp(a), add(x2, aq(x2, x1)))))))), add(mul(sin(x4), x4), exp(x2)))))
GPU5 stages: candidates=2500 pre_s=22.705 cheap_candidates=1859 cheap_unique=1851 cheap_s=36.842/40.000 cheap_rejected=435 cheap_a_min=-0.208565264475 cheap_a_p50=0.000749499119396 cheap_a_p95=15.9485157621 cheap_a_max=3204.63265139 exact_a_gate=0.15 exact_provisional_penalty=3928.17976309 exact_candidates=1424 exact_unique=1416 full_exact_enabled=1 exact_capacity=1200 exact_waves=134 exact_scheduled=1200 exact_deferred=190 exact_wave=1200/1200 exact_queue_depth=0 exact_pending_instances=190 exact_s=211.325 exact_ok=1200 exact_margin_max=229.649779887 exact_scan_mean_s=0.041 exact_bisect_mean_s=0.005 exact_polish_mean_s=0.270 exact_final_mean_s=0.025 exact_margin_abs_b_max=nan cache_hits=0 cache_misses=0 cache_waits=0
691	2500 	515.658	677.362    	1042.47    	185.393	34 	104.158	185	32.5241
Best individuals of this generation:
add(mul(x1, aq(x1, add(add(x1, mul(sin(add(x2, x1)), mul(sub(a, x3), add(a, a)))), x3))), mul(mul(sub(add(mul(x4, mul(aq(sub(add(x3, exp(x1)), x2), add(a, x2)), sub(aq(x2, x3), x2))), exp(mul(sin(x4), x4))), mul(x3, sub(x4, x4))), aq(add(exp(a), add(x2, x1)), a)), add(add(mul(x3, add(add(x3, x1), x2)), add(x2, add(mul(x3, add(add(x3, mul(exp(x3), sub(x1, x2))), x2)), add(x2, mul(mul(sub(add(mul(x2, mul(x3, x2)), exp(x1)), mul(x3, sub(x2, x4))), aq(add(x2, x1), x1)), add(exp(a), add(x2, aq(x2, x1)))))))), add(mul(sin(x4), x4), exp(x2)))))
GPU5 stages: candidates=2500 pre_s=22.551 cheap_candidates=1853 cheap_unique=1844 cheap_s=37.899/40.000 cheap_rejected=418 cheap_a_min=-0.879288156786 cheap_a_p50=0.000726267048283 cheap_a_p95=7.97628774377 cheap_a_max=3350.1755819 exact_a_gate=0.15 exact_provisional_penalty=3928.17976309 exact_candidates=1435 exact_unique=1426 full_exact_enabled=1 exact_capacity=1200 exact_waves=134 exact_scheduled=1200 exact_deferred=188 exact_wave=1200/1200 exact_queue_depth=0 exact_pending_instances=190 exact_s=214.083 exact_ok=1200 exact_margin_max=398.579990278 exact_scan_mean_s=0.041 exact_bisect_mean_s=0.004 exact_polish_mean_s=0.281 exact_final_mean_s=0.016 exact_margin_abs_b_max=nan cache_hits=0 cache_misses=0 cache_waits=0
692	2500 	515.658	677.333    	1042.46    	185.409	34 	104.12 	185	32.4572
Best individuals of this generation:
add(mul(x1, aq(x1, add(add(x1, mul(sin(add(x2, x1)), mul(sub(a, x3), add(a, a)))), x3))), mul(mul(sub(add(mul(x4, mul(aq(sub(add(x3, exp(x1)), x2), add(a, x2)), sub(aq(x2, x3), x2))), exp(mul(sin(x4), x4))), mul(x3, sub(x4, x4))), aq(add(exp(a), add(x2, x1)), a)), add(add(mul(x3, add(add(x3, x1), x2)), add(x2, add(mul(x3, add(add(x3, mul(exp(x3), sub(x1, x2))), x2)), add(x2, mul(mul(sub(add(mul(x2, mul(x3, x2)), exp(x1)), mul(x3, sub(x2, x4))), aq(add(x2, x1), x1)), add(exp(a), add(x2, aq(x2, x1)))))))), add(mul(sin(x4), x4), exp(x2)))))
GPU5 stages: candidates=2500 pre_s=22.824 cheap_candidates=1850 cheap_unique=1841 cheap_s=38.045/40.000 cheap_rejected=408 cheap_a_min=-0.584286351285 cheap_a_p50=0.000639344526578 cheap_a_p95=13.0608474959 cheap_a_max=8920.35031365 exact_a_gate=0.15 exact_provisional_penalty=14938.8590036 exact_candidates=1442 exact_unique=1433 full_exact_enabled=1 exact_capacity=1200 exact_waves=134 exact_scheduled=1200 exact_deferred=198 exact_wave=1200/1200 exact_queue_depth=0 exact_pending_instances=198 exact_s=214.198 exact_ok=1200 exact_margin_max=4164.69777766 exact_scan_mean_s=0.040 exact_bisect_mean_s=0.005 exact_polish_mean_s=0.276 exact_final_mean_s=0.026 exact_margin_abs_b_max=nan cache_hits=0 cache_misses=0 cache_waits=0
693	2500 	515.658	677.298    	1042.46    	185.429	34 	103.985	185	32.4472
Best individuals of this generation:
add(mul(x1, aq(x1, add(add(x1, mul(sin(add(x2, x1)), mul(sub(a, x3), add(a, a)))), x3))), mul(mul(sub(add(mul(x4, mul(aq(sub(add(x3, exp(x1)), x2), add(a, x2)), sub(aq(x2, x3), x2))), exp(mul(sin(x4), x4))), mul(x3, sub(x4, x4))), aq(add(exp(a), add(x2, x1)), a)), add(add(mul(x3, add(add(x3, x1), x2)), add(x2, add(mul(x3, add(add(x3, mul(exp(x3), sub(x1, x2))), x2)), add(x2, mul(mul(sub(add(mul(x2, mul(x3, x2)), exp(x1)), mul(x3, sub(x2, x4))), aq(add(x2, x1), x1)), add(exp(a), add(x2, aq(x2, x1)))))))), add(mul(sin(x4), x4), exp(x2)))))
GPU5 stages: candidates=2500 pre_s=22.621 cheap_candidates=1840 cheap_unique=1831 cheap_s=37.818/40.000 cheap_rejected=400 cheap_a_min=-0.0680739036196 cheap_a_p50=0.000591732039455 cheap_a_p95=6.98936279724 cheap_a_max=4898.82727975 exact_a_gate=0.15 exact_provisional_penalty=16276.7858225 exact_candidates=1440 exact_unique=1431 full_exact_enabled=1 exact_capacity=1200 exact_waves=134 exact_scheduled=1200 exact_deferred=195 exact_wave=1200/1200 exact_queue_depth=0 exact_pending_instances=196 exact_s=211.444 exact_ok=1200 exact_margin_max=1350.72774476 exact_scan_mean_s=0.041 exact_bisect_mean_s=0.003 exact_polish_mean_s=0.279 exact_final_mean_s=0.023 exact_margin_abs_b_max=nan cache_hits=0 cache_misses=0 cache_waits=0
694	2500 	515.658	677.253    	1042.45    	185.454	34 	103.941	185	32.4547
Best individuals of this generation:
add(mul(x1, aq(x1, add(add(x1, mul(sin(add(x2, x1)), mul(sub(a, x3), add(a, a)))), x3))), mul(mul(sub(add(mul(x4, mul(aq(sub(add(x3, exp(x1)), x2), add(a, x2)), sub(aq(x2, x3), x2))), exp(mul(sin(x4), x4))), mul(x3, sub(x4, x4))), aq(add(exp(a), add(x2, x1)), a)), add(add(mul(x3, add(add(x3, x1), x2)), add(x2, add(mul(x3, add(add(x3, mul(exp(x3), sub(x1, x2))), x2)), add(x2, mul(mul(sub(add(mul(x2, mul(x3, x2)), exp(x1)), mul(x3, sub(x2, x4))), aq(add(x2, x1), x1)), add(exp(a), add(x2, aq(x2, x1)))))))), add(mul(sin(x4), x4), exp(x2)))))
GPU5 stages: candidates=2500 pre_s=22.696 cheap_candidates=1832 cheap_unique=1818 cheap_s=37.188/40.000 cheap_rejected=401 cheap_a_min=-0.517646089035 cheap_a_p50=0.000562115726492 cheap_a_p95=8.17076632113 cheap_a_max=3408.26400538 exact_a_gate=0.15 exact_provisional_penalty=3928.17976309 exact_candidates=1431 exact_unique=1417 full_exact_enabled=1 exact_capacity=1200 exact_waves=134 exact_scheduled=1200 exact_deferred=189 exact_wave=1200/1200 exact_queue_depth=0 exact_pending_instances=190 exact_s=210.003 exact_ok=1200 exact_margin_max=2020.37166009 exact_scan_mean_s=0.039 exact_bisect_mean_s=0.005 exact_polish_mean_s=0.269 exact_final_mean_s=0.019 exact_margin_abs_b_max=nan cache_hits=0 cache_misses=0 cache_waits=0
695	2500 	515.658	677.227    	1042.44    	185.466	34 	103.952	185	32.4129
Best individuals of this generation:
add(mul(x1, aq(x1, add(add(x1, mul(sin(add(x2, x1)), mul(sub(a, x3), add(a, a)))), x3))), mul(mul(sub(add(mul(x4, mul(aq(sub(add(x3, exp(x1)), x2), add(a, x2)), sub(aq(x2, x3), x2))), exp(mul(sin(x4), x4))), mul(x3, sub(x4, x4))), aq(add(exp(a), add(x2, x1)), a)), add(add(mul(x3, add(add(x3, x1), x2)), add(x2, add(mul(x3, add(add(x3, mul(exp(x3), sub(x1, x2))), x2)), add(x2, mul(mul(sub(add(mul(x2, mul(x3, x2)), exp(x1)), mul(x3, sub(x2, x4))), aq(add(x2, x1), x1)), add(exp(a), add(x2, aq(x2, x1)))))))), add(mul(sin(x4), x4), exp(x2)))))
GPU5 stages: candidates=2500 pre_s=22.630 cheap_candidates=1830 cheap_unique=1821 cheap_s=38.139/40.000 cheap_rejected=408 cheap_a_min=-0.416567238729 cheap_a_p50=0.000766288890856 cheap_a_p95=9.66225907154 cheap_a_max=3604.18207637 exact_a_gate=0.15 exact_provisional_penalty=3928.17976309 exact_candidates=1422 exact_unique=1413 full_exact_enabled=1 exact_capacity=1200 exact_waves=134 exact_scheduled=1200 exact_deferred=175 exact_wave=1200/1200 exact_queue_depth=0 exact_pending_instances=179 exact_s=210.188 exact_ok=1200 exact_margin_max=127.74896317 exact_scan_mean_s=0.042 exact_bisect_mean_s=0.003 exact_polish_mean_s=0.269 exact_final_mean_s=0.013 exact_margin_abs_b_max=nan cache_hits=0 cache_misses=0 cache_waits=0
696	2500 	515.658	677.192    	1042.43    	185.483	34 	104.002	185	32.3987
Best individuals of this generation:
add(mul(x1, aq(x1, add(add(x1, mul(sin(add(x2, x1)), mul(sub(a, x3), add(a, a)))), x3))), mul(mul(sub(add(mul(x4, mul(aq(sub(add(x3, exp(x1)), x2), add(a, x2)), sub(aq(x2, x3), x2))), exp(mul(sin(x4), x4))), mul(x3, sub(x4, x4))), aq(add(exp(a), add(x2, x1)), a)), add(add(mul(x3, add(add(x3, x1), x2)), add(x2, add(mul(x3, add(add(x3, mul(exp(x3), sub(x1, x2))), x2)), add(x2, mul(mul(sub(add(mul(x2, mul(x3, x2)), exp(x1)), mul(x3, sub(x2, x4))), aq(add(x2, x1), x1)), add(exp(a), add(x2, aq(x2, x1)))))))), add(mul(sin(x4), x4), exp(x2)))))
GPU5 stages: candidates=2500 pre_s=22.637 cheap_candidates=1844 cheap_unique=1836 cheap_s=35.969/40.000 cheap_rejected=434 cheap_a_min=-0.172441380884 cheap_a_p50=0.000551914737564 cheap_a_p95=16.6907605784 cheap_a_max=10110.9669248 exact_a_gate=0.15 exact_provisional_penalty=3928.17976309 exact_candidates=1410 exact_unique=1402 full_exact_enabled=1 exact_capacity=1200 exact_waves=134 exact_scheduled=1200 exact_deferred=165 exact_wave=1200/1200 exact_queue_depth=0 exact_pending_instances=167 exact_s=210.506 exact_ok=1200 exact_margin_max=16.3058392028 exact_scan_mean_s=0.041 exact_bisect_mean_s=0.005 exact_polish_mean_s=0.282 exact_final_mean_s=0.020 exact_margin_abs_b_max=nan cache_hits=0 cache_misses=0 cache_waits=0
697	2500 	515.658	677.16     	1042.43    	185.502	34 	104.002	185	32.3715
Best individuals of this generation:
add(mul(x1, aq(x1, add(add(x1, mul(sin(add(x2, x1)), mul(sub(a, x3), add(a, a)))), x3))), mul(mul(sub(add(mul(x4, mul(aq(sub(add(x3, exp(x1)), x2), add(a, x2)), sub(aq(x2, x3), x2))), exp(mul(sin(x4), x4))), mul(x3, sub(x4, x4))), aq(add(exp(a), add(x2, x1)), a)), add(add(mul(x3, add(add(x3, x1), x2)), add(x2, add(mul(x3, add(add(x3, mul(exp(x3), sub(x1, x2))), x2)), add(x2, mul(mul(sub(add(mul(x2, mul(x3, x2)), exp(x1)), mul(x3, sub(x2, x4))), aq(add(x2, x1), x1)), add(exp(a), add(x2, aq(x2, x1)))))))), add(mul(sin(x4), x4), exp(x2)))))
GPU5 stages: candidates=2500 pre_s=22.670 cheap_candidates=1874 cheap_unique=1868 cheap_s=36.787/40.000 cheap_rejected=440 cheap_a_min=-0.247777969747 cheap_a_p50=0.00079280600757 cheap_a_p95=10.4278859598 cheap_a_max=5054.85439345 exact_a_gate=0.15 exact_provisional_penalty=6194.30043201 exact_candidates=1434 exact_unique=1428 full_exact_enabled=1 exact_capacity=1200 exact_waves=134 exact_scheduled=1200 exact_deferred=194 exact_wave=1200/1200 exact_queue_depth=0 exact_pending_instances=195 exact_s=205.508 exact_ok=1200 exact_margin_max=4804.46096943 exact_scan_mean_s=0.042 exact_bisect_mean_s=0.005 exact_polish_mean_s=0.267 exact_final_mean_s=0.013 exact_margin_abs_b_max=nan cache_hits=0 cache_misses=0 cache_waits=0
698	2500 	515.658	677.148    	1042.43    	185.509	34 	104.029	185	32.3555
Best individuals of this generation:
add(mul(x1, aq(x1, add(add(x1, mul(sin(add(x2, x1)), mul(sub(a, x3), add(a, a)))), x3))), mul(mul(sub(add(mul(x4, mul(aq(sub(add(x3, exp(x1)), x2), add(a, x2)), sub(aq(x2, x3), x2))), exp(mul(sin(x4), x4))), mul(x3, sub(x4, x4))), aq(add(exp(a), add(x2, x1)), a)), add(add(mul(x3, add(add(x3, x1), x2)), add(x2, add(mul(x3, add(add(x3, mul(exp(x3), sub(x1, x2))), x2)), add(x2, mul(mul(sub(add(mul(x2, mul(x3, x2)), exp(x1)), mul(x3, sub(x2, x4))), aq(add(x2, x1), x1)), add(exp(a), add(x2, aq(x2, x1)))))))), add(mul(sin(x4), x4), exp(x2)))))
GPU5 stages: candidates=2500 pre_s=22.692 cheap_candidates=1836 cheap_unique=1824 cheap_s=38.084/40.000 cheap_rejected=446 cheap_a_min=-0.191095385639 cheap_a_p50=0.000781508913155 cheap_a_p95=7.83819393799 cheap_a_max=23193.2060143 exact_a_gate=0.15 exact_provisional_penalty=3928.17976309 exact_candidates=1390 exact_unique=1378 full_exact_enabled=1 exact_capacity=1200 exact_waves=134 exact_scheduled=1200 exact_deferred=147 exact_wave=1200/1200 exact_queue_depth=0 exact_pending_instances=147 exact_s=214.656 exact_ok=1200 exact_margin_max=10.3787408949 exact_scan_mean_s=0.040 exact_bisect_mean_s=0.004 exact_polish_mean_s=0.272 exact_final_mean_s=0.019 exact_margin_abs_b_max=nan cache_hits=0 cache_misses=0 cache_waits=0
699	2500 	515.658	677.133    	1042.41    	185.51 	34 	104.035	185	32.3243
Best individuals of this generation:
add(mul(x1, aq(x1, add(add(x1, mul(sin(add(x2, x1)), mul(sub(a, x3), add(a, a)))), x3))), mul(mul(sub(add(mul(x4, mul(aq(sub(add(x3, exp(x1)), x2), add(a, x2)), sub(aq(x2, x3), x2))), exp(mul(sin(x4), x4))), mul(x3, sub(x4, x4))), aq(add(exp(a), add(x2, x1)), a)), add(add(mul(x3, add(add(x3, x1), x2)), add(x2, add(mul(x3, add(add(x3, mul(exp(x3), sub(x1, x2))), x2)), add(x2, mul(mul(sub(add(mul(x2, mul(x3, x2)), exp(x1)), mul(x3, sub(x2, x4))), aq(add(x2, x1), x1)), add(exp(a), add(x2, aq(x2, x1)))))))), add(mul(sin(x4), x4), exp(x2)))))
GPU5 stages: candidates=2500 pre_s=22.824 cheap_candidates=1848 cheap_unique=1842 cheap_s=37.498/40.000 cheap_rejected=435 cheap_a_min=-0.858584947473 cheap_a_p50=0.000792805708018 cheap_a_p95=10.027477781 cheap_a_max=5320.41818837 exact_a_gate=0.15 exact_provisional_penalty=5402.52850342 exact_candidates=1413 exact_unique=1407 full_exact_enabled=1 exact_capacity=1200 exact_waves=134 exact_scheduled=1200 exact_deferred=172 exact_wave=1200/1200 exact_queue_depth=0 exact_pending_instances=173 exact_s=221.577 exact_ok=1200 exact_margin_max=15928035.9815 exact_scan_mean_s=0.051 exact_bisect_mean_s=0.007 exact_polish_mean_s=0.295 exact_final_mean_s=0.010 exact_margin_abs_b_max=4.41e+06 cache_hits=0 cache_misses=0 cache_waits=0
700	2500 	515.658	677.103    	1042.4     	185.526	34 	104.006	185	32.3344
Best individuals of this generation:
add(mul(x1, aq(x1, add(add(x1, mul(sin(add(x2, x1)), mul(sub(a, x3), add(a, a)))), x3))), mul(mul(sub(add(mul(x4, mul(aq(sub(add(x3, exp(x1)), x2), add(a, x2)), sub(aq(x2, x3), x2))), exp(mul(sin(x4), x4))), mul(x3, sub(x4, x4))), aq(add(exp(a), add(x2, x1)), a)), add(add(mul(x3, add(add(x3, x1), x2)), add(x2, add(mul(x3, add(add(x3, mul(exp(x3), sub(x1, x2))), x2)), add(x2, mul(mul(sub(add(mul(x2, mul(x3, x2)), exp(x1)), mul(x3, sub(x2, x4))), aq(add(x2, x1), x1)), add(exp(a), add(x2, aq(x2, x1)))))))), add(mul(sin(x4), x4), exp(x2)))))
GPU5 stages: candidates=2500 pre_s=22.669 cheap_candidates=1865 cheap_unique=1850 cheap_s=36.909/40.000 cheap_rejected=429 cheap_a_min=-0.238073302868 cheap_a_p50=0.000792668561402 cheap_a_p95=9.03691027043 cheap_a_max=72481.2872076 exact_a_gate=0.15 exact_provisional_penalty=3928.17976309 exact_candidates=1436 exact_unique=1422 full_exact_enabled=1 exact_capacity=1200 exact_waves=134 exact_scheduled=1200 exact_deferred=189 exact_wave=1200/1200 exact_queue_depth=0 exact_pending_instances=190 exact_s=210.378 exact_ok=1200 exact_margin_max=2.46928471089e+18 exact_scan_mean_s=0.042 exact_bisect_mean_s=0.006 exact_polish_mean_s=0.268 exact_final_mean_s=0.027 exact_margin_abs_b_max=nan cache_hits=0 cache_misses=0 cache_waits=0
701	2500 	515.658	677.083    	1042.4     	185.539	34 	103.982	185	32.3637
Best individuals of this generation:
add(mul(x1, aq(x1, add(add(x1, mul(sin(add(x2, x1)), mul(sub(a, x3), add(a, a)))), x3))), mul(mul(sub(add(mul(x4, mul(aq(sub(add(x3, exp(x1)), x2), add(a, x2)), sub(aq(x2, x3), x2))), exp(mul(sin(x4), x4))), mul(x3, sub(x4, x4))), aq(add(exp(a), add(x2, x1)), a)), add(add(mul(x3, add(add(x3, x1), x2)), add(x2, add(mul(x3, add(add(x3, mul(exp(x3), sub(x1, x2))), x2)), add(x2, mul(mul(sub(add(mul(x2, mul(x3, x2)), exp(x1)), mul(x3, sub(x2, x4))), aq(add(x2, x1), x1)), add(exp(a), add(x2, aq(x2, x1)))))))), add(mul(sin(x4), x4), exp(x2)))))
GPU5 stages: candidates=2500 pre_s=22.657 cheap_candidates=1857 cheap_unique=1854 cheap_s=37.485/40.000 cheap_rejected=424 cheap_a_min=-0.473549947474 cheap_a_p50=0.000724848447955 cheap_a_p95=7.8052928738 cheap_a_max=5294.65071233 exact_a_gate=0.15 exact_provisional_penalty=3928.17976309 exact_candidates=1433 exact_unique=1430 full_exact_enabled=1 exact_capacity=1200 exact_waves=134 exact_scheduled=1200 exact_deferred=193 exact_wave=1200/1200 exact_queue_depth=0 exact_pending_instances=194 exact_s=215.321 exact_ok=1200 exact_margin_max=1835.62735967 exact_scan_mean_s=0.041 exact_bisect_mean_s=0.002 exact_polish_mean_s=0.266 exact_final_mean_s=0.018 exact_margin_abs_b_max=nan cache_hits=0 cache_misses=0 cache_waits=0
702	2500 	515.658	677.046    	1042.4     	185.558	34 	103.936	185	32.3804
Best individuals of this generation:
add(mul(x1, aq(x1, add(add(x1, mul(sin(add(x2, x1)), mul(sub(a, x3), add(a, a)))), x3))), mul(mul(sub(add(mul(x4, mul(aq(sub(add(x3, exp(x1)), x2), add(a, x2)), sub(aq(x2, x3), x2))), exp(mul(sin(x4), x4))), mul(x3, sub(x4, x4))), aq(add(exp(a), add(x2, x1)), a)), add(add(mul(x3, add(add(x3, x1), x2)), add(x2, add(mul(x3, add(add(x3, mul(exp(x3), sub(x1, x2))), x2)), add(x2, mul(mul(sub(add(mul(x2, mul(x3, x2)), exp(x1)), mul(x3, sub(x2, x4))), aq(add(x2, x1), x1)), add(exp(a), add(x2, aq(x2, x1)))))))), add(mul(sin(x4), x4), exp(x2)))))
GPU5 stages: candidates=2500 pre_s=22.744 cheap_candidates=1851 cheap_unique=1839 cheap_s=38.284/40.000 cheap_rejected=424 cheap_a_min=-0.417362214157 cheap_a_p50=0.000792676268405 cheap_a_p95=10.6183626403 cheap_a_max=5457.99878205 exact_a_gate=0.15 exact_provisional_penalty=3928.17976309 exact_candidates=1427 exact_unique=1415 full_exact_enabled=1 exact_capacity=1200 exact_waves=134 exact_scheduled=1200 exact_deferred=176 exact_wave=1200/1200 exact_queue_depth=0 exact_pending_instances=176 exact_s=206.345 exact_ok=1200 exact_margin_max=573.645450221 exact_scan_mean_s=0.041 exact_bisect_mean_s=0.004 exact_polish_mean_s=0.276 exact_final_mean_s=0.017 exact_margin_abs_b_max=nan cache_hits=0 cache_misses=0 cache_waits=0
703	2500 	515.658	677.028    	1042.4     	185.567	34 	103.919	185	32.3843
Best individuals of this generation:
add(mul(x1, aq(x1, add(add(x1, mul(sin(add(x2, x1)), mul(sub(a, x3), add(a, a)))), x3))), mul(mul(sub(add(mul(x4, mul(aq(sub(add(x3, exp(x1)), x2), add(a, x2)), sub(aq(x2, x3), x2))), exp(mul(sin(x4), x4))), mul(x3, sub(x4, x4))), aq(add(exp(a), add(x2, x1)), a)), add(add(mul(x3, add(add(x3, x1), x2)), add(x2, add(mul(x3, add(add(x3, mul(exp(x3), sub(x1, x2))), x2)), add(x2, mul(mul(sub(add(mul(x2, mul(x3, x2)), exp(x1)), mul(x3, sub(x2, x4))), aq(add(x2, x1), x1)), add(exp(a), add(x2, aq(x2, x1)))))))), add(mul(sin(x4), x4), exp(x2)))))
GPU5 stages: candidates=2500 pre_s=22.718 cheap_candidates=1835 cheap_unique=1823 cheap_s=37.654/40.000 cheap_rejected=418 cheap_a_min=-0.199605536673 cheap_a_p50=0.000792691875313 cheap_a_p95=8.77686441375 cheap_a_max=4702.54990753 exact_a_gate=0.15 exact_provisional_penalty=3928.17976309 exact_candidates=1417 exact_unique=1405 full_exact_enabled=1 exact_capacity=1200 exact_waves=134 exact_scheduled=1200 exact_deferred=173 exact_wave=1200/1200 exact_queue_depth=0 exact_pending_instances=173 exact_s=215.425 exact_ok=1200 exact_margin_max=565.539869292 exact_scan_mean_s=0.040 exact_bisect_mean_s=0.004 exact_polish_mean_s=0.281 exact_final_mean_s=0.019 exact_margin_abs_b_max=nan cache_hits=0 cache_misses=0 cache_waits=0
704	2500 	515.658	677.01     	1042.4     	185.579	34 	103.915	185	32.4036
Best individuals of this generation:
add(mul(x1, aq(x1, add(add(x1, mul(sin(add(x2, x1)), mul(sub(a, x3), add(a, a)))), x3))), mul(mul(sub(add(mul(x4, mul(aq(sub(add(x3, exp(x1)), x2), add(a, x2)), sub(aq(x2, x3), x2))), exp(mul(sin(x4), x4))), mul(x3, sub(x4, x4))), aq(add(exp(a), add(x2, x1)), a)), add(add(mul(x3, add(add(x3, x1), x2)), add(x2, add(mul(x3, add(add(x3, mul(exp(x3), sub(x1, x2))), x2)), add(x2, mul(mul(sub(add(mul(x2, mul(x3, x2)), exp(x1)), mul(x3, sub(x2, x4))), aq(add(x2, x1), x1)), add(exp(a), add(x2, aq(x2, x1)))))))), add(mul(sin(x4), x4), exp(x2)))))
GPU5 stages: candidates=2500 pre_s=22.641 cheap_candidates=1852 cheap_unique=1840 cheap_s=37.519/40.000 cheap_rejected=426 cheap_a_min=-0.766614080416 cheap_a_p50=0.000571473707123 cheap_a_p95=10.5242771791 cheap_a_max=30663.4289126 exact_a_gate=0.15 exact_provisional_penalty=3928.17976309 exact_candidates=1426 exact_unique=1414 full_exact_enabled=1 exact_capacity=1200 exact_waves=134 exact_scheduled=1200 exact_deferred=177 exact_wave=1200/1200 exact_queue_depth=0 exact_pending_instances=177 exact_s=215.810 exact_ok=1200 exact_margin_max=929.253748815 exact_scan_mean_s=0.041 exact_bisect_mean_s=0.004 exact_polish_mean_s=0.285 exact_final_mean_s=0.027 exact_margin_abs_b_max=nan cache_hits=0 cache_misses=0 cache_waits=0
705	2500 	515.658	676.986    	1042.39    	185.591	34 	103.969	185	32.4012
Best individuals of this generation:
add(mul(x1, aq(x1, add(add(x1, mul(sin(add(x2, x1)), mul(sub(a, x3), add(a, a)))), x3))), mul(mul(sub(add(mul(x4, mul(aq(sub(add(x3, exp(x1)), x2), add(a, x2)), sub(aq(x2, x3), x2))), exp(mul(sin(x4), x4))), mul(x3, sub(x4, x4))), aq(add(exp(a), add(x2, x1)), a)), add(add(mul(x3, add(add(x3, x1), x2)), add(x2, add(mul(x3, add(add(x3, mul(exp(x3), sub(x1, x2))), x2)), add(x2, mul(mul(sub(add(mul(x2, mul(x3, x2)), exp(x1)), mul(x3, sub(x2, x4))), aq(add(x2, x1), x1)), add(exp(a), add(x2, aq(x2, x1)))))))), add(mul(sin(x4), x4), exp(x2)))))
GPU5 stages: candidates=2500 pre_s=22.700 cheap_candidates=1820 cheap_unique=1809 cheap_s=36.009/40.000 cheap_rejected=400 cheap_a_min=-0.313416082133 cheap_a_p50=0.000482994349108 cheap_a_p95=9.02227462617 cheap_a_max=1680.96593186 exact_a_gate=0.15 exact_provisional_penalty=6507.49219472 exact_candidates=1420 exact_unique=1409 full_exact_enabled=1 exact_capacity=1200 exact_waves=134 exact_scheduled=1200 exact_deferred=171 exact_wave=1200/1200 exact_queue_depth=0 exact_pending_instances=173 exact_s=217.202 exact_ok=1200 exact_margin_max=264.723746931 exact_scan_mean_s=0.041 exact_bisect_mean_s=0.004 exact_polish_mean_s=0.270 exact_final_mean_s=0.023 exact_margin_abs_b_max=nan cache_hits=0 cache_misses=0 cache_waits=0
706	2500 	515.658	676.961    	1042.39    	185.605	34 	104.082	185	32.4181
Best individuals of this generation:
add(mul(x1, aq(x1, add(add(x1, mul(sin(add(x2, x1)), mul(sub(a, x3), add(a, a)))), x3))), mul(mul(sub(add(mul(x4, mul(aq(sub(add(x3, exp(x1)), x2), add(a, x2)), sub(aq(x2, x3), x2))), exp(mul(sin(x4), x4))), mul(x3, sub(x4, x4))), aq(add(exp(a), add(x2, x1)), a)), add(add(mul(x3, add(add(x3, x1), x2)), add(x2, add(mul(x3, add(add(x3, mul(exp(x3), sub(x1, x2))), x2)), add(x2, mul(mul(sub(add(mul(x2, mul(x3, x2)), exp(x1)), mul(x3, sub(x2, x4))), aq(add(x2, x1), x1)), add(exp(a), add(x2, aq(x2, x1)))))))), add(mul(sin(x4), x4), exp(x2)))))
GPU5 stages: candidates=2500 pre_s=22.518 cheap_candidates=1822 cheap_unique=1816 cheap_s=36.385/40.000 cheap_rejected=410 cheap_a_min=-515.025562441 cheap_a_p50=0.000792805606421 cheap_a_p95=11.8141570481 cheap_a_max=4083.86086469 exact_a_gate=0.15 exact_provisional_penalty=3928.17976309 exact_candidates=1412 exact_unique=1406 full_exact_enabled=1 exact_capacity=1200 exact_waves=134 exact_scheduled=1200 exact_deferred=173 exact_wave=1200/1200 exact_queue_depth=0 exact_pending_instances=175 exact_s=210.493 exact_ok=1200 exact_margin_max=1240.46236943 exact_scan_mean_s=0.042 exact_bisect_mean_s=0.005 exact_polish_mean_s=0.270 exact_final_mean_s=0.028 exact_margin_abs_b_max=nan cache_hits=0 cache_misses=0 cache_waits=0
707	2500 	515.658	676.944    	1042.38    	185.615	34 	104.124	185	32.4471
Best individuals of this generation:
add(mul(x1, aq(x1, add(add(x1, mul(sin(add(x2, x1)), mul(sub(a, x3), add(a, a)))), x3))), mul(mul(sub(add(mul(x4, mul(aq(sub(add(x3, exp(x1)), x2), add(a, x2)), sub(aq(x2, x3), x2))), exp(mul(sin(x4), x4))), mul(x3, sub(x4, x4))), aq(add(exp(a), add(x2, x1)), a)), add(add(mul(x3, add(add(x3, x1), x2)), add(x2, add(mul(x3, add(add(x3, mul(exp(x3), sub(x1, x2))), x2)), add(x2, mul(mul(sub(add(mul(x2, mul(x3, x2)), exp(x1)), mul(x3, sub(x2, x4))), aq(add(x2, x1), x1)), add(exp(a), add(x2, aq(x2, x1)))))))), add(mul(sin(x4), x4), exp(x2)))))
GPU5 stages: candidates=2500 pre_s=22.627 cheap_candidates=1822 cheap_unique=1812 cheap_s=36.941/40.000 cheap_rejected=436 cheap_a_min=-0.212969968937 cheap_a_p50=0.000792813476234 cheap_a_p95=14.3468457395 cheap_a_max=20118.7105155 exact_a_gate=0.15 exact_provisional_penalty=3928.17976309 exact_candidates=1386 exact_unique=1376 full_exact_enabled=1 exact_capacity=1200 exact_waves=134 exact_scheduled=1200 exact_deferred=133 exact_wave=1200/1200 exact_queue_depth=0 exact_pending_instances=138 exact_s=207.035 exact_ok=1200 exact_margin_max=1078.85751283 exact_scan_mean_s=0.040 exact_bisect_mean_s=0.003 exact_polish_mean_s=0.277 exact_final_mean_s=0.019 exact_margin_abs_b_max=nan cache_hits=0 cache_misses=0 cache_waits=0
708	2500 	515.658	676.926    	1042.38    	185.622	34 	104.108	185	32.4214
Best individuals of this generation:
add(mul(x1, aq(x1, add(add(x1, mul(sin(add(x2, x1)), mul(sub(a, x3), add(a, a)))), x3))), mul(mul(sub(add(mul(x4, mul(aq(sub(add(x3, exp(x1)), x2), add(a, x2)), sub(aq(x2, x3), x2))), exp(mul(sin(x4), x4))), mul(x3, sub(x4, x4))), aq(add(exp(a), add(x2, x1)), a)), add(add(mul(x3, add(add(x3, x1), x2)), add(x2, add(mul(x3, add(add(x3, mul(exp(x3), sub(x1, x2))), x2)), add(x2, mul(mul(sub(add(mul(x2, mul(x3, x2)), exp(x1)), mul(x3, sub(x2, x4))), aq(add(x2, x1), x1)), add(exp(a), add(x2, aq(x2, x1)))))))), add(mul(sin(x4), x4), exp(x2)))))
GPU5 stages: candidates=2500 pre_s=22.831 cheap_candidates=1881 cheap_unique=1867 cheap_s=37.893/40.000 cheap_rejected=425 cheap_a_min=-0.5822060247 cheap_a_p50=0.000608539287042 cheap_a_p95=14.1619022449 cheap_a_max=75303.917871 exact_a_gate=0.15 exact_provisional_penalty=3928.17976309 exact_candidates=1456 exact_unique=1442 full_exact_enabled=1 exact_capacity=1200 exact_waves=134 exact_scheduled=1200 exact_deferred=200 exact_wave=1200/1200 exact_queue_depth=0 exact_pending_instances=200 exact_s=209.626 exact_ok=1200 exact_margin_max=1230.88822343 exact_scan_mean_s=0.041 exact_bisect_mean_s=0.006 exact_polish_mean_s=0.270 exact_final_mean_s=0.023 exact_margin_abs_b_max=nan cache_hits=0 cache_misses=0 cache_waits=0
709	2500 	515.658	676.903    	1042.38    	185.635	34 	103.941	185	32.3346
Best individuals of this generation:
add(mul(x1, aq(x1, add(add(x1, mul(sin(add(x2, x1)), mul(sub(a, x3), add(a, a)))), x3))), mul(mul(sub(add(mul(x4, mul(aq(sub(add(x3, exp(x1)), x2), add(a, x2)), sub(aq(x2, x3), x2))), exp(mul(sin(x4), x4))), mul(x3, sub(x4, x4))), aq(add(exp(a), add(x2, x1)), a)), add(add(mul(x3, add(add(x3, x1), x2)), add(x2, add(mul(x3, add(add(x3, mul(exp(x3), sub(x1, x2))), x2)), add(x2, mul(mul(sub(add(mul(x2, mul(x3, x2)), exp(x1)), mul(x3, sub(x2, x4))), aq(add(x2, x1), x1)), add(exp(a), add(x2, aq(x2, x1)))))))), add(mul(sin(x4), x4), exp(x2)))))
GPU5 stages: candidates=2500 pre_s=22.710 cheap_candidates=1835 cheap_unique=1822 cheap_s=38.420/40.000 cheap_rejected=453 cheap_a_min=-0.286091305156 cheap_a_p50=0.000742246935526 cheap_a_p95=12.4766911519 cheap_a_max=6384.99711057 exact_a_gate=0.15 exact_provisional_penalty=3928.17976309 exact_candidates=1382 exact_unique=1369 full_exact_enabled=1 exact_capacity=1200 exact_waves=134 exact_scheduled=1200 exact_deferred=138 exact_wave=1200/1200 exact_queue_depth=0 exact_pending_instances=138 exact_s=210.194 exact_ok=1200 exact_margin_max=184.519408365 exact_scan_mean_s=0.042 exact_bisect_mean_s=0.003 exact_polish_mean_s=0.279 exact_final_mean_s=0.019 exact_margin_abs_b_max=nan cache_hits=0 cache_misses=0 cache_waits=0
710	2500 	515.658	676.881    	1042.38    	185.647	34 	103.818	185	32.2785
Best individuals of this generation:
add(mul(x1, aq(x1, add(add(x1, mul(sin(add(x2, x1)), mul(sub(a, x3), add(a, a)))), x3))), mul(mul(sub(add(mul(x4, mul(aq(sub(add(x3, exp(x1)), x2), add(a, x2)), sub(aq(x2, x3), x2))), exp(mul(sin(x4), x4))), mul(x3, sub(x4, x4))), aq(add(exp(a), add(x2, x1)), a)), add(add(mul(x3, add(add(x3, x1), x2)), add(x2, add(mul(x3, add(add(x3, mul(exp(x3), sub(x1, x2))), x2)), add(x2, mul(mul(sub(add(mul(x2, mul(x3, x2)), exp(x1)), mul(x3, sub(x2, x4))), aq(add(x2, x1), x1)), add(exp(a), add(x2, aq(x2, x1)))))))), add(mul(sin(x4), x4), exp(x2)))))
GPU5 stages: candidates=2500 pre_s=22.773 cheap_candidates=1876 cheap_unique=1872 cheap_s=37.179/40.000 cheap_rejected=416 cheap_a_min=-0.456092958661 cheap_a_p50=0.000593126104656 cheap_a_p95=11.6027346514 cheap_a_max=4946.57892056 exact_a_gate=0.15 exact_provisional_penalty=3928.17976309 exact_candidates=1460 exact_unique=1456 full_exact_enabled=1 exact_capacity=1200 exact_waves=134 exact_scheduled=1200 exact_deferred=210 exact_wave=1200/1200 exact_queue_depth=0 exact_pending_instances=211 exact_s=210.719 exact_ok=1200 exact_margin_max=22.0894106146 exact_scan_mean_s=0.042 exact_bisect_mean_s=0.004 exact_polish_mean_s=0.276 exact_final_mean_s=0.018 exact_margin_abs_b_max=nan cache_hits=0 cache_misses=0 cache_waits=0
711	2500 	515.658	676.851    	1042.37    	185.662	34 	103.858	185	32.3074
Best individuals of this generation:
add(mul(x1, aq(x1, add(add(x1, mul(sin(add(x2, x1)), mul(sub(a, x3), add(a, a)))), x3))), mul(mul(sub(add(mul(x4, mul(aq(sub(add(x3, exp(x1)), x2), add(a, x2)), sub(aq(x2, x3), x2))), exp(mul(sin(x4), x4))), mul(x3, sub(x4, x4))), aq(add(exp(a), add(x2, x1)), a)), add(add(mul(x3, add(add(x3, x1), x2)), add(x2, add(mul(x3, add(add(x3, mul(exp(x3), sub(x1, x2))), x2)), add(x2, mul(mul(sub(add(mul(x2, mul(x3, x2)), exp(x1)), mul(x3, sub(x2, x4))), aq(add(x2, x1), x1)), add(exp(a), add(x2, aq(x2, x1)))))))), add(mul(sin(x4), x4), exp(x2)))))
GPU5 stages: candidates=2500 pre_s=22.584 cheap_candidates=1817 cheap_unique=1810 cheap_s=37.408/40.000 cheap_rejected=414 cheap_a_min=-0.157404285447 cheap_a_p50=0.000792697331031 cheap_a_p95=6.2470891441 cheap_a_max=5962.5018559 exact_a_gate=0.15 exact_provisional_penalty=3928.17976309 exact_candidates=1403 exact_unique=1396 full_exact_enabled=1 exact_capacity=1200 exact_waves=134 exact_scheduled=1200 exact_deferred=162 exact_wave=1200/1200 exact_queue_depth=0 exact_pending_instances=163 exact_s=208.609 exact_ok=1200 exact_margin_max=4840.45096246 exact_scan_mean_s=0.040 exact_bisect_mean_s=0.005 exact_polish_mean_s=0.270 exact_final_mean_s=0.016 exact_margin_abs_b_max=nan cache_hits=0 cache_misses=0 cache_waits=0
712	2500 	515.658	676.829    	1042.37    	185.673	34 	103.883	185	32.2461
Best individuals of this generation:
add(mul(x1, aq(x1, add(add(x1, mul(sin(add(x2, x1)), mul(sub(a, x3), add(a, a)))), x3))), mul(mul(sub(add(mul(x4, mul(aq(sub(add(x3, exp(x1)), x2), add(a, x2)), sub(aq(x2, x3), x2))), exp(mul(sin(x4), x4))), mul(x3, sub(x4, x4))), aq(add(exp(a), add(x2, x1)), a)), add(add(mul(x3, add(add(x3, x1), x2)), add(x2, add(mul(x3, add(add(x3, mul(exp(x3), sub(x1, x2))), x2)), add(x2, mul(mul(sub(add(mul(x2, mul(x3, x2)), exp(x1)), mul(x3, sub(x2, x4))), aq(add(x2, x1), x1)), add(exp(a), add(x2, aq(x2, x1)))))))), add(mul(sin(x4), x4), exp(x2)))))
GPU5 stages: candidates=2500 pre_s=22.714 cheap_candidates=1842 cheap_unique=1831 cheap_s=36.855/40.000 cheap_rejected=376 cheap_a_min=-0.232940345665 cheap_a_p50=0.000737443509323 cheap_a_p95=7.40297862629 cheap_a_max=4786.68467939 exact_a_gate=0.15 exact_provisional_penalty=3928.17976309 exact_candidates=1466 exact_unique=1455 full_exact_enabled=1 exact_capacity=1200 exact_waves=134 exact_scheduled=1200 exact_deferred=219 exact_wave=1200/1200 exact_queue_depth=0 exact_pending_instances=221 exact_s=210.768 exact_ok=1200 exact_margin_max=8.01345721524e+19 exact_scan_mean_s=0.040 exact_bisect_mean_s=0.006 exact_polish_mean_s=0.280 exact_final_mean_s=0.021 exact_margin_abs_b_max=nan cache_hits=0 cache_misses=0 cache_waits=0
713	2500 	515.658	676.81     	1042.37    	185.682	34 	103.887	185	32.25  
Best individuals of this generation:
add(mul(x1, aq(x1, add(add(x1, mul(sin(add(x2, x1)), mul(sub(a, x3), add(a, a)))), x3))), mul(mul(sub(add(mul(x4, mul(aq(sub(add(x3, exp(x1)), x2), add(a, x2)), sub(aq(x2, x3), x2))), exp(mul(sin(x4), x4))), mul(x3, sub(x4, x4))), aq(add(exp(a), add(x2, x1)), a)), add(add(mul(x3, add(add(x3, x1), x2)), add(x2, add(mul(x3, add(add(x3, mul(exp(x3), sub(x1, x2))), x2)), add(x2, mul(mul(sub(add(mul(x2, mul(x3, x2)), exp(x1)), mul(x3, sub(x2, x4))), aq(add(x2, x1), x1)), add(exp(a), add(x2, aq(x2, x1)))))))), add(mul(sin(x4), x4), exp(x2)))))
GPU5 stages: candidates=2500 pre_s=22.607 cheap_candidates=1822 cheap_unique=1809 cheap_s=36.323/40.000 cheap_rejected=412 cheap_a_min=-0.0641066887243 cheap_a_p50=0.000792679454517 cheap_a_p95=15.687274175 cheap_a_max=4917.46333901 exact_a_gate=0.15 exact_provisional_penalty=3928.17976309 exact_candidates=1410 exact_unique=1397 full_exact_enabled=1 exact_capacity=1200 exact_waves=134 exact_scheduled=1200 exact_deferred=166 exact_wave=1200/1200 exact_queue_depth=0 exact_pending_instances=172 exact_s=215.264 exact_ok=1200 exact_margin_max=203.102254574 exact_scan_mean_s=0.039 exact_bisect_mean_s=0.003 exact_polish_mean_s=0.277 exact_final_mean_s=0.016 exact_margin_abs_b_max=nan cache_hits=0 cache_misses=0 cache_waits=0
714	2500 	515.658	676.79     	1042.36    	185.691	34 	103.931	185	32.2934
Best individuals of this generation:
add(mul(x1, aq(x1, add(add(x1, mul(sin(add(x2, x1)), mul(sub(a, x3), add(a, a)))), x3))), mul(mul(sub(add(mul(x4, mul(aq(sub(add(x3, exp(x1)), x2), add(a, x2)), sub(aq(x2, x3), x2))), exp(mul(sin(x4), x4))), mul(x3, sub(x4, x4))), aq(add(exp(a), add(x2, x1)), a)), add(add(mul(x3, add(add(x3, x1), x2)), add(x2, add(mul(x3, add(add(x3, mul(exp(x3), sub(x1, x2))), x2)), add(x2, mul(mul(sub(add(mul(x2, mul(x3, x2)), exp(x1)), mul(x3, sub(x2, x4))), aq(add(x2, x1), x1)), add(exp(a), add(x2, aq(x2, x1)))))))), add(mul(sin(x4), x4), exp(x2)))))
GPU5 stages: candidates=2500 pre_s=22.813 cheap_candidates=1873 cheap_unique=1863 cheap_s=37.667/40.000 cheap_rejected=412 cheap_a_min=-0.249336376119 cheap_a_p50=0.000503594570576 cheap_a_p95=11.9525547728 cheap_a_max=6428.68230506 exact_a_gate=0.15 exact_provisional_penalty=3928.17976309 exact_candidates=1461 exact_unique=1451 full_exact_enabled=1 exact_capacity=1200 exact_waves=134 exact_scheduled=1200 exact_deferred=212 exact_wave=1200/1200 exact_queue_depth=0 exact_pending_instances=213 exact_s=215.694 exact_ok=1200 exact_margin_max=2705.49151303 exact_scan_mean_s=0.040 exact_bisect_mean_s=0.005 exact_polish_mean_s=0.279 exact_final_mean_s=0.017 exact_margin_abs_b_max=nan cache_hits=0 cache_misses=0 cache_waits=0
715	2500 	515.658	676.774    	1042.35    	185.698	34 	104.08 	185	32.3834
Best individuals of this generation:
add(mul(x1, aq(x1, add(add(x1, mul(sin(add(x2, x1)), mul(sub(a, x3), add(a, a)))), x3))), mul(mul(sub(add(mul(x4, mul(aq(sub(add(x3, exp(x1)), x2), add(a, x2)), sub(aq(x2, x3), x2))), exp(mul(sin(x4), x4))), mul(x3, sub(x4, x4))), aq(add(exp(a), add(x2, x1)), a)), add(add(mul(x3, add(add(x3, x1), x2)), add(x2, add(mul(x3, add(add(x3, mul(exp(x3), sub(x1, x2))), x2)), add(x2, mul(mul(sub(add(mul(x2, mul(x3, x2)), exp(x1)), mul(x3, sub(x2, x4))), aq(add(x2, x1), x1)), add(exp(a), add(x2, aq(x2, x1)))))))), add(mul(sin(x4), x4), exp(x2)))))
GPU5 stages: candidates=2500 pre_s=22.793 cheap_candidates=1880 cheap_unique=1866 cheap_s=38.190/40.000 cheap_rejected=410 cheap_a_min=-0.127062895672 cheap_a_p50=0.000541872906479 cheap_a_p95=10.6521222094 cheap_a_max=4724.75212273 exact_a_gate=0.15 exact_provisional_penalty=3928.17976309 exact_candidates=1470 exact_unique=1456 full_exact_enabled=1 exact_capacity=1200 exact_waves=134 exact_scheduled=1200 exact_deferred=214 exact_wave=1200/1200 exact_queue_depth=0 exact_pending_instances=214 exact_s=214.095 exact_ok=1200 exact_margin_max=919.766650619 exact_scan_mean_s=0.040 exact_bisect_mean_s=0.005 exact_polish_mean_s=0.270 exact_final_mean_s=0.018 exact_margin_abs_b_max=nan cache_hits=0 cache_misses=0 cache_waits=0
716	2500 	515.658	676.751    	1042.35    	185.709	34 	104.221	185	32.4034
Best individuals of this generation:
add(mul(x1, aq(x1, add(add(x1, mul(sin(add(x2, x1)), mul(sub(a, x3), add(a, a)))), x3))), mul(mul(sub(add(mul(x4, mul(aq(sub(add(x3, exp(x1)), x2), add(a, x2)), sub(aq(x2, x3), x2))), exp(mul(sin(x4), x4))), mul(x3, sub(x4, x4))), aq(add(exp(a), add(x2, x1)), a)), add(add(mul(x3, add(add(x3, x1), x2)), add(x2, add(mul(x3, add(add(x3, mul(exp(x3), sub(x1, x2))), x2)), add(x2, mul(mul(sub(add(mul(x2, mul(x3, x2)), exp(x1)), mul(x3, sub(x2, x4))), aq(add(x2, x1), x1)), add(exp(a), add(x2, aq(x2, x1)))))))), add(mul(sin(x4), x4), exp(x2)))))
GPU5 stages: candidates=2500 pre_s=22.652 cheap_candidates=1859 cheap_unique=1845 cheap_s=37.736/40.000 cheap_rejected=416 cheap_a_min=-0.0871475751816 cheap_a_p50=0.000705075656299 cheap_a_p95=8.81481218304 cheap_a_max=11896.8480031 exact_a_gate=0.15 exact_provisional_penalty=3928.17976309 exact_candidates=1443 exact_unique=1429 full_exact_enabled=1 exact_capacity=1200 exact_waves=134 exact_scheduled=1200 exact_deferred=186 exact_wave=1200/1200 exact_queue_depth=0 exact_pending_instances=187 exact_s=208.940 exact_ok=1200 exact_margin_max=1105.76697829 exact_scan_mean_s=0.040 exact_bisect_mean_s=0.002 exact_polish_mean_s=0.266 exact_final_mean_s=0.010 exact_margin_abs_b_max=nan cache_hits=0 cache_misses=0 cache_waits=0
717	2500 	515.658	676.737    	1042.34    	185.715	34 	104.322	185	32.5079
Best individuals of this generation:
add(mul(x1, aq(x1, add(add(x1, mul(sin(add(x2, x1)), mul(sub(a, x3), add(a, a)))), x3))), mul(mul(sub(add(mul(x4, mul(aq(sub(add(x3, exp(x1)), x2), add(a, x2)), sub(aq(x2, x3), x2))), exp(mul(sin(x4), x4))), mul(x3, sub(x4, x4))), aq(add(exp(a), add(x2, x1)), a)), add(add(mul(x3, add(add(x3, x1), x2)), add(x2, add(mul(x3, add(add(x3, mul(exp(x3), sub(x1, x2))), x2)), add(x2, mul(mul(sub(add(mul(x2, mul(x3, x2)), exp(x1)), mul(x3, sub(x2, x4))), aq(add(x2, x1), x1)), add(exp(a), add(x2, aq(x2, x1)))))))), add(mul(sin(x4), x4), exp(x2)))))
GPU5 stages: candidates=2500 pre_s=22.831 cheap_candidates=1875 cheap_unique=1857 cheap_s=37.645/40.000 cheap_rejected=392 cheap_a_min=-0.226523857134 cheap_a_p50=0.000624217298062 cheap_a_p95=8.85359955437 cheap_a_max=5240.36566314 exact_a_gate=0.15 exact_provisional_penalty=3928.17976309 exact_candidates=1483 exact_unique=1465 full_exact_enabled=1 exact_capacity=1200 exact_waves=134 exact_scheduled=1200 exact_deferred=230 exact_wave=1200/1200 exact_queue_depth=0 exact_pending_instances=230 exact_s=215.655 exact_ok=1200 exact_margin_max=2150.59027501 exact_scan_mean_s=0.040 exact_bisect_mean_s=0.005 exact_polish_mean_s=0.277 exact_final_mean_s=0.013 exact_margin_abs_b_max=nan cache_hits=0 cache_misses=0 cache_waits=0
718	2500 	515.658	676.728    	1042.34    	185.72 	34 	104.46 	185	32.5371
Best individuals of this generation:
add(mul(x1, aq(x1, add(add(x1, mul(sin(add(x2, x1)), mul(sub(a, x3), add(a, a)))), x3))), mul(mul(sub(add(mul(x4, mul(aq(sub(add(x3, exp(x1)), x2), add(a, x2)), sub(aq(x2, x3), x2))), exp(mul(sin(x4), x4))), mul(x3, sub(x4, x4))), aq(add(exp(a), add(x2, x1)), a)), add(add(mul(x3, add(add(x3, x1), x2)), add(x2, add(mul(x3, add(add(x3, mul(exp(x3), sub(x1, x2))), x2)), add(x2, mul(mul(sub(add(mul(x2, mul(x3, x2)), exp(x1)), mul(x3, sub(x2, x4))), aq(add(x2, x1), x1)), add(exp(a), add(x2, aq(x2, x1)))))))), add(mul(sin(x4), x4), exp(x2)))))
GPU5 stages: candidates=2500 pre_s=22.817 cheap_candidates=1856 cheap_unique=1844 cheap_s=37.580/40.000 cheap_rejected=419 cheap_a_min=-0.505815200716 cheap_a_p50=0.000792805592273 cheap_a_p95=8.79134085367 cheap_a_max=4653.99630512 exact_a_gate=0.15 exact_provisional_penalty=3928.17976309 exact_candidates=1437 exact_unique=1425 full_exact_enabled=1 exact_capacity=1200 exact_waves=134 exact_scheduled=1200 exact_deferred=190 exact_wave=1200/1200 exact_queue_depth=0 exact_pending_instances=191 exact_s=211.983 exact_ok=1200 exact_margin_max=51.9178954743 exact_scan_mean_s=0.039 exact_bisect_mean_s=0.005 exact_polish_mean_s=0.272 exact_final_mean_s=0.021 exact_margin_abs_b_max=nan cache_hits=0 cache_misses=0 cache_waits=0
719	2500 	515.658	676.709    	1042.34    	185.731	34 	104.502	185	32.5152
Best individuals of this generation:
add(mul(x1, aq(x1, add(add(x1, mul(sin(add(x2, x1)), mul(sub(a, x3), add(a, a)))), x3))), mul(mul(sub(add(mul(x4, mul(aq(sub(add(x3, exp(x1)), x2), add(a, x2)), sub(aq(x2, x3), x2))), exp(mul(sin(x4), x4))), mul(x3, sub(x4, x4))), aq(add(exp(a), add(x2, x1)), a)), add(add(mul(x3, add(add(x3, x1), x2)), add(x2, add(mul(x3, add(add(x3, mul(exp(x3), sub(x1, x2))), x2)), add(x2, mul(mul(sub(add(mul(x2, mul(x3, x2)), exp(x1)), mul(x3, sub(x2, x4))), aq(add(x2, x1), x1)), add(exp(a), add(x2, aq(x2, x1)))))))), add(mul(sin(x4), x4), exp(x2)))))
Stopping Ray Slurm steps...
