2026-09-20 11:59:15,528	INFO worker.py:1814 -- Connecting to existing Ray cluster at address: 10.10.2.1:47918...
2026-09-20 11:59:15,590	INFO worker.py:2012 -- Connected to Ray cluster.
/tmp/flex_147918/lib/python3.12/site-packages/ray/_private/worker.py:2051: FutureWarning: Tip: In future versions of Ray, Ray will no longer override accelerator visible devices env var if num_gpus=0 or num_gpus=None (default). To enable this behavior and turn off this error message, set RAY_ACCEL_ENV_VAR_OVERRIDE_ON_ZERO=0
  warnings.warn(
[36m(GPUFitnessActor pid=3456070)[0m /home/qaragoez/symclf_clean/symclf/examples/4DCartPolerV10/../DET4Fast4D_V10/slsqp_nb.py:993: NumbaWarning: [1m[1m[1m[1m[1m[1m[1mCannot cache compiled function "_nnls" as it uses dynamic globals (such as ctypes pointers and large global arrays)[0m[0m[0m[0m[0m[0m[0m
[36m(GPUFitnessActor pid=3456070)[0m   x, f, mode, it = slsqp_solve(kind, seeds[k], lb, ub, op, opr, lit, n_ops, params, v0, rho,
[36m(GPUFitnessActor pid=3456070)[0m /home/qaragoez/symclf_clean/symclf/examples/4DCartPolerV10/../DET4Fast4D_V10/slsqp_nb.py:993: NumbaWarning: [1m[1m[1m[1m[1m[1mCannot cache compiled function "_ldp" as it uses dynamic globals (such as ctypes pointers and large global arrays)[0m[0m[0m[0m[0m[0m
[36m(GPUFitnessActor pid=3456070)[0m   x, f, mode, it = slsqp_solve(kind, seeds[k], lb, ub, op, opr, lit, n_ops, params, v0, rho,
[36m(GPUFitnessActor pid=3456070)[0m /home/qaragoez/symclf_clean/symclf/examples/4DCartPolerV10/../DET4Fast4D_V10/slsqp_nb.py:993: NumbaWarning: [1m[1m[1m[1m[1mCannot cache compiled function "_lsi" as it uses dynamic globals (such as ctypes pointers and large global arrays)[0m[0m[0m[0m[0m
[36m(GPUFitnessActor pid=3456070)[0m   x, f, mode, it = slsqp_solve(kind, seeds[k], lb, ub, op, opr, lit, n_ops, params, v0, rho,
[36m(GPUFitnessActor pid=3456070)[0m /home/qaragoez/symclf_clean/symclf/examples/4DCartPolerV10/../DET4Fast4D_V10/slsqp_nb.py:993: NumbaWarning: [1m[1m[1m[1mCannot cache compiled function "_lsei" as it uses dynamic globals (such as ctypes pointers and large global arrays)[0m[0m[0m[0m
[36m(GPUFitnessActor pid=3456070)[0m   x, f, mode, it = slsqp_solve(kind, seeds[k], lb, ub, op, opr, lit, n_ops, params, v0, rho,
[36m(GPUFitnessActor pid=3456070)[0m /home/qaragoez/symclf_clean/symclf/examples/4DCartPolerV10/../DET4Fast4D_V10/slsqp_nb.py:993: NumbaWarning: [1m[1m[1mCannot cache compiled function "_lsq" as it uses dynamic globals (such as ctypes pointers and large global arrays)[0m[0m[0m
[36m(GPUFitnessActor pid=3456070)[0m   x, f, mode, it = slsqp_solve(kind, seeds[k], lb, ub, op, opr, lit, n_ops, params, v0, rho,
[36m(GPUFitnessActor pid=3456070)[0m /home/qaragoez/symclf_clean/symclf/examples/4DCartPolerV10/../DET4Fast4D_V10/slsqp_nb.py:993: NumbaWarning: [1m[1mCannot cache compiled function "slsqp_solve" as it uses dynamic globals (such as ctypes pointers and large global arrays)[0m[0m
[36m(GPUFitnessActor pid=3456070)[0m   x, f, mode, it = slsqp_solve(kind, seeds[k], lb, ub, op, opr, lit, n_ops, params, v0, rho,
[36m(GPUFitnessActor pid=3456070)[0m /home/qaragoez/symclf_clean/symclf/examples/4DCartPolerV10/../DET4Fast4D_V10/slsqp_nb.py:984: NumbaWarning: [1mCannot cache compiled function "slsqp_many" as it uses dynamic globals (such as ctypes pointers and large global arrays)[0m
[36m(GPUFitnessActor pid=3456070)[0m   @njit(cache=True, parallel=True)
[36m(CPUDet4Actor pid=3459325)[0m /home/qaragoez/symclf_clean/symclf/examples/4DCartPolerV10/../DET4Fast4D_V10/slsqp_nb.py:993: NumbaWarning: [1m[1m[1m[1m[1m[1m[1mCannot cache compiled function "_nnls" as it uses dynamic globals (such as ctypes pointers and large global arrays)[0m[0m[0m[0m[0m[0m[0m
[36m(CPUDet4Actor pid=3459325)[0m   x, f, mode, it = slsqp_solve(kind, seeds[k], lb, ub, op, opr, lit, n_ops, params, v0, rho,
[36m(CPUDet4Actor pid=3459325)[0m /home/qaragoez/symclf_clean/symclf/examples/4DCartPolerV10/../DET4Fast4D_V10/slsqp_nb.py:993: NumbaWarning: [1m[1m[1m[1m[1m[1mCannot cache compiled function "_ldp" as it uses dynamic globals (such as ctypes pointers and large global arrays)[0m[0m[0m[0m[0m[0m
[36m(CPUDet4Actor pid=3459325)[0m   x, f, mode, it = slsqp_solve(kind, seeds[k], lb, ub, op, opr, lit, n_ops, params, v0, rho,
[36m(CPUDet4Actor pid=3459325)[0m /home/qaragoez/symclf_clean/symclf/examples/4DCartPolerV10/../DET4Fast4D_V10/slsqp_nb.py:993: NumbaWarning: [1m[1m[1m[1m[1mCannot cache compiled function "_lsi" as it uses dynamic globals (such as ctypes pointers and large global arrays)[0m[0m[0m[0m[0m
[36m(CPUDet4Actor pid=3459325)[0m   x, f, mode, it = slsqp_solve(kind, seeds[k], lb, ub, op, opr, lit, n_ops, params, v0, rho,
[36m(CPUDet4Actor pid=3459325)[0m /home/qaragoez/symclf_clean/symclf/examples/4DCartPolerV10/../DET4Fast4D_V10/slsqp_nb.py:993: NumbaWarning: [1m[1m[1m[1mCannot cache compiled function "_lsei" as it uses dynamic globals (such as ctypes pointers and large global arrays)[0m[0m[0m[0m
[36m(CPUDet4Actor pid=3459325)[0m   x, f, mode, it = slsqp_solve(kind, seeds[k], lb, ub, op, opr, lit, n_ops, params, v0, rho,
[36m(CPUDet4Actor pid=3459325)[0m /home/qaragoez/symclf_clean/symclf/examples/4DCartPolerV10/../DET4Fast4D_V10/slsqp_nb.py:993: NumbaWarning: [1m[1m[1mCannot cache compiled function "_lsq" as it uses dynamic globals (such as ctypes pointers and large global arrays)[0m[0m[0m
[36m(CPUDet4Actor pid=3459325)[0m   x, f, mode, it = slsqp_solve(kind, seeds[k], lb, ub, op, opr, lit, n_ops, params, v0, rho,
[36m(CPUDet4Actor pid=3459325)[0m /home/qaragoez/symclf_clean/symclf/examples/4DCartPolerV10/../DET4Fast4D_V10/slsqp_nb.py:993: NumbaWarning: [1m[1mCannot cache compiled function "slsqp_solve" as it uses dynamic globals (such as ctypes pointers and large global arrays)[0m[0m
[36m(CPUDet4Actor pid=3459325)[0m   x, f, mode, it = slsqp_solve(kind, seeds[k], lb, ub, op, opr, lit, n_ops, params, v0, rho,
[36m(CPUDet4Actor pid=3459331)[0m /home/qaragoez/symclf_clean/symclf/examples/4DCartPolerV10/../DET4Fast4D_V10/slsqp_nb.py:993: NumbaWarning: [1m[1m[1m[1m[1m[1m[1mCannot cache compiled function "_nnls" as it uses dynamic globals (such as ctypes pointers and large global arrays)[0m[0m[0m[0m[0m[0m[0m
[36m(CPUDet4Actor pid=3459331)[0m   x, f, mode, it = slsqp_solve(kind, seeds[k], lb, ub, op, opr, lit, n_ops, params, v0, rho,
[36m(CPUDet4Actor pid=3459331)[0m /home/qaragoez/symclf_clean/symclf/examples/4DCartPolerV10/../DET4Fast4D_V10/slsqp_nb.py:993: NumbaWarning: [1m[1m[1m[1m[1m[1mCannot cache compiled function "_ldp" as it uses dynamic globals (such as ctypes pointers and large global arrays)[0m[0m[0m[0m[0m[0m
[36m(CPUDet4Actor pid=3459331)[0m   x, f, mode, it = slsqp_solve(kind, seeds[k], lb, ub, op, opr, lit, n_ops, params, v0, rho,
[36m(CPUDet4Actor pid=3459331)[0m /home/qaragoez/symclf_clean/symclf/examples/4DCartPolerV10/../DET4Fast4D_V10/slsqp_nb.py:993: NumbaWarning: [1m[1m[1m[1m[1mCannot cache compiled function "_lsi" as it uses dynamic globals (such as ctypes pointers and large global arrays)[0m[0m[0m[0m[0m
[36m(CPUDet4Actor pid=3459331)[0m   x, f, mode, it = slsqp_solve(kind, seeds[k], lb, ub, op, opr, lit, n_ops, params, v0, rho,
[36m(CPUDet4Actor pid=3459331)[0m /home/qaragoez/symclf_clean/symclf/examples/4DCartPolerV10/../DET4Fast4D_V10/slsqp_nb.py:993: NumbaWarning: [1m[1m[1m[1mCannot cache compiled function "_lsei" as it uses dynamic globals (such as ctypes pointers and large global arrays)[0m[0m[0m[0m
[36m(CPUDet4Actor pid=3459331)[0m   x, f, mode, it = slsqp_solve(kind, seeds[k], lb, ub, op, opr, lit, n_ops, params, v0, rho,
[36m(CPUDet4Actor pid=3459331)[0m /home/qaragoez/symclf_clean/symclf/examples/4DCartPolerV10/../DET4Fast4D_V10/slsqp_nb.py:993: NumbaWarning: [1m[1m[1mCannot cache compiled function "_lsq" as it uses dynamic globals (such as ctypes pointers and large global arrays)[0m[0m[0m
[36m(CPUDet4Actor pid=3459331)[0m   x, f, mode, it = slsqp_solve(kind, seeds[k], lb, ub, op, opr, lit, n_ops, params, v0, rho,
[36m(CPUDet4Actor pid=3459331)[0m /home/qaragoez/symclf_clean/symclf/examples/4DCartPolerV10/../DET4Fast4D_V10/slsqp_nb.py:993: NumbaWarning: [1m[1mCannot cache compiled function "slsqp_solve" as it uses dynamic globals (such as ctypes pointers and large global arrays)[0m[0m
[36m(CPUDet4Actor pid=3459331)[0m   x, f, mode, it = slsqp_solve(kind, seeds[k], lb, ub, op, opr, lit, n_ops, params, v0, rho,
[36m(CPUDet4Actor pid=3459327)[0m /home/qaragoez/symclf_clean/symclf/examples/4DCartPolerV10/../DET4Fast4D_V10/slsqp_nb.py:993: NumbaWarning: [1m[1m[1m[1m[1m[1m[1mCannot cache compiled function "_nnls" as it uses dynamic globals (such as ctypes pointers and large global arrays)[0m[0m[0m[0m[0m[0m[0m
[36m(CPUDet4Actor pid=3459327)[0m   x, f, mode, it = slsqp_solve(kind, seeds[k], lb, ub, op, opr, lit, n_ops, params, v0, rho,
[36m(CPUDet4Actor pid=3459327)[0m /home/qaragoez/symclf_clean/symclf/examples/4DCartPolerV10/../DET4Fast4D_V10/slsqp_nb.py:993: NumbaWarning: [1m[1m[1m[1m[1m[1mCannot cache compiled function "_ldp" as it uses dynamic globals (such as ctypes pointers and large global arrays)[0m[0m[0m[0m[0m[0m
[36m(CPUDet4Actor pid=3459327)[0m   x, f, mode, it = slsqp_solve(kind, seeds[k], lb, ub, op, opr, lit, n_ops, params, v0, rho,
[36m(CPUDet4Actor pid=3459327)[0m /home/qaragoez/symclf_clean/symclf/examples/4DCartPolerV10/../DET4Fast4D_V10/slsqp_nb.py:993: NumbaWarning: [1m[1m[1m[1m[1mCannot cache compiled function "_lsi" as it uses dynamic globals (such as ctypes pointers and large global arrays)[0m[0m[0m[0m[0m
[36m(CPUDet4Actor pid=3459327)[0m   x, f, mode, it = slsqp_solve(kind, seeds[k], lb, ub, op, opr, lit, n_ops, params, v0, rho,
[36m(CPUDet4Actor pid=3459327)[0m /home/qaragoez/symclf_clean/symclf/examples/4DCartPolerV10/../DET4Fast4D_V10/slsqp_nb.py:993: NumbaWarning: [1m[1m[1m[1mCannot cache compiled function "_lsei" as it uses dynamic globals (such as ctypes pointers and large global arrays)[0m[0m[0m[0m
[36m(CPUDet4Actor pid=3459327)[0m   x, f, mode, it = slsqp_solve(kind, seeds[k], lb, ub, op, opr, lit, n_ops, params, v0, rho,
[36m(CPUDet4Actor pid=3459327)[0m /home/qaragoez/symclf_clean/symclf/examples/4DCartPolerV10/../DET4Fast4D_V10/slsqp_nb.py:993: NumbaWarning: [1m[1m[1mCannot cache compiled function "_lsq" as it uses dynamic globals (such as ctypes pointers and large global arrays)[0m[0m[0m
[36m(CPUDet4Actor pid=3459327)[0m   x, f, mode, it = slsqp_solve(kind, seeds[k], lb, ub, op, opr, lit, n_ops, params, v0, rho,
[36m(CPUDet4Actor pid=3459327)[0m /home/qaragoez/symclf_clean/symclf/examples/4DCartPolerV10/../DET4Fast4D_V10/slsqp_nb.py:993: NumbaWarning: [1m[1mCannot cache compiled function "slsqp_solve" as it uses dynamic globals (such as ctypes pointers and large global arrays)[0m[0m
[36m(CPUDet4Actor pid=3459327)[0m   x, f, mode, it = slsqp_solve(kind, seeds[k], lb, ub, op, opr, lit, n_ops, params, v0, rho,
[36m(CPUDet4Actor pid=3459322)[0m /home/qaragoez/symclf_clean/symclf/examples/4DCartPolerV10/../DET4Fast4D_V10/slsqp_nb.py:993: NumbaWarning: [1m[1m[1m[1m[1m[1m[1mCannot cache compiled function "_nnls" as it uses dynamic globals (such as ctypes pointers and large global arrays)[0m[0m[0m[0m[0m[0m[0m
[36m(CPUDet4Actor pid=3459322)[0m   x, f, mode, it = slsqp_solve(kind, seeds[k], lb, ub, op, opr, lit, n_ops, params, v0, rho,
[36m(CPUDet4Actor pid=3459322)[0m /home/qaragoez/symclf_clean/symclf/examples/4DCartPolerV10/../DET4Fast4D_V10/slsqp_nb.py:993: NumbaWarning: [1m[1m[1m[1m[1m[1mCannot cache compiled function "_ldp" as it uses dynamic globals (such as ctypes pointers and large global arrays)[0m[0m[0m[0m[0m[0m
[36m(CPUDet4Actor pid=3459322)[0m   x, f, mode, it = slsqp_solve(kind, seeds[k], lb, ub, op, opr, lit, n_ops, params, v0, rho,
[36m(CPUDet4Actor pid=3459322)[0m /home/qaragoez/symclf_clean/symclf/examples/4DCartPolerV10/../DET4Fast4D_V10/slsqp_nb.py:993: NumbaWarning: [1m[1m[1m[1m[1mCannot cache compiled function "_lsi" as it uses dynamic globals (such as ctypes pointers and large global arrays)[0m[0m[0m[0m[0m
[36m(CPUDet4Actor pid=3459322)[0m   x, f, mode, it = slsqp_solve(kind, seeds[k], lb, ub, op, opr, lit, n_ops, params, v0, rho,
[36m(CPUDet4Actor pid=3459322)[0m /home/qaragoez/symclf_clean/symclf/examples/4DCartPolerV10/../DET4Fast4D_V10/slsqp_nb.py:993: NumbaWarning: [1m[1m[1m[1mCannot cache compiled function "_lsei" as it uses dynamic globals (such as ctypes pointers and large global arrays)[0m[0m[0m[0m
[36m(CPUDet4Actor pid=3459322)[0m   x, f, mode, it = slsqp_solve(kind, seeds[k], lb, ub, op, opr, lit, n_ops, params, v0, rho,
[36m(CPUDet4Actor pid=3459322)[0m /home/qaragoez/symclf_clean/symclf/examples/4DCartPolerV10/../DET4Fast4D_V10/slsqp_nb.py:993: NumbaWarning: [1m[1m[1mCannot cache compiled function "_lsq" as it uses dynamic globals (such as ctypes pointers and large global arrays)[0m[0m[0m
[36m(CPUDet4Actor pid=3459322)[0m   x, f, mode, it = slsqp_solve(kind, seeds[k], lb, ub, op, opr, lit, n_ops, params, v0, rho,
[36m(CPUDet4Actor pid=3459322)[0m /home/qaragoez/symclf_clean/symclf/examples/4DCartPolerV10/../DET4Fast4D_V10/slsqp_nb.py:993: NumbaWarning: [1m[1mCannot cache compiled function "slsqp_solve" as it uses dynamic globals (such as ctypes pointers and large global arrays)[0m[0m
[36m(CPUDet4Actor pid=3459322)[0m   x, f, mode, it = slsqp_solve(kind, seeds[k], lb, ub, op, opr, lit, n_ops, params, v0, rho,
[36m(CPUDet4Actor pid=3459335)[0m /home/qaragoez/symclf_clean/symclf/examples/4DCartPolerV10/../DET4Fast4D_V10/slsqp_nb.py:993: NumbaWarning: [1m[1m[1m[1m[1m[1m[1mCannot cache compiled function "_nnls" as it uses dynamic globals (such as ctypes pointers and large global arrays)[0m[0m[0m[0m[0m[0m[0m
[36m(CPUDet4Actor pid=3459335)[0m   x, f, mode, it = slsqp_solve(kind, seeds[k], lb, ub, op, opr, lit, n_ops, params, v0, rho,
[36m(CPUDet4Actor pid=3459335)[0m /home/qaragoez/symclf_clean/symclf/examples/4DCartPolerV10/../DET4Fast4D_V10/slsqp_nb.py:993: NumbaWarning: [1m[1m[1m[1m[1m[1mCannot cache compiled function "_ldp" as it uses dynamic globals (such as ctypes pointers and large global arrays)[0m[0m[0m[0m[0m[0m
[36m(CPUDet4Actor pid=3459335)[0m   x, f, mode, it = slsqp_solve(kind, seeds[k], lb, ub, op, opr, lit, n_ops, params, v0, rho,
[36m(CPUDet4Actor pid=3459335)[0m /home/qaragoez/symclf_clean/symclf/examples/4DCartPolerV10/../DET4Fast4D_V10/slsqp_nb.py:993: NumbaWarning: [1m[1m[1m[1m[1mCannot cache compiled function "_lsi" as it uses dynamic globals (such as ctypes pointers and large global arrays)[0m[0m[0m[0m[0m
[36m(CPUDet4Actor pid=3459335)[0m   x, f, mode, it = slsqp_solve(kind, seeds[k], lb, ub, op, opr, lit, n_ops, params, v0, rho,
[36m(CPUDet4Actor pid=3459335)[0m /home/qaragoez/symclf_clean/symclf/examples/4DCartPolerV10/../DET4Fast4D_V10/slsqp_nb.py:993: NumbaWarning: [1m[1m[1m[1mCannot cache compiled function "_lsei" as it uses dynamic globals (such as ctypes pointers and large global arrays)[0m[0m[0m[0m
[36m(CPUDet4Actor pid=3459335)[0m   x, f, mode, it = slsqp_solve(kind, seeds[k], lb, ub, op, opr, lit, n_ops, params, v0, rho,
[36m(CPUDet4Actor pid=3459335)[0m /home/qaragoez/symclf_clean/symclf/examples/4DCartPolerV10/../DET4Fast4D_V10/slsqp_nb.py:993: NumbaWarning: [1m[1m[1mCannot cache compiled function "_lsq" as it uses dynamic globals (such as ctypes pointers and large global arrays)[0m[0m[0m
[36m(CPUDet4Actor pid=3459335)[0m   x, f, mode, it = slsqp_solve(kind, seeds[k], lb, ub, op, opr, lit, n_ops, params, v0, rho,
[36m(CPUDet4Actor pid=3459335)[0m /home/qaragoez/symclf_clean/symclf/examples/4DCartPolerV10/../DET4Fast4D_V10/slsqp_nb.py:993: NumbaWarning: [1m[1mCannot cache compiled function "slsqp_solve" as it uses dynamic globals (such as ctypes pointers and large global arrays)[0m[0m
[36m(CPUDet4Actor pid=3459335)[0m   x, f, mode, it = slsqp_solve(kind, seeds[k], lb, ub, op, opr, lit, n_ops, params, v0, rho,
[36m(CPUDet4Actor pid=3459328)[0m /home/qaragoez/symclf_clean/symclf/examples/4DCartPolerV10/../DET4Fast4D_V10/slsqp_nb.py:993: NumbaWarning: [1m[1m[1m[1m[1m[1m[1mCannot cache compiled function "_nnls" as it uses dynamic globals (such as ctypes pointers and large global arrays)[0m[0m[0m[0m[0m[0m[0m
[36m(CPUDet4Actor pid=3459328)[0m   x, f, mode, it = slsqp_solve(kind, seeds[k], lb, ub, op, opr, lit, n_ops, params, v0, rho,
[36m(CPUDet4Actor pid=3459328)[0m /home/qaragoez/symclf_clean/symclf/examples/4DCartPolerV10/../DET4Fast4D_V10/slsqp_nb.py:993: NumbaWarning: [1m[1m[1m[1m[1m[1mCannot cache compiled function "_ldp" as it uses dynamic globals (such as ctypes pointers and large global arrays)[0m[0m[0m[0m[0m[0m
[36m(CPUDet4Actor pid=3459328)[0m   x, f, mode, it = slsqp_solve(kind, seeds[k], lb, ub, op, opr, lit, n_ops, params, v0, rho,
[36m(CPUDet4Actor pid=3459328)[0m /home/qaragoez/symclf_clean/symclf/examples/4DCartPolerV10/../DET4Fast4D_V10/slsqp_nb.py:993: NumbaWarning: [1m[1m[1m[1m[1mCannot cache compiled function "_lsi" as it uses dynamic globals (such as ctypes pointers and large global arrays)[0m[0m[0m[0m[0m
[36m(CPUDet4Actor pid=3459328)[0m   x, f, mode, it = slsqp_solve(kind, seeds[k], lb, ub, op, opr, lit, n_ops, params, v0, rho,
[36m(CPUDet4Actor pid=3459328)[0m /home/qaragoez/symclf_clean/symclf/examples/4DCartPolerV10/../DET4Fast4D_V10/slsqp_nb.py:993: NumbaWarning: [1m[1m[1m[1mCannot cache compiled function "_lsei" as it uses dynamic globals (such as ctypes pointers and large global arrays)[0m[0m[0m[0m
[36m(CPUDet4Actor pid=3459328)[0m   x, f, mode, it = slsqp_solve(kind, seeds[k], lb, ub, op, opr, lit, n_ops, params, v0, rho,
[36m(CPUDet4Actor pid=3459328)[0m /home/qaragoez/symclf_clean/symclf/examples/4DCartPolerV10/../DET4Fast4D_V10/slsqp_nb.py:993: NumbaWarning: [1m[1m[1mCannot cache compiled function "_lsq" as it uses dynamic globals (such as ctypes pointers and large global arrays)[0m[0m[0m
[36m(CPUDet4Actor pid=3459328)[0m   x, f, mode, it = slsqp_solve(kind, seeds[k], lb, ub, op, opr, lit, n_ops, params, v0, rho,
[36m(CPUDet4Actor pid=3459328)[0m /home/qaragoez/symclf_clean/symclf/examples/4DCartPolerV10/../DET4Fast4D_V10/slsqp_nb.py:993: NumbaWarning: [1m[1mCannot cache compiled function "slsqp_solve" as it uses dynamic globals (such as ctypes pointers and large global arrays)[0m[0m
[36m(CPUDet4Actor pid=3459328)[0m   x, f, mode, it = slsqp_solve(kind, seeds[k], lb, ub, op, opr, lit, n_ops, params, v0, rho,
[36m(CPUDet4Actor pid=3459339)[0m /home/qaragoez/symclf_clean/symclf/examples/4DCartPolerV10/../DET4Fast4D_V10/slsqp_nb.py:993: NumbaWarning: [1m[1m[1m[1m[1m[1m[1mCannot cache compiled function "_nnls" as it uses dynamic globals (such as ctypes pointers and large global arrays)[0m[0m[0m[0m[0m[0m[0m
[36m(CPUDet4Actor pid=3459339)[0m   x, f, mode, it = slsqp_solve(kind, seeds[k], lb, ub, op, opr, lit, n_ops, params, v0, rho,
[36m(CPUDet4Actor pid=3459339)[0m /home/qaragoez/symclf_clean/symclf/examples/4DCartPolerV10/../DET4Fast4D_V10/slsqp_nb.py:993: NumbaWarning: [1m[1m[1m[1m[1m[1mCannot cache compiled function "_ldp" as it uses dynamic globals (such as ctypes pointers and large global arrays)[0m[0m[0m[0m[0m[0m
[36m(CPUDet4Actor pid=3459339)[0m   x, f, mode, it = slsqp_solve(kind, seeds[k], lb, ub, op, opr, lit, n_ops, params, v0, rho,
[36m(CPUDet4Actor pid=3459339)[0m /home/qaragoez/symclf_clean/symclf/examples/4DCartPolerV10/../DET4Fast4D_V10/slsqp_nb.py:993: NumbaWarning: [1m[1m[1m[1m[1mCannot cache compiled function "_lsi" as it uses dynamic globals (such as ctypes pointers and large global arrays)[0m[0m[0m[0m[0m
[36m(CPUDet4Actor pid=3459339)[0m   x, f, mode, it = slsqp_solve(kind, seeds[k], lb, ub, op, opr, lit, n_ops, params, v0, rho,
[36m(CPUDet4Actor pid=3459339)[0m /home/qaragoez/symclf_clean/symclf/examples/4DCartPolerV10/../DET4Fast4D_V10/slsqp_nb.py:993: NumbaWarning: [1m[1m[1m[1mCannot cache compiled function "_lsei" as it uses dynamic globals (such as ctypes pointers and large global arrays)[0m[0m[0m[0m
[36m(CPUDet4Actor pid=3459339)[0m   x, f, mode, it = slsqp_solve(kind, seeds[k], lb, ub, op, opr, lit, n_ops, params, v0, rho,
[36m(CPUDet4Actor pid=3459339)[0m /home/qaragoez/symclf_clean/symclf/examples/4DCartPolerV10/../DET4Fast4D_V10/slsqp_nb.py:993: NumbaWarning: [1m[1m[1mCannot cache compiled function "_lsq" as it uses dynamic globals (such as ctypes pointers and large global arrays)[0m[0m[0m
[36m(CPUDet4Actor pid=3459339)[0m   x, f, mode, it = slsqp_solve(kind, seeds[k], lb, ub, op, opr, lit, n_ops, params, v0, rho,
[36m(CPUDet4Actor pid=3459339)[0m /home/qaragoez/symclf_clean/symclf/examples/4DCartPolerV10/../DET4Fast4D_V10/slsqp_nb.py:993: NumbaWarning: [1m[1mCannot cache compiled function "slsqp_solve" as it uses dynamic globals (such as ctypes pointers and large global arrays)[0m[0m
[36m(CPUDet4Actor pid=3459339)[0m   x, f, mode, it = slsqp_solve(kind, seeds[k], lb, ub, op, opr, lit, n_ops, params, v0, rho,
[36m(CPUDet4Actor pid=3459342)[0m /home/qaragoez/symclf_clean/symclf/examples/4DCartPolerV10/../DET4Fast4D_V10/slsqp_nb.py:993: NumbaWarning: [1m[1m[1m[1m[1m[1m[1mCannot cache compiled function "_nnls" as it uses dynamic globals (such as ctypes pointers and large global arrays)[0m[0m[0m[0m[0m[0m[0m
[36m(CPUDet4Actor pid=3459342)[0m   x, f, mode, it = slsqp_solve(kind, seeds[k], lb, ub, op, opr, lit, n_ops, params, v0, rho,
[36m(CPUDet4Actor pid=3459342)[0m /home/qaragoez/symclf_clean/symclf/examples/4DCartPolerV10/../DET4Fast4D_V10/slsqp_nb.py:993: NumbaWarning: [1m[1m[1m[1m[1m[1mCannot cache compiled function "_ldp" as it uses dynamic globals (such as ctypes pointers and large global arrays)[0m[0m[0m[0m[0m[0m
[36m(CPUDet4Actor pid=3459342)[0m   x, f, mode, it = slsqp_solve(kind, seeds[k], lb, ub, op, opr, lit, n_ops, params, v0, rho,
[36m(CPUDet4Actor pid=3459342)[0m /home/qaragoez/symclf_clean/symclf/examples/4DCartPolerV10/../DET4Fast4D_V10/slsqp_nb.py:993: NumbaWarning: [1m[1m[1m[1m[1mCannot cache compiled function "_lsi" as it uses dynamic globals (such as ctypes pointers and large global arrays)[0m[0m[0m[0m[0m
[36m(CPUDet4Actor pid=3459342)[0m   x, f, mode, it = slsqp_solve(kind, seeds[k], lb, ub, op, opr, lit, n_ops, params, v0, rho,
[36m(CPUDet4Actor pid=3459342)[0m /home/qaragoez/symclf_clean/symclf/examples/4DCartPolerV10/../DET4Fast4D_V10/slsqp_nb.py:993: NumbaWarning: [1m[1m[1m[1mCannot cache compiled function "_lsei" as it uses dynamic globals (such as ctypes pointers and large global arrays)[0m[0m[0m[0m
[36m(CPUDet4Actor pid=3459342)[0m   x, f, mode, it = slsqp_solve(kind, seeds[k], lb, ub, op, opr, lit, n_ops, params, v0, rho,
[36m(CPUDet4Actor pid=3459342)[0m /home/qaragoez/symclf_clean/symclf/examples/4DCartPolerV10/../DET4Fast4D_V10/slsqp_nb.py:993: NumbaWarning: [1m[1m[1mCannot cache compiled function "_lsq" as it uses dynamic globals (such as ctypes pointers and large global arrays)[0m[0m[0m
[36m(CPUDet4Actor pid=3459342)[0m   x, f, mode, it = slsqp_solve(kind, seeds[k], lb, ub, op, opr, lit, n_ops, params, v0, rho,
[36m(CPUDet4Actor pid=3459342)[0m /home/qaragoez/symclf_clean/symclf/examples/4DCartPolerV10/../DET4Fast4D_V10/slsqp_nb.py:993: NumbaWarning: [1m[1mCannot cache compiled function "slsqp_solve" as it uses dynamic globals (such as ctypes pointers and large global arrays)[0m[0m
[36m(CPUDet4Actor pid=3459342)[0m   x, f, mode, it = slsqp_solve(kind, seeds[k], lb, ub, op, opr, lit, n_ops, params, v0, rho,
[36m(CPUDet4Actor pid=3459321)[0m /home/qaragoez/symclf_clean/symclf/examples/4DCartPolerV10/../DET4Fast4D_V10/slsqp_nb.py:993: NumbaWarning: [1m[1m[1m[1m[1m[1m[1mCannot cache compiled function "_nnls" as it uses dynamic globals (such as ctypes pointers and large global arrays)[0m[0m[0m[0m[0m[0m[0m
[36m(CPUDet4Actor pid=3459321)[0m   x, f, mode, it = slsqp_solve(kind, seeds[k], lb, ub, op, opr, lit, n_ops, params, v0, rho,
[36m(CPUDet4Actor pid=3459321)[0m /home/qaragoez/symclf_clean/symclf/examples/4DCartPolerV10/../DET4Fast4D_V10/slsqp_nb.py:993: NumbaWarning: [1m[1m[1m[1m[1m[1mCannot cache compiled function "_ldp" as it uses dynamic globals (such as ctypes pointers and large global arrays)[0m[0m[0m[0m[0m[0m
[36m(CPUDet4Actor pid=3459321)[0m   x, f, mode, it = slsqp_solve(kind, seeds[k], lb, ub, op, opr, lit, n_ops, params, v0, rho,
[36m(CPUDet4Actor pid=3459321)[0m /home/qaragoez/symclf_clean/symclf/examples/4DCartPolerV10/../DET4Fast4D_V10/slsqp_nb.py:993: NumbaWarning: [1m[1m[1m[1m[1mCannot cache compiled function "_lsi" as it uses dynamic globals (such as ctypes pointers and large global arrays)[0m[0m[0m[0m[0m
[36m(CPUDet4Actor pid=3459321)[0m   x, f, mode, it = slsqp_solve(kind, seeds[k], lb, ub, op, opr, lit, n_ops, params, v0, rho,
[36m(CPUDet4Actor pid=3459321)[0m /home/qaragoez/symclf_clean/symclf/examples/4DCartPolerV10/../DET4Fast4D_V10/slsqp_nb.py:993: NumbaWarning: [1m[1m[1m[1mCannot cache compiled function "_lsei" as it uses dynamic globals (such as ctypes pointers and large global arrays)[0m[0m[0m[0m
[36m(CPUDet4Actor pid=3459321)[0m   x, f, mode, it = slsqp_solve(kind, seeds[k], lb, ub, op, opr, lit, n_ops, params, v0, rho,
[36m(CPUDet4Actor pid=3459321)[0m /home/qaragoez/symclf_clean/symclf/examples/4DCartPolerV10/../DET4Fast4D_V10/slsqp_nb.py:993: NumbaWarning: [1m[1m[1mCannot cache compiled function "_lsq" as it uses dynamic globals (such as ctypes pointers and large global arrays)[0m[0m[0m
[36m(CPUDet4Actor pid=3459321)[0m   x, f, mode, it = slsqp_solve(kind, seeds[k], lb, ub, op, opr, lit, n_ops, params, v0, rho,
[36m(CPUDet4Actor pid=3459321)[0m /home/qaragoez/symclf_clean/symclf/examples/4DCartPolerV10/../DET4Fast4D_V10/slsqp_nb.py:993: NumbaWarning: [1m[1mCannot cache compiled function "slsqp_solve" as it uses dynamic globals (such as ctypes pointers and large global arrays)[0m[0m
[36m(CPUDet4Actor pid=3459321)[0m   x, f, mode, it = slsqp_solve(kind, seeds[k], lb, ub, op, opr, lit, n_ops, params, v0, rho,
[36m(CPUDet4Actor pid=3459324)[0m /home/qaragoez/symclf_clean/symclf/examples/4DCartPolerV10/../DET4Fast4D_V10/slsqp_nb.py:993: NumbaWarning: [1m[1m[1m[1m[1m[1m[1mCannot cache compiled function "_nnls" as it uses dynamic globals (such as ctypes pointers and large global arrays)[0m[0m[0m[0m[0m[0m[0m
[36m(CPUDet4Actor pid=3459324)[0m   x, f, mode, it = slsqp_solve(kind, seeds[k], lb, ub, op, opr, lit, n_ops, params, v0, rho,
[36m(CPUDet4Actor pid=3459324)[0m /home/qaragoez/symclf_clean/symclf/examples/4DCartPolerV10/../DET4Fast4D_V10/slsqp_nb.py:993: NumbaWarning: [1m[1m[1m[1m[1m[1mCannot cache compiled function "_ldp" as it uses dynamic globals (such as ctypes pointers and large global arrays)[0m[0m[0m[0m[0m[0m
[36m(CPUDet4Actor pid=3459324)[0m   x, f, mode, it = slsqp_solve(kind, seeds[k], lb, ub, op, opr, lit, n_ops, params, v0, rho,
[36m(CPUDet4Actor pid=3459324)[0m /home/qaragoez/symclf_clean/symclf/examples/4DCartPolerV10/../DET4Fast4D_V10/slsqp_nb.py:993: NumbaWarning: [1m[1m[1m[1m[1mCannot cache compiled function "_lsi" as it uses dynamic globals (such as ctypes pointers and large global arrays)[0m[0m[0m[0m[0m
[36m(CPUDet4Actor pid=3459324)[0m   x, f, mode, it = slsqp_solve(kind, seeds[k], lb, ub, op, opr, lit, n_ops, params, v0, rho,
[36m(CPUDet4Actor pid=3459324)[0m /home/qaragoez/symclf_clean/symclf/examples/4DCartPolerV10/../DET4Fast4D_V10/slsqp_nb.py:993: NumbaWarning: [1m[1m[1m[1mCannot cache compiled function "_lsei" as it uses dynamic globals (such as ctypes pointers and large global arrays)[0m[0m[0m[0m
[36m(CPUDet4Actor pid=3459324)[0m   x, f, mode, it = slsqp_solve(kind, seeds[k], lb, ub, op, opr, lit, n_ops, params, v0, rho,
[36m(CPUDet4Actor pid=3459324)[0m /home/qaragoez/symclf_clean/symclf/examples/4DCartPolerV10/../DET4Fast4D_V10/slsqp_nb.py:993: NumbaWarning: [1m[1m[1mCannot cache compiled function "_lsq" as it uses dynamic globals (such as ctypes pointers and large global arrays)[0m[0m[0m
[36m(CPUDet4Actor pid=3459324)[0m   x, f, mode, it = slsqp_solve(kind, seeds[k], lb, ub, op, opr, lit, n_ops, params, v0, rho,
[36m(CPUDet4Actor pid=3459324)[0m /home/qaragoez/symclf_clean/symclf/examples/4DCartPolerV10/../DET4Fast4D_V10/slsqp_nb.py:993: NumbaWarning: [1m[1mCannot cache compiled function "slsqp_solve" as it uses dynamic globals (such as ctypes pointers and large global arrays)[0m[0m
[36m(CPUDet4Actor pid=3459324)[0m   x, f, mode, it = slsqp_solve(kind, seeds[k], lb, ub, op, opr, lit, n_ops, params, v0, rho,
[36m(CPUDet4Actor pid=3459326)[0m /home/qaragoez/symclf_clean/symclf/examples/4DCartPolerV10/../DET4Fast4D_V10/slsqp_nb.py:993: NumbaWarning: [1m[1m[1m[1m[1m[1m[1mCannot cache compiled function "_nnls" as it uses dynamic globals (such as ctypes pointers and large global arrays)[0m[0m[0m[0m[0m[0m[0m
[36m(CPUDet4Actor pid=3459326)[0m   x, f, mode, it = slsqp_solve(kind, seeds[k], lb, ub, op, opr, lit, n_ops, params, v0, rho,
[36m(CPUDet4Actor pid=3459326)[0m /home/qaragoez/symclf_clean/symclf/examples/4DCartPolerV10/../DET4Fast4D_V10/slsqp_nb.py:993: NumbaWarning: [1m[1m[1m[1m[1m[1mCannot cache compiled function "_ldp" as it uses dynamic globals (such as ctypes pointers and large global arrays)[0m[0m[0m[0m[0m[0m
[36m(CPUDet4Actor pid=3459326)[0m   x, f, mode, it = slsqp_solve(kind, seeds[k], lb, ub, op, opr, lit, n_ops, params, v0, rho,
[36m(CPUDet4Actor pid=3459326)[0m /home/qaragoez/symclf_clean/symclf/examples/4DCartPolerV10/../DET4Fast4D_V10/slsqp_nb.py:993: NumbaWarning: [1m[1m[1m[1m[1mCannot cache compiled function "_lsi" as it uses dynamic globals (such as ctypes pointers and large global arrays)[0m[0m[0m[0m[0m
[36m(CPUDet4Actor pid=3459326)[0m   x, f, mode, it = slsqp_solve(kind, seeds[k], lb, ub, op, opr, lit, n_ops, params, v0, rho,
[36m(CPUDet4Actor pid=3459326)[0m /home/qaragoez/symclf_clean/symclf/examples/4DCartPolerV10/../DET4Fast4D_V10/slsqp_nb.py:993: NumbaWarning: [1m[1m[1m[1mCannot cache compiled function "_lsei" as it uses dynamic globals (such as ctypes pointers and large global arrays)[0m[0m[0m[0m
[36m(CPUDet4Actor pid=3459326)[0m   x, f, mode, it = slsqp_solve(kind, seeds[k], lb, ub, op, opr, lit, n_ops, params, v0, rho,
[36m(CPUDet4Actor pid=3459326)[0m /home/qaragoez/symclf_clean/symclf/examples/4DCartPolerV10/../DET4Fast4D_V10/slsqp_nb.py:993: NumbaWarning: [1m[1m[1mCannot cache compiled function "_lsq" as it uses dynamic globals (such as ctypes pointers and large global arrays)[0m[0m[0m
[36m(CPUDet4Actor pid=3459326)[0m   x, f, mode, it = slsqp_solve(kind, seeds[k], lb, ub, op, opr, lit, n_ops, params, v0, rho,
[36m(CPUDet4Actor pid=3459326)[0m /home/qaragoez/symclf_clean/symclf/examples/4DCartPolerV10/../DET4Fast4D_V10/slsqp_nb.py:993: NumbaWarning: [1m[1mCannot cache compiled function "slsqp_solve" as it uses dynamic globals (such as ctypes pointers and large global arrays)[0m[0m
[36m(CPUDet4Actor pid=3459326)[0m   x, f, mode, it = slsqp_solve(kind, seeds[k], lb, ub, op, opr, lit, n_ops, params, v0, rho,
[36m(CPUDet4Actor pid=3459329)[0m /home/qaragoez/symclf_clean/symclf/examples/4DCartPolerV10/../DET4Fast4D_V10/slsqp_nb.py:993: NumbaWarning: [1m[1m[1m[1m[1m[1m[1mCannot cache compiled function "_nnls" as it uses dynamic globals (such as ctypes pointers and large global arrays)[0m[0m[0m[0m[0m[0m[0m
[36m(CPUDet4Actor pid=3459329)[0m   x, f, mode, it = slsqp_solve(kind, seeds[k], lb, ub, op, opr, lit, n_ops, params, v0, rho,
[36m(CPUDet4Actor pid=3459329)[0m /home/qaragoez/symclf_clean/symclf/examples/4DCartPolerV10/../DET4Fast4D_V10/slsqp_nb.py:993: NumbaWarning: [1m[1m[1m[1m[1m[1mCannot cache compiled function "_ldp" as it uses dynamic globals (such as ctypes pointers and large global arrays)[0m[0m[0m[0m[0m[0m
[36m(CPUDet4Actor pid=3459329)[0m   x, f, mode, it = slsqp_solve(kind, seeds[k], lb, ub, op, opr, lit, n_ops, params, v0, rho,
[36m(CPUDet4Actor pid=3459329)[0m /home/qaragoez/symclf_clean/symclf/examples/4DCartPolerV10/../DET4Fast4D_V10/slsqp_nb.py:993: NumbaWarning: [1m[1m[1m[1m[1mCannot cache compiled function "_lsi" as it uses dynamic globals (such as ctypes pointers and large global arrays)[0m[0m[0m[0m[0m
[36m(CPUDet4Actor pid=3459329)[0m   x, f, mode, it = slsqp_solve(kind, seeds[k], lb, ub, op, opr, lit, n_ops, params, v0, rho,
[36m(CPUDet4Actor pid=3459329)[0m /home/qaragoez/symclf_clean/symclf/examples/4DCartPolerV10/../DET4Fast4D_V10/slsqp_nb.py:993: NumbaWarning: [1m[1m[1m[1mCannot cache compiled function "_lsei" as it uses dynamic globals (such as ctypes pointers and large global arrays)[0m[0m[0m[0m
[36m(CPUDet4Actor pid=3459329)[0m   x, f, mode, it = slsqp_solve(kind, seeds[k], lb, ub, op, opr, lit, n_ops, params, v0, rho,
[36m(CPUDet4Actor pid=3459329)[0m /home/qaragoez/symclf_clean/symclf/examples/4DCartPolerV10/../DET4Fast4D_V10/slsqp_nb.py:993: NumbaWarning: [1m[1m[1mCannot cache compiled function "_lsq" as it uses dynamic globals (such as ctypes pointers and large global arrays)[0m[0m[0m
[36m(CPUDet4Actor pid=3459329)[0m   x, f, mode, it = slsqp_solve(kind, seeds[k], lb, ub, op, opr, lit, n_ops, params, v0, rho,
[36m(CPUDet4Actor pid=3459329)[0m /home/qaragoez/symclf_clean/symclf/examples/4DCartPolerV10/../DET4Fast4D_V10/slsqp_nb.py:993: NumbaWarning: [1m[1mCannot cache compiled function "slsqp_solve" as it uses dynamic globals (such as ctypes pointers and large global arrays)[0m[0m
[36m(CPUDet4Actor pid=3459329)[0m   x, f, mode, it = slsqp_solve(kind, seeds[k], lb, ub, op, opr, lit, n_ops, params, v0, rho,
[36m(CPUDet4Actor pid=3459337)[0m /home/qaragoez/symclf_clean/symclf/examples/4DCartPolerV10/../DET4Fast4D_V10/slsqp_nb.py:993: NumbaWarning: [1m[1m[1m[1m[1m[1m[1mCannot cache compiled function "_nnls" as it uses dynamic globals (such as ctypes pointers and large global arrays)[0m[0m[0m[0m[0m[0m[0m
[36m(CPUDet4Actor pid=3459337)[0m   x, f, mode, it = slsqp_solve(kind, seeds[k], lb, ub, op, opr, lit, n_ops, params, v0, rho,
[36m(CPUDet4Actor pid=3459337)[0m /home/qaragoez/symclf_clean/symclf/examples/4DCartPolerV10/../DET4Fast4D_V10/slsqp_nb.py:993: NumbaWarning: [1m[1m[1m[1m[1m[1mCannot cache compiled function "_ldp" as it uses dynamic globals (such as ctypes pointers and large global arrays)[0m[0m[0m[0m[0m[0m
[36m(CPUDet4Actor pid=3459337)[0m   x, f, mode, it = slsqp_solve(kind, seeds[k], lb, ub, op, opr, lit, n_ops, params, v0, rho,
[36m(CPUDet4Actor pid=3459337)[0m /home/qaragoez/symclf_clean/symclf/examples/4DCartPolerV10/../DET4Fast4D_V10/slsqp_nb.py:993: NumbaWarning: [1m[1m[1m[1m[1mCannot cache compiled function "_lsi" as it uses dynamic globals (such as ctypes pointers and large global arrays)[0m[0m[0m[0m[0m
[36m(CPUDet4Actor pid=3459337)[0m   x, f, mode, it = slsqp_solve(kind, seeds[k], lb, ub, op, opr, lit, n_ops, params, v0, rho,
[36m(CPUDet4Actor pid=3459337)[0m /home/qaragoez/symclf_clean/symclf/examples/4DCartPolerV10/../DET4Fast4D_V10/slsqp_nb.py:993: NumbaWarning: [1m[1m[1m[1mCannot cache compiled function "_lsei" as it uses dynamic globals (such as ctypes pointers and large global arrays)[0m[0m[0m[0m
[36m(CPUDet4Actor pid=3459337)[0m   x, f, mode, it = slsqp_solve(kind, seeds[k], lb, ub, op, opr, lit, n_ops, params, v0, rho,
[36m(CPUDet4Actor pid=3459337)[0m /home/qaragoez/symclf_clean/symclf/examples/4DCartPolerV10/../DET4Fast4D_V10/slsqp_nb.py:993: NumbaWarning: [1m[1m[1mCannot cache compiled function "_lsq" as it uses dynamic globals (such as ctypes pointers and large global arrays)[0m[0m[0m
[36m(CPUDet4Actor pid=3459337)[0m   x, f, mode, it = slsqp_solve(kind, seeds[k], lb, ub, op, opr, lit, n_ops, params, v0, rho,
[36m(CPUDet4Actor pid=3459337)[0m /home/qaragoez/symclf_clean/symclf/examples/4DCartPolerV10/../DET4Fast4D_V10/slsqp_nb.py:993: NumbaWarning: [1m[1mCannot cache compiled function "slsqp_solve" as it uses dynamic globals (such as ctypes pointers and large global arrays)[0m[0m
[36m(CPUDet4Actor pid=3459337)[0m   x, f, mode, it = slsqp_solve(kind, seeds[k], lb, ub, op, opr, lit, n_ops, params, v0, rho,
[36m(CPUDet4Actor pid=3459338)[0m /home/qaragoez/symclf_clean/symclf/examples/4DCartPolerV10/../DET4Fast4D_V10/slsqp_nb.py:993: NumbaWarning: [1m[1m[1m[1m[1m[1m[1mCannot cache compiled function "_nnls" as it uses dynamic globals (such as ctypes pointers and large global arrays)[0m[0m[0m[0m[0m[0m[0m
[36m(CPUDet4Actor pid=3459338)[0m   x, f, mode, it = slsqp_solve(kind, seeds[k], lb, ub, op, opr, lit, n_ops, params, v0, rho,
[36m(CPUDet4Actor pid=3459338)[0m /home/qaragoez/symclf_clean/symclf/examples/4DCartPolerV10/../DET4Fast4D_V10/slsqp_nb.py:993: NumbaWarning: [1m[1m[1m[1m[1m[1mCannot cache compiled function "_ldp" as it uses dynamic globals (such as ctypes pointers and large global arrays)[0m[0m[0m[0m[0m[0m
[36m(CPUDet4Actor pid=3459338)[0m   x, f, mode, it = slsqp_solve(kind, seeds[k], lb, ub, op, opr, lit, n_ops, params, v0, rho,
[36m(CPUDet4Actor pid=3459338)[0m /home/qaragoez/symclf_clean/symclf/examples/4DCartPolerV10/../DET4Fast4D_V10/slsqp_nb.py:993: NumbaWarning: [1m[1m[1m[1m[1mCannot cache compiled function "_lsi" as it uses dynamic globals (such as ctypes pointers and large global arrays)[0m[0m[0m[0m[0m
[36m(CPUDet4Actor pid=3459338)[0m   x, f, mode, it = slsqp_solve(kind, seeds[k], lb, ub, op, opr, lit, n_ops, params, v0, rho,
[36m(CPUDet4Actor pid=3459338)[0m /home/qaragoez/symclf_clean/symclf/examples/4DCartPolerV10/../DET4Fast4D_V10/slsqp_nb.py:993: NumbaWarning: [1m[1m[1m[1mCannot cache compiled function "_lsei" as it uses dynamic globals (such as ctypes pointers and large global arrays)[0m[0m[0m[0m
[36m(CPUDet4Actor pid=3459338)[0m   x, f, mode, it = slsqp_solve(kind, seeds[k], lb, ub, op, opr, lit, n_ops, params, v0, rho,
[36m(CPUDet4Actor pid=3459338)[0m /home/qaragoez/symclf_clean/symclf/examples/4DCartPolerV10/../DET4Fast4D_V10/slsqp_nb.py:993: NumbaWarning: [1m[1m[1mCannot cache compiled function "_lsq" as it uses dynamic globals (such as ctypes pointers and large global arrays)[0m[0m[0m
[36m(CPUDet4Actor pid=3459338)[0m   x, f, mode, it = slsqp_solve(kind, seeds[k], lb, ub, op, opr, lit, n_ops, params, v0, rho,
[36m(CPUDet4Actor pid=3459338)[0m /home/qaragoez/symclf_clean/symclf/examples/4DCartPolerV10/../DET4Fast4D_V10/slsqp_nb.py:993: NumbaWarning: [1m[1mCannot cache compiled function "slsqp_solve" as it uses dynamic globals (such as ctypes pointers and large global arrays)[0m[0m
[36m(CPUDet4Actor pid=3459338)[0m   x, f, mode, it = slsqp_solve(kind, seeds[k], lb, ub, op, opr, lit, n_ops, params, v0, rho,
[36m(CPUDet4Actor pid=3459340)[0m /home/qaragoez/symclf_clean/symclf/examples/4DCartPolerV10/../DET4Fast4D_V10/slsqp_nb.py:993: NumbaWarning: [1m[1m[1m[1m[1m[1m[1mCannot cache compiled function "_nnls" as it uses dynamic globals (such as ctypes pointers and large global arrays)[0m[0m[0m[0m[0m[0m[0m
[36m(CPUDet4Actor pid=3459340)[0m   x, f, mode, it = slsqp_solve(kind, seeds[k], lb, ub, op, opr, lit, n_ops, params, v0, rho,
[36m(CPUDet4Actor pid=3459340)[0m /home/qaragoez/symclf_clean/symclf/examples/4DCartPolerV10/../DET4Fast4D_V10/slsqp_nb.py:993: NumbaWarning: [1m[1m[1m[1m[1m[1mCannot cache compiled function "_ldp" as it uses dynamic globals (such as ctypes pointers and large global arrays)[0m[0m[0m[0m[0m[0m
[36m(CPUDet4Actor pid=3459340)[0m   x, f, mode, it = slsqp_solve(kind, seeds[k], lb, ub, op, opr, lit, n_ops, params, v0, rho,
[36m(CPUDet4Actor pid=3459340)[0m /home/qaragoez/symclf_clean/symclf/examples/4DCartPolerV10/../DET4Fast4D_V10/slsqp_nb.py:993: NumbaWarning: [1m[1m[1m[1m[1mCannot cache compiled function "_lsi" as it uses dynamic globals (such as ctypes pointers and large global arrays)[0m[0m[0m[0m[0m
[36m(CPUDet4Actor pid=3459340)[0m   x, f, mode, it = slsqp_solve(kind, seeds[k], lb, ub, op, opr, lit, n_ops, params, v0, rho,
[36m(CPUDet4Actor pid=3459340)[0m /home/qaragoez/symclf_clean/symclf/examples/4DCartPolerV10/../DET4Fast4D_V10/slsqp_nb.py:993: NumbaWarning: [1m[1m[1m[1mCannot cache compiled function "_lsei" as it uses dynamic globals (such as ctypes pointers and large global arrays)[0m[0m[0m[0m
[36m(CPUDet4Actor pid=3459340)[0m   x, f, mode, it = slsqp_solve(kind, seeds[k], lb, ub, op, opr, lit, n_ops, params, v0, rho,
[36m(CPUDet4Actor pid=3459340)[0m /home/qaragoez/symclf_clean/symclf/examples/4DCartPolerV10/../DET4Fast4D_V10/slsqp_nb.py:993: NumbaWarning: [1m[1m[1mCannot cache compiled function "_lsq" as it uses dynamic globals (such as ctypes pointers and large global arrays)[0m[0m[0m
[36m(CPUDet4Actor pid=3459340)[0m   x, f, mode, it = slsqp_solve(kind, seeds[k], lb, ub, op, opr, lit, n_ops, params, v0, rho,
[36m(CPUDet4Actor pid=3459340)[0m /home/qaragoez/symclf_clean/symclf/examples/4DCartPolerV10/../DET4Fast4D_V10/slsqp_nb.py:993: NumbaWarning: [1m[1mCannot cache compiled function "slsqp_solve" as it uses dynamic globals (such as ctypes pointers and large global arrays)[0m[0m
[36m(CPUDet4Actor pid=3459340)[0m   x, f, mode, it = slsqp_solve(kind, seeds[k], lb, ub, op, opr, lit, n_ops, params, v0, rho,
[36m(CPUDet4Actor pid=3459341)[0m /home/qaragoez/symclf_clean/symclf/examples/4DCartPolerV10/../DET4Fast4D_V10/slsqp_nb.py:993: NumbaWarning: [1m[1m[1m[1m[1m[1m[1mCannot cache compiled function "_nnls" as it uses dynamic globals (such as ctypes pointers and large global arrays)[0m[0m[0m[0m[0m[0m[0m
[36m(CPUDet4Actor pid=3459341)[0m   x, f, mode, it = slsqp_solve(kind, seeds[k], lb, ub, op, opr, lit, n_ops, params, v0, rho,
[36m(CPUDet4Actor pid=3459341)[0m /home/qaragoez/symclf_clean/symclf/examples/4DCartPolerV10/../DET4Fast4D_V10/slsqp_nb.py:993: NumbaWarning: [1m[1m[1m[1m[1m[1mCannot cache compiled function "_ldp" as it uses dynamic globals (such as ctypes pointers and large global arrays)[0m[0m[0m[0m[0m[0m
[36m(CPUDet4Actor pid=3459341)[0m   x, f, mode, it = slsqp_solve(kind, seeds[k], lb, ub, op, opr, lit, n_ops, params, v0, rho,
[36m(CPUDet4Actor pid=3459341)[0m /home/qaragoez/symclf_clean/symclf/examples/4DCartPolerV10/../DET4Fast4D_V10/slsqp_nb.py:993: NumbaWarning: [1m[1m[1m[1m[1mCannot cache compiled function "_lsi" as it uses dynamic globals (such as ctypes pointers and large global arrays)[0m[0m[0m[0m[0m
[36m(CPUDet4Actor pid=3459341)[0m   x, f, mode, it = slsqp_solve(kind, seeds[k], lb, ub, op, opr, lit, n_ops, params, v0, rho,
[36m(CPUDet4Actor pid=3459341)[0m /home/qaragoez/symclf_clean/symclf/examples/4DCartPolerV10/../DET4Fast4D_V10/slsqp_nb.py:993: NumbaWarning: [1m[1m[1m[1mCannot cache compiled function "_lsei" as it uses dynamic globals (such as ctypes pointers and large global arrays)[0m[0m[0m[0m
[36m(CPUDet4Actor pid=3459341)[0m   x, f, mode, it = slsqp_solve(kind, seeds[k], lb, ub, op, opr, lit, n_ops, params, v0, rho,
[36m(CPUDet4Actor pid=3459341)[0m /home/qaragoez/symclf_clean/symclf/examples/4DCartPolerV10/../DET4Fast4D_V10/slsqp_nb.py:993: NumbaWarning: [1m[1m[1mCannot cache compiled function "_lsq" as it uses dynamic globals (such as ctypes pointers and large global arrays)[0m[0m[0m
[36m(CPUDet4Actor pid=3459341)[0m   x, f, mode, it = slsqp_solve(kind, seeds[k], lb, ub, op, opr, lit, n_ops, params, v0, rho,
[36m(CPUDet4Actor pid=3459341)[0m /home/qaragoez/symclf_clean/symclf/examples/4DCartPolerV10/../DET4Fast4D_V10/slsqp_nb.py:993: NumbaWarning: [1m[1mCannot cache compiled function "slsqp_solve" as it uses dynamic globals (such as ctypes pointers and large global arrays)[0m[0m
[36m(CPUDet4Actor pid=3459341)[0m   x, f, mode, it = slsqp_solve(kind, seeds[k], lb, ub, op, opr, lit, n_ops, params, v0, rho,
[36m(CPUDet4Actor pid=3459330)[0m /home/qaragoez/symclf_clean/symclf/examples/4DCartPolerV10/../DET4Fast4D_V10/slsqp_nb.py:993: NumbaWarning: [1m[1m[1m[1m[1m[1m[1mCannot cache compiled function "_nnls" as it uses dynamic globals (such as ctypes pointers and large global arrays)[0m[0m[0m[0m[0m[0m[0m
[36m(CPUDet4Actor pid=3459330)[0m   x, f, mode, it = slsqp_solve(kind, seeds[k], lb, ub, op, opr, lit, n_ops, params, v0, rho,
[36m(CPUDet4Actor pid=3459330)[0m /home/qaragoez/symclf_clean/symclf/examples/4DCartPolerV10/../DET4Fast4D_V10/slsqp_nb.py:993: NumbaWarning: [1m[1m[1m[1m[1m[1mCannot cache compiled function "_ldp" as it uses dynamic globals (such as ctypes pointers and large global arrays)[0m[0m[0m[0m[0m[0m
[36m(CPUDet4Actor pid=3459330)[0m   x, f, mode, it = slsqp_solve(kind, seeds[k], lb, ub, op, opr, lit, n_ops, params, v0, rho,
[36m(CPUDet4Actor pid=3459330)[0m /home/qaragoez/symclf_clean/symclf/examples/4DCartPolerV10/../DET4Fast4D_V10/slsqp_nb.py:993: NumbaWarning: [1m[1m[1m[1m[1mCannot cache compiled function "_lsi" as it uses dynamic globals (such as ctypes pointers and large global arrays)[0m[0m[0m[0m[0m
[36m(CPUDet4Actor pid=3459330)[0m   x, f, mode, it = slsqp_solve(kind, seeds[k], lb, ub, op, opr, lit, n_ops, params, v0, rho,
[36m(CPUDet4Actor pid=3459330)[0m /home/qaragoez/symclf_clean/symclf/examples/4DCartPolerV10/../DET4Fast4D_V10/slsqp_nb.py:993: NumbaWarning: [1m[1m[1m[1mCannot cache compiled function "_lsei" as it uses dynamic globals (such as ctypes pointers and large global arrays)[0m[0m[0m[0m
[36m(CPUDet4Actor pid=3459330)[0m   x, f, mode, it = slsqp_solve(kind, seeds[k], lb, ub, op, opr, lit, n_ops, params, v0, rho,
[36m(CPUDet4Actor pid=3459330)[0m /home/qaragoez/symclf_clean/symclf/examples/4DCartPolerV10/../DET4Fast4D_V10/slsqp_nb.py:993: NumbaWarning: [1m[1m[1mCannot cache compiled function "_lsq" as it uses dynamic globals (such as ctypes pointers and large global arrays)[0m[0m[0m
[36m(CPUDet4Actor pid=3459330)[0m   x, f, mode, it = slsqp_solve(kind, seeds[k], lb, ub, op, opr, lit, n_ops, params, v0, rho,
[36m(CPUDet4Actor pid=3459330)[0m /home/qaragoez/symclf_clean/symclf/examples/4DCartPolerV10/../DET4Fast4D_V10/slsqp_nb.py:993: NumbaWarning: [1m[1mCannot cache compiled function "slsqp_solve" as it uses dynamic globals (such as ctypes pointers and large global arrays)[0m[0m
[36m(CPUDet4Actor pid=3459330)[0m   x, f, mode, it = slsqp_solve(kind, seeds[k], lb, ub, op, opr, lit, n_ops, params, v0, rho,
[36m(CPUDet4Actor pid=3459323)[0m /home/qaragoez/symclf_clean/symclf/examples/4DCartPolerV10/../DET4Fast4D_V10/slsqp_nb.py:993: NumbaWarning: [1m[1m[1m[1m[1m[1m[1mCannot cache compiled function "_nnls" as it uses dynamic globals (such as ctypes pointers and large global arrays)[0m[0m[0m[0m[0m[0m[0m
[36m(CPUDet4Actor pid=3459323)[0m   x, f, mode, it = slsqp_solve(kind, seeds[k], lb, ub, op, opr, lit, n_ops, params, v0, rho,
[36m(CPUDet4Actor pid=3459323)[0m /home/qaragoez/symclf_clean/symclf/examples/4DCartPolerV10/../DET4Fast4D_V10/slsqp_nb.py:993: NumbaWarning: [1m[1m[1m[1m[1m[1mCannot cache compiled function "_ldp" as it uses dynamic globals (such as ctypes pointers and large global arrays)[0m[0m[0m[0m[0m[0m
[36m(CPUDet4Actor pid=3459323)[0m   x, f, mode, it = slsqp_solve(kind, seeds[k], lb, ub, op, opr, lit, n_ops, params, v0, rho,
[36m(CPUDet4Actor pid=3459323)[0m /home/qaragoez/symclf_clean/symclf/examples/4DCartPolerV10/../DET4Fast4D_V10/slsqp_nb.py:993: NumbaWarning: [1m[1m[1m[1m[1mCannot cache compiled function "_lsi" as it uses dynamic globals (such as ctypes pointers and large global arrays)[0m[0m[0m[0m[0m
[36m(CPUDet4Actor pid=3459323)[0m   x, f, mode, it = slsqp_solve(kind, seeds[k], lb, ub, op, opr, lit, n_ops, params, v0, rho,
[36m(CPUDet4Actor pid=3459323)[0m /home/qaragoez/symclf_clean/symclf/examples/4DCartPolerV10/../DET4Fast4D_V10/slsqp_nb.py:993: NumbaWarning: [1m[1m[1m[1mCannot cache compiled function "_lsei" as it uses dynamic globals (such as ctypes pointers and large global arrays)[0m[0m[0m[0m
[36m(CPUDet4Actor pid=3459323)[0m   x, f, mode, it = slsqp_solve(kind, seeds[k], lb, ub, op, opr, lit, n_ops, params, v0, rho,
[36m(CPUDet4Actor pid=3459323)[0m /home/qaragoez/symclf_clean/symclf/examples/4DCartPolerV10/../DET4Fast4D_V10/slsqp_nb.py:993: NumbaWarning: [1m[1m[1mCannot cache compiled function "_lsq" as it uses dynamic globals (such as ctypes pointers and large global arrays)[0m[0m[0m
[36m(CPUDet4Actor pid=3459323)[0m   x, f, mode, it = slsqp_solve(kind, seeds[k], lb, ub, op, opr, lit, n_ops, params, v0, rho,
[36m(CPUDet4Actor pid=3459323)[0m /home/qaragoez/symclf_clean/symclf/examples/4DCartPolerV10/../DET4Fast4D_V10/slsqp_nb.py:993: NumbaWarning: [1m[1mCannot cache compiled function "slsqp_solve" as it uses dynamic globals (such as ctypes pointers and large global arrays)[0m[0m
[36m(CPUDet4Actor pid=3459323)[0m   x, f, mode, it = slsqp_solve(kind, seeds[k], lb, ub, op, opr, lit, n_ops, params, v0, rho,
[36m(CPUDet4Actor pid=3459325)[0m /home/qaragoez/symclf_clean/symclf/examples/4DCartPolerV10/../DET4Fast4D_V10/slsqp_nb.py:984: NumbaWarning: [1mCannot cache compiled function "slsqp_many" as it uses dynamic globals (such as ctypes pointers and large global arrays)[0m
[36m(CPUDet4Actor pid=3459325)[0m   @njit(cache=True, parallel=True)
[36m(CPUDet4Actor pid=3459327)[0m /home/qaragoez/symclf_clean/symclf/examples/4DCartPolerV10/../DET4Fast4D_V10/slsqp_nb.py:984: NumbaWarning: [1mCannot cache compiled function "slsqp_many" as it uses dynamic globals (such as ctypes pointers and large global arrays)[0m
[36m(CPUDet4Actor pid=3459327)[0m   @njit(cache=True, parallel=True)
[36m(CPUDet4Actor pid=3459331)[0m /home/qaragoez/symclf_clean/symclf/examples/4DCartPolerV10/../DET4Fast4D_V10/slsqp_nb.py:984: NumbaWarning: [1mCannot cache compiled function "slsqp_many" as it uses dynamic globals (such as ctypes pointers and large global arrays)[0m
[36m(CPUDet4Actor pid=3459331)[0m   @njit(cache=True, parallel=True)
[36m(CPUDet4Actor pid=3459322)[0m /home/qaragoez/symclf_clean/symclf/examples/4DCartPolerV10/../DET4Fast4D_V10/slsqp_nb.py:984: NumbaWarning: [1mCannot cache compiled function "slsqp_many" as it uses dynamic globals (such as ctypes pointers and large global arrays)[0m
[36m(CPUDet4Actor pid=3459322)[0m   @njit(cache=True, parallel=True)
[36m(CPUDet4Actor pid=3459335)[0m /home/qaragoez/symclf_clean/symclf/examples/4DCartPolerV10/../DET4Fast4D_V10/slsqp_nb.py:984: NumbaWarning: [1mCannot cache compiled function "slsqp_many" as it uses dynamic globals (such as ctypes pointers and large global arrays)[0m
[36m(CPUDet4Actor pid=3459335)[0m   @njit(cache=True, parallel=True)
[36m(CPUDet4Actor pid=3459342)[0m /home/qaragoez/symclf_clean/symclf/examples/4DCartPolerV10/../DET4Fast4D_V10/slsqp_nb.py:984: NumbaWarning: [1mCannot cache compiled function "slsqp_many" as it uses dynamic globals (such as ctypes pointers and large global arrays)[0m
[36m(CPUDet4Actor pid=3459342)[0m   @njit(cache=True, parallel=True)
[36m(CPUDet4Actor pid=3459326)[0m /home/qaragoez/symclf_clean/symclf/examples/4DCartPolerV10/../DET4Fast4D_V10/slsqp_nb.py:984: NumbaWarning: [1mCannot cache compiled function "slsqp_many" as it uses dynamic globals (such as ctypes pointers and large global arrays)[0m
[36m(CPUDet4Actor pid=3459326)[0m   @njit(cache=True, parallel=True)
[36m(CPUDet4Actor pid=3459328)[0m /home/qaragoez/symclf_clean/symclf/examples/4DCartPolerV10/../DET4Fast4D_V10/slsqp_nb.py:984: NumbaWarning: [1mCannot cache compiled function "slsqp_many" as it uses dynamic globals (such as ctypes pointers and large global arrays)[0m
[36m(CPUDet4Actor pid=3459328)[0m   @njit(cache=True, parallel=True)
[36m(CPUDet4Actor pid=3459329)[0m /home/qaragoez/symclf_clean/symclf/examples/4DCartPolerV10/../DET4Fast4D_V10/slsqp_nb.py:984: NumbaWarning: [1mCannot cache compiled function "slsqp_many" as it uses dynamic globals (such as ctypes pointers and large global arrays)[0m
[36m(CPUDet4Actor pid=3459329)[0m   @njit(cache=True, parallel=True)
[36m(CPUDet4Actor pid=3459339)[0m /home/qaragoez/symclf_clean/symclf/examples/4DCartPolerV10/../DET4Fast4D_V10/slsqp_nb.py:984: NumbaWarning: [1mCannot cache compiled function "slsqp_many" as it uses dynamic globals (such as ctypes pointers and large global arrays)[0m
[36m(CPUDet4Actor pid=3459339)[0m   @njit(cache=True, parallel=True)
[36m(CPUDet4Actor pid=3459321)[0m /home/qaragoez/symclf_clean/symclf/examples/4DCartPolerV10/../DET4Fast4D_V10/slsqp_nb.py:984: NumbaWarning: [1mCannot cache compiled function "slsqp_many" as it uses dynamic globals (such as ctypes pointers and large global arrays)[0m
[36m(CPUDet4Actor pid=3459321)[0m   @njit(cache=True, parallel=True)
[36m(CPUDet4Actor pid=3459324)[0m /home/qaragoez/symclf_clean/symclf/examples/4DCartPolerV10/../DET4Fast4D_V10/slsqp_nb.py:984: NumbaWarning: [1mCannot cache compiled function "slsqp_many" as it uses dynamic globals (such as ctypes pointers and large global arrays)[0m
[36m(CPUDet4Actor pid=3459324)[0m   @njit(cache=True, parallel=True)
[36m(CPUDet4Actor pid=3459337)[0m /home/qaragoez/symclf_clean/symclf/examples/4DCartPolerV10/../DET4Fast4D_V10/slsqp_nb.py:984: NumbaWarning: [1mCannot cache compiled function "slsqp_many" as it uses dynamic globals (such as ctypes pointers and large global arrays)[0m
[36m(CPUDet4Actor pid=3459337)[0m   @njit(cache=True, parallel=True)
[36m(CPUDet4Actor pid=3459338)[0m /home/qaragoez/symclf_clean/symclf/examples/4DCartPolerV10/../DET4Fast4D_V10/slsqp_nb.py:984: NumbaWarning: [1mCannot cache compiled function "slsqp_many" as it uses dynamic globals (such as ctypes pointers and large global arrays)[0m
[36m(CPUDet4Actor pid=3459338)[0m   @njit(cache=True, parallel=True)
[36m(CPUDet4Actor pid=3459341)[0m /home/qaragoez/symclf_clean/symclf/examples/4DCartPolerV10/../DET4Fast4D_V10/slsqp_nb.py:984: NumbaWarning: [1mCannot cache compiled function "slsqp_many" as it uses dynamic globals (such as ctypes pointers and large global arrays)[0m
[36m(CPUDet4Actor pid=3459341)[0m   @njit(cache=True, parallel=True)
[36m(CPUDet4Actor pid=3459330)[0m /home/qaragoez/symclf_clean/symclf/examples/4DCartPolerV10/../DET4Fast4D_V10/slsqp_nb.py:984: NumbaWarning: [1mCannot cache compiled function "slsqp_many" as it uses dynamic globals (such as ctypes pointers and large global arrays)[0m
[36m(CPUDet4Actor pid=3459330)[0m   @njit(cache=True, parallel=True)
[36m(CPUDet4Actor pid=3459323)[0m /home/qaragoez/symclf_clean/symclf/examples/4DCartPolerV10/../DET4Fast4D_V10/slsqp_nb.py:984: NumbaWarning: [1mCannot cache compiled function "slsqp_many" as it uses dynamic globals (such as ctypes pointers and large global arrays)[0m
[36m(CPUDet4Actor pid=3459323)[0m   @njit(cache=True, parallel=True)
[36m(CPUDet4Actor pid=3459340)[0m /home/qaragoez/symclf_clean/symclf/examples/4DCartPolerV10/../DET4Fast4D_V10/slsqp_nb.py:984: NumbaWarning: [1mCannot cache compiled function "slsqp_many" as it uses dynamic globals (such as ctypes pointers and large global arrays)[0m
[36m(CPUDet4Actor pid=3459340)[0m   @njit(cache=True, parallel=True)
[36m(GPUFitnessActor pid=3456076)[0m /home/qaragoez/symclf_clean/symclf/examples/4DCartPolerV10/../DET4Fast4D_V10/slsqp_nb.py:993: NumbaWarning: [1m[1m[1m[1m[1m[1m[1mCannot cache compiled function "_nnls" as it uses dynamic globals (such as ctypes pointers and large global arrays)[0m[0m[0m[0m[0m[0m[0m
[36m(GPUFitnessActor pid=3456076)[0m   x, f, mode, it = slsqp_solve(kind, seeds[k], lb, ub, op, opr, lit, n_ops, params, v0, rho,
[36m(GPUFitnessActor pid=3456076)[0m /home/qaragoez/symclf_clean/symclf/examples/4DCartPolerV10/../DET4Fast4D_V10/slsqp_nb.py:993: NumbaWarning: [1m[1m[1m[1m[1m[1mCannot cache compiled function "_ldp" as it uses dynamic globals (such as ctypes pointers and large global arrays)[0m[0m[0m[0m[0m[0m
[36m(GPUFitnessActor pid=3456076)[0m   x, f, mode, it = slsqp_solve(kind, seeds[k], lb, ub, op, opr, lit, n_ops, params, v0, rho,
[36m(GPUFitnessActor pid=3456076)[0m /home/qaragoez/symclf_clean/symclf/examples/4DCartPolerV10/../DET4Fast4D_V10/slsqp_nb.py:993: NumbaWarning: [1m[1m[1m[1m[1mCannot cache compiled function "_lsi" as it uses dynamic globals (such as ctypes pointers and large global arrays)[0m[0m[0m[0m[0m
[36m(GPUFitnessActor pid=3456076)[0m   x, f, mode, it = slsqp_solve(kind, seeds[k], lb, ub, op, opr, lit, n_ops, params, v0, rho,
[36m(GPUFitnessActor pid=3456076)[0m /home/qaragoez/symclf_clean/symclf/examples/4DCartPolerV10/../DET4Fast4D_V10/slsqp_nb.py:993: NumbaWarning: [1m[1m[1m[1mCannot cache compiled function "_lsei" as it uses dynamic globals (such as ctypes pointers and large global arrays)[0m[0m[0m[0m
[36m(GPUFitnessActor pid=3456076)[0m   x, f, mode, it = slsqp_solve(kind, seeds[k], lb, ub, op, opr, lit, n_ops, params, v0, rho,
[36m(GPUFitnessActor pid=3456076)[0m /home/qaragoez/symclf_clean/symclf/examples/4DCartPolerV10/../DET4Fast4D_V10/slsqp_nb.py:993: NumbaWarning: [1m[1m[1mCannot cache compiled function "_lsq" as it uses dynamic globals (such as ctypes pointers and large global arrays)[0m[0m[0m
[36m(GPUFitnessActor pid=3456076)[0m   x, f, mode, it = slsqp_solve(kind, seeds[k], lb, ub, op, opr, lit, n_ops, params, v0, rho,
[36m(GPUFitnessActor pid=3456076)[0m /home/qaragoez/symclf_clean/symclf/examples/4DCartPolerV10/../DET4Fast4D_V10/slsqp_nb.py:993: NumbaWarning: [1m[1mCannot cache compiled function "slsqp_solve" as it uses dynamic globals (such as ctypes pointers and large global arrays)[0m[0m
[36m(GPUFitnessActor pid=3456076)[0m   x, f, mode, it = slsqp_solve(kind, seeds[k], lb, ub, op, opr, lit, n_ops, params, v0, rho,
[36m(GPUFitnessActor pid=3456071)[0m /home/qaragoez/symclf_clean/symclf/examples/4DCartPolerV10/../DET4Fast4D_V10/slsqp_nb.py:993: NumbaWarning: [1m[1m[1m[1m[1m[1m[1mCannot cache compiled function "_nnls" as it uses dynamic globals (such as ctypes pointers and large global arrays)[0m[0m[0m[0m[0m[0m[0m
[36m(GPUFitnessActor pid=3456071)[0m   x, f, mode, it = slsqp_solve(kind, seeds[k], lb, ub, op, opr, lit, n_ops, params, v0, rho,
[36m(GPUFitnessActor pid=3456071)[0m /home/qaragoez/symclf_clean/symclf/examples/4DCartPolerV10/../DET4Fast4D_V10/slsqp_nb.py:993: NumbaWarning: [1m[1m[1m[1m[1m[1mCannot cache compiled function "_ldp" as it uses dynamic globals (such as ctypes pointers and large global arrays)[0m[0m[0m[0m[0m[0m
[36m(GPUFitnessActor pid=3456071)[0m   x, f, mode, it = slsqp_solve(kind, seeds[k], lb, ub, op, opr, lit, n_ops, params, v0, rho,
[36m(GPUFitnessActor pid=3456071)[0m /home/qaragoez/symclf_clean/symclf/examples/4DCartPolerV10/../DET4Fast4D_V10/slsqp_nb.py:993: NumbaWarning: [1m[1m[1m[1m[1mCannot cache compiled function "_lsi" as it uses dynamic globals (such as ctypes pointers and large global arrays)[0m[0m[0m[0m[0m
[36m(GPUFitnessActor pid=3456071)[0m   x, f, mode, it = slsqp_solve(kind, seeds[k], lb, ub, op, opr, lit, n_ops, params, v0, rho,
[36m(GPUFitnessActor pid=3456071)[0m /home/qaragoez/symclf_clean/symclf/examples/4DCartPolerV10/../DET4Fast4D_V10/slsqp_nb.py:993: NumbaWarning: [1m[1m[1m[1mCannot cache compiled function "_lsei" as it uses dynamic globals (such as ctypes pointers and large global arrays)[0m[0m[0m[0m
[36m(GPUFitnessActor pid=3456071)[0m   x, f, mode, it = slsqp_solve(kind, seeds[k], lb, ub, op, opr, lit, n_ops, params, v0, rho,
[36m(GPUFitnessActor pid=3456071)[0m /home/qaragoez/symclf_clean/symclf/examples/4DCartPolerV10/../DET4Fast4D_V10/slsqp_nb.py:993: NumbaWarning: [1m[1m[1mCannot cache compiled function "_lsq" as it uses dynamic globals (such as ctypes pointers and large global arrays)[0m[0m[0m
[36m(GPUFitnessActor pid=3456071)[0m   x, f, mode, it = slsqp_solve(kind, seeds[k], lb, ub, op, opr, lit, n_ops, params, v0, rho,
[36m(GPUFitnessActor pid=3456071)[0m /home/qaragoez/symclf_clean/symclf/examples/4DCartPolerV10/../DET4Fast4D_V10/slsqp_nb.py:993: NumbaWarning: [1m[1mCannot cache compiled function "slsqp_solve" as it uses dynamic globals (such as ctypes pointers and large global arrays)[0m[0m
[36m(GPUFitnessActor pid=3456071)[0m   x, f, mode, it = slsqp_solve(kind, seeds[k], lb, ub, op, opr, lit, n_ops, params, v0, rho,
[36m(GPUFitnessActor pid=3456074)[0m /home/qaragoez/symclf_clean/symclf/examples/4DCartPolerV10/../DET4Fast4D_V10/slsqp_nb.py:993: NumbaWarning: [1m[1m[1m[1m[1m[1m[1mCannot cache compiled function "_nnls" as it uses dynamic globals (such as ctypes pointers and large global arrays)[0m[0m[0m[0m[0m[0m[0m
[36m(GPUFitnessActor pid=3456074)[0m   x, f, mode, it = slsqp_solve(kind, seeds[k], lb, ub, op, opr, lit, n_ops, params, v0, rho,
[36m(GPUFitnessActor pid=3456074)[0m /home/qaragoez/symclf_clean/symclf/examples/4DCartPolerV10/../DET4Fast4D_V10/slsqp_nb.py:993: NumbaWarning: [1m[1m[1m[1m[1m[1mCannot cache compiled function "_ldp" as it uses dynamic globals (such as ctypes pointers and large global arrays)[0m[0m[0m[0m[0m[0m
[36m(GPUFitnessActor pid=3456074)[0m   x, f, mode, it = slsqp_solve(kind, seeds[k], lb, ub, op, opr, lit, n_ops, params, v0, rho,
[36m(GPUFitnessActor pid=3456074)[0m /home/qaragoez/symclf_clean/symclf/examples/4DCartPolerV10/../DET4Fast4D_V10/slsqp_nb.py:993: NumbaWarning: [1m[1m[1m[1m[1mCannot cache compiled function "_lsi" as it uses dynamic globals (such as ctypes pointers and large global arrays)[0m[0m[0m[0m[0m
[36m(GPUFitnessActor pid=3456074)[0m   x, f, mode, it = slsqp_solve(kind, seeds[k], lb, ub, op, opr, lit, n_ops, params, v0, rho,
[36m(GPUFitnessActor pid=3456074)[0m /home/qaragoez/symclf_clean/symclf/examples/4DCartPolerV10/../DET4Fast4D_V10/slsqp_nb.py:993: NumbaWarning: [1m[1m[1m[1mCannot cache compiled function "_lsei" as it uses dynamic globals (such as ctypes pointers and large global arrays)[0m[0m[0m[0m
[36m(GPUFitnessActor pid=3456074)[0m   x, f, mode, it = slsqp_solve(kind, seeds[k], lb, ub, op, opr, lit, n_ops, params, v0, rho,
[36m(GPUFitnessActor pid=3456074)[0m /home/qaragoez/symclf_clean/symclf/examples/4DCartPolerV10/../DET4Fast4D_V10/slsqp_nb.py:993: NumbaWarning: [1m[1m[1mCannot cache compiled function "_lsq" as it uses dynamic globals (such as ctypes pointers and large global arrays)[0m[0m[0m
[36m(GPUFitnessActor pid=3456074)[0m   x, f, mode, it = slsqp_solve(kind, seeds[k], lb, ub, op, opr, lit, n_ops, params, v0, rho,
[36m(GPUFitnessActor pid=3456074)[0m /home/qaragoez/symclf_clean/symclf/examples/4DCartPolerV10/../DET4Fast4D_V10/slsqp_nb.py:993: NumbaWarning: [1m[1mCannot cache compiled function "slsqp_solve" as it uses dynamic globals (such as ctypes pointers and large global arrays)[0m[0m
[36m(GPUFitnessActor pid=3456074)[0m   x, f, mode, it = slsqp_solve(kind, seeds[k], lb, ub, op, opr, lit, n_ops, params, v0, rho,
[36m(GPUFitnessActor pid=3456073)[0m /home/qaragoez/symclf_clean/symclf/examples/4DCartPolerV10/../DET4Fast4D_V10/slsqp_nb.py:993: NumbaWarning: [1m[1m[1m[1m[1m[1m[1mCannot cache compiled function "_nnls" as it uses dynamic globals (such as ctypes pointers and large global arrays)[0m[0m[0m[0m[0m[0m[0m
[36m(GPUFitnessActor pid=3456073)[0m   x, f, mode, it = slsqp_solve(kind, seeds[k], lb, ub, op, opr, lit, n_ops, params, v0, rho,
[36m(GPUFitnessActor pid=3456073)[0m /home/qaragoez/symclf_clean/symclf/examples/4DCartPolerV10/../DET4Fast4D_V10/slsqp_nb.py:993: NumbaWarning: [1m[1m[1m[1m[1m[1mCannot cache compiled function "_ldp" as it uses dynamic globals (such as ctypes pointers and large global arrays)[0m[0m[0m[0m[0m[0m
[36m(GPUFitnessActor pid=3456073)[0m   x, f, mode, it = slsqp_solve(kind, seeds[k], lb, ub, op, opr, lit, n_ops, params, v0, rho,
[36m(GPUFitnessActor pid=3456073)[0m /home/qaragoez/symclf_clean/symclf/examples/4DCartPolerV10/../DET4Fast4D_V10/slsqp_nb.py:993: NumbaWarning: [1m[1m[1m[1m[1mCannot cache compiled function "_lsi" as it uses dynamic globals (such as ctypes pointers and large global arrays)[0m[0m[0m[0m[0m
[36m(GPUFitnessActor pid=3456073)[0m   x, f, mode, it = slsqp_solve(kind, seeds[k], lb, ub, op, opr, lit, n_ops, params, v0, rho,
[36m(GPUFitnessActor pid=3456073)[0m /home/qaragoez/symclf_clean/symclf/examples/4DCartPolerV10/../DET4Fast4D_V10/slsqp_nb.py:993: NumbaWarning: [1m[1m[1m[1mCannot cache compiled function "_lsei" as it uses dynamic globals (such as ctypes pointers and large global arrays)[0m[0m[0m[0m
[36m(GPUFitnessActor pid=3456073)[0m   x, f, mode, it = slsqp_solve(kind, seeds[k], lb, ub, op, opr, lit, n_ops, params, v0, rho,
[36m(GPUFitnessActor pid=3456073)[0m /home/qaragoez/symclf_clean/symclf/examples/4DCartPolerV10/../DET4Fast4D_V10/slsqp_nb.py:993: NumbaWarning: [1m[1m[1mCannot cache compiled function "_lsq" as it uses dynamic globals (such as ctypes pointers and large global arrays)[0m[0m[0m
[36m(GPUFitnessActor pid=3456073)[0m   x, f, mode, it = slsqp_solve(kind, seeds[k], lb, ub, op, opr, lit, n_ops, params, v0, rho,
[36m(GPUFitnessActor pid=3456073)[0m /home/qaragoez/symclf_clean/symclf/examples/4DCartPolerV10/../DET4Fast4D_V10/slsqp_nb.py:993: NumbaWarning: [1m[1mCannot cache compiled function "slsqp_solve" as it uses dynamic globals (such as ctypes pointers and large global arrays)[0m[0m
[36m(GPUFitnessActor pid=3456073)[0m   x, f, mode, it = slsqp_solve(kind, seeds[k], lb, ub, op, opr, lit, n_ops, params, v0, rho,
[36m(GPUFitnessActor pid=3456078)[0m /home/qaragoez/symclf_clean/symclf/examples/4DCartPolerV10/../DET4Fast4D_V10/slsqp_nb.py:993: NumbaWarning: [1m[1m[1m[1m[1m[1m[1mCannot cache compiled function "_nnls" as it uses dynamic globals (such as ctypes pointers and large global arrays)[0m[0m[0m[0m[0m[0m[0m
[36m(GPUFitnessActor pid=3456078)[0m   x, f, mode, it = slsqp_solve(kind, seeds[k], lb, ub, op, opr, lit, n_ops, params, v0, rho,
[36m(GPUFitnessActor pid=3456078)[0m /home/qaragoez/symclf_clean/symclf/examples/4DCartPolerV10/../DET4Fast4D_V10/slsqp_nb.py:993: NumbaWarning: [1m[1m[1m[1m[1m[1mCannot cache compiled function "_ldp" as it uses dynamic globals (such as ctypes pointers and large global arrays)[0m[0m[0m[0m[0m[0m
[36m(GPUFitnessActor pid=3456078)[0m   x, f, mode, it = slsqp_solve(kind, seeds[k], lb, ub, op, opr, lit, n_ops, params, v0, rho,
[36m(GPUFitnessActor pid=3456078)[0m /home/qaragoez/symclf_clean/symclf/examples/4DCartPolerV10/../DET4Fast4D_V10/slsqp_nb.py:993: NumbaWarning: [1m[1m[1m[1m[1mCannot cache compiled function "_lsi" as it uses dynamic globals (such as ctypes pointers and large global arrays)[0m[0m[0m[0m[0m
[36m(GPUFitnessActor pid=3456078)[0m   x, f, mode, it = slsqp_solve(kind, seeds[k], lb, ub, op, opr, lit, n_ops, params, v0, rho,
[36m(GPUFitnessActor pid=3456078)[0m /home/qaragoez/symclf_clean/symclf/examples/4DCartPolerV10/../DET4Fast4D_V10/slsqp_nb.py:993: NumbaWarning: [1m[1m[1m[1mCannot cache compiled function "_lsei" as it uses dynamic globals (such as ctypes pointers and large global arrays)[0m[0m[0m[0m
[36m(GPUFitnessActor pid=3456078)[0m   x, f, mode, it = slsqp_solve(kind, seeds[k], lb, ub, op, opr, lit, n_ops, params, v0, rho,
[36m(GPUFitnessActor pid=3456078)[0m /home/qaragoez/symclf_clean/symclf/examples/4DCartPolerV10/../DET4Fast4D_V10/slsqp_nb.py:993: NumbaWarning: [1m[1m[1mCannot cache compiled function "_lsq" as it uses dynamic globals (such as ctypes pointers and large global arrays)[0m[0m[0m
[36m(GPUFitnessActor pid=3456078)[0m   x, f, mode, it = slsqp_solve(kind, seeds[k], lb, ub, op, opr, lit, n_ops, params, v0, rho,
[36m(GPUFitnessActor pid=3456078)[0m /home/qaragoez/symclf_clean/symclf/examples/4DCartPolerV10/../DET4Fast4D_V10/slsqp_nb.py:993: NumbaWarning: [1m[1mCannot cache compiled function "slsqp_solve" as it uses dynamic globals (such as ctypes pointers and large global arrays)[0m[0m
[36m(GPUFitnessActor pid=3456078)[0m   x, f, mode, it = slsqp_solve(kind, seeds[k], lb, ub, op, opr, lit, n_ops, params, v0, rho,
[36m(GPUFitnessActor pid=3456072)[0m /home/qaragoez/symclf_clean/symclf/examples/4DCartPolerV10/../DET4Fast4D_V10/slsqp_nb.py:993: NumbaWarning: [1m[1m[1m[1m[1m[1m[1mCannot cache compiled function "_nnls" as it uses dynamic globals (such as ctypes pointers and large global arrays)[0m[0m[0m[0m[0m[0m[0m
[36m(GPUFitnessActor pid=3456072)[0m   x, f, mode, it = slsqp_solve(kind, seeds[k], lb, ub, op, opr, lit, n_ops, params, v0, rho,
[36m(GPUFitnessActor pid=3456072)[0m /home/qaragoez/symclf_clean/symclf/examples/4DCartPolerV10/../DET4Fast4D_V10/slsqp_nb.py:993: NumbaWarning: [1m[1m[1m[1m[1m[1mCannot cache compiled function "_ldp" as it uses dynamic globals (such as ctypes pointers and large global arrays)[0m[0m[0m[0m[0m[0m
[36m(GPUFitnessActor pid=3456072)[0m   x, f, mode, it = slsqp_solve(kind, seeds[k], lb, ub, op, opr, lit, n_ops, params, v0, rho,
[36m(GPUFitnessActor pid=3456072)[0m /home/qaragoez/symclf_clean/symclf/examples/4DCartPolerV10/../DET4Fast4D_V10/slsqp_nb.py:993: NumbaWarning: [1m[1m[1m[1m[1mCannot cache compiled function "_lsi" as it uses dynamic globals (such as ctypes pointers and large global arrays)[0m[0m[0m[0m[0m
[36m(GPUFitnessActor pid=3456072)[0m   x, f, mode, it = slsqp_solve(kind, seeds[k], lb, ub, op, opr, lit, n_ops, params, v0, rho,
[36m(GPUFitnessActor pid=3456072)[0m /home/qaragoez/symclf_clean/symclf/examples/4DCartPolerV10/../DET4Fast4D_V10/slsqp_nb.py:993: NumbaWarning: [1m[1m[1m[1mCannot cache compiled function "_lsei" as it uses dynamic globals (such as ctypes pointers and large global arrays)[0m[0m[0m[0m
[36m(GPUFitnessActor pid=3456072)[0m   x, f, mode, it = slsqp_solve(kind, seeds[k], lb, ub, op, opr, lit, n_ops, params, v0, rho,
[36m(GPUFitnessActor pid=3456072)[0m /home/qaragoez/symclf_clean/symclf/examples/4DCartPolerV10/../DET4Fast4D_V10/slsqp_nb.py:993: NumbaWarning: [1m[1m[1mCannot cache compiled function "_lsq" as it uses dynamic globals (such as ctypes pointers and large global arrays)[0m[0m[0m
[36m(GPUFitnessActor pid=3456072)[0m   x, f, mode, it = slsqp_solve(kind, seeds[k], lb, ub, op, opr, lit, n_ops, params, v0, rho,
[36m(GPUFitnessActor pid=3456072)[0m /home/qaragoez/symclf_clean/symclf/examples/4DCartPolerV10/../DET4Fast4D_V10/slsqp_nb.py:993: NumbaWarning: [1m[1mCannot cache compiled function "slsqp_solve" as it uses dynamic globals (such as ctypes pointers and large global arrays)[0m[0m
[36m(GPUFitnessActor pid=3456072)[0m   x, f, mode, it = slsqp_solve(kind, seeds[k], lb, ub, op, opr, lit, n_ops, params, v0, rho,
[36m(GPUFitnessActor pid=3456075)[0m /home/qaragoez/symclf_clean/symclf/examples/4DCartPolerV10/../DET4Fast4D_V10/slsqp_nb.py:993: NumbaWarning: [1m[1m[1m[1m[1m[1m[1mCannot cache compiled function "_nnls" as it uses dynamic globals (such as ctypes pointers and large global arrays)[0m[0m[0m[0m[0m[0m[0m
[36m(GPUFitnessActor pid=3456075)[0m   x, f, mode, it = slsqp_solve(kind, seeds[k], lb, ub, op, opr, lit, n_ops, params, v0, rho,
[36m(GPUFitnessActor pid=3456075)[0m /home/qaragoez/symclf_clean/symclf/examples/4DCartPolerV10/../DET4Fast4D_V10/slsqp_nb.py:993: NumbaWarning: [1m[1m[1m[1m[1m[1mCannot cache compiled function "_ldp" as it uses dynamic globals (such as ctypes pointers and large global arrays)[0m[0m[0m[0m[0m[0m
[36m(GPUFitnessActor pid=3456075)[0m   x, f, mode, it = slsqp_solve(kind, seeds[k], lb, ub, op, opr, lit, n_ops, params, v0, rho,
[36m(GPUFitnessActor pid=3456075)[0m /home/qaragoez/symclf_clean/symclf/examples/4DCartPolerV10/../DET4Fast4D_V10/slsqp_nb.py:993: NumbaWarning: [1m[1m[1m[1m[1mCannot cache compiled function "_lsi" as it uses dynamic globals (such as ctypes pointers and large global arrays)[0m[0m[0m[0m[0m
[36m(GPUFitnessActor pid=3456075)[0m   x, f, mode, it = slsqp_solve(kind, seeds[k], lb, ub, op, opr, lit, n_ops, params, v0, rho,
[36m(GPUFitnessActor pid=3456075)[0m /home/qaragoez/symclf_clean/symclf/examples/4DCartPolerV10/../DET4Fast4D_V10/slsqp_nb.py:993: NumbaWarning: [1m[1m[1m[1mCannot cache compiled function "_lsei" as it uses dynamic globals (such as ctypes pointers and large global arrays)[0m[0m[0m[0m
[36m(GPUFitnessActor pid=3456075)[0m   x, f, mode, it = slsqp_solve(kind, seeds[k], lb, ub, op, opr, lit, n_ops, params, v0, rho,
[36m(GPUFitnessActor pid=3456075)[0m /home/qaragoez/symclf_clean/symclf/examples/4DCartPolerV10/../DET4Fast4D_V10/slsqp_nb.py:993: NumbaWarning: [1m[1m[1mCannot cache compiled function "_lsq" as it uses dynamic globals (such as ctypes pointers and large global arrays)[0m[0m[0m
[36m(GPUFitnessActor pid=3456075)[0m   x, f, mode, it = slsqp_solve(kind, seeds[k], lb, ub, op, opr, lit, n_ops, params, v0, rho,
[36m(GPUFitnessActor pid=3456075)[0m /home/qaragoez/symclf_clean/symclf/examples/4DCartPolerV10/../DET4Fast4D_V10/slsqp_nb.py:993: NumbaWarning: [1m[1mCannot cache compiled function "slsqp_solve" as it uses dynamic globals (such as ctypes pointers and large global arrays)[0m[0m
[36m(GPUFitnessActor pid=3456075)[0m   x, f, mode, it = slsqp_solve(kind, seeds[k], lb, ub, op, opr, lit, n_ops, params, v0, rho,
[36m(GPUFitnessActor pid=3456076)[0m /home/qaragoez/symclf_clean/symclf/examples/4DCartPolerV10/../DET4Fast4D_V10/slsqp_nb.py:984: NumbaWarning: [1mCannot cache compiled function "slsqp_many" as it uses dynamic globals (such as ctypes pointers and large global arrays)[0m
[36m(GPUFitnessActor pid=3456076)[0m   @njit(cache=True, parallel=True)
[36m(GPUFitnessActor pid=3456074)[0m /home/qaragoez/symclf_clean/symclf/examples/4DCartPolerV10/../DET4Fast4D_V10/slsqp_nb.py:984: NumbaWarning: [1mCannot cache compiled function "slsqp_many" as it uses dynamic globals (such as ctypes pointers and large global arrays)[0m
[36m(GPUFitnessActor pid=3456074)[0m   @njit(cache=True, parallel=True)
[36m(GPUFitnessActor pid=3456071)[0m /home/qaragoez/symclf_clean/symclf/examples/4DCartPolerV10/../DET4Fast4D_V10/slsqp_nb.py:984: NumbaWarning: [1mCannot cache compiled function "slsqp_many" as it uses dynamic globals (such as ctypes pointers and large global arrays)[0m
[36m(GPUFitnessActor pid=3456071)[0m   @njit(cache=True, parallel=True)
[36m(GPUFitnessActor pid=3456078)[0m /home/qaragoez/symclf_clean/symclf/examples/4DCartPolerV10/../DET4Fast4D_V10/slsqp_nb.py:984: NumbaWarning: [1mCannot cache compiled function "slsqp_many" as it uses dynamic globals (such as ctypes pointers and large global arrays)[0m
[36m(GPUFitnessActor pid=3456078)[0m   @njit(cache=True, parallel=True)
[36m(GPUFitnessActor pid=3456072)[0m /home/qaragoez/symclf_clean/symclf/examples/4DCartPolerV10/../DET4Fast4D_V10/slsqp_nb.py:984: NumbaWarning: [1mCannot cache compiled function "slsqp_many" as it uses dynamic globals (such as ctypes pointers and large global arrays)[0m
[36m(GPUFitnessActor pid=3456072)[0m   @njit(cache=True, parallel=True)
[36m(GPUFitnessActor pid=3456073)[0m /home/qaragoez/symclf_clean/symclf/examples/4DCartPolerV10/../DET4Fast4D_V10/slsqp_nb.py:984: NumbaWarning: [1mCannot cache compiled function "slsqp_many" as it uses dynamic globals (such as ctypes pointers and large global arrays)[0m
[36m(GPUFitnessActor pid=3456073)[0m   @njit(cache=True, parallel=True)
[36m(GPUFitnessActor pid=3456075)[0m /home/qaragoez/symclf_clean/symclf/examples/4DCartPolerV10/../DET4Fast4D_V10/slsqp_nb.py:984: NumbaWarning: [1mCannot cache compiled function "slsqp_many" as it uses dynamic globals (such as ctypes pointers and large global arrays)[0m
[36m(GPUFitnessActor pid=3456075)[0m   @njit(cache=True, parallel=True)
[36m(GPUFitnessActor pid=3655943, ip=10.10.2.2)[0m /home/qaragoez/symclf_clean/symclf/examples/4DCartPolerV10/../DET4Fast4D_V10/slsqp_nb.py:993: NumbaWarning: [1m[1m[1m[1m[1m[1m[1mCannot cache compiled function "_nnls" as it uses dynamic globals (such as ctypes pointers and large global arrays)[0m[0m[0m[0m[0m[0m[0m
[36m(GPUFitnessActor pid=3655943, ip=10.10.2.2)[0m   x, f, mode, it = slsqp_solve(kind, seeds[k], lb, ub, op, opr, lit, n_ops, params, v0, rho,
[36m(GPUFitnessActor pid=3655943, ip=10.10.2.2)[0m /home/qaragoez/symclf_clean/symclf/examples/4DCartPolerV10/../DET4Fast4D_V10/slsqp_nb.py:993: NumbaWarning: [1m[1m[1m[1m[1m[1mCannot cache compiled function "_ldp" as it uses dynamic globals (such as ctypes pointers and large global arrays)[0m[0m[0m[0m[0m[0m
[36m(GPUFitnessActor pid=3655943, ip=10.10.2.2)[0m   x, f, mode, it = slsqp_solve(kind, seeds[k], lb, ub, op, opr, lit, n_ops, params, v0, rho,
[36m(GPUFitnessActor pid=3655943, ip=10.10.2.2)[0m /home/qaragoez/symclf_clean/symclf/examples/4DCartPolerV10/../DET4Fast4D_V10/slsqp_nb.py:993: NumbaWarning: [1m[1m[1m[1m[1mCannot cache compiled function "_lsi" as it uses dynamic globals (such as ctypes pointers and large global arrays)[0m[0m[0m[0m[0m
[36m(GPUFitnessActor pid=3655943, ip=10.10.2.2)[0m   x, f, mode, it = slsqp_solve(kind, seeds[k], lb, ub, op, opr, lit, n_ops, params, v0, rho,
[36m(GPUFitnessActor pid=3655943, ip=10.10.2.2)[0m /home/qaragoez/symclf_clean/symclf/examples/4DCartPolerV10/../DET4Fast4D_V10/slsqp_nb.py:993: NumbaWarning: [1m[1m[1m[1mCannot cache compiled function "_lsei" as it uses dynamic globals (such as ctypes pointers and large global arrays)[0m[0m[0m[0m
[36m(GPUFitnessActor pid=3655943, ip=10.10.2.2)[0m   x, f, mode, it = slsqp_solve(kind, seeds[k], lb, ub, op, opr, lit, n_ops, params, v0, rho,
[36m(GPUFitnessActor pid=3655943, ip=10.10.2.2)[0m /home/qaragoez/symclf_clean/symclf/examples/4DCartPolerV10/../DET4Fast4D_V10/slsqp_nb.py:993: NumbaWarning: [1m[1m[1mCannot cache compiled function "_lsq" as it uses dynamic globals (such as ctypes pointers and large global arrays)[0m[0m[0m
[36m(GPUFitnessActor pid=3655943, ip=10.10.2.2)[0m   x, f, mode, it = slsqp_solve(kind, seeds[k], lb, ub, op, opr, lit, n_ops, params, v0, rho,
[36m(GPUFitnessActor pid=3655943, ip=10.10.2.2)[0m /home/qaragoez/symclf_clean/symclf/examples/4DCartPolerV10/../DET4Fast4D_V10/slsqp_nb.py:993: NumbaWarning: [1m[1mCannot cache compiled function "slsqp_solve" as it uses dynamic globals (such as ctypes pointers and large global arrays)[0m[0m
[36m(GPUFitnessActor pid=3655943, ip=10.10.2.2)[0m   x, f, mode, it = slsqp_solve(kind, seeds[k], lb, ub, op, opr, lit, n_ops, params, v0, rho,
[36m(GPUFitnessActor pid=3655941, ip=10.10.2.2)[0m /home/qaragoez/symclf_clean/symclf/examples/4DCartPolerV10/../DET4Fast4D_V10/slsqp_nb.py:993: NumbaWarning: [1m[1m[1m[1m[1m[1m[1mCannot cache compiled function "_nnls" as it uses dynamic globals (such as ctypes pointers and large global arrays)[0m[0m[0m[0m[0m[0m[0m
[36m(GPUFitnessActor pid=3655941, ip=10.10.2.2)[0m   x, f, mode, it = slsqp_solve(kind, seeds[k], lb, ub, op, opr, lit, n_ops, params, v0, rho,
[36m(GPUFitnessActor pid=3655941, ip=10.10.2.2)[0m /home/qaragoez/symclf_clean/symclf/examples/4DCartPolerV10/../DET4Fast4D_V10/slsqp_nb.py:993: NumbaWarning: [1m[1m[1m[1m[1m[1mCannot cache compiled function "_ldp" as it uses dynamic globals (such as ctypes pointers and large global arrays)[0m[0m[0m[0m[0m[0m
[36m(GPUFitnessActor pid=3655941, ip=10.10.2.2)[0m   x, f, mode, it = slsqp_solve(kind, seeds[k], lb, ub, op, opr, lit, n_ops, params, v0, rho,
[36m(GPUFitnessActor pid=3655941, ip=10.10.2.2)[0m /home/qaragoez/symclf_clean/symclf/examples/4DCartPolerV10/../DET4Fast4D_V10/slsqp_nb.py:993: NumbaWarning: [1m[1m[1m[1m[1mCannot cache compiled function "_lsi" as it uses dynamic globals (such as ctypes pointers and large global arrays)[0m[0m[0m[0m[0m
[36m(GPUFitnessActor pid=3655941, ip=10.10.2.2)[0m   x, f, mode, it = slsqp_solve(kind, seeds[k], lb, ub, op, opr, lit, n_ops, params, v0, rho,
[36m(GPUFitnessActor pid=3655941, ip=10.10.2.2)[0m /home/qaragoez/symclf_clean/symclf/examples/4DCartPolerV10/../DET4Fast4D_V10/slsqp_nb.py:993: NumbaWarning: [1m[1m[1m[1mCannot cache compiled function "_lsei" as it uses dynamic globals (such as ctypes pointers and large global arrays)[0m[0m[0m[0m
[36m(GPUFitnessActor pid=3655941, ip=10.10.2.2)[0m   x, f, mode, it = slsqp_solve(kind, seeds[k], lb, ub, op, opr, lit, n_ops, params, v0, rho,
[36m(GPUFitnessActor pid=3655941, ip=10.10.2.2)[0m /home/qaragoez/symclf_clean/symclf/examples/4DCartPolerV10/../DET4Fast4D_V10/slsqp_nb.py:993: NumbaWarning: [1m[1m[1mCannot cache compiled function "_lsq" as it uses dynamic globals (such as ctypes pointers and large global arrays)[0m[0m[0m
[36m(GPUFitnessActor pid=3655941, ip=10.10.2.2)[0m   x, f, mode, it = slsqp_solve(kind, seeds[k], lb, ub, op, opr, lit, n_ops, params, v0, rho,
[36m(GPUFitnessActor pid=3655941, ip=10.10.2.2)[0m /home/qaragoez/symclf_clean/symclf/examples/4DCartPolerV10/../DET4Fast4D_V10/slsqp_nb.py:993: NumbaWarning: [1m[1mCannot cache compiled function "slsqp_solve" as it uses dynamic globals (such as ctypes pointers and large global arrays)[0m[0m
[36m(GPUFitnessActor pid=3655941, ip=10.10.2.2)[0m   x, f, mode, it = slsqp_solve(kind, seeds[k], lb, ub, op, opr, lit, n_ops, params, v0, rho,
[36m(GPUFitnessActor pid=3655945, ip=10.10.2.2)[0m /home/qaragoez/symclf_clean/symclf/examples/4DCartPolerV10/../DET4Fast4D_V10/slsqp_nb.py:993: NumbaWarning: [1m[1m[1m[1m[1m[1m[1mCannot cache compiled function "_nnls" as it uses dynamic globals (such as ctypes pointers and large global arrays)[0m[0m[0m[0m[0m[0m[0m
[36m(GPUFitnessActor pid=3655945, ip=10.10.2.2)[0m   x, f, mode, it = slsqp_solve(kind, seeds[k], lb, ub, op, opr, lit, n_ops, params, v0, rho,
[36m(GPUFitnessActor pid=3655945, ip=10.10.2.2)[0m /home/qaragoez/symclf_clean/symclf/examples/4DCartPolerV10/../DET4Fast4D_V10/slsqp_nb.py:993: NumbaWarning: [1m[1m[1m[1m[1m[1mCannot cache compiled function "_ldp" as it uses dynamic globals (such as ctypes pointers and large global arrays)[0m[0m[0m[0m[0m[0m
[36m(GPUFitnessActor pid=3655945, ip=10.10.2.2)[0m   x, f, mode, it = slsqp_solve(kind, seeds[k], lb, ub, op, opr, lit, n_ops, params, v0, rho,
[36m(GPUFitnessActor pid=3655945, ip=10.10.2.2)[0m /home/qaragoez/symclf_clean/symclf/examples/4DCartPolerV10/../DET4Fast4D_V10/slsqp_nb.py:993: NumbaWarning: [1m[1m[1m[1m[1mCannot cache compiled function "_lsi" as it uses dynamic globals (such as ctypes pointers and large global arrays)[0m[0m[0m[0m[0m
[36m(GPUFitnessActor pid=3655945, ip=10.10.2.2)[0m   x, f, mode, it = slsqp_solve(kind, seeds[k], lb, ub, op, opr, lit, n_ops, params, v0, rho,
[36m(GPUFitnessActor pid=3655945, ip=10.10.2.2)[0m /home/qaragoez/symclf_clean/symclf/examples/4DCartPolerV10/../DET4Fast4D_V10/slsqp_nb.py:993: NumbaWarning: [1m[1m[1m[1mCannot cache compiled function "_lsei" as it uses dynamic globals (such as ctypes pointers and large global arrays)[0m[0m[0m[0m
[36m(GPUFitnessActor pid=3655945, ip=10.10.2.2)[0m   x, f, mode, it = slsqp_solve(kind, seeds[k], lb, ub, op, opr, lit, n_ops, params, v0, rho,
[36m(GPUFitnessActor pid=3655945, ip=10.10.2.2)[0m /home/qaragoez/symclf_clean/symclf/examples/4DCartPolerV10/../DET4Fast4D_V10/slsqp_nb.py:993: NumbaWarning: [1m[1m[1mCannot cache compiled function "_lsq" as it uses dynamic globals (such as ctypes pointers and large global arrays)[0m[0m[0m
[36m(GPUFitnessActor pid=3655945, ip=10.10.2.2)[0m   x, f, mode, it = slsqp_solve(kind, seeds[k], lb, ub, op, opr, lit, n_ops, params, v0, rho,
[36m(GPUFitnessActor pid=3655945, ip=10.10.2.2)[0m /home/qaragoez/symclf_clean/symclf/examples/4DCartPolerV10/../DET4Fast4D_V10/slsqp_nb.py:993: NumbaWarning: [1m[1mCannot cache compiled function "slsqp_solve" as it uses dynamic globals (such as ctypes pointers and large global arrays)[0m[0m
[36m(GPUFitnessActor pid=3655945, ip=10.10.2.2)[0m   x, f, mode, it = slsqp_solve(kind, seeds[k], lb, ub, op, opr, lit, n_ops, params, v0, rho,
[36m(GPUFitnessActor pid=3655942, ip=10.10.2.2)[0m /home/qaragoez/symclf_clean/symclf/examples/4DCartPolerV10/../DET4Fast4D_V10/slsqp_nb.py:993: NumbaWarning: [1m[1m[1m[1m[1m[1m[1mCannot cache compiled function "_nnls" as it uses dynamic globals (such as ctypes pointers and large global arrays)[0m[0m[0m[0m[0m[0m[0m
[36m(GPUFitnessActor pid=3655942, ip=10.10.2.2)[0m   x, f, mode, it = slsqp_solve(kind, seeds[k], lb, ub, op, opr, lit, n_ops, params, v0, rho,
[36m(GPUFitnessActor pid=3655942, ip=10.10.2.2)[0m /home/qaragoez/symclf_clean/symclf/examples/4DCartPolerV10/../DET4Fast4D_V10/slsqp_nb.py:993: NumbaWarning: [1m[1m[1m[1m[1m[1mCannot cache compiled function "_ldp" as it uses dynamic globals (such as ctypes pointers and large global arrays)[0m[0m[0m[0m[0m[0m
[36m(GPUFitnessActor pid=3655942, ip=10.10.2.2)[0m   x, f, mode, it = slsqp_solve(kind, seeds[k], lb, ub, op, opr, lit, n_ops, params, v0, rho,
[36m(GPUFitnessActor pid=3655942, ip=10.10.2.2)[0m /home/qaragoez/symclf_clean/symclf/examples/4DCartPolerV10/../DET4Fast4D_V10/slsqp_nb.py:993: NumbaWarning: [1m[1m[1m[1m[1mCannot cache compiled function "_lsi" as it uses dynamic globals (such as ctypes pointers and large global arrays)[0m[0m[0m[0m[0m
[36m(GPUFitnessActor pid=3655942, ip=10.10.2.2)[0m   x, f, mode, it = slsqp_solve(kind, seeds[k], lb, ub, op, opr, lit, n_ops, params, v0, rho,
[36m(GPUFitnessActor pid=3655942, ip=10.10.2.2)[0m /home/qaragoez/symclf_clean/symclf/examples/4DCartPolerV10/../DET4Fast4D_V10/slsqp_nb.py:993: NumbaWarning: [1m[1m[1m[1mCannot cache compiled function "_lsei" as it uses dynamic globals (such as ctypes pointers and large global arrays)[0m[0m[0m[0m
[36m(GPUFitnessActor pid=3655942, ip=10.10.2.2)[0m   x, f, mode, it = slsqp_solve(kind, seeds[k], lb, ub, op, opr, lit, n_ops, params, v0, rho,
[36m(GPUFitnessActor pid=3655942, ip=10.10.2.2)[0m /home/qaragoez/symclf_clean/symclf/examples/4DCartPolerV10/../DET4Fast4D_V10/slsqp_nb.py:993: NumbaWarning: [1m[1m[1mCannot cache compiled function "_lsq" as it uses dynamic globals (such as ctypes pointers and large global arrays)[0m[0m[0m
[36m(GPUFitnessActor pid=3655942, ip=10.10.2.2)[0m   x, f, mode, it = slsqp_solve(kind, seeds[k], lb, ub, op, opr, lit, n_ops, params, v0, rho,
[36m(GPUFitnessActor pid=3655942, ip=10.10.2.2)[0m /home/qaragoez/symclf_clean/symclf/examples/4DCartPolerV10/../DET4Fast4D_V10/slsqp_nb.py:993: NumbaWarning: [1m[1mCannot cache compiled function "slsqp_solve" as it uses dynamic globals (such as ctypes pointers and large global arrays)[0m[0m
[36m(GPUFitnessActor pid=3655942, ip=10.10.2.2)[0m   x, f, mode, it = slsqp_solve(kind, seeds[k], lb, ub, op, opr, lit, n_ops, params, v0, rho,
[36m(GPUFitnessActor pid=3655944, ip=10.10.2.2)[0m /home/qaragoez/symclf_clean/symclf/examples/4DCartPolerV10/../DET4Fast4D_V10/slsqp_nb.py:993: NumbaWarning: [1m[1m[1m[1m[1m[1m[1mCannot cache compiled function "_nnls" as it uses dynamic globals (such as ctypes pointers and large global arrays)[0m[0m[0m[0m[0m[0m[0m
[36m(GPUFitnessActor pid=3655944, ip=10.10.2.2)[0m   x, f, mode, it = slsqp_solve(kind, seeds[k], lb, ub, op, opr, lit, n_ops, params, v0, rho,
[36m(GPUFitnessActor pid=3655944, ip=10.10.2.2)[0m /home/qaragoez/symclf_clean/symclf/examples/4DCartPolerV10/../DET4Fast4D_V10/slsqp_nb.py:993: NumbaWarning: [1m[1m[1m[1m[1m[1mCannot cache compiled function "_ldp" as it uses dynamic globals (such as ctypes pointers and large global arrays)[0m[0m[0m[0m[0m[0m
[36m(GPUFitnessActor pid=3655944, ip=10.10.2.2)[0m   x, f, mode, it = slsqp_solve(kind, seeds[k], lb, ub, op, opr, lit, n_ops, params, v0, rho,
[36m(GPUFitnessActor pid=3655944, ip=10.10.2.2)[0m /home/qaragoez/symclf_clean/symclf/examples/4DCartPolerV10/../DET4Fast4D_V10/slsqp_nb.py:993: NumbaWarning: [1m[1m[1m[1m[1mCannot cache compiled function "_lsi" as it uses dynamic globals (such as ctypes pointers and large global arrays)[0m[0m[0m[0m[0m
[36m(GPUFitnessActor pid=3655944, ip=10.10.2.2)[0m   x, f, mode, it = slsqp_solve(kind, seeds[k], lb, ub, op, opr, lit, n_ops, params, v0, rho,
[36m(GPUFitnessActor pid=3655944, ip=10.10.2.2)[0m /home/qaragoez/symclf_clean/symclf/examples/4DCartPolerV10/../DET4Fast4D_V10/slsqp_nb.py:993: NumbaWarning: [1m[1m[1m[1mCannot cache compiled function "_lsei" as it uses dynamic globals (such as ctypes pointers and large global arrays)[0m[0m[0m[0m
[36m(GPUFitnessActor pid=3655944, ip=10.10.2.2)[0m   x, f, mode, it = slsqp_solve(kind, seeds[k], lb, ub, op, opr, lit, n_ops, params, v0, rho,
[36m(GPUFitnessActor pid=3655944, ip=10.10.2.2)[0m /home/qaragoez/symclf_clean/symclf/examples/4DCartPolerV10/../DET4Fast4D_V10/slsqp_nb.py:993: NumbaWarning: [1m[1m[1mCannot cache compiled function "_lsq" as it uses dynamic globals (such as ctypes pointers and large global arrays)[0m[0m[0m
[36m(GPUFitnessActor pid=3655944, ip=10.10.2.2)[0m   x, f, mode, it = slsqp_solve(kind, seeds[k], lb, ub, op, opr, lit, n_ops, params, v0, rho,
[36m(GPUFitnessActor pid=3655944, ip=10.10.2.2)[0m /home/qaragoez/symclf_clean/symclf/examples/4DCartPolerV10/../DET4Fast4D_V10/slsqp_nb.py:993: NumbaWarning: [1m[1mCannot cache compiled function "slsqp_solve" as it uses dynamic globals (such as ctypes pointers and large global arrays)[0m[0m
[36m(GPUFitnessActor pid=3655944, ip=10.10.2.2)[0m   x, f, mode, it = slsqp_solve(kind, seeds[k], lb, ub, op, opr, lit, n_ops, params, v0, rho,
[36m(GPUFitnessActor pid=3456077)[0m /home/qaragoez/symclf_clean/symclf/examples/4DCartPolerV10/../DET4Fast4D_V10/slsqp_nb.py:993: NumbaWarning: [1m[1m[1m[1m[1m[1m[1mCannot cache compiled function "_nnls" as it uses dynamic globals (such as ctypes pointers and large global arrays)[0m[0m[0m[0m[0m[0m[0m
[36m(GPUFitnessActor pid=3456077)[0m   x, f, mode, it = slsqp_solve(kind, seeds[k], lb, ub, op, opr, lit, n_ops, params, v0, rho,
[36m(GPUFitnessActor pid=3456077)[0m /home/qaragoez/symclf_clean/symclf/examples/4DCartPolerV10/../DET4Fast4D_V10/slsqp_nb.py:993: NumbaWarning: [1m[1m[1m[1m[1m[1mCannot cache compiled function "_ldp" as it uses dynamic globals (such as ctypes pointers and large global arrays)[0m[0m[0m[0m[0m[0m
[36m(GPUFitnessActor pid=3456077)[0m   x, f, mode, it = slsqp_solve(kind, seeds[k], lb, ub, op, opr, lit, n_ops, params, v0, rho,
[36m(GPUFitnessActor pid=3456077)[0m /home/qaragoez/symclf_clean/symclf/examples/4DCartPolerV10/../DET4Fast4D_V10/slsqp_nb.py:993: NumbaWarning: [1m[1m[1m[1m[1mCannot cache compiled function "_lsi" as it uses dynamic globals (such as ctypes pointers and large global arrays)[0m[0m[0m[0m[0m
[36m(GPUFitnessActor pid=3456077)[0m   x, f, mode, it = slsqp_solve(kind, seeds[k], lb, ub, op, opr, lit, n_ops, params, v0, rho,
[36m(GPUFitnessActor pid=3456077)[0m /home/qaragoez/symclf_clean/symclf/examples/4DCartPolerV10/../DET4Fast4D_V10/slsqp_nb.py:993: NumbaWarning: [1m[1m[1m[1mCannot cache compiled function "_lsei" as it uses dynamic globals (such as ctypes pointers and large global arrays)[0m[0m[0m[0m
[36m(GPUFitnessActor pid=3456077)[0m   x, f, mode, it = slsqp_solve(kind, seeds[k], lb, ub, op, opr, lit, n_ops, params, v0, rho,
[36m(GPUFitnessActor pid=3456077)[0m /home/qaragoez/symclf_clean/symclf/examples/4DCartPolerV10/../DET4Fast4D_V10/slsqp_nb.py:993: NumbaWarning: [1m[1m[1mCannot cache compiled function "_lsq" as it uses dynamic globals (such as ctypes pointers and large global arrays)[0m[0m[0m
[36m(GPUFitnessActor pid=3456077)[0m   x, f, mode, it = slsqp_solve(kind, seeds[k], lb, ub, op, opr, lit, n_ops, params, v0, rho,
[36m(GPUFitnessActor pid=3456077)[0m /home/qaragoez/symclf_clean/symclf/examples/4DCartPolerV10/../DET4Fast4D_V10/slsqp_nb.py:993: NumbaWarning: [1m[1mCannot cache compiled function "slsqp_solve" as it uses dynamic globals (such as ctypes pointers and large global arrays)[0m[0m
[36m(GPUFitnessActor pid=3456077)[0m   x, f, mode, it = slsqp_solve(kind, seeds[k], lb, ub, op, opr, lit, n_ops, params, v0, rho,
[36m(GPUFitnessActor pid=3655941, ip=10.10.2.2)[0m /home/qaragoez/symclf_clean/symclf/examples/4DCartPolerV10/../DET4Fast4D_V10/slsqp_nb.py:984: NumbaWarning: [1mCannot cache compiled function "slsqp_many" as it uses dynamic globals (such as ctypes pointers and large global arrays)[0m
[36m(GPUFitnessActor pid=3655941, ip=10.10.2.2)[0m   @njit(cache=True, parallel=True)
[36m(GPUFitnessActor pid=3655945, ip=10.10.2.2)[0m /home/qaragoez/symclf_clean/symclf/examples/4DCartPolerV10/../DET4Fast4D_V10/slsqp_nb.py:984: NumbaWarning: [1mCannot cache compiled function "slsqp_many" as it uses dynamic globals (such as ctypes pointers and large global arrays)[0m
[36m(GPUFitnessActor pid=3655945, ip=10.10.2.2)[0m   @njit(cache=True, parallel=True)
[36m(GPUFitnessActor pid=3655943, ip=10.10.2.2)[0m /home/qaragoez/symclf_clean/symclf/examples/4DCartPolerV10/../DET4Fast4D_V10/slsqp_nb.py:984: NumbaWarning: [1mCannot cache compiled function "slsqp_many" as it uses dynamic globals (such as ctypes pointers and large global arrays)[0m
[36m(GPUFitnessActor pid=3655943, ip=10.10.2.2)[0m   @njit(cache=True, parallel=True)
[36m(GPUFitnessActor pid=3655942, ip=10.10.2.2)[0m /home/qaragoez/symclf_clean/symclf/examples/4DCartPolerV10/../DET4Fast4D_V10/slsqp_nb.py:984: NumbaWarning: [1mCannot cache compiled function "slsqp_many" as it uses dynamic globals (such as ctypes pointers and large global arrays)[0m
[36m(GPUFitnessActor pid=3655942, ip=10.10.2.2)[0m   @njit(cache=True, parallel=True)
[36m(GPUFitnessActor pid=3655944, ip=10.10.2.2)[0m /home/qaragoez/symclf_clean/symclf/examples/4DCartPolerV10/../DET4Fast4D_V10/slsqp_nb.py:984: NumbaWarning: [1mCannot cache compiled function "slsqp_many" as it uses dynamic globals (such as ctypes pointers and large global arrays)[0m
[36m(GPUFitnessActor pid=3655944, ip=10.10.2.2)[0m   @njit(cache=True, parallel=True)
[36m(GPUFitnessActor pid=3456077)[0m /home/qaragoez/symclf_clean/symclf/examples/4DCartPolerV10/../DET4Fast4D_V10/slsqp_nb.py:984: NumbaWarning: [1mCannot cache compiled function "slsqp_many" as it uses dynamic globals (such as ctypes pointers and large global arrays)[0m
[36m(GPUFitnessActor pid=3456077)[0m   @njit(cache=True, parallel=True)
[36m(GPUFitnessActor pid=3655949, ip=10.10.2.2)[0m /home/qaragoez/symclf_clean/symclf/examples/4DCartPolerV10/../DET4Fast4D_V10/slsqp_nb.py:993: NumbaWarning: [1m[1m[1m[1m[1m[1m[1mCannot cache compiled function "_nnls" as it uses dynamic globals (such as ctypes pointers and large global arrays)[0m[0m[0m[0m[0m[0m[0m
[36m(GPUFitnessActor pid=3655949, ip=10.10.2.2)[0m   x, f, mode, it = slsqp_solve(kind, seeds[k], lb, ub, op, opr, lit, n_ops, params, v0, rho,
[36m(GPUFitnessActor pid=3655949, ip=10.10.2.2)[0m /home/qaragoez/symclf_clean/symclf/examples/4DCartPolerV10/../DET4Fast4D_V10/slsqp_nb.py:993: NumbaWarning: [1m[1m[1m[1m[1m[1mCannot cache compiled function "_ldp" as it uses dynamic globals (such as ctypes pointers and large global arrays)[0m[0m[0m[0m[0m[0m
[36m(GPUFitnessActor pid=3655949, ip=10.10.2.2)[0m   x, f, mode, it = slsqp_solve(kind, seeds[k], lb, ub, op, opr, lit, n_ops, params, v0, rho,
[36m(GPUFitnessActor pid=3655949, ip=10.10.2.2)[0m /home/qaragoez/symclf_clean/symclf/examples/4DCartPolerV10/../DET4Fast4D_V10/slsqp_nb.py:993: NumbaWarning: [1m[1m[1m[1m[1mCannot cache compiled function "_lsi" as it uses dynamic globals (such as ctypes pointers and large global arrays)[0m[0m[0m[0m[0m
[36m(GPUFitnessActor pid=3655949, ip=10.10.2.2)[0m   x, f, mode, it = slsqp_solve(kind, seeds[k], lb, ub, op, opr, lit, n_ops, params, v0, rho,
[36m(GPUFitnessActor pid=3655949, ip=10.10.2.2)[0m /home/qaragoez/symclf_clean/symclf/examples/4DCartPolerV10/../DET4Fast4D_V10/slsqp_nb.py:993: NumbaWarning: [1m[1m[1m[1mCannot cache compiled function "_lsei" as it uses dynamic globals (such as ctypes pointers and large global arrays)[0m[0m[0m[0m
[36m(GPUFitnessActor pid=3655949, ip=10.10.2.2)[0m   x, f, mode, it = slsqp_solve(kind, seeds[k], lb, ub, op, opr, lit, n_ops, params, v0, rho,
[36m(GPUFitnessActor pid=3655949, ip=10.10.2.2)[0m /home/qaragoez/symclf_clean/symclf/examples/4DCartPolerV10/../DET4Fast4D_V10/slsqp_nb.py:993: NumbaWarning: [1m[1m[1mCannot cache compiled function "_lsq" as it uses dynamic globals (such as ctypes pointers and large global arrays)[0m[0m[0m
[36m(GPUFitnessActor pid=3655949, ip=10.10.2.2)[0m   x, f, mode, it = slsqp_solve(kind, seeds[k], lb, ub, op, opr, lit, n_ops, params, v0, rho,
[36m(GPUFitnessActor pid=3655949, ip=10.10.2.2)[0m /home/qaragoez/symclf_clean/symclf/examples/4DCartPolerV10/../DET4Fast4D_V10/slsqp_nb.py:993: NumbaWarning: [1m[1mCannot cache compiled function "slsqp_solve" as it uses dynamic globals (such as ctypes pointers and large global arrays)[0m[0m
[36m(GPUFitnessActor pid=3655949, ip=10.10.2.2)[0m   x, f, mode, it = slsqp_solve(kind, seeds[k], lb, ub, op, opr, lit, n_ops, params, v0, rho,
[36m(GPUFitnessActor pid=3655947, ip=10.10.2.2)[0m /home/qaragoez/symclf_clean/symclf/examples/4DCartPolerV10/../DET4Fast4D_V10/slsqp_nb.py:993: NumbaWarning: [1m[1m[1m[1m[1m[1m[1mCannot cache compiled function "_nnls" as it uses dynamic globals (such as ctypes pointers and large global arrays)[0m[0m[0m[0m[0m[0m[0m
[36m(GPUFitnessActor pid=3655947, ip=10.10.2.2)[0m   x, f, mode, it = slsqp_solve(kind, seeds[k], lb, ub, op, opr, lit, n_ops, params, v0, rho,
[36m(GPUFitnessActor pid=3655947, ip=10.10.2.2)[0m /home/qaragoez/symclf_clean/symclf/examples/4DCartPolerV10/../DET4Fast4D_V10/slsqp_nb.py:993: NumbaWarning: [1m[1m[1m[1m[1m[1mCannot cache compiled function "_ldp" as it uses dynamic globals (such as ctypes pointers and large global arrays)[0m[0m[0m[0m[0m[0m
[36m(GPUFitnessActor pid=3655947, ip=10.10.2.2)[0m   x, f, mode, it = slsqp_solve(kind, seeds[k], lb, ub, op, opr, lit, n_ops, params, v0, rho,
[36m(GPUFitnessActor pid=3655947, ip=10.10.2.2)[0m /home/qaragoez/symclf_clean/symclf/examples/4DCartPolerV10/../DET4Fast4D_V10/slsqp_nb.py:993: NumbaWarning: [1m[1m[1m[1m[1mCannot cache compiled function "_lsi" as it uses dynamic globals (such as ctypes pointers and large global arrays)[0m[0m[0m[0m[0m
[36m(GPUFitnessActor pid=3655947, ip=10.10.2.2)[0m   x, f, mode, it = slsqp_solve(kind, seeds[k], lb, ub, op, opr, lit, n_ops, params, v0, rho,
[36m(GPUFitnessActor pid=3655947, ip=10.10.2.2)[0m /home/qaragoez/symclf_clean/symclf/examples/4DCartPolerV10/../DET4Fast4D_V10/slsqp_nb.py:993: NumbaWarning: [1m[1m[1m[1mCannot cache compiled function "_lsei" as it uses dynamic globals (such as ctypes pointers and large global arrays)[0m[0m[0m[0m
[36m(GPUFitnessActor pid=3655947, ip=10.10.2.2)[0m   x, f, mode, it = slsqp_solve(kind, seeds[k], lb, ub, op, opr, lit, n_ops, params, v0, rho,
[36m(GPUFitnessActor pid=3655947, ip=10.10.2.2)[0m /home/qaragoez/symclf_clean/symclf/examples/4DCartPolerV10/../DET4Fast4D_V10/slsqp_nb.py:993: NumbaWarning: [1m[1m[1mCannot cache compiled function "_lsq" as it uses dynamic globals (such as ctypes pointers and large global arrays)[0m[0m[0m
[36m(GPUFitnessActor pid=3655947, ip=10.10.2.2)[0m   x, f, mode, it = slsqp_solve(kind, seeds[k], lb, ub, op, opr, lit, n_ops, params, v0, rho,
[36m(GPUFitnessActor pid=3655947, ip=10.10.2.2)[0m /home/qaragoez/symclf_clean/symclf/examples/4DCartPolerV10/../DET4Fast4D_V10/slsqp_nb.py:993: NumbaWarning: [1m[1mCannot cache compiled function "slsqp_solve" as it uses dynamic globals (such as ctypes pointers and large global arrays)[0m[0m
[36m(GPUFitnessActor pid=3655947, ip=10.10.2.2)[0m   x, f, mode, it = slsqp_solve(kind, seeds[k], lb, ub, op, opr, lit, n_ops, params, v0, rho,
[36m(GPUFitnessActor pid=3655946, ip=10.10.2.2)[0m /home/qaragoez/symclf_clean/symclf/examples/4DCartPolerV10/../DET4Fast4D_V10/slsqp_nb.py:993: NumbaWarning: [1m[1m[1m[1m[1m[1m[1mCannot cache compiled function "_nnls" as it uses dynamic globals (such as ctypes pointers and large global arrays)[0m[0m[0m[0m[0m[0m[0m
[36m(GPUFitnessActor pid=3655946, ip=10.10.2.2)[0m   x, f, mode, it = slsqp_solve(kind, seeds[k], lb, ub, op, opr, lit, n_ops, params, v0, rho,
[36m(GPUFitnessActor pid=3655946, ip=10.10.2.2)[0m /home/qaragoez/symclf_clean/symclf/examples/4DCartPolerV10/../DET4Fast4D_V10/slsqp_nb.py:993: NumbaWarning: [1m[1m[1m[1m[1m[1mCannot cache compiled function "_ldp" as it uses dynamic globals (such as ctypes pointers and large global arrays)[0m[0m[0m[0m[0m[0m
[36m(GPUFitnessActor pid=3655946, ip=10.10.2.2)[0m   x, f, mode, it = slsqp_solve(kind, seeds[k], lb, ub, op, opr, lit, n_ops, params, v0, rho,
[36m(GPUFitnessActor pid=3655946, ip=10.10.2.2)[0m /home/qaragoez/symclf_clean/symclf/examples/4DCartPolerV10/../DET4Fast4D_V10/slsqp_nb.py:993: NumbaWarning: [1m[1m[1m[1m[1mCannot cache compiled function "_lsi" as it uses dynamic globals (such as ctypes pointers and large global arrays)[0m[0m[0m[0m[0m
[36m(GPUFitnessActor pid=3655946, ip=10.10.2.2)[0m   x, f, mode, it = slsqp_solve(kind, seeds[k], lb, ub, op, opr, lit, n_ops, params, v0, rho,
[36m(GPUFitnessActor pid=3655946, ip=10.10.2.2)[0m /home/qaragoez/symclf_clean/symclf/examples/4DCartPolerV10/../DET4Fast4D_V10/slsqp_nb.py:993: NumbaWarning: [1m[1m[1m[1mCannot cache compiled function "_lsei" as it uses dynamic globals (such as ctypes pointers and large global arrays)[0m[0m[0m[0m
[36m(GPUFitnessActor pid=3655946, ip=10.10.2.2)[0m   x, f, mode, it = slsqp_solve(kind, seeds[k], lb, ub, op, opr, lit, n_ops, params, v0, rho,
[36m(GPUFitnessActor pid=3655946, ip=10.10.2.2)[0m /home/qaragoez/symclf_clean/symclf/examples/4DCartPolerV10/../DET4Fast4D_V10/slsqp_nb.py:993: NumbaWarning: [1m[1m[1mCannot cache compiled function "_lsq" as it uses dynamic globals (such as ctypes pointers and large global arrays)[0m[0m[0m
[36m(GPUFitnessActor pid=3655946, ip=10.10.2.2)[0m   x, f, mode, it = slsqp_solve(kind, seeds[k], lb, ub, op, opr, lit, n_ops, params, v0, rho,
[36m(GPUFitnessActor pid=3655946, ip=10.10.2.2)[0m /home/qaragoez/symclf_clean/symclf/examples/4DCartPolerV10/../DET4Fast4D_V10/slsqp_nb.py:993: NumbaWarning: [1m[1mCannot cache compiled function "slsqp_solve" as it uses dynamic globals (such as ctypes pointers and large global arrays)[0m[0m
[36m(GPUFitnessActor pid=3655946, ip=10.10.2.2)[0m   x, f, mode, it = slsqp_solve(kind, seeds[k], lb, ub, op, opr, lit, n_ops, params, v0, rho,
[36m(GPUFitnessActor pid=3655948, ip=10.10.2.2)[0m /home/qaragoez/symclf_clean/symclf/examples/4DCartPolerV10/../DET4Fast4D_V10/slsqp_nb.py:993: NumbaWarning: [1m[1m[1m[1m[1m[1m[1mCannot cache compiled function "_nnls" as it uses dynamic globals (such as ctypes pointers and large global arrays)[0m[0m[0m[0m[0m[0m[0m
[36m(GPUFitnessActor pid=3655948, ip=10.10.2.2)[0m   x, f, mode, it = slsqp_solve(kind, seeds[k], lb, ub, op, opr, lit, n_ops, params, v0, rho,
[36m(GPUFitnessActor pid=3655948, ip=10.10.2.2)[0m /home/qaragoez/symclf_clean/symclf/examples/4DCartPolerV10/../DET4Fast4D_V10/slsqp_nb.py:993: NumbaWarning: [1m[1m[1m[1m[1m[1mCannot cache compiled function "_ldp" as it uses dynamic globals (such as ctypes pointers and large global arrays)[0m[0m[0m[0m[0m[0m
[36m(GPUFitnessActor pid=3655948, ip=10.10.2.2)[0m   x, f, mode, it = slsqp_solve(kind, seeds[k], lb, ub, op, opr, lit, n_ops, params, v0, rho,
[36m(GPUFitnessActor pid=3655948, ip=10.10.2.2)[0m /home/qaragoez/symclf_clean/symclf/examples/4DCartPolerV10/../DET4Fast4D_V10/slsqp_nb.py:993: NumbaWarning: [1m[1m[1m[1m[1mCannot cache compiled function "_lsi" as it uses dynamic globals (such as ctypes pointers and large global arrays)[0m[0m[0m[0m[0m
[36m(GPUFitnessActor pid=3655948, ip=10.10.2.2)[0m   x, f, mode, it = slsqp_solve(kind, seeds[k], lb, ub, op, opr, lit, n_ops, params, v0, rho,
[36m(GPUFitnessActor pid=3655948, ip=10.10.2.2)[0m /home/qaragoez/symclf_clean/symclf/examples/4DCartPolerV10/../DET4Fast4D_V10/slsqp_nb.py:993: NumbaWarning: [1m[1m[1m[1mCannot cache compiled function "_lsei" as it uses dynamic globals (such as ctypes pointers and large global arrays)[0m[0m[0m[0m
[36m(GPUFitnessActor pid=3655948, ip=10.10.2.2)[0m   x, f, mode, it = slsqp_solve(kind, seeds[k], lb, ub, op, opr, lit, n_ops, params, v0, rho,
[36m(GPUFitnessActor pid=3655948, ip=10.10.2.2)[0m /home/qaragoez/symclf_clean/symclf/examples/4DCartPolerV10/../DET4Fast4D_V10/slsqp_nb.py:993: NumbaWarning: [1m[1m[1mCannot cache compiled function "_lsq" as it uses dynamic globals (such as ctypes pointers and large global arrays)[0m[0m[0m
[36m(GPUFitnessActor pid=3655948, ip=10.10.2.2)[0m   x, f, mode, it = slsqp_solve(kind, seeds[k], lb, ub, op, opr, lit, n_ops, params, v0, rho,
[36m(GPUFitnessActor pid=3655948, ip=10.10.2.2)[0m /home/qaragoez/symclf_clean/symclf/examples/4DCartPolerV10/../DET4Fast4D_V10/slsqp_nb.py:993: NumbaWarning: [1m[1mCannot cache compiled function "slsqp_solve" as it uses dynamic globals (such as ctypes pointers and large global arrays)[0m[0m
[36m(GPUFitnessActor pid=3655948, ip=10.10.2.2)[0m   x, f, mode, it = slsqp_solve(kind, seeds[k], lb, ub, op, opr, lit, n_ops, params, v0, rho,
[36m(GPUFitnessActor pid=3655947, ip=10.10.2.2)[0m /home/qaragoez/symclf_clean/symclf/examples/4DCartPolerV10/../DET4Fast4D_V10/slsqp_nb.py:984: NumbaWarning: [1mCannot cache compiled function "slsqp_many" as it uses dynamic globals (such as ctypes pointers and large global arrays)[0m
[36m(GPUFitnessActor pid=3655947, ip=10.10.2.2)[0m   @njit(cache=True, parallel=True)
[36m(GPUFitnessActor pid=3655949, ip=10.10.2.2)[0m /home/qaragoez/symclf_clean/symclf/examples/4DCartPolerV10/../DET4Fast4D_V10/slsqp_nb.py:984: NumbaWarning: [1mCannot cache compiled function "slsqp_many" as it uses dynamic globals (such as ctypes pointers and large global arrays)[0m
[36m(GPUFitnessActor pid=3655949, ip=10.10.2.2)[0m   @njit(cache=True, parallel=True)
[36m(GPUFitnessActor pid=3655946, ip=10.10.2.2)[0m /home/qaragoez/symclf_clean/symclf/examples/4DCartPolerV10/../DET4Fast4D_V10/slsqp_nb.py:984: NumbaWarning: [1mCannot cache compiled function "slsqp_many" as it uses dynamic globals (such as ctypes pointers and large global arrays)[0m
[36m(GPUFitnessActor pid=3655946, ip=10.10.2.2)[0m   @njit(cache=True, parallel=True)
[36m(GPUFitnessActor pid=3655948, ip=10.10.2.2)[0m /home/qaragoez/symclf_clean/symclf/examples/4DCartPolerV10/../DET4Fast4D_V10/slsqp_nb.py:984: NumbaWarning: [1mCannot cache compiled function "slsqp_many" as it uses dynamic globals (such as ctypes pointers and large global arrays)[0m
[36m(GPUFitnessActor pid=3655948, ip=10.10.2.2)[0m   @njit(cache=True, parallel=True)
[36m(CPUDet4Actor pid=3657419, ip=10.10.2.2)[0m /home/qaragoez/symclf_clean/symclf/examples/4DCartPolerV10/../DET4Fast4D_V10/slsqp_nb.py:993: NumbaWarning: [1m[1m[1m[1m[1m[1m[1mCannot cache compiled function "_nnls" as it uses dynamic globals (such as ctypes pointers and large global arrays)[0m[0m[0m[0m[0m[0m[0m
[36m(CPUDet4Actor pid=3657419, ip=10.10.2.2)[0m   x, f, mode, it = slsqp_solve(kind, seeds[k], lb, ub, op, opr, lit, n_ops, params, v0, rho,
[36m(CPUDet4Actor pid=3657419, ip=10.10.2.2)[0m /home/qaragoez/symclf_clean/symclf/examples/4DCartPolerV10/../DET4Fast4D_V10/slsqp_nb.py:993: NumbaWarning: [1m[1m[1m[1m[1m[1mCannot cache compiled function "_ldp" as it uses dynamic globals (such as ctypes pointers and large global arrays)[0m[0m[0m[0m[0m[0m
[36m(CPUDet4Actor pid=3657419, ip=10.10.2.2)[0m   x, f, mode, it = slsqp_solve(kind, seeds[k], lb, ub, op, opr, lit, n_ops, params, v0, rho,
[36m(CPUDet4Actor pid=3657419, ip=10.10.2.2)[0m /home/qaragoez/symclf_clean/symclf/examples/4DCartPolerV10/../DET4Fast4D_V10/slsqp_nb.py:993: NumbaWarning: [1m[1m[1m[1m[1mCannot cache compiled function "_lsi" as it uses dynamic globals (such as ctypes pointers and large global arrays)[0m[0m[0m[0m[0m
[36m(CPUDet4Actor pid=3657419, ip=10.10.2.2)[0m   x, f, mode, it = slsqp_solve(kind, seeds[k], lb, ub, op, opr, lit, n_ops, params, v0, rho,
[36m(CPUDet4Actor pid=3657419, ip=10.10.2.2)[0m /home/qaragoez/symclf_clean/symclf/examples/4DCartPolerV10/../DET4Fast4D_V10/slsqp_nb.py:993: NumbaWarning: [1m[1m[1m[1mCannot cache compiled function "_lsei" as it uses dynamic globals (such as ctypes pointers and large global arrays)[0m[0m[0m[0m
[36m(CPUDet4Actor pid=3657419, ip=10.10.2.2)[0m   x, f, mode, it = slsqp_solve(kind, seeds[k], lb, ub, op, opr, lit, n_ops, params, v0, rho,
[36m(CPUDet4Actor pid=3657419, ip=10.10.2.2)[0m /home/qaragoez/symclf_clean/symclf/examples/4DCartPolerV10/../DET4Fast4D_V10/slsqp_nb.py:993: NumbaWarning: [1m[1m[1mCannot cache compiled function "_lsq" as it uses dynamic globals (such as ctypes pointers and large global arrays)[0m[0m[0m
[36m(CPUDet4Actor pid=3657419, ip=10.10.2.2)[0m   x, f, mode, it = slsqp_solve(kind, seeds[k], lb, ub, op, opr, lit, n_ops, params, v0, rho,
[36m(CPUDet4Actor pid=3657419, ip=10.10.2.2)[0m /home/qaragoez/symclf_clean/symclf/examples/4DCartPolerV10/../DET4Fast4D_V10/slsqp_nb.py:993: NumbaWarning: [1m[1mCannot cache compiled function "slsqp_solve" as it uses dynamic globals (such as ctypes pointers and large global arrays)[0m[0m
[36m(CPUDet4Actor pid=3657419, ip=10.10.2.2)[0m   x, f, mode, it = slsqp_solve(kind, seeds[k], lb, ub, op, opr, lit, n_ops, params, v0, rho,
[36m(CPUDet4Actor pid=3657410, ip=10.10.2.2)[0m /home/qaragoez/symclf_clean/symclf/examples/4DCartPolerV10/../DET4Fast4D_V10/slsqp_nb.py:993: NumbaWarning: [1m[1m[1m[1m[1m[1m[1mCannot cache compiled function "_nnls" as it uses dynamic globals (such as ctypes pointers and large global arrays)[0m[0m[0m[0m[0m[0m[0m
[36m(CPUDet4Actor pid=3657410, ip=10.10.2.2)[0m   x, f, mode, it = slsqp_solve(kind, seeds[k], lb, ub, op, opr, lit, n_ops, params, v0, rho,
[36m(CPUDet4Actor pid=3657410, ip=10.10.2.2)[0m /home/qaragoez/symclf_clean/symclf/examples/4DCartPolerV10/../DET4Fast4D_V10/slsqp_nb.py:993: NumbaWarning: [1m[1m[1m[1m[1m[1mCannot cache compiled function "_ldp" as it uses dynamic globals (such as ctypes pointers and large global arrays)[0m[0m[0m[0m[0m[0m
[36m(CPUDet4Actor pid=3657410, ip=10.10.2.2)[0m   x, f, mode, it = slsqp_solve(kind, seeds[k], lb, ub, op, opr, lit, n_ops, params, v0, rho,
[36m(CPUDet4Actor pid=3657410, ip=10.10.2.2)[0m /home/qaragoez/symclf_clean/symclf/examples/4DCartPolerV10/../DET4Fast4D_V10/slsqp_nb.py:993: NumbaWarning: [1m[1m[1m[1m[1mCannot cache compiled function "_lsi" as it uses dynamic globals (such as ctypes pointers and large global arrays)[0m[0m[0m[0m[0m
[36m(CPUDet4Actor pid=3657410, ip=10.10.2.2)[0m   x, f, mode, it = slsqp_solve(kind, seeds[k], lb, ub, op, opr, lit, n_ops, params, v0, rho,
[36m(CPUDet4Actor pid=3657410, ip=10.10.2.2)[0m /home/qaragoez/symclf_clean/symclf/examples/4DCartPolerV10/../DET4Fast4D_V10/slsqp_nb.py:993: NumbaWarning: [1m[1m[1m[1mCannot cache compiled function "_lsei" as it uses dynamic globals (such as ctypes pointers and large global arrays)[0m[0m[0m[0m
[36m(CPUDet4Actor pid=3657410, ip=10.10.2.2)[0m   x, f, mode, it = slsqp_solve(kind, seeds[k], lb, ub, op, opr, lit, n_ops, params, v0, rho,
[36m(CPUDet4Actor pid=3657410, ip=10.10.2.2)[0m /home/qaragoez/symclf_clean/symclf/examples/4DCartPolerV10/../DET4Fast4D_V10/slsqp_nb.py:993: NumbaWarning: [1m[1m[1mCannot cache compiled function "_lsq" as it uses dynamic globals (such as ctypes pointers and large global arrays)[0m[0m[0m
[36m(CPUDet4Actor pid=3657410, ip=10.10.2.2)[0m   x, f, mode, it = slsqp_solve(kind, seeds[k], lb, ub, op, opr, lit, n_ops, params, v0, rho,
[36m(CPUDet4Actor pid=3657410, ip=10.10.2.2)[0m /home/qaragoez/symclf_clean/symclf/examples/4DCartPolerV10/../DET4Fast4D_V10/slsqp_nb.py:993: NumbaWarning: [1m[1mCannot cache compiled function "slsqp_solve" as it uses dynamic globals (such as ctypes pointers and large global arrays)[0m[0m
[36m(CPUDet4Actor pid=3657410, ip=10.10.2.2)[0m   x, f, mode, it = slsqp_solve(kind, seeds[k], lb, ub, op, opr, lit, n_ops, params, v0, rho,
[36m(CPUDet4Actor pid=3657415, ip=10.10.2.2)[0m /home/qaragoez/symclf_clean/symclf/examples/4DCartPolerV10/../DET4Fast4D_V10/slsqp_nb.py:993: NumbaWarning: [1m[1m[1m[1m[1m[1m[1mCannot cache compiled function "_nnls" as it uses dynamic globals (such as ctypes pointers and large global arrays)[0m[0m[0m[0m[0m[0m[0m
[36m(CPUDet4Actor pid=3657415, ip=10.10.2.2)[0m   x, f, mode, it = slsqp_solve(kind, seeds[k], lb, ub, op, opr, lit, n_ops, params, v0, rho,
[36m(CPUDet4Actor pid=3657415, ip=10.10.2.2)[0m /home/qaragoez/symclf_clean/symclf/examples/4DCartPolerV10/../DET4Fast4D_V10/slsqp_nb.py:993: NumbaWarning: [1m[1m[1m[1m[1m[1mCannot cache compiled function "_ldp" as it uses dynamic globals (such as ctypes pointers and large global arrays)[0m[0m[0m[0m[0m[0m
[36m(CPUDet4Actor pid=3657415, ip=10.10.2.2)[0m   x, f, mode, it = slsqp_solve(kind, seeds[k], lb, ub, op, opr, lit, n_ops, params, v0, rho,
[36m(CPUDet4Actor pid=3657415, ip=10.10.2.2)[0m /home/qaragoez/symclf_clean/symclf/examples/4DCartPolerV10/../DET4Fast4D_V10/slsqp_nb.py:993: NumbaWarning: [1m[1m[1m[1m[1mCannot cache compiled function "_lsi" as it uses dynamic globals (such as ctypes pointers and large global arrays)[0m[0m[0m[0m[0m
[36m(CPUDet4Actor pid=3657415, ip=10.10.2.2)[0m   x, f, mode, it = slsqp_solve(kind, seeds[k], lb, ub, op, opr, lit, n_ops, params, v0, rho,
[36m(CPUDet4Actor pid=3657415, ip=10.10.2.2)[0m /home/qaragoez/symclf_clean/symclf/examples/4DCartPolerV10/../DET4Fast4D_V10/slsqp_nb.py:993: NumbaWarning: [1m[1m[1m[1mCannot cache compiled function "_lsei" as it uses dynamic globals (such as ctypes pointers and large global arrays)[0m[0m[0m[0m
[36m(CPUDet4Actor pid=3657415, ip=10.10.2.2)[0m   x, f, mode, it = slsqp_solve(kind, seeds[k], lb, ub, op, opr, lit, n_ops, params, v0, rho,
[36m(CPUDet4Actor pid=3657415, ip=10.10.2.2)[0m /home/qaragoez/symclf_clean/symclf/examples/4DCartPolerV10/../DET4Fast4D_V10/slsqp_nb.py:993: NumbaWarning: [1m[1m[1mCannot cache compiled function "_lsq" as it uses dynamic globals (such as ctypes pointers and large global arrays)[0m[0m[0m
[36m(CPUDet4Actor pid=3657415, ip=10.10.2.2)[0m   x, f, mode, it = slsqp_solve(kind, seeds[k], lb, ub, op, opr, lit, n_ops, params, v0, rho,
[36m(CPUDet4Actor pid=3657415, ip=10.10.2.2)[0m /home/qaragoez/symclf_clean/symclf/examples/4DCartPolerV10/../DET4Fast4D_V10/slsqp_nb.py:993: NumbaWarning: [1m[1mCannot cache compiled function "slsqp_solve" as it uses dynamic globals (such as ctypes pointers and large global arrays)[0m[0m
[36m(CPUDet4Actor pid=3657415, ip=10.10.2.2)[0m   x, f, mode, it = slsqp_solve(kind, seeds[k], lb, ub, op, opr, lit, n_ops, params, v0, rho,
[36m(CPUDet4Actor pid=3657409, ip=10.10.2.2)[0m /home/qaragoez/symclf_clean/symclf/examples/4DCartPolerV10/../DET4Fast4D_V10/slsqp_nb.py:993: NumbaWarning: [1m[1m[1m[1m[1m[1m[1mCannot cache compiled function "_nnls" as it uses dynamic globals (such as ctypes pointers and large global arrays)[0m[0m[0m[0m[0m[0m[0m
[36m(CPUDet4Actor pid=3657409, ip=10.10.2.2)[0m   x, f, mode, it = slsqp_solve(kind, seeds[k], lb, ub, op, opr, lit, n_ops, params, v0, rho,
[36m(CPUDet4Actor pid=3657409, ip=10.10.2.2)[0m /home/qaragoez/symclf_clean/symclf/examples/4DCartPolerV10/../DET4Fast4D_V10/slsqp_nb.py:993: NumbaWarning: [1m[1m[1m[1m[1m[1mCannot cache compiled function "_ldp" as it uses dynamic globals (such as ctypes pointers and large global arrays)[0m[0m[0m[0m[0m[0m
[36m(CPUDet4Actor pid=3657409, ip=10.10.2.2)[0m   x, f, mode, it = slsqp_solve(kind, seeds[k], lb, ub, op, opr, lit, n_ops, params, v0, rho,
[36m(CPUDet4Actor pid=3657409, ip=10.10.2.2)[0m /home/qaragoez/symclf_clean/symclf/examples/4DCartPolerV10/../DET4Fast4D_V10/slsqp_nb.py:993: NumbaWarning: [1m[1m[1m[1m[1mCannot cache compiled function "_lsi" as it uses dynamic globals (such as ctypes pointers and large global arrays)[0m[0m[0m[0m[0m
[36m(CPUDet4Actor pid=3657409, ip=10.10.2.2)[0m   x, f, mode, it = slsqp_solve(kind, seeds[k], lb, ub, op, opr, lit, n_ops, params, v0, rho,
[36m(CPUDet4Actor pid=3657409, ip=10.10.2.2)[0m /home/qaragoez/symclf_clean/symclf/examples/4DCartPolerV10/../DET4Fast4D_V10/slsqp_nb.py:993: NumbaWarning: [1m[1m[1m[1mCannot cache compiled function "_lsei" as it uses dynamic globals (such as ctypes pointers and large global arrays)[0m[0m[0m[0m
[36m(CPUDet4Actor pid=3657409, ip=10.10.2.2)[0m   x, f, mode, it = slsqp_solve(kind, seeds[k], lb, ub, op, opr, lit, n_ops, params, v0, rho,
[36m(CPUDet4Actor pid=3657409, ip=10.10.2.2)[0m /home/qaragoez/symclf_clean/symclf/examples/4DCartPolerV10/../DET4Fast4D_V10/slsqp_nb.py:993: NumbaWarning: [1m[1m[1mCannot cache compiled function "_lsq" as it uses dynamic globals (such as ctypes pointers and large global arrays)[0m[0m[0m
[36m(CPUDet4Actor pid=3657409, ip=10.10.2.2)[0m   x, f, mode, it = slsqp_solve(kind, seeds[k], lb, ub, op, opr, lit, n_ops, params, v0, rho,
[36m(CPUDet4Actor pid=3657409, ip=10.10.2.2)[0m /home/qaragoez/symclf_clean/symclf/examples/4DCartPolerV10/../DET4Fast4D_V10/slsqp_nb.py:993: NumbaWarning: [1m[1mCannot cache compiled function "slsqp_solve" as it uses dynamic globals (such as ctypes pointers and large global arrays)[0m[0m
[36m(CPUDet4Actor pid=3657409, ip=10.10.2.2)[0m   x, f, mode, it = slsqp_solve(kind, seeds[k], lb, ub, op, opr, lit, n_ops, params, v0, rho,
[36m(CPUDet4Actor pid=3657421, ip=10.10.2.2)[0m /home/qaragoez/symclf_clean/symclf/examples/4DCartPolerV10/../DET4Fast4D_V10/slsqp_nb.py:993: NumbaWarning: [1m[1m[1m[1m[1m[1m[1mCannot cache compiled function "_nnls" as it uses dynamic globals (such as ctypes pointers and large global arrays)[0m[0m[0m[0m[0m[0m[0m
[36m(CPUDet4Actor pid=3657421, ip=10.10.2.2)[0m   x, f, mode, it = slsqp_solve(kind, seeds[k], lb, ub, op, opr, lit, n_ops, params, v0, rho,
[36m(CPUDet4Actor pid=3657421, ip=10.10.2.2)[0m /home/qaragoez/symclf_clean/symclf/examples/4DCartPolerV10/../DET4Fast4D_V10/slsqp_nb.py:993: NumbaWarning: [1m[1m[1m[1m[1m[1mCannot cache compiled function "_ldp" as it uses dynamic globals (such as ctypes pointers and large global arrays)[0m[0m[0m[0m[0m[0m
[36m(CPUDet4Actor pid=3657421, ip=10.10.2.2)[0m   x, f, mode, it = slsqp_solve(kind, seeds[k], lb, ub, op, opr, lit, n_ops, params, v0, rho,
[36m(CPUDet4Actor pid=3657421, ip=10.10.2.2)[0m /home/qaragoez/symclf_clean/symclf/examples/4DCartPolerV10/../DET4Fast4D_V10/slsqp_nb.py:993: NumbaWarning: [1m[1m[1m[1m[1mCannot cache compiled function "_lsi" as it uses dynamic globals (such as ctypes pointers and large global arrays)[0m[0m[0m[0m[0m
[36m(CPUDet4Actor pid=3657421, ip=10.10.2.2)[0m   x, f, mode, it = slsqp_solve(kind, seeds[k], lb, ub, op, opr, lit, n_ops, params, v0, rho,
[36m(CPUDet4Actor pid=3657421, ip=10.10.2.2)[0m /home/qaragoez/symclf_clean/symclf/examples/4DCartPolerV10/../DET4Fast4D_V10/slsqp_nb.py:993: NumbaWarning: [1m[1m[1m[1mCannot cache compiled function "_lsei" as it uses dynamic globals (such as ctypes pointers and large global arrays)[0m[0m[0m[0m
[36m(CPUDet4Actor pid=3657421, ip=10.10.2.2)[0m   x, f, mode, it = slsqp_solve(kind, seeds[k], lb, ub, op, opr, lit, n_ops, params, v0, rho,
[36m(CPUDet4Actor pid=3657421, ip=10.10.2.2)[0m /home/qaragoez/symclf_clean/symclf/examples/4DCartPolerV10/../DET4Fast4D_V10/slsqp_nb.py:993: NumbaWarning: [1m[1m[1mCannot cache compiled function "_lsq" as it uses dynamic globals (such as ctypes pointers and large global arrays)[0m[0m[0m
[36m(CPUDet4Actor pid=3657421, ip=10.10.2.2)[0m   x, f, mode, it = slsqp_solve(kind, seeds[k], lb, ub, op, opr, lit, n_ops, params, v0, rho,
[36m(CPUDet4Actor pid=3657421, ip=10.10.2.2)[0m /home/qaragoez/symclf_clean/symclf/examples/4DCartPolerV10/../DET4Fast4D_V10/slsqp_nb.py:993: NumbaWarning: [1m[1mCannot cache compiled function "slsqp_solve" as it uses dynamic globals (such as ctypes pointers and large global arrays)[0m[0m
[36m(CPUDet4Actor pid=3657421, ip=10.10.2.2)[0m   x, f, mode, it = slsqp_solve(kind, seeds[k], lb, ub, op, opr, lit, n_ops, params, v0, rho,
[36m(CPUDet4Actor pid=3657424, ip=10.10.2.2)[0m /home/qaragoez/symclf_clean/symclf/examples/4DCartPolerV10/../DET4Fast4D_V10/slsqp_nb.py:993: NumbaWarning: [1m[1m[1m[1m[1m[1m[1mCannot cache compiled function "_nnls" as it uses dynamic globals (such as ctypes pointers and large global arrays)[0m[0m[0m[0m[0m[0m[0m
[36m(CPUDet4Actor pid=3657424, ip=10.10.2.2)[0m   x, f, mode, it = slsqp_solve(kind, seeds[k], lb, ub, op, opr, lit, n_ops, params, v0, rho,
[36m(CPUDet4Actor pid=3657424, ip=10.10.2.2)[0m /home/qaragoez/symclf_clean/symclf/examples/4DCartPolerV10/../DET4Fast4D_V10/slsqp_nb.py:993: NumbaWarning: [1m[1m[1m[1m[1m[1mCannot cache compiled function "_ldp" as it uses dynamic globals (such as ctypes pointers and large global arrays)[0m[0m[0m[0m[0m[0m
[36m(CPUDet4Actor pid=3657424, ip=10.10.2.2)[0m   x, f, mode, it = slsqp_solve(kind, seeds[k], lb, ub, op, opr, lit, n_ops, params, v0, rho,
[36m(CPUDet4Actor pid=3657424, ip=10.10.2.2)[0m /home/qaragoez/symclf_clean/symclf/examples/4DCartPolerV10/../DET4Fast4D_V10/slsqp_nb.py:993: NumbaWarning: [1m[1m[1m[1m[1mCannot cache compiled function "_lsi" as it uses dynamic globals (such as ctypes pointers and large global arrays)[0m[0m[0m[0m[0m
[36m(CPUDet4Actor pid=3657424, ip=10.10.2.2)[0m   x, f, mode, it = slsqp_solve(kind, seeds[k], lb, ub, op, opr, lit, n_ops, params, v0, rho,
[36m(CPUDet4Actor pid=3657424, ip=10.10.2.2)[0m /home/qaragoez/symclf_clean/symclf/examples/4DCartPolerV10/../DET4Fast4D_V10/slsqp_nb.py:993: NumbaWarning: [1m[1m[1m[1mCannot cache compiled function "_lsei" as it uses dynamic globals (such as ctypes pointers and large global arrays)[0m[0m[0m[0m
[36m(CPUDet4Actor pid=3657424, ip=10.10.2.2)[0m   x, f, mode, it = slsqp_solve(kind, seeds[k], lb, ub, op, opr, lit, n_ops, params, v0, rho,
[36m(CPUDet4Actor pid=3657424, ip=10.10.2.2)[0m /home/qaragoez/symclf_clean/symclf/examples/4DCartPolerV10/../DET4Fast4D_V10/slsqp_nb.py:993: NumbaWarning: [1m[1m[1mCannot cache compiled function "_lsq" as it uses dynamic globals (such as ctypes pointers and large global arrays)[0m[0m[0m
[36m(CPUDet4Actor pid=3657424, ip=10.10.2.2)[0m   x, f, mode, it = slsqp_solve(kind, seeds[k], lb, ub, op, opr, lit, n_ops, params, v0, rho,
[36m(CPUDet4Actor pid=3657424, ip=10.10.2.2)[0m /home/qaragoez/symclf_clean/symclf/examples/4DCartPolerV10/../DET4Fast4D_V10/slsqp_nb.py:993: NumbaWarning: [1m[1mCannot cache compiled function "slsqp_solve" as it uses dynamic globals (such as ctypes pointers and large global arrays)[0m[0m
[36m(CPUDet4Actor pid=3657424, ip=10.10.2.2)[0m   x, f, mode, it = slsqp_solve(kind, seeds[k], lb, ub, op, opr, lit, n_ops, params, v0, rho,
[36m(CPUDet4Actor pid=3657422, ip=10.10.2.2)[0m /home/qaragoez/symclf_clean/symclf/examples/4DCartPolerV10/../DET4Fast4D_V10/slsqp_nb.py:993: NumbaWarning: [1m[1m[1m[1m[1m[1m[1mCannot cache compiled function "_nnls" as it uses dynamic globals (such as ctypes pointers and large global arrays)[0m[0m[0m[0m[0m[0m[0m
[36m(CPUDet4Actor pid=3657422, ip=10.10.2.2)[0m   x, f, mode, it = slsqp_solve(kind, seeds[k], lb, ub, op, opr, lit, n_ops, params, v0, rho,
[36m(CPUDet4Actor pid=3657422, ip=10.10.2.2)[0m /home/qaragoez/symclf_clean/symclf/examples/4DCartPolerV10/../DET4Fast4D_V10/slsqp_nb.py:993: NumbaWarning: [1m[1m[1m[1m[1m[1mCannot cache compiled function "_ldp" as it uses dynamic globals (such as ctypes pointers and large global arrays)[0m[0m[0m[0m[0m[0m
[36m(CPUDet4Actor pid=3657422, ip=10.10.2.2)[0m   x, f, mode, it = slsqp_solve(kind, seeds[k], lb, ub, op, opr, lit, n_ops, params, v0, rho,
[36m(CPUDet4Actor pid=3657422, ip=10.10.2.2)[0m /home/qaragoez/symclf_clean/symclf/examples/4DCartPolerV10/../DET4Fast4D_V10/slsqp_nb.py:993: NumbaWarning: [1m[1m[1m[1m[1mCannot cache compiled function "_lsi" as it uses dynamic globals (such as ctypes pointers and large global arrays)[0m[0m[0m[0m[0m
[36m(CPUDet4Actor pid=3657422, ip=10.10.2.2)[0m   x, f, mode, it = slsqp_solve(kind, seeds[k], lb, ub, op, opr, lit, n_ops, params, v0, rho,
[36m(CPUDet4Actor pid=3657422, ip=10.10.2.2)[0m /home/qaragoez/symclf_clean/symclf/examples/4DCartPolerV10/../DET4Fast4D_V10/slsqp_nb.py:993: NumbaWarning: [1m[1m[1m[1mCannot cache compiled function "_lsei" as it uses dynamic globals (such as ctypes pointers and large global arrays)[0m[0m[0m[0m
[36m(CPUDet4Actor pid=3657422, ip=10.10.2.2)[0m   x, f, mode, it = slsqp_solve(kind, seeds[k], lb, ub, op, opr, lit, n_ops, params, v0, rho,
[36m(CPUDet4Actor pid=3657422, ip=10.10.2.2)[0m /home/qaragoez/symclf_clean/symclf/examples/4DCartPolerV10/../DET4Fast4D_V10/slsqp_nb.py:993: NumbaWarning: [1m[1m[1mCannot cache compiled function "_lsq" as it uses dynamic globals (such as ctypes pointers and large global arrays)[0m[0m[0m
[36m(CPUDet4Actor pid=3657422, ip=10.10.2.2)[0m   x, f, mode, it = slsqp_solve(kind, seeds[k], lb, ub, op, opr, lit, n_ops, params, v0, rho,
[36m(CPUDet4Actor pid=3657422, ip=10.10.2.2)[0m /home/qaragoez/symclf_clean/symclf/examples/4DCartPolerV10/../DET4Fast4D_V10/slsqp_nb.py:993: NumbaWarning: [1m[1mCannot cache compiled function "slsqp_solve" as it uses dynamic globals (such as ctypes pointers and large global arrays)[0m[0m
[36m(CPUDet4Actor pid=3657422, ip=10.10.2.2)[0m   x, f, mode, it = slsqp_solve(kind, seeds[k], lb, ub, op, opr, lit, n_ops, params, v0, rho,
[36m(CPUDet4Actor pid=3657413, ip=10.10.2.2)[0m /home/qaragoez/symclf_clean/symclf/examples/4DCartPolerV10/../DET4Fast4D_V10/slsqp_nb.py:993: NumbaWarning: [1m[1m[1m[1m[1m[1m[1mCannot cache compiled function "_nnls" as it uses dynamic globals (such as ctypes pointers and large global arrays)[0m[0m[0m[0m[0m[0m[0m
[36m(CPUDet4Actor pid=3657413, ip=10.10.2.2)[0m   x, f, mode, it = slsqp_solve(kind, seeds[k], lb, ub, op, opr, lit, n_ops, params, v0, rho,
[36m(CPUDet4Actor pid=3657413, ip=10.10.2.2)[0m /home/qaragoez/symclf_clean/symclf/examples/4DCartPolerV10/../DET4Fast4D_V10/slsqp_nb.py:993: NumbaWarning: [1m[1m[1m[1m[1m[1mCannot cache compiled function "_ldp" as it uses dynamic globals (such as ctypes pointers and large global arrays)[0m[0m[0m[0m[0m[0m
[36m(CPUDet4Actor pid=3657413, ip=10.10.2.2)[0m   x, f, mode, it = slsqp_solve(kind, seeds[k], lb, ub, op, opr, lit, n_ops, params, v0, rho,
[36m(CPUDet4Actor pid=3657413, ip=10.10.2.2)[0m /home/qaragoez/symclf_clean/symclf/examples/4DCartPolerV10/../DET4Fast4D_V10/slsqp_nb.py:993: NumbaWarning: [1m[1m[1m[1m[1mCannot cache compiled function "_lsi" as it uses dynamic globals (such as ctypes pointers and large global arrays)[0m[0m[0m[0m[0m
[36m(CPUDet4Actor pid=3657413, ip=10.10.2.2)[0m   x, f, mode, it = slsqp_solve(kind, seeds[k], lb, ub, op, opr, lit, n_ops, params, v0, rho,
[36m(CPUDet4Actor pid=3657413, ip=10.10.2.2)[0m /home/qaragoez/symclf_clean/symclf/examples/4DCartPolerV10/../DET4Fast4D_V10/slsqp_nb.py:993: NumbaWarning: [1m[1m[1m[1mCannot cache compiled function "_lsei" as it uses dynamic globals (such as ctypes pointers and large global arrays)[0m[0m[0m[0m
[36m(CPUDet4Actor pid=3657413, ip=10.10.2.2)[0m   x, f, mode, it = slsqp_solve(kind, seeds[k], lb, ub, op, opr, lit, n_ops, params, v0, rho,
[36m(CPUDet4Actor pid=3657413, ip=10.10.2.2)[0m /home/qaragoez/symclf_clean/symclf/examples/4DCartPolerV10/../DET4Fast4D_V10/slsqp_nb.py:993: NumbaWarning: [1m[1m[1mCannot cache compiled function "_lsq" as it uses dynamic globals (such as ctypes pointers and large global arrays)[0m[0m[0m
[36m(CPUDet4Actor pid=3657413, ip=10.10.2.2)[0m   x, f, mode, it = slsqp_solve(kind, seeds[k], lb, ub, op, opr, lit, n_ops, params, v0, rho,
[36m(CPUDet4Actor pid=3657413, ip=10.10.2.2)[0m /home/qaragoez/symclf_clean/symclf/examples/4DCartPolerV10/../DET4Fast4D_V10/slsqp_nb.py:993: NumbaWarning: [1m[1mCannot cache compiled function "slsqp_solve" as it uses dynamic globals (such as ctypes pointers and large global arrays)[0m[0m
[36m(CPUDet4Actor pid=3657413, ip=10.10.2.2)[0m   x, f, mode, it = slsqp_solve(kind, seeds[k], lb, ub, op, opr, lit, n_ops, params, v0, rho,
[36m(CPUDet4Actor pid=3657417, ip=10.10.2.2)[0m /home/qaragoez/symclf_clean/symclf/examples/4DCartPolerV10/../DET4Fast4D_V10/slsqp_nb.py:993: NumbaWarning: [1m[1m[1m[1m[1m[1m[1mCannot cache compiled function "_nnls" as it uses dynamic globals (such as ctypes pointers and large global arrays)[0m[0m[0m[0m[0m[0m[0m
[36m(CPUDet4Actor pid=3657417, ip=10.10.2.2)[0m   x, f, mode, it = slsqp_solve(kind, seeds[k], lb, ub, op, opr, lit, n_ops, params, v0, rho,
[36m(CPUDet4Actor pid=3657417, ip=10.10.2.2)[0m /home/qaragoez/symclf_clean/symclf/examples/4DCartPolerV10/../DET4Fast4D_V10/slsqp_nb.py:993: NumbaWarning: [1m[1m[1m[1m[1m[1mCannot cache compiled function "_ldp" as it uses dynamic globals (such as ctypes pointers and large global arrays)[0m[0m[0m[0m[0m[0m
[36m(CPUDet4Actor pid=3657417, ip=10.10.2.2)[0m   x, f, mode, it = slsqp_solve(kind, seeds[k], lb, ub, op, opr, lit, n_ops, params, v0, rho,
[36m(CPUDet4Actor pid=3657417, ip=10.10.2.2)[0m /home/qaragoez/symclf_clean/symclf/examples/4DCartPolerV10/../DET4Fast4D_V10/slsqp_nb.py:993: NumbaWarning: [1m[1m[1m[1m[1mCannot cache compiled function "_lsi" as it uses dynamic globals (such as ctypes pointers and large global arrays)[0m[0m[0m[0m[0m
[36m(CPUDet4Actor pid=3657417, ip=10.10.2.2)[0m   x, f, mode, it = slsqp_solve(kind, seeds[k], lb, ub, op, opr, lit, n_ops, params, v0, rho,
[36m(CPUDet4Actor pid=3657417, ip=10.10.2.2)[0m /home/qaragoez/symclf_clean/symclf/examples/4DCartPolerV10/../DET4Fast4D_V10/slsqp_nb.py:993: NumbaWarning: [1m[1m[1m[1mCannot cache compiled function "_lsei" as it uses dynamic globals (such as ctypes pointers and large global arrays)[0m[0m[0m[0m
[36m(CPUDet4Actor pid=3657417, ip=10.10.2.2)[0m   x, f, mode, it = slsqp_solve(kind, seeds[k], lb, ub, op, opr, lit, n_ops, params, v0, rho,
[36m(CPUDet4Actor pid=3657417, ip=10.10.2.2)[0m /home/qaragoez/symclf_clean/symclf/examples/4DCartPolerV10/../DET4Fast4D_V10/slsqp_nb.py:993: NumbaWarning: [1m[1m[1mCannot cache compiled function "_lsq" as it uses dynamic globals (such as ctypes pointers and large global arrays)[0m[0m[0m
[36m(CPUDet4Actor pid=3657417, ip=10.10.2.2)[0m   x, f, mode, it = slsqp_solve(kind, seeds[k], lb, ub, op, opr, lit, n_ops, params, v0, rho,
[36m(CPUDet4Actor pid=3657417, ip=10.10.2.2)[0m /home/qaragoez/symclf_clean/symclf/examples/4DCartPolerV10/../DET4Fast4D_V10/slsqp_nb.py:993: NumbaWarning: [1m[1mCannot cache compiled function "slsqp_solve" as it uses dynamic globals (such as ctypes pointers and large global arrays)[0m[0m
[36m(CPUDet4Actor pid=3657417, ip=10.10.2.2)[0m   x, f, mode, it = slsqp_solve(kind, seeds[k], lb, ub, op, opr, lit, n_ops, params, v0, rho,
[36m(CPUDet4Actor pid=3657414, ip=10.10.2.2)[0m /home/qaragoez/symclf_clean/symclf/examples/4DCartPolerV10/../DET4Fast4D_V10/slsqp_nb.py:993: NumbaWarning: [1m[1m[1m[1m[1m[1m[1mCannot cache compiled function "_nnls" as it uses dynamic globals (such as ctypes pointers and large global arrays)[0m[0m[0m[0m[0m[0m[0m
[36m(CPUDet4Actor pid=3657414, ip=10.10.2.2)[0m   x, f, mode, it = slsqp_solve(kind, seeds[k], lb, ub, op, opr, lit, n_ops, params, v0, rho,
[36m(CPUDet4Actor pid=3657414, ip=10.10.2.2)[0m /home/qaragoez/symclf_clean/symclf/examples/4DCartPolerV10/../DET4Fast4D_V10/slsqp_nb.py:993: NumbaWarning: [1m[1m[1m[1m[1m[1mCannot cache compiled function "_ldp" as it uses dynamic globals (such as ctypes pointers and large global arrays)[0m[0m[0m[0m[0m[0m
[36m(CPUDet4Actor pid=3657414, ip=10.10.2.2)[0m   x, f, mode, it = slsqp_solve(kind, seeds[k], lb, ub, op, opr, lit, n_ops, params, v0, rho,
[36m(CPUDet4Actor pid=3657414, ip=10.10.2.2)[0m /home/qaragoez/symclf_clean/symclf/examples/4DCartPolerV10/../DET4Fast4D_V10/slsqp_nb.py:993: NumbaWarning: [1m[1m[1m[1m[1mCannot cache compiled function "_lsi" as it uses dynamic globals (such as ctypes pointers and large global arrays)[0m[0m[0m[0m[0m
[36m(CPUDet4Actor pid=3657414, ip=10.10.2.2)[0m   x, f, mode, it = slsqp_solve(kind, seeds[k], lb, ub, op, opr, lit, n_ops, params, v0, rho,
[36m(CPUDet4Actor pid=3657414, ip=10.10.2.2)[0m /home/qaragoez/symclf_clean/symclf/examples/4DCartPolerV10/../DET4Fast4D_V10/slsqp_nb.py:993: NumbaWarning: [1m[1m[1m[1mCannot cache compiled function "_lsei" as it uses dynamic globals (such as ctypes pointers and large global arrays)[0m[0m[0m[0m
[36m(CPUDet4Actor pid=3657414, ip=10.10.2.2)[0m   x, f, mode, it = slsqp_solve(kind, seeds[k], lb, ub, op, opr, lit, n_ops, params, v0, rho,
[36m(CPUDet4Actor pid=3657414, ip=10.10.2.2)[0m /home/qaragoez/symclf_clean/symclf/examples/4DCartPolerV10/../DET4Fast4D_V10/slsqp_nb.py:993: NumbaWarning: [1m[1m[1mCannot cache compiled function "_lsq" as it uses dynamic globals (such as ctypes pointers and large global arrays)[0m[0m[0m
[36m(CPUDet4Actor pid=3657414, ip=10.10.2.2)[0m   x, f, mode, it = slsqp_solve(kind, seeds[k], lb, ub, op, opr, lit, n_ops, params, v0, rho,
[36m(CPUDet4Actor pid=3657414, ip=10.10.2.2)[0m /home/qaragoez/symclf_clean/symclf/examples/4DCartPolerV10/../DET4Fast4D_V10/slsqp_nb.py:993: NumbaWarning: [1m[1mCannot cache compiled function "slsqp_solve" as it uses dynamic globals (such as ctypes pointers and large global arrays)[0m[0m
[36m(CPUDet4Actor pid=3657414, ip=10.10.2.2)[0m   x, f, mode, it = slsqp_solve(kind, seeds[k], lb, ub, op, opr, lit, n_ops, params, v0, rho,
[36m(CPUDet4Actor pid=3657420, ip=10.10.2.2)[0m /home/qaragoez/symclf_clean/symclf/examples/4DCartPolerV10/../DET4Fast4D_V10/slsqp_nb.py:993: NumbaWarning: [1m[1m[1m[1m[1m[1m[1mCannot cache compiled function "_nnls" as it uses dynamic globals (such as ctypes pointers and large global arrays)[0m[0m[0m[0m[0m[0m[0m
[36m(CPUDet4Actor pid=3657420, ip=10.10.2.2)[0m   x, f, mode, it = slsqp_solve(kind, seeds[k], lb, ub, op, opr, lit, n_ops, params, v0, rho,
[36m(CPUDet4Actor pid=3657420, ip=10.10.2.2)[0m /home/qaragoez/symclf_clean/symclf/examples/4DCartPolerV10/../DET4Fast4D_V10/slsqp_nb.py:993: NumbaWarning: [1m[1m[1m[1m[1m[1mCannot cache compiled function "_ldp" as it uses dynamic globals (such as ctypes pointers and large global arrays)[0m[0m[0m[0m[0m[0m
[36m(CPUDet4Actor pid=3657420, ip=10.10.2.2)[0m   x, f, mode, it = slsqp_solve(kind, seeds[k], lb, ub, op, opr, lit, n_ops, params, v0, rho,
[36m(CPUDet4Actor pid=3657420, ip=10.10.2.2)[0m /home/qaragoez/symclf_clean/symclf/examples/4DCartPolerV10/../DET4Fast4D_V10/slsqp_nb.py:993: NumbaWarning: [1m[1m[1m[1m[1mCannot cache compiled function "_lsi" as it uses dynamic globals (such as ctypes pointers and large global arrays)[0m[0m[0m[0m[0m
[36m(CPUDet4Actor pid=3657420, ip=10.10.2.2)[0m   x, f, mode, it = slsqp_solve(kind, seeds[k], lb, ub, op, opr, lit, n_ops, params, v0, rho,
[36m(CPUDet4Actor pid=3657420, ip=10.10.2.2)[0m /home/qaragoez/symclf_clean/symclf/examples/4DCartPolerV10/../DET4Fast4D_V10/slsqp_nb.py:993: NumbaWarning: [1m[1m[1m[1mCannot cache compiled function "_lsei" as it uses dynamic globals (such as ctypes pointers and large global arrays)[0m[0m[0m[0m
[36m(CPUDet4Actor pid=3657420, ip=10.10.2.2)[0m   x, f, mode, it = slsqp_solve(kind, seeds[k], lb, ub, op, opr, lit, n_ops, params, v0, rho,
[36m(CPUDet4Actor pid=3657420, ip=10.10.2.2)[0m /home/qaragoez/symclf_clean/symclf/examples/4DCartPolerV10/../DET4Fast4D_V10/slsqp_nb.py:993: NumbaWarning: [1m[1m[1mCannot cache compiled function "_lsq" as it uses dynamic globals (such as ctypes pointers and large global arrays)[0m[0m[0m
[36m(CPUDet4Actor pid=3657420, ip=10.10.2.2)[0m   x, f, mode, it = slsqp_solve(kind, seeds[k], lb, ub, op, opr, lit, n_ops, params, v0, rho,
[36m(CPUDet4Actor pid=3657420, ip=10.10.2.2)[0m /home/qaragoez/symclf_clean/symclf/examples/4DCartPolerV10/../DET4Fast4D_V10/slsqp_nb.py:993: NumbaWarning: [1m[1mCannot cache compiled function "slsqp_solve" as it uses dynamic globals (such as ctypes pointers and large global arrays)[0m[0m
[36m(CPUDet4Actor pid=3657420, ip=10.10.2.2)[0m   x, f, mode, it = slsqp_solve(kind, seeds[k], lb, ub, op, opr, lit, n_ops, params, v0, rho,
[36m(CPUDet4Actor pid=3657411, ip=10.10.2.2)[0m /home/qaragoez/symclf_clean/symclf/examples/4DCartPolerV10/../DET4Fast4D_V10/slsqp_nb.py:993: NumbaWarning: [1m[1m[1m[1m[1m[1m[1mCannot cache compiled function "_nnls" as it uses dynamic globals (such as ctypes pointers and large global arrays)[0m[0m[0m[0m[0m[0m[0m
[36m(CPUDet4Actor pid=3657411, ip=10.10.2.2)[0m   x, f, mode, it = slsqp_solve(kind, seeds[k], lb, ub, op, opr, lit, n_ops, params, v0, rho,
[36m(CPUDet4Actor pid=3657411, ip=10.10.2.2)[0m /home/qaragoez/symclf_clean/symclf/examples/4DCartPolerV10/../DET4Fast4D_V10/slsqp_nb.py:993: NumbaWarning: [1m[1m[1m[1m[1m[1mCannot cache compiled function "_ldp" as it uses dynamic globals (such as ctypes pointers and large global arrays)[0m[0m[0m[0m[0m[0m
[36m(CPUDet4Actor pid=3657411, ip=10.10.2.2)[0m   x, f, mode, it = slsqp_solve(kind, seeds[k], lb, ub, op, opr, lit, n_ops, params, v0, rho,
[36m(CPUDet4Actor pid=3657411, ip=10.10.2.2)[0m /home/qaragoez/symclf_clean/symclf/examples/4DCartPolerV10/../DET4Fast4D_V10/slsqp_nb.py:993: NumbaWarning: [1m[1m[1m[1m[1mCannot cache compiled function "_lsi" as it uses dynamic globals (such as ctypes pointers and large global arrays)[0m[0m[0m[0m[0m
[36m(CPUDet4Actor pid=3657411, ip=10.10.2.2)[0m   x, f, mode, it = slsqp_solve(kind, seeds[k], lb, ub, op, opr, lit, n_ops, params, v0, rho,
[36m(CPUDet4Actor pid=3657411, ip=10.10.2.2)[0m /home/qaragoez/symclf_clean/symclf/examples/4DCartPolerV10/../DET4Fast4D_V10/slsqp_nb.py:993: NumbaWarning: [1m[1m[1m[1mCannot cache compiled function "_lsei" as it uses dynamic globals (such as ctypes pointers and large global arrays)[0m[0m[0m[0m
[36m(CPUDet4Actor pid=3657411, ip=10.10.2.2)[0m   x, f, mode, it = slsqp_solve(kind, seeds[k], lb, ub, op, opr, lit, n_ops, params, v0, rho,
[36m(CPUDet4Actor pid=3657411, ip=10.10.2.2)[0m /home/qaragoez/symclf_clean/symclf/examples/4DCartPolerV10/../DET4Fast4D_V10/slsqp_nb.py:993: NumbaWarning: [1m[1m[1mCannot cache compiled function "_lsq" as it uses dynamic globals (such as ctypes pointers and large global arrays)[0m[0m[0m
[36m(CPUDet4Actor pid=3657411, ip=10.10.2.2)[0m   x, f, mode, it = slsqp_solve(kind, seeds[k], lb, ub, op, opr, lit, n_ops, params, v0, rho,
[36m(CPUDet4Actor pid=3657411, ip=10.10.2.2)[0m /home/qaragoez/symclf_clean/symclf/examples/4DCartPolerV10/../DET4Fast4D_V10/slsqp_nb.py:993: NumbaWarning: [1m[1mCannot cache compiled function "slsqp_solve" as it uses dynamic globals (such as ctypes pointers and large global arrays)[0m[0m
[36m(CPUDet4Actor pid=3657411, ip=10.10.2.2)[0m   x, f, mode, it = slsqp_solve(kind, seeds[k], lb, ub, op, opr, lit, n_ops, params, v0, rho,
[36m(CPUDet4Actor pid=3657416, ip=10.10.2.2)[0m /home/qaragoez/symclf_clean/symclf/examples/4DCartPolerV10/../DET4Fast4D_V10/slsqp_nb.py:993: NumbaWarning: [1m[1m[1m[1m[1m[1m[1mCannot cache compiled function "_nnls" as it uses dynamic globals (such as ctypes pointers and large global arrays)[0m[0m[0m[0m[0m[0m[0m
[36m(CPUDet4Actor pid=3657416, ip=10.10.2.2)[0m   x, f, mode, it = slsqp_solve(kind, seeds[k], lb, ub, op, opr, lit, n_ops, params, v0, rho,
[36m(CPUDet4Actor pid=3657416, ip=10.10.2.2)[0m /home/qaragoez/symclf_clean/symclf/examples/4DCartPolerV10/../DET4Fast4D_V10/slsqp_nb.py:993: NumbaWarning: [1m[1m[1m[1m[1m[1mCannot cache compiled function "_ldp" as it uses dynamic globals (such as ctypes pointers and large global arrays)[0m[0m[0m[0m[0m[0m
[36m(CPUDet4Actor pid=3657416, ip=10.10.2.2)[0m   x, f, mode, it = slsqp_solve(kind, seeds[k], lb, ub, op, opr, lit, n_ops, params, v0, rho,
[36m(CPUDet4Actor pid=3657416, ip=10.10.2.2)[0m /home/qaragoez/symclf_clean/symclf/examples/4DCartPolerV10/../DET4Fast4D_V10/slsqp_nb.py:993: NumbaWarning: [1m[1m[1m[1m[1mCannot cache compiled function "_lsi" as it uses dynamic globals (such as ctypes pointers and large global arrays)[0m[0m[0m[0m[0m
[36m(CPUDet4Actor pid=3657416, ip=10.10.2.2)[0m   x, f, mode, it = slsqp_solve(kind, seeds[k], lb, ub, op, opr, lit, n_ops, params, v0, rho,
[36m(CPUDet4Actor pid=3657416, ip=10.10.2.2)[0m /home/qaragoez/symclf_clean/symclf/examples/4DCartPolerV10/../DET4Fast4D_V10/slsqp_nb.py:993: NumbaWarning: [1m[1m[1m[1mCannot cache compiled function "_lsei" as it uses dynamic globals (such as ctypes pointers and large global arrays)[0m[0m[0m[0m
[36m(CPUDet4Actor pid=3657416, ip=10.10.2.2)[0m   x, f, mode, it = slsqp_solve(kind, seeds[k], lb, ub, op, opr, lit, n_ops, params, v0, rho,
[36m(CPUDet4Actor pid=3657416, ip=10.10.2.2)[0m /home/qaragoez/symclf_clean/symclf/examples/4DCartPolerV10/../DET4Fast4D_V10/slsqp_nb.py:993: NumbaWarning: [1m[1m[1mCannot cache compiled function "_lsq" as it uses dynamic globals (such as ctypes pointers and large global arrays)[0m[0m[0m
[36m(CPUDet4Actor pid=3657416, ip=10.10.2.2)[0m   x, f, mode, it = slsqp_solve(kind, seeds[k], lb, ub, op, opr, lit, n_ops, params, v0, rho,
[36m(CPUDet4Actor pid=3657416, ip=10.10.2.2)[0m /home/qaragoez/symclf_clean/symclf/examples/4DCartPolerV10/../DET4Fast4D_V10/slsqp_nb.py:993: NumbaWarning: [1m[1mCannot cache compiled function "slsqp_solve" as it uses dynamic globals (such as ctypes pointers and large global arrays)[0m[0m
[36m(CPUDet4Actor pid=3657416, ip=10.10.2.2)[0m   x, f, mode, it = slsqp_solve(kind, seeds[k], lb, ub, op, opr, lit, n_ops, params, v0, rho,
[36m(CPUDet4Actor pid=3657418, ip=10.10.2.2)[0m /home/qaragoez/symclf_clean/symclf/examples/4DCartPolerV10/../DET4Fast4D_V10/slsqp_nb.py:993: NumbaWarning: [1m[1m[1m[1m[1m[1m[1mCannot cache compiled function "_nnls" as it uses dynamic globals (such as ctypes pointers and large global arrays)[0m[0m[0m[0m[0m[0m[0m
[36m(CPUDet4Actor pid=3657418, ip=10.10.2.2)[0m   x, f, mode, it = slsqp_solve(kind, seeds[k], lb, ub, op, opr, lit, n_ops, params, v0, rho,
[36m(CPUDet4Actor pid=3657418, ip=10.10.2.2)[0m /home/qaragoez/symclf_clean/symclf/examples/4DCartPolerV10/../DET4Fast4D_V10/slsqp_nb.py:993: NumbaWarning: [1m[1m[1m[1m[1m[1mCannot cache compiled function "_ldp" as it uses dynamic globals (such as ctypes pointers and large global arrays)[0m[0m[0m[0m[0m[0m
[36m(CPUDet4Actor pid=3657418, ip=10.10.2.2)[0m   x, f, mode, it = slsqp_solve(kind, seeds[k], lb, ub, op, opr, lit, n_ops, params, v0, rho,
[36m(CPUDet4Actor pid=3657418, ip=10.10.2.2)[0m /home/qaragoez/symclf_clean/symclf/examples/4DCartPolerV10/../DET4Fast4D_V10/slsqp_nb.py:993: NumbaWarning: [1m[1m[1m[1m[1mCannot cache compiled function "_lsi" as it uses dynamic globals (such as ctypes pointers and large global arrays)[0m[0m[0m[0m[0m
[36m(CPUDet4Actor pid=3657418, ip=10.10.2.2)[0m   x, f, mode, it = slsqp_solve(kind, seeds[k], lb, ub, op, opr, lit, n_ops, params, v0, rho,
[36m(CPUDet4Actor pid=3657418, ip=10.10.2.2)[0m /home/qaragoez/symclf_clean/symclf/examples/4DCartPolerV10/../DET4Fast4D_V10/slsqp_nb.py:993: NumbaWarning: [1m[1m[1m[1mCannot cache compiled function "_lsei" as it uses dynamic globals (such as ctypes pointers and large global arrays)[0m[0m[0m[0m
[36m(CPUDet4Actor pid=3657418, ip=10.10.2.2)[0m   x, f, mode, it = slsqp_solve(kind, seeds[k], lb, ub, op, opr, lit, n_ops, params, v0, rho,
[36m(CPUDet4Actor pid=3657418, ip=10.10.2.2)[0m /home/qaragoez/symclf_clean/symclf/examples/4DCartPolerV10/../DET4Fast4D_V10/slsqp_nb.py:993: NumbaWarning: [1m[1m[1mCannot cache compiled function "_lsq" as it uses dynamic globals (such as ctypes pointers and large global arrays)[0m[0m[0m
[36m(CPUDet4Actor pid=3657418, ip=10.10.2.2)[0m   x, f, mode, it = slsqp_solve(kind, seeds[k], lb, ub, op, opr, lit, n_ops, params, v0, rho,
[36m(CPUDet4Actor pid=3657418, ip=10.10.2.2)[0m /home/qaragoez/symclf_clean/symclf/examples/4DCartPolerV10/../DET4Fast4D_V10/slsqp_nb.py:993: NumbaWarning: [1m[1mCannot cache compiled function "slsqp_solve" as it uses dynamic globals (such as ctypes pointers and large global arrays)[0m[0m
[36m(CPUDet4Actor pid=3657418, ip=10.10.2.2)[0m   x, f, mode, it = slsqp_solve(kind, seeds[k], lb, ub, op, opr, lit, n_ops, params, v0, rho,
[36m(CPUDet4Actor pid=3459332)[0m /home/qaragoez/symclf_clean/symclf/examples/4DCartPolerV10/../DET4Fast4D_V10/slsqp_nb.py:993: NumbaWarning: [1m[1m[1m[1m[1m[1m[1mCannot cache compiled function "_nnls" as it uses dynamic globals (such as ctypes pointers and large global arrays)[0m[0m[0m[0m[0m[0m[0m
[36m(CPUDet4Actor pid=3459332)[0m   x, f, mode, it = slsqp_solve(kind, seeds[k], lb, ub, op, opr, lit, n_ops, params, v0, rho,
[36m(CPUDet4Actor pid=3459332)[0m /home/qaragoez/symclf_clean/symclf/examples/4DCartPolerV10/../DET4Fast4D_V10/slsqp_nb.py:993: NumbaWarning: [1m[1m[1m[1m[1m[1mCannot cache compiled function "_ldp" as it uses dynamic globals (such as ctypes pointers and large global arrays)[0m[0m[0m[0m[0m[0m
[36m(CPUDet4Actor pid=3459332)[0m   x, f, mode, it = slsqp_solve(kind, seeds[k], lb, ub, op, opr, lit, n_ops, params, v0, rho,
[36m(CPUDet4Actor pid=3459332)[0m /home/qaragoez/symclf_clean/symclf/examples/4DCartPolerV10/../DET4Fast4D_V10/slsqp_nb.py:993: NumbaWarning: [1m[1m[1m[1m[1mCannot cache compiled function "_lsi" as it uses dynamic globals (such as ctypes pointers and large global arrays)[0m[0m[0m[0m[0m
[36m(CPUDet4Actor pid=3459332)[0m   x, f, mode, it = slsqp_solve(kind, seeds[k], lb, ub, op, opr, lit, n_ops, params, v0, rho,
[36m(CPUDet4Actor pid=3459332)[0m /home/qaragoez/symclf_clean/symclf/examples/4DCartPolerV10/../DET4Fast4D_V10/slsqp_nb.py:993: NumbaWarning: [1m[1m[1m[1mCannot cache compiled function "_lsei" as it uses dynamic globals (such as ctypes pointers and large global arrays)[0m[0m[0m[0m
[36m(CPUDet4Actor pid=3459332)[0m   x, f, mode, it = slsqp_solve(kind, seeds[k], lb, ub, op, opr, lit, n_ops, params, v0, rho,
[36m(CPUDet4Actor pid=3459332)[0m /home/qaragoez/symclf_clean/symclf/examples/4DCartPolerV10/../DET4Fast4D_V10/slsqp_nb.py:993: NumbaWarning: [1m[1m[1mCannot cache compiled function "_lsq" as it uses dynamic globals (such as ctypes pointers and large global arrays)[0m[0m[0m
[36m(CPUDet4Actor pid=3459332)[0m   x, f, mode, it = slsqp_solve(kind, seeds[k], lb, ub, op, opr, lit, n_ops, params, v0, rho,
[36m(CPUDet4Actor pid=3459332)[0m /home/qaragoez/symclf_clean/symclf/examples/4DCartPolerV10/../DET4Fast4D_V10/slsqp_nb.py:993: NumbaWarning: [1m[1mCannot cache compiled function "slsqp_solve" as it uses dynamic globals (such as ctypes pointers and large global arrays)[0m[0m
[36m(CPUDet4Actor pid=3459332)[0m   x, f, mode, it = slsqp_solve(kind, seeds[k], lb, ub, op, opr, lit, n_ops, params, v0, rho,
[36m(CPUDet4Actor pid=3657419, ip=10.10.2.2)[0m /home/qaragoez/symclf_clean/symclf/examples/4DCartPolerV10/../DET4Fast4D_V10/slsqp_nb.py:984: NumbaWarning: [1mCannot cache compiled function "slsqp_many" as it uses dynamic globals (such as ctypes pointers and large global arrays)[0m
[36m(CPUDet4Actor pid=3657419, ip=10.10.2.2)[0m   @njit(cache=True, parallel=True)
[36m(CPUDet4Actor pid=3657410, ip=10.10.2.2)[0m /home/qaragoez/symclf_clean/symclf/examples/4DCartPolerV10/../DET4Fast4D_V10/slsqp_nb.py:984: NumbaWarning: [1mCannot cache compiled function "slsqp_many" as it uses dynamic globals (such as ctypes pointers and large global arrays)[0m
[36m(CPUDet4Actor pid=3657410, ip=10.10.2.2)[0m   @njit(cache=True, parallel=True)
[36m(CPUDet4Actor pid=3657415, ip=10.10.2.2)[0m /home/qaragoez/symclf_clean/symclf/examples/4DCartPolerV10/../DET4Fast4D_V10/slsqp_nb.py:984: NumbaWarning: [1mCannot cache compiled function "slsqp_many" as it uses dynamic globals (such as ctypes pointers and large global arrays)[0m
[36m(CPUDet4Actor pid=3657415, ip=10.10.2.2)[0m   @njit(cache=True, parallel=True)
[36m(CPUDet4Actor pid=3459333)[0m /home/qaragoez/symclf_clean/symclf/examples/4DCartPolerV10/../DET4Fast4D_V10/slsqp_nb.py:993: NumbaWarning: [1m[1m[1m[1m[1m[1m[1mCannot cache compiled function "_nnls" as it uses dynamic globals (such as ctypes pointers and large global arrays)[0m[0m[0m[0m[0m[0m[0m
[36m(CPUDet4Actor pid=3459333)[0m   x, f, mode, it = slsqp_solve(kind, seeds[k], lb, ub, op, opr, lit, n_ops, params, v0, rho,
[36m(CPUDet4Actor pid=3459333)[0m /home/qaragoez/symclf_clean/symclf/examples/4DCartPolerV10/../DET4Fast4D_V10/slsqp_nb.py:993: NumbaWarning: [1m[1m[1m[1m[1m[1mCannot cache compiled function "_ldp" as it uses dynamic globals (such as ctypes pointers and large global arrays)[0m[0m[0m[0m[0m[0m
[36m(CPUDet4Actor pid=3459333)[0m   x, f, mode, it = slsqp_solve(kind, seeds[k], lb, ub, op, opr, lit, n_ops, params, v0, rho,
[36m(CPUDet4Actor pid=3459333)[0m /home/qaragoez/symclf_clean/symclf/examples/4DCartPolerV10/../DET4Fast4D_V10/slsqp_nb.py:993: NumbaWarning: [1m[1m[1m[1m[1mCannot cache compiled function "_lsi" as it uses dynamic globals (such as ctypes pointers and large global arrays)[0m[0m[0m[0m[0m
[36m(CPUDet4Actor pid=3459333)[0m   x, f, mode, it = slsqp_solve(kind, seeds[k], lb, ub, op, opr, lit, n_ops, params, v0, rho,
[36m(CPUDet4Actor pid=3459333)[0m /home/qaragoez/symclf_clean/symclf/examples/4DCartPolerV10/../DET4Fast4D_V10/slsqp_nb.py:993: NumbaWarning: [1m[1m[1m[1mCannot cache compiled function "_lsei" as it uses dynamic globals (such as ctypes pointers and large global arrays)[0m[0m[0m[0m
[36m(CPUDet4Actor pid=3459333)[0m   x, f, mode, it = slsqp_solve(kind, seeds[k], lb, ub, op, opr, lit, n_ops, params, v0, rho,
[36m(CPUDet4Actor pid=3459333)[0m /home/qaragoez/symclf_clean/symclf/examples/4DCartPolerV10/../DET4Fast4D_V10/slsqp_nb.py:993: NumbaWarning: [1m[1m[1mCannot cache compiled function "_lsq" as it uses dynamic globals (such as ctypes pointers and large global arrays)[0m[0m[0m
[36m(CPUDet4Actor pid=3459333)[0m   x, f, mode, it = slsqp_solve(kind, seeds[k], lb, ub, op, opr, lit, n_ops, params, v0, rho,
[36m(CPUDet4Actor pid=3459333)[0m /home/qaragoez/symclf_clean/symclf/examples/4DCartPolerV10/../DET4Fast4D_V10/slsqp_nb.py:993: NumbaWarning: [1m[1mCannot cache compiled function "slsqp_solve" as it uses dynamic globals (such as ctypes pointers and large global arrays)[0m[0m
[36m(CPUDet4Actor pid=3459333)[0m   x, f, mode, it = slsqp_solve(kind, seeds[k], lb, ub, op, opr, lit, n_ops, params, v0, rho,
[36m(CPUDet4Actor pid=3657409, ip=10.10.2.2)[0m /home/qaragoez/symclf_clean/symclf/examples/4DCartPolerV10/../DET4Fast4D_V10/slsqp_nb.py:984: NumbaWarning: [1mCannot cache compiled function "slsqp_many" as it uses dynamic globals (such as ctypes pointers and large global arrays)[0m
[36m(CPUDet4Actor pid=3657409, ip=10.10.2.2)[0m   @njit(cache=True, parallel=True)
[36m(CPUDet4Actor pid=3657421, ip=10.10.2.2)[0m /home/qaragoez/symclf_clean/symclf/examples/4DCartPolerV10/../DET4Fast4D_V10/slsqp_nb.py:984: NumbaWarning: [1mCannot cache compiled function "slsqp_many" as it uses dynamic globals (such as ctypes pointers and large global arrays)[0m
[36m(CPUDet4Actor pid=3657421, ip=10.10.2.2)[0m   @njit(cache=True, parallel=True)
[36m(CPUDet4Actor pid=3657412, ip=10.10.2.2)[0m /home/qaragoez/symclf_clean/symclf/examples/4DCartPolerV10/../DET4Fast4D_V10/slsqp_nb.py:993: NumbaWarning: [1m[1m[1m[1m[1m[1m[1mCannot cache compiled function "_nnls" as it uses dynamic globals (such as ctypes pointers and large global arrays)[0m[0m[0m[0m[0m[0m[0m
[36m(CPUDet4Actor pid=3657412, ip=10.10.2.2)[0m   x, f, mode, it = slsqp_solve(kind, seeds[k], lb, ub, op, opr, lit, n_ops, params, v0, rho,
[36m(CPUDet4Actor pid=3657412, ip=10.10.2.2)[0m /home/qaragoez/symclf_clean/symclf/examples/4DCartPolerV10/../DET4Fast4D_V10/slsqp_nb.py:993: NumbaWarning: [1m[1m[1m[1m[1m[1mCannot cache compiled function "_ldp" as it uses dynamic globals (such as ctypes pointers and large global arrays)[0m[0m[0m[0m[0m[0m
[36m(CPUDet4Actor pid=3657412, ip=10.10.2.2)[0m   x, f, mode, it = slsqp_solve(kind, seeds[k], lb, ub, op, opr, lit, n_ops, params, v0, rho,
[36m(CPUDet4Actor pid=3657412, ip=10.10.2.2)[0m /home/qaragoez/symclf_clean/symclf/examples/4DCartPolerV10/../DET4Fast4D_V10/slsqp_nb.py:993: NumbaWarning: [1m[1m[1m[1m[1mCannot cache compiled function "_lsi" as it uses dynamic globals (such as ctypes pointers and large global arrays)[0m[0m[0m[0m[0m
[36m(CPUDet4Actor pid=3657412, ip=10.10.2.2)[0m   x, f, mode, it = slsqp_solve(kind, seeds[k], lb, ub, op, opr, lit, n_ops, params, v0, rho,
[36m(CPUDet4Actor pid=3657412, ip=10.10.2.2)[0m /home/qaragoez/symclf_clean/symclf/examples/4DCartPolerV10/../DET4Fast4D_V10/slsqp_nb.py:993: NumbaWarning: [1m[1m[1m[1mCannot cache compiled function "_lsei" as it uses dynamic globals (such as ctypes pointers and large global arrays)[0m[0m[0m[0m
[36m(CPUDet4Actor pid=3657412, ip=10.10.2.2)[0m   x, f, mode, it = slsqp_solve(kind, seeds[k], lb, ub, op, opr, lit, n_ops, params, v0, rho,
[36m(CPUDet4Actor pid=3657412, ip=10.10.2.2)[0m /home/qaragoez/symclf_clean/symclf/examples/4DCartPolerV10/../DET4Fast4D_V10/slsqp_nb.py:993: NumbaWarning: [1m[1m[1mCannot cache compiled function "_lsq" as it uses dynamic globals (such as ctypes pointers and large global arrays)[0m[0m[0m
[36m(CPUDet4Actor pid=3657412, ip=10.10.2.2)[0m   x, f, mode, it = slsqp_solve(kind, seeds[k], lb, ub, op, opr, lit, n_ops, params, v0, rho,
[36m(CPUDet4Actor pid=3657412, ip=10.10.2.2)[0m /home/qaragoez/symclf_clean/symclf/examples/4DCartPolerV10/../DET4Fast4D_V10/slsqp_nb.py:993: NumbaWarning: [1m[1mCannot cache compiled function "slsqp_solve" as it uses dynamic globals (such as ctypes pointers and large global arrays)[0m[0m
[36m(CPUDet4Actor pid=3657412, ip=10.10.2.2)[0m   x, f, mode, it = slsqp_solve(kind, seeds[k], lb, ub, op, opr, lit, n_ops, params, v0, rho,
[36m(CPUDet4Actor pid=3657424, ip=10.10.2.2)[0m /home/qaragoez/symclf_clean/symclf/examples/4DCartPolerV10/../DET4Fast4D_V10/slsqp_nb.py:984: NumbaWarning: [1mCannot cache compiled function "slsqp_many" as it uses dynamic globals (such as ctypes pointers and large global arrays)[0m
[36m(CPUDet4Actor pid=3657424, ip=10.10.2.2)[0m   @njit(cache=True, parallel=True)
[36m(CPUDet4Actor pid=3657422, ip=10.10.2.2)[0m /home/qaragoez/symclf_clean/symclf/examples/4DCartPolerV10/../DET4Fast4D_V10/slsqp_nb.py:984: NumbaWarning: [1mCannot cache compiled function "slsqp_many" as it uses dynamic globals (such as ctypes pointers and large global arrays)[0m
[36m(CPUDet4Actor pid=3657422, ip=10.10.2.2)[0m   @njit(cache=True, parallel=True)
[36m(CPUDet4Actor pid=3657411, ip=10.10.2.2)[0m /home/qaragoez/symclf_clean/symclf/examples/4DCartPolerV10/../DET4Fast4D_V10/slsqp_nb.py:984: NumbaWarning: [1mCannot cache compiled function "slsqp_many" as it uses dynamic globals (such as ctypes pointers and large global arrays)[0m
[36m(CPUDet4Actor pid=3657411, ip=10.10.2.2)[0m   @njit(cache=True, parallel=True)
[36m(CPUDet4Actor pid=3657413, ip=10.10.2.2)[0m /home/qaragoez/symclf_clean/symclf/examples/4DCartPolerV10/../DET4Fast4D_V10/slsqp_nb.py:984: NumbaWarning: [1mCannot cache compiled function "slsqp_many" as it uses dynamic globals (such as ctypes pointers and large global arrays)[0m
[36m(CPUDet4Actor pid=3657413, ip=10.10.2.2)[0m   @njit(cache=True, parallel=True)
[36m(CPUDet4Actor pid=3657416, ip=10.10.2.2)[0m /home/qaragoez/symclf_clean/symclf/examples/4DCartPolerV10/../DET4Fast4D_V10/slsqp_nb.py:984: NumbaWarning: [1mCannot cache compiled function "slsqp_many" as it uses dynamic globals (such as ctypes pointers and large global arrays)[0m
[36m(CPUDet4Actor pid=3657416, ip=10.10.2.2)[0m   @njit(cache=True, parallel=True)
[36m(CPUDet4Actor pid=3657414, ip=10.10.2.2)[0m /home/qaragoez/symclf_clean/symclf/examples/4DCartPolerV10/../DET4Fast4D_V10/slsqp_nb.py:984: NumbaWarning: [1mCannot cache compiled function "slsqp_many" as it uses dynamic globals (such as ctypes pointers and large global arrays)[0m
[36m(CPUDet4Actor pid=3657414, ip=10.10.2.2)[0m   @njit(cache=True, parallel=True)
[36m(CPUDet4Actor pid=3657418, ip=10.10.2.2)[0m /home/qaragoez/symclf_clean/symclf/examples/4DCartPolerV10/../DET4Fast4D_V10/slsqp_nb.py:984: NumbaWarning: [1mCannot cache compiled function "slsqp_many" as it uses dynamic globals (such as ctypes pointers and large global arrays)[0m
[36m(CPUDet4Actor pid=3657418, ip=10.10.2.2)[0m   @njit(cache=True, parallel=True)
[36m(CPUDet4Actor pid=3657420, ip=10.10.2.2)[0m /home/qaragoez/symclf_clean/symclf/examples/4DCartPolerV10/../DET4Fast4D_V10/slsqp_nb.py:984: NumbaWarning: [1mCannot cache compiled function "slsqp_many" as it uses dynamic globals (such as ctypes pointers and large global arrays)[0m
[36m(CPUDet4Actor pid=3657420, ip=10.10.2.2)[0m   @njit(cache=True, parallel=True)
[36m(CPUDet4Actor pid=3657417, ip=10.10.2.2)[0m /home/qaragoez/symclf_clean/symclf/examples/4DCartPolerV10/../DET4Fast4D_V10/slsqp_nb.py:984: NumbaWarning: [1mCannot cache compiled function "slsqp_many" as it uses dynamic globals (such as ctypes pointers and large global arrays)[0m
[36m(CPUDet4Actor pid=3657417, ip=10.10.2.2)[0m   @njit(cache=True, parallel=True)
[36m(CPUDet4Actor pid=3459343)[0m /home/qaragoez/symclf_clean/symclf/examples/4DCartPolerV10/../DET4Fast4D_V10/slsqp_nb.py:993: NumbaWarning: [1m[1m[1m[1m[1m[1m[1mCannot cache compiled function "_nnls" as it uses dynamic globals (such as ctypes pointers and large global arrays)[0m[0m[0m[0m[0m[0m[0m
[36m(CPUDet4Actor pid=3459343)[0m   x, f, mode, it = slsqp_solve(kind, seeds[k], lb, ub, op, opr, lit, n_ops, params, v0, rho,
[36m(CPUDet4Actor pid=3459343)[0m /home/qaragoez/symclf_clean/symclf/examples/4DCartPolerV10/../DET4Fast4D_V10/slsqp_nb.py:993: NumbaWarning: [1m[1m[1m[1m[1m[1mCannot cache compiled function "_ldp" as it uses dynamic globals (such as ctypes pointers and large global arrays)[0m[0m[0m[0m[0m[0m
[36m(CPUDet4Actor pid=3459343)[0m   x, f, mode, it = slsqp_solve(kind, seeds[k], lb, ub, op, opr, lit, n_ops, params, v0, rho,
[36m(CPUDet4Actor pid=3459343)[0m /home/qaragoez/symclf_clean/symclf/examples/4DCartPolerV10/../DET4Fast4D_V10/slsqp_nb.py:993: NumbaWarning: [1m[1m[1m[1m[1mCannot cache compiled function "_lsi" as it uses dynamic globals (such as ctypes pointers and large global arrays)[0m[0m[0m[0m[0m
[36m(CPUDet4Actor pid=3459343)[0m   x, f, mode, it = slsqp_solve(kind, seeds[k], lb, ub, op, opr, lit, n_ops, params, v0, rho,
[36m(CPUDet4Actor pid=3459343)[0m /home/qaragoez/symclf_clean/symclf/examples/4DCartPolerV10/../DET4Fast4D_V10/slsqp_nb.py:993: NumbaWarning: [1m[1m[1m[1mCannot cache compiled function "_lsei" as it uses dynamic globals (such as ctypes pointers and large global arrays)[0m[0m[0m[0m
[36m(CPUDet4Actor pid=3459343)[0m   x, f, mode, it = slsqp_solve(kind, seeds[k], lb, ub, op, opr, lit, n_ops, params, v0, rho,
[36m(CPUDet4Actor pid=3459343)[0m /home/qaragoez/symclf_clean/symclf/examples/4DCartPolerV10/../DET4Fast4D_V10/slsqp_nb.py:993: NumbaWarning: [1m[1m[1mCannot cache compiled function "_lsq" as it uses dynamic globals (such as ctypes pointers and large global arrays)[0m[0m[0m
[36m(CPUDet4Actor pid=3459343)[0m   x, f, mode, it = slsqp_solve(kind, seeds[k], lb, ub, op, opr, lit, n_ops, params, v0, rho,
[36m(CPUDet4Actor pid=3459343)[0m /home/qaragoez/symclf_clean/symclf/examples/4DCartPolerV10/../DET4Fast4D_V10/slsqp_nb.py:993: NumbaWarning: [1m[1mCannot cache compiled function "slsqp_solve" as it uses dynamic globals (such as ctypes pointers and large global arrays)[0m[0m
[36m(CPUDet4Actor pid=3459343)[0m   x, f, mode, it = slsqp_solve(kind, seeds[k], lb, ub, op, opr, lit, n_ops, params, v0, rho,
[36m(CPUDet4Actor pid=3459332)[0m /home/qaragoez/symclf_clean/symclf/examples/4DCartPolerV10/../DET4Fast4D_V10/slsqp_nb.py:984: NumbaWarning: [1mCannot cache compiled function "slsqp_many" as it uses dynamic globals (such as ctypes pointers and large global arrays)[0m
[36m(CPUDet4Actor pid=3459332)[0m   @njit(cache=True, parallel=True)
[36m(CPUDet4Actor pid=3657412, ip=10.10.2.2)[0m /home/qaragoez/symclf_clean/symclf/examples/4DCartPolerV10/../DET4Fast4D_V10/slsqp_nb.py:984: NumbaWarning: [1mCannot cache compiled function "slsqp_many" as it uses dynamic globals (such as ctypes pointers and large global arrays)[0m
[36m(CPUDet4Actor pid=3657412, ip=10.10.2.2)[0m   @njit(cache=True, parallel=True)
[36m(CPUDet4Actor pid=3459333)[0m /home/qaragoez/symclf_clean/symclf/examples/4DCartPolerV10/../DET4Fast4D_V10/slsqp_nb.py:984: NumbaWarning: [1mCannot cache compiled function "slsqp_many" as it uses dynamic globals (such as ctypes pointers and large global arrays)[0m
[36m(CPUDet4Actor pid=3459333)[0m   @njit(cache=True, parallel=True)
[36m(CPUDet4Actor pid=3459343)[0m /home/qaragoez/symclf_clean/symclf/examples/4DCartPolerV10/../DET4Fast4D_V10/slsqp_nb.py:984: NumbaWarning: [1mCannot cache compiled function "slsqp_many" as it uses dynamic globals (such as ctypes pointers and large global arrays)[0m
[36m(CPUDet4Actor pid=3459343)[0m   @njit(cache=True, parallel=True)
[36m(CPUDet4Actor pid=3459355)[0m /home/qaragoez/symclf_clean/symclf/examples/4DCartPolerV10/../DET4Fast4D_V10/slsqp_nb.py:993: NumbaWarning: [1m[1m[1m[1m[1m[1m[1mCannot cache compiled function "_nnls" as it uses dynamic globals (such as ctypes pointers and large global arrays)[0m[0m[0m[0m[0m[0m[0m
[36m(CPUDet4Actor pid=3459355)[0m   x, f, mode, it = slsqp_solve(kind, seeds[k], lb, ub, op, opr, lit, n_ops, params, v0, rho,
[36m(CPUDet4Actor pid=3459355)[0m /home/qaragoez/symclf_clean/symclf/examples/4DCartPolerV10/../DET4Fast4D_V10/slsqp_nb.py:993: NumbaWarning: [1m[1m[1m[1m[1m[1mCannot cache compiled function "_ldp" as it uses dynamic globals (such as ctypes pointers and large global arrays)[0m[0m[0m[0m[0m[0m
[36m(CPUDet4Actor pid=3459355)[0m   x, f, mode, it = slsqp_solve(kind, seeds[k], lb, ub, op, opr, lit, n_ops, params, v0, rho,
[36m(CPUDet4Actor pid=3459355)[0m /home/qaragoez/symclf_clean/symclf/examples/4DCartPolerV10/../DET4Fast4D_V10/slsqp_nb.py:993: NumbaWarning: [1m[1m[1m[1m[1mCannot cache compiled function "_lsi" as it uses dynamic globals (such as ctypes pointers and large global arrays)[0m[0m[0m[0m[0m
[36m(CPUDet4Actor pid=3459355)[0m   x, f, mode, it = slsqp_solve(kind, seeds[k], lb, ub, op, opr, lit, n_ops, params, v0, rho,
[36m(CPUDet4Actor pid=3459355)[0m /home/qaragoez/symclf_clean/symclf/examples/4DCartPolerV10/../DET4Fast4D_V10/slsqp_nb.py:993: NumbaWarning: [1m[1m[1m[1mCannot cache compiled function "_lsei" as it uses dynamic globals (such as ctypes pointers and large global arrays)[0m[0m[0m[0m
[36m(CPUDet4Actor pid=3459355)[0m   x, f, mode, it = slsqp_solve(kind, seeds[k], lb, ub, op, opr, lit, n_ops, params, v0, rho,
[36m(CPUDet4Actor pid=3459355)[0m /home/qaragoez/symclf_clean/symclf/examples/4DCartPolerV10/../DET4Fast4D_V10/slsqp_nb.py:993: NumbaWarning: [1m[1m[1mCannot cache compiled function "_lsq" as it uses dynamic globals (such as ctypes pointers and large global arrays)[0m[0m[0m
[36m(CPUDet4Actor pid=3459355)[0m   x, f, mode, it = slsqp_solve(kind, seeds[k], lb, ub, op, opr, lit, n_ops, params, v0, rho,
[36m(CPUDet4Actor pid=3459355)[0m /home/qaragoez/symclf_clean/symclf/examples/4DCartPolerV10/../DET4Fast4D_V10/slsqp_nb.py:993: NumbaWarning: [1m[1mCannot cache compiled function "slsqp_solve" as it uses dynamic globals (such as ctypes pointers and large global arrays)[0m[0m
[36m(CPUDet4Actor pid=3459355)[0m   x, f, mode, it = slsqp_solve(kind, seeds[k], lb, ub, op, opr, lit, n_ops, params, v0, rho,
[36m(CPUDet4Actor pid=3657425, ip=10.10.2.2)[0m /home/qaragoez/symclf_clean/symclf/examples/4DCartPolerV10/../DET4Fast4D_V10/slsqp_nb.py:993: NumbaWarning: [1m[1m[1m[1m[1m[1m[1mCannot cache compiled function "_nnls" as it uses dynamic globals (such as ctypes pointers and large global arrays)[0m[0m[0m[0m[0m[0m[0m
[36m(CPUDet4Actor pid=3657425, ip=10.10.2.2)[0m   x, f, mode, it = slsqp_solve(kind, seeds[k], lb, ub, op, opr, lit, n_ops, params, v0, rho,
[36m(CPUDet4Actor pid=3657425, ip=10.10.2.2)[0m /home/qaragoez/symclf_clean/symclf/examples/4DCartPolerV10/../DET4Fast4D_V10/slsqp_nb.py:993: NumbaWarning: [1m[1m[1m[1m[1m[1mCannot cache compiled function "_ldp" as it uses dynamic globals (such as ctypes pointers and large global arrays)[0m[0m[0m[0m[0m[0m
[36m(CPUDet4Actor pid=3657425, ip=10.10.2.2)[0m   x, f, mode, it = slsqp_solve(kind, seeds[k], lb, ub, op, opr, lit, n_ops, params, v0, rho,
[36m(CPUDet4Actor pid=3657425, ip=10.10.2.2)[0m /home/qaragoez/symclf_clean/symclf/examples/4DCartPolerV10/../DET4Fast4D_V10/slsqp_nb.py:993: NumbaWarning: [1m[1m[1m[1m[1mCannot cache compiled function "_lsi" as it uses dynamic globals (such as ctypes pointers and large global arrays)[0m[0m[0m[0m[0m
[36m(CPUDet4Actor pid=3657425, ip=10.10.2.2)[0m   x, f, mode, it = slsqp_solve(kind, seeds[k], lb, ub, op, opr, lit, n_ops, params, v0, rho,
[36m(CPUDet4Actor pid=3657425, ip=10.10.2.2)[0m /home/qaragoez/symclf_clean/symclf/examples/4DCartPolerV10/../DET4Fast4D_V10/slsqp_nb.py:993: NumbaWarning: [1m[1m[1m[1mCannot cache compiled function "_lsei" as it uses dynamic globals (such as ctypes pointers and large global arrays)[0m[0m[0m[0m
[36m(CPUDet4Actor pid=3657425, ip=10.10.2.2)[0m   x, f, mode, it = slsqp_solve(kind, seeds[k], lb, ub, op, opr, lit, n_ops, params, v0, rho,
[36m(CPUDet4Actor pid=3657425, ip=10.10.2.2)[0m /home/qaragoez/symclf_clean/symclf/examples/4DCartPolerV10/../DET4Fast4D_V10/slsqp_nb.py:993: NumbaWarning: [1m[1m[1mCannot cache compiled function "_lsq" as it uses dynamic globals (such as ctypes pointers and large global arrays)[0m[0m[0m
[36m(CPUDet4Actor pid=3657425, ip=10.10.2.2)[0m   x, f, mode, it = slsqp_solve(kind, seeds[k], lb, ub, op, opr, lit, n_ops, params, v0, rho,
[36m(CPUDet4Actor pid=3657425, ip=10.10.2.2)[0m /home/qaragoez/symclf_clean/symclf/examples/4DCartPolerV10/../DET4Fast4D_V10/slsqp_nb.py:993: NumbaWarning: [1m[1mCannot cache compiled function "slsqp_solve" as it uses dynamic globals (such as ctypes pointers and large global arrays)[0m[0m
[36m(CPUDet4Actor pid=3657425, ip=10.10.2.2)[0m   x, f, mode, it = slsqp_solve(kind, seeds[k], lb, ub, op, opr, lit, n_ops, params, v0, rho,
[36m(CPUDet4Actor pid=3657436, ip=10.10.2.2)[0m /home/qaragoez/symclf_clean/symclf/examples/4DCartPolerV10/../DET4Fast4D_V10/slsqp_nb.py:993: NumbaWarning: [1m[1m[1m[1m[1m[1m[1mCannot cache compiled function "_nnls" as it uses dynamic globals (such as ctypes pointers and large global arrays)[0m[0m[0m[0m[0m[0m[0m
[36m(CPUDet4Actor pid=3657436, ip=10.10.2.2)[0m   x, f, mode, it = slsqp_solve(kind, seeds[k], lb, ub, op, opr, lit, n_ops, params, v0, rho,
[36m(CPUDet4Actor pid=3657436, ip=10.10.2.2)[0m /home/qaragoez/symclf_clean/symclf/examples/4DCartPolerV10/../DET4Fast4D_V10/slsqp_nb.py:993: NumbaWarning: [1m[1m[1m[1m[1m[1mCannot cache compiled function "_ldp" as it uses dynamic globals (such as ctypes pointers and large global arrays)[0m[0m[0m[0m[0m[0m
[36m(CPUDet4Actor pid=3657436, ip=10.10.2.2)[0m   x, f, mode, it = slsqp_solve(kind, seeds[k], lb, ub, op, opr, lit, n_ops, params, v0, rho,
[36m(CPUDet4Actor pid=3657436, ip=10.10.2.2)[0m /home/qaragoez/symclf_clean/symclf/examples/4DCartPolerV10/../DET4Fast4D_V10/slsqp_nb.py:993: NumbaWarning: [1m[1m[1m[1m[1mCannot cache compiled function "_lsi" as it uses dynamic globals (such as ctypes pointers and large global arrays)[0m[0m[0m[0m[0m
[36m(CPUDet4Actor pid=3657436, ip=10.10.2.2)[0m   x, f, mode, it = slsqp_solve(kind, seeds[k], lb, ub, op, opr, lit, n_ops, params, v0, rho,
[36m(CPUDet4Actor pid=3657436, ip=10.10.2.2)[0m /home/qaragoez/symclf_clean/symclf/examples/4DCartPolerV10/../DET4Fast4D_V10/slsqp_nb.py:993: NumbaWarning: [1m[1m[1m[1mCannot cache compiled function "_lsei" as it uses dynamic globals (such as ctypes pointers and large global arrays)[0m[0m[0m[0m
[36m(CPUDet4Actor pid=3657436, ip=10.10.2.2)[0m   x, f, mode, it = slsqp_solve(kind, seeds[k], lb, ub, op, opr, lit, n_ops, params, v0, rho,
[36m(CPUDet4Actor pid=3657436, ip=10.10.2.2)[0m /home/qaragoez/symclf_clean/symclf/examples/4DCartPolerV10/../DET4Fast4D_V10/slsqp_nb.py:993: NumbaWarning: [1m[1m[1mCannot cache compiled function "_lsq" as it uses dynamic globals (such as ctypes pointers and large global arrays)[0m[0m[0m
[36m(CPUDet4Actor pid=3657436, ip=10.10.2.2)[0m   x, f, mode, it = slsqp_solve(kind, seeds[k], lb, ub, op, opr, lit, n_ops, params, v0, rho,
[36m(CPUDet4Actor pid=3657436, ip=10.10.2.2)[0m /home/qaragoez/symclf_clean/symclf/examples/4DCartPolerV10/../DET4Fast4D_V10/slsqp_nb.py:993: NumbaWarning: [1m[1mCannot cache compiled function "slsqp_solve" as it uses dynamic globals (such as ctypes pointers and large global arrays)[0m[0m
[36m(CPUDet4Actor pid=3657436, ip=10.10.2.2)[0m   x, f, mode, it = slsqp_solve(kind, seeds[k], lb, ub, op, opr, lit, n_ops, params, v0, rho,
[36m(CPUDet4Actor pid=3459345)[0m /home/qaragoez/symclf_clean/symclf/examples/4DCartPolerV10/../DET4Fast4D_V10/slsqp_nb.py:993: NumbaWarning: [1m[1m[1m[1m[1m[1m[1mCannot cache compiled function "_nnls" as it uses dynamic globals (such as ctypes pointers and large global arrays)[0m[0m[0m[0m[0m[0m[0m
[36m(CPUDet4Actor pid=3459345)[0m   x, f, mode, it = slsqp_solve(kind, seeds[k], lb, ub, op, opr, lit, n_ops, params, v0, rho,
[36m(CPUDet4Actor pid=3459345)[0m /home/qaragoez/symclf_clean/symclf/examples/4DCartPolerV10/../DET4Fast4D_V10/slsqp_nb.py:993: NumbaWarning: [1m[1m[1m[1m[1m[1mCannot cache compiled function "_ldp" as it uses dynamic globals (such as ctypes pointers and large global arrays)[0m[0m[0m[0m[0m[0m
[36m(CPUDet4Actor pid=3459345)[0m   x, f, mode, it = slsqp_solve(kind, seeds[k], lb, ub, op, opr, lit, n_ops, params, v0, rho,
[36m(CPUDet4Actor pid=3459345)[0m /home/qaragoez/symclf_clean/symclf/examples/4DCartPolerV10/../DET4Fast4D_V10/slsqp_nb.py:993: NumbaWarning: [1m[1m[1m[1m[1mCannot cache compiled function "_lsi" as it uses dynamic globals (such as ctypes pointers and large global arrays)[0m[0m[0m[0m[0m
[36m(CPUDet4Actor pid=3459345)[0m   x, f, mode, it = slsqp_solve(kind, seeds[k], lb, ub, op, opr, lit, n_ops, params, v0, rho,
[36m(CPUDet4Actor pid=3459345)[0m /home/qaragoez/symclf_clean/symclf/examples/4DCartPolerV10/../DET4Fast4D_V10/slsqp_nb.py:993: NumbaWarning: [1m[1m[1m[1mCannot cache compiled function "_lsei" as it uses dynamic globals (such as ctypes pointers and large global arrays)[0m[0m[0m[0m
[36m(CPUDet4Actor pid=3459345)[0m   x, f, mode, it = slsqp_solve(kind, seeds[k], lb, ub, op, opr, lit, n_ops, params, v0, rho,
[36m(CPUDet4Actor pid=3459345)[0m /home/qaragoez/symclf_clean/symclf/examples/4DCartPolerV10/../DET4Fast4D_V10/slsqp_nb.py:993: NumbaWarning: [1m[1m[1mCannot cache compiled function "_lsq" as it uses dynamic globals (such as ctypes pointers and large global arrays)[0m[0m[0m
[36m(CPUDet4Actor pid=3459345)[0m   x, f, mode, it = slsqp_solve(kind, seeds[k], lb, ub, op, opr, lit, n_ops, params, v0, rho,
[36m(CPUDet4Actor pid=3459345)[0m /home/qaragoez/symclf_clean/symclf/examples/4DCartPolerV10/../DET4Fast4D_V10/slsqp_nb.py:993: NumbaWarning: [1m[1mCannot cache compiled function "slsqp_solve" as it uses dynamic globals (such as ctypes pointers and large global arrays)[0m[0m
[36m(CPUDet4Actor pid=3459345)[0m   x, f, mode, it = slsqp_solve(kind, seeds[k], lb, ub, op, opr, lit, n_ops, params, v0, rho,
[36m(CPUDet4Actor pid=3459346)[0m /home/qaragoez/symclf_clean/symclf/examples/4DCartPolerV10/../DET4Fast4D_V10/slsqp_nb.py:993: NumbaWarning: [1m[1m[1m[1m[1m[1m[1mCannot cache compiled function "_nnls" as it uses dynamic globals (such as ctypes pointers and large global arrays)[0m[0m[0m[0m[0m[0m[0m
[36m(CPUDet4Actor pid=3459346)[0m   x, f, mode, it = slsqp_solve(kind, seeds[k], lb, ub, op, opr, lit, n_ops, params, v0, rho,
[36m(CPUDet4Actor pid=3459346)[0m /home/qaragoez/symclf_clean/symclf/examples/4DCartPolerV10/../DET4Fast4D_V10/slsqp_nb.py:993: NumbaWarning: [1m[1m[1m[1m[1m[1mCannot cache compiled function "_ldp" as it uses dynamic globals (such as ctypes pointers and large global arrays)[0m[0m[0m[0m[0m[0m
[36m(CPUDet4Actor pid=3459346)[0m   x, f, mode, it = slsqp_solve(kind, seeds[k], lb, ub, op, opr, lit, n_ops, params, v0, rho,
[36m(CPUDet4Actor pid=3459346)[0m /home/qaragoez/symclf_clean/symclf/examples/4DCartPolerV10/../DET4Fast4D_V10/slsqp_nb.py:993: NumbaWarning: [1m[1m[1m[1m[1mCannot cache compiled function "_lsi" as it uses dynamic globals (such as ctypes pointers and large global arrays)[0m[0m[0m[0m[0m
[36m(CPUDet4Actor pid=3459346)[0m   x, f, mode, it = slsqp_solve(kind, seeds[k], lb, ub, op, opr, lit, n_ops, params, v0, rho,
[36m(CPUDet4Actor pid=3459346)[0m /home/qaragoez/symclf_clean/symclf/examples/4DCartPolerV10/../DET4Fast4D_V10/slsqp_nb.py:993: NumbaWarning: [1m[1m[1m[1mCannot cache compiled function "_lsei" as it uses dynamic globals (such as ctypes pointers and large global arrays)[0m[0m[0m[0m
[36m(CPUDet4Actor pid=3459346)[0m   x, f, mode, it = slsqp_solve(kind, seeds[k], lb, ub, op, opr, lit, n_ops, params, v0, rho,
[36m(CPUDet4Actor pid=3459346)[0m /home/qaragoez/symclf_clean/symclf/examples/4DCartPolerV10/../DET4Fast4D_V10/slsqp_nb.py:993: NumbaWarning: [1m[1m[1mCannot cache compiled function "_lsq" as it uses dynamic globals (such as ctypes pointers and large global arrays)[0m[0m[0m
[36m(CPUDet4Actor pid=3459346)[0m   x, f, mode, it = slsqp_solve(kind, seeds[k], lb, ub, op, opr, lit, n_ops, params, v0, rho,
[36m(CPUDet4Actor pid=3459346)[0m /home/qaragoez/symclf_clean/symclf/examples/4DCartPolerV10/../DET4Fast4D_V10/slsqp_nb.py:993: NumbaWarning: [1m[1mCannot cache compiled function "slsqp_solve" as it uses dynamic globals (such as ctypes pointers and large global arrays)[0m[0m
[36m(CPUDet4Actor pid=3459346)[0m   x, f, mode, it = slsqp_solve(kind, seeds[k], lb, ub, op, opr, lit, n_ops, params, v0, rho,
[36m(CPUDet4Actor pid=3657428, ip=10.10.2.2)[0m /home/qaragoez/symclf_clean/symclf/examples/4DCartPolerV10/../DET4Fast4D_V10/slsqp_nb.py:993: NumbaWarning: [1m[1m[1m[1m[1m[1m[1mCannot cache compiled function "_nnls" as it uses dynamic globals (such as ctypes pointers and large global arrays)[0m[0m[0m[0m[0m[0m[0m
[36m(CPUDet4Actor pid=3657428, ip=10.10.2.2)[0m   x, f, mode, it = slsqp_solve(kind, seeds[k], lb, ub, op, opr, lit, n_ops, params, v0, rho,
[36m(CPUDet4Actor pid=3657428, ip=10.10.2.2)[0m /home/qaragoez/symclf_clean/symclf/examples/4DCartPolerV10/../DET4Fast4D_V10/slsqp_nb.py:993: NumbaWarning: [1m[1m[1m[1m[1m[1mCannot cache compiled function "_ldp" as it uses dynamic globals (such as ctypes pointers and large global arrays)[0m[0m[0m[0m[0m[0m
[36m(CPUDet4Actor pid=3657428, ip=10.10.2.2)[0m   x, f, mode, it = slsqp_solve(kind, seeds[k], lb, ub, op, opr, lit, n_ops, params, v0, rho,
[36m(CPUDet4Actor pid=3657428, ip=10.10.2.2)[0m /home/qaragoez/symclf_clean/symclf/examples/4DCartPolerV10/../DET4Fast4D_V10/slsqp_nb.py:993: NumbaWarning: [1m[1m[1m[1m[1mCannot cache compiled function "_lsi" as it uses dynamic globals (such as ctypes pointers and large global arrays)[0m[0m[0m[0m[0m
[36m(CPUDet4Actor pid=3657428, ip=10.10.2.2)[0m   x, f, mode, it = slsqp_solve(kind, seeds[k], lb, ub, op, opr, lit, n_ops, params, v0, rho,
[36m(CPUDet4Actor pid=3657428, ip=10.10.2.2)[0m /home/qaragoez/symclf_clean/symclf/examples/4DCartPolerV10/../DET4Fast4D_V10/slsqp_nb.py:993: NumbaWarning: [1m[1m[1m[1mCannot cache compiled function "_lsei" as it uses dynamic globals (such as ctypes pointers and large global arrays)[0m[0m[0m[0m
[36m(CPUDet4Actor pid=3657428, ip=10.10.2.2)[0m   x, f, mode, it = slsqp_solve(kind, seeds[k], lb, ub, op, opr, lit, n_ops, params, v0, rho,
[36m(CPUDet4Actor pid=3657428, ip=10.10.2.2)[0m /home/qaragoez/symclf_clean/symclf/examples/4DCartPolerV10/../DET4Fast4D_V10/slsqp_nb.py:993: NumbaWarning: [1m[1m[1mCannot cache compiled function "_lsq" as it uses dynamic globals (such as ctypes pointers and large global arrays)[0m[0m[0m
[36m(CPUDet4Actor pid=3657428, ip=10.10.2.2)[0m   x, f, mode, it = slsqp_solve(kind, seeds[k], lb, ub, op, opr, lit, n_ops, params, v0, rho,
[36m(CPUDet4Actor pid=3657428, ip=10.10.2.2)[0m /home/qaragoez/symclf_clean/symclf/examples/4DCartPolerV10/../DET4Fast4D_V10/slsqp_nb.py:993: NumbaWarning: [1m[1mCannot cache compiled function "slsqp_solve" as it uses dynamic globals (such as ctypes pointers and large global arrays)[0m[0m
[36m(CPUDet4Actor pid=3657428, ip=10.10.2.2)[0m   x, f, mode, it = slsqp_solve(kind, seeds[k], lb, ub, op, opr, lit, n_ops, params, v0, rho,
[36m(CPUDet4Actor pid=3459359)[0m /home/qaragoez/symclf_clean/symclf/examples/4DCartPolerV10/../DET4Fast4D_V10/slsqp_nb.py:993: NumbaWarning: [1m[1m[1m[1m[1m[1m[1mCannot cache compiled function "_nnls" as it uses dynamic globals (such as ctypes pointers and large global arrays)[0m[0m[0m[0m[0m[0m[0m
[36m(CPUDet4Actor pid=3459359)[0m   x, f, mode, it = slsqp_solve(kind, seeds[k], lb, ub, op, opr, lit, n_ops, params, v0, rho,
[36m(CPUDet4Actor pid=3459359)[0m /home/qaragoez/symclf_clean/symclf/examples/4DCartPolerV10/../DET4Fast4D_V10/slsqp_nb.py:993: NumbaWarning: [1m[1m[1m[1m[1m[1mCannot cache compiled function "_ldp" as it uses dynamic globals (such as ctypes pointers and large global arrays)[0m[0m[0m[0m[0m[0m
[36m(CPUDet4Actor pid=3459359)[0m   x, f, mode, it = slsqp_solve(kind, seeds[k], lb, ub, op, opr, lit, n_ops, params, v0, rho,
[36m(CPUDet4Actor pid=3459359)[0m /home/qaragoez/symclf_clean/symclf/examples/4DCartPolerV10/../DET4Fast4D_V10/slsqp_nb.py:993: NumbaWarning: [1m[1m[1m[1m[1mCannot cache compiled function "_lsi" as it uses dynamic globals (such as ctypes pointers and large global arrays)[0m[0m[0m[0m[0m
[36m(CPUDet4Actor pid=3459359)[0m   x, f, mode, it = slsqp_solve(kind, seeds[k], lb, ub, op, opr, lit, n_ops, params, v0, rho,
[36m(CPUDet4Actor pid=3459359)[0m /home/qaragoez/symclf_clean/symclf/examples/4DCartPolerV10/../DET4Fast4D_V10/slsqp_nb.py:993: NumbaWarning: [1m[1m[1m[1mCannot cache compiled function "_lsei" as it uses dynamic globals (such as ctypes pointers and large global arrays)[0m[0m[0m[0m
[36m(CPUDet4Actor pid=3459359)[0m   x, f, mode, it = slsqp_solve(kind, seeds[k], lb, ub, op, opr, lit, n_ops, params, v0, rho,
[36m(CPUDet4Actor pid=3459359)[0m /home/qaragoez/symclf_clean/symclf/examples/4DCartPolerV10/../DET4Fast4D_V10/slsqp_nb.py:993: NumbaWarning: [1m[1m[1mCannot cache compiled function "_lsq" as it uses dynamic globals (such as ctypes pointers and large global arrays)[0m[0m[0m
[36m(CPUDet4Actor pid=3459359)[0m   x, f, mode, it = slsqp_solve(kind, seeds[k], lb, ub, op, opr, lit, n_ops, params, v0, rho,
[36m(CPUDet4Actor pid=3459359)[0m /home/qaragoez/symclf_clean/symclf/examples/4DCartPolerV10/../DET4Fast4D_V10/slsqp_nb.py:993: NumbaWarning: [1m[1mCannot cache compiled function "slsqp_solve" as it uses dynamic globals (such as ctypes pointers and large global arrays)[0m[0m
[36m(CPUDet4Actor pid=3459359)[0m   x, f, mode, it = slsqp_solve(kind, seeds[k], lb, ub, op, opr, lit, n_ops, params, v0, rho,
[36m(CPUDet4Actor pid=3657433, ip=10.10.2.2)[0m /home/qaragoez/symclf_clean/symclf/examples/4DCartPolerV10/../DET4Fast4D_V10/slsqp_nb.py:993: NumbaWarning: [1m[1m[1m[1m[1m[1m[1mCannot cache compiled function "_nnls" as it uses dynamic globals (such as ctypes pointers and large global arrays)[0m[0m[0m[0m[0m[0m[0m
[36m(CPUDet4Actor pid=3657433, ip=10.10.2.2)[0m   x, f, mode, it = slsqp_solve(kind, seeds[k], lb, ub, op, opr, lit, n_ops, params, v0, rho,
[36m(CPUDet4Actor pid=3657433, ip=10.10.2.2)[0m /home/qaragoez/symclf_clean/symclf/examples/4DCartPolerV10/../DET4Fast4D_V10/slsqp_nb.py:993: NumbaWarning: [1m[1m[1m[1m[1m[1mCannot cache compiled function "_ldp" as it uses dynamic globals (such as ctypes pointers and large global arrays)[0m[0m[0m[0m[0m[0m
[36m(CPUDet4Actor pid=3657433, ip=10.10.2.2)[0m   x, f, mode, it = slsqp_solve(kind, seeds[k], lb, ub, op, opr, lit, n_ops, params, v0, rho,
[36m(CPUDet4Actor pid=3657433, ip=10.10.2.2)[0m /home/qaragoez/symclf_clean/symclf/examples/4DCartPolerV10/../DET4Fast4D_V10/slsqp_nb.py:993: NumbaWarning: [1m[1m[1m[1m[1mCannot cache compiled function "_lsi" as it uses dynamic globals (such as ctypes pointers and large global arrays)[0m[0m[0m[0m[0m
[36m(CPUDet4Actor pid=3657433, ip=10.10.2.2)[0m   x, f, mode, it = slsqp_solve(kind, seeds[k], lb, ub, op, opr, lit, n_ops, params, v0, rho,
[36m(CPUDet4Actor pid=3657433, ip=10.10.2.2)[0m /home/qaragoez/symclf_clean/symclf/examples/4DCartPolerV10/../DET4Fast4D_V10/slsqp_nb.py:993: NumbaWarning: [1m[1m[1m[1mCannot cache compiled function "_lsei" as it uses dynamic globals (such as ctypes pointers and large global arrays)[0m[0m[0m[0m
[36m(CPUDet4Actor pid=3657433, ip=10.10.2.2)[0m   x, f, mode, it = slsqp_solve(kind, seeds[k], lb, ub, op, opr, lit, n_ops, params, v0, rho,
[36m(CPUDet4Actor pid=3657433, ip=10.10.2.2)[0m /home/qaragoez/symclf_clean/symclf/examples/4DCartPolerV10/../DET4Fast4D_V10/slsqp_nb.py:993: NumbaWarning: [1m[1m[1mCannot cache compiled function "_lsq" as it uses dynamic globals (such as ctypes pointers and large global arrays)[0m[0m[0m
[36m(CPUDet4Actor pid=3657433, ip=10.10.2.2)[0m   x, f, mode, it = slsqp_solve(kind, seeds[k], lb, ub, op, opr, lit, n_ops, params, v0, rho,
[36m(CPUDet4Actor pid=3657433, ip=10.10.2.2)[0m /home/qaragoez/symclf_clean/symclf/examples/4DCartPolerV10/../DET4Fast4D_V10/slsqp_nb.py:993: NumbaWarning: [1m[1mCannot cache compiled function "slsqp_solve" as it uses dynamic globals (such as ctypes pointers and large global arrays)[0m[0m
[36m(CPUDet4Actor pid=3657433, ip=10.10.2.2)[0m   x, f, mode, it = slsqp_solve(kind, seeds[k], lb, ub, op, opr, lit, n_ops, params, v0, rho,
[36m(CPUDet4Actor pid=3657440, ip=10.10.2.2)[0m /home/qaragoez/symclf_clean/symclf/examples/4DCartPolerV10/../DET4Fast4D_V10/slsqp_nb.py:993: NumbaWarning: [1m[1m[1m[1m[1m[1m[1mCannot cache compiled function "_nnls" as it uses dynamic globals (such as ctypes pointers and large global arrays)[0m[0m[0m[0m[0m[0m[0m
[36m(CPUDet4Actor pid=3657440, ip=10.10.2.2)[0m   x, f, mode, it = slsqp_solve(kind, seeds[k], lb, ub, op, opr, lit, n_ops, params, v0, rho,
[36m(CPUDet4Actor pid=3657440, ip=10.10.2.2)[0m /home/qaragoez/symclf_clean/symclf/examples/4DCartPolerV10/../DET4Fast4D_V10/slsqp_nb.py:993: NumbaWarning: [1m[1m[1m[1m[1m[1mCannot cache compiled function "_ldp" as it uses dynamic globals (such as ctypes pointers and large global arrays)[0m[0m[0m[0m[0m[0m
[36m(CPUDet4Actor pid=3657440, ip=10.10.2.2)[0m   x, f, mode, it = slsqp_solve(kind, seeds[k], lb, ub, op, opr, lit, n_ops, params, v0, rho,
[36m(CPUDet4Actor pid=3657440, ip=10.10.2.2)[0m /home/qaragoez/symclf_clean/symclf/examples/4DCartPolerV10/../DET4Fast4D_V10/slsqp_nb.py:993: NumbaWarning: [1m[1m[1m[1m[1mCannot cache compiled function "_lsi" as it uses dynamic globals (such as ctypes pointers and large global arrays)[0m[0m[0m[0m[0m
[36m(CPUDet4Actor pid=3657440, ip=10.10.2.2)[0m   x, f, mode, it = slsqp_solve(kind, seeds[k], lb, ub, op, opr, lit, n_ops, params, v0, rho,
[36m(CPUDet4Actor pid=3657440, ip=10.10.2.2)[0m /home/qaragoez/symclf_clean/symclf/examples/4DCartPolerV10/../DET4Fast4D_V10/slsqp_nb.py:993: NumbaWarning: [1m[1m[1m[1mCannot cache compiled function "_lsei" as it uses dynamic globals (such as ctypes pointers and large global arrays)[0m[0m[0m[0m
[36m(CPUDet4Actor pid=3657440, ip=10.10.2.2)[0m   x, f, mode, it = slsqp_solve(kind, seeds[k], lb, ub, op, opr, lit, n_ops, params, v0, rho,
[36m(CPUDet4Actor pid=3657440, ip=10.10.2.2)[0m /home/qaragoez/symclf_clean/symclf/examples/4DCartPolerV10/../DET4Fast4D_V10/slsqp_nb.py:993: NumbaWarning: [1m[1m[1mCannot cache compiled function "_lsq" as it uses dynamic globals (such as ctypes pointers and large global arrays)[0m[0m[0m
[36m(CPUDet4Actor pid=3657440, ip=10.10.2.2)[0m   x, f, mode, it = slsqp_solve(kind, seeds[k], lb, ub, op, opr, lit, n_ops, params, v0, rho,
[36m(CPUDet4Actor pid=3657440, ip=10.10.2.2)[0m /home/qaragoez/symclf_clean/symclf/examples/4DCartPolerV10/../DET4Fast4D_V10/slsqp_nb.py:993: NumbaWarning: [1m[1mCannot cache compiled function "slsqp_solve" as it uses dynamic globals (such as ctypes pointers and large global arrays)[0m[0m
[36m(CPUDet4Actor pid=3657440, ip=10.10.2.2)[0m   x, f, mode, it = slsqp_solve(kind, seeds[k], lb, ub, op, opr, lit, n_ops, params, v0, rho,
[36m(CPUDet4Actor pid=3657452, ip=10.10.2.2)[0m /home/qaragoez/symclf_clean/symclf/examples/4DCartPolerV10/../DET4Fast4D_V10/slsqp_nb.py:993: NumbaWarning: [1m[1m[1m[1m[1m[1m[1mCannot cache compiled function "_nnls" as it uses dynamic globals (such as ctypes pointers and large global arrays)[0m[0m[0m[0m[0m[0m[0m
[36m(CPUDet4Actor pid=3657452, ip=10.10.2.2)[0m   x, f, mode, it = slsqp_solve(kind, seeds[k], lb, ub, op, opr, lit, n_ops, params, v0, rho,
[36m(CPUDet4Actor pid=3657452, ip=10.10.2.2)[0m /home/qaragoez/symclf_clean/symclf/examples/4DCartPolerV10/../DET4Fast4D_V10/slsqp_nb.py:993: NumbaWarning: [1m[1m[1m[1m[1m[1mCannot cache compiled function "_ldp" as it uses dynamic globals (such as ctypes pointers and large global arrays)[0m[0m[0m[0m[0m[0m
[36m(CPUDet4Actor pid=3657452, ip=10.10.2.2)[0m   x, f, mode, it = slsqp_solve(kind, seeds[k], lb, ub, op, opr, lit, n_ops, params, v0, rho,
[36m(CPUDet4Actor pid=3657452, ip=10.10.2.2)[0m /home/qaragoez/symclf_clean/symclf/examples/4DCartPolerV10/../DET4Fast4D_V10/slsqp_nb.py:993: NumbaWarning: [1m[1m[1m[1m[1mCannot cache compiled function "_lsi" as it uses dynamic globals (such as ctypes pointers and large global arrays)[0m[0m[0m[0m[0m
[36m(CPUDet4Actor pid=3657452, ip=10.10.2.2)[0m   x, f, mode, it = slsqp_solve(kind, seeds[k], lb, ub, op, opr, lit, n_ops, params, v0, rho,
[36m(CPUDet4Actor pid=3657452, ip=10.10.2.2)[0m /home/qaragoez/symclf_clean/symclf/examples/4DCartPolerV10/../DET4Fast4D_V10/slsqp_nb.py:993: NumbaWarning: [1m[1m[1m[1mCannot cache compiled function "_lsei" as it uses dynamic globals (such as ctypes pointers and large global arrays)[0m[0m[0m[0m
[36m(CPUDet4Actor pid=3657452, ip=10.10.2.2)[0m   x, f, mode, it = slsqp_solve(kind, seeds[k], lb, ub, op, opr, lit, n_ops, params, v0, rho,
[36m(CPUDet4Actor pid=3657452, ip=10.10.2.2)[0m /home/qaragoez/symclf_clean/symclf/examples/4DCartPolerV10/../DET4Fast4D_V10/slsqp_nb.py:993: NumbaWarning: [1m[1m[1mCannot cache compiled function "_lsq" as it uses dynamic globals (such as ctypes pointers and large global arrays)[0m[0m[0m
[36m(CPUDet4Actor pid=3657452, ip=10.10.2.2)[0m   x, f, mode, it = slsqp_solve(kind, seeds[k], lb, ub, op, opr, lit, n_ops, params, v0, rho,
[36m(CPUDet4Actor pid=3657452, ip=10.10.2.2)[0m /home/qaragoez/symclf_clean/symclf/examples/4DCartPolerV10/../DET4Fast4D_V10/slsqp_nb.py:993: NumbaWarning: [1m[1mCannot cache compiled function "slsqp_solve" as it uses dynamic globals (such as ctypes pointers and large global arrays)[0m[0m
[36m(CPUDet4Actor pid=3657452, ip=10.10.2.2)[0m   x, f, mode, it = slsqp_solve(kind, seeds[k], lb, ub, op, opr, lit, n_ops, params, v0, rho,
[36m(CPUDet4Actor pid=3657450, ip=10.10.2.2)[0m /home/qaragoez/symclf_clean/symclf/examples/4DCartPolerV10/../DET4Fast4D_V10/slsqp_nb.py:993: NumbaWarning: [1m[1m[1m[1m[1m[1m[1mCannot cache compiled function "_nnls" as it uses dynamic globals (such as ctypes pointers and large global arrays)[0m[0m[0m[0m[0m[0m[0m
[36m(CPUDet4Actor pid=3657450, ip=10.10.2.2)[0m   x, f, mode, it = slsqp_solve(kind, seeds[k], lb, ub, op, opr, lit, n_ops, params, v0, rho,
[36m(CPUDet4Actor pid=3657450, ip=10.10.2.2)[0m /home/qaragoez/symclf_clean/symclf/examples/4DCartPolerV10/../DET4Fast4D_V10/slsqp_nb.py:993: NumbaWarning: [1m[1m[1m[1m[1m[1mCannot cache compiled function "_ldp" as it uses dynamic globals (such as ctypes pointers and large global arrays)[0m[0m[0m[0m[0m[0m
[36m(CPUDet4Actor pid=3657450, ip=10.10.2.2)[0m   x, f, mode, it = slsqp_solve(kind, seeds[k], lb, ub, op, opr, lit, n_ops, params, v0, rho,
[36m(CPUDet4Actor pid=3657450, ip=10.10.2.2)[0m /home/qaragoez/symclf_clean/symclf/examples/4DCartPolerV10/../DET4Fast4D_V10/slsqp_nb.py:993: NumbaWarning: [1m[1m[1m[1m[1mCannot cache compiled function "_lsi" as it uses dynamic globals (such as ctypes pointers and large global arrays)[0m[0m[0m[0m[0m
[36m(CPUDet4Actor pid=3657450, ip=10.10.2.2)[0m   x, f, mode, it = slsqp_solve(kind, seeds[k], lb, ub, op, opr, lit, n_ops, params, v0, rho,
[36m(CPUDet4Actor pid=3657450, ip=10.10.2.2)[0m /home/qaragoez/symclf_clean/symclf/examples/4DCartPolerV10/../DET4Fast4D_V10/slsqp_nb.py:993: NumbaWarning: [1m[1m[1m[1mCannot cache compiled function "_lsei" as it uses dynamic globals (such as ctypes pointers and large global arrays)[0m[0m[0m[0m
[36m(CPUDet4Actor pid=3657450, ip=10.10.2.2)[0m   x, f, mode, it = slsqp_solve(kind, seeds[k], lb, ub, op, opr, lit, n_ops, params, v0, rho,
[36m(CPUDet4Actor pid=3657450, ip=10.10.2.2)[0m /home/qaragoez/symclf_clean/symclf/examples/4DCartPolerV10/../DET4Fast4D_V10/slsqp_nb.py:993: NumbaWarning: [1m[1m[1mCannot cache compiled function "_lsq" as it uses dynamic globals (such as ctypes pointers and large global arrays)[0m[0m[0m
[36m(CPUDet4Actor pid=3657450, ip=10.10.2.2)[0m   x, f, mode, it = slsqp_solve(kind, seeds[k], lb, ub, op, opr, lit, n_ops, params, v0, rho,
[36m(CPUDet4Actor pid=3657450, ip=10.10.2.2)[0m /home/qaragoez/symclf_clean/symclf/examples/4DCartPolerV10/../DET4Fast4D_V10/slsqp_nb.py:993: NumbaWarning: [1m[1mCannot cache compiled function "slsqp_solve" as it uses dynamic globals (such as ctypes pointers and large global arrays)[0m[0m
[36m(CPUDet4Actor pid=3657450, ip=10.10.2.2)[0m   x, f, mode, it = slsqp_solve(kind, seeds[k], lb, ub, op, opr, lit, n_ops, params, v0, rho,
[36m(CPUDet4Actor pid=3657446, ip=10.10.2.2)[0m /home/qaragoez/symclf_clean/symclf/examples/4DCartPolerV10/../DET4Fast4D_V10/slsqp_nb.py:993: NumbaWarning: [1m[1m[1m[1m[1m[1m[1mCannot cache compiled function "_nnls" as it uses dynamic globals (such as ctypes pointers and large global arrays)[0m[0m[0m[0m[0m[0m[0m
[36m(CPUDet4Actor pid=3657446, ip=10.10.2.2)[0m   x, f, mode, it = slsqp_solve(kind, seeds[k], lb, ub, op, opr, lit, n_ops, params, v0, rho,
[36m(CPUDet4Actor pid=3657446, ip=10.10.2.2)[0m /home/qaragoez/symclf_clean/symclf/examples/4DCartPolerV10/../DET4Fast4D_V10/slsqp_nb.py:993: NumbaWarning: [1m[1m[1m[1m[1m[1mCannot cache compiled function "_ldp" as it uses dynamic globals (such as ctypes pointers and large global arrays)[0m[0m[0m[0m[0m[0m
[36m(CPUDet4Actor pid=3657446, ip=10.10.2.2)[0m   x, f, mode, it = slsqp_solve(kind, seeds[k], lb, ub, op, opr, lit, n_ops, params, v0, rho,
[36m(CPUDet4Actor pid=3657446, ip=10.10.2.2)[0m /home/qaragoez/symclf_clean/symclf/examples/4DCartPolerV10/../DET4Fast4D_V10/slsqp_nb.py:993: NumbaWarning: [1m[1m[1m[1m[1mCannot cache compiled function "_lsi" as it uses dynamic globals (such as ctypes pointers and large global arrays)[0m[0m[0m[0m[0m
[36m(CPUDet4Actor pid=3657446, ip=10.10.2.2)[0m   x, f, mode, it = slsqp_solve(kind, seeds[k], lb, ub, op, opr, lit, n_ops, params, v0, rho,
[36m(CPUDet4Actor pid=3657446, ip=10.10.2.2)[0m /home/qaragoez/symclf_clean/symclf/examples/4DCartPolerV10/../DET4Fast4D_V10/slsqp_nb.py:993: NumbaWarning: [1m[1m[1m[1mCannot cache compiled function "_lsei" as it uses dynamic globals (such as ctypes pointers and large global arrays)[0m[0m[0m[0m
[36m(CPUDet4Actor pid=3657446, ip=10.10.2.2)[0m   x, f, mode, it = slsqp_solve(kind, seeds[k], lb, ub, op, opr, lit, n_ops, params, v0, rho,
[36m(CPUDet4Actor pid=3657446, ip=10.10.2.2)[0m /home/qaragoez/symclf_clean/symclf/examples/4DCartPolerV10/../DET4Fast4D_V10/slsqp_nb.py:993: NumbaWarning: [1m[1m[1mCannot cache compiled function "_lsq" as it uses dynamic globals (such as ctypes pointers and large global arrays)[0m[0m[0m
[36m(CPUDet4Actor pid=3657446, ip=10.10.2.2)[0m   x, f, mode, it = slsqp_solve(kind, seeds[k], lb, ub, op, opr, lit, n_ops, params, v0, rho,
[36m(CPUDet4Actor pid=3657446, ip=10.10.2.2)[0m /home/qaragoez/symclf_clean/symclf/examples/4DCartPolerV10/../DET4Fast4D_V10/slsqp_nb.py:993: NumbaWarning: [1m[1mCannot cache compiled function "slsqp_solve" as it uses dynamic globals (such as ctypes pointers and large global arrays)[0m[0m
[36m(CPUDet4Actor pid=3657446, ip=10.10.2.2)[0m   x, f, mode, it = slsqp_solve(kind, seeds[k], lb, ub, op, opr, lit, n_ops, params, v0, rho,
[36m(CPUDet4Actor pid=3657423, ip=10.10.2.2)[0m /home/qaragoez/symclf_clean/symclf/examples/4DCartPolerV10/../DET4Fast4D_V10/slsqp_nb.py:993: NumbaWarning: [1m[1m[1m[1m[1m[1m[1mCannot cache compiled function "_nnls" as it uses dynamic globals (such as ctypes pointers and large global arrays)[0m[0m[0m[0m[0m[0m[0m
[36m(CPUDet4Actor pid=3657423, ip=10.10.2.2)[0m   x, f, mode, it = slsqp_solve(kind, seeds[k], lb, ub, op, opr, lit, n_ops, params, v0, rho,
[36m(CPUDet4Actor pid=3657423, ip=10.10.2.2)[0m /home/qaragoez/symclf_clean/symclf/examples/4DCartPolerV10/../DET4Fast4D_V10/slsqp_nb.py:993: NumbaWarning: [1m[1m[1m[1m[1m[1mCannot cache compiled function "_ldp" as it uses dynamic globals (such as ctypes pointers and large global arrays)[0m[0m[0m[0m[0m[0m
[36m(CPUDet4Actor pid=3657423, ip=10.10.2.2)[0m   x, f, mode, it = slsqp_solve(kind, seeds[k], lb, ub, op, opr, lit, n_ops, params, v0, rho,
[36m(CPUDet4Actor pid=3657423, ip=10.10.2.2)[0m /home/qaragoez/symclf_clean/symclf/examples/4DCartPolerV10/../DET4Fast4D_V10/slsqp_nb.py:993: NumbaWarning: [1m[1m[1m[1m[1mCannot cache compiled function "_lsi" as it uses dynamic globals (such as ctypes pointers and large global arrays)[0m[0m[0m[0m[0m
[36m(CPUDet4Actor pid=3657423, ip=10.10.2.2)[0m   x, f, mode, it = slsqp_solve(kind, seeds[k], lb, ub, op, opr, lit, n_ops, params, v0, rho,
[36m(CPUDet4Actor pid=3657423, ip=10.10.2.2)[0m /home/qaragoez/symclf_clean/symclf/examples/4DCartPolerV10/../DET4Fast4D_V10/slsqp_nb.py:993: NumbaWarning: [1m[1m[1m[1mCannot cache compiled function "_lsei" as it uses dynamic globals (such as ctypes pointers and large global arrays)[0m[0m[0m[0m
[36m(CPUDet4Actor pid=3657423, ip=10.10.2.2)[0m   x, f, mode, it = slsqp_solve(kind, seeds[k], lb, ub, op, opr, lit, n_ops, params, v0, rho,
[36m(CPUDet4Actor pid=3657423, ip=10.10.2.2)[0m /home/qaragoez/symclf_clean/symclf/examples/4DCartPolerV10/../DET4Fast4D_V10/slsqp_nb.py:993: NumbaWarning: [1m[1m[1mCannot cache compiled function "_lsq" as it uses dynamic globals (such as ctypes pointers and large global arrays)[0m[0m[0m
[36m(CPUDet4Actor pid=3657423, ip=10.10.2.2)[0m   x, f, mode, it = slsqp_solve(kind, seeds[k], lb, ub, op, opr, lit, n_ops, params, v0, rho,
[36m(CPUDet4Actor pid=3657423, ip=10.10.2.2)[0m /home/qaragoez/symclf_clean/symclf/examples/4DCartPolerV10/../DET4Fast4D_V10/slsqp_nb.py:993: NumbaWarning: [1m[1mCannot cache compiled function "slsqp_solve" as it uses dynamic globals (such as ctypes pointers and large global arrays)[0m[0m
[36m(CPUDet4Actor pid=3657423, ip=10.10.2.2)[0m   x, f, mode, it = slsqp_solve(kind, seeds[k], lb, ub, op, opr, lit, n_ops, params, v0, rho,
[36m(CPUDet4Actor pid=3657431, ip=10.10.2.2)[0m /home/qaragoez/symclf_clean/symclf/examples/4DCartPolerV10/../DET4Fast4D_V10/slsqp_nb.py:993: NumbaWarning: [1m[1m[1m[1m[1m[1m[1mCannot cache compiled function "_nnls" as it uses dynamic globals (such as ctypes pointers and large global arrays)[0m[0m[0m[0m[0m[0m[0m
[36m(CPUDet4Actor pid=3657431, ip=10.10.2.2)[0m   x, f, mode, it = slsqp_solve(kind, seeds[k], lb, ub, op, opr, lit, n_ops, params, v0, rho,
[36m(CPUDet4Actor pid=3657431, ip=10.10.2.2)[0m /home/qaragoez/symclf_clean/symclf/examples/4DCartPolerV10/../DET4Fast4D_V10/slsqp_nb.py:993: NumbaWarning: [1m[1m[1m[1m[1m[1mCannot cache compiled function "_ldp" as it uses dynamic globals (such as ctypes pointers and large global arrays)[0m[0m[0m[0m[0m[0m
[36m(CPUDet4Actor pid=3657431, ip=10.10.2.2)[0m   x, f, mode, it = slsqp_solve(kind, seeds[k], lb, ub, op, opr, lit, n_ops, params, v0, rho,
[36m(CPUDet4Actor pid=3657431, ip=10.10.2.2)[0m /home/qaragoez/symclf_clean/symclf/examples/4DCartPolerV10/../DET4Fast4D_V10/slsqp_nb.py:993: NumbaWarning: [1m[1m[1m[1m[1mCannot cache compiled function "_lsi" as it uses dynamic globals (such as ctypes pointers and large global arrays)[0m[0m[0m[0m[0m
[36m(CPUDet4Actor pid=3657431, ip=10.10.2.2)[0m   x, f, mode, it = slsqp_solve(kind, seeds[k], lb, ub, op, opr, lit, n_ops, params, v0, rho,
[36m(CPUDet4Actor pid=3657431, ip=10.10.2.2)[0m /home/qaragoez/symclf_clean/symclf/examples/4DCartPolerV10/../DET4Fast4D_V10/slsqp_nb.py:993: NumbaWarning: [1m[1m[1m[1mCannot cache compiled function "_lsei" as it uses dynamic globals (such as ctypes pointers and large global arrays)[0m[0m[0m[0m
[36m(CPUDet4Actor pid=3657431, ip=10.10.2.2)[0m   x, f, mode, it = slsqp_solve(kind, seeds[k], lb, ub, op, opr, lit, n_ops, params, v0, rho,
[36m(CPUDet4Actor pid=3657431, ip=10.10.2.2)[0m /home/qaragoez/symclf_clean/symclf/examples/4DCartPolerV10/../DET4Fast4D_V10/slsqp_nb.py:993: NumbaWarning: [1m[1m[1mCannot cache compiled function "_lsq" as it uses dynamic globals (such as ctypes pointers and large global arrays)[0m[0m[0m
[36m(CPUDet4Actor pid=3657431, ip=10.10.2.2)[0m   x, f, mode, it = slsqp_solve(kind, seeds[k], lb, ub, op, opr, lit, n_ops, params, v0, rho,
[36m(CPUDet4Actor pid=3657431, ip=10.10.2.2)[0m /home/qaragoez/symclf_clean/symclf/examples/4DCartPolerV10/../DET4Fast4D_V10/slsqp_nb.py:993: NumbaWarning: [1m[1mCannot cache compiled function "slsqp_solve" as it uses dynamic globals (such as ctypes pointers and large global arrays)[0m[0m
[36m(CPUDet4Actor pid=3657431, ip=10.10.2.2)[0m   x, f, mode, it = slsqp_solve(kind, seeds[k], lb, ub, op, opr, lit, n_ops, params, v0, rho,
[36m(CPUDet4Actor pid=3459352)[0m /home/qaragoez/symclf_clean/symclf/examples/4DCartPolerV10/../DET4Fast4D_V10/slsqp_nb.py:993: NumbaWarning: [1m[1m[1m[1m[1m[1m[1mCannot cache compiled function "_nnls" as it uses dynamic globals (such as ctypes pointers and large global arrays)[0m[0m[0m[0m[0m[0m[0m
[36m(CPUDet4Actor pid=3459352)[0m   x, f, mode, it = slsqp_solve(kind, seeds[k], lb, ub, op, opr, lit, n_ops, params, v0, rho,
[36m(CPUDet4Actor pid=3459352)[0m /home/qaragoez/symclf_clean/symclf/examples/4DCartPolerV10/../DET4Fast4D_V10/slsqp_nb.py:993: NumbaWarning: [1m[1m[1m[1m[1m[1mCannot cache compiled function "_ldp" as it uses dynamic globals (such as ctypes pointers and large global arrays)[0m[0m[0m[0m[0m[0m
[36m(CPUDet4Actor pid=3459352)[0m   x, f, mode, it = slsqp_solve(kind, seeds[k], lb, ub, op, opr, lit, n_ops, params, v0, rho,
[36m(CPUDet4Actor pid=3459352)[0m /home/qaragoez/symclf_clean/symclf/examples/4DCartPolerV10/../DET4Fast4D_V10/slsqp_nb.py:993: NumbaWarning: [1m[1m[1m[1m[1mCannot cache compiled function "_lsi" as it uses dynamic globals (such as ctypes pointers and large global arrays)[0m[0m[0m[0m[0m
[36m(CPUDet4Actor pid=3459352)[0m   x, f, mode, it = slsqp_solve(kind, seeds[k], lb, ub, op, opr, lit, n_ops, params, v0, rho,
[36m(CPUDet4Actor pid=3459352)[0m /home/qaragoez/symclf_clean/symclf/examples/4DCartPolerV10/../DET4Fast4D_V10/slsqp_nb.py:993: NumbaWarning: [1m[1m[1m[1mCannot cache compiled function "_lsei" as it uses dynamic globals (such as ctypes pointers and large global arrays)[0m[0m[0m[0m
[36m(CPUDet4Actor pid=3459352)[0m   x, f, mode, it = slsqp_solve(kind, seeds[k], lb, ub, op, opr, lit, n_ops, params, v0, rho,
[36m(CPUDet4Actor pid=3459352)[0m /home/qaragoez/symclf_clean/symclf/examples/4DCartPolerV10/../DET4Fast4D_V10/slsqp_nb.py:993: NumbaWarning: [1m[1m[1mCannot cache compiled function "_lsq" as it uses dynamic globals (such as ctypes pointers and large global arrays)[0m[0m[0m
[36m(CPUDet4Actor pid=3459352)[0m   x, f, mode, it = slsqp_solve(kind, seeds[k], lb, ub, op, opr, lit, n_ops, params, v0, rho,
[36m(CPUDet4Actor pid=3459352)[0m /home/qaragoez/symclf_clean/symclf/examples/4DCartPolerV10/../DET4Fast4D_V10/slsqp_nb.py:993: NumbaWarning: [1m[1mCannot cache compiled function "slsqp_solve" as it uses dynamic globals (such as ctypes pointers and large global arrays)[0m[0m
[36m(CPUDet4Actor pid=3459352)[0m   x, f, mode, it = slsqp_solve(kind, seeds[k], lb, ub, op, opr, lit, n_ops, params, v0, rho,
[36m(CPUDet4Actor pid=3657426, ip=10.10.2.2)[0m /home/qaragoez/symclf_clean/symclf/examples/4DCartPolerV10/../DET4Fast4D_V10/slsqp_nb.py:993: NumbaWarning: [1m[1m[1m[1m[1m[1m[1mCannot cache compiled function "_nnls" as it uses dynamic globals (such as ctypes pointers and large global arrays)[0m[0m[0m[0m[0m[0m[0m
[36m(CPUDet4Actor pid=3657426, ip=10.10.2.2)[0m   x, f, mode, it = slsqp_solve(kind, seeds[k], lb, ub, op, opr, lit, n_ops, params, v0, rho,
[36m(CPUDet4Actor pid=3657426, ip=10.10.2.2)[0m /home/qaragoez/symclf_clean/symclf/examples/4DCartPolerV10/../DET4Fast4D_V10/slsqp_nb.py:993: NumbaWarning: [1m[1m[1m[1m[1m[1mCannot cache compiled function "_ldp" as it uses dynamic globals (such as ctypes pointers and large global arrays)[0m[0m[0m[0m[0m[0m
[36m(CPUDet4Actor pid=3657426, ip=10.10.2.2)[0m   x, f, mode, it = slsqp_solve(kind, seeds[k], lb, ub, op, opr, lit, n_ops, params, v0, rho,
[36m(CPUDet4Actor pid=3657426, ip=10.10.2.2)[0m /home/qaragoez/symclf_clean/symclf/examples/4DCartPolerV10/../DET4Fast4D_V10/slsqp_nb.py:993: NumbaWarning: [1m[1m[1m[1m[1mCannot cache compiled function "_lsi" as it uses dynamic globals (such as ctypes pointers and large global arrays)[0m[0m[0m[0m[0m
[36m(CPUDet4Actor pid=3657426, ip=10.10.2.2)[0m   x, f, mode, it = slsqp_solve(kind, seeds[k], lb, ub, op, opr, lit, n_ops, params, v0, rho,
[36m(CPUDet4Actor pid=3657426, ip=10.10.2.2)[0m /home/qaragoez/symclf_clean/symclf/examples/4DCartPolerV10/../DET4Fast4D_V10/slsqp_nb.py:993: NumbaWarning: [1m[1m[1m[1mCannot cache compiled function "_lsei" as it uses dynamic globals (such as ctypes pointers and large global arrays)[0m[0m[0m[0m
[36m(CPUDet4Actor pid=3657426, ip=10.10.2.2)[0m   x, f, mode, it = slsqp_solve(kind, seeds[k], lb, ub, op, opr, lit, n_ops, params, v0, rho,
[36m(CPUDet4Actor pid=3657426, ip=10.10.2.2)[0m /home/qaragoez/symclf_clean/symclf/examples/4DCartPolerV10/../DET4Fast4D_V10/slsqp_nb.py:993: NumbaWarning: [1m[1m[1mCannot cache compiled function "_lsq" as it uses dynamic globals (such as ctypes pointers and large global arrays)[0m[0m[0m
[36m(CPUDet4Actor pid=3657426, ip=10.10.2.2)[0m   x, f, mode, it = slsqp_solve(kind, seeds[k], lb, ub, op, opr, lit, n_ops, params, v0, rho,
[36m(CPUDet4Actor pid=3657426, ip=10.10.2.2)[0m /home/qaragoez/symclf_clean/symclf/examples/4DCartPolerV10/../DET4Fast4D_V10/slsqp_nb.py:993: NumbaWarning: [1m[1mCannot cache compiled function "slsqp_solve" as it uses dynamic globals (such as ctypes pointers and large global arrays)[0m[0m
[36m(CPUDet4Actor pid=3657426, ip=10.10.2.2)[0m   x, f, mode, it = slsqp_solve(kind, seeds[k], lb, ub, op, opr, lit, n_ops, params, v0, rho,
[36m(CPUDet4Actor pid=3459350)[0m /home/qaragoez/symclf_clean/symclf/examples/4DCartPolerV10/../DET4Fast4D_V10/slsqp_nb.py:993: NumbaWarning: [1m[1m[1m[1m[1m[1m[1mCannot cache compiled function "_nnls" as it uses dynamic globals (such as ctypes pointers and large global arrays)[0m[0m[0m[0m[0m[0m[0m
[36m(CPUDet4Actor pid=3459350)[0m   x, f, mode, it = slsqp_solve(kind, seeds[k], lb, ub, op, opr, lit, n_ops, params, v0, rho,
[36m(CPUDet4Actor pid=3459350)[0m /home/qaragoez/symclf_clean/symclf/examples/4DCartPolerV10/../DET4Fast4D_V10/slsqp_nb.py:993: NumbaWarning: [1m[1m[1m[1m[1m[1mCannot cache compiled function "_ldp" as it uses dynamic globals (such as ctypes pointers and large global arrays)[0m[0m[0m[0m[0m[0m
[36m(CPUDet4Actor pid=3459350)[0m   x, f, mode, it = slsqp_solve(kind, seeds[k], lb, ub, op, opr, lit, n_ops, params, v0, rho,
[36m(CPUDet4Actor pid=3459350)[0m /home/qaragoez/symclf_clean/symclf/examples/4DCartPolerV10/../DET4Fast4D_V10/slsqp_nb.py:993: NumbaWarning: [1m[1m[1m[1m[1mCannot cache compiled function "_lsi" as it uses dynamic globals (such as ctypes pointers and large global arrays)[0m[0m[0m[0m[0m
[36m(CPUDet4Actor pid=3459350)[0m   x, f, mode, it = slsqp_solve(kind, seeds[k], lb, ub, op, opr, lit, n_ops, params, v0, rho,
[36m(CPUDet4Actor pid=3459350)[0m /home/qaragoez/symclf_clean/symclf/examples/4DCartPolerV10/../DET4Fast4D_V10/slsqp_nb.py:993: NumbaWarning: [1m[1m[1m[1mCannot cache compiled function "_lsei" as it uses dynamic globals (such as ctypes pointers and large global arrays)[0m[0m[0m[0m
[36m(CPUDet4Actor pid=3459350)[0m   x, f, mode, it = slsqp_solve(kind, seeds[k], lb, ub, op, opr, lit, n_ops, params, v0, rho,
[36m(CPUDet4Actor pid=3459350)[0m /home/qaragoez/symclf_clean/symclf/examples/4DCartPolerV10/../DET4Fast4D_V10/slsqp_nb.py:993: NumbaWarning: [1m[1m[1mCannot cache compiled function "_lsq" as it uses dynamic globals (such as ctypes pointers and large global arrays)[0m[0m[0m
[36m(CPUDet4Actor pid=3459350)[0m   x, f, mode, it = slsqp_solve(kind, seeds[k], lb, ub, op, opr, lit, n_ops, params, v0, rho,
[36m(CPUDet4Actor pid=3459350)[0m /home/qaragoez/symclf_clean/symclf/examples/4DCartPolerV10/../DET4Fast4D_V10/slsqp_nb.py:993: NumbaWarning: [1m[1mCannot cache compiled function "slsqp_solve" as it uses dynamic globals (such as ctypes pointers and large global arrays)[0m[0m
[36m(CPUDet4Actor pid=3459350)[0m   x, f, mode, it = slsqp_solve(kind, seeds[k], lb, ub, op, opr, lit, n_ops, params, v0, rho,
[36m(CPUDet4Actor pid=3459355)[0m /home/qaragoez/symclf_clean/symclf/examples/4DCartPolerV10/../DET4Fast4D_V10/slsqp_nb.py:984: NumbaWarning: [1mCannot cache compiled function "slsqp_many" as it uses dynamic globals (such as ctypes pointers and large global arrays)[0m
[36m(CPUDet4Actor pid=3459355)[0m   @njit(cache=True, parallel=True)
[36m(CPUDet4Actor pid=3657441, ip=10.10.2.2)[0m /home/qaragoez/symclf_clean/symclf/examples/4DCartPolerV10/../DET4Fast4D_V10/slsqp_nb.py:993: NumbaWarning: [1m[1m[1m[1m[1m[1m[1mCannot cache compiled function "_nnls" as it uses dynamic globals (such as ctypes pointers and large global arrays)[0m[0m[0m[0m[0m[0m[0m
[36m(CPUDet4Actor pid=3657441, ip=10.10.2.2)[0m   x, f, mode, it = slsqp_solve(kind, seeds[k], lb, ub, op, opr, lit, n_ops, params, v0, rho,
[36m(CPUDet4Actor pid=3657441, ip=10.10.2.2)[0m /home/qaragoez/symclf_clean/symclf/examples/4DCartPolerV10/../DET4Fast4D_V10/slsqp_nb.py:993: NumbaWarning: [1m[1m[1m[1m[1m[1mCannot cache compiled function "_ldp" as it uses dynamic globals (such as ctypes pointers and large global arrays)[0m[0m[0m[0m[0m[0m
[36m(CPUDet4Actor pid=3657441, ip=10.10.2.2)[0m   x, f, mode, it = slsqp_solve(kind, seeds[k], lb, ub, op, opr, lit, n_ops, params, v0, rho,
[36m(CPUDet4Actor pid=3657441, ip=10.10.2.2)[0m /home/qaragoez/symclf_clean/symclf/examples/4DCartPolerV10/../DET4Fast4D_V10/slsqp_nb.py:993: NumbaWarning: [1m[1m[1m[1m[1mCannot cache compiled function "_lsi" as it uses dynamic globals (such as ctypes pointers and large global arrays)[0m[0m[0m[0m[0m
[36m(CPUDet4Actor pid=3657441, ip=10.10.2.2)[0m   x, f, mode, it = slsqp_solve(kind, seeds[k], lb, ub, op, opr, lit, n_ops, params, v0, rho,
[36m(CPUDet4Actor pid=3657441, ip=10.10.2.2)[0m /home/qaragoez/symclf_clean/symclf/examples/4DCartPolerV10/../DET4Fast4D_V10/slsqp_nb.py:993: NumbaWarning: [1m[1m[1m[1mCannot cache compiled function "_lsei" as it uses dynamic globals (such as ctypes pointers and large global arrays)[0m[0m[0m[0m
[36m(CPUDet4Actor pid=3657441, ip=10.10.2.2)[0m   x, f, mode, it = slsqp_solve(kind, seeds[k], lb, ub, op, opr, lit, n_ops, params, v0, rho,
[36m(CPUDet4Actor pid=3657441, ip=10.10.2.2)[0m /home/qaragoez/symclf_clean/symclf/examples/4DCartPolerV10/../DET4Fast4D_V10/slsqp_nb.py:993: NumbaWarning: [1m[1m[1mCannot cache compiled function "_lsq" as it uses dynamic globals (such as ctypes pointers and large global arrays)[0m[0m[0m
[36m(CPUDet4Actor pid=3657441, ip=10.10.2.2)[0m   x, f, mode, it = slsqp_solve(kind, seeds[k], lb, ub, op, opr, lit, n_ops, params, v0, rho,
[36m(CPUDet4Actor pid=3657441, ip=10.10.2.2)[0m /home/qaragoez/symclf_clean/symclf/examples/4DCartPolerV10/../DET4Fast4D_V10/slsqp_nb.py:993: NumbaWarning: [1m[1mCannot cache compiled function "slsqp_solve" as it uses dynamic globals (such as ctypes pointers and large global arrays)[0m[0m
[36m(CPUDet4Actor pid=3657441, ip=10.10.2.2)[0m   x, f, mode, it = slsqp_solve(kind, seeds[k], lb, ub, op, opr, lit, n_ops, params, v0, rho,
[36m(CPUDet4Actor pid=3657436, ip=10.10.2.2)[0m /home/qaragoez/symclf_clean/symclf/examples/4DCartPolerV10/../DET4Fast4D_V10/slsqp_nb.py:984: NumbaWarning: [1mCannot cache compiled function "slsqp_many" as it uses dynamic globals (such as ctypes pointers and large global arrays)[0m
[36m(CPUDet4Actor pid=3657436, ip=10.10.2.2)[0m   @njit(cache=True, parallel=True)
[36m(CPUDet4Actor pid=3657450, ip=10.10.2.2)[0m /home/qaragoez/symclf_clean/symclf/examples/4DCartPolerV10/../DET4Fast4D_V10/slsqp_nb.py:984: NumbaWarning: [1mCannot cache compiled function "slsqp_many" as it uses dynamic globals (such as ctypes pointers and large global arrays)[0m
[36m(CPUDet4Actor pid=3657450, ip=10.10.2.2)[0m   @njit(cache=True, parallel=True)
[36m(CPUDet4Actor pid=3459345)[0m /home/qaragoez/symclf_clean/symclf/examples/4DCartPolerV10/../DET4Fast4D_V10/slsqp_nb.py:984: NumbaWarning: [1mCannot cache compiled function "slsqp_many" as it uses dynamic globals (such as ctypes pointers and large global arrays)[0m
[36m(CPUDet4Actor pid=3459345)[0m   @njit(cache=True, parallel=True)
[36m(CPUDet4Actor pid=3657428, ip=10.10.2.2)[0m /home/qaragoez/symclf_clean/symclf/examples/4DCartPolerV10/../DET4Fast4D_V10/slsqp_nb.py:984: NumbaWarning: [1mCannot cache compiled function "slsqp_many" as it uses dynamic globals (such as ctypes pointers and large global arrays)[0m
[36m(CPUDet4Actor pid=3657428, ip=10.10.2.2)[0m   @njit(cache=True, parallel=True)
[36m(CPUDet4Actor pid=3657433, ip=10.10.2.2)[0m /home/qaragoez/symclf_clean/symclf/examples/4DCartPolerV10/../DET4Fast4D_V10/slsqp_nb.py:984: NumbaWarning: [1mCannot cache compiled function "slsqp_many" as it uses dynamic globals (such as ctypes pointers and large global arrays)[0m
[36m(CPUDet4Actor pid=3657433, ip=10.10.2.2)[0m   @njit(cache=True, parallel=True)
[36m(CPUDet4Actor pid=3657452, ip=10.10.2.2)[0m /home/qaragoez/symclf_clean/symclf/examples/4DCartPolerV10/../DET4Fast4D_V10/slsqp_nb.py:984: NumbaWarning: [1mCannot cache compiled function "slsqp_many" as it uses dynamic globals (such as ctypes pointers and large global arrays)[0m
[36m(CPUDet4Actor pid=3657452, ip=10.10.2.2)[0m   @njit(cache=True, parallel=True)
[36m(CPUDet4Actor pid=3657425, ip=10.10.2.2)[0m /home/qaragoez/symclf_clean/symclf/examples/4DCartPolerV10/../DET4Fast4D_V10/slsqp_nb.py:984: NumbaWarning: [1mCannot cache compiled function "slsqp_many" as it uses dynamic globals (such as ctypes pointers and large global arrays)[0m
[36m(CPUDet4Actor pid=3657425, ip=10.10.2.2)[0m   @njit(cache=True, parallel=True)
[36m(CPUDet4Actor pid=3459346)[0m /home/qaragoez/symclf_clean/symclf/examples/4DCartPolerV10/../DET4Fast4D_V10/slsqp_nb.py:984: NumbaWarning: [1mCannot cache compiled function "slsqp_many" as it uses dynamic globals (such as ctypes pointers and large global arrays)[0m
[36m(CPUDet4Actor pid=3459346)[0m   @njit(cache=True, parallel=True)
[36m(CPUDet4Actor pid=3657446, ip=10.10.2.2)[0m /home/qaragoez/symclf_clean/symclf/examples/4DCartPolerV10/../DET4Fast4D_V10/slsqp_nb.py:984: NumbaWarning: [1mCannot cache compiled function "slsqp_many" as it uses dynamic globals (such as ctypes pointers and large global arrays)[0m
[36m(CPUDet4Actor pid=3657446, ip=10.10.2.2)[0m   @njit(cache=True, parallel=True)
[36m(CPUDet4Actor pid=3657440, ip=10.10.2.2)[0m /home/qaragoez/symclf_clean/symclf/examples/4DCartPolerV10/../DET4Fast4D_V10/slsqp_nb.py:984: NumbaWarning: [1mCannot cache compiled function "slsqp_many" as it uses dynamic globals (such as ctypes pointers and large global arrays)[0m
[36m(CPUDet4Actor pid=3657440, ip=10.10.2.2)[0m   @njit(cache=True, parallel=True)
[36m(CPUDet4Actor pid=3657431, ip=10.10.2.2)[0m /home/qaragoez/symclf_clean/symclf/examples/4DCartPolerV10/../DET4Fast4D_V10/slsqp_nb.py:984: NumbaWarning: [1mCannot cache compiled function "slsqp_many" as it uses dynamic globals (such as ctypes pointers and large global arrays)[0m
[36m(CPUDet4Actor pid=3657431, ip=10.10.2.2)[0m   @njit(cache=True, parallel=True)
[36m(CPUDet4Actor pid=3459352)[0m /home/qaragoez/symclf_clean/symclf/examples/4DCartPolerV10/../DET4Fast4D_V10/slsqp_nb.py:984: NumbaWarning: [1mCannot cache compiled function "slsqp_many" as it uses dynamic globals (such as ctypes pointers and large global arrays)[0m
[36m(CPUDet4Actor pid=3459352)[0m   @njit(cache=True, parallel=True)
[36m(CPUDet4Actor pid=3459359)[0m /home/qaragoez/symclf_clean/symclf/examples/4DCartPolerV10/../DET4Fast4D_V10/slsqp_nb.py:984: NumbaWarning: [1mCannot cache compiled function "slsqp_many" as it uses dynamic globals (such as ctypes pointers and large global arrays)[0m
[36m(CPUDet4Actor pid=3459359)[0m   @njit(cache=True, parallel=True)
[36m(CPUDet4Actor pid=3657426, ip=10.10.2.2)[0m /home/qaragoez/symclf_clean/symclf/examples/4DCartPolerV10/../DET4Fast4D_V10/slsqp_nb.py:984: NumbaWarning: [1mCannot cache compiled function "slsqp_many" as it uses dynamic globals (such as ctypes pointers and large global arrays)[0m
[36m(CPUDet4Actor pid=3657426, ip=10.10.2.2)[0m   @njit(cache=True, parallel=True)
[36m(CPUDet4Actor pid=3657423, ip=10.10.2.2)[0m /home/qaragoez/symclf_clean/symclf/examples/4DCartPolerV10/../DET4Fast4D_V10/slsqp_nb.py:984: NumbaWarning: [1mCannot cache compiled function "slsqp_many" as it uses dynamic globals (such as ctypes pointers and large global arrays)[0m
[36m(CPUDet4Actor pid=3657423, ip=10.10.2.2)[0m   @njit(cache=True, parallel=True)
[36m(CPUDet4Actor pid=3459350)[0m /home/qaragoez/symclf_clean/symclf/examples/4DCartPolerV10/../DET4Fast4D_V10/slsqp_nb.py:984: NumbaWarning: [1mCannot cache compiled function "slsqp_many" as it uses dynamic globals (such as ctypes pointers and large global arrays)[0m
[36m(CPUDet4Actor pid=3459350)[0m   @njit(cache=True, parallel=True)
[36m(CPUDet4Actor pid=3657441, ip=10.10.2.2)[0m /home/qaragoez/symclf_clean/symclf/examples/4DCartPolerV10/../DET4Fast4D_V10/slsqp_nb.py:984: NumbaWarning: [1mCannot cache compiled function "slsqp_many" as it uses dynamic globals (such as ctypes pointers and large global arrays)[0m
[36m(CPUDet4Actor pid=3657441, ip=10.10.2.2)[0m   @njit(cache=True, parallel=True)
srun: Job step aborted: Waiting up to 32 seconds for job step to finish.
srun: Job step aborted: Waiting up to 32 seconds for job step to finish.
srun: Job step aborted: Waiting up to 32 seconds for job step to finish.
srun: Job step aborted: Waiting up to 32 seconds for job step to finish.
[2026-09-20T13:19:58.798] error: *** STEP 147918.7 ON s02n02 CANCELLED AT 2026-09-20T13:19:58 DUE to SIGNAL Terminated ***
[2026-09-20T13:19:58.798] error: *** STEP 147918.5 ON s02n02 CANCELLED AT 2026-09-20T13:19:58 DUE to SIGNAL Terminated ***
[2026-09-20T13:19:58.800] error: *** STEP 147918.4 ON s02n01 CANCELLED AT 2026-09-20T13:19:58 DUE to SIGNAL Terminated ***
[2026-09-20T13:19:58.810] error: *** JOB 147918 ON s02n01 CANCELLED AT 2026-09-20T13:19:58 DUE to SIGNAL Terminated ***
[2026-09-20T13:19:58.811] error: *** STEP 147918.6 ON s02n01 CANCELLED AT 2026-09-20T13:19:58 DUE to SIGNAL Terminated ***
Traceback (most recent call last):
  File "/home/qaragoez/symclf_clean/symclf/examples/4DCartPolerV10/run.py", line 447, in <module>
    main()
  File "/home/qaragoez/symclf_clean/symclf/examples/4DCartPolerV10/run.py", line 407, in main
    gpsr.fit(train_data)
  File "/home/qaragoez/Flex/src/flex/gp/regressor.py", line 473, in fit
    self.__run(toolbox)
  File "/home/qaragoez/Flex/src/flex/gp/regressor.py", line 728, in __run
    self._step(toolbox, self.__cgen)
  File "/home/qaragoez/Flex/src/flex/gp/regressor.py", line 650, in _step
    num_evals = self.__evolve_islands(cgen, toolbox)
                ^^^^^^^^^^^^^^^^^^^^^^^^^^^^^^^^^^^^
  File "/home/qaragoez/Flex/src/flex/gp/regressor.py", line 571, in __evolve_islands
[2026-09-20 13:19:58,837 E 3456009 3456069] core_worker.cc:475: :info_message: Attempting to recover 3 lost objects by resubmitting their tasks or setting a new primary location from existing copies. To disable object reconstruction, set @ray.remote(max_retries=0).
    fitnesses = toolbox.map(
srun: forcing job termination
srun: forcing job termination
srun: error: s02n01: task 0: Exited with exit code 1
srun: Terminating StepId=147918.4
srun: error: s02n02: task 0: Exited with exit code 1
srun: Terminating StepId=147918.5
