2026-09-20 04:29:22,598	INFO worker.py:1814 -- Connecting to existing Ray cluster at address: 10.10.2.1:47886...
2026-09-20 04:29:22,657	INFO worker.py:2012 -- Connected to Ray cluster.
/tmp/flex_147886/lib/python3.12/site-packages/ray/_private/worker.py:2051: FutureWarning: Tip: In future versions of Ray, Ray will no longer override accelerator visible devices env var if num_gpus=0 or num_gpus=None (default). To enable this behavior and turn off this error message, set RAY_ACCEL_ENV_VAR_OVERRIDE_ON_ZERO=0
  warnings.warn(
[36m(GPUFitnessActor pid=3259912)[0m /home/qaragoez/symclf_clean/symclf/examples/4DCartPolerV10/../DET4Fast4D_V10/slsqp_nb.py:993: NumbaWarning: [1m[1m[1m[1m[1m[1m[1mCannot cache compiled function "_nnls" as it uses dynamic globals (such as ctypes pointers and large global arrays)[0m[0m[0m[0m[0m[0m[0m
[36m(GPUFitnessActor pid=3259912)[0m   x, f, mode, it = slsqp_solve(kind, seeds[k], lb, ub, op, opr, lit, n_ops, params, v0, rho,
[36m(GPUFitnessActor pid=3259912)[0m /home/qaragoez/symclf_clean/symclf/examples/4DCartPolerV10/../DET4Fast4D_V10/slsqp_nb.py:993: NumbaWarning: [1m[1m[1m[1m[1m[1mCannot cache compiled function "_ldp" as it uses dynamic globals (such as ctypes pointers and large global arrays)[0m[0m[0m[0m[0m[0m
[36m(GPUFitnessActor pid=3259912)[0m   x, f, mode, it = slsqp_solve(kind, seeds[k], lb, ub, op, opr, lit, n_ops, params, v0, rho,
[36m(GPUFitnessActor pid=3259912)[0m /home/qaragoez/symclf_clean/symclf/examples/4DCartPolerV10/../DET4Fast4D_V10/slsqp_nb.py:993: NumbaWarning: [1m[1m[1m[1m[1mCannot cache compiled function "_lsi" as it uses dynamic globals (such as ctypes pointers and large global arrays)[0m[0m[0m[0m[0m
[36m(GPUFitnessActor pid=3259912)[0m   x, f, mode, it = slsqp_solve(kind, seeds[k], lb, ub, op, opr, lit, n_ops, params, v0, rho,
[36m(GPUFitnessActor pid=3259912)[0m /home/qaragoez/symclf_clean/symclf/examples/4DCartPolerV10/../DET4Fast4D_V10/slsqp_nb.py:993: NumbaWarning: [1m[1m[1m[1mCannot cache compiled function "_lsei" as it uses dynamic globals (such as ctypes pointers and large global arrays)[0m[0m[0m[0m
[36m(GPUFitnessActor pid=3259912)[0m   x, f, mode, it = slsqp_solve(kind, seeds[k], lb, ub, op, opr, lit, n_ops, params, v0, rho,
[36m(GPUFitnessActor pid=3259912)[0m /home/qaragoez/symclf_clean/symclf/examples/4DCartPolerV10/../DET4Fast4D_V10/slsqp_nb.py:993: NumbaWarning: [1m[1m[1mCannot cache compiled function "_lsq" as it uses dynamic globals (such as ctypes pointers and large global arrays)[0m[0m[0m
[36m(GPUFitnessActor pid=3259912)[0m   x, f, mode, it = slsqp_solve(kind, seeds[k], lb, ub, op, opr, lit, n_ops, params, v0, rho,
[36m(GPUFitnessActor pid=3259912)[0m /home/qaragoez/symclf_clean/symclf/examples/4DCartPolerV10/../DET4Fast4D_V10/slsqp_nb.py:993: NumbaWarning: [1m[1mCannot cache compiled function "slsqp_solve" as it uses dynamic globals (such as ctypes pointers and large global arrays)[0m[0m
[36m(GPUFitnessActor pid=3259912)[0m   x, f, mode, it = slsqp_solve(kind, seeds[k], lb, ub, op, opr, lit, n_ops, params, v0, rho,
[36m(GPUFitnessActor pid=3259912)[0m /home/qaragoez/symclf_clean/symclf/examples/4DCartPolerV10/../DET4Fast4D_V10/slsqp_nb.py:984: NumbaWarning: [1mCannot cache compiled function "slsqp_many" as it uses dynamic globals (such as ctypes pointers and large global arrays)[0m
[36m(GPUFitnessActor pid=3259912)[0m   @njit(cache=True, parallel=True)
[36m(CPUDet4Actor pid=3263170)[0m /home/qaragoez/symclf_clean/symclf/examples/4DCartPolerV10/../DET4Fast4D_V10/slsqp_nb.py:993: NumbaWarning: [1m[1m[1m[1m[1m[1m[1mCannot cache compiled function "_nnls" as it uses dynamic globals (such as ctypes pointers and large global arrays)[0m[0m[0m[0m[0m[0m[0m
[36m(CPUDet4Actor pid=3263170)[0m   x, f, mode, it = slsqp_solve(kind, seeds[k], lb, ub, op, opr, lit, n_ops, params, v0, rho,
[36m(CPUDet4Actor pid=3263170)[0m /home/qaragoez/symclf_clean/symclf/examples/4DCartPolerV10/../DET4Fast4D_V10/slsqp_nb.py:993: NumbaWarning: [1m[1m[1m[1m[1m[1mCannot cache compiled function "_ldp" as it uses dynamic globals (such as ctypes pointers and large global arrays)[0m[0m[0m[0m[0m[0m
[36m(CPUDet4Actor pid=3263170)[0m   x, f, mode, it = slsqp_solve(kind, seeds[k], lb, ub, op, opr, lit, n_ops, params, v0, rho,
[36m(CPUDet4Actor pid=3263170)[0m /home/qaragoez/symclf_clean/symclf/examples/4DCartPolerV10/../DET4Fast4D_V10/slsqp_nb.py:993: NumbaWarning: [1m[1m[1m[1m[1mCannot cache compiled function "_lsi" as it uses dynamic globals (such as ctypes pointers and large global arrays)[0m[0m[0m[0m[0m
[36m(CPUDet4Actor pid=3263170)[0m   x, f, mode, it = slsqp_solve(kind, seeds[k], lb, ub, op, opr, lit, n_ops, params, v0, rho,
[36m(CPUDet4Actor pid=3263170)[0m /home/qaragoez/symclf_clean/symclf/examples/4DCartPolerV10/../DET4Fast4D_V10/slsqp_nb.py:993: NumbaWarning: [1m[1m[1m[1mCannot cache compiled function "_lsei" as it uses dynamic globals (such as ctypes pointers and large global arrays)[0m[0m[0m[0m
[36m(CPUDet4Actor pid=3263170)[0m   x, f, mode, it = slsqp_solve(kind, seeds[k], lb, ub, op, opr, lit, n_ops, params, v0, rho,
[36m(CPUDet4Actor pid=3263170)[0m /home/qaragoez/symclf_clean/symclf/examples/4DCartPolerV10/../DET4Fast4D_V10/slsqp_nb.py:993: NumbaWarning: [1m[1m[1mCannot cache compiled function "_lsq" as it uses dynamic globals (such as ctypes pointers and large global arrays)[0m[0m[0m
[36m(CPUDet4Actor pid=3263170)[0m   x, f, mode, it = slsqp_solve(kind, seeds[k], lb, ub, op, opr, lit, n_ops, params, v0, rho,
[36m(CPUDet4Actor pid=3263170)[0m /home/qaragoez/symclf_clean/symclf/examples/4DCartPolerV10/../DET4Fast4D_V10/slsqp_nb.py:993: NumbaWarning: [1m[1mCannot cache compiled function "slsqp_solve" as it uses dynamic globals (such as ctypes pointers and large global arrays)[0m[0m
[36m(CPUDet4Actor pid=3263170)[0m   x, f, mode, it = slsqp_solve(kind, seeds[k], lb, ub, op, opr, lit, n_ops, params, v0, rho,
[36m(CPUDet4Actor pid=3263163)[0m /home/qaragoez/symclf_clean/symclf/examples/4DCartPolerV10/../DET4Fast4D_V10/slsqp_nb.py:993: NumbaWarning: [1m[1m[1m[1m[1m[1m[1mCannot cache compiled function "_nnls" as it uses dynamic globals (such as ctypes pointers and large global arrays)[0m[0m[0m[0m[0m[0m[0m
[36m(CPUDet4Actor pid=3263163)[0m   x, f, mode, it = slsqp_solve(kind, seeds[k], lb, ub, op, opr, lit, n_ops, params, v0, rho,
[36m(CPUDet4Actor pid=3263163)[0m /home/qaragoez/symclf_clean/symclf/examples/4DCartPolerV10/../DET4Fast4D_V10/slsqp_nb.py:993: NumbaWarning: [1m[1m[1m[1m[1m[1mCannot cache compiled function "_ldp" as it uses dynamic globals (such as ctypes pointers and large global arrays)[0m[0m[0m[0m[0m[0m
[36m(CPUDet4Actor pid=3263163)[0m   x, f, mode, it = slsqp_solve(kind, seeds[k], lb, ub, op, opr, lit, n_ops, params, v0, rho,
[36m(CPUDet4Actor pid=3263163)[0m /home/qaragoez/symclf_clean/symclf/examples/4DCartPolerV10/../DET4Fast4D_V10/slsqp_nb.py:993: NumbaWarning: [1m[1m[1m[1m[1mCannot cache compiled function "_lsi" as it uses dynamic globals (such as ctypes pointers and large global arrays)[0m[0m[0m[0m[0m
[36m(CPUDet4Actor pid=3263163)[0m   x, f, mode, it = slsqp_solve(kind, seeds[k], lb, ub, op, opr, lit, n_ops, params, v0, rho,
[36m(CPUDet4Actor pid=3263163)[0m /home/qaragoez/symclf_clean/symclf/examples/4DCartPolerV10/../DET4Fast4D_V10/slsqp_nb.py:993: NumbaWarning: [1m[1m[1m[1mCannot cache compiled function "_lsei" as it uses dynamic globals (such as ctypes pointers and large global arrays)[0m[0m[0m[0m
[36m(CPUDet4Actor pid=3263163)[0m   x, f, mode, it = slsqp_solve(kind, seeds[k], lb, ub, op, opr, lit, n_ops, params, v0, rho,
[36m(CPUDet4Actor pid=3263163)[0m /home/qaragoez/symclf_clean/symclf/examples/4DCartPolerV10/../DET4Fast4D_V10/slsqp_nb.py:993: NumbaWarning: [1m[1m[1mCannot cache compiled function "_lsq" as it uses dynamic globals (such as ctypes pointers and large global arrays)[0m[0m[0m
[36m(CPUDet4Actor pid=3263163)[0m   x, f, mode, it = slsqp_solve(kind, seeds[k], lb, ub, op, opr, lit, n_ops, params, v0, rho,
[36m(CPUDet4Actor pid=3263163)[0m /home/qaragoez/symclf_clean/symclf/examples/4DCartPolerV10/../DET4Fast4D_V10/slsqp_nb.py:993: NumbaWarning: [1m[1mCannot cache compiled function "slsqp_solve" as it uses dynamic globals (such as ctypes pointers and large global arrays)[0m[0m
[36m(CPUDet4Actor pid=3263163)[0m   x, f, mode, it = slsqp_solve(kind, seeds[k], lb, ub, op, opr, lit, n_ops, params, v0, rho,
[36m(CPUDet4Actor pid=3263177)[0m /home/qaragoez/symclf_clean/symclf/examples/4DCartPolerV10/../DET4Fast4D_V10/slsqp_nb.py:993: NumbaWarning: [1m[1m[1m[1m[1m[1m[1mCannot cache compiled function "_nnls" as it uses dynamic globals (such as ctypes pointers and large global arrays)[0m[0m[0m[0m[0m[0m[0m
[36m(CPUDet4Actor pid=3263177)[0m   x, f, mode, it = slsqp_solve(kind, seeds[k], lb, ub, op, opr, lit, n_ops, params, v0, rho,
[36m(CPUDet4Actor pid=3263177)[0m /home/qaragoez/symclf_clean/symclf/examples/4DCartPolerV10/../DET4Fast4D_V10/slsqp_nb.py:993: NumbaWarning: [1m[1m[1m[1m[1m[1mCannot cache compiled function "_ldp" as it uses dynamic globals (such as ctypes pointers and large global arrays)[0m[0m[0m[0m[0m[0m
[36m(CPUDet4Actor pid=3263177)[0m   x, f, mode, it = slsqp_solve(kind, seeds[k], lb, ub, op, opr, lit, n_ops, params, v0, rho,
[36m(CPUDet4Actor pid=3263177)[0m /home/qaragoez/symclf_clean/symclf/examples/4DCartPolerV10/../DET4Fast4D_V10/slsqp_nb.py:993: NumbaWarning: [1m[1m[1m[1m[1mCannot cache compiled function "_lsi" as it uses dynamic globals (such as ctypes pointers and large global arrays)[0m[0m[0m[0m[0m
[36m(CPUDet4Actor pid=3263177)[0m   x, f, mode, it = slsqp_solve(kind, seeds[k], lb, ub, op, opr, lit, n_ops, params, v0, rho,
[36m(CPUDet4Actor pid=3263177)[0m /home/qaragoez/symclf_clean/symclf/examples/4DCartPolerV10/../DET4Fast4D_V10/slsqp_nb.py:993: NumbaWarning: [1m[1m[1m[1mCannot cache compiled function "_lsei" as it uses dynamic globals (such as ctypes pointers and large global arrays)[0m[0m[0m[0m
[36m(CPUDet4Actor pid=3263177)[0m   x, f, mode, it = slsqp_solve(kind, seeds[k], lb, ub, op, opr, lit, n_ops, params, v0, rho,
[36m(CPUDet4Actor pid=3263177)[0m /home/qaragoez/symclf_clean/symclf/examples/4DCartPolerV10/../DET4Fast4D_V10/slsqp_nb.py:993: NumbaWarning: [1m[1m[1mCannot cache compiled function "_lsq" as it uses dynamic globals (such as ctypes pointers and large global arrays)[0m[0m[0m
[36m(CPUDet4Actor pid=3263177)[0m   x, f, mode, it = slsqp_solve(kind, seeds[k], lb, ub, op, opr, lit, n_ops, params, v0, rho,
[36m(CPUDet4Actor pid=3263177)[0m /home/qaragoez/symclf_clean/symclf/examples/4DCartPolerV10/../DET4Fast4D_V10/slsqp_nb.py:993: NumbaWarning: [1m[1mCannot cache compiled function "slsqp_solve" as it uses dynamic globals (such as ctypes pointers and large global arrays)[0m[0m
[36m(CPUDet4Actor pid=3263177)[0m   x, f, mode, it = slsqp_solve(kind, seeds[k], lb, ub, op, opr, lit, n_ops, params, v0, rho,
[36m(CPUDet4Actor pid=3263167)[0m /home/qaragoez/symclf_clean/symclf/examples/4DCartPolerV10/../DET4Fast4D_V10/slsqp_nb.py:993: NumbaWarning: [1m[1m[1m[1m[1m[1m[1mCannot cache compiled function "_nnls" as it uses dynamic globals (such as ctypes pointers and large global arrays)[0m[0m[0m[0m[0m[0m[0m
[36m(CPUDet4Actor pid=3263167)[0m   x, f, mode, it = slsqp_solve(kind, seeds[k], lb, ub, op, opr, lit, n_ops, params, v0, rho,
[36m(CPUDet4Actor pid=3263167)[0m /home/qaragoez/symclf_clean/symclf/examples/4DCartPolerV10/../DET4Fast4D_V10/slsqp_nb.py:993: NumbaWarning: [1m[1m[1m[1m[1m[1mCannot cache compiled function "_ldp" as it uses dynamic globals (such as ctypes pointers and large global arrays)[0m[0m[0m[0m[0m[0m
[36m(CPUDet4Actor pid=3263167)[0m   x, f, mode, it = slsqp_solve(kind, seeds[k], lb, ub, op, opr, lit, n_ops, params, v0, rho,
[36m(CPUDet4Actor pid=3263167)[0m /home/qaragoez/symclf_clean/symclf/examples/4DCartPolerV10/../DET4Fast4D_V10/slsqp_nb.py:993: NumbaWarning: [1m[1m[1m[1m[1mCannot cache compiled function "_lsi" as it uses dynamic globals (such as ctypes pointers and large global arrays)[0m[0m[0m[0m[0m
[36m(CPUDet4Actor pid=3263167)[0m   x, f, mode, it = slsqp_solve(kind, seeds[k], lb, ub, op, opr, lit, n_ops, params, v0, rho,
[36m(CPUDet4Actor pid=3263167)[0m /home/qaragoez/symclf_clean/symclf/examples/4DCartPolerV10/../DET4Fast4D_V10/slsqp_nb.py:993: NumbaWarning: [1m[1m[1m[1mCannot cache compiled function "_lsei" as it uses dynamic globals (such as ctypes pointers and large global arrays)[0m[0m[0m[0m
[36m(CPUDet4Actor pid=3263167)[0m   x, f, mode, it = slsqp_solve(kind, seeds[k], lb, ub, op, opr, lit, n_ops, params, v0, rho,
[36m(CPUDet4Actor pid=3263167)[0m /home/qaragoez/symclf_clean/symclf/examples/4DCartPolerV10/../DET4Fast4D_V10/slsqp_nb.py:993: NumbaWarning: [1m[1m[1mCannot cache compiled function "_lsq" as it uses dynamic globals (such as ctypes pointers and large global arrays)[0m[0m[0m
[36m(CPUDet4Actor pid=3263167)[0m   x, f, mode, it = slsqp_solve(kind, seeds[k], lb, ub, op, opr, lit, n_ops, params, v0, rho,
[36m(CPUDet4Actor pid=3263167)[0m /home/qaragoez/symclf_clean/symclf/examples/4DCartPolerV10/../DET4Fast4D_V10/slsqp_nb.py:993: NumbaWarning: [1m[1mCannot cache compiled function "slsqp_solve" as it uses dynamic globals (such as ctypes pointers and large global arrays)[0m[0m
[36m(CPUDet4Actor pid=3263167)[0m   x, f, mode, it = slsqp_solve(kind, seeds[k], lb, ub, op, opr, lit, n_ops, params, v0, rho,
[36m(CPUDet4Actor pid=3263171)[0m /home/qaragoez/symclf_clean/symclf/examples/4DCartPolerV10/../DET4Fast4D_V10/slsqp_nb.py:993: NumbaWarning: [1m[1m[1m[1m[1m[1m[1mCannot cache compiled function "_nnls" as it uses dynamic globals (such as ctypes pointers and large global arrays)[0m[0m[0m[0m[0m[0m[0m
[36m(CPUDet4Actor pid=3263171)[0m   x, f, mode, it = slsqp_solve(kind, seeds[k], lb, ub, op, opr, lit, n_ops, params, v0, rho,
[36m(CPUDet4Actor pid=3263171)[0m /home/qaragoez/symclf_clean/symclf/examples/4DCartPolerV10/../DET4Fast4D_V10/slsqp_nb.py:993: NumbaWarning: [1m[1m[1m[1m[1m[1mCannot cache compiled function "_ldp" as it uses dynamic globals (such as ctypes pointers and large global arrays)[0m[0m[0m[0m[0m[0m
[36m(CPUDet4Actor pid=3263171)[0m   x, f, mode, it = slsqp_solve(kind, seeds[k], lb, ub, op, opr, lit, n_ops, params, v0, rho,
[36m(CPUDet4Actor pid=3263171)[0m /home/qaragoez/symclf_clean/symclf/examples/4DCartPolerV10/../DET4Fast4D_V10/slsqp_nb.py:993: NumbaWarning: [1m[1m[1m[1m[1mCannot cache compiled function "_lsi" as it uses dynamic globals (such as ctypes pointers and large global arrays)[0m[0m[0m[0m[0m
[36m(CPUDet4Actor pid=3263171)[0m   x, f, mode, it = slsqp_solve(kind, seeds[k], lb, ub, op, opr, lit, n_ops, params, v0, rho,
[36m(CPUDet4Actor pid=3263171)[0m /home/qaragoez/symclf_clean/symclf/examples/4DCartPolerV10/../DET4Fast4D_V10/slsqp_nb.py:993: NumbaWarning: [1m[1m[1m[1mCannot cache compiled function "_lsei" as it uses dynamic globals (such as ctypes pointers and large global arrays)[0m[0m[0m[0m
[36m(CPUDet4Actor pid=3263171)[0m   x, f, mode, it = slsqp_solve(kind, seeds[k], lb, ub, op, opr, lit, n_ops, params, v0, rho,
[36m(CPUDet4Actor pid=3263171)[0m /home/qaragoez/symclf_clean/symclf/examples/4DCartPolerV10/../DET4Fast4D_V10/slsqp_nb.py:993: NumbaWarning: [1m[1m[1mCannot cache compiled function "_lsq" as it uses dynamic globals (such as ctypes pointers and large global arrays)[0m[0m[0m
[36m(CPUDet4Actor pid=3263171)[0m   x, f, mode, it = slsqp_solve(kind, seeds[k], lb, ub, op, opr, lit, n_ops, params, v0, rho,
[36m(CPUDet4Actor pid=3263171)[0m /home/qaragoez/symclf_clean/symclf/examples/4DCartPolerV10/../DET4Fast4D_V10/slsqp_nb.py:993: NumbaWarning: [1m[1mCannot cache compiled function "slsqp_solve" as it uses dynamic globals (such as ctypes pointers and large global arrays)[0m[0m
[36m(CPUDet4Actor pid=3263171)[0m   x, f, mode, it = slsqp_solve(kind, seeds[k], lb, ub, op, opr, lit, n_ops, params, v0, rho,
[36m(CPUDet4Actor pid=3263175)[0m /home/qaragoez/symclf_clean/symclf/examples/4DCartPolerV10/../DET4Fast4D_V10/slsqp_nb.py:993: NumbaWarning: [1m[1m[1m[1m[1m[1m[1mCannot cache compiled function "_nnls" as it uses dynamic globals (such as ctypes pointers and large global arrays)[0m[0m[0m[0m[0m[0m[0m
[36m(CPUDet4Actor pid=3263175)[0m   x, f, mode, it = slsqp_solve(kind, seeds[k], lb, ub, op, opr, lit, n_ops, params, v0, rho,
[36m(CPUDet4Actor pid=3263175)[0m /home/qaragoez/symclf_clean/symclf/examples/4DCartPolerV10/../DET4Fast4D_V10/slsqp_nb.py:993: NumbaWarning: [1m[1m[1m[1m[1m[1mCannot cache compiled function "_ldp" as it uses dynamic globals (such as ctypes pointers and large global arrays)[0m[0m[0m[0m[0m[0m
[36m(CPUDet4Actor pid=3263175)[0m   x, f, mode, it = slsqp_solve(kind, seeds[k], lb, ub, op, opr, lit, n_ops, params, v0, rho,
[36m(CPUDet4Actor pid=3263175)[0m /home/qaragoez/symclf_clean/symclf/examples/4DCartPolerV10/../DET4Fast4D_V10/slsqp_nb.py:993: NumbaWarning: [1m[1m[1m[1m[1mCannot cache compiled function "_lsi" as it uses dynamic globals (such as ctypes pointers and large global arrays)[0m[0m[0m[0m[0m
[36m(CPUDet4Actor pid=3263175)[0m   x, f, mode, it = slsqp_solve(kind, seeds[k], lb, ub, op, opr, lit, n_ops, params, v0, rho,
[36m(CPUDet4Actor pid=3263175)[0m /home/qaragoez/symclf_clean/symclf/examples/4DCartPolerV10/../DET4Fast4D_V10/slsqp_nb.py:993: NumbaWarning: [1m[1m[1m[1mCannot cache compiled function "_lsei" as it uses dynamic globals (such as ctypes pointers and large global arrays)[0m[0m[0m[0m
[36m(CPUDet4Actor pid=3263175)[0m   x, f, mode, it = slsqp_solve(kind, seeds[k], lb, ub, op, opr, lit, n_ops, params, v0, rho,
[36m(CPUDet4Actor pid=3263175)[0m /home/qaragoez/symclf_clean/symclf/examples/4DCartPolerV10/../DET4Fast4D_V10/slsqp_nb.py:993: NumbaWarning: [1m[1m[1mCannot cache compiled function "_lsq" as it uses dynamic globals (such as ctypes pointers and large global arrays)[0m[0m[0m
[36m(CPUDet4Actor pid=3263175)[0m   x, f, mode, it = slsqp_solve(kind, seeds[k], lb, ub, op, opr, lit, n_ops, params, v0, rho,
[36m(CPUDet4Actor pid=3263175)[0m /home/qaragoez/symclf_clean/symclf/examples/4DCartPolerV10/../DET4Fast4D_V10/slsqp_nb.py:993: NumbaWarning: [1m[1mCannot cache compiled function "slsqp_solve" as it uses dynamic globals (such as ctypes pointers and large global arrays)[0m[0m
[36m(CPUDet4Actor pid=3263175)[0m   x, f, mode, it = slsqp_solve(kind, seeds[k], lb, ub, op, opr, lit, n_ops, params, v0, rho,
[36m(CPUDet4Actor pid=3263161)[0m /home/qaragoez/symclf_clean/symclf/examples/4DCartPolerV10/../DET4Fast4D_V10/slsqp_nb.py:993: NumbaWarning: [1m[1m[1m[1m[1m[1m[1mCannot cache compiled function "_nnls" as it uses dynamic globals (such as ctypes pointers and large global arrays)[0m[0m[0m[0m[0m[0m[0m
[36m(CPUDet4Actor pid=3263161)[0m   x, f, mode, it = slsqp_solve(kind, seeds[k], lb, ub, op, opr, lit, n_ops, params, v0, rho,
[36m(CPUDet4Actor pid=3263161)[0m /home/qaragoez/symclf_clean/symclf/examples/4DCartPolerV10/../DET4Fast4D_V10/slsqp_nb.py:993: NumbaWarning: [1m[1m[1m[1m[1m[1mCannot cache compiled function "_ldp" as it uses dynamic globals (such as ctypes pointers and large global arrays)[0m[0m[0m[0m[0m[0m
[36m(CPUDet4Actor pid=3263161)[0m   x, f, mode, it = slsqp_solve(kind, seeds[k], lb, ub, op, opr, lit, n_ops, params, v0, rho,
[36m(CPUDet4Actor pid=3263161)[0m /home/qaragoez/symclf_clean/symclf/examples/4DCartPolerV10/../DET4Fast4D_V10/slsqp_nb.py:993: NumbaWarning: [1m[1m[1m[1m[1mCannot cache compiled function "_lsi" as it uses dynamic globals (such as ctypes pointers and large global arrays)[0m[0m[0m[0m[0m
[36m(CPUDet4Actor pid=3263161)[0m   x, f, mode, it = slsqp_solve(kind, seeds[k], lb, ub, op, opr, lit, n_ops, params, v0, rho,
[36m(CPUDet4Actor pid=3263161)[0m /home/qaragoez/symclf_clean/symclf/examples/4DCartPolerV10/../DET4Fast4D_V10/slsqp_nb.py:993: NumbaWarning: [1m[1m[1m[1mCannot cache compiled function "_lsei" as it uses dynamic globals (such as ctypes pointers and large global arrays)[0m[0m[0m[0m
[36m(CPUDet4Actor pid=3263161)[0m   x, f, mode, it = slsqp_solve(kind, seeds[k], lb, ub, op, opr, lit, n_ops, params, v0, rho,
[36m(CPUDet4Actor pid=3263161)[0m /home/qaragoez/symclf_clean/symclf/examples/4DCartPolerV10/../DET4Fast4D_V10/slsqp_nb.py:993: NumbaWarning: [1m[1m[1mCannot cache compiled function "_lsq" as it uses dynamic globals (such as ctypes pointers and large global arrays)[0m[0m[0m
[36m(CPUDet4Actor pid=3263161)[0m   x, f, mode, it = slsqp_solve(kind, seeds[k], lb, ub, op, opr, lit, n_ops, params, v0, rho,
[36m(CPUDet4Actor pid=3263161)[0m /home/qaragoez/symclf_clean/symclf/examples/4DCartPolerV10/../DET4Fast4D_V10/slsqp_nb.py:993: NumbaWarning: [1m[1mCannot cache compiled function "slsqp_solve" as it uses dynamic globals (such as ctypes pointers and large global arrays)[0m[0m
[36m(CPUDet4Actor pid=3263161)[0m   x, f, mode, it = slsqp_solve(kind, seeds[k], lb, ub, op, opr, lit, n_ops, params, v0, rho,
[36m(CPUDet4Actor pid=3263162)[0m /home/qaragoez/symclf_clean/symclf/examples/4DCartPolerV10/../DET4Fast4D_V10/slsqp_nb.py:993: NumbaWarning: [1m[1m[1m[1m[1m[1m[1mCannot cache compiled function "_nnls" as it uses dynamic globals (such as ctypes pointers and large global arrays)[0m[0m[0m[0m[0m[0m[0m
[36m(CPUDet4Actor pid=3263162)[0m   x, f, mode, it = slsqp_solve(kind, seeds[k], lb, ub, op, opr, lit, n_ops, params, v0, rho,
[36m(CPUDet4Actor pid=3263162)[0m /home/qaragoez/symclf_clean/symclf/examples/4DCartPolerV10/../DET4Fast4D_V10/slsqp_nb.py:993: NumbaWarning: [1m[1m[1m[1m[1m[1mCannot cache compiled function "_ldp" as it uses dynamic globals (such as ctypes pointers and large global arrays)[0m[0m[0m[0m[0m[0m
[36m(CPUDet4Actor pid=3263162)[0m   x, f, mode, it = slsqp_solve(kind, seeds[k], lb, ub, op, opr, lit, n_ops, params, v0, rho,
[36m(CPUDet4Actor pid=3263162)[0m /home/qaragoez/symclf_clean/symclf/examples/4DCartPolerV10/../DET4Fast4D_V10/slsqp_nb.py:993: NumbaWarning: [1m[1m[1m[1m[1mCannot cache compiled function "_lsi" as it uses dynamic globals (such as ctypes pointers and large global arrays)[0m[0m[0m[0m[0m
[36m(CPUDet4Actor pid=3263162)[0m   x, f, mode, it = slsqp_solve(kind, seeds[k], lb, ub, op, opr, lit, n_ops, params, v0, rho,
[36m(CPUDet4Actor pid=3263162)[0m /home/qaragoez/symclf_clean/symclf/examples/4DCartPolerV10/../DET4Fast4D_V10/slsqp_nb.py:993: NumbaWarning: [1m[1m[1m[1mCannot cache compiled function "_lsei" as it uses dynamic globals (such as ctypes pointers and large global arrays)[0m[0m[0m[0m
[36m(CPUDet4Actor pid=3263162)[0m   x, f, mode, it = slsqp_solve(kind, seeds[k], lb, ub, op, opr, lit, n_ops, params, v0, rho,
[36m(CPUDet4Actor pid=3263162)[0m /home/qaragoez/symclf_clean/symclf/examples/4DCartPolerV10/../DET4Fast4D_V10/slsqp_nb.py:993: NumbaWarning: [1m[1m[1mCannot cache compiled function "_lsq" as it uses dynamic globals (such as ctypes pointers and large global arrays)[0m[0m[0m
[36m(CPUDet4Actor pid=3263162)[0m   x, f, mode, it = slsqp_solve(kind, seeds[k], lb, ub, op, opr, lit, n_ops, params, v0, rho,
[36m(CPUDet4Actor pid=3263162)[0m /home/qaragoez/symclf_clean/symclf/examples/4DCartPolerV10/../DET4Fast4D_V10/slsqp_nb.py:993: NumbaWarning: [1m[1mCannot cache compiled function "slsqp_solve" as it uses dynamic globals (such as ctypes pointers and large global arrays)[0m[0m
[36m(CPUDet4Actor pid=3263162)[0m   x, f, mode, it = slsqp_solve(kind, seeds[k], lb, ub, op, opr, lit, n_ops, params, v0, rho,
[36m(CPUDet4Actor pid=3263168)[0m /home/qaragoez/symclf_clean/symclf/examples/4DCartPolerV10/../DET4Fast4D_V10/slsqp_nb.py:993: NumbaWarning: [1m[1m[1m[1m[1m[1m[1mCannot cache compiled function "_nnls" as it uses dynamic globals (such as ctypes pointers and large global arrays)[0m[0m[0m[0m[0m[0m[0m
[36m(CPUDet4Actor pid=3263168)[0m   x, f, mode, it = slsqp_solve(kind, seeds[k], lb, ub, op, opr, lit, n_ops, params, v0, rho,
[36m(CPUDet4Actor pid=3263168)[0m /home/qaragoez/symclf_clean/symclf/examples/4DCartPolerV10/../DET4Fast4D_V10/slsqp_nb.py:993: NumbaWarning: [1m[1m[1m[1m[1m[1mCannot cache compiled function "_ldp" as it uses dynamic globals (such as ctypes pointers and large global arrays)[0m[0m[0m[0m[0m[0m
[36m(CPUDet4Actor pid=3263168)[0m   x, f, mode, it = slsqp_solve(kind, seeds[k], lb, ub, op, opr, lit, n_ops, params, v0, rho,
[36m(CPUDet4Actor pid=3263168)[0m /home/qaragoez/symclf_clean/symclf/examples/4DCartPolerV10/../DET4Fast4D_V10/slsqp_nb.py:993: NumbaWarning: [1m[1m[1m[1m[1mCannot cache compiled function "_lsi" as it uses dynamic globals (such as ctypes pointers and large global arrays)[0m[0m[0m[0m[0m
[36m(CPUDet4Actor pid=3263168)[0m   x, f, mode, it = slsqp_solve(kind, seeds[k], lb, ub, op, opr, lit, n_ops, params, v0, rho,
[36m(CPUDet4Actor pid=3263168)[0m /home/qaragoez/symclf_clean/symclf/examples/4DCartPolerV10/../DET4Fast4D_V10/slsqp_nb.py:993: NumbaWarning: [1m[1m[1m[1mCannot cache compiled function "_lsei" as it uses dynamic globals (such as ctypes pointers and large global arrays)[0m[0m[0m[0m
[36m(CPUDet4Actor pid=3263168)[0m   x, f, mode, it = slsqp_solve(kind, seeds[k], lb, ub, op, opr, lit, n_ops, params, v0, rho,
[36m(CPUDet4Actor pid=3263168)[0m /home/qaragoez/symclf_clean/symclf/examples/4DCartPolerV10/../DET4Fast4D_V10/slsqp_nb.py:993: NumbaWarning: [1m[1m[1mCannot cache compiled function "_lsq" as it uses dynamic globals (such as ctypes pointers and large global arrays)[0m[0m[0m
[36m(CPUDet4Actor pid=3263168)[0m   x, f, mode, it = slsqp_solve(kind, seeds[k], lb, ub, op, opr, lit, n_ops, params, v0, rho,
[36m(CPUDet4Actor pid=3263168)[0m /home/qaragoez/symclf_clean/symclf/examples/4DCartPolerV10/../DET4Fast4D_V10/slsqp_nb.py:993: NumbaWarning: [1m[1mCannot cache compiled function "slsqp_solve" as it uses dynamic globals (such as ctypes pointers and large global arrays)[0m[0m
[36m(CPUDet4Actor pid=3263168)[0m   x, f, mode, it = slsqp_solve(kind, seeds[k], lb, ub, op, opr, lit, n_ops, params, v0, rho,
[36m(CPUDet4Actor pid=3263173)[0m /home/qaragoez/symclf_clean/symclf/examples/4DCartPolerV10/../DET4Fast4D_V10/slsqp_nb.py:993: NumbaWarning: [1m[1m[1m[1m[1m[1m[1mCannot cache compiled function "_nnls" as it uses dynamic globals (such as ctypes pointers and large global arrays)[0m[0m[0m[0m[0m[0m[0m
[36m(CPUDet4Actor pid=3263173)[0m   x, f, mode, it = slsqp_solve(kind, seeds[k], lb, ub, op, opr, lit, n_ops, params, v0, rho,
[36m(CPUDet4Actor pid=3263173)[0m /home/qaragoez/symclf_clean/symclf/examples/4DCartPolerV10/../DET4Fast4D_V10/slsqp_nb.py:993: NumbaWarning: [1m[1m[1m[1m[1m[1mCannot cache compiled function "_ldp" as it uses dynamic globals (such as ctypes pointers and large global arrays)[0m[0m[0m[0m[0m[0m
[36m(CPUDet4Actor pid=3263173)[0m   x, f, mode, it = slsqp_solve(kind, seeds[k], lb, ub, op, opr, lit, n_ops, params, v0, rho,
[36m(CPUDet4Actor pid=3263173)[0m /home/qaragoez/symclf_clean/symclf/examples/4DCartPolerV10/../DET4Fast4D_V10/slsqp_nb.py:993: NumbaWarning: [1m[1m[1m[1m[1mCannot cache compiled function "_lsi" as it uses dynamic globals (such as ctypes pointers and large global arrays)[0m[0m[0m[0m[0m
[36m(CPUDet4Actor pid=3263173)[0m   x, f, mode, it = slsqp_solve(kind, seeds[k], lb, ub, op, opr, lit, n_ops, params, v0, rho,
[36m(CPUDet4Actor pid=3263173)[0m /home/qaragoez/symclf_clean/symclf/examples/4DCartPolerV10/../DET4Fast4D_V10/slsqp_nb.py:993: NumbaWarning: [1m[1m[1m[1mCannot cache compiled function "_lsei" as it uses dynamic globals (such as ctypes pointers and large global arrays)[0m[0m[0m[0m
[36m(CPUDet4Actor pid=3263173)[0m   x, f, mode, it = slsqp_solve(kind, seeds[k], lb, ub, op, opr, lit, n_ops, params, v0, rho,
[36m(CPUDet4Actor pid=3263173)[0m /home/qaragoez/symclf_clean/symclf/examples/4DCartPolerV10/../DET4Fast4D_V10/slsqp_nb.py:993: NumbaWarning: [1m[1m[1mCannot cache compiled function "_lsq" as it uses dynamic globals (such as ctypes pointers and large global arrays)[0m[0m[0m
[36m(CPUDet4Actor pid=3263173)[0m   x, f, mode, it = slsqp_solve(kind, seeds[k], lb, ub, op, opr, lit, n_ops, params, v0, rho,
[36m(CPUDet4Actor pid=3263173)[0m /home/qaragoez/symclf_clean/symclf/examples/4DCartPolerV10/../DET4Fast4D_V10/slsqp_nb.py:993: NumbaWarning: [1m[1mCannot cache compiled function "slsqp_solve" as it uses dynamic globals (such as ctypes pointers and large global arrays)[0m[0m
[36m(CPUDet4Actor pid=3263173)[0m   x, f, mode, it = slsqp_solve(kind, seeds[k], lb, ub, op, opr, lit, n_ops, params, v0, rho,
[36m(CPUDet4Actor pid=3263169)[0m /home/qaragoez/symclf_clean/symclf/examples/4DCartPolerV10/../DET4Fast4D_V10/slsqp_nb.py:993: NumbaWarning: [1m[1m[1m[1m[1m[1m[1mCannot cache compiled function "_nnls" as it uses dynamic globals (such as ctypes pointers and large global arrays)[0m[0m[0m[0m[0m[0m[0m
[36m(CPUDet4Actor pid=3263169)[0m   x, f, mode, it = slsqp_solve(kind, seeds[k], lb, ub, op, opr, lit, n_ops, params, v0, rho,
[36m(CPUDet4Actor pid=3263169)[0m /home/qaragoez/symclf_clean/symclf/examples/4DCartPolerV10/../DET4Fast4D_V10/slsqp_nb.py:993: NumbaWarning: [1m[1m[1m[1m[1m[1mCannot cache compiled function "_ldp" as it uses dynamic globals (such as ctypes pointers and large global arrays)[0m[0m[0m[0m[0m[0m
[36m(CPUDet4Actor pid=3263169)[0m   x, f, mode, it = slsqp_solve(kind, seeds[k], lb, ub, op, opr, lit, n_ops, params, v0, rho,
[36m(CPUDet4Actor pid=3263169)[0m /home/qaragoez/symclf_clean/symclf/examples/4DCartPolerV10/../DET4Fast4D_V10/slsqp_nb.py:993: NumbaWarning: [1m[1m[1m[1m[1mCannot cache compiled function "_lsi" as it uses dynamic globals (such as ctypes pointers and large global arrays)[0m[0m[0m[0m[0m
[36m(CPUDet4Actor pid=3263169)[0m   x, f, mode, it = slsqp_solve(kind, seeds[k], lb, ub, op, opr, lit, n_ops, params, v0, rho,
[36m(CPUDet4Actor pid=3263169)[0m /home/qaragoez/symclf_clean/symclf/examples/4DCartPolerV10/../DET4Fast4D_V10/slsqp_nb.py:993: NumbaWarning: [1m[1m[1m[1mCannot cache compiled function "_lsei" as it uses dynamic globals (such as ctypes pointers and large global arrays)[0m[0m[0m[0m
[36m(CPUDet4Actor pid=3263169)[0m   x, f, mode, it = slsqp_solve(kind, seeds[k], lb, ub, op, opr, lit, n_ops, params, v0, rho,
[36m(CPUDet4Actor pid=3263169)[0m /home/qaragoez/symclf_clean/symclf/examples/4DCartPolerV10/../DET4Fast4D_V10/slsqp_nb.py:993: NumbaWarning: [1m[1m[1mCannot cache compiled function "_lsq" as it uses dynamic globals (such as ctypes pointers and large global arrays)[0m[0m[0m
[36m(CPUDet4Actor pid=3263169)[0m   x, f, mode, it = slsqp_solve(kind, seeds[k], lb, ub, op, opr, lit, n_ops, params, v0, rho,
[36m(CPUDet4Actor pid=3263169)[0m /home/qaragoez/symclf_clean/symclf/examples/4DCartPolerV10/../DET4Fast4D_V10/slsqp_nb.py:993: NumbaWarning: [1m[1mCannot cache compiled function "slsqp_solve" as it uses dynamic globals (such as ctypes pointers and large global arrays)[0m[0m
[36m(CPUDet4Actor pid=3263169)[0m   x, f, mode, it = slsqp_solve(kind, seeds[k], lb, ub, op, opr, lit, n_ops, params, v0, rho,
[36m(CPUDet4Actor pid=3263172)[0m /home/qaragoez/symclf_clean/symclf/examples/4DCartPolerV10/../DET4Fast4D_V10/slsqp_nb.py:993: NumbaWarning: [1m[1m[1m[1m[1m[1m[1mCannot cache compiled function "_nnls" as it uses dynamic globals (such as ctypes pointers and large global arrays)[0m[0m[0m[0m[0m[0m[0m
[36m(CPUDet4Actor pid=3263172)[0m   x, f, mode, it = slsqp_solve(kind, seeds[k], lb, ub, op, opr, lit, n_ops, params, v0, rho,
[36m(CPUDet4Actor pid=3263172)[0m /home/qaragoez/symclf_clean/symclf/examples/4DCartPolerV10/../DET4Fast4D_V10/slsqp_nb.py:993: NumbaWarning: [1m[1m[1m[1m[1m[1mCannot cache compiled function "_ldp" as it uses dynamic globals (such as ctypes pointers and large global arrays)[0m[0m[0m[0m[0m[0m
[36m(CPUDet4Actor pid=3263172)[0m   x, f, mode, it = slsqp_solve(kind, seeds[k], lb, ub, op, opr, lit, n_ops, params, v0, rho,
[36m(CPUDet4Actor pid=3263172)[0m /home/qaragoez/symclf_clean/symclf/examples/4DCartPolerV10/../DET4Fast4D_V10/slsqp_nb.py:993: NumbaWarning: [1m[1m[1m[1m[1mCannot cache compiled function "_lsi" as it uses dynamic globals (such as ctypes pointers and large global arrays)[0m[0m[0m[0m[0m
[36m(CPUDet4Actor pid=3263172)[0m   x, f, mode, it = slsqp_solve(kind, seeds[k], lb, ub, op, opr, lit, n_ops, params, v0, rho,
[36m(CPUDet4Actor pid=3263172)[0m /home/qaragoez/symclf_clean/symclf/examples/4DCartPolerV10/../DET4Fast4D_V10/slsqp_nb.py:993: NumbaWarning: [1m[1m[1m[1mCannot cache compiled function "_lsei" as it uses dynamic globals (such as ctypes pointers and large global arrays)[0m[0m[0m[0m
[36m(CPUDet4Actor pid=3263172)[0m   x, f, mode, it = slsqp_solve(kind, seeds[k], lb, ub, op, opr, lit, n_ops, params, v0, rho,
[36m(CPUDet4Actor pid=3263172)[0m /home/qaragoez/symclf_clean/symclf/examples/4DCartPolerV10/../DET4Fast4D_V10/slsqp_nb.py:993: NumbaWarning: [1m[1m[1mCannot cache compiled function "_lsq" as it uses dynamic globals (such as ctypes pointers and large global arrays)[0m[0m[0m
[36m(CPUDet4Actor pid=3263172)[0m   x, f, mode, it = slsqp_solve(kind, seeds[k], lb, ub, op, opr, lit, n_ops, params, v0, rho,
[36m(CPUDet4Actor pid=3263172)[0m /home/qaragoez/symclf_clean/symclf/examples/4DCartPolerV10/../DET4Fast4D_V10/slsqp_nb.py:993: NumbaWarning: [1m[1mCannot cache compiled function "slsqp_solve" as it uses dynamic globals (such as ctypes pointers and large global arrays)[0m[0m
[36m(CPUDet4Actor pid=3263172)[0m   x, f, mode, it = slsqp_solve(kind, seeds[k], lb, ub, op, opr, lit, n_ops, params, v0, rho,
[36m(CPUDet4Actor pid=3263165)[0m /home/qaragoez/symclf_clean/symclf/examples/4DCartPolerV10/../DET4Fast4D_V10/slsqp_nb.py:993: NumbaWarning: [1m[1m[1m[1m[1m[1m[1mCannot cache compiled function "_nnls" as it uses dynamic globals (such as ctypes pointers and large global arrays)[0m[0m[0m[0m[0m[0m[0m
[36m(CPUDet4Actor pid=3263165)[0m   x, f, mode, it = slsqp_solve(kind, seeds[k], lb, ub, op, opr, lit, n_ops, params, v0, rho,
[36m(CPUDet4Actor pid=3263165)[0m /home/qaragoez/symclf_clean/symclf/examples/4DCartPolerV10/../DET4Fast4D_V10/slsqp_nb.py:993: NumbaWarning: [1m[1m[1m[1m[1m[1mCannot cache compiled function "_ldp" as it uses dynamic globals (such as ctypes pointers and large global arrays)[0m[0m[0m[0m[0m[0m
[36m(CPUDet4Actor pid=3263165)[0m   x, f, mode, it = slsqp_solve(kind, seeds[k], lb, ub, op, opr, lit, n_ops, params, v0, rho,
[36m(CPUDet4Actor pid=3263165)[0m /home/qaragoez/symclf_clean/symclf/examples/4DCartPolerV10/../DET4Fast4D_V10/slsqp_nb.py:993: NumbaWarning: [1m[1m[1m[1m[1mCannot cache compiled function "_lsi" as it uses dynamic globals (such as ctypes pointers and large global arrays)[0m[0m[0m[0m[0m
[36m(CPUDet4Actor pid=3263165)[0m   x, f, mode, it = slsqp_solve(kind, seeds[k], lb, ub, op, opr, lit, n_ops, params, v0, rho,
[36m(CPUDet4Actor pid=3263165)[0m /home/qaragoez/symclf_clean/symclf/examples/4DCartPolerV10/../DET4Fast4D_V10/slsqp_nb.py:993: NumbaWarning: [1m[1m[1m[1mCannot cache compiled function "_lsei" as it uses dynamic globals (such as ctypes pointers and large global arrays)[0m[0m[0m[0m
[36m(CPUDet4Actor pid=3263165)[0m   x, f, mode, it = slsqp_solve(kind, seeds[k], lb, ub, op, opr, lit, n_ops, params, v0, rho,
[36m(CPUDet4Actor pid=3263165)[0m /home/qaragoez/symclf_clean/symclf/examples/4DCartPolerV10/../DET4Fast4D_V10/slsqp_nb.py:993: NumbaWarning: [1m[1m[1mCannot cache compiled function "_lsq" as it uses dynamic globals (such as ctypes pointers and large global arrays)[0m[0m[0m
[36m(CPUDet4Actor pid=3263165)[0m   x, f, mode, it = slsqp_solve(kind, seeds[k], lb, ub, op, opr, lit, n_ops, params, v0, rho,
[36m(CPUDet4Actor pid=3263165)[0m /home/qaragoez/symclf_clean/symclf/examples/4DCartPolerV10/../DET4Fast4D_V10/slsqp_nb.py:993: NumbaWarning: [1m[1mCannot cache compiled function "slsqp_solve" as it uses dynamic globals (such as ctypes pointers and large global arrays)[0m[0m
[36m(CPUDet4Actor pid=3263165)[0m   x, f, mode, it = slsqp_solve(kind, seeds[k], lb, ub, op, opr, lit, n_ops, params, v0, rho,
[36m(CPUDet4Actor pid=3263178)[0m /home/qaragoez/symclf_clean/symclf/examples/4DCartPolerV10/../DET4Fast4D_V10/slsqp_nb.py:993: NumbaWarning: [1m[1m[1m[1m[1m[1m[1mCannot cache compiled function "_nnls" as it uses dynamic globals (such as ctypes pointers and large global arrays)[0m[0m[0m[0m[0m[0m[0m
[36m(CPUDet4Actor pid=3263178)[0m   x, f, mode, it = slsqp_solve(kind, seeds[k], lb, ub, op, opr, lit, n_ops, params, v0, rho,
[36m(CPUDet4Actor pid=3263178)[0m /home/qaragoez/symclf_clean/symclf/examples/4DCartPolerV10/../DET4Fast4D_V10/slsqp_nb.py:993: NumbaWarning: [1m[1m[1m[1m[1m[1mCannot cache compiled function "_ldp" as it uses dynamic globals (such as ctypes pointers and large global arrays)[0m[0m[0m[0m[0m[0m
[36m(CPUDet4Actor pid=3263178)[0m   x, f, mode, it = slsqp_solve(kind, seeds[k], lb, ub, op, opr, lit, n_ops, params, v0, rho,
[36m(CPUDet4Actor pid=3263178)[0m /home/qaragoez/symclf_clean/symclf/examples/4DCartPolerV10/../DET4Fast4D_V10/slsqp_nb.py:993: NumbaWarning: [1m[1m[1m[1m[1mCannot cache compiled function "_lsi" as it uses dynamic globals (such as ctypes pointers and large global arrays)[0m[0m[0m[0m[0m
[36m(CPUDet4Actor pid=3263178)[0m   x, f, mode, it = slsqp_solve(kind, seeds[k], lb, ub, op, opr, lit, n_ops, params, v0, rho,
[36m(CPUDet4Actor pid=3263178)[0m /home/qaragoez/symclf_clean/symclf/examples/4DCartPolerV10/../DET4Fast4D_V10/slsqp_nb.py:993: NumbaWarning: [1m[1m[1m[1mCannot cache compiled function "_lsei" as it uses dynamic globals (such as ctypes pointers and large global arrays)[0m[0m[0m[0m
[36m(CPUDet4Actor pid=3263178)[0m   x, f, mode, it = slsqp_solve(kind, seeds[k], lb, ub, op, opr, lit, n_ops, params, v0, rho,
[36m(CPUDet4Actor pid=3263178)[0m /home/qaragoez/symclf_clean/symclf/examples/4DCartPolerV10/../DET4Fast4D_V10/slsqp_nb.py:993: NumbaWarning: [1m[1m[1mCannot cache compiled function "_lsq" as it uses dynamic globals (such as ctypes pointers and large global arrays)[0m[0m[0m
[36m(CPUDet4Actor pid=3263178)[0m   x, f, mode, it = slsqp_solve(kind, seeds[k], lb, ub, op, opr, lit, n_ops, params, v0, rho,
[36m(CPUDet4Actor pid=3263178)[0m /home/qaragoez/symclf_clean/symclf/examples/4DCartPolerV10/../DET4Fast4D_V10/slsqp_nb.py:993: NumbaWarning: [1m[1mCannot cache compiled function "slsqp_solve" as it uses dynamic globals (such as ctypes pointers and large global arrays)[0m[0m
[36m(CPUDet4Actor pid=3263178)[0m   x, f, mode, it = slsqp_solve(kind, seeds[k], lb, ub, op, opr, lit, n_ops, params, v0, rho,
[36m(CPUDet4Actor pid=3263164)[0m /home/qaragoez/symclf_clean/symclf/examples/4DCartPolerV10/../DET4Fast4D_V10/slsqp_nb.py:993: NumbaWarning: [1m[1m[1m[1m[1m[1m[1mCannot cache compiled function "_nnls" as it uses dynamic globals (such as ctypes pointers and large global arrays)[0m[0m[0m[0m[0m[0m[0m
[36m(CPUDet4Actor pid=3263164)[0m   x, f, mode, it = slsqp_solve(kind, seeds[k], lb, ub, op, opr, lit, n_ops, params, v0, rho,
[36m(CPUDet4Actor pid=3263164)[0m /home/qaragoez/symclf_clean/symclf/examples/4DCartPolerV10/../DET4Fast4D_V10/slsqp_nb.py:993: NumbaWarning: [1m[1m[1m[1m[1m[1mCannot cache compiled function "_ldp" as it uses dynamic globals (such as ctypes pointers and large global arrays)[0m[0m[0m[0m[0m[0m
[36m(CPUDet4Actor pid=3263164)[0m   x, f, mode, it = slsqp_solve(kind, seeds[k], lb, ub, op, opr, lit, n_ops, params, v0, rho,
[36m(CPUDet4Actor pid=3263164)[0m /home/qaragoez/symclf_clean/symclf/examples/4DCartPolerV10/../DET4Fast4D_V10/slsqp_nb.py:993: NumbaWarning: [1m[1m[1m[1m[1mCannot cache compiled function "_lsi" as it uses dynamic globals (such as ctypes pointers and large global arrays)[0m[0m[0m[0m[0m
[36m(CPUDet4Actor pid=3263164)[0m   x, f, mode, it = slsqp_solve(kind, seeds[k], lb, ub, op, opr, lit, n_ops, params, v0, rho,
[36m(CPUDet4Actor pid=3263164)[0m /home/qaragoez/symclf_clean/symclf/examples/4DCartPolerV10/../DET4Fast4D_V10/slsqp_nb.py:993: NumbaWarning: [1m[1m[1m[1mCannot cache compiled function "_lsei" as it uses dynamic globals (such as ctypes pointers and large global arrays)[0m[0m[0m[0m
[36m(CPUDet4Actor pid=3263164)[0m   x, f, mode, it = slsqp_solve(kind, seeds[k], lb, ub, op, opr, lit, n_ops, params, v0, rho,
[36m(CPUDet4Actor pid=3263164)[0m /home/qaragoez/symclf_clean/symclf/examples/4DCartPolerV10/../DET4Fast4D_V10/slsqp_nb.py:993: NumbaWarning: [1m[1m[1mCannot cache compiled function "_lsq" as it uses dynamic globals (such as ctypes pointers and large global arrays)[0m[0m[0m
[36m(CPUDet4Actor pid=3263164)[0m   x, f, mode, it = slsqp_solve(kind, seeds[k], lb, ub, op, opr, lit, n_ops, params, v0, rho,
[36m(CPUDet4Actor pid=3263164)[0m /home/qaragoez/symclf_clean/symclf/examples/4DCartPolerV10/../DET4Fast4D_V10/slsqp_nb.py:993: NumbaWarning: [1m[1mCannot cache compiled function "slsqp_solve" as it uses dynamic globals (such as ctypes pointers and large global arrays)[0m[0m
[36m(CPUDet4Actor pid=3263164)[0m   x, f, mode, it = slsqp_solve(kind, seeds[k], lb, ub, op, opr, lit, n_ops, params, v0, rho,
[36m(CPUDet4Actor pid=3263179)[0m /home/qaragoez/symclf_clean/symclf/examples/4DCartPolerV10/../DET4Fast4D_V10/slsqp_nb.py:993: NumbaWarning: [1m[1m[1m[1m[1m[1m[1mCannot cache compiled function "_nnls" as it uses dynamic globals (such as ctypes pointers and large global arrays)[0m[0m[0m[0m[0m[0m[0m
[36m(CPUDet4Actor pid=3263179)[0m   x, f, mode, it = slsqp_solve(kind, seeds[k], lb, ub, op, opr, lit, n_ops, params, v0, rho,
[36m(CPUDet4Actor pid=3263179)[0m /home/qaragoez/symclf_clean/symclf/examples/4DCartPolerV10/../DET4Fast4D_V10/slsqp_nb.py:993: NumbaWarning: [1m[1m[1m[1m[1m[1mCannot cache compiled function "_ldp" as it uses dynamic globals (such as ctypes pointers and large global arrays)[0m[0m[0m[0m[0m[0m
[36m(CPUDet4Actor pid=3263179)[0m   x, f, mode, it = slsqp_solve(kind, seeds[k], lb, ub, op, opr, lit, n_ops, params, v0, rho,
[36m(CPUDet4Actor pid=3263179)[0m /home/qaragoez/symclf_clean/symclf/examples/4DCartPolerV10/../DET4Fast4D_V10/slsqp_nb.py:993: NumbaWarning: [1m[1m[1m[1m[1mCannot cache compiled function "_lsi" as it uses dynamic globals (such as ctypes pointers and large global arrays)[0m[0m[0m[0m[0m
[36m(CPUDet4Actor pid=3263179)[0m   x, f, mode, it = slsqp_solve(kind, seeds[k], lb, ub, op, opr, lit, n_ops, params, v0, rho,
[36m(CPUDet4Actor pid=3263179)[0m /home/qaragoez/symclf_clean/symclf/examples/4DCartPolerV10/../DET4Fast4D_V10/slsqp_nb.py:993: NumbaWarning: [1m[1m[1m[1mCannot cache compiled function "_lsei" as it uses dynamic globals (such as ctypes pointers and large global arrays)[0m[0m[0m[0m
[36m(CPUDet4Actor pid=3263179)[0m   x, f, mode, it = slsqp_solve(kind, seeds[k], lb, ub, op, opr, lit, n_ops, params, v0, rho,
[36m(CPUDet4Actor pid=3263179)[0m /home/qaragoez/symclf_clean/symclf/examples/4DCartPolerV10/../DET4Fast4D_V10/slsqp_nb.py:993: NumbaWarning: [1m[1m[1mCannot cache compiled function "_lsq" as it uses dynamic globals (such as ctypes pointers and large global arrays)[0m[0m[0m
[36m(CPUDet4Actor pid=3263179)[0m   x, f, mode, it = slsqp_solve(kind, seeds[k], lb, ub, op, opr, lit, n_ops, params, v0, rho,
[36m(CPUDet4Actor pid=3263179)[0m /home/qaragoez/symclf_clean/symclf/examples/4DCartPolerV10/../DET4Fast4D_V10/slsqp_nb.py:993: NumbaWarning: [1m[1mCannot cache compiled function "slsqp_solve" as it uses dynamic globals (such as ctypes pointers and large global arrays)[0m[0m
[36m(CPUDet4Actor pid=3263179)[0m   x, f, mode, it = slsqp_solve(kind, seeds[k], lb, ub, op, opr, lit, n_ops, params, v0, rho,
[36m(CPUDet4Actor pid=3263166)[0m /home/qaragoez/symclf_clean/symclf/examples/4DCartPolerV10/../DET4Fast4D_V10/slsqp_nb.py:993: NumbaWarning: [1m[1m[1m[1m[1m[1m[1mCannot cache compiled function "_nnls" as it uses dynamic globals (such as ctypes pointers and large global arrays)[0m[0m[0m[0m[0m[0m[0m
[36m(CPUDet4Actor pid=3263166)[0m   x, f, mode, it = slsqp_solve(kind, seeds[k], lb, ub, op, opr, lit, n_ops, params, v0, rho,
[36m(CPUDet4Actor pid=3263166)[0m /home/qaragoez/symclf_clean/symclf/examples/4DCartPolerV10/../DET4Fast4D_V10/slsqp_nb.py:993: NumbaWarning: [1m[1m[1m[1m[1m[1mCannot cache compiled function "_ldp" as it uses dynamic globals (such as ctypes pointers and large global arrays)[0m[0m[0m[0m[0m[0m
[36m(CPUDet4Actor pid=3263166)[0m   x, f, mode, it = slsqp_solve(kind, seeds[k], lb, ub, op, opr, lit, n_ops, params, v0, rho,
[36m(CPUDet4Actor pid=3263166)[0m /home/qaragoez/symclf_clean/symclf/examples/4DCartPolerV10/../DET4Fast4D_V10/slsqp_nb.py:993: NumbaWarning: [1m[1m[1m[1m[1mCannot cache compiled function "_lsi" as it uses dynamic globals (such as ctypes pointers and large global arrays)[0m[0m[0m[0m[0m
[36m(CPUDet4Actor pid=3263166)[0m   x, f, mode, it = slsqp_solve(kind, seeds[k], lb, ub, op, opr, lit, n_ops, params, v0, rho,
[36m(CPUDet4Actor pid=3263166)[0m /home/qaragoez/symclf_clean/symclf/examples/4DCartPolerV10/../DET4Fast4D_V10/slsqp_nb.py:993: NumbaWarning: [1m[1m[1m[1mCannot cache compiled function "_lsei" as it uses dynamic globals (such as ctypes pointers and large global arrays)[0m[0m[0m[0m
[36m(CPUDet4Actor pid=3263166)[0m   x, f, mode, it = slsqp_solve(kind, seeds[k], lb, ub, op, opr, lit, n_ops, params, v0, rho,
[36m(CPUDet4Actor pid=3263166)[0m /home/qaragoez/symclf_clean/symclf/examples/4DCartPolerV10/../DET4Fast4D_V10/slsqp_nb.py:993: NumbaWarning: [1m[1m[1mCannot cache compiled function "_lsq" as it uses dynamic globals (such as ctypes pointers and large global arrays)[0m[0m[0m
[36m(CPUDet4Actor pid=3263166)[0m   x, f, mode, it = slsqp_solve(kind, seeds[k], lb, ub, op, opr, lit, n_ops, params, v0, rho,
[36m(CPUDet4Actor pid=3263166)[0m /home/qaragoez/symclf_clean/symclf/examples/4DCartPolerV10/../DET4Fast4D_V10/slsqp_nb.py:993: NumbaWarning: [1m[1mCannot cache compiled function "slsqp_solve" as it uses dynamic globals (such as ctypes pointers and large global arrays)[0m[0m
[36m(CPUDet4Actor pid=3263166)[0m   x, f, mode, it = slsqp_solve(kind, seeds[k], lb, ub, op, opr, lit, n_ops, params, v0, rho,
[36m(CPUDet4Actor pid=3263170)[0m /home/qaragoez/symclf_clean/symclf/examples/4DCartPolerV10/../DET4Fast4D_V10/slsqp_nb.py:984: NumbaWarning: [1mCannot cache compiled function "slsqp_many" as it uses dynamic globals (such as ctypes pointers and large global arrays)[0m
[36m(CPUDet4Actor pid=3263170)[0m   @njit(cache=True, parallel=True)
[36m(CPUDet4Actor pid=3263163)[0m /home/qaragoez/symclf_clean/symclf/examples/4DCartPolerV10/../DET4Fast4D_V10/slsqp_nb.py:984: NumbaWarning: [1mCannot cache compiled function "slsqp_many" as it uses dynamic globals (such as ctypes pointers and large global arrays)[0m
[36m(CPUDet4Actor pid=3263163)[0m   @njit(cache=True, parallel=True)
[36m(CPUDet4Actor pid=3263177)[0m /home/qaragoez/symclf_clean/symclf/examples/4DCartPolerV10/../DET4Fast4D_V10/slsqp_nb.py:984: NumbaWarning: [1mCannot cache compiled function "slsqp_many" as it uses dynamic globals (such as ctypes pointers and large global arrays)[0m
[36m(CPUDet4Actor pid=3263177)[0m   @njit(cache=True, parallel=True)
[36m(CPUDet4Actor pid=3263180)[0m /home/qaragoez/symclf_clean/symclf/examples/4DCartPolerV10/../DET4Fast4D_V10/slsqp_nb.py:993: NumbaWarning: [1m[1m[1m[1m[1m[1m[1mCannot cache compiled function "_nnls" as it uses dynamic globals (such as ctypes pointers and large global arrays)[0m[0m[0m[0m[0m[0m[0m
[36m(CPUDet4Actor pid=3263180)[0m   x, f, mode, it = slsqp_solve(kind, seeds[k], lb, ub, op, opr, lit, n_ops, params, v0, rho,
[36m(CPUDet4Actor pid=3263180)[0m /home/qaragoez/symclf_clean/symclf/examples/4DCartPolerV10/../DET4Fast4D_V10/slsqp_nb.py:993: NumbaWarning: [1m[1m[1m[1m[1m[1mCannot cache compiled function "_ldp" as it uses dynamic globals (such as ctypes pointers and large global arrays)[0m[0m[0m[0m[0m[0m
[36m(CPUDet4Actor pid=3263180)[0m   x, f, mode, it = slsqp_solve(kind, seeds[k], lb, ub, op, opr, lit, n_ops, params, v0, rho,
[36m(CPUDet4Actor pid=3263180)[0m /home/qaragoez/symclf_clean/symclf/examples/4DCartPolerV10/../DET4Fast4D_V10/slsqp_nb.py:993: NumbaWarning: [1m[1m[1m[1m[1mCannot cache compiled function "_lsi" as it uses dynamic globals (such as ctypes pointers and large global arrays)[0m[0m[0m[0m[0m
[36m(CPUDet4Actor pid=3263180)[0m   x, f, mode, it = slsqp_solve(kind, seeds[k], lb, ub, op, opr, lit, n_ops, params, v0, rho,
[36m(CPUDet4Actor pid=3263180)[0m /home/qaragoez/symclf_clean/symclf/examples/4DCartPolerV10/../DET4Fast4D_V10/slsqp_nb.py:993: NumbaWarning: [1m[1m[1m[1mCannot cache compiled function "_lsei" as it uses dynamic globals (such as ctypes pointers and large global arrays)[0m[0m[0m[0m
[36m(CPUDet4Actor pid=3263180)[0m   x, f, mode, it = slsqp_solve(kind, seeds[k], lb, ub, op, opr, lit, n_ops, params, v0, rho,
[36m(CPUDet4Actor pid=3263180)[0m /home/qaragoez/symclf_clean/symclf/examples/4DCartPolerV10/../DET4Fast4D_V10/slsqp_nb.py:993: NumbaWarning: [1m[1m[1mCannot cache compiled function "_lsq" as it uses dynamic globals (such as ctypes pointers and large global arrays)[0m[0m[0m
[36m(CPUDet4Actor pid=3263180)[0m   x, f, mode, it = slsqp_solve(kind, seeds[k], lb, ub, op, opr, lit, n_ops, params, v0, rho,
[36m(CPUDet4Actor pid=3263180)[0m /home/qaragoez/symclf_clean/symclf/examples/4DCartPolerV10/../DET4Fast4D_V10/slsqp_nb.py:993: NumbaWarning: [1m[1mCannot cache compiled function "slsqp_solve" as it uses dynamic globals (such as ctypes pointers and large global arrays)[0m[0m
[36m(CPUDet4Actor pid=3263180)[0m   x, f, mode, it = slsqp_solve(kind, seeds[k], lb, ub, op, opr, lit, n_ops, params, v0, rho,
[36m(CPUDet4Actor pid=3263167)[0m /home/qaragoez/symclf_clean/symclf/examples/4DCartPolerV10/../DET4Fast4D_V10/slsqp_nb.py:984: NumbaWarning: [1mCannot cache compiled function "slsqp_many" as it uses dynamic globals (such as ctypes pointers and large global arrays)[0m
[36m(CPUDet4Actor pid=3263167)[0m   @njit(cache=True, parallel=True)
[36m(CPUDet4Actor pid=3263171)[0m /home/qaragoez/symclf_clean/symclf/examples/4DCartPolerV10/../DET4Fast4D_V10/slsqp_nb.py:984: NumbaWarning: [1mCannot cache compiled function "slsqp_many" as it uses dynamic globals (such as ctypes pointers and large global arrays)[0m
[36m(CPUDet4Actor pid=3263171)[0m   @njit(cache=True, parallel=True)
[36m(CPUDet4Actor pid=3263162)[0m /home/qaragoez/symclf_clean/symclf/examples/4DCartPolerV10/../DET4Fast4D_V10/slsqp_nb.py:984: NumbaWarning: [1mCannot cache compiled function "slsqp_many" as it uses dynamic globals (such as ctypes pointers and large global arrays)[0m
[36m(CPUDet4Actor pid=3263162)[0m   @njit(cache=True, parallel=True)
[36m(CPUDet4Actor pid=3263173)[0m /home/qaragoez/symclf_clean/symclf/examples/4DCartPolerV10/../DET4Fast4D_V10/slsqp_nb.py:984: NumbaWarning: [1mCannot cache compiled function "slsqp_many" as it uses dynamic globals (such as ctypes pointers and large global arrays)[0m
[36m(CPUDet4Actor pid=3263173)[0m   @njit(cache=True, parallel=True)
[36m(CPUDet4Actor pid=3263175)[0m /home/qaragoez/symclf_clean/symclf/examples/4DCartPolerV10/../DET4Fast4D_V10/slsqp_nb.py:984: NumbaWarning: [1mCannot cache compiled function "slsqp_many" as it uses dynamic globals (such as ctypes pointers and large global arrays)[0m
[36m(CPUDet4Actor pid=3263175)[0m   @njit(cache=True, parallel=True)
[36m(CPUDet4Actor pid=3263168)[0m /home/qaragoez/symclf_clean/symclf/examples/4DCartPolerV10/../DET4Fast4D_V10/slsqp_nb.py:984: NumbaWarning: [1mCannot cache compiled function "slsqp_many" as it uses dynamic globals (such as ctypes pointers and large global arrays)[0m
[36m(CPUDet4Actor pid=3263168)[0m   @njit(cache=True, parallel=True)
[36m(CPUDet4Actor pid=3263165)[0m /home/qaragoez/symclf_clean/symclf/examples/4DCartPolerV10/../DET4Fast4D_V10/slsqp_nb.py:984: NumbaWarning: [1mCannot cache compiled function "slsqp_many" as it uses dynamic globals (such as ctypes pointers and large global arrays)[0m
[36m(CPUDet4Actor pid=3263165)[0m   @njit(cache=True, parallel=True)
[36m(CPUDet4Actor pid=3263169)[0m /home/qaragoez/symclf_clean/symclf/examples/4DCartPolerV10/../DET4Fast4D_V10/slsqp_nb.py:984: NumbaWarning: [1mCannot cache compiled function "slsqp_many" as it uses dynamic globals (such as ctypes pointers and large global arrays)[0m
[36m(CPUDet4Actor pid=3263169)[0m   @njit(cache=True, parallel=True)
[36m(CPUDet4Actor pid=3263172)[0m /home/qaragoez/symclf_clean/symclf/examples/4DCartPolerV10/../DET4Fast4D_V10/slsqp_nb.py:984: NumbaWarning: [1mCannot cache compiled function "slsqp_many" as it uses dynamic globals (such as ctypes pointers and large global arrays)[0m
[36m(CPUDet4Actor pid=3263172)[0m   @njit(cache=True, parallel=True)
[36m(CPUDet4Actor pid=3263178)[0m /home/qaragoez/symclf_clean/symclf/examples/4DCartPolerV10/../DET4Fast4D_V10/slsqp_nb.py:984: NumbaWarning: [1mCannot cache compiled function "slsqp_many" as it uses dynamic globals (such as ctypes pointers and large global arrays)[0m
[36m(CPUDet4Actor pid=3263178)[0m   @njit(cache=True, parallel=True)
[36m(CPUDet4Actor pid=3263161)[0m /home/qaragoez/symclf_clean/symclf/examples/4DCartPolerV10/../DET4Fast4D_V10/slsqp_nb.py:984: NumbaWarning: [1mCannot cache compiled function "slsqp_many" as it uses dynamic globals (such as ctypes pointers and large global arrays)[0m
[36m(CPUDet4Actor pid=3263161)[0m   @njit(cache=True, parallel=True)
[36m(CPUDet4Actor pid=3263164)[0m /home/qaragoez/symclf_clean/symclf/examples/4DCartPolerV10/../DET4Fast4D_V10/slsqp_nb.py:984: NumbaWarning: [1mCannot cache compiled function "slsqp_many" as it uses dynamic globals (such as ctypes pointers and large global arrays)[0m
[36m(CPUDet4Actor pid=3263164)[0m   @njit(cache=True, parallel=True)
[36m(CPUDet4Actor pid=3263179)[0m /home/qaragoez/symclf_clean/symclf/examples/4DCartPolerV10/../DET4Fast4D_V10/slsqp_nb.py:984: NumbaWarning: [1mCannot cache compiled function "slsqp_many" as it uses dynamic globals (such as ctypes pointers and large global arrays)[0m
[36m(CPUDet4Actor pid=3263179)[0m   @njit(cache=True, parallel=True)
[36m(CPUDet4Actor pid=3263166)[0m /home/qaragoez/symclf_clean/symclf/examples/4DCartPolerV10/../DET4Fast4D_V10/slsqp_nb.py:984: NumbaWarning: [1mCannot cache compiled function "slsqp_many" as it uses dynamic globals (such as ctypes pointers and large global arrays)[0m
[36m(CPUDet4Actor pid=3263166)[0m   @njit(cache=True, parallel=True)
[36m(CPUDet4Actor pid=3263180)[0m /home/qaragoez/symclf_clean/symclf/examples/4DCartPolerV10/../DET4Fast4D_V10/slsqp_nb.py:984: NumbaWarning: [1mCannot cache compiled function "slsqp_many" as it uses dynamic globals (such as ctypes pointers and large global arrays)[0m
[36m(CPUDet4Actor pid=3263180)[0m   @njit(cache=True, parallel=True)
[36m(GPUFitnessActor pid=3259914)[0m /home/qaragoez/symclf_clean/symclf/examples/4DCartPolerV10/../DET4Fast4D_V10/slsqp_nb.py:993: NumbaWarning: [1m[1m[1m[1m[1m[1m[1mCannot cache compiled function "_nnls" as it uses dynamic globals (such as ctypes pointers and large global arrays)[0m[0m[0m[0m[0m[0m[0m
[36m(GPUFitnessActor pid=3259914)[0m   x, f, mode, it = slsqp_solve(kind, seeds[k], lb, ub, op, opr, lit, n_ops, params, v0, rho,
[36m(GPUFitnessActor pid=3259914)[0m /home/qaragoez/symclf_clean/symclf/examples/4DCartPolerV10/../DET4Fast4D_V10/slsqp_nb.py:993: NumbaWarning: [1m[1m[1m[1m[1m[1mCannot cache compiled function "_ldp" as it uses dynamic globals (such as ctypes pointers and large global arrays)[0m[0m[0m[0m[0m[0m
[36m(GPUFitnessActor pid=3259914)[0m   x, f, mode, it = slsqp_solve(kind, seeds[k], lb, ub, op, opr, lit, n_ops, params, v0, rho,
[36m(GPUFitnessActor pid=3259914)[0m /home/qaragoez/symclf_clean/symclf/examples/4DCartPolerV10/../DET4Fast4D_V10/slsqp_nb.py:993: NumbaWarning: [1m[1m[1m[1m[1mCannot cache compiled function "_lsi" as it uses dynamic globals (such as ctypes pointers and large global arrays)[0m[0m[0m[0m[0m
[36m(GPUFitnessActor pid=3259914)[0m   x, f, mode, it = slsqp_solve(kind, seeds[k], lb, ub, op, opr, lit, n_ops, params, v0, rho,
[36m(GPUFitnessActor pid=3259914)[0m /home/qaragoez/symclf_clean/symclf/examples/4DCartPolerV10/../DET4Fast4D_V10/slsqp_nb.py:993: NumbaWarning: [1m[1m[1m[1mCannot cache compiled function "_lsei" as it uses dynamic globals (such as ctypes pointers and large global arrays)[0m[0m[0m[0m
[36m(GPUFitnessActor pid=3259914)[0m   x, f, mode, it = slsqp_solve(kind, seeds[k], lb, ub, op, opr, lit, n_ops, params, v0, rho,
[36m(GPUFitnessActor pid=3259914)[0m /home/qaragoez/symclf_clean/symclf/examples/4DCartPolerV10/../DET4Fast4D_V10/slsqp_nb.py:993: NumbaWarning: [1m[1m[1mCannot cache compiled function "_lsq" as it uses dynamic globals (such as ctypes pointers and large global arrays)[0m[0m[0m
[36m(GPUFitnessActor pid=3259914)[0m   x, f, mode, it = slsqp_solve(kind, seeds[k], lb, ub, op, opr, lit, n_ops, params, v0, rho,
[36m(GPUFitnessActor pid=3259914)[0m /home/qaragoez/symclf_clean/symclf/examples/4DCartPolerV10/../DET4Fast4D_V10/slsqp_nb.py:993: NumbaWarning: [1m[1mCannot cache compiled function "slsqp_solve" as it uses dynamic globals (such as ctypes pointers and large global arrays)[0m[0m
[36m(GPUFitnessActor pid=3259914)[0m   x, f, mode, it = slsqp_solve(kind, seeds[k], lb, ub, op, opr, lit, n_ops, params, v0, rho,
[36m(GPUFitnessActor pid=3536538, ip=10.10.2.2)[0m /home/qaragoez/symclf_clean/symclf/examples/4DCartPolerV10/../DET4Fast4D_V10/slsqp_nb.py:993: NumbaWarning: [1m[1m[1m[1m[1m[1m[1mCannot cache compiled function "_nnls" as it uses dynamic globals (such as ctypes pointers and large global arrays)[0m[0m[0m[0m[0m[0m[0m
[36m(GPUFitnessActor pid=3536538, ip=10.10.2.2)[0m   x, f, mode, it = slsqp_solve(kind, seeds[k], lb, ub, op, opr, lit, n_ops, params, v0, rho,
[36m(GPUFitnessActor pid=3536538, ip=10.10.2.2)[0m /home/qaragoez/symclf_clean/symclf/examples/4DCartPolerV10/../DET4Fast4D_V10/slsqp_nb.py:993: NumbaWarning: [1m[1m[1m[1m[1m[1mCannot cache compiled function "_ldp" as it uses dynamic globals (such as ctypes pointers and large global arrays)[0m[0m[0m[0m[0m[0m
[36m(GPUFitnessActor pid=3536538, ip=10.10.2.2)[0m   x, f, mode, it = slsqp_solve(kind, seeds[k], lb, ub, op, opr, lit, n_ops, params, v0, rho,
[36m(GPUFitnessActor pid=3536538, ip=10.10.2.2)[0m /home/qaragoez/symclf_clean/symclf/examples/4DCartPolerV10/../DET4Fast4D_V10/slsqp_nb.py:993: NumbaWarning: [1m[1m[1m[1m[1mCannot cache compiled function "_lsi" as it uses dynamic globals (such as ctypes pointers and large global arrays)[0m[0m[0m[0m[0m
[36m(GPUFitnessActor pid=3536538, ip=10.10.2.2)[0m   x, f, mode, it = slsqp_solve(kind, seeds[k], lb, ub, op, opr, lit, n_ops, params, v0, rho,
[36m(GPUFitnessActor pid=3536538, ip=10.10.2.2)[0m /home/qaragoez/symclf_clean/symclf/examples/4DCartPolerV10/../DET4Fast4D_V10/slsqp_nb.py:993: NumbaWarning: [1m[1m[1m[1mCannot cache compiled function "_lsei" as it uses dynamic globals (such as ctypes pointers and large global arrays)[0m[0m[0m[0m
[36m(GPUFitnessActor pid=3536538, ip=10.10.2.2)[0m   x, f, mode, it = slsqp_solve(kind, seeds[k], lb, ub, op, opr, lit, n_ops, params, v0, rho,
[36m(GPUFitnessActor pid=3536538, ip=10.10.2.2)[0m /home/qaragoez/symclf_clean/symclf/examples/4DCartPolerV10/../DET4Fast4D_V10/slsqp_nb.py:993: NumbaWarning: [1m[1m[1mCannot cache compiled function "_lsq" as it uses dynamic globals (such as ctypes pointers and large global arrays)[0m[0m[0m
[36m(GPUFitnessActor pid=3536538, ip=10.10.2.2)[0m   x, f, mode, it = slsqp_solve(kind, seeds[k], lb, ub, op, opr, lit, n_ops, params, v0, rho,
[36m(GPUFitnessActor pid=3536538, ip=10.10.2.2)[0m /home/qaragoez/symclf_clean/symclf/examples/4DCartPolerV10/../DET4Fast4D_V10/slsqp_nb.py:993: NumbaWarning: [1m[1mCannot cache compiled function "slsqp_solve" as it uses dynamic globals (such as ctypes pointers and large global arrays)[0m[0m
[36m(GPUFitnessActor pid=3536538, ip=10.10.2.2)[0m   x, f, mode, it = slsqp_solve(kind, seeds[k], lb, ub, op, opr, lit, n_ops, params, v0, rho,
[36m(GPUFitnessActor pid=3259917)[0m /home/qaragoez/symclf_clean/symclf/examples/4DCartPolerV10/../DET4Fast4D_V10/slsqp_nb.py:993: NumbaWarning: [1m[1m[1m[1m[1m[1m[1mCannot cache compiled function "_nnls" as it uses dynamic globals (such as ctypes pointers and large global arrays)[0m[0m[0m[0m[0m[0m[0m
[36m(GPUFitnessActor pid=3259917)[0m   x, f, mode, it = slsqp_solve(kind, seeds[k], lb, ub, op, opr, lit, n_ops, params, v0, rho,
[36m(GPUFitnessActor pid=3259917)[0m /home/qaragoez/symclf_clean/symclf/examples/4DCartPolerV10/../DET4Fast4D_V10/slsqp_nb.py:993: NumbaWarning: [1m[1m[1m[1m[1m[1mCannot cache compiled function "_ldp" as it uses dynamic globals (such as ctypes pointers and large global arrays)[0m[0m[0m[0m[0m[0m
[36m(GPUFitnessActor pid=3259917)[0m   x, f, mode, it = slsqp_solve(kind, seeds[k], lb, ub, op, opr, lit, n_ops, params, v0, rho,
[36m(GPUFitnessActor pid=3259917)[0m /home/qaragoez/symclf_clean/symclf/examples/4DCartPolerV10/../DET4Fast4D_V10/slsqp_nb.py:993: NumbaWarning: [1m[1m[1m[1m[1mCannot cache compiled function "_lsi" as it uses dynamic globals (such as ctypes pointers and large global arrays)[0m[0m[0m[0m[0m
[36m(GPUFitnessActor pid=3259917)[0m   x, f, mode, it = slsqp_solve(kind, seeds[k], lb, ub, op, opr, lit, n_ops, params, v0, rho,
[36m(GPUFitnessActor pid=3259917)[0m /home/qaragoez/symclf_clean/symclf/examples/4DCartPolerV10/../DET4Fast4D_V10/slsqp_nb.py:993: NumbaWarning: [1m[1m[1m[1mCannot cache compiled function "_lsei" as it uses dynamic globals (such as ctypes pointers and large global arrays)[0m[0m[0m[0m
[36m(GPUFitnessActor pid=3259917)[0m   x, f, mode, it = slsqp_solve(kind, seeds[k], lb, ub, op, opr, lit, n_ops, params, v0, rho,
[36m(GPUFitnessActor pid=3259917)[0m /home/qaragoez/symclf_clean/symclf/examples/4DCartPolerV10/../DET4Fast4D_V10/slsqp_nb.py:993: NumbaWarning: [1m[1m[1mCannot cache compiled function "_lsq" as it uses dynamic globals (such as ctypes pointers and large global arrays)[0m[0m[0m
[36m(GPUFitnessActor pid=3259917)[0m   x, f, mode, it = slsqp_solve(kind, seeds[k], lb, ub, op, opr, lit, n_ops, params, v0, rho,
[36m(GPUFitnessActor pid=3259917)[0m /home/qaragoez/symclf_clean/symclf/examples/4DCartPolerV10/../DET4Fast4D_V10/slsqp_nb.py:993: NumbaWarning: [1m[1mCannot cache compiled function "slsqp_solve" as it uses dynamic globals (such as ctypes pointers and large global arrays)[0m[0m
[36m(GPUFitnessActor pid=3259917)[0m   x, f, mode, it = slsqp_solve(kind, seeds[k], lb, ub, op, opr, lit, n_ops, params, v0, rho,
[36m(GPUFitnessActor pid=3259913)[0m /home/qaragoez/symclf_clean/symclf/examples/4DCartPolerV10/../DET4Fast4D_V10/slsqp_nb.py:993: NumbaWarning: [1m[1m[1m[1m[1m[1m[1mCannot cache compiled function "_nnls" as it uses dynamic globals (such as ctypes pointers and large global arrays)[0m[0m[0m[0m[0m[0m[0m
[36m(GPUFitnessActor pid=3259913)[0m   x, f, mode, it = slsqp_solve(kind, seeds[k], lb, ub, op, opr, lit, n_ops, params, v0, rho,
[36m(GPUFitnessActor pid=3259913)[0m /home/qaragoez/symclf_clean/symclf/examples/4DCartPolerV10/../DET4Fast4D_V10/slsqp_nb.py:993: NumbaWarning: [1m[1m[1m[1m[1m[1mCannot cache compiled function "_ldp" as it uses dynamic globals (such as ctypes pointers and large global arrays)[0m[0m[0m[0m[0m[0m
[36m(GPUFitnessActor pid=3259913)[0m   x, f, mode, it = slsqp_solve(kind, seeds[k], lb, ub, op, opr, lit, n_ops, params, v0, rho,
[36m(GPUFitnessActor pid=3259913)[0m /home/qaragoez/symclf_clean/symclf/examples/4DCartPolerV10/../DET4Fast4D_V10/slsqp_nb.py:993: NumbaWarning: [1m[1m[1m[1m[1mCannot cache compiled function "_lsi" as it uses dynamic globals (such as ctypes pointers and large global arrays)[0m[0m[0m[0m[0m
[36m(GPUFitnessActor pid=3259913)[0m   x, f, mode, it = slsqp_solve(kind, seeds[k], lb, ub, op, opr, lit, n_ops, params, v0, rho,
[36m(GPUFitnessActor pid=3259913)[0m /home/qaragoez/symclf_clean/symclf/examples/4DCartPolerV10/../DET4Fast4D_V10/slsqp_nb.py:993: NumbaWarning: [1m[1m[1m[1mCannot cache compiled function "_lsei" as it uses dynamic globals (such as ctypes pointers and large global arrays)[0m[0m[0m[0m
[36m(GPUFitnessActor pid=3259913)[0m   x, f, mode, it = slsqp_solve(kind, seeds[k], lb, ub, op, opr, lit, n_ops, params, v0, rho,
[36m(GPUFitnessActor pid=3259913)[0m /home/qaragoez/symclf_clean/symclf/examples/4DCartPolerV10/../DET4Fast4D_V10/slsqp_nb.py:993: NumbaWarning: [1m[1m[1mCannot cache compiled function "_lsq" as it uses dynamic globals (such as ctypes pointers and large global arrays)[0m[0m[0m
[36m(GPUFitnessActor pid=3259913)[0m   x, f, mode, it = slsqp_solve(kind, seeds[k], lb, ub, op, opr, lit, n_ops, params, v0, rho,
[36m(GPUFitnessActor pid=3259913)[0m /home/qaragoez/symclf_clean/symclf/examples/4DCartPolerV10/../DET4Fast4D_V10/slsqp_nb.py:993: NumbaWarning: [1m[1mCannot cache compiled function "slsqp_solve" as it uses dynamic globals (such as ctypes pointers and large global arrays)[0m[0m
[36m(GPUFitnessActor pid=3259913)[0m   x, f, mode, it = slsqp_solve(kind, seeds[k], lb, ub, op, opr, lit, n_ops, params, v0, rho,
[36m(GPUFitnessActor pid=3259915)[0m /home/qaragoez/symclf_clean/symclf/examples/4DCartPolerV10/../DET4Fast4D_V10/slsqp_nb.py:993: NumbaWarning: [1m[1m[1m[1m[1m[1m[1mCannot cache compiled function "_nnls" as it uses dynamic globals (such as ctypes pointers and large global arrays)[0m[0m[0m[0m[0m[0m[0m
[36m(GPUFitnessActor pid=3259915)[0m   x, f, mode, it = slsqp_solve(kind, seeds[k], lb, ub, op, opr, lit, n_ops, params, v0, rho,
[36m(GPUFitnessActor pid=3259915)[0m /home/qaragoez/symclf_clean/symclf/examples/4DCartPolerV10/../DET4Fast4D_V10/slsqp_nb.py:993: NumbaWarning: [1m[1m[1m[1m[1m[1mCannot cache compiled function "_ldp" as it uses dynamic globals (such as ctypes pointers and large global arrays)[0m[0m[0m[0m[0m[0m
[36m(GPUFitnessActor pid=3259915)[0m   x, f, mode, it = slsqp_solve(kind, seeds[k], lb, ub, op, opr, lit, n_ops, params, v0, rho,
[36m(GPUFitnessActor pid=3259915)[0m /home/qaragoez/symclf_clean/symclf/examples/4DCartPolerV10/../DET4Fast4D_V10/slsqp_nb.py:993: NumbaWarning: [1m[1m[1m[1m[1mCannot cache compiled function "_lsi" as it uses dynamic globals (such as ctypes pointers and large global arrays)[0m[0m[0m[0m[0m
[36m(GPUFitnessActor pid=3259915)[0m   x, f, mode, it = slsqp_solve(kind, seeds[k], lb, ub, op, opr, lit, n_ops, params, v0, rho,
[36m(GPUFitnessActor pid=3259915)[0m /home/qaragoez/symclf_clean/symclf/examples/4DCartPolerV10/../DET4Fast4D_V10/slsqp_nb.py:993: NumbaWarning: [1m[1m[1m[1mCannot cache compiled function "_lsei" as it uses dynamic globals (such as ctypes pointers and large global arrays)[0m[0m[0m[0m
[36m(GPUFitnessActor pid=3259915)[0m   x, f, mode, it = slsqp_solve(kind, seeds[k], lb, ub, op, opr, lit, n_ops, params, v0, rho,
[36m(GPUFitnessActor pid=3259915)[0m /home/qaragoez/symclf_clean/symclf/examples/4DCartPolerV10/../DET4Fast4D_V10/slsqp_nb.py:993: NumbaWarning: [1m[1m[1mCannot cache compiled function "_lsq" as it uses dynamic globals (such as ctypes pointers and large global arrays)[0m[0m[0m
[36m(GPUFitnessActor pid=3259915)[0m   x, f, mode, it = slsqp_solve(kind, seeds[k], lb, ub, op, opr, lit, n_ops, params, v0, rho,
[36m(GPUFitnessActor pid=3259915)[0m /home/qaragoez/symclf_clean/symclf/examples/4DCartPolerV10/../DET4Fast4D_V10/slsqp_nb.py:993: NumbaWarning: [1m[1mCannot cache compiled function "slsqp_solve" as it uses dynamic globals (such as ctypes pointers and large global arrays)[0m[0m
[36m(GPUFitnessActor pid=3259915)[0m   x, f, mode, it = slsqp_solve(kind, seeds[k], lb, ub, op, opr, lit, n_ops, params, v0, rho,
[36m(GPUFitnessActor pid=3259911)[0m /home/qaragoez/symclf_clean/symclf/examples/4DCartPolerV10/../DET4Fast4D_V10/slsqp_nb.py:993: NumbaWarning: [1m[1m[1m[1m[1m[1m[1mCannot cache compiled function "_nnls" as it uses dynamic globals (such as ctypes pointers and large global arrays)[0m[0m[0m[0m[0m[0m[0m
[36m(GPUFitnessActor pid=3259911)[0m   x, f, mode, it = slsqp_solve(kind, seeds[k], lb, ub, op, opr, lit, n_ops, params, v0, rho,
[36m(GPUFitnessActor pid=3259911)[0m /home/qaragoez/symclf_clean/symclf/examples/4DCartPolerV10/../DET4Fast4D_V10/slsqp_nb.py:993: NumbaWarning: [1m[1m[1m[1m[1m[1mCannot cache compiled function "_ldp" as it uses dynamic globals (such as ctypes pointers and large global arrays)[0m[0m[0m[0m[0m[0m
[36m(GPUFitnessActor pid=3259911)[0m   x, f, mode, it = slsqp_solve(kind, seeds[k], lb, ub, op, opr, lit, n_ops, params, v0, rho,
[36m(GPUFitnessActor pid=3259911)[0m /home/qaragoez/symclf_clean/symclf/examples/4DCartPolerV10/../DET4Fast4D_V10/slsqp_nb.py:993: NumbaWarning: [1m[1m[1m[1m[1mCannot cache compiled function "_lsi" as it uses dynamic globals (such as ctypes pointers and large global arrays)[0m[0m[0m[0m[0m
[36m(GPUFitnessActor pid=3259911)[0m   x, f, mode, it = slsqp_solve(kind, seeds[k], lb, ub, op, opr, lit, n_ops, params, v0, rho,
[36m(GPUFitnessActor pid=3259911)[0m /home/qaragoez/symclf_clean/symclf/examples/4DCartPolerV10/../DET4Fast4D_V10/slsqp_nb.py:993: NumbaWarning: [1m[1m[1m[1mCannot cache compiled function "_lsei" as it uses dynamic globals (such as ctypes pointers and large global arrays)[0m[0m[0m[0m
[36m(GPUFitnessActor pid=3259911)[0m   x, f, mode, it = slsqp_solve(kind, seeds[k], lb, ub, op, opr, lit, n_ops, params, v0, rho,
[36m(GPUFitnessActor pid=3259911)[0m /home/qaragoez/symclf_clean/symclf/examples/4DCartPolerV10/../DET4Fast4D_V10/slsqp_nb.py:993: NumbaWarning: [1m[1m[1mCannot cache compiled function "_lsq" as it uses dynamic globals (such as ctypes pointers and large global arrays)[0m[0m[0m
[36m(GPUFitnessActor pid=3259911)[0m   x, f, mode, it = slsqp_solve(kind, seeds[k], lb, ub, op, opr, lit, n_ops, params, v0, rho,
[36m(GPUFitnessActor pid=3259911)[0m /home/qaragoez/symclf_clean/symclf/examples/4DCartPolerV10/../DET4Fast4D_V10/slsqp_nb.py:993: NumbaWarning: [1m[1mCannot cache compiled function "slsqp_solve" as it uses dynamic globals (such as ctypes pointers and large global arrays)[0m[0m
[36m(GPUFitnessActor pid=3259911)[0m   x, f, mode, it = slsqp_solve(kind, seeds[k], lb, ub, op, opr, lit, n_ops, params, v0, rho,
[36m(GPUFitnessActor pid=3259918)[0m /home/qaragoez/symclf_clean/symclf/examples/4DCartPolerV10/../DET4Fast4D_V10/slsqp_nb.py:993: NumbaWarning: [1m[1m[1m[1m[1m[1m[1mCannot cache compiled function "_nnls" as it uses dynamic globals (such as ctypes pointers and large global arrays)[0m[0m[0m[0m[0m[0m[0m
[36m(GPUFitnessActor pid=3259918)[0m   x, f, mode, it = slsqp_solve(kind, seeds[k], lb, ub, op, opr, lit, n_ops, params, v0, rho,
[36m(GPUFitnessActor pid=3259918)[0m /home/qaragoez/symclf_clean/symclf/examples/4DCartPolerV10/../DET4Fast4D_V10/slsqp_nb.py:993: NumbaWarning: [1m[1m[1m[1m[1m[1mCannot cache compiled function "_ldp" as it uses dynamic globals (such as ctypes pointers and large global arrays)[0m[0m[0m[0m[0m[0m
[36m(GPUFitnessActor pid=3259918)[0m   x, f, mode, it = slsqp_solve(kind, seeds[k], lb, ub, op, opr, lit, n_ops, params, v0, rho,
[36m(GPUFitnessActor pid=3259918)[0m /home/qaragoez/symclf_clean/symclf/examples/4DCartPolerV10/../DET4Fast4D_V10/slsqp_nb.py:993: NumbaWarning: [1m[1m[1m[1m[1mCannot cache compiled function "_lsi" as it uses dynamic globals (such as ctypes pointers and large global arrays)[0m[0m[0m[0m[0m
[36m(GPUFitnessActor pid=3259918)[0m   x, f, mode, it = slsqp_solve(kind, seeds[k], lb, ub, op, opr, lit, n_ops, params, v0, rho,
[36m(GPUFitnessActor pid=3259918)[0m /home/qaragoez/symclf_clean/symclf/examples/4DCartPolerV10/../DET4Fast4D_V10/slsqp_nb.py:993: NumbaWarning: [1m[1m[1m[1mCannot cache compiled function "_lsei" as it uses dynamic globals (such as ctypes pointers and large global arrays)[0m[0m[0m[0m
[36m(GPUFitnessActor pid=3259918)[0m   x, f, mode, it = slsqp_solve(kind, seeds[k], lb, ub, op, opr, lit, n_ops, params, v0, rho,
[36m(GPUFitnessActor pid=3259918)[0m /home/qaragoez/symclf_clean/symclf/examples/4DCartPolerV10/../DET4Fast4D_V10/slsqp_nb.py:993: NumbaWarning: [1m[1m[1mCannot cache compiled function "_lsq" as it uses dynamic globals (such as ctypes pointers and large global arrays)[0m[0m[0m
[36m(GPUFitnessActor pid=3259918)[0m   x, f, mode, it = slsqp_solve(kind, seeds[k], lb, ub, op, opr, lit, n_ops, params, v0, rho,
[36m(GPUFitnessActor pid=3259918)[0m /home/qaragoez/symclf_clean/symclf/examples/4DCartPolerV10/../DET4Fast4D_V10/slsqp_nb.py:993: NumbaWarning: [1m[1mCannot cache compiled function "slsqp_solve" as it uses dynamic globals (such as ctypes pointers and large global arrays)[0m[0m
[36m(GPUFitnessActor pid=3259918)[0m   x, f, mode, it = slsqp_solve(kind, seeds[k], lb, ub, op, opr, lit, n_ops, params, v0, rho,
[36m(GPUFitnessActor pid=3259919)[0m /home/qaragoez/symclf_clean/symclf/examples/4DCartPolerV10/../DET4Fast4D_V10/slsqp_nb.py:993: NumbaWarning: [1m[1m[1m[1m[1m[1m[1mCannot cache compiled function "_nnls" as it uses dynamic globals (such as ctypes pointers and large global arrays)[0m[0m[0m[0m[0m[0m[0m
[36m(GPUFitnessActor pid=3259919)[0m   x, f, mode, it = slsqp_solve(kind, seeds[k], lb, ub, op, opr, lit, n_ops, params, v0, rho,
[36m(GPUFitnessActor pid=3259919)[0m /home/qaragoez/symclf_clean/symclf/examples/4DCartPolerV10/../DET4Fast4D_V10/slsqp_nb.py:993: NumbaWarning: [1m[1m[1m[1m[1m[1mCannot cache compiled function "_ldp" as it uses dynamic globals (such as ctypes pointers and large global arrays)[0m[0m[0m[0m[0m[0m
[36m(GPUFitnessActor pid=3259919)[0m   x, f, mode, it = slsqp_solve(kind, seeds[k], lb, ub, op, opr, lit, n_ops, params, v0, rho,
[36m(GPUFitnessActor pid=3259919)[0m /home/qaragoez/symclf_clean/symclf/examples/4DCartPolerV10/../DET4Fast4D_V10/slsqp_nb.py:993: NumbaWarning: [1m[1m[1m[1m[1mCannot cache compiled function "_lsi" as it uses dynamic globals (such as ctypes pointers and large global arrays)[0m[0m[0m[0m[0m
[36m(GPUFitnessActor pid=3259919)[0m   x, f, mode, it = slsqp_solve(kind, seeds[k], lb, ub, op, opr, lit, n_ops, params, v0, rho,
[36m(GPUFitnessActor pid=3259919)[0m /home/qaragoez/symclf_clean/symclf/examples/4DCartPolerV10/../DET4Fast4D_V10/slsqp_nb.py:993: NumbaWarning: [1m[1m[1m[1mCannot cache compiled function "_lsei" as it uses dynamic globals (such as ctypes pointers and large global arrays)[0m[0m[0m[0m
[36m(GPUFitnessActor pid=3259919)[0m   x, f, mode, it = slsqp_solve(kind, seeds[k], lb, ub, op, opr, lit, n_ops, params, v0, rho,
[36m(GPUFitnessActor pid=3259919)[0m /home/qaragoez/symclf_clean/symclf/examples/4DCartPolerV10/../DET4Fast4D_V10/slsqp_nb.py:993: NumbaWarning: [1m[1m[1mCannot cache compiled function "_lsq" as it uses dynamic globals (such as ctypes pointers and large global arrays)[0m[0m[0m
[36m(GPUFitnessActor pid=3259919)[0m   x, f, mode, it = slsqp_solve(kind, seeds[k], lb, ub, op, opr, lit, n_ops, params, v0, rho,
[36m(GPUFitnessActor pid=3259919)[0m /home/qaragoez/symclf_clean/symclf/examples/4DCartPolerV10/../DET4Fast4D_V10/slsqp_nb.py:993: NumbaWarning: [1m[1mCannot cache compiled function "slsqp_solve" as it uses dynamic globals (such as ctypes pointers and large global arrays)[0m[0m
[36m(GPUFitnessActor pid=3259919)[0m   x, f, mode, it = slsqp_solve(kind, seeds[k], lb, ub, op, opr, lit, n_ops, params, v0, rho,
[36m(GPUFitnessActor pid=3259916)[0m /home/qaragoez/symclf_clean/symclf/examples/4DCartPolerV10/../DET4Fast4D_V10/slsqp_nb.py:993: NumbaWarning: [1m[1m[1m[1m[1m[1m[1mCannot cache compiled function "_nnls" as it uses dynamic globals (such as ctypes pointers and large global arrays)[0m[0m[0m[0m[0m[0m[0m
[36m(GPUFitnessActor pid=3259916)[0m   x, f, mode, it = slsqp_solve(kind, seeds[k], lb, ub, op, opr, lit, n_ops, params, v0, rho,
[36m(GPUFitnessActor pid=3259916)[0m /home/qaragoez/symclf_clean/symclf/examples/4DCartPolerV10/../DET4Fast4D_V10/slsqp_nb.py:993: NumbaWarning: [1m[1m[1m[1m[1m[1mCannot cache compiled function "_ldp" as it uses dynamic globals (such as ctypes pointers and large global arrays)[0m[0m[0m[0m[0m[0m
[36m(GPUFitnessActor pid=3259916)[0m   x, f, mode, it = slsqp_solve(kind, seeds[k], lb, ub, op, opr, lit, n_ops, params, v0, rho,
[36m(GPUFitnessActor pid=3259916)[0m /home/qaragoez/symclf_clean/symclf/examples/4DCartPolerV10/../DET4Fast4D_V10/slsqp_nb.py:993: NumbaWarning: [1m[1m[1m[1m[1mCannot cache compiled function "_lsi" as it uses dynamic globals (such as ctypes pointers and large global arrays)[0m[0m[0m[0m[0m
[36m(GPUFitnessActor pid=3259916)[0m   x, f, mode, it = slsqp_solve(kind, seeds[k], lb, ub, op, opr, lit, n_ops, params, v0, rho,
[36m(GPUFitnessActor pid=3259916)[0m /home/qaragoez/symclf_clean/symclf/examples/4DCartPolerV10/../DET4Fast4D_V10/slsqp_nb.py:993: NumbaWarning: [1m[1m[1m[1mCannot cache compiled function "_lsei" as it uses dynamic globals (such as ctypes pointers and large global arrays)[0m[0m[0m[0m
[36m(GPUFitnessActor pid=3259916)[0m   x, f, mode, it = slsqp_solve(kind, seeds[k], lb, ub, op, opr, lit, n_ops, params, v0, rho,
[36m(GPUFitnessActor pid=3259916)[0m /home/qaragoez/symclf_clean/symclf/examples/4DCartPolerV10/../DET4Fast4D_V10/slsqp_nb.py:993: NumbaWarning: [1m[1m[1mCannot cache compiled function "_lsq" as it uses dynamic globals (such as ctypes pointers and large global arrays)[0m[0m[0m
[36m(GPUFitnessActor pid=3259916)[0m   x, f, mode, it = slsqp_solve(kind, seeds[k], lb, ub, op, opr, lit, n_ops, params, v0, rho,
[36m(GPUFitnessActor pid=3259916)[0m /home/qaragoez/symclf_clean/symclf/examples/4DCartPolerV10/../DET4Fast4D_V10/slsqp_nb.py:993: NumbaWarning: [1m[1mCannot cache compiled function "slsqp_solve" as it uses dynamic globals (such as ctypes pointers and large global arrays)[0m[0m
[36m(GPUFitnessActor pid=3259916)[0m   x, f, mode, it = slsqp_solve(kind, seeds[k], lb, ub, op, opr, lit, n_ops, params, v0, rho,
[36m(GPUFitnessActor pid=3536538, ip=10.10.2.2)[0m /home/qaragoez/symclf_clean/symclf/examples/4DCartPolerV10/../DET4Fast4D_V10/slsqp_nb.py:984: NumbaWarning: [1mCannot cache compiled function "slsqp_many" as it uses dynamic globals (such as ctypes pointers and large global arrays)[0m
[36m(GPUFitnessActor pid=3536538, ip=10.10.2.2)[0m   @njit(cache=True, parallel=True)
[36m(GPUFitnessActor pid=3259917)[0m /home/qaragoez/symclf_clean/symclf/examples/4DCartPolerV10/../DET4Fast4D_V10/slsqp_nb.py:984: NumbaWarning: [1mCannot cache compiled function "slsqp_many" as it uses dynamic globals (such as ctypes pointers and large global arrays)[0m
[36m(GPUFitnessActor pid=3259917)[0m   @njit(cache=True, parallel=True)
[36m(GPUFitnessActor pid=3259915)[0m /home/qaragoez/symclf_clean/symclf/examples/4DCartPolerV10/../DET4Fast4D_V10/slsqp_nb.py:984: NumbaWarning: [1mCannot cache compiled function "slsqp_many" as it uses dynamic globals (such as ctypes pointers and large global arrays)[0m
[36m(GPUFitnessActor pid=3259915)[0m   @njit(cache=True, parallel=True)
[36m(GPUFitnessActor pid=3259914)[0m /home/qaragoez/symclf_clean/symclf/examples/4DCartPolerV10/../DET4Fast4D_V10/slsqp_nb.py:984: NumbaWarning: [1mCannot cache compiled function "slsqp_many" as it uses dynamic globals (such as ctypes pointers and large global arrays)[0m
[36m(GPUFitnessActor pid=3259914)[0m   @njit(cache=True, parallel=True)
[36m(GPUFitnessActor pid=3259918)[0m /home/qaragoez/symclf_clean/symclf/examples/4DCartPolerV10/../DET4Fast4D_V10/slsqp_nb.py:984: NumbaWarning: [1mCannot cache compiled function "slsqp_many" as it uses dynamic globals (such as ctypes pointers and large global arrays)[0m
[36m(GPUFitnessActor pid=3259918)[0m   @njit(cache=True, parallel=True)
[36m(GPUFitnessActor pid=3259913)[0m /home/qaragoez/symclf_clean/symclf/examples/4DCartPolerV10/../DET4Fast4D_V10/slsqp_nb.py:984: NumbaWarning: [1mCannot cache compiled function "slsqp_many" as it uses dynamic globals (such as ctypes pointers and large global arrays)[0m
[36m(GPUFitnessActor pid=3259913)[0m   @njit(cache=True, parallel=True)
[36m(GPUFitnessActor pid=3259919)[0m /home/qaragoez/symclf_clean/symclf/examples/4DCartPolerV10/../DET4Fast4D_V10/slsqp_nb.py:984: NumbaWarning: [1mCannot cache compiled function "slsqp_many" as it uses dynamic globals (such as ctypes pointers and large global arrays)[0m
[36m(GPUFitnessActor pid=3259919)[0m   @njit(cache=True, parallel=True)
[36m(GPUFitnessActor pid=3259911)[0m /home/qaragoez/symclf_clean/symclf/examples/4DCartPolerV10/../DET4Fast4D_V10/slsqp_nb.py:984: NumbaWarning: [1mCannot cache compiled function "slsqp_many" as it uses dynamic globals (such as ctypes pointers and large global arrays)[0m
[36m(GPUFitnessActor pid=3259911)[0m   @njit(cache=True, parallel=True)
[36m(GPUFitnessActor pid=3259916)[0m /home/qaragoez/symclf_clean/symclf/examples/4DCartPolerV10/../DET4Fast4D_V10/slsqp_nb.py:984: NumbaWarning: [1mCannot cache compiled function "slsqp_many" as it uses dynamic globals (such as ctypes pointers and large global arrays)[0m
[36m(GPUFitnessActor pid=3259916)[0m   @njit(cache=True, parallel=True)
[36m(GPUFitnessActor pid=3536531, ip=10.10.2.2)[0m /home/qaragoez/symclf_clean/symclf/examples/4DCartPolerV10/../DET4Fast4D_V10/slsqp_nb.py:993: NumbaWarning: [1m[1m[1m[1m[1m[1m[1mCannot cache compiled function "_nnls" as it uses dynamic globals (such as ctypes pointers and large global arrays)[0m[0m[0m[0m[0m[0m[0m
[36m(GPUFitnessActor pid=3536531, ip=10.10.2.2)[0m   x, f, mode, it = slsqp_solve(kind, seeds[k], lb, ub, op, opr, lit, n_ops, params, v0, rho,
[36m(GPUFitnessActor pid=3536531, ip=10.10.2.2)[0m /home/qaragoez/symclf_clean/symclf/examples/4DCartPolerV10/../DET4Fast4D_V10/slsqp_nb.py:993: NumbaWarning: [1m[1m[1m[1m[1m[1mCannot cache compiled function "_ldp" as it uses dynamic globals (such as ctypes pointers and large global arrays)[0m[0m[0m[0m[0m[0m
[36m(GPUFitnessActor pid=3536531, ip=10.10.2.2)[0m   x, f, mode, it = slsqp_solve(kind, seeds[k], lb, ub, op, opr, lit, n_ops, params, v0, rho,
[36m(GPUFitnessActor pid=3536531, ip=10.10.2.2)[0m /home/qaragoez/symclf_clean/symclf/examples/4DCartPolerV10/../DET4Fast4D_V10/slsqp_nb.py:993: NumbaWarning: [1m[1m[1m[1m[1mCannot cache compiled function "_lsi" as it uses dynamic globals (such as ctypes pointers and large global arrays)[0m[0m[0m[0m[0m
[36m(GPUFitnessActor pid=3536531, ip=10.10.2.2)[0m   x, f, mode, it = slsqp_solve(kind, seeds[k], lb, ub, op, opr, lit, n_ops, params, v0, rho,
[36m(GPUFitnessActor pid=3536531, ip=10.10.2.2)[0m /home/qaragoez/symclf_clean/symclf/examples/4DCartPolerV10/../DET4Fast4D_V10/slsqp_nb.py:993: NumbaWarning: [1m[1m[1m[1mCannot cache compiled function "_lsei" as it uses dynamic globals (such as ctypes pointers and large global arrays)[0m[0m[0m[0m
[36m(GPUFitnessActor pid=3536531, ip=10.10.2.2)[0m   x, f, mode, it = slsqp_solve(kind, seeds[k], lb, ub, op, opr, lit, n_ops, params, v0, rho,
[36m(GPUFitnessActor pid=3536531, ip=10.10.2.2)[0m /home/qaragoez/symclf_clean/symclf/examples/4DCartPolerV10/../DET4Fast4D_V10/slsqp_nb.py:993: NumbaWarning: [1m[1m[1mCannot cache compiled function "_lsq" as it uses dynamic globals (such as ctypes pointers and large global arrays)[0m[0m[0m
[36m(GPUFitnessActor pid=3536531, ip=10.10.2.2)[0m   x, f, mode, it = slsqp_solve(kind, seeds[k], lb, ub, op, opr, lit, n_ops, params, v0, rho,
[36m(GPUFitnessActor pid=3536531, ip=10.10.2.2)[0m /home/qaragoez/symclf_clean/symclf/examples/4DCartPolerV10/../DET4Fast4D_V10/slsqp_nb.py:993: NumbaWarning: [1m[1mCannot cache compiled function "slsqp_solve" as it uses dynamic globals (such as ctypes pointers and large global arrays)[0m[0m
[36m(GPUFitnessActor pid=3536531, ip=10.10.2.2)[0m   x, f, mode, it = slsqp_solve(kind, seeds[k], lb, ub, op, opr, lit, n_ops, params, v0, rho,
[36m(GPUFitnessActor pid=3536530, ip=10.10.2.2)[0m /home/qaragoez/symclf_clean/symclf/examples/4DCartPolerV10/../DET4Fast4D_V10/slsqp_nb.py:993: NumbaWarning: [1m[1m[1m[1m[1m[1m[1mCannot cache compiled function "_nnls" as it uses dynamic globals (such as ctypes pointers and large global arrays)[0m[0m[0m[0m[0m[0m[0m
[36m(GPUFitnessActor pid=3536530, ip=10.10.2.2)[0m   x, f, mode, it = slsqp_solve(kind, seeds[k], lb, ub, op, opr, lit, n_ops, params, v0, rho,
[36m(GPUFitnessActor pid=3536530, ip=10.10.2.2)[0m /home/qaragoez/symclf_clean/symclf/examples/4DCartPolerV10/../DET4Fast4D_V10/slsqp_nb.py:993: NumbaWarning: [1m[1m[1m[1m[1m[1mCannot cache compiled function "_ldp" as it uses dynamic globals (such as ctypes pointers and large global arrays)[0m[0m[0m[0m[0m[0m
[36m(GPUFitnessActor pid=3536530, ip=10.10.2.2)[0m   x, f, mode, it = slsqp_solve(kind, seeds[k], lb, ub, op, opr, lit, n_ops, params, v0, rho,
[36m(GPUFitnessActor pid=3536530, ip=10.10.2.2)[0m /home/qaragoez/symclf_clean/symclf/examples/4DCartPolerV10/../DET4Fast4D_V10/slsqp_nb.py:993: NumbaWarning: [1m[1m[1m[1m[1mCannot cache compiled function "_lsi" as it uses dynamic globals (such as ctypes pointers and large global arrays)[0m[0m[0m[0m[0m
[36m(GPUFitnessActor pid=3536530, ip=10.10.2.2)[0m   x, f, mode, it = slsqp_solve(kind, seeds[k], lb, ub, op, opr, lit, n_ops, params, v0, rho,
[36m(GPUFitnessActor pid=3536530, ip=10.10.2.2)[0m /home/qaragoez/symclf_clean/symclf/examples/4DCartPolerV10/../DET4Fast4D_V10/slsqp_nb.py:993: NumbaWarning: [1m[1m[1m[1mCannot cache compiled function "_lsei" as it uses dynamic globals (such as ctypes pointers and large global arrays)[0m[0m[0m[0m
[36m(GPUFitnessActor pid=3536530, ip=10.10.2.2)[0m   x, f, mode, it = slsqp_solve(kind, seeds[k], lb, ub, op, opr, lit, n_ops, params, v0, rho,
[36m(GPUFitnessActor pid=3536530, ip=10.10.2.2)[0m /home/qaragoez/symclf_clean/symclf/examples/4DCartPolerV10/../DET4Fast4D_V10/slsqp_nb.py:993: NumbaWarning: [1m[1m[1mCannot cache compiled function "_lsq" as it uses dynamic globals (such as ctypes pointers and large global arrays)[0m[0m[0m
[36m(GPUFitnessActor pid=3536530, ip=10.10.2.2)[0m   x, f, mode, it = slsqp_solve(kind, seeds[k], lb, ub, op, opr, lit, n_ops, params, v0, rho,
[36m(GPUFitnessActor pid=3536530, ip=10.10.2.2)[0m /home/qaragoez/symclf_clean/symclf/examples/4DCartPolerV10/../DET4Fast4D_V10/slsqp_nb.py:993: NumbaWarning: [1m[1mCannot cache compiled function "slsqp_solve" as it uses dynamic globals (such as ctypes pointers and large global arrays)[0m[0m
[36m(GPUFitnessActor pid=3536530, ip=10.10.2.2)[0m   x, f, mode, it = slsqp_solve(kind, seeds[k], lb, ub, op, opr, lit, n_ops, params, v0, rho,
[36m(GPUFitnessActor pid=3536531, ip=10.10.2.2)[0m /home/qaragoez/symclf_clean/symclf/examples/4DCartPolerV10/../DET4Fast4D_V10/slsqp_nb.py:984: NumbaWarning: [1mCannot cache compiled function "slsqp_many" as it uses dynamic globals (such as ctypes pointers and large global arrays)[0m
[36m(GPUFitnessActor pid=3536531, ip=10.10.2.2)[0m   @njit(cache=True, parallel=True)
[36m(GPUFitnessActor pid=3536530, ip=10.10.2.2)[0m /home/qaragoez/symclf_clean/symclf/examples/4DCartPolerV10/../DET4Fast4D_V10/slsqp_nb.py:984: NumbaWarning: [1mCannot cache compiled function "slsqp_many" as it uses dynamic globals (such as ctypes pointers and large global arrays)[0m
[36m(GPUFitnessActor pid=3536530, ip=10.10.2.2)[0m   @njit(cache=True, parallel=True)
[36m(GPUFitnessActor pid=3536534, ip=10.10.2.2)[0m /home/qaragoez/symclf_clean/symclf/examples/4DCartPolerV10/../DET4Fast4D_V10/slsqp_nb.py:993: NumbaWarning: [1m[1m[1m[1m[1m[1m[1mCannot cache compiled function "_nnls" as it uses dynamic globals (such as ctypes pointers and large global arrays)[0m[0m[0m[0m[0m[0m[0m
[36m(GPUFitnessActor pid=3536534, ip=10.10.2.2)[0m   x, f, mode, it = slsqp_solve(kind, seeds[k], lb, ub, op, opr, lit, n_ops, params, v0, rho,
[36m(GPUFitnessActor pid=3536534, ip=10.10.2.2)[0m /home/qaragoez/symclf_clean/symclf/examples/4DCartPolerV10/../DET4Fast4D_V10/slsqp_nb.py:993: NumbaWarning: [1m[1m[1m[1m[1m[1mCannot cache compiled function "_ldp" as it uses dynamic globals (such as ctypes pointers and large global arrays)[0m[0m[0m[0m[0m[0m
[36m(GPUFitnessActor pid=3536534, ip=10.10.2.2)[0m   x, f, mode, it = slsqp_solve(kind, seeds[k], lb, ub, op, opr, lit, n_ops, params, v0, rho,
[36m(GPUFitnessActor pid=3536534, ip=10.10.2.2)[0m /home/qaragoez/symclf_clean/symclf/examples/4DCartPolerV10/../DET4Fast4D_V10/slsqp_nb.py:993: NumbaWarning: [1m[1m[1m[1m[1mCannot cache compiled function "_lsi" as it uses dynamic globals (such as ctypes pointers and large global arrays)[0m[0m[0m[0m[0m
[36m(GPUFitnessActor pid=3536534, ip=10.10.2.2)[0m   x, f, mode, it = slsqp_solve(kind, seeds[k], lb, ub, op, opr, lit, n_ops, params, v0, rho,
[36m(GPUFitnessActor pid=3536534, ip=10.10.2.2)[0m /home/qaragoez/symclf_clean/symclf/examples/4DCartPolerV10/../DET4Fast4D_V10/slsqp_nb.py:993: NumbaWarning: [1m[1m[1m[1mCannot cache compiled function "_lsei" as it uses dynamic globals (such as ctypes pointers and large global arrays)[0m[0m[0m[0m
[36m(GPUFitnessActor pid=3536534, ip=10.10.2.2)[0m   x, f, mode, it = slsqp_solve(kind, seeds[k], lb, ub, op, opr, lit, n_ops, params, v0, rho,
[36m(GPUFitnessActor pid=3536534, ip=10.10.2.2)[0m /home/qaragoez/symclf_clean/symclf/examples/4DCartPolerV10/../DET4Fast4D_V10/slsqp_nb.py:993: NumbaWarning: [1m[1m[1mCannot cache compiled function "_lsq" as it uses dynamic globals (such as ctypes pointers and large global arrays)[0m[0m[0m
[36m(GPUFitnessActor pid=3536534, ip=10.10.2.2)[0m   x, f, mode, it = slsqp_solve(kind, seeds[k], lb, ub, op, opr, lit, n_ops, params, v0, rho,
[36m(GPUFitnessActor pid=3536534, ip=10.10.2.2)[0m /home/qaragoez/symclf_clean/symclf/examples/4DCartPolerV10/../DET4Fast4D_V10/slsqp_nb.py:993: NumbaWarning: [1m[1mCannot cache compiled function "slsqp_solve" as it uses dynamic globals (such as ctypes pointers and large global arrays)[0m[0m
[36m(GPUFitnessActor pid=3536534, ip=10.10.2.2)[0m   x, f, mode, it = slsqp_solve(kind, seeds[k], lb, ub, op, opr, lit, n_ops, params, v0, rho,
[36m(GPUFitnessActor pid=3536535, ip=10.10.2.2)[0m /home/qaragoez/symclf_clean/symclf/examples/4DCartPolerV10/../DET4Fast4D_V10/slsqp_nb.py:993: NumbaWarning: [1m[1m[1m[1m[1m[1m[1mCannot cache compiled function "_nnls" as it uses dynamic globals (such as ctypes pointers and large global arrays)[0m[0m[0m[0m[0m[0m[0m
[36m(GPUFitnessActor pid=3536535, ip=10.10.2.2)[0m   x, f, mode, it = slsqp_solve(kind, seeds[k], lb, ub, op, opr, lit, n_ops, params, v0, rho,
[36m(GPUFitnessActor pid=3536535, ip=10.10.2.2)[0m /home/qaragoez/symclf_clean/symclf/examples/4DCartPolerV10/../DET4Fast4D_V10/slsqp_nb.py:993: NumbaWarning: [1m[1m[1m[1m[1m[1mCannot cache compiled function "_ldp" as it uses dynamic globals (such as ctypes pointers and large global arrays)[0m[0m[0m[0m[0m[0m
[36m(GPUFitnessActor pid=3536535, ip=10.10.2.2)[0m   x, f, mode, it = slsqp_solve(kind, seeds[k], lb, ub, op, opr, lit, n_ops, params, v0, rho,
[36m(GPUFitnessActor pid=3536535, ip=10.10.2.2)[0m /home/qaragoez/symclf_clean/symclf/examples/4DCartPolerV10/../DET4Fast4D_V10/slsqp_nb.py:993: NumbaWarning: [1m[1m[1m[1m[1mCannot cache compiled function "_lsi" as it uses dynamic globals (such as ctypes pointers and large global arrays)[0m[0m[0m[0m[0m
[36m(GPUFitnessActor pid=3536535, ip=10.10.2.2)[0m   x, f, mode, it = slsqp_solve(kind, seeds[k], lb, ub, op, opr, lit, n_ops, params, v0, rho,
[36m(GPUFitnessActor pid=3536535, ip=10.10.2.2)[0m /home/qaragoez/symclf_clean/symclf/examples/4DCartPolerV10/../DET4Fast4D_V10/slsqp_nb.py:993: NumbaWarning: [1m[1m[1m[1mCannot cache compiled function "_lsei" as it uses dynamic globals (such as ctypes pointers and large global arrays)[0m[0m[0m[0m
[36m(GPUFitnessActor pid=3536535, ip=10.10.2.2)[0m   x, f, mode, it = slsqp_solve(kind, seeds[k], lb, ub, op, opr, lit, n_ops, params, v0, rho,
[36m(GPUFitnessActor pid=3536535, ip=10.10.2.2)[0m /home/qaragoez/symclf_clean/symclf/examples/4DCartPolerV10/../DET4Fast4D_V10/slsqp_nb.py:993: NumbaWarning: [1m[1m[1mCannot cache compiled function "_lsq" as it uses dynamic globals (such as ctypes pointers and large global arrays)[0m[0m[0m
[36m(GPUFitnessActor pid=3536535, ip=10.10.2.2)[0m   x, f, mode, it = slsqp_solve(kind, seeds[k], lb, ub, op, opr, lit, n_ops, params, v0, rho,
[36m(GPUFitnessActor pid=3536535, ip=10.10.2.2)[0m /home/qaragoez/symclf_clean/symclf/examples/4DCartPolerV10/../DET4Fast4D_V10/slsqp_nb.py:993: NumbaWarning: [1m[1mCannot cache compiled function "slsqp_solve" as it uses dynamic globals (such as ctypes pointers and large global arrays)[0m[0m
[36m(GPUFitnessActor pid=3536535, ip=10.10.2.2)[0m   x, f, mode, it = slsqp_solve(kind, seeds[k], lb, ub, op, opr, lit, n_ops, params, v0, rho,
[36m(GPUFitnessActor pid=3536533, ip=10.10.2.2)[0m /home/qaragoez/symclf_clean/symclf/examples/4DCartPolerV10/../DET4Fast4D_V10/slsqp_nb.py:993: NumbaWarning: [1m[1m[1m[1m[1m[1m[1mCannot cache compiled function "_nnls" as it uses dynamic globals (such as ctypes pointers and large global arrays)[0m[0m[0m[0m[0m[0m[0m
[36m(GPUFitnessActor pid=3536533, ip=10.10.2.2)[0m   x, f, mode, it = slsqp_solve(kind, seeds[k], lb, ub, op, opr, lit, n_ops, params, v0, rho,
[36m(GPUFitnessActor pid=3536533, ip=10.10.2.2)[0m /home/qaragoez/symclf_clean/symclf/examples/4DCartPolerV10/../DET4Fast4D_V10/slsqp_nb.py:993: NumbaWarning: [1m[1m[1m[1m[1m[1mCannot cache compiled function "_ldp" as it uses dynamic globals (such as ctypes pointers and large global arrays)[0m[0m[0m[0m[0m[0m
[36m(GPUFitnessActor pid=3536533, ip=10.10.2.2)[0m   x, f, mode, it = slsqp_solve(kind, seeds[k], lb, ub, op, opr, lit, n_ops, params, v0, rho,
[36m(GPUFitnessActor pid=3536533, ip=10.10.2.2)[0m /home/qaragoez/symclf_clean/symclf/examples/4DCartPolerV10/../DET4Fast4D_V10/slsqp_nb.py:993: NumbaWarning: [1m[1m[1m[1m[1mCannot cache compiled function "_lsi" as it uses dynamic globals (such as ctypes pointers and large global arrays)[0m[0m[0m[0m[0m
[36m(GPUFitnessActor pid=3536533, ip=10.10.2.2)[0m   x, f, mode, it = slsqp_solve(kind, seeds[k], lb, ub, op, opr, lit, n_ops, params, v0, rho,
[36m(GPUFitnessActor pid=3536533, ip=10.10.2.2)[0m /home/qaragoez/symclf_clean/symclf/examples/4DCartPolerV10/../DET4Fast4D_V10/slsqp_nb.py:993: NumbaWarning: [1m[1m[1m[1mCannot cache compiled function "_lsei" as it uses dynamic globals (such as ctypes pointers and large global arrays)[0m[0m[0m[0m
[36m(GPUFitnessActor pid=3536533, ip=10.10.2.2)[0m   x, f, mode, it = slsqp_solve(kind, seeds[k], lb, ub, op, opr, lit, n_ops, params, v0, rho,
[36m(GPUFitnessActor pid=3536533, ip=10.10.2.2)[0m /home/qaragoez/symclf_clean/symclf/examples/4DCartPolerV10/../DET4Fast4D_V10/slsqp_nb.py:993: NumbaWarning: [1m[1m[1mCannot cache compiled function "_lsq" as it uses dynamic globals (such as ctypes pointers and large global arrays)[0m[0m[0m
[36m(GPUFitnessActor pid=3536533, ip=10.10.2.2)[0m   x, f, mode, it = slsqp_solve(kind, seeds[k], lb, ub, op, opr, lit, n_ops, params, v0, rho,
[36m(GPUFitnessActor pid=3536533, ip=10.10.2.2)[0m /home/qaragoez/symclf_clean/symclf/examples/4DCartPolerV10/../DET4Fast4D_V10/slsqp_nb.py:993: NumbaWarning: [1m[1mCannot cache compiled function "slsqp_solve" as it uses dynamic globals (such as ctypes pointers and large global arrays)[0m[0m
[36m(GPUFitnessActor pid=3536533, ip=10.10.2.2)[0m   x, f, mode, it = slsqp_solve(kind, seeds[k], lb, ub, op, opr, lit, n_ops, params, v0, rho,
[36m(GPUFitnessActor pid=3536532, ip=10.10.2.2)[0m /home/qaragoez/symclf_clean/symclf/examples/4DCartPolerV10/../DET4Fast4D_V10/slsqp_nb.py:993: NumbaWarning: [1m[1m[1m[1m[1m[1m[1mCannot cache compiled function "_nnls" as it uses dynamic globals (such as ctypes pointers and large global arrays)[0m[0m[0m[0m[0m[0m[0m
[36m(GPUFitnessActor pid=3536532, ip=10.10.2.2)[0m   x, f, mode, it = slsqp_solve(kind, seeds[k], lb, ub, op, opr, lit, n_ops, params, v0, rho,
[36m(GPUFitnessActor pid=3536532, ip=10.10.2.2)[0m /home/qaragoez/symclf_clean/symclf/examples/4DCartPolerV10/../DET4Fast4D_V10/slsqp_nb.py:993: NumbaWarning: [1m[1m[1m[1m[1m[1mCannot cache compiled function "_ldp" as it uses dynamic globals (such as ctypes pointers and large global arrays)[0m[0m[0m[0m[0m[0m
[36m(GPUFitnessActor pid=3536532, ip=10.10.2.2)[0m   x, f, mode, it = slsqp_solve(kind, seeds[k], lb, ub, op, opr, lit, n_ops, params, v0, rho,
[36m(GPUFitnessActor pid=3536532, ip=10.10.2.2)[0m /home/qaragoez/symclf_clean/symclf/examples/4DCartPolerV10/../DET4Fast4D_V10/slsqp_nb.py:993: NumbaWarning: [1m[1m[1m[1m[1mCannot cache compiled function "_lsi" as it uses dynamic globals (such as ctypes pointers and large global arrays)[0m[0m[0m[0m[0m
[36m(GPUFitnessActor pid=3536532, ip=10.10.2.2)[0m   x, f, mode, it = slsqp_solve(kind, seeds[k], lb, ub, op, opr, lit, n_ops, params, v0, rho,
[36m(GPUFitnessActor pid=3536532, ip=10.10.2.2)[0m /home/qaragoez/symclf_clean/symclf/examples/4DCartPolerV10/../DET4Fast4D_V10/slsqp_nb.py:993: NumbaWarning: [1m[1m[1m[1mCannot cache compiled function "_lsei" as it uses dynamic globals (such as ctypes pointers and large global arrays)[0m[0m[0m[0m
[36m(GPUFitnessActor pid=3536532, ip=10.10.2.2)[0m   x, f, mode, it = slsqp_solve(kind, seeds[k], lb, ub, op, opr, lit, n_ops, params, v0, rho,
[36m(GPUFitnessActor pid=3536532, ip=10.10.2.2)[0m /home/qaragoez/symclf_clean/symclf/examples/4DCartPolerV10/../DET4Fast4D_V10/slsqp_nb.py:993: NumbaWarning: [1m[1m[1mCannot cache compiled function "_lsq" as it uses dynamic globals (such as ctypes pointers and large global arrays)[0m[0m[0m
[36m(GPUFitnessActor pid=3536532, ip=10.10.2.2)[0m   x, f, mode, it = slsqp_solve(kind, seeds[k], lb, ub, op, opr, lit, n_ops, params, v0, rho,
[36m(GPUFitnessActor pid=3536532, ip=10.10.2.2)[0m /home/qaragoez/symclf_clean/symclf/examples/4DCartPolerV10/../DET4Fast4D_V10/slsqp_nb.py:993: NumbaWarning: [1m[1mCannot cache compiled function "slsqp_solve" as it uses dynamic globals (such as ctypes pointers and large global arrays)[0m[0m
[36m(GPUFitnessActor pid=3536532, ip=10.10.2.2)[0m   x, f, mode, it = slsqp_solve(kind, seeds[k], lb, ub, op, opr, lit, n_ops, params, v0, rho,
[36m(GPUFitnessActor pid=3536536, ip=10.10.2.2)[0m /home/qaragoez/symclf_clean/symclf/examples/4DCartPolerV10/../DET4Fast4D_V10/slsqp_nb.py:993: NumbaWarning: [1m[1m[1m[1m[1m[1m[1mCannot cache compiled function "_nnls" as it uses dynamic globals (such as ctypes pointers and large global arrays)[0m[0m[0m[0m[0m[0m[0m
[36m(GPUFitnessActor pid=3536536, ip=10.10.2.2)[0m   x, f, mode, it = slsqp_solve(kind, seeds[k], lb, ub, op, opr, lit, n_ops, params, v0, rho,
[36m(GPUFitnessActor pid=3536536, ip=10.10.2.2)[0m /home/qaragoez/symclf_clean/symclf/examples/4DCartPolerV10/../DET4Fast4D_V10/slsqp_nb.py:993: NumbaWarning: [1m[1m[1m[1m[1m[1mCannot cache compiled function "_ldp" as it uses dynamic globals (such as ctypes pointers and large global arrays)[0m[0m[0m[0m[0m[0m
[36m(GPUFitnessActor pid=3536536, ip=10.10.2.2)[0m   x, f, mode, it = slsqp_solve(kind, seeds[k], lb, ub, op, opr, lit, n_ops, params, v0, rho,
[36m(GPUFitnessActor pid=3536536, ip=10.10.2.2)[0m /home/qaragoez/symclf_clean/symclf/examples/4DCartPolerV10/../DET4Fast4D_V10/slsqp_nb.py:993: NumbaWarning: [1m[1m[1m[1m[1mCannot cache compiled function "_lsi" as it uses dynamic globals (such as ctypes pointers and large global arrays)[0m[0m[0m[0m[0m
[36m(GPUFitnessActor pid=3536536, ip=10.10.2.2)[0m   x, f, mode, it = slsqp_solve(kind, seeds[k], lb, ub, op, opr, lit, n_ops, params, v0, rho,
[36m(GPUFitnessActor pid=3536536, ip=10.10.2.2)[0m /home/qaragoez/symclf_clean/symclf/examples/4DCartPolerV10/../DET4Fast4D_V10/slsqp_nb.py:993: NumbaWarning: [1m[1m[1m[1mCannot cache compiled function "_lsei" as it uses dynamic globals (such as ctypes pointers and large global arrays)[0m[0m[0m[0m
[36m(GPUFitnessActor pid=3536536, ip=10.10.2.2)[0m   x, f, mode, it = slsqp_solve(kind, seeds[k], lb, ub, op, opr, lit, n_ops, params, v0, rho,
[36m(GPUFitnessActor pid=3536536, ip=10.10.2.2)[0m /home/qaragoez/symclf_clean/symclf/examples/4DCartPolerV10/../DET4Fast4D_V10/slsqp_nb.py:993: NumbaWarning: [1m[1m[1mCannot cache compiled function "_lsq" as it uses dynamic globals (such as ctypes pointers and large global arrays)[0m[0m[0m
[36m(GPUFitnessActor pid=3536536, ip=10.10.2.2)[0m   x, f, mode, it = slsqp_solve(kind, seeds[k], lb, ub, op, opr, lit, n_ops, params, v0, rho,
[36m(GPUFitnessActor pid=3536536, ip=10.10.2.2)[0m /home/qaragoez/symclf_clean/symclf/examples/4DCartPolerV10/../DET4Fast4D_V10/slsqp_nb.py:993: NumbaWarning: [1m[1mCannot cache compiled function "slsqp_solve" as it uses dynamic globals (such as ctypes pointers and large global arrays)[0m[0m
[36m(GPUFitnessActor pid=3536536, ip=10.10.2.2)[0m   x, f, mode, it = slsqp_solve(kind, seeds[k], lb, ub, op, opr, lit, n_ops, params, v0, rho,
[36m(GPUFitnessActor pid=3536537, ip=10.10.2.2)[0m /home/qaragoez/symclf_clean/symclf/examples/4DCartPolerV10/../DET4Fast4D_V10/slsqp_nb.py:993: NumbaWarning: [1m[1m[1m[1m[1m[1m[1mCannot cache compiled function "_nnls" as it uses dynamic globals (such as ctypes pointers and large global arrays)[0m[0m[0m[0m[0m[0m[0m
[36m(GPUFitnessActor pid=3536537, ip=10.10.2.2)[0m   x, f, mode, it = slsqp_solve(kind, seeds[k], lb, ub, op, opr, lit, n_ops, params, v0, rho,
[36m(GPUFitnessActor pid=3536537, ip=10.10.2.2)[0m /home/qaragoez/symclf_clean/symclf/examples/4DCartPolerV10/../DET4Fast4D_V10/slsqp_nb.py:993: NumbaWarning: [1m[1m[1m[1m[1m[1mCannot cache compiled function "_ldp" as it uses dynamic globals (such as ctypes pointers and large global arrays)[0m[0m[0m[0m[0m[0m
[36m(GPUFitnessActor pid=3536537, ip=10.10.2.2)[0m   x, f, mode, it = slsqp_solve(kind, seeds[k], lb, ub, op, opr, lit, n_ops, params, v0, rho,
[36m(GPUFitnessActor pid=3536537, ip=10.10.2.2)[0m /home/qaragoez/symclf_clean/symclf/examples/4DCartPolerV10/../DET4Fast4D_V10/slsqp_nb.py:993: NumbaWarning: [1m[1m[1m[1m[1mCannot cache compiled function "_lsi" as it uses dynamic globals (such as ctypes pointers and large global arrays)[0m[0m[0m[0m[0m
[36m(GPUFitnessActor pid=3536537, ip=10.10.2.2)[0m   x, f, mode, it = slsqp_solve(kind, seeds[k], lb, ub, op, opr, lit, n_ops, params, v0, rho,
[36m(GPUFitnessActor pid=3536537, ip=10.10.2.2)[0m /home/qaragoez/symclf_clean/symclf/examples/4DCartPolerV10/../DET4Fast4D_V10/slsqp_nb.py:993: NumbaWarning: [1m[1m[1m[1mCannot cache compiled function "_lsei" as it uses dynamic globals (such as ctypes pointers and large global arrays)[0m[0m[0m[0m
[36m(GPUFitnessActor pid=3536537, ip=10.10.2.2)[0m   x, f, mode, it = slsqp_solve(kind, seeds[k], lb, ub, op, opr, lit, n_ops, params, v0, rho,
[36m(GPUFitnessActor pid=3536537, ip=10.10.2.2)[0m /home/qaragoez/symclf_clean/symclf/examples/4DCartPolerV10/../DET4Fast4D_V10/slsqp_nb.py:993: NumbaWarning: [1m[1m[1mCannot cache compiled function "_lsq" as it uses dynamic globals (such as ctypes pointers and large global arrays)[0m[0m[0m
[36m(GPUFitnessActor pid=3536537, ip=10.10.2.2)[0m   x, f, mode, it = slsqp_solve(kind, seeds[k], lb, ub, op, opr, lit, n_ops, params, v0, rho,
[36m(GPUFitnessActor pid=3536537, ip=10.10.2.2)[0m /home/qaragoez/symclf_clean/symclf/examples/4DCartPolerV10/../DET4Fast4D_V10/slsqp_nb.py:993: NumbaWarning: [1m[1mCannot cache compiled function "slsqp_solve" as it uses dynamic globals (such as ctypes pointers and large global arrays)[0m[0m
[36m(GPUFitnessActor pid=3536537, ip=10.10.2.2)[0m   x, f, mode, it = slsqp_solve(kind, seeds[k], lb, ub, op, opr, lit, n_ops, params, v0, rho,
[36m(GPUFitnessActor pid=3536534, ip=10.10.2.2)[0m /home/qaragoez/symclf_clean/symclf/examples/4DCartPolerV10/../DET4Fast4D_V10/slsqp_nb.py:984: NumbaWarning: [1mCannot cache compiled function "slsqp_many" as it uses dynamic globals (such as ctypes pointers and large global arrays)[0m
[36m(GPUFitnessActor pid=3536534, ip=10.10.2.2)[0m   @njit(cache=True, parallel=True)
[36m(GPUFitnessActor pid=3536533, ip=10.10.2.2)[0m /home/qaragoez/symclf_clean/symclf/examples/4DCartPolerV10/../DET4Fast4D_V10/slsqp_nb.py:984: NumbaWarning: [1mCannot cache compiled function "slsqp_many" as it uses dynamic globals (such as ctypes pointers and large global arrays)[0m
[36m(GPUFitnessActor pid=3536533, ip=10.10.2.2)[0m   @njit(cache=True, parallel=True)
[36m(GPUFitnessActor pid=3536535, ip=10.10.2.2)[0m /home/qaragoez/symclf_clean/symclf/examples/4DCartPolerV10/../DET4Fast4D_V10/slsqp_nb.py:984: NumbaWarning: [1mCannot cache compiled function "slsqp_many" as it uses dynamic globals (such as ctypes pointers and large global arrays)[0m
[36m(GPUFitnessActor pid=3536535, ip=10.10.2.2)[0m   @njit(cache=True, parallel=True)
[36m(GPUFitnessActor pid=3536536, ip=10.10.2.2)[0m /home/qaragoez/symclf_clean/symclf/examples/4DCartPolerV10/../DET4Fast4D_V10/slsqp_nb.py:984: NumbaWarning: [1mCannot cache compiled function "slsqp_many" as it uses dynamic globals (such as ctypes pointers and large global arrays)[0m
[36m(GPUFitnessActor pid=3536536, ip=10.10.2.2)[0m   @njit(cache=True, parallel=True)
[36m(GPUFitnessActor pid=3536532, ip=10.10.2.2)[0m /home/qaragoez/symclf_clean/symclf/examples/4DCartPolerV10/../DET4Fast4D_V10/slsqp_nb.py:984: NumbaWarning: [1mCannot cache compiled function "slsqp_many" as it uses dynamic globals (such as ctypes pointers and large global arrays)[0m
[36m(GPUFitnessActor pid=3536532, ip=10.10.2.2)[0m   @njit(cache=True, parallel=True)
[36m(GPUFitnessActor pid=3536537, ip=10.10.2.2)[0m /home/qaragoez/symclf_clean/symclf/examples/4DCartPolerV10/../DET4Fast4D_V10/slsqp_nb.py:984: NumbaWarning: [1mCannot cache compiled function "slsqp_many" as it uses dynamic globals (such as ctypes pointers and large global arrays)[0m
[36m(GPUFitnessActor pid=3536537, ip=10.10.2.2)[0m   @njit(cache=True, parallel=True)
[2026-09-20T05:15:29.533] error: *** STEP 147886.7 ON s02n02 CANCELLED AT 2026-09-20T05:15:29 DUE to SIGNAL Terminated ***
[2026-09-20T05:15:29.534] error: *** STEP 147886.5 ON s02n02 CANCELLED AT 2026-09-20T05:15:29 DUE to SIGNAL Terminated ***
srun: Job step aborted: Waiting up to 32 seconds for job step to finish.
srun: Job step aborted: Waiting up to 32 seconds for job step to finish.
srun: Job step aborted: Waiting up to 32 seconds for job step to finish.
srun: Job step aborted: Waiting up to 32 seconds for job step to finish.
[2026-09-20T05:15:29.692] error: *** STEP 147886.4 ON s02n01 CANCELLED AT 2026-09-20T05:15:29 DUE to SIGNAL Terminated ***
[2026-09-20T05:15:29.702] error: *** JOB 147886 ON s02n01 CANCELLED AT 2026-09-20T05:15:29 DUE to SIGNAL Terminated ***
[2026-09-20T05:15:29.709] error: *** STEP 147886.6 ON s02n01 CANCELLED AT 2026-09-20T05:15:29 DUE to SIGNAL Terminated ***
[2026-09-20 05:15:29,730 E 3259850 3259910] core_worker.cc:475: :info_message: Attempting to recover 3 lost objects by resubmitting their tasks or setting a new primary location from existing copies. To disable object reconstruction, set @ray.remote(max_retries=0).
srun: forcing job termination
srun: forcing job termination
srun: error: s02n01: task 0: Exited with exit code 1
srun: Terminating StepId=147886.4
srun: error: s02n02: task 0: Exited with exit code 1
srun: Terminating StepId=147886.5
