2026-09-20 21:05:54,483	INFO worker.py:1814 -- Connecting to existing Ray cluster at address: 10.10.2.1:47950...
2026-09-20 21:05:54,542	INFO worker.py:2012 -- Connected to Ray cluster.
/tmp/flex_147950/lib/python3.12/site-packages/ray/_private/worker.py:2051: FutureWarning: Tip: In future versions of Ray, Ray will no longer override accelerator visible devices env var if num_gpus=0 or num_gpus=None (default). To enable this behavior and turn off this error message, set RAY_ACCEL_ENV_VAR_OVERRIDE_ON_ZERO=0
  warnings.warn(
[36m(GPUFitnessActor pid=3676289)[0m /home/qaragoez/symclf_clean/symclf/examples/4DCartPolerV10/../DET4Fast4D_V10/slsqp_nb.py:993: NumbaWarning: [1m[1m[1m[1m[1m[1m[1mCannot cache compiled function "_nnls" as it uses dynamic globals (such as ctypes pointers and large global arrays)[0m[0m[0m[0m[0m[0m[0m
[36m(GPUFitnessActor pid=3676289)[0m   x, f, mode, it = slsqp_solve(kind, seeds[k], lb, ub, op, opr, lit, n_ops, params, v0, rho,
[36m(GPUFitnessActor pid=3676289)[0m /home/qaragoez/symclf_clean/symclf/examples/4DCartPolerV10/../DET4Fast4D_V10/slsqp_nb.py:993: NumbaWarning: [1m[1m[1m[1m[1m[1mCannot cache compiled function "_ldp" as it uses dynamic globals (such as ctypes pointers and large global arrays)[0m[0m[0m[0m[0m[0m
[36m(GPUFitnessActor pid=3676289)[0m   x, f, mode, it = slsqp_solve(kind, seeds[k], lb, ub, op, opr, lit, n_ops, params, v0, rho,
[36m(GPUFitnessActor pid=3676289)[0m /home/qaragoez/symclf_clean/symclf/examples/4DCartPolerV10/../DET4Fast4D_V10/slsqp_nb.py:993: NumbaWarning: [1m[1m[1m[1m[1mCannot cache compiled function "_lsi" as it uses dynamic globals (such as ctypes pointers and large global arrays)[0m[0m[0m[0m[0m
[36m(GPUFitnessActor pid=3676289)[0m   x, f, mode, it = slsqp_solve(kind, seeds[k], lb, ub, op, opr, lit, n_ops, params, v0, rho,
[36m(GPUFitnessActor pid=3676289)[0m /home/qaragoez/symclf_clean/symclf/examples/4DCartPolerV10/../DET4Fast4D_V10/slsqp_nb.py:993: NumbaWarning: [1m[1m[1m[1mCannot cache compiled function "_lsei" as it uses dynamic globals (such as ctypes pointers and large global arrays)[0m[0m[0m[0m
[36m(GPUFitnessActor pid=3676289)[0m   x, f, mode, it = slsqp_solve(kind, seeds[k], lb, ub, op, opr, lit, n_ops, params, v0, rho,
[36m(GPUFitnessActor pid=3676289)[0m /home/qaragoez/symclf_clean/symclf/examples/4DCartPolerV10/../DET4Fast4D_V10/slsqp_nb.py:993: NumbaWarning: [1m[1m[1mCannot cache compiled function "_lsq" as it uses dynamic globals (such as ctypes pointers and large global arrays)[0m[0m[0m
[36m(GPUFitnessActor pid=3676289)[0m   x, f, mode, it = slsqp_solve(kind, seeds[k], lb, ub, op, opr, lit, n_ops, params, v0, rho,
[36m(GPUFitnessActor pid=3676289)[0m /home/qaragoez/symclf_clean/symclf/examples/4DCartPolerV10/../DET4Fast4D_V10/slsqp_nb.py:993: NumbaWarning: [1m[1mCannot cache compiled function "slsqp_solve" as it uses dynamic globals (such as ctypes pointers and large global arrays)[0m[0m
[36m(GPUFitnessActor pid=3676289)[0m   x, f, mode, it = slsqp_solve(kind, seeds[k], lb, ub, op, opr, lit, n_ops, params, v0, rho,
[36m(GPUFitnessActor pid=3676289)[0m /home/qaragoez/symclf_clean/symclf/examples/4DCartPolerV10/../DET4Fast4D_V10/slsqp_nb.py:984: NumbaWarning: [1mCannot cache compiled function "slsqp_many" as it uses dynamic globals (such as ctypes pointers and large global arrays)[0m
[36m(GPUFitnessActor pid=3676289)[0m   @njit(cache=True, parallel=True)
[36m(CPUDet4Actor pid=3679541)[0m /home/qaragoez/symclf_clean/symclf/examples/4DCartPolerV10/../DET4Fast4D_V10/slsqp_nb.py:993: NumbaWarning: [1m[1m[1m[1m[1m[1m[1mCannot cache compiled function "_nnls" as it uses dynamic globals (such as ctypes pointers and large global arrays)[0m[0m[0m[0m[0m[0m[0m
[36m(CPUDet4Actor pid=3679541)[0m   x, f, mode, it = slsqp_solve(kind, seeds[k], lb, ub, op, opr, lit, n_ops, params, v0, rho,
[36m(CPUDet4Actor pid=3679541)[0m /home/qaragoez/symclf_clean/symclf/examples/4DCartPolerV10/../DET4Fast4D_V10/slsqp_nb.py:993: NumbaWarning: [1m[1m[1m[1m[1m[1mCannot cache compiled function "_ldp" as it uses dynamic globals (such as ctypes pointers and large global arrays)[0m[0m[0m[0m[0m[0m
[36m(CPUDet4Actor pid=3679541)[0m   x, f, mode, it = slsqp_solve(kind, seeds[k], lb, ub, op, opr, lit, n_ops, params, v0, rho,
[36m(CPUDet4Actor pid=3679541)[0m /home/qaragoez/symclf_clean/symclf/examples/4DCartPolerV10/../DET4Fast4D_V10/slsqp_nb.py:993: NumbaWarning: [1m[1m[1m[1m[1mCannot cache compiled function "_lsi" as it uses dynamic globals (such as ctypes pointers and large global arrays)[0m[0m[0m[0m[0m
[36m(CPUDet4Actor pid=3679541)[0m   x, f, mode, it = slsqp_solve(kind, seeds[k], lb, ub, op, opr, lit, n_ops, params, v0, rho,
[36m(CPUDet4Actor pid=3679541)[0m /home/qaragoez/symclf_clean/symclf/examples/4DCartPolerV10/../DET4Fast4D_V10/slsqp_nb.py:993: NumbaWarning: [1m[1m[1m[1mCannot cache compiled function "_lsei" as it uses dynamic globals (such as ctypes pointers and large global arrays)[0m[0m[0m[0m
[36m(CPUDet4Actor pid=3679541)[0m   x, f, mode, it = slsqp_solve(kind, seeds[k], lb, ub, op, opr, lit, n_ops, params, v0, rho,
[36m(CPUDet4Actor pid=3679541)[0m /home/qaragoez/symclf_clean/symclf/examples/4DCartPolerV10/../DET4Fast4D_V10/slsqp_nb.py:993: NumbaWarning: [1m[1m[1mCannot cache compiled function "_lsq" as it uses dynamic globals (such as ctypes pointers and large global arrays)[0m[0m[0m
[36m(CPUDet4Actor pid=3679541)[0m   x, f, mode, it = slsqp_solve(kind, seeds[k], lb, ub, op, opr, lit, n_ops, params, v0, rho,
[36m(CPUDet4Actor pid=3679541)[0m /home/qaragoez/symclf_clean/symclf/examples/4DCartPolerV10/../DET4Fast4D_V10/slsqp_nb.py:993: NumbaWarning: [1m[1mCannot cache compiled function "slsqp_solve" as it uses dynamic globals (such as ctypes pointers and large global arrays)[0m[0m
[36m(CPUDet4Actor pid=3679541)[0m   x, f, mode, it = slsqp_solve(kind, seeds[k], lb, ub, op, opr, lit, n_ops, params, v0, rho,
[36m(CPUDet4Actor pid=3679550)[0m /home/qaragoez/symclf_clean/symclf/examples/4DCartPolerV10/../DET4Fast4D_V10/slsqp_nb.py:993: NumbaWarning: [1m[1m[1m[1m[1m[1m[1mCannot cache compiled function "_nnls" as it uses dynamic globals (such as ctypes pointers and large global arrays)[0m[0m[0m[0m[0m[0m[0m
[36m(CPUDet4Actor pid=3679550)[0m   x, f, mode, it = slsqp_solve(kind, seeds[k], lb, ub, op, opr, lit, n_ops, params, v0, rho,
[36m(CPUDet4Actor pid=3679550)[0m /home/qaragoez/symclf_clean/symclf/examples/4DCartPolerV10/../DET4Fast4D_V10/slsqp_nb.py:993: NumbaWarning: [1m[1m[1m[1m[1m[1mCannot cache compiled function "_ldp" as it uses dynamic globals (such as ctypes pointers and large global arrays)[0m[0m[0m[0m[0m[0m
[36m(CPUDet4Actor pid=3679550)[0m   x, f, mode, it = slsqp_solve(kind, seeds[k], lb, ub, op, opr, lit, n_ops, params, v0, rho,
[36m(CPUDet4Actor pid=3679550)[0m /home/qaragoez/symclf_clean/symclf/examples/4DCartPolerV10/../DET4Fast4D_V10/slsqp_nb.py:993: NumbaWarning: [1m[1m[1m[1m[1mCannot cache compiled function "_lsi" as it uses dynamic globals (such as ctypes pointers and large global arrays)[0m[0m[0m[0m[0m
[36m(CPUDet4Actor pid=3679550)[0m   x, f, mode, it = slsqp_solve(kind, seeds[k], lb, ub, op, opr, lit, n_ops, params, v0, rho,
[36m(CPUDet4Actor pid=3679550)[0m /home/qaragoez/symclf_clean/symclf/examples/4DCartPolerV10/../DET4Fast4D_V10/slsqp_nb.py:993: NumbaWarning: [1m[1m[1m[1mCannot cache compiled function "_lsei" as it uses dynamic globals (such as ctypes pointers and large global arrays)[0m[0m[0m[0m
[36m(CPUDet4Actor pid=3679550)[0m   x, f, mode, it = slsqp_solve(kind, seeds[k], lb, ub, op, opr, lit, n_ops, params, v0, rho,
[36m(CPUDet4Actor pid=3679550)[0m /home/qaragoez/symclf_clean/symclf/examples/4DCartPolerV10/../DET4Fast4D_V10/slsqp_nb.py:993: NumbaWarning: [1m[1m[1mCannot cache compiled function "_lsq" as it uses dynamic globals (such as ctypes pointers and large global arrays)[0m[0m[0m
[36m(CPUDet4Actor pid=3679550)[0m   x, f, mode, it = slsqp_solve(kind, seeds[k], lb, ub, op, opr, lit, n_ops, params, v0, rho,
[36m(CPUDet4Actor pid=3679550)[0m /home/qaragoez/symclf_clean/symclf/examples/4DCartPolerV10/../DET4Fast4D_V10/slsqp_nb.py:993: NumbaWarning: [1m[1mCannot cache compiled function "slsqp_solve" as it uses dynamic globals (such as ctypes pointers and large global arrays)[0m[0m
[36m(CPUDet4Actor pid=3679550)[0m   x, f, mode, it = slsqp_solve(kind, seeds[k], lb, ub, op, opr, lit, n_ops, params, v0, rho,
[36m(CPUDet4Actor pid=3679554)[0m /home/qaragoez/symclf_clean/symclf/examples/4DCartPolerV10/../DET4Fast4D_V10/slsqp_nb.py:993: NumbaWarning: [1m[1m[1m[1m[1m[1m[1mCannot cache compiled function "_nnls" as it uses dynamic globals (such as ctypes pointers and large global arrays)[0m[0m[0m[0m[0m[0m[0m
[36m(CPUDet4Actor pid=3679554)[0m   x, f, mode, it = slsqp_solve(kind, seeds[k], lb, ub, op, opr, lit, n_ops, params, v0, rho,
[36m(CPUDet4Actor pid=3679554)[0m /home/qaragoez/symclf_clean/symclf/examples/4DCartPolerV10/../DET4Fast4D_V10/slsqp_nb.py:993: NumbaWarning: [1m[1m[1m[1m[1m[1mCannot cache compiled function "_ldp" as it uses dynamic globals (such as ctypes pointers and large global arrays)[0m[0m[0m[0m[0m[0m
[36m(CPUDet4Actor pid=3679554)[0m   x, f, mode, it = slsqp_solve(kind, seeds[k], lb, ub, op, opr, lit, n_ops, params, v0, rho,
[36m(CPUDet4Actor pid=3679554)[0m /home/qaragoez/symclf_clean/symclf/examples/4DCartPolerV10/../DET4Fast4D_V10/slsqp_nb.py:993: NumbaWarning: [1m[1m[1m[1m[1mCannot cache compiled function "_lsi" as it uses dynamic globals (such as ctypes pointers and large global arrays)[0m[0m[0m[0m[0m
[36m(CPUDet4Actor pid=3679554)[0m   x, f, mode, it = slsqp_solve(kind, seeds[k], lb, ub, op, opr, lit, n_ops, params, v0, rho,
[36m(CPUDet4Actor pid=3679554)[0m /home/qaragoez/symclf_clean/symclf/examples/4DCartPolerV10/../DET4Fast4D_V10/slsqp_nb.py:993: NumbaWarning: [1m[1m[1m[1mCannot cache compiled function "_lsei" as it uses dynamic globals (such as ctypes pointers and large global arrays)[0m[0m[0m[0m
[36m(CPUDet4Actor pid=3679554)[0m   x, f, mode, it = slsqp_solve(kind, seeds[k], lb, ub, op, opr, lit, n_ops, params, v0, rho,
[36m(CPUDet4Actor pid=3679554)[0m /home/qaragoez/symclf_clean/symclf/examples/4DCartPolerV10/../DET4Fast4D_V10/slsqp_nb.py:993: NumbaWarning: [1m[1m[1mCannot cache compiled function "_lsq" as it uses dynamic globals (such as ctypes pointers and large global arrays)[0m[0m[0m
[36m(CPUDet4Actor pid=3679554)[0m   x, f, mode, it = slsqp_solve(kind, seeds[k], lb, ub, op, opr, lit, n_ops, params, v0, rho,
[36m(CPUDet4Actor pid=3679554)[0m /home/qaragoez/symclf_clean/symclf/examples/4DCartPolerV10/../DET4Fast4D_V10/slsqp_nb.py:993: NumbaWarning: [1m[1mCannot cache compiled function "slsqp_solve" as it uses dynamic globals (such as ctypes pointers and large global arrays)[0m[0m
[36m(CPUDet4Actor pid=3679554)[0m   x, f, mode, it = slsqp_solve(kind, seeds[k], lb, ub, op, opr, lit, n_ops, params, v0, rho,
[36m(CPUDet4Actor pid=3679551)[0m /home/qaragoez/symclf_clean/symclf/examples/4DCartPolerV10/../DET4Fast4D_V10/slsqp_nb.py:993: NumbaWarning: [1m[1m[1m[1m[1m[1m[1mCannot cache compiled function "_nnls" as it uses dynamic globals (such as ctypes pointers and large global arrays)[0m[0m[0m[0m[0m[0m[0m
[36m(CPUDet4Actor pid=3679551)[0m   x, f, mode, it = slsqp_solve(kind, seeds[k], lb, ub, op, opr, lit, n_ops, params, v0, rho,
[36m(CPUDet4Actor pid=3679551)[0m /home/qaragoez/symclf_clean/symclf/examples/4DCartPolerV10/../DET4Fast4D_V10/slsqp_nb.py:993: NumbaWarning: [1m[1m[1m[1m[1m[1mCannot cache compiled function "_ldp" as it uses dynamic globals (such as ctypes pointers and large global arrays)[0m[0m[0m[0m[0m[0m
[36m(CPUDet4Actor pid=3679551)[0m   x, f, mode, it = slsqp_solve(kind, seeds[k], lb, ub, op, opr, lit, n_ops, params, v0, rho,
[36m(CPUDet4Actor pid=3679551)[0m /home/qaragoez/symclf_clean/symclf/examples/4DCartPolerV10/../DET4Fast4D_V10/slsqp_nb.py:993: NumbaWarning: [1m[1m[1m[1m[1mCannot cache compiled function "_lsi" as it uses dynamic globals (such as ctypes pointers and large global arrays)[0m[0m[0m[0m[0m
[36m(CPUDet4Actor pid=3679551)[0m   x, f, mode, it = slsqp_solve(kind, seeds[k], lb, ub, op, opr, lit, n_ops, params, v0, rho,
[36m(CPUDet4Actor pid=3679551)[0m /home/qaragoez/symclf_clean/symclf/examples/4DCartPolerV10/../DET4Fast4D_V10/slsqp_nb.py:993: NumbaWarning: [1m[1m[1m[1mCannot cache compiled function "_lsei" as it uses dynamic globals (such as ctypes pointers and large global arrays)[0m[0m[0m[0m
[36m(CPUDet4Actor pid=3679551)[0m   x, f, mode, it = slsqp_solve(kind, seeds[k], lb, ub, op, opr, lit, n_ops, params, v0, rho,
[36m(CPUDet4Actor pid=3679551)[0m /home/qaragoez/symclf_clean/symclf/examples/4DCartPolerV10/../DET4Fast4D_V10/slsqp_nb.py:993: NumbaWarning: [1m[1m[1mCannot cache compiled function "_lsq" as it uses dynamic globals (such as ctypes pointers and large global arrays)[0m[0m[0m
[36m(CPUDet4Actor pid=3679551)[0m   x, f, mode, it = slsqp_solve(kind, seeds[k], lb, ub, op, opr, lit, n_ops, params, v0, rho,
[36m(CPUDet4Actor pid=3679551)[0m /home/qaragoez/symclf_clean/symclf/examples/4DCartPolerV10/../DET4Fast4D_V10/slsqp_nb.py:993: NumbaWarning: [1m[1mCannot cache compiled function "slsqp_solve" as it uses dynamic globals (such as ctypes pointers and large global arrays)[0m[0m
[36m(CPUDet4Actor pid=3679551)[0m   x, f, mode, it = slsqp_solve(kind, seeds[k], lb, ub, op, opr, lit, n_ops, params, v0, rho,
[36m(CPUDet4Actor pid=3679548)[0m /home/qaragoez/symclf_clean/symclf/examples/4DCartPolerV10/../DET4Fast4D_V10/slsqp_nb.py:993: NumbaWarning: [1m[1m[1m[1m[1m[1m[1mCannot cache compiled function "_nnls" as it uses dynamic globals (such as ctypes pointers and large global arrays)[0m[0m[0m[0m[0m[0m[0m
[36m(CPUDet4Actor pid=3679548)[0m   x, f, mode, it = slsqp_solve(kind, seeds[k], lb, ub, op, opr, lit, n_ops, params, v0, rho,
[36m(CPUDet4Actor pid=3679548)[0m /home/qaragoez/symclf_clean/symclf/examples/4DCartPolerV10/../DET4Fast4D_V10/slsqp_nb.py:993: NumbaWarning: [1m[1m[1m[1m[1m[1mCannot cache compiled function "_ldp" as it uses dynamic globals (such as ctypes pointers and large global arrays)[0m[0m[0m[0m[0m[0m
[36m(CPUDet4Actor pid=3679548)[0m   x, f, mode, it = slsqp_solve(kind, seeds[k], lb, ub, op, opr, lit, n_ops, params, v0, rho,
[36m(CPUDet4Actor pid=3679548)[0m /home/qaragoez/symclf_clean/symclf/examples/4DCartPolerV10/../DET4Fast4D_V10/slsqp_nb.py:993: NumbaWarning: [1m[1m[1m[1m[1mCannot cache compiled function "_lsi" as it uses dynamic globals (such as ctypes pointers and large global arrays)[0m[0m[0m[0m[0m
[36m(CPUDet4Actor pid=3679548)[0m   x, f, mode, it = slsqp_solve(kind, seeds[k], lb, ub, op, opr, lit, n_ops, params, v0, rho,
[36m(CPUDet4Actor pid=3679548)[0m /home/qaragoez/symclf_clean/symclf/examples/4DCartPolerV10/../DET4Fast4D_V10/slsqp_nb.py:993: NumbaWarning: [1m[1m[1m[1mCannot cache compiled function "_lsei" as it uses dynamic globals (such as ctypes pointers and large global arrays)[0m[0m[0m[0m
[36m(CPUDet4Actor pid=3679548)[0m   x, f, mode, it = slsqp_solve(kind, seeds[k], lb, ub, op, opr, lit, n_ops, params, v0, rho,
[36m(CPUDet4Actor pid=3679548)[0m /home/qaragoez/symclf_clean/symclf/examples/4DCartPolerV10/../DET4Fast4D_V10/slsqp_nb.py:993: NumbaWarning: [1m[1m[1mCannot cache compiled function "_lsq" as it uses dynamic globals (such as ctypes pointers and large global arrays)[0m[0m[0m
[36m(CPUDet4Actor pid=3679548)[0m   x, f, mode, it = slsqp_solve(kind, seeds[k], lb, ub, op, opr, lit, n_ops, params, v0, rho,
[36m(CPUDet4Actor pid=3679548)[0m /home/qaragoez/symclf_clean/symclf/examples/4DCartPolerV10/../DET4Fast4D_V10/slsqp_nb.py:993: NumbaWarning: [1m[1mCannot cache compiled function "slsqp_solve" as it uses dynamic globals (such as ctypes pointers and large global arrays)[0m[0m
[36m(CPUDet4Actor pid=3679548)[0m   x, f, mode, it = slsqp_solve(kind, seeds[k], lb, ub, op, opr, lit, n_ops, params, v0, rho,
[36m(CPUDet4Actor pid=3679549)[0m /home/qaragoez/symclf_clean/symclf/examples/4DCartPolerV10/../DET4Fast4D_V10/slsqp_nb.py:993: NumbaWarning: [1m[1m[1m[1m[1m[1m[1mCannot cache compiled function "_nnls" as it uses dynamic globals (such as ctypes pointers and large global arrays)[0m[0m[0m[0m[0m[0m[0m
[36m(CPUDet4Actor pid=3679549)[0m   x, f, mode, it = slsqp_solve(kind, seeds[k], lb, ub, op, opr, lit, n_ops, params, v0, rho,
[36m(CPUDet4Actor pid=3679549)[0m /home/qaragoez/symclf_clean/symclf/examples/4DCartPolerV10/../DET4Fast4D_V10/slsqp_nb.py:993: NumbaWarning: [1m[1m[1m[1m[1m[1mCannot cache compiled function "_ldp" as it uses dynamic globals (such as ctypes pointers and large global arrays)[0m[0m[0m[0m[0m[0m
[36m(CPUDet4Actor pid=3679549)[0m   x, f, mode, it = slsqp_solve(kind, seeds[k], lb, ub, op, opr, lit, n_ops, params, v0, rho,
[36m(CPUDet4Actor pid=3679549)[0m /home/qaragoez/symclf_clean/symclf/examples/4DCartPolerV10/../DET4Fast4D_V10/slsqp_nb.py:993: NumbaWarning: [1m[1m[1m[1m[1mCannot cache compiled function "_lsi" as it uses dynamic globals (such as ctypes pointers and large global arrays)[0m[0m[0m[0m[0m
[36m(CPUDet4Actor pid=3679549)[0m   x, f, mode, it = slsqp_solve(kind, seeds[k], lb, ub, op, opr, lit, n_ops, params, v0, rho,
[36m(CPUDet4Actor pid=3679549)[0m /home/qaragoez/symclf_clean/symclf/examples/4DCartPolerV10/../DET4Fast4D_V10/slsqp_nb.py:993: NumbaWarning: [1m[1m[1m[1mCannot cache compiled function "_lsei" as it uses dynamic globals (such as ctypes pointers and large global arrays)[0m[0m[0m[0m
[36m(CPUDet4Actor pid=3679549)[0m   x, f, mode, it = slsqp_solve(kind, seeds[k], lb, ub, op, opr, lit, n_ops, params, v0, rho,
[36m(CPUDet4Actor pid=3679549)[0m /home/qaragoez/symclf_clean/symclf/examples/4DCartPolerV10/../DET4Fast4D_V10/slsqp_nb.py:993: NumbaWarning: [1m[1m[1mCannot cache compiled function "_lsq" as it uses dynamic globals (such as ctypes pointers and large global arrays)[0m[0m[0m
[36m(CPUDet4Actor pid=3679549)[0m   x, f, mode, it = slsqp_solve(kind, seeds[k], lb, ub, op, opr, lit, n_ops, params, v0, rho,
[36m(CPUDet4Actor pid=3679549)[0m /home/qaragoez/symclf_clean/symclf/examples/4DCartPolerV10/../DET4Fast4D_V10/slsqp_nb.py:993: NumbaWarning: [1m[1mCannot cache compiled function "slsqp_solve" as it uses dynamic globals (such as ctypes pointers and large global arrays)[0m[0m
[36m(CPUDet4Actor pid=3679549)[0m   x, f, mode, it = slsqp_solve(kind, seeds[k], lb, ub, op, opr, lit, n_ops, params, v0, rho,
[36m(CPUDet4Actor pid=3679556)[0m /home/qaragoez/symclf_clean/symclf/examples/4DCartPolerV10/../DET4Fast4D_V10/slsqp_nb.py:993: NumbaWarning: [1m[1m[1m[1m[1m[1m[1mCannot cache compiled function "_nnls" as it uses dynamic globals (such as ctypes pointers and large global arrays)[0m[0m[0m[0m[0m[0m[0m
[36m(CPUDet4Actor pid=3679556)[0m   x, f, mode, it = slsqp_solve(kind, seeds[k], lb, ub, op, opr, lit, n_ops, params, v0, rho,
[36m(CPUDet4Actor pid=3679556)[0m /home/qaragoez/symclf_clean/symclf/examples/4DCartPolerV10/../DET4Fast4D_V10/slsqp_nb.py:993: NumbaWarning: [1m[1m[1m[1m[1m[1mCannot cache compiled function "_ldp" as it uses dynamic globals (such as ctypes pointers and large global arrays)[0m[0m[0m[0m[0m[0m
[36m(CPUDet4Actor pid=3679556)[0m   x, f, mode, it = slsqp_solve(kind, seeds[k], lb, ub, op, opr, lit, n_ops, params, v0, rho,
[36m(CPUDet4Actor pid=3679556)[0m /home/qaragoez/symclf_clean/symclf/examples/4DCartPolerV10/../DET4Fast4D_V10/slsqp_nb.py:993: NumbaWarning: [1m[1m[1m[1m[1mCannot cache compiled function "_lsi" as it uses dynamic globals (such as ctypes pointers and large global arrays)[0m[0m[0m[0m[0m
[36m(CPUDet4Actor pid=3679556)[0m   x, f, mode, it = slsqp_solve(kind, seeds[k], lb, ub, op, opr, lit, n_ops, params, v0, rho,
[36m(CPUDet4Actor pid=3679556)[0m /home/qaragoez/symclf_clean/symclf/examples/4DCartPolerV10/../DET4Fast4D_V10/slsqp_nb.py:993: NumbaWarning: [1m[1m[1m[1mCannot cache compiled function "_lsei" as it uses dynamic globals (such as ctypes pointers and large global arrays)[0m[0m[0m[0m
[36m(CPUDet4Actor pid=3679556)[0m   x, f, mode, it = slsqp_solve(kind, seeds[k], lb, ub, op, opr, lit, n_ops, params, v0, rho,
[36m(CPUDet4Actor pid=3679556)[0m /home/qaragoez/symclf_clean/symclf/examples/4DCartPolerV10/../DET4Fast4D_V10/slsqp_nb.py:993: NumbaWarning: [1m[1m[1mCannot cache compiled function "_lsq" as it uses dynamic globals (such as ctypes pointers and large global arrays)[0m[0m[0m
[36m(CPUDet4Actor pid=3679556)[0m   x, f, mode, it = slsqp_solve(kind, seeds[k], lb, ub, op, opr, lit, n_ops, params, v0, rho,
[36m(CPUDet4Actor pid=3679556)[0m /home/qaragoez/symclf_clean/symclf/examples/4DCartPolerV10/../DET4Fast4D_V10/slsqp_nb.py:993: NumbaWarning: [1m[1mCannot cache compiled function "slsqp_solve" as it uses dynamic globals (such as ctypes pointers and large global arrays)[0m[0m
[36m(CPUDet4Actor pid=3679556)[0m   x, f, mode, it = slsqp_solve(kind, seeds[k], lb, ub, op, opr, lit, n_ops, params, v0, rho,
[36m(CPUDet4Actor pid=3679540)[0m /home/qaragoez/symclf_clean/symclf/examples/4DCartPolerV10/../DET4Fast4D_V10/slsqp_nb.py:993: NumbaWarning: [1m[1m[1m[1m[1m[1m[1mCannot cache compiled function "_nnls" as it uses dynamic globals (such as ctypes pointers and large global arrays)[0m[0m[0m[0m[0m[0m[0m
[36m(CPUDet4Actor pid=3679540)[0m   x, f, mode, it = slsqp_solve(kind, seeds[k], lb, ub, op, opr, lit, n_ops, params, v0, rho,
[36m(CPUDet4Actor pid=3679540)[0m /home/qaragoez/symclf_clean/symclf/examples/4DCartPolerV10/../DET4Fast4D_V10/slsqp_nb.py:993: NumbaWarning: [1m[1m[1m[1m[1m[1mCannot cache compiled function "_ldp" as it uses dynamic globals (such as ctypes pointers and large global arrays)[0m[0m[0m[0m[0m[0m
[36m(CPUDet4Actor pid=3679540)[0m   x, f, mode, it = slsqp_solve(kind, seeds[k], lb, ub, op, opr, lit, n_ops, params, v0, rho,
[36m(CPUDet4Actor pid=3679540)[0m /home/qaragoez/symclf_clean/symclf/examples/4DCartPolerV10/../DET4Fast4D_V10/slsqp_nb.py:993: NumbaWarning: [1m[1m[1m[1m[1mCannot cache compiled function "_lsi" as it uses dynamic globals (such as ctypes pointers and large global arrays)[0m[0m[0m[0m[0m
[36m(CPUDet4Actor pid=3679540)[0m   x, f, mode, it = slsqp_solve(kind, seeds[k], lb, ub, op, opr, lit, n_ops, params, v0, rho,
[36m(CPUDet4Actor pid=3679540)[0m /home/qaragoez/symclf_clean/symclf/examples/4DCartPolerV10/../DET4Fast4D_V10/slsqp_nb.py:993: NumbaWarning: [1m[1m[1m[1mCannot cache compiled function "_lsei" as it uses dynamic globals (such as ctypes pointers and large global arrays)[0m[0m[0m[0m
[36m(CPUDet4Actor pid=3679540)[0m   x, f, mode, it = slsqp_solve(kind, seeds[k], lb, ub, op, opr, lit, n_ops, params, v0, rho,
[36m(CPUDet4Actor pid=3679540)[0m /home/qaragoez/symclf_clean/symclf/examples/4DCartPolerV10/../DET4Fast4D_V10/slsqp_nb.py:993: NumbaWarning: [1m[1m[1mCannot cache compiled function "_lsq" as it uses dynamic globals (such as ctypes pointers and large global arrays)[0m[0m[0m
[36m(CPUDet4Actor pid=3679540)[0m   x, f, mode, it = slsqp_solve(kind, seeds[k], lb, ub, op, opr, lit, n_ops, params, v0, rho,
[36m(CPUDet4Actor pid=3679540)[0m /home/qaragoez/symclf_clean/symclf/examples/4DCartPolerV10/../DET4Fast4D_V10/slsqp_nb.py:993: NumbaWarning: [1m[1mCannot cache compiled function "slsqp_solve" as it uses dynamic globals (such as ctypes pointers and large global arrays)[0m[0m
[36m(CPUDet4Actor pid=3679540)[0m   x, f, mode, it = slsqp_solve(kind, seeds[k], lb, ub, op, opr, lit, n_ops, params, v0, rho,
[36m(CPUDet4Actor pid=3679552)[0m /home/qaragoez/symclf_clean/symclf/examples/4DCartPolerV10/../DET4Fast4D_V10/slsqp_nb.py:993: NumbaWarning: [1m[1m[1m[1m[1m[1m[1mCannot cache compiled function "_nnls" as it uses dynamic globals (such as ctypes pointers and large global arrays)[0m[0m[0m[0m[0m[0m[0m
[36m(CPUDet4Actor pid=3679552)[0m   x, f, mode, it = slsqp_solve(kind, seeds[k], lb, ub, op, opr, lit, n_ops, params, v0, rho,
[36m(CPUDet4Actor pid=3679552)[0m /home/qaragoez/symclf_clean/symclf/examples/4DCartPolerV10/../DET4Fast4D_V10/slsqp_nb.py:993: NumbaWarning: [1m[1m[1m[1m[1m[1mCannot cache compiled function "_ldp" as it uses dynamic globals (such as ctypes pointers and large global arrays)[0m[0m[0m[0m[0m[0m
[36m(CPUDet4Actor pid=3679552)[0m   x, f, mode, it = slsqp_solve(kind, seeds[k], lb, ub, op, opr, lit, n_ops, params, v0, rho,
[36m(CPUDet4Actor pid=3679552)[0m /home/qaragoez/symclf_clean/symclf/examples/4DCartPolerV10/../DET4Fast4D_V10/slsqp_nb.py:993: NumbaWarning: [1m[1m[1m[1m[1mCannot cache compiled function "_lsi" as it uses dynamic globals (such as ctypes pointers and large global arrays)[0m[0m[0m[0m[0m
[36m(CPUDet4Actor pid=3679552)[0m   x, f, mode, it = slsqp_solve(kind, seeds[k], lb, ub, op, opr, lit, n_ops, params, v0, rho,
[36m(CPUDet4Actor pid=3679552)[0m /home/qaragoez/symclf_clean/symclf/examples/4DCartPolerV10/../DET4Fast4D_V10/slsqp_nb.py:993: NumbaWarning: [1m[1m[1m[1mCannot cache compiled function "_lsei" as it uses dynamic globals (such as ctypes pointers and large global arrays)[0m[0m[0m[0m
[36m(CPUDet4Actor pid=3679552)[0m   x, f, mode, it = slsqp_solve(kind, seeds[k], lb, ub, op, opr, lit, n_ops, params, v0, rho,
[36m(CPUDet4Actor pid=3679552)[0m /home/qaragoez/symclf_clean/symclf/examples/4DCartPolerV10/../DET4Fast4D_V10/slsqp_nb.py:993: NumbaWarning: [1m[1m[1mCannot cache compiled function "_lsq" as it uses dynamic globals (such as ctypes pointers and large global arrays)[0m[0m[0m
[36m(CPUDet4Actor pid=3679552)[0m   x, f, mode, it = slsqp_solve(kind, seeds[k], lb, ub, op, opr, lit, n_ops, params, v0, rho,
[36m(CPUDet4Actor pid=3679552)[0m /home/qaragoez/symclf_clean/symclf/examples/4DCartPolerV10/../DET4Fast4D_V10/slsqp_nb.py:993: NumbaWarning: [1m[1mCannot cache compiled function "slsqp_solve" as it uses dynamic globals (such as ctypes pointers and large global arrays)[0m[0m
[36m(CPUDet4Actor pid=3679552)[0m   x, f, mode, it = slsqp_solve(kind, seeds[k], lb, ub, op, opr, lit, n_ops, params, v0, rho,
[36m(CPUDet4Actor pid=3679539)[0m /home/qaragoez/symclf_clean/symclf/examples/4DCartPolerV10/../DET4Fast4D_V10/slsqp_nb.py:993: NumbaWarning: [1m[1m[1m[1m[1m[1m[1mCannot cache compiled function "_nnls" as it uses dynamic globals (such as ctypes pointers and large global arrays)[0m[0m[0m[0m[0m[0m[0m
[36m(CPUDet4Actor pid=3679539)[0m   x, f, mode, it = slsqp_solve(kind, seeds[k], lb, ub, op, opr, lit, n_ops, params, v0, rho,
[36m(CPUDet4Actor pid=3679539)[0m /home/qaragoez/symclf_clean/symclf/examples/4DCartPolerV10/../DET4Fast4D_V10/slsqp_nb.py:993: NumbaWarning: [1m[1m[1m[1m[1m[1mCannot cache compiled function "_ldp" as it uses dynamic globals (such as ctypes pointers and large global arrays)[0m[0m[0m[0m[0m[0m
[36m(CPUDet4Actor pid=3679539)[0m   x, f, mode, it = slsqp_solve(kind, seeds[k], lb, ub, op, opr, lit, n_ops, params, v0, rho,
[36m(CPUDet4Actor pid=3679539)[0m /home/qaragoez/symclf_clean/symclf/examples/4DCartPolerV10/../DET4Fast4D_V10/slsqp_nb.py:993: NumbaWarning: [1m[1m[1m[1m[1mCannot cache compiled function "_lsi" as it uses dynamic globals (such as ctypes pointers and large global arrays)[0m[0m[0m[0m[0m
[36m(CPUDet4Actor pid=3679539)[0m   x, f, mode, it = slsqp_solve(kind, seeds[k], lb, ub, op, opr, lit, n_ops, params, v0, rho,
[36m(CPUDet4Actor pid=3679539)[0m /home/qaragoez/symclf_clean/symclf/examples/4DCartPolerV10/../DET4Fast4D_V10/slsqp_nb.py:993: NumbaWarning: [1m[1m[1m[1mCannot cache compiled function "_lsei" as it uses dynamic globals (such as ctypes pointers and large global arrays)[0m[0m[0m[0m
[36m(CPUDet4Actor pid=3679539)[0m   x, f, mode, it = slsqp_solve(kind, seeds[k], lb, ub, op, opr, lit, n_ops, params, v0, rho,
[36m(CPUDet4Actor pid=3679539)[0m /home/qaragoez/symclf_clean/symclf/examples/4DCartPolerV10/../DET4Fast4D_V10/slsqp_nb.py:993: NumbaWarning: [1m[1m[1mCannot cache compiled function "_lsq" as it uses dynamic globals (such as ctypes pointers and large global arrays)[0m[0m[0m
[36m(CPUDet4Actor pid=3679539)[0m   x, f, mode, it = slsqp_solve(kind, seeds[k], lb, ub, op, opr, lit, n_ops, params, v0, rho,
[36m(CPUDet4Actor pid=3679539)[0m /home/qaragoez/symclf_clean/symclf/examples/4DCartPolerV10/../DET4Fast4D_V10/slsqp_nb.py:993: NumbaWarning: [1m[1mCannot cache compiled function "slsqp_solve" as it uses dynamic globals (such as ctypes pointers and large global arrays)[0m[0m
[36m(CPUDet4Actor pid=3679539)[0m   x, f, mode, it = slsqp_solve(kind, seeds[k], lb, ub, op, opr, lit, n_ops, params, v0, rho,
[36m(CPUDet4Actor pid=3679542)[0m /home/qaragoez/symclf_clean/symclf/examples/4DCartPolerV10/../DET4Fast4D_V10/slsqp_nb.py:993: NumbaWarning: [1m[1m[1m[1m[1m[1m[1mCannot cache compiled function "_nnls" as it uses dynamic globals (such as ctypes pointers and large global arrays)[0m[0m[0m[0m[0m[0m[0m
[36m(CPUDet4Actor pid=3679542)[0m   x, f, mode, it = slsqp_solve(kind, seeds[k], lb, ub, op, opr, lit, n_ops, params, v0, rho,
[36m(CPUDet4Actor pid=3679542)[0m /home/qaragoez/symclf_clean/symclf/examples/4DCartPolerV10/../DET4Fast4D_V10/slsqp_nb.py:993: NumbaWarning: [1m[1m[1m[1m[1m[1mCannot cache compiled function "_ldp" as it uses dynamic globals (such as ctypes pointers and large global arrays)[0m[0m[0m[0m[0m[0m
[36m(CPUDet4Actor pid=3679542)[0m   x, f, mode, it = slsqp_solve(kind, seeds[k], lb, ub, op, opr, lit, n_ops, params, v0, rho,
[36m(CPUDet4Actor pid=3679542)[0m /home/qaragoez/symclf_clean/symclf/examples/4DCartPolerV10/../DET4Fast4D_V10/slsqp_nb.py:993: NumbaWarning: [1m[1m[1m[1m[1mCannot cache compiled function "_lsi" as it uses dynamic globals (such as ctypes pointers and large global arrays)[0m[0m[0m[0m[0m
[36m(CPUDet4Actor pid=3679542)[0m   x, f, mode, it = slsqp_solve(kind, seeds[k], lb, ub, op, opr, lit, n_ops, params, v0, rho,
[36m(CPUDet4Actor pid=3679542)[0m /home/qaragoez/symclf_clean/symclf/examples/4DCartPolerV10/../DET4Fast4D_V10/slsqp_nb.py:993: NumbaWarning: [1m[1m[1m[1mCannot cache compiled function "_lsei" as it uses dynamic globals (such as ctypes pointers and large global arrays)[0m[0m[0m[0m
[36m(CPUDet4Actor pid=3679542)[0m   x, f, mode, it = slsqp_solve(kind, seeds[k], lb, ub, op, opr, lit, n_ops, params, v0, rho,
[36m(CPUDet4Actor pid=3679542)[0m /home/qaragoez/symclf_clean/symclf/examples/4DCartPolerV10/../DET4Fast4D_V10/slsqp_nb.py:993: NumbaWarning: [1m[1m[1mCannot cache compiled function "_lsq" as it uses dynamic globals (such as ctypes pointers and large global arrays)[0m[0m[0m
[36m(CPUDet4Actor pid=3679542)[0m   x, f, mode, it = slsqp_solve(kind, seeds[k], lb, ub, op, opr, lit, n_ops, params, v0, rho,
[36m(CPUDet4Actor pid=3679542)[0m /home/qaragoez/symclf_clean/symclf/examples/4DCartPolerV10/../DET4Fast4D_V10/slsqp_nb.py:993: NumbaWarning: [1m[1mCannot cache compiled function "slsqp_solve" as it uses dynamic globals (such as ctypes pointers and large global arrays)[0m[0m
[36m(CPUDet4Actor pid=3679542)[0m   x, f, mode, it = slsqp_solve(kind, seeds[k], lb, ub, op, opr, lit, n_ops, params, v0, rho,
[36m(CPUDet4Actor pid=3679544)[0m /home/qaragoez/symclf_clean/symclf/examples/4DCartPolerV10/../DET4Fast4D_V10/slsqp_nb.py:993: NumbaWarning: [1m[1m[1m[1m[1m[1m[1mCannot cache compiled function "_nnls" as it uses dynamic globals (such as ctypes pointers and large global arrays)[0m[0m[0m[0m[0m[0m[0m
[36m(CPUDet4Actor pid=3679544)[0m   x, f, mode, it = slsqp_solve(kind, seeds[k], lb, ub, op, opr, lit, n_ops, params, v0, rho,
[36m(CPUDet4Actor pid=3679544)[0m /home/qaragoez/symclf_clean/symclf/examples/4DCartPolerV10/../DET4Fast4D_V10/slsqp_nb.py:993: NumbaWarning: [1m[1m[1m[1m[1m[1mCannot cache compiled function "_ldp" as it uses dynamic globals (such as ctypes pointers and large global arrays)[0m[0m[0m[0m[0m[0m
[36m(CPUDet4Actor pid=3679544)[0m   x, f, mode, it = slsqp_solve(kind, seeds[k], lb, ub, op, opr, lit, n_ops, params, v0, rho,
[36m(CPUDet4Actor pid=3679544)[0m /home/qaragoez/symclf_clean/symclf/examples/4DCartPolerV10/../DET4Fast4D_V10/slsqp_nb.py:993: NumbaWarning: [1m[1m[1m[1m[1mCannot cache compiled function "_lsi" as it uses dynamic globals (such as ctypes pointers and large global arrays)[0m[0m[0m[0m[0m
[36m(CPUDet4Actor pid=3679544)[0m   x, f, mode, it = slsqp_solve(kind, seeds[k], lb, ub, op, opr, lit, n_ops, params, v0, rho,
[36m(CPUDet4Actor pid=3679544)[0m /home/qaragoez/symclf_clean/symclf/examples/4DCartPolerV10/../DET4Fast4D_V10/slsqp_nb.py:993: NumbaWarning: [1m[1m[1m[1mCannot cache compiled function "_lsei" as it uses dynamic globals (such as ctypes pointers and large global arrays)[0m[0m[0m[0m
[36m(CPUDet4Actor pid=3679544)[0m   x, f, mode, it = slsqp_solve(kind, seeds[k], lb, ub, op, opr, lit, n_ops, params, v0, rho,
[36m(CPUDet4Actor pid=3679544)[0m /home/qaragoez/symclf_clean/symclf/examples/4DCartPolerV10/../DET4Fast4D_V10/slsqp_nb.py:993: NumbaWarning: [1m[1m[1mCannot cache compiled function "_lsq" as it uses dynamic globals (such as ctypes pointers and large global arrays)[0m[0m[0m
[36m(CPUDet4Actor pid=3679544)[0m   x, f, mode, it = slsqp_solve(kind, seeds[k], lb, ub, op, opr, lit, n_ops, params, v0, rho,
[36m(CPUDet4Actor pid=3679544)[0m /home/qaragoez/symclf_clean/symclf/examples/4DCartPolerV10/../DET4Fast4D_V10/slsqp_nb.py:993: NumbaWarning: [1m[1mCannot cache compiled function "slsqp_solve" as it uses dynamic globals (such as ctypes pointers and large global arrays)[0m[0m
[36m(CPUDet4Actor pid=3679544)[0m   x, f, mode, it = slsqp_solve(kind, seeds[k], lb, ub, op, opr, lit, n_ops, params, v0, rho,
[36m(CPUDet4Actor pid=3679547)[0m /home/qaragoez/symclf_clean/symclf/examples/4DCartPolerV10/../DET4Fast4D_V10/slsqp_nb.py:993: NumbaWarning: [1m[1m[1m[1m[1m[1m[1mCannot cache compiled function "_nnls" as it uses dynamic globals (such as ctypes pointers and large global arrays)[0m[0m[0m[0m[0m[0m[0m
[36m(CPUDet4Actor pid=3679547)[0m   x, f, mode, it = slsqp_solve(kind, seeds[k], lb, ub, op, opr, lit, n_ops, params, v0, rho,
[36m(CPUDet4Actor pid=3679547)[0m /home/qaragoez/symclf_clean/symclf/examples/4DCartPolerV10/../DET4Fast4D_V10/slsqp_nb.py:993: NumbaWarning: [1m[1m[1m[1m[1m[1mCannot cache compiled function "_ldp" as it uses dynamic globals (such as ctypes pointers and large global arrays)[0m[0m[0m[0m[0m[0m
[36m(CPUDet4Actor pid=3679547)[0m   x, f, mode, it = slsqp_solve(kind, seeds[k], lb, ub, op, opr, lit, n_ops, params, v0, rho,
[36m(CPUDet4Actor pid=3679547)[0m /home/qaragoez/symclf_clean/symclf/examples/4DCartPolerV10/../DET4Fast4D_V10/slsqp_nb.py:993: NumbaWarning: [1m[1m[1m[1m[1mCannot cache compiled function "_lsi" as it uses dynamic globals (such as ctypes pointers and large global arrays)[0m[0m[0m[0m[0m
[36m(CPUDet4Actor pid=3679547)[0m   x, f, mode, it = slsqp_solve(kind, seeds[k], lb, ub, op, opr, lit, n_ops, params, v0, rho,
[36m(CPUDet4Actor pid=3679547)[0m /home/qaragoez/symclf_clean/symclf/examples/4DCartPolerV10/../DET4Fast4D_V10/slsqp_nb.py:993: NumbaWarning: [1m[1m[1m[1mCannot cache compiled function "_lsei" as it uses dynamic globals (such as ctypes pointers and large global arrays)[0m[0m[0m[0m
[36m(CPUDet4Actor pid=3679547)[0m   x, f, mode, it = slsqp_solve(kind, seeds[k], lb, ub, op, opr, lit, n_ops, params, v0, rho,
[36m(CPUDet4Actor pid=3679547)[0m /home/qaragoez/symclf_clean/symclf/examples/4DCartPolerV10/../DET4Fast4D_V10/slsqp_nb.py:993: NumbaWarning: [1m[1m[1mCannot cache compiled function "_lsq" as it uses dynamic globals (such as ctypes pointers and large global arrays)[0m[0m[0m
[36m(CPUDet4Actor pid=3679547)[0m   x, f, mode, it = slsqp_solve(kind, seeds[k], lb, ub, op, opr, lit, n_ops, params, v0, rho,
[36m(CPUDet4Actor pid=3679547)[0m /home/qaragoez/symclf_clean/symclf/examples/4DCartPolerV10/../DET4Fast4D_V10/slsqp_nb.py:993: NumbaWarning: [1m[1mCannot cache compiled function "slsqp_solve" as it uses dynamic globals (such as ctypes pointers and large global arrays)[0m[0m
[36m(CPUDet4Actor pid=3679547)[0m   x, f, mode, it = slsqp_solve(kind, seeds[k], lb, ub, op, opr, lit, n_ops, params, v0, rho,
[36m(CPUDet4Actor pid=3679546)[0m /home/qaragoez/symclf_clean/symclf/examples/4DCartPolerV10/../DET4Fast4D_V10/slsqp_nb.py:993: NumbaWarning: [1m[1m[1m[1m[1m[1m[1mCannot cache compiled function "_nnls" as it uses dynamic globals (such as ctypes pointers and large global arrays)[0m[0m[0m[0m[0m[0m[0m
[36m(CPUDet4Actor pid=3679546)[0m   x, f, mode, it = slsqp_solve(kind, seeds[k], lb, ub, op, opr, lit, n_ops, params, v0, rho,
[36m(CPUDet4Actor pid=3679546)[0m /home/qaragoez/symclf_clean/symclf/examples/4DCartPolerV10/../DET4Fast4D_V10/slsqp_nb.py:993: NumbaWarning: [1m[1m[1m[1m[1m[1mCannot cache compiled function "_ldp" as it uses dynamic globals (such as ctypes pointers and large global arrays)[0m[0m[0m[0m[0m[0m
[36m(CPUDet4Actor pid=3679546)[0m   x, f, mode, it = slsqp_solve(kind, seeds[k], lb, ub, op, opr, lit, n_ops, params, v0, rho,
[36m(CPUDet4Actor pid=3679546)[0m /home/qaragoez/symclf_clean/symclf/examples/4DCartPolerV10/../DET4Fast4D_V10/slsqp_nb.py:993: NumbaWarning: [1m[1m[1m[1m[1mCannot cache compiled function "_lsi" as it uses dynamic globals (such as ctypes pointers and large global arrays)[0m[0m[0m[0m[0m
[36m(CPUDet4Actor pid=3679546)[0m   x, f, mode, it = slsqp_solve(kind, seeds[k], lb, ub, op, opr, lit, n_ops, params, v0, rho,
[36m(CPUDet4Actor pid=3679546)[0m /home/qaragoez/symclf_clean/symclf/examples/4DCartPolerV10/../DET4Fast4D_V10/slsqp_nb.py:993: NumbaWarning: [1m[1m[1m[1mCannot cache compiled function "_lsei" as it uses dynamic globals (such as ctypes pointers and large global arrays)[0m[0m[0m[0m
[36m(CPUDet4Actor pid=3679546)[0m   x, f, mode, it = slsqp_solve(kind, seeds[k], lb, ub, op, opr, lit, n_ops, params, v0, rho,
[36m(CPUDet4Actor pid=3679546)[0m /home/qaragoez/symclf_clean/symclf/examples/4DCartPolerV10/../DET4Fast4D_V10/slsqp_nb.py:993: NumbaWarning: [1m[1m[1mCannot cache compiled function "_lsq" as it uses dynamic globals (such as ctypes pointers and large global arrays)[0m[0m[0m
[36m(CPUDet4Actor pid=3679546)[0m   x, f, mode, it = slsqp_solve(kind, seeds[k], lb, ub, op, opr, lit, n_ops, params, v0, rho,
[36m(CPUDet4Actor pid=3679546)[0m /home/qaragoez/symclf_clean/symclf/examples/4DCartPolerV10/../DET4Fast4D_V10/slsqp_nb.py:993: NumbaWarning: [1m[1mCannot cache compiled function "slsqp_solve" as it uses dynamic globals (such as ctypes pointers and large global arrays)[0m[0m
[36m(CPUDet4Actor pid=3679546)[0m   x, f, mode, it = slsqp_solve(kind, seeds[k], lb, ub, op, opr, lit, n_ops, params, v0, rho,
[36m(CPUDet4Actor pid=3679559)[0m /home/qaragoez/symclf_clean/symclf/examples/4DCartPolerV10/../DET4Fast4D_V10/slsqp_nb.py:993: NumbaWarning: [1m[1m[1m[1m[1m[1m[1mCannot cache compiled function "_nnls" as it uses dynamic globals (such as ctypes pointers and large global arrays)[0m[0m[0m[0m[0m[0m[0m
[36m(CPUDet4Actor pid=3679559)[0m   x, f, mode, it = slsqp_solve(kind, seeds[k], lb, ub, op, opr, lit, n_ops, params, v0, rho,
[36m(CPUDet4Actor pid=3679559)[0m /home/qaragoez/symclf_clean/symclf/examples/4DCartPolerV10/../DET4Fast4D_V10/slsqp_nb.py:993: NumbaWarning: [1m[1m[1m[1m[1m[1mCannot cache compiled function "_ldp" as it uses dynamic globals (such as ctypes pointers and large global arrays)[0m[0m[0m[0m[0m[0m
[36m(CPUDet4Actor pid=3679559)[0m   x, f, mode, it = slsqp_solve(kind, seeds[k], lb, ub, op, opr, lit, n_ops, params, v0, rho,
[36m(CPUDet4Actor pid=3679559)[0m /home/qaragoez/symclf_clean/symclf/examples/4DCartPolerV10/../DET4Fast4D_V10/slsqp_nb.py:993: NumbaWarning: [1m[1m[1m[1m[1mCannot cache compiled function "_lsi" as it uses dynamic globals (such as ctypes pointers and large global arrays)[0m[0m[0m[0m[0m
[36m(CPUDet4Actor pid=3679559)[0m   x, f, mode, it = slsqp_solve(kind, seeds[k], lb, ub, op, opr, lit, n_ops, params, v0, rho,
[36m(CPUDet4Actor pid=3679559)[0m /home/qaragoez/symclf_clean/symclf/examples/4DCartPolerV10/../DET4Fast4D_V10/slsqp_nb.py:993: NumbaWarning: [1m[1m[1m[1mCannot cache compiled function "_lsei" as it uses dynamic globals (such as ctypes pointers and large global arrays)[0m[0m[0m[0m
[36m(CPUDet4Actor pid=3679559)[0m   x, f, mode, it = slsqp_solve(kind, seeds[k], lb, ub, op, opr, lit, n_ops, params, v0, rho,
[36m(CPUDet4Actor pid=3679559)[0m /home/qaragoez/symclf_clean/symclf/examples/4DCartPolerV10/../DET4Fast4D_V10/slsqp_nb.py:993: NumbaWarning: [1m[1m[1mCannot cache compiled function "_lsq" as it uses dynamic globals (such as ctypes pointers and large global arrays)[0m[0m[0m
[36m(CPUDet4Actor pid=3679559)[0m   x, f, mode, it = slsqp_solve(kind, seeds[k], lb, ub, op, opr, lit, n_ops, params, v0, rho,
[36m(CPUDet4Actor pid=3679559)[0m /home/qaragoez/symclf_clean/symclf/examples/4DCartPolerV10/../DET4Fast4D_V10/slsqp_nb.py:993: NumbaWarning: [1m[1mCannot cache compiled function "slsqp_solve" as it uses dynamic globals (such as ctypes pointers and large global arrays)[0m[0m
[36m(CPUDet4Actor pid=3679559)[0m   x, f, mode, it = slsqp_solve(kind, seeds[k], lb, ub, op, opr, lit, n_ops, params, v0, rho,
[36m(CPUDet4Actor pid=3679543)[0m /home/qaragoez/symclf_clean/symclf/examples/4DCartPolerV10/../DET4Fast4D_V10/slsqp_nb.py:993: NumbaWarning: [1m[1m[1m[1m[1m[1m[1mCannot cache compiled function "_nnls" as it uses dynamic globals (such as ctypes pointers and large global arrays)[0m[0m[0m[0m[0m[0m[0m
[36m(CPUDet4Actor pid=3679543)[0m   x, f, mode, it = slsqp_solve(kind, seeds[k], lb, ub, op, opr, lit, n_ops, params, v0, rho,
[36m(CPUDet4Actor pid=3679543)[0m /home/qaragoez/symclf_clean/symclf/examples/4DCartPolerV10/../DET4Fast4D_V10/slsqp_nb.py:993: NumbaWarning: [1m[1m[1m[1m[1m[1mCannot cache compiled function "_ldp" as it uses dynamic globals (such as ctypes pointers and large global arrays)[0m[0m[0m[0m[0m[0m
[36m(CPUDet4Actor pid=3679543)[0m   x, f, mode, it = slsqp_solve(kind, seeds[k], lb, ub, op, opr, lit, n_ops, params, v0, rho,
[36m(CPUDet4Actor pid=3679543)[0m /home/qaragoez/symclf_clean/symclf/examples/4DCartPolerV10/../DET4Fast4D_V10/slsqp_nb.py:993: NumbaWarning: [1m[1m[1m[1m[1mCannot cache compiled function "_lsi" as it uses dynamic globals (such as ctypes pointers and large global arrays)[0m[0m[0m[0m[0m
[36m(CPUDet4Actor pid=3679543)[0m   x, f, mode, it = slsqp_solve(kind, seeds[k], lb, ub, op, opr, lit, n_ops, params, v0, rho,
[36m(CPUDet4Actor pid=3679543)[0m /home/qaragoez/symclf_clean/symclf/examples/4DCartPolerV10/../DET4Fast4D_V10/slsqp_nb.py:993: NumbaWarning: [1m[1m[1m[1mCannot cache compiled function "_lsei" as it uses dynamic globals (such as ctypes pointers and large global arrays)[0m[0m[0m[0m
[36m(CPUDet4Actor pid=3679543)[0m   x, f, mode, it = slsqp_solve(kind, seeds[k], lb, ub, op, opr, lit, n_ops, params, v0, rho,
[36m(CPUDet4Actor pid=3679543)[0m /home/qaragoez/symclf_clean/symclf/examples/4DCartPolerV10/../DET4Fast4D_V10/slsqp_nb.py:993: NumbaWarning: [1m[1m[1mCannot cache compiled function "_lsq" as it uses dynamic globals (such as ctypes pointers and large global arrays)[0m[0m[0m
[36m(CPUDet4Actor pid=3679543)[0m   x, f, mode, it = slsqp_solve(kind, seeds[k], lb, ub, op, opr, lit, n_ops, params, v0, rho,
[36m(CPUDet4Actor pid=3679543)[0m /home/qaragoez/symclf_clean/symclf/examples/4DCartPolerV10/../DET4Fast4D_V10/slsqp_nb.py:993: NumbaWarning: [1m[1mCannot cache compiled function "slsqp_solve" as it uses dynamic globals (such as ctypes pointers and large global arrays)[0m[0m
[36m(CPUDet4Actor pid=3679543)[0m   x, f, mode, it = slsqp_solve(kind, seeds[k], lb, ub, op, opr, lit, n_ops, params, v0, rho,
[36m(CPUDet4Actor pid=3679557)[0m /home/qaragoez/symclf_clean/symclf/examples/4DCartPolerV10/../DET4Fast4D_V10/slsqp_nb.py:993: NumbaWarning: [1m[1m[1m[1m[1m[1m[1mCannot cache compiled function "_nnls" as it uses dynamic globals (such as ctypes pointers and large global arrays)[0m[0m[0m[0m[0m[0m[0m
[36m(CPUDet4Actor pid=3679557)[0m   x, f, mode, it = slsqp_solve(kind, seeds[k], lb, ub, op, opr, lit, n_ops, params, v0, rho,
[36m(CPUDet4Actor pid=3679557)[0m /home/qaragoez/symclf_clean/symclf/examples/4DCartPolerV10/../DET4Fast4D_V10/slsqp_nb.py:993: NumbaWarning: [1m[1m[1m[1m[1m[1mCannot cache compiled function "_ldp" as it uses dynamic globals (such as ctypes pointers and large global arrays)[0m[0m[0m[0m[0m[0m
[36m(CPUDet4Actor pid=3679557)[0m   x, f, mode, it = slsqp_solve(kind, seeds[k], lb, ub, op, opr, lit, n_ops, params, v0, rho,
[36m(CPUDet4Actor pid=3679557)[0m /home/qaragoez/symclf_clean/symclf/examples/4DCartPolerV10/../DET4Fast4D_V10/slsqp_nb.py:993: NumbaWarning: [1m[1m[1m[1m[1mCannot cache compiled function "_lsi" as it uses dynamic globals (such as ctypes pointers and large global arrays)[0m[0m[0m[0m[0m
[36m(CPUDet4Actor pid=3679557)[0m   x, f, mode, it = slsqp_solve(kind, seeds[k], lb, ub, op, opr, lit, n_ops, params, v0, rho,
[36m(CPUDet4Actor pid=3679557)[0m /home/qaragoez/symclf_clean/symclf/examples/4DCartPolerV10/../DET4Fast4D_V10/slsqp_nb.py:993: NumbaWarning: [1m[1m[1m[1mCannot cache compiled function "_lsei" as it uses dynamic globals (such as ctypes pointers and large global arrays)[0m[0m[0m[0m
[36m(CPUDet4Actor pid=3679557)[0m   x, f, mode, it = slsqp_solve(kind, seeds[k], lb, ub, op, opr, lit, n_ops, params, v0, rho,
[36m(CPUDet4Actor pid=3679557)[0m /home/qaragoez/symclf_clean/symclf/examples/4DCartPolerV10/../DET4Fast4D_V10/slsqp_nb.py:993: NumbaWarning: [1m[1m[1mCannot cache compiled function "_lsq" as it uses dynamic globals (such as ctypes pointers and large global arrays)[0m[0m[0m
[36m(CPUDet4Actor pid=3679557)[0m   x, f, mode, it = slsqp_solve(kind, seeds[k], lb, ub, op, opr, lit, n_ops, params, v0, rho,
[36m(CPUDet4Actor pid=3679557)[0m /home/qaragoez/symclf_clean/symclf/examples/4DCartPolerV10/../DET4Fast4D_V10/slsqp_nb.py:993: NumbaWarning: [1m[1mCannot cache compiled function "slsqp_solve" as it uses dynamic globals (such as ctypes pointers and large global arrays)[0m[0m
[36m(CPUDet4Actor pid=3679557)[0m   x, f, mode, it = slsqp_solve(kind, seeds[k], lb, ub, op, opr, lit, n_ops, params, v0, rho,
[36m(CPUDet4Actor pid=3679545)[0m /home/qaragoez/symclf_clean/symclf/examples/4DCartPolerV10/../DET4Fast4D_V10/slsqp_nb.py:993: NumbaWarning: [1m[1m[1m[1m[1m[1m[1mCannot cache compiled function "_nnls" as it uses dynamic globals (such as ctypes pointers and large global arrays)[0m[0m[0m[0m[0m[0m[0m
[36m(CPUDet4Actor pid=3679545)[0m   x, f, mode, it = slsqp_solve(kind, seeds[k], lb, ub, op, opr, lit, n_ops, params, v0, rho,
[36m(CPUDet4Actor pid=3679545)[0m /home/qaragoez/symclf_clean/symclf/examples/4DCartPolerV10/../DET4Fast4D_V10/slsqp_nb.py:993: NumbaWarning: [1m[1m[1m[1m[1m[1mCannot cache compiled function "_ldp" as it uses dynamic globals (such as ctypes pointers and large global arrays)[0m[0m[0m[0m[0m[0m
[36m(CPUDet4Actor pid=3679545)[0m   x, f, mode, it = slsqp_solve(kind, seeds[k], lb, ub, op, opr, lit, n_ops, params, v0, rho,
[36m(CPUDet4Actor pid=3679545)[0m /home/qaragoez/symclf_clean/symclf/examples/4DCartPolerV10/../DET4Fast4D_V10/slsqp_nb.py:993: NumbaWarning: [1m[1m[1m[1m[1mCannot cache compiled function "_lsi" as it uses dynamic globals (such as ctypes pointers and large global arrays)[0m[0m[0m[0m[0m
[36m(CPUDet4Actor pid=3679545)[0m   x, f, mode, it = slsqp_solve(kind, seeds[k], lb, ub, op, opr, lit, n_ops, params, v0, rho,
[36m(CPUDet4Actor pid=3679545)[0m /home/qaragoez/symclf_clean/symclf/examples/4DCartPolerV10/../DET4Fast4D_V10/slsqp_nb.py:993: NumbaWarning: [1m[1m[1m[1mCannot cache compiled function "_lsei" as it uses dynamic globals (such as ctypes pointers and large global arrays)[0m[0m[0m[0m
[36m(CPUDet4Actor pid=3679545)[0m   x, f, mode, it = slsqp_solve(kind, seeds[k], lb, ub, op, opr, lit, n_ops, params, v0, rho,
[36m(CPUDet4Actor pid=3679545)[0m /home/qaragoez/symclf_clean/symclf/examples/4DCartPolerV10/../DET4Fast4D_V10/slsqp_nb.py:993: NumbaWarning: [1m[1m[1mCannot cache compiled function "_lsq" as it uses dynamic globals (such as ctypes pointers and large global arrays)[0m[0m[0m
[36m(CPUDet4Actor pid=3679545)[0m   x, f, mode, it = slsqp_solve(kind, seeds[k], lb, ub, op, opr, lit, n_ops, params, v0, rho,
[36m(CPUDet4Actor pid=3679545)[0m /home/qaragoez/symclf_clean/symclf/examples/4DCartPolerV10/../DET4Fast4D_V10/slsqp_nb.py:993: NumbaWarning: [1m[1mCannot cache compiled function "slsqp_solve" as it uses dynamic globals (such as ctypes pointers and large global arrays)[0m[0m
[36m(CPUDet4Actor pid=3679545)[0m   x, f, mode, it = slsqp_solve(kind, seeds[k], lb, ub, op, opr, lit, n_ops, params, v0, rho,
[36m(CPUDet4Actor pid=3679541)[0m /home/qaragoez/symclf_clean/symclf/examples/4DCartPolerV10/../DET4Fast4D_V10/slsqp_nb.py:984: NumbaWarning: [1mCannot cache compiled function "slsqp_many" as it uses dynamic globals (such as ctypes pointers and large global arrays)[0m
[36m(CPUDet4Actor pid=3679541)[0m   @njit(cache=True, parallel=True)
[36m(CPUDet4Actor pid=3679550)[0m /home/qaragoez/symclf_clean/symclf/examples/4DCartPolerV10/../DET4Fast4D_V10/slsqp_nb.py:984: NumbaWarning: [1mCannot cache compiled function "slsqp_many" as it uses dynamic globals (such as ctypes pointers and large global arrays)[0m
[36m(CPUDet4Actor pid=3679550)[0m   @njit(cache=True, parallel=True)
[36m(CPUDet4Actor pid=3679554)[0m /home/qaragoez/symclf_clean/symclf/examples/4DCartPolerV10/../DET4Fast4D_V10/slsqp_nb.py:984: NumbaWarning: [1mCannot cache compiled function "slsqp_many" as it uses dynamic globals (such as ctypes pointers and large global arrays)[0m
[36m(CPUDet4Actor pid=3679554)[0m   @njit(cache=True, parallel=True)
[36m(CPUDet4Actor pid=3679551)[0m /home/qaragoez/symclf_clean/symclf/examples/4DCartPolerV10/../DET4Fast4D_V10/slsqp_nb.py:984: NumbaWarning: [1mCannot cache compiled function "slsqp_many" as it uses dynamic globals (such as ctypes pointers and large global arrays)[0m
[36m(CPUDet4Actor pid=3679551)[0m   @njit(cache=True, parallel=True)
[36m(CPUDet4Actor pid=3679548)[0m /home/qaragoez/symclf_clean/symclf/examples/4DCartPolerV10/../DET4Fast4D_V10/slsqp_nb.py:984: NumbaWarning: [1mCannot cache compiled function "slsqp_many" as it uses dynamic globals (such as ctypes pointers and large global arrays)[0m
[36m(CPUDet4Actor pid=3679548)[0m   @njit(cache=True, parallel=True)
[36m(CPUDet4Actor pid=3679549)[0m /home/qaragoez/symclf_clean/symclf/examples/4DCartPolerV10/../DET4Fast4D_V10/slsqp_nb.py:984: NumbaWarning: [1mCannot cache compiled function "slsqp_many" as it uses dynamic globals (such as ctypes pointers and large global arrays)[0m
[36m(CPUDet4Actor pid=3679549)[0m   @njit(cache=True, parallel=True)
[36m(CPUDet4Actor pid=3679556)[0m /home/qaragoez/symclf_clean/symclf/examples/4DCartPolerV10/../DET4Fast4D_V10/slsqp_nb.py:984: NumbaWarning: [1mCannot cache compiled function "slsqp_many" as it uses dynamic globals (such as ctypes pointers and large global arrays)[0m
[36m(CPUDet4Actor pid=3679556)[0m   @njit(cache=True, parallel=True)
[36m(CPUDet4Actor pid=3679540)[0m /home/qaragoez/symclf_clean/symclf/examples/4DCartPolerV10/../DET4Fast4D_V10/slsqp_nb.py:984: NumbaWarning: [1mCannot cache compiled function "slsqp_many" as it uses dynamic globals (such as ctypes pointers and large global arrays)[0m
[36m(CPUDet4Actor pid=3679540)[0m   @njit(cache=True, parallel=True)
[36m(CPUDet4Actor pid=3679552)[0m /home/qaragoez/symclf_clean/symclf/examples/4DCartPolerV10/../DET4Fast4D_V10/slsqp_nb.py:984: NumbaWarning: [1mCannot cache compiled function "slsqp_many" as it uses dynamic globals (such as ctypes pointers and large global arrays)[0m
[36m(CPUDet4Actor pid=3679552)[0m   @njit(cache=True, parallel=True)
[36m(CPUDet4Actor pid=3679544)[0m /home/qaragoez/symclf_clean/symclf/examples/4DCartPolerV10/../DET4Fast4D_V10/slsqp_nb.py:984: NumbaWarning: [1mCannot cache compiled function "slsqp_many" as it uses dynamic globals (such as ctypes pointers and large global arrays)[0m
[36m(CPUDet4Actor pid=3679544)[0m   @njit(cache=True, parallel=True)
[36m(CPUDet4Actor pid=3679542)[0m /home/qaragoez/symclf_clean/symclf/examples/4DCartPolerV10/../DET4Fast4D_V10/slsqp_nb.py:984: NumbaWarning: [1mCannot cache compiled function "slsqp_many" as it uses dynamic globals (such as ctypes pointers and large global arrays)[0m
[36m(CPUDet4Actor pid=3679542)[0m   @njit(cache=True, parallel=True)
[36m(CPUDet4Actor pid=3679539)[0m /home/qaragoez/symclf_clean/symclf/examples/4DCartPolerV10/../DET4Fast4D_V10/slsqp_nb.py:984: NumbaWarning: [1mCannot cache compiled function "slsqp_many" as it uses dynamic globals (such as ctypes pointers and large global arrays)[0m
[36m(CPUDet4Actor pid=3679539)[0m   @njit(cache=True, parallel=True)
[36m(CPUDet4Actor pid=3679547)[0m /home/qaragoez/symclf_clean/symclf/examples/4DCartPolerV10/../DET4Fast4D_V10/slsqp_nb.py:984: NumbaWarning: [1mCannot cache compiled function "slsqp_many" as it uses dynamic globals (such as ctypes pointers and large global arrays)[0m
[36m(CPUDet4Actor pid=3679547)[0m   @njit(cache=True, parallel=True)
[36m(CPUDet4Actor pid=3679546)[0m /home/qaragoez/symclf_clean/symclf/examples/4DCartPolerV10/../DET4Fast4D_V10/slsqp_nb.py:984: NumbaWarning: [1mCannot cache compiled function "slsqp_many" as it uses dynamic globals (such as ctypes pointers and large global arrays)[0m
[36m(CPUDet4Actor pid=3679546)[0m   @njit(cache=True, parallel=True)
[36m(CPUDet4Actor pid=3679543)[0m /home/qaragoez/symclf_clean/symclf/examples/4DCartPolerV10/../DET4Fast4D_V10/slsqp_nb.py:984: NumbaWarning: [1mCannot cache compiled function "slsqp_many" as it uses dynamic globals (such as ctypes pointers and large global arrays)[0m
[36m(CPUDet4Actor pid=3679543)[0m   @njit(cache=True, parallel=True)
[36m(CPUDet4Actor pid=3679559)[0m /home/qaragoez/symclf_clean/symclf/examples/4DCartPolerV10/../DET4Fast4D_V10/slsqp_nb.py:984: NumbaWarning: [1mCannot cache compiled function "slsqp_many" as it uses dynamic globals (such as ctypes pointers and large global arrays)[0m
[36m(CPUDet4Actor pid=3679559)[0m   @njit(cache=True, parallel=True)
[36m(CPUDet4Actor pid=3679545)[0m /home/qaragoez/symclf_clean/symclf/examples/4DCartPolerV10/../DET4Fast4D_V10/slsqp_nb.py:984: NumbaWarning: [1mCannot cache compiled function "slsqp_many" as it uses dynamic globals (such as ctypes pointers and large global arrays)[0m
[36m(CPUDet4Actor pid=3679545)[0m   @njit(cache=True, parallel=True)
[36m(CPUDet4Actor pid=3679557)[0m /home/qaragoez/symclf_clean/symclf/examples/4DCartPolerV10/../DET4Fast4D_V10/slsqp_nb.py:984: NumbaWarning: [1mCannot cache compiled function "slsqp_many" as it uses dynamic globals (such as ctypes pointers and large global arrays)[0m
[36m(CPUDet4Actor pid=3679557)[0m   @njit(cache=True, parallel=True)
[36m(GPUFitnessActor pid=3676290)[0m /home/qaragoez/symclf_clean/symclf/examples/4DCartPolerV10/../DET4Fast4D_V10/slsqp_nb.py:993: NumbaWarning: [1m[1m[1m[1m[1m[1m[1mCannot cache compiled function "_nnls" as it uses dynamic globals (such as ctypes pointers and large global arrays)[0m[0m[0m[0m[0m[0m[0m
[36m(GPUFitnessActor pid=3676290)[0m   x, f, mode, it = slsqp_solve(kind, seeds[k], lb, ub, op, opr, lit, n_ops, params, v0, rho,
[36m(GPUFitnessActor pid=3676290)[0m /home/qaragoez/symclf_clean/symclf/examples/4DCartPolerV10/../DET4Fast4D_V10/slsqp_nb.py:993: NumbaWarning: [1m[1m[1m[1m[1m[1mCannot cache compiled function "_ldp" as it uses dynamic globals (such as ctypes pointers and large global arrays)[0m[0m[0m[0m[0m[0m
[36m(GPUFitnessActor pid=3676290)[0m   x, f, mode, it = slsqp_solve(kind, seeds[k], lb, ub, op, opr, lit, n_ops, params, v0, rho,
[36m(GPUFitnessActor pid=3676290)[0m /home/qaragoez/symclf_clean/symclf/examples/4DCartPolerV10/../DET4Fast4D_V10/slsqp_nb.py:993: NumbaWarning: [1m[1m[1m[1m[1mCannot cache compiled function "_lsi" as it uses dynamic globals (such as ctypes pointers and large global arrays)[0m[0m[0m[0m[0m
[36m(GPUFitnessActor pid=3676290)[0m   x, f, mode, it = slsqp_solve(kind, seeds[k], lb, ub, op, opr, lit, n_ops, params, v0, rho,
[36m(GPUFitnessActor pid=3676290)[0m /home/qaragoez/symclf_clean/symclf/examples/4DCartPolerV10/../DET4Fast4D_V10/slsqp_nb.py:993: NumbaWarning: [1m[1m[1m[1mCannot cache compiled function "_lsei" as it uses dynamic globals (such as ctypes pointers and large global arrays)[0m[0m[0m[0m
[36m(GPUFitnessActor pid=3676290)[0m   x, f, mode, it = slsqp_solve(kind, seeds[k], lb, ub, op, opr, lit, n_ops, params, v0, rho,
[36m(GPUFitnessActor pid=3676290)[0m /home/qaragoez/symclf_clean/symclf/examples/4DCartPolerV10/../DET4Fast4D_V10/slsqp_nb.py:993: NumbaWarning: [1m[1m[1mCannot cache compiled function "_lsq" as it uses dynamic globals (such as ctypes pointers and large global arrays)[0m[0m[0m
[36m(GPUFitnessActor pid=3676290)[0m   x, f, mode, it = slsqp_solve(kind, seeds[k], lb, ub, op, opr, lit, n_ops, params, v0, rho,
[36m(GPUFitnessActor pid=3676290)[0m /home/qaragoez/symclf_clean/symclf/examples/4DCartPolerV10/../DET4Fast4D_V10/slsqp_nb.py:993: NumbaWarning: [1m[1mCannot cache compiled function "slsqp_solve" as it uses dynamic globals (such as ctypes pointers and large global arrays)[0m[0m
[36m(GPUFitnessActor pid=3676290)[0m   x, f, mode, it = slsqp_solve(kind, seeds[k], lb, ub, op, opr, lit, n_ops, params, v0, rho,
[36m(GPUFitnessActor pid=3676292)[0m /home/qaragoez/symclf_clean/symclf/examples/4DCartPolerV10/../DET4Fast4D_V10/slsqp_nb.py:993: NumbaWarning: [1m[1m[1m[1m[1m[1m[1mCannot cache compiled function "_nnls" as it uses dynamic globals (such as ctypes pointers and large global arrays)[0m[0m[0m[0m[0m[0m[0m
[36m(GPUFitnessActor pid=3676292)[0m   x, f, mode, it = slsqp_solve(kind, seeds[k], lb, ub, op, opr, lit, n_ops, params, v0, rho,
[36m(GPUFitnessActor pid=3676292)[0m /home/qaragoez/symclf_clean/symclf/examples/4DCartPolerV10/../DET4Fast4D_V10/slsqp_nb.py:993: NumbaWarning: [1m[1m[1m[1m[1m[1mCannot cache compiled function "_ldp" as it uses dynamic globals (such as ctypes pointers and large global arrays)[0m[0m[0m[0m[0m[0m
[36m(GPUFitnessActor pid=3676292)[0m   x, f, mode, it = slsqp_solve(kind, seeds[k], lb, ub, op, opr, lit, n_ops, params, v0, rho,
[36m(GPUFitnessActor pid=3676292)[0m /home/qaragoez/symclf_clean/symclf/examples/4DCartPolerV10/../DET4Fast4D_V10/slsqp_nb.py:993: NumbaWarning: [1m[1m[1m[1m[1mCannot cache compiled function "_lsi" as it uses dynamic globals (such as ctypes pointers and large global arrays)[0m[0m[0m[0m[0m
[36m(GPUFitnessActor pid=3676292)[0m   x, f, mode, it = slsqp_solve(kind, seeds[k], lb, ub, op, opr, lit, n_ops, params, v0, rho,
[36m(GPUFitnessActor pid=3676292)[0m /home/qaragoez/symclf_clean/symclf/examples/4DCartPolerV10/../DET4Fast4D_V10/slsqp_nb.py:993: NumbaWarning: [1m[1m[1m[1mCannot cache compiled function "_lsei" as it uses dynamic globals (such as ctypes pointers and large global arrays)[0m[0m[0m[0m
[36m(GPUFitnessActor pid=3676292)[0m   x, f, mode, it = slsqp_solve(kind, seeds[k], lb, ub, op, opr, lit, n_ops, params, v0, rho,
[36m(GPUFitnessActor pid=3676292)[0m /home/qaragoez/symclf_clean/symclf/examples/4DCartPolerV10/../DET4Fast4D_V10/slsqp_nb.py:993: NumbaWarning: [1m[1m[1mCannot cache compiled function "_lsq" as it uses dynamic globals (such as ctypes pointers and large global arrays)[0m[0m[0m
[36m(GPUFitnessActor pid=3676292)[0m   x, f, mode, it = slsqp_solve(kind, seeds[k], lb, ub, op, opr, lit, n_ops, params, v0, rho,
[36m(GPUFitnessActor pid=3676292)[0m /home/qaragoez/symclf_clean/symclf/examples/4DCartPolerV10/../DET4Fast4D_V10/slsqp_nb.py:993: NumbaWarning: [1m[1mCannot cache compiled function "slsqp_solve" as it uses dynamic globals (such as ctypes pointers and large global arrays)[0m[0m
[36m(GPUFitnessActor pid=3676292)[0m   x, f, mode, it = slsqp_solve(kind, seeds[k], lb, ub, op, opr, lit, n_ops, params, v0, rho,
[36m(GPUFitnessActor pid=3676293)[0m /home/qaragoez/symclf_clean/symclf/examples/4DCartPolerV10/../DET4Fast4D_V10/slsqp_nb.py:993: NumbaWarning: [1m[1m[1m[1m[1m[1m[1mCannot cache compiled function "_nnls" as it uses dynamic globals (such as ctypes pointers and large global arrays)[0m[0m[0m[0m[0m[0m[0m
[36m(GPUFitnessActor pid=3676293)[0m   x, f, mode, it = slsqp_solve(kind, seeds[k], lb, ub, op, opr, lit, n_ops, params, v0, rho,
[36m(GPUFitnessActor pid=3676293)[0m /home/qaragoez/symclf_clean/symclf/examples/4DCartPolerV10/../DET4Fast4D_V10/slsqp_nb.py:993: NumbaWarning: [1m[1m[1m[1m[1m[1mCannot cache compiled function "_ldp" as it uses dynamic globals (such as ctypes pointers and large global arrays)[0m[0m[0m[0m[0m[0m
[36m(GPUFitnessActor pid=3676293)[0m   x, f, mode, it = slsqp_solve(kind, seeds[k], lb, ub, op, opr, lit, n_ops, params, v0, rho,
[36m(GPUFitnessActor pid=3676293)[0m /home/qaragoez/symclf_clean/symclf/examples/4DCartPolerV10/../DET4Fast4D_V10/slsqp_nb.py:993: NumbaWarning: [1m[1m[1m[1m[1mCannot cache compiled function "_lsi" as it uses dynamic globals (such as ctypes pointers and large global arrays)[0m[0m[0m[0m[0m
[36m(GPUFitnessActor pid=3676293)[0m   x, f, mode, it = slsqp_solve(kind, seeds[k], lb, ub, op, opr, lit, n_ops, params, v0, rho,
[36m(GPUFitnessActor pid=3676293)[0m /home/qaragoez/symclf_clean/symclf/examples/4DCartPolerV10/../DET4Fast4D_V10/slsqp_nb.py:993: NumbaWarning: [1m[1m[1m[1mCannot cache compiled function "_lsei" as it uses dynamic globals (such as ctypes pointers and large global arrays)[0m[0m[0m[0m
[36m(GPUFitnessActor pid=3676293)[0m   x, f, mode, it = slsqp_solve(kind, seeds[k], lb, ub, op, opr, lit, n_ops, params, v0, rho,
[36m(GPUFitnessActor pid=3676293)[0m /home/qaragoez/symclf_clean/symclf/examples/4DCartPolerV10/../DET4Fast4D_V10/slsqp_nb.py:993: NumbaWarning: [1m[1m[1mCannot cache compiled function "_lsq" as it uses dynamic globals (such as ctypes pointers and large global arrays)[0m[0m[0m
[36m(GPUFitnessActor pid=3676293)[0m   x, f, mode, it = slsqp_solve(kind, seeds[k], lb, ub, op, opr, lit, n_ops, params, v0, rho,
[36m(GPUFitnessActor pid=3676293)[0m /home/qaragoez/symclf_clean/symclf/examples/4DCartPolerV10/../DET4Fast4D_V10/slsqp_nb.py:993: NumbaWarning: [1m[1mCannot cache compiled function "slsqp_solve" as it uses dynamic globals (such as ctypes pointers and large global arrays)[0m[0m
[36m(GPUFitnessActor pid=3676293)[0m   x, f, mode, it = slsqp_solve(kind, seeds[k], lb, ub, op, opr, lit, n_ops, params, v0, rho,
[36m(GPUFitnessActor pid=3676288)[0m /home/qaragoez/symclf_clean/symclf/examples/4DCartPolerV10/../DET4Fast4D_V10/slsqp_nb.py:993: NumbaWarning: [1m[1m[1m[1m[1m[1m[1mCannot cache compiled function "_nnls" as it uses dynamic globals (such as ctypes pointers and large global arrays)[0m[0m[0m[0m[0m[0m[0m
[36m(GPUFitnessActor pid=3676288)[0m   x, f, mode, it = slsqp_solve(kind, seeds[k], lb, ub, op, opr, lit, n_ops, params, v0, rho,
[36m(GPUFitnessActor pid=3676288)[0m /home/qaragoez/symclf_clean/symclf/examples/4DCartPolerV10/../DET4Fast4D_V10/slsqp_nb.py:993: NumbaWarning: [1m[1m[1m[1m[1m[1mCannot cache compiled function "_ldp" as it uses dynamic globals (such as ctypes pointers and large global arrays)[0m[0m[0m[0m[0m[0m
[36m(GPUFitnessActor pid=3676288)[0m   x, f, mode, it = slsqp_solve(kind, seeds[k], lb, ub, op, opr, lit, n_ops, params, v0, rho,
[36m(GPUFitnessActor pid=3676288)[0m /home/qaragoez/symclf_clean/symclf/examples/4DCartPolerV10/../DET4Fast4D_V10/slsqp_nb.py:993: NumbaWarning: [1m[1m[1m[1m[1mCannot cache compiled function "_lsi" as it uses dynamic globals (such as ctypes pointers and large global arrays)[0m[0m[0m[0m[0m
[36m(GPUFitnessActor pid=3676288)[0m   x, f, mode, it = slsqp_solve(kind, seeds[k], lb, ub, op, opr, lit, n_ops, params, v0, rho,
[36m(GPUFitnessActor pid=3676288)[0m /home/qaragoez/symclf_clean/symclf/examples/4DCartPolerV10/../DET4Fast4D_V10/slsqp_nb.py:993: NumbaWarning: [1m[1m[1m[1mCannot cache compiled function "_lsei" as it uses dynamic globals (such as ctypes pointers and large global arrays)[0m[0m[0m[0m
[36m(GPUFitnessActor pid=3676288)[0m   x, f, mode, it = slsqp_solve(kind, seeds[k], lb, ub, op, opr, lit, n_ops, params, v0, rho,
[36m(GPUFitnessActor pid=3676288)[0m /home/qaragoez/symclf_clean/symclf/examples/4DCartPolerV10/../DET4Fast4D_V10/slsqp_nb.py:993: NumbaWarning: [1m[1m[1mCannot cache compiled function "_lsq" as it uses dynamic globals (such as ctypes pointers and large global arrays)[0m[0m[0m
[36m(GPUFitnessActor pid=3676288)[0m   x, f, mode, it = slsqp_solve(kind, seeds[k], lb, ub, op, opr, lit, n_ops, params, v0, rho,
[36m(GPUFitnessActor pid=3676288)[0m /home/qaragoez/symclf_clean/symclf/examples/4DCartPolerV10/../DET4Fast4D_V10/slsqp_nb.py:993: NumbaWarning: [1m[1mCannot cache compiled function "slsqp_solve" as it uses dynamic globals (such as ctypes pointers and large global arrays)[0m[0m
[36m(GPUFitnessActor pid=3676288)[0m   x, f, mode, it = slsqp_solve(kind, seeds[k], lb, ub, op, opr, lit, n_ops, params, v0, rho,
[36m(GPUFitnessActor pid=3676291)[0m /home/qaragoez/symclf_clean/symclf/examples/4DCartPolerV10/../DET4Fast4D_V10/slsqp_nb.py:993: NumbaWarning: [1m[1m[1m[1m[1m[1m[1mCannot cache compiled function "_nnls" as it uses dynamic globals (such as ctypes pointers and large global arrays)[0m[0m[0m[0m[0m[0m[0m
[36m(GPUFitnessActor pid=3676291)[0m   x, f, mode, it = slsqp_solve(kind, seeds[k], lb, ub, op, opr, lit, n_ops, params, v0, rho,
[36m(GPUFitnessActor pid=3676291)[0m /home/qaragoez/symclf_clean/symclf/examples/4DCartPolerV10/../DET4Fast4D_V10/slsqp_nb.py:993: NumbaWarning: [1m[1m[1m[1m[1m[1mCannot cache compiled function "_ldp" as it uses dynamic globals (such as ctypes pointers and large global arrays)[0m[0m[0m[0m[0m[0m
[36m(GPUFitnessActor pid=3676291)[0m   x, f, mode, it = slsqp_solve(kind, seeds[k], lb, ub, op, opr, lit, n_ops, params, v0, rho,
[36m(GPUFitnessActor pid=3676291)[0m /home/qaragoez/symclf_clean/symclf/examples/4DCartPolerV10/../DET4Fast4D_V10/slsqp_nb.py:993: NumbaWarning: [1m[1m[1m[1m[1mCannot cache compiled function "_lsi" as it uses dynamic globals (such as ctypes pointers and large global arrays)[0m[0m[0m[0m[0m
[36m(GPUFitnessActor pid=3676291)[0m   x, f, mode, it = slsqp_solve(kind, seeds[k], lb, ub, op, opr, lit, n_ops, params, v0, rho,
[36m(GPUFitnessActor pid=3676291)[0m /home/qaragoez/symclf_clean/symclf/examples/4DCartPolerV10/../DET4Fast4D_V10/slsqp_nb.py:993: NumbaWarning: [1m[1m[1m[1mCannot cache compiled function "_lsei" as it uses dynamic globals (such as ctypes pointers and large global arrays)[0m[0m[0m[0m
[36m(GPUFitnessActor pid=3676291)[0m   x, f, mode, it = slsqp_solve(kind, seeds[k], lb, ub, op, opr, lit, n_ops, params, v0, rho,
[36m(GPUFitnessActor pid=3676291)[0m /home/qaragoez/symclf_clean/symclf/examples/4DCartPolerV10/../DET4Fast4D_V10/slsqp_nb.py:993: NumbaWarning: [1m[1m[1mCannot cache compiled function "_lsq" as it uses dynamic globals (such as ctypes pointers and large global arrays)[0m[0m[0m
[36m(GPUFitnessActor pid=3676291)[0m   x, f, mode, it = slsqp_solve(kind, seeds[k], lb, ub, op, opr, lit, n_ops, params, v0, rho,
[36m(GPUFitnessActor pid=3676291)[0m /home/qaragoez/symclf_clean/symclf/examples/4DCartPolerV10/../DET4Fast4D_V10/slsqp_nb.py:993: NumbaWarning: [1m[1mCannot cache compiled function "slsqp_solve" as it uses dynamic globals (such as ctypes pointers and large global arrays)[0m[0m
[36m(GPUFitnessActor pid=3676291)[0m   x, f, mode, it = slsqp_solve(kind, seeds[k], lb, ub, op, opr, lit, n_ops, params, v0, rho,
[36m(GPUFitnessActor pid=3676290)[0m /home/qaragoez/symclf_clean/symclf/examples/4DCartPolerV10/../DET4Fast4D_V10/slsqp_nb.py:984: NumbaWarning: [1mCannot cache compiled function "slsqp_many" as it uses dynamic globals (such as ctypes pointers and large global arrays)[0m
[36m(GPUFitnessActor pid=3676290)[0m   @njit(cache=True, parallel=True)
[36m(GPUFitnessActor pid=3676292)[0m /home/qaragoez/symclf_clean/symclf/examples/4DCartPolerV10/../DET4Fast4D_V10/slsqp_nb.py:984: NumbaWarning: [1mCannot cache compiled function "slsqp_many" as it uses dynamic globals (such as ctypes pointers and large global arrays)[0m
[36m(GPUFitnessActor pid=3676292)[0m   @njit(cache=True, parallel=True)
[36m(GPUFitnessActor pid=3676291)[0m /home/qaragoez/symclf_clean/symclf/examples/4DCartPolerV10/../DET4Fast4D_V10/slsqp_nb.py:984: NumbaWarning: [1mCannot cache compiled function "slsqp_many" as it uses dynamic globals (such as ctypes pointers and large global arrays)[0m
[36m(GPUFitnessActor pid=3676291)[0m   @njit(cache=True, parallel=True)
[36m(GPUFitnessActor pid=3676293)[0m /home/qaragoez/symclf_clean/symclf/examples/4DCartPolerV10/../DET4Fast4D_V10/slsqp_nb.py:984: NumbaWarning: [1mCannot cache compiled function "slsqp_many" as it uses dynamic globals (such as ctypes pointers and large global arrays)[0m
[36m(GPUFitnessActor pid=3676293)[0m   @njit(cache=True, parallel=True)
[36m(GPUFitnessActor pid=3676288)[0m /home/qaragoez/symclf_clean/symclf/examples/4DCartPolerV10/../DET4Fast4D_V10/slsqp_nb.py:984: NumbaWarning: [1mCannot cache compiled function "slsqp_many" as it uses dynamic globals (such as ctypes pointers and large global arrays)[0m
[36m(GPUFitnessActor pid=3676288)[0m   @njit(cache=True, parallel=True)
[36m(GPUFitnessActor pid=3790974, ip=10.10.2.2)[0m /home/qaragoez/symclf_clean/symclf/examples/4DCartPolerV10/../DET4Fast4D_V10/slsqp_nb.py:993: NumbaWarning: [1m[1m[1m[1m[1m[1m[1mCannot cache compiled function "_nnls" as it uses dynamic globals (such as ctypes pointers and large global arrays)[0m[0m[0m[0m[0m[0m[0m
[36m(GPUFitnessActor pid=3790974, ip=10.10.2.2)[0m   x, f, mode, it = slsqp_solve(kind, seeds[k], lb, ub, op, opr, lit, n_ops, params, v0, rho,
[36m(GPUFitnessActor pid=3790974, ip=10.10.2.2)[0m /home/qaragoez/symclf_clean/symclf/examples/4DCartPolerV10/../DET4Fast4D_V10/slsqp_nb.py:993: NumbaWarning: [1m[1m[1m[1m[1m[1mCannot cache compiled function "_ldp" as it uses dynamic globals (such as ctypes pointers and large global arrays)[0m[0m[0m[0m[0m[0m
[36m(GPUFitnessActor pid=3790974, ip=10.10.2.2)[0m   x, f, mode, it = slsqp_solve(kind, seeds[k], lb, ub, op, opr, lit, n_ops, params, v0, rho,
[36m(GPUFitnessActor pid=3790974, ip=10.10.2.2)[0m /home/qaragoez/symclf_clean/symclf/examples/4DCartPolerV10/../DET4Fast4D_V10/slsqp_nb.py:993: NumbaWarning: [1m[1m[1m[1m[1mCannot cache compiled function "_lsi" as it uses dynamic globals (such as ctypes pointers and large global arrays)[0m[0m[0m[0m[0m
[36m(GPUFitnessActor pid=3790974, ip=10.10.2.2)[0m   x, f, mode, it = slsqp_solve(kind, seeds[k], lb, ub, op, opr, lit, n_ops, params, v0, rho,
[36m(GPUFitnessActor pid=3790974, ip=10.10.2.2)[0m /home/qaragoez/symclf_clean/symclf/examples/4DCartPolerV10/../DET4Fast4D_V10/slsqp_nb.py:993: NumbaWarning: [1m[1m[1m[1mCannot cache compiled function "_lsei" as it uses dynamic globals (such as ctypes pointers and large global arrays)[0m[0m[0m[0m
[36m(GPUFitnessActor pid=3790974, ip=10.10.2.2)[0m   x, f, mode, it = slsqp_solve(kind, seeds[k], lb, ub, op, opr, lit, n_ops, params, v0, rho,
[36m(GPUFitnessActor pid=3790974, ip=10.10.2.2)[0m /home/qaragoez/symclf_clean/symclf/examples/4DCartPolerV10/../DET4Fast4D_V10/slsqp_nb.py:993: NumbaWarning: [1m[1m[1mCannot cache compiled function "_lsq" as it uses dynamic globals (such as ctypes pointers and large global arrays)[0m[0m[0m
[36m(GPUFitnessActor pid=3790974, ip=10.10.2.2)[0m   x, f, mode, it = slsqp_solve(kind, seeds[k], lb, ub, op, opr, lit, n_ops, params, v0, rho,
[36m(GPUFitnessActor pid=3790974, ip=10.10.2.2)[0m /home/qaragoez/symclf_clean/symclf/examples/4DCartPolerV10/../DET4Fast4D_V10/slsqp_nb.py:993: NumbaWarning: [1m[1mCannot cache compiled function "slsqp_solve" as it uses dynamic globals (such as ctypes pointers and large global arrays)[0m[0m
[36m(GPUFitnessActor pid=3790974, ip=10.10.2.2)[0m   x, f, mode, it = slsqp_solve(kind, seeds[k], lb, ub, op, opr, lit, n_ops, params, v0, rho,
[36m(GPUFitnessActor pid=3676297)[0m /home/qaragoez/symclf_clean/symclf/examples/4DCartPolerV10/../DET4Fast4D_V10/slsqp_nb.py:993: NumbaWarning: [1m[1m[1m[1m[1m[1m[1mCannot cache compiled function "_nnls" as it uses dynamic globals (such as ctypes pointers and large global arrays)[0m[0m[0m[0m[0m[0m[0m
[36m(GPUFitnessActor pid=3676297)[0m   x, f, mode, it = slsqp_solve(kind, seeds[k], lb, ub, op, opr, lit, n_ops, params, v0, rho,
[36m(GPUFitnessActor pid=3676297)[0m /home/qaragoez/symclf_clean/symclf/examples/4DCartPolerV10/../DET4Fast4D_V10/slsqp_nb.py:993: NumbaWarning: [1m[1m[1m[1m[1m[1mCannot cache compiled function "_ldp" as it uses dynamic globals (such as ctypes pointers and large global arrays)[0m[0m[0m[0m[0m[0m
[36m(GPUFitnessActor pid=3676297)[0m   x, f, mode, it = slsqp_solve(kind, seeds[k], lb, ub, op, opr, lit, n_ops, params, v0, rho,
[36m(GPUFitnessActor pid=3676297)[0m /home/qaragoez/symclf_clean/symclf/examples/4DCartPolerV10/../DET4Fast4D_V10/slsqp_nb.py:993: NumbaWarning: [1m[1m[1m[1m[1mCannot cache compiled function "_lsi" as it uses dynamic globals (such as ctypes pointers and large global arrays)[0m[0m[0m[0m[0m
[36m(GPUFitnessActor pid=3676297)[0m   x, f, mode, it = slsqp_solve(kind, seeds[k], lb, ub, op, opr, lit, n_ops, params, v0, rho,
[36m(GPUFitnessActor pid=3676297)[0m /home/qaragoez/symclf_clean/symclf/examples/4DCartPolerV10/../DET4Fast4D_V10/slsqp_nb.py:993: NumbaWarning: [1m[1m[1m[1mCannot cache compiled function "_lsei" as it uses dynamic globals (such as ctypes pointers and large global arrays)[0m[0m[0m[0m
[36m(GPUFitnessActor pid=3676297)[0m   x, f, mode, it = slsqp_solve(kind, seeds[k], lb, ub, op, opr, lit, n_ops, params, v0, rho,
[36m(GPUFitnessActor pid=3676297)[0m /home/qaragoez/symclf_clean/symclf/examples/4DCartPolerV10/../DET4Fast4D_V10/slsqp_nb.py:993: NumbaWarning: [1m[1m[1mCannot cache compiled function "_lsq" as it uses dynamic globals (such as ctypes pointers and large global arrays)[0m[0m[0m
[36m(GPUFitnessActor pid=3676297)[0m   x, f, mode, it = slsqp_solve(kind, seeds[k], lb, ub, op, opr, lit, n_ops, params, v0, rho,
[36m(GPUFitnessActor pid=3676297)[0m /home/qaragoez/symclf_clean/symclf/examples/4DCartPolerV10/../DET4Fast4D_V10/slsqp_nb.py:993: NumbaWarning: [1m[1mCannot cache compiled function "slsqp_solve" as it uses dynamic globals (such as ctypes pointers and large global arrays)[0m[0m
[36m(GPUFitnessActor pid=3676297)[0m   x, f, mode, it = slsqp_solve(kind, seeds[k], lb, ub, op, opr, lit, n_ops, params, v0, rho,
[36m(GPUFitnessActor pid=3790982, ip=10.10.2.2)[0m /home/qaragoez/symclf_clean/symclf/examples/4DCartPolerV10/../DET4Fast4D_V10/slsqp_nb.py:993: NumbaWarning: [1m[1m[1m[1m[1m[1m[1mCannot cache compiled function "_nnls" as it uses dynamic globals (such as ctypes pointers and large global arrays)[0m[0m[0m[0m[0m[0m[0m
[36m(GPUFitnessActor pid=3790982, ip=10.10.2.2)[0m   x, f, mode, it = slsqp_solve(kind, seeds[k], lb, ub, op, opr, lit, n_ops, params, v0, rho,
[36m(GPUFitnessActor pid=3790982, ip=10.10.2.2)[0m /home/qaragoez/symclf_clean/symclf/examples/4DCartPolerV10/../DET4Fast4D_V10/slsqp_nb.py:993: NumbaWarning: [1m[1m[1m[1m[1m[1mCannot cache compiled function "_ldp" as it uses dynamic globals (such as ctypes pointers and large global arrays)[0m[0m[0m[0m[0m[0m
[36m(GPUFitnessActor pid=3790982, ip=10.10.2.2)[0m   x, f, mode, it = slsqp_solve(kind, seeds[k], lb, ub, op, opr, lit, n_ops, params, v0, rho,
[36m(GPUFitnessActor pid=3790982, ip=10.10.2.2)[0m /home/qaragoez/symclf_clean/symclf/examples/4DCartPolerV10/../DET4Fast4D_V10/slsqp_nb.py:993: NumbaWarning: [1m[1m[1m[1m[1mCannot cache compiled function "_lsi" as it uses dynamic globals (such as ctypes pointers and large global arrays)[0m[0m[0m[0m[0m
[36m(GPUFitnessActor pid=3790982, ip=10.10.2.2)[0m   x, f, mode, it = slsqp_solve(kind, seeds[k], lb, ub, op, opr, lit, n_ops, params, v0, rho,
[36m(GPUFitnessActor pid=3790982, ip=10.10.2.2)[0m /home/qaragoez/symclf_clean/symclf/examples/4DCartPolerV10/../DET4Fast4D_V10/slsqp_nb.py:993: NumbaWarning: [1m[1m[1m[1mCannot cache compiled function "_lsei" as it uses dynamic globals (such as ctypes pointers and large global arrays)[0m[0m[0m[0m
[36m(GPUFitnessActor pid=3790982, ip=10.10.2.2)[0m   x, f, mode, it = slsqp_solve(kind, seeds[k], lb, ub, op, opr, lit, n_ops, params, v0, rho,
[36m(GPUFitnessActor pid=3790982, ip=10.10.2.2)[0m /home/qaragoez/symclf_clean/symclf/examples/4DCartPolerV10/../DET4Fast4D_V10/slsqp_nb.py:993: NumbaWarning: [1m[1m[1mCannot cache compiled function "_lsq" as it uses dynamic globals (such as ctypes pointers and large global arrays)[0m[0m[0m
[36m(GPUFitnessActor pid=3790982, ip=10.10.2.2)[0m   x, f, mode, it = slsqp_solve(kind, seeds[k], lb, ub, op, opr, lit, n_ops, params, v0, rho,
[36m(GPUFitnessActor pid=3790982, ip=10.10.2.2)[0m /home/qaragoez/symclf_clean/symclf/examples/4DCartPolerV10/../DET4Fast4D_V10/slsqp_nb.py:993: NumbaWarning: [1m[1mCannot cache compiled function "slsqp_solve" as it uses dynamic globals (such as ctypes pointers and large global arrays)[0m[0m
[36m(GPUFitnessActor pid=3790982, ip=10.10.2.2)[0m   x, f, mode, it = slsqp_solve(kind, seeds[k], lb, ub, op, opr, lit, n_ops, params, v0, rho,
[36m(GPUFitnessActor pid=3676295)[0m /home/qaragoez/symclf_clean/symclf/examples/4DCartPolerV10/../DET4Fast4D_V10/slsqp_nb.py:993: NumbaWarning: [1m[1m[1m[1m[1m[1m[1mCannot cache compiled function "_nnls" as it uses dynamic globals (such as ctypes pointers and large global arrays)[0m[0m[0m[0m[0m[0m[0m
[36m(GPUFitnessActor pid=3676295)[0m   x, f, mode, it = slsqp_solve(kind, seeds[k], lb, ub, op, opr, lit, n_ops, params, v0, rho,
[36m(GPUFitnessActor pid=3676295)[0m /home/qaragoez/symclf_clean/symclf/examples/4DCartPolerV10/../DET4Fast4D_V10/slsqp_nb.py:993: NumbaWarning: [1m[1m[1m[1m[1m[1mCannot cache compiled function "_ldp" as it uses dynamic globals (such as ctypes pointers and large global arrays)[0m[0m[0m[0m[0m[0m
[36m(GPUFitnessActor pid=3676295)[0m   x, f, mode, it = slsqp_solve(kind, seeds[k], lb, ub, op, opr, lit, n_ops, params, v0, rho,
[36m(GPUFitnessActor pid=3676295)[0m /home/qaragoez/symclf_clean/symclf/examples/4DCartPolerV10/../DET4Fast4D_V10/slsqp_nb.py:993: NumbaWarning: [1m[1m[1m[1m[1mCannot cache compiled function "_lsi" as it uses dynamic globals (such as ctypes pointers and large global arrays)[0m[0m[0m[0m[0m
[36m(GPUFitnessActor pid=3676295)[0m   x, f, mode, it = slsqp_solve(kind, seeds[k], lb, ub, op, opr, lit, n_ops, params, v0, rho,
[36m(GPUFitnessActor pid=3676295)[0m /home/qaragoez/symclf_clean/symclf/examples/4DCartPolerV10/../DET4Fast4D_V10/slsqp_nb.py:993: NumbaWarning: [1m[1m[1m[1mCannot cache compiled function "_lsei" as it uses dynamic globals (such as ctypes pointers and large global arrays)[0m[0m[0m[0m
[36m(GPUFitnessActor pid=3676295)[0m   x, f, mode, it = slsqp_solve(kind, seeds[k], lb, ub, op, opr, lit, n_ops, params, v0, rho,
[36m(GPUFitnessActor pid=3676295)[0m /home/qaragoez/symclf_clean/symclf/examples/4DCartPolerV10/../DET4Fast4D_V10/slsqp_nb.py:993: NumbaWarning: [1m[1m[1mCannot cache compiled function "_lsq" as it uses dynamic globals (such as ctypes pointers and large global arrays)[0m[0m[0m
[36m(GPUFitnessActor pid=3676295)[0m   x, f, mode, it = slsqp_solve(kind, seeds[k], lb, ub, op, opr, lit, n_ops, params, v0, rho,
[36m(GPUFitnessActor pid=3676295)[0m /home/qaragoez/symclf_clean/symclf/examples/4DCartPolerV10/../DET4Fast4D_V10/slsqp_nb.py:993: NumbaWarning: [1m[1mCannot cache compiled function "slsqp_solve" as it uses dynamic globals (such as ctypes pointers and large global arrays)[0m[0m
[36m(GPUFitnessActor pid=3676295)[0m   x, f, mode, it = slsqp_solve(kind, seeds[k], lb, ub, op, opr, lit, n_ops, params, v0, rho,
[36m(GPUFitnessActor pid=3790976, ip=10.10.2.2)[0m /home/qaragoez/symclf_clean/symclf/examples/4DCartPolerV10/../DET4Fast4D_V10/slsqp_nb.py:993: NumbaWarning: [1m[1m[1m[1m[1m[1m[1mCannot cache compiled function "_nnls" as it uses dynamic globals (such as ctypes pointers and large global arrays)[0m[0m[0m[0m[0m[0m[0m
[36m(GPUFitnessActor pid=3790976, ip=10.10.2.2)[0m   x, f, mode, it = slsqp_solve(kind, seeds[k], lb, ub, op, opr, lit, n_ops, params, v0, rho,
[36m(GPUFitnessActor pid=3790976, ip=10.10.2.2)[0m /home/qaragoez/symclf_clean/symclf/examples/4DCartPolerV10/../DET4Fast4D_V10/slsqp_nb.py:993: NumbaWarning: [1m[1m[1m[1m[1m[1mCannot cache compiled function "_ldp" as it uses dynamic globals (such as ctypes pointers and large global arrays)[0m[0m[0m[0m[0m[0m
[36m(GPUFitnessActor pid=3790976, ip=10.10.2.2)[0m   x, f, mode, it = slsqp_solve(kind, seeds[k], lb, ub, op, opr, lit, n_ops, params, v0, rho,
[36m(GPUFitnessActor pid=3790976, ip=10.10.2.2)[0m /home/qaragoez/symclf_clean/symclf/examples/4DCartPolerV10/../DET4Fast4D_V10/slsqp_nb.py:993: NumbaWarning: [1m[1m[1m[1m[1mCannot cache compiled function "_lsi" as it uses dynamic globals (such as ctypes pointers and large global arrays)[0m[0m[0m[0m[0m
[36m(GPUFitnessActor pid=3790976, ip=10.10.2.2)[0m   x, f, mode, it = slsqp_solve(kind, seeds[k], lb, ub, op, opr, lit, n_ops, params, v0, rho,
[36m(GPUFitnessActor pid=3790976, ip=10.10.2.2)[0m /home/qaragoez/symclf_clean/symclf/examples/4DCartPolerV10/../DET4Fast4D_V10/slsqp_nb.py:993: NumbaWarning: [1m[1m[1m[1mCannot cache compiled function "_lsei" as it uses dynamic globals (such as ctypes pointers and large global arrays)[0m[0m[0m[0m
[36m(GPUFitnessActor pid=3790976, ip=10.10.2.2)[0m   x, f, mode, it = slsqp_solve(kind, seeds[k], lb, ub, op, opr, lit, n_ops, params, v0, rho,
[36m(GPUFitnessActor pid=3790976, ip=10.10.2.2)[0m /home/qaragoez/symclf_clean/symclf/examples/4DCartPolerV10/../DET4Fast4D_V10/slsqp_nb.py:993: NumbaWarning: [1m[1m[1mCannot cache compiled function "_lsq" as it uses dynamic globals (such as ctypes pointers and large global arrays)[0m[0m[0m
[36m(GPUFitnessActor pid=3790976, ip=10.10.2.2)[0m   x, f, mode, it = slsqp_solve(kind, seeds[k], lb, ub, op, opr, lit, n_ops, params, v0, rho,
[36m(GPUFitnessActor pid=3790976, ip=10.10.2.2)[0m /home/qaragoez/symclf_clean/symclf/examples/4DCartPolerV10/../DET4Fast4D_V10/slsqp_nb.py:993: NumbaWarning: [1m[1mCannot cache compiled function "slsqp_solve" as it uses dynamic globals (such as ctypes pointers and large global arrays)[0m[0m
[36m(GPUFitnessActor pid=3790976, ip=10.10.2.2)[0m   x, f, mode, it = slsqp_solve(kind, seeds[k], lb, ub, op, opr, lit, n_ops, params, v0, rho,
[36m(GPUFitnessActor pid=3676294)[0m /home/qaragoez/symclf_clean/symclf/examples/4DCartPolerV10/../DET4Fast4D_V10/slsqp_nb.py:993: NumbaWarning: [1m[1m[1m[1m[1m[1m[1mCannot cache compiled function "_nnls" as it uses dynamic globals (such as ctypes pointers and large global arrays)[0m[0m[0m[0m[0m[0m[0m
[36m(GPUFitnessActor pid=3676294)[0m   x, f, mode, it = slsqp_solve(kind, seeds[k], lb, ub, op, opr, lit, n_ops, params, v0, rho,
[36m(GPUFitnessActor pid=3676294)[0m /home/qaragoez/symclf_clean/symclf/examples/4DCartPolerV10/../DET4Fast4D_V10/slsqp_nb.py:993: NumbaWarning: [1m[1m[1m[1m[1m[1mCannot cache compiled function "_ldp" as it uses dynamic globals (such as ctypes pointers and large global arrays)[0m[0m[0m[0m[0m[0m
[36m(GPUFitnessActor pid=3676294)[0m   x, f, mode, it = slsqp_solve(kind, seeds[k], lb, ub, op, opr, lit, n_ops, params, v0, rho,
[36m(GPUFitnessActor pid=3676294)[0m /home/qaragoez/symclf_clean/symclf/examples/4DCartPolerV10/../DET4Fast4D_V10/slsqp_nb.py:993: NumbaWarning: [1m[1m[1m[1m[1mCannot cache compiled function "_lsi" as it uses dynamic globals (such as ctypes pointers and large global arrays)[0m[0m[0m[0m[0m
[36m(GPUFitnessActor pid=3676294)[0m   x, f, mode, it = slsqp_solve(kind, seeds[k], lb, ub, op, opr, lit, n_ops, params, v0, rho,
[36m(GPUFitnessActor pid=3676294)[0m /home/qaragoez/symclf_clean/symclf/examples/4DCartPolerV10/../DET4Fast4D_V10/slsqp_nb.py:993: NumbaWarning: [1m[1m[1m[1mCannot cache compiled function "_lsei" as it uses dynamic globals (such as ctypes pointers and large global arrays)[0m[0m[0m[0m
[36m(GPUFitnessActor pid=3676294)[0m   x, f, mode, it = slsqp_solve(kind, seeds[k], lb, ub, op, opr, lit, n_ops, params, v0, rho,
[36m(GPUFitnessActor pid=3676294)[0m /home/qaragoez/symclf_clean/symclf/examples/4DCartPolerV10/../DET4Fast4D_V10/slsqp_nb.py:993: NumbaWarning: [1m[1m[1mCannot cache compiled function "_lsq" as it uses dynamic globals (such as ctypes pointers and large global arrays)[0m[0m[0m
[36m(GPUFitnessActor pid=3676294)[0m   x, f, mode, it = slsqp_solve(kind, seeds[k], lb, ub, op, opr, lit, n_ops, params, v0, rho,
[36m(GPUFitnessActor pid=3676294)[0m /home/qaragoez/symclf_clean/symclf/examples/4DCartPolerV10/../DET4Fast4D_V10/slsqp_nb.py:993: NumbaWarning: [1m[1mCannot cache compiled function "slsqp_solve" as it uses dynamic globals (such as ctypes pointers and large global arrays)[0m[0m
[36m(GPUFitnessActor pid=3676294)[0m   x, f, mode, it = slsqp_solve(kind, seeds[k], lb, ub, op, opr, lit, n_ops, params, v0, rho,
[36m(GPUFitnessActor pid=3790975, ip=10.10.2.2)[0m /home/qaragoez/symclf_clean/symclf/examples/4DCartPolerV10/../DET4Fast4D_V10/slsqp_nb.py:993: NumbaWarning: [1m[1m[1m[1m[1m[1m[1mCannot cache compiled function "_nnls" as it uses dynamic globals (such as ctypes pointers and large global arrays)[0m[0m[0m[0m[0m[0m[0m
[36m(GPUFitnessActor pid=3790975, ip=10.10.2.2)[0m   x, f, mode, it = slsqp_solve(kind, seeds[k], lb, ub, op, opr, lit, n_ops, params, v0, rho,
[36m(GPUFitnessActor pid=3790975, ip=10.10.2.2)[0m /home/qaragoez/symclf_clean/symclf/examples/4DCartPolerV10/../DET4Fast4D_V10/slsqp_nb.py:993: NumbaWarning: [1m[1m[1m[1m[1m[1mCannot cache compiled function "_ldp" as it uses dynamic globals (such as ctypes pointers and large global arrays)[0m[0m[0m[0m[0m[0m
[36m(GPUFitnessActor pid=3790975, ip=10.10.2.2)[0m   x, f, mode, it = slsqp_solve(kind, seeds[k], lb, ub, op, opr, lit, n_ops, params, v0, rho,
[36m(GPUFitnessActor pid=3790975, ip=10.10.2.2)[0m /home/qaragoez/symclf_clean/symclf/examples/4DCartPolerV10/../DET4Fast4D_V10/slsqp_nb.py:993: NumbaWarning: [1m[1m[1m[1m[1mCannot cache compiled function "_lsi" as it uses dynamic globals (such as ctypes pointers and large global arrays)[0m[0m[0m[0m[0m
[36m(GPUFitnessActor pid=3790975, ip=10.10.2.2)[0m   x, f, mode, it = slsqp_solve(kind, seeds[k], lb, ub, op, opr, lit, n_ops, params, v0, rho,
[36m(GPUFitnessActor pid=3790975, ip=10.10.2.2)[0m /home/qaragoez/symclf_clean/symclf/examples/4DCartPolerV10/../DET4Fast4D_V10/slsqp_nb.py:993: NumbaWarning: [1m[1m[1m[1mCannot cache compiled function "_lsei" as it uses dynamic globals (such as ctypes pointers and large global arrays)[0m[0m[0m[0m
[36m(GPUFitnessActor pid=3790975, ip=10.10.2.2)[0m   x, f, mode, it = slsqp_solve(kind, seeds[k], lb, ub, op, opr, lit, n_ops, params, v0, rho,
[36m(GPUFitnessActor pid=3790975, ip=10.10.2.2)[0m /home/qaragoez/symclf_clean/symclf/examples/4DCartPolerV10/../DET4Fast4D_V10/slsqp_nb.py:993: NumbaWarning: [1m[1m[1mCannot cache compiled function "_lsq" as it uses dynamic globals (such as ctypes pointers and large global arrays)[0m[0m[0m
[36m(GPUFitnessActor pid=3790975, ip=10.10.2.2)[0m   x, f, mode, it = slsqp_solve(kind, seeds[k], lb, ub, op, opr, lit, n_ops, params, v0, rho,
[36m(GPUFitnessActor pid=3790975, ip=10.10.2.2)[0m /home/qaragoez/symclf_clean/symclf/examples/4DCartPolerV10/../DET4Fast4D_V10/slsqp_nb.py:993: NumbaWarning: [1m[1mCannot cache compiled function "slsqp_solve" as it uses dynamic globals (such as ctypes pointers and large global arrays)[0m[0m
[36m(GPUFitnessActor pid=3790975, ip=10.10.2.2)[0m   x, f, mode, it = slsqp_solve(kind, seeds[k], lb, ub, op, opr, lit, n_ops, params, v0, rho,
[36m(GPUFitnessActor pid=3790974, ip=10.10.2.2)[0m /home/qaragoez/symclf_clean/symclf/examples/4DCartPolerV10/../DET4Fast4D_V10/slsqp_nb.py:984: NumbaWarning: [1mCannot cache compiled function "slsqp_many" as it uses dynamic globals (such as ctypes pointers and large global arrays)[0m
[36m(GPUFitnessActor pid=3790974, ip=10.10.2.2)[0m   @njit(cache=True, parallel=True)
[36m(GPUFitnessActor pid=3676297)[0m /home/qaragoez/symclf_clean/symclf/examples/4DCartPolerV10/../DET4Fast4D_V10/slsqp_nb.py:984: NumbaWarning: [1mCannot cache compiled function "slsqp_many" as it uses dynamic globals (such as ctypes pointers and large global arrays)[0m
[36m(GPUFitnessActor pid=3676297)[0m   @njit(cache=True, parallel=True)
[36m(GPUFitnessActor pid=3790982, ip=10.10.2.2)[0m /home/qaragoez/symclf_clean/symclf/examples/4DCartPolerV10/../DET4Fast4D_V10/slsqp_nb.py:984: NumbaWarning: [1mCannot cache compiled function "slsqp_many" as it uses dynamic globals (such as ctypes pointers and large global arrays)[0m
[36m(GPUFitnessActor pid=3790982, ip=10.10.2.2)[0m   @njit(cache=True, parallel=True)
[36m(GPUFitnessActor pid=3676295)[0m /home/qaragoez/symclf_clean/symclf/examples/4DCartPolerV10/../DET4Fast4D_V10/slsqp_nb.py:984: NumbaWarning: [1mCannot cache compiled function "slsqp_many" as it uses dynamic globals (such as ctypes pointers and large global arrays)[0m
[36m(GPUFitnessActor pid=3676295)[0m   @njit(cache=True, parallel=True)
[36m(GPUFitnessActor pid=3676294)[0m /home/qaragoez/symclf_clean/symclf/examples/4DCartPolerV10/../DET4Fast4D_V10/slsqp_nb.py:984: NumbaWarning: [1mCannot cache compiled function "slsqp_many" as it uses dynamic globals (such as ctypes pointers and large global arrays)[0m
[36m(GPUFitnessActor pid=3676294)[0m   @njit(cache=True, parallel=True)
[36m(GPUFitnessActor pid=3790976, ip=10.10.2.2)[0m /home/qaragoez/symclf_clean/symclf/examples/4DCartPolerV10/../DET4Fast4D_V10/slsqp_nb.py:984: NumbaWarning: [1mCannot cache compiled function "slsqp_many" as it uses dynamic globals (such as ctypes pointers and large global arrays)[0m
[36m(GPUFitnessActor pid=3790976, ip=10.10.2.2)[0m   @njit(cache=True, parallel=True)
[36m(GPUFitnessActor pid=3790975, ip=10.10.2.2)[0m /home/qaragoez/symclf_clean/symclf/examples/4DCartPolerV10/../DET4Fast4D_V10/slsqp_nb.py:984: NumbaWarning: [1mCannot cache compiled function "slsqp_many" as it uses dynamic globals (such as ctypes pointers and large global arrays)[0m
[36m(GPUFitnessActor pid=3790975, ip=10.10.2.2)[0m   @njit(cache=True, parallel=True)
[36m(GPUFitnessActor pid=3790979, ip=10.10.2.2)[0m /home/qaragoez/symclf_clean/symclf/examples/4DCartPolerV10/../DET4Fast4D_V10/slsqp_nb.py:993: NumbaWarning: [1m[1m[1m[1m[1m[1m[1mCannot cache compiled function "_nnls" as it uses dynamic globals (such as ctypes pointers and large global arrays)[0m[0m[0m[0m[0m[0m[0m
[36m(GPUFitnessActor pid=3790979, ip=10.10.2.2)[0m   x, f, mode, it = slsqp_solve(kind, seeds[k], lb, ub, op, opr, lit, n_ops, params, v0, rho,
[36m(GPUFitnessActor pid=3790979, ip=10.10.2.2)[0m /home/qaragoez/symclf_clean/symclf/examples/4DCartPolerV10/../DET4Fast4D_V10/slsqp_nb.py:993: NumbaWarning: [1m[1m[1m[1m[1m[1mCannot cache compiled function "_ldp" as it uses dynamic globals (such as ctypes pointers and large global arrays)[0m[0m[0m[0m[0m[0m
[36m(GPUFitnessActor pid=3790979, ip=10.10.2.2)[0m   x, f, mode, it = slsqp_solve(kind, seeds[k], lb, ub, op, opr, lit, n_ops, params, v0, rho,
[36m(GPUFitnessActor pid=3790979, ip=10.10.2.2)[0m /home/qaragoez/symclf_clean/symclf/examples/4DCartPolerV10/../DET4Fast4D_V10/slsqp_nb.py:993: NumbaWarning: [1m[1m[1m[1m[1mCannot cache compiled function "_lsi" as it uses dynamic globals (such as ctypes pointers and large global arrays)[0m[0m[0m[0m[0m
[36m(GPUFitnessActor pid=3790979, ip=10.10.2.2)[0m   x, f, mode, it = slsqp_solve(kind, seeds[k], lb, ub, op, opr, lit, n_ops, params, v0, rho,
[36m(GPUFitnessActor pid=3790979, ip=10.10.2.2)[0m /home/qaragoez/symclf_clean/symclf/examples/4DCartPolerV10/../DET4Fast4D_V10/slsqp_nb.py:993: NumbaWarning: [1m[1m[1m[1mCannot cache compiled function "_lsei" as it uses dynamic globals (such as ctypes pointers and large global arrays)[0m[0m[0m[0m
[36m(GPUFitnessActor pid=3790979, ip=10.10.2.2)[0m   x, f, mode, it = slsqp_solve(kind, seeds[k], lb, ub, op, opr, lit, n_ops, params, v0, rho,
[36m(GPUFitnessActor pid=3790979, ip=10.10.2.2)[0m /home/qaragoez/symclf_clean/symclf/examples/4DCartPolerV10/../DET4Fast4D_V10/slsqp_nb.py:993: NumbaWarning: [1m[1m[1mCannot cache compiled function "_lsq" as it uses dynamic globals (such as ctypes pointers and large global arrays)[0m[0m[0m
[36m(GPUFitnessActor pid=3790979, ip=10.10.2.2)[0m   x, f, mode, it = slsqp_solve(kind, seeds[k], lb, ub, op, opr, lit, n_ops, params, v0, rho,
[36m(GPUFitnessActor pid=3790979, ip=10.10.2.2)[0m /home/qaragoez/symclf_clean/symclf/examples/4DCartPolerV10/../DET4Fast4D_V10/slsqp_nb.py:993: NumbaWarning: [1m[1mCannot cache compiled function "slsqp_solve" as it uses dynamic globals (such as ctypes pointers and large global arrays)[0m[0m
[36m(GPUFitnessActor pid=3790979, ip=10.10.2.2)[0m   x, f, mode, it = slsqp_solve(kind, seeds[k], lb, ub, op, opr, lit, n_ops, params, v0, rho,
[36m(GPUFitnessActor pid=3790978, ip=10.10.2.2)[0m /home/qaragoez/symclf_clean/symclf/examples/4DCartPolerV10/../DET4Fast4D_V10/slsqp_nb.py:993: NumbaWarning: [1m[1m[1m[1m[1m[1m[1mCannot cache compiled function "_nnls" as it uses dynamic globals (such as ctypes pointers and large global arrays)[0m[0m[0m[0m[0m[0m[0m
[36m(GPUFitnessActor pid=3790978, ip=10.10.2.2)[0m   x, f, mode, it = slsqp_solve(kind, seeds[k], lb, ub, op, opr, lit, n_ops, params, v0, rho,
[36m(GPUFitnessActor pid=3790978, ip=10.10.2.2)[0m /home/qaragoez/symclf_clean/symclf/examples/4DCartPolerV10/../DET4Fast4D_V10/slsqp_nb.py:993: NumbaWarning: [1m[1m[1m[1m[1m[1mCannot cache compiled function "_ldp" as it uses dynamic globals (such as ctypes pointers and large global arrays)[0m[0m[0m[0m[0m[0m
[36m(GPUFitnessActor pid=3790978, ip=10.10.2.2)[0m   x, f, mode, it = slsqp_solve(kind, seeds[k], lb, ub, op, opr, lit, n_ops, params, v0, rho,
[36m(GPUFitnessActor pid=3790978, ip=10.10.2.2)[0m /home/qaragoez/symclf_clean/symclf/examples/4DCartPolerV10/../DET4Fast4D_V10/slsqp_nb.py:993: NumbaWarning: [1m[1m[1m[1m[1mCannot cache compiled function "_lsi" as it uses dynamic globals (such as ctypes pointers and large global arrays)[0m[0m[0m[0m[0m
[36m(GPUFitnessActor pid=3790978, ip=10.10.2.2)[0m   x, f, mode, it = slsqp_solve(kind, seeds[k], lb, ub, op, opr, lit, n_ops, params, v0, rho,
[36m(GPUFitnessActor pid=3790978, ip=10.10.2.2)[0m /home/qaragoez/symclf_clean/symclf/examples/4DCartPolerV10/../DET4Fast4D_V10/slsqp_nb.py:993: NumbaWarning: [1m[1m[1m[1mCannot cache compiled function "_lsei" as it uses dynamic globals (such as ctypes pointers and large global arrays)[0m[0m[0m[0m
[36m(GPUFitnessActor pid=3790978, ip=10.10.2.2)[0m   x, f, mode, it = slsqp_solve(kind, seeds[k], lb, ub, op, opr, lit, n_ops, params, v0, rho,
[36m(GPUFitnessActor pid=3790978, ip=10.10.2.2)[0m /home/qaragoez/symclf_clean/symclf/examples/4DCartPolerV10/../DET4Fast4D_V10/slsqp_nb.py:993: NumbaWarning: [1m[1m[1mCannot cache compiled function "_lsq" as it uses dynamic globals (such as ctypes pointers and large global arrays)[0m[0m[0m
[36m(GPUFitnessActor pid=3790978, ip=10.10.2.2)[0m   x, f, mode, it = slsqp_solve(kind, seeds[k], lb, ub, op, opr, lit, n_ops, params, v0, rho,
[36m(GPUFitnessActor pid=3790978, ip=10.10.2.2)[0m /home/qaragoez/symclf_clean/symclf/examples/4DCartPolerV10/../DET4Fast4D_V10/slsqp_nb.py:993: NumbaWarning: [1m[1mCannot cache compiled function "slsqp_solve" as it uses dynamic globals (such as ctypes pointers and large global arrays)[0m[0m
[36m(GPUFitnessActor pid=3790978, ip=10.10.2.2)[0m   x, f, mode, it = slsqp_solve(kind, seeds[k], lb, ub, op, opr, lit, n_ops, params, v0, rho,
[36m(GPUFitnessActor pid=3790977, ip=10.10.2.2)[0m /home/qaragoez/symclf_clean/symclf/examples/4DCartPolerV10/../DET4Fast4D_V10/slsqp_nb.py:993: NumbaWarning: [1m[1m[1m[1m[1m[1m[1mCannot cache compiled function "_nnls" as it uses dynamic globals (such as ctypes pointers and large global arrays)[0m[0m[0m[0m[0m[0m[0m
[36m(GPUFitnessActor pid=3790977, ip=10.10.2.2)[0m   x, f, mode, it = slsqp_solve(kind, seeds[k], lb, ub, op, opr, lit, n_ops, params, v0, rho,
[36m(GPUFitnessActor pid=3790977, ip=10.10.2.2)[0m /home/qaragoez/symclf_clean/symclf/examples/4DCartPolerV10/../DET4Fast4D_V10/slsqp_nb.py:993: NumbaWarning: [1m[1m[1m[1m[1m[1mCannot cache compiled function "_ldp" as it uses dynamic globals (such as ctypes pointers and large global arrays)[0m[0m[0m[0m[0m[0m
[36m(GPUFitnessActor pid=3790977, ip=10.10.2.2)[0m   x, f, mode, it = slsqp_solve(kind, seeds[k], lb, ub, op, opr, lit, n_ops, params, v0, rho,
[36m(GPUFitnessActor pid=3790977, ip=10.10.2.2)[0m /home/qaragoez/symclf_clean/symclf/examples/4DCartPolerV10/../DET4Fast4D_V10/slsqp_nb.py:993: NumbaWarning: [1m[1m[1m[1m[1mCannot cache compiled function "_lsi" as it uses dynamic globals (such as ctypes pointers and large global arrays)[0m[0m[0m[0m[0m
[36m(GPUFitnessActor pid=3790977, ip=10.10.2.2)[0m   x, f, mode, it = slsqp_solve(kind, seeds[k], lb, ub, op, opr, lit, n_ops, params, v0, rho,
[36m(GPUFitnessActor pid=3790977, ip=10.10.2.2)[0m /home/qaragoez/symclf_clean/symclf/examples/4DCartPolerV10/../DET4Fast4D_V10/slsqp_nb.py:993: NumbaWarning: [1m[1m[1m[1mCannot cache compiled function "_lsei" as it uses dynamic globals (such as ctypes pointers and large global arrays)[0m[0m[0m[0m
[36m(GPUFitnessActor pid=3790977, ip=10.10.2.2)[0m   x, f, mode, it = slsqp_solve(kind, seeds[k], lb, ub, op, opr, lit, n_ops, params, v0, rho,
[36m(GPUFitnessActor pid=3790977, ip=10.10.2.2)[0m /home/qaragoez/symclf_clean/symclf/examples/4DCartPolerV10/../DET4Fast4D_V10/slsqp_nb.py:993: NumbaWarning: [1m[1m[1mCannot cache compiled function "_lsq" as it uses dynamic globals (such as ctypes pointers and large global arrays)[0m[0m[0m
[36m(GPUFitnessActor pid=3790977, ip=10.10.2.2)[0m   x, f, mode, it = slsqp_solve(kind, seeds[k], lb, ub, op, opr, lit, n_ops, params, v0, rho,
[36m(GPUFitnessActor pid=3790977, ip=10.10.2.2)[0m /home/qaragoez/symclf_clean/symclf/examples/4DCartPolerV10/../DET4Fast4D_V10/slsqp_nb.py:993: NumbaWarning: [1m[1mCannot cache compiled function "slsqp_solve" as it uses dynamic globals (such as ctypes pointers and large global arrays)[0m[0m
[36m(GPUFitnessActor pid=3790977, ip=10.10.2.2)[0m   x, f, mode, it = slsqp_solve(kind, seeds[k], lb, ub, op, opr, lit, n_ops, params, v0, rho,
[36m(GPUFitnessActor pid=3790979, ip=10.10.2.2)[0m /home/qaragoez/symclf_clean/symclf/examples/4DCartPolerV10/../DET4Fast4D_V10/slsqp_nb.py:984: NumbaWarning: [1mCannot cache compiled function "slsqp_many" as it uses dynamic globals (such as ctypes pointers and large global arrays)[0m
[36m(GPUFitnessActor pid=3790979, ip=10.10.2.2)[0m   @njit(cache=True, parallel=True)
[36m(GPUFitnessActor pid=3790978, ip=10.10.2.2)[0m /home/qaragoez/symclf_clean/symclf/examples/4DCartPolerV10/../DET4Fast4D_V10/slsqp_nb.py:984: NumbaWarning: [1mCannot cache compiled function "slsqp_many" as it uses dynamic globals (such as ctypes pointers and large global arrays)[0m
[36m(GPUFitnessActor pid=3790978, ip=10.10.2.2)[0m   @njit(cache=True, parallel=True)
[36m(GPUFitnessActor pid=3790977, ip=10.10.2.2)[0m /home/qaragoez/symclf_clean/symclf/examples/4DCartPolerV10/../DET4Fast4D_V10/slsqp_nb.py:984: NumbaWarning: [1mCannot cache compiled function "slsqp_many" as it uses dynamic globals (such as ctypes pointers and large global arrays)[0m
[36m(GPUFitnessActor pid=3790977, ip=10.10.2.2)[0m   @njit(cache=True, parallel=True)
[36m(CPUDet4Actor pid=3792446, ip=10.10.2.2)[0m /home/qaragoez/symclf_clean/symclf/examples/4DCartPolerV10/../DET4Fast4D_V10/slsqp_nb.py:993: NumbaWarning: [1m[1m[1m[1m[1m[1m[1mCannot cache compiled function "_nnls" as it uses dynamic globals (such as ctypes pointers and large global arrays)[0m[0m[0m[0m[0m[0m[0m
[36m(CPUDet4Actor pid=3792446, ip=10.10.2.2)[0m   x, f, mode, it = slsqp_solve(kind, seeds[k], lb, ub, op, opr, lit, n_ops, params, v0, rho,
[36m(CPUDet4Actor pid=3792446, ip=10.10.2.2)[0m /home/qaragoez/symclf_clean/symclf/examples/4DCartPolerV10/../DET4Fast4D_V10/slsqp_nb.py:993: NumbaWarning: [1m[1m[1m[1m[1m[1mCannot cache compiled function "_ldp" as it uses dynamic globals (such as ctypes pointers and large global arrays)[0m[0m[0m[0m[0m[0m
[36m(CPUDet4Actor pid=3792446, ip=10.10.2.2)[0m   x, f, mode, it = slsqp_solve(kind, seeds[k], lb, ub, op, opr, lit, n_ops, params, v0, rho,
[36m(CPUDet4Actor pid=3792446, ip=10.10.2.2)[0m /home/qaragoez/symclf_clean/symclf/examples/4DCartPolerV10/../DET4Fast4D_V10/slsqp_nb.py:993: NumbaWarning: [1m[1m[1m[1m[1mCannot cache compiled function "_lsi" as it uses dynamic globals (such as ctypes pointers and large global arrays)[0m[0m[0m[0m[0m
[36m(CPUDet4Actor pid=3792446, ip=10.10.2.2)[0m   x, f, mode, it = slsqp_solve(kind, seeds[k], lb, ub, op, opr, lit, n_ops, params, v0, rho,
[36m(CPUDet4Actor pid=3792446, ip=10.10.2.2)[0m /home/qaragoez/symclf_clean/symclf/examples/4DCartPolerV10/../DET4Fast4D_V10/slsqp_nb.py:993: NumbaWarning: [1m[1m[1m[1mCannot cache compiled function "_lsei" as it uses dynamic globals (such as ctypes pointers and large global arrays)[0m[0m[0m[0m
[36m(CPUDet4Actor pid=3792446, ip=10.10.2.2)[0m   x, f, mode, it = slsqp_solve(kind, seeds[k], lb, ub, op, opr, lit, n_ops, params, v0, rho,
[36m(CPUDet4Actor pid=3792446, ip=10.10.2.2)[0m /home/qaragoez/symclf_clean/symclf/examples/4DCartPolerV10/../DET4Fast4D_V10/slsqp_nb.py:993: NumbaWarning: [1m[1m[1mCannot cache compiled function "_lsq" as it uses dynamic globals (such as ctypes pointers and large global arrays)[0m[0m[0m
[36m(CPUDet4Actor pid=3792446, ip=10.10.2.2)[0m   x, f, mode, it = slsqp_solve(kind, seeds[k], lb, ub, op, opr, lit, n_ops, params, v0, rho,
[36m(CPUDet4Actor pid=3792446, ip=10.10.2.2)[0m /home/qaragoez/symclf_clean/symclf/examples/4DCartPolerV10/../DET4Fast4D_V10/slsqp_nb.py:993: NumbaWarning: [1m[1mCannot cache compiled function "slsqp_solve" as it uses dynamic globals (such as ctypes pointers and large global arrays)[0m[0m
[36m(CPUDet4Actor pid=3792446, ip=10.10.2.2)[0m   x, f, mode, it = slsqp_solve(kind, seeds[k], lb, ub, op, opr, lit, n_ops, params, v0, rho,
[36m(CPUDet4Actor pid=3792469, ip=10.10.2.2)[0m /home/qaragoez/symclf_clean/symclf/examples/4DCartPolerV10/../DET4Fast4D_V10/slsqp_nb.py:993: NumbaWarning: [1m[1m[1m[1m[1m[1m[1mCannot cache compiled function "_nnls" as it uses dynamic globals (such as ctypes pointers and large global arrays)[0m[0m[0m[0m[0m[0m[0m
[36m(CPUDet4Actor pid=3792469, ip=10.10.2.2)[0m   x, f, mode, it = slsqp_solve(kind, seeds[k], lb, ub, op, opr, lit, n_ops, params, v0, rho,
[36m(CPUDet4Actor pid=3792469, ip=10.10.2.2)[0m /home/qaragoez/symclf_clean/symclf/examples/4DCartPolerV10/../DET4Fast4D_V10/slsqp_nb.py:993: NumbaWarning: [1m[1m[1m[1m[1m[1mCannot cache compiled function "_ldp" as it uses dynamic globals (such as ctypes pointers and large global arrays)[0m[0m[0m[0m[0m[0m
[36m(CPUDet4Actor pid=3792469, ip=10.10.2.2)[0m   x, f, mode, it = slsqp_solve(kind, seeds[k], lb, ub, op, opr, lit, n_ops, params, v0, rho,
[36m(CPUDet4Actor pid=3792469, ip=10.10.2.2)[0m /home/qaragoez/symclf_clean/symclf/examples/4DCartPolerV10/../DET4Fast4D_V10/slsqp_nb.py:993: NumbaWarning: [1m[1m[1m[1m[1mCannot cache compiled function "_lsi" as it uses dynamic globals (such as ctypes pointers and large global arrays)[0m[0m[0m[0m[0m
[36m(CPUDet4Actor pid=3792469, ip=10.10.2.2)[0m   x, f, mode, it = slsqp_solve(kind, seeds[k], lb, ub, op, opr, lit, n_ops, params, v0, rho,
[36m(CPUDet4Actor pid=3792469, ip=10.10.2.2)[0m /home/qaragoez/symclf_clean/symclf/examples/4DCartPolerV10/../DET4Fast4D_V10/slsqp_nb.py:993: NumbaWarning: [1m[1m[1m[1mCannot cache compiled function "_lsei" as it uses dynamic globals (such as ctypes pointers and large global arrays)[0m[0m[0m[0m
[36m(CPUDet4Actor pid=3792469, ip=10.10.2.2)[0m   x, f, mode, it = slsqp_solve(kind, seeds[k], lb, ub, op, opr, lit, n_ops, params, v0, rho,
[36m(CPUDet4Actor pid=3792469, ip=10.10.2.2)[0m /home/qaragoez/symclf_clean/symclf/examples/4DCartPolerV10/../DET4Fast4D_V10/slsqp_nb.py:993: NumbaWarning: [1m[1m[1mCannot cache compiled function "_lsq" as it uses dynamic globals (such as ctypes pointers and large global arrays)[0m[0m[0m
[36m(CPUDet4Actor pid=3792469, ip=10.10.2.2)[0m   x, f, mode, it = slsqp_solve(kind, seeds[k], lb, ub, op, opr, lit, n_ops, params, v0, rho,
[36m(CPUDet4Actor pid=3792469, ip=10.10.2.2)[0m /home/qaragoez/symclf_clean/symclf/examples/4DCartPolerV10/../DET4Fast4D_V10/slsqp_nb.py:993: NumbaWarning: [1m[1mCannot cache compiled function "slsqp_solve" as it uses dynamic globals (such as ctypes pointers and large global arrays)[0m[0m
[36m(CPUDet4Actor pid=3792469, ip=10.10.2.2)[0m   x, f, mode, it = slsqp_solve(kind, seeds[k], lb, ub, op, opr, lit, n_ops, params, v0, rho,
[36m(CPUDet4Actor pid=3792472, ip=10.10.2.2)[0m /home/qaragoez/symclf_clean/symclf/examples/4DCartPolerV10/../DET4Fast4D_V10/slsqp_nb.py:993: NumbaWarning: [1m[1m[1m[1m[1m[1m[1mCannot cache compiled function "_nnls" as it uses dynamic globals (such as ctypes pointers and large global arrays)[0m[0m[0m[0m[0m[0m[0m
[36m(CPUDet4Actor pid=3792472, ip=10.10.2.2)[0m   x, f, mode, it = slsqp_solve(kind, seeds[k], lb, ub, op, opr, lit, n_ops, params, v0, rho,
[36m(CPUDet4Actor pid=3792472, ip=10.10.2.2)[0m /home/qaragoez/symclf_clean/symclf/examples/4DCartPolerV10/../DET4Fast4D_V10/slsqp_nb.py:993: NumbaWarning: [1m[1m[1m[1m[1m[1mCannot cache compiled function "_ldp" as it uses dynamic globals (such as ctypes pointers and large global arrays)[0m[0m[0m[0m[0m[0m
[36m(CPUDet4Actor pid=3792472, ip=10.10.2.2)[0m   x, f, mode, it = slsqp_solve(kind, seeds[k], lb, ub, op, opr, lit, n_ops, params, v0, rho,
[36m(CPUDet4Actor pid=3792472, ip=10.10.2.2)[0m /home/qaragoez/symclf_clean/symclf/examples/4DCartPolerV10/../DET4Fast4D_V10/slsqp_nb.py:993: NumbaWarning: [1m[1m[1m[1m[1mCannot cache compiled function "_lsi" as it uses dynamic globals (such as ctypes pointers and large global arrays)[0m[0m[0m[0m[0m
[36m(CPUDet4Actor pid=3792472, ip=10.10.2.2)[0m   x, f, mode, it = slsqp_solve(kind, seeds[k], lb, ub, op, opr, lit, n_ops, params, v0, rho,
[36m(CPUDet4Actor pid=3792472, ip=10.10.2.2)[0m /home/qaragoez/symclf_clean/symclf/examples/4DCartPolerV10/../DET4Fast4D_V10/slsqp_nb.py:993: NumbaWarning: [1m[1m[1m[1mCannot cache compiled function "_lsei" as it uses dynamic globals (such as ctypes pointers and large global arrays)[0m[0m[0m[0m
[36m(CPUDet4Actor pid=3792472, ip=10.10.2.2)[0m   x, f, mode, it = slsqp_solve(kind, seeds[k], lb, ub, op, opr, lit, n_ops, params, v0, rho,
[36m(CPUDet4Actor pid=3792472, ip=10.10.2.2)[0m /home/qaragoez/symclf_clean/symclf/examples/4DCartPolerV10/../DET4Fast4D_V10/slsqp_nb.py:993: NumbaWarning: [1m[1m[1mCannot cache compiled function "_lsq" as it uses dynamic globals (such as ctypes pointers and large global arrays)[0m[0m[0m
[36m(CPUDet4Actor pid=3792472, ip=10.10.2.2)[0m   x, f, mode, it = slsqp_solve(kind, seeds[k], lb, ub, op, opr, lit, n_ops, params, v0, rho,
[36m(CPUDet4Actor pid=3792472, ip=10.10.2.2)[0m /home/qaragoez/symclf_clean/symclf/examples/4DCartPolerV10/../DET4Fast4D_V10/slsqp_nb.py:993: NumbaWarning: [1m[1mCannot cache compiled function "slsqp_solve" as it uses dynamic globals (such as ctypes pointers and large global arrays)[0m[0m
[36m(CPUDet4Actor pid=3792472, ip=10.10.2.2)[0m   x, f, mode, it = slsqp_solve(kind, seeds[k], lb, ub, op, opr, lit, n_ops, params, v0, rho,
[36m(CPUDet4Actor pid=3792477, ip=10.10.2.2)[0m /home/qaragoez/symclf_clean/symclf/examples/4DCartPolerV10/../DET4Fast4D_V10/slsqp_nb.py:993: NumbaWarning: [1m[1m[1m[1m[1m[1m[1mCannot cache compiled function "_nnls" as it uses dynamic globals (such as ctypes pointers and large global arrays)[0m[0m[0m[0m[0m[0m[0m
[36m(CPUDet4Actor pid=3792477, ip=10.10.2.2)[0m   x, f, mode, it = slsqp_solve(kind, seeds[k], lb, ub, op, opr, lit, n_ops, params, v0, rho,
[36m(CPUDet4Actor pid=3792477, ip=10.10.2.2)[0m /home/qaragoez/symclf_clean/symclf/examples/4DCartPolerV10/../DET4Fast4D_V10/slsqp_nb.py:993: NumbaWarning: [1m[1m[1m[1m[1m[1mCannot cache compiled function "_ldp" as it uses dynamic globals (such as ctypes pointers and large global arrays)[0m[0m[0m[0m[0m[0m
[36m(CPUDet4Actor pid=3792477, ip=10.10.2.2)[0m   x, f, mode, it = slsqp_solve(kind, seeds[k], lb, ub, op, opr, lit, n_ops, params, v0, rho,
[36m(CPUDet4Actor pid=3792477, ip=10.10.2.2)[0m /home/qaragoez/symclf_clean/symclf/examples/4DCartPolerV10/../DET4Fast4D_V10/slsqp_nb.py:993: NumbaWarning: [1m[1m[1m[1m[1mCannot cache compiled function "_lsi" as it uses dynamic globals (such as ctypes pointers and large global arrays)[0m[0m[0m[0m[0m
[36m(CPUDet4Actor pid=3792477, ip=10.10.2.2)[0m   x, f, mode, it = slsqp_solve(kind, seeds[k], lb, ub, op, opr, lit, n_ops, params, v0, rho,
[36m(CPUDet4Actor pid=3792477, ip=10.10.2.2)[0m /home/qaragoez/symclf_clean/symclf/examples/4DCartPolerV10/../DET4Fast4D_V10/slsqp_nb.py:993: NumbaWarning: [1m[1m[1m[1mCannot cache compiled function "_lsei" as it uses dynamic globals (such as ctypes pointers and large global arrays)[0m[0m[0m[0m
[36m(CPUDet4Actor pid=3792477, ip=10.10.2.2)[0m   x, f, mode, it = slsqp_solve(kind, seeds[k], lb, ub, op, opr, lit, n_ops, params, v0, rho,
[36m(CPUDet4Actor pid=3792477, ip=10.10.2.2)[0m /home/qaragoez/symclf_clean/symclf/examples/4DCartPolerV10/../DET4Fast4D_V10/slsqp_nb.py:993: NumbaWarning: [1m[1m[1mCannot cache compiled function "_lsq" as it uses dynamic globals (such as ctypes pointers and large global arrays)[0m[0m[0m
[36m(CPUDet4Actor pid=3792477, ip=10.10.2.2)[0m   x, f, mode, it = slsqp_solve(kind, seeds[k], lb, ub, op, opr, lit, n_ops, params, v0, rho,
[36m(CPUDet4Actor pid=3792477, ip=10.10.2.2)[0m /home/qaragoez/symclf_clean/symclf/examples/4DCartPolerV10/../DET4Fast4D_V10/slsqp_nb.py:993: NumbaWarning: [1m[1mCannot cache compiled function "slsqp_solve" as it uses dynamic globals (such as ctypes pointers and large global arrays)[0m[0m
[36m(CPUDet4Actor pid=3792477, ip=10.10.2.2)[0m   x, f, mode, it = slsqp_solve(kind, seeds[k], lb, ub, op, opr, lit, n_ops, params, v0, rho,
[36m(CPUDet4Actor pid=3792455, ip=10.10.2.2)[0m /home/qaragoez/symclf_clean/symclf/examples/4DCartPolerV10/../DET4Fast4D_V10/slsqp_nb.py:993: NumbaWarning: [1m[1m[1m[1m[1m[1m[1mCannot cache compiled function "_nnls" as it uses dynamic globals (such as ctypes pointers and large global arrays)[0m[0m[0m[0m[0m[0m[0m
[36m(CPUDet4Actor pid=3792455, ip=10.10.2.2)[0m   x, f, mode, it = slsqp_solve(kind, seeds[k], lb, ub, op, opr, lit, n_ops, params, v0, rho,
[36m(CPUDet4Actor pid=3792455, ip=10.10.2.2)[0m /home/qaragoez/symclf_clean/symclf/examples/4DCartPolerV10/../DET4Fast4D_V10/slsqp_nb.py:993: NumbaWarning: [1m[1m[1m[1m[1m[1mCannot cache compiled function "_ldp" as it uses dynamic globals (such as ctypes pointers and large global arrays)[0m[0m[0m[0m[0m[0m
[36m(CPUDet4Actor pid=3792455, ip=10.10.2.2)[0m   x, f, mode, it = slsqp_solve(kind, seeds[k], lb, ub, op, opr, lit, n_ops, params, v0, rho,
[36m(CPUDet4Actor pid=3792455, ip=10.10.2.2)[0m /home/qaragoez/symclf_clean/symclf/examples/4DCartPolerV10/../DET4Fast4D_V10/slsqp_nb.py:993: NumbaWarning: [1m[1m[1m[1m[1mCannot cache compiled function "_lsi" as it uses dynamic globals (such as ctypes pointers and large global arrays)[0m[0m[0m[0m[0m
[36m(CPUDet4Actor pid=3792455, ip=10.10.2.2)[0m   x, f, mode, it = slsqp_solve(kind, seeds[k], lb, ub, op, opr, lit, n_ops, params, v0, rho,
[36m(CPUDet4Actor pid=3792455, ip=10.10.2.2)[0m /home/qaragoez/symclf_clean/symclf/examples/4DCartPolerV10/../DET4Fast4D_V10/slsqp_nb.py:993: NumbaWarning: [1m[1m[1m[1mCannot cache compiled function "_lsei" as it uses dynamic globals (such as ctypes pointers and large global arrays)[0m[0m[0m[0m
[36m(CPUDet4Actor pid=3792455, ip=10.10.2.2)[0m   x, f, mode, it = slsqp_solve(kind, seeds[k], lb, ub, op, opr, lit, n_ops, params, v0, rho,
[36m(CPUDet4Actor pid=3792455, ip=10.10.2.2)[0m /home/qaragoez/symclf_clean/symclf/examples/4DCartPolerV10/../DET4Fast4D_V10/slsqp_nb.py:993: NumbaWarning: [1m[1m[1mCannot cache compiled function "_lsq" as it uses dynamic globals (such as ctypes pointers and large global arrays)[0m[0m[0m
[36m(CPUDet4Actor pid=3792455, ip=10.10.2.2)[0m   x, f, mode, it = slsqp_solve(kind, seeds[k], lb, ub, op, opr, lit, n_ops, params, v0, rho,
[36m(CPUDet4Actor pid=3792455, ip=10.10.2.2)[0m /home/qaragoez/symclf_clean/symclf/examples/4DCartPolerV10/../DET4Fast4D_V10/slsqp_nb.py:993: NumbaWarning: [1m[1mCannot cache compiled function "slsqp_solve" as it uses dynamic globals (such as ctypes pointers and large global arrays)[0m[0m
[36m(CPUDet4Actor pid=3792455, ip=10.10.2.2)[0m   x, f, mode, it = slsqp_solve(kind, seeds[k], lb, ub, op, opr, lit, n_ops, params, v0, rho,
[36m(CPUDet4Actor pid=3792471, ip=10.10.2.2)[0m /home/qaragoez/symclf_clean/symclf/examples/4DCartPolerV10/../DET4Fast4D_V10/slsqp_nb.py:993: NumbaWarning: [1m[1m[1m[1m[1m[1m[1mCannot cache compiled function "_nnls" as it uses dynamic globals (such as ctypes pointers and large global arrays)[0m[0m[0m[0m[0m[0m[0m
[36m(CPUDet4Actor pid=3792471, ip=10.10.2.2)[0m   x, f, mode, it = slsqp_solve(kind, seeds[k], lb, ub, op, opr, lit, n_ops, params, v0, rho,
[36m(CPUDet4Actor pid=3792471, ip=10.10.2.2)[0m /home/qaragoez/symclf_clean/symclf/examples/4DCartPolerV10/../DET4Fast4D_V10/slsqp_nb.py:993: NumbaWarning: [1m[1m[1m[1m[1m[1mCannot cache compiled function "_ldp" as it uses dynamic globals (such as ctypes pointers and large global arrays)[0m[0m[0m[0m[0m[0m
[36m(CPUDet4Actor pid=3792471, ip=10.10.2.2)[0m   x, f, mode, it = slsqp_solve(kind, seeds[k], lb, ub, op, opr, lit, n_ops, params, v0, rho,
[36m(CPUDet4Actor pid=3792471, ip=10.10.2.2)[0m /home/qaragoez/symclf_clean/symclf/examples/4DCartPolerV10/../DET4Fast4D_V10/slsqp_nb.py:993: NumbaWarning: [1m[1m[1m[1m[1mCannot cache compiled function "_lsi" as it uses dynamic globals (such as ctypes pointers and large global arrays)[0m[0m[0m[0m[0m
[36m(CPUDet4Actor pid=3792471, ip=10.10.2.2)[0m   x, f, mode, it = slsqp_solve(kind, seeds[k], lb, ub, op, opr, lit, n_ops, params, v0, rho,
[36m(CPUDet4Actor pid=3792471, ip=10.10.2.2)[0m /home/qaragoez/symclf_clean/symclf/examples/4DCartPolerV10/../DET4Fast4D_V10/slsqp_nb.py:993: NumbaWarning: [1m[1m[1m[1mCannot cache compiled function "_lsei" as it uses dynamic globals (such as ctypes pointers and large global arrays)[0m[0m[0m[0m
[36m(CPUDet4Actor pid=3792471, ip=10.10.2.2)[0m   x, f, mode, it = slsqp_solve(kind, seeds[k], lb, ub, op, opr, lit, n_ops, params, v0, rho,
[36m(CPUDet4Actor pid=3792471, ip=10.10.2.2)[0m /home/qaragoez/symclf_clean/symclf/examples/4DCartPolerV10/../DET4Fast4D_V10/slsqp_nb.py:993: NumbaWarning: [1m[1m[1mCannot cache compiled function "_lsq" as it uses dynamic globals (such as ctypes pointers and large global arrays)[0m[0m[0m
[36m(CPUDet4Actor pid=3792471, ip=10.10.2.2)[0m   x, f, mode, it = slsqp_solve(kind, seeds[k], lb, ub, op, opr, lit, n_ops, params, v0, rho,
[36m(CPUDet4Actor pid=3792471, ip=10.10.2.2)[0m /home/qaragoez/symclf_clean/symclf/examples/4DCartPolerV10/../DET4Fast4D_V10/slsqp_nb.py:993: NumbaWarning: [1m[1mCannot cache compiled function "slsqp_solve" as it uses dynamic globals (such as ctypes pointers and large global arrays)[0m[0m
[36m(CPUDet4Actor pid=3792471, ip=10.10.2.2)[0m   x, f, mode, it = slsqp_solve(kind, seeds[k], lb, ub, op, opr, lit, n_ops, params, v0, rho,
[36m(CPUDet4Actor pid=3679562)[0m /home/qaragoez/symclf_clean/symclf/examples/4DCartPolerV10/../DET4Fast4D_V10/slsqp_nb.py:993: NumbaWarning: [1m[1m[1m[1m[1m[1m[1mCannot cache compiled function "_nnls" as it uses dynamic globals (such as ctypes pointers and large global arrays)[0m[0m[0m[0m[0m[0m[0m
[36m(CPUDet4Actor pid=3679562)[0m   x, f, mode, it = slsqp_solve(kind, seeds[k], lb, ub, op, opr, lit, n_ops, params, v0, rho,
[36m(CPUDet4Actor pid=3679562)[0m /home/qaragoez/symclf_clean/symclf/examples/4DCartPolerV10/../DET4Fast4D_V10/slsqp_nb.py:993: NumbaWarning: [1m[1m[1m[1m[1m[1mCannot cache compiled function "_ldp" as it uses dynamic globals (such as ctypes pointers and large global arrays)[0m[0m[0m[0m[0m[0m
[36m(CPUDet4Actor pid=3679562)[0m   x, f, mode, it = slsqp_solve(kind, seeds[k], lb, ub, op, opr, lit, n_ops, params, v0, rho,
[36m(CPUDet4Actor pid=3679562)[0m /home/qaragoez/symclf_clean/symclf/examples/4DCartPolerV10/../DET4Fast4D_V10/slsqp_nb.py:993: NumbaWarning: [1m[1m[1m[1m[1mCannot cache compiled function "_lsi" as it uses dynamic globals (such as ctypes pointers and large global arrays)[0m[0m[0m[0m[0m
[36m(CPUDet4Actor pid=3679562)[0m   x, f, mode, it = slsqp_solve(kind, seeds[k], lb, ub, op, opr, lit, n_ops, params, v0, rho,
[36m(CPUDet4Actor pid=3679562)[0m /home/qaragoez/symclf_clean/symclf/examples/4DCartPolerV10/../DET4Fast4D_V10/slsqp_nb.py:993: NumbaWarning: [1m[1m[1m[1mCannot cache compiled function "_lsei" as it uses dynamic globals (such as ctypes pointers and large global arrays)[0m[0m[0m[0m
[36m(CPUDet4Actor pid=3679562)[0m   x, f, mode, it = slsqp_solve(kind, seeds[k], lb, ub, op, opr, lit, n_ops, params, v0, rho,
[36m(CPUDet4Actor pid=3679562)[0m /home/qaragoez/symclf_clean/symclf/examples/4DCartPolerV10/../DET4Fast4D_V10/slsqp_nb.py:993: NumbaWarning: [1m[1m[1mCannot cache compiled function "_lsq" as it uses dynamic globals (such as ctypes pointers and large global arrays)[0m[0m[0m
[36m(CPUDet4Actor pid=3679562)[0m   x, f, mode, it = slsqp_solve(kind, seeds[k], lb, ub, op, opr, lit, n_ops, params, v0, rho,
[36m(CPUDet4Actor pid=3679562)[0m /home/qaragoez/symclf_clean/symclf/examples/4DCartPolerV10/../DET4Fast4D_V10/slsqp_nb.py:993: NumbaWarning: [1m[1mCannot cache compiled function "slsqp_solve" as it uses dynamic globals (such as ctypes pointers and large global arrays)[0m[0m
[36m(CPUDet4Actor pid=3679562)[0m   x, f, mode, it = slsqp_solve(kind, seeds[k], lb, ub, op, opr, lit, n_ops, params, v0, rho,
[36m(CPUDet4Actor pid=3792443, ip=10.10.2.2)[0m /home/qaragoez/symclf_clean/symclf/examples/4DCartPolerV10/../DET4Fast4D_V10/slsqp_nb.py:993: NumbaWarning: [1m[1m[1m[1m[1m[1m[1mCannot cache compiled function "_nnls" as it uses dynamic globals (such as ctypes pointers and large global arrays)[0m[0m[0m[0m[0m[0m[0m
[36m(CPUDet4Actor pid=3792443, ip=10.10.2.2)[0m   x, f, mode, it = slsqp_solve(kind, seeds[k], lb, ub, op, opr, lit, n_ops, params, v0, rho,
[36m(CPUDet4Actor pid=3792443, ip=10.10.2.2)[0m /home/qaragoez/symclf_clean/symclf/examples/4DCartPolerV10/../DET4Fast4D_V10/slsqp_nb.py:993: NumbaWarning: [1m[1m[1m[1m[1m[1mCannot cache compiled function "_ldp" as it uses dynamic globals (such as ctypes pointers and large global arrays)[0m[0m[0m[0m[0m[0m
[36m(CPUDet4Actor pid=3792443, ip=10.10.2.2)[0m   x, f, mode, it = slsqp_solve(kind, seeds[k], lb, ub, op, opr, lit, n_ops, params, v0, rho,
[36m(CPUDet4Actor pid=3792443, ip=10.10.2.2)[0m /home/qaragoez/symclf_clean/symclf/examples/4DCartPolerV10/../DET4Fast4D_V10/slsqp_nb.py:993: NumbaWarning: [1m[1m[1m[1m[1mCannot cache compiled function "_lsi" as it uses dynamic globals (such as ctypes pointers and large global arrays)[0m[0m[0m[0m[0m
[36m(CPUDet4Actor pid=3792443, ip=10.10.2.2)[0m   x, f, mode, it = slsqp_solve(kind, seeds[k], lb, ub, op, opr, lit, n_ops, params, v0, rho,
[36m(CPUDet4Actor pid=3792443, ip=10.10.2.2)[0m /home/qaragoez/symclf_clean/symclf/examples/4DCartPolerV10/../DET4Fast4D_V10/slsqp_nb.py:993: NumbaWarning: [1m[1m[1m[1mCannot cache compiled function "_lsei" as it uses dynamic globals (such as ctypes pointers and large global arrays)[0m[0m[0m[0m
[36m(CPUDet4Actor pid=3792443, ip=10.10.2.2)[0m   x, f, mode, it = slsqp_solve(kind, seeds[k], lb, ub, op, opr, lit, n_ops, params, v0, rho,
[36m(CPUDet4Actor pid=3792443, ip=10.10.2.2)[0m /home/qaragoez/symclf_clean/symclf/examples/4DCartPolerV10/../DET4Fast4D_V10/slsqp_nb.py:993: NumbaWarning: [1m[1m[1mCannot cache compiled function "_lsq" as it uses dynamic globals (such as ctypes pointers and large global arrays)[0m[0m[0m
[36m(CPUDet4Actor pid=3792443, ip=10.10.2.2)[0m   x, f, mode, it = slsqp_solve(kind, seeds[k], lb, ub, op, opr, lit, n_ops, params, v0, rho,
[36m(CPUDet4Actor pid=3792443, ip=10.10.2.2)[0m /home/qaragoez/symclf_clean/symclf/examples/4DCartPolerV10/../DET4Fast4D_V10/slsqp_nb.py:993: NumbaWarning: [1m[1mCannot cache compiled function "slsqp_solve" as it uses dynamic globals (such as ctypes pointers and large global arrays)[0m[0m
[36m(CPUDet4Actor pid=3792443, ip=10.10.2.2)[0m   x, f, mode, it = slsqp_solve(kind, seeds[k], lb, ub, op, opr, lit, n_ops, params, v0, rho,
[36m(CPUDet4Actor pid=3792445, ip=10.10.2.2)[0m /home/qaragoez/symclf_clean/symclf/examples/4DCartPolerV10/../DET4Fast4D_V10/slsqp_nb.py:993: NumbaWarning: [1m[1m[1m[1m[1m[1m[1mCannot cache compiled function "_nnls" as it uses dynamic globals (such as ctypes pointers and large global arrays)[0m[0m[0m[0m[0m[0m[0m
[36m(CPUDet4Actor pid=3792445, ip=10.10.2.2)[0m   x, f, mode, it = slsqp_solve(kind, seeds[k], lb, ub, op, opr, lit, n_ops, params, v0, rho,
[36m(CPUDet4Actor pid=3792445, ip=10.10.2.2)[0m /home/qaragoez/symclf_clean/symclf/examples/4DCartPolerV10/../DET4Fast4D_V10/slsqp_nb.py:993: NumbaWarning: [1m[1m[1m[1m[1m[1mCannot cache compiled function "_ldp" as it uses dynamic globals (such as ctypes pointers and large global arrays)[0m[0m[0m[0m[0m[0m
[36m(CPUDet4Actor pid=3792445, ip=10.10.2.2)[0m   x, f, mode, it = slsqp_solve(kind, seeds[k], lb, ub, op, opr, lit, n_ops, params, v0, rho,
[36m(CPUDet4Actor pid=3792445, ip=10.10.2.2)[0m /home/qaragoez/symclf_clean/symclf/examples/4DCartPolerV10/../DET4Fast4D_V10/slsqp_nb.py:993: NumbaWarning: [1m[1m[1m[1m[1mCannot cache compiled function "_lsi" as it uses dynamic globals (such as ctypes pointers and large global arrays)[0m[0m[0m[0m[0m
[36m(CPUDet4Actor pid=3792445, ip=10.10.2.2)[0m   x, f, mode, it = slsqp_solve(kind, seeds[k], lb, ub, op, opr, lit, n_ops, params, v0, rho,
[36m(CPUDet4Actor pid=3792445, ip=10.10.2.2)[0m /home/qaragoez/symclf_clean/symclf/examples/4DCartPolerV10/../DET4Fast4D_V10/slsqp_nb.py:993: NumbaWarning: [1m[1m[1m[1mCannot cache compiled function "_lsei" as it uses dynamic globals (such as ctypes pointers and large global arrays)[0m[0m[0m[0m
[36m(CPUDet4Actor pid=3792445, ip=10.10.2.2)[0m   x, f, mode, it = slsqp_solve(kind, seeds[k], lb, ub, op, opr, lit, n_ops, params, v0, rho,
[36m(CPUDet4Actor pid=3792445, ip=10.10.2.2)[0m /home/qaragoez/symclf_clean/symclf/examples/4DCartPolerV10/../DET4Fast4D_V10/slsqp_nb.py:993: NumbaWarning: [1m[1m[1mCannot cache compiled function "_lsq" as it uses dynamic globals (such as ctypes pointers and large global arrays)[0m[0m[0m
[36m(CPUDet4Actor pid=3792445, ip=10.10.2.2)[0m   x, f, mode, it = slsqp_solve(kind, seeds[k], lb, ub, op, opr, lit, n_ops, params, v0, rho,
[36m(CPUDet4Actor pid=3792445, ip=10.10.2.2)[0m /home/qaragoez/symclf_clean/symclf/examples/4DCartPolerV10/../DET4Fast4D_V10/slsqp_nb.py:993: NumbaWarning: [1m[1mCannot cache compiled function "slsqp_solve" as it uses dynamic globals (such as ctypes pointers and large global arrays)[0m[0m
[36m(CPUDet4Actor pid=3792445, ip=10.10.2.2)[0m   x, f, mode, it = slsqp_solve(kind, seeds[k], lb, ub, op, opr, lit, n_ops, params, v0, rho,
[36m(CPUDet4Actor pid=3679570)[0m /home/qaragoez/symclf_clean/symclf/examples/4DCartPolerV10/../DET4Fast4D_V10/slsqp_nb.py:993: NumbaWarning: [1m[1m[1m[1m[1m[1m[1mCannot cache compiled function "_nnls" as it uses dynamic globals (such as ctypes pointers and large global arrays)[0m[0m[0m[0m[0m[0m[0m
[36m(CPUDet4Actor pid=3679570)[0m   x, f, mode, it = slsqp_solve(kind, seeds[k], lb, ub, op, opr, lit, n_ops, params, v0, rho,
[36m(CPUDet4Actor pid=3679570)[0m /home/qaragoez/symclf_clean/symclf/examples/4DCartPolerV10/../DET4Fast4D_V10/slsqp_nb.py:993: NumbaWarning: [1m[1m[1m[1m[1m[1mCannot cache compiled function "_ldp" as it uses dynamic globals (such as ctypes pointers and large global arrays)[0m[0m[0m[0m[0m[0m
[36m(CPUDet4Actor pid=3679570)[0m   x, f, mode, it = slsqp_solve(kind, seeds[k], lb, ub, op, opr, lit, n_ops, params, v0, rho,
[36m(CPUDet4Actor pid=3679570)[0m /home/qaragoez/symclf_clean/symclf/examples/4DCartPolerV10/../DET4Fast4D_V10/slsqp_nb.py:993: NumbaWarning: [1m[1m[1m[1m[1mCannot cache compiled function "_lsi" as it uses dynamic globals (such as ctypes pointers and large global arrays)[0m[0m[0m[0m[0m
[36m(CPUDet4Actor pid=3679570)[0m   x, f, mode, it = slsqp_solve(kind, seeds[k], lb, ub, op, opr, lit, n_ops, params, v0, rho,
[36m(CPUDet4Actor pid=3679570)[0m /home/qaragoez/symclf_clean/symclf/examples/4DCartPolerV10/../DET4Fast4D_V10/slsqp_nb.py:993: NumbaWarning: [1m[1m[1m[1mCannot cache compiled function "_lsei" as it uses dynamic globals (such as ctypes pointers and large global arrays)[0m[0m[0m[0m
[36m(CPUDet4Actor pid=3679570)[0m   x, f, mode, it = slsqp_solve(kind, seeds[k], lb, ub, op, opr, lit, n_ops, params, v0, rho,
[36m(CPUDet4Actor pid=3679570)[0m /home/qaragoez/symclf_clean/symclf/examples/4DCartPolerV10/../DET4Fast4D_V10/slsqp_nb.py:993: NumbaWarning: [1m[1m[1mCannot cache compiled function "_lsq" as it uses dynamic globals (such as ctypes pointers and large global arrays)[0m[0m[0m
[36m(CPUDet4Actor pid=3679570)[0m   x, f, mode, it = slsqp_solve(kind, seeds[k], lb, ub, op, opr, lit, n_ops, params, v0, rho,
[36m(CPUDet4Actor pid=3679570)[0m /home/qaragoez/symclf_clean/symclf/examples/4DCartPolerV10/../DET4Fast4D_V10/slsqp_nb.py:993: NumbaWarning: [1m[1mCannot cache compiled function "slsqp_solve" as it uses dynamic globals (such as ctypes pointers and large global arrays)[0m[0m
[36m(CPUDet4Actor pid=3679570)[0m   x, f, mode, it = slsqp_solve(kind, seeds[k], lb, ub, op, opr, lit, n_ops, params, v0, rho,
[36m(CPUDet4Actor pid=3792460, ip=10.10.2.2)[0m /home/qaragoez/symclf_clean/symclf/examples/4DCartPolerV10/../DET4Fast4D_V10/slsqp_nb.py:993: NumbaWarning: [1m[1m[1m[1m[1m[1m[1mCannot cache compiled function "_nnls" as it uses dynamic globals (such as ctypes pointers and large global arrays)[0m[0m[0m[0m[0m[0m[0m
[36m(CPUDet4Actor pid=3792460, ip=10.10.2.2)[0m   x, f, mode, it = slsqp_solve(kind, seeds[k], lb, ub, op, opr, lit, n_ops, params, v0, rho,
[36m(CPUDet4Actor pid=3792460, ip=10.10.2.2)[0m /home/qaragoez/symclf_clean/symclf/examples/4DCartPolerV10/../DET4Fast4D_V10/slsqp_nb.py:993: NumbaWarning: [1m[1m[1m[1m[1m[1mCannot cache compiled function "_ldp" as it uses dynamic globals (such as ctypes pointers and large global arrays)[0m[0m[0m[0m[0m[0m
[36m(CPUDet4Actor pid=3792460, ip=10.10.2.2)[0m   x, f, mode, it = slsqp_solve(kind, seeds[k], lb, ub, op, opr, lit, n_ops, params, v0, rho,
[36m(CPUDet4Actor pid=3792460, ip=10.10.2.2)[0m /home/qaragoez/symclf_clean/symclf/examples/4DCartPolerV10/../DET4Fast4D_V10/slsqp_nb.py:993: NumbaWarning: [1m[1m[1m[1m[1mCannot cache compiled function "_lsi" as it uses dynamic globals (such as ctypes pointers and large global arrays)[0m[0m[0m[0m[0m
[36m(CPUDet4Actor pid=3792460, ip=10.10.2.2)[0m   x, f, mode, it = slsqp_solve(kind, seeds[k], lb, ub, op, opr, lit, n_ops, params, v0, rho,
[36m(CPUDet4Actor pid=3792460, ip=10.10.2.2)[0m /home/qaragoez/symclf_clean/symclf/examples/4DCartPolerV10/../DET4Fast4D_V10/slsqp_nb.py:993: NumbaWarning: [1m[1m[1m[1mCannot cache compiled function "_lsei" as it uses dynamic globals (such as ctypes pointers and large global arrays)[0m[0m[0m[0m
[36m(CPUDet4Actor pid=3792460, ip=10.10.2.2)[0m   x, f, mode, it = slsqp_solve(kind, seeds[k], lb, ub, op, opr, lit, n_ops, params, v0, rho,
[36m(CPUDet4Actor pid=3792460, ip=10.10.2.2)[0m /home/qaragoez/symclf_clean/symclf/examples/4DCartPolerV10/../DET4Fast4D_V10/slsqp_nb.py:993: NumbaWarning: [1m[1m[1mCannot cache compiled function "_lsq" as it uses dynamic globals (such as ctypes pointers and large global arrays)[0m[0m[0m
[36m(CPUDet4Actor pid=3792460, ip=10.10.2.2)[0m   x, f, mode, it = slsqp_solve(kind, seeds[k], lb, ub, op, opr, lit, n_ops, params, v0, rho,
[36m(CPUDet4Actor pid=3792460, ip=10.10.2.2)[0m /home/qaragoez/symclf_clean/symclf/examples/4DCartPolerV10/../DET4Fast4D_V10/slsqp_nb.py:993: NumbaWarning: [1m[1mCannot cache compiled function "slsqp_solve" as it uses dynamic globals (such as ctypes pointers and large global arrays)[0m[0m
[36m(CPUDet4Actor pid=3792460, ip=10.10.2.2)[0m   x, f, mode, it = slsqp_solve(kind, seeds[k], lb, ub, op, opr, lit, n_ops, params, v0, rho,
[36m(CPUDet4Actor pid=3792467, ip=10.10.2.2)[0m /home/qaragoez/symclf_clean/symclf/examples/4DCartPolerV10/../DET4Fast4D_V10/slsqp_nb.py:993: NumbaWarning: [1m[1m[1m[1m[1m[1m[1mCannot cache compiled function "_nnls" as it uses dynamic globals (such as ctypes pointers and large global arrays)[0m[0m[0m[0m[0m[0m[0m
[36m(CPUDet4Actor pid=3792467, ip=10.10.2.2)[0m   x, f, mode, it = slsqp_solve(kind, seeds[k], lb, ub, op, opr, lit, n_ops, params, v0, rho,
[36m(CPUDet4Actor pid=3792467, ip=10.10.2.2)[0m /home/qaragoez/symclf_clean/symclf/examples/4DCartPolerV10/../DET4Fast4D_V10/slsqp_nb.py:993: NumbaWarning: [1m[1m[1m[1m[1m[1mCannot cache compiled function "_ldp" as it uses dynamic globals (such as ctypes pointers and large global arrays)[0m[0m[0m[0m[0m[0m
[36m(CPUDet4Actor pid=3792467, ip=10.10.2.2)[0m   x, f, mode, it = slsqp_solve(kind, seeds[k], lb, ub, op, opr, lit, n_ops, params, v0, rho,
[36m(CPUDet4Actor pid=3792467, ip=10.10.2.2)[0m /home/qaragoez/symclf_clean/symclf/examples/4DCartPolerV10/../DET4Fast4D_V10/slsqp_nb.py:993: NumbaWarning: [1m[1m[1m[1m[1mCannot cache compiled function "_lsi" as it uses dynamic globals (such as ctypes pointers and large global arrays)[0m[0m[0m[0m[0m
[36m(CPUDet4Actor pid=3792467, ip=10.10.2.2)[0m   x, f, mode, it = slsqp_solve(kind, seeds[k], lb, ub, op, opr, lit, n_ops, params, v0, rho,
[36m(CPUDet4Actor pid=3792467, ip=10.10.2.2)[0m /home/qaragoez/symclf_clean/symclf/examples/4DCartPolerV10/../DET4Fast4D_V10/slsqp_nb.py:993: NumbaWarning: [1m[1m[1m[1mCannot cache compiled function "_lsei" as it uses dynamic globals (such as ctypes pointers and large global arrays)[0m[0m[0m[0m
[36m(CPUDet4Actor pid=3792467, ip=10.10.2.2)[0m   x, f, mode, it = slsqp_solve(kind, seeds[k], lb, ub, op, opr, lit, n_ops, params, v0, rho,
[36m(CPUDet4Actor pid=3792467, ip=10.10.2.2)[0m /home/qaragoez/symclf_clean/symclf/examples/4DCartPolerV10/../DET4Fast4D_V10/slsqp_nb.py:993: NumbaWarning: [1m[1m[1mCannot cache compiled function "_lsq" as it uses dynamic globals (such as ctypes pointers and large global arrays)[0m[0m[0m
[36m(CPUDet4Actor pid=3792467, ip=10.10.2.2)[0m   x, f, mode, it = slsqp_solve(kind, seeds[k], lb, ub, op, opr, lit, n_ops, params, v0, rho,
[36m(CPUDet4Actor pid=3792467, ip=10.10.2.2)[0m /home/qaragoez/symclf_clean/symclf/examples/4DCartPolerV10/../DET4Fast4D_V10/slsqp_nb.py:993: NumbaWarning: [1m[1mCannot cache compiled function "slsqp_solve" as it uses dynamic globals (such as ctypes pointers and large global arrays)[0m[0m
[36m(CPUDet4Actor pid=3792467, ip=10.10.2.2)[0m   x, f, mode, it = slsqp_solve(kind, seeds[k], lb, ub, op, opr, lit, n_ops, params, v0, rho,
[36m(CPUDet4Actor pid=3679561)[0m /home/qaragoez/symclf_clean/symclf/examples/4DCartPolerV10/../DET4Fast4D_V10/slsqp_nb.py:993: NumbaWarning: [1m[1m[1m[1m[1m[1m[1mCannot cache compiled function "_nnls" as it uses dynamic globals (such as ctypes pointers and large global arrays)[0m[0m[0m[0m[0m[0m[0m
[36m(CPUDet4Actor pid=3679561)[0m   x, f, mode, it = slsqp_solve(kind, seeds[k], lb, ub, op, opr, lit, n_ops, params, v0, rho,
[36m(CPUDet4Actor pid=3679561)[0m /home/qaragoez/symclf_clean/symclf/examples/4DCartPolerV10/../DET4Fast4D_V10/slsqp_nb.py:993: NumbaWarning: [1m[1m[1m[1m[1m[1mCannot cache compiled function "_ldp" as it uses dynamic globals (such as ctypes pointers and large global arrays)[0m[0m[0m[0m[0m[0m
[36m(CPUDet4Actor pid=3679561)[0m   x, f, mode, it = slsqp_solve(kind, seeds[k], lb, ub, op, opr, lit, n_ops, params, v0, rho,
[36m(CPUDet4Actor pid=3679561)[0m /home/qaragoez/symclf_clean/symclf/examples/4DCartPolerV10/../DET4Fast4D_V10/slsqp_nb.py:993: NumbaWarning: [1m[1m[1m[1m[1mCannot cache compiled function "_lsi" as it uses dynamic globals (such as ctypes pointers and large global arrays)[0m[0m[0m[0m[0m
[36m(CPUDet4Actor pid=3679561)[0m   x, f, mode, it = slsqp_solve(kind, seeds[k], lb, ub, op, opr, lit, n_ops, params, v0, rho,
[36m(CPUDet4Actor pid=3679561)[0m /home/qaragoez/symclf_clean/symclf/examples/4DCartPolerV10/../DET4Fast4D_V10/slsqp_nb.py:993: NumbaWarning: [1m[1m[1m[1mCannot cache compiled function "_lsei" as it uses dynamic globals (such as ctypes pointers and large global arrays)[0m[0m[0m[0m
[36m(CPUDet4Actor pid=3679561)[0m   x, f, mode, it = slsqp_solve(kind, seeds[k], lb, ub, op, opr, lit, n_ops, params, v0, rho,
[36m(CPUDet4Actor pid=3679561)[0m /home/qaragoez/symclf_clean/symclf/examples/4DCartPolerV10/../DET4Fast4D_V10/slsqp_nb.py:993: NumbaWarning: [1m[1m[1mCannot cache compiled function "_lsq" as it uses dynamic globals (such as ctypes pointers and large global arrays)[0m[0m[0m
[36m(CPUDet4Actor pid=3679561)[0m   x, f, mode, it = slsqp_solve(kind, seeds[k], lb, ub, op, opr, lit, n_ops, params, v0, rho,
[36m(CPUDet4Actor pid=3679561)[0m /home/qaragoez/symclf_clean/symclf/examples/4DCartPolerV10/../DET4Fast4D_V10/slsqp_nb.py:993: NumbaWarning: [1m[1mCannot cache compiled function "slsqp_solve" as it uses dynamic globals (such as ctypes pointers and large global arrays)[0m[0m
[36m(CPUDet4Actor pid=3679561)[0m   x, f, mode, it = slsqp_solve(kind, seeds[k], lb, ub, op, opr, lit, n_ops, params, v0, rho,
[36m(CPUDet4Actor pid=3679579)[0m /home/qaragoez/symclf_clean/symclf/examples/4DCartPolerV10/../DET4Fast4D_V10/slsqp_nb.py:993: NumbaWarning: [1m[1m[1m[1m[1m[1m[1mCannot cache compiled function "_nnls" as it uses dynamic globals (such as ctypes pointers and large global arrays)[0m[0m[0m[0m[0m[0m[0m
[36m(CPUDet4Actor pid=3679579)[0m   x, f, mode, it = slsqp_solve(kind, seeds[k], lb, ub, op, opr, lit, n_ops, params, v0, rho,
[36m(CPUDet4Actor pid=3679579)[0m /home/qaragoez/symclf_clean/symclf/examples/4DCartPolerV10/../DET4Fast4D_V10/slsqp_nb.py:993: NumbaWarning: [1m[1m[1m[1m[1m[1mCannot cache compiled function "_ldp" as it uses dynamic globals (such as ctypes pointers and large global arrays)[0m[0m[0m[0m[0m[0m
[36m(CPUDet4Actor pid=3679579)[0m   x, f, mode, it = slsqp_solve(kind, seeds[k], lb, ub, op, opr, lit, n_ops, params, v0, rho,
[36m(CPUDet4Actor pid=3679579)[0m /home/qaragoez/symclf_clean/symclf/examples/4DCartPolerV10/../DET4Fast4D_V10/slsqp_nb.py:993: NumbaWarning: [1m[1m[1m[1m[1mCannot cache compiled function "_lsi" as it uses dynamic globals (such as ctypes pointers and large global arrays)[0m[0m[0m[0m[0m
[36m(CPUDet4Actor pid=3679579)[0m   x, f, mode, it = slsqp_solve(kind, seeds[k], lb, ub, op, opr, lit, n_ops, params, v0, rho,
[36m(CPUDet4Actor pid=3679579)[0m /home/qaragoez/symclf_clean/symclf/examples/4DCartPolerV10/../DET4Fast4D_V10/slsqp_nb.py:993: NumbaWarning: [1m[1m[1m[1mCannot cache compiled function "_lsei" as it uses dynamic globals (such as ctypes pointers and large global arrays)[0m[0m[0m[0m
[36m(CPUDet4Actor pid=3679579)[0m   x, f, mode, it = slsqp_solve(kind, seeds[k], lb, ub, op, opr, lit, n_ops, params, v0, rho,
[36m(CPUDet4Actor pid=3679579)[0m /home/qaragoez/symclf_clean/symclf/examples/4DCartPolerV10/../DET4Fast4D_V10/slsqp_nb.py:993: NumbaWarning: [1m[1m[1mCannot cache compiled function "_lsq" as it uses dynamic globals (such as ctypes pointers and large global arrays)[0m[0m[0m
[36m(CPUDet4Actor pid=3679579)[0m   x, f, mode, it = slsqp_solve(kind, seeds[k], lb, ub, op, opr, lit, n_ops, params, v0, rho,
[36m(CPUDet4Actor pid=3679579)[0m /home/qaragoez/symclf_clean/symclf/examples/4DCartPolerV10/../DET4Fast4D_V10/slsqp_nb.py:993: NumbaWarning: [1m[1mCannot cache compiled function "slsqp_solve" as it uses dynamic globals (such as ctypes pointers and large global arrays)[0m[0m
[36m(CPUDet4Actor pid=3679579)[0m   x, f, mode, it = slsqp_solve(kind, seeds[k], lb, ub, op, opr, lit, n_ops, params, v0, rho,
[36m(CPUDet4Actor pid=3792442, ip=10.10.2.2)[0m /home/qaragoez/symclf_clean/symclf/examples/4DCartPolerV10/../DET4Fast4D_V10/slsqp_nb.py:993: NumbaWarning: [1m[1m[1m[1m[1m[1m[1mCannot cache compiled function "_nnls" as it uses dynamic globals (such as ctypes pointers and large global arrays)[0m[0m[0m[0m[0m[0m[0m
[36m(CPUDet4Actor pid=3792442, ip=10.10.2.2)[0m   x, f, mode, it = slsqp_solve(kind, seeds[k], lb, ub, op, opr, lit, n_ops, params, v0, rho,
[36m(CPUDet4Actor pid=3792442, ip=10.10.2.2)[0m /home/qaragoez/symclf_clean/symclf/examples/4DCartPolerV10/../DET4Fast4D_V10/slsqp_nb.py:993: NumbaWarning: [1m[1m[1m[1m[1m[1mCannot cache compiled function "_ldp" as it uses dynamic globals (such as ctypes pointers and large global arrays)[0m[0m[0m[0m[0m[0m
[36m(CPUDet4Actor pid=3792442, ip=10.10.2.2)[0m   x, f, mode, it = slsqp_solve(kind, seeds[k], lb, ub, op, opr, lit, n_ops, params, v0, rho,
[36m(CPUDet4Actor pid=3792442, ip=10.10.2.2)[0m /home/qaragoez/symclf_clean/symclf/examples/4DCartPolerV10/../DET4Fast4D_V10/slsqp_nb.py:993: NumbaWarning: [1m[1m[1m[1m[1mCannot cache compiled function "_lsi" as it uses dynamic globals (such as ctypes pointers and large global arrays)[0m[0m[0m[0m[0m
[36m(CPUDet4Actor pid=3792442, ip=10.10.2.2)[0m   x, f, mode, it = slsqp_solve(kind, seeds[k], lb, ub, op, opr, lit, n_ops, params, v0, rho,
[36m(CPUDet4Actor pid=3792442, ip=10.10.2.2)[0m /home/qaragoez/symclf_clean/symclf/examples/4DCartPolerV10/../DET4Fast4D_V10/slsqp_nb.py:993: NumbaWarning: [1m[1m[1m[1mCannot cache compiled function "_lsei" as it uses dynamic globals (such as ctypes pointers and large global arrays)[0m[0m[0m[0m
[36m(CPUDet4Actor pid=3792442, ip=10.10.2.2)[0m   x, f, mode, it = slsqp_solve(kind, seeds[k], lb, ub, op, opr, lit, n_ops, params, v0, rho,
[36m(CPUDet4Actor pid=3792442, ip=10.10.2.2)[0m /home/qaragoez/symclf_clean/symclf/examples/4DCartPolerV10/../DET4Fast4D_V10/slsqp_nb.py:993: NumbaWarning: [1m[1m[1mCannot cache compiled function "_lsq" as it uses dynamic globals (such as ctypes pointers and large global arrays)[0m[0m[0m
[36m(CPUDet4Actor pid=3792442, ip=10.10.2.2)[0m   x, f, mode, it = slsqp_solve(kind, seeds[k], lb, ub, op, opr, lit, n_ops, params, v0, rho,
[36m(CPUDet4Actor pid=3792442, ip=10.10.2.2)[0m /home/qaragoez/symclf_clean/symclf/examples/4DCartPolerV10/../DET4Fast4D_V10/slsqp_nb.py:993: NumbaWarning: [1m[1mCannot cache compiled function "slsqp_solve" as it uses dynamic globals (such as ctypes pointers and large global arrays)[0m[0m
[36m(CPUDet4Actor pid=3792442, ip=10.10.2.2)[0m   x, f, mode, it = slsqp_solve(kind, seeds[k], lb, ub, op, opr, lit, n_ops, params, v0, rho,
[36m(CPUDet4Actor pid=3679560)[0m /home/qaragoez/symclf_clean/symclf/examples/4DCartPolerV10/../DET4Fast4D_V10/slsqp_nb.py:993: NumbaWarning: [1m[1m[1m[1m[1m[1m[1mCannot cache compiled function "_nnls" as it uses dynamic globals (such as ctypes pointers and large global arrays)[0m[0m[0m[0m[0m[0m[0m
[36m(CPUDet4Actor pid=3679560)[0m   x, f, mode, it = slsqp_solve(kind, seeds[k], lb, ub, op, opr, lit, n_ops, params, v0, rho,
[36m(CPUDet4Actor pid=3679560)[0m /home/qaragoez/symclf_clean/symclf/examples/4DCartPolerV10/../DET4Fast4D_V10/slsqp_nb.py:993: NumbaWarning: [1m[1m[1m[1m[1m[1mCannot cache compiled function "_ldp" as it uses dynamic globals (such as ctypes pointers and large global arrays)[0m[0m[0m[0m[0m[0m
[36m(CPUDet4Actor pid=3679560)[0m   x, f, mode, it = slsqp_solve(kind, seeds[k], lb, ub, op, opr, lit, n_ops, params, v0, rho,
[36m(CPUDet4Actor pid=3679560)[0m /home/qaragoez/symclf_clean/symclf/examples/4DCartPolerV10/../DET4Fast4D_V10/slsqp_nb.py:993: NumbaWarning: [1m[1m[1m[1m[1mCannot cache compiled function "_lsi" as it uses dynamic globals (such as ctypes pointers and large global arrays)[0m[0m[0m[0m[0m
[36m(CPUDet4Actor pid=3679560)[0m   x, f, mode, it = slsqp_solve(kind, seeds[k], lb, ub, op, opr, lit, n_ops, params, v0, rho,
[36m(CPUDet4Actor pid=3679560)[0m /home/qaragoez/symclf_clean/symclf/examples/4DCartPolerV10/../DET4Fast4D_V10/slsqp_nb.py:993: NumbaWarning: [1m[1m[1m[1mCannot cache compiled function "_lsei" as it uses dynamic globals (such as ctypes pointers and large global arrays)[0m[0m[0m[0m
[36m(CPUDet4Actor pid=3679560)[0m   x, f, mode, it = slsqp_solve(kind, seeds[k], lb, ub, op, opr, lit, n_ops, params, v0, rho,
[36m(CPUDet4Actor pid=3679560)[0m /home/qaragoez/symclf_clean/symclf/examples/4DCartPolerV10/../DET4Fast4D_V10/slsqp_nb.py:993: NumbaWarning: [1m[1m[1mCannot cache compiled function "_lsq" as it uses dynamic globals (such as ctypes pointers and large global arrays)[0m[0m[0m
[36m(CPUDet4Actor pid=3679560)[0m   x, f, mode, it = slsqp_solve(kind, seeds[k], lb, ub, op, opr, lit, n_ops, params, v0, rho,
[36m(CPUDet4Actor pid=3679560)[0m /home/qaragoez/symclf_clean/symclf/examples/4DCartPolerV10/../DET4Fast4D_V10/slsqp_nb.py:993: NumbaWarning: [1m[1mCannot cache compiled function "slsqp_solve" as it uses dynamic globals (such as ctypes pointers and large global arrays)[0m[0m
[36m(CPUDet4Actor pid=3679560)[0m   x, f, mode, it = slsqp_solve(kind, seeds[k], lb, ub, op, opr, lit, n_ops, params, v0, rho,
[36m(CPUDet4Actor pid=3679558)[0m /home/qaragoez/symclf_clean/symclf/examples/4DCartPolerV10/../DET4Fast4D_V10/slsqp_nb.py:993: NumbaWarning: [1m[1m[1m[1m[1m[1m[1mCannot cache compiled function "_nnls" as it uses dynamic globals (such as ctypes pointers and large global arrays)[0m[0m[0m[0m[0m[0m[0m
[36m(CPUDet4Actor pid=3679558)[0m   x, f, mode, it = slsqp_solve(kind, seeds[k], lb, ub, op, opr, lit, n_ops, params, v0, rho,
[36m(CPUDet4Actor pid=3679558)[0m /home/qaragoez/symclf_clean/symclf/examples/4DCartPolerV10/../DET4Fast4D_V10/slsqp_nb.py:993: NumbaWarning: [1m[1m[1m[1m[1m[1mCannot cache compiled function "_ldp" as it uses dynamic globals (such as ctypes pointers and large global arrays)[0m[0m[0m[0m[0m[0m
[36m(CPUDet4Actor pid=3679558)[0m   x, f, mode, it = slsqp_solve(kind, seeds[k], lb, ub, op, opr, lit, n_ops, params, v0, rho,
[36m(CPUDet4Actor pid=3679558)[0m /home/qaragoez/symclf_clean/symclf/examples/4DCartPolerV10/../DET4Fast4D_V10/slsqp_nb.py:993: NumbaWarning: [1m[1m[1m[1m[1mCannot cache compiled function "_lsi" as it uses dynamic globals (such as ctypes pointers and large global arrays)[0m[0m[0m[0m[0m
[36m(CPUDet4Actor pid=3679558)[0m   x, f, mode, it = slsqp_solve(kind, seeds[k], lb, ub, op, opr, lit, n_ops, params, v0, rho,
[36m(CPUDet4Actor pid=3679558)[0m /home/qaragoez/symclf_clean/symclf/examples/4DCartPolerV10/../DET4Fast4D_V10/slsqp_nb.py:993: NumbaWarning: [1m[1m[1m[1mCannot cache compiled function "_lsei" as it uses dynamic globals (such as ctypes pointers and large global arrays)[0m[0m[0m[0m
[36m(CPUDet4Actor pid=3679558)[0m   x, f, mode, it = slsqp_solve(kind, seeds[k], lb, ub, op, opr, lit, n_ops, params, v0, rho,
[36m(CPUDet4Actor pid=3679558)[0m /home/qaragoez/symclf_clean/symclf/examples/4DCartPolerV10/../DET4Fast4D_V10/slsqp_nb.py:993: NumbaWarning: [1m[1m[1mCannot cache compiled function "_lsq" as it uses dynamic globals (such as ctypes pointers and large global arrays)[0m[0m[0m
[36m(CPUDet4Actor pid=3679558)[0m   x, f, mode, it = slsqp_solve(kind, seeds[k], lb, ub, op, opr, lit, n_ops, params, v0, rho,
[36m(CPUDet4Actor pid=3679558)[0m /home/qaragoez/symclf_clean/symclf/examples/4DCartPolerV10/../DET4Fast4D_V10/slsqp_nb.py:993: NumbaWarning: [1m[1mCannot cache compiled function "slsqp_solve" as it uses dynamic globals (such as ctypes pointers and large global arrays)[0m[0m
[36m(CPUDet4Actor pid=3679558)[0m   x, f, mode, it = slsqp_solve(kind, seeds[k], lb, ub, op, opr, lit, n_ops, params, v0, rho,
[36m(CPUDet4Actor pid=3792468, ip=10.10.2.2)[0m /home/qaragoez/symclf_clean/symclf/examples/4DCartPolerV10/../DET4Fast4D_V10/slsqp_nb.py:993: NumbaWarning: [1m[1m[1m[1m[1m[1m[1mCannot cache compiled function "_nnls" as it uses dynamic globals (such as ctypes pointers and large global arrays)[0m[0m[0m[0m[0m[0m[0m
[36m(CPUDet4Actor pid=3792468, ip=10.10.2.2)[0m   x, f, mode, it = slsqp_solve(kind, seeds[k], lb, ub, op, opr, lit, n_ops, params, v0, rho,
[36m(CPUDet4Actor pid=3792468, ip=10.10.2.2)[0m /home/qaragoez/symclf_clean/symclf/examples/4DCartPolerV10/../DET4Fast4D_V10/slsqp_nb.py:993: NumbaWarning: [1m[1m[1m[1m[1m[1mCannot cache compiled function "_ldp" as it uses dynamic globals (such as ctypes pointers and large global arrays)[0m[0m[0m[0m[0m[0m
[36m(CPUDet4Actor pid=3792468, ip=10.10.2.2)[0m   x, f, mode, it = slsqp_solve(kind, seeds[k], lb, ub, op, opr, lit, n_ops, params, v0, rho,
[36m(CPUDet4Actor pid=3792468, ip=10.10.2.2)[0m /home/qaragoez/symclf_clean/symclf/examples/4DCartPolerV10/../DET4Fast4D_V10/slsqp_nb.py:993: NumbaWarning: [1m[1m[1m[1m[1mCannot cache compiled function "_lsi" as it uses dynamic globals (such as ctypes pointers and large global arrays)[0m[0m[0m[0m[0m
[36m(CPUDet4Actor pid=3792468, ip=10.10.2.2)[0m   x, f, mode, it = slsqp_solve(kind, seeds[k], lb, ub, op, opr, lit, n_ops, params, v0, rho,
[36m(CPUDet4Actor pid=3792468, ip=10.10.2.2)[0m /home/qaragoez/symclf_clean/symclf/examples/4DCartPolerV10/../DET4Fast4D_V10/slsqp_nb.py:993: NumbaWarning: [1m[1m[1m[1mCannot cache compiled function "_lsei" as it uses dynamic globals (such as ctypes pointers and large global arrays)[0m[0m[0m[0m
[36m(CPUDet4Actor pid=3792468, ip=10.10.2.2)[0m   x, f, mode, it = slsqp_solve(kind, seeds[k], lb, ub, op, opr, lit, n_ops, params, v0, rho,
[36m(CPUDet4Actor pid=3792468, ip=10.10.2.2)[0m /home/qaragoez/symclf_clean/symclf/examples/4DCartPolerV10/../DET4Fast4D_V10/slsqp_nb.py:993: NumbaWarning: [1m[1m[1mCannot cache compiled function "_lsq" as it uses dynamic globals (such as ctypes pointers and large global arrays)[0m[0m[0m
[36m(CPUDet4Actor pid=3792468, ip=10.10.2.2)[0m   x, f, mode, it = slsqp_solve(kind, seeds[k], lb, ub, op, opr, lit, n_ops, params, v0, rho,
[36m(CPUDet4Actor pid=3792468, ip=10.10.2.2)[0m /home/qaragoez/symclf_clean/symclf/examples/4DCartPolerV10/../DET4Fast4D_V10/slsqp_nb.py:993: NumbaWarning: [1m[1mCannot cache compiled function "slsqp_solve" as it uses dynamic globals (such as ctypes pointers and large global arrays)[0m[0m
[36m(CPUDet4Actor pid=3792468, ip=10.10.2.2)[0m   x, f, mode, it = slsqp_solve(kind, seeds[k], lb, ub, op, opr, lit, n_ops, params, v0, rho,
[36m(CPUDet4Actor pid=3792452, ip=10.10.2.2)[0m /home/qaragoez/symclf_clean/symclf/examples/4DCartPolerV10/../DET4Fast4D_V10/slsqp_nb.py:993: NumbaWarning: [1m[1m[1m[1m[1m[1m[1mCannot cache compiled function "_nnls" as it uses dynamic globals (such as ctypes pointers and large global arrays)[0m[0m[0m[0m[0m[0m[0m
[36m(CPUDet4Actor pid=3792452, ip=10.10.2.2)[0m   x, f, mode, it = slsqp_solve(kind, seeds[k], lb, ub, op, opr, lit, n_ops, params, v0, rho,
[36m(CPUDet4Actor pid=3792452, ip=10.10.2.2)[0m /home/qaragoez/symclf_clean/symclf/examples/4DCartPolerV10/../DET4Fast4D_V10/slsqp_nb.py:993: NumbaWarning: [1m[1m[1m[1m[1m[1mCannot cache compiled function "_ldp" as it uses dynamic globals (such as ctypes pointers and large global arrays)[0m[0m[0m[0m[0m[0m
[36m(CPUDet4Actor pid=3792452, ip=10.10.2.2)[0m   x, f, mode, it = slsqp_solve(kind, seeds[k], lb, ub, op, opr, lit, n_ops, params, v0, rho,
[36m(CPUDet4Actor pid=3792452, ip=10.10.2.2)[0m /home/qaragoez/symclf_clean/symclf/examples/4DCartPolerV10/../DET4Fast4D_V10/slsqp_nb.py:993: NumbaWarning: [1m[1m[1m[1m[1mCannot cache compiled function "_lsi" as it uses dynamic globals (such as ctypes pointers and large global arrays)[0m[0m[0m[0m[0m
[36m(CPUDet4Actor pid=3792452, ip=10.10.2.2)[0m   x, f, mode, it = slsqp_solve(kind, seeds[k], lb, ub, op, opr, lit, n_ops, params, v0, rho,
[36m(CPUDet4Actor pid=3792452, ip=10.10.2.2)[0m /home/qaragoez/symclf_clean/symclf/examples/4DCartPolerV10/../DET4Fast4D_V10/slsqp_nb.py:993: NumbaWarning: [1m[1m[1m[1mCannot cache compiled function "_lsei" as it uses dynamic globals (such as ctypes pointers and large global arrays)[0m[0m[0m[0m
[36m(CPUDet4Actor pid=3792452, ip=10.10.2.2)[0m   x, f, mode, it = slsqp_solve(kind, seeds[k], lb, ub, op, opr, lit, n_ops, params, v0, rho,
[36m(CPUDet4Actor pid=3792452, ip=10.10.2.2)[0m /home/qaragoez/symclf_clean/symclf/examples/4DCartPolerV10/../DET4Fast4D_V10/slsqp_nb.py:993: NumbaWarning: [1m[1m[1mCannot cache compiled function "_lsq" as it uses dynamic globals (such as ctypes pointers and large global arrays)[0m[0m[0m
[36m(CPUDet4Actor pid=3792452, ip=10.10.2.2)[0m   x, f, mode, it = slsqp_solve(kind, seeds[k], lb, ub, op, opr, lit, n_ops, params, v0, rho,
[36m(CPUDet4Actor pid=3792452, ip=10.10.2.2)[0m /home/qaragoez/symclf_clean/symclf/examples/4DCartPolerV10/../DET4Fast4D_V10/slsqp_nb.py:993: NumbaWarning: [1m[1mCannot cache compiled function "slsqp_solve" as it uses dynamic globals (such as ctypes pointers and large global arrays)[0m[0m
[36m(CPUDet4Actor pid=3792452, ip=10.10.2.2)[0m   x, f, mode, it = slsqp_solve(kind, seeds[k], lb, ub, op, opr, lit, n_ops, params, v0, rho,
[36m(CPUDet4Actor pid=3792464, ip=10.10.2.2)[0m /home/qaragoez/symclf_clean/symclf/examples/4DCartPolerV10/../DET4Fast4D_V10/slsqp_nb.py:993: NumbaWarning: [1m[1m[1m[1m[1m[1m[1mCannot cache compiled function "_nnls" as it uses dynamic globals (such as ctypes pointers and large global arrays)[0m[0m[0m[0m[0m[0m[0m
[36m(CPUDet4Actor pid=3792464, ip=10.10.2.2)[0m   x, f, mode, it = slsqp_solve(kind, seeds[k], lb, ub, op, opr, lit, n_ops, params, v0, rho,
[36m(CPUDet4Actor pid=3792464, ip=10.10.2.2)[0m /home/qaragoez/symclf_clean/symclf/examples/4DCartPolerV10/../DET4Fast4D_V10/slsqp_nb.py:993: NumbaWarning: [1m[1m[1m[1m[1m[1mCannot cache compiled function "_ldp" as it uses dynamic globals (such as ctypes pointers and large global arrays)[0m[0m[0m[0m[0m[0m
[36m(CPUDet4Actor pid=3792464, ip=10.10.2.2)[0m   x, f, mode, it = slsqp_solve(kind, seeds[k], lb, ub, op, opr, lit, n_ops, params, v0, rho,
[36m(CPUDet4Actor pid=3792464, ip=10.10.2.2)[0m /home/qaragoez/symclf_clean/symclf/examples/4DCartPolerV10/../DET4Fast4D_V10/slsqp_nb.py:993: NumbaWarning: [1m[1m[1m[1m[1mCannot cache compiled function "_lsi" as it uses dynamic globals (such as ctypes pointers and large global arrays)[0m[0m[0m[0m[0m
[36m(CPUDet4Actor pid=3792464, ip=10.10.2.2)[0m   x, f, mode, it = slsqp_solve(kind, seeds[k], lb, ub, op, opr, lit, n_ops, params, v0, rho,
[36m(CPUDet4Actor pid=3792464, ip=10.10.2.2)[0m /home/qaragoez/symclf_clean/symclf/examples/4DCartPolerV10/../DET4Fast4D_V10/slsqp_nb.py:993: NumbaWarning: [1m[1m[1m[1mCannot cache compiled function "_lsei" as it uses dynamic globals (such as ctypes pointers and large global arrays)[0m[0m[0m[0m
[36m(CPUDet4Actor pid=3792464, ip=10.10.2.2)[0m   x, f, mode, it = slsqp_solve(kind, seeds[k], lb, ub, op, opr, lit, n_ops, params, v0, rho,
[36m(CPUDet4Actor pid=3792464, ip=10.10.2.2)[0m /home/qaragoez/symclf_clean/symclf/examples/4DCartPolerV10/../DET4Fast4D_V10/slsqp_nb.py:993: NumbaWarning: [1m[1m[1mCannot cache compiled function "_lsq" as it uses dynamic globals (such as ctypes pointers and large global arrays)[0m[0m[0m
[36m(CPUDet4Actor pid=3792464, ip=10.10.2.2)[0m   x, f, mode, it = slsqp_solve(kind, seeds[k], lb, ub, op, opr, lit, n_ops, params, v0, rho,
[36m(CPUDet4Actor pid=3792464, ip=10.10.2.2)[0m /home/qaragoez/symclf_clean/symclf/examples/4DCartPolerV10/../DET4Fast4D_V10/slsqp_nb.py:993: NumbaWarning: [1m[1mCannot cache compiled function "slsqp_solve" as it uses dynamic globals (such as ctypes pointers and large global arrays)[0m[0m
[36m(CPUDet4Actor pid=3792464, ip=10.10.2.2)[0m   x, f, mode, it = slsqp_solve(kind, seeds[k], lb, ub, op, opr, lit, n_ops, params, v0, rho,
[36m(CPUDet4Actor pid=3792447, ip=10.10.2.2)[0m /home/qaragoez/symclf_clean/symclf/examples/4DCartPolerV10/../DET4Fast4D_V10/slsqp_nb.py:993: NumbaWarning: [1m[1m[1m[1m[1m[1m[1mCannot cache compiled function "_nnls" as it uses dynamic globals (such as ctypes pointers and large global arrays)[0m[0m[0m[0m[0m[0m[0m
[36m(CPUDet4Actor pid=3792447, ip=10.10.2.2)[0m   x, f, mode, it = slsqp_solve(kind, seeds[k], lb, ub, op, opr, lit, n_ops, params, v0, rho,
[36m(CPUDet4Actor pid=3792447, ip=10.10.2.2)[0m /home/qaragoez/symclf_clean/symclf/examples/4DCartPolerV10/../DET4Fast4D_V10/slsqp_nb.py:993: NumbaWarning: [1m[1m[1m[1m[1m[1mCannot cache compiled function "_ldp" as it uses dynamic globals (such as ctypes pointers and large global arrays)[0m[0m[0m[0m[0m[0m
[36m(CPUDet4Actor pid=3792447, ip=10.10.2.2)[0m   x, f, mode, it = slsqp_solve(kind, seeds[k], lb, ub, op, opr, lit, n_ops, params, v0, rho,
[36m(CPUDet4Actor pid=3792447, ip=10.10.2.2)[0m /home/qaragoez/symclf_clean/symclf/examples/4DCartPolerV10/../DET4Fast4D_V10/slsqp_nb.py:993: NumbaWarning: [1m[1m[1m[1m[1mCannot cache compiled function "_lsi" as it uses dynamic globals (such as ctypes pointers and large global arrays)[0m[0m[0m[0m[0m
[36m(CPUDet4Actor pid=3792447, ip=10.10.2.2)[0m   x, f, mode, it = slsqp_solve(kind, seeds[k], lb, ub, op, opr, lit, n_ops, params, v0, rho,
[36m(CPUDet4Actor pid=3792447, ip=10.10.2.2)[0m /home/qaragoez/symclf_clean/symclf/examples/4DCartPolerV10/../DET4Fast4D_V10/slsqp_nb.py:993: NumbaWarning: [1m[1m[1m[1mCannot cache compiled function "_lsei" as it uses dynamic globals (such as ctypes pointers and large global arrays)[0m[0m[0m[0m
[36m(CPUDet4Actor pid=3792447, ip=10.10.2.2)[0m   x, f, mode, it = slsqp_solve(kind, seeds[k], lb, ub, op, opr, lit, n_ops, params, v0, rho,
[36m(CPUDet4Actor pid=3792447, ip=10.10.2.2)[0m /home/qaragoez/symclf_clean/symclf/examples/4DCartPolerV10/../DET4Fast4D_V10/slsqp_nb.py:993: NumbaWarning: [1m[1m[1mCannot cache compiled function "_lsq" as it uses dynamic globals (such as ctypes pointers and large global arrays)[0m[0m[0m
[36m(CPUDet4Actor pid=3792447, ip=10.10.2.2)[0m   x, f, mode, it = slsqp_solve(kind, seeds[k], lb, ub, op, opr, lit, n_ops, params, v0, rho,
[36m(CPUDet4Actor pid=3792447, ip=10.10.2.2)[0m /home/qaragoez/symclf_clean/symclf/examples/4DCartPolerV10/../DET4Fast4D_V10/slsqp_nb.py:993: NumbaWarning: [1m[1mCannot cache compiled function "slsqp_solve" as it uses dynamic globals (such as ctypes pointers and large global arrays)[0m[0m
[36m(CPUDet4Actor pid=3792447, ip=10.10.2.2)[0m   x, f, mode, it = slsqp_solve(kind, seeds[k], lb, ub, op, opr, lit, n_ops, params, v0, rho,
[36m(CPUDet4Actor pid=3792453, ip=10.10.2.2)[0m /home/qaragoez/symclf_clean/symclf/examples/4DCartPolerV10/../DET4Fast4D_V10/slsqp_nb.py:993: NumbaWarning: [1m[1m[1m[1m[1m[1m[1mCannot cache compiled function "_nnls" as it uses dynamic globals (such as ctypes pointers and large global arrays)[0m[0m[0m[0m[0m[0m[0m
[36m(CPUDet4Actor pid=3792453, ip=10.10.2.2)[0m   x, f, mode, it = slsqp_solve(kind, seeds[k], lb, ub, op, opr, lit, n_ops, params, v0, rho,
[36m(CPUDet4Actor pid=3792453, ip=10.10.2.2)[0m /home/qaragoez/symclf_clean/symclf/examples/4DCartPolerV10/../DET4Fast4D_V10/slsqp_nb.py:993: NumbaWarning: [1m[1m[1m[1m[1m[1mCannot cache compiled function "_ldp" as it uses dynamic globals (such as ctypes pointers and large global arrays)[0m[0m[0m[0m[0m[0m
[36m(CPUDet4Actor pid=3792453, ip=10.10.2.2)[0m   x, f, mode, it = slsqp_solve(kind, seeds[k], lb, ub, op, opr, lit, n_ops, params, v0, rho,
[36m(CPUDet4Actor pid=3792453, ip=10.10.2.2)[0m /home/qaragoez/symclf_clean/symclf/examples/4DCartPolerV10/../DET4Fast4D_V10/slsqp_nb.py:993: NumbaWarning: [1m[1m[1m[1m[1mCannot cache compiled function "_lsi" as it uses dynamic globals (such as ctypes pointers and large global arrays)[0m[0m[0m[0m[0m
[36m(CPUDet4Actor pid=3792453, ip=10.10.2.2)[0m   x, f, mode, it = slsqp_solve(kind, seeds[k], lb, ub, op, opr, lit, n_ops, params, v0, rho,
[36m(CPUDet4Actor pid=3792453, ip=10.10.2.2)[0m /home/qaragoez/symclf_clean/symclf/examples/4DCartPolerV10/../DET4Fast4D_V10/slsqp_nb.py:993: NumbaWarning: [1m[1m[1m[1mCannot cache compiled function "_lsei" as it uses dynamic globals (such as ctypes pointers and large global arrays)[0m[0m[0m[0m
[36m(CPUDet4Actor pid=3792453, ip=10.10.2.2)[0m   x, f, mode, it = slsqp_solve(kind, seeds[k], lb, ub, op, opr, lit, n_ops, params, v0, rho,
[36m(CPUDet4Actor pid=3792453, ip=10.10.2.2)[0m /home/qaragoez/symclf_clean/symclf/examples/4DCartPolerV10/../DET4Fast4D_V10/slsqp_nb.py:993: NumbaWarning: [1m[1m[1mCannot cache compiled function "_lsq" as it uses dynamic globals (such as ctypes pointers and large global arrays)[0m[0m[0m
[36m(CPUDet4Actor pid=3792453, ip=10.10.2.2)[0m   x, f, mode, it = slsqp_solve(kind, seeds[k], lb, ub, op, opr, lit, n_ops, params, v0, rho,
[36m(CPUDet4Actor pid=3792453, ip=10.10.2.2)[0m /home/qaragoez/symclf_clean/symclf/examples/4DCartPolerV10/../DET4Fast4D_V10/slsqp_nb.py:993: NumbaWarning: [1m[1mCannot cache compiled function "slsqp_solve" as it uses dynamic globals (such as ctypes pointers and large global arrays)[0m[0m
[36m(CPUDet4Actor pid=3792453, ip=10.10.2.2)[0m   x, f, mode, it = slsqp_solve(kind, seeds[k], lb, ub, op, opr, lit, n_ops, params, v0, rho,
[36m(CPUDet4Actor pid=3792473, ip=10.10.2.2)[0m /home/qaragoez/symclf_clean/symclf/examples/4DCartPolerV10/../DET4Fast4D_V10/slsqp_nb.py:993: NumbaWarning: [1m[1m[1m[1m[1m[1m[1mCannot cache compiled function "_nnls" as it uses dynamic globals (such as ctypes pointers and large global arrays)[0m[0m[0m[0m[0m[0m[0m
[36m(CPUDet4Actor pid=3792473, ip=10.10.2.2)[0m   x, f, mode, it = slsqp_solve(kind, seeds[k], lb, ub, op, opr, lit, n_ops, params, v0, rho,
[36m(CPUDet4Actor pid=3792473, ip=10.10.2.2)[0m /home/qaragoez/symclf_clean/symclf/examples/4DCartPolerV10/../DET4Fast4D_V10/slsqp_nb.py:993: NumbaWarning: [1m[1m[1m[1m[1m[1mCannot cache compiled function "_ldp" as it uses dynamic globals (such as ctypes pointers and large global arrays)[0m[0m[0m[0m[0m[0m
[36m(CPUDet4Actor pid=3792473, ip=10.10.2.2)[0m   x, f, mode, it = slsqp_solve(kind, seeds[k], lb, ub, op, opr, lit, n_ops, params, v0, rho,
[36m(CPUDet4Actor pid=3792473, ip=10.10.2.2)[0m /home/qaragoez/symclf_clean/symclf/examples/4DCartPolerV10/../DET4Fast4D_V10/slsqp_nb.py:993: NumbaWarning: [1m[1m[1m[1m[1mCannot cache compiled function "_lsi" as it uses dynamic globals (such as ctypes pointers and large global arrays)[0m[0m[0m[0m[0m
[36m(CPUDet4Actor pid=3792473, ip=10.10.2.2)[0m   x, f, mode, it = slsqp_solve(kind, seeds[k], lb, ub, op, opr, lit, n_ops, params, v0, rho,
[36m(CPUDet4Actor pid=3792473, ip=10.10.2.2)[0m /home/qaragoez/symclf_clean/symclf/examples/4DCartPolerV10/../DET4Fast4D_V10/slsqp_nb.py:993: NumbaWarning: [1m[1m[1m[1mCannot cache compiled function "_lsei" as it uses dynamic globals (such as ctypes pointers and large global arrays)[0m[0m[0m[0m
[36m(CPUDet4Actor pid=3792473, ip=10.10.2.2)[0m   x, f, mode, it = slsqp_solve(kind, seeds[k], lb, ub, op, opr, lit, n_ops, params, v0, rho,
[36m(CPUDet4Actor pid=3792473, ip=10.10.2.2)[0m /home/qaragoez/symclf_clean/symclf/examples/4DCartPolerV10/../DET4Fast4D_V10/slsqp_nb.py:993: NumbaWarning: [1m[1m[1mCannot cache compiled function "_lsq" as it uses dynamic globals (such as ctypes pointers and large global arrays)[0m[0m[0m
[36m(CPUDet4Actor pid=3792473, ip=10.10.2.2)[0m   x, f, mode, it = slsqp_solve(kind, seeds[k], lb, ub, op, opr, lit, n_ops, params, v0, rho,
[36m(CPUDet4Actor pid=3792473, ip=10.10.2.2)[0m /home/qaragoez/symclf_clean/symclf/examples/4DCartPolerV10/../DET4Fast4D_V10/slsqp_nb.py:993: NumbaWarning: [1m[1mCannot cache compiled function "slsqp_solve" as it uses dynamic globals (such as ctypes pointers and large global arrays)[0m[0m
[36m(CPUDet4Actor pid=3792473, ip=10.10.2.2)[0m   x, f, mode, it = slsqp_solve(kind, seeds[k], lb, ub, op, opr, lit, n_ops, params, v0, rho,
[36m(CPUDet4Actor pid=3792474, ip=10.10.2.2)[0m /home/qaragoez/symclf_clean/symclf/examples/4DCartPolerV10/../DET4Fast4D_V10/slsqp_nb.py:993: NumbaWarning: [1m[1m[1m[1m[1m[1m[1mCannot cache compiled function "_nnls" as it uses dynamic globals (such as ctypes pointers and large global arrays)[0m[0m[0m[0m[0m[0m[0m
[36m(CPUDet4Actor pid=3792474, ip=10.10.2.2)[0m   x, f, mode, it = slsqp_solve(kind, seeds[k], lb, ub, op, opr, lit, n_ops, params, v0, rho,
[36m(CPUDet4Actor pid=3792474, ip=10.10.2.2)[0m /home/qaragoez/symclf_clean/symclf/examples/4DCartPolerV10/../DET4Fast4D_V10/slsqp_nb.py:993: NumbaWarning: [1m[1m[1m[1m[1m[1mCannot cache compiled function "_ldp" as it uses dynamic globals (such as ctypes pointers and large global arrays)[0m[0m[0m[0m[0m[0m
[36m(CPUDet4Actor pid=3792474, ip=10.10.2.2)[0m   x, f, mode, it = slsqp_solve(kind, seeds[k], lb, ub, op, opr, lit, n_ops, params, v0, rho,
[36m(CPUDet4Actor pid=3792474, ip=10.10.2.2)[0m /home/qaragoez/symclf_clean/symclf/examples/4DCartPolerV10/../DET4Fast4D_V10/slsqp_nb.py:993: NumbaWarning: [1m[1m[1m[1m[1mCannot cache compiled function "_lsi" as it uses dynamic globals (such as ctypes pointers and large global arrays)[0m[0m[0m[0m[0m
[36m(CPUDet4Actor pid=3792474, ip=10.10.2.2)[0m   x, f, mode, it = slsqp_solve(kind, seeds[k], lb, ub, op, opr, lit, n_ops, params, v0, rho,
[36m(CPUDet4Actor pid=3792474, ip=10.10.2.2)[0m /home/qaragoez/symclf_clean/symclf/examples/4DCartPolerV10/../DET4Fast4D_V10/slsqp_nb.py:993: NumbaWarning: [1m[1m[1m[1mCannot cache compiled function "_lsei" as it uses dynamic globals (such as ctypes pointers and large global arrays)[0m[0m[0m[0m
[36m(CPUDet4Actor pid=3792474, ip=10.10.2.2)[0m   x, f, mode, it = slsqp_solve(kind, seeds[k], lb, ub, op, opr, lit, n_ops, params, v0, rho,
[36m(CPUDet4Actor pid=3792474, ip=10.10.2.2)[0m /home/qaragoez/symclf_clean/symclf/examples/4DCartPolerV10/../DET4Fast4D_V10/slsqp_nb.py:993: NumbaWarning: [1m[1m[1mCannot cache compiled function "_lsq" as it uses dynamic globals (such as ctypes pointers and large global arrays)[0m[0m[0m
[36m(CPUDet4Actor pid=3792474, ip=10.10.2.2)[0m   x, f, mode, it = slsqp_solve(kind, seeds[k], lb, ub, op, opr, lit, n_ops, params, v0, rho,
[36m(CPUDet4Actor pid=3792474, ip=10.10.2.2)[0m /home/qaragoez/symclf_clean/symclf/examples/4DCartPolerV10/../DET4Fast4D_V10/slsqp_nb.py:993: NumbaWarning: [1m[1mCannot cache compiled function "slsqp_solve" as it uses dynamic globals (such as ctypes pointers and large global arrays)[0m[0m
[36m(CPUDet4Actor pid=3792474, ip=10.10.2.2)[0m   x, f, mode, it = slsqp_solve(kind, seeds[k], lb, ub, op, opr, lit, n_ops, params, v0, rho,
[36m(CPUDet4Actor pid=3792475, ip=10.10.2.2)[0m /home/qaragoez/symclf_clean/symclf/examples/4DCartPolerV10/../DET4Fast4D_V10/slsqp_nb.py:993: NumbaWarning: [1m[1m[1m[1m[1m[1m[1mCannot cache compiled function "_nnls" as it uses dynamic globals (such as ctypes pointers and large global arrays)[0m[0m[0m[0m[0m[0m[0m
[36m(CPUDet4Actor pid=3792475, ip=10.10.2.2)[0m   x, f, mode, it = slsqp_solve(kind, seeds[k], lb, ub, op, opr, lit, n_ops, params, v0, rho,
[36m(CPUDet4Actor pid=3792475, ip=10.10.2.2)[0m /home/qaragoez/symclf_clean/symclf/examples/4DCartPolerV10/../DET4Fast4D_V10/slsqp_nb.py:993: NumbaWarning: [1m[1m[1m[1m[1m[1mCannot cache compiled function "_ldp" as it uses dynamic globals (such as ctypes pointers and large global arrays)[0m[0m[0m[0m[0m[0m
[36m(CPUDet4Actor pid=3792475, ip=10.10.2.2)[0m   x, f, mode, it = slsqp_solve(kind, seeds[k], lb, ub, op, opr, lit, n_ops, params, v0, rho,
[36m(CPUDet4Actor pid=3792475, ip=10.10.2.2)[0m /home/qaragoez/symclf_clean/symclf/examples/4DCartPolerV10/../DET4Fast4D_V10/slsqp_nb.py:993: NumbaWarning: [1m[1m[1m[1m[1mCannot cache compiled function "_lsi" as it uses dynamic globals (such as ctypes pointers and large global arrays)[0m[0m[0m[0m[0m
[36m(CPUDet4Actor pid=3792475, ip=10.10.2.2)[0m   x, f, mode, it = slsqp_solve(kind, seeds[k], lb, ub, op, opr, lit, n_ops, params, v0, rho,
[36m(CPUDet4Actor pid=3792475, ip=10.10.2.2)[0m /home/qaragoez/symclf_clean/symclf/examples/4DCartPolerV10/../DET4Fast4D_V10/slsqp_nb.py:993: NumbaWarning: [1m[1m[1m[1mCannot cache compiled function "_lsei" as it uses dynamic globals (such as ctypes pointers and large global arrays)[0m[0m[0m[0m
[36m(CPUDet4Actor pid=3792475, ip=10.10.2.2)[0m   x, f, mode, it = slsqp_solve(kind, seeds[k], lb, ub, op, opr, lit, n_ops, params, v0, rho,
[36m(CPUDet4Actor pid=3792475, ip=10.10.2.2)[0m /home/qaragoez/symclf_clean/symclf/examples/4DCartPolerV10/../DET4Fast4D_V10/slsqp_nb.py:993: NumbaWarning: [1m[1m[1mCannot cache compiled function "_lsq" as it uses dynamic globals (such as ctypes pointers and large global arrays)[0m[0m[0m
[36m(CPUDet4Actor pid=3792475, ip=10.10.2.2)[0m   x, f, mode, it = slsqp_solve(kind, seeds[k], lb, ub, op, opr, lit, n_ops, params, v0, rho,
[36m(CPUDet4Actor pid=3792475, ip=10.10.2.2)[0m /home/qaragoez/symclf_clean/symclf/examples/4DCartPolerV10/../DET4Fast4D_V10/slsqp_nb.py:993: NumbaWarning: [1m[1mCannot cache compiled function "slsqp_solve" as it uses dynamic globals (such as ctypes pointers and large global arrays)[0m[0m
[36m(CPUDet4Actor pid=3792475, ip=10.10.2.2)[0m   x, f, mode, it = slsqp_solve(kind, seeds[k], lb, ub, op, opr, lit, n_ops, params, v0, rho,
[36m(CPUDet4Actor pid=3792444, ip=10.10.2.2)[0m /home/qaragoez/symclf_clean/symclf/examples/4DCartPolerV10/../DET4Fast4D_V10/slsqp_nb.py:993: NumbaWarning: [1m[1m[1m[1m[1m[1m[1mCannot cache compiled function "_nnls" as it uses dynamic globals (such as ctypes pointers and large global arrays)[0m[0m[0m[0m[0m[0m[0m
[36m(CPUDet4Actor pid=3792444, ip=10.10.2.2)[0m   x, f, mode, it = slsqp_solve(kind, seeds[k], lb, ub, op, opr, lit, n_ops, params, v0, rho,
[36m(CPUDet4Actor pid=3792444, ip=10.10.2.2)[0m /home/qaragoez/symclf_clean/symclf/examples/4DCartPolerV10/../DET4Fast4D_V10/slsqp_nb.py:993: NumbaWarning: [1m[1m[1m[1m[1m[1mCannot cache compiled function "_ldp" as it uses dynamic globals (such as ctypes pointers and large global arrays)[0m[0m[0m[0m[0m[0m
[36m(CPUDet4Actor pid=3792444, ip=10.10.2.2)[0m   x, f, mode, it = slsqp_solve(kind, seeds[k], lb, ub, op, opr, lit, n_ops, params, v0, rho,
[36m(CPUDet4Actor pid=3792444, ip=10.10.2.2)[0m /home/qaragoez/symclf_clean/symclf/examples/4DCartPolerV10/../DET4Fast4D_V10/slsqp_nb.py:993: NumbaWarning: [1m[1m[1m[1m[1mCannot cache compiled function "_lsi" as it uses dynamic globals (such as ctypes pointers and large global arrays)[0m[0m[0m[0m[0m
[36m(CPUDet4Actor pid=3792444, ip=10.10.2.2)[0m   x, f, mode, it = slsqp_solve(kind, seeds[k], lb, ub, op, opr, lit, n_ops, params, v0, rho,
[36m(CPUDet4Actor pid=3792444, ip=10.10.2.2)[0m /home/qaragoez/symclf_clean/symclf/examples/4DCartPolerV10/../DET4Fast4D_V10/slsqp_nb.py:993: NumbaWarning: [1m[1m[1m[1mCannot cache compiled function "_lsei" as it uses dynamic globals (such as ctypes pointers and large global arrays)[0m[0m[0m[0m
[36m(CPUDet4Actor pid=3792444, ip=10.10.2.2)[0m   x, f, mode, it = slsqp_solve(kind, seeds[k], lb, ub, op, opr, lit, n_ops, params, v0, rho,
[36m(CPUDet4Actor pid=3792444, ip=10.10.2.2)[0m /home/qaragoez/symclf_clean/symclf/examples/4DCartPolerV10/../DET4Fast4D_V10/slsqp_nb.py:993: NumbaWarning: [1m[1m[1mCannot cache compiled function "_lsq" as it uses dynamic globals (such as ctypes pointers and large global arrays)[0m[0m[0m
[36m(CPUDet4Actor pid=3792444, ip=10.10.2.2)[0m   x, f, mode, it = slsqp_solve(kind, seeds[k], lb, ub, op, opr, lit, n_ops, params, v0, rho,
[36m(CPUDet4Actor pid=3792444, ip=10.10.2.2)[0m /home/qaragoez/symclf_clean/symclf/examples/4DCartPolerV10/../DET4Fast4D_V10/slsqp_nb.py:993: NumbaWarning: [1m[1mCannot cache compiled function "slsqp_solve" as it uses dynamic globals (such as ctypes pointers and large global arrays)[0m[0m
[36m(CPUDet4Actor pid=3792444, ip=10.10.2.2)[0m   x, f, mode, it = slsqp_solve(kind, seeds[k], lb, ub, op, opr, lit, n_ops, params, v0, rho,
[36m(CPUDet4Actor pid=3792450, ip=10.10.2.2)[0m /home/qaragoez/symclf_clean/symclf/examples/4DCartPolerV10/../DET4Fast4D_V10/slsqp_nb.py:993: NumbaWarning: [1m[1m[1m[1m[1m[1m[1mCannot cache compiled function "_nnls" as it uses dynamic globals (such as ctypes pointers and large global arrays)[0m[0m[0m[0m[0m[0m[0m
[36m(CPUDet4Actor pid=3792450, ip=10.10.2.2)[0m   x, f, mode, it = slsqp_solve(kind, seeds[k], lb, ub, op, opr, lit, n_ops, params, v0, rho,
[36m(CPUDet4Actor pid=3792450, ip=10.10.2.2)[0m /home/qaragoez/symclf_clean/symclf/examples/4DCartPolerV10/../DET4Fast4D_V10/slsqp_nb.py:993: NumbaWarning: [1m[1m[1m[1m[1m[1mCannot cache compiled function "_ldp" as it uses dynamic globals (such as ctypes pointers and large global arrays)[0m[0m[0m[0m[0m[0m
[36m(CPUDet4Actor pid=3792450, ip=10.10.2.2)[0m   x, f, mode, it = slsqp_solve(kind, seeds[k], lb, ub, op, opr, lit, n_ops, params, v0, rho,
[36m(CPUDet4Actor pid=3792450, ip=10.10.2.2)[0m /home/qaragoez/symclf_clean/symclf/examples/4DCartPolerV10/../DET4Fast4D_V10/slsqp_nb.py:993: NumbaWarning: [1m[1m[1m[1m[1mCannot cache compiled function "_lsi" as it uses dynamic globals (such as ctypes pointers and large global arrays)[0m[0m[0m[0m[0m
[36m(CPUDet4Actor pid=3792450, ip=10.10.2.2)[0m   x, f, mode, it = slsqp_solve(kind, seeds[k], lb, ub, op, opr, lit, n_ops, params, v0, rho,
[36m(CPUDet4Actor pid=3792450, ip=10.10.2.2)[0m /home/qaragoez/symclf_clean/symclf/examples/4DCartPolerV10/../DET4Fast4D_V10/slsqp_nb.py:993: NumbaWarning: [1m[1m[1m[1mCannot cache compiled function "_lsei" as it uses dynamic globals (such as ctypes pointers and large global arrays)[0m[0m[0m[0m
[36m(CPUDet4Actor pid=3792450, ip=10.10.2.2)[0m   x, f, mode, it = slsqp_solve(kind, seeds[k], lb, ub, op, opr, lit, n_ops, params, v0, rho,
[36m(CPUDet4Actor pid=3792450, ip=10.10.2.2)[0m /home/qaragoez/symclf_clean/symclf/examples/4DCartPolerV10/../DET4Fast4D_V10/slsqp_nb.py:993: NumbaWarning: [1m[1m[1mCannot cache compiled function "_lsq" as it uses dynamic globals (such as ctypes pointers and large global arrays)[0m[0m[0m
[36m(CPUDet4Actor pid=3792450, ip=10.10.2.2)[0m   x, f, mode, it = slsqp_solve(kind, seeds[k], lb, ub, op, opr, lit, n_ops, params, v0, rho,
[36m(CPUDet4Actor pid=3792450, ip=10.10.2.2)[0m /home/qaragoez/symclf_clean/symclf/examples/4DCartPolerV10/../DET4Fast4D_V10/slsqp_nb.py:993: NumbaWarning: [1m[1mCannot cache compiled function "slsqp_solve" as it uses dynamic globals (such as ctypes pointers and large global arrays)[0m[0m
[36m(CPUDet4Actor pid=3792450, ip=10.10.2.2)[0m   x, f, mode, it = slsqp_solve(kind, seeds[k], lb, ub, op, opr, lit, n_ops, params, v0, rho,
[36m(CPUDet4Actor pid=3792476, ip=10.10.2.2)[0m /home/qaragoez/symclf_clean/symclf/examples/4DCartPolerV10/../DET4Fast4D_V10/slsqp_nb.py:993: NumbaWarning: [1m[1m[1m[1m[1m[1m[1mCannot cache compiled function "_nnls" as it uses dynamic globals (such as ctypes pointers and large global arrays)[0m[0m[0m[0m[0m[0m[0m
[36m(CPUDet4Actor pid=3792476, ip=10.10.2.2)[0m   x, f, mode, it = slsqp_solve(kind, seeds[k], lb, ub, op, opr, lit, n_ops, params, v0, rho,
[36m(CPUDet4Actor pid=3792476, ip=10.10.2.2)[0m /home/qaragoez/symclf_clean/symclf/examples/4DCartPolerV10/../DET4Fast4D_V10/slsqp_nb.py:993: NumbaWarning: [1m[1m[1m[1m[1m[1mCannot cache compiled function "_ldp" as it uses dynamic globals (such as ctypes pointers and large global arrays)[0m[0m[0m[0m[0m[0m
[36m(CPUDet4Actor pid=3792476, ip=10.10.2.2)[0m   x, f, mode, it = slsqp_solve(kind, seeds[k], lb, ub, op, opr, lit, n_ops, params, v0, rho,
[36m(CPUDet4Actor pid=3792476, ip=10.10.2.2)[0m /home/qaragoez/symclf_clean/symclf/examples/4DCartPolerV10/../DET4Fast4D_V10/slsqp_nb.py:993: NumbaWarning: [1m[1m[1m[1m[1mCannot cache compiled function "_lsi" as it uses dynamic globals (such as ctypes pointers and large global arrays)[0m[0m[0m[0m[0m
[36m(CPUDet4Actor pid=3792476, ip=10.10.2.2)[0m   x, f, mode, it = slsqp_solve(kind, seeds[k], lb, ub, op, opr, lit, n_ops, params, v0, rho,
[36m(CPUDet4Actor pid=3792476, ip=10.10.2.2)[0m /home/qaragoez/symclf_clean/symclf/examples/4DCartPolerV10/../DET4Fast4D_V10/slsqp_nb.py:993: NumbaWarning: [1m[1m[1m[1mCannot cache compiled function "_lsei" as it uses dynamic globals (such as ctypes pointers and large global arrays)[0m[0m[0m[0m
[36m(CPUDet4Actor pid=3792476, ip=10.10.2.2)[0m   x, f, mode, it = slsqp_solve(kind, seeds[k], lb, ub, op, opr, lit, n_ops, params, v0, rho,
[36m(CPUDet4Actor pid=3792476, ip=10.10.2.2)[0m /home/qaragoez/symclf_clean/symclf/examples/4DCartPolerV10/../DET4Fast4D_V10/slsqp_nb.py:993: NumbaWarning: [1m[1m[1mCannot cache compiled function "_lsq" as it uses dynamic globals (such as ctypes pointers and large global arrays)[0m[0m[0m
[36m(CPUDet4Actor pid=3792476, ip=10.10.2.2)[0m   x, f, mode, it = slsqp_solve(kind, seeds[k], lb, ub, op, opr, lit, n_ops, params, v0, rho,
[36m(CPUDet4Actor pid=3792476, ip=10.10.2.2)[0m /home/qaragoez/symclf_clean/symclf/examples/4DCartPolerV10/../DET4Fast4D_V10/slsqp_nb.py:993: NumbaWarning: [1m[1mCannot cache compiled function "slsqp_solve" as it uses dynamic globals (such as ctypes pointers and large global arrays)[0m[0m
[36m(CPUDet4Actor pid=3792476, ip=10.10.2.2)[0m   x, f, mode, it = slsqp_solve(kind, seeds[k], lb, ub, op, opr, lit, n_ops, params, v0, rho,
[36m(CPUDet4Actor pid=3679578)[0m /home/qaragoez/symclf_clean/symclf/examples/4DCartPolerV10/../DET4Fast4D_V10/slsqp_nb.py:993: NumbaWarning: [1m[1m[1m[1m[1m[1m[1mCannot cache compiled function "_nnls" as it uses dynamic globals (such as ctypes pointers and large global arrays)[0m[0m[0m[0m[0m[0m[0m
[36m(CPUDet4Actor pid=3679578)[0m   x, f, mode, it = slsqp_solve(kind, seeds[k], lb, ub, op, opr, lit, n_ops, params, v0, rho,
[36m(CPUDet4Actor pid=3679578)[0m /home/qaragoez/symclf_clean/symclf/examples/4DCartPolerV10/../DET4Fast4D_V10/slsqp_nb.py:993: NumbaWarning: [1m[1m[1m[1m[1m[1mCannot cache compiled function "_ldp" as it uses dynamic globals (such as ctypes pointers and large global arrays)[0m[0m[0m[0m[0m[0m
[36m(CPUDet4Actor pid=3679578)[0m   x, f, mode, it = slsqp_solve(kind, seeds[k], lb, ub, op, opr, lit, n_ops, params, v0, rho,
[36m(CPUDet4Actor pid=3679578)[0m /home/qaragoez/symclf_clean/symclf/examples/4DCartPolerV10/../DET4Fast4D_V10/slsqp_nb.py:993: NumbaWarning: [1m[1m[1m[1m[1mCannot cache compiled function "_lsi" as it uses dynamic globals (such as ctypes pointers and large global arrays)[0m[0m[0m[0m[0m
[36m(CPUDet4Actor pid=3679578)[0m   x, f, mode, it = slsqp_solve(kind, seeds[k], lb, ub, op, opr, lit, n_ops, params, v0, rho,
[36m(CPUDet4Actor pid=3679578)[0m /home/qaragoez/symclf_clean/symclf/examples/4DCartPolerV10/../DET4Fast4D_V10/slsqp_nb.py:993: NumbaWarning: [1m[1m[1m[1mCannot cache compiled function "_lsei" as it uses dynamic globals (such as ctypes pointers and large global arrays)[0m[0m[0m[0m
[36m(CPUDet4Actor pid=3679578)[0m   x, f, mode, it = slsqp_solve(kind, seeds[k], lb, ub, op, opr, lit, n_ops, params, v0, rho,
[36m(CPUDet4Actor pid=3679578)[0m /home/qaragoez/symclf_clean/symclf/examples/4DCartPolerV10/../DET4Fast4D_V10/slsqp_nb.py:993: NumbaWarning: [1m[1m[1mCannot cache compiled function "_lsq" as it uses dynamic globals (such as ctypes pointers and large global arrays)[0m[0m[0m
[36m(CPUDet4Actor pid=3679578)[0m   x, f, mode, it = slsqp_solve(kind, seeds[k], lb, ub, op, opr, lit, n_ops, params, v0, rho,
[36m(CPUDet4Actor pid=3679578)[0m /home/qaragoez/symclf_clean/symclf/examples/4DCartPolerV10/../DET4Fast4D_V10/slsqp_nb.py:993: NumbaWarning: [1m[1mCannot cache compiled function "slsqp_solve" as it uses dynamic globals (such as ctypes pointers and large global arrays)[0m[0m
[36m(CPUDet4Actor pid=3679578)[0m   x, f, mode, it = slsqp_solve(kind, seeds[k], lb, ub, op, opr, lit, n_ops, params, v0, rho,
[36m(CPUDet4Actor pid=3792449, ip=10.10.2.2)[0m /home/qaragoez/symclf_clean/symclf/examples/4DCartPolerV10/../DET4Fast4D_V10/slsqp_nb.py:993: NumbaWarning: [1m[1m[1m[1m[1m[1m[1mCannot cache compiled function "_nnls" as it uses dynamic globals (such as ctypes pointers and large global arrays)[0m[0m[0m[0m[0m[0m[0m
[36m(CPUDet4Actor pid=3792449, ip=10.10.2.2)[0m   x, f, mode, it = slsqp_solve(kind, seeds[k], lb, ub, op, opr, lit, n_ops, params, v0, rho,
[36m(CPUDet4Actor pid=3792449, ip=10.10.2.2)[0m /home/qaragoez/symclf_clean/symclf/examples/4DCartPolerV10/../DET4Fast4D_V10/slsqp_nb.py:993: NumbaWarning: [1m[1m[1m[1m[1m[1mCannot cache compiled function "_ldp" as it uses dynamic globals (such as ctypes pointers and large global arrays)[0m[0m[0m[0m[0m[0m
[36m(CPUDet4Actor pid=3792449, ip=10.10.2.2)[0m   x, f, mode, it = slsqp_solve(kind, seeds[k], lb, ub, op, opr, lit, n_ops, params, v0, rho,
[36m(CPUDet4Actor pid=3792449, ip=10.10.2.2)[0m /home/qaragoez/symclf_clean/symclf/examples/4DCartPolerV10/../DET4Fast4D_V10/slsqp_nb.py:993: NumbaWarning: [1m[1m[1m[1m[1mCannot cache compiled function "_lsi" as it uses dynamic globals (such as ctypes pointers and large global arrays)[0m[0m[0m[0m[0m
[36m(CPUDet4Actor pid=3792449, ip=10.10.2.2)[0m   x, f, mode, it = slsqp_solve(kind, seeds[k], lb, ub, op, opr, lit, n_ops, params, v0, rho,
[36m(CPUDet4Actor pid=3792449, ip=10.10.2.2)[0m /home/qaragoez/symclf_clean/symclf/examples/4DCartPolerV10/../DET4Fast4D_V10/slsqp_nb.py:993: NumbaWarning: [1m[1m[1m[1mCannot cache compiled function "_lsei" as it uses dynamic globals (such as ctypes pointers and large global arrays)[0m[0m[0m[0m
[36m(CPUDet4Actor pid=3792449, ip=10.10.2.2)[0m   x, f, mode, it = slsqp_solve(kind, seeds[k], lb, ub, op, opr, lit, n_ops, params, v0, rho,
[36m(CPUDet4Actor pid=3792449, ip=10.10.2.2)[0m /home/qaragoez/symclf_clean/symclf/examples/4DCartPolerV10/../DET4Fast4D_V10/slsqp_nb.py:993: NumbaWarning: [1m[1m[1mCannot cache compiled function "_lsq" as it uses dynamic globals (such as ctypes pointers and large global arrays)[0m[0m[0m
[36m(CPUDet4Actor pid=3792449, ip=10.10.2.2)[0m   x, f, mode, it = slsqp_solve(kind, seeds[k], lb, ub, op, opr, lit, n_ops, params, v0, rho,
[36m(CPUDet4Actor pid=3792449, ip=10.10.2.2)[0m /home/qaragoez/symclf_clean/symclf/examples/4DCartPolerV10/../DET4Fast4D_V10/slsqp_nb.py:993: NumbaWarning: [1m[1mCannot cache compiled function "slsqp_solve" as it uses dynamic globals (such as ctypes pointers and large global arrays)[0m[0m
[36m(CPUDet4Actor pid=3792449, ip=10.10.2.2)[0m   x, f, mode, it = slsqp_solve(kind, seeds[k], lb, ub, op, opr, lit, n_ops, params, v0, rho,
[36m(CPUDet4Actor pid=3792470, ip=10.10.2.2)[0m /home/qaragoez/symclf_clean/symclf/examples/4DCartPolerV10/../DET4Fast4D_V10/slsqp_nb.py:993: NumbaWarning: [1m[1m[1m[1m[1m[1m[1mCannot cache compiled function "_nnls" as it uses dynamic globals (such as ctypes pointers and large global arrays)[0m[0m[0m[0m[0m[0m[0m
[36m(CPUDet4Actor pid=3792470, ip=10.10.2.2)[0m   x, f, mode, it = slsqp_solve(kind, seeds[k], lb, ub, op, opr, lit, n_ops, params, v0, rho,
[36m(CPUDet4Actor pid=3792470, ip=10.10.2.2)[0m /home/qaragoez/symclf_clean/symclf/examples/4DCartPolerV10/../DET4Fast4D_V10/slsqp_nb.py:993: NumbaWarning: [1m[1m[1m[1m[1m[1mCannot cache compiled function "_ldp" as it uses dynamic globals (such as ctypes pointers and large global arrays)[0m[0m[0m[0m[0m[0m
[36m(CPUDet4Actor pid=3792470, ip=10.10.2.2)[0m   x, f, mode, it = slsqp_solve(kind, seeds[k], lb, ub, op, opr, lit, n_ops, params, v0, rho,
[36m(CPUDet4Actor pid=3792470, ip=10.10.2.2)[0m /home/qaragoez/symclf_clean/symclf/examples/4DCartPolerV10/../DET4Fast4D_V10/slsqp_nb.py:993: NumbaWarning: [1m[1m[1m[1m[1mCannot cache compiled function "_lsi" as it uses dynamic globals (such as ctypes pointers and large global arrays)[0m[0m[0m[0m[0m
[36m(CPUDet4Actor pid=3792470, ip=10.10.2.2)[0m   x, f, mode, it = slsqp_solve(kind, seeds[k], lb, ub, op, opr, lit, n_ops, params, v0, rho,
[36m(CPUDet4Actor pid=3792470, ip=10.10.2.2)[0m /home/qaragoez/symclf_clean/symclf/examples/4DCartPolerV10/../DET4Fast4D_V10/slsqp_nb.py:993: NumbaWarning: [1m[1m[1m[1mCannot cache compiled function "_lsei" as it uses dynamic globals (such as ctypes pointers and large global arrays)[0m[0m[0m[0m
[36m(CPUDet4Actor pid=3792470, ip=10.10.2.2)[0m   x, f, mode, it = slsqp_solve(kind, seeds[k], lb, ub, op, opr, lit, n_ops, params, v0, rho,
[36m(CPUDet4Actor pid=3792470, ip=10.10.2.2)[0m /home/qaragoez/symclf_clean/symclf/examples/4DCartPolerV10/../DET4Fast4D_V10/slsqp_nb.py:993: NumbaWarning: [1m[1m[1mCannot cache compiled function "_lsq" as it uses dynamic globals (such as ctypes pointers and large global arrays)[0m[0m[0m
[36m(CPUDet4Actor pid=3792470, ip=10.10.2.2)[0m   x, f, mode, it = slsqp_solve(kind, seeds[k], lb, ub, op, opr, lit, n_ops, params, v0, rho,
[36m(CPUDet4Actor pid=3792470, ip=10.10.2.2)[0m /home/qaragoez/symclf_clean/symclf/examples/4DCartPolerV10/../DET4Fast4D_V10/slsqp_nb.py:993: NumbaWarning: [1m[1mCannot cache compiled function "slsqp_solve" as it uses dynamic globals (such as ctypes pointers and large global arrays)[0m[0m
[36m(CPUDet4Actor pid=3792470, ip=10.10.2.2)[0m   x, f, mode, it = slsqp_solve(kind, seeds[k], lb, ub, op, opr, lit, n_ops, params, v0, rho,
[36m(CPUDet4Actor pid=3792454, ip=10.10.2.2)[0m /home/qaragoez/symclf_clean/symclf/examples/4DCartPolerV10/../DET4Fast4D_V10/slsqp_nb.py:993: NumbaWarning: [1m[1m[1m[1m[1m[1m[1mCannot cache compiled function "_nnls" as it uses dynamic globals (such as ctypes pointers and large global arrays)[0m[0m[0m[0m[0m[0m[0m
[36m(CPUDet4Actor pid=3792454, ip=10.10.2.2)[0m   x, f, mode, it = slsqp_solve(kind, seeds[k], lb, ub, op, opr, lit, n_ops, params, v0, rho,
[36m(CPUDet4Actor pid=3792454, ip=10.10.2.2)[0m /home/qaragoez/symclf_clean/symclf/examples/4DCartPolerV10/../DET4Fast4D_V10/slsqp_nb.py:993: NumbaWarning: [1m[1m[1m[1m[1m[1mCannot cache compiled function "_ldp" as it uses dynamic globals (such as ctypes pointers and large global arrays)[0m[0m[0m[0m[0m[0m
[36m(CPUDet4Actor pid=3792454, ip=10.10.2.2)[0m   x, f, mode, it = slsqp_solve(kind, seeds[k], lb, ub, op, opr, lit, n_ops, params, v0, rho,
[36m(CPUDet4Actor pid=3792454, ip=10.10.2.2)[0m /home/qaragoez/symclf_clean/symclf/examples/4DCartPolerV10/../DET4Fast4D_V10/slsqp_nb.py:993: NumbaWarning: [1m[1m[1m[1m[1mCannot cache compiled function "_lsi" as it uses dynamic globals (such as ctypes pointers and large global arrays)[0m[0m[0m[0m[0m
[36m(CPUDet4Actor pid=3792454, ip=10.10.2.2)[0m   x, f, mode, it = slsqp_solve(kind, seeds[k], lb, ub, op, opr, lit, n_ops, params, v0, rho,
[36m(CPUDet4Actor pid=3792454, ip=10.10.2.2)[0m /home/qaragoez/symclf_clean/symclf/examples/4DCartPolerV10/../DET4Fast4D_V10/slsqp_nb.py:993: NumbaWarning: [1m[1m[1m[1mCannot cache compiled function "_lsei" as it uses dynamic globals (such as ctypes pointers and large global arrays)[0m[0m[0m[0m
[36m(CPUDet4Actor pid=3792454, ip=10.10.2.2)[0m   x, f, mode, it = slsqp_solve(kind, seeds[k], lb, ub, op, opr, lit, n_ops, params, v0, rho,
[36m(CPUDet4Actor pid=3792454, ip=10.10.2.2)[0m /home/qaragoez/symclf_clean/symclf/examples/4DCartPolerV10/../DET4Fast4D_V10/slsqp_nb.py:993: NumbaWarning: [1m[1m[1mCannot cache compiled function "_lsq" as it uses dynamic globals (such as ctypes pointers and large global arrays)[0m[0m[0m
[36m(CPUDet4Actor pid=3792454, ip=10.10.2.2)[0m   x, f, mode, it = slsqp_solve(kind, seeds[k], lb, ub, op, opr, lit, n_ops, params, v0, rho,
[36m(CPUDet4Actor pid=3792454, ip=10.10.2.2)[0m /home/qaragoez/symclf_clean/symclf/examples/4DCartPolerV10/../DET4Fast4D_V10/slsqp_nb.py:993: NumbaWarning: [1m[1mCannot cache compiled function "slsqp_solve" as it uses dynamic globals (such as ctypes pointers and large global arrays)[0m[0m
[36m(CPUDet4Actor pid=3792454, ip=10.10.2.2)[0m   x, f, mode, it = slsqp_solve(kind, seeds[k], lb, ub, op, opr, lit, n_ops, params, v0, rho,
[36m(CPUDet4Actor pid=3679583)[0m /home/qaragoez/symclf_clean/symclf/examples/4DCartPolerV10/../DET4Fast4D_V10/slsqp_nb.py:993: NumbaWarning: [1m[1m[1m[1m[1m[1m[1mCannot cache compiled function "_nnls" as it uses dynamic globals (such as ctypes pointers and large global arrays)[0m[0m[0m[0m[0m[0m[0m
[36m(CPUDet4Actor pid=3679583)[0m   x, f, mode, it = slsqp_solve(kind, seeds[k], lb, ub, op, opr, lit, n_ops, params, v0, rho,
[36m(CPUDet4Actor pid=3679583)[0m /home/qaragoez/symclf_clean/symclf/examples/4DCartPolerV10/../DET4Fast4D_V10/slsqp_nb.py:993: NumbaWarning: [1m[1m[1m[1m[1m[1mCannot cache compiled function "_ldp" as it uses dynamic globals (such as ctypes pointers and large global arrays)[0m[0m[0m[0m[0m[0m
[36m(CPUDet4Actor pid=3679583)[0m   x, f, mode, it = slsqp_solve(kind, seeds[k], lb, ub, op, opr, lit, n_ops, params, v0, rho,
[36m(CPUDet4Actor pid=3679583)[0m /home/qaragoez/symclf_clean/symclf/examples/4DCartPolerV10/../DET4Fast4D_V10/slsqp_nb.py:993: NumbaWarning: [1m[1m[1m[1m[1mCannot cache compiled function "_lsi" as it uses dynamic globals (such as ctypes pointers and large global arrays)[0m[0m[0m[0m[0m
[36m(CPUDet4Actor pid=3679583)[0m   x, f, mode, it = slsqp_solve(kind, seeds[k], lb, ub, op, opr, lit, n_ops, params, v0, rho,
[36m(CPUDet4Actor pid=3679583)[0m /home/qaragoez/symclf_clean/symclf/examples/4DCartPolerV10/../DET4Fast4D_V10/slsqp_nb.py:993: NumbaWarning: [1m[1m[1m[1mCannot cache compiled function "_lsei" as it uses dynamic globals (such as ctypes pointers and large global arrays)[0m[0m[0m[0m
[36m(CPUDet4Actor pid=3679583)[0m   x, f, mode, it = slsqp_solve(kind, seeds[k], lb, ub, op, opr, lit, n_ops, params, v0, rho,
[36m(CPUDet4Actor pid=3679583)[0m /home/qaragoez/symclf_clean/symclf/examples/4DCartPolerV10/../DET4Fast4D_V10/slsqp_nb.py:993: NumbaWarning: [1m[1m[1mCannot cache compiled function "_lsq" as it uses dynamic globals (such as ctypes pointers and large global arrays)[0m[0m[0m
[36m(CPUDet4Actor pid=3679583)[0m   x, f, mode, it = slsqp_solve(kind, seeds[k], lb, ub, op, opr, lit, n_ops, params, v0, rho,
[36m(CPUDet4Actor pid=3679583)[0m /home/qaragoez/symclf_clean/symclf/examples/4DCartPolerV10/../DET4Fast4D_V10/slsqp_nb.py:993: NumbaWarning: [1m[1mCannot cache compiled function "slsqp_solve" as it uses dynamic globals (such as ctypes pointers and large global arrays)[0m[0m
[36m(CPUDet4Actor pid=3679583)[0m   x, f, mode, it = slsqp_solve(kind, seeds[k], lb, ub, op, opr, lit, n_ops, params, v0, rho,
[36m(CPUDet4Actor pid=3792451, ip=10.10.2.2)[0m /home/qaragoez/symclf_clean/symclf/examples/4DCartPolerV10/../DET4Fast4D_V10/slsqp_nb.py:993: NumbaWarning: [1m[1m[1m[1m[1m[1m[1mCannot cache compiled function "_nnls" as it uses dynamic globals (such as ctypes pointers and large global arrays)[0m[0m[0m[0m[0m[0m[0m
[36m(CPUDet4Actor pid=3792451, ip=10.10.2.2)[0m   x, f, mode, it = slsqp_solve(kind, seeds[k], lb, ub, op, opr, lit, n_ops, params, v0, rho,
[36m(CPUDet4Actor pid=3792451, ip=10.10.2.2)[0m /home/qaragoez/symclf_clean/symclf/examples/4DCartPolerV10/../DET4Fast4D_V10/slsqp_nb.py:993: NumbaWarning: [1m[1m[1m[1m[1m[1mCannot cache compiled function "_ldp" as it uses dynamic globals (such as ctypes pointers and large global arrays)[0m[0m[0m[0m[0m[0m
[36m(CPUDet4Actor pid=3792451, ip=10.10.2.2)[0m   x, f, mode, it = slsqp_solve(kind, seeds[k], lb, ub, op, opr, lit, n_ops, params, v0, rho,
[36m(CPUDet4Actor pid=3792451, ip=10.10.2.2)[0m /home/qaragoez/symclf_clean/symclf/examples/4DCartPolerV10/../DET4Fast4D_V10/slsqp_nb.py:993: NumbaWarning: [1m[1m[1m[1m[1mCannot cache compiled function "_lsi" as it uses dynamic globals (such as ctypes pointers and large global arrays)[0m[0m[0m[0m[0m
[36m(CPUDet4Actor pid=3792451, ip=10.10.2.2)[0m   x, f, mode, it = slsqp_solve(kind, seeds[k], lb, ub, op, opr, lit, n_ops, params, v0, rho,
[36m(CPUDet4Actor pid=3792451, ip=10.10.2.2)[0m /home/qaragoez/symclf_clean/symclf/examples/4DCartPolerV10/../DET4Fast4D_V10/slsqp_nb.py:993: NumbaWarning: [1m[1m[1m[1mCannot cache compiled function "_lsei" as it uses dynamic globals (such as ctypes pointers and large global arrays)[0m[0m[0m[0m
[36m(CPUDet4Actor pid=3792451, ip=10.10.2.2)[0m   x, f, mode, it = slsqp_solve(kind, seeds[k], lb, ub, op, opr, lit, n_ops, params, v0, rho,
[36m(CPUDet4Actor pid=3792451, ip=10.10.2.2)[0m /home/qaragoez/symclf_clean/symclf/examples/4DCartPolerV10/../DET4Fast4D_V10/slsqp_nb.py:993: NumbaWarning: [1m[1m[1mCannot cache compiled function "_lsq" as it uses dynamic globals (such as ctypes pointers and large global arrays)[0m[0m[0m
[36m(CPUDet4Actor pid=3792451, ip=10.10.2.2)[0m   x, f, mode, it = slsqp_solve(kind, seeds[k], lb, ub, op, opr, lit, n_ops, params, v0, rho,
[36m(CPUDet4Actor pid=3792451, ip=10.10.2.2)[0m /home/qaragoez/symclf_clean/symclf/examples/4DCartPolerV10/../DET4Fast4D_V10/slsqp_nb.py:993: NumbaWarning: [1m[1mCannot cache compiled function "slsqp_solve" as it uses dynamic globals (such as ctypes pointers and large global arrays)[0m[0m
[36m(CPUDet4Actor pid=3792451, ip=10.10.2.2)[0m   x, f, mode, it = slsqp_solve(kind, seeds[k], lb, ub, op, opr, lit, n_ops, params, v0, rho,
[36m(CPUDet4Actor pid=3679574)[0m /home/qaragoez/symclf_clean/symclf/examples/4DCartPolerV10/../DET4Fast4D_V10/slsqp_nb.py:993: NumbaWarning: [1m[1m[1m[1m[1m[1m[1mCannot cache compiled function "_nnls" as it uses dynamic globals (such as ctypes pointers and large global arrays)[0m[0m[0m[0m[0m[0m[0m
[36m(CPUDet4Actor pid=3679574)[0m   x, f, mode, it = slsqp_solve(kind, seeds[k], lb, ub, op, opr, lit, n_ops, params, v0, rho,
[36m(CPUDet4Actor pid=3679574)[0m /home/qaragoez/symclf_clean/symclf/examples/4DCartPolerV10/../DET4Fast4D_V10/slsqp_nb.py:993: NumbaWarning: [1m[1m[1m[1m[1m[1mCannot cache compiled function "_ldp" as it uses dynamic globals (such as ctypes pointers and large global arrays)[0m[0m[0m[0m[0m[0m
[36m(CPUDet4Actor pid=3679574)[0m   x, f, mode, it = slsqp_solve(kind, seeds[k], lb, ub, op, opr, lit, n_ops, params, v0, rho,
[36m(CPUDet4Actor pid=3679574)[0m /home/qaragoez/symclf_clean/symclf/examples/4DCartPolerV10/../DET4Fast4D_V10/slsqp_nb.py:993: NumbaWarning: [1m[1m[1m[1m[1mCannot cache compiled function "_lsi" as it uses dynamic globals (such as ctypes pointers and large global arrays)[0m[0m[0m[0m[0m
[36m(CPUDet4Actor pid=3679574)[0m   x, f, mode, it = slsqp_solve(kind, seeds[k], lb, ub, op, opr, lit, n_ops, params, v0, rho,
[36m(CPUDet4Actor pid=3679574)[0m /home/qaragoez/symclf_clean/symclf/examples/4DCartPolerV10/../DET4Fast4D_V10/slsqp_nb.py:993: NumbaWarning: [1m[1m[1m[1mCannot cache compiled function "_lsei" as it uses dynamic globals (such as ctypes pointers and large global arrays)[0m[0m[0m[0m
[36m(CPUDet4Actor pid=3679574)[0m   x, f, mode, it = slsqp_solve(kind, seeds[k], lb, ub, op, opr, lit, n_ops, params, v0, rho,
[36m(CPUDet4Actor pid=3679574)[0m /home/qaragoez/symclf_clean/symclf/examples/4DCartPolerV10/../DET4Fast4D_V10/slsqp_nb.py:993: NumbaWarning: [1m[1m[1mCannot cache compiled function "_lsq" as it uses dynamic globals (such as ctypes pointers and large global arrays)[0m[0m[0m
[36m(CPUDet4Actor pid=3679574)[0m   x, f, mode, it = slsqp_solve(kind, seeds[k], lb, ub, op, opr, lit, n_ops, params, v0, rho,
[36m(CPUDet4Actor pid=3679574)[0m /home/qaragoez/symclf_clean/symclf/examples/4DCartPolerV10/../DET4Fast4D_V10/slsqp_nb.py:993: NumbaWarning: [1m[1mCannot cache compiled function "slsqp_solve" as it uses dynamic globals (such as ctypes pointers and large global arrays)[0m[0m
[36m(CPUDet4Actor pid=3679574)[0m   x, f, mode, it = slsqp_solve(kind, seeds[k], lb, ub, op, opr, lit, n_ops, params, v0, rho,
[36m(CPUDet4Actor pid=3792446, ip=10.10.2.2)[0m /home/qaragoez/symclf_clean/symclf/examples/4DCartPolerV10/../DET4Fast4D_V10/slsqp_nb.py:984: NumbaWarning: [1mCannot cache compiled function "slsqp_many" as it uses dynamic globals (such as ctypes pointers and large global arrays)[0m
[36m(CPUDet4Actor pid=3792446, ip=10.10.2.2)[0m   @njit(cache=True, parallel=True)
[36m(CPUDet4Actor pid=3792477, ip=10.10.2.2)[0m /home/qaragoez/symclf_clean/symclf/examples/4DCartPolerV10/../DET4Fast4D_V10/slsqp_nb.py:984: NumbaWarning: [1mCannot cache compiled function "slsqp_many" as it uses dynamic globals (such as ctypes pointers and large global arrays)[0m
[36m(CPUDet4Actor pid=3792477, ip=10.10.2.2)[0m   @njit(cache=True, parallel=True)
[36m(CPUDet4Actor pid=3792469, ip=10.10.2.2)[0m /home/qaragoez/symclf_clean/symclf/examples/4DCartPolerV10/../DET4Fast4D_V10/slsqp_nb.py:984: NumbaWarning: [1mCannot cache compiled function "slsqp_many" as it uses dynamic globals (such as ctypes pointers and large global arrays)[0m
[36m(CPUDet4Actor pid=3792469, ip=10.10.2.2)[0m   @njit(cache=True, parallel=True)
[36m(CPUDet4Actor pid=3792472, ip=10.10.2.2)[0m /home/qaragoez/symclf_clean/symclf/examples/4DCartPolerV10/../DET4Fast4D_V10/slsqp_nb.py:984: NumbaWarning: [1mCannot cache compiled function "slsqp_many" as it uses dynamic globals (such as ctypes pointers and large global arrays)[0m
[36m(CPUDet4Actor pid=3792472, ip=10.10.2.2)[0m   @njit(cache=True, parallel=True)
[36m(CPUDet4Actor pid=3792455, ip=10.10.2.2)[0m /home/qaragoez/symclf_clean/symclf/examples/4DCartPolerV10/../DET4Fast4D_V10/slsqp_nb.py:984: NumbaWarning: [1mCannot cache compiled function "slsqp_many" as it uses dynamic globals (such as ctypes pointers and large global arrays)[0m
[36m(CPUDet4Actor pid=3792455, ip=10.10.2.2)[0m   @njit(cache=True, parallel=True)
[36m(CPUDet4Actor pid=3792471, ip=10.10.2.2)[0m /home/qaragoez/symclf_clean/symclf/examples/4DCartPolerV10/../DET4Fast4D_V10/slsqp_nb.py:984: NumbaWarning: [1mCannot cache compiled function "slsqp_many" as it uses dynamic globals (such as ctypes pointers and large global arrays)[0m
[36m(CPUDet4Actor pid=3792471, ip=10.10.2.2)[0m   @njit(cache=True, parallel=True)
[36m(CPUDet4Actor pid=3792443, ip=10.10.2.2)[0m /home/qaragoez/symclf_clean/symclf/examples/4DCartPolerV10/../DET4Fast4D_V10/slsqp_nb.py:984: NumbaWarning: [1mCannot cache compiled function "slsqp_many" as it uses dynamic globals (such as ctypes pointers and large global arrays)[0m
[36m(CPUDet4Actor pid=3792443, ip=10.10.2.2)[0m   @njit(cache=True, parallel=True)
[36m(CPUDet4Actor pid=3792445, ip=10.10.2.2)[0m /home/qaragoez/symclf_clean/symclf/examples/4DCartPolerV10/../DET4Fast4D_V10/slsqp_nb.py:984: NumbaWarning: [1mCannot cache compiled function "slsqp_many" as it uses dynamic globals (such as ctypes pointers and large global arrays)[0m
[36m(CPUDet4Actor pid=3792445, ip=10.10.2.2)[0m   @njit(cache=True, parallel=True)
[36m(CPUDet4Actor pid=3792460, ip=10.10.2.2)[0m /home/qaragoez/symclf_clean/symclf/examples/4DCartPolerV10/../DET4Fast4D_V10/slsqp_nb.py:984: NumbaWarning: [1mCannot cache compiled function "slsqp_many" as it uses dynamic globals (such as ctypes pointers and large global arrays)[0m
[36m(CPUDet4Actor pid=3792460, ip=10.10.2.2)[0m   @njit(cache=True, parallel=True)
[36m(CPUDet4Actor pid=3792467, ip=10.10.2.2)[0m /home/qaragoez/symclf_clean/symclf/examples/4DCartPolerV10/../DET4Fast4D_V10/slsqp_nb.py:984: NumbaWarning: [1mCannot cache compiled function "slsqp_many" as it uses dynamic globals (such as ctypes pointers and large global arrays)[0m
[36m(CPUDet4Actor pid=3792467, ip=10.10.2.2)[0m   @njit(cache=True, parallel=True)
[36m(CPUDet4Actor pid=3792442, ip=10.10.2.2)[0m /home/qaragoez/symclf_clean/symclf/examples/4DCartPolerV10/../DET4Fast4D_V10/slsqp_nb.py:984: NumbaWarning: [1mCannot cache compiled function "slsqp_many" as it uses dynamic globals (such as ctypes pointers and large global arrays)[0m
[36m(CPUDet4Actor pid=3792442, ip=10.10.2.2)[0m   @njit(cache=True, parallel=True)
[36m(CPUDet4Actor pid=3792468, ip=10.10.2.2)[0m /home/qaragoez/symclf_clean/symclf/examples/4DCartPolerV10/../DET4Fast4D_V10/slsqp_nb.py:984: NumbaWarning: [1mCannot cache compiled function "slsqp_many" as it uses dynamic globals (such as ctypes pointers and large global arrays)[0m
[36m(CPUDet4Actor pid=3792468, ip=10.10.2.2)[0m   @njit(cache=True, parallel=True)
[36m(CPUDet4Actor pid=3792452, ip=10.10.2.2)[0m /home/qaragoez/symclf_clean/symclf/examples/4DCartPolerV10/../DET4Fast4D_V10/slsqp_nb.py:984: NumbaWarning: [1mCannot cache compiled function "slsqp_many" as it uses dynamic globals (such as ctypes pointers and large global arrays)[0m
[36m(CPUDet4Actor pid=3792452, ip=10.10.2.2)[0m   @njit(cache=True, parallel=True)
[36m(CPUDet4Actor pid=3792464, ip=10.10.2.2)[0m /home/qaragoez/symclf_clean/symclf/examples/4DCartPolerV10/../DET4Fast4D_V10/slsqp_nb.py:984: NumbaWarning: [1mCannot cache compiled function "slsqp_many" as it uses dynamic globals (such as ctypes pointers and large global arrays)[0m
[36m(CPUDet4Actor pid=3792464, ip=10.10.2.2)[0m   @njit(cache=True, parallel=True)
[36m(CPUDet4Actor pid=3792474, ip=10.10.2.2)[0m /home/qaragoez/symclf_clean/symclf/examples/4DCartPolerV10/../DET4Fast4D_V10/slsqp_nb.py:984: NumbaWarning: [1mCannot cache compiled function "slsqp_many" as it uses dynamic globals (such as ctypes pointers and large global arrays)[0m
[36m(CPUDet4Actor pid=3792474, ip=10.10.2.2)[0m   @njit(cache=True, parallel=True)
[36m(CPUDet4Actor pid=3792475, ip=10.10.2.2)[0m /home/qaragoez/symclf_clean/symclf/examples/4DCartPolerV10/../DET4Fast4D_V10/slsqp_nb.py:984: NumbaWarning: [1mCannot cache compiled function "slsqp_many" as it uses dynamic globals (such as ctypes pointers and large global arrays)[0m
[36m(CPUDet4Actor pid=3792475, ip=10.10.2.2)[0m   @njit(cache=True, parallel=True)
[36m(CPUDet4Actor pid=3792444, ip=10.10.2.2)[0m /home/qaragoez/symclf_clean/symclf/examples/4DCartPolerV10/../DET4Fast4D_V10/slsqp_nb.py:984: NumbaWarning: [1mCannot cache compiled function "slsqp_many" as it uses dynamic globals (such as ctypes pointers and large global arrays)[0m
[36m(CPUDet4Actor pid=3792444, ip=10.10.2.2)[0m   @njit(cache=True, parallel=True)
[36m(CPUDet4Actor pid=3792453, ip=10.10.2.2)[0m /home/qaragoez/symclf_clean/symclf/examples/4DCartPolerV10/../DET4Fast4D_V10/slsqp_nb.py:984: NumbaWarning: [1mCannot cache compiled function "slsqp_many" as it uses dynamic globals (such as ctypes pointers and large global arrays)[0m
[36m(CPUDet4Actor pid=3792453, ip=10.10.2.2)[0m   @njit(cache=True, parallel=True)
[36m(CPUDet4Actor pid=3679562)[0m /home/qaragoez/symclf_clean/symclf/examples/4DCartPolerV10/../DET4Fast4D_V10/slsqp_nb.py:984: NumbaWarning: [1mCannot cache compiled function "slsqp_many" as it uses dynamic globals (such as ctypes pointers and large global arrays)[0m
[36m(CPUDet4Actor pid=3679562)[0m   @njit(cache=True, parallel=True)
[36m(CPUDet4Actor pid=3792450, ip=10.10.2.2)[0m /home/qaragoez/symclf_clean/symclf/examples/4DCartPolerV10/../DET4Fast4D_V10/slsqp_nb.py:984: NumbaWarning: [1mCannot cache compiled function "slsqp_many" as it uses dynamic globals (such as ctypes pointers and large global arrays)[0m
[36m(CPUDet4Actor pid=3792450, ip=10.10.2.2)[0m   @njit(cache=True, parallel=True)
[36m(CPUDet4Actor pid=3679579)[0m /home/qaragoez/symclf_clean/symclf/examples/4DCartPolerV10/../DET4Fast4D_V10/slsqp_nb.py:984: NumbaWarning: [1mCannot cache compiled function "slsqp_many" as it uses dynamic globals (such as ctypes pointers and large global arrays)[0m
[36m(CPUDet4Actor pid=3679579)[0m   @njit(cache=True, parallel=True)
[36m(CPUDet4Actor pid=3792476, ip=10.10.2.2)[0m /home/qaragoez/symclf_clean/symclf/examples/4DCartPolerV10/../DET4Fast4D_V10/slsqp_nb.py:984: NumbaWarning: [1mCannot cache compiled function "slsqp_many" as it uses dynamic globals (such as ctypes pointers and large global arrays)[0m
[36m(CPUDet4Actor pid=3792476, ip=10.10.2.2)[0m   @njit(cache=True, parallel=True)
[36m(CPUDet4Actor pid=3679558)[0m /home/qaragoez/symclf_clean/symclf/examples/4DCartPolerV10/../DET4Fast4D_V10/slsqp_nb.py:984: NumbaWarning: [1mCannot cache compiled function "slsqp_many" as it uses dynamic globals (such as ctypes pointers and large global arrays)[0m
[36m(CPUDet4Actor pid=3679558)[0m   @njit(cache=True, parallel=True)
[36m(CPUDet4Actor pid=3792473, ip=10.10.2.2)[0m /home/qaragoez/symclf_clean/symclf/examples/4DCartPolerV10/../DET4Fast4D_V10/slsqp_nb.py:984: NumbaWarning: [1mCannot cache compiled function "slsqp_many" as it uses dynamic globals (such as ctypes pointers and large global arrays)[0m
[36m(CPUDet4Actor pid=3792473, ip=10.10.2.2)[0m   @njit(cache=True, parallel=True)
[36m(CPUDet4Actor pid=3679570)[0m /home/qaragoez/symclf_clean/symclf/examples/4DCartPolerV10/../DET4Fast4D_V10/slsqp_nb.py:984: NumbaWarning: [1mCannot cache compiled function "slsqp_many" as it uses dynamic globals (such as ctypes pointers and large global arrays)[0m
[36m(CPUDet4Actor pid=3679570)[0m   @njit(cache=True, parallel=True)
[36m(CPUDet4Actor pid=3792449, ip=10.10.2.2)[0m /home/qaragoez/symclf_clean/symclf/examples/4DCartPolerV10/../DET4Fast4D_V10/slsqp_nb.py:984: NumbaWarning: [1mCannot cache compiled function "slsqp_many" as it uses dynamic globals (such as ctypes pointers and large global arrays)[0m
[36m(CPUDet4Actor pid=3792449, ip=10.10.2.2)[0m   @njit(cache=True, parallel=True)
[36m(CPUDet4Actor pid=3792448, ip=10.10.2.2)[0m /home/qaragoez/symclf_clean/symclf/examples/4DCartPolerV10/../DET4Fast4D_V10/slsqp_nb.py:993: NumbaWarning: [1m[1m[1m[1m[1m[1m[1mCannot cache compiled function "_nnls" as it uses dynamic globals (such as ctypes pointers and large global arrays)[0m[0m[0m[0m[0m[0m[0m
[36m(CPUDet4Actor pid=3792448, ip=10.10.2.2)[0m   x, f, mode, it = slsqp_solve(kind, seeds[k], lb, ub, op, opr, lit, n_ops, params, v0, rho,
[36m(CPUDet4Actor pid=3792448, ip=10.10.2.2)[0m /home/qaragoez/symclf_clean/symclf/examples/4DCartPolerV10/../DET4Fast4D_V10/slsqp_nb.py:993: NumbaWarning: [1m[1m[1m[1m[1m[1mCannot cache compiled function "_ldp" as it uses dynamic globals (such as ctypes pointers and large global arrays)[0m[0m[0m[0m[0m[0m
[36m(CPUDet4Actor pid=3792448, ip=10.10.2.2)[0m   x, f, mode, it = slsqp_solve(kind, seeds[k], lb, ub, op, opr, lit, n_ops, params, v0, rho,
[36m(CPUDet4Actor pid=3792448, ip=10.10.2.2)[0m /home/qaragoez/symclf_clean/symclf/examples/4DCartPolerV10/../DET4Fast4D_V10/slsqp_nb.py:993: NumbaWarning: [1m[1m[1m[1m[1mCannot cache compiled function "_lsi" as it uses dynamic globals (such as ctypes pointers and large global arrays)[0m[0m[0m[0m[0m
[36m(CPUDet4Actor pid=3792448, ip=10.10.2.2)[0m   x, f, mode, it = slsqp_solve(kind, seeds[k], lb, ub, op, opr, lit, n_ops, params, v0, rho,
[36m(CPUDet4Actor pid=3792448, ip=10.10.2.2)[0m /home/qaragoez/symclf_clean/symclf/examples/4DCartPolerV10/../DET4Fast4D_V10/slsqp_nb.py:993: NumbaWarning: [1m[1m[1m[1mCannot cache compiled function "_lsei" as it uses dynamic globals (such as ctypes pointers and large global arrays)[0m[0m[0m[0m
[36m(CPUDet4Actor pid=3792448, ip=10.10.2.2)[0m   x, f, mode, it = slsqp_solve(kind, seeds[k], lb, ub, op, opr, lit, n_ops, params, v0, rho,
[36m(CPUDet4Actor pid=3792448, ip=10.10.2.2)[0m /home/qaragoez/symclf_clean/symclf/examples/4DCartPolerV10/../DET4Fast4D_V10/slsqp_nb.py:993: NumbaWarning: [1m[1m[1mCannot cache compiled function "_lsq" as it uses dynamic globals (such as ctypes pointers and large global arrays)[0m[0m[0m
[36m(CPUDet4Actor pid=3792448, ip=10.10.2.2)[0m   x, f, mode, it = slsqp_solve(kind, seeds[k], lb, ub, op, opr, lit, n_ops, params, v0, rho,
[36m(CPUDet4Actor pid=3792448, ip=10.10.2.2)[0m /home/qaragoez/symclf_clean/symclf/examples/4DCartPolerV10/../DET4Fast4D_V10/slsqp_nb.py:993: NumbaWarning: [1m[1mCannot cache compiled function "slsqp_solve" as it uses dynamic globals (such as ctypes pointers and large global arrays)[0m[0m
[36m(CPUDet4Actor pid=3792448, ip=10.10.2.2)[0m   x, f, mode, it = slsqp_solve(kind, seeds[k], lb, ub, op, opr, lit, n_ops, params, v0, rho,
[36m(CPUDet4Actor pid=3792470, ip=10.10.2.2)[0m /home/qaragoez/symclf_clean/symclf/examples/4DCartPolerV10/../DET4Fast4D_V10/slsqp_nb.py:984: NumbaWarning: [1mCannot cache compiled function "slsqp_many" as it uses dynamic globals (such as ctypes pointers and large global arrays)[0m
[36m(CPUDet4Actor pid=3792470, ip=10.10.2.2)[0m   @njit(cache=True, parallel=True)
[36m(CPUDet4Actor pid=3792454, ip=10.10.2.2)[0m /home/qaragoez/symclf_clean/symclf/examples/4DCartPolerV10/../DET4Fast4D_V10/slsqp_nb.py:984: NumbaWarning: [1mCannot cache compiled function "slsqp_many" as it uses dynamic globals (such as ctypes pointers and large global arrays)[0m
[36m(CPUDet4Actor pid=3792454, ip=10.10.2.2)[0m   @njit(cache=True, parallel=True)
[36m(CPUDet4Actor pid=3679561)[0m /home/qaragoez/symclf_clean/symclf/examples/4DCartPolerV10/../DET4Fast4D_V10/slsqp_nb.py:984: NumbaWarning: [1mCannot cache compiled function "slsqp_many" as it uses dynamic globals (such as ctypes pointers and large global arrays)[0m
[36m(CPUDet4Actor pid=3679561)[0m   @njit(cache=True, parallel=True)
[36m(CPUDet4Actor pid=3792447, ip=10.10.2.2)[0m /home/qaragoez/symclf_clean/symclf/examples/4DCartPolerV10/../DET4Fast4D_V10/slsqp_nb.py:984: NumbaWarning: [1mCannot cache compiled function "slsqp_many" as it uses dynamic globals (such as ctypes pointers and large global arrays)[0m
[36m(CPUDet4Actor pid=3792447, ip=10.10.2.2)[0m   @njit(cache=True, parallel=True)
[36m(CPUDet4Actor pid=3679560)[0m /home/qaragoez/symclf_clean/symclf/examples/4DCartPolerV10/../DET4Fast4D_V10/slsqp_nb.py:984: NumbaWarning: [1mCannot cache compiled function "slsqp_many" as it uses dynamic globals (such as ctypes pointers and large global arrays)[0m
[36m(CPUDet4Actor pid=3679560)[0m   @njit(cache=True, parallel=True)
[36m(CPUDet4Actor pid=3792451, ip=10.10.2.2)[0m /home/qaragoez/symclf_clean/symclf/examples/4DCartPolerV10/../DET4Fast4D_V10/slsqp_nb.py:984: NumbaWarning: [1mCannot cache compiled function "slsqp_many" as it uses dynamic globals (such as ctypes pointers and large global arrays)[0m
[36m(CPUDet4Actor pid=3792451, ip=10.10.2.2)[0m   @njit(cache=True, parallel=True)
[36m(CPUDet4Actor pid=3679578)[0m /home/qaragoez/symclf_clean/symclf/examples/4DCartPolerV10/../DET4Fast4D_V10/slsqp_nb.py:984: NumbaWarning: [1mCannot cache compiled function "slsqp_many" as it uses dynamic globals (such as ctypes pointers and large global arrays)[0m
[36m(CPUDet4Actor pid=3679578)[0m   @njit(cache=True, parallel=True)
[36m(CPUDet4Actor pid=3679574)[0m /home/qaragoez/symclf_clean/symclf/examples/4DCartPolerV10/../DET4Fast4D_V10/slsqp_nb.py:984: NumbaWarning: [1mCannot cache compiled function "slsqp_many" as it uses dynamic globals (such as ctypes pointers and large global arrays)[0m
[36m(CPUDet4Actor pid=3679574)[0m   @njit(cache=True, parallel=True)
[36m(CPUDet4Actor pid=3679583)[0m /home/qaragoez/symclf_clean/symclf/examples/4DCartPolerV10/../DET4Fast4D_V10/slsqp_nb.py:984: NumbaWarning: [1mCannot cache compiled function "slsqp_many" as it uses dynamic globals (such as ctypes pointers and large global arrays)[0m
[36m(CPUDet4Actor pid=3679583)[0m   @njit(cache=True, parallel=True)
[36m(CPUDet4Actor pid=3792448, ip=10.10.2.2)[0m /home/qaragoez/symclf_clean/symclf/examples/4DCartPolerV10/../DET4Fast4D_V10/slsqp_nb.py:984: NumbaWarning: [1mCannot cache compiled function "slsqp_many" as it uses dynamic globals (such as ctypes pointers and large global arrays)[0m
[36m(CPUDet4Actor pid=3792448, ip=10.10.2.2)[0m   @njit(cache=True, parallel=True)
[36m(CPUDet4Actor pid=3792481, ip=10.10.2.2)[0m /home/qaragoez/symclf_clean/symclf/examples/4DCartPolerV10/../DET4Fast4D_V10/slsqp_nb.py:993: NumbaWarning: [1m[1m[1m[1m[1m[1m[1mCannot cache compiled function "_nnls" as it uses dynamic globals (such as ctypes pointers and large global arrays)[0m[0m[0m[0m[0m[0m[0m
[36m(CPUDet4Actor pid=3792481, ip=10.10.2.2)[0m   x, f, mode, it = slsqp_solve(kind, seeds[k], lb, ub, op, opr, lit, n_ops, params, v0, rho,
[36m(CPUDet4Actor pid=3792481, ip=10.10.2.2)[0m /home/qaragoez/symclf_clean/symclf/examples/4DCartPolerV10/../DET4Fast4D_V10/slsqp_nb.py:993: NumbaWarning: [1m[1m[1m[1m[1m[1mCannot cache compiled function "_ldp" as it uses dynamic globals (such as ctypes pointers and large global arrays)[0m[0m[0m[0m[0m[0m
[36m(CPUDet4Actor pid=3792481, ip=10.10.2.2)[0m   x, f, mode, it = slsqp_solve(kind, seeds[k], lb, ub, op, opr, lit, n_ops, params, v0, rho,
[36m(CPUDet4Actor pid=3792481, ip=10.10.2.2)[0m /home/qaragoez/symclf_clean/symclf/examples/4DCartPolerV10/../DET4Fast4D_V10/slsqp_nb.py:993: NumbaWarning: [1m[1m[1m[1m[1mCannot cache compiled function "_lsi" as it uses dynamic globals (such as ctypes pointers and large global arrays)[0m[0m[0m[0m[0m
[36m(CPUDet4Actor pid=3792481, ip=10.10.2.2)[0m   x, f, mode, it = slsqp_solve(kind, seeds[k], lb, ub, op, opr, lit, n_ops, params, v0, rho,
[36m(CPUDet4Actor pid=3792481, ip=10.10.2.2)[0m /home/qaragoez/symclf_clean/symclf/examples/4DCartPolerV10/../DET4Fast4D_V10/slsqp_nb.py:993: NumbaWarning: [1m[1m[1m[1mCannot cache compiled function "_lsei" as it uses dynamic globals (such as ctypes pointers and large global arrays)[0m[0m[0m[0m
[36m(CPUDet4Actor pid=3792481, ip=10.10.2.2)[0m   x, f, mode, it = slsqp_solve(kind, seeds[k], lb, ub, op, opr, lit, n_ops, params, v0, rho,
[36m(CPUDet4Actor pid=3792481, ip=10.10.2.2)[0m /home/qaragoez/symclf_clean/symclf/examples/4DCartPolerV10/../DET4Fast4D_V10/slsqp_nb.py:993: NumbaWarning: [1m[1m[1mCannot cache compiled function "_lsq" as it uses dynamic globals (such as ctypes pointers and large global arrays)[0m[0m[0m
[36m(CPUDet4Actor pid=3792481, ip=10.10.2.2)[0m   x, f, mode, it = slsqp_solve(kind, seeds[k], lb, ub, op, opr, lit, n_ops, params, v0, rho,
[36m(CPUDet4Actor pid=3792481, ip=10.10.2.2)[0m /home/qaragoez/symclf_clean/symclf/examples/4DCartPolerV10/../DET4Fast4D_V10/slsqp_nb.py:993: NumbaWarning: [1m[1mCannot cache compiled function "slsqp_solve" as it uses dynamic globals (such as ctypes pointers and large global arrays)[0m[0m
[36m(CPUDet4Actor pid=3792481, ip=10.10.2.2)[0m   x, f, mode, it = slsqp_solve(kind, seeds[k], lb, ub, op, opr, lit, n_ops, params, v0, rho,
[36m(CPUDet4Actor pid=3679566)[0m /home/qaragoez/symclf_clean/symclf/examples/4DCartPolerV10/../DET4Fast4D_V10/slsqp_nb.py:993: NumbaWarning: [1m[1m[1m[1m[1m[1m[1mCannot cache compiled function "_nnls" as it uses dynamic globals (such as ctypes pointers and large global arrays)[0m[0m[0m[0m[0m[0m[0m
[36m(CPUDet4Actor pid=3679566)[0m   x, f, mode, it = slsqp_solve(kind, seeds[k], lb, ub, op, opr, lit, n_ops, params, v0, rho,
[36m(CPUDet4Actor pid=3679566)[0m /home/qaragoez/symclf_clean/symclf/examples/4DCartPolerV10/../DET4Fast4D_V10/slsqp_nb.py:993: NumbaWarning: [1m[1m[1m[1m[1m[1mCannot cache compiled function "_ldp" as it uses dynamic globals (such as ctypes pointers and large global arrays)[0m[0m[0m[0m[0m[0m
[36m(CPUDet4Actor pid=3679566)[0m   x, f, mode, it = slsqp_solve(kind, seeds[k], lb, ub, op, opr, lit, n_ops, params, v0, rho,
[36m(CPUDet4Actor pid=3679566)[0m /home/qaragoez/symclf_clean/symclf/examples/4DCartPolerV10/../DET4Fast4D_V10/slsqp_nb.py:993: NumbaWarning: [1m[1m[1m[1m[1mCannot cache compiled function "_lsi" as it uses dynamic globals (such as ctypes pointers and large global arrays)[0m[0m[0m[0m[0m
[36m(CPUDet4Actor pid=3679566)[0m   x, f, mode, it = slsqp_solve(kind, seeds[k], lb, ub, op, opr, lit, n_ops, params, v0, rho,
[36m(CPUDet4Actor pid=3679566)[0m /home/qaragoez/symclf_clean/symclf/examples/4DCartPolerV10/../DET4Fast4D_V10/slsqp_nb.py:993: NumbaWarning: [1m[1m[1m[1mCannot cache compiled function "_lsei" as it uses dynamic globals (such as ctypes pointers and large global arrays)[0m[0m[0m[0m
[36m(CPUDet4Actor pid=3679566)[0m   x, f, mode, it = slsqp_solve(kind, seeds[k], lb, ub, op, opr, lit, n_ops, params, v0, rho,
[36m(CPUDet4Actor pid=3679566)[0m /home/qaragoez/symclf_clean/symclf/examples/4DCartPolerV10/../DET4Fast4D_V10/slsqp_nb.py:993: NumbaWarning: [1m[1m[1mCannot cache compiled function "_lsq" as it uses dynamic globals (such as ctypes pointers and large global arrays)[0m[0m[0m
[36m(CPUDet4Actor pid=3679566)[0m   x, f, mode, it = slsqp_solve(kind, seeds[k], lb, ub, op, opr, lit, n_ops, params, v0, rho,
[36m(CPUDet4Actor pid=3679566)[0m /home/qaragoez/symclf_clean/symclf/examples/4DCartPolerV10/../DET4Fast4D_V10/slsqp_nb.py:993: NumbaWarning: [1m[1mCannot cache compiled function "slsqp_solve" as it uses dynamic globals (such as ctypes pointers and large global arrays)[0m[0m
[36m(CPUDet4Actor pid=3679566)[0m   x, f, mode, it = slsqp_solve(kind, seeds[k], lb, ub, op, opr, lit, n_ops, params, v0, rho,
[36m(CPUDet4Actor pid=3792481, ip=10.10.2.2)[0m /home/qaragoez/symclf_clean/symclf/examples/4DCartPolerV10/../DET4Fast4D_V10/slsqp_nb.py:984: NumbaWarning: [1mCannot cache compiled function "slsqp_many" as it uses dynamic globals (such as ctypes pointers and large global arrays)[0m
[36m(CPUDet4Actor pid=3792481, ip=10.10.2.2)[0m   @njit(cache=True, parallel=True)
[36m(CPUDet4Actor pid=3679566)[0m /home/qaragoez/symclf_clean/symclf/examples/4DCartPolerV10/../DET4Fast4D_V10/slsqp_nb.py:984: NumbaWarning: [1mCannot cache compiled function "slsqp_many" as it uses dynamic globals (such as ctypes pointers and large global arrays)[0m
[36m(CPUDet4Actor pid=3679566)[0m   @njit(cache=True, parallel=True)
[36m(GPUFitnessActor pid=3790981, ip=10.10.2.2)[0m /home/qaragoez/symclf_clean/symclf/examples/4DCartPolerV10/../DET4Fast4D_V10/slsqp_nb.py:993: NumbaWarning: [1m[1m[1m[1m[1m[1m[1mCannot cache compiled function "_nnls" as it uses dynamic globals (such as ctypes pointers and large global arrays)[0m[0m[0m[0m[0m[0m[0m
[36m(GPUFitnessActor pid=3790981, ip=10.10.2.2)[0m   x, f, mode, it = slsqp_solve(kind, seeds[k], lb, ub, op, opr, lit, n_ops, params, v0, rho,
[36m(GPUFitnessActor pid=3790981, ip=10.10.2.2)[0m /home/qaragoez/symclf_clean/symclf/examples/4DCartPolerV10/../DET4Fast4D_V10/slsqp_nb.py:993: NumbaWarning: [1m[1m[1m[1m[1m[1mCannot cache compiled function "_ldp" as it uses dynamic globals (such as ctypes pointers and large global arrays)[0m[0m[0m[0m[0m[0m
[36m(GPUFitnessActor pid=3790981, ip=10.10.2.2)[0m   x, f, mode, it = slsqp_solve(kind, seeds[k], lb, ub, op, opr, lit, n_ops, params, v0, rho,
[36m(GPUFitnessActor pid=3790981, ip=10.10.2.2)[0m /home/qaragoez/symclf_clean/symclf/examples/4DCartPolerV10/../DET4Fast4D_V10/slsqp_nb.py:993: NumbaWarning: [1m[1m[1m[1m[1mCannot cache compiled function "_lsi" as it uses dynamic globals (such as ctypes pointers and large global arrays)[0m[0m[0m[0m[0m
[36m(GPUFitnessActor pid=3790981, ip=10.10.2.2)[0m   x, f, mode, it = slsqp_solve(kind, seeds[k], lb, ub, op, opr, lit, n_ops, params, v0, rho,
[36m(GPUFitnessActor pid=3790981, ip=10.10.2.2)[0m /home/qaragoez/symclf_clean/symclf/examples/4DCartPolerV10/../DET4Fast4D_V10/slsqp_nb.py:993: NumbaWarning: [1m[1m[1m[1mCannot cache compiled function "_lsei" as it uses dynamic globals (such as ctypes pointers and large global arrays)[0m[0m[0m[0m
[36m(GPUFitnessActor pid=3790981, ip=10.10.2.2)[0m   x, f, mode, it = slsqp_solve(kind, seeds[k], lb, ub, op, opr, lit, n_ops, params, v0, rho,
[36m(GPUFitnessActor pid=3790981, ip=10.10.2.2)[0m /home/qaragoez/symclf_clean/symclf/examples/4DCartPolerV10/../DET4Fast4D_V10/slsqp_nb.py:993: NumbaWarning: [1m[1m[1mCannot cache compiled function "_lsq" as it uses dynamic globals (such as ctypes pointers and large global arrays)[0m[0m[0m
[36m(GPUFitnessActor pid=3790981, ip=10.10.2.2)[0m   x, f, mode, it = slsqp_solve(kind, seeds[k], lb, ub, op, opr, lit, n_ops, params, v0, rho,
[36m(GPUFitnessActor pid=3790981, ip=10.10.2.2)[0m /home/qaragoez/symclf_clean/symclf/examples/4DCartPolerV10/../DET4Fast4D_V10/slsqp_nb.py:993: NumbaWarning: [1m[1mCannot cache compiled function "slsqp_solve" as it uses dynamic globals (such as ctypes pointers and large global arrays)[0m[0m
[36m(GPUFitnessActor pid=3790981, ip=10.10.2.2)[0m   x, f, mode, it = slsqp_solve(kind, seeds[k], lb, ub, op, opr, lit, n_ops, params, v0, rho,
[36m(GPUFitnessActor pid=3790980, ip=10.10.2.2)[0m /home/qaragoez/symclf_clean/symclf/examples/4DCartPolerV10/../DET4Fast4D_V10/slsqp_nb.py:993: NumbaWarning: [1m[1m[1m[1m[1m[1m[1mCannot cache compiled function "_nnls" as it uses dynamic globals (such as ctypes pointers and large global arrays)[0m[0m[0m[0m[0m[0m[0m
[36m(GPUFitnessActor pid=3790980, ip=10.10.2.2)[0m   x, f, mode, it = slsqp_solve(kind, seeds[k], lb, ub, op, opr, lit, n_ops, params, v0, rho,
[36m(GPUFitnessActor pid=3790980, ip=10.10.2.2)[0m /home/qaragoez/symclf_clean/symclf/examples/4DCartPolerV10/../DET4Fast4D_V10/slsqp_nb.py:993: NumbaWarning: [1m[1m[1m[1m[1m[1mCannot cache compiled function "_ldp" as it uses dynamic globals (such as ctypes pointers and large global arrays)[0m[0m[0m[0m[0m[0m
[36m(GPUFitnessActor pid=3790980, ip=10.10.2.2)[0m   x, f, mode, it = slsqp_solve(kind, seeds[k], lb, ub, op, opr, lit, n_ops, params, v0, rho,
[36m(GPUFitnessActor pid=3790980, ip=10.10.2.2)[0m /home/qaragoez/symclf_clean/symclf/examples/4DCartPolerV10/../DET4Fast4D_V10/slsqp_nb.py:993: NumbaWarning: [1m[1m[1m[1m[1mCannot cache compiled function "_lsi" as it uses dynamic globals (such as ctypes pointers and large global arrays)[0m[0m[0m[0m[0m
[36m(GPUFitnessActor pid=3790980, ip=10.10.2.2)[0m   x, f, mode, it = slsqp_solve(kind, seeds[k], lb, ub, op, opr, lit, n_ops, params, v0, rho,
[36m(GPUFitnessActor pid=3790980, ip=10.10.2.2)[0m /home/qaragoez/symclf_clean/symclf/examples/4DCartPolerV10/../DET4Fast4D_V10/slsqp_nb.py:993: NumbaWarning: [1m[1m[1m[1mCannot cache compiled function "_lsei" as it uses dynamic globals (such as ctypes pointers and large global arrays)[0m[0m[0m[0m
[36m(GPUFitnessActor pid=3790980, ip=10.10.2.2)[0m   x, f, mode, it = slsqp_solve(kind, seeds[k], lb, ub, op, opr, lit, n_ops, params, v0, rho,
[36m(GPUFitnessActor pid=3790980, ip=10.10.2.2)[0m /home/qaragoez/symclf_clean/symclf/examples/4DCartPolerV10/../DET4Fast4D_V10/slsqp_nb.py:993: NumbaWarning: [1m[1m[1mCannot cache compiled function "_lsq" as it uses dynamic globals (such as ctypes pointers and large global arrays)[0m[0m[0m
[36m(GPUFitnessActor pid=3790980, ip=10.10.2.2)[0m   x, f, mode, it = slsqp_solve(kind, seeds[k], lb, ub, op, opr, lit, n_ops, params, v0, rho,
[36m(GPUFitnessActor pid=3790980, ip=10.10.2.2)[0m /home/qaragoez/symclf_clean/symclf/examples/4DCartPolerV10/../DET4Fast4D_V10/slsqp_nb.py:993: NumbaWarning: [1m[1mCannot cache compiled function "slsqp_solve" as it uses dynamic globals (such as ctypes pointers and large global arrays)[0m[0m
[36m(GPUFitnessActor pid=3790980, ip=10.10.2.2)[0m   x, f, mode, it = slsqp_solve(kind, seeds[k], lb, ub, op, opr, lit, n_ops, params, v0, rho,
[36m(GPUFitnessActor pid=3790980, ip=10.10.2.2)[0m /home/qaragoez/symclf_clean/symclf/examples/4DCartPolerV10/../DET4Fast4D_V10/slsqp_nb.py:984: NumbaWarning: [1mCannot cache compiled function "slsqp_many" as it uses dynamic globals (such as ctypes pointers and large global arrays)[0m
[36m(GPUFitnessActor pid=3790980, ip=10.10.2.2)[0m   @njit(cache=True, parallel=True)
[36m(GPUFitnessActor pid=3790981, ip=10.10.2.2)[0m /home/qaragoez/symclf_clean/symclf/examples/4DCartPolerV10/../DET4Fast4D_V10/slsqp_nb.py:984: NumbaWarning: [1mCannot cache compiled function "slsqp_many" as it uses dynamic globals (such as ctypes pointers and large global arrays)[0m
[36m(GPUFitnessActor pid=3790981, ip=10.10.2.2)[0m   @njit(cache=True, parallel=True)
srun: Job step aborted: Waiting up to 32 seconds for job step to finish.
srun: Job step aborted: Waiting up to 32 seconds for job step to finish.
srun: Job step aborted: Waiting up to 32 seconds for job step to finish.
srun: Job step aborted: Waiting up to 32 seconds for job step to finish.
[2026-09-21T11:25:48.976] error: *** STEP 147950.5 ON s02n02 CANCELLED AT 2026-09-21T11:25:48 DUE to SIGNAL Terminated ***
[2026-09-21T11:25:48.981] error: *** STEP 147950.4 ON s02n01 CANCELLED AT 2026-09-21T11:25:48 DUE to SIGNAL Terminated ***
[2026-09-21T11:25:48.989] error: *** JOB 147950 ON s02n01 CANCELLED AT 2026-09-21T11:25:48 DUE to SIGNAL Terminated ***
[2026-09-21T11:25:48.992] error: *** STEP 147950.6 ON s02n01 CANCELLED AT 2026-09-21T11:25:48 DUE to SIGNAL Terminated ***
[2026-09-21T11:25:48.997] error: *** STEP 147950.7 ON s02n02 CANCELLED AT 2026-09-21T11:25:48 DUE to SIGNAL Terminated ***
[2026-09-21 11:25:49,014 E 3676227 3676287] core_worker.cc:475: :info_message: Attempting to recover 3 lost objects by resubmitting their tasks or setting a new primary location from existing copies. To disable object reconstruction, set @ray.remote(max_retries=0).
srun: forcing job termination
srun: forcing job termination
srun: error: s02n01: task 0: Exited with exit code 1
srun: Terminating StepId=147950.4
srun: error: s02n02: task 0: Exited with exit code 1
srun: Terminating StepId=147950.5
