2026-09-20 05:58:03,216	INFO worker.py:1814 -- Connecting to existing Ray cluster at address: 10.10.2.1:47904...
2026-09-20 05:58:03,279	INFO worker.py:2012 -- Connected to Ray cluster.
/tmp/flex_147904/lib/python3.12/site-packages/ray/_private/worker.py:2051: FutureWarning: Tip: In future versions of Ray, Ray will no longer override accelerator visible devices env var if num_gpus=0 or num_gpus=None (default). To enable this behavior and turn off this error message, set RAY_ACCEL_ENV_VAR_OVERRIDE_ON_ZERO=0
  warnings.warn(
[36m(GPUFitnessActor pid=3312245)[0m /home/qaragoez/symclf_clean/symclf/examples/4DCartPolerV10/../DET4Fast4D_V10/slsqp_nb.py:993: NumbaWarning: [1m[1m[1m[1m[1m[1m[1mCannot cache compiled function "_nnls" as it uses dynamic globals (such as ctypes pointers and large global arrays)[0m[0m[0m[0m[0m[0m[0m
[36m(GPUFitnessActor pid=3312245)[0m   x, f, mode, it = slsqp_solve(kind, seeds[k], lb, ub, op, opr, lit, n_ops, params, v0, rho,
[36m(GPUFitnessActor pid=3312245)[0m /home/qaragoez/symclf_clean/symclf/examples/4DCartPolerV10/../DET4Fast4D_V10/slsqp_nb.py:993: NumbaWarning: [1m[1m[1m[1m[1m[1mCannot cache compiled function "_ldp" as it uses dynamic globals (such as ctypes pointers and large global arrays)[0m[0m[0m[0m[0m[0m
[36m(GPUFitnessActor pid=3312245)[0m   x, f, mode, it = slsqp_solve(kind, seeds[k], lb, ub, op, opr, lit, n_ops, params, v0, rho,
[36m(GPUFitnessActor pid=3312245)[0m /home/qaragoez/symclf_clean/symclf/examples/4DCartPolerV10/../DET4Fast4D_V10/slsqp_nb.py:993: NumbaWarning: [1m[1m[1m[1m[1mCannot cache compiled function "_lsi" as it uses dynamic globals (such as ctypes pointers and large global arrays)[0m[0m[0m[0m[0m
[36m(GPUFitnessActor pid=3312245)[0m   x, f, mode, it = slsqp_solve(kind, seeds[k], lb, ub, op, opr, lit, n_ops, params, v0, rho,
[36m(GPUFitnessActor pid=3312245)[0m /home/qaragoez/symclf_clean/symclf/examples/4DCartPolerV10/../DET4Fast4D_V10/slsqp_nb.py:993: NumbaWarning: [1m[1m[1m[1mCannot cache compiled function "_lsei" as it uses dynamic globals (such as ctypes pointers and large global arrays)[0m[0m[0m[0m
[36m(GPUFitnessActor pid=3312245)[0m   x, f, mode, it = slsqp_solve(kind, seeds[k], lb, ub, op, opr, lit, n_ops, params, v0, rho,
[36m(GPUFitnessActor pid=3312245)[0m /home/qaragoez/symclf_clean/symclf/examples/4DCartPolerV10/../DET4Fast4D_V10/slsqp_nb.py:993: NumbaWarning: [1m[1m[1mCannot cache compiled function "_lsq" as it uses dynamic globals (such as ctypes pointers and large global arrays)[0m[0m[0m
[36m(GPUFitnessActor pid=3312245)[0m   x, f, mode, it = slsqp_solve(kind, seeds[k], lb, ub, op, opr, lit, n_ops, params, v0, rho,
[36m(GPUFitnessActor pid=3312245)[0m /home/qaragoez/symclf_clean/symclf/examples/4DCartPolerV10/../DET4Fast4D_V10/slsqp_nb.py:993: NumbaWarning: [1m[1mCannot cache compiled function "slsqp_solve" as it uses dynamic globals (such as ctypes pointers and large global arrays)[0m[0m
[36m(GPUFitnessActor pid=3312245)[0m   x, f, mode, it = slsqp_solve(kind, seeds[k], lb, ub, op, opr, lit, n_ops, params, v0, rho,
[36m(GPUFitnessActor pid=3312245)[0m /home/qaragoez/symclf_clean/symclf/examples/4DCartPolerV10/../DET4Fast4D_V10/slsqp_nb.py:984: NumbaWarning: [1mCannot cache compiled function "slsqp_many" as it uses dynamic globals (such as ctypes pointers and large global arrays)[0m
[36m(GPUFitnessActor pid=3312245)[0m   @njit(cache=True, parallel=True)
[36m(CPUDet4Actor pid=3315505)[0m /home/qaragoez/symclf_clean/symclf/examples/4DCartPolerV10/../DET4Fast4D_V10/slsqp_nb.py:993: NumbaWarning: [1m[1m[1m[1m[1m[1m[1mCannot cache compiled function "_nnls" as it uses dynamic globals (such as ctypes pointers and large global arrays)[0m[0m[0m[0m[0m[0m[0m
[36m(CPUDet4Actor pid=3315505)[0m   x, f, mode, it = slsqp_solve(kind, seeds[k], lb, ub, op, opr, lit, n_ops, params, v0, rho,
[36m(CPUDet4Actor pid=3315505)[0m /home/qaragoez/symclf_clean/symclf/examples/4DCartPolerV10/../DET4Fast4D_V10/slsqp_nb.py:993: NumbaWarning: [1m[1m[1m[1m[1m[1mCannot cache compiled function "_ldp" as it uses dynamic globals (such as ctypes pointers and large global arrays)[0m[0m[0m[0m[0m[0m
[36m(CPUDet4Actor pid=3315505)[0m   x, f, mode, it = slsqp_solve(kind, seeds[k], lb, ub, op, opr, lit, n_ops, params, v0, rho,
[36m(CPUDet4Actor pid=3315505)[0m /home/qaragoez/symclf_clean/symclf/examples/4DCartPolerV10/../DET4Fast4D_V10/slsqp_nb.py:993: NumbaWarning: [1m[1m[1m[1m[1mCannot cache compiled function "_lsi" as it uses dynamic globals (such as ctypes pointers and large global arrays)[0m[0m[0m[0m[0m
[36m(CPUDet4Actor pid=3315505)[0m   x, f, mode, it = slsqp_solve(kind, seeds[k], lb, ub, op, opr, lit, n_ops, params, v0, rho,
[36m(CPUDet4Actor pid=3315505)[0m /home/qaragoez/symclf_clean/symclf/examples/4DCartPolerV10/../DET4Fast4D_V10/slsqp_nb.py:993: NumbaWarning: [1m[1m[1m[1mCannot cache compiled function "_lsei" as it uses dynamic globals (such as ctypes pointers and large global arrays)[0m[0m[0m[0m
[36m(CPUDet4Actor pid=3315505)[0m   x, f, mode, it = slsqp_solve(kind, seeds[k], lb, ub, op, opr, lit, n_ops, params, v0, rho,
[36m(CPUDet4Actor pid=3315505)[0m /home/qaragoez/symclf_clean/symclf/examples/4DCartPolerV10/../DET4Fast4D_V10/slsqp_nb.py:993: NumbaWarning: [1m[1m[1mCannot cache compiled function "_lsq" as it uses dynamic globals (such as ctypes pointers and large global arrays)[0m[0m[0m
[36m(CPUDet4Actor pid=3315505)[0m   x, f, mode, it = slsqp_solve(kind, seeds[k], lb, ub, op, opr, lit, n_ops, params, v0, rho,
[36m(CPUDet4Actor pid=3315505)[0m /home/qaragoez/symclf_clean/symclf/examples/4DCartPolerV10/../DET4Fast4D_V10/slsqp_nb.py:993: NumbaWarning: [1m[1mCannot cache compiled function "slsqp_solve" as it uses dynamic globals (such as ctypes pointers and large global arrays)[0m[0m
[36m(CPUDet4Actor pid=3315505)[0m   x, f, mode, it = slsqp_solve(kind, seeds[k], lb, ub, op, opr, lit, n_ops, params, v0, rho,
[36m(CPUDet4Actor pid=3315500)[0m /home/qaragoez/symclf_clean/symclf/examples/4DCartPolerV10/../DET4Fast4D_V10/slsqp_nb.py:993: NumbaWarning: [1m[1m[1m[1m[1m[1m[1mCannot cache compiled function "_nnls" as it uses dynamic globals (such as ctypes pointers and large global arrays)[0m[0m[0m[0m[0m[0m[0m
[36m(CPUDet4Actor pid=3315500)[0m   x, f, mode, it = slsqp_solve(kind, seeds[k], lb, ub, op, opr, lit, n_ops, params, v0, rho,
[36m(CPUDet4Actor pid=3315500)[0m /home/qaragoez/symclf_clean/symclf/examples/4DCartPolerV10/../DET4Fast4D_V10/slsqp_nb.py:993: NumbaWarning: [1m[1m[1m[1m[1m[1mCannot cache compiled function "_ldp" as it uses dynamic globals (such as ctypes pointers and large global arrays)[0m[0m[0m[0m[0m[0m
[36m(CPUDet4Actor pid=3315500)[0m   x, f, mode, it = slsqp_solve(kind, seeds[k], lb, ub, op, opr, lit, n_ops, params, v0, rho,
[36m(CPUDet4Actor pid=3315500)[0m /home/qaragoez/symclf_clean/symclf/examples/4DCartPolerV10/../DET4Fast4D_V10/slsqp_nb.py:993: NumbaWarning: [1m[1m[1m[1m[1mCannot cache compiled function "_lsi" as it uses dynamic globals (such as ctypes pointers and large global arrays)[0m[0m[0m[0m[0m
[36m(CPUDet4Actor pid=3315500)[0m   x, f, mode, it = slsqp_solve(kind, seeds[k], lb, ub, op, opr, lit, n_ops, params, v0, rho,
[36m(CPUDet4Actor pid=3315500)[0m /home/qaragoez/symclf_clean/symclf/examples/4DCartPolerV10/../DET4Fast4D_V10/slsqp_nb.py:993: NumbaWarning: [1m[1m[1m[1mCannot cache compiled function "_lsei" as it uses dynamic globals (such as ctypes pointers and large global arrays)[0m[0m[0m[0m
[36m(CPUDet4Actor pid=3315500)[0m   x, f, mode, it = slsqp_solve(kind, seeds[k], lb, ub, op, opr, lit, n_ops, params, v0, rho,
[36m(CPUDet4Actor pid=3315500)[0m /home/qaragoez/symclf_clean/symclf/examples/4DCartPolerV10/../DET4Fast4D_V10/slsqp_nb.py:993: NumbaWarning: [1m[1m[1mCannot cache compiled function "_lsq" as it uses dynamic globals (such as ctypes pointers and large global arrays)[0m[0m[0m
[36m(CPUDet4Actor pid=3315500)[0m   x, f, mode, it = slsqp_solve(kind, seeds[k], lb, ub, op, opr, lit, n_ops, params, v0, rho,
[36m(CPUDet4Actor pid=3315500)[0m /home/qaragoez/symclf_clean/symclf/examples/4DCartPolerV10/../DET4Fast4D_V10/slsqp_nb.py:993: NumbaWarning: [1m[1mCannot cache compiled function "slsqp_solve" as it uses dynamic globals (such as ctypes pointers and large global arrays)[0m[0m
[36m(CPUDet4Actor pid=3315500)[0m   x, f, mode, it = slsqp_solve(kind, seeds[k], lb, ub, op, opr, lit, n_ops, params, v0, rho,
[36m(CPUDet4Actor pid=3315508)[0m /home/qaragoez/symclf_clean/symclf/examples/4DCartPolerV10/../DET4Fast4D_V10/slsqp_nb.py:993: NumbaWarning: [1m[1m[1m[1m[1m[1m[1mCannot cache compiled function "_nnls" as it uses dynamic globals (such as ctypes pointers and large global arrays)[0m[0m[0m[0m[0m[0m[0m
[36m(CPUDet4Actor pid=3315508)[0m   x, f, mode, it = slsqp_solve(kind, seeds[k], lb, ub, op, opr, lit, n_ops, params, v0, rho,
[36m(CPUDet4Actor pid=3315508)[0m /home/qaragoez/symclf_clean/symclf/examples/4DCartPolerV10/../DET4Fast4D_V10/slsqp_nb.py:993: NumbaWarning: [1m[1m[1m[1m[1m[1mCannot cache compiled function "_ldp" as it uses dynamic globals (such as ctypes pointers and large global arrays)[0m[0m[0m[0m[0m[0m
[36m(CPUDet4Actor pid=3315508)[0m   x, f, mode, it = slsqp_solve(kind, seeds[k], lb, ub, op, opr, lit, n_ops, params, v0, rho,
[36m(CPUDet4Actor pid=3315508)[0m /home/qaragoez/symclf_clean/symclf/examples/4DCartPolerV10/../DET4Fast4D_V10/slsqp_nb.py:993: NumbaWarning: [1m[1m[1m[1m[1mCannot cache compiled function "_lsi" as it uses dynamic globals (such as ctypes pointers and large global arrays)[0m[0m[0m[0m[0m
[36m(CPUDet4Actor pid=3315508)[0m   x, f, mode, it = slsqp_solve(kind, seeds[k], lb, ub, op, opr, lit, n_ops, params, v0, rho,
[36m(CPUDet4Actor pid=3315508)[0m /home/qaragoez/symclf_clean/symclf/examples/4DCartPolerV10/../DET4Fast4D_V10/slsqp_nb.py:993: NumbaWarning: [1m[1m[1m[1mCannot cache compiled function "_lsei" as it uses dynamic globals (such as ctypes pointers and large global arrays)[0m[0m[0m[0m
[36m(CPUDet4Actor pid=3315508)[0m   x, f, mode, it = slsqp_solve(kind, seeds[k], lb, ub, op, opr, lit, n_ops, params, v0, rho,
[36m(CPUDet4Actor pid=3315508)[0m /home/qaragoez/symclf_clean/symclf/examples/4DCartPolerV10/../DET4Fast4D_V10/slsqp_nb.py:993: NumbaWarning: [1m[1m[1mCannot cache compiled function "_lsq" as it uses dynamic globals (such as ctypes pointers and large global arrays)[0m[0m[0m
[36m(CPUDet4Actor pid=3315508)[0m   x, f, mode, it = slsqp_solve(kind, seeds[k], lb, ub, op, opr, lit, n_ops, params, v0, rho,
[36m(CPUDet4Actor pid=3315508)[0m /home/qaragoez/symclf_clean/symclf/examples/4DCartPolerV10/../DET4Fast4D_V10/slsqp_nb.py:993: NumbaWarning: [1m[1mCannot cache compiled function "slsqp_solve" as it uses dynamic globals (such as ctypes pointers and large global arrays)[0m[0m
[36m(CPUDet4Actor pid=3315508)[0m   x, f, mode, it = slsqp_solve(kind, seeds[k], lb, ub, op, opr, lit, n_ops, params, v0, rho,
[36m(CPUDet4Actor pid=3315503)[0m /home/qaragoez/symclf_clean/symclf/examples/4DCartPolerV10/../DET4Fast4D_V10/slsqp_nb.py:993: NumbaWarning: [1m[1m[1m[1m[1m[1m[1mCannot cache compiled function "_nnls" as it uses dynamic globals (such as ctypes pointers and large global arrays)[0m[0m[0m[0m[0m[0m[0m
[36m(CPUDet4Actor pid=3315503)[0m   x, f, mode, it = slsqp_solve(kind, seeds[k], lb, ub, op, opr, lit, n_ops, params, v0, rho,
[36m(CPUDet4Actor pid=3315503)[0m /home/qaragoez/symclf_clean/symclf/examples/4DCartPolerV10/../DET4Fast4D_V10/slsqp_nb.py:993: NumbaWarning: [1m[1m[1m[1m[1m[1mCannot cache compiled function "_ldp" as it uses dynamic globals (such as ctypes pointers and large global arrays)[0m[0m[0m[0m[0m[0m
[36m(CPUDet4Actor pid=3315503)[0m   x, f, mode, it = slsqp_solve(kind, seeds[k], lb, ub, op, opr, lit, n_ops, params, v0, rho,
[36m(CPUDet4Actor pid=3315503)[0m /home/qaragoez/symclf_clean/symclf/examples/4DCartPolerV10/../DET4Fast4D_V10/slsqp_nb.py:993: NumbaWarning: [1m[1m[1m[1m[1mCannot cache compiled function "_lsi" as it uses dynamic globals (such as ctypes pointers and large global arrays)[0m[0m[0m[0m[0m
[36m(CPUDet4Actor pid=3315503)[0m   x, f, mode, it = slsqp_solve(kind, seeds[k], lb, ub, op, opr, lit, n_ops, params, v0, rho,
[36m(CPUDet4Actor pid=3315503)[0m /home/qaragoez/symclf_clean/symclf/examples/4DCartPolerV10/../DET4Fast4D_V10/slsqp_nb.py:993: NumbaWarning: [1m[1m[1m[1mCannot cache compiled function "_lsei" as it uses dynamic globals (such as ctypes pointers and large global arrays)[0m[0m[0m[0m
[36m(CPUDet4Actor pid=3315503)[0m   x, f, mode, it = slsqp_solve(kind, seeds[k], lb, ub, op, opr, lit, n_ops, params, v0, rho,
[36m(CPUDet4Actor pid=3315503)[0m /home/qaragoez/symclf_clean/symclf/examples/4DCartPolerV10/../DET4Fast4D_V10/slsqp_nb.py:993: NumbaWarning: [1m[1m[1mCannot cache compiled function "_lsq" as it uses dynamic globals (such as ctypes pointers and large global arrays)[0m[0m[0m
[36m(CPUDet4Actor pid=3315503)[0m   x, f, mode, it = slsqp_solve(kind, seeds[k], lb, ub, op, opr, lit, n_ops, params, v0, rho,
[36m(CPUDet4Actor pid=3315503)[0m /home/qaragoez/symclf_clean/symclf/examples/4DCartPolerV10/../DET4Fast4D_V10/slsqp_nb.py:993: NumbaWarning: [1m[1mCannot cache compiled function "slsqp_solve" as it uses dynamic globals (such as ctypes pointers and large global arrays)[0m[0m
[36m(CPUDet4Actor pid=3315503)[0m   x, f, mode, it = slsqp_solve(kind, seeds[k], lb, ub, op, opr, lit, n_ops, params, v0, rho,
[36m(CPUDet4Actor pid=3315506)[0m /home/qaragoez/symclf_clean/symclf/examples/4DCartPolerV10/../DET4Fast4D_V10/slsqp_nb.py:993: NumbaWarning: [1m[1m[1m[1m[1m[1m[1mCannot cache compiled function "_nnls" as it uses dynamic globals (such as ctypes pointers and large global arrays)[0m[0m[0m[0m[0m[0m[0m
[36m(CPUDet4Actor pid=3315506)[0m   x, f, mode, it = slsqp_solve(kind, seeds[k], lb, ub, op, opr, lit, n_ops, params, v0, rho,
[36m(CPUDet4Actor pid=3315506)[0m /home/qaragoez/symclf_clean/symclf/examples/4DCartPolerV10/../DET4Fast4D_V10/slsqp_nb.py:993: NumbaWarning: [1m[1m[1m[1m[1m[1mCannot cache compiled function "_ldp" as it uses dynamic globals (such as ctypes pointers and large global arrays)[0m[0m[0m[0m[0m[0m
[36m(CPUDet4Actor pid=3315506)[0m   x, f, mode, it = slsqp_solve(kind, seeds[k], lb, ub, op, opr, lit, n_ops, params, v0, rho,
[36m(CPUDet4Actor pid=3315506)[0m /home/qaragoez/symclf_clean/symclf/examples/4DCartPolerV10/../DET4Fast4D_V10/slsqp_nb.py:993: NumbaWarning: [1m[1m[1m[1m[1mCannot cache compiled function "_lsi" as it uses dynamic globals (such as ctypes pointers and large global arrays)[0m[0m[0m[0m[0m
[36m(CPUDet4Actor pid=3315506)[0m   x, f, mode, it = slsqp_solve(kind, seeds[k], lb, ub, op, opr, lit, n_ops, params, v0, rho,
[36m(CPUDet4Actor pid=3315506)[0m /home/qaragoez/symclf_clean/symclf/examples/4DCartPolerV10/../DET4Fast4D_V10/slsqp_nb.py:993: NumbaWarning: [1m[1m[1m[1mCannot cache compiled function "_lsei" as it uses dynamic globals (such as ctypes pointers and large global arrays)[0m[0m[0m[0m
[36m(CPUDet4Actor pid=3315506)[0m   x, f, mode, it = slsqp_solve(kind, seeds[k], lb, ub, op, opr, lit, n_ops, params, v0, rho,
[36m(CPUDet4Actor pid=3315506)[0m /home/qaragoez/symclf_clean/symclf/examples/4DCartPolerV10/../DET4Fast4D_V10/slsqp_nb.py:993: NumbaWarning: [1m[1m[1mCannot cache compiled function "_lsq" as it uses dynamic globals (such as ctypes pointers and large global arrays)[0m[0m[0m
[36m(CPUDet4Actor pid=3315506)[0m   x, f, mode, it = slsqp_solve(kind, seeds[k], lb, ub, op, opr, lit, n_ops, params, v0, rho,
[36m(CPUDet4Actor pid=3315506)[0m /home/qaragoez/symclf_clean/symclf/examples/4DCartPolerV10/../DET4Fast4D_V10/slsqp_nb.py:993: NumbaWarning: [1m[1mCannot cache compiled function "slsqp_solve" as it uses dynamic globals (such as ctypes pointers and large global arrays)[0m[0m
[36m(CPUDet4Actor pid=3315506)[0m   x, f, mode, it = slsqp_solve(kind, seeds[k], lb, ub, op, opr, lit, n_ops, params, v0, rho,
[36m(CPUDet4Actor pid=3315497)[0m /home/qaragoez/symclf_clean/symclf/examples/4DCartPolerV10/../DET4Fast4D_V10/slsqp_nb.py:993: NumbaWarning: [1m[1m[1m[1m[1m[1m[1mCannot cache compiled function "_nnls" as it uses dynamic globals (such as ctypes pointers and large global arrays)[0m[0m[0m[0m[0m[0m[0m
[36m(CPUDet4Actor pid=3315497)[0m   x, f, mode, it = slsqp_solve(kind, seeds[k], lb, ub, op, opr, lit, n_ops, params, v0, rho,
[36m(CPUDet4Actor pid=3315497)[0m /home/qaragoez/symclf_clean/symclf/examples/4DCartPolerV10/../DET4Fast4D_V10/slsqp_nb.py:993: NumbaWarning: [1m[1m[1m[1m[1m[1mCannot cache compiled function "_ldp" as it uses dynamic globals (such as ctypes pointers and large global arrays)[0m[0m[0m[0m[0m[0m
[36m(CPUDet4Actor pid=3315497)[0m   x, f, mode, it = slsqp_solve(kind, seeds[k], lb, ub, op, opr, lit, n_ops, params, v0, rho,
[36m(CPUDet4Actor pid=3315497)[0m /home/qaragoez/symclf_clean/symclf/examples/4DCartPolerV10/../DET4Fast4D_V10/slsqp_nb.py:993: NumbaWarning: [1m[1m[1m[1m[1mCannot cache compiled function "_lsi" as it uses dynamic globals (such as ctypes pointers and large global arrays)[0m[0m[0m[0m[0m
[36m(CPUDet4Actor pid=3315497)[0m   x, f, mode, it = slsqp_solve(kind, seeds[k], lb, ub, op, opr, lit, n_ops, params, v0, rho,
[36m(CPUDet4Actor pid=3315497)[0m /home/qaragoez/symclf_clean/symclf/examples/4DCartPolerV10/../DET4Fast4D_V10/slsqp_nb.py:993: NumbaWarning: [1m[1m[1m[1mCannot cache compiled function "_lsei" as it uses dynamic globals (such as ctypes pointers and large global arrays)[0m[0m[0m[0m
[36m(CPUDet4Actor pid=3315497)[0m   x, f, mode, it = slsqp_solve(kind, seeds[k], lb, ub, op, opr, lit, n_ops, params, v0, rho,
[36m(CPUDet4Actor pid=3315497)[0m /home/qaragoez/symclf_clean/symclf/examples/4DCartPolerV10/../DET4Fast4D_V10/slsqp_nb.py:993: NumbaWarning: [1m[1m[1mCannot cache compiled function "_lsq" as it uses dynamic globals (such as ctypes pointers and large global arrays)[0m[0m[0m
[36m(CPUDet4Actor pid=3315497)[0m   x, f, mode, it = slsqp_solve(kind, seeds[k], lb, ub, op, opr, lit, n_ops, params, v0, rho,
[36m(CPUDet4Actor pid=3315497)[0m /home/qaragoez/symclf_clean/symclf/examples/4DCartPolerV10/../DET4Fast4D_V10/slsqp_nb.py:993: NumbaWarning: [1m[1mCannot cache compiled function "slsqp_solve" as it uses dynamic globals (such as ctypes pointers and large global arrays)[0m[0m
[36m(CPUDet4Actor pid=3315497)[0m   x, f, mode, it = slsqp_solve(kind, seeds[k], lb, ub, op, opr, lit, n_ops, params, v0, rho,
[36m(CPUDet4Actor pid=3315499)[0m /home/qaragoez/symclf_clean/symclf/examples/4DCartPolerV10/../DET4Fast4D_V10/slsqp_nb.py:993: NumbaWarning: [1m[1m[1m[1m[1m[1m[1mCannot cache compiled function "_nnls" as it uses dynamic globals (such as ctypes pointers and large global arrays)[0m[0m[0m[0m[0m[0m[0m
[36m(CPUDet4Actor pid=3315499)[0m   x, f, mode, it = slsqp_solve(kind, seeds[k], lb, ub, op, opr, lit, n_ops, params, v0, rho,
[36m(CPUDet4Actor pid=3315499)[0m /home/qaragoez/symclf_clean/symclf/examples/4DCartPolerV10/../DET4Fast4D_V10/slsqp_nb.py:993: NumbaWarning: [1m[1m[1m[1m[1m[1mCannot cache compiled function "_ldp" as it uses dynamic globals (such as ctypes pointers and large global arrays)[0m[0m[0m[0m[0m[0m
[36m(CPUDet4Actor pid=3315499)[0m   x, f, mode, it = slsqp_solve(kind, seeds[k], lb, ub, op, opr, lit, n_ops, params, v0, rho,
[36m(CPUDet4Actor pid=3315499)[0m /home/qaragoez/symclf_clean/symclf/examples/4DCartPolerV10/../DET4Fast4D_V10/slsqp_nb.py:993: NumbaWarning: [1m[1m[1m[1m[1mCannot cache compiled function "_lsi" as it uses dynamic globals (such as ctypes pointers and large global arrays)[0m[0m[0m[0m[0m
[36m(CPUDet4Actor pid=3315499)[0m   x, f, mode, it = slsqp_solve(kind, seeds[k], lb, ub, op, opr, lit, n_ops, params, v0, rho,
[36m(CPUDet4Actor pid=3315499)[0m /home/qaragoez/symclf_clean/symclf/examples/4DCartPolerV10/../DET4Fast4D_V10/slsqp_nb.py:993: NumbaWarning: [1m[1m[1m[1mCannot cache compiled function "_lsei" as it uses dynamic globals (such as ctypes pointers and large global arrays)[0m[0m[0m[0m
[36m(CPUDet4Actor pid=3315499)[0m   x, f, mode, it = slsqp_solve(kind, seeds[k], lb, ub, op, opr, lit, n_ops, params, v0, rho,
[36m(CPUDet4Actor pid=3315499)[0m /home/qaragoez/symclf_clean/symclf/examples/4DCartPolerV10/../DET4Fast4D_V10/slsqp_nb.py:993: NumbaWarning: [1m[1m[1mCannot cache compiled function "_lsq" as it uses dynamic globals (such as ctypes pointers and large global arrays)[0m[0m[0m
[36m(CPUDet4Actor pid=3315499)[0m   x, f, mode, it = slsqp_solve(kind, seeds[k], lb, ub, op, opr, lit, n_ops, params, v0, rho,
[36m(CPUDet4Actor pid=3315499)[0m /home/qaragoez/symclf_clean/symclf/examples/4DCartPolerV10/../DET4Fast4D_V10/slsqp_nb.py:993: NumbaWarning: [1m[1mCannot cache compiled function "slsqp_solve" as it uses dynamic globals (such as ctypes pointers and large global arrays)[0m[0m
[36m(CPUDet4Actor pid=3315499)[0m   x, f, mode, it = slsqp_solve(kind, seeds[k], lb, ub, op, opr, lit, n_ops, params, v0, rho,
[36m(CPUDet4Actor pid=3315514)[0m /home/qaragoez/symclf_clean/symclf/examples/4DCartPolerV10/../DET4Fast4D_V10/slsqp_nb.py:993: NumbaWarning: [1m[1m[1m[1m[1m[1m[1mCannot cache compiled function "_nnls" as it uses dynamic globals (such as ctypes pointers and large global arrays)[0m[0m[0m[0m[0m[0m[0m
[36m(CPUDet4Actor pid=3315514)[0m   x, f, mode, it = slsqp_solve(kind, seeds[k], lb, ub, op, opr, lit, n_ops, params, v0, rho,
[36m(CPUDet4Actor pid=3315514)[0m /home/qaragoez/symclf_clean/symclf/examples/4DCartPolerV10/../DET4Fast4D_V10/slsqp_nb.py:993: NumbaWarning: [1m[1m[1m[1m[1m[1mCannot cache compiled function "_ldp" as it uses dynamic globals (such as ctypes pointers and large global arrays)[0m[0m[0m[0m[0m[0m
[36m(CPUDet4Actor pid=3315514)[0m   x, f, mode, it = slsqp_solve(kind, seeds[k], lb, ub, op, opr, lit, n_ops, params, v0, rho,
[36m(CPUDet4Actor pid=3315514)[0m /home/qaragoez/symclf_clean/symclf/examples/4DCartPolerV10/../DET4Fast4D_V10/slsqp_nb.py:993: NumbaWarning: [1m[1m[1m[1m[1mCannot cache compiled function "_lsi" as it uses dynamic globals (such as ctypes pointers and large global arrays)[0m[0m[0m[0m[0m
[36m(CPUDet4Actor pid=3315514)[0m   x, f, mode, it = slsqp_solve(kind, seeds[k], lb, ub, op, opr, lit, n_ops, params, v0, rho,
[36m(CPUDet4Actor pid=3315514)[0m /home/qaragoez/symclf_clean/symclf/examples/4DCartPolerV10/../DET4Fast4D_V10/slsqp_nb.py:993: NumbaWarning: [1m[1m[1m[1mCannot cache compiled function "_lsei" as it uses dynamic globals (such as ctypes pointers and large global arrays)[0m[0m[0m[0m
[36m(CPUDet4Actor pid=3315514)[0m   x, f, mode, it = slsqp_solve(kind, seeds[k], lb, ub, op, opr, lit, n_ops, params, v0, rho,
[36m(CPUDet4Actor pid=3315514)[0m /home/qaragoez/symclf_clean/symclf/examples/4DCartPolerV10/../DET4Fast4D_V10/slsqp_nb.py:993: NumbaWarning: [1m[1m[1mCannot cache compiled function "_lsq" as it uses dynamic globals (such as ctypes pointers and large global arrays)[0m[0m[0m
[36m(CPUDet4Actor pid=3315514)[0m   x, f, mode, it = slsqp_solve(kind, seeds[k], lb, ub, op, opr, lit, n_ops, params, v0, rho,
[36m(CPUDet4Actor pid=3315514)[0m /home/qaragoez/symclf_clean/symclf/examples/4DCartPolerV10/../DET4Fast4D_V10/slsqp_nb.py:993: NumbaWarning: [1m[1mCannot cache compiled function "slsqp_solve" as it uses dynamic globals (such as ctypes pointers and large global arrays)[0m[0m
[36m(CPUDet4Actor pid=3315514)[0m   x, f, mode, it = slsqp_solve(kind, seeds[k], lb, ub, op, opr, lit, n_ops, params, v0, rho,
[36m(CPUDet4Actor pid=3315498)[0m /home/qaragoez/symclf_clean/symclf/examples/4DCartPolerV10/../DET4Fast4D_V10/slsqp_nb.py:993: NumbaWarning: [1m[1m[1m[1m[1m[1m[1mCannot cache compiled function "_nnls" as it uses dynamic globals (such as ctypes pointers and large global arrays)[0m[0m[0m[0m[0m[0m[0m
[36m(CPUDet4Actor pid=3315498)[0m   x, f, mode, it = slsqp_solve(kind, seeds[k], lb, ub, op, opr, lit, n_ops, params, v0, rho,
[36m(CPUDet4Actor pid=3315498)[0m /home/qaragoez/symclf_clean/symclf/examples/4DCartPolerV10/../DET4Fast4D_V10/slsqp_nb.py:993: NumbaWarning: [1m[1m[1m[1m[1m[1mCannot cache compiled function "_ldp" as it uses dynamic globals (such as ctypes pointers and large global arrays)[0m[0m[0m[0m[0m[0m
[36m(CPUDet4Actor pid=3315498)[0m   x, f, mode, it = slsqp_solve(kind, seeds[k], lb, ub, op, opr, lit, n_ops, params, v0, rho,
[36m(CPUDet4Actor pid=3315498)[0m /home/qaragoez/symclf_clean/symclf/examples/4DCartPolerV10/../DET4Fast4D_V10/slsqp_nb.py:993: NumbaWarning: [1m[1m[1m[1m[1mCannot cache compiled function "_lsi" as it uses dynamic globals (such as ctypes pointers and large global arrays)[0m[0m[0m[0m[0m
[36m(CPUDet4Actor pid=3315498)[0m   x, f, mode, it = slsqp_solve(kind, seeds[k], lb, ub, op, opr, lit, n_ops, params, v0, rho,
[36m(CPUDet4Actor pid=3315498)[0m /home/qaragoez/symclf_clean/symclf/examples/4DCartPolerV10/../DET4Fast4D_V10/slsqp_nb.py:993: NumbaWarning: [1m[1m[1m[1mCannot cache compiled function "_lsei" as it uses dynamic globals (such as ctypes pointers and large global arrays)[0m[0m[0m[0m
[36m(CPUDet4Actor pid=3315498)[0m   x, f, mode, it = slsqp_solve(kind, seeds[k], lb, ub, op, opr, lit, n_ops, params, v0, rho,
[36m(CPUDet4Actor pid=3315498)[0m /home/qaragoez/symclf_clean/symclf/examples/4DCartPolerV10/../DET4Fast4D_V10/slsqp_nb.py:993: NumbaWarning: [1m[1m[1mCannot cache compiled function "_lsq" as it uses dynamic globals (such as ctypes pointers and large global arrays)[0m[0m[0m
[36m(CPUDet4Actor pid=3315498)[0m   x, f, mode, it = slsqp_solve(kind, seeds[k], lb, ub, op, opr, lit, n_ops, params, v0, rho,
[36m(CPUDet4Actor pid=3315498)[0m /home/qaragoez/symclf_clean/symclf/examples/4DCartPolerV10/../DET4Fast4D_V10/slsqp_nb.py:993: NumbaWarning: [1m[1mCannot cache compiled function "slsqp_solve" as it uses dynamic globals (such as ctypes pointers and large global arrays)[0m[0m
[36m(CPUDet4Actor pid=3315498)[0m   x, f, mode, it = slsqp_solve(kind, seeds[k], lb, ub, op, opr, lit, n_ops, params, v0, rho,
[36m(CPUDet4Actor pid=3315502)[0m /home/qaragoez/symclf_clean/symclf/examples/4DCartPolerV10/../DET4Fast4D_V10/slsqp_nb.py:993: NumbaWarning: [1m[1m[1m[1m[1m[1m[1mCannot cache compiled function "_nnls" as it uses dynamic globals (such as ctypes pointers and large global arrays)[0m[0m[0m[0m[0m[0m[0m
[36m(CPUDet4Actor pid=3315502)[0m   x, f, mode, it = slsqp_solve(kind, seeds[k], lb, ub, op, opr, lit, n_ops, params, v0, rho,
[36m(CPUDet4Actor pid=3315502)[0m /home/qaragoez/symclf_clean/symclf/examples/4DCartPolerV10/../DET4Fast4D_V10/slsqp_nb.py:993: NumbaWarning: [1m[1m[1m[1m[1m[1mCannot cache compiled function "_ldp" as it uses dynamic globals (such as ctypes pointers and large global arrays)[0m[0m[0m[0m[0m[0m
[36m(CPUDet4Actor pid=3315502)[0m   x, f, mode, it = slsqp_solve(kind, seeds[k], lb, ub, op, opr, lit, n_ops, params, v0, rho,
[36m(CPUDet4Actor pid=3315502)[0m /home/qaragoez/symclf_clean/symclf/examples/4DCartPolerV10/../DET4Fast4D_V10/slsqp_nb.py:993: NumbaWarning: [1m[1m[1m[1m[1mCannot cache compiled function "_lsi" as it uses dynamic globals (such as ctypes pointers and large global arrays)[0m[0m[0m[0m[0m
[36m(CPUDet4Actor pid=3315502)[0m   x, f, mode, it = slsqp_solve(kind, seeds[k], lb, ub, op, opr, lit, n_ops, params, v0, rho,
[36m(CPUDet4Actor pid=3315502)[0m /home/qaragoez/symclf_clean/symclf/examples/4DCartPolerV10/../DET4Fast4D_V10/slsqp_nb.py:993: NumbaWarning: [1m[1m[1m[1mCannot cache compiled function "_lsei" as it uses dynamic globals (such as ctypes pointers and large global arrays)[0m[0m[0m[0m
[36m(CPUDet4Actor pid=3315502)[0m   x, f, mode, it = slsqp_solve(kind, seeds[k], lb, ub, op, opr, lit, n_ops, params, v0, rho,
[36m(CPUDet4Actor pid=3315502)[0m /home/qaragoez/symclf_clean/symclf/examples/4DCartPolerV10/../DET4Fast4D_V10/slsqp_nb.py:993: NumbaWarning: [1m[1m[1mCannot cache compiled function "_lsq" as it uses dynamic globals (such as ctypes pointers and large global arrays)[0m[0m[0m
[36m(CPUDet4Actor pid=3315502)[0m   x, f, mode, it = slsqp_solve(kind, seeds[k], lb, ub, op, opr, lit, n_ops, params, v0, rho,
[36m(CPUDet4Actor pid=3315502)[0m /home/qaragoez/symclf_clean/symclf/examples/4DCartPolerV10/../DET4Fast4D_V10/slsqp_nb.py:993: NumbaWarning: [1m[1mCannot cache compiled function "slsqp_solve" as it uses dynamic globals (such as ctypes pointers and large global arrays)[0m[0m
[36m(CPUDet4Actor pid=3315502)[0m   x, f, mode, it = slsqp_solve(kind, seeds[k], lb, ub, op, opr, lit, n_ops, params, v0, rho,
[36m(CPUDet4Actor pid=3315511)[0m /home/qaragoez/symclf_clean/symclf/examples/4DCartPolerV10/../DET4Fast4D_V10/slsqp_nb.py:993: NumbaWarning: [1m[1m[1m[1m[1m[1m[1mCannot cache compiled function "_nnls" as it uses dynamic globals (such as ctypes pointers and large global arrays)[0m[0m[0m[0m[0m[0m[0m
[36m(CPUDet4Actor pid=3315511)[0m   x, f, mode, it = slsqp_solve(kind, seeds[k], lb, ub, op, opr, lit, n_ops, params, v0, rho,
[36m(CPUDet4Actor pid=3315511)[0m /home/qaragoez/symclf_clean/symclf/examples/4DCartPolerV10/../DET4Fast4D_V10/slsqp_nb.py:993: NumbaWarning: [1m[1m[1m[1m[1m[1mCannot cache compiled function "_ldp" as it uses dynamic globals (such as ctypes pointers and large global arrays)[0m[0m[0m[0m[0m[0m
[36m(CPUDet4Actor pid=3315511)[0m   x, f, mode, it = slsqp_solve(kind, seeds[k], lb, ub, op, opr, lit, n_ops, params, v0, rho,
[36m(CPUDet4Actor pid=3315511)[0m /home/qaragoez/symclf_clean/symclf/examples/4DCartPolerV10/../DET4Fast4D_V10/slsqp_nb.py:993: NumbaWarning: [1m[1m[1m[1m[1mCannot cache compiled function "_lsi" as it uses dynamic globals (such as ctypes pointers and large global arrays)[0m[0m[0m[0m[0m
[36m(CPUDet4Actor pid=3315511)[0m   x, f, mode, it = slsqp_solve(kind, seeds[k], lb, ub, op, opr, lit, n_ops, params, v0, rho,
[36m(CPUDet4Actor pid=3315511)[0m /home/qaragoez/symclf_clean/symclf/examples/4DCartPolerV10/../DET4Fast4D_V10/slsqp_nb.py:993: NumbaWarning: [1m[1m[1m[1mCannot cache compiled function "_lsei" as it uses dynamic globals (such as ctypes pointers and large global arrays)[0m[0m[0m[0m
[36m(CPUDet4Actor pid=3315511)[0m   x, f, mode, it = slsqp_solve(kind, seeds[k], lb, ub, op, opr, lit, n_ops, params, v0, rho,
[36m(CPUDet4Actor pid=3315511)[0m /home/qaragoez/symclf_clean/symclf/examples/4DCartPolerV10/../DET4Fast4D_V10/slsqp_nb.py:993: NumbaWarning: [1m[1m[1mCannot cache compiled function "_lsq" as it uses dynamic globals (such as ctypes pointers and large global arrays)[0m[0m[0m
[36m(CPUDet4Actor pid=3315511)[0m   x, f, mode, it = slsqp_solve(kind, seeds[k], lb, ub, op, opr, lit, n_ops, params, v0, rho,
[36m(CPUDet4Actor pid=3315511)[0m /home/qaragoez/symclf_clean/symclf/examples/4DCartPolerV10/../DET4Fast4D_V10/slsqp_nb.py:993: NumbaWarning: [1m[1mCannot cache compiled function "slsqp_solve" as it uses dynamic globals (such as ctypes pointers and large global arrays)[0m[0m
[36m(CPUDet4Actor pid=3315511)[0m   x, f, mode, it = slsqp_solve(kind, seeds[k], lb, ub, op, opr, lit, n_ops, params, v0, rho,
[36m(CPUDet4Actor pid=3315501)[0m /home/qaragoez/symclf_clean/symclf/examples/4DCartPolerV10/../DET4Fast4D_V10/slsqp_nb.py:993: NumbaWarning: [1m[1m[1m[1m[1m[1m[1mCannot cache compiled function "_nnls" as it uses dynamic globals (such as ctypes pointers and large global arrays)[0m[0m[0m[0m[0m[0m[0m
[36m(CPUDet4Actor pid=3315501)[0m   x, f, mode, it = slsqp_solve(kind, seeds[k], lb, ub, op, opr, lit, n_ops, params, v0, rho,
[36m(CPUDet4Actor pid=3315501)[0m /home/qaragoez/symclf_clean/symclf/examples/4DCartPolerV10/../DET4Fast4D_V10/slsqp_nb.py:993: NumbaWarning: [1m[1m[1m[1m[1m[1mCannot cache compiled function "_ldp" as it uses dynamic globals (such as ctypes pointers and large global arrays)[0m[0m[0m[0m[0m[0m
[36m(CPUDet4Actor pid=3315501)[0m   x, f, mode, it = slsqp_solve(kind, seeds[k], lb, ub, op, opr, lit, n_ops, params, v0, rho,
[36m(CPUDet4Actor pid=3315501)[0m /home/qaragoez/symclf_clean/symclf/examples/4DCartPolerV10/../DET4Fast4D_V10/slsqp_nb.py:993: NumbaWarning: [1m[1m[1m[1m[1mCannot cache compiled function "_lsi" as it uses dynamic globals (such as ctypes pointers and large global arrays)[0m[0m[0m[0m[0m
[36m(CPUDet4Actor pid=3315501)[0m   x, f, mode, it = slsqp_solve(kind, seeds[k], lb, ub, op, opr, lit, n_ops, params, v0, rho,
[36m(CPUDet4Actor pid=3315501)[0m /home/qaragoez/symclf_clean/symclf/examples/4DCartPolerV10/../DET4Fast4D_V10/slsqp_nb.py:993: NumbaWarning: [1m[1m[1m[1mCannot cache compiled function "_lsei" as it uses dynamic globals (such as ctypes pointers and large global arrays)[0m[0m[0m[0m
[36m(CPUDet4Actor pid=3315501)[0m   x, f, mode, it = slsqp_solve(kind, seeds[k], lb, ub, op, opr, lit, n_ops, params, v0, rho,
[36m(CPUDet4Actor pid=3315501)[0m /home/qaragoez/symclf_clean/symclf/examples/4DCartPolerV10/../DET4Fast4D_V10/slsqp_nb.py:993: NumbaWarning: [1m[1m[1mCannot cache compiled function "_lsq" as it uses dynamic globals (such as ctypes pointers and large global arrays)[0m[0m[0m
[36m(CPUDet4Actor pid=3315501)[0m   x, f, mode, it = slsqp_solve(kind, seeds[k], lb, ub, op, opr, lit, n_ops, params, v0, rho,
[36m(CPUDet4Actor pid=3315501)[0m /home/qaragoez/symclf_clean/symclf/examples/4DCartPolerV10/../DET4Fast4D_V10/slsqp_nb.py:993: NumbaWarning: [1m[1mCannot cache compiled function "slsqp_solve" as it uses dynamic globals (such as ctypes pointers and large global arrays)[0m[0m
[36m(CPUDet4Actor pid=3315501)[0m   x, f, mode, it = slsqp_solve(kind, seeds[k], lb, ub, op, opr, lit, n_ops, params, v0, rho,
[36m(CPUDet4Actor pid=3315510)[0m /home/qaragoez/symclf_clean/symclf/examples/4DCartPolerV10/../DET4Fast4D_V10/slsqp_nb.py:993: NumbaWarning: [1m[1m[1m[1m[1m[1m[1mCannot cache compiled function "_nnls" as it uses dynamic globals (such as ctypes pointers and large global arrays)[0m[0m[0m[0m[0m[0m[0m
[36m(CPUDet4Actor pid=3315510)[0m   x, f, mode, it = slsqp_solve(kind, seeds[k], lb, ub, op, opr, lit, n_ops, params, v0, rho,
[36m(CPUDet4Actor pid=3315510)[0m /home/qaragoez/symclf_clean/symclf/examples/4DCartPolerV10/../DET4Fast4D_V10/slsqp_nb.py:993: NumbaWarning: [1m[1m[1m[1m[1m[1mCannot cache compiled function "_ldp" as it uses dynamic globals (such as ctypes pointers and large global arrays)[0m[0m[0m[0m[0m[0m
[36m(CPUDet4Actor pid=3315510)[0m   x, f, mode, it = slsqp_solve(kind, seeds[k], lb, ub, op, opr, lit, n_ops, params, v0, rho,
[36m(CPUDet4Actor pid=3315510)[0m /home/qaragoez/symclf_clean/symclf/examples/4DCartPolerV10/../DET4Fast4D_V10/slsqp_nb.py:993: NumbaWarning: [1m[1m[1m[1m[1mCannot cache compiled function "_lsi" as it uses dynamic globals (such as ctypes pointers and large global arrays)[0m[0m[0m[0m[0m
[36m(CPUDet4Actor pid=3315510)[0m   x, f, mode, it = slsqp_solve(kind, seeds[k], lb, ub, op, opr, lit, n_ops, params, v0, rho,
[36m(CPUDet4Actor pid=3315510)[0m /home/qaragoez/symclf_clean/symclf/examples/4DCartPolerV10/../DET4Fast4D_V10/slsqp_nb.py:993: NumbaWarning: [1m[1m[1m[1mCannot cache compiled function "_lsei" as it uses dynamic globals (such as ctypes pointers and large global arrays)[0m[0m[0m[0m
[36m(CPUDet4Actor pid=3315510)[0m   x, f, mode, it = slsqp_solve(kind, seeds[k], lb, ub, op, opr, lit, n_ops, params, v0, rho,
[36m(CPUDet4Actor pid=3315510)[0m /home/qaragoez/symclf_clean/symclf/examples/4DCartPolerV10/../DET4Fast4D_V10/slsqp_nb.py:993: NumbaWarning: [1m[1m[1mCannot cache compiled function "_lsq" as it uses dynamic globals (such as ctypes pointers and large global arrays)[0m[0m[0m
[36m(CPUDet4Actor pid=3315510)[0m   x, f, mode, it = slsqp_solve(kind, seeds[k], lb, ub, op, opr, lit, n_ops, params, v0, rho,
[36m(CPUDet4Actor pid=3315510)[0m /home/qaragoez/symclf_clean/symclf/examples/4DCartPolerV10/../DET4Fast4D_V10/slsqp_nb.py:993: NumbaWarning: [1m[1mCannot cache compiled function "slsqp_solve" as it uses dynamic globals (such as ctypes pointers and large global arrays)[0m[0m
[36m(CPUDet4Actor pid=3315510)[0m   x, f, mode, it = slsqp_solve(kind, seeds[k], lb, ub, op, opr, lit, n_ops, params, v0, rho,
[36m(CPUDet4Actor pid=3315495)[0m /home/qaragoez/symclf_clean/symclf/examples/4DCartPolerV10/../DET4Fast4D_V10/slsqp_nb.py:993: NumbaWarning: [1m[1m[1m[1m[1m[1m[1mCannot cache compiled function "_nnls" as it uses dynamic globals (such as ctypes pointers and large global arrays)[0m[0m[0m[0m[0m[0m[0m
[36m(CPUDet4Actor pid=3315495)[0m   x, f, mode, it = slsqp_solve(kind, seeds[k], lb, ub, op, opr, lit, n_ops, params, v0, rho,
[36m(CPUDet4Actor pid=3315495)[0m /home/qaragoez/symclf_clean/symclf/examples/4DCartPolerV10/../DET4Fast4D_V10/slsqp_nb.py:993: NumbaWarning: [1m[1m[1m[1m[1m[1mCannot cache compiled function "_ldp" as it uses dynamic globals (such as ctypes pointers and large global arrays)[0m[0m[0m[0m[0m[0m
[36m(CPUDet4Actor pid=3315495)[0m   x, f, mode, it = slsqp_solve(kind, seeds[k], lb, ub, op, opr, lit, n_ops, params, v0, rho,
[36m(CPUDet4Actor pid=3315495)[0m /home/qaragoez/symclf_clean/symclf/examples/4DCartPolerV10/../DET4Fast4D_V10/slsqp_nb.py:993: NumbaWarning: [1m[1m[1m[1m[1mCannot cache compiled function "_lsi" as it uses dynamic globals (such as ctypes pointers and large global arrays)[0m[0m[0m[0m[0m
[36m(CPUDet4Actor pid=3315495)[0m   x, f, mode, it = slsqp_solve(kind, seeds[k], lb, ub, op, opr, lit, n_ops, params, v0, rho,
[36m(CPUDet4Actor pid=3315495)[0m /home/qaragoez/symclf_clean/symclf/examples/4DCartPolerV10/../DET4Fast4D_V10/slsqp_nb.py:993: NumbaWarning: [1m[1m[1m[1mCannot cache compiled function "_lsei" as it uses dynamic globals (such as ctypes pointers and large global arrays)[0m[0m[0m[0m
[36m(CPUDet4Actor pid=3315495)[0m   x, f, mode, it = slsqp_solve(kind, seeds[k], lb, ub, op, opr, lit, n_ops, params, v0, rho,
[36m(CPUDet4Actor pid=3315495)[0m /home/qaragoez/symclf_clean/symclf/examples/4DCartPolerV10/../DET4Fast4D_V10/slsqp_nb.py:993: NumbaWarning: [1m[1m[1mCannot cache compiled function "_lsq" as it uses dynamic globals (such as ctypes pointers and large global arrays)[0m[0m[0m
[36m(CPUDet4Actor pid=3315495)[0m   x, f, mode, it = slsqp_solve(kind, seeds[k], lb, ub, op, opr, lit, n_ops, params, v0, rho,
[36m(CPUDet4Actor pid=3315495)[0m /home/qaragoez/symclf_clean/symclf/examples/4DCartPolerV10/../DET4Fast4D_V10/slsqp_nb.py:993: NumbaWarning: [1m[1mCannot cache compiled function "slsqp_solve" as it uses dynamic globals (such as ctypes pointers and large global arrays)[0m[0m
[36m(CPUDet4Actor pid=3315495)[0m   x, f, mode, it = slsqp_solve(kind, seeds[k], lb, ub, op, opr, lit, n_ops, params, v0, rho,
[36m(CPUDet4Actor pid=3315516)[0m /home/qaragoez/symclf_clean/symclf/examples/4DCartPolerV10/../DET4Fast4D_V10/slsqp_nb.py:993: NumbaWarning: [1m[1m[1m[1m[1m[1m[1mCannot cache compiled function "_nnls" as it uses dynamic globals (such as ctypes pointers and large global arrays)[0m[0m[0m[0m[0m[0m[0m
[36m(CPUDet4Actor pid=3315516)[0m   x, f, mode, it = slsqp_solve(kind, seeds[k], lb, ub, op, opr, lit, n_ops, params, v0, rho,
[36m(CPUDet4Actor pid=3315516)[0m /home/qaragoez/symclf_clean/symclf/examples/4DCartPolerV10/../DET4Fast4D_V10/slsqp_nb.py:993: NumbaWarning: [1m[1m[1m[1m[1m[1mCannot cache compiled function "_ldp" as it uses dynamic globals (such as ctypes pointers and large global arrays)[0m[0m[0m[0m[0m[0m
[36m(CPUDet4Actor pid=3315516)[0m   x, f, mode, it = slsqp_solve(kind, seeds[k], lb, ub, op, opr, lit, n_ops, params, v0, rho,
[36m(CPUDet4Actor pid=3315516)[0m /home/qaragoez/symclf_clean/symclf/examples/4DCartPolerV10/../DET4Fast4D_V10/slsqp_nb.py:993: NumbaWarning: [1m[1m[1m[1m[1mCannot cache compiled function "_lsi" as it uses dynamic globals (such as ctypes pointers and large global arrays)[0m[0m[0m[0m[0m
[36m(CPUDet4Actor pid=3315516)[0m   x, f, mode, it = slsqp_solve(kind, seeds[k], lb, ub, op, opr, lit, n_ops, params, v0, rho,
[36m(CPUDet4Actor pid=3315516)[0m /home/qaragoez/symclf_clean/symclf/examples/4DCartPolerV10/../DET4Fast4D_V10/slsqp_nb.py:993: NumbaWarning: [1m[1m[1m[1mCannot cache compiled function "_lsei" as it uses dynamic globals (such as ctypes pointers and large global arrays)[0m[0m[0m[0m
[36m(CPUDet4Actor pid=3315516)[0m   x, f, mode, it = slsqp_solve(kind, seeds[k], lb, ub, op, opr, lit, n_ops, params, v0, rho,
[36m(CPUDet4Actor pid=3315516)[0m /home/qaragoez/symclf_clean/symclf/examples/4DCartPolerV10/../DET4Fast4D_V10/slsqp_nb.py:993: NumbaWarning: [1m[1m[1mCannot cache compiled function "_lsq" as it uses dynamic globals (such as ctypes pointers and large global arrays)[0m[0m[0m
[36m(CPUDet4Actor pid=3315516)[0m   x, f, mode, it = slsqp_solve(kind, seeds[k], lb, ub, op, opr, lit, n_ops, params, v0, rho,
[36m(CPUDet4Actor pid=3315516)[0m /home/qaragoez/symclf_clean/symclf/examples/4DCartPolerV10/../DET4Fast4D_V10/slsqp_nb.py:993: NumbaWarning: [1m[1mCannot cache compiled function "slsqp_solve" as it uses dynamic globals (such as ctypes pointers and large global arrays)[0m[0m
[36m(CPUDet4Actor pid=3315516)[0m   x, f, mode, it = slsqp_solve(kind, seeds[k], lb, ub, op, opr, lit, n_ops, params, v0, rho,
[36m(CPUDet4Actor pid=3315517)[0m /home/qaragoez/symclf_clean/symclf/examples/4DCartPolerV10/../DET4Fast4D_V10/slsqp_nb.py:993: NumbaWarning: [1m[1m[1m[1m[1m[1m[1mCannot cache compiled function "_nnls" as it uses dynamic globals (such as ctypes pointers and large global arrays)[0m[0m[0m[0m[0m[0m[0m
[36m(CPUDet4Actor pid=3315517)[0m   x, f, mode, it = slsqp_solve(kind, seeds[k], lb, ub, op, opr, lit, n_ops, params, v0, rho,
[36m(CPUDet4Actor pid=3315517)[0m /home/qaragoez/symclf_clean/symclf/examples/4DCartPolerV10/../DET4Fast4D_V10/slsqp_nb.py:993: NumbaWarning: [1m[1m[1m[1m[1m[1mCannot cache compiled function "_ldp" as it uses dynamic globals (such as ctypes pointers and large global arrays)[0m[0m[0m[0m[0m[0m
[36m(CPUDet4Actor pid=3315517)[0m   x, f, mode, it = slsqp_solve(kind, seeds[k], lb, ub, op, opr, lit, n_ops, params, v0, rho,
[36m(CPUDet4Actor pid=3315517)[0m /home/qaragoez/symclf_clean/symclf/examples/4DCartPolerV10/../DET4Fast4D_V10/slsqp_nb.py:993: NumbaWarning: [1m[1m[1m[1m[1mCannot cache compiled function "_lsi" as it uses dynamic globals (such as ctypes pointers and large global arrays)[0m[0m[0m[0m[0m
[36m(CPUDet4Actor pid=3315517)[0m   x, f, mode, it = slsqp_solve(kind, seeds[k], lb, ub, op, opr, lit, n_ops, params, v0, rho,
[36m(CPUDet4Actor pid=3315517)[0m /home/qaragoez/symclf_clean/symclf/examples/4DCartPolerV10/../DET4Fast4D_V10/slsqp_nb.py:993: NumbaWarning: [1m[1m[1m[1mCannot cache compiled function "_lsei" as it uses dynamic globals (such as ctypes pointers and large global arrays)[0m[0m[0m[0m
[36m(CPUDet4Actor pid=3315517)[0m   x, f, mode, it = slsqp_solve(kind, seeds[k], lb, ub, op, opr, lit, n_ops, params, v0, rho,
[36m(CPUDet4Actor pid=3315517)[0m /home/qaragoez/symclf_clean/symclf/examples/4DCartPolerV10/../DET4Fast4D_V10/slsqp_nb.py:993: NumbaWarning: [1m[1m[1mCannot cache compiled function "_lsq" as it uses dynamic globals (such as ctypes pointers and large global arrays)[0m[0m[0m
[36m(CPUDet4Actor pid=3315517)[0m   x, f, mode, it = slsqp_solve(kind, seeds[k], lb, ub, op, opr, lit, n_ops, params, v0, rho,
[36m(CPUDet4Actor pid=3315517)[0m /home/qaragoez/symclf_clean/symclf/examples/4DCartPolerV10/../DET4Fast4D_V10/slsqp_nb.py:993: NumbaWarning: [1m[1mCannot cache compiled function "slsqp_solve" as it uses dynamic globals (such as ctypes pointers and large global arrays)[0m[0m
[36m(CPUDet4Actor pid=3315517)[0m   x, f, mode, it = slsqp_solve(kind, seeds[k], lb, ub, op, opr, lit, n_ops, params, v0, rho,
[36m(CPUDet4Actor pid=3315509)[0m /home/qaragoez/symclf_clean/symclf/examples/4DCartPolerV10/../DET4Fast4D_V10/slsqp_nb.py:993: NumbaWarning: [1m[1m[1m[1m[1m[1m[1mCannot cache compiled function "_nnls" as it uses dynamic globals (such as ctypes pointers and large global arrays)[0m[0m[0m[0m[0m[0m[0m
[36m(CPUDet4Actor pid=3315509)[0m   x, f, mode, it = slsqp_solve(kind, seeds[k], lb, ub, op, opr, lit, n_ops, params, v0, rho,
[36m(CPUDet4Actor pid=3315509)[0m /home/qaragoez/symclf_clean/symclf/examples/4DCartPolerV10/../DET4Fast4D_V10/slsqp_nb.py:993: NumbaWarning: [1m[1m[1m[1m[1m[1mCannot cache compiled function "_ldp" as it uses dynamic globals (such as ctypes pointers and large global arrays)[0m[0m[0m[0m[0m[0m
[36m(CPUDet4Actor pid=3315509)[0m   x, f, mode, it = slsqp_solve(kind, seeds[k], lb, ub, op, opr, lit, n_ops, params, v0, rho,
[36m(CPUDet4Actor pid=3315509)[0m /home/qaragoez/symclf_clean/symclf/examples/4DCartPolerV10/../DET4Fast4D_V10/slsqp_nb.py:993: NumbaWarning: [1m[1m[1m[1m[1mCannot cache compiled function "_lsi" as it uses dynamic globals (such as ctypes pointers and large global arrays)[0m[0m[0m[0m[0m
[36m(CPUDet4Actor pid=3315509)[0m   x, f, mode, it = slsqp_solve(kind, seeds[k], lb, ub, op, opr, lit, n_ops, params, v0, rho,
[36m(CPUDet4Actor pid=3315509)[0m /home/qaragoez/symclf_clean/symclf/examples/4DCartPolerV10/../DET4Fast4D_V10/slsqp_nb.py:993: NumbaWarning: [1m[1m[1m[1mCannot cache compiled function "_lsei" as it uses dynamic globals (such as ctypes pointers and large global arrays)[0m[0m[0m[0m
[36m(CPUDet4Actor pid=3315509)[0m   x, f, mode, it = slsqp_solve(kind, seeds[k], lb, ub, op, opr, lit, n_ops, params, v0, rho,
[36m(CPUDet4Actor pid=3315509)[0m /home/qaragoez/symclf_clean/symclf/examples/4DCartPolerV10/../DET4Fast4D_V10/slsqp_nb.py:993: NumbaWarning: [1m[1m[1mCannot cache compiled function "_lsq" as it uses dynamic globals (such as ctypes pointers and large global arrays)[0m[0m[0m
[36m(CPUDet4Actor pid=3315509)[0m   x, f, mode, it = slsqp_solve(kind, seeds[k], lb, ub, op, opr, lit, n_ops, params, v0, rho,
[36m(CPUDet4Actor pid=3315509)[0m /home/qaragoez/symclf_clean/symclf/examples/4DCartPolerV10/../DET4Fast4D_V10/slsqp_nb.py:993: NumbaWarning: [1m[1mCannot cache compiled function "slsqp_solve" as it uses dynamic globals (such as ctypes pointers and large global arrays)[0m[0m
[36m(CPUDet4Actor pid=3315509)[0m   x, f, mode, it = slsqp_solve(kind, seeds[k], lb, ub, op, opr, lit, n_ops, params, v0, rho,
[36m(CPUDet4Actor pid=3315504)[0m /home/qaragoez/symclf_clean/symclf/examples/4DCartPolerV10/../DET4Fast4D_V10/slsqp_nb.py:993: NumbaWarning: [1m[1m[1m[1m[1m[1m[1mCannot cache compiled function "_nnls" as it uses dynamic globals (such as ctypes pointers and large global arrays)[0m[0m[0m[0m[0m[0m[0m
[36m(CPUDet4Actor pid=3315504)[0m   x, f, mode, it = slsqp_solve(kind, seeds[k], lb, ub, op, opr, lit, n_ops, params, v0, rho,
[36m(CPUDet4Actor pid=3315504)[0m /home/qaragoez/symclf_clean/symclf/examples/4DCartPolerV10/../DET4Fast4D_V10/slsqp_nb.py:993: NumbaWarning: [1m[1m[1m[1m[1m[1mCannot cache compiled function "_ldp" as it uses dynamic globals (such as ctypes pointers and large global arrays)[0m[0m[0m[0m[0m[0m
[36m(CPUDet4Actor pid=3315504)[0m   x, f, mode, it = slsqp_solve(kind, seeds[k], lb, ub, op, opr, lit, n_ops, params, v0, rho,
[36m(CPUDet4Actor pid=3315504)[0m /home/qaragoez/symclf_clean/symclf/examples/4DCartPolerV10/../DET4Fast4D_V10/slsqp_nb.py:993: NumbaWarning: [1m[1m[1m[1m[1mCannot cache compiled function "_lsi" as it uses dynamic globals (such as ctypes pointers and large global arrays)[0m[0m[0m[0m[0m
[36m(CPUDet4Actor pid=3315504)[0m   x, f, mode, it = slsqp_solve(kind, seeds[k], lb, ub, op, opr, lit, n_ops, params, v0, rho,
[36m(CPUDet4Actor pid=3315504)[0m /home/qaragoez/symclf_clean/symclf/examples/4DCartPolerV10/../DET4Fast4D_V10/slsqp_nb.py:993: NumbaWarning: [1m[1m[1m[1mCannot cache compiled function "_lsei" as it uses dynamic globals (such as ctypes pointers and large global arrays)[0m[0m[0m[0m
[36m(CPUDet4Actor pid=3315504)[0m   x, f, mode, it = slsqp_solve(kind, seeds[k], lb, ub, op, opr, lit, n_ops, params, v0, rho,
[36m(CPUDet4Actor pid=3315504)[0m /home/qaragoez/symclf_clean/symclf/examples/4DCartPolerV10/../DET4Fast4D_V10/slsqp_nb.py:993: NumbaWarning: [1m[1m[1mCannot cache compiled function "_lsq" as it uses dynamic globals (such as ctypes pointers and large global arrays)[0m[0m[0m
[36m(CPUDet4Actor pid=3315504)[0m   x, f, mode, it = slsqp_solve(kind, seeds[k], lb, ub, op, opr, lit, n_ops, params, v0, rho,
[36m(CPUDet4Actor pid=3315504)[0m /home/qaragoez/symclf_clean/symclf/examples/4DCartPolerV10/../DET4Fast4D_V10/slsqp_nb.py:993: NumbaWarning: [1m[1mCannot cache compiled function "slsqp_solve" as it uses dynamic globals (such as ctypes pointers and large global arrays)[0m[0m
[36m(CPUDet4Actor pid=3315504)[0m   x, f, mode, it = slsqp_solve(kind, seeds[k], lb, ub, op, opr, lit, n_ops, params, v0, rho,
[36m(CPUDet4Actor pid=3315505)[0m /home/qaragoez/symclf_clean/symclf/examples/4DCartPolerV10/../DET4Fast4D_V10/slsqp_nb.py:984: NumbaWarning: [1mCannot cache compiled function "slsqp_many" as it uses dynamic globals (such as ctypes pointers and large global arrays)[0m
[36m(CPUDet4Actor pid=3315505)[0m   @njit(cache=True, parallel=True)
[36m(CPUDet4Actor pid=3315500)[0m /home/qaragoez/symclf_clean/symclf/examples/4DCartPolerV10/../DET4Fast4D_V10/slsqp_nb.py:984: NumbaWarning: [1mCannot cache compiled function "slsqp_many" as it uses dynamic globals (such as ctypes pointers and large global arrays)[0m
[36m(CPUDet4Actor pid=3315500)[0m   @njit(cache=True, parallel=True)
[36m(CPUDet4Actor pid=3315508)[0m /home/qaragoez/symclf_clean/symclf/examples/4DCartPolerV10/../DET4Fast4D_V10/slsqp_nb.py:984: NumbaWarning: [1mCannot cache compiled function "slsqp_many" as it uses dynamic globals (such as ctypes pointers and large global arrays)[0m
[36m(CPUDet4Actor pid=3315508)[0m   @njit(cache=True, parallel=True)
[36m(CPUDet4Actor pid=3315503)[0m /home/qaragoez/symclf_clean/symclf/examples/4DCartPolerV10/../DET4Fast4D_V10/slsqp_nb.py:984: NumbaWarning: [1mCannot cache compiled function "slsqp_many" as it uses dynamic globals (such as ctypes pointers and large global arrays)[0m
[36m(CPUDet4Actor pid=3315503)[0m   @njit(cache=True, parallel=True)
[36m(CPUDet4Actor pid=3315506)[0m /home/qaragoez/symclf_clean/symclf/examples/4DCartPolerV10/../DET4Fast4D_V10/slsqp_nb.py:984: NumbaWarning: [1mCannot cache compiled function "slsqp_many" as it uses dynamic globals (such as ctypes pointers and large global arrays)[0m
[36m(CPUDet4Actor pid=3315506)[0m   @njit(cache=True, parallel=True)
[36m(CPUDet4Actor pid=3315497)[0m /home/qaragoez/symclf_clean/symclf/examples/4DCartPolerV10/../DET4Fast4D_V10/slsqp_nb.py:984: NumbaWarning: [1mCannot cache compiled function "slsqp_many" as it uses dynamic globals (such as ctypes pointers and large global arrays)[0m
[36m(CPUDet4Actor pid=3315497)[0m   @njit(cache=True, parallel=True)
[36m(CPUDet4Actor pid=3315499)[0m /home/qaragoez/symclf_clean/symclf/examples/4DCartPolerV10/../DET4Fast4D_V10/slsqp_nb.py:984: NumbaWarning: [1mCannot cache compiled function "slsqp_many" as it uses dynamic globals (such as ctypes pointers and large global arrays)[0m
[36m(CPUDet4Actor pid=3315499)[0m   @njit(cache=True, parallel=True)
[36m(CPUDet4Actor pid=3315502)[0m /home/qaragoez/symclf_clean/symclf/examples/4DCartPolerV10/../DET4Fast4D_V10/slsqp_nb.py:984: NumbaWarning: [1mCannot cache compiled function "slsqp_many" as it uses dynamic globals (such as ctypes pointers and large global arrays)[0m
[36m(CPUDet4Actor pid=3315502)[0m   @njit(cache=True, parallel=True)
[36m(CPUDet4Actor pid=3315498)[0m /home/qaragoez/symclf_clean/symclf/examples/4DCartPolerV10/../DET4Fast4D_V10/slsqp_nb.py:984: NumbaWarning: [1mCannot cache compiled function "slsqp_many" as it uses dynamic globals (such as ctypes pointers and large global arrays)[0m
[36m(CPUDet4Actor pid=3315498)[0m   @njit(cache=True, parallel=True)
[36m(CPUDet4Actor pid=3315511)[0m /home/qaragoez/symclf_clean/symclf/examples/4DCartPolerV10/../DET4Fast4D_V10/slsqp_nb.py:984: NumbaWarning: [1mCannot cache compiled function "slsqp_many" as it uses dynamic globals (such as ctypes pointers and large global arrays)[0m
[36m(CPUDet4Actor pid=3315511)[0m   @njit(cache=True, parallel=True)
[36m(CPUDet4Actor pid=3315501)[0m /home/qaragoez/symclf_clean/symclf/examples/4DCartPolerV10/../DET4Fast4D_V10/slsqp_nb.py:984: NumbaWarning: [1mCannot cache compiled function "slsqp_many" as it uses dynamic globals (such as ctypes pointers and large global arrays)[0m
[36m(CPUDet4Actor pid=3315501)[0m   @njit(cache=True, parallel=True)
[36m(CPUDet4Actor pid=3315514)[0m /home/qaragoez/symclf_clean/symclf/examples/4DCartPolerV10/../DET4Fast4D_V10/slsqp_nb.py:984: NumbaWarning: [1mCannot cache compiled function "slsqp_many" as it uses dynamic globals (such as ctypes pointers and large global arrays)[0m
[36m(CPUDet4Actor pid=3315514)[0m   @njit(cache=True, parallel=True)
[36m(CPUDet4Actor pid=3315510)[0m /home/qaragoez/symclf_clean/symclf/examples/4DCartPolerV10/../DET4Fast4D_V10/slsqp_nb.py:984: NumbaWarning: [1mCannot cache compiled function "slsqp_many" as it uses dynamic globals (such as ctypes pointers and large global arrays)[0m
[36m(CPUDet4Actor pid=3315510)[0m   @njit(cache=True, parallel=True)
[36m(CPUDet4Actor pid=3315495)[0m /home/qaragoez/symclf_clean/symclf/examples/4DCartPolerV10/../DET4Fast4D_V10/slsqp_nb.py:984: NumbaWarning: [1mCannot cache compiled function "slsqp_many" as it uses dynamic globals (such as ctypes pointers and large global arrays)[0m
[36m(CPUDet4Actor pid=3315495)[0m   @njit(cache=True, parallel=True)
[36m(CPUDet4Actor pid=3315516)[0m /home/qaragoez/symclf_clean/symclf/examples/4DCartPolerV10/../DET4Fast4D_V10/slsqp_nb.py:984: NumbaWarning: [1mCannot cache compiled function "slsqp_many" as it uses dynamic globals (such as ctypes pointers and large global arrays)[0m
[36m(CPUDet4Actor pid=3315516)[0m   @njit(cache=True, parallel=True)
[36m(CPUDet4Actor pid=3315517)[0m /home/qaragoez/symclf_clean/symclf/examples/4DCartPolerV10/../DET4Fast4D_V10/slsqp_nb.py:984: NumbaWarning: [1mCannot cache compiled function "slsqp_many" as it uses dynamic globals (such as ctypes pointers and large global arrays)[0m
[36m(CPUDet4Actor pid=3315517)[0m   @njit(cache=True, parallel=True)
[36m(CPUDet4Actor pid=3315509)[0m /home/qaragoez/symclf_clean/symclf/examples/4DCartPolerV10/../DET4Fast4D_V10/slsqp_nb.py:984: NumbaWarning: [1mCannot cache compiled function "slsqp_many" as it uses dynamic globals (such as ctypes pointers and large global arrays)[0m
[36m(CPUDet4Actor pid=3315509)[0m   @njit(cache=True, parallel=True)
[36m(CPUDet4Actor pid=3315504)[0m /home/qaragoez/symclf_clean/symclf/examples/4DCartPolerV10/../DET4Fast4D_V10/slsqp_nb.py:984: NumbaWarning: [1mCannot cache compiled function "slsqp_many" as it uses dynamic globals (such as ctypes pointers and large global arrays)[0m
[36m(CPUDet4Actor pid=3315504)[0m   @njit(cache=True, parallel=True)
[36m(GPUFitnessActor pid=3312250)[0m /home/qaragoez/symclf_clean/symclf/examples/4DCartPolerV10/../DET4Fast4D_V10/slsqp_nb.py:993: NumbaWarning: [1m[1m[1m[1m[1m[1m[1mCannot cache compiled function "_nnls" as it uses dynamic globals (such as ctypes pointers and large global arrays)[0m[0m[0m[0m[0m[0m[0m
[36m(GPUFitnessActor pid=3312250)[0m   x, f, mode, it = slsqp_solve(kind, seeds[k], lb, ub, op, opr, lit, n_ops, params, v0, rho,
[36m(GPUFitnessActor pid=3312250)[0m /home/qaragoez/symclf_clean/symclf/examples/4DCartPolerV10/../DET4Fast4D_V10/slsqp_nb.py:993: NumbaWarning: [1m[1m[1m[1m[1m[1mCannot cache compiled function "_ldp" as it uses dynamic globals (such as ctypes pointers and large global arrays)[0m[0m[0m[0m[0m[0m
[36m(GPUFitnessActor pid=3312250)[0m   x, f, mode, it = slsqp_solve(kind, seeds[k], lb, ub, op, opr, lit, n_ops, params, v0, rho,
[36m(GPUFitnessActor pid=3312250)[0m /home/qaragoez/symclf_clean/symclf/examples/4DCartPolerV10/../DET4Fast4D_V10/slsqp_nb.py:993: NumbaWarning: [1m[1m[1m[1m[1mCannot cache compiled function "_lsi" as it uses dynamic globals (such as ctypes pointers and large global arrays)[0m[0m[0m[0m[0m
[36m(GPUFitnessActor pid=3312250)[0m   x, f, mode, it = slsqp_solve(kind, seeds[k], lb, ub, op, opr, lit, n_ops, params, v0, rho,
[36m(GPUFitnessActor pid=3312250)[0m /home/qaragoez/symclf_clean/symclf/examples/4DCartPolerV10/../DET4Fast4D_V10/slsqp_nb.py:993: NumbaWarning: [1m[1m[1m[1mCannot cache compiled function "_lsei" as it uses dynamic globals (such as ctypes pointers and large global arrays)[0m[0m[0m[0m
[36m(GPUFitnessActor pid=3312250)[0m   x, f, mode, it = slsqp_solve(kind, seeds[k], lb, ub, op, opr, lit, n_ops, params, v0, rho,
[36m(GPUFitnessActor pid=3312250)[0m /home/qaragoez/symclf_clean/symclf/examples/4DCartPolerV10/../DET4Fast4D_V10/slsqp_nb.py:993: NumbaWarning: [1m[1m[1mCannot cache compiled function "_lsq" as it uses dynamic globals (such as ctypes pointers and large global arrays)[0m[0m[0m
[36m(GPUFitnessActor pid=3312250)[0m   x, f, mode, it = slsqp_solve(kind, seeds[k], lb, ub, op, opr, lit, n_ops, params, v0, rho,
[36m(GPUFitnessActor pid=3312250)[0m /home/qaragoez/symclf_clean/symclf/examples/4DCartPolerV10/../DET4Fast4D_V10/slsqp_nb.py:993: NumbaWarning: [1m[1mCannot cache compiled function "slsqp_solve" as it uses dynamic globals (such as ctypes pointers and large global arrays)[0m[0m
[36m(GPUFitnessActor pid=3312250)[0m   x, f, mode, it = slsqp_solve(kind, seeds[k], lb, ub, op, opr, lit, n_ops, params, v0, rho,
[36m(GPUFitnessActor pid=3312253)[0m /home/qaragoez/symclf_clean/symclf/examples/4DCartPolerV10/../DET4Fast4D_V10/slsqp_nb.py:993: NumbaWarning: [1m[1m[1m[1m[1m[1m[1mCannot cache compiled function "_nnls" as it uses dynamic globals (such as ctypes pointers and large global arrays)[0m[0m[0m[0m[0m[0m[0m
[36m(GPUFitnessActor pid=3312253)[0m   x, f, mode, it = slsqp_solve(kind, seeds[k], lb, ub, op, opr, lit, n_ops, params, v0, rho,
[36m(GPUFitnessActor pid=3312253)[0m /home/qaragoez/symclf_clean/symclf/examples/4DCartPolerV10/../DET4Fast4D_V10/slsqp_nb.py:993: NumbaWarning: [1m[1m[1m[1m[1m[1mCannot cache compiled function "_ldp" as it uses dynamic globals (such as ctypes pointers and large global arrays)[0m[0m[0m[0m[0m[0m
[36m(GPUFitnessActor pid=3312253)[0m   x, f, mode, it = slsqp_solve(kind, seeds[k], lb, ub, op, opr, lit, n_ops, params, v0, rho,
[36m(GPUFitnessActor pid=3312253)[0m /home/qaragoez/symclf_clean/symclf/examples/4DCartPolerV10/../DET4Fast4D_V10/slsqp_nb.py:993: NumbaWarning: [1m[1m[1m[1m[1mCannot cache compiled function "_lsi" as it uses dynamic globals (such as ctypes pointers and large global arrays)[0m[0m[0m[0m[0m
[36m(GPUFitnessActor pid=3312253)[0m   x, f, mode, it = slsqp_solve(kind, seeds[k], lb, ub, op, opr, lit, n_ops, params, v0, rho,
[36m(GPUFitnessActor pid=3312253)[0m /home/qaragoez/symclf_clean/symclf/examples/4DCartPolerV10/../DET4Fast4D_V10/slsqp_nb.py:993: NumbaWarning: [1m[1m[1m[1mCannot cache compiled function "_lsei" as it uses dynamic globals (such as ctypes pointers and large global arrays)[0m[0m[0m[0m
[36m(GPUFitnessActor pid=3312253)[0m   x, f, mode, it = slsqp_solve(kind, seeds[k], lb, ub, op, opr, lit, n_ops, params, v0, rho,
[36m(GPUFitnessActor pid=3312253)[0m /home/qaragoez/symclf_clean/symclf/examples/4DCartPolerV10/../DET4Fast4D_V10/slsqp_nb.py:993: NumbaWarning: [1m[1m[1mCannot cache compiled function "_lsq" as it uses dynamic globals (such as ctypes pointers and large global arrays)[0m[0m[0m
[36m(GPUFitnessActor pid=3312253)[0m   x, f, mode, it = slsqp_solve(kind, seeds[k], lb, ub, op, opr, lit, n_ops, params, v0, rho,
[36m(GPUFitnessActor pid=3312253)[0m /home/qaragoez/symclf_clean/symclf/examples/4DCartPolerV10/../DET4Fast4D_V10/slsqp_nb.py:993: NumbaWarning: [1m[1mCannot cache compiled function "slsqp_solve" as it uses dynamic globals (such as ctypes pointers and large global arrays)[0m[0m
[36m(GPUFitnessActor pid=3312253)[0m   x, f, mode, it = slsqp_solve(kind, seeds[k], lb, ub, op, opr, lit, n_ops, params, v0, rho,
[36m(GPUFitnessActor pid=3312246)[0m /home/qaragoez/symclf_clean/symclf/examples/4DCartPolerV10/../DET4Fast4D_V10/slsqp_nb.py:993: NumbaWarning: [1m[1m[1m[1m[1m[1m[1mCannot cache compiled function "_nnls" as it uses dynamic globals (such as ctypes pointers and large global arrays)[0m[0m[0m[0m[0m[0m[0m
[36m(GPUFitnessActor pid=3312246)[0m   x, f, mode, it = slsqp_solve(kind, seeds[k], lb, ub, op, opr, lit, n_ops, params, v0, rho,
[36m(GPUFitnessActor pid=3312246)[0m /home/qaragoez/symclf_clean/symclf/examples/4DCartPolerV10/../DET4Fast4D_V10/slsqp_nb.py:993: NumbaWarning: [1m[1m[1m[1m[1m[1mCannot cache compiled function "_ldp" as it uses dynamic globals (such as ctypes pointers and large global arrays)[0m[0m[0m[0m[0m[0m
[36m(GPUFitnessActor pid=3312246)[0m   x, f, mode, it = slsqp_solve(kind, seeds[k], lb, ub, op, opr, lit, n_ops, params, v0, rho,
[36m(GPUFitnessActor pid=3312246)[0m /home/qaragoez/symclf_clean/symclf/examples/4DCartPolerV10/../DET4Fast4D_V10/slsqp_nb.py:993: NumbaWarning: [1m[1m[1m[1m[1mCannot cache compiled function "_lsi" as it uses dynamic globals (such as ctypes pointers and large global arrays)[0m[0m[0m[0m[0m
[36m(GPUFitnessActor pid=3312246)[0m   x, f, mode, it = slsqp_solve(kind, seeds[k], lb, ub, op, opr, lit, n_ops, params, v0, rho,
[36m(GPUFitnessActor pid=3312246)[0m /home/qaragoez/symclf_clean/symclf/examples/4DCartPolerV10/../DET4Fast4D_V10/slsqp_nb.py:993: NumbaWarning: [1m[1m[1m[1mCannot cache compiled function "_lsei" as it uses dynamic globals (such as ctypes pointers and large global arrays)[0m[0m[0m[0m
[36m(GPUFitnessActor pid=3312246)[0m   x, f, mode, it = slsqp_solve(kind, seeds[k], lb, ub, op, opr, lit, n_ops, params, v0, rho,
[36m(GPUFitnessActor pid=3312246)[0m /home/qaragoez/symclf_clean/symclf/examples/4DCartPolerV10/../DET4Fast4D_V10/slsqp_nb.py:993: NumbaWarning: [1m[1m[1mCannot cache compiled function "_lsq" as it uses dynamic globals (such as ctypes pointers and large global arrays)[0m[0m[0m
[36m(GPUFitnessActor pid=3312246)[0m   x, f, mode, it = slsqp_solve(kind, seeds[k], lb, ub, op, opr, lit, n_ops, params, v0, rho,
[36m(GPUFitnessActor pid=3312246)[0m /home/qaragoez/symclf_clean/symclf/examples/4DCartPolerV10/../DET4Fast4D_V10/slsqp_nb.py:993: NumbaWarning: [1m[1mCannot cache compiled function "slsqp_solve" as it uses dynamic globals (such as ctypes pointers and large global arrays)[0m[0m
[36m(GPUFitnessActor pid=3312246)[0m   x, f, mode, it = slsqp_solve(kind, seeds[k], lb, ub, op, opr, lit, n_ops, params, v0, rho,
[36m(GPUFitnessActor pid=3312247)[0m /home/qaragoez/symclf_clean/symclf/examples/4DCartPolerV10/../DET4Fast4D_V10/slsqp_nb.py:993: NumbaWarning: [1m[1m[1m[1m[1m[1m[1mCannot cache compiled function "_nnls" as it uses dynamic globals (such as ctypes pointers and large global arrays)[0m[0m[0m[0m[0m[0m[0m
[36m(GPUFitnessActor pid=3312247)[0m   x, f, mode, it = slsqp_solve(kind, seeds[k], lb, ub, op, opr, lit, n_ops, params, v0, rho,
[36m(GPUFitnessActor pid=3312247)[0m /home/qaragoez/symclf_clean/symclf/examples/4DCartPolerV10/../DET4Fast4D_V10/slsqp_nb.py:993: NumbaWarning: [1m[1m[1m[1m[1m[1mCannot cache compiled function "_ldp" as it uses dynamic globals (such as ctypes pointers and large global arrays)[0m[0m[0m[0m[0m[0m
[36m(GPUFitnessActor pid=3312247)[0m   x, f, mode, it = slsqp_solve(kind, seeds[k], lb, ub, op, opr, lit, n_ops, params, v0, rho,
[36m(GPUFitnessActor pid=3312247)[0m /home/qaragoez/symclf_clean/symclf/examples/4DCartPolerV10/../DET4Fast4D_V10/slsqp_nb.py:993: NumbaWarning: [1m[1m[1m[1m[1mCannot cache compiled function "_lsi" as it uses dynamic globals (such as ctypes pointers and large global arrays)[0m[0m[0m[0m[0m
[36m(GPUFitnessActor pid=3312247)[0m   x, f, mode, it = slsqp_solve(kind, seeds[k], lb, ub, op, opr, lit, n_ops, params, v0, rho,
[36m(GPUFitnessActor pid=3312247)[0m /home/qaragoez/symclf_clean/symclf/examples/4DCartPolerV10/../DET4Fast4D_V10/slsqp_nb.py:993: NumbaWarning: [1m[1m[1m[1mCannot cache compiled function "_lsei" as it uses dynamic globals (such as ctypes pointers and large global arrays)[0m[0m[0m[0m
[36m(GPUFitnessActor pid=3312247)[0m   x, f, mode, it = slsqp_solve(kind, seeds[k], lb, ub, op, opr, lit, n_ops, params, v0, rho,
[36m(GPUFitnessActor pid=3312247)[0m /home/qaragoez/symclf_clean/symclf/examples/4DCartPolerV10/../DET4Fast4D_V10/slsqp_nb.py:993: NumbaWarning: [1m[1m[1mCannot cache compiled function "_lsq" as it uses dynamic globals (such as ctypes pointers and large global arrays)[0m[0m[0m
[36m(GPUFitnessActor pid=3312247)[0m   x, f, mode, it = slsqp_solve(kind, seeds[k], lb, ub, op, opr, lit, n_ops, params, v0, rho,
[36m(GPUFitnessActor pid=3312247)[0m /home/qaragoez/symclf_clean/symclf/examples/4DCartPolerV10/../DET4Fast4D_V10/slsqp_nb.py:993: NumbaWarning: [1m[1mCannot cache compiled function "slsqp_solve" as it uses dynamic globals (such as ctypes pointers and large global arrays)[0m[0m
[36m(GPUFitnessActor pid=3312247)[0m   x, f, mode, it = slsqp_solve(kind, seeds[k], lb, ub, op, opr, lit, n_ops, params, v0, rho,
[36m(GPUFitnessActor pid=3312251)[0m /home/qaragoez/symclf_clean/symclf/examples/4DCartPolerV10/../DET4Fast4D_V10/slsqp_nb.py:993: NumbaWarning: [1m[1m[1m[1m[1m[1m[1mCannot cache compiled function "_nnls" as it uses dynamic globals (such as ctypes pointers and large global arrays)[0m[0m[0m[0m[0m[0m[0m
[36m(GPUFitnessActor pid=3312251)[0m   x, f, mode, it = slsqp_solve(kind, seeds[k], lb, ub, op, opr, lit, n_ops, params, v0, rho,
[36m(GPUFitnessActor pid=3312251)[0m /home/qaragoez/symclf_clean/symclf/examples/4DCartPolerV10/../DET4Fast4D_V10/slsqp_nb.py:993: NumbaWarning: [1m[1m[1m[1m[1m[1mCannot cache compiled function "_ldp" as it uses dynamic globals (such as ctypes pointers and large global arrays)[0m[0m[0m[0m[0m[0m
[36m(GPUFitnessActor pid=3312251)[0m   x, f, mode, it = slsqp_solve(kind, seeds[k], lb, ub, op, opr, lit, n_ops, params, v0, rho,
[36m(GPUFitnessActor pid=3312251)[0m /home/qaragoez/symclf_clean/symclf/examples/4DCartPolerV10/../DET4Fast4D_V10/slsqp_nb.py:993: NumbaWarning: [1m[1m[1m[1m[1mCannot cache compiled function "_lsi" as it uses dynamic globals (such as ctypes pointers and large global arrays)[0m[0m[0m[0m[0m
[36m(GPUFitnessActor pid=3312251)[0m   x, f, mode, it = slsqp_solve(kind, seeds[k], lb, ub, op, opr, lit, n_ops, params, v0, rho,
[36m(GPUFitnessActor pid=3312251)[0m /home/qaragoez/symclf_clean/symclf/examples/4DCartPolerV10/../DET4Fast4D_V10/slsqp_nb.py:993: NumbaWarning: [1m[1m[1m[1mCannot cache compiled function "_lsei" as it uses dynamic globals (such as ctypes pointers and large global arrays)[0m[0m[0m[0m
[36m(GPUFitnessActor pid=3312251)[0m   x, f, mode, it = slsqp_solve(kind, seeds[k], lb, ub, op, opr, lit, n_ops, params, v0, rho,
[36m(GPUFitnessActor pid=3312251)[0m /home/qaragoez/symclf_clean/symclf/examples/4DCartPolerV10/../DET4Fast4D_V10/slsqp_nb.py:993: NumbaWarning: [1m[1m[1mCannot cache compiled function "_lsq" as it uses dynamic globals (such as ctypes pointers and large global arrays)[0m[0m[0m
[36m(GPUFitnessActor pid=3312251)[0m   x, f, mode, it = slsqp_solve(kind, seeds[k], lb, ub, op, opr, lit, n_ops, params, v0, rho,
[36m(GPUFitnessActor pid=3312251)[0m /home/qaragoez/symclf_clean/symclf/examples/4DCartPolerV10/../DET4Fast4D_V10/slsqp_nb.py:993: NumbaWarning: [1m[1mCannot cache compiled function "slsqp_solve" as it uses dynamic globals (such as ctypes pointers and large global arrays)[0m[0m
[36m(GPUFitnessActor pid=3312251)[0m   x, f, mode, it = slsqp_solve(kind, seeds[k], lb, ub, op, opr, lit, n_ops, params, v0, rho,
[36m(GPUFitnessActor pid=3312249)[0m /home/qaragoez/symclf_clean/symclf/examples/4DCartPolerV10/../DET4Fast4D_V10/slsqp_nb.py:993: NumbaWarning: [1m[1m[1m[1m[1m[1m[1mCannot cache compiled function "_nnls" as it uses dynamic globals (such as ctypes pointers and large global arrays)[0m[0m[0m[0m[0m[0m[0m
[36m(GPUFitnessActor pid=3312249)[0m   x, f, mode, it = slsqp_solve(kind, seeds[k], lb, ub, op, opr, lit, n_ops, params, v0, rho,
[36m(GPUFitnessActor pid=3312249)[0m /home/qaragoez/symclf_clean/symclf/examples/4DCartPolerV10/../DET4Fast4D_V10/slsqp_nb.py:993: NumbaWarning: [1m[1m[1m[1m[1m[1mCannot cache compiled function "_ldp" as it uses dynamic globals (such as ctypes pointers and large global arrays)[0m[0m[0m[0m[0m[0m
[36m(GPUFitnessActor pid=3312249)[0m   x, f, mode, it = slsqp_solve(kind, seeds[k], lb, ub, op, opr, lit, n_ops, params, v0, rho,
[36m(GPUFitnessActor pid=3312249)[0m /home/qaragoez/symclf_clean/symclf/examples/4DCartPolerV10/../DET4Fast4D_V10/slsqp_nb.py:993: NumbaWarning: [1m[1m[1m[1m[1mCannot cache compiled function "_lsi" as it uses dynamic globals (such as ctypes pointers and large global arrays)[0m[0m[0m[0m[0m
[36m(GPUFitnessActor pid=3312249)[0m   x, f, mode, it = slsqp_solve(kind, seeds[k], lb, ub, op, opr, lit, n_ops, params, v0, rho,
[36m(GPUFitnessActor pid=3312249)[0m /home/qaragoez/symclf_clean/symclf/examples/4DCartPolerV10/../DET4Fast4D_V10/slsqp_nb.py:993: NumbaWarning: [1m[1m[1m[1mCannot cache compiled function "_lsei" as it uses dynamic globals (such as ctypes pointers and large global arrays)[0m[0m[0m[0m
[36m(GPUFitnessActor pid=3312249)[0m   x, f, mode, it = slsqp_solve(kind, seeds[k], lb, ub, op, opr, lit, n_ops, params, v0, rho,
[36m(GPUFitnessActor pid=3312249)[0m /home/qaragoez/symclf_clean/symclf/examples/4DCartPolerV10/../DET4Fast4D_V10/slsqp_nb.py:993: NumbaWarning: [1m[1m[1mCannot cache compiled function "_lsq" as it uses dynamic globals (such as ctypes pointers and large global arrays)[0m[0m[0m
[36m(GPUFitnessActor pid=3312249)[0m   x, f, mode, it = slsqp_solve(kind, seeds[k], lb, ub, op, opr, lit, n_ops, params, v0, rho,
[36m(GPUFitnessActor pid=3312249)[0m /home/qaragoez/symclf_clean/symclf/examples/4DCartPolerV10/../DET4Fast4D_V10/slsqp_nb.py:993: NumbaWarning: [1m[1mCannot cache compiled function "slsqp_solve" as it uses dynamic globals (such as ctypes pointers and large global arrays)[0m[0m
[36m(GPUFitnessActor pid=3312249)[0m   x, f, mode, it = slsqp_solve(kind, seeds[k], lb, ub, op, opr, lit, n_ops, params, v0, rho,
[36m(GPUFitnessActor pid=3312248)[0m /home/qaragoez/symclf_clean/symclf/examples/4DCartPolerV10/../DET4Fast4D_V10/slsqp_nb.py:993: NumbaWarning: [1m[1m[1m[1m[1m[1m[1mCannot cache compiled function "_nnls" as it uses dynamic globals (such as ctypes pointers and large global arrays)[0m[0m[0m[0m[0m[0m[0m
[36m(GPUFitnessActor pid=3312248)[0m   x, f, mode, it = slsqp_solve(kind, seeds[k], lb, ub, op, opr, lit, n_ops, params, v0, rho,
[36m(GPUFitnessActor pid=3312248)[0m /home/qaragoez/symclf_clean/symclf/examples/4DCartPolerV10/../DET4Fast4D_V10/slsqp_nb.py:993: NumbaWarning: [1m[1m[1m[1m[1m[1mCannot cache compiled function "_ldp" as it uses dynamic globals (such as ctypes pointers and large global arrays)[0m[0m[0m[0m[0m[0m
[36m(GPUFitnessActor pid=3312248)[0m   x, f, mode, it = slsqp_solve(kind, seeds[k], lb, ub, op, opr, lit, n_ops, params, v0, rho,
[36m(GPUFitnessActor pid=3312248)[0m /home/qaragoez/symclf_clean/symclf/examples/4DCartPolerV10/../DET4Fast4D_V10/slsqp_nb.py:993: NumbaWarning: [1m[1m[1m[1m[1mCannot cache compiled function "_lsi" as it uses dynamic globals (such as ctypes pointers and large global arrays)[0m[0m[0m[0m[0m
[36m(GPUFitnessActor pid=3312248)[0m   x, f, mode, it = slsqp_solve(kind, seeds[k], lb, ub, op, opr, lit, n_ops, params, v0, rho,
[36m(GPUFitnessActor pid=3312248)[0m /home/qaragoez/symclf_clean/symclf/examples/4DCartPolerV10/../DET4Fast4D_V10/slsqp_nb.py:993: NumbaWarning: [1m[1m[1m[1mCannot cache compiled function "_lsei" as it uses dynamic globals (such as ctypes pointers and large global arrays)[0m[0m[0m[0m
[36m(GPUFitnessActor pid=3312248)[0m   x, f, mode, it = slsqp_solve(kind, seeds[k], lb, ub, op, opr, lit, n_ops, params, v0, rho,
[36m(GPUFitnessActor pid=3312248)[0m /home/qaragoez/symclf_clean/symclf/examples/4DCartPolerV10/../DET4Fast4D_V10/slsqp_nb.py:993: NumbaWarning: [1m[1m[1mCannot cache compiled function "_lsq" as it uses dynamic globals (such as ctypes pointers and large global arrays)[0m[0m[0m
[36m(GPUFitnessActor pid=3312248)[0m   x, f, mode, it = slsqp_solve(kind, seeds[k], lb, ub, op, opr, lit, n_ops, params, v0, rho,
[36m(GPUFitnessActor pid=3312248)[0m /home/qaragoez/symclf_clean/symclf/examples/4DCartPolerV10/../DET4Fast4D_V10/slsqp_nb.py:993: NumbaWarning: [1m[1mCannot cache compiled function "slsqp_solve" as it uses dynamic globals (such as ctypes pointers and large global arrays)[0m[0m
[36m(GPUFitnessActor pid=3312248)[0m   x, f, mode, it = slsqp_solve(kind, seeds[k], lb, ub, op, opr, lit, n_ops, params, v0, rho,
[36m(GPUFitnessActor pid=3312250)[0m /home/qaragoez/symclf_clean/symclf/examples/4DCartPolerV10/../DET4Fast4D_V10/slsqp_nb.py:984: NumbaWarning: [1mCannot cache compiled function "slsqp_many" as it uses dynamic globals (such as ctypes pointers and large global arrays)[0m
[36m(GPUFitnessActor pid=3312250)[0m   @njit(cache=True, parallel=True)
[36m(GPUFitnessActor pid=3312253)[0m /home/qaragoez/symclf_clean/symclf/examples/4DCartPolerV10/../DET4Fast4D_V10/slsqp_nb.py:984: NumbaWarning: [1mCannot cache compiled function "slsqp_many" as it uses dynamic globals (such as ctypes pointers and large global arrays)[0m
[36m(GPUFitnessActor pid=3312253)[0m   @njit(cache=True, parallel=True)
[36m(GPUFitnessActor pid=3312246)[0m /home/qaragoez/symclf_clean/symclf/examples/4DCartPolerV10/../DET4Fast4D_V10/slsqp_nb.py:984: NumbaWarning: [1mCannot cache compiled function "slsqp_many" as it uses dynamic globals (such as ctypes pointers and large global arrays)[0m
[36m(GPUFitnessActor pid=3312246)[0m   @njit(cache=True, parallel=True)
[36m(GPUFitnessActor pid=3312247)[0m /home/qaragoez/symclf_clean/symclf/examples/4DCartPolerV10/../DET4Fast4D_V10/slsqp_nb.py:984: NumbaWarning: [1mCannot cache compiled function "slsqp_many" as it uses dynamic globals (such as ctypes pointers and large global arrays)[0m
[36m(GPUFitnessActor pid=3312247)[0m   @njit(cache=True, parallel=True)
[36m(GPUFitnessActor pid=3312251)[0m /home/qaragoez/symclf_clean/symclf/examples/4DCartPolerV10/../DET4Fast4D_V10/slsqp_nb.py:984: NumbaWarning: [1mCannot cache compiled function "slsqp_many" as it uses dynamic globals (such as ctypes pointers and large global arrays)[0m
[36m(GPUFitnessActor pid=3312251)[0m   @njit(cache=True, parallel=True)
[36m(GPUFitnessActor pid=3312249)[0m /home/qaragoez/symclf_clean/symclf/examples/4DCartPolerV10/../DET4Fast4D_V10/slsqp_nb.py:984: NumbaWarning: [1mCannot cache compiled function "slsqp_many" as it uses dynamic globals (such as ctypes pointers and large global arrays)[0m
[36m(GPUFitnessActor pid=3312249)[0m   @njit(cache=True, parallel=True)
[36m(GPUFitnessActor pid=3312248)[0m /home/qaragoez/symclf_clean/symclf/examples/4DCartPolerV10/../DET4Fast4D_V10/slsqp_nb.py:984: NumbaWarning: [1mCannot cache compiled function "slsqp_many" as it uses dynamic globals (such as ctypes pointers and large global arrays)[0m
[36m(GPUFitnessActor pid=3312248)[0m   @njit(cache=True, parallel=True)
[36m(GPUFitnessActor pid=3568083, ip=10.10.2.2)[0m /home/qaragoez/symclf_clean/symclf/examples/4DCartPolerV10/../DET4Fast4D_V10/slsqp_nb.py:993: NumbaWarning: [1m[1m[1m[1m[1m[1m[1mCannot cache compiled function "_nnls" as it uses dynamic globals (such as ctypes pointers and large global arrays)[0m[0m[0m[0m[0m[0m[0m
[36m(GPUFitnessActor pid=3568083, ip=10.10.2.2)[0m   x, f, mode, it = slsqp_solve(kind, seeds[k], lb, ub, op, opr, lit, n_ops, params, v0, rho,
[36m(GPUFitnessActor pid=3568083, ip=10.10.2.2)[0m /home/qaragoez/symclf_clean/symclf/examples/4DCartPolerV10/../DET4Fast4D_V10/slsqp_nb.py:993: NumbaWarning: [1m[1m[1m[1m[1m[1mCannot cache compiled function "_ldp" as it uses dynamic globals (such as ctypes pointers and large global arrays)[0m[0m[0m[0m[0m[0m
[36m(GPUFitnessActor pid=3568083, ip=10.10.2.2)[0m   x, f, mode, it = slsqp_solve(kind, seeds[k], lb, ub, op, opr, lit, n_ops, params, v0, rho,
[36m(GPUFitnessActor pid=3568083, ip=10.10.2.2)[0m /home/qaragoez/symclf_clean/symclf/examples/4DCartPolerV10/../DET4Fast4D_V10/slsqp_nb.py:993: NumbaWarning: [1m[1m[1m[1m[1mCannot cache compiled function "_lsi" as it uses dynamic globals (such as ctypes pointers and large global arrays)[0m[0m[0m[0m[0m
[36m(GPUFitnessActor pid=3568083, ip=10.10.2.2)[0m   x, f, mode, it = slsqp_solve(kind, seeds[k], lb, ub, op, opr, lit, n_ops, params, v0, rho,
[36m(GPUFitnessActor pid=3568083, ip=10.10.2.2)[0m /home/qaragoez/symclf_clean/symclf/examples/4DCartPolerV10/../DET4Fast4D_V10/slsqp_nb.py:993: NumbaWarning: [1m[1m[1m[1mCannot cache compiled function "_lsei" as it uses dynamic globals (such as ctypes pointers and large global arrays)[0m[0m[0m[0m
[36m(GPUFitnessActor pid=3568083, ip=10.10.2.2)[0m   x, f, mode, it = slsqp_solve(kind, seeds[k], lb, ub, op, opr, lit, n_ops, params, v0, rho,
[36m(GPUFitnessActor pid=3568083, ip=10.10.2.2)[0m /home/qaragoez/symclf_clean/symclf/examples/4DCartPolerV10/../DET4Fast4D_V10/slsqp_nb.py:993: NumbaWarning: [1m[1m[1mCannot cache compiled function "_lsq" as it uses dynamic globals (such as ctypes pointers and large global arrays)[0m[0m[0m
[36m(GPUFitnessActor pid=3568083, ip=10.10.2.2)[0m   x, f, mode, it = slsqp_solve(kind, seeds[k], lb, ub, op, opr, lit, n_ops, params, v0, rho,
[36m(GPUFitnessActor pid=3568083, ip=10.10.2.2)[0m /home/qaragoez/symclf_clean/symclf/examples/4DCartPolerV10/../DET4Fast4D_V10/slsqp_nb.py:993: NumbaWarning: [1m[1mCannot cache compiled function "slsqp_solve" as it uses dynamic globals (such as ctypes pointers and large global arrays)[0m[0m
[36m(GPUFitnessActor pid=3568083, ip=10.10.2.2)[0m   x, f, mode, it = slsqp_solve(kind, seeds[k], lb, ub, op, opr, lit, n_ops, params, v0, rho,
[36m(GPUFitnessActor pid=3568084, ip=10.10.2.2)[0m /home/qaragoez/symclf_clean/symclf/examples/4DCartPolerV10/../DET4Fast4D_V10/slsqp_nb.py:993: NumbaWarning: [1m[1m[1m[1m[1m[1m[1mCannot cache compiled function "_nnls" as it uses dynamic globals (such as ctypes pointers and large global arrays)[0m[0m[0m[0m[0m[0m[0m
[36m(GPUFitnessActor pid=3568084, ip=10.10.2.2)[0m   x, f, mode, it = slsqp_solve(kind, seeds[k], lb, ub, op, opr, lit, n_ops, params, v0, rho,
[36m(GPUFitnessActor pid=3568084, ip=10.10.2.2)[0m /home/qaragoez/symclf_clean/symclf/examples/4DCartPolerV10/../DET4Fast4D_V10/slsqp_nb.py:993: NumbaWarning: [1m[1m[1m[1m[1m[1mCannot cache compiled function "_ldp" as it uses dynamic globals (such as ctypes pointers and large global arrays)[0m[0m[0m[0m[0m[0m
[36m(GPUFitnessActor pid=3568084, ip=10.10.2.2)[0m   x, f, mode, it = slsqp_solve(kind, seeds[k], lb, ub, op, opr, lit, n_ops, params, v0, rho,
[36m(GPUFitnessActor pid=3568084, ip=10.10.2.2)[0m /home/qaragoez/symclf_clean/symclf/examples/4DCartPolerV10/../DET4Fast4D_V10/slsqp_nb.py:993: NumbaWarning: [1m[1m[1m[1m[1mCannot cache compiled function "_lsi" as it uses dynamic globals (such as ctypes pointers and large global arrays)[0m[0m[0m[0m[0m
[36m(GPUFitnessActor pid=3568084, ip=10.10.2.2)[0m   x, f, mode, it = slsqp_solve(kind, seeds[k], lb, ub, op, opr, lit, n_ops, params, v0, rho,
[36m(GPUFitnessActor pid=3568084, ip=10.10.2.2)[0m /home/qaragoez/symclf_clean/symclf/examples/4DCartPolerV10/../DET4Fast4D_V10/slsqp_nb.py:993: NumbaWarning: [1m[1m[1m[1mCannot cache compiled function "_lsei" as it uses dynamic globals (such as ctypes pointers and large global arrays)[0m[0m[0m[0m
[36m(GPUFitnessActor pid=3568084, ip=10.10.2.2)[0m   x, f, mode, it = slsqp_solve(kind, seeds[k], lb, ub, op, opr, lit, n_ops, params, v0, rho,
[36m(GPUFitnessActor pid=3568084, ip=10.10.2.2)[0m /home/qaragoez/symclf_clean/symclf/examples/4DCartPolerV10/../DET4Fast4D_V10/slsqp_nb.py:993: NumbaWarning: [1m[1m[1mCannot cache compiled function "_lsq" as it uses dynamic globals (such as ctypes pointers and large global arrays)[0m[0m[0m
[36m(GPUFitnessActor pid=3568084, ip=10.10.2.2)[0m   x, f, mode, it = slsqp_solve(kind, seeds[k], lb, ub, op, opr, lit, n_ops, params, v0, rho,
[36m(GPUFitnessActor pid=3568084, ip=10.10.2.2)[0m /home/qaragoez/symclf_clean/symclf/examples/4DCartPolerV10/../DET4Fast4D_V10/slsqp_nb.py:993: NumbaWarning: [1m[1mCannot cache compiled function "slsqp_solve" as it uses dynamic globals (such as ctypes pointers and large global arrays)[0m[0m
[36m(GPUFitnessActor pid=3568084, ip=10.10.2.2)[0m   x, f, mode, it = slsqp_solve(kind, seeds[k], lb, ub, op, opr, lit, n_ops, params, v0, rho,
[36m(GPUFitnessActor pid=3568085, ip=10.10.2.2)[0m /home/qaragoez/symclf_clean/symclf/examples/4DCartPolerV10/../DET4Fast4D_V10/slsqp_nb.py:993: NumbaWarning: [1m[1m[1m[1m[1m[1m[1mCannot cache compiled function "_nnls" as it uses dynamic globals (such as ctypes pointers and large global arrays)[0m[0m[0m[0m[0m[0m[0m
[36m(GPUFitnessActor pid=3568085, ip=10.10.2.2)[0m   x, f, mode, it = slsqp_solve(kind, seeds[k], lb, ub, op, opr, lit, n_ops, params, v0, rho,
[36m(GPUFitnessActor pid=3568085, ip=10.10.2.2)[0m /home/qaragoez/symclf_clean/symclf/examples/4DCartPolerV10/../DET4Fast4D_V10/slsqp_nb.py:993: NumbaWarning: [1m[1m[1m[1m[1m[1mCannot cache compiled function "_ldp" as it uses dynamic globals (such as ctypes pointers and large global arrays)[0m[0m[0m[0m[0m[0m
[36m(GPUFitnessActor pid=3568085, ip=10.10.2.2)[0m   x, f, mode, it = slsqp_solve(kind, seeds[k], lb, ub, op, opr, lit, n_ops, params, v0, rho,
[36m(GPUFitnessActor pid=3568085, ip=10.10.2.2)[0m /home/qaragoez/symclf_clean/symclf/examples/4DCartPolerV10/../DET4Fast4D_V10/slsqp_nb.py:993: NumbaWarning: [1m[1m[1m[1m[1mCannot cache compiled function "_lsi" as it uses dynamic globals (such as ctypes pointers and large global arrays)[0m[0m[0m[0m[0m
[36m(GPUFitnessActor pid=3568085, ip=10.10.2.2)[0m   x, f, mode, it = slsqp_solve(kind, seeds[k], lb, ub, op, opr, lit, n_ops, params, v0, rho,
[36m(GPUFitnessActor pid=3568085, ip=10.10.2.2)[0m /home/qaragoez/symclf_clean/symclf/examples/4DCartPolerV10/../DET4Fast4D_V10/slsqp_nb.py:993: NumbaWarning: [1m[1m[1m[1mCannot cache compiled function "_lsei" as it uses dynamic globals (such as ctypes pointers and large global arrays)[0m[0m[0m[0m
[36m(GPUFitnessActor pid=3568085, ip=10.10.2.2)[0m   x, f, mode, it = slsqp_solve(kind, seeds[k], lb, ub, op, opr, lit, n_ops, params, v0, rho,
[36m(GPUFitnessActor pid=3568085, ip=10.10.2.2)[0m /home/qaragoez/symclf_clean/symclf/examples/4DCartPolerV10/../DET4Fast4D_V10/slsqp_nb.py:993: NumbaWarning: [1m[1m[1mCannot cache compiled function "_lsq" as it uses dynamic globals (such as ctypes pointers and large global arrays)[0m[0m[0m
[36m(GPUFitnessActor pid=3568085, ip=10.10.2.2)[0m   x, f, mode, it = slsqp_solve(kind, seeds[k], lb, ub, op, opr, lit, n_ops, params, v0, rho,
[36m(GPUFitnessActor pid=3568085, ip=10.10.2.2)[0m /home/qaragoez/symclf_clean/symclf/examples/4DCartPolerV10/../DET4Fast4D_V10/slsqp_nb.py:993: NumbaWarning: [1m[1mCannot cache compiled function "slsqp_solve" as it uses dynamic globals (such as ctypes pointers and large global arrays)[0m[0m
[36m(GPUFitnessActor pid=3568085, ip=10.10.2.2)[0m   x, f, mode, it = slsqp_solve(kind, seeds[k], lb, ub, op, opr, lit, n_ops, params, v0, rho,
[36m(GPUFitnessActor pid=3568083, ip=10.10.2.2)[0m /home/qaragoez/symclf_clean/symclf/examples/4DCartPolerV10/../DET4Fast4D_V10/slsqp_nb.py:984: NumbaWarning: [1mCannot cache compiled function "slsqp_many" as it uses dynamic globals (such as ctypes pointers and large global arrays)[0m
[36m(GPUFitnessActor pid=3568083, ip=10.10.2.2)[0m   @njit(cache=True, parallel=True)
[36m(GPUFitnessActor pid=3568084, ip=10.10.2.2)[0m /home/qaragoez/symclf_clean/symclf/examples/4DCartPolerV10/../DET4Fast4D_V10/slsqp_nb.py:984: NumbaWarning: [1mCannot cache compiled function "slsqp_many" as it uses dynamic globals (such as ctypes pointers and large global arrays)[0m
[36m(GPUFitnessActor pid=3568084, ip=10.10.2.2)[0m   @njit(cache=True, parallel=True)
[36m(GPUFitnessActor pid=3312252)[0m /home/qaragoez/symclf_clean/symclf/examples/4DCartPolerV10/../DET4Fast4D_V10/slsqp_nb.py:993: NumbaWarning: [1m[1m[1m[1m[1m[1m[1mCannot cache compiled function "_nnls" as it uses dynamic globals (such as ctypes pointers and large global arrays)[0m[0m[0m[0m[0m[0m[0m
[36m(GPUFitnessActor pid=3312252)[0m   x, f, mode, it = slsqp_solve(kind, seeds[k], lb, ub, op, opr, lit, n_ops, params, v0, rho,
[36m(GPUFitnessActor pid=3312252)[0m /home/qaragoez/symclf_clean/symclf/examples/4DCartPolerV10/../DET4Fast4D_V10/slsqp_nb.py:993: NumbaWarning: [1m[1m[1m[1m[1m[1mCannot cache compiled function "_ldp" as it uses dynamic globals (such as ctypes pointers and large global arrays)[0m[0m[0m[0m[0m[0m
[36m(GPUFitnessActor pid=3312252)[0m   x, f, mode, it = slsqp_solve(kind, seeds[k], lb, ub, op, opr, lit, n_ops, params, v0, rho,
[36m(GPUFitnessActor pid=3312252)[0m /home/qaragoez/symclf_clean/symclf/examples/4DCartPolerV10/../DET4Fast4D_V10/slsqp_nb.py:993: NumbaWarning: [1m[1m[1m[1m[1mCannot cache compiled function "_lsi" as it uses dynamic globals (such as ctypes pointers and large global arrays)[0m[0m[0m[0m[0m
[36m(GPUFitnessActor pid=3312252)[0m   x, f, mode, it = slsqp_solve(kind, seeds[k], lb, ub, op, opr, lit, n_ops, params, v0, rho,
[36m(GPUFitnessActor pid=3312252)[0m /home/qaragoez/symclf_clean/symclf/examples/4DCartPolerV10/../DET4Fast4D_V10/slsqp_nb.py:993: NumbaWarning: [1m[1m[1m[1mCannot cache compiled function "_lsei" as it uses dynamic globals (such as ctypes pointers and large global arrays)[0m[0m[0m[0m
[36m(GPUFitnessActor pid=3312252)[0m   x, f, mode, it = slsqp_solve(kind, seeds[k], lb, ub, op, opr, lit, n_ops, params, v0, rho,
[36m(GPUFitnessActor pid=3312252)[0m /home/qaragoez/symclf_clean/symclf/examples/4DCartPolerV10/../DET4Fast4D_V10/slsqp_nb.py:993: NumbaWarning: [1m[1m[1mCannot cache compiled function "_lsq" as it uses dynamic globals (such as ctypes pointers and large global arrays)[0m[0m[0m
[36m(GPUFitnessActor pid=3312252)[0m   x, f, mode, it = slsqp_solve(kind, seeds[k], lb, ub, op, opr, lit, n_ops, params, v0, rho,
[36m(GPUFitnessActor pid=3312252)[0m /home/qaragoez/symclf_clean/symclf/examples/4DCartPolerV10/../DET4Fast4D_V10/slsqp_nb.py:993: NumbaWarning: [1m[1mCannot cache compiled function "slsqp_solve" as it uses dynamic globals (such as ctypes pointers and large global arrays)[0m[0m
[36m(GPUFitnessActor pid=3312252)[0m   x, f, mode, it = slsqp_solve(kind, seeds[k], lb, ub, op, opr, lit, n_ops, params, v0, rho,
[36m(GPUFitnessActor pid=3568085, ip=10.10.2.2)[0m /home/qaragoez/symclf_clean/symclf/examples/4DCartPolerV10/../DET4Fast4D_V10/slsqp_nb.py:984: NumbaWarning: [1mCannot cache compiled function "slsqp_many" as it uses dynamic globals (such as ctypes pointers and large global arrays)[0m
[36m(GPUFitnessActor pid=3568085, ip=10.10.2.2)[0m   @njit(cache=True, parallel=True)
[36m(GPUFitnessActor pid=3312252)[0m /home/qaragoez/symclf_clean/symclf/examples/4DCartPolerV10/../DET4Fast4D_V10/slsqp_nb.py:984: NumbaWarning: [1mCannot cache compiled function "slsqp_many" as it uses dynamic globals (such as ctypes pointers and large global arrays)[0m
[36m(GPUFitnessActor pid=3312252)[0m   @njit(cache=True, parallel=True)
[36m(GPUFitnessActor pid=3568087, ip=10.10.2.2)[0m /home/qaragoez/symclf_clean/symclf/examples/4DCartPolerV10/../DET4Fast4D_V10/slsqp_nb.py:993: NumbaWarning: [1m[1m[1m[1m[1m[1m[1mCannot cache compiled function "_nnls" as it uses dynamic globals (such as ctypes pointers and large global arrays)[0m[0m[0m[0m[0m[0m[0m
[36m(GPUFitnessActor pid=3568087, ip=10.10.2.2)[0m   x, f, mode, it = slsqp_solve(kind, seeds[k], lb, ub, op, opr, lit, n_ops, params, v0, rho,
[36m(GPUFitnessActor pid=3568087, ip=10.10.2.2)[0m /home/qaragoez/symclf_clean/symclf/examples/4DCartPolerV10/../DET4Fast4D_V10/slsqp_nb.py:993: NumbaWarning: [1m[1m[1m[1m[1m[1mCannot cache compiled function "_ldp" as it uses dynamic globals (such as ctypes pointers and large global arrays)[0m[0m[0m[0m[0m[0m
[36m(GPUFitnessActor pid=3568087, ip=10.10.2.2)[0m   x, f, mode, it = slsqp_solve(kind, seeds[k], lb, ub, op, opr, lit, n_ops, params, v0, rho,
[36m(GPUFitnessActor pid=3568087, ip=10.10.2.2)[0m /home/qaragoez/symclf_clean/symclf/examples/4DCartPolerV10/../DET4Fast4D_V10/slsqp_nb.py:993: NumbaWarning: [1m[1m[1m[1m[1mCannot cache compiled function "_lsi" as it uses dynamic globals (such as ctypes pointers and large global arrays)[0m[0m[0m[0m[0m
[36m(GPUFitnessActor pid=3568087, ip=10.10.2.2)[0m   x, f, mode, it = slsqp_solve(kind, seeds[k], lb, ub, op, opr, lit, n_ops, params, v0, rho,
[36m(GPUFitnessActor pid=3568087, ip=10.10.2.2)[0m /home/qaragoez/symclf_clean/symclf/examples/4DCartPolerV10/../DET4Fast4D_V10/slsqp_nb.py:993: NumbaWarning: [1m[1m[1m[1mCannot cache compiled function "_lsei" as it uses dynamic globals (such as ctypes pointers and large global arrays)[0m[0m[0m[0m
[36m(GPUFitnessActor pid=3568087, ip=10.10.2.2)[0m   x, f, mode, it = slsqp_solve(kind, seeds[k], lb, ub, op, opr, lit, n_ops, params, v0, rho,
[36m(GPUFitnessActor pid=3568087, ip=10.10.2.2)[0m /home/qaragoez/symclf_clean/symclf/examples/4DCartPolerV10/../DET4Fast4D_V10/slsqp_nb.py:993: NumbaWarning: [1m[1m[1mCannot cache compiled function "_lsq" as it uses dynamic globals (such as ctypes pointers and large global arrays)[0m[0m[0m
[36m(GPUFitnessActor pid=3568087, ip=10.10.2.2)[0m   x, f, mode, it = slsqp_solve(kind, seeds[k], lb, ub, op, opr, lit, n_ops, params, v0, rho,
[36m(GPUFitnessActor pid=3568087, ip=10.10.2.2)[0m /home/qaragoez/symclf_clean/symclf/examples/4DCartPolerV10/../DET4Fast4D_V10/slsqp_nb.py:993: NumbaWarning: [1m[1mCannot cache compiled function "slsqp_solve" as it uses dynamic globals (such as ctypes pointers and large global arrays)[0m[0m
[36m(GPUFitnessActor pid=3568087, ip=10.10.2.2)[0m   x, f, mode, it = slsqp_solve(kind, seeds[k], lb, ub, op, opr, lit, n_ops, params, v0, rho,
[36m(GPUFitnessActor pid=3568086, ip=10.10.2.2)[0m /home/qaragoez/symclf_clean/symclf/examples/4DCartPolerV10/../DET4Fast4D_V10/slsqp_nb.py:993: NumbaWarning: [1m[1m[1m[1m[1m[1m[1mCannot cache compiled function "_nnls" as it uses dynamic globals (such as ctypes pointers and large global arrays)[0m[0m[0m[0m[0m[0m[0m
[36m(GPUFitnessActor pid=3568086, ip=10.10.2.2)[0m   x, f, mode, it = slsqp_solve(kind, seeds[k], lb, ub, op, opr, lit, n_ops, params, v0, rho,
[36m(GPUFitnessActor pid=3568086, ip=10.10.2.2)[0m /home/qaragoez/symclf_clean/symclf/examples/4DCartPolerV10/../DET4Fast4D_V10/slsqp_nb.py:993: NumbaWarning: [1m[1m[1m[1m[1m[1mCannot cache compiled function "_ldp" as it uses dynamic globals (such as ctypes pointers and large global arrays)[0m[0m[0m[0m[0m[0m
[36m(GPUFitnessActor pid=3568086, ip=10.10.2.2)[0m   x, f, mode, it = slsqp_solve(kind, seeds[k], lb, ub, op, opr, lit, n_ops, params, v0, rho,
[36m(GPUFitnessActor pid=3568086, ip=10.10.2.2)[0m /home/qaragoez/symclf_clean/symclf/examples/4DCartPolerV10/../DET4Fast4D_V10/slsqp_nb.py:993: NumbaWarning: [1m[1m[1m[1m[1mCannot cache compiled function "_lsi" as it uses dynamic globals (such as ctypes pointers and large global arrays)[0m[0m[0m[0m[0m
[36m(GPUFitnessActor pid=3568086, ip=10.10.2.2)[0m   x, f, mode, it = slsqp_solve(kind, seeds[k], lb, ub, op, opr, lit, n_ops, params, v0, rho,
[36m(GPUFitnessActor pid=3568086, ip=10.10.2.2)[0m /home/qaragoez/symclf_clean/symclf/examples/4DCartPolerV10/../DET4Fast4D_V10/slsqp_nb.py:993: NumbaWarning: [1m[1m[1m[1mCannot cache compiled function "_lsei" as it uses dynamic globals (such as ctypes pointers and large global arrays)[0m[0m[0m[0m
[36m(GPUFitnessActor pid=3568086, ip=10.10.2.2)[0m   x, f, mode, it = slsqp_solve(kind, seeds[k], lb, ub, op, opr, lit, n_ops, params, v0, rho,
[36m(GPUFitnessActor pid=3568086, ip=10.10.2.2)[0m /home/qaragoez/symclf_clean/symclf/examples/4DCartPolerV10/../DET4Fast4D_V10/slsqp_nb.py:993: NumbaWarning: [1m[1m[1mCannot cache compiled function "_lsq" as it uses dynamic globals (such as ctypes pointers and large global arrays)[0m[0m[0m
[36m(GPUFitnessActor pid=3568086, ip=10.10.2.2)[0m   x, f, mode, it = slsqp_solve(kind, seeds[k], lb, ub, op, opr, lit, n_ops, params, v0, rho,
[36m(GPUFitnessActor pid=3568086, ip=10.10.2.2)[0m /home/qaragoez/symclf_clean/symclf/examples/4DCartPolerV10/../DET4Fast4D_V10/slsqp_nb.py:993: NumbaWarning: [1m[1mCannot cache compiled function "slsqp_solve" as it uses dynamic globals (such as ctypes pointers and large global arrays)[0m[0m
[36m(GPUFitnessActor pid=3568086, ip=10.10.2.2)[0m   x, f, mode, it = slsqp_solve(kind, seeds[k], lb, ub, op, opr, lit, n_ops, params, v0, rho,
[36m(GPUFitnessActor pid=3568087, ip=10.10.2.2)[0m /home/qaragoez/symclf_clean/symclf/examples/4DCartPolerV10/../DET4Fast4D_V10/slsqp_nb.py:984: NumbaWarning: [1mCannot cache compiled function "slsqp_many" as it uses dynamic globals (such as ctypes pointers and large global arrays)[0m
[36m(GPUFitnessActor pid=3568087, ip=10.10.2.2)[0m   @njit(cache=True, parallel=True)
[36m(GPUFitnessActor pid=3568086, ip=10.10.2.2)[0m /home/qaragoez/symclf_clean/symclf/examples/4DCartPolerV10/../DET4Fast4D_V10/slsqp_nb.py:984: NumbaWarning: [1mCannot cache compiled function "slsqp_many" as it uses dynamic globals (such as ctypes pointers and large global arrays)[0m
[36m(GPUFitnessActor pid=3568086, ip=10.10.2.2)[0m   @njit(cache=True, parallel=True)
[36m(CPUDet4Actor pid=3569558, ip=10.10.2.2)[0m /home/qaragoez/symclf_clean/symclf/examples/4DCartPolerV10/../DET4Fast4D_V10/slsqp_nb.py:993: NumbaWarning: [1m[1m[1m[1m[1m[1m[1mCannot cache compiled function "_nnls" as it uses dynamic globals (such as ctypes pointers and large global arrays)[0m[0m[0m[0m[0m[0m[0m
[36m(CPUDet4Actor pid=3569558, ip=10.10.2.2)[0m   x, f, mode, it = slsqp_solve(kind, seeds[k], lb, ub, op, opr, lit, n_ops, params, v0, rho,
[36m(CPUDet4Actor pid=3569558, ip=10.10.2.2)[0m /home/qaragoez/symclf_clean/symclf/examples/4DCartPolerV10/../DET4Fast4D_V10/slsqp_nb.py:993: NumbaWarning: [1m[1m[1m[1m[1m[1mCannot cache compiled function "_ldp" as it uses dynamic globals (such as ctypes pointers and large global arrays)[0m[0m[0m[0m[0m[0m
[36m(CPUDet4Actor pid=3569558, ip=10.10.2.2)[0m   x, f, mode, it = slsqp_solve(kind, seeds[k], lb, ub, op, opr, lit, n_ops, params, v0, rho,
[36m(CPUDet4Actor pid=3569558, ip=10.10.2.2)[0m /home/qaragoez/symclf_clean/symclf/examples/4DCartPolerV10/../DET4Fast4D_V10/slsqp_nb.py:993: NumbaWarning: [1m[1m[1m[1m[1mCannot cache compiled function "_lsi" as it uses dynamic globals (such as ctypes pointers and large global arrays)[0m[0m[0m[0m[0m
[36m(CPUDet4Actor pid=3569558, ip=10.10.2.2)[0m   x, f, mode, it = slsqp_solve(kind, seeds[k], lb, ub, op, opr, lit, n_ops, params, v0, rho,
[36m(CPUDet4Actor pid=3569558, ip=10.10.2.2)[0m /home/qaragoez/symclf_clean/symclf/examples/4DCartPolerV10/../DET4Fast4D_V10/slsqp_nb.py:993: NumbaWarning: [1m[1m[1m[1mCannot cache compiled function "_lsei" as it uses dynamic globals (such as ctypes pointers and large global arrays)[0m[0m[0m[0m
[36m(CPUDet4Actor pid=3569558, ip=10.10.2.2)[0m   x, f, mode, it = slsqp_solve(kind, seeds[k], lb, ub, op, opr, lit, n_ops, params, v0, rho,
[36m(CPUDet4Actor pid=3569558, ip=10.10.2.2)[0m /home/qaragoez/symclf_clean/symclf/examples/4DCartPolerV10/../DET4Fast4D_V10/slsqp_nb.py:993: NumbaWarning: [1m[1m[1mCannot cache compiled function "_lsq" as it uses dynamic globals (such as ctypes pointers and large global arrays)[0m[0m[0m
[36m(CPUDet4Actor pid=3569558, ip=10.10.2.2)[0m   x, f, mode, it = slsqp_solve(kind, seeds[k], lb, ub, op, opr, lit, n_ops, params, v0, rho,
[36m(CPUDet4Actor pid=3569558, ip=10.10.2.2)[0m /home/qaragoez/symclf_clean/symclf/examples/4DCartPolerV10/../DET4Fast4D_V10/slsqp_nb.py:993: NumbaWarning: [1m[1mCannot cache compiled function "slsqp_solve" as it uses dynamic globals (such as ctypes pointers and large global arrays)[0m[0m
[36m(CPUDet4Actor pid=3569558, ip=10.10.2.2)[0m   x, f, mode, it = slsqp_solve(kind, seeds[k], lb, ub, op, opr, lit, n_ops, params, v0, rho,
[36m(CPUDet4Actor pid=3315519)[0m /home/qaragoez/symclf_clean/symclf/examples/4DCartPolerV10/../DET4Fast4D_V10/slsqp_nb.py:993: NumbaWarning: [1m[1m[1m[1m[1m[1m[1mCannot cache compiled function "_nnls" as it uses dynamic globals (such as ctypes pointers and large global arrays)[0m[0m[0m[0m[0m[0m[0m
[36m(CPUDet4Actor pid=3315519)[0m   x, f, mode, it = slsqp_solve(kind, seeds[k], lb, ub, op, opr, lit, n_ops, params, v0, rho,
[36m(CPUDet4Actor pid=3315519)[0m /home/qaragoez/symclf_clean/symclf/examples/4DCartPolerV10/../DET4Fast4D_V10/slsqp_nb.py:993: NumbaWarning: [1m[1m[1m[1m[1m[1mCannot cache compiled function "_ldp" as it uses dynamic globals (such as ctypes pointers and large global arrays)[0m[0m[0m[0m[0m[0m
[36m(CPUDet4Actor pid=3315519)[0m   x, f, mode, it = slsqp_solve(kind, seeds[k], lb, ub, op, opr, lit, n_ops, params, v0, rho,
[36m(CPUDet4Actor pid=3315519)[0m /home/qaragoez/symclf_clean/symclf/examples/4DCartPolerV10/../DET4Fast4D_V10/slsqp_nb.py:993: NumbaWarning: [1m[1m[1m[1m[1mCannot cache compiled function "_lsi" as it uses dynamic globals (such as ctypes pointers and large global arrays)[0m[0m[0m[0m[0m
[36m(CPUDet4Actor pid=3315519)[0m   x, f, mode, it = slsqp_solve(kind, seeds[k], lb, ub, op, opr, lit, n_ops, params, v0, rho,
[36m(CPUDet4Actor pid=3315519)[0m /home/qaragoez/symclf_clean/symclf/examples/4DCartPolerV10/../DET4Fast4D_V10/slsqp_nb.py:993: NumbaWarning: [1m[1m[1m[1mCannot cache compiled function "_lsei" as it uses dynamic globals (such as ctypes pointers and large global arrays)[0m[0m[0m[0m
[36m(CPUDet4Actor pid=3315519)[0m   x, f, mode, it = slsqp_solve(kind, seeds[k], lb, ub, op, opr, lit, n_ops, params, v0, rho,
[36m(CPUDet4Actor pid=3315519)[0m /home/qaragoez/symclf_clean/symclf/examples/4DCartPolerV10/../DET4Fast4D_V10/slsqp_nb.py:993: NumbaWarning: [1m[1m[1mCannot cache compiled function "_lsq" as it uses dynamic globals (such as ctypes pointers and large global arrays)[0m[0m[0m
[36m(CPUDet4Actor pid=3315519)[0m   x, f, mode, it = slsqp_solve(kind, seeds[k], lb, ub, op, opr, lit, n_ops, params, v0, rho,
[36m(CPUDet4Actor pid=3315519)[0m /home/qaragoez/symclf_clean/symclf/examples/4DCartPolerV10/../DET4Fast4D_V10/slsqp_nb.py:993: NumbaWarning: [1m[1mCannot cache compiled function "slsqp_solve" as it uses dynamic globals (such as ctypes pointers and large global arrays)[0m[0m
[36m(CPUDet4Actor pid=3315519)[0m   x, f, mode, it = slsqp_solve(kind, seeds[k], lb, ub, op, opr, lit, n_ops, params, v0, rho,
[36m(CPUDet4Actor pid=3315512)[0m /home/qaragoez/symclf_clean/symclf/examples/4DCartPolerV10/../DET4Fast4D_V10/slsqp_nb.py:993: NumbaWarning: [1m[1m[1m[1m[1m[1m[1mCannot cache compiled function "_nnls" as it uses dynamic globals (such as ctypes pointers and large global arrays)[0m[0m[0m[0m[0m[0m[0m
[36m(CPUDet4Actor pid=3315512)[0m   x, f, mode, it = slsqp_solve(kind, seeds[k], lb, ub, op, opr, lit, n_ops, params, v0, rho,
[36m(CPUDet4Actor pid=3315512)[0m /home/qaragoez/symclf_clean/symclf/examples/4DCartPolerV10/../DET4Fast4D_V10/slsqp_nb.py:993: NumbaWarning: [1m[1m[1m[1m[1m[1mCannot cache compiled function "_ldp" as it uses dynamic globals (such as ctypes pointers and large global arrays)[0m[0m[0m[0m[0m[0m
[36m(CPUDet4Actor pid=3315512)[0m   x, f, mode, it = slsqp_solve(kind, seeds[k], lb, ub, op, opr, lit, n_ops, params, v0, rho,
[36m(CPUDet4Actor pid=3315512)[0m /home/qaragoez/symclf_clean/symclf/examples/4DCartPolerV10/../DET4Fast4D_V10/slsqp_nb.py:993: NumbaWarning: [1m[1m[1m[1m[1mCannot cache compiled function "_lsi" as it uses dynamic globals (such as ctypes pointers and large global arrays)[0m[0m[0m[0m[0m
[36m(CPUDet4Actor pid=3315512)[0m   x, f, mode, it = slsqp_solve(kind, seeds[k], lb, ub, op, opr, lit, n_ops, params, v0, rho,
[36m(CPUDet4Actor pid=3315512)[0m /home/qaragoez/symclf_clean/symclf/examples/4DCartPolerV10/../DET4Fast4D_V10/slsqp_nb.py:993: NumbaWarning: [1m[1m[1m[1mCannot cache compiled function "_lsei" as it uses dynamic globals (such as ctypes pointers and large global arrays)[0m[0m[0m[0m
[36m(CPUDet4Actor pid=3315512)[0m   x, f, mode, it = slsqp_solve(kind, seeds[k], lb, ub, op, opr, lit, n_ops, params, v0, rho,
[36m(CPUDet4Actor pid=3315512)[0m /home/qaragoez/symclf_clean/symclf/examples/4DCartPolerV10/../DET4Fast4D_V10/slsqp_nb.py:993: NumbaWarning: [1m[1m[1mCannot cache compiled function "_lsq" as it uses dynamic globals (such as ctypes pointers and large global arrays)[0m[0m[0m
[36m(CPUDet4Actor pid=3315512)[0m   x, f, mode, it = slsqp_solve(kind, seeds[k], lb, ub, op, opr, lit, n_ops, params, v0, rho,
[36m(CPUDet4Actor pid=3315512)[0m /home/qaragoez/symclf_clean/symclf/examples/4DCartPolerV10/../DET4Fast4D_V10/slsqp_nb.py:993: NumbaWarning: [1m[1mCannot cache compiled function "slsqp_solve" as it uses dynamic globals (such as ctypes pointers and large global arrays)[0m[0m
[36m(CPUDet4Actor pid=3315512)[0m   x, f, mode, it = slsqp_solve(kind, seeds[k], lb, ub, op, opr, lit, n_ops, params, v0, rho,
[36m(CPUDet4Actor pid=3569561, ip=10.10.2.2)[0m /home/qaragoez/symclf_clean/symclf/examples/4DCartPolerV10/../DET4Fast4D_V10/slsqp_nb.py:993: NumbaWarning: [1m[1m[1m[1m[1m[1m[1mCannot cache compiled function "_nnls" as it uses dynamic globals (such as ctypes pointers and large global arrays)[0m[0m[0m[0m[0m[0m[0m
[36m(CPUDet4Actor pid=3569561, ip=10.10.2.2)[0m   x, f, mode, it = slsqp_solve(kind, seeds[k], lb, ub, op, opr, lit, n_ops, params, v0, rho,
[36m(CPUDet4Actor pid=3569561, ip=10.10.2.2)[0m /home/qaragoez/symclf_clean/symclf/examples/4DCartPolerV10/../DET4Fast4D_V10/slsqp_nb.py:993: NumbaWarning: [1m[1m[1m[1m[1m[1mCannot cache compiled function "_ldp" as it uses dynamic globals (such as ctypes pointers and large global arrays)[0m[0m[0m[0m[0m[0m
[36m(CPUDet4Actor pid=3569561, ip=10.10.2.2)[0m   x, f, mode, it = slsqp_solve(kind, seeds[k], lb, ub, op, opr, lit, n_ops, params, v0, rho,
[36m(CPUDet4Actor pid=3569561, ip=10.10.2.2)[0m /home/qaragoez/symclf_clean/symclf/examples/4DCartPolerV10/../DET4Fast4D_V10/slsqp_nb.py:993: NumbaWarning: [1m[1m[1m[1m[1mCannot cache compiled function "_lsi" as it uses dynamic globals (such as ctypes pointers and large global arrays)[0m[0m[0m[0m[0m
[36m(CPUDet4Actor pid=3569561, ip=10.10.2.2)[0m   x, f, mode, it = slsqp_solve(kind, seeds[k], lb, ub, op, opr, lit, n_ops, params, v0, rho,
[36m(CPUDet4Actor pid=3569561, ip=10.10.2.2)[0m /home/qaragoez/symclf_clean/symclf/examples/4DCartPolerV10/../DET4Fast4D_V10/slsqp_nb.py:993: NumbaWarning: [1m[1m[1m[1mCannot cache compiled function "_lsei" as it uses dynamic globals (such as ctypes pointers and large global arrays)[0m[0m[0m[0m
[36m(CPUDet4Actor pid=3569561, ip=10.10.2.2)[0m   x, f, mode, it = slsqp_solve(kind, seeds[k], lb, ub, op, opr, lit, n_ops, params, v0, rho,
[36m(CPUDet4Actor pid=3569561, ip=10.10.2.2)[0m /home/qaragoez/symclf_clean/symclf/examples/4DCartPolerV10/../DET4Fast4D_V10/slsqp_nb.py:993: NumbaWarning: [1m[1m[1mCannot cache compiled function "_lsq" as it uses dynamic globals (such as ctypes pointers and large global arrays)[0m[0m[0m
[36m(CPUDet4Actor pid=3569561, ip=10.10.2.2)[0m   x, f, mode, it = slsqp_solve(kind, seeds[k], lb, ub, op, opr, lit, n_ops, params, v0, rho,
[36m(CPUDet4Actor pid=3569561, ip=10.10.2.2)[0m /home/qaragoez/symclf_clean/symclf/examples/4DCartPolerV10/../DET4Fast4D_V10/slsqp_nb.py:993: NumbaWarning: [1m[1mCannot cache compiled function "slsqp_solve" as it uses dynamic globals (such as ctypes pointers and large global arrays)[0m[0m
[36m(CPUDet4Actor pid=3569561, ip=10.10.2.2)[0m   x, f, mode, it = slsqp_solve(kind, seeds[k], lb, ub, op, opr, lit, n_ops, params, v0, rho,
[36m(CPUDet4Actor pid=3569577, ip=10.10.2.2)[0m /home/qaragoez/symclf_clean/symclf/examples/4DCartPolerV10/../DET4Fast4D_V10/slsqp_nb.py:993: NumbaWarning: [1m[1m[1m[1m[1m[1m[1mCannot cache compiled function "_nnls" as it uses dynamic globals (such as ctypes pointers and large global arrays)[0m[0m[0m[0m[0m[0m[0m
[36m(CPUDet4Actor pid=3569577, ip=10.10.2.2)[0m   x, f, mode, it = slsqp_solve(kind, seeds[k], lb, ub, op, opr, lit, n_ops, params, v0, rho,
[36m(CPUDet4Actor pid=3569577, ip=10.10.2.2)[0m /home/qaragoez/symclf_clean/symclf/examples/4DCartPolerV10/../DET4Fast4D_V10/slsqp_nb.py:993: NumbaWarning: [1m[1m[1m[1m[1m[1mCannot cache compiled function "_ldp" as it uses dynamic globals (such as ctypes pointers and large global arrays)[0m[0m[0m[0m[0m[0m
[36m(CPUDet4Actor pid=3569577, ip=10.10.2.2)[0m   x, f, mode, it = slsqp_solve(kind, seeds[k], lb, ub, op, opr, lit, n_ops, params, v0, rho,
[36m(CPUDet4Actor pid=3569577, ip=10.10.2.2)[0m /home/qaragoez/symclf_clean/symclf/examples/4DCartPolerV10/../DET4Fast4D_V10/slsqp_nb.py:993: NumbaWarning: [1m[1m[1m[1m[1mCannot cache compiled function "_lsi" as it uses dynamic globals (such as ctypes pointers and large global arrays)[0m[0m[0m[0m[0m
[36m(CPUDet4Actor pid=3569577, ip=10.10.2.2)[0m   x, f, mode, it = slsqp_solve(kind, seeds[k], lb, ub, op, opr, lit, n_ops, params, v0, rho,
[36m(CPUDet4Actor pid=3569577, ip=10.10.2.2)[0m /home/qaragoez/symclf_clean/symclf/examples/4DCartPolerV10/../DET4Fast4D_V10/slsqp_nb.py:993: NumbaWarning: [1m[1m[1m[1mCannot cache compiled function "_lsei" as it uses dynamic globals (such as ctypes pointers and large global arrays)[0m[0m[0m[0m
[36m(CPUDet4Actor pid=3569577, ip=10.10.2.2)[0m   x, f, mode, it = slsqp_solve(kind, seeds[k], lb, ub, op, opr, lit, n_ops, params, v0, rho,
[36m(CPUDet4Actor pid=3569577, ip=10.10.2.2)[0m /home/qaragoez/symclf_clean/symclf/examples/4DCartPolerV10/../DET4Fast4D_V10/slsqp_nb.py:993: NumbaWarning: [1m[1m[1mCannot cache compiled function "_lsq" as it uses dynamic globals (such as ctypes pointers and large global arrays)[0m[0m[0m
[36m(CPUDet4Actor pid=3569577, ip=10.10.2.2)[0m   x, f, mode, it = slsqp_solve(kind, seeds[k], lb, ub, op, opr, lit, n_ops, params, v0, rho,
[36m(CPUDet4Actor pid=3569577, ip=10.10.2.2)[0m /home/qaragoez/symclf_clean/symclf/examples/4DCartPolerV10/../DET4Fast4D_V10/slsqp_nb.py:993: NumbaWarning: [1m[1mCannot cache compiled function "slsqp_solve" as it uses dynamic globals (such as ctypes pointers and large global arrays)[0m[0m
[36m(CPUDet4Actor pid=3569577, ip=10.10.2.2)[0m   x, f, mode, it = slsqp_solve(kind, seeds[k], lb, ub, op, opr, lit, n_ops, params, v0, rho,
[36m(CPUDet4Actor pid=3569585, ip=10.10.2.2)[0m /home/qaragoez/symclf_clean/symclf/examples/4DCartPolerV10/../DET4Fast4D_V10/slsqp_nb.py:993: NumbaWarning: [1m[1m[1m[1m[1m[1m[1mCannot cache compiled function "_nnls" as it uses dynamic globals (such as ctypes pointers and large global arrays)[0m[0m[0m[0m[0m[0m[0m
[36m(CPUDet4Actor pid=3569585, ip=10.10.2.2)[0m   x, f, mode, it = slsqp_solve(kind, seeds[k], lb, ub, op, opr, lit, n_ops, params, v0, rho,
[36m(CPUDet4Actor pid=3569585, ip=10.10.2.2)[0m /home/qaragoez/symclf_clean/symclf/examples/4DCartPolerV10/../DET4Fast4D_V10/slsqp_nb.py:993: NumbaWarning: [1m[1m[1m[1m[1m[1mCannot cache compiled function "_ldp" as it uses dynamic globals (such as ctypes pointers and large global arrays)[0m[0m[0m[0m[0m[0m
[36m(CPUDet4Actor pid=3569585, ip=10.10.2.2)[0m   x, f, mode, it = slsqp_solve(kind, seeds[k], lb, ub, op, opr, lit, n_ops, params, v0, rho,
[36m(CPUDet4Actor pid=3569585, ip=10.10.2.2)[0m /home/qaragoez/symclf_clean/symclf/examples/4DCartPolerV10/../DET4Fast4D_V10/slsqp_nb.py:993: NumbaWarning: [1m[1m[1m[1m[1mCannot cache compiled function "_lsi" as it uses dynamic globals (such as ctypes pointers and large global arrays)[0m[0m[0m[0m[0m
[36m(CPUDet4Actor pid=3569585, ip=10.10.2.2)[0m   x, f, mode, it = slsqp_solve(kind, seeds[k], lb, ub, op, opr, lit, n_ops, params, v0, rho,
[36m(CPUDet4Actor pid=3569585, ip=10.10.2.2)[0m /home/qaragoez/symclf_clean/symclf/examples/4DCartPolerV10/../DET4Fast4D_V10/slsqp_nb.py:993: NumbaWarning: [1m[1m[1m[1mCannot cache compiled function "_lsei" as it uses dynamic globals (such as ctypes pointers and large global arrays)[0m[0m[0m[0m
[36m(CPUDet4Actor pid=3569585, ip=10.10.2.2)[0m   x, f, mode, it = slsqp_solve(kind, seeds[k], lb, ub, op, opr, lit, n_ops, params, v0, rho,
[36m(CPUDet4Actor pid=3569585, ip=10.10.2.2)[0m /home/qaragoez/symclf_clean/symclf/examples/4DCartPolerV10/../DET4Fast4D_V10/slsqp_nb.py:993: NumbaWarning: [1m[1m[1mCannot cache compiled function "_lsq" as it uses dynamic globals (such as ctypes pointers and large global arrays)[0m[0m[0m
[36m(CPUDet4Actor pid=3569585, ip=10.10.2.2)[0m   x, f, mode, it = slsqp_solve(kind, seeds[k], lb, ub, op, opr, lit, n_ops, params, v0, rho,
[36m(CPUDet4Actor pid=3569585, ip=10.10.2.2)[0m /home/qaragoez/symclf_clean/symclf/examples/4DCartPolerV10/../DET4Fast4D_V10/slsqp_nb.py:993: NumbaWarning: [1m[1mCannot cache compiled function "slsqp_solve" as it uses dynamic globals (such as ctypes pointers and large global arrays)[0m[0m
[36m(CPUDet4Actor pid=3569585, ip=10.10.2.2)[0m   x, f, mode, it = slsqp_solve(kind, seeds[k], lb, ub, op, opr, lit, n_ops, params, v0, rho,
[36m(CPUDet4Actor pid=3569562, ip=10.10.2.2)[0m /home/qaragoez/symclf_clean/symclf/examples/4DCartPolerV10/../DET4Fast4D_V10/slsqp_nb.py:993: NumbaWarning: [1m[1m[1m[1m[1m[1m[1mCannot cache compiled function "_nnls" as it uses dynamic globals (such as ctypes pointers and large global arrays)[0m[0m[0m[0m[0m[0m[0m
[36m(CPUDet4Actor pid=3569562, ip=10.10.2.2)[0m   x, f, mode, it = slsqp_solve(kind, seeds[k], lb, ub, op, opr, lit, n_ops, params, v0, rho,
[36m(CPUDet4Actor pid=3569562, ip=10.10.2.2)[0m /home/qaragoez/symclf_clean/symclf/examples/4DCartPolerV10/../DET4Fast4D_V10/slsqp_nb.py:993: NumbaWarning: [1m[1m[1m[1m[1m[1mCannot cache compiled function "_ldp" as it uses dynamic globals (such as ctypes pointers and large global arrays)[0m[0m[0m[0m[0m[0m
[36m(CPUDet4Actor pid=3569562, ip=10.10.2.2)[0m   x, f, mode, it = slsqp_solve(kind, seeds[k], lb, ub, op, opr, lit, n_ops, params, v0, rho,
[36m(CPUDet4Actor pid=3569562, ip=10.10.2.2)[0m /home/qaragoez/symclf_clean/symclf/examples/4DCartPolerV10/../DET4Fast4D_V10/slsqp_nb.py:993: NumbaWarning: [1m[1m[1m[1m[1mCannot cache compiled function "_lsi" as it uses dynamic globals (such as ctypes pointers and large global arrays)[0m[0m[0m[0m[0m
[36m(CPUDet4Actor pid=3569562, ip=10.10.2.2)[0m   x, f, mode, it = slsqp_solve(kind, seeds[k], lb, ub, op, opr, lit, n_ops, params, v0, rho,
[36m(CPUDet4Actor pid=3569562, ip=10.10.2.2)[0m /home/qaragoez/symclf_clean/symclf/examples/4DCartPolerV10/../DET4Fast4D_V10/slsqp_nb.py:993: NumbaWarning: [1m[1m[1m[1mCannot cache compiled function "_lsei" as it uses dynamic globals (such as ctypes pointers and large global arrays)[0m[0m[0m[0m
[36m(CPUDet4Actor pid=3569562, ip=10.10.2.2)[0m   x, f, mode, it = slsqp_solve(kind, seeds[k], lb, ub, op, opr, lit, n_ops, params, v0, rho,
[36m(CPUDet4Actor pid=3569562, ip=10.10.2.2)[0m /home/qaragoez/symclf_clean/symclf/examples/4DCartPolerV10/../DET4Fast4D_V10/slsqp_nb.py:993: NumbaWarning: [1m[1m[1mCannot cache compiled function "_lsq" as it uses dynamic globals (such as ctypes pointers and large global arrays)[0m[0m[0m
[36m(CPUDet4Actor pid=3569562, ip=10.10.2.2)[0m   x, f, mode, it = slsqp_solve(kind, seeds[k], lb, ub, op, opr, lit, n_ops, params, v0, rho,
[36m(CPUDet4Actor pid=3569562, ip=10.10.2.2)[0m /home/qaragoez/symclf_clean/symclf/examples/4DCartPolerV10/../DET4Fast4D_V10/slsqp_nb.py:993: NumbaWarning: [1m[1mCannot cache compiled function "slsqp_solve" as it uses dynamic globals (such as ctypes pointers and large global arrays)[0m[0m
[36m(CPUDet4Actor pid=3569562, ip=10.10.2.2)[0m   x, f, mode, it = slsqp_solve(kind, seeds[k], lb, ub, op, opr, lit, n_ops, params, v0, rho,
[36m(CPUDet4Actor pid=3569578, ip=10.10.2.2)[0m /home/qaragoez/symclf_clean/symclf/examples/4DCartPolerV10/../DET4Fast4D_V10/slsqp_nb.py:993: NumbaWarning: [1m[1m[1m[1m[1m[1m[1mCannot cache compiled function "_nnls" as it uses dynamic globals (such as ctypes pointers and large global arrays)[0m[0m[0m[0m[0m[0m[0m
[36m(CPUDet4Actor pid=3569578, ip=10.10.2.2)[0m   x, f, mode, it = slsqp_solve(kind, seeds[k], lb, ub, op, opr, lit, n_ops, params, v0, rho,
[36m(CPUDet4Actor pid=3569578, ip=10.10.2.2)[0m /home/qaragoez/symclf_clean/symclf/examples/4DCartPolerV10/../DET4Fast4D_V10/slsqp_nb.py:993: NumbaWarning: [1m[1m[1m[1m[1m[1mCannot cache compiled function "_ldp" as it uses dynamic globals (such as ctypes pointers and large global arrays)[0m[0m[0m[0m[0m[0m
[36m(CPUDet4Actor pid=3569578, ip=10.10.2.2)[0m   x, f, mode, it = slsqp_solve(kind, seeds[k], lb, ub, op, opr, lit, n_ops, params, v0, rho,
[36m(CPUDet4Actor pid=3569578, ip=10.10.2.2)[0m /home/qaragoez/symclf_clean/symclf/examples/4DCartPolerV10/../DET4Fast4D_V10/slsqp_nb.py:993: NumbaWarning: [1m[1m[1m[1m[1mCannot cache compiled function "_lsi" as it uses dynamic globals (such as ctypes pointers and large global arrays)[0m[0m[0m[0m[0m
[36m(CPUDet4Actor pid=3569578, ip=10.10.2.2)[0m   x, f, mode, it = slsqp_solve(kind, seeds[k], lb, ub, op, opr, lit, n_ops, params, v0, rho,
[36m(CPUDet4Actor pid=3569578, ip=10.10.2.2)[0m /home/qaragoez/symclf_clean/symclf/examples/4DCartPolerV10/../DET4Fast4D_V10/slsqp_nb.py:993: NumbaWarning: [1m[1m[1m[1mCannot cache compiled function "_lsei" as it uses dynamic globals (such as ctypes pointers and large global arrays)[0m[0m[0m[0m
[36m(CPUDet4Actor pid=3569578, ip=10.10.2.2)[0m   x, f, mode, it = slsqp_solve(kind, seeds[k], lb, ub, op, opr, lit, n_ops, params, v0, rho,
[36m(CPUDet4Actor pid=3569578, ip=10.10.2.2)[0m /home/qaragoez/symclf_clean/symclf/examples/4DCartPolerV10/../DET4Fast4D_V10/slsqp_nb.py:993: NumbaWarning: [1m[1m[1mCannot cache compiled function "_lsq" as it uses dynamic globals (such as ctypes pointers and large global arrays)[0m[0m[0m
[36m(CPUDet4Actor pid=3569578, ip=10.10.2.2)[0m   x, f, mode, it = slsqp_solve(kind, seeds[k], lb, ub, op, opr, lit, n_ops, params, v0, rho,
[36m(CPUDet4Actor pid=3569578, ip=10.10.2.2)[0m /home/qaragoez/symclf_clean/symclf/examples/4DCartPolerV10/../DET4Fast4D_V10/slsqp_nb.py:993: NumbaWarning: [1m[1mCannot cache compiled function "slsqp_solve" as it uses dynamic globals (such as ctypes pointers and large global arrays)[0m[0m
[36m(CPUDet4Actor pid=3569578, ip=10.10.2.2)[0m   x, f, mode, it = slsqp_solve(kind, seeds[k], lb, ub, op, opr, lit, n_ops, params, v0, rho,
[36m(CPUDet4Actor pid=3569593, ip=10.10.2.2)[0m /home/qaragoez/symclf_clean/symclf/examples/4DCartPolerV10/../DET4Fast4D_V10/slsqp_nb.py:993: NumbaWarning: [1m[1m[1m[1m[1m[1m[1mCannot cache compiled function "_nnls" as it uses dynamic globals (such as ctypes pointers and large global arrays)[0m[0m[0m[0m[0m[0m[0m
[36m(CPUDet4Actor pid=3569593, ip=10.10.2.2)[0m   x, f, mode, it = slsqp_solve(kind, seeds[k], lb, ub, op, opr, lit, n_ops, params, v0, rho,
[36m(CPUDet4Actor pid=3569593, ip=10.10.2.2)[0m /home/qaragoez/symclf_clean/symclf/examples/4DCartPolerV10/../DET4Fast4D_V10/slsqp_nb.py:993: NumbaWarning: [1m[1m[1m[1m[1m[1mCannot cache compiled function "_ldp" as it uses dynamic globals (such as ctypes pointers and large global arrays)[0m[0m[0m[0m[0m[0m
[36m(CPUDet4Actor pid=3569593, ip=10.10.2.2)[0m   x, f, mode, it = slsqp_solve(kind, seeds[k], lb, ub, op, opr, lit, n_ops, params, v0, rho,
[36m(CPUDet4Actor pid=3569593, ip=10.10.2.2)[0m /home/qaragoez/symclf_clean/symclf/examples/4DCartPolerV10/../DET4Fast4D_V10/slsqp_nb.py:993: NumbaWarning: [1m[1m[1m[1m[1mCannot cache compiled function "_lsi" as it uses dynamic globals (such as ctypes pointers and large global arrays)[0m[0m[0m[0m[0m
[36m(CPUDet4Actor pid=3569593, ip=10.10.2.2)[0m   x, f, mode, it = slsqp_solve(kind, seeds[k], lb, ub, op, opr, lit, n_ops, params, v0, rho,
[36m(CPUDet4Actor pid=3569593, ip=10.10.2.2)[0m /home/qaragoez/symclf_clean/symclf/examples/4DCartPolerV10/../DET4Fast4D_V10/slsqp_nb.py:993: NumbaWarning: [1m[1m[1m[1mCannot cache compiled function "_lsei" as it uses dynamic globals (such as ctypes pointers and large global arrays)[0m[0m[0m[0m
[36m(CPUDet4Actor pid=3569593, ip=10.10.2.2)[0m   x, f, mode, it = slsqp_solve(kind, seeds[k], lb, ub, op, opr, lit, n_ops, params, v0, rho,
[36m(CPUDet4Actor pid=3569593, ip=10.10.2.2)[0m /home/qaragoez/symclf_clean/symclf/examples/4DCartPolerV10/../DET4Fast4D_V10/slsqp_nb.py:993: NumbaWarning: [1m[1m[1mCannot cache compiled function "_lsq" as it uses dynamic globals (such as ctypes pointers and large global arrays)[0m[0m[0m
[36m(CPUDet4Actor pid=3569593, ip=10.10.2.2)[0m   x, f, mode, it = slsqp_solve(kind, seeds[k], lb, ub, op, opr, lit, n_ops, params, v0, rho,
[36m(CPUDet4Actor pid=3569593, ip=10.10.2.2)[0m /home/qaragoez/symclf_clean/symclf/examples/4DCartPolerV10/../DET4Fast4D_V10/slsqp_nb.py:993: NumbaWarning: [1m[1mCannot cache compiled function "slsqp_solve" as it uses dynamic globals (such as ctypes pointers and large global arrays)[0m[0m
[36m(CPUDet4Actor pid=3569593, ip=10.10.2.2)[0m   x, f, mode, it = slsqp_solve(kind, seeds[k], lb, ub, op, opr, lit, n_ops, params, v0, rho,
[36m(CPUDet4Actor pid=3569556, ip=10.10.2.2)[0m /home/qaragoez/symclf_clean/symclf/examples/4DCartPolerV10/../DET4Fast4D_V10/slsqp_nb.py:993: NumbaWarning: [1m[1m[1m[1m[1m[1m[1mCannot cache compiled function "_nnls" as it uses dynamic globals (such as ctypes pointers and large global arrays)[0m[0m[0m[0m[0m[0m[0m
[36m(CPUDet4Actor pid=3569556, ip=10.10.2.2)[0m   x, f, mode, it = slsqp_solve(kind, seeds[k], lb, ub, op, opr, lit, n_ops, params, v0, rho,
[36m(CPUDet4Actor pid=3569556, ip=10.10.2.2)[0m /home/qaragoez/symclf_clean/symclf/examples/4DCartPolerV10/../DET4Fast4D_V10/slsqp_nb.py:993: NumbaWarning: [1m[1m[1m[1m[1m[1mCannot cache compiled function "_ldp" as it uses dynamic globals (such as ctypes pointers and large global arrays)[0m[0m[0m[0m[0m[0m
[36m(CPUDet4Actor pid=3569556, ip=10.10.2.2)[0m   x, f, mode, it = slsqp_solve(kind, seeds[k], lb, ub, op, opr, lit, n_ops, params, v0, rho,
[36m(CPUDet4Actor pid=3569556, ip=10.10.2.2)[0m /home/qaragoez/symclf_clean/symclf/examples/4DCartPolerV10/../DET4Fast4D_V10/slsqp_nb.py:993: NumbaWarning: [1m[1m[1m[1m[1mCannot cache compiled function "_lsi" as it uses dynamic globals (such as ctypes pointers and large global arrays)[0m[0m[0m[0m[0m
[36m(CPUDet4Actor pid=3569556, ip=10.10.2.2)[0m   x, f, mode, it = slsqp_solve(kind, seeds[k], lb, ub, op, opr, lit, n_ops, params, v0, rho,
[36m(CPUDet4Actor pid=3569556, ip=10.10.2.2)[0m /home/qaragoez/symclf_clean/symclf/examples/4DCartPolerV10/../DET4Fast4D_V10/slsqp_nb.py:993: NumbaWarning: [1m[1m[1m[1mCannot cache compiled function "_lsei" as it uses dynamic globals (such as ctypes pointers and large global arrays)[0m[0m[0m[0m
[36m(CPUDet4Actor pid=3569556, ip=10.10.2.2)[0m   x, f, mode, it = slsqp_solve(kind, seeds[k], lb, ub, op, opr, lit, n_ops, params, v0, rho,
[36m(CPUDet4Actor pid=3569556, ip=10.10.2.2)[0m /home/qaragoez/symclf_clean/symclf/examples/4DCartPolerV10/../DET4Fast4D_V10/slsqp_nb.py:993: NumbaWarning: [1m[1m[1mCannot cache compiled function "_lsq" as it uses dynamic globals (such as ctypes pointers and large global arrays)[0m[0m[0m
[36m(CPUDet4Actor pid=3569556, ip=10.10.2.2)[0m   x, f, mode, it = slsqp_solve(kind, seeds[k], lb, ub, op, opr, lit, n_ops, params, v0, rho,
[36m(CPUDet4Actor pid=3569556, ip=10.10.2.2)[0m /home/qaragoez/symclf_clean/symclf/examples/4DCartPolerV10/../DET4Fast4D_V10/slsqp_nb.py:993: NumbaWarning: [1m[1mCannot cache compiled function "slsqp_solve" as it uses dynamic globals (such as ctypes pointers and large global arrays)[0m[0m
[36m(CPUDet4Actor pid=3569556, ip=10.10.2.2)[0m   x, f, mode, it = slsqp_solve(kind, seeds[k], lb, ub, op, opr, lit, n_ops, params, v0, rho,
[36m(CPUDet4Actor pid=3569560, ip=10.10.2.2)[0m /home/qaragoez/symclf_clean/symclf/examples/4DCartPolerV10/../DET4Fast4D_V10/slsqp_nb.py:993: NumbaWarning: [1m[1m[1m[1m[1m[1m[1mCannot cache compiled function "_nnls" as it uses dynamic globals (such as ctypes pointers and large global arrays)[0m[0m[0m[0m[0m[0m[0m
[36m(CPUDet4Actor pid=3569560, ip=10.10.2.2)[0m   x, f, mode, it = slsqp_solve(kind, seeds[k], lb, ub, op, opr, lit, n_ops, params, v0, rho,
[36m(CPUDet4Actor pid=3569560, ip=10.10.2.2)[0m /home/qaragoez/symclf_clean/symclf/examples/4DCartPolerV10/../DET4Fast4D_V10/slsqp_nb.py:993: NumbaWarning: [1m[1m[1m[1m[1m[1mCannot cache compiled function "_ldp" as it uses dynamic globals (such as ctypes pointers and large global arrays)[0m[0m[0m[0m[0m[0m
[36m(CPUDet4Actor pid=3569560, ip=10.10.2.2)[0m   x, f, mode, it = slsqp_solve(kind, seeds[k], lb, ub, op, opr, lit, n_ops, params, v0, rho,
[36m(CPUDet4Actor pid=3569560, ip=10.10.2.2)[0m /home/qaragoez/symclf_clean/symclf/examples/4DCartPolerV10/../DET4Fast4D_V10/slsqp_nb.py:993: NumbaWarning: [1m[1m[1m[1m[1mCannot cache compiled function "_lsi" as it uses dynamic globals (such as ctypes pointers and large global arrays)[0m[0m[0m[0m[0m
[36m(CPUDet4Actor pid=3569560, ip=10.10.2.2)[0m   x, f, mode, it = slsqp_solve(kind, seeds[k], lb, ub, op, opr, lit, n_ops, params, v0, rho,
[36m(CPUDet4Actor pid=3569560, ip=10.10.2.2)[0m /home/qaragoez/symclf_clean/symclf/examples/4DCartPolerV10/../DET4Fast4D_V10/slsqp_nb.py:993: NumbaWarning: [1m[1m[1m[1mCannot cache compiled function "_lsei" as it uses dynamic globals (such as ctypes pointers and large global arrays)[0m[0m[0m[0m
[36m(CPUDet4Actor pid=3569560, ip=10.10.2.2)[0m   x, f, mode, it = slsqp_solve(kind, seeds[k], lb, ub, op, opr, lit, n_ops, params, v0, rho,
[36m(CPUDet4Actor pid=3569560, ip=10.10.2.2)[0m /home/qaragoez/symclf_clean/symclf/examples/4DCartPolerV10/../DET4Fast4D_V10/slsqp_nb.py:993: NumbaWarning: [1m[1m[1mCannot cache compiled function "_lsq" as it uses dynamic globals (such as ctypes pointers and large global arrays)[0m[0m[0m
[36m(CPUDet4Actor pid=3569560, ip=10.10.2.2)[0m   x, f, mode, it = slsqp_solve(kind, seeds[k], lb, ub, op, opr, lit, n_ops, params, v0, rho,
[36m(CPUDet4Actor pid=3569560, ip=10.10.2.2)[0m /home/qaragoez/symclf_clean/symclf/examples/4DCartPolerV10/../DET4Fast4D_V10/slsqp_nb.py:993: NumbaWarning: [1m[1mCannot cache compiled function "slsqp_solve" as it uses dynamic globals (such as ctypes pointers and large global arrays)[0m[0m
[36m(CPUDet4Actor pid=3569560, ip=10.10.2.2)[0m   x, f, mode, it = slsqp_solve(kind, seeds[k], lb, ub, op, opr, lit, n_ops, params, v0, rho,
[36m(CPUDet4Actor pid=3569587, ip=10.10.2.2)[0m /home/qaragoez/symclf_clean/symclf/examples/4DCartPolerV10/../DET4Fast4D_V10/slsqp_nb.py:993: NumbaWarning: [1m[1m[1m[1m[1m[1m[1mCannot cache compiled function "_nnls" as it uses dynamic globals (such as ctypes pointers and large global arrays)[0m[0m[0m[0m[0m[0m[0m
[36m(CPUDet4Actor pid=3569587, ip=10.10.2.2)[0m   x, f, mode, it = slsqp_solve(kind, seeds[k], lb, ub, op, opr, lit, n_ops, params, v0, rho,
[36m(CPUDet4Actor pid=3569587, ip=10.10.2.2)[0m /home/qaragoez/symclf_clean/symclf/examples/4DCartPolerV10/../DET4Fast4D_V10/slsqp_nb.py:993: NumbaWarning: [1m[1m[1m[1m[1m[1mCannot cache compiled function "_ldp" as it uses dynamic globals (such as ctypes pointers and large global arrays)[0m[0m[0m[0m[0m[0m
[36m(CPUDet4Actor pid=3569587, ip=10.10.2.2)[0m   x, f, mode, it = slsqp_solve(kind, seeds[k], lb, ub, op, opr, lit, n_ops, params, v0, rho,
[36m(CPUDet4Actor pid=3569587, ip=10.10.2.2)[0m /home/qaragoez/symclf_clean/symclf/examples/4DCartPolerV10/../DET4Fast4D_V10/slsqp_nb.py:993: NumbaWarning: [1m[1m[1m[1m[1mCannot cache compiled function "_lsi" as it uses dynamic globals (such as ctypes pointers and large global arrays)[0m[0m[0m[0m[0m
[36m(CPUDet4Actor pid=3569587, ip=10.10.2.2)[0m   x, f, mode, it = slsqp_solve(kind, seeds[k], lb, ub, op, opr, lit, n_ops, params, v0, rho,
[36m(CPUDet4Actor pid=3569587, ip=10.10.2.2)[0m /home/qaragoez/symclf_clean/symclf/examples/4DCartPolerV10/../DET4Fast4D_V10/slsqp_nb.py:993: NumbaWarning: [1m[1m[1m[1mCannot cache compiled function "_lsei" as it uses dynamic globals (such as ctypes pointers and large global arrays)[0m[0m[0m[0m
[36m(CPUDet4Actor pid=3569587, ip=10.10.2.2)[0m   x, f, mode, it = slsqp_solve(kind, seeds[k], lb, ub, op, opr, lit, n_ops, params, v0, rho,
[36m(CPUDet4Actor pid=3569587, ip=10.10.2.2)[0m /home/qaragoez/symclf_clean/symclf/examples/4DCartPolerV10/../DET4Fast4D_V10/slsqp_nb.py:993: NumbaWarning: [1m[1m[1mCannot cache compiled function "_lsq" as it uses dynamic globals (such as ctypes pointers and large global arrays)[0m[0m[0m
[36m(CPUDet4Actor pid=3569587, ip=10.10.2.2)[0m   x, f, mode, it = slsqp_solve(kind, seeds[k], lb, ub, op, opr, lit, n_ops, params, v0, rho,
[36m(CPUDet4Actor pid=3569587, ip=10.10.2.2)[0m /home/qaragoez/symclf_clean/symclf/examples/4DCartPolerV10/../DET4Fast4D_V10/slsqp_nb.py:993: NumbaWarning: [1m[1mCannot cache compiled function "slsqp_solve" as it uses dynamic globals (such as ctypes pointers and large global arrays)[0m[0m
[36m(CPUDet4Actor pid=3569587, ip=10.10.2.2)[0m   x, f, mode, it = slsqp_solve(kind, seeds[k], lb, ub, op, opr, lit, n_ops, params, v0, rho,
[36m(CPUDet4Actor pid=3569559, ip=10.10.2.2)[0m /home/qaragoez/symclf_clean/symclf/examples/4DCartPolerV10/../DET4Fast4D_V10/slsqp_nb.py:993: NumbaWarning: [1m[1m[1m[1m[1m[1m[1mCannot cache compiled function "_nnls" as it uses dynamic globals (such as ctypes pointers and large global arrays)[0m[0m[0m[0m[0m[0m[0m
[36m(CPUDet4Actor pid=3569559, ip=10.10.2.2)[0m   x, f, mode, it = slsqp_solve(kind, seeds[k], lb, ub, op, opr, lit, n_ops, params, v0, rho,
[36m(CPUDet4Actor pid=3569559, ip=10.10.2.2)[0m /home/qaragoez/symclf_clean/symclf/examples/4DCartPolerV10/../DET4Fast4D_V10/slsqp_nb.py:993: NumbaWarning: [1m[1m[1m[1m[1m[1mCannot cache compiled function "_ldp" as it uses dynamic globals (such as ctypes pointers and large global arrays)[0m[0m[0m[0m[0m[0m
[36m(CPUDet4Actor pid=3569559, ip=10.10.2.2)[0m   x, f, mode, it = slsqp_solve(kind, seeds[k], lb, ub, op, opr, lit, n_ops, params, v0, rho,
[36m(CPUDet4Actor pid=3569559, ip=10.10.2.2)[0m /home/qaragoez/symclf_clean/symclf/examples/4DCartPolerV10/../DET4Fast4D_V10/slsqp_nb.py:993: NumbaWarning: [1m[1m[1m[1m[1mCannot cache compiled function "_lsi" as it uses dynamic globals (such as ctypes pointers and large global arrays)[0m[0m[0m[0m[0m
[36m(CPUDet4Actor pid=3569559, ip=10.10.2.2)[0m   x, f, mode, it = slsqp_solve(kind, seeds[k], lb, ub, op, opr, lit, n_ops, params, v0, rho,
[36m(CPUDet4Actor pid=3569559, ip=10.10.2.2)[0m /home/qaragoez/symclf_clean/symclf/examples/4DCartPolerV10/../DET4Fast4D_V10/slsqp_nb.py:993: NumbaWarning: [1m[1m[1m[1mCannot cache compiled function "_lsei" as it uses dynamic globals (such as ctypes pointers and large global arrays)[0m[0m[0m[0m
[36m(CPUDet4Actor pid=3569559, ip=10.10.2.2)[0m   x, f, mode, it = slsqp_solve(kind, seeds[k], lb, ub, op, opr, lit, n_ops, params, v0, rho,
[36m(CPUDet4Actor pid=3569559, ip=10.10.2.2)[0m /home/qaragoez/symclf_clean/symclf/examples/4DCartPolerV10/../DET4Fast4D_V10/slsqp_nb.py:993: NumbaWarning: [1m[1m[1mCannot cache compiled function "_lsq" as it uses dynamic globals (such as ctypes pointers and large global arrays)[0m[0m[0m
[36m(CPUDet4Actor pid=3569559, ip=10.10.2.2)[0m   x, f, mode, it = slsqp_solve(kind, seeds[k], lb, ub, op, opr, lit, n_ops, params, v0, rho,
[36m(CPUDet4Actor pid=3569559, ip=10.10.2.2)[0m /home/qaragoez/symclf_clean/symclf/examples/4DCartPolerV10/../DET4Fast4D_V10/slsqp_nb.py:993: NumbaWarning: [1m[1mCannot cache compiled function "slsqp_solve" as it uses dynamic globals (such as ctypes pointers and large global arrays)[0m[0m
[36m(CPUDet4Actor pid=3569559, ip=10.10.2.2)[0m   x, f, mode, it = slsqp_solve(kind, seeds[k], lb, ub, op, opr, lit, n_ops, params, v0, rho,
[36m(CPUDet4Actor pid=3569582, ip=10.10.2.2)[0m /home/qaragoez/symclf_clean/symclf/examples/4DCartPolerV10/../DET4Fast4D_V10/slsqp_nb.py:993: NumbaWarning: [1m[1m[1m[1m[1m[1m[1mCannot cache compiled function "_nnls" as it uses dynamic globals (such as ctypes pointers and large global arrays)[0m[0m[0m[0m[0m[0m[0m
[36m(CPUDet4Actor pid=3569582, ip=10.10.2.2)[0m   x, f, mode, it = slsqp_solve(kind, seeds[k], lb, ub, op, opr, lit, n_ops, params, v0, rho,
[36m(CPUDet4Actor pid=3569582, ip=10.10.2.2)[0m /home/qaragoez/symclf_clean/symclf/examples/4DCartPolerV10/../DET4Fast4D_V10/slsqp_nb.py:993: NumbaWarning: [1m[1m[1m[1m[1m[1mCannot cache compiled function "_ldp" as it uses dynamic globals (such as ctypes pointers and large global arrays)[0m[0m[0m[0m[0m[0m
[36m(CPUDet4Actor pid=3569582, ip=10.10.2.2)[0m   x, f, mode, it = slsqp_solve(kind, seeds[k], lb, ub, op, opr, lit, n_ops, params, v0, rho,
[36m(CPUDet4Actor pid=3569582, ip=10.10.2.2)[0m /home/qaragoez/symclf_clean/symclf/examples/4DCartPolerV10/../DET4Fast4D_V10/slsqp_nb.py:993: NumbaWarning: [1m[1m[1m[1m[1mCannot cache compiled function "_lsi" as it uses dynamic globals (such as ctypes pointers and large global arrays)[0m[0m[0m[0m[0m
[36m(CPUDet4Actor pid=3569582, ip=10.10.2.2)[0m   x, f, mode, it = slsqp_solve(kind, seeds[k], lb, ub, op, opr, lit, n_ops, params, v0, rho,
[36m(CPUDet4Actor pid=3569582, ip=10.10.2.2)[0m /home/qaragoez/symclf_clean/symclf/examples/4DCartPolerV10/../DET4Fast4D_V10/slsqp_nb.py:993: NumbaWarning: [1m[1m[1m[1mCannot cache compiled function "_lsei" as it uses dynamic globals (such as ctypes pointers and large global arrays)[0m[0m[0m[0m
[36m(CPUDet4Actor pid=3569582, ip=10.10.2.2)[0m   x, f, mode, it = slsqp_solve(kind, seeds[k], lb, ub, op, opr, lit, n_ops, params, v0, rho,
[36m(CPUDet4Actor pid=3569582, ip=10.10.2.2)[0m /home/qaragoez/symclf_clean/symclf/examples/4DCartPolerV10/../DET4Fast4D_V10/slsqp_nb.py:993: NumbaWarning: [1m[1m[1mCannot cache compiled function "_lsq" as it uses dynamic globals (such as ctypes pointers and large global arrays)[0m[0m[0m
[36m(CPUDet4Actor pid=3569582, ip=10.10.2.2)[0m   x, f, mode, it = slsqp_solve(kind, seeds[k], lb, ub, op, opr, lit, n_ops, params, v0, rho,
[36m(CPUDet4Actor pid=3569582, ip=10.10.2.2)[0m /home/qaragoez/symclf_clean/symclf/examples/4DCartPolerV10/../DET4Fast4D_V10/slsqp_nb.py:993: NumbaWarning: [1m[1mCannot cache compiled function "slsqp_solve" as it uses dynamic globals (such as ctypes pointers and large global arrays)[0m[0m
[36m(CPUDet4Actor pid=3569582, ip=10.10.2.2)[0m   x, f, mode, it = slsqp_solve(kind, seeds[k], lb, ub, op, opr, lit, n_ops, params, v0, rho,
[36m(CPUDet4Actor pid=3569586, ip=10.10.2.2)[0m /home/qaragoez/symclf_clean/symclf/examples/4DCartPolerV10/../DET4Fast4D_V10/slsqp_nb.py:993: NumbaWarning: [1m[1m[1m[1m[1m[1m[1mCannot cache compiled function "_nnls" as it uses dynamic globals (such as ctypes pointers and large global arrays)[0m[0m[0m[0m[0m[0m[0m
[36m(CPUDet4Actor pid=3569586, ip=10.10.2.2)[0m   x, f, mode, it = slsqp_solve(kind, seeds[k], lb, ub, op, opr, lit, n_ops, params, v0, rho,
[36m(CPUDet4Actor pid=3569586, ip=10.10.2.2)[0m /home/qaragoez/symclf_clean/symclf/examples/4DCartPolerV10/../DET4Fast4D_V10/slsqp_nb.py:993: NumbaWarning: [1m[1m[1m[1m[1m[1mCannot cache compiled function "_ldp" as it uses dynamic globals (such as ctypes pointers and large global arrays)[0m[0m[0m[0m[0m[0m
[36m(CPUDet4Actor pid=3569586, ip=10.10.2.2)[0m   x, f, mode, it = slsqp_solve(kind, seeds[k], lb, ub, op, opr, lit, n_ops, params, v0, rho,
[36m(CPUDet4Actor pid=3569586, ip=10.10.2.2)[0m /home/qaragoez/symclf_clean/symclf/examples/4DCartPolerV10/../DET4Fast4D_V10/slsqp_nb.py:993: NumbaWarning: [1m[1m[1m[1m[1mCannot cache compiled function "_lsi" as it uses dynamic globals (such as ctypes pointers and large global arrays)[0m[0m[0m[0m[0m
[36m(CPUDet4Actor pid=3569586, ip=10.10.2.2)[0m   x, f, mode, it = slsqp_solve(kind, seeds[k], lb, ub, op, opr, lit, n_ops, params, v0, rho,
[36m(CPUDet4Actor pid=3569586, ip=10.10.2.2)[0m /home/qaragoez/symclf_clean/symclf/examples/4DCartPolerV10/../DET4Fast4D_V10/slsqp_nb.py:993: NumbaWarning: [1m[1m[1m[1mCannot cache compiled function "_lsei" as it uses dynamic globals (such as ctypes pointers and large global arrays)[0m[0m[0m[0m
[36m(CPUDet4Actor pid=3569586, ip=10.10.2.2)[0m   x, f, mode, it = slsqp_solve(kind, seeds[k], lb, ub, op, opr, lit, n_ops, params, v0, rho,
[36m(CPUDet4Actor pid=3569586, ip=10.10.2.2)[0m /home/qaragoez/symclf_clean/symclf/examples/4DCartPolerV10/../DET4Fast4D_V10/slsqp_nb.py:993: NumbaWarning: [1m[1m[1mCannot cache compiled function "_lsq" as it uses dynamic globals (such as ctypes pointers and large global arrays)[0m[0m[0m
[36m(CPUDet4Actor pid=3569586, ip=10.10.2.2)[0m   x, f, mode, it = slsqp_solve(kind, seeds[k], lb, ub, op, opr, lit, n_ops, params, v0, rho,
[36m(CPUDet4Actor pid=3569586, ip=10.10.2.2)[0m /home/qaragoez/symclf_clean/symclf/examples/4DCartPolerV10/../DET4Fast4D_V10/slsqp_nb.py:993: NumbaWarning: [1m[1mCannot cache compiled function "slsqp_solve" as it uses dynamic globals (such as ctypes pointers and large global arrays)[0m[0m
[36m(CPUDet4Actor pid=3569586, ip=10.10.2.2)[0m   x, f, mode, it = slsqp_solve(kind, seeds[k], lb, ub, op, opr, lit, n_ops, params, v0, rho,
[36m(CPUDet4Actor pid=3569553, ip=10.10.2.2)[0m /home/qaragoez/symclf_clean/symclf/examples/4DCartPolerV10/../DET4Fast4D_V10/slsqp_nb.py:993: NumbaWarning: [1m[1m[1m[1m[1m[1m[1mCannot cache compiled function "_nnls" as it uses dynamic globals (such as ctypes pointers and large global arrays)[0m[0m[0m[0m[0m[0m[0m
[36m(CPUDet4Actor pid=3569553, ip=10.10.2.2)[0m   x, f, mode, it = slsqp_solve(kind, seeds[k], lb, ub, op, opr, lit, n_ops, params, v0, rho,
[36m(CPUDet4Actor pid=3569553, ip=10.10.2.2)[0m /home/qaragoez/symclf_clean/symclf/examples/4DCartPolerV10/../DET4Fast4D_V10/slsqp_nb.py:993: NumbaWarning: [1m[1m[1m[1m[1m[1mCannot cache compiled function "_ldp" as it uses dynamic globals (such as ctypes pointers and large global arrays)[0m[0m[0m[0m[0m[0m
[36m(CPUDet4Actor pid=3569553, ip=10.10.2.2)[0m   x, f, mode, it = slsqp_solve(kind, seeds[k], lb, ub, op, opr, lit, n_ops, params, v0, rho,
[36m(CPUDet4Actor pid=3569553, ip=10.10.2.2)[0m /home/qaragoez/symclf_clean/symclf/examples/4DCartPolerV10/../DET4Fast4D_V10/slsqp_nb.py:993: NumbaWarning: [1m[1m[1m[1m[1mCannot cache compiled function "_lsi" as it uses dynamic globals (such as ctypes pointers and large global arrays)[0m[0m[0m[0m[0m
[36m(CPUDet4Actor pid=3569553, ip=10.10.2.2)[0m   x, f, mode, it = slsqp_solve(kind, seeds[k], lb, ub, op, opr, lit, n_ops, params, v0, rho,
[36m(CPUDet4Actor pid=3569553, ip=10.10.2.2)[0m /home/qaragoez/symclf_clean/symclf/examples/4DCartPolerV10/../DET4Fast4D_V10/slsqp_nb.py:993: NumbaWarning: [1m[1m[1m[1mCannot cache compiled function "_lsei" as it uses dynamic globals (such as ctypes pointers and large global arrays)[0m[0m[0m[0m
[36m(CPUDet4Actor pid=3569553, ip=10.10.2.2)[0m   x, f, mode, it = slsqp_solve(kind, seeds[k], lb, ub, op, opr, lit, n_ops, params, v0, rho,
[36m(CPUDet4Actor pid=3569553, ip=10.10.2.2)[0m /home/qaragoez/symclf_clean/symclf/examples/4DCartPolerV10/../DET4Fast4D_V10/slsqp_nb.py:993: NumbaWarning: [1m[1m[1mCannot cache compiled function "_lsq" as it uses dynamic globals (such as ctypes pointers and large global arrays)[0m[0m[0m
[36m(CPUDet4Actor pid=3569553, ip=10.10.2.2)[0m   x, f, mode, it = slsqp_solve(kind, seeds[k], lb, ub, op, opr, lit, n_ops, params, v0, rho,
[36m(CPUDet4Actor pid=3569553, ip=10.10.2.2)[0m /home/qaragoez/symclf_clean/symclf/examples/4DCartPolerV10/../DET4Fast4D_V10/slsqp_nb.py:993: NumbaWarning: [1m[1mCannot cache compiled function "slsqp_solve" as it uses dynamic globals (such as ctypes pointers and large global arrays)[0m[0m
[36m(CPUDet4Actor pid=3569553, ip=10.10.2.2)[0m   x, f, mode, it = slsqp_solve(kind, seeds[k], lb, ub, op, opr, lit, n_ops, params, v0, rho,
[36m(CPUDet4Actor pid=3315507)[0m /home/qaragoez/symclf_clean/symclf/examples/4DCartPolerV10/../DET4Fast4D_V10/slsqp_nb.py:993: NumbaWarning: [1m[1m[1m[1m[1m[1m[1mCannot cache compiled function "_nnls" as it uses dynamic globals (such as ctypes pointers and large global arrays)[0m[0m[0m[0m[0m[0m[0m
[36m(CPUDet4Actor pid=3315507)[0m   x, f, mode, it = slsqp_solve(kind, seeds[k], lb, ub, op, opr, lit, n_ops, params, v0, rho,
[36m(CPUDet4Actor pid=3315507)[0m /home/qaragoez/symclf_clean/symclf/examples/4DCartPolerV10/../DET4Fast4D_V10/slsqp_nb.py:993: NumbaWarning: [1m[1m[1m[1m[1m[1mCannot cache compiled function "_ldp" as it uses dynamic globals (such as ctypes pointers and large global arrays)[0m[0m[0m[0m[0m[0m
[36m(CPUDet4Actor pid=3315507)[0m   x, f, mode, it = slsqp_solve(kind, seeds[k], lb, ub, op, opr, lit, n_ops, params, v0, rho,
[36m(CPUDet4Actor pid=3315507)[0m /home/qaragoez/symclf_clean/symclf/examples/4DCartPolerV10/../DET4Fast4D_V10/slsqp_nb.py:993: NumbaWarning: [1m[1m[1m[1m[1mCannot cache compiled function "_lsi" as it uses dynamic globals (such as ctypes pointers and large global arrays)[0m[0m[0m[0m[0m
[36m(CPUDet4Actor pid=3315507)[0m   x, f, mode, it = slsqp_solve(kind, seeds[k], lb, ub, op, opr, lit, n_ops, params, v0, rho,
[36m(CPUDet4Actor pid=3315507)[0m /home/qaragoez/symclf_clean/symclf/examples/4DCartPolerV10/../DET4Fast4D_V10/slsqp_nb.py:993: NumbaWarning: [1m[1m[1m[1mCannot cache compiled function "_lsei" as it uses dynamic globals (such as ctypes pointers and large global arrays)[0m[0m[0m[0m
[36m(CPUDet4Actor pid=3315507)[0m   x, f, mode, it = slsqp_solve(kind, seeds[k], lb, ub, op, opr, lit, n_ops, params, v0, rho,
[36m(CPUDet4Actor pid=3315507)[0m /home/qaragoez/symclf_clean/symclf/examples/4DCartPolerV10/../DET4Fast4D_V10/slsqp_nb.py:993: NumbaWarning: [1m[1m[1mCannot cache compiled function "_lsq" as it uses dynamic globals (such as ctypes pointers and large global arrays)[0m[0m[0m
[36m(CPUDet4Actor pid=3315507)[0m   x, f, mode, it = slsqp_solve(kind, seeds[k], lb, ub, op, opr, lit, n_ops, params, v0, rho,
[36m(CPUDet4Actor pid=3315507)[0m /home/qaragoez/symclf_clean/symclf/examples/4DCartPolerV10/../DET4Fast4D_V10/slsqp_nb.py:993: NumbaWarning: [1m[1mCannot cache compiled function "slsqp_solve" as it uses dynamic globals (such as ctypes pointers and large global arrays)[0m[0m
[36m(CPUDet4Actor pid=3315507)[0m   x, f, mode, it = slsqp_solve(kind, seeds[k], lb, ub, op, opr, lit, n_ops, params, v0, rho,
[36m(CPUDet4Actor pid=3315525)[0m /home/qaragoez/symclf_clean/symclf/examples/4DCartPolerV10/../DET4Fast4D_V10/slsqp_nb.py:993: NumbaWarning: [1m[1m[1m[1m[1m[1m[1mCannot cache compiled function "_nnls" as it uses dynamic globals (such as ctypes pointers and large global arrays)[0m[0m[0m[0m[0m[0m[0m
[36m(CPUDet4Actor pid=3315525)[0m   x, f, mode, it = slsqp_solve(kind, seeds[k], lb, ub, op, opr, lit, n_ops, params, v0, rho,
[36m(CPUDet4Actor pid=3315525)[0m /home/qaragoez/symclf_clean/symclf/examples/4DCartPolerV10/../DET4Fast4D_V10/slsqp_nb.py:993: NumbaWarning: [1m[1m[1m[1m[1m[1mCannot cache compiled function "_ldp" as it uses dynamic globals (such as ctypes pointers and large global arrays)[0m[0m[0m[0m[0m[0m
[36m(CPUDet4Actor pid=3315525)[0m   x, f, mode, it = slsqp_solve(kind, seeds[k], lb, ub, op, opr, lit, n_ops, params, v0, rho,
[36m(CPUDet4Actor pid=3315525)[0m /home/qaragoez/symclf_clean/symclf/examples/4DCartPolerV10/../DET4Fast4D_V10/slsqp_nb.py:993: NumbaWarning: [1m[1m[1m[1m[1mCannot cache compiled function "_lsi" as it uses dynamic globals (such as ctypes pointers and large global arrays)[0m[0m[0m[0m[0m
[36m(CPUDet4Actor pid=3315525)[0m   x, f, mode, it = slsqp_solve(kind, seeds[k], lb, ub, op, opr, lit, n_ops, params, v0, rho,
[36m(CPUDet4Actor pid=3315525)[0m /home/qaragoez/symclf_clean/symclf/examples/4DCartPolerV10/../DET4Fast4D_V10/slsqp_nb.py:993: NumbaWarning: [1m[1m[1m[1mCannot cache compiled function "_lsei" as it uses dynamic globals (such as ctypes pointers and large global arrays)[0m[0m[0m[0m
[36m(CPUDet4Actor pid=3315525)[0m   x, f, mode, it = slsqp_solve(kind, seeds[k], lb, ub, op, opr, lit, n_ops, params, v0, rho,
[36m(CPUDet4Actor pid=3315525)[0m /home/qaragoez/symclf_clean/symclf/examples/4DCartPolerV10/../DET4Fast4D_V10/slsqp_nb.py:993: NumbaWarning: [1m[1m[1mCannot cache compiled function "_lsq" as it uses dynamic globals (such as ctypes pointers and large global arrays)[0m[0m[0m
[36m(CPUDet4Actor pid=3315525)[0m   x, f, mode, it = slsqp_solve(kind, seeds[k], lb, ub, op, opr, lit, n_ops, params, v0, rho,
[36m(CPUDet4Actor pid=3315525)[0m /home/qaragoez/symclf_clean/symclf/examples/4DCartPolerV10/../DET4Fast4D_V10/slsqp_nb.py:993: NumbaWarning: [1m[1mCannot cache compiled function "slsqp_solve" as it uses dynamic globals (such as ctypes pointers and large global arrays)[0m[0m
[36m(CPUDet4Actor pid=3315525)[0m   x, f, mode, it = slsqp_solve(kind, seeds[k], lb, ub, op, opr, lit, n_ops, params, v0, rho,
[36m(CPUDet4Actor pid=3315531)[0m /home/qaragoez/symclf_clean/symclf/examples/4DCartPolerV10/../DET4Fast4D_V10/slsqp_nb.py:993: NumbaWarning: [1m[1m[1m[1m[1m[1m[1mCannot cache compiled function "_nnls" as it uses dynamic globals (such as ctypes pointers and large global arrays)[0m[0m[0m[0m[0m[0m[0m
[36m(CPUDet4Actor pid=3315531)[0m   x, f, mode, it = slsqp_solve(kind, seeds[k], lb, ub, op, opr, lit, n_ops, params, v0, rho,
[36m(CPUDet4Actor pid=3315531)[0m /home/qaragoez/symclf_clean/symclf/examples/4DCartPolerV10/../DET4Fast4D_V10/slsqp_nb.py:993: NumbaWarning: [1m[1m[1m[1m[1m[1mCannot cache compiled function "_ldp" as it uses dynamic globals (such as ctypes pointers and large global arrays)[0m[0m[0m[0m[0m[0m
[36m(CPUDet4Actor pid=3315531)[0m   x, f, mode, it = slsqp_solve(kind, seeds[k], lb, ub, op, opr, lit, n_ops, params, v0, rho,
[36m(CPUDet4Actor pid=3315531)[0m /home/qaragoez/symclf_clean/symclf/examples/4DCartPolerV10/../DET4Fast4D_V10/slsqp_nb.py:993: NumbaWarning: [1m[1m[1m[1m[1mCannot cache compiled function "_lsi" as it uses dynamic globals (such as ctypes pointers and large global arrays)[0m[0m[0m[0m[0m
[36m(CPUDet4Actor pid=3315531)[0m   x, f, mode, it = slsqp_solve(kind, seeds[k], lb, ub, op, opr, lit, n_ops, params, v0, rho,
[36m(CPUDet4Actor pid=3315531)[0m /home/qaragoez/symclf_clean/symclf/examples/4DCartPolerV10/../DET4Fast4D_V10/slsqp_nb.py:993: NumbaWarning: [1m[1m[1m[1mCannot cache compiled function "_lsei" as it uses dynamic globals (such as ctypes pointers and large global arrays)[0m[0m[0m[0m
[36m(CPUDet4Actor pid=3315531)[0m   x, f, mode, it = slsqp_solve(kind, seeds[k], lb, ub, op, opr, lit, n_ops, params, v0, rho,
[36m(CPUDet4Actor pid=3315531)[0m /home/qaragoez/symclf_clean/symclf/examples/4DCartPolerV10/../DET4Fast4D_V10/slsqp_nb.py:993: NumbaWarning: [1m[1m[1mCannot cache compiled function "_lsq" as it uses dynamic globals (such as ctypes pointers and large global arrays)[0m[0m[0m
[36m(CPUDet4Actor pid=3315531)[0m   x, f, mode, it = slsqp_solve(kind, seeds[k], lb, ub, op, opr, lit, n_ops, params, v0, rho,
[36m(CPUDet4Actor pid=3315531)[0m /home/qaragoez/symclf_clean/symclf/examples/4DCartPolerV10/../DET4Fast4D_V10/slsqp_nb.py:993: NumbaWarning: [1m[1mCannot cache compiled function "slsqp_solve" as it uses dynamic globals (such as ctypes pointers and large global arrays)[0m[0m
[36m(CPUDet4Actor pid=3315531)[0m   x, f, mode, it = slsqp_solve(kind, seeds[k], lb, ub, op, opr, lit, n_ops, params, v0, rho,
[36m(CPUDet4Actor pid=3569552, ip=10.10.2.2)[0m /home/qaragoez/symclf_clean/symclf/examples/4DCartPolerV10/../DET4Fast4D_V10/slsqp_nb.py:993: NumbaWarning: [1m[1m[1m[1m[1m[1m[1mCannot cache compiled function "_nnls" as it uses dynamic globals (such as ctypes pointers and large global arrays)[0m[0m[0m[0m[0m[0m[0m
[36m(CPUDet4Actor pid=3569552, ip=10.10.2.2)[0m   x, f, mode, it = slsqp_solve(kind, seeds[k], lb, ub, op, opr, lit, n_ops, params, v0, rho,
[36m(CPUDet4Actor pid=3569552, ip=10.10.2.2)[0m /home/qaragoez/symclf_clean/symclf/examples/4DCartPolerV10/../DET4Fast4D_V10/slsqp_nb.py:993: NumbaWarning: [1m[1m[1m[1m[1m[1mCannot cache compiled function "_ldp" as it uses dynamic globals (such as ctypes pointers and large global arrays)[0m[0m[0m[0m[0m[0m
[36m(CPUDet4Actor pid=3569552, ip=10.10.2.2)[0m   x, f, mode, it = slsqp_solve(kind, seeds[k], lb, ub, op, opr, lit, n_ops, params, v0, rho,
[36m(CPUDet4Actor pid=3569552, ip=10.10.2.2)[0m /home/qaragoez/symclf_clean/symclf/examples/4DCartPolerV10/../DET4Fast4D_V10/slsqp_nb.py:993: NumbaWarning: [1m[1m[1m[1m[1mCannot cache compiled function "_lsi" as it uses dynamic globals (such as ctypes pointers and large global arrays)[0m[0m[0m[0m[0m
[36m(CPUDet4Actor pid=3569552, ip=10.10.2.2)[0m   x, f, mode, it = slsqp_solve(kind, seeds[k], lb, ub, op, opr, lit, n_ops, params, v0, rho,
[36m(CPUDet4Actor pid=3569552, ip=10.10.2.2)[0m /home/qaragoez/symclf_clean/symclf/examples/4DCartPolerV10/../DET4Fast4D_V10/slsqp_nb.py:993: NumbaWarning: [1m[1m[1m[1mCannot cache compiled function "_lsei" as it uses dynamic globals (such as ctypes pointers and large global arrays)[0m[0m[0m[0m
[36m(CPUDet4Actor pid=3569552, ip=10.10.2.2)[0m   x, f, mode, it = slsqp_solve(kind, seeds[k], lb, ub, op, opr, lit, n_ops, params, v0, rho,
[36m(CPUDet4Actor pid=3569552, ip=10.10.2.2)[0m /home/qaragoez/symclf_clean/symclf/examples/4DCartPolerV10/../DET4Fast4D_V10/slsqp_nb.py:993: NumbaWarning: [1m[1m[1mCannot cache compiled function "_lsq" as it uses dynamic globals (such as ctypes pointers and large global arrays)[0m[0m[0m
[36m(CPUDet4Actor pid=3569552, ip=10.10.2.2)[0m   x, f, mode, it = slsqp_solve(kind, seeds[k], lb, ub, op, opr, lit, n_ops, params, v0, rho,
[36m(CPUDet4Actor pid=3569552, ip=10.10.2.2)[0m /home/qaragoez/symclf_clean/symclf/examples/4DCartPolerV10/../DET4Fast4D_V10/slsqp_nb.py:993: NumbaWarning: [1m[1mCannot cache compiled function "slsqp_solve" as it uses dynamic globals (such as ctypes pointers and large global arrays)[0m[0m
[36m(CPUDet4Actor pid=3569552, ip=10.10.2.2)[0m   x, f, mode, it = slsqp_solve(kind, seeds[k], lb, ub, op, opr, lit, n_ops, params, v0, rho,
[36m(CPUDet4Actor pid=3569573, ip=10.10.2.2)[0m /home/qaragoez/symclf_clean/symclf/examples/4DCartPolerV10/../DET4Fast4D_V10/slsqp_nb.py:993: NumbaWarning: [1m[1m[1m[1m[1m[1m[1mCannot cache compiled function "_nnls" as it uses dynamic globals (such as ctypes pointers and large global arrays)[0m[0m[0m[0m[0m[0m[0m
[36m(CPUDet4Actor pid=3569573, ip=10.10.2.2)[0m   x, f, mode, it = slsqp_solve(kind, seeds[k], lb, ub, op, opr, lit, n_ops, params, v0, rho,
[36m(CPUDet4Actor pid=3569573, ip=10.10.2.2)[0m /home/qaragoez/symclf_clean/symclf/examples/4DCartPolerV10/../DET4Fast4D_V10/slsqp_nb.py:993: NumbaWarning: [1m[1m[1m[1m[1m[1mCannot cache compiled function "_ldp" as it uses dynamic globals (such as ctypes pointers and large global arrays)[0m[0m[0m[0m[0m[0m
[36m(CPUDet4Actor pid=3569573, ip=10.10.2.2)[0m   x, f, mode, it = slsqp_solve(kind, seeds[k], lb, ub, op, opr, lit, n_ops, params, v0, rho,
[36m(CPUDet4Actor pid=3569573, ip=10.10.2.2)[0m /home/qaragoez/symclf_clean/symclf/examples/4DCartPolerV10/../DET4Fast4D_V10/slsqp_nb.py:993: NumbaWarning: [1m[1m[1m[1m[1mCannot cache compiled function "_lsi" as it uses dynamic globals (such as ctypes pointers and large global arrays)[0m[0m[0m[0m[0m
[36m(CPUDet4Actor pid=3569573, ip=10.10.2.2)[0m   x, f, mode, it = slsqp_solve(kind, seeds[k], lb, ub, op, opr, lit, n_ops, params, v0, rho,
[36m(CPUDet4Actor pid=3569573, ip=10.10.2.2)[0m /home/qaragoez/symclf_clean/symclf/examples/4DCartPolerV10/../DET4Fast4D_V10/slsqp_nb.py:993: NumbaWarning: [1m[1m[1m[1mCannot cache compiled function "_lsei" as it uses dynamic globals (such as ctypes pointers and large global arrays)[0m[0m[0m[0m
[36m(CPUDet4Actor pid=3569573, ip=10.10.2.2)[0m   x, f, mode, it = slsqp_solve(kind, seeds[k], lb, ub, op, opr, lit, n_ops, params, v0, rho,
[36m(CPUDet4Actor pid=3569573, ip=10.10.2.2)[0m /home/qaragoez/symclf_clean/symclf/examples/4DCartPolerV10/../DET4Fast4D_V10/slsqp_nb.py:993: NumbaWarning: [1m[1m[1mCannot cache compiled function "_lsq" as it uses dynamic globals (such as ctypes pointers and large global arrays)[0m[0m[0m
[36m(CPUDet4Actor pid=3569573, ip=10.10.2.2)[0m   x, f, mode, it = slsqp_solve(kind, seeds[k], lb, ub, op, opr, lit, n_ops, params, v0, rho,
[36m(CPUDet4Actor pid=3569573, ip=10.10.2.2)[0m /home/qaragoez/symclf_clean/symclf/examples/4DCartPolerV10/../DET4Fast4D_V10/slsqp_nb.py:993: NumbaWarning: [1m[1mCannot cache compiled function "slsqp_solve" as it uses dynamic globals (such as ctypes pointers and large global arrays)[0m[0m
[36m(CPUDet4Actor pid=3569573, ip=10.10.2.2)[0m   x, f, mode, it = slsqp_solve(kind, seeds[k], lb, ub, op, opr, lit, n_ops, params, v0, rho,
[36m(CPUDet4Actor pid=3569554, ip=10.10.2.2)[0m /home/qaragoez/symclf_clean/symclf/examples/4DCartPolerV10/../DET4Fast4D_V10/slsqp_nb.py:993: NumbaWarning: [1m[1m[1m[1m[1m[1m[1mCannot cache compiled function "_nnls" as it uses dynamic globals (such as ctypes pointers and large global arrays)[0m[0m[0m[0m[0m[0m[0m
[36m(CPUDet4Actor pid=3569554, ip=10.10.2.2)[0m   x, f, mode, it = slsqp_solve(kind, seeds[k], lb, ub, op, opr, lit, n_ops, params, v0, rho,
[36m(CPUDet4Actor pid=3569554, ip=10.10.2.2)[0m /home/qaragoez/symclf_clean/symclf/examples/4DCartPolerV10/../DET4Fast4D_V10/slsqp_nb.py:993: NumbaWarning: [1m[1m[1m[1m[1m[1mCannot cache compiled function "_ldp" as it uses dynamic globals (such as ctypes pointers and large global arrays)[0m[0m[0m[0m[0m[0m
[36m(CPUDet4Actor pid=3569554, ip=10.10.2.2)[0m   x, f, mode, it = slsqp_solve(kind, seeds[k], lb, ub, op, opr, lit, n_ops, params, v0, rho,
[36m(CPUDet4Actor pid=3569554, ip=10.10.2.2)[0m /home/qaragoez/symclf_clean/symclf/examples/4DCartPolerV10/../DET4Fast4D_V10/slsqp_nb.py:993: NumbaWarning: [1m[1m[1m[1m[1mCannot cache compiled function "_lsi" as it uses dynamic globals (such as ctypes pointers and large global arrays)[0m[0m[0m[0m[0m
[36m(CPUDet4Actor pid=3569554, ip=10.10.2.2)[0m   x, f, mode, it = slsqp_solve(kind, seeds[k], lb, ub, op, opr, lit, n_ops, params, v0, rho,
[36m(CPUDet4Actor pid=3569554, ip=10.10.2.2)[0m /home/qaragoez/symclf_clean/symclf/examples/4DCartPolerV10/../DET4Fast4D_V10/slsqp_nb.py:993: NumbaWarning: [1m[1m[1m[1mCannot cache compiled function "_lsei" as it uses dynamic globals (such as ctypes pointers and large global arrays)[0m[0m[0m[0m
[36m(CPUDet4Actor pid=3569554, ip=10.10.2.2)[0m   x, f, mode, it = slsqp_solve(kind, seeds[k], lb, ub, op, opr, lit, n_ops, params, v0, rho,
[36m(CPUDet4Actor pid=3569554, ip=10.10.2.2)[0m /home/qaragoez/symclf_clean/symclf/examples/4DCartPolerV10/../DET4Fast4D_V10/slsqp_nb.py:993: NumbaWarning: [1m[1m[1mCannot cache compiled function "_lsq" as it uses dynamic globals (such as ctypes pointers and large global arrays)[0m[0m[0m
[36m(CPUDet4Actor pid=3569554, ip=10.10.2.2)[0m   x, f, mode, it = slsqp_solve(kind, seeds[k], lb, ub, op, opr, lit, n_ops, params, v0, rho,
[36m(CPUDet4Actor pid=3569554, ip=10.10.2.2)[0m /home/qaragoez/symclf_clean/symclf/examples/4DCartPolerV10/../DET4Fast4D_V10/slsqp_nb.py:993: NumbaWarning: [1m[1mCannot cache compiled function "slsqp_solve" as it uses dynamic globals (such as ctypes pointers and large global arrays)[0m[0m
[36m(CPUDet4Actor pid=3569554, ip=10.10.2.2)[0m   x, f, mode, it = slsqp_solve(kind, seeds[k], lb, ub, op, opr, lit, n_ops, params, v0, rho,
[36m(CPUDet4Actor pid=3569555, ip=10.10.2.2)[0m /home/qaragoez/symclf_clean/symclf/examples/4DCartPolerV10/../DET4Fast4D_V10/slsqp_nb.py:993: NumbaWarning: [1m[1m[1m[1m[1m[1m[1mCannot cache compiled function "_nnls" as it uses dynamic globals (such as ctypes pointers and large global arrays)[0m[0m[0m[0m[0m[0m[0m
[36m(CPUDet4Actor pid=3569555, ip=10.10.2.2)[0m   x, f, mode, it = slsqp_solve(kind, seeds[k], lb, ub, op, opr, lit, n_ops, params, v0, rho,
[36m(CPUDet4Actor pid=3569555, ip=10.10.2.2)[0m /home/qaragoez/symclf_clean/symclf/examples/4DCartPolerV10/../DET4Fast4D_V10/slsqp_nb.py:993: NumbaWarning: [1m[1m[1m[1m[1m[1mCannot cache compiled function "_ldp" as it uses dynamic globals (such as ctypes pointers and large global arrays)[0m[0m[0m[0m[0m[0m
[36m(CPUDet4Actor pid=3569555, ip=10.10.2.2)[0m   x, f, mode, it = slsqp_solve(kind, seeds[k], lb, ub, op, opr, lit, n_ops, params, v0, rho,
[36m(CPUDet4Actor pid=3569555, ip=10.10.2.2)[0m /home/qaragoez/symclf_clean/symclf/examples/4DCartPolerV10/../DET4Fast4D_V10/slsqp_nb.py:993: NumbaWarning: [1m[1m[1m[1m[1mCannot cache compiled function "_lsi" as it uses dynamic globals (such as ctypes pointers and large global arrays)[0m[0m[0m[0m[0m
[36m(CPUDet4Actor pid=3569555, ip=10.10.2.2)[0m   x, f, mode, it = slsqp_solve(kind, seeds[k], lb, ub, op, opr, lit, n_ops, params, v0, rho,
[36m(CPUDet4Actor pid=3569555, ip=10.10.2.2)[0m /home/qaragoez/symclf_clean/symclf/examples/4DCartPolerV10/../DET4Fast4D_V10/slsqp_nb.py:993: NumbaWarning: [1m[1m[1m[1mCannot cache compiled function "_lsei" as it uses dynamic globals (such as ctypes pointers and large global arrays)[0m[0m[0m[0m
[36m(CPUDet4Actor pid=3569555, ip=10.10.2.2)[0m   x, f, mode, it = slsqp_solve(kind, seeds[k], lb, ub, op, opr, lit, n_ops, params, v0, rho,
[36m(CPUDet4Actor pid=3569555, ip=10.10.2.2)[0m /home/qaragoez/symclf_clean/symclf/examples/4DCartPolerV10/../DET4Fast4D_V10/slsqp_nb.py:993: NumbaWarning: [1m[1m[1mCannot cache compiled function "_lsq" as it uses dynamic globals (such as ctypes pointers and large global arrays)[0m[0m[0m
[36m(CPUDet4Actor pid=3569555, ip=10.10.2.2)[0m   x, f, mode, it = slsqp_solve(kind, seeds[k], lb, ub, op, opr, lit, n_ops, params, v0, rho,
[36m(CPUDet4Actor pid=3569555, ip=10.10.2.2)[0m /home/qaragoez/symclf_clean/symclf/examples/4DCartPolerV10/../DET4Fast4D_V10/slsqp_nb.py:993: NumbaWarning: [1m[1mCannot cache compiled function "slsqp_solve" as it uses dynamic globals (such as ctypes pointers and large global arrays)[0m[0m
[36m(CPUDet4Actor pid=3569555, ip=10.10.2.2)[0m   x, f, mode, it = slsqp_solve(kind, seeds[k], lb, ub, op, opr, lit, n_ops, params, v0, rho,
[36m(CPUDet4Actor pid=3569563, ip=10.10.2.2)[0m /home/qaragoez/symclf_clean/symclf/examples/4DCartPolerV10/../DET4Fast4D_V10/slsqp_nb.py:993: NumbaWarning: [1m[1m[1m[1m[1m[1m[1mCannot cache compiled function "_nnls" as it uses dynamic globals (such as ctypes pointers and large global arrays)[0m[0m[0m[0m[0m[0m[0m
[36m(CPUDet4Actor pid=3569563, ip=10.10.2.2)[0m   x, f, mode, it = slsqp_solve(kind, seeds[k], lb, ub, op, opr, lit, n_ops, params, v0, rho,
[36m(CPUDet4Actor pid=3569563, ip=10.10.2.2)[0m /home/qaragoez/symclf_clean/symclf/examples/4DCartPolerV10/../DET4Fast4D_V10/slsqp_nb.py:993: NumbaWarning: [1m[1m[1m[1m[1m[1mCannot cache compiled function "_ldp" as it uses dynamic globals (such as ctypes pointers and large global arrays)[0m[0m[0m[0m[0m[0m
[36m(CPUDet4Actor pid=3569563, ip=10.10.2.2)[0m   x, f, mode, it = slsqp_solve(kind, seeds[k], lb, ub, op, opr, lit, n_ops, params, v0, rho,
[36m(CPUDet4Actor pid=3569563, ip=10.10.2.2)[0m /home/qaragoez/symclf_clean/symclf/examples/4DCartPolerV10/../DET4Fast4D_V10/slsqp_nb.py:993: NumbaWarning: [1m[1m[1m[1m[1mCannot cache compiled function "_lsi" as it uses dynamic globals (such as ctypes pointers and large global arrays)[0m[0m[0m[0m[0m
[36m(CPUDet4Actor pid=3569563, ip=10.10.2.2)[0m   x, f, mode, it = slsqp_solve(kind, seeds[k], lb, ub, op, opr, lit, n_ops, params, v0, rho,
[36m(CPUDet4Actor pid=3569563, ip=10.10.2.2)[0m /home/qaragoez/symclf_clean/symclf/examples/4DCartPolerV10/../DET4Fast4D_V10/slsqp_nb.py:993: NumbaWarning: [1m[1m[1m[1mCannot cache compiled function "_lsei" as it uses dynamic globals (such as ctypes pointers and large global arrays)[0m[0m[0m[0m
[36m(CPUDet4Actor pid=3569563, ip=10.10.2.2)[0m   x, f, mode, it = slsqp_solve(kind, seeds[k], lb, ub, op, opr, lit, n_ops, params, v0, rho,
[36m(CPUDet4Actor pid=3569563, ip=10.10.2.2)[0m /home/qaragoez/symclf_clean/symclf/examples/4DCartPolerV10/../DET4Fast4D_V10/slsqp_nb.py:993: NumbaWarning: [1m[1m[1mCannot cache compiled function "_lsq" as it uses dynamic globals (such as ctypes pointers and large global arrays)[0m[0m[0m
[36m(CPUDet4Actor pid=3569563, ip=10.10.2.2)[0m   x, f, mode, it = slsqp_solve(kind, seeds[k], lb, ub, op, opr, lit, n_ops, params, v0, rho,
[36m(CPUDet4Actor pid=3569563, ip=10.10.2.2)[0m /home/qaragoez/symclf_clean/symclf/examples/4DCartPolerV10/../DET4Fast4D_V10/slsqp_nb.py:993: NumbaWarning: [1m[1mCannot cache compiled function "slsqp_solve" as it uses dynamic globals (such as ctypes pointers and large global arrays)[0m[0m
[36m(CPUDet4Actor pid=3569563, ip=10.10.2.2)[0m   x, f, mode, it = slsqp_solve(kind, seeds[k], lb, ub, op, opr, lit, n_ops, params, v0, rho,
[36m(CPUDet4Actor pid=3569589, ip=10.10.2.2)[0m /home/qaragoez/symclf_clean/symclf/examples/4DCartPolerV10/../DET4Fast4D_V10/slsqp_nb.py:993: NumbaWarning: [1m[1m[1m[1m[1m[1m[1mCannot cache compiled function "_nnls" as it uses dynamic globals (such as ctypes pointers and large global arrays)[0m[0m[0m[0m[0m[0m[0m
[36m(CPUDet4Actor pid=3569589, ip=10.10.2.2)[0m   x, f, mode, it = slsqp_solve(kind, seeds[k], lb, ub, op, opr, lit, n_ops, params, v0, rho,
[36m(CPUDet4Actor pid=3569589, ip=10.10.2.2)[0m /home/qaragoez/symclf_clean/symclf/examples/4DCartPolerV10/../DET4Fast4D_V10/slsqp_nb.py:993: NumbaWarning: [1m[1m[1m[1m[1m[1mCannot cache compiled function "_ldp" as it uses dynamic globals (such as ctypes pointers and large global arrays)[0m[0m[0m[0m[0m[0m
[36m(CPUDet4Actor pid=3569589, ip=10.10.2.2)[0m   x, f, mode, it = slsqp_solve(kind, seeds[k], lb, ub, op, opr, lit, n_ops, params, v0, rho,
[36m(CPUDet4Actor pid=3569589, ip=10.10.2.2)[0m /home/qaragoez/symclf_clean/symclf/examples/4DCartPolerV10/../DET4Fast4D_V10/slsqp_nb.py:993: NumbaWarning: [1m[1m[1m[1m[1mCannot cache compiled function "_lsi" as it uses dynamic globals (such as ctypes pointers and large global arrays)[0m[0m[0m[0m[0m
[36m(CPUDet4Actor pid=3569589, ip=10.10.2.2)[0m   x, f, mode, it = slsqp_solve(kind, seeds[k], lb, ub, op, opr, lit, n_ops, params, v0, rho,
[36m(CPUDet4Actor pid=3569589, ip=10.10.2.2)[0m /home/qaragoez/symclf_clean/symclf/examples/4DCartPolerV10/../DET4Fast4D_V10/slsqp_nb.py:993: NumbaWarning: [1m[1m[1m[1mCannot cache compiled function "_lsei" as it uses dynamic globals (such as ctypes pointers and large global arrays)[0m[0m[0m[0m
[36m(CPUDet4Actor pid=3569589, ip=10.10.2.2)[0m   x, f, mode, it = slsqp_solve(kind, seeds[k], lb, ub, op, opr, lit, n_ops, params, v0, rho,
[36m(CPUDet4Actor pid=3569589, ip=10.10.2.2)[0m /home/qaragoez/symclf_clean/symclf/examples/4DCartPolerV10/../DET4Fast4D_V10/slsqp_nb.py:993: NumbaWarning: [1m[1m[1mCannot cache compiled function "_lsq" as it uses dynamic globals (such as ctypes pointers and large global arrays)[0m[0m[0m
[36m(CPUDet4Actor pid=3569589, ip=10.10.2.2)[0m   x, f, mode, it = slsqp_solve(kind, seeds[k], lb, ub, op, opr, lit, n_ops, params, v0, rho,
[36m(CPUDet4Actor pid=3569589, ip=10.10.2.2)[0m /home/qaragoez/symclf_clean/symclf/examples/4DCartPolerV10/../DET4Fast4D_V10/slsqp_nb.py:993: NumbaWarning: [1m[1mCannot cache compiled function "slsqp_solve" as it uses dynamic globals (such as ctypes pointers and large global arrays)[0m[0m
[36m(CPUDet4Actor pid=3569589, ip=10.10.2.2)[0m   x, f, mode, it = slsqp_solve(kind, seeds[k], lb, ub, op, opr, lit, n_ops, params, v0, rho,
[36m(CPUDet4Actor pid=3569551, ip=10.10.2.2)[0m /home/qaragoez/symclf_clean/symclf/examples/4DCartPolerV10/../DET4Fast4D_V10/slsqp_nb.py:993: NumbaWarning: [1m[1m[1m[1m[1m[1m[1mCannot cache compiled function "_nnls" as it uses dynamic globals (such as ctypes pointers and large global arrays)[0m[0m[0m[0m[0m[0m[0m
[36m(CPUDet4Actor pid=3569551, ip=10.10.2.2)[0m   x, f, mode, it = slsqp_solve(kind, seeds[k], lb, ub, op, opr, lit, n_ops, params, v0, rho,
[36m(CPUDet4Actor pid=3569551, ip=10.10.2.2)[0m /home/qaragoez/symclf_clean/symclf/examples/4DCartPolerV10/../DET4Fast4D_V10/slsqp_nb.py:993: NumbaWarning: [1m[1m[1m[1m[1m[1mCannot cache compiled function "_ldp" as it uses dynamic globals (such as ctypes pointers and large global arrays)[0m[0m[0m[0m[0m[0m
[36m(CPUDet4Actor pid=3569551, ip=10.10.2.2)[0m   x, f, mode, it = slsqp_solve(kind, seeds[k], lb, ub, op, opr, lit, n_ops, params, v0, rho,
[36m(CPUDet4Actor pid=3569551, ip=10.10.2.2)[0m /home/qaragoez/symclf_clean/symclf/examples/4DCartPolerV10/../DET4Fast4D_V10/slsqp_nb.py:993: NumbaWarning: [1m[1m[1m[1m[1mCannot cache compiled function "_lsi" as it uses dynamic globals (such as ctypes pointers and large global arrays)[0m[0m[0m[0m[0m
[36m(CPUDet4Actor pid=3569551, ip=10.10.2.2)[0m   x, f, mode, it = slsqp_solve(kind, seeds[k], lb, ub, op, opr, lit, n_ops, params, v0, rho,
[36m(CPUDet4Actor pid=3569551, ip=10.10.2.2)[0m /home/qaragoez/symclf_clean/symclf/examples/4DCartPolerV10/../DET4Fast4D_V10/slsqp_nb.py:993: NumbaWarning: [1m[1m[1m[1mCannot cache compiled function "_lsei" as it uses dynamic globals (such as ctypes pointers and large global arrays)[0m[0m[0m[0m
[36m(CPUDet4Actor pid=3569551, ip=10.10.2.2)[0m   x, f, mode, it = slsqp_solve(kind, seeds[k], lb, ub, op, opr, lit, n_ops, params, v0, rho,
[36m(CPUDet4Actor pid=3569551, ip=10.10.2.2)[0m /home/qaragoez/symclf_clean/symclf/examples/4DCartPolerV10/../DET4Fast4D_V10/slsqp_nb.py:993: NumbaWarning: [1m[1m[1mCannot cache compiled function "_lsq" as it uses dynamic globals (such as ctypes pointers and large global arrays)[0m[0m[0m
[36m(CPUDet4Actor pid=3569551, ip=10.10.2.2)[0m   x, f, mode, it = slsqp_solve(kind, seeds[k], lb, ub, op, opr, lit, n_ops, params, v0, rho,
[36m(CPUDet4Actor pid=3569551, ip=10.10.2.2)[0m /home/qaragoez/symclf_clean/symclf/examples/4DCartPolerV10/../DET4Fast4D_V10/slsqp_nb.py:993: NumbaWarning: [1m[1mCannot cache compiled function "slsqp_solve" as it uses dynamic globals (such as ctypes pointers and large global arrays)[0m[0m
[36m(CPUDet4Actor pid=3569551, ip=10.10.2.2)[0m   x, f, mode, it = slsqp_solve(kind, seeds[k], lb, ub, op, opr, lit, n_ops, params, v0, rho,
[36m(CPUDet4Actor pid=3569565, ip=10.10.2.2)[0m /home/qaragoez/symclf_clean/symclf/examples/4DCartPolerV10/../DET4Fast4D_V10/slsqp_nb.py:993: NumbaWarning: [1m[1m[1m[1m[1m[1m[1mCannot cache compiled function "_nnls" as it uses dynamic globals (such as ctypes pointers and large global arrays)[0m[0m[0m[0m[0m[0m[0m
[36m(CPUDet4Actor pid=3569565, ip=10.10.2.2)[0m   x, f, mode, it = slsqp_solve(kind, seeds[k], lb, ub, op, opr, lit, n_ops, params, v0, rho,
[36m(CPUDet4Actor pid=3569565, ip=10.10.2.2)[0m /home/qaragoez/symclf_clean/symclf/examples/4DCartPolerV10/../DET4Fast4D_V10/slsqp_nb.py:993: NumbaWarning: [1m[1m[1m[1m[1m[1mCannot cache compiled function "_ldp" as it uses dynamic globals (such as ctypes pointers and large global arrays)[0m[0m[0m[0m[0m[0m
[36m(CPUDet4Actor pid=3569565, ip=10.10.2.2)[0m   x, f, mode, it = slsqp_solve(kind, seeds[k], lb, ub, op, opr, lit, n_ops, params, v0, rho,
[36m(CPUDet4Actor pid=3569565, ip=10.10.2.2)[0m /home/qaragoez/symclf_clean/symclf/examples/4DCartPolerV10/../DET4Fast4D_V10/slsqp_nb.py:993: NumbaWarning: [1m[1m[1m[1m[1mCannot cache compiled function "_lsi" as it uses dynamic globals (such as ctypes pointers and large global arrays)[0m[0m[0m[0m[0m
[36m(CPUDet4Actor pid=3569565, ip=10.10.2.2)[0m   x, f, mode, it = slsqp_solve(kind, seeds[k], lb, ub, op, opr, lit, n_ops, params, v0, rho,
[36m(CPUDet4Actor pid=3569565, ip=10.10.2.2)[0m /home/qaragoez/symclf_clean/symclf/examples/4DCartPolerV10/../DET4Fast4D_V10/slsqp_nb.py:993: NumbaWarning: [1m[1m[1m[1mCannot cache compiled function "_lsei" as it uses dynamic globals (such as ctypes pointers and large global arrays)[0m[0m[0m[0m
[36m(CPUDet4Actor pid=3569565, ip=10.10.2.2)[0m   x, f, mode, it = slsqp_solve(kind, seeds[k], lb, ub, op, opr, lit, n_ops, params, v0, rho,
[36m(CPUDet4Actor pid=3569565, ip=10.10.2.2)[0m /home/qaragoez/symclf_clean/symclf/examples/4DCartPolerV10/../DET4Fast4D_V10/slsqp_nb.py:993: NumbaWarning: [1m[1m[1mCannot cache compiled function "_lsq" as it uses dynamic globals (such as ctypes pointers and large global arrays)[0m[0m[0m
[36m(CPUDet4Actor pid=3569565, ip=10.10.2.2)[0m   x, f, mode, it = slsqp_solve(kind, seeds[k], lb, ub, op, opr, lit, n_ops, params, v0, rho,
[36m(CPUDet4Actor pid=3569565, ip=10.10.2.2)[0m /home/qaragoez/symclf_clean/symclf/examples/4DCartPolerV10/../DET4Fast4D_V10/slsqp_nb.py:993: NumbaWarning: [1m[1mCannot cache compiled function "slsqp_solve" as it uses dynamic globals (such as ctypes pointers and large global arrays)[0m[0m
[36m(CPUDet4Actor pid=3569565, ip=10.10.2.2)[0m   x, f, mode, it = slsqp_solve(kind, seeds[k], lb, ub, op, opr, lit, n_ops, params, v0, rho,
[36m(CPUDet4Actor pid=3569583, ip=10.10.2.2)[0m /home/qaragoez/symclf_clean/symclf/examples/4DCartPolerV10/../DET4Fast4D_V10/slsqp_nb.py:993: NumbaWarning: [1m[1m[1m[1m[1m[1m[1mCannot cache compiled function "_nnls" as it uses dynamic globals (such as ctypes pointers and large global arrays)[0m[0m[0m[0m[0m[0m[0m
[36m(CPUDet4Actor pid=3569583, ip=10.10.2.2)[0m   x, f, mode, it = slsqp_solve(kind, seeds[k], lb, ub, op, opr, lit, n_ops, params, v0, rho,
[36m(CPUDet4Actor pid=3569583, ip=10.10.2.2)[0m /home/qaragoez/symclf_clean/symclf/examples/4DCartPolerV10/../DET4Fast4D_V10/slsqp_nb.py:993: NumbaWarning: [1m[1m[1m[1m[1m[1mCannot cache compiled function "_ldp" as it uses dynamic globals (such as ctypes pointers and large global arrays)[0m[0m[0m[0m[0m[0m
[36m(CPUDet4Actor pid=3569583, ip=10.10.2.2)[0m   x, f, mode, it = slsqp_solve(kind, seeds[k], lb, ub, op, opr, lit, n_ops, params, v0, rho,
[36m(CPUDet4Actor pid=3569583, ip=10.10.2.2)[0m /home/qaragoez/symclf_clean/symclf/examples/4DCartPolerV10/../DET4Fast4D_V10/slsqp_nb.py:993: NumbaWarning: [1m[1m[1m[1m[1mCannot cache compiled function "_lsi" as it uses dynamic globals (such as ctypes pointers and large global arrays)[0m[0m[0m[0m[0m
[36m(CPUDet4Actor pid=3569583, ip=10.10.2.2)[0m   x, f, mode, it = slsqp_solve(kind, seeds[k], lb, ub, op, opr, lit, n_ops, params, v0, rho,
[36m(CPUDet4Actor pid=3569583, ip=10.10.2.2)[0m /home/qaragoez/symclf_clean/symclf/examples/4DCartPolerV10/../DET4Fast4D_V10/slsqp_nb.py:993: NumbaWarning: [1m[1m[1m[1mCannot cache compiled function "_lsei" as it uses dynamic globals (such as ctypes pointers and large global arrays)[0m[0m[0m[0m
[36m(CPUDet4Actor pid=3569583, ip=10.10.2.2)[0m   x, f, mode, it = slsqp_solve(kind, seeds[k], lb, ub, op, opr, lit, n_ops, params, v0, rho,
[36m(CPUDet4Actor pid=3569583, ip=10.10.2.2)[0m /home/qaragoez/symclf_clean/symclf/examples/4DCartPolerV10/../DET4Fast4D_V10/slsqp_nb.py:993: NumbaWarning: [1m[1m[1mCannot cache compiled function "_lsq" as it uses dynamic globals (such as ctypes pointers and large global arrays)[0m[0m[0m
[36m(CPUDet4Actor pid=3569583, ip=10.10.2.2)[0m   x, f, mode, it = slsqp_solve(kind, seeds[k], lb, ub, op, opr, lit, n_ops, params, v0, rho,
[36m(CPUDet4Actor pid=3569583, ip=10.10.2.2)[0m /home/qaragoez/symclf_clean/symclf/examples/4DCartPolerV10/../DET4Fast4D_V10/slsqp_nb.py:993: NumbaWarning: [1m[1mCannot cache compiled function "slsqp_solve" as it uses dynamic globals (such as ctypes pointers and large global arrays)[0m[0m
[36m(CPUDet4Actor pid=3569583, ip=10.10.2.2)[0m   x, f, mode, it = slsqp_solve(kind, seeds[k], lb, ub, op, opr, lit, n_ops, params, v0, rho,
[36m(CPUDet4Actor pid=3315520)[0m /home/qaragoez/symclf_clean/symclf/examples/4DCartPolerV10/../DET4Fast4D_V10/slsqp_nb.py:993: NumbaWarning: [1m[1m[1m[1m[1m[1m[1mCannot cache compiled function "_nnls" as it uses dynamic globals (such as ctypes pointers and large global arrays)[0m[0m[0m[0m[0m[0m[0m
[36m(CPUDet4Actor pid=3315520)[0m   x, f, mode, it = slsqp_solve(kind, seeds[k], lb, ub, op, opr, lit, n_ops, params, v0, rho,
[36m(CPUDet4Actor pid=3315520)[0m /home/qaragoez/symclf_clean/symclf/examples/4DCartPolerV10/../DET4Fast4D_V10/slsqp_nb.py:993: NumbaWarning: [1m[1m[1m[1m[1m[1mCannot cache compiled function "_ldp" as it uses dynamic globals (such as ctypes pointers and large global arrays)[0m[0m[0m[0m[0m[0m
[36m(CPUDet4Actor pid=3315520)[0m   x, f, mode, it = slsqp_solve(kind, seeds[k], lb, ub, op, opr, lit, n_ops, params, v0, rho,
[36m(CPUDet4Actor pid=3315520)[0m /home/qaragoez/symclf_clean/symclf/examples/4DCartPolerV10/../DET4Fast4D_V10/slsqp_nb.py:993: NumbaWarning: [1m[1m[1m[1m[1mCannot cache compiled function "_lsi" as it uses dynamic globals (such as ctypes pointers and large global arrays)[0m[0m[0m[0m[0m
[36m(CPUDet4Actor pid=3315520)[0m   x, f, mode, it = slsqp_solve(kind, seeds[k], lb, ub, op, opr, lit, n_ops, params, v0, rho,
[36m(CPUDet4Actor pid=3315520)[0m /home/qaragoez/symclf_clean/symclf/examples/4DCartPolerV10/../DET4Fast4D_V10/slsqp_nb.py:993: NumbaWarning: [1m[1m[1m[1mCannot cache compiled function "_lsei" as it uses dynamic globals (such as ctypes pointers and large global arrays)[0m[0m[0m[0m
[36m(CPUDet4Actor pid=3315520)[0m   x, f, mode, it = slsqp_solve(kind, seeds[k], lb, ub, op, opr, lit, n_ops, params, v0, rho,
[36m(CPUDet4Actor pid=3315520)[0m /home/qaragoez/symclf_clean/symclf/examples/4DCartPolerV10/../DET4Fast4D_V10/slsqp_nb.py:993: NumbaWarning: [1m[1m[1mCannot cache compiled function "_lsq" as it uses dynamic globals (such as ctypes pointers and large global arrays)[0m[0m[0m
[36m(CPUDet4Actor pid=3315520)[0m   x, f, mode, it = slsqp_solve(kind, seeds[k], lb, ub, op, opr, lit, n_ops, params, v0, rho,
[36m(CPUDet4Actor pid=3315520)[0m /home/qaragoez/symclf_clean/symclf/examples/4DCartPolerV10/../DET4Fast4D_V10/slsqp_nb.py:993: NumbaWarning: [1m[1mCannot cache compiled function "slsqp_solve" as it uses dynamic globals (such as ctypes pointers and large global arrays)[0m[0m
[36m(CPUDet4Actor pid=3315520)[0m   x, f, mode, it = slsqp_solve(kind, seeds[k], lb, ub, op, opr, lit, n_ops, params, v0, rho,
[36m(CPUDet4Actor pid=3315521)[0m /home/qaragoez/symclf_clean/symclf/examples/4DCartPolerV10/../DET4Fast4D_V10/slsqp_nb.py:993: NumbaWarning: [1m[1m[1m[1m[1m[1m[1mCannot cache compiled function "_nnls" as it uses dynamic globals (such as ctypes pointers and large global arrays)[0m[0m[0m[0m[0m[0m[0m
[36m(CPUDet4Actor pid=3315521)[0m   x, f, mode, it = slsqp_solve(kind, seeds[k], lb, ub, op, opr, lit, n_ops, params, v0, rho,
[36m(CPUDet4Actor pid=3315521)[0m /home/qaragoez/symclf_clean/symclf/examples/4DCartPolerV10/../DET4Fast4D_V10/slsqp_nb.py:993: NumbaWarning: [1m[1m[1m[1m[1m[1mCannot cache compiled function "_ldp" as it uses dynamic globals (such as ctypes pointers and large global arrays)[0m[0m[0m[0m[0m[0m
[36m(CPUDet4Actor pid=3315521)[0m   x, f, mode, it = slsqp_solve(kind, seeds[k], lb, ub, op, opr, lit, n_ops, params, v0, rho,
[36m(CPUDet4Actor pid=3315521)[0m /home/qaragoez/symclf_clean/symclf/examples/4DCartPolerV10/../DET4Fast4D_V10/slsqp_nb.py:993: NumbaWarning: [1m[1m[1m[1m[1mCannot cache compiled function "_lsi" as it uses dynamic globals (such as ctypes pointers and large global arrays)[0m[0m[0m[0m[0m
[36m(CPUDet4Actor pid=3315521)[0m   x, f, mode, it = slsqp_solve(kind, seeds[k], lb, ub, op, opr, lit, n_ops, params, v0, rho,
[36m(CPUDet4Actor pid=3315521)[0m /home/qaragoez/symclf_clean/symclf/examples/4DCartPolerV10/../DET4Fast4D_V10/slsqp_nb.py:993: NumbaWarning: [1m[1m[1m[1mCannot cache compiled function "_lsei" as it uses dynamic globals (such as ctypes pointers and large global arrays)[0m[0m[0m[0m
[36m(CPUDet4Actor pid=3315521)[0m   x, f, mode, it = slsqp_solve(kind, seeds[k], lb, ub, op, opr, lit, n_ops, params, v0, rho,
[36m(CPUDet4Actor pid=3315521)[0m /home/qaragoez/symclf_clean/symclf/examples/4DCartPolerV10/../DET4Fast4D_V10/slsqp_nb.py:993: NumbaWarning: [1m[1m[1mCannot cache compiled function "_lsq" as it uses dynamic globals (such as ctypes pointers and large global arrays)[0m[0m[0m
[36m(CPUDet4Actor pid=3315521)[0m   x, f, mode, it = slsqp_solve(kind, seeds[k], lb, ub, op, opr, lit, n_ops, params, v0, rho,
[36m(CPUDet4Actor pid=3315521)[0m /home/qaragoez/symclf_clean/symclf/examples/4DCartPolerV10/../DET4Fast4D_V10/slsqp_nb.py:993: NumbaWarning: [1m[1mCannot cache compiled function "slsqp_solve" as it uses dynamic globals (such as ctypes pointers and large global arrays)[0m[0m
[36m(CPUDet4Actor pid=3315521)[0m   x, f, mode, it = slsqp_solve(kind, seeds[k], lb, ub, op, opr, lit, n_ops, params, v0, rho,
[36m(CPUDet4Actor pid=3569557, ip=10.10.2.2)[0m /home/qaragoez/symclf_clean/symclf/examples/4DCartPolerV10/../DET4Fast4D_V10/slsqp_nb.py:993: NumbaWarning: [1m[1m[1m[1m[1m[1m[1mCannot cache compiled function "_nnls" as it uses dynamic globals (such as ctypes pointers and large global arrays)[0m[0m[0m[0m[0m[0m[0m
[36m(CPUDet4Actor pid=3569557, ip=10.10.2.2)[0m   x, f, mode, it = slsqp_solve(kind, seeds[k], lb, ub, op, opr, lit, n_ops, params, v0, rho,
[36m(CPUDet4Actor pid=3569557, ip=10.10.2.2)[0m /home/qaragoez/symclf_clean/symclf/examples/4DCartPolerV10/../DET4Fast4D_V10/slsqp_nb.py:993: NumbaWarning: [1m[1m[1m[1m[1m[1mCannot cache compiled function "_ldp" as it uses dynamic globals (such as ctypes pointers and large global arrays)[0m[0m[0m[0m[0m[0m
[36m(CPUDet4Actor pid=3569557, ip=10.10.2.2)[0m   x, f, mode, it = slsqp_solve(kind, seeds[k], lb, ub, op, opr, lit, n_ops, params, v0, rho,
[36m(CPUDet4Actor pid=3569557, ip=10.10.2.2)[0m /home/qaragoez/symclf_clean/symclf/examples/4DCartPolerV10/../DET4Fast4D_V10/slsqp_nb.py:993: NumbaWarning: [1m[1m[1m[1m[1mCannot cache compiled function "_lsi" as it uses dynamic globals (such as ctypes pointers and large global arrays)[0m[0m[0m[0m[0m
[36m(CPUDet4Actor pid=3569557, ip=10.10.2.2)[0m   x, f, mode, it = slsqp_solve(kind, seeds[k], lb, ub, op, opr, lit, n_ops, params, v0, rho,
[36m(CPUDet4Actor pid=3569557, ip=10.10.2.2)[0m /home/qaragoez/symclf_clean/symclf/examples/4DCartPolerV10/../DET4Fast4D_V10/slsqp_nb.py:993: NumbaWarning: [1m[1m[1m[1mCannot cache compiled function "_lsei" as it uses dynamic globals (such as ctypes pointers and large global arrays)[0m[0m[0m[0m
[36m(CPUDet4Actor pid=3569557, ip=10.10.2.2)[0m   x, f, mode, it = slsqp_solve(kind, seeds[k], lb, ub, op, opr, lit, n_ops, params, v0, rho,
[36m(CPUDet4Actor pid=3569557, ip=10.10.2.2)[0m /home/qaragoez/symclf_clean/symclf/examples/4DCartPolerV10/../DET4Fast4D_V10/slsqp_nb.py:993: NumbaWarning: [1m[1m[1mCannot cache compiled function "_lsq" as it uses dynamic globals (such as ctypes pointers and large global arrays)[0m[0m[0m
[36m(CPUDet4Actor pid=3569557, ip=10.10.2.2)[0m   x, f, mode, it = slsqp_solve(kind, seeds[k], lb, ub, op, opr, lit, n_ops, params, v0, rho,
[36m(CPUDet4Actor pid=3569557, ip=10.10.2.2)[0m /home/qaragoez/symclf_clean/symclf/examples/4DCartPolerV10/../DET4Fast4D_V10/slsqp_nb.py:993: NumbaWarning: [1m[1mCannot cache compiled function "slsqp_solve" as it uses dynamic globals (such as ctypes pointers and large global arrays)[0m[0m
[36m(CPUDet4Actor pid=3569557, ip=10.10.2.2)[0m   x, f, mode, it = slsqp_solve(kind, seeds[k], lb, ub, op, opr, lit, n_ops, params, v0, rho,
[36m(CPUDet4Actor pid=3569584, ip=10.10.2.2)[0m /home/qaragoez/symclf_clean/symclf/examples/4DCartPolerV10/../DET4Fast4D_V10/slsqp_nb.py:993: NumbaWarning: [1m[1m[1m[1m[1m[1m[1mCannot cache compiled function "_nnls" as it uses dynamic globals (such as ctypes pointers and large global arrays)[0m[0m[0m[0m[0m[0m[0m
[36m(CPUDet4Actor pid=3569584, ip=10.10.2.2)[0m   x, f, mode, it = slsqp_solve(kind, seeds[k], lb, ub, op, opr, lit, n_ops, params, v0, rho,
[36m(CPUDet4Actor pid=3569584, ip=10.10.2.2)[0m /home/qaragoez/symclf_clean/symclf/examples/4DCartPolerV10/../DET4Fast4D_V10/slsqp_nb.py:993: NumbaWarning: [1m[1m[1m[1m[1m[1mCannot cache compiled function "_ldp" as it uses dynamic globals (such as ctypes pointers and large global arrays)[0m[0m[0m[0m[0m[0m
[36m(CPUDet4Actor pid=3569584, ip=10.10.2.2)[0m   x, f, mode, it = slsqp_solve(kind, seeds[k], lb, ub, op, opr, lit, n_ops, params, v0, rho,
[36m(CPUDet4Actor pid=3569584, ip=10.10.2.2)[0m /home/qaragoez/symclf_clean/symclf/examples/4DCartPolerV10/../DET4Fast4D_V10/slsqp_nb.py:993: NumbaWarning: [1m[1m[1m[1m[1mCannot cache compiled function "_lsi" as it uses dynamic globals (such as ctypes pointers and large global arrays)[0m[0m[0m[0m[0m
[36m(CPUDet4Actor pid=3569584, ip=10.10.2.2)[0m   x, f, mode, it = slsqp_solve(kind, seeds[k], lb, ub, op, opr, lit, n_ops, params, v0, rho,
[36m(CPUDet4Actor pid=3569584, ip=10.10.2.2)[0m /home/qaragoez/symclf_clean/symclf/examples/4DCartPolerV10/../DET4Fast4D_V10/slsqp_nb.py:993: NumbaWarning: [1m[1m[1m[1mCannot cache compiled function "_lsei" as it uses dynamic globals (such as ctypes pointers and large global arrays)[0m[0m[0m[0m
[36m(CPUDet4Actor pid=3569584, ip=10.10.2.2)[0m   x, f, mode, it = slsqp_solve(kind, seeds[k], lb, ub, op, opr, lit, n_ops, params, v0, rho,
[36m(CPUDet4Actor pid=3569584, ip=10.10.2.2)[0m /home/qaragoez/symclf_clean/symclf/examples/4DCartPolerV10/../DET4Fast4D_V10/slsqp_nb.py:993: NumbaWarning: [1m[1m[1mCannot cache compiled function "_lsq" as it uses dynamic globals (such as ctypes pointers and large global arrays)[0m[0m[0m
[36m(CPUDet4Actor pid=3569584, ip=10.10.2.2)[0m   x, f, mode, it = slsqp_solve(kind, seeds[k], lb, ub, op, opr, lit, n_ops, params, v0, rho,
[36m(CPUDet4Actor pid=3569584, ip=10.10.2.2)[0m /home/qaragoez/symclf_clean/symclf/examples/4DCartPolerV10/../DET4Fast4D_V10/slsqp_nb.py:993: NumbaWarning: [1m[1mCannot cache compiled function "slsqp_solve" as it uses dynamic globals (such as ctypes pointers and large global arrays)[0m[0m
[36m(CPUDet4Actor pid=3569584, ip=10.10.2.2)[0m   x, f, mode, it = slsqp_solve(kind, seeds[k], lb, ub, op, opr, lit, n_ops, params, v0, rho,
[36m(CPUDet4Actor pid=3315518)[0m /home/qaragoez/symclf_clean/symclf/examples/4DCartPolerV10/../DET4Fast4D_V10/slsqp_nb.py:993: NumbaWarning: [1m[1m[1m[1m[1m[1m[1mCannot cache compiled function "_nnls" as it uses dynamic globals (such as ctypes pointers and large global arrays)[0m[0m[0m[0m[0m[0m[0m
[36m(CPUDet4Actor pid=3315518)[0m   x, f, mode, it = slsqp_solve(kind, seeds[k], lb, ub, op, opr, lit, n_ops, params, v0, rho,
[36m(CPUDet4Actor pid=3315518)[0m /home/qaragoez/symclf_clean/symclf/examples/4DCartPolerV10/../DET4Fast4D_V10/slsqp_nb.py:993: NumbaWarning: [1m[1m[1m[1m[1m[1mCannot cache compiled function "_ldp" as it uses dynamic globals (such as ctypes pointers and large global arrays)[0m[0m[0m[0m[0m[0m
[36m(CPUDet4Actor pid=3315518)[0m   x, f, mode, it = slsqp_solve(kind, seeds[k], lb, ub, op, opr, lit, n_ops, params, v0, rho,
[36m(CPUDet4Actor pid=3315518)[0m /home/qaragoez/symclf_clean/symclf/examples/4DCartPolerV10/../DET4Fast4D_V10/slsqp_nb.py:993: NumbaWarning: [1m[1m[1m[1m[1mCannot cache compiled function "_lsi" as it uses dynamic globals (such as ctypes pointers and large global arrays)[0m[0m[0m[0m[0m
[36m(CPUDet4Actor pid=3315518)[0m   x, f, mode, it = slsqp_solve(kind, seeds[k], lb, ub, op, opr, lit, n_ops, params, v0, rho,
[36m(CPUDet4Actor pid=3315518)[0m /home/qaragoez/symclf_clean/symclf/examples/4DCartPolerV10/../DET4Fast4D_V10/slsqp_nb.py:993: NumbaWarning: [1m[1m[1m[1mCannot cache compiled function "_lsei" as it uses dynamic globals (such as ctypes pointers and large global arrays)[0m[0m[0m[0m
[36m(CPUDet4Actor pid=3315518)[0m   x, f, mode, it = slsqp_solve(kind, seeds[k], lb, ub, op, opr, lit, n_ops, params, v0, rho,
[36m(CPUDet4Actor pid=3315518)[0m /home/qaragoez/symclf_clean/symclf/examples/4DCartPolerV10/../DET4Fast4D_V10/slsqp_nb.py:993: NumbaWarning: [1m[1m[1mCannot cache compiled function "_lsq" as it uses dynamic globals (such as ctypes pointers and large global arrays)[0m[0m[0m
[36m(CPUDet4Actor pid=3315518)[0m   x, f, mode, it = slsqp_solve(kind, seeds[k], lb, ub, op, opr, lit, n_ops, params, v0, rho,
[36m(CPUDet4Actor pid=3315518)[0m /home/qaragoez/symclf_clean/symclf/examples/4DCartPolerV10/../DET4Fast4D_V10/slsqp_nb.py:993: NumbaWarning: [1m[1mCannot cache compiled function "slsqp_solve" as it uses dynamic globals (such as ctypes pointers and large global arrays)[0m[0m
[36m(CPUDet4Actor pid=3315518)[0m   x, f, mode, it = slsqp_solve(kind, seeds[k], lb, ub, op, opr, lit, n_ops, params, v0, rho,
[36m(CPUDet4Actor pid=3569564, ip=10.10.2.2)[0m /home/qaragoez/symclf_clean/symclf/examples/4DCartPolerV10/../DET4Fast4D_V10/slsqp_nb.py:993: NumbaWarning: [1m[1m[1m[1m[1m[1m[1mCannot cache compiled function "_nnls" as it uses dynamic globals (such as ctypes pointers and large global arrays)[0m[0m[0m[0m[0m[0m[0m
[36m(CPUDet4Actor pid=3569564, ip=10.10.2.2)[0m   x, f, mode, it = slsqp_solve(kind, seeds[k], lb, ub, op, opr, lit, n_ops, params, v0, rho,
[36m(CPUDet4Actor pid=3569564, ip=10.10.2.2)[0m /home/qaragoez/symclf_clean/symclf/examples/4DCartPolerV10/../DET4Fast4D_V10/slsqp_nb.py:993: NumbaWarning: [1m[1m[1m[1m[1m[1mCannot cache compiled function "_ldp" as it uses dynamic globals (such as ctypes pointers and large global arrays)[0m[0m[0m[0m[0m[0m
[36m(CPUDet4Actor pid=3569564, ip=10.10.2.2)[0m   x, f, mode, it = slsqp_solve(kind, seeds[k], lb, ub, op, opr, lit, n_ops, params, v0, rho,
[36m(CPUDet4Actor pid=3569564, ip=10.10.2.2)[0m /home/qaragoez/symclf_clean/symclf/examples/4DCartPolerV10/../DET4Fast4D_V10/slsqp_nb.py:993: NumbaWarning: [1m[1m[1m[1m[1mCannot cache compiled function "_lsi" as it uses dynamic globals (such as ctypes pointers and large global arrays)[0m[0m[0m[0m[0m
[36m(CPUDet4Actor pid=3569564, ip=10.10.2.2)[0m   x, f, mode, it = slsqp_solve(kind, seeds[k], lb, ub, op, opr, lit, n_ops, params, v0, rho,
[36m(CPUDet4Actor pid=3569564, ip=10.10.2.2)[0m /home/qaragoez/symclf_clean/symclf/examples/4DCartPolerV10/../DET4Fast4D_V10/slsqp_nb.py:993: NumbaWarning: [1m[1m[1m[1mCannot cache compiled function "_lsei" as it uses dynamic globals (such as ctypes pointers and large global arrays)[0m[0m[0m[0m
[36m(CPUDet4Actor pid=3569564, ip=10.10.2.2)[0m   x, f, mode, it = slsqp_solve(kind, seeds[k], lb, ub, op, opr, lit, n_ops, params, v0, rho,
[36m(CPUDet4Actor pid=3569564, ip=10.10.2.2)[0m /home/qaragoez/symclf_clean/symclf/examples/4DCartPolerV10/../DET4Fast4D_V10/slsqp_nb.py:993: NumbaWarning: [1m[1m[1mCannot cache compiled function "_lsq" as it uses dynamic globals (such as ctypes pointers and large global arrays)[0m[0m[0m
[36m(CPUDet4Actor pid=3569564, ip=10.10.2.2)[0m   x, f, mode, it = slsqp_solve(kind, seeds[k], lb, ub, op, opr, lit, n_ops, params, v0, rho,
[36m(CPUDet4Actor pid=3569564, ip=10.10.2.2)[0m /home/qaragoez/symclf_clean/symclf/examples/4DCartPolerV10/../DET4Fast4D_V10/slsqp_nb.py:993: NumbaWarning: [1m[1mCannot cache compiled function "slsqp_solve" as it uses dynamic globals (such as ctypes pointers and large global arrays)[0m[0m
[36m(CPUDet4Actor pid=3569564, ip=10.10.2.2)[0m   x, f, mode, it = slsqp_solve(kind, seeds[k], lb, ub, op, opr, lit, n_ops, params, v0, rho,
[36m(CPUDet4Actor pid=3569572, ip=10.10.2.2)[0m /home/qaragoez/symclf_clean/symclf/examples/4DCartPolerV10/../DET4Fast4D_V10/slsqp_nb.py:993: NumbaWarning: [1m[1m[1m[1m[1m[1m[1mCannot cache compiled function "_nnls" as it uses dynamic globals (such as ctypes pointers and large global arrays)[0m[0m[0m[0m[0m[0m[0m
[36m(CPUDet4Actor pid=3569572, ip=10.10.2.2)[0m   x, f, mode, it = slsqp_solve(kind, seeds[k], lb, ub, op, opr, lit, n_ops, params, v0, rho,
[36m(CPUDet4Actor pid=3569572, ip=10.10.2.2)[0m /home/qaragoez/symclf_clean/symclf/examples/4DCartPolerV10/../DET4Fast4D_V10/slsqp_nb.py:993: NumbaWarning: [1m[1m[1m[1m[1m[1mCannot cache compiled function "_ldp" as it uses dynamic globals (such as ctypes pointers and large global arrays)[0m[0m[0m[0m[0m[0m
[36m(CPUDet4Actor pid=3569572, ip=10.10.2.2)[0m   x, f, mode, it = slsqp_solve(kind, seeds[k], lb, ub, op, opr, lit, n_ops, params, v0, rho,
[36m(CPUDet4Actor pid=3569572, ip=10.10.2.2)[0m /home/qaragoez/symclf_clean/symclf/examples/4DCartPolerV10/../DET4Fast4D_V10/slsqp_nb.py:993: NumbaWarning: [1m[1m[1m[1m[1mCannot cache compiled function "_lsi" as it uses dynamic globals (such as ctypes pointers and large global arrays)[0m[0m[0m[0m[0m
[36m(CPUDet4Actor pid=3569572, ip=10.10.2.2)[0m   x, f, mode, it = slsqp_solve(kind, seeds[k], lb, ub, op, opr, lit, n_ops, params, v0, rho,
[36m(CPUDet4Actor pid=3569572, ip=10.10.2.2)[0m /home/qaragoez/symclf_clean/symclf/examples/4DCartPolerV10/../DET4Fast4D_V10/slsqp_nb.py:993: NumbaWarning: [1m[1m[1m[1mCannot cache compiled function "_lsei" as it uses dynamic globals (such as ctypes pointers and large global arrays)[0m[0m[0m[0m
[36m(CPUDet4Actor pid=3569572, ip=10.10.2.2)[0m   x, f, mode, it = slsqp_solve(kind, seeds[k], lb, ub, op, opr, lit, n_ops, params, v0, rho,
[36m(CPUDet4Actor pid=3569572, ip=10.10.2.2)[0m /home/qaragoez/symclf_clean/symclf/examples/4DCartPolerV10/../DET4Fast4D_V10/slsqp_nb.py:993: NumbaWarning: [1m[1m[1mCannot cache compiled function "_lsq" as it uses dynamic globals (such as ctypes pointers and large global arrays)[0m[0m[0m
[36m(CPUDet4Actor pid=3569572, ip=10.10.2.2)[0m   x, f, mode, it = slsqp_solve(kind, seeds[k], lb, ub, op, opr, lit, n_ops, params, v0, rho,
[36m(CPUDet4Actor pid=3569572, ip=10.10.2.2)[0m /home/qaragoez/symclf_clean/symclf/examples/4DCartPolerV10/../DET4Fast4D_V10/slsqp_nb.py:993: NumbaWarning: [1m[1mCannot cache compiled function "slsqp_solve" as it uses dynamic globals (such as ctypes pointers and large global arrays)[0m[0m
[36m(CPUDet4Actor pid=3569572, ip=10.10.2.2)[0m   x, f, mode, it = slsqp_solve(kind, seeds[k], lb, ub, op, opr, lit, n_ops, params, v0, rho,
[36m(CPUDet4Actor pid=3315529)[0m /home/qaragoez/symclf_clean/symclf/examples/4DCartPolerV10/../DET4Fast4D_V10/slsqp_nb.py:993: NumbaWarning: [1m[1m[1m[1m[1m[1m[1mCannot cache compiled function "_nnls" as it uses dynamic globals (such as ctypes pointers and large global arrays)[0m[0m[0m[0m[0m[0m[0m
[36m(CPUDet4Actor pid=3315529)[0m   x, f, mode, it = slsqp_solve(kind, seeds[k], lb, ub, op, opr, lit, n_ops, params, v0, rho,
[36m(CPUDet4Actor pid=3315529)[0m /home/qaragoez/symclf_clean/symclf/examples/4DCartPolerV10/../DET4Fast4D_V10/slsqp_nb.py:993: NumbaWarning: [1m[1m[1m[1m[1m[1mCannot cache compiled function "_ldp" as it uses dynamic globals (such as ctypes pointers and large global arrays)[0m[0m[0m[0m[0m[0m
[36m(CPUDet4Actor pid=3315529)[0m   x, f, mode, it = slsqp_solve(kind, seeds[k], lb, ub, op, opr, lit, n_ops, params, v0, rho,
[36m(CPUDet4Actor pid=3315529)[0m /home/qaragoez/symclf_clean/symclf/examples/4DCartPolerV10/../DET4Fast4D_V10/slsqp_nb.py:993: NumbaWarning: [1m[1m[1m[1m[1mCannot cache compiled function "_lsi" as it uses dynamic globals (such as ctypes pointers and large global arrays)[0m[0m[0m[0m[0m
[36m(CPUDet4Actor pid=3315529)[0m   x, f, mode, it = slsqp_solve(kind, seeds[k], lb, ub, op, opr, lit, n_ops, params, v0, rho,
[36m(CPUDet4Actor pid=3315529)[0m /home/qaragoez/symclf_clean/symclf/examples/4DCartPolerV10/../DET4Fast4D_V10/slsqp_nb.py:993: NumbaWarning: [1m[1m[1m[1mCannot cache compiled function "_lsei" as it uses dynamic globals (such as ctypes pointers and large global arrays)[0m[0m[0m[0m
[36m(CPUDet4Actor pid=3315529)[0m   x, f, mode, it = slsqp_solve(kind, seeds[k], lb, ub, op, opr, lit, n_ops, params, v0, rho,
[36m(CPUDet4Actor pid=3315529)[0m /home/qaragoez/symclf_clean/symclf/examples/4DCartPolerV10/../DET4Fast4D_V10/slsqp_nb.py:993: NumbaWarning: [1m[1m[1mCannot cache compiled function "_lsq" as it uses dynamic globals (such as ctypes pointers and large global arrays)[0m[0m[0m
[36m(CPUDet4Actor pid=3315529)[0m   x, f, mode, it = slsqp_solve(kind, seeds[k], lb, ub, op, opr, lit, n_ops, params, v0, rho,
[36m(CPUDet4Actor pid=3315529)[0m /home/qaragoez/symclf_clean/symclf/examples/4DCartPolerV10/../DET4Fast4D_V10/slsqp_nb.py:993: NumbaWarning: [1m[1mCannot cache compiled function "slsqp_solve" as it uses dynamic globals (such as ctypes pointers and large global arrays)[0m[0m
[36m(CPUDet4Actor pid=3315529)[0m   x, f, mode, it = slsqp_solve(kind, seeds[k], lb, ub, op, opr, lit, n_ops, params, v0, rho,
[36m(CPUDet4Actor pid=3569561, ip=10.10.2.2)[0m /home/qaragoez/symclf_clean/symclf/examples/4DCartPolerV10/../DET4Fast4D_V10/slsqp_nb.py:984: NumbaWarning: [1mCannot cache compiled function "slsqp_many" as it uses dynamic globals (such as ctypes pointers and large global arrays)[0m
[36m(CPUDet4Actor pid=3569561, ip=10.10.2.2)[0m   @njit(cache=True, parallel=True)
[36m(CPUDet4Actor pid=3569577, ip=10.10.2.2)[0m /home/qaragoez/symclf_clean/symclf/examples/4DCartPolerV10/../DET4Fast4D_V10/slsqp_nb.py:984: NumbaWarning: [1mCannot cache compiled function "slsqp_many" as it uses dynamic globals (such as ctypes pointers and large global arrays)[0m
[36m(CPUDet4Actor pid=3569577, ip=10.10.2.2)[0m   @njit(cache=True, parallel=True)
[36m(CPUDet4Actor pid=3569585, ip=10.10.2.2)[0m /home/qaragoez/symclf_clean/symclf/examples/4DCartPolerV10/../DET4Fast4D_V10/slsqp_nb.py:984: NumbaWarning: [1mCannot cache compiled function "slsqp_many" as it uses dynamic globals (such as ctypes pointers and large global arrays)[0m
[36m(CPUDet4Actor pid=3569585, ip=10.10.2.2)[0m   @njit(cache=True, parallel=True)
[36m(CPUDet4Actor pid=3569558, ip=10.10.2.2)[0m /home/qaragoez/symclf_clean/symclf/examples/4DCartPolerV10/../DET4Fast4D_V10/slsqp_nb.py:984: NumbaWarning: [1mCannot cache compiled function "slsqp_many" as it uses dynamic globals (such as ctypes pointers and large global arrays)[0m
[36m(CPUDet4Actor pid=3569558, ip=10.10.2.2)[0m   @njit(cache=True, parallel=True)
[36m(CPUDet4Actor pid=3569556, ip=10.10.2.2)[0m /home/qaragoez/symclf_clean/symclf/examples/4DCartPolerV10/../DET4Fast4D_V10/slsqp_nb.py:984: NumbaWarning: [1mCannot cache compiled function "slsqp_many" as it uses dynamic globals (such as ctypes pointers and large global arrays)[0m
[36m(CPUDet4Actor pid=3569556, ip=10.10.2.2)[0m   @njit(cache=True, parallel=True)
[36m(CPUDet4Actor pid=3569562, ip=10.10.2.2)[0m /home/qaragoez/symclf_clean/symclf/examples/4DCartPolerV10/../DET4Fast4D_V10/slsqp_nb.py:984: NumbaWarning: [1mCannot cache compiled function "slsqp_many" as it uses dynamic globals (such as ctypes pointers and large global arrays)[0m
[36m(CPUDet4Actor pid=3569562, ip=10.10.2.2)[0m   @njit(cache=True, parallel=True)
[36m(CPUDet4Actor pid=3569578, ip=10.10.2.2)[0m /home/qaragoez/symclf_clean/symclf/examples/4DCartPolerV10/../DET4Fast4D_V10/slsqp_nb.py:984: NumbaWarning: [1mCannot cache compiled function "slsqp_many" as it uses dynamic globals (such as ctypes pointers and large global arrays)[0m
[36m(CPUDet4Actor pid=3569578, ip=10.10.2.2)[0m   @njit(cache=True, parallel=True)
[36m(CPUDet4Actor pid=3569593, ip=10.10.2.2)[0m /home/qaragoez/symclf_clean/symclf/examples/4DCartPolerV10/../DET4Fast4D_V10/slsqp_nb.py:984: NumbaWarning: [1mCannot cache compiled function "slsqp_many" as it uses dynamic globals (such as ctypes pointers and large global arrays)[0m
[36m(CPUDet4Actor pid=3569593, ip=10.10.2.2)[0m   @njit(cache=True, parallel=True)
[36m(CPUDet4Actor pid=3569560, ip=10.10.2.2)[0m /home/qaragoez/symclf_clean/symclf/examples/4DCartPolerV10/../DET4Fast4D_V10/slsqp_nb.py:984: NumbaWarning: [1mCannot cache compiled function "slsqp_many" as it uses dynamic globals (such as ctypes pointers and large global arrays)[0m
[36m(CPUDet4Actor pid=3569560, ip=10.10.2.2)[0m   @njit(cache=True, parallel=True)
[36m(CPUDet4Actor pid=3315519)[0m /home/qaragoez/symclf_clean/symclf/examples/4DCartPolerV10/../DET4Fast4D_V10/slsqp_nb.py:984: NumbaWarning: [1mCannot cache compiled function "slsqp_many" as it uses dynamic globals (such as ctypes pointers and large global arrays)[0m
[36m(CPUDet4Actor pid=3315519)[0m   @njit(cache=True, parallel=True)
[36m(CPUDet4Actor pid=3569559, ip=10.10.2.2)[0m /home/qaragoez/symclf_clean/symclf/examples/4DCartPolerV10/../DET4Fast4D_V10/slsqp_nb.py:984: NumbaWarning: [1mCannot cache compiled function "slsqp_many" as it uses dynamic globals (such as ctypes pointers and large global arrays)[0m
[36m(CPUDet4Actor pid=3569559, ip=10.10.2.2)[0m   @njit(cache=True, parallel=True)
[36m(CPUDet4Actor pid=3569587, ip=10.10.2.2)[0m /home/qaragoez/symclf_clean/symclf/examples/4DCartPolerV10/../DET4Fast4D_V10/slsqp_nb.py:984: NumbaWarning: [1mCannot cache compiled function "slsqp_many" as it uses dynamic globals (such as ctypes pointers and large global arrays)[0m
[36m(CPUDet4Actor pid=3569587, ip=10.10.2.2)[0m   @njit(cache=True, parallel=True)
[36m(CPUDet4Actor pid=3569586, ip=10.10.2.2)[0m /home/qaragoez/symclf_clean/symclf/examples/4DCartPolerV10/../DET4Fast4D_V10/slsqp_nb.py:984: NumbaWarning: [1mCannot cache compiled function "slsqp_many" as it uses dynamic globals (such as ctypes pointers and large global arrays)[0m
[36m(CPUDet4Actor pid=3569586, ip=10.10.2.2)[0m   @njit(cache=True, parallel=True)
[36m(CPUDet4Actor pid=3569553, ip=10.10.2.2)[0m /home/qaragoez/symclf_clean/symclf/examples/4DCartPolerV10/../DET4Fast4D_V10/slsqp_nb.py:984: NumbaWarning: [1mCannot cache compiled function "slsqp_many" as it uses dynamic globals (such as ctypes pointers and large global arrays)[0m
[36m(CPUDet4Actor pid=3569553, ip=10.10.2.2)[0m   @njit(cache=True, parallel=True)
[36m(CPUDet4Actor pid=3569582, ip=10.10.2.2)[0m /home/qaragoez/symclf_clean/symclf/examples/4DCartPolerV10/../DET4Fast4D_V10/slsqp_nb.py:984: NumbaWarning: [1mCannot cache compiled function "slsqp_many" as it uses dynamic globals (such as ctypes pointers and large global arrays)[0m
[36m(CPUDet4Actor pid=3569582, ip=10.10.2.2)[0m   @njit(cache=True, parallel=True)
[36m(CPUDet4Actor pid=3569563, ip=10.10.2.2)[0m /home/qaragoez/symclf_clean/symclf/examples/4DCartPolerV10/../DET4Fast4D_V10/slsqp_nb.py:984: NumbaWarning: [1mCannot cache compiled function "slsqp_many" as it uses dynamic globals (such as ctypes pointers and large global arrays)[0m
[36m(CPUDet4Actor pid=3569563, ip=10.10.2.2)[0m   @njit(cache=True, parallel=True)
[36m(CPUDet4Actor pid=3569573, ip=10.10.2.2)[0m /home/qaragoez/symclf_clean/symclf/examples/4DCartPolerV10/../DET4Fast4D_V10/slsqp_nb.py:984: NumbaWarning: [1mCannot cache compiled function "slsqp_many" as it uses dynamic globals (such as ctypes pointers and large global arrays)[0m
[36m(CPUDet4Actor pid=3569573, ip=10.10.2.2)[0m   @njit(cache=True, parallel=True)
[36m(CPUDet4Actor pid=3315512)[0m /home/qaragoez/symclf_clean/symclf/examples/4DCartPolerV10/../DET4Fast4D_V10/slsqp_nb.py:984: NumbaWarning: [1mCannot cache compiled function "slsqp_many" as it uses dynamic globals (such as ctypes pointers and large global arrays)[0m
[36m(CPUDet4Actor pid=3315512)[0m   @njit(cache=True, parallel=True)
[36m(CPUDet4Actor pid=3569554, ip=10.10.2.2)[0m /home/qaragoez/symclf_clean/symclf/examples/4DCartPolerV10/../DET4Fast4D_V10/slsqp_nb.py:984: NumbaWarning: [1mCannot cache compiled function "slsqp_many" as it uses dynamic globals (such as ctypes pointers and large global arrays)[0m
[36m(CPUDet4Actor pid=3569554, ip=10.10.2.2)[0m   @njit(cache=True, parallel=True)
[36m(CPUDet4Actor pid=3569565, ip=10.10.2.2)[0m /home/qaragoez/symclf_clean/symclf/examples/4DCartPolerV10/../DET4Fast4D_V10/slsqp_nb.py:984: NumbaWarning: [1mCannot cache compiled function "slsqp_many" as it uses dynamic globals (such as ctypes pointers and large global arrays)[0m
[36m(CPUDet4Actor pid=3569565, ip=10.10.2.2)[0m   @njit(cache=True, parallel=True)
[36m(CPUDet4Actor pid=3569589, ip=10.10.2.2)[0m /home/qaragoez/symclf_clean/symclf/examples/4DCartPolerV10/../DET4Fast4D_V10/slsqp_nb.py:984: NumbaWarning: [1mCannot cache compiled function "slsqp_many" as it uses dynamic globals (such as ctypes pointers and large global arrays)[0m
[36m(CPUDet4Actor pid=3569589, ip=10.10.2.2)[0m   @njit(cache=True, parallel=True)
[36m(CPUDet4Actor pid=3569555, ip=10.10.2.2)[0m /home/qaragoez/symclf_clean/symclf/examples/4DCartPolerV10/../DET4Fast4D_V10/slsqp_nb.py:984: NumbaWarning: [1mCannot cache compiled function "slsqp_many" as it uses dynamic globals (such as ctypes pointers and large global arrays)[0m
[36m(CPUDet4Actor pid=3569555, ip=10.10.2.2)[0m   @njit(cache=True, parallel=True)
[36m(CPUDet4Actor pid=3569583, ip=10.10.2.2)[0m /home/qaragoez/symclf_clean/symclf/examples/4DCartPolerV10/../DET4Fast4D_V10/slsqp_nb.py:984: NumbaWarning: [1mCannot cache compiled function "slsqp_many" as it uses dynamic globals (such as ctypes pointers and large global arrays)[0m
[36m(CPUDet4Actor pid=3569583, ip=10.10.2.2)[0m   @njit(cache=True, parallel=True)
[36m(CPUDet4Actor pid=3569552, ip=10.10.2.2)[0m /home/qaragoez/symclf_clean/symclf/examples/4DCartPolerV10/../DET4Fast4D_V10/slsqp_nb.py:984: NumbaWarning: [1mCannot cache compiled function "slsqp_many" as it uses dynamic globals (such as ctypes pointers and large global arrays)[0m
[36m(CPUDet4Actor pid=3569552, ip=10.10.2.2)[0m   @njit(cache=True, parallel=True)
[36m(CPUDet4Actor pid=3569584, ip=10.10.2.2)[0m /home/qaragoez/symclf_clean/symclf/examples/4DCartPolerV10/../DET4Fast4D_V10/slsqp_nb.py:984: NumbaWarning: [1mCannot cache compiled function "slsqp_many" as it uses dynamic globals (such as ctypes pointers and large global arrays)[0m
[36m(CPUDet4Actor pid=3569584, ip=10.10.2.2)[0m   @njit(cache=True, parallel=True)
[36m(CPUDet4Actor pid=3315531)[0m /home/qaragoez/symclf_clean/symclf/examples/4DCartPolerV10/../DET4Fast4D_V10/slsqp_nb.py:984: NumbaWarning: [1mCannot cache compiled function "slsqp_many" as it uses dynamic globals (such as ctypes pointers and large global arrays)[0m
[36m(CPUDet4Actor pid=3315531)[0m   @njit(cache=True, parallel=True)
[36m(CPUDet4Actor pid=3569551, ip=10.10.2.2)[0m /home/qaragoez/symclf_clean/symclf/examples/4DCartPolerV10/../DET4Fast4D_V10/slsqp_nb.py:984: NumbaWarning: [1mCannot cache compiled function "slsqp_many" as it uses dynamic globals (such as ctypes pointers and large global arrays)[0m
[36m(CPUDet4Actor pid=3569551, ip=10.10.2.2)[0m   @njit(cache=True, parallel=True)
[36m(CPUDet4Actor pid=3569557, ip=10.10.2.2)[0m /home/qaragoez/symclf_clean/symclf/examples/4DCartPolerV10/../DET4Fast4D_V10/slsqp_nb.py:984: NumbaWarning: [1mCannot cache compiled function "slsqp_many" as it uses dynamic globals (such as ctypes pointers and large global arrays)[0m
[36m(CPUDet4Actor pid=3569557, ip=10.10.2.2)[0m   @njit(cache=True, parallel=True)
[36m(CPUDet4Actor pid=3315507)[0m /home/qaragoez/symclf_clean/symclf/examples/4DCartPolerV10/../DET4Fast4D_V10/slsqp_nb.py:984: NumbaWarning: [1mCannot cache compiled function "slsqp_many" as it uses dynamic globals (such as ctypes pointers and large global arrays)[0m
[36m(CPUDet4Actor pid=3315507)[0m   @njit(cache=True, parallel=True)
[36m(CPUDet4Actor pid=3315525)[0m /home/qaragoez/symclf_clean/symclf/examples/4DCartPolerV10/../DET4Fast4D_V10/slsqp_nb.py:984: NumbaWarning: [1mCannot cache compiled function "slsqp_many" as it uses dynamic globals (such as ctypes pointers and large global arrays)[0m
[36m(CPUDet4Actor pid=3315525)[0m   @njit(cache=True, parallel=True)
[36m(CPUDet4Actor pid=3315521)[0m /home/qaragoez/symclf_clean/symclf/examples/4DCartPolerV10/../DET4Fast4D_V10/slsqp_nb.py:984: NumbaWarning: [1mCannot cache compiled function "slsqp_many" as it uses dynamic globals (such as ctypes pointers and large global arrays)[0m
[36m(CPUDet4Actor pid=3315521)[0m   @njit(cache=True, parallel=True)
[36m(CPUDet4Actor pid=3569564, ip=10.10.2.2)[0m /home/qaragoez/symclf_clean/symclf/examples/4DCartPolerV10/../DET4Fast4D_V10/slsqp_nb.py:984: NumbaWarning: [1mCannot cache compiled function "slsqp_many" as it uses dynamic globals (such as ctypes pointers and large global arrays)[0m
[36m(CPUDet4Actor pid=3569564, ip=10.10.2.2)[0m   @njit(cache=True, parallel=True)
[36m(CPUDet4Actor pid=3315520)[0m /home/qaragoez/symclf_clean/symclf/examples/4DCartPolerV10/../DET4Fast4D_V10/slsqp_nb.py:984: NumbaWarning: [1mCannot cache compiled function "slsqp_many" as it uses dynamic globals (such as ctypes pointers and large global arrays)[0m
[36m(CPUDet4Actor pid=3315520)[0m   @njit(cache=True, parallel=True)
[36m(CPUDet4Actor pid=3315518)[0m /home/qaragoez/symclf_clean/symclf/examples/4DCartPolerV10/../DET4Fast4D_V10/slsqp_nb.py:984: NumbaWarning: [1mCannot cache compiled function "slsqp_many" as it uses dynamic globals (such as ctypes pointers and large global arrays)[0m
[36m(CPUDet4Actor pid=3315518)[0m   @njit(cache=True, parallel=True)
[36m(CPUDet4Actor pid=3569572, ip=10.10.2.2)[0m /home/qaragoez/symclf_clean/symclf/examples/4DCartPolerV10/../DET4Fast4D_V10/slsqp_nb.py:984: NumbaWarning: [1mCannot cache compiled function "slsqp_many" as it uses dynamic globals (such as ctypes pointers and large global arrays)[0m
[36m(CPUDet4Actor pid=3569572, ip=10.10.2.2)[0m   @njit(cache=True, parallel=True)
[36m(CPUDet4Actor pid=3315529)[0m /home/qaragoez/symclf_clean/symclf/examples/4DCartPolerV10/../DET4Fast4D_V10/slsqp_nb.py:984: NumbaWarning: [1mCannot cache compiled function "slsqp_many" as it uses dynamic globals (such as ctypes pointers and large global arrays)[0m
[36m(CPUDet4Actor pid=3315529)[0m   @njit(cache=True, parallel=True)
[36m(CPUDet4Actor pid=3315530)[0m /home/qaragoez/symclf_clean/symclf/examples/4DCartPolerV10/../DET4Fast4D_V10/slsqp_nb.py:993: NumbaWarning: [1m[1m[1m[1m[1m[1m[1mCannot cache compiled function "_nnls" as it uses dynamic globals (such as ctypes pointers and large global arrays)[0m[0m[0m[0m[0m[0m[0m
[36m(CPUDet4Actor pid=3315530)[0m   x, f, mode, it = slsqp_solve(kind, seeds[k], lb, ub, op, opr, lit, n_ops, params, v0, rho,
[36m(CPUDet4Actor pid=3315530)[0m /home/qaragoez/symclf_clean/symclf/examples/4DCartPolerV10/../DET4Fast4D_V10/slsqp_nb.py:993: NumbaWarning: [1m[1m[1m[1m[1m[1mCannot cache compiled function "_ldp" as it uses dynamic globals (such as ctypes pointers and large global arrays)[0m[0m[0m[0m[0m[0m
[36m(CPUDet4Actor pid=3315530)[0m   x, f, mode, it = slsqp_solve(kind, seeds[k], lb, ub, op, opr, lit, n_ops, params, v0, rho,
[36m(CPUDet4Actor pid=3315530)[0m /home/qaragoez/symclf_clean/symclf/examples/4DCartPolerV10/../DET4Fast4D_V10/slsqp_nb.py:993: NumbaWarning: [1m[1m[1m[1m[1mCannot cache compiled function "_lsi" as it uses dynamic globals (such as ctypes pointers and large global arrays)[0m[0m[0m[0m[0m
[36m(CPUDet4Actor pid=3315530)[0m   x, f, mode, it = slsqp_solve(kind, seeds[k], lb, ub, op, opr, lit, n_ops, params, v0, rho,
[36m(CPUDet4Actor pid=3315530)[0m /home/qaragoez/symclf_clean/symclf/examples/4DCartPolerV10/../DET4Fast4D_V10/slsqp_nb.py:993: NumbaWarning: [1m[1m[1m[1mCannot cache compiled function "_lsei" as it uses dynamic globals (such as ctypes pointers and large global arrays)[0m[0m[0m[0m
[36m(CPUDet4Actor pid=3315530)[0m   x, f, mode, it = slsqp_solve(kind, seeds[k], lb, ub, op, opr, lit, n_ops, params, v0, rho,
[36m(CPUDet4Actor pid=3315530)[0m /home/qaragoez/symclf_clean/symclf/examples/4DCartPolerV10/../DET4Fast4D_V10/slsqp_nb.py:993: NumbaWarning: [1m[1m[1mCannot cache compiled function "_lsq" as it uses dynamic globals (such as ctypes pointers and large global arrays)[0m[0m[0m
[36m(CPUDet4Actor pid=3315530)[0m   x, f, mode, it = slsqp_solve(kind, seeds[k], lb, ub, op, opr, lit, n_ops, params, v0, rho,
[36m(CPUDet4Actor pid=3315530)[0m /home/qaragoez/symclf_clean/symclf/examples/4DCartPolerV10/../DET4Fast4D_V10/slsqp_nb.py:993: NumbaWarning: [1m[1mCannot cache compiled function "slsqp_solve" as it uses dynamic globals (such as ctypes pointers and large global arrays)[0m[0m
[36m(CPUDet4Actor pid=3315530)[0m   x, f, mode, it = slsqp_solve(kind, seeds[k], lb, ub, op, opr, lit, n_ops, params, v0, rho,
[36m(CPUDet4Actor pid=3569588, ip=10.10.2.2)[0m /home/qaragoez/symclf_clean/symclf/examples/4DCartPolerV10/../DET4Fast4D_V10/slsqp_nb.py:993: NumbaWarning: [1m[1m[1m[1m[1m[1m[1mCannot cache compiled function "_nnls" as it uses dynamic globals (such as ctypes pointers and large global arrays)[0m[0m[0m[0m[0m[0m[0m
[36m(CPUDet4Actor pid=3569588, ip=10.10.2.2)[0m   x, f, mode, it = slsqp_solve(kind, seeds[k], lb, ub, op, opr, lit, n_ops, params, v0, rho,
[36m(CPUDet4Actor pid=3569588, ip=10.10.2.2)[0m /home/qaragoez/symclf_clean/symclf/examples/4DCartPolerV10/../DET4Fast4D_V10/slsqp_nb.py:993: NumbaWarning: [1m[1m[1m[1m[1m[1mCannot cache compiled function "_ldp" as it uses dynamic globals (such as ctypes pointers and large global arrays)[0m[0m[0m[0m[0m[0m
[36m(CPUDet4Actor pid=3569588, ip=10.10.2.2)[0m   x, f, mode, it = slsqp_solve(kind, seeds[k], lb, ub, op, opr, lit, n_ops, params, v0, rho,
[36m(CPUDet4Actor pid=3569588, ip=10.10.2.2)[0m /home/qaragoez/symclf_clean/symclf/examples/4DCartPolerV10/../DET4Fast4D_V10/slsqp_nb.py:993: NumbaWarning: [1m[1m[1m[1m[1mCannot cache compiled function "_lsi" as it uses dynamic globals (such as ctypes pointers and large global arrays)[0m[0m[0m[0m[0m
[36m(CPUDet4Actor pid=3569588, ip=10.10.2.2)[0m   x, f, mode, it = slsqp_solve(kind, seeds[k], lb, ub, op, opr, lit, n_ops, params, v0, rho,
[36m(CPUDet4Actor pid=3569588, ip=10.10.2.2)[0m /home/qaragoez/symclf_clean/symclf/examples/4DCartPolerV10/../DET4Fast4D_V10/slsqp_nb.py:993: NumbaWarning: [1m[1m[1m[1mCannot cache compiled function "_lsei" as it uses dynamic globals (such as ctypes pointers and large global arrays)[0m[0m[0m[0m
[36m(CPUDet4Actor pid=3569588, ip=10.10.2.2)[0m   x, f, mode, it = slsqp_solve(kind, seeds[k], lb, ub, op, opr, lit, n_ops, params, v0, rho,
[36m(CPUDet4Actor pid=3569588, ip=10.10.2.2)[0m /home/qaragoez/symclf_clean/symclf/examples/4DCartPolerV10/../DET4Fast4D_V10/slsqp_nb.py:993: NumbaWarning: [1m[1m[1mCannot cache compiled function "_lsq" as it uses dynamic globals (such as ctypes pointers and large global arrays)[0m[0m[0m
[36m(CPUDet4Actor pid=3569588, ip=10.10.2.2)[0m   x, f, mode, it = slsqp_solve(kind, seeds[k], lb, ub, op, opr, lit, n_ops, params, v0, rho,
[36m(CPUDet4Actor pid=3569588, ip=10.10.2.2)[0m /home/qaragoez/symclf_clean/symclf/examples/4DCartPolerV10/../DET4Fast4D_V10/slsqp_nb.py:993: NumbaWarning: [1m[1mCannot cache compiled function "slsqp_solve" as it uses dynamic globals (such as ctypes pointers and large global arrays)[0m[0m
[36m(CPUDet4Actor pid=3569588, ip=10.10.2.2)[0m   x, f, mode, it = slsqp_solve(kind, seeds[k], lb, ub, op, opr, lit, n_ops, params, v0, rho,
[36m(CPUDet4Actor pid=3315530)[0m /home/qaragoez/symclf_clean/symclf/examples/4DCartPolerV10/../DET4Fast4D_V10/slsqp_nb.py:984: NumbaWarning: [1mCannot cache compiled function "slsqp_many" as it uses dynamic globals (such as ctypes pointers and large global arrays)[0m
[36m(CPUDet4Actor pid=3315530)[0m   @njit(cache=True, parallel=True)
[36m(CPUDet4Actor pid=3569588, ip=10.10.2.2)[0m /home/qaragoez/symclf_clean/symclf/examples/4DCartPolerV10/../DET4Fast4D_V10/slsqp_nb.py:984: NumbaWarning: [1mCannot cache compiled function "slsqp_many" as it uses dynamic globals (such as ctypes pointers and large global arrays)[0m
[36m(CPUDet4Actor pid=3569588, ip=10.10.2.2)[0m   @njit(cache=True, parallel=True)
[36m(GPUFitnessActor pid=3568088, ip=10.10.2.2)[0m /home/qaragoez/symclf_clean/symclf/examples/4DCartPolerV10/../DET4Fast4D_V10/slsqp_nb.py:993: NumbaWarning: [1m[1m[1m[1m[1m[1m[1mCannot cache compiled function "_nnls" as it uses dynamic globals (such as ctypes pointers and large global arrays)[0m[0m[0m[0m[0m[0m[0m
[36m(GPUFitnessActor pid=3568088, ip=10.10.2.2)[0m   x, f, mode, it = slsqp_solve(kind, seeds[k], lb, ub, op, opr, lit, n_ops, params, v0, rho,
[36m(GPUFitnessActor pid=3568088, ip=10.10.2.2)[0m /home/qaragoez/symclf_clean/symclf/examples/4DCartPolerV10/../DET4Fast4D_V10/slsqp_nb.py:993: NumbaWarning: [1m[1m[1m[1m[1m[1mCannot cache compiled function "_ldp" as it uses dynamic globals (such as ctypes pointers and large global arrays)[0m[0m[0m[0m[0m[0m
[36m(GPUFitnessActor pid=3568088, ip=10.10.2.2)[0m   x, f, mode, it = slsqp_solve(kind, seeds[k], lb, ub, op, opr, lit, n_ops, params, v0, rho,
[36m(GPUFitnessActor pid=3568088, ip=10.10.2.2)[0m /home/qaragoez/symclf_clean/symclf/examples/4DCartPolerV10/../DET4Fast4D_V10/slsqp_nb.py:993: NumbaWarning: [1m[1m[1m[1m[1mCannot cache compiled function "_lsi" as it uses dynamic globals (such as ctypes pointers and large global arrays)[0m[0m[0m[0m[0m
[36m(GPUFitnessActor pid=3568088, ip=10.10.2.2)[0m   x, f, mode, it = slsqp_solve(kind, seeds[k], lb, ub, op, opr, lit, n_ops, params, v0, rho,
[36m(GPUFitnessActor pid=3568088, ip=10.10.2.2)[0m /home/qaragoez/symclf_clean/symclf/examples/4DCartPolerV10/../DET4Fast4D_V10/slsqp_nb.py:993: NumbaWarning: [1m[1m[1m[1mCannot cache compiled function "_lsei" as it uses dynamic globals (such as ctypes pointers and large global arrays)[0m[0m[0m[0m
[36m(GPUFitnessActor pid=3568088, ip=10.10.2.2)[0m   x, f, mode, it = slsqp_solve(kind, seeds[k], lb, ub, op, opr, lit, n_ops, params, v0, rho,
[36m(GPUFitnessActor pid=3568088, ip=10.10.2.2)[0m /home/qaragoez/symclf_clean/symclf/examples/4DCartPolerV10/../DET4Fast4D_V10/slsqp_nb.py:993: NumbaWarning: [1m[1m[1mCannot cache compiled function "_lsq" as it uses dynamic globals (such as ctypes pointers and large global arrays)[0m[0m[0m
[36m(GPUFitnessActor pid=3568088, ip=10.10.2.2)[0m   x, f, mode, it = slsqp_solve(kind, seeds[k], lb, ub, op, opr, lit, n_ops, params, v0, rho,
[36m(GPUFitnessActor pid=3568088, ip=10.10.2.2)[0m /home/qaragoez/symclf_clean/symclf/examples/4DCartPolerV10/../DET4Fast4D_V10/slsqp_nb.py:993: NumbaWarning: [1m[1mCannot cache compiled function "slsqp_solve" as it uses dynamic globals (such as ctypes pointers and large global arrays)[0m[0m
[36m(GPUFitnessActor pid=3568088, ip=10.10.2.2)[0m   x, f, mode, it = slsqp_solve(kind, seeds[k], lb, ub, op, opr, lit, n_ops, params, v0, rho,
[36m(GPUFitnessActor pid=3568089, ip=10.10.2.2)[0m /home/qaragoez/symclf_clean/symclf/examples/4DCartPolerV10/../DET4Fast4D_V10/slsqp_nb.py:993: NumbaWarning: [1m[1m[1m[1m[1m[1m[1mCannot cache compiled function "_nnls" as it uses dynamic globals (such as ctypes pointers and large global arrays)[0m[0m[0m[0m[0m[0m[0m
[36m(GPUFitnessActor pid=3568089, ip=10.10.2.2)[0m   x, f, mode, it = slsqp_solve(kind, seeds[k], lb, ub, op, opr, lit, n_ops, params, v0, rho,
[36m(GPUFitnessActor pid=3568089, ip=10.10.2.2)[0m /home/qaragoez/symclf_clean/symclf/examples/4DCartPolerV10/../DET4Fast4D_V10/slsqp_nb.py:993: NumbaWarning: [1m[1m[1m[1m[1m[1mCannot cache compiled function "_ldp" as it uses dynamic globals (such as ctypes pointers and large global arrays)[0m[0m[0m[0m[0m[0m
[36m(GPUFitnessActor pid=3568089, ip=10.10.2.2)[0m   x, f, mode, it = slsqp_solve(kind, seeds[k], lb, ub, op, opr, lit, n_ops, params, v0, rho,
[36m(GPUFitnessActor pid=3568089, ip=10.10.2.2)[0m /home/qaragoez/symclf_clean/symclf/examples/4DCartPolerV10/../DET4Fast4D_V10/slsqp_nb.py:993: NumbaWarning: [1m[1m[1m[1m[1mCannot cache compiled function "_lsi" as it uses dynamic globals (such as ctypes pointers and large global arrays)[0m[0m[0m[0m[0m
[36m(GPUFitnessActor pid=3568089, ip=10.10.2.2)[0m   x, f, mode, it = slsqp_solve(kind, seeds[k], lb, ub, op, opr, lit, n_ops, params, v0, rho,
[36m(GPUFitnessActor pid=3568089, ip=10.10.2.2)[0m /home/qaragoez/symclf_clean/symclf/examples/4DCartPolerV10/../DET4Fast4D_V10/slsqp_nb.py:993: NumbaWarning: [1m[1m[1m[1mCannot cache compiled function "_lsei" as it uses dynamic globals (such as ctypes pointers and large global arrays)[0m[0m[0m[0m
[36m(GPUFitnessActor pid=3568089, ip=10.10.2.2)[0m   x, f, mode, it = slsqp_solve(kind, seeds[k], lb, ub, op, opr, lit, n_ops, params, v0, rho,
[36m(GPUFitnessActor pid=3568089, ip=10.10.2.2)[0m /home/qaragoez/symclf_clean/symclf/examples/4DCartPolerV10/../DET4Fast4D_V10/slsqp_nb.py:993: NumbaWarning: [1m[1m[1mCannot cache compiled function "_lsq" as it uses dynamic globals (such as ctypes pointers and large global arrays)[0m[0m[0m
[36m(GPUFitnessActor pid=3568089, ip=10.10.2.2)[0m   x, f, mode, it = slsqp_solve(kind, seeds[k], lb, ub, op, opr, lit, n_ops, params, v0, rho,
[36m(GPUFitnessActor pid=3568089, ip=10.10.2.2)[0m /home/qaragoez/symclf_clean/symclf/examples/4DCartPolerV10/../DET4Fast4D_V10/slsqp_nb.py:993: NumbaWarning: [1m[1mCannot cache compiled function "slsqp_solve" as it uses dynamic globals (such as ctypes pointers and large global arrays)[0m[0m
[36m(GPUFitnessActor pid=3568089, ip=10.10.2.2)[0m   x, f, mode, it = slsqp_solve(kind, seeds[k], lb, ub, op, opr, lit, n_ops, params, v0, rho,
[36m(GPUFitnessActor pid=3568091, ip=10.10.2.2)[0m /home/qaragoez/symclf_clean/symclf/examples/4DCartPolerV10/../DET4Fast4D_V10/slsqp_nb.py:993: NumbaWarning: [1m[1m[1m[1m[1m[1m[1mCannot cache compiled function "_nnls" as it uses dynamic globals (such as ctypes pointers and large global arrays)[0m[0m[0m[0m[0m[0m[0m
[36m(GPUFitnessActor pid=3568091, ip=10.10.2.2)[0m   x, f, mode, it = slsqp_solve(kind, seeds[k], lb, ub, op, opr, lit, n_ops, params, v0, rho,
[36m(GPUFitnessActor pid=3568091, ip=10.10.2.2)[0m /home/qaragoez/symclf_clean/symclf/examples/4DCartPolerV10/../DET4Fast4D_V10/slsqp_nb.py:993: NumbaWarning: [1m[1m[1m[1m[1m[1mCannot cache compiled function "_ldp" as it uses dynamic globals (such as ctypes pointers and large global arrays)[0m[0m[0m[0m[0m[0m
[36m(GPUFitnessActor pid=3568091, ip=10.10.2.2)[0m   x, f, mode, it = slsqp_solve(kind, seeds[k], lb, ub, op, opr, lit, n_ops, params, v0, rho,
[36m(GPUFitnessActor pid=3568091, ip=10.10.2.2)[0m /home/qaragoez/symclf_clean/symclf/examples/4DCartPolerV10/../DET4Fast4D_V10/slsqp_nb.py:993: NumbaWarning: [1m[1m[1m[1m[1mCannot cache compiled function "_lsi" as it uses dynamic globals (such as ctypes pointers and large global arrays)[0m[0m[0m[0m[0m
[36m(GPUFitnessActor pid=3568091, ip=10.10.2.2)[0m   x, f, mode, it = slsqp_solve(kind, seeds[k], lb, ub, op, opr, lit, n_ops, params, v0, rho,
[36m(GPUFitnessActor pid=3568091, ip=10.10.2.2)[0m /home/qaragoez/symclf_clean/symclf/examples/4DCartPolerV10/../DET4Fast4D_V10/slsqp_nb.py:993: NumbaWarning: [1m[1m[1m[1mCannot cache compiled function "_lsei" as it uses dynamic globals (such as ctypes pointers and large global arrays)[0m[0m[0m[0m
[36m(GPUFitnessActor pid=3568091, ip=10.10.2.2)[0m   x, f, mode, it = slsqp_solve(kind, seeds[k], lb, ub, op, opr, lit, n_ops, params, v0, rho,
[36m(GPUFitnessActor pid=3568091, ip=10.10.2.2)[0m /home/qaragoez/symclf_clean/symclf/examples/4DCartPolerV10/../DET4Fast4D_V10/slsqp_nb.py:993: NumbaWarning: [1m[1m[1mCannot cache compiled function "_lsq" as it uses dynamic globals (such as ctypes pointers and large global arrays)[0m[0m[0m
[36m(GPUFitnessActor pid=3568091, ip=10.10.2.2)[0m   x, f, mode, it = slsqp_solve(kind, seeds[k], lb, ub, op, opr, lit, n_ops, params, v0, rho,
[36m(GPUFitnessActor pid=3568091, ip=10.10.2.2)[0m /home/qaragoez/symclf_clean/symclf/examples/4DCartPolerV10/../DET4Fast4D_V10/slsqp_nb.py:993: NumbaWarning: [1m[1mCannot cache compiled function "slsqp_solve" as it uses dynamic globals (such as ctypes pointers and large global arrays)[0m[0m
[36m(GPUFitnessActor pid=3568091, ip=10.10.2.2)[0m   x, f, mode, it = slsqp_solve(kind, seeds[k], lb, ub, op, opr, lit, n_ops, params, v0, rho,
[36m(GPUFitnessActor pid=3568090, ip=10.10.2.2)[0m /home/qaragoez/symclf_clean/symclf/examples/4DCartPolerV10/../DET4Fast4D_V10/slsqp_nb.py:993: NumbaWarning: [1m[1m[1m[1m[1m[1m[1mCannot cache compiled function "_nnls" as it uses dynamic globals (such as ctypes pointers and large global arrays)[0m[0m[0m[0m[0m[0m[0m
[36m(GPUFitnessActor pid=3568090, ip=10.10.2.2)[0m   x, f, mode, it = slsqp_solve(kind, seeds[k], lb, ub, op, opr, lit, n_ops, params, v0, rho,
[36m(GPUFitnessActor pid=3568090, ip=10.10.2.2)[0m /home/qaragoez/symclf_clean/symclf/examples/4DCartPolerV10/../DET4Fast4D_V10/slsqp_nb.py:993: NumbaWarning: [1m[1m[1m[1m[1m[1mCannot cache compiled function "_ldp" as it uses dynamic globals (such as ctypes pointers and large global arrays)[0m[0m[0m[0m[0m[0m
[36m(GPUFitnessActor pid=3568090, ip=10.10.2.2)[0m   x, f, mode, it = slsqp_solve(kind, seeds[k], lb, ub, op, opr, lit, n_ops, params, v0, rho,
[36m(GPUFitnessActor pid=3568090, ip=10.10.2.2)[0m /home/qaragoez/symclf_clean/symclf/examples/4DCartPolerV10/../DET4Fast4D_V10/slsqp_nb.py:993: NumbaWarning: [1m[1m[1m[1m[1mCannot cache compiled function "_lsi" as it uses dynamic globals (such as ctypes pointers and large global arrays)[0m[0m[0m[0m[0m
[36m(GPUFitnessActor pid=3568090, ip=10.10.2.2)[0m   x, f, mode, it = slsqp_solve(kind, seeds[k], lb, ub, op, opr, lit, n_ops, params, v0, rho,
[36m(GPUFitnessActor pid=3568090, ip=10.10.2.2)[0m /home/qaragoez/symclf_clean/symclf/examples/4DCartPolerV10/../DET4Fast4D_V10/slsqp_nb.py:993: NumbaWarning: [1m[1m[1m[1mCannot cache compiled function "_lsei" as it uses dynamic globals (such as ctypes pointers and large global arrays)[0m[0m[0m[0m
[36m(GPUFitnessActor pid=3568090, ip=10.10.2.2)[0m   x, f, mode, it = slsqp_solve(kind, seeds[k], lb, ub, op, opr, lit, n_ops, params, v0, rho,
[36m(GPUFitnessActor pid=3568090, ip=10.10.2.2)[0m /home/qaragoez/symclf_clean/symclf/examples/4DCartPolerV10/../DET4Fast4D_V10/slsqp_nb.py:993: NumbaWarning: [1m[1m[1mCannot cache compiled function "_lsq" as it uses dynamic globals (such as ctypes pointers and large global arrays)[0m[0m[0m
[36m(GPUFitnessActor pid=3568090, ip=10.10.2.2)[0m   x, f, mode, it = slsqp_solve(kind, seeds[k], lb, ub, op, opr, lit, n_ops, params, v0, rho,
[36m(GPUFitnessActor pid=3568090, ip=10.10.2.2)[0m /home/qaragoez/symclf_clean/symclf/examples/4DCartPolerV10/../DET4Fast4D_V10/slsqp_nb.py:993: NumbaWarning: [1m[1mCannot cache compiled function "slsqp_solve" as it uses dynamic globals (such as ctypes pointers and large global arrays)[0m[0m
[36m(GPUFitnessActor pid=3568090, ip=10.10.2.2)[0m   x, f, mode, it = slsqp_solve(kind, seeds[k], lb, ub, op, opr, lit, n_ops, params, v0, rho,
[36m(GPUFitnessActor pid=3568089, ip=10.10.2.2)[0m /home/qaragoez/symclf_clean/symclf/examples/4DCartPolerV10/../DET4Fast4D_V10/slsqp_nb.py:984: NumbaWarning: [1mCannot cache compiled function "slsqp_many" as it uses dynamic globals (such as ctypes pointers and large global arrays)[0m
[36m(GPUFitnessActor pid=3568089, ip=10.10.2.2)[0m   @njit(cache=True, parallel=True)
[36m(GPUFitnessActor pid=3568088, ip=10.10.2.2)[0m /home/qaragoez/symclf_clean/symclf/examples/4DCartPolerV10/../DET4Fast4D_V10/slsqp_nb.py:984: NumbaWarning: [1mCannot cache compiled function "slsqp_many" as it uses dynamic globals (such as ctypes pointers and large global arrays)[0m
[36m(GPUFitnessActor pid=3568088, ip=10.10.2.2)[0m   @njit(cache=True, parallel=True)
[36m(GPUFitnessActor pid=3568091, ip=10.10.2.2)[0m /home/qaragoez/symclf_clean/symclf/examples/4DCartPolerV10/../DET4Fast4D_V10/slsqp_nb.py:984: NumbaWarning: [1mCannot cache compiled function "slsqp_many" as it uses dynamic globals (such as ctypes pointers and large global arrays)[0m
[36m(GPUFitnessActor pid=3568091, ip=10.10.2.2)[0m   @njit(cache=True, parallel=True)
[36m(GPUFitnessActor pid=3568090, ip=10.10.2.2)[0m /home/qaragoez/symclf_clean/symclf/examples/4DCartPolerV10/../DET4Fast4D_V10/slsqp_nb.py:984: NumbaWarning: [1mCannot cache compiled function "slsqp_many" as it uses dynamic globals (such as ctypes pointers and large global arrays)[0m
[36m(GPUFitnessActor pid=3568090, ip=10.10.2.2)[0m   @njit(cache=True, parallel=True)
srun: Job step aborted: Waiting up to 32 seconds for job step to finish.
srun: Job step aborted: Waiting up to 32 seconds for job step to finish.
srun: Job step aborted: Waiting up to 32 seconds for job step to finish.
srun: Job step aborted: Waiting up to 32 seconds for job step to finish.
[2026-09-20T11:55:09.010] error: *** STEP 147904.4 ON s02n01 CANCELLED AT 2026-09-20T11:55:09 DUE to SIGNAL Terminated ***
[2026-09-20T11:55:09.017] error: *** JOB 147904 ON s02n01 CANCELLED AT 2026-09-20T11:55:09 DUE to SIGNAL Terminated ***
[2026-09-20T11:55:09.020] error: *** STEP 147904.6 ON s02n01 CANCELLED AT 2026-09-20T11:55:09 DUE to SIGNAL Terminated ***
[2026-09-20T11:55:09.029] error: *** STEP 147904.5 ON s02n02 CANCELLED AT 2026-09-20T11:55:09 DUE to SIGNAL Terminated ***
[2026-09-20T11:55:09.042] error: *** STEP 147904.7 ON s02n02 CANCELLED AT 2026-09-20T11:55:09 DUE to SIGNAL Terminated ***
[2026-09-20 11:55:09,114 E 3312184 3312244] core_worker.cc:475: :info_message: Attempting to recover 3 lost objects by resubmitting their tasks or setting a new primary location from existing copies. To disable object reconstruction, set @ray.remote(max_retries=0).
srun: forcing job termination
srun: forcing job termination
srun: error: s02n01: task 0: Exited with exit code 1
srun: Terminating StepId=147904.4
srun: error: s02n02: task 0: Exited with exit code 1
srun: Terminating StepId=147904.5
