timestamp, index, utilization.gpu [%], utilization.memory [%], memory.used [MiB], power.draw [W]
2026/09/20 13:25:31.594, 0, 0 %, 0 %, 0 MiB, 37.22 W
2026/09/20 13:25:31.603, 1, 0 %, 0 %, 0 MiB, 37.11 W
2026/09/20 13:25:31.612, 2, 0 %, 0 %, 0 MiB, 35.53 W
2026/09/20 13:25:36.622, 0, 0 %, 0 %, 0 MiB, 37.22 W
2026/09/20 13:25:36.622, 1, 0 %, 0 %, 0 MiB, 37.28 W
2026/09/20 13:25:36.622, 2, 0 %, 0 %, 0 MiB, 35.50 W
2026/09/20 13:25:41.623, 0, 0 %, 0 %, 35258 MiB, 39.31 W
2026/09/20 13:25:41.623, 1, 0 %, 0 %, 35258 MiB, 39.27 W
2026/09/20 13:25:41.623, 2, 0 %, 0 %, 35258 MiB, 37.28 W
2026/09/20 13:25:46.624, 0, 0 %, 0 %, 35264 MiB, 39.31 W
2026/09/20 13:25:46.624, 1, 0 %, 0 %, 35264 MiB, 39.27 W
2026/09/20 13:25:46.624, 2, 0 %, 0 %, 35264 MiB, 37.28 W
2026/09/20 13:25:51.625, 0, 0 %, 0 %, 35270 MiB, 39.31 W
2026/09/20 13:25:51.625, 1, 0 %, 0 %, 35270 MiB, 39.37 W
2026/09/20 13:25:51.626, 2, 0 %, 0 %, 35270 MiB, 37.28 W
2026/09/20 13:25:56.627, 0, 0 %, 0 %, 35270 MiB, 39.31 W
2026/09/20 13:25:56.627, 1, 0 %, 0 %, 35270 MiB, 39.17 W
2026/09/20 13:25:56.627, 2, 0 %, 0 %, 35270 MiB, 37.39 W
2026/09/20 13:26:01.629, 0, 0 %, 0 %, 35270 MiB, 39.40 W
2026/09/20 13:26:01.629, 1, 0 %, 0 %, 35270 MiB, 39.17 W
2026/09/20 13:26:01.629, 2, 0 %, 0 %, 35270 MiB, 37.39 W
2026/09/20 13:26:06.630, 0, 0 %, 0 %, 35270 MiB, 39.22 W
2026/09/20 13:26:06.630, 1, 0 %, 0 %, 35270 MiB, 39.18 W
2026/09/20 13:26:06.630, 2, 0 %, 0 %, 35270 MiB, 37.61 W
2026/09/20 13:26:11.631, 0, 0 %, 0 %, 35270 MiB, 39.23 W
2026/09/20 13:26:11.631, 1, 0 %, 0 %, 35270 MiB, 39.29 W
2026/09/20 13:26:11.631, 2, 0 %, 0 %, 35270 MiB, 37.41 W
2026/09/20 13:26:16.631, 0, 0 %, 0 %, 35270 MiB, 39.22 W
2026/09/20 13:26:16.631, 1, 0 %, 0 %, 35270 MiB, 39.10 W
2026/09/20 13:26:16.632, 2, 0 %, 0 %, 35270 MiB, 37.40 W
2026/09/20 13:26:21.632, 0, 0 %, 0 %, 35270 MiB, 39.04 W
2026/09/20 13:26:21.632, 1, 0 %, 0 %, 35270 MiB, 39.10 W
2026/09/20 13:26:21.632, 2, 0 %, 0 %, 35270 MiB, 37.21 W
2026/09/20 13:26:26.633, 0, 0 %, 0 %, 35270 MiB, 39.03 W
2026/09/20 13:26:26.633, 1, 0 %, 0 %, 35270 MiB, 39.37 W
2026/09/20 13:26:26.633, 2, 0 %, 0 %, 35270 MiB, 37.10 W
2026/09/20 13:26:31.633, 0, 0 %, 0 %, 35270 MiB, 39.12 W
2026/09/20 13:26:31.634, 1, 0 %, 0 %, 35270 MiB, 39.19 W
2026/09/20 13:26:31.634, 2, 0 %, 0 %, 35270 MiB, 37.20 W
2026/09/20 13:26:36.634, 0, 0 %, 0 %, 35270 MiB, 39.31 W
2026/09/20 13:26:36.635, 1, 0 %, 0 %, 35270 MiB, 39.19 W
2026/09/20 13:26:36.635, 2, 0 %, 0 %, 35270 MiB, 37.20 W
2026/09/20 13:26:41.636, 0, 0 %, 0 %, 35270 MiB, 39.23 W
2026/09/20 13:26:41.636, 1, 0 %, 0 %, 35270 MiB, 39.19 W
2026/09/20 13:26:41.636, 2, 0 %, 0 %, 35270 MiB, 37.10 W
2026/09/20 13:26:46.636, 0, 0 %, 0 %, 35270 MiB, 39.22 W
2026/09/20 13:26:46.637, 1, 0 %, 0 %, 35270 MiB, 39.28 W
2026/09/20 13:26:46.637, 2, 0 %, 0 %, 35270 MiB, 37.22 W
2026/09/20 13:26:51.637, 0, 0 %, 0 %, 35270 MiB, 39.12 W
2026/09/20 13:26:51.637, 1, 0 %, 0 %, 35270 MiB, 39.18 W
2026/09/20 13:26:51.637, 2, 0 %, 0 %, 35270 MiB, 37.41 W
2026/09/20 13:26:56.638, 0, 0 %, 0 %, 35270 MiB, 39.31 W
2026/09/20 13:26:56.638, 1, 0 %, 0 %, 35270 MiB, 39.09 W
2026/09/20 13:26:56.638, 2, 0 %, 0 %, 35270 MiB, 37.20 W
2026/09/20 13:27:01.639, 0, 0 %, 0 %, 35270 MiB, 39.22 W
2026/09/20 13:27:01.639, 1, 0 %, 0 %, 35270 MiB, 39.09 W
2026/09/20 13:27:01.639, 2, 0 %, 0 %, 35270 MiB, 37.28 W
2026/09/20 13:27:06.639, 0, 0 %, 0 %, 35270 MiB, 39.22 W
2026/09/20 13:27:06.640, 1, 0 %, 0 %, 35270 MiB, 39.17 W
2026/09/20 13:27:06.640, 2, 0 %, 0 %, 35270 MiB, 37.18 W
2026/09/20 13:27:11.640, 0, 0 %, 0 %, 35270 MiB, 39.22 W
2026/09/20 13:27:11.640, 1, 0 %, 0 %, 35270 MiB, 39.09 W
2026/09/20 13:27:11.640, 2, 0 %, 0 %, 35270 MiB, 37.41 W
2026/09/20 13:27:16.641, 0, 0 %, 0 %, 35270 MiB, 39.04 W
2026/09/20 13:27:16.641, 1, 0 %, 0 %, 35270 MiB, 39.10 W
2026/09/20 13:27:16.641, 2, 0 %, 0 %, 35270 MiB, 37.31 W
2026/09/20 13:27:21.641, 0, 0 %, 0 %, 35270 MiB, 39.03 W
2026/09/20 13:27:21.642, 1, 0 %, 0 %, 35270 MiB, 39.29 W
2026/09/20 13:27:21.642, 2, 0 %, 0 %, 35270 MiB, 37.29 W
2026/09/20 13:27:26.642, 0, 0 %, 0 %, 35270 MiB, 39.04 W
2026/09/20 13:27:26.642, 1, 0 %, 0 %, 35270 MiB, 39.09 W
2026/09/20 13:27:26.642, 2, 0 %, 0 %, 35270 MiB, 37.10 W
2026/09/20 13:27:31.643, 0, 0 %, 0 %, 35270 MiB, 39.22 W
2026/09/20 13:27:31.643, 1, 0 %, 0 %, 35270 MiB, 39.10 W
2026/09/20 13:27:31.643, 2, 0 %, 0 %, 35270 MiB, 37.20 W
2026/09/20 13:27:36.644, 0, 0 %, 0 %, 35270 MiB, 39.13 W
2026/09/20 13:27:36.644, 1, 0 %, 0 %, 35270 MiB, 39.19 W
2026/09/20 13:27:36.644, 2, 0 %, 0 %, 35270 MiB, 37.20 W
2026/09/20 13:27:41.644, 0, 0 %, 0 %, 35270 MiB, 39.12 W
2026/09/20 13:27:41.644, 1, 0 %, 0 %, 35270 MiB, 39.19 W
2026/09/20 13:27:41.645, 2, 0 %, 0 %, 35270 MiB, 37.20 W
2026/09/20 13:27:46.645, 0, 0 %, 0 %, 35270 MiB, 39.13 W
2026/09/20 13:27:46.645, 1, 0 %, 0 %, 35270 MiB, 39.29 W
2026/09/20 13:27:46.645, 2, 0 %, 0 %, 35270 MiB, 37.10 W
2026/09/20 13:27:51.646, 0, 0 %, 0 %, 35270 MiB, 39.22 W
2026/09/20 13:27:51.646, 1, 0 %, 0 %, 35270 MiB, 39.18 W
2026/09/20 13:27:51.646, 2, 0 %, 0 %, 35270 MiB, 37.19 W
2026/09/20 13:27:56.647, 0, 0 %, 0 %, 35270 MiB, 39.12 W
2026/09/20 13:27:56.647, 1, 0 %, 0 %, 35270 MiB, 39.28 W
2026/09/20 13:27:56.647, 2, 0 %, 0 %, 35270 MiB, 37.10 W
2026/09/20 13:28:01.647, 0, 0 %, 0 %, 35270 MiB, 39.22 W
2026/09/20 13:28:01.648, 1, 0 %, 0 %, 35270 MiB, 39.19 W
2026/09/20 13:28:01.648, 2, 0 %, 0 %, 35270 MiB, 37.19 W
2026/09/20 13:28:06.649, 0, 0 %, 0 %, 35270 MiB, 38.82 W
2026/09/20 13:28:06.649, 1, 0 %, 0 %, 35270 MiB, 39.08 W
2026/09/20 13:28:06.649, 2, 0 %, 0 %, 35270 MiB, 37.18 W
2026/09/20 13:28:11.649, 0, 0 %, 0 %, 35270 MiB, 39.23 W
2026/09/20 13:28:11.650, 1, 0 %, 0 %, 35270 MiB, 39.00 W
2026/09/20 13:28:11.650, 2, 0 %, 0 %, 35270 MiB, 37.19 W
2026/09/20 13:28:16.650, 0, 0 %, 0 %, 35270 MiB, 39.22 W
2026/09/20 13:28:16.650, 1, 0 %, 0 %, 35270 MiB, 39.29 W
2026/09/20 13:28:16.650, 2, 0 %, 0 %, 35270 MiB, 37.20 W
2026/09/20 13:28:21.651, 0, 0 %, 0 %, 35270 MiB, 39.13 W
2026/09/20 13:28:21.651, 1, 0 %, 0 %, 35270 MiB, 39.19 W
2026/09/20 13:28:21.651, 2, 0 %, 0 %, 35270 MiB, 37.20 W
2026/09/20 13:28:26.652, 0, 0 %, 0 %, 35270 MiB, 39.22 W
2026/09/20 13:28:26.652, 1, 0 %, 0 %, 35270 MiB, 39.09 W
2026/09/20 13:28:26.652, 2, 0 %, 0 %, 35270 MiB, 37.20 W
2026/09/20 13:28:31.653, 0, 0 %, 0 %, 35270 MiB, 39.12 W
2026/09/20 13:28:31.653, 1, 0 %, 0 %, 35270 MiB, 39.10 W
2026/09/20 13:28:31.653, 2, 0 %, 0 %, 35270 MiB, 37.20 W
2026/09/20 13:28:36.654, 0, 0 %, 0 %, 35270 MiB, 39.02 W
2026/09/20 13:28:36.654, 1, 0 %, 0 %, 35270 MiB, 39.18 W
2026/09/20 13:28:36.654, 2, 0 %, 0 %, 35270 MiB, 37.00 W
2026/09/20 13:28:41.654, 0, 0 %, 0 %, 35270 MiB, 38.63 W
2026/09/20 13:28:41.654, 1, 0 %, 0 %, 35270 MiB, 39.19 W
2026/09/20 13:28:41.654, 2, 0 %, 0 %, 35270 MiB, 37.20 W
2026/09/20 13:28:46.655, 0, 0 %, 0 %, 35270 MiB, 39.22 W
2026/09/20 13:28:46.655, 1, 0 %, 0 %, 35270 MiB, 39.08 W
2026/09/20 13:28:46.655, 2, 0 %, 0 %, 35270 MiB, 37.50 W
2026/09/20 13:28:51.655, 0, 0 %, 0 %, 35270 MiB, 39.12 W
2026/09/20 13:28:51.655, 1, 0 %, 0 %, 35270 MiB, 39.38 W
2026/09/20 13:28:51.656, 2, 0 %, 0 %, 35270 MiB, 37.10 W
2026/09/20 13:28:56.657, 0, 0 %, 0 %, 35270 MiB, 39.12 W
2026/09/20 13:28:56.657, 1, 0 %, 0 %, 35270 MiB, 39.27 W
2026/09/20 13:28:56.657, 2, 0 %, 0 %, 35270 MiB, 37.18 W
2026/09/20 13:29:01.657, 0, 0 %, 0 %, 35270 MiB, 39.02 W
2026/09/20 13:29:01.657, 1, 0 %, 0 %, 35270 MiB, 39.17 W
2026/09/20 13:29:01.657, 2, 0 %, 0 %, 35270 MiB, 37.09 W
2026/09/20 13:29:06.658, 0, 0 %, 0 %, 35270 MiB, 39.22 W
2026/09/20 13:29:06.658, 1, 0 %, 0 %, 35270 MiB, 39.18 W
2026/09/20 13:29:06.659, 2, 0 %, 0 %, 35270 MiB, 37.28 W
2026/09/20 13:29:11.659, 0, 0 %, 0 %, 35270 MiB, 39.12 W
2026/09/20 13:29:11.659, 1, 0 %, 0 %, 35270 MiB, 39.19 W
2026/09/20 13:29:11.659, 2, 0 %, 0 %, 35270 MiB, 37.21 W
2026/09/20 13:29:16.659, 0, 0 %, 0 %, 35270 MiB, 39.13 W
2026/09/20 13:29:16.660, 1, 0 %, 0 %, 35270 MiB, 39.09 W
2026/09/20 13:29:16.660, 2, 0 %, 0 %, 35270 MiB, 37.10 W
2026/09/20 13:29:21.660, 0, 0 %, 0 %, 35270 MiB, 39.22 W
2026/09/20 13:29:21.660, 1, 0 %, 0 %, 35270 MiB, 39.09 W
2026/09/20 13:29:21.660, 2, 0 %, 0 %, 35270 MiB, 37.20 W
2026/09/20 13:29:26.661, 0, 0 %, 0 %, 35270 MiB, 39.22 W
2026/09/20 13:29:26.661, 1, 0 %, 0 %, 35270 MiB, 39.29 W
2026/09/20 13:29:26.661, 2, 0 %, 0 %, 35270 MiB, 37.41 W
2026/09/20 13:29:31.662, 0, 0 %, 0 %, 35270 MiB, 39.04 W
2026/09/20 13:29:31.662, 1, 0 %, 0 %, 35270 MiB, 39.09 W
2026/09/20 13:29:31.662, 2, 0 %, 0 %, 35270 MiB, 37.30 W
2026/09/20 13:29:36.662, 0, 0 %, 0 %, 35270 MiB, 38.94 W
2026/09/20 13:29:36.663, 1, 0 %, 0 %, 35270 MiB, 39.19 W
2026/09/20 13:29:36.663, 2, 0 %, 0 %, 35270 MiB, 37.31 W
2026/09/20 13:29:41.663, 0, 0 %, 0 %, 35270 MiB, 39.22 W
2026/09/20 13:29:41.663, 1, 0 %, 0 %, 35270 MiB, 39.08 W
2026/09/20 13:29:41.663, 2, 0 %, 0 %, 35270 MiB, 37.10 W
2026/09/20 13:29:46.664, 0, 0 %, 0 %, 35270 MiB, 39.04 W
2026/09/20 13:29:46.664, 1, 0 %, 0 %, 35270 MiB, 39.18 W
2026/09/20 13:29:46.664, 2, 0 %, 0 %, 35270 MiB, 37.20 W
2026/09/20 13:29:51.664, 0, 0 %, 0 %, 35270 MiB, 39.12 W
2026/09/20 13:29:51.664, 1, 0 %, 0 %, 35270 MiB, 39.19 W
2026/09/20 13:29:51.664, 2, 0 %, 0 %, 35270 MiB, 37.20 W
2026/09/20 13:29:56.665, 0, 0 %, 0 %, 35270 MiB, 39.02 W
2026/09/20 13:29:56.665, 1, 0 %, 0 %, 35270 MiB, 39.09 W
2026/09/20 13:29:56.665, 2, 0 %, 0 %, 35270 MiB, 37.10 W
2026/09/20 13:30:01.666, 0, 0 %, 0 %, 35270 MiB, 39.31 W
2026/09/20 13:30:01.666, 1, 0 %, 0 %, 35270 MiB, 39.19 W
2026/09/20 13:30:01.666, 2, 0 %, 0 %, 35270 MiB, 37.18 W
2026/09/20 13:30:06.667, 0, 0 %, 0 %, 35270 MiB, 39.23 W
2026/09/20 13:30:06.667, 1, 0 %, 0 %, 35270 MiB, 39.19 W
2026/09/20 13:30:06.667, 2, 0 %, 0 %, 35270 MiB, 37.20 W
2026/09/20 13:30:11.667, 0, 0 %, 0 %, 35270 MiB, 39.13 W
2026/09/20 13:30:11.668, 1, 0 %, 0 %, 35270 MiB, 39.19 W
2026/09/20 13:30:11.668, 2, 0 %, 0 %, 35270 MiB, 37.19 W
2026/09/20 13:30:16.668, 0, 0 %, 0 %, 35270 MiB, 39.22 W
2026/09/20 13:30:16.668, 1, 0 %, 0 %, 35270 MiB, 39.09 W
2026/09/20 13:30:16.668, 2, 0 %, 0 %, 35270 MiB, 37.18 W
2026/09/20 13:30:21.669, 0, 0 %, 0 %, 35270 MiB, 39.23 W
2026/09/20 13:30:21.669, 1, 0 %, 0 %, 35270 MiB, 39.29 W
2026/09/20 13:30:21.669, 2, 0 %, 0 %, 35270 MiB, 37.19 W
2026/09/20 13:30:26.669, 0, 0 %, 0 %, 35270 MiB, 39.12 W
2026/09/20 13:30:26.670, 1, 0 %, 0 %, 35270 MiB, 39.19 W
2026/09/20 13:30:26.670, 2, 0 %, 0 %, 35270 MiB, 37.20 W
2026/09/20 13:30:31.670, 0, 0 %, 0 %, 35270 MiB, 39.22 W
2026/09/20 13:30:31.670, 1, 0 %, 0 %, 35270 MiB, 39.09 W
2026/09/20 13:30:31.670, 2, 0 %, 0 %, 35270 MiB, 37.31 W
2026/09/20 13:30:36.671, 0, 0 %, 0 %, 35270 MiB, 39.04 W
2026/09/20 13:30:36.671, 1, 0 %, 0 %, 35270 MiB, 39.10 W
2026/09/20 13:30:36.671, 2, 0 %, 0 %, 35270 MiB, 37.20 W
2026/09/20 13:30:41.672, 0, 0 %, 0 %, 35270 MiB, 39.13 W
2026/09/20 13:30:41.672, 1, 0 %, 0 %, 35270 MiB, 39.19 W
2026/09/20 13:30:41.672, 2, 0 %, 0 %, 35270 MiB, 37.31 W
2026/09/20 13:30:46.672, 0, 0 %, 0 %, 35270 MiB, 39.03 W
2026/09/20 13:30:46.673, 1, 0 %, 0 %, 35270 MiB, 39.19 W
2026/09/20 13:30:46.673, 2, 0 %, 0 %, 35270 MiB, 37.09 W
2026/09/20 13:30:51.673, 0, 0 %, 0 %, 35270 MiB, 39.02 W
2026/09/20 13:30:51.673, 1, 0 %, 0 %, 35270 MiB, 39.07 W
2026/09/20 13:30:51.673, 2, 0 %, 0 %, 35270 MiB, 37.09 W
2026/09/20 13:30:56.674, 0, 0 %, 0 %, 35270 MiB, 39.61 W
2026/09/20 13:30:56.674, 1, 0 %, 0 %, 35270 MiB, 39.87 W
2026/09/20 13:30:56.674, 2, 0 %, 0 %, 35270 MiB, 37.18 W
2026/09/20 13:31:01.674, 0, 0 %, 0 %, 35270 MiB, 39.12 W
2026/09/20 13:31:01.674, 1, 0 %, 0 %, 35270 MiB, 39.19 W
2026/09/20 13:31:01.674, 2, 0 %, 0 %, 35270 MiB, 37.29 W
2026/09/20 13:31:06.675, 0, 0 %, 0 %, 35270 MiB, 39.03 W
2026/09/20 13:31:06.675, 1, 0 %, 0 %, 35270 MiB, 39.19 W
2026/09/20 13:31:06.675, 2, 0 %, 0 %, 35270 MiB, 37.22 W
2026/09/20 13:31:11.675, 0, 0 %, 0 %, 35270 MiB, 39.02 W
2026/09/20 13:31:11.676, 1, 0 %, 0 %, 35270 MiB, 39.28 W
2026/09/20 13:31:11.676, 2, 0 %, 0 %, 35270 MiB, 37.19 W
2026/09/20 13:31:16.676, 0, 0 %, 0 %, 35270 MiB, 39.23 W
2026/09/20 13:31:16.676, 1, 0 %, 0 %, 35270 MiB, 39.38 W
2026/09/20 13:31:16.676, 2, 0 %, 0 %, 35270 MiB, 37.20 W
2026/09/20 13:31:21.677, 0, 0 %, 0 %, 35270 MiB, 39.12 W
2026/09/20 13:31:21.677, 1, 0 %, 0 %, 35270 MiB, 39.19 W
2026/09/20 13:31:21.677, 2, 0 %, 0 %, 35270 MiB, 37.31 W
2026/09/20 13:31:26.677, 0, 0 %, 0 %, 35270 MiB, 39.13 W
2026/09/20 13:31:26.678, 1, 0 %, 0 %, 35270 MiB, 39.00 W
2026/09/20 13:31:26.678, 2, 0 %, 0 %, 35270 MiB, 37.21 W
2026/09/20 13:31:31.678, 0, 0 %, 0 %, 35270 MiB, 39.23 W
2026/09/20 13:31:31.678, 1, 0 %, 0 %, 35270 MiB, 39.10 W
2026/09/20 13:31:31.678, 2, 0 %, 0 %, 35270 MiB, 37.20 W
2026/09/20 13:31:36.679, 0, 0 %, 0 %, 35270 MiB, 39.12 W
2026/09/20 13:31:36.679, 1, 0 %, 0 %, 35270 MiB, 39.09 W
2026/09/20 13:31:36.679, 2, 0 %, 0 %, 35270 MiB, 37.20 W
2026/09/20 13:31:41.680, 0, 0 %, 0 %, 35270 MiB, 39.04 W
2026/09/20 13:31:41.680, 1, 0 %, 0 %, 35270 MiB, 39.09 W
2026/09/20 13:31:41.680, 2, 0 %, 0 %, 35270 MiB, 37.40 W
2026/09/20 13:31:46.680, 0, 0 %, 0 %, 35270 MiB, 39.03 W
2026/09/20 13:31:46.680, 1, 0 %, 0 %, 35270 MiB, 39.10 W
2026/09/20 13:31:46.680, 2, 0 %, 0 %, 35270 MiB, 37.20 W
2026/09/20 13:31:51.681, 0, 0 %, 0 %, 35270 MiB, 39.04 W
2026/09/20 13:31:51.681, 1, 0 %, 0 %, 35270 MiB, 39.28 W
2026/09/20 13:31:51.681, 2, 0 %, 0 %, 35270 MiB, 37.30 W
2026/09/20 13:31:56.681, 0, 0 %, 0 %, 35270 MiB, 39.03 W
2026/09/20 13:31:56.682, 1, 0 %, 0 %, 35270 MiB, 39.19 W
2026/09/20 13:31:56.682, 2, 0 %, 0 %, 35270 MiB, 37.18 W
2026/09/20 13:32:01.682, 0, 0 %, 0 %, 35270 MiB, 39.02 W
2026/09/20 13:32:01.682, 1, 0 %, 0 %, 35270 MiB, 39.09 W
2026/09/20 13:32:01.682, 2, 0 %, 0 %, 35270 MiB, 37.19 W
2026/09/20 13:32:06.683, 0, 0 %, 0 %, 35270 MiB, 39.02 W
2026/09/20 13:32:06.683, 1, 0 %, 0 %, 35270 MiB, 39.09 W
2026/09/20 13:32:06.683, 2, 0 %, 0 %, 35270 MiB, 37.10 W
2026/09/20 13:32:11.684, 0, 0 %, 0 %, 35270 MiB, 39.12 W
2026/09/20 13:32:11.684, 1, 0 %, 0 %, 35270 MiB, 39.29 W
2026/09/20 13:32:11.684, 2, 0 %, 0 %, 35270 MiB, 37.11 W
2026/09/20 13:32:16.685, 0, 0 %, 0 %, 35270 MiB, 39.03 W
2026/09/20 13:32:16.685, 1, 0 %, 0 %, 35270 MiB, 39.19 W
2026/09/20 13:32:16.685, 2, 0 %, 0 %, 35270 MiB, 36.99 W
2026/09/20 13:32:21.686, 0, 0 %, 0 %, 35270 MiB, 39.04 W
2026/09/20 13:32:21.686, 1, 0 %, 0 %, 35270 MiB, 39.19 W
2026/09/20 13:32:21.686, 2, 0 %, 0 %, 35270 MiB, 37.22 W
2026/09/20 13:32:26.687, 0, 0 %, 0 %, 35270 MiB, 39.02 W
2026/09/20 13:32:26.687, 1, 0 %, 0 %, 35270 MiB, 39.18 W
2026/09/20 13:32:26.687, 2, 0 %, 0 %, 35270 MiB, 37.20 W
2026/09/20 13:32:31.687, 0, 0 %, 0 %, 35270 MiB, 39.12 W
2026/09/20 13:32:31.688, 1, 0 %, 0 %, 35270 MiB, 39.10 W
2026/09/20 13:32:31.688, 2, 0 %, 0 %, 35270 MiB, 37.19 W
2026/09/20 13:32:36.688, 0, 0 %, 0 %, 35270 MiB, 39.12 W
2026/09/20 13:32:36.688, 1, 0 %, 0 %, 35270 MiB, 39.00 W
2026/09/20 13:32:36.688, 2, 0 %, 0 %, 35270 MiB, 37.10 W
2026/09/20 13:32:41.689, 0, 0 %, 0 %, 35270 MiB, 39.12 W
2026/09/20 13:32:41.689, 1, 0 %, 0 %, 35270 MiB, 39.07 W
2026/09/20 13:32:41.689, 2, 0 %, 0 %, 35270 MiB, 37.18 W
2026/09/20 13:32:46.689, 0, 0 %, 0 %, 35270 MiB, 39.41 W
2026/09/20 13:32:46.689, 1, 0 %, 0 %, 35270 MiB, 39.27 W
2026/09/20 13:32:46.689, 2, 0 %, 0 %, 35270 MiB, 37.18 W
2026/09/20 13:32:51.690, 0, 0 %, 0 %, 35270 MiB, 39.04 W
2026/09/20 13:32:51.690, 1, 0 %, 0 %, 35270 MiB, 39.10 W
2026/09/20 13:32:51.690, 2, 0 %, 0 %, 35270 MiB, 37.20 W
2026/09/20 13:32:56.690, 0, 0 %, 0 %, 35270 MiB, 39.02 W
2026/09/20 13:32:56.690, 1, 0 %, 0 %, 35270 MiB, 39.00 W
2026/09/20 13:32:56.690, 2, 0 %, 0 %, 35270 MiB, 37.49 W
2026/09/20 13:33:01.691, 0, 0 %, 0 %, 35270 MiB, 38.93 W
2026/09/20 13:33:01.691, 1, 0 %, 0 %, 35270 MiB, 38.99 W
2026/09/20 13:33:01.691, 2, 0 %, 0 %, 35270 MiB, 37.10 W
2026/09/20 13:33:06.692, 0, 0 %, 0 %, 35270 MiB, 39.13 W
2026/09/20 13:33:06.692, 1, 0 %, 0 %, 35270 MiB, 39.18 W
2026/09/20 13:33:06.692, 2, 0 %, 0 %, 35270 MiB, 37.10 W
2026/09/20 13:33:11.692, 0, 0 %, 0 %, 35270 MiB, 39.03 W
2026/09/20 13:33:11.692, 1, 0 %, 0 %, 35270 MiB, 39.19 W
2026/09/20 13:33:11.692, 2, 0 %, 0 %, 35270 MiB, 37.10 W
2026/09/20 13:33:16.693, 0, 0 %, 0 %, 35270 MiB, 39.03 W
2026/09/20 13:33:16.693, 1, 0 %, 0 %, 35270 MiB, 39.10 W
2026/09/20 13:33:16.693, 2, 0 %, 0 %, 35270 MiB, 37.31 W
2026/09/20 13:33:21.694, 0, 0 %, 0 %, 35270 MiB, 39.12 W
2026/09/20 13:33:21.694, 1, 0 %, 0 %, 35270 MiB, 39.38 W
2026/09/20 13:33:21.694, 2, 0 %, 0 %, 35270 MiB, 37.20 W
2026/09/20 13:33:26.695, 0, 0 %, 0 %, 35270 MiB, 39.12 W
2026/09/20 13:33:26.695, 1, 0 %, 0 %, 35270 MiB, 39.29 W
2026/09/20 13:33:26.695, 2, 0 %, 0 %, 35270 MiB, 37.01 W
2026/09/20 13:33:31.695, 0, 0 %, 0 %, 35270 MiB, 39.04 W
2026/09/20 13:33:31.696, 1, 0 %, 0 %, 35270 MiB, 39.19 W
2026/09/20 13:33:31.696, 2, 0 %, 0 %, 35270 MiB, 37.20 W
2026/09/20 13:33:36.696, 0, 0 %, 0 %, 35270 MiB, 39.12 W
2026/09/20 13:33:36.696, 1, 0 %, 0 %, 35270 MiB, 39.29 W
2026/09/20 13:33:36.696, 2, 0 %, 0 %, 35270 MiB, 37.29 W
2026/09/20 13:33:41.697, 0, 0 %, 0 %, 35270 MiB, 39.31 W
2026/09/20 13:33:41.697, 1, 0 %, 0 %, 35270 MiB, 39.19 W
2026/09/20 13:33:41.697, 2, 0 %, 0 %, 35270 MiB, 37.19 W
2026/09/20 13:33:46.698, 0, 0 %, 0 %, 35270 MiB, 39.22 W
2026/09/20 13:33:46.698, 1, 0 %, 0 %, 35270 MiB, 38.99 W
2026/09/20 13:33:46.698, 2, 0 %, 0 %, 35270 MiB, 37.19 W
2026/09/20 13:33:51.698, 0, 0 %, 0 %, 35270 MiB, 39.04 W
2026/09/20 13:33:51.699, 1, 0 %, 0 %, 35270 MiB, 39.09 W
2026/09/20 13:33:51.699, 2, 0 %, 0 %, 35270 MiB, 37.20 W
2026/09/20 13:33:56.699, 0, 0 %, 0 %, 35270 MiB, 39.04 W
2026/09/20 13:33:56.699, 1, 0 %, 0 %, 35270 MiB, 39.19 W
2026/09/20 13:33:56.699, 2, 0 %, 0 %, 35270 MiB, 37.29 W
2026/09/20 13:34:01.700, 0, 0 %, 0 %, 35270 MiB, 39.12 W
2026/09/20 13:34:01.700, 1, 0 %, 0 %, 35270 MiB, 39.09 W
2026/09/20 13:34:01.700, 2, 0 %, 0 %, 35270 MiB, 37.30 W
2026/09/20 13:34:06.701, 0, 0 %, 0 %, 35270 MiB, 39.02 W
2026/09/20 13:34:06.701, 1, 0 %, 0 %, 35270 MiB, 39.10 W
2026/09/20 13:34:06.701, 2, 0 %, 0 %, 35270 MiB, 37.00 W
2026/09/20 13:34:11.701, 0, 0 %, 0 %, 35270 MiB, 39.04 W
2026/09/20 13:34:11.702, 1, 0 %, 0 %, 35270 MiB, 39.10 W
2026/09/20 13:34:11.702, 2, 0 %, 0 %, 35270 MiB, 37.01 W
2026/09/20 13:34:16.702, 0, 0 %, 0 %, 35270 MiB, 39.03 W
2026/09/20 13:34:16.702, 1, 0 %, 0 %, 35270 MiB, 39.18 W
2026/09/20 13:34:16.702, 2, 0 %, 0 %, 35270 MiB, 37.20 W
2026/09/20 13:34:21.703, 0, 0 %, 0 %, 35270 MiB, 39.12 W
2026/09/20 13:34:21.703, 1, 0 %, 0 %, 35270 MiB, 39.19 W
2026/09/20 13:34:21.703, 2, 0 %, 0 %, 35270 MiB, 37.01 W
2026/09/20 13:34:26.704, 0, 0 %, 0 %, 35270 MiB, 39.04 W
2026/09/20 13:34:26.704, 1, 0 %, 0 %, 35270 MiB, 39.19 W
2026/09/20 13:34:26.704, 2, 0 %, 0 %, 35270 MiB, 37.10 W
2026/09/20 13:34:31.704, 0, 0 %, 0 %, 35270 MiB, 39.02 W
2026/09/20 13:34:31.705, 1, 0 %, 0 %, 35270 MiB, 39.17 W
2026/09/20 13:34:31.705, 2, 0 %, 0 %, 35270 MiB, 37.29 W
2026/09/20 13:34:36.705, 0, 0 %, 0 %, 35270 MiB, 39.31 W
2026/09/20 13:34:36.705, 1, 0 %, 0 %, 35270 MiB, 39.27 W
2026/09/20 13:34:36.705, 2, 0 %, 0 %, 35270 MiB, 37.09 W
2026/09/20 13:34:41.706, 0, 0 %, 0 %, 35270 MiB, 39.12 W
2026/09/20 13:34:41.706, 1, 0 %, 0 %, 35270 MiB, 39.19 W
2026/09/20 13:34:41.706, 2, 0 %, 0 %, 35270 MiB, 37.10 W
2026/09/20 13:34:46.706, 0, 0 %, 0 %, 35270 MiB, 39.13 W
2026/09/20 13:34:46.707, 1, 0 %, 0 %, 35270 MiB, 39.00 W
2026/09/20 13:34:46.707, 2, 0 %, 0 %, 35270 MiB, 37.00 W
2026/09/20 13:34:51.707, 0, 0 %, 0 %, 35270 MiB, 39.03 W
2026/09/20 13:34:51.707, 1, 0 %, 0 %, 35270 MiB, 39.19 W
2026/09/20 13:34:51.707, 2, 0 %, 0 %, 35270 MiB, 37.20 W
2026/09/20 13:34:56.708, 0, 0 %, 0 %, 35270 MiB, 39.22 W
2026/09/20 13:34:56.708, 1, 0 %, 0 %, 35270 MiB, 39.09 W
2026/09/20 13:34:56.708, 2, 0 %, 0 %, 35270 MiB, 37.20 W
2026/09/20 13:35:01.709, 0, 0 %, 0 %, 35270 MiB, 39.12 W
2026/09/20 13:35:01.709, 1, 0 %, 0 %, 35270 MiB, 38.99 W
2026/09/20 13:35:01.709, 2, 0 %, 0 %, 35270 MiB, 37.20 W
2026/09/20 13:35:06.709, 0, 0 %, 0 %, 35270 MiB, 39.03 W
2026/09/20 13:35:06.710, 1, 0 %, 0 %, 35270 MiB, 38.99 W
2026/09/20 13:35:06.710, 2, 0 %, 0 %, 35270 MiB, 37.41 W
2026/09/20 13:35:11.710, 0, 0 %, 0 %, 35270 MiB, 39.03 W
2026/09/20 13:35:11.710, 1, 0 %, 0 %, 35270 MiB, 39.08 W
2026/09/20 13:35:11.710, 2, 0 %, 0 %, 35270 MiB, 37.29 W
2026/09/20 13:35:16.711, 0, 0 %, 0 %, 35270 MiB, 39.12 W
2026/09/20 13:35:16.711, 1, 0 %, 0 %, 35270 MiB, 39.09 W
2026/09/20 13:35:16.711, 2, 0 %, 0 %, 35270 MiB, 37.00 W
2026/09/20 13:35:21.712, 0, 0 %, 0 %, 35270 MiB, 39.02 W
2026/09/20 13:35:21.712, 1, 0 %, 0 %, 35270 MiB, 39.18 W
2026/09/20 13:35:21.712, 2, 0 %, 0 %, 35270 MiB, 37.00 W
2026/09/20 13:35:26.712, 0, 0 %, 0 %, 35270 MiB, 39.04 W
2026/09/20 13:35:26.712, 1, 0 %, 0 %, 35270 MiB, 39.38 W
2026/09/20 13:35:26.712, 2, 0 %, 0 %, 35270 MiB, 37.21 W
2026/09/20 13:35:31.713, 0, 0 %, 0 %, 35270 MiB, 38.94 W
2026/09/20 13:35:31.713, 1, 0 %, 0 %, 35270 MiB, 39.09 W
2026/09/20 13:35:31.713, 2, 0 %, 0 %, 35270 MiB, 37.20 W
2026/09/20 13:35:36.714, 0, 0 %, 0 %, 35270 MiB, 39.12 W
2026/09/20 13:35:36.714, 1, 0 %, 0 %, 35270 MiB, 39.19 W
2026/09/20 13:35:36.714, 2, 0 %, 0 %, 35270 MiB, 37.00 W
2026/09/20 13:35:41.714, 0, 0 %, 0 %, 35270 MiB, 39.03 W
2026/09/20 13:35:41.714, 1, 0 %, 0 %, 35270 MiB, 39.19 W
2026/09/20 13:35:41.714, 2, 0 %, 0 %, 35270 MiB, 37.10 W
2026/09/20 13:35:46.715, 0, 0 %, 0 %, 35270 MiB, 39.02 W
2026/09/20 13:35:46.715, 1, 0 %, 0 %, 35270 MiB, 39.29 W
2026/09/20 13:35:46.715, 2, 0 %, 0 %, 35270 MiB, 37.20 W
2026/09/20 13:35:51.716, 0, 0 %, 0 %, 35270 MiB, 39.22 W
2026/09/20 13:35:51.716, 1, 0 %, 0 %, 35270 MiB, 38.99 W
2026/09/20 13:35:51.716, 2, 0 %, 0 %, 35270 MiB, 37.19 W
2026/09/20 13:35:56.716, 0, 0 %, 0 %, 35270 MiB, 39.13 W
2026/09/20 13:35:56.716, 1, 0 %, 0 %, 35270 MiB, 38.99 W
2026/09/20 13:35:56.717, 2, 0 %, 0 %, 35270 MiB, 37.20 W
2026/09/20 13:36:01.717, 0, 0 %, 0 %, 35270 MiB, 39.13 W
2026/09/20 13:36:01.717, 1, 0 %, 0 %, 35270 MiB, 39.18 W
2026/09/20 13:36:01.717, 2, 0 %, 0 %, 35270 MiB, 37.10 W
2026/09/20 13:36:06.718, 0, 0 %, 0 %, 35270 MiB, 39.12 W
2026/09/20 13:36:06.718, 1, 0 %, 0 %, 35270 MiB, 39.09 W
2026/09/20 13:36:06.718, 2, 0 %, 0 %, 35270 MiB, 37.29 W
2026/09/20 13:36:11.718, 0, 0 %, 0 %, 35270 MiB, 39.13 W
2026/09/20 13:36:11.718, 1, 0 %, 0 %, 35270 MiB, 39.09 W
2026/09/20 13:36:11.719, 2, 0 %, 0 %, 35270 MiB, 37.29 W
2026/09/20 13:36:16.719, 0, 0 %, 0 %, 35270 MiB, 38.92 W
2026/09/20 13:36:16.719, 1, 0 %, 0 %, 35270 MiB, 39.10 W
2026/09/20 13:36:16.719, 2, 0 %, 0 %, 35270 MiB, 37.19 W
2026/09/20 13:36:21.721, 0, 0 %, 0 %, 35270 MiB, 59.79 W
2026/09/20 13:36:21.721, 1, 0 %, 0 %, 35270 MiB, 39.37 W
2026/09/20 13:36:21.721, 2, 0 %, 0 %, 35270 MiB, 37.28 W
2026/09/20 13:36:26.721, 0, 0 %, 0 %, 35270 MiB, 39.12 W
2026/09/20 13:36:26.722, 1, 0 %, 0 %, 35270 MiB, 39.07 W
2026/09/20 13:36:26.722, 2, 0 %, 0 %, 35270 MiB, 37.29 W
2026/09/20 13:36:31.722, 0, 0 %, 0 %, 35270 MiB, 39.13 W
2026/09/20 13:36:31.723, 1, 0 %, 0 %, 35270 MiB, 39.19 W
2026/09/20 13:36:31.723, 2, 0 %, 0 %, 35270 MiB, 37.10 W
2026/09/20 13:36:36.724, 0, 0 %, 0 %, 35270 MiB, 39.02 W
2026/09/20 13:36:36.724, 1, 0 %, 0 %, 35270 MiB, 39.58 W
2026/09/20 13:36:36.724, 2, 0 %, 0 %, 35270 MiB, 37.10 W
2026/09/20 13:36:41.724, 0, 0 %, 0 %, 35270 MiB, 39.22 W
2026/09/20 13:36:41.724, 1, 0 %, 0 %, 35270 MiB, 39.27 W
2026/09/20 13:36:41.724, 2, 0 %, 0 %, 35270 MiB, 37.41 W
2026/09/20 13:36:46.725, 0, 0 %, 0 %, 35270 MiB, 39.31 W
2026/09/20 13:36:46.725, 1, 0 %, 0 %, 35270 MiB, 39.27 W
2026/09/20 13:36:46.725, 2, 0 %, 0 %, 35270 MiB, 37.20 W
2026/09/20 13:36:51.726, 0, 0 %, 0 %, 35270 MiB, 39.12 W
2026/09/20 13:36:51.726, 1, 0 %, 0 %, 35270 MiB, 39.29 W
2026/09/20 13:36:51.726, 2, 0 %, 0 %, 35270 MiB, 37.10 W
2026/09/20 13:36:56.727, 0, 0 %, 0 %, 35270 MiB, 39.12 W
2026/09/20 13:36:56.727, 1, 0 %, 0 %, 35270 MiB, 39.19 W
2026/09/20 13:36:56.727, 2, 0 %, 0 %, 35270 MiB, 37.19 W
2026/09/20 13:37:01.728, 0, 0 %, 0 %, 35270 MiB, 39.13 W
2026/09/20 13:37:01.728, 1, 0 %, 0 %, 35270 MiB, 39.19 W
2026/09/20 13:37:01.728, 2, 0 %, 0 %, 35270 MiB, 37.39 W
2026/09/20 13:37:06.728, 0, 0 %, 0 %, 35270 MiB, 39.42 W
2026/09/20 13:37:06.729, 1, 0 %, 0 %, 35270 MiB, 38.99 W
2026/09/20 13:37:06.729, 2, 0 %, 0 %, 35270 MiB, 37.31 W
2026/09/20 13:37:11.729, 0, 0 %, 0 %, 35270 MiB, 39.22 W
2026/09/20 13:37:11.729, 1, 0 %, 0 %, 35270 MiB, 39.29 W
2026/09/20 13:37:11.729, 2, 0 %, 0 %, 35270 MiB, 37.29 W
2026/09/20 13:37:16.730, 0, 0 %, 0 %, 35270 MiB, 39.04 W
2026/09/20 13:37:16.730, 1, 0 %, 0 %, 35270 MiB, 39.09 W
2026/09/20 13:37:16.730, 2, 0 %, 0 %, 35270 MiB, 37.31 W
2026/09/20 13:37:21.730, 0, 0 %, 0 %, 35270 MiB, 39.04 W
2026/09/20 13:37:21.731, 1, 0 %, 0 %, 35270 MiB, 39.19 W
2026/09/20 13:37:21.731, 2, 0 %, 0 %, 35270 MiB, 37.39 W
2026/09/20 13:37:26.731, 0, 0 %, 0 %, 35270 MiB, 39.13 W
2026/09/20 13:37:26.731, 1, 0 %, 0 %, 35270 MiB, 39.19 W
2026/09/20 13:37:26.731, 2, 0 %, 0 %, 35270 MiB, 37.31 W
2026/09/20 13:37:31.732, 0, 0 %, 0 %, 35270 MiB, 39.13 W
2026/09/20 13:37:31.732, 1, 0 %, 0 %, 35270 MiB, 39.28 W
2026/09/20 13:37:31.732, 2, 0 %, 0 %, 35270 MiB, 37.10 W
2026/09/20 13:37:36.733, 0, 0 %, 0 %, 35270 MiB, 39.12 W
2026/09/20 13:37:36.733, 1, 0 %, 0 %, 35270 MiB, 39.19 W
2026/09/20 13:37:36.733, 2, 0 %, 0 %, 35270 MiB, 37.20 W
2026/09/20 13:37:41.733, 0, 0 %, 0 %, 35270 MiB, 39.13 W
2026/09/20 13:37:41.733, 1, 0 %, 0 %, 35270 MiB, 39.19 W
2026/09/20 13:37:41.733, 2, 0 %, 0 %, 35270 MiB, 37.29 W
2026/09/20 13:37:46.734, 0, 0 %, 0 %, 35270 MiB, 39.12 W
2026/09/20 13:37:46.734, 1, 0 %, 0 %, 35270 MiB, 39.47 W
2026/09/20 13:37:46.734, 2, 0 %, 0 %, 35270 MiB, 37.10 W
2026/09/20 13:37:51.734, 0, 0 %, 0 %, 35270 MiB, 39.02 W
2026/09/20 13:37:51.735, 1, 0 %, 0 %, 35270 MiB, 39.28 W
2026/09/20 13:37:51.735, 2, 0 %, 0 %, 35270 MiB, 37.19 W
2026/09/20 13:37:56.735, 0, 0 %, 0 %, 35270 MiB, 39.02 W
2026/09/20 13:37:56.735, 1, 0 %, 0 %, 35270 MiB, 39.29 W
2026/09/20 13:37:56.735, 2, 0 %, 0 %, 35270 MiB, 37.10 W
2026/09/20 13:38:01.736, 0, 0 %, 0 %, 35270 MiB, 39.31 W
2026/09/20 13:38:01.736, 1, 0 %, 0 %, 35270 MiB, 39.27 W
2026/09/20 13:38:01.736, 2, 0 %, 0 %, 35270 MiB, 37.19 W
2026/09/20 13:38:06.736, 0, 0 %, 0 %, 35270 MiB, 39.22 W
2026/09/20 13:38:06.737, 1, 0 %, 0 %, 35270 MiB, 39.19 W
2026/09/20 13:38:06.737, 2, 0 %, 0 %, 35270 MiB, 37.19 W
2026/09/20 13:38:11.737, 0, 0 %, 0 %, 35270 MiB, 39.12 W
2026/09/20 13:38:11.737, 1, 0 %, 0 %, 35270 MiB, 39.17 W
2026/09/20 13:38:11.737, 2, 0 %, 0 %, 35270 MiB, 37.18 W
2026/09/20 13:38:16.738, 0, 0 %, 0 %, 35270 MiB, 39.22 W
2026/09/20 13:38:16.738, 1, 0 %, 0 %, 35270 MiB, 39.07 W
2026/09/20 13:38:16.738, 2, 0 %, 0 %, 35270 MiB, 37.99 W
2026/09/20 13:38:21.739, 0, 0 %, 0 %, 35270 MiB, 39.33 W
2026/09/20 13:38:21.739, 1, 0 %, 0 %, 35270 MiB, 39.19 W
2026/09/20 13:38:21.739, 2, 0 %, 0 %, 35270 MiB, 37.30 W
2026/09/20 13:38:26.739, 0, 0 %, 0 %, 35270 MiB, 38.71 W
2026/09/20 13:38:26.739, 1, 0 %, 0 %, 35270 MiB, 39.19 W
2026/09/20 13:38:26.739, 2, 0 %, 0 %, 35270 MiB, 37.19 W
2026/09/20 13:38:31.740, 0, 0 %, 0 %, 35270 MiB, 38.73 W
2026/09/20 13:38:31.740, 1, 0 %, 0 %, 35270 MiB, 39.09 W
2026/09/20 13:38:31.740, 2, 0 %, 0 %, 35270 MiB, 37.20 W
2026/09/20 13:38:36.740, 0, 0 %, 0 %, 35270 MiB, 38.62 W
2026/09/20 13:38:36.740, 1, 0 %, 0 %, 35270 MiB, 39.10 W
2026/09/20 13:38:36.741, 2, 0 %, 0 %, 35270 MiB, 37.42 W
2026/09/20 13:38:41.741, 0, 0 %, 0 %, 35270 MiB, 39.12 W
2026/09/20 13:38:41.741, 1, 0 %, 0 %, 35270 MiB, 39.29 W
2026/09/20 13:38:41.741, 2, 0 %, 0 %, 35270 MiB, 37.21 W
2026/09/20 13:38:46.742, 0, 0 %, 0 %, 35270 MiB, 39.03 W
2026/09/20 13:38:46.742, 1, 0 %, 0 %, 35270 MiB, 39.19 W
2026/09/20 13:38:46.742, 2, 0 %, 0 %, 35270 MiB, 37.10 W
2026/09/20 13:38:51.743, 0, 0 %, 0 %, 35270 MiB, 39.02 W
2026/09/20 13:38:51.743, 1, 0 %, 0 %, 35270 MiB, 39.18 W
2026/09/20 13:38:51.743, 2, 0 %, 0 %, 35270 MiB, 37.10 W
2026/09/20 13:38:56.743, 0, 0 %, 0 %, 35270 MiB, 39.12 W
2026/09/20 13:38:56.743, 1, 0 %, 0 %, 35270 MiB, 39.19 W
2026/09/20 13:38:56.743, 2, 0 %, 0 %, 35270 MiB, 37.30 W
2026/09/20 13:39:01.744, 0, 0 %, 0 %, 35270 MiB, 39.12 W
2026/09/20 13:39:01.744, 1, 0 %, 0 %, 35270 MiB, 39.29 W
2026/09/20 13:39:01.744, 2, 0 %, 0 %, 35270 MiB, 37.00 W
2026/09/20 13:39:06.745, 0, 0 %, 0 %, 35270 MiB, 39.13 W
2026/09/20 13:39:06.745, 1, 0 %, 0 %, 35270 MiB, 39.27 W
2026/09/20 13:39:06.745, 2, 0 %, 0 %, 35270 MiB, 37.19 W
2026/09/20 13:39:11.745, 0, 0 %, 0 %, 35270 MiB, 39.03 W
2026/09/20 13:39:11.745, 1, 0 %, 0 %, 35270 MiB, 39.18 W
2026/09/20 13:39:11.745, 2, 0 %, 0 %, 35270 MiB, 37.19 W
2026/09/20 13:39:16.746, 0, 0 %, 0 %, 35270 MiB, 39.32 W
2026/09/20 13:39:16.746, 1, 0 %, 0 %, 35270 MiB, 39.10 W
2026/09/20 13:39:16.746, 2, 0 %, 0 %, 35270 MiB, 37.31 W
2026/09/20 13:39:21.747, 0, 0 %, 0 %, 35270 MiB, 39.22 W
2026/09/20 13:39:21.747, 1, 0 %, 0 %, 35270 MiB, 39.08 W
2026/09/20 13:39:21.747, 2, 0 %, 0 %, 35270 MiB, 37.31 W
2026/09/20 13:39:26.748, 0, 0 %, 0 %, 35270 MiB, 39.23 W
2026/09/20 13:39:26.748, 1, 0 %, 0 %, 35270 MiB, 39.10 W
2026/09/20 13:39:26.748, 2, 0 %, 0 %, 35270 MiB, 37.31 W
2026/09/20 13:39:31.749, 0, 0 %, 0 %, 35270 MiB, 39.04 W
2026/09/20 13:39:31.749, 1, 0 %, 0 %, 35270 MiB, 39.19 W
2026/09/20 13:39:31.749, 2, 0 %, 0 %, 35270 MiB, 37.20 W
2026/09/20 13:39:36.750, 0, 0 %, 0 %, 35270 MiB, 39.12 W
2026/09/20 13:39:36.750, 1, 0 %, 0 %, 35270 MiB, 39.29 W
2026/09/20 13:39:36.750, 2, 0 %, 0 %, 35270 MiB, 37.41 W
2026/09/20 13:39:41.751, 0, 0 %, 0 %, 35270 MiB, 38.63 W
2026/09/20 13:39:41.751, 1, 0 %, 0 %, 35270 MiB, 39.10 W
2026/09/20 13:39:41.751, 2, 0 %, 0 %, 35270 MiB, 37.10 W
2026/09/20 13:39:46.751, 0, 0 %, 0 %, 35270 MiB, 39.03 W
2026/09/20 13:39:46.751, 1, 0 %, 0 %, 35270 MiB, 39.19 W
2026/09/20 13:39:46.751, 2, 0 %, 0 %, 35270 MiB, 37.10 W
2026/09/20 13:39:51.752, 0, 0 %, 0 %, 35270 MiB, 38.92 W
2026/09/20 13:39:51.752, 1, 0 %, 0 %, 35270 MiB, 39.18 W
2026/09/20 13:39:51.752, 2, 0 %, 0 %, 35270 MiB, 37.19 W
2026/09/20 13:39:56.753, 0, 0 %, 0 %, 35270 MiB, 39.12 W
2026/09/20 13:39:56.753, 1, 0 %, 0 %, 35270 MiB, 39.19 W
2026/09/20 13:39:56.753, 2, 0 %, 0 %, 35270 MiB, 37.10 W
2026/09/20 13:40:01.754, 0, 0 %, 0 %, 35270 MiB, 39.12 W
2026/09/20 13:40:01.754, 1, 0 %, 0 %, 35270 MiB, 39.07 W
2026/09/20 13:40:01.754, 2, 0 %, 0 %, 35270 MiB, 37.09 W
2026/09/20 13:40:06.754, 0, 0 %, 0 %, 35270 MiB, 39.12 W
2026/09/20 13:40:06.755, 1, 0 %, 0 %, 35270 MiB, 39.27 W
2026/09/20 13:40:06.755, 2, 0 %, 0 %, 35270 MiB, 36.99 W
2026/09/20 13:40:11.755, 0, 0 %, 0 %, 35270 MiB, 39.32 W
2026/09/20 13:40:11.756, 1, 0 %, 0 %, 35270 MiB, 39.46 W
2026/09/20 13:40:11.756, 2, 0 %, 0 %, 35270 MiB, 37.30 W
2026/09/20 13:40:16.756, 0, 0 %, 0 %, 35270 MiB, 39.23 W
2026/09/20 13:40:16.756, 1, 0 %, 0 %, 35270 MiB, 39.28 W
2026/09/20 13:40:16.756, 2, 0 %, 0 %, 35270 MiB, 37.10 W
2026/09/20 13:40:21.757, 0, 0 %, 0 %, 35270 MiB, 39.04 W
2026/09/20 13:40:21.757, 1, 0 %, 0 %, 35270 MiB, 39.10 W
2026/09/20 13:40:21.757, 2, 0 %, 0 %, 35270 MiB, 37.11 W
2026/09/20 13:40:26.758, 0, 0 %, 0 %, 35270 MiB, 39.13 W
2026/09/20 13:40:26.758, 1, 0 %, 0 %, 35270 MiB, 39.09 W
2026/09/20 13:40:26.758, 2, 0 %, 0 %, 35270 MiB, 37.10 W
2026/09/20 13:40:31.758, 0, 0 %, 0 %, 35270 MiB, 39.32 W
2026/09/20 13:40:31.758, 1, 0 %, 0 %, 35270 MiB, 39.29 W
2026/09/20 13:40:31.758, 2, 0 %, 0 %, 35270 MiB, 37.31 W
2026/09/20 13:40:36.759, 0, 0 %, 0 %, 35270 MiB, 39.22 W
2026/09/20 13:40:36.759, 1, 0 %, 0 %, 35270 MiB, 39.09 W
2026/09/20 13:40:36.759, 2, 0 %, 0 %, 35270 MiB, 37.19 W
2026/09/20 13:40:41.760, 0, 0 %, 0 %, 35270 MiB, 39.13 W
2026/09/20 13:40:41.760, 1, 0 %, 0 %, 35270 MiB, 39.19 W
2026/09/20 13:40:41.760, 2, 0 %, 0 %, 35270 MiB, 37.30 W
2026/09/20 13:40:46.760, 0, 0 %, 0 %, 35270 MiB, 38.92 W
2026/09/20 13:40:46.761, 1, 0 %, 0 %, 35270 MiB, 39.10 W
2026/09/20 13:40:46.761, 2, 0 %, 0 %, 35270 MiB, 37.20 W
2026/09/20 13:40:51.761, 0, 0 %, 0 %, 35270 MiB, 39.12 W
2026/09/20 13:40:51.761, 1, 0 %, 0 %, 35270 MiB, 39.19 W
2026/09/20 13:40:51.761, 2, 0 %, 0 %, 35270 MiB, 37.19 W
2026/09/20 13:40:56.762, 0, 0 %, 0 %, 35270 MiB, 39.12 W
2026/09/20 13:40:56.762, 1, 0 %, 0 %, 35270 MiB, 39.19 W
2026/09/20 13:40:56.762, 2, 0 %, 0 %, 35270 MiB, 37.10 W
2026/09/20 13:41:01.762, 0, 0 %, 0 %, 35270 MiB, 38.94 W
2026/09/20 13:41:01.763, 1, 0 %, 0 %, 35270 MiB, 39.19 W
2026/09/20 13:41:01.763, 2, 0 %, 0 %, 35270 MiB, 37.01 W
2026/09/20 13:41:06.763, 0, 0 %, 0 %, 35270 MiB, 39.04 W
2026/09/20 13:41:06.763, 1, 0 %, 0 %, 35270 MiB, 39.38 W
2026/09/20 13:41:06.764, 2, 0 %, 0 %, 35270 MiB, 37.11 W
2026/09/20 13:41:11.764, 0, 0 %, 0 %, 35270 MiB, 39.12 W
2026/09/20 13:41:11.764, 1, 0 %, 0 %, 35270 MiB, 39.29 W
2026/09/20 13:41:11.764, 2, 0 %, 0 %, 35270 MiB, 37.10 W
2026/09/20 13:41:16.765, 0, 0 %, 0 %, 35270 MiB, 39.12 W
2026/09/20 13:41:16.765, 1, 0 %, 0 %, 35270 MiB, 39.10 W
2026/09/20 13:41:16.765, 2, 0 %, 0 %, 35270 MiB, 37.20 W
2026/09/20 13:41:21.766, 0, 0 %, 0 %, 35270 MiB, 39.12 W
2026/09/20 13:41:21.766, 1, 0 %, 0 %, 35270 MiB, 39.29 W
2026/09/20 13:41:21.766, 2, 0 %, 0 %, 35270 MiB, 37.11 W
2026/09/20 13:41:26.766, 0, 0 %, 0 %, 35270 MiB, 39.22 W
2026/09/20 13:41:26.767, 1, 0 %, 0 %, 35270 MiB, 39.29 W
2026/09/20 13:41:26.767, 2, 0 %, 0 %, 35270 MiB, 37.41 W
2026/09/20 13:41:31.767, 0, 0 %, 0 %, 35270 MiB, 39.22 W
2026/09/20 13:41:31.767, 1, 0 %, 0 %, 35270 MiB, 39.09 W
2026/09/20 13:41:31.767, 2, 0 %, 0 %, 35270 MiB, 37.19 W
2026/09/20 13:41:36.768, 0, 0 %, 0 %, 35270 MiB, 39.22 W
2026/09/20 13:41:36.768, 1, 0 %, 0 %, 35270 MiB, 39.10 W
2026/09/20 13:41:36.768, 2, 0 %, 0 %, 35270 MiB, 37.20 W
2026/09/20 13:41:41.768, 0, 0 %, 0 %, 35270 MiB, 39.12 W
2026/09/20 13:41:41.769, 1, 0 %, 0 %, 35270 MiB, 38.99 W
2026/09/20 13:41:41.769, 2, 0 %, 0 %, 35270 MiB, 37.10 W
2026/09/20 13:41:46.769, 0, 0 %, 0 %, 35270 MiB, 39.13 W
2026/09/20 13:41:46.769, 1, 0 %, 0 %, 35270 MiB, 39.10 W
2026/09/20 13:41:46.769, 2, 0 %, 0 %, 35270 MiB, 37.41 W
2026/09/20 13:41:51.770, 0, 0 %, 0 %, 35270 MiB, 39.02 W
2026/09/20 13:41:51.770, 1, 0 %, 0 %, 35270 MiB, 39.07 W
2026/09/20 13:41:51.770, 2, 0 %, 0 %, 35270 MiB, 37.18 W
2026/09/20 13:41:56.771, 0, 0 %, 0 %, 35270 MiB, 39.02 W
2026/09/20 13:41:56.771, 1, 0 %, 0 %, 35270 MiB, 39.17 W
2026/09/20 13:41:56.771, 2, 0 %, 0 %, 35270 MiB, 36.99 W
2026/09/20 13:42:01.772, 0, 0 %, 0 %, 35270 MiB, 39.12 W
2026/09/20 13:42:01.772, 1, 0 %, 0 %, 35270 MiB, 39.38 W
2026/09/20 13:42:01.772, 2, 0 %, 0 %, 35270 MiB, 37.09 W
2026/09/20 13:42:06.772, 0, 0 %, 0 %, 35270 MiB, 39.13 W
2026/09/20 13:42:06.773, 1, 0 %, 0 %, 35270 MiB, 39.18 W
2026/09/20 13:42:06.773, 2, 0 %, 0 %, 35270 MiB, 37.19 W
2026/09/20 13:42:11.773, 0, 0 %, 0 %, 35270 MiB, 39.12 W
2026/09/20 13:42:11.773, 1, 0 %, 0 %, 35270 MiB, 39.19 W
2026/09/20 13:42:11.773, 2, 0 %, 0 %, 35270 MiB, 37.20 W
2026/09/20 13:42:16.774, 0, 0 %, 0 %, 35270 MiB, 38.72 W
2026/09/20 13:42:16.774, 1, 0 %, 0 %, 35270 MiB, 39.18 W
2026/09/20 13:42:16.774, 2, 0 %, 0 %, 35270 MiB, 37.10 W
2026/09/20 13:42:21.774, 0, 0 %, 0 %, 35270 MiB, 39.13 W
2026/09/20 13:42:21.774, 1, 0 %, 0 %, 35270 MiB, 39.28 W
2026/09/20 13:42:21.774, 2, 0 %, 0 %, 35270 MiB, 37.01 W
2026/09/20 13:42:26.775, 0, 0 %, 0 %, 35270 MiB, 39.12 W
2026/09/20 13:42:26.775, 1, 0 %, 0 %, 35270 MiB, 39.29 W
2026/09/20 13:42:26.775, 2, 0 %, 0 %, 35270 MiB, 37.30 W
2026/09/20 13:42:31.776, 0, 0 %, 0 %, 35270 MiB, 39.13 W
2026/09/20 13:42:31.776, 1, 0 %, 0 %, 35270 MiB, 39.19 W
2026/09/20 13:42:31.776, 2, 0 %, 0 %, 35270 MiB, 37.10 W
2026/09/20 13:42:36.776, 0, 0 %, 0 %, 35270 MiB, 39.13 W
2026/09/20 13:42:36.777, 1, 0 %, 0 %, 35270 MiB, 39.18 W
2026/09/20 13:42:36.777, 2, 0 %, 0 %, 35270 MiB, 37.20 W
2026/09/20 13:42:41.777, 0, 0 %, 0 %, 35270 MiB, 39.23 W
2026/09/20 13:42:41.778, 1, 0 %, 0 %, 35270 MiB, 39.10 W
2026/09/20 13:42:41.778, 2, 0 %, 0 %, 35270 MiB, 37.20 W
2026/09/20 13:42:46.778, 0, 0 %, 0 %, 35270 MiB, 39.22 W
2026/09/20 13:42:46.778, 1, 0 %, 0 %, 35270 MiB, 39.09 W
2026/09/20 13:42:46.778, 2, 0 %, 0 %, 35270 MiB, 37.30 W
2026/09/20 13:42:51.779, 0, 0 %, 0 %, 35270 MiB, 39.01 W
2026/09/20 13:42:51.779, 1, 0 %, 0 %, 35270 MiB, 38.99 W
2026/09/20 13:42:51.779, 2, 0 %, 0 %, 35270 MiB, 37.20 W
2026/09/20 13:42:56.779, 0, 0 %, 0 %, 35270 MiB, 38.92 W
2026/09/20 13:42:56.779, 1, 0 %, 0 %, 35270 MiB, 39.09 W
2026/09/20 13:42:56.779, 2, 0 %, 0 %, 35270 MiB, 37.29 W
2026/09/20 13:43:01.780, 0, 0 %, 0 %, 35270 MiB, 39.03 W
2026/09/20 13:43:01.780, 1, 0 %, 0 %, 35270 MiB, 39.09 W
2026/09/20 13:43:01.780, 2, 0 %, 0 %, 35270 MiB, 37.31 W
2026/09/20 13:43:06.780, 0, 0 %, 0 %, 35270 MiB, 38.93 W
2026/09/20 13:43:06.781, 1, 0 %, 0 %, 35270 MiB, 39.19 W
2026/09/20 13:43:06.781, 2, 0 %, 0 %, 35270 MiB, 37.11 W
2026/09/20 13:43:11.781, 0, 0 %, 0 %, 35270 MiB, 39.02 W
2026/09/20 13:43:11.782, 1, 0 %, 0 %, 35270 MiB, 39.29 W
2026/09/20 13:43:11.782, 2, 0 %, 0 %, 35270 MiB, 37.10 W
2026/09/20 13:43:16.782, 0, 0 %, 0 %, 35270 MiB, 39.03 W
2026/09/20 13:43:16.782, 1, 0 %, 0 %, 35270 MiB, 39.19 W
2026/09/20 13:43:16.782, 2, 0 %, 0 %, 35270 MiB, 37.01 W
2026/09/20 13:43:21.782, 0, 0 %, 0 %, 35270 MiB, 39.02 W
2026/09/20 13:43:21.783, 1, 0 %, 0 %, 35270 MiB, 39.29 W
2026/09/20 13:43:21.783, 2, 0 %, 0 %, 35270 MiB, 37.40 W
2026/09/20 13:43:26.783, 0, 0 %, 0 %, 35270 MiB, 39.04 W
2026/09/20 13:43:26.783, 1, 0 %, 0 %, 35270 MiB, 39.19 W
2026/09/20 13:43:26.783, 2, 0 %, 0 %, 35270 MiB, 37.10 W
2026/09/20 13:43:31.784, 0, 0 %, 0 %, 35270 MiB, 39.03 W
2026/09/20 13:43:31.784, 1, 0 %, 0 %, 35270 MiB, 39.38 W
2026/09/20 13:43:31.784, 2, 0 %, 0 %, 35270 MiB, 37.10 W
2026/09/20 13:43:36.784, 0, 0 %, 0 %, 35270 MiB, 39.23 W
2026/09/20 13:43:36.784, 1, 0 %, 0 %, 35270 MiB, 39.19 W
2026/09/20 13:43:36.784, 2, 0 %, 0 %, 35270 MiB, 37.10 W
2026/09/20 13:43:41.785, 0, 0 %, 0 %, 35270 MiB, 39.12 W
2026/09/20 13:43:41.785, 1, 0 %, 0 %, 35270 MiB, 39.10 W
2026/09/20 13:43:41.785, 2, 0 %, 0 %, 35270 MiB, 37.30 W
2026/09/20 13:43:46.785, 0, 0 %, 0 %, 35270 MiB, 39.12 W
2026/09/20 13:43:46.786, 1, 0 %, 0 %, 35270 MiB, 39.07 W
2026/09/20 13:43:46.786, 2, 0 %, 0 %, 35270 MiB, 37.18 W
2026/09/20 13:43:51.786, 0, 0 %, 0 %, 35270 MiB, 39.12 W
2026/09/20 13:43:51.786, 1, 0 %, 0 %, 35270 MiB, 39.18 W
2026/09/20 13:43:51.786, 2, 0 %, 0 %, 35270 MiB, 37.70 W
2026/09/20 13:43:56.787, 0, 0 %, 0 %, 35270 MiB, 39.13 W
2026/09/20 13:43:56.787, 1, 0 %, 0 %, 35270 MiB, 39.07 W
2026/09/20 13:43:56.787, 2, 0 %, 0 %, 35270 MiB, 37.19 W
2026/09/20 13:44:01.788, 0, 0 %, 0 %, 35270 MiB, 38.91 W
2026/09/20 13:44:01.788, 1, 0 %, 0 %, 35270 MiB, 39.10 W
2026/09/20 13:44:01.788, 2, 0 %, 0 %, 35270 MiB, 37.40 W
2026/09/20 13:44:06.789, 0, 0 %, 0 %, 35270 MiB, 38.93 W
2026/09/20 13:44:06.789, 1, 0 %, 0 %, 35270 MiB, 39.19 W
2026/09/20 13:44:06.789, 2, 0 %, 0 %, 35270 MiB, 37.20 W
2026/09/20 13:44:11.790, 0, 0 %, 0 %, 35270 MiB, 39.04 W
2026/09/20 13:44:11.790, 1, 0 %, 0 %, 35270 MiB, 39.09 W
2026/09/20 13:44:11.790, 2, 0 %, 0 %, 35270 MiB, 37.10 W
2026/09/20 13:44:16.790, 0, 0 %, 0 %, 35270 MiB, 38.63 W
2026/09/20 13:44:16.790, 1, 0 %, 0 %, 35270 MiB, 39.10 W
2026/09/20 13:44:16.790, 2, 0 %, 0 %, 35270 MiB, 37.10 W
2026/09/20 13:44:21.791, 0, 0 %, 0 %, 35270 MiB, 38.94 W
2026/09/20 13:44:21.791, 1, 0 %, 0 %, 35270 MiB, 39.19 W
2026/09/20 13:44:21.791, 2, 0 %, 0 %, 35270 MiB, 37.20 W
2026/09/20 13:44:26.791, 0, 0 %, 0 %, 35270 MiB, 38.93 W
2026/09/20 13:44:26.791, 1, 0 %, 0 %, 35270 MiB, 39.29 W
2026/09/20 13:44:26.792, 2, 0 %, 0 %, 35270 MiB, 37.09 W
2026/09/20 13:44:31.792, 0, 0 %, 0 %, 35270 MiB, 39.33 W
2026/09/20 13:44:31.792, 1, 0 %, 0 %, 35270 MiB, 39.19 W
2026/09/20 13:44:31.792, 2, 0 %, 0 %, 35270 MiB, 37.21 W
2026/09/20 13:44:36.793, 0, 0 %, 0 %, 35270 MiB, 39.02 W
2026/09/20 13:44:36.793, 1, 0 %, 0 %, 35270 MiB, 39.19 W
2026/09/20 13:44:36.793, 2, 0 %, 0 %, 35270 MiB, 37.10 W
2026/09/20 13:44:41.793, 0, 0 %, 0 %, 35270 MiB, 39.04 W
2026/09/20 13:44:41.793, 1, 0 %, 0 %, 35270 MiB, 39.38 W
2026/09/20 13:44:41.793, 2, 0 %, 0 %, 35270 MiB, 37.20 W
2026/09/20 13:44:46.794, 0, 0 %, 0 %, 35270 MiB, 39.13 W
2026/09/20 13:44:46.794, 1, 0 %, 0 %, 35270 MiB, 39.19 W
2026/09/20 13:44:46.794, 2, 0 %, 0 %, 35270 MiB, 37.10 W
2026/09/20 13:44:51.795, 0, 0 %, 0 %, 35270 MiB, 39.23 W
2026/09/20 13:44:51.795, 1, 0 %, 0 %, 35270 MiB, 39.10 W
2026/09/20 13:44:51.795, 2, 0 %, 0 %, 35270 MiB, 37.20 W
2026/09/20 13:44:56.796, 0, 0 %, 0 %, 35270 MiB, 39.12 W
2026/09/20 13:44:56.796, 1, 0 %, 0 %, 35270 MiB, 39.00 W
2026/09/20 13:44:56.796, 2, 0 %, 0 %, 35270 MiB, 37.51 W
2026/09/20 13:45:01.796, 0, 0 %, 0 %, 35270 MiB, 46.22 W
2026/09/20 13:45:01.797, 1, 0 %, 0 %, 35270 MiB, 39.09 W
2026/09/20 13:45:01.797, 2, 0 %, 0 %, 35270 MiB, 37.30 W
2026/09/20 13:45:06.797, 0, 0 %, 0 %, 35270 MiB, 39.22 W
2026/09/20 13:45:06.797, 1, 0 %, 0 %, 35270 MiB, 39.19 W
2026/09/20 13:45:06.797, 2, 0 %, 0 %, 35270 MiB, 37.41 W
2026/09/20 13:45:11.798, 0, 0 %, 0 %, 35270 MiB, 39.13 W
2026/09/20 13:45:11.798, 1, 0 %, 0 %, 35270 MiB, 39.18 W
2026/09/20 13:45:11.798, 2, 0 %, 0 %, 35270 MiB, 37.31 W
2026/09/20 13:45:16.798, 0, 0 %, 0 %, 35270 MiB, 39.04 W
2026/09/20 13:45:16.798, 1, 0 %, 0 %, 35270 MiB, 39.38 W
2026/09/20 13:45:16.799, 2, 0 %, 0 %, 35270 MiB, 37.40 W
2026/09/20 13:45:21.799, 0, 0 %, 0 %, 35270 MiB, 39.12 W
2026/09/20 13:45:21.799, 1, 0 %, 0 %, 35270 MiB, 39.18 W
2026/09/20 13:45:21.799, 2, 0 %, 0 %, 35270 MiB, 37.09 W
2026/09/20 13:45:26.800, 0, 0 %, 0 %, 35270 MiB, 39.22 W
2026/09/20 13:45:26.800, 1, 0 %, 0 %, 35270 MiB, 39.28 W
2026/09/20 13:45:26.800, 2, 0 %, 0 %, 35270 MiB, 37.18 W
2026/09/20 13:45:31.800, 0, 0 %, 0 %, 35270 MiB, 39.22 W
2026/09/20 13:45:31.800, 1, 0 %, 0 %, 35270 MiB, 39.18 W
2026/09/20 13:45:31.800, 2, 0 %, 0 %, 35270 MiB, 37.19 W
2026/09/20 13:45:36.801, 0, 0 %, 0 %, 35270 MiB, 39.02 W
2026/09/20 13:45:36.801, 1, 0 %, 0 %, 35270 MiB, 39.38 W
2026/09/20 13:45:36.801, 2, 0 %, 0 %, 35270 MiB, 37.29 W
2026/09/20 13:45:41.802, 0, 0 %, 0 %, 35270 MiB, 39.12 W
2026/09/20 13:45:41.802, 1, 0 %, 0 %, 35270 MiB, 39.27 W
2026/09/20 13:45:41.803, 2, 0 %, 0 %, 35270 MiB, 37.18 W
2026/09/20 13:45:46.803, 0, 0 %, 0 %, 35270 MiB, 39.22 W
2026/09/20 13:45:46.803, 1, 0 %, 0 %, 35270 MiB, 39.29 W
2026/09/20 13:45:46.803, 2, 0 %, 0 %, 35270 MiB, 37.19 W
2026/09/20 13:45:51.804, 0, 0 %, 0 %, 35270 MiB, 39.12 W
2026/09/20 13:45:51.804, 1, 0 %, 0 %, 35270 MiB, 39.46 W
2026/09/20 13:45:51.804, 2, 0 %, 0 %, 35270 MiB, 37.39 W
2026/09/20 13:45:56.804, 0, 0 %, 0 %, 35270 MiB, 39.22 W
2026/09/20 13:45:56.805, 1, 0 %, 0 %, 35270 MiB, 39.17 W
2026/09/20 13:45:56.805, 2, 0 %, 0 %, 35270 MiB, 37.18 W
2026/09/20 13:46:01.805, 0, 0 %, 0 %, 35270 MiB, 39.22 W
2026/09/20 13:46:01.805, 1, 0 %, 0 %, 35270 MiB, 39.07 W
2026/09/20 13:46:01.805, 2, 0 %, 0 %, 35270 MiB, 37.18 W
2026/09/20 13:46:06.806, 0, 0 %, 0 %, 35270 MiB, 39.22 W
2026/09/20 13:46:06.807, 1, 0 %, 0 %, 35270 MiB, 39.08 W
2026/09/20 13:46:06.807, 2, 0 %, 0 %, 35270 MiB, 37.20 W
2026/09/20 13:46:11.807, 0, 0 %, 0 %, 35270 MiB, 39.22 W
2026/09/20 13:46:11.808, 1, 0 %, 0 %, 35270 MiB, 39.28 W
2026/09/20 13:46:11.808, 2, 0 %, 0 %, 35270 MiB, 37.40 W
2026/09/20 13:46:16.810, 0, 0 %, 0 %, 35270 MiB, 39.02 W
2026/09/20 13:46:16.810, 1, 0 %, 0 %, 35270 MiB, 39.17 W
2026/09/20 13:46:16.810, 2, 0 %, 0 %, 35270 MiB, 37.29 W
2026/09/20 13:46:21.812, 0, 0 %, 0 %, 35270 MiB, 39.22 W
2026/09/20 13:46:21.812, 1, 0 %, 0 %, 35270 MiB, 39.18 W
2026/09/20 13:46:21.813, 2, 0 %, 0 %, 35270 MiB, 37.30 W
2026/09/20 13:46:26.813, 0, 0 %, 0 %, 35270 MiB, 39.02 W
2026/09/20 13:46:26.813, 1, 0 %, 0 %, 35270 MiB, 39.19 W
2026/09/20 13:46:26.813, 2, 0 %, 0 %, 35270 MiB, 37.10 W
2026/09/20 13:46:31.814, 0, 0 %, 0 %, 35270 MiB, 39.02 W
2026/09/20 13:46:31.814, 1, 0 %, 0 %, 35270 MiB, 39.28 W
2026/09/20 13:46:31.814, 2, 0 %, 0 %, 35270 MiB, 37.19 W
2026/09/20 13:46:36.814, 0, 0 %, 0 %, 35270 MiB, 39.02 W
2026/09/20 13:46:36.815, 1, 0 %, 0 %, 35270 MiB, 39.18 W
2026/09/20 13:46:36.815, 2, 0 %, 0 %, 35270 MiB, 37.19 W
2026/09/20 13:46:41.815, 0, 0 %, 0 %, 35270 MiB, 39.31 W
2026/09/20 13:46:41.815, 1, 0 %, 0 %, 35270 MiB, 39.17 W
2026/09/20 13:46:41.815, 2, 0 %, 0 %, 35270 MiB, 37.09 W
2026/09/20 13:46:46.816, 0, 0 %, 0 %, 35270 MiB, 39.12 W
2026/09/20 13:46:46.816, 1, 0 %, 0 %, 35270 MiB, 39.27 W
2026/09/20 13:46:46.816, 2, 0 %, 0 %, 35270 MiB, 37.39 W
2026/09/20 13:46:51.817, 0, 0 %, 0 %, 35270 MiB, 39.11 W
2026/09/20 13:46:51.817, 1, 0 %, 0 %, 35270 MiB, 39.27 W
2026/09/20 13:46:51.817, 2, 0 %, 0 %, 35270 MiB, 37.18 W
2026/09/20 13:46:56.817, 0, 0 %, 0 %, 35270 MiB, 39.02 W
2026/09/20 13:46:56.818, 1, 0 %, 0 %, 35270 MiB, 39.18 W
2026/09/20 13:46:56.818, 2, 0 %, 0 %, 35270 MiB, 37.10 W
2026/09/20 13:47:01.818, 0, 0 %, 0 %, 35270 MiB, 39.22 W
2026/09/20 13:47:01.818, 1, 0 %, 0 %, 35270 MiB, 39.37 W
2026/09/20 13:47:01.818, 2, 0 %, 0 %, 35270 MiB, 37.18 W
2026/09/20 13:47:06.818, 0, 0 %, 0 %, 35270 MiB, 39.21 W
2026/09/20 13:47:06.819, 1, 0 %, 0 %, 35270 MiB, 39.07 W
2026/09/20 13:47:06.819, 2, 0 %, 0 %, 35270 MiB, 37.28 W
2026/09/20 13:47:11.819, 0, 0 %, 0 %, 35270 MiB, 39.12 W
2026/09/20 13:47:11.819, 1, 0 %, 0 %, 35270 MiB, 39.08 W
2026/09/20 13:47:11.819, 2, 0 %, 0 %, 35270 MiB, 37.29 W
2026/09/20 13:47:16.819, 0, 0 %, 0 %, 35270 MiB, 39.22 W
2026/09/20 13:47:16.820, 1, 0 %, 0 %, 35270 MiB, 39.17 W
2026/09/20 13:47:16.820, 2, 0 %, 0 %, 35270 MiB, 37.28 W
2026/09/20 13:47:21.820, 0, 0 %, 0 %, 35270 MiB, 39.01 W
2026/09/20 13:47:21.820, 1, 0 %, 0 %, 35270 MiB, 39.17 W
2026/09/20 13:47:21.821, 2, 0 %, 0 %, 35270 MiB, 37.28 W
2026/09/20 13:47:26.821, 0, 0 %, 0 %, 35270 MiB, 39.02 W
2026/09/20 13:47:26.821, 1, 0 %, 0 %, 35270 MiB, 39.17 W
2026/09/20 13:47:26.821, 2, 0 %, 0 %, 35270 MiB, 37.28 W
2026/09/20 13:47:31.822, 0, 0 %, 0 %, 35270 MiB, 39.02 W
2026/09/20 13:47:31.822, 1, 0 %, 0 %, 35270 MiB, 39.18 W
2026/09/20 13:47:31.822, 2, 0 %, 0 %, 35270 MiB, 37.09 W
2026/09/20 13:47:36.822, 0, 0 %, 0 %, 35270 MiB, 39.22 W
2026/09/20 13:47:36.822, 1, 0 %, 0 %, 35270 MiB, 39.28 W
2026/09/20 13:47:36.822, 2, 0 %, 0 %, 35270 MiB, 37.10 W
2026/09/20 13:47:41.823, 0, 0 %, 0 %, 35270 MiB, 39.32 W
2026/09/20 13:47:41.823, 1, 0 %, 0 %, 35270 MiB, 39.48 W
2026/09/20 13:47:41.823, 2, 0 %, 0 %, 35270 MiB, 37.30 W
2026/09/20 13:47:46.824, 0, 0 %, 0 %, 35270 MiB, 39.13 W
2026/09/20 13:47:46.824, 1, 0 %, 0 %, 35270 MiB, 39.29 W
2026/09/20 13:47:46.824, 2, 0 %, 0 %, 35270 MiB, 37.30 W
2026/09/20 13:47:51.824, 0, 0 %, 0 %, 35270 MiB, 39.12 W
2026/09/20 13:47:51.825, 1, 0 %, 0 %, 35270 MiB, 39.29 W
2026/09/20 13:47:51.825, 2, 0 %, 0 %, 35270 MiB, 37.20 W
2026/09/20 13:47:56.825, 0, 0 %, 0 %, 35270 MiB, 39.22 W
2026/09/20 13:47:56.825, 1, 0 %, 0 %, 35270 MiB, 39.49 W
2026/09/20 13:47:56.825, 2, 0 %, 0 %, 35270 MiB, 37.42 W
2026/09/20 13:48:01.826, 0, 0 %, 0 %, 35270 MiB, 38.82 W
2026/09/20 13:48:01.826, 1, 0 %, 0 %, 35270 MiB, 39.38 W
2026/09/20 13:48:01.826, 2, 0 %, 0 %, 35270 MiB, 37.20 W
2026/09/20 13:48:06.827, 0, 0 %, 0 %, 35270 MiB, 39.22 W
2026/09/20 13:48:06.827, 1, 0 %, 0 %, 35270 MiB, 39.29 W
2026/09/20 13:48:06.827, 2, 0 %, 0 %, 35270 MiB, 37.31 W
2026/09/20 13:48:11.827, 0, 0 %, 0 %, 35270 MiB, 39.33 W
2026/09/20 13:48:11.828, 1, 0 %, 0 %, 35270 MiB, 39.19 W
2026/09/20 13:48:11.828, 2, 0 %, 0 %, 35270 MiB, 37.30 W
2026/09/20 13:48:16.828, 0, 0 %, 0 %, 35270 MiB, 39.32 W
2026/09/20 13:48:16.828, 1, 0 %, 0 %, 35270 MiB, 39.19 W
2026/09/20 13:48:16.828, 2, 0 %, 0 %, 35270 MiB, 37.40 W
2026/09/20 13:48:21.829, 0, 0 %, 0 %, 35270 MiB, 39.23 W
2026/09/20 13:48:21.829, 1, 0 %, 0 %, 35270 MiB, 39.29 W
2026/09/20 13:48:21.829, 2, 0 %, 0 %, 35270 MiB, 37.51 W
2026/09/20 13:48:26.830, 0, 0 %, 0 %, 35270 MiB, 39.22 W
2026/09/20 13:48:26.830, 1, 0 %, 0 %, 35270 MiB, 39.19 W
2026/09/20 13:48:26.830, 2, 0 %, 0 %, 35270 MiB, 37.28 W
2026/09/20 13:48:31.830, 0, 0 %, 0 %, 35270 MiB, 39.13 W
2026/09/20 13:48:31.830, 1, 0 %, 0 %, 35270 MiB, 39.29 W
2026/09/20 13:48:31.830, 2, 0 %, 0 %, 35270 MiB, 37.40 W
2026/09/20 13:48:36.831, 0, 0 %, 0 %, 35270 MiB, 39.12 W
2026/09/20 13:48:36.831, 1, 0 %, 0 %, 35270 MiB, 39.28 W
2026/09/20 13:48:36.831, 2, 0 %, 0 %, 35270 MiB, 37.41 W
2026/09/20 13:48:41.832, 0, 0 %, 0 %, 35270 MiB, 39.03 W
2026/09/20 13:48:41.832, 1, 0 %, 0 %, 35270 MiB, 39.29 W
2026/09/20 13:48:41.832, 2, 0 %, 0 %, 35270 MiB, 37.30 W
2026/09/20 13:48:46.833, 0, 0 %, 0 %, 35270 MiB, 39.03 W
2026/09/20 13:48:46.833, 1, 0 %, 0 %, 35270 MiB, 39.19 W
2026/09/20 13:48:46.833, 2, 0 %, 0 %, 35270 MiB, 37.10 W
2026/09/20 13:48:51.833, 0, 0 %, 0 %, 35270 MiB, 39.23 W
2026/09/20 13:48:51.834, 1, 0 %, 0 %, 35270 MiB, 39.29 W
2026/09/20 13:48:51.834, 2, 0 %, 0 %, 35270 MiB, 37.21 W
2026/09/20 13:48:56.834, 0, 0 %, 0 %, 35270 MiB, 39.22 W
2026/09/20 13:48:56.834, 1, 0 %, 0 %, 35270 MiB, 39.19 W
2026/09/20 13:48:56.834, 2, 0 %, 0 %, 35270 MiB, 37.19 W
2026/09/20 13:49:01.835, 0, 0 %, 0 %, 35270 MiB, 39.13 W
2026/09/20 13:49:01.835, 1, 0 %, 0 %, 35270 MiB, 39.29 W
2026/09/20 13:49:01.835, 2, 0 %, 0 %, 35270 MiB, 37.29 W
2026/09/20 13:49:06.835, 0, 0 %, 0 %, 35270 MiB, 39.13 W
2026/09/20 13:49:06.835, 1, 0 %, 0 %, 35270 MiB, 39.47 W
2026/09/20 13:49:06.835, 2, 0 %, 0 %, 35270 MiB, 37.30 W
2026/09/20 13:49:11.836, 0, 0 %, 0 %, 35270 MiB, 39.32 W
2026/09/20 13:49:11.836, 1, 0 %, 0 %, 35270 MiB, 39.29 W
2026/09/20 13:49:11.836, 2, 0 %, 0 %, 35270 MiB, 37.31 W
2026/09/20 13:49:16.837, 0, 0 %, 0 %, 35270 MiB, 39.12 W
2026/09/20 13:49:16.837, 1, 0 %, 0 %, 35270 MiB, 39.19 W
2026/09/20 13:49:16.837, 2, 0 %, 0 %, 35270 MiB, 37.31 W
2026/09/20 13:49:21.837, 0, 0 %, 0 %, 35270 MiB, 39.22 W
2026/09/20 13:49:21.837, 1, 0 %, 0 %, 35270 MiB, 39.07 W
2026/09/20 13:49:21.837, 2, 0 %, 0 %, 35270 MiB, 37.39 W
2026/09/20 13:49:26.838, 0, 0 %, 0 %, 35270 MiB, 39.22 W
2026/09/20 13:49:26.838, 1, 0 %, 0 %, 35270 MiB, 39.56 W
2026/09/20 13:49:26.838, 2, 0 %, 0 %, 35270 MiB, 37.28 W
2026/09/20 13:49:31.838, 0, 0 %, 0 %, 35270 MiB, 39.33 W
2026/09/20 13:49:31.839, 1, 0 %, 0 %, 35270 MiB, 39.19 W
2026/09/20 13:49:31.839, 2, 0 %, 0 %, 35270 MiB, 37.32 W
2026/09/20 13:49:36.839, 0, 0 %, 0 %, 35270 MiB, 38.94 W
2026/09/20 13:49:36.839, 1, 0 %, 0 %, 35270 MiB, 39.19 W
2026/09/20 13:49:36.839, 2, 0 %, 0 %, 35270 MiB, 37.31 W
2026/09/20 13:49:41.839, 0, 0 %, 0 %, 35270 MiB, 39.03 W
2026/09/20 13:49:41.840, 1, 0 %, 0 %, 35270 MiB, 39.09 W
2026/09/20 13:49:41.840, 2, 0 %, 0 %, 35270 MiB, 37.41 W
2026/09/20 13:49:46.840, 0, 0 %, 0 %, 35270 MiB, 39.22 W
2026/09/20 13:49:46.840, 1, 0 %, 0 %, 35270 MiB, 39.19 W
2026/09/20 13:49:46.840, 2, 0 %, 0 %, 35270 MiB, 37.10 W
2026/09/20 13:49:51.841, 0, 0 %, 0 %, 35270 MiB, 39.04 W
2026/09/20 13:49:51.841, 1, 0 %, 0 %, 35270 MiB, 39.09 W
2026/09/20 13:49:51.841, 2, 0 %, 0 %, 35270 MiB, 37.31 W
2026/09/20 13:49:56.842, 0, 0 %, 0 %, 35270 MiB, 39.13 W
2026/09/20 13:49:56.842, 1, 0 %, 0 %, 35270 MiB, 39.19 W
2026/09/20 13:49:56.842, 2, 0 %, 0 %, 35270 MiB, 37.41 W
2026/09/20 13:50:01.842, 0, 0 %, 0 %, 35270 MiB, 39.03 W
2026/09/20 13:50:01.842, 1, 0 %, 0 %, 35270 MiB, 39.38 W
2026/09/20 13:50:01.842, 2, 0 %, 0 %, 35270 MiB, 37.20 W
2026/09/20 13:50:06.843, 0, 0 %, 0 %, 35270 MiB, 39.23 W
2026/09/20 13:50:06.843, 1, 0 %, 0 %, 35270 MiB, 39.29 W
2026/09/20 13:50:06.843, 2, 0 %, 0 %, 35270 MiB, 37.20 W
2026/09/20 13:50:11.843, 0, 0 %, 0 %, 35270 MiB, 39.22 W
2026/09/20 13:50:11.843, 1, 0 %, 0 %, 35270 MiB, 39.29 W
2026/09/20 13:50:11.843, 2, 0 %, 0 %, 35270 MiB, 37.20 W
2026/09/20 13:50:16.844, 0, 0 %, 0 %, 35270 MiB, 39.13 W
2026/09/20 13:50:16.844, 1, 0 %, 0 %, 35270 MiB, 39.29 W
2026/09/20 13:50:16.844, 2, 0 %, 0 %, 35270 MiB, 37.40 W
2026/09/20 13:50:21.844, 0, 0 %, 0 %, 35270 MiB, 39.13 W
2026/09/20 13:50:21.844, 1, 0 %, 0 %, 35270 MiB, 39.38 W
2026/09/20 13:50:21.845, 2, 0 %, 0 %, 35270 MiB, 37.31 W
2026/09/20 13:50:26.845, 0, 0 %, 0 %, 35270 MiB, 39.23 W
2026/09/20 13:50:26.845, 1, 0 %, 0 %, 35270 MiB, 39.19 W
2026/09/20 13:50:26.845, 2, 0 %, 0 %, 35270 MiB, 37.30 W
2026/09/20 13:50:31.845, 0, 0 %, 0 %, 35270 MiB, 39.41 W
2026/09/20 13:50:31.846, 1, 0 %, 0 %, 35270 MiB, 39.48 W
2026/09/20 13:50:31.846, 2, 0 %, 0 %, 35270 MiB, 37.40 W
2026/09/20 13:50:36.846, 0, 0 %, 0 %, 35270 MiB, 39.33 W
2026/09/20 13:50:36.847, 1, 0 %, 0 %, 35270 MiB, 39.17 W
2026/09/20 13:50:36.847, 2, 0 %, 0 %, 35270 MiB, 37.51 W
2026/09/20 13:50:41.847, 0, 0 %, 0 %, 35270 MiB, 39.13 W
2026/09/20 13:50:41.847, 1, 0 %, 0 %, 35270 MiB, 39.29 W
2026/09/20 13:50:41.847, 2, 0 %, 0 %, 35270 MiB, 37.42 W
2026/09/20 13:50:46.848, 0, 0 %, 0 %, 35270 MiB, 39.13 W
2026/09/20 13:50:46.848, 1, 0 %, 0 %, 35270 MiB, 39.29 W
2026/09/20 13:50:46.848, 2, 0 %, 0 %, 35270 MiB, 37.41 W
2026/09/20 13:50:51.848, 0, 0 %, 0 %, 35270 MiB, 39.04 W
2026/09/20 13:50:51.848, 1, 0 %, 0 %, 35270 MiB, 39.19 W
2026/09/20 13:50:51.848, 2, 0 %, 0 %, 35270 MiB, 37.41 W
2026/09/20 13:50:56.849, 0, 0 %, 0 %, 35270 MiB, 39.11 W
2026/09/20 13:50:56.850, 1, 0 %, 0 %, 35270 MiB, 39.37 W
2026/09/20 13:50:56.850, 2, 0 %, 0 %, 35270 MiB, 37.28 W
2026/09/20 13:51:01.850, 0, 0 %, 0 %, 35270 MiB, 39.21 W
2026/09/20 13:51:01.850, 1, 0 %, 0 %, 35270 MiB, 39.27 W
2026/09/20 13:51:01.850, 2, 0 %, 0 %, 35270 MiB, 37.18 W
2026/09/20 13:51:06.851, 0, 0 %, 0 %, 35270 MiB, 39.11 W
2026/09/20 13:51:06.851, 1, 0 %, 0 %, 35270 MiB, 39.17 W
2026/09/20 13:51:06.851, 2, 0 %, 0 %, 35270 MiB, 37.18 W
2026/09/20 13:51:11.851, 0, 0 %, 0 %, 35270 MiB, 39.12 W
2026/09/20 13:51:11.852, 1, 0 %, 0 %, 35270 MiB, 39.17 W
2026/09/20 13:51:11.852, 2, 0 %, 0 %, 35270 MiB, 37.18 W
2026/09/20 13:51:16.852, 0, 0 %, 0 %, 35270 MiB, 39.02 W
2026/09/20 13:51:16.853, 1, 0 %, 0 %, 35270 MiB, 39.27 W
2026/09/20 13:51:16.853, 2, 0 %, 0 %, 35270 MiB, 37.18 W
2026/09/20 13:51:21.853, 0, 0 %, 0 %, 35270 MiB, 39.10 W
2026/09/20 13:51:21.854, 1, 0 %, 0 %, 35270 MiB, 39.17 W
2026/09/20 13:51:21.854, 2, 0 %, 0 %, 35270 MiB, 37.09 W
2026/09/20 13:51:26.854, 0, 0 %, 0 %, 35270 MiB, 39.01 W
2026/09/20 13:51:26.854, 1, 0 %, 0 %, 35270 MiB, 39.17 W
2026/09/20 13:51:26.854, 2, 0 %, 0 %, 35270 MiB, 37.09 W
2026/09/20 13:51:31.855, 0, 0 %, 0 %, 35270 MiB, 39.09 W
2026/09/20 13:51:31.855, 1, 0 %, 0 %, 35270 MiB, 39.27 W
2026/09/20 13:51:31.855, 2, 0 %, 0 %, 35270 MiB, 37.39 W
2026/09/20 13:51:36.856, 0, 0 %, 0 %, 35270 MiB, 39.20 W
2026/09/20 13:51:36.856, 1, 0 %, 0 %, 35270 MiB, 38.97 W
2026/09/20 13:51:36.856, 2, 0 %, 0 %, 35270 MiB, 37.28 W
2026/09/20 13:51:41.856, 0, 0 %, 0 %, 35270 MiB, 39.11 W
2026/09/20 13:51:41.856, 1, 0 %, 0 %, 35270 MiB, 38.97 W
2026/09/20 13:51:41.856, 2, 0 %, 0 %, 35270 MiB, 37.18 W
2026/09/20 13:51:46.857, 0, 0 %, 0 %, 35270 MiB, 39.11 W
2026/09/20 13:51:46.858, 1, 0 %, 0 %, 35270 MiB, 39.07 W
2026/09/20 13:51:46.858, 2, 0 %, 0 %, 35270 MiB, 37.28 W
2026/09/20 13:51:51.858, 0, 0 %, 0 %, 35270 MiB, 38.90 W
2026/09/20 13:51:51.858, 1, 0 %, 0 %, 35270 MiB, 39.16 W
2026/09/20 13:51:51.858, 2, 0 %, 0 %, 35270 MiB, 37.49 W
2026/09/20 13:51:56.859, 0, 0 %, 0 %, 35270 MiB, 39.09 W
2026/09/20 13:51:56.859, 1, 0 %, 0 %, 35270 MiB, 39.07 W
2026/09/20 13:51:56.859, 2, 0 %, 0 %, 35270 MiB, 37.18 W
2026/09/20 13:52:01.859, 0, 0 %, 0 %, 35270 MiB, 38.92 W
2026/09/20 13:52:01.860, 1, 0 %, 0 %, 35270 MiB, 39.17 W
2026/09/20 13:52:01.860, 2, 0 %, 0 %, 35270 MiB, 37.09 W
2026/09/20 13:52:06.860, 0, 0 %, 0 %, 35270 MiB, 38.91 W
2026/09/20 13:52:06.861, 1, 0 %, 0 %, 35270 MiB, 39.07 W
2026/09/20 13:52:06.861, 2, 0 %, 0 %, 35270 MiB, 37.09 W
2026/09/20 13:52:11.861, 0, 0 %, 0 %, 35270 MiB, 39.01 W
2026/09/20 13:52:11.862, 1, 0 %, 0 %, 35270 MiB, 39.16 W
2026/09/20 13:52:11.862, 2, 0 %, 0 %, 35270 MiB, 37.28 W
2026/09/20 13:52:16.862, 0, 0 %, 0 %, 35270 MiB, 39.11 W
2026/09/20 13:52:16.862, 1, 0 %, 0 %, 35270 MiB, 39.17 W
2026/09/20 13:52:16.862, 2, 0 %, 0 %, 35270 MiB, 37.08 W
2026/09/20 13:52:21.863, 0, 0 %, 0 %, 35270 MiB, 38.91 W
2026/09/20 13:52:21.863, 1, 0 %, 0 %, 35270 MiB, 39.07 W
2026/09/20 13:52:21.863, 2, 0 %, 0 %, 35270 MiB, 37.09 W
2026/09/20 13:52:26.864, 0, 0 %, 0 %, 35270 MiB, 39.01 W
2026/09/20 13:52:26.864, 1, 0 %, 0 %, 35270 MiB, 39.27 W
2026/09/20 13:52:26.864, 2, 0 %, 0 %, 35270 MiB, 37.18 W
2026/09/20 13:52:31.864, 0, 0 %, 0 %, 35270 MiB, 39.01 W
2026/09/20 13:52:31.864, 1, 0 %, 0 %, 35270 MiB, 39.16 W
2026/09/20 13:52:31.864, 2, 0 %, 0 %, 35270 MiB, 37.28 W
2026/09/20 13:52:36.865, 0, 0 %, 0 %, 35270 MiB, 39.01 W
2026/09/20 13:52:36.866, 1, 0 %, 0 %, 35270 MiB, 39.17 W
2026/09/20 13:52:36.866, 2, 0 %, 0 %, 35270 MiB, 37.18 W
2026/09/20 13:52:41.867, 0, 0 %, 0 %, 35270 MiB, 39.12 W
2026/09/20 13:52:41.867, 1, 0 %, 0 %, 35270 MiB, 38.97 W
2026/09/20 13:52:41.867, 2, 0 %, 0 %, 35270 MiB, 37.18 W
2026/09/20 13:52:46.867, 0, 0 %, 0 %, 35270 MiB, 39.11 W
2026/09/20 13:52:46.868, 1, 0 %, 0 %, 35270 MiB, 39.07 W
2026/09/20 13:52:46.868, 2, 0 %, 0 %, 35270 MiB, 37.18 W
2026/09/20 13:52:51.869, 0, 0 %, 0 %, 35270 MiB, 39.29 W
2026/09/20 13:52:51.869, 1, 0 %, 0 %, 35270 MiB, 38.97 W
2026/09/20 13:52:51.869, 2, 0 %, 0 %, 35270 MiB, 37.28 W
2026/09/20 13:52:56.869, 0, 0 %, 0 %, 35270 MiB, 39.02 W
2026/09/20 13:52:56.869, 1, 0 %, 0 %, 35270 MiB, 38.97 W
2026/09/20 13:52:56.869, 2, 5 %, 0 %, 35270 MiB, 37.39 W
2026/09/20 13:53:01.871, 0, 0 %, 0 %, 35270 MiB, 39.02 W
2026/09/20 13:53:01.872, 1, 0 %, 0 %, 35270 MiB, 39.27 W
2026/09/20 13:53:01.872, 2, 0 %, 0 %, 35270 MiB, 37.29 W
2026/09/20 13:53:06.872, 0, 0 %, 0 %, 35270 MiB, 39.02 W
2026/09/20 13:53:06.872, 1, 0 %, 0 %, 35270 MiB, 38.98 W
2026/09/20 13:53:06.872, 2, 0 %, 0 %, 35270 MiB, 37.09 W
2026/09/20 13:53:11.873, 0, 0 %, 0 %, 35270 MiB, 39.12 W
2026/09/20 13:53:11.873, 1, 0 %, 0 %, 35270 MiB, 39.07 W
2026/09/20 13:53:11.873, 2, 0 %, 0 %, 35270 MiB, 37.18 W
2026/09/20 13:53:16.873, 0, 0 %, 0 %, 35270 MiB, 38.91 W
2026/09/20 13:53:16.874, 1, 0 %, 0 %, 35270 MiB, 39.07 W
2026/09/20 13:53:16.874, 2, 0 %, 0 %, 35270 MiB, 37.09 W
2026/09/20 13:53:21.875, 0, 0 %, 0 %, 35270 MiB, 39.11 W
2026/09/20 13:53:21.875, 1, 0 %, 0 %, 35270 MiB, 39.17 W
2026/09/20 13:53:21.876, 2, 0 %, 0 %, 35270 MiB, 37.18 W
2026/09/20 13:53:26.876, 0, 100 %, 16 %, 35270 MiB, 142.13 W
2026/09/20 13:53:26.876, 1, 35 %, 1 %, 35270 MiB, 130.24 W
2026/09/20 13:53:26.876, 2, 100 %, 17 %, 35270 MiB, 135.26 W
2026/09/20 13:53:31.877, 0, 100 %, 26 %, 35270 MiB, 170.39 W
2026/09/20 13:53:31.877, 1, 97 %, 14 %, 35270 MiB, 81.67 W
2026/09/20 13:53:31.877, 2, 100 %, 14 %, 35270 MiB, 83.48 W
2026/09/20 13:53:36.878, 0, 0 %, 0 %, 35270 MiB, 39.71 W
2026/09/20 13:53:36.878, 1, 0 %, 0 %, 35270 MiB, 40.10 W
2026/09/20 13:53:36.878, 2, 0 %, 0 %, 35270 MiB, 37.99 W
2026/09/20 13:53:41.878, 0, 0 %, 0 %, 35270 MiB, 39.71 W
2026/09/20 13:53:41.879, 1, 0 %, 0 %, 35270 MiB, 39.79 W
2026/09/20 13:53:41.879, 2, 0 %, 0 %, 35270 MiB, 37.71 W
2026/09/20 13:53:46.879, 0, 0 %, 0 %, 35270 MiB, 39.61 W
2026/09/20 13:53:46.879, 1, 0 %, 0 %, 35270 MiB, 39.48 W
2026/09/20 13:53:46.879, 2, 0 %, 0 %, 35270 MiB, 37.82 W
2026/09/20 13:53:51.880, 0, 0 %, 0 %, 35270 MiB, 39.61 W
2026/09/20 13:53:51.880, 1, 0 %, 0 %, 35270 MiB, 39.47 W
2026/09/20 13:53:51.880, 2, 0 %, 0 %, 35270 MiB, 37.60 W
2026/09/20 13:53:56.880, 0, 0 %, 0 %, 35270 MiB, 39.61 W
2026/09/20 13:53:56.881, 1, 0 %, 0 %, 35270 MiB, 39.67 W
2026/09/20 13:53:56.881, 2, 0 %, 0 %, 35270 MiB, 37.61 W
2026/09/20 13:54:01.881, 0, 0 %, 0 %, 35270 MiB, 39.51 W
2026/09/20 13:54:01.881, 1, 0 %, 0 %, 35270 MiB, 39.48 W
2026/09/20 13:54:01.881, 2, 0 %, 0 %, 35270 MiB, 37.71 W
2026/09/20 13:54:06.882, 0, 0 %, 0 %, 35270 MiB, 39.51 W
2026/09/20 13:54:06.882, 1, 0 %, 0 %, 35270 MiB, 39.38 W
2026/09/20 13:54:06.882, 2, 0 %, 0 %, 35270 MiB, 37.81 W
2026/09/20 13:54:11.882, 0, 0 %, 0 %, 35270 MiB, 39.52 W
2026/09/20 13:54:11.882, 1, 0 %, 0 %, 35270 MiB, 39.47 W
2026/09/20 13:54:11.882, 2, 0 %, 0 %, 35270 MiB, 37.71 W
2026/09/20 13:54:16.883, 0, 0 %, 0 %, 35270 MiB, 39.47 W
2026/09/20 13:54:16.884, 1, 0 %, 0 %, 35270 MiB, 39.53 W
2026/09/20 13:54:16.884, 2, 0 %, 0 %, 35270 MiB, 37.56 W
2026/09/20 13:54:21.884, 0, 0 %, 0 %, 35270 MiB, 39.38 W
2026/09/20 13:54:21.885, 1, 0 %, 0 %, 35270 MiB, 39.44 W
2026/09/20 13:54:21.885, 2, 0 %, 0 %, 35270 MiB, 37.56 W
2026/09/20 13:54:26.885, 0, 0 %, 0 %, 35270 MiB, 39.47 W
2026/09/20 13:54:26.886, 1, 0 %, 0 %, 35270 MiB, 39.33 W
2026/09/20 13:54:26.886, 2, 0 %, 0 %, 35270 MiB, 37.56 W
2026/09/20 13:54:31.887, 0, 0 %, 0 %, 35270 MiB, 39.28 W
2026/09/20 13:54:31.887, 1, 0 %, 0 %, 35270 MiB, 39.53 W
2026/09/20 13:54:31.887, 2, 0 %, 0 %, 35270 MiB, 37.37 W
2026/09/20 13:54:36.888, 0, 0 %, 0 %, 35270 MiB, 39.18 W
2026/09/20 13:54:36.888, 1, 0 %, 0 %, 35270 MiB, 39.23 W
2026/09/20 13:54:36.888, 2, 0 %, 0 %, 35270 MiB, 37.25 W
2026/09/20 13:54:41.890, 0, 0 %, 0 %, 35270 MiB, 39.17 W
2026/09/20 13:54:41.890, 1, 0 %, 0 %, 35270 MiB, 39.22 W
2026/09/20 13:54:41.890, 2, 0 %, 0 %, 35270 MiB, 37.24 W
2026/09/20 13:54:46.891, 0, 0 %, 0 %, 35270 MiB, 39.17 W
2026/09/20 13:54:46.892, 1, 0 %, 0 %, 35270 MiB, 39.23 W
2026/09/20 13:54:46.892, 2, 0 %, 0 %, 35270 MiB, 37.25 W
2026/09/20 13:54:51.893, 0, 0 %, 0 %, 35270 MiB, 39.07 W
2026/09/20 13:54:51.893, 1, 0 %, 0 %, 35270 MiB, 39.24 W
2026/09/20 13:54:51.893, 2, 0 %, 0 %, 35270 MiB, 37.36 W
2026/09/20 13:54:56.899, 0, 0 %, 0 %, 35270 MiB, 39.08 W
2026/09/20 13:54:56.899, 1, 0 %, 0 %, 35270 MiB, 38.95 W
2026/09/20 13:54:56.899, 2, 0 %, 0 %, 35270 MiB, 37.26 W
2026/09/20 13:55:01.900, 0, 0 %, 0 %, 35270 MiB, 39.16 W
2026/09/20 13:55:01.901, 1, 0 %, 0 %, 35270 MiB, 38.83 W
2026/09/20 13:55:01.901, 2, 0 %, 0 %, 35270 MiB, 37.24 W
2026/09/20 13:55:06.905, 0, 0 %, 0 %, 35270 MiB, 39.07 W
2026/09/20 13:55:06.905, 1, 0 %, 0 %, 35270 MiB, 38.85 W
2026/09/20 13:55:06.906, 2, 0 %, 0 %, 35270 MiB, 37.36 W
2026/09/20 13:55:11.907, 0, 0 %, 0 %, 35270 MiB, 38.87 W
2026/09/20 13:55:11.908, 1, 0 %, 0 %, 35270 MiB, 38.85 W
2026/09/20 13:55:11.908, 2, 0 %, 0 %, 35270 MiB, 37.15 W
2026/09/20 13:55:16.909, 0, 0 %, 0 %, 35270 MiB, 38.87 W
2026/09/20 13:55:16.909, 1, 0 %, 0 %, 35270 MiB, 38.84 W
2026/09/20 13:55:16.910, 2, 0 %, 0 %, 35270 MiB, 37.24 W
2026/09/20 13:55:21.910, 0, 0 %, 0 %, 35270 MiB, 38.97 W
2026/09/20 13:55:21.911, 1, 0 %, 0 %, 35270 MiB, 38.84 W
2026/09/20 13:55:21.911, 2, 0 %, 0 %, 35270 MiB, 36.96 W
2026/09/20 13:55:26.912, 0, 0 %, 0 %, 35270 MiB, 38.89 W
2026/09/20 13:55:26.912, 1, 0 %, 0 %, 35270 MiB, 39.05 W
2026/09/20 13:55:26.913, 2, 0 %, 0 %, 35270 MiB, 37.06 W
2026/09/20 13:55:31.914, 0, 0 %, 0 %, 35270 MiB, 38.97 W
2026/09/20 13:55:31.914, 1, 0 %, 0 %, 35270 MiB, 38.92 W
2026/09/20 13:55:31.914, 2, 0 %, 0 %, 35270 MiB, 37.06 W
2026/09/20 13:55:36.915, 0, 0 %, 0 %, 35270 MiB, 39.19 W
2026/09/20 13:55:36.915, 1, 0 %, 0 %, 35270 MiB, 38.95 W
2026/09/20 13:55:36.915, 2, 0 %, 0 %, 35270 MiB, 37.06 W
2026/09/20 13:55:41.916, 0, 0 %, 0 %, 35270 MiB, 38.86 W
2026/09/20 13:55:41.916, 1, 0 %, 0 %, 35270 MiB, 38.93 W
2026/09/20 13:55:41.916, 2, 0 %, 0 %, 35270 MiB, 37.24 W
2026/09/20 13:55:46.918, 0, 0 %, 0 %, 35270 MiB, 38.97 W
2026/09/20 13:55:46.918, 1, 0 %, 0 %, 35270 MiB, 39.02 W
2026/09/20 13:55:46.918, 2, 0 %, 0 %, 35270 MiB, 37.04 W
2026/09/20 13:55:51.920, 0, 0 %, 0 %, 35270 MiB, 38.97 W
2026/09/20 13:55:51.920, 1, 0 %, 0 %, 35270 MiB, 39.04 W
2026/09/20 13:55:51.921, 2, 0 %, 0 %, 35270 MiB, 37.15 W
2026/09/20 13:55:56.922, 0, 0 %, 0 %, 35270 MiB, 39.07 W
2026/09/20 13:55:56.922, 1, 0 %, 0 %, 35270 MiB, 38.95 W
2026/09/20 13:55:56.922, 2, 0 %, 0 %, 35270 MiB, 37.15 W
2026/09/20 13:56:01.923, 0, 0 %, 0 %, 35270 MiB, 39.08 W
2026/09/20 13:56:01.924, 1, 0 %, 0 %, 35270 MiB, 38.95 W
2026/09/20 13:56:01.924, 2, 0 %, 0 %, 35270 MiB, 37.26 W
2026/09/20 13:56:06.924, 0, 0 %, 0 %, 35270 MiB, 39.09 W
2026/09/20 13:56:06.925, 1, 0 %, 0 %, 35270 MiB, 38.75 W
2026/09/20 13:56:06.925, 2, 0 %, 0 %, 35270 MiB, 37.16 W
2026/09/20 13:56:11.926, 0, 0 %, 0 %, 35270 MiB, 39.08 W
2026/09/20 13:56:11.927, 1, 0 %, 0 %, 35270 MiB, 38.75 W
2026/09/20 13:56:11.927, 2, 0 %, 0 %, 35270 MiB, 37.16 W
2026/09/20 13:56:16.928, 0, 0 %, 0 %, 35270 MiB, 38.99 W
2026/09/20 13:56:16.928, 1, 0 %, 0 %, 35270 MiB, 38.75 W
2026/09/20 13:56:16.928, 2, 0 %, 0 %, 35270 MiB, 37.27 W
2026/09/20 13:56:21.934, 0, 0 %, 0 %, 35270 MiB, 38.80 W
2026/09/20 13:56:21.934, 1, 0 %, 0 %, 35270 MiB, 38.97 W
2026/09/20 13:56:21.935, 2, 0 %, 0 %, 35270 MiB, 37.28 W
2026/09/20 13:56:26.936, 0, 0 %, 0 %, 35270 MiB, 38.91 W
2026/09/20 13:56:26.936, 1, 0 %, 0 %, 35270 MiB, 38.88 W
2026/09/20 13:56:26.936, 2, 0 %, 0 %, 35270 MiB, 37.28 W
2026/09/20 13:56:31.937, 0, 0 %, 0 %, 35270 MiB, 39.11 W
2026/09/20 13:56:31.937, 1, 0 %, 0 %, 35270 MiB, 38.88 W
2026/09/20 13:56:31.937, 2, 0 %, 0 %, 35270 MiB, 37.09 W
2026/09/20 13:56:36.938, 0, 0 %, 0 %, 35270 MiB, 39.02 W
2026/09/20 13:56:36.938, 1, 0 %, 0 %, 35270 MiB, 39.07 W
2026/09/20 13:56:36.938, 2, 0 %, 0 %, 35270 MiB, 37.09 W
2026/09/20 13:56:41.938, 0, 0 %, 0 %, 35270 MiB, 39.02 W
2026/09/20 13:56:41.938, 1, 0 %, 0 %, 35270 MiB, 38.97 W
2026/09/20 13:56:41.938, 2, 0 %, 0 %, 35270 MiB, 37.09 W
2026/09/20 13:56:46.939, 0, 100 %, 17 %, 35270 MiB, 116.07 W
2026/09/20 13:56:46.939, 1, 100 %, 16 %, 35270 MiB, 177.45 W
2026/09/20 13:56:46.939, 2, 67 %, 9 %, 35270 MiB, 69.26 W
2026/09/20 13:56:51.940, 0, 100 %, 14 %, 35270 MiB, 102.63 W
2026/09/20 13:56:51.940, 1, 100 %, 22 %, 35270 MiB, 160.42 W
2026/09/20 13:56:51.941, 2, 100 %, 10 %, 35270 MiB, 86.44 W
2026/09/20 13:56:56.941, 0, 100 %, 11 %, 35270 MiB, 96.84 W
2026/09/20 13:56:56.941, 1, 100 %, 7 %, 35270 MiB, 92.93 W
2026/09/20 13:56:56.941, 2, 100 %, 11 %, 35270 MiB, 120.29 W
2026/09/20 13:57:01.942, 0, 0 %, 0 %, 35270 MiB, 39.60 W
2026/09/20 13:57:01.942, 1, 0 %, 0 %, 35270 MiB, 40.17 W
2026/09/20 13:57:01.942, 2, 0 %, 0 %, 35270 MiB, 38.09 W
2026/09/20 13:57:06.942, 0, 0 %, 0 %, 35270 MiB, 39.80 W
2026/09/20 13:57:06.943, 1, 0 %, 0 %, 35270 MiB, 39.56 W
2026/09/20 13:57:06.943, 2, 0 %, 0 %, 35270 MiB, 37.90 W
2026/09/20 13:57:11.943, 0, 0 %, 0 %, 35270 MiB, 39.71 W
2026/09/20 13:57:11.943, 1, 0 %, 0 %, 35270 MiB, 39.37 W
2026/09/20 13:57:11.943, 2, 0 %, 0 %, 35270 MiB, 37.70 W
2026/09/20 13:57:16.944, 0, 0 %, 0 %, 35270 MiB, 39.51 W
2026/09/20 13:57:16.944, 1, 0 %, 0 %, 35270 MiB, 39.47 W
2026/09/20 13:57:16.944, 2, 0 %, 0 %, 35270 MiB, 37.80 W
2026/09/20 13:57:21.944, 0, 0 %, 0 %, 35270 MiB, 39.51 W
2026/09/20 13:57:21.945, 1, 0 %, 0 %, 35270 MiB, 39.17 W
2026/09/20 13:57:21.945, 2, 0 %, 0 %, 35270 MiB, 37.80 W
2026/09/20 13:57:26.945, 0, 0 %, 0 %, 35270 MiB, 39.32 W
2026/09/20 13:57:26.945, 1, 0 %, 0 %, 35270 MiB, 39.29 W
2026/09/20 13:57:26.945, 2, 0 %, 0 %, 35270 MiB, 37.72 W
2026/09/20 13:57:31.945, 0, 0 %, 0 %, 35270 MiB, 39.42 W
2026/09/20 13:57:31.946, 1, 0 %, 0 %, 35270 MiB, 39.47 W
2026/09/20 13:57:31.946, 2, 0 %, 0 %, 35270 MiB, 37.69 W
2026/09/20 13:57:36.946, 0, 0 %, 0 %, 35270 MiB, 39.33 W
2026/09/20 13:57:36.946, 1, 0 %, 0 %, 35270 MiB, 39.28 W
2026/09/20 13:57:36.946, 2, 0 %, 0 %, 35270 MiB, 37.51 W
2026/09/20 13:57:41.947, 0, 0 %, 0 %, 35270 MiB, 39.39 W
2026/09/20 13:57:41.947, 1, 0 %, 0 %, 35270 MiB, 39.17 W
2026/09/20 13:57:41.948, 2, 0 %, 0 %, 35270 MiB, 37.49 W
2026/09/20 13:57:46.948, 0, 0 %, 0 %, 35270 MiB, 39.58 W
2026/09/20 13:57:46.949, 1, 0 %, 0 %, 35270 MiB, 39.24 W
2026/09/20 13:57:46.949, 2, 0 %, 0 %, 35270 MiB, 37.56 W
2026/09/20 13:57:51.950, 0, 0 %, 0 %, 35270 MiB, 39.29 W
2026/09/20 13:57:51.950, 1, 0 %, 0 %, 35270 MiB, 39.25 W
2026/09/20 13:57:51.950, 2, 0 %, 0 %, 35270 MiB, 37.39 W
2026/09/20 13:57:56.951, 0, 0 %, 0 %, 35270 MiB, 39.19 W
2026/09/20 13:57:56.952, 1, 0 %, 0 %, 35270 MiB, 39.15 W
2026/09/20 13:57:56.952, 2, 0 %, 0 %, 35270 MiB, 37.48 W
2026/09/20 13:58:01.952, 0, 0 %, 0 %, 35270 MiB, 39.09 W
2026/09/20 13:58:01.952, 1, 0 %, 0 %, 35270 MiB, 38.95 W
2026/09/20 13:58:01.952, 2, 0 %, 0 %, 35270 MiB, 37.26 W
2026/09/20 13:58:06.953, 0, 0 %, 0 %, 35270 MiB, 39.31 W
2026/09/20 13:58:06.953, 1, 0 %, 0 %, 35270 MiB, 39.17 W
2026/09/20 13:58:06.953, 2, 0 %, 0 %, 35270 MiB, 37.18 W
2026/09/20 13:58:11.954, 0, 0 %, 0 %, 35270 MiB, 39.12 W
2026/09/20 13:58:11.954, 1, 0 %, 0 %, 35270 MiB, 38.89 W
2026/09/20 13:58:11.954, 2, 0 %, 0 %, 35270 MiB, 37.40 W
2026/09/20 13:58:16.955, 0, 0 %, 0 %, 35270 MiB, 39.09 W
2026/09/20 13:58:16.955, 1, 0 %, 0 %, 35270 MiB, 38.65 W
2026/09/20 13:58:16.955, 2, 0 %, 0 %, 35270 MiB, 37.26 W
2026/09/20 13:58:21.956, 0, 0 %, 0 %, 35270 MiB, 39.11 W
2026/09/20 13:58:21.957, 1, 0 %, 0 %, 35270 MiB, 38.78 W
2026/09/20 13:58:21.957, 2, 0 %, 0 %, 35270 MiB, 37.18 W
2026/09/20 13:58:26.958, 0, 0 %, 0 %, 35270 MiB, 39.21 W
2026/09/20 13:58:26.958, 1, 0 %, 0 %, 35270 MiB, 38.88 W
2026/09/20 13:58:26.959, 2, 0 %, 0 %, 35270 MiB, 37.28 W
2026/09/20 13:58:31.959, 0, 0 %, 0 %, 35270 MiB, 38.91 W
2026/09/20 13:58:31.960, 1, 0 %, 0 %, 35270 MiB, 38.78 W
2026/09/20 13:58:31.960, 2, 0 %, 0 %, 35270 MiB, 37.39 W
2026/09/20 13:58:36.960, 0, 0 %, 0 %, 35270 MiB, 39.02 W
2026/09/20 13:58:36.961, 1, 0 %, 0 %, 35270 MiB, 38.79 W
2026/09/20 13:58:36.961, 2, 0 %, 0 %, 35270 MiB, 37.28 W
2026/09/20 13:58:41.962, 0, 0 %, 0 %, 35270 MiB, 38.99 W
2026/09/20 13:58:41.963, 1, 0 %, 0 %, 35270 MiB, 38.95 W
2026/09/20 13:58:41.963, 2, 0 %, 0 %, 35270 MiB, 37.15 W
2026/09/20 13:58:46.964, 0, 0 %, 0 %, 35270 MiB, 39.01 W
2026/09/20 13:58:46.964, 1, 0 %, 0 %, 35270 MiB, 38.88 W
2026/09/20 13:58:46.964, 2, 0 %, 0 %, 35270 MiB, 37.17 W
2026/09/20 13:58:51.966, 0, 0 %, 0 %, 35270 MiB, 39.01 W
2026/09/20 13:58:51.966, 1, 0 %, 0 %, 35270 MiB, 38.78 W
2026/09/20 13:58:51.967, 2, 0 %, 0 %, 35270 MiB, 37.18 W
2026/09/20 13:58:56.967, 0, 0 %, 0 %, 35270 MiB, 39.01 W
2026/09/20 13:58:56.968, 1, 0 %, 0 %, 35270 MiB, 38.78 W
2026/09/20 13:58:56.968, 2, 0 %, 0 %, 35270 MiB, 37.18 W
2026/09/20 13:59:01.969, 0, 0 %, 0 %, 35270 MiB, 39.19 W
2026/09/20 13:59:01.969, 1, 0 %, 0 %, 35270 MiB, 38.97 W
2026/09/20 13:59:01.970, 2, 0 %, 0 %, 35270 MiB, 37.18 W
2026/09/20 13:59:06.970, 0, 0 %, 0 %, 35270 MiB, 39.11 W
2026/09/20 13:59:06.971, 1, 0 %, 0 %, 35270 MiB, 38.88 W
2026/09/20 13:59:06.971, 2, 0 %, 0 %, 35270 MiB, 37.18 W
2026/09/20 13:59:11.972, 0, 0 %, 0 %, 35270 MiB, 39.02 W
2026/09/20 13:59:11.972, 1, 0 %, 0 %, 35270 MiB, 38.78 W
2026/09/20 13:59:11.973, 2, 0 %, 0 %, 35270 MiB, 37.28 W
2026/09/20 13:59:16.974, 0, 0 %, 0 %, 35270 MiB, 39.02 W
2026/09/20 13:59:16.974, 1, 0 %, 0 %, 35270 MiB, 39.07 W
2026/09/20 13:59:16.975, 2, 0 %, 0 %, 35270 MiB, 37.28 W
2026/09/20 13:59:21.975, 0, 0 %, 0 %, 35270 MiB, 39.22 W
2026/09/20 13:59:21.976, 1, 0 %, 0 %, 35270 MiB, 38.79 W
2026/09/20 13:59:21.976, 2, 0 %, 0 %, 35270 MiB, 37.29 W
2026/09/20 13:59:26.977, 0, 0 %, 0 %, 35270 MiB, 39.08 W
2026/09/20 13:59:26.978, 1, 0 %, 0 %, 35270 MiB, 38.75 W
2026/09/20 13:59:26.978, 2, 0 %, 0 %, 35270 MiB, 37.26 W
2026/09/20 13:59:31.979, 0, 0 %, 0 %, 35270 MiB, 39.18 W
2026/09/20 13:59:31.979, 1, 0 %, 0 %, 35270 MiB, 38.75 W
2026/09/20 13:59:31.980, 2, 0 %, 0 %, 35270 MiB, 37.25 W
2026/09/20 13:59:36.980, 0, 0 %, 0 %, 35270 MiB, 39.09 W
2026/09/20 13:59:36.981, 1, 0 %, 0 %, 35270 MiB, 38.76 W
2026/09/20 13:59:36.981, 2, 0 %, 0 %, 35270 MiB, 37.28 W
2026/09/20 13:59:41.981, 0, 0 %, 0 %, 35270 MiB, 39.01 W
2026/09/20 13:59:41.982, 1, 0 %, 0 %, 35270 MiB, 38.65 W
2026/09/20 13:59:41.982, 2, 0 %, 0 %, 35270 MiB, 37.26 W
2026/09/20 13:59:46.982, 0, 0 %, 0 %, 35270 MiB, 38.91 W
2026/09/20 13:59:46.983, 1, 0 %, 0 %, 35270 MiB, 38.78 W
2026/09/20 13:59:46.983, 2, 0 %, 0 %, 35270 MiB, 37.49 W
2026/09/20 13:59:51.983, 0, 0 %, 0 %, 35270 MiB, 39.01 W
2026/09/20 13:59:51.984, 1, 0 %, 0 %, 35270 MiB, 39.07 W
2026/09/20 13:59:51.984, 2, 0 %, 0 %, 35270 MiB, 37.18 W
2026/09/20 13:59:56.985, 0, 0 %, 0 %, 35270 MiB, 39.02 W
2026/09/20 13:59:56.985, 1, 0 %, 0 %, 35270 MiB, 38.89 W
2026/09/20 13:59:56.985, 2, 0 %, 0 %, 35270 MiB, 37.18 W
2026/09/20 14:00:01.985, 0, 0 %, 0 %, 35270 MiB, 39.12 W
2026/09/20 14:00:01.986, 1, 0 %, 0 %, 35270 MiB, 38.90 W
2026/09/20 14:00:01.986, 2, 0 %, 0 %, 35270 MiB, 37.20 W
2026/09/20 14:00:06.987, 0, 0 %, 0 %, 35270 MiB, 38.99 W
2026/09/20 14:00:06.988, 1, 0 %, 0 %, 35270 MiB, 38.85 W
2026/09/20 14:00:06.988, 2, 0 %, 0 %, 35270 MiB, 37.26 W
2026/09/20 14:00:11.988, 0, 0 %, 0 %, 35270 MiB, 39.08 W
2026/09/20 14:00:11.989, 1, 0 %, 0 %, 35270 MiB, 38.95 W
2026/09/20 14:00:11.989, 2, 0 %, 0 %, 35270 MiB, 37.25 W
2026/09/20 14:00:16.990, 0, 0 %, 0 %, 35270 MiB, 39.29 W
2026/09/20 14:00:16.990, 1, 0 %, 0 %, 35270 MiB, 38.96 W
2026/09/20 14:00:16.990, 2, 0 %, 0 %, 35270 MiB, 37.28 W
2026/09/20 14:00:21.991, 0, 0 %, 0 %, 35270 MiB, 39.19 W
2026/09/20 14:00:21.991, 1, 0 %, 0 %, 35270 MiB, 39.15 W
2026/09/20 14:00:21.991, 2, 0 %, 0 %, 35270 MiB, 37.90 W
2026/09/20 14:00:26.992, 0, 0 %, 0 %, 35270 MiB, 39.10 W
2026/09/20 14:00:26.992, 1, 0 %, 0 %, 35270 MiB, 39.17 W
2026/09/20 14:00:26.993, 2, 0 %, 0 %, 35270 MiB, 37.39 W
2026/09/20 14:00:31.993, 0, 0 %, 0 %, 35270 MiB, 39.12 W
2026/09/20 14:00:31.994, 1, 0 %, 0 %, 35270 MiB, 38.88 W
2026/09/20 14:00:31.994, 2, 0 %, 0 %, 35270 MiB, 37.28 W
2026/09/20 14:00:36.994, 0, 0 %, 0 %, 35270 MiB, 39.22 W
2026/09/20 14:00:36.995, 1, 0 %, 0 %, 35270 MiB, 38.80 W
2026/09/20 14:00:36.995, 2, 0 %, 0 %, 35270 MiB, 37.30 W
2026/09/20 14:00:41.995, 0, 0 %, 0 %, 35270 MiB, 39.22 W
2026/09/20 14:00:41.996, 1, 0 %, 0 %, 35270 MiB, 38.76 W
2026/09/20 14:00:41.996, 2, 0 %, 0 %, 35270 MiB, 37.36 W
2026/09/20 14:00:46.997, 0, 0 %, 0 %, 35270 MiB, 38.99 W
2026/09/20 14:00:46.998, 1, 0 %, 0 %, 35270 MiB, 39.07 W
2026/09/20 14:00:46.998, 2, 0 %, 0 %, 35270 MiB, 37.48 W
2026/09/20 14:00:51.999, 0, 0 %, 0 %, 35270 MiB, 38.99 W
2026/09/20 14:00:51.999, 1, 0 %, 0 %, 35270 MiB, 38.85 W
2026/09/20 14:00:51.999, 2, 0 %, 0 %, 35270 MiB, 37.37 W
2026/09/20 14:00:57.000, 0, 0 %, 0 %, 35270 MiB, 39.18 W
2026/09/20 14:00:57.001, 1, 0 %, 0 %, 35270 MiB, 38.85 W
2026/09/20 14:00:57.001, 2, 0 %, 0 %, 35270 MiB, 37.26 W
2026/09/20 14:01:02.001, 0, 0 %, 0 %, 35270 MiB, 39.08 W
2026/09/20 14:01:02.002, 1, 0 %, 0 %, 35270 MiB, 38.95 W
2026/09/20 14:01:02.002, 2, 0 %, 0 %, 35270 MiB, 37.17 W
2026/09/20 14:01:07.002, 0, 0 %, 0 %, 35270 MiB, 39.11 W
2026/09/20 14:01:07.003, 1, 0 %, 0 %, 35270 MiB, 38.96 W
2026/09/20 14:01:07.003, 2, 0 %, 0 %, 35270 MiB, 37.39 W
2026/09/20 14:01:12.004, 0, 0 %, 0 %, 35270 MiB, 38.99 W
2026/09/20 14:01:12.004, 1, 0 %, 0 %, 35270 MiB, 38.95 W
2026/09/20 14:01:12.004, 2, 0 %, 0 %, 35270 MiB, 37.17 W
2026/09/20 14:01:17.005, 0, 0 %, 0 %, 35270 MiB, 39.20 W
2026/09/20 14:01:17.005, 1, 0 %, 0 %, 35270 MiB, 39.06 W
2026/09/20 14:01:17.006, 2, 0 %, 0 %, 35270 MiB, 37.28 W
2026/09/20 14:01:22.006, 0, 0 %, 0 %, 35270 MiB, 39.11 W
2026/09/20 14:01:22.007, 1, 0 %, 0 %, 35270 MiB, 39.17 W
2026/09/20 14:01:22.007, 2, 0 %, 0 %, 35270 MiB, 37.28 W
2026/09/20 14:01:27.008, 0, 0 %, 0 %, 35270 MiB, 39.22 W
2026/09/20 14:01:27.008, 1, 0 %, 0 %, 35270 MiB, 39.07 W
2026/09/20 14:01:27.009, 2, 0 %, 0 %, 35270 MiB, 37.40 W
2026/09/20 14:01:32.009, 0, 0 %, 0 %, 35270 MiB, 39.41 W
2026/09/20 14:01:32.010, 1, 0 %, 0 %, 35270 MiB, 38.95 W
2026/09/20 14:01:32.010, 2, 0 %, 0 %, 35270 MiB, 37.37 W
2026/09/20 14:01:37.010, 0, 0 %, 0 %, 35270 MiB, 39.17 W
2026/09/20 14:01:37.011, 1, 0 %, 0 %, 35270 MiB, 38.84 W
2026/09/20 14:01:37.011, 2, 0 %, 0 %, 35270 MiB, 37.25 W
2026/09/20 14:01:42.011, 0, 0 %, 0 %, 35270 MiB, 39.28 W
2026/09/20 14:01:42.012, 1, 0 %, 0 %, 35270 MiB, 38.95 W
2026/09/20 14:01:42.012, 2, 0 %, 0 %, 35270 MiB, 37.56 W
2026/09/20 14:01:47.013, 0, 0 %, 0 %, 35270 MiB, 39.31 W
2026/09/20 14:01:47.013, 1, 0 %, 0 %, 35270 MiB, 38.88 W
2026/09/20 14:01:47.013, 2, 0 %, 0 %, 35270 MiB, 37.28 W
2026/09/20 14:01:52.014, 0, 0 %, 0 %, 35270 MiB, 39.21 W
2026/09/20 14:01:52.014, 1, 0 %, 0 %, 35270 MiB, 38.85 W
2026/09/20 14:01:52.014, 2, 0 %, 0 %, 35270 MiB, 37.37 W
2026/09/20 14:01:57.015, 0, 0 %, 0 %, 35270 MiB, 39.10 W
2026/09/20 14:01:57.015, 1, 0 %, 0 %, 35270 MiB, 39.15 W
2026/09/20 14:01:57.016, 2, 0 %, 0 %, 35270 MiB, 37.49 W
2026/09/20 14:02:02.016, 0, 0 %, 0 %, 35270 MiB, 39.11 W
2026/09/20 14:02:02.017, 1, 0 %, 0 %, 35270 MiB, 38.97 W
2026/09/20 14:02:02.017, 2, 0 %, 0 %, 35270 MiB, 37.89 W
2026/09/20 14:02:07.017, 0, 0 %, 0 %, 35270 MiB, 39.22 W
2026/09/20 14:02:07.017, 1, 0 %, 0 %, 35270 MiB, 38.88 W
2026/09/20 14:02:07.018, 2, 0 %, 0 %, 35270 MiB, 37.18 W
2026/09/20 14:02:12.018, 0, 0 %, 0 %, 35270 MiB, 39.22 W
2026/09/20 14:02:12.019, 1, 0 %, 0 %, 35270 MiB, 38.98 W
2026/09/20 14:02:12.019, 2, 0 %, 0 %, 35270 MiB, 37.28 W
2026/09/20 14:02:17.020, 0, 0 %, 0 %, 35270 MiB, 39.20 W
2026/09/20 14:02:17.020, 1, 0 %, 0 %, 35270 MiB, 39.08 W
2026/09/20 14:02:17.020, 2, 0 %, 0 %, 35270 MiB, 37.37 W
2026/09/20 14:02:22.020, 0, 0 %, 0 %, 35270 MiB, 39.19 W
2026/09/20 14:02:22.021, 1, 0 %, 0 %, 35270 MiB, 39.05 W
2026/09/20 14:02:22.021, 2, 0 %, 0 %, 35270 MiB, 37.39 W
2026/09/20 14:02:27.022, 0, 0 %, 0 %, 35270 MiB, 39.39 W
2026/09/20 14:02:27.023, 1, 0 %, 0 %, 35270 MiB, 39.06 W
2026/09/20 14:02:27.023, 2, 0 %, 0 %, 35270 MiB, 37.28 W
2026/09/20 14:02:32.024, 0, 0 %, 0 %, 35270 MiB, 39.28 W
2026/09/20 14:02:32.025, 1, 0 %, 0 %, 35270 MiB, 38.96 W
2026/09/20 14:02:32.025, 2, 0 %, 0 %, 35270 MiB, 37.37 W
2026/09/20 14:02:37.026, 0, 0 %, 0 %, 35270 MiB, 39.26 W
2026/09/20 14:02:37.027, 1, 0 %, 0 %, 35270 MiB, 39.05 W
2026/09/20 14:02:37.027, 2, 0 %, 0 %, 35270 MiB, 37.26 W
2026/09/20 14:02:42.027, 0, 0 %, 0 %, 35270 MiB, 39.28 W
2026/09/20 14:02:42.027, 1, 0 %, 0 %, 35270 MiB, 38.85 W
2026/09/20 14:02:42.028, 2, 0 %, 0 %, 35270 MiB, 37.37 W
2026/09/20 14:02:47.028, 0, 0 %, 0 %, 35270 MiB, 39.47 W
2026/09/20 14:02:47.029, 1, 0 %, 0 %, 35270 MiB, 38.85 W
2026/09/20 14:02:47.029, 2, 0 %, 0 %, 35270 MiB, 37.46 W
2026/09/20 14:02:52.029, 0, 0 %, 0 %, 35270 MiB, 39.39 W
2026/09/20 14:02:52.029, 1, 0 %, 0 %, 35270 MiB, 38.95 W
2026/09/20 14:02:52.029, 2, 0 %, 0 %, 35270 MiB, 37.47 W
2026/09/20 14:02:57.030, 0, 0 %, 0 %, 35270 MiB, 39.28 W
2026/09/20 14:02:57.030, 1, 0 %, 0 %, 35270 MiB, 38.85 W
2026/09/20 14:02:57.030, 2, 0 %, 0 %, 35270 MiB, 37.47 W
2026/09/20 14:03:02.032, 0, 0 %, 0 %, 35270 MiB, 39.11 W
2026/09/20 14:03:02.032, 1, 0 %, 0 %, 35270 MiB, 38.86 W
2026/09/20 14:03:02.033, 2, 0 %, 0 %, 35270 MiB, 37.49 W
2026/09/20 14:03:07.033, 0, 0 %, 0 %, 35270 MiB, 39.29 W
2026/09/20 14:03:07.034, 1, 0 %, 0 %, 35270 MiB, 38.96 W
2026/09/20 14:03:07.034, 2, 0 %, 0 %, 35270 MiB, 37.49 W
2026/09/20 14:03:12.034, 0, 0 %, 0 %, 35270 MiB, 39.19 W
2026/09/20 14:03:12.035, 1, 0 %, 0 %, 35270 MiB, 39.07 W
2026/09/20 14:03:12.035, 2, 0 %, 0 %, 35270 MiB, 37.27 W
2026/09/20 14:03:17.035, 0, 0 %, 0 %, 35270 MiB, 39.09 W
2026/09/20 14:03:17.036, 1, 0 %, 0 %, 35270 MiB, 38.97 W
2026/09/20 14:03:17.036, 2, 0 %, 0 %, 35270 MiB, 37.28 W
2026/09/20 14:03:22.036, 0, 0 %, 0 %, 35270 MiB, 39.22 W
2026/09/20 14:03:22.037, 1, 0 %, 0 %, 35270 MiB, 38.88 W
2026/09/20 14:03:22.037, 2, 0 %, 0 %, 35270 MiB, 37.39 W
2026/09/20 14:03:27.037, 0, 0 %, 0 %, 35270 MiB, 39.22 W
2026/09/20 14:03:27.037, 1, 0 %, 0 %, 35270 MiB, 39.17 W
2026/09/20 14:03:27.037, 2, 0 %, 0 %, 35270 MiB, 37.39 W
2026/09/20 14:03:32.038, 0, 0 %, 0 %, 35270 MiB, 39.22 W
2026/09/20 14:03:32.038, 1, 0 %, 0 %, 35270 MiB, 38.98 W
2026/09/20 14:03:32.038, 2, 0 %, 0 %, 35270 MiB, 37.28 W
2026/09/20 14:03:37.038, 0, 0 %, 0 %, 35270 MiB, 39.29 W
2026/09/20 14:03:37.039, 1, 0 %, 0 %, 35270 MiB, 38.95 W
2026/09/20 14:03:37.039, 2, 0 %, 0 %, 35270 MiB, 37.48 W
2026/09/20 14:03:42.040, 0, 0 %, 0 %, 35270 MiB, 39.50 W
2026/09/20 14:03:42.040, 1, 0 %, 0 %, 35270 MiB, 38.97 W
2026/09/20 14:03:42.040, 2, 0 %, 0 %, 35270 MiB, 37.39 W
2026/09/20 14:03:47.042, 0, 0 %, 0 %, 35270 MiB, 39.28 W
2026/09/20 14:03:47.042, 1, 0 %, 0 %, 35270 MiB, 39.15 W
2026/09/20 14:03:47.043, 2, 0 %, 0 %, 35270 MiB, 37.37 W
2026/09/20 14:03:52.044, 0, 0 %, 0 %, 35270 MiB, 39.26 W
2026/09/20 14:03:52.044, 1, 0 %, 0 %, 35270 MiB, 38.84 W
2026/09/20 14:03:52.044, 2, 0 %, 0 %, 35270 MiB, 37.36 W
2026/09/20 14:03:57.054, 0, 0 %, 0 %, 35270 MiB, 39.18 W
2026/09/20 14:03:57.054, 1, 0 %, 0 %, 35270 MiB, 38.75 W
2026/09/20 14:03:57.054, 2, 0 %, 0 %, 35270 MiB, 37.54 W
2026/09/20 14:04:02.055, 0, 0 %, 0 %, 35270 MiB, 39.36 W
2026/09/20 14:04:02.056, 1, 0 %, 0 %, 35270 MiB, 38.83 W
2026/09/20 14:04:02.056, 2, 0 %, 0 %, 35270 MiB, 37.36 W
2026/09/20 14:04:07.057, 0, 0 %, 0 %, 35270 MiB, 39.07 W
2026/09/20 14:04:07.057, 1, 0 %, 0 %, 35270 MiB, 38.64 W
2026/09/20 14:04:07.057, 2, 0 %, 0 %, 35270 MiB, 37.36 W
2026/09/20 14:04:12.059, 0, 0 %, 0 %, 35270 MiB, 38.97 W
2026/09/20 14:04:12.059, 1, 0 %, 0 %, 35270 MiB, 38.63 W
2026/09/20 14:04:12.059, 2, 0 %, 0 %, 35270 MiB, 37.35 W
2026/09/20 14:04:17.061, 0, 0 %, 0 %, 35270 MiB, 38.87 W
2026/09/20 14:04:17.061, 1, 0 %, 0 %, 35270 MiB, 38.73 W
2026/09/20 14:04:17.061, 2, 0 %, 0 %, 35270 MiB, 37.15 W
2026/09/20 14:04:22.063, 0, 0 %, 0 %, 35270 MiB, 39.07 W
2026/09/20 14:04:22.063, 1, 0 %, 0 %, 35270 MiB, 38.84 W
2026/09/20 14:04:22.063, 2, 0 %, 0 %, 35270 MiB, 37.15 W
2026/09/20 14:04:27.065, 0, 0 %, 0 %, 35270 MiB, 38.97 W
2026/09/20 14:04:27.065, 1, 0 %, 0 %, 35270 MiB, 38.63 W
2026/09/20 14:04:27.065, 2, 0 %, 0 %, 35270 MiB, 37.15 W
2026/09/20 14:04:32.067, 0, 0 %, 0 %, 35270 MiB, 39.08 W
2026/09/20 14:04:32.067, 1, 0 %, 0 %, 35270 MiB, 38.65 W
2026/09/20 14:04:32.067, 2, 0 %, 0 %, 35270 MiB, 37.06 W
2026/09/20 14:04:37.069, 0, 0 %, 0 %, 35270 MiB, 38.97 W
2026/09/20 14:04:37.069, 1, 0 %, 0 %, 35270 MiB, 38.75 W
2026/09/20 14:04:37.069, 2, 0 %, 0 %, 35270 MiB, 37.15 W
2026/09/20 14:04:42.071, 0, 0 %, 0 %, 35270 MiB, 39.07 W
2026/09/20 14:04:42.071, 1, 0 %, 0 %, 35270 MiB, 38.83 W
2026/09/20 14:04:42.071, 2, 0 %, 0 %, 35270 MiB, 37.14 W
2026/09/20 14:04:47.072, 0, 0 %, 0 %, 35270 MiB, 39.08 W
2026/09/20 14:04:47.073, 1, 0 %, 0 %, 35270 MiB, 38.75 W
2026/09/20 14:04:47.073, 2, 0 %, 0 %, 35270 MiB, 37.16 W
2026/09/20 14:04:52.074, 0, 0 %, 0 %, 35270 MiB, 38.89 W
2026/09/20 14:04:52.074, 1, 0 %, 0 %, 35270 MiB, 38.75 W
2026/09/20 14:04:52.074, 2, 0 %, 0 %, 35270 MiB, 37.06 W
2026/09/20 14:04:57.076, 0, 0 %, 0 %, 35270 MiB, 39.27 W
2026/09/20 14:04:57.076, 1, 0 %, 0 %, 35270 MiB, 38.65 W
2026/09/20 14:04:57.076, 2, 0 %, 0 %, 35270 MiB, 37.15 W
2026/09/20 14:05:02.078, 0, 0 %, 0 %, 35270 MiB, 39.08 W
2026/09/20 14:05:02.078, 1, 0 %, 0 %, 35270 MiB, 38.56 W
2026/09/20 14:05:02.078, 2, 0 %, 0 %, 35270 MiB, 37.26 W
2026/09/20 14:05:07.080, 0, 0 %, 0 %, 35270 MiB, 38.97 W
2026/09/20 14:05:07.080, 1, 0 %, 0 %, 35270 MiB, 38.55 W
2026/09/20 14:05:07.080, 2, 0 %, 0 %, 35270 MiB, 37.15 W
2026/09/20 14:05:12.081, 0, 0 %, 0 %, 35270 MiB, 38.99 W
2026/09/20 14:05:12.082, 1, 0 %, 0 %, 35270 MiB, 38.56 W
2026/09/20 14:05:12.082, 2, 0 %, 0 %, 35270 MiB, 37.47 W
2026/09/20 14:05:17.083, 0, 0 %, 0 %, 35270 MiB, 39.07 W
2026/09/20 14:05:17.083, 1, 0 %, 0 %, 35270 MiB, 38.64 W
2026/09/20 14:05:17.084, 2, 0 %, 0 %, 35270 MiB, 37.25 W
2026/09/20 14:05:22.085, 0, 0 %, 0 %, 35270 MiB, 38.85 W
2026/09/20 14:05:22.086, 1, 0 %, 0 %, 35270 MiB, 38.63 W
2026/09/20 14:05:22.086, 2, 0 %, 0 %, 35270 MiB, 37.34 W
2026/09/20 14:05:27.087, 0, 0 %, 0 %, 35270 MiB, 38.87 W
2026/09/20 14:05:27.087, 1, 0 %, 0 %, 35270 MiB, 38.54 W
2026/09/20 14:05:27.087, 2, 0 %, 0 %, 35270 MiB, 37.14 W
2026/09/20 14:05:32.089, 0, 0 %, 0 %, 35270 MiB, 38.87 W
2026/09/20 14:05:32.089, 1, 0 %, 0 %, 35270 MiB, 38.73 W
2026/09/20 14:05:32.089, 2, 0 %, 0 %, 35270 MiB, 37.24 W
2026/09/20 14:05:37.091, 0, 0 %, 0 %, 35270 MiB, 38.99 W
2026/09/20 14:05:37.091, 1, 0 %, 0 %, 35270 MiB, 38.58 W
2026/09/20 14:05:37.091, 2, 0 %, 0 %, 35270 MiB, 37.08 W
2026/09/20 14:05:42.093, 0, 0 %, 0 %, 35270 MiB, 38.91 W
2026/09/20 14:05:42.093, 1, 0 %, 0 %, 35270 MiB, 38.58 W
2026/09/20 14:05:42.094, 2, 0 %, 0 %, 35270 MiB, 37.08 W
2026/09/20 14:05:47.094, 0, 0 %, 0 %, 35270 MiB, 38.91 W
2026/09/20 14:05:47.095, 1, 0 %, 0 %, 35270 MiB, 38.68 W
2026/09/20 14:05:47.095, 2, 0 %, 0 %, 35270 MiB, 37.09 W
2026/09/20 14:05:52.095, 0, 0 %, 0 %, 35270 MiB, 39.21 W
2026/09/20 14:05:52.096, 1, 0 %, 0 %, 35270 MiB, 38.68 W
2026/09/20 14:05:52.096, 2, 0 %, 0 %, 35270 MiB, 37.28 W
2026/09/20 14:05:57.096, 0, 0 %, 0 %, 35270 MiB, 39.12 W
2026/09/20 14:05:57.096, 1, 0 %, 0 %, 35270 MiB, 38.70 W
2026/09/20 14:05:57.096, 2, 0 %, 0 %, 35270 MiB, 37.19 W
2026/09/20 14:06:02.097, 0, 0 %, 0 %, 35270 MiB, 39.12 W
2026/09/20 14:06:02.097, 1, 0 %, 0 %, 35270 MiB, 38.69 W
2026/09/20 14:06:02.097, 2, 0 %, 0 %, 35270 MiB, 37.19 W
2026/09/20 14:06:07.098, 0, 0 %, 0 %, 35270 MiB, 39.03 W
2026/09/20 14:06:07.098, 1, 0 %, 0 %, 35270 MiB, 38.80 W
2026/09/20 14:06:07.098, 2, 0 %, 0 %, 35270 MiB, 37.20 W
2026/09/20 14:06:12.098, 0, 0 %, 0 %, 35270 MiB, 39.22 W
2026/09/20 14:06:12.098, 1, 0 %, 0 %, 35270 MiB, 38.69 W
2026/09/20 14:06:12.098, 2, 0 %, 0 %, 35270 MiB, 37.39 W
2026/09/20 14:06:17.099, 0, 0 %, 0 %, 35270 MiB, 39.12 W
2026/09/20 14:06:17.099, 1, 0 %, 0 %, 35270 MiB, 38.49 W
2026/09/20 14:06:17.099, 2, 0 %, 0 %, 35270 MiB, 37.39 W
2026/09/20 14:06:22.100, 0, 0 %, 0 %, 35270 MiB, 39.03 W
2026/09/20 14:06:22.100, 1, 0 %, 0 %, 35270 MiB, 38.70 W
2026/09/20 14:06:22.100, 2, 0 %, 0 %, 35270 MiB, 37.39 W
2026/09/20 14:06:27.101, 0, 0 %, 0 %, 35270 MiB, 39.03 W
2026/09/20 14:06:27.101, 1, 0 %, 0 %, 35270 MiB, 38.70 W
2026/09/20 14:06:27.101, 2, 0 %, 0 %, 35270 MiB, 37.41 W
2026/09/20 14:06:32.101, 0, 0 %, 0 %, 35270 MiB, 39.12 W
2026/09/20 14:06:32.102, 1, 0 %, 0 %, 35270 MiB, 38.79 W
2026/09/20 14:06:32.102, 2, 0 %, 0 %, 35270 MiB, 37.31 W
2026/09/20 14:06:37.102, 0, 100 %, 14 %, 35270 MiB, 144.17 W
2026/09/20 14:06:37.102, 1, 100 %, 14 %, 35270 MiB, 87.04 W
2026/09/20 14:06:37.102, 2, 100 %, 7 %, 35270 MiB, 93.03 W
2026/09/20 14:06:42.103, 0, 100 %, 14 %, 35270 MiB, 101.49 W
2026/09/20 14:06:42.103, 1, 100 %, 7 %, 35270 MiB, 90.19 W
2026/09/20 14:06:42.103, 2, 100 %, 15 %, 35270 MiB, 86.52 W
2026/09/20 14:06:47.104, 0, 100 %, 13 %, 35270 MiB, 140.32 W
2026/09/20 14:06:47.104, 1, 100 %, 11 %, 35270 MiB, 89.12 W
2026/09/20 14:06:47.105, 2, 99 %, 14 %, 35270 MiB, 106.06 W
2026/09/20 14:06:52.105, 0, 100 %, 14 %, 35270 MiB, 86.45 W
2026/09/20 14:06:52.105, 1, 100 %, 14 %, 35270 MiB, 86.33 W
2026/09/20 14:06:52.105, 2, 100 %, 14 %, 35270 MiB, 137.03 W
2026/09/20 14:06:57.105, 0, 0 %, 0 %, 35270 MiB, 61.62 W
2026/09/20 14:06:57.106, 1, 0 %, 0 %, 35270 MiB, 40.05 W
2026/09/20 14:06:57.106, 2, 0 %, 0 %, 35270 MiB, 38.36 W
2026/09/20 14:07:02.106, 0, 0 %, 0 %, 35270 MiB, 39.69 W
2026/09/20 14:07:02.106, 1, 0 %, 0 %, 35270 MiB, 39.65 W
2026/09/20 14:07:02.106, 2, 0 %, 0 %, 35270 MiB, 38.09 W
2026/09/20 14:07:07.106, 0, 0 %, 0 %, 35270 MiB, 39.70 W
2026/09/20 14:07:07.107, 1, 0 %, 0 %, 35270 MiB, 39.56 W
2026/09/20 14:07:07.107, 2, 0 %, 0 %, 35270 MiB, 37.99 W
2026/09/20 14:07:12.107, 0, 0 %, 0 %, 35270 MiB, 39.68 W
2026/09/20 14:07:12.107, 1, 0 %, 0 %, 35270 MiB, 39.35 W
2026/09/20 14:07:12.107, 2, 0 %, 0 %, 35270 MiB, 37.99 W
2026/09/20 14:07:17.108, 0, 0 %, 0 %, 35270 MiB, 39.49 W
2026/09/20 14:07:17.108, 1, 0 %, 0 %, 35270 MiB, 39.35 W
2026/09/20 14:07:17.108, 2, 0 %, 0 %, 35270 MiB, 37.89 W
2026/09/20 14:07:22.109, 0, 0 %, 0 %, 35270 MiB, 39.88 W
2026/09/20 14:07:22.110, 1, 0 %, 0 %, 35270 MiB, 39.46 W
2026/09/20 14:07:22.110, 2, 0 %, 0 %, 35270 MiB, 37.89 W
2026/09/20 14:07:27.110, 0, 0 %, 0 %, 35270 MiB, 40.09 W
2026/09/20 14:07:27.111, 1, 0 %, 0 %, 35270 MiB, 39.77 W
2026/09/20 14:07:27.111, 2, 0 %, 0 %, 35270 MiB, 38.19 W
2026/09/20 14:07:32.112, 0, 0 %, 0 %, 35270 MiB, 39.51 W
2026/09/20 14:07:32.112, 1, 0 %, 0 %, 35270 MiB, 39.27 W
2026/09/20 14:07:32.112, 2, 0 %, 0 %, 35270 MiB, 38.09 W
2026/09/20 14:07:37.113, 0, 0 %, 0 %, 35270 MiB, 39.41 W
2026/09/20 14:07:37.113, 1, 0 %, 0 %, 35270 MiB, 39.38 W
2026/09/20 14:07:37.113, 2, 0 %, 0 %, 35270 MiB, 37.99 W
2026/09/20 14:07:42.114, 0, 0 %, 0 %, 35270 MiB, 39.58 W
2026/09/20 14:07:42.114, 1, 0 %, 0 %, 35270 MiB, 39.44 W
2026/09/20 14:07:42.114, 2, 0 %, 0 %, 35270 MiB, 37.69 W
2026/09/20 14:07:47.115, 0, 0 %, 0 %, 35270 MiB, 39.46 W
2026/09/20 14:07:47.115, 1, 0 %, 0 %, 35270 MiB, 39.44 W
2026/09/20 14:07:47.116, 2, 0 %, 0 %, 35270 MiB, 37.96 W
2026/09/20 14:07:52.117, 0, 0 %, 0 %, 35270 MiB, 39.39 W
2026/09/20 14:07:52.117, 1, 0 %, 0 %, 35270 MiB, 39.34 W
2026/09/20 14:07:52.118, 2, 0 %, 0 %, 35270 MiB, 37.77 W
2026/09/20 14:07:57.119, 0, 0 %, 0 %, 35270 MiB, 39.49 W
2026/09/20 14:07:57.119, 1, 0 %, 0 %, 35270 MiB, 39.56 W
2026/09/20 14:07:57.119, 2, 0 %, 0 %, 35270 MiB, 37.79 W
2026/09/20 14:08:02.119, 0, 0 %, 0 %, 35270 MiB, 39.50 W
2026/09/20 14:08:02.120, 1, 0 %, 0 %, 35270 MiB, 39.37 W
2026/09/20 14:08:02.120, 2, 0 %, 0 %, 35270 MiB, 37.80 W
2026/09/20 14:08:07.121, 0, 0 %, 0 %, 35270 MiB, 39.40 W
2026/09/20 14:08:07.121, 1, 0 %, 0 %, 35270 MiB, 39.46 W
2026/09/20 14:08:07.121, 2, 0 %, 0 %, 35270 MiB, 37.79 W
2026/09/20 14:08:12.122, 0, 0 %, 0 %, 35270 MiB, 39.41 W
2026/09/20 14:08:12.122, 1, 0 %, 0 %, 35270 MiB, 39.37 W
2026/09/20 14:08:12.122, 2, 0 %, 0 %, 35270 MiB, 37.70 W
2026/09/20 14:08:17.122, 0, 0 %, 0 %, 35270 MiB, 39.56 W
2026/09/20 14:08:17.122, 1, 0 %, 0 %, 35270 MiB, 39.33 W
2026/09/20 14:08:17.123, 2, 0 %, 0 %, 35270 MiB, 37.67 W
2026/09/20 14:08:22.124, 0, 0 %, 0 %, 35270 MiB, 39.49 W
2026/09/20 14:08:22.124, 1, 0 %, 0 %, 35270 MiB, 39.34 W
2026/09/20 14:08:22.124, 2, 0 %, 0 %, 35270 MiB, 38.09 W
2026/09/20 14:08:27.124, 0, 0 %, 0 %, 35270 MiB, 39.49 W
2026/09/20 14:08:27.125, 1, 0 %, 0 %, 35270 MiB, 39.24 W
2026/09/20 14:08:27.125, 2, 0 %, 0 %, 35270 MiB, 37.78 W
2026/09/20 14:08:32.126, 0, 0 %, 0 %, 35270 MiB, 39.49 W
2026/09/20 14:08:32.126, 1, 0 %, 0 %, 35270 MiB, 39.15 W
2026/09/20 14:08:32.127, 2, 0 %, 0 %, 35270 MiB, 37.88 W
2026/09/20 14:08:37.128, 0, 0 %, 0 %, 35270 MiB, 39.47 W
2026/09/20 14:08:37.128, 1, 0 %, 0 %, 35270 MiB, 39.33 W
2026/09/20 14:08:37.129, 2, 0 %, 0 %, 35270 MiB, 37.96 W
2026/09/20 14:08:42.129, 0, 0 %, 0 %, 35270 MiB, 39.28 W
2026/09/20 14:08:42.130, 1, 0 %, 0 %, 35270 MiB, 39.24 W
2026/09/20 14:08:42.130, 2, 0 %, 0 %, 35270 MiB, 37.87 W
2026/09/20 14:08:47.130, 0, 0 %, 0 %, 35270 MiB, 39.28 W
2026/09/20 14:08:47.131, 1, 0 %, 0 %, 35270 MiB, 39.24 W
2026/09/20 14:08:47.131, 2, 0 %, 0 %, 35270 MiB, 37.67 W
2026/09/20 14:08:52.132, 0, 0 %, 0 %, 35270 MiB, 39.29 W
2026/09/20 14:08:52.132, 1, 0 %, 0 %, 35270 MiB, 39.45 W
2026/09/20 14:08:52.132, 2, 0 %, 0 %, 35270 MiB, 37.58 W
2026/09/20 14:08:57.133, 0, 0 %, 0 %, 35270 MiB, 39.31 W
2026/09/20 14:08:57.133, 1, 0 %, 0 %, 35270 MiB, 39.17 W
2026/09/20 14:08:57.133, 2, 0 %, 0 %, 35270 MiB, 37.70 W
2026/09/20 14:09:02.133, 0, 0 %, 0 %, 35270 MiB, 39.22 W
2026/09/20 14:09:02.134, 1, 0 %, 0 %, 35270 MiB, 39.27 W
2026/09/20 14:09:02.134, 2, 0 %, 0 %, 35270 MiB, 37.70 W
2026/09/20 14:09:07.135, 0, 0 %, 0 %, 35270 MiB, 39.31 W
2026/09/20 14:09:07.135, 1, 0 %, 0 %, 35270 MiB, 39.27 W
2026/09/20 14:09:07.136, 2, 0 %, 0 %, 35270 MiB, 37.60 W
2026/09/20 14:09:12.137, 0, 0 %, 0 %, 35270 MiB, 39.89 W
2026/09/20 14:09:12.137, 1, 0 %, 0 %, 35270 MiB, 39.37 W
2026/09/20 14:09:12.138, 2, 0 %, 0 %, 35270 MiB, 37.70 W
2026/09/20 14:09:17.138, 0, 0 %, 0 %, 35270 MiB, 39.97 W
2026/09/20 14:09:17.139, 1, 0 %, 0 %, 35270 MiB, 39.53 W
2026/09/20 14:09:17.139, 2, 0 %, 0 %, 35270 MiB, 37.77 W
2026/09/20 14:09:22.139, 0, 0 %, 0 %, 35270 MiB, 39.61 W
2026/09/20 14:09:22.140, 1, 0 %, 0 %, 35270 MiB, 39.27 W
2026/09/20 14:09:22.140, 2, 0 %, 0 %, 35270 MiB, 37.71 W
2026/09/20 14:09:27.140, 0, 0 %, 0 %, 35270 MiB, 39.71 W
2026/09/20 14:09:27.141, 1, 0 %, 0 %, 35270 MiB, 39.37 W
2026/09/20 14:09:27.141, 2, 0 %, 0 %, 35270 MiB, 37.59 W
2026/09/20 14:09:32.142, 0, 0 %, 0 %, 35270 MiB, 39.80 W
2026/09/20 14:09:32.142, 1, 0 %, 0 %, 35270 MiB, 39.07 W
2026/09/20 14:09:32.142, 2, 0 %, 0 %, 35270 MiB, 37.69 W
2026/09/20 14:09:37.144, 0, 0 %, 0 %, 35270 MiB, 39.68 W
2026/09/20 14:09:37.144, 1, 0 %, 0 %, 35270 MiB, 39.24 W
2026/09/20 14:09:37.144, 2, 0 %, 0 %, 35270 MiB, 37.78 W
2026/09/20 14:09:42.146, 0, 0 %, 0 %, 35270 MiB, 39.47 W
2026/09/20 14:09:42.147, 1, 0 %, 0 %, 35270 MiB, 39.15 W
2026/09/20 14:09:42.147, 2, 0 %, 0 %, 35270 MiB, 37.67 W
2026/09/20 14:09:47.147, 0, 0 %, 0 %, 35270 MiB, 39.51 W
2026/09/20 14:09:47.147, 1, 0 %, 0 %, 35270 MiB, 39.27 W
2026/09/20 14:09:47.148, 2, 0 %, 0 %, 35270 MiB, 37.71 W
2026/09/20 14:09:52.148, 0, 0 %, 0 %, 35270 MiB, 39.51 W
2026/09/20 14:09:52.149, 1, 0 %, 0 %, 35270 MiB, 39.18 W
2026/09/20 14:09:52.149, 2, 0 %, 0 %, 35270 MiB, 37.71 W
2026/09/20 14:09:57.150, 0, 0 %, 0 %, 35270 MiB, 39.51 W
2026/09/20 14:09:57.150, 1, 0 %, 0 %, 35270 MiB, 39.17 W
2026/09/20 14:09:57.151, 2, 0 %, 0 %, 35270 MiB, 37.70 W
2026/09/20 14:10:02.151, 0, 0 %, 0 %, 35270 MiB, 39.57 W
2026/09/20 14:10:02.152, 1, 0 %, 0 %, 35270 MiB, 39.24 W
2026/09/20 14:10:02.152, 2, 0 %, 0 %, 35270 MiB, 37.56 W
2026/09/20 14:10:07.152, 0, 0 %, 0 %, 35270 MiB, 39.77 W
2026/09/20 14:10:07.152, 1, 0 %, 0 %, 35270 MiB, 39.24 W
2026/09/20 14:10:07.153, 2, 0 %, 0 %, 35270 MiB, 37.56 W
2026/09/20 14:10:12.153, 0, 0 %, 0 %, 35270 MiB, 39.58 W
2026/09/20 14:10:12.154, 1, 0 %, 0 %, 35270 MiB, 39.24 W
2026/09/20 14:10:12.154, 2, 0 %, 0 %, 35270 MiB, 37.56 W
2026/09/20 14:10:17.154, 0, 0 %, 0 %, 35270 MiB, 39.51 W
2026/09/20 14:10:17.155, 1, 0 %, 0 %, 35270 MiB, 39.27 W
2026/09/20 14:10:17.155, 2, 0 %, 0 %, 35270 MiB, 37.70 W
2026/09/20 14:10:22.155, 0, 0 %, 0 %, 35270 MiB, 39.51 W
2026/09/20 14:10:22.155, 1, 0 %, 0 %, 35270 MiB, 39.37 W
2026/09/20 14:10:22.155, 2, 0 %, 0 %, 35270 MiB, 37.60 W
2026/09/20 14:10:27.156, 0, 0 %, 0 %, 35270 MiB, 39.71 W
2026/09/20 14:10:27.156, 1, 0 %, 0 %, 35270 MiB, 39.28 W
2026/09/20 14:10:27.156, 2, 0 %, 0 %, 35270 MiB, 37.50 W
2026/09/20 14:10:32.156, 0, 0 %, 0 %, 35270 MiB, 39.71 W
2026/09/20 14:10:32.157, 1, 0 %, 0 %, 35270 MiB, 39.17 W
2026/09/20 14:10:32.157, 2, 0 %, 0 %, 35270 MiB, 37.59 W
2026/09/20 14:10:37.158, 0, 0 %, 0 %, 35270 MiB, 39.66 W
2026/09/20 14:10:37.158, 1, 0 %, 0 %, 35270 MiB, 39.32 W
2026/09/20 14:10:37.159, 2, 0 %, 0 %, 35270 MiB, 37.67 W
2026/09/20 14:10:42.160, 0, 0 %, 0 %, 35270 MiB, 39.67 W
2026/09/20 14:10:42.160, 1, 0 %, 0 %, 35270 MiB, 39.24 W
2026/09/20 14:10:42.161, 2, 0 %, 0 %, 35270 MiB, 37.66 W
2026/09/20 14:10:47.162, 0, 0 %, 0 %, 35270 MiB, 39.67 W
2026/09/20 14:10:47.163, 1, 0 %, 0 %, 35270 MiB, 39.15 W
2026/09/20 14:10:47.163, 2, 0 %, 0 %, 35270 MiB, 37.67 W
2026/09/20 14:10:52.163, 0, 0 %, 0 %, 35270 MiB, 39.51 W
2026/09/20 14:10:52.164, 1, 0 %, 0 %, 35270 MiB, 39.09 W
2026/09/20 14:10:52.164, 2, 0 %, 0 %, 35270 MiB, 37.90 W
2026/09/20 14:10:57.164, 0, 0 %, 0 %, 35270 MiB, 39.51 W
2026/09/20 14:10:57.165, 1, 0 %, 0 %, 35270 MiB, 39.37 W
2026/09/20 14:10:57.165, 2, 0 %, 0 %, 35270 MiB, 37.90 W
2026/09/20 14:11:02.165, 0, 0 %, 0 %, 35270 MiB, 39.51 W
2026/09/20 14:11:02.166, 1, 0 %, 0 %, 35270 MiB, 39.17 W
2026/09/20 14:11:02.166, 2, 0 %, 0 %, 35270 MiB, 37.49 W
2026/09/20 14:11:07.166, 0, 0 %, 0 %, 35270 MiB, 39.56 W
2026/09/20 14:11:07.167, 1, 0 %, 0 %, 35270 MiB, 39.24 W
2026/09/20 14:11:07.167, 2, 0 %, 0 %, 35270 MiB, 37.46 W
2026/09/20 14:11:12.168, 0, 0 %, 0 %, 35270 MiB, 39.56 W
2026/09/20 14:11:12.168, 1, 0 %, 0 %, 35270 MiB, 39.44 W
2026/09/20 14:11:12.169, 2, 0 %, 0 %, 35270 MiB, 37.67 W
2026/09/20 14:11:17.170, 0, 0 %, 0 %, 35270 MiB, 39.47 W
2026/09/20 14:11:17.170, 1, 0 %, 0 %, 35270 MiB, 39.24 W
2026/09/20 14:11:17.170, 2, 0 %, 0 %, 35270 MiB, 37.56 W
2026/09/20 14:11:22.171, 0, 0 %, 0 %, 35270 MiB, 39.71 W
2026/09/20 14:11:22.171, 1, 0 %, 0 %, 35270 MiB, 39.18 W
2026/09/20 14:11:22.171, 2, 0 %, 0 %, 35270 MiB, 37.50 W
2026/09/20 14:11:27.171, 0, 0 %, 0 %, 35270 MiB, 39.51 W
2026/09/20 14:11:27.172, 1, 0 %, 0 %, 35270 MiB, 39.27 W
2026/09/20 14:11:27.172, 2, 0 %, 0 %, 35270 MiB, 37.40 W
2026/09/20 14:11:32.172, 0, 0 %, 0 %, 35270 MiB, 39.47 W
2026/09/20 14:11:32.173, 1, 0 %, 0 %, 35270 MiB, 39.34 W
2026/09/20 14:11:32.173, 2, 0 %, 0 %, 35270 MiB, 37.78 W
2026/09/20 14:11:37.174, 0, 0 %, 0 %, 35270 MiB, 39.49 W
2026/09/20 14:11:37.174, 1, 0 %, 0 %, 35270 MiB, 39.17 W
2026/09/20 14:11:37.174, 2, 0 %, 0 %, 35270 MiB, 37.49 W
2026/09/20 14:11:42.175, 0, 0 %, 0 %, 35270 MiB, 39.71 W
2026/09/20 14:11:42.176, 1, 0 %, 0 %, 35270 MiB, 39.07 W
2026/09/20 14:11:42.176, 2, 0 %, 0 %, 35270 MiB, 37.49 W
2026/09/20 14:11:47.176, 0, 0 %, 0 %, 35270 MiB, 39.57 W
2026/09/20 14:11:47.177, 1, 0 %, 0 %, 35270 MiB, 39.05 W
2026/09/20 14:11:47.177, 2, 0 %, 0 %, 35270 MiB, 37.56 W
2026/09/20 14:11:52.177, 0, 0 %, 0 %, 35270 MiB, 39.59 W
2026/09/20 14:11:52.178, 1, 0 %, 0 %, 35270 MiB, 39.07 W
2026/09/20 14:11:52.178, 2, 0 %, 0 %, 35270 MiB, 37.60 W
2026/09/20 14:11:57.178, 0, 0 %, 0 %, 35270 MiB, 39.41 W
2026/09/20 14:11:57.179, 1, 0 %, 0 %, 35270 MiB, 39.07 W
2026/09/20 14:11:57.179, 2, 0 %, 0 %, 35270 MiB, 37.59 W
2026/09/20 14:12:02.179, 0, 0 %, 0 %, 35270 MiB, 39.51 W
2026/09/20 14:12:02.180, 1, 0 %, 0 %, 35270 MiB, 38.98 W
2026/09/20 14:12:02.180, 2, 0 %, 0 %, 35270 MiB, 37.59 W
2026/09/20 14:12:07.181, 0, 0 %, 0 %, 35270 MiB, 39.38 W
2026/09/20 14:12:07.182, 1, 0 %, 0 %, 35270 MiB, 39.34 W
2026/09/20 14:12:07.182, 2, 0 %, 0 %, 35270 MiB, 37.37 W
2026/09/20 14:12:12.182, 0, 0 %, 0 %, 35270 MiB, 39.38 W
2026/09/20 14:12:12.182, 1, 0 %, 0 %, 35270 MiB, 39.05 W
2026/09/20 14:12:12.183, 2, 0 %, 0 %, 35270 MiB, 37.56 W
2026/09/20 14:12:17.183, 0, 0 %, 0 %, 35270 MiB, 39.47 W
2026/09/20 14:12:17.183, 1, 0 %, 0 %, 35270 MiB, 39.05 W
2026/09/20 14:12:17.183, 2, 0 %, 0 %, 35270 MiB, 37.47 W
2026/09/20 14:12:22.184, 0, 0 %, 0 %, 35270 MiB, 39.47 W
2026/09/20 14:12:22.185, 1, 0 %, 0 %, 35270 MiB, 39.15 W
2026/09/20 14:12:22.185, 2, 0 %, 0 %, 35270 MiB, 37.47 W
2026/09/20 14:12:27.186, 0, 0 %, 0 %, 35270 MiB, 39.49 W
2026/09/20 14:12:27.186, 1, 0 %, 0 %, 35270 MiB, 39.24 W
2026/09/20 14:12:27.186, 2, 0 %, 0 %, 35270 MiB, 37.49 W
2026/09/20 14:12:32.186, 0, 0 %, 0 %, 35270 MiB, 39.49 W
2026/09/20 14:12:32.187, 1, 0 %, 0 %, 35270 MiB, 39.27 W
2026/09/20 14:12:32.187, 2, 0 %, 0 %, 35270 MiB, 37.58 W
2026/09/20 14:12:37.187, 0, 0 %, 0 %, 35270 MiB, 39.70 W
2026/09/20 14:12:37.187, 1, 0 %, 0 %, 35270 MiB, 39.17 W
2026/09/20 14:12:37.187, 2, 0 %, 0 %, 35270 MiB, 37.49 W
2026/09/20 14:12:42.188, 0, 0 %, 0 %, 35270 MiB, 39.50 W
2026/09/20 14:12:42.188, 1, 0 %, 0 %, 35270 MiB, 39.24 W
2026/09/20 14:12:42.189, 2, 0 %, 0 %, 35270 MiB, 37.48 W
2026/09/20 14:12:47.190, 0, 0 %, 0 %, 35270 MiB, 39.60 W
2026/09/20 14:12:47.190, 1, 0 %, 0 %, 35270 MiB, 39.37 W
2026/09/20 14:12:47.190, 2, 0 %, 0 %, 35270 MiB, 37.70 W
2026/09/20 14:12:52.191, 0, 0 %, 0 %, 35270 MiB, 39.47 W
2026/09/20 14:12:52.191, 1, 0 %, 0 %, 35270 MiB, 38.95 W
2026/09/20 14:12:52.192, 2, 0 %, 0 %, 35270 MiB, 37.67 W
2026/09/20 14:12:57.193, 0, 0 %, 0 %, 35270 MiB, 39.65 W
2026/09/20 14:12:57.193, 1, 0 %, 0 %, 35270 MiB, 39.14 W
2026/09/20 14:12:57.193, 2, 0 %, 0 %, 35270 MiB, 37.66 W
2026/09/20 14:13:02.195, 0, 0 %, 0 %, 35270 MiB, 39.57 W
2026/09/20 14:13:02.196, 1, 0 %, 0 %, 35270 MiB, 39.34 W
2026/09/20 14:13:02.196, 2, 0 %, 0 %, 35270 MiB, 37.66 W
2026/09/20 14:13:07.197, 0, 0 %, 0 %, 35270 MiB, 39.36 W
2026/09/20 14:13:07.197, 1, 0 %, 0 %, 35270 MiB, 39.03 W
2026/09/20 14:13:07.198, 2, 0 %, 0 %, 35270 MiB, 37.67 W
2026/09/20 14:13:12.199, 0, 0 %, 0 %, 35270 MiB, 39.26 W
2026/09/20 14:13:12.199, 1, 0 %, 0 %, 35270 MiB, 38.93 W
2026/09/20 14:13:12.200, 2, 0 %, 0 %, 35270 MiB, 37.46 W
2026/09/20 14:13:17.200, 0, 0 %, 0 %, 35270 MiB, 39.37 W
2026/09/20 14:13:17.201, 1, 0 %, 0 %, 35270 MiB, 38.94 W
2026/09/20 14:13:17.201, 2, 0 %, 0 %, 35270 MiB, 37.36 W
2026/09/20 14:13:22.202, 0, 0 %, 0 %, 35270 MiB, 39.28 W
2026/09/20 14:13:22.203, 1, 0 %, 0 %, 35270 MiB, 39.05 W
2026/09/20 14:13:22.203, 2, 0 %, 0 %, 35270 MiB, 37.38 W
2026/09/20 14:13:27.203, 0, 0 %, 0 %, 35270 MiB, 39.22 W
2026/09/20 14:13:27.203, 1, 0 %, 0 %, 35270 MiB, 38.98 W
2026/09/20 14:13:27.203, 2, 0 %, 0 %, 35270 MiB, 37.40 W
2026/09/20 14:13:32.204, 0, 0 %, 0 %, 35270 MiB, 39.22 W
2026/09/20 14:13:32.204, 1, 0 %, 0 %, 35270 MiB, 39.00 W
2026/09/20 14:13:32.204, 2, 0 %, 0 %, 35270 MiB, 37.40 W
2026/09/20 14:13:37.205, 0, 0 %, 0 %, 35270 MiB, 39.33 W
2026/09/20 14:13:37.205, 1, 0 %, 0 %, 35270 MiB, 39.29 W
2026/09/20 14:13:37.205, 2, 0 %, 0 %, 35270 MiB, 37.30 W
2026/09/20 14:13:42.205, 0, 0 %, 0 %, 35270 MiB, 39.22 W
2026/09/20 14:13:42.206, 1, 0 %, 0 %, 35270 MiB, 39.10 W
2026/09/20 14:13:42.206, 2, 0 %, 0 %, 35270 MiB, 37.31 W
2026/09/20 14:13:47.206, 0, 0 %, 0 %, 35270 MiB, 39.32 W
2026/09/20 14:13:47.206, 1, 0 %, 0 %, 35270 MiB, 39.10 W
2026/09/20 14:13:47.206, 2, 0 %, 0 %, 35270 MiB, 37.51 W
2026/09/20 14:13:52.208, 0, 0 %, 0 %, 35270 MiB, 39.58 W
2026/09/20 14:13:52.208, 1, 0 %, 0 %, 35270 MiB, 39.05 W
2026/09/20 14:13:52.209, 2, 0 %, 0 %, 35270 MiB, 37.37 W
2026/09/20 14:13:57.210, 0, 0 %, 0 %, 35270 MiB, 39.36 W
2026/09/20 14:13:57.210, 1, 0 %, 0 %, 35270 MiB, 39.04 W
2026/09/20 14:13:57.211, 2, 0 %, 0 %, 35270 MiB, 37.36 W
2026/09/20 14:14:02.213, 0, 0 %, 0 %, 35270 MiB, 39.35 W
2026/09/20 14:14:02.213, 1, 0 %, 0 %, 35270 MiB, 38.83 W
2026/09/20 14:14:02.213, 2, 0 %, 0 %, 35270 MiB, 37.35 W
2026/09/20 14:14:07.213, 0, 0 %, 0 %, 35270 MiB, 39.26 W
2026/09/20 14:14:07.214, 1, 0 %, 0 %, 35270 MiB, 38.74 W
2026/09/20 14:14:07.214, 2, 0 %, 0 %, 35270 MiB, 37.36 W
2026/09/20 14:14:12.214, 0, 0 %, 0 %, 35270 MiB, 39.07 W
2026/09/20 14:14:12.215, 1, 0 %, 0 %, 35270 MiB, 38.64 W
2026/09/20 14:14:12.215, 2, 0 %, 0 %, 35270 MiB, 37.25 W
2026/09/20 14:14:17.216, 0, 0 %, 0 %, 35270 MiB, 38.99 W
2026/09/20 14:14:17.216, 1, 0 %, 0 %, 35270 MiB, 38.65 W
2026/09/20 14:14:17.217, 2, 0 %, 0 %, 35270 MiB, 37.15 W
2026/09/20 14:14:22.218, 0, 0 %, 0 %, 35270 MiB, 38.97 W
2026/09/20 14:14:22.218, 1, 0 %, 0 %, 35270 MiB, 38.63 W
2026/09/20 14:14:22.218, 2, 0 %, 0 %, 35270 MiB, 37.04 W
2026/09/20 14:14:27.220, 0, 0 %, 0 %, 35270 MiB, 38.97 W
2026/09/20 14:14:27.220, 1, 0 %, 0 %, 35270 MiB, 38.65 W
2026/09/20 14:14:27.220, 2, 0 %, 0 %, 35270 MiB, 37.15 W
2026/09/20 14:14:32.223, 0, 0 %, 0 %, 35270 MiB, 38.98 W
2026/09/20 14:14:32.223, 1, 0 %, 0 %, 35270 MiB, 38.75 W
2026/09/20 14:14:32.223, 2, 0 %, 0 %, 35270 MiB, 37.06 W
2026/09/20 14:14:37.225, 0, 0 %, 0 %, 35270 MiB, 38.87 W
2026/09/20 14:14:37.226, 1, 0 %, 0 %, 35270 MiB, 38.53 W
2026/09/20 14:14:37.226, 2, 0 %, 0 %, 35270 MiB, 37.35 W
2026/09/20 14:14:42.226, 0, 0 %, 0 %, 35270 MiB, 38.90 W
2026/09/20 14:14:42.227, 1, 0 %, 0 %, 35270 MiB, 38.48 W
2026/09/20 14:14:42.227, 2, 0 %, 0 %, 35270 MiB, 37.06 W
2026/09/20 14:14:47.227, 0, 0 %, 0 %, 35270 MiB, 38.87 W
2026/09/20 14:14:47.227, 1, 0 %, 0 %, 35270 MiB, 38.53 W
2026/09/20 14:14:47.227, 2, 0 %, 0 %, 35270 MiB, 36.96 W
2026/09/20 14:14:52.228, 0, 0 %, 0 %, 35270 MiB, 38.89 W
2026/09/20 14:14:52.229, 1, 0 %, 0 %, 35270 MiB, 38.65 W
2026/09/20 14:14:52.229, 2, 0 %, 0 %, 35270 MiB, 36.96 W
2026/09/20 14:14:57.229, 0, 0 %, 0 %, 35270 MiB, 38.87 W
2026/09/20 14:14:57.230, 1, 0 %, 0 %, 35270 MiB, 38.56 W
2026/09/20 14:14:57.230, 2, 0 %, 0 %, 35270 MiB, 36.96 W
2026/09/20 14:15:02.231, 0, 0 %, 0 %, 35270 MiB, 38.87 W
2026/09/20 14:15:02.231, 1, 0 %, 0 %, 35270 MiB, 38.45 W
2026/09/20 14:15:02.231, 2, 0 %, 0 %, 35270 MiB, 37.15 W
2026/09/20 14:15:07.233, 0, 0 %, 0 %, 35270 MiB, 39.17 W
2026/09/20 14:15:07.233, 1, 0 %, 0 %, 35270 MiB, 38.75 W
2026/09/20 14:15:07.234, 2, 0 %, 0 %, 35270 MiB, 37.06 W
2026/09/20 14:15:12.235, 0, 0 %, 0 %, 35270 MiB, 38.99 W
2026/09/20 14:15:12.235, 1, 0 %, 0 %, 35270 MiB, 38.46 W
2026/09/20 14:15:12.235, 2, 0 %, 0 %, 35270 MiB, 36.96 W
2026/09/20 14:15:17.237, 0, 0 %, 0 %, 35270 MiB, 38.77 W
2026/09/20 14:15:17.237, 1, 0 %, 0 %, 35270 MiB, 38.55 W
2026/09/20 14:15:17.238, 2, 0 %, 0 %, 35270 MiB, 37.16 W
2026/09/20 14:15:22.239, 0, 0 %, 0 %, 35270 MiB, 38.77 W
2026/09/20 14:15:22.239, 1, 0 %, 0 %, 35270 MiB, 38.45 W
2026/09/20 14:15:22.239, 2, 0 %, 0 %, 35270 MiB, 37.25 W
2026/09/20 14:15:27.241, 0, 0 %, 0 %, 35270 MiB, 38.99 W
2026/09/20 14:15:27.241, 1, 0 %, 0 %, 35270 MiB, 38.56 W
2026/09/20 14:15:27.242, 2, 0 %, 0 %, 35270 MiB, 37.15 W
2026/09/20 14:15:32.243, 0, 0 %, 0 %, 35270 MiB, 38.86 W
2026/09/20 14:15:32.243, 1, 0 %, 0 %, 35270 MiB, 38.45 W
2026/09/20 14:15:32.244, 2, 0 %, 0 %, 35270 MiB, 37.06 W
2026/09/20 14:15:37.245, 0, 0 %, 0 %, 35270 MiB, 38.80 W
2026/09/20 14:15:37.245, 1, 5 %, 0 %, 35270 MiB, 38.46 W
2026/09/20 14:15:37.246, 2, 0 %, 0 %, 35270 MiB, 36.96 W
2026/09/20 14:15:42.247, 0, 0 %, 0 %, 35270 MiB, 38.90 W
2026/09/20 14:15:42.247, 1, 0 %, 0 %, 35270 MiB, 38.77 W
2026/09/20 14:15:42.248, 2, 0 %, 0 %, 35270 MiB, 37.08 W
2026/09/20 14:15:47.248, 0, 0 %, 0 %, 35270 MiB, 39.02 W
2026/09/20 14:15:47.249, 1, 0 %, 0 %, 35270 MiB, 38.58 W
2026/09/20 14:15:47.249, 2, 0 %, 0 %, 35270 MiB, 36.99 W
2026/09/20 14:15:52.250, 0, 0 %, 0 %, 35270 MiB, 39.01 W
2026/09/20 14:15:52.250, 1, 0 %, 0 %, 35270 MiB, 38.68 W
2026/09/20 14:15:52.250, 2, 0 %, 0 %, 35270 MiB, 37.09 W
2026/09/20 14:15:57.250, 0, 0 %, 0 %, 35270 MiB, 38.91 W
2026/09/20 14:15:57.251, 1, 0 %, 0 %, 35270 MiB, 38.68 W
2026/09/20 14:15:57.251, 2, 0 %, 0 %, 35270 MiB, 37.09 W
2026/09/20 14:16:02.251, 0, 0 %, 0 %, 35270 MiB, 39.01 W
2026/09/20 14:16:02.252, 1, 0 %, 0 %, 35270 MiB, 38.78 W
2026/09/20 14:16:02.252, 2, 0 %, 0 %, 35270 MiB, 37.18 W
2026/09/20 14:16:07.252, 0, 0 %, 0 %, 35270 MiB, 39.12 W
2026/09/20 14:16:07.253, 1, 0 %, 0 %, 35270 MiB, 38.59 W
2026/09/20 14:16:07.253, 2, 0 %, 0 %, 35270 MiB, 37.19 W
2026/09/20 14:16:12.253, 0, 0 %, 0 %, 35270 MiB, 39.12 W
2026/09/20 14:16:12.253, 1, 0 %, 0 %, 35270 MiB, 38.59 W
2026/09/20 14:16:12.253, 2, 0 %, 0 %, 35270 MiB, 37.09 W
2026/09/20 14:16:17.254, 0, 0 %, 0 %, 35270 MiB, 39.12 W
2026/09/20 14:16:17.254, 1, 0 %, 0 %, 35270 MiB, 38.59 W
2026/09/20 14:16:17.254, 2, 0 %, 0 %, 35270 MiB, 37.49 W
2026/09/20 14:16:22.254, 0, 0 %, 0 %, 35270 MiB, 39.32 W
2026/09/20 14:16:22.254, 1, 0 %, 0 %, 35270 MiB, 38.60 W
2026/09/20 14:16:22.254, 2, 0 %, 0 %, 35270 MiB, 37.20 W
2026/09/20 14:16:27.255, 0, 0 %, 0 %, 35270 MiB, 39.03 W
2026/09/20 14:16:27.255, 1, 0 %, 0 %, 35270 MiB, 38.69 W
2026/09/20 14:16:27.255, 2, 0 %, 0 %, 35270 MiB, 37.31 W
2026/09/20 14:16:32.256, 0, 100 %, 11 %, 35270 MiB, 88.45 W
2026/09/20 14:16:32.256, 1, 100 %, 9 %, 35270 MiB, 91.62 W
2026/09/20 14:16:32.256, 2, 100 %, 13 %, 35270 MiB, 83.07 W
2026/09/20 14:16:37.257, 0, 100 %, 7 %, 35270 MiB, 89.93 W
2026/09/20 14:16:37.257, 1, 100 %, 7 %, 35270 MiB, 92.77 W
2026/09/20 14:16:37.257, 2, 100 %, 10 %, 35270 MiB, 89.42 W
2026/09/20 14:16:42.257, 0, 100 %, 7 %, 35270 MiB, 90.77 W
2026/09/20 14:16:42.258, 1, 99 %, 11 %, 35270 MiB, 93.80 W
2026/09/20 14:16:42.258, 2, 100 %, 7 %, 35270 MiB, 85.38 W
2026/09/20 14:16:47.258, 0, 100 %, 11 %, 35270 MiB, 89.95 W
2026/09/20 14:16:47.258, 1, 100 %, 7 %, 35270 MiB, 89.66 W
2026/09/20 14:16:47.258, 2, 100 %, 11 %, 35270 MiB, 133.85 W
2026/09/20 14:16:52.259, 0, 100 %, 7 %, 35270 MiB, 93.86 W
2026/09/20 14:16:52.259, 1, 100 %, 7 %, 35270 MiB, 87.36 W
2026/09/20 14:16:52.259, 2, 100 %, 16 %, 35270 MiB, 82.12 W
2026/09/20 14:16:57.266, 0, 100 %, 11 %, 35270 MiB, 89.26 W
2026/09/20 14:16:57.266, 1, 100 %, 10 %, 35270 MiB, 93.59 W
2026/09/20 14:16:57.267, 2, 100 %, 11 %, 35270 MiB, 89.74 W
2026/09/20 14:17:02.267, 0, 99 %, 11 %, 35270 MiB, 92.37 W
2026/09/20 14:17:02.267, 1, 100 %, 11 %, 35270 MiB, 86.51 W
2026/09/20 14:17:02.268, 2, 100 %, 6 %, 35270 MiB, 86.10 W
2026/09/20 14:17:07.268, 0, 0 %, 0 %, 35270 MiB, 62.78 W
2026/09/20 14:17:07.268, 1, 0 %, 0 %, 35270 MiB, 61.82 W
2026/09/20 14:17:07.268, 2, 99 %, 6 %, 35270 MiB, 89.82 W
2026/09/20 14:17:12.269, 0, 0 %, 0 %, 35270 MiB, 40.26 W
2026/09/20 14:17:12.269, 1, 0 %, 0 %, 35270 MiB, 40.15 W
2026/09/20 14:17:12.269, 2, 0 %, 0 %, 35270 MiB, 38.66 W
2026/09/20 14:17:17.271, 0, 0 %, 0 %, 35270 MiB, 40.34 W
2026/09/20 14:17:17.272, 1, 0 %, 0 %, 35270 MiB, 40.12 W
2026/09/20 14:17:17.272, 2, 0 %, 0 %, 35270 MiB, 38.75 W
2026/09/20 14:17:22.272, 0, 0 %, 0 %, 35270 MiB, 39.95 W
2026/09/20 14:17:22.273, 1, 0 %, 0 %, 35270 MiB, 39.83 W
2026/09/20 14:17:22.273, 2, 0 %, 0 %, 35270 MiB, 38.44 W
2026/09/20 14:17:27.280, 0, 0 %, 0 %, 35270 MiB, 39.94 W
2026/09/20 14:17:27.281, 1, 0 %, 0 %, 35270 MiB, 39.81 W
2026/09/20 14:17:27.281, 2, 0 %, 0 %, 35270 MiB, 38.44 W
2026/09/20 14:17:32.281, 0, 0 %, 0 %, 35270 MiB, 39.65 W
2026/09/20 14:17:32.281, 1, 0 %, 0 %, 35270 MiB, 39.72 W
2026/09/20 14:17:32.282, 2, 0 %, 0 %, 35270 MiB, 38.35 W
2026/09/20 14:17:37.283, 0, 0 %, 0 %, 35270 MiB, 39.56 W
2026/09/20 14:17:37.283, 1, 0 %, 0 %, 35270 MiB, 39.61 W
2026/09/20 14:17:37.284, 2, 0 %, 0 %, 35270 MiB, 38.24 W
2026/09/20 14:17:42.285, 0, 0 %, 0 %, 35270 MiB, 39.56 W
2026/09/20 14:17:42.285, 1, 0 %, 0 %, 35270 MiB, 39.51 W
2026/09/20 14:17:42.286, 2, 0 %, 0 %, 35270 MiB, 38.04 W
2026/09/20 14:17:47.287, 0, 0 %, 0 %, 35270 MiB, 39.46 W
2026/09/20 14:17:47.287, 1, 0 %, 0 %, 35270 MiB, 39.41 W
2026/09/20 14:17:47.287, 2, 0 %, 0 %, 35270 MiB, 37.96 W
2026/09/20 14:17:52.289, 0, 0 %, 0 %, 35270 MiB, 39.39 W
2026/09/20 14:17:52.289, 1, 0 %, 0 %, 35270 MiB, 39.34 W
2026/09/20 14:17:52.290, 2, 0 %, 0 %, 35270 MiB, 37.87 W
2026/09/20 14:17:57.290, 0, 0 %, 0 %, 35270 MiB, 39.39 W
2026/09/20 14:17:57.290, 1, 0 %, 0 %, 35270 MiB, 39.36 W
2026/09/20 14:17:57.290, 2, 0 %, 0 %, 35270 MiB, 37.89 W
2026/09/20 14:18:02.290, 0, 0 %, 0 %, 35270 MiB, 39.00 W
2026/09/20 14:18:02.291, 1, 0 %, 0 %, 35270 MiB, 39.35 W
2026/09/20 14:18:02.291, 2, 0 %, 0 %, 35270 MiB, 37.79 W
2026/09/20 14:18:07.291, 0, 0 %, 0 %, 35270 MiB, 39.39 W
2026/09/20 14:18:07.292, 1, 0 %, 0 %, 35270 MiB, 39.37 W
2026/09/20 14:18:07.292, 2, 0 %, 0 %, 35270 MiB, 37.89 W
2026/09/20 14:18:12.292, 0, 0 %, 0 %, 35270 MiB, 39.50 W
2026/09/20 14:18:12.293, 1, 0 %, 0 %, 35270 MiB, 39.56 W
2026/09/20 14:18:12.293, 2, 0 %, 0 %, 35270 MiB, 37.80 W
2026/09/20 14:18:17.293, 0, 0 %, 0 %, 35270 MiB, 39.40 W
2026/09/20 14:18:17.293, 1, 0 %, 0 %, 35270 MiB, 39.46 W
2026/09/20 14:18:17.293, 2, 0 %, 0 %, 35270 MiB, 37.79 W
2026/09/20 14:18:22.293, 0, 0 %, 0 %, 35270 MiB, 39.41 W
2026/09/20 14:18:22.294, 1, 0 %, 0 %, 35270 MiB, 39.27 W
2026/09/20 14:18:22.294, 2, 0 %, 0 %, 35270 MiB, 37.80 W
2026/09/20 14:18:27.294, 0, 0 %, 0 %, 35270 MiB, 39.41 W
2026/09/20 14:18:27.294, 1, 0 %, 0 %, 35270 MiB, 39.19 W
2026/09/20 14:18:27.294, 2, 0 %, 0 %, 35270 MiB, 37.82 W
2026/09/20 14:18:32.295, 0, 0 %, 0 %, 35270 MiB, 39.51 W
2026/09/20 14:18:32.295, 1, 0 %, 0 %, 35270 MiB, 39.29 W
2026/09/20 14:18:32.295, 2, 0 %, 0 %, 35270 MiB, 38.01 W
2026/09/20 14:18:37.295, 0, 0 %, 0 %, 35270 MiB, 39.41 W
2026/09/20 14:18:37.296, 1, 0 %, 0 %, 35270 MiB, 39.19 W
2026/09/20 14:18:37.296, 2, 0 %, 0 %, 35270 MiB, 37.92 W
2026/09/20 14:18:42.296, 0, 0 %, 0 %, 35270 MiB, 39.33 W
2026/09/20 14:18:42.296, 1, 0 %, 0 %, 35270 MiB, 39.29 W
2026/09/20 14:18:42.296, 2, 0 %, 0 %, 35270 MiB, 37.81 W
2026/09/20 14:18:47.297, 0, 0 %, 0 %, 35270 MiB, 39.31 W
2026/09/20 14:18:47.297, 1, 0 %, 0 %, 35270 MiB, 39.57 W
2026/09/20 14:18:47.297, 2, 0 %, 0 %, 35270 MiB, 37.70 W
2026/09/20 14:18:52.297, 0, 0 %, 0 %, 35270 MiB, 39.33 W
2026/09/20 14:18:52.298, 1, 0 %, 0 %, 35270 MiB, 39.29 W
2026/09/20 14:18:52.298, 2, 0 %, 0 %, 35270 MiB, 37.82 W
2026/09/20 14:18:57.298, 0, 0 %, 0 %, 35270 MiB, 39.33 W
2026/09/20 14:18:57.298, 1, 0 %, 0 %, 35270 MiB, 39.29 W
2026/09/20 14:18:57.298, 2, 0 %, 0 %, 35270 MiB, 37.61 W
2026/09/20 14:19:02.299, 0, 0 %, 0 %, 35270 MiB, 39.33 W
2026/09/20 14:19:02.299, 1, 0 %, 0 %, 35270 MiB, 39.29 W
2026/09/20 14:19:02.299, 2, 0 %, 0 %, 35270 MiB, 37.72 W
2026/09/20 14:19:07.300, 0, 0 %, 0 %, 35270 MiB, 39.53 W
2026/09/20 14:19:07.300, 1, 0 %, 0 %, 35270 MiB, 39.48 W
2026/09/20 14:19:07.300, 2, 0 %, 0 %, 35270 MiB, 37.62 W
2026/09/20 14:19:12.301, 0, 0 %, 0 %, 35270 MiB, 39.31 W
2026/09/20 14:19:12.301, 1, 0 %, 0 %, 35270 MiB, 39.29 W
2026/09/20 14:19:12.301, 2, 0 %, 0 %, 35270 MiB, 37.72 W
2026/09/20 14:19:17.301, 0, 0 %, 0 %, 35270 MiB, 39.33 W
2026/09/20 14:19:17.301, 1, 0 %, 0 %, 35270 MiB, 39.39 W
2026/09/20 14:19:17.301, 2, 0 %, 0 %, 35270 MiB, 37.72 W
2026/09/20 14:19:22.302, 0, 0 %, 0 %, 35270 MiB, 39.31 W
2026/09/20 14:19:22.302, 1, 0 %, 0 %, 35270 MiB, 39.38 W
2026/09/20 14:19:22.302, 2, 0 %, 0 %, 35270 MiB, 37.81 W
2026/09/20 14:19:27.303, 0, 0 %, 0 %, 35270 MiB, 39.42 W
2026/09/20 14:19:27.303, 1, 0 %, 0 %, 35270 MiB, 39.37 W
2026/09/20 14:19:27.303, 2, 0 %, 0 %, 35270 MiB, 37.91 W
2026/09/20 14:19:32.304, 0, 0 %, 0 %, 35270 MiB, 39.41 W
2026/09/20 14:19:32.304, 1, 0 %, 0 %, 35270 MiB, 39.08 W
2026/09/20 14:19:32.304, 2, 0 %, 0 %, 35270 MiB, 37.60 W
2026/09/20 14:19:37.304, 0, 0 %, 0 %, 35270 MiB, 39.41 W
2026/09/20 14:19:37.304, 1, 0 %, 0 %, 35270 MiB, 39.19 W
2026/09/20 14:19:37.304, 2, 0 %, 0 %, 35270 MiB, 37.81 W
2026/09/20 14:19:42.305, 0, 0 %, 0 %, 35270 MiB, 39.41 W
2026/09/20 14:19:42.305, 1, 0 %, 0 %, 35270 MiB, 39.38 W
2026/09/20 14:19:42.305, 2, 0 %, 0 %, 35270 MiB, 37.71 W
2026/09/20 14:19:47.305, 0, 0 %, 0 %, 35270 MiB, 39.22 W
2026/09/20 14:19:47.306, 1, 0 %, 0 %, 35270 MiB, 39.28 W
2026/09/20 14:19:47.306, 2, 0 %, 0 %, 35270 MiB, 37.80 W
2026/09/20 14:19:52.306, 0, 0 %, 0 %, 35270 MiB, 39.22 W
2026/09/20 14:19:52.306, 1, 0 %, 0 %, 35270 MiB, 39.27 W
2026/09/20 14:19:52.306, 2, 0 %, 0 %, 35270 MiB, 37.80 W
2026/09/20 14:19:57.307, 0, 0 %, 0 %, 35270 MiB, 39.61 W
2026/09/20 14:19:57.307, 1, 0 %, 0 %, 35270 MiB, 39.27 W
2026/09/20 14:19:57.307, 2, 0 %, 0 %, 35270 MiB, 37.69 W
2026/09/20 14:20:02.307, 0, 0 %, 0 %, 35270 MiB, 39.80 W
2026/09/20 14:20:02.308, 1, 0 %, 0 %, 35270 MiB, 39.29 W
2026/09/20 14:20:02.308, 2, 0 %, 0 %, 35270 MiB, 37.80 W
2026/09/20 14:20:07.308, 0, 0 %, 0 %, 35270 MiB, 39.71 W
2026/09/20 14:20:07.309, 1, 0 %, 0 %, 35270 MiB, 39.39 W
2026/09/20 14:20:07.309, 2, 0 %, 0 %, 35270 MiB, 37.72 W
2026/09/20 14:20:12.309, 0, 0 %, 0 %, 35270 MiB, 39.62 W
2026/09/20 14:20:12.309, 1, 0 %, 0 %, 35270 MiB, 39.38 W
2026/09/20 14:20:12.309, 2, 0 %, 0 %, 35270 MiB, 37.72 W
2026/09/20 14:20:17.310, 0, 0 %, 0 %, 35270 MiB, 39.51 W
2026/09/20 14:20:17.310, 1, 0 %, 0 %, 35270 MiB, 39.58 W
2026/09/20 14:20:17.310, 2, 0 %, 0 %, 35270 MiB, 37.71 W
2026/09/20 14:20:22.311, 0, 0 %, 0 %, 35270 MiB, 39.81 W
2026/09/20 14:20:22.311, 1, 0 %, 0 %, 35270 MiB, 39.39 W
2026/09/20 14:20:22.311, 2, 0 %, 0 %, 35270 MiB, 37.72 W
2026/09/20 14:20:27.312, 0, 0 %, 0 %, 35270 MiB, 39.71 W
2026/09/20 14:20:27.312, 1, 0 %, 0 %, 35270 MiB, 39.28 W
2026/09/20 14:20:27.312, 2, 0 %, 0 %, 35270 MiB, 37.72 W
2026/09/20 14:20:32.313, 0, 0 %, 0 %, 35270 MiB, 39.61 W
2026/09/20 14:20:32.313, 1, 0 %, 0 %, 35270 MiB, 39.38 W
2026/09/20 14:20:32.313, 2, 0 %, 0 %, 35270 MiB, 37.71 W
2026/09/20 14:20:37.313, 0, 0 %, 0 %, 35270 MiB, 39.71 W
2026/09/20 14:20:37.314, 1, 0 %, 0 %, 35270 MiB, 39.29 W
2026/09/20 14:20:37.314, 2, 0 %, 0 %, 35270 MiB, 37.82 W
2026/09/20 14:20:42.314, 0, 0 %, 0 %, 35270 MiB, 39.81 W
2026/09/20 14:20:42.314, 1, 0 %, 0 %, 35270 MiB, 39.19 W
2026/09/20 14:20:42.314, 2, 0 %, 0 %, 35270 MiB, 37.82 W
2026/09/20 14:20:47.315, 0, 0 %, 0 %, 35270 MiB, 39.71 W
2026/09/20 14:20:47.315, 1, 0 %, 0 %, 35270 MiB, 39.19 W
2026/09/20 14:20:47.315, 2, 0 %, 0 %, 35270 MiB, 37.72 W
2026/09/20 14:20:52.316, 0, 0 %, 0 %, 35270 MiB, 39.61 W
2026/09/20 14:20:52.316, 1, 0 %, 0 %, 35270 MiB, 39.48 W
2026/09/20 14:20:52.316, 2, 0 %, 0 %, 35270 MiB, 37.82 W
2026/09/20 14:20:57.316, 0, 0 %, 0 %, 35270 MiB, 39.62 W
2026/09/20 14:20:57.316, 1, 0 %, 0 %, 35270 MiB, 39.29 W
2026/09/20 14:20:57.316, 2, 0 %, 0 %, 35270 MiB, 37.82 W
2026/09/20 14:21:02.317, 0, 0 %, 0 %, 35270 MiB, 39.72 W
2026/09/20 14:21:02.317, 1, 0 %, 0 %, 35270 MiB, 39.29 W
2026/09/20 14:21:02.317, 2, 0 %, 0 %, 35270 MiB, 37.71 W
2026/09/20 14:21:07.318, 0, 0 %, 0 %, 35270 MiB, 39.53 W
2026/09/20 14:21:07.318, 1, 0 %, 0 %, 35270 MiB, 39.29 W
2026/09/20 14:21:07.318, 2, 0 %, 0 %, 35270 MiB, 37.50 W
2026/09/20 14:21:12.319, 0, 0 %, 0 %, 35270 MiB, 39.61 W
2026/09/20 14:21:12.319, 1, 0 %, 0 %, 35270 MiB, 39.39 W
2026/09/20 14:21:12.319, 2, 0 %, 0 %, 35270 MiB, 37.60 W
2026/09/20 14:21:17.319, 0, 0 %, 0 %, 35270 MiB, 39.82 W
2026/09/20 14:21:17.319, 1, 0 %, 0 %, 35270 MiB, 39.29 W
2026/09/20 14:21:17.320, 2, 0 %, 0 %, 35270 MiB, 37.61 W
2026/09/20 14:21:22.320, 0, 0 %, 0 %, 35270 MiB, 39.71 W
2026/09/20 14:21:22.320, 1, 0 %, 0 %, 35270 MiB, 39.29 W
2026/09/20 14:21:22.320, 2, 0 %, 0 %, 35270 MiB, 37.61 W
2026/09/20 14:21:27.321, 0, 0 %, 0 %, 35270 MiB, 39.62 W
2026/09/20 14:21:27.321, 1, 0 %, 0 %, 35270 MiB, 39.68 W
2026/09/20 14:21:27.321, 2, 0 %, 0 %, 35270 MiB, 37.61 W
2026/09/20 14:21:32.321, 0, 0 %, 0 %, 35270 MiB, 39.61 W
2026/09/20 14:21:32.321, 1, 0 %, 0 %, 35270 MiB, 39.38 W
2026/09/20 14:21:32.321, 2, 0 %, 0 %, 35270 MiB, 37.51 W
2026/09/20 14:21:37.322, 0, 0 %, 0 %, 35270 MiB, 39.72 W
2026/09/20 14:21:37.322, 1, 0 %, 0 %, 35270 MiB, 39.38 W
2026/09/20 14:21:37.322, 2, 0 %, 0 %, 35270 MiB, 37.92 W
2026/09/20 14:21:42.323, 0, 0 %, 0 %, 35270 MiB, 39.72 W
2026/09/20 14:21:42.323, 1, 0 %, 0 %, 35270 MiB, 39.19 W
2026/09/20 14:21:42.323, 2, 0 %, 0 %, 35270 MiB, 37.72 W
2026/09/20 14:21:47.323, 0, 0 %, 0 %, 35270 MiB, 39.61 W
2026/09/20 14:21:47.323, 1, 0 %, 0 %, 35270 MiB, 39.28 W
2026/09/20 14:21:47.323, 2, 0 %, 0 %, 35270 MiB, 37.59 W
2026/09/20 14:21:52.324, 0, 0 %, 0 %, 35270 MiB, 39.71 W
2026/09/20 14:21:52.324, 1, 0 %, 0 %, 35270 MiB, 39.27 W
2026/09/20 14:21:52.324, 2, 0 %, 0 %, 35270 MiB, 37.59 W
2026/09/20 14:21:57.325, 0, 0 %, 0 %, 35270 MiB, 39.80 W
2026/09/20 14:21:57.325, 1, 0 %, 0 %, 35270 MiB, 39.29 W
2026/09/20 14:21:57.325, 2, 0 %, 0 %, 35270 MiB, 37.81 W
2026/09/20 14:22:02.326, 0, 0 %, 0 %, 35270 MiB, 39.62 W
2026/09/20 14:22:02.326, 1, 0 %, 0 %, 35270 MiB, 39.48 W
2026/09/20 14:22:02.326, 2, 0 %, 0 %, 35270 MiB, 37.61 W
2026/09/20 14:22:07.327, 0, 0 %, 0 %, 35270 MiB, 39.62 W
2026/09/20 14:22:07.327, 1, 0 %, 0 %, 35270 MiB, 39.28 W
2026/09/20 14:22:07.327, 2, 0 %, 0 %, 35270 MiB, 37.71 W
2026/09/20 14:22:12.328, 0, 0 %, 0 %, 35270 MiB, 39.52 W
2026/09/20 14:22:12.328, 1, 0 %, 0 %, 35270 MiB, 39.29 W
2026/09/20 14:22:12.328, 2, 0 %, 0 %, 35270 MiB, 37.51 W
2026/09/20 14:22:17.328, 0, 0 %, 0 %, 35270 MiB, 39.62 W
2026/09/20 14:22:17.329, 1, 0 %, 0 %, 35270 MiB, 39.19 W
2026/09/20 14:22:17.329, 2, 0 %, 0 %, 35270 MiB, 37.61 W
2026/09/20 14:22:22.329, 0, 0 %, 0 %, 35270 MiB, 39.23 W
2026/09/20 14:22:22.329, 1, 0 %, 0 %, 35270 MiB, 39.38 W
2026/09/20 14:22:22.329, 2, 0 %, 0 %, 35270 MiB, 37.51 W
2026/09/20 14:22:27.330, 0, 0 %, 0 %, 35270 MiB, 39.52 W
2026/09/20 14:22:27.330, 1, 0 %, 0 %, 35270 MiB, 39.29 W
2026/09/20 14:22:27.330, 2, 0 %, 0 %, 35270 MiB, 37.41 W
2026/09/20 14:22:32.331, 0, 0 %, 0 %, 35270 MiB, 39.71 W
2026/09/20 14:22:32.331, 1, 0 %, 0 %, 35270 MiB, 39.29 W
2026/09/20 14:22:32.331, 2, 0 %, 0 %, 35270 MiB, 37.51 W
2026/09/20 14:22:37.332, 0, 0 %, 0 %, 35270 MiB, 39.52 W
2026/09/20 14:22:37.332, 1, 0 %, 0 %, 35270 MiB, 39.46 W
2026/09/20 14:22:37.332, 2, 0 %, 0 %, 35270 MiB, 37.50 W
2026/09/20 14:22:42.332, 0, 0 %, 0 %, 35270 MiB, 39.62 W
2026/09/20 14:22:42.332, 1, 0 %, 0 %, 35270 MiB, 39.38 W
2026/09/20 14:22:42.332, 2, 0 %, 0 %, 35270 MiB, 37.51 W
2026/09/20 14:22:47.333, 0, 0 %, 0 %, 35270 MiB, 39.52 W
2026/09/20 14:22:47.333, 1, 0 %, 0 %, 35270 MiB, 39.38 W
2026/09/20 14:22:47.333, 2, 0 %, 0 %, 35270 MiB, 37.51 W
2026/09/20 14:22:52.333, 0, 0 %, 0 %, 35270 MiB, 39.22 W
2026/09/20 14:22:52.333, 1, 0 %, 0 %, 35270 MiB, 39.19 W
2026/09/20 14:22:52.334, 2, 0 %, 0 %, 35270 MiB, 37.51 W
2026/09/20 14:22:57.334, 0, 0 %, 0 %, 35270 MiB, 39.33 W
2026/09/20 14:22:57.335, 1, 0 %, 0 %, 35270 MiB, 39.29 W
2026/09/20 14:22:57.335, 2, 0 %, 0 %, 35270 MiB, 37.51 W
2026/09/20 14:23:02.335, 0, 0 %, 0 %, 35270 MiB, 39.22 W
2026/09/20 14:23:02.335, 1, 0 %, 0 %, 35270 MiB, 39.29 W
2026/09/20 14:23:02.335, 2, 0 %, 0 %, 35270 MiB, 37.60 W
2026/09/20 14:23:07.336, 0, 0 %, 0 %, 35270 MiB, 39.04 W
2026/09/20 14:23:07.336, 1, 0 %, 0 %, 35270 MiB, 39.19 W
2026/09/20 14:23:07.336, 2, 0 %, 0 %, 35270 MiB, 37.51 W
2026/09/20 14:23:12.337, 0, 0 %, 0 %, 35270 MiB, 39.42 W
2026/09/20 14:23:12.337, 1, 0 %, 0 %, 35270 MiB, 39.29 W
2026/09/20 14:23:12.337, 2, 0 %, 0 %, 35270 MiB, 37.82 W
2026/09/20 14:23:17.337, 0, 0 %, 0 %, 35270 MiB, 39.53 W
2026/09/20 14:23:17.337, 1, 0 %, 0 %, 35270 MiB, 39.19 W
2026/09/20 14:23:17.337, 2, 0 %, 0 %, 35270 MiB, 37.41 W
2026/09/20 14:23:22.338, 0, 0 %, 0 %, 35270 MiB, 39.42 W
2026/09/20 14:23:22.338, 1, 0 %, 0 %, 35270 MiB, 39.29 W
2026/09/20 14:23:22.338, 2, 0 %, 0 %, 35270 MiB, 37.41 W
2026/09/20 14:23:27.339, 0, 0 %, 0 %, 35270 MiB, 39.62 W
2026/09/20 14:23:27.339, 1, 0 %, 0 %, 35270 MiB, 39.29 W
2026/09/20 14:23:27.339, 2, 0 %, 0 %, 35270 MiB, 37.51 W
2026/09/20 14:23:32.340, 0, 0 %, 0 %, 35270 MiB, 39.02 W
2026/09/20 14:23:32.340, 1, 0 %, 0 %, 35270 MiB, 39.56 W
2026/09/20 14:23:32.340, 2, 0 %, 0 %, 35270 MiB, 37.61 W
2026/09/20 14:23:37.340, 0, 0 %, 0 %, 35270 MiB, 39.12 W
2026/09/20 14:23:37.340, 1, 0 %, 0 %, 35270 MiB, 39.37 W
2026/09/20 14:23:37.340, 2, 0 %, 0 %, 35270 MiB, 37.49 W
2026/09/20 14:23:42.341, 0, 0 %, 0 %, 35270 MiB, 39.12 W
2026/09/20 14:23:42.341, 1, 0 %, 0 %, 35270 MiB, 39.37 W
2026/09/20 14:23:42.341, 2, 0 %, 0 %, 35270 MiB, 37.39 W
2026/09/20 14:23:47.342, 0, 0 %, 0 %, 35270 MiB, 39.23 W
2026/09/20 14:23:47.342, 1, 0 %, 0 %, 35270 MiB, 39.29 W
2026/09/20 14:23:47.342, 2, 0 %, 0 %, 35270 MiB, 37.49 W
2026/09/20 14:23:52.342, 0, 0 %, 0 %, 35270 MiB, 39.22 W
2026/09/20 14:23:52.343, 1, 0 %, 0 %, 35270 MiB, 39.49 W
2026/09/20 14:23:52.343, 2, 0 %, 0 %, 35270 MiB, 37.50 W
2026/09/20 14:23:57.343, 0, 0 %, 0 %, 35270 MiB, 39.12 W
2026/09/20 14:23:57.343, 1, 0 %, 0 %, 35270 MiB, 39.18 W
2026/09/20 14:23:57.343, 2, 0 %, 0 %, 35270 MiB, 37.51 W
2026/09/20 14:24:02.344, 0, 0 %, 0 %, 35270 MiB, 39.23 W
2026/09/20 14:24:02.344, 1, 0 %, 0 %, 35270 MiB, 39.19 W
2026/09/20 14:24:02.344, 2, 0 %, 0 %, 35270 MiB, 37.41 W
2026/09/20 14:24:07.345, 0, 0 %, 0 %, 35270 MiB, 39.22 W
2026/09/20 14:24:07.345, 1, 0 %, 0 %, 35270 MiB, 39.29 W
2026/09/20 14:24:07.345, 2, 0 %, 0 %, 35270 MiB, 37.51 W
2026/09/20 14:24:12.346, 0, 0 %, 0 %, 35270 MiB, 39.08 W
2026/09/20 14:24:12.347, 1, 0 %, 0 %, 35270 MiB, 39.24 W
2026/09/20 14:24:12.347, 2, 0 %, 0 %, 35270 MiB, 37.56 W
2026/09/20 14:24:17.347, 0, 0 %, 0 %, 35270 MiB, 38.97 W
2026/09/20 14:24:17.348, 1, 0 %, 0 %, 35270 MiB, 39.24 W
2026/09/20 14:24:17.348, 2, 0 %, 0 %, 35270 MiB, 37.46 W
2026/09/20 14:24:22.349, 0, 0 %, 0 %, 35270 MiB, 39.16 W
2026/09/20 14:24:22.349, 1, 0 %, 0 %, 35270 MiB, 39.12 W
2026/09/20 14:24:22.349, 2, 0 %, 0 %, 35270 MiB, 37.44 W
2026/09/20 14:24:27.351, 0, 0 %, 0 %, 35270 MiB, 39.07 W
2026/09/20 14:24:27.351, 1, 0 %, 0 %, 35270 MiB, 39.22 W
2026/09/20 14:24:27.352, 2, 0 %, 0 %, 35270 MiB, 37.15 W
2026/09/20 14:24:32.352, 0, 0 %, 0 %, 35270 MiB, 38.68 W
2026/09/20 14:24:32.352, 1, 0 %, 0 %, 35270 MiB, 38.85 W
2026/09/20 14:24:32.352, 2, 0 %, 0 %, 35270 MiB, 37.15 W
2026/09/20 14:24:37.354, 0, 0 %, 0 %, 35270 MiB, 38.57 W
2026/09/20 14:24:37.354, 1, 0 %, 0 %, 35270 MiB, 38.94 W
2026/09/20 14:24:37.354, 2, 0 %, 0 %, 35270 MiB, 37.06 W
2026/09/20 14:24:42.356, 0, 0 %, 0 %, 35270 MiB, 39.08 W
2026/09/20 14:24:42.356, 1, 0 %, 0 %, 35270 MiB, 38.85 W
2026/09/20 14:24:42.356, 2, 0 %, 0 %, 35270 MiB, 37.06 W
2026/09/20 14:24:47.358, 0, 0 %, 0 %, 35270 MiB, 38.99 W
2026/09/20 14:24:47.358, 1, 0 %, 0 %, 35270 MiB, 38.85 W
2026/09/20 14:24:47.359, 2, 0 %, 0 %, 35270 MiB, 37.16 W
2026/09/20 14:24:52.360, 0, 0 %, 0 %, 35270 MiB, 38.47 W
2026/09/20 14:24:52.361, 1, 0 %, 0 %, 35270 MiB, 38.73 W
2026/09/20 14:24:52.361, 2, 0 %, 0 %, 35270 MiB, 36.94 W
2026/09/20 14:24:57.362, 0, 0 %, 0 %, 35270 MiB, 38.47 W
2026/09/20 14:24:57.362, 1, 0 %, 0 %, 35270 MiB, 38.73 W
2026/09/20 14:24:57.363, 2, 0 %, 0 %, 35270 MiB, 36.96 W
2026/09/20 14:25:02.364, 0, 0 %, 0 %, 35270 MiB, 38.57 W
2026/09/20 14:25:02.364, 1, 0 %, 0 %, 35270 MiB, 38.84 W
2026/09/20 14:25:02.364, 2, 0 %, 0 %, 35270 MiB, 36.86 W
2026/09/20 14:25:07.366, 0, 0 %, 0 %, 35270 MiB, 38.87 W
2026/09/20 14:25:07.366, 1, 0 %, 0 %, 35270 MiB, 38.54 W
2026/09/20 14:25:07.367, 2, 0 %, 0 %, 35270 MiB, 37.06 W
2026/09/20 14:25:12.371, 0, 0 %, 0 %, 35270 MiB, 38.78 W
2026/09/20 14:25:12.372, 1, 0 %, 0 %, 35270 MiB, 38.56 W
2026/09/20 14:25:12.372, 2, 0 %, 0 %, 35270 MiB, 36.96 W
2026/09/20 14:25:17.372, 0, 0 %, 0 %, 35270 MiB, 39.07 W
2026/09/20 14:25:17.373, 1, 0 %, 0 %, 35270 MiB, 38.55 W
2026/09/20 14:25:17.373, 2, 0 %, 0 %, 35270 MiB, 37.06 W
2026/09/20 14:25:22.373, 0, 0 %, 0 %, 35270 MiB, 38.76 W
2026/09/20 14:25:22.373, 1, 0 %, 0 %, 35270 MiB, 38.63 W
2026/09/20 14:25:22.374, 2, 0 %, 0 %, 35270 MiB, 37.06 W
2026/09/20 14:25:27.375, 0, 0 %, 0 %, 35270 MiB, 38.37 W
2026/09/20 14:25:27.375, 1, 0 %, 0 %, 35270 MiB, 38.63 W
2026/09/20 14:25:27.375, 2, 0 %, 0 %, 35270 MiB, 37.16 W
2026/09/20 14:25:32.377, 0, 0 %, 0 %, 35270 MiB, 38.75 W
2026/09/20 14:25:32.377, 1, 0 %, 0 %, 35270 MiB, 38.63 W
2026/09/20 14:25:32.377, 2, 0 %, 0 %, 35270 MiB, 37.56 W
2026/09/20 14:25:37.388, 0, 0 %, 0 %, 35270 MiB, 38.69 W
2026/09/20 14:25:37.388, 1, 0 %, 0 %, 35270 MiB, 38.65 W
2026/09/20 14:25:37.388, 2, 0 %, 0 %, 35270 MiB, 36.96 W
2026/09/20 14:25:42.397, 0, 0 %, 0 %, 35270 MiB, 38.86 W
2026/09/20 14:25:42.397, 1, 0 %, 0 %, 35270 MiB, 38.74 W
2026/09/20 14:25:42.397, 2, 0 %, 0 %, 35270 MiB, 36.85 W
2026/09/20 14:25:47.399, 0, 0 %, 0 %, 35270 MiB, 38.76 W
2026/09/20 14:25:47.399, 1, 0 %, 0 %, 35270 MiB, 38.65 W
2026/09/20 14:25:47.400, 2, 0 %, 0 %, 35270 MiB, 36.96 W
2026/09/20 14:25:52.401, 0, 0 %, 0 %, 35270 MiB, 38.76 W
2026/09/20 14:25:52.402, 1, 0 %, 0 %, 35270 MiB, 38.65 W
2026/09/20 14:25:52.402, 2, 0 %, 0 %, 35270 MiB, 36.86 W
2026/09/20 14:25:57.403, 0, 0 %, 0 %, 35270 MiB, 38.89 W
2026/09/20 14:25:57.404, 1, 0 %, 0 %, 35270 MiB, 38.75 W
2026/09/20 14:25:57.404, 2, 0 %, 0 %, 35270 MiB, 36.87 W
2026/09/20 14:26:02.405, 0, 0 %, 0 %, 35270 MiB, 38.78 W
2026/09/20 14:26:02.405, 1, 0 %, 0 %, 35270 MiB, 38.56 W
2026/09/20 14:26:02.406, 2, 0 %, 0 %, 35270 MiB, 36.86 W
2026/09/20 14:26:07.406, 0, 0 %, 0 %, 35270 MiB, 38.78 W
2026/09/20 14:26:07.407, 1, 0 %, 0 %, 35270 MiB, 38.65 W
2026/09/20 14:26:07.407, 2, 0 %, 0 %, 35270 MiB, 36.96 W
2026/09/20 14:26:12.407, 0, 0 %, 0 %, 35270 MiB, 38.90 W
2026/09/20 14:26:12.408, 1, 0 %, 0 %, 35270 MiB, 38.35 W
2026/09/20 14:26:12.408, 2, 0 %, 0 %, 35270 MiB, 36.87 W
2026/09/20 14:26:17.408, 0, 0 %, 0 %, 35270 MiB, 38.91 W
2026/09/20 14:26:17.409, 1, 0 %, 0 %, 35270 MiB, 38.49 W
2026/09/20 14:26:17.409, 2, 0 %, 0 %, 35270 MiB, 36.89 W
2026/09/20 14:26:22.409, 0, 0 %, 0 %, 35270 MiB, 38.91 W
2026/09/20 14:26:22.409, 1, 0 %, 0 %, 35270 MiB, 38.49 W
2026/09/20 14:26:22.409, 2, 0 %, 0 %, 35270 MiB, 37.10 W
2026/09/20 14:26:27.410, 0, 0 %, 0 %, 35270 MiB, 38.81 W
2026/09/20 14:26:27.410, 1, 0 %, 0 %, 35270 MiB, 38.50 W
2026/09/20 14:26:27.410, 2, 0 %, 0 %, 35270 MiB, 37.00 W
2026/09/20 14:26:32.411, 0, 0 %, 0 %, 35270 MiB, 38.62 W
2026/09/20 14:26:32.411, 1, 0 %, 0 %, 35270 MiB, 38.80 W
2026/09/20 14:26:32.411, 2, 0 %, 0 %, 35270 MiB, 37.10 W
2026/09/20 14:26:37.412, 0, 0 %, 0 %, 35270 MiB, 38.82 W
2026/09/20 14:26:37.412, 1, 0 %, 0 %, 35270 MiB, 38.50 W
2026/09/20 14:26:37.412, 2, 0 %, 0 %, 35270 MiB, 37.10 W
2026/09/20 14:26:42.412, 0, 0 %, 0 %, 35270 MiB, 38.82 W
2026/09/20 14:26:42.412, 1, 0 %, 0 %, 35270 MiB, 38.70 W
2026/09/20 14:26:42.413, 2, 0 %, 0 %, 35270 MiB, 37.10 W
2026/09/20 14:26:47.413, 0, 100 %, 7 %, 35270 MiB, 88.39 W
2026/09/20 14:26:47.414, 1, 100 %, 7 %, 35270 MiB, 91.74 W
2026/09/20 14:26:47.414, 2, 100 %, 7 %, 35270 MiB, 88.15 W
2026/09/20 14:26:52.414, 0, 100 %, 7 %, 35270 MiB, 88.24 W
2026/09/20 14:26:52.415, 1, 100 %, 7 %, 35270 MiB, 89.72 W
2026/09/20 14:26:52.415, 2, 100 %, 7 %, 35270 MiB, 91.99 W
2026/09/20 14:26:57.415, 0, 100 %, 7 %, 35270 MiB, 89.70 W
2026/09/20 14:26:57.415, 1, 100 %, 7 %, 35270 MiB, 95.21 W
2026/09/20 14:26:57.415, 2, 100 %, 7 %, 35270 MiB, 87.95 W
2026/09/20 14:27:02.416, 0, 100 %, 7 %, 35270 MiB, 85.49 W
2026/09/20 14:27:02.416, 1, 100 %, 11 %, 35270 MiB, 89.32 W
2026/09/20 14:27:02.416, 2, 100 %, 11 %, 35270 MiB, 91.09 W
2026/09/20 14:27:07.416, 0, 100 %, 7 %, 35270 MiB, 93.96 W
2026/09/20 14:27:07.417, 1, 100 %, 11 %, 35270 MiB, 134.05 W
2026/09/20 14:27:07.417, 2, 99 %, 11 %, 35270 MiB, 161.54 W
2026/09/20 14:27:12.417, 0, 100 %, 7 %, 35270 MiB, 91.38 W
2026/09/20 14:27:12.417, 1, 100 %, 14 %, 35270 MiB, 90.01 W
2026/09/20 14:27:12.417, 2, 100 %, 11 %, 35270 MiB, 129.32 W
2026/09/20 14:27:17.418, 0, 100 %, 11 %, 35270 MiB, 88.77 W
2026/09/20 14:27:17.418, 1, 100 %, 7 %, 35270 MiB, 92.19 W
2026/09/20 14:27:17.418, 2, 99 %, 6 %, 35270 MiB, 87.06 W
2026/09/20 14:27:22.418, 0, 100 %, 7 %, 35270 MiB, 89.47 W
2026/09/20 14:27:22.419, 1, 100 %, 6 %, 35270 MiB, 93.72 W
2026/09/20 14:27:22.419, 2, 100 %, 7 %, 35270 MiB, 89.20 W
2026/09/20 14:27:27.419, 0, 100 %, 7 %, 35270 MiB, 89.44 W
2026/09/20 14:27:27.419, 1, 100 %, 14 %, 35270 MiB, 92.34 W
2026/09/20 14:27:27.419, 2, 100 %, 7 %, 35270 MiB, 153.96 W
2026/09/20 14:27:32.420, 0, 100 %, 11 %, 35270 MiB, 93.25 W
2026/09/20 14:27:32.420, 1, 100 %, 7 %, 35270 MiB, 93.07 W
2026/09/20 14:27:32.420, 2, 100 %, 14 %, 35270 MiB, 85.97 W
2026/09/20 14:27:37.420, 0, 100 %, 10 %, 35270 MiB, 93.15 W
2026/09/20 14:27:37.421, 1, 100 %, 6 %, 35270 MiB, 94.06 W
2026/09/20 14:27:37.421, 2, 99 %, 11 %, 35270 MiB, 92.83 W
2026/09/20 14:27:42.421, 0, 100 %, 9 %, 35270 MiB, 90.11 W
2026/09/20 14:27:42.421, 1, 100 %, 7 %, 35270 MiB, 92.67 W
2026/09/20 14:27:42.421, 2, 100 %, 11 %, 35270 MiB, 105.15 W
2026/09/20 14:27:47.422, 0, 100 %, 7 %, 35270 MiB, 94.31 W
2026/09/20 14:27:47.422, 1, 100 %, 6 %, 35270 MiB, 96.81 W
2026/09/20 14:27:47.422, 2, 100 %, 7 %, 35270 MiB, 92.50 W
2026/09/20 14:27:52.422, 0, 0 %, 0 %, 35270 MiB, 64.39 W
2026/09/20 14:27:52.423, 1, 0 %, 0 %, 35270 MiB, 64.80 W
2026/09/20 14:27:52.423, 2, 0 %, 0 %, 35270 MiB, 62.47 W
2026/09/20 14:27:57.424, 0, 0 %, 0 %, 35270 MiB, 41.04 W
2026/09/20 14:27:57.424, 1, 0 %, 0 %, 35270 MiB, 40.71 W
2026/09/20 14:27:57.424, 2, 0 %, 0 %, 35270 MiB, 39.35 W
2026/09/20 14:28:02.430, 0, 0 %, 0 %, 35270 MiB, 40.95 W
2026/09/20 14:28:02.430, 1, 0 %, 0 %, 35270 MiB, 40.71 W
2026/09/20 14:28:02.430, 2, 0 %, 0 %, 35270 MiB, 39.24 W
2026/09/20 14:28:07.432, 0, 0 %, 0 %, 35270 MiB, 40.74 W
2026/09/20 14:28:07.432, 1, 0 %, 0 %, 35270 MiB, 40.32 W
2026/09/20 14:28:07.433, 2, 0 %, 0 %, 35270 MiB, 39.03 W
2026/09/20 14:28:12.434, 0, 0 %, 0 %, 35270 MiB, 40.44 W
2026/09/20 14:28:12.434, 1, 0 %, 0 %, 35270 MiB, 40.51 W
2026/09/20 14:28:12.435, 2, 0 %, 0 %, 35270 MiB, 38.84 W
2026/09/20 14:28:17.436, 0, 0 %, 0 %, 35270 MiB, 40.45 W
2026/09/20 14:28:17.436, 1, 0 %, 0 %, 35270 MiB, 40.34 W
2026/09/20 14:28:17.436, 2, 0 %, 0 %, 35270 MiB, 38.75 W
2026/09/20 14:28:22.438, 0, 0 %, 0 %, 35270 MiB, 40.26 W
2026/09/20 14:28:22.438, 1, 0 %, 0 %, 35270 MiB, 40.33 W
2026/09/20 14:28:22.439, 2, 0 %, 0 %, 35270 MiB, 38.65 W
2026/09/20 14:28:27.440, 0, 0 %, 0 %, 35270 MiB, 40.45 W
2026/09/20 14:28:27.440, 1, 0 %, 0 %, 35270 MiB, 40.13 W
2026/09/20 14:28:27.440, 2, 0 %, 0 %, 35270 MiB, 38.53 W
2026/09/20 14:28:32.441, 0, 0 %, 0 %, 35270 MiB, 40.16 W
2026/09/20 14:28:32.442, 1, 0 %, 0 %, 35270 MiB, 39.94 W
2026/09/20 14:28:32.442, 2, 0 %, 0 %, 35270 MiB, 38.53 W
2026/09/20 14:28:37.442, 0, 0 %, 0 %, 35270 MiB, 40.05 W
2026/09/20 14:28:37.443, 1, 0 %, 0 %, 35270 MiB, 39.92 W
2026/09/20 14:28:37.443, 2, 0 %, 0 %, 35270 MiB, 38.76 W
2026/09/20 14:28:42.444, 0, 0 %, 0 %, 35270 MiB, 39.85 W
2026/09/20 14:28:42.444, 1, 0 %, 0 %, 35270 MiB, 39.41 W
2026/09/20 14:28:42.444, 2, 0 %, 0 %, 35270 MiB, 38.45 W
2026/09/20 14:28:47.445, 0, 0 %, 0 %, 35270 MiB, 39.85 W
2026/09/20 14:28:47.445, 1, 0 %, 0 %, 35270 MiB, 39.83 W
2026/09/20 14:28:47.446, 2, 0 %, 0 %, 35270 MiB, 38.45 W
2026/09/20 14:28:52.447, 0, 0 %, 0 %, 35270 MiB, 39.65 W
2026/09/20 14:28:52.447, 1, 0 %, 0 %, 35270 MiB, 39.12 W
2026/09/20 14:28:52.447, 2, 0 %, 0 %, 35270 MiB, 38.14 W
2026/09/20 14:28:57.449, 0, 0 %, 0 %, 35270 MiB, 39.65 W
2026/09/20 14:28:57.449, 1, 0 %, 0 %, 35270 MiB, 39.43 W
2026/09/20 14:28:57.449, 2, 0 %, 0 %, 35270 MiB, 38.26 W
2026/09/20 14:29:02.451, 0, 0 %, 0 %, 35270 MiB, 39.77 W
2026/09/20 14:29:02.451, 1, 0 %, 0 %, 35270 MiB, 39.24 W
2026/09/20 14:29:02.451, 2, 0 %, 0 %, 35270 MiB, 37.97 W
2026/09/20 14:29:07.452, 0, 0 %, 0 %, 35270 MiB, 39.17 W
2026/09/20 14:29:07.453, 1, 0 %, 0 %, 35270 MiB, 39.32 W
2026/09/20 14:29:07.453, 2, 0 %, 0 %, 35270 MiB, 38.06 W
2026/09/20 14:29:12.453, 0, 0 %, 0 %, 35270 MiB, 39.47 W
2026/09/20 14:29:12.453, 1, 0 %, 0 %, 35270 MiB, 39.73 W
2026/09/20 14:29:12.454, 2, 0 %, 0 %, 35270 MiB, 38.06 W
2026/09/20 14:29:17.454, 0, 0 %, 0 %, 35270 MiB, 39.49 W
2026/09/20 14:29:17.454, 1, 0 %, 0 %, 35270 MiB, 39.63 W
2026/09/20 14:29:17.454, 2, 0 %, 0 %, 35270 MiB, 37.97 W
2026/09/20 14:29:22.455, 0, 0 %, 0 %, 35270 MiB, 39.50 W
2026/09/20 14:29:22.455, 1, 0 %, 0 %, 35270 MiB, 39.77 W
2026/09/20 14:29:22.455, 2, 0 %, 0 %, 35270 MiB, 37.80 W
2026/09/20 14:29:27.456, 0, 0 %, 0 %, 35270 MiB, 39.49 W
2026/09/20 14:29:27.456, 1, 0 %, 0 %, 35270 MiB, 39.65 W
2026/09/20 14:29:27.456, 2, 0 %, 0 %, 35270 MiB, 37.89 W
2026/09/20 14:29:32.457, 0, 0 %, 0 %, 35270 MiB, 39.40 W
2026/09/20 14:29:32.457, 1, 0 %, 0 %, 35270 MiB, 39.37 W
2026/09/20 14:29:32.457, 2, 0 %, 0 %, 35270 MiB, 37.90 W
2026/09/20 14:29:37.457, 0, 0 %, 0 %, 35270 MiB, 39.70 W
2026/09/20 14:29:37.458, 1, 0 %, 0 %, 35270 MiB, 39.46 W
2026/09/20 14:29:37.458, 2, 0 %, 0 %, 35270 MiB, 37.99 W
2026/09/20 14:29:42.458, 0, 0 %, 0 %, 35270 MiB, 39.50 W
2026/09/20 14:29:42.458, 1, 0 %, 0 %, 35270 MiB, 39.56 W
2026/09/20 14:29:42.458, 2, 0 %, 0 %, 35270 MiB, 37.99 W
2026/09/20 14:29:47.459, 0, 0 %, 0 %, 35270 MiB, 39.51 W
2026/09/20 14:29:47.460, 1, 0 %, 0 %, 35270 MiB, 39.47 W
2026/09/20 14:29:47.460, 2, 0 %, 0 %, 35270 MiB, 38.01 W
2026/09/20 14:29:52.461, 0, 0 %, 0 %, 35270 MiB, 39.39 W
2026/09/20 14:29:52.461, 1, 0 %, 0 %, 35270 MiB, 39.53 W
2026/09/20 14:29:52.461, 2, 0 %, 0 %, 35270 MiB, 38.17 W
2026/09/20 14:29:57.462, 0, 0 %, 0 %, 35270 MiB, 39.47 W
2026/09/20 14:29:57.463, 1, 0 %, 0 %, 35270 MiB, 39.63 W
2026/09/20 14:29:57.463, 2, 0 %, 0 %, 35270 MiB, 38.07 W
2026/09/20 14:30:02.464, 0, 0 %, 0 %, 35270 MiB, 39.58 W
2026/09/20 14:30:02.464, 1, 0 %, 0 %, 35270 MiB, 39.35 W
2026/09/20 14:30:02.465, 2, 0 %, 0 %, 35270 MiB, 37.66 W
2026/09/20 14:30:07.466, 0, 0 %, 0 %, 35270 MiB, 39.39 W
2026/09/20 14:30:07.466, 1, 0 %, 0 %, 35270 MiB, 39.16 W
2026/09/20 14:30:07.466, 2, 0 %, 0 %, 35270 MiB, 37.49 W
2026/09/20 14:30:12.468, 0, 0 %, 0 %, 35270 MiB, 39.35 W
2026/09/20 14:30:12.468, 1, 0 %, 0 %, 35270 MiB, 39.02 W
2026/09/20 14:30:12.469, 2, 0 %, 0 %, 35270 MiB, 37.64 W
2026/09/20 14:30:17.470, 0, 0 %, 0 %, 35270 MiB, 39.24 W
2026/09/20 14:30:17.471, 1, 0 %, 0 %, 35270 MiB, 39.02 W
2026/09/20 14:30:17.471, 2, 0 %, 0 %, 35270 MiB, 37.44 W
2026/09/20 14:30:22.473, 0, 0 %, 0 %, 35270 MiB, 39.28 W
2026/09/20 14:30:22.473, 1, 0 %, 0 %, 35270 MiB, 39.05 W
2026/09/20 14:30:22.474, 2, 0 %, 0 %, 35270 MiB, 37.37 W
2026/09/20 14:30:27.474, 0, 0 %, 0 %, 35270 MiB, 39.35 W
2026/09/20 14:30:27.475, 1, 0 %, 0 %, 35270 MiB, 39.02 W
2026/09/20 14:30:27.475, 2, 0 %, 0 %, 35270 MiB, 37.35 W
2026/09/20 14:30:32.476, 0, 0 %, 0 %, 35270 MiB, 39.47 W
2026/09/20 14:30:32.476, 1, 0 %, 0 %, 35270 MiB, 39.24 W
2026/09/20 14:30:32.477, 2, 0 %, 0 %, 35270 MiB, 37.46 W
2026/09/20 14:30:37.478, 0, 0 %, 0 %, 35270 MiB, 39.36 W
2026/09/20 14:30:37.479, 1, 0 %, 0 %, 35270 MiB, 39.04 W
2026/09/20 14:30:37.479, 2, 0 %, 0 %, 35270 MiB, 37.36 W
2026/09/20 14:30:42.480, 0, 0 %, 0 %, 35270 MiB, 39.26 W
2026/09/20 14:30:42.481, 1, 0 %, 0 %, 35270 MiB, 38.83 W
2026/09/20 14:30:42.481, 2, 0 %, 0 %, 35270 MiB, 37.44 W
2026/09/20 14:30:47.482, 0, 0 %, 0 %, 35270 MiB, 39.25 W
2026/09/20 14:30:47.482, 1, 0 %, 0 %, 35270 MiB, 38.83 W
2026/09/20 14:30:47.483, 2, 0 %, 0 %, 35270 MiB, 37.44 W
2026/09/20 14:30:52.484, 0, 0 %, 0 %, 35270 MiB, 39.46 W
2026/09/20 14:30:52.484, 1, 0 %, 0 %, 35270 MiB, 38.92 W
2026/09/20 14:30:52.485, 2, 0 %, 0 %, 35270 MiB, 37.46 W
2026/09/20 14:30:57.486, 0, 0 %, 0 %, 35270 MiB, 39.25 W
2026/09/20 14:30:57.487, 1, 0 %, 0 %, 35270 MiB, 38.83 W
2026/09/20 14:30:57.487, 2, 0 %, 0 %, 35270 MiB, 37.44 W
2026/09/20 14:31:02.488, 0, 0 %, 0 %, 35270 MiB, 39.06 W
2026/09/20 14:31:02.489, 1, 0 %, 0 %, 35270 MiB, 38.92 W
2026/09/20 14:31:02.489, 2, 0 %, 0 %, 35270 MiB, 37.44 W
2026/09/20 14:31:07.491, 0, 0 %, 0 %, 35270 MiB, 39.06 W
2026/09/20 14:31:07.492, 1, 0 %, 0 %, 35270 MiB, 39.02 W
2026/09/20 14:31:07.492, 2, 0 %, 0 %, 35270 MiB, 37.24 W
2026/09/20 14:31:12.493, 0, 0 %, 0 %, 35270 MiB, 39.18 W
2026/09/20 14:31:12.493, 1, 0 %, 0 %, 35270 MiB, 38.85 W
2026/09/20 14:31:12.493, 2, 0 %, 0 %, 35270 MiB, 37.25 W
2026/09/20 14:31:17.502, 0, 0 %, 0 %, 35270 MiB, 39.07 W
2026/09/20 14:31:17.503, 1, 0 %, 0 %, 35270 MiB, 38.83 W
2026/09/20 14:31:17.503, 2, 0 %, 0 %, 35270 MiB, 37.25 W
2026/09/20 14:31:22.503, 0, 0 %, 0 %, 35270 MiB, 39.08 W
2026/09/20 14:31:22.504, 1, 0 %, 0 %, 35270 MiB, 38.85 W
2026/09/20 14:31:22.504, 2, 0 %, 0 %, 35270 MiB, 37.47 W
2026/09/20 14:31:27.504, 0, 0 %, 0 %, 35270 MiB, 39.19 W
2026/09/20 14:31:27.505, 1, 0 %, 0 %, 35270 MiB, 38.95 W
2026/09/20 14:31:27.505, 2, 0 %, 0 %, 35270 MiB, 37.37 W
2026/09/20 14:31:32.505, 0, 0 %, 0 %, 35270 MiB, 39.17 W
2026/09/20 14:31:32.506, 1, 0 %, 0 %, 35270 MiB, 38.83 W
2026/09/20 14:31:32.506, 2, 0 %, 0 %, 35270 MiB, 37.26 W
2026/09/20 14:31:37.507, 0, 0 %, 0 %, 35270 MiB, 39.07 W
2026/09/20 14:31:37.507, 1, 0 %, 0 %, 35270 MiB, 38.93 W
2026/09/20 14:31:37.508, 2, 0 %, 0 %, 35270 MiB, 37.24 W
2026/09/20 14:31:42.508, 0, 0 %, 0 %, 35270 MiB, 39.17 W
2026/09/20 14:31:42.509, 1, 0 %, 0 %, 35270 MiB, 38.94 W
2026/09/20 14:31:42.509, 2, 0 %, 0 %, 35270 MiB, 37.46 W
2026/09/20 14:31:47.510, 0, 0 %, 0 %, 35270 MiB, 39.25 W
2026/09/20 14:31:47.511, 1, 0 %, 0 %, 35270 MiB, 38.63 W
2026/09/20 14:31:47.511, 2, 0 %, 0 %, 35270 MiB, 37.24 W
2026/09/20 14:31:52.512, 0, 0 %, 0 %, 35270 MiB, 39.25 W
2026/09/20 14:31:52.512, 1, 0 %, 0 %, 35270 MiB, 38.63 W
2026/09/20 14:31:52.513, 2, 0 %, 0 %, 35270 MiB, 37.24 W
2026/09/20 14:31:57.514, 0, 0 %, 0 %, 35270 MiB, 39.16 W
2026/09/20 14:31:57.514, 1, 0 %, 0 %, 35270 MiB, 38.63 W
2026/09/20 14:31:57.515, 2, 0 %, 0 %, 35270 MiB, 37.35 W
2026/09/20 14:32:02.516, 0, 0 %, 0 %, 35270 MiB, 39.07 W
2026/09/20 14:32:02.516, 1, 0 %, 0 %, 35270 MiB, 38.75 W
2026/09/20 14:32:02.516, 2, 0 %, 0 %, 35270 MiB, 37.44 W
2026/09/20 14:32:07.517, 0, 0 %, 0 %, 35270 MiB, 39.08 W
2026/09/20 14:32:07.517, 1, 0 %, 0 %, 35270 MiB, 38.65 W
2026/09/20 14:32:07.518, 2, 0 %, 0 %, 35270 MiB, 37.46 W
2026/09/20 14:32:12.518, 0, 0 %, 0 %, 35270 MiB, 39.08 W
2026/09/20 14:32:12.519, 1, 0 %, 0 %, 35270 MiB, 38.65 W
2026/09/20 14:32:12.519, 2, 0 %, 0 %, 35270 MiB, 37.37 W
2026/09/20 14:32:17.519, 0, 0 %, 0 %, 35270 MiB, 38.68 W
2026/09/20 14:32:17.520, 1, 0 %, 0 %, 35270 MiB, 38.75 W
2026/09/20 14:32:17.520, 2, 0 %, 0 %, 35270 MiB, 37.26 W
2026/09/20 14:32:22.520, 0, 0 %, 0 %, 35270 MiB, 38.59 W
2026/09/20 14:32:22.521, 1, 0 %, 0 %, 35270 MiB, 38.75 W
2026/09/20 14:32:22.521, 2, 0 %, 0 %, 35270 MiB, 37.37 W
2026/09/20 14:32:27.522, 0, 0 %, 0 %, 35270 MiB, 39.06 W
2026/09/20 14:32:27.522, 1, 0 %, 0 %, 35270 MiB, 38.73 W
2026/09/20 14:32:27.523, 2, 0 %, 0 %, 35270 MiB, 37.24 W
2026/09/20 14:32:32.523, 0, 0 %, 0 %, 35270 MiB, 39.09 W
2026/09/20 14:32:32.524, 1, 0 %, 0 %, 35270 MiB, 38.77 W
2026/09/20 14:32:32.524, 2, 0 %, 0 %, 35270 MiB, 37.29 W
2026/09/20 14:32:37.525, 0, 0 %, 0 %, 35270 MiB, 39.06 W
2026/09/20 14:32:37.525, 1, 0 %, 0 %, 35270 MiB, 39.72 W
2026/09/20 14:32:37.525, 2, 0 %, 0 %, 35270 MiB, 37.85 W
2026/09/20 14:32:42.526, 0, 0 %, 0 %, 35270 MiB, 39.19 W
2026/09/20 14:32:42.527, 1, 0 %, 0 %, 35270 MiB, 38.76 W
2026/09/20 14:32:42.527, 2, 0 %, 0 %, 35270 MiB, 37.26 W
2026/09/20 14:32:47.527, 0, 0 %, 0 %, 35270 MiB, 39.08 W
2026/09/20 14:32:47.528, 1, 0 %, 0 %, 35270 MiB, 38.65 W
2026/09/20 14:32:47.528, 2, 0 %, 0 %, 35270 MiB, 37.26 W
2026/09/20 14:32:52.529, 0, 0 %, 0 %, 35270 MiB, 39.21 W
2026/09/20 14:32:52.529, 1, 0 %, 0 %, 35270 MiB, 38.97 W
2026/09/20 14:32:52.530, 2, 0 %, 0 %, 35270 MiB, 37.27 W
2026/09/20 14:32:57.531, 0, 0 %, 0 %, 35270 MiB, 39.07 W
2026/09/20 14:32:57.531, 1, 0 %, 0 %, 35270 MiB, 38.64 W
2026/09/20 14:32:57.532, 2, 0 %, 0 %, 35270 MiB, 37.45 W
2026/09/20 14:33:02.533, 0, 0 %, 0 %, 35270 MiB, 39.28 W
2026/09/20 14:33:02.534, 1, 0 %, 0 %, 35270 MiB, 38.44 W
2026/09/20 14:33:02.534, 2, 0 %, 0 %, 35270 MiB, 37.25 W
2026/09/20 14:33:07.535, 0, 0 %, 0 %, 35270 MiB, 39.12 W
2026/09/20 14:33:07.535, 1, 0 %, 0 %, 35270 MiB, 38.56 W
2026/09/20 14:33:07.535, 2, 0 %, 0 %, 35270 MiB, 37.37 W
2026/09/20 14:33:12.536, 0, 0 %, 0 %, 35270 MiB, 39.00 W
2026/09/20 14:33:12.537, 1, 0 %, 0 %, 35270 MiB, 38.57 W
2026/09/20 14:33:12.537, 2, 0 %, 0 %, 35270 MiB, 37.39 W
2026/09/20 14:33:17.537, 0, 0 %, 0 %, 35270 MiB, 38.62 W
2026/09/20 14:33:17.538, 1, 0 %, 0 %, 35270 MiB, 38.58 W
2026/09/20 14:33:17.538, 2, 0 %, 0 %, 35270 MiB, 37.39 W
2026/09/20 14:33:22.539, 0, 0 %, 0 %, 35270 MiB, 38.71 W
2026/09/20 14:33:22.539, 1, 0 %, 0 %, 35270 MiB, 38.49 W
2026/09/20 14:33:22.539, 2, 0 %, 0 %, 35270 MiB, 37.09 W
2026/09/20 14:33:27.540, 0, 0 %, 0 %, 35270 MiB, 38.89 W
2026/09/20 14:33:27.541, 1, 0 %, 0 %, 35270 MiB, 38.65 W
2026/09/20 14:33:27.541, 2, 0 %, 0 %, 35270 MiB, 37.17 W
2026/09/20 14:33:32.541, 0, 0 %, 0 %, 35270 MiB, 38.86 W
2026/09/20 14:33:32.541, 1, 0 %, 0 %, 35270 MiB, 38.56 W
2026/09/20 14:33:32.541, 2, 0 %, 0 %, 35270 MiB, 37.15 W
2026/09/20 14:33:37.542, 0, 0 %, 0 %, 35270 MiB, 38.99 W
2026/09/20 14:33:37.543, 1, 0 %, 0 %, 35270 MiB, 38.56 W
2026/09/20 14:33:37.543, 2, 0 %, 0 %, 35270 MiB, 37.16 W
2026/09/20 14:33:42.543, 0, 0 %, 0 %, 35270 MiB, 38.91 W
2026/09/20 14:33:42.544, 1, 0 %, 0 %, 35270 MiB, 38.58 W
2026/09/20 14:33:42.544, 2, 0 %, 0 %, 35270 MiB, 37.09 W
2026/09/20 14:33:47.555, 0, 0 %, 0 %, 35270 MiB, 39.00 W
2026/09/20 14:33:47.555, 1, 0 %, 0 %, 35270 MiB, 38.68 W
2026/09/20 14:33:47.555, 2, 0 %, 0 %, 35270 MiB, 37.09 W
2026/09/20 14:33:52.557, 0, 0 %, 0 %, 35270 MiB, 38.97 W
2026/09/20 14:33:52.557, 1, 0 %, 0 %, 35270 MiB, 38.56 W
2026/09/20 14:33:52.558, 2, 0 %, 0 %, 35270 MiB, 37.37 W
2026/09/20 14:33:57.558, 0, 0 %, 0 %, 35270 MiB, 39.17 W
2026/09/20 14:33:57.559, 1, 0 %, 0 %, 35270 MiB, 38.63 W
2026/09/20 14:33:57.559, 2, 0 %, 0 %, 35270 MiB, 37.24 W
2026/09/20 14:34:02.569, 0, 0 %, 0 %, 35270 MiB, 39.07 W
2026/09/20 14:34:02.570, 1, 0 %, 0 %, 35270 MiB, 38.64 W
2026/09/20 14:34:02.570, 2, 0 %, 0 %, 35270 MiB, 37.14 W
2026/09/20 14:34:07.571, 0, 0 %, 0 %, 35270 MiB, 39.07 W
2026/09/20 14:34:07.572, 1, 0 %, 0 %, 35270 MiB, 38.35 W
2026/09/20 14:34:07.572, 2, 0 %, 0 %, 35270 MiB, 37.24 W
2026/09/20 14:34:12.572, 0, 0 %, 0 %, 35270 MiB, 39.02 W
2026/09/20 14:34:12.573, 1, 0 %, 0 %, 35270 MiB, 38.40 W
2026/09/20 14:34:12.573, 2, 0 %, 0 %, 35270 MiB, 37.49 W
2026/09/20 14:34:17.574, 0, 0 %, 0 %, 35270 MiB, 39.09 W
2026/09/20 14:34:17.574, 1, 0 %, 0 %, 35270 MiB, 38.37 W
2026/09/20 14:34:17.575, 2, 0 %, 0 %, 35270 MiB, 37.18 W
2026/09/20 14:34:22.575, 0, 0 %, 0 %, 35270 MiB, 38.89 W
2026/09/20 14:34:22.576, 1, 0 %, 0 %, 35270 MiB, 38.65 W
2026/09/20 14:34:22.576, 2, 0 %, 0 %, 35270 MiB, 37.27 W
2026/09/20 14:34:27.577, 0, 0 %, 0 %, 35270 MiB, 38.85 W
2026/09/20 14:34:27.578, 1, 0 %, 0 %, 35270 MiB, 38.42 W
2026/09/20 14:34:27.578, 2, 0 %, 0 %, 35270 MiB, 37.14 W
2026/09/20 14:34:32.579, 0, 0 %, 0 %, 35270 MiB, 38.97 W
2026/09/20 14:34:32.580, 1, 0 %, 0 %, 35270 MiB, 38.44 W
2026/09/20 14:34:32.580, 2, 0 %, 0 %, 35270 MiB, 37.36 W
2026/09/20 14:34:37.580, 0, 0 %, 0 %, 35270 MiB, 38.91 W
2026/09/20 14:34:37.581, 1, 0 %, 0 %, 35270 MiB, 38.56 W
2026/09/20 14:34:37.581, 2, 0 %, 0 %, 35270 MiB, 37.16 W
2026/09/20 14:34:42.582, 0, 0 %, 0 %, 35270 MiB, 38.91 W
2026/09/20 14:34:42.582, 1, 0 %, 0 %, 35270 MiB, 38.58 W
2026/09/20 14:34:42.582, 2, 0 %, 0 %, 35270 MiB, 37.18 W
2026/09/20 14:34:47.584, 0, 0 %, 0 %, 35270 MiB, 38.96 W
2026/09/20 14:34:47.584, 1, 0 %, 0 %, 35270 MiB, 38.53 W
2026/09/20 14:34:47.584, 2, 0 %, 0 %, 35270 MiB, 37.14 W
2026/09/20 14:34:52.586, 0, 0 %, 0 %, 35270 MiB, 38.96 W
2026/09/20 14:34:52.586, 1, 0 %, 0 %, 35270 MiB, 38.44 W
2026/09/20 14:34:52.587, 2, 0 %, 0 %, 35270 MiB, 37.25 W
2026/09/20 14:34:57.588, 0, 0 %, 0 %, 35270 MiB, 38.88 W
2026/09/20 14:34:57.589, 1, 0 %, 0 %, 35270 MiB, 38.56 W
2026/09/20 14:34:57.589, 2, 0 %, 0 %, 35270 MiB, 37.15 W
2026/09/20 14:35:02.589, 0, 0 %, 0 %, 35270 MiB, 38.99 W
2026/09/20 14:35:02.590, 1, 0 %, 0 %, 35270 MiB, 38.65 W
2026/09/20 14:35:02.590, 2, 0 %, 0 %, 35270 MiB, 37.16 W
2026/09/20 14:35:07.591, 0, 0 %, 0 %, 35270 MiB, 38.95 W
2026/09/20 14:35:07.591, 1, 0 %, 0 %, 35270 MiB, 38.33 W
2026/09/20 14:35:07.591, 2, 0 %, 0 %, 35270 MiB, 37.34 W
2026/09/20 14:35:12.593, 0, 0 %, 0 %, 35270 MiB, 39.06 W
2026/09/20 14:35:12.594, 1, 0 %, 0 %, 35270 MiB, 38.33 W
2026/09/20 14:35:12.594, 2, 0 %, 0 %, 35270 MiB, 37.14 W
2026/09/20 14:35:17.595, 0, 0 %, 0 %, 35270 MiB, 38.99 W
2026/09/20 14:35:17.595, 1, 0 %, 0 %, 35270 MiB, 38.46 W
2026/09/20 14:35:17.595, 2, 0 %, 0 %, 35270 MiB, 37.17 W
2026/09/20 14:35:22.596, 0, 0 %, 0 %, 35270 MiB, 38.94 W
2026/09/20 14:35:22.596, 1, 0 %, 0 %, 35270 MiB, 38.32 W
2026/09/20 14:35:22.596, 2, 0 %, 0 %, 35270 MiB, 37.13 W
2026/09/20 14:35:27.597, 0, 0 %, 0 %, 35270 MiB, 38.77 W
2026/09/20 14:35:27.598, 1, 0 %, 0 %, 35270 MiB, 38.23 W
2026/09/20 14:35:27.598, 2, 0 %, 0 %, 35270 MiB, 37.46 W
2026/09/20 14:35:32.606, 0, 0 %, 0 %, 35270 MiB, 38.89 W
2026/09/20 14:35:32.606, 1, 0 %, 0 %, 35270 MiB, 38.25 W
2026/09/20 14:35:32.606, 2, 0 %, 0 %, 35270 MiB, 37.26 W
2026/09/20 14:35:37.608, 0, 0 %, 0 %, 35270 MiB, 38.75 W
2026/09/20 14:35:37.608, 1, 0 %, 0 %, 35270 MiB, 38.42 W
2026/09/20 14:35:37.608, 2, 0 %, 0 %, 35270 MiB, 36.92 W
2026/09/20 14:35:42.610, 0, 0 %, 0 %, 35270 MiB, 38.75 W
2026/09/20 14:35:42.611, 1, 0 %, 0 %, 35270 MiB, 38.23 W
2026/09/20 14:35:42.611, 2, 0 %, 0 %, 35270 MiB, 36.93 W
2026/09/20 14:35:47.612, 0, 0 %, 0 %, 35270 MiB, 38.74 W
2026/09/20 14:35:47.612, 1, 0 %, 0 %, 35270 MiB, 38.22 W
2026/09/20 14:35:47.613, 2, 0 %, 0 %, 35270 MiB, 37.13 W
2026/09/20 14:35:52.614, 0, 0 %, 0 %, 35270 MiB, 38.77 W
2026/09/20 14:35:52.615, 1, 0 %, 0 %, 35270 MiB, 38.45 W
2026/09/20 14:35:52.615, 2, 0 %, 0 %, 35270 MiB, 36.96 W
2026/09/20 14:35:57.615, 0, 0 %, 0 %, 35270 MiB, 38.69 W
2026/09/20 14:35:57.616, 1, 0 %, 0 %, 35270 MiB, 38.27 W
2026/09/20 14:35:57.616, 2, 0 %, 0 %, 35270 MiB, 36.98 W
2026/09/20 14:36:02.616, 0, 0 %, 0 %, 35270 MiB, 39.18 W
2026/09/20 14:36:02.617, 1, 0 %, 0 %, 35270 MiB, 38.35 W
2026/09/20 14:36:02.617, 2, 0 %, 0 %, 35270 MiB, 37.06 W
2026/09/20 14:36:07.618, 0, 0 %, 0 %, 35270 MiB, 39.06 W
2026/09/20 14:36:07.619, 1, 0 %, 0 %, 35270 MiB, 38.44 W
2026/09/20 14:36:07.619, 2, 0 %, 0 %, 35270 MiB, 37.15 W
2026/09/20 14:36:12.620, 0, 0 %, 0 %, 35270 MiB, 38.95 W
2026/09/20 14:36:12.621, 1, 0 %, 0 %, 35270 MiB, 38.33 W
2026/09/20 14:36:12.621, 2, 0 %, 0 %, 35270 MiB, 37.14 W
2026/09/20 14:36:17.622, 0, 0 %, 0 %, 35270 MiB, 38.96 W
2026/09/20 14:36:17.623, 1, 0 %, 0 %, 35270 MiB, 38.23 W
2026/09/20 14:36:17.623, 2, 0 %, 0 %, 35270 MiB, 37.14 W
2026/09/20 14:36:22.628, 0, 0 %, 0 %, 35270 MiB, 38.97 W
2026/09/20 14:36:22.629, 1, 0 %, 0 %, 35270 MiB, 38.26 W
2026/09/20 14:36:22.629, 2, 0 %, 0 %, 35270 MiB, 37.27 W
2026/09/20 14:36:27.629, 0, 0 %, 0 %, 35270 MiB, 38.99 W
2026/09/20 14:36:27.630, 1, 0 %, 0 %, 35270 MiB, 38.15 W
2026/09/20 14:36:27.630, 2, 0 %, 0 %, 35270 MiB, 37.15 W
2026/09/20 14:36:32.631, 0, 0 %, 0 %, 35270 MiB, 38.75 W
2026/09/20 14:36:32.632, 1, 0 %, 0 %, 35270 MiB, 38.23 W
2026/09/20 14:36:32.632, 2, 0 %, 0 %, 35270 MiB, 37.25 W
2026/09/20 14:36:37.638, 0, 0 %, 0 %, 35270 MiB, 38.75 W
2026/09/20 14:36:37.638, 1, 0 %, 0 %, 35270 MiB, 38.23 W
2026/09/20 14:36:37.638, 2, 0 %, 0 %, 35270 MiB, 37.14 W
2026/09/20 14:36:42.638, 0, 0 %, 0 %, 35270 MiB, 38.86 W
2026/09/20 14:36:42.639, 1, 0 %, 0 %, 35270 MiB, 38.44 W
2026/09/20 14:36:42.639, 2, 0 %, 0 %, 35270 MiB, 37.23 W
2026/09/20 14:36:47.640, 0, 0 %, 0 %, 35270 MiB, 38.96 W
2026/09/20 14:36:47.641, 1, 0 %, 0 %, 35270 MiB, 38.63 W
2026/09/20 14:36:47.641, 2, 0 %, 0 %, 35270 MiB, 37.06 W
2026/09/20 14:36:52.642, 0, 0 %, 0 %, 35270 MiB, 38.87 W
2026/09/20 14:36:52.643, 1, 0 %, 0 %, 35270 MiB, 38.34 W
2026/09/20 14:36:52.643, 2, 0 %, 0 %, 35270 MiB, 37.15 W
2026/09/20 14:36:57.644, 0, 0 %, 0 %, 35270 MiB, 38.78 W
2026/09/20 14:36:57.644, 1, 0 %, 0 %, 35270 MiB, 38.35 W
2026/09/20 14:36:57.644, 2, 0 %, 0 %, 35270 MiB, 37.16 W
2026/09/20 14:37:02.645, 0, 0 %, 0 %, 35270 MiB, 38.86 W
2026/09/20 14:37:02.646, 1, 0 %, 0 %, 35270 MiB, 38.44 W
2026/09/20 14:37:02.646, 2, 0 %, 0 %, 35270 MiB, 37.25 W
2026/09/20 14:37:07.647, 0, 0 %, 0 %, 35270 MiB, 38.96 W
2026/09/20 14:37:07.647, 1, 0 %, 0 %, 35270 MiB, 38.43 W
2026/09/20 14:37:07.648, 2, 0 %, 0 %, 35270 MiB, 37.14 W
2026/09/20 14:37:12.648, 0, 0 %, 0 %, 35270 MiB, 38.91 W
2026/09/20 14:37:12.649, 1, 0 %, 0 %, 35270 MiB, 38.38 W
2026/09/20 14:37:12.649, 2, 0 %, 0 %, 35270 MiB, 37.18 W
2026/09/20 14:37:17.650, 0, 0 %, 0 %, 35270 MiB, 38.87 W
2026/09/20 14:37:17.650, 1, 0 %, 0 %, 35270 MiB, 38.44 W
2026/09/20 14:37:17.650, 2, 0 %, 0 %, 35270 MiB, 37.14 W
2026/09/20 14:37:22.652, 0, 0 %, 0 %, 35270 MiB, 38.86 W
2026/09/20 14:37:22.652, 1, 0 %, 0 %, 35270 MiB, 38.23 W
2026/09/20 14:37:22.653, 2, 0 %, 0 %, 35270 MiB, 37.14 W
2026/09/20 14:37:27.653, 0, 0 %, 0 %, 35270 MiB, 38.89 W
2026/09/20 14:37:27.654, 1, 0 %, 0 %, 35270 MiB, 38.06 W
2026/09/20 14:37:27.654, 2, 0 %, 0 %, 35270 MiB, 37.17 W
2026/09/20 14:37:32.655, 0, 0 %, 0 %, 35270 MiB, 38.76 W
2026/09/20 14:37:32.656, 1, 0 %, 0 %, 35270 MiB, 38.03 W
2026/09/20 14:37:32.656, 2, 0 %, 0 %, 35270 MiB, 37.14 W
2026/09/20 14:37:37.656, 0, 0 %, 0 %, 35270 MiB, 38.78 W
2026/09/20 14:37:37.657, 1, 0 %, 0 %, 35270 MiB, 38.06 W
2026/09/20 14:37:37.657, 2, 0 %, 0 %, 35270 MiB, 37.36 W
2026/09/20 14:37:42.658, 0, 0 %, 0 %, 35270 MiB, 38.86 W
2026/09/20 14:37:42.658, 1, 0 %, 0 %, 35270 MiB, 38.23 W
2026/09/20 14:37:42.659, 2, 0 %, 0 %, 35270 MiB, 37.14 W
2026/09/20 14:37:47.660, 0, 0 %, 0 %, 35270 MiB, 39.17 W
2026/09/20 14:37:47.661, 1, 0 %, 0 %, 35270 MiB, 38.63 W
2026/09/20 14:37:47.661, 2, 0 %, 0 %, 35270 MiB, 37.35 W
2026/09/20 14:37:52.661, 0, 0 %, 0 %, 35270 MiB, 38.79 W
2026/09/20 14:37:52.662, 1, 0 %, 0 %, 35270 MiB, 38.26 W
2026/09/20 14:37:52.662, 2, 0 %, 0 %, 35270 MiB, 36.98 W
2026/09/20 14:37:57.663, 0, 0 %, 0 %, 35270 MiB, 38.86 W
2026/09/20 14:37:57.663, 1, 0 %, 0 %, 35270 MiB, 38.44 W
2026/09/20 14:37:57.663, 2, 0 %, 0 %, 35270 MiB, 37.24 W
2026/09/20 14:38:02.665, 0, 0 %, 0 %, 35270 MiB, 39.06 W
2026/09/20 14:38:02.665, 1, 0 %, 0 %, 35270 MiB, 38.34 W
2026/09/20 14:38:02.665, 2, 0 %, 0 %, 35270 MiB, 37.14 W
2026/09/20 14:38:07.667, 0, 0 %, 0 %, 35270 MiB, 38.86 W
2026/09/20 14:38:07.668, 1, 0 %, 0 %, 35270 MiB, 38.23 W
2026/09/20 14:38:07.668, 2, 0 %, 0 %, 35270 MiB, 37.04 W
2026/09/20 14:38:12.669, 0, 0 %, 0 %, 35270 MiB, 38.86 W
2026/09/20 14:38:12.669, 1, 0 %, 0 %, 35270 MiB, 38.33 W
2026/09/20 14:38:12.670, 2, 0 %, 0 %, 35270 MiB, 37.03 W
2026/09/20 14:38:17.670, 0, 0 %, 0 %, 35270 MiB, 38.81 W
2026/09/20 14:38:17.671, 1, 0 %, 0 %, 35270 MiB, 38.38 W
2026/09/20 14:38:17.671, 2, 0 %, 0 %, 35270 MiB, 37.18 W
2026/09/20 14:38:22.671, 0, 0 %, 0 %, 35270 MiB, 38.97 W
2026/09/20 14:38:22.672, 1, 0 %, 0 %, 35270 MiB, 38.25 W
2026/09/20 14:38:22.672, 2, 0 %, 0 %, 35270 MiB, 37.15 W
2026/09/20 14:38:27.673, 0, 0 %, 0 %, 35270 MiB, 38.97 W
2026/09/20 14:38:27.674, 1, 0 %, 0 %, 35270 MiB, 38.35 W
2026/09/20 14:38:27.674, 2, 0 %, 0 %, 35270 MiB, 37.15 W
2026/09/20 14:38:32.674, 0, 0 %, 0 %, 35270 MiB, 38.99 W
2026/09/20 14:38:32.675, 1, 0 %, 0 %, 35270 MiB, 38.35 W
2026/09/20 14:38:32.675, 2, 0 %, 0 %, 35270 MiB, 37.18 W
2026/09/20 14:38:37.675, 0, 0 %, 0 %, 35270 MiB, 39.17 W
2026/09/20 14:38:37.676, 1, 0 %, 0 %, 35270 MiB, 38.25 W
2026/09/20 14:38:37.676, 2, 0 %, 0 %, 35270 MiB, 37.25 W
2026/09/20 14:38:42.677, 0, 0 %, 0 %, 35270 MiB, 38.96 W
2026/09/20 14:38:42.677, 1, 0 %, 0 %, 35270 MiB, 38.13 W
2026/09/20 14:38:42.678, 2, 0 %, 0 %, 35270 MiB, 37.14 W
2026/09/20 14:38:47.679, 0, 0 %, 0 %, 35270 MiB, 38.78 W
2026/09/20 14:38:47.679, 1, 0 %, 0 %, 35270 MiB, 38.25 W
2026/09/20 14:38:47.680, 2, 0 %, 0 %, 35270 MiB, 37.16 W
2026/09/20 14:38:52.680, 0, 0 %, 0 %, 35270 MiB, 38.78 W
2026/09/20 14:38:52.681, 1, 0 %, 0 %, 35270 MiB, 38.25 W
2026/09/20 14:38:52.681, 2, 0 %, 0 %, 35270 MiB, 37.27 W
2026/09/20 14:38:57.682, 0, 0 %, 0 %, 35270 MiB, 38.87 W
2026/09/20 14:38:57.682, 1, 0 %, 0 %, 35270 MiB, 38.13 W
2026/09/20 14:38:57.682, 2, 0 %, 0 %, 35270 MiB, 37.05 W
2026/09/20 14:39:02.684, 0, 0 %, 0 %, 35270 MiB, 38.76 W
2026/09/20 14:39:02.684, 1, 0 %, 0 %, 35270 MiB, 38.35 W
2026/09/20 14:39:02.685, 2, 0 %, 0 %, 35270 MiB, 36.96 W
2026/09/20 14:39:07.686, 0, 0 %, 0 %, 35270 MiB, 38.78 W
2026/09/20 14:39:07.687, 1, 0 %, 0 %, 35270 MiB, 38.15 W
2026/09/20 14:39:07.687, 2, 0 %, 0 %, 35270 MiB, 36.96 W
2026/09/20 14:39:12.687, 0, 0 %, 0 %, 35270 MiB, 38.80 W
2026/09/20 14:39:12.688, 1, 0 %, 0 %, 35270 MiB, 38.18 W
2026/09/20 14:39:12.688, 2, 0 %, 0 %, 35270 MiB, 37.18 W
2026/09/20 14:39:17.689, 0, 0 %, 0 %, 35270 MiB, 38.86 W
2026/09/20 14:39:17.689, 1, 0 %, 0 %, 35270 MiB, 38.24 W
2026/09/20 14:39:17.689, 2, 0 %, 0 %, 35270 MiB, 37.15 W
2026/09/20 14:39:22.691, 0, 0 %, 0 %, 35270 MiB, 38.76 W
2026/09/20 14:39:22.691, 1, 0 %, 0 %, 35270 MiB, 38.34 W
2026/09/20 14:39:22.692, 2, 0 %, 0 %, 35270 MiB, 37.04 W
2026/09/20 14:39:27.693, 0, 0 %, 0 %, 35270 MiB, 38.98 W
2026/09/20 14:39:27.694, 1, 0 %, 0 %, 35270 MiB, 38.94 W
2026/09/20 14:39:27.694, 2, 0 %, 0 %, 35270 MiB, 37.06 W
2026/09/20 14:39:32.695, 0, 0 %, 0 %, 35270 MiB, 39.10 W
2026/09/20 14:39:32.695, 1, 0 %, 0 %, 35270 MiB, 38.36 W
2026/09/20 14:39:32.696, 2, 0 %, 0 %, 35270 MiB, 37.26 W
2026/09/20 14:39:37.696, 0, 0 %, 0 %, 35270 MiB, 38.96 W
2026/09/20 14:39:37.697, 1, 0 %, 0 %, 35270 MiB, 38.24 W
2026/09/20 14:39:37.697, 2, 0 %, 0 %, 35270 MiB, 37.25 W
2026/09/20 14:39:42.698, 0, 0 %, 0 %, 35270 MiB, 38.96 W
2026/09/20 14:39:42.698, 1, 0 %, 0 %, 35270 MiB, 38.13 W
2026/09/20 14:39:42.699, 2, 0 %, 0 %, 35270 MiB, 37.14 W
2026/09/20 14:39:47.700, 0, 0 %, 0 %, 35270 MiB, 38.86 W
2026/09/20 14:39:47.700, 1, 0 %, 0 %, 35270 MiB, 38.23 W
2026/09/20 14:39:47.701, 2, 0 %, 0 %, 35270 MiB, 37.14 W
2026/09/20 14:39:52.701, 0, 0 %, 0 %, 35270 MiB, 38.85 W
2026/09/20 14:39:52.702, 1, 0 %, 0 %, 35270 MiB, 38.23 W
2026/09/20 14:39:52.702, 2, 0 %, 0 %, 35270 MiB, 37.24 W
2026/09/20 14:39:57.703, 0, 0 %, 0 %, 35270 MiB, 38.75 W
2026/09/20 14:39:57.703, 1, 0 %, 0 %, 35270 MiB, 38.23 W
2026/09/20 14:39:57.704, 2, 0 %, 0 %, 35270 MiB, 37.14 W
2026/09/20 14:40:02.705, 0, 0 %, 0 %, 35270 MiB, 38.80 W
2026/09/20 14:40:02.705, 1, 0 %, 0 %, 35270 MiB, 38.39 W
2026/09/20 14:40:02.706, 2, 0 %, 0 %, 35270 MiB, 37.08 W
2026/09/20 14:40:07.707, 0, 0 %, 0 %, 35270 MiB, 38.78 W
2026/09/20 14:40:07.708, 1, 0 %, 0 %, 35270 MiB, 38.28 W
2026/09/20 14:40:07.708, 2, 0 %, 0 %, 35270 MiB, 36.96 W
2026/09/20 14:40:12.708, 0, 0 %, 0 %, 35270 MiB, 38.90 W
2026/09/20 14:40:12.709, 1, 0 %, 0 %, 35270 MiB, 38.28 W
2026/09/20 14:40:12.709, 2, 0 %, 0 %, 35270 MiB, 37.18 W
2026/09/20 14:40:17.709, 0, 0 %, 0 %, 35270 MiB, 38.78 W
2026/09/20 14:40:17.710, 1, 0 %, 0 %, 35270 MiB, 38.15 W
2026/09/20 14:40:17.710, 2, 0 %, 0 %, 35270 MiB, 36.96 W
2026/09/20 14:40:22.711, 0, 0 %, 0 %, 35270 MiB, 38.85 W
2026/09/20 14:40:22.711, 1, 0 %, 0 %, 35270 MiB, 38.34 W
2026/09/20 14:40:22.711, 2, 0 %, 0 %, 35270 MiB, 37.14 W
2026/09/20 14:40:27.713, 0, 0 %, 0 %, 35270 MiB, 39.07 W
2026/09/20 14:40:27.714, 1, 0 %, 0 %, 35270 MiB, 38.35 W
2026/09/20 14:40:27.714, 2, 0 %, 0 %, 35270 MiB, 37.36 W
2026/09/20 14:40:32.715, 0, 0 %, 0 %, 35270 MiB, 38.85 W
2026/09/20 14:40:32.716, 1, 0 %, 0 %, 35270 MiB, 38.34 W
2026/09/20 14:40:32.716, 2, 0 %, 0 %, 35270 MiB, 37.14 W
2026/09/20 14:40:37.717, 0, 0 %, 0 %, 35270 MiB, 38.97 W
2026/09/20 14:40:37.718, 1, 0 %, 0 %, 35270 MiB, 38.54 W
2026/09/20 14:40:37.718, 2, 0 %, 0 %, 35270 MiB, 37.15 W
2026/09/20 14:40:42.719, 0, 0 %, 0 %, 35270 MiB, 38.91 W
2026/09/20 14:40:42.720, 1, 0 %, 0 %, 35270 MiB, 38.28 W
2026/09/20 14:40:42.720, 2, 0 %, 0 %, 35270 MiB, 37.18 W
2026/09/20 14:40:47.720, 0, 0 %, 0 %, 35270 MiB, 39.16 W
2026/09/20 14:40:47.721, 1, 0 %, 0 %, 35270 MiB, 38.35 W
2026/09/20 14:40:47.721, 2, 0 %, 0 %, 35270 MiB, 37.35 W
2026/09/20 14:40:52.722, 0, 0 %, 0 %, 35270 MiB, 39.07 W
2026/09/20 14:40:52.722, 1, 0 %, 0 %, 35270 MiB, 38.24 W
2026/09/20 14:40:52.722, 2, 0 %, 0 %, 35270 MiB, 37.15 W
2026/09/20 14:40:57.729, 0, 0 %, 0 %, 35270 MiB, 39.06 W
2026/09/20 14:40:57.729, 1, 0 %, 0 %, 35270 MiB, 38.44 W
2026/09/20 14:40:57.729, 2, 0 %, 0 %, 35270 MiB, 37.24 W
2026/09/20 14:41:02.730, 0, 0 %, 0 %, 35270 MiB, 38.99 W
2026/09/20 14:41:02.731, 1, 0 %, 0 %, 35270 MiB, 38.25 W
2026/09/20 14:41:02.731, 2, 0 %, 0 %, 35270 MiB, 37.25 W
2026/09/20 14:41:07.731, 0, 0 %, 0 %, 35270 MiB, 39.01 W
2026/09/20 14:41:07.732, 1, 0 %, 0 %, 35270 MiB, 38.28 W
2026/09/20 14:41:07.732, 2, 0 %, 0 %, 35270 MiB, 37.39 W
2026/09/20 14:41:12.733, 0, 0 %, 0 %, 35270 MiB, 39.07 W
2026/09/20 14:41:12.733, 1, 0 %, 0 %, 35270 MiB, 38.63 W
2026/09/20 14:41:12.733, 2, 0 %, 0 %, 35270 MiB, 37.15 W
2026/09/20 14:41:17.735, 0, 0 %, 0 %, 35270 MiB, 38.97 W
2026/09/20 14:41:17.735, 1, 0 %, 0 %, 35270 MiB, 38.44 W
2026/09/20 14:41:17.735, 2, 0 %, 0 %, 35270 MiB, 37.15 W
2026/09/20 14:41:22.737, 0, 0 %, 0 %, 35270 MiB, 39.18 W
2026/09/20 14:41:22.738, 1, 0 %, 0 %, 35270 MiB, 38.46 W
2026/09/20 14:41:22.738, 2, 0 %, 0 %, 35270 MiB, 37.15 W
2026/09/20 14:41:27.743, 0, 0 %, 0 %, 35270 MiB, 39.02 W
2026/09/20 14:41:27.744, 1, 0 %, 0 %, 35270 MiB, 38.38 W
2026/09/20 14:41:27.744, 2, 0 %, 0 %, 35270 MiB, 37.18 W
2026/09/20 14:41:32.744, 0, 0 %, 0 %, 35270 MiB, 38.99 W
2026/09/20 14:41:32.745, 1, 0 %, 0 %, 35270 MiB, 38.56 W
2026/09/20 14:41:32.745, 2, 0 %, 0 %, 35270 MiB, 37.16 W
2026/09/20 14:41:37.748, 0, 0 %, 0 %, 35270 MiB, 38.97 W
2026/09/20 14:41:37.748, 1, 0 %, 0 %, 35270 MiB, 38.53 W
2026/09/20 14:41:37.748, 2, 0 %, 0 %, 35270 MiB, 37.14 W
2026/09/20 14:41:42.750, 0, 0 %, 0 %, 35270 MiB, 39.16 W
2026/09/20 14:41:42.750, 1, 0 %, 0 %, 35270 MiB, 38.53 W
2026/09/20 14:41:42.750, 2, 0 %, 0 %, 35270 MiB, 37.44 W
2026/09/20 14:41:47.752, 0, 0 %, 0 %, 35270 MiB, 39.07 W
2026/09/20 14:41:47.753, 1, 0 %, 0 %, 35270 MiB, 38.64 W
2026/09/20 14:41:47.753, 2, 0 %, 0 %, 35270 MiB, 37.26 W
2026/09/20 14:41:52.754, 0, 0 %, 0 %, 35270 MiB, 39.08 W
2026/09/20 14:41:52.754, 1, 0 %, 0 %, 35270 MiB, 38.39 W
2026/09/20 14:41:52.755, 2, 0 %, 0 %, 35270 MiB, 37.17 W
2026/09/20 14:41:57.755, 0, 0 %, 0 %, 35270 MiB, 39.09 W
2026/09/20 14:41:57.756, 1, 0 %, 0 %, 35270 MiB, 38.46 W
2026/09/20 14:41:57.756, 2, 0 %, 0 %, 35270 MiB, 37.37 W
2026/09/20 14:42:02.757, 0, 0 %, 0 %, 35270 MiB, 39.26 W
2026/09/20 14:42:02.757, 1, 0 %, 0 %, 35270 MiB, 38.34 W
2026/09/20 14:42:02.758, 2, 0 %, 0 %, 35270 MiB, 37.36 W
2026/09/20 14:42:07.758, 0, 0 %, 0 %, 35270 MiB, 39.07 W
2026/09/20 14:42:07.759, 1, 0 %, 0 %, 35270 MiB, 38.46 W
2026/09/20 14:42:07.759, 2, 0 %, 0 %, 35270 MiB, 37.36 W
2026/09/20 14:42:12.759, 0, 0 %, 0 %, 35270 MiB, 39.01 W
2026/09/20 14:42:12.759, 1, 0 %, 0 %, 35270 MiB, 38.49 W
2026/09/20 14:42:12.760, 2, 0 %, 0 %, 35270 MiB, 37.38 W
2026/09/20 14:42:17.760, 0, 0 %, 0 %, 35270 MiB, 39.22 W
2026/09/20 14:42:17.761, 1, 0 %, 0 %, 35270 MiB, 38.39 W
2026/09/20 14:42:17.761, 2, 0 %, 0 %, 35270 MiB, 37.39 W
2026/09/20 14:42:22.762, 0, 0 %, 0 %, 35270 MiB, 39.10 W
2026/09/20 14:42:22.762, 1, 0 %, 0 %, 35270 MiB, 38.56 W
2026/09/20 14:42:22.762, 2, 0 %, 0 %, 35270 MiB, 37.16 W
2026/09/20 14:42:27.763, 0, 0 %, 0 %, 35270 MiB, 39.00 W
2026/09/20 14:42:27.764, 1, 0 %, 0 %, 35270 MiB, 38.58 W
2026/09/20 14:42:27.764, 2, 0 %, 0 %, 35270 MiB, 37.28 W
2026/09/20 14:42:32.765, 0, 0 %, 0 %, 35270 MiB, 39.11 W
2026/09/20 14:42:32.765, 1, 0 %, 0 %, 35270 MiB, 38.58 W
2026/09/20 14:42:32.766, 2, 0 %, 0 %, 35270 MiB, 37.26 W
2026/09/20 14:42:37.767, 0, 0 %, 0 %, 35270 MiB, 39.29 W
2026/09/20 14:42:37.767, 1, 0 %, 0 %, 35270 MiB, 38.56 W
2026/09/20 14:42:37.768, 2, 0 %, 0 %, 35270 MiB, 37.46 W
2026/09/20 14:42:42.768, 0, 0 %, 0 %, 35270 MiB, 39.57 W
2026/09/20 14:42:42.769, 1, 0 %, 0 %, 35270 MiB, 38.75 W
2026/09/20 14:42:42.769, 2, 0 %, 0 %, 35270 MiB, 37.27 W
2026/09/20 14:42:47.770, 0, 0 %, 0 %, 35270 MiB, 39.18 W
2026/09/20 14:42:47.770, 1, 0 %, 0 %, 35270 MiB, 38.65 W
2026/09/20 14:42:47.771, 2, 0 %, 0 %, 35270 MiB, 37.37 W
2026/09/20 14:42:52.772, 0, 0 %, 0 %, 35270 MiB, 39.26 W
2026/09/20 14:42:52.772, 1, 0 %, 0 %, 35270 MiB, 38.53 W
2026/09/20 14:42:52.772, 2, 0 %, 0 %, 35270 MiB, 37.35 W
2026/09/20 14:42:57.774, 0, 0 %, 0 %, 35270 MiB, 39.36 W
2026/09/20 14:42:57.775, 1, 0 %, 0 %, 35270 MiB, 38.44 W
2026/09/20 14:42:57.775, 2, 0 %, 0 %, 35270 MiB, 37.36 W
2026/09/20 14:43:02.776, 0, 0 %, 0 %, 35270 MiB, 39.16 W
2026/09/20 14:43:02.776, 1, 0 %, 0 %, 35270 MiB, 38.44 W
2026/09/20 14:43:02.777, 2, 0 %, 0 %, 35270 MiB, 37.24 W
2026/09/20 14:43:07.778, 0, 0 %, 0 %, 35270 MiB, 39.17 W
2026/09/20 14:43:07.778, 1, 0 %, 0 %, 35270 MiB, 38.44 W
2026/09/20 14:43:07.778, 2, 0 %, 0 %, 35270 MiB, 37.36 W
2026/09/20 14:43:12.780, 0, 0 %, 0 %, 35270 MiB, 39.28 W
2026/09/20 14:43:12.780, 1, 0 %, 0 %, 35270 MiB, 38.36 W
2026/09/20 14:43:12.781, 2, 0 %, 0 %, 35270 MiB, 37.37 W
2026/09/20 14:43:17.782, 0, 0 %, 0 %, 35270 MiB, 38.97 W
2026/09/20 14:43:17.782, 1, 0 %, 0 %, 35270 MiB, 38.54 W
2026/09/20 14:43:17.782, 2, 0 %, 0 %, 35270 MiB, 37.25 W
2026/09/20 14:43:22.784, 0, 0 %, 0 %, 35270 MiB, 38.97 W
2026/09/20 14:43:22.784, 1, 0 %, 0 %, 35270 MiB, 38.35 W
2026/09/20 14:43:22.784, 2, 0 %, 0 %, 35270 MiB, 37.24 W
2026/09/20 14:43:27.786, 0, 0 %, 0 %, 35270 MiB, 39.08 W
2026/09/20 14:43:27.786, 1, 0 %, 0 %, 35270 MiB, 38.35 W
2026/09/20 14:43:27.787, 2, 0 %, 0 %, 35270 MiB, 37.06 W
2026/09/20 14:43:32.788, 0, 0 %, 0 %, 35270 MiB, 39.07 W
2026/09/20 14:43:32.788, 1, 0 %, 0 %, 35270 MiB, 38.36 W
2026/09/20 14:43:32.788, 2, 0 %, 0 %, 35270 MiB, 37.35 W
2026/09/20 14:43:37.790, 0, 0 %, 0 %, 35270 MiB, 38.99 W
2026/09/20 14:43:37.790, 1, 0 %, 0 %, 35270 MiB, 38.56 W
2026/09/20 14:43:37.790, 2, 0 %, 0 %, 35270 MiB, 37.15 W
2026/09/20 14:43:42.792, 0, 0 %, 0 %, 35270 MiB, 39.08 W
2026/09/20 14:43:42.792, 1, 0 %, 0 %, 35270 MiB, 38.45 W
2026/09/20 14:43:42.792, 2, 0 %, 0 %, 35270 MiB, 37.26 W
2026/09/20 14:43:47.794, 0, 0 %, 0 %, 35270 MiB, 39.08 W
2026/09/20 14:43:47.794, 1, 0 %, 0 %, 35270 MiB, 38.46 W
2026/09/20 14:43:47.794, 2, 0 %, 0 %, 35270 MiB, 37.26 W
2026/09/20 14:43:52.796, 0, 0 %, 0 %, 35270 MiB, 39.17 W
2026/09/20 14:43:52.796, 1, 0 %, 0 %, 35270 MiB, 38.64 W
2026/09/20 14:43:52.796, 2, 0 %, 0 %, 35270 MiB, 37.35 W
2026/09/20 14:43:57.798, 0, 0 %, 0 %, 35270 MiB, 39.17 W
2026/09/20 14:43:57.798, 1, 0 %, 0 %, 35270 MiB, 38.54 W
2026/09/20 14:43:57.799, 2, 0 %, 0 %, 35270 MiB, 37.25 W
2026/09/20 14:44:02.800, 0, 0 %, 0 %, 35270 MiB, 39.08 W
2026/09/20 14:44:02.800, 1, 0 %, 0 %, 35270 MiB, 38.56 W
2026/09/20 14:44:02.800, 2, 0 %, 0 %, 35270 MiB, 37.26 W
2026/09/20 14:44:07.801, 0, 0 %, 0 %, 35270 MiB, 39.37 W
2026/09/20 14:44:07.801, 1, 0 %, 0 %, 35270 MiB, 38.45 W
2026/09/20 14:44:07.802, 2, 0 %, 0 %, 35270 MiB, 37.36 W
2026/09/20 14:44:12.802, 0, 0 %, 0 %, 35270 MiB, 39.26 W
2026/09/20 14:44:12.803, 1, 0 %, 0 %, 35270 MiB, 38.45 W
2026/09/20 14:44:12.803, 2, 0 %, 0 %, 35270 MiB, 37.36 W
2026/09/20 14:44:17.804, 0, 0 %, 0 %, 35270 MiB, 39.26 W
2026/09/20 14:44:17.805, 1, 0 %, 0 %, 35270 MiB, 38.44 W
2026/09/20 14:44:17.805, 2, 0 %, 0 %, 35270 MiB, 37.35 W
2026/09/20 14:44:22.806, 0, 0 %, 0 %, 35270 MiB, 39.07 W
2026/09/20 14:44:22.806, 1, 0 %, 0 %, 35270 MiB, 38.44 W
2026/09/20 14:44:22.807, 2, 0 %, 0 %, 35270 MiB, 37.36 W
2026/09/20 14:44:27.807, 0, 0 %, 0 %, 35270 MiB, 39.28 W
2026/09/20 14:44:27.808, 1, 0 %, 0 %, 35270 MiB, 38.65 W
2026/09/20 14:44:27.808, 2, 0 %, 0 %, 35270 MiB, 37.46 W
2026/09/20 14:44:32.808, 0, 0 %, 0 %, 35270 MiB, 39.08 W
2026/09/20 14:44:32.809, 1, 0 %, 0 %, 35270 MiB, 38.65 W
2026/09/20 14:44:32.809, 2, 0 %, 0 %, 35270 MiB, 37.37 W
2026/09/20 14:44:37.810, 0, 0 %, 0 %, 35270 MiB, 39.19 W
2026/09/20 14:44:37.810, 1, 0 %, 0 %, 35270 MiB, 38.56 W
2026/09/20 14:44:37.810, 2, 0 %, 0 %, 35270 MiB, 37.37 W
2026/09/20 14:44:42.812, 0, 0 %, 0 %, 35270 MiB, 39.19 W
2026/09/20 14:44:42.812, 1, 0 %, 0 %, 35270 MiB, 38.65 W
2026/09/20 14:44:42.812, 2, 0 %, 0 %, 35270 MiB, 37.26 W
2026/09/20 14:44:47.813, 0, 0 %, 0 %, 35270 MiB, 39.19 W
2026/09/20 14:44:47.813, 1, 0 %, 0 %, 35270 MiB, 38.56 W
2026/09/20 14:44:47.813, 2, 0 %, 0 %, 35270 MiB, 37.47 W
2026/09/20 14:44:52.813, 0, 0 %, 0 %, 35270 MiB, 39.31 W
2026/09/20 14:44:52.814, 1, 0 %, 0 %, 35270 MiB, 38.68 W
2026/09/20 14:44:52.814, 2, 0 %, 0 %, 35270 MiB, 37.39 W
2026/09/20 14:44:57.814, 0, 0 %, 0 %, 35270 MiB, 39.22 W
2026/09/20 14:44:57.814, 1, 0 %, 0 %, 35270 MiB, 38.78 W
2026/09/20 14:44:57.814, 2, 0 %, 0 %, 35270 MiB, 37.38 W
2026/09/20 14:45:02.815, 0, 0 %, 0 %, 35270 MiB, 39.61 W
2026/09/20 14:45:02.815, 1, 0 %, 0 %, 35270 MiB, 38.88 W
2026/09/20 14:45:02.815, 2, 0 %, 0 %, 35270 MiB, 37.50 W
2026/09/20 14:45:07.816, 0, 0 %, 0 %, 35270 MiB, 39.41 W
2026/09/20 14:45:07.816, 1, 0 %, 0 %, 35270 MiB, 38.79 W
2026/09/20 14:45:07.816, 2, 0 %, 0 %, 35270 MiB, 37.70 W
2026/09/20 14:45:12.817, 0, 0 %, 0 %, 35270 MiB, 39.31 W
2026/09/20 14:45:12.817, 1, 0 %, 0 %, 35270 MiB, 38.68 W
2026/09/20 14:45:12.817, 2, 0 %, 0 %, 35270 MiB, 37.49 W
2026/09/20 14:45:17.817, 0, 0 %, 0 %, 35270 MiB, 39.41 W
2026/09/20 14:45:17.817, 1, 0 %, 0 %, 35270 MiB, 38.58 W
2026/09/20 14:45:17.817, 2, 0 %, 0 %, 35270 MiB, 37.59 W
2026/09/20 14:45:22.818, 0, 0 %, 0 %, 35270 MiB, 39.61 W
2026/09/20 14:45:22.818, 1, 0 %, 0 %, 35270 MiB, 38.68 W
2026/09/20 14:45:22.818, 2, 0 %, 0 %, 35270 MiB, 37.60 W
2026/09/20 14:45:27.819, 0, 0 %, 0 %, 35270 MiB, 39.41 W
2026/09/20 14:45:27.819, 1, 0 %, 0 %, 35270 MiB, 38.69 W
2026/09/20 14:45:27.819, 2, 0 %, 0 %, 35270 MiB, 37.80 W
2026/09/20 14:45:32.820, 0, 0 %, 0 %, 35270 MiB, 39.31 W
2026/09/20 14:45:32.820, 1, 0 %, 0 %, 35270 MiB, 38.68 W
2026/09/20 14:45:32.820, 2, 0 %, 0 %, 35270 MiB, 37.69 W
2026/09/20 14:45:37.820, 0, 100 %, 7 %, 35270 MiB, 147.19 W
2026/09/20 14:45:37.821, 1, 100 %, 7 %, 35270 MiB, 88.31 W
2026/09/20 14:45:37.821, 2, 100 %, 7 %, 35270 MiB, 166.57 W
2026/09/20 14:45:42.821, 0, 100 %, 7 %, 35270 MiB, 92.28 W
2026/09/20 14:45:42.821, 1, 100 %, 7 %, 35270 MiB, 85.92 W
2026/09/20 14:45:42.821, 2, 100 %, 10 %, 35270 MiB, 91.04 W
2026/09/20 14:45:47.822, 0, 100 %, 7 %, 35270 MiB, 90.31 W
2026/09/20 14:45:47.822, 1, 100 %, 7 %, 35270 MiB, 95.99 W
2026/09/20 14:45:47.822, 2, 100 %, 6 %, 35270 MiB, 94.55 W
2026/09/20 14:45:52.822, 0, 100 %, 7 %, 35270 MiB, 88.09 W
2026/09/20 14:45:52.822, 1, 100 %, 7 %, 35270 MiB, 88.71 W
2026/09/20 14:45:52.822, 2, 100 %, 7 %, 35270 MiB, 96.04 W
2026/09/20 14:45:57.823, 0, 100 %, 11 %, 35270 MiB, 85.63 W
2026/09/20 14:45:57.823, 1, 100 %, 7 %, 35270 MiB, 90.19 W
2026/09/20 14:45:57.823, 2, 100 %, 7 %, 35270 MiB, 90.36 W
2026/09/20 14:46:02.824, 0, 100 %, 7 %, 35270 MiB, 90.94 W
2026/09/20 14:46:02.824, 1, 100 %, 11 %, 35270 MiB, 91.08 W
2026/09/20 14:46:02.824, 2, 100 %, 11 %, 35270 MiB, 95.79 W
2026/09/20 14:46:07.824, 0, 100 %, 7 %, 35270 MiB, 94.82 W
2026/09/20 14:46:07.824, 1, 100 %, 7 %, 35270 MiB, 92.48 W
2026/09/20 14:46:07.824, 2, 100 %, 7 %, 35270 MiB, 93.16 W
2026/09/20 14:46:12.825, 0, 100 %, 11 %, 35270 MiB, 90.16 W
2026/09/20 14:46:12.825, 1, 100 %, 7 %, 35270 MiB, 92.65 W
2026/09/20 14:46:12.825, 2, 100 %, 11 %, 35270 MiB, 89.61 W
2026/09/20 14:46:17.826, 0, 100 %, 7 %, 35270 MiB, 90.68 W
2026/09/20 14:46:17.826, 1, 100 %, 7 %, 35270 MiB, 94.42 W
2026/09/20 14:46:17.826, 2, 100 %, 7 %, 35270 MiB, 94.44 W
2026/09/20 14:46:22.826, 0, 99 %, 11 %, 35270 MiB, 95.84 W
2026/09/20 14:46:22.826, 1, 100 %, 10 %, 35270 MiB, 97.84 W
2026/09/20 14:46:22.826, 2, 99 %, 11 %, 35270 MiB, 92.90 W
2026/09/20 14:46:27.827, 0, 100 %, 7 %, 35270 MiB, 121.78 W
2026/09/20 14:46:27.827, 1, 100 %, 7 %, 35270 MiB, 91.46 W
2026/09/20 14:46:27.827, 2, 100 %, 10 %, 35270 MiB, 95.70 W
2026/09/20 14:46:32.828, 0, 100 %, 11 %, 35270 MiB, 96.61 W
2026/09/20 14:46:32.828, 1, 100 %, 11 %, 35270 MiB, 94.10 W
2026/09/20 14:46:32.828, 2, 100 %, 7 %, 35270 MiB, 91.72 W
2026/09/20 14:46:37.828, 0, 100 %, 10 %, 35270 MiB, 97.99 W
2026/09/20 14:46:37.828, 1, 100 %, 6 %, 35270 MiB, 96.40 W
2026/09/20 14:46:37.828, 2, 100 %, 11 %, 35270 MiB, 91.83 W
2026/09/20 14:46:42.829, 0, 100 %, 7 %, 35270 MiB, 94.18 W
2026/09/20 14:46:42.829, 1, 100 %, 9 %, 35270 MiB, 139.16 W
2026/09/20 14:46:42.829, 2, 100 %, 7 %, 35270 MiB, 92.89 W
2026/09/20 14:46:47.829, 0, 100 %, 7 %, 35270 MiB, 97.23 W
2026/09/20 14:46:47.830, 1, 100 %, 7 %, 35270 MiB, 94.17 W
2026/09/20 14:46:47.830, 2, 100 %, 6 %, 35270 MiB, 95.56 W
2026/09/20 14:46:52.830, 0, 100 %, 7 %, 35270 MiB, 97.39 W
2026/09/20 14:46:52.830, 1, 100 %, 7 %, 35270 MiB, 97.16 W
2026/09/20 14:46:52.830, 2, 100 %, 10 %, 35270 MiB, 96.86 W
2026/09/20 14:46:57.831, 0, 100 %, 7 %, 35270 MiB, 92.80 W
2026/09/20 14:46:57.831, 1, 100 %, 11 %, 35270 MiB, 96.73 W
2026/09/20 14:46:57.831, 2, 100 %, 6 %, 35270 MiB, 127.62 W
2026/09/20 14:47:02.831, 0, 100 %, 11 %, 35270 MiB, 94.80 W
2026/09/20 14:47:02.832, 1, 100 %, 11 %, 35270 MiB, 96.33 W
2026/09/20 14:47:02.832, 2, 100 %, 15 %, 35270 MiB, 97.72 W
2026/09/20 14:47:07.832, 0, 100 %, 7 %, 35270 MiB, 97.89 W
2026/09/20 14:47:07.832, 1, 0 %, 0 %, 35270 MiB, 42.79 W
2026/09/20 14:47:07.832, 2, 54 %, 4 %, 35270 MiB, 87.67 W
2026/09/20 14:47:12.833, 0, 0 %, 0 %, 35270 MiB, 43.28 W
2026/09/20 14:47:12.833, 1, 0 %, 0 %, 35270 MiB, 42.24 W
2026/09/20 14:47:12.833, 2, 0 %, 0 %, 35270 MiB, 40.78 W
2026/09/20 14:47:17.834, 0, 0 %, 0 %, 35270 MiB, 43.02 W
2026/09/20 14:47:17.834, 1, 0 %, 0 %, 35270 MiB, 41.70 W
2026/09/20 14:47:17.834, 2, 0 %, 0 %, 35270 MiB, 40.65 W
2026/09/20 14:47:22.835, 0, 0 %, 0 %, 35270 MiB, 42.72 W
2026/09/20 14:47:22.835, 1, 0 %, 0 %, 35270 MiB, 41.50 W
2026/09/20 14:47:22.835, 2, 0 %, 0 %, 35270 MiB, 40.53 W
2026/09/20 14:47:27.836, 0, 0 %, 0 %, 35270 MiB, 42.03 W
2026/09/20 14:47:27.837, 1, 0 %, 0 %, 35270 MiB, 41.40 W
2026/09/20 14:47:27.837, 2, 0 %, 0 %, 35270 MiB, 40.13 W
2026/09/20 14:47:32.838, 0, 0 %, 0 %, 35270 MiB, 42.13 W
2026/09/20 14:47:32.838, 1, 0 %, 0 %, 35270 MiB, 40.81 W
2026/09/20 14:47:32.838, 2, 0 %, 0 %, 35270 MiB, 39.92 W
2026/09/20 14:47:37.839, 0, 0 %, 0 %, 35270 MiB, 41.93 W
2026/09/20 14:47:37.840, 1, 0 %, 0 %, 35270 MiB, 40.71 W
2026/09/20 14:47:37.840, 2, 0 %, 0 %, 35270 MiB, 39.72 W
2026/09/20 14:47:42.841, 0, 0 %, 0 %, 35270 MiB, 41.52 W
2026/09/20 14:47:42.841, 1, 0 %, 0 %, 35270 MiB, 40.51 W
2026/09/20 14:47:42.841, 2, 0 %, 0 %, 35270 MiB, 39.72 W
2026/09/20 14:47:47.847, 0, 0 %, 0 %, 35270 MiB, 41.33 W
2026/09/20 14:47:47.847, 1, 0 %, 0 %, 35270 MiB, 40.32 W
2026/09/20 14:47:47.847, 2, 0 %, 0 %, 35270 MiB, 39.62 W
2026/09/20 14:47:52.849, 0, 0 %, 0 %, 35270 MiB, 40.83 W
2026/09/20 14:47:52.849, 1, 0 %, 0 %, 35270 MiB, 40.21 W
2026/09/20 14:47:52.849, 2, 0 %, 0 %, 35270 MiB, 39.33 W
2026/09/20 14:47:57.851, 0, 0 %, 0 %, 35270 MiB, 41.65 W
2026/09/20 14:47:57.851, 1, 0 %, 0 %, 35270 MiB, 40.62 W
2026/09/20 14:47:57.852, 2, 0 %, 0 %, 35270 MiB, 39.35 W
2026/09/20 14:48:02.852, 0, 0 %, 0 %, 35270 MiB, 41.24 W
2026/09/20 14:48:02.853, 1, 0 %, 0 %, 35270 MiB, 40.22 W
2026/09/20 14:48:02.853, 2, 0 %, 0 %, 35270 MiB, 39.33 W
2026/09/20 14:48:07.854, 0, 0 %, 0 %, 35270 MiB, 41.14 W
2026/09/20 14:48:07.854, 1, 0 %, 0 %, 35270 MiB, 40.22 W
2026/09/20 14:48:07.855, 2, 0 %, 0 %, 35270 MiB, 39.13 W
2026/09/20 14:48:12.856, 0, 0 %, 0 %, 35270 MiB, 41.13 W
2026/09/20 14:48:12.856, 1, 0 %, 0 %, 35270 MiB, 40.22 W
2026/09/20 14:48:12.857, 2, 0 %, 0 %, 35270 MiB, 39.13 W
2026/09/20 14:48:17.857, 0, 0 %, 0 %, 35270 MiB, 41.05 W
2026/09/20 14:48:17.857, 1, 0 %, 0 %, 35270 MiB, 40.12 W
2026/09/20 14:48:17.857, 2, 0 %, 0 %, 35270 MiB, 39.34 W
2026/09/20 14:48:22.857, 0, 0 %, 0 %, 35270 MiB, 40.93 W
2026/09/20 14:48:22.858, 1, 0 %, 0 %, 35270 MiB, 40.01 W
2026/09/20 14:48:22.858, 2, 0 %, 0 %, 35270 MiB, 39.13 W
2026/09/20 14:48:27.858, 0, 0 %, 0 %, 35270 MiB, 40.94 W
2026/09/20 14:48:27.858, 1, 0 %, 0 %, 35270 MiB, 40.32 W
2026/09/20 14:48:27.859, 2, 0 %, 0 %, 35270 MiB, 39.13 W
2026/09/20 14:48:32.859, 0, 0 %, 0 %, 35270 MiB, 40.84 W
2026/09/20 14:48:32.860, 1, 0 %, 0 %, 35270 MiB, 40.01 W
2026/09/20 14:48:32.860, 2, 0 %, 0 %, 35270 MiB, 38.96 W
2026/09/20 14:48:37.861, 0, 0 %, 0 %, 35270 MiB, 40.94 W
2026/09/20 14:48:37.861, 1, 0 %, 0 %, 35270 MiB, 39.71 W
2026/09/20 14:48:37.861, 2, 0 %, 0 %, 35270 MiB, 39.13 W
2026/09/20 14:48:42.862, 0, 0 %, 0 %, 35270 MiB, 40.76 W
2026/09/20 14:48:42.863, 1, 0 %, 0 %, 35270 MiB, 40.12 W
2026/09/20 14:48:42.863, 2, 0 %, 0 %, 35270 MiB, 38.96 W
2026/09/20 14:48:47.863, 0, 0 %, 0 %, 35270 MiB, 40.55 W
2026/09/20 14:48:47.864, 1, 0 %, 0 %, 35270 MiB, 40.22 W
2026/09/20 14:48:47.864, 2, 0 %, 0 %, 35270 MiB, 38.96 W
2026/09/20 14:48:52.867, 0, 0 %, 0 %, 35270 MiB, 40.45 W
2026/09/20 14:48:52.867, 1, 0 %, 0 %, 35270 MiB, 39.52 W
2026/09/20 14:48:52.867, 2, 0 %, 0 %, 35270 MiB, 38.85 W
2026/09/20 14:48:57.869, 0, 0 %, 0 %, 35270 MiB, 40.34 W
2026/09/20 14:48:57.869, 1, 0 %, 0 %, 35270 MiB, 39.41 W
2026/09/20 14:48:57.870, 2, 0 %, 0 %, 35270 MiB, 38.94 W
2026/09/20 14:49:02.871, 0, 0 %, 0 %, 35270 MiB, 40.15 W
2026/09/20 14:49:02.871, 1, 0 %, 0 %, 35270 MiB, 39.63 W
2026/09/20 14:49:02.871, 2, 0 %, 0 %, 35270 MiB, 38.56 W
2026/09/20 14:49:07.872, 0, 0 %, 0 %, 35270 MiB, 40.34 W
2026/09/20 14:49:07.872, 1, 0 %, 0 %, 35270 MiB, 39.72 W
2026/09/20 14:49:07.873, 2, 0 %, 0 %, 35270 MiB, 38.44 W
2026/09/20 14:49:12.874, 0, 0 %, 0 %, 35270 MiB, 40.05 W
2026/09/20 14:49:12.875, 1, 0 %, 0 %, 35270 MiB, 39.53 W
2026/09/20 14:49:12.875, 2, 0 %, 0 %, 35270 MiB, 38.45 W
2026/09/20 14:49:17.876, 0, 0 %, 0 %, 35270 MiB, 39.95 W
2026/09/20 14:49:17.877, 1, 0 %, 0 %, 35270 MiB, 39.51 W
2026/09/20 14:49:17.877, 2, 0 %, 0 %, 35270 MiB, 38.45 W
2026/09/20 14:49:22.878, 0, 0 %, 0 %, 35270 MiB, 39.96 W
2026/09/20 14:49:22.879, 1, 0 %, 0 %, 35270 MiB, 40.02 W
2026/09/20 14:49:22.879, 2, 0 %, 0 %, 35270 MiB, 38.26 W
2026/09/20 14:49:27.879, 0, 0 %, 0 %, 35270 MiB, 39.96 W
2026/09/20 14:49:27.880, 1, 0 %, 0 %, 35270 MiB, 39.62 W
2026/09/20 14:49:27.880, 2, 0 %, 0 %, 35270 MiB, 38.26 W
2026/09/20 14:49:32.881, 0, 0 %, 0 %, 35270 MiB, 39.65 W
2026/09/20 14:49:32.881, 1, 0 %, 0 %, 35270 MiB, 39.51 W
2026/09/20 14:49:32.882, 2, 0 %, 0 %, 35270 MiB, 38.34 W
2026/09/20 14:49:37.883, 0, 0 %, 0 %, 35270 MiB, 39.63 W
2026/09/20 14:49:37.883, 1, 0 %, 0 %, 35270 MiB, 39.49 W
2026/09/20 14:49:37.884, 2, 0 %, 0 %, 35270 MiB, 38.13 W
2026/09/20 14:49:42.885, 0, 0 %, 0 %, 35270 MiB, 39.54 W
2026/09/20 14:49:42.885, 1, 0 %, 0 %, 35270 MiB, 39.41 W
2026/09/20 14:49:42.885, 2, 0 %, 0 %, 35270 MiB, 38.04 W
2026/09/20 14:49:47.887, 0, 0 %, 0 %, 35270 MiB, 39.65 W
2026/09/20 14:49:47.887, 1, 0 %, 0 %, 35270 MiB, 39.22 W
2026/09/20 14:49:47.888, 2, 0 %, 0 %, 35270 MiB, 38.04 W
2026/09/20 14:49:52.888, 0, 0 %, 0 %, 35270 MiB, 39.61 W
2026/09/20 14:49:52.889, 1, 0 %, 0 %, 35270 MiB, 39.17 W
2026/09/20 14:49:52.889, 2, 0 %, 0 %, 35270 MiB, 38.09 W
2026/09/20 14:49:57.899, 0, 0 %, 0 %, 35270 MiB, 39.46 W
2026/09/20 14:49:57.899, 1, 0 %, 0 %, 35270 MiB, 39.21 W
2026/09/20 14:49:57.899, 2, 0 %, 0 %, 35270 MiB, 38.13 W
2026/09/20 14:50:02.901, 0, 0 %, 0 %, 35270 MiB, 39.54 W
2026/09/20 14:50:02.901, 1, 0 %, 0 %, 35270 MiB, 39.31 W
2026/09/20 14:50:02.902, 2, 0 %, 0 %, 35270 MiB, 38.14 W
2026/09/20 14:50:07.903, 0, 0 %, 0 %, 35270 MiB, 39.46 W
2026/09/20 14:50:07.904, 1, 0 %, 0 %, 35270 MiB, 39.22 W
2026/09/20 14:50:07.904, 2, 0 %, 0 %, 35270 MiB, 37.87 W
2026/09/20 14:50:12.904, 0, 0 %, 0 %, 35270 MiB, 39.87 W
2026/09/20 14:50:12.905, 1, 0 %, 0 %, 35270 MiB, 39.15 W
2026/09/20 14:50:12.905, 2, 0 %, 0 %, 35270 MiB, 37.96 W
2026/09/20 14:50:17.905, 0, 0 %, 0 %, 35270 MiB, 39.85 W
2026/09/20 14:50:17.906, 1, 0 %, 0 %, 35270 MiB, 39.41 W
2026/09/20 14:50:17.906, 2, 0 %, 0 %, 35270 MiB, 37.94 W
2026/09/20 14:50:22.906, 0, 0 %, 0 %, 35270 MiB, 39.84 W
2026/09/20 14:50:22.907, 1, 0 %, 0 %, 35270 MiB, 39.22 W
2026/09/20 14:50:22.907, 2, 0 %, 0 %, 35270 MiB, 37.94 W
2026/09/20 14:50:27.908, 0, 0 %, 0 %, 35270 MiB, 39.65 W
2026/09/20 14:50:27.909, 1, 0 %, 0 %, 35270 MiB, 39.22 W
2026/09/20 14:50:27.909, 2, 0 %, 0 %, 35270 MiB, 37.85 W
2026/09/20 14:50:32.910, 0, 0 %, 0 %, 35270 MiB, 39.63 W
2026/09/20 14:50:32.910, 1, 0 %, 0 %, 35270 MiB, 39.12 W
2026/09/20 14:50:32.911, 2, 0 %, 0 %, 35270 MiB, 37.75 W
2026/09/20 14:50:37.911, 0, 0 %, 0 %, 35270 MiB, 39.94 W
2026/09/20 14:50:37.912, 1, 0 %, 0 %, 35270 MiB, 39.22 W
2026/09/20 14:50:37.912, 2, 0 %, 0 %, 35270 MiB, 37.75 W
2026/09/20 14:50:42.913, 0, 0 %, 0 %, 35270 MiB, 39.74 W
2026/09/20 14:50:42.913, 1, 0 %, 0 %, 35270 MiB, 39.22 W
2026/09/20 14:50:42.914, 2, 0 %, 0 %, 35270 MiB, 37.85 W
2026/09/20 14:50:47.915, 0, 0 %, 0 %, 35270 MiB, 39.75 W
2026/09/20 14:50:47.915, 1, 0 %, 0 %, 35270 MiB, 39.02 W
2026/09/20 14:50:47.916, 2, 0 %, 0 %, 35270 MiB, 37.97 W
2026/09/20 14:50:52.916, 0, 0 %, 0 %, 35270 MiB, 39.77 W
2026/09/20 14:50:52.917, 1, 0 %, 0 %, 35270 MiB, 39.24 W
2026/09/20 14:50:52.917, 2, 0 %, 0 %, 35270 MiB, 37.87 W
2026/09/20 14:50:57.918, 0, 0 %, 0 %, 35270 MiB, 39.84 W
2026/09/20 14:50:57.918, 1, 0 %, 0 %, 35270 MiB, 38.92 W
2026/09/20 14:50:57.918, 2, 0 %, 0 %, 35270 MiB, 37.84 W
2026/09/20 14:51:02.920, 0, 0 %, 0 %, 35270 MiB, 39.65 W
2026/09/20 14:51:02.921, 1, 0 %, 0 %, 35270 MiB, 39.02 W
2026/09/20 14:51:02.921, 2, 0 %, 0 %, 35270 MiB, 37.94 W
2026/09/20 14:51:07.922, 0, 0 %, 0 %, 35270 MiB, 39.17 W
2026/09/20 14:51:07.923, 1, 0 %, 0 %, 35270 MiB, 39.02 W
2026/09/20 14:51:07.923, 2, 0 %, 0 %, 35270 MiB, 37.94 W
2026/09/20 14:51:12.924, 0, 0 %, 0 %, 35270 MiB, 39.78 W
2026/09/20 14:51:12.924, 1, 0 %, 0 %, 35270 MiB, 39.06 W
2026/09/20 14:51:12.925, 2, 0 %, 0 %, 35270 MiB, 37.90 W
2026/09/20 14:51:17.926, 0, 0 %, 0 %, 35270 MiB, 39.57 W
2026/09/20 14:51:17.926, 1, 0 %, 0 %, 35270 MiB, 39.03 W
2026/09/20 14:51:17.926, 2, 0 %, 0 %, 35270 MiB, 37.85 W
2026/09/20 14:51:22.928, 0, 0 %, 0 %, 35270 MiB, 39.53 W
2026/09/20 14:51:22.928, 1, 0 %, 0 %, 35270 MiB, 39.02 W
2026/09/20 14:51:22.929, 2, 0 %, 0 %, 35270 MiB, 37.74 W
2026/09/20 14:51:27.929, 0, 0 %, 0 %, 35270 MiB, 39.47 W
2026/09/20 14:51:27.930, 1, 0 %, 0 %, 35270 MiB, 39.14 W
2026/09/20 14:51:27.930, 2, 0 %, 0 %, 35270 MiB, 37.77 W
2026/09/20 14:51:32.931, 0, 0 %, 0 %, 35270 MiB, 39.77 W
2026/09/20 14:51:32.931, 1, 0 %, 0 %, 35270 MiB, 39.05 W
2026/09/20 14:51:32.931, 2, 0 %, 0 %, 35270 MiB, 37.87 W
2026/09/20 14:51:37.932, 0, 0 %, 0 %, 35270 MiB, 39.47 W
2026/09/20 14:51:37.933, 1, 0 %, 0 %, 35270 MiB, 39.05 W
2026/09/20 14:51:37.933, 2, 0 %, 0 %, 35270 MiB, 37.56 W
2026/09/20 14:51:42.933, 0, 0 %, 0 %, 35270 MiB, 39.16 W
2026/09/20 14:51:42.934, 1, 0 %, 0 %, 35270 MiB, 39.02 W
2026/09/20 14:51:42.934, 2, 0 %, 0 %, 35270 MiB, 37.85 W
2026/09/20 14:51:47.935, 0, 0 %, 0 %, 35270 MiB, 39.63 W
2026/09/20 14:51:47.936, 1, 0 %, 0 %, 35270 MiB, 39.12 W
2026/09/20 14:51:47.936, 2, 0 %, 0 %, 35270 MiB, 37.84 W
2026/09/20 14:51:52.942, 0, 0 %, 0 %, 35270 MiB, 39.65 W
2026/09/20 14:51:52.943, 1, 0 %, 0 %, 35270 MiB, 39.02 W
2026/09/20 14:51:52.943, 2, 0 %, 0 %, 35270 MiB, 37.84 W
2026/09/20 14:51:57.943, 0, 0 %, 0 %, 35270 MiB, 39.55 W
2026/09/20 14:51:57.944, 1, 0 %, 0 %, 35270 MiB, 38.73 W
2026/09/20 14:51:57.944, 2, 0 %, 0 %, 35270 MiB, 37.66 W
2026/09/20 14:52:02.948, 0, 0 %, 0 %, 35270 MiB, 39.45 W
2026/09/20 14:52:02.949, 1, 0 %, 0 %, 35270 MiB, 38.92 W
2026/09/20 14:52:02.949, 2, 0 %, 0 %, 35270 MiB, 37.85 W
2026/09/20 14:52:07.950, 0, 0 %, 0 %, 35270 MiB, 39.57 W
2026/09/20 14:52:07.950, 1, 0 %, 0 %, 35270 MiB, 38.85 W
2026/09/20 14:52:07.951, 2, 0 %, 0 %, 35270 MiB, 37.67 W
2026/09/20 14:52:12.952, 0, 0 %, 0 %, 35270 MiB, 39.26 W
2026/09/20 14:52:12.952, 1, 0 %, 0 %, 35270 MiB, 38.75 W
2026/09/20 14:52:12.952, 2, 0 %, 0 %, 35270 MiB, 37.56 W
2026/09/20 14:52:17.954, 0, 0 %, 0 %, 35270 MiB, 38.99 W
2026/09/20 14:52:17.954, 1, 0 %, 0 %, 35270 MiB, 38.75 W
2026/09/20 14:52:17.954, 2, 0 %, 0 %, 35270 MiB, 37.56 W
2026/09/20 14:52:22.955, 0, 0 %, 0 %, 35270 MiB, 39.28 W
2026/09/20 14:52:22.956, 1, 0 %, 0 %, 35270 MiB, 38.85 W
2026/09/20 14:52:22.956, 2, 0 %, 0 %, 35270 MiB, 37.56 W
2026/09/20 14:52:27.957, 0, 0 %, 0 %, 35270 MiB, 39.38 W
2026/09/20 14:52:27.957, 1, 0 %, 0 %, 35270 MiB, 38.75 W
2026/09/20 14:52:27.958, 2, 0 %, 0 %, 35270 MiB, 37.47 W
2026/09/20 14:52:32.959, 0, 0 %, 0 %, 35270 MiB, 39.35 W
2026/09/20 14:52:32.959, 1, 0 %, 0 %, 35270 MiB, 38.73 W
2026/09/20 14:52:32.960, 2, 0 %, 0 %, 35270 MiB, 37.54 W
2026/09/20 14:52:37.961, 0, 0 %, 0 %, 35270 MiB, 39.25 W
2026/09/20 14:52:37.962, 1, 0 %, 0 %, 35270 MiB, 38.73 W
2026/09/20 14:52:37.962, 2, 0 %, 0 %, 35270 MiB, 37.44 W
2026/09/20 14:52:42.962, 0, 0 %, 0 %, 35270 MiB, 39.56 W
2026/09/20 14:52:42.963, 1, 0 %, 0 %, 35270 MiB, 38.85 W
2026/09/20 14:52:42.963, 2, 0 %, 0 %, 35270 MiB, 37.56 W
2026/09/20 14:52:47.964, 0, 0 %, 0 %, 35270 MiB, 39.45 W
2026/09/20 14:52:47.964, 1, 0 %, 0 %, 35270 MiB, 38.83 W
2026/09/20 14:52:47.964, 2, 0 %, 0 %, 35270 MiB, 37.56 W
2026/09/20 14:52:52.966, 0, 0 %, 0 %, 35270 MiB, 39.35 W
2026/09/20 14:52:52.967, 1, 0 %, 0 %, 35270 MiB, 38.83 W
2026/09/20 14:52:52.967, 2, 0 %, 0 %, 35270 MiB, 37.64 W
2026/09/20 14:52:57.970, 0, 0 %, 0 %, 35270 MiB, 39.36 W
2026/09/20 14:52:57.971, 1, 0 %, 0 %, 35270 MiB, 38.85 W
2026/09/20 14:52:57.971, 2, 0 %, 0 %, 35270 MiB, 37.77 W
2026/09/20 14:53:02.972, 0, 0 %, 0 %, 35270 MiB, 39.55 W
2026/09/20 14:53:02.973, 1, 0 %, 0 %, 35270 MiB, 38.63 W
2026/09/20 14:53:02.973, 2, 0 %, 0 %, 35270 MiB, 37.54 W
2026/09/20 14:53:07.974, 0, 0 %, 0 %, 35270 MiB, 39.25 W
2026/09/20 14:53:07.975, 1, 0 %, 0 %, 35270 MiB, 38.53 W
2026/09/20 14:53:07.975, 2, 0 %, 0 %, 35270 MiB, 37.75 W
2026/09/20 14:53:12.976, 0, 0 %, 0 %, 35270 MiB, 39.36 W
2026/09/20 14:53:12.977, 1, 0 %, 0 %, 35270 MiB, 38.63 W
2026/09/20 14:53:12.977, 2, 0 %, 0 %, 35270 MiB, 37.64 W
2026/09/20 14:53:17.977, 0, 0 %, 0 %, 35270 MiB, 39.16 W
2026/09/20 14:53:17.977, 1, 0 %, 0 %, 35270 MiB, 38.63 W
2026/09/20 14:53:17.978, 2, 0 %, 0 %, 35270 MiB, 37.75 W
2026/09/20 14:53:22.979, 0, 0 %, 0 %, 35270 MiB, 39.28 W
2026/09/20 14:53:22.979, 1, 0 %, 0 %, 35270 MiB, 38.65 W
2026/09/20 14:53:22.980, 2, 0 %, 0 %, 35270 MiB, 37.56 W
2026/09/20 14:53:27.981, 0, 0 %, 0 %, 35270 MiB, 39.28 W
2026/09/20 14:53:27.981, 1, 0 %, 0 %, 35270 MiB, 38.65 W
2026/09/20 14:53:27.981, 2, 0 %, 0 %, 35270 MiB, 37.47 W
2026/09/20 14:53:32.983, 0, 0 %, 0 %, 35270 MiB, 39.17 W
2026/09/20 14:53:32.983, 1, 0 %, 0 %, 35270 MiB, 38.85 W
2026/09/20 14:53:32.983, 2, 0 %, 0 %, 35270 MiB, 37.46 W
2026/09/20 14:53:37.984, 0, 0 %, 0 %, 35270 MiB, 39.45 W
2026/09/20 14:53:37.985, 1, 0 %, 0 %, 35270 MiB, 38.63 W
2026/09/20 14:53:37.985, 2, 0 %, 0 %, 35270 MiB, 37.54 W
2026/09/20 14:53:42.985, 0, 0 %, 0 %, 35270 MiB, 39.25 W
2026/09/20 14:53:42.986, 1, 0 %, 0 %, 35270 MiB, 38.63 W
2026/09/20 14:53:42.986, 2, 0 %, 0 %, 35270 MiB, 37.44 W
2026/09/20 14:53:47.987, 0, 0 %, 0 %, 35270 MiB, 39.25 W
2026/09/20 14:53:47.988, 1, 0 %, 0 %, 35270 MiB, 38.63 W
2026/09/20 14:53:47.988, 2, 0 %, 0 %, 35270 MiB, 37.44 W
2026/09/20 14:53:52.989, 0, 0 %, 0 %, 35270 MiB, 39.28 W
2026/09/20 14:53:52.990, 1, 0 %, 0 %, 35270 MiB, 38.75 W
2026/09/20 14:53:52.990, 2, 0 %, 0 %, 35270 MiB, 37.67 W
2026/09/20 14:53:57.991, 0, 0 %, 0 %, 35270 MiB, 39.47 W
2026/09/20 14:53:57.991, 1, 0 %, 0 %, 35270 MiB, 38.75 W
2026/09/20 14:53:57.992, 2, 0 %, 0 %, 35270 MiB, 37.58 W
2026/09/20 14:54:02.993, 0, 0 %, 0 %, 35270 MiB, 39.35 W
2026/09/20 14:54:02.993, 1, 0 %, 0 %, 35270 MiB, 38.83 W
2026/09/20 14:54:02.994, 2, 0 %, 0 %, 35270 MiB, 37.54 W
2026/09/20 14:54:07.994, 0, 0 %, 0 %, 35270 MiB, 39.44 W
2026/09/20 14:54:07.995, 1, 0 %, 0 %, 35270 MiB, 38.83 W
2026/09/20 14:54:07.995, 2, 0 %, 0 %, 35270 MiB, 37.64 W
2026/09/20 14:54:12.996, 0, 0 %, 0 %, 35270 MiB, 39.44 W
2026/09/20 14:54:12.996, 1, 0 %, 0 %, 35270 MiB, 38.73 W
2026/09/20 14:54:12.997, 2, 0 %, 0 %, 35270 MiB, 37.74 W
2026/09/20 14:54:18.004, 0, 0 %, 0 %, 35270 MiB, 39.54 W
2026/09/20 14:54:18.004, 1, 0 %, 0 %, 35270 MiB, 38.63 W
2026/09/20 14:54:18.005, 2, 0 %, 0 %, 35270 MiB, 37.74 W
2026/09/20 14:54:23.006, 0, 0 %, 0 %, 35270 MiB, 39.39 W
2026/09/20 14:54:23.006, 1, 0 %, 0 %, 35270 MiB, 38.56 W
2026/09/20 14:54:23.006, 2, 0 %, 0 %, 35270 MiB, 37.58 W
2026/09/20 14:54:28.011, 0, 0 %, 0 %, 35270 MiB, 39.25 W
2026/09/20 14:54:28.011, 1, 0 %, 0 %, 35270 MiB, 38.73 W
2026/09/20 14:54:28.012, 2, 0 %, 0 %, 35270 MiB, 37.75 W
2026/09/20 14:54:33.013, 0, 0 %, 0 %, 35270 MiB, 39.45 W
2026/09/20 14:54:33.013, 1, 0 %, 0 %, 35270 MiB, 38.63 W
2026/09/20 14:54:33.013, 2, 0 %, 0 %, 35270 MiB, 37.75 W
2026/09/20 14:54:38.015, 0, 0 %, 0 %, 35270 MiB, 39.17 W
2026/09/20 14:54:38.016, 1, 0 %, 0 %, 35270 MiB, 38.65 W
2026/09/20 14:54:38.016, 2, 0 %, 0 %, 35270 MiB, 37.56 W
2026/09/20 14:54:43.017, 0, 0 %, 0 %, 35270 MiB, 39.25 W
2026/09/20 14:54:43.018, 1, 0 %, 0 %, 35270 MiB, 38.63 W
2026/09/20 14:54:43.018, 2, 0 %, 0 %, 35270 MiB, 37.56 W
2026/09/20 14:54:48.018, 0, 0 %, 0 %, 35270 MiB, 39.28 W
2026/09/20 14:54:48.019, 1, 0 %, 0 %, 35270 MiB, 38.65 W
2026/09/20 14:54:48.019, 2, 0 %, 0 %, 35270 MiB, 37.56 W
2026/09/20 14:54:53.020, 0, 0 %, 0 %, 35270 MiB, 39.35 W
2026/09/20 14:54:53.020, 1, 0 %, 0 %, 35270 MiB, 38.73 W
2026/09/20 14:54:53.021, 2, 0 %, 0 %, 35270 MiB, 37.54 W
2026/09/20 14:54:58.022, 0, 0 %, 0 %, 35270 MiB, 39.35 W
2026/09/20 14:54:58.023, 1, 0 %, 0 %, 35270 MiB, 38.63 W
2026/09/20 14:54:58.023, 2, 0 %, 0 %, 35270 MiB, 37.54 W
2026/09/20 14:55:03.024, 0, 0 %, 0 %, 35270 MiB, 39.39 W
2026/09/20 14:55:03.025, 1, 0 %, 0 %, 35270 MiB, 38.78 W
2026/09/20 14:55:03.025, 2, 0 %, 0 %, 35270 MiB, 37.49 W
2026/09/20 14:55:08.025, 0, 0 %, 0 %, 35270 MiB, 39.35 W
2026/09/20 14:55:08.026, 1, 0 %, 0 %, 35270 MiB, 38.75 W
2026/09/20 14:55:08.026, 2, 0 %, 0 %, 35270 MiB, 37.77 W
2026/09/20 14:55:13.029, 0, 0 %, 0 %, 35270 MiB, 39.44 W
2026/09/20 14:55:13.030, 1, 0 %, 0 %, 35270 MiB, 38.73 W
2026/09/20 14:55:13.030, 2, 0 %, 0 %, 35270 MiB, 37.63 W
2026/09/20 14:55:18.030, 0, 0 %, 0 %, 35270 MiB, 39.29 W
2026/09/20 14:55:18.031, 1, 0 %, 0 %, 35270 MiB, 38.75 W
2026/09/20 14:55:18.031, 2, 0 %, 0 %, 35270 MiB, 37.56 W
2026/09/20 14:55:23.031, 0, 0 %, 0 %, 35270 MiB, 39.31 W
2026/09/20 14:55:23.032, 1, 0 %, 0 %, 35270 MiB, 38.58 W
2026/09/20 14:55:23.032, 2, 0 %, 0 %, 35270 MiB, 37.59 W
2026/09/20 14:55:28.032, 0, 0 %, 0 %, 35270 MiB, 39.50 W
2026/09/20 14:55:28.033, 1, 0 %, 0 %, 35270 MiB, 38.49 W
2026/09/20 14:55:28.033, 2, 0 %, 0 %, 35270 MiB, 37.80 W
2026/09/20 14:55:33.034, 0, 0 %, 0 %, 35270 MiB, 39.18 W
2026/09/20 14:55:33.034, 1, 0 %, 0 %, 35270 MiB, 38.46 W
2026/09/20 14:55:33.034, 2, 0 %, 0 %, 35270 MiB, 37.56 W
2026/09/20 14:55:38.036, 0, 0 %, 0 %, 35270 MiB, 39.26 W
2026/09/20 14:55:38.036, 1, 0 %, 0 %, 35270 MiB, 38.63 W
2026/09/20 14:55:38.037, 2, 0 %, 0 %, 35270 MiB, 37.66 W
2026/09/20 14:55:43.038, 0, 0 %, 0 %, 35270 MiB, 39.16 W
2026/09/20 14:55:43.038, 1, 0 %, 0 %, 35270 MiB, 38.44 W
2026/09/20 14:55:43.039, 2, 0 %, 0 %, 35270 MiB, 37.35 W
2026/09/20 14:55:48.040, 0, 0 %, 0 %, 35270 MiB, 39.31 W
2026/09/20 14:55:48.040, 1, 0 %, 0 %, 35270 MiB, 38.37 W
2026/09/20 14:55:48.041, 2, 0 %, 0 %, 35270 MiB, 37.49 W
2026/09/20 14:55:53.042, 0, 0 %, 0 %, 35270 MiB, 39.09 W
2026/09/20 14:55:53.042, 1, 0 %, 0 %, 35270 MiB, 38.65 W
2026/09/20 14:55:53.042, 2, 0 %, 0 %, 35270 MiB, 37.26 W
2026/09/20 14:55:58.044, 0, 0 %, 0 %, 35270 MiB, 39.06 W
2026/09/20 14:55:58.044, 1, 0 %, 0 %, 35270 MiB, 38.44 W
2026/09/20 14:55:58.044, 2, 0 %, 0 %, 35270 MiB, 37.25 W
2026/09/20 14:56:03.046, 0, 0 %, 0 %, 35270 MiB, 39.07 W
2026/09/20 14:56:03.047, 1, 0 %, 0 %, 35270 MiB, 38.44 W
2026/09/20 14:56:03.047, 2, 0 %, 0 %, 35270 MiB, 37.36 W
2026/09/20 14:56:08.048, 0, 0 %, 0 %, 35270 MiB, 39.14 W
2026/09/20 14:56:08.048, 1, 0 %, 0 %, 35270 MiB, 38.42 W
2026/09/20 14:56:08.048, 2, 0 %, 0 %, 35270 MiB, 37.53 W
2026/09/20 14:56:13.050, 0, 0 %, 0 %, 35270 MiB, 39.05 W
2026/09/20 14:56:13.050, 1, 0 %, 0 %, 35270 MiB, 38.63 W
2026/09/20 14:56:13.051, 2, 0 %, 0 %, 35270 MiB, 37.44 W
2026/09/20 14:56:18.052, 0, 0 %, 0 %, 35270 MiB, 39.06 W
2026/09/20 14:56:18.053, 1, 0 %, 0 %, 35270 MiB, 38.44 W
2026/09/20 14:56:18.053, 2, 0 %, 0 %, 35270 MiB, 37.35 W
2026/09/20 14:56:23.054, 0, 0 %, 0 %, 35270 MiB, 39.06 W
2026/09/20 14:56:23.055, 1, 0 %, 0 %, 35270 MiB, 38.23 W
2026/09/20 14:56:23.055, 2, 0 %, 0 %, 35270 MiB, 37.54 W
2026/09/20 14:56:28.056, 0, 0 %, 0 %, 35270 MiB, 39.25 W
2026/09/20 14:56:28.056, 1, 0 %, 0 %, 35270 MiB, 38.53 W
2026/09/20 14:56:28.056, 2, 0 %, 0 %, 35270 MiB, 37.33 W
2026/09/20 14:56:33.058, 0, 0 %, 0 %, 35270 MiB, 39.16 W
2026/09/20 14:56:33.058, 1, 0 %, 0 %, 35270 MiB, 38.33 W
2026/09/20 14:56:33.058, 2, 0 %, 0 %, 35270 MiB, 37.35 W
2026/09/20 14:56:38.060, 0, 0 %, 0 %, 35270 MiB, 39.14 W
2026/09/20 14:56:38.060, 1, 0 %, 0 %, 35270 MiB, 38.44 W
2026/09/20 14:56:38.061, 2, 0 %, 0 %, 35270 MiB, 37.44 W
2026/09/20 14:56:43.062, 0, 0 %, 0 %, 35270 MiB, 39.38 W
2026/09/20 14:56:43.062, 1, 0 %, 0 %, 35270 MiB, 38.36 W
2026/09/20 14:56:43.062, 2, 0 %, 0 %, 35270 MiB, 37.56 W
2026/09/20 14:56:48.064, 0, 0 %, 0 %, 35270 MiB, 38.96 W
2026/09/20 14:56:48.064, 1, 0 %, 0 %, 35270 MiB, 38.44 W
2026/09/20 14:56:48.064, 2, 0 %, 0 %, 35270 MiB, 37.44 W
2026/09/20 14:56:53.066, 0, 0 %, 0 %, 35270 MiB, 38.96 W
2026/09/20 14:56:53.067, 1, 0 %, 0 %, 35270 MiB, 38.33 W
2026/09/20 14:56:53.067, 2, 0 %, 0 %, 35270 MiB, 37.24 W
2026/09/20 14:56:58.067, 0, 0 %, 0 %, 35270 MiB, 38.87 W
2026/09/20 14:56:58.068, 1, 0 %, 0 %, 35270 MiB, 38.35 W
2026/09/20 14:56:58.068, 2, 0 %, 0 %, 35270 MiB, 37.25 W
2026/09/20 14:57:03.068, 0, 0 %, 0 %, 35270 MiB, 39.12 W
2026/09/20 14:57:03.069, 1, 0 %, 0 %, 35270 MiB, 38.35 W
2026/09/20 14:57:03.069, 2, 0 %, 0 %, 35270 MiB, 37.39 W
2026/09/20 14:57:08.069, 0, 0 %, 0 %, 35270 MiB, 38.99 W
2026/09/20 14:57:08.070, 1, 0 %, 0 %, 35270 MiB, 38.46 W
2026/09/20 14:57:08.070, 2, 0 %, 0 %, 35270 MiB, 37.29 W
2026/09/20 14:57:13.070, 0, 0 %, 0 %, 35270 MiB, 39.07 W
2026/09/20 14:57:13.070, 1, 0 %, 0 %, 35270 MiB, 38.44 W
2026/09/20 14:57:13.071, 2, 0 %, 0 %, 35270 MiB, 37.35 W
2026/09/20 14:57:18.077, 0, 0 %, 0 %, 35270 MiB, 39.15 W
2026/09/20 14:57:18.077, 1, 0 %, 0 %, 35270 MiB, 38.53 W
2026/09/20 14:57:18.078, 2, 0 %, 0 %, 35270 MiB, 37.44 W
2026/09/20 14:57:23.079, 0, 0 %, 0 %, 35270 MiB, 39.25 W
2026/09/20 14:57:23.079, 1, 0 %, 0 %, 35270 MiB, 38.73 W
2026/09/20 14:57:23.080, 2, 0 %, 0 %, 35270 MiB, 37.54 W
2026/09/20 14:57:28.082, 0, 0 %, 0 %, 35270 MiB, 39.17 W
2026/09/20 14:57:28.082, 1, 0 %, 0 %, 35270 MiB, 38.54 W
2026/09/20 14:57:28.082, 2, 0 %, 0 %, 35270 MiB, 37.35 W
2026/09/20 14:57:33.083, 0, 0 %, 0 %, 35270 MiB, 39.16 W
2026/09/20 14:57:33.084, 1, 0 %, 0 %, 35270 MiB, 38.44 W
2026/09/20 14:57:33.084, 2, 0 %, 0 %, 35270 MiB, 37.44 W
2026/09/20 14:57:38.085, 0, 0 %, 0 %, 35270 MiB, 39.49 W
2026/09/20 14:57:38.086, 1, 0 %, 0 %, 35270 MiB, 38.45 W
2026/09/20 14:57:38.086, 2, 0 %, 0 %, 35270 MiB, 37.46 W
2026/09/20 14:57:43.087, 0, 0 %, 0 %, 35270 MiB, 39.26 W
2026/09/20 14:57:43.087, 1, 0 %, 0 %, 35270 MiB, 38.46 W
2026/09/20 14:57:43.087, 2, 0 %, 0 %, 35270 MiB, 37.54 W
2026/09/20 14:57:48.088, 0, 0 %, 0 %, 35270 MiB, 39.11 W
2026/09/20 14:57:48.088, 1, 0 %, 0 %, 35270 MiB, 38.49 W
2026/09/20 14:57:48.088, 2, 0 %, 0 %, 35270 MiB, 37.49 W
2026/09/20 14:57:53.089, 0, 0 %, 0 %, 35270 MiB, 38.99 W
2026/09/20 14:57:53.089, 1, 0 %, 0 %, 35270 MiB, 38.46 W
2026/09/20 14:57:53.089, 2, 0 %, 0 %, 35270 MiB, 37.48 W
2026/09/20 14:57:58.090, 0, 0 %, 0 %, 35270 MiB, 39.16 W
2026/09/20 14:57:58.090, 1, 0 %, 0 %, 35270 MiB, 38.44 W
2026/09/20 14:57:58.091, 2, 0 %, 0 %, 35270 MiB, 37.54 W
2026/09/20 14:58:03.091, 0, 0 %, 0 %, 35270 MiB, 39.04 W
2026/09/20 14:58:03.092, 1, 0 %, 0 %, 35270 MiB, 38.43 W
2026/09/20 14:58:03.092, 2, 0 %, 0 %, 35270 MiB, 37.34 W
2026/09/20 14:58:08.093, 0, 0 %, 0 %, 35270 MiB, 39.16 W
2026/09/20 14:58:08.093, 1, 0 %, 0 %, 35270 MiB, 38.44 W
2026/09/20 14:58:08.094, 2, 0 %, 0 %, 35270 MiB, 37.24 W
2026/09/20 14:58:13.095, 0, 0 %, 0 %, 35270 MiB, 39.07 W
2026/09/20 14:58:13.096, 1, 0 %, 0 %, 35270 MiB, 38.53 W
2026/09/20 14:58:13.096, 2, 0 %, 0 %, 35270 MiB, 37.24 W
2026/09/20 14:58:18.096, 0, 0 %, 0 %, 35270 MiB, 39.19 W
2026/09/20 14:58:18.097, 1, 0 %, 0 %, 35270 MiB, 38.65 W
2026/09/20 14:58:18.097, 2, 0 %, 0 %, 35270 MiB, 37.47 W
2026/09/20 14:58:23.097, 0, 0 %, 0 %, 35270 MiB, 39.05 W
2026/09/20 14:58:23.098, 1, 0 %, 0 %, 35270 MiB, 38.44 W
2026/09/20 14:58:23.098, 2, 0 %, 0 %, 35270 MiB, 37.35 W
2026/09/20 14:58:28.098, 0, 0 %, 0 %, 35270 MiB, 39.14 W
2026/09/20 14:58:28.099, 1, 0 %, 0 %, 35270 MiB, 38.42 W
2026/09/20 14:58:28.099, 2, 0 %, 0 %, 35270 MiB, 37.34 W
2026/09/20 14:58:33.100, 0, 0 %, 0 %, 35270 MiB, 39.25 W
2026/09/20 14:58:33.101, 1, 0 %, 0 %, 35270 MiB, 38.53 W
2026/09/20 14:58:33.101, 2, 0 %, 0 %, 35270 MiB, 37.35 W
2026/09/20 14:58:38.102, 0, 0 %, 0 %, 35270 MiB, 39.18 W
2026/09/20 14:58:38.103, 1, 0 %, 0 %, 35270 MiB, 38.35 W
2026/09/20 14:58:38.103, 2, 0 %, 0 %, 35270 MiB, 37.56 W
2026/09/20 14:58:43.104, 0, 0 %, 0 %, 35270 MiB, 39.11 W
2026/09/20 14:58:43.104, 1, 0 %, 0 %, 35270 MiB, 38.39 W
2026/09/20 14:58:43.104, 2, 0 %, 0 %, 35270 MiB, 37.49 W
2026/09/20 14:58:48.105, 0, 0 %, 0 %, 35270 MiB, 39.08 W
2026/09/20 14:58:48.106, 1, 0 %, 0 %, 35270 MiB, 38.25 W
2026/09/20 14:58:48.106, 2, 0 %, 0 %, 35270 MiB, 37.37 W
2026/09/20 14:58:53.106, 0, 0 %, 0 %, 35270 MiB, 39.13 W
2026/09/20 14:58:53.107, 1, 0 %, 0 %, 35270 MiB, 38.61 W
2026/09/20 14:58:53.107, 2, 0 %, 0 %, 35270 MiB, 37.44 W
2026/09/20 14:58:58.108, 0, 0 %, 0 %, 35270 MiB, 38.97 W
2026/09/20 14:58:58.108, 1, 0 %, 0 %, 35270 MiB, 38.44 W
2026/09/20 14:58:58.108, 2, 0 %, 0 %, 35270 MiB, 37.64 W
2026/09/20 14:59:03.110, 0, 0 %, 0 %, 35270 MiB, 38.87 W
2026/09/20 14:59:03.111, 1, 0 %, 0 %, 35270 MiB, 38.33 W
2026/09/20 14:59:03.111, 2, 0 %, 0 %, 35270 MiB, 37.24 W
2026/09/20 14:59:08.112, 0, 0 %, 0 %, 35270 MiB, 38.97 W
2026/09/20 14:59:08.113, 1, 0 %, 0 %, 35270 MiB, 38.44 W
2026/09/20 14:59:08.113, 2, 0 %, 0 %, 35270 MiB, 37.33 W
2026/09/20 14:59:13.114, 0, 0 %, 0 %, 35270 MiB, 39.10 W
2026/09/20 14:59:13.114, 1, 0 %, 0 %, 35270 MiB, 38.35 W
2026/09/20 14:59:13.114, 2, 0 %, 0 %, 35270 MiB, 37.16 W
2026/09/20 14:59:18.116, 0, 0 %, 0 %, 35270 MiB, 38.99 W
2026/09/20 14:59:18.116, 1, 0 %, 0 %, 35270 MiB, 38.34 W
2026/09/20 14:59:18.116, 2, 0 %, 0 %, 35270 MiB, 37.36 W
2026/09/20 14:59:23.118, 0, 0 %, 0 %, 35270 MiB, 38.96 W
2026/09/20 14:59:23.118, 1, 0 %, 0 %, 35270 MiB, 38.33 W
2026/09/20 14:59:23.118, 2, 0 %, 0 %, 35270 MiB, 37.35 W
2026/09/20 14:59:28.125, 0, 0 %, 0 %, 35270 MiB, 38.96 W
2026/09/20 14:59:28.125, 1, 0 %, 0 %, 35270 MiB, 38.44 W
2026/09/20 14:59:28.125, 2, 0 %, 0 %, 35270 MiB, 37.14 W
2026/09/20 14:59:33.127, 0, 0 %, 0 %, 35270 MiB, 39.06 W
2026/09/20 14:59:33.127, 1, 0 %, 0 %, 35270 MiB, 38.53 W
2026/09/20 14:59:33.128, 2, 0 %, 0 %, 35270 MiB, 37.55 W
2026/09/20 14:59:38.129, 0, 0 %, 0 %, 35270 MiB, 39.07 W
2026/09/20 14:59:38.130, 1, 0 %, 0 %, 35270 MiB, 38.55 W
2026/09/20 14:59:38.130, 2, 0 %, 0 %, 35270 MiB, 37.36 W
2026/09/20 14:59:43.130, 0, 0 %, 0 %, 35270 MiB, 39.10 W
2026/09/20 14:59:43.131, 1, 0 %, 0 %, 35270 MiB, 38.27 W
2026/09/20 14:59:43.131, 2, 0 %, 0 %, 35270 MiB, 37.39 W
2026/09/20 14:59:48.132, 0, 0 %, 0 %, 35270 MiB, 39.14 W
2026/09/20 14:59:48.132, 1, 0 %, 0 %, 35270 MiB, 38.44 W
2026/09/20 14:59:48.132, 2, 0 %, 0 %, 35270 MiB, 37.34 W
2026/09/20 14:59:53.134, 0, 0 %, 0 %, 35270 MiB, 39.16 W
2026/09/20 14:59:53.134, 1, 0 %, 0 %, 35270 MiB, 38.33 W
2026/09/20 14:59:53.135, 2, 0 %, 0 %, 35270 MiB, 37.64 W
2026/09/20 14:59:58.136, 0, 0 %, 0 %, 35270 MiB, 39.04 W
2026/09/20 14:59:58.137, 1, 0 %, 0 %, 35270 MiB, 38.22 W
2026/09/20 14:59:58.137, 2, 0 %, 0 %, 35270 MiB, 37.44 W
2026/09/20 15:00:03.138, 0, 0 %, 0 %, 35270 MiB, 38.97 W
2026/09/20 15:00:03.139, 1, 0 %, 0 %, 35270 MiB, 38.34 W
2026/09/20 15:00:03.139, 2, 0 %, 0 %, 35270 MiB, 37.35 W
2026/09/20 15:00:08.139, 0, 0 %, 0 %, 35270 MiB, 39.11 W
2026/09/20 15:00:08.140, 1, 0 %, 0 %, 35270 MiB, 38.39 W
2026/09/20 15:00:08.140, 2, 0 %, 0 %, 35270 MiB, 37.49 W
2026/09/20 15:00:13.140, 0, 0 %, 0 %, 35270 MiB, 38.96 W
2026/09/20 15:00:13.141, 1, 0 %, 0 %, 35270 MiB, 38.34 W
2026/09/20 15:00:13.141, 2, 0 %, 0 %, 35270 MiB, 37.35 W
2026/09/20 15:00:18.142, 0, 0 %, 0 %, 35270 MiB, 38.97 W
2026/09/20 15:00:18.142, 1, 0 %, 0 %, 35270 MiB, 38.34 W
2026/09/20 15:00:18.142, 2, 0 %, 0 %, 35270 MiB, 37.36 W
2026/09/20 15:00:23.144, 0, 0 %, 0 %, 35270 MiB, 38.96 W
2026/09/20 15:00:23.145, 1, 0 %, 0 %, 35270 MiB, 38.53 W
2026/09/20 15:00:23.145, 2, 0 %, 0 %, 35270 MiB, 37.24 W
2026/09/20 15:00:28.146, 0, 0 %, 0 %, 35270 MiB, 39.05 W
2026/09/20 15:00:28.147, 1, 0 %, 0 %, 35270 MiB, 38.33 W
2026/09/20 15:00:28.147, 2, 0 %, 0 %, 35270 MiB, 37.44 W
2026/09/20 15:00:33.147, 0, 0 %, 0 %, 35270 MiB, 38.99 W
2026/09/20 15:00:33.148, 1, 0 %, 0 %, 35270 MiB, 38.46 W
2026/09/20 15:00:33.148, 2, 0 %, 0 %, 35270 MiB, 37.37 W
2026/09/20 15:00:38.148, 0, 0 %, 0 %, 35270 MiB, 38.91 W
2026/09/20 15:00:38.149, 1, 0 %, 0 %, 35270 MiB, 38.38 W
2026/09/20 15:00:38.149, 2, 0 %, 0 %, 35270 MiB, 37.28 W
2026/09/20 15:00:43.150, 0, 0 %, 0 %, 35270 MiB, 39.08 W
2026/09/20 15:00:43.150, 1, 0 %, 0 %, 35270 MiB, 38.46 W
2026/09/20 15:00:43.150, 2, 0 %, 0 %, 35270 MiB, 37.26 W
2026/09/20 15:00:48.152, 0, 0 %, 0 %, 35270 MiB, 39.06 W
2026/09/20 15:00:48.152, 1, 0 %, 0 %, 35270 MiB, 38.44 W
2026/09/20 15:00:48.152, 2, 0 %, 0 %, 35270 MiB, 37.35 W
2026/09/20 15:00:53.154, 0, 0 %, 0 %, 35270 MiB, 39.06 W
2026/09/20 15:00:53.154, 1, 0 %, 0 %, 35270 MiB, 38.23 W
2026/09/20 15:00:53.155, 2, 0 %, 0 %, 35270 MiB, 37.35 W
2026/09/20 15:00:58.161, 0, 0 %, 0 %, 35270 MiB, 39.06 W
2026/09/20 15:00:58.162, 1, 0 %, 0 %, 35270 MiB, 38.44 W
2026/09/20 15:00:58.162, 2, 0 %, 0 %, 35270 MiB, 37.36 W
2026/09/20 15:01:03.163, 0, 0 %, 0 %, 35270 MiB, 39.29 W
2026/09/20 15:01:03.164, 1, 0 %, 0 %, 35270 MiB, 38.36 W
2026/09/20 15:01:03.164, 2, 0 %, 0 %, 35270 MiB, 37.26 W
2026/09/20 15:01:08.164, 0, 0 %, 0 %, 35270 MiB, 39.01 W
2026/09/20 15:01:08.164, 1, 0 %, 0 %, 35270 MiB, 38.38 W
2026/09/20 15:01:08.164, 2, 0 %, 0 %, 35270 MiB, 37.49 W
2026/09/20 15:01:13.164, 0, 0 %, 0 %, 35270 MiB, 39.01 W
2026/09/20 15:01:13.165, 1, 0 %, 0 %, 35270 MiB, 38.39 W
2026/09/20 15:01:13.165, 2, 0 %, 0 %, 35270 MiB, 37.49 W
2026/09/20 15:01:18.165, 0, 0 %, 0 %, 35270 MiB, 39.01 W
2026/09/20 15:01:18.166, 1, 0 %, 0 %, 35270 MiB, 38.46 W
2026/09/20 15:01:18.166, 2, 0 %, 0 %, 35270 MiB, 37.26 W
2026/09/20 15:01:23.166, 0, 0 %, 0 %, 35270 MiB, 39.19 W
2026/09/20 15:01:23.167, 1, 0 %, 0 %, 35270 MiB, 38.36 W
2026/09/20 15:01:23.167, 2, 0 %, 0 %, 35270 MiB, 37.37 W
2026/09/20 15:01:28.168, 0, 0 %, 0 %, 35270 MiB, 39.08 W
2026/09/20 15:01:28.168, 1, 0 %, 0 %, 35270 MiB, 38.36 W
2026/09/20 15:01:28.168, 2, 0 %, 0 %, 35270 MiB, 37.55 W
2026/09/20 15:01:33.170, 0, 0 %, 0 %, 35270 MiB, 38.97 W
2026/09/20 15:01:33.170, 1, 0 %, 0 %, 35270 MiB, 38.44 W
2026/09/20 15:01:33.171, 2, 0 %, 0 %, 35270 MiB, 37.35 W
2026/09/20 15:01:38.171, 0, 0 %, 0 %, 35270 MiB, 39.07 W
2026/09/20 15:01:38.172, 1, 0 %, 0 %, 35270 MiB, 38.46 W
2026/09/20 15:01:38.172, 2, 0 %, 0 %, 35270 MiB, 37.87 W
2026/09/20 15:01:43.173, 0, 0 %, 0 %, 35270 MiB, 39.05 W
2026/09/20 15:01:43.174, 1, 0 %, 0 %, 35270 MiB, 38.32 W
2026/09/20 15:01:43.174, 2, 0 %, 0 %, 35270 MiB, 37.33 W
2026/09/20 15:01:48.175, 0, 0 %, 0 %, 35270 MiB, 39.04 W
2026/09/20 15:01:48.175, 1, 0 %, 0 %, 35270 MiB, 38.44 W
2026/09/20 15:01:48.175, 2, 0 %, 0 %, 35270 MiB, 37.44 W
2026/09/20 15:01:53.177, 0, 0 %, 0 %, 35270 MiB, 39.04 W
2026/09/20 15:01:53.177, 1, 0 %, 0 %, 35270 MiB, 38.41 W
2026/09/20 15:01:53.177, 2, 0 %, 0 %, 35270 MiB, 37.31 W
2026/09/20 15:01:58.179, 0, 0 %, 0 %, 35270 MiB, 38.86 W
2026/09/20 15:01:58.180, 1, 0 %, 0 %, 35270 MiB, 38.24 W
2026/09/20 15:01:58.180, 2, 0 %, 0 %, 35270 MiB, 37.25 W
2026/09/20 15:02:03.181, 0, 0 %, 0 %, 35270 MiB, 38.99 W
2026/09/20 15:02:03.181, 1, 0 %, 0 %, 35270 MiB, 38.18 W
2026/09/20 15:02:03.181, 2, 0 %, 0 %, 35270 MiB, 37.26 W
2026/09/20 15:02:08.183, 0, 0 %, 0 %, 35270 MiB, 38.99 W
2026/09/20 15:02:08.183, 1, 0 %, 0 %, 35270 MiB, 38.25 W
2026/09/20 15:02:08.183, 2, 0 %, 0 %, 35270 MiB, 37.47 W
2026/09/20 15:02:13.185, 0, 0 %, 0 %, 35270 MiB, 39.06 W
2026/09/20 15:02:13.185, 1, 0 %, 0 %, 35270 MiB, 38.23 W
2026/09/20 15:02:13.186, 2, 0 %, 0 %, 35270 MiB, 37.44 W
2026/09/20 15:02:18.187, 0, 0 %, 0 %, 35270 MiB, 38.96 W
2026/09/20 15:02:18.188, 1, 0 %, 0 %, 35270 MiB, 38.23 W
2026/09/20 15:02:18.188, 2, 0 %, 0 %, 35270 MiB, 37.34 W
2026/09/20 15:02:23.188, 0, 0 %, 0 %, 35270 MiB, 38.91 W
2026/09/20 15:02:23.189, 1, 0 %, 0 %, 35270 MiB, 38.28 W
2026/09/20 15:02:23.189, 2, 0 %, 0 %, 35270 MiB, 37.39 W
2026/09/20 15:02:28.189, 0, 0 %, 0 %, 35270 MiB, 38.97 W
2026/09/20 15:02:28.190, 1, 0 %, 0 %, 35270 MiB, 38.44 W
2026/09/20 15:02:28.190, 2, 0 %, 0 %, 35270 MiB, 37.23 W
2026/09/20 15:02:33.191, 0, 0 %, 0 %, 35270 MiB, 39.06 W
2026/09/20 15:02:33.192, 1, 0 %, 0 %, 35270 MiB, 38.23 W
2026/09/20 15:02:33.192, 2, 0 %, 0 %, 35270 MiB, 37.14 W
2026/09/20 15:02:38.193, 0, 0 %, 0 %, 35270 MiB, 38.85 W
2026/09/20 15:02:38.193, 1, 0 %, 0 %, 35270 MiB, 38.13 W
2026/09/20 15:02:38.194, 2, 0 %, 0 %, 35270 MiB, 37.15 W
2026/09/20 15:02:43.195, 0, 0 %, 0 %, 35270 MiB, 38.85 W
2026/09/20 15:02:43.195, 1, 0 %, 0 %, 35270 MiB, 38.22 W
2026/09/20 15:02:43.196, 2, 0 %, 0 %, 35270 MiB, 37.35 W
2026/09/20 15:02:48.197, 0, 0 %, 0 %, 35270 MiB, 38.95 W
2026/09/20 15:02:48.197, 1, 0 %, 0 %, 35270 MiB, 38.20 W
2026/09/20 15:02:48.198, 2, 0 %, 0 %, 35270 MiB, 37.13 W
2026/09/20 15:02:53.199, 0, 0 %, 0 %, 35270 MiB, 38.98 W
2026/09/20 15:02:53.200, 1, 0 %, 0 %, 35270 MiB, 38.23 W
2026/09/20 15:02:53.200, 2, 0 %, 0 %, 35270 MiB, 37.25 W
2026/09/20 15:02:58.201, 0, 0 %, 0 %, 35270 MiB, 38.98 W
2026/09/20 15:02:58.201, 1, 0 %, 0 %, 35270 MiB, 38.25 W
2026/09/20 15:02:58.202, 2, 0 %, 0 %, 35270 MiB, 37.25 W
2026/09/20 15:03:03.202, 0, 0 %, 0 %, 35270 MiB, 38.91 W
2026/09/20 15:03:03.202, 1, 0 %, 0 %, 35270 MiB, 38.49 W
2026/09/20 15:03:03.203, 2, 0 %, 0 %, 35270 MiB, 37.49 W
2026/09/20 15:03:08.204, 0, 0 %, 0 %, 35270 MiB, 39.07 W
2026/09/20 15:03:08.204, 1, 0 %, 0 %, 35270 MiB, 38.14 W
2026/09/20 15:03:08.205, 2, 0 %, 0 %, 35270 MiB, 37.36 W
2026/09/20 15:03:13.205, 0, 0 %, 0 %, 35270 MiB, 38.99 W
2026/09/20 15:03:13.206, 1, 0 %, 0 %, 35270 MiB, 38.15 W
2026/09/20 15:03:13.206, 2, 0 %, 0 %, 35270 MiB, 37.37 W
2026/09/20 15:03:18.207, 0, 0 %, 0 %, 35270 MiB, 39.01 W
2026/09/20 15:03:18.207, 1, 0 %, 0 %, 35270 MiB, 38.28 W
2026/09/20 15:03:18.207, 2, 0 %, 0 %, 35270 MiB, 37.39 W
2026/09/20 15:03:23.208, 0, 8 %, 0 %, 35270 MiB, 38.81 W
2026/09/20 15:03:23.208, 1, 0 %, 0 %, 35270 MiB, 38.68 W
2026/09/20 15:03:23.208, 2, 0 %, 0 %, 35270 MiB, 37.99 W
2026/09/20 15:03:28.208, 0, 0 %, 0 %, 35270 MiB, 38.99 W
2026/09/20 15:03:28.209, 1, 0 %, 0 %, 35270 MiB, 38.25 W
2026/09/20 15:03:28.209, 2, 0 %, 0 %, 35270 MiB, 37.38 W
2026/09/20 15:03:33.209, 0, 0 %, 0 %, 35270 MiB, 39.02 W
2026/09/20 15:03:33.210, 1, 0 %, 0 %, 35270 MiB, 38.28 W
2026/09/20 15:03:33.210, 2, 0 %, 0 %, 35270 MiB, 37.28 W
2026/09/20 15:03:38.211, 0, 0 %, 0 %, 35270 MiB, 38.99 W
2026/09/20 15:03:38.211, 1, 0 %, 0 %, 35270 MiB, 38.49 W
2026/09/20 15:03:38.212, 2, 0 %, 0 %, 35270 MiB, 37.49 W
2026/09/20 15:03:43.213, 0, 0 %, 0 %, 35270 MiB, 38.99 W
2026/09/20 15:03:43.213, 1, 0 %, 0 %, 35270 MiB, 38.36 W
2026/09/20 15:03:43.214, 2, 0 %, 0 %, 35270 MiB, 37.36 W
2026/09/20 15:03:48.215, 0, 0 %, 0 %, 35270 MiB, 38.99 W
2026/09/20 15:03:48.215, 1, 0 %, 0 %, 35270 MiB, 38.36 W
2026/09/20 15:03:48.215, 2, 0 %, 0 %, 35270 MiB, 37.39 W
2026/09/20 15:03:53.215, 0, 0 %, 0 %, 35270 MiB, 39.09 W
2026/09/20 15:03:53.216, 1, 0 %, 0 %, 35270 MiB, 38.28 W
2026/09/20 15:03:53.216, 2, 0 %, 0 %, 35270 MiB, 37.28 W
2026/09/20 15:03:58.217, 0, 0 %, 0 %, 35270 MiB, 39.85 W
2026/09/20 15:03:58.217, 1, 0 %, 0 %, 35270 MiB, 38.44 W
2026/09/20 15:03:58.218, 2, 0 %, 0 %, 35270 MiB, 37.35 W
2026/09/20 15:04:03.219, 0, 0 %, 0 %, 35270 MiB, 38.80 W
2026/09/20 15:04:03.219, 1, 0 %, 0 %, 35270 MiB, 38.49 W
2026/09/20 15:04:03.220, 2, 0 %, 0 %, 35270 MiB, 37.39 W
2026/09/20 15:04:08.220, 0, 0 %, 0 %, 35270 MiB, 39.17 W
2026/09/20 15:04:08.220, 1, 0 %, 0 %, 35270 MiB, 38.53 W
2026/09/20 15:04:08.221, 2, 0 %, 0 %, 35270 MiB, 37.44 W
2026/09/20 15:04:13.221, 0, 0 %, 0 %, 35270 MiB, 39.11 W
2026/09/20 15:04:13.222, 1, 0 %, 0 %, 35270 MiB, 38.49 W
2026/09/20 15:04:13.222, 2, 0 %, 0 %, 35270 MiB, 37.59 W
2026/09/20 15:04:18.222, 0, 0 %, 0 %, 35270 MiB, 39.40 W
2026/09/20 15:04:18.223, 1, 0 %, 0 %, 35270 MiB, 38.38 W
2026/09/20 15:04:18.223, 2, 0 %, 0 %, 35270 MiB, 37.49 W
2026/09/20 15:04:23.224, 0, 0 %, 0 %, 35270 MiB, 39.17 W
2026/09/20 15:04:23.224, 1, 0 %, 0 %, 35270 MiB, 38.36 W
2026/09/20 15:04:23.224, 2, 0 %, 0 %, 35270 MiB, 37.46 W
2026/09/20 15:04:28.224, 0, 0 %, 0 %, 35270 MiB, 39.02 W
2026/09/20 15:04:28.225, 1, 0 %, 0 %, 35270 MiB, 38.28 W
2026/09/20 15:04:28.225, 2, 0 %, 0 %, 35270 MiB, 37.39 W
2026/09/20 15:04:33.226, 0, 8 %, 0 %, 35270 MiB, 38.99 W
2026/09/20 15:04:33.227, 1, 0 %, 0 %, 35270 MiB, 38.56 W
2026/09/20 15:04:33.227, 2, 0 %, 0 %, 35270 MiB, 37.56 W
2026/09/20 15:04:38.227, 0, 0 %, 0 %, 35270 MiB, 39.38 W
2026/09/20 15:04:38.228, 1, 0 %, 0 %, 35270 MiB, 38.36 W
2026/09/20 15:04:38.228, 2, 0 %, 0 %, 35270 MiB, 37.47 W
2026/09/20 15:04:43.229, 0, 12 %, 0 %, 35270 MiB, 38.99 W
2026/09/20 15:04:43.230, 1, 0 %, 0 %, 35270 MiB, 38.25 W
2026/09/20 15:04:43.230, 2, 0 %, 0 %, 35270 MiB, 37.36 W
2026/09/20 15:04:48.230, 0, 0 %, 0 %, 35270 MiB, 38.99 W
2026/09/20 15:04:48.231, 1, 0 %, 0 %, 35270 MiB, 38.15 W
2026/09/20 15:04:48.231, 2, 0 %, 0 %, 35270 MiB, 37.18 W
2026/09/20 15:04:53.231, 0, 0 %, 0 %, 35270 MiB, 39.10 W
2026/09/20 15:04:53.232, 1, 0 %, 0 %, 35270 MiB, 38.39 W
2026/09/20 15:04:53.232, 2, 0 %, 0 %, 35270 MiB, 37.29 W
2026/09/20 15:04:58.233, 0, 0 %, 0 %, 35270 MiB, 39.02 W
2026/09/20 15:04:58.233, 1, 0 %, 0 %, 35270 MiB, 38.39 W
2026/09/20 15:04:58.233, 2, 0 %, 0 %, 35270 MiB, 37.28 W
2026/09/20 15:05:03.234, 0, 0 %, 0 %, 35270 MiB, 38.79 W
2026/09/20 15:05:03.234, 1, 0 %, 0 %, 35270 MiB, 38.35 W
2026/09/20 15:05:03.235, 2, 0 %, 0 %, 35270 MiB, 37.16 W
2026/09/20 15:05:08.235, 0, 0 %, 0 %, 35270 MiB, 38.97 W
2026/09/20 15:05:08.236, 1, 0 %, 0 %, 35270 MiB, 38.55 W
2026/09/20 15:05:08.236, 2, 0 %, 0 %, 35270 MiB, 37.46 W
2026/09/20 15:05:13.237, 0, 0 %, 0 %, 35270 MiB, 39.19 W
2026/09/20 15:05:13.237, 1, 0 %, 0 %, 35270 MiB, 38.47 W
2026/09/20 15:05:13.237, 2, 0 %, 0 %, 35270 MiB, 37.39 W
2026/09/20 15:05:18.238, 0, 0 %, 0 %, 35270 MiB, 39.11 W
2026/09/20 15:05:18.239, 1, 0 %, 0 %, 35270 MiB, 38.28 W
2026/09/20 15:05:18.239, 2, 0 %, 0 %, 35270 MiB, 37.39 W
2026/09/20 15:05:23.240, 0, 24 %, 1 %, 35270 MiB, 39.08 W
2026/09/20 15:05:23.241, 1, 0 %, 0 %, 35270 MiB, 38.25 W
2026/09/20 15:05:23.241, 2, 0 %, 0 %, 35270 MiB, 37.36 W
2026/09/20 15:05:28.241, 0, 0 %, 0 %, 35270 MiB, 39.37 W
2026/09/20 15:05:28.242, 1, 0 %, 0 %, 35270 MiB, 38.46 W
2026/09/20 15:05:28.242, 2, 0 %, 0 %, 35270 MiB, 37.56 W
2026/09/20 15:05:33.242, 0, 0 %, 0 %, 35270 MiB, 39.19 W
2026/09/20 15:05:33.243, 1, 0 %, 0 %, 35270 MiB, 38.49 W
2026/09/20 15:05:33.243, 2, 0 %, 0 %, 35270 MiB, 37.49 W
2026/09/20 15:05:38.243, 0, 0 %, 0 %, 35270 MiB, 39.12 W
2026/09/20 15:05:38.243, 1, 0 %, 0 %, 35270 MiB, 38.39 W
2026/09/20 15:05:38.243, 2, 0 %, 0 %, 35270 MiB, 37.49 W
2026/09/20 15:05:43.244, 0, 0 %, 0 %, 35270 MiB, 39.02 W
2026/09/20 15:05:43.244, 1, 0 %, 0 %, 35270 MiB, 38.58 W
2026/09/20 15:05:43.244, 2, 0 %, 0 %, 35270 MiB, 37.49 W
2026/09/20 15:05:48.244, 0, 0 %, 0 %, 35270 MiB, 39.22 W
2026/09/20 15:05:48.244, 1, 0 %, 0 %, 35270 MiB, 38.49 W
2026/09/20 15:05:48.245, 2, 0 %, 0 %, 35270 MiB, 37.39 W
2026/09/20 15:05:53.245, 0, 0 %, 0 %, 35270 MiB, 39.22 W
2026/09/20 15:05:53.245, 1, 0 %, 0 %, 35270 MiB, 38.49 W
2026/09/20 15:05:53.245, 2, 0 %, 0 %, 35270 MiB, 37.39 W
2026/09/20 15:05:58.245, 0, 0 %, 0 %, 35270 MiB, 39.22 W
2026/09/20 15:05:58.246, 1, 0 %, 0 %, 35270 MiB, 38.78 W
2026/09/20 15:05:58.246, 2, 0 %, 0 %, 35270 MiB, 37.39 W
2026/09/20 15:06:03.246, 0, 0 %, 0 %, 35270 MiB, 39.12 W
2026/09/20 15:06:03.246, 1, 0 %, 0 %, 35270 MiB, 38.58 W
2026/09/20 15:06:03.246, 2, 0 %, 0 %, 35270 MiB, 37.39 W
2026/09/20 15:06:08.247, 0, 0 %, 0 %, 35270 MiB, 39.22 W
2026/09/20 15:06:08.247, 1, 0 %, 0 %, 35270 MiB, 38.58 W
2026/09/20 15:06:08.247, 2, 0 %, 0 %, 35270 MiB, 37.39 W
2026/09/20 15:06:13.248, 0, 0 %, 0 %, 35270 MiB, 39.31 W
2026/09/20 15:06:13.248, 1, 0 %, 0 %, 35270 MiB, 38.68 W
2026/09/20 15:06:13.248, 2, 0 %, 0 %, 35270 MiB, 37.49 W
2026/09/20 15:06:18.249, 0, 0 %, 0 %, 35270 MiB, 39.31 W
2026/09/20 15:06:18.249, 1, 0 %, 0 %, 35270 MiB, 38.78 W
2026/09/20 15:06:18.249, 2, 0 %, 0 %, 35270 MiB, 37.49 W
2026/09/20 15:06:23.249, 0, 0 %, 0 %, 35270 MiB, 39.50 W
2026/09/20 15:06:23.250, 1, 0 %, 0 %, 35270 MiB, 38.78 W
2026/09/20 15:06:23.250, 2, 0 %, 0 %, 35270 MiB, 37.49 W
2026/09/20 15:06:28.250, 0, 0 %, 0 %, 35270 MiB, 39.41 W
2026/09/20 15:06:28.250, 1, 0 %, 0 %, 35270 MiB, 38.59 W
2026/09/20 15:06:28.250, 2, 0 %, 0 %, 35270 MiB, 37.59 W
2026/09/20 15:06:33.251, 0, 0 %, 0 %, 35270 MiB, 39.41 W
2026/09/20 15:06:33.251, 1, 0 %, 0 %, 35270 MiB, 38.79 W
2026/09/20 15:06:33.251, 2, 0 %, 0 %, 35270 MiB, 37.49 W
2026/09/20 15:06:38.251, 0, 0 %, 0 %, 35270 MiB, 39.41 W
2026/09/20 15:06:38.252, 1, 0 %, 0 %, 35270 MiB, 38.68 W
2026/09/20 15:06:38.252, 2, 0 %, 0 %, 35270 MiB, 37.59 W
2026/09/20 15:06:43.252, 0, 0 %, 0 %, 35270 MiB, 39.31 W
2026/09/20 15:06:43.252, 1, 0 %, 0 %, 35270 MiB, 38.69 W
2026/09/20 15:06:43.252, 2, 0 %, 0 %, 35270 MiB, 37.80 W
2026/09/20 15:06:48.253, 0, 0 %, 0 %, 35270 MiB, 39.22 W
2026/09/20 15:06:48.253, 1, 0 %, 0 %, 35270 MiB, 38.68 W
2026/09/20 15:06:48.253, 2, 0 %, 0 %, 35270 MiB, 37.69 W
2026/09/20 15:06:53.253, 0, 0 %, 0 %, 35270 MiB, 39.31 W
2026/09/20 15:06:53.254, 1, 0 %, 0 %, 35270 MiB, 38.78 W
2026/09/20 15:06:53.254, 2, 0 %, 0 %, 35270 MiB, 37.49 W
2026/09/20 15:06:58.254, 0, 0 %, 0 %, 35270 MiB, 39.38 W
2026/09/20 15:06:58.254, 1, 0 %, 0 %, 35270 MiB, 38.76 W
2026/09/20 15:06:58.254, 2, 0 %, 0 %, 35270 MiB, 37.58 W
2026/09/20 15:07:03.255, 0, 0 %, 0 %, 35270 MiB, 39.40 W
2026/09/20 15:07:03.255, 1, 0 %, 0 %, 35270 MiB, 38.78 W
2026/09/20 15:07:03.255, 2, 0 %, 0 %, 35270 MiB, 37.70 W
2026/09/20 15:07:08.255, 0, 0 %, 0 %, 35270 MiB, 39.31 W
2026/09/20 15:07:08.256, 1, 0 %, 0 %, 35270 MiB, 38.97 W
2026/09/20 15:07:08.256, 2, 0 %, 0 %, 35270 MiB, 37.59 W
2026/09/20 15:07:13.256, 0, 0 %, 0 %, 35270 MiB, 39.40 W
2026/09/20 15:07:13.256, 1, 0 %, 0 %, 35270 MiB, 38.78 W
2026/09/20 15:07:13.256, 2, 0 %, 0 %, 35270 MiB, 37.59 W
2026/09/20 15:07:18.257, 0, 0 %, 0 %, 35270 MiB, 39.59 W
2026/09/20 15:07:18.257, 1, 0 %, 0 %, 35270 MiB, 38.87 W
2026/09/20 15:07:18.257, 2, 0 %, 0 %, 35270 MiB, 37.59 W
2026/09/20 15:07:23.257, 0, 0 %, 0 %, 35270 MiB, 39.41 W
2026/09/20 15:07:23.258, 1, 0 %, 0 %, 35270 MiB, 38.88 W
2026/09/20 15:07:23.258, 2, 0 %, 0 %, 35270 MiB, 37.59 W
2026/09/20 15:07:28.259, 0, 0 %, 0 %, 35270 MiB, 39.36 W
2026/09/20 15:07:28.259, 1, 0 %, 0 %, 35270 MiB, 38.93 W
2026/09/20 15:07:28.259, 2, 0 %, 0 %, 35270 MiB, 37.56 W
2026/09/20 15:07:33.260, 0, 0 %, 0 %, 35270 MiB, 39.46 W
2026/09/20 15:07:33.261, 1, 0 %, 0 %, 35270 MiB, 38.73 W
2026/09/20 15:07:33.261, 2, 0 %, 0 %, 35270 MiB, 37.54 W
2026/09/20 15:07:38.262, 0, 0 %, 0 %, 35270 MiB, 39.56 W
2026/09/20 15:07:38.262, 1, 0 %, 0 %, 35270 MiB, 38.75 W
2026/09/20 15:07:38.262, 2, 0 %, 0 %, 35270 MiB, 37.47 W
2026/09/20 15:07:43.264, 0, 0 %, 0 %, 35270 MiB, 39.45 W
2026/09/20 15:07:43.264, 1, 0 %, 0 %, 35270 MiB, 38.63 W
2026/09/20 15:07:43.265, 2, 0 %, 0 %, 35270 MiB, 37.64 W
2026/09/20 15:07:48.265, 0, 0 %, 0 %, 35270 MiB, 39.26 W
2026/09/20 15:07:48.266, 1, 0 %, 0 %, 35270 MiB, 38.65 W
2026/09/20 15:07:48.266, 2, 0 %, 0 %, 35270 MiB, 37.46 W
2026/09/20 15:07:53.267, 0, 0 %, 0 %, 35270 MiB, 39.07 W
2026/09/20 15:07:53.267, 1, 0 %, 0 %, 35270 MiB, 38.56 W
2026/09/20 15:07:53.268, 2, 0 %, 0 %, 35270 MiB, 37.46 W
2026/09/20 15:07:58.268, 0, 0 %, 0 %, 35270 MiB, 39.17 W
2026/09/20 15:07:58.269, 1, 0 %, 0 %, 35270 MiB, 38.54 W
2026/09/20 15:07:58.269, 2, 0 %, 0 %, 35270 MiB, 37.46 W
2026/09/20 15:08:03.269, 0, 0 %, 0 %, 35270 MiB, 39.18 W
2026/09/20 15:08:03.270, 1, 0 %, 0 %, 35270 MiB, 38.65 W
2026/09/20 15:08:03.270, 2, 0 %, 0 %, 35270 MiB, 37.36 W
2026/09/20 15:08:08.270, 0, 0 %, 0 %, 35270 MiB, 39.16 W
2026/09/20 15:08:08.270, 1, 0 %, 0 %, 35270 MiB, 38.63 W
2026/09/20 15:08:08.270, 2, 0 %, 0 %, 35270 MiB, 37.35 W
2026/09/20 15:08:13.271, 0, 0 %, 0 %, 35270 MiB, 38.76 W
2026/09/20 15:08:13.271, 1, 0 %, 0 %, 35270 MiB, 38.63 W
2026/09/20 15:08:13.272, 2, 0 %, 0 %, 35270 MiB, 37.35 W
2026/09/20 15:08:18.273, 0, 0 %, 0 %, 35270 MiB, 39.17 W
2026/09/20 15:08:18.274, 1, 0 %, 0 %, 35270 MiB, 38.63 W
2026/09/20 15:08:18.274, 2, 0 %, 0 %, 35270 MiB, 37.35 W
2026/09/20 15:08:23.275, 0, 0 %, 0 %, 35270 MiB, 39.17 W
2026/09/20 15:08:23.275, 1, 0 %, 0 %, 35270 MiB, 38.83 W
2026/09/20 15:08:23.275, 2, 0 %, 0 %, 35270 MiB, 37.35 W
2026/09/20 15:08:28.282, 0, 0 %, 0 %, 35270 MiB, 39.17 W
2026/09/20 15:08:28.282, 1, 0 %, 0 %, 35270 MiB, 38.74 W
2026/09/20 15:08:28.282, 2, 0 %, 0 %, 35270 MiB, 37.36 W
2026/09/20 15:08:33.284, 0, 0 %, 0 %, 35270 MiB, 39.36 W
2026/09/20 15:08:33.285, 1, 0 %, 0 %, 35270 MiB, 38.75 W
2026/09/20 15:08:33.285, 2, 0 %, 0 %, 35270 MiB, 37.36 W
2026/09/20 15:08:38.286, 0, 0 %, 0 %, 35270 MiB, 39.17 W
2026/09/20 15:08:38.286, 1, 0 %, 0 %, 35270 MiB, 38.64 W
2026/09/20 15:08:38.287, 2, 0 %, 0 %, 35270 MiB, 37.45 W
2026/09/20 15:08:43.288, 0, 0 %, 0 %, 35270 MiB, 39.17 W
2026/09/20 15:08:43.288, 1, 0 %, 0 %, 35270 MiB, 38.55 W
2026/09/20 15:08:43.288, 2, 0 %, 0 %, 35270 MiB, 37.36 W
2026/09/20 15:08:48.290, 0, 0 %, 0 %, 35270 MiB, 39.25 W
2026/09/20 15:08:48.290, 1, 0 %, 0 %, 35270 MiB, 38.44 W
2026/09/20 15:08:48.291, 2, 0 %, 0 %, 35270 MiB, 37.44 W
2026/09/20 15:08:53.293, 0, 0 %, 0 %, 35270 MiB, 39.26 W
2026/09/20 15:08:53.293, 1, 0 %, 0 %, 35270 MiB, 38.45 W
2026/09/20 15:08:53.293, 2, 0 %, 0 %, 35270 MiB, 37.37 W
2026/09/20 15:08:58.295, 0, 0 %, 0 %, 35270 MiB, 38.96 W
2026/09/20 15:08:58.295, 1, 0 %, 0 %, 35270 MiB, 38.63 W
2026/09/20 15:08:58.296, 2, 0 %, 0 %, 35270 MiB, 37.54 W
2026/09/20 15:09:03.297, 0, 0 %, 0 %, 35270 MiB, 38.96 W
2026/09/20 15:09:03.298, 1, 0 %, 0 %, 35270 MiB, 38.44 W
2026/09/20 15:09:03.298, 2, 0 %, 0 %, 35270 MiB, 37.35 W
2026/09/20 15:09:08.299, 0, 0 %, 0 %, 35270 MiB, 38.99 W
2026/09/20 15:09:08.299, 1, 0 %, 0 %, 35270 MiB, 38.45 W
2026/09/20 15:09:08.299, 2, 0 %, 0 %, 35270 MiB, 37.15 W
2026/09/20 15:09:13.300, 0, 0 %, 0 %, 35270 MiB, 38.99 W
2026/09/20 15:09:13.301, 1, 0 %, 0 %, 35270 MiB, 38.46 W
2026/09/20 15:09:13.301, 2, 0 %, 0 %, 35270 MiB, 37.16 W
2026/09/20 15:09:18.302, 0, 0 %, 0 %, 35270 MiB, 39.09 W
2026/09/20 15:09:18.302, 1, 0 %, 0 %, 35270 MiB, 38.57 W
2026/09/20 15:09:18.302, 2, 0 %, 0 %, 35270 MiB, 37.28 W
2026/09/20 15:09:23.304, 0, 0 %, 0 %, 35270 MiB, 39.09 W
2026/09/20 15:09:23.304, 1, 0 %, 0 %, 35270 MiB, 38.65 W
2026/09/20 15:09:23.305, 2, 0 %, 0 %, 35270 MiB, 37.27 W
2026/09/20 15:09:28.306, 0, 0 %, 0 %, 35270 MiB, 39.21 W
2026/09/20 15:09:28.306, 1, 0 %, 0 %, 35270 MiB, 38.65 W
2026/09/20 15:09:28.307, 2, 0 %, 0 %, 35270 MiB, 37.38 W
2026/09/20 15:09:33.308, 0, 0 %, 0 %, 35270 MiB, 39.21 W
2026/09/20 15:09:33.308, 1, 0 %, 0 %, 35270 MiB, 38.85 W
2026/09/20 15:09:33.308, 2, 0 %, 0 %, 35270 MiB, 37.39 W
2026/09/20 15:09:38.309, 0, 0 %, 0 %, 35270 MiB, 39.20 W
2026/09/20 15:09:38.309, 1, 0 %, 0 %, 35270 MiB, 38.78 W
2026/09/20 15:09:38.309, 2, 0 %, 0 %, 35270 MiB, 37.39 W
2026/09/20 15:09:43.310, 0, 0 %, 0 %, 35270 MiB, 39.21 W
2026/09/20 15:09:43.310, 1, 0 %, 0 %, 35270 MiB, 38.78 W
2026/09/20 15:09:43.311, 2, 0 %, 0 %, 35270 MiB, 37.39 W
2026/09/20 15:09:48.311, 0, 0 %, 0 %, 35270 MiB, 39.41 W
2026/09/20 15:09:48.311, 1, 0 %, 0 %, 35270 MiB, 38.58 W
2026/09/20 15:09:48.311, 2, 0 %, 0 %, 35270 MiB, 37.49 W
2026/09/20 15:09:53.311, 0, 0 %, 0 %, 35270 MiB, 39.29 W
2026/09/20 15:09:53.312, 1, 0 %, 0 %, 35270 MiB, 38.67 W
2026/09/20 15:09:53.312, 2, 0 %, 0 %, 35270 MiB, 37.39 W
2026/09/20 15:09:58.312, 0, 0 %, 0 %, 35270 MiB, 39.31 W
2026/09/20 15:09:58.312, 1, 0 %, 0 %, 35270 MiB, 38.68 W
2026/09/20 15:09:58.312, 2, 0 %, 0 %, 35270 MiB, 37.49 W
2026/09/20 15:10:03.313, 0, 0 %, 0 %, 35270 MiB, 39.12 W
2026/09/20 15:10:03.313, 1, 0 %, 0 %, 35270 MiB, 38.58 W
2026/09/20 15:10:03.314, 2, 0 %, 0 %, 35270 MiB, 37.59 W
2026/09/20 15:10:08.314, 0, 0 %, 0 %, 35270 MiB, 39.31 W
2026/09/20 15:10:08.315, 1, 0 %, 0 %, 35270 MiB, 38.97 W
2026/09/20 15:10:08.315, 2, 0 %, 0 %, 35270 MiB, 37.59 W
2026/09/20 15:10:13.315, 0, 0 %, 0 %, 35270 MiB, 39.31 W
2026/09/20 15:10:13.315, 1, 0 %, 0 %, 35270 MiB, 38.78 W
2026/09/20 15:10:13.315, 2, 0 %, 0 %, 35270 MiB, 37.39 W
2026/09/20 15:10:18.316, 0, 100 %, 7 %, 35270 MiB, 92.78 W
2026/09/20 15:10:18.316, 1, 100 %, 10 %, 35270 MiB, 83.39 W
2026/09/20 15:10:18.316, 2, 100 %, 7 %, 35270 MiB, 92.65 W
2026/09/20 15:10:23.317, 0, 100 %, 7 %, 35270 MiB, 90.03 W
2026/09/20 15:10:23.317, 1, 100 %, 7 %, 35270 MiB, 86.54 W
2026/09/20 15:10:23.317, 2, 100 %, 7 %, 35270 MiB, 93.06 W
2026/09/20 15:10:28.318, 0, 100 %, 7 %, 35270 MiB, 90.85 W
2026/09/20 15:10:28.318, 1, 100 %, 7 %, 35270 MiB, 89.08 W
2026/09/20 15:10:28.318, 2, 100 %, 7 %, 35270 MiB, 92.27 W
2026/09/20 15:10:33.318, 0, 100 %, 7 %, 35270 MiB, 92.48 W
2026/09/20 15:10:33.318, 1, 100 %, 7 %, 35270 MiB, 92.40 W
2026/09/20 15:10:33.319, 2, 100 %, 11 %, 35270 MiB, 87.83 W
2026/09/20 15:10:38.320, 0, 100 %, 7 %, 35270 MiB, 91.78 W
2026/09/20 15:10:38.320, 1, 100 %, 11 %, 35270 MiB, 91.43 W
2026/09/20 15:10:38.320, 2, 100 %, 7 %, 35270 MiB, 92.64 W
2026/09/20 15:10:43.320, 0, 100 %, 7 %, 35270 MiB, 88.29 W
2026/09/20 15:10:43.321, 1, 100 %, 11 %, 35270 MiB, 95.67 W
2026/09/20 15:10:43.321, 2, 100 %, 6 %, 35270 MiB, 92.30 W
2026/09/20 15:10:48.321, 0, 100 %, 7 %, 35270 MiB, 93.83 W
2026/09/20 15:10:48.321, 1, 100 %, 7 %, 35270 MiB, 97.65 W
2026/09/20 15:10:48.321, 2, 100 %, 7 %, 35270 MiB, 94.29 W
2026/09/20 15:10:53.322, 0, 100 %, 6 %, 35270 MiB, 92.64 W
2026/09/20 15:10:53.322, 1, 100 %, 7 %, 35270 MiB, 92.87 W
2026/09/20 15:10:53.322, 2, 100 %, 7 %, 35270 MiB, 94.66 W
2026/09/20 15:10:58.322, 0, 100 %, 11 %, 35270 MiB, 92.07 W
2026/09/20 15:10:58.323, 1, 100 %, 11 %, 35270 MiB, 94.22 W
2026/09/20 15:10:58.323, 2, 100 %, 7 %, 35270 MiB, 94.28 W
2026/09/20 15:11:03.323, 0, 100 %, 10 %, 35270 MiB, 93.51 W
2026/09/20 15:11:03.323, 1, 100 %, 7 %, 35270 MiB, 96.71 W
2026/09/20 15:11:03.323, 2, 100 %, 11 %, 35270 MiB, 118.01 W
2026/09/20 15:11:08.324, 0, 100 %, 7 %, 35270 MiB, 94.27 W
2026/09/20 15:11:08.324, 1, 100 %, 11 %, 35270 MiB, 94.75 W
2026/09/20 15:11:08.324, 2, 100 %, 7 %, 35270 MiB, 152.16 W
2026/09/20 15:11:13.325, 0, 100 %, 7 %, 35270 MiB, 99.32 W
2026/09/20 15:11:13.325, 1, 100 %, 8 %, 35270 MiB, 112.08 W
2026/09/20 15:11:13.325, 2, 100 %, 7 %, 35270 MiB, 92.07 W
2026/09/20 15:11:18.325, 0, 99 %, 11 %, 35270 MiB, 93.50 W
2026/09/20 15:11:18.325, 1, 100 %, 11 %, 35270 MiB, 137.57 W
2026/09/20 15:11:18.326, 2, 100 %, 7 %, 35270 MiB, 91.61 W
2026/09/20 15:11:23.326, 0, 100 %, 11 %, 35270 MiB, 92.66 W
2026/09/20 15:11:23.326, 1, 100 %, 7 %, 35270 MiB, 95.49 W
2026/09/20 15:11:23.326, 2, 100 %, 7 %, 35270 MiB, 92.12 W
2026/09/20 15:11:28.327, 0, 100 %, 7 %, 35270 MiB, 93.94 W
2026/09/20 15:11:28.327, 1, 100 %, 7 %, 35270 MiB, 93.23 W
2026/09/20 15:11:28.327, 2, 100 %, 7 %, 35270 MiB, 96.36 W
2026/09/20 15:11:33.327, 0, 100 %, 7 %, 35270 MiB, 97.26 W
2026/09/20 15:11:33.327, 1, 100 %, 7 %, 35270 MiB, 97.44 W
2026/09/20 15:11:33.328, 2, 100 %, 7 %, 35270 MiB, 95.08 W
2026/09/20 15:11:38.328, 0, 100 %, 11 %, 35270 MiB, 164.75 W
2026/09/20 15:11:38.328, 1, 100 %, 7 %, 35270 MiB, 95.37 W
2026/09/20 15:11:38.328, 2, 100 %, 7 %, 35270 MiB, 101.84 W
2026/09/20 15:11:43.329, 0, 100 %, 11 %, 35270 MiB, 97.38 W
2026/09/20 15:11:43.329, 1, 100 %, 7 %, 35270 MiB, 98.04 W
2026/09/20 15:11:43.329, 2, 100 %, 7 %, 35270 MiB, 94.31 W
2026/09/20 15:11:48.330, 0, 100 %, 7 %, 35270 MiB, 98.30 W
2026/09/20 15:11:48.330, 1, 100 %, 7 %, 35270 MiB, 96.73 W
2026/09/20 15:11:48.330, 2, 100 %, 11 %, 35270 MiB, 97.42 W
2026/09/20 15:11:53.330, 0, 100 %, 7 %, 35270 MiB, 96.05 W
2026/09/20 15:11:53.331, 1, 100 %, 7 %, 35270 MiB, 98.93 W
2026/09/20 15:11:53.331, 2, 100 %, 9 %, 35270 MiB, 94.88 W
2026/09/20 15:11:58.331, 0, 100 %, 11 %, 35270 MiB, 96.76 W
2026/09/20 15:11:58.331, 1, 100 %, 7 %, 35270 MiB, 104.34 W
2026/09/20 15:11:58.331, 2, 100 %, 7 %, 35270 MiB, 96.49 W
2026/09/20 15:12:03.332, 0, 100 %, 7 %, 35270 MiB, 101.48 W
2026/09/20 15:12:03.332, 1, 100 %, 9 %, 35270 MiB, 100.68 W
2026/09/20 15:12:03.332, 2, 100 %, 8 %, 35270 MiB, 98.23 W
2026/09/20 15:12:08.333, 0, 100 %, 6 %, 35270 MiB, 100.17 W
2026/09/20 15:12:08.333, 1, 100 %, 11 %, 35270 MiB, 98.34 W
2026/09/20 15:12:08.333, 2, 100 %, 7 %, 35270 MiB, 95.36 W
2026/09/20 15:12:13.333, 0, 100 %, 7 %, 35270 MiB, 103.55 W
2026/09/20 15:12:13.333, 1, 100 %, 8 %, 35270 MiB, 103.82 W
2026/09/20 15:12:13.334, 2, 100 %, 7 %, 35270 MiB, 101.03 W
2026/09/20 15:12:18.334, 0, 100 %, 7 %, 35270 MiB, 98.34 W
2026/09/20 15:12:18.334, 1, 100 %, 7 %, 35270 MiB, 101.03 W
2026/09/20 15:12:18.334, 2, 100 %, 6 %, 35270 MiB, 97.46 W
2026/09/20 15:12:23.335, 0, 100 %, 7 %, 35270 MiB, 102.43 W
2026/09/20 15:12:23.335, 1, 0 %, 0 %, 35270 MiB, 43.58 W
2026/09/20 15:12:23.335, 2, 0 %, 0 %, 35270 MiB, 42.24 W
2026/09/20 15:12:28.335, 0, 0 %, 0 %, 35270 MiB, 44.85 W
2026/09/20 15:12:28.335, 1, 0 %, 0 %, 35270 MiB, 43.33 W
2026/09/20 15:12:28.335, 2, 0 %, 0 %, 35270 MiB, 41.67 W
2026/09/20 15:12:33.344, 0, 0 %, 0 %, 35270 MiB, 43.90 W
2026/09/20 15:12:33.345, 1, 0 %, 0 %, 35270 MiB, 42.80 W
2026/09/20 15:12:33.345, 2, 0 %, 0 %, 35270 MiB, 41.62 W
2026/09/20 15:12:38.346, 0, 0 %, 0 %, 35270 MiB, 43.49 W
2026/09/20 15:12:38.346, 1, 0 %, 0 %, 35270 MiB, 42.77 W
2026/09/20 15:12:38.347, 2, 0 %, 0 %, 35270 MiB, 41.11 W
2026/09/20 15:12:43.350, 0, 0 %, 0 %, 35270 MiB, 43.12 W
2026/09/20 15:12:43.350, 1, 0 %, 0 %, 35270 MiB, 42.09 W
2026/09/20 15:12:43.351, 2, 0 %, 0 %, 35270 MiB, 40.73 W
2026/09/20 15:12:48.357, 0, 0 %, 0 %, 35270 MiB, 42.72 W
2026/09/20 15:12:48.358, 1, 0 %, 0 %, 35270 MiB, 41.89 W
2026/09/20 15:12:48.358, 2, 0 %, 0 %, 35270 MiB, 40.33 W
2026/09/20 15:12:53.359, 0, 0 %, 0 %, 35270 MiB, 42.42 W
2026/09/20 15:12:53.359, 1, 0 %, 0 %, 35270 MiB, 41.60 W
2026/09/20 15:12:53.359, 2, 0 %, 0 %, 35270 MiB, 40.22 W
2026/09/20 15:12:58.361, 0, 0 %, 0 %, 35270 MiB, 42.32 W
2026/09/20 15:12:58.361, 1, 0 %, 0 %, 35270 MiB, 41.70 W
2026/09/20 15:12:58.361, 2, 0 %, 0 %, 35270 MiB, 39.92 W
2026/09/20 15:13:03.363, 0, 0 %, 0 %, 35270 MiB, 42.13 W
2026/09/20 15:13:03.363, 1, 0 %, 0 %, 35270 MiB, 41.21 W
2026/09/20 15:13:03.363, 2, 0 %, 0 %, 35270 MiB, 39.72 W
2026/09/20 15:13:08.365, 0, 0 %, 0 %, 35270 MiB, 41.85 W
2026/09/20 15:13:08.365, 1, 0 %, 0 %, 35270 MiB, 40.72 W
2026/09/20 15:13:08.365, 2, 0 %, 0 %, 35270 MiB, 39.54 W
2026/09/20 15:13:13.367, 0, 0 %, 0 %, 35270 MiB, 41.75 W
2026/09/20 15:13:13.367, 1, 0 %, 0 %, 35270 MiB, 40.51 W
2026/09/20 15:13:13.368, 2, 0 %, 0 %, 35270 MiB, 39.74 W
2026/09/20 15:13:18.369, 0, 0 %, 0 %, 35270 MiB, 41.53 W
2026/09/20 15:13:18.369, 1, 0 %, 0 %, 35270 MiB, 40.42 W
2026/09/20 15:13:18.369, 2, 0 %, 0 %, 35270 MiB, 39.62 W
2026/09/20 15:13:23.371, 0, 0 %, 0 %, 35270 MiB, 41.54 W
2026/09/20 15:13:23.371, 1, 0 %, 0 %, 35270 MiB, 40.42 W
2026/09/20 15:13:23.372, 2, 0 %, 0 %, 35270 MiB, 39.53 W
2026/09/20 15:13:28.372, 0, 0 %, 0 %, 35270 MiB, 41.14 W
2026/09/20 15:13:28.373, 1, 0 %, 0 %, 35270 MiB, 40.71 W
2026/09/20 15:13:28.373, 2, 0 %, 0 %, 35270 MiB, 39.63 W
2026/09/20 15:13:33.373, 0, 0 %, 0 %, 35270 MiB, 41.04 W
2026/09/20 15:13:33.374, 1, 0 %, 0 %, 35270 MiB, 40.22 W
2026/09/20 15:13:33.374, 2, 0 %, 0 %, 35270 MiB, 39.43 W
2026/09/20 15:13:38.375, 0, 0 %, 0 %, 35270 MiB, 41.24 W
2026/09/20 15:13:38.375, 1, 0 %, 0 %, 35270 MiB, 40.42 W
2026/09/20 15:13:38.375, 2, 0 %, 0 %, 35270 MiB, 39.13 W
2026/09/20 15:13:43.376, 0, 0 %, 0 %, 35270 MiB, 40.94 W
2026/09/20 15:13:43.377, 1, 0 %, 0 %, 35270 MiB, 40.11 W
2026/09/20 15:13:43.377, 2, 0 %, 0 %, 35270 MiB, 39.03 W
2026/09/20 15:13:48.377, 0, 0 %, 0 %, 35270 MiB, 40.84 W
2026/09/20 15:13:48.378, 1, 0 %, 0 %, 35270 MiB, 40.11 W
2026/09/20 15:13:48.378, 2, 0 %, 0 %, 35270 MiB, 39.13 W
2026/09/20 15:13:53.386, 0, 0 %, 0 %, 35270 MiB, 40.65 W
2026/09/20 15:13:53.386, 1, 0 %, 0 %, 35270 MiB, 39.84 W
2026/09/20 15:13:53.387, 2, 0 %, 0 %, 35270 MiB, 38.96 W
2026/09/20 15:13:58.397, 0, 0 %, 0 %, 35270 MiB, 40.64 W
2026/09/20 15:13:58.397, 1, 0 %, 0 %, 35270 MiB, 39.82 W
2026/09/20 15:13:58.398, 2, 0 %, 0 %, 35270 MiB, 38.94 W
2026/09/20 15:14:03.399, 0, 0 %, 0 %, 35270 MiB, 40.47 W
2026/09/20 15:14:03.399, 1, 0 %, 0 %, 35270 MiB, 39.63 W
2026/09/20 15:14:03.399, 2, 0 %, 0 %, 35270 MiB, 38.75 W
2026/09/20 15:14:08.401, 0, 0 %, 0 %, 35270 MiB, 40.37 W
2026/09/20 15:14:08.401, 1, 0 %, 0 %, 35270 MiB, 39.94 W
2026/09/20 15:14:08.402, 2, 0 %, 0 %, 35270 MiB, 38.75 W
2026/09/20 15:14:13.403, 0, 0 %, 0 %, 35270 MiB, 40.73 W
2026/09/20 15:14:13.403, 1, 0 %, 0 %, 35270 MiB, 39.53 W
2026/09/20 15:14:13.404, 2, 0 %, 0 %, 35270 MiB, 38.75 W
2026/09/20 15:14:18.405, 0, 0 %, 0 %, 35270 MiB, 40.44 W
2026/09/20 15:14:18.405, 1, 0 %, 0 %, 35270 MiB, 39.41 W
2026/09/20 15:14:18.405, 2, 0 %, 0 %, 35270 MiB, 38.73 W
2026/09/20 15:14:23.407, 0, 0 %, 0 %, 35270 MiB, 40.35 W
2026/09/20 15:14:23.407, 1, 0 %, 0 %, 35270 MiB, 39.24 W
2026/09/20 15:14:23.407, 2, 0 %, 0 %, 35270 MiB, 38.65 W
2026/09/20 15:14:28.408, 0, 0 %, 0 %, 35270 MiB, 40.28 W
2026/09/20 15:14:28.409, 1, 0 %, 0 %, 35270 MiB, 39.25 W
2026/09/20 15:14:28.409, 2, 0 %, 0 %, 35270 MiB, 38.67 W
2026/09/20 15:14:33.409, 0, 0 %, 0 %, 35270 MiB, 40.20 W
2026/09/20 15:14:33.410, 1, 0 %, 0 %, 35270 MiB, 39.37 W
2026/09/20 15:14:33.410, 2, 0 %, 0 %, 35270 MiB, 38.58 W
2026/09/20 15:14:38.410, 0, 0 %, 0 %, 35270 MiB, 40.09 W
2026/09/20 15:14:38.410, 1, 0 %, 0 %, 35270 MiB, 39.17 W
2026/09/20 15:14:38.410, 2, 0 %, 0 %, 35270 MiB, 38.58 W
2026/09/20 15:14:43.410, 0, 0 %, 0 %, 35270 MiB, 39.99 W
2026/09/20 15:14:43.411, 1, 0 %, 0 %, 35270 MiB, 39.27 W
2026/09/20 15:14:43.411, 2, 0 %, 0 %, 35270 MiB, 38.58 W
2026/09/20 15:14:48.411, 0, 0 %, 0 %, 35270 MiB, 40.07 W
2026/09/20 15:14:48.412, 1, 0 %, 0 %, 35270 MiB, 39.16 W
2026/09/20 15:14:48.412, 2, 0 %, 0 %, 35270 MiB, 38.48 W
2026/09/20 15:14:53.413, 0, 0 %, 0 %, 35270 MiB, 40.21 W
2026/09/20 15:14:53.413, 1, 0 %, 0 %, 35270 MiB, 39.27 W
2026/09/20 15:14:53.413, 2, 0 %, 0 %, 35270 MiB, 38.38 W
2026/09/20 15:14:58.414, 0, 0 %, 0 %, 35270 MiB, 39.99 W
2026/09/20 15:14:58.414, 1, 0 %, 0 %, 35270 MiB, 39.97 W
2026/09/20 15:14:58.415, 2, 0 %, 0 %, 35270 MiB, 38.48 W
2026/09/20 15:15:03.421, 0, 0 %, 0 %, 35270 MiB, 40.05 W
2026/09/20 15:15:03.421, 1, 0 %, 0 %, 35270 MiB, 39.91 W
2026/09/20 15:15:03.421, 2, 0 %, 0 %, 35270 MiB, 38.44 W
2026/09/20 15:15:08.423, 0, 0 %, 0 %, 35270 MiB, 39.95 W
2026/09/20 15:15:08.423, 1, 0 %, 0 %, 35270 MiB, 40.01 W
2026/09/20 15:15:08.423, 2, 0 %, 0 %, 35270 MiB, 38.45 W
2026/09/20 15:15:13.425, 0, 0 %, 0 %, 35270 MiB, 39.93 W
2026/09/20 15:15:13.425, 1, 0 %, 0 %, 35270 MiB, 39.72 W
2026/09/20 15:15:13.426, 2, 0 %, 0 %, 35270 MiB, 38.33 W
2026/09/20 15:15:18.427, 0, 0 %, 0 %, 35270 MiB, 39.83 W
2026/09/20 15:15:18.427, 1, 0 %, 0 %, 35270 MiB, 39.60 W
2026/09/20 15:15:18.428, 2, 0 %, 0 %, 35270 MiB, 38.23 W
2026/09/20 15:15:23.429, 0, 0 %, 0 %, 35270 MiB, 39.63 W
2026/09/20 15:15:23.429, 1, 0 %, 0 %, 35270 MiB, 39.31 W
2026/09/20 15:15:23.430, 2, 0 %, 0 %, 35270 MiB, 38.23 W
2026/09/20 15:15:28.430, 0, 0 %, 0 %, 35270 MiB, 40.23 W
2026/09/20 15:15:28.431, 1, 0 %, 0 %, 35270 MiB, 39.29 W
2026/09/20 15:15:28.431, 2, 0 %, 0 %, 35270 MiB, 38.04 W
2026/09/20 15:15:33.437, 0, 0 %, 0 %, 35270 MiB, 39.84 W
2026/09/20 15:15:33.437, 1, 0 %, 0 %, 35270 MiB, 39.22 W
2026/09/20 15:15:33.437, 2, 0 %, 0 %, 35270 MiB, 38.04 W
2026/09/20 15:15:38.438, 0, 0 %, 0 %, 35270 MiB, 39.75 W
2026/09/20 15:15:38.439, 1, 0 %, 0 %, 35270 MiB, 39.22 W
2026/09/20 15:15:38.439, 2, 0 %, 0 %, 35270 MiB, 38.14 W
2026/09/20 15:15:43.440, 0, 0 %, 0 %, 35270 MiB, 39.65 W
2026/09/20 15:15:43.440, 1, 0 %, 0 %, 35270 MiB, 39.31 W
2026/09/20 15:15:43.440, 2, 0 %, 0 %, 35270 MiB, 37.94 W
2026/09/20 15:15:48.441, 0, 0 %, 0 %, 35270 MiB, 39.85 W
2026/09/20 15:15:48.442, 1, 0 %, 0 %, 35270 MiB, 39.12 W
2026/09/20 15:15:48.442, 2, 0 %, 0 %, 35270 MiB, 37.96 W
2026/09/20 15:15:53.443, 0, 0 %, 0 %, 35270 MiB, 39.65 W
2026/09/20 15:15:53.444, 1, 0 %, 0 %, 35270 MiB, 39.12 W
2026/09/20 15:15:53.444, 2, 0 %, 0 %, 35270 MiB, 37.85 W
2026/09/20 15:15:58.444, 0, 0 %, 0 %, 35270 MiB, 39.60 W
2026/09/20 15:15:58.445, 1, 0 %, 0 %, 35270 MiB, 39.17 W
2026/09/20 15:15:58.445, 2, 0 %, 0 %, 35270 MiB, 37.80 W
2026/09/20 15:16:03.445, 0, 0 %, 0 %, 35270 MiB, 39.55 W
2026/09/20 15:16:03.446, 1, 0 %, 0 %, 35270 MiB, 39.22 W
2026/09/20 15:16:03.446, 2, 0 %, 0 %, 35270 MiB, 37.85 W
2026/09/20 15:16:08.446, 0, 0 %, 0 %, 35270 MiB, 39.65 W
2026/09/20 15:16:08.447, 1, 0 %, 0 %, 35270 MiB, 39.02 W
2026/09/20 15:16:08.447, 2, 0 %, 0 %, 35270 MiB, 37.85 W
2026/09/20 15:16:13.448, 0, 0 %, 0 %, 35270 MiB, 39.65 W
2026/09/20 15:16:13.449, 1, 0 %, 0 %, 35270 MiB, 39.12 W
2026/09/20 15:16:13.449, 2, 0 %, 0 %, 35270 MiB, 37.75 W
2026/09/20 15:16:18.450, 0, 0 %, 0 %, 35270 MiB, 39.63 W
2026/09/20 15:16:18.451, 1, 0 %, 0 %, 35270 MiB, 39.31 W
2026/09/20 15:16:18.451, 2, 0 %, 0 %, 35270 MiB, 37.84 W
2026/09/20 15:16:23.452, 0, 0 %, 0 %, 35270 MiB, 39.79 W
2026/09/20 15:16:23.452, 1, 0 %, 0 %, 35270 MiB, 39.17 W
2026/09/20 15:16:23.453, 2, 0 %, 0 %, 35270 MiB, 37.70 W
2026/09/20 15:16:28.454, 0, 0 %, 0 %, 35270 MiB, 39.54 W
2026/09/20 15:16:28.454, 1, 0 %, 0 %, 35270 MiB, 39.02 W
2026/09/20 15:16:28.454, 2, 0 %, 0 %, 35270 MiB, 37.74 W
2026/09/20 15:16:33.455, 0, 0 %, 0 %, 35270 MiB, 39.46 W
2026/09/20 15:16:33.456, 1, 0 %, 0 %, 35270 MiB, 38.83 W
2026/09/20 15:16:33.456, 2, 0 %, 0 %, 35270 MiB, 37.87 W
2026/09/20 15:16:38.457, 0, 0 %, 0 %, 35270 MiB, 39.45 W
2026/09/20 15:16:38.457, 1, 0 %, 0 %, 35270 MiB, 38.83 W
2026/09/20 15:16:38.457, 2, 0 %, 0 %, 35270 MiB, 37.75 W
2026/09/20 15:16:43.458, 0, 0 %, 0 %, 35270 MiB, 39.54 W
2026/09/20 15:16:43.459, 1, 0 %, 0 %, 35270 MiB, 38.72 W
2026/09/20 15:16:43.459, 2, 0 %, 0 %, 35270 MiB, 37.65 W
2026/09/20 15:16:48.459, 0, 0 %, 0 %, 35270 MiB, 39.26 W
2026/09/20 15:16:48.460, 1, 0 %, 0 %, 35270 MiB, 38.73 W
2026/09/20 15:16:48.460, 2, 0 %, 0 %, 35270 MiB, 37.64 W
2026/09/20 15:16:53.460, 0, 0 %, 0 %, 35270 MiB, 39.31 W
2026/09/20 15:16:53.461, 1, 0 %, 0 %, 35270 MiB, 38.97 W
2026/09/20 15:16:53.461, 2, 0 %, 0 %, 35270 MiB, 37.79 W
2026/09/20 15:16:58.462, 0, 0 %, 0 %, 35270 MiB, 39.25 W
2026/09/20 15:16:58.462, 1, 0 %, 0 %, 35270 MiB, 38.82 W
2026/09/20 15:16:58.462, 2, 0 %, 0 %, 35270 MiB, 37.53 W
2026/09/20 15:17:03.464, 0, 0 %, 0 %, 35270 MiB, 39.46 W
2026/09/20 15:17:03.464, 1, 0 %, 0 %, 35270 MiB, 38.83 W
2026/09/20 15:17:03.465, 2, 0 %, 0 %, 35270 MiB, 37.36 W
2026/09/20 15:17:08.466, 0, 0 %, 0 %, 35270 MiB, 39.24 W
2026/09/20 15:17:08.466, 1, 0 %, 0 %, 35270 MiB, 38.72 W
2026/09/20 15:17:08.466, 2, 0 %, 0 %, 35270 MiB, 37.44 W
2026/09/20 15:17:13.468, 0, 0 %, 0 %, 35270 MiB, 39.24 W
2026/09/20 15:17:13.469, 1, 0 %, 0 %, 35270 MiB, 38.83 W
2026/09/20 15:17:13.469, 2, 0 %, 0 %, 35270 MiB, 37.75 W
2026/09/20 15:17:18.470, 0, 0 %, 0 %, 35270 MiB, 39.25 W
2026/09/20 15:17:18.471, 1, 0 %, 0 %, 35270 MiB, 38.73 W
2026/09/20 15:17:18.471, 2, 0 %, 0 %, 35270 MiB, 37.44 W
2026/09/20 15:17:23.471, 0, 0 %, 0 %, 35270 MiB, 39.28 W
2026/09/20 15:17:23.472, 1, 0 %, 0 %, 35270 MiB, 38.86 W
2026/09/20 15:17:23.472, 2, 0 %, 0 %, 35270 MiB, 37.38 W
2026/09/20 15:17:28.473, 0, 0 %, 0 %, 35270 MiB, 39.16 W
2026/09/20 15:17:28.474, 1, 0 %, 0 %, 35270 MiB, 38.83 W
2026/09/20 15:17:28.474, 2, 0 %, 0 %, 35270 MiB, 37.44 W
2026/09/20 15:17:33.474, 0, 0 %, 0 %, 35270 MiB, 39.20 W
2026/09/20 15:17:33.475, 1, 0 %, 0 %, 35270 MiB, 38.88 W
2026/09/20 15:17:33.475, 2, 0 %, 0 %, 35270 MiB, 37.58 W
2026/09/20 15:17:38.476, 0, 0 %, 0 %, 35270 MiB, 39.53 W
2026/09/20 15:17:38.476, 1, 0 %, 0 %, 35270 MiB, 38.62 W
2026/09/20 15:17:38.476, 2, 0 %, 0 %, 35270 MiB, 37.53 W
2026/09/20 15:17:43.478, 0, 0 %, 0 %, 35270 MiB, 39.35 W
2026/09/20 15:17:43.479, 1, 0 %, 0 %, 35270 MiB, 38.63 W
2026/09/20 15:17:43.479, 2, 0 %, 0 %, 35270 MiB, 37.54 W
2026/09/20 15:17:48.483, 0, 0 %, 0 %, 35270 MiB, 39.24 W
2026/09/20 15:17:48.483, 1, 0 %, 0 %, 35270 MiB, 38.62 W
2026/09/20 15:17:48.483, 2, 0 %, 0 %, 35270 MiB, 37.53 W
2026/09/20 15:17:53.485, 0, 0 %, 0 %, 35270 MiB, 39.09 W
2026/09/20 15:17:53.485, 1, 0 %, 0 %, 35270 MiB, 38.56 W
2026/09/20 15:17:53.485, 2, 0 %, 0 %, 35270 MiB, 37.56 W
2026/09/20 15:17:58.487, 0, 0 %, 0 %, 35270 MiB, 39.24 W
2026/09/20 15:17:58.488, 1, 0 %, 0 %, 35270 MiB, 38.53 W
2026/09/20 15:17:58.488, 2, 0 %, 0 %, 35270 MiB, 37.44 W
2026/09/20 15:18:03.489, 0, 0 %, 0 %, 35270 MiB, 38.98 W
2026/09/20 15:18:03.490, 1, 0 %, 0 %, 35270 MiB, 38.75 W
2026/09/20 15:18:03.490, 2, 0 %, 0 %, 35270 MiB, 37.36 W
2026/09/20 15:18:08.490, 0, 0 %, 0 %, 35270 MiB, 39.08 W
2026/09/20 15:18:08.491, 1, 0 %, 0 %, 35270 MiB, 38.56 W
2026/09/20 15:18:08.491, 2, 0 %, 0 %, 35270 MiB, 37.28 W
2026/09/20 15:18:13.491, 0, 0 %, 0 %, 35270 MiB, 39.15 W
2026/09/20 15:18:13.492, 1, 0 %, 0 %, 35270 MiB, 38.53 W
2026/09/20 15:18:13.492, 2, 0 %, 0 %, 35270 MiB, 37.34 W
2026/09/20 15:18:18.492, 0, 0 %, 0 %, 35270 MiB, 39.14 W
2026/09/20 15:18:18.493, 1, 0 %, 0 %, 35270 MiB, 38.62 W
2026/09/20 15:18:18.493, 2, 0 %, 0 %, 35270 MiB, 37.43 W
2026/09/20 15:18:23.494, 0, 0 %, 0 %, 35270 MiB, 39.04 W
2026/09/20 15:18:23.495, 1, 0 %, 0 %, 35270 MiB, 38.62 W
2026/09/20 15:18:23.495, 2, 0 %, 0 %, 35270 MiB, 37.34 W
2026/09/20 15:18:28.496, 0, 0 %, 0 %, 35270 MiB, 39.04 W
2026/09/20 15:18:28.497, 1, 0 %, 0 %, 35270 MiB, 38.62 W
2026/09/20 15:18:28.497, 2, 0 %, 0 %, 35270 MiB, 37.53 W
2026/09/20 15:18:33.498, 0, 0 %, 0 %, 35270 MiB, 39.25 W
2026/09/20 15:18:33.498, 1, 0 %, 0 %, 35270 MiB, 38.55 W
2026/09/20 15:18:33.499, 2, 0 %, 0 %, 35270 MiB, 37.35 W
2026/09/20 15:18:38.500, 0, 0 %, 0 %, 35270 MiB, 39.07 W
2026/09/20 15:18:38.501, 1, 0 %, 0 %, 35270 MiB, 38.63 W
2026/09/20 15:18:38.501, 2, 0 %, 0 %, 35270 MiB, 37.24 W
2026/09/20 15:18:43.502, 0, 0 %, 0 %, 35270 MiB, 38.96 W
2026/09/20 15:18:43.503, 1, 0 %, 0 %, 35270 MiB, 38.34 W
2026/09/20 15:18:43.503, 2, 0 %, 0 %, 35270 MiB, 37.35 W
2026/09/20 15:18:48.504, 0, 0 %, 0 %, 35270 MiB, 39.06 W
2026/09/20 15:18:48.505, 1, 0 %, 0 %, 35270 MiB, 38.34 W
2026/09/20 15:18:48.505, 2, 0 %, 0 %, 35270 MiB, 37.44 W
2026/09/20 15:18:53.505, 0, 0 %, 0 %, 35270 MiB, 39.21 W
2026/09/20 15:18:53.506, 1, 0 %, 0 %, 35270 MiB, 38.44 W
2026/09/20 15:18:53.506, 2, 0 %, 0 %, 35270 MiB, 37.36 W
2026/09/20 15:18:58.506, 0, 0 %, 0 %, 35270 MiB, 39.09 W
2026/09/20 15:18:58.507, 1, 0 %, 0 %, 35270 MiB, 38.48 W
2026/09/20 15:18:58.507, 2, 0 %, 0 %, 35270 MiB, 37.39 W
2026/09/20 15:19:03.507, 0, 0 %, 0 %, 35270 MiB, 39.01 W
2026/09/20 15:19:03.508, 1, 0 %, 0 %, 35270 MiB, 38.48 W
2026/09/20 15:19:03.508, 2, 0 %, 0 %, 35270 MiB, 37.37 W
2026/09/20 15:19:08.508, 0, 0 %, 0 %, 35270 MiB, 38.99 W
2026/09/20 15:19:08.509, 1, 0 %, 0 %, 35270 MiB, 38.46 W
2026/09/20 15:19:08.509, 2, 0 %, 0 %, 35270 MiB, 37.56 W
2026/09/20 15:19:13.510, 0, 0 %, 0 %, 35270 MiB, 38.99 W
2026/09/20 15:19:13.510, 1, 0 %, 0 %, 35270 MiB, 38.75 W
2026/09/20 15:19:13.510, 2, 0 %, 0 %, 35270 MiB, 37.27 W
2026/09/20 15:19:18.512, 0, 0 %, 0 %, 35270 MiB, 39.16 W
2026/09/20 15:19:18.512, 1, 0 %, 0 %, 35270 MiB, 38.53 W
2026/09/20 15:19:18.513, 2, 0 %, 0 %, 35270 MiB, 37.35 W
2026/09/20 15:19:23.514, 0, 0 %, 0 %, 35270 MiB, 39.06 W
2026/09/20 15:19:23.515, 1, 0 %, 0 %, 35270 MiB, 38.44 W
2026/09/20 15:19:23.515, 2, 0 %, 0 %, 35270 MiB, 37.24 W
2026/09/20 15:19:28.516, 0, 0 %, 0 %, 35270 MiB, 39.07 W
2026/09/20 15:19:28.517, 1, 0 %, 0 %, 35270 MiB, 38.54 W
2026/09/20 15:19:28.517, 2, 0 %, 0 %, 35270 MiB, 37.36 W
2026/09/20 15:19:33.521, 0, 0 %, 0 %, 35270 MiB, 39.07 W
2026/09/20 15:19:33.522, 1, 0 %, 0 %, 35270 MiB, 38.63 W
2026/09/20 15:19:33.522, 2, 0 %, 0 %, 35270 MiB, 37.35 W
2026/09/20 15:19:38.522, 0, 0 %, 0 %, 35270 MiB, 39.08 W
2026/09/20 15:19:38.523, 1, 0 %, 0 %, 35270 MiB, 38.56 W
2026/09/20 15:19:38.523, 2, 0 %, 0 %, 35270 MiB, 37.37 W
2026/09/20 15:19:43.526, 0, 0 %, 0 %, 35270 MiB, 39.07 W
2026/09/20 15:19:43.526, 1, 0 %, 0 %, 35270 MiB, 38.63 W
2026/09/20 15:19:43.526, 2, 0 %, 0 %, 35270 MiB, 37.24 W
2026/09/20 15:19:48.528, 0, 0 %, 0 %, 35270 MiB, 39.39 W
2026/09/20 15:19:48.528, 1, 0 %, 0 %, 35270 MiB, 38.58 W
2026/09/20 15:19:48.528, 2, 0 %, 0 %, 35270 MiB, 37.39 W
2026/09/20 15:19:53.529, 0, 0 %, 0 %, 35270 MiB, 39.19 W
2026/09/20 15:19:53.530, 1, 0 %, 0 %, 35270 MiB, 38.46 W
2026/09/20 15:19:53.530, 2, 0 %, 0 %, 35270 MiB, 37.26 W
2026/09/20 15:19:58.530, 0, 0 %, 0 %, 35270 MiB, 39.08 W
2026/09/20 15:19:58.531, 1, 0 %, 0 %, 35270 MiB, 38.35 W
2026/09/20 15:19:58.531, 2, 0 %, 0 %, 35270 MiB, 37.37 W
2026/09/20 15:20:03.531, 0, 0 %, 0 %, 35270 MiB, 39.04 W
2026/09/20 15:20:03.531, 1, 0 %, 0 %, 35270 MiB, 38.32 W
2026/09/20 15:20:03.532, 2, 0 %, 0 %, 35270 MiB, 37.33 W
2026/09/20 15:20:08.532, 0, 0 %, 0 %, 35270 MiB, 38.94 W
2026/09/20 15:20:08.533, 1, 0 %, 0 %, 35270 MiB, 38.62 W
2026/09/20 15:20:08.533, 2, 0 %, 0 %, 35270 MiB, 37.53 W
2026/09/20 15:20:13.534, 0, 0 %, 0 %, 35270 MiB, 39.06 W
2026/09/20 15:20:13.534, 1, 0 %, 0 %, 35270 MiB, 38.44 W
2026/09/20 15:20:13.535, 2, 0 %, 0 %, 35270 MiB, 37.44 W
2026/09/20 15:20:18.535, 0, 0 %, 0 %, 35270 MiB, 38.96 W
2026/09/20 15:20:18.536, 1, 0 %, 0 %, 35270 MiB, 38.34 W
2026/09/20 15:20:18.536, 2, 0 %, 0 %, 35270 MiB, 37.25 W
2026/09/20 15:20:23.537, 0, 0 %, 0 %, 35270 MiB, 38.96 W
2026/09/20 15:20:23.538, 1, 0 %, 0 %, 35270 MiB, 38.44 W
2026/09/20 15:20:23.538, 2, 0 %, 0 %, 35270 MiB, 37.14 W
2026/09/20 15:20:28.539, 0, 0 %, 0 %, 35270 MiB, 39.01 W
2026/09/20 15:20:28.539, 1, 0 %, 0 %, 35270 MiB, 38.48 W
2026/09/20 15:20:28.539, 2, 0 %, 0 %, 35270 MiB, 37.28 W
2026/09/20 15:20:33.541, 0, 0 %, 0 %, 35270 MiB, 38.89 W
2026/09/20 15:20:33.541, 1, 0 %, 0 %, 35270 MiB, 38.36 W
2026/09/20 15:20:33.541, 2, 0 %, 0 %, 35270 MiB, 37.26 W
2026/09/20 15:20:38.542, 0, 0 %, 0 %, 35270 MiB, 38.96 W
2026/09/20 15:20:38.543, 1, 0 %, 0 %, 35270 MiB, 38.44 W
2026/09/20 15:20:38.543, 2, 0 %, 0 %, 35270 MiB, 37.25 W
2026/09/20 15:20:43.554, 0, 0 %, 0 %, 35270 MiB, 38.96 W
2026/09/20 15:20:43.554, 1, 0 %, 0 %, 35270 MiB, 38.73 W
2026/09/20 15:20:43.554, 2, 0 %, 0 %, 35270 MiB, 37.44 W
2026/09/20 15:20:48.556, 0, 0 %, 0 %, 35270 MiB, 39.04 W
2026/09/20 15:20:48.556, 1, 0 %, 0 %, 35270 MiB, 38.53 W
2026/09/20 15:20:48.557, 2, 0 %, 0 %, 35270 MiB, 37.34 W
2026/09/20 15:20:53.558, 0, 0 %, 0 %, 35270 MiB, 39.05 W
2026/09/20 15:20:53.558, 1, 0 %, 0 %, 35270 MiB, 38.44 W
2026/09/20 15:20:53.558, 2, 0 %, 0 %, 35270 MiB, 37.23 W
2026/09/20 15:20:58.560, 0, 0 %, 0 %, 35270 MiB, 39.04 W
2026/09/20 15:20:58.560, 1, 0 %, 0 %, 35270 MiB, 38.22 W
2026/09/20 15:20:58.561, 2, 0 %, 0 %, 35270 MiB, 37.44 W
2026/09/20 15:21:03.562, 0, 0 %, 0 %, 35270 MiB, 39.25 W
2026/09/20 15:21:03.563, 1, 0 %, 0 %, 35270 MiB, 38.44 W
2026/09/20 15:21:03.563, 2, 0 %, 0 %, 35270 MiB, 37.54 W
2026/09/20 15:21:08.564, 0, 0 %, 0 %, 35270 MiB, 39.14 W
2026/09/20 15:21:08.564, 1, 0 %, 0 %, 35270 MiB, 38.33 W
2026/09/20 15:21:08.564, 2, 0 %, 0 %, 35270 MiB, 37.53 W
2026/09/20 15:21:13.566, 0, 0 %, 0 %, 35270 MiB, 39.07 W
2026/09/20 15:21:13.566, 1, 0 %, 0 %, 35270 MiB, 38.34 W
2026/09/20 15:21:13.566, 2, 0 %, 0 %, 35270 MiB, 37.36 W
2026/09/20 15:21:18.576, 0, 0 %, 0 %, 35270 MiB, 38.88 W
2026/09/20 15:21:18.576, 1, 0 %, 0 %, 35270 MiB, 38.58 W
2026/09/20 15:21:18.577, 2, 0 %, 0 %, 35270 MiB, 37.39 W
2026/09/20 15:21:23.579, 0, 0 %, 0 %, 35270 MiB, 39.16 W
2026/09/20 15:21:23.580, 1, 0 %, 0 %, 35270 MiB, 38.44 W
2026/09/20 15:21:23.580, 2, 0 %, 0 %, 35270 MiB, 37.53 W
2026/09/20 15:21:28.581, 0, 0 %, 0 %, 35270 MiB, 38.94 W
2026/09/20 15:21:28.581, 1, 0 %, 0 %, 35270 MiB, 38.44 W
2026/09/20 15:21:28.581, 2, 0 %, 0 %, 35270 MiB, 37.24 W
2026/09/20 15:21:33.583, 0, 0 %, 0 %, 35270 MiB, 38.94 W
2026/09/20 15:21:33.583, 1, 0 %, 0 %, 35270 MiB, 38.44 W
2026/09/20 15:21:33.583, 2, 0 %, 0 %, 35270 MiB, 37.23 W
2026/09/20 15:21:38.585, 0, 0 %, 0 %, 35270 MiB, 38.94 W
2026/09/20 15:21:38.585, 1, 0 %, 0 %, 35270 MiB, 38.42 W
2026/09/20 15:21:38.585, 2, 0 %, 0 %, 35270 MiB, 37.23 W
2026/09/20 15:21:43.587, 0, 0 %, 0 %, 35270 MiB, 38.97 W
2026/09/20 15:21:43.587, 1, 0 %, 0 %, 35270 MiB, 38.23 W
2026/09/20 15:21:43.587, 2, 0 %, 0 %, 35270 MiB, 37.23 W
2026/09/20 15:21:48.589, 0, 0 %, 0 %, 35270 MiB, 38.87 W
2026/09/20 15:21:48.589, 1, 0 %, 0 %, 35270 MiB, 38.36 W
2026/09/20 15:21:48.589, 2, 0 %, 0 %, 35270 MiB, 37.04 W
2026/09/20 15:21:53.591, 0, 0 %, 0 %, 35270 MiB, 38.89 W
2026/09/20 15:21:53.592, 1, 0 %, 0 %, 35270 MiB, 38.46 W
2026/09/20 15:21:53.592, 2, 0 %, 0 %, 35270 MiB, 37.18 W
2026/09/20 15:21:58.592, 0, 0 %, 0 %, 35270 MiB, 38.92 W
2026/09/20 15:21:58.593, 1, 0 %, 0 %, 35270 MiB, 38.49 W
2026/09/20 15:21:58.593, 2, 0 %, 0 %, 35270 MiB, 37.18 W
2026/09/20 15:22:03.593, 0, 0 %, 0 %, 35270 MiB, 39.01 W
2026/09/20 15:22:03.594, 1, 0 %, 0 %, 35270 MiB, 38.28 W
2026/09/20 15:22:03.594, 2, 0 %, 0 %, 35270 MiB, 37.29 W
2026/09/20 15:22:08.594, 0, 0 %, 0 %, 35270 MiB, 38.99 W
2026/09/20 15:22:08.594, 1, 0 %, 0 %, 35270 MiB, 38.06 W
2026/09/20 15:22:08.594, 2, 0 %, 0 %, 35270 MiB, 37.26 W
2026/09/20 15:22:13.596, 0, 0 %, 0 %, 35270 MiB, 38.87 W
2026/09/20 15:22:13.596, 1, 0 %, 0 %, 35270 MiB, 38.44 W
2026/09/20 15:22:13.597, 2, 0 %, 0 %, 35270 MiB, 37.26 W
2026/09/20 15:22:18.597, 0, 0 %, 0 %, 35270 MiB, 39.18 W
2026/09/20 15:22:18.598, 1, 0 %, 0 %, 35270 MiB, 38.25 W
2026/09/20 15:22:18.598, 2, 0 %, 0 %, 35270 MiB, 37.47 W
2026/09/20 15:22:23.598, 0, 0 %, 0 %, 35270 MiB, 38.88 W
2026/09/20 15:22:23.599, 1, 0 %, 0 %, 35270 MiB, 38.28 W
2026/09/20 15:22:23.599, 2, 0 %, 0 %, 35270 MiB, 37.39 W
2026/09/20 15:22:28.600, 0, 0 %, 0 %, 35270 MiB, 38.95 W
2026/09/20 15:22:28.601, 1, 0 %, 0 %, 35270 MiB, 38.23 W
2026/09/20 15:22:28.601, 2, 0 %, 0 %, 35270 MiB, 37.35 W
2026/09/20 15:22:33.602, 0, 0 %, 0 %, 35270 MiB, 38.86 W
2026/09/20 15:22:33.603, 1, 0 %, 0 %, 35270 MiB, 38.44 W
2026/09/20 15:22:33.603, 2, 0 %, 0 %, 35270 MiB, 37.24 W
2026/09/20 15:22:38.604, 0, 0 %, 0 %, 35270 MiB, 38.96 W
2026/09/20 15:22:38.605, 1, 0 %, 0 %, 35270 MiB, 38.34 W
2026/09/20 15:22:38.605, 2, 0 %, 0 %, 35270 MiB, 37.34 W
2026/09/20 15:22:43.606, 0, 0 %, 0 %, 35270 MiB, 38.99 W
2026/09/20 15:22:43.607, 1, 0 %, 0 %, 35270 MiB, 38.36 W
2026/09/20 15:22:43.607, 2, 0 %, 0 %, 35270 MiB, 37.16 W
2026/09/20 15:22:48.608, 0, 0 %, 0 %, 35270 MiB, 38.99 W
2026/09/20 15:22:48.608, 1, 0 %, 0 %, 35270 MiB, 38.65 W
2026/09/20 15:22:48.609, 2, 0 %, 0 %, 35270 MiB, 37.16 W
2026/09/20 15:22:53.610, 0, 0 %, 0 %, 35270 MiB, 38.96 W
2026/09/20 15:22:53.610, 1, 0 %, 0 %, 35270 MiB, 38.44 W
2026/09/20 15:22:53.610, 2, 0 %, 0 %, 35270 MiB, 37.24 W
2026/09/20 15:22:58.612, 0, 0 %, 0 %, 35270 MiB, 39.25 W
2026/09/20 15:22:58.612, 1, 0 %, 0 %, 35270 MiB, 38.42 W
2026/09/20 15:22:58.612, 2, 0 %, 0 %, 35270 MiB, 37.34 W
2026/09/20 15:23:03.618, 0, 0 %, 0 %, 35270 MiB, 39.15 W
2026/09/20 15:23:03.618, 1, 0 %, 0 %, 35270 MiB, 38.44 W
2026/09/20 15:23:03.618, 2, 0 %, 0 %, 35270 MiB, 37.35 W
2026/09/20 15:23:08.619, 0, 0 %, 0 %, 35270 MiB, 39.04 W
2026/09/20 15:23:08.620, 1, 0 %, 0 %, 35270 MiB, 38.53 W
2026/09/20 15:23:08.620, 2, 0 %, 0 %, 35270 MiB, 37.44 W
2026/09/20 15:23:13.621, 0, 0 %, 0 %, 35270 MiB, 39.06 W
2026/09/20 15:23:13.622, 1, 0 %, 0 %, 35270 MiB, 38.34 W
2026/09/20 15:23:13.622, 2, 0 %, 0 %, 35270 MiB, 37.35 W
2026/09/20 15:23:18.622, 0, 0 %, 0 %, 35270 MiB, 39.07 W
2026/09/20 15:23:18.623, 1, 0 %, 0 %, 35270 MiB, 38.24 W
2026/09/20 15:23:18.623, 2, 0 %, 0 %, 35270 MiB, 37.36 W
2026/09/20 15:23:23.623, 0, 0 %, 0 %, 35270 MiB, 39.07 W
2026/09/20 15:23:23.624, 1, 0 %, 0 %, 35270 MiB, 38.23 W
2026/09/20 15:23:23.624, 2, 0 %, 0 %, 35270 MiB, 37.35 W
2026/09/20 15:23:28.625, 0, 0 %, 0 %, 35270 MiB, 38.99 W
2026/09/20 15:23:28.625, 1, 0 %, 0 %, 35270 MiB, 38.34 W
2026/09/20 15:23:28.626, 2, 0 %, 0 %, 35270 MiB, 37.36 W
2026/09/20 15:23:33.627, 0, 0 %, 0 %, 35270 MiB, 38.95 W
2026/09/20 15:23:33.628, 1, 0 %, 0 %, 35270 MiB, 38.32 W
2026/09/20 15:23:33.628, 2, 0 %, 0 %, 35270 MiB, 37.34 W
2026/09/20 15:23:38.629, 0, 0 %, 0 %, 35270 MiB, 38.85 W
2026/09/20 15:23:38.630, 1, 0 %, 0 %, 35270 MiB, 38.33 W
2026/09/20 15:23:38.630, 2, 0 %, 0 %, 35270 MiB, 37.35 W
2026/09/20 15:23:43.630, 0, 0 %, 0 %, 35270 MiB, 38.87 W
2026/09/20 15:23:43.631, 1, 0 %, 0 %, 35270 MiB, 38.55 W
2026/09/20 15:23:43.631, 2, 0 %, 0 %, 35270 MiB, 37.25 W
2026/09/20 15:23:48.631, 0, 0 %, 0 %, 35270 MiB, 38.89 W
2026/09/20 15:23:48.632, 1, 0 %, 0 %, 35270 MiB, 38.35 W
2026/09/20 15:23:48.632, 2, 0 %, 0 %, 35270 MiB, 37.26 W
2026/09/20 15:23:53.633, 0, 0 %, 0 %, 35270 MiB, 39.16 W
2026/09/20 15:23:53.634, 1, 0 %, 0 %, 35270 MiB, 38.33 W
2026/09/20 15:23:53.634, 2, 0 %, 0 %, 35270 MiB, 37.33 W
2026/09/20 15:23:58.634, 0, 0 %, 0 %, 35270 MiB, 39.01 W
2026/09/20 15:23:58.635, 1, 0 %, 0 %, 35270 MiB, 38.38 W
2026/09/20 15:23:58.635, 2, 0 %, 0 %, 35270 MiB, 37.39 W
2026/09/20 15:24:03.635, 0, 0 %, 0 %, 35270 MiB, 38.96 W
2026/09/20 15:24:03.636, 1, 0 %, 0 %, 35270 MiB, 38.53 W
2026/09/20 15:24:03.636, 2, 0 %, 0 %, 35270 MiB, 37.24 W
2026/09/20 15:24:08.638, 0, 0 %, 0 %, 35270 MiB, 38.97 W
2026/09/20 15:24:08.639, 1, 0 %, 0 %, 35270 MiB, 38.44 W
2026/09/20 15:24:08.639, 2, 0 %, 0 %, 35270 MiB, 37.35 W
2026/09/20 15:24:13.640, 0, 0 %, 0 %, 35270 MiB, 39.18 W
2026/09/20 15:24:13.640, 1, 0 %, 0 %, 35270 MiB, 38.44 W
2026/09/20 15:24:13.640, 2, 0 %, 0 %, 35270 MiB, 37.47 W
2026/09/20 15:24:18.641, 0, 0 %, 0 %, 35270 MiB, 39.05 W
2026/09/20 15:24:18.642, 1, 0 %, 0 %, 35270 MiB, 38.44 W
2026/09/20 15:24:18.642, 2, 0 %, 0 %, 35270 MiB, 37.35 W
2026/09/20 15:24:23.642, 0, 0 %, 0 %, 35270 MiB, 39.09 W
2026/09/20 15:24:23.642, 1, 0 %, 0 %, 35270 MiB, 38.35 W
2026/09/20 15:24:23.643, 2, 0 %, 0 %, 35270 MiB, 37.39 W
2026/09/20 15:24:28.644, 0, 0 %, 0 %, 35270 MiB, 39.36 W
2026/09/20 15:24:28.644, 1, 0 %, 0 %, 35270 MiB, 38.34 W
2026/09/20 15:24:28.645, 2, 0 %, 0 %, 35270 MiB, 37.35 W
2026/09/20 15:24:33.645, 0, 0 %, 0 %, 35270 MiB, 39.19 W
2026/09/20 15:24:33.646, 1, 0 %, 0 %, 35270 MiB, 38.49 W
2026/09/20 15:24:33.646, 2, 0 %, 0 %, 35270 MiB, 37.49 W
2026/09/20 15:24:38.647, 0, 0 %, 0 %, 35270 MiB, 38.96 W
2026/09/20 15:24:38.647, 1, 0 %, 0 %, 35270 MiB, 38.44 W
2026/09/20 15:24:38.648, 2, 0 %, 0 %, 35270 MiB, 37.44 W
2026/09/20 15:24:43.649, 0, 0 %, 0 %, 35270 MiB, 38.97 W
2026/09/20 15:24:43.650, 1, 0 %, 0 %, 35270 MiB, 38.44 W
2026/09/20 15:24:43.650, 2, 0 %, 0 %, 35270 MiB, 37.46 W
2026/09/20 15:24:48.651, 0, 0 %, 0 %, 35270 MiB, 39.07 W
2026/09/20 15:24:48.652, 1, 0 %, 0 %, 35270 MiB, 38.44 W
2026/09/20 15:24:48.652, 2, 0 %, 0 %, 35270 MiB, 37.24 W
2026/09/20 15:24:53.653, 0, 0 %, 0 %, 35270 MiB, 38.99 W
2026/09/20 15:24:53.654, 1, 0 %, 0 %, 35270 MiB, 38.35 W
2026/09/20 15:24:53.654, 2, 0 %, 0 %, 35270 MiB, 37.37 W
2026/09/20 15:24:58.655, 0, 0 %, 0 %, 35270 MiB, 38.95 W
2026/09/20 15:24:58.656, 1, 0 %, 0 %, 35270 MiB, 38.31 W
2026/09/20 15:24:58.656, 2, 0 %, 0 %, 35270 MiB, 37.23 W
2026/09/20 15:25:03.657, 0, 0 %, 0 %, 35270 MiB, 38.96 W
2026/09/20 15:25:03.657, 1, 0 %, 0 %, 35270 MiB, 38.34 W
2026/09/20 15:25:03.658, 2, 0 %, 0 %, 35270 MiB, 37.24 W
2026/09/20 15:25:08.659, 0, 0 %, 0 %, 35270 MiB, 39.07 W
2026/09/20 15:25:08.659, 1, 0 %, 0 %, 35270 MiB, 38.44 W
2026/09/20 15:25:08.659, 2, 0 %, 0 %, 35270 MiB, 37.35 W
2026/09/20 15:25:13.661, 0, 0 %, 0 %, 35270 MiB, 39.07 W
2026/09/20 15:25:13.661, 1, 0 %, 0 %, 35270 MiB, 38.54 W
2026/09/20 15:25:13.661, 2, 0 %, 0 %, 35270 MiB, 37.36 W
2026/09/20 15:25:18.663, 0, 0 %, 0 %, 35270 MiB, 38.96 W
2026/09/20 15:25:18.663, 1, 0 %, 0 %, 35270 MiB, 38.53 W
2026/09/20 15:25:18.663, 2, 0 %, 0 %, 35270 MiB, 37.34 W
2026/09/20 15:25:23.664, 0, 0 %, 0 %, 35270 MiB, 39.28 W
2026/09/20 15:25:23.665, 1, 0 %, 0 %, 35270 MiB, 38.47 W
2026/09/20 15:25:23.665, 2, 0 %, 0 %, 35270 MiB, 37.39 W
2026/09/20 15:25:28.665, 0, 0 %, 0 %, 35270 MiB, 39.25 W
2026/09/20 15:25:28.666, 1, 0 %, 0 %, 35270 MiB, 38.33 W
2026/09/20 15:25:28.666, 2, 0 %, 0 %, 35270 MiB, 37.36 W
2026/09/20 15:25:33.666, 0, 0 %, 0 %, 35270 MiB, 39.16 W
2026/09/20 15:25:33.666, 1, 0 %, 0 %, 35270 MiB, 38.45 W
2026/09/20 15:25:33.667, 2, 0 %, 0 %, 35270 MiB, 37.44 W
2026/09/20 15:25:38.668, 0, 0 %, 0 %, 35270 MiB, 39.25 W
2026/09/20 15:25:38.669, 1, 0 %, 0 %, 35270 MiB, 38.33 W
2026/09/20 15:25:38.669, 2, 0 %, 0 %, 35270 MiB, 37.54 W
2026/09/20 15:25:43.670, 0, 0 %, 0 %, 35270 MiB, 39.29 W
2026/09/20 15:25:43.670, 1, 0 %, 0 %, 35270 MiB, 38.38 W
2026/09/20 15:25:43.671, 2, 0 %, 0 %, 35270 MiB, 37.48 W
2026/09/20 15:25:48.672, 0, 0 %, 0 %, 35270 MiB, 38.97 W
2026/09/20 15:25:48.672, 1, 0 %, 0 %, 35270 MiB, 38.54 W
2026/09/20 15:25:48.672, 2, 0 %, 0 %, 35270 MiB, 37.77 W
2026/09/20 15:25:53.674, 0, 0 %, 0 %, 35270 MiB, 39.06 W
2026/09/20 15:25:53.674, 1, 0 %, 0 %, 35270 MiB, 38.33 W
2026/09/20 15:25:53.675, 2, 0 %, 0 %, 35270 MiB, 37.35 W
2026/09/20 15:25:58.676, 0, 0 %, 0 %, 35270 MiB, 38.99 W
2026/09/20 15:25:58.676, 1, 0 %, 0 %, 35270 MiB, 38.47 W
2026/09/20 15:25:58.677, 2, 0 %, 0 %, 35270 MiB, 37.39 W
2026/09/20 15:26:03.678, 0, 0 %, 0 %, 35270 MiB, 39.16 W
2026/09/20 15:26:03.679, 1, 0 %, 0 %, 35270 MiB, 38.53 W
2026/09/20 15:26:03.679, 2, 0 %, 0 %, 35270 MiB, 37.44 W
2026/09/20 15:26:08.679, 0, 0 %, 0 %, 35270 MiB, 39.04 W
2026/09/20 15:26:08.680, 1, 0 %, 0 %, 35270 MiB, 38.53 W
2026/09/20 15:26:08.680, 2, 0 %, 0 %, 35270 MiB, 37.55 W
2026/09/20 15:26:13.680, 0, 0 %, 0 %, 35270 MiB, 39.07 W
2026/09/20 15:26:13.681, 1, 0 %, 0 %, 35270 MiB, 38.46 W
2026/09/20 15:26:13.681, 2, 0 %, 0 %, 35270 MiB, 37.35 W
2026/09/20 15:26:18.681, 0, 0 %, 0 %, 35270 MiB, 39.07 W
2026/09/20 15:26:18.682, 1, 0 %, 0 %, 35270 MiB, 38.56 W
2026/09/20 15:26:18.682, 2, 0 %, 0 %, 35270 MiB, 37.37 W
2026/09/20 15:26:23.683, 0, 0 %, 0 %, 35270 MiB, 39.14 W
2026/09/20 15:26:23.683, 1, 0 %, 0 %, 35270 MiB, 38.71 W
2026/09/20 15:26:23.684, 2, 0 %, 0 %, 35270 MiB, 37.34 W
2026/09/20 15:26:28.684, 0, 0 %, 0 %, 35270 MiB, 39.16 W
2026/09/20 15:26:28.684, 1, 0 %, 0 %, 35270 MiB, 38.53 W
2026/09/20 15:26:28.685, 2, 0 %, 0 %, 35270 MiB, 37.44 W
2026/09/20 15:26:33.686, 0, 0 %, 0 %, 35270 MiB, 39.25 W
2026/09/20 15:26:33.686, 1, 0 %, 0 %, 35270 MiB, 38.44 W
2026/09/20 15:26:33.687, 2, 0 %, 0 %, 35270 MiB, 37.44 W
2026/09/20 15:26:38.688, 0, 0 %, 0 %, 35270 MiB, 39.47 W
2026/09/20 15:26:38.688, 1, 0 %, 0 %, 35270 MiB, 38.36 W
2026/09/20 15:26:38.689, 2, 0 %, 0 %, 35270 MiB, 37.47 W
2026/09/20 15:26:43.689, 0, 0 %, 0 %, 35270 MiB, 39.31 W
2026/09/20 15:26:43.690, 1, 0 %, 0 %, 35270 MiB, 38.58 W
2026/09/20 15:26:43.690, 2, 0 %, 0 %, 35270 MiB, 37.79 W
2026/09/20 15:26:48.690, 0, 0 %, 0 %, 35270 MiB, 39.28 W
2026/09/20 15:26:48.691, 1, 0 %, 0 %, 35270 MiB, 38.46 W
2026/09/20 15:26:48.691, 2, 0 %, 0 %, 35270 MiB, 37.56 W
2026/09/20 15:26:53.693, 0, 0 %, 0 %, 35270 MiB, 39.06 W
2026/09/20 15:26:53.693, 1, 0 %, 0 %, 35270 MiB, 38.53 W
2026/09/20 15:26:53.693, 2, 0 %, 0 %, 35270 MiB, 37.54 W
2026/09/20 15:26:58.694, 0, 0 %, 0 %, 35270 MiB, 39.24 W
2026/09/20 15:26:58.695, 1, 0 %, 0 %, 35270 MiB, 38.42 W
2026/09/20 15:26:58.695, 2, 0 %, 0 %, 35270 MiB, 37.72 W
2026/09/20 15:27:03.696, 0, 0 %, 0 %, 35270 MiB, 39.19 W
2026/09/20 15:27:03.696, 1, 0 %, 0 %, 35270 MiB, 38.46 W
2026/09/20 15:27:03.697, 2, 0 %, 0 %, 35270 MiB, 37.48 W
2026/09/20 15:27:08.698, 0, 0 %, 0 %, 35270 MiB, 39.09 W
2026/09/20 15:27:08.698, 1, 0 %, 0 %, 35270 MiB, 38.46 W
2026/09/20 15:27:08.698, 2, 0 %, 0 %, 35270 MiB, 37.47 W
2026/09/20 15:27:13.699, 0, 0 %, 0 %, 35270 MiB, 39.18 W
2026/09/20 15:27:13.700, 1, 0 %, 0 %, 35270 MiB, 38.56 W
2026/09/20 15:27:13.700, 2, 0 %, 0 %, 35270 MiB, 37.37 W
2026/09/20 15:27:18.700, 0, 0 %, 0 %, 35270 MiB, 39.38 W
2026/09/20 15:27:18.701, 1, 0 %, 0 %, 35270 MiB, 38.56 W
2026/09/20 15:27:18.701, 2, 0 %, 0 %, 35270 MiB, 37.37 W
2026/09/20 15:27:23.701, 0, 0 %, 0 %, 35270 MiB, 39.16 W
2026/09/20 15:27:23.702, 1, 0 %, 0 %, 35270 MiB, 38.44 W
2026/09/20 15:27:23.702, 2, 0 %, 0 %, 35270 MiB, 37.55 W
2026/09/20 15:27:28.702, 0, 0 %, 0 %, 35270 MiB, 39.16 W
2026/09/20 15:27:28.702, 1, 0 %, 0 %, 35270 MiB, 38.44 W
2026/09/20 15:27:28.703, 2, 0 %, 0 %, 35270 MiB, 37.44 W
2026/09/20 15:27:33.704, 0, 0 %, 0 %, 35270 MiB, 39.46 W
2026/09/20 15:27:33.705, 1, 0 %, 0 %, 35270 MiB, 38.56 W
2026/09/20 15:27:33.705, 2, 0 %, 0 %, 35270 MiB, 38.06 W
2026/09/20 15:27:38.706, 0, 0 %, 0 %, 35270 MiB, 39.17 W
2026/09/20 15:27:38.706, 1, 0 %, 0 %, 35270 MiB, 38.54 W
2026/09/20 15:27:38.707, 2, 0 %, 0 %, 35270 MiB, 37.75 W
2026/09/20 15:27:43.707, 0, 0 %, 0 %, 35270 MiB, 39.16 W
2026/09/20 15:27:43.708, 1, 0 %, 0 %, 35270 MiB, 38.44 W
2026/09/20 15:27:43.708, 2, 0 %, 0 %, 35270 MiB, 37.53 W
2026/09/20 15:27:48.709, 0, 0 %, 0 %, 35270 MiB, 39.25 W
2026/09/20 15:27:48.709, 1, 0 %, 0 %, 35270 MiB, 38.44 W
2026/09/20 15:27:48.709, 2, 0 %, 0 %, 35270 MiB, 37.44 W
2026/09/20 15:27:53.711, 0, 0 %, 0 %, 35270 MiB, 39.35 W
2026/09/20 15:27:53.711, 1, 0 %, 0 %, 35270 MiB, 38.53 W
2026/09/20 15:27:53.711, 2, 0 %, 0 %, 35270 MiB, 37.44 W
2026/09/20 15:27:58.713, 0, 0 %, 0 %, 35270 MiB, 39.04 W
2026/09/20 15:27:58.713, 1, 0 %, 0 %, 35270 MiB, 38.43 W
2026/09/20 15:27:58.714, 2, 0 %, 0 %, 35270 MiB, 37.74 W
2026/09/20 15:28:03.715, 0, 0 %, 0 %, 35270 MiB, 39.14 W
2026/09/20 15:28:03.716, 1, 0 %, 0 %, 35270 MiB, 38.32 W
2026/09/20 15:28:03.716, 2, 0 %, 0 %, 35270 MiB, 37.54 W
2026/09/20 15:28:08.717, 0, 0 %, 0 %, 35270 MiB, 38.97 W
2026/09/20 15:28:08.718, 1, 0 %, 0 %, 35270 MiB, 38.33 W
2026/09/20 15:28:08.718, 2, 0 %, 0 %, 35270 MiB, 37.46 W
2026/09/20 15:28:13.719, 0, 0 %, 0 %, 35270 MiB, 39.17 W
2026/09/20 15:28:13.720, 1, 0 %, 0 %, 35270 MiB, 38.45 W
2026/09/20 15:28:13.720, 2, 0 %, 0 %, 35270 MiB, 37.25 W
2026/09/20 15:28:18.720, 0, 14 %, 1 %, 35270 MiB, 39.77 W
2026/09/20 15:28:18.720, 1, 0 %, 0 %, 35270 MiB, 38.46 W
2026/09/20 15:28:18.721, 2, 0 %, 0 %, 35270 MiB, 37.44 W
2026/09/20 15:28:23.722, 0, 0 %, 0 %, 35270 MiB, 39.17 W
2026/09/20 15:28:23.722, 1, 0 %, 0 %, 35270 MiB, 38.44 W
2026/09/20 15:28:23.723, 2, 0 %, 0 %, 35270 MiB, 37.36 W
2026/09/20 15:28:28.724, 0, 0 %, 0 %, 35270 MiB, 39.25 W
2026/09/20 15:28:28.724, 1, 0 %, 0 %, 35270 MiB, 38.53 W
2026/09/20 15:28:28.725, 2, 0 %, 0 %, 35270 MiB, 37.35 W
2026/09/20 15:28:33.725, 0, 0 %, 0 %, 35270 MiB, 39.18 W
2026/09/20 15:28:33.726, 1, 0 %, 0 %, 35270 MiB, 38.56 W
2026/09/20 15:28:33.726, 2, 0 %, 0 %, 35270 MiB, 37.37 W
2026/09/20 15:28:38.726, 0, 0 %, 0 %, 35270 MiB, 39.16 W
2026/09/20 15:28:38.727, 1, 0 %, 0 %, 35270 MiB, 38.44 W
2026/09/20 15:28:38.727, 2, 0 %, 0 %, 35270 MiB, 37.64 W
2026/09/20 15:28:43.727, 0, 19 %, 1 %, 35270 MiB, 39.16 W
2026/09/20 15:28:43.728, 1, 0 %, 0 %, 35270 MiB, 38.44 W
2026/09/20 15:28:43.728, 2, 0 %, 0 %, 35270 MiB, 37.54 W
2026/09/20 15:28:48.729, 0, 23 %, 1 %, 35270 MiB, 39.26 W
2026/09/20 15:28:48.729, 1, 0 %, 0 %, 35270 MiB, 38.33 W
2026/09/20 15:28:48.729, 2, 0 %, 0 %, 35270 MiB, 37.44 W
2026/09/20 15:28:53.730, 0, 0 %, 0 %, 35270 MiB, 39.17 W
2026/09/20 15:28:53.731, 1, 0 %, 0 %, 35270 MiB, 38.25 W
2026/09/20 15:28:53.731, 2, 0 %, 0 %, 35270 MiB, 37.75 W
2026/09/20 15:28:58.731, 0, 0 %, 0 %, 35270 MiB, 39.16 W
2026/09/20 15:28:58.732, 1, 0 %, 0 %, 35270 MiB, 38.33 W
2026/09/20 15:28:58.732, 2, 0 %, 0 %, 35270 MiB, 37.44 W
2026/09/20 15:29:03.741, 0, 22 %, 1 %, 35270 MiB, 39.55 W
2026/09/20 15:29:03.742, 1, 0 %, 0 %, 35270 MiB, 38.44 W
2026/09/20 15:29:03.742, 2, 0 %, 0 %, 35270 MiB, 37.35 W
2026/09/20 15:29:08.743, 0, 25 %, 1 %, 35270 MiB, 39.06 W
2026/09/20 15:29:08.744, 1, 0 %, 0 %, 35270 MiB, 38.23 W
2026/09/20 15:29:08.744, 2, 0 %, 0 %, 35270 MiB, 37.44 W
2026/09/20 15:29:13.745, 0, 25 %, 1 %, 35270 MiB, 39.06 W
2026/09/20 15:29:13.746, 1, 0 %, 0 %, 35270 MiB, 38.34 W
2026/09/20 15:29:13.746, 2, 0 %, 0 %, 35270 MiB, 37.44 W
2026/09/20 15:29:18.747, 0, 20 %, 1 %, 35270 MiB, 39.04 W
2026/09/20 15:29:18.747, 1, 0 %, 0 %, 35270 MiB, 38.32 W
2026/09/20 15:29:18.748, 2, 0 %, 0 %, 35270 MiB, 37.24 W
2026/09/20 15:29:23.749, 0, 28 %, 1 %, 35270 MiB, 39.06 W
2026/09/20 15:29:23.750, 1, 0 %, 0 %, 35270 MiB, 38.34 W
2026/09/20 15:29:23.750, 2, 0 %, 0 %, 35270 MiB, 37.24 W
2026/09/20 15:29:28.751, 0, 0 %, 0 %, 35270 MiB, 39.36 W
2026/09/20 15:29:28.752, 1, 0 %, 0 %, 35270 MiB, 38.33 W
2026/09/20 15:29:28.752, 2, 24 %, 1 %, 35270 MiB, 37.35 W
2026/09/20 15:29:33.753, 0, 19 %, 1 %, 35270 MiB, 39.05 W
2026/09/20 15:29:33.754, 1, 0 %, 0 %, 35270 MiB, 38.44 W
2026/09/20 15:29:33.754, 2, 5 %, 0 %, 35270 MiB, 38.04 W
2026/09/20 15:29:38.755, 0, 0 %, 0 %, 35270 MiB, 39.15 W
2026/09/20 15:29:38.756, 1, 0 %, 0 %, 35270 MiB, 38.44 W
2026/09/20 15:29:38.756, 2, 0 %, 0 %, 35270 MiB, 37.23 W
2026/09/20 15:29:43.756, 0, 5 %, 0 %, 35270 MiB, 38.96 W
2026/09/20 15:29:43.757, 1, 0 %, 0 %, 35270 MiB, 38.44 W
2026/09/20 15:29:43.757, 2, 0 %, 0 %, 35270 MiB, 37.34 W
2026/09/20 15:29:48.757, 0, 0 %, 0 %, 35270 MiB, 39.11 W
2026/09/20 15:29:48.758, 1, 0 %, 0 %, 35270 MiB, 38.39 W
2026/09/20 15:29:48.758, 2, 0 %, 0 %, 35270 MiB, 37.59 W
2026/09/20 15:29:53.759, 0, 0 %, 0 %, 35270 MiB, 39.14 W
2026/09/20 15:29:53.759, 1, 0 %, 0 %, 35270 MiB, 38.22 W
2026/09/20 15:29:53.759, 2, 0 %, 0 %, 35270 MiB, 37.35 W
2026/09/20 15:29:58.761, 0, 0 %, 0 %, 35270 MiB, 38.89 W
2026/09/20 15:29:58.761, 1, 0 %, 0 %, 35270 MiB, 38.25 W
2026/09/20 15:29:58.762, 2, 0 %, 0 %, 35270 MiB, 37.36 W
2026/09/20 15:30:03.763, 0, 0 %, 0 %, 35270 MiB, 38.86 W
2026/09/20 15:30:03.763, 1, 0 %, 0 %, 35270 MiB, 38.23 W
2026/09/20 15:30:03.764, 2, 0 %, 0 %, 35270 MiB, 37.33 W
2026/09/20 15:30:08.765, 0, 0 %, 0 %, 35270 MiB, 39.14 W
2026/09/20 15:30:08.765, 1, 0 %, 0 %, 35270 MiB, 38.32 W
2026/09/20 15:30:08.766, 2, 0 %, 0 %, 35270 MiB, 37.53 W
2026/09/20 15:30:13.767, 0, 0 %, 0 %, 35270 MiB, 39.16 W
2026/09/20 15:30:13.767, 1, 25 %, 1 %, 35270 MiB, 38.53 W
2026/09/20 15:30:13.768, 2, 0 %, 0 %, 35270 MiB, 37.44 W
2026/09/20 15:30:18.769, 0, 0 %, 0 %, 35270 MiB, 39.14 W
2026/09/20 15:30:18.769, 1, 4 %, 0 %, 35270 MiB, 38.53 W
2026/09/20 15:30:18.770, 2, 0 %, 0 %, 35270 MiB, 37.34 W
2026/09/20 15:30:23.770, 0, 0 %, 0 %, 35270 MiB, 38.96 W
2026/09/20 15:30:23.771, 1, 25 %, 1 %, 35270 MiB, 38.44 W
2026/09/20 15:30:23.771, 2, 0 %, 0 %, 35270 MiB, 37.24 W
2026/09/20 15:30:28.772, 0, 0 %, 0 %, 35270 MiB, 39.06 W
2026/09/20 15:30:28.772, 1, 0 %, 0 %, 35270 MiB, 38.42 W
2026/09/20 15:30:28.772, 2, 0 %, 0 %, 35270 MiB, 37.44 W
2026/09/20 15:30:33.773, 0, 0 %, 0 %, 35270 MiB, 39.07 W
2026/09/20 15:30:33.774, 1, 25 %, 1 %, 35270 MiB, 38.54 W
2026/09/20 15:30:33.774, 2, 0 %, 0 %, 35270 MiB, 37.24 W
2026/09/20 15:30:38.784, 0, 0 %, 0 %, 35270 MiB, 39.07 W
2026/09/20 15:30:38.785, 1, 0 %, 0 %, 35270 MiB, 38.45 W
2026/09/20 15:30:38.785, 2, 0 %, 0 %, 35270 MiB, 37.36 W
2026/09/20 15:30:43.786, 0, 0 %, 0 %, 35270 MiB, 39.17 W
2026/09/20 15:30:43.786, 1, 20 %, 1 %, 35270 MiB, 38.53 W
2026/09/20 15:30:43.787, 2, 0 %, 0 %, 35270 MiB, 37.35 W
2026/09/20 15:30:48.787, 0, 0 %, 0 %, 35270 MiB, 39.39 W
2026/09/20 15:30:48.788, 1, 25 %, 1 %, 35270 MiB, 41.43 W
2026/09/20 15:30:48.788, 2, 0 %, 0 %, 35270 MiB, 37.47 W
2026/09/20 15:30:53.789, 0, 0 %, 0 %, 35270 MiB, 39.16 W
2026/09/20 15:30:53.790, 1, 21 %, 1 %, 35270 MiB, 39.51 W
2026/09/20 15:30:53.790, 2, 0 %, 0 %, 35270 MiB, 37.35 W
2026/09/20 15:30:58.791, 0, 0 %, 0 %, 35270 MiB, 39.19 W
2026/09/20 15:30:58.791, 1, 0 %, 0 %, 35270 MiB, 38.95 W
2026/09/20 15:30:58.791, 2, 0 %, 0 %, 35270 MiB, 37.35 W
2026/09/20 15:31:03.798, 0, 0 %, 0 %, 35270 MiB, 39.25 W
2026/09/20 15:31:03.799, 1, 0 %, 0 %, 35270 MiB, 38.44 W
2026/09/20 15:31:03.799, 2, 0 %, 0 %, 35270 MiB, 37.35 W
2026/09/20 15:31:08.806, 0, 0 %, 0 %, 35270 MiB, 39.36 W
2026/09/20 15:31:08.806, 1, 0 %, 0 %, 35270 MiB, 38.55 W
2026/09/20 15:31:08.806, 2, 11 %, 0 %, 35270 MiB, 37.56 W
2026/09/20 15:31:13.807, 0, 0 %, 0 %, 35270 MiB, 39.17 W
2026/09/20 15:31:13.808, 1, 0 %, 0 %, 35270 MiB, 38.44 W
2026/09/20 15:31:13.808, 2, 0 %, 0 %, 35270 MiB, 37.56 W
2026/09/20 15:31:18.809, 0, 0 %, 0 %, 35270 MiB, 39.07 W
2026/09/20 15:31:18.809, 1, 0 %, 0 %, 35270 MiB, 38.35 W
2026/09/20 15:31:18.809, 2, 21 %, 1 %, 35270 MiB, 38.56 W
2026/09/20 15:31:23.810, 0, 0 %, 0 %, 35270 MiB, 39.08 W
2026/09/20 15:31:23.811, 1, 0 %, 0 %, 35270 MiB, 38.66 W
2026/09/20 15:31:23.811, 2, 0 %, 0 %, 35270 MiB, 37.67 W
2026/09/20 15:31:28.812, 0, 0 %, 0 %, 35270 MiB, 39.06 W
2026/09/20 15:31:28.812, 1, 0 %, 0 %, 35270 MiB, 38.33 W
2026/09/20 15:31:28.813, 2, 0 %, 0 %, 35270 MiB, 37.35 W
2026/09/20 15:31:33.820, 0, 0 %, 0 %, 35270 MiB, 38.99 W
2026/09/20 15:31:33.820, 1, 4 %, 0 %, 35270 MiB, 38.47 W
2026/09/20 15:31:33.821, 2, 0 %, 0 %, 35270 MiB, 37.47 W
2026/09/20 15:31:38.821, 0, 0 %, 0 %, 35270 MiB, 38.99 W
2026/09/20 15:31:38.822, 1, 0 %, 0 %, 35270 MiB, 38.38 W
2026/09/20 15:31:38.822, 2, 0 %, 0 %, 35270 MiB, 37.39 W
2026/09/20 15:31:43.822, 0, 0 %, 0 %, 35270 MiB, 39.25 W
2026/09/20 15:31:43.823, 1, 0 %, 0 %, 35270 MiB, 38.44 W
2026/09/20 15:31:43.823, 2, 0 %, 0 %, 35270 MiB, 37.34 W
2026/09/20 15:31:48.823, 0, 0 %, 0 %, 35270 MiB, 38.80 W
2026/09/20 15:31:48.824, 1, 0 %, 0 %, 35270 MiB, 38.48 W
2026/09/20 15:31:48.824, 2, 5 %, 0 %, 35270 MiB, 37.49 W
2026/09/20 15:31:53.824, 0, 0 %, 0 %, 35270 MiB, 39.18 W
2026/09/20 15:31:53.825, 1, 0 %, 0 %, 35270 MiB, 38.46 W
2026/09/20 15:31:53.825, 2, 0 %, 0 %, 35270 MiB, 37.37 W
2026/09/20 15:31:58.825, 0, 0 %, 0 %, 35270 MiB, 39.09 W
2026/09/20 15:31:58.825, 1, 0 %, 0 %, 35270 MiB, 38.65 W
2026/09/20 15:31:58.826, 2, 0 %, 0 %, 35270 MiB, 37.56 W
2026/09/20 15:32:03.833, 0, 0 %, 0 %, 35270 MiB, 39.19 W
2026/09/20 15:32:03.833, 1, 0 %, 0 %, 35270 MiB, 38.56 W
2026/09/20 15:32:03.833, 2, 0 %, 0 %, 35270 MiB, 47.69 W
2026/09/20 15:32:08.834, 0, 0 %, 0 %, 35270 MiB, 39.18 W
2026/09/20 15:32:08.835, 1, 0 %, 0 %, 35270 MiB, 38.35 W
2026/09/20 15:32:08.835, 2, 0 %, 0 %, 35270 MiB, 37.37 W
2026/09/20 15:32:13.836, 0, 0 %, 0 %, 35270 MiB, 39.17 W
2026/09/20 15:32:13.836, 1, 0 %, 0 %, 35270 MiB, 38.25 W
2026/09/20 15:32:13.836, 2, 0 %, 0 %, 35270 MiB, 37.46 W
2026/09/20 15:32:18.838, 0, 0 %, 0 %, 35270 MiB, 39.17 W
2026/09/20 15:32:18.838, 1, 0 %, 0 %, 35270 MiB, 38.44 W
2026/09/20 15:32:18.839, 2, 25 %, 1 %, 35270 MiB, 44.80 W
2026/09/20 15:32:23.840, 0, 0 %, 0 %, 35270 MiB, 39.14 W
2026/09/20 15:32:23.840, 1, 0 %, 0 %, 35270 MiB, 38.22 W
2026/09/20 15:32:23.840, 2, 0 %, 0 %, 35270 MiB, 37.53 W
2026/09/20 15:32:28.841, 0, 0 %, 0 %, 35270 MiB, 38.91 W
2026/09/20 15:32:28.842, 1, 0 %, 0 %, 35270 MiB, 38.28 W
2026/09/20 15:32:28.842, 2, 0 %, 0 %, 35270 MiB, 37.38 W
2026/09/20 15:32:33.843, 0, 0 %, 0 %, 35270 MiB, 38.87 W
2026/09/20 15:32:33.843, 1, 0 %, 0 %, 35270 MiB, 38.24 W
2026/09/20 15:32:33.844, 2, 0 %, 0 %, 35270 MiB, 37.35 W
2026/09/20 15:32:38.845, 0, 0 %, 0 %, 35270 MiB, 38.96 W
2026/09/20 15:32:38.846, 1, 0 %, 0 %, 35270 MiB, 38.23 W
2026/09/20 15:32:38.846, 2, 0 %, 0 %, 35270 MiB, 37.35 W
2026/09/20 15:32:43.846, 0, 0 %, 0 %, 35270 MiB, 38.97 W
2026/09/20 15:32:43.847, 1, 0 %, 0 %, 35270 MiB, 38.23 W
2026/09/20 15:32:43.847, 2, 0 %, 0 %, 35270 MiB, 37.26 W
2026/09/20 15:32:48.848, 0, 0 %, 0 %, 35270 MiB, 38.90 W
2026/09/20 15:32:48.848, 1, 0 %, 0 %, 35270 MiB, 38.36 W
2026/09/20 15:32:48.848, 2, 0 %, 0 %, 35270 MiB, 37.37 W
2026/09/20 15:32:53.849, 0, 0 %, 0 %, 35270 MiB, 38.97 W
2026/09/20 15:32:53.850, 1, 0 %, 0 %, 35270 MiB, 38.56 W
2026/09/20 15:32:53.850, 2, 0 %, 0 %, 35270 MiB, 37.56 W
2026/09/20 15:32:58.850, 0, 0 %, 0 %, 35270 MiB, 39.11 W
2026/09/20 15:32:58.851, 1, 0 %, 0 %, 35270 MiB, 38.36 W
2026/09/20 15:32:58.851, 2, 0 %, 0 %, 35270 MiB, 37.39 W
2026/09/20 15:33:03.852, 0, 0 %, 0 %, 35270 MiB, 39.09 W
2026/09/20 15:33:03.852, 1, 0 %, 0 %, 35270 MiB, 38.47 W
2026/09/20 15:33:03.853, 2, 0 %, 0 %, 35270 MiB, 37.36 W
2026/09/20 15:33:08.854, 0, 0 %, 0 %, 35270 MiB, 38.96 W
2026/09/20 15:33:08.854, 1, 0 %, 0 %, 35270 MiB, 38.44 W
2026/09/20 15:33:08.854, 2, 0 %, 0 %, 35270 MiB, 37.37 W
2026/09/20 15:33:13.856, 0, 0 %, 0 %, 35270 MiB, 39.14 W
2026/09/20 15:33:13.856, 1, 0 %, 0 %, 35270 MiB, 38.43 W
2026/09/20 15:33:13.856, 2, 0 %, 0 %, 35270 MiB, 37.53 W
2026/09/20 15:33:18.857, 0, 0 %, 0 %, 35270 MiB, 39.16 W
2026/09/20 15:33:18.858, 1, 0 %, 0 %, 35270 MiB, 38.23 W
2026/09/20 15:33:18.858, 2, 0 %, 0 %, 35270 MiB, 37.34 W
2026/09/20 15:33:23.858, 0, 0 %, 0 %, 35270 MiB, 39.08 W
2026/09/20 15:33:23.859, 1, 0 %, 0 %, 35270 MiB, 38.26 W
2026/09/20 15:33:23.859, 2, 0 %, 0 %, 35270 MiB, 37.37 W
2026/09/20 15:33:28.859, 0, 0 %, 0 %, 35270 MiB, 39.12 W
2026/09/20 15:33:28.860, 1, 0 %, 0 %, 35270 MiB, 38.18 W
2026/09/20 15:33:28.860, 2, 0 %, 0 %, 35270 MiB, 37.39 W
2026/09/20 15:33:33.860, 0, 0 %, 0 %, 35270 MiB, 39.01 W
2026/09/20 15:33:33.860, 1, 0 %, 0 %, 35270 MiB, 38.28 W
2026/09/20 15:33:33.861, 2, 0 %, 0 %, 35270 MiB, 37.59 W
2026/09/20 15:33:38.862, 0, 0 %, 0 %, 35270 MiB, 38.99 W
2026/09/20 15:33:38.862, 1, 0 %, 0 %, 35270 MiB, 38.36 W
2026/09/20 15:33:38.862, 2, 0 %, 0 %, 35270 MiB, 37.38 W
2026/09/20 15:33:43.863, 0, 0 %, 0 %, 35270 MiB, 39.01 W
2026/09/20 15:33:43.863, 1, 0 %, 0 %, 35270 MiB, 38.28 W
2026/09/20 15:33:43.863, 2, 0 %, 0 %, 35270 MiB, 37.29 W
2026/09/20 15:33:48.864, 0, 0 %, 0 %, 35270 MiB, 39.11 W
2026/09/20 15:33:48.864, 1, 0 %, 0 %, 35270 MiB, 38.49 W
2026/09/20 15:33:48.864, 2, 0 %, 0 %, 35270 MiB, 37.39 W
2026/09/20 15:33:53.864, 0, 0 %, 0 %, 35270 MiB, 39.29 W
2026/09/20 15:33:53.865, 1, 0 %, 0 %, 35270 MiB, 38.46 W
2026/09/20 15:33:53.865, 2, 0 %, 0 %, 35270 MiB, 37.37 W
2026/09/20 15:33:58.865, 0, 0 %, 0 %, 35270 MiB, 39.22 W
2026/09/20 15:33:58.866, 1, 0 %, 0 %, 35270 MiB, 38.47 W
2026/09/20 15:33:58.866, 2, 0 %, 0 %, 35270 MiB, 37.28 W
2026/09/20 15:34:03.866, 0, 0 %, 0 %, 35270 MiB, 39.22 W
2026/09/20 15:34:03.866, 1, 0 %, 0 %, 35270 MiB, 38.49 W
2026/09/20 15:34:03.867, 2, 0 %, 0 %, 35270 MiB, 37.28 W
2026/09/20 15:34:08.867, 0, 0 %, 0 %, 35270 MiB, 39.22 W
2026/09/20 15:34:08.867, 1, 0 %, 0 %, 35270 MiB, 38.58 W
2026/09/20 15:34:08.867, 2, 0 %, 0 %, 35270 MiB, 37.39 W
2026/09/20 15:34:13.868, 0, 0 %, 0 %, 35270 MiB, 39.29 W
2026/09/20 15:34:13.868, 1, 0 %, 0 %, 35270 MiB, 38.49 W
2026/09/20 15:34:13.868, 2, 0 %, 0 %, 35270 MiB, 37.58 W
2026/09/20 15:34:18.868, 0, 0 %, 0 %, 35270 MiB, 39.31 W
2026/09/20 15:34:18.869, 1, 0 %, 0 %, 35270 MiB, 38.58 W
2026/09/20 15:34:18.869, 2, 0 %, 0 %, 35270 MiB, 37.49 W
2026/09/20 15:34:23.869, 0, 0 %, 0 %, 35270 MiB, 39.31 W
2026/09/20 15:34:23.869, 1, 0 %, 0 %, 35270 MiB, 38.68 W
2026/09/20 15:34:23.869, 2, 0 %, 0 %, 35270 MiB, 37.49 W
2026/09/20 15:34:28.870, 0, 0 %, 0 %, 35270 MiB, 39.31 W
2026/09/20 15:34:28.870, 1, 0 %, 0 %, 35270 MiB, 38.49 W
2026/09/20 15:34:28.870, 2, 0 %, 0 %, 35270 MiB, 37.60 W
2026/09/20 15:34:33.870, 0, 0 %, 0 %, 35270 MiB, 39.31 W
2026/09/20 15:34:33.870, 1, 0 %, 0 %, 35270 MiB, 38.58 W
2026/09/20 15:34:33.871, 2, 0 %, 0 %, 35270 MiB, 37.59 W
2026/09/20 15:34:38.872, 0, 0 %, 0 %, 35270 MiB, 39.18 W
2026/09/20 15:34:38.872, 1, 0 %, 0 %, 35270 MiB, 38.56 W
2026/09/20 15:34:38.873, 2, 0 %, 0 %, 35270 MiB, 37.69 W
2026/09/20 15:34:43.873, 0, 0 %, 0 %, 35270 MiB, 39.16 W
2026/09/20 15:34:43.874, 1, 0 %, 0 %, 35270 MiB, 38.61 W
2026/09/20 15:34:43.874, 2, 0 %, 0 %, 35270 MiB, 37.72 W
2026/09/20 15:34:48.875, 0, 0 %, 0 %, 35270 MiB, 39.24 W
2026/09/20 15:34:48.876, 1, 0 %, 0 %, 35270 MiB, 38.53 W
2026/09/20 15:34:48.876, 2, 0 %, 0 %, 35270 MiB, 37.65 W
2026/09/20 15:34:53.876, 0, 0 %, 0 %, 35270 MiB, 39.06 W
2026/09/20 15:34:53.876, 1, 0 %, 0 %, 35270 MiB, 38.33 W
2026/09/20 15:34:53.877, 2, 0 %, 0 %, 35270 MiB, 37.33 W
2026/09/20 15:34:58.878, 0, 0 %, 0 %, 35270 MiB, 38.85 W
2026/09/20 15:34:58.878, 1, 0 %, 0 %, 35270 MiB, 38.32 W
2026/09/20 15:34:58.879, 2, 0 %, 0 %, 35270 MiB, 37.23 W
2026/09/20 15:35:03.883, 0, 0 %, 0 %, 35270 MiB, 38.75 W
2026/09/20 15:35:03.883, 1, 0 %, 0 %, 35270 MiB, 38.23 W
2026/09/20 15:35:03.884, 2, 0 %, 0 %, 35270 MiB, 37.23 W
2026/09/20 15:35:08.884, 0, 0 %, 0 %, 35270 MiB, 38.86 W
2026/09/20 15:35:08.885, 1, 0 %, 0 %, 35270 MiB, 38.23 W
2026/09/20 15:35:08.885, 2, 0 %, 0 %, 35270 MiB, 37.33 W
2026/09/20 15:35:13.886, 0, 0 %, 0 %, 35270 MiB, 38.75 W
2026/09/20 15:35:13.886, 1, 0 %, 0 %, 35270 MiB, 38.23 W
2026/09/20 15:35:13.887, 2, 0 %, 0 %, 35270 MiB, 37.14 W
2026/09/20 15:35:18.888, 0, 0 %, 0 %, 35270 MiB, 38.87 W
2026/09/20 15:35:18.888, 1, 0 %, 0 %, 35270 MiB, 38.33 W
2026/09/20 15:35:18.888, 2, 0 %, 0 %, 35270 MiB, 37.04 W
2026/09/20 15:35:23.890, 0, 0 %, 0 %, 35270 MiB, 38.97 W
2026/09/20 15:35:23.890, 1, 0 %, 0 %, 35270 MiB, 38.23 W
2026/09/20 15:35:23.890, 2, 0 %, 0 %, 35270 MiB, 37.14 W
2026/09/20 15:35:28.891, 0, 0 %, 0 %, 35270 MiB, 38.86 W
2026/09/20 15:35:28.892, 1, 0 %, 0 %, 35270 MiB, 38.23 W
2026/09/20 15:35:28.892, 2, 0 %, 0 %, 35270 MiB, 37.24 W
2026/09/20 15:35:33.892, 0, 0 %, 0 %, 35270 MiB, 38.66 W
2026/09/20 15:35:33.892, 1, 0 %, 0 %, 35270 MiB, 37.94 W
2026/09/20 15:35:33.893, 2, 0 %, 0 %, 35270 MiB, 37.06 W
2026/09/20 15:35:38.894, 0, 0 %, 0 %, 35270 MiB, 38.76 W
2026/09/20 15:35:38.894, 1, 0 %, 0 %, 35270 MiB, 38.13 W
2026/09/20 15:35:38.894, 2, 0 %, 0 %, 35270 MiB, 37.06 W
2026/09/20 15:35:43.896, 0, 0 %, 0 %, 35270 MiB, 38.96 W
2026/09/20 15:35:43.896, 1, 0 %, 0 %, 35270 MiB, 38.03 W
2026/09/20 15:35:43.896, 2, 0 %, 0 %, 35270 MiB, 37.15 W
2026/09/20 15:35:48.906, 0, 0 %, 0 %, 35270 MiB, 38.66 W
2026/09/20 15:35:48.906, 1, 0 %, 0 %, 35270 MiB, 38.14 W
2026/09/20 15:35:48.906, 2, 0 %, 0 %, 35270 MiB, 37.35 W
2026/09/20 15:35:53.907, 0, 0 %, 0 %, 35270 MiB, 38.75 W
2026/09/20 15:35:53.907, 1, 0 %, 0 %, 35270 MiB, 38.23 W
2026/09/20 15:35:53.907, 2, 0 %, 0 %, 35270 MiB, 37.14 W
2026/09/20 15:35:58.909, 0, 0 %, 0 %, 35270 MiB, 38.75 W
2026/09/20 15:35:58.909, 1, 0 %, 0 %, 35270 MiB, 38.13 W
2026/09/20 15:35:58.909, 2, 0 %, 0 %, 35270 MiB, 37.14 W
2026/09/20 15:36:03.915, 0, 0 %, 0 %, 35270 MiB, 38.64 W
2026/09/20 15:36:03.915, 1, 0 %, 0 %, 35270 MiB, 38.13 W
2026/09/20 15:36:03.915, 2, 0 %, 0 %, 35270 MiB, 36.94 W
2026/09/20 15:36:08.917, 0, 0 %, 0 %, 35270 MiB, 38.76 W
2026/09/20 15:36:08.917, 1, 0 %, 0 %, 35270 MiB, 38.03 W
2026/09/20 15:36:08.918, 2, 0 %, 0 %, 35270 MiB, 37.14 W
2026/09/20 15:36:13.922, 0, 0 %, 0 %, 35270 MiB, 38.66 W
2026/09/20 15:36:13.922, 1, 0 %, 0 %, 35270 MiB, 38.13 W
2026/09/20 15:36:13.922, 2, 0 %, 0 %, 35270 MiB, 37.05 W
2026/09/20 15:36:18.924, 0, 0 %, 0 %, 35270 MiB, 38.86 W
2026/09/20 15:36:18.924, 1, 0 %, 0 %, 35270 MiB, 38.03 W
2026/09/20 15:36:18.924, 2, 0 %, 0 %, 35270 MiB, 37.04 W
2026/09/20 15:36:23.925, 0, 0 %, 0 %, 35270 MiB, 38.75 W
2026/09/20 15:36:23.926, 1, 0 %, 0 %, 35270 MiB, 38.13 W
2026/09/20 15:36:23.926, 2, 0 %, 0 %, 35270 MiB, 37.04 W
2026/09/20 15:36:28.927, 0, 0 %, 0 %, 35270 MiB, 38.76 W
2026/09/20 15:36:28.927, 1, 0 %, 0 %, 35270 MiB, 38.23 W
2026/09/20 15:36:28.927, 2, 0 %, 0 %, 35270 MiB, 37.06 W
2026/09/20 15:36:33.928, 0, 0 %, 0 %, 35270 MiB, 38.87 W
2026/09/20 15:36:33.928, 1, 0 %, 0 %, 35270 MiB, 38.23 W
2026/09/20 15:36:33.928, 2, 0 %, 0 %, 35270 MiB, 37.06 W
2026/09/20 15:36:38.929, 0, 0 %, 0 %, 35270 MiB, 38.96 W
2026/09/20 15:36:38.929, 1, 0 %, 0 %, 35270 MiB, 38.03 W
2026/09/20 15:36:38.929, 2, 0 %, 0 %, 35270 MiB, 37.14 W
2026/09/20 15:36:43.931, 0, 0 %, 0 %, 35270 MiB, 38.96 W
2026/09/20 15:36:43.931, 1, 0 %, 0 %, 35270 MiB, 38.03 W
2026/09/20 15:36:43.932, 2, 0 %, 0 %, 35270 MiB, 37.35 W
2026/09/20 15:36:48.932, 0, 0 %, 0 %, 35270 MiB, 38.89 W
2026/09/20 15:36:48.933, 1, 0 %, 0 %, 35270 MiB, 38.25 W
2026/09/20 15:36:48.933, 2, 0 %, 0 %, 35270 MiB, 37.26 W
2026/09/20 15:36:53.933, 0, 0 %, 0 %, 35270 MiB, 38.69 W
2026/09/20 15:36:53.934, 1, 0 %, 0 %, 35270 MiB, 38.08 W
2026/09/20 15:36:53.934, 2, 0 %, 0 %, 35270 MiB, 37.28 W
2026/09/20 15:36:58.934, 0, 0 %, 0 %, 35270 MiB, 38.71 W
2026/09/20 15:36:58.934, 1, 0 %, 0 %, 35270 MiB, 38.19 W
2026/09/20 15:36:58.934, 2, 0 %, 0 %, 35270 MiB, 37.18 W
2026/09/20 15:37:03.935, 0, 0 %, 0 %, 35270 MiB, 38.81 W
2026/09/20 15:37:03.935, 1, 0 %, 0 %, 35270 MiB, 38.09 W
2026/09/20 15:37:03.935, 2, 0 %, 0 %, 35270 MiB, 37.39 W
2026/09/20 15:37:08.935, 0, 0 %, 0 %, 35270 MiB, 38.81 W
2026/09/20 15:37:08.935, 1, 0 %, 0 %, 35270 MiB, 38.29 W
2026/09/20 15:37:08.936, 2, 0 %, 0 %, 35270 MiB, 37.09 W
2026/09/20 15:37:13.936, 0, 0 %, 0 %, 35270 MiB, 39.03 W
2026/09/20 15:37:13.936, 1, 0 %, 0 %, 35270 MiB, 38.19 W
2026/09/20 15:37:13.936, 2, 0 %, 0 %, 35270 MiB, 37.10 W
2026/09/20 15:37:18.936, 0, 0 %, 0 %, 35270 MiB, 38.92 W
2026/09/20 15:37:18.937, 1, 0 %, 0 %, 35270 MiB, 38.29 W
2026/09/20 15:37:18.937, 2, 0 %, 0 %, 35270 MiB, 37.19 W
2026/09/20 15:37:23.937, 0, 0 %, 0 %, 35270 MiB, 97.44 W
2026/09/20 15:37:23.937, 1, 0 %, 0 %, 35270 MiB, 82.35 W
2026/09/20 15:37:23.937, 2, 1 %, 0 %, 35270 MiB, 102.39 W
2026/09/20 15:37:28.938, 0, 100 %, 7 %, 35270 MiB, 92.80 W
2026/09/20 15:37:28.938, 1, 100 %, 11 %, 35270 MiB, 95.42 W
2026/09/20 15:37:28.938, 2, 100 %, 7 %, 35270 MiB, 92.37 W
2026/09/20 15:37:33.938, 0, 100 %, 11 %, 35270 MiB, 94.22 W
2026/09/20 15:37:33.939, 1, 100 %, 7 %, 35270 MiB, 96.42 W
2026/09/20 15:37:33.939, 2, 100 %, 7 %, 35270 MiB, 94.51 W
2026/09/20 15:37:38.939, 0, 100 %, 7 %, 35270 MiB, 91.10 W
2026/09/20 15:37:38.939, 1, 100 %, 10 %, 35270 MiB, 91.39 W
2026/09/20 15:37:38.939, 2, 100 %, 7 %, 35270 MiB, 93.29 W
2026/09/20 15:37:43.940, 0, 100 %, 7 %, 35270 MiB, 92.14 W
2026/09/20 15:37:43.940, 1, 100 %, 13 %, 35270 MiB, 91.94 W
2026/09/20 15:37:43.940, 2, 100 %, 6 %, 35270 MiB, 96.98 W
2026/09/20 15:37:48.941, 0, 100 %, 7 %, 35270 MiB, 90.52 W
2026/09/20 15:37:48.941, 1, 100 %, 7 %, 35270 MiB, 92.54 W
2026/09/20 15:37:48.941, 2, 100 %, 7 %, 35270 MiB, 92.23 W
2026/09/20 15:37:53.942, 0, 99 %, 11 %, 35270 MiB, 88.15 W
2026/09/20 15:37:53.942, 1, 100 %, 6 %, 35270 MiB, 95.87 W
2026/09/20 15:37:53.942, 2, 100 %, 7 %, 35270 MiB, 94.35 W
2026/09/20 15:37:58.942, 0, 100 %, 7 %, 35270 MiB, 92.47 W
2026/09/20 15:37:58.942, 1, 100 %, 7 %, 35270 MiB, 96.42 W
2026/09/20 15:37:58.943, 2, 100 %, 7 %, 35270 MiB, 87.54 W
2026/09/20 15:38:03.943, 0, 100 %, 7 %, 35270 MiB, 92.55 W
2026/09/20 15:38:03.943, 1, 100 %, 15 %, 35270 MiB, 122.66 W
2026/09/20 15:38:03.943, 2, 100 %, 7 %, 35270 MiB, 92.89 W
2026/09/20 15:38:08.944, 0, 100 %, 11 %, 35270 MiB, 91.65 W
2026/09/20 15:38:08.944, 1, 100 %, 7 %, 35270 MiB, 91.92 W
2026/09/20 15:38:08.944, 2, 100 %, 7 %, 35270 MiB, 93.88 W
2026/09/20 15:38:13.944, 0, 100 %, 11 %, 35270 MiB, 99.07 W
2026/09/20 15:38:13.944, 1, 100 %, 7 %, 35270 MiB, 92.74 W
2026/09/20 15:38:13.945, 2, 100 %, 7 %, 35270 MiB, 94.85 W
2026/09/20 15:38:18.945, 0, 100 %, 11 %, 35270 MiB, 95.53 W
2026/09/20 15:38:18.945, 1, 100 %, 7 %, 35270 MiB, 93.16 W
2026/09/20 15:38:18.945, 2, 100 %, 10 %, 35270 MiB, 94.32 W
2026/09/20 15:38:23.946, 0, 100 %, 7 %, 35270 MiB, 99.82 W
2026/09/20 15:38:23.946, 1, 100 %, 7 %, 35270 MiB, 97.95 W
2026/09/20 15:38:23.946, 2, 100 %, 12 %, 35270 MiB, 93.48 W
2026/09/20 15:38:28.946, 0, 100 %, 11 %, 35270 MiB, 96.50 W
2026/09/20 15:38:28.946, 1, 99 %, 12 %, 35270 MiB, 95.65 W
2026/09/20 15:38:28.946, 2, 100 %, 11 %, 35270 MiB, 95.18 W
2026/09/20 15:38:33.947, 0, 99 %, 14 %, 35270 MiB, 172.60 W
2026/09/20 15:38:33.947, 1, 100 %, 11 %, 35270 MiB, 92.64 W
2026/09/20 15:38:33.947, 2, 100 %, 7 %, 35270 MiB, 94.71 W
2026/09/20 15:38:38.948, 0, 100 %, 7 %, 35270 MiB, 154.50 W
2026/09/20 15:38:38.948, 1, 100 %, 7 %, 35270 MiB, 99.06 W
2026/09/20 15:38:38.948, 2, 100 %, 7 %, 35270 MiB, 97.01 W
2026/09/20 15:38:43.948, 0, 100 %, 7 %, 35270 MiB, 93.11 W
2026/09/20 15:38:43.949, 1, 100 %, 7 %, 35270 MiB, 97.35 W
2026/09/20 15:38:43.949, 2, 100 %, 7 %, 35270 MiB, 94.32 W
2026/09/20 15:38:48.949, 0, 100 %, 7 %, 35270 MiB, 97.81 W
2026/09/20 15:38:48.949, 1, 100 %, 7 %, 35270 MiB, 94.49 W
2026/09/20 15:38:48.949, 2, 100 %, 7 %, 35270 MiB, 94.38 W
2026/09/20 15:38:53.950, 0, 100 %, 7 %, 35270 MiB, 98.64 W
2026/09/20 15:38:53.950, 1, 100 %, 7 %, 35270 MiB, 98.85 W
2026/09/20 15:38:53.950, 2, 100 %, 7 %, 35270 MiB, 93.98 W
2026/09/20 15:38:58.950, 0, 100 %, 7 %, 35270 MiB, 101.72 W
2026/09/20 15:38:58.951, 1, 100 %, 7 %, 35270 MiB, 95.22 W
2026/09/20 15:38:58.951, 2, 100 %, 7 %, 35270 MiB, 95.80 W
2026/09/20 15:39:03.951, 0, 100 %, 7 %, 35270 MiB, 97.46 W
2026/09/20 15:39:03.951, 1, 100 %, 7 %, 35270 MiB, 97.16 W
2026/09/20 15:39:03.951, 2, 100 %, 15 %, 35270 MiB, 98.79 W
2026/09/20 15:39:08.952, 0, 100 %, 7 %, 35270 MiB, 99.37 W
2026/09/20 15:39:08.952, 1, 100 %, 7 %, 35270 MiB, 97.45 W
2026/09/20 15:39:08.952, 2, 100 %, 7 %, 35270 MiB, 95.71 W
2026/09/20 15:39:13.952, 0, 100 %, 7 %, 35270 MiB, 99.19 W
2026/09/20 15:39:13.953, 1, 100 %, 11 %, 35270 MiB, 99.63 W
2026/09/20 15:39:13.953, 2, 100 %, 7 %, 35270 MiB, 100.15 W
2026/09/20 15:39:18.953, 0, 100 %, 7 %, 35270 MiB, 104.06 W
2026/09/20 15:39:18.953, 1, 100 %, 11 %, 35270 MiB, 96.29 W
2026/09/20 15:39:18.953, 2, 100 %, 7 %, 35270 MiB, 98.12 W
2026/09/20 15:39:23.954, 0, 100 %, 11 %, 35270 MiB, 96.09 W
2026/09/20 15:39:23.954, 1, 100 %, 11 %, 35270 MiB, 98.43 W
2026/09/20 15:39:23.954, 2, 100 %, 11 %, 35270 MiB, 95.16 W
2026/09/20 15:39:28.954, 0, 100 %, 11 %, 35270 MiB, 97.51 W
2026/09/20 15:39:28.955, 1, 100 %, 7 %, 35270 MiB, 99.89 W
2026/09/20 15:39:28.955, 2, 100 %, 7 %, 35270 MiB, 95.45 W
2026/09/20 15:39:33.955, 0, 100 %, 11 %, 35270 MiB, 98.58 W
2026/09/20 15:39:33.956, 1, 100 %, 7 %, 35270 MiB, 101.47 W
2026/09/20 15:39:33.956, 2, 100 %, 7 %, 35270 MiB, 98.63 W
2026/09/20 15:39:38.956, 0, 100 %, 7 %, 35270 MiB, 102.21 W
2026/09/20 15:39:38.956, 1, 100 %, 7 %, 35270 MiB, 99.10 W
2026/09/20 15:39:38.956, 2, 100 %, 7 %, 35270 MiB, 98.90 W
2026/09/20 15:39:43.957, 0, 100 %, 7 %, 35270 MiB, 100.10 W
2026/09/20 15:39:43.957, 1, 0 %, 0 %, 35270 MiB, 43.47 W
2026/09/20 15:39:43.957, 2, 54 %, 4 %, 35270 MiB, 84.46 W
2026/09/20 15:39:48.957, 0, 0 %, 0 %, 35270 MiB, 44.77 W
2026/09/20 15:39:48.957, 1, 0 %, 0 %, 35270 MiB, 42.76 W
2026/09/20 15:39:48.957, 2, 0 %, 0 %, 35270 MiB, 42.56 W
2026/09/20 15:39:53.959, 0, 0 %, 0 %, 35270 MiB, 44.32 W
2026/09/20 15:39:53.959, 1, 0 %, 0 %, 35270 MiB, 42.92 W
2026/09/20 15:39:53.960, 2, 0 %, 0 %, 35270 MiB, 42.33 W
2026/09/20 15:39:58.960, 0, 0 %, 0 %, 35270 MiB, 44.11 W
2026/09/20 15:39:58.961, 1, 0 %, 0 %, 35270 MiB, 42.60 W
2026/09/20 15:39:58.961, 2, 0 %, 0 %, 35270 MiB, 41.91 W
2026/09/20 15:40:03.961, 0, 0 %, 0 %, 35270 MiB, 43.80 W
2026/09/20 15:40:03.961, 1, 0 %, 0 %, 35270 MiB, 41.96 W
2026/09/20 15:40:03.961, 2, 0 %, 0 %, 35270 MiB, 41.62 W
2026/09/20 15:40:08.962, 0, 0 %, 0 %, 35270 MiB, 43.52 W
2026/09/20 15:40:08.963, 1, 0 %, 0 %, 35270 MiB, 41.79 W
2026/09/20 15:40:08.963, 2, 0 %, 0 %, 35270 MiB, 41.12 W
2026/09/20 15:40:13.964, 0, 0 %, 0 %, 35270 MiB, 43.02 W
2026/09/20 15:40:13.964, 1, 0 %, 0 %, 35270 MiB, 41.21 W
2026/09/20 15:40:13.964, 2, 0 %, 0 %, 35270 MiB, 40.82 W
2026/09/20 15:40:18.966, 0, 0 %, 0 %, 35270 MiB, 42.51 W
2026/09/20 15:40:18.966, 1, 0 %, 0 %, 35270 MiB, 41.00 W
2026/09/20 15:40:18.966, 2, 0 %, 0 %, 35270 MiB, 40.63 W
2026/09/20 15:40:23.968, 0, 0 %, 0 %, 35270 MiB, 42.32 W
2026/09/20 15:40:23.968, 1, 0 %, 0 %, 35270 MiB, 41.10 W
2026/09/20 15:40:23.968, 2, 0 %, 0 %, 35270 MiB, 40.33 W
2026/09/20 15:40:28.969, 0, 0 %, 0 %, 35270 MiB, 42.12 W
2026/09/20 15:40:28.970, 1, 0 %, 0 %, 35270 MiB, 40.90 W
2026/09/20 15:40:28.970, 2, 0 %, 0 %, 35270 MiB, 39.92 W
2026/09/20 15:40:33.970, 0, 0 %, 0 %, 35270 MiB, 41.86 W
2026/09/20 15:40:33.971, 1, 0 %, 0 %, 35270 MiB, 40.73 W
2026/09/20 15:40:33.971, 2, 0 %, 0 %, 35270 MiB, 40.03 W
2026/09/20 15:40:38.971, 0, 0 %, 0 %, 35270 MiB, 41.75 W
2026/09/20 15:40:38.972, 1, 0 %, 0 %, 35270 MiB, 40.71 W
2026/09/20 15:40:38.972, 2, 0 %, 0 %, 35270 MiB, 39.72 W
2026/09/20 15:40:43.973, 0, 0 %, 0 %, 35270 MiB, 41.64 W
2026/09/20 15:40:43.973, 1, 0 %, 0 %, 35270 MiB, 40.90 W
2026/09/20 15:40:43.973, 2, 0 %, 0 %, 35270 MiB, 39.62 W
2026/09/20 15:40:48.975, 0, 0 %, 0 %, 35270 MiB, 41.65 W
2026/09/20 15:40:48.975, 1, 0 %, 0 %, 35270 MiB, 40.62 W
2026/09/20 15:40:48.976, 2, 0 %, 0 %, 35270 MiB, 39.73 W
2026/09/20 15:40:53.976, 0, 0 %, 0 %, 35270 MiB, 41.44 W
2026/09/20 15:40:53.977, 1, 0 %, 0 %, 35270 MiB, 40.51 W
2026/09/20 15:40:53.977, 2, 0 %, 0 %, 35270 MiB, 39.62 W
2026/09/20 15:40:58.978, 0, 0 %, 0 %, 35270 MiB, 41.33 W
2026/09/20 15:40:58.978, 1, 0 %, 0 %, 35270 MiB, 40.32 W
2026/09/20 15:40:58.979, 2, 0 %, 0 %, 35270 MiB, 39.43 W
2026/09/20 15:41:03.980, 0, 0 %, 0 %, 35270 MiB, 41.33 W
2026/09/20 15:41:03.980, 1, 0 %, 0 %, 35270 MiB, 40.23 W
2026/09/20 15:41:03.980, 2, 0 %, 0 %, 35270 MiB, 39.45 W
2026/09/20 15:41:08.982, 0, 0 %, 0 %, 35270 MiB, 41.04 W
2026/09/20 15:41:08.982, 1, 0 %, 0 %, 35270 MiB, 39.74 W
2026/09/20 15:41:08.982, 2, 0 %, 0 %, 35270 MiB, 39.33 W
2026/09/20 15:41:13.983, 0, 0 %, 0 %, 35270 MiB, 40.85 W
2026/09/20 15:41:13.984, 1, 0 %, 0 %, 35270 MiB, 39.81 W
2026/09/20 15:41:13.984, 2, 0 %, 0 %, 35270 MiB, 39.25 W
2026/09/20 15:41:18.984, 0, 0 %, 0 %, 35270 MiB, 40.73 W
2026/09/20 15:41:18.984, 1, 0 %, 0 %, 35270 MiB, 39.41 W
2026/09/20 15:41:18.984, 2, 0 %, 0 %, 35270 MiB, 39.13 W
2026/09/20 15:41:23.985, 0, 0 %, 0 %, 35270 MiB, 40.65 W
2026/09/20 15:41:23.986, 1, 0 %, 0 %, 35270 MiB, 39.43 W
2026/09/20 15:41:23.986, 2, 0 %, 0 %, 35270 MiB, 39.06 W
2026/09/20 15:41:28.987, 0, 0 %, 0 %, 35270 MiB, 40.37 W
2026/09/20 15:41:28.987, 1, 0 %, 0 %, 35270 MiB, 39.73 W
2026/09/20 15:41:28.988, 2, 0 %, 0 %, 35270 MiB, 39.05 W
2026/09/20 15:41:33.989, 0, 0 %, 0 %, 35270 MiB, 40.45 W
2026/09/20 15:41:33.989, 1, 0 %, 0 %, 35270 MiB, 39.51 W
2026/09/20 15:41:33.989, 2, 0 %, 0 %, 35270 MiB, 38.94 W
2026/09/20 15:41:38.991, 0, 0 %, 0 %, 35270 MiB, 40.38 W
2026/09/20 15:41:38.991, 1, 0 %, 0 %, 35270 MiB, 39.44 W
2026/09/20 15:41:38.992, 2, 0 %, 0 %, 35270 MiB, 38.75 W
2026/09/20 15:41:43.999, 0, 0 %, 0 %, 35270 MiB, 40.35 W
2026/09/20 15:41:43.999, 1, 0 %, 0 %, 35270 MiB, 39.41 W
2026/09/20 15:41:44.000, 2, 0 %, 0 %, 35270 MiB, 38.75 W
2026/09/20 15:41:49.000, 0, 0 %, 0 %, 35270 MiB, 40.30 W
2026/09/20 15:41:49.001, 1, 0 %, 0 %, 35270 MiB, 39.56 W
2026/09/20 15:41:49.001, 2, 0 %, 0 %, 35270 MiB, 38.89 W
2026/09/20 15:41:54.001, 0, 0 %, 0 %, 35270 MiB, 40.19 W
2026/09/20 15:41:54.001, 1, 0 %, 0 %, 35270 MiB, 39.77 W
2026/09/20 15:41:54.001, 2, 0 %, 0 %, 35270 MiB, 38.78 W
2026/09/20 15:41:59.003, 0, 0 %, 0 %, 35270 MiB, 40.40 W
2026/09/20 15:41:59.003, 1, 0 %, 0 %, 35270 MiB, 39.87 W
2026/09/20 15:41:59.004, 2, 0 %, 0 %, 35270 MiB, 38.68 W
2026/09/20 15:42:04.005, 0, 0 %, 0 %, 35270 MiB, 40.19 W
2026/09/20 15:42:04.005, 1, 0 %, 0 %, 35270 MiB, 39.97 W
2026/09/20 15:42:04.005, 2, 0 %, 0 %, 35270 MiB, 38.68 W
2026/09/20 15:42:09.005, 0, 0 %, 0 %, 35270 MiB, 40.19 W
2026/09/20 15:42:09.006, 1, 0 %, 0 %, 35270 MiB, 40.06 W
2026/09/20 15:42:09.006, 2, 0 %, 0 %, 35270 MiB, 38.78 W
2026/09/20 15:42:14.006, 0, 0 %, 0 %, 35270 MiB, 40.29 W
2026/09/20 15:42:14.007, 1, 0 %, 0 %, 35270 MiB, 39.87 W
2026/09/20 15:42:14.007, 2, 0 %, 0 %, 35270 MiB, 38.67 W
2026/09/20 15:42:19.007, 0, 0 %, 0 %, 35270 MiB, 40.36 W
2026/09/20 15:42:19.007, 1, 0 %, 0 %, 35270 MiB, 39.84 W
2026/09/20 15:42:19.008, 2, 0 %, 0 %, 35270 MiB, 38.65 W
2026/09/20 15:42:24.009, 0, 0 %, 0 %, 35270 MiB, 40.26 W
2026/09/20 15:42:24.010, 1, 0 %, 0 %, 35270 MiB, 39.83 W
2026/09/20 15:42:24.010, 2, 0 %, 0 %, 35270 MiB, 38.64 W
2026/09/20 15:42:29.010, 0, 0 %, 0 %, 35270 MiB, 40.04 W
2026/09/20 15:42:29.011, 1, 0 %, 0 %, 35270 MiB, 39.82 W
2026/09/20 15:42:29.011, 2, 0 %, 0 %, 35270 MiB, 38.75 W
2026/09/20 15:42:34.012, 0, 0 %, 0 %, 35270 MiB, 39.97 W
2026/09/20 15:42:34.013, 1, 0 %, 0 %, 35270 MiB, 39.63 W
2026/09/20 15:42:34.013, 2, 0 %, 0 %, 35270 MiB, 38.67 W
2026/09/20 15:42:39.013, 0, 0 %, 0 %, 35270 MiB, 39.95 W
2026/09/20 15:42:39.014, 1, 0 %, 0 %, 35270 MiB, 39.62 W
2026/09/20 15:42:39.014, 2, 0 %, 0 %, 35270 MiB, 38.25 W
2026/09/20 15:42:44.015, 0, 0 %, 0 %, 35270 MiB, 39.74 W
2026/09/20 15:42:44.015, 1, 0 %, 0 %, 35270 MiB, 39.72 W
2026/09/20 15:42:44.015, 2, 0 %, 0 %, 35270 MiB, 38.23 W
2026/09/20 15:42:49.016, 0, 0 %, 0 %, 35270 MiB, 39.74 W
2026/09/20 15:42:49.016, 1, 0 %, 0 %, 35270 MiB, 39.51 W
2026/09/20 15:42:49.016, 2, 0 %, 0 %, 35270 MiB, 38.34 W
2026/09/20 15:42:54.017, 0, 0 %, 0 %, 35270 MiB, 39.93 W
2026/09/20 15:42:54.018, 1, 0 %, 0 %, 35270 MiB, 39.51 W
2026/09/20 15:42:54.018, 2, 0 %, 0 %, 35270 MiB, 38.13 W
2026/09/20 15:42:59.019, 0, 0 %, 0 %, 35270 MiB, 39.65 W
2026/09/20 15:42:59.020, 1, 0 %, 0 %, 35270 MiB, 39.51 W
2026/09/20 15:42:59.020, 2, 0 %, 0 %, 35270 MiB, 38.14 W
2026/09/20 15:43:04.021, 0, 0 %, 0 %, 35270 MiB, 39.57 W
2026/09/20 15:43:04.021, 1, 0 %, 0 %, 35270 MiB, 39.53 W
2026/09/20 15:43:04.022, 2, 0 %, 0 %, 35270 MiB, 38.18 W
2026/09/20 15:43:09.023, 0, 0 %, 0 %, 35270 MiB, 39.94 W
2026/09/20 15:43:09.024, 1, 0 %, 0 %, 35270 MiB, 39.41 W
2026/09/20 15:43:09.024, 2, 0 %, 0 %, 35270 MiB, 38.14 W
2026/09/20 15:43:14.025, 0, 0 %, 0 %, 35270 MiB, 40.24 W
2026/09/20 15:43:14.025, 1, 0 %, 0 %, 35270 MiB, 39.41 W
2026/09/20 15:43:14.026, 2, 0 %, 0 %, 35270 MiB, 38.24 W
2026/09/20 15:43:19.027, 0, 0 %, 0 %, 35270 MiB, 39.93 W
2026/09/20 15:43:19.028, 1, 0 %, 0 %, 35270 MiB, 39.41 W
2026/09/20 15:43:19.028, 2, 0 %, 0 %, 35270 MiB, 38.04 W
2026/09/20 15:43:24.028, 0, 0 %, 0 %, 35270 MiB, 39.95 W
2026/09/20 15:43:24.028, 1, 0 %, 0 %, 35270 MiB, 39.12 W
2026/09/20 15:43:24.028, 2, 0 %, 0 %, 35270 MiB, 38.34 W
2026/09/20 15:43:29.029, 0, 0 %, 0 %, 35270 MiB, 39.97 W
2026/09/20 15:43:29.029, 1, 0 %, 0 %, 35270 MiB, 39.24 W
2026/09/20 15:43:29.029, 2, 0 %, 0 %, 35270 MiB, 38.07 W
2026/09/20 15:43:34.031, 0, 0 %, 0 %, 35270 MiB, 39.95 W
2026/09/20 15:43:34.032, 1, 0 %, 0 %, 35270 MiB, 39.12 W
2026/09/20 15:43:34.032, 2, 0 %, 0 %, 35270 MiB, 38.04 W
2026/09/20 15:43:39.033, 0, 0 %, 0 %, 35270 MiB, 39.73 W
2026/09/20 15:43:39.034, 1, 0 %, 0 %, 35270 MiB, 39.22 W
2026/09/20 15:43:39.034, 2, 0 %, 0 %, 35270 MiB, 38.13 W
2026/09/20 15:43:44.035, 0, 0 %, 0 %, 35270 MiB, 39.84 W
2026/09/20 15:43:44.035, 1, 0 %, 0 %, 35270 MiB, 39.22 W
2026/09/20 15:43:44.036, 2, 0 %, 0 %, 35270 MiB, 38.14 W
2026/09/20 15:43:49.037, 0, 0 %, 0 %, 35270 MiB, 39.77 W
2026/09/20 15:43:49.037, 1, 0 %, 0 %, 35270 MiB, 39.24 W
2026/09/20 15:43:49.037, 2, 0 %, 0 %, 35270 MiB, 37.96 W
2026/09/20 15:43:54.039, 0, 0 %, 0 %, 35270 MiB, 39.74 W
2026/09/20 15:43:54.039, 1, 0 %, 0 %, 35270 MiB, 39.41 W
2026/09/20 15:43:54.040, 2, 0 %, 0 %, 35270 MiB, 37.85 W
2026/09/20 15:43:59.041, 0, 0 %, 0 %, 35270 MiB, 39.74 W
2026/09/20 15:43:59.041, 1, 0 %, 0 %, 35270 MiB, 39.12 W
2026/09/20 15:43:59.042, 2, 0 %, 0 %, 35270 MiB, 37.94 W
2026/09/20 15:44:04.043, 0, 0 %, 0 %, 35270 MiB, 39.68 W
2026/09/20 15:44:04.043, 1, 0 %, 0 %, 35270 MiB, 39.15 W
2026/09/20 15:44:04.043, 2, 0 %, 0 %, 35270 MiB, 37.89 W
2026/09/20 15:44:09.044, 0, 0 %, 0 %, 35270 MiB, 39.94 W
2026/09/20 15:44:09.044, 1, 0 %, 0 %, 35270 MiB, 39.12 W
2026/09/20 15:44:09.044, 2, 0 %, 0 %, 35270 MiB, 37.94 W
2026/09/20 15:44:14.046, 0, 0 %, 0 %, 35270 MiB, 39.73 W
2026/09/20 15:44:14.046, 1, 0 %, 0 %, 35270 MiB, 39.20 W
2026/09/20 15:44:14.047, 2, 0 %, 0 %, 35270 MiB, 38.04 W
2026/09/20 15:44:19.048, 0, 0 %, 0 %, 35270 MiB, 39.63 W
2026/09/20 15:44:19.049, 1, 0 %, 0 %, 35270 MiB, 39.12 W
2026/09/20 15:44:19.049, 2, 0 %, 0 %, 35270 MiB, 37.94 W
2026/09/20 15:44:24.050, 0, 0 %, 0 %, 35270 MiB, 39.73 W
2026/09/20 15:44:24.051, 1, 0 %, 0 %, 35270 MiB, 39.12 W
2026/09/20 15:44:24.051, 2, 0 %, 0 %, 35270 MiB, 37.84 W
2026/09/20 15:44:29.051, 0, 0 %, 0 %, 35270 MiB, 39.79 W
2026/09/20 15:44:29.052, 1, 0 %, 0 %, 35270 MiB, 39.17 W
2026/09/20 15:44:29.052, 2, 0 %, 0 %, 35270 MiB, 37.96 W
2026/09/20 15:44:34.053, 0, 0 %, 0 %, 35270 MiB, 39.58 W
2026/09/20 15:44:34.053, 1, 0 %, 0 %, 35270 MiB, 38.95 W
2026/09/20 15:44:34.053, 2, 0 %, 0 %, 35270 MiB, 37.77 W
2026/09/20 15:44:39.054, 0, 0 %, 0 %, 35270 MiB, 39.65 W
2026/09/20 15:44:39.055, 1, 0 %, 0 %, 35270 MiB, 38.94 W
2026/09/20 15:44:39.055, 2, 0 %, 0 %, 35270 MiB, 38.06 W
2026/09/20 15:44:44.056, 0, 0 %, 0 %, 35270 MiB, 39.49 W
2026/09/20 15:44:44.056, 1, 0 %, 0 %, 35270 MiB, 38.87 W
2026/09/20 15:44:44.056, 2, 0 %, 0 %, 35270 MiB, 37.89 W
2026/09/20 15:44:49.058, 0, 0 %, 0 %, 35270 MiB, 39.47 W
2026/09/20 15:44:49.058, 1, 0 %, 0 %, 35270 MiB, 39.05 W
2026/09/20 15:44:49.059, 2, 0 %, 0 %, 35270 MiB, 37.75 W
2026/09/20 15:44:54.060, 0, 0 %, 0 %, 35270 MiB, 39.35 W
2026/09/20 15:44:54.061, 1, 0 %, 0 %, 35270 MiB, 38.83 W
2026/09/20 15:44:54.061, 2, 0 %, 0 %, 35270 MiB, 37.64 W
2026/09/20 15:44:59.062, 0, 0 %, 0 %, 35270 MiB, 39.56 W
2026/09/20 15:44:59.063, 1, 0 %, 0 %, 35270 MiB, 38.85 W
2026/09/20 15:44:59.063, 2, 0 %, 0 %, 35270 MiB, 37.77 W
2026/09/20 15:45:04.063, 0, 0 %, 0 %, 35270 MiB, 39.38 W
2026/09/20 15:45:04.064, 1, 0 %, 0 %, 35270 MiB, 38.75 W
2026/09/20 15:45:04.064, 2, 0 %, 0 %, 35270 MiB, 37.56 W
2026/09/20 15:45:09.065, 0, 0 %, 0 %, 35270 MiB, 39.25 W
2026/09/20 15:45:09.065, 1, 0 %, 0 %, 35270 MiB, 38.83 W
2026/09/20 15:45:09.065, 2, 0 %, 0 %, 35270 MiB, 37.44 W
2026/09/20 15:45:14.067, 0, 0 %, 0 %, 35270 MiB, 39.25 W
2026/09/20 15:45:14.068, 1, 0 %, 0 %, 35270 MiB, 38.72 W
2026/09/20 15:45:14.068, 2, 0 %, 0 %, 35270 MiB, 37.44 W
2026/09/20 15:45:19.068, 0, 0 %, 0 %, 35270 MiB, 39.29 W
2026/09/20 15:45:19.069, 1, 0 %, 0 %, 35270 MiB, 38.75 W
2026/09/20 15:45:19.069, 2, 0 %, 0 %, 35270 MiB, 37.56 W
2026/09/20 15:45:24.070, 0, 0 %, 0 %, 35270 MiB, 39.34 W
2026/09/20 15:45:24.070, 1, 0 %, 0 %, 35270 MiB, 38.83 W
2026/09/20 15:45:24.070, 2, 0 %, 0 %, 35270 MiB, 37.44 W
2026/09/20 15:45:29.072, 0, 0 %, 0 %, 35270 MiB, 39.24 W
2026/09/20 15:45:29.073, 1, 0 %, 0 %, 35270 MiB, 38.72 W
2026/09/20 15:45:29.073, 2, 0 %, 0 %, 35270 MiB, 37.44 W
2026/09/20 15:45:34.074, 0, 0 %, 0 %, 35270 MiB, 39.25 W
2026/09/20 15:45:34.075, 1, 0 %, 0 %, 35270 MiB, 38.53 W
2026/09/20 15:45:34.075, 2, 0 %, 0 %, 35270 MiB, 37.44 W
2026/09/20 15:45:39.076, 0, 0 %, 0 %, 35270 MiB, 39.26 W
2026/09/20 15:45:39.076, 1, 0 %, 0 %, 35270 MiB, 38.63 W
2026/09/20 15:45:39.077, 2, 0 %, 0 %, 35270 MiB, 37.56 W
2026/09/20 15:45:44.078, 0, 0 %, 0 %, 35270 MiB, 39.25 W
2026/09/20 15:45:44.078, 1, 0 %, 0 %, 35270 MiB, 38.83 W
2026/09/20 15:45:44.079, 2, 0 %, 0 %, 35270 MiB, 37.44 W
2026/09/20 15:45:49.080, 0, 0 %, 0 %, 35270 MiB, 39.28 W
2026/09/20 15:45:49.081, 1, 0 %, 0 %, 35270 MiB, 38.56 W
2026/09/20 15:45:49.081, 2, 0 %, 0 %, 35270 MiB, 37.47 W
2026/09/20 15:45:54.081, 0, 0 %, 0 %, 35270 MiB, 39.18 W
2026/09/20 15:45:54.082, 1, 0 %, 0 %, 35270 MiB, 38.65 W
2026/09/20 15:45:54.082, 2, 0 %, 0 %, 35270 MiB, 37.58 W
2026/09/20 15:45:59.083, 0, 0 %, 0 %, 35270 MiB, 39.24 W
2026/09/20 15:45:59.083, 1, 0 %, 0 %, 35270 MiB, 38.83 W
2026/09/20 15:45:59.083, 2, 0 %, 0 %, 35270 MiB, 37.44 W
2026/09/20 15:46:04.085, 0, 0 %, 0 %, 35270 MiB, 39.14 W
2026/09/20 15:46:04.085, 1, 0 %, 0 %, 35270 MiB, 38.62 W
2026/09/20 15:46:04.085, 2, 0 %, 0 %, 35270 MiB, 37.35 W
2026/09/20 15:46:09.087, 0, 0 %, 0 %, 35270 MiB, 39.18 W
2026/09/20 15:46:09.088, 1, 0 %, 0 %, 35270 MiB, 38.65 W
2026/09/20 15:46:09.088, 2, 0 %, 0 %, 35270 MiB, 37.37 W
2026/09/20 15:46:14.089, 0, 0 %, 0 %, 35270 MiB, 39.17 W
2026/09/20 15:46:14.089, 1, 0 %, 0 %, 35270 MiB, 38.53 W
2026/09/20 15:46:14.090, 2, 0 %, 0 %, 35270 MiB, 37.36 W
2026/09/20 15:46:19.091, 0, 0 %, 0 %, 35270 MiB, 39.29 W
2026/09/20 15:46:19.091, 1, 0 %, 0 %, 35270 MiB, 38.75 W
2026/09/20 15:46:19.091, 2, 0 %, 0 %, 35270 MiB, 37.47 W
2026/09/20 15:46:24.093, 0, 0 %, 0 %, 35270 MiB, 39.15 W
2026/09/20 15:46:24.093, 1, 0 %, 0 %, 35270 MiB, 38.63 W
2026/09/20 15:46:24.093, 2, 0 %, 0 %, 35270 MiB, 37.34 W
2026/09/20 15:46:29.095, 0, 0 %, 0 %, 35270 MiB, 39.16 W
2026/09/20 15:46:29.096, 1, 0 %, 0 %, 35270 MiB, 38.63 W
2026/09/20 15:46:29.096, 2, 0 %, 0 %, 35270 MiB, 37.35 W
2026/09/20 15:46:34.097, 0, 0 %, 0 %, 35270 MiB, 39.25 W
2026/09/20 15:46:34.098, 1, 0 %, 0 %, 35270 MiB, 38.63 W
2026/09/20 15:46:34.098, 2, 0 %, 0 %, 35270 MiB, 37.35 W
2026/09/20 15:46:39.098, 0, 0 %, 0 %, 35270 MiB, 39.29 W
2026/09/20 15:46:39.099, 1, 0 %, 0 %, 35270 MiB, 38.77 W
2026/09/20 15:46:39.099, 2, 0 %, 0 %, 35270 MiB, 37.49 W
2026/09/20 15:46:44.099, 0, 0 %, 0 %, 35270 MiB, 39.35 W
2026/09/20 15:46:44.100, 1, 0 %, 0 %, 35270 MiB, 38.63 W
2026/09/20 15:46:44.100, 2, 0 %, 0 %, 35270 MiB, 37.44 W
2026/09/20 15:46:49.100, 0, 0 %, 0 %, 35270 MiB, 39.14 W
2026/09/20 15:46:49.102, 1, 0 %, 0 %, 35270 MiB, 38.53 W
2026/09/20 15:46:49.102, 2, 0 %, 0 %, 35270 MiB, 37.34 W
2026/09/20 15:46:54.103, 0, 0 %, 0 %, 35270 MiB, 39.25 W
2026/09/20 15:46:54.104, 1, 0 %, 0 %, 35270 MiB, 38.63 W
2026/09/20 15:46:54.104, 2, 0 %, 0 %, 35270 MiB, 37.65 W
2026/09/20 15:46:59.105, 0, 0 %, 0 %, 35270 MiB, 39.06 W
2026/09/20 15:46:59.106, 1, 0 %, 0 %, 35270 MiB, 38.44 W
2026/09/20 15:46:59.106, 2, 0 %, 0 %, 35270 MiB, 37.35 W
2026/09/20 15:47:04.112, 0, 0 %, 0 %, 35270 MiB, 38.87 W
2026/09/20 15:47:04.112, 1, 0 %, 0 %, 35270 MiB, 38.34 W
2026/09/20 15:47:04.112, 2, 0 %, 0 %, 35270 MiB, 37.35 W
2026/09/20 15:47:09.114, 0, 0 %, 0 %, 35270 MiB, 39.02 W
2026/09/20 15:47:09.114, 1, 0 %, 0 %, 35270 MiB, 38.49 W
2026/09/20 15:47:09.115, 2, 0 %, 0 %, 35270 MiB, 37.28 W
2026/09/20 15:47:14.116, 0, 0 %, 0 %, 35270 MiB, 38.99 W
2026/09/20 15:47:14.116, 1, 0 %, 0 %, 35270 MiB, 38.48 W
2026/09/20 15:47:14.117, 2, 0 %, 0 %, 35270 MiB, 37.47 W
2026/09/20 15:47:19.118, 0, 0 %, 0 %, 35270 MiB, 39.09 W
2026/09/20 15:47:19.118, 1, 0 %, 0 %, 35270 MiB, 38.46 W
2026/09/20 15:47:19.119, 2, 0 %, 0 %, 35270 MiB, 37.25 W
2026/09/20 15:47:24.120, 0, 0 %, 0 %, 35270 MiB, 39.11 W
2026/09/20 15:47:24.120, 1, 0 %, 0 %, 35270 MiB, 38.48 W
2026/09/20 15:47:24.120, 2, 0 %, 0 %, 35270 MiB, 37.38 W
2026/09/20 15:47:29.121, 0, 0 %, 0 %, 35270 MiB, 39.08 W
2026/09/20 15:47:29.121, 1, 0 %, 0 %, 35270 MiB, 38.75 W
2026/09/20 15:47:29.121, 2, 0 %, 0 %, 35270 MiB, 37.37 W
2026/09/20 15:47:34.122, 0, 0 %, 0 %, 35270 MiB, 39.17 W
2026/09/20 15:47:34.122, 1, 0 %, 0 %, 35270 MiB, 38.54 W
2026/09/20 15:47:34.123, 2, 0 %, 0 %, 35270 MiB, 37.56 W
2026/09/20 15:47:39.124, 0, 0 %, 0 %, 35270 MiB, 39.17 W
2026/09/20 15:47:39.125, 1, 0 %, 0 %, 35270 MiB, 38.65 W
2026/09/20 15:47:39.125, 2, 0 %, 0 %, 35270 MiB, 37.46 W
2026/09/20 15:47:44.125, 0, 0 %, 0 %, 35270 MiB, 39.12 W
2026/09/20 15:47:44.125, 1, 0 %, 0 %, 35270 MiB, 38.69 W
2026/09/20 15:47:44.125, 2, 0 %, 0 %, 35270 MiB, 37.49 W
2026/09/20 15:47:49.127, 0, 0 %, 0 %, 35270 MiB, 39.40 W
2026/09/20 15:47:49.127, 1, 0 %, 0 %, 35270 MiB, 38.58 W
2026/09/20 15:47:49.127, 2, 0 %, 0 %, 35270 MiB, 37.49 W
2026/09/20 15:47:54.129, 0, 0 %, 0 %, 35270 MiB, 39.29 W
2026/09/20 15:47:54.129, 1, 0 %, 0 %, 35270 MiB, 38.46 W
2026/09/20 15:47:54.129, 2, 0 %, 0 %, 35270 MiB, 37.49 W
2026/09/20 15:47:59.130, 0, 0 %, 0 %, 35270 MiB, 39.18 W
2026/09/20 15:47:59.130, 1, 0 %, 0 %, 35270 MiB, 38.56 W
2026/09/20 15:47:59.131, 2, 0 %, 0 %, 35270 MiB, 37.46 W
2026/09/20 15:48:04.132, 0, 0 %, 0 %, 35270 MiB, 39.18 W
2026/09/20 15:48:04.132, 1, 0 %, 0 %, 35270 MiB, 38.75 W
2026/09/20 15:48:04.132, 2, 0 %, 0 %, 35270 MiB, 37.56 W
2026/09/20 15:48:09.134, 0, 0 %, 0 %, 35270 MiB, 39.26 W
2026/09/20 15:48:09.135, 1, 0 %, 0 %, 35270 MiB, 38.55 W
2026/09/20 15:48:09.135, 2, 0 %, 0 %, 35270 MiB, 37.87 W
2026/09/20 15:48:14.135, 0, 0 %, 0 %, 35270 MiB, 39.18 W
2026/09/20 15:48:14.136, 1, 0 %, 0 %, 35270 MiB, 38.56 W
2026/09/20 15:48:14.136, 2, 0 %, 0 %, 35270 MiB, 37.38 W
2026/09/20 15:48:19.136, 0, 0 %, 0 %, 35270 MiB, 39.22 W
2026/09/20 15:48:19.137, 1, 0 %, 0 %, 35270 MiB, 38.58 W
2026/09/20 15:48:19.137, 2, 0 %, 0 %, 35270 MiB, 37.39 W
2026/09/20 15:48:24.137, 0, 0 %, 0 %, 35270 MiB, 39.21 W
2026/09/20 15:48:24.138, 1, 0 %, 0 %, 35270 MiB, 38.68 W
2026/09/20 15:48:24.138, 2, 0 %, 0 %, 35270 MiB, 37.49 W
2026/09/20 15:48:29.138, 0, 0 %, 0 %, 35270 MiB, 39.36 W
2026/09/20 15:48:29.139, 1, 0 %, 0 %, 35270 MiB, 38.56 W
2026/09/20 15:48:29.139, 2, 0 %, 0 %, 35270 MiB, 37.66 W
2026/09/20 15:48:34.139, 0, 0 %, 0 %, 35270 MiB, 39.17 W
2026/09/20 15:48:34.140, 1, 0 %, 0 %, 35270 MiB, 38.56 W
2026/09/20 15:48:34.140, 2, 0 %, 0 %, 35270 MiB, 37.36 W
2026/09/20 15:48:39.140, 0, 0 %, 0 %, 35270 MiB, 39.19 W
2026/09/20 15:48:39.140, 1, 0 %, 0 %, 35270 MiB, 38.56 W
2026/09/20 15:48:39.140, 2, 0 %, 0 %, 35270 MiB, 37.37 W
2026/09/20 15:48:44.140, 0, 0 %, 0 %, 35270 MiB, 39.41 W
2026/09/20 15:48:44.141, 1, 0 %, 0 %, 35270 MiB, 38.68 W
2026/09/20 15:48:44.141, 2, 0 %, 0 %, 35270 MiB, 37.39 W
2026/09/20 15:48:49.142, 0, 0 %, 0 %, 35270 MiB, 39.31 W
2026/09/20 15:48:49.142, 1, 0 %, 0 %, 35270 MiB, 38.68 W
2026/09/20 15:48:49.142, 2, 0 %, 0 %, 35270 MiB, 37.49 W
2026/09/20 15:48:54.143, 0, 0 %, 0 %, 35270 MiB, 39.19 W
2026/09/20 15:48:54.143, 1, 0 %, 0 %, 35270 MiB, 38.47 W
2026/09/20 15:48:54.143, 2, 0 %, 0 %, 35270 MiB, 37.39 W
2026/09/20 15:48:59.143, 0, 0 %, 0 %, 35270 MiB, 39.12 W
2026/09/20 15:48:59.143, 1, 0 %, 0 %, 35270 MiB, 38.58 W
2026/09/20 15:48:59.143, 2, 0 %, 0 %, 35270 MiB, 37.39 W
2026/09/20 15:49:04.145, 0, 0 %, 0 %, 35270 MiB, 39.39 W
2026/09/20 15:49:04.145, 1, 0 %, 0 %, 35270 MiB, 38.39 W
2026/09/20 15:49:04.146, 2, 0 %, 0 %, 35270 MiB, 37.58 W
2026/09/20 15:49:09.147, 0, 0 %, 0 %, 35270 MiB, 39.31 W
2026/09/20 15:49:09.147, 1, 0 %, 0 %, 35270 MiB, 38.58 W
2026/09/20 15:49:09.147, 2, 0 %, 0 %, 35270 MiB, 37.39 W
2026/09/20 15:49:14.147, 0, 0 %, 0 %, 35270 MiB, 39.08 W
2026/09/20 15:49:14.148, 1, 0 %, 0 %, 35270 MiB, 38.46 W
2026/09/20 15:49:14.148, 2, 0 %, 0 %, 35270 MiB, 37.39 W
2026/09/20 15:49:19.149, 0, 0 %, 0 %, 35270 MiB, 39.08 W
2026/09/20 15:49:19.149, 1, 0 %, 0 %, 35270 MiB, 38.56 W
2026/09/20 15:49:19.149, 2, 0 %, 0 %, 35270 MiB, 37.46 W
2026/09/20 15:49:24.151, 0, 0 %, 0 %, 35270 MiB, 39.06 W
2026/09/20 15:49:24.151, 1, 0 %, 0 %, 35270 MiB, 38.44 W
2026/09/20 15:49:24.151, 2, 0 %, 0 %, 35270 MiB, 37.35 W
2026/09/20 15:49:29.153, 0, 0 %, 0 %, 35270 MiB, 38.95 W
2026/09/20 15:49:29.153, 1, 0 %, 0 %, 35270 MiB, 38.33 W
2026/09/20 15:49:29.153, 2, 0 %, 0 %, 35270 MiB, 37.13 W
2026/09/20 15:49:34.155, 0, 0 %, 0 %, 35270 MiB, 38.85 W
2026/09/20 15:49:34.155, 1, 0 %, 0 %, 35270 MiB, 38.62 W
2026/09/20 15:49:34.155, 2, 0 %, 0 %, 35270 MiB, 37.13 W
2026/09/20 15:49:39.157, 0, 0 %, 0 %, 35270 MiB, 38.86 W
2026/09/20 15:49:39.158, 1, 0 %, 0 %, 35270 MiB, 38.44 W
2026/09/20 15:49:39.158, 2, 0 %, 0 %, 35270 MiB, 37.14 W
2026/09/20 15:49:44.159, 0, 0 %, 0 %, 35270 MiB, 38.96 W
2026/09/20 15:49:44.160, 1, 0 %, 0 %, 35270 MiB, 38.44 W
2026/09/20 15:49:44.160, 2, 0 %, 0 %, 35270 MiB, 37.35 W
2026/09/20 15:49:49.161, 0, 0 %, 0 %, 35270 MiB, 38.96 W
2026/09/20 15:49:49.162, 1, 0 %, 0 %, 35270 MiB, 38.44 W
2026/09/20 15:49:49.162, 2, 0 %, 0 %, 35270 MiB, 37.24 W
2026/09/20 15:49:54.163, 0, 0 %, 0 %, 35270 MiB, 39.01 W
2026/09/20 15:49:54.163, 1, 0 %, 0 %, 35270 MiB, 38.49 W
2026/09/20 15:49:54.163, 2, 0 %, 0 %, 35270 MiB, 37.18 W
2026/09/20 15:49:59.165, 0, 0 %, 0 %, 35270 MiB, 39.31 W
2026/09/20 15:49:59.165, 1, 0 %, 0 %, 35270 MiB, 38.49 W
2026/09/20 15:49:59.165, 2, 0 %, 0 %, 35270 MiB, 37.18 W
2026/09/20 15:50:04.166, 0, 0 %, 0 %, 35270 MiB, 39.11 W
2026/09/20 15:50:04.167, 1, 0 %, 0 %, 35270 MiB, 38.28 W
2026/09/20 15:50:04.167, 2, 0 %, 0 %, 35270 MiB, 37.39 W
2026/09/20 15:50:09.167, 0, 0 %, 0 %, 35270 MiB, 39.00 W
2026/09/20 15:50:09.168, 1, 0 %, 0 %, 35270 MiB, 38.48 W
2026/09/20 15:50:09.168, 2, 0 %, 0 %, 35270 MiB, 37.26 W
2026/09/20 15:50:14.168, 0, 0 %, 0 %, 35270 MiB, 39.11 W
2026/09/20 15:50:14.169, 1, 0 %, 0 %, 35270 MiB, 38.39 W
2026/09/20 15:50:14.169, 2, 0 %, 0 %, 35270 MiB, 37.28 W
2026/09/20 15:50:19.170, 0, 0 %, 0 %, 35270 MiB, 39.08 W
2026/09/20 15:50:19.170, 1, 0 %, 0 %, 35270 MiB, 38.36 W
2026/09/20 15:50:19.170, 2, 0 %, 0 %, 35270 MiB, 37.47 W
2026/09/20 15:50:24.172, 0, 0 %, 0 %, 35270 MiB, 38.91 W
2026/09/20 15:50:24.172, 1, 0 %, 0 %, 35270 MiB, 38.36 W
2026/09/20 15:50:24.172, 2, 0 %, 0 %, 35270 MiB, 37.39 W
2026/09/20 15:50:29.172, 0, 0 %, 0 %, 35270 MiB, 38.91 W
2026/09/20 15:50:29.173, 1, 0 %, 0 %, 35270 MiB, 38.49 W
2026/09/20 15:50:29.173, 2, 0 %, 0 %, 35270 MiB, 37.18 W
2026/09/20 15:50:34.173, 0, 0 %, 0 %, 35270 MiB, 38.90 W
2026/09/20 15:50:34.174, 1, 0 %, 0 %, 35270 MiB, 38.39 W
2026/09/20 15:50:34.174, 2, 0 %, 0 %, 35270 MiB, 37.16 W
2026/09/20 15:50:39.174, 0, 0 %, 0 %, 35270 MiB, 39.02 W
2026/09/20 15:50:39.174, 1, 0 %, 0 %, 35270 MiB, 38.28 W
2026/09/20 15:50:39.174, 2, 0 %, 0 %, 35270 MiB, 37.39 W
2026/09/20 15:50:44.181, 0, 0 %, 0 %, 35270 MiB, 38.91 W
2026/09/20 15:50:44.181, 1, 0 %, 0 %, 35270 MiB, 38.59 W
2026/09/20 15:50:44.182, 2, 0 %, 0 %, 35270 MiB, 37.18 W
2026/09/20 15:50:49.182, 0, 0 %, 0 %, 35270 MiB, 39.02 W
2026/09/20 15:50:49.183, 1, 0 %, 0 %, 35270 MiB, 38.49 W
2026/09/20 15:50:49.183, 2, 0 %, 0 %, 35270 MiB, 37.09 W
2026/09/20 15:50:54.183, 0, 0 %, 0 %, 35270 MiB, 38.99 W
2026/09/20 15:50:54.184, 1, 0 %, 0 %, 35270 MiB, 38.56 W
2026/09/20 15:50:54.184, 2, 0 %, 0 %, 35270 MiB, 37.17 W
2026/09/20 15:50:59.184, 0, 0 %, 0 %, 35270 MiB, 39.02 W
2026/09/20 15:50:59.185, 1, 0 %, 0 %, 35270 MiB, 38.58 W
2026/09/20 15:50:59.185, 2, 0 %, 0 %, 35270 MiB, 37.39 W
2026/09/20 15:51:04.185, 0, 0 %, 0 %, 35270 MiB, 39.08 W
2026/09/20 15:51:04.185, 1, 0 %, 0 %, 35270 MiB, 38.65 W
2026/09/20 15:51:04.185, 2, 0 %, 0 %, 35270 MiB, 37.16 W
2026/09/20 15:51:09.185, 0, 0 %, 0 %, 35270 MiB, 39.11 W
2026/09/20 15:51:09.186, 1, 0 %, 0 %, 35270 MiB, 38.39 W
2026/09/20 15:51:09.186, 2, 0 %, 0 %, 35270 MiB, 37.18 W
2026/09/20 15:51:14.187, 0, 0 %, 0 %, 35270 MiB, 39.31 W
2026/09/20 15:51:14.187, 1, 0 %, 0 %, 35270 MiB, 38.38 W
2026/09/20 15:51:14.188, 2, 0 %, 0 %, 35270 MiB, 37.38 W
2026/09/20 15:51:19.188, 0, 0 %, 0 %, 35270 MiB, 39.12 W
2026/09/20 15:51:19.188, 1, 0 %, 0 %, 35270 MiB, 38.59 W
2026/09/20 15:51:19.188, 2, 0 %, 0 %, 35270 MiB, 37.39 W
2026/09/20 15:51:24.189, 0, 0 %, 0 %, 35270 MiB, 39.18 W
2026/09/20 15:51:24.190, 1, 0 %, 0 %, 35270 MiB, 38.47 W
2026/09/20 15:51:24.190, 2, 0 %, 0 %, 35270 MiB, 37.37 W
2026/09/20 15:51:29.190, 0, 0 %, 0 %, 35270 MiB, 39.01 W
2026/09/20 15:51:29.191, 1, 0 %, 0 %, 35270 MiB, 38.39 W
2026/09/20 15:51:29.191, 2, 0 %, 0 %, 35270 MiB, 37.39 W
2026/09/20 15:51:34.192, 0, 0 %, 0 %, 35270 MiB, 39.11 W
2026/09/20 15:51:34.192, 1, 0 %, 0 %, 35270 MiB, 38.39 W
2026/09/20 15:51:34.192, 2, 0 %, 0 %, 35270 MiB, 37.39 W
2026/09/20 15:51:39.193, 0, 0 %, 0 %, 35270 MiB, 39.00 W
2026/09/20 15:51:39.193, 1, 0 %, 0 %, 35270 MiB, 38.48 W
2026/09/20 15:51:39.193, 2, 0 %, 0 %, 35270 MiB, 37.28 W
2026/09/20 15:51:44.194, 0, 0 %, 0 %, 35270 MiB, 39.02 W
2026/09/20 15:51:44.194, 1, 0 %, 0 %, 35270 MiB, 38.49 W
2026/09/20 15:51:44.194, 2, 0 %, 0 %, 35270 MiB, 37.18 W
2026/09/20 15:51:49.195, 0, 0 %, 0 %, 35270 MiB, 39.07 W
2026/09/20 15:51:49.195, 1, 0 %, 0 %, 35270 MiB, 38.54 W
2026/09/20 15:51:49.196, 2, 0 %, 0 %, 35270 MiB, 37.25 W
2026/09/20 15:51:54.197, 0, 0 %, 0 %, 35270 MiB, 39.07 W
2026/09/20 15:51:54.197, 1, 0 %, 0 %, 35270 MiB, 38.83 W
2026/09/20 15:51:54.197, 2, 0 %, 0 %, 35270 MiB, 37.26 W
2026/09/20 15:51:59.198, 0, 0 %, 0 %, 35270 MiB, 39.02 W
2026/09/20 15:51:59.199, 1, 0 %, 0 %, 35270 MiB, 38.58 W
2026/09/20 15:51:59.199, 2, 0 %, 0 %, 35270 MiB, 37.28 W
2026/09/20 15:52:04.200, 0, 0 %, 0 %, 35270 MiB, 38.96 W
2026/09/20 15:52:04.201, 1, 0 %, 0 %, 35270 MiB, 38.53 W
2026/09/20 15:52:04.201, 2, 0 %, 0 %, 35270 MiB, 37.14 W
2026/09/20 15:52:09.201, 0, 0 %, 0 %, 35270 MiB, 39.19 W
2026/09/20 15:52:09.202, 1, 0 %, 0 %, 35270 MiB, 38.48 W
2026/09/20 15:52:09.202, 2, 0 %, 0 %, 35270 MiB, 37.18 W
2026/09/20 15:52:14.202, 0, 0 %, 0 %, 35270 MiB, 38.99 W
2026/09/20 15:52:14.202, 1, 0 %, 0 %, 35270 MiB, 38.56 W
2026/09/20 15:52:14.203, 2, 0 %, 0 %, 35270 MiB, 37.37 W
2026/09/20 15:52:19.203, 0, 0 %, 0 %, 35270 MiB, 39.08 W
2026/09/20 15:52:19.204, 1, 0 %, 0 %, 35270 MiB, 38.25 W
2026/09/20 15:52:19.204, 2, 0 %, 0 %, 35270 MiB, 37.26 W
2026/09/20 15:52:24.205, 0, 0 %, 0 %, 35270 MiB, 39.07 W
2026/09/20 15:52:24.205, 1, 0 %, 0 %, 35270 MiB, 38.24 W
2026/09/20 15:52:24.206, 2, 0 %, 0 %, 35270 MiB, 37.15 W
2026/09/20 15:52:29.207, 0, 0 %, 0 %, 35270 MiB, 39.07 W
2026/09/20 15:52:29.208, 1, 0 %, 0 %, 35270 MiB, 38.34 W
2026/09/20 15:52:29.208, 2, 0 %, 0 %, 35270 MiB, 37.15 W
2026/09/20 15:52:34.209, 0, 0 %, 0 %, 35270 MiB, 38.79 W
2026/09/20 15:52:34.210, 1, 0 %, 0 %, 35270 MiB, 38.28 W
2026/09/20 15:52:34.210, 2, 0 %, 0 %, 35270 MiB, 37.28 W
2026/09/20 15:52:39.210, 0, 0 %, 0 %, 35270 MiB, 38.80 W
2026/09/20 15:52:39.211, 1, 0 %, 0 %, 35270 MiB, 38.27 W
2026/09/20 15:52:39.211, 2, 0 %, 0 %, 35270 MiB, 37.18 W
2026/09/20 15:52:44.211, 0, 0 %, 0 %, 35270 MiB, 38.79 W
2026/09/20 15:52:44.212, 1, 0 %, 0 %, 35270 MiB, 38.26 W
2026/09/20 15:52:44.212, 2, 0 %, 0 %, 35270 MiB, 36.98 W
2026/09/20 15:52:49.212, 0, 0 %, 0 %, 35270 MiB, 38.81 W
2026/09/20 15:52:49.213, 1, 0 %, 0 %, 35270 MiB, 38.49 W
2026/09/20 15:52:49.213, 2, 0 %, 0 %, 35270 MiB, 36.99 W
2026/09/20 15:52:54.213, 0, 24 %, 1 %, 35270 MiB, 38.88 W
2026/09/20 15:52:54.214, 1, 0 %, 0 %, 35270 MiB, 38.37 W
2026/09/20 15:52:54.214, 2, 0 %, 0 %, 35270 MiB, 37.29 W
2026/09/20 15:52:59.215, 0, 0 %, 0 %, 35270 MiB, 38.88 W
2026/09/20 15:52:59.215, 1, 0 %, 0 %, 35270 MiB, 38.46 W
2026/09/20 15:52:59.215, 2, 0 %, 0 %, 35270 MiB, 37.06 W
2026/09/20 15:53:04.215, 0, 0 %, 0 %, 35270 MiB, 39.02 W
2026/09/20 15:53:04.215, 1, 0 %, 0 %, 35270 MiB, 38.49 W
2026/09/20 15:53:04.215, 2, 0 %, 0 %, 35270 MiB, 37.09 W
2026/09/20 15:53:09.216, 0, 0 %, 0 %, 35270 MiB, 38.99 W
2026/09/20 15:53:09.216, 1, 0 %, 0 %, 35270 MiB, 38.56 W
2026/09/20 15:53:09.216, 2, 0 %, 0 %, 35270 MiB, 37.16 W
2026/09/20 15:53:14.217, 0, 0 %, 0 %, 35270 MiB, 39.02 W
2026/09/20 15:53:14.217, 1, 0 %, 0 %, 35270 MiB, 38.59 W
2026/09/20 15:53:14.217, 2, 0 %, 0 %, 35270 MiB, 37.29 W
2026/09/20 15:53:19.221, 0, 3 %, 0 %, 35270 MiB, 39.26 W
2026/09/20 15:53:19.221, 1, 0 %, 0 %, 35270 MiB, 38.56 W
2026/09/20 15:53:19.222, 2, 0 %, 0 %, 35270 MiB, 37.26 W
2026/09/20 15:53:24.222, 0, 0 %, 0 %, 35270 MiB, 39.12 W
2026/09/20 15:53:24.222, 1, 0 %, 0 %, 35270 MiB, 38.49 W
2026/09/20 15:53:24.222, 2, 0 %, 0 %, 35270 MiB, 37.28 W
2026/09/20 15:53:29.223, 0, 0 %, 0 %, 35270 MiB, 39.17 W
2026/09/20 15:53:29.223, 1, 0 %, 0 %, 35270 MiB, 38.45 W
2026/09/20 15:53:29.223, 2, 0 %, 0 %, 35270 MiB, 37.36 W
2026/09/20 15:53:34.225, 0, 0 %, 0 %, 35270 MiB, 39.22 W
2026/09/20 15:53:34.225, 1, 0 %, 0 %, 35270 MiB, 38.39 W
2026/09/20 15:53:34.226, 2, 0 %, 0 %, 35270 MiB, 37.39 W
2026/09/20 15:53:39.226, 0, 0 %, 0 %, 35270 MiB, 39.21 W
2026/09/20 15:53:39.227, 1, 0 %, 0 %, 35270 MiB, 38.49 W
2026/09/20 15:53:39.227, 2, 0 %, 0 %, 35270 MiB, 37.39 W
2026/09/20 15:53:44.227, 0, 24 %, 1 %, 35270 MiB, 38.99 W
2026/09/20 15:53:44.227, 1, 0 %, 0 %, 35270 MiB, 38.67 W
2026/09/20 15:53:44.228, 2, 0 %, 0 %, 35270 MiB, 37.39 W
2026/09/20 15:53:49.228, 0, 0 %, 0 %, 35270 MiB, 39.02 W
2026/09/20 15:53:49.229, 1, 0 %, 0 %, 35270 MiB, 38.58 W
2026/09/20 15:53:49.229, 2, 0 %, 0 %, 35270 MiB, 37.28 W
2026/09/20 15:53:54.230, 0, 0 %, 0 %, 35270 MiB, 39.08 W
2026/09/20 15:53:54.230, 1, 0 %, 0 %, 35270 MiB, 38.56 W
2026/09/20 15:53:54.230, 2, 0 %, 0 %, 35270 MiB, 37.26 W
2026/09/20 15:53:59.232, 0, 0 %, 0 %, 35270 MiB, 39.08 W
2026/09/20 15:53:59.241, 1, 0 %, 0 %, 35270 MiB, 38.56 W
2026/09/20 15:53:59.242, 2, 0 %, 0 %, 35270 MiB, 37.25 W
2026/09/20 15:54:04.244, 0, 0 %, 0 %, 35270 MiB, 39.04 W
2026/09/20 15:54:04.245, 1, 0 %, 0 %, 35270 MiB, 38.63 W
2026/09/20 15:54:04.245, 2, 0 %, 0 %, 35270 MiB, 37.13 W
2026/09/20 15:54:09.246, 0, 0 %, 0 %, 35270 MiB, 40.13 W
2026/09/20 15:54:09.246, 1, 0 %, 0 %, 35270 MiB, 38.53 W
2026/09/20 15:54:09.247, 2, 0 %, 0 %, 35270 MiB, 37.13 W
2026/09/20 15:54:14.248, 0, 0 %, 0 %, 35270 MiB, 38.89 W
2026/09/20 15:54:14.248, 1, 0 %, 0 %, 35270 MiB, 38.36 W
2026/09/20 15:54:14.248, 2, 0 %, 0 %, 35270 MiB, 37.06 W
2026/09/20 15:54:19.250, 0, 0 %, 0 %, 35270 MiB, 38.76 W
2026/09/20 15:54:19.251, 1, 0 %, 0 %, 35270 MiB, 38.56 W
2026/09/20 15:54:19.251, 2, 10 %, 0 %, 35270 MiB, 37.06 W
2026/09/20 15:54:24.251, 0, 25 %, 1 %, 35270 MiB, 38.78 W
2026/09/20 15:54:24.252, 1, 0 %, 0 %, 35270 MiB, 38.36 W
2026/09/20 15:54:24.252, 2, 0 %, 0 %, 35270 MiB, 37.26 W
2026/09/20 15:54:29.252, 0, 0 %, 0 %, 35270 MiB, 39.08 W
2026/09/20 15:54:29.253, 1, 0 %, 0 %, 35270 MiB, 38.34 W
2026/09/20 15:54:29.253, 2, 0 %, 0 %, 35270 MiB, 37.06 W
2026/09/20 15:54:34.254, 0, 0 %, 0 %, 35270 MiB, 38.90 W
2026/09/20 15:54:34.254, 1, 0 %, 0 %, 35270 MiB, 38.15 W
2026/09/20 15:54:34.255, 2, 0 %, 0 %, 35270 MiB, 36.96 W
2026/09/20 15:54:39.256, 0, 1 %, 0 %, 35270 MiB, 38.76 W
2026/09/20 15:54:39.257, 1, 0 %, 0 %, 35270 MiB, 38.23 W
2026/09/20 15:54:39.257, 2, 0 %, 0 %, 35270 MiB, 37.04 W
2026/09/20 15:54:44.258, 0, 10 %, 0 %, 35270 MiB, 38.87 W
2026/09/20 15:54:44.258, 1, 0 %, 0 %, 35270 MiB, 45.18 W
2026/09/20 15:54:44.259, 2, 0 %, 0 %, 35270 MiB, 37.16 W
2026/09/20 15:54:49.260, 0, 0 %, 0 %, 35270 MiB, 38.86 W
2026/09/20 15:54:49.260, 1, 5 %, 0 %, 35270 MiB, 38.23 W
2026/09/20 15:54:49.260, 2, 0 %, 0 %, 35270 MiB, 37.14 W
2026/09/20 15:54:54.262, 0, 0 %, 0 %, 35270 MiB, 38.65 W
2026/09/20 15:54:54.262, 1, 10 %, 0 %, 35270 MiB, 38.33 W
2026/09/20 15:54:54.262, 2, 0 %, 0 %, 35270 MiB, 37.14 W
2026/09/20 15:54:59.264, 0, 0 %, 0 %, 35270 MiB, 38.66 W
2026/09/20 15:54:59.264, 1, 0 %, 0 %, 35270 MiB, 38.23 W
2026/09/20 15:54:59.265, 2, 0 %, 0 %, 35270 MiB, 36.94 W
2026/09/20 15:55:04.266, 0, 0 %, 0 %, 35270 MiB, 38.66 W
2026/09/20 15:55:04.266, 1, 25 %, 1 %, 35270 MiB, 38.25 W
2026/09/20 15:55:04.266, 2, 0 %, 0 %, 35270 MiB, 37.06 W
2026/09/20 15:55:09.268, 0, 0 %, 0 %, 35270 MiB, 38.76 W
2026/09/20 15:55:09.269, 1, 25 %, 1 %, 35270 MiB, 38.24 W
2026/09/20 15:55:09.269, 2, 0 %, 0 %, 35270 MiB, 36.86 W
2026/09/20 15:55:14.269, 0, 0 %, 0 %, 35270 MiB, 38.65 W
2026/09/20 15:55:14.270, 1, 24 %, 1 %, 35270 MiB, 38.92 W
2026/09/20 15:55:14.270, 2, 0 %, 0 %, 35270 MiB, 36.95 W
2026/09/20 15:55:19.271, 0, 0 %, 0 %, 35270 MiB, 38.65 W
2026/09/20 15:55:19.272, 1, 24 %, 1 %, 35270 MiB, 38.23 W
2026/09/20 15:55:19.272, 2, 0 %, 0 %, 35270 MiB, 36.94 W
2026/09/20 15:55:24.272, 0, 0 %, 0 %, 35270 MiB, 38.68 W
2026/09/20 15:55:24.273, 1, 24 %, 1 %, 35270 MiB, 38.15 W
2026/09/20 15:55:24.273, 2, 0 %, 0 %, 35270 MiB, 36.96 W
2026/09/20 15:55:29.274, 0, 0 %, 0 %, 35270 MiB, 38.76 W
2026/09/20 15:55:29.274, 1, 0 %, 0 %, 35270 MiB, 38.34 W
2026/09/20 15:55:29.274, 2, 0 %, 0 %, 35270 MiB, 36.96 W
2026/09/20 15:55:34.276, 0, 0 %, 0 %, 35270 MiB, 38.67 W
2026/09/20 15:55:34.276, 1, 10 %, 0 %, 35270 MiB, 38.25 W
2026/09/20 15:55:34.276, 2, 0 %, 0 %, 35270 MiB, 36.87 W
2026/09/20 15:55:39.278, 0, 0 %, 0 %, 35270 MiB, 38.56 W
2026/09/20 15:55:39.278, 1, 0 %, 0 %, 35270 MiB, 38.03 W
2026/09/20 15:55:39.279, 2, 0 %, 0 %, 35270 MiB, 36.94 W
2026/09/20 15:55:44.280, 0, 0 %, 0 %, 35270 MiB, 38.85 W
2026/09/20 15:55:44.281, 1, 0 %, 0 %, 35270 MiB, 38.13 W
2026/09/20 15:55:44.281, 2, 0 %, 0 %, 35270 MiB, 36.94 W
2026/09/20 15:55:49.281, 0, 0 %, 0 %, 35270 MiB, 38.71 W
2026/09/20 15:55:49.282, 1, 0 %, 0 %, 35270 MiB, 38.18 W
2026/09/20 15:55:49.282, 2, 0 %, 0 %, 35270 MiB, 36.99 W
2026/09/20 15:55:54.282, 0, 0 %, 0 %, 35270 MiB, 38.58 W
2026/09/20 15:55:54.283, 1, 0 %, 0 %, 35270 MiB, 38.15 W
2026/09/20 15:55:54.283, 2, 0 %, 0 %, 35270 MiB, 36.96 W
2026/09/20 15:55:59.283, 0, 0 %, 0 %, 35270 MiB, 38.61 W
2026/09/20 15:55:59.284, 1, 0 %, 0 %, 35270 MiB, 48.17 W
2026/09/20 15:55:59.284, 2, 0 %, 0 %, 35270 MiB, 37.18 W
2026/09/20 15:56:04.285, 0, 0 %, 0 %, 35270 MiB, 38.75 W
2026/09/20 15:56:04.285, 1, 25 %, 1 %, 35270 MiB, 38.23 W
2026/09/20 15:56:04.286, 2, 0 %, 0 %, 35270 MiB, 36.95 W
2026/09/20 15:56:09.287, 0, 0 %, 0 %, 35270 MiB, 38.69 W
2026/09/20 15:56:09.287, 1, 5 %, 0 %, 35270 MiB, 38.25 W
2026/09/20 15:56:09.288, 2, 49 %, 2 %, 35270 MiB, 38.46 W
2026/09/20 15:56:14.288, 0, 0 %, 0 %, 35270 MiB, 38.71 W
2026/09/20 15:56:14.289, 1, 0 %, 0 %, 35270 MiB, 38.28 W
2026/09/20 15:56:14.289, 2, 0 %, 0 %, 35270 MiB, 36.99 W
2026/09/20 15:56:19.290, 0, 0 %, 0 %, 35270 MiB, 38.65 W
2026/09/20 15:56:19.290, 1, 0 %, 0 %, 35270 MiB, 38.44 W
2026/09/20 15:56:19.291, 2, 0 %, 0 %, 35270 MiB, 37.04 W
2026/09/20 15:56:24.292, 0, 0 %, 0 %, 35270 MiB, 38.66 W
2026/09/20 15:56:24.292, 1, 0 %, 0 %, 35270 MiB, 38.25 W
2026/09/20 15:56:24.292, 2, 25 %, 1 %, 35270 MiB, 36.96 W
2026/09/20 15:56:29.294, 0, 0 %, 0 %, 35270 MiB, 38.58 W
2026/09/20 15:56:29.294, 1, 0 %, 0 %, 35270 MiB, 38.26 W
2026/09/20 15:56:29.294, 2, 0 %, 0 %, 35270 MiB, 36.96 W
2026/09/20 15:56:34.296, 0, 0 %, 0 %, 35270 MiB, 38.65 W
2026/09/20 15:56:34.296, 1, 0 %, 0 %, 35270 MiB, 38.33 W
2026/09/20 15:56:34.297, 2, 0 %, 0 %, 35270 MiB, 37.24 W
2026/09/20 15:56:39.297, 0, 0 %, 0 %, 35270 MiB, 38.68 W
2026/09/20 15:56:39.298, 1, 0 %, 0 %, 35270 MiB, 38.25 W
2026/09/20 15:56:39.298, 2, 0 %, 0 %, 35270 MiB, 36.96 W
2026/09/20 15:56:44.299, 0, 0 %, 0 %, 35270 MiB, 38.74 W
2026/09/20 15:56:44.299, 1, 0 %, 0 %, 35270 MiB, 38.03 W
2026/09/20 15:56:44.300, 2, 0 %, 0 %, 35270 MiB, 37.04 W
2026/09/20 15:56:49.300, 0, 0 %, 0 %, 35270 MiB, 38.78 W
2026/09/20 15:56:49.301, 1, 0 %, 0 %, 35270 MiB, 38.08 W
2026/09/20 15:56:49.301, 2, 0 %, 0 %, 35270 MiB, 37.06 W
2026/09/20 15:56:54.302, 0, 0 %, 0 %, 35270 MiB, 38.66 W
2026/09/20 15:56:54.303, 1, 0 %, 0 %, 35270 MiB, 38.25 W
2026/09/20 15:56:54.303, 2, 0 %, 0 %, 35270 MiB, 37.14 W
2026/09/20 15:56:59.303, 0, 0 %, 0 %, 35270 MiB, 38.90 W
2026/09/20 15:56:59.303, 1, 0 %, 0 %, 35270 MiB, 38.15 W
2026/09/20 15:56:59.304, 2, 25 %, 1 %, 35270 MiB, 37.06 W
2026/09/20 15:57:04.304, 0, 0 %, 0 %, 35270 MiB, 38.66 W
2026/09/20 15:57:04.304, 1, 0 %, 0 %, 35270 MiB, 38.14 W
2026/09/20 15:57:04.305, 2, 0 %, 0 %, 35270 MiB, 37.04 W
2026/09/20 15:57:09.306, 0, 0 %, 0 %, 35270 MiB, 38.56 W
2026/09/20 15:57:09.306, 1, 0 %, 0 %, 35270 MiB, 38.03 W
2026/09/20 15:57:09.307, 2, 0 %, 0 %, 35270 MiB, 37.04 W
2026/09/20 15:57:14.308, 0, 0 %, 0 %, 35270 MiB, 38.48 W
2026/09/20 15:57:14.308, 1, 0 %, 0 %, 35270 MiB, 38.25 W
2026/09/20 15:57:14.308, 2, 25 %, 1 %, 35270 MiB, 36.86 W
2026/09/20 15:57:19.310, 0, 0 %, 0 %, 35270 MiB, 38.56 W
2026/09/20 15:57:19.310, 1, 0 %, 0 %, 35270 MiB, 38.13 W
2026/09/20 15:57:19.310, 2, 0 %, 0 %, 35270 MiB, 36.86 W
2026/09/20 15:57:24.312, 0, 0 %, 0 %, 35270 MiB, 38.83 W
2026/09/20 15:57:24.312, 1, 0 %, 0 %, 35270 MiB, 38.22 W
2026/09/20 15:57:24.313, 2, 0 %, 0 %, 35270 MiB, 36.84 W
2026/09/20 15:57:29.321, 0, 0 %, 0 %, 35270 MiB, 38.58 W
2026/09/20 15:57:29.321, 1, 0 %, 0 %, 35270 MiB, 38.49 W
2026/09/20 15:57:29.321, 2, 25 %, 1 %, 35270 MiB, 38.26 W
2026/09/20 15:57:34.322, 0, 0 %, 0 %, 35270 MiB, 38.75 W
2026/09/20 15:57:34.323, 1, 0 %, 0 %, 35270 MiB, 38.13 W
2026/09/20 15:57:34.323, 2, 0 %, 0 %, 35270 MiB, 36.94 W
2026/09/20 15:57:39.327, 0, 0 %, 0 %, 35270 MiB, 38.58 W
2026/09/20 15:57:39.327, 1, 0 %, 0 %, 35270 MiB, 38.15 W
2026/09/20 15:57:39.327, 2, 0 %, 0 %, 35270 MiB, 36.96 W
2026/09/20 15:57:44.329, 0, 0 %, 0 %, 35270 MiB, 38.65 W
2026/09/20 15:57:44.330, 1, 0 %, 0 %, 35270 MiB, 38.23 W
2026/09/20 15:57:44.330, 2, 0 %, 0 %, 35270 MiB, 36.93 W
2026/09/20 15:57:49.331, 0, 0 %, 0 %, 35270 MiB, 38.65 W
2026/09/20 15:57:49.332, 1, 0 %, 0 %, 35270 MiB, 38.23 W
2026/09/20 15:57:49.332, 2, 0 %, 0 %, 35270 MiB, 37.04 W
2026/09/20 15:57:54.333, 0, 0 %, 0 %, 35270 MiB, 38.78 W
2026/09/20 15:57:54.333, 1, 0 %, 0 %, 35270 MiB, 38.05 W
2026/09/20 15:57:54.333, 2, 0 %, 0 %, 35270 MiB, 36.94 W
2026/09/20 15:57:59.335, 0, 0 %, 0 %, 35270 MiB, 38.56 W
2026/09/20 15:57:59.336, 1, 0 %, 0 %, 35270 MiB, 38.03 W
2026/09/20 15:57:59.336, 2, 0 %, 0 %, 35270 MiB, 36.84 W
2026/09/20 15:58:04.337, 0, 0 %, 0 %, 35270 MiB, 38.57 W
2026/09/20 15:58:04.338, 1, 0 %, 0 %, 35270 MiB, 38.03 W
2026/09/20 15:58:04.338, 2, 0 %, 0 %, 35270 MiB, 37.04 W
2026/09/20 15:58:09.338, 0, 0 %, 0 %, 35270 MiB, 38.41 W
2026/09/20 15:58:09.338, 1, 0 %, 0 %, 35270 MiB, 38.08 W
2026/09/20 15:58:09.339, 2, 0 %, 0 %, 35270 MiB, 37.09 W
2026/09/20 15:58:14.340, 0, 0 %, 0 %, 35270 MiB, 38.56 W
2026/09/20 15:58:14.341, 1, 0 %, 0 %, 35270 MiB, 38.03 W
2026/09/20 15:58:14.341, 2, 0 %, 0 %, 35270 MiB, 37.04 W
2026/09/20 15:58:19.342, 0, 0 %, 0 %, 35270 MiB, 38.49 W
2026/09/20 15:58:19.343, 1, 0 %, 0 %, 35270 MiB, 37.96 W
2026/09/20 15:58:19.343, 2, 0 %, 0 %, 35270 MiB, 36.86 W
2026/09/20 15:58:24.343, 0, 0 %, 0 %, 35270 MiB, 38.48 W
2026/09/20 15:58:24.344, 1, 0 %, 0 %, 35270 MiB, 38.15 W
2026/09/20 15:58:24.344, 2, 0 %, 0 %, 35270 MiB, 36.86 W
2026/09/20 15:58:29.344, 0, 0 %, 0 %, 35270 MiB, 38.71 W
2026/09/20 15:58:29.345, 1, 0 %, 0 %, 35270 MiB, 38.08 W
2026/09/20 15:58:29.345, 2, 0 %, 0 %, 35270 MiB, 36.88 W
2026/09/20 15:58:34.345, 0, 0 %, 0 %, 35270 MiB, 38.49 W
2026/09/20 15:58:34.346, 1, 0 %, 0 %, 35270 MiB, 37.98 W
2026/09/20 15:58:34.346, 2, 0 %, 0 %, 35270 MiB, 36.78 W
2026/09/20 15:58:39.357, 0, 0 %, 0 %, 35270 MiB, 38.47 W
2026/09/20 15:58:39.357, 1, 0 %, 0 %, 35270 MiB, 38.06 W
2026/09/20 15:58:39.357, 2, 0 %, 0 %, 35270 MiB, 36.87 W
2026/09/20 15:58:44.359, 0, 0 %, 0 %, 35270 MiB, 38.57 W
2026/09/20 15:58:44.360, 1, 0 %, 0 %, 35270 MiB, 38.14 W
2026/09/20 15:58:44.360, 2, 0 %, 0 %, 35270 MiB, 37.06 W
2026/09/20 15:58:49.361, 0, 0 %, 0 %, 35270 MiB, 38.65 W
2026/09/20 15:58:49.362, 1, 0 %, 0 %, 35270 MiB, 38.13 W
2026/09/20 15:58:49.362, 2, 0 %, 0 %, 35270 MiB, 36.84 W
2026/09/20 15:58:54.363, 0, 0 %, 0 %, 35270 MiB, 38.56 W
2026/09/20 15:58:54.363, 1, 0 %, 0 %, 35270 MiB, 38.13 W
2026/09/20 15:58:54.363, 2, 0 %, 0 %, 35270 MiB, 36.94 W
2026/09/20 15:58:59.365, 0, 0 %, 0 %, 35270 MiB, 38.65 W
2026/09/20 15:58:59.366, 1, 0 %, 0 %, 35270 MiB, 38.23 W
2026/09/20 15:58:59.366, 2, 0 %, 0 %, 35270 MiB, 37.04 W
2026/09/20 15:59:04.366, 0, 0 %, 0 %, 35270 MiB, 38.68 W
2026/09/20 15:59:04.367, 1, 0 %, 0 %, 35270 MiB, 37.86 W
2026/09/20 15:59:04.367, 2, 0 %, 0 %, 35270 MiB, 37.16 W
2026/09/20 15:59:09.368, 0, 0 %, 0 %, 35270 MiB, 38.75 W
2026/09/20 15:59:09.369, 1, 0 %, 0 %, 35270 MiB, 37.94 W
2026/09/20 15:59:09.369, 2, 0 %, 0 %, 35270 MiB, 37.03 W
2026/09/20 15:59:14.370, 0, 0 %, 0 %, 35270 MiB, 38.57 W
2026/09/20 15:59:14.370, 1, 0 %, 0 %, 35270 MiB, 38.04 W
2026/09/20 15:59:14.371, 2, 0 %, 0 %, 35270 MiB, 37.05 W
2026/09/20 15:59:19.372, 0, 0 %, 0 %, 35270 MiB, 38.47 W
2026/09/20 15:59:19.372, 1, 0 %, 0 %, 35270 MiB, 38.03 W
2026/09/20 15:59:19.372, 2, 0 %, 0 %, 35270 MiB, 37.04 W
2026/09/20 15:59:24.374, 0, 0 %, 0 %, 35270 MiB, 38.49 W
2026/09/20 15:59:24.374, 1, 0 %, 0 %, 35270 MiB, 38.08 W
2026/09/20 15:59:24.374, 2, 0 %, 0 %, 35270 MiB, 36.88 W
2026/09/20 15:59:29.376, 0, 0 %, 0 %, 35270 MiB, 38.48 W
2026/09/20 15:59:29.376, 1, 0 %, 0 %, 35270 MiB, 38.06 W
2026/09/20 15:59:29.377, 2, 0 %, 0 %, 35270 MiB, 36.87 W
2026/09/20 15:59:34.378, 0, 0 %, 0 %, 35270 MiB, 38.58 W
2026/09/20 15:59:34.378, 1, 0 %, 0 %, 35270 MiB, 37.95 W
2026/09/20 15:59:34.379, 2, 0 %, 0 %, 35270 MiB, 36.87 W
2026/09/20 15:59:39.389, 0, 0 %, 0 %, 35270 MiB, 38.47 W
2026/09/20 15:59:39.389, 1, 0 %, 0 %, 35270 MiB, 38.03 W
2026/09/20 15:59:39.390, 2, 0 %, 0 %, 35270 MiB, 36.85 W
2026/09/20 15:59:44.391, 0, 0 %, 0 %, 35270 MiB, 38.65 W
2026/09/20 15:59:44.391, 1, 0 %, 0 %, 35270 MiB, 38.04 W
2026/09/20 15:59:44.392, 2, 0 %, 0 %, 35270 MiB, 36.94 W
2026/09/20 15:59:49.392, 0, 0 %, 0 %, 35270 MiB, 38.59 W
2026/09/20 15:59:49.393, 1, 0 %, 0 %, 35270 MiB, 38.18 W
2026/09/20 15:59:49.393, 2, 0 %, 0 %, 35270 MiB, 36.98 W
2026/09/20 15:59:54.394, 0, 0 %, 0 %, 35270 MiB, 38.59 W
2026/09/20 15:59:54.394, 1, 0 %, 0 %, 35270 MiB, 38.25 W
2026/09/20 15:59:54.394, 2, 0 %, 0 %, 35270 MiB, 36.96 W
2026/09/20 15:59:59.396, 0, 0 %, 0 %, 35270 MiB, 38.66 W
2026/09/20 15:59:59.396, 1, 0 %, 0 %, 35270 MiB, 38.15 W
2026/09/20 15:59:59.397, 2, 0 %, 0 %, 35270 MiB, 37.15 W
2026/09/20 16:00:04.398, 0, 0 %, 0 %, 35270 MiB, 38.77 W
2026/09/20 16:00:04.398, 1, 0 %, 0 %, 35270 MiB, 38.27 W
2026/09/20 16:00:04.398, 2, 0 %, 0 %, 35270 MiB, 37.06 W
2026/09/20 16:00:09.399, 0, 0 %, 0 %, 35270 MiB, 38.68 W
2026/09/20 16:00:09.400, 1, 0 %, 0 %, 35270 MiB, 38.06 W
2026/09/20 16:00:09.400, 2, 0 %, 0 %, 35270 MiB, 37.06 W
2026/09/20 16:00:14.400, 0, 0 %, 0 %, 35270 MiB, 38.79 W
2026/09/20 16:00:14.401, 1, 0 %, 0 %, 35270 MiB, 38.06 W
2026/09/20 16:00:14.401, 2, 0 %, 0 %, 35270 MiB, 37.07 W
2026/09/20 16:00:19.401, 0, 0 %, 0 %, 35270 MiB, 38.78 W
2026/09/20 16:00:19.402, 1, 0 %, 0 %, 35270 MiB, 38.05 W
2026/09/20 16:00:19.402, 2, 0 %, 0 %, 35270 MiB, 37.15 W
2026/09/20 16:00:24.403, 0, 0 %, 0 %, 35270 MiB, 38.64 W
2026/09/20 16:00:24.403, 1, 0 %, 0 %, 35270 MiB, 38.03 W
2026/09/20 16:00:24.403, 2, 0 %, 0 %, 35270 MiB, 37.03 W
2026/09/20 16:00:29.405, 0, 0 %, 0 %, 35270 MiB, 38.56 W
2026/09/20 16:00:29.406, 1, 0 %, 0 %, 35270 MiB, 38.23 W
2026/09/20 16:00:29.406, 2, 11 %, 0 %, 35270 MiB, 37.04 W
2026/09/20 16:00:34.406, 0, 0 %, 0 %, 35270 MiB, 38.49 W
2026/09/20 16:00:34.407, 1, 0 %, 0 %, 35270 MiB, 37.96 W
2026/09/20 16:00:34.407, 2, 0 %, 0 %, 35270 MiB, 36.96 W
2026/09/20 16:00:39.408, 0, 0 %, 0 %, 35270 MiB, 38.65 W
2026/09/20 16:00:39.408, 1, 0 %, 0 %, 35270 MiB, 38.03 W
2026/09/20 16:00:39.409, 2, 0 %, 0 %, 35270 MiB, 36.94 W
2026/09/20 16:00:44.412, 0, 0 %, 0 %, 35270 MiB, 38.56 W
2026/09/20 16:00:44.413, 1, 0 %, 0 %, 35270 MiB, 38.03 W
2026/09/20 16:00:44.413, 2, 0 %, 0 %, 35270 MiB, 36.94 W
2026/09/20 16:00:49.414, 0, 0 %, 0 %, 35270 MiB, 38.54 W
2026/09/20 16:00:49.414, 1, 0 %, 0 %, 35270 MiB, 38.12 W
2026/09/20 16:00:49.415, 2, 0 %, 0 %, 35270 MiB, 36.93 W
2026/09/20 16:00:54.415, 0, 0 %, 0 %, 35270 MiB, 47.10 W
2026/09/20 16:00:54.416, 1, 0 %, 0 %, 35270 MiB, 38.08 W
2026/09/20 16:00:54.416, 2, 0 %, 0 %, 35270 MiB, 37.06 W
2026/09/20 16:00:59.416, 0, 0 %, 0 %, 35270 MiB, 38.69 W
2026/09/20 16:00:59.417, 1, 0 %, 0 %, 35270 MiB, 38.06 W
2026/09/20 16:00:59.417, 2, 0 %, 0 %, 35270 MiB, 36.96 W
2026/09/20 16:01:04.417, 0, 0 %, 0 %, 35270 MiB, 38.66 W
2026/09/20 16:01:04.418, 1, 0 %, 0 %, 35270 MiB, 38.23 W
2026/09/20 16:01:04.418, 2, 0 %, 0 %, 35270 MiB, 36.94 W
2026/09/20 16:01:09.419, 0, 0 %, 0 %, 35270 MiB, 38.56 W
2026/09/20 16:01:09.419, 1, 0 %, 0 %, 35270 MiB, 38.03 W
2026/09/20 16:01:09.419, 2, 0 %, 0 %, 35270 MiB, 36.94 W
2026/09/20 16:01:14.420, 0, 0 %, 0 %, 35270 MiB, 38.85 W
2026/09/20 16:01:14.421, 1, 0 %, 0 %, 35270 MiB, 37.84 W
2026/09/20 16:01:14.421, 2, 24 %, 1 %, 35270 MiB, 37.14 W
2026/09/20 16:01:19.422, 0, 0 %, 0 %, 35270 MiB, 38.78 W
2026/09/20 16:01:19.422, 1, 0 %, 0 %, 35270 MiB, 37.96 W
2026/09/20 16:01:19.422, 2, 0 %, 0 %, 35270 MiB, 36.96 W
2026/09/20 16:01:24.424, 0, 5 %, 0 %, 35270 MiB, 38.69 W
2026/09/20 16:01:24.424, 1, 0 %, 0 %, 35270 MiB, 38.06 W
2026/09/20 16:01:24.425, 2, 0 %, 0 %, 35270 MiB, 37.06 W
2026/09/20 16:01:29.426, 0, 5 %, 0 %, 35270 MiB, 38.51 W
2026/09/20 16:01:29.426, 1, 0 %, 0 %, 35270 MiB, 37.98 W
2026/09/20 16:01:29.427, 2, 0 %, 0 %, 35270 MiB, 37.26 W
2026/09/20 16:01:34.427, 0, 0 %, 0 %, 35270 MiB, 38.69 W
2026/09/20 16:01:34.428, 1, 0 %, 0 %, 35270 MiB, 38.06 W
2026/09/20 16:01:34.428, 2, 0 %, 0 %, 35270 MiB, 37.16 W
2026/09/20 16:01:39.429, 0, 0 %, 0 %, 35270 MiB, 38.58 W
2026/09/20 16:01:39.429, 1, 0 %, 0 %, 35270 MiB, 38.25 W
2026/09/20 16:01:39.429, 2, 0 %, 0 %, 35270 MiB, 36.96 W
2026/09/20 16:01:44.430, 0, 0 %, 0 %, 35270 MiB, 38.68 W
2026/09/20 16:01:44.431, 1, 0 %, 0 %, 35270 MiB, 38.06 W
2026/09/20 16:01:44.431, 2, 0 %, 0 %, 35270 MiB, 36.87 W
2026/09/20 16:01:49.437, 0, 0 %, 0 %, 35270 MiB, 38.87 W
2026/09/20 16:01:49.437, 1, 0 %, 0 %, 35270 MiB, 38.06 W
2026/09/20 16:01:49.438, 2, 0 %, 0 %, 35270 MiB, 37.06 W
2026/09/20 16:01:54.438, 0, 0 %, 0 %, 35270 MiB, 38.58 W
2026/09/20 16:01:54.438, 1, 0 %, 0 %, 35270 MiB, 38.15 W
2026/09/20 16:01:54.438, 2, 0 %, 0 %, 35270 MiB, 36.96 W
2026/09/20 16:01:59.439, 0, 0 %, 0 %, 35270 MiB, 38.69 W
2026/09/20 16:01:59.440, 1, 0 %, 0 %, 35270 MiB, 38.26 W
2026/09/20 16:01:59.440, 2, 0 %, 0 %, 35270 MiB, 36.99 W
2026/09/20 16:02:04.441, 0, 0 %, 0 %, 35270 MiB, 38.67 W
2026/09/20 16:02:04.441, 1, 0 %, 0 %, 35270 MiB, 38.05 W
2026/09/20 16:02:04.441, 2, 0 %, 0 %, 35270 MiB, 36.96 W
2026/09/20 16:02:09.442, 0, 0 %, 0 %, 35270 MiB, 38.75 W
2026/09/20 16:02:09.442, 1, 0 %, 0 %, 35270 MiB, 38.11 W
2026/09/20 16:02:09.442, 2, 0 %, 0 %, 35270 MiB, 37.03 W
2026/09/20 16:02:14.451, 0, 0 %, 0 %, 35270 MiB, 38.75 W
2026/09/20 16:02:14.451, 1, 0 %, 0 %, 35270 MiB, 38.23 W
2026/09/20 16:02:14.451, 2, 0 %, 0 %, 35270 MiB, 36.94 W
2026/09/20 16:02:19.453, 0, 0 %, 0 %, 35270 MiB, 38.56 W
2026/09/20 16:02:19.453, 1, 0 %, 0 %, 35270 MiB, 37.84 W
2026/09/20 16:02:19.453, 2, 0 %, 0 %, 35270 MiB, 36.96 W
2026/09/20 16:02:24.454, 0, 0 %, 0 %, 35270 MiB, 38.76 W
2026/09/20 16:02:24.454, 1, 0 %, 0 %, 35270 MiB, 37.84 W
2026/09/20 16:02:24.455, 2, 0 %, 0 %, 35270 MiB, 36.85 W
2026/09/20 16:02:29.456, 0, 0 %, 0 %, 35270 MiB, 38.54 W
2026/09/20 16:02:29.456, 1, 0 %, 0 %, 35270 MiB, 37.84 W
2026/09/20 16:02:29.456, 2, 0 %, 0 %, 35270 MiB, 36.93 W
2026/09/20 16:02:34.458, 0, 0 %, 0 %, 35270 MiB, 38.86 W
2026/09/20 16:02:34.459, 1, 0 %, 0 %, 35270 MiB, 37.84 W
2026/09/20 16:02:34.459, 2, 0 %, 0 %, 35270 MiB, 37.44 W
2026/09/20 16:02:39.460, 0, 0 %, 0 %, 35270 MiB, 38.36 W
2026/09/20 16:02:39.460, 1, 0 %, 0 %, 35270 MiB, 37.84 W
2026/09/20 16:02:39.460, 2, 0 %, 0 %, 35270 MiB, 36.94 W
2026/09/20 16:02:44.461, 0, 0 %, 0 %, 35270 MiB, 38.57 W
2026/09/20 16:02:44.461, 1, 0 %, 0 %, 35270 MiB, 37.84 W
2026/09/20 16:02:44.461, 2, 0 %, 0 %, 35270 MiB, 37.04 W
2026/09/20 16:02:49.470, 0, 0 %, 0 %, 35270 MiB, 38.37 W
2026/09/20 16:02:49.470, 1, 0 %, 0 %, 35270 MiB, 38.03 W
2026/09/20 16:02:49.470, 2, 0 %, 0 %, 35270 MiB, 36.66 W
2026/09/20 16:02:54.472, 0, 0 %, 0 %, 35270 MiB, 38.47 W
2026/09/20 16:02:54.472, 1, 0 %, 0 %, 35270 MiB, 37.84 W
2026/09/20 16:02:54.472, 2, 0 %, 0 %, 35270 MiB, 36.76 W
2026/09/20 16:02:59.477, 0, 0 %, 0 %, 35270 MiB, 38.46 W
2026/09/20 16:02:59.477, 1, 0 %, 0 %, 35270 MiB, 37.84 W
2026/09/20 16:02:59.477, 2, 0 %, 0 %, 35270 MiB, 36.74 W
2026/09/20 16:03:04.478, 0, 0 %, 0 %, 35270 MiB, 38.56 W
2026/09/20 16:03:04.478, 1, 0 %, 0 %, 35270 MiB, 37.85 W
2026/09/20 16:03:04.478, 2, 0 %, 0 %, 35270 MiB, 36.94 W
2026/09/20 16:03:09.480, 0, 0 %, 0 %, 35270 MiB, 38.47 W
2026/09/20 16:03:09.480, 1, 0 %, 0 %, 35270 MiB, 38.04 W
2026/09/20 16:03:09.481, 2, 0 %, 0 %, 35270 MiB, 36.76 W
2026/09/20 16:03:14.482, 0, 0 %, 0 %, 35270 MiB, 38.46 W
2026/09/20 16:03:14.482, 1, 0 %, 0 %, 35270 MiB, 37.84 W
2026/09/20 16:03:14.482, 2, 0 %, 0 %, 35270 MiB, 36.84 W
2026/09/20 16:03:19.484, 0, 0 %, 0 %, 35270 MiB, 38.47 W
2026/09/20 16:03:19.484, 1, 0 %, 0 %, 35270 MiB, 38.03 W
2026/09/20 16:03:19.484, 2, 0 %, 0 %, 35270 MiB, 36.86 W
2026/09/20 16:03:24.486, 0, 0 %, 0 %, 35270 MiB, 38.57 W
2026/09/20 16:03:24.486, 1, 0 %, 0 %, 35270 MiB, 38.13 W
2026/09/20 16:03:24.486, 2, 0 %, 0 %, 35270 MiB, 36.95 W
2026/09/20 16:03:29.488, 0, 0 %, 0 %, 35270 MiB, 38.66 W
2026/09/20 16:03:29.488, 1, 0 %, 0 %, 35270 MiB, 37.94 W
2026/09/20 16:03:29.489, 2, 0 %, 0 %, 35270 MiB, 36.94 W
2026/09/20 16:03:34.490, 0, 0 %, 0 %, 35270 MiB, 38.66 W
2026/09/20 16:03:34.490, 1, 0 %, 0 %, 35270 MiB, 37.85 W
2026/09/20 16:03:34.490, 2, 0 %, 0 %, 35270 MiB, 36.95 W
2026/09/20 16:03:39.492, 0, 0 %, 0 %, 35270 MiB, 38.75 W
2026/09/20 16:03:39.492, 1, 0 %, 0 %, 35270 MiB, 37.93 W
2026/09/20 16:03:39.493, 2, 0 %, 0 %, 35270 MiB, 36.94 W
2026/09/20 16:03:44.494, 0, 0 %, 0 %, 35270 MiB, 38.47 W
2026/09/20 16:03:44.494, 1, 0 %, 0 %, 35270 MiB, 38.03 W
2026/09/20 16:03:44.494, 2, 0 %, 0 %, 35270 MiB, 37.14 W
2026/09/20 16:03:49.499, 0, 0 %, 0 %, 35270 MiB, 38.46 W
2026/09/20 16:03:49.500, 1, 0 %, 0 %, 35270 MiB, 37.84 W
2026/09/20 16:03:49.500, 2, 0 %, 0 %, 35270 MiB, 36.94 W
2026/09/20 16:03:54.501, 0, 0 %, 0 %, 35270 MiB, 38.37 W
2026/09/20 16:03:54.501, 1, 0 %, 0 %, 35270 MiB, 37.95 W
2026/09/20 16:03:54.501, 2, 0 %, 0 %, 35270 MiB, 36.86 W
2026/09/20 16:03:59.503, 0, 0 %, 0 %, 35270 MiB, 38.65 W
2026/09/20 16:03:59.503, 1, 0 %, 0 %, 35270 MiB, 37.93 W
2026/09/20 16:03:59.503, 2, 0 %, 0 %, 35270 MiB, 36.84 W
2026/09/20 16:04:04.515, 0, 0 %, 0 %, 35270 MiB, 38.54 W
2026/09/20 16:04:04.515, 1, 0 %, 0 %, 35270 MiB, 37.93 W
2026/09/20 16:04:04.515, 2, 0 %, 0 %, 35270 MiB, 36.84 W
2026/09/20 16:04:09.517, 0, 0 %, 0 %, 35270 MiB, 38.46 W
2026/09/20 16:04:09.517, 1, 0 %, 0 %, 35270 MiB, 37.94 W
2026/09/20 16:04:09.518, 2, 0 %, 0 %, 35270 MiB, 36.84 W
2026/09/20 16:04:14.518, 0, 0 %, 0 %, 35270 MiB, 38.47 W
2026/09/20 16:04:14.519, 1, 0 %, 0 %, 35270 MiB, 37.94 W
2026/09/20 16:04:14.519, 2, 0 %, 0 %, 35270 MiB, 36.74 W
2026/09/20 16:04:19.519, 0, 0 %, 0 %, 35270 MiB, 38.37 W
2026/09/20 16:04:19.520, 1, 0 %, 0 %, 35270 MiB, 38.05 W
2026/09/20 16:04:19.520, 2, 0 %, 0 %, 35270 MiB, 36.96 W
2026/09/20 16:04:24.521, 0, 0 %, 0 %, 35270 MiB, 38.61 W
2026/09/20 16:04:24.521, 1, 5 %, 0 %, 35270 MiB, 38.27 W
2026/09/20 16:04:24.521, 2, 0 %, 0 %, 35270 MiB, 36.89 W
2026/09/20 16:04:29.522, 0, 0 %, 0 %, 35270 MiB, 38.42 W
2026/09/20 16:04:29.522, 1, 0 %, 0 %, 35270 MiB, 38.00 W
2026/09/20 16:04:29.522, 2, 0 %, 0 %, 35270 MiB, 36.89 W
2026/09/20 16:04:34.522, 0, 0 %, 0 %, 35270 MiB, 38.71 W
2026/09/20 16:04:34.522, 1, 0 %, 0 %, 35270 MiB, 37.81 W
2026/09/20 16:04:34.522, 2, 0 %, 0 %, 35270 MiB, 36.99 W
2026/09/20 16:04:39.523, 0, 0 %, 0 %, 35270 MiB, 38.62 W
2026/09/20 16:04:39.523, 1, 0 %, 0 %, 35270 MiB, 37.89 W
2026/09/20 16:04:39.524, 2, 0 %, 0 %, 35270 MiB, 37.09 W
2026/09/20 16:04:44.524, 0, 5 %, 0 %, 35270 MiB, 38.62 W
2026/09/20 16:04:44.524, 1, 0 %, 0 %, 35270 MiB, 37.90 W
2026/09/20 16:04:44.524, 2, 0 %, 0 %, 35270 MiB, 37.10 W
2026/09/20 16:04:49.525, 0, 0 %, 0 %, 35270 MiB, 38.53 W
2026/09/20 16:04:49.525, 1, 0 %, 0 %, 35270 MiB, 38.00 W
2026/09/20 16:04:49.525, 2, 0 %, 0 %, 35270 MiB, 37.09 W
2026/09/20 16:04:54.527, 0, 100 %, 7 %, 35270 MiB, 86.93 W
2026/09/20 16:04:54.527, 1, 100 %, 7 %, 35270 MiB, 88.78 W
2026/09/20 16:04:54.527, 2, 100 %, 7 %, 35270 MiB, 87.67 W
2026/09/20 16:04:59.527, 0, 100 %, 7 %, 35270 MiB, 88.21 W
2026/09/20 16:04:59.527, 1, 100 %, 7 %, 35270 MiB, 108.16 W
2026/09/20 16:04:59.528, 2, 100 %, 15 %, 35270 MiB, 97.93 W
2026/09/20 16:05:04.528, 0, 100 %, 7 %, 35270 MiB, 93.35 W
2026/09/20 16:05:04.528, 1, 100 %, 7 %, 35270 MiB, 98.72 W
2026/09/20 16:05:04.528, 2, 100 %, 7 %, 35270 MiB, 88.04 W
2026/09/20 16:05:09.529, 0, 100 %, 6 %, 35270 MiB, 91.82 W
2026/09/20 16:05:09.529, 1, 100 %, 11 %, 35270 MiB, 88.29 W
2026/09/20 16:05:09.529, 2, 100 %, 7 %, 35270 MiB, 89.31 W
2026/09/20 16:05:14.530, 0, 98 %, 6 %, 35270 MiB, 94.61 W
2026/09/20 16:05:14.530, 1, 100 %, 7 %, 35270 MiB, 91.09 W
2026/09/20 16:05:14.530, 2, 100 %, 7 %, 35270 MiB, 95.98 W
2026/09/20 16:05:19.530, 0, 100 %, 7 %, 35270 MiB, 95.55 W
2026/09/20 16:05:19.530, 1, 100 %, 7 %, 35270 MiB, 94.59 W
2026/09/20 16:05:19.530, 2, 100 %, 7 %, 35270 MiB, 132.43 W
2026/09/20 16:05:24.531, 0, 100 %, 7 %, 35270 MiB, 99.12 W
2026/09/20 16:05:24.531, 1, 100 %, 7 %, 35270 MiB, 95.60 W
2026/09/20 16:05:24.531, 2, 100 %, 7 %, 35270 MiB, 93.59 W
2026/09/20 16:05:29.532, 0, 100 %, 7 %, 35270 MiB, 94.95 W
2026/09/20 16:05:29.532, 1, 100 %, 7 %, 35270 MiB, 96.92 W
2026/09/20 16:05:29.532, 2, 100 %, 6 %, 35270 MiB, 91.39 W
2026/09/20 16:05:34.532, 0, 100 %, 7 %, 35270 MiB, 96.21 W
2026/09/20 16:05:34.532, 1, 100 %, 7 %, 35270 MiB, 93.53 W
2026/09/20 16:05:34.533, 2, 100 %, 7 %, 35270 MiB, 90.86 W
2026/09/20 16:05:39.533, 0, 100 %, 7 %, 35270 MiB, 96.80 W
2026/09/20 16:05:39.533, 1, 100 %, 7 %, 35270 MiB, 155.88 W
2026/09/20 16:05:39.533, 2, 100 %, 7 %, 35270 MiB, 93.10 W
2026/09/20 16:05:44.534, 0, 100 %, 7 %, 35270 MiB, 93.71 W
2026/09/20 16:05:44.534, 1, 100 %, 7 %, 35270 MiB, 94.97 W
2026/09/20 16:05:44.534, 2, 100 %, 11 %, 35270 MiB, 92.48 W
2026/09/20 16:05:49.535, 0, 100 %, 7 %, 35270 MiB, 96.79 W
2026/09/20 16:05:49.535, 1, 100 %, 7 %, 35270 MiB, 105.87 W
2026/09/20 16:05:49.535, 2, 100 %, 7 %, 35270 MiB, 91.89 W
2026/09/20 16:05:54.535, 0, 100 %, 7 %, 35270 MiB, 93.73 W
2026/09/20 16:05:54.535, 1, 100 %, 7 %, 35270 MiB, 96.81 W
2026/09/20 16:05:54.536, 2, 100 %, 7 %, 35270 MiB, 92.25 W
2026/09/20 16:05:59.536, 0, 100 %, 7 %, 35270 MiB, 91.17 W
2026/09/20 16:05:59.536, 1, 100 %, 7 %, 35270 MiB, 95.57 W
2026/09/20 16:05:59.536, 2, 100 %, 7 %, 35270 MiB, 98.59 W
2026/09/20 16:06:04.537, 0, 100 %, 15 %, 35270 MiB, 97.92 W
2026/09/20 16:06:04.537, 1, 100 %, 11 %, 35270 MiB, 160.22 W
2026/09/20 16:06:04.537, 2, 100 %, 7 %, 35270 MiB, 95.43 W
2026/09/20 16:06:09.537, 0, 100 %, 7 %, 35270 MiB, 122.70 W
2026/09/20 16:06:09.537, 1, 100 %, 11 %, 35270 MiB, 136.30 W
2026/09/20 16:06:09.537, 2, 100 %, 10 %, 35270 MiB, 110.82 W
2026/09/20 16:06:14.538, 0, 100 %, 10 %, 35270 MiB, 92.73 W
2026/09/20 16:06:14.539, 1, 100 %, 7 %, 35270 MiB, 94.35 W
2026/09/20 16:06:14.539, 2, 100 %, 11 %, 35270 MiB, 161.42 W
2026/09/20 16:06:19.539, 0, 100 %, 11 %, 35270 MiB, 93.47 W
2026/09/20 16:06:19.539, 1, 100 %, 7 %, 35270 MiB, 97.10 W
2026/09/20 16:06:19.539, 2, 100 %, 7 %, 35270 MiB, 97.99 W
2026/09/20 16:06:24.540, 0, 100 %, 7 %, 35270 MiB, 101.99 W
2026/09/20 16:06:24.540, 1, 100 %, 7 %, 35270 MiB, 97.21 W
2026/09/20 16:06:24.540, 2, 100 %, 7 %, 35270 MiB, 96.40 W
2026/09/20 16:06:29.540, 0, 100 %, 11 %, 35270 MiB, 97.72 W
2026/09/20 16:06:29.541, 1, 100 %, 14 %, 35270 MiB, 99.07 W
2026/09/20 16:06:29.541, 2, 100 %, 10 %, 35270 MiB, 96.25 W
2026/09/20 16:06:34.541, 0, 100 %, 10 %, 35270 MiB, 94.74 W
2026/09/20 16:06:34.541, 1, 100 %, 15 %, 35270 MiB, 96.92 W
2026/09/20 16:06:34.541, 2, 100 %, 6 %, 35270 MiB, 90.69 W
2026/09/20 16:06:39.542, 0, 100 %, 10 %, 35270 MiB, 113.64 W
2026/09/20 16:06:39.542, 1, 100 %, 11 %, 35270 MiB, 94.39 W
2026/09/20 16:06:39.542, 2, 100 %, 11 %, 35270 MiB, 98.96 W
2026/09/20 16:06:44.543, 0, 100 %, 7 %, 35270 MiB, 150.54 W
2026/09/20 16:06:44.544, 1, 100 %, 14 %, 35270 MiB, 95.83 W
2026/09/20 16:06:44.544, 2, 100 %, 7 %, 35270 MiB, 95.40 W
2026/09/20 16:06:49.544, 0, 100 %, 7 %, 35270 MiB, 101.43 W
2026/09/20 16:06:49.544, 1, 100 %, 7 %, 35270 MiB, 96.39 W
2026/09/20 16:06:49.544, 2, 100 %, 7 %, 35270 MiB, 98.11 W
2026/09/20 16:06:54.545, 0, 100 %, 7 %, 35270 MiB, 98.44 W
2026/09/20 16:06:54.545, 1, 100 %, 7 %, 35270 MiB, 96.20 W
2026/09/20 16:06:54.545, 2, 100 %, 7 %, 35270 MiB, 98.62 W
2026/09/20 16:06:59.545, 0, 100 %, 7 %, 35270 MiB, 98.23 W
2026/09/20 16:06:59.546, 1, 100 %, 7 %, 35270 MiB, 99.76 W
2026/09/20 16:06:59.546, 2, 100 %, 7 %, 35270 MiB, 97.59 W
2026/09/20 16:07:04.546, 0, 100 %, 7 %, 35270 MiB, 100.17 W
2026/09/20 16:07:04.546, 1, 100 %, 10 %, 35270 MiB, 96.48 W
2026/09/20 16:07:04.546, 2, 100 %, 11 %, 35270 MiB, 97.29 W
2026/09/20 16:07:09.547, 0, 100 %, 7 %, 35270 MiB, 101.38 W
2026/09/20 16:07:09.547, 1, 100 %, 7 %, 35270 MiB, 97.41 W
2026/09/20 16:07:09.547, 2, 100 %, 7 %, 35270 MiB, 94.09 W
2026/09/20 16:07:14.547, 0, 100 %, 9 %, 35270 MiB, 101.96 W
2026/09/20 16:07:14.548, 1, 100 %, 7 %, 35270 MiB, 102.77 W
2026/09/20 16:07:14.548, 2, 100 %, 7 %, 35270 MiB, 97.20 W
2026/09/20 16:07:19.548, 0, 100 %, 7 %, 35270 MiB, 103.42 W
2026/09/20 16:07:19.549, 1, 100 %, 7 %, 35270 MiB, 135.13 W
2026/09/20 16:07:19.549, 2, 100 %, 7 %, 35270 MiB, 101.05 W
2026/09/20 16:07:24.549, 0, 100 %, 7 %, 35270 MiB, 101.41 W
2026/09/20 16:07:24.549, 1, 100 %, 7 %, 35270 MiB, 103.12 W
2026/09/20 16:07:24.549, 2, 100 %, 7 %, 35270 MiB, 94.47 W
2026/09/20 16:07:29.550, 0, 55 %, 4 %, 35270 MiB, 87.65 W
2026/09/20 16:07:29.550, 1, 56 %, 4 %, 35270 MiB, 87.76 W
2026/09/20 16:07:29.550, 2, 0 %, 0 %, 35270 MiB, 42.11 W
2026/09/20 16:07:34.554, 0, 0 %, 0 %, 35270 MiB, 44.61 W
2026/09/20 16:07:34.554, 1, 0 %, 0 %, 35270 MiB, 43.68 W
2026/09/20 16:07:34.554, 2, 0 %, 0 %, 35270 MiB, 41.91 W
2026/09/20 16:07:39.555, 0, 0 %, 0 %, 35270 MiB, 44.31 W
2026/09/20 16:07:39.555, 1, 0 %, 0 %, 35270 MiB, 42.99 W
2026/09/20 16:07:39.555, 2, 0 %, 0 %, 35270 MiB, 41.74 W
2026/09/20 16:07:44.556, 0, 0 %, 0 %, 35270 MiB, 43.82 W
2026/09/20 16:07:44.556, 1, 0 %, 0 %, 35270 MiB, 42.60 W
2026/09/20 16:07:44.556, 2, 0 %, 0 %, 35270 MiB, 41.41 W
2026/09/20 16:07:49.558, 0, 0 %, 0 %, 35270 MiB, 43.62 W
2026/09/20 16:07:49.558, 1, 0 %, 0 %, 35270 MiB, 42.19 W
2026/09/20 16:07:49.558, 2, 0 %, 0 %, 35270 MiB, 41.02 W
2026/09/20 16:07:54.561, 0, 0 %, 0 %, 35270 MiB, 43.01 W
2026/09/20 16:07:54.562, 1, 0 %, 0 %, 35270 MiB, 41.79 W
2026/09/20 16:07:54.562, 2, 0 %, 0 %, 35270 MiB, 40.82 W
2026/09/20 16:07:59.562, 0, 0 %, 0 %, 35270 MiB, 42.70 W
2026/09/20 16:07:59.563, 1, 0 %, 0 %, 35270 MiB, 41.31 W
2026/09/20 16:07:59.563, 2, 0 %, 0 %, 35270 MiB, 40.43 W
2026/09/20 16:08:04.565, 0, 0 %, 0 %, 35270 MiB, 42.42 W
2026/09/20 16:08:04.565, 1, 0 %, 0 %, 35270 MiB, 41.21 W
2026/09/20 16:08:04.565, 2, 0 %, 0 %, 35270 MiB, 40.13 W
2026/09/20 16:08:09.566, 0, 0 %, 0 %, 35270 MiB, 42.32 W
2026/09/20 16:08:09.566, 1, 0 %, 0 %, 35270 MiB, 41.40 W
2026/09/20 16:08:09.566, 2, 0 %, 0 %, 35270 MiB, 40.13 W
2026/09/20 16:08:14.568, 0, 0 %, 0 %, 35270 MiB, 42.04 W
2026/09/20 16:08:14.568, 1, 0 %, 0 %, 35270 MiB, 41.21 W
2026/09/20 16:08:14.569, 2, 0 %, 0 %, 35270 MiB, 40.01 W
2026/09/20 16:08:19.569, 0, 0 %, 0 %, 35270 MiB, 41.93 W
2026/09/20 16:08:19.569, 1, 0 %, 0 %, 35270 MiB, 41.40 W
2026/09/20 16:08:19.570, 2, 0 %, 0 %, 35270 MiB, 39.72 W
2026/09/20 16:08:24.571, 0, 0 %, 0 %, 35270 MiB, 41.74 W
2026/09/20 16:08:24.571, 1, 0 %, 0 %, 35270 MiB, 40.90 W
2026/09/20 16:08:24.571, 2, 0 %, 0 %, 35270 MiB, 39.72 W
2026/09/20 16:08:29.573, 0, 0 %, 0 %, 35270 MiB, 41.67 W
2026/09/20 16:08:29.573, 1, 0 %, 0 %, 35270 MiB, 41.03 W
2026/09/20 16:08:29.574, 2, 0 %, 0 %, 35270 MiB, 39.55 W
2026/09/20 16:08:34.574, 0, 0 %, 0 %, 35270 MiB, 41.43 W
2026/09/20 16:08:34.574, 1, 0 %, 0 %, 35270 MiB, 40.71 W
2026/09/20 16:08:34.574, 2, 0 %, 0 %, 35270 MiB, 39.62 W
2026/09/20 16:08:39.574, 0, 0 %, 0 %, 35270 MiB, 41.43 W
2026/09/20 16:08:39.574, 1, 0 %, 0 %, 35270 MiB, 40.61 W
2026/09/20 16:08:39.575, 2, 0 %, 0 %, 35270 MiB, 39.44 W
2026/09/20 16:08:44.576, 0, 0 %, 0 %, 35270 MiB, 41.44 W
2026/09/20 16:08:44.576, 1, 0 %, 0 %, 35270 MiB, 40.51 W
2026/09/20 16:08:44.576, 2, 0 %, 0 %, 35270 MiB, 39.33 W
2026/09/20 16:08:49.578, 0, 0 %, 0 %, 35270 MiB, 41.24 W
2026/09/20 16:08:49.578, 1, 0 %, 0 %, 35270 MiB, 40.52 W
2026/09/20 16:08:49.578, 2, 0 %, 0 %, 35270 MiB, 39.23 W
2026/09/20 16:08:54.579, 0, 0 %, 0 %, 35270 MiB, 41.15 W
2026/09/20 16:08:54.580, 1, 0 %, 0 %, 35270 MiB, 40.34 W
2026/09/20 16:08:54.580, 2, 0 %, 0 %, 35270 MiB, 39.26 W
2026/09/20 16:08:59.581, 0, 0 %, 0 %, 35270 MiB, 41.04 W
2026/09/20 16:08:59.582, 1, 0 %, 0 %, 35270 MiB, 40.22 W
2026/09/20 16:08:59.582, 2, 0 %, 0 %, 35270 MiB, 39.13 W
2026/09/20 16:09:04.583, 0, 0 %, 0 %, 35270 MiB, 41.04 W
2026/09/20 16:09:04.583, 1, 0 %, 0 %, 35270 MiB, 40.12 W
2026/09/20 16:09:04.583, 2, 0 %, 0 %, 35270 MiB, 39.03 W
2026/09/20 16:09:09.584, 0, 0 %, 0 %, 35270 MiB, 40.84 W
2026/09/20 16:09:09.584, 1, 0 %, 0 %, 35270 MiB, 39.82 W
2026/09/20 16:09:09.585, 2, 0 %, 0 %, 35270 MiB, 38.94 W
2026/09/20 16:09:14.586, 0, 0 %, 0 %, 35270 MiB, 40.75 W
2026/09/20 16:09:14.586, 1, 0 %, 0 %, 35270 MiB, 40.22 W
2026/09/20 16:09:14.586, 2, 0 %, 0 %, 35270 MiB, 39.03 W
2026/09/20 16:09:19.588, 0, 0 %, 0 %, 35270 MiB, 40.75 W
2026/09/20 16:09:19.588, 1, 0 %, 0 %, 35270 MiB, 39.72 W
2026/09/20 16:09:19.589, 2, 0 %, 0 %, 35270 MiB, 38.94 W
2026/09/20 16:09:24.589, 0, 0 %, 0 %, 35270 MiB, 40.54 W
2026/09/20 16:09:24.590, 1, 0 %, 0 %, 35270 MiB, 39.91 W
2026/09/20 16:09:24.590, 2, 0 %, 0 %, 35270 MiB, 38.83 W
2026/09/20 16:09:29.590, 0, 0 %, 0 %, 35270 MiB, 40.38 W
2026/09/20 16:09:29.591, 1, 0 %, 0 %, 35270 MiB, 39.56 W
2026/09/20 16:09:29.591, 2, 0 %, 0 %, 35270 MiB, 38.88 W
2026/09/20 16:09:34.591, 0, 0 %, 0 %, 35270 MiB, 40.30 W
2026/09/20 16:09:34.592, 1, 0 %, 0 %, 35270 MiB, 39.56 W
2026/09/20 16:09:34.592, 2, 0 %, 0 %, 35270 MiB, 38.58 W
2026/09/20 16:09:39.593, 0, 0 %, 0 %, 35270 MiB, 40.38 W
2026/09/20 16:09:39.593, 1, 0 %, 0 %, 35270 MiB, 39.46 W
2026/09/20 16:09:39.593, 2, 0 %, 0 %, 35270 MiB, 38.58 W
2026/09/20 16:09:44.594, 0, 0 %, 0 %, 35270 MiB, 40.19 W
2026/09/20 16:09:44.595, 1, 0 %, 0 %, 35270 MiB, 39.46 W
2026/09/20 16:09:44.595, 2, 0 %, 0 %, 35270 MiB, 38.58 W
2026/09/20 16:09:49.595, 0, 0 %, 0 %, 35270 MiB, 40.10 W
2026/09/20 16:09:49.596, 1, 0 %, 0 %, 35270 MiB, 39.37 W
2026/09/20 16:09:49.596, 2, 0 %, 0 %, 35270 MiB, 38.58 W
2026/09/20 16:09:54.597, 0, 0 %, 0 %, 35270 MiB, 40.19 W
2026/09/20 16:09:54.597, 1, 0 %, 0 %, 35270 MiB, 39.46 W
2026/09/20 16:09:54.597, 2, 0 %, 0 %, 35270 MiB, 38.58 W
2026/09/20 16:09:59.597, 0, 0 %, 0 %, 35270 MiB, 40.19 W
2026/09/20 16:09:59.598, 1, 0 %, 0 %, 35270 MiB, 39.56 W
2026/09/20 16:09:59.598, 2, 0 %, 0 %, 35270 MiB, 38.58 W
2026/09/20 16:10:04.599, 0, 0 %, 0 %, 35270 MiB, 40.13 W
2026/09/20 16:10:04.600, 1, 0 %, 0 %, 35270 MiB, 39.41 W
2026/09/20 16:10:04.600, 2, 0 %, 0 %, 35270 MiB, 38.53 W
2026/09/20 16:10:09.601, 0, 0 %, 0 %, 35270 MiB, 40.14 W
2026/09/20 16:10:09.601, 1, 0 %, 0 %, 35270 MiB, 39.91 W
2026/09/20 16:10:09.601, 2, 0 %, 0 %, 35270 MiB, 38.53 W
2026/09/20 16:10:14.602, 0, 0 %, 0 %, 35270 MiB, 40.28 W
2026/09/20 16:10:14.602, 1, 0 %, 0 %, 35270 MiB, 39.73 W
2026/09/20 16:10:14.602, 2, 0 %, 0 %, 35270 MiB, 38.49 W
2026/09/20 16:10:19.603, 0, 0 %, 0 %, 35270 MiB, 40.08 W
2026/09/20 16:10:19.604, 1, 0 %, 0 %, 35270 MiB, 39.65 W
2026/09/20 16:10:19.604, 2, 0 %, 0 %, 35270 MiB, 38.29 W
2026/09/20 16:10:24.605, 0, 0 %, 0 %, 35270 MiB, 39.95 W
2026/09/20 16:10:24.605, 1, 0 %, 0 %, 35270 MiB, 39.61 W
2026/09/20 16:10:24.606, 2, 0 %, 0 %, 35270 MiB, 38.53 W
2026/09/20 16:10:29.607, 0, 0 %, 0 %, 35270 MiB, 39.65 W
2026/09/20 16:10:29.607, 1, 0 %, 0 %, 35270 MiB, 39.51 W
2026/09/20 16:10:29.608, 2, 0 %, 0 %, 35270 MiB, 38.34 W
2026/09/20 16:10:34.609, 0, 0 %, 0 %, 35270 MiB, 39.75 W
2026/09/20 16:10:34.610, 1, 0 %, 0 %, 35270 MiB, 39.72 W
2026/09/20 16:10:34.610, 2, 0 %, 0 %, 35270 MiB, 38.34 W
2026/09/20 16:10:39.611, 0, 0 %, 0 %, 35270 MiB, 40.04 W
2026/09/20 16:10:39.611, 1, 0 %, 0 %, 35270 MiB, 39.51 W
2026/09/20 16:10:39.611, 2, 0 %, 0 %, 35270 MiB, 38.04 W
2026/09/20 16:10:44.613, 0, 0 %, 0 %, 35270 MiB, 39.95 W
2026/09/20 16:10:44.614, 1, 0 %, 0 %, 35270 MiB, 39.42 W
2026/09/20 16:10:44.614, 2, 0 %, 0 %, 35270 MiB, 38.15 W
2026/09/20 16:10:49.615, 0, 0 %, 0 %, 35270 MiB, 39.97 W
2026/09/20 16:10:49.616, 1, 0 %, 0 %, 35270 MiB, 39.53 W
2026/09/20 16:10:49.616, 2, 0 %, 0 %, 35270 MiB, 38.06 W
2026/09/20 16:10:54.617, 0, 0 %, 0 %, 35270 MiB, 40.05 W
2026/09/20 16:10:54.617, 1, 0 %, 0 %, 35270 MiB, 39.53 W
2026/09/20 16:10:54.618, 2, 0 %, 0 %, 35270 MiB, 38.07 W
2026/09/20 16:10:59.618, 0, 0 %, 0 %, 35270 MiB, 39.99 W
2026/09/20 16:10:59.619, 1, 0 %, 0 %, 35270 MiB, 39.56 W
2026/09/20 16:10:59.619, 2, 0 %, 0 %, 35270 MiB, 37.99 W
2026/09/20 16:11:04.620, 0, 0 %, 0 %, 35270 MiB, 40.04 W
2026/09/20 16:11:04.620, 1, 0 %, 0 %, 35270 MiB, 39.51 W
2026/09/20 16:11:04.620, 2, 0 %, 0 %, 35270 MiB, 38.04 W
2026/09/20 16:11:09.622, 0, 0 %, 0 %, 35270 MiB, 40.04 W
2026/09/20 16:11:09.623, 1, 0 %, 0 %, 35270 MiB, 39.72 W
2026/09/20 16:11:09.623, 2, 0 %, 0 %, 35270 MiB, 38.14 W
2026/09/20 16:11:14.624, 0, 0 %, 0 %, 35270 MiB, 40.04 W
2026/09/20 16:11:14.624, 1, 0 %, 0 %, 35270 MiB, 39.61 W
2026/09/20 16:11:14.625, 2, 0 %, 0 %, 35270 MiB, 38.14 W
2026/09/20 16:11:19.625, 0, 0 %, 0 %, 35270 MiB, 40.05 W
2026/09/20 16:11:19.625, 1, 0 %, 0 %, 35270 MiB, 39.31 W
2026/09/20 16:11:19.626, 2, 0 %, 0 %, 35270 MiB, 38.24 W
2026/09/20 16:11:24.627, 0, 0 %, 0 %, 35270 MiB, 40.03 W
2026/09/20 16:11:24.627, 1, 0 %, 0 %, 35270 MiB, 39.41 W
2026/09/20 16:11:24.628, 2, 0 %, 0 %, 35270 MiB, 38.04 W
2026/09/20 16:11:29.629, 0, 0 %, 0 %, 35270 MiB, 40.33 W
2026/09/20 16:11:29.629, 1, 0 %, 0 %, 35270 MiB, 39.71 W
2026/09/20 16:11:29.630, 2, 0 %, 0 %, 35270 MiB, 38.04 W
2026/09/20 16:11:34.631, 0, 0 %, 0 %, 35270 MiB, 39.74 W
2026/09/20 16:11:34.632, 1, 0 %, 0 %, 35270 MiB, 39.31 W
2026/09/20 16:11:34.632, 2, 0 %, 0 %, 35270 MiB, 38.04 W
2026/09/20 16:11:39.632, 0, 0 %, 0 %, 35270 MiB, 39.67 W
2026/09/20 16:11:39.633, 1, 0 %, 0 %, 35270 MiB, 39.15 W
2026/09/20 16:11:39.633, 2, 0 %, 0 %, 35270 MiB, 37.97 W
2026/09/20 16:11:44.633, 0, 0 %, 0 %, 35270 MiB, 39.65 W
2026/09/20 16:11:44.634, 1, 0 %, 0 %, 35270 MiB, 39.34 W
2026/09/20 16:11:44.634, 2, 0 %, 0 %, 35270 MiB, 37.87 W
2026/09/20 16:11:49.635, 0, 0 %, 0 %, 35270 MiB, 39.84 W
2026/09/20 16:11:49.635, 1, 0 %, 0 %, 35270 MiB, 39.22 W
2026/09/20 16:11:49.636, 2, 0 %, 0 %, 35270 MiB, 37.84 W
2026/09/20 16:11:54.637, 0, 0 %, 0 %, 35270 MiB, 39.74 W
2026/09/20 16:11:54.637, 1, 0 %, 0 %, 35270 MiB, 39.22 W
2026/09/20 16:11:54.637, 2, 0 %, 0 %, 35270 MiB, 37.94 W
2026/09/20 16:11:59.639, 0, 0 %, 0 %, 35270 MiB, 39.53 W
2026/09/20 16:11:59.639, 1, 0 %, 0 %, 35270 MiB, 39.11 W
2026/09/20 16:11:59.639, 2, 0 %, 0 %, 35270 MiB, 37.84 W
2026/09/20 16:12:04.648, 0, 0 %, 0 %, 35270 MiB, 39.56 W
2026/09/20 16:12:04.649, 1, 0 %, 0 %, 35270 MiB, 39.22 W
2026/09/20 16:12:04.649, 2, 0 %, 0 %, 35270 MiB, 37.75 W
2026/09/20 16:12:09.650, 0, 0 %, 0 %, 35270 MiB, 39.74 W
2026/09/20 16:12:09.650, 1, 0 %, 0 %, 35270 MiB, 39.02 W
2026/09/20 16:12:09.650, 2, 0 %, 0 %, 35270 MiB, 37.75 W
2026/09/20 16:12:14.652, 0, 0 %, 0 %, 35270 MiB, 39.65 W
2026/09/20 16:12:14.653, 1, 0 %, 0 %, 35270 MiB, 39.22 W
2026/09/20 16:12:14.653, 2, 0 %, 0 %, 35270 MiB, 37.87 W
2026/09/20 16:12:19.654, 0, 0 %, 0 %, 35270 MiB, 39.65 W
2026/09/20 16:12:19.655, 1, 0 %, 0 %, 35270 MiB, 39.22 W
2026/09/20 16:12:19.655, 2, 0 %, 0 %, 35270 MiB, 37.75 W
2026/09/20 16:12:24.656, 0, 0 %, 0 %, 35270 MiB, 39.74 W
2026/09/20 16:12:24.656, 1, 0 %, 0 %, 35270 MiB, 39.02 W
2026/09/20 16:12:24.656, 2, 0 %, 0 %, 35270 MiB, 37.85 W
2026/09/20 16:12:29.658, 0, 0 %, 0 %, 35270 MiB, 39.65 W
2026/09/20 16:12:29.658, 1, 0 %, 0 %, 35270 MiB, 39.02 W
2026/09/20 16:12:29.659, 2, 0 %, 0 %, 35270 MiB, 37.75 W
2026/09/20 16:12:34.660, 0, 0 %, 0 %, 35270 MiB, 39.67 W
2026/09/20 16:12:34.660, 1, 0 %, 0 %, 35270 MiB, 38.96 W
2026/09/20 16:12:34.661, 2, 0 %, 0 %, 35270 MiB, 37.90 W
2026/09/20 16:12:39.663, 0, 0 %, 0 %, 35270 MiB, 39.39 W
2026/09/20 16:12:39.663, 1, 0 %, 0 %, 35270 MiB, 39.06 W
2026/09/20 16:12:39.664, 2, 0 %, 0 %, 35270 MiB, 37.89 W
2026/09/20 16:12:44.669, 0, 0 %, 0 %, 35270 MiB, 39.68 W
2026/09/20 16:12:44.669, 1, 0 %, 0 %, 35270 MiB, 38.97 W
2026/09/20 16:12:44.669, 2, 0 %, 0 %, 35270 MiB, 37.79 W
2026/09/20 16:12:49.671, 0, 0 %, 0 %, 35270 MiB, 39.47 W
2026/09/20 16:12:49.671, 1, 0 %, 0 %, 35270 MiB, 38.95 W
2026/09/20 16:12:49.672, 2, 0 %, 0 %, 35270 MiB, 37.56 W
2026/09/20 16:12:54.673, 0, 0 %, 0 %, 35270 MiB, 39.36 W
2026/09/20 16:12:54.674, 1, 0 %, 0 %, 35270 MiB, 38.84 W
2026/09/20 16:12:54.674, 2, 0 %, 0 %, 35270 MiB, 37.67 W
2026/09/20 16:12:59.674, 0, 0 %, 0 %, 35270 MiB, 39.49 W
2026/09/20 16:12:59.675, 1, 0 %, 0 %, 35270 MiB, 39.06 W
2026/09/20 16:12:59.675, 2, 0 %, 0 %, 35270 MiB, 37.58 W
2026/09/20 16:13:04.675, 0, 0 %, 0 %, 35270 MiB, 39.58 W
2026/09/20 16:13:04.676, 1, 0 %, 0 %, 35270 MiB, 39.05 W
2026/09/20 16:13:04.676, 2, 0 %, 0 %, 35270 MiB, 37.56 W
2026/09/20 16:13:09.677, 0, 0 %, 0 %, 35270 MiB, 39.55 W
2026/09/20 16:13:09.677, 1, 0 %, 0 %, 35270 MiB, 39.02 W
2026/09/20 16:13:09.678, 2, 0 %, 0 %, 35270 MiB, 38.04 W
2026/09/20 16:13:14.679, 0, 0 %, 0 %, 35270 MiB, 39.44 W
2026/09/20 16:13:14.679, 1, 0 %, 0 %, 35270 MiB, 39.11 W
2026/09/20 16:13:14.679, 2, 0 %, 0 %, 35270 MiB, 37.84 W
2026/09/20 16:13:19.681, 0, 0 %, 0 %, 35270 MiB, 39.57 W
2026/09/20 16:13:19.682, 1, 0 %, 0 %, 35270 MiB, 39.05 W
2026/09/20 16:13:19.682, 2, 0 %, 0 %, 35270 MiB, 37.67 W
2026/09/20 16:13:24.683, 0, 0 %, 0 %, 35270 MiB, 39.65 W
2026/09/20 16:13:24.683, 1, 0 %, 0 %, 35270 MiB, 39.02 W
2026/09/20 16:13:24.683, 2, 0 %, 0 %, 35270 MiB, 37.75 W
2026/09/20 16:13:29.685, 0, 0 %, 0 %, 35270 MiB, 39.45 W
2026/09/20 16:13:29.686, 1, 0 %, 0 %, 35270 MiB, 39.22 W
2026/09/20 16:13:29.686, 2, 0 %, 0 %, 35270 MiB, 37.87 W
2026/09/20 16:13:34.692, 0, 0 %, 0 %, 35270 MiB, 39.47 W
2026/09/20 16:13:34.692, 1, 0 %, 0 %, 35270 MiB, 38.85 W
2026/09/20 16:13:34.693, 2, 0 %, 0 %, 35270 MiB, 37.67 W
2026/09/20 16:13:39.694, 0, 0 %, 0 %, 35270 MiB, 39.65 W
2026/09/20 16:13:39.694, 1, 0 %, 0 %, 35270 MiB, 38.85 W
2026/09/20 16:13:39.694, 2, 0 %, 0 %, 35270 MiB, 37.67 W
2026/09/20 16:13:44.696, 0, 0 %, 0 %, 35270 MiB, 39.50 W
2026/09/20 16:13:44.696, 1, 0 %, 0 %, 35270 MiB, 38.78 W
2026/09/20 16:13:44.697, 2, 0 %, 0 %, 35270 MiB, 37.58 W
2026/09/20 16:13:49.697, 0, 0 %, 0 %, 35270 MiB, 39.36 W
2026/09/20 16:13:49.698, 1, 0 %, 0 %, 35270 MiB, 38.88 W
2026/09/20 16:13:49.698, 2, 0 %, 0 %, 35270 MiB, 37.77 W
2026/09/20 16:13:54.698, 0, 0 %, 0 %, 35270 MiB, 39.31 W
2026/09/20 16:13:54.699, 1, 0 %, 0 %, 35270 MiB, 38.78 W
2026/09/20 16:13:54.699, 2, 0 %, 0 %, 35270 MiB, 37.70 W
2026/09/20 16:13:59.699, 0, 0 %, 0 %, 35270 MiB, 39.39 W
2026/09/20 16:13:59.700, 1, 0 %, 0 %, 35270 MiB, 38.77 W
2026/09/20 16:13:59.700, 2, 0 %, 0 %, 35270 MiB, 37.49 W
2026/09/20 16:14:04.701, 0, 0 %, 0 %, 35270 MiB, 39.36 W
2026/09/20 16:14:04.701, 1, 0 %, 0 %, 35270 MiB, 38.85 W
2026/09/20 16:14:04.701, 2, 0 %, 0 %, 35270 MiB, 37.56 W
2026/09/20 16:14:09.702, 0, 0 %, 0 %, 35270 MiB, 39.38 W
2026/09/20 16:14:09.703, 1, 0 %, 0 %, 35270 MiB, 38.85 W
2026/09/20 16:14:09.703, 2, 0 %, 0 %, 35270 MiB, 37.56 W
2026/09/20 16:14:14.703, 0, 0 %, 0 %, 35270 MiB, 39.35 W
2026/09/20 16:14:14.704, 1, 0 %, 0 %, 35270 MiB, 38.73 W
2026/09/20 16:14:14.704, 2, 0 %, 0 %, 35270 MiB, 37.64 W
2026/09/20 16:14:19.705, 0, 0 %, 0 %, 35270 MiB, 39.47 W
2026/09/20 16:14:19.705, 1, 0 %, 0 %, 35270 MiB, 38.85 W
2026/09/20 16:14:19.705, 2, 0 %, 0 %, 35270 MiB, 37.56 W
2026/09/20 16:14:24.707, 0, 0 %, 0 %, 35270 MiB, 39.47 W
2026/09/20 16:14:24.707, 1, 0 %, 0 %, 35270 MiB, 39.05 W
2026/09/20 16:14:24.707, 2, 0 %, 0 %, 35270 MiB, 37.57 W
2026/09/20 16:14:29.708, 0, 0 %, 0 %, 35270 MiB, 39.47 W
2026/09/20 16:14:29.709, 1, 0 %, 0 %, 35270 MiB, 39.04 W
2026/09/20 16:14:29.709, 2, 0 %, 0 %, 35270 MiB, 37.67 W
2026/09/20 16:14:34.710, 0, 0 %, 0 %, 35270 MiB, 39.65 W
2026/09/20 16:14:34.710, 1, 0 %, 0 %, 35270 MiB, 38.92 W
2026/09/20 16:14:34.710, 2, 0 %, 0 %, 35270 MiB, 37.54 W
2026/09/20 16:14:39.712, 0, 0 %, 0 %, 35270 MiB, 39.44 W
2026/09/20 16:14:39.712, 1, 0 %, 0 %, 35270 MiB, 38.73 W
2026/09/20 16:14:39.712, 2, 0 %, 0 %, 35270 MiB, 37.74 W
2026/09/20 16:14:44.714, 0, 0 %, 0 %, 35270 MiB, 39.56 W
2026/09/20 16:14:44.715, 1, 0 %, 0 %, 35270 MiB, 38.84 W
2026/09/20 16:14:44.715, 2, 0 %, 0 %, 35270 MiB, 37.67 W
2026/09/20 16:14:49.716, 0, 0 %, 0 %, 35270 MiB, 39.47 W
2026/09/20 16:14:49.716, 1, 0 %, 0 %, 35270 MiB, 38.75 W
2026/09/20 16:14:49.717, 2, 0 %, 0 %, 35270 MiB, 37.77 W
2026/09/20 16:14:54.718, 0, 0 %, 0 %, 35270 MiB, 39.68 W
2026/09/20 16:14:54.718, 1, 0 %, 0 %, 35270 MiB, 38.85 W
2026/09/20 16:14:54.718, 2, 0 %, 0 %, 35270 MiB, 37.77 W
2026/09/20 16:14:59.719, 0, 0 %, 0 %, 35270 MiB, 39.31 W
2026/09/20 16:14:59.720, 1, 0 %, 0 %, 35270 MiB, 38.88 W
2026/09/20 16:14:59.720, 2, 0 %, 0 %, 35270 MiB, 37.70 W
2026/09/20 16:15:04.720, 0, 0 %, 0 %, 35270 MiB, 39.40 W
2026/09/20 16:15:04.721, 1, 0 %, 0 %, 35270 MiB, 38.78 W
2026/09/20 16:15:04.721, 2, 0 %, 0 %, 35270 MiB, 37.49 W
2026/09/20 16:15:09.721, 0, 0 %, 0 %, 35270 MiB, 39.41 W
2026/09/20 16:15:09.722, 1, 0 %, 0 %, 35270 MiB, 38.78 W
2026/09/20 16:15:09.722, 2, 0 %, 0 %, 35270 MiB, 37.59 W
2026/09/20 16:15:14.722, 0, 0 %, 0 %, 35270 MiB, 39.41 W
2026/09/20 16:15:14.723, 1, 0 %, 0 %, 35270 MiB, 38.85 W
2026/09/20 16:15:14.723, 2, 0 %, 0 %, 35270 MiB, 37.56 W
2026/09/20 16:15:19.723, 0, 0 %, 0 %, 35270 MiB, 39.38 W
2026/09/20 16:15:19.724, 1, 0 %, 0 %, 35270 MiB, 38.95 W
2026/09/20 16:15:19.724, 2, 0 %, 0 %, 35270 MiB, 37.66 W
2026/09/20 16:15:24.724, 0, 0 %, 0 %, 35270 MiB, 39.38 W
2026/09/20 16:15:24.724, 1, 0 %, 0 %, 35270 MiB, 38.85 W
2026/09/20 16:15:24.725, 2, 0 %, 0 %, 35270 MiB, 37.77 W
2026/09/20 16:15:29.725, 0, 0 %, 0 %, 35270 MiB, 39.47 W
2026/09/20 16:15:29.726, 1, 0 %, 0 %, 35270 MiB, 38.95 W
2026/09/20 16:15:29.726, 2, 0 %, 0 %, 35270 MiB, 37.77 W
2026/09/20 16:15:34.726, 0, 0 %, 0 %, 35270 MiB, 39.47 W
2026/09/20 16:15:34.727, 1, 0 %, 0 %, 35270 MiB, 38.95 W
2026/09/20 16:15:34.727, 2, 0 %, 0 %, 35270 MiB, 37.56 W
2026/09/20 16:15:39.728, 0, 0 %, 0 %, 35270 MiB, 39.39 W
2026/09/20 16:15:39.728, 1, 0 %, 0 %, 35270 MiB, 39.05 W
2026/09/20 16:15:39.728, 2, 0 %, 0 %, 35270 MiB, 37.69 W
2026/09/20 16:15:44.729, 0, 0 %, 0 %, 35270 MiB, 39.58 W
2026/09/20 16:15:44.729, 1, 0 %, 0 %, 35270 MiB, 38.75 W
2026/09/20 16:15:44.730, 2, 0 %, 0 %, 35270 MiB, 37.97 W
2026/09/20 16:15:49.730, 0, 0 %, 0 %, 35270 MiB, 39.67 W
2026/09/20 16:15:49.730, 1, 0 %, 0 %, 35270 MiB, 38.75 W
2026/09/20 16:15:49.730, 2, 0 %, 0 %, 35270 MiB, 37.77 W
2026/09/20 16:15:54.731, 0, 0 %, 0 %, 35270 MiB, 39.67 W
2026/09/20 16:15:54.731, 1, 0 %, 0 %, 35270 MiB, 39.05 W
2026/09/20 16:15:54.731, 2, 0 %, 0 %, 35270 MiB, 37.77 W
2026/09/20 16:15:59.731, 0, 0 %, 0 %, 35270 MiB, 39.60 W
2026/09/20 16:15:59.732, 1, 0 %, 0 %, 35270 MiB, 38.88 W
2026/09/20 16:15:59.732, 2, 0 %, 0 %, 35270 MiB, 37.80 W
2026/09/20 16:16:04.733, 0, 0 %, 0 %, 35270 MiB, 39.44 W
2026/09/20 16:16:04.734, 1, 0 %, 0 %, 35270 MiB, 38.91 W
2026/09/20 16:16:04.734, 2, 0 %, 0 %, 35270 MiB, 37.94 W
2026/09/20 16:16:09.735, 0, 0 %, 0 %, 35270 MiB, 39.44 W
2026/09/20 16:16:09.736, 1, 0 %, 0 %, 35270 MiB, 38.83 W
2026/09/20 16:16:09.736, 2, 0 %, 0 %, 35270 MiB, 37.85 W
2026/09/20 16:16:14.737, 0, 0 %, 0 %, 35270 MiB, 39.47 W
2026/09/20 16:16:14.737, 1, 0 %, 0 %, 35270 MiB, 38.85 W
2026/09/20 16:16:14.738, 2, 0 %, 0 %, 35270 MiB, 37.58 W
2026/09/20 16:16:19.739, 0, 0 %, 0 %, 35270 MiB, 39.39 W
2026/09/20 16:16:19.739, 1, 0 %, 0 %, 35270 MiB, 38.85 W
2026/09/20 16:16:19.739, 2, 0 %, 0 %, 35270 MiB, 37.56 W
2026/09/20 16:16:24.740, 0, 0 %, 0 %, 35270 MiB, 39.34 W
2026/09/20 16:16:24.740, 1, 0 %, 0 %, 35270 MiB, 38.83 W
2026/09/20 16:16:24.740, 2, 0 %, 0 %, 35270 MiB, 37.54 W
2026/09/20 16:16:29.742, 0, 0 %, 0 %, 35270 MiB, 39.46 W
2026/09/20 16:16:29.743, 1, 0 %, 0 %, 35270 MiB, 38.92 W
2026/09/20 16:16:29.743, 2, 0 %, 0 %, 35270 MiB, 37.56 W
2026/09/20 16:16:34.743, 0, 0 %, 0 %, 35270 MiB, 39.47 W
2026/09/20 16:16:34.744, 1, 0 %, 0 %, 35270 MiB, 38.94 W
2026/09/20 16:16:34.744, 2, 0 %, 0 %, 35270 MiB, 37.66 W
2026/09/20 16:16:39.745, 0, 0 %, 0 %, 35270 MiB, 39.45 W
2026/09/20 16:16:39.756, 1, 0 %, 0 %, 35270 MiB, 38.92 W
2026/09/20 16:16:39.757, 2, 0 %, 0 %, 35270 MiB, 37.64 W
2026/09/20 16:16:44.770, 0, 0 %, 0 %, 35270 MiB, 39.63 W
2026/09/20 16:16:44.771, 1, 0 %, 0 %, 35270 MiB, 38.92 W
2026/09/20 16:16:44.771, 2, 0 %, 0 %, 35270 MiB, 37.84 W
2026/09/20 16:16:49.772, 0, 0 %, 0 %, 35270 MiB, 39.55 W
2026/09/20 16:16:49.773, 1, 0 %, 0 %, 35270 MiB, 39.12 W
2026/09/20 16:16:49.773, 2, 0 %, 0 %, 35270 MiB, 37.74 W
2026/09/20 16:16:54.773, 0, 0 %, 0 %, 35270 MiB, 39.50 W
2026/09/20 16:16:54.774, 1, 0 %, 0 %, 35270 MiB, 38.76 W
2026/09/20 16:16:54.774, 2, 0 %, 0 %, 35270 MiB, 37.59 W
2026/09/20 16:16:59.775, 0, 0 %, 0 %, 35270 MiB, 39.56 W
2026/09/20 16:16:59.775, 1, 0 %, 0 %, 35270 MiB, 38.83 W
2026/09/20 16:16:59.775, 2, 0 %, 0 %, 35270 MiB, 37.94 W
2026/09/20 16:17:04.776, 0, 0 %, 0 %, 35270 MiB, 39.73 W
2026/09/20 16:17:04.777, 1, 0 %, 0 %, 35270 MiB, 38.92 W
2026/09/20 16:17:04.777, 2, 0 %, 0 %, 35270 MiB, 37.83 W
2026/09/20 16:17:09.778, 0, 0 %, 0 %, 35270 MiB, 39.35 W
2026/09/20 16:17:09.779, 1, 0 %, 0 %, 35270 MiB, 38.92 W
2026/09/20 16:17:09.779, 2, 0 %, 0 %, 35270 MiB, 37.75 W
2026/09/20 16:17:14.780, 0, 0 %, 0 %, 35270 MiB, 39.36 W
2026/09/20 16:17:14.781, 1, 0 %, 0 %, 35270 MiB, 38.74 W
2026/09/20 16:17:14.781, 2, 0 %, 0 %, 35270 MiB, 37.77 W
2026/09/20 16:17:19.782, 0, 0 %, 0 %, 35270 MiB, 39.38 W
2026/09/20 16:17:19.782, 1, 0 %, 0 %, 35270 MiB, 38.85 W
2026/09/20 16:17:19.782, 2, 0 %, 0 %, 35270 MiB, 37.75 W
2026/09/20 16:17:24.783, 0, 0 %, 0 %, 35270 MiB, 39.51 W
2026/09/20 16:17:24.784, 1, 0 %, 0 %, 35270 MiB, 39.07 W
2026/09/20 16:17:24.784, 2, 0 %, 0 %, 35270 MiB, 37.59 W
2026/09/20 16:17:29.784, 0, 0 %, 0 %, 35270 MiB, 39.47 W
2026/09/20 16:17:29.785, 1, 0 %, 0 %, 35270 MiB, 38.95 W
2026/09/20 16:17:29.785, 2, 0 %, 0 %, 35270 MiB, 37.76 W
2026/09/20 16:17:34.786, 0, 0 %, 0 %, 35270 MiB, 39.50 W
2026/09/20 16:17:34.786, 1, 0 %, 0 %, 35270 MiB, 38.97 W
2026/09/20 16:17:34.787, 2, 0 %, 0 %, 35270 MiB, 37.70 W
2026/09/20 16:17:39.788, 0, 0 %, 0 %, 35270 MiB, 39.76 W
2026/09/20 16:17:39.789, 1, 0 %, 0 %, 35270 MiB, 38.94 W
2026/09/20 16:17:39.789, 2, 0 %, 0 %, 35270 MiB, 37.87 W
2026/09/20 16:17:44.790, 0, 0 %, 0 %, 35270 MiB, 39.56 W
2026/09/20 16:17:44.791, 1, 0 %, 0 %, 35270 MiB, 39.12 W
2026/09/20 16:17:44.791, 2, 0 %, 0 %, 35270 MiB, 37.76 W
2026/09/20 16:17:49.792, 0, 0 %, 0 %, 35270 MiB, 39.65 W
2026/09/20 16:17:49.793, 1, 0 %, 0 %, 35270 MiB, 39.13 W
2026/09/20 16:17:49.793, 2, 0 %, 0 %, 35270 MiB, 37.77 W
2026/09/20 16:17:54.793, 0, 0 %, 0 %, 35270 MiB, 39.56 W
2026/09/20 16:17:54.794, 1, 0 %, 0 %, 35270 MiB, 39.14 W
2026/09/20 16:17:54.794, 2, 0 %, 0 %, 35270 MiB, 37.76 W
2026/09/20 16:17:59.795, 0, 0 %, 0 %, 35270 MiB, 39.74 W
2026/09/20 16:17:59.796, 1, 0 %, 0 %, 35270 MiB, 38.92 W
2026/09/20 16:17:59.796, 2, 0 %, 0 %, 35270 MiB, 37.96 W
2026/09/20 16:18:04.796, 0, 0 %, 0 %, 35270 MiB, 39.68 W
2026/09/20 16:18:04.796, 1, 0 %, 0 %, 35270 MiB, 38.95 W
2026/09/20 16:18:04.796, 2, 0 %, 0 %, 35270 MiB, 37.87 W
2026/09/20 16:18:09.798, 0, 0 %, 0 %, 35270 MiB, 39.67 W
2026/09/20 16:18:09.798, 1, 0 %, 0 %, 35270 MiB, 38.95 W
2026/09/20 16:18:09.799, 2, 0 %, 0 %, 35270 MiB, 37.87 W
2026/09/20 16:18:14.800, 0, 0 %, 0 %, 35270 MiB, 39.49 W
2026/09/20 16:18:14.800, 1, 0 %, 0 %, 35270 MiB, 38.97 W
2026/09/20 16:18:14.800, 2, 0 %, 0 %, 35270 MiB, 37.87 W
2026/09/20 16:18:19.802, 0, 0 %, 0 %, 35270 MiB, 39.57 W
2026/09/20 16:18:19.802, 1, 0 %, 0 %, 35270 MiB, 39.14 W
2026/09/20 16:18:19.803, 2, 0 %, 0 %, 35270 MiB, 37.89 W
2026/09/20 16:18:24.803, 0, 0 %, 0 %, 35270 MiB, 39.50 W
2026/09/20 16:18:24.804, 1, 0 %, 0 %, 35270 MiB, 38.97 W
2026/09/20 16:18:24.804, 2, 0 %, 0 %, 35270 MiB, 37.79 W
2026/09/20 16:18:29.805, 0, 0 %, 0 %, 35270 MiB, 39.57 W
2026/09/20 16:18:29.805, 1, 0 %, 0 %, 35270 MiB, 38.95 W
2026/09/20 16:18:29.805, 2, 0 %, 0 %, 35270 MiB, 37.67 W
2026/09/20 16:18:34.806, 0, 0 %, 0 %, 35270 MiB, 39.60 W
2026/09/20 16:18:34.807, 1, 0 %, 0 %, 35270 MiB, 38.97 W
2026/09/20 16:18:34.807, 2, 0 %, 0 %, 35270 MiB, 38.09 W
2026/09/20 16:18:39.807, 0, 0 %, 0 %, 35270 MiB, 39.58 W
2026/09/20 16:18:39.808, 1, 0 %, 0 %, 35270 MiB, 39.16 W
2026/09/20 16:18:39.808, 2, 0 %, 0 %, 35270 MiB, 37.79 W
2026/09/20 16:18:44.808, 0, 0 %, 0 %, 35270 MiB, 39.50 W
2026/09/20 16:18:44.808, 1, 0 %, 0 %, 35270 MiB, 38.97 W
2026/09/20 16:18:44.808, 2, 0 %, 0 %, 35270 MiB, 37.80 W
2026/09/20 16:18:49.809, 0, 0 %, 0 %, 35270 MiB, 39.60 W
2026/09/20 16:18:49.810, 1, 0 %, 0 %, 35270 MiB, 38.97 W
2026/09/20 16:18:49.810, 2, 0 %, 0 %, 35270 MiB, 37.80 W
2026/09/20 16:18:54.810, 0, 0 %, 0 %, 35270 MiB, 39.80 W
2026/09/20 16:18:54.811, 1, 0 %, 0 %, 35270 MiB, 39.27 W
2026/09/20 16:18:54.811, 2, 0 %, 0 %, 35270 MiB, 37.90 W
2026/09/20 16:18:59.811, 0, 0 %, 0 %, 35270 MiB, 39.57 W
2026/09/20 16:18:59.812, 1, 0 %, 0 %, 35270 MiB, 39.05 W
2026/09/20 16:18:59.812, 2, 0 %, 0 %, 35270 MiB, 37.77 W
2026/09/20 16:19:04.813, 0, 0 %, 0 %, 35270 MiB, 39.65 W
2026/09/20 16:19:04.813, 1, 0 %, 0 %, 35270 MiB, 39.03 W
2026/09/20 16:19:04.813, 2, 0 %, 0 %, 35270 MiB, 37.86 W
2026/09/20 16:19:09.814, 0, 0 %, 0 %, 35270 MiB, 39.69 W
2026/09/20 16:19:09.814, 1, 0 %, 0 %, 35270 MiB, 38.85 W
2026/09/20 16:19:09.815, 2, 0 %, 0 %, 35270 MiB, 37.68 W
2026/09/20 16:19:14.815, 0, 0 %, 0 %, 35270 MiB, 39.65 W
2026/09/20 16:19:14.815, 1, 0 %, 0 %, 35270 MiB, 39.02 W
2026/09/20 16:19:14.815, 2, 0 %, 0 %, 35270 MiB, 37.94 W
2026/09/20 16:19:19.816, 0, 0 %, 0 %, 35270 MiB, 39.67 W
2026/09/20 16:19:19.817, 1, 0 %, 0 %, 35270 MiB, 38.85 W
2026/09/20 16:19:19.817, 2, 0 %, 0 %, 35270 MiB, 37.77 W
2026/09/20 16:19:24.817, 0, 0 %, 0 %, 35270 MiB, 39.39 W
2026/09/20 16:19:24.817, 1, 0 %, 0 %, 35270 MiB, 38.88 W
2026/09/20 16:19:24.817, 2, 0 %, 0 %, 35270 MiB, 37.77 W
2026/09/20 16:19:29.819, 0, 0 %, 0 %, 35270 MiB, 39.29 W
2026/09/20 16:19:29.819, 1, 0 %, 0 %, 35270 MiB, 38.77 W
2026/09/20 16:19:29.820, 2, 0 %, 0 %, 35270 MiB, 37.77 W
2026/09/20 16:19:34.820, 0, 0 %, 0 %, 35270 MiB, 39.40 W
2026/09/20 16:19:34.820, 1, 0 %, 0 %, 35270 MiB, 38.78 W
2026/09/20 16:19:34.820, 2, 0 %, 0 %, 35270 MiB, 37.60 W
2026/09/20 16:19:39.821, 0, 0 %, 0 %, 35270 MiB, 39.40 W
2026/09/20 16:19:39.821, 1, 0 %, 0 %, 35270 MiB, 38.77 W
2026/09/20 16:19:39.821, 2, 0 %, 0 %, 35270 MiB, 37.58 W
2026/09/20 16:19:44.821, 0, 0 %, 0 %, 35270 MiB, 39.37 W
2026/09/20 16:19:44.822, 1, 0 %, 0 %, 35270 MiB, 38.85 W
2026/09/20 16:19:44.822, 2, 0 %, 0 %, 35270 MiB, 37.47 W
2026/09/20 16:19:49.822, 0, 0 %, 0 %, 35270 MiB, 39.58 W
2026/09/20 16:19:49.823, 1, 0 %, 0 %, 35270 MiB, 38.95 W
2026/09/20 16:19:49.823, 2, 0 %, 0 %, 35270 MiB, 37.47 W
2026/09/20 16:19:54.824, 0, 0 %, 0 %, 35270 MiB, 39.35 W
2026/09/20 16:19:54.824, 1, 0 %, 0 %, 35270 MiB, 38.92 W
2026/09/20 16:19:54.825, 2, 0 %, 0 %, 35270 MiB, 37.65 W
2026/09/20 16:19:59.825, 0, 0 %, 0 %, 35270 MiB, 39.38 W
2026/09/20 16:19:59.826, 1, 0 %, 0 %, 35270 MiB, 38.85 W
2026/09/20 16:19:59.826, 2, 0 %, 0 %, 35270 MiB, 37.56 W
2026/09/20 16:20:04.826, 0, 0 %, 0 %, 35270 MiB, 39.47 W
2026/09/20 16:20:04.827, 1, 0 %, 0 %, 35270 MiB, 38.85 W
2026/09/20 16:20:04.827, 2, 0 %, 0 %, 35270 MiB, 37.56 W
2026/09/20 16:20:09.828, 0, 0 %, 0 %, 35270 MiB, 39.45 W
2026/09/20 16:20:09.828, 1, 0 %, 0 %, 35270 MiB, 38.92 W
2026/09/20 16:20:09.828, 2, 0 %, 0 %, 35270 MiB, 37.75 W
2026/09/20 16:20:14.829, 0, 0 %, 0 %, 35270 MiB, 39.47 W
2026/09/20 16:20:14.829, 1, 0 %, 0 %, 35270 MiB, 38.74 W
2026/09/20 16:20:14.829, 2, 0 %, 0 %, 35270 MiB, 37.55 W
2026/09/20 16:20:19.830, 0, 0 %, 0 %, 35270 MiB, 39.47 W
2026/09/20 16:20:19.831, 1, 0 %, 0 %, 35270 MiB, 38.65 W
2026/09/20 16:20:19.831, 2, 0 %, 0 %, 35270 MiB, 37.58 W
2026/09/20 16:20:24.831, 0, 0 %, 0 %, 35270 MiB, 39.49 W
2026/09/20 16:20:24.832, 1, 0 %, 0 %, 35270 MiB, 38.77 W
2026/09/20 16:20:24.832, 2, 0 %, 0 %, 35270 MiB, 37.58 W
2026/09/20 16:20:29.833, 0, 0 %, 0 %, 35270 MiB, 39.25 W
2026/09/20 16:20:29.834, 1, 0 %, 0 %, 35270 MiB, 38.53 W
2026/09/20 16:20:29.834, 2, 0 %, 0 %, 35270 MiB, 37.76 W
2026/09/20 16:20:34.835, 0, 0 %, 0 %, 35270 MiB, 39.25 W
2026/09/20 16:20:34.835, 1, 0 %, 0 %, 35270 MiB, 38.63 W
2026/09/20 16:20:34.835, 2, 0 %, 0 %, 35270 MiB, 37.56 W
2026/09/20 16:20:39.837, 0, 0 %, 0 %, 35270 MiB, 39.18 W
2026/09/20 16:20:39.837, 1, 0 %, 0 %, 35270 MiB, 38.56 W
2026/09/20 16:20:39.838, 2, 0 %, 0 %, 35270 MiB, 37.37 W
2026/09/20 16:20:44.839, 0, 0 %, 0 %, 35270 MiB, 39.21 W
2026/09/20 16:20:44.839, 1, 0 %, 0 %, 35270 MiB, 38.77 W
2026/09/20 16:20:44.840, 2, 0 %, 0 %, 35270 MiB, 37.37 W
2026/09/20 16:20:49.841, 0, 0 %, 0 %, 35270 MiB, 39.08 W
2026/09/20 16:20:49.841, 1, 0 %, 0 %, 35270 MiB, 38.65 W
2026/09/20 16:20:49.841, 2, 0 %, 0 %, 35270 MiB, 37.47 W
2026/09/20 16:20:54.844, 0, 0 %, 0 %, 35270 MiB, 39.17 W
2026/09/20 16:20:54.844, 1, 0 %, 0 %, 35270 MiB, 38.63 W
2026/09/20 16:20:54.845, 2, 0 %, 0 %, 35270 MiB, 37.35 W
2026/09/20 16:20:59.845, 0, 0 %, 0 %, 35270 MiB, 39.39 W
2026/09/20 16:20:59.846, 1, 0 %, 0 %, 35270 MiB, 38.85 W
2026/09/20 16:20:59.846, 2, 0 %, 0 %, 35270 MiB, 37.26 W
2026/09/20 16:21:04.847, 0, 0 %, 0 %, 35270 MiB, 39.16 W
2026/09/20 16:21:04.848, 1, 0 %, 0 %, 35270 MiB, 38.63 W
2026/09/20 16:21:04.848, 2, 0 %, 0 %, 35270 MiB, 37.35 W
2026/09/20 16:21:09.850, 0, 0 %, 0 %, 35270 MiB, 39.17 W
2026/09/20 16:21:09.851, 1, 0 %, 0 %, 35270 MiB, 38.75 W
2026/09/20 16:21:09.851, 2, 0 %, 0 %, 35270 MiB, 37.46 W
2026/09/20 16:21:14.852, 0, 0 %, 0 %, 35270 MiB, 39.26 W
2026/09/20 16:21:14.853, 1, 0 %, 0 %, 35270 MiB, 38.73 W
2026/09/20 16:21:14.853, 2, 0 %, 0 %, 35270 MiB, 37.44 W
2026/09/20 16:21:19.853, 0, 0 %, 0 %, 35270 MiB, 39.35 W
2026/09/20 16:21:19.854, 1, 0 %, 0 %, 35270 MiB, 38.53 W
2026/09/20 16:21:19.854, 2, 0 %, 0 %, 35270 MiB, 37.44 W
2026/09/20 16:21:24.854, 0, 0 %, 0 %, 35270 MiB, 39.29 W
2026/09/20 16:21:24.855, 1, 0 %, 0 %, 35270 MiB, 38.46 W
2026/09/20 16:21:24.855, 2, 0 %, 0 %, 35270 MiB, 37.44 W
2026/09/20 16:21:29.856, 0, 0 %, 0 %, 35270 MiB, 39.17 W
2026/09/20 16:21:29.856, 1, 0 %, 0 %, 35270 MiB, 38.45 W
2026/09/20 16:21:29.856, 2, 0 %, 0 %, 35270 MiB, 37.35 W
2026/09/20 16:21:34.863, 0, 0 %, 0 %, 35270 MiB, 39.18 W
2026/09/20 16:21:34.863, 1, 0 %, 0 %, 35270 MiB, 38.63 W
2026/09/20 16:21:34.864, 2, 0 %, 0 %, 35270 MiB, 37.37 W
2026/09/20 16:21:39.865, 0, 0 %, 0 %, 35270 MiB, 38.98 W
2026/09/20 16:21:39.866, 1, 0 %, 0 %, 35270 MiB, 38.36 W
2026/09/20 16:21:39.866, 2, 0 %, 0 %, 35270 MiB, 37.33 W
2026/09/20 16:21:44.866, 0, 0 %, 0 %, 35270 MiB, 39.01 W
2026/09/20 16:21:44.867, 1, 0 %, 0 %, 35270 MiB, 38.49 W
2026/09/20 16:21:44.867, 2, 0 %, 0 %, 35270 MiB, 37.58 W
2026/09/20 16:21:49.868, 0, 0 %, 0 %, 35270 MiB, 39.07 W
2026/09/20 16:21:49.869, 1, 0 %, 0 %, 35270 MiB, 38.45 W
2026/09/20 16:21:49.869, 2, 0 %, 0 %, 35270 MiB, 37.25 W
2026/09/20 16:21:54.870, 0, 0 %, 0 %, 35270 MiB, 39.25 W
2026/09/20 16:21:54.870, 1, 0 %, 0 %, 35270 MiB, 38.63 W
2026/09/20 16:21:54.870, 2, 0 %, 0 %, 35270 MiB, 37.24 W
2026/09/20 16:21:59.872, 0, 0 %, 0 %, 35270 MiB, 39.06 W
2026/09/20 16:21:59.873, 1, 0 %, 0 %, 35270 MiB, 38.63 W
2026/09/20 16:21:59.873, 2, 0 %, 0 %, 35270 MiB, 37.25 W
2026/09/20 16:22:04.874, 0, 0 %, 0 %, 35270 MiB, 39.06 W
2026/09/20 16:22:04.874, 1, 0 %, 0 %, 35270 MiB, 38.63 W
2026/09/20 16:22:04.875, 2, 0 %, 0 %, 35270 MiB, 37.54 W
2026/09/20 16:22:09.875, 0, 0 %, 0 %, 35270 MiB, 38.99 W
2026/09/20 16:22:09.876, 1, 0 %, 0 %, 35270 MiB, 38.49 W
2026/09/20 16:22:09.876, 2, 0 %, 0 %, 35270 MiB, 37.27 W
2026/09/20 16:22:14.877, 0, 0 %, 0 %, 35270 MiB, 39.15 W
2026/09/20 16:22:14.877, 1, 0 %, 0 %, 35270 MiB, 38.53 W
2026/09/20 16:22:14.877, 2, 0 %, 0 %, 35270 MiB, 37.14 W
2026/09/20 16:22:19.879, 0, 19 %, 1 %, 35270 MiB, 39.08 W
2026/09/20 16:22:19.880, 1, 0 %, 0 %, 35270 MiB, 38.46 W
2026/09/20 16:22:19.880, 2, 0 %, 0 %, 35270 MiB, 37.25 W
2026/09/20 16:22:24.881, 0, 0 %, 0 %, 35270 MiB, 45.96 W
2026/09/20 16:22:24.881, 1, 0 %, 0 %, 35270 MiB, 38.04 W
2026/09/20 16:22:24.881, 2, 0 %, 0 %, 35270 MiB, 37.35 W
2026/09/20 16:22:29.881, 0, 0 %, 0 %, 35270 MiB, 45.42 W
2026/09/20 16:22:29.882, 1, 0 %, 0 %, 35270 MiB, 38.16 W
2026/09/20 16:22:29.882, 2, 0 %, 0 %, 35270 MiB, 37.27 W
2026/09/20 16:22:34.883, 0, 0 %, 0 %, 35270 MiB, 38.97 W
2026/09/20 16:22:34.883, 1, 0 %, 0 %, 35270 MiB, 37.95 W
2026/09/20 16:22:34.883, 2, 0 %, 0 %, 35270 MiB, 37.15 W
2026/09/20 16:22:39.885, 0, 0 %, 0 %, 35270 MiB, 38.86 W
2026/09/20 16:22:39.886, 1, 0 %, 0 %, 35270 MiB, 37.94 W
2026/09/20 16:22:39.886, 2, 0 %, 0 %, 35270 MiB, 37.36 W
2026/09/20 16:22:44.887, 0, 0 %, 0 %, 35270 MiB, 38.90 W
2026/09/20 16:22:44.887, 1, 0 %, 0 %, 35270 MiB, 38.25 W
2026/09/20 16:22:44.887, 2, 0 %, 0 %, 35270 MiB, 37.26 W
2026/09/20 16:22:49.889, 0, 0 %, 0 %, 35270 MiB, 38.99 W
2026/09/20 16:22:49.890, 1, 0 %, 0 %, 35270 MiB, 38.37 W
2026/09/20 16:22:49.890, 2, 0 %, 0 %, 35270 MiB, 37.17 W
2026/09/20 16:22:54.891, 0, 0 %, 0 %, 35270 MiB, 38.86 W
2026/09/20 16:22:54.892, 1, 0 %, 0 %, 35270 MiB, 38.23 W
2026/09/20 16:22:54.892, 2, 0 %, 0 %, 35270 MiB, 37.04 W
2026/09/20 16:22:59.893, 0, 0 %, 0 %, 35270 MiB, 38.74 W
2026/09/20 16:22:59.893, 1, 0 %, 0 %, 35270 MiB, 38.22 W
2026/09/20 16:22:59.894, 2, 0 %, 0 %, 35270 MiB, 37.13 W
2026/09/20 16:23:04.895, 0, 0 %, 0 %, 35270 MiB, 38.76 W
2026/09/20 16:23:04.896, 1, 0 %, 0 %, 35270 MiB, 38.44 W
2026/09/20 16:23:04.896, 2, 0 %, 0 %, 35270 MiB, 37.15 W
2026/09/20 16:23:09.897, 0, 0 %, 0 %, 35270 MiB, 38.74 W
2026/09/20 16:23:09.897, 1, 0 %, 0 %, 35270 MiB, 38.23 W
2026/09/20 16:23:09.898, 2, 0 %, 0 %, 35270 MiB, 37.03 W
2026/09/20 16:23:14.898, 0, 0 %, 0 %, 35270 MiB, 39.14 W
2026/09/20 16:23:14.899, 1, 0 %, 0 %, 35270 MiB, 38.22 W
2026/09/20 16:23:14.899, 2, 0 %, 0 %, 35270 MiB, 37.03 W
2026/09/20 16:23:19.899, 0, 0 %, 0 %, 35270 MiB, 43.02 W
2026/09/20 16:23:19.900, 1, 0 %, 0 %, 35270 MiB, 38.24 W
2026/09/20 16:23:19.900, 2, 0 %, 0 %, 35270 MiB, 37.06 W
2026/09/20 16:23:24.901, 0, 5 %, 0 %, 35270 MiB, 38.85 W
2026/09/20 16:23:24.902, 1, 0 %, 0 %, 35270 MiB, 38.23 W
2026/09/20 16:23:24.902, 2, 0 %, 0 %, 35270 MiB, 36.94 W
2026/09/20 16:23:29.903, 0, 25 %, 1 %, 35270 MiB, 38.75 W
2026/09/20 16:23:29.904, 1, 0 %, 0 %, 35270 MiB, 38.23 W
2026/09/20 16:23:29.904, 2, 0 %, 0 %, 35270 MiB, 37.04 W
2026/09/20 16:23:34.905, 0, 25 %, 1 %, 35270 MiB, 38.75 W
2026/09/20 16:23:34.906, 1, 0 %, 0 %, 35270 MiB, 38.03 W
2026/09/20 16:23:34.906, 2, 0 %, 0 %, 35270 MiB, 37.24 W
2026/09/20 16:23:39.906, 0, 0 %, 0 %, 35270 MiB, 38.86 W
2026/09/20 16:23:39.907, 1, 0 %, 0 %, 35270 MiB, 38.13 W
2026/09/20 16:23:39.907, 2, 0 %, 0 %, 35270 MiB, 37.04 W
2026/09/20 16:23:44.908, 0, 0 %, 0 %, 35270 MiB, 38.96 W
2026/09/20 16:23:44.908, 1, 0 %, 0 %, 35270 MiB, 38.13 W
2026/09/20 16:23:44.909, 2, 0 %, 0 %, 35270 MiB, 37.55 W
2026/09/20 16:23:49.910, 0, 15 %, 1 %, 35270 MiB, 38.65 W
2026/09/20 16:23:49.911, 1, 8 %, 0 %, 35270 MiB, 38.13 W
2026/09/20 16:23:49.911, 2, 0 %, 0 %, 35270 MiB, 37.04 W
2026/09/20 16:23:54.912, 0, 25 %, 1 %, 35270 MiB, 38.75 W
2026/09/20 16:23:54.913, 1, 17 %, 1 %, 35270 MiB, 38.44 W
2026/09/20 16:23:54.913, 2, 0 %, 0 %, 35270 MiB, 37.24 W
2026/09/20 16:23:59.914, 0, 20 %, 1 %, 35270 MiB, 38.96 W
2026/09/20 16:23:59.914, 1, 0 %, 0 %, 35270 MiB, 38.23 W
2026/09/20 16:23:59.915, 2, 0 %, 0 %, 35270 MiB, 36.94 W
2026/09/20 16:24:04.916, 0, 0 %, 0 %, 35270 MiB, 38.74 W
2026/09/20 16:24:04.917, 1, 0 %, 0 %, 35270 MiB, 38.33 W
2026/09/20 16:24:04.917, 2, 0 %, 0 %, 35270 MiB, 36.94 W
2026/09/20 16:24:09.918, 0, 0 %, 0 %, 35270 MiB, 38.78 W
2026/09/20 16:24:09.918, 1, 0 %, 0 %, 35270 MiB, 38.25 W
2026/09/20 16:24:09.918, 2, 0 %, 0 %, 35270 MiB, 37.06 W
2026/09/20 16:24:14.920, 0, 0 %, 0 %, 35270 MiB, 38.90 W
2026/09/20 16:24:14.920, 1, 0 %, 0 %, 35270 MiB, 38.36 W
2026/09/20 16:24:14.920, 2, 0 %, 0 %, 35270 MiB, 37.15 W
2026/09/20 16:24:19.921, 0, 0 %, 0 %, 35270 MiB, 38.99 W
2026/09/20 16:24:19.921, 1, 0 %, 0 %, 35270 MiB, 38.25 W
2026/09/20 16:24:19.921, 2, 0 %, 0 %, 35270 MiB, 37.16 W
2026/09/20 16:24:24.921, 0, 0 %, 0 %, 35270 MiB, 38.90 W
2026/09/20 16:24:24.922, 1, 0 %, 0 %, 35270 MiB, 48.44 W
2026/09/20 16:24:24.922, 2, 0 %, 0 %, 35270 MiB, 37.06 W
2026/09/20 16:24:29.923, 0, 0 %, 0 %, 35270 MiB, 38.86 W
2026/09/20 16:24:29.924, 1, 24 %, 1 %, 35270 MiB, 38.63 W
2026/09/20 16:24:29.924, 2, 0 %, 0 %, 35270 MiB, 37.04 W
2026/09/20 16:24:34.925, 0, 0 %, 0 %, 35270 MiB, 39.06 W
2026/09/20 16:24:34.925, 1, 0 %, 0 %, 35270 MiB, 38.44 W
2026/09/20 16:24:34.926, 2, 0 %, 0 %, 35270 MiB, 37.24 W
2026/09/20 16:24:39.930, 0, 0 %, 0 %, 35270 MiB, 38.96 W
2026/09/20 16:24:39.931, 1, 0 %, 0 %, 35270 MiB, 38.42 W
2026/09/20 16:24:39.931, 2, 0 %, 0 %, 35270 MiB, 37.24 W
2026/09/20 16:24:44.932, 0, 0 %, 0 %, 35270 MiB, 38.96 W
2026/09/20 16:24:44.933, 1, 0 %, 0 %, 35270 MiB, 38.33 W
2026/09/20 16:24:44.933, 2, 0 %, 0 %, 35270 MiB, 37.24 W
2026/09/20 16:24:49.934, 0, 0 %, 0 %, 35270 MiB, 39.06 W
2026/09/20 16:24:49.935, 1, 0 %, 0 %, 35270 MiB, 38.33 W
2026/09/20 16:24:49.935, 2, 0 %, 0 %, 35270 MiB, 37.24 W
2026/09/20 16:24:54.936, 0, 0 %, 0 %, 35270 MiB, 39.04 W
2026/09/20 16:24:54.936, 1, 0 %, 0 %, 35270 MiB, 38.31 W
2026/09/20 16:24:54.936, 2, 0 %, 0 %, 35270 MiB, 37.23 W
2026/09/20 16:24:59.937, 0, 0 %, 0 %, 35270 MiB, 38.86 W
2026/09/20 16:24:59.938, 1, 0 %, 0 %, 35270 MiB, 38.33 W
2026/09/20 16:24:59.938, 2, 0 %, 0 %, 35270 MiB, 37.24 W
2026/09/20 16:25:04.939, 0, 0 %, 0 %, 35270 MiB, 38.87 W
2026/09/20 16:25:04.939, 1, 0 %, 0 %, 35270 MiB, 38.33 W
2026/09/20 16:25:04.940, 2, 0 %, 0 %, 35270 MiB, 37.35 W
2026/09/20 16:25:09.941, 0, 0 %, 0 %, 35270 MiB, 39.07 W
2026/09/20 16:25:09.941, 1, 5 %, 0 %, 35270 MiB, 40.22 W
2026/09/20 16:25:09.941, 2, 0 %, 0 %, 35270 MiB, 38.15 W
2026/09/20 16:25:14.942, 0, 0 %, 0 %, 35270 MiB, 38.87 W
2026/09/20 16:25:14.942, 1, 0 %, 0 %, 35270 MiB, 38.35 W
2026/09/20 16:25:14.943, 2, 0 %, 0 %, 35270 MiB, 37.15 W
2026/09/20 16:25:19.943, 0, 0 %, 0 %, 35270 MiB, 38.99 W
2026/09/20 16:25:19.944, 1, 25 %, 1 %, 35270 MiB, 38.45 W
2026/09/20 16:25:19.944, 2, 0 %, 0 %, 35270 MiB, 37.15 W
2026/09/20 16:25:24.944, 0, 0 %, 0 %, 35270 MiB, 38.89 W
2026/09/20 16:25:24.945, 1, 0 %, 0 %, 35270 MiB, 38.75 W
2026/09/20 16:25:24.945, 2, 0 %, 0 %, 35270 MiB, 37.24 W
2026/09/20 16:25:29.945, 0, 0 %, 0 %, 35270 MiB, 38.98 W
2026/09/20 16:25:29.946, 1, 0 %, 0 %, 35270 MiB, 38.36 W
2026/09/20 16:25:29.946, 2, 0 %, 0 %, 35270 MiB, 37.16 W
2026/09/20 16:25:34.946, 0, 0 %, 0 %, 35270 MiB, 38.96 W
2026/09/20 16:25:34.947, 1, 19 %, 1 %, 35270 MiB, 46.85 W
2026/09/20 16:25:34.947, 2, 0 %, 0 %, 35270 MiB, 37.14 W
2026/09/20 16:25:39.948, 0, 0 %, 0 %, 35270 MiB, 38.96 W
2026/09/20 16:25:39.948, 1, 0 %, 0 %, 35270 MiB, 38.33 W
2026/09/20 16:25:39.948, 2, 0 %, 0 %, 35270 MiB, 37.14 W
2026/09/20 16:25:44.949, 0, 0 %, 0 %, 35270 MiB, 38.99 W
2026/09/20 16:25:44.950, 1, 10 %, 0 %, 35270 MiB, 47.05 W
2026/09/20 16:25:44.950, 2, 0 %, 0 %, 35270 MiB, 37.44 W
2026/09/20 16:25:49.951, 0, 0 %, 0 %, 35270 MiB, 39.07 W
2026/09/20 16:25:49.951, 1, 0 %, 0 %, 35270 MiB, 38.25 W
2026/09/20 16:25:49.951, 2, 0 %, 0 %, 35270 MiB, 37.15 W
2026/09/20 16:25:54.952, 0, 0 %, 0 %, 35270 MiB, 38.99 W
2026/09/20 16:25:54.953, 1, 25 %, 1 %, 35270 MiB, 38.35 W
2026/09/20 16:25:54.953, 2, 0 %, 0 %, 35270 MiB, 37.27 W
2026/09/20 16:25:59.954, 0, 0 %, 0 %, 35270 MiB, 38.97 W
2026/09/20 16:25:59.955, 1, 0 %, 0 %, 35270 MiB, 38.33 W
2026/09/20 16:25:59.955, 2, 0 %, 0 %, 35270 MiB, 37.35 W
2026/09/20 16:26:04.956, 0, 0 %, 0 %, 35270 MiB, 39.06 W
2026/09/20 16:26:04.956, 1, 0 %, 0 %, 35270 MiB, 38.23 W
2026/09/20 16:26:04.956, 2, 0 %, 0 %, 35270 MiB, 37.35 W
2026/09/20 16:26:09.957, 0, 0 %, 0 %, 35270 MiB, 38.87 W
2026/09/20 16:26:09.958, 1, 0 %, 0 %, 35270 MiB, 38.44 W
2026/09/20 16:26:09.958, 2, 0 %, 0 %, 35270 MiB, 37.24 W
2026/09/20 16:26:14.959, 0, 0 %, 0 %, 35270 MiB, 38.86 W
2026/09/20 16:26:14.959, 1, 0 %, 0 %, 35270 MiB, 38.23 W
2026/09/20 16:26:14.960, 2, 0 %, 0 %, 35270 MiB, 37.14 W
2026/09/20 16:26:19.961, 0, 0 %, 0 %, 35270 MiB, 38.84 W
2026/09/20 16:26:19.962, 1, 0 %, 0 %, 35270 MiB, 38.23 W
2026/09/20 16:26:19.962, 2, 0 %, 0 %, 35270 MiB, 37.14 W
2026/09/20 16:26:24.963, 0, 0 %, 0 %, 35270 MiB, 38.95 W
2026/09/20 16:26:24.963, 1, 0 %, 0 %, 35270 MiB, 38.31 W
2026/09/20 16:26:24.964, 2, 0 %, 0 %, 35270 MiB, 37.11 W
2026/09/20 16:26:29.964, 0, 0 %, 0 %, 35270 MiB, 38.89 W
2026/09/20 16:26:29.965, 1, 0 %, 0 %, 35270 MiB, 38.35 W
2026/09/20 16:26:29.965, 2, 0 %, 0 %, 35270 MiB, 37.16 W
2026/09/20 16:26:34.966, 0, 0 %, 0 %, 35270 MiB, 38.86 W
2026/09/20 16:26:34.966, 1, 0 %, 0 %, 35270 MiB, 38.33 W
2026/09/20 16:26:34.966, 2, 0 %, 0 %, 35270 MiB, 37.16 W
2026/09/20 16:26:39.968, 0, 0 %, 0 %, 35270 MiB, 38.88 W
2026/09/20 16:26:39.968, 1, 0 %, 0 %, 35270 MiB, 38.45 W
2026/09/20 16:26:39.968, 2, 0 %, 0 %, 35270 MiB, 37.44 W
2026/09/20 16:26:44.970, 0, 0 %, 0 %, 35270 MiB, 39.04 W
2026/09/20 16:26:44.970, 1, 0 %, 0 %, 35270 MiB, 38.62 W
2026/09/20 16:26:44.970, 2, 0 %, 0 %, 35270 MiB, 37.23 W
2026/09/20 16:26:49.971, 0, 0 %, 0 %, 35270 MiB, 38.89 W
2026/09/20 16:26:49.972, 1, 0 %, 0 %, 35270 MiB, 38.46 W
2026/09/20 16:26:49.972, 2, 0 %, 0 %, 35270 MiB, 37.26 W
2026/09/20 16:26:54.973, 0, 0 %, 0 %, 35270 MiB, 38.96 W
2026/09/20 16:26:54.973, 1, 0 %, 0 %, 35270 MiB, 38.23 W
2026/09/20 16:26:54.973, 2, 0 %, 0 %, 35270 MiB, 37.24 W
2026/09/20 16:26:59.975, 0, 0 %, 0 %, 35270 MiB, 39.24 W
2026/09/20 16:26:59.975, 1, 0 %, 0 %, 35270 MiB, 38.23 W
2026/09/20 16:26:59.975, 2, 0 %, 0 %, 35270 MiB, 37.44 W
2026/09/20 16:27:04.977, 0, 0 %, 0 %, 35270 MiB, 39.06 W
2026/09/20 16:27:04.978, 1, 0 %, 0 %, 35270 MiB, 38.44 W
2026/09/20 16:27:04.978, 2, 0 %, 0 %, 35270 MiB, 37.35 W
2026/09/20 16:27:09.979, 0, 0 %, 0 %, 35270 MiB, 38.97 W
2026/09/20 16:27:09.979, 1, 0 %, 0 %, 35270 MiB, 38.25 W
2026/09/20 16:27:09.980, 2, 0 %, 0 %, 35270 MiB, 37.25 W
2026/09/20 16:27:14.981, 0, 0 %, 0 %, 35270 MiB, 38.87 W
2026/09/20 16:27:14.982, 1, 0 %, 0 %, 35270 MiB, 38.35 W
2026/09/20 16:27:14.982, 2, 0 %, 0 %, 35270 MiB, 37.25 W
2026/09/20 16:27:19.982, 0, 0 %, 0 %, 35270 MiB, 39.05 W
2026/09/20 16:27:19.983, 1, 0 %, 0 %, 35270 MiB, 38.33 W
2026/09/20 16:27:19.983, 2, 0 %, 0 %, 35270 MiB, 37.54 W
2026/09/20 16:27:24.984, 0, 0 %, 0 %, 35270 MiB, 38.94 W
2026/09/20 16:27:24.984, 1, 0 %, 0 %, 35270 MiB, 38.33 W
2026/09/20 16:27:24.984, 2, 0 %, 0 %, 35270 MiB, 37.14 W
2026/09/20 16:27:29.986, 0, 0 %, 0 %, 35270 MiB, 38.89 W
2026/09/20 16:27:29.986, 1, 0 %, 0 %, 35270 MiB, 38.36 W
2026/09/20 16:27:29.986, 2, 0 %, 0 %, 35270 MiB, 37.15 W
2026/09/20 16:27:34.987, 0, 0 %, 0 %, 35270 MiB, 38.80 W
2026/09/20 16:27:34.988, 1, 0 %, 0 %, 35270 MiB, 38.36 W
2026/09/20 16:27:34.988, 2, 0 %, 0 %, 35270 MiB, 37.16 W
2026/09/20 16:27:39.989, 0, 0 %, 0 %, 35270 MiB, 38.96 W
2026/09/20 16:27:39.989, 1, 0 %, 0 %, 35270 MiB, 38.44 W
2026/09/20 16:27:39.990, 2, 0 %, 0 %, 35270 MiB, 37.25 W
2026/09/20 16:27:44.990, 0, 0 %, 0 %, 35270 MiB, 38.87 W
2026/09/20 16:27:44.991, 1, 0 %, 0 %, 35270 MiB, 38.36 W
2026/09/20 16:27:44.991, 2, 0 %, 0 %, 35270 MiB, 37.15 W
2026/09/20 16:27:49.992, 0, 0 %, 0 %, 35270 MiB, 38.79 W
2026/09/20 16:27:49.993, 1, 0 %, 0 %, 35270 MiB, 38.36 W
2026/09/20 16:27:49.993, 2, 0 %, 0 %, 35270 MiB, 37.17 W
2026/09/20 16:27:54.993, 0, 0 %, 0 %, 35270 MiB, 39.01 W
2026/09/20 16:27:54.994, 1, 0 %, 0 %, 35270 MiB, 38.28 W
2026/09/20 16:27:54.994, 2, 0 %, 0 %, 35270 MiB, 37.09 W
2026/09/20 16:27:59.994, 0, 0 %, 0 %, 35270 MiB, 38.90 W
2026/09/20 16:27:59.995, 1, 0 %, 0 %, 35270 MiB, 38.36 W
2026/09/20 16:27:59.995, 2, 0 %, 0 %, 35270 MiB, 37.16 W
2026/09/20 16:28:04.995, 0, 0 %, 0 %, 35270 MiB, 38.89 W
2026/09/20 16:28:04.996, 1, 0 %, 0 %, 35270 MiB, 38.06 W
2026/09/20 16:28:04.996, 2, 0 %, 0 %, 35270 MiB, 37.15 W
2026/09/20 16:28:09.996, 0, 0 %, 0 %, 35270 MiB, 38.96 W
2026/09/20 16:28:09.997, 1, 0 %, 0 %, 35270 MiB, 38.03 W
2026/09/20 16:28:09.997, 2, 0 %, 0 %, 35270 MiB, 37.14 W
2026/09/20 16:28:14.997, 0, 0 %, 0 %, 35270 MiB, 39.07 W
2026/09/20 16:28:14.997, 1, 0 %, 0 %, 35270 MiB, 38.25 W
2026/09/20 16:28:14.998, 2, 0 %, 0 %, 35270 MiB, 37.36 W
2026/09/20 16:28:19.999, 0, 0 %, 0 %, 35270 MiB, 38.78 W
2026/09/20 16:28:19.999, 1, 0 %, 0 %, 35270 MiB, 38.15 W
2026/09/20 16:28:20.000, 2, 0 %, 0 %, 35270 MiB, 37.16 W
2026/09/20 16:28:25.001, 0, 0 %, 0 %, 35270 MiB, 38.87 W
2026/09/20 16:28:25.001, 1, 0 %, 0 %, 35270 MiB, 38.23 W
2026/09/20 16:28:25.001, 2, 0 %, 0 %, 35270 MiB, 37.25 W
2026/09/20 16:28:30.003, 0, 0 %, 0 %, 35270 MiB, 38.76 W
2026/09/20 16:28:30.003, 1, 0 %, 0 %, 35270 MiB, 38.25 W
2026/09/20 16:28:30.003, 2, 0 %, 0 %, 35270 MiB, 37.04 W
2026/09/20 16:28:35.005, 0, 0 %, 0 %, 35270 MiB, 38.87 W
2026/09/20 16:28:35.005, 1, 0 %, 0 %, 35270 MiB, 38.34 W
2026/09/20 16:28:35.006, 2, 0 %, 0 %, 35270 MiB, 37.24 W
2026/09/20 16:28:40.007, 0, 0 %, 0 %, 35270 MiB, 38.85 W
2026/09/20 16:28:40.008, 1, 0 %, 0 %, 35270 MiB, 38.34 W
2026/09/20 16:28:40.008, 2, 0 %, 0 %, 35270 MiB, 37.14 W
2026/09/20 16:28:45.009, 0, 0 %, 0 %, 35270 MiB, 38.86 W
2026/09/20 16:28:45.009, 1, 0 %, 0 %, 35270 MiB, 38.23 W
2026/09/20 16:28:45.010, 2, 0 %, 0 %, 35270 MiB, 37.14 W
2026/09/20 16:28:50.011, 0, 0 %, 0 %, 35270 MiB, 38.91 W
2026/09/20 16:28:50.011, 1, 0 %, 0 %, 35270 MiB, 38.28 W
2026/09/20 16:28:50.011, 2, 0 %, 0 %, 35270 MiB, 37.15 W
2026/09/20 16:28:55.013, 0, 0 %, 0 %, 35270 MiB, 38.96 W
2026/09/20 16:28:55.013, 1, 0 %, 0 %, 35270 MiB, 38.33 W
2026/09/20 16:28:55.013, 2, 0 %, 0 %, 35270 MiB, 37.23 W
2026/09/20 16:29:00.015, 0, 0 %, 0 %, 35270 MiB, 38.99 W
2026/09/20 16:29:00.015, 1, 0 %, 0 %, 35270 MiB, 38.37 W
2026/09/20 16:29:00.016, 2, 0 %, 0 %, 35270 MiB, 37.16 W
2026/09/20 16:29:05.017, 0, 0 %, 0 %, 35270 MiB, 38.89 W
2026/09/20 16:29:05.017, 1, 0 %, 0 %, 35270 MiB, 38.25 W
2026/09/20 16:29:05.018, 2, 0 %, 0 %, 35270 MiB, 37.06 W
2026/09/20 16:29:10.019, 0, 0 %, 0 %, 35270 MiB, 39.17 W
2026/09/20 16:29:10.020, 1, 0 %, 0 %, 35270 MiB, 38.25 W
2026/09/20 16:29:10.020, 2, 0 %, 0 %, 35270 MiB, 37.15 W
2026/09/20 16:29:15.021, 0, 0 %, 0 %, 35270 MiB, 38.86 W
2026/09/20 16:29:15.021, 1, 0 %, 0 %, 35270 MiB, 38.13 W
2026/09/20 16:29:15.022, 2, 0 %, 0 %, 35270 MiB, 37.14 W
2026/09/20 16:29:20.022, 0, 0 %, 0 %, 35270 MiB, 38.79 W
2026/09/20 16:29:20.023, 1, 0 %, 0 %, 35270 MiB, 38.06 W
2026/09/20 16:29:20.023, 2, 0 %, 0 %, 35270 MiB, 37.06 W
2026/09/20 16:29:25.023, 0, 0 %, 0 %, 35270 MiB, 38.78 W
2026/09/20 16:29:25.024, 1, 0 %, 0 %, 35270 MiB, 38.06 W
2026/09/20 16:29:25.024, 2, 0 %, 0 %, 35270 MiB, 37.06 W
2026/09/20 16:29:30.025, 0, 0 %, 0 %, 35270 MiB, 38.97 W
2026/09/20 16:29:30.026, 1, 0 %, 0 %, 35270 MiB, 38.13 W
2026/09/20 16:29:30.026, 2, 0 %, 0 %, 35270 MiB, 37.24 W
2026/09/20 16:29:35.027, 0, 0 %, 0 %, 35270 MiB, 38.57 W
2026/09/20 16:29:35.028, 1, 0 %, 0 %, 35270 MiB, 38.04 W
2026/09/20 16:29:35.028, 2, 0 %, 0 %, 35270 MiB, 36.94 W
2026/09/20 16:29:40.029, 0, 0 %, 0 %, 35270 MiB, 38.66 W
2026/09/20 16:29:40.030, 1, 0 %, 0 %, 35270 MiB, 38.15 W
2026/09/20 16:29:40.030, 2, 0 %, 0 %, 35270 MiB, 37.06 W
2026/09/20 16:29:45.030, 0, 0 %, 0 %, 35270 MiB, 38.69 W
2026/09/20 16:29:45.031, 1, 0 %, 0 %, 35270 MiB, 38.25 W
2026/09/20 16:29:45.031, 2, 0 %, 0 %, 35270 MiB, 36.88 W
2026/09/20 16:29:50.032, 0, 0 %, 0 %, 35270 MiB, 38.78 W
2026/09/20 16:29:50.032, 1, 0 %, 0 %, 35270 MiB, 38.06 W
2026/09/20 16:29:50.033, 2, 0 %, 0 %, 35270 MiB, 37.16 W
2026/09/20 16:29:55.033, 0, 0 %, 0 %, 35270 MiB, 38.68 W
2026/09/20 16:29:55.034, 1, 0 %, 0 %, 35270 MiB, 38.06 W
2026/09/20 16:29:55.034, 2, 0 %, 0 %, 35270 MiB, 36.96 W
2026/09/20 16:30:00.035, 0, 0 %, 0 %, 35270 MiB, 38.65 W
2026/09/20 16:30:00.035, 1, 0 %, 0 %, 35270 MiB, 38.13 W
2026/09/20 16:30:00.035, 2, 0 %, 0 %, 35270 MiB, 36.94 W
2026/09/20 16:30:05.041, 0, 0 %, 0 %, 35270 MiB, 38.74 W
2026/09/20 16:30:05.042, 1, 0 %, 0 %, 35270 MiB, 38.23 W
2026/09/20 16:30:05.042, 2, 0 %, 0 %, 35270 MiB, 37.03 W
2026/09/20 16:30:10.043, 0, 0 %, 0 %, 35270 MiB, 38.64 W
2026/09/20 16:30:10.044, 1, 0 %, 0 %, 35270 MiB, 38.12 W
2026/09/20 16:30:10.044, 2, 0 %, 0 %, 35270 MiB, 37.03 W
2026/09/20 16:30:15.044, 0, 0 %, 0 %, 35270 MiB, 38.71 W
2026/09/20 16:30:15.045, 1, 0 %, 0 %, 35270 MiB, 38.08 W
2026/09/20 16:30:15.045, 2, 0 %, 0 %, 35270 MiB, 36.99 W
2026/09/20 16:30:20.046, 0, 24 %, 1 %, 35270 MiB, 38.89 W
2026/09/20 16:30:20.047, 1, 0 %, 0 %, 35270 MiB, 38.08 W
2026/09/20 16:30:20.047, 2, 0 %, 0 %, 35270 MiB, 36.96 W
2026/09/20 16:30:25.050, 0, 0 %, 0 %, 35270 MiB, 38.68 W
2026/09/20 16:30:25.050, 1, 0 %, 0 %, 35270 MiB, 37.96 W
2026/09/20 16:30:25.051, 2, 0 %, 0 %, 35270 MiB, 36.96 W
2026/09/20 16:30:30.052, 0, 0 %, 0 %, 35270 MiB, 38.79 W
2026/09/20 16:30:30.053, 1, 0 %, 0 %, 35270 MiB, 37.96 W
2026/09/20 16:30:30.053, 2, 0 %, 0 %, 35270 MiB, 37.06 W
2026/09/20 16:30:35.053, 0, 0 %, 0 %, 35270 MiB, 38.62 W
2026/09/20 16:30:35.053, 1, 0 %, 0 %, 35270 MiB, 37.98 W
2026/09/20 16:30:35.053, 2, 0 %, 0 %, 35270 MiB, 36.99 W
2026/09/20 16:30:40.053, 0, 24 %, 1 %, 35270 MiB, 38.68 W
2026/09/20 16:30:40.054, 1, 0 %, 0 %, 35270 MiB, 38.06 W
2026/09/20 16:30:40.054, 2, 0 %, 0 %, 35270 MiB, 37.08 W
2026/09/20 16:30:45.055, 0, 0 %, 0 %, 35270 MiB, 38.78 W
2026/09/20 16:30:45.056, 1, 0 %, 0 %, 35270 MiB, 38.05 W
2026/09/20 16:30:45.056, 2, 0 %, 0 %, 35270 MiB, 36.96 W
2026/09/20 16:30:50.056, 0, 0 %, 0 %, 35270 MiB, 38.69 W
2026/09/20 16:30:50.057, 1, 0 %, 0 %, 35270 MiB, 38.15 W
2026/09/20 16:30:50.057, 2, 0 %, 0 %, 35270 MiB, 37.06 W
2026/09/20 16:30:55.057, 0, 0 %, 0 %, 35270 MiB, 38.81 W
2026/09/20 16:30:55.058, 1, 0 %, 0 %, 35270 MiB, 38.08 W
2026/09/20 16:30:55.058, 2, 0 %, 0 %, 35270 MiB, 36.99 W
2026/09/20 16:31:00.058, 0, 0 %, 0 %, 35270 MiB, 38.92 W
2026/09/20 16:31:00.059, 1, 0 %, 0 %, 35270 MiB, 38.18 W
2026/09/20 16:31:00.059, 2, 0 %, 0 %, 35270 MiB, 36.89 W
2026/09/20 16:31:05.059, 0, 24 %, 1 %, 35270 MiB, 38.89 W
2026/09/20 16:31:05.060, 1, 0 %, 0 %, 35270 MiB, 38.15 W
2026/09/20 16:31:05.060, 2, 0 %, 0 %, 35270 MiB, 37.18 W
2026/09/20 16:31:10.061, 0, 0 %, 0 %, 35270 MiB, 38.76 W
2026/09/20 16:31:10.061, 1, 0 %, 0 %, 35270 MiB, 38.23 W
2026/09/20 16:31:10.061, 2, 0 %, 0 %, 35270 MiB, 37.06 W
2026/09/20 16:31:15.068, 0, 0 %, 0 %, 35270 MiB, 38.85 W
2026/09/20 16:31:15.068, 1, 0 %, 0 %, 35270 MiB, 38.33 W
2026/09/20 16:31:15.068, 2, 0 %, 0 %, 35270 MiB, 37.04 W
2026/09/20 16:31:20.070, 0, 0 %, 0 %, 35270 MiB, 38.86 W
2026/09/20 16:31:20.070, 1, 0 %, 0 %, 35270 MiB, 38.23 W
2026/09/20 16:31:20.070, 2, 0 %, 0 %, 35270 MiB, 37.04 W
2026/09/20 16:31:25.072, 0, 0 %, 0 %, 35270 MiB, 38.66 W
2026/09/20 16:31:25.072, 1, 0 %, 0 %, 35270 MiB, 37.85 W
2026/09/20 16:31:25.072, 2, 0 %, 0 %, 35270 MiB, 37.04 W
2026/09/20 16:31:30.073, 0, 0 %, 0 %, 35270 MiB, 38.66 W
2026/09/20 16:31:30.074, 1, 0 %, 0 %, 35270 MiB, 37.85 W
2026/09/20 16:31:30.074, 2, 0 %, 0 %, 35270 MiB, 36.94 W
2026/09/20 16:31:35.075, 0, 0 %, 0 %, 35270 MiB, 38.75 W
2026/09/20 16:31:35.075, 1, 0 %, 0 %, 35270 MiB, 37.93 W
2026/09/20 16:31:35.075, 2, 0 %, 0 %, 35270 MiB, 36.84 W
2026/09/20 16:31:40.076, 0, 0 %, 0 %, 35270 MiB, 38.46 W
2026/09/20 16:31:40.077, 1, 0 %, 0 %, 35270 MiB, 37.94 W
2026/09/20 16:31:40.077, 2, 0 %, 0 %, 35270 MiB, 36.84 W
2026/09/20 16:31:45.078, 0, 0 %, 0 %, 35270 MiB, 38.46 W
2026/09/20 16:31:45.078, 1, 0 %, 0 %, 35270 MiB, 37.93 W
2026/09/20 16:31:45.078, 2, 0 %, 0 %, 35270 MiB, 37.04 W
2026/09/20 16:31:50.079, 0, 0 %, 0 %, 35270 MiB, 38.47 W
2026/09/20 16:31:50.079, 1, 0 %, 0 %, 35270 MiB, 38.03 W
2026/09/20 16:31:50.079, 2, 0 %, 0 %, 35270 MiB, 36.74 W
2026/09/20 16:31:55.080, 0, 0 %, 0 %, 35270 MiB, 38.45 W
2026/09/20 16:31:55.080, 1, 0 %, 0 %, 35270 MiB, 37.93 W
2026/09/20 16:31:55.081, 2, 0 %, 0 %, 35270 MiB, 36.84 W
2026/09/20 16:32:00.088, 0, 0 %, 0 %, 35270 MiB, 38.46 W
2026/09/20 16:32:00.088, 1, 0 %, 0 %, 35270 MiB, 37.93 W
2026/09/20 16:32:00.088, 2, 0 %, 0 %, 35270 MiB, 36.74 W
2026/09/20 16:32:05.090, 0, 0 %, 0 %, 35270 MiB, 38.47 W
2026/09/20 16:32:05.090, 1, 0 %, 0 %, 35270 MiB, 37.93 W
2026/09/20 16:32:05.090, 2, 0 %, 0 %, 35270 MiB, 36.86 W
2026/09/20 16:32:10.092, 0, 0 %, 0 %, 35270 MiB, 38.56 W
2026/09/20 16:32:10.093, 1, 0 %, 0 %, 35270 MiB, 38.14 W
2026/09/20 16:32:10.093, 2, 0 %, 0 %, 35270 MiB, 37.06 W
2026/09/20 16:32:15.094, 0, 0 %, 0 %, 35270 MiB, 38.65 W
2026/09/20 16:32:15.094, 1, 0 %, 0 %, 35270 MiB, 37.93 W
2026/09/20 16:32:15.094, 2, 0 %, 0 %, 35270 MiB, 36.94 W
2026/09/20 16:32:20.095, 0, 0 %, 0 %, 35270 MiB, 38.58 W
2026/09/20 16:32:20.095, 1, 0 %, 0 %, 35270 MiB, 38.06 W
2026/09/20 16:32:20.096, 2, 0 %, 0 %, 35270 MiB, 37.04 W
2026/09/20 16:32:25.097, 0, 0 %, 0 %, 35270 MiB, 38.65 W
2026/09/20 16:32:25.097, 1, 0 %, 0 %, 35270 MiB, 38.23 W
2026/09/20 16:32:25.098, 2, 0 %, 0 %, 35270 MiB, 36.94 W
2026/09/20 16:32:30.098, 0, 0 %, 0 %, 35270 MiB, 38.76 W
2026/09/20 16:32:30.099, 1, 0 %, 0 %, 35270 MiB, 38.03 W
2026/09/20 16:32:30.099, 2, 0 %, 0 %, 35270 MiB, 36.94 W
2026/09/20 16:32:35.099, 0, 0 %, 0 %, 35270 MiB, 38.65 W
2026/09/20 16:32:35.100, 1, 0 %, 0 %, 35270 MiB, 37.93 W
2026/09/20 16:32:35.100, 2, 0 %, 0 %, 35270 MiB, 36.94 W
2026/09/20 16:32:40.100, 0, 0 %, 0 %, 35270 MiB, 38.75 W
2026/09/20 16:32:40.101, 1, 0 %, 0 %, 35270 MiB, 37.94 W
2026/09/20 16:32:40.101, 2, 0 %, 0 %, 35270 MiB, 37.14 W
2026/09/20 16:32:45.102, 0, 0 %, 0 %, 35270 MiB, 38.66 W
2026/09/20 16:32:45.102, 1, 0 %, 0 %, 35270 MiB, 38.03 W
2026/09/20 16:32:45.102, 2, 0 %, 0 %, 35270 MiB, 36.94 W
2026/09/20 16:32:50.103, 0, 0 %, 0 %, 35270 MiB, 38.66 W
2026/09/20 16:32:50.103, 1, 0 %, 0 %, 35270 MiB, 37.93 W
2026/09/20 16:32:50.103, 2, 0 %, 0 %, 35270 MiB, 37.04 W
2026/09/20 16:32:55.105, 0, 0 %, 0 %, 35270 MiB, 38.65 W
2026/09/20 16:32:55.105, 1, 0 %, 0 %, 35270 MiB, 38.03 W
2026/09/20 16:32:55.105, 2, 0 %, 0 %, 35270 MiB, 37.04 W
2026/09/20 16:33:00.107, 0, 0 %, 0 %, 35270 MiB, 38.67 W
2026/09/20 16:33:00.107, 1, 0 %, 0 %, 35270 MiB, 38.25 W
2026/09/20 16:33:00.107, 2, 0 %, 0 %, 35270 MiB, 36.96 W
2026/09/20 16:33:05.109, 0, 0 %, 0 %, 35270 MiB, 38.65 W
2026/09/20 16:33:05.109, 1, 0 %, 0 %, 35270 MiB, 38.03 W
2026/09/20 16:33:05.110, 2, 0 %, 0 %, 35270 MiB, 36.94 W
2026/09/20 16:33:10.110, 0, 0 %, 0 %, 35270 MiB, 38.65 W
2026/09/20 16:33:10.110, 1, 0 %, 0 %, 35270 MiB, 38.13 W
2026/09/20 16:33:10.110, 2, 0 %, 0 %, 35270 MiB, 36.93 W
2026/09/20 16:33:15.112, 0, 0 %, 0 %, 35270 MiB, 38.65 W
2026/09/20 16:33:15.113, 1, 0 %, 0 %, 35270 MiB, 38.13 W
2026/09/20 16:33:15.113, 2, 0 %, 0 %, 35270 MiB, 36.94 W
2026/09/20 16:33:20.114, 0, 0 %, 0 %, 35270 MiB, 38.69 W
2026/09/20 16:33:20.115, 1, 0 %, 0 %, 35270 MiB, 38.15 W
2026/09/20 16:33:20.115, 2, 0 %, 0 %, 35270 MiB, 36.98 W
2026/09/20 16:33:25.116, 0, 5 %, 0 %, 35270 MiB, 38.99 W
2026/09/20 16:33:25.116, 1, 0 %, 0 %, 35270 MiB, 38.06 W
2026/09/20 16:33:25.116, 2, 0 %, 0 %, 35270 MiB, 36.94 W
2026/09/20 16:33:30.118, 0, 0 %, 0 %, 35270 MiB, 38.66 W
2026/09/20 16:33:30.118, 1, 0 %, 0 %, 35270 MiB, 38.05 W
2026/09/20 16:33:30.119, 2, 0 %, 0 %, 35270 MiB, 37.04 W
2026/09/20 16:33:35.128, 0, 0 %, 0 %, 35270 MiB, 38.81 W
2026/09/20 16:33:35.128, 1, 0 %, 0 %, 35270 MiB, 38.38 W
2026/09/20 16:33:35.129, 2, 0 %, 0 %, 35270 MiB, 37.18 W
2026/09/20 16:33:40.130, 0, 0 %, 0 %, 35270 MiB, 38.79 W
2026/09/20 16:33:40.130, 1, 0 %, 0 %, 35270 MiB, 38.17 W
2026/09/20 16:33:40.130, 2, 0 %, 0 %, 35270 MiB, 37.18 W
2026/09/20 16:33:45.131, 0, 0 %, 0 %, 35270 MiB, 38.90 W
2026/09/20 16:33:45.132, 1, 0 %, 0 %, 35270 MiB, 38.08 W
2026/09/20 16:33:45.132, 2, 0 %, 0 %, 35270 MiB, 37.18 W
2026/09/20 16:33:50.132, 0, 0 %, 0 %, 35270 MiB, 38.90 W
2026/09/20 16:33:50.132, 1, 0 %, 0 %, 35270 MiB, 38.18 W
2026/09/20 16:33:50.132, 2, 0 %, 0 %, 35270 MiB, 37.28 W
2026/09/20 16:33:55.133, 0, 0 %, 0 %, 35270 MiB, 38.81 W
2026/09/20 16:33:55.133, 1, 0 %, 0 %, 35270 MiB, 38.28 W
2026/09/20 16:33:55.133, 2, 0 %, 0 %, 35270 MiB, 37.39 W
2026/09/20 16:34:00.133, 0, 100 %, 7 %, 35270 MiB, 91.77 W
2026/09/20 16:34:00.134, 1, 100 %, 7 %, 35270 MiB, 90.73 W
2026/09/20 16:34:00.134, 2, 100 %, 7 %, 35270 MiB, 85.86 W
2026/09/20 16:34:05.134, 0, 100 %, 7 %, 35270 MiB, 90.59 W
2026/09/20 16:34:05.134, 1, 100 %, 7 %, 35270 MiB, 96.02 W
2026/09/20 16:34:05.134, 2, 100 %, 7 %, 35270 MiB, 91.49 W
2026/09/20 16:34:10.135, 0, 100 %, 7 %, 35270 MiB, 92.87 W
2026/09/20 16:34:10.135, 1, 100 %, 7 %, 35270 MiB, 92.94 W
2026/09/20 16:34:10.135, 2, 100 %, 11 %, 35270 MiB, 92.72 W
2026/09/20 16:34:15.135, 0, 100 %, 7 %, 35270 MiB, 97.13 W
2026/09/20 16:34:15.135, 1, 100 %, 11 %, 35270 MiB, 95.97 W
2026/09/20 16:34:15.135, 2, 100 %, 7 %, 35270 MiB, 93.64 W
2026/09/20 16:34:20.136, 0, 100 %, 7 %, 35270 MiB, 91.82 W
2026/09/20 16:34:20.136, 1, 100 %, 7 %, 35270 MiB, 94.53 W
2026/09/20 16:34:20.136, 2, 100 %, 7 %, 35270 MiB, 91.37 W
2026/09/20 16:34:25.136, 0, 100 %, 7 %, 35270 MiB, 93.57 W
2026/09/20 16:34:25.137, 1, 100 %, 7 %, 35270 MiB, 90.57 W
2026/09/20 16:34:25.137, 2, 100 %, 7 %, 35270 MiB, 95.32 W
2026/09/20 16:34:30.137, 0, 100 %, 7 %, 35270 MiB, 92.48 W
2026/09/20 16:34:30.137, 1, 100 %, 7 %, 35270 MiB, 95.19 W
2026/09/20 16:34:30.137, 2, 100 %, 7 %, 35270 MiB, 91.79 W
2026/09/20 16:34:35.138, 0, 100 %, 7 %, 35270 MiB, 97.09 W
2026/09/20 16:34:35.139, 1, 100 %, 7 %, 35270 MiB, 95.34 W
2026/09/20 16:34:35.139, 2, 100 %, 7 %, 35270 MiB, 99.23 W
2026/09/20 16:34:40.139, 0, 99 %, 7 %, 35270 MiB, 94.09 W
2026/09/20 16:34:40.139, 1, 100 %, 7 %, 35270 MiB, 92.67 W
2026/09/20 16:34:40.139, 2, 100 %, 11 %, 35270 MiB, 142.17 W
2026/09/20 16:34:45.140, 0, 100 %, 7 %, 35270 MiB, 99.15 W
2026/09/20 16:34:45.140, 1, 100 %, 7 %, 35270 MiB, 91.36 W
2026/09/20 16:34:45.140, 2, 100 %, 10 %, 35270 MiB, 94.56 W
2026/09/20 16:34:50.140, 0, 100 %, 7 %, 35270 MiB, 98.88 W
2026/09/20 16:34:50.141, 1, 100 %, 7 %, 35270 MiB, 94.56 W
2026/09/20 16:34:50.141, 2, 100 %, 7 %, 35270 MiB, 92.18 W
2026/09/20 16:34:55.141, 0, 100 %, 7 %, 35270 MiB, 92.08 W
2026/09/20 16:34:55.141, 1, 100 %, 7 %, 35270 MiB, 93.71 W
2026/09/20 16:34:55.141, 2, 100 %, 6 %, 35270 MiB, 98.63 W
2026/09/20 16:35:00.142, 0, 100 %, 11 %, 35270 MiB, 100.63 W
2026/09/20 16:35:00.142, 1, 100 %, 9 %, 35270 MiB, 92.06 W
2026/09/20 16:35:00.142, 2, 100 %, 6 %, 35270 MiB, 128.99 W
2026/09/20 16:35:05.142, 0, 100 %, 7 %, 35270 MiB, 99.04 W
2026/09/20 16:35:05.143, 1, 100 %, 7 %, 35270 MiB, 97.51 W
2026/09/20 16:35:05.143, 2, 100 %, 7 %, 35270 MiB, 93.10 W
2026/09/20 16:35:10.143, 0, 100 %, 7 %, 35270 MiB, 93.94 W
2026/09/20 16:35:10.143, 1, 100 %, 7 %, 35270 MiB, 93.03 W
2026/09/20 16:35:10.143, 2, 100 %, 7 %, 35270 MiB, 96.43 W
2026/09/20 16:35:15.144, 0, 100 %, 10 %, 35270 MiB, 94.75 W
2026/09/20 16:35:15.144, 1, 100 %, 11 %, 35270 MiB, 115.46 W
2026/09/20 16:35:15.144, 2, 100 %, 7 %, 35270 MiB, 97.30 W
2026/09/20 16:35:20.144, 0, 100 %, 7 %, 35270 MiB, 153.25 W
2026/09/20 16:35:20.145, 1, 100 %, 11 %, 35270 MiB, 96.72 W
2026/09/20 16:35:20.145, 2, 100 %, 11 %, 35270 MiB, 97.92 W
2026/09/20 16:35:25.145, 0, 99 %, 14 %, 35270 MiB, 97.17 W
2026/09/20 16:35:25.145, 1, 100 %, 11 %, 35270 MiB, 99.57 W
2026/09/20 16:35:25.145, 2, 100 %, 7 %, 35270 MiB, 96.28 W
2026/09/20 16:35:30.146, 0, 100 %, 7 %, 35270 MiB, 96.85 W
2026/09/20 16:35:30.146, 1, 100 %, 7 %, 35270 MiB, 103.36 W
2026/09/20 16:35:30.146, 2, 100 %, 11 %, 35270 MiB, 96.13 W
2026/09/20 16:35:35.147, 0, 100 %, 11 %, 35270 MiB, 98.29 W
2026/09/20 16:35:35.147, 1, 100 %, 7 %, 35270 MiB, 94.88 W
2026/09/20 16:35:35.147, 2, 100 %, 11 %, 35270 MiB, 146.82 W
2026/09/20 16:35:40.147, 0, 100 %, 11 %, 35270 MiB, 98.15 W
2026/09/20 16:35:40.148, 1, 100 %, 7 %, 35270 MiB, 95.18 W
2026/09/20 16:35:40.148, 2, 100 %, 7 %, 35270 MiB, 96.47 W
2026/09/20 16:35:45.148, 0, 100 %, 7 %, 35270 MiB, 103.20 W
2026/09/20 16:35:45.148, 1, 100 %, 11 %, 35270 MiB, 97.78 W
2026/09/20 16:35:45.148, 2, 100 %, 7 %, 35270 MiB, 97.92 W
2026/09/20 16:35:50.149, 0, 100 %, 7 %, 35270 MiB, 99.26 W
2026/09/20 16:35:50.149, 1, 100 %, 11 %, 35270 MiB, 95.33 W
2026/09/20 16:35:50.150, 2, 100 %, 11 %, 35270 MiB, 95.84 W
2026/09/20 16:35:55.151, 0, 100 %, 11 %, 35270 MiB, 95.62 W
2026/09/20 16:35:55.151, 1, 100 %, 7 %, 35270 MiB, 98.90 W
2026/09/20 16:35:55.151, 2, 100 %, 6 %, 35270 MiB, 97.11 W
2026/09/20 16:36:00.151, 0, 100 %, 15 %, 35270 MiB, 98.10 W
2026/09/20 16:36:00.151, 1, 100 %, 7 %, 35270 MiB, 99.05 W
2026/09/20 16:36:00.152, 2, 100 %, 7 %, 35270 MiB, 102.01 W
2026/09/20 16:36:05.152, 0, 100 %, 7 %, 35270 MiB, 101.95 W
2026/09/20 16:36:05.152, 1, 100 %, 7 %, 35270 MiB, 106.66 W
2026/09/20 16:36:05.152, 2, 100 %, 11 %, 35270 MiB, 96.30 W
2026/09/20 16:36:10.153, 0, 100 %, 7 %, 35270 MiB, 102.73 W
2026/09/20 16:36:10.153, 1, 100 %, 11 %, 35270 MiB, 101.83 W
2026/09/20 16:36:10.153, 2, 100 %, 7 %, 35270 MiB, 97.97 W
2026/09/20 16:36:15.153, 0, 100 %, 7 %, 35270 MiB, 100.28 W
2026/09/20 16:36:15.154, 1, 100 %, 8 %, 35270 MiB, 99.16 W
2026/09/20 16:36:15.154, 2, 100 %, 7 %, 35270 MiB, 100.76 W
2026/09/20 16:36:20.154, 0, 100 %, 7 %, 35270 MiB, 106.10 W
2026/09/20 16:36:20.154, 1, 100 %, 7 %, 35270 MiB, 100.65 W
2026/09/20 16:36:20.155, 2, 100 %, 7 %, 35270 MiB, 98.98 W
2026/09/20 16:36:25.155, 0, 100 %, 6 %, 35270 MiB, 101.91 W
2026/09/20 16:36:25.155, 1, 100 %, 7 %, 35270 MiB, 100.07 W
2026/09/20 16:36:25.155, 2, 100 %, 7 %, 35270 MiB, 89.47 W
2026/09/20 16:36:30.155, 0, 62 %, 4 %, 35270 MiB, 90.36 W
2026/09/20 16:36:30.156, 1, 100 %, 6 %, 35270 MiB, 101.35 W
2026/09/20 16:36:30.156, 2, 0 %, 0 %, 35270 MiB, 43.50 W
2026/09/20 16:36:35.156, 0, 0 %, 0 %, 35270 MiB, 45.06 W
2026/09/20 16:36:35.156, 1, 0 %, 0 %, 35270 MiB, 44.03 W
2026/09/20 16:36:35.156, 2, 0 %, 0 %, 35270 MiB, 42.26 W
2026/09/20 16:36:40.157, 0, 0 %, 0 %, 35270 MiB, 44.61 W
2026/09/20 16:36:40.158, 1, 0 %, 0 %, 35270 MiB, 43.38 W
2026/09/20 16:36:40.158, 2, 0 %, 0 %, 35270 MiB, 42.03 W
2026/09/20 16:36:45.159, 0, 0 %, 0 %, 35270 MiB, 44.18 W
2026/09/20 16:36:45.159, 1, 0 %, 0 %, 35270 MiB, 43.26 W
2026/09/20 16:36:45.160, 2, 0 %, 0 %, 35270 MiB, 41.91 W
2026/09/20 16:36:50.161, 0, 0 %, 0 %, 35270 MiB, 43.89 W
2026/09/20 16:36:50.161, 1, 0 %, 0 %, 35270 MiB, 43.16 W
2026/09/20 16:36:50.161, 2, 0 %, 0 %, 35270 MiB, 41.80 W
2026/09/20 16:36:55.171, 0, 0 %, 0 %, 35270 MiB, 43.71 W
2026/09/20 16:36:55.171, 1, 0 %, 0 %, 35270 MiB, 42.79 W
2026/09/20 16:36:55.171, 2, 0 %, 0 %, 35270 MiB, 41.22 W
2026/09/20 16:37:00.173, 0, 0 %, 0 %, 35270 MiB, 43.23 W
2026/09/20 16:37:00.173, 1, 0 %, 0 %, 35270 MiB, 41.89 W
2026/09/20 16:37:00.173, 2, 0 %, 0 %, 35270 MiB, 40.92 W
2026/09/20 16:37:05.175, 0, 0 %, 0 %, 35270 MiB, 43.02 W
2026/09/20 16:37:05.175, 1, 0 %, 0 %, 35270 MiB, 41.79 W
2026/09/20 16:37:05.175, 2, 0 %, 0 %, 35270 MiB, 40.73 W
2026/09/20 16:37:10.176, 0, 0 %, 0 %, 35270 MiB, 42.91 W
2026/09/20 16:37:10.176, 1, 0 %, 0 %, 35270 MiB, 41.60 W
2026/09/20 16:37:10.177, 2, 0 %, 0 %, 35270 MiB, 40.53 W
2026/09/20 16:37:15.178, 0, 0 %, 0 %, 35270 MiB, 42.42 W
2026/09/20 16:37:15.178, 1, 0 %, 0 %, 35270 MiB, 41.40 W
2026/09/20 16:37:15.178, 2, 0 %, 0 %, 35270 MiB, 40.33 W
2026/09/20 16:37:20.180, 0, 0 %, 0 %, 35270 MiB, 42.22 W
2026/09/20 16:37:20.180, 1, 0 %, 0 %, 35270 MiB, 41.40 W
2026/09/20 16:37:20.181, 2, 0 %, 0 %, 35270 MiB, 40.24 W
2026/09/20 16:37:25.182, 0, 0 %, 0 %, 35270 MiB, 42.13 W
2026/09/20 16:37:25.182, 1, 0 %, 0 %, 35270 MiB, 41.31 W
2026/09/20 16:37:25.182, 2, 0 %, 0 %, 35270 MiB, 39.92 W
2026/09/20 16:37:30.184, 0, 0 %, 0 %, 35270 MiB, 42.03 W
2026/09/20 16:37:30.184, 1, 0 %, 0 %, 35270 MiB, 41.40 W
2026/09/20 16:37:30.185, 2, 0 %, 0 %, 35270 MiB, 39.72 W
2026/09/20 16:37:35.186, 0, 0 %, 0 %, 35270 MiB, 41.74 W
2026/09/20 16:37:35.186, 1, 0 %, 0 %, 35270 MiB, 40.90 W
2026/09/20 16:37:35.187, 2, 0 %, 0 %, 35270 MiB, 39.62 W
2026/09/20 16:37:40.188, 0, 0 %, 0 %, 35270 MiB, 41.67 W
2026/09/20 16:37:40.188, 1, 0 %, 0 %, 35270 MiB, 40.93 W
2026/09/20 16:37:40.189, 2, 0 %, 0 %, 35270 MiB, 39.55 W
2026/09/20 16:37:45.190, 0, 0 %, 0 %, 35270 MiB, 41.65 W
2026/09/20 16:37:45.190, 1, 0 %, 0 %, 35270 MiB, 40.81 W
2026/09/20 16:37:45.190, 2, 0 %, 0 %, 35270 MiB, 39.64 W
2026/09/20 16:37:50.192, 0, 0 %, 0 %, 35270 MiB, 41.54 W
2026/09/20 16:37:50.192, 1, 0 %, 0 %, 35270 MiB, 41.00 W
2026/09/20 16:37:50.193, 2, 0 %, 0 %, 35270 MiB, 39.33 W
2026/09/20 16:37:55.204, 0, 0 %, 0 %, 35270 MiB, 41.33 W
2026/09/20 16:37:55.204, 1, 0 %, 0 %, 35270 MiB, 40.51 W
2026/09/20 16:37:55.204, 2, 0 %, 0 %, 35270 MiB, 39.13 W
2026/09/20 16:38:00.205, 0, 0 %, 0 %, 35270 MiB, 41.05 W
2026/09/20 16:38:00.205, 1, 0 %, 0 %, 35270 MiB, 40.51 W
2026/09/20 16:38:00.206, 2, 0 %, 0 %, 35270 MiB, 39.05 W
2026/09/20 16:38:05.206, 0, 0 %, 0 %, 35270 MiB, 41.07 W
2026/09/20 16:38:05.207, 1, 0 %, 0 %, 35270 MiB, 40.34 W
2026/09/20 16:38:05.207, 2, 0 %, 0 %, 35270 MiB, 39.15 W
2026/09/20 16:38:10.208, 0, 0 %, 0 %, 35270 MiB, 41.04 W
2026/09/20 16:38:10.208, 1, 0 %, 0 %, 35270 MiB, 40.01 W
2026/09/20 16:38:10.208, 2, 0 %, 0 %, 35270 MiB, 38.94 W
2026/09/20 16:38:15.210, 0, 0 %, 0 %, 35270 MiB, 40.76 W
2026/09/20 16:38:15.210, 1, 0 %, 0 %, 35270 MiB, 39.84 W
2026/09/20 16:38:15.211, 2, 0 %, 0 %, 35270 MiB, 38.96 W
2026/09/20 16:38:20.211, 0, 0 %, 0 %, 35270 MiB, 40.94 W
2026/09/20 16:38:20.212, 1, 0 %, 0 %, 35270 MiB, 39.82 W
2026/09/20 16:38:20.212, 2, 0 %, 0 %, 35270 MiB, 39.13 W
2026/09/20 16:38:25.213, 0, 0 %, 0 %, 35270 MiB, 40.95 W
2026/09/20 16:38:25.214, 1, 0 %, 0 %, 35270 MiB, 39.94 W
2026/09/20 16:38:25.214, 2, 0 %, 0 %, 35270 MiB, 38.96 W
2026/09/20 16:38:30.215, 0, 0 %, 0 %, 35270 MiB, 40.64 W
2026/09/20 16:38:30.215, 1, 0 %, 0 %, 35270 MiB, 40.32 W
2026/09/20 16:38:30.215, 2, 0 %, 0 %, 35270 MiB, 38.94 W
2026/09/20 16:38:35.217, 0, 0 %, 0 %, 35270 MiB, 40.59 W
2026/09/20 16:38:35.217, 1, 0 %, 0 %, 35270 MiB, 40.37 W
2026/09/20 16:38:35.217, 2, 0 %, 0 %, 35270 MiB, 38.68 W
2026/09/20 16:38:40.217, 0, 0 %, 0 %, 35270 MiB, 40.59 W
2026/09/20 16:38:40.218, 1, 0 %, 0 %, 35270 MiB, 39.87 W
2026/09/20 16:38:40.218, 2, 0 %, 0 %, 35270 MiB, 38.78 W
2026/09/20 16:38:45.218, 0, 0 %, 0 %, 35270 MiB, 40.57 W
2026/09/20 16:38:45.218, 1, 0 %, 0 %, 35270 MiB, 40.15 W
2026/09/20 16:38:45.218, 2, 0 %, 0 %, 35270 MiB, 38.67 W
2026/09/20 16:38:50.219, 0, 0 %, 0 %, 35270 MiB, 40.49 W
2026/09/20 16:38:50.219, 1, 0 %, 0 %, 35270 MiB, 39.77 W
2026/09/20 16:38:50.219, 2, 0 %, 0 %, 35270 MiB, 38.78 W
2026/09/20 16:38:55.224, 0, 0 %, 0 %, 35270 MiB, 40.49 W
2026/09/20 16:38:55.224, 1, 0 %, 0 %, 35270 MiB, 39.77 W
2026/09/20 16:38:55.225, 2, 0 %, 0 %, 35270 MiB, 38.68 W
2026/09/20 16:39:00.226, 0, 0 %, 0 %, 35270 MiB, 40.49 W
2026/09/20 16:39:00.226, 1, 0 %, 0 %, 35270 MiB, 39.87 W
2026/09/20 16:39:00.226, 2, 0 %, 0 %, 35270 MiB, 38.78 W
2026/09/20 16:39:05.227, 0, 0 %, 0 %, 35270 MiB, 40.56 W
2026/09/20 16:39:05.227, 1, 0 %, 0 %, 35270 MiB, 39.74 W
2026/09/20 16:39:05.228, 2, 0 %, 0 %, 35270 MiB, 38.56 W
2026/09/20 16:39:10.228, 0, 0 %, 0 %, 35270 MiB, 40.64 W
2026/09/20 16:39:10.229, 1, 0 %, 0 %, 35270 MiB, 40.22 W
2026/09/20 16:39:10.229, 2, 0 %, 0 %, 35270 MiB, 38.73 W
2026/09/20 16:39:15.230, 0, 0 %, 0 %, 35270 MiB, 40.44 W
2026/09/20 16:39:15.231, 1, 0 %, 0 %, 35270 MiB, 39.62 W
2026/09/20 16:39:15.231, 2, 0 %, 0 %, 35270 MiB, 38.53 W
2026/09/20 16:39:20.232, 0, 0 %, 0 %, 35270 MiB, 40.43 W
2026/09/20 16:39:20.233, 1, 0 %, 0 %, 35270 MiB, 39.91 W
2026/09/20 16:39:20.233, 2, 0 %, 0 %, 35270 MiB, 38.53 W
2026/09/20 16:39:25.235, 0, 0 %, 0 %, 35270 MiB, 40.35 W
2026/09/20 16:39:25.236, 1, 0 %, 0 %, 35270 MiB, 39.92 W
2026/09/20 16:39:25.236, 2, 0 %, 0 %, 35270 MiB, 38.45 W
2026/09/20 16:39:30.237, 0, 0 %, 0 %, 35270 MiB, 39.94 W
2026/09/20 16:39:30.238, 1, 0 %, 0 %, 35270 MiB, 40.01 W
2026/09/20 16:39:30.238, 2, 0 %, 0 %, 35270 MiB, 38.34 W
2026/09/20 16:39:35.239, 0, 0 %, 0 %, 35270 MiB, 40.23 W
2026/09/20 16:39:35.239, 1, 0 %, 0 %, 35270 MiB, 39.69 W
2026/09/20 16:39:35.239, 2, 0 %, 0 %, 35270 MiB, 38.53 W
2026/09/20 16:39:40.241, 0, 0 %, 0 %, 35270 MiB, 40.34 W
2026/09/20 16:39:40.242, 1, 0 %, 0 %, 35270 MiB, 39.72 W
2026/09/20 16:39:40.242, 2, 0 %, 0 %, 35270 MiB, 38.14 W
2026/09/20 16:39:45.242, 0, 0 %, 0 %, 35270 MiB, 40.20 W
2026/09/20 16:39:45.243, 1, 0 %, 0 %, 35270 MiB, 39.56 W
2026/09/20 16:39:45.243, 2, 0 %, 0 %, 35270 MiB, 37.99 W
2026/09/20 16:39:50.243, 0, 0 %, 0 %, 35270 MiB, 40.07 W
2026/09/20 16:39:50.243, 1, 0 %, 0 %, 35270 MiB, 39.63 W
2026/09/20 16:39:50.243, 2, 0 %, 0 %, 35270 MiB, 38.17 W
2026/09/20 16:39:55.244, 0, 0 %, 0 %, 35270 MiB, 40.04 W
2026/09/20 16:39:55.244, 1, 0 %, 0 %, 35270 MiB, 39.51 W
2026/09/20 16:39:55.245, 2, 0 %, 0 %, 35270 MiB, 38.24 W
2026/09/20 16:40:00.246, 0, 0 %, 0 %, 35270 MiB, 40.05 W
2026/09/20 16:40:00.247, 1, 0 %, 0 %, 35270 MiB, 39.52 W
2026/09/20 16:40:00.247, 2, 0 %, 0 %, 35270 MiB, 38.16 W
2026/09/20 16:40:05.256, 0, 0 %, 0 %, 35270 MiB, 40.09 W
2026/09/20 16:40:05.257, 1, 0 %, 0 %, 35270 MiB, 39.66 W
2026/09/20 16:40:05.257, 2, 0 %, 0 %, 35270 MiB, 38.17 W
2026/09/20 16:40:10.258, 0, 0 %, 0 %, 35270 MiB, 39.99 W
2026/09/20 16:40:10.258, 1, 0 %, 0 %, 35270 MiB, 39.56 W
2026/09/20 16:40:10.258, 2, 0 %, 0 %, 35270 MiB, 38.14 W
2026/09/20 16:40:15.259, 0, 0 %, 0 %, 35270 MiB, 39.99 W
2026/09/20 16:40:15.260, 1, 0 %, 0 %, 35270 MiB, 39.56 W
2026/09/20 16:40:15.260, 2, 0 %, 0 %, 35270 MiB, 38.28 W
2026/09/20 16:40:20.260, 0, 0 %, 0 %, 35270 MiB, 40.04 W
2026/09/20 16:40:20.261, 1, 0 %, 0 %, 35270 MiB, 39.34 W
2026/09/20 16:40:20.261, 2, 0 %, 0 %, 35270 MiB, 38.17 W
2026/09/20 16:40:25.261, 0, 0 %, 0 %, 35270 MiB, 39.93 W
2026/09/20 16:40:25.262, 1, 0 %, 0 %, 35270 MiB, 39.31 W
2026/09/20 16:40:25.262, 2, 0 %, 0 %, 35270 MiB, 38.24 W
2026/09/20 16:40:30.263, 0, 0 %, 0 %, 35270 MiB, 39.95 W
2026/09/20 16:40:30.264, 1, 0 %, 0 %, 35270 MiB, 39.22 W
2026/09/20 16:40:30.264, 2, 0 %, 0 %, 35270 MiB, 38.06 W
2026/09/20 16:40:35.264, 0, 0 %, 0 %, 35270 MiB, 39.99 W
2026/09/20 16:40:35.265, 1, 0 %, 0 %, 35270 MiB, 39.07 W
2026/09/20 16:40:35.265, 2, 0 %, 0 %, 35270 MiB, 37.99 W
2026/09/20 16:40:40.265, 0, 0 %, 0 %, 35270 MiB, 39.68 W
2026/09/20 16:40:40.266, 1, 0 %, 0 %, 35270 MiB, 39.24 W
2026/09/20 16:40:40.266, 2, 0 %, 0 %, 35270 MiB, 38.08 W
2026/09/20 16:40:45.267, 0, 0 %, 0 %, 35270 MiB, 39.65 W
2026/09/20 16:40:45.267, 1, 0 %, 0 %, 35270 MiB, 39.02 W
2026/09/20 16:40:45.268, 2, 0 %, 0 %, 35270 MiB, 37.96 W
2026/09/20 16:40:50.270, 0, 0 %, 0 %, 35270 MiB, 39.56 W
2026/09/20 16:40:50.270, 1, 0 %, 0 %, 35270 MiB, 39.12 W
2026/09/20 16:40:50.270, 2, 0 %, 0 %, 35270 MiB, 37.94 W
2026/09/20 16:40:55.271, 0, 0 %, 0 %, 35270 MiB, 39.75 W
2026/09/20 16:40:55.271, 1, 0 %, 0 %, 35270 MiB, 39.12 W
2026/09/20 16:40:55.271, 2, 0 %, 0 %, 35270 MiB, 37.65 W
2026/09/20 16:41:00.273, 0, 0 %, 0 %, 35270 MiB, 39.63 W
2026/09/20 16:41:00.273, 1, 0 %, 0 %, 35270 MiB, 39.12 W
2026/09/20 16:41:00.274, 2, 0 %, 0 %, 35270 MiB, 37.75 W
2026/09/20 16:41:05.275, 0, 0 %, 0 %, 35270 MiB, 39.65 W
2026/09/20 16:41:05.275, 1, 0 %, 0 %, 35270 MiB, 39.12 W
2026/09/20 16:41:05.276, 2, 0 %, 0 %, 35270 MiB, 37.85 W
2026/09/20 16:41:10.277, 0, 0 %, 0 %, 35270 MiB, 39.49 W
2026/09/20 16:41:10.277, 1, 0 %, 0 %, 35270 MiB, 39.05 W
2026/09/20 16:41:10.278, 2, 0 %, 0 %, 35270 MiB, 37.97 W
2026/09/20 16:41:15.279, 0, 0 %, 0 %, 35270 MiB, 39.60 W
2026/09/20 16:41:15.279, 1, 0 %, 0 %, 35270 MiB, 39.27 W
2026/09/20 16:41:15.280, 2, 0 %, 0 %, 35270 MiB, 37.59 W
2026/09/20 16:41:20.280, 0, 0 %, 0 %, 35270 MiB, 39.50 W
2026/09/20 16:41:20.281, 1, 0 %, 0 %, 35270 MiB, 39.07 W
2026/09/20 16:41:20.281, 2, 0 %, 0 %, 35270 MiB, 37.70 W
2026/09/20 16:41:25.281, 0, 0 %, 0 %, 35270 MiB, 39.49 W
2026/09/20 16:41:25.282, 1, 0 %, 0 %, 35270 MiB, 39.07 W
2026/09/20 16:41:25.282, 2, 0 %, 0 %, 35270 MiB, 37.85 W
2026/09/20 16:41:30.283, 0, 0 %, 0 %, 35270 MiB, 39.75 W
2026/09/20 16:41:30.284, 1, 0 %, 0 %, 35270 MiB, 38.92 W
2026/09/20 16:41:30.284, 2, 0 %, 0 %, 35270 MiB, 37.85 W
2026/09/20 16:41:35.285, 0, 0 %, 0 %, 35270 MiB, 39.56 W
2026/09/20 16:41:35.286, 1, 0 %, 0 %, 35270 MiB, 39.02 W
2026/09/20 16:41:35.286, 2, 0 %, 0 %, 35270 MiB, 37.67 W
2026/09/20 16:41:40.286, 0, 0 %, 0 %, 35270 MiB, 39.50 W
2026/09/20 16:41:40.287, 1, 0 %, 0 %, 35270 MiB, 38.88 W
2026/09/20 16:41:40.287, 2, 0 %, 0 %, 35270 MiB, 37.70 W
2026/09/20 16:41:45.288, 0, 0 %, 0 %, 35270 MiB, 39.34 W
2026/09/20 16:41:45.288, 1, 0 %, 0 %, 35270 MiB, 38.83 W
2026/09/20 16:41:45.288, 2, 0 %, 0 %, 35270 MiB, 37.75 W
2026/09/20 16:41:50.290, 0, 0 %, 0 %, 35270 MiB, 39.55 W
2026/09/20 16:41:50.290, 1, 0 %, 0 %, 35270 MiB, 38.83 W
2026/09/20 16:41:50.291, 2, 0 %, 0 %, 35270 MiB, 37.75 W
2026/09/20 16:41:55.292, 0, 0 %, 0 %, 35270 MiB, 39.36 W
2026/09/20 16:41:55.293, 1, 0 %, 0 %, 35270 MiB, 38.92 W
2026/09/20 16:41:55.293, 2, 0 %, 0 %, 35270 MiB, 37.64 W
2026/09/20 16:42:00.293, 0, 0 %, 0 %, 35270 MiB, 39.31 W
2026/09/20 16:42:00.294, 1, 0 %, 0 %, 35270 MiB, 38.78 W
2026/09/20 16:42:00.294, 2, 0 %, 0 %, 35270 MiB, 37.70 W
2026/09/20 16:42:05.294, 0, 0 %, 0 %, 35270 MiB, 39.35 W
2026/09/20 16:42:05.295, 1, 0 %, 0 %, 35270 MiB, 38.83 W
2026/09/20 16:42:05.295, 2, 0 %, 0 %, 35270 MiB, 37.54 W
2026/09/20 16:42:10.296, 0, 0 %, 0 %, 35270 MiB, 39.45 W
2026/09/20 16:42:10.296, 1, 0 %, 0 %, 35270 MiB, 38.92 W
2026/09/20 16:42:10.297, 2, 0 %, 0 %, 35270 MiB, 37.64 W
2026/09/20 16:42:15.297, 0, 0 %, 0 %, 35270 MiB, 39.41 W
2026/09/20 16:42:15.298, 1, 0 %, 0 %, 35270 MiB, 38.78 W
2026/09/20 16:42:15.298, 2, 0 %, 0 %, 35270 MiB, 37.49 W
2026/09/20 16:42:20.298, 0, 0 %, 0 %, 35270 MiB, 39.35 W
2026/09/20 16:42:20.299, 1, 0 %, 0 %, 35270 MiB, 38.83 W
2026/09/20 16:42:20.299, 2, 0 %, 0 %, 35270 MiB, 37.66 W
2026/09/20 16:42:25.300, 0, 0 %, 0 %, 35270 MiB, 39.55 W
2026/09/20 16:42:25.300, 1, 0 %, 0 %, 35270 MiB, 38.83 W
2026/09/20 16:42:25.301, 2, 0 %, 0 %, 35270 MiB, 37.75 W
2026/09/20 16:42:30.302, 0, 0 %, 0 %, 35270 MiB, 39.35 W
2026/09/20 16:42:30.303, 1, 0 %, 0 %, 35270 MiB, 38.83 W
2026/09/20 16:42:30.303, 2, 0 %, 0 %, 35270 MiB, 37.54 W
2026/09/20 16:42:35.304, 0, 0 %, 0 %, 35270 MiB, 39.46 W
2026/09/20 16:42:35.305, 1, 0 %, 0 %, 35270 MiB, 38.64 W
2026/09/20 16:42:35.305, 2, 0 %, 0 %, 35270 MiB, 37.96 W
2026/09/20 16:42:40.306, 0, 0 %, 0 %, 35270 MiB, 39.21 W
2026/09/20 16:42:40.306, 1, 0 %, 0 %, 35270 MiB, 38.68 W
2026/09/20 16:42:40.307, 2, 0 %, 0 %, 35270 MiB, 37.49 W
2026/09/20 16:42:45.307, 0, 0 %, 0 %, 35270 MiB, 39.39 W
2026/09/20 16:42:45.307, 1, 0 %, 0 %, 35270 MiB, 38.85 W
2026/09/20 16:42:45.308, 2, 0 %, 0 %, 35270 MiB, 37.69 W
2026/09/20 16:42:50.309, 0, 0 %, 0 %, 35270 MiB, 39.17 W
2026/09/20 16:42:50.309, 1, 0 %, 0 %, 35270 MiB, 38.54 W
2026/09/20 16:42:50.310, 2, 0 %, 0 %, 35270 MiB, 37.54 W
2026/09/20 16:42:55.311, 0, 0 %, 0 %, 35270 MiB, 39.07 W
2026/09/20 16:42:55.312, 1, 0 %, 0 %, 35270 MiB, 38.64 W
2026/09/20 16:42:55.312, 2, 0 %, 0 %, 35270 MiB, 37.56 W
2026/09/20 16:43:00.313, 0, 0 %, 0 %, 35270 MiB, 39.12 W
2026/09/20 16:43:00.313, 1, 0 %, 0 %, 35270 MiB, 38.59 W
2026/09/20 16:43:00.313, 2, 0 %, 0 %, 35270 MiB, 37.27 W
2026/09/20 16:43:05.315, 0, 0 %, 0 %, 35270 MiB, 39.06 W
2026/09/20 16:43:05.315, 1, 0 %, 0 %, 35270 MiB, 38.63 W
2026/09/20 16:43:05.315, 2, 0 %, 0 %, 35270 MiB, 37.45 W
2026/09/20 16:43:10.317, 0, 0 %, 0 %, 35270 MiB, 39.06 W
2026/09/20 16:43:10.317, 1, 0 %, 0 %, 35270 MiB, 38.63 W
2026/09/20 16:43:10.317, 2, 0 %, 0 %, 35270 MiB, 37.33 W
2026/09/20 16:43:15.325, 0, 0 %, 0 %, 35270 MiB, 39.16 W
2026/09/20 16:43:15.325, 1, 0 %, 0 %, 35270 MiB, 38.53 W
2026/09/20 16:43:15.326, 2, 0 %, 0 %, 35270 MiB, 37.35 W
2026/09/20 16:43:20.327, 0, 0 %, 0 %, 35270 MiB, 39.36 W
2026/09/20 16:43:20.328, 1, 0 %, 0 %, 35270 MiB, 38.83 W
2026/09/20 16:43:20.328, 2, 0 %, 0 %, 35270 MiB, 37.33 W
2026/09/20 16:43:25.328, 0, 0 %, 0 %, 35270 MiB, 39.21 W
2026/09/20 16:43:25.329, 1, 0 %, 0 %, 35270 MiB, 38.68 W
2026/09/20 16:43:25.329, 2, 0 %, 0 %, 35270 MiB, 37.38 W
2026/09/20 16:43:30.330, 0, 0 %, 0 %, 35270 MiB, 39.06 W
2026/09/20 16:43:30.330, 1, 0 %, 0 %, 35270 MiB, 38.63 W
2026/09/20 16:43:30.330, 2, 0 %, 0 %, 35270 MiB, 37.23 W
2026/09/20 16:43:35.331, 0, 0 %, 0 %, 35270 MiB, 39.17 W
2026/09/20 16:43:35.332, 1, 0 %, 0 %, 35270 MiB, 38.63 W
2026/09/20 16:43:35.332, 2, 0 %, 0 %, 35270 MiB, 37.45 W
2026/09/20 16:43:40.332, 0, 0 %, 0 %, 35270 MiB, 39.28 W
2026/09/20 16:43:40.333, 1, 0 %, 0 %, 35270 MiB, 38.75 W
2026/09/20 16:43:40.333, 2, 0 %, 0 %, 35270 MiB, 37.46 W
2026/09/20 16:43:45.333, 0, 0 %, 0 %, 35270 MiB, 39.28 W
2026/09/20 16:43:45.334, 1, 0 %, 0 %, 35270 MiB, 38.46 W
2026/09/20 16:43:45.334, 2, 0 %, 0 %, 35270 MiB, 37.46 W
2026/09/20 16:43:50.335, 0, 0 %, 0 %, 35270 MiB, 39.16 W
2026/09/20 16:43:50.335, 1, 0 %, 0 %, 35270 MiB, 38.44 W
2026/09/20 16:43:50.336, 2, 0 %, 0 %, 35270 MiB, 37.53 W
2026/09/20 16:43:55.337, 0, 0 %, 0 %, 35270 MiB, 39.24 W
2026/09/20 16:43:55.338, 1, 0 %, 0 %, 35270 MiB, 38.71 W
2026/09/20 16:43:55.338, 2, 0 %, 0 %, 35270 MiB, 37.44 W
2026/09/20 16:44:00.339, 0, 0 %, 0 %, 35270 MiB, 39.04 W
2026/09/20 16:44:00.339, 1, 0 %, 0 %, 35270 MiB, 38.43 W
2026/09/20 16:44:00.340, 2, 0 %, 0 %, 35270 MiB, 37.65 W
2026/09/20 16:44:05.341, 0, 0 %, 0 %, 35270 MiB, 39.04 W
2026/09/20 16:44:05.341, 1, 0 %, 0 %, 35270 MiB, 38.62 W
2026/09/20 16:44:05.341, 2, 0 %, 0 %, 35270 MiB, 37.53 W
2026/09/20 16:44:10.342, 0, 0 %, 0 %, 35270 MiB, 39.16 W
2026/09/20 16:44:10.343, 1, 0 %, 0 %, 35270 MiB, 38.53 W
2026/09/20 16:44:10.343, 2, 0 %, 0 %, 35270 MiB, 37.24 W
2026/09/20 16:44:15.343, 0, 0 %, 0 %, 35270 MiB, 39.17 W
2026/09/20 16:44:15.344, 1, 0 %, 0 %, 35270 MiB, 38.54 W
2026/09/20 16:44:15.344, 2, 0 %, 0 %, 35270 MiB, 37.25 W
2026/09/20 16:44:20.344, 0, 0 %, 0 %, 35270 MiB, 39.08 W
2026/09/20 16:44:20.344, 1, 0 %, 0 %, 35270 MiB, 38.56 W
2026/09/20 16:44:20.344, 2, 0 %, 0 %, 35270 MiB, 37.37 W
2026/09/20 16:44:25.345, 0, 0 %, 0 %, 35270 MiB, 39.16 W
2026/09/20 16:44:25.345, 1, 0 %, 0 %, 35270 MiB, 38.53 W
2026/09/20 16:44:25.346, 2, 0 %, 0 %, 35270 MiB, 37.24 W
2026/09/20 16:44:30.347, 0, 0 %, 0 %, 35270 MiB, 39.17 W
2026/09/20 16:44:30.347, 1, 0 %, 0 %, 35270 MiB, 38.64 W
2026/09/20 16:44:30.348, 2, 0 %, 0 %, 35270 MiB, 37.36 W
2026/09/20 16:44:35.349, 0, 0 %, 0 %, 35270 MiB, 39.17 W
2026/09/20 16:44:35.349, 1, 0 %, 0 %, 35270 MiB, 38.75 W
2026/09/20 16:44:35.350, 2, 0 %, 0 %, 35270 MiB, 37.37 W
2026/09/20 16:44:40.350, 0, 0 %, 0 %, 35270 MiB, 39.16 W
2026/09/20 16:44:40.351, 1, 0 %, 0 %, 35270 MiB, 38.73 W
2026/09/20 16:44:40.351, 2, 0 %, 0 %, 35270 MiB, 37.44 W
2026/09/20 16:44:45.351, 0, 0 %, 0 %, 35270 MiB, 39.21 W
2026/09/20 16:44:45.352, 1, 0 %, 0 %, 35270 MiB, 38.68 W
2026/09/20 16:44:45.352, 2, 0 %, 0 %, 35270 MiB, 37.39 W
2026/09/20 16:44:50.353, 0, 0 %, 0 %, 35270 MiB, 39.17 W
2026/09/20 16:44:50.353, 1, 0 %, 0 %, 35270 MiB, 38.54 W
2026/09/20 16:44:50.354, 2, 0 %, 0 %, 35270 MiB, 37.46 W
2026/09/20 16:44:55.361, 0, 0 %, 0 %, 35270 MiB, 39.28 W
2026/09/20 16:44:55.362, 1, 0 %, 0 %, 35270 MiB, 38.46 W
2026/09/20 16:44:55.362, 2, 0 %, 0 %, 35270 MiB, 37.39 W
2026/09/20 16:45:00.363, 0, 0 %, 0 %, 35270 MiB, 39.09 W
2026/09/20 16:45:00.363, 1, 0 %, 0 %, 35270 MiB, 38.46 W
2026/09/20 16:45:00.363, 2, 0 %, 0 %, 35270 MiB, 37.45 W
2026/09/20 16:45:05.364, 0, 0 %, 0 %, 35270 MiB, 38.99 W
2026/09/20 16:45:05.365, 1, 0 %, 0 %, 35270 MiB, 38.37 W
2026/09/20 16:45:05.365, 2, 0 %, 0 %, 35270 MiB, 37.37 W
2026/09/20 16:45:10.366, 0, 0 %, 0 %, 35270 MiB, 38.96 W
2026/09/20 16:45:10.367, 1, 0 %, 0 %, 35270 MiB, 38.44 W
2026/09/20 16:45:10.367, 2, 0 %, 0 %, 35270 MiB, 37.44 W
2026/09/20 16:45:15.371, 0, 0 %, 0 %, 35270 MiB, 39.06 W
2026/09/20 16:45:15.371, 1, 0 %, 0 %, 35270 MiB, 38.44 W
2026/09/20 16:45:15.371, 2, 0 %, 0 %, 35270 MiB, 37.54 W
2026/09/20 16:45:20.377, 0, 0 %, 0 %, 35270 MiB, 38.97 W
2026/09/20 16:45:20.378, 1, 0 %, 0 %, 35270 MiB, 38.45 W
2026/09/20 16:45:20.378, 2, 0 %, 0 %, 35270 MiB, 37.36 W
2026/09/20 16:45:25.379, 0, 0 %, 0 %, 35270 MiB, 38.92 W
2026/09/20 16:45:25.379, 1, 0 %, 0 %, 35270 MiB, 38.58 W
2026/09/20 16:45:25.379, 2, 0 %, 0 %, 35270 MiB, 37.28 W
2026/09/20 16:45:30.380, 0, 0 %, 0 %, 35270 MiB, 39.18 W
2026/09/20 16:45:30.380, 1, 0 %, 0 %, 35270 MiB, 38.46 W
2026/09/20 16:45:30.380, 2, 0 %, 0 %, 35270 MiB, 37.16 W
2026/09/20 16:45:35.386, 0, 0 %, 0 %, 35270 MiB, 38.87 W
2026/09/20 16:45:35.386, 1, 0 %, 0 %, 35270 MiB, 38.36 W
2026/09/20 16:45:35.387, 2, 0 %, 0 %, 35270 MiB, 37.26 W
2026/09/20 16:45:40.388, 0, 0 %, 0 %, 35270 MiB, 38.97 W
2026/09/20 16:45:40.388, 1, 0 %, 0 %, 35270 MiB, 38.44 W
2026/09/20 16:45:40.389, 2, 0 %, 0 %, 35270 MiB, 37.25 W
2026/09/20 16:45:45.389, 0, 0 %, 0 %, 35270 MiB, 38.97 W
2026/09/20 16:45:45.390, 1, 0 %, 0 %, 35270 MiB, 38.53 W
2026/09/20 16:45:45.390, 2, 0 %, 0 %, 35270 MiB, 37.25 W
2026/09/20 16:45:50.390, 0, 0 %, 0 %, 35270 MiB, 39.09 W
2026/09/20 16:45:50.391, 1, 0 %, 0 %, 35270 MiB, 38.57 W
2026/09/20 16:45:50.391, 2, 0 %, 0 %, 35270 MiB, 37.28 W
2026/09/20 16:45:55.391, 0, 0 %, 0 %, 35270 MiB, 39.11 W
2026/09/20 16:45:55.392, 1, 0 %, 0 %, 35270 MiB, 38.39 W
2026/09/20 16:45:55.392, 2, 0 %, 0 %, 35270 MiB, 37.39 W
2026/09/20 16:46:00.393, 0, 0 %, 0 %, 35270 MiB, 39.01 W
2026/09/20 16:46:00.393, 1, 0 %, 0 %, 35270 MiB, 38.58 W
2026/09/20 16:46:00.393, 2, 0 %, 0 %, 35270 MiB, 37.39 W
2026/09/20 16:46:05.394, 0, 0 %, 0 %, 35270 MiB, 39.18 W
2026/09/20 16:46:05.394, 1, 0 %, 0 %, 35270 MiB, 38.46 W
2026/09/20 16:46:05.394, 2, 0 %, 0 %, 35270 MiB, 37.37 W
2026/09/20 16:46:10.396, 0, 0 %, 0 %, 35270 MiB, 39.19 W
2026/09/20 16:46:10.396, 1, 0 %, 0 %, 35270 MiB, 38.38 W
2026/09/20 16:46:10.397, 2, 0 %, 0 %, 35270 MiB, 37.49 W
2026/09/20 16:46:15.397, 0, 0 %, 0 %, 35270 MiB, 38.90 W
2026/09/20 16:46:15.398, 1, 0 %, 0 %, 35270 MiB, 38.38 W
2026/09/20 16:46:15.398, 2, 0 %, 0 %, 35270 MiB, 37.37 W
2026/09/20 16:46:20.399, 0, 0 %, 0 %, 35270 MiB, 38.99 W
2026/09/20 16:46:20.399, 1, 0 %, 0 %, 35270 MiB, 38.56 W
2026/09/20 16:46:20.399, 2, 0 %, 0 %, 35270 MiB, 37.38 W
2026/09/20 16:46:25.400, 0, 0 %, 0 %, 35270 MiB, 39.21 W
2026/09/20 16:46:25.401, 1, 0 %, 0 %, 35270 MiB, 38.49 W
2026/09/20 16:46:25.401, 2, 0 %, 0 %, 35270 MiB, 37.28 W
2026/09/20 16:46:30.402, 0, 0 %, 0 %, 35270 MiB, 39.11 W
2026/09/20 16:46:30.402, 1, 0 %, 0 %, 35270 MiB, 38.58 W
2026/09/20 16:46:30.402, 2, 0 %, 0 %, 35270 MiB, 37.49 W
2026/09/20 16:46:35.402, 0, 0 %, 0 %, 35270 MiB, 39.11 W
2026/09/20 16:46:35.403, 1, 0 %, 0 %, 35270 MiB, 38.78 W
2026/09/20 16:46:35.403, 2, 0 %, 0 %, 35270 MiB, 37.28 W
2026/09/20 16:46:40.403, 0, 0 %, 0 %, 35270 MiB, 38.99 W
2026/09/20 16:46:40.403, 1, 0 %, 0 %, 35270 MiB, 38.58 W
2026/09/20 16:46:40.403, 2, 0 %, 0 %, 35270 MiB, 37.26 W
2026/09/20 16:46:45.404, 0, 0 %, 0 %, 35270 MiB, 39.26 W
2026/09/20 16:46:45.405, 1, 0 %, 0 %, 35270 MiB, 38.56 W
2026/09/20 16:46:45.405, 2, 0 %, 0 %, 35270 MiB, 37.35 W
2026/09/20 16:46:50.406, 0, 0 %, 0 %, 35270 MiB, 39.17 W
2026/09/20 16:46:50.406, 1, 0 %, 0 %, 35270 MiB, 38.63 W
2026/09/20 16:46:50.406, 2, 0 %, 0 %, 35270 MiB, 37.44 W
2026/09/20 16:46:55.407, 0, 0 %, 0 %, 35270 MiB, 39.19 W
2026/09/20 16:46:55.407, 1, 0 %, 0 %, 35270 MiB, 38.75 W
2026/09/20 16:46:55.407, 2, 0 %, 0 %, 35270 MiB, 37.37 W
2026/09/20 16:47:00.407, 0, 0 %, 0 %, 35270 MiB, 39.18 W
2026/09/20 16:47:00.408, 1, 0 %, 0 %, 35270 MiB, 38.75 W
2026/09/20 16:47:00.408, 2, 0 %, 0 %, 35270 MiB, 37.36 W
2026/09/20 16:47:05.409, 0, 0 %, 0 %, 35270 MiB, 39.29 W
2026/09/20 16:47:05.409, 1, 0 %, 0 %, 35270 MiB, 38.56 W
2026/09/20 16:47:05.410, 2, 0 %, 0 %, 35270 MiB, 37.47 W
2026/09/20 16:47:10.411, 0, 0 %, 0 %, 35270 MiB, 39.29 W
2026/09/20 16:47:10.411, 1, 0 %, 0 %, 35270 MiB, 38.65 W
2026/09/20 16:47:10.412, 2, 0 %, 0 %, 35270 MiB, 37.68 W
2026/09/20 16:47:15.413, 0, 0 %, 0 %, 35270 MiB, 39.30 W
2026/09/20 16:47:15.413, 1, 0 %, 0 %, 35270 MiB, 38.56 W
2026/09/20 16:47:15.414, 2, 0 %, 0 %, 35270 MiB, 37.58 W
2026/09/20 16:47:20.415, 0, 0 %, 0 %, 35270 MiB, 39.08 W
2026/09/20 16:47:20.415, 1, 0 %, 0 %, 35270 MiB, 38.65 W
2026/09/20 16:47:20.416, 2, 0 %, 0 %, 35270 MiB, 37.56 W
2026/09/20 16:47:25.416, 0, 0 %, 0 %, 35270 MiB, 39.17 W
2026/09/20 16:47:25.416, 1, 0 %, 0 %, 35270 MiB, 38.64 W
2026/09/20 16:47:25.416, 2, 0 %, 0 %, 35270 MiB, 37.56 W
2026/09/20 16:47:30.417, 0, 0 %, 0 %, 35270 MiB, 39.07 W
2026/09/20 16:47:30.417, 1, 0 %, 0 %, 35270 MiB, 38.65 W
2026/09/20 16:47:30.418, 2, 0 %, 0 %, 35270 MiB, 37.36 W
2026/09/20 16:47:35.418, 0, 0 %, 0 %, 35270 MiB, 39.09 W
2026/09/20 16:47:35.419, 1, 0 %, 0 %, 35270 MiB, 38.56 W
2026/09/20 16:47:35.419, 2, 0 %, 0 %, 35270 MiB, 37.37 W
2026/09/20 16:47:40.419, 0, 0 %, 0 %, 35270 MiB, 39.19 W
2026/09/20 16:47:40.420, 1, 0 %, 0 %, 35270 MiB, 38.56 W
2026/09/20 16:47:40.420, 2, 0 %, 0 %, 35270 MiB, 37.26 W
2026/09/20 16:47:45.420, 0, 0 %, 0 %, 35270 MiB, 39.17 W
2026/09/20 16:47:45.421, 1, 0 %, 0 %, 35270 MiB, 38.75 W
2026/09/20 16:47:45.421, 2, 0 %, 0 %, 35270 MiB, 37.47 W
2026/09/20 16:47:50.425, 0, 0 %, 0 %, 35270 MiB, 39.07 W
2026/09/20 16:47:50.425, 1, 0 %, 0 %, 35270 MiB, 38.64 W
2026/09/20 16:47:50.425, 2, 0 %, 0 %, 35270 MiB, 37.36 W
2026/09/20 16:47:55.426, 0, 0 %, 0 %, 35270 MiB, 39.09 W
2026/09/20 16:47:55.427, 1, 0 %, 0 %, 35270 MiB, 38.56 W
2026/09/20 16:47:55.427, 2, 0 %, 0 %, 35270 MiB, 37.26 W
2026/09/20 16:48:00.427, 0, 0 %, 0 %, 35270 MiB, 39.09 W
2026/09/20 16:48:00.428, 1, 0 %, 0 %, 35270 MiB, 38.49 W
2026/09/20 16:48:00.428, 2, 0 %, 0 %, 35270 MiB, 37.28 W
2026/09/20 16:48:05.437, 0, 0 %, 0 %, 35270 MiB, 39.09 W
2026/09/20 16:48:05.437, 1, 0 %, 0 %, 35270 MiB, 38.66 W
2026/09/20 16:48:05.437, 2, 0 %, 0 %, 35270 MiB, 37.49 W
2026/09/20 16:48:10.438, 0, 0 %, 0 %, 35270 MiB, 39.09 W
2026/09/20 16:48:10.439, 1, 0 %, 0 %, 35270 MiB, 38.49 W
2026/09/20 16:48:10.439, 2, 0 %, 0 %, 35270 MiB, 37.38 W
2026/09/20 16:48:15.439, 0, 0 %, 0 %, 35270 MiB, 39.17 W
2026/09/20 16:48:15.440, 1, 0 %, 0 %, 35270 MiB, 38.44 W
2026/09/20 16:48:15.440, 2, 0 %, 0 %, 35270 MiB, 37.35 W
2026/09/20 16:48:20.441, 0, 0 %, 0 %, 35270 MiB, 39.26 W
2026/09/20 16:48:20.441, 1, 0 %, 0 %, 35270 MiB, 38.65 W
2026/09/20 16:48:20.441, 2, 0 %, 0 %, 35270 MiB, 37.36 W
2026/09/20 16:48:25.443, 0, 0 %, 0 %, 35270 MiB, 38.99 W
2026/09/20 16:48:25.443, 1, 0 %, 0 %, 35270 MiB, 38.46 W
2026/09/20 16:48:25.443, 2, 0 %, 0 %, 35270 MiB, 37.58 W
2026/09/20 16:48:30.444, 0, 0 %, 0 %, 35270 MiB, 38.99 W
2026/09/20 16:48:30.444, 1, 0 %, 0 %, 35270 MiB, 38.45 W
2026/09/20 16:48:30.444, 2, 0 %, 0 %, 35270 MiB, 37.46 W
2026/09/20 16:48:35.444, 0, 0 %, 0 %, 35270 MiB, 38.90 W
2026/09/20 16:48:35.445, 1, 0 %, 0 %, 35270 MiB, 38.39 W
2026/09/20 16:48:35.445, 2, 0 %, 0 %, 35270 MiB, 37.18 W
2026/09/20 16:48:40.445, 0, 0 %, 0 %, 35270 MiB, 38.88 W
2026/09/20 16:48:40.446, 1, 0 %, 0 %, 35270 MiB, 38.47 W
2026/09/20 16:48:40.446, 2, 0 %, 0 %, 35270 MiB, 37.17 W
2026/09/20 16:48:45.447, 0, 0 %, 0 %, 35270 MiB, 38.99 W
2026/09/20 16:48:45.448, 1, 0 %, 0 %, 35270 MiB, 38.46 W
2026/09/20 16:48:45.448, 2, 0 %, 0 %, 35270 MiB, 37.26 W
2026/09/20 16:48:50.449, 0, 0 %, 0 %, 35270 MiB, 38.87 W
2026/09/20 16:48:50.449, 1, 0 %, 0 %, 35270 MiB, 38.33 W
2026/09/20 16:48:50.450, 2, 0 %, 0 %, 35270 MiB, 37.14 W
2026/09/20 16:48:55.450, 0, 0 %, 0 %, 35270 MiB, 38.99 W
2026/09/20 16:48:55.451, 1, 0 %, 0 %, 35270 MiB, 38.48 W
2026/09/20 16:48:55.451, 2, 0 %, 0 %, 35270 MiB, 37.06 W
2026/09/20 16:49:00.452, 0, 0 %, 0 %, 35270 MiB, 38.97 W
2026/09/20 16:49:00.453, 1, 0 %, 0 %, 35270 MiB, 38.35 W
2026/09/20 16:49:00.453, 2, 0 %, 0 %, 35270 MiB, 37.15 W
2026/09/20 16:49:05.454, 0, 0 %, 0 %, 35270 MiB, 38.89 W
2026/09/20 16:49:05.454, 1, 0 %, 0 %, 35270 MiB, 38.44 W
2026/09/20 16:49:05.454, 2, 0 %, 0 %, 35270 MiB, 37.15 W
2026/09/20 16:49:10.455, 0, 0 %, 0 %, 35270 MiB, 38.79 W
2026/09/20 16:49:10.456, 1, 0 %, 0 %, 35270 MiB, 38.35 W
2026/09/20 16:49:10.456, 2, 0 %, 0 %, 35270 MiB, 37.06 W
2026/09/20 16:49:15.456, 0, 0 %, 0 %, 35270 MiB, 38.88 W
2026/09/20 16:49:15.456, 1, 0 %, 0 %, 35270 MiB, 38.45 W
2026/09/20 16:49:15.456, 2, 0 %, 0 %, 35270 MiB, 37.06 W
2026/09/20 16:49:20.457, 0, 0 %, 0 %, 35270 MiB, 38.87 W
2026/09/20 16:49:20.457, 1, 0 %, 0 %, 35270 MiB, 38.23 W
2026/09/20 16:49:20.457, 2, 0 %, 0 %, 35270 MiB, 37.06 W
2026/09/20 16:49:25.458, 0, 0 %, 0 %, 35270 MiB, 38.77 W
2026/09/20 16:49:25.459, 1, 0 %, 0 %, 35270 MiB, 38.05 W
2026/09/20 16:49:25.459, 2, 0 %, 0 %, 35270 MiB, 37.15 W
2026/09/20 16:49:30.460, 0, 0 %, 0 %, 35270 MiB, 39.17 W
2026/09/20 16:49:30.461, 1, 0 %, 0 %, 35270 MiB, 38.05 W
2026/09/20 16:49:30.461, 2, 0 %, 0 %, 35270 MiB, 37.06 W
2026/09/20 16:49:35.462, 0, 0 %, 0 %, 35270 MiB, 38.59 W
2026/09/20 16:49:35.462, 1, 0 %, 0 %, 35270 MiB, 38.16 W
2026/09/20 16:49:35.463, 2, 0 %, 0 %, 35270 MiB, 37.08 W
2026/09/20 16:49:40.463, 0, 0 %, 0 %, 35270 MiB, 38.66 W
2026/09/20 16:49:40.464, 1, 0 %, 0 %, 35270 MiB, 38.15 W
2026/09/20 16:49:40.464, 2, 0 %, 0 %, 35270 MiB, 37.26 W
2026/09/20 16:49:45.465, 0, 0 %, 0 %, 35270 MiB, 38.65 W
2026/09/20 16:49:45.466, 1, 0 %, 0 %, 35270 MiB, 38.13 W
2026/09/20 16:49:45.466, 2, 0 %, 0 %, 35270 MiB, 36.94 W
2026/09/20 16:49:50.466, 0, 0 %, 0 %, 35270 MiB, 38.68 W
2026/09/20 16:49:50.467, 1, 0 %, 0 %, 35270 MiB, 38.15 W
2026/09/20 16:49:50.467, 2, 0 %, 0 %, 35270 MiB, 36.87 W
2026/09/20 16:49:55.468, 0, 24 %, 1 %, 35270 MiB, 38.57 W
2026/09/20 16:49:55.468, 1, 0 %, 0 %, 35270 MiB, 38.15 W
2026/09/20 16:49:55.469, 2, 0 %, 0 %, 35270 MiB, 36.87 W
2026/09/20 16:50:00.469, 0, 0 %, 0 %, 35270 MiB, 38.68 W
2026/09/20 16:50:00.470, 1, 0 %, 0 %, 35270 MiB, 38.05 W
2026/09/20 16:50:00.470, 2, 0 %, 0 %, 35270 MiB, 37.06 W
2026/09/20 16:50:05.471, 0, 0 %, 0 %, 35270 MiB, 38.77 W
2026/09/20 16:50:05.471, 1, 0 %, 0 %, 35270 MiB, 38.15 W
2026/09/20 16:50:05.472, 2, 0 %, 0 %, 35270 MiB, 36.96 W
2026/09/20 16:50:10.472, 0, 0 %, 0 %, 35270 MiB, 38.71 W
2026/09/20 16:50:10.473, 1, 0 %, 0 %, 35270 MiB, 38.28 W
2026/09/20 16:50:10.473, 2, 0 %, 0 %, 35270 MiB, 36.99 W
2026/09/20 16:50:15.473, 0, 0 %, 0 %, 35270 MiB, 46.20 W
2026/09/20 16:50:15.473, 1, 0 %, 0 %, 35270 MiB, 38.25 W
2026/09/20 16:50:15.474, 2, 0 %, 0 %, 35270 MiB, 36.96 W
2026/09/20 16:50:20.474, 0, 0 %, 0 %, 35270 MiB, 38.75 W
2026/09/20 16:50:20.475, 1, 0 %, 0 %, 35270 MiB, 38.23 W
2026/09/20 16:50:20.475, 2, 0 %, 0 %, 35270 MiB, 37.14 W
2026/09/20 16:50:25.476, 0, 0 %, 0 %, 35270 MiB, 38.87 W
2026/09/20 16:50:25.476, 1, 0 %, 0 %, 35270 MiB, 38.13 W
2026/09/20 16:50:25.476, 2, 0 %, 0 %, 35270 MiB, 37.06 W
2026/09/20 16:50:30.478, 0, 0 %, 0 %, 35270 MiB, 38.64 W
2026/09/20 16:50:30.478, 1, 0 %, 0 %, 35270 MiB, 38.02 W
2026/09/20 16:50:30.478, 2, 0 %, 0 %, 35270 MiB, 37.03 W
2026/09/20 16:50:35.480, 0, 0 %, 0 %, 35270 MiB, 38.75 W
2026/09/20 16:50:35.480, 1, 0 %, 0 %, 35270 MiB, 38.03 W
2026/09/20 16:50:35.480, 2, 0 %, 0 %, 35270 MiB, 37.03 W
2026/09/20 16:50:40.482, 0, 0 %, 0 %, 35270 MiB, 38.74 W
2026/09/20 16:50:40.482, 1, 0 %, 0 %, 35270 MiB, 38.03 W
2026/09/20 16:50:40.482, 2, 0 %, 0 %, 35270 MiB, 37.03 W
2026/09/20 16:50:45.484, 0, 0 %, 0 %, 35270 MiB, 38.57 W
2026/09/20 16:50:45.484, 1, 0 %, 0 %, 35270 MiB, 38.15 W
2026/09/20 16:50:45.485, 2, 0 %, 0 %, 35270 MiB, 37.04 W
2026/09/20 16:50:50.485, 0, 0 %, 0 %, 35270 MiB, 38.59 W
2026/09/20 16:50:50.486, 1, 0 %, 0 %, 35270 MiB, 38.06 W
2026/09/20 16:50:50.486, 2, 0 %, 0 %, 35270 MiB, 36.87 W
2026/09/20 16:50:55.486, 0, 0 %, 0 %, 35270 MiB, 47.00 W
2026/09/20 16:50:55.487, 1, 0 %, 0 %, 35270 MiB, 38.06 W
2026/09/20 16:50:55.487, 2, 0 %, 0 %, 35270 MiB, 37.08 W
2026/09/20 16:51:00.487, 0, 23 %, 1 %, 35270 MiB, 38.75 W
2026/09/20 16:51:00.488, 1, 0 %, 0 %, 35270 MiB, 38.03 W
2026/09/20 16:51:00.488, 2, 0 %, 0 %, 35270 MiB, 36.84 W
2026/09/20 16:51:05.489, 0, 0 %, 0 %, 35270 MiB, 38.65 W
2026/09/20 16:51:05.489, 1, 0 %, 0 %, 35270 MiB, 38.03 W
2026/09/20 16:51:05.489, 2, 0 %, 0 %, 35270 MiB, 36.84 W
2026/09/20 16:51:10.491, 0, 0 %, 0 %, 35270 MiB, 43.59 W
2026/09/20 16:51:10.492, 1, 0 %, 0 %, 35270 MiB, 38.13 W
2026/09/20 16:51:10.492, 2, 0 %, 0 %, 35270 MiB, 36.94 W
2026/09/20 16:51:15.493, 0, 0 %, 0 %, 35270 MiB, 38.96 W
2026/09/20 16:51:15.494, 1, 0 %, 0 %, 35270 MiB, 38.44 W
2026/09/20 16:51:15.494, 2, 0 %, 0 %, 35270 MiB, 37.14 W
2026/09/20 16:51:20.495, 0, 0 %, 0 %, 35270 MiB, 38.75 W
2026/09/20 16:51:20.495, 1, 0 %, 0 %, 35270 MiB, 38.33 W
2026/09/20 16:51:20.496, 2, 0 %, 0 %, 35270 MiB, 36.94 W
2026/09/20 16:51:25.497, 0, 0 %, 0 %, 35270 MiB, 38.75 W
2026/09/20 16:51:25.497, 1, 0 %, 0 %, 35270 MiB, 38.34 W
2026/09/20 16:51:25.498, 2, 0 %, 0 %, 35270 MiB, 36.94 W
2026/09/20 16:51:30.499, 0, 0 %, 0 %, 35270 MiB, 38.78 W
2026/09/20 16:51:30.499, 1, 0 %, 0 %, 35270 MiB, 38.36 W
2026/09/20 16:51:30.500, 2, 0 %, 0 %, 35270 MiB, 37.06 W
2026/09/20 16:51:35.501, 0, 0 %, 0 %, 35270 MiB, 39.06 W
2026/09/20 16:51:35.501, 1, 0 %, 0 %, 35270 MiB, 38.03 W
2026/09/20 16:51:35.501, 2, 0 %, 0 %, 35270 MiB, 37.14 W
2026/09/20 16:51:40.503, 0, 0 %, 0 %, 35270 MiB, 38.94 W
2026/09/20 16:51:40.503, 1, 0 %, 0 %, 35270 MiB, 38.21 W
2026/09/20 16:51:40.503, 2, 0 %, 0 %, 35270 MiB, 37.03 W
2026/09/20 16:51:45.505, 0, 0 %, 0 %, 35270 MiB, 38.93 W
2026/09/20 16:51:45.505, 1, 0 %, 0 %, 35270 MiB, 38.22 W
2026/09/20 16:51:45.505, 2, 0 %, 0 %, 35270 MiB, 37.03 W
2026/09/20 16:51:50.506, 0, 0 %, 0 %, 35270 MiB, 38.75 W
2026/09/20 16:51:50.507, 1, 0 %, 0 %, 35270 MiB, 38.03 W
2026/09/20 16:51:50.507, 2, 0 %, 0 %, 35270 MiB, 37.24 W
2026/09/20 16:51:55.508, 0, 0 %, 0 %, 35270 MiB, 38.86 W
2026/09/20 16:51:55.508, 1, 0 %, 0 %, 35270 MiB, 38.34 W
2026/09/20 16:51:55.508, 2, 0 %, 0 %, 35270 MiB, 37.14 W
2026/09/20 16:52:00.509, 0, 0 %, 0 %, 35270 MiB, 38.78 W
2026/09/20 16:52:00.509, 1, 24 %, 1 %, 35270 MiB, 38.25 W
2026/09/20 16:52:00.510, 2, 0 %, 0 %, 35270 MiB, 37.06 W
2026/09/20 16:52:05.511, 0, 0 %, 0 %, 35270 MiB, 38.76 W
2026/09/20 16:52:05.511, 1, 49 %, 2 %, 35270 MiB, 39.61 W
2026/09/20 16:52:05.512, 2, 0 %, 0 %, 35270 MiB, 36.96 W
2026/09/20 16:52:10.513, 0, 0 %, 0 %, 35270 MiB, 39.07 W
2026/09/20 16:52:10.513, 1, 5 %, 0 %, 35270 MiB, 38.23 W
2026/09/20 16:52:10.513, 2, 0 %, 0 %, 35270 MiB, 37.15 W
2026/09/20 16:52:15.515, 0, 0 %, 0 %, 35270 MiB, 38.86 W
2026/09/20 16:52:15.516, 1, 0 %, 0 %, 35270 MiB, 38.34 W
2026/09/20 16:52:15.516, 2, 0 %, 0 %, 35270 MiB, 37.04 W
2026/09/20 16:52:20.518, 0, 0 %, 0 %, 35270 MiB, 38.86 W
2026/09/20 16:52:20.518, 1, 0 %, 0 %, 35270 MiB, 38.23 W
2026/09/20 16:52:20.518, 2, 0 %, 0 %, 35270 MiB, 37.14 W
2026/09/20 16:52:25.519, 0, 0 %, 0 %, 35270 MiB, 38.86 W
2026/09/20 16:52:25.520, 1, 10 %, 0 %, 35270 MiB, 38.44 W
2026/09/20 16:52:25.520, 2, 0 %, 0 %, 35270 MiB, 37.04 W
2026/09/20 16:52:30.520, 0, 0 %, 0 %, 35270 MiB, 38.97 W
2026/09/20 16:52:30.521, 1, 0 %, 0 %, 35270 MiB, 38.46 W
2026/09/20 16:52:30.521, 2, 0 %, 0 %, 35270 MiB, 37.24 W
2026/09/20 16:52:35.521, 0, 0 %, 0 %, 35270 MiB, 38.90 W
2026/09/20 16:52:35.522, 1, 0 %, 0 %, 35270 MiB, 38.37 W
2026/09/20 16:52:35.522, 2, 0 %, 0 %, 35270 MiB, 37.18 W
2026/09/20 16:52:40.523, 0, 0 %, 0 %, 35270 MiB, 38.89 W
2026/09/20 16:52:40.523, 1, 0 %, 0 %, 35270 MiB, 38.25 W
2026/09/20 16:52:40.523, 2, 0 %, 0 %, 35270 MiB, 37.16 W
2026/09/20 16:52:45.525, 0, 0 %, 0 %, 35270 MiB, 38.96 W
2026/09/20 16:52:45.525, 1, 0 %, 0 %, 35270 MiB, 38.44 W
2026/09/20 16:52:45.525, 2, 0 %, 0 %, 35270 MiB, 37.24 W
2026/09/20 16:52:50.527, 0, 0 %, 0 %, 35270 MiB, 38.96 W
2026/09/20 16:52:50.527, 1, 0 %, 0 %, 35270 MiB, 38.23 W
2026/09/20 16:52:50.528, 2, 0 %, 0 %, 35270 MiB, 37.24 W
2026/09/20 16:52:55.529, 0, 0 %, 0 %, 35270 MiB, 38.74 W
2026/09/20 16:52:55.529, 1, 0 %, 0 %, 35270 MiB, 38.20 W
2026/09/20 16:52:55.529, 2, 0 %, 0 %, 35270 MiB, 37.31 W
2026/09/20 16:53:00.531, 0, 0 %, 0 %, 35270 MiB, 38.64 W
2026/09/20 16:53:00.531, 1, 0 %, 0 %, 35270 MiB, 38.12 W
2026/09/20 16:53:00.531, 2, 0 %, 0 %, 35270 MiB, 37.23 W
2026/09/20 16:53:05.533, 0, 0 %, 0 %, 35270 MiB, 38.74 W
2026/09/20 16:53:05.533, 1, 0 %, 0 %, 35270 MiB, 38.20 W
2026/09/20 16:53:05.533, 2, 0 %, 0 %, 35270 MiB, 37.21 W
2026/09/20 16:53:10.535, 0, 0 %, 0 %, 35270 MiB, 38.76 W
2026/09/20 16:53:10.535, 1, 0 %, 0 %, 35270 MiB, 38.23 W
2026/09/20 16:53:10.536, 2, 0 %, 0 %, 35270 MiB, 36.94 W
2026/09/20 16:53:15.537, 0, 0 %, 0 %, 35270 MiB, 38.74 W
2026/09/20 16:53:15.538, 1, 0 %, 0 %, 35270 MiB, 38.12 W
2026/09/20 16:53:15.538, 2, 0 %, 0 %, 35270 MiB, 38.04 W
2026/09/20 16:53:20.539, 0, 0 %, 0 %, 35270 MiB, 38.75 W
2026/09/20 16:53:20.540, 1, 0 %, 0 %, 35270 MiB, 38.34 W
2026/09/20 16:53:20.540, 2, 0 %, 0 %, 35270 MiB, 37.04 W
2026/09/20 16:53:25.541, 0, 0 %, 0 %, 35270 MiB, 38.96 W
2026/09/20 16:53:25.542, 1, 0 %, 0 %, 35270 MiB, 38.13 W
2026/09/20 16:53:25.542, 2, 0 %, 0 %, 35270 MiB, 37.23 W
2026/09/20 16:53:30.543, 0, 0 %, 0 %, 35270 MiB, 38.74 W
2026/09/20 16:53:30.544, 1, 0 %, 0 %, 35270 MiB, 38.23 W
2026/09/20 16:53:30.544, 2, 0 %, 0 %, 35270 MiB, 38.04 W
2026/09/20 16:53:35.554, 0, 0 %, 0 %, 35270 MiB, 38.76 W
2026/09/20 16:53:35.554, 1, 0 %, 0 %, 35270 MiB, 38.24 W
2026/09/20 16:53:35.555, 2, 0 %, 0 %, 35270 MiB, 37.15 W
2026/09/20 16:53:40.555, 0, 0 %, 0 %, 35270 MiB, 38.84 W
2026/09/20 16:53:40.556, 1, 0 %, 0 %, 35270 MiB, 38.44 W
2026/09/20 16:53:40.556, 2, 0 %, 0 %, 35270 MiB, 37.14 W
2026/09/20 16:53:45.557, 0, 0 %, 0 %, 35270 MiB, 38.97 W
2026/09/20 16:53:45.557, 1, 0 %, 0 %, 35270 MiB, 38.15 W
2026/09/20 16:53:45.557, 2, 0 %, 0 %, 35270 MiB, 37.16 W
2026/09/20 16:53:50.559, 0, 0 %, 0 %, 35270 MiB, 38.97 W
2026/09/20 16:53:50.559, 1, 0 %, 0 %, 35270 MiB, 38.24 W
2026/09/20 16:53:50.559, 2, 0 %, 0 %, 35270 MiB, 37.24 W
2026/09/20 16:53:55.561, 0, 0 %, 0 %, 35270 MiB, 38.99 W
2026/09/20 16:53:55.561, 1, 0 %, 0 %, 35270 MiB, 38.46 W
2026/09/20 16:53:55.561, 2, 0 %, 0 %, 35270 MiB, 37.25 W
2026/09/20 16:54:00.562, 0, 0 %, 0 %, 35270 MiB, 39.17 W
2026/09/20 16:54:00.563, 1, 0 %, 0 %, 35270 MiB, 38.24 W
2026/09/20 16:54:00.563, 2, 0 %, 0 %, 35270 MiB, 37.54 W
2026/09/20 16:54:05.564, 0, 0 %, 0 %, 35270 MiB, 38.75 W
2026/09/20 16:54:05.564, 1, 0 %, 0 %, 35270 MiB, 38.23 W
2026/09/20 16:54:05.565, 2, 0 %, 0 %, 35270 MiB, 37.35 W
2026/09/20 16:54:10.566, 0, 0 %, 0 %, 35270 MiB, 38.88 W
2026/09/20 16:54:10.566, 1, 0 %, 0 %, 35270 MiB, 38.15 W
2026/09/20 16:54:10.567, 2, 0 %, 0 %, 35270 MiB, 37.06 W
2026/09/20 16:54:15.567, 0, 0 %, 0 %, 35270 MiB, 38.89 W
2026/09/20 16:54:15.568, 1, 0 %, 0 %, 35270 MiB, 38.36 W
2026/09/20 16:54:15.568, 2, 0 %, 0 %, 35270 MiB, 37.16 W
2026/09/20 16:54:20.568, 0, 0 %, 0 %, 35270 MiB, 38.80 W
2026/09/20 16:54:20.569, 1, 0 %, 0 %, 35270 MiB, 38.28 W
2026/09/20 16:54:20.569, 2, 0 %, 0 %, 35270 MiB, 37.28 W
2026/09/20 16:54:25.569, 0, 0 %, 0 %, 35270 MiB, 38.85 W
2026/09/20 16:54:25.570, 1, 0 %, 0 %, 35270 MiB, 38.23 W
2026/09/20 16:54:25.570, 2, 0 %, 0 %, 35270 MiB, 37.14 W
2026/09/20 16:54:30.571, 0, 0 %, 0 %, 35270 MiB, 38.75 W
2026/09/20 16:54:30.572, 1, 0 %, 0 %, 35270 MiB, 38.44 W
2026/09/20 16:54:30.572, 2, 0 %, 0 %, 35270 MiB, 37.14 W
2026/09/20 16:54:35.573, 0, 0 %, 0 %, 35270 MiB, 38.76 W
2026/09/20 16:54:35.574, 1, 0 %, 0 %, 35270 MiB, 38.25 W
2026/09/20 16:54:35.574, 2, 0 %, 0 %, 35270 MiB, 37.15 W
2026/09/20 16:54:40.574, 0, 0 %, 0 %, 35270 MiB, 38.96 W
2026/09/20 16:54:40.575, 1, 0 %, 0 %, 35270 MiB, 38.23 W
2026/09/20 16:54:40.575, 2, 0 %, 0 %, 35270 MiB, 37.35 W
2026/09/20 16:54:45.575, 0, 0 %, 0 %, 35270 MiB, 38.87 W
2026/09/20 16:54:45.576, 1, 0 %, 0 %, 35270 MiB, 38.34 W
2026/09/20 16:54:45.576, 2, 0 %, 0 %, 35270 MiB, 37.14 W
2026/09/20 16:54:50.577, 0, 0 %, 0 %, 35270 MiB, 38.85 W
2026/09/20 16:54:50.577, 1, 0 %, 0 %, 35270 MiB, 38.44 W
2026/09/20 16:54:50.578, 2, 0 %, 0 %, 35270 MiB, 37.24 W
2026/09/20 16:54:55.578, 0, 0 %, 0 %, 35270 MiB, 39.14 W
2026/09/20 16:54:55.579, 1, 0 %, 0 %, 35270 MiB, 38.12 W
2026/09/20 16:54:55.579, 2, 0 %, 0 %, 35270 MiB, 37.24 W
2026/09/20 16:55:00.580, 0, 0 %, 0 %, 35270 MiB, 38.97 W
2026/09/20 16:55:00.581, 1, 0 %, 0 %, 35270 MiB, 38.25 W
2026/09/20 16:55:00.581, 2, 0 %, 0 %, 35270 MiB, 37.37 W
2026/09/20 16:55:05.582, 0, 0 %, 0 %, 35270 MiB, 39.11 W
2026/09/20 16:55:05.582, 1, 0 %, 0 %, 35270 MiB, 38.39 W
2026/09/20 16:55:05.583, 2, 0 %, 0 %, 35270 MiB, 37.39 W
2026/09/20 16:55:10.584, 0, 0 %, 0 %, 35270 MiB, 38.86 W
2026/09/20 16:55:10.585, 1, 0 %, 0 %, 35270 MiB, 38.35 W
2026/09/20 16:55:10.585, 2, 0 %, 0 %, 35270 MiB, 37.46 W
2026/09/20 16:55:15.585, 0, 0 %, 0 %, 35270 MiB, 39.01 W
2026/09/20 16:55:15.586, 1, 0 %, 0 %, 35270 MiB, 38.28 W
2026/09/20 16:55:15.586, 2, 0 %, 0 %, 35270 MiB, 37.49 W
2026/09/20 16:55:20.587, 0, 0 %, 0 %, 35270 MiB, 38.80 W
2026/09/20 16:55:20.587, 1, 0 %, 0 %, 35270 MiB, 38.27 W
2026/09/20 16:55:20.587, 2, 0 %, 0 %, 35270 MiB, 37.18 W
2026/09/20 16:55:25.588, 0, 0 %, 0 %, 35270 MiB, 38.90 W
2026/09/20 16:55:25.589, 1, 0 %, 0 %, 35270 MiB, 38.39 W
2026/09/20 16:55:25.589, 2, 0 %, 0 %, 35270 MiB, 37.18 W
2026/09/20 16:55:30.590, 0, 0 %, 0 %, 35270 MiB, 38.75 W
2026/09/20 16:55:30.590, 1, 0 %, 0 %, 35270 MiB, 38.23 W
2026/09/20 16:55:30.591, 2, 0 %, 0 %, 35270 MiB, 37.14 W
2026/09/20 16:55:35.592, 0, 0 %, 0 %, 35270 MiB, 39.04 W
2026/09/20 16:55:35.592, 1, 0 %, 0 %, 35270 MiB, 38.32 W
2026/09/20 16:55:35.592, 2, 0 %, 0 %, 35270 MiB, 37.35 W
2026/09/20 16:55:40.594, 0, 0 %, 0 %, 35270 MiB, 38.98 W
2026/09/20 16:55:40.594, 1, 0 %, 0 %, 35270 MiB, 38.25 W
2026/09/20 16:55:40.595, 2, 0 %, 0 %, 35270 MiB, 37.15 W
2026/09/20 16:55:45.596, 0, 0 %, 0 %, 35270 MiB, 38.96 W
2026/09/20 16:55:45.597, 1, 0 %, 0 %, 35270 MiB, 38.43 W
2026/09/20 16:55:45.597, 2, 0 %, 0 %, 35270 MiB, 37.23 W
2026/09/20 16:55:50.605, 0, 0 %, 0 %, 35270 MiB, 38.96 W
2026/09/20 16:55:50.606, 1, 0 %, 0 %, 35270 MiB, 38.44 W
2026/09/20 16:55:50.606, 2, 0 %, 0 %, 35270 MiB, 37.24 W
2026/09/20 16:55:55.607, 0, 0 %, 0 %, 35270 MiB, 39.06 W
2026/09/20 16:55:55.608, 1, 0 %, 0 %, 35270 MiB, 38.44 W
2026/09/20 16:55:55.608, 2, 0 %, 0 %, 35270 MiB, 37.35 W
2026/09/20 16:56:00.609, 0, 0 %, 0 %, 35270 MiB, 38.99 W
2026/09/20 16:56:00.610, 1, 0 %, 0 %, 35270 MiB, 38.47 W
2026/09/20 16:56:00.610, 2, 0 %, 0 %, 35270 MiB, 37.39 W
2026/09/20 16:56:05.610, 0, 0 %, 0 %, 35270 MiB, 39.18 W
2026/09/20 16:56:05.610, 1, 0 %, 0 %, 35270 MiB, 38.36 W
2026/09/20 16:56:05.611, 2, 0 %, 0 %, 35270 MiB, 37.25 W
2026/09/20 16:56:10.612, 0, 0 %, 0 %, 35270 MiB, 39.25 W
2026/09/20 16:56:10.612, 1, 0 %, 0 %, 35270 MiB, 38.34 W
2026/09/20 16:56:10.612, 2, 0 %, 0 %, 35270 MiB, 37.54 W
2026/09/20 16:56:15.613, 0, 0 %, 0 %, 35270 MiB, 38.87 W
2026/09/20 16:56:15.613, 1, 0 %, 0 %, 35270 MiB, 38.35 W
2026/09/20 16:56:15.614, 2, 0 %, 0 %, 35270 MiB, 37.45 W
2026/09/20 16:56:20.615, 0, 0 %, 0 %, 35270 MiB, 38.85 W
2026/09/20 16:56:20.615, 1, 0 %, 0 %, 35270 MiB, 38.53 W
2026/09/20 16:56:20.616, 2, 0 %, 0 %, 35270 MiB, 37.44 W
2026/09/20 16:56:25.617, 0, 0 %, 0 %, 35270 MiB, 38.94 W
2026/09/20 16:56:25.617, 1, 0 %, 0 %, 35270 MiB, 38.22 W
2026/09/20 16:56:25.617, 2, 0 %, 0 %, 35270 MiB, 37.13 W
2026/09/20 16:56:30.618, 0, 0 %, 0 %, 35270 MiB, 39.08 W
2026/09/20 16:56:30.619, 1, 0 %, 0 %, 35270 MiB, 38.15 W
2026/09/20 16:56:30.619, 2, 0 %, 0 %, 35270 MiB, 37.36 W
2026/09/20 16:56:35.620, 0, 0 %, 0 %, 35270 MiB, 38.86 W
2026/09/20 16:56:35.620, 1, 0 %, 0 %, 35270 MiB, 38.44 W
2026/09/20 16:56:35.620, 2, 0 %, 0 %, 35270 MiB, 37.24 W
2026/09/20 16:56:40.621, 0, 0 %, 0 %, 35270 MiB, 38.96 W
2026/09/20 16:56:40.622, 1, 0 %, 0 %, 35270 MiB, 38.33 W
2026/09/20 16:56:40.622, 2, 0 %, 0 %, 35270 MiB, 37.24 W
2026/09/20 16:56:45.623, 0, 0 %, 0 %, 35270 MiB, 38.96 W
2026/09/20 16:56:45.624, 1, 0 %, 0 %, 35270 MiB, 38.33 W
2026/09/20 16:56:45.624, 2, 0 %, 0 %, 35270 MiB, 37.24 W
2026/09/20 16:56:50.625, 0, 0 %, 0 %, 35270 MiB, 39.05 W
2026/09/20 16:56:50.626, 1, 0 %, 0 %, 35270 MiB, 38.44 W
2026/09/20 16:56:50.626, 2, 0 %, 0 %, 35270 MiB, 37.24 W
2026/09/20 16:56:55.627, 0, 0 %, 0 %, 35270 MiB, 43.93 W
2026/09/20 16:56:55.627, 1, 0 %, 0 %, 35270 MiB, 38.46 W
2026/09/20 16:56:55.627, 2, 0 %, 0 %, 35270 MiB, 37.27 W
2026/09/20 16:57:00.629, 0, 24 %, 1 %, 35270 MiB, 39.06 W
2026/09/20 16:57:00.629, 1, 0 %, 0 %, 35270 MiB, 38.33 W
2026/09/20 16:57:00.629, 2, 0 %, 0 %, 35270 MiB, 37.24 W
2026/09/20 16:57:05.631, 0, 0 %, 0 %, 35270 MiB, 39.16 W
2026/09/20 16:57:05.632, 1, 0 %, 0 %, 35270 MiB, 38.34 W
2026/09/20 16:57:05.632, 2, 0 %, 0 %, 35270 MiB, 37.35 W
2026/09/20 16:57:10.633, 0, 0 %, 0 %, 35270 MiB, 39.04 W
2026/09/20 16:57:10.633, 1, 0 %, 0 %, 35270 MiB, 38.33 W
2026/09/20 16:57:10.634, 2, 0 %, 0 %, 35270 MiB, 37.33 W
2026/09/20 16:57:15.636, 0, 0 %, 0 %, 35270 MiB, 38.95 W
2026/09/20 16:57:15.637, 1, 0 %, 0 %, 35270 MiB, 38.23 W
2026/09/20 16:57:15.637, 2, 10 %, 0 %, 35270 MiB, 37.44 W
2026/09/20 16:57:20.638, 0, 0 %, 0 %, 35270 MiB, 39.06 W
2026/09/20 16:57:20.638, 1, 0 %, 0 %, 35270 MiB, 38.23 W
2026/09/20 16:57:20.638, 2, 0 %, 0 %, 35270 MiB, 37.74 W
2026/09/20 16:57:25.640, 0, 9 %, 0 %, 35270 MiB, 38.99 W
2026/09/20 16:57:25.640, 1, 0 %, 0 %, 35270 MiB, 38.25 W
2026/09/20 16:57:25.641, 2, 0 %, 0 %, 35270 MiB, 37.56 W
2026/09/20 16:57:30.642, 0, 0 %, 0 %, 35270 MiB, 38.98 W
2026/09/20 16:57:30.642, 1, 0 %, 0 %, 35270 MiB, 38.25 W
2026/09/20 16:57:30.643, 2, 0 %, 0 %, 35270 MiB, 37.37 W
2026/09/20 16:57:35.643, 0, 0 %, 0 %, 35270 MiB, 38.88 W
2026/09/20 16:57:35.644, 1, 0 %, 0 %, 35270 MiB, 38.27 W
2026/09/20 16:57:35.644, 2, 0 %, 0 %, 35270 MiB, 37.07 W
2026/09/20 16:57:40.644, 0, 24 %, 1 %, 35270 MiB, 45.24 W
2026/09/20 16:57:40.645, 1, 0 %, 0 %, 35270 MiB, 38.26 W
2026/09/20 16:57:40.645, 2, 0 %, 0 %, 35270 MiB, 37.18 W
2026/09/20 16:57:45.646, 0, 0 %, 0 %, 35270 MiB, 38.86 W
2026/09/20 16:57:45.646, 1, 0 %, 0 %, 35270 MiB, 38.44 W
2026/09/20 16:57:45.646, 2, 0 %, 0 %, 35270 MiB, 37.37 W
2026/09/20 16:57:50.647, 0, 0 %, 0 %, 35270 MiB, 38.96 W
2026/09/20 16:57:50.647, 1, 0 %, 0 %, 35270 MiB, 38.33 W
2026/09/20 16:57:50.648, 2, 0 %, 0 %, 35270 MiB, 37.24 W
2026/09/20 16:57:55.649, 0, 0 %, 0 %, 35270 MiB, 38.94 W
2026/09/20 16:57:55.649, 1, 0 %, 0 %, 35270 MiB, 38.21 W
2026/09/20 16:57:55.649, 2, 4 %, 0 %, 35270 MiB, 39.90 W
2026/09/20 16:58:00.651, 0, 0 %, 0 %, 35270 MiB, 38.94 W
2026/09/20 16:58:00.651, 1, 0 %, 0 %, 35270 MiB, 38.34 W
2026/09/20 16:58:00.652, 2, 0 %, 0 %, 35270 MiB, 37.13 W
2026/09/20 16:58:05.653, 0, 0 %, 0 %, 35270 MiB, 38.99 W
2026/09/20 16:58:05.653, 1, 0 %, 0 %, 35270 MiB, 38.25 W
2026/09/20 16:58:05.653, 2, 0 %, 0 %, 35270 MiB, 37.27 W
2026/09/20 16:58:10.655, 0, 0 %, 0 %, 35270 MiB, 38.97 W
2026/09/20 16:58:10.655, 1, 0 %, 0 %, 35270 MiB, 38.24 W
2026/09/20 16:58:10.655, 2, 0 %, 0 %, 35270 MiB, 37.24 W
2026/09/20 16:58:15.657, 0, 0 %, 0 %, 35270 MiB, 38.97 W
2026/09/20 16:58:15.657, 1, 0 %, 0 %, 35270 MiB, 38.05 W
2026/09/20 16:58:15.658, 2, 0 %, 0 %, 35270 MiB, 37.15 W
2026/09/20 16:58:20.659, 0, 0 %, 0 %, 35270 MiB, 38.86 W
2026/09/20 16:58:20.659, 1, 0 %, 0 %, 35270 MiB, 38.13 W
2026/09/20 16:58:20.659, 2, 0 %, 0 %, 35270 MiB, 37.36 W
2026/09/20 16:58:25.661, 0, 0 %, 0 %, 35270 MiB, 38.96 W
2026/09/20 16:58:25.661, 1, 0 %, 0 %, 35270 MiB, 38.03 W
2026/09/20 16:58:25.662, 2, 0 %, 0 %, 35270 MiB, 37.24 W
2026/09/20 16:58:30.663, 0, 0 %, 0 %, 35270 MiB, 46.18 W
2026/09/20 16:58:30.664, 1, 0 %, 0 %, 35270 MiB, 37.94 W
2026/09/20 16:58:30.664, 2, 0 %, 0 %, 35270 MiB, 37.14 W
2026/09/20 16:58:35.665, 0, 0 %, 0 %, 35270 MiB, 38.75 W
2026/09/20 16:58:35.666, 1, 0 %, 0 %, 35270 MiB, 38.13 W
2026/09/20 16:58:35.666, 2, 0 %, 0 %, 35270 MiB, 37.35 W
2026/09/20 16:58:40.667, 0, 0 %, 0 %, 35270 MiB, 38.78 W
2026/09/20 16:58:40.667, 1, 0 %, 0 %, 35270 MiB, 38.15 W
2026/09/20 16:58:40.668, 2, 0 %, 0 %, 35270 MiB, 37.16 W
2026/09/20 16:58:45.669, 0, 0 %, 0 %, 35270 MiB, 38.76 W
2026/09/20 16:58:45.670, 1, 0 %, 0 %, 35270 MiB, 38.15 W
2026/09/20 16:58:45.670, 2, 0 %, 0 %, 35270 MiB, 37.15 W
2026/09/20 16:58:50.671, 0, 0 %, 0 %, 35270 MiB, 38.85 W
2026/09/20 16:58:50.671, 1, 0 %, 0 %, 35270 MiB, 38.13 W
2026/09/20 16:58:50.671, 2, 0 %, 0 %, 35270 MiB, 37.04 W
2026/09/20 16:58:55.673, 0, 0 %, 0 %, 35270 MiB, 38.88 W
2026/09/20 16:58:55.673, 1, 19 %, 1 %, 35270 MiB, 39.44 W
2026/09/20 16:58:55.674, 2, 0 %, 0 %, 35270 MiB, 37.06 W
2026/09/20 16:59:00.674, 0, 0 %, 0 %, 35270 MiB, 38.88 W
2026/09/20 16:59:00.675, 1, 0 %, 0 %, 35270 MiB, 38.25 W
2026/09/20 16:59:00.675, 2, 0 %, 0 %, 35270 MiB, 37.16 W
2026/09/20 16:59:05.676, 0, 0 %, 0 %, 35270 MiB, 38.80 W
2026/09/20 16:59:05.676, 1, 24 %, 1 %, 35270 MiB, 38.28 W
2026/09/20 16:59:05.677, 2, 0 %, 0 %, 35270 MiB, 37.09 W
2026/09/20 16:59:10.677, 0, 0 %, 0 %, 35270 MiB, 39.01 W
2026/09/20 16:59:10.677, 1, 0 %, 0 %, 35270 MiB, 38.49 W
2026/09/20 16:59:10.677, 2, 0 %, 0 %, 35270 MiB, 37.18 W
2026/09/20 16:59:15.678, 0, 0 %, 0 %, 35270 MiB, 38.99 W
2026/09/20 16:59:15.679, 1, 0 %, 0 %, 35270 MiB, 38.85 W
2026/09/20 16:59:15.679, 2, 0 %, 0 %, 35270 MiB, 37.16 W
2026/09/20 16:59:20.680, 0, 0 %, 0 %, 35270 MiB, 38.89 W
2026/09/20 16:59:20.680, 1, 0 %, 0 %, 35270 MiB, 38.15 W
2026/09/20 16:59:20.680, 2, 0 %, 0 %, 35270 MiB, 37.26 W
2026/09/20 16:59:25.681, 0, 0 %, 0 %, 35270 MiB, 39.19 W
2026/09/20 16:59:25.682, 1, 0 %, 0 %, 35270 MiB, 38.18 W
2026/09/20 16:59:25.682, 2, 0 %, 0 %, 35270 MiB, 37.18 W
2026/09/20 16:59:30.682, 0, 0 %, 0 %, 35270 MiB, 39.02 W
2026/09/20 16:59:30.682, 1, 0 %, 0 %, 35270 MiB, 38.28 W
2026/09/20 16:59:30.682, 2, 0 %, 0 %, 35270 MiB, 37.28 W
2026/09/20 16:59:35.682, 0, 0 %, 0 %, 35270 MiB, 39.02 W
2026/09/20 16:59:35.683, 1, 2 %, 0 %, 35270 MiB, 43.54 W
2026/09/20 16:59:35.683, 2, 0 %, 0 %, 35270 MiB, 37.49 W
2026/09/20 16:59:40.683, 0, 0 %, 0 %, 35270 MiB, 38.90 W
2026/09/20 16:59:40.684, 1, 25 %, 1 %, 35270 MiB, 38.36 W
2026/09/20 16:59:40.684, 2, 0 %, 0 %, 35270 MiB, 37.37 W
2026/09/20 16:59:45.685, 0, 0 %, 0 %, 35270 MiB, 39.08 W
2026/09/20 16:59:45.685, 1, 0 %, 0 %, 35270 MiB, 38.56 W
2026/09/20 16:59:45.685, 2, 0 %, 0 %, 35270 MiB, 37.26 W
2026/09/20 16:59:50.686, 0, 0 %, 0 %, 35270 MiB, 38.99 W
2026/09/20 16:59:50.687, 1, 0 %, 0 %, 35270 MiB, 38.36 W
2026/09/20 16:59:50.687, 2, 0 %, 0 %, 35270 MiB, 37.18 W
2026/09/20 16:59:55.688, 0, 0 %, 0 %, 35270 MiB, 38.99 W
2026/09/20 16:59:55.688, 1, 0 %, 0 %, 35270 MiB, 38.36 W
2026/09/20 16:59:55.689, 2, 0 %, 0 %, 35270 MiB, 37.37 W
2026/09/20 17:00:00.690, 0, 0 %, 0 %, 35270 MiB, 38.96 W
2026/09/20 17:00:00.690, 1, 0 %, 0 %, 35270 MiB, 38.34 W
2026/09/20 17:00:00.691, 2, 0 %, 0 %, 35270 MiB, 37.25 W
2026/09/20 17:00:05.692, 0, 0 %, 0 %, 35270 MiB, 38.96 W
2026/09/20 17:00:05.692, 1, 0 %, 0 %, 35270 MiB, 38.53 W
2026/09/20 17:00:05.692, 2, 0 %, 0 %, 35270 MiB, 37.25 W
2026/09/20 17:00:10.694, 0, 0 %, 0 %, 35270 MiB, 38.78 W
2026/09/20 17:00:10.694, 1, 0 %, 0 %, 35270 MiB, 38.25 W
2026/09/20 17:00:10.694, 2, 0 %, 0 %, 35270 MiB, 37.14 W
2026/09/20 17:00:15.695, 0, 0 %, 0 %, 35270 MiB, 38.76 W
2026/09/20 17:00:15.696, 1, 0 %, 0 %, 35270 MiB, 38.25 W
2026/09/20 17:00:15.696, 2, 0 %, 0 %, 35270 MiB, 37.15 W
2026/09/20 17:00:20.697, 0, 0 %, 0 %, 35270 MiB, 38.97 W
2026/09/20 17:00:20.697, 1, 0 %, 0 %, 35270 MiB, 38.25 W
2026/09/20 17:00:20.697, 2, 0 %, 0 %, 35270 MiB, 37.06 W
2026/09/20 17:00:25.699, 0, 0 %, 0 %, 35270 MiB, 38.76 W
2026/09/20 17:00:25.699, 1, 0 %, 0 %, 35270 MiB, 38.14 W
2026/09/20 17:00:25.699, 2, 0 %, 0 %, 35270 MiB, 37.06 W
2026/09/20 17:00:30.709, 0, 0 %, 0 %, 35270 MiB, 38.86 W
2026/09/20 17:00:30.709, 1, 0 %, 0 %, 35270 MiB, 37.94 W
2026/09/20 17:00:30.709, 2, 0 %, 0 %, 35270 MiB, 37.06 W
2026/09/20 17:00:35.711, 0, 0 %, 0 %, 35270 MiB, 38.77 W
2026/09/20 17:00:35.711, 1, 0 %, 0 %, 35270 MiB, 37.95 W
2026/09/20 17:00:35.711, 2, 0 %, 0 %, 35270 MiB, 37.15 W
2026/09/20 17:00:40.712, 0, 0 %, 0 %, 35270 MiB, 38.99 W
2026/09/20 17:00:40.712, 1, 0 %, 0 %, 35270 MiB, 38.24 W
2026/09/20 17:00:40.712, 2, 0 %, 0 %, 35270 MiB, 37.16 W
2026/09/20 17:00:45.714, 0, 0 %, 0 %, 35270 MiB, 38.76 W
2026/09/20 17:00:45.714, 1, 0 %, 0 %, 35270 MiB, 38.13 W
2026/09/20 17:00:45.714, 2, 0 %, 0 %, 35270 MiB, 37.15 W
2026/09/20 17:00:50.715, 0, 0 %, 0 %, 35270 MiB, 38.68 W
2026/09/20 17:00:50.715, 1, 0 %, 0 %, 35270 MiB, 38.03 W
2026/09/20 17:00:50.715, 2, 0 %, 0 %, 35270 MiB, 37.15 W
2026/09/20 17:00:55.717, 0, 0 %, 0 %, 35270 MiB, 38.66 W
2026/09/20 17:00:55.717, 1, 0 %, 0 %, 35270 MiB, 38.03 W
2026/09/20 17:00:55.717, 2, 0 %, 0 %, 35270 MiB, 37.05 W
2026/09/20 17:01:00.719, 0, 0 %, 0 %, 35270 MiB, 38.75 W
2026/09/20 17:01:00.719, 1, 0 %, 0 %, 35270 MiB, 38.14 W
2026/09/20 17:01:00.720, 2, 0 %, 0 %, 35270 MiB, 37.04 W
2026/09/20 17:01:05.721, 0, 0 %, 0 %, 35270 MiB, 38.65 W
2026/09/20 17:01:05.721, 1, 0 %, 0 %, 35270 MiB, 38.13 W
2026/09/20 17:01:05.721, 2, 0 %, 0 %, 35270 MiB, 37.04 W
2026/09/20 17:01:10.722, 0, 0 %, 0 %, 35270 MiB, 38.77 W
2026/09/20 17:01:10.723, 1, 0 %, 0 %, 35270 MiB, 38.03 W
2026/09/20 17:01:10.723, 2, 0 %, 0 %, 35270 MiB, 37.06 W
2026/09/20 17:01:15.724, 0, 0 %, 0 %, 35270 MiB, 38.75 W
2026/09/20 17:01:15.724, 1, 0 %, 0 %, 35270 MiB, 38.44 W
2026/09/20 17:01:15.724, 2, 0 %, 0 %, 35270 MiB, 37.15 W
2026/09/20 17:01:20.725, 0, 0 %, 0 %, 35270 MiB, 38.76 W
2026/09/20 17:01:20.725, 1, 0 %, 0 %, 35270 MiB, 38.24 W
2026/09/20 17:01:20.725, 2, 0 %, 0 %, 35270 MiB, 37.04 W
2026/09/20 17:01:25.726, 0, 0 %, 0 %, 35270 MiB, 38.76 W
2026/09/20 17:01:25.727, 1, 0 %, 0 %, 35270 MiB, 38.23 W
2026/09/20 17:01:25.727, 2, 0 %, 0 %, 35270 MiB, 37.04 W
2026/09/20 17:01:30.728, 0, 0 %, 0 %, 35270 MiB, 38.76 W
2026/09/20 17:01:30.728, 1, 0 %, 0 %, 35270 MiB, 38.13 W
2026/09/20 17:01:30.728, 2, 0 %, 0 %, 35270 MiB, 37.24 W
2026/09/20 17:01:35.730, 0, 0 %, 0 %, 35270 MiB, 39.25 W
2026/09/20 17:01:35.730, 1, 0 %, 0 %, 35270 MiB, 38.34 W
2026/09/20 17:01:35.730, 2, 0 %, 0 %, 35270 MiB, 37.04 W
2026/09/20 17:01:40.731, 0, 0 %, 0 %, 35270 MiB, 38.87 W
2026/09/20 17:01:40.732, 1, 0 %, 0 %, 35270 MiB, 37.94 W
2026/09/20 17:01:40.732, 2, 0 %, 0 %, 35270 MiB, 37.04 W
2026/09/20 17:01:45.733, 0, 0 %, 0 %, 35270 MiB, 38.75 W
2026/09/20 17:01:45.733, 1, 0 %, 0 %, 35270 MiB, 37.94 W
2026/09/20 17:01:45.733, 2, 0 %, 0 %, 35270 MiB, 37.06 W
2026/09/20 17:01:50.739, 0, 0 %, 0 %, 35270 MiB, 38.56 W
2026/09/20 17:01:50.739, 1, 0 %, 0 %, 35270 MiB, 37.93 W
2026/09/20 17:01:50.739, 2, 0 %, 0 %, 35270 MiB, 37.35 W
2026/09/20 17:01:55.741, 0, 0 %, 0 %, 35270 MiB, 38.65 W
2026/09/20 17:01:55.741, 1, 0 %, 0 %, 35270 MiB, 38.03 W
2026/09/20 17:01:55.741, 2, 0 %, 0 %, 35270 MiB, 37.14 W
2026/09/20 17:02:00.743, 0, 0 %, 0 %, 35270 MiB, 38.57 W
2026/09/20 17:02:00.743, 1, 0 %, 0 %, 35270 MiB, 37.94 W
2026/09/20 17:02:00.743, 2, 0 %, 0 %, 35270 MiB, 36.94 W
2026/09/20 17:02:05.744, 0, 0 %, 0 %, 35270 MiB, 38.56 W
2026/09/20 17:02:05.744, 1, 0 %, 0 %, 35270 MiB, 37.94 W
2026/09/20 17:02:05.745, 2, 0 %, 0 %, 35270 MiB, 36.94 W
2026/09/20 17:02:10.745, 0, 0 %, 0 %, 35270 MiB, 38.66 W
2026/09/20 17:02:10.745, 1, 0 %, 0 %, 35270 MiB, 38.13 W
2026/09/20 17:02:10.746, 2, 0 %, 0 %, 35270 MiB, 36.96 W
2026/09/20 17:02:15.747, 0, 0 %, 0 %, 35270 MiB, 38.58 W
2026/09/20 17:02:15.747, 1, 0 %, 0 %, 35270 MiB, 38.06 W
2026/09/20 17:02:15.748, 2, 0 %, 0 %, 35270 MiB, 36.96 W
2026/09/20 17:02:20.749, 0, 0 %, 0 %, 35270 MiB, 38.61 W
2026/09/20 17:02:20.749, 1, 0 %, 0 %, 35270 MiB, 38.08 W
2026/09/20 17:02:20.750, 2, 0 %, 0 %, 35270 MiB, 36.98 W
2026/09/20 17:02:25.753, 0, 0 %, 0 %, 35270 MiB, 38.69 W
2026/09/20 17:02:25.753, 1, 0 %, 0 %, 35270 MiB, 38.17 W
2026/09/20 17:02:25.753, 2, 0 %, 0 %, 35270 MiB, 36.98 W
2026/09/20 17:02:30.753, 0, 0 %, 0 %, 35270 MiB, 39.01 W
2026/09/20 17:02:30.754, 1, 0 %, 0 %, 35270 MiB, 38.28 W
2026/09/20 17:02:30.754, 2, 0 %, 0 %, 35270 MiB, 37.18 W
2026/09/20 17:02:35.754, 0, 0 %, 0 %, 35270 MiB, 38.80 W
2026/09/20 17:02:35.755, 1, 0 %, 0 %, 35270 MiB, 38.18 W
2026/09/20 17:02:35.755, 2, 0 %, 0 %, 35270 MiB, 37.18 W
2026/09/20 17:02:40.755, 0, 0 %, 0 %, 35270 MiB, 38.92 W
2026/09/20 17:02:40.755, 1, 0 %, 0 %, 35270 MiB, 38.29 W
2026/09/20 17:02:40.755, 2, 0 %, 0 %, 35270 MiB, 37.10 W
2026/09/20 17:02:45.756, 0, 100 %, 7 %, 35270 MiB, 93.64 W
2026/09/20 17:02:45.756, 1, 100 %, 7 %, 35270 MiB, 93.49 W
2026/09/20 17:02:45.756, 2, 100 %, 7 %, 35270 MiB, 94.44 W
2026/09/20 17:02:50.756, 0, 100 %, 6 %, 35270 MiB, 97.34 W
2026/09/20 17:02:50.757, 1, 100 %, 7 %, 35270 MiB, 93.23 W
2026/09/20 17:02:50.757, 2, 98 %, 6 %, 35270 MiB, 92.14 W
2026/09/20 17:02:55.757, 0, 100 %, 7 %, 35270 MiB, 96.39 W
2026/09/20 17:02:55.757, 1, 100 %, 7 %, 35270 MiB, 92.54 W
2026/09/20 17:02:55.757, 2, 100 %, 11 %, 35270 MiB, 158.67 W
2026/09/20 17:03:00.761, 0, 100 %, 7 %, 35270 MiB, 97.20 W
2026/09/20 17:03:00.761, 1, 100 %, 7 %, 35270 MiB, 154.55 W
2026/09/20 17:03:00.761, 2, 100 %, 7 %, 35270 MiB, 91.21 W
2026/09/20 17:03:05.762, 0, 100 %, 7 %, 35270 MiB, 95.29 W
2026/09/20 17:03:05.762, 1, 100 %, 7 %, 35270 MiB, 96.60 W
2026/09/20 17:03:05.762, 2, 100 %, 7 %, 35270 MiB, 95.12 W
2026/09/20 17:03:10.762, 0, 100 %, 6 %, 35270 MiB, 92.47 W
2026/09/20 17:03:10.763, 1, 100 %, 7 %, 35270 MiB, 99.36 W
2026/09/20 17:03:10.763, 2, 100 %, 7 %, 35270 MiB, 93.04 W
2026/09/20 17:03:15.763, 0, 100 %, 7 %, 35270 MiB, 96.42 W
2026/09/20 17:03:15.763, 1, 100 %, 7 %, 35270 MiB, 95.26 W
2026/09/20 17:03:15.763, 2, 100 %, 7 %, 35270 MiB, 92.17 W
2026/09/20 17:03:20.764, 0, 100 %, 10 %, 35270 MiB, 99.64 W
2026/09/20 17:03:20.764, 1, 100 %, 7 %, 35270 MiB, 95.93 W
2026/09/20 17:03:20.764, 2, 100 %, 7 %, 35270 MiB, 96.10 W
2026/09/20 17:03:25.764, 0, 100 %, 7 %, 35270 MiB, 98.10 W
2026/09/20 17:03:25.765, 1, 100 %, 7 %, 35270 MiB, 95.50 W
2026/09/20 17:03:25.765, 2, 100 %, 6 %, 35270 MiB, 101.42 W
2026/09/20 17:03:30.765, 0, 100 %, 7 %, 35270 MiB, 95.37 W
2026/09/20 17:03:30.765, 1, 100 %, 7 %, 35270 MiB, 96.33 W
2026/09/20 17:03:30.765, 2, 100 %, 6 %, 35270 MiB, 99.07 W
2026/09/20 17:03:35.766, 0, 100 %, 7 %, 35270 MiB, 97.42 W
2026/09/20 17:03:35.766, 1, 100 %, 10 %, 35270 MiB, 97.07 W
2026/09/20 17:03:35.766, 2, 100 %, 6 %, 35270 MiB, 92.78 W
2026/09/20 17:03:40.766, 0, 100 %, 7 %, 35270 MiB, 96.71 W
2026/09/20 17:03:40.767, 1, 100 %, 7 %, 35270 MiB, 95.63 W
2026/09/20 17:03:40.767, 2, 100 %, 6 %, 35270 MiB, 94.32 W
2026/09/20 17:03:45.767, 0, 100 %, 7 %, 35270 MiB, 91.59 W
2026/09/20 17:03:45.767, 1, 100 %, 7 %, 35270 MiB, 94.42 W
2026/09/20 17:03:45.767, 2, 100 %, 7 %, 35270 MiB, 97.74 W
2026/09/20 17:03:50.768, 0, 100 %, 11 %, 35270 MiB, 95.63 W
2026/09/20 17:03:50.768, 1, 100 %, 7 %, 35270 MiB, 98.01 W
2026/09/20 17:03:50.768, 2, 100 %, 7 %, 35270 MiB, 97.15 W
2026/09/20 17:03:55.771, 0, 100 %, 11 %, 35270 MiB, 101.70 W
2026/09/20 17:03:55.771, 1, 100 %, 10 %, 35270 MiB, 96.49 W
2026/09/20 17:03:55.771, 2, 100 %, 7 %, 35270 MiB, 94.11 W
2026/09/20 17:04:00.772, 0, 100 %, 7 %, 35270 MiB, 96.33 W
2026/09/20 17:04:00.772, 1, 100 %, 7 %, 35270 MiB, 100.93 W
2026/09/20 17:04:00.772, 2, 100 %, 7 %, 35270 MiB, 97.90 W
2026/09/20 17:04:05.772, 0, 100 %, 11 %, 35270 MiB, 97.56 W
2026/09/20 17:04:05.773, 1, 99 %, 6 %, 35270 MiB, 100.62 W
2026/09/20 17:04:05.773, 2, 100 %, 7 %, 35270 MiB, 93.17 W
2026/09/20 17:04:10.773, 0, 100 %, 7 %, 35270 MiB, 96.60 W
2026/09/20 17:04:10.773, 1, 100 %, 7 %, 35270 MiB, 97.94 W
2026/09/20 17:04:10.773, 2, 100 %, 9 %, 35270 MiB, 96.50 W
2026/09/20 17:04:15.774, 0, 100 %, 11 %, 35270 MiB, 95.39 W
2026/09/20 17:04:15.774, 1, 100 %, 12 %, 35270 MiB, 95.05 W
2026/09/20 17:04:15.774, 2, 100 %, 7 %, 35270 MiB, 95.61 W
2026/09/20 17:04:20.774, 0, 100 %, 12 %, 35270 MiB, 99.11 W
2026/09/20 17:04:20.775, 1, 100 %, 12 %, 35270 MiB, 99.40 W
2026/09/20 17:04:20.775, 2, 100 %, 11 %, 35270 MiB, 94.06 W
2026/09/20 17:04:25.775, 0, 100 %, 11 %, 35270 MiB, 98.49 W
2026/09/20 17:04:25.775, 1, 100 %, 7 %, 35270 MiB, 96.84 W
2026/09/20 17:04:25.775, 2, 100 %, 7 %, 35270 MiB, 98.97 W
2026/09/20 17:04:30.776, 0, 100 %, 11 %, 35270 MiB, 99.87 W
2026/09/20 17:04:30.776, 1, 100 %, 11 %, 35270 MiB, 97.48 W
2026/09/20 17:04:30.776, 2, 100 %, 7 %, 35270 MiB, 95.98 W
2026/09/20 17:04:35.776, 0, 100 %, 11 %, 35270 MiB, 93.80 W
2026/09/20 17:04:35.777, 1, 100 %, 11 %, 35270 MiB, 94.89 W
2026/09/20 17:04:35.777, 2, 100 %, 11 %, 35270 MiB, 90.68 W
2026/09/20 17:04:40.777, 0, 100 %, 7 %, 35270 MiB, 99.71 W
2026/09/20 17:04:40.777, 1, 100 %, 7 %, 35270 MiB, 110.14 W
2026/09/20 17:04:40.777, 2, 100 %, 7 %, 35270 MiB, 96.07 W
2026/09/20 17:04:45.778, 0, 100 %, 10 %, 35270 MiB, 98.23 W
2026/09/20 17:04:45.778, 1, 100 %, 7 %, 35270 MiB, 98.93 W
2026/09/20 17:04:45.778, 2, 100 %, 7 %, 35270 MiB, 93.76 W
2026/09/20 17:04:50.778, 0, 100 %, 7 %, 35270 MiB, 97.82 W
2026/09/20 17:04:50.779, 1, 100 %, 7 %, 35270 MiB, 101.61 W
2026/09/20 17:04:50.779, 2, 100 %, 7 %, 35270 MiB, 98.63 W
2026/09/20 17:04:55.779, 0, 100 %, 7 %, 35270 MiB, 99.30 W
2026/09/20 17:04:55.779, 1, 100 %, 7 %, 35270 MiB, 100.06 W
2026/09/20 17:04:55.779, 2, 100 %, 7 %, 35270 MiB, 98.03 W
2026/09/20 17:05:00.780, 0, 100 %, 7 %, 35270 MiB, 107.29 W
2026/09/20 17:05:00.780, 1, 100 %, 7 %, 35270 MiB, 97.43 W
2026/09/20 17:05:00.780, 2, 100 %, 7 %, 35270 MiB, 100.33 W
2026/09/20 17:05:05.780, 0, 100 %, 7 %, 35270 MiB, 96.97 W
2026/09/20 17:05:05.781, 1, 100 %, 7 %, 35270 MiB, 132.55 W
2026/09/20 17:05:05.781, 2, 100 %, 11 %, 35270 MiB, 98.34 W
2026/09/20 17:05:10.781, 0, 100 %, 10 %, 35270 MiB, 98.13 W
2026/09/20 17:05:10.781, 1, 100 %, 7 %, 35270 MiB, 100.93 W
2026/09/20 17:05:10.781, 2, 100 %, 7 %, 35270 MiB, 97.52 W
2026/09/20 17:05:15.782, 0, 100 %, 7 %, 35270 MiB, 182.59 W
2026/09/20 17:05:15.782, 1, 100 %, 7 %, 35270 MiB, 98.58 W
2026/09/20 17:05:15.783, 2, 100 %, 7 %, 35270 MiB, 169.23 W
2026/09/20 17:05:20.783, 0, 58 %, 8 %, 35270 MiB, 89.01 W
2026/09/20 17:05:20.783, 1, 62 %, 8 %, 35270 MiB, 89.56 W
2026/09/20 17:05:20.783, 2, 72 %, 9 %, 35270 MiB, 87.28 W
2026/09/20 17:05:25.784, 0, 0 %, 0 %, 35270 MiB, 45.12 W
2026/09/20 17:05:25.784, 1, 0 %, 0 %, 35270 MiB, 69.74 W
2026/09/20 17:05:25.784, 2, 0 %, 0 %, 35270 MiB, 68.91 W
2026/09/20 17:05:30.784, 0, 0 %, 0 %, 35270 MiB, 44.57 W
2026/09/20 17:05:30.785, 1, 0 %, 0 %, 35270 MiB, 44.03 W
2026/09/20 17:05:30.785, 2, 0 %, 0 %, 35270 MiB, 42.56 W
2026/09/20 17:05:35.786, 0, 0 %, 0 %, 35270 MiB, 44.30 W
2026/09/20 17:05:35.786, 1, 0 %, 0 %, 35270 MiB, 43.38 W
2026/09/20 17:05:35.786, 2, 0 %, 0 %, 35270 MiB, 42.22 W
2026/09/20 17:05:40.787, 0, 0 %, 0 %, 35270 MiB, 44.10 W
2026/09/20 17:05:40.787, 1, 0 %, 0 %, 35270 MiB, 43.68 W
2026/09/20 17:05:40.787, 2, 0 %, 0 %, 35270 MiB, 42.01 W
2026/09/20 17:05:45.789, 0, 0 %, 0 %, 35270 MiB, 43.89 W
2026/09/20 17:05:45.789, 1, 0 %, 0 %, 35270 MiB, 42.97 W
2026/09/20 17:05:45.789, 2, 0 %, 0 %, 35270 MiB, 41.82 W
2026/09/20 17:05:50.791, 0, 0 %, 0 %, 35270 MiB, 43.31 W
2026/09/20 17:05:50.791, 1, 0 %, 0 %, 35270 MiB, 42.38 W
2026/09/20 17:05:50.791, 2, 0 %, 0 %, 35270 MiB, 41.41 W
2026/09/20 17:05:55.792, 0, 0 %, 0 %, 35270 MiB, 42.53 W
2026/09/20 17:05:55.793, 1, 0 %, 0 %, 35270 MiB, 41.99 W
2026/09/20 17:05:55.793, 2, 0 %, 0 %, 35270 MiB, 41.02 W
2026/09/20 17:06:00.794, 0, 0 %, 0 %, 35270 MiB, 42.62 W
2026/09/20 17:06:00.794, 1, 0 %, 0 %, 35270 MiB, 41.70 W
2026/09/20 17:06:00.795, 2, 0 %, 0 %, 35270 MiB, 40.63 W
2026/09/20 17:06:05.796, 0, 0 %, 0 %, 35270 MiB, 42.52 W
2026/09/20 17:06:05.796, 1, 0 %, 0 %, 35270 MiB, 41.70 W
2026/09/20 17:06:05.796, 2, 0 %, 0 %, 35270 MiB, 40.53 W
2026/09/20 17:06:10.802, 0, 0 %, 0 %, 35270 MiB, 42.32 W
2026/09/20 17:06:10.802, 1, 0 %, 0 %, 35270 MiB, 41.40 W
2026/09/20 17:06:10.802, 2, 0 %, 0 %, 35270 MiB, 40.33 W
2026/09/20 17:06:15.804, 0, 0 %, 0 %, 35270 MiB, 42.13 W
2026/09/20 17:06:15.804, 1, 0 %, 0 %, 35270 MiB, 41.21 W
2026/09/20 17:06:15.805, 2, 0 %, 0 %, 35270 MiB, 40.13 W
2026/09/20 17:06:20.806, 0, 0 %, 0 %, 35270 MiB, 41.94 W
2026/09/20 17:06:20.806, 1, 0 %, 0 %, 35270 MiB, 41.21 W
2026/09/20 17:06:20.806, 2, 0 %, 0 %, 35270 MiB, 40.01 W
2026/09/20 17:06:25.808, 0, 0 %, 0 %, 35270 MiB, 41.45 W
2026/09/20 17:06:25.808, 1, 0 %, 0 %, 35270 MiB, 41.14 W
2026/09/20 17:06:25.809, 2, 0 %, 0 %, 35270 MiB, 39.82 W
2026/09/20 17:06:30.810, 0, 0 %, 0 %, 35270 MiB, 41.64 W
2026/09/20 17:06:30.810, 1, 0 %, 0 %, 35270 MiB, 40.90 W
2026/09/20 17:06:30.810, 2, 0 %, 0 %, 35270 MiB, 39.72 W
2026/09/20 17:06:35.816, 0, 0 %, 0 %, 35270 MiB, 41.53 W
2026/09/20 17:06:35.817, 1, 0 %, 0 %, 35270 MiB, 40.81 W
2026/09/20 17:06:35.817, 2, 0 %, 0 %, 35270 MiB, 39.62 W
2026/09/20 17:06:40.823, 0, 0 %, 0 %, 35270 MiB, 41.64 W
2026/09/20 17:06:40.823, 1, 0 %, 0 %, 35270 MiB, 40.90 W
2026/09/20 17:06:40.824, 2, 0 %, 0 %, 35270 MiB, 39.74 W
2026/09/20 17:06:45.825, 0, 0 %, 0 %, 35270 MiB, 41.43 W
2026/09/20 17:06:45.825, 1, 0 %, 0 %, 35270 MiB, 40.81 W
2026/09/20 17:06:45.825, 2, 0 %, 0 %, 35270 MiB, 39.43 W
2026/09/20 17:06:50.826, 0, 0 %, 0 %, 35270 MiB, 41.24 W
2026/09/20 17:06:50.827, 1, 0 %, 0 %, 35270 MiB, 40.61 W
2026/09/20 17:06:50.827, 2, 0 %, 0 %, 35270 MiB, 39.43 W
2026/09/20 17:06:55.827, 0, 0 %, 0 %, 35270 MiB, 41.43 W
2026/09/20 17:06:55.828, 1, 0 %, 0 %, 35270 MiB, 40.61 W
2026/09/20 17:06:55.828, 2, 0 %, 0 %, 35270 MiB, 39.73 W
2026/09/20 17:07:00.829, 0, 0 %, 0 %, 35270 MiB, 40.84 W
2026/09/20 17:07:00.829, 1, 0 %, 0 %, 35270 MiB, 40.61 W
2026/09/20 17:07:00.830, 2, 0 %, 0 %, 35270 MiB, 39.33 W
2026/09/20 17:07:05.831, 0, 0 %, 0 %, 35270 MiB, 41.14 W
2026/09/20 17:07:05.831, 1, 0 %, 0 %, 35270 MiB, 40.42 W
2026/09/20 17:07:05.831, 2, 0 %, 0 %, 35270 MiB, 39.23 W
2026/09/20 17:07:10.833, 0, 0 %, 0 %, 35270 MiB, 41.04 W
2026/09/20 17:07:10.833, 1, 0 %, 0 %, 35270 MiB, 40.22 W
2026/09/20 17:07:10.833, 2, 0 %, 0 %, 35270 MiB, 39.15 W
2026/09/20 17:07:15.834, 0, 0 %, 0 %, 35270 MiB, 41.04 W
2026/09/20 17:07:15.835, 1, 0 %, 0 %, 35270 MiB, 40.32 W
2026/09/20 17:07:15.835, 2, 0 %, 0 %, 35270 MiB, 39.23 W
2026/09/20 17:07:20.835, 0, 0 %, 0 %, 35270 MiB, 40.54 W
2026/09/20 17:07:20.836, 1, 0 %, 0 %, 35270 MiB, 40.01 W
2026/09/20 17:07:20.836, 2, 0 %, 0 %, 35270 MiB, 39.03 W
2026/09/20 17:07:25.837, 0, 0 %, 0 %, 35270 MiB, 40.64 W
2026/09/20 17:07:25.837, 1, 0 %, 0 %, 35270 MiB, 40.01 W
2026/09/20 17:07:25.838, 2, 0 %, 0 %, 35270 MiB, 39.03 W
2026/09/20 17:07:30.838, 0, 0 %, 0 %, 35270 MiB, 40.56 W
2026/09/20 17:07:30.839, 1, 0 %, 0 %, 35270 MiB, 39.94 W
2026/09/20 17:07:30.839, 2, 0 %, 0 %, 35270 MiB, 38.96 W
2026/09/20 17:07:35.839, 0, 0 %, 0 %, 35270 MiB, 40.48 W
2026/09/20 17:07:35.839, 1, 0 %, 0 %, 35270 MiB, 39.84 W
2026/09/20 17:07:35.839, 2, 0 %, 0 %, 35270 MiB, 38.86 W
2026/09/20 17:07:40.839, 0, 0 %, 0 %, 35270 MiB, 40.57 W
2026/09/20 17:07:40.840, 1, 0 %, 0 %, 35270 MiB, 39.64 W
2026/09/20 17:07:40.840, 2, 0 %, 0 %, 35270 MiB, 38.77 W
2026/09/20 17:07:45.841, 0, 0 %, 0 %, 35270 MiB, 40.49 W
2026/09/20 17:07:45.841, 1, 0 %, 0 %, 35270 MiB, 39.77 W
2026/09/20 17:07:45.841, 2, 0 %, 0 %, 35270 MiB, 38.68 W
2026/09/20 17:07:50.841, 0, 0 %, 0 %, 35270 MiB, 40.69 W
2026/09/20 17:07:50.841, 1, 0 %, 0 %, 35270 MiB, 39.96 W
2026/09/20 17:07:50.841, 2, 0 %, 0 %, 35270 MiB, 38.78 W
2026/09/20 17:07:55.842, 0, 0 %, 0 %, 35270 MiB, 40.50 W
2026/09/20 17:07:55.843, 1, 0 %, 0 %, 35270 MiB, 39.77 W
2026/09/20 17:07:55.843, 2, 0 %, 0 %, 35270 MiB, 38.78 W
2026/09/20 17:08:00.844, 0, 0 %, 0 %, 35270 MiB, 40.56 W
2026/09/20 17:08:00.844, 1, 0 %, 0 %, 35270 MiB, 40.44 W
2026/09/20 17:08:00.844, 2, 0 %, 0 %, 35270 MiB, 38.66 W
2026/09/20 17:08:05.846, 0, 0 %, 0 %, 35270 MiB, 40.52 W
2026/09/20 17:08:05.846, 1, 0 %, 0 %, 35270 MiB, 40.61 W
2026/09/20 17:08:05.846, 2, 0 %, 0 %, 35270 MiB, 38.63 W
2026/09/20 17:08:10.848, 0, 0 %, 0 %, 35270 MiB, 40.64 W
2026/09/20 17:08:10.848, 1, 0 %, 0 %, 35270 MiB, 40.51 W
2026/09/20 17:08:10.849, 2, 0 %, 0 %, 35270 MiB, 38.84 W
2026/09/20 17:08:15.850, 0, 0 %, 0 %, 35270 MiB, 40.75 W
2026/09/20 17:08:15.851, 1, 0 %, 0 %, 35270 MiB, 40.32 W
2026/09/20 17:08:15.851, 2, 0 %, 0 %, 35270 MiB, 38.63 W
2026/09/20 17:08:20.852, 0, 0 %, 0 %, 35270 MiB, 40.65 W
2026/09/20 17:08:20.852, 1, 0 %, 0 %, 35270 MiB, 40.01 W
2026/09/20 17:08:20.852, 2, 0 %, 0 %, 35270 MiB, 38.44 W
2026/09/20 17:08:25.854, 0, 0 %, 0 %, 35270 MiB, 40.64 W
2026/09/20 17:08:25.854, 1, 0 %, 0 %, 35270 MiB, 40.22 W
2026/09/20 17:08:25.854, 2, 0 %, 0 %, 35270 MiB, 38.53 W
2026/09/20 17:08:30.855, 0, 0 %, 0 %, 35270 MiB, 40.59 W
2026/09/20 17:08:30.856, 1, 0 %, 0 %, 35270 MiB, 39.97 W
2026/09/20 17:08:30.856, 2, 0 %, 0 %, 35270 MiB, 38.68 W
2026/09/20 17:08:35.856, 0, 0 %, 0 %, 35270 MiB, 40.37 W
2026/09/20 17:08:35.856, 1, 0 %, 0 %, 35270 MiB, 39.94 W
2026/09/20 17:08:35.856, 2, 0 %, 0 %, 35270 MiB, 38.56 W
2026/09/20 17:08:40.858, 0, 0 %, 0 %, 35270 MiB, 40.37 W
2026/09/20 17:08:40.870, 1, 0 %, 0 %, 35270 MiB, 39.94 W
2026/09/20 17:08:40.871, 2, 0 %, 0 %, 35270 MiB, 38.56 W
2026/09/20 17:08:45.876, 0, 0 %, 0 %, 35270 MiB, 40.64 W
2026/09/20 17:08:45.877, 1, 0 %, 0 %, 35270 MiB, 39.91 W
2026/09/20 17:08:45.877, 2, 0 %, 0 %, 35270 MiB, 38.34 W
2026/09/20 17:08:50.878, 0, 0 %, 0 %, 35270 MiB, 40.33 W
2026/09/20 17:08:50.878, 1, 0 %, 0 %, 35270 MiB, 39.91 W
2026/09/20 17:08:50.879, 2, 0 %, 0 %, 35270 MiB, 38.33 W
2026/09/20 17:08:55.880, 0, 0 %, 0 %, 35270 MiB, 40.31 W
2026/09/20 17:08:55.880, 1, 0 %, 0 %, 35270 MiB, 39.77 W
2026/09/20 17:08:55.880, 2, 0 %, 0 %, 35270 MiB, 38.19 W
2026/09/20 17:09:00.881, 0, 0 %, 0 %, 35270 MiB, 40.24 W
2026/09/20 17:09:00.881, 1, 0 %, 0 %, 35270 MiB, 40.01 W
2026/09/20 17:09:00.881, 2, 0 %, 0 %, 35270 MiB, 38.34 W
2026/09/20 17:09:05.883, 0, 0 %, 0 %, 35270 MiB, 40.44 W
2026/09/20 17:09:05.883, 1, 0 %, 0 %, 35270 MiB, 39.91 W
2026/09/20 17:09:05.883, 2, 0 %, 0 %, 35270 MiB, 38.44 W
2026/09/20 17:09:10.885, 0, 0 %, 0 %, 35270 MiB, 40.27 W
2026/09/20 17:09:10.885, 1, 0 %, 0 %, 35270 MiB, 39.74 W
2026/09/20 17:09:10.886, 2, 0 %, 0 %, 35270 MiB, 38.26 W
2026/09/20 17:09:15.886, 0, 0 %, 0 %, 35270 MiB, 40.18 W
2026/09/20 17:09:15.887, 1, 0 %, 0 %, 35270 MiB, 39.67 W
2026/09/20 17:09:15.887, 2, 0 %, 0 %, 35270 MiB, 38.28 W
2026/09/20 17:09:20.888, 0, 0 %, 0 %, 35270 MiB, 40.06 W
2026/09/20 17:09:20.889, 1, 0 %, 0 %, 35270 MiB, 39.65 W
2026/09/20 17:09:20.889, 2, 0 %, 0 %, 35270 MiB, 38.26 W
2026/09/20 17:09:25.889, 0, 0 %, 0 %, 35270 MiB, 40.05 W
2026/09/20 17:09:25.890, 1, 0 %, 0 %, 35270 MiB, 39.31 W
2026/09/20 17:09:25.890, 2, 0 %, 0 %, 35270 MiB, 38.34 W
2026/09/20 17:09:30.891, 0, 0 %, 0 %, 35270 MiB, 40.03 W
2026/09/20 17:09:30.891, 1, 0 %, 0 %, 35270 MiB, 39.41 W
2026/09/20 17:09:30.892, 2, 0 %, 0 %, 35270 MiB, 38.24 W
2026/09/20 17:09:35.892, 0, 0 %, 0 %, 35270 MiB, 39.96 W
2026/09/20 17:09:35.893, 1, 0 %, 0 %, 35270 MiB, 39.44 W
2026/09/20 17:09:35.893, 2, 0 %, 0 %, 35270 MiB, 38.07 W
2026/09/20 17:09:40.893, 0, 0 %, 0 %, 35270 MiB, 39.74 W
2026/09/20 17:09:40.894, 1, 0 %, 0 %, 35270 MiB, 39.31 W
2026/09/20 17:09:40.894, 2, 0 %, 0 %, 35270 MiB, 38.23 W
2026/09/20 17:09:45.894, 0, 0 %, 0 %, 35270 MiB, 39.92 W
2026/09/20 17:09:45.895, 1, 0 %, 0 %, 35270 MiB, 39.31 W
2026/09/20 17:09:45.895, 2, 0 %, 0 %, 35270 MiB, 38.23 W
2026/09/20 17:09:50.895, 0, 0 %, 0 %, 35270 MiB, 39.77 W
2026/09/20 17:09:50.896, 1, 0 %, 0 %, 35270 MiB, 39.34 W
2026/09/20 17:09:50.896, 2, 0 %, 0 %, 35270 MiB, 38.07 W
2026/09/20 17:09:55.903, 0, 0 %, 0 %, 35270 MiB, 39.73 W
2026/09/20 17:09:55.904, 1, 0 %, 0 %, 35270 MiB, 39.41 W
2026/09/20 17:09:55.904, 2, 0 %, 0 %, 35270 MiB, 37.94 W
2026/09/20 17:10:00.905, 0, 0 %, 0 %, 35270 MiB, 39.89 W
2026/09/20 17:10:00.905, 1, 0 %, 0 %, 35270 MiB, 39.37 W
2026/09/20 17:10:00.905, 2, 0 %, 0 %, 35270 MiB, 37.90 W
2026/09/20 17:10:05.907, 0, 0 %, 0 %, 35270 MiB, 39.75 W
2026/09/20 17:10:05.907, 1, 0 %, 0 %, 35270 MiB, 39.22 W
2026/09/20 17:10:05.907, 2, 0 %, 0 %, 35270 MiB, 38.04 W
2026/09/20 17:10:10.908, 0, 0 %, 0 %, 35270 MiB, 39.65 W
2026/09/20 17:10:10.909, 1, 0 %, 0 %, 35270 MiB, 39.23 W
2026/09/20 17:10:10.909, 2, 0 %, 0 %, 35270 MiB, 37.77 W
2026/09/20 17:10:15.910, 0, 0 %, 0 %, 35270 MiB, 39.56 W
2026/09/20 17:10:15.910, 1, 0 %, 0 %, 35270 MiB, 39.24 W
2026/09/20 17:10:15.910, 2, 0 %, 0 %, 35270 MiB, 37.87 W
2026/09/20 17:10:20.919, 0, 0 %, 0 %, 35270 MiB, 39.64 W
2026/09/20 17:10:20.919, 1, 0 %, 0 %, 35270 MiB, 39.12 W
2026/09/20 17:10:20.919, 2, 0 %, 0 %, 35270 MiB, 37.85 W
2026/09/20 17:10:25.921, 0, 0 %, 0 %, 35270 MiB, 39.46 W
2026/09/20 17:10:25.922, 1, 0 %, 0 %, 35270 MiB, 39.03 W
2026/09/20 17:10:25.922, 2, 0 %, 0 %, 35270 MiB, 37.85 W
2026/09/20 17:10:30.922, 0, 0 %, 0 %, 35270 MiB, 39.50 W
2026/09/20 17:10:30.923, 1, 0 %, 0 %, 35270 MiB, 39.06 W
2026/09/20 17:10:30.923, 2, 0 %, 0 %, 35270 MiB, 37.69 W
2026/09/20 17:10:35.923, 0, 0 %, 0 %, 35270 MiB, 39.75 W
2026/09/20 17:10:35.924, 1, 0 %, 0 %, 35270 MiB, 38.93 W
2026/09/20 17:10:35.924, 2, 0 %, 0 %, 35270 MiB, 37.67 W
2026/09/20 17:10:40.924, 0, 0 %, 0 %, 35270 MiB, 39.57 W
2026/09/20 17:10:40.925, 1, 0 %, 0 %, 35270 MiB, 38.94 W
2026/09/20 17:10:40.925, 2, 0 %, 0 %, 35270 MiB, 37.99 W
2026/09/20 17:10:45.926, 0, 0 %, 0 %, 35270 MiB, 39.55 W
2026/09/20 17:10:45.926, 1, 0 %, 0 %, 35270 MiB, 39.12 W
2026/09/20 17:10:45.926, 2, 0 %, 0 %, 35270 MiB, 37.85 W
2026/09/20 17:10:50.928, 0, 0 %, 0 %, 35270 MiB, 39.35 W
2026/09/20 17:10:50.929, 1, 0 %, 0 %, 35270 MiB, 38.83 W
2026/09/20 17:10:50.929, 2, 0 %, 0 %, 35270 MiB, 37.75 W
2026/09/20 17:10:55.929, 0, 0 %, 0 %, 35270 MiB, 39.44 W
2026/09/20 17:10:55.930, 1, 0 %, 0 %, 35270 MiB, 38.73 W
2026/09/20 17:10:55.930, 2, 0 %, 0 %, 35270 MiB, 37.65 W
2026/09/20 17:11:00.931, 0, 0 %, 0 %, 35270 MiB, 39.25 W
2026/09/20 17:11:00.932, 1, 0 %, 0 %, 35270 MiB, 38.73 W
2026/09/20 17:11:00.932, 2, 0 %, 0 %, 35270 MiB, 37.54 W
2026/09/20 17:11:05.933, 0, 0 %, 0 %, 35270 MiB, 39.21 W
2026/09/20 17:11:05.933, 1, 0 %, 0 %, 35270 MiB, 38.88 W
2026/09/20 17:11:05.933, 2, 0 %, 0 %, 35270 MiB, 37.49 W
2026/09/20 17:11:10.935, 0, 0 %, 0 %, 35270 MiB, 39.16 W
2026/09/20 17:11:10.936, 1, 0 %, 0 %, 35270 MiB, 38.73 W
2026/09/20 17:11:10.936, 2, 0 %, 0 %, 35270 MiB, 37.44 W
2026/09/20 17:11:15.936, 0, 0 %, 0 %, 35270 MiB, 39.38 W
2026/09/20 17:11:15.937, 1, 0 %, 0 %, 35270 MiB, 38.75 W
2026/09/20 17:11:15.937, 2, 0 %, 0 %, 35270 MiB, 37.39 W
2026/09/20 17:11:20.938, 0, 0 %, 0 %, 35270 MiB, 39.16 W
2026/09/20 17:11:20.939, 1, 0 %, 0 %, 35270 MiB, 38.72 W
2026/09/20 17:11:20.939, 2, 0 %, 0 %, 35270 MiB, 37.44 W
2026/09/20 17:11:25.939, 0, 0 %, 0 %, 35270 MiB, 39.21 W
2026/09/20 17:11:25.940, 1, 0 %, 0 %, 35270 MiB, 38.77 W
2026/09/20 17:11:25.940, 2, 0 %, 0 %, 35270 MiB, 37.49 W
2026/09/20 17:11:30.941, 0, 0 %, 0 %, 35270 MiB, 39.24 W
2026/09/20 17:11:30.941, 1, 0 %, 0 %, 35270 MiB, 38.72 W
2026/09/20 17:11:30.941, 2, 0 %, 0 %, 35270 MiB, 37.33 W
2026/09/20 17:11:35.943, 0, 0 %, 0 %, 35270 MiB, 39.25 W
2026/09/20 17:11:35.943, 1, 0 %, 0 %, 35270 MiB, 38.73 W
2026/09/20 17:11:35.943, 2, 0 %, 0 %, 35270 MiB, 37.35 W
2026/09/20 17:11:40.944, 0, 0 %, 0 %, 35270 MiB, 39.25 W
2026/09/20 17:11:40.944, 1, 0 %, 0 %, 35270 MiB, 38.73 W
2026/09/20 17:11:40.944, 2, 0 %, 0 %, 35270 MiB, 37.54 W
2026/09/20 17:11:45.944, 0, 0 %, 0 %, 35270 MiB, 39.28 W
2026/09/20 17:11:45.945, 1, 0 %, 0 %, 35270 MiB, 38.56 W
2026/09/20 17:11:45.945, 2, 0 %, 0 %, 35270 MiB, 37.47 W
2026/09/20 17:11:50.946, 0, 0 %, 0 %, 35270 MiB, 39.34 W
2026/09/20 17:11:50.947, 1, 0 %, 0 %, 35270 MiB, 38.62 W
2026/09/20 17:11:50.947, 2, 0 %, 0 %, 35270 MiB, 37.63 W
2026/09/20 17:11:55.948, 0, 0 %, 0 %, 35270 MiB, 39.13 W
2026/09/20 17:11:55.948, 1, 0 %, 0 %, 35270 MiB, 38.52 W
2026/09/20 17:11:55.949, 2, 0 %, 0 %, 35270 MiB, 37.53 W
2026/09/20 17:12:00.950, 0, 0 %, 0 %, 35270 MiB, 39.06 W
2026/09/20 17:12:00.951, 1, 0 %, 0 %, 35270 MiB, 38.73 W
2026/09/20 17:12:00.951, 2, 0 %, 0 %, 35270 MiB, 37.54 W
2026/09/20 17:12:05.951, 0, 0 %, 0 %, 35270 MiB, 39.07 W
2026/09/20 17:12:05.952, 1, 0 %, 0 %, 35270 MiB, 38.53 W
2026/09/20 17:12:05.952, 2, 0 %, 0 %, 35270 MiB, 37.36 W
2026/09/20 17:12:10.953, 0, 0 %, 0 %, 35270 MiB, 39.06 W
2026/09/20 17:12:10.954, 1, 0 %, 0 %, 35270 MiB, 38.53 W
2026/09/20 17:12:10.954, 2, 0 %, 0 %, 35270 MiB, 37.35 W
2026/09/20 17:12:15.954, 0, 0 %, 0 %, 35270 MiB, 38.99 W
2026/09/20 17:12:15.955, 1, 0 %, 0 %, 35270 MiB, 38.48 W
2026/09/20 17:12:15.955, 2, 0 %, 0 %, 35270 MiB, 37.28 W
2026/09/20 17:12:20.956, 0, 0 %, 0 %, 35270 MiB, 39.04 W
2026/09/20 17:12:20.956, 1, 0 %, 0 %, 35270 MiB, 38.51 W
2026/09/20 17:12:20.956, 2, 0 %, 0 %, 35270 MiB, 37.43 W
2026/09/20 17:12:25.960, 0, 0 %, 0 %, 35270 MiB, 39.06 W
2026/09/20 17:12:25.961, 1, 0 %, 0 %, 35270 MiB, 38.53 W
2026/09/20 17:12:25.961, 2, 0 %, 0 %, 35270 MiB, 37.44 W
2026/09/20 17:12:30.962, 0, 0 %, 0 %, 35270 MiB, 39.07 W
2026/09/20 17:12:30.963, 1, 0 %, 0 %, 35270 MiB, 38.63 W
2026/09/20 17:12:30.963, 2, 0 %, 0 %, 35270 MiB, 37.44 W
2026/09/20 17:12:35.964, 0, 0 %, 0 %, 35270 MiB, 39.08 W
2026/09/20 17:12:35.964, 1, 0 %, 0 %, 35270 MiB, 38.65 W
2026/09/20 17:12:35.964, 2, 0 %, 0 %, 35270 MiB, 37.56 W
2026/09/20 17:12:40.966, 0, 0 %, 0 %, 35270 MiB, 39.16 W
2026/09/20 17:12:40.966, 1, 0 %, 0 %, 35270 MiB, 38.63 W
2026/09/20 17:12:40.967, 2, 0 %, 0 %, 35270 MiB, 37.35 W
2026/09/20 17:12:45.968, 0, 0 %, 0 %, 35270 MiB, 39.26 W
2026/09/20 17:12:45.969, 1, 0 %, 0 %, 35270 MiB, 38.34 W
2026/09/20 17:12:45.969, 2, 0 %, 0 %, 35270 MiB, 37.35 W
2026/09/20 17:12:50.970, 0, 0 %, 0 %, 35270 MiB, 39.13 W
2026/09/20 17:12:50.970, 1, 0 %, 0 %, 35270 MiB, 38.44 W
2026/09/20 17:12:50.970, 2, 0 %, 0 %, 35270 MiB, 37.35 W
2026/09/20 17:12:55.976, 0, 0 %, 0 %, 35270 MiB, 39.07 W
2026/09/20 17:12:55.976, 1, 0 %, 0 %, 35270 MiB, 38.44 W
2026/09/20 17:12:55.976, 2, 0 %, 0 %, 35270 MiB, 37.55 W
2026/09/20 17:13:00.976, 0, 0 %, 0 %, 35270 MiB, 38.99 W
2026/09/20 17:13:00.977, 1, 0 %, 0 %, 35270 MiB, 38.36 W
2026/09/20 17:13:00.977, 2, 0 %, 0 %, 35270 MiB, 37.36 W
2026/09/20 17:13:05.978, 0, 0 %, 0 %, 35270 MiB, 38.99 W
2026/09/20 17:13:05.978, 1, 0 %, 0 %, 35270 MiB, 38.34 W
2026/09/20 17:13:05.979, 2, 0 %, 0 %, 35270 MiB, 37.36 W
2026/09/20 17:13:10.980, 0, 0 %, 0 %, 35270 MiB, 38.79 W
2026/09/20 17:13:10.980, 1, 0 %, 0 %, 35270 MiB, 38.56 W
2026/09/20 17:13:10.981, 2, 0 %, 0 %, 35270 MiB, 37.18 W
2026/09/20 17:13:15.982, 0, 0 %, 0 %, 35270 MiB, 38.80 W
2026/09/20 17:13:15.982, 1, 0 %, 0 %, 35270 MiB, 38.29 W
2026/09/20 17:13:15.982, 2, 0 %, 0 %, 35270 MiB, 37.28 W
2026/09/20 17:13:20.983, 0, 0 %, 0 %, 35270 MiB, 38.89 W
2026/09/20 17:13:20.984, 1, 0 %, 0 %, 35270 MiB, 38.36 W
2026/09/20 17:13:20.984, 2, 0 %, 0 %, 35270 MiB, 37.16 W
2026/09/20 17:13:25.985, 0, 0 %, 0 %, 35270 MiB, 39.01 W
2026/09/20 17:13:25.985, 1, 0 %, 0 %, 35270 MiB, 38.28 W
2026/09/20 17:13:25.986, 2, 0 %, 0 %, 35270 MiB, 37.18 W
2026/09/20 17:13:30.987, 0, 0 %, 0 %, 35270 MiB, 38.89 W
2026/09/20 17:13:30.987, 1, 0 %, 0 %, 35270 MiB, 38.48 W
2026/09/20 17:13:30.988, 2, 0 %, 0 %, 35270 MiB, 37.16 W
2026/09/20 17:13:35.988, 0, 0 %, 0 %, 35270 MiB, 39.09 W
2026/09/20 17:13:35.989, 1, 0 %, 0 %, 35270 MiB, 38.46 W
2026/09/20 17:13:35.989, 2, 0 %, 0 %, 35270 MiB, 37.37 W
2026/09/20 17:13:40.989, 0, 0 %, 0 %, 35270 MiB, 39.19 W
2026/09/20 17:13:40.990, 1, 0 %, 0 %, 35270 MiB, 38.37 W
2026/09/20 17:13:40.990, 2, 0 %, 0 %, 35270 MiB, 37.16 W
2026/09/20 17:13:45.990, 0, 0 %, 0 %, 35270 MiB, 38.99 W
2026/09/20 17:13:45.990, 1, 0 %, 0 %, 35270 MiB, 38.58 W
2026/09/20 17:13:45.990, 2, 0 %, 0 %, 35270 MiB, 37.29 W
2026/09/20 17:13:50.992, 0, 0 %, 0 %, 35270 MiB, 38.97 W
2026/09/20 17:13:50.992, 1, 0 %, 0 %, 35270 MiB, 38.45 W
2026/09/20 17:13:50.993, 2, 0 %, 0 %, 35270 MiB, 37.36 W
2026/09/20 17:13:55.993, 0, 0 %, 0 %, 35270 MiB, 39.02 W
2026/09/20 17:13:55.994, 1, 0 %, 0 %, 35270 MiB, 38.29 W
2026/09/20 17:13:55.994, 2, 0 %, 0 %, 35270 MiB, 37.39 W
2026/09/20 17:14:00.994, 0, 0 %, 0 %, 35270 MiB, 39.11 W
2026/09/20 17:14:00.995, 1, 0 %, 0 %, 35270 MiB, 38.29 W
2026/09/20 17:14:00.995, 2, 0 %, 0 %, 35270 MiB, 37.28 W
2026/09/20 17:14:05.995, 0, 0 %, 0 %, 35270 MiB, 39.12 W
2026/09/20 17:14:05.996, 1, 0 %, 0 %, 35270 MiB, 38.49 W
2026/09/20 17:14:05.996, 2, 0 %, 0 %, 35270 MiB, 37.39 W
2026/09/20 17:14:10.997, 0, 0 %, 0 %, 35270 MiB, 38.99 W
2026/09/20 17:14:10.997, 1, 0 %, 0 %, 35270 MiB, 38.47 W
2026/09/20 17:14:10.998, 2, 0 %, 0 %, 35270 MiB, 37.56 W
2026/09/20 17:14:15.998, 0, 0 %, 0 %, 35270 MiB, 38.99 W
2026/09/20 17:14:15.999, 1, 0 %, 0 %, 35270 MiB, 38.38 W
2026/09/20 17:14:15.999, 2, 0 %, 0 %, 35270 MiB, 37.47 W
2026/09/20 17:14:21.000, 0, 0 %, 0 %, 35270 MiB, 38.96 W
2026/09/20 17:14:21.000, 1, 0 %, 0 %, 35270 MiB, 38.36 W
2026/09/20 17:14:21.000, 2, 0 %, 0 %, 35270 MiB, 37.25 W
2026/09/20 17:14:26.002, 0, 0 %, 0 %, 35270 MiB, 38.85 W
2026/09/20 17:14:26.002, 1, 0 %, 0 %, 35270 MiB, 38.53 W
2026/09/20 17:14:26.002, 2, 0 %, 0 %, 35270 MiB, 37.23 W
2026/09/20 17:14:31.003, 0, 0 %, 0 %, 35270 MiB, 38.86 W
2026/09/20 17:14:31.004, 1, 0 %, 0 %, 35270 MiB, 38.34 W
2026/09/20 17:14:31.004, 2, 0 %, 0 %, 35270 MiB, 37.25 W
2026/09/20 17:14:36.005, 0, 0 %, 0 %, 35270 MiB, 39.16 W
2026/09/20 17:14:36.006, 1, 0 %, 0 %, 35270 MiB, 38.33 W
2026/09/20 17:14:36.006, 2, 0 %, 0 %, 35270 MiB, 37.23 W
2026/09/20 17:14:41.007, 0, 0 %, 0 %, 35270 MiB, 38.86 W
2026/09/20 17:14:41.008, 1, 0 %, 0 %, 35270 MiB, 38.63 W
2026/09/20 17:14:41.008, 2, 0 %, 0 %, 35270 MiB, 37.04 W
2026/09/20 17:14:46.009, 0, 0 %, 0 %, 35270 MiB, 38.94 W
2026/09/20 17:14:46.009, 1, 0 %, 0 %, 35270 MiB, 38.32 W
2026/09/20 17:14:46.009, 2, 0 %, 0 %, 35270 MiB, 37.13 W
2026/09/20 17:14:51.013, 0, 0 %, 0 %, 35270 MiB, 38.76 W
2026/09/20 17:14:51.014, 1, 0 %, 0 %, 35270 MiB, 38.35 W
2026/09/20 17:14:51.014, 2, 0 %, 0 %, 35270 MiB, 37.25 W
2026/09/20 17:14:56.014, 0, 0 %, 0 %, 35270 MiB, 39.02 W
2026/09/20 17:14:56.015, 1, 0 %, 0 %, 35270 MiB, 38.39 W
2026/09/20 17:14:56.015, 2, 0 %, 0 %, 35270 MiB, 37.09 W
2026/09/20 17:15:01.015, 0, 0 %, 0 %, 35270 MiB, 38.86 W
2026/09/20 17:15:01.016, 1, 0 %, 0 %, 35270 MiB, 38.35 W
2026/09/20 17:15:01.016, 2, 0 %, 0 %, 35270 MiB, 37.15 W
2026/09/20 17:15:06.016, 0, 0 %, 0 %, 35270 MiB, 38.89 W
2026/09/20 17:15:06.017, 1, 0 %, 0 %, 35270 MiB, 38.26 W
2026/09/20 17:15:06.017, 2, 0 %, 0 %, 35270 MiB, 37.16 W
2026/09/20 17:15:11.018, 0, 0 %, 0 %, 35270 MiB, 38.86 W
2026/09/20 17:15:11.018, 1, 0 %, 0 %, 35270 MiB, 38.25 W
2026/09/20 17:15:11.018, 2, 0 %, 0 %, 35270 MiB, 37.35 W
2026/09/20 17:15:16.024, 0, 0 %, 0 %, 35270 MiB, 38.85 W
2026/09/20 17:15:16.025, 1, 0 %, 0 %, 35270 MiB, 38.22 W
2026/09/20 17:15:16.025, 2, 0 %, 0 %, 35270 MiB, 37.44 W
2026/09/20 17:15:21.025, 0, 0 %, 0 %, 35270 MiB, 38.74 W
2026/09/20 17:15:21.026, 1, 0 %, 0 %, 35270 MiB, 38.23 W
2026/09/20 17:15:21.026, 2, 0 %, 0 %, 35270 MiB, 37.24 W
2026/09/20 17:15:26.027, 0, 0 %, 0 %, 35270 MiB, 38.74 W
2026/09/20 17:15:26.027, 1, 0 %, 0 %, 35270 MiB, 38.12 W
2026/09/20 17:15:26.027, 2, 0 %, 0 %, 35270 MiB, 37.03 W
2026/09/20 17:15:31.028, 0, 0 %, 0 %, 35270 MiB, 38.88 W
2026/09/20 17:15:31.028, 1, 0 %, 0 %, 35270 MiB, 38.17 W
2026/09/20 17:15:31.028, 2, 0 %, 0 %, 35270 MiB, 37.08 W
2026/09/20 17:15:36.028, 0, 0 %, 0 %, 35270 MiB, 38.71 W
2026/09/20 17:15:36.029, 1, 0 %, 0 %, 35270 MiB, 38.39 W
2026/09/20 17:15:36.029, 2, 0 %, 0 %, 35270 MiB, 36.98 W
2026/09/20 17:15:41.030, 0, 0 %, 0 %, 35270 MiB, 38.69 W
2026/09/20 17:15:41.030, 1, 0 %, 0 %, 35270 MiB, 38.26 W
2026/09/20 17:15:41.030, 2, 0 %, 0 %, 35270 MiB, 36.98 W
2026/09/20 17:15:46.032, 0, 0 %, 0 %, 35270 MiB, 38.79 W
2026/09/20 17:15:46.032, 1, 0 %, 0 %, 35270 MiB, 38.25 W
2026/09/20 17:15:46.032, 2, 0 %, 0 %, 35270 MiB, 37.06 W
2026/09/20 17:15:51.033, 0, 0 %, 0 %, 35270 MiB, 38.90 W
2026/09/20 17:15:51.034, 1, 0 %, 0 %, 35270 MiB, 38.17 W
2026/09/20 17:15:51.034, 2, 0 %, 0 %, 35270 MiB, 37.06 W
2026/09/20 17:15:56.035, 0, 0 %, 0 %, 35270 MiB, 38.77 W
2026/09/20 17:15:56.035, 1, 0 %, 0 %, 35270 MiB, 38.44 W
2026/09/20 17:15:56.036, 2, 0 %, 0 %, 35270 MiB, 37.15 W
2026/09/20 17:16:01.036, 0, 0 %, 0 %, 35270 MiB, 38.78 W
2026/09/20 17:16:01.037, 1, 0 %, 0 %, 35270 MiB, 38.25 W
2026/09/20 17:16:01.037, 2, 0 %, 0 %, 35270 MiB, 37.16 W
2026/09/20 17:16:06.038, 0, 0 %, 0 %, 35270 MiB, 38.79 W
2026/09/20 17:16:06.038, 1, 0 %, 0 %, 35270 MiB, 38.27 W
2026/09/20 17:16:06.038, 2, 0 %, 0 %, 35270 MiB, 37.39 W
2026/09/20 17:16:11.038, 0, 0 %, 0 %, 35270 MiB, 38.78 W
2026/09/20 17:16:11.039, 1, 0 %, 0 %, 35270 MiB, 38.25 W
2026/09/20 17:16:11.039, 2, 0 %, 0 %, 35270 MiB, 37.16 W
2026/09/20 17:16:16.040, 0, 0 %, 0 %, 35270 MiB, 38.76 W
2026/09/20 17:16:16.040, 1, 0 %, 0 %, 35270 MiB, 38.13 W
2026/09/20 17:16:16.041, 2, 0 %, 0 %, 35270 MiB, 37.15 W
2026/09/20 17:16:21.042, 0, 0 %, 0 %, 35270 MiB, 38.86 W
2026/09/20 17:16:21.042, 1, 0 %, 0 %, 35270 MiB, 38.25 W
2026/09/20 17:16:21.042, 2, 0 %, 0 %, 35270 MiB, 37.25 W
2026/09/20 17:16:26.042, 0, 0 %, 0 %, 35270 MiB, 38.89 W
2026/09/20 17:16:26.043, 1, 0 %, 0 %, 35270 MiB, 38.15 W
2026/09/20 17:16:26.043, 2, 0 %, 0 %, 35270 MiB, 37.36 W
2026/09/20 17:16:31.043, 0, 0 %, 0 %, 35270 MiB, 38.76 W
2026/09/20 17:16:31.044, 1, 0 %, 0 %, 35270 MiB, 38.25 W
2026/09/20 17:16:31.044, 2, 0 %, 0 %, 35270 MiB, 37.15 W
2026/09/20 17:16:36.045, 0, 0 %, 0 %, 35270 MiB, 38.80 W
2026/09/20 17:16:36.045, 1, 0 %, 0 %, 35270 MiB, 38.28 W
2026/09/20 17:16:36.046, 2, 0 %, 0 %, 35270 MiB, 37.08 W
2026/09/20 17:16:41.047, 0, 0 %, 0 %, 35270 MiB, 38.69 W
2026/09/20 17:16:41.047, 1, 0 %, 0 %, 35270 MiB, 38.26 W
2026/09/20 17:16:41.048, 2, 0 %, 0 %, 35270 MiB, 36.98 W
2026/09/20 17:16:46.049, 0, 0 %, 0 %, 35270 MiB, 38.79 W
2026/09/20 17:16:46.049, 1, 0 %, 0 %, 35270 MiB, 38.38 W
2026/09/20 17:16:46.049, 2, 0 %, 0 %, 35270 MiB, 37.16 W
2026/09/20 17:16:51.051, 0, 0 %, 0 %, 35270 MiB, 38.71 W
2026/09/20 17:16:51.051, 1, 0 %, 0 %, 35270 MiB, 38.28 W
2026/09/20 17:16:51.051, 2, 0 %, 0 %, 35270 MiB, 37.08 W
2026/09/20 17:16:56.052, 0, 0 %, 0 %, 35270 MiB, 38.79 W
2026/09/20 17:16:56.052, 1, 0 %, 0 %, 35270 MiB, 38.25 W
2026/09/20 17:16:56.052, 2, 0 %, 0 %, 35270 MiB, 37.06 W
2026/09/20 17:17:01.052, 0, 0 %, 0 %, 35270 MiB, 39.12 W
2026/09/20 17:17:01.052, 1, 0 %, 0 %, 35270 MiB, 38.78 W
2026/09/20 17:17:01.053, 2, 0 %, 0 %, 35270 MiB, 37.09 W
2026/09/20 17:17:06.053, 0, 0 %, 0 %, 35270 MiB, 38.89 W
2026/09/20 17:17:06.054, 1, 0 %, 0 %, 35270 MiB, 38.46 W
2026/09/20 17:17:06.054, 2, 0 %, 0 %, 35270 MiB, 37.16 W
2026/09/20 17:17:11.055, 0, 0 %, 0 %, 35270 MiB, 38.87 W
2026/09/20 17:17:11.056, 1, 0 %, 0 %, 35270 MiB, 38.44 W
2026/09/20 17:17:11.056, 2, 0 %, 0 %, 35270 MiB, 37.15 W
2026/09/20 17:17:16.056, 0, 0 %, 0 %, 35270 MiB, 38.88 W
2026/09/20 17:17:16.057, 1, 0 %, 0 %, 35270 MiB, 38.27 W
2026/09/20 17:17:16.057, 2, 0 %, 0 %, 35270 MiB, 37.08 W
2026/09/20 17:17:21.057, 0, 0 %, 0 %, 35270 MiB, 39.11 W
2026/09/20 17:17:21.058, 1, 0 %, 0 %, 35270 MiB, 38.38 W
2026/09/20 17:17:21.058, 2, 0 %, 0 %, 35270 MiB, 37.09 W
2026/09/20 17:17:26.058, 0, 0 %, 0 %, 35270 MiB, 38.97 W
2026/09/20 17:17:26.059, 1, 0 %, 0 %, 35270 MiB, 38.24 W
2026/09/20 17:17:26.059, 2, 0 %, 0 %, 35270 MiB, 37.15 W
2026/09/20 17:17:31.059, 0, 0 %, 0 %, 35270 MiB, 38.69 W
2026/09/20 17:17:31.059, 1, 0 %, 0 %, 35270 MiB, 38.17 W
2026/09/20 17:17:31.059, 2, 0 %, 0 %, 35270 MiB, 37.15 W
2026/09/20 17:17:36.060, 0, 0 %, 0 %, 35270 MiB, 38.68 W
2026/09/20 17:17:36.061, 1, 0 %, 0 %, 35270 MiB, 38.25 W
2026/09/20 17:17:36.061, 2, 0 %, 0 %, 35270 MiB, 37.16 W
2026/09/20 17:17:41.061, 0, 0 %, 0 %, 35270 MiB, 38.80 W
2026/09/20 17:17:41.062, 1, 0 %, 0 %, 35270 MiB, 38.28 W
2026/09/20 17:17:41.062, 2, 0 %, 0 %, 35270 MiB, 37.18 W
2026/09/20 17:17:46.063, 0, 0 %, 0 %, 35270 MiB, 38.56 W
2026/09/20 17:17:46.063, 1, 0 %, 0 %, 35270 MiB, 38.13 W
2026/09/20 17:17:46.064, 2, 0 %, 0 %, 35270 MiB, 36.95 W
2026/09/20 17:17:51.065, 0, 0 %, 0 %, 35270 MiB, 38.59 W
2026/09/20 17:17:51.065, 1, 0 %, 0 %, 35270 MiB, 38.15 W
2026/09/20 17:17:51.065, 2, 0 %, 0 %, 35270 MiB, 36.87 W
2026/09/20 17:17:56.066, 0, 0 %, 0 %, 35270 MiB, 38.59 W
2026/09/20 17:17:56.067, 1, 0 %, 0 %, 35270 MiB, 38.25 W
2026/09/20 17:17:56.067, 2, 0 %, 0 %, 35270 MiB, 36.96 W
2026/09/20 17:18:01.067, 0, 0 %, 0 %, 35270 MiB, 38.80 W
2026/09/20 17:18:01.068, 1, 0 %, 0 %, 35270 MiB, 38.18 W
2026/09/20 17:18:01.068, 2, 0 %, 0 %, 35270 MiB, 36.97 W
2026/09/20 17:18:06.078, 0, 0 %, 0 %, 35270 MiB, 38.68 W
2026/09/20 17:18:06.078, 1, 0 %, 0 %, 35270 MiB, 38.14 W
2026/09/20 17:18:06.079, 2, 0 %, 0 %, 35270 MiB, 36.96 W
2026/09/20 17:18:11.080, 0, 0 %, 0 %, 35270 MiB, 38.77 W
2026/09/20 17:18:11.080, 1, 0 %, 0 %, 35270 MiB, 38.25 W
2026/09/20 17:18:11.080, 2, 0 %, 0 %, 35270 MiB, 36.96 W
2026/09/20 17:18:16.081, 0, 0 %, 0 %, 35270 MiB, 38.99 W
2026/09/20 17:18:16.082, 1, 0 %, 0 %, 35270 MiB, 38.36 W
2026/09/20 17:18:16.082, 2, 0 %, 0 %, 35270 MiB, 36.98 W
2026/09/20 17:18:21.083, 0, 0 %, 0 %, 35270 MiB, 38.80 W
2026/09/20 17:18:21.083, 1, 0 %, 0 %, 35270 MiB, 38.08 W
2026/09/20 17:18:21.083, 2, 0 %, 0 %, 35270 MiB, 37.09 W
2026/09/20 17:18:26.083, 0, 0 %, 0 %, 35270 MiB, 38.80 W
2026/09/20 17:18:26.083, 1, 0 %, 0 %, 35270 MiB, 38.17 W
2026/09/20 17:18:26.084, 2, 0 %, 0 %, 35270 MiB, 37.06 W
2026/09/20 17:18:31.085, 0, 0 %, 0 %, 35270 MiB, 38.76 W
2026/09/20 17:18:31.085, 1, 0 %, 0 %, 35270 MiB, 38.15 W
2026/09/20 17:18:31.086, 2, 0 %, 0 %, 35270 MiB, 37.15 W
2026/09/20 17:18:36.087, 0, 0 %, 0 %, 35270 MiB, 38.97 W
2026/09/20 17:18:36.087, 1, 0 %, 0 %, 35270 MiB, 38.15 W
2026/09/20 17:18:36.088, 2, 0 %, 0 %, 35270 MiB, 37.24 W
2026/09/20 17:18:41.089, 0, 0 %, 0 %, 35270 MiB, 38.66 W
2026/09/20 17:18:41.090, 1, 0 %, 0 %, 35270 MiB, 38.24 W
2026/09/20 17:18:41.090, 2, 0 %, 0 %, 35270 MiB, 37.04 W
2026/09/20 17:18:46.091, 0, 0 %, 0 %, 35270 MiB, 38.89 W
2026/09/20 17:18:46.091, 1, 0 %, 0 %, 35270 MiB, 38.15 W
2026/09/20 17:18:46.091, 2, 0 %, 0 %, 35270 MiB, 36.96 W
2026/09/20 17:18:51.092, 0, 0 %, 0 %, 35270 MiB, 38.60 W
2026/09/20 17:18:51.092, 1, 0 %, 0 %, 35270 MiB, 38.25 W
2026/09/20 17:18:51.093, 2, 0 %, 0 %, 35270 MiB, 36.98 W
2026/09/20 17:18:56.094, 0, 0 %, 0 %, 35270 MiB, 38.66 W
2026/09/20 17:18:56.095, 1, 0 %, 0 %, 35270 MiB, 38.25 W
2026/09/20 17:18:56.095, 2, 0 %, 0 %, 35270 MiB, 36.96 W
2026/09/20 17:19:01.095, 0, 0 %, 0 %, 35270 MiB, 38.68 W
2026/09/20 17:19:01.096, 1, 0 %, 0 %, 35270 MiB, 38.15 W
2026/09/20 17:19:01.096, 2, 0 %, 0 %, 35270 MiB, 36.96 W
2026/09/20 17:19:06.097, 0, 0 %, 0 %, 35270 MiB, 38.66 W
2026/09/20 17:19:06.097, 1, 0 %, 0 %, 35270 MiB, 38.24 W
2026/09/20 17:19:06.098, 2, 0 %, 0 %, 35270 MiB, 36.86 W
2026/09/20 17:19:11.098, 0, 0 %, 0 %, 35270 MiB, 38.87 W
2026/09/20 17:19:11.099, 1, 0 %, 0 %, 35270 MiB, 38.24 W
2026/09/20 17:19:11.099, 2, 0 %, 0 %, 35270 MiB, 36.96 W
2026/09/20 17:19:16.100, 0, 0 %, 0 %, 35270 MiB, 38.57 W
2026/09/20 17:19:16.100, 1, 0 %, 0 %, 35270 MiB, 38.14 W
2026/09/20 17:19:16.100, 2, 0 %, 0 %, 35270 MiB, 37.04 W
2026/09/20 17:19:21.102, 0, 0 %, 0 %, 35270 MiB, 38.58 W
2026/09/20 17:19:21.102, 1, 0 %, 0 %, 35270 MiB, 38.06 W
2026/09/20 17:19:21.102, 2, 24 %, 1 %, 35270 MiB, 39.85 W
2026/09/20 17:19:26.104, 0, 0 %, 0 %, 35270 MiB, 38.69 W
2026/09/20 17:19:26.104, 1, 0 %, 0 %, 35270 MiB, 38.25 W
2026/09/20 17:19:26.105, 2, 0 %, 0 %, 35270 MiB, 36.88 W
2026/09/20 17:19:31.106, 0, 0 %, 0 %, 35270 MiB, 38.79 W
2026/09/20 17:19:31.106, 1, 0 %, 0 %, 35270 MiB, 37.98 W
2026/09/20 17:19:31.106, 2, 0 %, 0 %, 35270 MiB, 37.18 W
2026/09/20 17:19:36.112, 0, 0 %, 0 %, 35270 MiB, 45.20 W
2026/09/20 17:19:36.112, 1, 0 %, 0 %, 35270 MiB, 37.74 W
2026/09/20 17:19:36.113, 2, 0 %, 0 %, 35270 MiB, 37.04 W
2026/09/20 17:19:41.114, 0, 0 %, 0 %, 35270 MiB, 38.66 W
2026/09/20 17:19:41.114, 1, 0 %, 0 %, 35270 MiB, 37.84 W
2026/09/20 17:19:41.115, 2, 0 %, 0 %, 35270 MiB, 36.94 W
2026/09/20 17:19:46.116, 0, 0 %, 0 %, 35270 MiB, 38.87 W
2026/09/20 17:19:46.116, 1, 0 %, 0 %, 35270 MiB, 37.95 W
2026/09/20 17:19:46.117, 2, 24 %, 1 %, 35270 MiB, 37.06 W
2026/09/20 17:19:51.118, 0, 0 %, 0 %, 35270 MiB, 38.57 W
2026/09/20 17:19:51.118, 1, 0 %, 0 %, 35270 MiB, 38.06 W
2026/09/20 17:19:51.119, 2, 24 %, 1 %, 35270 MiB, 38.86 W
2026/09/20 17:19:56.122, 0, 0 %, 0 %, 35270 MiB, 38.68 W
2026/09/20 17:19:56.122, 1, 0 %, 0 %, 35270 MiB, 38.15 W
2026/09/20 17:19:56.122, 2, 0 %, 0 %, 35270 MiB, 36.87 W
2026/09/20 17:20:01.123, 0, 19 %, 1 %, 35270 MiB, 38.71 W
2026/09/20 17:20:01.124, 1, 0 %, 0 %, 35270 MiB, 38.36 W
2026/09/20 17:20:01.124, 2, 0 %, 0 %, 35270 MiB, 36.88 W
2026/09/20 17:20:06.125, 0, 0 %, 0 %, 35270 MiB, 38.69 W
2026/09/20 17:20:06.125, 1, 0 %, 0 %, 35270 MiB, 38.16 W
2026/09/20 17:20:06.126, 2, 0 %, 0 %, 35270 MiB, 37.08 W
2026/09/20 17:20:11.127, 0, 0 %, 0 %, 35270 MiB, 38.79 W
2026/09/20 17:20:11.127, 1, 0 %, 0 %, 35270 MiB, 38.25 W
2026/09/20 17:20:11.128, 2, 0 %, 0 %, 35270 MiB, 36.96 W
2026/09/20 17:20:16.129, 0, 0 %, 0 %, 35270 MiB, 38.79 W
2026/09/20 17:20:16.129, 1, 0 %, 0 %, 35270 MiB, 38.25 W
2026/09/20 17:20:16.130, 2, 0 %, 0 %, 35270 MiB, 37.06 W
2026/09/20 17:20:21.131, 0, 25 %, 1 %, 35270 MiB, 39.84 W
2026/09/20 17:20:21.131, 1, 0 %, 0 %, 35270 MiB, 38.34 W
2026/09/20 17:20:21.131, 2, 0 %, 0 %, 35270 MiB, 37.04 W
2026/09/20 17:20:26.133, 0, 0 %, 0 %, 35270 MiB, 38.76 W
2026/09/20 17:20:26.142, 1, 0 %, 0 %, 35270 MiB, 38.35 W
2026/09/20 17:20:26.142, 2, 0 %, 0 %, 35270 MiB, 37.26 W
2026/09/20 17:20:31.144, 0, 14 %, 1 %, 35270 MiB, 38.87 W
2026/09/20 17:20:31.144, 1, 0 %, 0 %, 35270 MiB, 38.35 W
2026/09/20 17:20:31.145, 2, 0 %, 0 %, 35270 MiB, 37.06 W
2026/09/20 17:20:36.145, 0, 0 %, 0 %, 35270 MiB, 39.56 W
2026/09/20 17:20:36.146, 1, 0 %, 0 %, 35270 MiB, 38.25 W
2026/09/20 17:20:36.146, 2, 0 %, 0 %, 35270 MiB, 37.06 W
2026/09/20 17:20:41.146, 0, 0 %, 0 %, 35270 MiB, 38.99 W
2026/09/20 17:20:41.147, 1, 0 %, 0 %, 35270 MiB, 38.15 W
2026/09/20 17:20:41.147, 2, 0 %, 0 %, 35270 MiB, 37.06 W
2026/09/20 17:20:46.148, 0, 0 %, 0 %, 35270 MiB, 38.88 W
2026/09/20 17:20:46.148, 1, 0 %, 0 %, 35270 MiB, 38.16 W
2026/09/20 17:20:46.149, 2, 0 %, 0 %, 35270 MiB, 37.16 W
2026/09/20 17:20:51.149, 0, 0 %, 0 %, 35270 MiB, 38.69 W
2026/09/20 17:20:51.150, 1, 0 %, 0 %, 35270 MiB, 38.35 W
2026/09/20 17:20:51.150, 2, 0 %, 0 %, 35270 MiB, 37.16 W
2026/09/20 17:20:56.151, 0, 0 %, 0 %, 35270 MiB, 38.79 W
2026/09/20 17:20:56.151, 1, 0 %, 0 %, 35270 MiB, 38.16 W
2026/09/20 17:20:56.152, 2, 0 %, 0 %, 35270 MiB, 37.07 W
2026/09/20 17:21:01.152, 0, 0 %, 0 %, 35270 MiB, 38.69 W
2026/09/20 17:21:01.153, 1, 10 %, 0 %, 35270 MiB, 38.35 W
2026/09/20 17:21:01.153, 2, 0 %, 0 %, 35270 MiB, 36.96 W
2026/09/20 17:21:06.154, 0, 0 %, 0 %, 35270 MiB, 38.75 W
2026/09/20 17:21:06.154, 1, 0 %, 0 %, 35270 MiB, 38.44 W
2026/09/20 17:21:06.154, 2, 0 %, 0 %, 35270 MiB, 37.04 W
2026/09/20 17:21:11.155, 0, 0 %, 0 %, 35270 MiB, 38.69 W
2026/09/20 17:21:11.156, 1, 0 %, 0 %, 35270 MiB, 38.18 W
2026/09/20 17:21:11.156, 2, 0 %, 0 %, 35270 MiB, 36.98 W
2026/09/20 17:21:16.157, 0, 0 %, 0 %, 35270 MiB, 38.74 W
2026/09/20 17:21:16.157, 1, 0 %, 0 %, 35270 MiB, 38.23 W
2026/09/20 17:21:16.157, 2, 0 %, 0 %, 35270 MiB, 36.93 W
2026/09/20 17:21:21.159, 0, 0 %, 0 %, 35270 MiB, 38.69 W
2026/09/20 17:21:21.159, 1, 10 %, 0 %, 35270 MiB, 38.25 W
2026/09/20 17:21:21.159, 2, 0 %, 0 %, 35270 MiB, 36.87 W
2026/09/20 17:21:26.161, 0, 0 %, 0 %, 35270 MiB, 38.64 W
2026/09/20 17:21:26.162, 1, 0 %, 0 %, 35270 MiB, 38.22 W
2026/09/20 17:21:26.162, 2, 0 %, 0 %, 35270 MiB, 36.93 W
2026/09/20 17:21:31.162, 0, 0 %, 0 %, 35270 MiB, 38.85 W
2026/09/20 17:21:31.163, 1, 0 %, 0 %, 35270 MiB, 38.24 W
2026/09/20 17:21:31.163, 2, 0 %, 0 %, 35270 MiB, 36.94 W
2026/09/20 17:21:36.163, 0, 0 %, 0 %, 35270 MiB, 38.66 W
2026/09/20 17:21:36.164, 1, 25 %, 1 %, 35270 MiB, 38.24 W
2026/09/20 17:21:36.164, 2, 0 %, 0 %, 35270 MiB, 36.96 W
2026/09/20 17:21:41.164, 0, 0 %, 0 %, 35270 MiB, 38.69 W
2026/09/20 17:21:41.165, 1, 0 %, 0 %, 35270 MiB, 38.25 W
2026/09/20 17:21:41.165, 2, 0 %, 0 %, 35270 MiB, 37.08 W
2026/09/20 17:21:46.166, 0, 0 %, 0 %, 35270 MiB, 38.65 W
2026/09/20 17:21:46.166, 1, 0 %, 0 %, 35270 MiB, 38.04 W
2026/09/20 17:21:46.166, 2, 0 %, 0 %, 35270 MiB, 36.96 W
2026/09/20 17:21:51.168, 0, 0 %, 0 %, 35270 MiB, 38.85 W
2026/09/20 17:21:51.168, 1, 0 %, 0 %, 35270 MiB, 38.03 W
2026/09/20 17:21:51.169, 2, 0 %, 0 %, 35270 MiB, 37.04 W
2026/09/20 17:21:56.170, 0, 0 %, 0 %, 35270 MiB, 38.75 W
2026/09/20 17:21:56.171, 1, 0 %, 0 %, 35270 MiB, 38.03 W
2026/09/20 17:21:56.171, 2, 0 %, 0 %, 35270 MiB, 37.04 W
2026/09/20 17:22:01.172, 0, 0 %, 0 %, 35270 MiB, 38.65 W
2026/09/20 17:22:01.172, 1, 0 %, 0 %, 35270 MiB, 38.13 W
2026/09/20 17:22:01.172, 2, 0 %, 0 %, 35270 MiB, 37.35 W
2026/09/20 17:22:06.174, 0, 0 %, 0 %, 35270 MiB, 38.56 W
2026/09/20 17:22:06.174, 1, 0 %, 0 %, 35270 MiB, 38.03 W
2026/09/20 17:22:06.174, 2, 3 %, 0 %, 35270 MiB, 37.04 W
2026/09/20 17:22:11.175, 0, 0 %, 0 %, 35270 MiB, 38.57 W
2026/09/20 17:22:11.176, 1, 0 %, 0 %, 35270 MiB, 38.05 W
2026/09/20 17:22:11.176, 2, 25 %, 1 %, 35270 MiB, 36.86 W
2026/09/20 17:22:16.177, 0, 0 %, 0 %, 35270 MiB, 38.57 W
2026/09/20 17:22:16.177, 1, 0 %, 0 %, 35270 MiB, 38.24 W
2026/09/20 17:22:16.177, 2, 0 %, 0 %, 35270 MiB, 37.16 W
2026/09/20 17:22:21.179, 0, 0 %, 0 %, 35270 MiB, 38.57 W
2026/09/20 17:22:21.179, 1, 0 %, 0 %, 35270 MiB, 38.23 W
2026/09/20 17:22:21.179, 2, 0 %, 0 %, 35270 MiB, 36.94 W
2026/09/20 17:22:26.181, 0, 0 %, 0 %, 35270 MiB, 38.65 W
2026/09/20 17:22:26.181, 1, 12 %, 0 %, 35270 MiB, 38.22 W
2026/09/20 17:22:26.181, 2, 0 %, 0 %, 35270 MiB, 39.03 W
2026/09/20 17:22:31.183, 0, 0 %, 0 %, 35270 MiB, 38.64 W
2026/09/20 17:22:31.183, 1, 0 %, 0 %, 35270 MiB, 38.22 W
2026/09/20 17:22:31.183, 2, 0 %, 0 %, 35270 MiB, 36.94 W
2026/09/20 17:22:36.185, 0, 0 %, 0 %, 35270 MiB, 38.66 W
2026/09/20 17:22:36.186, 1, 0 %, 0 %, 35270 MiB, 38.33 W
2026/09/20 17:22:36.186, 2, 10 %, 0 %, 35270 MiB, 37.06 W
2026/09/20 17:22:41.186, 0, 0 %, 0 %, 35270 MiB, 38.76 W
2026/09/20 17:22:41.186, 1, 0 %, 0 %, 35270 MiB, 38.25 W
2026/09/20 17:22:41.187, 2, 0 %, 0 %, 35270 MiB, 37.14 W
2026/09/20 17:22:46.188, 0, 0 %, 0 %, 35270 MiB, 38.96 W
2026/09/20 17:22:46.188, 1, 0 %, 0 %, 35270 MiB, 38.33 W
2026/09/20 17:22:46.188, 2, 0 %, 0 %, 35270 MiB, 37.04 W
2026/09/20 17:22:51.190, 0, 0 %, 0 %, 35270 MiB, 38.86 W
2026/09/20 17:22:51.191, 1, 0 %, 0 %, 35270 MiB, 38.13 W
2026/09/20 17:22:51.191, 2, 0 %, 0 %, 35270 MiB, 37.14 W
2026/09/20 17:22:56.192, 0, 0 %, 0 %, 35270 MiB, 38.85 W
2026/09/20 17:22:56.192, 1, 0 %, 0 %, 35270 MiB, 38.22 W
2026/09/20 17:22:56.193, 2, 0 %, 0 %, 35270 MiB, 37.23 W
2026/09/20 17:23:01.194, 0, 0 %, 0 %, 35270 MiB, 38.85 W
2026/09/20 17:23:01.194, 1, 0 %, 0 %, 35270 MiB, 38.12 W
2026/09/20 17:23:01.195, 2, 0 %, 0 %, 35270 MiB, 37.23 W
2026/09/20 17:23:06.196, 0, 0 %, 0 %, 35270 MiB, 38.78 W
2026/09/20 17:23:06.197, 1, 0 %, 0 %, 35270 MiB, 38.25 W
2026/09/20 17:23:06.197, 2, 0 %, 0 %, 35270 MiB, 44.21 W
2026/09/20 17:23:11.198, 0, 0 %, 0 %, 35270 MiB, 38.69 W
2026/09/20 17:23:11.198, 1, 0 %, 0 %, 35270 MiB, 38.38 W
2026/09/20 17:23:11.198, 2, 0 %, 0 %, 35270 MiB, 37.27 W
2026/09/20 17:23:16.199, 0, 0 %, 0 %, 35270 MiB, 38.76 W
2026/09/20 17:23:16.200, 1, 0 %, 0 %, 35270 MiB, 38.24 W
2026/09/20 17:23:16.200, 2, 0 %, 0 %, 35270 MiB, 37.04 W
2026/09/20 17:23:21.202, 0, 0 %, 0 %, 35270 MiB, 38.75 W
2026/09/20 17:23:21.202, 1, 0 %, 0 %, 35270 MiB, 38.23 W
2026/09/20 17:23:21.202, 2, 0 %, 0 %, 35270 MiB, 37.04 W
2026/09/20 17:23:26.204, 0, 0 %, 0 %, 35270 MiB, 38.76 W
2026/09/20 17:23:26.204, 1, 0 %, 0 %, 35270 MiB, 38.23 W
2026/09/20 17:23:26.205, 2, 0 %, 0 %, 35270 MiB, 37.05 W
2026/09/20 17:23:31.206, 0, 0 %, 0 %, 35270 MiB, 38.75 W
2026/09/20 17:23:31.207, 1, 0 %, 0 %, 35270 MiB, 38.44 W
2026/09/20 17:23:31.207, 2, 0 %, 0 %, 35270 MiB, 37.24 W
2026/09/20 17:23:36.208, 0, 0 %, 0 %, 35270 MiB, 38.76 W
2026/09/20 17:23:36.209, 1, 0 %, 0 %, 35270 MiB, 38.44 W
2026/09/20 17:23:36.209, 2, 24 %, 1 %, 35270 MiB, 37.14 W
2026/09/20 17:23:41.210, 0, 0 %, 0 %, 35270 MiB, 39.31 W
2026/09/20 17:23:41.210, 1, 0 %, 0 %, 35270 MiB, 38.36 W
2026/09/20 17:23:41.210, 2, 0 %, 0 %, 35270 MiB, 37.35 W
2026/09/20 17:23:46.211, 0, 0 %, 0 %, 35270 MiB, 38.99 W
2026/09/20 17:23:46.212, 1, 0 %, 0 %, 35270 MiB, 38.66 W
2026/09/20 17:23:46.212, 2, 0 %, 0 %, 35270 MiB, 37.47 W
2026/09/20 17:23:51.212, 0, 0 %, 0 %, 35270 MiB, 38.94 W
2026/09/20 17:23:51.213, 1, 0 %, 0 %, 35270 MiB, 38.41 W
2026/09/20 17:23:51.213, 2, 0 %, 0 %, 35270 MiB, 37.22 W
2026/09/20 17:23:56.214, 0, 0 %, 0 %, 35270 MiB, 38.96 W
2026/09/20 17:23:56.215, 1, 0 %, 0 %, 35270 MiB, 38.13 W
2026/09/20 17:23:56.215, 2, 0 %, 0 %, 35270 MiB, 37.14 W
2026/09/20 17:24:01.216, 0, 0 %, 0 %, 35270 MiB, 39.01 W
2026/09/20 17:24:01.216, 1, 0 %, 0 %, 35270 MiB, 38.15 W
2026/09/20 17:24:01.217, 2, 0 %, 0 %, 35270 MiB, 37.25 W
2026/09/20 17:24:06.217, 0, 0 %, 0 %, 35270 MiB, 38.91 W
2026/09/20 17:24:06.218, 1, 0 %, 0 %, 35270 MiB, 38.29 W
2026/09/20 17:24:06.218, 2, 0 %, 0 %, 35270 MiB, 37.39 W
2026/09/20 17:24:11.218, 0, 0 %, 0 %, 35270 MiB, 38.92 W
2026/09/20 17:24:11.219, 1, 0 %, 0 %, 35270 MiB, 38.08 W
2026/09/20 17:24:11.219, 2, 0 %, 0 %, 35270 MiB, 37.28 W
2026/09/20 17:24:16.220, 0, 0 %, 0 %, 35270 MiB, 38.65 W
2026/09/20 17:24:16.221, 1, 0 %, 0 %, 35270 MiB, 38.23 W
2026/09/20 17:24:16.221, 2, 0 %, 0 %, 35270 MiB, 37.14 W
2026/09/20 17:24:21.222, 0, 0 %, 0 %, 35270 MiB, 38.76 W
2026/09/20 17:24:21.223, 1, 0 %, 0 %, 35270 MiB, 38.15 W
2026/09/20 17:24:21.223, 2, 0 %, 0 %, 35270 MiB, 37.06 W
2026/09/20 17:24:26.223, 0, 0 %, 0 %, 35270 MiB, 38.80 W
2026/09/20 17:24:26.224, 1, 0 %, 0 %, 35270 MiB, 38.28 W
2026/09/20 17:24:26.224, 2, 0 %, 0 %, 35270 MiB, 37.18 W
2026/09/20 17:24:31.225, 0, 0 %, 0 %, 35270 MiB, 38.76 W
2026/09/20 17:24:31.226, 1, 0 %, 0 %, 35270 MiB, 38.14 W
2026/09/20 17:24:31.226, 2, 0 %, 0 %, 35270 MiB, 37.06 W
2026/09/20 17:24:36.227, 0, 0 %, 0 %, 35270 MiB, 38.76 W
2026/09/20 17:24:36.227, 1, 0 %, 0 %, 35270 MiB, 38.25 W
2026/09/20 17:24:36.228, 2, 0 %, 0 %, 35270 MiB, 37.06 W
2026/09/20 17:24:41.229, 0, 0 %, 0 %, 35270 MiB, 38.88 W
2026/09/20 17:24:41.229, 1, 0 %, 0 %, 35270 MiB, 38.46 W
2026/09/20 17:24:41.229, 2, 0 %, 0 %, 35270 MiB, 37.06 W
2026/09/20 17:24:46.230, 0, 0 %, 0 %, 35270 MiB, 38.76 W
2026/09/20 17:24:46.230, 1, 0 %, 0 %, 35270 MiB, 38.34 W
2026/09/20 17:24:46.231, 2, 0 %, 0 %, 35270 MiB, 37.24 W
2026/09/20 17:24:51.231, 0, 0 %, 0 %, 35270 MiB, 38.79 W
2026/09/20 17:24:51.232, 1, 0 %, 0 %, 35270 MiB, 38.36 W
2026/09/20 17:24:51.232, 2, 0 %, 0 %, 35270 MiB, 37.06 W
2026/09/20 17:24:56.233, 0, 0 %, 0 %, 35270 MiB, 38.97 W
2026/09/20 17:24:56.234, 1, 0 %, 0 %, 35270 MiB, 38.36 W
2026/09/20 17:24:56.234, 2, 0 %, 0 %, 35270 MiB, 37.15 W
2026/09/20 17:25:01.234, 0, 0 %, 0 %, 35270 MiB, 38.99 W
2026/09/20 17:25:01.235, 1, 0 %, 0 %, 35270 MiB, 38.46 W
2026/09/20 17:25:01.235, 2, 0 %, 0 %, 35270 MiB, 37.26 W
2026/09/20 17:25:06.236, 0, 0 %, 0 %, 35270 MiB, 38.96 W
2026/09/20 17:25:06.236, 1, 0 %, 0 %, 35270 MiB, 38.23 W
2026/09/20 17:25:06.237, 2, 0 %, 0 %, 35270 MiB, 37.35 W
2026/09/20 17:25:11.237, 0, 0 %, 0 %, 35270 MiB, 38.85 W
2026/09/20 17:25:11.238, 1, 0 %, 0 %, 35270 MiB, 38.13 W
2026/09/20 17:25:11.238, 2, 0 %, 0 %, 35270 MiB, 37.24 W
2026/09/20 17:25:16.238, 0, 0 %, 0 %, 35270 MiB, 39.35 W
2026/09/20 17:25:16.238, 1, 0 %, 0 %, 35270 MiB, 38.25 W
2026/09/20 17:25:16.239, 2, 0 %, 0 %, 35270 MiB, 37.25 W
2026/09/20 17:25:21.243, 0, 0 %, 0 %, 35270 MiB, 38.74 W
2026/09/20 17:25:21.243, 1, 0 %, 0 %, 35270 MiB, 38.13 W
2026/09/20 17:25:21.243, 2, 0 %, 0 %, 35270 MiB, 37.34 W
2026/09/20 17:25:26.245, 0, 0 %, 0 %, 35270 MiB, 38.66 W
2026/09/20 17:25:26.245, 1, 0 %, 0 %, 35270 MiB, 38.18 W
2026/09/20 17:25:26.246, 2, 0 %, 0 %, 35270 MiB, 37.26 W
2026/09/20 17:25:31.247, 0, 0 %, 0 %, 35270 MiB, 38.68 W
2026/09/20 17:25:31.247, 1, 0 %, 0 %, 35270 MiB, 38.15 W
2026/09/20 17:25:31.247, 2, 0 %, 0 %, 35270 MiB, 37.06 W
2026/09/20 17:25:36.249, 0, 0 %, 0 %, 35270 MiB, 38.95 W
2026/09/20 17:25:36.249, 1, 0 %, 0 %, 35270 MiB, 38.34 W
2026/09/20 17:25:36.250, 2, 0 %, 0 %, 35270 MiB, 37.14 W
2026/09/20 17:25:41.257, 0, 0 %, 0 %, 35270 MiB, 38.78 W
2026/09/20 17:25:41.257, 1, 0 %, 0 %, 35270 MiB, 38.25 W
2026/09/20 17:25:41.258, 2, 0 %, 0 %, 35270 MiB, 37.26 W
2026/09/20 17:25:46.259, 0, 0 %, 0 %, 35270 MiB, 38.76 W
2026/09/20 17:25:46.259, 1, 0 %, 0 %, 35270 MiB, 38.13 W
2026/09/20 17:25:46.260, 2, 0 %, 0 %, 35270 MiB, 37.14 W
2026/09/20 17:25:51.261, 0, 0 %, 0 %, 35270 MiB, 38.76 W
2026/09/20 17:25:51.262, 1, 0 %, 0 %, 35270 MiB, 38.14 W
2026/09/20 17:25:51.262, 2, 0 %, 0 %, 35270 MiB, 37.06 W
2026/09/20 17:25:56.263, 0, 0 %, 0 %, 35270 MiB, 38.85 W
2026/09/20 17:25:56.264, 1, 0 %, 0 %, 35270 MiB, 38.22 W
2026/09/20 17:25:56.264, 2, 0 %, 0 %, 35270 MiB, 37.03 W
2026/09/20 17:26:01.265, 0, 0 %, 0 %, 35270 MiB, 38.75 W
2026/09/20 17:26:01.266, 1, 0 %, 0 %, 35270 MiB, 38.23 W
2026/09/20 17:26:01.266, 2, 0 %, 0 %, 35270 MiB, 37.14 W
2026/09/20 17:26:06.267, 0, 0 %, 0 %, 35270 MiB, 38.66 W
2026/09/20 17:26:06.268, 1, 0 %, 0 %, 35270 MiB, 38.24 W
2026/09/20 17:26:06.268, 2, 0 %, 0 %, 35270 MiB, 37.06 W
2026/09/20 17:26:11.269, 0, 0 %, 0 %, 35270 MiB, 38.88 W
2026/09/20 17:26:11.269, 1, 0 %, 0 %, 35270 MiB, 38.18 W
2026/09/20 17:26:11.269, 2, 0 %, 0 %, 35270 MiB, 37.18 W
2026/09/20 17:26:16.270, 0, 0 %, 0 %, 35270 MiB, 38.88 W
2026/09/20 17:26:16.271, 1, 0 %, 0 %, 35270 MiB, 38.06 W
2026/09/20 17:26:16.271, 2, 0 %, 0 %, 35270 MiB, 37.15 W
2026/09/20 17:26:21.271, 0, 0 %, 0 %, 35270 MiB, 38.80 W
2026/09/20 17:26:21.272, 1, 0 %, 0 %, 35270 MiB, 38.08 W
2026/09/20 17:26:21.272, 2, 0 %, 0 %, 35270 MiB, 37.18 W
2026/09/20 17:26:26.273, 0, 0 %, 0 %, 35270 MiB, 38.57 W
2026/09/20 17:26:26.274, 1, 0 %, 0 %, 35270 MiB, 38.04 W
2026/09/20 17:26:26.274, 2, 0 %, 0 %, 35270 MiB, 37.14 W
2026/09/20 17:26:31.275, 0, 0 %, 0 %, 35270 MiB, 38.76 W
2026/09/20 17:26:31.276, 1, 0 %, 0 %, 35270 MiB, 38.03 W
2026/09/20 17:26:31.276, 2, 0 %, 0 %, 35270 MiB, 37.14 W
2026/09/20 17:26:36.277, 0, 0 %, 0 %, 35270 MiB, 38.64 W
2026/09/20 17:26:36.278, 1, 0 %, 0 %, 35270 MiB, 38.03 W
2026/09/20 17:26:36.278, 2, 0 %, 0 %, 35270 MiB, 36.93 W
2026/09/20 17:26:41.279, 0, 0 %, 0 %, 35270 MiB, 38.63 W
2026/09/20 17:26:41.280, 1, 0 %, 0 %, 35270 MiB, 38.10 W
2026/09/20 17:26:41.280, 2, 0 %, 0 %, 35270 MiB, 37.11 W
2026/09/20 17:26:46.281, 0, 0 %, 0 %, 35270 MiB, 38.56 W
2026/09/20 17:26:46.281, 1, 0 %, 0 %, 35270 MiB, 38.23 W
2026/09/20 17:26:46.281, 2, 0 %, 0 %, 35270 MiB, 36.94 W
2026/09/20 17:26:51.283, 0, 0 %, 0 %, 35270 MiB, 38.65 W
2026/09/20 17:26:51.283, 1, 0 %, 0 %, 35270 MiB, 37.94 W
2026/09/20 17:26:51.284, 2, 0 %, 0 %, 35270 MiB, 36.94 W
2026/09/20 17:26:56.285, 0, 0 %, 0 %, 35270 MiB, 38.56 W
2026/09/20 17:26:56.285, 1, 0 %, 0 %, 35270 MiB, 38.03 W
2026/09/20 17:26:56.286, 2, 0 %, 0 %, 35270 MiB, 37.04 W
2026/09/20 17:27:01.287, 0, 0 %, 0 %, 35270 MiB, 38.66 W
2026/09/20 17:27:01.287, 1, 0 %, 0 %, 35270 MiB, 38.05 W
2026/09/20 17:27:01.288, 2, 0 %, 0 %, 35270 MiB, 36.96 W
2026/09/20 17:27:06.289, 0, 0 %, 0 %, 35270 MiB, 38.84 W
2026/09/20 17:27:06.289, 1, 0 %, 0 %, 35270 MiB, 38.13 W
2026/09/20 17:27:06.290, 2, 0 %, 0 %, 35270 MiB, 36.93 W
2026/09/20 17:27:11.291, 0, 0 %, 0 %, 35270 MiB, 38.65 W
2026/09/20 17:27:11.292, 1, 0 %, 0 %, 35270 MiB, 38.03 W
2026/09/20 17:27:11.292, 2, 0 %, 0 %, 35270 MiB, 37.04 W
2026/09/20 17:27:16.292, 0, 0 %, 0 %, 35270 MiB, 38.68 W
2026/09/20 17:27:16.293, 1, 0 %, 0 %, 35270 MiB, 38.06 W
2026/09/20 17:27:16.293, 2, 0 %, 0 %, 35270 MiB, 37.08 W
2026/09/20 17:27:21.294, 0, 0 %, 0 %, 35270 MiB, 38.65 W
2026/09/20 17:27:21.294, 1, 0 %, 0 %, 35270 MiB, 37.84 W
2026/09/20 17:27:21.294, 2, 0 %, 0 %, 35270 MiB, 36.94 W
2026/09/20 17:27:26.296, 0, 0 %, 0 %, 35270 MiB, 38.74 W
2026/09/20 17:27:26.296, 1, 0 %, 0 %, 35270 MiB, 37.83 W
2026/09/20 17:27:26.297, 2, 5 %, 0 %, 35270 MiB, 36.93 W
2026/09/20 17:27:31.298, 0, 24 %, 1 %, 35270 MiB, 38.68 W
2026/09/20 17:27:31.299, 1, 0 %, 0 %, 35270 MiB, 37.85 W
2026/09/20 17:27:31.299, 2, 0 %, 0 %, 35270 MiB, 37.06 W
2026/09/20 17:27:36.299, 0, 0 %, 0 %, 35270 MiB, 38.52 W
2026/09/20 17:27:36.300, 1, 0 %, 0 %, 35270 MiB, 37.88 W
2026/09/20 17:27:36.300, 2, 0 %, 0 %, 35270 MiB, 36.99 W
2026/09/20 17:27:41.301, 0, 0 %, 0 %, 35270 MiB, 38.78 W
2026/09/20 17:27:41.301, 1, 0 %, 0 %, 35270 MiB, 38.06 W
2026/09/20 17:27:41.301, 2, 0 %, 0 %, 35270 MiB, 37.06 W
2026/09/20 17:27:46.303, 0, 25 %, 1 %, 35270 MiB, 38.66 W
2026/09/20 17:27:46.303, 1, 0 %, 0 %, 35270 MiB, 37.94 W
2026/09/20 17:27:46.303, 2, 0 %, 0 %, 35270 MiB, 36.94 W
2026/09/20 17:27:51.304, 0, 0 %, 0 %, 35270 MiB, 38.56 W
2026/09/20 17:27:51.305, 1, 0 %, 0 %, 35270 MiB, 37.93 W
2026/09/20 17:27:51.305, 2, 0 %, 0 %, 35270 MiB, 37.04 W
2026/09/20 17:27:56.306, 0, 30 %, 1 %, 35270 MiB, 38.79 W
2026/09/20 17:27:56.306, 1, 0 %, 0 %, 35270 MiB, 37.96 W
2026/09/20 17:27:56.306, 2, 0 %, 0 %, 35270 MiB, 36.96 W
2026/09/20 17:28:01.313, 0, 0 %, 0 %, 35270 MiB, 38.69 W
2026/09/20 17:28:01.313, 1, 0 %, 0 %, 35270 MiB, 37.96 W
2026/09/20 17:28:01.313, 2, 0 %, 0 %, 35270 MiB, 36.96 W
2026/09/20 17:28:06.314, 0, 0 %, 0 %, 35270 MiB, 38.71 W
2026/09/20 17:28:06.314, 1, 0 %, 0 %, 35270 MiB, 38.08 W
2026/09/20 17:28:06.314, 2, 0 %, 0 %, 35270 MiB, 36.99 W
2026/09/20 17:28:11.315, 0, 0 %, 0 %, 35270 MiB, 38.65 W
2026/09/20 17:28:11.315, 1, 0 %, 0 %, 35270 MiB, 38.03 W
2026/09/20 17:28:11.316, 2, 0 %, 0 %, 35270 MiB, 37.04 W
2026/09/20 17:28:16.317, 0, 0 %, 0 %, 35270 MiB, 41.51 W
2026/09/20 17:28:16.317, 1, 5 %, 0 %, 35270 MiB, 41.57 W
2026/09/20 17:28:16.317, 2, 0 %, 0 %, 35270 MiB, 36.84 W
2026/09/20 17:28:21.318, 0, 0 %, 0 %, 35270 MiB, 38.74 W
2026/09/20 17:28:21.318, 1, 0 %, 0 %, 35270 MiB, 38.12 W
2026/09/20 17:28:21.319, 2, 0 %, 0 %, 35270 MiB, 36.93 W
2026/09/20 17:28:26.320, 0, 0 %, 0 %, 35270 MiB, 38.74 W
2026/09/20 17:28:26.320, 1, 0 %, 0 %, 35270 MiB, 38.03 W
2026/09/20 17:28:26.320, 2, 0 %, 0 %, 35270 MiB, 37.03 W
2026/09/20 17:28:31.322, 0, 0 %, 0 %, 35270 MiB, 38.74 W
2026/09/20 17:28:31.323, 1, 0 %, 0 %, 35270 MiB, 37.93 W
2026/09/20 17:28:31.323, 2, 0 %, 0 %, 35270 MiB, 37.03 W
2026/09/20 17:28:36.324, 0, 0 %, 0 %, 35270 MiB, 39.01 W
2026/09/20 17:28:36.324, 1, 0 %, 0 %, 35270 MiB, 37.88 W
2026/09/20 17:28:36.325, 2, 0 %, 0 %, 35270 MiB, 37.08 W
2026/09/20 17:28:41.325, 0, 0 %, 0 %, 35270 MiB, 38.58 W
2026/09/20 17:28:41.326, 1, 0 %, 0 %, 35270 MiB, 37.96 W
2026/09/20 17:28:41.326, 2, 0 %, 0 %, 35270 MiB, 37.06 W
2026/09/20 17:28:46.334, 0, 22 %, 1 %, 35270 MiB, 38.66 W
2026/09/20 17:28:46.335, 1, 0 %, 0 %, 35270 MiB, 38.03 W
2026/09/20 17:28:46.335, 2, 0 %, 0 %, 35270 MiB, 37.25 W
2026/09/20 17:28:51.342, 0, 0 %, 0 %, 35270 MiB, 38.54 W
2026/09/20 17:28:51.342, 1, 0 %, 0 %, 35270 MiB, 38.21 W
2026/09/20 17:28:51.343, 2, 0 %, 0 %, 35270 MiB, 36.84 W
2026/09/20 17:28:56.350, 0, 0 %, 0 %, 35270 MiB, 38.76 W
2026/09/20 17:28:56.351, 1, 0 %, 0 %, 35270 MiB, 38.03 W
2026/09/20 17:28:56.351, 2, 0 %, 0 %, 35270 MiB, 36.94 W
2026/09/20 17:29:01.352, 0, 0 %, 0 %, 35270 MiB, 38.56 W
2026/09/20 17:29:01.352, 1, 4 %, 0 %, 35270 MiB, 39.31 W
2026/09/20 17:29:01.353, 2, 0 %, 0 %, 35270 MiB, 36.84 W
2026/09/20 17:29:06.354, 0, 0 %, 0 %, 35270 MiB, 38.57 W
2026/09/20 17:29:06.354, 1, 0 %, 0 %, 35270 MiB, 38.24 W
2026/09/20 17:29:06.354, 2, 0 %, 0 %, 35270 MiB, 37.06 W
2026/09/20 17:29:11.356, 0, 0 %, 0 %, 35270 MiB, 38.85 W
2026/09/20 17:29:11.357, 1, 0 %, 0 %, 35270 MiB, 38.03 W
2026/09/20 17:29:11.357, 2, 0 %, 0 %, 35270 MiB, 36.94 W
2026/09/20 17:29:16.357, 0, 0 %, 0 %, 35270 MiB, 38.54 W
2026/09/20 17:29:16.358, 1, 0 %, 0 %, 35270 MiB, 38.02 W
2026/09/20 17:29:16.358, 2, 0 %, 0 %, 35270 MiB, 36.93 W
2026/09/20 17:29:21.359, 0, 0 %, 0 %, 35270 MiB, 38.59 W
2026/09/20 17:29:21.359, 1, 0 %, 0 %, 35270 MiB, 45.95 W
2026/09/20 17:29:21.360, 2, 0 %, 0 %, 35270 MiB, 36.84 W
2026/09/20 17:29:26.361, 0, 0 %, 0 %, 35270 MiB, 38.57 W
2026/09/20 17:29:26.362, 1, 0 %, 0 %, 35270 MiB, 38.04 W
2026/09/20 17:29:26.362, 2, 0 %, 0 %, 35270 MiB, 36.94 W
2026/09/20 17:29:31.363, 0, 0 %, 0 %, 35270 MiB, 38.74 W
2026/09/20 17:29:31.363, 1, 0 %, 0 %, 35270 MiB, 38.03 W
2026/09/20 17:29:31.363, 2, 0 %, 0 %, 35270 MiB, 36.84 W
2026/09/20 17:29:36.364, 0, 0 %, 0 %, 35270 MiB, 38.58 W
2026/09/20 17:29:36.364, 1, 0 %, 0 %, 35270 MiB, 37.85 W
2026/09/20 17:29:36.364, 2, 0 %, 0 %, 35270 MiB, 36.96 W
2026/09/20 17:29:41.365, 0, 0 %, 0 %, 35270 MiB, 38.57 W
2026/09/20 17:29:41.366, 1, 0 %, 0 %, 35270 MiB, 37.95 W
2026/09/20 17:29:41.366, 2, 0 %, 0 %, 35270 MiB, 36.96 W
2026/09/20 17:29:46.366, 0, 0 %, 0 %, 35270 MiB, 38.79 W
2026/09/20 17:29:46.367, 1, 0 %, 0 %, 35270 MiB, 37.76 W
2026/09/20 17:29:46.367, 2, 0 %, 0 %, 35270 MiB, 37.06 W
2026/09/20 17:29:51.368, 0, 0 %, 0 %, 35270 MiB, 38.48 W
2026/09/20 17:29:51.368, 1, 0 %, 0 %, 35270 MiB, 37.85 W
2026/09/20 17:29:51.368, 2, 0 %, 0 %, 35270 MiB, 36.96 W
2026/09/20 17:29:56.369, 0, 0 %, 0 %, 35270 MiB, 38.58 W
2026/09/20 17:29:56.370, 1, 0 %, 0 %, 35270 MiB, 43.38 W
2026/09/20 17:29:56.370, 2, 0 %, 0 %, 35270 MiB, 36.86 W
2026/09/20 17:30:01.371, 0, 0 %, 0 %, 35270 MiB, 38.54 W
2026/09/20 17:30:01.372, 1, 0 %, 0 %, 35270 MiB, 37.94 W
2026/09/20 17:30:01.372, 2, 0 %, 0 %, 35270 MiB, 36.94 W
2026/09/20 17:30:06.373, 0, 0 %, 0 %, 35270 MiB, 38.65 W
2026/09/20 17:30:06.373, 1, 0 %, 0 %, 35270 MiB, 37.93 W
2026/09/20 17:30:06.374, 2, 0 %, 0 %, 35270 MiB, 36.84 W
2026/09/20 17:30:11.375, 0, 0 %, 0 %, 35270 MiB, 38.57 W
2026/09/20 17:30:11.376, 1, 0 %, 0 %, 35270 MiB, 37.95 W
2026/09/20 17:30:11.376, 2, 0 %, 0 %, 35270 MiB, 36.96 W
2026/09/20 17:30:16.376, 0, 0 %, 0 %, 35270 MiB, 38.57 W
2026/09/20 17:30:16.376, 1, 0 %, 0 %, 35270 MiB, 38.03 W
2026/09/20 17:30:16.377, 2, 0 %, 0 %, 35270 MiB, 38.83 W
2026/09/20 17:30:21.378, 0, 0 %, 0 %, 35270 MiB, 38.57 W
2026/09/20 17:30:21.378, 1, 0 %, 0 %, 35270 MiB, 38.03 W
2026/09/20 17:30:21.378, 2, 0 %, 0 %, 35270 MiB, 37.04 W
2026/09/20 17:30:26.380, 0, 0 %, 0 %, 35270 MiB, 38.66 W
2026/09/20 17:30:26.380, 1, 0 %, 0 %, 35270 MiB, 38.03 W
2026/09/20 17:30:26.380, 2, 5 %, 0 %, 35270 MiB, 43.01 W
2026/09/20 17:30:31.382, 0, 0 %, 0 %, 35270 MiB, 38.57 W
2026/09/20 17:30:31.382, 1, 0 %, 0 %, 35270 MiB, 38.15 W
2026/09/20 17:30:31.382, 2, 0 %, 0 %, 35270 MiB, 44.00 W
2026/09/20 17:30:36.383, 0, 0 %, 0 %, 35270 MiB, 38.64 W
2026/09/20 17:30:36.383, 1, 0 %, 0 %, 35270 MiB, 38.03 W
2026/09/20 17:30:36.384, 2, 0 %, 0 %, 35270 MiB, 37.24 W
2026/09/20 17:30:41.384, 0, 0 %, 0 %, 35270 MiB, 38.77 W
2026/09/20 17:30:41.384, 1, 0 %, 0 %, 35270 MiB, 37.96 W
2026/09/20 17:30:41.385, 2, 0 %, 0 %, 35270 MiB, 37.06 W
2026/09/20 17:30:46.386, 0, 0 %, 0 %, 35270 MiB, 38.65 W
2026/09/20 17:30:46.387, 1, 0 %, 0 %, 35270 MiB, 37.84 W
2026/09/20 17:30:46.387, 2, 0 %, 0 %, 35270 MiB, 37.05 W
2026/09/20 17:30:51.390, 0, 0 %, 0 %, 35270 MiB, 38.66 W
2026/09/20 17:30:51.390, 1, 0 %, 0 %, 35270 MiB, 38.04 W
2026/09/20 17:30:51.390, 2, 0 %, 0 %, 35270 MiB, 37.04 W
2026/09/20 17:30:56.392, 0, 0 %, 0 %, 35270 MiB, 38.56 W
2026/09/20 17:30:56.392, 1, 0 %, 0 %, 35270 MiB, 38.03 W
2026/09/20 17:30:56.392, 2, 0 %, 0 %, 35270 MiB, 37.14 W
2026/09/20 17:31:01.394, 0, 0 %, 0 %, 35270 MiB, 38.76 W
2026/09/20 17:31:01.394, 1, 0 %, 0 %, 35270 MiB, 38.03 W
2026/09/20 17:31:01.394, 2, 0 %, 0 %, 35270 MiB, 37.06 W
2026/09/20 17:31:06.396, 0, 0 %, 0 %, 35270 MiB, 38.65 W
2026/09/20 17:31:06.396, 1, 0 %, 0 %, 35270 MiB, 38.23 W
2026/09/20 17:31:06.396, 2, 0 %, 0 %, 35270 MiB, 37.03 W
2026/09/20 17:31:11.398, 0, 0 %, 0 %, 35270 MiB, 38.66 W
2026/09/20 17:31:11.398, 1, 0 %, 0 %, 35270 MiB, 38.03 W
2026/09/20 17:31:11.399, 2, 0 %, 0 %, 35270 MiB, 36.94 W
2026/09/20 17:31:16.399, 0, 0 %, 0 %, 35270 MiB, 38.67 W
2026/09/20 17:31:16.400, 1, 0 %, 0 %, 35270 MiB, 38.05 W
2026/09/20 17:31:16.400, 2, 0 %, 0 %, 35270 MiB, 37.04 W
2026/09/20 17:31:21.408, 0, 0 %, 0 %, 35270 MiB, 38.78 W
2026/09/20 17:31:21.408, 1, 0 %, 0 %, 35270 MiB, 38.06 W
2026/09/20 17:31:21.408, 2, 0 %, 0 %, 35270 MiB, 36.96 W
2026/09/20 17:31:26.410, 0, 0 %, 0 %, 35270 MiB, 38.66 W
2026/09/20 17:31:26.410, 1, 0 %, 0 %, 35270 MiB, 38.15 W
2026/09/20 17:31:26.411, 2, 0 %, 0 %, 35270 MiB, 36.94 W
2026/09/20 17:31:31.411, 0, 0 %, 0 %, 35270 MiB, 38.68 W
2026/09/20 17:31:31.412, 1, 0 %, 0 %, 35270 MiB, 38.15 W
2026/09/20 17:31:31.412, 2, 0 %, 0 %, 35270 MiB, 37.24 W
2026/09/20 17:31:36.413, 0, 0 %, 0 %, 35270 MiB, 38.69 W
2026/09/20 17:31:36.413, 1, 0 %, 0 %, 35270 MiB, 38.16 W
2026/09/20 17:31:36.413, 2, 0 %, 0 %, 35270 MiB, 37.08 W
2026/09/20 17:31:41.413, 0, 0 %, 0 %, 35270 MiB, 38.81 W
2026/09/20 17:31:41.413, 1, 0 %, 0 %, 35270 MiB, 38.28 W
2026/09/20 17:31:41.413, 2, 0 %, 0 %, 35270 MiB, 37.09 W
2026/09/20 17:31:46.414, 0, 0 %, 0 %, 35270 MiB, 38.81 W
2026/09/20 17:31:46.415, 1, 0 %, 0 %, 35270 MiB, 38.08 W
2026/09/20 17:31:46.415, 2, 0 %, 0 %, 35270 MiB, 37.09 W
2026/09/20 17:31:51.422, 0, 0 %, 0 %, 35270 MiB, 38.89 W
2026/09/20 17:31:51.422, 1, 0 %, 0 %, 35270 MiB, 38.08 W
2026/09/20 17:31:51.423, 2, 0 %, 0 %, 35270 MiB, 37.47 W
2026/09/20 17:31:56.423, 0, 0 %, 0 %, 35270 MiB, 39.11 W
2026/09/20 17:31:56.424, 1, 0 %, 0 %, 35270 MiB, 38.18 W
2026/09/20 17:31:56.424, 2, 0 %, 0 %, 35270 MiB, 37.28 W
2026/09/20 17:32:01.425, 0, 0 %, 0 %, 35270 MiB, 38.80 W
2026/09/20 17:32:01.425, 1, 0 %, 0 %, 35270 MiB, 38.18 W
2026/09/20 17:32:01.425, 2, 0 %, 0 %, 35270 MiB, 37.29 W
2026/09/20 17:32:06.425, 0, 0 %, 0 %, 35270 MiB, 38.80 W
2026/09/20 17:32:06.426, 1, 0 %, 0 %, 35270 MiB, 38.18 W
2026/09/20 17:32:06.426, 2, 0 %, 0 %, 35270 MiB, 37.28 W
2026/09/20 17:32:11.426, 0, 0 %, 0 %, 35270 MiB, 38.71 W
2026/09/20 17:32:11.426, 1, 0 %, 0 %, 35270 MiB, 38.18 W
2026/09/20 17:32:11.426, 2, 0 %, 0 %, 35270 MiB, 37.28 W
2026/09/20 17:32:16.427, 0, 0 %, 0 %, 35270 MiB, 38.99 W
2026/09/20 17:32:16.428, 1, 0 %, 0 %, 35270 MiB, 38.46 W
2026/09/20 17:32:16.428, 2, 0 %, 0 %, 35270 MiB, 37.16 W
2026/09/20 17:32:21.438, 0, 0 %, 0 %, 35270 MiB, 38.87 W
2026/09/20 17:32:21.438, 1, 0 %, 0 %, 35270 MiB, 38.25 W
2026/09/20 17:32:21.438, 2, 0 %, 0 %, 35270 MiB, 37.15 W
2026/09/20 17:32:26.439, 0, 0 %, 0 %, 35270 MiB, 38.86 W
2026/09/20 17:32:26.440, 1, 0 %, 0 %, 35270 MiB, 38.34 W
2026/09/20 17:32:26.440, 2, 0 %, 0 %, 35270 MiB, 37.14 W
2026/09/20 17:32:31.440, 0, 0 %, 0 %, 35270 MiB, 38.83 W
2026/09/20 17:32:31.441, 1, 0 %, 0 %, 35270 MiB, 38.33 W
2026/09/20 17:32:31.441, 2, 0 %, 0 %, 35270 MiB, 37.25 W
2026/09/20 17:32:36.441, 0, 0 %, 0 %, 35270 MiB, 38.85 W
2026/09/20 17:32:36.441, 1, 0 %, 0 %, 35270 MiB, 38.23 W
2026/09/20 17:32:36.441, 2, 0 %, 0 %, 35270 MiB, 37.04 W
2026/09/20 17:32:41.443, 0, 0 %, 0 %, 35270 MiB, 38.66 W
2026/09/20 17:32:41.443, 1, 0 %, 0 %, 35270 MiB, 38.13 W
2026/09/20 17:32:41.443, 2, 0 %, 0 %, 35270 MiB, 37.04 W
2026/09/20 17:32:46.445, 0, 0 %, 0 %, 35270 MiB, 38.78 W
2026/09/20 17:32:46.445, 1, 0 %, 0 %, 35270 MiB, 38.06 W
2026/09/20 17:32:46.445, 2, 0 %, 0 %, 35270 MiB, 36.96 W
2026/09/20 17:32:51.447, 0, 0 %, 0 %, 35270 MiB, 38.65 W
2026/09/20 17:32:51.447, 1, 0 %, 0 %, 35270 MiB, 38.15 W
2026/09/20 17:32:51.447, 2, 0 %, 0 %, 35270 MiB, 37.14 W
2026/09/20 17:32:56.448, 0, 0 %, 0 %, 35270 MiB, 38.66 W
2026/09/20 17:32:56.449, 1, 0 %, 0 %, 35270 MiB, 37.95 W
2026/09/20 17:32:56.449, 2, 0 %, 0 %, 35270 MiB, 37.06 W
2026/09/20 17:33:01.451, 0, 0 %, 0 %, 35270 MiB, 38.67 W
2026/09/20 17:33:01.451, 1, 0 %, 0 %, 35270 MiB, 37.96 W
2026/09/20 17:33:01.451, 2, 0 %, 0 %, 35270 MiB, 37.06 W
2026/09/20 17:33:06.452, 0, 0 %, 0 %, 35270 MiB, 38.75 W
2026/09/20 17:33:06.452, 1, 0 %, 0 %, 35270 MiB, 37.94 W
2026/09/20 17:33:06.452, 2, 0 %, 0 %, 35270 MiB, 37.04 W
2026/09/20 17:33:11.457, 0, 0 %, 0 %, 35270 MiB, 38.76 W
2026/09/20 17:33:11.457, 1, 0 %, 0 %, 35270 MiB, 38.14 W
2026/09/20 17:33:11.457, 2, 0 %, 0 %, 35270 MiB, 37.06 W
2026/09/20 17:33:16.459, 0, 0 %, 0 %, 35270 MiB, 38.57 W
2026/09/20 17:33:16.459, 1, 0 %, 0 %, 35270 MiB, 38.04 W
2026/09/20 17:33:16.460, 2, 0 %, 0 %, 35270 MiB, 37.06 W
2026/09/20 17:33:21.461, 0, 0 %, 0 %, 35270 MiB, 38.66 W
2026/09/20 17:33:21.461, 1, 0 %, 0 %, 35270 MiB, 37.94 W
2026/09/20 17:33:21.462, 2, 0 %, 0 %, 35270 MiB, 36.94 W
2026/09/20 17:33:26.463, 0, 0 %, 0 %, 35270 MiB, 38.65 W
2026/09/20 17:33:26.463, 1, 0 %, 0 %, 35270 MiB, 38.03 W
2026/09/20 17:33:26.463, 2, 0 %, 0 %, 35270 MiB, 37.04 W
2026/09/20 17:33:31.464, 0, 0 %, 0 %, 35270 MiB, 38.65 W
2026/09/20 17:33:31.464, 1, 0 %, 0 %, 35270 MiB, 38.03 W
2026/09/20 17:33:31.465, 2, 0 %, 0 %, 35270 MiB, 36.94 W
2026/09/20 17:33:36.465, 0, 0 %, 0 %, 35270 MiB, 38.27 W
2026/09/20 17:33:36.466, 1, 0 %, 0 %, 35270 MiB, 38.04 W
2026/09/20 17:33:36.466, 2, 0 %, 0 %, 35270 MiB, 36.94 W
2026/09/20 17:33:41.466, 0, 0 %, 0 %, 35270 MiB, 38.65 W
2026/09/20 17:33:41.467, 1, 0 %, 0 %, 35270 MiB, 38.03 W
2026/09/20 17:33:41.467, 2, 0 %, 0 %, 35270 MiB, 36.94 W
2026/09/20 17:33:46.468, 0, 0 %, 0 %, 35270 MiB, 38.85 W
2026/09/20 17:33:46.468, 1, 0 %, 0 %, 35270 MiB, 38.03 W
2026/09/20 17:33:46.469, 2, 0 %, 0 %, 35270 MiB, 37.14 W
2026/09/20 17:33:51.469, 0, 0 %, 0 %, 35270 MiB, 38.75 W
2026/09/20 17:33:51.469, 1, 0 %, 0 %, 35270 MiB, 38.23 W
2026/09/20 17:33:51.469, 2, 0 %, 0 %, 35270 MiB, 37.14 W
2026/09/20 17:33:56.475, 0, 0 %, 0 %, 35270 MiB, 38.66 W
2026/09/20 17:33:56.475, 1, 0 %, 0 %, 35270 MiB, 38.03 W
2026/09/20 17:33:56.475, 2, 0 %, 0 %, 35270 MiB, 37.04 W
2026/09/20 17:34:01.475, 0, 0 %, 0 %, 35270 MiB, 38.76 W
2026/09/20 17:34:01.475, 1, 0 %, 0 %, 35270 MiB, 37.84 W
2026/09/20 17:34:01.476, 2, 0 %, 0 %, 35270 MiB, 37.04 W
2026/09/20 17:34:06.477, 0, 0 %, 0 %, 35270 MiB, 38.86 W
2026/09/20 17:34:06.477, 1, 0 %, 0 %, 35270 MiB, 38.13 W
2026/09/20 17:34:06.477, 2, 0 %, 0 %, 35270 MiB, 37.14 W
2026/09/20 17:34:11.479, 0, 0 %, 0 %, 35270 MiB, 38.68 W
2026/09/20 17:34:11.479, 1, 0 %, 0 %, 35270 MiB, 37.96 W
2026/09/20 17:34:11.479, 2, 0 %, 0 %, 35270 MiB, 37.04 W
2026/09/20 17:34:16.481, 0, 0 %, 0 %, 35270 MiB, 38.46 W
2026/09/20 17:34:16.481, 1, 0 %, 0 %, 35270 MiB, 37.84 W
2026/09/20 17:34:16.481, 2, 0 %, 0 %, 35270 MiB, 37.04 W
2026/09/20 17:34:21.483, 0, 0 %, 0 %, 35270 MiB, 38.56 W
2026/09/20 17:34:21.483, 1, 0 %, 0 %, 35270 MiB, 37.84 W
2026/09/20 17:34:21.483, 2, 0 %, 0 %, 35270 MiB, 37.04 W
2026/09/20 17:34:26.484, 0, 0 %, 0 %, 35270 MiB, 38.65 W
2026/09/20 17:34:26.484, 1, 0 %, 0 %, 35270 MiB, 37.94 W
2026/09/20 17:34:26.484, 2, 0 %, 0 %, 35270 MiB, 36.94 W
2026/09/20 17:34:31.485, 0, 0 %, 0 %, 35270 MiB, 38.47 W
2026/09/20 17:34:31.486, 1, 0 %, 0 %, 35270 MiB, 37.93 W
2026/09/20 17:34:31.486, 2, 0 %, 0 %, 35270 MiB, 36.85 W
2026/09/20 17:34:36.486, 0, 0 %, 0 %, 35270 MiB, 38.57 W
2026/09/20 17:34:36.486, 1, 0 %, 0 %, 35270 MiB, 37.95 W
2026/09/20 17:34:36.486, 2, 0 %, 0 %, 35270 MiB, 36.94 W
2026/09/20 17:34:41.488, 0, 0 %, 0 %, 35270 MiB, 38.68 W
2026/09/20 17:34:41.488, 1, 0 %, 0 %, 35270 MiB, 38.06 W
2026/09/20 17:34:41.488, 2, 0 %, 0 %, 35270 MiB, 36.96 W
2026/09/20 17:34:46.489, 0, 0 %, 0 %, 35270 MiB, 38.69 W
2026/09/20 17:34:46.490, 1, 0 %, 0 %, 35270 MiB, 38.06 W
2026/09/20 17:34:46.490, 2, 0 %, 0 %, 35270 MiB, 37.09 W
2026/09/20 17:34:51.490, 0, 0 %, 0 %, 35270 MiB, 38.61 W
2026/09/20 17:34:51.490, 1, 0 %, 0 %, 35270 MiB, 38.08 W
2026/09/20 17:34:51.490, 2, 0 %, 0 %, 35270 MiB, 37.09 W
2026/09/20 17:34:56.490, 0, 0 %, 0 %, 35270 MiB, 38.71 W
2026/09/20 17:34:56.491, 1, 0 %, 0 %, 35270 MiB, 38.18 W
2026/09/20 17:34:56.491, 2, 0 %, 0 %, 35270 MiB, 36.99 W
2026/09/20 17:35:01.491, 0, 0 %, 0 %, 35270 MiB, 38.91 W
2026/09/20 17:35:01.492, 1, 0 %, 0 %, 35270 MiB, 38.28 W
2026/09/20 17:35:01.492, 2, 0 %, 0 %, 35270 MiB, 37.09 W
2026/09/20 17:35:06.492, 0, 0 %, 0 %, 35270 MiB, 38.91 W
2026/09/20 17:35:06.492, 1, 0 %, 0 %, 35270 MiB, 38.18 W
2026/09/20 17:35:06.492, 2, 0 %, 0 %, 35270 MiB, 37.18 W
2026/09/20 17:35:11.493, 0, 0 %, 0 %, 35270 MiB, 39.02 W
2026/09/20 17:35:11.493, 1, 0 %, 0 %, 35270 MiB, 38.09 W
2026/09/20 17:35:11.493, 2, 0 %, 0 %, 35270 MiB, 37.19 W
2026/09/20 17:35:16.494, 0, 100 %, 7 %, 35270 MiB, 96.61 W
2026/09/20 17:35:16.494, 1, 100 %, 7 %, 35270 MiB, 91.30 W
2026/09/20 17:35:16.494, 2, 100 %, 7 %, 35270 MiB, 91.24 W
2026/09/20 17:35:21.494, 0, 100 %, 7 %, 35270 MiB, 91.98 W
2026/09/20 17:35:21.495, 1, 100 %, 7 %, 35270 MiB, 91.18 W
2026/09/20 17:35:21.495, 2, 99 %, 7 %, 35270 MiB, 94.64 W
2026/09/20 17:35:26.495, 0, 100 %, 7 %, 35270 MiB, 96.70 W
2026/09/20 17:35:26.495, 1, 100 %, 7 %, 35270 MiB, 94.04 W
2026/09/20 17:35:26.495, 2, 100 %, 7 %, 35270 MiB, 94.30 W
2026/09/20 17:35:31.496, 0, 100 %, 10 %, 35270 MiB, 95.52 W
2026/09/20 17:35:31.496, 1, 100 %, 6 %, 35270 MiB, 89.47 W
2026/09/20 17:35:31.496, 2, 100 %, 7 %, 35270 MiB, 94.48 W
2026/09/20 17:35:36.496, 0, 100 %, 7 %, 35270 MiB, 94.41 W
2026/09/20 17:35:36.497, 1, 100 %, 6 %, 35270 MiB, 91.61 W
2026/09/20 17:35:36.497, 2, 100 %, 7 %, 35270 MiB, 95.22 W
2026/09/20 17:35:41.497, 0, 100 %, 8 %, 35270 MiB, 94.78 W
2026/09/20 17:35:41.497, 1, 100 %, 7 %, 35270 MiB, 102.32 W
2026/09/20 17:35:41.497, 2, 100 %, 7 %, 35270 MiB, 95.60 W
2026/09/20 17:35:46.498, 0, 100 %, 10 %, 35270 MiB, 99.33 W
2026/09/20 17:35:46.498, 1, 100 %, 7 %, 35270 MiB, 95.50 W
2026/09/20 17:35:46.498, 2, 100 %, 7 %, 35270 MiB, 91.83 W
2026/09/20 17:35:51.499, 0, 100 %, 7 %, 35270 MiB, 97.27 W
2026/09/20 17:35:51.499, 1, 100 %, 7 %, 35270 MiB, 91.53 W
2026/09/20 17:35:51.499, 2, 100 %, 7 %, 35270 MiB, 91.91 W
2026/09/20 17:35:56.499, 0, 100 %, 7 %, 35270 MiB, 92.93 W
2026/09/20 17:35:56.499, 1, 100 %, 6 %, 35270 MiB, 93.30 W
2026/09/20 17:35:56.500, 2, 100 %, 9 %, 35270 MiB, 96.64 W
2026/09/20 17:36:01.500, 0, 100 %, 7 %, 35270 MiB, 93.42 W
2026/09/20 17:36:01.500, 1, 100 %, 7 %, 35270 MiB, 95.61 W
2026/09/20 17:36:01.500, 2, 100 %, 6 %, 35270 MiB, 101.23 W
2026/09/20 17:36:06.501, 0, 100 %, 7 %, 35270 MiB, 96.34 W
2026/09/20 17:36:06.501, 1, 100 %, 7 %, 35270 MiB, 96.09 W
2026/09/20 17:36:06.501, 2, 100 %, 7 %, 35270 MiB, 94.03 W
2026/09/20 17:36:11.501, 0, 100 %, 7 %, 35270 MiB, 100.15 W
2026/09/20 17:36:11.501, 1, 100 %, 7 %, 35270 MiB, 98.47 W
2026/09/20 17:36:11.502, 2, 100 %, 7 %, 35270 MiB, 103.17 W
2026/09/20 17:36:16.502, 0, 100 %, 7 %, 35270 MiB, 101.99 W
2026/09/20 17:36:16.502, 1, 100 %, 7 %, 35270 MiB, 94.37 W
2026/09/20 17:36:16.502, 2, 100 %, 7 %, 35270 MiB, 94.33 W
2026/09/20 17:36:21.502, 0, 100 %, 7 %, 35270 MiB, 100.33 W
2026/09/20 17:36:21.503, 1, 100 %, 7 %, 35270 MiB, 98.88 W
2026/09/20 17:36:21.503, 2, 100 %, 11 %, 35270 MiB, 127.43 W
2026/09/20 17:36:26.505, 0, 100 %, 7 %, 35270 MiB, 98.21 W
2026/09/20 17:36:26.505, 1, 100 %, 7 %, 35270 MiB, 98.76 W
2026/09/20 17:36:26.506, 2, 100 %, 10 %, 35270 MiB, 121.79 W
2026/09/20 17:36:31.506, 0, 99 %, 6 %, 35270 MiB, 96.61 W
2026/09/20 17:36:31.507, 1, 100 %, 7 %, 35270 MiB, 104.02 W
2026/09/20 17:36:31.507, 2, 99 %, 16 %, 35270 MiB, 98.44 W
2026/09/20 17:36:36.507, 0, 100 %, 6 %, 35270 MiB, 97.93 W
2026/09/20 17:36:36.507, 1, 100 %, 7 %, 35270 MiB, 96.85 W
2026/09/20 17:36:36.507, 2, 100 %, 9 %, 35270 MiB, 99.13 W
2026/09/20 17:36:41.508, 0, 100 %, 7 %, 35270 MiB, 97.27 W
2026/09/20 17:36:41.508, 1, 100 %, 7 %, 35270 MiB, 99.74 W
2026/09/20 17:36:41.508, 2, 100 %, 7 %, 35270 MiB, 99.22 W
2026/09/20 17:36:46.509, 0, 100 %, 7 %, 35270 MiB, 97.97 W
2026/09/20 17:36:46.509, 1, 100 %, 7 %, 35270 MiB, 103.63 W
2026/09/20 17:36:46.509, 2, 100 %, 7 %, 35270 MiB, 97.40 W
2026/09/20 17:36:51.509, 0, 100 %, 7 %, 35270 MiB, 98.59 W
2026/09/20 17:36:51.509, 1, 100 %, 7 %, 35270 MiB, 122.17 W
2026/09/20 17:36:51.510, 2, 100 %, 11 %, 35270 MiB, 98.29 W
2026/09/20 17:36:56.510, 0, 100 %, 7 %, 35270 MiB, 97.92 W
2026/09/20 17:36:56.510, 1, 100 %, 14 %, 35270 MiB, 116.00 W
2026/09/20 17:36:56.510, 2, 100 %, 6 %, 35270 MiB, 97.95 W
2026/09/20 17:37:01.511, 0, 100 %, 11 %, 35270 MiB, 97.75 W
2026/09/20 17:37:01.511, 1, 100 %, 7 %, 35270 MiB, 100.59 W
2026/09/20 17:37:01.511, 2, 100 %, 7 %, 35270 MiB, 97.26 W
2026/09/20 17:37:06.511, 0, 100 %, 6 %, 35270 MiB, 101.49 W
2026/09/20 17:37:06.512, 1, 100 %, 8 %, 35270 MiB, 104.02 W
2026/09/20 17:37:06.512, 2, 100 %, 7 %, 35270 MiB, 95.54 W
2026/09/20 17:37:11.512, 0, 100 %, 7 %, 35270 MiB, 96.53 W
2026/09/20 17:37:11.512, 1, 100 %, 11 %, 35270 MiB, 97.75 W
2026/09/20 17:37:11.512, 2, 100 %, 10 %, 35270 MiB, 94.72 W
2026/09/20 17:37:16.513, 0, 99 %, 11 %, 35270 MiB, 98.33 W
2026/09/20 17:37:16.513, 1, 100 %, 7 %, 35270 MiB, 98.99 W
2026/09/20 17:37:16.513, 2, 100 %, 8 %, 35270 MiB, 100.31 W
2026/09/20 17:37:21.513, 0, 100 %, 7 %, 35270 MiB, 98.59 W
2026/09/20 17:37:21.514, 1, 100 %, 7 %, 35270 MiB, 121.07 W
2026/09/20 17:37:21.514, 2, 99 %, 7 %, 35270 MiB, 91.48 W
2026/09/20 17:37:26.514, 0, 100 %, 7 %, 35270 MiB, 101.58 W
2026/09/20 17:37:26.514, 1, 100 %, 7 %, 35270 MiB, 96.34 W
2026/09/20 17:37:26.514, 2, 100 %, 11 %, 35270 MiB, 101.43 W
2026/09/20 17:37:31.515, 0, 100 %, 7 %, 35270 MiB, 128.21 W
2026/09/20 17:37:31.515, 1, 100 %, 7 %, 35270 MiB, 97.11 W
2026/09/20 17:37:31.515, 2, 100 %, 6 %, 35270 MiB, 95.04 W
2026/09/20 17:37:36.515, 0, 100 %, 7 %, 35270 MiB, 100.47 W
2026/09/20 17:37:36.515, 1, 100 %, 7 %, 35270 MiB, 101.50 W
2026/09/20 17:37:36.515, 2, 100 %, 7 %, 35270 MiB, 102.46 W
2026/09/20 17:37:41.516, 0, 100 %, 11 %, 35270 MiB, 99.32 W
2026/09/20 17:37:41.516, 1, 100 %, 7 %, 35270 MiB, 98.17 W
2026/09/20 17:37:41.516, 2, 100 %, 11 %, 35270 MiB, 99.70 W
2026/09/20 17:37:46.517, 0, 100 %, 7 %, 35270 MiB, 103.37 W
2026/09/20 17:37:46.517, 1, 100 %, 11 %, 35270 MiB, 97.18 W
2026/09/20 17:37:46.517, 2, 100 %, 7 %, 35270 MiB, 98.45 W
2026/09/20 17:37:51.517, 0, 100 %, 7 %, 35270 MiB, 101.19 W
2026/09/20 17:37:51.518, 1, 100 %, 7 %, 35270 MiB, 101.22 W
2026/09/20 17:37:51.518, 2, 100 %, 10 %, 35270 MiB, 99.01 W
2026/09/20 17:37:56.518, 0, 100 %, 7 %, 35270 MiB, 98.47 W
2026/09/20 17:37:56.518, 1, 100 %, 7 %, 35270 MiB, 103.28 W
2026/09/20 17:37:56.518, 2, 100 %, 7 %, 35270 MiB, 99.80 W
2026/09/20 17:38:01.519, 0, 100 %, 7 %, 35270 MiB, 99.51 W
2026/09/20 17:38:01.519, 1, 100 %, 7 %, 35270 MiB, 102.52 W
2026/09/20 17:38:01.519, 2, 100 %, 7 %, 35270 MiB, 103.41 W
2026/09/20 17:38:06.519, 0, 100 %, 7 %, 35270 MiB, 99.39 W
2026/09/20 17:38:06.520, 1, 0 %, 0 %, 35270 MiB, 71.72 W
2026/09/20 17:38:06.520, 2, 100 %, 6 %, 35270 MiB, 100.94 W
2026/09/20 17:38:11.520, 0, 100 %, 11 %, 35270 MiB, 100.77 W
2026/09/20 17:38:11.520, 1, 0 %, 0 %, 35270 MiB, 44.18 W
2026/09/20 17:38:11.520, 2, 0 %, 0 %, 35270 MiB, 43.04 W
2026/09/20 17:38:16.521, 0, 87 %, 6 %, 35270 MiB, 91.53 W
2026/09/20 17:38:16.521, 1, 0 %, 0 %, 35270 MiB, 43.79 W
2026/09/20 17:38:16.521, 2, 0 %, 0 %, 35270 MiB, 42.53 W
2026/09/20 17:38:21.521, 0, 0 %, 0 %, 35270 MiB, 45.88 W
2026/09/20 17:38:21.521, 1, 0 %, 0 %, 35270 MiB, 43.76 W
2026/09/20 17:38:21.522, 2, 0 %, 0 %, 35270 MiB, 42.40 W
2026/09/20 17:38:26.523, 0, 0 %, 0 %, 35270 MiB, 45.29 W
2026/09/20 17:38:26.523, 1, 0 %, 0 %, 35270 MiB, 43.29 W
2026/09/20 17:38:26.523, 2, 0 %, 0 %, 35270 MiB, 41.91 W
2026/09/20 17:38:31.525, 0, 0 %, 0 %, 35270 MiB, 44.67 W
2026/09/20 17:38:31.525, 1, 0 %, 0 %, 35270 MiB, 42.87 W
2026/09/20 17:38:31.525, 2, 0 %, 0 %, 35270 MiB, 41.79 W
2026/09/20 17:38:36.530, 0, 0 %, 0 %, 35270 MiB, 44.30 W
2026/09/20 17:38:36.530, 1, 0 %, 0 %, 35270 MiB, 42.19 W
2026/09/20 17:38:36.530, 2, 0 %, 0 %, 35270 MiB, 41.41 W
2026/09/20 17:38:41.539, 0, 0 %, 0 %, 35270 MiB, 43.61 W
2026/09/20 17:38:41.539, 1, 0 %, 0 %, 35270 MiB, 41.98 W
2026/09/20 17:38:41.540, 2, 0 %, 0 %, 35270 MiB, 41.02 W
2026/09/20 17:38:46.541, 0, 0 %, 0 %, 35270 MiB, 43.13 W
2026/09/20 17:38:46.541, 1, 0 %, 0 %, 35270 MiB, 41.79 W
2026/09/20 17:38:46.541, 2, 0 %, 0 %, 35270 MiB, 40.73 W
2026/09/20 17:38:51.543, 0, 0 %, 0 %, 35270 MiB, 42.90 W
2026/09/20 17:38:51.543, 1, 0 %, 0 %, 35270 MiB, 41.50 W
2026/09/20 17:38:51.543, 2, 0 %, 0 %, 35270 MiB, 40.53 W
2026/09/20 17:38:56.546, 0, 0 %, 0 %, 35270 MiB, 42.72 W
2026/09/20 17:38:56.547, 1, 0 %, 0 %, 35270 MiB, 41.40 W
2026/09/20 17:38:56.547, 2, 0 %, 0 %, 35270 MiB, 40.24 W
2026/09/20 17:39:01.554, 0, 0 %, 0 %, 35270 MiB, 42.52 W
2026/09/20 17:39:01.554, 1, 0 %, 0 %, 35270 MiB, 41.31 W
2026/09/20 17:39:01.554, 2, 0 %, 0 %, 35270 MiB, 40.13 W
2026/09/20 17:39:06.565, 0, 0 %, 0 %, 35270 MiB, 42.32 W
2026/09/20 17:39:06.565, 1, 0 %, 0 %, 35270 MiB, 41.21 W
2026/09/20 17:39:06.565, 2, 0 %, 0 %, 35270 MiB, 39.92 W
2026/09/20 17:39:11.574, 0, 0 %, 0 %, 35270 MiB, 42.42 W
2026/09/20 17:39:11.574, 1, 0 %, 0 %, 35270 MiB, 41.21 W
2026/09/20 17:39:11.575, 2, 0 %, 0 %, 35270 MiB, 39.81 W
2026/09/20 17:39:16.583, 0, 0 %, 0 %, 35270 MiB, 42.13 W
2026/09/20 17:39:16.583, 1, 0 %, 0 %, 35270 MiB, 40.81 W
2026/09/20 17:39:16.584, 2, 0 %, 0 %, 35270 MiB, 39.82 W
2026/09/20 17:39:21.585, 0, 0 %, 0 %, 35270 MiB, 41.93 W
2026/09/20 17:39:21.585, 1, 0 %, 0 %, 35270 MiB, 40.81 W
2026/09/20 17:39:21.585, 2, 0 %, 0 %, 35270 MiB, 39.44 W
2026/09/20 17:39:26.586, 0, 0 %, 0 %, 35270 MiB, 41.93 W
2026/09/20 17:39:26.587, 1, 0 %, 0 %, 35270 MiB, 40.71 W
2026/09/20 17:39:26.587, 2, 0 %, 0 %, 35270 MiB, 39.54 W
2026/09/20 17:39:31.588, 0, 0 %, 0 %, 35270 MiB, 41.93 W
2026/09/20 17:39:31.588, 1, 0 %, 0 %, 35270 MiB, 40.71 W
2026/09/20 17:39:31.588, 2, 0 %, 0 %, 35270 MiB, 39.45 W
2026/09/20 17:39:36.590, 0, 0 %, 0 %, 35270 MiB, 41.93 W
2026/09/20 17:39:36.590, 1, 0 %, 0 %, 35270 MiB, 40.61 W
2026/09/20 17:39:36.590, 2, 0 %, 0 %, 35270 MiB, 39.43 W
2026/09/20 17:39:41.591, 0, 0 %, 0 %, 35270 MiB, 41.74 W
2026/09/20 17:39:41.592, 1, 0 %, 0 %, 35270 MiB, 40.42 W
2026/09/20 17:39:41.592, 2, 0 %, 0 %, 35270 MiB, 39.34 W
2026/09/20 17:39:46.593, 0, 0 %, 0 %, 35270 MiB, 41.53 W
2026/09/20 17:39:46.594, 1, 0 %, 0 %, 35270 MiB, 40.32 W
2026/09/20 17:39:46.594, 2, 0 %, 0 %, 35270 MiB, 39.33 W
2026/09/20 17:39:51.595, 0, 0 %, 0 %, 35270 MiB, 41.43 W
2026/09/20 17:39:51.595, 1, 0 %, 0 %, 35270 MiB, 40.32 W
2026/09/20 17:39:51.595, 2, 0 %, 0 %, 35270 MiB, 39.43 W
2026/09/20 17:39:56.597, 0, 0 %, 0 %, 35270 MiB, 41.24 W
2026/09/20 17:39:56.597, 1, 0 %, 0 %, 35270 MiB, 40.22 W
2026/09/20 17:39:56.597, 2, 0 %, 0 %, 35270 MiB, 39.23 W
2026/09/20 17:40:01.599, 0, 0 %, 0 %, 35270 MiB, 41.24 W
2026/09/20 17:40:01.599, 1, 0 %, 0 %, 35270 MiB, 40.04 W
2026/09/20 17:40:01.599, 2, 0 %, 0 %, 35270 MiB, 39.06 W
2026/09/20 17:40:06.601, 0, 0 %, 0 %, 35270 MiB, 41.34 W
2026/09/20 17:40:06.601, 1, 0 %, 0 %, 35270 MiB, 40.22 W
2026/09/20 17:40:06.602, 2, 0 %, 0 %, 35270 MiB, 39.05 W
2026/09/20 17:40:11.602, 0, 0 %, 0 %, 35270 MiB, 41.08 W
2026/09/20 17:40:11.603, 1, 0 %, 0 %, 35270 MiB, 39.94 W
2026/09/20 17:40:11.603, 2, 0 %, 0 %, 35270 MiB, 39.06 W
2026/09/20 17:40:16.604, 0, 0 %, 0 %, 35270 MiB, 41.09 W
2026/09/20 17:40:16.604, 1, 0 %, 0 %, 35270 MiB, 39.87 W
2026/09/20 17:40:16.604, 2, 0 %, 0 %, 35270 MiB, 38.99 W
2026/09/20 17:40:21.605, 0, 0 %, 0 %, 35270 MiB, 41.01 W
2026/09/20 17:40:21.605, 1, 0 %, 0 %, 35270 MiB, 39.97 W
2026/09/20 17:40:21.605, 2, 0 %, 0 %, 35270 MiB, 38.88 W
2026/09/20 17:40:26.606, 0, 0 %, 0 %, 35270 MiB, 41.14 W
2026/09/20 17:40:26.607, 1, 0 %, 0 %, 35270 MiB, 40.01 W
2026/09/20 17:40:26.607, 2, 0 %, 0 %, 35270 MiB, 38.94 W
2026/09/20 17:40:31.614, 0, 0 %, 0 %, 35270 MiB, 41.05 W
2026/09/20 17:40:31.615, 1, 0 %, 0 %, 35270 MiB, 39.91 W
2026/09/20 17:40:31.615, 2, 0 %, 0 %, 35270 MiB, 38.96 W
2026/09/20 17:40:36.616, 0, 0 %, 0 %, 35270 MiB, 40.94 W
2026/09/20 17:40:36.617, 1, 0 %, 0 %, 35270 MiB, 39.72 W
2026/09/20 17:40:36.617, 2, 0 %, 0 %, 35270 MiB, 38.84 W
2026/09/20 17:40:41.617, 0, 0 %, 0 %, 35270 MiB, 40.70 W
2026/09/20 17:40:41.618, 1, 0 %, 0 %, 35270 MiB, 39.87 W
2026/09/20 17:40:41.618, 2, 0 %, 0 %, 35270 MiB, 38.66 W
2026/09/20 17:40:46.619, 0, 0 %, 0 %, 35270 MiB, 40.73 W
2026/09/20 17:40:46.619, 1, 0 %, 0 %, 35270 MiB, 39.58 W
2026/09/20 17:40:46.619, 2, 0 %, 0 %, 35270 MiB, 38.93 W
2026/09/20 17:40:51.621, 0, 0 %, 0 %, 35270 MiB, 40.65 W
2026/09/20 17:40:51.622, 1, 0 %, 0 %, 35270 MiB, 39.31 W
2026/09/20 17:40:51.622, 2, 0 %, 0 %, 35270 MiB, 38.63 W
2026/09/20 17:40:56.623, 0, 0 %, 0 %, 35270 MiB, 40.13 W
2026/09/20 17:40:56.624, 1, 0 %, 0 %, 35270 MiB, 39.41 W
2026/09/20 17:40:56.624, 2, 0 %, 0 %, 35270 MiB, 38.63 W
2026/09/20 17:41:01.624, 0, 0 %, 0 %, 35270 MiB, 40.90 W
2026/09/20 17:41:01.625, 1, 0 %, 0 %, 35270 MiB, 39.34 W
2026/09/20 17:41:01.625, 2, 0 %, 0 %, 35270 MiB, 38.58 W
2026/09/20 17:41:06.625, 0, 0 %, 0 %, 35270 MiB, 40.76 W
2026/09/20 17:41:06.626, 1, 0 %, 0 %, 35270 MiB, 39.33 W
2026/09/20 17:41:06.626, 2, 0 %, 0 %, 35270 MiB, 38.65 W
2026/09/20 17:41:11.627, 0, 0 %, 0 %, 35270 MiB, 40.72 W
2026/09/20 17:41:11.627, 1, 0 %, 0 %, 35270 MiB, 39.40 W
2026/09/20 17:41:11.627, 2, 0 %, 0 %, 35270 MiB, 38.32 W
2026/09/20 17:41:16.628, 0, 0 %, 0 %, 35270 MiB, 40.76 W
2026/09/20 17:41:16.629, 1, 0 %, 0 %, 35270 MiB, 39.51 W
2026/09/20 17:41:16.629, 2, 0 %, 0 %, 35270 MiB, 38.36 W
2026/09/20 17:41:21.630, 0, 0 %, 0 %, 35270 MiB, 40.72 W
2026/09/20 17:41:21.630, 1, 0 %, 0 %, 35270 MiB, 39.22 W
2026/09/20 17:41:21.631, 2, 0 %, 0 %, 35270 MiB, 38.13 W
2026/09/20 17:41:26.632, 0, 0 %, 0 %, 35270 MiB, 40.45 W
2026/09/20 17:41:26.633, 1, 0 %, 0 %, 35270 MiB, 39.03 W
2026/09/20 17:41:26.633, 2, 0 %, 0 %, 35270 MiB, 38.16 W
2026/09/20 17:41:31.633, 0, 0 %, 0 %, 35270 MiB, 40.28 W
2026/09/20 17:41:31.634, 1, 0 %, 0 %, 35270 MiB, 38.95 W
2026/09/20 17:41:31.634, 2, 0 %, 0 %, 35270 MiB, 38.26 W
2026/09/20 17:41:36.635, 0, 0 %, 0 %, 35270 MiB, 40.24 W
2026/09/20 17:41:36.635, 1, 0 %, 0 %, 35270 MiB, 39.11 W
2026/09/20 17:41:36.635, 2, 0 %, 0 %, 35270 MiB, 38.34 W
2026/09/20 17:41:41.637, 0, 0 %, 0 %, 35270 MiB, 40.30 W
2026/09/20 17:41:41.638, 1, 0 %, 0 %, 35270 MiB, 38.97 W
2026/09/20 17:41:41.638, 2, 0 %, 0 %, 35270 MiB, 38.29 W
2026/09/20 17:41:46.639, 0, 0 %, 0 %, 35270 MiB, 40.17 W
2026/09/20 17:41:46.639, 1, 0 %, 0 %, 35270 MiB, 38.94 W
2026/09/20 17:41:46.640, 2, 0 %, 0 %, 35270 MiB, 38.26 W
2026/09/20 17:41:51.641, 0, 0 %, 0 %, 35270 MiB, 40.13 W
2026/09/20 17:41:51.641, 1, 0 %, 0 %, 35270 MiB, 38.74 W
2026/09/20 17:41:51.642, 2, 0 %, 0 %, 35270 MiB, 38.24 W
2026/09/20 17:41:56.643, 0, 0 %, 0 %, 35270 MiB, 40.34 W
2026/09/20 17:41:56.644, 1, 0 %, 0 %, 35270 MiB, 38.73 W
2026/09/20 17:41:56.644, 2, 0 %, 0 %, 35270 MiB, 38.14 W
2026/09/20 17:42:01.645, 0, 0 %, 0 %, 35270 MiB, 40.14 W
2026/09/20 17:42:01.645, 1, 0 %, 0 %, 35270 MiB, 38.75 W
2026/09/20 17:42:01.645, 2, 0 %, 0 %, 35270 MiB, 38.36 W
2026/09/20 17:42:06.647, 0, 0 %, 0 %, 35270 MiB, 39.94 W
2026/09/20 17:42:06.647, 1, 0 %, 0 %, 35270 MiB, 38.63 W
2026/09/20 17:42:06.648, 2, 0 %, 0 %, 35270 MiB, 38.23 W
2026/09/20 17:42:11.649, 0, 0 %, 0 %, 35270 MiB, 39.86 W
2026/09/20 17:42:11.649, 1, 0 %, 0 %, 35270 MiB, 38.75 W
2026/09/20 17:42:11.650, 2, 0 %, 0 %, 35270 MiB, 38.16 W
2026/09/20 17:42:16.651, 0, 0 %, 0 %, 35270 MiB, 40.09 W
2026/09/20 17:42:16.651, 1, 0 %, 0 %, 35270 MiB, 38.49 W
2026/09/20 17:42:16.652, 2, 0 %, 0 %, 35270 MiB, 37.90 W
2026/09/20 17:42:21.653, 0, 0 %, 0 %, 35270 MiB, 39.83 W
2026/09/20 17:42:21.653, 1, 0 %, 0 %, 35270 MiB, 38.53 W
2026/09/20 17:42:21.653, 2, 0 %, 0 %, 35270 MiB, 37.94 W
2026/09/20 17:42:26.655, 0, 0 %, 0 %, 35270 MiB, 39.87 W
2026/09/20 17:42:26.655, 1, 0 %, 0 %, 35270 MiB, 38.46 W
2026/09/20 17:42:26.656, 2, 0 %, 0 %, 35270 MiB, 37.87 W
2026/09/20 17:42:31.657, 0, 0 %, 0 %, 35270 MiB, 39.75 W
2026/09/20 17:42:31.657, 1, 0 %, 0 %, 35270 MiB, 38.54 W
2026/09/20 17:42:31.657, 2, 0 %, 0 %, 35270 MiB, 37.85 W
2026/09/20 17:42:36.659, 0, 0 %, 0 %, 35270 MiB, 39.85 W
2026/09/20 17:42:36.659, 1, 0 %, 0 %, 35270 MiB, 38.44 W
2026/09/20 17:42:36.660, 2, 0 %, 0 %, 35270 MiB, 38.15 W
2026/09/20 17:42:41.660, 0, 0 %, 0 %, 35270 MiB, 39.74 W
2026/09/20 17:42:41.661, 1, 0 %, 0 %, 35270 MiB, 38.53 W
2026/09/20 17:42:41.661, 2, 0 %, 0 %, 35270 MiB, 37.94 W
2026/09/20 17:42:46.661, 0, 0 %, 0 %, 35270 MiB, 39.78 W
2026/09/20 17:42:46.662, 1, 0 %, 0 %, 35270 MiB, 38.76 W
2026/09/20 17:42:46.662, 2, 0 %, 0 %, 35270 MiB, 37.79 W
2026/09/20 17:42:51.663, 0, 0 %, 0 %, 35270 MiB, 39.83 W
2026/09/20 17:42:51.663, 1, 0 %, 0 %, 35270 MiB, 38.53 W
2026/09/20 17:42:51.663, 2, 0 %, 0 %, 35270 MiB, 37.74 W
2026/09/20 17:42:56.665, 0, 0 %, 0 %, 35270 MiB, 39.85 W
2026/09/20 17:42:56.665, 1, 0 %, 0 %, 35270 MiB, 38.35 W
2026/09/20 17:42:56.666, 2, 0 %, 0 %, 35270 MiB, 38.16 W
2026/09/20 17:43:01.666, 0, 0 %, 0 %, 35270 MiB, 39.89 W
2026/09/20 17:43:01.667, 1, 0 %, 0 %, 35270 MiB, 38.39 W
2026/09/20 17:43:01.667, 2, 0 %, 0 %, 35270 MiB, 37.90 W
2026/09/20 17:43:06.668, 0, 0 %, 0 %, 35270 MiB, 39.84 W
2026/09/20 17:43:06.668, 1, 0 %, 0 %, 35270 MiB, 38.55 W
2026/09/20 17:43:06.668, 2, 0 %, 0 %, 35270 MiB, 37.86 W
2026/09/20 17:43:11.670, 0, 0 %, 0 %, 35270 MiB, 39.93 W
2026/09/20 17:43:11.670, 1, 0 %, 0 %, 35270 MiB, 38.33 W
2026/09/20 17:43:11.671, 2, 0 %, 0 %, 35270 MiB, 38.04 W
2026/09/20 17:43:16.672, 0, 0 %, 0 %, 35270 MiB, 39.75 W
2026/09/20 17:43:16.672, 1, 0 %, 0 %, 35270 MiB, 38.44 W
2026/09/20 17:43:16.673, 2, 0 %, 0 %, 35270 MiB, 38.26 W
2026/09/20 17:43:21.674, 0, 0 %, 0 %, 35270 MiB, 39.67 W
2026/09/20 17:43:21.674, 1, 0 %, 0 %, 35270 MiB, 38.58 W
2026/09/20 17:43:21.674, 2, 0 %, 0 %, 35270 MiB, 37.70 W
2026/09/20 17:43:26.676, 0, 0 %, 0 %, 35270 MiB, 39.76 W
2026/09/20 17:43:26.676, 1, 0 %, 0 %, 35270 MiB, 38.55 W
2026/09/20 17:43:26.676, 2, 0 %, 0 %, 35270 MiB, 37.77 W
2026/09/20 17:43:31.678, 0, 0 %, 0 %, 35270 MiB, 39.85 W
2026/09/20 17:43:31.679, 1, 0 %, 0 %, 35270 MiB, 38.44 W
2026/09/20 17:43:31.679, 2, 0 %, 0 %, 35270 MiB, 37.75 W
2026/09/20 17:43:36.680, 0, 0 %, 0 %, 35270 MiB, 39.74 W
2026/09/20 17:43:36.681, 1, 0 %, 0 %, 35270 MiB, 38.44 W
2026/09/20 17:43:36.681, 2, 0 %, 0 %, 35270 MiB, 37.85 W
2026/09/20 17:43:41.686, 0, 0 %, 0 %, 35270 MiB, 39.68 W
2026/09/20 17:43:41.686, 1, 0 %, 0 %, 35270 MiB, 38.56 W
2026/09/20 17:43:41.686, 2, 0 %, 0 %, 35270 MiB, 37.77 W
2026/09/20 17:43:46.686, 0, 0 %, 0 %, 35270 MiB, 39.65 W
2026/09/20 17:43:46.687, 1, 0 %, 0 %, 35270 MiB, 38.53 W
2026/09/20 17:43:46.687, 2, 0 %, 0 %, 35270 MiB, 37.85 W
2026/09/20 17:43:51.689, 0, 0 %, 0 %, 35270 MiB, 39.74 W
2026/09/20 17:43:51.689, 1, 0 %, 0 %, 35270 MiB, 38.53 W
2026/09/20 17:43:51.689, 2, 0 %, 0 %, 35270 MiB, 37.75 W
2026/09/20 17:43:56.690, 0, 0 %, 0 %, 35270 MiB, 39.65 W
2026/09/20 17:43:56.691, 1, 0 %, 0 %, 35270 MiB, 38.55 W
2026/09/20 17:43:56.691, 2, 0 %, 0 %, 35270 MiB, 37.94 W
2026/09/20 17:44:01.692, 0, 0 %, 0 %, 35270 MiB, 39.63 W
2026/09/20 17:44:01.692, 1, 0 %, 0 %, 35270 MiB, 38.52 W
2026/09/20 17:44:01.693, 2, 0 %, 0 %, 35270 MiB, 37.84 W
2026/09/20 17:44:06.694, 0, 0 %, 0 %, 35270 MiB, 39.65 W
2026/09/20 17:44:06.695, 1, 0 %, 0 %, 35270 MiB, 38.24 W
2026/09/20 17:44:06.695, 2, 0 %, 0 %, 35270 MiB, 37.87 W
2026/09/20 17:44:11.695, 0, 0 %, 0 %, 35270 MiB, 39.79 W
2026/09/20 17:44:11.696, 1, 0 %, 0 %, 35270 MiB, 38.29 W
2026/09/20 17:44:11.696, 2, 0 %, 0 %, 35270 MiB, 37.80 W
2026/09/20 17:44:16.697, 0, 0 %, 0 %, 35270 MiB, 39.74 W
2026/09/20 17:44:16.697, 1, 0 %, 0 %, 35270 MiB, 38.53 W
2026/09/20 17:44:16.697, 2, 0 %, 0 %, 35270 MiB, 37.94 W
2026/09/20 17:44:21.699, 0, 0 %, 0 %, 35270 MiB, 39.55 W
2026/09/20 17:44:21.700, 1, 0 %, 0 %, 35270 MiB, 38.34 W
2026/09/20 17:44:21.700, 2, 0 %, 0 %, 35270 MiB, 37.75 W
2026/09/20 17:44:26.701, 0, 0 %, 0 %, 35270 MiB, 39.73 W
2026/09/20 17:44:26.701, 1, 0 %, 0 %, 35270 MiB, 38.23 W
2026/09/20 17:44:26.702, 2, 0 %, 0 %, 35270 MiB, 37.75 W
2026/09/20 17:44:31.702, 0, 0 %, 0 %, 35270 MiB, 39.49 W
2026/09/20 17:44:31.703, 1, 0 %, 0 %, 35270 MiB, 38.17 W
2026/09/20 17:44:31.703, 2, 0 %, 0 %, 35270 MiB, 37.77 W
2026/09/20 17:44:36.703, 0, 0 %, 0 %, 35270 MiB, 39.35 W
2026/09/20 17:44:36.704, 1, 0 %, 0 %, 35270 MiB, 38.34 W
2026/09/20 17:44:36.704, 2, 0 %, 0 %, 35270 MiB, 37.73 W
2026/09/20 17:44:41.705, 0, 0 %, 0 %, 35270 MiB, 39.37 W
2026/09/20 17:44:41.706, 1, 0 %, 0 %, 35270 MiB, 38.65 W
2026/09/20 17:44:41.706, 2, 0 %, 0 %, 35270 MiB, 37.56 W
2026/09/20 17:44:46.706, 0, 0 %, 0 %, 35270 MiB, 39.39 W
2026/09/20 17:44:46.707, 1, 0 %, 0 %, 35270 MiB, 38.77 W
2026/09/20 17:44:46.707, 2, 0 %, 0 %, 35270 MiB, 37.58 W
2026/09/20 17:44:51.709, 0, 0 %, 0 %, 35270 MiB, 39.35 W
2026/09/20 17:44:51.709, 1, 0 %, 0 %, 35270 MiB, 38.73 W
2026/09/20 17:44:51.709, 2, 0 %, 0 %, 35270 MiB, 37.77 W
2026/09/20 17:44:56.711, 0, 0 %, 0 %, 35270 MiB, 39.25 W
2026/09/20 17:44:56.712, 1, 0 %, 0 %, 35270 MiB, 38.83 W
2026/09/20 17:44:56.712, 2, 0 %, 0 %, 35270 MiB, 37.54 W
2026/09/20 17:45:01.713, 0, 0 %, 0 %, 35270 MiB, 39.46 W
2026/09/20 17:45:01.713, 1, 0 %, 0 %, 35270 MiB, 38.74 W
2026/09/20 17:45:01.714, 2, 0 %, 0 %, 35270 MiB, 37.56 W
2026/09/20 17:45:06.715, 0, 0 %, 0 %, 35270 MiB, 39.45 W
2026/09/20 17:45:06.715, 1, 0 %, 0 %, 35270 MiB, 38.83 W
2026/09/20 17:45:06.715, 2, 0 %, 0 %, 35270 MiB, 37.65 W
2026/09/20 17:45:11.715, 0, 0 %, 0 %, 35270 MiB, 39.39 W
2026/09/20 17:45:11.716, 1, 0 %, 0 %, 35270 MiB, 38.76 W
2026/09/20 17:45:11.716, 2, 0 %, 0 %, 35270 MiB, 37.79 W
2026/09/20 17:45:16.717, 0, 0 %, 0 %, 35270 MiB, 39.35 W
2026/09/20 17:45:16.717, 1, 0 %, 0 %, 35270 MiB, 38.73 W
2026/09/20 17:45:16.718, 2, 0 %, 0 %, 35270 MiB, 37.64 W
2026/09/20 17:45:21.719, 0, 0 %, 0 %, 35270 MiB, 39.65 W
2026/09/20 17:45:21.720, 1, 0 %, 0 %, 35270 MiB, 38.63 W
2026/09/20 17:45:21.720, 2, 0 %, 0 %, 35270 MiB, 37.65 W
2026/09/20 17:45:26.721, 0, 0 %, 0 %, 35270 MiB, 39.28 W
2026/09/20 17:45:26.722, 1, 0 %, 0 %, 35270 MiB, 38.67 W
2026/09/20 17:45:26.722, 2, 0 %, 0 %, 35270 MiB, 37.56 W
2026/09/20 17:45:31.723, 0, 0 %, 0 %, 35270 MiB, 39.27 W
2026/09/20 17:45:31.723, 1, 0 %, 0 %, 35270 MiB, 38.83 W
2026/09/20 17:45:31.724, 2, 0 %, 0 %, 35270 MiB, 37.75 W
2026/09/20 17:45:36.724, 0, 0 %, 0 %, 35270 MiB, 39.29 W
2026/09/20 17:45:36.725, 1, 0 %, 0 %, 35270 MiB, 38.67 W
2026/09/20 17:45:36.725, 2, 0 %, 0 %, 35270 MiB, 37.58 W
2026/09/20 17:45:41.726, 0, 0 %, 0 %, 35270 MiB, 39.47 W
2026/09/20 17:45:41.727, 1, 0 %, 0 %, 35270 MiB, 38.65 W
2026/09/20 17:45:41.727, 2, 0 %, 0 %, 35270 MiB, 37.56 W
2026/09/20 17:45:46.728, 0, 0 %, 0 %, 35270 MiB, 39.40 W
2026/09/20 17:45:46.728, 1, 0 %, 0 %, 35270 MiB, 38.78 W
2026/09/20 17:45:46.729, 2, 0 %, 0 %, 35270 MiB, 37.59 W
2026/09/20 17:45:51.729, 0, 0 %, 0 %, 35270 MiB, 39.41 W
2026/09/20 17:45:51.730, 1, 0 %, 0 %, 35270 MiB, 38.78 W
2026/09/20 17:45:51.730, 2, 0 %, 0 %, 35270 MiB, 37.69 W
2026/09/20 17:45:56.731, 0, 0 %, 0 %, 35270 MiB, 39.40 W
2026/09/20 17:45:56.731, 1, 0 %, 0 %, 35270 MiB, 38.78 W
2026/09/20 17:45:56.732, 2, 0 %, 0 %, 35270 MiB, 37.59 W
2026/09/20 17:46:01.732, 0, 0 %, 0 %, 35270 MiB, 39.60 W
2026/09/20 17:46:01.733, 1, 0 %, 0 %, 35270 MiB, 38.97 W
2026/09/20 17:46:01.733, 2, 0 %, 0 %, 35270 MiB, 37.59 W
2026/09/20 17:46:06.735, 0, 0 %, 0 %, 35270 MiB, 39.50 W
2026/09/20 17:46:06.735, 1, 0 %, 0 %, 35270 MiB, 39.98 W
2026/09/20 17:46:06.735, 2, 0 %, 0 %, 35270 MiB, 37.90 W
2026/09/20 17:46:11.736, 0, 0 %, 0 %, 35270 MiB, 39.49 W
2026/09/20 17:46:11.736, 1, 0 %, 0 %, 35270 MiB, 38.86 W
2026/09/20 17:46:11.736, 2, 0 %, 0 %, 35270 MiB, 37.58 W
2026/09/20 17:46:16.736, 0, 0 %, 0 %, 35270 MiB, 39.59 W
2026/09/20 17:46:16.737, 1, 0 %, 0 %, 35270 MiB, 38.87 W
2026/09/20 17:46:16.737, 2, 0 %, 0 %, 35270 MiB, 37.69 W
2026/09/20 17:46:21.737, 0, 0 %, 0 %, 35270 MiB, 39.60 W
2026/09/20 17:46:21.738, 1, 0 %, 0 %, 35270 MiB, 38.78 W
2026/09/20 17:46:21.738, 2, 0 %, 0 %, 35270 MiB, 37.68 W
2026/09/20 17:46:26.739, 0, 0 %, 0 %, 35270 MiB, 39.49 W
2026/09/20 17:46:26.739, 1, 0 %, 0 %, 35270 MiB, 38.86 W
2026/09/20 17:46:26.739, 2, 0 %, 0 %, 35270 MiB, 37.87 W
2026/09/20 17:46:31.739, 0, 0 %, 0 %, 35270 MiB, 39.58 W
2026/09/20 17:46:31.739, 1, 0 %, 0 %, 35270 MiB, 38.46 W
2026/09/20 17:46:31.740, 2, 0 %, 0 %, 35270 MiB, 37.77 W
2026/09/20 17:46:36.741, 0, 0 %, 0 %, 35270 MiB, 39.36 W
2026/09/20 17:46:36.741, 1, 0 %, 0 %, 35270 MiB, 38.73 W
2026/09/20 17:46:36.742, 2, 0 %, 0 %, 35270 MiB, 37.66 W
2026/09/20 17:46:41.742, 0, 0 %, 0 %, 35270 MiB, 39.49 W
2026/09/20 17:46:41.743, 1, 0 %, 0 %, 35270 MiB, 39.07 W
2026/09/20 17:46:41.743, 2, 0 %, 0 %, 35270 MiB, 37.77 W
2026/09/20 17:46:46.748, 0, 0 %, 0 %, 35270 MiB, 39.50 W
2026/09/20 17:46:46.748, 1, 0 %, 0 %, 35270 MiB, 38.88 W
2026/09/20 17:46:46.749, 2, 0 %, 0 %, 35270 MiB, 37.69 W
2026/09/20 17:46:51.749, 0, 0 %, 0 %, 35270 MiB, 39.39 W
2026/09/20 17:46:51.750, 1, 0 %, 0 %, 35270 MiB, 38.86 W
2026/09/20 17:46:51.750, 2, 0 %, 0 %, 35270 MiB, 37.66 W
2026/09/20 17:46:56.751, 0, 0 %, 0 %, 35270 MiB, 39.56 W
2026/09/20 17:46:56.752, 1, 0 %, 0 %, 35270 MiB, 38.84 W
2026/09/20 17:46:56.752, 2, 0 %, 0 %, 35270 MiB, 37.66 W
2026/09/20 17:47:01.752, 0, 0 %, 0 %, 35270 MiB, 39.40 W
2026/09/20 17:47:01.753, 1, 0 %, 0 %, 35270 MiB, 39.07 W
2026/09/20 17:47:01.753, 2, 0 %, 0 %, 35270 MiB, 37.59 W
2026/09/20 17:47:06.753, 0, 0 %, 0 %, 35270 MiB, 39.50 W
2026/09/20 17:47:06.753, 1, 0 %, 0 %, 35270 MiB, 38.88 W
2026/09/20 17:47:06.753, 2, 0 %, 0 %, 35270 MiB, 37.80 W
2026/09/20 17:47:11.753, 0, 0 %, 0 %, 35270 MiB, 39.51 W
2026/09/20 17:47:11.754, 1, 0 %, 0 %, 35270 MiB, 38.98 W
2026/09/20 17:47:11.754, 2, 0 %, 0 %, 35270 MiB, 37.69 W
2026/09/20 17:47:16.754, 0, 0 %, 0 %, 35270 MiB, 39.57 W
2026/09/20 17:47:16.754, 1, 0 %, 0 %, 35270 MiB, 38.95 W
2026/09/20 17:47:16.754, 2, 0 %, 0 %, 35270 MiB, 37.67 W
2026/09/20 17:47:21.755, 0, 0 %, 0 %, 35270 MiB, 39.60 W
2026/09/20 17:47:21.756, 1, 0 %, 0 %, 35270 MiB, 38.97 W
2026/09/20 17:47:21.756, 2, 0 %, 0 %, 35270 MiB, 37.69 W
2026/09/20 17:47:26.756, 0, 0 %, 0 %, 35270 MiB, 39.47 W
2026/09/20 17:47:26.757, 1, 0 %, 0 %, 35270 MiB, 38.75 W
2026/09/20 17:47:26.757, 2, 0 %, 0 %, 35270 MiB, 37.87 W
2026/09/20 17:47:31.758, 0, 0 %, 0 %, 35270 MiB, 39.57 W
2026/09/20 17:47:31.759, 1, 0 %, 0 %, 35270 MiB, 38.75 W
2026/09/20 17:47:31.759, 2, 0 %, 0 %, 35270 MiB, 37.67 W
2026/09/20 17:47:36.767, 0, 0 %, 0 %, 35270 MiB, 39.56 W
2026/09/20 17:47:36.768, 1, 0 %, 0 %, 35270 MiB, 39.02 W
2026/09/20 17:47:36.768, 2, 0 %, 0 %, 35270 MiB, 37.75 W
2026/09/20 17:47:41.769, 0, 0 %, 0 %, 35270 MiB, 39.24 W
2026/09/20 17:47:41.770, 1, 0 %, 0 %, 35270 MiB, 38.73 W
2026/09/20 17:47:41.770, 2, 0 %, 0 %, 35270 MiB, 38.04 W
2026/09/20 17:47:46.771, 0, 0 %, 0 %, 35270 MiB, 39.25 W
2026/09/20 17:47:46.771, 1, 0 %, 0 %, 35270 MiB, 38.63 W
2026/09/20 17:47:46.772, 2, 0 %, 0 %, 35270 MiB, 37.74 W
2026/09/20 17:47:51.778, 0, 0 %, 0 %, 35270 MiB, 39.16 W
2026/09/20 17:47:51.778, 1, 0 %, 0 %, 35270 MiB, 38.73 W
2026/09/20 17:47:51.779, 2, 0 %, 0 %, 35270 MiB, 37.44 W
2026/09/20 17:47:56.780, 0, 0 %, 0 %, 35270 MiB, 39.23 W
2026/09/20 17:47:56.780, 1, 0 %, 0 %, 35270 MiB, 38.70 W
2026/09/20 17:47:56.780, 2, 0 %, 0 %, 35270 MiB, 37.44 W
2026/09/20 17:48:01.782, 0, 0 %, 0 %, 35270 MiB, 39.16 W
2026/09/20 17:48:01.782, 1, 0 %, 0 %, 35270 MiB, 38.53 W
2026/09/20 17:48:01.782, 2, 0 %, 0 %, 35270 MiB, 37.54 W
2026/09/20 17:48:06.783, 0, 0 %, 0 %, 35270 MiB, 39.17 W
2026/09/20 17:48:06.783, 1, 0 %, 0 %, 35270 MiB, 38.55 W
2026/09/20 17:48:06.783, 2, 0 %, 0 %, 35270 MiB, 37.44 W
2026/09/20 17:48:11.783, 0, 0 %, 0 %, 35270 MiB, 39.24 W
2026/09/20 17:48:11.784, 1, 0 %, 0 %, 35270 MiB, 38.82 W
2026/09/20 17:48:11.784, 2, 0 %, 0 %, 35270 MiB, 37.44 W
2026/09/20 17:48:16.785, 0, 0 %, 0 %, 35270 MiB, 39.16 W
2026/09/20 17:48:16.785, 1, 0 %, 0 %, 35270 MiB, 38.53 W
2026/09/20 17:48:16.786, 2, 0 %, 0 %, 35270 MiB, 37.35 W
2026/09/20 17:48:21.787, 0, 0 %, 0 %, 35270 MiB, 39.07 W
2026/09/20 17:48:21.787, 1, 0 %, 0 %, 35270 MiB, 38.65 W
2026/09/20 17:48:21.787, 2, 0 %, 0 %, 35270 MiB, 37.56 W
2026/09/20 17:48:26.789, 0, 0 %, 0 %, 35270 MiB, 39.17 W
2026/09/20 17:48:26.790, 1, 0 %, 0 %, 35270 MiB, 38.54 W
2026/09/20 17:48:26.790, 2, 0 %, 0 %, 35270 MiB, 37.36 W
2026/09/20 17:48:31.791, 0, 0 %, 0 %, 35270 MiB, 39.26 W
2026/09/20 17:48:31.792, 1, 0 %, 0 %, 35270 MiB, 38.53 W
2026/09/20 17:48:31.792, 2, 0 %, 0 %, 35270 MiB, 37.35 W
2026/09/20 17:48:36.793, 0, 0 %, 0 %, 35270 MiB, 39.16 W
2026/09/20 17:48:36.794, 1, 0 %, 0 %, 35270 MiB, 38.33 W
2026/09/20 17:48:36.794, 2, 0 %, 0 %, 35270 MiB, 37.35 W
2026/09/20 17:48:41.795, 0, 0 %, 0 %, 35270 MiB, 39.06 W
2026/09/20 17:48:41.795, 1, 0 %, 0 %, 35270 MiB, 38.44 W
2026/09/20 17:48:41.795, 2, 0 %, 0 %, 35270 MiB, 37.35 W
2026/09/20 17:48:46.797, 0, 0 %, 0 %, 35270 MiB, 39.05 W
2026/09/20 17:48:46.798, 1, 0 %, 0 %, 35270 MiB, 38.33 W
2026/09/20 17:48:46.798, 2, 0 %, 0 %, 35270 MiB, 37.35 W
2026/09/20 17:48:51.799, 0, 0 %, 0 %, 35270 MiB, 38.96 W
2026/09/20 17:48:51.800, 1, 0 %, 0 %, 35270 MiB, 38.33 W
2026/09/20 17:48:51.800, 2, 0 %, 0 %, 35270 MiB, 37.35 W
2026/09/20 17:48:56.801, 0, 0 %, 0 %, 35270 MiB, 38.97 W
2026/09/20 17:48:56.802, 1, 0 %, 0 %, 35270 MiB, 38.44 W
2026/09/20 17:48:56.802, 2, 0 %, 0 %, 35270 MiB, 37.14 W
2026/09/20 17:49:01.802, 0, 0 %, 0 %, 35270 MiB, 38.97 W
2026/09/20 17:49:01.803, 1, 0 %, 0 %, 35270 MiB, 38.44 W
2026/09/20 17:49:01.803, 2, 0 %, 0 %, 35270 MiB, 37.26 W
2026/09/20 17:49:06.804, 0, 0 %, 0 %, 35270 MiB, 39.14 W
2026/09/20 17:49:06.805, 1, 0 %, 0 %, 35270 MiB, 38.63 W
2026/09/20 17:49:06.805, 2, 0 %, 0 %, 35270 MiB, 37.34 W
2026/09/20 17:49:11.805, 0, 0 %, 0 %, 35270 MiB, 39.11 W
2026/09/20 17:49:11.806, 1, 0 %, 0 %, 35270 MiB, 38.49 W
2026/09/20 17:49:11.806, 2, 0 %, 0 %, 35270 MiB, 37.18 W
2026/09/20 17:49:16.807, 0, 0 %, 0 %, 35270 MiB, 39.07 W
2026/09/20 17:49:16.808, 1, 0 %, 0 %, 35270 MiB, 38.44 W
2026/09/20 17:49:16.808, 2, 0 %, 0 %, 35270 MiB, 37.25 W
2026/09/20 17:49:21.809, 0, 0 %, 0 %, 35270 MiB, 39.06 W
2026/09/20 17:49:21.810, 1, 0 %, 0 %, 35270 MiB, 38.44 W
2026/09/20 17:49:21.810, 2, 0 %, 0 %, 35270 MiB, 37.25 W
2026/09/20 17:49:26.811, 0, 0 %, 0 %, 35270 MiB, 39.15 W
2026/09/20 17:49:26.811, 1, 0 %, 0 %, 35270 MiB, 38.53 W
2026/09/20 17:49:26.811, 2, 0 %, 0 %, 35270 MiB, 37.24 W
2026/09/20 17:49:31.813, 0, 0 %, 0 %, 35270 MiB, 39.14 W
2026/09/20 17:49:31.813, 1, 0 %, 0 %, 35270 MiB, 38.53 W
2026/09/20 17:49:31.813, 2, 0 %, 0 %, 35270 MiB, 37.23 W
2026/09/20 17:49:36.815, 0, 0 %, 0 %, 35270 MiB, 39.06 W
2026/09/20 17:49:36.815, 1, 0 %, 0 %, 35270 MiB, 38.53 W
2026/09/20 17:49:36.815, 2, 0 %, 0 %, 35270 MiB, 37.55 W
2026/09/20 17:49:41.817, 0, 0 %, 0 %, 35270 MiB, 39.35 W
2026/09/20 17:49:41.828, 1, 0 %, 0 %, 35270 MiB, 38.53 W
2026/09/20 17:49:41.829, 2, 0 %, 0 %, 35270 MiB, 37.35 W
2026/09/20 17:49:46.842, 0, 0 %, 0 %, 35270 MiB, 39.07 W
2026/09/20 17:49:46.843, 1, 0 %, 0 %, 35270 MiB, 38.34 W
2026/09/20 17:49:46.843, 2, 0 %, 0 %, 35270 MiB, 37.36 W
2026/09/20 17:49:51.844, 0, 0 %, 0 %, 35270 MiB, 39.06 W
2026/09/20 17:49:51.845, 1, 0 %, 0 %, 35270 MiB, 38.34 W
2026/09/20 17:49:51.845, 2, 0 %, 0 %, 35270 MiB, 37.35 W
2026/09/20 17:49:56.845, 0, 0 %, 0 %, 35270 MiB, 38.97 W
2026/09/20 17:49:56.845, 1, 0 %, 0 %, 35270 MiB, 38.34 W
2026/09/20 17:49:56.846, 2, 0 %, 0 %, 35270 MiB, 37.44 W
2026/09/20 17:50:01.846, 0, 0 %, 0 %, 35270 MiB, 38.97 W
2026/09/20 17:50:01.847, 1, 0 %, 0 %, 35270 MiB, 38.46 W
2026/09/20 17:50:01.847, 2, 0 %, 0 %, 35270 MiB, 37.36 W
2026/09/20 17:50:06.847, 0, 0 %, 0 %, 35270 MiB, 38.99 W
2026/09/20 17:50:06.848, 1, 0 %, 0 %, 35270 MiB, 38.39 W
2026/09/20 17:50:06.848, 2, 0 %, 0 %, 35270 MiB, 37.16 W
2026/09/20 17:50:11.849, 0, 0 %, 0 %, 35270 MiB, 38.90 W
2026/09/20 17:50:11.849, 1, 0 %, 0 %, 35270 MiB, 38.37 W
2026/09/20 17:50:11.850, 2, 0 %, 0 %, 35270 MiB, 37.17 W
2026/09/20 17:50:16.850, 0, 0 %, 0 %, 35270 MiB, 38.99 W
2026/09/20 17:50:16.851, 1, 0 %, 0 %, 35270 MiB, 38.35 W
2026/09/20 17:50:16.851, 2, 0 %, 0 %, 35270 MiB, 37.26 W
2026/09/20 17:50:21.852, 0, 0 %, 0 %, 35270 MiB, 38.96 W
2026/09/20 17:50:21.852, 1, 0 %, 0 %, 35270 MiB, 38.44 W
2026/09/20 17:50:21.853, 2, 0 %, 0 %, 35270 MiB, 37.13 W
2026/09/20 17:50:26.854, 0, 0 %, 0 %, 35270 MiB, 38.96 W
2026/09/20 17:50:26.855, 1, 0 %, 0 %, 35270 MiB, 38.44 W
2026/09/20 17:50:26.855, 2, 0 %, 0 %, 35270 MiB, 37.25 W
2026/09/20 17:50:31.856, 0, 0 %, 0 %, 35270 MiB, 38.89 W
2026/09/20 17:50:31.856, 1, 0 %, 0 %, 35270 MiB, 38.36 W
2026/09/20 17:50:31.856, 2, 0 %, 0 %, 35270 MiB, 37.15 W
2026/09/20 17:50:36.857, 0, 0 %, 0 %, 35270 MiB, 39.16 W
2026/09/20 17:50:36.857, 1, 0 %, 0 %, 35270 MiB, 38.53 W
2026/09/20 17:50:36.858, 2, 0 %, 0 %, 35270 MiB, 37.24 W
2026/09/20 17:50:41.859, 0, 0 %, 0 %, 35270 MiB, 38.97 W
2026/09/20 17:50:41.859, 1, 0 %, 0 %, 35270 MiB, 38.34 W
2026/09/20 17:50:41.860, 2, 0 %, 0 %, 35270 MiB, 37.24 W
2026/09/20 17:50:46.861, 0, 0 %, 0 %, 35270 MiB, 38.95 W
2026/09/20 17:50:46.862, 1, 0 %, 0 %, 35270 MiB, 38.13 W
2026/09/20 17:50:46.862, 2, 0 %, 0 %, 35270 MiB, 37.14 W
2026/09/20 17:50:51.864, 0, 0 %, 0 %, 35270 MiB, 39.04 W
2026/09/20 17:50:51.865, 1, 0 %, 0 %, 35270 MiB, 38.23 W
2026/09/20 17:50:51.865, 2, 0 %, 0 %, 35270 MiB, 37.24 W
2026/09/20 17:50:56.870, 0, 0 %, 0 %, 35270 MiB, 39.04 W
2026/09/20 17:50:56.870, 1, 0 %, 0 %, 35270 MiB, 38.20 W
2026/09/20 17:50:56.870, 2, 0 %, 0 %, 35270 MiB, 37.35 W
2026/09/20 17:51:01.872, 0, 0 %, 0 %, 35270 MiB, 38.74 W
2026/09/20 17:51:01.872, 1, 0 %, 0 %, 35270 MiB, 38.22 W
2026/09/20 17:51:01.873, 2, 0 %, 0 %, 35270 MiB, 37.23 W
2026/09/20 17:51:06.873, 0, 0 %, 0 %, 35270 MiB, 38.86 W
2026/09/20 17:51:06.874, 1, 0 %, 0 %, 35270 MiB, 38.23 W
2026/09/20 17:51:06.874, 2, 0 %, 0 %, 35270 MiB, 37.25 W
2026/09/20 17:51:11.874, 0, 0 %, 0 %, 35270 MiB, 38.85 W
2026/09/20 17:51:11.875, 1, 0 %, 0 %, 35270 MiB, 38.44 W
2026/09/20 17:51:11.875, 2, 0 %, 0 %, 35270 MiB, 37.35 W
2026/09/20 17:51:16.876, 0, 0 %, 0 %, 35270 MiB, 38.85 W
2026/09/20 17:51:16.876, 1, 0 %, 0 %, 35270 MiB, 38.23 W
2026/09/20 17:51:16.877, 2, 0 %, 0 %, 35270 MiB, 37.65 W
2026/09/20 17:51:21.878, 0, 0 %, 0 %, 35270 MiB, 38.96 W
2026/09/20 17:51:21.879, 1, 0 %, 0 %, 35270 MiB, 38.23 W
2026/09/20 17:51:21.879, 2, 0 %, 0 %, 35270 MiB, 37.04 W
2026/09/20 17:51:26.880, 0, 0 %, 0 %, 35270 MiB, 38.76 W
2026/09/20 17:51:26.881, 1, 0 %, 0 %, 35270 MiB, 38.23 W
2026/09/20 17:51:26.881, 2, 0 %, 0 %, 35270 MiB, 37.04 W
2026/09/20 17:51:31.881, 0, 0 %, 0 %, 35270 MiB, 39.12 W
2026/09/20 17:51:31.882, 1, 0 %, 0 %, 35270 MiB, 38.39 W
2026/09/20 17:51:31.882, 2, 0 %, 0 %, 35270 MiB, 37.27 W
2026/09/20 17:51:36.882, 0, 0 %, 0 %, 35270 MiB, 38.99 W
2026/09/20 17:51:36.883, 1, 0 %, 0 %, 35270 MiB, 38.36 W
2026/09/20 17:51:36.883, 2, 0 %, 0 %, 35270 MiB, 37.17 W
2026/09/20 17:51:41.884, 0, 0 %, 0 %, 35270 MiB, 38.86 W
2026/09/20 17:51:41.884, 1, 0 %, 0 %, 35270 MiB, 38.34 W
2026/09/20 17:51:41.884, 2, 0 %, 0 %, 35270 MiB, 37.15 W
2026/09/20 17:51:46.886, 0, 0 %, 0 %, 35270 MiB, 38.96 W
2026/09/20 17:51:46.887, 1, 0 %, 0 %, 35270 MiB, 38.53 W
2026/09/20 17:51:46.887, 2, 0 %, 0 %, 35270 MiB, 37.14 W
2026/09/20 17:51:51.888, 0, 0 %, 0 %, 35270 MiB, 39.07 W
2026/09/20 17:51:51.888, 1, 0 %, 0 %, 35270 MiB, 38.44 W
2026/09/20 17:51:51.889, 2, 0 %, 0 %, 35270 MiB, 37.24 W
2026/09/20 17:51:56.890, 0, 0 %, 0 %, 35270 MiB, 39.06 W
2026/09/20 17:51:56.890, 1, 0 %, 0 %, 35270 MiB, 38.23 W
2026/09/20 17:51:56.891, 2, 0 %, 0 %, 35270 MiB, 37.34 W
2026/09/20 17:52:01.892, 0, 0 %, 0 %, 35270 MiB, 38.97 W
2026/09/20 17:52:01.892, 1, 0 %, 0 %, 35270 MiB, 38.23 W
2026/09/20 17:52:01.893, 2, 0 %, 0 %, 35270 MiB, 37.35 W
2026/09/20 17:52:06.894, 0, 0 %, 0 %, 35270 MiB, 39.06 W
2026/09/20 17:52:06.894, 1, 0 %, 0 %, 35270 MiB, 38.36 W
2026/09/20 17:52:06.895, 2, 0 %, 0 %, 35270 MiB, 37.45 W
2026/09/20 17:52:11.896, 0, 0 %, 0 %, 35270 MiB, 38.97 W
2026/09/20 17:52:11.896, 1, 0 %, 0 %, 35270 MiB, 38.33 W
2026/09/20 17:52:11.896, 2, 0 %, 0 %, 35270 MiB, 37.44 W
2026/09/20 17:52:16.898, 0, 0 %, 0 %, 35270 MiB, 38.86 W
2026/09/20 17:52:16.899, 1, 0 %, 0 %, 35270 MiB, 38.36 W
2026/09/20 17:52:16.899, 2, 0 %, 0 %, 35270 MiB, 37.46 W
2026/09/20 17:52:21.900, 0, 0 %, 0 %, 35270 MiB, 38.97 W
2026/09/20 17:52:21.901, 1, 0 %, 0 %, 35270 MiB, 38.33 W
2026/09/20 17:52:21.901, 2, 0 %, 0 %, 35270 MiB, 37.25 W
2026/09/20 17:52:26.902, 0, 0 %, 0 %, 35270 MiB, 38.96 W
2026/09/20 17:52:26.903, 1, 0 %, 0 %, 35270 MiB, 38.44 W
2026/09/20 17:52:26.903, 2, 0 %, 0 %, 35270 MiB, 37.44 W
2026/09/20 17:52:31.904, 0, 0 %, 0 %, 35270 MiB, 39.06 W
2026/09/20 17:52:31.905, 1, 0 %, 0 %, 35270 MiB, 38.33 W
2026/09/20 17:52:31.905, 2, 0 %, 0 %, 35270 MiB, 37.25 W
2026/09/20 17:52:36.905, 0, 0 %, 0 %, 35270 MiB, 39.01 W
2026/09/20 17:52:36.906, 1, 0 %, 0 %, 35270 MiB, 38.28 W
2026/09/20 17:52:36.906, 2, 0 %, 0 %, 35270 MiB, 37.18 W
2026/09/20 17:52:41.907, 0, 0 %, 0 %, 35270 MiB, 39.06 W
2026/09/20 17:52:41.907, 1, 0 %, 0 %, 35270 MiB, 38.63 W
2026/09/20 17:52:41.908, 2, 0 %, 0 %, 35270 MiB, 37.24 W
2026/09/20 17:52:46.909, 0, 0 %, 0 %, 35270 MiB, 39.14 W
2026/09/20 17:52:46.909, 1, 0 %, 0 %, 35270 MiB, 38.43 W
2026/09/20 17:52:46.910, 2, 0 %, 0 %, 35270 MiB, 37.34 W
2026/09/20 17:52:51.910, 0, 0 %, 0 %, 35270 MiB, 39.07 W
2026/09/20 17:52:51.910, 1, 0 %, 0 %, 35270 MiB, 38.44 W
2026/09/20 17:52:51.911, 2, 0 %, 0 %, 35270 MiB, 37.24 W
2026/09/20 17:52:56.912, 0, 0 %, 0 %, 35270 MiB, 38.97 W
2026/09/20 17:52:56.912, 1, 0 %, 0 %, 35270 MiB, 38.44 W
2026/09/20 17:52:56.913, 2, 0 %, 0 %, 35270 MiB, 37.36 W
2026/09/20 17:53:01.914, 0, 0 %, 0 %, 35270 MiB, 39.06 W
2026/09/20 17:53:01.914, 1, 0 %, 0 %, 35270 MiB, 38.33 W
2026/09/20 17:53:01.914, 2, 0 %, 0 %, 35270 MiB, 37.54 W
2026/09/20 17:53:06.916, 0, 0 %, 0 %, 35270 MiB, 39.17 W
2026/09/20 17:53:06.917, 1, 0 %, 0 %, 35270 MiB, 38.34 W
2026/09/20 17:53:06.917, 2, 0 %, 0 %, 35270 MiB, 37.44 W
2026/09/20 17:53:11.918, 0, 0 %, 0 %, 35270 MiB, 39.17 W
2026/09/20 17:53:11.919, 1, 0 %, 0 %, 35270 MiB, 38.33 W
2026/09/20 17:53:11.919, 2, 0 %, 0 %, 35270 MiB, 37.36 W
2026/09/20 17:53:16.920, 0, 0 %, 0 %, 35270 MiB, 39.00 W
2026/09/20 17:53:16.920, 1, 0 %, 0 %, 35270 MiB, 38.57 W
2026/09/20 17:53:16.921, 2, 24 %, 1 %, 35270 MiB, 37.48 W
2026/09/20 17:53:21.922, 0, 0 %, 0 %, 35270 MiB, 39.01 W
2026/09/20 17:53:21.922, 1, 0 %, 0 %, 35270 MiB, 38.37 W
2026/09/20 17:53:21.923, 2, 0 %, 0 %, 35270 MiB, 37.59 W
2026/09/20 17:53:26.923, 0, 0 %, 0 %, 35270 MiB, 39.12 W
2026/09/20 17:53:26.924, 1, 0 %, 0 %, 35270 MiB, 38.39 W
2026/09/20 17:53:26.924, 2, 0 %, 0 %, 35270 MiB, 37.28 W
2026/09/20 17:53:31.924, 0, 0 %, 0 %, 35270 MiB, 39.12 W
2026/09/20 17:53:31.925, 1, 0 %, 0 %, 35270 MiB, 38.49 W
2026/09/20 17:53:31.925, 2, 0 %, 0 %, 35270 MiB, 37.39 W
2026/09/20 17:53:36.926, 0, 0 %, 0 %, 35270 MiB, 39.08 W
2026/09/20 17:53:36.926, 1, 0 %, 0 %, 35270 MiB, 38.66 W
2026/09/20 17:53:36.927, 2, 24 %, 1 %, 35270 MiB, 37.36 W
2026/09/20 17:53:41.927, 0, 0 %, 0 %, 35270 MiB, 39.22 W
2026/09/20 17:53:41.928, 1, 0 %, 0 %, 35270 MiB, 38.58 W
2026/09/20 17:53:41.928, 2, 0 %, 0 %, 35270 MiB, 37.49 W
2026/09/20 17:53:46.928, 0, 0 %, 0 %, 35270 MiB, 39.18 W
2026/09/20 17:53:46.929, 1, 0 %, 0 %, 35270 MiB, 38.56 W
2026/09/20 17:53:46.929, 2, 3 %, 0 %, 35270 MiB, 37.37 W
2026/09/20 17:53:51.930, 0, 0 %, 0 %, 35270 MiB, 39.22 W
2026/09/20 17:53:51.930, 1, 0 %, 0 %, 35270 MiB, 38.78 W
2026/09/20 17:53:51.931, 2, 0 %, 0 %, 35270 MiB, 37.39 W
2026/09/20 17:53:56.932, 0, 0 %, 0 %, 35270 MiB, 39.28 W
2026/09/20 17:53:56.932, 1, 0 %, 0 %, 35270 MiB, 38.75 W
2026/09/20 17:53:56.932, 2, 0 %, 0 %, 35270 MiB, 37.46 W
2026/09/20 17:54:01.933, 0, 0 %, 0 %, 35270 MiB, 39.29 W
2026/09/20 17:54:01.934, 1, 0 %, 0 %, 35270 MiB, 38.68 W
2026/09/20 17:54:01.934, 2, 0 %, 0 %, 35270 MiB, 37.48 W
2026/09/20 17:54:06.935, 0, 0 %, 0 %, 35270 MiB, 39.39 W
2026/09/20 17:54:06.935, 1, 0 %, 0 %, 35270 MiB, 38.75 W
2026/09/20 17:54:06.935, 2, 0 %, 0 %, 35270 MiB, 37.48 W
2026/09/20 17:54:11.936, 0, 0 %, 0 %, 35270 MiB, 39.40 W
2026/09/20 17:54:11.937, 1, 0 %, 0 %, 35270 MiB, 38.58 W
2026/09/20 17:54:11.937, 2, 0 %, 0 %, 35270 MiB, 37.49 W
2026/09/20 17:54:16.937, 0, 0 %, 0 %, 35270 MiB, 39.47 W
2026/09/20 17:54:16.937, 1, 0 %, 0 %, 35270 MiB, 38.56 W
2026/09/20 17:54:16.937, 2, 0 %, 0 %, 35270 MiB, 37.77 W
2026/09/20 17:54:21.940, 0, 0 %, 0 %, 35270 MiB, 39.41 W
2026/09/20 17:54:21.940, 1, 0 %, 0 %, 35270 MiB, 38.68 W
2026/09/20 17:54:21.940, 2, 0 %, 0 %, 35270 MiB, 37.70 W
2026/09/20 17:54:26.941, 0, 0 %, 0 %, 35270 MiB, 39.18 W
2026/09/20 17:54:26.942, 1, 0 %, 0 %, 35270 MiB, 38.75 W
2026/09/20 17:54:26.942, 2, 0 %, 0 %, 35270 MiB, 37.66 W
2026/09/20 17:54:31.943, 0, 0 %, 0 %, 35270 MiB, 39.21 W
2026/09/20 17:54:31.944, 1, 0 %, 0 %, 35270 MiB, 38.58 W
2026/09/20 17:54:31.944, 2, 0 %, 0 %, 35270 MiB, 37.49 W
2026/09/20 17:54:36.945, 0, 0 %, 0 %, 35270 MiB, 39.38 W
2026/09/20 17:54:36.945, 1, 0 %, 0 %, 35270 MiB, 38.65 W
2026/09/20 17:54:36.945, 2, 0 %, 0 %, 35270 MiB, 37.67 W
2026/09/20 17:54:41.946, 0, 0 %, 0 %, 35270 MiB, 39.40 W
2026/09/20 17:54:41.947, 1, 0 %, 0 %, 35270 MiB, 38.68 W
2026/09/20 17:54:41.947, 2, 0 %, 0 %, 35270 MiB, 37.49 W
2026/09/20 17:54:46.947, 0, 0 %, 0 %, 35270 MiB, 39.28 W
2026/09/20 17:54:46.948, 1, 0 %, 0 %, 35270 MiB, 38.75 W
2026/09/20 17:54:46.948, 2, 24 %, 1 %, 35270 MiB, 37.56 W
2026/09/20 17:54:51.949, 0, 0 %, 0 %, 35270 MiB, 39.49 W
2026/09/20 17:54:51.949, 1, 0 %, 0 %, 35270 MiB, 38.76 W
2026/09/20 17:54:51.949, 2, 0 %, 0 %, 35270 MiB, 37.49 W
2026/09/20 17:54:56.950, 0, 0 %, 0 %, 35270 MiB, 39.26 W
2026/09/20 17:54:56.951, 1, 0 %, 0 %, 35270 MiB, 38.75 W
2026/09/20 17:54:56.951, 2, 0 %, 0 %, 35270 MiB, 37.65 W
2026/09/20 17:55:01.951, 0, 0 %, 0 %, 35270 MiB, 39.28 W
2026/09/20 17:55:01.952, 1, 0 %, 0 %, 35270 MiB, 38.95 W
2026/09/20 17:55:01.952, 2, 0 %, 0 %, 35270 MiB, 37.56 W
2026/09/20 17:55:06.953, 0, 0 %, 0 %, 35270 MiB, 39.36 W
2026/09/20 17:55:06.954, 1, 0 %, 0 %, 35270 MiB, 38.85 W
2026/09/20 17:55:06.954, 2, 0 %, 0 %, 35270 MiB, 37.66 W
2026/09/20 17:55:11.954, 0, 0 %, 0 %, 35270 MiB, 39.49 W
2026/09/20 17:55:11.955, 1, 0 %, 0 %, 35270 MiB, 38.75 W
2026/09/20 17:55:11.955, 2, 0 %, 0 %, 35270 MiB, 37.77 W
2026/09/20 17:55:16.956, 0, 0 %, 0 %, 35270 MiB, 39.39 W
2026/09/20 17:55:16.956, 1, 0 %, 0 %, 35270 MiB, 38.65 W
2026/09/20 17:55:16.956, 2, 0 %, 0 %, 35270 MiB, 37.56 W
2026/09/20 17:55:21.958, 0, 0 %, 0 %, 35270 MiB, 39.56 W
2026/09/20 17:55:21.958, 1, 0 %, 0 %, 35270 MiB, 38.75 W
2026/09/20 17:55:21.958, 2, 0 %, 0 %, 35270 MiB, 37.77 W
2026/09/20 17:55:26.960, 0, 24 %, 1 %, 35270 MiB, 39.65 W
2026/09/20 17:55:26.960, 1, 0 %, 0 %, 35270 MiB, 38.74 W
2026/09/20 17:55:26.961, 2, 0 %, 0 %, 35270 MiB, 37.76 W
2026/09/20 17:55:31.962, 0, 0 %, 0 %, 35270 MiB, 39.29 W
2026/09/20 17:55:31.962, 1, 0 %, 0 %, 35270 MiB, 38.78 W
2026/09/20 17:55:31.962, 2, 0 %, 0 %, 35270 MiB, 37.87 W
2026/09/20 17:55:36.964, 0, 25 %, 1 %, 35270 MiB, 39.37 W
2026/09/20 17:55:36.964, 1, 0 %, 0 %, 35270 MiB, 38.77 W
2026/09/20 17:55:36.965, 2, 0 %, 0 %, 35270 MiB, 37.69 W
2026/09/20 17:55:41.965, 0, 0 %, 0 %, 35270 MiB, 49.98 W
2026/09/20 17:55:41.965, 1, 0 %, 0 %, 35270 MiB, 38.75 W
2026/09/20 17:55:41.966, 2, 0 %, 0 %, 35270 MiB, 37.57 W
2026/09/20 17:55:46.966, 0, 10 %, 0 %, 35270 MiB, 39.40 W
2026/09/20 17:55:46.966, 1, 0 %, 0 %, 35270 MiB, 38.87 W
2026/09/20 17:55:46.967, 2, 0 %, 0 %, 35270 MiB, 37.49 W
2026/09/20 17:55:51.968, 0, 0 %, 0 %, 35270 MiB, 39.39 W
2026/09/20 17:55:51.968, 1, 0 %, 0 %, 35270 MiB, 38.77 W
2026/09/20 17:55:51.968, 2, 0 %, 0 %, 35270 MiB, 37.69 W
2026/09/20 17:55:56.968, 0, 0 %, 0 %, 35270 MiB, 39.40 W
2026/09/20 17:55:56.969, 1, 0 %, 0 %, 35270 MiB, 38.97 W
2026/09/20 17:55:56.969, 2, 0 %, 0 %, 35270 MiB, 37.68 W
2026/09/20 17:56:01.969, 0, 0 %, 0 %, 35270 MiB, 39.57 W
2026/09/20 17:56:01.970, 1, 0 %, 0 %, 35270 MiB, 38.85 W
2026/09/20 17:56:01.970, 2, 0 %, 0 %, 35270 MiB, 37.56 W
2026/09/20 17:56:06.970, 0, 0 %, 0 %, 35270 MiB, 39.39 W
2026/09/20 17:56:06.971, 1, 0 %, 0 %, 35270 MiB, 38.85 W
2026/09/20 17:56:06.971, 2, 0 %, 0 %, 35270 MiB, 37.56 W
2026/09/20 17:56:11.972, 0, 0 %, 0 %, 35270 MiB, 39.39 W
2026/09/20 17:56:11.972, 1, 0 %, 0 %, 35270 MiB, 38.85 W
2026/09/20 17:56:11.973, 2, 0 %, 0 %, 35270 MiB, 37.66 W
2026/09/20 17:56:16.973, 0, 0 %, 0 %, 35270 MiB, 39.35 W
2026/09/20 17:56:16.973, 1, 0 %, 0 %, 35270 MiB, 38.92 W
2026/09/20 17:56:16.974, 2, 0 %, 0 %, 35270 MiB, 37.53 W
2026/09/20 17:56:21.975, 0, 0 %, 0 %, 35270 MiB, 39.44 W
2026/09/20 17:56:21.975, 1, 0 %, 0 %, 35270 MiB, 38.73 W
2026/09/20 17:56:21.975, 2, 0 %, 0 %, 35270 MiB, 37.65 W
2026/09/20 17:56:26.976, 0, 0 %, 0 %, 35270 MiB, 39.46 W
2026/09/20 17:56:26.976, 1, 0 %, 0 %, 35270 MiB, 38.65 W
2026/09/20 17:56:26.976, 2, 0 %, 0 %, 35270 MiB, 37.67 W
2026/09/20 17:56:31.978, 0, 0 %, 0 %, 35270 MiB, 39.35 W
2026/09/20 17:56:31.978, 1, 0 %, 0 %, 35270 MiB, 38.65 W
2026/09/20 17:56:31.979, 2, 0 %, 0 %, 35270 MiB, 37.65 W
2026/09/20 17:56:36.979, 0, 0 %, 0 %, 35270 MiB, 39.16 W
2026/09/20 17:56:36.980, 1, 0 %, 0 %, 35270 MiB, 38.62 W
2026/09/20 17:56:36.980, 2, 0 %, 0 %, 35270 MiB, 37.64 W
2026/09/20 17:56:41.981, 0, 0 %, 0 %, 35270 MiB, 39.25 W
2026/09/20 17:56:41.982, 1, 0 %, 0 %, 35270 MiB, 38.63 W
2026/09/20 17:56:41.982, 2, 0 %, 0 %, 35270 MiB, 37.65 W
2026/09/20 17:56:46.983, 0, 0 %, 0 %, 35270 MiB, 39.26 W
2026/09/20 17:56:46.984, 1, 0 %, 0 %, 35270 MiB, 40.01 W
2026/09/20 17:56:46.984, 2, 0 %, 0 %, 35270 MiB, 37.35 W
2026/09/20 17:56:51.991, 0, 0 %, 0 %, 35270 MiB, 39.16 W
2026/09/20 17:56:51.991, 1, 5 %, 0 %, 35270 MiB, 38.75 W
2026/09/20 17:56:51.992, 2, 0 %, 0 %, 35270 MiB, 37.37 W
2026/09/20 17:56:56.993, 0, 0 %, 0 %, 35270 MiB, 39.44 W
2026/09/20 17:56:56.993, 1, 1 %, 0 %, 35270 MiB, 38.63 W
2026/09/20 17:56:56.993, 2, 0 %, 0 %, 35270 MiB, 37.44 W
2026/09/20 17:57:01.995, 0, 0 %, 0 %, 35270 MiB, 39.23 W
2026/09/20 17:57:01.995, 1, 0 %, 0 %, 35270 MiB, 38.41 W
2026/09/20 17:57:01.995, 2, 0 %, 0 %, 35270 MiB, 37.52 W
2026/09/20 17:57:06.997, 0, 0 %, 0 %, 35270 MiB, 39.24 W
2026/09/20 17:57:06.997, 1, 0 %, 0 %, 35270 MiB, 38.70 W
2026/09/20 17:57:06.997, 2, 0 %, 0 %, 35270 MiB, 37.52 W
2026/09/20 17:57:12.002, 0, 0 %, 0 %, 35270 MiB, 39.04 W
2026/09/20 17:57:12.002, 1, 0 %, 0 %, 35270 MiB, 45.52 W
2026/09/20 17:57:12.002, 2, 0 %, 0 %, 35270 MiB, 37.53 W
2026/09/20 17:57:17.002, 0, 0 %, 0 %, 35270 MiB, 39.24 W
2026/09/20 17:57:17.003, 1, 0 %, 0 %, 35270 MiB, 38.73 W
2026/09/20 17:57:17.003, 2, 0 %, 0 %, 35270 MiB, 37.23 W
2026/09/20 17:57:22.004, 0, 0 %, 0 %, 35270 MiB, 39.28 W
2026/09/20 17:57:22.004, 1, 0 %, 0 %, 35270 MiB, 38.65 W
2026/09/20 17:57:22.004, 2, 0 %, 0 %, 35270 MiB, 37.37 W
2026/09/20 17:57:27.006, 0, 0 %, 0 %, 35270 MiB, 39.16 W
2026/09/20 17:57:27.006, 1, 0 %, 0 %, 35270 MiB, 38.73 W
2026/09/20 17:57:27.007, 2, 12 %, 0 %, 35270 MiB, 37.44 W
2026/09/20 17:57:32.008, 0, 0 %, 0 %, 35270 MiB, 39.14 W
2026/09/20 17:57:32.009, 1, 0 %, 0 %, 35270 MiB, 38.53 W
2026/09/20 17:57:32.009, 2, 0 %, 0 %, 35270 MiB, 37.34 W
2026/09/20 17:57:37.010, 0, 0 %, 0 %, 35270 MiB, 39.24 W
2026/09/20 17:57:37.010, 1, 0 %, 0 %, 35270 MiB, 38.43 W
2026/09/20 17:57:37.011, 2, 0 %, 0 %, 35270 MiB, 37.34 W
2026/09/20 17:57:42.012, 0, 0 %, 0 %, 35270 MiB, 39.14 W
2026/09/20 17:57:42.012, 1, 0 %, 0 %, 35270 MiB, 38.62 W
2026/09/20 17:57:42.012, 2, 0 %, 0 %, 35270 MiB, 37.44 W
2026/09/20 17:57:47.014, 0, 0 %, 0 %, 35270 MiB, 38.96 W
2026/09/20 17:57:47.015, 1, 0 %, 0 %, 35270 MiB, 38.44 W
2026/09/20 17:57:47.015, 2, 0 %, 0 %, 35270 MiB, 37.44 W
2026/09/20 17:57:52.016, 0, 0 %, 0 %, 35270 MiB, 38.85 W
2026/09/20 17:57:52.017, 1, 0 %, 0 %, 35270 MiB, 38.43 W
2026/09/20 17:57:52.017, 2, 0 %, 0 %, 35270 MiB, 37.34 W
2026/09/20 17:57:57.018, 0, 0 %, 0 %, 35270 MiB, 38.97 W
2026/09/20 17:57:57.019, 1, 0 %, 0 %, 35270 MiB, 38.35 W
2026/09/20 17:57:57.019, 2, 25 %, 1 %, 35270 MiB, 37.25 W
2026/09/20 17:58:02.019, 0, 0 %, 0 %, 35270 MiB, 38.88 W
2026/09/20 17:58:02.020, 1, 0 %, 0 %, 35270 MiB, 38.44 W
2026/09/20 17:58:02.020, 2, 17 %, 1 %, 35270 MiB, 37.94 W
2026/09/20 17:58:07.021, 0, 0 %, 0 %, 35270 MiB, 38.94 W
2026/09/20 17:58:07.021, 1, 0 %, 0 %, 35270 MiB, 38.44 W
2026/09/20 17:58:07.021, 2, 0 %, 0 %, 35270 MiB, 37.34 W
2026/09/20 17:58:12.023, 0, 0 %, 0 %, 35270 MiB, 39.44 W
2026/09/20 17:58:12.024, 1, 0 %, 0 %, 35270 MiB, 38.43 W
2026/09/20 17:58:12.024, 2, 0 %, 0 %, 35270 MiB, 37.13 W
2026/09/20 17:58:17.025, 0, 0 %, 0 %, 35270 MiB, 38.94 W
2026/09/20 17:58:17.025, 1, 0 %, 0 %, 35270 MiB, 38.22 W
2026/09/20 17:58:17.026, 2, 0 %, 0 %, 35270 MiB, 37.23 W
2026/09/20 17:58:22.027, 0, 0 %, 0 %, 35270 MiB, 38.96 W
2026/09/20 17:58:22.027, 1, 0 %, 0 %, 35270 MiB, 38.23 W
2026/09/20 17:58:22.027, 2, 0 %, 0 %, 35270 MiB, 37.35 W
2026/09/20 17:58:27.028, 0, 0 %, 0 %, 35270 MiB, 39.16 W
2026/09/20 17:58:27.029, 1, 0 %, 0 %, 35270 MiB, 38.34 W
2026/09/20 17:58:27.029, 2, 0 %, 0 %, 35270 MiB, 37.24 W
2026/09/20 17:58:32.030, 0, 0 %, 0 %, 35270 MiB, 39.19 W
2026/09/20 17:58:32.030, 1, 0 %, 0 %, 35270 MiB, 38.25 W
2026/09/20 17:58:32.031, 2, 0 %, 0 %, 35270 MiB, 37.37 W
2026/09/20 17:58:37.032, 0, 0 %, 0 %, 35270 MiB, 39.14 W
2026/09/20 17:58:37.032, 1, 0 %, 0 %, 35270 MiB, 38.53 W
2026/09/20 17:58:37.032, 2, 0 %, 0 %, 35270 MiB, 37.53 W
2026/09/20 17:58:42.033, 0, 0 %, 0 %, 35270 MiB, 39.17 W
2026/09/20 17:58:42.034, 1, 0 %, 0 %, 35270 MiB, 38.34 W
2026/09/20 17:58:42.034, 2, 0 %, 0 %, 35270 MiB, 37.35 W
2026/09/20 17:58:47.035, 0, 0 %, 0 %, 35270 MiB, 39.04 W
2026/09/20 17:58:47.035, 1, 0 %, 0 %, 35270 MiB, 38.33 W
2026/09/20 17:58:47.035, 2, 0 %, 0 %, 35270 MiB, 37.34 W
2026/09/20 17:58:52.037, 0, 0 %, 0 %, 35270 MiB, 38.95 W
2026/09/20 17:58:52.038, 1, 0 %, 0 %, 35270 MiB, 38.33 W
2026/09/20 17:58:52.038, 2, 0 %, 0 %, 35270 MiB, 37.44 W
2026/09/20 17:58:57.038, 0, 0 %, 0 %, 35270 MiB, 38.96 W
2026/09/20 17:58:57.039, 1, 0 %, 0 %, 35270 MiB, 38.44 W
2026/09/20 17:58:57.039, 2, 0 %, 0 %, 35270 MiB, 37.54 W
2026/09/20 17:59:02.040, 0, 0 %, 0 %, 35270 MiB, 38.99 W
2026/09/20 17:59:02.040, 1, 0 %, 0 %, 35270 MiB, 38.36 W
2026/09/20 17:59:02.040, 2, 0 %, 0 %, 35270 MiB, 37.26 W
2026/09/20 17:59:07.042, 0, 0 %, 0 %, 35270 MiB, 38.94 W
2026/09/20 17:59:07.043, 1, 0 %, 0 %, 35270 MiB, 38.31 W
2026/09/20 17:59:07.043, 2, 0 %, 0 %, 35270 MiB, 37.11 W
2026/09/20 17:59:12.043, 0, 0 %, 0 %, 35270 MiB, 38.91 W
2026/09/20 17:59:12.044, 1, 0 %, 0 %, 35270 MiB, 38.49 W
2026/09/20 17:59:12.044, 2, 0 %, 0 %, 35270 MiB, 37.18 W
2026/09/20 17:59:17.044, 0, 0 %, 0 %, 35270 MiB, 38.85 W
2026/09/20 17:59:17.045, 1, 0 %, 0 %, 35270 MiB, 38.34 W
2026/09/20 17:59:17.045, 2, 0 %, 0 %, 35270 MiB, 37.25 W
2026/09/20 17:59:22.045, 0, 0 %, 0 %, 35270 MiB, 38.94 W
2026/09/20 17:59:22.046, 1, 0 %, 0 %, 35270 MiB, 38.31 W
2026/09/20 17:59:22.046, 2, 0 %, 0 %, 35270 MiB, 37.13 W
2026/09/20 17:59:27.047, 0, 0 %, 0 %, 35270 MiB, 39.06 W
2026/09/20 17:59:27.048, 1, 0 %, 0 %, 35270 MiB, 38.23 W
2026/09/20 17:59:27.048, 2, 0 %, 0 %, 35270 MiB, 37.14 W
2026/09/20 17:59:32.048, 0, 0 %, 0 %, 35270 MiB, 38.96 W
2026/09/20 17:59:32.048, 1, 0 %, 0 %, 35270 MiB, 38.53 W
2026/09/20 17:59:32.049, 2, 0 %, 0 %, 35270 MiB, 37.15 W
2026/09/20 17:59:37.052, 0, 0 %, 0 %, 35270 MiB, 38.96 W
2026/09/20 17:59:37.052, 1, 0 %, 0 %, 35270 MiB, 38.44 W
2026/09/20 17:59:37.052, 2, 0 %, 0 %, 35270 MiB, 37.33 W
2026/09/20 17:59:42.054, 0, 0 %, 0 %, 35270 MiB, 38.96 W
2026/09/20 17:59:42.054, 1, 0 %, 0 %, 35270 MiB, 38.34 W
2026/09/20 17:59:42.055, 2, 0 %, 0 %, 35270 MiB, 37.23 W
2026/09/20 17:59:47.056, 0, 0 %, 0 %, 35270 MiB, 39.04 W
2026/09/20 17:59:47.056, 1, 0 %, 0 %, 35270 MiB, 38.42 W
2026/09/20 17:59:47.057, 2, 0 %, 0 %, 35270 MiB, 37.23 W
2026/09/20 17:59:52.058, 0, 0 %, 0 %, 35270 MiB, 38.96 W
2026/09/20 17:59:52.059, 1, 0 %, 0 %, 35270 MiB, 38.44 W
2026/09/20 17:59:52.059, 2, 0 %, 0 %, 35270 MiB, 37.24 W
2026/09/20 17:59:57.059, 0, 0 %, 0 %, 35270 MiB, 38.97 W
2026/09/20 17:59:57.059, 1, 0 %, 0 %, 35270 MiB, 38.15 W
2026/09/20 17:59:57.060, 2, 0 %, 0 %, 35270 MiB, 37.36 W
2026/09/20 18:00:02.061, 0, 0 %, 0 %, 35270 MiB, 38.94 W
2026/09/20 18:00:02.061, 1, 0 %, 0 %, 35270 MiB, 38.20 W
2026/09/20 18:00:02.061, 2, 0 %, 0 %, 35270 MiB, 37.32 W
2026/09/20 18:00:07.063, 0, 0 %, 0 %, 35270 MiB, 38.96 W
2026/09/20 18:00:07.063, 1, 0 %, 0 %, 35270 MiB, 38.44 W
2026/09/20 18:00:07.064, 2, 0 %, 0 %, 35270 MiB, 37.24 W
2026/09/20 18:00:12.064, 0, 0 %, 0 %, 35270 MiB, 38.76 W
2026/09/20 18:00:12.065, 1, 0 %, 0 %, 35270 MiB, 38.23 W
2026/09/20 18:00:12.065, 2, 0 %, 0 %, 35270 MiB, 37.24 W
2026/09/20 18:00:17.066, 0, 0 %, 0 %, 35270 MiB, 38.83 W
2026/09/20 18:00:17.067, 1, 0 %, 0 %, 35270 MiB, 38.31 W
2026/09/20 18:00:17.067, 2, 0 %, 0 %, 35270 MiB, 37.21 W
2026/09/20 18:00:22.068, 0, 0 %, 0 %, 35270 MiB, 38.86 W
2026/09/20 18:00:22.069, 1, 0 %, 0 %, 35270 MiB, 38.53 W
2026/09/20 18:00:22.069, 2, 0 %, 0 %, 35270 MiB, 37.14 W
2026/09/20 18:00:27.070, 0, 0 %, 0 %, 35270 MiB, 38.75 W
2026/09/20 18:00:27.071, 1, 0 %, 0 %, 35270 MiB, 38.23 W
2026/09/20 18:00:27.071, 2, 0 %, 0 %, 35270 MiB, 37.04 W
2026/09/20 18:00:32.072, 0, 0 %, 0 %, 35270 MiB, 38.87 W
2026/09/20 18:00:32.072, 1, 0 %, 0 %, 35270 MiB, 38.25 W
2026/09/20 18:00:32.073, 2, 0 %, 0 %, 35270 MiB, 37.26 W
2026/09/20 18:00:37.074, 0, 0 %, 0 %, 35270 MiB, 38.88 W
2026/09/20 18:00:37.074, 1, 0 %, 0 %, 35270 MiB, 38.25 W
2026/09/20 18:00:37.075, 2, 0 %, 0 %, 35270 MiB, 37.16 W
2026/09/20 18:00:42.075, 0, 0 %, 0 %, 35270 MiB, 38.88 W
2026/09/20 18:00:42.076, 1, 0 %, 0 %, 35270 MiB, 38.46 W
2026/09/20 18:00:42.076, 2, 0 %, 0 %, 35270 MiB, 37.16 W
2026/09/20 18:00:47.076, 0, 0 %, 0 %, 35270 MiB, 38.99 W
2026/09/20 18:00:47.077, 1, 0 %, 0 %, 35270 MiB, 38.36 W
2026/09/20 18:00:47.077, 2, 0 %, 0 %, 35270 MiB, 37.26 W
2026/09/20 18:00:52.078, 0, 0 %, 0 %, 35270 MiB, 38.83 W
2026/09/20 18:00:52.079, 1, 0 %, 0 %, 35270 MiB, 38.13 W
2026/09/20 18:00:52.079, 2, 0 %, 0 %, 35270 MiB, 37.53 W
2026/09/20 18:00:57.080, 0, 0 %, 0 %, 35270 MiB, 39.04 W
2026/09/20 18:00:57.080, 1, 0 %, 0 %, 35270 MiB, 38.13 W
2026/09/20 18:00:57.081, 2, 0 %, 0 %, 35270 MiB, 37.23 W
2026/09/20 18:01:02.082, 0, 0 %, 0 %, 35270 MiB, 38.96 W
2026/09/20 18:01:02.082, 1, 0 %, 0 %, 35270 MiB, 38.23 W
2026/09/20 18:01:02.082, 2, 0 %, 0 %, 35270 MiB, 37.44 W
2026/09/20 18:01:07.083, 0, 0 %, 0 %, 35270 MiB, 38.76 W
2026/09/20 18:01:07.084, 1, 0 %, 0 %, 35270 MiB, 38.13 W
2026/09/20 18:01:07.084, 2, 0 %, 0 %, 35270 MiB, 37.35 W
2026/09/20 18:01:12.085, 0, 0 %, 0 %, 35270 MiB, 38.74 W
2026/09/20 18:01:12.085, 1, 0 %, 0 %, 35270 MiB, 38.12 W
2026/09/20 18:01:12.086, 2, 0 %, 0 %, 35270 MiB, 37.44 W
2026/09/20 18:01:17.087, 0, 0 %, 0 %, 35270 MiB, 38.76 W
2026/09/20 18:01:17.088, 1, 0 %, 0 %, 35270 MiB, 38.24 W
2026/09/20 18:01:17.088, 2, 0 %, 0 %, 35270 MiB, 37.06 W
2026/09/20 18:01:22.089, 0, 0 %, 0 %, 35270 MiB, 38.74 W
2026/09/20 18:01:22.090, 1, 0 %, 0 %, 35270 MiB, 38.11 W
2026/09/20 18:01:22.090, 2, 0 %, 0 %, 35270 MiB, 37.03 W
2026/09/20 18:01:27.090, 0, 0 %, 0 %, 35270 MiB, 38.66 W
2026/09/20 18:01:27.091, 1, 0 %, 0 %, 35270 MiB, 38.15 W
2026/09/20 18:01:27.091, 2, 0 %, 0 %, 35270 MiB, 37.06 W
2026/09/20 18:01:32.092, 0, 0 %, 0 %, 35270 MiB, 38.71 W
2026/09/20 18:01:32.092, 1, 0 %, 0 %, 35270 MiB, 38.18 W
2026/09/20 18:01:32.092, 2, 0 %, 0 %, 35270 MiB, 37.17 W
2026/09/20 18:01:37.093, 0, 0 %, 0 %, 35270 MiB, 38.74 W
2026/09/20 18:01:37.093, 1, 0 %, 0 %, 35270 MiB, 38.03 W
2026/09/20 18:01:37.094, 2, 0 %, 0 %, 35270 MiB, 37.03 W
2026/09/20 18:01:42.094, 0, 0 %, 0 %, 35270 MiB, 38.77 W
2026/09/20 18:01:42.095, 1, 0 %, 0 %, 35270 MiB, 38.05 W
2026/09/20 18:01:42.095, 2, 0 %, 0 %, 35270 MiB, 36.96 W
2026/09/20 18:01:47.095, 0, 0 %, 0 %, 35270 MiB, 38.75 W
2026/09/20 18:01:47.095, 1, 0 %, 0 %, 35270 MiB, 38.03 W
2026/09/20 18:01:47.095, 2, 0 %, 0 %, 35270 MiB, 36.94 W
2026/09/20 18:01:52.097, 0, 0 %, 0 %, 35270 MiB, 38.74 W
2026/09/20 18:01:52.097, 1, 0 %, 0 %, 35270 MiB, 38.21 W
2026/09/20 18:01:52.097, 2, 0 %, 0 %, 35270 MiB, 37.13 W
2026/09/20 18:01:57.099, 0, 0 %, 0 %, 35270 MiB, 38.76 W
2026/09/20 18:01:57.100, 1, 0 %, 0 %, 35270 MiB, 37.85 W
2026/09/20 18:01:57.100, 2, 0 %, 0 %, 35270 MiB, 37.04 W
2026/09/20 18:02:02.101, 0, 0 %, 0 %, 35270 MiB, 38.66 W
2026/09/20 18:02:02.102, 1, 0 %, 0 %, 35270 MiB, 37.94 W
2026/09/20 18:02:02.102, 2, 0 %, 0 %, 35270 MiB, 37.05 W
2026/09/20 18:02:07.103, 0, 0 %, 0 %, 35270 MiB, 38.79 W
2026/09/20 18:02:07.103, 1, 0 %, 0 %, 35270 MiB, 37.86 W
2026/09/20 18:02:07.103, 2, 0 %, 0 %, 35270 MiB, 37.27 W
2026/09/20 18:02:12.105, 0, 0 %, 0 %, 35270 MiB, 38.65 W
2026/09/20 18:02:12.105, 1, 0 %, 0 %, 35270 MiB, 38.03 W
2026/09/20 18:02:12.105, 2, 0 %, 0 %, 35270 MiB, 37.14 W
2026/09/20 18:02:17.107, 0, 0 %, 0 %, 35270 MiB, 38.66 W
2026/09/20 18:02:17.107, 1, 0 %, 0 %, 35270 MiB, 38.04 W
2026/09/20 18:02:17.107, 2, 0 %, 0 %, 35270 MiB, 37.14 W
2026/09/20 18:02:22.109, 0, 0 %, 0 %, 35270 MiB, 38.66 W
2026/09/20 18:02:22.109, 1, 0 %, 0 %, 35270 MiB, 37.94 W
2026/09/20 18:02:22.109, 2, 0 %, 0 %, 35270 MiB, 36.96 W
2026/09/20 18:02:27.111, 0, 0 %, 0 %, 35270 MiB, 38.83 W
2026/09/20 18:02:27.111, 1, 0 %, 0 %, 35270 MiB, 38.23 W
2026/09/20 18:02:27.111, 2, 0 %, 0 %, 35270 MiB, 41.41 W
2026/09/20 18:02:32.113, 0, 0 %, 0 %, 35270 MiB, 38.57 W
2026/09/20 18:02:32.113, 1, 0 %, 0 %, 35270 MiB, 38.05 W
2026/09/20 18:02:32.113, 2, 0 %, 0 %, 35270 MiB, 36.96 W
2026/09/20 18:02:37.115, 0, 25 %, 1 %, 35270 MiB, 38.69 W
2026/09/20 18:02:37.115, 1, 0 %, 0 %, 35270 MiB, 37.97 W
2026/09/20 18:02:37.116, 2, 0 %, 0 %, 35270 MiB, 36.96 W
2026/09/20 18:02:42.117, 0, 10 %, 0 %, 35270 MiB, 38.75 W
2026/09/20 18:02:42.117, 1, 0 %, 0 %, 35270 MiB, 38.03 W
2026/09/20 18:02:42.117, 2, 0 %, 0 %, 35270 MiB, 37.04 W
2026/09/20 18:02:47.118, 0, 0 %, 0 %, 35270 MiB, 38.75 W
2026/09/20 18:02:47.118, 1, 0 %, 0 %, 35270 MiB, 38.13 W
2026/09/20 18:02:47.118, 2, 0 %, 0 %, 35270 MiB, 37.04 W
2026/09/20 18:02:52.120, 0, 0 %, 0 %, 35270 MiB, 39.45 W
2026/09/20 18:02:52.120, 1, 0 %, 0 %, 35270 MiB, 38.03 W
2026/09/20 18:02:52.120, 2, 0 %, 0 %, 35270 MiB, 37.04 W
2026/09/20 18:02:57.121, 0, 0 %, 0 %, 35270 MiB, 38.66 W
2026/09/20 18:02:57.122, 1, 0 %, 0 %, 35270 MiB, 38.03 W
2026/09/20 18:02:57.122, 2, 0 %, 0 %, 35270 MiB, 36.94 W
2026/09/20 18:03:02.122, 0, 0 %, 0 %, 35270 MiB, 38.86 W
2026/09/20 18:03:02.123, 1, 0 %, 0 %, 35270 MiB, 38.23 W
2026/09/20 18:03:02.123, 2, 19 %, 1 %, 35270 MiB, 37.24 W
2026/09/20 18:03:07.124, 0, 0 %, 0 %, 35270 MiB, 38.64 W
2026/09/20 18:03:07.125, 1, 0 %, 0 %, 35270 MiB, 37.83 W
2026/09/20 18:03:07.125, 2, 4 %, 0 %, 35270 MiB, 37.03 W
2026/09/20 18:03:12.126, 0, 0 %, 0 %, 35270 MiB, 38.65 W
2026/09/20 18:03:12.126, 1, 0 %, 0 %, 35270 MiB, 37.64 W
2026/09/20 18:03:12.127, 2, 0 %, 0 %, 35270 MiB, 37.04 W
2026/09/20 18:03:17.128, 0, 0 %, 0 %, 35270 MiB, 38.65 W
2026/09/20 18:03:17.129, 1, 0 %, 0 %, 35270 MiB, 37.64 W
2026/09/20 18:03:17.129, 2, 0 %, 0 %, 35270 MiB, 37.03 W
2026/09/20 18:03:22.130, 0, 0 %, 0 %, 35270 MiB, 38.56 W
2026/09/20 18:03:22.131, 1, 0 %, 0 %, 35270 MiB, 37.94 W
2026/09/20 18:03:22.131, 2, 0 %, 0 %, 35270 MiB, 37.04 W
2026/09/20 18:03:27.131, 0, 0 %, 0 %, 35270 MiB, 39.21 W
2026/09/20 18:03:27.132, 1, 0 %, 0 %, 35270 MiB, 38.58 W
2026/09/20 18:03:27.132, 2, 0 %, 0 %, 35270 MiB, 37.09 W
2026/09/20 18:03:32.133, 0, 0 %, 0 %, 35270 MiB, 38.56 W
2026/09/20 18:03:32.133, 1, 0 %, 0 %, 35270 MiB, 37.84 W
2026/09/20 18:03:32.133, 2, 9 %, 0 %, 35270 MiB, 36.94 W
2026/09/20 18:03:37.135, 0, 0 %, 0 %, 35270 MiB, 38.74 W
2026/09/20 18:03:37.136, 1, 0 %, 0 %, 35270 MiB, 38.12 W
2026/09/20 18:03:37.136, 2, 0 %, 0 %, 35270 MiB, 36.93 W
2026/09/20 18:03:42.137, 0, 20 %, 1 %, 35270 MiB, 38.74 W
2026/09/20 18:03:42.138, 1, 0 %, 0 %, 35270 MiB, 38.03 W
2026/09/20 18:03:42.138, 2, 0 %, 0 %, 35270 MiB, 36.94 W
2026/09/20 18:03:47.139, 0, 0 %, 0 %, 35270 MiB, 38.65 W
2026/09/20 18:03:47.140, 1, 0 %, 0 %, 35270 MiB, 38.03 W
2026/09/20 18:03:47.140, 2, 0 %, 0 %, 35270 MiB, 36.94 W
2026/09/20 18:03:52.141, 0, 0 %, 0 %, 35270 MiB, 38.69 W
2026/09/20 18:03:52.141, 1, 0 %, 0 %, 35270 MiB, 38.16 W
2026/09/20 18:03:52.142, 2, 0 %, 0 %, 35270 MiB, 37.06 W
2026/09/20 18:03:57.142, 0, 0 %, 0 %, 35270 MiB, 38.86 W
2026/09/20 18:03:57.142, 1, 0 %, 0 %, 35270 MiB, 38.13 W
2026/09/20 18:03:57.142, 2, 0 %, 0 %, 35270 MiB, 37.24 W
2026/09/20 18:04:02.143, 0, 0 %, 0 %, 35270 MiB, 38.85 W
2026/09/20 18:04:02.144, 1, 0 %, 0 %, 35270 MiB, 38.13 W
2026/09/20 18:04:02.144, 2, 0 %, 0 %, 35270 MiB, 37.03 W
2026/09/20 18:04:07.145, 0, 0 %, 0 %, 35270 MiB, 38.85 W
2026/09/20 18:04:07.146, 1, 0 %, 0 %, 35270 MiB, 38.13 W
2026/09/20 18:04:07.146, 2, 0 %, 0 %, 35270 MiB, 37.14 W
2026/09/20 18:04:12.147, 0, 0 %, 0 %, 35270 MiB, 39.04 W
2026/09/20 18:04:12.147, 1, 55 %, 2 %, 35270 MiB, 40.68 W
2026/09/20 18:04:12.148, 2, 0 %, 0 %, 35270 MiB, 37.23 W
2026/09/20 18:04:17.149, 0, 0 %, 0 %, 35270 MiB, 38.99 W
2026/09/20 18:04:17.149, 1, 21 %, 1 %, 35270 MiB, 46.26 W
2026/09/20 18:04:17.150, 2, 0 %, 0 %, 35270 MiB, 37.28 W
2026/09/20 18:04:22.151, 0, 0 %, 0 %, 35270 MiB, 38.81 W
2026/09/20 18:04:22.151, 1, 0 %, 0 %, 35270 MiB, 46.11 W
2026/09/20 18:04:22.151, 2, 0 %, 0 %, 35270 MiB, 37.18 W
2026/09/20 18:04:27.152, 0, 0 %, 0 %, 35270 MiB, 38.79 W
2026/09/20 18:04:27.153, 1, 0 %, 0 %, 35270 MiB, 38.17 W
2026/09/20 18:04:27.153, 2, 0 %, 0 %, 35270 MiB, 37.28 W
2026/09/20 18:04:32.153, 0, 0 %, 0 %, 35270 MiB, 38.99 W
2026/09/20 18:04:32.153, 1, 0 %, 0 %, 35270 MiB, 38.25 W
2026/09/20 18:04:32.154, 2, 0 %, 0 %, 35270 MiB, 37.16 W
2026/09/20 18:04:37.154, 0, 0 %, 0 %, 35270 MiB, 38.89 W
2026/09/20 18:04:37.155, 1, 5 %, 0 %, 35270 MiB, 38.25 W
2026/09/20 18:04:37.155, 2, 0 %, 0 %, 35270 MiB, 37.26 W
2026/09/20 18:04:42.155, 0, 0 %, 0 %, 35270 MiB, 38.76 W
2026/09/20 18:04:42.156, 1, 0 %, 0 %, 35270 MiB, 38.23 W
2026/09/20 18:04:42.156, 2, 0 %, 0 %, 35270 MiB, 37.14 W
2026/09/20 18:04:47.156, 0, 0 %, 0 %, 35270 MiB, 38.86 W
2026/09/20 18:04:47.157, 1, 25 %, 1 %, 35270 MiB, 38.24 W
2026/09/20 18:04:47.157, 2, 0 %, 0 %, 35270 MiB, 37.14 W
2026/09/20 18:04:52.158, 0, 0 %, 0 %, 35270 MiB, 38.85 W
2026/09/20 18:04:52.158, 1, 0 %, 0 %, 35270 MiB, 37.94 W
2026/09/20 18:04:52.159, 2, 0 %, 0 %, 35270 MiB, 37.06 W
2026/09/20 18:04:57.160, 0, 0 %, 0 %, 35270 MiB, 38.75 W
2026/09/20 18:04:57.161, 1, 0 %, 0 %, 35270 MiB, 38.22 W
2026/09/20 18:04:57.161, 2, 0 %, 0 %, 35270 MiB, 37.14 W
2026/09/20 18:05:02.162, 0, 0 %, 0 %, 35270 MiB, 38.88 W
2026/09/20 18:05:02.162, 1, 0 %, 0 %, 35270 MiB, 38.36 W
2026/09/20 18:05:02.162, 2, 0 %, 0 %, 35270 MiB, 37.27 W
2026/09/20 18:05:07.164, 0, 0 %, 0 %, 35270 MiB, 39.09 W
2026/09/20 18:05:07.164, 1, 0 %, 0 %, 35270 MiB, 38.27 W
2026/09/20 18:05:07.164, 2, 0 %, 0 %, 35270 MiB, 37.28 W
2026/09/20 18:05:12.165, 0, 0 %, 0 %, 35270 MiB, 38.99 W
2026/09/20 18:05:12.165, 1, 0 %, 0 %, 35270 MiB, 38.39 W
2026/09/20 18:05:12.166, 2, 0 %, 0 %, 35270 MiB, 37.38 W
2026/09/20 18:05:17.167, 0, 0 %, 0 %, 35270 MiB, 39.06 W
2026/09/20 18:05:17.168, 1, 24 %, 1 %, 35270 MiB, 38.63 W
2026/09/20 18:05:17.168, 2, 0 %, 0 %, 35270 MiB, 37.33 W
2026/09/20 18:05:22.169, 0, 0 %, 0 %, 35270 MiB, 39.04 W
2026/09/20 18:05:22.169, 1, 0 %, 0 %, 35270 MiB, 38.23 W
2026/09/20 18:05:22.170, 2, 0 %, 0 %, 35270 MiB, 37.34 W
2026/09/20 18:05:27.171, 0, 0 %, 0 %, 35270 MiB, 39.14 W
2026/09/20 18:05:27.172, 1, 0 %, 0 %, 35270 MiB, 38.23 W
2026/09/20 18:05:27.172, 2, 0 %, 0 %, 35270 MiB, 37.23 W
2026/09/20 18:05:32.173, 0, 0 %, 0 %, 35270 MiB, 38.96 W
2026/09/20 18:05:32.174, 1, 0 %, 0 %, 35270 MiB, 38.13 W
2026/09/20 18:05:32.174, 2, 10 %, 0 %, 35270 MiB, 37.54 W
2026/09/20 18:05:37.175, 0, 0 %, 0 %, 35270 MiB, 38.75 W
2026/09/20 18:05:37.176, 1, 0 %, 0 %, 35270 MiB, 38.23 W
2026/09/20 18:05:37.176, 2, 0 %, 0 %, 35270 MiB, 37.24 W
2026/09/20 18:05:42.177, 0, 0 %, 0 %, 35270 MiB, 38.66 W
2026/09/20 18:05:42.177, 1, 0 %, 0 %, 35270 MiB, 38.04 W
2026/09/20 18:05:42.178, 2, 0 %, 0 %, 35270 MiB, 37.26 W
2026/09/20 18:05:47.178, 0, 0 %, 0 %, 35270 MiB, 38.91 W
2026/09/20 18:05:47.179, 1, 0 %, 0 %, 35270 MiB, 38.08 W
2026/09/20 18:05:47.179, 2, 0 %, 0 %, 35270 MiB, 37.08 W
2026/09/20 18:05:52.179, 0, 0 %, 0 %, 35270 MiB, 38.79 W
2026/09/20 18:05:52.180, 1, 0 %, 0 %, 35270 MiB, 38.38 W
2026/09/20 18:05:52.180, 2, 0 %, 0 %, 35270 MiB, 37.08 W
2026/09/20 18:05:57.180, 0, 0 %, 0 %, 35270 MiB, 38.68 W
2026/09/20 18:05:57.181, 1, 0 %, 0 %, 35270 MiB, 38.25 W
2026/09/20 18:05:57.181, 2, 0 %, 0 %, 35270 MiB, 42.43 W
2026/09/20 18:06:02.182, 0, 0 %, 0 %, 35270 MiB, 38.74 W
2026/09/20 18:06:02.182, 1, 0 %, 0 %, 35270 MiB, 38.22 W
2026/09/20 18:06:02.182, 2, 0 %, 0 %, 35270 MiB, 37.13 W
2026/09/20 18:06:07.184, 0, 0 %, 0 %, 35270 MiB, 38.86 W
2026/09/20 18:06:07.184, 1, 0 %, 0 %, 35270 MiB, 38.34 W
2026/09/20 18:06:07.185, 2, 0 %, 0 %, 35270 MiB, 37.24 W
2026/09/20 18:06:12.185, 0, 0 %, 0 %, 35270 MiB, 38.90 W
2026/09/20 18:06:12.186, 1, 0 %, 0 %, 35270 MiB, 38.36 W
2026/09/20 18:06:12.186, 2, 0 %, 0 %, 35270 MiB, 37.16 W
2026/09/20 18:06:17.186, 0, 0 %, 0 %, 35270 MiB, 38.97 W
2026/09/20 18:06:17.186, 1, 0 %, 0 %, 35270 MiB, 38.23 W
2026/09/20 18:06:17.187, 2, 0 %, 0 %, 35270 MiB, 37.25 W
2026/09/20 18:06:22.189, 0, 0 %, 0 %, 35270 MiB, 39.14 W
2026/09/20 18:06:22.189, 1, 0 %, 0 %, 35270 MiB, 38.22 W
2026/09/20 18:06:22.189, 2, 0 %, 0 %, 35270 MiB, 37.23 W
2026/09/20 18:06:27.191, 0, 0 %, 0 %, 35270 MiB, 38.85 W
2026/09/20 18:06:27.191, 1, 0 %, 0 %, 35270 MiB, 38.13 W
2026/09/20 18:06:27.191, 2, 0 %, 0 %, 35270 MiB, 37.34 W
2026/09/20 18:06:32.193, 0, 0 %, 0 %, 35270 MiB, 38.83 W
2026/09/20 18:06:32.193, 1, 0 %, 0 %, 35270 MiB, 38.13 W
2026/09/20 18:06:32.194, 2, 0 %, 0 %, 35270 MiB, 37.24 W
2026/09/20 18:06:37.194, 0, 0 %, 0 %, 35270 MiB, 38.78 W
2026/09/20 18:06:37.194, 1, 0 %, 0 %, 35270 MiB, 38.06 W
2026/09/20 18:06:37.195, 2, 0 %, 0 %, 35270 MiB, 37.16 W
2026/09/20 18:06:42.195, 0, 0 %, 0 %, 35270 MiB, 38.77 W
2026/09/20 18:06:42.195, 1, 0 %, 0 %, 35270 MiB, 38.06 W
2026/09/20 18:06:42.195, 2, 0 %, 0 %, 35270 MiB, 37.25 W
2026/09/20 18:06:47.197, 0, 0 %, 0 %, 35270 MiB, 38.81 W
2026/09/20 18:06:47.197, 1, 0 %, 0 %, 35270 MiB, 38.28 W
2026/09/20 18:06:47.198, 2, 0 %, 0 %, 35270 MiB, 37.28 W
2026/09/20 18:06:52.198, 0, 0 %, 0 %, 35270 MiB, 38.80 W
2026/09/20 18:06:52.199, 1, 0 %, 0 %, 35270 MiB, 38.08 W
2026/09/20 18:06:52.199, 2, 0 %, 0 %, 35270 MiB, 36.99 W
2026/09/20 18:06:57.200, 0, 0 %, 0 %, 35270 MiB, 38.77 W
2026/09/20 18:06:57.201, 1, 0 %, 0 %, 35270 MiB, 38.15 W
2026/09/20 18:06:57.201, 2, 0 %, 0 %, 35270 MiB, 37.06 W
2026/09/20 18:07:02.201, 0, 0 %, 0 %, 35270 MiB, 38.89 W
2026/09/20 18:07:02.202, 1, 0 %, 0 %, 35270 MiB, 38.15 W
2026/09/20 18:07:02.202, 2, 0 %, 0 %, 35270 MiB, 37.36 W
2026/09/20 18:07:07.202, 0, 0 %, 0 %, 35270 MiB, 38.81 W
2026/09/20 18:07:07.202, 1, 0 %, 0 %, 35270 MiB, 38.39 W
2026/09/20 18:07:07.203, 2, 0 %, 0 %, 35270 MiB, 37.18 W
2026/09/20 18:07:12.203, 0, 0 %, 0 %, 35270 MiB, 38.90 W
2026/09/20 18:07:12.203, 1, 0 %, 0 %, 35270 MiB, 38.28 W
2026/09/20 18:07:12.204, 2, 0 %, 0 %, 35270 MiB, 37.18 W
2026/09/20 18:07:17.205, 0, 0 %, 0 %, 35270 MiB, 39.08 W
2026/09/20 18:07:17.206, 1, 0 %, 0 %, 35270 MiB, 38.36 W
2026/09/20 18:07:17.206, 2, 0 %, 0 %, 35270 MiB, 37.25 W
2026/09/20 18:07:22.216, 0, 0 %, 0 %, 35270 MiB, 38.99 W
2026/09/20 18:07:22.216, 1, 0 %, 0 %, 35270 MiB, 38.36 W
2026/09/20 18:07:22.217, 2, 0 %, 0 %, 35270 MiB, 37.37 W
2026/09/20 18:07:27.217, 0, 0 %, 0 %, 35270 MiB, 38.88 W
2026/09/20 18:07:27.218, 1, 0 %, 0 %, 35270 MiB, 38.46 W
2026/09/20 18:07:27.218, 2, 0 %, 0 %, 35270 MiB, 37.37 W
2026/09/20 18:07:32.219, 0, 0 %, 0 %, 35270 MiB, 39.00 W
2026/09/20 18:07:32.219, 1, 0 %, 0 %, 35270 MiB, 38.17 W
2026/09/20 18:07:32.220, 2, 0 %, 0 %, 35270 MiB, 37.28 W
2026/09/20 18:07:37.221, 0, 0 %, 0 %, 35270 MiB, 39.16 W
2026/09/20 18:07:37.221, 1, 0 %, 0 %, 35270 MiB, 38.23 W
2026/09/20 18:07:37.221, 2, 0 %, 0 %, 35270 MiB, 37.35 W
2026/09/20 18:07:42.222, 0, 0 %, 0 %, 35270 MiB, 39.16 W
2026/09/20 18:07:42.223, 1, 0 %, 0 %, 35270 MiB, 38.53 W
2026/09/20 18:07:42.223, 2, 0 %, 0 %, 35270 MiB, 37.44 W
2026/09/20 18:07:47.224, 0, 0 %, 0 %, 35270 MiB, 39.04 W
2026/09/20 18:07:47.224, 1, 0 %, 0 %, 35270 MiB, 38.22 W
2026/09/20 18:07:47.224, 2, 0 %, 0 %, 35270 MiB, 37.44 W
2026/09/20 18:07:52.226, 0, 0 %, 0 %, 35270 MiB, 38.85 W
2026/09/20 18:07:52.226, 1, 0 %, 0 %, 35270 MiB, 38.13 W
2026/09/20 18:07:52.227, 2, 0 %, 0 %, 35270 MiB, 37.24 W
2026/09/20 18:07:57.227, 0, 0 %, 0 %, 35270 MiB, 38.75 W
2026/09/20 18:07:57.228, 1, 0 %, 0 %, 35270 MiB, 38.03 W
2026/09/20 18:07:57.228, 2, 0 %, 0 %, 35270 MiB, 37.04 W
2026/09/20 18:08:02.229, 0, 0 %, 0 %, 35270 MiB, 38.65 W
2026/09/20 18:08:02.229, 1, 0 %, 0 %, 35270 MiB, 38.13 W
2026/09/20 18:08:02.229, 2, 0 %, 0 %, 35270 MiB, 37.14 W
2026/09/20 18:08:07.230, 0, 0 %, 0 %, 35270 MiB, 38.76 W
2026/09/20 18:08:07.230, 1, 0 %, 0 %, 35270 MiB, 38.03 W
2026/09/20 18:08:07.230, 2, 0 %, 0 %, 35270 MiB, 37.04 W
2026/09/20 18:08:12.231, 0, 0 %, 0 %, 35270 MiB, 38.68 W
2026/09/20 18:08:12.232, 1, 0 %, 0 %, 35270 MiB, 38.04 W
2026/09/20 18:08:12.232, 2, 0 %, 0 %, 35270 MiB, 37.06 W
2026/09/20 18:08:17.233, 0, 0 %, 0 %, 35270 MiB, 38.75 W
2026/09/20 18:08:17.233, 1, 0 %, 0 %, 35270 MiB, 38.13 W
2026/09/20 18:08:17.233, 2, 0 %, 0 %, 35270 MiB, 37.14 W
2026/09/20 18:08:22.235, 0, 0 %, 0 %, 35270 MiB, 38.76 W
2026/09/20 18:08:22.235, 1, 0 %, 0 %, 35270 MiB, 38.23 W
2026/09/20 18:08:22.235, 2, 0 %, 0 %, 35270 MiB, 37.15 W
2026/09/20 18:08:27.237, 0, 0 %, 0 %, 35270 MiB, 38.76 W
2026/09/20 18:08:27.237, 1, 0 %, 0 %, 35270 MiB, 38.24 W
2026/09/20 18:08:27.237, 2, 0 %, 0 %, 35270 MiB, 37.14 W
2026/09/20 18:08:32.238, 0, 0 %, 0 %, 35270 MiB, 39.07 W
2026/09/20 18:08:32.239, 1, 0 %, 0 %, 35270 MiB, 38.13 W
2026/09/20 18:08:32.239, 2, 0 %, 0 %, 35270 MiB, 37.06 W
2026/09/20 18:08:37.239, 0, 0 %, 0 %, 35270 MiB, 38.76 W
2026/09/20 18:08:37.240, 1, 0 %, 0 %, 35270 MiB, 38.35 W
2026/09/20 18:08:37.240, 2, 0 %, 0 %, 35270 MiB, 37.35 W
2026/09/20 18:08:42.241, 0, 0 %, 0 %, 35270 MiB, 38.74 W
2026/09/20 18:08:42.241, 1, 0 %, 0 %, 35270 MiB, 38.03 W
2026/09/20 18:08:42.241, 2, 0 %, 0 %, 35270 MiB, 37.14 W
2026/09/20 18:08:47.242, 0, 0 %, 0 %, 35270 MiB, 38.74 W
2026/09/20 18:08:47.242, 1, 0 %, 0 %, 35270 MiB, 38.03 W
2026/09/20 18:08:47.242, 2, 0 %, 0 %, 35270 MiB, 37.14 W
2026/09/20 18:08:52.244, 0, 0 %, 0 %, 35270 MiB, 38.76 W
2026/09/20 18:08:52.244, 1, 0 %, 0 %, 35270 MiB, 37.94 W
2026/09/20 18:08:52.244, 2, 0 %, 0 %, 35270 MiB, 37.04 W
2026/09/20 18:08:57.255, 0, 0 %, 0 %, 35270 MiB, 38.57 W
2026/09/20 18:08:57.255, 1, 0 %, 0 %, 35270 MiB, 38.05 W
2026/09/20 18:08:57.255, 2, 0 %, 0 %, 35270 MiB, 37.24 W
2026/09/20 18:09:02.256, 0, 0 %, 0 %, 35270 MiB, 38.56 W
2026/09/20 18:09:02.257, 1, 0 %, 0 %, 35270 MiB, 38.03 W
2026/09/20 18:09:02.257, 2, 0 %, 0 %, 35270 MiB, 37.15 W
2026/09/20 18:09:07.257, 0, 0 %, 0 %, 35270 MiB, 38.56 W
2026/09/20 18:09:07.257, 1, 0 %, 0 %, 35270 MiB, 37.94 W
2026/09/20 18:09:07.257, 2, 0 %, 0 %, 35270 MiB, 36.94 W
2026/09/20 18:09:12.259, 0, 0 %, 0 %, 35270 MiB, 38.75 W
2026/09/20 18:09:12.259, 1, 0 %, 0 %, 35270 MiB, 38.23 W
2026/09/20 18:09:12.260, 2, 0 %, 0 %, 35270 MiB, 36.94 W
2026/09/20 18:09:17.261, 0, 0 %, 0 %, 35270 MiB, 38.66 W
2026/09/20 18:09:17.261, 1, 0 %, 0 %, 35270 MiB, 38.03 W
2026/09/20 18:09:17.261, 2, 0 %, 0 %, 35270 MiB, 37.04 W
2026/09/20 18:09:22.262, 0, 0 %, 0 %, 35270 MiB, 38.65 W
2026/09/20 18:09:22.262, 1, 0 %, 0 %, 35270 MiB, 38.13 W
2026/09/20 18:09:22.263, 2, 0 %, 0 %, 35270 MiB, 37.03 W
2026/09/20 18:09:27.271, 0, 0 %, 0 %, 35270 MiB, 38.86 W
2026/09/20 18:09:27.271, 1, 0 %, 0 %, 35270 MiB, 38.14 W
2026/09/20 18:09:27.272, 2, 0 %, 0 %, 35270 MiB, 37.06 W
2026/09/20 18:09:32.273, 0, 0 %, 0 %, 35270 MiB, 38.75 W
2026/09/20 18:09:32.273, 1, 0 %, 0 %, 35270 MiB, 38.23 W
2026/09/20 18:09:32.273, 2, 0 %, 0 %, 35270 MiB, 37.14 W
2026/09/20 18:09:37.275, 0, 0 %, 0 %, 35270 MiB, 38.76 W
2026/09/20 18:09:37.275, 1, 0 %, 0 %, 35270 MiB, 38.13 W
2026/09/20 18:09:37.275, 2, 0 %, 0 %, 35270 MiB, 37.14 W
2026/09/20 18:09:42.277, 0, 0 %, 0 %, 35270 MiB, 38.76 W
2026/09/20 18:09:42.277, 1, 0 %, 0 %, 35270 MiB, 38.14 W
2026/09/20 18:09:42.277, 2, 0 %, 0 %, 35270 MiB, 37.14 W
2026/09/20 18:09:47.278, 0, 0 %, 0 %, 35270 MiB, 38.96 W
2026/09/20 18:09:47.278, 1, 0 %, 0 %, 35270 MiB, 38.03 W
2026/09/20 18:09:47.278, 2, 0 %, 0 %, 35270 MiB, 37.03 W
2026/09/20 18:09:52.280, 0, 0 %, 0 %, 35270 MiB, 38.75 W
2026/09/20 18:09:52.280, 1, 0 %, 0 %, 35270 MiB, 38.03 W
2026/09/20 18:09:52.281, 2, 0 %, 0 %, 35270 MiB, 37.14 W
2026/09/20 18:09:57.281, 0, 0 %, 0 %, 35270 MiB, 38.65 W
2026/09/20 18:09:57.281, 1, 0 %, 0 %, 35270 MiB, 37.94 W
2026/09/20 18:09:57.282, 2, 0 %, 0 %, 35270 MiB, 37.14 W
2026/09/20 18:10:02.292, 0, 5 %, 0 %, 35270 MiB, 38.59 W
2026/09/20 18:10:02.292, 1, 0 %, 0 %, 35270 MiB, 37.97 W
2026/09/20 18:10:02.292, 2, 0 %, 0 %, 35270 MiB, 37.18 W
2026/09/20 18:10:07.292, 0, 0 %, 0 %, 35270 MiB, 38.59 W
2026/09/20 18:10:07.292, 1, 0 %, 0 %, 35270 MiB, 38.06 W
2026/09/20 18:10:07.293, 2, 0 %, 0 %, 35270 MiB, 37.16 W
2026/09/20 18:10:12.294, 0, 0 %, 0 %, 35270 MiB, 38.59 W
2026/09/20 18:10:12.294, 1, 0 %, 0 %, 35270 MiB, 37.96 W
2026/09/20 18:10:12.295, 2, 0 %, 0 %, 35270 MiB, 37.26 W
2026/09/20 18:10:17.296, 0, 0 %, 0 %, 35270 MiB, 38.69 W
2026/09/20 18:10:17.296, 1, 0 %, 0 %, 35270 MiB, 38.08 W
2026/09/20 18:10:17.297, 2, 0 %, 0 %, 35270 MiB, 37.08 W
2026/09/20 18:10:22.297, 0, 0 %, 0 %, 35270 MiB, 38.71 W
2026/09/20 18:10:22.297, 1, 0 %, 0 %, 35270 MiB, 38.08 W
2026/09/20 18:10:22.297, 2, 0 %, 0 %, 35270 MiB, 37.09 W
2026/09/20 18:10:27.298, 0, 100 %, 6 %, 35270 MiB, 90.74 W
2026/09/20 18:10:27.298, 1, 100 %, 6 %, 35270 MiB, 93.36 W
2026/09/20 18:10:27.298, 2, 100 %, 7 %, 35270 MiB, 93.12 W
2026/09/20 18:10:32.298, 0, 100 %, 7 %, 35270 MiB, 96.31 W
2026/09/20 18:10:32.299, 1, 100 %, 7 %, 35270 MiB, 89.97 W
2026/09/20 18:10:32.299, 2, 100 %, 7 %, 35270 MiB, 97.81 W
2026/09/20 18:10:37.299, 0, 100 %, 7 %, 35270 MiB, 93.33 W
2026/09/20 18:10:37.299, 1, 100 %, 7 %, 35270 MiB, 96.25 W
2026/09/20 18:10:37.299, 2, 100 %, 7 %, 35270 MiB, 93.85 W
2026/09/20 18:10:42.300, 0, 100 %, 7 %, 35270 MiB, 167.09 W
2026/09/20 18:10:42.300, 1, 100 %, 7 %, 35270 MiB, 93.55 W
2026/09/20 18:10:42.300, 2, 100 %, 10 %, 35270 MiB, 92.91 W
2026/09/20 18:10:47.300, 0, 99 %, 7 %, 35270 MiB, 93.63 W
2026/09/20 18:10:47.301, 1, 100 %, 7 %, 35270 MiB, 90.93 W
2026/09/20 18:10:47.301, 2, 100 %, 7 %, 35270 MiB, 98.32 W
2026/09/20 18:10:52.301, 0, 100 %, 7 %, 35270 MiB, 91.10 W
2026/09/20 18:10:52.301, 1, 100 %, 7 %, 35270 MiB, 98.68 W
2026/09/20 18:10:52.301, 2, 100 %, 7 %, 35270 MiB, 96.02 W
2026/09/20 18:10:57.302, 0, 100 %, 7 %, 35270 MiB, 99.95 W
2026/09/20 18:10:57.302, 1, 100 %, 7 %, 35270 MiB, 94.85 W
2026/09/20 18:10:57.302, 2, 99 %, 6 %, 35270 MiB, 98.21 W
2026/09/20 18:11:02.302, 0, 100 %, 7 %, 35270 MiB, 93.04 W
2026/09/20 18:11:02.303, 1, 100 %, 7 %, 35270 MiB, 97.06 W
2026/09/20 18:11:02.303, 2, 100 %, 10 %, 35270 MiB, 93.51 W
2026/09/20 18:11:07.303, 0, 100 %, 7 %, 35270 MiB, 97.62 W
2026/09/20 18:11:07.303, 1, 100 %, 7 %, 35270 MiB, 91.08 W
2026/09/20 18:11:07.303, 2, 100 %, 7 %, 35270 MiB, 97.42 W
2026/09/20 18:11:12.304, 0, 100 %, 7 %, 35270 MiB, 102.25 W
2026/09/20 18:11:12.304, 1, 100 %, 7 %, 35270 MiB, 96.81 W
2026/09/20 18:11:12.304, 2, 100 %, 10 %, 35270 MiB, 94.64 W
2026/09/20 18:11:17.304, 0, 100 %, 7 %, 35270 MiB, 94.38 W
2026/09/20 18:11:17.305, 1, 99 %, 6 %, 35270 MiB, 99.74 W
2026/09/20 18:11:17.305, 2, 100 %, 10 %, 35270 MiB, 97.23 W
2026/09/20 18:11:22.305, 0, 100 %, 7 %, 35270 MiB, 99.64 W
2026/09/20 18:11:22.305, 1, 100 %, 7 %, 35270 MiB, 96.46 W
2026/09/20 18:11:22.305, 2, 100 %, 6 %, 35270 MiB, 98.08 W
2026/09/20 18:11:27.306, 0, 99 %, 7 %, 35270 MiB, 97.50 W
2026/09/20 18:11:27.306, 1, 100 %, 7 %, 35270 MiB, 101.26 W
2026/09/20 18:11:27.306, 2, 100 %, 7 %, 35270 MiB, 101.50 W
2026/09/20 18:11:32.306, 0, 100 %, 7 %, 35270 MiB, 106.02 W
2026/09/20 18:11:32.306, 1, 100 %, 7 %, 35270 MiB, 95.84 W
2026/09/20 18:11:32.306, 2, 99 %, 6 %, 35270 MiB, 101.88 W
2026/09/20 18:11:37.307, 0, 100 %, 11 %, 35270 MiB, 101.53 W
2026/09/20 18:11:37.307, 1, 100 %, 10 %, 35270 MiB, 98.18 W
2026/09/20 18:11:37.307, 2, 100 %, 7 %, 35270 MiB, 96.93 W
2026/09/20 18:11:42.308, 0, 100 %, 7 %, 35270 MiB, 97.92 W
2026/09/20 18:11:42.308, 1, 100 %, 7 %, 35270 MiB, 96.97 W
2026/09/20 18:11:42.308, 2, 100 %, 6 %, 35270 MiB, 99.08 W
2026/09/20 18:11:47.308, 0, 100 %, 7 %, 35270 MiB, 100.30 W
2026/09/20 18:11:47.309, 1, 100 %, 7 %, 35270 MiB, 164.03 W
2026/09/20 18:11:47.309, 2, 100 %, 7 %, 35270 MiB, 105.83 W
2026/09/20 18:11:52.309, 0, 99 %, 7 %, 35270 MiB, 95.62 W
2026/09/20 18:11:52.309, 1, 100 %, 7 %, 35270 MiB, 102.90 W
2026/09/20 18:11:52.309, 2, 100 %, 7 %, 35270 MiB, 98.60 W
2026/09/20 18:11:57.310, 0, 100 %, 7 %, 35270 MiB, 166.46 W
2026/09/20 18:11:57.310, 1, 100 %, 10 %, 35270 MiB, 104.27 W
2026/09/20 18:11:57.310, 2, 100 %, 7 %, 35270 MiB, 97.94 W
2026/09/20 18:12:02.310, 0, 100 %, 7 %, 35270 MiB, 99.37 W
2026/09/20 18:12:02.311, 1, 100 %, 7 %, 35270 MiB, 100.67 W
2026/09/20 18:12:02.311, 2, 100 %, 7 %, 35270 MiB, 101.07 W
2026/09/20 18:12:07.311, 0, 100 %, 11 %, 35270 MiB, 94.73 W
2026/09/20 18:12:07.311, 1, 100 %, 7 %, 35270 MiB, 99.23 W
2026/09/20 18:12:07.311, 2, 100 %, 7 %, 35270 MiB, 99.82 W
2026/09/20 18:12:12.312, 0, 100 %, 11 %, 35270 MiB, 101.60 W
2026/09/20 18:12:12.312, 1, 100 %, 10 %, 35270 MiB, 115.85 W
2026/09/20 18:12:12.313, 2, 100 %, 7 %, 35270 MiB, 100.54 W
2026/09/20 18:12:17.313, 0, 100 %, 7 %, 35270 MiB, 99.30 W
2026/09/20 18:12:17.313, 1, 100 %, 7 %, 35270 MiB, 103.30 W
2026/09/20 18:12:17.313, 2, 100 %, 7 %, 35270 MiB, 101.42 W
2026/09/20 18:12:22.314, 0, 100 %, 11 %, 35270 MiB, 96.22 W
2026/09/20 18:12:22.314, 1, 100 %, 6 %, 35270 MiB, 98.78 W
2026/09/20 18:12:22.314, 2, 100 %, 6 %, 35270 MiB, 98.58 W
2026/09/20 18:12:27.314, 0, 100 %, 7 %, 35270 MiB, 97.60 W
2026/09/20 18:12:27.315, 1, 100 %, 7 %, 35270 MiB, 97.45 W
2026/09/20 18:12:27.315, 2, 100 %, 14 %, 35270 MiB, 100.84 W
2026/09/20 18:12:32.315, 0, 100 %, 7 %, 35270 MiB, 99.22 W
2026/09/20 18:12:32.315, 1, 100 %, 7 %, 35270 MiB, 99.53 W
2026/09/20 18:12:32.316, 2, 100 %, 7 %, 35270 MiB, 97.99 W
2026/09/20 18:12:37.316, 0, 100 %, 7 %, 35270 MiB, 103.08 W
2026/09/20 18:12:37.316, 1, 100 %, 8 %, 35270 MiB, 97.78 W
2026/09/20 18:12:37.316, 2, 100 %, 10 %, 35270 MiB, 94.98 W
2026/09/20 18:12:42.317, 0, 100 %, 11 %, 35270 MiB, 132.97 W
2026/09/20 18:12:42.317, 1, 100 %, 7 %, 35270 MiB, 99.04 W
2026/09/20 18:12:42.317, 2, 100 %, 7 %, 35270 MiB, 100.76 W
2026/09/20 18:12:47.318, 0, 100 %, 7 %, 35270 MiB, 96.92 W
2026/09/20 18:12:47.318, 1, 100 %, 7 %, 35270 MiB, 102.04 W
2026/09/20 18:12:47.318, 2, 100 %, 7 %, 35270 MiB, 99.00 W
2026/09/20 18:12:52.318, 0, 100 %, 7 %, 35270 MiB, 213.26 W
2026/09/20 18:12:52.319, 1, 100 %, 11 %, 35270 MiB, 96.62 W
2026/09/20 18:12:52.319, 2, 100 %, 6 %, 35270 MiB, 99.91 W
2026/09/20 18:12:57.319, 0, 100 %, 7 %, 35270 MiB, 103.86 W
2026/09/20 18:12:57.319, 1, 100 %, 11 %, 35270 MiB, 98.69 W
2026/09/20 18:12:57.319, 2, 100 %, 7 %, 35270 MiB, 98.28 W
2026/09/20 18:13:02.320, 0, 100 %, 7 %, 35270 MiB, 101.33 W
2026/09/20 18:13:02.320, 1, 100 %, 7 %, 35270 MiB, 99.10 W
2026/09/20 18:13:02.320, 2, 100 %, 7 %, 35270 MiB, 96.02 W
2026/09/20 18:13:07.320, 0, 99 %, 11 %, 35270 MiB, 111.92 W
2026/09/20 18:13:07.321, 1, 100 %, 10 %, 35270 MiB, 103.06 W
2026/09/20 18:13:07.321, 2, 100 %, 7 %, 35270 MiB, 101.90 W
2026/09/20 18:13:12.321, 0, 62 %, 8 %, 35270 MiB, 87.12 W
2026/09/20 18:13:12.321, 1, 100 %, 6 %, 35270 MiB, 117.75 W
2026/09/20 18:13:12.321, 2, 100 %, 6 %, 35270 MiB, 100.21 W
2026/09/20 18:13:17.322, 0, 0 %, 0 %, 35270 MiB, 44.95 W
2026/09/20 18:13:17.322, 1, 0 %, 0 %, 35270 MiB, 44.50 W
2026/09/20 18:13:17.322, 2, 6 %, 0 %, 35270 MiB, 70.91 W
2026/09/20 18:13:22.323, 0, 0 %, 0 %, 35270 MiB, 44.51 W
2026/09/20 18:13:22.323, 1, 0 %, 0 %, 35270 MiB, 43.79 W
2026/09/20 18:13:22.323, 2, 0 %, 0 %, 35270 MiB, 42.81 W
2026/09/20 18:13:27.325, 0, 0 %, 0 %, 35270 MiB, 44.08 W
2026/09/20 18:13:27.325, 1, 0 %, 0 %, 35270 MiB, 43.55 W
2026/09/20 18:13:27.325, 2, 0 %, 0 %, 35270 MiB, 42.38 W
2026/09/20 18:13:32.327, 0, 0 %, 0 %, 35270 MiB, 43.49 W
2026/09/20 18:13:32.327, 1, 0 %, 0 %, 35270 MiB, 43.36 W
2026/09/20 18:13:32.327, 2, 0 %, 0 %, 35270 MiB, 41.81 W
2026/09/20 18:13:37.328, 0, 0 %, 0 %, 35270 MiB, 43.12 W
2026/09/20 18:13:37.328, 1, 0 %, 0 %, 35270 MiB, 42.70 W
2026/09/20 18:13:37.329, 2, 0 %, 0 %, 35270 MiB, 41.62 W
2026/09/20 18:13:42.330, 0, 0 %, 0 %, 35270 MiB, 42.62 W
2026/09/20 18:13:42.330, 1, 0 %, 0 %, 35270 MiB, 42.39 W
2026/09/20 18:13:42.330, 2, 0 %, 0 %, 35270 MiB, 41.23 W
2026/09/20 18:13:47.331, 0, 0 %, 0 %, 35270 MiB, 42.70 W
2026/09/20 18:13:47.332, 1, 0 %, 0 %, 35270 MiB, 42.09 W
2026/09/20 18:13:47.332, 2, 0 %, 0 %, 35270 MiB, 41.01 W
2026/09/20 18:13:52.333, 0, 0 %, 0 %, 35270 MiB, 42.42 W
2026/09/20 18:13:52.333, 1, 0 %, 0 %, 35270 MiB, 41.79 W
2026/09/20 18:13:52.333, 2, 0 %, 0 %, 35270 MiB, 40.73 W
2026/09/20 18:13:57.335, 0, 0 %, 0 %, 35270 MiB, 42.42 W
2026/09/20 18:13:57.335, 1, 0 %, 0 %, 35270 MiB, 41.89 W
2026/09/20 18:13:57.335, 2, 0 %, 0 %, 35270 MiB, 40.53 W
2026/09/20 18:14:02.337, 0, 0 %, 0 %, 35270 MiB, 41.85 W
2026/09/20 18:14:02.338, 1, 0 %, 0 %, 35270 MiB, 41.52 W
2026/09/20 18:14:02.338, 2, 0 %, 0 %, 35270 MiB, 40.35 W
2026/09/20 18:14:07.339, 0, 0 %, 0 %, 35270 MiB, 42.03 W
2026/09/20 18:14:07.339, 1, 0 %, 0 %, 35270 MiB, 41.31 W
2026/09/20 18:14:07.339, 2, 0 %, 0 %, 35270 MiB, 40.24 W
2026/09/20 18:14:12.341, 0, 0 %, 0 %, 35270 MiB, 42.03 W
2026/09/20 18:14:12.341, 1, 0 %, 0 %, 35270 MiB, 41.31 W
2026/09/20 18:14:12.341, 2, 0 %, 0 %, 35270 MiB, 40.13 W
2026/09/20 18:14:17.343, 0, 0 %, 0 %, 35270 MiB, 41.93 W
2026/09/20 18:14:17.343, 1, 0 %, 0 %, 35270 MiB, 41.10 W
2026/09/20 18:14:17.344, 2, 0 %, 0 %, 35270 MiB, 40.13 W
2026/09/20 18:14:22.345, 0, 0 %, 0 %, 35270 MiB, 41.33 W
2026/09/20 18:14:22.345, 1, 0 %, 0 %, 35270 MiB, 40.81 W
2026/09/20 18:14:22.345, 2, 0 %, 0 %, 35270 MiB, 40.03 W
2026/09/20 18:14:27.348, 0, 0 %, 0 %, 35270 MiB, 41.54 W
2026/09/20 18:14:27.348, 1, 0 %, 0 %, 35270 MiB, 40.61 W
2026/09/20 18:14:27.348, 2, 0 %, 0 %, 35270 MiB, 39.74 W
2026/09/20 18:14:32.359, 0, 0 %, 0 %, 35270 MiB, 41.35 W
2026/09/20 18:14:32.359, 1, 0 %, 0 %, 35270 MiB, 40.73 W
2026/09/20 18:14:32.360, 2, 0 %, 0 %, 35270 MiB, 39.55 W
2026/09/20 18:14:37.361, 0, 0 %, 0 %, 35270 MiB, 41.24 W
2026/09/20 18:14:37.361, 1, 0 %, 0 %, 35270 MiB, 40.42 W
2026/09/20 18:14:37.361, 2, 0 %, 0 %, 35270 MiB, 39.43 W
2026/09/20 18:14:42.363, 0, 0 %, 0 %, 35270 MiB, 41.05 W
2026/09/20 18:14:42.363, 1, 0 %, 0 %, 35270 MiB, 40.33 W
2026/09/20 18:14:42.363, 2, 0 %, 0 %, 35270 MiB, 39.35 W
2026/09/20 18:14:47.365, 0, 0 %, 0 %, 35270 MiB, 40.94 W
2026/09/20 18:14:47.365, 1, 0 %, 0 %, 35270 MiB, 40.22 W
2026/09/20 18:14:47.365, 2, 0 %, 0 %, 35270 MiB, 39.23 W
2026/09/20 18:14:52.366, 0, 0 %, 0 %, 35270 MiB, 40.84 W
2026/09/20 18:14:52.366, 1, 0 %, 0 %, 35270 MiB, 40.32 W
2026/09/20 18:14:52.366, 2, 0 %, 0 %, 35270 MiB, 39.13 W
2026/09/20 18:14:57.366, 0, 0 %, 0 %, 35270 MiB, 40.76 W
2026/09/20 18:14:57.367, 1, 0 %, 0 %, 35270 MiB, 40.13 W
2026/09/20 18:14:57.367, 2, 0 %, 0 %, 35270 MiB, 38.96 W
2026/09/20 18:15:02.367, 0, 0 %, 0 %, 35270 MiB, 40.55 W
2026/09/20 18:15:02.368, 1, 0 %, 0 %, 35270 MiB, 40.01 W
2026/09/20 18:15:02.368, 2, 0 %, 0 %, 35270 MiB, 39.05 W
2026/09/20 18:15:07.368, 0, 0 %, 0 %, 35270 MiB, 40.77 W
2026/09/20 18:15:07.369, 1, 0 %, 0 %, 35270 MiB, 40.04 W
2026/09/20 18:15:07.369, 2, 0 %, 0 %, 35270 MiB, 38.96 W
2026/09/20 18:15:12.370, 0, 0 %, 0 %, 35270 MiB, 40.87 W
2026/09/20 18:15:12.371, 1, 0 %, 0 %, 35270 MiB, 39.94 W
2026/09/20 18:15:12.371, 2, 0 %, 0 %, 35270 MiB, 38.86 W
2026/09/20 18:15:17.372, 0, 0 %, 0 %, 35270 MiB, 40.88 W
2026/09/20 18:15:17.372, 1, 0 %, 0 %, 35270 MiB, 39.84 W
2026/09/20 18:15:17.373, 2, 0 %, 0 %, 35270 MiB, 38.98 W
2026/09/20 18:15:22.374, 0, 0 %, 0 %, 35270 MiB, 40.86 W
2026/09/20 18:15:22.374, 1, 0 %, 0 %, 35270 MiB, 39.63 W
2026/09/20 18:15:22.374, 2, 0 %, 0 %, 35270 MiB, 38.75 W
2026/09/20 18:15:27.376, 0, 0 %, 0 %, 35270 MiB, 41.05 W
2026/09/20 18:15:27.377, 1, 0 %, 0 %, 35270 MiB, 39.62 W
2026/09/20 18:15:27.377, 2, 0 %, 0 %, 35270 MiB, 38.86 W
2026/09/20 18:15:32.378, 0, 0 %, 0 %, 35270 MiB, 40.76 W
2026/09/20 18:15:32.378, 1, 0 %, 0 %, 35270 MiB, 39.44 W
2026/09/20 18:15:32.378, 2, 0 %, 0 %, 35270 MiB, 38.75 W
2026/09/20 18:15:37.379, 0, 0 %, 0 %, 35270 MiB, 40.45 W
2026/09/20 18:15:37.380, 1, 0 %, 0 %, 35270 MiB, 39.34 W
2026/09/20 18:15:37.380, 2, 0 %, 0 %, 35270 MiB, 38.74 W
2026/09/20 18:15:42.380, 0, 0 %, 0 %, 35270 MiB, 40.26 W
2026/09/20 18:15:42.381, 1, 0 %, 0 %, 35270 MiB, 39.24 W
2026/09/20 18:15:42.381, 2, 0 %, 0 %, 35270 MiB, 38.53 W
2026/09/20 18:15:47.386, 0, 0 %, 0 %, 35270 MiB, 40.35 W
2026/09/20 18:15:47.387, 1, 0 %, 0 %, 35270 MiB, 39.14 W
2026/09/20 18:15:47.387, 2, 0 %, 0 %, 35270 MiB, 38.26 W
2026/09/20 18:15:52.388, 0, 0 %, 0 %, 35270 MiB, 40.19 W
2026/09/20 18:15:52.388, 1, 0 %, 0 %, 35270 MiB, 39.17 W
2026/09/20 18:15:52.388, 2, 0 %, 0 %, 35270 MiB, 38.19 W
2026/09/20 18:15:57.388, 0, 0 %, 0 %, 35270 MiB, 40.12 W
2026/09/20 18:15:57.389, 1, 0 %, 0 %, 35270 MiB, 39.12 W
2026/09/20 18:15:57.389, 2, 0 %, 0 %, 35270 MiB, 38.34 W
2026/09/20 18:16:02.390, 0, 0 %, 0 %, 35270 MiB, 40.24 W
2026/09/20 18:16:02.391, 1, 0 %, 0 %, 35270 MiB, 39.13 W
2026/09/20 18:16:02.391, 2, 0 %, 0 %, 35270 MiB, 38.45 W
2026/09/20 18:16:07.391, 0, 0 %, 0 %, 35270 MiB, 40.18 W
2026/09/20 18:16:07.392, 1, 0 %, 0 %, 35270 MiB, 38.97 W
2026/09/20 18:16:07.392, 2, 0 %, 0 %, 35270 MiB, 38.38 W
2026/09/20 18:16:12.392, 0, 0 %, 0 %, 35270 MiB, 40.05 W
2026/09/20 18:16:12.393, 1, 0 %, 0 %, 35270 MiB, 38.93 W
2026/09/20 18:16:12.393, 2, 0 %, 0 %, 35270 MiB, 38.15 W
2026/09/20 18:16:17.394, 0, 0 %, 0 %, 35270 MiB, 39.92 W
2026/09/20 18:16:17.395, 1, 0 %, 0 %, 35270 MiB, 38.81 W
2026/09/20 18:16:17.395, 2, 0 %, 0 %, 35270 MiB, 38.23 W
2026/09/20 18:16:22.398, 0, 0 %, 0 %, 35270 MiB, 40.12 W
2026/09/20 18:16:22.399, 1, 0 %, 0 %, 35270 MiB, 38.83 W
2026/09/20 18:16:22.399, 2, 0 %, 0 %, 35270 MiB, 38.14 W
2026/09/20 18:16:27.399, 0, 0 %, 0 %, 35270 MiB, 39.85 W
2026/09/20 18:16:27.400, 1, 0 %, 0 %, 35270 MiB, 38.73 W
2026/09/20 18:16:27.400, 2, 0 %, 0 %, 35270 MiB, 38.05 W
2026/09/20 18:16:32.401, 0, 0 %, 0 %, 35270 MiB, 39.84 W
2026/09/20 18:16:32.401, 1, 0 %, 0 %, 35270 MiB, 38.53 W
2026/09/20 18:16:32.402, 2, 0 %, 0 %, 35270 MiB, 38.34 W
2026/09/20 18:16:37.403, 0, 0 %, 0 %, 35270 MiB, 39.84 W
2026/09/20 18:16:37.404, 1, 0 %, 0 %, 35270 MiB, 38.63 W
2026/09/20 18:16:37.404, 2, 0 %, 0 %, 35270 MiB, 38.04 W
2026/09/20 18:16:42.405, 0, 0 %, 0 %, 35270 MiB, 39.87 W
2026/09/20 18:16:42.405, 1, 0 %, 0 %, 35270 MiB, 38.46 W
2026/09/20 18:16:42.406, 2, 0 %, 0 %, 35270 MiB, 38.07 W
2026/09/20 18:16:47.407, 0, 0 %, 0 %, 35270 MiB, 39.68 W
2026/09/20 18:16:47.407, 1, 0 %, 0 %, 35270 MiB, 38.58 W
2026/09/20 18:16:47.407, 2, 0 %, 0 %, 35270 MiB, 37.98 W
2026/09/20 18:16:52.408, 0, 0 %, 0 %, 35270 MiB, 39.56 W
2026/09/20 18:16:52.409, 1, 0 %, 0 %, 35270 MiB, 38.46 W
2026/09/20 18:16:52.409, 2, 0 %, 0 %, 35270 MiB, 38.05 W
2026/09/20 18:16:57.410, 0, 0 %, 0 %, 35270 MiB, 39.55 W
2026/09/20 18:16:57.411, 1, 0 %, 0 %, 35270 MiB, 38.44 W
2026/09/20 18:16:57.411, 2, 0 %, 0 %, 35270 MiB, 37.75 W
2026/09/20 18:17:02.412, 0, 0 %, 0 %, 35270 MiB, 39.58 W
2026/09/20 18:17:02.412, 1, 0 %, 0 %, 35270 MiB, 38.95 W
2026/09/20 18:17:02.413, 2, 0 %, 0 %, 35270 MiB, 37.67 W
2026/09/20 18:17:07.413, 0, 0 %, 0 %, 35270 MiB, 39.39 W
2026/09/20 18:17:07.414, 1, 0 %, 0 %, 35270 MiB, 38.97 W
2026/09/20 18:17:07.414, 2, 0 %, 0 %, 35270 MiB, 37.69 W
2026/09/20 18:17:12.415, 0, 0 %, 0 %, 35270 MiB, 39.34 W
2026/09/20 18:17:12.415, 1, 0 %, 0 %, 35270 MiB, 39.01 W
2026/09/20 18:17:12.415, 2, 0 %, 0 %, 35270 MiB, 37.92 W
2026/09/20 18:17:17.417, 0, 0 %, 0 %, 35270 MiB, 39.63 W
2026/09/20 18:17:17.417, 1, 0 %, 0 %, 35270 MiB, 38.92 W
2026/09/20 18:17:17.418, 2, 0 %, 0 %, 35270 MiB, 37.53 W
2026/09/20 18:17:22.429, 0, 0 %, 0 %, 35270 MiB, 39.45 W
2026/09/20 18:17:22.429, 1, 0 %, 0 %, 35270 MiB, 38.83 W
2026/09/20 18:17:22.430, 2, 0 %, 0 %, 35270 MiB, 37.64 W
2026/09/20 18:17:27.431, 0, 0 %, 0 %, 35270 MiB, 39.39 W
2026/09/20 18:17:27.431, 1, 0 %, 0 %, 35270 MiB, 38.95 W
2026/09/20 18:17:27.431, 2, 0 %, 0 %, 35270 MiB, 37.67 W
2026/09/20 18:17:32.432, 0, 0 %, 0 %, 35270 MiB, 39.56 W
2026/09/20 18:17:32.432, 1, 0 %, 0 %, 35270 MiB, 38.84 W
2026/09/20 18:17:32.432, 2, 0 %, 0 %, 35270 MiB, 37.77 W
2026/09/20 18:17:37.433, 0, 0 %, 0 %, 35270 MiB, 39.55 W
2026/09/20 18:17:37.433, 1, 0 %, 0 %, 35270 MiB, 38.73 W
2026/09/20 18:17:37.433, 2, 0 %, 0 %, 35270 MiB, 37.65 W
2026/09/20 18:17:42.435, 0, 0 %, 0 %, 35270 MiB, 39.57 W
2026/09/20 18:17:42.435, 1, 0 %, 0 %, 35270 MiB, 38.65 W
2026/09/20 18:17:42.436, 2, 0 %, 0 %, 35270 MiB, 37.66 W
2026/09/20 18:17:47.437, 0, 0 %, 0 %, 35270 MiB, 39.35 W
2026/09/20 18:17:47.438, 1, 0 %, 0 %, 35270 MiB, 38.83 W
2026/09/20 18:17:47.438, 2, 0 %, 0 %, 35270 MiB, 37.65 W
2026/09/20 18:17:52.438, 0, 0 %, 0 %, 35270 MiB, 39.28 W
2026/09/20 18:17:52.438, 1, 0 %, 0 %, 35270 MiB, 38.65 W
2026/09/20 18:17:52.439, 2, 0 %, 0 %, 35270 MiB, 37.67 W
2026/09/20 18:17:57.439, 0, 0 %, 0 %, 35270 MiB, 39.29 W
2026/09/20 18:17:57.440, 1, 0 %, 0 %, 35270 MiB, 38.75 W
2026/09/20 18:17:57.440, 2, 0 %, 0 %, 35270 MiB, 37.67 W
2026/09/20 18:18:02.441, 0, 0 %, 0 %, 35270 MiB, 39.14 W
2026/09/20 18:18:02.441, 1, 0 %, 0 %, 35270 MiB, 38.73 W
2026/09/20 18:18:02.441, 2, 0 %, 0 %, 35270 MiB, 37.44 W
2026/09/20 18:18:07.442, 0, 0 %, 0 %, 35270 MiB, 39.04 W
2026/09/20 18:18:07.443, 1, 0 %, 0 %, 35270 MiB, 38.81 W
2026/09/20 18:18:07.443, 2, 0 %, 0 %, 35270 MiB, 37.44 W
2026/09/20 18:18:12.444, 0, 0 %, 0 %, 35270 MiB, 39.39 W
2026/09/20 18:18:12.445, 1, 0 %, 0 %, 35270 MiB, 38.56 W
2026/09/20 18:18:12.445, 2, 0 %, 0 %, 35270 MiB, 37.37 W
2026/09/20 18:18:17.446, 0, 0 %, 0 %, 35270 MiB, 39.38 W
2026/09/20 18:18:17.446, 1, 0 %, 0 %, 35270 MiB, 38.56 W
2026/09/20 18:18:17.447, 2, 0 %, 0 %, 35270 MiB, 37.25 W
2026/09/20 18:18:22.447, 0, 0 %, 0 %, 35270 MiB, 39.06 W
2026/09/20 18:18:22.447, 1, 0 %, 0 %, 35270 MiB, 38.53 W
2026/09/20 18:18:22.448, 2, 0 %, 0 %, 35270 MiB, 37.35 W
2026/09/20 18:18:27.449, 0, 0 %, 0 %, 35270 MiB, 39.16 W
2026/09/20 18:18:27.449, 1, 0 %, 0 %, 35270 MiB, 38.63 W
2026/09/20 18:18:27.449, 2, 0 %, 0 %, 35270 MiB, 37.54 W
2026/09/20 18:18:32.450, 0, 0 %, 0 %, 35270 MiB, 39.25 W
2026/09/20 18:18:32.451, 1, 0 %, 0 %, 35270 MiB, 38.65 W
2026/09/20 18:18:32.451, 2, 0 %, 0 %, 35270 MiB, 37.35 W
2026/09/20 18:18:37.451, 0, 0 %, 0 %, 35270 MiB, 39.17 W
2026/09/20 18:18:37.452, 1, 0 %, 0 %, 35270 MiB, 38.67 W
2026/09/20 18:18:37.452, 2, 0 %, 0 %, 35270 MiB, 37.46 W
2026/09/20 18:18:42.453, 0, 0 %, 0 %, 35270 MiB, 39.08 W
2026/09/20 18:18:42.453, 1, 0 %, 0 %, 35270 MiB, 38.75 W
2026/09/20 18:18:42.453, 2, 0 %, 0 %, 35270 MiB, 37.56 W
2026/09/20 18:18:47.455, 0, 0 %, 0 %, 35270 MiB, 38.75 W
2026/09/20 18:18:47.456, 1, 0 %, 0 %, 35270 MiB, 38.53 W
2026/09/20 18:18:47.456, 2, 0 %, 0 %, 35270 MiB, 37.64 W
2026/09/20 18:18:52.457, 0, 0 %, 0 %, 35270 MiB, 39.21 W
2026/09/20 18:18:52.457, 1, 0 %, 0 %, 35270 MiB, 38.39 W
2026/09/20 18:18:52.457, 2, 0 %, 0 %, 35270 MiB, 37.49 W
2026/09/20 18:18:57.459, 0, 0 %, 0 %, 35270 MiB, 39.09 W
2026/09/20 18:18:57.459, 1, 0 %, 0 %, 35270 MiB, 38.36 W
2026/09/20 18:18:57.459, 2, 0 %, 0 %, 35270 MiB, 37.47 W
2026/09/20 18:19:02.460, 0, 0 %, 0 %, 35270 MiB, 38.98 W
2026/09/20 18:19:02.461, 1, 0 %, 0 %, 35270 MiB, 38.56 W
2026/09/20 18:19:02.461, 2, 0 %, 0 %, 35270 MiB, 37.37 W
2026/09/20 18:19:07.461, 0, 0 %, 0 %, 35270 MiB, 39.07 W
2026/09/20 18:19:07.461, 1, 0 %, 0 %, 35270 MiB, 38.46 W
2026/09/20 18:19:07.462, 2, 0 %, 0 %, 35270 MiB, 37.35 W
2026/09/20 18:19:12.463, 0, 0 %, 0 %, 35270 MiB, 38.94 W
2026/09/20 18:19:12.463, 1, 0 %, 0 %, 35270 MiB, 38.42 W
2026/09/20 18:19:12.463, 2, 0 %, 0 %, 35270 MiB, 37.21 W
2026/09/20 18:19:17.465, 0, 0 %, 0 %, 35270 MiB, 38.95 W
2026/09/20 18:19:17.465, 1, 0 %, 0 %, 35270 MiB, 38.63 W
2026/09/20 18:19:17.465, 2, 0 %, 0 %, 35270 MiB, 37.23 W
2026/09/20 18:19:22.467, 0, 0 %, 0 %, 35270 MiB, 39.45 W
2026/09/20 18:19:22.468, 1, 0 %, 0 %, 35270 MiB, 38.53 W
2026/09/20 18:19:22.468, 2, 0 %, 0 %, 35270 MiB, 37.24 W
2026/09/20 18:19:27.469, 0, 0 %, 0 %, 35270 MiB, 39.16 W
2026/09/20 18:19:27.469, 1, 0 %, 0 %, 35270 MiB, 38.53 W
2026/09/20 18:19:27.470, 2, 0 %, 0 %, 35270 MiB, 37.35 W
2026/09/20 18:19:32.478, 0, 0 %, 0 %, 35270 MiB, 39.04 W
2026/09/20 18:19:32.478, 1, 0 %, 0 %, 35270 MiB, 38.53 W
2026/09/20 18:19:32.478, 2, 0 %, 0 %, 35270 MiB, 37.34 W
2026/09/20 18:19:37.480, 0, 0 %, 0 %, 35270 MiB, 39.06 W
2026/09/20 18:19:37.481, 1, 0 %, 0 %, 35270 MiB, 38.63 W
2026/09/20 18:19:37.481, 2, 0 %, 0 %, 35270 MiB, 37.35 W
2026/09/20 18:19:42.482, 0, 0 %, 0 %, 35270 MiB, 39.06 W
2026/09/20 18:19:42.483, 1, 0 %, 0 %, 35270 MiB, 38.63 W
2026/09/20 18:19:42.483, 2, 0 %, 0 %, 35270 MiB, 37.56 W
2026/09/20 18:19:47.484, 0, 0 %, 0 %, 35270 MiB, 39.17 W
2026/09/20 18:19:47.484, 1, 0 %, 0 %, 35270 MiB, 38.55 W
2026/09/20 18:19:47.485, 2, 0 %, 0 %, 35270 MiB, 37.47 W
2026/09/20 18:19:52.486, 0, 0 %, 0 %, 35270 MiB, 39.19 W
2026/09/20 18:19:52.486, 1, 0 %, 0 %, 35270 MiB, 38.47 W
2026/09/20 18:19:52.486, 2, 0 %, 0 %, 35270 MiB, 37.37 W
2026/09/20 18:19:57.488, 0, 0 %, 0 %, 35270 MiB, 39.18 W
2026/09/20 18:19:57.488, 1, 0 %, 0 %, 35270 MiB, 38.46 W
2026/09/20 18:19:57.488, 2, 0 %, 0 %, 35270 MiB, 37.46 W
2026/09/20 18:20:02.490, 0, 0 %, 0 %, 35270 MiB, 39.05 W
2026/09/20 18:20:02.490, 1, 0 %, 0 %, 35270 MiB, 38.42 W
2026/09/20 18:20:02.490, 2, 0 %, 0 %, 35270 MiB, 37.54 W
2026/09/20 18:20:07.492, 0, 0 %, 0 %, 35270 MiB, 38.96 W
2026/09/20 18:20:07.492, 1, 0 %, 0 %, 35270 MiB, 38.42 W
2026/09/20 18:20:07.493, 2, 0 %, 0 %, 35270 MiB, 37.44 W
2026/09/20 18:20:12.494, 0, 0 %, 0 %, 35270 MiB, 38.99 W
2026/09/20 18:20:12.494, 1, 0 %, 0 %, 35270 MiB, 38.56 W
2026/09/20 18:20:12.494, 2, 0 %, 0 %, 35270 MiB, 37.37 W
2026/09/20 18:20:17.496, 0, 0 %, 0 %, 35270 MiB, 38.79 W
2026/09/20 18:20:17.496, 1, 0 %, 0 %, 35270 MiB, 38.39 W
2026/09/20 18:20:17.496, 2, 0 %, 0 %, 35270 MiB, 37.18 W
2026/09/20 18:20:22.498, 0, 0 %, 0 %, 35270 MiB, 39.08 W
2026/09/20 18:20:22.498, 1, 0 %, 0 %, 35270 MiB, 38.27 W
2026/09/20 18:20:22.498, 2, 0 %, 0 %, 35270 MiB, 37.26 W
2026/09/20 18:20:27.500, 0, 0 %, 0 %, 35270 MiB, 38.99 W
2026/09/20 18:20:27.500, 1, 0 %, 0 %, 35270 MiB, 38.36 W
2026/09/20 18:20:27.501, 2, 0 %, 0 %, 35270 MiB, 37.26 W
2026/09/20 18:20:32.501, 0, 0 %, 0 %, 35270 MiB, 38.91 W
2026/09/20 18:20:32.502, 1, 0 %, 0 %, 35270 MiB, 38.49 W
2026/09/20 18:20:32.502, 2, 0 %, 0 %, 35270 MiB, 37.18 W
2026/09/20 18:20:37.503, 0, 0 %, 0 %, 35270 MiB, 38.90 W
2026/09/20 18:20:37.503, 1, 0 %, 0 %, 35270 MiB, 38.39 W
2026/09/20 18:20:37.503, 2, 0 %, 0 %, 35270 MiB, 37.28 W
2026/09/20 18:20:42.504, 0, 0 %, 0 %, 35270 MiB, 38.81 W
2026/09/20 18:20:42.504, 1, 0 %, 0 %, 35270 MiB, 38.59 W
2026/09/20 18:20:42.504, 2, 0 %, 0 %, 35270 MiB, 37.28 W
2026/09/20 18:20:47.504, 0, 0 %, 0 %, 35270 MiB, 39.00 W
2026/09/20 18:20:47.505, 1, 0 %, 0 %, 35270 MiB, 38.78 W
2026/09/20 18:20:47.505, 2, 0 %, 0 %, 35270 MiB, 37.39 W
2026/09/20 18:20:52.505, 0, 0 %, 0 %, 35270 MiB, 39.08 W
2026/09/20 18:20:52.506, 1, 0 %, 0 %, 35270 MiB, 38.56 W
2026/09/20 18:20:52.506, 2, 0 %, 0 %, 35270 MiB, 37.37 W
2026/09/20 18:20:57.506, 0, 0 %, 0 %, 35270 MiB, 38.80 W
2026/09/20 18:20:57.507, 1, 0 %, 0 %, 35270 MiB, 38.49 W
2026/09/20 18:20:57.507, 2, 0 %, 0 %, 35270 MiB, 37.58 W
2026/09/20 18:21:02.508, 0, 0 %, 0 %, 35270 MiB, 38.89 W
2026/09/20 18:21:02.508, 1, 0 %, 0 %, 35270 MiB, 39.15 W
2026/09/20 18:21:02.508, 2, 0 %, 0 %, 35270 MiB, 37.48 W
2026/09/20 18:21:07.508, 0, 0 %, 0 %, 35270 MiB, 38.87 W
2026/09/20 18:21:07.508, 1, 0 %, 0 %, 35270 MiB, 38.65 W
2026/09/20 18:21:07.508, 2, 0 %, 0 %, 35270 MiB, 37.46 W
2026/09/20 18:21:12.509, 0, 0 %, 0 %, 35270 MiB, 38.71 W
2026/09/20 18:21:12.510, 1, 0 %, 0 %, 35270 MiB, 38.49 W
2026/09/20 18:21:12.510, 2, 0 %, 0 %, 35270 MiB, 37.49 W
2026/09/20 18:21:17.510, 0, 0 %, 0 %, 35270 MiB, 38.71 W
2026/09/20 18:21:17.511, 1, 0 %, 0 %, 35270 MiB, 38.49 W
2026/09/20 18:21:17.511, 2, 0 %, 0 %, 35270 MiB, 37.59 W
2026/09/20 18:21:22.511, 0, 0 %, 0 %, 35270 MiB, 39.07 W
2026/09/20 18:21:22.512, 1, 0 %, 0 %, 35270 MiB, 38.74 W
2026/09/20 18:21:22.512, 2, 0 %, 0 %, 35270 MiB, 37.36 W
2026/09/20 18:21:27.512, 0, 0 %, 0 %, 35270 MiB, 38.71 W
2026/09/20 18:21:27.513, 1, 0 %, 0 %, 35270 MiB, 38.49 W
2026/09/20 18:21:27.513, 2, 0 %, 0 %, 35270 MiB, 37.28 W
2026/09/20 18:21:32.513, 0, 0 %, 0 %, 35270 MiB, 38.79 W
2026/09/20 18:21:32.514, 1, 0 %, 0 %, 35270 MiB, 38.58 W
2026/09/20 18:21:32.514, 2, 0 %, 0 %, 35270 MiB, 37.39 W
2026/09/20 18:21:37.514, 0, 0 %, 0 %, 35270 MiB, 39.25 W
2026/09/20 18:21:37.515, 1, 0 %, 0 %, 35270 MiB, 38.63 W
2026/09/20 18:21:37.515, 2, 0 %, 0 %, 35270 MiB, 37.44 W
2026/09/20 18:21:42.515, 0, 0 %, 0 %, 35270 MiB, 39.14 W
2026/09/20 18:21:42.516, 1, 0 %, 0 %, 35270 MiB, 38.73 W
2026/09/20 18:21:42.516, 2, 0 %, 0 %, 35270 MiB, 37.34 W
2026/09/20 18:21:47.516, 0, 0 %, 0 %, 35270 MiB, 38.76 W
2026/09/20 18:21:47.516, 1, 0 %, 0 %, 35270 MiB, 38.64 W
2026/09/20 18:21:47.517, 2, 0 %, 0 %, 35270 MiB, 37.46 W
2026/09/20 18:21:52.518, 0, 0 %, 0 %, 35270 MiB, 38.64 W
2026/09/20 18:21:52.519, 1, 0 %, 0 %, 35270 MiB, 38.62 W
2026/09/20 18:21:52.519, 2, 0 %, 0 %, 35270 MiB, 37.34 W
2026/09/20 18:21:57.519, 0, 0 %, 0 %, 35270 MiB, 39.15 W
2026/09/20 18:21:57.520, 1, 0 %, 0 %, 35270 MiB, 38.82 W
2026/09/20 18:21:57.520, 2, 0 %, 0 %, 35270 MiB, 37.34 W
2026/09/20 18:22:02.521, 0, 0 %, 0 %, 35270 MiB, 38.65 W
2026/09/20 18:22:02.522, 1, 0 %, 0 %, 35270 MiB, 38.44 W
2026/09/20 18:22:02.522, 2, 0 %, 0 %, 35270 MiB, 37.25 W
2026/09/20 18:22:07.522, 0, 0 %, 0 %, 35270 MiB, 38.99 W
2026/09/20 18:22:07.523, 1, 0 %, 0 %, 35270 MiB, 38.26 W
2026/09/20 18:22:07.523, 2, 0 %, 0 %, 35270 MiB, 37.26 W
2026/09/20 18:22:12.524, 0, 0 %, 0 %, 35270 MiB, 38.96 W
2026/09/20 18:22:12.524, 1, 0 %, 0 %, 35270 MiB, 38.23 W
2026/09/20 18:22:12.524, 2, 0 %, 0 %, 35270 MiB, 37.44 W
2026/09/20 18:22:17.526, 0, 0 %, 0 %, 35270 MiB, 38.96 W
2026/09/20 18:22:17.526, 1, 0 %, 0 %, 35270 MiB, 38.34 W
2026/09/20 18:22:17.526, 2, 0 %, 0 %, 35270 MiB, 37.24 W
2026/09/20 18:22:22.528, 0, 0 %, 0 %, 35270 MiB, 38.71 W
2026/09/20 18:22:22.529, 1, 0 %, 0 %, 35270 MiB, 38.28 W
2026/09/20 18:22:22.529, 2, 0 %, 0 %, 35270 MiB, 37.28 W
2026/09/20 18:22:27.530, 0, 0 %, 0 %, 35270 MiB, 38.69 W
2026/09/20 18:22:27.530, 1, 0 %, 0 %, 35270 MiB, 38.17 W
2026/09/20 18:22:27.531, 2, 0 %, 0 %, 35270 MiB, 37.28 W
2026/09/20 18:22:32.532, 0, 0 %, 0 %, 35270 MiB, 38.96 W
2026/09/20 18:22:32.533, 1, 0 %, 0 %, 35270 MiB, 38.13 W
2026/09/20 18:22:32.533, 2, 0 %, 0 %, 35270 MiB, 37.24 W
2026/09/20 18:22:37.533, 0, 0 %, 0 %, 35270 MiB, 38.76 W
2026/09/20 18:22:37.534, 1, 0 %, 0 %, 35270 MiB, 38.14 W
2026/09/20 18:22:37.534, 2, 0 %, 0 %, 35270 MiB, 37.04 W
2026/09/20 18:22:42.535, 0, 0 %, 0 %, 35270 MiB, 38.75 W
2026/09/20 18:22:42.535, 1, 0 %, 0 %, 35270 MiB, 38.13 W
2026/09/20 18:22:42.535, 2, 0 %, 0 %, 35270 MiB, 37.14 W
2026/09/20 18:22:47.536, 0, 0 %, 0 %, 35270 MiB, 38.69 W
2026/09/20 18:22:47.536, 1, 0 %, 0 %, 35270 MiB, 38.17 W
2026/09/20 18:22:47.537, 2, 0 %, 0 %, 35270 MiB, 37.08 W
2026/09/20 18:22:52.538, 0, 0 %, 0 %, 35270 MiB, 38.76 W
2026/09/20 18:22:52.538, 1, 0 %, 0 %, 35270 MiB, 38.25 W
2026/09/20 18:22:52.539, 2, 0 %, 0 %, 35270 MiB, 37.15 W
2026/09/20 18:22:57.540, 0, 0 %, 0 %, 35270 MiB, 38.76 W
2026/09/20 18:22:57.540, 1, 0 %, 0 %, 35270 MiB, 38.24 W
2026/09/20 18:22:57.540, 2, 0 %, 0 %, 35270 MiB, 37.06 W
2026/09/20 18:23:02.541, 0, 0 %, 0 %, 35270 MiB, 38.76 W
2026/09/20 18:23:02.542, 1, 0 %, 0 %, 35270 MiB, 38.35 W
2026/09/20 18:23:02.542, 2, 0 %, 0 %, 35270 MiB, 37.06 W
2026/09/20 18:23:07.542, 0, 0 %, 0 %, 35270 MiB, 39.01 W
2026/09/20 18:23:07.543, 1, 0 %, 0 %, 35270 MiB, 38.39 W
2026/09/20 18:23:07.543, 2, 0 %, 0 %, 35270 MiB, 37.07 W
2026/09/20 18:23:12.549, 0, 0 %, 0 %, 35270 MiB, 38.80 W
2026/09/20 18:23:12.550, 1, 0 %, 0 %, 35270 MiB, 38.18 W
2026/09/20 18:23:12.550, 2, 0 %, 0 %, 35270 MiB, 37.28 W
2026/09/20 18:23:17.552, 0, 0 %, 0 %, 35270 MiB, 38.88 W
2026/09/20 18:23:17.552, 1, 0 %, 0 %, 35270 MiB, 38.15 W
2026/09/20 18:23:17.552, 2, 0 %, 0 %, 35270 MiB, 37.16 W
2026/09/20 18:23:22.552, 0, 0 %, 0 %, 35270 MiB, 38.97 W
2026/09/20 18:23:22.553, 1, 0 %, 0 %, 35270 MiB, 38.24 W
2026/09/20 18:23:22.553, 2, 0 %, 0 %, 35270 MiB, 37.35 W
2026/09/20 18:23:27.554, 0, 0 %, 0 %, 35270 MiB, 38.98 W
2026/09/20 18:23:27.555, 1, 0 %, 0 %, 35270 MiB, 38.36 W
2026/09/20 18:23:27.555, 2, 0 %, 0 %, 35270 MiB, 37.26 W
2026/09/20 18:23:32.556, 0, 0 %, 0 %, 35270 MiB, 38.81 W
2026/09/20 18:23:32.556, 1, 0 %, 0 %, 35270 MiB, 38.39 W
2026/09/20 18:23:32.556, 2, 0 %, 0 %, 35270 MiB, 37.29 W
2026/09/20 18:23:37.557, 0, 0 %, 0 %, 35270 MiB, 38.80 W
2026/09/20 18:23:37.558, 1, 0 %, 0 %, 35270 MiB, 38.39 W
2026/09/20 18:23:37.558, 2, 0 %, 0 %, 35270 MiB, 37.18 W
2026/09/20 18:23:42.558, 0, 0 %, 0 %, 35270 MiB, 38.89 W
2026/09/20 18:23:42.558, 1, 0 %, 0 %, 35270 MiB, 38.36 W
2026/09/20 18:23:42.559, 2, 0 %, 0 %, 35270 MiB, 37.16 W
2026/09/20 18:23:47.560, 0, 0 %, 0 %, 35270 MiB, 38.87 W
2026/09/20 18:23:47.560, 1, 0 %, 0 %, 35270 MiB, 38.35 W
2026/09/20 18:23:47.560, 2, 0 %, 0 %, 35270 MiB, 37.16 W
2026/09/20 18:23:52.561, 0, 0 %, 0 %, 35270 MiB, 39.00 W
2026/09/20 18:23:52.562, 1, 0 %, 0 %, 35270 MiB, 38.38 W
2026/09/20 18:23:52.562, 2, 0 %, 0 %, 35270 MiB, 37.18 W
2026/09/20 18:23:57.562, 0, 0 %, 0 %, 35270 MiB, 38.91 W
2026/09/20 18:23:57.563, 1, 0 %, 0 %, 35270 MiB, 38.39 W
2026/09/20 18:23:57.563, 2, 0 %, 0 %, 35270 MiB, 37.18 W
2026/09/20 18:24:02.563, 0, 0 %, 0 %, 35270 MiB, 39.18 W
2026/09/20 18:24:02.564, 1, 0 %, 0 %, 35270 MiB, 38.56 W
2026/09/20 18:24:02.564, 2, 0 %, 0 %, 35270 MiB, 37.28 W
2026/09/20 18:24:07.565, 0, 0 %, 0 %, 35270 MiB, 38.97 W
2026/09/20 18:24:07.565, 1, 0 %, 0 %, 35270 MiB, 38.54 W
2026/09/20 18:24:07.565, 2, 0 %, 0 %, 35270 MiB, 37.36 W
2026/09/20 18:24:12.566, 0, 0 %, 0 %, 35270 MiB, 39.02 W
2026/09/20 18:24:12.567, 1, 0 %, 0 %, 35270 MiB, 38.49 W
2026/09/20 18:24:12.567, 2, 0 %, 0 %, 35270 MiB, 37.18 W
2026/09/20 18:24:17.568, 0, 0 %, 0 %, 35270 MiB, 38.91 W
2026/09/20 18:24:17.568, 1, 0 %, 0 %, 35270 MiB, 38.58 W
2026/09/20 18:24:17.569, 2, 0 %, 0 %, 35270 MiB, 37.18 W
2026/09/20 18:24:22.570, 0, 0 %, 0 %, 35270 MiB, 39.07 W
2026/09/20 18:24:22.570, 1, 0 %, 0 %, 35270 MiB, 38.36 W
2026/09/20 18:24:22.570, 2, 0 %, 0 %, 35270 MiB, 37.25 W
2026/09/20 18:24:27.570, 0, 0 %, 0 %, 35270 MiB, 39.56 W
2026/09/20 18:24:27.571, 1, 0 %, 0 %, 35270 MiB, 38.84 W
2026/09/20 18:24:27.571, 2, 0 %, 0 %, 35270 MiB, 37.46 W
2026/09/20 18:24:32.571, 0, 0 %, 0 %, 35270 MiB, 38.87 W
2026/09/20 18:24:32.572, 1, 0 %, 0 %, 35270 MiB, 38.25 W
2026/09/20 18:24:32.572, 2, 0 %, 0 %, 35270 MiB, 37.15 W
2026/09/20 18:24:37.573, 0, 0 %, 0 %, 35270 MiB, 38.76 W
2026/09/20 18:24:37.574, 1, 0 %, 0 %, 35270 MiB, 38.36 W
2026/09/20 18:24:37.574, 2, 0 %, 0 %, 35270 MiB, 37.26 W
2026/09/20 18:24:42.574, 0, 0 %, 0 %, 35270 MiB, 38.77 W
2026/09/20 18:24:42.574, 1, 0 %, 0 %, 35270 MiB, 38.36 W
2026/09/20 18:24:42.574, 2, 0 %, 0 %, 35270 MiB, 36.96 W
2026/09/20 18:24:47.576, 0, 0 %, 0 %, 35270 MiB, 38.79 W
2026/09/20 18:24:47.576, 1, 0 %, 0 %, 35270 MiB, 38.27 W
2026/09/20 18:24:47.577, 2, 0 %, 0 %, 35270 MiB, 37.18 W
2026/09/20 18:24:52.577, 0, 0 %, 0 %, 35270 MiB, 38.78 W
2026/09/20 18:24:52.578, 1, 0 %, 0 %, 35270 MiB, 38.25 W
2026/09/20 18:24:52.578, 2, 0 %, 0 %, 35270 MiB, 37.06 W
2026/09/20 18:24:57.579, 0, 0 %, 0 %, 35270 MiB, 38.99 W
2026/09/20 18:24:57.579, 1, 0 %, 0 %, 35270 MiB, 38.25 W
2026/09/20 18:24:57.580, 2, 0 %, 0 %, 35270 MiB, 37.06 W
2026/09/20 18:25:02.580, 0, 0 %, 0 %, 35270 MiB, 38.77 W
2026/09/20 18:25:02.581, 1, 0 %, 0 %, 35270 MiB, 38.34 W
2026/09/20 18:25:02.581, 2, 0 %, 0 %, 35270 MiB, 37.27 W
2026/09/20 18:25:07.581, 0, 0 %, 0 %, 35270 MiB, 38.71 W
2026/09/20 18:25:07.582, 1, 0 %, 0 %, 35270 MiB, 38.28 W
2026/09/20 18:25:07.582, 2, 0 %, 0 %, 35270 MiB, 37.09 W
2026/09/20 18:25:12.587, 0, 0 %, 0 %, 35270 MiB, 38.89 W
2026/09/20 18:25:12.588, 1, 0 %, 0 %, 35270 MiB, 38.45 W
2026/09/20 18:25:12.588, 2, 0 %, 0 %, 35270 MiB, 37.06 W
2026/09/20 18:25:17.589, 0, 0 %, 0 %, 35270 MiB, 38.86 W
2026/09/20 18:25:17.590, 1, 0 %, 0 %, 35270 MiB, 38.34 W
2026/09/20 18:25:17.590, 2, 0 %, 0 %, 35270 MiB, 37.06 W
2026/09/20 18:25:22.590, 0, 0 %, 0 %, 35270 MiB, 38.80 W
2026/09/20 18:25:22.591, 1, 0 %, 0 %, 35270 MiB, 38.27 W
2026/09/20 18:25:22.591, 2, 0 %, 0 %, 35270 MiB, 37.07 W
2026/09/20 18:25:27.592, 0, 0 %, 0 %, 35270 MiB, 38.68 W
2026/09/20 18:25:27.592, 1, 0 %, 0 %, 35270 MiB, 38.06 W
2026/09/20 18:25:27.592, 2, 0 %, 0 %, 35270 MiB, 36.96 W
2026/09/20 18:25:32.592, 0, 0 %, 0 %, 35270 MiB, 38.71 W
2026/09/20 18:25:32.592, 1, 0 %, 0 %, 35270 MiB, 38.18 W
2026/09/20 18:25:32.592, 2, 0 %, 0 %, 35270 MiB, 36.99 W
2026/09/20 18:25:37.593, 0, 0 %, 0 %, 35270 MiB, 38.90 W
2026/09/20 18:25:37.594, 1, 0 %, 0 %, 35270 MiB, 38.06 W
2026/09/20 18:25:37.594, 2, 0 %, 0 %, 35270 MiB, 37.06 W
2026/09/20 18:25:42.594, 0, 0 %, 0 %, 35270 MiB, 38.57 W
2026/09/20 18:25:42.595, 1, 0 %, 0 %, 35270 MiB, 38.15 W
2026/09/20 18:25:42.595, 2, 0 %, 0 %, 35270 MiB, 37.16 W
2026/09/20 18:25:47.595, 0, 0 %, 0 %, 35270 MiB, 38.61 W
2026/09/20 18:25:47.596, 1, 0 %, 0 %, 35270 MiB, 38.38 W
2026/09/20 18:25:47.596, 2, 0 %, 0 %, 35270 MiB, 36.98 W
2026/09/20 18:25:52.597, 0, 0 %, 0 %, 35270 MiB, 38.78 W
2026/09/20 18:25:52.598, 1, 0 %, 0 %, 35270 MiB, 38.06 W
2026/09/20 18:25:52.598, 2, 0 %, 0 %, 35270 MiB, 36.87 W
2026/09/20 18:25:57.599, 0, 0 %, 0 %, 35270 MiB, 38.58 W
2026/09/20 18:25:57.600, 1, 0 %, 0 %, 35270 MiB, 38.06 W
2026/09/20 18:25:57.600, 2, 0 %, 0 %, 35270 MiB, 36.96 W
2026/09/20 18:26:02.600, 0, 0 %, 0 %, 35270 MiB, 38.52 W
2026/09/20 18:26:02.601, 1, 0 %, 0 %, 35270 MiB, 38.08 W
2026/09/20 18:26:02.601, 2, 0 %, 0 %, 35270 MiB, 36.89 W
2026/09/20 18:26:07.603, 0, 0 %, 0 %, 35270 MiB, 38.59 W
2026/09/20 18:26:07.603, 1, 0 %, 0 %, 35270 MiB, 38.15 W
2026/09/20 18:26:07.604, 2, 0 %, 0 %, 35270 MiB, 36.87 W
2026/09/20 18:26:12.604, 0, 0 %, 0 %, 35270 MiB, 38.71 W
2026/09/20 18:26:12.605, 1, 0 %, 0 %, 35270 MiB, 38.16 W
2026/09/20 18:26:12.605, 2, 0 %, 0 %, 35270 MiB, 36.87 W
2026/09/20 18:26:17.605, 0, 0 %, 0 %, 35270 MiB, 38.88 W
2026/09/20 18:26:17.606, 1, 0 %, 0 %, 35270 MiB, 38.25 W
2026/09/20 18:26:17.606, 2, 0 %, 0 %, 35270 MiB, 37.09 W
2026/09/20 18:26:22.606, 0, 0 %, 0 %, 35270 MiB, 38.58 W
2026/09/20 18:26:22.606, 1, 0 %, 0 %, 35270 MiB, 38.46 W
2026/09/20 18:26:22.606, 2, 0 %, 0 %, 35270 MiB, 36.96 W
2026/09/20 18:26:27.608, 0, 0 %, 0 %, 35270 MiB, 38.64 W
2026/09/20 18:26:27.608, 1, 0 %, 0 %, 35270 MiB, 38.23 W
2026/09/20 18:26:27.608, 2, 0 %, 0 %, 35270 MiB, 36.84 W
2026/09/20 18:26:32.610, 0, 10 %, 0 %, 35270 MiB, 45.71 W
2026/09/20 18:26:32.610, 1, 0 %, 0 %, 35270 MiB, 37.94 W
2026/09/20 18:26:32.610, 2, 0 %, 0 %, 35270 MiB, 36.96 W
2026/09/20 18:26:37.612, 0, 0 %, 0 %, 35270 MiB, 38.79 W
2026/09/20 18:26:37.613, 1, 0 %, 0 %, 35270 MiB, 38.03 W
2026/09/20 18:26:37.613, 2, 0 %, 0 %, 35270 MiB, 37.06 W
2026/09/20 18:26:42.613, 0, 0 %, 0 %, 35270 MiB, 38.78 W
2026/09/20 18:26:42.614, 1, 0 %, 0 %, 35270 MiB, 38.06 W
2026/09/20 18:26:42.614, 2, 0 %, 0 %, 35270 MiB, 37.06 W
2026/09/20 18:26:47.615, 0, 0 %, 0 %, 35270 MiB, 38.77 W
2026/09/20 18:26:47.615, 1, 0 %, 0 %, 35270 MiB, 38.06 W
2026/09/20 18:26:47.616, 2, 19 %, 1 %, 35270 MiB, 37.16 W
2026/09/20 18:26:52.617, 0, 0 %, 0 %, 35270 MiB, 38.57 W
2026/09/20 18:26:52.617, 1, 0 %, 0 %, 35270 MiB, 38.03 W
2026/09/20 18:26:52.618, 2, 0 %, 0 %, 35270 MiB, 37.14 W
2026/09/20 18:26:57.619, 0, 0 %, 0 %, 35270 MiB, 39.83 W
2026/09/20 18:26:57.620, 1, 0 %, 0 %, 35270 MiB, 38.34 W
2026/09/20 18:26:57.620, 2, 0 %, 0 %, 35270 MiB, 36.94 W
2026/09/20 18:27:02.621, 0, 0 %, 0 %, 35270 MiB, 38.56 W
2026/09/20 18:27:02.621, 1, 0 %, 0 %, 35270 MiB, 38.03 W
2026/09/20 18:27:02.621, 2, 0 %, 0 %, 35270 MiB, 36.84 W
2026/09/20 18:27:07.622, 0, 0 %, 0 %, 35270 MiB, 38.71 W
2026/09/20 18:27:07.623, 1, 0 %, 0 %, 35270 MiB, 38.18 W
2026/09/20 18:27:07.623, 2, 0 %, 0 %, 35270 MiB, 36.89 W
2026/09/20 18:27:12.623, 0, 0 %, 0 %, 35270 MiB, 38.69 W
2026/09/20 18:27:12.624, 1, 0 %, 0 %, 35270 MiB, 38.25 W
2026/09/20 18:27:12.624, 2, 14 %, 1 %, 35270 MiB, 46.01 W
2026/09/20 18:27:17.629, 0, 0 %, 0 %, 35270 MiB, 38.65 W
2026/09/20 18:27:17.629, 1, 0 %, 0 %, 35270 MiB, 38.34 W
2026/09/20 18:27:17.630, 2, 0 %, 0 %, 35270 MiB, 37.04 W
2026/09/20 18:27:22.631, 0, 18 %, 1 %, 35270 MiB, 38.94 W
2026/09/20 18:27:22.631, 1, 0 %, 0 %, 35270 MiB, 38.22 W
2026/09/20 18:27:22.631, 2, 0 %, 0 %, 35270 MiB, 37.03 W
2026/09/20 18:27:27.633, 0, 0 %, 0 %, 35270 MiB, 38.75 W
2026/09/20 18:27:27.633, 1, 0 %, 0 %, 35270 MiB, 38.23 W
2026/09/20 18:27:27.634, 2, 0 %, 0 %, 35270 MiB, 37.04 W
2026/09/20 18:27:32.635, 0, 0 %, 0 %, 35270 MiB, 38.65 W
2026/09/20 18:27:32.636, 1, 0 %, 0 %, 35270 MiB, 38.44 W
2026/09/20 18:27:32.636, 2, 0 %, 0 %, 35270 MiB, 37.14 W
2026/09/20 18:27:37.637, 0, 0 %, 0 %, 35270 MiB, 38.76 W
2026/09/20 18:27:37.638, 1, 0 %, 0 %, 35270 MiB, 38.33 W
2026/09/20 18:27:37.638, 2, 0 %, 0 %, 35270 MiB, 41.22 W
2026/09/20 18:27:42.639, 0, 0 %, 0 %, 35270 MiB, 38.85 W
2026/09/20 18:27:42.639, 1, 0 %, 0 %, 35270 MiB, 38.22 W
2026/09/20 18:27:42.640, 2, 0 %, 0 %, 35270 MiB, 37.03 W
2026/09/20 18:27:47.641, 0, 0 %, 0 %, 35270 MiB, 38.86 W
2026/09/20 18:27:47.641, 1, 0 %, 0 %, 35270 MiB, 38.13 W
2026/09/20 18:27:47.641, 2, 18 %, 1 %, 35270 MiB, 37.14 W
2026/09/20 18:27:52.642, 0, 0 %, 0 %, 35270 MiB, 38.97 W
2026/09/20 18:27:52.642, 1, 20 %, 1 %, 35270 MiB, 45.35 W
2026/09/20 18:27:52.643, 2, 0 %, 0 %, 35270 MiB, 37.15 W
2026/09/20 18:27:57.643, 0, 0 %, 0 %, 35270 MiB, 38.87 W
2026/09/20 18:27:57.644, 1, 0 %, 0 %, 35270 MiB, 38.25 W
2026/09/20 18:27:57.644, 2, 0 %, 0 %, 35270 MiB, 37.15 W
2026/09/20 18:28:02.645, 0, 5 %, 0 %, 35270 MiB, 38.75 W
2026/09/20 18:28:02.645, 1, 0 %, 0 %, 35270 MiB, 38.23 W
2026/09/20 18:28:02.645, 2, 0 %, 0 %, 35270 MiB, 37.14 W
2026/09/20 18:28:07.647, 0, 0 %, 0 %, 35270 MiB, 38.66 W
2026/09/20 18:28:07.648, 1, 0 %, 0 %, 35270 MiB, 38.23 W
2026/09/20 18:28:07.648, 2, 0 %, 0 %, 35270 MiB, 36.96 W
2026/09/20 18:28:12.649, 0, 0 %, 0 %, 35270 MiB, 38.66 W
2026/09/20 18:28:12.649, 1, 0 %, 0 %, 35270 MiB, 38.15 W
2026/09/20 18:28:12.650, 2, 0 %, 0 %, 35270 MiB, 36.96 W
2026/09/20 18:28:17.651, 0, 0 %, 0 %, 35270 MiB, 38.75 W
2026/09/20 18:28:17.651, 1, 0 %, 0 %, 35270 MiB, 38.24 W
2026/09/20 18:28:17.651, 2, 0 %, 0 %, 35270 MiB, 36.84 W
2026/09/20 18:28:22.653, 0, 0 %, 0 %, 35270 MiB, 38.56 W
2026/09/20 18:28:22.654, 1, 0 %, 0 %, 35270 MiB, 38.34 W
2026/09/20 18:28:22.654, 2, 0 %, 0 %, 35270 MiB, 36.94 W
2026/09/20 18:28:27.655, 0, 0 %, 0 %, 35270 MiB, 38.65 W
2026/09/20 18:28:27.656, 1, 0 %, 0 %, 35270 MiB, 38.13 W
2026/09/20 18:28:27.656, 2, 0 %, 0 %, 35270 MiB, 37.06 W
2026/09/20 18:28:32.657, 0, 0 %, 0 %, 35270 MiB, 38.97 W
2026/09/20 18:28:32.658, 1, 0 %, 0 %, 35270 MiB, 38.13 W
2026/09/20 18:28:32.658, 2, 0 %, 0 %, 35270 MiB, 36.94 W
2026/09/20 18:28:37.659, 0, 0 %, 0 %, 35270 MiB, 38.75 W
2026/09/20 18:28:37.659, 1, 0 %, 0 %, 35270 MiB, 38.23 W
2026/09/20 18:28:37.659, 2, 0 %, 0 %, 35270 MiB, 36.93 W
2026/09/20 18:28:42.661, 0, 0 %, 0 %, 35270 MiB, 38.75 W
2026/09/20 18:28:42.661, 1, 0 %, 0 %, 35270 MiB, 38.34 W
2026/09/20 18:28:42.662, 2, 0 %, 0 %, 35270 MiB, 37.04 W
2026/09/20 18:28:47.663, 0, 0 %, 0 %, 35270 MiB, 38.76 W
2026/09/20 18:28:47.664, 1, 0 %, 0 %, 35270 MiB, 38.05 W
2026/09/20 18:28:47.664, 2, 0 %, 0 %, 35270 MiB, 37.15 W
2026/09/20 18:28:52.665, 0, 0 %, 0 %, 35270 MiB, 38.87 W
2026/09/20 18:28:52.666, 1, 0 %, 0 %, 35270 MiB, 38.03 W
2026/09/20 18:28:52.666, 2, 0 %, 0 %, 35270 MiB, 37.06 W
2026/09/20 18:28:57.667, 0, 0 %, 0 %, 35270 MiB, 38.74 W
2026/09/20 18:28:57.668, 1, 22 %, 1 %, 35270 MiB, 39.02 W
2026/09/20 18:28:57.668, 2, 0 %, 0 %, 35270 MiB, 37.03 W
2026/09/20 18:29:02.669, 0, 0 %, 0 %, 35270 MiB, 38.56 W
2026/09/20 18:29:02.670, 1, 0 %, 0 %, 35270 MiB, 38.23 W
2026/09/20 18:29:02.670, 2, 0 %, 0 %, 35270 MiB, 37.04 W
2026/09/20 18:29:07.670, 0, 0 %, 0 %, 35270 MiB, 38.54 W
2026/09/20 18:29:07.671, 1, 0 %, 0 %, 35270 MiB, 38.03 W
2026/09/20 18:29:07.671, 2, 5 %, 0 %, 35270 MiB, 37.14 W
2026/09/20 18:29:12.671, 0, 0 %, 0 %, 35270 MiB, 38.65 W
2026/09/20 18:29:12.671, 1, 0 %, 0 %, 35270 MiB, 38.13 W
2026/09/20 18:29:12.672, 2, 0 %, 0 %, 35270 MiB, 36.94 W
2026/09/20 18:29:17.673, 0, 0 %, 0 %, 35270 MiB, 38.56 W
2026/09/20 18:29:17.674, 1, 0 %, 0 %, 35270 MiB, 38.13 W
2026/09/20 18:29:17.674, 2, 0 %, 0 %, 35270 MiB, 36.84 W
2026/09/20 18:29:22.675, 0, 0 %, 0 %, 35270 MiB, 38.56 W
2026/09/20 18:29:22.676, 1, 0 %, 0 %, 35270 MiB, 38.13 W
2026/09/20 18:29:22.676, 2, 0 %, 0 %, 35270 MiB, 36.94 W
2026/09/20 18:29:27.677, 0, 0 %, 0 %, 35270 MiB, 38.75 W
2026/09/20 18:29:27.678, 1, 0 %, 0 %, 35270 MiB, 38.23 W
2026/09/20 18:29:27.678, 2, 0 %, 0 %, 35270 MiB, 36.94 W
2026/09/20 18:29:32.679, 0, 0 %, 0 %, 35270 MiB, 38.65 W
2026/09/20 18:29:32.680, 1, 0 %, 0 %, 35270 MiB, 38.34 W
2026/09/20 18:29:32.680, 2, 0 %, 0 %, 35270 MiB, 36.94 W
2026/09/20 18:29:37.681, 0, 0 %, 0 %, 35270 MiB, 38.68 W
2026/09/20 18:29:37.681, 1, 4 %, 0 %, 35270 MiB, 38.15 W
2026/09/20 18:29:37.682, 2, 0 %, 0 %, 35270 MiB, 43.43 W
2026/09/20 18:29:42.682, 0, 0 %, 0 %, 35270 MiB, 38.68 W
2026/09/20 18:29:42.683, 1, 25 %, 1 %, 35270 MiB, 38.25 W
2026/09/20 18:29:42.683, 2, 0 %, 0 %, 35270 MiB, 37.07 W
2026/09/20 18:29:47.684, 0, 0 %, 0 %, 35270 MiB, 38.76 W
2026/09/20 18:29:47.684, 1, 25 %, 1 %, 35270 MiB, 38.25 W
2026/09/20 18:29:47.685, 2, 0 %, 0 %, 35270 MiB, 36.96 W
2026/09/20 18:29:52.686, 0, 0 %, 0 %, 35270 MiB, 38.65 W
2026/09/20 18:29:52.687, 1, 0 %, 0 %, 35270 MiB, 38.23 W
2026/09/20 18:29:52.687, 2, 0 %, 0 %, 35270 MiB, 37.03 W
2026/09/20 18:29:57.687, 0, 0 %, 0 %, 35270 MiB, 38.78 W
2026/09/20 18:29:57.688, 1, 17 %, 1 %, 35270 MiB, 38.06 W
2026/09/20 18:29:57.688, 2, 0 %, 0 %, 35270 MiB, 37.97 W
2026/09/20 18:30:02.688, 0, 0 %, 0 %, 35270 MiB, 38.79 W
2026/09/20 18:30:02.689, 1, 16 %, 1 %, 35270 MiB, 38.16 W
2026/09/20 18:30:02.689, 2, 0 %, 0 %, 35270 MiB, 37.08 W
2026/09/20 18:30:07.689, 0, 0 %, 0 %, 35270 MiB, 38.79 W
2026/09/20 18:30:07.689, 1, 0 %, 0 %, 35270 MiB, 38.06 W
2026/09/20 18:30:07.690, 2, 0 %, 0 %, 35270 MiB, 37.08 W
2026/09/20 18:30:12.690, 0, 0 %, 0 %, 35270 MiB, 38.61 W
2026/09/20 18:30:12.690, 1, 0 %, 0 %, 35270 MiB, 38.08 W
2026/09/20 18:30:12.690, 2, 0 %, 0 %, 35270 MiB, 37.09 W
2026/09/20 18:30:17.691, 0, 0 %, 0 %, 35270 MiB, 38.61 W
2026/09/20 18:30:17.692, 1, 0 %, 0 %, 35270 MiB, 38.08 W
2026/09/20 18:30:17.692, 2, 0 %, 0 %, 35270 MiB, 37.28 W
2026/09/20 18:30:22.693, 0, 0 %, 0 %, 35270 MiB, 38.79 W
2026/09/20 18:30:22.693, 1, 0 %, 0 %, 35270 MiB, 38.08 W
2026/09/20 18:30:22.693, 2, 0 %, 0 %, 35270 MiB, 36.98 W
2026/09/20 18:30:27.693, 0, 0 %, 0 %, 35270 MiB, 38.66 W
2026/09/20 18:30:27.694, 1, 0 %, 0 %, 35270 MiB, 38.44 W
2026/09/20 18:30:27.694, 2, 0 %, 0 %, 35270 MiB, 36.96 W
2026/09/20 18:30:32.695, 0, 0 %, 0 %, 35270 MiB, 38.75 W
2026/09/20 18:30:32.695, 1, 0 %, 0 %, 35270 MiB, 38.23 W
2026/09/20 18:30:32.696, 2, 0 %, 0 %, 35270 MiB, 36.94 W
2026/09/20 18:30:37.697, 0, 0 %, 0 %, 35270 MiB, 38.65 W
2026/09/20 18:30:37.698, 1, 0 %, 0 %, 35270 MiB, 38.13 W
2026/09/20 18:30:37.698, 2, 0 %, 0 %, 35270 MiB, 37.14 W
2026/09/20 18:30:42.699, 0, 0 %, 0 %, 35270 MiB, 38.79 W
2026/09/20 18:30:42.699, 1, 0 %, 0 %, 35270 MiB, 38.15 W
2026/09/20 18:30:42.700, 2, 25 %, 1 %, 35270 MiB, 37.06 W
2026/09/20 18:30:47.709, 0, 0 %, 0 %, 35270 MiB, 38.78 W
2026/09/20 18:30:47.709, 1, 0 %, 0 %, 35270 MiB, 38.25 W
2026/09/20 18:30:47.709, 2, 0 %, 0 %, 35270 MiB, 37.06 W
2026/09/20 18:30:52.710, 0, 0 %, 0 %, 35270 MiB, 38.76 W
2026/09/20 18:30:52.711, 1, 0 %, 0 %, 35270 MiB, 38.23 W
2026/09/20 18:30:52.711, 2, 0 %, 0 %, 35270 MiB, 37.24 W
2026/09/20 18:30:57.712, 0, 0 %, 0 %, 35270 MiB, 38.74 W
2026/09/20 18:30:57.712, 1, 0 %, 0 %, 35270 MiB, 38.33 W
2026/09/20 18:30:57.712, 2, 0 %, 0 %, 35270 MiB, 37.14 W
2026/09/20 18:31:02.714, 0, 0 %, 0 %, 35270 MiB, 38.85 W
2026/09/20 18:31:02.714, 1, 0 %, 0 %, 35270 MiB, 38.23 W
2026/09/20 18:31:02.714, 2, 0 %, 0 %, 35270 MiB, 37.13 W
2026/09/20 18:31:07.716, 0, 0 %, 0 %, 35270 MiB, 38.74 W
2026/09/20 18:31:07.717, 1, 0 %, 0 %, 35270 MiB, 38.03 W
2026/09/20 18:31:07.717, 2, 0 %, 0 %, 35270 MiB, 37.14 W
2026/09/20 18:31:12.718, 0, 0 %, 0 %, 35270 MiB, 38.85 W
2026/09/20 18:31:12.718, 1, 0 %, 0 %, 35270 MiB, 38.03 W
2026/09/20 18:31:12.719, 2, 0 %, 0 %, 35270 MiB, 37.23 W
2026/09/20 18:31:17.720, 0, 0 %, 0 %, 35270 MiB, 38.86 W
2026/09/20 18:31:17.720, 1, 0 %, 0 %, 35270 MiB, 38.13 W
2026/09/20 18:31:17.720, 2, 0 %, 0 %, 35270 MiB, 37.14 W
2026/09/20 18:31:22.722, 0, 0 %, 0 %, 35270 MiB, 39.35 W
2026/09/20 18:31:22.722, 1, 0 %, 0 %, 35270 MiB, 38.23 W
2026/09/20 18:31:22.722, 2, 0 %, 0 %, 35270 MiB, 37.65 W
2026/09/20 18:31:27.724, 0, 0 %, 0 %, 35270 MiB, 38.57 W
2026/09/20 18:31:27.724, 1, 0 %, 0 %, 35270 MiB, 38.24 W
2026/09/20 18:31:27.724, 2, 0 %, 0 %, 35270 MiB, 37.06 W
2026/09/20 18:31:32.726, 0, 0 %, 0 %, 35270 MiB, 38.65 W
2026/09/20 18:31:32.726, 1, 0 %, 0 %, 35270 MiB, 38.13 W
2026/09/20 18:31:32.726, 2, 0 %, 0 %, 35270 MiB, 37.13 W
2026/09/20 18:31:37.728, 0, 0 %, 0 %, 35270 MiB, 38.85 W
2026/09/20 18:31:37.728, 1, 0 %, 0 %, 35270 MiB, 38.42 W
2026/09/20 18:31:37.728, 2, 0 %, 0 %, 35270 MiB, 37.03 W
2026/09/20 18:31:42.729, 0, 0 %, 0 %, 35270 MiB, 38.75 W
2026/09/20 18:31:42.730, 1, 0 %, 0 %, 35270 MiB, 38.23 W
2026/09/20 18:31:42.730, 2, 0 %, 0 %, 35270 MiB, 37.04 W
2026/09/20 18:31:47.731, 0, 0 %, 0 %, 35270 MiB, 38.67 W
2026/09/20 18:31:47.732, 1, 0 %, 0 %, 35270 MiB, 38.25 W
2026/09/20 18:31:47.732, 2, 0 %, 0 %, 35270 MiB, 37.25 W
2026/09/20 18:31:52.732, 0, 0 %, 0 %, 35270 MiB, 38.76 W
2026/09/20 18:31:52.733, 1, 0 %, 0 %, 35270 MiB, 38.44 W
2026/09/20 18:31:52.733, 2, 0 %, 0 %, 35270 MiB, 37.14 W
2026/09/20 18:31:57.734, 0, 0 %, 0 %, 35270 MiB, 38.96 W
2026/09/20 18:31:57.735, 1, 0 %, 0 %, 35270 MiB, 38.44 W
2026/09/20 18:31:57.735, 2, 0 %, 0 %, 35270 MiB, 37.14 W
2026/09/20 18:32:02.736, 0, 0 %, 0 %, 35270 MiB, 38.86 W
2026/09/20 18:32:02.737, 1, 0 %, 0 %, 35270 MiB, 38.34 W
2026/09/20 18:32:02.737, 2, 0 %, 0 %, 35270 MiB, 37.14 W
2026/09/20 18:32:07.738, 0, 0 %, 0 %, 35270 MiB, 38.86 W
2026/09/20 18:32:07.739, 1, 0 %, 0 %, 35270 MiB, 38.33 W
2026/09/20 18:32:07.739, 2, 0 %, 0 %, 35270 MiB, 37.35 W
2026/09/20 18:32:12.740, 0, 0 %, 0 %, 35270 MiB, 38.99 W
2026/09/20 18:32:12.740, 1, 0 %, 0 %, 35270 MiB, 38.25 W
2026/09/20 18:32:12.740, 2, 0 %, 0 %, 35270 MiB, 37.26 W
2026/09/20 18:32:17.742, 0, 0 %, 0 %, 35270 MiB, 38.97 W
2026/09/20 18:32:17.743, 1, 0 %, 0 %, 35270 MiB, 38.24 W
2026/09/20 18:32:17.743, 2, 0 %, 0 %, 35270 MiB, 37.25 W
2026/09/20 18:32:22.744, 0, 0 %, 0 %, 35270 MiB, 38.97 W
2026/09/20 18:32:22.745, 1, 0 %, 0 %, 35270 MiB, 38.25 W
2026/09/20 18:32:22.745, 2, 0 %, 0 %, 35270 MiB, 37.36 W
2026/09/20 18:32:27.746, 0, 0 %, 0 %, 35270 MiB, 38.86 W
2026/09/20 18:32:27.747, 1, 0 %, 0 %, 35270 MiB, 38.24 W
2026/09/20 18:32:27.747, 2, 0 %, 0 %, 35270 MiB, 37.44 W
2026/09/20 18:32:32.748, 0, 0 %, 0 %, 35270 MiB, 39.14 W
2026/09/20 18:32:32.748, 1, 0 %, 0 %, 35270 MiB, 38.42 W
2026/09/20 18:32:32.749, 2, 0 %, 0 %, 35270 MiB, 37.23 W
2026/09/20 18:32:37.750, 0, 0 %, 0 %, 35270 MiB, 38.83 W
2026/09/20 18:32:37.751, 1, 0 %, 0 %, 35270 MiB, 38.31 W
2026/09/20 18:32:37.751, 2, 0 %, 0 %, 35270 MiB, 37.23 W
2026/09/20 18:32:42.752, 0, 0 %, 0 %, 35270 MiB, 38.85 W
2026/09/20 18:32:42.752, 1, 0 %, 0 %, 35270 MiB, 38.33 W
2026/09/20 18:32:42.753, 2, 0 %, 0 %, 35270 MiB, 37.13 W
2026/09/20 18:32:47.754, 0, 0 %, 0 %, 35270 MiB, 38.85 W
2026/09/20 18:32:47.754, 1, 0 %, 0 %, 35270 MiB, 38.23 W
2026/09/20 18:32:47.755, 2, 0 %, 0 %, 35270 MiB, 37.22 W
2026/09/20 18:32:52.755, 0, 0 %, 0 %, 35270 MiB, 38.99 W
2026/09/20 18:32:52.756, 1, 0 %, 0 %, 35270 MiB, 38.25 W
2026/09/20 18:32:52.756, 2, 0 %, 0 %, 35270 MiB, 37.17 W
2026/09/20 18:32:57.757, 0, 0 %, 0 %, 35270 MiB, 38.74 W
2026/09/20 18:32:57.757, 1, 0 %, 0 %, 35270 MiB, 38.33 W
2026/09/20 18:32:57.758, 2, 0 %, 0 %, 35270 MiB, 37.13 W
2026/09/20 18:33:02.758, 0, 0 %, 0 %, 35270 MiB, 38.78 W
2026/09/20 18:33:02.758, 1, 0 %, 0 %, 35270 MiB, 38.35 W
2026/09/20 18:33:02.759, 2, 0 %, 0 %, 35270 MiB, 37.16 W
2026/09/20 18:33:07.760, 0, 0 %, 0 %, 35270 MiB, 38.74 W
2026/09/20 18:33:07.760, 1, 0 %, 0 %, 35270 MiB, 38.44 W
2026/09/20 18:33:07.760, 2, 0 %, 0 %, 35270 MiB, 37.13 W
2026/09/20 18:33:12.762, 0, 0 %, 0 %, 35270 MiB, 38.85 W
2026/09/20 18:33:12.763, 1, 0 %, 0 %, 35270 MiB, 38.23 W
2026/09/20 18:33:12.763, 2, 0 %, 0 %, 35270 MiB, 37.14 W
2026/09/20 18:33:17.764, 0, 0 %, 0 %, 35270 MiB, 38.85 W
2026/09/20 18:33:17.765, 1, 0 %, 0 %, 35270 MiB, 38.13 W
2026/09/20 18:33:17.765, 2, 0 %, 0 %, 35270 MiB, 37.04 W
2026/09/20 18:33:22.768, 0, 0 %, 0 %, 35270 MiB, 38.86 W
2026/09/20 18:33:22.769, 1, 0 %, 0 %, 35270 MiB, 38.13 W
2026/09/20 18:33:22.769, 2, 0 %, 0 %, 35270 MiB, 37.46 W
2026/09/20 18:33:27.770, 0, 0 %, 0 %, 35270 MiB, 39.01 W
2026/09/20 18:33:27.770, 1, 0 %, 0 %, 35270 MiB, 38.18 W
2026/09/20 18:33:27.770, 2, 0 %, 0 %, 35270 MiB, 37.28 W
2026/09/20 18:33:32.772, 0, 0 %, 0 %, 35270 MiB, 38.74 W
2026/09/20 18:33:32.773, 1, 0 %, 0 %, 35270 MiB, 38.13 W
2026/09/20 18:33:32.773, 2, 0 %, 0 %, 35270 MiB, 37.24 W
2026/09/20 18:33:37.774, 0, 0 %, 0 %, 35270 MiB, 38.76 W
2026/09/20 18:33:37.774, 1, 0 %, 0 %, 35270 MiB, 38.23 W
2026/09/20 18:33:37.775, 2, 0 %, 0 %, 35270 MiB, 37.25 W
2026/09/20 18:33:42.776, 0, 0 %, 0 %, 35270 MiB, 38.79 W
2026/09/20 18:33:42.776, 1, 0 %, 0 %, 35270 MiB, 38.45 W
2026/09/20 18:33:42.776, 2, 0 %, 0 %, 35270 MiB, 37.26 W
2026/09/20 18:33:47.777, 0, 0 %, 0 %, 35270 MiB, 38.90 W
2026/09/20 18:33:47.778, 1, 0 %, 0 %, 35270 MiB, 38.28 W
2026/09/20 18:33:47.778, 2, 0 %, 0 %, 35270 MiB, 37.09 W
2026/09/20 18:33:52.779, 0, 0 %, 0 %, 35270 MiB, 38.78 W
2026/09/20 18:33:52.780, 1, 0 %, 0 %, 35270 MiB, 38.25 W
2026/09/20 18:33:52.780, 2, 0 %, 0 %, 35270 MiB, 37.26 W
2026/09/20 18:33:57.780, 0, 0 %, 0 %, 35270 MiB, 38.95 W
2026/09/20 18:33:57.781, 1, 0 %, 0 %, 35270 MiB, 38.33 W
2026/09/20 18:33:57.781, 2, 0 %, 0 %, 35270 MiB, 37.14 W
2026/09/20 18:34:02.782, 0, 0 %, 0 %, 35270 MiB, 38.99 W
2026/09/20 18:34:02.782, 1, 0 %, 0 %, 35270 MiB, 38.33 W
2026/09/20 18:34:02.783, 2, 0 %, 0 %, 35270 MiB, 37.36 W
2026/09/20 18:34:07.783, 0, 0 %, 0 %, 35270 MiB, 38.96 W
2026/09/20 18:34:07.784, 1, 0 %, 0 %, 35270 MiB, 38.23 W
2026/09/20 18:34:07.784, 2, 0 %, 0 %, 35270 MiB, 37.14 W
2026/09/20 18:34:12.785, 0, 0 %, 0 %, 35270 MiB, 38.73 W
2026/09/20 18:34:12.786, 1, 0 %, 0 %, 35270 MiB, 38.20 W
2026/09/20 18:34:12.786, 2, 0 %, 0 %, 35270 MiB, 37.11 W
2026/09/20 18:34:17.786, 0, 24 %, 1 %, 35270 MiB, 38.75 W
2026/09/20 18:34:17.786, 1, 0 %, 0 %, 35270 MiB, 38.43 W
2026/09/20 18:34:17.787, 2, 0 %, 0 %, 35270 MiB, 37.14 W
2026/09/20 18:34:22.787, 0, 0 %, 0 %, 35270 MiB, 39.06 W
2026/09/20 18:34:22.788, 1, 0 %, 0 %, 35270 MiB, 38.13 W
2026/09/20 18:34:22.788, 2, 0 %, 0 %, 35270 MiB, 42.82 W
2026/09/20 18:34:27.789, 0, 0 %, 0 %, 35270 MiB, 38.85 W
2026/09/20 18:34:27.789, 1, 0 %, 0 %, 35270 MiB, 38.13 W
2026/09/20 18:34:27.789, 2, 0 %, 0 %, 35270 MiB, 37.24 W
2026/09/20 18:34:32.790, 0, 0 %, 0 %, 35270 MiB, 38.96 W
2026/09/20 18:34:32.791, 1, 0 %, 0 %, 35270 MiB, 38.13 W
2026/09/20 18:34:32.791, 2, 0 %, 0 %, 35270 MiB, 37.24 W
2026/09/20 18:34:37.794, 0, 0 %, 0 %, 35270 MiB, 38.64 W
2026/09/20 18:34:37.794, 1, 0 %, 0 %, 35270 MiB, 38.20 W
2026/09/20 18:34:37.794, 2, 0 %, 0 %, 35270 MiB, 37.52 W
2026/09/20 18:34:42.796, 0, 5 %, 0 %, 35270 MiB, 38.94 W
2026/09/20 18:34:42.796, 1, 0 %, 0 %, 35270 MiB, 38.13 W
2026/09/20 18:34:42.796, 2, 0 %, 0 %, 35270 MiB, 37.24 W
2026/09/20 18:34:47.797, 0, 0 %, 0 %, 35270 MiB, 38.65 W
2026/09/20 18:34:47.798, 1, 0 %, 0 %, 35270 MiB, 38.03 W
2026/09/20 18:34:47.798, 2, 0 %, 0 %, 35270 MiB, 37.04 W
2026/09/20 18:34:52.798, 0, 0 %, 0 %, 35270 MiB, 38.75 W
2026/09/20 18:34:52.799, 1, 0 %, 0 %, 35270 MiB, 38.13 W
2026/09/20 18:34:52.799, 2, 0 %, 0 %, 35270 MiB, 37.14 W
2026/09/20 18:34:57.799, 0, 0 %, 0 %, 35270 MiB, 38.85 W
2026/09/20 18:34:57.800, 1, 0 %, 0 %, 35270 MiB, 38.22 W
2026/09/20 18:34:57.800, 2, 0 %, 0 %, 35270 MiB, 37.23 W
2026/09/20 18:35:02.801, 0, 0 %, 0 %, 35270 MiB, 40.83 W
2026/09/20 18:35:02.801, 1, 0 %, 0 %, 35270 MiB, 38.13 W
2026/09/20 18:35:02.802, 2, 0 %, 0 %, 35270 MiB, 41.32 W
2026/09/20 18:35:07.802, 0, 0 %, 0 %, 35270 MiB, 38.90 W
2026/09/20 18:35:07.803, 1, 0 %, 0 %, 35270 MiB, 38.25 W
2026/09/20 18:35:07.803, 2, 0 %, 0 %, 35270 MiB, 37.16 W
2026/09/20 18:35:12.804, 0, 0 %, 0 %, 35270 MiB, 38.83 W
2026/09/20 18:35:12.804, 1, 0 %, 0 %, 35270 MiB, 38.43 W
2026/09/20 18:35:12.804, 2, 0 %, 0 %, 35270 MiB, 37.13 W
2026/09/20 18:35:17.805, 0, 0 %, 0 %, 35270 MiB, 38.84 W
2026/09/20 18:35:17.806, 1, 0 %, 0 %, 35270 MiB, 38.21 W
2026/09/20 18:35:17.806, 2, 0 %, 0 %, 35270 MiB, 37.11 W
2026/09/20 18:35:22.807, 0, 0 %, 0 %, 35270 MiB, 38.85 W
2026/09/20 18:35:22.807, 1, 0 %, 0 %, 35270 MiB, 38.20 W
2026/09/20 18:35:22.807, 2, 0 %, 0 %, 35270 MiB, 37.13 W
2026/09/20 18:35:27.809, 0, 0 %, 0 %, 35270 MiB, 39.45 W
2026/09/20 18:35:27.809, 1, 0 %, 0 %, 35270 MiB, 38.23 W
2026/09/20 18:35:27.809, 2, 0 %, 0 %, 35270 MiB, 37.24 W
2026/09/20 18:35:32.811, 0, 0 %, 0 %, 35270 MiB, 39.64 W
2026/09/20 18:35:32.812, 1, 0 %, 0 %, 35270 MiB, 38.13 W
2026/09/20 18:35:32.812, 2, 0 %, 0 %, 35270 MiB, 37.35 W
2026/09/20 18:35:37.813, 0, 0 %, 0 %, 35270 MiB, 38.85 W
2026/09/20 18:35:37.813, 1, 0 %, 0 %, 35270 MiB, 38.02 W
2026/09/20 18:35:37.813, 2, 0 %, 0 %, 35270 MiB, 37.23 W
2026/09/20 18:35:42.815, 0, 0 %, 0 %, 35270 MiB, 38.75 W
2026/09/20 18:35:42.815, 1, 0 %, 0 %, 35270 MiB, 38.03 W
2026/09/20 18:35:42.816, 2, 0 %, 0 %, 35270 MiB, 37.24 W
2026/09/20 18:35:47.817, 0, 0 %, 0 %, 35270 MiB, 47.80 W
2026/09/20 18:35:47.817, 1, 21 %, 1 %, 35270 MiB, 38.25 W
2026/09/20 18:35:47.818, 2, 0 %, 0 %, 35270 MiB, 37.17 W
2026/09/20 18:35:52.818, 0, 0 %, 0 %, 35270 MiB, 38.87 W
2026/09/20 18:35:52.819, 1, 20 %, 1 %, 35270 MiB, 38.24 W
2026/09/20 18:35:52.819, 2, 0 %, 0 %, 35270 MiB, 37.15 W
2026/09/20 18:35:57.820, 0, 0 %, 0 %, 35270 MiB, 39.63 W
2026/09/20 18:35:57.820, 1, 0 %, 0 %, 35270 MiB, 38.13 W
2026/09/20 18:35:57.820, 2, 0 %, 0 %, 35270 MiB, 37.03 W
2026/09/20 18:36:02.822, 0, 0 %, 0 %, 35270 MiB, 38.85 W
2026/09/20 18:36:02.822, 1, 0 %, 0 %, 35270 MiB, 38.13 W
2026/09/20 18:36:02.823, 2, 0 %, 0 %, 35270 MiB, 37.03 W
2026/09/20 18:36:07.823, 0, 5 %, 0 %, 35270 MiB, 41.33 W
2026/09/20 18:36:07.824, 1, 0 %, 0 %, 35270 MiB, 38.23 W
2026/09/20 18:36:07.824, 2, 0 %, 0 %, 35270 MiB, 37.23 W
2026/09/20 18:36:12.825, 0, 0 %, 0 %, 35270 MiB, 38.86 W
2026/09/20 18:36:12.826, 1, 0 %, 0 %, 35270 MiB, 38.23 W
2026/09/20 18:36:12.826, 2, 0 %, 0 %, 35270 MiB, 37.14 W
2026/09/20 18:36:17.827, 0, 0 %, 0 %, 35270 MiB, 40.93 W
2026/09/20 18:36:17.827, 1, 0 %, 0 %, 35270 MiB, 38.24 W
2026/09/20 18:36:17.828, 2, 0 %, 0 %, 35270 MiB, 37.14 W
2026/09/20 18:36:22.829, 0, 0 %, 0 %, 35270 MiB, 38.74 W
2026/09/20 18:36:22.830, 1, 0 %, 0 %, 35270 MiB, 38.21 W
2026/09/20 18:36:22.830, 2, 0 %, 0 %, 35270 MiB, 37.23 W
2026/09/20 18:36:27.831, 0, 0 %, 0 %, 35270 MiB, 38.95 W
2026/09/20 18:36:27.831, 1, 0 %, 0 %, 35270 MiB, 38.23 W
2026/09/20 18:36:27.832, 2, 0 %, 0 %, 35270 MiB, 37.44 W
2026/09/20 18:36:32.833, 0, 0 %, 0 %, 35270 MiB, 38.85 W
2026/09/20 18:36:32.834, 1, 5 %, 0 %, 35270 MiB, 38.53 W
2026/09/20 18:36:32.834, 2, 0 %, 0 %, 35270 MiB, 37.23 W
2026/09/20 18:36:37.835, 0, 0 %, 0 %, 35270 MiB, 38.85 W
2026/09/20 18:36:37.836, 1, 10 %, 0 %, 35270 MiB, 43.86 W
2026/09/20 18:36:37.836, 2, 0 %, 0 %, 35270 MiB, 37.24 W
2026/09/20 18:36:42.845, 0, 0 %, 0 %, 35270 MiB, 39.04 W
2026/09/20 18:36:42.845, 1, 16 %, 1 %, 35270 MiB, 40.60 W
2026/09/20 18:36:42.846, 2, 0 %, 0 %, 35270 MiB, 37.13 W
2026/09/20 18:36:47.847, 0, 0 %, 0 %, 35270 MiB, 38.94 W
2026/09/20 18:36:47.847, 1, 2 %, 0 %, 35270 MiB, 38.12 W
2026/09/20 18:36:47.847, 2, 0 %, 0 %, 35270 MiB, 37.24 W
2026/09/20 18:36:52.847, 0, 0 %, 0 %, 35270 MiB, 38.68 W
2026/09/20 18:36:52.848, 1, 0 %, 0 %, 35270 MiB, 38.06 W
2026/09/20 18:36:52.848, 2, 0 %, 0 %, 35270 MiB, 37.16 W
2026/09/20 18:36:57.848, 0, 0 %, 0 %, 35270 MiB, 38.67 W
2026/09/20 18:36:57.849, 1, 0 %, 0 %, 35270 MiB, 38.05 W
2026/09/20 18:36:57.849, 2, 0 %, 0 %, 35270 MiB, 37.24 W
2026/09/20 18:37:02.849, 0, 0 %, 0 %, 35270 MiB, 38.78 W
2026/09/20 18:37:02.850, 1, 15 %, 1 %, 35270 MiB, 38.13 W
2026/09/20 18:37:02.850, 2, 0 %, 0 %, 35270 MiB, 37.24 W
2026/09/20 18:37:07.851, 0, 0 %, 0 %, 35270 MiB, 38.75 W
2026/09/20 18:37:07.851, 1, 0 %, 0 %, 35270 MiB, 38.01 W
2026/09/20 18:37:07.851, 2, 0 %, 0 %, 35270 MiB, 37.01 W
2026/09/20 18:37:12.853, 0, 0 %, 0 %, 35270 MiB, 38.64 W
2026/09/20 18:37:12.854, 1, 0 %, 0 %, 35270 MiB, 38.21 W
2026/09/20 18:37:12.854, 2, 2 %, 0 %, 35270 MiB, 37.13 W
2026/09/20 18:37:17.855, 0, 0 %, 0 %, 35270 MiB, 38.75 W
2026/09/20 18:37:17.855, 1, 0 %, 0 %, 35270 MiB, 38.13 W
2026/09/20 18:37:17.855, 2, 0 %, 0 %, 35270 MiB, 37.14 W
2026/09/20 18:37:22.857, 0, 0 %, 0 %, 35270 MiB, 38.75 W
2026/09/20 18:37:22.857, 1, 5 %, 0 %, 35270 MiB, 38.14 W
2026/09/20 18:37:22.858, 2, 0 %, 0 %, 35270 MiB, 37.14 W
2026/09/20 18:37:27.859, 0, 0 %, 0 %, 35270 MiB, 38.76 W
2026/09/20 18:37:27.860, 1, 0 %, 0 %, 35270 MiB, 38.35 W
2026/09/20 18:37:27.860, 2, 0 %, 0 %, 35270 MiB, 37.14 W
2026/09/20 18:37:32.870, 0, 0 %, 0 %, 35270 MiB, 38.74 W
2026/09/20 18:37:32.870, 1, 0 %, 0 %, 35270 MiB, 38.22 W
2026/09/20 18:37:32.871, 2, 0 %, 0 %, 35270 MiB, 37.13 W
2026/09/20 18:37:37.872, 0, 0 %, 0 %, 35270 MiB, 38.94 W
2026/09/20 18:37:37.873, 1, 0 %, 0 %, 35270 MiB, 38.20 W
2026/09/20 18:37:37.873, 2, 0 %, 0 %, 35270 MiB, 37.11 W
2026/09/20 18:37:42.873, 0, 0 %, 0 %, 35270 MiB, 38.86 W
2026/09/20 18:37:42.874, 1, 0 %, 0 %, 35270 MiB, 38.23 W
2026/09/20 18:37:42.874, 2, 0 %, 0 %, 35270 MiB, 37.24 W
2026/09/20 18:37:47.874, 0, 0 %, 0 %, 35270 MiB, 38.89 W
2026/09/20 18:37:47.874, 1, 0 %, 0 %, 35270 MiB, 38.06 W
2026/09/20 18:37:47.874, 2, 0 %, 0 %, 35270 MiB, 37.26 W
2026/09/20 18:37:52.875, 0, 0 %, 0 %, 35270 MiB, 38.87 W
2026/09/20 18:37:52.875, 1, 0 %, 0 %, 35270 MiB, 38.05 W
2026/09/20 18:37:52.875, 2, 0 %, 0 %, 35270 MiB, 37.26 W
2026/09/20 18:37:57.877, 0, 0 %, 0 %, 35270 MiB, 38.97 W
2026/09/20 18:37:57.877, 1, 0 %, 0 %, 35270 MiB, 38.08 W
2026/09/20 18:37:57.877, 2, 0 %, 0 %, 35270 MiB, 37.46 W
2026/09/20 18:38:02.879, 0, 0 %, 0 %, 35270 MiB, 38.63 W
2026/09/20 18:38:02.879, 1, 0 %, 0 %, 35270 MiB, 38.10 W
2026/09/20 18:38:02.879, 2, 0 %, 0 %, 35270 MiB, 37.21 W
2026/09/20 18:38:07.881, 0, 0 %, 0 %, 35270 MiB, 38.74 W
2026/09/20 18:38:07.881, 1, 0 %, 0 %, 35270 MiB, 38.03 W
2026/09/20 18:38:07.881, 2, 0 %, 0 %, 35270 MiB, 37.03 W
2026/09/20 18:38:12.883, 0, 0 %, 0 %, 35270 MiB, 38.65 W
2026/09/20 18:38:12.884, 1, 0 %, 0 %, 35270 MiB, 38.03 W
2026/09/20 18:38:12.884, 2, 5 %, 0 %, 35270 MiB, 37.24 W
2026/09/20 18:38:17.885, 0, 0 %, 0 %, 35270 MiB, 38.75 W
2026/09/20 18:38:17.886, 1, 0 %, 0 %, 35270 MiB, 38.13 W
2026/09/20 18:38:17.886, 2, 0 %, 0 %, 35270 MiB, 37.14 W
2026/09/20 18:38:22.887, 0, 0 %, 0 %, 35270 MiB, 38.76 W
2026/09/20 18:38:22.888, 1, 0 %, 0 %, 35270 MiB, 38.13 W
2026/09/20 18:38:22.888, 2, 0 %, 0 %, 35270 MiB, 37.14 W
2026/09/20 18:38:27.889, 0, 0 %, 0 %, 35270 MiB, 38.75 W
2026/09/20 18:38:27.889, 1, 0 %, 0 %, 35270 MiB, 38.23 W
2026/09/20 18:38:27.889, 2, 25 %, 1 %, 35270 MiB, 37.14 W
2026/09/20 18:38:32.891, 0, 0 %, 0 %, 35270 MiB, 38.83 W
2026/09/20 18:38:32.892, 1, 0 %, 0 %, 35270 MiB, 38.23 W
2026/09/20 18:38:32.892, 2, 25 %, 1 %, 35270 MiB, 37.53 W
2026/09/20 18:38:37.893, 0, 0 %, 0 %, 35270 MiB, 38.95 W
2026/09/20 18:38:37.894, 1, 0 %, 0 %, 35270 MiB, 38.34 W
2026/09/20 18:38:37.894, 2, 0 %, 0 %, 35270 MiB, 37.25 W
2026/09/20 18:38:42.895, 0, 0 %, 0 %, 35270 MiB, 38.97 W
2026/09/20 18:38:42.895, 1, 0 %, 0 %, 35270 MiB, 38.24 W
2026/09/20 18:38:42.896, 2, 0 %, 0 %, 35270 MiB, 42.40 W
2026/09/20 18:38:47.897, 0, 0 %, 0 %, 35270 MiB, 38.97 W
2026/09/20 18:38:47.897, 1, 0 %, 0 %, 35270 MiB, 38.24 W
2026/09/20 18:38:47.898, 2, 0 %, 0 %, 35270 MiB, 37.35 W
2026/09/20 18:38:52.898, 0, 0 %, 0 %, 35270 MiB, 39.10 W
2026/09/20 18:38:52.899, 1, 0 %, 0 %, 35270 MiB, 38.08 W
2026/09/20 18:38:52.899, 2, 0 %, 0 %, 35270 MiB, 37.47 W
2026/09/20 18:38:57.899, 0, 0 %, 0 %, 35270 MiB, 39.08 W
2026/09/20 18:38:57.900, 1, 0 %, 0 %, 35270 MiB, 38.15 W
2026/09/20 18:38:57.900, 2, 0 %, 0 %, 35270 MiB, 37.47 W
2026/09/20 18:39:02.900, 0, 0 %, 0 %, 35270 MiB, 39.09 W
2026/09/20 18:39:02.901, 1, 0 %, 0 %, 35270 MiB, 38.16 W
2026/09/20 18:39:02.901, 2, 0 %, 0 %, 35270 MiB, 37.38 W
2026/09/20 18:39:07.901, 0, 0 %, 0 %, 35270 MiB, 38.79 W
2026/09/20 18:39:07.902, 1, 0 %, 0 %, 35270 MiB, 38.17 W
2026/09/20 18:39:07.902, 2, 0 %, 0 %, 35270 MiB, 37.38 W
2026/09/20 18:39:12.903, 0, 0 %, 0 %, 35270 MiB, 38.99 W
2026/09/20 18:39:12.903, 1, 0 %, 0 %, 35270 MiB, 38.25 W
2026/09/20 18:39:12.903, 2, 0 %, 0 %, 35270 MiB, 37.47 W
2026/09/20 18:39:17.905, 0, 0 %, 0 %, 35270 MiB, 38.83 W
2026/09/20 18:39:17.905, 1, 0 %, 0 %, 35270 MiB, 38.23 W
2026/09/20 18:39:17.905, 2, 0 %, 0 %, 35270 MiB, 37.23 W
2026/09/20 18:39:22.907, 0, 0 %, 0 %, 35270 MiB, 38.86 W
2026/09/20 18:39:22.908, 1, 0 %, 0 %, 35270 MiB, 38.23 W
2026/09/20 18:39:22.908, 2, 0 %, 0 %, 35270 MiB, 37.14 W
2026/09/20 18:39:27.909, 0, 0 %, 0 %, 35270 MiB, 38.76 W
2026/09/20 18:39:27.910, 1, 0 %, 0 %, 35270 MiB, 38.15 W
2026/09/20 18:39:27.910, 2, 0 %, 0 %, 35270 MiB, 37.15 W
2026/09/20 18:39:32.911, 0, 0 %, 0 %, 35270 MiB, 39.02 W
2026/09/20 18:39:32.912, 1, 0 %, 0 %, 35270 MiB, 38.18 W
2026/09/20 18:39:32.912, 2, 0 %, 0 %, 35270 MiB, 37.28 W
2026/09/20 18:39:37.912, 0, 0 %, 0 %, 35270 MiB, 39.00 W
2026/09/20 18:39:37.913, 1, 0 %, 0 %, 35270 MiB, 38.28 W
2026/09/20 18:39:37.913, 2, 0 %, 0 %, 35270 MiB, 37.28 W
2026/09/20 18:39:42.914, 0, 0 %, 0 %, 35270 MiB, 38.96 W
2026/09/20 18:39:42.914, 1, 0 %, 0 %, 35270 MiB, 38.34 W
2026/09/20 18:39:42.915, 2, 0 %, 0 %, 35270 MiB, 37.35 W
2026/09/20 18:39:47.916, 0, 0 %, 0 %, 35270 MiB, 39.26 W
2026/09/20 18:39:47.917, 1, 0 %, 0 %, 35270 MiB, 38.44 W
2026/09/20 18:39:47.917, 2, 0 %, 0 %, 35270 MiB, 37.35 W
2026/09/20 18:39:52.917, 0, 0 %, 0 %, 35270 MiB, 39.09 W
2026/09/20 18:39:52.918, 1, 0 %, 0 %, 35270 MiB, 38.48 W
2026/09/20 18:39:52.918, 2, 0 %, 0 %, 35270 MiB, 37.37 W
2026/09/20 18:39:57.919, 0, 0 %, 0 %, 35270 MiB, 39.06 W
2026/09/20 18:39:57.919, 1, 0 %, 0 %, 35270 MiB, 38.23 W
2026/09/20 18:39:57.919, 2, 0 %, 0 %, 35270 MiB, 37.44 W
2026/09/20 18:40:02.920, 0, 0 %, 0 %, 35270 MiB, 39.06 W
2026/09/20 18:40:02.921, 1, 0 %, 0 %, 35270 MiB, 38.23 W
2026/09/20 18:40:02.921, 2, 0 %, 0 %, 35270 MiB, 37.33 W
2026/09/20 18:40:07.921, 0, 0 %, 0 %, 35270 MiB, 39.19 W
2026/09/20 18:40:07.922, 1, 0 %, 0 %, 35270 MiB, 38.26 W
2026/09/20 18:40:07.922, 2, 0 %, 0 %, 35270 MiB, 37.67 W
2026/09/20 18:40:12.922, 0, 0 %, 0 %, 35270 MiB, 38.86 W
2026/09/20 18:40:12.923, 1, 0 %, 0 %, 35270 MiB, 38.23 W
2026/09/20 18:40:12.923, 2, 0 %, 0 %, 35270 MiB, 37.54 W
2026/09/20 18:40:17.924, 0, 0 %, 0 %, 35270 MiB, 38.85 W
2026/09/20 18:40:17.924, 1, 0 %, 0 %, 35270 MiB, 38.33 W
2026/09/20 18:40:17.925, 2, 0 %, 0 %, 35270 MiB, 37.53 W
2026/09/20 18:40:22.925, 0, 0 %, 0 %, 35270 MiB, 38.96 W
2026/09/20 18:40:22.926, 1, 0 %, 0 %, 35270 MiB, 38.24 W
2026/09/20 18:40:22.926, 2, 0 %, 0 %, 35270 MiB, 37.24 W
2026/09/20 18:40:27.927, 0, 0 %, 0 %, 35270 MiB, 38.99 W
2026/09/20 18:40:27.927, 1, 0 %, 0 %, 35270 MiB, 38.25 W
2026/09/20 18:40:27.927, 2, 0 %, 0 %, 35270 MiB, 37.47 W
2026/09/20 18:40:32.929, 0, 0 %, 0 %, 35270 MiB, 38.99 W
2026/09/20 18:40:32.929, 1, 0 %, 0 %, 35270 MiB, 38.27 W
2026/09/20 18:40:32.929, 2, 0 %, 0 %, 35270 MiB, 37.26 W
2026/09/20 18:40:37.931, 0, 0 %, 0 %, 35270 MiB, 38.96 W
2026/09/20 18:40:37.931, 1, 0 %, 0 %, 35270 MiB, 38.34 W
2026/09/20 18:40:37.931, 2, 0 %, 0 %, 35270 MiB, 37.26 W
2026/09/20 18:40:42.933, 0, 0 %, 0 %, 35270 MiB, 38.99 W
2026/09/20 18:40:42.933, 1, 0 %, 0 %, 35270 MiB, 38.58 W
2026/09/20 18:40:42.933, 2, 0 %, 0 %, 35270 MiB, 37.26 W
2026/09/20 18:40:47.935, 0, 0 %, 0 %, 35270 MiB, 39.04 W
2026/09/20 18:40:47.935, 1, 0 %, 0 %, 35270 MiB, 38.34 W
2026/09/20 18:40:47.936, 2, 0 %, 0 %, 35270 MiB, 37.53 W
2026/09/20 18:40:52.936, 0, 0 %, 0 %, 35270 MiB, 38.99 W
2026/09/20 18:40:52.937, 1, 0 %, 0 %, 35270 MiB, 38.28 W
2026/09/20 18:40:52.937, 2, 0 %, 0 %, 35270 MiB, 37.39 W
2026/09/20 18:40:57.938, 0, 0 %, 0 %, 35270 MiB, 38.97 W
2026/09/20 18:40:57.938, 1, 0 %, 0 %, 35270 MiB, 38.25 W
2026/09/20 18:40:57.938, 2, 0 %, 0 %, 35270 MiB, 37.37 W
2026/09/20 18:41:02.940, 0, 0 %, 0 %, 35270 MiB, 39.34 W
2026/09/20 18:41:02.940, 1, 0 %, 0 %, 35270 MiB, 38.43 W
2026/09/20 18:41:02.940, 2, 0 %, 0 %, 35270 MiB, 37.44 W
2026/09/20 18:41:07.942, 0, 0 %, 0 %, 35270 MiB, 39.14 W
2026/09/20 18:41:07.942, 1, 0 %, 0 %, 35270 MiB, 38.22 W
2026/09/20 18:41:07.942, 2, 0 %, 0 %, 35270 MiB, 37.61 W
2026/09/20 18:41:12.949, 0, 0 %, 0 %, 35270 MiB, 39.14 W
2026/09/20 18:41:12.949, 1, 0 %, 0 %, 35270 MiB, 38.22 W
2026/09/20 18:41:12.950, 2, 0 %, 0 %, 35270 MiB, 37.53 W
2026/09/20 18:41:17.951, 0, 0 %, 0 %, 35270 MiB, 39.06 W
2026/09/20 18:41:17.951, 1, 0 %, 0 %, 35270 MiB, 38.23 W
2026/09/20 18:41:17.951, 2, 0 %, 0 %, 35270 MiB, 37.44 W
2026/09/20 18:41:22.953, 0, 0 %, 0 %, 35270 MiB, 39.06 W
2026/09/20 18:41:22.954, 1, 0 %, 0 %, 35270 MiB, 38.34 W
2026/09/20 18:41:22.954, 2, 0 %, 0 %, 35270 MiB, 37.44 W
2026/09/20 18:41:27.955, 0, 0 %, 0 %, 35270 MiB, 39.06 W
2026/09/20 18:41:27.955, 1, 0 %, 0 %, 35270 MiB, 38.23 W
2026/09/20 18:41:27.956, 2, 0 %, 0 %, 35270 MiB, 37.54 W
2026/09/20 18:41:32.957, 0, 0 %, 0 %, 35270 MiB, 39.20 W
2026/09/20 18:41:32.957, 1, 0 %, 0 %, 35270 MiB, 38.38 W
2026/09/20 18:41:32.957, 2, 0 %, 0 %, 35270 MiB, 37.49 W
2026/09/20 18:41:37.962, 0, 0 %, 0 %, 35270 MiB, 39.11 W
2026/09/20 18:41:37.962, 1, 0 %, 0 %, 35270 MiB, 38.57 W
2026/09/20 18:41:37.962, 2, 0 %, 0 %, 35270 MiB, 37.37 W
2026/09/20 18:41:42.963, 0, 0 %, 0 %, 35270 MiB, 39.09 W
2026/09/20 18:41:42.964, 1, 0 %, 0 %, 35270 MiB, 38.48 W
2026/09/20 18:41:42.964, 2, 0 %, 0 %, 35270 MiB, 37.39 W
2026/09/20 18:41:47.964, 0, 0 %, 0 %, 35270 MiB, 39.09 W
2026/09/20 18:41:47.965, 1, 0 %, 0 %, 35270 MiB, 38.37 W
2026/09/20 18:41:47.965, 2, 0 %, 0 %, 35270 MiB, 37.39 W
2026/09/20 18:41:52.965, 0, 0 %, 0 %, 35270 MiB, 39.10 W
2026/09/20 18:41:52.965, 1, 0 %, 0 %, 35270 MiB, 38.38 W
2026/09/20 18:41:52.965, 2, 0 %, 0 %, 35270 MiB, 37.39 W
2026/09/20 18:41:57.966, 0, 0 %, 0 %, 35270 MiB, 39.19 W
2026/09/20 18:41:57.967, 1, 0 %, 0 %, 35270 MiB, 38.56 W
2026/09/20 18:41:57.967, 2, 0 %, 0 %, 35270 MiB, 37.49 W
2026/09/20 18:42:02.967, 0, 0 %, 0 %, 35270 MiB, 39.18 W
2026/09/20 18:42:02.968, 1, 0 %, 0 %, 35270 MiB, 38.56 W
2026/09/20 18:42:02.968, 2, 0 %, 0 %, 35270 MiB, 37.67 W
2026/09/20 18:42:07.968, 0, 0 %, 0 %, 35270 MiB, 39.17 W
2026/09/20 18:42:07.969, 1, 0 %, 0 %, 35270 MiB, 38.55 W
2026/09/20 18:42:07.969, 2, 0 %, 0 %, 35270 MiB, 37.46 W
2026/09/20 18:42:12.970, 0, 0 %, 0 %, 35270 MiB, 39.26 W
2026/09/20 18:42:12.970, 1, 0 %, 0 %, 35270 MiB, 38.44 W
2026/09/20 18:42:12.970, 2, 0 %, 0 %, 35270 MiB, 37.46 W
2026/09/20 18:42:17.972, 0, 0 %, 0 %, 35270 MiB, 39.29 W
2026/09/20 18:42:17.972, 1, 0 %, 0 %, 35270 MiB, 38.37 W
2026/09/20 18:42:17.972, 2, 0 %, 0 %, 35270 MiB, 37.46 W
2026/09/20 18:42:22.973, 0, 0 %, 0 %, 35270 MiB, 39.26 W
2026/09/20 18:42:22.974, 1, 0 %, 0 %, 35270 MiB, 38.36 W
2026/09/20 18:42:22.974, 2, 0 %, 0 %, 35270 MiB, 37.87 W
2026/09/20 18:42:27.975, 0, 0 %, 0 %, 35270 MiB, 39.08 W
2026/09/20 18:42:27.975, 1, 0 %, 0 %, 35270 MiB, 38.46 W
2026/09/20 18:42:27.975, 2, 0 %, 0 %, 35270 MiB, 37.67 W
2026/09/20 18:42:32.977, 0, 0 %, 0 %, 35270 MiB, 39.39 W
2026/09/20 18:42:32.977, 1, 0 %, 0 %, 35270 MiB, 38.65 W
2026/09/20 18:42:32.977, 2, 0 %, 0 %, 35270 MiB, 37.67 W
2026/09/20 18:42:37.979, 0, 0 %, 0 %, 35270 MiB, 39.17 W
2026/09/20 18:42:37.979, 1, 0 %, 0 %, 35270 MiB, 38.55 W
2026/09/20 18:42:37.979, 2, 0 %, 0 %, 35270 MiB, 37.47 W
2026/09/20 18:42:42.980, 0, 0 %, 0 %, 35270 MiB, 39.19 W
2026/09/20 18:42:42.980, 1, 0 %, 0 %, 35270 MiB, 38.48 W
2026/09/20 18:42:42.981, 2, 0 %, 0 %, 35270 MiB, 37.69 W
2026/09/20 18:42:47.982, 0, 0 %, 0 %, 35270 MiB, 39.24 W
2026/09/20 18:42:47.982, 1, 0 %, 0 %, 35270 MiB, 38.53 W
2026/09/20 18:42:47.983, 2, 0 %, 0 %, 35270 MiB, 37.63 W
2026/09/20 18:42:52.984, 0, 0 %, 0 %, 35270 MiB, 39.23 W
2026/09/20 18:42:52.985, 1, 0 %, 0 %, 35270 MiB, 38.51 W
2026/09/20 18:42:52.985, 2, 0 %, 0 %, 35270 MiB, 37.42 W
2026/09/20 18:42:57.986, 0, 0 %, 0 %, 35270 MiB, 39.05 W
2026/09/20 18:42:57.986, 1, 0 %, 0 %, 35270 MiB, 38.44 W
2026/09/20 18:42:57.986, 2, 0 %, 0 %, 35270 MiB, 37.44 W
2026/09/20 18:43:02.988, 0, 0 %, 0 %, 35270 MiB, 38.97 W
2026/09/20 18:43:02.988, 1, 0 %, 0 %, 35270 MiB, 38.34 W
2026/09/20 18:43:02.988, 2, 0 %, 0 %, 35270 MiB, 37.44 W
2026/09/20 18:43:07.990, 0, 0 %, 0 %, 35270 MiB, 39.16 W
2026/09/20 18:43:07.990, 1, 0 %, 0 %, 35270 MiB, 38.53 W
2026/09/20 18:43:07.991, 2, 0 %, 0 %, 35270 MiB, 37.35 W
2026/09/20 18:43:12.991, 0, 0 %, 0 %, 35270 MiB, 38.96 W
2026/09/20 18:43:12.992, 1, 0 %, 0 %, 35270 MiB, 38.34 W
2026/09/20 18:43:12.992, 2, 0 %, 0 %, 35270 MiB, 37.24 W
2026/09/20 18:43:17.994, 0, 0 %, 0 %, 35270 MiB, 38.97 W
2026/09/20 18:43:17.995, 1, 0 %, 0 %, 35270 MiB, 38.24 W
2026/09/20 18:43:17.995, 2, 0 %, 0 %, 35270 MiB, 37.15 W
2026/09/20 18:43:23.006, 0, 0 %, 0 %, 35270 MiB, 39.24 W
2026/09/20 18:43:23.006, 1, 0 %, 0 %, 35270 MiB, 38.42 W
2026/09/20 18:43:23.006, 2, 0 %, 0 %, 35270 MiB, 37.35 W
2026/09/20 18:43:28.008, 0, 0 %, 0 %, 35270 MiB, 38.96 W
2026/09/20 18:43:28.008, 1, 0 %, 0 %, 35270 MiB, 38.23 W
2026/09/20 18:43:28.008, 2, 0 %, 0 %, 35270 MiB, 37.24 W
2026/09/20 18:43:33.010, 0, 0 %, 0 %, 35270 MiB, 38.86 W
2026/09/20 18:43:33.010, 1, 0 %, 0 %, 35270 MiB, 38.03 W
2026/09/20 18:43:33.010, 2, 0 %, 0 %, 35270 MiB, 37.33 W
2026/09/20 18:43:38.012, 0, 0 %, 0 %, 35270 MiB, 38.65 W
2026/09/20 18:43:38.012, 1, 0 %, 0 %, 35270 MiB, 38.13 W
2026/09/20 18:43:38.012, 2, 0 %, 0 %, 35270 MiB, 37.44 W
2026/09/20 18:43:43.015, 0, 0 %, 0 %, 35270 MiB, 38.86 W
2026/09/20 18:43:43.016, 1, 0 %, 0 %, 35270 MiB, 38.32 W
2026/09/20 18:43:43.016, 2, 0 %, 0 %, 35270 MiB, 37.13 W
2026/09/20 18:43:48.017, 0, 0 %, 0 %, 35270 MiB, 38.77 W
2026/09/20 18:43:48.017, 1, 0 %, 0 %, 35270 MiB, 38.04 W
2026/09/20 18:43:48.018, 2, 0 %, 0 %, 35270 MiB, 37.05 W
2026/09/20 18:43:53.022, 0, 0 %, 0 %, 35270 MiB, 38.74 W
2026/09/20 18:43:53.023, 1, 0 %, 0 %, 35270 MiB, 38.03 W
2026/09/20 18:43:53.023, 2, 0 %, 0 %, 35270 MiB, 37.13 W
2026/09/20 18:43:58.024, 0, 0 %, 0 %, 35270 MiB, 38.75 W
2026/09/20 18:43:58.024, 1, 0 %, 0 %, 35270 MiB, 38.13 W
2026/09/20 18:43:58.024, 2, 0 %, 0 %, 35270 MiB, 37.35 W
2026/09/20 18:44:03.036, 0, 0 %, 0 %, 35270 MiB, 38.96 W
2026/09/20 18:44:03.036, 1, 0 %, 0 %, 35270 MiB, 38.23 W
2026/09/20 18:44:03.036, 2, 0 %, 0 %, 35270 MiB, 37.14 W
2026/09/20 18:44:08.037, 0, 0 %, 0 %, 35270 MiB, 38.85 W
2026/09/20 18:44:08.037, 1, 0 %, 0 %, 35270 MiB, 38.13 W
2026/09/20 18:44:08.038, 2, 0 %, 0 %, 35270 MiB, 37.03 W
2026/09/20 18:44:13.041, 0, 0 %, 0 %, 35270 MiB, 38.74 W
2026/09/20 18:44:13.041, 1, 0 %, 0 %, 35270 MiB, 38.12 W
2026/09/20 18:44:13.041, 2, 0 %, 0 %, 35270 MiB, 37.13 W
2026/09/20 18:44:18.043, 0, 0 %, 0 %, 35270 MiB, 38.75 W
2026/09/20 18:44:18.043, 1, 0 %, 0 %, 35270 MiB, 38.34 W
2026/09/20 18:44:18.043, 2, 0 %, 0 %, 35270 MiB, 37.45 W
2026/09/20 18:44:23.044, 0, 0 %, 0 %, 35270 MiB, 38.97 W
2026/09/20 18:44:23.044, 1, 0 %, 0 %, 35270 MiB, 38.15 W
2026/09/20 18:44:23.044, 2, 0 %, 0 %, 35270 MiB, 37.15 W
2026/09/20 18:44:28.046, 0, 0 %, 0 %, 35270 MiB, 38.85 W
2026/09/20 18:44:28.046, 1, 0 %, 0 %, 35270 MiB, 38.03 W
2026/09/20 18:44:28.046, 2, 0 %, 0 %, 35270 MiB, 37.24 W
2026/09/20 18:44:33.054, 0, 0 %, 0 %, 35270 MiB, 38.95 W
2026/09/20 18:44:33.054, 1, 0 %, 0 %, 35270 MiB, 38.03 W
2026/09/20 18:44:33.054, 2, 0 %, 0 %, 35270 MiB, 37.35 W
2026/09/20 18:44:38.058, 0, 0 %, 0 %, 35270 MiB, 38.96 W
2026/09/20 18:44:38.058, 1, 0 %, 0 %, 35270 MiB, 38.23 W
2026/09/20 18:44:38.058, 2, 0 %, 0 %, 35270 MiB, 37.34 W
2026/09/20 18:44:43.060, 0, 0 %, 0 %, 35270 MiB, 38.75 W
2026/09/20 18:44:43.060, 1, 0 %, 0 %, 35270 MiB, 38.05 W
2026/09/20 18:44:43.060, 2, 0 %, 0 %, 35270 MiB, 37.24 W
2026/09/20 18:44:48.061, 0, 0 %, 0 %, 35270 MiB, 38.65 W
2026/09/20 18:44:48.061, 1, 0 %, 0 %, 35270 MiB, 38.03 W
2026/09/20 18:44:48.061, 2, 0 %, 0 %, 35270 MiB, 37.24 W
2026/09/20 18:44:53.063, 0, 0 %, 0 %, 35270 MiB, 38.65 W
2026/09/20 18:44:53.063, 1, 0 %, 0 %, 35270 MiB, 38.03 W
2026/09/20 18:44:53.064, 2, 0 %, 0 %, 35270 MiB, 37.14 W
2026/09/20 18:44:58.065, 0, 0 %, 0 %, 35270 MiB, 38.88 W
2026/09/20 18:44:58.066, 1, 0 %, 0 %, 35270 MiB, 38.15 W
2026/09/20 18:44:58.066, 2, 0 %, 0 %, 35270 MiB, 37.16 W
2026/09/20 18:45:03.068, 0, 0 %, 0 %, 35270 MiB, 38.79 W
2026/09/20 18:45:03.068, 1, 0 %, 0 %, 35270 MiB, 38.08 W
2026/09/20 18:45:03.069, 2, 0 %, 0 %, 35270 MiB, 37.08 W
2026/09/20 18:45:08.070, 0, 0 %, 0 %, 35270 MiB, 38.60 W
2026/09/20 18:45:08.070, 1, 0 %, 0 %, 35270 MiB, 38.08 W
2026/09/20 18:45:08.071, 2, 0 %, 0 %, 35270 MiB, 37.18 W
2026/09/20 18:45:13.071, 0, 0 %, 0 %, 35270 MiB, 38.71 W
2026/09/20 18:45:13.072, 1, 0 %, 0 %, 35270 MiB, 38.47 W
2026/09/20 18:45:13.072, 2, 0 %, 0 %, 35270 MiB, 37.38 W
2026/09/20 18:45:18.072, 0, 0 %, 0 %, 35270 MiB, 38.80 W
2026/09/20 18:45:18.072, 1, 0 %, 0 %, 35270 MiB, 38.18 W
2026/09/20 18:45:18.072, 2, 0 %, 0 %, 35270 MiB, 37.28 W
2026/09/20 18:45:23.073, 0, 0 %, 0 %, 35270 MiB, 38.81 W
2026/09/20 18:45:23.073, 1, 0 %, 0 %, 35270 MiB, 38.18 W
2026/09/20 18:45:23.073, 2, 0 %, 0 %, 35270 MiB, 37.29 W
2026/09/20 18:45:28.073, 0, 0 %, 0 %, 35270 MiB, 38.81 W
2026/09/20 18:45:28.074, 1, 0 %, 0 %, 35270 MiB, 38.29 W
2026/09/20 18:45:28.074, 2, 0 %, 0 %, 35270 MiB, 37.28 W
2026/09/20 18:45:33.074, 0, 0 %, 0 %, 35270 MiB, 39.22 W
2026/09/20 18:45:33.074, 1, 0 %, 0 %, 35270 MiB, 38.28 W
2026/09/20 18:45:33.074, 2, 0 %, 0 %, 35270 MiB, 37.49 W
2026/09/20 18:45:38.075, 0, 100 %, 7 %, 35270 MiB, 92.08 W
2026/09/20 18:45:38.075, 1, 100 %, 7 %, 35270 MiB, 93.33 W
2026/09/20 18:45:38.075, 2, 100 %, 7 %, 35270 MiB, 93.12 W
2026/09/20 18:45:43.076, 0, 100 %, 11 %, 35270 MiB, 92.00 W
2026/09/20 18:45:43.076, 1, 100 %, 7 %, 35270 MiB, 95.29 W
2026/09/20 18:45:43.076, 2, 100 %, 10 %, 35270 MiB, 90.59 W
2026/09/20 18:45:48.076, 0, 100 %, 10 %, 35270 MiB, 98.99 W
2026/09/20 18:45:48.077, 1, 100 %, 7 %, 35270 MiB, 91.84 W
2026/09/20 18:45:48.077, 2, 100 %, 7 %, 35270 MiB, 93.74 W
2026/09/20 18:45:53.077, 0, 100 %, 6 %, 35270 MiB, 99.96 W
2026/09/20 18:45:53.077, 1, 100 %, 7 %, 35270 MiB, 92.59 W
2026/09/20 18:45:53.078, 2, 100 %, 7 %, 35270 MiB, 98.39 W
2026/09/20 18:45:58.078, 0, 100 %, 7 %, 35270 MiB, 93.53 W
2026/09/20 18:45:58.079, 1, 99 %, 10 %, 35270 MiB, 94.22 W
2026/09/20 18:45:58.079, 2, 100 %, 6 %, 35270 MiB, 94.71 W
2026/09/20 18:46:03.079, 0, 100 %, 7 %, 35270 MiB, 93.68 W
2026/09/20 18:46:03.079, 1, 100 %, 7 %, 35270 MiB, 96.13 W
2026/09/20 18:46:03.079, 2, 100 %, 7 %, 35270 MiB, 94.85 W
2026/09/20 18:46:08.080, 0, 100 %, 7 %, 35270 MiB, 98.35 W
2026/09/20 18:46:08.080, 1, 100 %, 7 %, 35270 MiB, 93.89 W
2026/09/20 18:46:08.080, 2, 100 %, 7 %, 35270 MiB, 95.19 W
2026/09/20 18:46:13.081, 0, 100 %, 7 %, 35270 MiB, 95.84 W
2026/09/20 18:46:13.081, 1, 100 %, 7 %, 35270 MiB, 99.95 W
2026/09/20 18:46:13.081, 2, 99 %, 6 %, 35270 MiB, 96.70 W
2026/09/20 18:46:18.081, 0, 100 %, 7 %, 35270 MiB, 98.49 W
2026/09/20 18:46:18.081, 1, 99 %, 6 %, 35270 MiB, 97.35 W
2026/09/20 18:46:18.081, 2, 100 %, 7 %, 35270 MiB, 97.76 W
2026/09/20 18:46:23.082, 0, 100 %, 6 %, 35270 MiB, 96.22 W
2026/09/20 18:46:23.082, 1, 100 %, 7 %, 35270 MiB, 100.35 W
2026/09/20 18:46:23.082, 2, 100 %, 10 %, 35270 MiB, 97.31 W
2026/09/20 18:46:28.082, 0, 100 %, 10 %, 35270 MiB, 98.96 W
2026/09/20 18:46:28.083, 1, 100 %, 7 %, 35270 MiB, 104.18 W
2026/09/20 18:46:28.083, 2, 100 %, 7 %, 35270 MiB, 99.52 W
2026/09/20 18:46:33.083, 0, 100 %, 7 %, 35270 MiB, 101.25 W
2026/09/20 18:46:33.083, 1, 100 %, 7 %, 35270 MiB, 97.41 W
2026/09/20 18:46:33.083, 2, 100 %, 7 %, 35270 MiB, 98.14 W
2026/09/20 18:46:38.084, 0, 100 %, 7 %, 35270 MiB, 102.77 W
2026/09/20 18:46:38.084, 1, 100 %, 7 %, 35270 MiB, 101.51 W
2026/09/20 18:46:38.084, 2, 100 %, 7 %, 35270 MiB, 104.87 W
2026/09/20 18:46:43.084, 0, 100 %, 7 %, 35270 MiB, 98.94 W
2026/09/20 18:46:43.085, 1, 100 %, 7 %, 35270 MiB, 96.73 W
2026/09/20 18:46:43.085, 2, 100 %, 7 %, 35270 MiB, 100.37 W
2026/09/20 18:46:48.085, 0, 100 %, 7 %, 35270 MiB, 160.28 W
2026/09/20 18:46:48.085, 1, 100 %, 7 %, 35270 MiB, 95.08 W
2026/09/20 18:46:48.085, 2, 100 %, 7 %, 35270 MiB, 150.26 W
2026/09/20 18:46:53.086, 0, 100 %, 10 %, 35270 MiB, 98.37 W
2026/09/20 18:46:53.086, 1, 100 %, 7 %, 35270 MiB, 104.04 W
2026/09/20 18:46:53.086, 2, 100 %, 7 %, 35270 MiB, 96.86 W
2026/09/20 18:46:58.086, 0, 100 %, 7 %, 35270 MiB, 100.80 W
2026/09/20 18:46:58.087, 1, 100 %, 7 %, 35270 MiB, 97.45 W
2026/09/20 18:46:58.087, 2, 100 %, 7 %, 35270 MiB, 96.81 W
2026/09/20 18:47:03.087, 0, 100 %, 7 %, 35270 MiB, 100.43 W
2026/09/20 18:47:03.087, 1, 100 %, 7 %, 35270 MiB, 101.97 W
2026/09/20 18:47:03.088, 2, 100 %, 10 %, 35270 MiB, 98.93 W
2026/09/20 18:47:08.088, 0, 100 %, 11 %, 35270 MiB, 103.89 W
2026/09/20 18:47:08.089, 1, 100 %, 7 %, 35270 MiB, 99.23 W
2026/09/20 18:47:08.089, 2, 100 %, 7 %, 35270 MiB, 96.11 W
2026/09/20 18:47:13.090, 0, 100 %, 7 %, 35270 MiB, 100.03 W
2026/09/20 18:47:13.090, 1, 100 %, 7 %, 35270 MiB, 102.29 W
2026/09/20 18:47:13.090, 2, 100 %, 7 %, 35270 MiB, 101.99 W
2026/09/20 18:47:18.091, 0, 100 %, 13 %, 35270 MiB, 98.55 W
2026/09/20 18:47:18.091, 1, 100 %, 7 %, 35270 MiB, 101.03 W
2026/09/20 18:47:18.091, 2, 100 %, 6 %, 35270 MiB, 100.17 W
2026/09/20 18:47:23.091, 0, 100 %, 7 %, 35270 MiB, 100.54 W
2026/09/20 18:47:23.091, 1, 100 %, 7 %, 35270 MiB, 96.94 W
2026/09/20 18:47:23.092, 2, 100 %, 7 %, 35270 MiB, 104.83 W
2026/09/20 18:47:28.092, 0, 100 %, 7 %, 35270 MiB, 97.79 W
2026/09/20 18:47:28.092, 1, 100 %, 10 %, 35270 MiB, 98.43 W
2026/09/20 18:47:28.092, 2, 100 %, 6 %, 35270 MiB, 95.53 W
2026/09/20 18:47:33.093, 0, 100 %, 12 %, 35270 MiB, 99.49 W
2026/09/20 18:47:33.093, 1, 100 %, 7 %, 35270 MiB, 99.15 W
2026/09/20 18:47:33.093, 2, 100 %, 7 %, 35270 MiB, 96.46 W
2026/09/20 18:47:38.093, 0, 100 %, 7 %, 35270 MiB, 97.28 W
2026/09/20 18:47:38.093, 1, 100 %, 11 %, 35270 MiB, 101.69 W
2026/09/20 18:47:38.093, 2, 100 %, 9 %, 35270 MiB, 101.25 W
2026/09/20 18:47:43.094, 0, 100 %, 11 %, 35270 MiB, 96.22 W
2026/09/20 18:47:43.094, 1, 100 %, 6 %, 35270 MiB, 98.29 W
2026/09/20 18:47:43.094, 2, 100 %, 11 %, 35270 MiB, 96.58 W
2026/09/20 18:47:48.094, 0, 100 %, 6 %, 35270 MiB, 145.42 W
2026/09/20 18:47:48.095, 1, 100 %, 15 %, 35270 MiB, 101.81 W
2026/09/20 18:47:48.095, 2, 100 %, 7 %, 35270 MiB, 100.88 W
2026/09/20 18:47:53.095, 0, 100 %, 7 %, 35270 MiB, 162.24 W
2026/09/20 18:47:53.096, 1, 100 %, 11 %, 35270 MiB, 104.27 W
2026/09/20 18:47:53.096, 2, 100 %, 7 %, 35270 MiB, 98.34 W
2026/09/20 18:47:58.096, 0, 100 %, 7 %, 35270 MiB, 175.82 W
2026/09/20 18:47:58.096, 1, 100 %, 11 %, 35270 MiB, 100.90 W
2026/09/20 18:47:58.096, 2, 100 %, 11 %, 35270 MiB, 98.43 W
2026/09/20 18:48:03.097, 0, 100 %, 7 %, 35270 MiB, 101.05 W
2026/09/20 18:48:03.097, 1, 100 %, 7 %, 35270 MiB, 103.02 W
2026/09/20 18:48:03.097, 2, 100 %, 7 %, 35270 MiB, 104.26 W
2026/09/20 18:48:08.097, 0, 100 %, 7 %, 35270 MiB, 103.73 W
2026/09/20 18:48:08.098, 1, 100 %, 7 %, 35270 MiB, 114.53 W
2026/09/20 18:48:08.098, 2, 100 %, 7 %, 35270 MiB, 97.27 W
2026/09/20 18:48:13.098, 0, 100 %, 6 %, 35270 MiB, 104.11 W
2026/09/20 18:48:13.098, 1, 100 %, 7 %, 35270 MiB, 158.01 W
2026/09/20 18:48:13.098, 2, 100 %, 11 %, 35270 MiB, 100.22 W
2026/09/20 18:48:18.099, 0, 56 %, 4 %, 35270 MiB, 91.54 W
2026/09/20 18:48:18.099, 1, 56 %, 4 %, 35270 MiB, 85.83 W
2026/09/20 18:48:18.099, 2, 100 %, 7 %, 35270 MiB, 105.28 W
2026/09/20 18:48:23.099, 0, 0 %, 0 %, 35270 MiB, 45.16 W
2026/09/20 18:48:23.100, 1, 0 %, 0 %, 35270 MiB, 44.62 W
2026/09/20 18:48:23.100, 2, 0 %, 0 %, 35270 MiB, 43.27 W
2026/09/20 18:48:28.101, 0, 0 %, 0 %, 35270 MiB, 44.72 W
2026/09/20 18:48:28.102, 1, 0 %, 0 %, 35270 MiB, 44.10 W
2026/09/20 18:48:28.102, 2, 0 %, 0 %, 35270 MiB, 42.84 W
2026/09/20 18:48:33.102, 0, 0 %, 0 %, 35270 MiB, 44.50 W
2026/09/20 18:48:33.102, 1, 0 %, 0 %, 35270 MiB, 43.97 W
2026/09/20 18:48:33.102, 2, 0 %, 0 %, 35270 MiB, 42.60 W
2026/09/20 18:48:38.104, 0, 0 %, 0 %, 35270 MiB, 44.10 W
2026/09/20 18:48:38.104, 1, 0 %, 0 %, 35270 MiB, 43.26 W
2026/09/20 18:48:38.104, 2, 0 %, 0 %, 35270 MiB, 42.21 W
2026/09/20 18:48:43.105, 0, 0 %, 0 %, 35270 MiB, 43.61 W
2026/09/20 18:48:43.105, 1, 0 %, 0 %, 35270 MiB, 42.69 W
2026/09/20 18:48:43.106, 2, 0 %, 0 %, 35270 MiB, 41.72 W
2026/09/20 18:48:48.107, 0, 0 %, 0 %, 35270 MiB, 43.01 W
2026/09/20 18:48:48.107, 1, 0 %, 0 %, 35270 MiB, 42.78 W
2026/09/20 18:48:48.107, 2, 0 %, 0 %, 35270 MiB, 41.52 W
2026/09/20 18:48:53.108, 0, 0 %, 0 %, 35270 MiB, 42.80 W
2026/09/20 18:48:53.109, 1, 0 %, 0 %, 35270 MiB, 42.19 W
2026/09/20 18:48:53.109, 2, 0 %, 0 %, 35270 MiB, 40.92 W
2026/09/20 18:48:58.110, 0, 0 %, 0 %, 35270 MiB, 42.72 W
2026/09/20 18:48:58.110, 1, 0 %, 0 %, 35270 MiB, 41.79 W
2026/09/20 18:48:58.110, 2, 0 %, 0 %, 35270 MiB, 40.73 W
2026/09/20 18:49:03.112, 0, 0 %, 0 %, 35270 MiB, 42.51 W
2026/09/20 18:49:03.112, 1, 0 %, 0 %, 35270 MiB, 41.60 W
2026/09/20 18:49:03.113, 2, 0 %, 0 %, 35270 MiB, 40.53 W
2026/09/20 18:49:08.114, 0, 0 %, 0 %, 35270 MiB, 42.52 W
2026/09/20 18:49:08.114, 1, 0 %, 0 %, 35270 MiB, 41.40 W
2026/09/20 18:49:08.115, 2, 0 %, 0 %, 35270 MiB, 40.43 W
2026/09/20 18:49:13.115, 0, 0 %, 0 %, 35270 MiB, 42.03 W
2026/09/20 18:49:13.115, 1, 0 %, 0 %, 35270 MiB, 41.11 W
2026/09/20 18:49:13.116, 2, 0 %, 0 %, 35270 MiB, 40.24 W
2026/09/20 18:49:18.117, 0, 0 %, 0 %, 35270 MiB, 41.83 W
2026/09/20 18:49:18.117, 1, 0 %, 0 %, 35270 MiB, 41.00 W
2026/09/20 18:49:18.117, 2, 0 %, 0 %, 35270 MiB, 39.82 W
2026/09/20 18:49:23.118, 0, 0 %, 0 %, 35270 MiB, 41.65 W
2026/09/20 18:49:23.119, 1, 0 %, 0 %, 35270 MiB, 41.11 W
2026/09/20 18:49:23.119, 2, 0 %, 0 %, 35270 MiB, 39.74 W
2026/09/20 18:49:28.120, 0, 0 %, 0 %, 35270 MiB, 41.83 W
2026/09/20 18:49:28.120, 1, 0 %, 0 %, 35270 MiB, 40.90 W
2026/09/20 18:49:28.120, 2, 0 %, 0 %, 35270 MiB, 39.72 W
2026/09/20 18:49:33.122, 0, 0 %, 0 %, 35270 MiB, 41.54 W
2026/09/20 18:49:33.122, 1, 0 %, 0 %, 35270 MiB, 40.81 W
2026/09/20 18:49:33.123, 2, 0 %, 0 %, 35270 MiB, 39.62 W
2026/09/20 18:49:38.124, 0, 0 %, 0 %, 35270 MiB, 41.43 W
2026/09/20 18:49:38.124, 1, 0 %, 0 %, 35270 MiB, 40.81 W
2026/09/20 18:49:38.125, 2, 0 %, 0 %, 35270 MiB, 39.53 W
2026/09/20 18:49:43.126, 0, 0 %, 0 %, 35270 MiB, 41.33 W
2026/09/20 18:49:43.126, 1, 0 %, 0 %, 35270 MiB, 40.61 W
2026/09/20 18:49:43.126, 2, 0 %, 0 %, 35270 MiB, 39.53 W
2026/09/20 18:49:48.127, 0, 0 %, 0 %, 35270 MiB, 41.24 W
2026/09/20 18:49:48.128, 1, 0 %, 0 %, 35270 MiB, 40.42 W
2026/09/20 18:49:48.128, 2, 0 %, 0 %, 35270 MiB, 39.23 W
2026/09/20 18:49:53.128, 0, 0 %, 0 %, 35270 MiB, 41.15 W
2026/09/20 18:49:53.129, 1, 0 %, 0 %, 35270 MiB, 40.34 W
2026/09/20 18:49:53.129, 2, 0 %, 0 %, 35270 MiB, 39.15 W
2026/09/20 18:49:58.130, 0, 0 %, 0 %, 35270 MiB, 41.06 W
2026/09/20 18:49:58.130, 1, 0 %, 0 %, 35270 MiB, 40.23 W
2026/09/20 18:49:58.130, 2, 0 %, 0 %, 35270 MiB, 39.15 W
2026/09/20 18:50:03.131, 0, 0 %, 0 %, 35270 MiB, 40.77 W
2026/09/20 18:50:03.132, 1, 0 %, 0 %, 35270 MiB, 39.94 W
2026/09/20 18:50:03.132, 2, 0 %, 0 %, 35270 MiB, 39.26 W
2026/09/20 18:50:08.133, 0, 0 %, 0 %, 35270 MiB, 41.07 W
2026/09/20 18:50:08.133, 1, 0 %, 0 %, 35270 MiB, 40.04 W
2026/09/20 18:50:08.134, 2, 0 %, 0 %, 35270 MiB, 39.16 W
2026/09/20 18:50:13.135, 0, 0 %, 0 %, 35270 MiB, 40.88 W
2026/09/20 18:50:13.135, 1, 0 %, 0 %, 35270 MiB, 40.05 W
2026/09/20 18:50:13.135, 2, 0 %, 0 %, 35270 MiB, 39.07 W
2026/09/20 18:50:18.136, 0, 0 %, 0 %, 35270 MiB, 41.07 W
2026/09/20 18:50:18.137, 1, 0 %, 0 %, 35270 MiB, 39.84 W
2026/09/20 18:50:18.137, 2, 0 %, 0 %, 35270 MiB, 39.06 W
2026/09/20 18:50:23.138, 0, 0 %, 0 %, 35270 MiB, 41.07 W
2026/09/20 18:50:23.138, 1, 0 %, 0 %, 35270 MiB, 39.87 W
2026/09/20 18:50:23.138, 2, 0 %, 0 %, 35270 MiB, 39.06 W
2026/09/20 18:50:28.140, 0, 0 %, 0 %, 35270 MiB, 40.95 W
2026/09/20 18:50:28.141, 1, 0 %, 0 %, 35270 MiB, 39.83 W
2026/09/20 18:50:28.141, 2, 0 %, 0 %, 35270 MiB, 38.86 W
2026/09/20 18:50:33.142, 0, 0 %, 0 %, 35270 MiB, 40.93 W
2026/09/20 18:50:33.143, 1, 0 %, 0 %, 35270 MiB, 39.91 W
2026/09/20 18:50:33.143, 2, 0 %, 0 %, 35270 MiB, 38.84 W
2026/09/20 18:50:38.144, 0, 0 %, 0 %, 35270 MiB, 40.93 W
2026/09/20 18:50:38.144, 1, 0 %, 0 %, 35270 MiB, 39.62 W
2026/09/20 18:50:38.145, 2, 0 %, 0 %, 35270 MiB, 38.94 W
2026/09/20 18:50:43.146, 0, 0 %, 0 %, 35270 MiB, 40.74 W
2026/09/20 18:50:43.147, 1, 0 %, 0 %, 35270 MiB, 39.41 W
2026/09/20 18:50:43.147, 2, 0 %, 0 %, 35270 MiB, 38.63 W
2026/09/20 18:50:48.148, 0, 0 %, 0 %, 35270 MiB, 40.52 W
2026/09/20 18:50:48.149, 1, 0 %, 0 %, 35270 MiB, 39.71 W
2026/09/20 18:50:48.149, 2, 0 %, 0 %, 35270 MiB, 38.43 W
2026/09/20 18:50:53.150, 0, 0 %, 0 %, 35270 MiB, 40.43 W
2026/09/20 18:50:53.150, 1, 0 %, 0 %, 35270 MiB, 39.31 W
2026/09/20 18:50:53.151, 2, 0 %, 0 %, 35270 MiB, 38.63 W
2026/09/20 18:50:58.151, 0, 0 %, 0 %, 35270 MiB, 40.47 W
2026/09/20 18:50:58.152, 1, 0 %, 0 %, 35270 MiB, 39.34 W
2026/09/20 18:50:58.152, 2, 0 %, 0 %, 35270 MiB, 38.63 W
2026/09/20 18:51:03.153, 0, 0 %, 0 %, 35270 MiB, 40.42 W
2026/09/20 18:51:03.153, 1, 0 %, 0 %, 35270 MiB, 39.31 W
2026/09/20 18:51:03.153, 2, 0 %, 0 %, 35270 MiB, 38.62 W
2026/09/20 18:51:08.155, 0, 0 %, 0 %, 35270 MiB, 40.33 W
2026/09/20 18:51:08.155, 1, 0 %, 0 %, 35270 MiB, 39.31 W
2026/09/20 18:51:08.156, 2, 0 %, 0 %, 35270 MiB, 38.53 W
2026/09/20 18:51:13.157, 0, 0 %, 0 %, 35270 MiB, 40.33 W
2026/09/20 18:51:13.158, 1, 0 %, 0 %, 35270 MiB, 39.02 W
2026/09/20 18:51:13.158, 2, 0 %, 0 %, 35270 MiB, 38.43 W
2026/09/20 18:51:18.158, 0, 0 %, 0 %, 35270 MiB, 40.38 W
2026/09/20 18:51:18.159, 1, 0 %, 0 %, 35270 MiB, 38.88 W
2026/09/20 18:51:18.159, 2, 0 %, 0 %, 35270 MiB, 38.37 W
2026/09/20 18:51:23.160, 0, 0 %, 0 %, 35270 MiB, 40.06 W
2026/09/20 18:51:23.160, 1, 0 %, 0 %, 35270 MiB, 38.95 W
2026/09/20 18:51:23.160, 2, 0 %, 0 %, 35270 MiB, 38.46 W
2026/09/20 18:51:28.162, 0, 0 %, 0 %, 35270 MiB, 40.02 W
2026/09/20 18:51:28.163, 1, 0 %, 0 %, 35270 MiB, 38.90 W
2026/09/20 18:51:28.163, 2, 0 %, 0 %, 35270 MiB, 38.42 W
2026/09/20 18:51:33.164, 0, 0 %, 0 %, 35270 MiB, 39.92 W
2026/09/20 18:51:33.165, 1, 0 %, 0 %, 35270 MiB, 39.11 W
2026/09/20 18:51:33.165, 2, 0 %, 0 %, 35270 MiB, 38.13 W
2026/09/20 18:51:38.166, 0, 0 %, 0 %, 35270 MiB, 40.02 W
2026/09/20 18:51:38.167, 1, 0 %, 0 %, 35270 MiB, 38.82 W
2026/09/20 18:51:38.167, 2, 0 %, 0 %, 35270 MiB, 38.23 W
2026/09/20 18:51:43.167, 0, 0 %, 0 %, 35270 MiB, 39.94 W
2026/09/20 18:51:43.168, 1, 0 %, 0 %, 35270 MiB, 39.12 W
2026/09/20 18:51:43.168, 2, 0 %, 0 %, 35270 MiB, 38.24 W
2026/09/20 18:51:48.168, 0, 0 %, 0 %, 35270 MiB, 39.95 W
2026/09/20 18:51:48.169, 1, 0 %, 0 %, 35270 MiB, 38.85 W
2026/09/20 18:51:48.169, 2, 0 %, 0 %, 35270 MiB, 38.16 W
2026/09/20 18:51:53.169, 0, 0 %, 0 %, 35270 MiB, 39.94 W
2026/09/20 18:51:53.170, 1, 0 %, 0 %, 35270 MiB, 38.83 W
2026/09/20 18:51:53.170, 2, 0 %, 0 %, 35270 MiB, 38.34 W
2026/09/20 18:51:58.171, 0, 0 %, 0 %, 35270 MiB, 40.04 W
2026/09/20 18:51:58.171, 1, 0 %, 0 %, 35270 MiB, 38.94 W
2026/09/20 18:51:58.171, 2, 0 %, 0 %, 35270 MiB, 38.24 W
2026/09/20 18:52:03.173, 0, 0 %, 0 %, 35270 MiB, 39.84 W
2026/09/20 18:52:03.174, 1, 0 %, 0 %, 35270 MiB, 38.92 W
2026/09/20 18:52:03.174, 2, 0 %, 0 %, 35270 MiB, 38.14 W
2026/09/20 18:52:08.175, 0, 0 %, 0 %, 35270 MiB, 39.84 W
2026/09/20 18:52:08.175, 1, 0 %, 0 %, 35270 MiB, 38.93 W
2026/09/20 18:52:08.176, 2, 0 %, 0 %, 35270 MiB, 38.24 W
2026/09/20 18:52:13.177, 0, 0 %, 0 %, 35270 MiB, 40.07 W
2026/09/20 18:52:13.177, 1, 0 %, 0 %, 35270 MiB, 38.85 W
2026/09/20 18:52:13.178, 2, 0 %, 0 %, 35270 MiB, 38.36 W
2026/09/20 18:52:18.179, 0, 0 %, 0 %, 35270 MiB, 39.94 W
2026/09/20 18:52:18.180, 1, 0 %, 0 %, 35270 MiB, 38.63 W
2026/09/20 18:52:18.180, 2, 0 %, 0 %, 35270 MiB, 38.24 W
2026/09/20 18:52:23.181, 0, 0 %, 0 %, 35270 MiB, 39.92 W
2026/09/20 18:52:23.182, 1, 0 %, 0 %, 35270 MiB, 38.73 W
2026/09/20 18:52:23.182, 2, 0 %, 0 %, 35270 MiB, 38.23 W
2026/09/20 18:52:28.183, 0, 0 %, 0 %, 35270 MiB, 40.02 W
2026/09/20 18:52:28.183, 1, 0 %, 0 %, 35270 MiB, 38.71 W
2026/09/20 18:52:28.184, 2, 0 %, 0 %, 35270 MiB, 38.23 W
2026/09/20 18:52:33.184, 0, 0 %, 0 %, 35270 MiB, 40.02 W
2026/09/20 18:52:33.185, 1, 0 %, 0 %, 35270 MiB, 38.62 W
2026/09/20 18:52:33.185, 2, 0 %, 0 %, 35270 MiB, 38.23 W
2026/09/20 18:52:38.186, 0, 0 %, 0 %, 35270 MiB, 39.35 W
2026/09/20 18:52:38.187, 1, 0 %, 0 %, 35270 MiB, 38.73 W
2026/09/20 18:52:38.187, 2, 0 %, 0 %, 35270 MiB, 38.14 W
2026/09/20 18:52:43.187, 0, 0 %, 0 %, 35270 MiB, 39.85 W
2026/09/20 18:52:43.188, 1, 0 %, 0 %, 35270 MiB, 38.65 W
2026/09/20 18:52:43.188, 2, 0 %, 0 %, 35270 MiB, 37.96 W
2026/09/20 18:52:48.188, 0, 0 %, 0 %, 35270 MiB, 39.69 W
2026/09/20 18:52:48.189, 1, 0 %, 0 %, 35270 MiB, 38.68 W
2026/09/20 18:52:48.189, 2, 0 %, 0 %, 35270 MiB, 37.99 W
2026/09/20 18:52:53.189, 0, 0 %, 0 %, 35270 MiB, 39.83 W
2026/09/20 18:52:53.190, 1, 0 %, 0 %, 35270 MiB, 39.12 W
2026/09/20 18:52:53.190, 2, 0 %, 0 %, 35270 MiB, 37.94 W
2026/09/20 18:52:58.190, 0, 0 %, 0 %, 35270 MiB, 39.65 W
2026/09/20 18:52:58.191, 1, 0 %, 0 %, 35270 MiB, 39.12 W
2026/09/20 18:52:58.191, 2, 0 %, 0 %, 35270 MiB, 38.04 W
2026/09/20 18:53:03.192, 0, 0 %, 0 %, 35270 MiB, 39.65 W
2026/09/20 18:53:03.193, 1, 0 %, 0 %, 35270 MiB, 39.15 W
2026/09/20 18:53:03.193, 2, 0 %, 0 %, 35270 MiB, 37.97 W
2026/09/20 18:53:08.193, 0, 0 %, 0 %, 35270 MiB, 39.65 W
2026/09/20 18:53:08.194, 1, 0 %, 0 %, 35270 MiB, 39.12 W
2026/09/20 18:53:08.194, 2, 0 %, 0 %, 35270 MiB, 37.87 W
2026/09/20 18:53:13.195, 0, 0 %, 0 %, 35270 MiB, 39.65 W
2026/09/20 18:53:13.195, 1, 0 %, 0 %, 35270 MiB, 39.23 W
2026/09/20 18:53:13.195, 2, 0 %, 0 %, 35270 MiB, 37.87 W
2026/09/20 18:53:18.197, 0, 0 %, 0 %, 35270 MiB, 39.57 W
2026/09/20 18:53:18.197, 1, 0 %, 0 %, 35270 MiB, 39.15 W
2026/09/20 18:53:18.198, 2, 0 %, 0 %, 35270 MiB, 37.87 W
2026/09/20 18:53:23.199, 0, 0 %, 0 %, 35270 MiB, 39.63 W
2026/09/20 18:53:23.199, 1, 0 %, 0 %, 35270 MiB, 38.92 W
2026/09/20 18:53:23.199, 2, 0 %, 0 %, 35270 MiB, 37.84 W
2026/09/20 18:53:28.201, 0, 0 %, 0 %, 35270 MiB, 39.73 W
2026/09/20 18:53:28.202, 1, 0 %, 0 %, 35270 MiB, 38.83 W
2026/09/20 18:53:28.202, 2, 0 %, 0 %, 35270 MiB, 37.75 W
2026/09/20 18:53:33.202, 0, 0 %, 0 %, 35270 MiB, 39.55 W
2026/09/20 18:53:33.202, 1, 0 %, 0 %, 35270 MiB, 38.92 W
2026/09/20 18:53:33.202, 2, 0 %, 0 %, 35270 MiB, 37.94 W
2026/09/20 18:53:38.203, 0, 0 %, 0 %, 35270 MiB, 39.44 W
2026/09/20 18:53:38.203, 1, 0 %, 0 %, 35270 MiB, 38.92 W
2026/09/20 18:53:38.203, 2, 0 %, 0 %, 35270 MiB, 37.75 W
2026/09/20 18:53:43.205, 0, 0 %, 0 %, 35270 MiB, 39.26 W
2026/09/20 18:53:43.206, 1, 0 %, 0 %, 35270 MiB, 38.75 W
2026/09/20 18:53:43.206, 2, 0 %, 0 %, 35270 MiB, 37.77 W
2026/09/20 18:53:48.206, 0, 0 %, 0 %, 35270 MiB, 39.54 W
2026/09/20 18:53:48.207, 1, 0 %, 0 %, 35270 MiB, 39.11 W
2026/09/20 18:53:48.207, 2, 0 %, 0 %, 35270 MiB, 37.94 W
2026/09/20 18:53:53.207, 0, 0 %, 0 %, 35270 MiB, 39.35 W
2026/09/20 18:53:53.208, 1, 0 %, 0 %, 35270 MiB, 38.83 W
2026/09/20 18:53:53.208, 2, 0 %, 0 %, 35270 MiB, 37.54 W
2026/09/20 18:53:58.209, 0, 0 %, 0 %, 35270 MiB, 39.40 W
2026/09/20 18:53:58.209, 1, 0 %, 0 %, 35270 MiB, 38.78 W
2026/09/20 18:53:58.210, 2, 0 %, 0 %, 35270 MiB, 37.59 W
2026/09/20 18:54:03.210, 0, 0 %, 0 %, 35270 MiB, 39.27 W
2026/09/20 18:54:03.211, 1, 0 %, 0 %, 35270 MiB, 38.75 W
2026/09/20 18:54:03.211, 2, 0 %, 0 %, 35270 MiB, 37.56 W
2026/09/20 18:54:08.212, 0, 0 %, 0 %, 35270 MiB, 39.36 W
2026/09/20 18:54:08.213, 1, 0 %, 0 %, 35270 MiB, 38.84 W
2026/09/20 18:54:08.213, 2, 0 %, 0 %, 35270 MiB, 37.67 W
2026/09/20 18:54:13.214, 0, 0 %, 0 %, 35270 MiB, 39.31 W
2026/09/20 18:54:13.214, 1, 0 %, 0 %, 35270 MiB, 38.68 W
2026/09/20 18:54:13.214, 2, 0 %, 0 %, 35270 MiB, 37.59 W
2026/09/20 18:54:18.215, 0, 0 %, 0 %, 35270 MiB, 39.38 W
2026/09/20 18:54:18.216, 1, 0 %, 0 %, 35270 MiB, 38.85 W
2026/09/20 18:54:18.216, 2, 0 %, 0 %, 35270 MiB, 37.47 W
2026/09/20 18:54:23.216, 0, 0 %, 0 %, 35270 MiB, 39.31 W
2026/09/20 18:54:23.217, 1, 0 %, 0 %, 35270 MiB, 38.97 W
2026/09/20 18:54:23.217, 2, 0 %, 0 %, 35270 MiB, 37.59 W
2026/09/20 18:54:28.218, 0, 0 %, 0 %, 35270 MiB, 39.40 W
2026/09/20 18:54:28.218, 1, 0 %, 0 %, 35270 MiB, 38.88 W
2026/09/20 18:54:28.219, 2, 0 %, 0 %, 35270 MiB, 37.70 W
2026/09/20 18:54:33.220, 0, 0 %, 0 %, 35270 MiB, 39.39 W
2026/09/20 18:54:33.221, 1, 0 %, 0 %, 35270 MiB, 38.65 W
2026/09/20 18:54:33.221, 2, 0 %, 0 %, 35270 MiB, 37.67 W
2026/09/20 18:54:38.221, 0, 0 %, 0 %, 35270 MiB, 39.46 W
2026/09/20 18:54:38.222, 1, 0 %, 0 %, 35270 MiB, 38.64 W
2026/09/20 18:54:38.222, 2, 0 %, 0 %, 35270 MiB, 37.54 W
2026/09/20 18:54:43.223, 0, 0 %, 0 %, 35270 MiB, 39.56 W
2026/09/20 18:54:43.223, 1, 0 %, 0 %, 35270 MiB, 38.75 W
2026/09/20 18:54:43.223, 2, 0 %, 0 %, 35270 MiB, 37.56 W
2026/09/20 18:54:48.223, 0, 0 %, 0 %, 35270 MiB, 39.31 W
2026/09/20 18:54:48.224, 1, 0 %, 0 %, 35270 MiB, 38.68 W
2026/09/20 18:54:48.224, 2, 0 %, 0 %, 35270 MiB, 37.69 W
2026/09/20 18:54:53.224, 0, 0 %, 0 %, 35270 MiB, 39.31 W
2026/09/20 18:54:53.225, 1, 0 %, 0 %, 35270 MiB, 38.68 W
2026/09/20 18:54:53.225, 2, 0 %, 0 %, 35270 MiB, 37.59 W
2026/09/20 18:54:58.226, 0, 0 %, 0 %, 35270 MiB, 39.31 W
2026/09/20 18:54:58.226, 1, 0 %, 0 %, 35270 MiB, 38.68 W
2026/09/20 18:54:58.227, 2, 0 %, 0 %, 35270 MiB, 37.58 W
2026/09/20 18:55:03.228, 0, 0 %, 0 %, 35270 MiB, 39.47 W
2026/09/20 18:55:03.229, 1, 0 %, 0 %, 35270 MiB, 38.75 W
2026/09/20 18:55:03.229, 2, 0 %, 0 %, 35270 MiB, 37.80 W
2026/09/20 18:55:08.229, 0, 0 %, 0 %, 35270 MiB, 39.29 W
2026/09/20 18:55:08.230, 1, 0 %, 0 %, 35270 MiB, 38.75 W
2026/09/20 18:55:08.230, 2, 0 %, 0 %, 35270 MiB, 37.58 W
2026/09/20 18:55:13.230, 0, 0 %, 0 %, 35270 MiB, 39.31 W
2026/09/20 18:55:13.231, 1, 0 %, 0 %, 35270 MiB, 38.88 W
2026/09/20 18:55:13.231, 2, 0 %, 0 %, 35270 MiB, 37.59 W
2026/09/20 18:55:18.232, 0, 0 %, 0 %, 35270 MiB, 39.26 W
2026/09/20 18:55:18.233, 1, 0 %, 0 %, 35270 MiB, 38.95 W
2026/09/20 18:55:18.233, 2, 0 %, 0 %, 35270 MiB, 37.56 W
2026/09/20 18:55:23.233, 0, 0 %, 0 %, 35270 MiB, 39.50 W
2026/09/20 18:55:23.233, 1, 0 %, 0 %, 35270 MiB, 38.88 W
2026/09/20 18:55:23.233, 2, 0 %, 0 %, 35270 MiB, 37.90 W
2026/09/20 18:55:28.233, 0, 0 %, 0 %, 35270 MiB, 39.71 W
2026/09/20 18:55:28.234, 1, 0 %, 0 %, 35270 MiB, 38.97 W
2026/09/20 18:55:28.234, 2, 0 %, 0 %, 35270 MiB, 37.69 W
2026/09/20 18:55:33.234, 0, 0 %, 0 %, 35270 MiB, 39.38 W
2026/09/20 18:55:33.235, 1, 0 %, 0 %, 35270 MiB, 38.95 W
2026/09/20 18:55:33.235, 2, 0 %, 0 %, 35270 MiB, 37.77 W
2026/09/20 18:55:38.235, 0, 0 %, 0 %, 35270 MiB, 39.61 W
2026/09/20 18:55:38.236, 1, 0 %, 0 %, 35270 MiB, 38.78 W
2026/09/20 18:55:38.236, 2, 0 %, 0 %, 35270 MiB, 37.69 W
2026/09/20 18:55:43.237, 0, 0 %, 0 %, 35270 MiB, 39.46 W
2026/09/20 18:55:43.237, 1, 0 %, 0 %, 35270 MiB, 38.74 W
2026/09/20 18:55:43.238, 2, 0 %, 0 %, 35270 MiB, 37.77 W
2026/09/20 18:55:48.238, 0, 0 %, 0 %, 35270 MiB, 39.49 W
2026/09/20 18:55:48.239, 1, 0 %, 0 %, 35270 MiB, 38.77 W
2026/09/20 18:55:48.239, 2, 0 %, 0 %, 35270 MiB, 37.80 W
2026/09/20 18:55:53.239, 0, 0 %, 0 %, 35270 MiB, 39.29 W
2026/09/20 18:55:53.240, 1, 0 %, 0 %, 35270 MiB, 38.95 W
2026/09/20 18:55:53.240, 2, 0 %, 0 %, 35270 MiB, 37.69 W
2026/09/20 18:55:58.240, 0, 0 %, 0 %, 35270 MiB, 39.47 W
2026/09/20 18:55:58.241, 1, 0 %, 0 %, 35270 MiB, 38.85 W
2026/09/20 18:55:58.241, 2, 0 %, 0 %, 35270 MiB, 37.70 W
2026/09/20 18:56:03.241, 0, 0 %, 0 %, 35270 MiB, 39.39 W
2026/09/20 18:56:03.242, 1, 0 %, 0 %, 35270 MiB, 38.85 W
2026/09/20 18:56:03.242, 2, 0 %, 0 %, 35270 MiB, 37.69 W
2026/09/20 18:56:08.243, 0, 0 %, 0 %, 35270 MiB, 39.39 W
2026/09/20 18:56:08.243, 1, 0 %, 0 %, 35270 MiB, 38.86 W
2026/09/20 18:56:08.244, 2, 0 %, 0 %, 35270 MiB, 37.58 W
2026/09/20 18:56:13.245, 0, 0 %, 0 %, 35270 MiB, 39.36 W
2026/09/20 18:56:13.245, 1, 0 %, 0 %, 35270 MiB, 39.03 W
2026/09/20 18:56:13.246, 2, 0 %, 0 %, 35270 MiB, 37.77 W
2026/09/20 18:56:18.246, 0, 0 %, 0 %, 35270 MiB, 39.40 W
2026/09/20 18:56:18.247, 1, 0 %, 0 %, 35270 MiB, 38.88 W
2026/09/20 18:56:18.247, 2, 0 %, 0 %, 35270 MiB, 37.59 W
2026/09/20 18:56:23.248, 0, 0 %, 0 %, 35270 MiB, 39.41 W
2026/09/20 18:56:23.248, 1, 0 %, 0 %, 35270 MiB, 38.97 W
2026/09/20 18:56:23.248, 2, 0 %, 0 %, 35270 MiB, 37.69 W
2026/09/20 18:56:28.249, 0, 0 %, 0 %, 35270 MiB, 39.40 W
2026/09/20 18:56:28.249, 1, 0 %, 0 %, 35270 MiB, 39.17 W
2026/09/20 18:56:28.249, 2, 0 %, 0 %, 35270 MiB, 37.56 W
2026/09/20 18:56:33.250, 0, 0 %, 0 %, 35270 MiB, 39.57 W
2026/09/20 18:56:33.250, 1, 0 %, 0 %, 35270 MiB, 39.05 W
2026/09/20 18:56:33.250, 2, 0 %, 0 %, 35270 MiB, 37.66 W
2026/09/20 18:56:38.251, 0, 0 %, 0 %, 35270 MiB, 39.57 W
2026/09/20 18:56:38.251, 1, 0 %, 0 %, 35270 MiB, 39.05 W
2026/09/20 18:56:38.251, 2, 0 %, 0 %, 35270 MiB, 37.70 W
2026/09/20 18:56:43.252, 0, 0 %, 0 %, 35270 MiB, 39.60 W
2026/09/20 18:56:43.252, 1, 0 %, 0 %, 35270 MiB, 39.06 W
2026/09/20 18:56:43.252, 2, 0 %, 0 %, 35270 MiB, 37.79 W
2026/09/20 18:56:48.254, 0, 0 %, 0 %, 35270 MiB, 39.60 W
2026/09/20 18:56:48.254, 1, 0 %, 0 %, 35270 MiB, 38.97 W
2026/09/20 18:56:48.255, 2, 0 %, 0 %, 35270 MiB, 37.80 W
2026/09/20 18:56:53.256, 0, 0 %, 0 %, 35270 MiB, 39.60 W
2026/09/20 18:56:53.256, 1, 0 %, 0 %, 35270 MiB, 38.88 W
2026/09/20 18:56:53.256, 2, 0 %, 0 %, 35270 MiB, 37.89 W
2026/09/20 18:56:58.258, 0, 0 %, 0 %, 35270 MiB, 39.68 W
2026/09/20 18:56:58.259, 1, 0 %, 0 %, 35270 MiB, 38.95 W
2026/09/20 18:56:58.259, 2, 0 %, 0 %, 35270 MiB, 37.98 W
2026/09/20 18:57:03.259, 0, 0 %, 0 %, 35270 MiB, 39.47 W
2026/09/20 18:57:03.259, 1, 0 %, 0 %, 35270 MiB, 38.95 W
2026/09/20 18:57:03.260, 2, 0 %, 0 %, 35270 MiB, 37.97 W
2026/09/20 18:57:08.261, 0, 0 %, 0 %, 35270 MiB, 39.57 W
2026/09/20 18:57:08.261, 1, 0 %, 0 %, 35270 MiB, 39.03 W
2026/09/20 18:57:08.262, 2, 0 %, 0 %, 35270 MiB, 37.67 W
2026/09/20 18:57:13.263, 0, 0 %, 0 %, 35270 MiB, 39.47 W
2026/09/20 18:57:13.263, 1, 0 %, 0 %, 35270 MiB, 38.95 W
2026/09/20 18:57:13.264, 2, 0 %, 0 %, 35270 MiB, 37.66 W
2026/09/20 18:57:18.265, 0, 0 %, 0 %, 35270 MiB, 39.50 W
2026/09/20 18:57:18.265, 1, 0 %, 0 %, 35270 MiB, 38.97 W
2026/09/20 18:57:18.266, 2, 0 %, 0 %, 35270 MiB, 37.88 W
2026/09/20 18:57:23.267, 0, 0 %, 0 %, 35270 MiB, 39.51 W
2026/09/20 18:57:23.267, 1, 0 %, 0 %, 35270 MiB, 39.27 W
2026/09/20 18:57:23.267, 2, 0 %, 0 %, 35270 MiB, 37.80 W
2026/09/20 18:57:28.268, 0, 0 %, 0 %, 35270 MiB, 39.69 W
2026/09/20 18:57:28.268, 1, 0 %, 0 %, 35270 MiB, 39.07 W
2026/09/20 18:57:28.268, 2, 0 %, 0 %, 35270 MiB, 37.59 W
2026/09/20 18:57:33.268, 0, 0 %, 0 %, 35270 MiB, 39.61 W
2026/09/20 18:57:33.269, 1, 0 %, 0 %, 35270 MiB, 39.07 W
2026/09/20 18:57:33.269, 2, 0 %, 0 %, 35270 MiB, 37.69 W
2026/09/20 18:57:38.269, 0, 0 %, 0 %, 35270 MiB, 39.49 W
2026/09/20 18:57:38.270, 1, 0 %, 0 %, 35270 MiB, 39.06 W
2026/09/20 18:57:38.270, 2, 0 %, 0 %, 35270 MiB, 37.87 W
2026/09/20 18:57:43.270, 0, 0 %, 0 %, 35270 MiB, 39.50 W
2026/09/20 18:57:43.270, 1, 0 %, 0 %, 35270 MiB, 39.15 W
2026/09/20 18:57:43.270, 2, 0 %, 0 %, 35270 MiB, 37.77 W
2026/09/20 18:57:48.271, 0, 0 %, 0 %, 35270 MiB, 39.61 W
2026/09/20 18:57:48.271, 1, 0 %, 0 %, 35270 MiB, 38.97 W
2026/09/20 18:57:48.271, 2, 0 %, 0 %, 35270 MiB, 37.59 W
2026/09/20 18:57:53.272, 0, 0 %, 0 %, 35270 MiB, 39.50 W
2026/09/20 18:57:53.272, 1, 0 %, 0 %, 35270 MiB, 38.88 W
2026/09/20 18:57:53.273, 2, 0 %, 0 %, 35270 MiB, 37.80 W
2026/09/20 18:57:58.273, 0, 0 %, 0 %, 35270 MiB, 39.50 W
2026/09/20 18:57:58.273, 1, 0 %, 0 %, 35270 MiB, 39.17 W
2026/09/20 18:57:58.274, 2, 0 %, 0 %, 35270 MiB, 37.90 W
2026/09/20 18:58:03.274, 0, 0 %, 0 %, 35270 MiB, 39.70 W
2026/09/20 18:58:03.274, 1, 0 %, 0 %, 35270 MiB, 38.88 W
2026/09/20 18:58:03.274, 2, 0 %, 0 %, 35270 MiB, 37.80 W
2026/09/20 18:58:08.275, 0, 0 %, 0 %, 35270 MiB, 39.40 W
2026/09/20 18:58:08.275, 1, 0 %, 0 %, 35270 MiB, 38.88 W
2026/09/20 18:58:08.275, 2, 0 %, 0 %, 35270 MiB, 37.80 W
2026/09/20 18:58:13.275, 0, 0 %, 0 %, 35270 MiB, 39.40 W
2026/09/20 18:58:13.276, 1, 0 %, 0 %, 35270 MiB, 38.88 W
2026/09/20 18:58:13.276, 2, 0 %, 0 %, 35270 MiB, 37.80 W
2026/09/20 18:58:18.277, 0, 0 %, 0 %, 35270 MiB, 39.51 W
2026/09/20 18:58:18.277, 1, 0 %, 0 %, 35270 MiB, 39.07 W
2026/09/20 18:58:18.277, 2, 0 %, 0 %, 35270 MiB, 37.59 W
2026/09/20 18:58:23.278, 0, 0 %, 0 %, 35270 MiB, 39.49 W
2026/09/20 18:58:23.278, 1, 0 %, 0 %, 35270 MiB, 38.96 W
2026/09/20 18:58:23.278, 2, 0 %, 0 %, 35270 MiB, 37.58 W
2026/09/20 18:58:28.278, 0, 0 %, 0 %, 35270 MiB, 39.41 W
2026/09/20 18:58:28.278, 1, 0 %, 0 %, 35270 MiB, 38.97 W
2026/09/20 18:58:28.278, 2, 0 %, 0 %, 35270 MiB, 37.59 W
2026/09/20 18:58:33.280, 0, 0 %, 0 %, 35270 MiB, 39.39 W
2026/09/20 18:58:33.280, 1, 0 %, 0 %, 35270 MiB, 39.05 W
2026/09/20 18:58:33.280, 2, 0 %, 0 %, 35270 MiB, 37.78 W
2026/09/20 18:58:38.280, 0, 0 %, 0 %, 35270 MiB, 39.49 W
2026/09/20 18:58:38.280, 1, 0 %, 0 %, 35270 MiB, 39.17 W
2026/09/20 18:58:38.280, 2, 0 %, 0 %, 35270 MiB, 37.59 W
2026/09/20 18:58:43.282, 0, 0 %, 0 %, 35270 MiB, 39.45 W
2026/09/20 18:58:43.282, 1, 0 %, 0 %, 35270 MiB, 39.12 W
2026/09/20 18:58:43.283, 2, 0 %, 0 %, 35270 MiB, 37.75 W
2026/09/20 18:58:48.284, 0, 0 %, 0 %, 35270 MiB, 39.56 W
2026/09/20 18:58:48.284, 1, 0 %, 0 %, 35270 MiB, 39.13 W
2026/09/20 18:58:48.284, 2, 0 %, 0 %, 35270 MiB, 37.67 W
2026/09/20 18:58:53.285, 0, 0 %, 0 %, 35270 MiB, 39.38 W
2026/09/20 18:58:53.286, 1, 0 %, 0 %, 35270 MiB, 39.15 W
2026/09/20 18:58:53.286, 2, 0 %, 0 %, 35270 MiB, 37.76 W
2026/09/20 18:58:58.287, 0, 0 %, 0 %, 35270 MiB, 39.57 W
2026/09/20 18:58:58.287, 1, 0 %, 0 %, 35270 MiB, 38.75 W
2026/09/20 18:58:58.287, 2, 0 %, 0 %, 35270 MiB, 37.56 W
2026/09/20 18:59:03.289, 0, 0 %, 0 %, 35270 MiB, 39.49 W
2026/09/20 18:59:03.289, 1, 0 %, 0 %, 35270 MiB, 38.85 W
2026/09/20 18:59:03.290, 2, 0 %, 0 %, 35270 MiB, 37.56 W
2026/09/20 18:59:08.290, 0, 0 %, 0 %, 35270 MiB, 39.67 W
2026/09/20 18:59:08.290, 1, 0 %, 0 %, 35270 MiB, 38.86 W
2026/09/20 18:59:08.291, 2, 0 %, 0 %, 35270 MiB, 37.97 W
2026/09/20 18:59:13.291, 0, 0 %, 0 %, 35270 MiB, 39.22 W
2026/09/20 18:59:13.292, 1, 0 %, 0 %, 35270 MiB, 38.78 W
2026/09/20 18:59:13.292, 2, 0 %, 0 %, 35270 MiB, 37.59 W
2026/09/20 18:59:18.293, 0, 0 %, 0 %, 35270 MiB, 39.31 W
2026/09/20 18:59:18.293, 1, 0 %, 0 %, 35270 MiB, 38.75 W
2026/09/20 18:59:18.294, 2, 0 %, 0 %, 35270 MiB, 37.59 W
2026/09/20 18:59:23.295, 0, 0 %, 0 %, 35270 MiB, 39.26 W
2026/09/20 18:59:23.295, 1, 0 %, 0 %, 35270 MiB, 38.84 W
2026/09/20 18:59:23.295, 2, 0 %, 0 %, 35270 MiB, 37.36 W
2026/09/20 18:59:28.296, 0, 0 %, 0 %, 35270 MiB, 39.29 W
2026/09/20 18:59:28.296, 1, 0 %, 0 %, 35270 MiB, 38.96 W
2026/09/20 18:59:28.297, 2, 0 %, 0 %, 35270 MiB, 37.58 W
2026/09/20 18:59:33.298, 0, 0 %, 0 %, 35270 MiB, 39.47 W
2026/09/20 18:59:33.298, 1, 0 %, 0 %, 35270 MiB, 38.85 W
2026/09/20 18:59:33.298, 2, 0 %, 0 %, 35270 MiB, 37.47 W
2026/09/20 18:59:38.299, 0, 0 %, 0 %, 35270 MiB, 39.38 W
2026/09/20 18:59:38.300, 1, 0 %, 0 %, 35270 MiB, 38.96 W
2026/09/20 18:59:38.300, 2, 0 %, 0 %, 35270 MiB, 37.47 W
2026/09/20 18:59:43.301, 0, 0 %, 0 %, 35270 MiB, 39.31 W
2026/09/20 18:59:43.301, 1, 0 %, 0 %, 35270 MiB, 38.97 W
2026/09/20 18:59:43.301, 2, 0 %, 0 %, 35270 MiB, 37.39 W
2026/09/20 18:59:48.302, 0, 0 %, 0 %, 35270 MiB, 39.29 W
2026/09/20 18:59:48.303, 1, 0 %, 0 %, 35270 MiB, 38.95 W
2026/09/20 18:59:48.303, 2, 0 %, 0 %, 35270 MiB, 41.35 W
2026/09/20 18:59:53.303, 0, 0 %, 0 %, 35270 MiB, 39.41 W
2026/09/20 18:59:53.303, 1, 0 %, 0 %, 35270 MiB, 38.97 W
2026/09/20 18:59:53.304, 2, 0 %, 0 %, 35270 MiB, 37.59 W
2026/09/20 18:59:58.305, 0, 0 %, 0 %, 35270 MiB, 39.40 W
2026/09/20 18:59:58.305, 1, 0 %, 0 %, 35270 MiB, 38.96 W
2026/09/20 18:59:58.305, 2, 0 %, 0 %, 35270 MiB, 37.49 W
2026/09/20 19:00:03.306, 0, 0 %, 0 %, 35270 MiB, 39.40 W
2026/09/20 19:00:03.306, 1, 0 %, 0 %, 35270 MiB, 39.06 W
2026/09/20 19:00:03.306, 2, 0 %, 0 %, 35270 MiB, 37.58 W
2026/09/20 19:00:08.306, 0, 0 %, 0 %, 35270 MiB, 39.51 W
2026/09/20 19:00:08.307, 1, 0 %, 0 %, 35270 MiB, 38.79 W
2026/09/20 19:00:08.307, 2, 0 %, 0 %, 35270 MiB, 37.59 W
2026/09/20 19:00:13.307, 0, 0 %, 0 %, 35270 MiB, 39.60 W
2026/09/20 19:00:13.307, 1, 0 %, 0 %, 35270 MiB, 38.88 W
2026/09/20 19:00:13.307, 2, 0 %, 0 %, 35270 MiB, 46.13 W
2026/09/20 19:00:18.308, 0, 0 %, 0 %, 35270 MiB, 39.39 W
2026/09/20 19:00:18.308, 1, 0 %, 0 %, 35270 MiB, 38.86 W
2026/09/20 19:00:18.308, 2, 0 %, 0 %, 35270 MiB, 37.58 W
2026/09/20 19:00:23.309, 0, 0 %, 0 %, 35270 MiB, 39.29 W
2026/09/20 19:00:23.309, 1, 0 %, 0 %, 35270 MiB, 38.88 W
2026/09/20 19:00:23.309, 2, 0 %, 0 %, 35270 MiB, 37.90 W
2026/09/20 19:00:28.310, 0, 0 %, 0 %, 35270 MiB, 39.38 W
2026/09/20 19:00:28.311, 1, 0 %, 0 %, 35270 MiB, 38.85 W
2026/09/20 19:00:28.311, 2, 0 %, 0 %, 35270 MiB, 37.56 W
2026/09/20 19:00:33.312, 0, 0 %, 0 %, 35270 MiB, 39.39 W
2026/09/20 19:00:33.312, 1, 0 %, 0 %, 35270 MiB, 38.97 W
2026/09/20 19:00:33.312, 2, 0 %, 0 %, 35270 MiB, 37.39 W
2026/09/20 19:00:38.313, 0, 0 %, 0 %, 35270 MiB, 46.83 W
2026/09/20 19:00:38.313, 1, 0 %, 0 %, 35270 MiB, 39.07 W
2026/09/20 19:00:38.314, 2, 0 %, 0 %, 35270 MiB, 37.39 W
2026/09/20 19:00:43.314, 0, 0 %, 0 %, 35270 MiB, 39.50 W
2026/09/20 19:00:43.315, 1, 0 %, 0 %, 35270 MiB, 38.97 W
2026/09/20 19:00:43.315, 2, 0 %, 0 %, 35270 MiB, 37.70 W
2026/09/20 19:00:48.316, 0, 0 %, 0 %, 35270 MiB, 39.35 W
2026/09/20 19:00:48.317, 1, 0 %, 0 %, 35270 MiB, 38.83 W
2026/09/20 19:00:48.317, 2, 4 %, 0 %, 35270 MiB, 37.44 W
2026/09/20 19:00:53.318, 0, 0 %, 0 %, 35270 MiB, 39.36 W
2026/09/20 19:00:53.318, 1, 0 %, 0 %, 35270 MiB, 38.92 W
2026/09/20 19:00:53.318, 2, 0 %, 0 %, 35270 MiB, 37.44 W
2026/09/20 19:00:58.320, 0, 0 %, 0 %, 35270 MiB, 39.26 W
2026/09/20 19:00:58.320, 1, 0 %, 0 %, 35270 MiB, 38.85 W
2026/09/20 19:00:58.320, 2, 0 %, 0 %, 35270 MiB, 37.35 W
2026/09/20 19:01:03.321, 0, 0 %, 0 %, 35270 MiB, 39.26 W
2026/09/20 19:01:03.322, 1, 0 %, 0 %, 35270 MiB, 38.83 W
2026/09/20 19:01:03.322, 2, 0 %, 0 %, 35270 MiB, 37.44 W
2026/09/20 19:01:08.323, 0, 0 %, 0 %, 35270 MiB, 39.17 W
2026/09/20 19:01:08.323, 1, 0 %, 0 %, 35270 MiB, 38.74 W
2026/09/20 19:01:08.324, 2, 0 %, 0 %, 35270 MiB, 42.12 W
2026/09/20 19:01:13.330, 0, 10 %, 0 %, 35270 MiB, 39.16 W
2026/09/20 19:01:13.331, 1, 0 %, 0 %, 35270 MiB, 38.63 W
2026/09/20 19:01:13.331, 2, 0 %, 0 %, 35270 MiB, 37.35 W
2026/09/20 19:01:18.331, 0, 0 %, 0 %, 35270 MiB, 39.31 W
2026/09/20 19:01:18.332, 1, 0 %, 0 %, 35270 MiB, 38.58 W
2026/09/20 19:01:18.332, 2, 0 %, 0 %, 35270 MiB, 37.59 W
2026/09/20 19:01:23.332, 0, 0 %, 0 %, 35270 MiB, 39.26 W
2026/09/20 19:01:23.333, 1, 0 %, 0 %, 35270 MiB, 38.56 W
2026/09/20 19:01:23.333, 2, 0 %, 0 %, 35270 MiB, 37.36 W
2026/09/20 19:01:28.334, 0, 0 %, 0 %, 35270 MiB, 38.97 W
2026/09/20 19:01:28.335, 1, 0 %, 0 %, 35270 MiB, 38.44 W
2026/09/20 19:01:28.335, 2, 0 %, 0 %, 35270 MiB, 37.35 W
2026/09/20 19:01:33.336, 0, 17 %, 1 %, 35270 MiB, 39.15 W
2026/09/20 19:01:33.337, 1, 0 %, 0 %, 35270 MiB, 38.63 W
2026/09/20 19:01:33.337, 2, 0 %, 0 %, 35270 MiB, 37.35 W
2026/09/20 19:01:38.337, 0, 0 %, 0 %, 35270 MiB, 38.99 W
2026/09/20 19:01:38.338, 1, 0 %, 0 %, 35270 MiB, 38.46 W
2026/09/20 19:01:38.338, 2, 0 %, 0 %, 35270 MiB, 37.16 W
2026/09/20 19:01:43.339, 0, 13 %, 0 %, 35270 MiB, 38.94 W
2026/09/20 19:01:43.339, 1, 0 %, 0 %, 35270 MiB, 38.52 W
2026/09/20 19:01:43.340, 2, 0 %, 0 %, 35270 MiB, 37.11 W
2026/09/20 19:01:48.341, 0, 19 %, 1 %, 35270 MiB, 38.85 W
2026/09/20 19:01:48.341, 1, 0 %, 0 %, 35270 MiB, 38.53 W
2026/09/20 19:01:48.342, 2, 0 %, 0 %, 35270 MiB, 37.13 W
2026/09/20 19:01:53.343, 0, 0 %, 0 %, 35270 MiB, 38.96 W
2026/09/20 19:01:53.343, 1, 0 %, 0 %, 35270 MiB, 38.53 W
2026/09/20 19:01:53.343, 2, 0 %, 0 %, 35270 MiB, 37.23 W
2026/09/20 19:01:58.346, 0, 0 %, 0 %, 35270 MiB, 38.96 W
2026/09/20 19:01:58.346, 1, 0 %, 0 %, 35270 MiB, 38.53 W
2026/09/20 19:01:58.347, 2, 0 %, 0 %, 35270 MiB, 37.24 W
2026/09/20 19:02:03.348, 0, 0 %, 0 %, 35270 MiB, 38.96 W
2026/09/20 19:02:03.349, 1, 0 %, 0 %, 35270 MiB, 38.73 W
2026/09/20 19:02:03.349, 2, 0 %, 0 %, 35270 MiB, 37.24 W
2026/09/20 19:02:08.350, 0, 0 %, 0 %, 35270 MiB, 39.18 W
2026/09/20 19:02:08.350, 1, 0 %, 0 %, 35270 MiB, 38.65 W
2026/09/20 19:02:08.350, 2, 0 %, 0 %, 35270 MiB, 37.06 W
2026/09/20 19:02:13.352, 0, 0 %, 0 %, 35270 MiB, 38.87 W
2026/09/20 19:02:13.353, 1, 0 %, 0 %, 35270 MiB, 38.56 W
2026/09/20 19:02:13.353, 2, 0 %, 0 %, 35270 MiB, 37.06 W
2026/09/20 19:02:18.353, 0, 0 %, 0 %, 35270 MiB, 38.99 W
2026/09/20 19:02:18.353, 1, 0 %, 0 %, 35270 MiB, 46.27 W
2026/09/20 19:02:18.354, 2, 0 %, 0 %, 35270 MiB, 37.25 W
2026/09/20 19:02:23.354, 0, 0 %, 0 %, 35270 MiB, 38.87 W
2026/09/20 19:02:23.355, 1, 0 %, 0 %, 35270 MiB, 38.44 W
2026/09/20 19:02:23.355, 2, 0 %, 0 %, 35270 MiB, 37.24 W
2026/09/20 19:02:28.361, 0, 0 %, 0 %, 35270 MiB, 39.04 W
2026/09/20 19:02:28.362, 1, 0 %, 0 %, 35270 MiB, 38.44 W
2026/09/20 19:02:28.362, 2, 0 %, 0 %, 35270 MiB, 37.24 W
2026/09/20 19:02:33.362, 0, 0 %, 0 %, 35270 MiB, 39.05 W
2026/09/20 19:02:33.363, 1, 5 %, 0 %, 35270 MiB, 45.15 W
2026/09/20 19:02:33.363, 2, 0 %, 0 %, 35270 MiB, 37.34 W
2026/09/20 19:02:38.363, 0, 0 %, 0 %, 35270 MiB, 38.99 W
2026/09/20 19:02:38.363, 1, 0 %, 0 %, 35270 MiB, 38.65 W
2026/09/20 19:02:38.364, 2, 0 %, 0 %, 35270 MiB, 37.25 W
2026/09/20 19:02:43.365, 0, 0 %, 0 %, 35270 MiB, 38.97 W
2026/09/20 19:02:43.365, 1, 0 %, 0 %, 35270 MiB, 38.36 W
2026/09/20 19:02:43.365, 2, 0 %, 0 %, 35270 MiB, 37.06 W
2026/09/20 19:02:48.366, 0, 0 %, 0 %, 35270 MiB, 38.85 W
2026/09/20 19:02:48.366, 1, 0 %, 0 %, 35270 MiB, 38.52 W
2026/09/20 19:02:48.366, 2, 0 %, 0 %, 35270 MiB, 37.21 W
2026/09/20 19:02:53.367, 0, 0 %, 0 %, 35270 MiB, 38.86 W
2026/09/20 19:02:53.367, 1, 24 %, 1 %, 35270 MiB, 38.53 W
2026/09/20 19:02:53.368, 2, 0 %, 0 %, 35270 MiB, 37.35 W
2026/09/20 19:02:58.368, 0, 0 %, 0 %, 35270 MiB, 38.86 W
2026/09/20 19:02:58.369, 1, 0 %, 0 %, 35270 MiB, 38.54 W
2026/09/20 19:02:58.369, 2, 25 %, 1 %, 35270 MiB, 37.15 W
2026/09/20 19:03:03.370, 0, 0 %, 0 %, 35270 MiB, 39.06 W
2026/09/20 19:03:03.371, 1, 0 %, 0 %, 35270 MiB, 38.44 W
2026/09/20 19:03:03.371, 2, 25 %, 1 %, 35270 MiB, 37.04 W
2026/09/20 19:03:08.372, 0, 0 %, 0 %, 35270 MiB, 38.78 W
2026/09/20 19:03:08.372, 1, 0 %, 0 %, 35270 MiB, 38.36 W
2026/09/20 19:03:08.373, 2, 13 %, 1 %, 35270 MiB, 37.06 W
2026/09/20 19:03:13.374, 0, 0 %, 0 %, 35270 MiB, 38.85 W
2026/09/20 19:03:13.375, 1, 0 %, 0 %, 35270 MiB, 38.52 W
2026/09/20 19:03:13.375, 2, 20 %, 1 %, 35270 MiB, 37.13 W
2026/09/20 19:03:18.376, 0, 0 %, 0 %, 35270 MiB, 38.75 W
2026/09/20 19:03:18.376, 1, 0 %, 0 %, 35270 MiB, 38.44 W
2026/09/20 19:03:18.377, 2, 0 %, 0 %, 35270 MiB, 46.18 W
2026/09/20 19:03:23.378, 0, 0 %, 0 %, 35270 MiB, 38.86 W
2026/09/20 19:03:23.378, 1, 0 %, 0 %, 35270 MiB, 38.34 W
2026/09/20 19:03:23.379, 2, 0 %, 0 %, 35270 MiB, 37.14 W
2026/09/20 19:03:28.381, 0, 0 %, 0 %, 35270 MiB, 38.85 W
2026/09/20 19:03:28.382, 1, 0 %, 0 %, 35270 MiB, 38.24 W
2026/09/20 19:03:28.382, 2, 0 %, 0 %, 35270 MiB, 37.14 W
2026/09/20 19:03:33.383, 0, 0 %, 0 %, 35270 MiB, 38.75 W
2026/09/20 19:03:33.384, 1, 20 %, 1 %, 35270 MiB, 38.44 W
2026/09/20 19:03:33.384, 2, 0 %, 0 %, 35270 MiB, 37.14 W
2026/09/20 19:03:38.385, 0, 0 %, 0 %, 35270 MiB, 39.06 W
2026/09/20 19:03:38.385, 1, 0 %, 0 %, 35270 MiB, 38.34 W
2026/09/20 19:03:38.385, 2, 0 %, 0 %, 35270 MiB, 37.13 W
2026/09/20 19:03:43.387, 0, 0 %, 0 %, 35270 MiB, 38.75 W
2026/09/20 19:03:43.388, 1, 0 %, 0 %, 35270 MiB, 38.23 W
2026/09/20 19:03:43.388, 2, 0 %, 0 %, 35270 MiB, 37.35 W
2026/09/20 19:03:48.389, 0, 0 %, 0 %, 35270 MiB, 38.75 W
2026/09/20 19:03:48.389, 1, 0 %, 0 %, 35270 MiB, 38.53 W
2026/09/20 19:03:48.390, 2, 0 %, 0 %, 35270 MiB, 38.24 W
2026/09/20 19:03:53.391, 0, 0 %, 0 %, 35270 MiB, 38.85 W
2026/09/20 19:03:53.392, 1, 0 %, 0 %, 35270 MiB, 38.33 W
2026/09/20 19:03:53.392, 2, 10 %, 0 %, 35270 MiB, 37.13 W
2026/09/20 19:03:58.397, 0, 0 %, 0 %, 35270 MiB, 38.85 W
2026/09/20 19:03:58.397, 1, 0 %, 0 %, 35270 MiB, 38.34 W
2026/09/20 19:03:58.397, 2, 0 %, 0 %, 35270 MiB, 43.09 W
2026/09/20 19:04:03.399, 0, 0 %, 0 %, 35270 MiB, 38.86 W
2026/09/20 19:04:03.400, 1, 0 %, 0 %, 35270 MiB, 38.44 W
2026/09/20 19:04:03.400, 2, 0 %, 0 %, 35270 MiB, 37.14 W
2026/09/20 19:04:08.401, 0, 0 %, 0 %, 35270 MiB, 38.86 W
2026/09/20 19:04:08.402, 1, 0 %, 0 %, 35270 MiB, 38.53 W
2026/09/20 19:04:08.402, 2, 0 %, 0 %, 35270 MiB, 37.14 W
2026/09/20 19:04:13.402, 0, 0 %, 0 %, 35270 MiB, 38.74 W
2026/09/20 19:04:13.403, 1, 0 %, 0 %, 35270 MiB, 38.44 W
2026/09/20 19:04:13.403, 2, 0 %, 0 %, 35270 MiB, 37.03 W
2026/09/20 19:04:18.404, 0, 0 %, 0 %, 35270 MiB, 38.86 W
2026/09/20 19:04:18.405, 1, 0 %, 0 %, 35270 MiB, 38.44 W
2026/09/20 19:04:18.405, 2, 0 %, 0 %, 35270 MiB, 37.14 W
2026/09/20 19:04:23.406, 0, 0 %, 0 %, 35270 MiB, 39.28 W
2026/09/20 19:04:23.406, 1, 0 %, 0 %, 35270 MiB, 38.75 W
2026/09/20 19:04:23.406, 2, 0 %, 0 %, 35270 MiB, 37.37 W
2026/09/20 19:04:28.407, 0, 0 %, 0 %, 35270 MiB, 38.90 W
2026/09/20 19:04:28.408, 1, 0 %, 0 %, 35270 MiB, 38.57 W
2026/09/20 19:04:28.408, 2, 0 %, 0 %, 35270 MiB, 37.29 W
2026/09/20 19:04:33.409, 0, 0 %, 0 %, 35270 MiB, 39.16 W
2026/09/20 19:04:33.409, 1, 0 %, 0 %, 35270 MiB, 38.34 W
2026/09/20 19:04:33.410, 2, 0 %, 0 %, 35270 MiB, 37.24 W
2026/09/20 19:04:38.411, 0, 0 %, 0 %, 35270 MiB, 39.06 W
2026/09/20 19:04:38.412, 1, 0 %, 0 %, 35270 MiB, 38.34 W
2026/09/20 19:04:38.412, 2, 0 %, 0 %, 35270 MiB, 37.25 W
2026/09/20 19:04:43.413, 0, 0 %, 0 %, 35270 MiB, 38.96 W
2026/09/20 19:04:43.414, 1, 0 %, 0 %, 35270 MiB, 38.44 W
2026/09/20 19:04:43.414, 2, 0 %, 0 %, 35270 MiB, 37.44 W
2026/09/20 19:04:48.414, 0, 0 %, 0 %, 35270 MiB, 38.80 W
2026/09/20 19:04:48.415, 1, 0 %, 0 %, 35270 MiB, 38.39 W
2026/09/20 19:04:48.415, 2, 0 %, 0 %, 35270 MiB, 37.28 W
2026/09/20 19:04:53.416, 0, 0 %, 0 %, 35270 MiB, 38.85 W
2026/09/20 19:04:53.416, 1, 0 %, 0 %, 35270 MiB, 38.35 W
2026/09/20 19:04:53.417, 2, 0 %, 0 %, 35270 MiB, 37.24 W
2026/09/20 19:04:58.418, 0, 0 %, 0 %, 35270 MiB, 38.90 W
2026/09/20 19:04:58.419, 1, 0 %, 0 %, 35270 MiB, 38.25 W
2026/09/20 19:04:58.419, 2, 0 %, 0 %, 35270 MiB, 37.06 W
2026/09/20 19:05:03.419, 0, 0 %, 0 %, 35270 MiB, 38.91 W
2026/09/20 19:05:03.420, 1, 0 %, 0 %, 35270 MiB, 38.38 W
2026/09/20 19:05:03.420, 2, 0 %, 0 %, 35270 MiB, 37.27 W
2026/09/20 19:05:08.421, 0, 0 %, 0 %, 35270 MiB, 38.85 W
2026/09/20 19:05:08.422, 1, 0 %, 0 %, 35270 MiB, 38.33 W
2026/09/20 19:05:08.422, 2, 0 %, 0 %, 35270 MiB, 37.23 W
2026/09/20 19:05:13.422, 0, 0 %, 0 %, 35270 MiB, 38.96 W
2026/09/20 19:05:13.422, 1, 0 %, 0 %, 35270 MiB, 38.44 W
2026/09/20 19:05:13.423, 2, 0 %, 0 %, 35270 MiB, 37.24 W
2026/09/20 19:05:18.424, 0, 0 %, 0 %, 35270 MiB, 38.96 W
2026/09/20 19:05:18.425, 1, 0 %, 0 %, 35270 MiB, 38.53 W
2026/09/20 19:05:18.425, 2, 0 %, 0 %, 35270 MiB, 37.25 W
2026/09/20 19:05:23.426, 0, 0 %, 0 %, 35270 MiB, 38.86 W
2026/09/20 19:05:23.427, 1, 0 %, 0 %, 35270 MiB, 38.34 W
2026/09/20 19:05:23.427, 2, 0 %, 0 %, 35270 MiB, 37.24 W
2026/09/20 19:05:28.428, 0, 0 %, 0 %, 35270 MiB, 38.97 W
2026/09/20 19:05:28.429, 1, 0 %, 0 %, 35270 MiB, 38.45 W
2026/09/20 19:05:28.429, 2, 0 %, 0 %, 35270 MiB, 37.25 W
2026/09/20 19:05:33.437, 0, 0 %, 0 %, 35270 MiB, 38.91 W
2026/09/20 19:05:33.437, 1, 0 %, 0 %, 35270 MiB, 38.36 W
2026/09/20 19:05:33.437, 2, 0 %, 0 %, 35270 MiB, 37.18 W
2026/09/20 19:05:38.439, 0, 0 %, 0 %, 35270 MiB, 38.97 W
2026/09/20 19:05:38.439, 1, 0 %, 0 %, 35270 MiB, 38.44 W
2026/09/20 19:05:38.439, 2, 0 %, 0 %, 35270 MiB, 37.25 W
2026/09/20 19:05:43.441, 0, 0 %, 0 %, 35270 MiB, 38.86 W
2026/09/20 19:05:43.442, 1, 0 %, 0 %, 35270 MiB, 38.23 W
2026/09/20 19:05:43.442, 2, 0 %, 0 %, 35270 MiB, 37.24 W
2026/09/20 19:05:48.443, 0, 0 %, 0 %, 35270 MiB, 38.99 W
2026/09/20 19:05:48.443, 1, 0 %, 0 %, 35270 MiB, 38.15 W
2026/09/20 19:05:48.444, 2, 0 %, 0 %, 35270 MiB, 37.16 W
2026/09/20 19:05:53.444, 0, 0 %, 0 %, 35270 MiB, 38.90 W
2026/09/20 19:05:53.445, 1, 0 %, 0 %, 35270 MiB, 38.46 W
2026/09/20 19:05:53.445, 2, 0 %, 0 %, 35270 MiB, 37.28 W
2026/09/20 19:05:58.445, 0, 0 %, 0 %, 35270 MiB, 38.78 W
2026/09/20 19:05:58.446, 1, 0 %, 0 %, 35270 MiB, 38.36 W
2026/09/20 19:05:58.446, 2, 0 %, 0 %, 35270 MiB, 37.26 W
2026/09/20 19:06:03.447, 0, 0 %, 0 %, 35270 MiB, 38.76 W
2026/09/20 19:06:03.447, 1, 0 %, 0 %, 35270 MiB, 38.23 W
2026/09/20 19:06:03.448, 2, 0 %, 0 %, 35270 MiB, 37.85 W
2026/09/20 19:06:08.448, 0, 0 %, 0 %, 35270 MiB, 38.91 W
2026/09/20 19:06:08.449, 1, 0 %, 0 %, 35270 MiB, 38.25 W
2026/09/20 19:06:08.449, 2, 0 %, 0 %, 35270 MiB, 37.07 W
2026/09/20 19:06:13.449, 0, 0 %, 0 %, 35270 MiB, 38.69 W
2026/09/20 19:06:13.450, 1, 0 %, 0 %, 35270 MiB, 38.15 W
2026/09/20 19:06:13.450, 2, 0 %, 0 %, 35270 MiB, 37.07 W
2026/09/20 19:06:18.450, 0, 0 %, 0 %, 35270 MiB, 38.79 W
2026/09/20 19:06:18.451, 1, 0 %, 0 %, 35270 MiB, 38.15 W
2026/09/20 19:06:18.451, 2, 0 %, 0 %, 35270 MiB, 37.25 W
2026/09/20 19:06:23.452, 0, 0 %, 0 %, 35270 MiB, 38.66 W
2026/09/20 19:06:23.453, 1, 0 %, 0 %, 35270 MiB, 38.14 W
2026/09/20 19:06:23.453, 2, 0 %, 0 %, 35270 MiB, 37.06 W
2026/09/20 19:06:28.453, 0, 0 %, 0 %, 35270 MiB, 38.79 W
2026/09/20 19:06:28.453, 1, 0 %, 0 %, 35270 MiB, 38.26 W
2026/09/20 19:06:28.453, 2, 0 %, 0 %, 35270 MiB, 37.08 W
2026/09/20 19:06:33.454, 0, 0 %, 0 %, 35270 MiB, 38.78 W
2026/09/20 19:06:33.454, 1, 0 %, 0 %, 35270 MiB, 38.35 W
2026/09/20 19:06:33.455, 2, 0 %, 0 %, 35270 MiB, 37.06 W
2026/09/20 19:06:38.456, 0, 0 %, 0 %, 35270 MiB, 38.87 W
2026/09/20 19:06:38.456, 1, 0 %, 0 %, 35270 MiB, 38.34 W
2026/09/20 19:06:38.456, 2, 0 %, 0 %, 35270 MiB, 37.24 W
2026/09/20 19:06:43.457, 0, 0 %, 0 %, 35270 MiB, 38.87 W
2026/09/20 19:06:43.458, 1, 0 %, 0 %, 35270 MiB, 38.25 W
2026/09/20 19:06:43.458, 2, 0 %, 0 %, 35270 MiB, 37.15 W
2026/09/20 19:06:48.459, 0, 0 %, 0 %, 35270 MiB, 38.89 W
2026/09/20 19:06:48.459, 1, 0 %, 0 %, 35270 MiB, 38.15 W
2026/09/20 19:06:48.459, 2, 0 %, 0 %, 35270 MiB, 37.16 W
2026/09/20 19:06:53.460, 0, 0 %, 0 %, 35270 MiB, 38.76 W
2026/09/20 19:06:53.461, 1, 0 %, 0 %, 35270 MiB, 38.06 W
2026/09/20 19:06:53.461, 2, 0 %, 0 %, 35270 MiB, 37.06 W
2026/09/20 19:06:58.462, 0, 0 %, 0 %, 35270 MiB, 38.75 W
2026/09/20 19:06:58.462, 1, 0 %, 0 %, 35270 MiB, 38.03 W
2026/09/20 19:06:58.463, 2, 0 %, 0 %, 35270 MiB, 37.14 W
2026/09/20 19:07:03.463, 0, 0 %, 0 %, 35270 MiB, 38.66 W
2026/09/20 19:07:03.463, 1, 0 %, 0 %, 35270 MiB, 38.06 W
2026/09/20 19:07:03.463, 2, 0 %, 0 %, 35270 MiB, 37.16 W
2026/09/20 19:07:08.464, 0, 0 %, 0 %, 35270 MiB, 38.66 W
2026/09/20 19:07:08.464, 1, 0 %, 0 %, 35270 MiB, 38.03 W
2026/09/20 19:07:08.465, 2, 0 %, 0 %, 35270 MiB, 37.06 W
2026/09/20 19:07:13.465, 0, 0 %, 0 %, 35270 MiB, 38.64 W
2026/09/20 19:07:13.466, 1, 0 %, 0 %, 35270 MiB, 38.03 W
2026/09/20 19:07:13.466, 2, 0 %, 0 %, 35270 MiB, 36.93 W
2026/09/20 19:07:18.467, 0, 0 %, 0 %, 35270 MiB, 38.90 W
2026/09/20 19:07:18.468, 1, 0 %, 0 %, 35270 MiB, 38.06 W
2026/09/20 19:07:18.468, 2, 0 %, 0 %, 35270 MiB, 36.96 W
2026/09/20 19:07:23.468, 0, 0 %, 0 %, 35270 MiB, 38.68 W
2026/09/20 19:07:23.469, 1, 0 %, 0 %, 35270 MiB, 38.36 W
2026/09/20 19:07:23.469, 2, 0 %, 0 %, 35270 MiB, 36.96 W
2026/09/20 19:07:28.469, 0, 0 %, 0 %, 35270 MiB, 38.58 W
2026/09/20 19:07:28.470, 1, 0 %, 0 %, 35270 MiB, 38.15 W
2026/09/20 19:07:28.470, 2, 0 %, 0 %, 35270 MiB, 37.06 W
2026/09/20 19:07:33.470, 0, 0 %, 0 %, 35270 MiB, 38.79 W
2026/09/20 19:07:33.471, 1, 0 %, 0 %, 35270 MiB, 38.15 W
2026/09/20 19:07:33.471, 2, 0 %, 0 %, 35270 MiB, 37.06 W
2026/09/20 19:07:38.472, 0, 0 %, 0 %, 35270 MiB, 38.86 W
2026/09/20 19:07:38.473, 1, 0 %, 0 %, 35270 MiB, 38.13 W
2026/09/20 19:07:38.473, 2, 0 %, 0 %, 35270 MiB, 37.04 W
2026/09/20 19:07:43.473, 0, 0 %, 0 %, 35270 MiB, 38.65 W
2026/09/20 19:07:43.474, 1, 0 %, 0 %, 35270 MiB, 38.23 W
2026/09/20 19:07:43.474, 2, 0 %, 0 %, 35270 MiB, 37.14 W
2026/09/20 19:07:48.474, 0, 0 %, 0 %, 35270 MiB, 38.40 W
2026/09/20 19:07:48.475, 1, 0 %, 0 %, 35270 MiB, 38.25 W
2026/09/20 19:07:48.475, 2, 0 %, 0 %, 35270 MiB, 36.97 W
2026/09/20 19:07:53.476, 0, 0 %, 0 %, 35270 MiB, 38.36 W
2026/09/20 19:07:53.476, 1, 0 %, 0 %, 35270 MiB, 38.25 W
2026/09/20 19:07:53.477, 2, 0 %, 0 %, 35270 MiB, 37.25 W
2026/09/20 19:07:58.477, 0, 0 %, 0 %, 35270 MiB, 38.90 W
2026/09/20 19:07:58.478, 1, 0 %, 0 %, 35270 MiB, 38.15 W
2026/09/20 19:07:58.478, 2, 0 %, 0 %, 35270 MiB, 37.17 W
2026/09/20 19:08:03.478, 0, 0 %, 0 %, 35270 MiB, 38.75 W
2026/09/20 19:08:03.479, 1, 0 %, 0 %, 35270 MiB, 38.03 W
2026/09/20 19:08:03.479, 2, 0 %, 0 %, 35270 MiB, 37.13 W
2026/09/20 19:08:08.480, 0, 0 %, 0 %, 35270 MiB, 38.76 W
2026/09/20 19:08:08.481, 1, 0 %, 0 %, 35270 MiB, 37.95 W
2026/09/20 19:08:08.481, 2, 0 %, 0 %, 35270 MiB, 37.06 W
2026/09/20 19:08:13.482, 0, 0 %, 0 %, 35270 MiB, 38.80 W
2026/09/20 19:08:13.482, 1, 0 %, 0 %, 35270 MiB, 37.95 W
2026/09/20 19:08:13.483, 2, 0 %, 0 %, 35270 MiB, 37.28 W
2026/09/20 19:08:18.484, 0, 0 %, 0 %, 35270 MiB, 38.58 W
2026/09/20 19:08:18.484, 1, 0 %, 0 %, 35270 MiB, 38.15 W
2026/09/20 19:08:18.484, 2, 0 %, 0 %, 35270 MiB, 36.96 W
2026/09/20 19:08:23.486, 0, 20 %, 1 %, 35270 MiB, 38.57 W
2026/09/20 19:08:23.487, 1, 0 %, 0 %, 35270 MiB, 37.94 W
2026/09/20 19:08:23.487, 2, 0 %, 0 %, 35270 MiB, 36.96 W
2026/09/20 19:08:28.487, 0, 0 %, 0 %, 35270 MiB, 50.10 W
2026/09/20 19:08:28.488, 1, 0 %, 0 %, 35270 MiB, 37.98 W
2026/09/20 19:08:28.488, 2, 0 %, 0 %, 35270 MiB, 36.99 W
2026/09/20 19:08:33.488, 0, 0 %, 0 %, 35270 MiB, 43.84 W
2026/09/20 19:08:33.489, 1, 0 %, 0 %, 35270 MiB, 38.04 W
2026/09/20 19:08:33.489, 2, 0 %, 0 %, 35270 MiB, 37.06 W
2026/09/20 19:08:38.490, 0, 0 %, 0 %, 35270 MiB, 38.56 W
2026/09/20 19:08:38.491, 1, 0 %, 0 %, 35270 MiB, 38.13 W
2026/09/20 19:08:38.491, 2, 0 %, 0 %, 35270 MiB, 36.94 W
2026/09/20 19:08:43.492, 0, 0 %, 0 %, 35270 MiB, 38.54 W
2026/09/20 19:08:43.492, 1, 0 %, 0 %, 35270 MiB, 38.03 W
2026/09/20 19:08:43.493, 2, 0 %, 0 %, 35270 MiB, 37.03 W
2026/09/20 19:08:48.494, 0, 24 %, 1 %, 35270 MiB, 38.95 W
2026/09/20 19:08:48.494, 1, 0 %, 0 %, 35270 MiB, 38.13 W
2026/09/20 19:08:48.494, 2, 0 %, 0 %, 35270 MiB, 37.04 W
2026/09/20 19:08:53.495, 0, 0 %, 0 %, 35270 MiB, 38.75 W
2026/09/20 19:08:53.496, 1, 0 %, 0 %, 35270 MiB, 38.34 W
2026/09/20 19:08:53.496, 2, 0 %, 0 %, 35270 MiB, 37.04 W
2026/09/20 19:08:58.497, 0, 0 %, 0 %, 35270 MiB, 42.14 W
2026/09/20 19:08:58.498, 1, 0 %, 0 %, 35270 MiB, 38.15 W
2026/09/20 19:08:58.498, 2, 0 %, 0 %, 35270 MiB, 37.06 W
2026/09/20 19:09:03.499, 0, 0 %, 0 %, 35270 MiB, 38.86 W
2026/09/20 19:09:03.499, 1, 0 %, 0 %, 35270 MiB, 38.03 W
2026/09/20 19:09:03.500, 2, 0 %, 0 %, 35270 MiB, 37.04 W
2026/09/20 19:09:08.501, 0, 0 %, 0 %, 35270 MiB, 40.12 W
2026/09/20 19:09:08.501, 1, 0 %, 0 %, 35270 MiB, 38.03 W
2026/09/20 19:09:08.502, 2, 0 %, 0 %, 35270 MiB, 37.23 W
2026/09/20 19:09:13.503, 0, 4 %, 0 %, 35270 MiB, 38.87 W
2026/09/20 19:09:13.504, 1, 0 %, 0 %, 35270 MiB, 38.13 W
2026/09/20 19:09:13.504, 2, 0 %, 0 %, 35270 MiB, 37.14 W
2026/09/20 19:09:18.505, 0, 49 %, 2 %, 35270 MiB, 40.03 W
2026/09/20 19:09:18.506, 1, 0 %, 0 %, 35270 MiB, 38.03 W
2026/09/20 19:09:18.506, 2, 0 %, 0 %, 35270 MiB, 37.14 W
2026/09/20 19:09:23.507, 0, 42 %, 2 %, 35270 MiB, 47.48 W
2026/09/20 19:09:23.507, 1, 0 %, 0 %, 35270 MiB, 38.04 W
2026/09/20 19:09:23.508, 2, 0 %, 0 %, 35270 MiB, 37.15 W
2026/09/20 19:09:28.508, 0, 0 %, 0 %, 35270 MiB, 38.71 W
2026/09/20 19:09:28.509, 1, 0 %, 0 %, 35270 MiB, 38.27 W
2026/09/20 19:09:28.509, 2, 0 %, 0 %, 35270 MiB, 36.98 W
2026/09/20 19:09:33.509, 0, 0 %, 0 %, 35270 MiB, 38.69 W
2026/09/20 19:09:33.510, 1, 0 %, 0 %, 35270 MiB, 38.08 W
2026/09/20 19:09:33.510, 2, 0 %, 0 %, 35270 MiB, 36.98 W
2026/09/20 19:09:38.510, 0, 0 %, 0 %, 35270 MiB, 38.70 W
2026/09/20 19:09:38.511, 1, 10 %, 0 %, 35270 MiB, 38.18 W
2026/09/20 19:09:38.511, 2, 0 %, 0 %, 35270 MiB, 37.09 W
2026/09/20 19:09:43.512, 0, 0 %, 0 %, 35270 MiB, 38.77 W
2026/09/20 19:09:43.512, 1, 0 %, 0 %, 35270 MiB, 38.45 W
2026/09/20 19:09:43.513, 2, 0 %, 0 %, 35270 MiB, 37.26 W
2026/09/20 19:09:48.514, 0, 0 %, 0 %, 35270 MiB, 38.65 W
2026/09/20 19:09:48.514, 1, 0 %, 0 %, 35270 MiB, 38.23 W
2026/09/20 19:09:48.514, 2, 0 %, 0 %, 35270 MiB, 36.94 W
2026/09/20 19:09:53.516, 0, 0 %, 0 %, 35270 MiB, 38.64 W
2026/09/20 19:09:53.516, 1, 0 %, 0 %, 35270 MiB, 38.12 W
2026/09/20 19:09:53.517, 2, 0 %, 0 %, 35270 MiB, 36.93 W
2026/09/20 19:09:58.518, 0, 0 %, 0 %, 35270 MiB, 38.97 W
2026/09/20 19:09:58.519, 1, 0 %, 0 %, 35270 MiB, 38.14 W
2026/09/20 19:09:58.519, 2, 0 %, 0 %, 35270 MiB, 37.05 W
2026/09/20 19:10:03.528, 0, 24 %, 1 %, 35270 MiB, 38.87 W
2026/09/20 19:10:03.529, 1, 0 %, 0 %, 35270 MiB, 39.71 W
2026/09/20 19:10:03.529, 2, 0 %, 0 %, 35270 MiB, 37.14 W
2026/09/20 19:10:08.530, 0, 0 %, 0 %, 35270 MiB, 38.77 W
2026/09/20 19:10:08.530, 1, 0 %, 0 %, 35270 MiB, 38.25 W
2026/09/20 19:10:08.531, 2, 0 %, 0 %, 35270 MiB, 37.16 W
2026/09/20 19:10:13.532, 0, 4 %, 0 %, 35270 MiB, 38.88 W
2026/09/20 19:10:13.532, 1, 0 %, 0 %, 35270 MiB, 38.08 W
2026/09/20 19:10:13.533, 2, 0 %, 0 %, 35270 MiB, 37.16 W
2026/09/20 19:10:18.534, 0, 0 %, 0 %, 35270 MiB, 38.79 W
2026/09/20 19:10:18.534, 1, 0 %, 0 %, 35270 MiB, 38.25 W
2026/09/20 19:10:18.535, 2, 0 %, 0 %, 35270 MiB, 37.06 W
2026/09/20 19:10:23.536, 0, 0 %, 0 %, 35270 MiB, 38.65 W
2026/09/20 19:10:23.537, 1, 25 %, 1 %, 35270 MiB, 38.03 W
2026/09/20 19:10:23.537, 2, 0 %, 0 %, 35270 MiB, 37.14 W
2026/09/20 19:10:28.538, 0, 0 %, 0 %, 35270 MiB, 38.54 W
2026/09/20 19:10:28.538, 1, 5 %, 0 %, 35270 MiB, 38.23 W
2026/09/20 19:10:28.538, 2, 0 %, 0 %, 35270 MiB, 37.03 W
2026/09/20 19:10:33.540, 0, 0 %, 0 %, 35270 MiB, 38.94 W
2026/09/20 19:10:33.540, 1, 0 %, 0 %, 35270 MiB, 42.87 W
2026/09/20 19:10:33.540, 2, 0 %, 0 %, 35270 MiB, 36.93 W
2026/09/20 19:10:38.542, 0, 0 %, 0 %, 35270 MiB, 38.65 W
2026/09/20 19:10:38.542, 1, 0 %, 0 %, 35270 MiB, 38.12 W
2026/09/20 19:10:38.543, 2, 0 %, 0 %, 35270 MiB, 37.23 W
2026/09/20 19:10:43.543, 0, 0 %, 0 %, 35270 MiB, 38.65 W
2026/09/20 19:10:43.544, 1, 25 %, 1 %, 35270 MiB, 38.23 W
2026/09/20 19:10:43.544, 2, 0 %, 0 %, 35270 MiB, 37.04 W
2026/09/20 19:10:48.544, 0, 0 %, 0 %, 35270 MiB, 38.76 W
2026/09/20 19:10:48.545, 1, 0 %, 0 %, 35270 MiB, 38.15 W
2026/09/20 19:10:48.545, 2, 0 %, 0 %, 35270 MiB, 36.96 W
2026/09/20 19:10:53.554, 0, 0 %, 0 %, 35270 MiB, 38.94 W
2026/09/20 19:10:53.554, 1, 0 %, 0 %, 35270 MiB, 38.31 W
2026/09/20 19:10:53.554, 2, 0 %, 0 %, 35270 MiB, 37.13 W
2026/09/20 19:10:58.555, 0, 0 %, 0 %, 35270 MiB, 38.80 W
2026/09/20 19:10:58.556, 1, 0 %, 0 %, 35270 MiB, 38.28 W
2026/09/20 19:10:58.556, 2, 0 %, 0 %, 35270 MiB, 37.16 W
2026/09/20 19:11:03.557, 0, 0 %, 0 %, 35270 MiB, 38.78 W
2026/09/20 19:11:03.557, 1, 23 %, 1 %, 35270 MiB, 38.25 W
2026/09/20 19:11:03.558, 2, 0 %, 0 %, 35270 MiB, 37.16 W
2026/09/20 19:11:08.559, 0, 0 %, 0 %, 35270 MiB, 38.75 W
2026/09/20 19:11:08.559, 1, 0 %, 0 %, 35270 MiB, 38.53 W
2026/09/20 19:11:08.560, 2, 25 %, 1 %, 35270 MiB, 37.04 W
2026/09/20 19:11:13.561, 0, 0 %, 0 %, 35270 MiB, 38.96 W
2026/09/20 19:11:13.562, 1, 0 %, 0 %, 35270 MiB, 38.34 W
2026/09/20 19:11:13.562, 2, 0 %, 0 %, 35270 MiB, 37.24 W
2026/09/20 19:11:18.562, 0, 0 %, 0 %, 35270 MiB, 38.96 W
2026/09/20 19:11:18.563, 1, 0 %, 0 %, 35270 MiB, 38.13 W
2026/09/20 19:11:18.563, 2, 0 %, 0 %, 35270 MiB, 37.14 W
2026/09/20 19:11:23.563, 0, 0 %, 0 %, 35270 MiB, 38.88 W
2026/09/20 19:11:23.564, 1, 0 %, 0 %, 35270 MiB, 38.27 W
2026/09/20 19:11:23.564, 2, 0 %, 0 %, 35270 MiB, 37.88 W
2026/09/20 19:11:28.564, 0, 0 %, 0 %, 35270 MiB, 38.94 W
2026/09/20 19:11:28.565, 1, 0 %, 0 %, 35270 MiB, 38.22 W
2026/09/20 19:11:28.565, 2, 0 %, 0 %, 35270 MiB, 37.23 W
2026/09/20 19:11:33.566, 0, 0 %, 0 %, 35270 MiB, 38.85 W
2026/09/20 19:11:33.566, 1, 0 %, 0 %, 35270 MiB, 38.14 W
2026/09/20 19:11:33.567, 2, 0 %, 0 %, 35270 MiB, 37.54 W
2026/09/20 19:11:38.568, 0, 0 %, 0 %, 35270 MiB, 38.79 W
2026/09/20 19:11:38.568, 1, 0 %, 0 %, 35270 MiB, 38.15 W
2026/09/20 19:11:38.569, 2, 0 %, 0 %, 35270 MiB, 37.26 W
2026/09/20 19:11:43.569, 0, 0 %, 0 %, 35270 MiB, 38.88 W
2026/09/20 19:11:43.570, 1, 0 %, 0 %, 35270 MiB, 38.36 W
2026/09/20 19:11:43.570, 2, 0 %, 0 %, 35270 MiB, 37.06 W
2026/09/20 19:11:48.571, 0, 0 %, 0 %, 35270 MiB, 38.94 W
2026/09/20 19:11:48.571, 1, 0 %, 0 %, 35270 MiB, 38.22 W
2026/09/20 19:11:48.571, 2, 0 %, 0 %, 35270 MiB, 37.13 W
2026/09/20 19:11:53.573, 0, 0 %, 0 %, 35270 MiB, 38.85 W
2026/09/20 19:11:53.573, 1, 0 %, 0 %, 35270 MiB, 38.22 W
2026/09/20 19:11:53.573, 2, 0 %, 0 %, 35270 MiB, 37.12 W
2026/09/20 19:11:58.575, 0, 0 %, 0 %, 35270 MiB, 38.84 W
2026/09/20 19:11:58.575, 1, 0 %, 0 %, 35270 MiB, 38.23 W
2026/09/20 19:11:58.575, 2, 0 %, 0 %, 35270 MiB, 37.13 W
2026/09/20 19:12:03.577, 0, 0 %, 0 %, 35270 MiB, 38.83 W
2026/09/20 19:12:03.577, 1, 0 %, 0 %, 35270 MiB, 38.33 W
2026/09/20 19:12:03.578, 2, 0 %, 0 %, 35270 MiB, 37.13 W
2026/09/20 19:12:08.579, 0, 0 %, 0 %, 35270 MiB, 38.75 W
2026/09/20 19:12:08.579, 1, 0 %, 0 %, 35270 MiB, 38.23 W
2026/09/20 19:12:08.579, 2, 0 %, 0 %, 35270 MiB, 37.15 W
2026/09/20 19:12:13.580, 0, 0 %, 0 %, 35270 MiB, 38.74 W
2026/09/20 19:12:13.581, 1, 0 %, 0 %, 35270 MiB, 38.23 W
2026/09/20 19:12:13.581, 2, 0 %, 0 %, 35270 MiB, 37.14 W
2026/09/20 19:12:18.582, 0, 0 %, 0 %, 35270 MiB, 38.87 W
2026/09/20 19:12:18.583, 1, 0 %, 0 %, 35270 MiB, 38.34 W
2026/09/20 19:12:18.583, 2, 0 %, 0 %, 35270 MiB, 37.14 W
2026/09/20 19:12:23.583, 0, 0 %, 0 %, 35270 MiB, 38.88 W
2026/09/20 19:12:23.584, 1, 0 %, 0 %, 35270 MiB, 38.08 W
2026/09/20 19:12:23.584, 2, 0 %, 0 %, 35270 MiB, 37.17 W
2026/09/20 19:12:28.584, 0, 0 %, 0 %, 35270 MiB, 38.97 W
2026/09/20 19:12:28.585, 1, 0 %, 0 %, 35270 MiB, 38.15 W
2026/09/20 19:12:28.585, 2, 0 %, 0 %, 35270 MiB, 37.35 W
2026/09/20 19:12:33.585, 0, 0 %, 0 %, 35270 MiB, 38.96 W
2026/09/20 19:12:33.586, 1, 0 %, 0 %, 35270 MiB, 38.13 W
2026/09/20 19:12:33.586, 2, 0 %, 0 %, 35270 MiB, 37.35 W
2026/09/20 19:12:38.587, 0, 0 %, 0 %, 35270 MiB, 38.75 W
2026/09/20 19:12:38.587, 1, 0 %, 0 %, 35270 MiB, 38.23 W
2026/09/20 19:12:38.587, 2, 0 %, 0 %, 35270 MiB, 37.23 W
2026/09/20 19:12:43.588, 0, 0 %, 0 %, 35270 MiB, 39.11 W
2026/09/20 19:12:43.589, 1, 0 %, 0 %, 35270 MiB, 38.15 W
2026/09/20 19:12:43.589, 2, 0 %, 0 %, 35270 MiB, 37.26 W
2026/09/20 19:12:48.589, 0, 0 %, 0 %, 35270 MiB, 38.91 W
2026/09/20 19:12:48.590, 1, 0 %, 0 %, 35270 MiB, 38.18 W
2026/09/20 19:12:48.590, 2, 0 %, 0 %, 35270 MiB, 37.28 W
2026/09/20 19:12:53.598, 0, 0 %, 0 %, 35270 MiB, 38.78 W
2026/09/20 19:12:53.598, 1, 0 %, 0 %, 35270 MiB, 38.46 W
2026/09/20 19:12:53.598, 2, 0 %, 0 %, 35270 MiB, 37.16 W
2026/09/20 19:12:58.599, 0, 0 %, 0 %, 35270 MiB, 38.87 W
2026/09/20 19:12:58.600, 1, 0 %, 0 %, 35270 MiB, 38.25 W
2026/09/20 19:12:58.600, 2, 0 %, 0 %, 35270 MiB, 37.16 W
2026/09/20 19:13:03.601, 0, 0 %, 0 %, 35270 MiB, 39.21 W
2026/09/20 19:13:03.601, 1, 0 %, 0 %, 35270 MiB, 38.28 W
2026/09/20 19:13:03.601, 2, 0 %, 0 %, 35270 MiB, 37.09 W
2026/09/20 19:13:08.601, 0, 0 %, 0 %, 35270 MiB, 38.88 W
2026/09/20 19:13:08.602, 1, 0 %, 0 %, 35270 MiB, 38.38 W
2026/09/20 19:13:08.602, 2, 0 %, 0 %, 35270 MiB, 37.38 W
2026/09/20 19:13:13.603, 0, 0 %, 0 %, 35270 MiB, 38.91 W
2026/09/20 19:13:13.603, 1, 0 %, 0 %, 35270 MiB, 38.40 W
2026/09/20 19:13:13.603, 2, 0 %, 0 %, 35270 MiB, 37.18 W
2026/09/20 19:13:18.604, 0, 0 %, 0 %, 35270 MiB, 38.91 W
2026/09/20 19:13:18.604, 1, 0 %, 0 %, 35270 MiB, 38.36 W
2026/09/20 19:13:18.604, 2, 0 %, 0 %, 35270 MiB, 37.18 W
2026/09/20 19:13:23.606, 0, 0 %, 0 %, 35270 MiB, 38.96 W
2026/09/20 19:13:23.606, 1, 0 %, 0 %, 35270 MiB, 38.34 W
2026/09/20 19:13:23.606, 2, 0 %, 0 %, 35270 MiB, 37.24 W
2026/09/20 19:13:28.608, 0, 0 %, 0 %, 35270 MiB, 38.86 W
2026/09/20 19:13:28.608, 1, 0 %, 0 %, 35270 MiB, 38.44 W
2026/09/20 19:13:28.608, 2, 0 %, 0 %, 35270 MiB, 37.24 W
2026/09/20 19:13:33.613, 0, 0 %, 0 %, 35270 MiB, 38.74 W
2026/09/20 19:13:33.613, 1, 0 %, 0 %, 35270 MiB, 38.03 W
2026/09/20 19:13:33.613, 2, 0 %, 0 %, 35270 MiB, 37.13 W
2026/09/20 19:13:38.623, 0, 0 %, 0 %, 35270 MiB, 38.86 W
2026/09/20 19:13:38.623, 1, 0 %, 0 %, 35270 MiB, 37.93 W
2026/09/20 19:13:38.623, 2, 0 %, 0 %, 35270 MiB, 37.04 W
2026/09/20 19:13:43.624, 0, 0 %, 0 %, 35270 MiB, 38.65 W
2026/09/20 19:13:43.625, 1, 0 %, 0 %, 35270 MiB, 37.84 W
2026/09/20 19:13:43.625, 2, 0 %, 0 %, 35270 MiB, 37.44 W
2026/09/20 19:13:48.626, 0, 0 %, 0 %, 35270 MiB, 38.47 W
2026/09/20 19:13:48.626, 1, 0 %, 0 %, 35270 MiB, 38.04 W
2026/09/20 19:13:48.626, 2, 0 %, 0 %, 35270 MiB, 37.36 W
2026/09/20 19:13:53.627, 0, 0 %, 0 %, 35270 MiB, 38.47 W
2026/09/20 19:13:53.628, 1, 0 %, 0 %, 35270 MiB, 37.85 W
2026/09/20 19:13:53.628, 2, 0 %, 0 %, 35270 MiB, 37.15 W
2026/09/20 19:13:58.629, 0, 0 %, 0 %, 35270 MiB, 38.57 W
2026/09/20 19:13:58.629, 1, 0 %, 0 %, 35270 MiB, 37.84 W
2026/09/20 19:13:58.629, 2, 0 %, 0 %, 35270 MiB, 37.14 W
2026/09/20 19:14:03.631, 0, 0 %, 0 %, 35270 MiB, 38.56 W
2026/09/20 19:14:03.631, 1, 0 %, 0 %, 35270 MiB, 37.94 W
2026/09/20 19:14:03.631, 2, 0 %, 0 %, 35270 MiB, 37.33 W
2026/09/20 19:14:08.633, 0, 0 %, 0 %, 35270 MiB, 38.56 W
2026/09/20 19:14:08.633, 1, 0 %, 0 %, 35270 MiB, 38.03 W
2026/09/20 19:14:08.633, 2, 0 %, 0 %, 35270 MiB, 37.24 W
2026/09/20 19:14:13.636, 0, 0 %, 0 %, 35270 MiB, 38.56 W
2026/09/20 19:14:13.636, 1, 0 %, 0 %, 35270 MiB, 37.93 W
2026/09/20 19:14:13.636, 2, 0 %, 0 %, 35270 MiB, 37.24 W
2026/09/20 19:14:18.637, 0, 0 %, 0 %, 35270 MiB, 38.65 W
2026/09/20 19:14:18.637, 1, 0 %, 0 %, 35270 MiB, 37.93 W
2026/09/20 19:14:18.637, 2, 0 %, 0 %, 35270 MiB, 37.24 W
2026/09/20 19:14:23.638, 0, 0 %, 0 %, 35270 MiB, 38.55 W
2026/09/20 19:14:23.639, 1, 0 %, 0 %, 35270 MiB, 38.04 W
2026/09/20 19:14:23.639, 2, 0 %, 0 %, 35270 MiB, 37.35 W
2026/09/20 19:14:28.640, 0, 0 %, 0 %, 35270 MiB, 38.66 W
2026/09/20 19:14:28.640, 1, 0 %, 0 %, 35270 MiB, 38.15 W
2026/09/20 19:14:28.640, 2, 0 %, 0 %, 35270 MiB, 37.37 W
2026/09/20 19:14:33.642, 0, 0 %, 0 %, 35270 MiB, 38.56 W
2026/09/20 19:14:33.642, 1, 0 %, 0 %, 35270 MiB, 38.03 W
2026/09/20 19:14:33.642, 2, 0 %, 0 %, 35270 MiB, 37.23 W
2026/09/20 19:14:38.643, 0, 0 %, 0 %, 35270 MiB, 38.66 W
2026/09/20 19:14:38.644, 1, 0 %, 0 %, 35270 MiB, 37.84 W
2026/09/20 19:14:38.644, 2, 0 %, 0 %, 35270 MiB, 37.35 W
2026/09/20 19:14:43.645, 0, 0 %, 0 %, 35270 MiB, 38.75 W
2026/09/20 19:14:43.645, 1, 0 %, 0 %, 35270 MiB, 38.03 W
2026/09/20 19:14:43.645, 2, 0 %, 0 %, 35270 MiB, 37.44 W
2026/09/20 19:14:48.647, 0, 0 %, 0 %, 35270 MiB, 38.64 W
2026/09/20 19:14:48.647, 1, 0 %, 0 %, 35270 MiB, 37.84 W
2026/09/20 19:14:48.647, 2, 0 %, 0 %, 35270 MiB, 37.35 W
2026/09/20 19:14:53.648, 0, 0 %, 0 %, 35270 MiB, 38.66 W
2026/09/20 19:14:53.648, 1, 0 %, 0 %, 35270 MiB, 38.04 W
2026/09/20 19:14:53.648, 2, 0 %, 0 %, 35270 MiB, 37.36 W
2026/09/20 19:14:58.650, 0, 0 %, 0 %, 35270 MiB, 38.46 W
2026/09/20 19:14:58.650, 1, 0 %, 0 %, 35270 MiB, 37.93 W
2026/09/20 19:14:58.650, 2, 0 %, 0 %, 35270 MiB, 37.35 W
2026/09/20 19:15:03.652, 0, 0 %, 0 %, 35270 MiB, 38.56 W
2026/09/20 19:15:03.652, 1, 0 %, 0 %, 35270 MiB, 38.03 W
2026/09/20 19:15:03.652, 2, 0 %, 0 %, 35270 MiB, 37.23 W
2026/09/20 19:15:08.653, 0, 0 %, 0 %, 35270 MiB, 38.46 W
2026/09/20 19:15:08.654, 1, 0 %, 0 %, 35270 MiB, 37.84 W
2026/09/20 19:15:08.654, 2, 0 %, 0 %, 35270 MiB, 37.24 W
2026/09/20 19:15:13.655, 0, 0 %, 0 %, 35270 MiB, 38.46 W
2026/09/20 19:15:13.655, 1, 0 %, 0 %, 35270 MiB, 37.84 W
2026/09/20 19:15:13.655, 2, 0 %, 0 %, 35270 MiB, 37.14 W
2026/09/20 19:15:18.657, 0, 0 %, 0 %, 35270 MiB, 38.57 W
2026/09/20 19:15:18.657, 1, 0 %, 0 %, 35270 MiB, 38.03 W
2026/09/20 19:15:18.657, 2, 0 %, 0 %, 35270 MiB, 37.44 W
2026/09/20 19:15:23.659, 0, 0 %, 0 %, 35270 MiB, 38.46 W
2026/09/20 19:15:23.659, 1, 0 %, 0 %, 35270 MiB, 37.84 W
2026/09/20 19:15:23.660, 2, 0 %, 0 %, 35270 MiB, 37.35 W
2026/09/20 19:15:28.666, 0, 0 %, 0 %, 35270 MiB, 38.46 W
2026/09/20 19:15:28.666, 1, 0 %, 0 %, 35270 MiB, 37.94 W
2026/09/20 19:15:28.666, 2, 0 %, 0 %, 35270 MiB, 37.15 W
2026/09/20 19:15:33.672, 0, 0 %, 0 %, 35270 MiB, 38.56 W
2026/09/20 19:15:33.672, 1, 0 %, 0 %, 35270 MiB, 37.94 W
2026/09/20 19:15:33.672, 2, 0 %, 0 %, 35270 MiB, 37.14 W
2026/09/20 19:15:38.673, 0, 0 %, 0 %, 35270 MiB, 38.57 W
2026/09/20 19:15:38.673, 1, 0 %, 0 %, 35270 MiB, 38.13 W
2026/09/20 19:15:38.673, 2, 0 %, 0 %, 35270 MiB, 37.44 W
2026/09/20 19:15:43.674, 0, 0 %, 0 %, 35270 MiB, 38.61 W
2026/09/20 19:15:43.675, 1, 0 %, 0 %, 35270 MiB, 38.06 W
2026/09/20 19:15:43.675, 2, 0 %, 0 %, 35270 MiB, 37.37 W
2026/09/20 19:15:48.675, 0, 0 %, 0 %, 35270 MiB, 38.79 W
2026/09/20 19:15:48.676, 1, 0 %, 0 %, 35270 MiB, 37.88 W
2026/09/20 19:15:48.676, 2, 0 %, 0 %, 35270 MiB, 37.27 W
2026/09/20 19:15:53.676, 0, 0 %, 0 %, 35270 MiB, 38.81 W
2026/09/20 19:15:53.676, 1, 0 %, 0 %, 35270 MiB, 37.90 W
2026/09/20 19:15:53.676, 2, 0 %, 0 %, 35270 MiB, 37.40 W
2026/09/20 19:15:58.677, 0, 0 %, 0 %, 35270 MiB, 38.52 W
2026/09/20 19:15:58.677, 1, 0 %, 0 %, 35270 MiB, 37.98 W
2026/09/20 19:15:58.677, 2, 0 %, 0 %, 35270 MiB, 37.60 W
2026/09/20 19:16:03.677, 0, 0 %, 0 %, 35270 MiB, 38.52 W
2026/09/20 19:16:03.678, 1, 0 %, 0 %, 35270 MiB, 37.90 W
2026/09/20 19:16:03.678, 2, 0 %, 0 %, 35270 MiB, 37.50 W
2026/09/20 19:16:08.678, 0, 0 %, 0 %, 35270 MiB, 38.71 W
2026/09/20 19:16:08.678, 1, 0 %, 0 %, 35270 MiB, 38.10 W
2026/09/20 19:16:08.678, 2, 0 %, 0 %, 35270 MiB, 37.39 W
2026/09/20 19:16:13.679, 0, 0 %, 0 %, 35270 MiB, 38.71 W
2026/09/20 19:16:13.679, 1, 0 %, 0 %, 35270 MiB, 38.29 W
2026/09/20 19:16:13.679, 2, 0 %, 0 %, 35270 MiB, 37.40 W
2026/09/20 19:16:18.679, 0, 0 %, 0 %, 35270 MiB, 38.72 W
2026/09/20 19:16:18.679, 1, 0 %, 0 %, 35270 MiB, 38.10 W
2026/09/20 19:16:18.679, 2, 0 %, 0 %, 35270 MiB, 37.39 W
2026/09/20 19:16:23.680, 0, 100 %, 7 %, 35270 MiB, 96.99 W
2026/09/20 19:16:23.680, 1, 100 %, 7 %, 35270 MiB, 90.55 W
2026/09/20 19:16:23.680, 2, 100 %, 6 %, 35270 MiB, 89.08 W
2026/09/20 19:16:28.681, 0, 100 %, 7 %, 35270 MiB, 93.35 W
2026/09/20 19:16:28.681, 1, 100 %, 7 %, 35270 MiB, 89.83 W
2026/09/20 19:16:28.681, 2, 100 %, 10 %, 35270 MiB, 92.44 W
2026/09/20 19:16:33.681, 0, 100 %, 7 %, 35270 MiB, 95.61 W
2026/09/20 19:16:33.682, 1, 100 %, 7 %, 35270 MiB, 96.53 W
2026/09/20 19:16:33.682, 2, 100 %, 7 %, 35270 MiB, 90.89 W
2026/09/20 19:16:38.683, 0, 99 %, 7 %, 35270 MiB, 97.22 W
2026/09/20 19:16:38.683, 1, 100 %, 6 %, 35270 MiB, 96.91 W
2026/09/20 19:16:38.683, 2, 100 %, 7 %, 35270 MiB, 95.16 W
2026/09/20 19:16:43.683, 0, 100 %, 7 %, 35270 MiB, 92.37 W
2026/09/20 19:16:43.683, 1, 100 %, 7 %, 35270 MiB, 96.88 W
2026/09/20 19:16:43.684, 2, 100 %, 6 %, 35270 MiB, 91.23 W
2026/09/20 19:16:48.684, 0, 100 %, 7 %, 35270 MiB, 94.69 W
2026/09/20 19:16:48.684, 1, 99 %, 7 %, 35270 MiB, 100.44 W
2026/09/20 19:16:48.684, 2, 100 %, 6 %, 35270 MiB, 94.50 W
2026/09/20 19:16:53.684, 0, 100 %, 7 %, 35270 MiB, 95.68 W
2026/09/20 19:16:53.685, 1, 100 %, 6 %, 35270 MiB, 89.39 W
2026/09/20 19:16:53.685, 2, 100 %, 7 %, 35270 MiB, 91.40 W
2026/09/20 19:16:58.685, 0, 100 %, 7 %, 35270 MiB, 94.05 W
2026/09/20 19:16:58.685, 1, 100 %, 7 %, 35270 MiB, 91.28 W
2026/09/20 19:16:58.685, 2, 99 %, 7 %, 35270 MiB, 91.76 W
2026/09/20 19:17:03.686, 0, 100 %, 10 %, 35270 MiB, 93.65 W
2026/09/20 19:17:03.686, 1, 100 %, 7 %, 35270 MiB, 96.30 W
2026/09/20 19:17:03.686, 2, 100 %, 7 %, 35270 MiB, 93.86 W
2026/09/20 19:17:08.686, 0, 100 %, 7 %, 35270 MiB, 98.09 W
2026/09/20 19:17:08.687, 1, 100 %, 7 %, 35270 MiB, 95.55 W
2026/09/20 19:17:08.687, 2, 100 %, 7 %, 35270 MiB, 96.10 W
2026/09/20 19:17:13.687, 0, 100 %, 7 %, 35270 MiB, 99.53 W
2026/09/20 19:17:13.687, 1, 100 %, 6 %, 35270 MiB, 98.00 W
2026/09/20 19:17:13.687, 2, 100 %, 7 %, 35270 MiB, 102.16 W
2026/09/20 19:17:18.688, 0, 100 %, 7 %, 35270 MiB, 96.59 W
2026/09/20 19:17:18.688, 1, 100 %, 7 %, 35270 MiB, 96.61 W
2026/09/20 19:17:18.688, 2, 100 %, 7 %, 35270 MiB, 97.10 W
2026/09/20 19:17:23.693, 0, 100 %, 7 %, 35270 MiB, 96.81 W
2026/09/20 19:17:23.693, 1, 100 %, 7 %, 35270 MiB, 92.81 W
2026/09/20 19:17:23.693, 2, 100 %, 7 %, 35270 MiB, 96.59 W
2026/09/20 19:17:28.693, 0, 100 %, 7 %, 35270 MiB, 101.79 W
2026/09/20 19:17:28.694, 1, 100 %, 7 %, 35270 MiB, 100.19 W
2026/09/20 19:17:28.694, 2, 100 %, 7 %, 35270 MiB, 94.58 W
2026/09/20 19:17:33.694, 0, 100 %, 6 %, 35270 MiB, 95.29 W
2026/09/20 19:17:33.694, 1, 100 %, 7 %, 35270 MiB, 98.79 W
2026/09/20 19:17:33.694, 2, 100 %, 7 %, 35270 MiB, 95.64 W
2026/09/20 19:17:38.695, 0, 100 %, 7 %, 35270 MiB, 95.38 W
2026/09/20 19:17:38.695, 1, 100 %, 11 %, 35270 MiB, 95.58 W
2026/09/20 19:17:38.695, 2, 100 %, 7 %, 35270 MiB, 95.31 W
2026/09/20 19:17:43.696, 0, 100 %, 7 %, 35270 MiB, 97.12 W
2026/09/20 19:17:43.696, 1, 100 %, 7 %, 35270 MiB, 98.36 W
2026/09/20 19:17:43.696, 2, 100 %, 7 %, 35270 MiB, 95.07 W
2026/09/20 19:17:48.696, 0, 100 %, 7 %, 35270 MiB, 96.83 W
2026/09/20 19:17:48.696, 1, 100 %, 10 %, 35270 MiB, 100.27 W
2026/09/20 19:17:48.696, 2, 100 %, 7 %, 35270 MiB, 115.35 W
2026/09/20 19:17:53.697, 0, 100 %, 11 %, 35270 MiB, 95.81 W
2026/09/20 19:17:53.697, 1, 100 %, 7 %, 35270 MiB, 99.15 W
2026/09/20 19:17:53.697, 2, 100 %, 10 %, 35270 MiB, 94.50 W
2026/09/20 19:17:58.697, 0, 100 %, 7 %, 35270 MiB, 98.61 W
2026/09/20 19:17:58.697, 1, 100 %, 10 %, 35270 MiB, 95.30 W
2026/09/20 19:17:58.698, 2, 100 %, 7 %, 35270 MiB, 95.96 W
2026/09/20 19:18:03.698, 0, 100 %, 12 %, 35270 MiB, 99.27 W
2026/09/20 19:18:03.699, 1, 100 %, 11 %, 35270 MiB, 100.96 W
2026/09/20 19:18:03.699, 2, 100 %, 7 %, 35270 MiB, 96.25 W
2026/09/20 19:18:08.699, 0, 100 %, 11 %, 35270 MiB, 99.56 W
2026/09/20 19:18:08.699, 1, 100 %, 14 %, 35270 MiB, 97.50 W
2026/09/20 19:18:08.699, 2, 100 %, 10 %, 35270 MiB, 99.34 W
2026/09/20 19:18:13.700, 0, 100 %, 6 %, 35270 MiB, 95.76 W
2026/09/20 19:18:13.700, 1, 100 %, 7 %, 35270 MiB, 101.60 W
2026/09/20 19:18:13.700, 2, 100 %, 7 %, 35270 MiB, 100.58 W
2026/09/20 19:18:18.700, 0, 100 %, 7 %, 35270 MiB, 96.89 W
2026/09/20 19:18:18.700, 1, 100 %, 7 %, 35270 MiB, 97.68 W
2026/09/20 19:18:18.701, 2, 100 %, 7 %, 35270 MiB, 101.61 W
2026/09/20 19:18:23.701, 0, 99 %, 11 %, 35270 MiB, 96.10 W
2026/09/20 19:18:23.701, 1, 100 %, 11 %, 35270 MiB, 134.95 W
2026/09/20 19:18:23.701, 2, 100 %, 14 %, 35270 MiB, 99.80 W
2026/09/20 19:18:28.702, 0, 100 %, 7 %, 35270 MiB, 94.92 W
2026/09/20 19:18:28.702, 1, 100 %, 7 %, 35270 MiB, 99.23 W
2026/09/20 19:18:28.702, 2, 100 %, 11 %, 35270 MiB, 97.20 W
2026/09/20 19:18:33.702, 0, 100 %, 7 %, 35270 MiB, 99.88 W
2026/09/20 19:18:33.702, 1, 100 %, 11 %, 35270 MiB, 97.90 W
2026/09/20 19:18:33.702, 2, 100 %, 7 %, 35270 MiB, 99.46 W
2026/09/20 19:18:38.703, 0, 100 %, 15 %, 35270 MiB, 140.26 W
2026/09/20 19:18:38.703, 1, 100 %, 7 %, 35270 MiB, 97.56 W
2026/09/20 19:18:38.703, 2, 99 %, 11 %, 35270 MiB, 103.19 W
2026/09/20 19:18:43.703, 0, 100 %, 13 %, 35270 MiB, 96.45 W
2026/09/20 19:18:43.704, 1, 100 %, 7 %, 35270 MiB, 98.50 W
2026/09/20 19:18:43.704, 2, 100 %, 7 %, 35270 MiB, 97.24 W
2026/09/20 19:18:48.704, 0, 100 %, 11 %, 35270 MiB, 102.99 W
2026/09/20 19:18:48.704, 1, 100 %, 7 %, 35270 MiB, 100.97 W
2026/09/20 19:18:48.704, 2, 100 %, 7 %, 35270 MiB, 97.43 W
2026/09/20 19:18:53.704, 0, 100 %, 7 %, 35270 MiB, 102.26 W
2026/09/20 19:18:53.705, 1, 100 %, 7 %, 35270 MiB, 100.41 W
2026/09/20 19:18:53.705, 2, 100 %, 11 %, 35270 MiB, 101.98 W
2026/09/20 19:18:58.705, 0, 100 %, 7 %, 35270 MiB, 101.26 W
2026/09/20 19:18:58.705, 1, 100 %, 7 %, 35270 MiB, 102.01 W
2026/09/20 19:18:58.705, 2, 100 %, 7 %, 35270 MiB, 95.74 W
2026/09/20 19:19:03.706, 0, 100 %, 7 %, 35270 MiB, 99.49 W
2026/09/20 19:19:03.706, 1, 62 %, 8 %, 35270 MiB, 90.60 W
2026/09/20 19:19:03.706, 2, 100 %, 10 %, 35270 MiB, 99.24 W
2026/09/20 19:19:08.707, 0, 41 %, 3 %, 35270 MiB, 72.61 W
2026/09/20 19:19:08.707, 1, 0 %, 0 %, 35270 MiB, 70.66 W
2026/09/20 19:19:08.708, 2, 0 %, 0 %, 35270 MiB, 43.01 W
2026/09/20 19:19:13.711, 0, 0 %, 0 %, 35270 MiB, 44.79 W
2026/09/20 19:19:13.711, 1, 0 %, 0 %, 35270 MiB, 44.07 W
2026/09/20 19:19:13.711, 2, 0 %, 0 %, 35270 MiB, 42.70 W
2026/09/20 19:19:18.713, 0, 0 %, 0 %, 35270 MiB, 44.48 W
2026/09/20 19:19:18.713, 1, 0 %, 0 %, 35270 MiB, 43.26 W
2026/09/20 19:19:18.713, 2, 0 %, 0 %, 35270 MiB, 42.28 W
2026/09/20 19:19:23.715, 0, 0 %, 0 %, 35270 MiB, 43.59 W
2026/09/20 19:19:23.715, 1, 0 %, 0 %, 35270 MiB, 43.06 W
2026/09/20 19:19:23.715, 2, 0 %, 0 %, 35270 MiB, 41.80 W
2026/09/20 19:19:28.718, 0, 0 %, 0 %, 35270 MiB, 43.20 W
2026/09/20 19:19:28.718, 1, 0 %, 0 %, 35270 MiB, 42.99 W
2026/09/20 19:19:28.718, 2, 0 %, 0 %, 35270 MiB, 41.31 W
2026/09/20 19:19:33.719, 0, 0 %, 0 %, 35270 MiB, 42.70 W
2026/09/20 19:19:33.719, 1, 0 %, 0 %, 35270 MiB, 42.19 W
2026/09/20 19:19:33.720, 2, 0 %, 0 %, 35270 MiB, 41.02 W
2026/09/20 19:19:38.720, 0, 0 %, 0 %, 35270 MiB, 42.72 W
2026/09/20 19:19:38.721, 1, 0 %, 0 %, 35270 MiB, 41.79 W
2026/09/20 19:19:38.721, 2, 0 %, 0 %, 35270 MiB, 40.45 W
2026/09/20 19:19:43.721, 0, 0 %, 0 %, 35270 MiB, 42.80 W
2026/09/20 19:19:43.721, 1, 0 %, 0 %, 35270 MiB, 41.60 W
2026/09/20 19:19:43.722, 2, 0 %, 0 %, 35270 MiB, 40.12 W
2026/09/20 19:19:48.723, 0, 0 %, 0 %, 35270 MiB, 42.42 W
2026/09/20 19:19:48.723, 1, 0 %, 0 %, 35270 MiB, 41.70 W
2026/09/20 19:19:48.723, 2, 0 %, 0 %, 35270 MiB, 40.33 W
2026/09/20 19:19:53.725, 0, 0 %, 0 %, 35270 MiB, 42.13 W
2026/09/20 19:19:53.725, 1, 0 %, 0 %, 35270 MiB, 41.70 W
2026/09/20 19:19:53.726, 2, 0 %, 0 %, 35270 MiB, 39.92 W
2026/09/20 19:19:58.727, 0, 0 %, 0 %, 35270 MiB, 41.95 W
2026/09/20 19:19:58.727, 1, 0 %, 0 %, 35270 MiB, 41.50 W
2026/09/20 19:19:58.728, 2, 0 %, 0 %, 35270 MiB, 39.83 W
2026/09/20 19:20:03.729, 0, 0 %, 0 %, 35270 MiB, 42.03 W
2026/09/20 19:20:03.729, 1, 0 %, 0 %, 35270 MiB, 41.50 W
2026/09/20 19:20:03.730, 2, 0 %, 0 %, 35270 MiB, 39.72 W
2026/09/20 19:20:08.731, 0, 0 %, 0 %, 35270 MiB, 41.83 W
2026/09/20 19:20:08.731, 1, 0 %, 0 %, 35270 MiB, 41.40 W
2026/09/20 19:20:08.732, 2, 0 %, 0 %, 35270 MiB, 39.72 W
2026/09/20 19:20:13.732, 0, 0 %, 0 %, 35270 MiB, 41.74 W
2026/09/20 19:20:13.733, 1, 0 %, 0 %, 35270 MiB, 40.71 W
2026/09/20 19:20:13.733, 2, 0 %, 0 %, 35270 MiB, 39.62 W
2026/09/20 19:20:18.734, 0, 0 %, 0 %, 35270 MiB, 41.64 W
2026/09/20 19:20:18.734, 1, 0 %, 0 %, 35270 MiB, 40.90 W
2026/09/20 19:20:18.735, 2, 0 %, 0 %, 35270 MiB, 39.43 W
2026/09/20 19:20:23.745, 0, 0 %, 0 %, 35270 MiB, 41.55 W
2026/09/20 19:20:23.745, 1, 0 %, 0 %, 35270 MiB, 40.90 W
2026/09/20 19:20:23.746, 2, 0 %, 0 %, 35270 MiB, 39.45 W
2026/09/20 19:20:28.747, 0, 0 %, 0 %, 35270 MiB, 40.87 W
2026/09/20 19:20:28.748, 1, 0 %, 0 %, 35270 MiB, 40.44 W
2026/09/20 19:20:28.748, 2, 0 %, 0 %, 35270 MiB, 39.35 W
2026/09/20 19:20:33.749, 0, 0 %, 0 %, 35270 MiB, 41.34 W
2026/09/20 19:20:33.749, 1, 0 %, 0 %, 35270 MiB, 40.61 W
2026/09/20 19:20:33.750, 2, 0 %, 0 %, 35270 MiB, 39.43 W
2026/09/20 19:20:38.751, 0, 0 %, 0 %, 35270 MiB, 40.96 W
2026/09/20 19:20:38.751, 1, 0 %, 0 %, 35270 MiB, 40.42 W
2026/09/20 19:20:38.751, 2, 0 %, 0 %, 35270 MiB, 39.05 W
2026/09/20 19:20:43.753, 0, 0 %, 0 %, 35270 MiB, 41.07 W
2026/09/20 19:20:43.753, 1, 0 %, 0 %, 35270 MiB, 40.73 W
2026/09/20 19:20:43.754, 2, 0 %, 0 %, 35270 MiB, 39.16 W
2026/09/20 19:20:48.755, 0, 0 %, 0 %, 35270 MiB, 40.97 W
2026/09/20 19:20:48.755, 1, 0 %, 0 %, 35270 MiB, 40.24 W
2026/09/20 19:20:48.756, 2, 0 %, 0 %, 35270 MiB, 38.96 W
2026/09/20 19:20:53.756, 0, 0 %, 0 %, 35270 MiB, 40.87 W
2026/09/20 19:20:53.757, 1, 0 %, 0 %, 35270 MiB, 40.05 W
2026/09/20 19:20:53.757, 2, 0 %, 0 %, 35270 MiB, 38.86 W
2026/09/20 19:20:58.758, 0, 0 %, 0 %, 35270 MiB, 41.26 W
2026/09/20 19:20:58.758, 1, 0 %, 0 %, 35270 MiB, 40.04 W
2026/09/20 19:20:58.758, 2, 0 %, 0 %, 35270 MiB, 38.86 W
2026/09/20 19:21:03.759, 0, 0 %, 0 %, 35270 MiB, 41.20 W
2026/09/20 19:21:03.759, 1, 0 %, 0 %, 35270 MiB, 40.06 W
2026/09/20 19:21:03.759, 2, 0 %, 0 %, 35270 MiB, 38.88 W
2026/09/20 19:21:08.760, 0, 0 %, 0 %, 35270 MiB, 41.01 W
2026/09/20 19:21:08.760, 1, 0 %, 0 %, 35270 MiB, 40.17 W
2026/09/20 19:21:08.761, 2, 0 %, 0 %, 35270 MiB, 38.78 W
2026/09/20 19:21:13.762, 0, 0 %, 0 %, 35270 MiB, 41.08 W
2026/09/20 19:21:13.762, 1, 0 %, 0 %, 35270 MiB, 40.15 W
2026/09/20 19:21:13.762, 2, 0 %, 0 %, 35270 MiB, 38.66 W
2026/09/20 19:21:18.763, 0, 0 %, 0 %, 35270 MiB, 41.00 W
2026/09/20 19:21:18.764, 1, 0 %, 0 %, 35270 MiB, 39.97 W
2026/09/20 19:21:18.764, 2, 0 %, 0 %, 35270 MiB, 38.89 W
2026/09/20 19:21:23.764, 0, 0 %, 0 %, 35270 MiB, 40.84 W
2026/09/20 19:21:23.765, 1, 0 %, 0 %, 35270 MiB, 39.61 W
2026/09/20 19:21:23.765, 2, 0 %, 0 %, 35270 MiB, 38.74 W
2026/09/20 19:21:28.766, 0, 0 %, 0 %, 35270 MiB, 40.84 W
2026/09/20 19:21:28.766, 1, 0 %, 0 %, 35270 MiB, 39.51 W
2026/09/20 19:21:28.766, 2, 0 %, 0 %, 35270 MiB, 38.73 W
2026/09/20 19:21:33.767, 0, 0 %, 0 %, 35270 MiB, 41.02 W
2026/09/20 19:21:33.768, 1, 0 %, 0 %, 35270 MiB, 39.51 W
2026/09/20 19:21:33.768, 2, 0 %, 0 %, 35270 MiB, 38.83 W
2026/09/20 19:21:38.769, 0, 0 %, 0 %, 35270 MiB, 40.51 W
2026/09/20 19:21:38.769, 1, 0 %, 0 %, 35270 MiB, 39.49 W
2026/09/20 19:21:38.770, 2, 0 %, 0 %, 35270 MiB, 38.73 W
2026/09/20 19:21:43.771, 0, 0 %, 0 %, 35270 MiB, 40.64 W
2026/09/20 19:21:43.772, 1, 0 %, 0 %, 35270 MiB, 39.31 W
2026/09/20 19:21:43.772, 2, 0 %, 0 %, 35270 MiB, 38.44 W
2026/09/20 19:21:48.773, 0, 0 %, 0 %, 35270 MiB, 40.42 W
2026/09/20 19:21:48.774, 1, 0 %, 0 %, 35270 MiB, 39.21 W
2026/09/20 19:21:48.774, 2, 0 %, 0 %, 35270 MiB, 38.53 W
2026/09/20 19:21:53.775, 0, 0 %, 0 %, 35270 MiB, 40.62 W
2026/09/20 19:21:53.775, 1, 0 %, 0 %, 35270 MiB, 39.40 W
2026/09/20 19:21:53.775, 2, 0 %, 0 %, 35270 MiB, 38.43 W
2026/09/20 19:21:58.779, 0, 0 %, 0 %, 35270 MiB, 40.44 W
2026/09/20 19:21:58.779, 1, 0 %, 0 %, 35270 MiB, 39.31 W
2026/09/20 19:21:58.779, 2, 0 %, 0 %, 35270 MiB, 38.44 W
2026/09/20 19:22:03.780, 0, 0 %, 0 %, 35270 MiB, 40.44 W
2026/09/20 19:22:03.781, 1, 0 %, 0 %, 35270 MiB, 39.22 W
2026/09/20 19:22:03.781, 2, 0 %, 0 %, 35270 MiB, 38.34 W
2026/09/20 19:22:08.781, 0, 0 %, 0 %, 35270 MiB, 40.34 W
2026/09/20 19:22:08.782, 1, 0 %, 0 %, 35270 MiB, 39.12 W
2026/09/20 19:22:08.782, 2, 0 %, 0 %, 35270 MiB, 38.34 W
2026/09/20 19:22:13.783, 0, 0 %, 0 %, 35270 MiB, 40.27 W
2026/09/20 19:22:13.783, 1, 0 %, 0 %, 35270 MiB, 39.15 W
2026/09/20 19:22:13.784, 2, 0 %, 0 %, 35270 MiB, 38.46 W
2026/09/20 19:22:18.785, 0, 0 %, 0 %, 35270 MiB, 40.23 W
2026/09/20 19:22:18.786, 1, 0 %, 0 %, 35270 MiB, 39.02 W
2026/09/20 19:22:18.786, 2, 0 %, 0 %, 35270 MiB, 38.24 W
2026/09/20 19:22:23.787, 0, 0 %, 0 %, 35270 MiB, 40.34 W
2026/09/20 19:22:23.788, 1, 0 %, 0 %, 35270 MiB, 39.12 W
2026/09/20 19:22:23.788, 2, 0 %, 0 %, 35270 MiB, 38.24 W
2026/09/20 19:22:28.789, 0, 0 %, 0 %, 35270 MiB, 40.14 W
2026/09/20 19:22:28.790, 1, 0 %, 0 %, 35270 MiB, 38.92 W
2026/09/20 19:22:28.790, 2, 0 %, 0 %, 35270 MiB, 38.24 W
2026/09/20 19:22:33.791, 0, 0 %, 0 %, 35270 MiB, 40.13 W
2026/09/20 19:22:33.791, 1, 0 %, 0 %, 35270 MiB, 39.41 W
2026/09/20 19:22:33.792, 2, 0 %, 0 %, 35270 MiB, 38.53 W
2026/09/20 19:22:38.793, 0, 0 %, 0 %, 35270 MiB, 40.13 W
2026/09/20 19:22:38.793, 1, 0 %, 0 %, 35270 MiB, 39.30 W
2026/09/20 19:22:38.794, 2, 0 %, 0 %, 35270 MiB, 38.23 W
2026/09/20 19:22:43.795, 0, 0 %, 0 %, 35270 MiB, 39.83 W
2026/09/20 19:22:43.795, 1, 0 %, 0 %, 35270 MiB, 39.30 W
2026/09/20 19:22:43.796, 2, 0 %, 0 %, 35270 MiB, 38.04 W
2026/09/20 19:22:48.797, 0, 0 %, 0 %, 35270 MiB, 40.02 W
2026/09/20 19:22:48.797, 1, 0 %, 0 %, 35270 MiB, 39.31 W
2026/09/20 19:22:48.797, 2, 0 %, 0 %, 35270 MiB, 38.12 W
2026/09/20 19:22:53.799, 0, 0 %, 0 %, 35270 MiB, 39.75 W
2026/09/20 19:22:53.799, 1, 0 %, 0 %, 35270 MiB, 39.22 W
2026/09/20 19:22:53.800, 2, 0 %, 0 %, 35270 MiB, 38.14 W
2026/09/20 19:22:58.801, 0, 0 %, 0 %, 35270 MiB, 39.83 W
2026/09/20 19:22:58.801, 1, 0 %, 0 %, 35270 MiB, 39.31 W
2026/09/20 19:22:58.802, 2, 0 %, 0 %, 35270 MiB, 38.04 W
2026/09/20 19:23:03.806, 0, 0 %, 0 %, 35270 MiB, 39.83 W
2026/09/20 19:23:03.806, 1, 0 %, 0 %, 35270 MiB, 39.41 W
2026/09/20 19:23:03.806, 2, 0 %, 0 %, 35270 MiB, 37.94 W
2026/09/20 19:23:08.816, 0, 0 %, 0 %, 35270 MiB, 39.83 W
2026/09/20 19:23:08.817, 1, 0 %, 0 %, 35270 MiB, 39.31 W
2026/09/20 19:23:08.817, 2, 0 %, 0 %, 35270 MiB, 38.04 W
2026/09/20 19:23:13.818, 0, 0 %, 0 %, 35270 MiB, 39.84 W
2026/09/20 19:23:13.819, 1, 0 %, 0 %, 35270 MiB, 39.31 W
2026/09/20 19:23:13.819, 2, 0 %, 0 %, 35270 MiB, 38.04 W
2026/09/20 19:23:18.819, 0, 0 %, 0 %, 35270 MiB, 39.84 W
2026/09/20 19:23:18.820, 1, 0 %, 0 %, 35270 MiB, 39.61 W
2026/09/20 19:23:18.820, 2, 0 %, 0 %, 35270 MiB, 38.04 W
2026/09/20 19:23:23.820, 0, 0 %, 0 %, 35270 MiB, 39.88 W
2026/09/20 19:23:23.821, 1, 0 %, 0 %, 35270 MiB, 39.34 W
2026/09/20 19:23:23.821, 2, 0 %, 0 %, 35270 MiB, 37.88 W
2026/09/20 19:23:28.822, 0, 0 %, 0 %, 35270 MiB, 39.88 W
2026/09/20 19:23:28.822, 1, 0 %, 0 %, 35270 MiB, 39.27 W
2026/09/20 19:23:28.822, 2, 0 %, 0 %, 35270 MiB, 37.99 W
2026/09/20 19:23:33.823, 0, 0 %, 0 %, 35270 MiB, 39.79 W
2026/09/20 19:23:33.823, 1, 0 %, 0 %, 35270 MiB, 39.17 W
2026/09/20 19:23:33.823, 2, 0 %, 0 %, 35270 MiB, 37.99 W
2026/09/20 19:23:38.828, 0, 0 %, 0 %, 35270 MiB, 39.89 W
2026/09/20 19:23:38.828, 1, 0 %, 0 %, 35270 MiB, 39.17 W
2026/09/20 19:23:38.828, 2, 0 %, 0 %, 35270 MiB, 37.90 W
2026/09/20 19:23:43.830, 0, 0 %, 0 %, 35270 MiB, 39.98 W
2026/09/20 19:23:43.830, 1, 0 %, 0 %, 35270 MiB, 39.23 W
2026/09/20 19:23:43.830, 2, 0 %, 0 %, 35270 MiB, 38.06 W
2026/09/20 19:23:48.831, 0, 0 %, 0 %, 35270 MiB, 39.70 W
2026/09/20 19:23:48.832, 1, 0 %, 0 %, 35270 MiB, 39.17 W
2026/09/20 19:23:48.832, 2, 0 %, 0 %, 35270 MiB, 38.09 W
2026/09/20 19:23:53.832, 0, 0 %, 0 %, 35270 MiB, 39.69 W
2026/09/20 19:23:53.832, 1, 0 %, 0 %, 35270 MiB, 39.35 W
2026/09/20 19:23:53.832, 2, 0 %, 0 %, 35270 MiB, 37.99 W
2026/09/20 19:23:58.832, 0, 0 %, 0 %, 35270 MiB, 39.66 W
2026/09/20 19:23:58.833, 1, 0 %, 0 %, 35270 MiB, 39.12 W
2026/09/20 19:23:58.833, 2, 0 %, 0 %, 35270 MiB, 37.75 W
2026/09/20 19:24:03.833, 0, 0 %, 0 %, 35270 MiB, 39.84 W
2026/09/20 19:24:03.834, 1, 0 %, 0 %, 35270 MiB, 39.12 W
2026/09/20 19:24:03.834, 2, 0 %, 0 %, 35270 MiB, 37.94 W
2026/09/20 19:24:08.835, 0, 0 %, 0 %, 35270 MiB, 39.63 W
2026/09/20 19:24:08.835, 1, 0 %, 0 %, 35270 MiB, 39.12 W
2026/09/20 19:24:08.835, 2, 0 %, 0 %, 35270 MiB, 37.85 W
2026/09/20 19:24:13.837, 0, 0 %, 0 %, 35270 MiB, 39.65 W
2026/09/20 19:24:13.838, 1, 0 %, 0 %, 35270 MiB, 39.22 W
2026/09/20 19:24:13.838, 2, 0 %, 0 %, 35270 MiB, 37.94 W
2026/09/20 19:24:18.839, 0, 0 %, 0 %, 35270 MiB, 39.65 W
2026/09/20 19:24:18.840, 1, 0 %, 0 %, 35270 MiB, 39.12 W
2026/09/20 19:24:18.840, 2, 0 %, 0 %, 35270 MiB, 37.96 W
2026/09/20 19:24:23.841, 0, 0 %, 0 %, 35270 MiB, 39.78 W
2026/09/20 19:24:23.842, 1, 0 %, 0 %, 35270 MiB, 39.24 W
2026/09/20 19:24:23.842, 2, 0 %, 0 %, 35270 MiB, 37.77 W
2026/09/20 19:24:28.842, 0, 0 %, 0 %, 35270 MiB, 39.70 W
2026/09/20 19:24:28.843, 1, 0 %, 0 %, 35270 MiB, 39.56 W
2026/09/20 19:24:28.843, 2, 0 %, 0 %, 35270 MiB, 38.09 W
2026/09/20 19:24:33.843, 0, 0 %, 0 %, 35270 MiB, 39.76 W
2026/09/20 19:24:33.844, 1, 0 %, 0 %, 35270 MiB, 39.15 W
2026/09/20 19:24:33.844, 2, 0 %, 0 %, 35270 MiB, 38.06 W
2026/09/20 19:24:38.845, 0, 0 %, 0 %, 35270 MiB, 39.75 W
2026/09/20 19:24:38.845, 1, 0 %, 0 %, 35270 MiB, 39.23 W
2026/09/20 19:24:38.846, 2, 0 %, 0 %, 35270 MiB, 37.96 W
2026/09/20 19:24:43.847, 0, 0 %, 0 %, 35270 MiB, 39.74 W
2026/09/20 19:24:43.848, 1, 0 %, 0 %, 35270 MiB, 39.02 W
2026/09/20 19:24:43.848, 2, 0 %, 0 %, 35270 MiB, 38.04 W
2026/09/20 19:24:48.848, 0, 0 %, 0 %, 35270 MiB, 39.80 W
2026/09/20 19:24:48.849, 1, 0 %, 0 %, 35270 MiB, 39.27 W
2026/09/20 19:24:48.849, 2, 0 %, 0 %, 35270 MiB, 38.09 W
2026/09/20 19:24:53.850, 0, 0 %, 0 %, 35270 MiB, 39.74 W
2026/09/20 19:24:53.850, 1, 0 %, 0 %, 35270 MiB, 39.12 W
2026/09/20 19:24:53.851, 2, 0 %, 0 %, 35270 MiB, 37.94 W
2026/09/20 19:24:58.852, 0, 0 %, 0 %, 35270 MiB, 39.84 W
2026/09/20 19:24:58.853, 1, 0 %, 0 %, 35270 MiB, 38.92 W
2026/09/20 19:24:58.853, 2, 0 %, 0 %, 35270 MiB, 37.85 W
2026/09/20 19:25:03.854, 0, 0 %, 0 %, 35270 MiB, 39.45 W
2026/09/20 19:25:03.855, 1, 0 %, 0 %, 35270 MiB, 38.92 W
2026/09/20 19:25:03.855, 2, 0 %, 0 %, 35270 MiB, 37.75 W
2026/09/20 19:25:08.856, 0, 0 %, 0 %, 35270 MiB, 39.50 W
2026/09/20 19:25:08.856, 1, 0 %, 0 %, 35270 MiB, 39.07 W
2026/09/20 19:25:08.857, 2, 0 %, 0 %, 35270 MiB, 37.80 W
2026/09/20 19:25:13.857, 0, 0 %, 0 %, 35270 MiB, 39.44 W
2026/09/20 19:25:13.857, 1, 0 %, 0 %, 35270 MiB, 39.02 W
2026/09/20 19:25:13.857, 2, 0 %, 0 %, 35270 MiB, 37.54 W
2026/09/20 19:25:18.858, 0, 0 %, 0 %, 35270 MiB, 39.63 W
2026/09/20 19:25:18.858, 1, 0 %, 0 %, 35270 MiB, 38.91 W
2026/09/20 19:25:18.859, 2, 0 %, 0 %, 35270 MiB, 37.74 W
2026/09/20 19:25:23.859, 0, 0 %, 0 %, 35270 MiB, 39.46 W
2026/09/20 19:25:23.860, 1, 0 %, 0 %, 35270 MiB, 39.13 W
2026/09/20 19:25:23.860, 2, 0 %, 0 %, 35270 MiB, 37.76 W
2026/09/20 19:25:28.860, 0, 0 %, 0 %, 35270 MiB, 39.46 W
2026/09/20 19:25:28.861, 1, 0 %, 0 %, 35270 MiB, 39.04 W
2026/09/20 19:25:28.861, 2, 0 %, 0 %, 35270 MiB, 37.67 W
2026/09/20 19:25:33.861, 0, 0 %, 0 %, 35270 MiB, 39.50 W
2026/09/20 19:25:33.862, 1, 0 %, 0 %, 35270 MiB, 39.07 W
2026/09/20 19:25:33.862, 2, 0 %, 0 %, 35270 MiB, 37.70 W
2026/09/20 19:25:38.862, 0, 0 %, 0 %, 35270 MiB, 39.63 W
2026/09/20 19:25:38.863, 1, 0 %, 0 %, 35270 MiB, 39.02 W
2026/09/20 19:25:38.863, 2, 0 %, 0 %, 35270 MiB, 37.63 W
2026/09/20 19:25:43.864, 0, 0 %, 0 %, 35270 MiB, 39.53 W
2026/09/20 19:25:43.865, 1, 0 %, 0 %, 35270 MiB, 39.22 W
2026/09/20 19:25:43.865, 2, 0 %, 0 %, 35270 MiB, 37.94 W
2026/09/20 19:25:48.870, 0, 0 %, 0 %, 35270 MiB, 39.65 W
2026/09/20 19:25:48.871, 1, 0 %, 0 %, 35270 MiB, 38.92 W
2026/09/20 19:25:48.871, 2, 0 %, 0 %, 35270 MiB, 37.85 W
2026/09/20 19:25:53.872, 0, 0 %, 0 %, 35270 MiB, 39.73 W
2026/09/20 19:25:53.872, 1, 0 %, 0 %, 35270 MiB, 38.82 W
2026/09/20 19:25:53.872, 2, 0 %, 0 %, 35270 MiB, 37.73 W
2026/09/20 19:25:58.873, 0, 0 %, 0 %, 35270 MiB, 39.60 W
2026/09/20 19:25:58.873, 1, 0 %, 0 %, 35270 MiB, 38.78 W
2026/09/20 19:25:58.873, 2, 0 %, 0 %, 35270 MiB, 37.80 W
2026/09/20 19:26:03.874, 0, 0 %, 0 %, 35270 MiB, 39.25 W
2026/09/20 19:26:03.875, 1, 0 %, 0 %, 35270 MiB, 38.83 W
2026/09/20 19:26:03.875, 2, 0 %, 0 %, 35270 MiB, 37.86 W
2026/09/20 19:26:08.875, 0, 0 %, 0 %, 35270 MiB, 39.38 W
2026/09/20 19:26:08.876, 1, 0 %, 0 %, 35270 MiB, 38.75 W
2026/09/20 19:26:08.876, 2, 0 %, 0 %, 35270 MiB, 37.66 W
2026/09/20 19:26:13.876, 0, 0 %, 0 %, 35270 MiB, 39.46 W
2026/09/20 19:26:13.877, 1, 0 %, 0 %, 35270 MiB, 38.65 W
2026/09/20 19:26:13.877, 2, 0 %, 0 %, 35270 MiB, 37.46 W
2026/09/20 19:26:18.878, 0, 0 %, 0 %, 35270 MiB, 39.25 W
2026/09/20 19:26:18.879, 1, 0 %, 0 %, 35270 MiB, 38.92 W
2026/09/20 19:26:18.879, 2, 0 %, 0 %, 35270 MiB, 37.54 W
2026/09/20 19:26:23.879, 0, 0 %, 0 %, 35270 MiB, 39.19 W
2026/09/20 19:26:23.880, 1, 0 %, 0 %, 35270 MiB, 38.76 W
2026/09/20 19:26:23.880, 2, 0 %, 0 %, 35270 MiB, 37.58 W
2026/09/20 19:26:28.881, 0, 0 %, 0 %, 35270 MiB, 39.25 W
2026/09/20 19:26:28.882, 1, 0 %, 0 %, 35270 MiB, 38.63 W
2026/09/20 19:26:28.882, 2, 0 %, 0 %, 35270 MiB, 37.54 W
2026/09/20 19:26:33.883, 0, 0 %, 0 %, 35270 MiB, 39.34 W
2026/09/20 19:26:33.884, 1, 0 %, 0 %, 35270 MiB, 38.62 W
2026/09/20 19:26:33.884, 2, 0 %, 0 %, 35270 MiB, 37.44 W
2026/09/20 19:26:38.885, 0, 0 %, 0 %, 35270 MiB, 39.26 W
2026/09/20 19:26:38.886, 1, 0 %, 0 %, 35270 MiB, 38.74 W
2026/09/20 19:26:38.886, 2, 0 %, 0 %, 35270 MiB, 37.46 W
2026/09/20 19:26:43.887, 0, 0 %, 0 %, 35270 MiB, 39.26 W
2026/09/20 19:26:43.888, 1, 0 %, 0 %, 35270 MiB, 38.65 W
2026/09/20 19:26:43.888, 2, 0 %, 0 %, 35270 MiB, 37.56 W
2026/09/20 19:26:48.898, 0, 0 %, 0 %, 35270 MiB, 39.35 W
2026/09/20 19:26:48.898, 1, 0 %, 0 %, 35270 MiB, 38.73 W
2026/09/20 19:26:48.899, 2, 0 %, 0 %, 35270 MiB, 37.44 W
2026/09/20 19:26:53.900, 0, 0 %, 0 %, 35270 MiB, 39.17 W
2026/09/20 19:26:53.900, 1, 0 %, 0 %, 35270 MiB, 38.85 W
2026/09/20 19:26:53.901, 2, 0 %, 0 %, 35270 MiB, 37.37 W
2026/09/20 19:26:58.902, 0, 0 %, 0 %, 35270 MiB, 39.17 W
2026/09/20 19:26:58.903, 1, 0 %, 0 %, 35270 MiB, 38.36 W
2026/09/20 19:26:58.903, 2, 0 %, 0 %, 35270 MiB, 37.25 W
2026/09/20 19:27:03.903, 0, 0 %, 0 %, 35270 MiB, 39.16 W
2026/09/20 19:27:03.904, 1, 0 %, 0 %, 35270 MiB, 38.44 W
2026/09/20 19:27:03.904, 2, 0 %, 0 %, 35270 MiB, 37.34 W
2026/09/20 19:27:08.904, 0, 0 %, 0 %, 35270 MiB, 39.36 W
2026/09/20 19:27:08.905, 1, 0 %, 0 %, 35270 MiB, 38.44 W
2026/09/20 19:27:08.905, 2, 0 %, 0 %, 35270 MiB, 37.36 W
2026/09/20 19:27:13.906, 0, 0 %, 0 %, 35270 MiB, 38.96 W
2026/09/20 19:27:13.907, 1, 0 %, 0 %, 35270 MiB, 38.44 W
2026/09/20 19:27:13.907, 2, 0 %, 0 %, 35270 MiB, 37.44 W
2026/09/20 19:27:18.908, 0, 0 %, 0 %, 35270 MiB, 38.97 W
2026/09/20 19:27:18.909, 1, 0 %, 0 %, 35270 MiB, 38.53 W
2026/09/20 19:27:18.909, 2, 0 %, 0 %, 35270 MiB, 37.36 W
2026/09/20 19:27:23.910, 0, 0 %, 0 %, 35270 MiB, 38.99 W
2026/09/20 19:27:23.911, 1, 0 %, 0 %, 35270 MiB, 38.25 W
2026/09/20 19:27:23.911, 2, 0 %, 0 %, 35270 MiB, 37.16 W
2026/09/20 19:27:28.911, 0, 0 %, 0 %, 35270 MiB, 39.10 W
2026/09/20 19:27:28.912, 1, 0 %, 0 %, 35270 MiB, 38.37 W
2026/09/20 19:27:28.912, 2, 0 %, 0 %, 35270 MiB, 37.07 W
2026/09/20 19:27:33.913, 0, 0 %, 0 %, 35270 MiB, 38.88 W
2026/09/20 19:27:33.913, 1, 0 %, 0 %, 35270 MiB, 38.36 W
2026/09/20 19:27:33.913, 2, 0 %, 0 %, 35270 MiB, 37.17 W
2026/09/20 19:27:38.913, 0, 0 %, 0 %, 35270 MiB, 39.01 W
2026/09/20 19:27:38.913, 1, 0 %, 0 %, 35270 MiB, 38.38 W
2026/09/20 19:27:38.914, 2, 0 %, 0 %, 35270 MiB, 37.29 W
2026/09/20 19:27:43.914, 0, 0 %, 0 %, 35270 MiB, 39.01 W
2026/09/20 19:27:43.914, 1, 0 %, 0 %, 35270 MiB, 38.38 W
2026/09/20 19:27:43.915, 2, 0 %, 0 %, 35270 MiB, 37.16 W
2026/09/20 19:27:48.915, 0, 0 %, 0 %, 35270 MiB, 39.02 W
2026/09/20 19:27:48.915, 1, 0 %, 0 %, 35270 MiB, 38.49 W
2026/09/20 19:27:48.915, 2, 0 %, 0 %, 35270 MiB, 37.28 W
2026/09/20 19:27:53.916, 0, 0 %, 0 %, 35270 MiB, 38.99 W
2026/09/20 19:27:53.916, 1, 0 %, 0 %, 35270 MiB, 38.46 W
2026/09/20 19:27:53.916, 2, 0 %, 0 %, 35270 MiB, 37.27 W
2026/09/20 19:27:58.917, 0, 0 %, 0 %, 35270 MiB, 38.98 W
2026/09/20 19:27:58.917, 1, 0 %, 0 %, 35270 MiB, 38.55 W
2026/09/20 19:27:58.918, 2, 0 %, 0 %, 35270 MiB, 37.36 W
2026/09/20 19:28:03.919, 0, 0 %, 0 %, 35270 MiB, 39.11 W
2026/09/20 19:28:03.919, 1, 0 %, 0 %, 35270 MiB, 38.39 W
2026/09/20 19:28:03.920, 2, 0 %, 0 %, 35270 MiB, 37.28 W
2026/09/20 19:28:08.920, 0, 0 %, 0 %, 35270 MiB, 39.19 W
2026/09/20 19:28:08.921, 1, 0 %, 0 %, 35270 MiB, 38.38 W
2026/09/20 19:28:08.921, 2, 0 %, 0 %, 35270 MiB, 37.29 W
2026/09/20 19:28:13.922, 0, 0 %, 0 %, 35270 MiB, 39.18 W
2026/09/20 19:28:13.923, 1, 0 %, 0 %, 35270 MiB, 38.35 W
2026/09/20 19:28:13.923, 2, 0 %, 0 %, 35270 MiB, 37.37 W
2026/09/20 19:28:18.923, 0, 0 %, 0 %, 35270 MiB, 39.01 W
2026/09/20 19:28:18.924, 1, 0 %, 0 %, 35270 MiB, 38.39 W
2026/09/20 19:28:18.924, 2, 0 %, 0 %, 35270 MiB, 37.39 W
2026/09/20 19:28:23.925, 0, 0 %, 0 %, 35270 MiB, 39.18 W
2026/09/20 19:28:23.925, 1, 0 %, 0 %, 35270 MiB, 38.56 W
2026/09/20 19:28:23.925, 2, 0 %, 0 %, 35270 MiB, 37.47 W
2026/09/20 19:28:28.926, 0, 0 %, 0 %, 35270 MiB, 39.02 W
2026/09/20 19:28:28.926, 1, 0 %, 0 %, 35270 MiB, 38.49 W
2026/09/20 19:28:28.926, 2, 0 %, 0 %, 35270 MiB, 37.18 W
2026/09/20 19:28:33.927, 0, 0 %, 0 %, 35270 MiB, 38.98 W
2026/09/20 19:28:33.928, 1, 0 %, 0 %, 35270 MiB, 38.36 W
2026/09/20 19:28:33.928, 2, 0 %, 0 %, 35270 MiB, 37.25 W
2026/09/20 19:28:38.928, 0, 0 %, 0 %, 35270 MiB, 38.90 W
2026/09/20 19:28:38.929, 1, 0 %, 0 %, 35270 MiB, 38.39 W
2026/09/20 19:28:38.929, 2, 0 %, 0 %, 35270 MiB, 37.18 W
2026/09/20 19:28:43.930, 0, 0 %, 0 %, 35270 MiB, 39.08 W
2026/09/20 19:28:43.931, 1, 0 %, 0 %, 35270 MiB, 38.46 W
2026/09/20 19:28:43.931, 2, 0 %, 0 %, 35270 MiB, 37.06 W
2026/09/20 19:28:48.931, 0, 0 %, 0 %, 35270 MiB, 39.07 W
2026/09/20 19:28:48.931, 1, 0 %, 0 %, 35270 MiB, 38.45 W
2026/09/20 19:28:48.932, 2, 0 %, 0 %, 35270 MiB, 37.15 W
2026/09/20 19:28:53.933, 0, 0 %, 0 %, 35270 MiB, 39.09 W
2026/09/20 19:28:53.934, 1, 0 %, 0 %, 35270 MiB, 38.46 W
2026/09/20 19:28:53.934, 2, 0 %, 0 %, 35270 MiB, 37.16 W
2026/09/20 19:28:58.934, 0, 0 %, 0 %, 35270 MiB, 38.99 W
2026/09/20 19:28:58.935, 1, 0 %, 0 %, 35270 MiB, 38.75 W
2026/09/20 19:28:58.935, 2, 0 %, 0 %, 35270 MiB, 37.26 W
2026/09/20 19:29:03.935, 0, 0 %, 0 %, 35270 MiB, 39.17 W
2026/09/20 19:29:03.936, 1, 0 %, 0 %, 35270 MiB, 38.53 W
2026/09/20 19:29:03.936, 2, 0 %, 0 %, 35270 MiB, 37.35 W
2026/09/20 19:29:08.936, 0, 0 %, 0 %, 35270 MiB, 38.99 W
2026/09/20 19:29:08.937, 1, 0 %, 0 %, 35270 MiB, 38.48 W
2026/09/20 19:29:08.937, 2, 0 %, 0 %, 35270 MiB, 37.29 W
2026/09/20 19:29:13.938, 0, 0 %, 0 %, 35270 MiB, 39.07 W
2026/09/20 19:29:13.939, 1, 0 %, 0 %, 35270 MiB, 38.25 W
2026/09/20 19:29:13.939, 2, 0 %, 0 %, 35270 MiB, 37.46 W
2026/09/20 19:29:18.939, 0, 0 %, 0 %, 35270 MiB, 38.86 W
2026/09/20 19:29:18.940, 1, 0 %, 0 %, 35270 MiB, 38.44 W
2026/09/20 19:29:18.940, 2, 0 %, 0 %, 35270 MiB, 37.26 W
2026/09/20 19:29:23.941, 0, 0 %, 0 %, 35270 MiB, 38.59 W
2026/09/20 19:29:23.941, 1, 0 %, 0 %, 35270 MiB, 38.25 W
2026/09/20 19:29:23.942, 2, 0 %, 0 %, 35270 MiB, 37.26 W
2026/09/20 19:29:28.943, 0, 0 %, 0 %, 35270 MiB, 38.91 W
2026/09/20 19:29:28.943, 1, 0 %, 0 %, 35270 MiB, 38.28 W
2026/09/20 19:29:28.944, 2, 0 %, 0 %, 35270 MiB, 37.28 W
2026/09/20 19:29:33.949, 0, 0 %, 0 %, 35270 MiB, 38.59 W
2026/09/20 19:29:33.949, 1, 0 %, 0 %, 35270 MiB, 38.65 W
2026/09/20 19:29:33.950, 2, 0 %, 0 %, 35270 MiB, 37.27 W
2026/09/20 19:29:38.951, 0, 0 %, 0 %, 35270 MiB, 39.09 W
2026/09/20 19:29:38.951, 1, 0 %, 0 %, 35270 MiB, 38.46 W
2026/09/20 19:29:38.952, 2, 0 %, 0 %, 35270 MiB, 37.16 W
2026/09/20 19:29:43.953, 0, 0 %, 0 %, 35270 MiB, 38.69 W
2026/09/20 19:29:43.953, 1, 0 %, 0 %, 35270 MiB, 38.46 W
2026/09/20 19:29:43.953, 2, 0 %, 0 %, 35270 MiB, 37.16 W
2026/09/20 19:29:48.955, 0, 0 %, 0 %, 35270 MiB, 39.01 W
2026/09/20 19:29:48.955, 1, 0 %, 0 %, 35270 MiB, 38.49 W
2026/09/20 19:29:48.955, 2, 0 %, 0 %, 35270 MiB, 37.18 W
2026/09/20 19:29:53.956, 0, 0 %, 0 %, 35270 MiB, 39.09 W
2026/09/20 19:29:53.956, 1, 0 %, 0 %, 35270 MiB, 38.65 W
2026/09/20 19:29:53.956, 2, 0 %, 0 %, 35270 MiB, 37.26 W
2026/09/20 19:29:58.958, 0, 0 %, 0 %, 35270 MiB, 39.07 W
2026/09/20 19:29:58.959, 1, 0 %, 0 %, 35270 MiB, 38.54 W
2026/09/20 19:29:58.959, 2, 0 %, 0 %, 35270 MiB, 37.15 W
2026/09/20 19:30:03.960, 0, 0 %, 0 %, 35270 MiB, 39.08 W
2026/09/20 19:30:03.960, 1, 0 %, 0 %, 35270 MiB, 38.65 W
2026/09/20 19:30:03.961, 2, 0 %, 0 %, 35270 MiB, 37.25 W
2026/09/20 19:30:08.962, 0, 0 %, 0 %, 35270 MiB, 38.66 W
2026/09/20 19:30:08.962, 1, 0 %, 0 %, 35270 MiB, 38.73 W
2026/09/20 19:30:08.962, 2, 0 %, 0 %, 35270 MiB, 37.44 W
2026/09/20 19:30:13.963, 0, 0 %, 0 %, 35270 MiB, 39.18 W
2026/09/20 19:30:13.964, 1, 0 %, 0 %, 35270 MiB, 38.65 W
2026/09/20 19:30:13.964, 2, 0 %, 0 %, 35270 MiB, 37.37 W
2026/09/20 19:30:18.964, 0, 0 %, 0 %, 35270 MiB, 39.21 W
2026/09/20 19:30:18.965, 1, 0 %, 0 %, 35270 MiB, 38.49 W
2026/09/20 19:30:18.965, 2, 0 %, 0 %, 35270 MiB, 37.39 W
2026/09/20 19:30:23.966, 0, 0 %, 0 %, 35270 MiB, 39.18 W
2026/09/20 19:30:23.967, 1, 0 %, 0 %, 35270 MiB, 38.46 W
2026/09/20 19:30:23.967, 2, 0 %, 0 %, 35270 MiB, 37.36 W
2026/09/20 19:30:28.967, 0, 0 %, 0 %, 35270 MiB, 39.26 W
2026/09/20 19:30:28.967, 1, 0 %, 0 %, 35270 MiB, 38.65 W
2026/09/20 19:30:28.968, 2, 0 %, 0 %, 35270 MiB, 37.36 W
2026/09/20 19:30:33.968, 0, 0 %, 0 %, 35270 MiB, 39.19 W
2026/09/20 19:30:33.969, 1, 0 %, 0 %, 35270 MiB, 38.46 W
2026/09/20 19:30:33.969, 2, 0 %, 0 %, 35270 MiB, 37.37 W
2026/09/20 19:30:38.970, 0, 0 %, 0 %, 35270 MiB, 39.11 W
2026/09/20 19:30:38.970, 1, 0 %, 0 %, 35270 MiB, 38.58 W
2026/09/20 19:30:38.971, 2, 0 %, 0 %, 35270 MiB, 37.39 W
2026/09/20 19:30:43.972, 0, 0 %, 0 %, 35270 MiB, 39.09 W
2026/09/20 19:30:43.972, 1, 0 %, 0 %, 35270 MiB, 38.58 W
2026/09/20 19:30:43.973, 2, 0 %, 0 %, 35270 MiB, 37.29 W
2026/09/20 19:30:48.974, 0, 0 %, 0 %, 35270 MiB, 39.36 W
2026/09/20 19:30:48.974, 1, 0 %, 0 %, 35270 MiB, 38.75 W
2026/09/20 19:30:48.974, 2, 0 %, 0 %, 35270 MiB, 37.46 W
2026/09/20 19:30:53.976, 0, 0 %, 0 %, 35270 MiB, 39.21 W
2026/09/20 19:30:53.976, 1, 0 %, 0 %, 35270 MiB, 38.58 W
2026/09/20 19:30:53.976, 2, 0 %, 0 %, 35270 MiB, 37.49 W
2026/09/20 19:30:58.978, 0, 0 %, 0 %, 35270 MiB, 39.11 W
2026/09/20 19:30:58.978, 1, 0 %, 0 %, 35270 MiB, 38.68 W
2026/09/20 19:30:58.979, 2, 0 %, 0 %, 35270 MiB, 37.39 W
2026/09/20 19:31:03.980, 0, 0 %, 0 %, 35270 MiB, 39.21 W
2026/09/20 19:31:03.980, 1, 0 %, 0 %, 35270 MiB, 38.88 W
2026/09/20 19:31:03.980, 2, 0 %, 0 %, 35270 MiB, 37.39 W
2026/09/20 19:31:08.989, 0, 0 %, 0 %, 35270 MiB, 39.18 W
2026/09/20 19:31:08.990, 1, 0 %, 0 %, 35270 MiB, 38.65 W
2026/09/20 19:31:08.990, 2, 25 %, 1 %, 35270 MiB, 37.56 W
2026/09/20 19:31:13.990, 0, 0 %, 0 %, 35270 MiB, 39.19 W
2026/09/20 19:31:13.991, 1, 0 %, 0 %, 35270 MiB, 38.75 W
2026/09/20 19:31:13.991, 2, 0 %, 0 %, 35270 MiB, 37.38 W
2026/09/20 19:31:18.992, 0, 0 %, 0 %, 35270 MiB, 39.31 W
2026/09/20 19:31:18.992, 1, 0 %, 0 %, 35270 MiB, 38.78 W
2026/09/20 19:31:18.992, 2, 0 %, 0 %, 35270 MiB, 37.39 W
2026/09/20 19:31:23.993, 0, 24 %, 1 %, 35270 MiB, 39.47 W
2026/09/20 19:31:23.993, 1, 0 %, 0 %, 35270 MiB, 38.65 W
2026/09/20 19:31:23.993, 2, 0 %, 0 %, 35270 MiB, 37.36 W
2026/09/20 19:31:28.994, 0, 0 %, 0 %, 35270 MiB, 39.34 W
2026/09/20 19:31:28.995, 1, 0 %, 0 %, 35270 MiB, 38.63 W
2026/09/20 19:31:28.995, 2, 0 %, 0 %, 35270 MiB, 37.54 W
2026/09/20 19:31:33.995, 0, 0 %, 0 %, 35270 MiB, 39.24 W
2026/09/20 19:31:33.996, 1, 0 %, 0 %, 35270 MiB, 38.53 W
2026/09/20 19:31:33.996, 2, 0 %, 0 %, 35270 MiB, 37.35 W
2026/09/20 19:31:39.003, 0, 25 %, 1 %, 35270 MiB, 39.05 W
2026/09/20 19:31:39.004, 1, 0 %, 0 %, 35270 MiB, 38.63 W
2026/09/20 19:31:39.004, 2, 0 %, 0 %, 35270 MiB, 37.35 W
2026/09/20 19:31:44.004, 0, 0 %, 0 %, 35270 MiB, 38.97 W
2026/09/20 19:31:44.005, 1, 0 %, 0 %, 35270 MiB, 38.34 W
2026/09/20 19:31:44.005, 2, 0 %, 0 %, 35270 MiB, 37.54 W
2026/09/20 19:31:49.005, 0, 0 %, 0 %, 35270 MiB, 38.86 W
2026/09/20 19:31:49.006, 1, 0 %, 0 %, 35270 MiB, 38.44 W
2026/09/20 19:31:49.006, 2, 22 %, 1 %, 35270 MiB, 37.04 W
2026/09/20 19:31:54.007, 0, 0 %, 0 %, 35270 MiB, 38.54 W
2026/09/20 19:31:54.007, 1, 0 %, 0 %, 35270 MiB, 38.31 W
2026/09/20 19:31:54.008, 2, 0 %, 0 %, 35270 MiB, 37.12 W
2026/09/20 19:31:59.009, 0, 0 %, 0 %, 35270 MiB, 38.94 W
2026/09/20 19:31:59.010, 1, 0 %, 0 %, 35270 MiB, 38.43 W
2026/09/20 19:31:59.010, 2, 0 %, 0 %, 35270 MiB, 37.13 W
2026/09/20 19:32:04.011, 0, 0 %, 0 %, 35270 MiB, 38.86 W
2026/09/20 19:32:04.012, 1, 0 %, 0 %, 35270 MiB, 38.34 W
2026/09/20 19:32:04.012, 2, 0 %, 0 %, 35270 MiB, 37.03 W
2026/09/20 19:32:09.012, 0, 0 %, 0 %, 35270 MiB, 38.74 W
2026/09/20 19:32:09.013, 1, 0 %, 0 %, 35270 MiB, 38.33 W
2026/09/20 19:32:09.013, 2, 0 %, 0 %, 35270 MiB, 37.03 W
2026/09/20 19:32:14.013, 0, 0 %, 0 %, 35270 MiB, 38.79 W
2026/09/20 19:32:14.014, 1, 0 %, 0 %, 35270 MiB, 38.56 W
2026/09/20 19:32:14.014, 2, 0 %, 0 %, 35270 MiB, 37.06 W
2026/09/20 19:32:19.015, 0, 0 %, 0 %, 35270 MiB, 38.94 W
2026/09/20 19:32:19.015, 1, 0 %, 0 %, 35270 MiB, 38.32 W
2026/09/20 19:32:19.015, 2, 0 %, 0 %, 35270 MiB, 37.23 W
2026/09/20 19:32:24.017, 0, 25 %, 1 %, 35270 MiB, 38.57 W
2026/09/20 19:32:24.018, 1, 0 %, 0 %, 35270 MiB, 38.34 W
2026/09/20 19:32:24.018, 2, 0 %, 0 %, 35270 MiB, 37.14 W
2026/09/20 19:32:29.019, 0, 0 %, 0 %, 35270 MiB, 38.83 W
2026/09/20 19:32:29.019, 1, 0 %, 0 %, 35270 MiB, 38.33 W
2026/09/20 19:32:29.019, 2, 0 %, 0 %, 35270 MiB, 37.03 W
2026/09/20 19:32:34.021, 0, 0 %, 0 %, 35270 MiB, 38.97 W
2026/09/20 19:32:34.021, 1, 0 %, 0 %, 35270 MiB, 38.23 W
2026/09/20 19:32:34.022, 2, 0 %, 0 %, 35270 MiB, 37.04 W
2026/09/20 19:32:39.023, 0, 0 %, 0 %, 35270 MiB, 38.85 W
2026/09/20 19:32:39.023, 1, 0 %, 0 %, 35270 MiB, 38.22 W
2026/09/20 19:32:39.024, 2, 0 %, 0 %, 35270 MiB, 37.13 W
2026/09/20 19:32:44.024, 0, 0 %, 0 %, 35270 MiB, 38.89 W
2026/09/20 19:32:44.025, 1, 24 %, 1 %, 35270 MiB, 38.25 W
2026/09/20 19:32:44.025, 2, 0 %, 0 %, 35270 MiB, 37.16 W
2026/09/20 19:32:49.025, 0, 0 %, 0 %, 35270 MiB, 38.77 W
2026/09/20 19:32:49.026, 1, 0 %, 0 %, 35270 MiB, 38.33 W
2026/09/20 19:32:49.026, 2, 0 %, 0 %, 35270 MiB, 37.06 W
2026/09/20 19:32:54.027, 0, 0 %, 0 %, 35270 MiB, 38.85 W
2026/09/20 19:32:54.027, 1, 0 %, 0 %, 35270 MiB, 38.22 W
2026/09/20 19:32:54.028, 2, 0 %, 0 %, 35270 MiB, 36.93 W
2026/09/20 19:32:59.029, 0, 0 %, 0 %, 35270 MiB, 38.86 W
2026/09/20 19:32:59.029, 1, 0 %, 0 %, 35270 MiB, 38.23 W
2026/09/20 19:32:59.030, 2, 0 %, 0 %, 35270 MiB, 37.04 W
2026/09/20 19:33:04.031, 0, 0 %, 0 %, 35270 MiB, 38.84 W
2026/09/20 19:33:04.031, 1, 0 %, 0 %, 35270 MiB, 38.30 W
2026/09/20 19:33:04.031, 2, 0 %, 0 %, 35270 MiB, 37.01 W
2026/09/20 19:33:09.032, 0, 0 %, 0 %, 35270 MiB, 38.94 W
2026/09/20 19:33:09.033, 1, 0 %, 0 %, 35270 MiB, 38.33 W
2026/09/20 19:33:09.033, 2, 0 %, 0 %, 35270 MiB, 36.93 W
2026/09/20 19:33:14.034, 0, 0 %, 0 %, 35270 MiB, 38.86 W
2026/09/20 19:33:14.035, 1, 0 %, 0 %, 35270 MiB, 38.23 W
2026/09/20 19:33:14.035, 2, 0 %, 0 %, 35270 MiB, 37.14 W
2026/09/20 19:33:19.036, 0, 0 %, 0 %, 35270 MiB, 38.75 W
2026/09/20 19:33:19.037, 1, 25 %, 1 %, 35270 MiB, 38.33 W
2026/09/20 19:33:19.037, 2, 0 %, 0 %, 35270 MiB, 37.03 W
2026/09/20 19:33:24.038, 0, 0 %, 0 %, 35270 MiB, 38.75 W
2026/09/20 19:33:24.038, 1, 25 %, 1 %, 35270 MiB, 38.44 W
2026/09/20 19:33:24.038, 2, 0 %, 0 %, 35270 MiB, 37.05 W
2026/09/20 19:33:29.039, 0, 0 %, 0 %, 35270 MiB, 38.84 W
2026/09/20 19:33:29.040, 1, 0 %, 0 %, 35270 MiB, 38.44 W
2026/09/20 19:33:29.040, 2, 0 %, 0 %, 35270 MiB, 37.13 W
2026/09/20 19:33:34.041, 0, 0 %, 0 %, 35270 MiB, 38.74 W
2026/09/20 19:33:34.042, 1, 0 %, 0 %, 35270 MiB, 38.43 W
2026/09/20 19:33:34.042, 2, 0 %, 0 %, 35270 MiB, 37.24 W
2026/09/20 19:33:39.043, 0, 0 %, 0 %, 35270 MiB, 38.83 W
2026/09/20 19:33:39.044, 1, 0 %, 0 %, 35270 MiB, 38.43 W
2026/09/20 19:33:39.044, 2, 0 %, 0 %, 35270 MiB, 37.03 W
2026/09/20 19:33:44.045, 0, 0 %, 0 %, 35270 MiB, 38.85 W
2026/09/20 19:33:44.046, 1, 25 %, 1 %, 35270 MiB, 38.23 W
2026/09/20 19:33:44.046, 2, 0 %, 0 %, 35270 MiB, 37.04 W
2026/09/20 19:33:49.047, 0, 0 %, 0 %, 35270 MiB, 38.87 W
2026/09/20 19:33:49.048, 1, 5 %, 0 %, 35270 MiB, 45.06 W
2026/09/20 19:33:49.048, 2, 0 %, 0 %, 35270 MiB, 37.15 W
2026/09/20 19:33:54.054, 0, 0 %, 0 %, 35270 MiB, 38.76 W
2026/09/20 19:33:54.054, 1, 0 %, 0 %, 35270 MiB, 38.25 W
2026/09/20 19:33:54.054, 2, 20 %, 1 %, 35270 MiB, 37.26 W
2026/09/20 19:33:59.061, 0, 0 %, 0 %, 35270 MiB, 38.69 W
2026/09/20 19:33:59.062, 1, 0 %, 0 %, 35270 MiB, 38.25 W
2026/09/20 19:33:59.062, 2, 25 %, 1 %, 35270 MiB, 37.26 W
2026/09/20 19:34:04.063, 0, 0 %, 0 %, 35270 MiB, 38.96 W
2026/09/20 19:34:04.063, 1, 0 %, 0 %, 35270 MiB, 38.23 W
2026/09/20 19:34:04.064, 2, 0 %, 0 %, 35270 MiB, 37.14 W
2026/09/20 19:34:09.065, 0, 0 %, 0 %, 35270 MiB, 38.75 W
2026/09/20 19:34:09.065, 1, 0 %, 0 %, 35270 MiB, 38.33 W
2026/09/20 19:34:09.065, 2, 0 %, 0 %, 35270 MiB, 37.14 W
2026/09/20 19:34:14.067, 0, 0 %, 0 %, 35270 MiB, 38.75 W
2026/09/20 19:34:14.067, 1, 0 %, 0 %, 35270 MiB, 38.46 W
2026/09/20 19:34:14.067, 2, 0 %, 0 %, 35270 MiB, 37.15 W
2026/09/20 19:34:19.068, 0, 0 %, 0 %, 35270 MiB, 38.61 W
2026/09/20 19:34:19.069, 1, 0 %, 0 %, 35270 MiB, 38.46 W
2026/09/20 19:34:19.069, 2, 0 %, 0 %, 35270 MiB, 37.16 W
2026/09/20 19:34:24.070, 0, 0 %, 0 %, 35270 MiB, 38.95 W
2026/09/20 19:34:24.081, 1, 0 %, 0 %, 35270 MiB, 38.44 W
2026/09/20 19:34:24.082, 2, 0 %, 0 %, 35270 MiB, 37.23 W
2026/09/20 19:34:29.091, 0, 0 %, 0 %, 35270 MiB, 38.97 W
2026/09/20 19:34:29.092, 1, 0 %, 0 %, 35270 MiB, 38.53 W
2026/09/20 19:34:29.092, 2, 0 %, 0 %, 35270 MiB, 37.35 W
2026/09/20 19:34:34.093, 0, 0 %, 0 %, 35270 MiB, 38.65 W
2026/09/20 19:34:34.093, 1, 0 %, 0 %, 35270 MiB, 38.53 W
2026/09/20 19:34:34.093, 2, 0 %, 0 %, 35270 MiB, 37.35 W
2026/09/20 19:34:39.101, 0, 0 %, 0 %, 35270 MiB, 38.96 W
2026/09/20 19:34:39.101, 1, 0 %, 0 %, 35270 MiB, 38.44 W
2026/09/20 19:34:39.102, 2, 25 %, 1 %, 35270 MiB, 37.25 W
2026/09/20 19:34:44.103, 0, 0 %, 0 %, 35270 MiB, 38.96 W
2026/09/20 19:34:44.104, 1, 0 %, 0 %, 35270 MiB, 38.44 W
2026/09/20 19:34:44.104, 2, 0 %, 0 %, 35270 MiB, 37.14 W
2026/09/20 19:34:49.105, 0, 0 %, 0 %, 35270 MiB, 38.99 W
2026/09/20 19:34:49.105, 1, 0 %, 0 %, 35270 MiB, 38.36 W
2026/09/20 19:34:49.105, 2, 0 %, 0 %, 35270 MiB, 37.37 W
2026/09/20 19:34:54.106, 0, 0 %, 0 %, 35270 MiB, 38.99 W
2026/09/20 19:34:54.107, 1, 0 %, 0 %, 35270 MiB, 38.27 W
2026/09/20 19:34:54.107, 2, 0 %, 0 %, 35270 MiB, 37.29 W
2026/09/20 19:34:59.108, 0, 0 %, 0 %, 35270 MiB, 39.11 W
2026/09/20 19:34:59.108, 1, 0 %, 0 %, 35270 MiB, 38.25 W
2026/09/20 19:34:59.109, 2, 0 %, 0 %, 35270 MiB, 37.37 W
2026/09/20 19:35:04.113, 0, 0 %, 0 %, 35270 MiB, 38.87 W
2026/09/20 19:35:04.114, 1, 0 %, 0 %, 35270 MiB, 38.53 W
2026/09/20 19:35:04.114, 2, 0 %, 0 %, 35270 MiB, 37.35 W
2026/09/20 19:35:09.114, 0, 0 %, 0 %, 35270 MiB, 38.91 W
2026/09/20 19:35:09.115, 1, 0 %, 0 %, 35270 MiB, 38.39 W
2026/09/20 19:35:09.115, 2, 0 %, 0 %, 35270 MiB, 37.29 W
2026/09/20 19:35:14.115, 0, 0 %, 0 %, 35270 MiB, 38.97 W
2026/09/20 19:35:14.116, 1, 0 %, 0 %, 35270 MiB, 38.45 W
2026/09/20 19:35:14.116, 2, 0 %, 0 %, 35270 MiB, 37.15 W
2026/09/20 19:35:19.119, 0, 0 %, 0 %, 35270 MiB, 39.07 W
2026/09/20 19:35:19.120, 1, 0 %, 0 %, 35270 MiB, 38.36 W
2026/09/20 19:35:19.120, 2, 0 %, 0 %, 35270 MiB, 37.27 W
2026/09/20 19:35:24.120, 0, 0 %, 0 %, 35270 MiB, 38.90 W
2026/09/20 19:35:24.121, 1, 0 %, 0 %, 35270 MiB, 38.46 W
2026/09/20 19:35:24.121, 2, 0 %, 0 %, 35270 MiB, 37.25 W
2026/09/20 19:35:29.121, 0, 0 %, 0 %, 35270 MiB, 38.96 W
2026/09/20 19:35:29.122, 1, 0 %, 0 %, 35270 MiB, 38.44 W
2026/09/20 19:35:29.122, 2, 0 %, 0 %, 35270 MiB, 37.35 W
2026/09/20 19:35:34.123, 0, 0 %, 0 %, 35270 MiB, 39.07 W
2026/09/20 19:35:34.124, 1, 0 %, 0 %, 35270 MiB, 38.54 W
2026/09/20 19:35:34.124, 2, 0 %, 0 %, 35270 MiB, 37.35 W
2026/09/20 19:35:39.125, 0, 0 %, 0 %, 35270 MiB, 39.06 W
2026/09/20 19:35:39.126, 1, 0 %, 0 %, 35270 MiB, 38.73 W
2026/09/20 19:35:39.126, 2, 0 %, 0 %, 35270 MiB, 37.24 W
2026/09/20 19:35:44.127, 0, 0 %, 0 %, 35270 MiB, 39.04 W
2026/09/20 19:35:44.128, 1, 0 %, 0 %, 35270 MiB, 38.53 W
2026/09/20 19:35:44.128, 2, 0 %, 0 %, 35270 MiB, 37.53 W
2026/09/20 19:35:49.129, 0, 0 %, 0 %, 35270 MiB, 39.06 W
2026/09/20 19:35:49.129, 1, 0 %, 0 %, 35270 MiB, 38.44 W
2026/09/20 19:35:49.129, 2, 0 %, 0 %, 35270 MiB, 37.34 W
2026/09/20 19:35:54.131, 0, 0 %, 0 %, 35270 MiB, 39.11 W
2026/09/20 19:35:54.131, 1, 0 %, 0 %, 35270 MiB, 38.27 W
2026/09/20 19:35:54.131, 2, 0 %, 0 %, 35270 MiB, 37.39 W
2026/09/20 19:35:59.133, 0, 0 %, 0 %, 35270 MiB, 39.07 W
2026/09/20 19:35:59.133, 1, 0 %, 0 %, 35270 MiB, 38.44 W
2026/09/20 19:35:59.134, 2, 0 %, 0 %, 35270 MiB, 37.35 W
2026/09/20 19:36:04.134, 0, 0 %, 0 %, 35270 MiB, 39.02 W
2026/09/20 19:36:04.135, 1, 0 %, 0 %, 35270 MiB, 38.28 W
2026/09/20 19:36:04.135, 2, 0 %, 0 %, 35270 MiB, 37.49 W
2026/09/20 19:36:09.135, 0, 0 %, 0 %, 35270 MiB, 38.90 W
2026/09/20 19:36:09.136, 1, 0 %, 0 %, 35270 MiB, 38.38 W
2026/09/20 19:36:09.136, 2, 0 %, 0 %, 35270 MiB, 37.38 W
2026/09/20 19:36:14.137, 0, 0 %, 0 %, 35270 MiB, 39.08 W
2026/09/20 19:36:14.137, 1, 0 %, 0 %, 35270 MiB, 38.26 W
2026/09/20 19:36:14.138, 2, 0 %, 0 %, 35270 MiB, 37.37 W
2026/09/20 19:36:19.139, 0, 0 %, 0 %, 35270 MiB, 38.87 W
2026/09/20 19:36:19.139, 1, 0 %, 0 %, 35270 MiB, 38.36 W
2026/09/20 19:36:19.139, 2, 0 %, 0 %, 35270 MiB, 37.15 W
2026/09/20 19:36:24.139, 0, 0 %, 0 %, 35270 MiB, 38.87 W
2026/09/20 19:36:24.140, 1, 0 %, 0 %, 35270 MiB, 38.35 W
2026/09/20 19:36:24.140, 2, 0 %, 0 %, 35270 MiB, 37.26 W
2026/09/20 19:36:29.140, 0, 0 %, 0 %, 35270 MiB, 38.79 W
2026/09/20 19:36:29.140, 1, 0 %, 0 %, 35270 MiB, 38.38 W
2026/09/20 19:36:29.141, 2, 0 %, 0 %, 35270 MiB, 37.17 W
2026/09/20 19:36:34.142, 0, 0 %, 0 %, 35270 MiB, 38.86 W
2026/09/20 19:36:34.142, 1, 0 %, 0 %, 35270 MiB, 38.34 W
2026/09/20 19:36:34.143, 2, 0 %, 0 %, 35270 MiB, 37.14 W
2026/09/20 19:36:39.144, 0, 0 %, 0 %, 35270 MiB, 38.76 W
2026/09/20 19:36:39.144, 1, 0 %, 0 %, 35270 MiB, 38.24 W
2026/09/20 19:36:39.145, 2, 0 %, 0 %, 35270 MiB, 37.14 W
2026/09/20 19:36:44.146, 0, 0 %, 0 %, 35270 MiB, 38.76 W
2026/09/20 19:36:44.147, 1, 0 %, 0 %, 35270 MiB, 38.23 W
2026/09/20 19:36:44.147, 2, 0 %, 0 %, 35270 MiB, 37.14 W
2026/09/20 19:36:49.148, 0, 0 %, 0 %, 35270 MiB, 38.86 W
2026/09/20 19:36:49.148, 1, 0 %, 0 %, 35270 MiB, 38.34 W
2026/09/20 19:36:49.148, 2, 0 %, 0 %, 35270 MiB, 37.14 W
2026/09/20 19:36:54.149, 0, 0 %, 0 %, 35270 MiB, 39.01 W
2026/09/20 19:36:54.150, 1, 0 %, 0 %, 35270 MiB, 38.39 W
2026/09/20 19:36:54.150, 2, 0 %, 0 %, 35270 MiB, 37.18 W
2026/09/20 19:36:59.151, 0, 0 %, 0 %, 35270 MiB, 38.89 W
2026/09/20 19:36:59.151, 1, 0 %, 0 %, 35270 MiB, 38.15 W
2026/09/20 19:36:59.151, 2, 0 %, 0 %, 35270 MiB, 37.16 W
2026/09/20 19:37:04.152, 0, 0 %, 0 %, 35270 MiB, 38.85 W
2026/09/20 19:37:04.153, 1, 0 %, 0 %, 35270 MiB, 38.23 W
2026/09/20 19:37:04.153, 2, 0 %, 0 %, 35270 MiB, 37.25 W
2026/09/20 19:37:09.153, 0, 0 %, 0 %, 35270 MiB, 38.89 W
2026/09/20 19:37:09.154, 1, 0 %, 0 %, 35270 MiB, 38.15 W
2026/09/20 19:37:09.154, 2, 0 %, 0 %, 35270 MiB, 37.27 W
2026/09/20 19:37:14.154, 0, 0 %, 0 %, 35270 MiB, 38.79 W
2026/09/20 19:37:14.154, 1, 0 %, 0 %, 35270 MiB, 38.17 W
2026/09/20 19:37:14.154, 2, 0 %, 0 %, 35270 MiB, 37.29 W
2026/09/20 19:37:19.155, 0, 0 %, 0 %, 35270 MiB, 38.76 W
2026/09/20 19:37:19.156, 1, 0 %, 0 %, 35270 MiB, 38.24 W
2026/09/20 19:37:19.156, 2, 0 %, 0 %, 35270 MiB, 37.37 W
2026/09/20 19:37:24.156, 0, 0 %, 0 %, 35270 MiB, 38.75 W
2026/09/20 19:37:24.156, 1, 0 %, 0 %, 35270 MiB, 38.23 W
2026/09/20 19:37:24.157, 2, 0 %, 0 %, 35270 MiB, 37.13 W
2026/09/20 19:37:29.158, 0, 0 %, 0 %, 35270 MiB, 39.05 W
2026/09/20 19:37:29.158, 1, 0 %, 0 %, 35270 MiB, 38.44 W
2026/09/20 19:37:29.158, 2, 0 %, 0 %, 35270 MiB, 37.13 W
2026/09/20 19:37:34.160, 0, 0 %, 0 %, 35270 MiB, 38.86 W
2026/09/20 19:37:34.160, 1, 0 %, 0 %, 35270 MiB, 38.23 W
2026/09/20 19:37:34.160, 2, 0 %, 0 %, 35270 MiB, 37.13 W
2026/09/20 19:37:39.161, 0, 0 %, 0 %, 35270 MiB, 38.87 W
2026/09/20 19:37:39.161, 1, 0 %, 0 %, 35270 MiB, 38.25 W
2026/09/20 19:37:39.162, 2, 0 %, 0 %, 35270 MiB, 37.45 W
2026/09/20 19:37:44.163, 0, 0 %, 0 %, 35270 MiB, 38.97 W
2026/09/20 19:37:44.163, 1, 0 %, 0 %, 35270 MiB, 38.24 W
2026/09/20 19:37:44.164, 2, 0 %, 0 %, 35270 MiB, 37.15 W
2026/09/20 19:37:49.165, 0, 0 %, 0 %, 35270 MiB, 39.06 W
2026/09/20 19:37:49.177, 1, 0 %, 0 %, 35270 MiB, 38.44 W
2026/09/20 19:37:49.188, 2, 0 %, 0 %, 35270 MiB, 37.14 W
2026/09/20 19:37:54.202, 0, 0 %, 0 %, 35270 MiB, 38.96 W
2026/09/20 19:37:54.202, 1, 0 %, 0 %, 35270 MiB, 38.44 W
2026/09/20 19:37:54.203, 2, 0 %, 0 %, 35270 MiB, 37.24 W
2026/09/20 19:37:59.204, 0, 0 %, 0 %, 35270 MiB, 38.97 W
2026/09/20 19:37:59.204, 1, 0 %, 0 %, 35270 MiB, 38.45 W
2026/09/20 19:37:59.205, 2, 0 %, 0 %, 35270 MiB, 37.56 W
2026/09/20 19:38:04.206, 0, 0 %, 0 %, 35270 MiB, 39.06 W
2026/09/20 19:38:04.206, 1, 0 %, 0 %, 35270 MiB, 38.62 W
2026/09/20 19:38:04.207, 2, 0 %, 0 %, 35270 MiB, 37.35 W
2026/09/20 19:38:09.208, 0, 0 %, 0 %, 35270 MiB, 39.17 W
2026/09/20 19:38:09.209, 1, 0 %, 0 %, 35270 MiB, 38.24 W
2026/09/20 19:38:09.209, 2, 0 %, 0 %, 35270 MiB, 37.35 W
2026/09/20 19:38:14.210, 0, 0 %, 0 %, 35270 MiB, 39.16 W
2026/09/20 19:38:14.211, 1, 0 %, 0 %, 35270 MiB, 38.34 W
2026/09/20 19:38:14.211, 2, 0 %, 0 %, 35270 MiB, 37.35 W
2026/09/20 19:38:19.212, 0, 24 %, 1 %, 35270 MiB, 38.76 W
2026/09/20 19:38:19.213, 1, 0 %, 0 %, 35270 MiB, 38.34 W
2026/09/20 19:38:19.213, 2, 0 %, 0 %, 35270 MiB, 37.56 W
2026/09/20 19:38:24.214, 0, 0 %, 0 %, 35270 MiB, 39.16 W
2026/09/20 19:38:24.214, 1, 0 %, 0 %, 35270 MiB, 38.44 W
2026/09/20 19:38:24.215, 2, 0 %, 0 %, 35270 MiB, 37.35 W
2026/09/20 19:38:29.216, 0, 0 %, 0 %, 35270 MiB, 38.94 W
2026/09/20 19:38:29.216, 1, 0 %, 0 %, 35270 MiB, 38.33 W
2026/09/20 19:38:29.216, 2, 0 %, 0 %, 35270 MiB, 37.24 W
2026/09/20 19:38:34.218, 0, 0 %, 0 %, 35270 MiB, 39.06 W
2026/09/20 19:38:34.219, 1, 0 %, 0 %, 35270 MiB, 38.34 W
2026/09/20 19:38:34.219, 2, 0 %, 0 %, 35270 MiB, 37.25 W
2026/09/20 19:38:39.219, 0, 0 %, 0 %, 35270 MiB, 38.92 W
2026/09/20 19:38:39.220, 1, 0 %, 0 %, 35270 MiB, 38.58 W
2026/09/20 19:38:39.220, 2, 0 %, 0 %, 35270 MiB, 37.28 W
2026/09/20 19:38:44.221, 0, 0 %, 0 %, 35270 MiB, 39.06 W
2026/09/20 19:38:44.221, 1, 0 %, 0 %, 35270 MiB, 38.34 W
2026/09/20 19:38:44.221, 2, 0 %, 0 %, 35270 MiB, 37.25 W
2026/09/20 19:38:49.223, 0, 0 %, 0 %, 35270 MiB, 39.04 W
2026/09/20 19:38:49.223, 1, 0 %, 0 %, 35270 MiB, 38.44 W
2026/09/20 19:38:49.223, 2, 0 %, 0 %, 35270 MiB, 37.34 W
2026/09/20 19:38:54.225, 0, 0 %, 0 %, 35270 MiB, 47.64 W
2026/09/20 19:38:54.225, 1, 0 %, 0 %, 35270 MiB, 38.33 W
2026/09/20 19:38:54.225, 2, 0 %, 0 %, 35270 MiB, 37.54 W
2026/09/20 19:38:59.226, 0, 0 %, 0 %, 35270 MiB, 39.19 W
2026/09/20 19:38:59.227, 1, 0 %, 0 %, 35270 MiB, 38.47 W
2026/09/20 19:38:59.227, 2, 0 %, 0 %, 35270 MiB, 37.38 W
2026/09/20 19:39:04.227, 0, 0 %, 0 %, 35270 MiB, 49.28 W
2026/09/20 19:39:04.228, 1, 0 %, 0 %, 35270 MiB, 38.46 W
2026/09/20 19:39:04.228, 2, 0 %, 0 %, 35270 MiB, 37.37 W
2026/09/20 19:39:09.229, 0, 0 %, 0 %, 35270 MiB, 39.07 W
2026/09/20 19:39:09.229, 1, 0 %, 0 %, 35270 MiB, 38.44 W
2026/09/20 19:39:09.230, 2, 0 %, 0 %, 35270 MiB, 37.36 W
2026/09/20 19:39:14.230, 0, 0 %, 0 %, 35270 MiB, 48.83 W
2026/09/20 19:39:14.231, 1, 0 %, 0 %, 35270 MiB, 38.58 W
2026/09/20 19:39:14.231, 2, 0 %, 0 %, 35270 MiB, 37.49 W
2026/09/20 19:39:19.231, 0, 0 %, 0 %, 35270 MiB, 39.15 W
2026/09/20 19:39:19.231, 1, 0 %, 0 %, 35270 MiB, 38.34 W
2026/09/20 19:39:19.232, 2, 22 %, 1 %, 35270 MiB, 37.44 W
2026/09/20 19:39:24.233, 0, 0 %, 0 %, 35270 MiB, 39.17 W
2026/09/20 19:39:24.233, 1, 0 %, 0 %, 35270 MiB, 38.35 W
2026/09/20 19:39:24.233, 2, 24 %, 1 %, 35270 MiB, 37.45 W
2026/09/20 19:39:29.234, 0, 0 %, 0 %, 35270 MiB, 38.96 W
2026/09/20 19:39:29.234, 1, 0 %, 0 %, 35270 MiB, 38.33 W
2026/09/20 19:39:29.235, 2, 25 %, 1 %, 35270 MiB, 37.54 W
2026/09/20 19:39:34.235, 0, 0 %, 0 %, 35270 MiB, 38.97 W
2026/09/20 19:39:34.236, 1, 0 %, 0 %, 35270 MiB, 38.44 W
2026/09/20 19:39:34.236, 2, 24 %, 1 %, 35270 MiB, 37.54 W
2026/09/20 19:39:39.237, 0, 0 %, 0 %, 35270 MiB, 39.04 W
2026/09/20 19:39:39.238, 1, 0 %, 0 %, 35270 MiB, 38.33 W
2026/09/20 19:39:39.238, 2, 0 %, 0 %, 35270 MiB, 37.24 W
2026/09/20 19:39:44.238, 0, 0 %, 0 %, 35270 MiB, 38.99 W
2026/09/20 19:39:44.239, 1, 0 %, 0 %, 35270 MiB, 38.37 W
2026/09/20 19:39:44.239, 2, 0 %, 0 %, 35270 MiB, 37.18 W
2026/09/20 19:39:49.239, 0, 0 %, 0 %, 35270 MiB, 38.94 W
2026/09/20 19:39:49.240, 1, 5 %, 0 %, 35270 MiB, 38.33 W
2026/09/20 19:39:49.240, 2, 0 %, 0 %, 35270 MiB, 37.53 W
2026/09/20 19:39:54.241, 0, 0 %, 0 %, 35270 MiB, 39.06 W
2026/09/20 19:39:54.242, 1, 0 %, 0 %, 35270 MiB, 38.34 W
2026/09/20 19:39:54.242, 2, 0 %, 0 %, 35270 MiB, 37.35 W
2026/09/20 19:39:59.242, 0, 0 %, 0 %, 35270 MiB, 38.97 W
2026/09/20 19:39:59.243, 1, 0 %, 0 %, 35270 MiB, 38.25 W
2026/09/20 19:39:59.243, 2, 0 %, 0 %, 35270 MiB, 37.26 W
2026/09/20 19:40:04.244, 0, 0 %, 0 %, 35270 MiB, 38.94 W
2026/09/20 19:40:04.245, 1, 0 %, 0 %, 35270 MiB, 38.34 W
2026/09/20 19:40:04.245, 2, 0 %, 0 %, 35270 MiB, 37.14 W
2026/09/20 19:40:09.246, 0, 25 %, 1 %, 35270 MiB, 38.99 W
2026/09/20 19:40:09.246, 1, 0 %, 0 %, 35270 MiB, 38.53 W
2026/09/20 19:40:09.246, 2, 0 %, 0 %, 35270 MiB, 37.35 W
2026/09/20 19:40:14.247, 0, 0 %, 0 %, 35270 MiB, 39.07 W
2026/09/20 19:40:14.248, 1, 0 %, 0 %, 35270 MiB, 38.65 W
2026/09/20 19:40:14.248, 2, 0 %, 0 %, 35270 MiB, 37.25 W
2026/09/20 19:40:19.248, 0, 0 %, 0 %, 35270 MiB, 38.95 W
2026/09/20 19:40:19.249, 1, 0 %, 0 %, 35270 MiB, 38.33 W
2026/09/20 19:40:19.249, 2, 0 %, 0 %, 35270 MiB, 37.13 W
2026/09/20 19:40:24.250, 0, 0 %, 0 %, 35270 MiB, 38.96 W
2026/09/20 19:40:24.251, 1, 0 %, 0 %, 35270 MiB, 38.44 W
2026/09/20 19:40:24.251, 2, 0 %, 0 %, 35270 MiB, 37.25 W
2026/09/20 19:40:29.252, 0, 0 %, 0 %, 35270 MiB, 38.96 W
2026/09/20 19:40:29.253, 1, 0 %, 0 %, 35270 MiB, 38.23 W
2026/09/20 19:40:29.253, 2, 0 %, 0 %, 35270 MiB, 37.24 W
2026/09/20 19:40:34.254, 0, 0 %, 0 %, 35270 MiB, 38.77 W
2026/09/20 19:40:34.254, 1, 0 %, 0 %, 35270 MiB, 38.04 W
2026/09/20 19:40:34.254, 2, 0 %, 0 %, 35270 MiB, 37.25 W
2026/09/20 19:40:39.256, 0, 0 %, 0 %, 35270 MiB, 38.75 W
2026/09/20 19:40:39.256, 1, 0 %, 0 %, 35270 MiB, 38.13 W
2026/09/20 19:40:39.256, 2, 0 %, 0 %, 35270 MiB, 37.23 W
2026/09/20 19:40:44.258, 0, 0 %, 0 %, 35270 MiB, 38.86 W
2026/09/20 19:40:44.259, 1, 24 %, 1 %, 35270 MiB, 38.23 W
2026/09/20 19:40:44.259, 2, 0 %, 0 %, 35270 MiB, 37.14 W
2026/09/20 19:40:49.259, 0, 0 %, 0 %, 35270 MiB, 38.87 W
2026/09/20 19:40:49.260, 1, 0 %, 0 %, 35270 MiB, 38.15 W
2026/09/20 19:40:49.260, 2, 0 %, 0 %, 35270 MiB, 37.25 W
2026/09/20 19:40:54.261, 0, 0 %, 0 %, 35270 MiB, 38.85 W
2026/09/20 19:40:54.261, 1, 0 %, 0 %, 35270 MiB, 38.21 W
2026/09/20 19:40:54.262, 2, 0 %, 0 %, 35270 MiB, 37.13 W
2026/09/20 19:40:59.262, 0, 0 %, 0 %, 35270 MiB, 38.74 W
2026/09/20 19:40:59.263, 1, 0 %, 0 %, 35270 MiB, 38.43 W
2026/09/20 19:40:59.263, 2, 0 %, 0 %, 35270 MiB, 37.13 W
2026/09/20 19:41:04.271, 0, 0 %, 0 %, 35270 MiB, 39.24 W
2026/09/20 19:41:04.271, 1, 0 %, 0 %, 35270 MiB, 38.53 W
2026/09/20 19:41:04.271, 2, 0 %, 0 %, 35270 MiB, 37.13 W
2026/09/20 19:41:09.273, 0, 0 %, 0 %, 35270 MiB, 38.78 W
2026/09/20 19:41:09.273, 1, 0 %, 0 %, 35270 MiB, 38.25 W
2026/09/20 19:41:09.274, 2, 0 %, 0 %, 35270 MiB, 37.15 W
2026/09/20 19:41:14.283, 0, 0 %, 0 %, 35270 MiB, 38.74 W
2026/09/20 19:41:14.283, 1, 0 %, 0 %, 35270 MiB, 38.21 W
2026/09/20 19:41:14.283, 2, 0 %, 0 %, 35270 MiB, 37.03 W
2026/09/20 19:41:19.284, 0, 0 %, 0 %, 35270 MiB, 38.96 W
2026/09/20 19:41:19.285, 1, 15 %, 1 %, 35270 MiB, 38.23 W
2026/09/20 19:41:19.285, 2, 0 %, 0 %, 35270 MiB, 37.05 W
2026/09/20 19:41:24.286, 0, 0 %, 0 %, 35270 MiB, 38.87 W
2026/09/20 19:41:24.286, 1, 0 %, 0 %, 35270 MiB, 38.25 W
2026/09/20 19:41:24.286, 2, 25 %, 1 %, 35270 MiB, 44.69 W
2026/09/20 19:41:29.288, 0, 0 %, 0 %, 35270 MiB, 38.87 W
2026/09/20 19:41:29.288, 1, 0 %, 0 %, 35270 MiB, 38.05 W
2026/09/20 19:41:29.289, 2, 0 %, 0 %, 35270 MiB, 37.25 W
2026/09/20 19:41:34.290, 0, 0 %, 0 %, 35270 MiB, 38.86 W
2026/09/20 19:41:34.290, 1, 0 %, 0 %, 35270 MiB, 38.23 W
2026/09/20 19:41:34.290, 2, 0 %, 0 %, 35270 MiB, 37.14 W
2026/09/20 19:41:39.291, 0, 0 %, 0 %, 35270 MiB, 39.00 W
2026/09/20 19:41:39.292, 1, 3 %, 0 %, 35270 MiB, 38.15 W
2026/09/20 19:41:39.292, 2, 0 %, 0 %, 35270 MiB, 44.62 W
2026/09/20 19:41:44.292, 0, 0 %, 0 %, 35270 MiB, 38.66 W
2026/09/20 19:41:44.293, 1, 0 %, 0 %, 35270 MiB, 38.06 W
2026/09/20 19:41:44.293, 2, 0 %, 0 %, 35270 MiB, 37.25 W
2026/09/20 19:41:49.294, 0, 0 %, 0 %, 35270 MiB, 38.75 W
2026/09/20 19:41:49.294, 1, 0 %, 0 %, 35270 MiB, 38.33 W
2026/09/20 19:41:49.294, 2, 0 %, 0 %, 35270 MiB, 37.35 W
2026/09/20 19:41:54.301, 0, 0 %, 0 %, 35270 MiB, 38.44 W
2026/09/20 19:41:54.301, 1, 0 %, 0 %, 35270 MiB, 38.11 W
2026/09/20 19:41:54.301, 2, 0 %, 0 %, 35270 MiB, 37.14 W
2026/09/20 19:41:59.303, 0, 0 %, 0 %, 35270 MiB, 38.85 W
2026/09/20 19:41:59.303, 1, 0 %, 0 %, 35270 MiB, 38.12 W
2026/09/20 19:41:59.304, 2, 0 %, 0 %, 35270 MiB, 37.03 W
2026/09/20 19:42:04.305, 0, 0 %, 0 %, 35270 MiB, 38.74 W
2026/09/20 19:42:04.306, 1, 0 %, 0 %, 35270 MiB, 38.13 W
2026/09/20 19:42:04.306, 2, 0 %, 0 %, 35270 MiB, 37.13 W
2026/09/20 19:42:09.307, 0, 0 %, 0 %, 35270 MiB, 38.77 W
2026/09/20 19:42:09.307, 1, 20 %, 1 %, 35270 MiB, 38.33 W
2026/09/20 19:42:09.308, 2, 0 %, 0 %, 35270 MiB, 37.15 W
2026/09/20 19:42:14.309, 0, 0 %, 0 %, 35270 MiB, 38.59 W
2026/09/20 19:42:14.309, 1, 0 %, 0 %, 35270 MiB, 38.25 W
2026/09/20 19:42:14.309, 2, 0 %, 0 %, 35270 MiB, 37.16 W
2026/09/20 19:42:19.311, 0, 0 %, 0 %, 35270 MiB, 38.76 W
2026/09/20 19:42:19.312, 1, 0 %, 0 %, 35270 MiB, 38.14 W
2026/09/20 19:42:19.312, 2, 0 %, 0 %, 35270 MiB, 37.24 W
2026/09/20 19:42:24.312, 0, 0 %, 0 %, 35270 MiB, 38.79 W
2026/09/20 19:42:24.313, 1, 0 %, 0 %, 35270 MiB, 38.35 W
2026/09/20 19:42:24.313, 2, 0 %, 0 %, 35270 MiB, 37.16 W
2026/09/20 19:42:29.313, 0, 0 %, 0 %, 35270 MiB, 38.76 W
2026/09/20 19:42:29.314, 1, 0 %, 0 %, 35270 MiB, 38.23 W
2026/09/20 19:42:29.314, 2, 0 %, 0 %, 35270 MiB, 37.25 W
2026/09/20 19:42:34.315, 0, 0 %, 0 %, 35270 MiB, 38.84 W
2026/09/20 19:42:34.315, 1, 0 %, 0 %, 35270 MiB, 37.92 W
2026/09/20 19:42:34.316, 2, 0 %, 0 %, 35270 MiB, 37.11 W
2026/09/20 19:42:39.317, 0, 0 %, 0 %, 35270 MiB, 38.75 W
2026/09/20 19:42:39.317, 1, 0 %, 0 %, 35270 MiB, 37.93 W
2026/09/20 19:42:39.317, 2, 0 %, 0 %, 35270 MiB, 37.24 W
2026/09/20 19:42:44.319, 0, 0 %, 0 %, 35270 MiB, 38.54 W
2026/09/20 19:42:44.320, 1, 0 %, 0 %, 35270 MiB, 38.02 W
2026/09/20 19:42:44.320, 2, 0 %, 0 %, 35270 MiB, 37.13 W
2026/09/20 19:42:49.321, 0, 0 %, 0 %, 35270 MiB, 38.76 W
2026/09/20 19:42:49.322, 1, 0 %, 0 %, 35270 MiB, 38.04 W
2026/09/20 19:42:49.322, 2, 0 %, 0 %, 35270 MiB, 37.24 W
2026/09/20 19:42:54.323, 0, 0 %, 0 %, 35270 MiB, 38.36 W
2026/09/20 19:42:54.324, 1, 0 %, 0 %, 35270 MiB, 38.03 W
2026/09/20 19:42:54.324, 2, 0 %, 0 %, 35270 MiB, 37.44 W
2026/09/20 19:42:59.325, 0, 0 %, 0 %, 35270 MiB, 38.74 W
2026/09/20 19:42:59.326, 1, 0 %, 0 %, 35270 MiB, 38.33 W
2026/09/20 19:42:59.326, 2, 0 %, 0 %, 35270 MiB, 37.14 W
2026/09/20 19:43:04.327, 0, 0 %, 0 %, 35270 MiB, 38.74 W
2026/09/20 19:43:04.328, 1, 0 %, 0 %, 35270 MiB, 38.13 W
2026/09/20 19:43:04.328, 2, 0 %, 0 %, 35270 MiB, 37.13 W
2026/09/20 19:43:09.329, 0, 0 %, 0 %, 35270 MiB, 38.83 W
2026/09/20 19:43:09.330, 1, 0 %, 0 %, 35270 MiB, 38.02 W
2026/09/20 19:43:09.330, 2, 0 %, 0 %, 35270 MiB, 37.03 W
2026/09/20 19:43:14.331, 0, 0 %, 0 %, 35270 MiB, 38.85 W
2026/09/20 19:43:14.332, 1, 0 %, 0 %, 35270 MiB, 38.11 W
2026/09/20 19:43:14.332, 2, 0 %, 0 %, 35270 MiB, 37.34 W
2026/09/20 19:43:19.333, 0, 0 %, 0 %, 35270 MiB, 38.83 W
2026/09/20 19:43:19.333, 1, 0 %, 0 %, 35270 MiB, 38.31 W
2026/09/20 19:43:19.334, 2, 0 %, 0 %, 35270 MiB, 37.13 W
2026/09/20 19:43:24.335, 0, 0 %, 0 %, 35270 MiB, 38.86 W
2026/09/20 19:43:24.336, 1, 0 %, 0 %, 35270 MiB, 38.23 W
2026/09/20 19:43:24.336, 2, 0 %, 0 %, 35270 MiB, 37.14 W
2026/09/20 19:43:29.337, 0, 0 %, 0 %, 35270 MiB, 38.97 W
2026/09/20 19:43:29.337, 1, 0 %, 0 %, 35270 MiB, 38.26 W
2026/09/20 19:43:29.337, 2, 0 %, 0 %, 35270 MiB, 37.14 W
2026/09/20 19:43:34.339, 0, 0 %, 0 %, 35270 MiB, 38.87 W
2026/09/20 19:43:34.339, 1, 0 %, 0 %, 35270 MiB, 38.53 W
2026/09/20 19:43:34.339, 2, 0 %, 0 %, 35270 MiB, 37.24 W
2026/09/20 19:43:39.340, 0, 0 %, 0 %, 35270 MiB, 38.96 W
2026/09/20 19:43:39.340, 1, 0 %, 0 %, 35270 MiB, 38.34 W
2026/09/20 19:43:39.341, 2, 0 %, 0 %, 35270 MiB, 37.25 W
2026/09/20 19:43:44.342, 0, 0 %, 0 %, 35270 MiB, 39.07 W
2026/09/20 19:43:44.342, 1, 0 %, 0 %, 35270 MiB, 38.15 W
2026/09/20 19:43:44.342, 2, 0 %, 0 %, 35270 MiB, 37.26 W
2026/09/20 19:43:49.344, 0, 0 %, 0 %, 35270 MiB, 39.06 W
2026/09/20 19:43:49.344, 1, 0 %, 0 %, 35270 MiB, 38.13 W
2026/09/20 19:43:49.345, 2, 0 %, 0 %, 35270 MiB, 37.55 W
2026/09/20 19:43:54.346, 0, 0 %, 0 %, 35270 MiB, 38.97 W
2026/09/20 19:43:54.347, 1, 0 %, 0 %, 35270 MiB, 38.33 W
2026/09/20 19:43:54.347, 2, 0 %, 0 %, 35270 MiB, 37.36 W
2026/09/20 19:43:59.348, 0, 0 %, 0 %, 35270 MiB, 38.86 W
2026/09/20 19:43:59.349, 1, 0 %, 0 %, 35270 MiB, 38.23 W
2026/09/20 19:43:59.349, 2, 0 %, 0 %, 35270 MiB, 37.44 W
2026/09/20 19:44:04.350, 0, 0 %, 0 %, 35270 MiB, 38.94 W
2026/09/20 19:44:04.350, 1, 0 %, 0 %, 35270 MiB, 38.23 W
2026/09/20 19:44:04.351, 2, 0 %, 0 %, 35270 MiB, 37.14 W
2026/09/20 19:44:09.352, 0, 0 %, 0 %, 35270 MiB, 38.86 W
2026/09/20 19:44:09.352, 1, 0 %, 0 %, 35270 MiB, 38.22 W
2026/09/20 19:44:09.353, 2, 0 %, 0 %, 35270 MiB, 37.35 W
2026/09/20 19:44:14.353, 0, 0 %, 0 %, 35270 MiB, 38.87 W
2026/09/20 19:44:14.354, 1, 0 %, 0 %, 35270 MiB, 38.44 W
2026/09/20 19:44:14.354, 2, 0 %, 0 %, 35270 MiB, 37.25 W
2026/09/20 19:44:19.355, 0, 0 %, 0 %, 35270 MiB, 38.87 W
2026/09/20 19:44:19.355, 1, 0 %, 0 %, 35270 MiB, 38.23 W
2026/09/20 19:44:19.355, 2, 0 %, 0 %, 35270 MiB, 37.24 W
2026/09/20 19:44:24.357, 0, 0 %, 0 %, 35270 MiB, 39.07 W
2026/09/20 19:44:24.357, 1, 0 %, 0 %, 35270 MiB, 38.24 W
2026/09/20 19:44:24.357, 2, 0 %, 0 %, 35270 MiB, 37.25 W
2026/09/20 19:44:29.362, 0, 0 %, 0 %, 35270 MiB, 38.96 W
2026/09/20 19:44:29.363, 1, 0 %, 0 %, 35270 MiB, 38.53 W
2026/09/20 19:44:29.363, 2, 0 %, 0 %, 35270 MiB, 37.44 W
2026/09/20 19:44:34.363, 0, 0 %, 0 %, 35270 MiB, 38.97 W
2026/09/20 19:44:34.364, 1, 0 %, 0 %, 35270 MiB, 38.44 W
2026/09/20 19:44:34.364, 2, 0 %, 0 %, 35270 MiB, 37.25 W
2026/09/20 19:44:39.365, 0, 0 %, 0 %, 35270 MiB, 38.97 W
2026/09/20 19:44:39.365, 1, 0 %, 0 %, 35270 MiB, 38.44 W
2026/09/20 19:44:39.366, 2, 0 %, 0 %, 35270 MiB, 37.26 W
2026/09/20 19:44:44.367, 0, 0 %, 0 %, 35270 MiB, 39.17 W
2026/09/20 19:44:44.368, 1, 0 %, 0 %, 35270 MiB, 38.46 W
2026/09/20 19:44:44.368, 2, 0 %, 0 %, 35270 MiB, 37.56 W
2026/09/20 19:44:49.369, 0, 0 %, 0 %, 35270 MiB, 38.66 W
2026/09/20 19:44:49.370, 1, 0 %, 0 %, 35270 MiB, 38.34 W
2026/09/20 19:44:49.370, 2, 0 %, 0 %, 35270 MiB, 37.36 W
2026/09/20 19:44:54.371, 0, 0 %, 0 %, 35270 MiB, 39.06 W
2026/09/20 19:44:54.371, 1, 0 %, 0 %, 35270 MiB, 38.23 W
2026/09/20 19:44:54.372, 2, 0 %, 0 %, 35270 MiB, 37.35 W
2026/09/20 19:44:59.373, 0, 0 %, 0 %, 35270 MiB, 39.17 W
2026/09/20 19:44:59.374, 1, 0 %, 0 %, 35270 MiB, 38.13 W
2026/09/20 19:44:59.374, 2, 0 %, 0 %, 35270 MiB, 37.35 W
2026/09/20 19:45:04.382, 0, 0 %, 0 %, 35270 MiB, 38.96 W
2026/09/20 19:45:04.383, 1, 0 %, 0 %, 35270 MiB, 38.44 W
2026/09/20 19:45:04.383, 2, 0 %, 0 %, 35270 MiB, 37.54 W
2026/09/20 19:45:09.384, 0, 0 %, 0 %, 35270 MiB, 38.76 W
2026/09/20 19:45:09.384, 1, 0 %, 0 %, 35270 MiB, 38.23 W
2026/09/20 19:45:09.384, 2, 0 %, 0 %, 35270 MiB, 37.44 W
2026/09/20 19:45:14.386, 0, 0 %, 0 %, 35270 MiB, 38.85 W
2026/09/20 19:45:14.386, 1, 0 %, 0 %, 35270 MiB, 38.23 W
2026/09/20 19:45:14.386, 2, 0 %, 0 %, 35270 MiB, 37.14 W
2026/09/20 19:45:19.388, 0, 0 %, 0 %, 35270 MiB, 38.97 W
2026/09/20 19:45:19.389, 1, 0 %, 0 %, 35270 MiB, 38.24 W
2026/09/20 19:45:19.389, 2, 0 %, 0 %, 35270 MiB, 37.26 W
2026/09/20 19:45:24.396, 0, 0 %, 0 %, 35270 MiB, 38.56 W
2026/09/20 19:45:24.397, 1, 0 %, 0 %, 35270 MiB, 38.44 W
2026/09/20 19:45:24.397, 2, 0 %, 0 %, 35270 MiB, 37.44 W
2026/09/20 19:45:29.397, 0, 0 %, 0 %, 35270 MiB, 38.98 W
2026/09/20 19:45:29.398, 1, 0 %, 0 %, 35270 MiB, 38.34 W
2026/09/20 19:45:29.398, 2, 0 %, 0 %, 35270 MiB, 37.24 W
2026/09/20 19:45:34.399, 0, 0 %, 0 %, 35270 MiB, 38.96 W
2026/09/20 19:45:34.399, 1, 0 %, 0 %, 35270 MiB, 38.23 W
2026/09/20 19:45:34.400, 2, 0 %, 0 %, 35270 MiB, 37.24 W
2026/09/20 19:45:39.401, 0, 0 %, 0 %, 35270 MiB, 38.97 W
2026/09/20 19:45:39.402, 1, 0 %, 0 %, 35270 MiB, 38.44 W
2026/09/20 19:45:39.402, 2, 0 %, 0 %, 35270 MiB, 37.24 W
2026/09/20 19:45:44.403, 0, 0 %, 0 %, 35270 MiB, 38.86 W
2026/09/20 19:45:44.404, 1, 0 %, 0 %, 35270 MiB, 38.24 W
2026/09/20 19:45:44.404, 2, 0 %, 0 %, 35270 MiB, 37.45 W
2026/09/20 19:45:49.404, 0, 0 %, 0 %, 35270 MiB, 38.90 W
2026/09/20 19:45:49.405, 1, 0 %, 0 %, 35270 MiB, 38.25 W
2026/09/20 19:45:49.405, 2, 0 %, 0 %, 35270 MiB, 37.36 W
2026/09/20 19:45:54.406, 0, 0 %, 0 %, 35270 MiB, 39.16 W
2026/09/20 19:45:54.406, 1, 0 %, 0 %, 35270 MiB, 38.34 W
2026/09/20 19:45:54.406, 2, 0 %, 0 %, 35270 MiB, 37.35 W
2026/09/20 19:45:59.408, 0, 0 %, 0 %, 35270 MiB, 38.66 W
2026/09/20 19:45:59.408, 1, 0 %, 0 %, 35270 MiB, 38.35 W
2026/09/20 19:45:59.409, 2, 0 %, 0 %, 35270 MiB, 37.36 W
2026/09/20 19:46:04.413, 0, 0 %, 0 %, 35270 MiB, 38.66 W
2026/09/20 19:46:04.413, 1, 0 %, 0 %, 35270 MiB, 38.25 W
2026/09/20 19:46:04.413, 2, 0 %, 0 %, 35270 MiB, 37.46 W
2026/09/20 19:46:09.414, 0, 0 %, 0 %, 35270 MiB, 39.19 W
2026/09/20 19:46:09.415, 1, 0 %, 0 %, 35270 MiB, 38.58 W
2026/09/20 19:46:09.415, 2, 0 %, 0 %, 35270 MiB, 37.37 W
2026/09/20 19:46:14.416, 0, 0 %, 0 %, 35270 MiB, 39.08 W
2026/09/20 19:46:14.416, 1, 0 %, 0 %, 35270 MiB, 38.28 W
2026/09/20 19:46:14.416, 2, 0 %, 0 %, 35270 MiB, 37.49 W
2026/09/20 19:46:19.417, 0, 0 %, 0 %, 35270 MiB, 38.99 W
2026/09/20 19:46:19.417, 1, 0 %, 0 %, 35270 MiB, 38.35 W
2026/09/20 19:46:19.418, 2, 0 %, 0 %, 35270 MiB, 37.27 W
2026/09/20 19:46:24.419, 0, 0 %, 0 %, 35270 MiB, 39.01 W
2026/09/20 19:46:24.419, 1, 0 %, 0 %, 35270 MiB, 38.39 W
2026/09/20 19:46:24.420, 2, 0 %, 0 %, 35270 MiB, 37.39 W
2026/09/20 19:46:29.420, 0, 0 %, 0 %, 35270 MiB, 39.20 W
2026/09/20 19:46:29.420, 1, 0 %, 0 %, 35270 MiB, 38.39 W
2026/09/20 19:46:29.420, 2, 0 %, 0 %, 35270 MiB, 37.39 W
2026/09/20 19:46:34.423, 0, 0 %, 0 %, 35270 MiB, 39.01 W
2026/09/20 19:46:34.424, 1, 0 %, 0 %, 35270 MiB, 38.58 W
2026/09/20 19:46:34.424, 2, 0 %, 0 %, 35270 MiB, 37.39 W
2026/09/20 19:46:39.432, 0, 0 %, 0 %, 35270 MiB, 39.18 W
2026/09/20 19:46:39.433, 1, 0 %, 0 %, 35270 MiB, 38.36 W
2026/09/20 19:46:39.433, 2, 0 %, 0 %, 35270 MiB, 37.59 W
2026/09/20 19:46:44.434, 0, 9 %, 0 %, 35270 MiB, 38.99 W
2026/09/20 19:46:44.435, 1, 0 %, 0 %, 35270 MiB, 38.37 W
2026/09/20 19:46:44.435, 2, 0 %, 0 %, 35270 MiB, 37.47 W
2026/09/20 19:46:49.435, 0, 0 %, 0 %, 35270 MiB, 39.12 W
2026/09/20 19:46:49.435, 1, 0 %, 0 %, 35270 MiB, 38.49 W
2026/09/20 19:46:49.435, 2, 0 %, 0 %, 35270 MiB, 37.39 W
2026/09/20 19:46:54.436, 0, 24 %, 1 %, 35270 MiB, 38.69 W
2026/09/20 19:46:54.437, 1, 0 %, 0 %, 35270 MiB, 38.38 W
2026/09/20 19:46:54.437, 2, 0 %, 0 %, 35270 MiB, 37.29 W
2026/09/20 19:46:59.437, 0, 24 %, 1 %, 35270 MiB, 38.71 W
2026/09/20 19:46:59.438, 1, 0 %, 0 %, 35270 MiB, 38.49 W
2026/09/20 19:46:59.438, 2, 0 %, 0 %, 35270 MiB, 37.58 W
2026/09/20 19:47:04.439, 0, 24 %, 1 %, 35270 MiB, 39.29 W
2026/09/20 19:47:04.440, 1, 0 %, 0 %, 35270 MiB, 38.27 W
2026/09/20 19:47:04.440, 2, 0 %, 0 %, 35270 MiB, 37.49 W
2026/09/20 19:47:09.441, 0, 0 %, 0 %, 35270 MiB, 39.09 W
2026/09/20 19:47:09.441, 1, 0 %, 0 %, 35270 MiB, 38.48 W
2026/09/20 19:47:09.442, 2, 0 %, 0 %, 35270 MiB, 37.39 W
2026/09/20 19:47:14.443, 0, 0 %, 0 %, 35270 MiB, 39.16 W
2026/09/20 19:47:14.443, 1, 0 %, 0 %, 35270 MiB, 38.34 W
2026/09/20 19:47:14.443, 2, 0 %, 0 %, 35270 MiB, 37.35 W
2026/09/20 19:47:19.445, 0, 0 %, 0 %, 35270 MiB, 38.87 W
2026/09/20 19:47:19.445, 1, 0 %, 0 %, 35270 MiB, 38.25 W
2026/09/20 19:47:19.445, 2, 0 %, 0 %, 35270 MiB, 37.54 W
2026/09/20 19:47:24.446, 0, 0 %, 0 %, 35270 MiB, 38.85 W
2026/09/20 19:47:24.447, 1, 0 %, 0 %, 35270 MiB, 38.25 W
2026/09/20 19:47:24.447, 2, 0 %, 0 %, 35270 MiB, 37.35 W
2026/09/20 19:47:29.448, 0, 0 %, 0 %, 35270 MiB, 38.75 W
2026/09/20 19:47:29.449, 1, 0 %, 0 %, 35270 MiB, 38.13 W
2026/09/20 19:47:29.449, 2, 0 %, 0 %, 35270 MiB, 37.04 W
2026/09/20 19:47:34.450, 0, 0 %, 0 %, 35270 MiB, 38.75 W
2026/09/20 19:47:34.450, 1, 0 %, 0 %, 35270 MiB, 38.13 W
2026/09/20 19:47:34.450, 2, 0 %, 0 %, 35270 MiB, 37.04 W
2026/09/20 19:47:39.455, 0, 0 %, 0 %, 35270 MiB, 38.76 W
2026/09/20 19:47:39.455, 1, 0 %, 0 %, 35270 MiB, 38.05 W
2026/09/20 19:47:39.455, 2, 0 %, 0 %, 35270 MiB, 37.15 W
2026/09/20 19:47:44.456, 0, 0 %, 0 %, 35270 MiB, 38.76 W
2026/09/20 19:47:44.456, 1, 0 %, 0 %, 35270 MiB, 38.35 W
2026/09/20 19:47:44.457, 2, 0 %, 0 %, 35270 MiB, 37.05 W
2026/09/20 19:47:49.458, 0, 0 %, 0 %, 35270 MiB, 38.75 W
2026/09/20 19:47:49.458, 1, 0 %, 0 %, 35270 MiB, 38.13 W
2026/09/20 19:47:49.459, 2, 0 %, 0 %, 35270 MiB, 37.14 W
2026/09/20 19:47:54.460, 0, 0 %, 0 %, 35270 MiB, 38.65 W
2026/09/20 19:47:54.460, 1, 0 %, 0 %, 35270 MiB, 38.13 W
2026/09/20 19:47:54.460, 2, 0 %, 0 %, 35270 MiB, 37.14 W
2026/09/20 19:47:59.461, 0, 0 %, 0 %, 35270 MiB, 38.87 W
2026/09/20 19:47:59.462, 1, 0 %, 0 %, 35270 MiB, 38.14 W
2026/09/20 19:47:59.462, 2, 0 %, 0 %, 35270 MiB, 37.06 W
2026/09/20 19:48:04.463, 0, 0 %, 0 %, 35270 MiB, 38.86 W
2026/09/20 19:48:04.463, 1, 0 %, 0 %, 35270 MiB, 38.23 W
2026/09/20 19:48:04.463, 2, 0 %, 0 %, 35270 MiB, 37.14 W
2026/09/20 19:48:09.464, 0, 0 %, 0 %, 35270 MiB, 38.76 W
2026/09/20 19:48:09.464, 1, 0 %, 0 %, 35270 MiB, 38.05 W
2026/09/20 19:48:09.465, 2, 0 %, 0 %, 35270 MiB, 37.06 W
2026/09/20 19:48:14.466, 0, 0 %, 0 %, 35270 MiB, 38.86 W
2026/09/20 19:48:14.466, 1, 0 %, 0 %, 35270 MiB, 38.03 W
2026/09/20 19:48:14.466, 2, 0 %, 0 %, 35270 MiB, 37.04 W
2026/09/20 19:48:19.467, 0, 0 %, 0 %, 35270 MiB, 38.86 W
2026/09/20 19:48:19.467, 1, 0 %, 0 %, 35270 MiB, 38.03 W
2026/09/20 19:48:19.467, 2, 0 %, 0 %, 35270 MiB, 37.14 W
2026/09/20 19:48:24.468, 0, 0 %, 0 %, 35270 MiB, 38.65 W
2026/09/20 19:48:24.468, 1, 0 %, 0 %, 35270 MiB, 38.03 W
2026/09/20 19:48:24.468, 2, 0 %, 0 %, 35270 MiB, 37.14 W
2026/09/20 19:48:29.469, 0, 0 %, 0 %, 35270 MiB, 38.66 W
2026/09/20 19:48:29.470, 1, 0 %, 0 %, 35270 MiB, 38.05 W
2026/09/20 19:48:29.470, 2, 0 %, 0 %, 35270 MiB, 37.25 W
2026/09/20 19:48:34.471, 0, 0 %, 0 %, 35270 MiB, 38.76 W
2026/09/20 19:48:34.471, 1, 0 %, 0 %, 35270 MiB, 38.03 W
2026/09/20 19:48:34.471, 2, 0 %, 0 %, 35270 MiB, 37.24 W
2026/09/20 19:48:39.473, 0, 0 %, 0 %, 35270 MiB, 38.76 W
2026/09/20 19:48:39.473, 1, 0 %, 0 %, 35270 MiB, 38.06 W
2026/09/20 19:48:39.473, 2, 0 %, 0 %, 35270 MiB, 37.06 W
2026/09/20 19:48:44.475, 0, 0 %, 0 %, 35270 MiB, 38.86 W
2026/09/20 19:48:44.475, 1, 0 %, 0 %, 35270 MiB, 38.13 W
2026/09/20 19:48:44.475, 2, 0 %, 0 %, 35270 MiB, 37.06 W
2026/09/20 19:48:49.477, 0, 0 %, 0 %, 35270 MiB, 38.75 W
2026/09/20 19:48:49.477, 1, 0 %, 0 %, 35270 MiB, 38.23 W
2026/09/20 19:48:49.477, 2, 0 %, 0 %, 35270 MiB, 37.04 W
2026/09/20 19:48:54.478, 0, 0 %, 0 %, 35270 MiB, 38.97 W
2026/09/20 19:48:54.478, 1, 0 %, 0 %, 35270 MiB, 38.15 W
2026/09/20 19:48:54.479, 2, 0 %, 0 %, 35270 MiB, 37.15 W
2026/09/20 19:48:59.480, 0, 0 %, 0 %, 35270 MiB, 38.78 W
2026/09/20 19:48:59.480, 1, 0 %, 0 %, 35270 MiB, 38.36 W
2026/09/20 19:48:59.481, 2, 0 %, 0 %, 35270 MiB, 37.06 W
2026/09/20 19:49:04.482, 0, 0 %, 0 %, 35270 MiB, 38.87 W
2026/09/20 19:49:04.482, 1, 0 %, 0 %, 35270 MiB, 38.23 W
2026/09/20 19:49:04.483, 2, 0 %, 0 %, 35270 MiB, 37.14 W
2026/09/20 19:49:09.484, 0, 0 %, 0 %, 35270 MiB, 38.85 W
2026/09/20 19:49:09.484, 1, 0 %, 0 %, 35270 MiB, 38.25 W
2026/09/20 19:49:09.484, 2, 0 %, 0 %, 35270 MiB, 37.04 W
2026/09/20 19:49:14.490, 0, 0 %, 0 %, 35270 MiB, 38.97 W
2026/09/20 19:49:14.491, 1, 0 %, 0 %, 35270 MiB, 38.23 W
2026/09/20 19:49:14.491, 2, 0 %, 0 %, 35270 MiB, 37.24 W
2026/09/20 19:49:19.492, 0, 0 %, 0 %, 35270 MiB, 38.86 W
2026/09/20 19:49:19.492, 1, 0 %, 0 %, 35270 MiB, 38.13 W
2026/09/20 19:49:19.492, 2, 0 %, 0 %, 35270 MiB, 37.24 W
2026/09/20 19:49:24.494, 0, 0 %, 0 %, 35270 MiB, 38.87 W
2026/09/20 19:49:24.494, 1, 0 %, 0 %, 35270 MiB, 38.03 W
2026/09/20 19:49:24.494, 2, 0 %, 0 %, 35270 MiB, 37.14 W
2026/09/20 19:49:29.495, 0, 0 %, 0 %, 35270 MiB, 38.78 W
2026/09/20 19:49:29.495, 1, 0 %, 0 %, 35270 MiB, 38.06 W
2026/09/20 19:49:29.495, 2, 0 %, 0 %, 35270 MiB, 37.25 W
2026/09/20 19:49:34.496, 0, 0 %, 0 %, 35270 MiB, 38.79 W
2026/09/20 19:49:34.496, 1, 0 %, 0 %, 35270 MiB, 38.15 W
2026/09/20 19:49:34.497, 2, 0 %, 0 %, 35270 MiB, 37.16 W
2026/09/20 19:49:39.498, 0, 0 %, 0 %, 35270 MiB, 39.08 W
2026/09/20 19:49:39.498, 1, 0 %, 0 %, 35270 MiB, 38.25 W
2026/09/20 19:49:39.499, 2, 0 %, 0 %, 35270 MiB, 37.16 W
2026/09/20 19:49:44.500, 0, 0 %, 0 %, 35270 MiB, 38.69 W
2026/09/20 19:49:44.500, 1, 0 %, 0 %, 35270 MiB, 38.18 W
2026/09/20 19:49:44.500, 2, 0 %, 0 %, 35270 MiB, 37.06 W
2026/09/20 19:49:49.500, 0, 0 %, 0 %, 35270 MiB, 38.81 W
2026/09/20 19:49:49.500, 1, 0 %, 0 %, 35270 MiB, 38.18 W
2026/09/20 19:49:49.500, 2, 0 %, 0 %, 35270 MiB, 37.09 W
2026/09/20 19:49:54.501, 0, 0 %, 0 %, 35270 MiB, 38.92 W
2026/09/20 19:49:54.501, 1, 0 %, 0 %, 35270 MiB, 38.28 W
2026/09/20 19:49:54.502, 2, 0 %, 0 %, 35270 MiB, 37.18 W
2026/09/20 19:49:59.502, 0, 0 %, 0 %, 35270 MiB, 38.91 W
2026/09/20 19:49:59.502, 1, 0 %, 0 %, 35270 MiB, 38.28 W
2026/09/20 19:49:59.502, 2, 0 %, 0 %, 35270 MiB, 37.18 W
2026/09/20 19:50:04.502, 0, 100 %, 3 %, 35270 MiB, 90.71 W
2026/09/20 19:50:04.503, 1, 100 %, 5 %, 35270 MiB, 93.10 W
2026/09/20 19:50:04.503, 2, 100 %, 4 %, 35270 MiB, 95.17 W
2026/09/20 19:50:09.503, 0, 100 %, 9 %, 35270 MiB, 94.19 W
2026/09/20 19:50:09.503, 1, 100 %, 6 %, 35270 MiB, 94.74 W
2026/09/20 19:50:09.503, 2, 100 %, 7 %, 35270 MiB, 95.59 W
2026/09/20 19:50:14.505, 0, 100 %, 7 %, 35270 MiB, 94.67 W
2026/09/20 19:50:14.505, 1, 100 %, 7 %, 35270 MiB, 95.83 W
2026/09/20 19:50:14.505, 2, 100 %, 7 %, 35270 MiB, 95.05 W
2026/09/20 19:50:19.505, 0, 100 %, 7 %, 35270 MiB, 99.33 W
2026/09/20 19:50:19.505, 1, 100 %, 6 %, 35270 MiB, 96.00 W
2026/09/20 19:50:19.505, 2, 100 %, 7 %, 35270 MiB, 98.82 W
2026/09/20 19:50:24.506, 0, 100 %, 7 %, 35270 MiB, 90.93 W
2026/09/20 19:50:24.506, 1, 100 %, 7 %, 35270 MiB, 91.54 W
2026/09/20 19:50:24.506, 2, 100 %, 7 %, 35270 MiB, 93.80 W
2026/09/20 19:50:29.507, 0, 100 %, 6 %, 35270 MiB, 97.77 W
2026/09/20 19:50:29.507, 1, 100 %, 7 %, 35270 MiB, 91.56 W
2026/09/20 19:50:29.507, 2, 100 %, 7 %, 35270 MiB, 95.35 W
2026/09/20 19:50:34.507, 0, 99 %, 7 %, 35270 MiB, 92.49 W
2026/09/20 19:50:34.508, 1, 100 %, 10 %, 35270 MiB, 93.10 W
2026/09/20 19:50:34.508, 2, 100 %, 7 %, 35270 MiB, 95.83 W
2026/09/20 19:50:39.508, 0, 100 %, 7 %, 35270 MiB, 94.63 W
2026/09/20 19:50:39.508, 1, 100 %, 9 %, 35270 MiB, 99.47 W
2026/09/20 19:50:39.508, 2, 100 %, 7 %, 35270 MiB, 95.62 W
2026/09/20 19:50:44.509, 0, 100 %, 7 %, 35270 MiB, 96.93 W
2026/09/20 19:50:44.509, 1, 100 %, 6 %, 35270 MiB, 94.94 W
2026/09/20 19:50:44.509, 2, 100 %, 7 %, 35270 MiB, 94.31 W
2026/09/20 19:50:49.510, 0, 100 %, 7 %, 35270 MiB, 92.56 W
2026/09/20 19:50:49.510, 1, 100 %, 7 %, 35270 MiB, 93.39 W
2026/09/20 19:50:49.510, 2, 100 %, 7 %, 35270 MiB, 99.01 W
2026/09/20 19:50:54.510, 0, 100 %, 7 %, 35270 MiB, 93.77 W
2026/09/20 19:50:54.511, 1, 100 %, 6 %, 35270 MiB, 96.41 W
2026/09/20 19:50:54.511, 2, 100 %, 7 %, 35270 MiB, 95.67 W
2026/09/20 19:50:59.511, 0, 99 %, 7 %, 35270 MiB, 89.17 W
2026/09/20 19:50:59.511, 1, 99 %, 10 %, 35270 MiB, 105.31 W
2026/09/20 19:50:59.512, 2, 100 %, 7 %, 35270 MiB, 100.42 W
2026/09/20 19:51:04.512, 0, 100 %, 6 %, 35270 MiB, 98.30 W
2026/09/20 19:51:04.512, 1, 100 %, 7 %, 35270 MiB, 97.01 W
2026/09/20 19:51:04.512, 2, 100 %, 7 %, 35270 MiB, 97.50 W
2026/09/20 19:51:09.513, 0, 100 %, 7 %, 35270 MiB, 103.32 W
2026/09/20 19:51:09.513, 1, 99 %, 6 %, 35270 MiB, 99.51 W
2026/09/20 19:51:09.513, 2, 100 %, 7 %, 35270 MiB, 99.93 W
2026/09/20 19:51:14.513, 0, 100 %, 7 %, 35270 MiB, 96.34 W
2026/09/20 19:51:14.513, 1, 100 %, 6 %, 35270 MiB, 99.75 W
2026/09/20 19:51:14.514, 2, 100 %, 7 %, 35270 MiB, 96.69 W
2026/09/20 19:51:19.514, 0, 100 %, 7 %, 35270 MiB, 98.56 W
2026/09/20 19:51:19.514, 1, 100 %, 7 %, 35270 MiB, 107.27 W
2026/09/20 19:51:19.514, 2, 100 %, 7 %, 35270 MiB, 100.75 W
2026/09/20 19:51:24.515, 0, 100 %, 7 %, 35270 MiB, 109.12 W
2026/09/20 19:51:24.515, 1, 100 %, 7 %, 35270 MiB, 98.47 W
2026/09/20 19:51:24.515, 2, 100 %, 6 %, 35270 MiB, 92.50 W
2026/09/20 19:51:29.515, 0, 100 %, 7 %, 35270 MiB, 103.16 W
2026/09/20 19:51:29.515, 1, 100 %, 7 %, 35270 MiB, 99.10 W
2026/09/20 19:51:29.515, 2, 100 %, 15 %, 35270 MiB, 96.52 W
2026/09/20 19:51:34.516, 0, 100 %, 7 %, 35270 MiB, 101.46 W
2026/09/20 19:51:34.516, 1, 100 %, 6 %, 35270 MiB, 97.00 W
2026/09/20 19:51:34.516, 2, 100 %, 11 %, 35270 MiB, 94.87 W
2026/09/20 19:51:39.517, 0, 100 %, 7 %, 35270 MiB, 103.75 W
2026/09/20 19:51:39.517, 1, 100 %, 6 %, 35270 MiB, 100.45 W
2026/09/20 19:51:39.517, 2, 100 %, 7 %, 35270 MiB, 95.16 W
2026/09/20 19:51:44.517, 0, 100 %, 7 %, 35270 MiB, 100.12 W
2026/09/20 19:51:44.518, 1, 100 %, 10 %, 35270 MiB, 105.71 W
2026/09/20 19:51:44.518, 2, 100 %, 7 %, 35270 MiB, 173.52 W
2026/09/20 19:51:49.518, 0, 100 %, 7 %, 35270 MiB, 99.33 W
2026/09/20 19:51:49.519, 1, 100 %, 10 %, 35270 MiB, 100.65 W
2026/09/20 19:51:49.519, 2, 100 %, 7 %, 35270 MiB, 101.11 W
2026/09/20 19:51:54.519, 0, 100 %, 11 %, 35270 MiB, 154.90 W
2026/09/20 19:51:54.519, 1, 100 %, 7 %, 35270 MiB, 104.21 W
2026/09/20 19:51:54.519, 2, 100 %, 7 %, 35270 MiB, 96.18 W
2026/09/20 19:51:59.520, 0, 100 %, 7 %, 35270 MiB, 100.56 W
2026/09/20 19:51:59.520, 1, 100 %, 10 %, 35270 MiB, 95.01 W
2026/09/20 19:51:59.520, 2, 100 %, 11 %, 35270 MiB, 102.59 W
2026/09/20 19:52:04.520, 0, 100 %, 7 %, 35270 MiB, 98.39 W
2026/09/20 19:52:04.520, 1, 100 %, 7 %, 35270 MiB, 94.18 W
2026/09/20 19:52:04.521, 2, 100 %, 7 %, 35270 MiB, 96.49 W
2026/09/20 19:52:09.521, 0, 100 %, 7 %, 35270 MiB, 101.55 W
2026/09/20 19:52:09.521, 1, 100 %, 10 %, 35270 MiB, 99.97 W
2026/09/20 19:52:09.521, 2, 100 %, 7 %, 35270 MiB, 96.95 W
2026/09/20 19:52:14.521, 0, 100 %, 7 %, 35270 MiB, 98.79 W
2026/09/20 19:52:14.522, 1, 100 %, 6 %, 35270 MiB, 100.22 W
2026/09/20 19:52:14.522, 2, 100 %, 7 %, 35270 MiB, 98.57 W
2026/09/20 19:52:19.522, 0, 100 %, 7 %, 35270 MiB, 97.78 W
2026/09/20 19:52:19.522, 1, 100 %, 7 %, 35270 MiB, 97.57 W
2026/09/20 19:52:19.522, 2, 100 %, 7 %, 35270 MiB, 97.66 W
2026/09/20 19:52:24.523, 0, 100 %, 6 %, 35270 MiB, 99.44 W
2026/09/20 19:52:24.523, 1, 100 %, 11 %, 35270 MiB, 98.45 W
2026/09/20 19:52:24.523, 2, 100 %, 7 %, 35270 MiB, 109.18 W
2026/09/20 19:52:29.523, 0, 100 %, 11 %, 35270 MiB, 102.89 W
2026/09/20 19:52:29.523, 1, 100 %, 11 %, 35270 MiB, 98.82 W
2026/09/20 19:52:29.524, 2, 100 %, 6 %, 35270 MiB, 100.88 W
2026/09/20 19:52:34.524, 0, 100 %, 7 %, 35270 MiB, 104.76 W
2026/09/20 19:52:34.524, 1, 100 %, 7 %, 35270 MiB, 99.58 W
2026/09/20 19:52:34.524, 2, 100 %, 11 %, 35270 MiB, 99.36 W
2026/09/20 19:52:39.524, 0, 100 %, 7 %, 35270 MiB, 102.09 W
2026/09/20 19:52:39.525, 1, 100 %, 6 %, 35270 MiB, 98.57 W
2026/09/20 19:52:39.525, 2, 100 %, 6 %, 35270 MiB, 98.77 W
2026/09/20 19:52:44.525, 0, 100 %, 6 %, 35270 MiB, 102.54 W
2026/09/20 19:52:44.525, 1, 0 %, 0 %, 35270 MiB, 43.86 W
2026/09/20 19:52:44.526, 2, 0 %, 0 %, 35270 MiB, 68.99 W
2026/09/20 19:52:49.527, 0, 0 %, 0 %, 35270 MiB, 45.61 W
2026/09/20 19:52:49.528, 1, 0 %, 0 %, 35270 MiB, 43.39 W
2026/09/20 19:52:49.528, 2, 0 %, 0 %, 35270 MiB, 42.95 W
2026/09/20 19:52:54.529, 0, 0 %, 0 %, 35270 MiB, 44.78 W
2026/09/20 19:52:54.529, 1, 0 %, 0 %, 35270 MiB, 43.36 W
2026/09/20 19:52:54.530, 2, 0 %, 0 %, 35270 MiB, 42.67 W
2026/09/20 19:52:59.530, 0, 0 %, 0 %, 35270 MiB, 44.18 W
2026/09/20 19:52:59.530, 1, 0 %, 0 %, 35270 MiB, 43.16 W
2026/09/20 19:52:59.531, 2, 0 %, 0 %, 35270 MiB, 42.10 W
2026/09/20 19:53:04.532, 0, 0 %, 0 %, 35270 MiB, 43.61 W
2026/09/20 19:53:04.532, 1, 0 %, 0 %, 35270 MiB, 42.70 W
2026/09/20 19:53:04.532, 2, 0 %, 0 %, 35270 MiB, 41.82 W
2026/09/20 19:53:09.533, 0, 0 %, 0 %, 35270 MiB, 43.20 W
2026/09/20 19:53:09.533, 1, 0 %, 0 %, 35270 MiB, 42.37 W
2026/09/20 19:53:09.533, 2, 0 %, 0 %, 35270 MiB, 41.11 W
2026/09/20 19:53:14.535, 0, 0 %, 0 %, 35270 MiB, 43.22 W
2026/09/20 19:53:14.535, 1, 0 %, 0 %, 35270 MiB, 41.99 W
2026/09/20 19:53:14.535, 2, 0 %, 0 %, 35270 MiB, 40.73 W
2026/09/20 19:53:19.537, 0, 0 %, 0 %, 35270 MiB, 43.42 W
2026/09/20 19:53:19.537, 1, 0 %, 0 %, 35270 MiB, 41.70 W
2026/09/20 19:53:19.538, 2, 0 %, 0 %, 35270 MiB, 40.82 W
2026/09/20 19:53:24.539, 0, 0 %, 0 %, 35270 MiB, 42.72 W
2026/09/20 19:53:24.539, 1, 0 %, 0 %, 35270 MiB, 41.60 W
2026/09/20 19:53:24.540, 2, 0 %, 0 %, 35270 MiB, 40.53 W
2026/09/20 19:53:29.541, 0, 0 %, 0 %, 35270 MiB, 42.02 W
2026/09/20 19:53:29.541, 1, 0 %, 0 %, 35270 MiB, 41.39 W
2026/09/20 19:53:29.541, 2, 0 %, 0 %, 35270 MiB, 40.22 W
2026/09/20 19:53:34.542, 0, 0 %, 0 %, 35270 MiB, 42.22 W
2026/09/20 19:53:34.542, 1, 0 %, 0 %, 35270 MiB, 41.21 W
2026/09/20 19:53:34.542, 2, 0 %, 0 %, 35270 MiB, 39.92 W
2026/09/20 19:53:39.554, 0, 0 %, 0 %, 35270 MiB, 42.02 W
2026/09/20 19:53:39.554, 1, 0 %, 0 %, 35270 MiB, 41.00 W
2026/09/20 19:53:39.554, 2, 0 %, 0 %, 35270 MiB, 39.81 W
2026/09/20 19:53:44.555, 0, 0 %, 0 %, 35270 MiB, 42.03 W
2026/09/20 19:53:44.555, 1, 0 %, 0 %, 35270 MiB, 41.01 W
2026/09/20 19:53:44.555, 2, 0 %, 0 %, 35270 MiB, 39.82 W
2026/09/20 19:53:49.557, 0, 0 %, 0 %, 35270 MiB, 41.93 W
2026/09/20 19:53:49.557, 1, 0 %, 0 %, 35270 MiB, 40.71 W
2026/09/20 19:53:49.558, 2, 0 %, 0 %, 35270 MiB, 39.72 W
2026/09/20 19:53:54.559, 0, 0 %, 0 %, 35270 MiB, 41.74 W
2026/09/20 19:53:54.559, 1, 0 %, 0 %, 35270 MiB, 40.61 W
2026/09/20 19:53:54.559, 2, 0 %, 0 %, 35270 MiB, 39.62 W
2026/09/20 19:53:59.561, 0, 0 %, 0 %, 35270 MiB, 41.24 W
2026/09/20 19:53:59.561, 1, 0 %, 0 %, 35270 MiB, 40.51 W
2026/09/20 19:53:59.561, 2, 0 %, 0 %, 35270 MiB, 39.82 W
2026/09/20 19:54:04.564, 0, 0 %, 0 %, 35270 MiB, 41.53 W
2026/09/20 19:54:04.564, 1, 0 %, 0 %, 35270 MiB, 40.42 W
2026/09/20 19:54:04.564, 2, 0 %, 0 %, 35270 MiB, 39.62 W
2026/09/20 19:54:09.566, 0, 0 %, 0 %, 35270 MiB, 41.33 W
2026/09/20 19:54:09.566, 1, 0 %, 0 %, 35270 MiB, 40.32 W
2026/09/20 19:54:09.567, 2, 0 %, 0 %, 35270 MiB, 39.35 W
2026/09/20 19:54:14.567, 0, 0 %, 0 %, 35270 MiB, 41.35 W
2026/09/20 19:54:14.567, 1, 0 %, 0 %, 35270 MiB, 40.34 W
2026/09/20 19:54:14.568, 2, 0 %, 0 %, 35270 MiB, 39.35 W
2026/09/20 19:54:19.569, 0, 0 %, 0 %, 35270 MiB, 41.56 W
2026/09/20 19:54:19.569, 1, 0 %, 0 %, 35270 MiB, 40.53 W
2026/09/20 19:54:19.569, 2, 0 %, 0 %, 35270 MiB, 39.35 W
2026/09/20 19:54:24.570, 0, 0 %, 0 %, 35270 MiB, 41.36 W
2026/09/20 19:54:24.571, 1, 0 %, 0 %, 35270 MiB, 40.24 W
2026/09/20 19:54:24.571, 2, 0 %, 0 %, 35270 MiB, 39.16 W
2026/09/20 19:54:29.571, 0, 0 %, 0 %, 35270 MiB, 41.26 W
2026/09/20 19:54:29.572, 1, 0 %, 0 %, 35270 MiB, 40.24 W
2026/09/20 19:54:29.572, 2, 0 %, 0 %, 35270 MiB, 39.16 W
2026/09/20 19:54:34.573, 0, 0 %, 0 %, 35270 MiB, 41.15 W
2026/09/20 19:54:34.573, 1, 0 %, 0 %, 35270 MiB, 40.12 W
2026/09/20 19:54:34.573, 2, 0 %, 0 %, 35270 MiB, 39.23 W
2026/09/20 19:54:39.575, 0, 0 %, 0 %, 35270 MiB, 41.26 W
2026/09/20 19:54:39.575, 1, 0 %, 0 %, 35270 MiB, 40.24 W
2026/09/20 19:54:39.575, 2, 0 %, 0 %, 35270 MiB, 39.16 W
2026/09/20 19:54:44.576, 0, 0 %, 0 %, 35270 MiB, 41.19 W
2026/09/20 19:54:44.577, 1, 0 %, 0 %, 35270 MiB, 40.17 W
2026/09/20 19:54:44.577, 2, 0 %, 0 %, 35270 MiB, 39.09 W
2026/09/20 19:54:49.578, 0, 0 %, 0 %, 35270 MiB, 41.15 W
2026/09/20 19:54:49.579, 1, 0 %, 0 %, 35270 MiB, 40.02 W
2026/09/20 19:54:49.579, 2, 0 %, 0 %, 35270 MiB, 39.15 W
2026/09/20 19:54:54.579, 0, 0 %, 0 %, 35270 MiB, 41.07 W
2026/09/20 19:54:54.580, 1, 0 %, 0 %, 35270 MiB, 39.84 W
2026/09/20 19:54:54.580, 2, 0 %, 0 %, 35270 MiB, 39.18 W
2026/09/20 19:54:59.581, 0, 0 %, 0 %, 35270 MiB, 41.07 W
2026/09/20 19:54:59.581, 1, 0 %, 0 %, 35270 MiB, 39.94 W
2026/09/20 19:54:59.581, 2, 0 %, 0 %, 35270 MiB, 39.06 W
2026/09/20 19:55:04.583, 0, 0 %, 0 %, 35270 MiB, 40.86 W
2026/09/20 19:55:04.584, 1, 0 %, 0 %, 35270 MiB, 39.74 W
2026/09/20 19:55:04.584, 2, 0 %, 0 %, 35270 MiB, 39.05 W
2026/09/20 19:55:09.585, 0, 0 %, 0 %, 35270 MiB, 40.66 W
2026/09/20 19:55:09.585, 1, 0 %, 0 %, 35270 MiB, 39.84 W
2026/09/20 19:55:09.585, 2, 0 %, 0 %, 35270 MiB, 38.96 W
2026/09/20 19:55:14.587, 0, 0 %, 0 %, 35270 MiB, 40.74 W
2026/09/20 19:55:14.588, 1, 0 %, 0 %, 35270 MiB, 39.81 W
2026/09/20 19:55:14.588, 2, 0 %, 0 %, 35270 MiB, 38.65 W
2026/09/20 19:55:19.589, 0, 0 %, 0 %, 35270 MiB, 40.54 W
2026/09/20 19:55:19.590, 1, 0 %, 0 %, 35270 MiB, 39.61 W
2026/09/20 19:55:19.590, 2, 0 %, 0 %, 35270 MiB, 38.53 W
2026/09/20 19:55:24.590, 0, 0 %, 0 %, 35270 MiB, 40.40 W
2026/09/20 19:55:24.591, 1, 0 %, 0 %, 35270 MiB, 39.46 W
2026/09/20 19:55:24.591, 2, 0 %, 0 %, 35270 MiB, 38.58 W
2026/09/20 19:55:29.592, 0, 0 %, 0 %, 35270 MiB, 40.26 W
2026/09/20 19:55:29.592, 1, 0 %, 0 %, 35270 MiB, 39.44 W
2026/09/20 19:55:29.592, 2, 0 %, 0 %, 35270 MiB, 38.84 W
2026/09/20 19:55:34.594, 0, 0 %, 0 %, 35270 MiB, 40.55 W
2026/09/20 19:55:34.595, 1, 0 %, 0 %, 35270 MiB, 39.43 W
2026/09/20 19:55:34.595, 2, 0 %, 0 %, 35270 MiB, 38.75 W
2026/09/20 19:55:39.596, 0, 0 %, 0 %, 35270 MiB, 40.14 W
2026/09/20 19:55:39.597, 1, 0 %, 0 %, 35270 MiB, 39.32 W
2026/09/20 19:55:39.597, 2, 0 %, 0 %, 35270 MiB, 38.65 W
2026/09/20 19:55:44.598, 0, 0 %, 0 %, 35270 MiB, 40.24 W
2026/09/20 19:55:44.599, 1, 0 %, 0 %, 35270 MiB, 39.31 W
2026/09/20 19:55:44.599, 2, 0 %, 0 %, 35270 MiB, 38.53 W
2026/09/20 19:55:49.599, 0, 0 %, 0 %, 35270 MiB, 40.19 W
2026/09/20 19:55:49.600, 1, 0 %, 0 %, 35270 MiB, 39.46 W
2026/09/20 19:55:49.600, 2, 0 %, 0 %, 35270 MiB, 38.58 W
2026/09/20 19:55:54.600, 0, 0 %, 0 %, 35270 MiB, 39.84 W
2026/09/20 19:55:54.601, 1, 0 %, 0 %, 35270 MiB, 39.22 W
2026/09/20 19:55:54.601, 2, 0 %, 0 %, 35270 MiB, 38.65 W
2026/09/20 19:55:59.602, 0, 0 %, 0 %, 35270 MiB, 39.84 W
2026/09/20 19:55:59.603, 1, 0 %, 0 %, 35270 MiB, 39.02 W
2026/09/20 19:55:59.603, 2, 0 %, 0 %, 35270 MiB, 38.53 W
2026/09/20 19:56:04.604, 0, 0 %, 0 %, 35270 MiB, 40.15 W
2026/09/20 19:56:04.605, 1, 0 %, 0 %, 35270 MiB, 39.02 W
2026/09/20 19:56:04.605, 2, 0 %, 0 %, 35270 MiB, 38.44 W
2026/09/20 19:56:09.606, 0, 0 %, 0 %, 35270 MiB, 40.08 W
2026/09/20 19:56:09.607, 1, 0 %, 0 %, 35270 MiB, 39.53 W
2026/09/20 19:56:09.607, 2, 0 %, 0 %, 35270 MiB, 38.47 W
2026/09/20 19:56:14.607, 0, 0 %, 0 %, 35270 MiB, 39.44 W
2026/09/20 19:56:14.607, 1, 0 %, 0 %, 35270 MiB, 39.49 W
2026/09/20 19:56:14.607, 2, 0 %, 0 %, 35270 MiB, 38.43 W
2026/09/20 19:56:19.609, 0, 0 %, 0 %, 35270 MiB, 39.74 W
2026/09/20 19:56:19.609, 1, 0 %, 0 %, 35270 MiB, 39.41 W
2026/09/20 19:56:19.610, 2, 0 %, 0 %, 35270 MiB, 38.44 W
2026/09/20 19:56:24.611, 0, 0 %, 0 %, 35270 MiB, 39.65 W
2026/09/20 19:56:24.611, 1, 0 %, 0 %, 35270 MiB, 39.62 W
2026/09/20 19:56:24.612, 2, 0 %, 0 %, 35270 MiB, 38.44 W
2026/09/20 19:56:29.613, 0, 0 %, 0 %, 35270 MiB, 39.36 W
2026/09/20 19:56:29.613, 1, 0 %, 0 %, 35270 MiB, 39.42 W
2026/09/20 19:56:29.614, 2, 0 %, 0 %, 35270 MiB, 38.26 W
2026/09/20 19:56:34.614, 0, 0 %, 0 %, 35270 MiB, 39.70 W
2026/09/20 19:56:34.615, 1, 0 %, 0 %, 35270 MiB, 39.45 W
2026/09/20 19:56:34.615, 2, 0 %, 0 %, 35270 MiB, 38.19 W
2026/09/20 19:56:39.616, 0, 0 %, 0 %, 35270 MiB, 39.63 W
2026/09/20 19:56:39.617, 1, 0 %, 0 %, 35270 MiB, 39.61 W
2026/09/20 19:56:39.617, 2, 0 %, 0 %, 35270 MiB, 38.13 W
2026/09/20 19:56:44.618, 0, 0 %, 0 %, 35270 MiB, 39.73 W
2026/09/20 19:56:44.619, 1, 0 %, 0 %, 35270 MiB, 39.52 W
2026/09/20 19:56:44.619, 2, 0 %, 0 %, 35270 MiB, 38.24 W
2026/09/20 19:56:49.623, 0, 0 %, 0 %, 35270 MiB, 39.65 W
2026/09/20 19:56:49.623, 1, 0 %, 0 %, 35270 MiB, 39.51 W
2026/09/20 19:56:49.624, 2, 0 %, 0 %, 35270 MiB, 38.14 W
2026/09/20 19:56:54.625, 0, 0 %, 0 %, 35270 MiB, 39.63 W
2026/09/20 19:56:54.635, 1, 0 %, 0 %, 35270 MiB, 39.51 W
2026/09/20 19:56:54.635, 2, 0 %, 0 %, 35270 MiB, 38.14 W
2026/09/20 19:56:59.636, 0, 0 %, 0 %, 35270 MiB, 39.65 W
2026/09/20 19:56:59.636, 1, 0 %, 0 %, 35270 MiB, 39.44 W
2026/09/20 19:56:59.637, 2, 0 %, 0 %, 35270 MiB, 38.24 W
2026/09/20 19:57:04.638, 0, 0 %, 0 %, 35270 MiB, 39.74 W
2026/09/20 19:57:04.638, 1, 0 %, 0 %, 35270 MiB, 39.51 W
2026/09/20 19:57:04.638, 2, 0 %, 0 %, 35270 MiB, 38.25 W
2026/09/20 19:57:09.640, 0, 0 %, 0 %, 35270 MiB, 39.26 W
2026/09/20 19:57:09.641, 1, 0 %, 0 %, 35270 MiB, 39.23 W
2026/09/20 19:57:09.641, 2, 0 %, 0 %, 35270 MiB, 38.16 W
2026/09/20 19:57:14.641, 0, 0 %, 0 %, 35270 MiB, 39.67 W
2026/09/20 19:57:14.642, 1, 0 %, 0 %, 35270 MiB, 39.56 W
2026/09/20 19:57:14.642, 2, 0 %, 0 %, 35270 MiB, 38.07 W
2026/09/20 19:57:19.642, 0, 0 %, 0 %, 35270 MiB, 39.79 W
2026/09/20 19:57:19.643, 1, 0 %, 0 %, 35270 MiB, 39.27 W
2026/09/20 19:57:19.643, 2, 0 %, 0 %, 35270 MiB, 38.09 W
2026/09/20 19:57:24.643, 0, 0 %, 0 %, 35270 MiB, 39.47 W
2026/09/20 19:57:24.644, 1, 0 %, 0 %, 35270 MiB, 39.24 W
2026/09/20 19:57:24.644, 2, 0 %, 0 %, 35270 MiB, 38.36 W
2026/09/20 19:57:29.645, 0, 0 %, 0 %, 35270 MiB, 39.47 W
2026/09/20 19:57:29.645, 1, 0 %, 0 %, 35270 MiB, 39.34 W
2026/09/20 19:57:29.645, 2, 0 %, 0 %, 35270 MiB, 38.06 W
2026/09/20 19:57:34.647, 0, 0 %, 0 %, 35270 MiB, 39.45 W
2026/09/20 19:57:34.647, 1, 0 %, 0 %, 35270 MiB, 39.31 W
2026/09/20 19:57:34.647, 2, 0 %, 0 %, 35270 MiB, 37.94 W
2026/09/20 19:57:39.649, 0, 0 %, 0 %, 35270 MiB, 39.53 W
2026/09/20 19:57:39.650, 1, 0 %, 0 %, 35270 MiB, 39.21 W
2026/09/20 19:57:39.650, 2, 0 %, 0 %, 35270 MiB, 37.94 W
2026/09/20 19:57:44.651, 0, 0 %, 0 %, 35270 MiB, 39.46 W
2026/09/20 19:57:44.651, 1, 0 %, 0 %, 35270 MiB, 39.22 W
2026/09/20 19:57:44.652, 2, 0 %, 0 %, 35270 MiB, 38.05 W
2026/09/20 19:57:49.653, 0, 0 %, 0 %, 35270 MiB, 39.46 W
2026/09/20 19:57:49.654, 1, 0 %, 0 %, 35270 MiB, 39.31 W
2026/09/20 19:57:49.654, 2, 0 %, 0 %, 35270 MiB, 37.96 W
2026/09/20 19:57:54.655, 0, 0 %, 0 %, 35270 MiB, 39.36 W
2026/09/20 19:57:54.656, 1, 0 %, 0 %, 35270 MiB, 39.23 W
2026/09/20 19:57:54.656, 2, 0 %, 0 %, 35270 MiB, 37.96 W
2026/09/20 19:57:59.657, 0, 0 %, 0 %, 35270 MiB, 39.49 W
2026/09/20 19:57:59.658, 1, 0 %, 0 %, 35270 MiB, 39.34 W
2026/09/20 19:57:59.658, 2, 0 %, 0 %, 35270 MiB, 38.18 W
2026/09/20 19:58:04.658, 0, 0 %, 0 %, 35270 MiB, 39.41 W
2026/09/20 19:58:04.659, 1, 0 %, 0 %, 35270 MiB, 39.37 W
2026/09/20 19:58:04.659, 2, 0 %, 0 %, 35270 MiB, 37.99 W
2026/09/20 19:58:09.659, 0, 0 %, 0 %, 35270 MiB, 39.50 W
2026/09/20 19:58:09.660, 1, 0 %, 0 %, 35270 MiB, 39.37 W
2026/09/20 19:58:09.660, 2, 0 %, 0 %, 35270 MiB, 38.09 W
2026/09/20 19:58:14.661, 0, 0 %, 0 %, 35270 MiB, 39.57 W
2026/09/20 19:58:14.661, 1, 0 %, 0 %, 35270 MiB, 39.15 W
2026/09/20 19:58:14.662, 2, 0 %, 0 %, 35270 MiB, 37.97 W
2026/09/20 19:58:19.663, 0, 0 %, 0 %, 35270 MiB, 39.46 W
2026/09/20 19:58:19.663, 1, 0 %, 0 %, 35270 MiB, 39.14 W
2026/09/20 19:58:19.664, 2, 0 %, 0 %, 35270 MiB, 38.24 W
2026/09/20 19:58:24.665, 0, 0 %, 0 %, 35270 MiB, 39.46 W
2026/09/20 19:58:24.665, 1, 0 %, 0 %, 35270 MiB, 39.02 W
2026/09/20 19:58:24.665, 2, 0 %, 0 %, 35270 MiB, 38.04 W
2026/09/20 19:58:29.667, 0, 0 %, 0 %, 35270 MiB, 39.44 W
2026/09/20 19:58:29.667, 1, 0 %, 0 %, 35270 MiB, 39.02 W
2026/09/20 19:58:29.668, 2, 0 %, 0 %, 35270 MiB, 38.04 W
2026/09/20 19:58:34.669, 0, 0 %, 0 %, 35270 MiB, 39.36 W
2026/09/20 19:58:34.670, 1, 0 %, 0 %, 35270 MiB, 39.15 W
2026/09/20 19:58:34.670, 2, 0 %, 0 %, 35270 MiB, 37.96 W
2026/09/20 19:58:39.671, 0, 0 %, 0 %, 35270 MiB, 39.27 W
2026/09/20 19:58:39.672, 1, 0 %, 0 %, 35270 MiB, 39.13 W
2026/09/20 19:58:39.672, 2, 0 %, 0 %, 35270 MiB, 37.96 W
2026/09/20 19:58:44.672, 0, 0 %, 0 %, 35270 MiB, 39.22 W
2026/09/20 19:58:44.673, 1, 0 %, 0 %, 35270 MiB, 39.27 W
2026/09/20 19:58:44.673, 2, 0 %, 0 %, 35270 MiB, 37.70 W
2026/09/20 19:58:49.674, 0, 0 %, 0 %, 35270 MiB, 39.29 W
2026/09/20 19:58:49.674, 1, 0 %, 0 %, 35270 MiB, 39.05 W
2026/09/20 19:58:49.675, 2, 0 %, 0 %, 35270 MiB, 37.77 W
2026/09/20 19:58:54.676, 0, 0 %, 0 %, 35270 MiB, 39.26 W
2026/09/20 19:58:54.676, 1, 0 %, 0 %, 35270 MiB, 39.02 W
2026/09/20 19:58:54.676, 2, 0 %, 0 %, 35270 MiB, 37.75 W
2026/09/20 19:58:59.678, 0, 0 %, 0 %, 35270 MiB, 39.57 W
2026/09/20 19:58:59.678, 1, 0 %, 0 %, 35270 MiB, 39.05 W
2026/09/20 19:58:59.678, 2, 0 %, 0 %, 35270 MiB, 37.87 W
2026/09/20 19:59:04.680, 0, 0 %, 0 %, 35270 MiB, 39.57 W
2026/09/20 19:59:04.680, 1, 0 %, 0 %, 35270 MiB, 39.24 W
2026/09/20 19:59:04.681, 2, 0 %, 0 %, 35270 MiB, 37.87 W
2026/09/20 19:59:09.682, 0, 0 %, 0 %, 35270 MiB, 39.85 W
2026/09/20 19:59:09.683, 1, 0 %, 0 %, 35270 MiB, 39.13 W
2026/09/20 19:59:09.683, 2, 0 %, 0 %, 35270 MiB, 37.87 W
2026/09/20 19:59:14.686, 0, 0 %, 0 %, 35270 MiB, 39.65 W
2026/09/20 19:59:14.687, 1, 0 %, 0 %, 35270 MiB, 39.02 W
2026/09/20 19:59:14.687, 2, 0 %, 0 %, 35270 MiB, 37.85 W
2026/09/20 19:59:19.688, 0, 0 %, 0 %, 35270 MiB, 39.65 W
2026/09/20 19:59:19.688, 1, 0 %, 0 %, 35270 MiB, 39.02 W
2026/09/20 19:59:19.689, 2, 0 %, 0 %, 35270 MiB, 37.87 W
2026/09/20 19:59:24.690, 0, 0 %, 0 %, 35270 MiB, 39.77 W
2026/09/20 19:59:24.690, 1, 0 %, 0 %, 35270 MiB, 39.03 W
2026/09/20 19:59:24.690, 2, 0 %, 0 %, 35270 MiB, 37.94 W
2026/09/20 19:59:29.692, 0, 0 %, 0 %, 35270 MiB, 39.78 W
2026/09/20 19:59:29.692, 1, 0 %, 0 %, 35270 MiB, 38.97 W
2026/09/20 19:59:29.692, 2, 0 %, 0 %, 35270 MiB, 37.79 W
2026/09/20 19:59:34.693, 0, 0 %, 0 %, 35270 MiB, 39.51 W
2026/09/20 19:59:34.694, 1, 0 %, 0 %, 35270 MiB, 38.86 W
2026/09/20 19:59:34.694, 2, 0 %, 0 %, 35270 MiB, 37.99 W
2026/09/20 19:59:39.694, 0, 0 %, 0 %, 35270 MiB, 39.40 W
2026/09/20 19:59:39.695, 1, 0 %, 0 %, 35270 MiB, 38.87 W
2026/09/20 19:59:39.695, 2, 0 %, 0 %, 35270 MiB, 37.79 W
2026/09/20 19:59:44.695, 0, 0 %, 0 %, 35270 MiB, 39.41 W
2026/09/20 19:59:44.696, 1, 0 %, 0 %, 35270 MiB, 38.68 W
2026/09/20 19:59:44.696, 2, 0 %, 0 %, 35270 MiB, 37.59 W
2026/09/20 19:59:49.697, 0, 0 %, 0 %, 35270 MiB, 39.29 W
2026/09/20 19:59:49.698, 1, 0 %, 0 %, 35270 MiB, 38.78 W
2026/09/20 19:59:49.698, 2, 0 %, 0 %, 35270 MiB, 37.49 W
2026/09/20 19:59:54.698, 0, 0 %, 0 %, 35270 MiB, 39.29 W
2026/09/20 19:59:54.699, 1, 0 %, 0 %, 35270 MiB, 38.78 W
2026/09/20 19:59:54.699, 2, 0 %, 0 %, 35270 MiB, 37.67 W
2026/09/20 19:59:59.699, 0, 0 %, 0 %, 35270 MiB, 39.38 W
2026/09/20 19:59:59.700, 1, 0 %, 0 %, 35270 MiB, 38.87 W
2026/09/20 19:59:59.700, 2, 0 %, 0 %, 35270 MiB, 37.58 W
2026/09/20 20:00:04.700, 0, 0 %, 0 %, 35270 MiB, 39.26 W
2026/09/20 20:00:04.700, 1, 0 %, 0 %, 35270 MiB, 38.84 W
2026/09/20 20:00:04.701, 2, 0 %, 0 %, 35270 MiB, 37.56 W
2026/09/20 20:00:09.702, 0, 0 %, 0 %, 35270 MiB, 39.50 W
2026/09/20 20:00:09.702, 1, 0 %, 0 %, 35270 MiB, 38.78 W
2026/09/20 20:00:09.703, 2, 0 %, 0 %, 35270 MiB, 37.58 W
2026/09/20 20:00:14.704, 0, 0 %, 0 %, 35270 MiB, 39.39 W
2026/09/20 20:00:14.704, 1, 0 %, 0 %, 35270 MiB, 38.97 W
2026/09/20 20:00:14.704, 2, 0 %, 0 %, 35270 MiB, 37.79 W
2026/09/20 20:00:19.705, 0, 0 %, 0 %, 35270 MiB, 39.40 W
2026/09/20 20:00:19.705, 1, 0 %, 0 %, 35270 MiB, 38.97 W
2026/09/20 20:00:19.706, 2, 0 %, 0 %, 35270 MiB, 37.58 W
2026/09/20 20:00:24.707, 0, 0 %, 0 %, 35270 MiB, 39.60 W
2026/09/20 20:00:24.707, 1, 0 %, 0 %, 35270 MiB, 38.97 W
2026/09/20 20:00:24.708, 2, 0 %, 0 %, 35270 MiB, 37.60 W
2026/09/20 20:00:29.708, 0, 0 %, 0 %, 35270 MiB, 39.49 W
2026/09/20 20:00:29.708, 1, 0 %, 0 %, 35270 MiB, 38.68 W
2026/09/20 20:00:29.708, 2, 0 %, 0 %, 35270 MiB, 37.69 W
2026/09/20 20:00:34.708, 0, 0 %, 0 %, 35270 MiB, 39.47 W
2026/09/20 20:00:34.709, 1, 0 %, 0 %, 35270 MiB, 38.86 W
2026/09/20 20:00:34.709, 2, 0 %, 0 %, 35270 MiB, 37.77 W
2026/09/20 20:00:39.710, 0, 0 %, 0 %, 35270 MiB, 39.46 W
2026/09/20 20:00:39.711, 1, 0 %, 0 %, 35270 MiB, 38.75 W
2026/09/20 20:00:39.711, 2, 0 %, 0 %, 35270 MiB, 37.77 W
2026/09/20 20:00:44.712, 0, 0 %, 0 %, 35270 MiB, 39.46 W
2026/09/20 20:00:44.713, 1, 0 %, 0 %, 35270 MiB, 38.74 W
2026/09/20 20:00:44.713, 2, 0 %, 0 %, 35270 MiB, 37.77 W
2026/09/20 20:00:49.713, 0, 0 %, 0 %, 35270 MiB, 39.38 W
2026/09/20 20:00:49.713, 1, 0 %, 0 %, 35270 MiB, 39.05 W
2026/09/20 20:00:49.713, 2, 0 %, 0 %, 35270 MiB, 37.66 W
2026/09/20 20:00:54.715, 0, 0 %, 0 %, 35270 MiB, 39.38 W
2026/09/20 20:00:54.716, 1, 0 %, 0 %, 35270 MiB, 38.85 W
2026/09/20 20:00:54.716, 2, 0 %, 0 %, 35270 MiB, 37.56 W
2026/09/20 20:00:59.716, 0, 0 %, 0 %, 35270 MiB, 39.41 W
2026/09/20 20:00:59.716, 1, 0 %, 0 %, 35270 MiB, 38.78 W
2026/09/20 20:00:59.716, 2, 0 %, 0 %, 35270 MiB, 37.49 W
2026/09/20 20:01:04.717, 0, 0 %, 0 %, 35270 MiB, 39.41 W
2026/09/20 20:01:04.717, 1, 0 %, 0 %, 35270 MiB, 38.75 W
2026/09/20 20:01:04.717, 2, 0 %, 0 %, 35270 MiB, 37.59 W
2026/09/20 20:01:09.718, 0, 0 %, 0 %, 35270 MiB, 39.29 W
2026/09/20 20:01:09.718, 1, 0 %, 0 %, 35270 MiB, 38.95 W
2026/09/20 20:01:09.719, 2, 0 %, 0 %, 35270 MiB, 37.77 W
2026/09/20 20:01:14.719, 0, 0 %, 0 %, 35270 MiB, 39.41 W
2026/09/20 20:01:14.720, 1, 0 %, 0 %, 35270 MiB, 38.97 W
2026/09/20 20:01:14.720, 2, 0 %, 0 %, 35270 MiB, 37.49 W
2026/09/20 20:01:19.721, 0, 0 %, 0 %, 35270 MiB, 39.56 W
2026/09/20 20:01:19.721, 1, 0 %, 0 %, 35270 MiB, 38.85 W
2026/09/20 20:01:19.722, 2, 0 %, 0 %, 35270 MiB, 37.56 W
2026/09/20 20:01:24.722, 0, 0 %, 0 %, 35270 MiB, 39.49 W
2026/09/20 20:01:24.722, 1, 0 %, 0 %, 35270 MiB, 38.96 W
2026/09/20 20:01:24.722, 2, 0 %, 0 %, 35270 MiB, 37.56 W
2026/09/20 20:01:29.723, 0, 0 %, 0 %, 35270 MiB, 39.47 W
2026/09/20 20:01:29.724, 1, 0 %, 0 %, 35270 MiB, 39.05 W
2026/09/20 20:01:29.724, 2, 0 %, 0 %, 35270 MiB, 37.87 W
2026/09/20 20:01:34.724, 0, 0 %, 0 %, 35270 MiB, 39.50 W
2026/09/20 20:01:34.725, 1, 0 %, 0 %, 35270 MiB, 38.78 W
2026/09/20 20:01:34.725, 2, 0 %, 0 %, 35270 MiB, 37.59 W
2026/09/20 20:01:39.725, 0, 0 %, 0 %, 35270 MiB, 39.60 W
2026/09/20 20:01:39.726, 1, 0 %, 0 %, 35270 MiB, 38.78 W
2026/09/20 20:01:39.726, 2, 0 %, 0 %, 35270 MiB, 37.69 W
2026/09/20 20:01:44.727, 0, 0 %, 0 %, 35270 MiB, 39.56 W
2026/09/20 20:01:44.728, 1, 0 %, 0 %, 35270 MiB, 38.94 W
2026/09/20 20:01:44.728, 2, 0 %, 0 %, 35270 MiB, 37.67 W
2026/09/20 20:01:49.729, 0, 0 %, 0 %, 35270 MiB, 39.40 W
2026/09/20 20:01:49.729, 1, 0 %, 0 %, 35270 MiB, 38.88 W
2026/09/20 20:01:49.729, 2, 0 %, 0 %, 35270 MiB, 37.80 W
2026/09/20 20:01:54.731, 0, 0 %, 0 %, 35270 MiB, 39.34 W
2026/09/20 20:01:54.731, 1, 0 %, 0 %, 35270 MiB, 39.20 W
2026/09/20 20:01:54.731, 2, 0 %, 0 %, 35270 MiB, 37.74 W
2026/09/20 20:01:59.732, 0, 0 %, 0 %, 35270 MiB, 39.46 W
2026/09/20 20:01:59.732, 1, 0 %, 0 %, 35270 MiB, 38.83 W
2026/09/20 20:01:59.733, 2, 0 %, 0 %, 35270 MiB, 37.54 W
2026/09/20 20:02:04.734, 0, 0 %, 0 %, 35270 MiB, 39.16 W
2026/09/20 20:02:04.735, 1, 0 %, 0 %, 35270 MiB, 38.74 W
2026/09/20 20:02:04.735, 2, 0 %, 0 %, 35270 MiB, 37.54 W
2026/09/20 20:02:09.735, 0, 0 %, 0 %, 35270 MiB, 39.17 W
2026/09/20 20:02:09.735, 1, 0 %, 0 %, 35270 MiB, 38.64 W
2026/09/20 20:02:09.736, 2, 0 %, 0 %, 35270 MiB, 37.55 W
2026/09/20 20:02:14.737, 0, 0 %, 0 %, 35270 MiB, 39.14 W
2026/09/20 20:02:14.737, 1, 0 %, 0 %, 35270 MiB, 38.73 W
2026/09/20 20:02:14.738, 2, 0 %, 0 %, 35270 MiB, 37.44 W
2026/09/20 20:02:19.739, 0, 0 %, 0 %, 35270 MiB, 39.24 W
2026/09/20 20:02:19.739, 1, 0 %, 0 %, 35270 MiB, 38.83 W
2026/09/20 20:02:19.739, 2, 0 %, 0 %, 35270 MiB, 37.34 W
2026/09/20 20:02:24.741, 0, 0 %, 0 %, 35270 MiB, 39.14 W
2026/09/20 20:02:24.741, 1, 0 %, 0 %, 35270 MiB, 38.62 W
2026/09/20 20:02:24.741, 2, 0 %, 0 %, 35270 MiB, 37.44 W
2026/09/20 20:02:29.742, 0, 0 %, 0 %, 35270 MiB, 39.17 W
2026/09/20 20:02:29.743, 1, 0 %, 0 %, 35270 MiB, 38.65 W
2026/09/20 20:02:29.743, 2, 0 %, 0 %, 35270 MiB, 37.47 W
2026/09/20 20:02:34.744, 0, 0 %, 0 %, 35270 MiB, 39.34 W
2026/09/20 20:02:34.744, 1, 0 %, 0 %, 35270 MiB, 38.63 W
2026/09/20 20:02:34.744, 2, 0 %, 0 %, 35270 MiB, 37.44 W
2026/09/20 20:02:39.746, 0, 0 %, 0 %, 35270 MiB, 39.14 W
2026/09/20 20:02:39.747, 1, 0 %, 0 %, 35270 MiB, 38.71 W
2026/09/20 20:02:39.747, 2, 0 %, 0 %, 35270 MiB, 37.34 W
2026/09/20 20:02:44.748, 0, 0 %, 0 %, 35270 MiB, 39.14 W
2026/09/20 20:02:44.748, 1, 0 %, 0 %, 35270 MiB, 38.53 W
2026/09/20 20:02:44.749, 2, 0 %, 0 %, 35270 MiB, 37.53 W
2026/09/20 20:02:49.750, 0, 0 %, 0 %, 35270 MiB, 39.16 W
2026/09/20 20:02:49.751, 1, 0 %, 0 %, 35270 MiB, 38.53 W
2026/09/20 20:02:49.751, 2, 0 %, 0 %, 35270 MiB, 37.35 W
2026/09/20 20:02:54.752, 0, 0 %, 0 %, 35270 MiB, 39.26 W
2026/09/20 20:02:54.753, 1, 0 %, 0 %, 35270 MiB, 38.53 W
2026/09/20 20:02:54.753, 2, 0 %, 0 %, 35270 MiB, 37.44 W
2026/09/20 20:02:59.753, 0, 0 %, 0 %, 35270 MiB, 39.01 W
2026/09/20 20:02:59.754, 1, 0 %, 0 %, 35270 MiB, 38.58 W
2026/09/20 20:02:59.754, 2, 0 %, 0 %, 35270 MiB, 37.36 W
2026/09/20 20:03:04.755, 0, 0 %, 0 %, 35270 MiB, 38.96 W
2026/09/20 20:03:04.755, 1, 0 %, 0 %, 35270 MiB, 38.44 W
2026/09/20 20:03:04.755, 2, 0 %, 0 %, 35270 MiB, 37.44 W
2026/09/20 20:03:09.756, 0, 0 %, 0 %, 35270 MiB, 38.97 W
2026/09/20 20:03:09.757, 1, 0 %, 0 %, 35270 MiB, 38.44 W
2026/09/20 20:03:09.757, 2, 0 %, 0 %, 35270 MiB, 37.26 W
2026/09/20 20:03:14.758, 0, 0 %, 0 %, 35270 MiB, 38.99 W
2026/09/20 20:03:14.758, 1, 0 %, 0 %, 35270 MiB, 38.65 W
2026/09/20 20:03:14.758, 2, 0 %, 0 %, 35270 MiB, 37.27 W
2026/09/20 20:03:19.759, 0, 0 %, 0 %, 35270 MiB, 38.97 W
2026/09/20 20:03:19.760, 1, 0 %, 0 %, 35270 MiB, 38.54 W
2026/09/20 20:03:19.760, 2, 0 %, 0 %, 35270 MiB, 37.25 W
2026/09/20 20:03:24.760, 0, 0 %, 0 %, 35270 MiB, 38.98 W
2026/09/20 20:03:24.761, 1, 0 %, 0 %, 35270 MiB, 38.55 W
2026/09/20 20:03:24.761, 2, 0 %, 0 %, 35270 MiB, 37.46 W
2026/09/20 20:03:29.762, 0, 0 %, 0 %, 35270 MiB, 39.08 W
2026/09/20 20:03:29.762, 1, 0 %, 0 %, 35270 MiB, 38.46 W
2026/09/20 20:03:29.762, 2, 0 %, 0 %, 35270 MiB, 37.26 W
2026/09/20 20:03:34.764, 0, 0 %, 0 %, 35270 MiB, 39.07 W
2026/09/20 20:03:34.764, 1, 0 %, 0 %, 35270 MiB, 38.56 W
2026/09/20 20:03:34.765, 2, 0 %, 0 %, 35270 MiB, 37.56 W
2026/09/20 20:03:39.765, 0, 0 %, 0 %, 35270 MiB, 38.99 W
2026/09/20 20:03:39.766, 1, 0 %, 0 %, 35270 MiB, 38.56 W
2026/09/20 20:03:39.766, 2, 0 %, 0 %, 35270 MiB, 37.26 W
2026/09/20 20:03:44.767, 0, 0 %, 0 %, 35270 MiB, 39.07 W
2026/09/20 20:03:44.768, 1, 0 %, 0 %, 35270 MiB, 38.45 W
2026/09/20 20:03:44.768, 2, 0 %, 0 %, 35270 MiB, 37.36 W
2026/09/20 20:03:49.769, 0, 0 %, 0 %, 35270 MiB, 39.07 W
2026/09/20 20:03:49.769, 1, 0 %, 0 %, 35270 MiB, 38.55 W
2026/09/20 20:03:49.770, 2, 0 %, 0 %, 35270 MiB, 37.25 W
2026/09/20 20:03:54.771, 0, 0 %, 0 %, 35270 MiB, 38.98 W
2026/09/20 20:03:54.772, 1, 0 %, 0 %, 35270 MiB, 38.36 W
2026/09/20 20:03:54.772, 2, 0 %, 0 %, 35270 MiB, 37.25 W
2026/09/20 20:03:59.773, 0, 0 %, 0 %, 35270 MiB, 38.98 W
2026/09/20 20:03:59.774, 1, 0 %, 0 %, 35270 MiB, 38.36 W
2026/09/20 20:03:59.774, 2, 0 %, 0 %, 35270 MiB, 37.25 W
2026/09/20 20:04:04.775, 0, 0 %, 0 %, 35270 MiB, 39.16 W
2026/09/20 20:04:04.775, 1, 0 %, 0 %, 35270 MiB, 38.20 W
2026/09/20 20:04:04.775, 2, 0 %, 0 %, 35270 MiB, 37.34 W
2026/09/20 20:04:09.777, 0, 0 %, 0 %, 35270 MiB, 38.85 W
2026/09/20 20:04:09.777, 1, 0 %, 0 %, 35270 MiB, 38.43 W
2026/09/20 20:04:09.778, 2, 0 %, 0 %, 35270 MiB, 37.24 W
2026/09/20 20:04:14.778, 0, 0 %, 0 %, 35270 MiB, 38.75 W
2026/09/20 20:04:14.779, 1, 0 %, 0 %, 35270 MiB, 38.23 W
2026/09/20 20:04:14.779, 2, 0 %, 0 %, 35270 MiB, 37.14 W
2026/09/20 20:04:19.780, 0, 0 %, 0 %, 35270 MiB, 38.74 W
2026/09/20 20:04:19.781, 1, 0 %, 0 %, 35270 MiB, 38.22 W
2026/09/20 20:04:19.781, 2, 0 %, 0 %, 35270 MiB, 37.03 W
2026/09/20 20:04:24.782, 0, 0 %, 0 %, 35270 MiB, 38.89 W
2026/09/20 20:04:24.782, 1, 0 %, 0 %, 35270 MiB, 38.55 W
2026/09/20 20:04:24.782, 2, 0 %, 0 %, 35270 MiB, 37.15 W
2026/09/20 20:04:29.784, 0, 0 %, 0 %, 35270 MiB, 38.74 W
2026/09/20 20:04:29.784, 1, 0 %, 0 %, 35270 MiB, 38.34 W
2026/09/20 20:04:29.785, 2, 0 %, 0 %, 35270 MiB, 37.13 W
2026/09/20 20:04:34.786, 0, 0 %, 0 %, 35270 MiB, 38.76 W
2026/09/20 20:04:34.786, 1, 0 %, 0 %, 35270 MiB, 38.35 W
2026/09/20 20:04:34.786, 2, 0 %, 0 %, 35270 MiB, 37.14 W
2026/09/20 20:04:39.786, 0, 0 %, 0 %, 35270 MiB, 38.75 W
2026/09/20 20:04:39.787, 1, 0 %, 0 %, 35270 MiB, 38.34 W
2026/09/20 20:04:39.787, 2, 0 %, 0 %, 35270 MiB, 37.04 W
2026/09/20 20:04:44.788, 0, 0 %, 0 %, 35270 MiB, 38.87 W
2026/09/20 20:04:44.788, 1, 0 %, 0 %, 35270 MiB, 38.44 W
2026/09/20 20:04:44.788, 2, 0 %, 0 %, 35270 MiB, 37.26 W
2026/09/20 20:04:49.789, 0, 0 %, 0 %, 35270 MiB, 38.97 W
2026/09/20 20:04:49.790, 1, 0 %, 0 %, 35270 MiB, 38.35 W
2026/09/20 20:04:49.790, 2, 0 %, 0 %, 35270 MiB, 37.14 W
2026/09/20 20:04:54.790, 0, 0 %, 0 %, 35270 MiB, 38.99 W
2026/09/20 20:04:54.791, 1, 0 %, 0 %, 35270 MiB, 38.36 W
2026/09/20 20:04:54.791, 2, 0 %, 0 %, 35270 MiB, 37.16 W
2026/09/20 20:04:59.791, 0, 0 %, 0 %, 35270 MiB, 39.08 W
2026/09/20 20:04:59.792, 1, 0 %, 0 %, 35270 MiB, 38.46 W
2026/09/20 20:04:59.792, 2, 0 %, 0 %, 35270 MiB, 37.36 W
2026/09/20 20:05:04.793, 0, 5 %, 0 %, 35270 MiB, 39.07 W
2026/09/20 20:05:04.793, 1, 0 %, 0 %, 35270 MiB, 38.34 W
2026/09/20 20:05:04.794, 2, 0 %, 0 %, 35270 MiB, 37.14 W
2026/09/20 20:05:09.795, 0, 0 %, 0 %, 35270 MiB, 38.87 W
2026/09/20 20:05:09.795, 1, 0 %, 0 %, 35270 MiB, 38.25 W
2026/09/20 20:05:09.795, 2, 0 %, 0 %, 35270 MiB, 37.25 W
2026/09/20 20:05:14.796, 0, 0 %, 0 %, 35270 MiB, 38.76 W
2026/09/20 20:05:14.796, 1, 0 %, 0 %, 35270 MiB, 38.24 W
2026/09/20 20:05:14.796, 2, 0 %, 0 %, 35270 MiB, 37.25 W
2026/09/20 20:05:19.797, 0, 0 %, 0 %, 35270 MiB, 46.16 W
2026/09/20 20:05:19.798, 1, 0 %, 0 %, 35270 MiB, 38.45 W
2026/09/20 20:05:19.798, 2, 0 %, 0 %, 35270 MiB, 37.15 W
2026/09/20 20:05:24.799, 0, 0 %, 0 %, 35270 MiB, 38.86 W
2026/09/20 20:05:24.800, 1, 0 %, 0 %, 35270 MiB, 38.34 W
2026/09/20 20:05:24.800, 2, 0 %, 0 %, 35270 MiB, 37.14 W
2026/09/20 20:05:29.801, 0, 0 %, 0 %, 35270 MiB, 38.88 W
2026/09/20 20:05:29.801, 1, 0 %, 0 %, 35270 MiB, 38.27 W
2026/09/20 20:05:29.801, 2, 0 %, 0 %, 35270 MiB, 37.08 W
2026/09/20 20:05:34.802, 0, 15 %, 1 %, 35270 MiB, 38.99 W
2026/09/20 20:05:34.803, 1, 0 %, 0 %, 35270 MiB, 38.56 W
2026/09/20 20:05:34.803, 2, 19 %, 1 %, 35270 MiB, 37.38 W
2026/09/20 20:05:39.804, 0, 0 %, 0 %, 35270 MiB, 38.87 W
2026/09/20 20:05:39.804, 1, 0 %, 0 %, 35270 MiB, 38.35 W
2026/09/20 20:05:39.805, 2, 0 %, 0 %, 35270 MiB, 37.25 W
2026/09/20 20:05:44.805, 0, 0 %, 0 %, 35270 MiB, 38.49 W
2026/09/20 20:05:44.806, 1, 0 %, 0 %, 35270 MiB, 38.27 W
2026/09/20 20:05:44.806, 2, 0 %, 0 %, 35270 MiB, 37.18 W
2026/09/20 20:05:49.807, 0, 0 %, 0 %, 35270 MiB, 39.07 W
2026/09/20 20:05:49.807, 1, 0 %, 0 %, 35270 MiB, 38.36 W
2026/09/20 20:05:49.807, 2, 0 %, 0 %, 35270 MiB, 37.16 W
2026/09/20 20:05:54.808, 0, 0 %, 0 %, 35270 MiB, 45.91 W
2026/09/20 20:05:54.809, 1, 0 %, 0 %, 35270 MiB, 38.46 W
2026/09/20 20:05:54.809, 2, 0 %, 0 %, 35270 MiB, 37.25 W
2026/09/20 20:05:59.810, 0, 0 %, 0 %, 35270 MiB, 38.78 W
2026/09/20 20:05:59.810, 1, 0 %, 0 %, 35270 MiB, 38.25 W
2026/09/20 20:05:59.811, 2, 0 %, 0 %, 35270 MiB, 37.15 W
2026/09/20 20:06:04.812, 0, 0 %, 0 %, 35270 MiB, 38.96 W
2026/09/20 20:06:04.813, 1, 0 %, 0 %, 35270 MiB, 38.23 W
2026/09/20 20:06:04.813, 2, 0 %, 0 %, 35270 MiB, 37.14 W
2026/09/20 20:06:09.814, 0, 0 %, 0 %, 35270 MiB, 39.04 W
2026/09/20 20:06:09.814, 1, 0 %, 0 %, 35270 MiB, 38.22 W
2026/09/20 20:06:09.815, 2, 0 %, 0 %, 35270 MiB, 37.24 W
2026/09/20 20:06:14.816, 0, 0 %, 0 %, 35270 MiB, 38.94 W
2026/09/20 20:06:14.816, 1, 0 %, 0 %, 35270 MiB, 38.22 W
2026/09/20 20:06:14.817, 2, 0 %, 0 %, 35270 MiB, 37.34 W
2026/09/20 20:06:19.818, 0, 13 %, 1 %, 35270 MiB, 38.65 W
2026/09/20 20:06:19.818, 1, 0 %, 0 %, 35270 MiB, 38.13 W
2026/09/20 20:06:19.819, 2, 0 %, 0 %, 35270 MiB, 37.14 W
2026/09/20 20:06:24.819, 0, 0 %, 0 %, 35270 MiB, 38.66 W
2026/09/20 20:06:24.820, 1, 0 %, 0 %, 35270 MiB, 38.15 W
2026/09/20 20:06:24.820, 2, 0 %, 0 %, 35270 MiB, 37.25 W
2026/09/20 20:06:29.821, 0, 0 %, 0 %, 35270 MiB, 38.73 W
2026/09/20 20:06:29.821, 1, 0 %, 0 %, 35270 MiB, 38.20 W
2026/09/20 20:06:29.821, 2, 0 %, 0 %, 35270 MiB, 37.11 W
2026/09/20 20:06:34.822, 0, 0 %, 0 %, 35270 MiB, 38.66 W
2026/09/20 20:06:34.823, 1, 0 %, 0 %, 35270 MiB, 38.03 W
2026/09/20 20:06:34.823, 2, 0 %, 0 %, 35270 MiB, 36.96 W
2026/09/20 20:06:39.824, 0, 0 %, 0 %, 35270 MiB, 38.54 W
2026/09/20 20:06:39.825, 1, 0 %, 0 %, 35270 MiB, 38.03 W
2026/09/20 20:06:39.825, 2, 0 %, 0 %, 35270 MiB, 36.84 W
2026/09/20 20:06:44.825, 0, 2 %, 0 %, 35270 MiB, 41.63 W
2026/09/20 20:06:44.826, 1, 0 %, 0 %, 35270 MiB, 38.05 W
2026/09/20 20:06:44.826, 2, 0 %, 0 %, 35270 MiB, 36.96 W
2026/09/20 20:06:49.827, 0, 0 %, 0 %, 35270 MiB, 38.65 W
2026/09/20 20:06:49.827, 1, 0 %, 0 %, 35270 MiB, 38.13 W
2026/09/20 20:06:49.828, 2, 24 %, 1 %, 35270 MiB, 37.04 W
2026/09/20 20:06:54.828, 0, 25 %, 1 %, 35270 MiB, 38.56 W
2026/09/20 20:06:54.829, 1, 0 %, 0 %, 35270 MiB, 38.13 W
2026/09/20 20:06:54.829, 2, 0 %, 0 %, 35270 MiB, 36.94 W
2026/09/20 20:06:59.833, 0, 0 %, 0 %, 35270 MiB, 38.85 W
2026/09/20 20:06:59.833, 1, 0 %, 0 %, 35270 MiB, 38.13 W
2026/09/20 20:06:59.833, 2, 0 %, 0 %, 35270 MiB, 36.94 W
2026/09/20 20:07:04.834, 0, 0 %, 0 %, 35270 MiB, 38.54 W
2026/09/20 20:07:04.835, 1, 0 %, 0 %, 35270 MiB, 38.13 W
2026/09/20 20:07:04.835, 2, 0 %, 0 %, 35270 MiB, 37.14 W
2026/09/20 20:07:09.836, 0, 0 %, 0 %, 35270 MiB, 38.66 W
2026/09/20 20:07:09.837, 1, 0 %, 0 %, 35270 MiB, 37.94 W
2026/09/20 20:07:09.837, 2, 0 %, 0 %, 35270 MiB, 36.96 W
2026/09/20 20:07:14.837, 0, 0 %, 0 %, 35270 MiB, 38.65 W
2026/09/20 20:07:14.838, 1, 0 %, 0 %, 35270 MiB, 37.94 W
2026/09/20 20:07:14.838, 2, 0 %, 0 %, 35270 MiB, 36.94 W
2026/09/20 20:07:19.839, 0, 0 %, 0 %, 35270 MiB, 38.75 W
2026/09/20 20:07:19.840, 1, 0 %, 0 %, 35270 MiB, 38.13 W
2026/09/20 20:07:19.840, 2, 0 %, 0 %, 35270 MiB, 37.04 W
2026/09/20 20:07:24.841, 0, 0 %, 0 %, 35270 MiB, 38.58 W
2026/09/20 20:07:24.842, 1, 0 %, 0 %, 35270 MiB, 38.05 W
2026/09/20 20:07:24.842, 2, 0 %, 0 %, 35270 MiB, 37.26 W
2026/09/20 20:07:29.843, 0, 0 %, 0 %, 35270 MiB, 38.57 W
2026/09/20 20:07:29.844, 1, 4 %, 0 %, 35270 MiB, 37.94 W
2026/09/20 20:07:29.844, 2, 0 %, 0 %, 35270 MiB, 37.06 W
2026/09/20 20:07:34.845, 0, 0 %, 0 %, 35270 MiB, 38.76 W
2026/09/20 20:07:34.846, 1, 25 %, 1 %, 35270 MiB, 37.75 W
2026/09/20 20:07:34.846, 2, 0 %, 0 %, 35270 MiB, 36.96 W
2026/09/20 20:07:39.847, 0, 0 %, 0 %, 35270 MiB, 38.66 W
2026/09/20 20:07:39.848, 1, 13 %, 0 %, 35270 MiB, 37.84 W
2026/09/20 20:07:39.848, 2, 0 %, 0 %, 35270 MiB, 36.94 W
2026/09/20 20:07:44.849, 0, 0 %, 0 %, 35270 MiB, 38.65 W
2026/09/20 20:07:44.850, 1, 0 %, 0 %, 35270 MiB, 37.84 W
2026/09/20 20:07:44.850, 2, 0 %, 0 %, 35270 MiB, 37.14 W
2026/09/20 20:07:49.851, 0, 0 %, 0 %, 35270 MiB, 38.65 W
2026/09/20 20:07:49.852, 1, 0 %, 0 %, 35270 MiB, 37.84 W
2026/09/20 20:07:49.852, 2, 0 %, 0 %, 35270 MiB, 36.94 W
2026/09/20 20:07:54.853, 0, 0 %, 0 %, 35270 MiB, 38.85 W
2026/09/20 20:07:54.854, 1, 0 %, 0 %, 35270 MiB, 38.03 W
2026/09/20 20:07:54.854, 2, 0 %, 0 %, 35270 MiB, 36.92 W
2026/09/20 20:07:59.855, 0, 0 %, 0 %, 35270 MiB, 38.64 W
2026/09/20 20:07:59.856, 1, 0 %, 0 %, 35270 MiB, 37.93 W
2026/09/20 20:07:59.856, 2, 0 %, 0 %, 35270 MiB, 37.14 W
2026/09/20 20:08:04.857, 0, 0 %, 0 %, 35270 MiB, 38.75 W
2026/09/20 20:08:04.857, 1, 0 %, 0 %, 35270 MiB, 37.93 W
2026/09/20 20:08:04.857, 2, 0 %, 0 %, 35270 MiB, 37.14 W
2026/09/20 20:08:09.858, 0, 0 %, 0 %, 35270 MiB, 38.97 W
2026/09/20 20:08:09.858, 1, 0 %, 0 %, 35270 MiB, 38.23 W
2026/09/20 20:08:09.858, 2, 0 %, 0 %, 35270 MiB, 37.03 W
2026/09/20 20:08:14.859, 0, 0 %, 0 %, 35270 MiB, 38.85 W
2026/09/20 20:08:14.860, 1, 0 %, 0 %, 35270 MiB, 38.03 W
2026/09/20 20:08:14.860, 2, 25 %, 1 %, 35270 MiB, 37.05 W
2026/09/20 20:08:19.861, 0, 0 %, 0 %, 35270 MiB, 38.84 W
2026/09/20 20:08:19.862, 1, 0 %, 0 %, 35270 MiB, 37.84 W
2026/09/20 20:08:19.862, 2, 25 %, 1 %, 35270 MiB, 37.14 W
2026/09/20 20:08:24.863, 0, 0 %, 0 %, 35270 MiB, 38.86 W
2026/09/20 20:08:24.863, 1, 0 %, 0 %, 35270 MiB, 43.76 W
2026/09/20 20:08:24.863, 2, 20 %, 1 %, 35270 MiB, 37.25 W
2026/09/20 20:08:29.863, 0, 0 %, 0 %, 35270 MiB, 39.05 W
2026/09/20 20:08:29.864, 1, 0 %, 0 %, 35270 MiB, 38.03 W
2026/09/20 20:08:29.864, 2, 25 %, 1 %, 35270 MiB, 37.14 W
2026/09/20 20:08:34.864, 0, 0 %, 0 %, 35270 MiB, 38.66 W
2026/09/20 20:08:34.865, 1, 14 %, 1 %, 35270 MiB, 37.85 W
2026/09/20 20:08:34.865, 2, 0 %, 0 %, 35270 MiB, 37.24 W
2026/09/20 20:08:39.866, 0, 0 %, 0 %, 35270 MiB, 38.65 W
2026/09/20 20:08:39.867, 1, 0 %, 0 %, 35270 MiB, 38.03 W
2026/09/20 20:08:39.867, 2, 25 %, 1 %, 35270 MiB, 37.14 W
2026/09/20 20:08:44.870, 0, 0 %, 0 %, 35270 MiB, 38.66 W
2026/09/20 20:08:44.871, 1, 0 %, 0 %, 35270 MiB, 38.25 W
2026/09/20 20:08:44.871, 2, 23 %, 1 %, 35270 MiB, 37.06 W
2026/09/20 20:08:49.875, 0, 0 %, 0 %, 35270 MiB, 39.41 W
2026/09/20 20:08:49.875, 1, 0 %, 0 %, 35270 MiB, 38.39 W
2026/09/20 20:08:49.876, 2, 10 %, 0 %, 35270 MiB, 44.53 W
2026/09/20 20:08:54.877, 0, 0 %, 0 %, 35270 MiB, 38.78 W
2026/09/20 20:08:54.877, 1, 0 %, 0 %, 35270 MiB, 38.25 W
2026/09/20 20:08:54.878, 2, 0 %, 0 %, 35270 MiB, 37.18 W
2026/09/20 20:08:59.879, 0, 0 %, 0 %, 35270 MiB, 38.78 W
2026/09/20 20:08:59.879, 1, 0 %, 0 %, 35270 MiB, 38.44 W
2026/09/20 20:08:59.879, 2, 0 %, 0 %, 35270 MiB, 37.25 W
2026/09/20 20:09:04.884, 0, 0 %, 0 %, 35270 MiB, 38.86 W
2026/09/20 20:09:04.884, 1, 0 %, 0 %, 35270 MiB, 38.34 W
2026/09/20 20:09:04.884, 2, 0 %, 0 %, 35270 MiB, 37.14 W
2026/09/20 20:09:09.886, 0, 0 %, 0 %, 35270 MiB, 39.01 W
2026/09/20 20:09:09.886, 1, 0 %, 0 %, 35270 MiB, 38.27 W
2026/09/20 20:09:09.887, 2, 25 %, 1 %, 35270 MiB, 37.16 W
2026/09/20 20:09:14.887, 0, 0 %, 0 %, 35270 MiB, 39.01 W
2026/09/20 20:09:14.888, 1, 0 %, 0 %, 35270 MiB, 38.38 W
2026/09/20 20:09:14.888, 2, 0 %, 0 %, 35270 MiB, 37.39 W
2026/09/20 20:09:19.889, 0, 0 %, 0 %, 35270 MiB, 38.80 W
2026/09/20 20:09:19.889, 1, 0 %, 0 %, 35270 MiB, 38.49 W
2026/09/20 20:09:19.889, 2, 0 %, 0 %, 35270 MiB, 42.25 W
2026/09/20 20:09:24.890, 0, 0 %, 0 %, 35270 MiB, 39.06 W
2026/09/20 20:09:24.891, 1, 0 %, 0 %, 35270 MiB, 38.23 W
2026/09/20 20:09:24.891, 2, 25 %, 1 %, 35270 MiB, 37.25 W
2026/09/20 20:09:29.892, 0, 0 %, 0 %, 35270 MiB, 39.07 W
2026/09/20 20:09:29.892, 1, 0 %, 0 %, 35270 MiB, 38.15 W
2026/09/20 20:09:29.893, 2, 20 %, 1 %, 35270 MiB, 37.26 W
2026/09/20 20:09:34.894, 0, 0 %, 0 %, 35270 MiB, 38.96 W
2026/09/20 20:09:34.895, 1, 0 %, 0 %, 35270 MiB, 38.45 W
2026/09/20 20:09:34.895, 2, 0 %, 0 %, 35270 MiB, 37.35 W
2026/09/20 20:09:39.896, 0, 0 %, 0 %, 35270 MiB, 38.75 W
2026/09/20 20:09:39.897, 1, 0 %, 0 %, 35270 MiB, 38.24 W
2026/09/20 20:09:39.897, 2, 0 %, 0 %, 35270 MiB, 37.35 W
2026/09/20 20:09:44.898, 0, 0 %, 0 %, 35270 MiB, 39.19 W
2026/09/20 20:09:44.898, 1, 0 %, 0 %, 35270 MiB, 38.25 W
2026/09/20 20:09:44.899, 2, 0 %, 0 %, 35270 MiB, 37.24 W
2026/09/20 20:09:49.899, 0, 0 %, 0 %, 35270 MiB, 38.97 W
2026/09/20 20:09:49.899, 1, 0 %, 0 %, 35270 MiB, 38.23 W
2026/09/20 20:09:49.900, 2, 0 %, 0 %, 35270 MiB, 37.14 W
2026/09/20 20:09:54.908, 0, 0 %, 0 %, 35270 MiB, 38.87 W
2026/09/20 20:09:54.908, 1, 0 %, 0 %, 35270 MiB, 38.44 W
2026/09/20 20:09:54.908, 2, 0 %, 0 %, 35270 MiB, 37.36 W
2026/09/20 20:09:59.910, 0, 0 %, 0 %, 35270 MiB, 38.85 W
2026/09/20 20:09:59.911, 1, 0 %, 0 %, 35270 MiB, 38.33 W
2026/09/20 20:09:59.911, 2, 0 %, 0 %, 35270 MiB, 37.14 W
2026/09/20 20:10:04.912, 0, 0 %, 0 %, 35270 MiB, 38.94 W
2026/09/20 20:10:04.912, 1, 0 %, 0 %, 35270 MiB, 38.21 W
2026/09/20 20:10:04.912, 2, 0 %, 0 %, 35270 MiB, 37.12 W
2026/09/20 20:10:09.914, 0, 0 %, 0 %, 35270 MiB, 38.87 W
2026/09/20 20:10:09.914, 1, 0 %, 0 %, 35270 MiB, 38.23 W
2026/09/20 20:10:09.914, 2, 0 %, 0 %, 35270 MiB, 37.44 W
2026/09/20 20:10:14.915, 0, 0 %, 0 %, 35270 MiB, 38.97 W
2026/09/20 20:10:14.916, 1, 0 %, 0 %, 35270 MiB, 38.44 W
2026/09/20 20:10:14.916, 2, 0 %, 0 %, 35270 MiB, 37.35 W
2026/09/20 20:10:19.917, 0, 0 %, 0 %, 35270 MiB, 38.96 W
2026/09/20 20:10:19.917, 1, 0 %, 0 %, 35270 MiB, 38.44 W
2026/09/20 20:10:19.918, 2, 0 %, 0 %, 35270 MiB, 37.25 W
2026/09/20 20:10:24.919, 0, 0 %, 0 %, 35270 MiB, 39.04 W
2026/09/20 20:10:24.919, 1, 0 %, 0 %, 35270 MiB, 38.42 W
2026/09/20 20:10:24.919, 2, 0 %, 0 %, 35270 MiB, 37.34 W
2026/09/20 20:10:29.921, 0, 0 %, 0 %, 35270 MiB, 38.94 W
2026/09/20 20:10:29.921, 1, 0 %, 0 %, 35270 MiB, 38.41 W
2026/09/20 20:10:29.922, 2, 0 %, 0 %, 35270 MiB, 37.32 W
2026/09/20 20:10:34.923, 0, 0 %, 0 %, 35270 MiB, 39.08 W
2026/09/20 20:10:34.923, 1, 0 %, 0 %, 35270 MiB, 38.35 W
2026/09/20 20:10:34.923, 2, 0 %, 0 %, 35270 MiB, 37.35 W
2026/09/20 20:10:39.925, 0, 0 %, 0 %, 35270 MiB, 39.26 W
2026/09/20 20:10:39.925, 1, 0 %, 0 %, 35270 MiB, 38.24 W
2026/09/20 20:10:39.926, 2, 0 %, 0 %, 35270 MiB, 37.36 W
2026/09/20 20:10:44.927, 0, 0 %, 0 %, 35270 MiB, 39.06 W
2026/09/20 20:10:44.927, 1, 0 %, 0 %, 35270 MiB, 38.23 W
2026/09/20 20:10:44.927, 2, 0 %, 0 %, 35270 MiB, 37.35 W
2026/09/20 20:10:49.929, 0, 0 %, 0 %, 35270 MiB, 38.95 W
2026/09/20 20:10:49.930, 1, 0 %, 0 %, 35270 MiB, 38.34 W
2026/09/20 20:10:49.930, 2, 0 %, 0 %, 35270 MiB, 37.35 W
2026/09/20 20:10:54.931, 0, 0 %, 0 %, 35270 MiB, 38.80 W
2026/09/20 20:10:54.931, 1, 0 %, 0 %, 35270 MiB, 38.18 W
2026/09/20 20:10:54.932, 2, 0 %, 0 %, 35270 MiB, 37.18 W
2026/09/20 20:10:59.932, 0, 0 %, 0 %, 35270 MiB, 39.11 W
2026/09/20 20:10:59.933, 1, 0 %, 0 %, 35270 MiB, 38.18 W
2026/09/20 20:10:59.933, 2, 0 %, 0 %, 35270 MiB, 37.18 W
2026/09/20 20:11:04.934, 0, 0 %, 0 %, 35270 MiB, 38.75 W
2026/09/20 20:11:04.935, 1, 0 %, 0 %, 35270 MiB, 38.23 W
2026/09/20 20:11:04.935, 2, 0 %, 0 %, 35270 MiB, 37.14 W
2026/09/20 20:11:09.935, 0, 0 %, 0 %, 35270 MiB, 38.79 W
2026/09/20 20:11:09.936, 1, 0 %, 0 %, 35270 MiB, 38.27 W
2026/09/20 20:11:09.936, 2, 0 %, 0 %, 35270 MiB, 37.18 W
2026/09/20 20:11:14.937, 0, 0 %, 0 %, 35270 MiB, 38.76 W
2026/09/20 20:11:14.937, 1, 0 %, 0 %, 35270 MiB, 38.13 W
2026/09/20 20:11:14.938, 2, 0 %, 0 %, 35270 MiB, 37.06 W
2026/09/20 20:11:19.939, 0, 0 %, 0 %, 35270 MiB, 38.56 W
2026/09/20 20:11:19.940, 1, 0 %, 0 %, 35270 MiB, 38.13 W
2026/09/20 20:11:19.940, 2, 0 %, 0 %, 35270 MiB, 37.14 W
2026/09/20 20:11:24.940, 0, 0 %, 0 %, 35270 MiB, 38.80 W
2026/09/20 20:11:24.941, 1, 0 %, 0 %, 35270 MiB, 38.39 W
2026/09/20 20:11:24.941, 2, 0 %, 0 %, 35270 MiB, 37.28 W
2026/09/20 20:11:29.942, 0, 0 %, 0 %, 35270 MiB, 38.75 W
2026/09/20 20:11:29.942, 1, 0 %, 0 %, 35270 MiB, 38.13 W
2026/09/20 20:11:29.943, 2, 0 %, 0 %, 35270 MiB, 37.04 W
2026/09/20 20:11:34.944, 0, 0 %, 0 %, 35270 MiB, 39.06 W
2026/09/20 20:11:34.944, 1, 0 %, 0 %, 35270 MiB, 38.24 W
2026/09/20 20:11:34.944, 2, 0 %, 0 %, 35270 MiB, 37.14 W
2026/09/20 20:11:39.946, 0, 0 %, 0 %, 35270 MiB, 38.86 W
2026/09/20 20:11:39.946, 1, 0 %, 0 %, 35270 MiB, 37.93 W
2026/09/20 20:11:39.946, 2, 0 %, 0 %, 35270 MiB, 37.14 W
2026/09/20 20:11:44.948, 0, 0 %, 0 %, 35270 MiB, 38.75 W
2026/09/20 20:11:44.949, 1, 0 %, 0 %, 35270 MiB, 38.13 W
2026/09/20 20:11:44.949, 2, 0 %, 0 %, 35270 MiB, 37.35 W
2026/09/20 20:11:49.950, 0, 0 %, 0 %, 35270 MiB, 38.80 W
2026/09/20 20:11:49.950, 1, 0 %, 0 %, 35270 MiB, 38.08 W
2026/09/20 20:11:49.951, 2, 0 %, 0 %, 35270 MiB, 37.18 W
2026/09/20 20:11:54.951, 0, 0 %, 0 %, 35270 MiB, 38.96 W
2026/09/20 20:11:54.952, 1, 0 %, 0 %, 35270 MiB, 38.15 W
2026/09/20 20:11:54.952, 2, 0 %, 0 %, 35270 MiB, 37.25 W
2026/09/20 20:11:59.953, 0, 0 %, 0 %, 35270 MiB, 38.47 W
2026/09/20 20:11:59.953, 1, 0 %, 0 %, 35270 MiB, 38.03 W
2026/09/20 20:11:59.954, 2, 0 %, 0 %, 35270 MiB, 37.24 W
2026/09/20 20:12:04.955, 0, 0 %, 0 %, 35270 MiB, 38.75 W
2026/09/20 20:12:04.956, 1, 0 %, 0 %, 35270 MiB, 38.24 W
2026/09/20 20:12:04.956, 2, 0 %, 0 %, 35270 MiB, 37.25 W
2026/09/20 20:12:09.957, 0, 0 %, 0 %, 35270 MiB, 38.68 W
2026/09/20 20:12:09.958, 1, 0 %, 0 %, 35270 MiB, 37.98 W
2026/09/20 20:12:09.958, 2, 0 %, 0 %, 35270 MiB, 37.09 W
2026/09/20 20:12:14.959, 0, 0 %, 0 %, 35270 MiB, 38.90 W
2026/09/20 20:12:14.959, 1, 0 %, 0 %, 35270 MiB, 38.08 W
2026/09/20 20:12:14.960, 2, 0 %, 0 %, 35270 MiB, 36.98 W
2026/09/20 20:12:19.961, 0, 0 %, 0 %, 35270 MiB, 38.74 W
2026/09/20 20:12:19.961, 1, 0 %, 0 %, 35270 MiB, 38.21 W
2026/09/20 20:12:19.961, 2, 0 %, 0 %, 35270 MiB, 37.13 W
2026/09/20 20:12:24.963, 0, 0 %, 0 %, 35270 MiB, 38.75 W
2026/09/20 20:12:24.963, 1, 0 %, 0 %, 35270 MiB, 38.23 W
2026/09/20 20:12:24.963, 2, 0 %, 0 %, 35270 MiB, 37.14 W
2026/09/20 20:12:29.965, 0, 0 %, 0 %, 35270 MiB, 38.74 W
2026/09/20 20:12:29.966, 1, 0 %, 0 %, 35270 MiB, 38.23 W
2026/09/20 20:12:29.966, 2, 0 %, 0 %, 35270 MiB, 37.04 W
2026/09/20 20:12:34.967, 0, 0 %, 0 %, 35270 MiB, 38.87 W
2026/09/20 20:12:34.967, 1, 0 %, 0 %, 35270 MiB, 38.23 W
2026/09/20 20:12:34.968, 2, 0 %, 0 %, 35270 MiB, 37.14 W
2026/09/20 20:12:39.969, 0, 0 %, 0 %, 35270 MiB, 38.86 W
2026/09/20 20:12:39.970, 1, 0 %, 0 %, 35270 MiB, 38.34 W
2026/09/20 20:12:39.970, 2, 0 %, 0 %, 35270 MiB, 37.35 W
2026/09/20 20:12:44.970, 0, 0 %, 0 %, 35270 MiB, 38.88 W
2026/09/20 20:12:44.971, 1, 0 %, 0 %, 35270 MiB, 38.36 W
2026/09/20 20:12:44.971, 2, 0 %, 0 %, 35270 MiB, 37.27 W
2026/09/20 20:12:49.976, 0, 0 %, 0 %, 35270 MiB, 39.16 W
2026/09/20 20:12:49.977, 1, 0 %, 0 %, 35270 MiB, 38.03 W
2026/09/20 20:12:49.977, 2, 0 %, 0 %, 35270 MiB, 37.24 W
2026/09/20 20:12:54.977, 0, 0 %, 0 %, 35270 MiB, 38.99 W
2026/09/20 20:12:54.978, 1, 0 %, 0 %, 35270 MiB, 38.25 W
2026/09/20 20:12:54.978, 2, 0 %, 0 %, 35270 MiB, 37.28 W
2026/09/20 20:12:59.979, 0, 0 %, 0 %, 35270 MiB, 38.75 W
2026/09/20 20:12:59.980, 1, 0 %, 0 %, 35270 MiB, 38.24 W
2026/09/20 20:12:59.980, 2, 0 %, 0 %, 35270 MiB, 37.35 W
2026/09/20 20:13:04.980, 0, 0 %, 0 %, 35270 MiB, 38.71 W
2026/09/20 20:13:04.981, 1, 0 %, 0 %, 35270 MiB, 38.06 W
2026/09/20 20:13:04.981, 2, 0 %, 0 %, 35270 MiB, 37.37 W
2026/09/20 20:13:09.982, 0, 0 %, 0 %, 35270 MiB, 38.95 W
2026/09/20 20:13:09.982, 1, 0 %, 0 %, 35270 MiB, 38.12 W
2026/09/20 20:13:09.982, 2, 0 %, 0 %, 35270 MiB, 37.12 W
2026/09/20 20:13:14.984, 0, 0 %, 0 %, 35270 MiB, 38.88 W
2026/09/20 20:13:14.984, 1, 0 %, 0 %, 35270 MiB, 38.15 W
2026/09/20 20:13:14.984, 2, 0 %, 0 %, 35270 MiB, 37.16 W
2026/09/20 20:13:19.985, 0, 0 %, 0 %, 35270 MiB, 38.83 W
2026/09/20 20:13:19.985, 1, 0 %, 0 %, 35270 MiB, 38.11 W
2026/09/20 20:13:19.985, 2, 0 %, 0 %, 35270 MiB, 37.23 W
2026/09/20 20:13:24.987, 0, 0 %, 0 %, 35270 MiB, 38.87 W
2026/09/20 20:13:24.987, 1, 0 %, 0 %, 35270 MiB, 38.15 W
2026/09/20 20:13:24.988, 2, 0 %, 0 %, 35270 MiB, 37.14 W
2026/09/20 20:13:29.988, 0, 0 %, 0 %, 35270 MiB, 38.91 W
2026/09/20 20:13:29.989, 1, 0 %, 0 %, 35270 MiB, 38.49 W
2026/09/20 20:13:29.989, 2, 0 %, 0 %, 35270 MiB, 37.18 W
2026/09/20 20:13:34.990, 0, 0 %, 0 %, 35270 MiB, 38.84 W
2026/09/20 20:13:34.990, 1, 0 %, 0 %, 35270 MiB, 38.31 W
2026/09/20 20:13:34.990, 2, 0 %, 0 %, 35270 MiB, 37.55 W
2026/09/20 20:13:39.992, 0, 0 %, 0 %, 35270 MiB, 38.86 W
2026/09/20 20:13:39.993, 1, 0 %, 0 %, 35270 MiB, 38.36 W
2026/09/20 20:13:39.993, 2, 0 %, 0 %, 35270 MiB, 37.14 W
2026/09/20 20:13:44.994, 0, 0 %, 0 %, 35270 MiB, 38.97 W
2026/09/20 20:13:44.994, 1, 0 %, 0 %, 35270 MiB, 38.23 W
2026/09/20 20:13:44.995, 2, 0 %, 0 %, 35270 MiB, 37.24 W
2026/09/20 20:13:49.996, 0, 24 %, 1 %, 35270 MiB, 46.81 W
2026/09/20 20:13:49.996, 1, 0 %, 0 %, 35270 MiB, 38.78 W
2026/09/20 20:13:49.996, 2, 0 %, 0 %, 35270 MiB, 37.28 W
2026/09/20 20:13:54.998, 0, 6 %, 0 %, 35270 MiB, 39.36 W
2026/09/20 20:13:54.998, 1, 0 %, 0 %, 35270 MiB, 38.05 W
2026/09/20 20:13:54.999, 2, 0 %, 0 %, 35270 MiB, 37.25 W
2026/09/20 20:14:00.000, 0, 0 %, 0 %, 35270 MiB, 38.77 W
2026/09/20 20:14:00.000, 1, 0 %, 0 %, 35270 MiB, 38.05 W
2026/09/20 20:14:00.000, 2, 0 %, 0 %, 35270 MiB, 37.25 W
2026/09/20 20:14:05.002, 0, 0 %, 0 %, 35270 MiB, 38.94 W
2026/09/20 20:14:05.003, 1, 0 %, 0 %, 35270 MiB, 38.33 W
2026/09/20 20:14:05.003, 2, 0 %, 0 %, 35270 MiB, 37.24 W
2026/09/20 20:14:10.003, 0, 0 %, 0 %, 35270 MiB, 38.78 W
2026/09/20 20:14:10.004, 1, 0 %, 0 %, 35270 MiB, 38.15 W
2026/09/20 20:14:10.004, 2, 24 %, 1 %, 35270 MiB, 37.47 W
2026/09/20 20:14:15.005, 0, 0 %, 0 %, 35270 MiB, 38.65 W
2026/09/20 20:14:15.005, 1, 0 %, 0 %, 35270 MiB, 38.03 W
2026/09/20 20:14:15.006, 2, 0 %, 0 %, 35270 MiB, 37.04 W
2026/09/20 20:14:20.007, 0, 25 %, 1 %, 35270 MiB, 38.99 W
2026/09/20 20:14:20.007, 1, 0 %, 0 %, 35270 MiB, 38.06 W
2026/09/20 20:14:20.008, 2, 0 %, 0 %, 35270 MiB, 36.96 W
2026/09/20 20:14:25.009, 0, 0 %, 0 %, 35270 MiB, 38.74 W
2026/09/20 20:14:25.009, 1, 0 %, 0 %, 35270 MiB, 38.20 W
2026/09/20 20:14:25.009, 2, 0 %, 0 %, 35270 MiB, 37.03 W
2026/09/20 20:14:30.011, 0, 0 %, 0 %, 35270 MiB, 38.77 W
2026/09/20 20:14:30.011, 1, 0 %, 0 %, 35270 MiB, 38.06 W
2026/09/20 20:14:30.011, 2, 0 %, 0 %, 35270 MiB, 37.16 W
2026/09/20 20:14:35.013, 0, 0 %, 0 %, 35270 MiB, 38.74 W
2026/09/20 20:14:35.013, 1, 0 %, 0 %, 35270 MiB, 38.22 W
2026/09/20 20:14:35.013, 2, 0 %, 0 %, 35270 MiB, 36.93 W
2026/09/20 20:14:40.015, 0, 0 %, 0 %, 35270 MiB, 38.85 W
2026/09/20 20:14:40.016, 1, 0 %, 0 %, 35270 MiB, 38.13 W
2026/09/20 20:14:40.016, 2, 0 %, 0 %, 35270 MiB, 37.14 W
2026/09/20 20:14:45.017, 0, 0 %, 0 %, 35270 MiB, 38.88 W
2026/09/20 20:14:45.017, 1, 24 %, 1 %, 35270 MiB, 38.34 W
2026/09/20 20:14:45.018, 2, 0 %, 0 %, 35270 MiB, 37.16 W
2026/09/20 20:14:50.018, 0, 0 %, 0 %, 35270 MiB, 38.87 W
2026/09/20 20:14:50.019, 1, 0 %, 0 %, 35270 MiB, 38.23 W
2026/09/20 20:14:50.019, 2, 0 %, 0 %, 35270 MiB, 37.14 W
2026/09/20 20:14:55.019, 0, 0 %, 0 %, 35270 MiB, 39.11 W
2026/09/20 20:14:55.019, 1, 0 %, 0 %, 35270 MiB, 38.28 W
2026/09/20 20:14:55.020, 2, 0 %, 0 %, 35270 MiB, 37.18 W
2026/09/20 20:15:00.021, 0, 0 %, 0 %, 35270 MiB, 38.96 W
2026/09/20 20:15:00.021, 1, 24 %, 1 %, 35270 MiB, 38.23 W
2026/09/20 20:15:00.021, 2, 0 %, 0 %, 35270 MiB, 37.24 W
2026/09/20 20:15:05.022, 0, 0 %, 0 %, 35270 MiB, 38.90 W
2026/09/20 20:15:05.023, 1, 0 %, 0 %, 35270 MiB, 38.08 W
2026/09/20 20:15:05.023, 2, 0 %, 0 %, 35270 MiB, 37.18 W
2026/09/20 20:15:10.024, 0, 25 %, 1 %, 35270 MiB, 38.94 W
2026/09/20 20:15:10.025, 1, 0 %, 0 %, 35270 MiB, 38.12 W
2026/09/20 20:15:10.025, 2, 0 %, 0 %, 35270 MiB, 37.34 W
2026/09/20 20:15:15.033, 0, 5 %, 0 %, 35270 MiB, 38.85 W
2026/09/20 20:15:15.033, 1, 0 %, 0 %, 35270 MiB, 38.23 W
2026/09/20 20:15:15.034, 2, 0 %, 0 %, 35270 MiB, 37.24 W
2026/09/20 20:15:20.034, 0, 0 %, 0 %, 35270 MiB, 43.80 W
2026/09/20 20:15:20.035, 1, 0 %, 0 %, 35270 MiB, 38.25 W
2026/09/20 20:15:20.035, 2, 0 %, 0 %, 35270 MiB, 37.25 W
2026/09/20 20:15:25.035, 0, 0 %, 0 %, 35270 MiB, 38.80 W
2026/09/20 20:15:25.036, 1, 0 %, 0 %, 35270 MiB, 38.18 W
2026/09/20 20:15:25.036, 2, 0 %, 0 %, 35270 MiB, 37.39 W
2026/09/20 20:15:30.037, 0, 0 %, 0 %, 35270 MiB, 39.07 W
2026/09/20 20:15:30.037, 1, 25 %, 1 %, 35270 MiB, 38.23 W
2026/09/20 20:15:30.037, 2, 0 %, 0 %, 35270 MiB, 37.14 W
2026/09/20 20:15:35.039, 0, 0 %, 0 %, 35270 MiB, 38.83 W
2026/09/20 20:15:35.040, 1, 37 %, 1 %, 35270 MiB, 42.48 W
2026/09/20 20:15:35.040, 2, 0 %, 0 %, 35270 MiB, 37.13 W
2026/09/20 20:15:40.041, 0, 0 %, 0 %, 35270 MiB, 38.75 W
2026/09/20 20:15:40.042, 1, 10 %, 0 %, 35270 MiB, 39.91 W
2026/09/20 20:15:40.042, 2, 0 %, 0 %, 35270 MiB, 37.14 W
2026/09/20 20:15:45.043, 0, 0 %, 0 %, 35270 MiB, 38.94 W
2026/09/20 20:15:45.043, 1, 0 %, 0 %, 35270 MiB, 38.20 W
2026/09/20 20:15:45.043, 2, 0 %, 0 %, 35270 MiB, 37.22 W
2026/09/20 20:15:50.044, 0, 0 %, 0 %, 35270 MiB, 38.94 W
2026/09/20 20:15:50.044, 1, 0 %, 0 %, 35270 MiB, 38.80 W
2026/09/20 20:15:50.044, 2, 0 %, 0 %, 35270 MiB, 37.21 W
2026/09/20 20:15:55.046, 0, 0 %, 0 %, 35270 MiB, 38.74 W
2026/09/20 20:15:55.047, 1, 0 %, 0 %, 35270 MiB, 38.22 W
2026/09/20 20:15:55.047, 2, 0 %, 0 %, 35270 MiB, 37.23 W
2026/09/20 20:16:00.048, 0, 0 %, 0 %, 35270 MiB, 38.84 W
2026/09/20 20:16:00.049, 1, 0 %, 0 %, 35270 MiB, 38.23 W
2026/09/20 20:16:00.049, 2, 0 %, 0 %, 35270 MiB, 37.13 W
2026/09/20 20:16:05.050, 0, 0 %, 0 %, 35270 MiB, 38.86 W
2026/09/20 20:16:05.051, 1, 40 %, 2 %, 35270 MiB, 38.73 W
2026/09/20 20:16:05.051, 2, 0 %, 0 %, 35270 MiB, 37.24 W
2026/09/20 20:16:10.051, 0, 0 %, 0 %, 35270 MiB, 39.09 W
2026/09/20 20:16:10.052, 1, 0 %, 0 %, 35270 MiB, 38.25 W
2026/09/20 20:16:10.052, 2, 0 %, 0 %, 35270 MiB, 37.26 W
2026/09/20 20:16:15.053, 0, 0 %, 0 %, 35270 MiB, 38.94 W
2026/09/20 20:16:15.054, 1, 0 %, 0 %, 35270 MiB, 38.10 W
2026/09/20 20:16:15.054, 2, 0 %, 0 %, 35270 MiB, 37.34 W
2026/09/20 20:16:20.055, 0, 0 %, 0 %, 35270 MiB, 39.04 W
2026/09/20 20:16:20.056, 1, 0 %, 0 %, 35270 MiB, 38.11 W
2026/09/20 20:16:20.056, 2, 0 %, 0 %, 35270 MiB, 37.53 W
2026/09/20 20:16:25.063, 0, 0 %, 0 %, 35270 MiB, 39.03 W
2026/09/20 20:16:25.063, 1, 0 %, 0 %, 35270 MiB, 38.31 W
2026/09/20 20:16:25.064, 2, 0 %, 0 %, 35270 MiB, 37.32 W
2026/09/20 20:16:30.065, 0, 0 %, 0 %, 35270 MiB, 38.85 W
2026/09/20 20:16:30.065, 1, 0 %, 0 %, 35270 MiB, 38.21 W
2026/09/20 20:16:30.066, 2, 0 %, 0 %, 35270 MiB, 37.11 W
2026/09/20 20:16:35.069, 0, 0 %, 0 %, 35270 MiB, 38.86 W
2026/09/20 20:16:35.070, 1, 0 %, 0 %, 35270 MiB, 38.23 W
2026/09/20 20:16:35.070, 2, 2 %, 0 %, 35270 MiB, 39.62 W
2026/09/20 20:16:40.079, 0, 0 %, 0 %, 35270 MiB, 38.88 W
2026/09/20 20:16:40.079, 1, 0 %, 0 %, 35270 MiB, 38.36 W
2026/09/20 20:16:40.079, 2, 0 %, 0 %, 35270 MiB, 42.53 W
2026/09/20 20:16:45.080, 0, 0 %, 0 %, 35270 MiB, 38.97 W
2026/09/20 20:16:45.081, 1, 0 %, 0 %, 35270 MiB, 38.24 W
2026/09/20 20:16:45.081, 2, 0 %, 0 %, 35270 MiB, 37.25 W
2026/09/20 20:16:50.082, 0, 0 %, 0 %, 35270 MiB, 38.99 W
2026/09/20 20:16:50.083, 1, 0 %, 0 %, 35270 MiB, 38.25 W
2026/09/20 20:16:50.083, 2, 14 %, 1 %, 35270 MiB, 37.36 W
2026/09/20 20:16:55.084, 0, 0 %, 0 %, 35270 MiB, 38.95 W
2026/09/20 20:16:55.085, 1, 0 %, 0 %, 35270 MiB, 38.34 W
2026/09/20 20:16:55.085, 2, 0 %, 0 %, 35270 MiB, 37.44 W
2026/09/20 20:17:00.086, 0, 0 %, 0 %, 35270 MiB, 38.94 W
2026/09/20 20:17:00.086, 1, 0 %, 0 %, 35270 MiB, 38.43 W
2026/09/20 20:17:00.086, 2, 0 %, 0 %, 35270 MiB, 37.23 W
2026/09/20 20:17:05.088, 0, 0 %, 0 %, 35270 MiB, 39.04 W
2026/09/20 20:17:05.088, 1, 0 %, 0 %, 35270 MiB, 38.31 W
2026/09/20 20:17:05.088, 2, 0 %, 0 %, 35270 MiB, 37.82 W
2026/09/20 20:17:10.090, 0, 0 %, 0 %, 35270 MiB, 39.04 W
2026/09/20 20:17:10.091, 1, 0 %, 0 %, 35270 MiB, 38.31 W
2026/09/20 20:17:10.091, 2, 10 %, 0 %, 35270 MiB, 37.84 W
2026/09/20 20:17:15.092, 0, 0 %, 0 %, 35270 MiB, 39.25 W
2026/09/20 20:17:15.093, 1, 0 %, 0 %, 35270 MiB, 38.44 W
2026/09/20 20:17:15.093, 2, 0 %, 0 %, 35270 MiB, 37.44 W
2026/09/20 20:17:20.093, 0, 0 %, 0 %, 35270 MiB, 39.34 W
2026/09/20 20:17:20.093, 1, 0 %, 0 %, 35270 MiB, 38.20 W
2026/09/20 20:17:20.093, 2, 0 %, 0 %, 35270 MiB, 37.42 W
2026/09/20 20:17:25.095, 0, 0 %, 0 %, 35270 MiB, 39.14 W
2026/09/20 20:17:25.096, 1, 0 %, 0 %, 35270 MiB, 38.23 W
2026/09/20 20:17:25.096, 2, 0 %, 0 %, 35270 MiB, 37.33 W
2026/09/20 20:17:30.097, 0, 0 %, 0 %, 35270 MiB, 38.74 W
2026/09/20 20:17:30.098, 1, 0 %, 0 %, 35270 MiB, 38.11 W
2026/09/20 20:17:30.098, 2, 0 %, 0 %, 35270 MiB, 37.55 W
2026/09/20 20:17:35.099, 0, 0 %, 0 %, 35270 MiB, 38.75 W
2026/09/20 20:17:35.100, 1, 0 %, 0 %, 35270 MiB, 38.34 W
2026/09/20 20:17:35.100, 2, 0 %, 0 %, 35270 MiB, 37.35 W
2026/09/20 20:17:40.100, 0, 0 %, 0 %, 35270 MiB, 38.94 W
2026/09/20 20:17:40.101, 1, 0 %, 0 %, 35270 MiB, 38.21 W
2026/09/20 20:17:40.101, 2, 0 %, 0 %, 35270 MiB, 37.13 W
2026/09/20 20:17:45.102, 0, 0 %, 0 %, 35270 MiB, 38.97 W
2026/09/20 20:17:45.103, 1, 0 %, 0 %, 35270 MiB, 38.13 W
2026/09/20 20:17:45.103, 2, 0 %, 0 %, 35270 MiB, 37.14 W
2026/09/20 20:17:50.104, 0, 0 %, 0 %, 35270 MiB, 38.87 W
2026/09/20 20:17:50.105, 1, 0 %, 0 %, 35270 MiB, 38.23 W
2026/09/20 20:17:50.105, 2, 0 %, 0 %, 35270 MiB, 37.45 W
2026/09/20 20:17:55.106, 0, 0 %, 0 %, 35270 MiB, 38.94 W
2026/09/20 20:17:55.107, 1, 0 %, 0 %, 35270 MiB, 38.31 W
2026/09/20 20:17:55.107, 2, 0 %, 0 %, 35270 MiB, 37.32 W
2026/09/20 20:18:00.107, 0, 0 %, 0 %, 35270 MiB, 38.99 W
2026/09/20 20:18:00.108, 1, 0 %, 0 %, 35270 MiB, 38.25 W
2026/09/20 20:18:00.108, 2, 0 %, 0 %, 35270 MiB, 37.27 W
2026/09/20 20:18:05.108, 0, 0 %, 0 %, 35270 MiB, 38.88 W
2026/09/20 20:18:05.109, 1, 0 %, 0 %, 35270 MiB, 38.28 W
2026/09/20 20:18:05.109, 2, 0 %, 0 %, 35270 MiB, 37.28 W
2026/09/20 20:18:10.110, 0, 0 %, 0 %, 35270 MiB, 38.96 W
2026/09/20 20:18:10.111, 1, 0 %, 0 %, 35270 MiB, 38.44 W
2026/09/20 20:18:10.111, 2, 0 %, 0 %, 35270 MiB, 37.35 W
2026/09/20 20:18:15.112, 0, 0 %, 0 %, 35270 MiB, 39.25 W
2026/09/20 20:18:15.113, 1, 0 %, 0 %, 35270 MiB, 38.33 W
2026/09/20 20:18:15.113, 2, 0 %, 0 %, 35270 MiB, 37.35 W
2026/09/20 20:18:20.113, 0, 0 %, 0 %, 35270 MiB, 39.01 W
2026/09/20 20:18:20.114, 1, 0 %, 0 %, 35270 MiB, 38.38 W
2026/09/20 20:18:20.114, 2, 0 %, 0 %, 35270 MiB, 37.39 W
2026/09/20 20:18:25.115, 0, 0 %, 0 %, 35270 MiB, 38.96 W
2026/09/20 20:18:25.115, 1, 0 %, 0 %, 35270 MiB, 38.13 W
2026/09/20 20:18:25.115, 2, 0 %, 0 %, 35270 MiB, 37.35 W
2026/09/20 20:18:30.117, 0, 0 %, 0 %, 35270 MiB, 39.04 W
2026/09/20 20:18:30.117, 1, 0 %, 0 %, 35270 MiB, 38.22 W
2026/09/20 20:18:30.117, 2, 0 %, 0 %, 35270 MiB, 37.44 W
2026/09/20 20:18:35.119, 0, 0 %, 0 %, 35270 MiB, 38.99 W
2026/09/20 20:18:35.119, 1, 0 %, 0 %, 35270 MiB, 38.15 W
2026/09/20 20:18:35.119, 2, 0 %, 0 %, 35270 MiB, 37.47 W
2026/09/20 20:18:40.121, 0, 0 %, 0 %, 35270 MiB, 38.96 W
2026/09/20 20:18:40.121, 1, 0 %, 0 %, 35270 MiB, 38.23 W
2026/09/20 20:18:40.121, 2, 0 %, 0 %, 35270 MiB, 37.44 W
2026/09/20 20:18:45.123, 0, 0 %, 0 %, 35270 MiB, 38.85 W
2026/09/20 20:18:45.123, 1, 0 %, 0 %, 35270 MiB, 38.41 W
2026/09/20 20:18:45.123, 2, 0 %, 0 %, 35270 MiB, 37.21 W
2026/09/20 20:18:50.125, 0, 0 %, 0 %, 35270 MiB, 38.94 W
2026/09/20 20:18:50.125, 1, 0 %, 0 %, 35270 MiB, 38.31 W
2026/09/20 20:18:50.125, 2, 0 %, 0 %, 35270 MiB, 37.32 W
2026/09/20 20:18:55.127, 0, 0 %, 0 %, 35270 MiB, 38.94 W
2026/09/20 20:18:55.128, 1, 0 %, 0 %, 35270 MiB, 38.32 W
2026/09/20 20:18:55.128, 2, 0 %, 0 %, 35270 MiB, 37.23 W
2026/09/20 20:19:00.129, 0, 0 %, 0 %, 35270 MiB, 38.95 W
2026/09/20 20:19:00.129, 1, 0 %, 0 %, 35270 MiB, 38.23 W
2026/09/20 20:19:00.130, 2, 0 %, 0 %, 35270 MiB, 37.23 W
2026/09/20 20:19:05.139, 0, 0 %, 0 %, 35270 MiB, 39.00 W
2026/09/20 20:19:05.139, 1, 0 %, 0 %, 35270 MiB, 38.38 W
2026/09/20 20:19:05.140, 2, 0 %, 0 %, 35270 MiB, 37.49 W
2026/09/20 20:19:10.140, 0, 0 %, 0 %, 35270 MiB, 39.09 W
2026/09/20 20:19:10.141, 1, 0 %, 0 %, 35270 MiB, 38.27 W
2026/09/20 20:19:10.141, 2, 0 %, 0 %, 35270 MiB, 37.28 W
2026/09/20 20:19:15.142, 0, 0 %, 0 %, 35270 MiB, 38.98 W
2026/09/20 20:19:15.142, 1, 0 %, 0 %, 35270 MiB, 38.34 W
2026/09/20 20:19:15.143, 2, 0 %, 0 %, 35270 MiB, 37.36 W
2026/09/20 20:19:20.144, 0, 0 %, 0 %, 35270 MiB, 39.09 W
2026/09/20 20:19:20.144, 1, 0 %, 0 %, 35270 MiB, 38.46 W
2026/09/20 20:19:20.144, 2, 0 %, 0 %, 35270 MiB, 37.36 W
2026/09/20 20:19:25.145, 0, 0 %, 0 %, 35270 MiB, 38.99 W
2026/09/20 20:19:25.146, 1, 0 %, 0 %, 35270 MiB, 38.36 W
2026/09/20 20:19:25.146, 2, 0 %, 0 %, 35270 MiB, 37.56 W
2026/09/20 20:19:30.147, 0, 0 %, 0 %, 35270 MiB, 39.16 W
2026/09/20 20:19:30.147, 1, 0 %, 0 %, 35270 MiB, 38.21 W
2026/09/20 20:19:30.148, 2, 0 %, 0 %, 35270 MiB, 37.34 W
2026/09/20 20:19:35.149, 0, 0 %, 0 %, 35270 MiB, 39.07 W
2026/09/20 20:19:35.149, 1, 0 %, 0 %, 35270 MiB, 38.44 W
2026/09/20 20:19:35.149, 2, 0 %, 0 %, 35270 MiB, 37.37 W
2026/09/20 20:19:40.150, 0, 0 %, 0 %, 35270 MiB, 39.08 W
2026/09/20 20:19:40.151, 1, 0 %, 0 %, 35270 MiB, 38.25 W
2026/09/20 20:19:40.151, 2, 0 %, 0 %, 35270 MiB, 37.37 W
2026/09/20 20:19:45.152, 0, 0 %, 0 %, 35270 MiB, 38.76 W
2026/09/20 20:19:45.152, 1, 0 %, 0 %, 35270 MiB, 38.14 W
2026/09/20 20:19:45.152, 2, 0 %, 0 %, 35270 MiB, 37.56 W
2026/09/20 20:19:50.154, 0, 0 %, 0 %, 35270 MiB, 38.96 W
2026/09/20 20:19:50.154, 1, 0 %, 0 %, 35270 MiB, 38.23 W
2026/09/20 20:19:50.155, 2, 0 %, 0 %, 35270 MiB, 37.34 W
2026/09/20 20:19:55.155, 0, 0 %, 0 %, 35270 MiB, 39.04 W
2026/09/20 20:19:55.156, 1, 0 %, 0 %, 35270 MiB, 38.30 W
2026/09/20 20:19:55.156, 2, 0 %, 0 %, 35270 MiB, 37.21 W
2026/09/20 20:20:00.156, 0, 0 %, 0 %, 35270 MiB, 38.94 W
2026/09/20 20:20:00.156, 1, 0 %, 0 %, 35270 MiB, 38.20 W
2026/09/20 20:20:00.156, 2, 0 %, 0 %, 35270 MiB, 37.24 W
2026/09/20 20:20:05.157, 0, 0 %, 0 %, 35270 MiB, 39.06 W
2026/09/20 20:20:05.158, 1, 0 %, 0 %, 35270 MiB, 38.25 W
2026/09/20 20:20:05.158, 2, 0 %, 0 %, 35270 MiB, 37.36 W
2026/09/20 20:20:10.161, 0, 0 %, 0 %, 35270 MiB, 38.99 W
2026/09/20 20:20:10.161, 1, 0 %, 0 %, 35270 MiB, 38.46 W
2026/09/20 20:20:10.161, 2, 0 %, 0 %, 35270 MiB, 37.25 W
2026/09/20 20:20:15.163, 0, 0 %, 0 %, 35270 MiB, 38.96 W
2026/09/20 20:20:15.163, 1, 0 %, 0 %, 35270 MiB, 38.23 W
2026/09/20 20:20:15.163, 2, 0 %, 0 %, 35270 MiB, 37.35 W
2026/09/20 20:20:20.165, 0, 0 %, 0 %, 35270 MiB, 38.97 W
2026/09/20 20:20:20.165, 1, 0 %, 0 %, 35270 MiB, 38.24 W
2026/09/20 20:20:20.166, 2, 0 %, 0 %, 35270 MiB, 37.24 W
2026/09/20 20:20:25.167, 0, 0 %, 0 %, 35270 MiB, 39.07 W
2026/09/20 20:20:25.168, 1, 0 %, 0 %, 35270 MiB, 38.36 W
2026/09/20 20:20:25.168, 2, 0 %, 0 %, 35270 MiB, 37.25 W
2026/09/20 20:20:30.169, 0, 0 %, 0 %, 35270 MiB, 39.04 W
2026/09/20 20:20:30.170, 1, 0 %, 0 %, 35270 MiB, 38.43 W
2026/09/20 20:20:30.170, 2, 0 %, 0 %, 35270 MiB, 37.33 W
2026/09/20 20:20:35.170, 0, 0 %, 0 %, 35270 MiB, 38.97 W
2026/09/20 20:20:35.171, 1, 0 %, 0 %, 35270 MiB, 38.15 W
2026/09/20 20:20:35.171, 2, 0 %, 0 %, 35270 MiB, 37.36 W
2026/09/20 20:20:40.172, 0, 0 %, 0 %, 35270 MiB, 39.24 W
2026/09/20 20:20:40.172, 1, 0 %, 0 %, 35270 MiB, 38.12 W
2026/09/20 20:20:40.173, 2, 0 %, 0 %, 35270 MiB, 37.34 W
2026/09/20 20:20:45.181, 0, 0 %, 0 %, 35270 MiB, 39.25 W
2026/09/20 20:20:45.181, 1, 0 %, 0 %, 35270 MiB, 38.23 W
2026/09/20 20:20:45.182, 2, 0 %, 0 %, 35270 MiB, 38.14 W
2026/09/20 20:20:50.183, 0, 0 %, 0 %, 35270 MiB, 38.95 W
2026/09/20 20:20:50.183, 1, 0 %, 0 %, 35270 MiB, 38.34 W
2026/09/20 20:20:50.183, 2, 0 %, 0 %, 35270 MiB, 37.53 W
2026/09/20 20:20:55.185, 0, 0 %, 0 %, 35270 MiB, 38.96 W
2026/09/20 20:20:55.185, 1, 0 %, 0 %, 35270 MiB, 38.22 W
2026/09/20 20:20:55.185, 2, 0 %, 0 %, 35270 MiB, 37.44 W
2026/09/20 20:21:00.196, 0, 0 %, 0 %, 35270 MiB, 39.06 W
2026/09/20 20:21:00.196, 1, 0 %, 0 %, 35270 MiB, 38.23 W
2026/09/20 20:21:00.196, 2, 0 %, 0 %, 35270 MiB, 37.44 W
2026/09/20 20:21:05.198, 0, 0 %, 0 %, 35270 MiB, 38.96 W
2026/09/20 20:21:05.198, 1, 0 %, 0 %, 35270 MiB, 38.44 W
2026/09/20 20:21:05.198, 2, 0 %, 0 %, 35270 MiB, 37.35 W
2026/09/20 20:21:10.199, 0, 0 %, 0 %, 35270 MiB, 38.99 W
2026/09/20 20:21:10.200, 1, 0 %, 0 %, 35270 MiB, 38.25 W
2026/09/20 20:21:10.200, 2, 0 %, 0 %, 35270 MiB, 37.37 W
2026/09/20 20:21:15.200, 0, 0 %, 0 %, 35270 MiB, 39.29 W
2026/09/20 20:21:15.201, 1, 0 %, 0 %, 35270 MiB, 38.37 W
2026/09/20 20:21:15.201, 2, 0 %, 0 %, 35270 MiB, 37.26 W
2026/09/20 20:21:20.202, 0, 0 %, 0 %, 35270 MiB, 39.04 W
2026/09/20 20:21:20.203, 1, 0 %, 0 %, 35270 MiB, 38.43 W
2026/09/20 20:21:20.203, 2, 0 %, 0 %, 35270 MiB, 37.34 W
2026/09/20 20:21:25.203, 0, 0 %, 0 %, 35270 MiB, 39.04 W
2026/09/20 20:21:25.204, 1, 0 %, 0 %, 35270 MiB, 38.52 W
2026/09/20 20:21:25.204, 2, 0 %, 0 %, 35270 MiB, 37.44 W
2026/09/20 20:21:30.205, 0, 0 %, 0 %, 35270 MiB, 39.06 W
2026/09/20 20:21:30.205, 1, 0 %, 0 %, 35270 MiB, 38.34 W
2026/09/20 20:21:30.206, 2, 0 %, 0 %, 35270 MiB, 37.35 W
2026/09/20 20:21:35.207, 0, 0 %, 0 %, 35270 MiB, 39.16 W
2026/09/20 20:21:35.208, 1, 0 %, 0 %, 35270 MiB, 38.44 W
2026/09/20 20:21:35.208, 2, 12 %, 0 %, 35270 MiB, 37.35 W
2026/09/20 20:21:40.209, 0, 0 %, 0 %, 35270 MiB, 39.13 W
2026/09/20 20:21:40.209, 1, 0 %, 0 %, 35270 MiB, 38.42 W
2026/09/20 20:21:40.209, 2, 0 %, 0 %, 35270 MiB, 37.52 W
2026/09/20 20:21:45.211, 0, 0 %, 0 %, 35270 MiB, 39.17 W
2026/09/20 20:21:45.211, 1, 0 %, 0 %, 35270 MiB, 38.34 W
2026/09/20 20:21:45.212, 2, 0 %, 0 %, 35270 MiB, 37.35 W
2026/09/20 20:21:50.213, 0, 0 %, 0 %, 35270 MiB, 39.24 W
2026/09/20 20:21:50.214, 1, 0 %, 0 %, 35270 MiB, 38.22 W
2026/09/20 20:21:50.214, 2, 0 %, 0 %, 35270 MiB, 37.34 W
2026/09/20 20:21:55.215, 0, 25 %, 1 %, 35270 MiB, 39.17 W
2026/09/20 20:21:55.216, 1, 0 %, 0 %, 35270 MiB, 38.15 W
2026/09/20 20:21:55.216, 2, 0 %, 0 %, 35270 MiB, 37.56 W
2026/09/20 20:22:00.216, 0, 0 %, 0 %, 35270 MiB, 38.90 W
2026/09/20 20:22:00.217, 1, 0 %, 0 %, 35270 MiB, 38.49 W
2026/09/20 20:22:00.217, 2, 0 %, 0 %, 35270 MiB, 37.39 W
2026/09/20 20:22:05.218, 0, 0 %, 0 %, 35270 MiB, 38.95 W
2026/09/20 20:22:05.218, 1, 0 %, 0 %, 35270 MiB, 38.23 W
2026/09/20 20:22:05.218, 2, 0 %, 0 %, 35270 MiB, 37.33 W
2026/09/20 20:22:10.220, 0, 5 %, 0 %, 35270 MiB, 39.74 W
2026/09/20 20:22:10.221, 1, 0 %, 0 %, 35270 MiB, 38.23 W
2026/09/20 20:22:10.221, 2, 0 %, 0 %, 35270 MiB, 37.24 W
2026/09/20 20:22:15.222, 0, 0 %, 0 %, 35270 MiB, 38.96 W
2026/09/20 20:22:15.223, 1, 0 %, 0 %, 35270 MiB, 38.23 W
2026/09/20 20:22:15.223, 2, 0 %, 0 %, 35270 MiB, 37.35 W
2026/09/20 20:22:20.223, 0, 15 %, 1 %, 35270 MiB, 39.00 W
2026/09/20 20:22:20.224, 1, 0 %, 0 %, 35270 MiB, 38.36 W
2026/09/20 20:22:20.224, 2, 0 %, 0 %, 35270 MiB, 37.28 W
2026/09/20 20:22:25.224, 0, 0 %, 0 %, 35270 MiB, 39.39 W
2026/09/20 20:22:25.224, 1, 0 %, 0 %, 35270 MiB, 38.38 W
2026/09/20 20:22:25.225, 2, 0 %, 0 %, 35270 MiB, 37.28 W
2026/09/20 20:22:30.226, 0, 0 %, 0 %, 35270 MiB, 39.06 W
2026/09/20 20:22:30.226, 1, 0 %, 0 %, 35270 MiB, 38.44 W
2026/09/20 20:22:30.226, 2, 0 %, 0 %, 35270 MiB, 37.54 W
2026/09/20 20:22:35.227, 0, 0 %, 0 %, 35270 MiB, 39.07 W
2026/09/20 20:22:35.228, 1, 0 %, 0 %, 35270 MiB, 38.33 W
2026/09/20 20:22:35.228, 2, 0 %, 0 %, 35270 MiB, 37.46 W
2026/09/20 20:22:40.229, 0, 0 %, 0 %, 35270 MiB, 39.16 W
2026/09/20 20:22:40.229, 1, 0 %, 0 %, 35270 MiB, 38.44 W
2026/09/20 20:22:40.229, 2, 0 %, 0 %, 35270 MiB, 37.44 W
2026/09/20 20:22:45.231, 0, 2 %, 0 %, 35270 MiB, 39.20 W
2026/09/20 20:22:45.231, 1, 0 %, 0 %, 35270 MiB, 38.39 W
2026/09/20 20:22:45.232, 2, 0 %, 0 %, 35270 MiB, 37.49 W
2026/09/20 20:22:50.232, 0, 0 %, 0 %, 35270 MiB, 39.21 W
2026/09/20 20:22:50.233, 1, 0 %, 0 %, 35270 MiB, 38.28 W
2026/09/20 20:22:50.233, 2, 0 %, 0 %, 35270 MiB, 37.70 W
2026/09/20 20:22:55.234, 0, 0 %, 0 %, 35270 MiB, 39.29 W
2026/09/20 20:22:55.234, 1, 0 %, 0 %, 35270 MiB, 38.49 W
2026/09/20 20:22:55.234, 2, 0 %, 0 %, 35270 MiB, 37.49 W
2026/09/20 20:23:00.236, 0, 0 %, 0 %, 35270 MiB, 39.46 W
2026/09/20 20:23:00.236, 1, 0 %, 0 %, 35270 MiB, 38.36 W
2026/09/20 20:23:00.237, 2, 0 %, 0 %, 35270 MiB, 37.56 W
2026/09/20 20:23:05.239, 0, 0 %, 0 %, 35270 MiB, 39.07 W
2026/09/20 20:23:05.239, 1, 0 %, 0 %, 35270 MiB, 38.44 W
2026/09/20 20:23:05.239, 2, 0 %, 0 %, 35270 MiB, 37.55 W
2026/09/20 20:23:10.241, 0, 0 %, 0 %, 35270 MiB, 38.96 W
2026/09/20 20:23:10.241, 1, 0 %, 0 %, 35270 MiB, 38.03 W
2026/09/20 20:23:10.241, 2, 0 %, 0 %, 35270 MiB, 37.67 W
2026/09/20 20:23:15.242, 0, 0 %, 0 %, 35270 MiB, 38.94 W
2026/09/20 20:23:15.243, 1, 0 %, 0 %, 35270 MiB, 38.02 W
2026/09/20 20:23:15.243, 2, 0 %, 0 %, 35270 MiB, 37.23 W
2026/09/20 20:23:20.244, 0, 0 %, 0 %, 35270 MiB, 39.06 W
2026/09/20 20:23:20.244, 1, 0 %, 0 %, 35270 MiB, 37.94 W
2026/09/20 20:23:20.245, 2, 0 %, 0 %, 35270 MiB, 37.24 W
2026/09/20 20:23:25.246, 0, 0 %, 0 %, 35270 MiB, 38.99 W
2026/09/20 20:23:25.246, 1, 0 %, 0 %, 35270 MiB, 37.85 W
2026/09/20 20:23:25.246, 2, 0 %, 0 %, 35270 MiB, 37.25 W
2026/09/20 20:23:30.248, 0, 0 %, 0 %, 35270 MiB, 38.85 W
2026/09/20 20:23:30.248, 1, 0 %, 0 %, 35270 MiB, 38.13 W
2026/09/20 20:23:30.248, 2, 0 %, 0 %, 35270 MiB, 37.24 W
2026/09/20 20:23:35.250, 0, 0 %, 0 %, 35270 MiB, 38.86 W
2026/09/20 20:23:35.250, 1, 0 %, 0 %, 35270 MiB, 38.23 W
2026/09/20 20:23:35.250, 2, 0 %, 0 %, 35270 MiB, 37.24 W
2026/09/20 20:23:40.251, 0, 0 %, 0 %, 35270 MiB, 38.99 W
2026/09/20 20:23:40.251, 1, 0 %, 0 %, 35270 MiB, 38.15 W
2026/09/20 20:23:40.251, 2, 0 %, 0 %, 35270 MiB, 37.15 W
2026/09/20 20:23:45.252, 0, 0 %, 0 %, 35270 MiB, 38.96 W
2026/09/20 20:23:45.252, 1, 0 %, 0 %, 35270 MiB, 38.13 W
2026/09/20 20:23:45.252, 2, 0 %, 0 %, 35270 MiB, 37.24 W
2026/09/20 20:23:50.253, 0, 0 %, 0 %, 35270 MiB, 38.95 W
2026/09/20 20:23:50.254, 1, 0 %, 0 %, 35270 MiB, 38.23 W
2026/09/20 20:23:50.254, 2, 0 %, 0 %, 35270 MiB, 37.34 W
2026/09/20 20:23:55.255, 0, 0 %, 0 %, 35270 MiB, 39.25 W
2026/09/20 20:23:55.255, 1, 0 %, 0 %, 35270 MiB, 38.14 W
2026/09/20 20:23:55.256, 2, 0 %, 0 %, 35270 MiB, 37.24 W
2026/09/20 20:24:00.257, 0, 0 %, 0 %, 35270 MiB, 38.97 W
2026/09/20 20:24:00.257, 1, 0 %, 0 %, 35270 MiB, 38.13 W
2026/09/20 20:24:00.257, 2, 0 %, 0 %, 35270 MiB, 37.24 W
2026/09/20 20:24:05.258, 0, 0 %, 0 %, 35270 MiB, 38.96 W
2026/09/20 20:24:05.259, 1, 0 %, 0 %, 35270 MiB, 38.44 W
2026/09/20 20:24:05.259, 2, 0 %, 0 %, 35270 MiB, 37.35 W
2026/09/20 20:24:10.266, 0, 0 %, 0 %, 35270 MiB, 38.75 W
2026/09/20 20:24:10.266, 1, 0 %, 0 %, 35270 MiB, 38.12 W
2026/09/20 20:24:10.267, 2, 0 %, 0 %, 35270 MiB, 37.34 W
2026/09/20 20:24:15.267, 0, 0 %, 0 %, 35270 MiB, 38.97 W
2026/09/20 20:24:15.268, 1, 0 %, 0 %, 35270 MiB, 38.23 W
2026/09/20 20:24:15.268, 2, 0 %, 0 %, 35270 MiB, 37.35 W
2026/09/20 20:24:20.268, 0, 0 %, 0 %, 35270 MiB, 38.75 W
2026/09/20 20:24:20.269, 1, 0 %, 0 %, 35270 MiB, 38.13 W
2026/09/20 20:24:20.269, 2, 0 %, 0 %, 35270 MiB, 37.04 W
2026/09/20 20:24:25.270, 0, 0 %, 0 %, 35270 MiB, 38.75 W
2026/09/20 20:24:25.270, 1, 0 %, 0 %, 35270 MiB, 38.13 W
2026/09/20 20:24:25.270, 2, 0 %, 0 %, 35270 MiB, 37.35 W
2026/09/20 20:24:30.272, 0, 0 %, 0 %, 35270 MiB, 38.75 W
2026/09/20 20:24:30.272, 1, 0 %, 0 %, 35270 MiB, 38.03 W
2026/09/20 20:24:30.272, 2, 0 %, 0 %, 35270 MiB, 37.14 W
2026/09/20 20:24:35.274, 0, 0 %, 0 %, 35270 MiB, 38.85 W
2026/09/20 20:24:35.274, 1, 0 %, 0 %, 35270 MiB, 38.03 W
2026/09/20 20:24:35.274, 2, 0 %, 0 %, 35270 MiB, 37.03 W
2026/09/20 20:24:40.275, 0, 0 %, 0 %, 35270 MiB, 38.76 W
2026/09/20 20:24:40.276, 1, 0 %, 0 %, 35270 MiB, 38.03 W
2026/09/20 20:24:40.276, 2, 0 %, 0 %, 35270 MiB, 37.04 W
2026/09/20 20:24:45.276, 0, 0 %, 0 %, 35270 MiB, 38.76 W
2026/09/20 20:24:45.276, 1, 0 %, 0 %, 35270 MiB, 38.12 W
2026/09/20 20:24:45.277, 2, 0 %, 0 %, 35270 MiB, 37.23 W
2026/09/20 20:24:50.278, 0, 0 %, 0 %, 35270 MiB, 38.97 W
2026/09/20 20:24:50.278, 1, 0 %, 0 %, 35270 MiB, 38.13 W
2026/09/20 20:24:50.278, 2, 0 %, 0 %, 35270 MiB, 37.14 W
2026/09/20 20:24:55.280, 0, 0 %, 0 %, 35270 MiB, 38.86 W
2026/09/20 20:24:55.280, 1, 0 %, 0 %, 35270 MiB, 38.13 W
2026/09/20 20:24:55.280, 2, 0 %, 0 %, 35270 MiB, 37.04 W
2026/09/20 20:25:00.282, 0, 0 %, 0 %, 35270 MiB, 38.83 W
2026/09/20 20:25:00.282, 1, 0 %, 0 %, 35270 MiB, 38.34 W
2026/09/20 20:25:00.282, 2, 0 %, 0 %, 35270 MiB, 37.21 W
2026/09/20 20:25:05.284, 0, 0 %, 0 %, 35270 MiB, 38.87 W
2026/09/20 20:25:05.284, 1, 0 %, 0 %, 35270 MiB, 38.03 W
2026/09/20 20:25:05.284, 2, 0 %, 0 %, 35270 MiB, 37.24 W
2026/09/20 20:25:10.285, 0, 0 %, 0 %, 35270 MiB, 39.04 W
2026/09/20 20:25:10.285, 1, 0 %, 0 %, 35270 MiB, 37.93 W
2026/09/20 20:25:10.286, 2, 0 %, 0 %, 35270 MiB, 37.23 W
2026/09/20 20:25:15.287, 0, 0 %, 0 %, 35270 MiB, 38.85 W
2026/09/20 20:25:15.287, 1, 0 %, 0 %, 35270 MiB, 38.03 W
2026/09/20 20:25:15.287, 2, 0 %, 0 %, 35270 MiB, 37.24 W
2026/09/20 20:25:20.288, 0, 0 %, 0 %, 35270 MiB, 38.68 W
2026/09/20 20:25:20.289, 1, 0 %, 0 %, 35270 MiB, 38.06 W
2026/09/20 20:25:20.289, 2, 0 %, 0 %, 35270 MiB, 37.16 W
2026/09/20 20:25:25.289, 0, 0 %, 0 %, 35270 MiB, 38.61 W
2026/09/20 20:25:25.290, 1, 0 %, 0 %, 35270 MiB, 37.98 W
2026/09/20 20:25:25.290, 2, 0 %, 0 %, 35270 MiB, 37.39 W
2026/09/20 20:25:30.290, 0, 0 %, 0 %, 35270 MiB, 38.71 W
2026/09/20 20:25:30.291, 1, 0 %, 0 %, 35270 MiB, 37.98 W
2026/09/20 20:25:30.291, 2, 0 %, 0 %, 35270 MiB, 37.08 W
2026/09/20 20:25:35.291, 0, 0 %, 0 %, 35270 MiB, 38.71 W
2026/09/20 20:25:35.292, 1, 0 %, 0 %, 35270 MiB, 38.18 W
2026/09/20 20:25:35.292, 2, 0 %, 0 %, 35270 MiB, 36.99 W
2026/09/20 20:25:40.292, 0, 0 %, 0 %, 35270 MiB, 38.71 W
2026/09/20 20:25:40.293, 1, 0 %, 0 %, 35270 MiB, 37.98 W
2026/09/20 20:25:40.293, 2, 0 %, 0 %, 35270 MiB, 37.09 W
2026/09/20 20:25:45.293, 0, 0 %, 0 %, 35270 MiB, 38.91 W
2026/09/20 20:25:45.293, 1, 0 %, 0 %, 35270 MiB, 38.10 W
2026/09/20 20:25:45.294, 2, 0 %, 0 %, 35270 MiB, 37.18 W
2026/09/20 20:25:50.294, 0, 0 %, 0 %, 35270 MiB, 38.81 W
2026/09/20 20:25:50.295, 1, 0 %, 0 %, 35270 MiB, 38.09 W
2026/09/20 20:25:50.295, 2, 0 %, 0 %, 35270 MiB, 37.19 W
2026/09/20 20:25:55.295, 0, 100 %, 7 %, 35270 MiB, 91.43 W
2026/09/20 20:25:55.295, 1, 100 %, 7 %, 35270 MiB, 92.24 W
2026/09/20 20:25:55.295, 2, 100 %, 7 %, 35270 MiB, 92.65 W
2026/09/20 20:26:00.296, 0, 100 %, 7 %, 35270 MiB, 93.84 W
2026/09/20 20:26:00.296, 1, 100 %, 7 %, 35270 MiB, 94.64 W
2026/09/20 20:26:00.296, 2, 100 %, 7 %, 35270 MiB, 91.89 W
2026/09/20 20:26:05.296, 0, 100 %, 7 %, 35270 MiB, 101.53 W
2026/09/20 20:26:05.297, 1, 100 %, 7 %, 35270 MiB, 97.71 W
2026/09/20 20:26:05.297, 2, 100 %, 7 %, 35270 MiB, 88.91 W
2026/09/20 20:26:10.297, 0, 100 %, 7 %, 35270 MiB, 95.06 W
2026/09/20 20:26:10.297, 1, 100 %, 7 %, 35270 MiB, 91.62 W
2026/09/20 20:26:10.297, 2, 100 %, 7 %, 35270 MiB, 93.98 W
2026/09/20 20:26:15.298, 0, 100 %, 7 %, 35270 MiB, 97.29 W
2026/09/20 20:26:15.298, 1, 100 %, 6 %, 35270 MiB, 97.69 W
2026/09/20 20:26:15.298, 2, 100 %, 7 %, 35270 MiB, 95.19 W
2026/09/20 20:26:20.298, 0, 100 %, 7 %, 35270 MiB, 137.83 W
2026/09/20 20:26:20.299, 1, 100 %, 7 %, 35270 MiB, 91.08 W
2026/09/20 20:26:20.299, 2, 100 %, 7 %, 35270 MiB, 95.12 W
2026/09/20 20:26:25.299, 0, 100 %, 7 %, 35270 MiB, 97.23 W
2026/09/20 20:26:25.299, 1, 100 %, 7 %, 35270 MiB, 93.31 W
2026/09/20 20:26:25.299, 2, 100 %, 7 %, 35270 MiB, 90.21 W
2026/09/20 20:26:30.300, 0, 100 %, 7 %, 35270 MiB, 96.01 W
2026/09/20 20:26:30.300, 1, 100 %, 7 %, 35270 MiB, 91.39 W
2026/09/20 20:26:30.300, 2, 100 %, 7 %, 35270 MiB, 96.31 W
2026/09/20 20:26:35.300, 0, 100 %, 6 %, 35270 MiB, 102.01 W
2026/09/20 20:26:35.300, 1, 100 %, 7 %, 35270 MiB, 94.04 W
2026/09/20 20:26:35.301, 2, 100 %, 7 %, 35270 MiB, 96.89 W
2026/09/20 20:26:40.301, 0, 100 %, 7 %, 35270 MiB, 96.13 W
2026/09/20 20:26:40.301, 1, 100 %, 7 %, 35270 MiB, 92.42 W
2026/09/20 20:26:40.301, 2, 100 %, 6 %, 35270 MiB, 96.40 W
2026/09/20 20:26:45.301, 0, 100 %, 7 %, 35270 MiB, 99.01 W
2026/09/20 20:26:45.301, 1, 100 %, 7 %, 35270 MiB, 98.93 W
2026/09/20 20:26:45.302, 2, 100 %, 7 %, 35270 MiB, 96.51 W
2026/09/20 20:26:50.302, 0, 100 %, 7 %, 35270 MiB, 95.93 W
2026/09/20 20:26:50.303, 1, 100 %, 7 %, 35270 MiB, 98.95 W
2026/09/20 20:26:50.303, 2, 100 %, 7 %, 35270 MiB, 93.72 W
2026/09/20 20:26:55.303, 0, 100 %, 7 %, 35270 MiB, 100.22 W
2026/09/20 20:26:55.303, 1, 100 %, 7 %, 35270 MiB, 99.14 W
2026/09/20 20:26:55.303, 2, 100 %, 11 %, 35270 MiB, 96.28 W
2026/09/20 20:27:00.304, 0, 100 %, 7 %, 35270 MiB, 99.82 W
2026/09/20 20:27:00.304, 1, 100 %, 7 %, 35270 MiB, 96.24 W
2026/09/20 20:27:00.304, 2, 100 %, 6 %, 35270 MiB, 95.57 W
2026/09/20 20:27:05.304, 0, 100 %, 7 %, 35270 MiB, 98.09 W
2026/09/20 20:27:05.305, 1, 100 %, 7 %, 35270 MiB, 95.70 W
2026/09/20 20:27:05.305, 2, 100 %, 7 %, 35270 MiB, 101.75 W
2026/09/20 20:27:10.305, 0, 100 %, 7 %, 35270 MiB, 100.72 W
2026/09/20 20:27:10.305, 1, 100 %, 11 %, 35270 MiB, 93.41 W
2026/09/20 20:27:10.305, 2, 100 %, 7 %, 35270 MiB, 96.88 W
2026/09/20 20:27:15.306, 0, 100 %, 7 %, 35270 MiB, 97.81 W
2026/09/20 20:27:15.306, 1, 100 %, 7 %, 35270 MiB, 96.91 W
2026/09/20 20:27:15.306, 2, 100 %, 6 %, 35270 MiB, 98.59 W
2026/09/20 20:27:20.307, 0, 100 %, 7 %, 35270 MiB, 102.65 W
2026/09/20 20:27:20.307, 1, 100 %, 6 %, 35270 MiB, 101.75 W
2026/09/20 20:27:20.307, 2, 100 %, 7 %, 35270 MiB, 100.17 W
2026/09/20 20:27:25.307, 0, 100 %, 7 %, 35270 MiB, 98.37 W
2026/09/20 20:27:25.307, 1, 100 %, 7 %, 35270 MiB, 96.83 W
2026/09/20 20:27:25.307, 2, 100 %, 6 %, 35270 MiB, 104.64 W
2026/09/20 20:27:30.308, 0, 100 %, 11 %, 35270 MiB, 101.35 W
2026/09/20 20:27:30.308, 1, 100 %, 11 %, 35270 MiB, 158.84 W
2026/09/20 20:27:30.308, 2, 100 %, 7 %, 35270 MiB, 100.61 W
2026/09/20 20:27:35.309, 0, 100 %, 7 %, 35270 MiB, 107.24 W
2026/09/20 20:27:35.309, 1, 100 %, 7 %, 35270 MiB, 103.11 W
2026/09/20 20:27:35.309, 2, 100 %, 6 %, 35270 MiB, 98.96 W
2026/09/20 20:27:40.309, 0, 100 %, 7 %, 35270 MiB, 100.90 W
2026/09/20 20:27:40.309, 1, 100 %, 7 %, 35270 MiB, 96.09 W
2026/09/20 20:27:40.309, 2, 100 %, 7 %, 35270 MiB, 101.02 W
2026/09/20 20:27:45.310, 0, 100 %, 6 %, 35270 MiB, 163.65 W
2026/09/20 20:27:45.310, 1, 100 %, 7 %, 35270 MiB, 100.13 W
2026/09/20 20:27:45.310, 2, 100 %, 7 %, 35270 MiB, 98.83 W
2026/09/20 20:27:50.310, 0, 100 %, 7 %, 35270 MiB, 96.06 W
2026/09/20 20:27:50.311, 1, 100 %, 7 %, 35270 MiB, 95.06 W
2026/09/20 20:27:50.311, 2, 100 %, 7 %, 35270 MiB, 99.75 W
2026/09/20 20:27:55.311, 0, 100 %, 10 %, 35270 MiB, 97.82 W
2026/09/20 20:27:55.311, 1, 100 %, 7 %, 35270 MiB, 101.16 W
2026/09/20 20:27:55.311, 2, 100 %, 7 %, 35270 MiB, 93.60 W
2026/09/20 20:28:00.312, 0, 100 %, 7 %, 35270 MiB, 97.74 W
2026/09/20 20:28:00.312, 1, 100 %, 7 %, 35270 MiB, 102.09 W
2026/09/20 20:28:00.312, 2, 100 %, 7 %, 35270 MiB, 94.53 W
2026/09/20 20:28:05.313, 0, 100 %, 11 %, 35270 MiB, 96.21 W
2026/09/20 20:28:05.313, 1, 100 %, 11 %, 35270 MiB, 174.25 W
2026/09/20 20:28:05.313, 2, 100 %, 7 %, 35270 MiB, 148.70 W
2026/09/20 20:28:10.314, 0, 100 %, 11 %, 35270 MiB, 98.35 W
2026/09/20 20:28:10.314, 1, 100 %, 7 %, 35270 MiB, 97.53 W
2026/09/20 20:28:10.314, 2, 100 %, 7 %, 35270 MiB, 96.01 W
2026/09/20 20:28:15.314, 0, 100 %, 7 %, 35270 MiB, 115.40 W
2026/09/20 20:28:15.314, 1, 100 %, 11 %, 35270 MiB, 160.19 W
2026/09/20 20:28:15.315, 2, 100 %, 7 %, 35270 MiB, 100.67 W
2026/09/20 20:28:20.315, 0, 100 %, 7 %, 35270 MiB, 96.78 W
2026/09/20 20:28:20.315, 1, 100 %, 7 %, 35270 MiB, 98.76 W
2026/09/20 20:28:20.315, 2, 100 %, 11 %, 35270 MiB, 94.56 W
2026/09/20 20:28:25.316, 0, 100 %, 11 %, 35270 MiB, 99.18 W
2026/09/20 20:28:25.316, 1, 100 %, 11 %, 35270 MiB, 98.98 W
2026/09/20 20:28:25.316, 2, 100 %, 10 %, 35270 MiB, 99.52 W
2026/09/20 20:28:30.316, 0, 0 %, 0 %, 35270 MiB, 71.60 W
2026/09/20 20:28:30.317, 1, 100 %, 6 %, 35270 MiB, 99.55 W
2026/09/20 20:28:30.317, 2, 94 %, 6 %, 35270 MiB, 84.84 W
2026/09/20 20:28:35.317, 0, 0 %, 0 %, 35270 MiB, 44.55 W
2026/09/20 20:28:35.317, 1, 0 %, 0 %, 35270 MiB, 44.22 W
2026/09/20 20:28:35.317, 2, 0 %, 0 %, 35270 MiB, 42.75 W
2026/09/20 20:28:40.322, 0, 0 %, 0 %, 35270 MiB, 44.29 W
2026/09/20 20:28:40.322, 1, 0 %, 0 %, 35270 MiB, 43.48 W
2026/09/20 20:28:40.322, 2, 0 %, 0 %, 35270 MiB, 42.70 W
2026/09/20 20:28:45.324, 0, 0 %, 0 %, 35270 MiB, 44.00 W
2026/09/20 20:28:45.324, 1, 0 %, 0 %, 35270 MiB, 43.38 W
2026/09/20 20:28:45.325, 2, 0 %, 0 %, 35270 MiB, 42.31 W
2026/09/20 20:28:50.326, 0, 0 %, 0 %, 35270 MiB, 43.31 W
2026/09/20 20:28:50.326, 1, 0 %, 0 %, 35270 MiB, 42.80 W
2026/09/20 20:28:50.326, 2, 0 %, 0 %, 35270 MiB, 41.72 W
2026/09/20 20:28:55.333, 0, 0 %, 0 %, 35270 MiB, 42.80 W
2026/09/20 20:28:55.333, 1, 0 %, 0 %, 35270 MiB, 42.39 W
2026/09/20 20:28:55.334, 2, 0 %, 0 %, 35270 MiB, 41.22 W
2026/09/20 20:29:00.335, 0, 0 %, 0 %, 35270 MiB, 42.90 W
2026/09/20 20:29:00.335, 1, 0 %, 0 %, 35270 MiB, 41.99 W
2026/09/20 20:29:00.335, 2, 0 %, 0 %, 35270 MiB, 40.92 W
2026/09/20 20:29:05.337, 0, 0 %, 0 %, 35270 MiB, 42.41 W
2026/09/20 20:29:05.337, 1, 0 %, 0 %, 35270 MiB, 41.70 W
2026/09/20 20:29:05.337, 2, 0 %, 0 %, 35270 MiB, 40.43 W
2026/09/20 20:29:10.339, 0, 0 %, 0 %, 35270 MiB, 42.22 W
2026/09/20 20:29:10.339, 1, 0 %, 0 %, 35270 MiB, 41.58 W
2026/09/20 20:29:10.339, 2, 0 %, 0 %, 35270 MiB, 40.22 W
2026/09/20 20:29:15.341, 0, 0 %, 0 %, 35270 MiB, 42.03 W
2026/09/20 20:29:15.341, 1, 0 %, 0 %, 35270 MiB, 41.31 W
2026/09/20 20:29:15.341, 2, 0 %, 0 %, 35270 MiB, 40.03 W
2026/09/20 20:29:20.343, 0, 0 %, 0 %, 35270 MiB, 41.93 W
2026/09/20 20:29:20.343, 1, 0 %, 0 %, 35270 MiB, 41.10 W
2026/09/20 20:29:20.343, 2, 0 %, 0 %, 35270 MiB, 39.93 W
2026/09/20 20:29:25.355, 0, 0 %, 0 %, 35270 MiB, 41.85 W
2026/09/20 20:29:25.355, 1, 0 %, 0 %, 35270 MiB, 41.00 W
2026/09/20 20:29:25.355, 2, 0 %, 0 %, 35270 MiB, 39.84 W
2026/09/20 20:29:30.356, 0, 0 %, 0 %, 35270 MiB, 41.74 W
2026/09/20 20:29:30.357, 1, 0 %, 0 %, 35270 MiB, 40.90 W
2026/09/20 20:29:30.357, 2, 0 %, 0 %, 35270 MiB, 39.72 W
2026/09/20 20:29:35.358, 0, 0 %, 0 %, 35270 MiB, 41.43 W
2026/09/20 20:29:35.358, 1, 0 %, 0 %, 35270 MiB, 40.71 W
2026/09/20 20:29:35.358, 2, 0 %, 0 %, 35270 MiB, 39.92 W
2026/09/20 20:29:40.358, 0, 0 %, 0 %, 35270 MiB, 41.53 W
2026/09/20 20:29:40.359, 1, 0 %, 0 %, 35270 MiB, 40.44 W
2026/09/20 20:29:40.359, 2, 0 %, 0 %, 35270 MiB, 39.54 W
2026/09/20 20:29:45.360, 0, 0 %, 0 %, 35270 MiB, 41.33 W
2026/09/20 20:29:45.361, 1, 0 %, 0 %, 35270 MiB, 40.32 W
2026/09/20 20:29:45.361, 2, 0 %, 0 %, 35270 MiB, 39.33 W
2026/09/20 20:29:50.361, 0, 0 %, 0 %, 35270 MiB, 40.94 W
2026/09/20 20:29:50.362, 1, 0 %, 0 %, 35270 MiB, 40.22 W
2026/09/20 20:29:50.362, 2, 0 %, 0 %, 35270 MiB, 39.23 W
2026/09/20 20:29:55.363, 0, 0 %, 0 %, 35270 MiB, 40.55 W
2026/09/20 20:29:55.363, 1, 0 %, 0 %, 35270 MiB, 40.03 W
2026/09/20 20:29:55.364, 2, 0 %, 0 %, 35270 MiB, 39.15 W
2026/09/20 20:30:00.365, 0, 0 %, 0 %, 35270 MiB, 40.76 W
2026/09/20 20:30:00.365, 1, 0 %, 0 %, 35270 MiB, 40.02 W
2026/09/20 20:30:00.366, 2, 0 %, 0 %, 35270 MiB, 38.96 W
2026/09/20 20:30:05.366, 0, 0 %, 0 %, 35270 MiB, 40.74 W
2026/09/20 20:30:05.367, 1, 0 %, 0 %, 35270 MiB, 40.15 W
2026/09/20 20:30:05.367, 2, 0 %, 0 %, 35270 MiB, 38.85 W
2026/09/20 20:30:10.368, 0, 0 %, 0 %, 35270 MiB, 40.98 W
2026/09/20 20:30:10.368, 1, 0 %, 0 %, 35270 MiB, 39.84 W
2026/09/20 20:30:10.368, 2, 0 %, 0 %, 35270 MiB, 38.85 W
2026/09/20 20:30:15.369, 0, 0 %, 0 %, 35270 MiB, 40.65 W
2026/09/20 20:30:15.370, 1, 0 %, 0 %, 35270 MiB, 39.94 W
2026/09/20 20:30:15.370, 2, 0 %, 0 %, 35270 MiB, 38.75 W
2026/09/20 20:30:20.371, 0, 0 %, 0 %, 35270 MiB, 40.67 W
2026/09/20 20:30:20.371, 1, 0 %, 0 %, 35270 MiB, 39.84 W
2026/09/20 20:30:20.371, 2, 0 %, 0 %, 35270 MiB, 38.75 W
2026/09/20 20:30:25.373, 0, 0 %, 0 %, 35270 MiB, 40.57 W
2026/09/20 20:30:25.373, 1, 0 %, 0 %, 35270 MiB, 39.87 W
2026/09/20 20:30:25.373, 2, 0 %, 0 %, 35270 MiB, 38.75 W
2026/09/20 20:30:30.374, 0, 0 %, 0 %, 35270 MiB, 40.59 W
2026/09/20 20:30:30.375, 1, 0 %, 0 %, 35270 MiB, 39.87 W
2026/09/20 20:30:30.375, 2, 0 %, 0 %, 35270 MiB, 38.76 W
2026/09/20 20:30:35.375, 0, 0 %, 0 %, 35270 MiB, 40.59 W
2026/09/20 20:30:35.375, 1, 0 %, 0 %, 35270 MiB, 39.77 W
2026/09/20 20:30:35.375, 2, 0 %, 0 %, 35270 MiB, 38.77 W
2026/09/20 20:30:40.376, 0, 0 %, 0 %, 35270 MiB, 40.56 W
2026/09/20 20:30:40.377, 1, 0 %, 0 %, 35270 MiB, 39.63 W
2026/09/20 20:30:40.377, 2, 0 %, 0 %, 35270 MiB, 38.66 W
2026/09/20 20:30:45.377, 0, 0 %, 0 %, 35270 MiB, 40.48 W
2026/09/20 20:30:45.378, 1, 0 %, 0 %, 35270 MiB, 39.53 W
2026/09/20 20:30:45.378, 2, 0 %, 0 %, 35270 MiB, 38.75 W
2026/09/20 20:30:50.379, 0, 0 %, 0 %, 35270 MiB, 40.47 W
2026/09/20 20:30:50.379, 1, 0 %, 0 %, 35270 MiB, 39.44 W
2026/09/20 20:30:50.379, 2, 0 %, 0 %, 35270 MiB, 39.05 W
2026/09/20 20:30:55.380, 0, 0 %, 0 %, 35270 MiB, 40.16 W
2026/09/20 20:30:55.380, 1, 0 %, 0 %, 35270 MiB, 39.35 W
2026/09/20 20:30:55.380, 2, 0 %, 0 %, 35270 MiB, 38.86 W
2026/09/20 20:31:00.382, 0, 0 %, 0 %, 35270 MiB, 39.67 W
2026/09/20 20:31:00.382, 1, 0 %, 0 %, 35270 MiB, 39.24 W
2026/09/20 20:31:00.382, 2, 0 %, 0 %, 35270 MiB, 38.75 W
2026/09/20 20:31:05.384, 0, 0 %, 0 %, 35270 MiB, 40.04 W
2026/09/20 20:31:05.384, 1, 0 %, 0 %, 35270 MiB, 39.22 W
2026/09/20 20:31:05.384, 2, 0 %, 0 %, 35270 MiB, 38.44 W
2026/09/20 20:31:10.386, 0, 0 %, 0 %, 35270 MiB, 39.83 W
2026/09/20 20:31:10.386, 1, 0 %, 0 %, 35270 MiB, 39.80 W
2026/09/20 20:31:10.387, 2, 0 %, 0 %, 35270 MiB, 38.41 W
2026/09/20 20:31:15.387, 0, 0 %, 0 %, 35270 MiB, 39.73 W
2026/09/20 20:31:15.388, 1, 0 %, 0 %, 35270 MiB, 39.89 W
2026/09/20 20:31:15.388, 2, 0 %, 0 %, 35270 MiB, 38.33 W
2026/09/20 20:31:20.388, 0, 0 %, 0 %, 35270 MiB, 39.82 W
2026/09/20 20:31:20.389, 1, 0 %, 0 %, 35270 MiB, 39.69 W
2026/09/20 20:31:20.389, 2, 0 %, 0 %, 35270 MiB, 38.33 W
2026/09/20 20:31:25.390, 0, 0 %, 0 %, 35270 MiB, 39.84 W
2026/09/20 20:31:25.390, 1, 0 %, 0 %, 35270 MiB, 39.62 W
2026/09/20 20:31:25.390, 2, 0 %, 0 %, 35270 MiB, 38.24 W
2026/09/20 20:31:30.392, 0, 0 %, 0 %, 35270 MiB, 39.74 W
2026/09/20 20:31:30.393, 1, 0 %, 0 %, 35270 MiB, 39.72 W
2026/09/20 20:31:30.393, 2, 0 %, 0 %, 35270 MiB, 38.25 W
2026/09/20 20:31:35.393, 0, 0 %, 0 %, 35270 MiB, 39.85 W
2026/09/20 20:31:35.394, 1, 0 %, 0 %, 35270 MiB, 39.73 W
2026/09/20 20:31:35.394, 2, 0 %, 0 %, 35270 MiB, 38.36 W
2026/09/20 20:31:40.395, 0, 0 %, 0 %, 35270 MiB, 39.74 W
2026/09/20 20:31:40.396, 1, 0 %, 0 %, 35270 MiB, 39.72 W
2026/09/20 20:31:40.396, 2, 0 %, 0 %, 35270 MiB, 38.44 W
2026/09/20 20:31:45.402, 0, 0 %, 0 %, 35270 MiB, 39.83 W
2026/09/20 20:31:45.402, 1, 0 %, 0 %, 35270 MiB, 39.60 W
2026/09/20 20:31:45.402, 2, 0 %, 0 %, 35270 MiB, 38.33 W
2026/09/20 20:31:50.404, 0, 0 %, 0 %, 35270 MiB, 39.65 W
2026/09/20 20:31:50.405, 1, 0 %, 0 %, 35270 MiB, 39.61 W
2026/09/20 20:31:50.405, 2, 0 %, 0 %, 35270 MiB, 38.36 W
2026/09/20 20:31:55.405, 0, 0 %, 0 %, 35270 MiB, 39.94 W
2026/09/20 20:31:55.405, 1, 0 %, 0 %, 35270 MiB, 39.22 W
2026/09/20 20:31:55.405, 2, 0 %, 0 %, 35270 MiB, 38.24 W
2026/09/20 20:32:00.406, 0, 0 %, 0 %, 35270 MiB, 39.84 W
2026/09/20 20:32:00.407, 1, 0 %, 0 %, 35270 MiB, 39.22 W
2026/09/20 20:32:00.407, 2, 0 %, 0 %, 35270 MiB, 38.14 W
2026/09/20 20:32:05.407, 0, 0 %, 0 %, 35270 MiB, 39.78 W
2026/09/20 20:32:05.408, 1, 0 %, 0 %, 35270 MiB, 39.27 W
2026/09/20 20:32:05.408, 2, 0 %, 0 %, 35270 MiB, 38.07 W
2026/09/20 20:32:10.408, 0, 0 %, 0 %, 35270 MiB, 39.67 W
2026/09/20 20:32:10.409, 1, 0 %, 0 %, 35270 MiB, 39.24 W
2026/09/20 20:32:10.409, 2, 0 %, 0 %, 35270 MiB, 37.87 W
2026/09/20 20:32:15.409, 0, 0 %, 0 %, 35270 MiB, 39.65 W
2026/09/20 20:32:15.410, 1, 0 %, 0 %, 35270 MiB, 39.11 W
2026/09/20 20:32:15.410, 2, 0 %, 0 %, 35270 MiB, 37.93 W
2026/09/20 20:32:20.410, 0, 0 %, 0 %, 35270 MiB, 39.74 W
2026/09/20 20:32:20.411, 1, 0 %, 0 %, 35270 MiB, 39.12 W
2026/09/20 20:32:20.411, 2, 0 %, 0 %, 35270 MiB, 37.96 W
2026/09/20 20:32:25.412, 0, 0 %, 0 %, 35270 MiB, 39.63 W
2026/09/20 20:32:25.412, 1, 0 %, 0 %, 35270 MiB, 39.21 W
2026/09/20 20:32:25.412, 2, 0 %, 0 %, 35270 MiB, 37.94 W
2026/09/20 20:32:30.414, 0, 0 %, 0 %, 35270 MiB, 39.73 W
2026/09/20 20:32:30.414, 1, 0 %, 0 %, 35270 MiB, 39.21 W
2026/09/20 20:32:30.415, 2, 0 %, 0 %, 35270 MiB, 37.94 W
2026/09/20 20:32:35.416, 0, 0 %, 0 %, 35270 MiB, 39.63 W
2026/09/20 20:32:35.416, 1, 0 %, 0 %, 35270 MiB, 39.22 W
2026/09/20 20:32:35.416, 2, 0 %, 0 %, 35270 MiB, 37.94 W
2026/09/20 20:32:40.417, 0, 0 %, 0 %, 35270 MiB, 39.74 W
2026/09/20 20:32:40.418, 1, 0 %, 0 %, 35270 MiB, 39.31 W
2026/09/20 20:32:40.418, 2, 0 %, 0 %, 35270 MiB, 37.85 W
2026/09/20 20:32:45.419, 0, 0 %, 0 %, 35270 MiB, 39.63 W
2026/09/20 20:32:45.420, 1, 0 %, 0 %, 35270 MiB, 39.49 W
2026/09/20 20:32:45.420, 2, 0 %, 0 %, 35270 MiB, 38.04 W
2026/09/20 20:32:50.430, 0, 0 %, 0 %, 35270 MiB, 39.77 W
2026/09/20 20:32:50.431, 1, 0 %, 0 %, 35270 MiB, 39.34 W
2026/09/20 20:32:50.431, 2, 0 %, 0 %, 35270 MiB, 37.97 W
2026/09/20 20:32:55.432, 0, 0 %, 0 %, 35270 MiB, 39.86 W
2026/09/20 20:32:55.432, 1, 0 %, 0 %, 35270 MiB, 38.95 W
2026/09/20 20:32:55.432, 2, 0 %, 0 %, 35270 MiB, 37.87 W
2026/09/20 20:33:00.434, 0, 0 %, 0 %, 35270 MiB, 39.63 W
2026/09/20 20:33:00.435, 1, 0 %, 0 %, 35270 MiB, 39.00 W
2026/09/20 20:33:00.435, 2, 0 %, 0 %, 35270 MiB, 37.92 W
2026/09/20 20:33:05.436, 0, 0 %, 0 %, 35270 MiB, 39.73 W
2026/09/20 20:33:05.436, 1, 0 %, 0 %, 35270 MiB, 39.09 W
2026/09/20 20:33:05.436, 2, 0 %, 0 %, 35270 MiB, 37.94 W
2026/09/20 20:33:10.438, 0, 0 %, 0 %, 35270 MiB, 39.53 W
2026/09/20 20:33:10.439, 1, 0 %, 0 %, 35270 MiB, 39.02 W
2026/09/20 20:33:10.439, 2, 0 %, 0 %, 35270 MiB, 37.94 W
2026/09/20 20:33:15.440, 0, 0 %, 0 %, 35270 MiB, 39.57 W
2026/09/20 20:33:15.440, 1, 0 %, 0 %, 35270 MiB, 38.95 W
2026/09/20 20:33:15.441, 2, 0 %, 0 %, 35270 MiB, 37.67 W
2026/09/20 20:33:20.442, 0, 0 %, 0 %, 35270 MiB, 39.45 W
2026/09/20 20:33:20.443, 1, 0 %, 0 %, 35270 MiB, 39.12 W
2026/09/20 20:33:20.443, 2, 0 %, 0 %, 35270 MiB, 37.85 W
2026/09/20 20:33:25.444, 0, 0 %, 0 %, 35270 MiB, 39.40 W
2026/09/20 20:33:25.444, 1, 0 %, 0 %, 35270 MiB, 38.97 W
2026/09/20 20:33:25.444, 2, 0 %, 0 %, 35270 MiB, 37.70 W
2026/09/20 20:33:30.445, 0, 0 %, 0 %, 35270 MiB, 39.40 W
2026/09/20 20:33:30.445, 1, 0 %, 0 %, 35270 MiB, 38.97 W
2026/09/20 20:33:30.445, 2, 0 %, 0 %, 35270 MiB, 37.70 W
2026/09/20 20:33:35.446, 0, 0 %, 0 %, 35270 MiB, 39.47 W
2026/09/20 20:33:35.446, 1, 0 %, 0 %, 35270 MiB, 38.97 W
2026/09/20 20:33:35.447, 2, 0 %, 0 %, 35270 MiB, 37.58 W
2026/09/20 20:33:40.447, 0, 0 %, 0 %, 35270 MiB, 39.46 W
2026/09/20 20:33:40.448, 1, 0 %, 0 %, 35270 MiB, 39.06 W
2026/09/20 20:33:40.448, 2, 0 %, 0 %, 35270 MiB, 37.79 W
2026/09/20 20:33:45.449, 0, 0 %, 0 %, 35270 MiB, 39.46 W
2026/09/20 20:33:45.449, 1, 0 %, 0 %, 35270 MiB, 38.85 W
2026/09/20 20:33:45.449, 2, 0 %, 0 %, 35270 MiB, 37.67 W
2026/09/20 20:33:50.450, 0, 0 %, 0 %, 35270 MiB, 39.68 W
2026/09/20 20:33:50.451, 1, 0 %, 0 %, 35270 MiB, 38.95 W
2026/09/20 20:33:50.451, 2, 0 %, 0 %, 35270 MiB, 37.77 W
2026/09/20 20:33:55.451, 0, 0 %, 0 %, 35270 MiB, 39.56 W
2026/09/20 20:33:55.452, 1, 0 %, 0 %, 35270 MiB, 39.05 W
2026/09/20 20:33:55.452, 2, 0 %, 0 %, 35270 MiB, 37.77 W
2026/09/20 20:34:00.453, 0, 0 %, 0 %, 35270 MiB, 39.45 W
2026/09/20 20:34:00.453, 1, 0 %, 0 %, 35270 MiB, 38.83 W
2026/09/20 20:34:00.453, 2, 0 %, 0 %, 35270 MiB, 37.94 W
2026/09/20 20:34:05.454, 0, 0 %, 0 %, 35270 MiB, 39.57 W
2026/09/20 20:34:05.455, 1, 0 %, 0 %, 35270 MiB, 38.83 W
2026/09/20 20:34:05.455, 2, 0 %, 0 %, 35270 MiB, 37.86 W
2026/09/20 20:34:10.455, 0, 0 %, 0 %, 35270 MiB, 39.66 W
2026/09/20 20:34:10.456, 1, 0 %, 0 %, 35270 MiB, 38.75 W
2026/09/20 20:34:10.456, 2, 0 %, 0 %, 35270 MiB, 37.87 W
2026/09/20 20:34:15.456, 0, 0 %, 0 %, 35270 MiB, 39.50 W
2026/09/20 20:34:15.457, 1, 0 %, 0 %, 35270 MiB, 39.07 W
2026/09/20 20:34:15.457, 2, 0 %, 0 %, 35270 MiB, 37.80 W
2026/09/20 20:34:20.457, 0, 0 %, 0 %, 35270 MiB, 39.38 W
2026/09/20 20:34:20.458, 1, 0 %, 0 %, 35270 MiB, 38.85 W
2026/09/20 20:34:20.458, 2, 0 %, 0 %, 35270 MiB, 37.87 W
2026/09/20 20:34:25.459, 0, 0 %, 0 %, 35270 MiB, 39.46 W
2026/09/20 20:34:25.459, 1, 0 %, 0 %, 35270 MiB, 38.84 W
2026/09/20 20:34:25.459, 2, 0 %, 0 %, 35270 MiB, 37.77 W
2026/09/20 20:34:30.460, 0, 0 %, 0 %, 35270 MiB, 39.60 W
2026/09/20 20:34:30.461, 1, 0 %, 0 %, 35270 MiB, 38.88 W
2026/09/20 20:34:30.461, 2, 0 %, 0 %, 35270 MiB, 37.70 W
2026/09/20 20:34:35.462, 0, 0 %, 0 %, 35270 MiB, 39.40 W
2026/09/20 20:34:35.462, 1, 0 %, 0 %, 35270 MiB, 38.97 W
2026/09/20 20:34:35.463, 2, 0 %, 0 %, 35270 MiB, 37.56 W
2026/09/20 20:34:40.464, 0, 0 %, 0 %, 35270 MiB, 39.46 W
2026/09/20 20:34:40.465, 1, 0 %, 0 %, 35270 MiB, 38.94 W
2026/09/20 20:34:40.465, 2, 0 %, 0 %, 35270 MiB, 37.87 W
2026/09/20 20:34:45.465, 0, 0 %, 0 %, 35270 MiB, 39.19 W
2026/09/20 20:34:45.466, 1, 0 %, 0 %, 35270 MiB, 38.95 W
2026/09/20 20:34:45.466, 2, 0 %, 0 %, 35270 MiB, 37.69 W
2026/09/20 20:34:50.467, 0, 0 %, 0 %, 35270 MiB, 39.67 W
2026/09/20 20:34:50.467, 1, 0 %, 0 %, 35270 MiB, 38.95 W
2026/09/20 20:34:50.467, 2, 0 %, 0 %, 35270 MiB, 37.87 W
2026/09/20 20:34:55.468, 0, 0 %, 0 %, 35270 MiB, 39.50 W
2026/09/20 20:34:55.468, 1, 0 %, 0 %, 35270 MiB, 39.07 W
2026/09/20 20:34:55.468, 2, 0 %, 0 %, 35270 MiB, 37.70 W
2026/09/20 20:35:00.469, 0, 0 %, 0 %, 35270 MiB, 39.56 W
2026/09/20 20:35:00.470, 1, 0 %, 0 %, 35270 MiB, 39.24 W
2026/09/20 20:35:00.470, 2, 0 %, 0 %, 35270 MiB, 37.96 W
2026/09/20 20:35:05.471, 0, 0 %, 0 %, 35270 MiB, 39.56 W
2026/09/20 20:35:05.471, 1, 0 %, 0 %, 35270 MiB, 38.93 W
2026/09/20 20:35:05.471, 2, 0 %, 0 %, 35270 MiB, 37.77 W
2026/09/20 20:35:10.472, 0, 0 %, 0 %, 35270 MiB, 39.57 W
2026/09/20 20:35:10.472, 1, 0 %, 0 %, 35270 MiB, 38.95 W
2026/09/20 20:35:10.472, 2, 0 %, 0 %, 35270 MiB, 37.67 W
2026/09/20 20:35:15.473, 0, 0 %, 0 %, 35270 MiB, 39.50 W
2026/09/20 20:35:15.473, 1, 0 %, 0 %, 35270 MiB, 38.88 W
2026/09/20 20:35:15.474, 2, 0 %, 0 %, 35270 MiB, 37.89 W
2026/09/20 20:35:20.475, 0, 0 %, 0 %, 35270 MiB, 39.60 W
2026/09/20 20:35:20.475, 1, 0 %, 0 %, 35270 MiB, 38.88 W
2026/09/20 20:35:20.475, 2, 0 %, 0 %, 35270 MiB, 37.89 W
2026/09/20 20:35:25.476, 0, 0 %, 0 %, 35270 MiB, 39.61 W
2026/09/20 20:35:25.476, 1, 0 %, 0 %, 35270 MiB, 38.88 W
2026/09/20 20:35:25.477, 2, 0 %, 0 %, 35270 MiB, 37.80 W
2026/09/20 20:35:30.478, 0, 0 %, 0 %, 35270 MiB, 39.46 W
2026/09/20 20:35:30.478, 1, 0 %, 0 %, 35270 MiB, 38.93 W
2026/09/20 20:35:30.479, 2, 0 %, 0 %, 35270 MiB, 37.77 W
2026/09/20 20:35:35.479, 0, 0 %, 0 %, 35270 MiB, 39.47 W
2026/09/20 20:35:35.479, 1, 0 %, 0 %, 35270 MiB, 38.85 W
2026/09/20 20:35:35.479, 2, 0 %, 0 %, 35270 MiB, 37.87 W
2026/09/20 20:35:40.479, 0, 0 %, 0 %, 35270 MiB, 39.39 W
2026/09/20 20:35:40.480, 1, 0 %, 0 %, 35270 MiB, 38.96 W
2026/09/20 20:35:40.480, 2, 0 %, 0 %, 35270 MiB, 37.69 W
2026/09/20 20:35:45.481, 0, 0 %, 0 %, 35270 MiB, 39.60 W
2026/09/20 20:35:45.481, 1, 0 %, 0 %, 35270 MiB, 39.07 W
2026/09/20 20:35:45.481, 2, 0 %, 0 %, 35270 MiB, 37.70 W
2026/09/20 20:35:50.482, 0, 0 %, 0 %, 35270 MiB, 39.47 W
2026/09/20 20:35:50.483, 1, 0 %, 0 %, 35270 MiB, 38.94 W
2026/09/20 20:35:50.483, 2, 0 %, 0 %, 35270 MiB, 37.67 W
2026/09/20 20:35:55.484, 0, 0 %, 0 %, 35270 MiB, 39.56 W
2026/09/20 20:35:55.485, 1, 0 %, 0 %, 35270 MiB, 39.04 W
2026/09/20 20:35:55.485, 2, 0 %, 0 %, 35270 MiB, 37.87 W
2026/09/20 20:36:00.485, 0, 0 %, 0 %, 35270 MiB, 39.65 W
2026/09/20 20:36:00.486, 1, 0 %, 0 %, 35270 MiB, 39.05 W
2026/09/20 20:36:00.486, 2, 0 %, 0 %, 35270 MiB, 37.87 W
2026/09/20 20:36:05.487, 0, 0 %, 0 %, 35270 MiB, 39.56 W
2026/09/20 20:36:05.487, 1, 0 %, 0 %, 35270 MiB, 39.13 W
2026/09/20 20:36:05.488, 2, 0 %, 0 %, 35270 MiB, 37.87 W
2026/09/20 20:36:10.497, 0, 0 %, 0 %, 35270 MiB, 39.56 W
2026/09/20 20:36:10.498, 1, 0 %, 0 %, 35270 MiB, 39.04 W
2026/09/20 20:36:10.498, 2, 0 %, 0 %, 35270 MiB, 37.77 W
2026/09/20 20:36:15.498, 0, 0 %, 0 %, 35270 MiB, 39.57 W
2026/09/20 20:36:15.499, 1, 0 %, 0 %, 35270 MiB, 38.85 W
2026/09/20 20:36:15.499, 2, 0 %, 0 %, 35270 MiB, 37.77 W
2026/09/20 20:36:20.500, 0, 0 %, 0 %, 35270 MiB, 39.74 W
2026/09/20 20:36:20.500, 1, 0 %, 0 %, 35270 MiB, 38.84 W
2026/09/20 20:36:20.500, 2, 0 %, 0 %, 35270 MiB, 37.75 W
2026/09/20 20:36:25.501, 0, 0 %, 0 %, 35270 MiB, 39.56 W
2026/09/20 20:36:25.501, 1, 0 %, 0 %, 35270 MiB, 38.95 W
2026/09/20 20:36:25.502, 2, 0 %, 0 %, 35270 MiB, 37.77 W
2026/09/20 20:36:30.503, 0, 0 %, 0 %, 35270 MiB, 39.44 W
2026/09/20 20:36:30.503, 1, 0 %, 0 %, 35270 MiB, 38.82 W
2026/09/20 20:36:30.504, 2, 0 %, 0 %, 35270 MiB, 37.83 W
2026/09/20 20:36:35.505, 0, 0 %, 0 %, 35270 MiB, 39.35 W
2026/09/20 20:36:35.505, 1, 0 %, 0 %, 35270 MiB, 38.83 W
2026/09/20 20:36:35.506, 2, 0 %, 0 %, 35270 MiB, 37.94 W
2026/09/20 20:36:40.506, 0, 0 %, 0 %, 35270 MiB, 39.44 W
2026/09/20 20:36:40.507, 1, 0 %, 0 %, 35270 MiB, 38.92 W
2026/09/20 20:36:40.507, 2, 0 %, 0 %, 35270 MiB, 37.74 W
2026/09/20 20:36:45.508, 0, 0 %, 0 %, 35270 MiB, 39.35 W
2026/09/20 20:36:45.508, 1, 0 %, 0 %, 35270 MiB, 38.83 W
2026/09/20 20:36:45.508, 2, 0 %, 0 %, 35270 MiB, 37.54 W
2026/09/20 20:36:50.510, 0, 0 %, 0 %, 35270 MiB, 39.43 W
2026/09/20 20:36:50.511, 1, 0 %, 0 %, 35270 MiB, 38.90 W
2026/09/20 20:36:50.511, 2, 0 %, 0 %, 35270 MiB, 37.62 W
2026/09/20 20:36:55.512, 0, 0 %, 0 %, 35270 MiB, 39.35 W
2026/09/20 20:36:55.512, 1, 0 %, 0 %, 35270 MiB, 38.83 W
2026/09/20 20:36:55.513, 2, 0 %, 0 %, 35270 MiB, 37.74 W
2026/09/20 20:37:00.518, 0, 0 %, 0 %, 35270 MiB, 39.35 W
2026/09/20 20:37:00.518, 1, 0 %, 0 %, 35270 MiB, 38.83 W
2026/09/20 20:37:00.518, 2, 0 %, 0 %, 35270 MiB, 37.53 W
2026/09/20 20:37:05.519, 0, 0 %, 0 %, 35270 MiB, 39.34 W
2026/09/20 20:37:05.519, 1, 0 %, 0 %, 35270 MiB, 38.83 W
2026/09/20 20:37:05.519, 2, 0 %, 0 %, 35270 MiB, 37.54 W
2026/09/20 20:37:10.521, 0, 0 %, 0 %, 35270 MiB, 39.34 W
2026/09/20 20:37:10.521, 1, 0 %, 0 %, 35270 MiB, 38.82 W
2026/09/20 20:37:10.522, 2, 0 %, 0 %, 35270 MiB, 37.75 W
2026/09/20 20:37:15.522, 0, 0 %, 0 %, 35270 MiB, 39.47 W
2026/09/20 20:37:15.523, 1, 0 %, 0 %, 35270 MiB, 38.85 W
2026/09/20 20:37:15.523, 2, 0 %, 0 %, 35270 MiB, 37.67 W
2026/09/20 20:37:20.524, 0, 0 %, 0 %, 35270 MiB, 39.31 W
2026/09/20 20:37:20.524, 1, 0 %, 0 %, 35270 MiB, 38.78 W
2026/09/20 20:37:20.524, 2, 0 %, 0 %, 35270 MiB, 37.49 W
2026/09/20 20:37:25.524, 0, 0 %, 0 %, 35270 MiB, 39.39 W
2026/09/20 20:37:25.525, 1, 0 %, 0 %, 35270 MiB, 38.58 W
2026/09/20 20:37:25.525, 2, 0 %, 0 %, 35270 MiB, 37.69 W
2026/09/20 20:37:30.525, 0, 0 %, 0 %, 35270 MiB, 39.40 W
2026/09/20 20:37:30.526, 1, 0 %, 0 %, 35270 MiB, 38.77 W
2026/09/20 20:37:30.526, 2, 0 %, 0 %, 35270 MiB, 37.89 W
2026/09/20 20:37:35.526, 0, 0 %, 0 %, 35270 MiB, 39.28 W
2026/09/20 20:37:35.527, 1, 0 %, 0 %, 35270 MiB, 38.85 W
2026/09/20 20:37:35.527, 2, 0 %, 0 %, 35270 MiB, 37.67 W
2026/09/20 20:37:40.527, 0, 0 %, 0 %, 35270 MiB, 39.28 W
2026/09/20 20:37:40.527, 1, 0 %, 0 %, 35270 MiB, 38.65 W
2026/09/20 20:37:40.528, 2, 0 %, 0 %, 35270 MiB, 37.67 W
2026/09/20 20:37:45.529, 0, 0 %, 0 %, 35270 MiB, 39.37 W
2026/09/20 20:37:45.529, 1, 0 %, 0 %, 35270 MiB, 38.75 W
2026/09/20 20:37:45.529, 2, 0 %, 0 %, 35270 MiB, 37.56 W
2026/09/20 20:37:50.529, 0, 0 %, 0 %, 35270 MiB, 39.31 W
2026/09/20 20:37:50.530, 1, 0 %, 0 %, 35270 MiB, 38.97 W
2026/09/20 20:37:50.530, 2, 0 %, 0 %, 35270 MiB, 37.80 W
2026/09/20 20:37:55.530, 0, 0 %, 0 %, 35270 MiB, 39.38 W
2026/09/20 20:37:55.531, 1, 0 %, 0 %, 35270 MiB, 38.75 W
2026/09/20 20:37:55.531, 2, 0 %, 0 %, 35270 MiB, 37.56 W
2026/09/20 20:38:00.531, 0, 0 %, 0 %, 35270 MiB, 39.31 W
2026/09/20 20:38:00.532, 1, 0 %, 0 %, 35270 MiB, 38.78 W
2026/09/20 20:38:00.532, 2, 0 %, 0 %, 35270 MiB, 37.56 W
2026/09/20 20:38:05.533, 0, 0 %, 0 %, 35270 MiB, 39.38 W
2026/09/20 20:38:05.533, 1, 0 %, 0 %, 35270 MiB, 38.75 W
2026/09/20 20:38:05.534, 2, 0 %, 0 %, 35270 MiB, 37.67 W
2026/09/20 20:38:10.534, 0, 0 %, 0 %, 35270 MiB, 39.22 W
2026/09/20 20:38:10.535, 1, 0 %, 0 %, 35270 MiB, 38.97 W
2026/09/20 20:38:10.535, 2, 0 %, 0 %, 35270 MiB, 37.70 W
2026/09/20 20:38:15.535, 0, 0 %, 0 %, 35270 MiB, 39.11 W
2026/09/20 20:38:15.535, 1, 0 %, 0 %, 35270 MiB, 38.87 W
2026/09/20 20:38:15.535, 2, 0 %, 0 %, 35270 MiB, 37.58 W
2026/09/20 20:38:20.536, 0, 0 %, 0 %, 35270 MiB, 39.11 W
2026/09/20 20:38:20.536, 1, 0 %, 0 %, 35270 MiB, 38.88 W
2026/09/20 20:38:20.536, 2, 0 %, 0 %, 35270 MiB, 37.59 W
2026/09/20 20:38:25.536, 0, 0 %, 0 %, 35270 MiB, 39.51 W
2026/09/20 20:38:25.537, 1, 0 %, 0 %, 35270 MiB, 38.88 W
2026/09/20 20:38:25.537, 2, 0 %, 0 %, 35270 MiB, 37.59 W
2026/09/20 20:38:30.538, 0, 0 %, 0 %, 35270 MiB, 39.56 W
2026/09/20 20:38:30.538, 1, 0 %, 0 %, 35270 MiB, 38.74 W
2026/09/20 20:38:30.539, 2, 0 %, 0 %, 35270 MiB, 37.77 W
2026/09/20 20:38:35.539, 0, 0 %, 0 %, 35270 MiB, 39.50 W
2026/09/20 20:38:35.540, 1, 0 %, 0 %, 35270 MiB, 38.88 W
2026/09/20 20:38:35.540, 2, 0 %, 0 %, 35270 MiB, 37.69 W
2026/09/20 20:38:40.540, 0, 0 %, 0 %, 35270 MiB, 39.22 W
2026/09/20 20:38:40.541, 1, 0 %, 0 %, 35270 MiB, 38.78 W
2026/09/20 20:38:40.541, 2, 0 %, 0 %, 35270 MiB, 37.70 W
2026/09/20 20:38:45.542, 0, 0 %, 0 %, 35270 MiB, 39.40 W
2026/09/20 20:38:45.542, 1, 0 %, 0 %, 35270 MiB, 38.97 W
2026/09/20 20:38:45.542, 2, 0 %, 0 %, 35270 MiB, 37.99 W
2026/09/20 20:38:50.543, 0, 0 %, 0 %, 35270 MiB, 39.46 W
2026/09/20 20:38:50.543, 1, 0 %, 0 %, 35270 MiB, 38.75 W
2026/09/20 20:38:50.543, 2, 0 %, 0 %, 35270 MiB, 37.56 W
2026/09/20 20:38:55.551, 0, 0 %, 0 %, 35270 MiB, 39.50 W
2026/09/20 20:38:55.552, 1, 0 %, 0 %, 35270 MiB, 38.88 W
2026/09/20 20:38:55.552, 2, 0 %, 0 %, 35270 MiB, 37.60 W
2026/09/20 20:39:00.554, 0, 0 %, 0 %, 35270 MiB, 39.29 W
2026/09/20 20:39:00.554, 1, 0 %, 0 %, 35270 MiB, 38.75 W
2026/09/20 20:39:00.554, 2, 0 %, 0 %, 35270 MiB, 37.54 W
2026/09/20 20:39:05.556, 0, 0 %, 0 %, 35270 MiB, 39.46 W
2026/09/20 20:39:05.556, 1, 0 %, 0 %, 35270 MiB, 38.93 W
2026/09/20 20:39:05.557, 2, 0 %, 0 %, 35270 MiB, 37.77 W
2026/09/20 20:39:10.557, 0, 0 %, 0 %, 35270 MiB, 39.29 W
2026/09/20 20:39:10.558, 1, 0 %, 0 %, 35270 MiB, 38.85 W
2026/09/20 20:39:10.558, 2, 0 %, 0 %, 35270 MiB, 37.49 W
2026/09/20 20:39:15.564, 0, 0 %, 0 %, 35270 MiB, 39.35 W
2026/09/20 20:39:15.564, 1, 0 %, 0 %, 35270 MiB, 38.73 W
2026/09/20 20:39:15.564, 2, 0 %, 0 %, 35270 MiB, 37.54 W
2026/09/20 20:39:20.566, 0, 0 %, 0 %, 35270 MiB, 39.26 W
2026/09/20 20:39:20.566, 1, 0 %, 0 %, 35270 MiB, 38.75 W
2026/09/20 20:39:20.567, 2, 0 %, 0 %, 35270 MiB, 37.46 W
2026/09/20 20:39:25.568, 0, 0 %, 0 %, 35270 MiB, 39.38 W
2026/09/20 20:39:25.568, 1, 0 %, 0 %, 35270 MiB, 38.85 W
2026/09/20 20:39:25.569, 2, 0 %, 0 %, 35270 MiB, 37.66 W
2026/09/20 20:39:30.570, 0, 24 %, 1 %, 35270 MiB, 39.49 W
2026/09/20 20:39:30.570, 1, 0 %, 0 %, 35270 MiB, 38.85 W
2026/09/20 20:39:30.570, 2, 0 %, 0 %, 35270 MiB, 37.58 W
2026/09/20 20:39:35.571, 0, 0 %, 0 %, 35270 MiB, 39.46 W
2026/09/20 20:39:35.572, 1, 0 %, 0 %, 35270 MiB, 38.64 W
2026/09/20 20:39:35.572, 2, 0 %, 0 %, 35270 MiB, 37.54 W
2026/09/20 20:39:40.573, 0, 0 %, 0 %, 35270 MiB, 39.46 W
2026/09/20 20:39:40.573, 1, 0 %, 0 %, 35270 MiB, 38.73 W
2026/09/20 20:39:40.574, 2, 0 %, 0 %, 35270 MiB, 37.65 W
2026/09/20 20:39:45.575, 0, 0 %, 0 %, 35270 MiB, 39.39 W
2026/09/20 20:39:45.575, 1, 0 %, 0 %, 35270 MiB, 38.48 W
2026/09/20 20:39:45.575, 2, 0 %, 0 %, 35270 MiB, 37.47 W
2026/09/20 20:39:50.576, 0, 0 %, 0 %, 35270 MiB, 39.02 W
2026/09/20 20:39:50.577, 1, 0 %, 0 %, 35270 MiB, 38.58 W
2026/09/20 20:39:50.577, 2, 0 %, 0 %, 35270 MiB, 37.59 W
2026/09/20 20:39:55.578, 0, 0 %, 0 %, 35270 MiB, 39.08 W
2026/09/20 20:39:55.578, 1, 0 %, 0 %, 35270 MiB, 38.55 W
2026/09/20 20:39:55.579, 2, 0 %, 0 %, 35270 MiB, 37.56 W
2026/09/20 20:40:00.582, 0, 0 %, 0 %, 35270 MiB, 39.17 W
2026/09/20 20:40:00.582, 1, 0 %, 0 %, 35270 MiB, 38.53 W
2026/09/20 20:40:00.582, 2, 0 %, 0 %, 35270 MiB, 37.36 W
2026/09/20 20:40:05.582, 0, 0 %, 0 %, 35270 MiB, 39.11 W
2026/09/20 20:40:05.583, 1, 0 %, 0 %, 35270 MiB, 38.49 W
2026/09/20 20:40:05.583, 2, 0 %, 0 %, 35270 MiB, 37.28 W
2026/09/20 20:40:10.583, 0, 0 %, 0 %, 35270 MiB, 39.08 W
2026/09/20 20:40:10.584, 1, 0 %, 0 %, 35270 MiB, 38.56 W
2026/09/20 20:40:10.584, 2, 0 %, 0 %, 35270 MiB, 37.26 W
2026/09/20 20:40:15.584, 0, 0 %, 0 %, 35270 MiB, 39.28 W
2026/09/20 20:40:15.585, 1, 0 %, 0 %, 35270 MiB, 38.65 W
2026/09/20 20:40:15.585, 2, 0 %, 0 %, 35270 MiB, 37.26 W
2026/09/20 20:40:20.585, 0, 23 %, 1 %, 35270 MiB, 39.18 W
2026/09/20 20:40:20.585, 1, 0 %, 0 %, 35270 MiB, 38.56 W
2026/09/20 20:40:20.585, 2, 0 %, 0 %, 35270 MiB, 37.37 W
2026/09/20 20:40:25.585, 0, 0 %, 0 %, 35270 MiB, 39.12 W
2026/09/20 20:40:25.586, 1, 0 %, 0 %, 35270 MiB, 38.59 W
2026/09/20 20:40:25.586, 2, 0 %, 0 %, 35270 MiB, 37.28 W
2026/09/20 20:40:30.586, 0, 0 %, 0 %, 35270 MiB, 39.28 W
2026/09/20 20:40:30.586, 1, 0 %, 0 %, 35270 MiB, 38.65 W
2026/09/20 20:40:30.587, 2, 0 %, 0 %, 35270 MiB, 37.36 W
2026/09/20 20:40:35.588, 0, 0 %, 0 %, 35270 MiB, 39.21 W
2026/09/20 20:40:35.588, 1, 0 %, 0 %, 35270 MiB, 38.68 W
2026/09/20 20:40:35.589, 2, 0 %, 0 %, 35270 MiB, 37.59 W
2026/09/20 20:40:40.589, 0, 0 %, 0 %, 35270 MiB, 39.22 W
2026/09/20 20:40:40.590, 1, 0 %, 0 %, 35270 MiB, 38.69 W
2026/09/20 20:40:40.590, 2, 0 %, 0 %, 35270 MiB, 37.49 W
2026/09/20 20:40:45.591, 0, 0 %, 0 %, 35270 MiB, 39.26 W
2026/09/20 20:40:45.592, 1, 0 %, 0 %, 35270 MiB, 38.54 W
2026/09/20 20:40:45.592, 2, 0 %, 0 %, 35270 MiB, 37.46 W
2026/09/20 20:40:50.593, 0, 25 %, 1 %, 35270 MiB, 39.45 W
2026/09/20 20:40:50.594, 1, 0 %, 0 %, 35270 MiB, 38.63 W
2026/09/20 20:40:50.594, 2, 7 %, 0 %, 35270 MiB, 37.44 W
2026/09/20 20:40:55.595, 0, 25 %, 1 %, 35270 MiB, 39.25 W
2026/09/20 20:40:55.595, 1, 0 %, 0 %, 35270 MiB, 38.53 W
2026/09/20 20:40:55.596, 2, 5 %, 0 %, 35270 MiB, 37.63 W
2026/09/20 20:41:00.597, 0, 0 %, 0 %, 35270 MiB, 44.49 W
2026/09/20 20:41:00.597, 1, 0 %, 0 %, 35270 MiB, 38.44 W
2026/09/20 20:41:00.598, 2, 0 %, 0 %, 35270 MiB, 37.44 W
2026/09/20 20:41:05.598, 0, 0 %, 0 %, 35270 MiB, 38.94 W
2026/09/20 20:41:05.599, 1, 0 %, 0 %, 35270 MiB, 38.43 W
2026/09/20 20:41:05.599, 2, 0 %, 0 %, 35270 MiB, 37.13 W
2026/09/20 20:41:10.600, 0, 20 %, 1 %, 35270 MiB, 38.96 W
2026/09/20 20:41:10.600, 1, 0 %, 0 %, 35270 MiB, 38.33 W
2026/09/20 20:41:10.600, 2, 23 %, 1 %, 35270 MiB, 37.14 W
2026/09/20 20:41:15.601, 0, 0 %, 0 %, 35270 MiB, 38.86 W
2026/09/20 20:41:15.602, 1, 0 %, 0 %, 35270 MiB, 38.23 W
2026/09/20 20:41:15.602, 2, 0 %, 0 %, 35270 MiB, 37.04 W
2026/09/20 20:41:20.603, 0, 25 %, 1 %, 35270 MiB, 38.90 W
2026/09/20 20:41:20.603, 1, 0 %, 0 %, 35270 MiB, 38.36 W
2026/09/20 20:41:20.604, 2, 0 %, 0 %, 35270 MiB, 37.16 W
2026/09/20 20:41:25.605, 0, 0 %, 0 %, 35270 MiB, 40.14 W
2026/09/20 20:41:25.606, 1, 0 %, 0 %, 35270 MiB, 38.45 W
2026/09/20 20:41:25.606, 2, 0 %, 0 %, 35270 MiB, 37.14 W
2026/09/20 20:41:30.606, 0, 10 %, 0 %, 35270 MiB, 38.85 W
2026/09/20 20:41:30.606, 1, 0 %, 0 %, 35270 MiB, 38.32 W
2026/09/20 20:41:30.607, 2, 0 %, 0 %, 35270 MiB, 37.13 W
2026/09/20 20:41:35.608, 0, 25 %, 1 %, 35270 MiB, 38.77 W
2026/09/20 20:41:35.608, 1, 0 %, 0 %, 35270 MiB, 38.35 W
2026/09/20 20:41:35.609, 2, 0 %, 0 %, 35270 MiB, 37.06 W
2026/09/20 20:41:40.610, 0, 13 %, 1 %, 35270 MiB, 38.74 W
2026/09/20 20:41:40.610, 1, 0 %, 0 %, 35270 MiB, 38.53 W
2026/09/20 20:41:40.610, 2, 0 %, 0 %, 35270 MiB, 37.03 W
2026/09/20 20:41:45.612, 0, 0 %, 0 %, 35270 MiB, 38.99 W
2026/09/20 20:41:45.612, 1, 0 %, 0 %, 35270 MiB, 38.25 W
2026/09/20 20:41:45.612, 2, 0 %, 0 %, 35270 MiB, 37.06 W
2026/09/20 20:41:50.614, 0, 0 %, 0 %, 35270 MiB, 38.75 W
2026/09/20 20:41:50.614, 1, 0 %, 0 %, 35270 MiB, 38.03 W
2026/09/20 20:41:50.614, 2, 0 %, 0 %, 35270 MiB, 37.13 W
2026/09/20 20:41:55.616, 0, 0 %, 0 %, 35270 MiB, 38.96 W
2026/09/20 20:41:55.617, 1, 0 %, 0 %, 35270 MiB, 38.03 W
2026/09/20 20:41:55.617, 2, 0 %, 0 %, 35270 MiB, 37.14 W
2026/09/20 20:42:00.617, 0, 24 %, 1 %, 35270 MiB, 38.98 W
2026/09/20 20:42:00.618, 1, 0 %, 0 %, 35270 MiB, 38.25 W
2026/09/20 20:42:00.618, 2, 0 %, 0 %, 35270 MiB, 37.15 W
2026/09/20 20:42:05.625, 0, 0 %, 0 %, 35270 MiB, 38.77 W
2026/09/20 20:42:05.626, 1, 15 %, 1 %, 35270 MiB, 40.81 W
2026/09/20 20:42:05.626, 2, 0 %, 0 %, 35270 MiB, 37.35 W
2026/09/20 20:42:10.627, 0, 0 %, 0 %, 35270 MiB, 38.65 W
2026/09/20 20:42:10.628, 1, 25 %, 1 %, 35270 MiB, 38.13 W
2026/09/20 20:42:10.628, 2, 0 %, 0 %, 35270 MiB, 37.14 W
2026/09/20 20:42:15.628, 0, 0 %, 0 %, 35270 MiB, 38.68 W
2026/09/20 20:42:15.628, 1, 0 %, 0 %, 35270 MiB, 39.24 W
2026/09/20 20:42:15.628, 2, 0 %, 0 %, 35270 MiB, 36.96 W
2026/09/20 20:42:20.629, 0, 0 %, 0 %, 35270 MiB, 38.65 W
2026/09/20 20:42:20.630, 1, 25 %, 1 %, 35270 MiB, 38.23 W
2026/09/20 20:42:20.630, 2, 0 %, 0 %, 35270 MiB, 36.84 W
2026/09/20 20:42:25.631, 0, 0 %, 0 %, 35270 MiB, 38.65 W
2026/09/20 20:42:25.632, 1, 0 %, 0 %, 35270 MiB, 38.23 W
2026/09/20 20:42:25.632, 2, 0 %, 0 %, 35270 MiB, 37.04 W
2026/09/20 20:42:30.633, 0, 0 %, 0 %, 35270 MiB, 38.65 W
2026/09/20 20:42:30.634, 1, 0 %, 0 %, 35270 MiB, 38.23 W
2026/09/20 20:42:30.634, 2, 0 %, 0 %, 35270 MiB, 36.94 W
2026/09/20 20:42:35.634, 0, 0 %, 0 %, 35270 MiB, 38.96 W
2026/09/20 20:42:35.635, 1, 0 %, 0 %, 35270 MiB, 38.33 W
2026/09/20 20:42:35.635, 2, 0 %, 0 %, 35270 MiB, 36.94 W
2026/09/20 20:42:40.636, 0, 0 %, 0 %, 35270 MiB, 38.77 W
2026/09/20 20:42:40.637, 1, 25 %, 1 %, 35270 MiB, 38.25 W
2026/09/20 20:42:40.637, 2, 0 %, 0 %, 35270 MiB, 37.06 W
2026/09/20 20:42:45.645, 0, 0 %, 0 %, 35270 MiB, 38.78 W
2026/09/20 20:42:45.645, 1, 0 %, 0 %, 35270 MiB, 39.53 W
2026/09/20 20:42:45.645, 2, 0 %, 0 %, 35270 MiB, 37.16 W
2026/09/20 20:42:50.646, 0, 0 %, 0 %, 35270 MiB, 38.75 W
2026/09/20 20:42:50.647, 1, 0 %, 0 %, 35270 MiB, 38.44 W
2026/09/20 20:42:50.647, 2, 0 %, 0 %, 35270 MiB, 37.13 W
2026/09/20 20:42:55.648, 0, 0 %, 0 %, 35270 MiB, 38.96 W
2026/09/20 20:42:55.648, 1, 0 %, 0 %, 35270 MiB, 39.11 W
2026/09/20 20:42:55.648, 2, 0 %, 0 %, 35270 MiB, 37.04 W
2026/09/20 20:43:00.650, 0, 0 %, 0 %, 35270 MiB, 38.86 W
2026/09/20 20:43:00.651, 1, 0 %, 0 %, 35270 MiB, 38.13 W
2026/09/20 20:43:00.651, 2, 0 %, 0 %, 35270 MiB, 37.04 W
2026/09/20 20:43:05.652, 0, 0 %, 0 %, 35270 MiB, 38.86 W
2026/09/20 20:43:05.652, 1, 14 %, 0 %, 35270 MiB, 38.13 W
2026/09/20 20:43:05.653, 2, 0 %, 0 %, 35270 MiB, 37.14 W
2026/09/20 20:43:10.654, 0, 0 %, 0 %, 35270 MiB, 38.66 W
2026/09/20 20:43:10.654, 1, 0 %, 0 %, 35270 MiB, 38.25 W
2026/09/20 20:43:10.654, 2, 0 %, 0 %, 35270 MiB, 37.25 W
2026/09/20 20:43:15.655, 0, 0 %, 0 %, 35270 MiB, 38.78 W
2026/09/20 20:43:15.656, 1, 0 %, 0 %, 35270 MiB, 38.15 W
2026/09/20 20:43:15.656, 2, 0 %, 0 %, 35270 MiB, 46.71 W
2026/09/20 20:43:20.657, 0, 0 %, 0 %, 35270 MiB, 38.69 W
2026/09/20 20:43:20.657, 1, 0 %, 0 %, 35270 MiB, 38.15 W
2026/09/20 20:43:20.657, 2, 0 %, 0 %, 35270 MiB, 36.96 W
2026/09/20 20:43:25.658, 0, 0 %, 0 %, 35270 MiB, 38.57 W
2026/09/20 20:43:25.659, 1, 0 %, 0 %, 35270 MiB, 38.44 W
2026/09/20 20:43:25.659, 2, 0 %, 0 %, 35270 MiB, 36.96 W
2026/09/20 20:43:30.660, 0, 0 %, 0 %, 35270 MiB, 38.85 W
2026/09/20 20:43:30.660, 1, 0 %, 0 %, 35270 MiB, 38.23 W
2026/09/20 20:43:30.660, 2, 0 %, 0 %, 35270 MiB, 36.84 W
2026/09/20 20:43:35.662, 0, 0 %, 0 %, 35270 MiB, 38.66 W
2026/09/20 20:43:35.663, 1, 0 %, 0 %, 35270 MiB, 38.13 W
2026/09/20 20:43:35.663, 2, 25 %, 1 %, 35270 MiB, 36.96 W
2026/09/20 20:43:40.664, 0, 0 %, 0 %, 35270 MiB, 38.65 W
2026/09/20 20:43:40.664, 1, 0 %, 0 %, 35270 MiB, 38.13 W
2026/09/20 20:43:40.665, 2, 7 %, 0 %, 35270 MiB, 44.79 W
2026/09/20 20:43:45.666, 0, 0 %, 0 %, 35270 MiB, 38.68 W
2026/09/20 20:43:45.666, 1, 0 %, 0 %, 35270 MiB, 38.36 W
2026/09/20 20:43:45.667, 2, 0 %, 0 %, 35270 MiB, 37.04 W
2026/09/20 20:43:50.668, 0, 0 %, 0 %, 35270 MiB, 38.90 W
2026/09/20 20:43:50.668, 1, 0 %, 0 %, 35270 MiB, 38.27 W
2026/09/20 20:43:50.668, 2, 0 %, 0 %, 35270 MiB, 37.06 W
2026/09/20 20:43:55.670, 0, 0 %, 0 %, 35270 MiB, 38.87 W
2026/09/20 20:43:55.670, 1, 0 %, 0 %, 35270 MiB, 38.25 W
2026/09/20 20:43:55.670, 2, 0 %, 0 %, 35270 MiB, 37.14 W
2026/09/20 20:44:00.672, 0, 0 %, 0 %, 35270 MiB, 38.74 W
2026/09/20 20:44:00.672, 1, 0 %, 0 %, 35270 MiB, 38.52 W
2026/09/20 20:44:00.672, 2, 0 %, 0 %, 35270 MiB, 37.13 W
2026/09/20 20:44:05.674, 0, 0 %, 0 %, 35270 MiB, 38.86 W
2026/09/20 20:44:05.674, 1, 0 %, 0 %, 35270 MiB, 38.25 W
2026/09/20 20:44:05.674, 2, 0 %, 0 %, 35270 MiB, 37.24 W
2026/09/20 20:44:10.676, 0, 0 %, 0 %, 35270 MiB, 38.97 W
2026/09/20 20:44:10.676, 1, 0 %, 0 %, 35270 MiB, 38.25 W
2026/09/20 20:44:10.676, 2, 0 %, 0 %, 35270 MiB, 37.24 W
2026/09/20 20:44:15.678, 0, 0 %, 0 %, 35270 MiB, 38.97 W
2026/09/20 20:44:15.678, 1, 0 %, 0 %, 35270 MiB, 38.23 W
2026/09/20 20:44:15.678, 2, 0 %, 0 %, 35270 MiB, 37.35 W
2026/09/20 20:44:20.680, 0, 0 %, 0 %, 35270 MiB, 38.86 W
2026/09/20 20:44:20.680, 1, 0 %, 0 %, 35270 MiB, 38.34 W
2026/09/20 20:44:20.681, 2, 0 %, 0 %, 35270 MiB, 37.23 W
2026/09/20 20:44:25.681, 0, 0 %, 0 %, 35270 MiB, 38.79 W
2026/09/20 20:44:25.682, 1, 0 %, 0 %, 35270 MiB, 38.25 W
2026/09/20 20:44:25.682, 2, 0 %, 0 %, 35270 MiB, 37.06 W
2026/09/20 20:44:30.683, 0, 0 %, 0 %, 35270 MiB, 38.81 W
2026/09/20 20:44:30.683, 1, 0 %, 0 %, 35270 MiB, 38.15 W
2026/09/20 20:44:30.684, 2, 0 %, 0 %, 35270 MiB, 37.06 W
2026/09/20 20:44:35.684, 0, 0 %, 0 %, 35270 MiB, 38.65 W
2026/09/20 20:44:35.685, 1, 0 %, 0 %, 35270 MiB, 38.03 W
2026/09/20 20:44:35.685, 2, 0 %, 0 %, 35270 MiB, 37.14 W
2026/09/20 20:44:40.686, 0, 0 %, 0 %, 35270 MiB, 38.64 W
2026/09/20 20:44:40.687, 1, 0 %, 0 %, 35270 MiB, 38.22 W
2026/09/20 20:44:40.687, 2, 0 %, 0 %, 35270 MiB, 36.93 W
2026/09/20 20:44:45.687, 0, 0 %, 0 %, 35270 MiB, 38.87 W
2026/09/20 20:44:45.688, 1, 0 %, 0 %, 35270 MiB, 38.15 W
2026/09/20 20:44:45.688, 2, 0 %, 0 %, 35270 MiB, 36.98 W
2026/09/20 20:44:50.689, 0, 0 %, 0 %, 35270 MiB, 38.75 W
2026/09/20 20:44:50.690, 1, 0 %, 0 %, 35270 MiB, 38.13 W
2026/09/20 20:44:50.690, 2, 0 %, 0 %, 35270 MiB, 36.93 W
2026/09/20 20:44:55.690, 0, 0 %, 0 %, 35270 MiB, 38.68 W
2026/09/20 20:44:55.691, 1, 0 %, 0 %, 35270 MiB, 38.45 W
2026/09/20 20:44:55.691, 2, 0 %, 0 %, 35270 MiB, 37.06 W
2026/09/20 20:45:00.692, 0, 0 %, 0 %, 35270 MiB, 38.65 W
2026/09/20 20:45:00.692, 1, 0 %, 0 %, 35270 MiB, 38.34 W
2026/09/20 20:45:00.693, 2, 0 %, 0 %, 35270 MiB, 37.04 W
2026/09/20 20:45:05.694, 0, 0 %, 0 %, 35270 MiB, 38.78 W
2026/09/20 20:45:05.694, 1, 0 %, 0 %, 35270 MiB, 38.15 W
2026/09/20 20:45:05.695, 2, 0 %, 0 %, 35270 MiB, 37.06 W
2026/09/20 20:45:10.696, 0, 0 %, 0 %, 35270 MiB, 38.80 W
2026/09/20 20:45:10.696, 1, 0 %, 0 %, 35270 MiB, 38.76 W
2026/09/20 20:45:10.696, 2, 0 %, 0 %, 35270 MiB, 37.18 W
2026/09/20 20:45:15.698, 0, 0 %, 0 %, 35270 MiB, 38.65 W
2026/09/20 20:45:15.699, 1, 0 %, 0 %, 35270 MiB, 38.03 W
2026/09/20 20:45:15.699, 2, 0 %, 0 %, 35270 MiB, 37.04 W
2026/09/20 20:45:20.702, 0, 0 %, 0 %, 35270 MiB, 38.74 W
2026/09/20 20:45:20.702, 1, 0 %, 0 %, 35270 MiB, 38.03 W
2026/09/20 20:45:20.703, 2, 0 %, 0 %, 35270 MiB, 37.04 W
2026/09/20 20:45:25.703, 0, 0 %, 0 %, 35270 MiB, 38.59 W
2026/09/20 20:45:25.704, 1, 0 %, 0 %, 35270 MiB, 38.06 W
2026/09/20 20:45:25.704, 2, 0 %, 0 %, 35270 MiB, 37.18 W
2026/09/20 20:45:30.705, 0, 0 %, 0 %, 35270 MiB, 38.54 W
2026/09/20 20:45:30.706, 1, 0 %, 0 %, 35270 MiB, 38.13 W
2026/09/20 20:45:30.706, 2, 0 %, 0 %, 35270 MiB, 37.34 W
2026/09/20 20:45:35.707, 0, 0 %, 0 %, 35270 MiB, 38.54 W
2026/09/20 20:45:35.708, 1, 0 %, 0 %, 35270 MiB, 38.03 W
2026/09/20 20:45:35.708, 2, 0 %, 0 %, 35270 MiB, 37.04 W
2026/09/20 20:45:40.709, 0, 0 %, 0 %, 35270 MiB, 38.66 W
2026/09/20 20:45:40.710, 1, 0 %, 0 %, 35270 MiB, 38.06 W
2026/09/20 20:45:40.710, 2, 0 %, 0 %, 35270 MiB, 36.96 W
2026/09/20 20:45:45.710, 0, 0 %, 0 %, 35270 MiB, 38.69 W
2026/09/20 20:45:45.711, 1, 0 %, 0 %, 35270 MiB, 38.06 W
2026/09/20 20:45:45.711, 2, 0 %, 0 %, 35270 MiB, 36.88 W
2026/09/20 20:45:50.712, 0, 0 %, 0 %, 35270 MiB, 38.65 W
2026/09/20 20:45:50.713, 1, 0 %, 0 %, 35270 MiB, 38.13 W
2026/09/20 20:45:50.713, 2, 0 %, 0 %, 35270 MiB, 37.14 W
2026/09/20 20:45:55.714, 0, 0 %, 0 %, 35270 MiB, 38.54 W
2026/09/20 20:45:55.714, 1, 0 %, 0 %, 35270 MiB, 38.11 W
2026/09/20 20:45:55.715, 2, 0 %, 0 %, 35270 MiB, 37.03 W
2026/09/20 20:46:00.716, 0, 0 %, 0 %, 35270 MiB, 38.83 W
2026/09/20 20:46:00.717, 1, 0 %, 0 %, 35270 MiB, 38.03 W
2026/09/20 20:46:00.717, 2, 0 %, 0 %, 35270 MiB, 37.03 W
2026/09/20 20:46:05.718, 0, 0 %, 0 %, 35270 MiB, 38.65 W
2026/09/20 20:46:05.718, 1, 0 %, 0 %, 35270 MiB, 38.23 W
2026/09/20 20:46:05.719, 2, 0 %, 0 %, 35270 MiB, 36.96 W
2026/09/20 20:46:10.720, 0, 0 %, 0 %, 35270 MiB, 38.64 W
2026/09/20 20:46:10.721, 1, 0 %, 0 %, 35270 MiB, 38.12 W
2026/09/20 20:46:10.721, 2, 0 %, 0 %, 35270 MiB, 37.13 W
2026/09/20 20:46:15.722, 0, 0 %, 0 %, 35270 MiB, 38.64 W
2026/09/20 20:46:15.723, 1, 0 %, 0 %, 35270 MiB, 38.12 W
2026/09/20 20:46:15.723, 2, 0 %, 0 %, 35270 MiB, 37.03 W
2026/09/20 20:46:20.723, 0, 0 %, 0 %, 35270 MiB, 38.80 W
2026/09/20 20:46:20.724, 1, 0 %, 0 %, 35270 MiB, 37.88 W
2026/09/20 20:46:20.724, 2, 0 %, 0 %, 35270 MiB, 36.89 W
2026/09/20 20:46:25.725, 0, 0 %, 0 %, 35270 MiB, 38.75 W
2026/09/20 20:46:25.725, 1, 0 %, 0 %, 35270 MiB, 38.13 W
2026/09/20 20:46:25.726, 2, 0 %, 0 %, 35270 MiB, 37.04 W
2026/09/20 20:46:30.726, 0, 0 %, 0 %, 35270 MiB, 38.68 W
2026/09/20 20:46:30.727, 1, 0 %, 0 %, 35270 MiB, 37.96 W
2026/09/20 20:46:30.727, 2, 0 %, 0 %, 35270 MiB, 37.16 W
2026/09/20 20:46:35.728, 0, 0 %, 0 %, 35270 MiB, 38.54 W
2026/09/20 20:46:35.728, 1, 0 %, 0 %, 35270 MiB, 37.92 W
2026/09/20 20:46:35.728, 2, 0 %, 0 %, 35270 MiB, 37.03 W
2026/09/20 20:46:40.730, 0, 0 %, 0 %, 35270 MiB, 38.64 W
2026/09/20 20:46:40.731, 1, 0 %, 0 %, 35270 MiB, 37.93 W
2026/09/20 20:46:40.731, 2, 0 %, 0 %, 35270 MiB, 36.84 W
2026/09/20 20:46:45.731, 0, 0 %, 0 %, 35270 MiB, 38.57 W
2026/09/20 20:46:45.732, 1, 0 %, 0 %, 35270 MiB, 37.95 W
2026/09/20 20:46:45.732, 2, 0 %, 0 %, 35270 MiB, 36.86 W
2026/09/20 20:46:50.732, 0, 0 %, 0 %, 35270 MiB, 38.96 W
2026/09/20 20:46:50.733, 1, 0 %, 0 %, 35270 MiB, 37.93 W
2026/09/20 20:46:50.733, 2, 0 %, 0 %, 35270 MiB, 36.94 W
2026/09/20 20:46:55.742, 0, 0 %, 0 %, 35270 MiB, 38.56 W
2026/09/20 20:46:55.742, 1, 0 %, 0 %, 35270 MiB, 38.03 W
2026/09/20 20:46:55.743, 2, 0 %, 0 %, 35270 MiB, 36.93 W
2026/09/20 20:47:00.743, 0, 0 %, 0 %, 35270 MiB, 38.52 W
2026/09/20 20:47:00.744, 1, 0 %, 0 %, 35270 MiB, 38.28 W
2026/09/20 20:47:00.744, 2, 0 %, 0 %, 35270 MiB, 36.89 W
2026/09/20 20:47:05.744, 0, 0 %, 0 %, 35270 MiB, 38.55 W
2026/09/20 20:47:05.745, 1, 0 %, 0 %, 35270 MiB, 37.93 W
2026/09/20 20:47:05.745, 2, 0 %, 0 %, 35270 MiB, 37.04 W
2026/09/20 20:47:10.745, 0, 0 %, 0 %, 35270 MiB, 38.62 W
2026/09/20 20:47:10.746, 1, 0 %, 0 %, 35270 MiB, 37.98 W
2026/09/20 20:47:10.746, 2, 0 %, 0 %, 35270 MiB, 36.89 W
2026/09/20 20:47:15.746, 0, 0 %, 0 %, 35270 MiB, 38.75 W
2026/09/20 20:47:15.747, 1, 0 %, 0 %, 35270 MiB, 37.93 W
2026/09/20 20:47:15.747, 2, 0 %, 0 %, 35270 MiB, 36.84 W
2026/09/20 20:47:20.748, 0, 0 %, 0 %, 35270 MiB, 38.64 W
2026/09/20 20:47:20.748, 1, 0 %, 0 %, 35270 MiB, 38.12 W
2026/09/20 20:47:20.748, 2, 0 %, 0 %, 35270 MiB, 36.84 W
2026/09/20 20:47:25.750, 0, 24 %, 1 %, 35270 MiB, 38.59 W
2026/09/20 20:47:25.750, 1, 0 %, 0 %, 35270 MiB, 37.87 W
2026/09/20 20:47:25.751, 2, 0 %, 0 %, 35270 MiB, 37.08 W
2026/09/20 20:47:30.751, 0, 0 %, 0 %, 35270 MiB, 38.61 W
2026/09/20 20:47:30.751, 1, 0 %, 0 %, 35270 MiB, 37.79 W
2026/09/20 20:47:30.751, 2, 0 %, 0 %, 35270 MiB, 36.89 W
2026/09/20 20:47:35.752, 0, 0 %, 0 %, 35270 MiB, 38.57 W
2026/09/20 20:47:35.753, 1, 0 %, 0 %, 35270 MiB, 38.03 W
2026/09/20 20:47:35.753, 2, 0 %, 0 %, 35270 MiB, 36.84 W
2026/09/20 20:47:40.754, 0, 0 %, 0 %, 35270 MiB, 38.46 W
2026/09/20 20:47:40.755, 1, 0 %, 0 %, 35270 MiB, 37.84 W
2026/09/20 20:47:40.755, 2, 0 %, 0 %, 35270 MiB, 36.84 W
2026/09/20 20:47:45.756, 0, 0 %, 0 %, 35270 MiB, 38.37 W
2026/09/20 20:47:45.757, 1, 0 %, 0 %, 35270 MiB, 37.75 W
2026/09/20 20:47:45.757, 2, 0 %, 0 %, 35270 MiB, 37.06 W
2026/09/20 20:47:50.758, 0, 0 %, 0 %, 35270 MiB, 42.52 W
2026/09/20 20:47:50.759, 1, 0 %, 0 %, 35270 MiB, 37.74 W
2026/09/20 20:47:50.759, 2, 0 %, 0 %, 35270 MiB, 36.74 W
2026/09/20 20:47:55.760, 0, 0 %, 0 %, 35270 MiB, 38.35 W
2026/09/20 20:47:55.760, 1, 0 %, 0 %, 35270 MiB, 38.03 W
2026/09/20 20:47:55.760, 2, 0 %, 0 %, 35270 MiB, 36.74 W
2026/09/20 20:48:00.762, 0, 0 %, 0 %, 35270 MiB, 38.44 W
2026/09/20 20:48:00.762, 1, 0 %, 0 %, 35270 MiB, 37.83 W
2026/09/20 20:48:00.762, 2, 0 %, 0 %, 35270 MiB, 36.73 W
2026/09/20 20:48:05.764, 0, 0 %, 0 %, 35270 MiB, 38.44 W
2026/09/20 20:48:05.764, 1, 0 %, 0 %, 35270 MiB, 37.93 W
2026/09/20 20:48:05.764, 2, 0 %, 0 %, 35270 MiB, 36.84 W
2026/09/20 20:48:10.766, 0, 0 %, 0 %, 35270 MiB, 38.56 W
2026/09/20 20:48:10.767, 1, 0 %, 0 %, 35270 MiB, 38.03 W
2026/09/20 20:48:10.767, 2, 0 %, 0 %, 35270 MiB, 36.74 W
2026/09/20 20:48:15.768, 0, 0 %, 0 %, 35270 MiB, 38.51 W
2026/09/20 20:48:15.769, 1, 0 %, 0 %, 35270 MiB, 37.98 W
2026/09/20 20:48:15.769, 2, 0 %, 0 %, 35270 MiB, 36.86 W
2026/09/20 20:48:20.769, 0, 0 %, 0 %, 35270 MiB, 38.49 W
2026/09/20 20:48:20.770, 1, 0 %, 0 %, 35270 MiB, 37.87 W
2026/09/20 20:48:20.770, 2, 0 %, 0 %, 35270 MiB, 37.06 W
2026/09/20 20:48:25.771, 0, 0 %, 0 %, 35270 MiB, 38.66 W
2026/09/20 20:48:25.771, 1, 0 %, 0 %, 35270 MiB, 37.85 W
2026/09/20 20:48:25.772, 2, 0 %, 0 %, 35270 MiB, 44.08 W
2026/09/20 20:48:30.773, 0, 0 %, 0 %, 35270 MiB, 38.74 W
2026/09/20 20:48:30.773, 1, 0 %, 0 %, 35270 MiB, 38.03 W
2026/09/20 20:48:30.773, 2, 0 %, 0 %, 35270 MiB, 37.03 W
2026/09/20 20:48:35.775, 0, 0 %, 0 %, 35270 MiB, 38.47 W
2026/09/20 20:48:35.775, 1, 0 %, 0 %, 35270 MiB, 37.76 W
2026/09/20 20:48:35.776, 2, 0 %, 0 %, 35270 MiB, 36.87 W
2026/09/20 20:48:40.777, 0, 0 %, 0 %, 35270 MiB, 38.46 W
2026/09/20 20:48:40.777, 1, 0 %, 0 %, 35270 MiB, 37.84 W
2026/09/20 20:48:40.778, 2, 0 %, 0 %, 35270 MiB, 37.14 W
2026/09/20 20:48:45.779, 0, 0 %, 0 %, 35270 MiB, 38.46 W
2026/09/20 20:48:45.779, 1, 0 %, 0 %, 35270 MiB, 37.84 W
2026/09/20 20:48:45.779, 2, 0 %, 0 %, 35270 MiB, 36.84 W
2026/09/20 20:48:50.779, 0, 0 %, 0 %, 35270 MiB, 38.40 W
2026/09/20 20:48:50.780, 1, 0 %, 0 %, 35270 MiB, 37.76 W
2026/09/20 20:48:50.780, 2, 0 %, 0 %, 35270 MiB, 36.96 W
2026/09/20 20:48:55.781, 0, 0 %, 0 %, 35270 MiB, 38.35 W
2026/09/20 20:48:55.781, 1, 0 %, 0 %, 35270 MiB, 37.73 W
2026/09/20 20:48:55.781, 2, 5 %, 0 %, 35270 MiB, 36.74 W
2026/09/20 20:49:00.783, 0, 0 %, 0 %, 35270 MiB, 38.35 W
2026/09/20 20:49:00.783, 1, 0 %, 0 %, 35270 MiB, 37.71 W
2026/09/20 20:49:00.783, 2, 0 %, 0 %, 35270 MiB, 44.28 W
2026/09/20 20:49:05.784, 0, 0 %, 0 %, 35270 MiB, 38.51 W
2026/09/20 20:49:05.785, 1, 0 %, 0 %, 35270 MiB, 38.08 W
2026/09/20 20:49:05.785, 2, 0 %, 0 %, 35270 MiB, 36.79 W
2026/09/20 20:49:10.785, 0, 0 %, 0 %, 35270 MiB, 38.48 W
2026/09/20 20:49:10.786, 1, 0 %, 0 %, 35270 MiB, 37.86 W
2026/09/20 20:49:10.786, 2, 0 %, 0 %, 35270 MiB, 36.77 W
2026/09/20 20:49:15.786, 0, 0 %, 0 %, 35270 MiB, 38.54 W
2026/09/20 20:49:15.787, 1, 0 %, 0 %, 35270 MiB, 37.83 W
2026/09/20 20:49:15.787, 2, 0 %, 0 %, 35270 MiB, 37.04 W
2026/09/20 20:49:20.788, 0, 0 %, 0 %, 35270 MiB, 38.74 W
2026/09/20 20:49:20.788, 1, 0 %, 0 %, 35270 MiB, 37.83 W
2026/09/20 20:49:20.789, 2, 0 %, 0 %, 35270 MiB, 36.93 W
2026/09/20 20:49:25.790, 0, 25 %, 1 %, 35270 MiB, 38.65 W
2026/09/20 20:49:25.790, 1, 0 %, 0 %, 35270 MiB, 37.93 W
2026/09/20 20:49:25.790, 2, 0 %, 0 %, 35270 MiB, 36.75 W
2026/09/20 20:49:30.791, 0, 0 %, 0 %, 35270 MiB, 38.46 W
2026/09/20 20:49:30.792, 1, 0 %, 0 %, 35270 MiB, 37.84 W
2026/09/20 20:49:30.792, 2, 0 %, 0 %, 35270 MiB, 36.74 W
2026/09/20 20:49:35.793, 0, 0 %, 0 %, 35270 MiB, 39.63 W
2026/09/20 20:49:35.793, 1, 0 %, 0 %, 35270 MiB, 41.67 W
2026/09/20 20:49:35.794, 2, 0 %, 0 %, 35270 MiB, 37.01 W
2026/09/20 20:49:40.795, 0, 0 %, 0 %, 35270 MiB, 38.56 W
2026/09/20 20:49:40.796, 1, 0 %, 0 %, 35270 MiB, 37.84 W
2026/09/20 20:49:40.796, 2, 0 %, 0 %, 35270 MiB, 36.84 W
2026/09/20 20:49:45.796, 0, 0 %, 0 %, 35270 MiB, 38.59 W
2026/09/20 20:49:45.797, 1, 0 %, 0 %, 35270 MiB, 39.54 W
2026/09/20 20:49:45.797, 2, 0 %, 0 %, 35270 MiB, 36.88 W
2026/09/20 20:49:50.798, 0, 0 %, 0 %, 35270 MiB, 38.47 W
2026/09/20 20:49:50.798, 1, 24 %, 1 %, 35270 MiB, 37.76 W
2026/09/20 20:49:50.799, 2, 0 %, 0 %, 35270 MiB, 36.86 W
2026/09/20 20:49:55.800, 0, 0 %, 0 %, 35270 MiB, 38.46 W
2026/09/20 20:49:55.800, 1, 5 %, 0 %, 35270 MiB, 43.16 W
2026/09/20 20:49:55.800, 2, 0 %, 0 %, 35270 MiB, 36.84 W
2026/09/20 20:50:00.801, 0, 0 %, 0 %, 35270 MiB, 38.39 W
2026/09/20 20:50:00.802, 1, 0 %, 0 %, 35270 MiB, 37.76 W
2026/09/20 20:50:00.802, 2, 0 %, 0 %, 35270 MiB, 36.67 W
2026/09/20 20:50:05.802, 0, 0 %, 0 %, 35270 MiB, 38.35 W
2026/09/20 20:50:05.803, 1, 0 %, 0 %, 35270 MiB, 37.83 W
2026/09/20 20:50:05.803, 2, 0 %, 0 %, 35270 MiB, 36.74 W
2026/09/20 20:50:10.804, 0, 0 %, 0 %, 35270 MiB, 38.35 W
2026/09/20 20:50:10.804, 1, 0 %, 0 %, 35270 MiB, 37.74 W
2026/09/20 20:50:10.804, 2, 0 %, 0 %, 35270 MiB, 36.84 W
2026/09/20 20:50:15.806, 0, 0 %, 0 %, 35270 MiB, 38.35 W
2026/09/20 20:50:15.806, 1, 0 %, 0 %, 35270 MiB, 37.83 W
2026/09/20 20:50:15.806, 2, 0 %, 0 %, 35270 MiB, 36.64 W
2026/09/20 20:50:20.808, 0, 0 %, 0 %, 35270 MiB, 38.65 W
2026/09/20 20:50:20.809, 1, 0 %, 0 %, 35270 MiB, 37.74 W
2026/09/20 20:50:20.809, 2, 0 %, 0 %, 35270 MiB, 36.74 W
2026/09/20 20:50:25.810, 0, 0 %, 0 %, 35270 MiB, 38.06 W
2026/09/20 20:50:25.810, 1, 0 %, 0 %, 35270 MiB, 41.00 W
2026/09/20 20:50:25.811, 2, 0 %, 0 %, 35270 MiB, 36.74 W
2026/09/20 20:50:30.812, 0, 0 %, 0 %, 35270 MiB, 38.36 W
2026/09/20 20:50:30.812, 1, 0 %, 0 %, 35270 MiB, 43.46 W
2026/09/20 20:50:30.813, 2, 0 %, 0 %, 35270 MiB, 36.74 W
2026/09/20 20:50:35.814, 0, 0 %, 0 %, 35270 MiB, 38.54 W
2026/09/20 20:50:35.814, 1, 5 %, 0 %, 35270 MiB, 38.03 W
2026/09/20 20:50:35.814, 2, 0 %, 0 %, 35270 MiB, 36.84 W
2026/09/20 20:50:40.815, 0, 0 %, 0 %, 35270 MiB, 38.46 W
2026/09/20 20:50:40.816, 1, 0 %, 0 %, 35270 MiB, 38.03 W
2026/09/20 20:50:40.816, 2, 0 %, 0 %, 35270 MiB, 36.84 W
2026/09/20 20:50:45.817, 0, 0 %, 0 %, 35270 MiB, 38.55 W
2026/09/20 20:50:45.817, 1, 10 %, 0 %, 35270 MiB, 38.03 W
2026/09/20 20:50:45.817, 2, 0 %, 0 %, 35270 MiB, 36.94 W
2026/09/20 20:50:50.819, 0, 0 %, 0 %, 35270 MiB, 38.64 W
2026/09/20 20:50:50.820, 1, 0 %, 0 %, 35270 MiB, 37.83 W
2026/09/20 20:50:50.820, 2, 0 %, 0 %, 35270 MiB, 36.84 W
2026/09/20 20:50:55.824, 0, 0 %, 0 %, 35270 MiB, 38.46 W
2026/09/20 20:50:55.825, 1, 0 %, 0 %, 35270 MiB, 37.74 W
2026/09/20 20:50:55.825, 2, 0 %, 0 %, 35270 MiB, 41.61 W
2026/09/20 20:51:00.830, 0, 0 %, 0 %, 35270 MiB, 38.37 W
2026/09/20 20:51:00.830, 1, 10 %, 0 %, 35270 MiB, 37.85 W
2026/09/20 20:51:00.831, 2, 0 %, 0 %, 35270 MiB, 36.84 W
2026/09/20 20:51:05.832, 0, 0 %, 0 %, 35270 MiB, 38.36 W
2026/09/20 20:51:05.833, 1, 1 %, 0 %, 35270 MiB, 38.03 W
2026/09/20 20:51:05.833, 2, 0 %, 0 %, 35270 MiB, 37.04 W
2026/09/20 20:51:10.834, 0, 0 %, 0 %, 35270 MiB, 38.36 W
2026/09/20 20:51:10.835, 1, 0 %, 0 %, 35270 MiB, 37.94 W
2026/09/20 20:51:10.835, 2, 0 %, 0 %, 35270 MiB, 36.74 W
2026/09/20 20:51:15.835, 0, 0 %, 0 %, 35270 MiB, 38.39 W
2026/09/20 20:51:15.836, 1, 0 %, 0 %, 35270 MiB, 37.86 W
2026/09/20 20:51:15.836, 2, 0 %, 0 %, 35270 MiB, 36.77 W
2026/09/20 20:51:20.836, 0, 0 %, 0 %, 35270 MiB, 38.39 W
2026/09/20 20:51:20.837, 1, 0 %, 0 %, 35270 MiB, 37.86 W
2026/09/20 20:51:20.837, 2, 0 %, 0 %, 35270 MiB, 36.86 W
2026/09/20 20:51:25.838, 0, 0 %, 0 %, 35270 MiB, 38.46 W
2026/09/20 20:51:25.838, 1, 0 %, 0 %, 35270 MiB, 37.84 W
2026/09/20 20:51:25.838, 2, 0 %, 0 %, 35270 MiB, 36.84 W
2026/09/20 20:51:30.840, 0, 0 %, 0 %, 35270 MiB, 38.46 W
2026/09/20 20:51:30.840, 1, 0 %, 0 %, 35270 MiB, 37.94 W
2026/09/20 20:51:30.840, 2, 0 %, 0 %, 35270 MiB, 36.74 W
2026/09/20 20:51:35.841, 0, 0 %, 0 %, 35270 MiB, 38.36 W
2026/09/20 20:51:35.842, 1, 0 %, 0 %, 35270 MiB, 37.84 W
2026/09/20 20:51:35.842, 2, 0 %, 0 %, 35270 MiB, 37.94 W
2026/09/20 20:51:40.843, 0, 0 %, 0 %, 35270 MiB, 38.39 W
2026/09/20 20:51:40.843, 1, 0 %, 0 %, 35270 MiB, 38.15 W
2026/09/20 20:51:40.844, 2, 0 %, 0 %, 35270 MiB, 36.96 W
2026/09/20 20:51:45.844, 0, 0 %, 0 %, 35270 MiB, 38.57 W
2026/09/20 20:51:45.845, 1, 0 %, 0 %, 35270 MiB, 37.96 W
2026/09/20 20:51:45.845, 2, 0 %, 0 %, 35270 MiB, 36.87 W
2026/09/20 20:51:50.846, 0, 0 %, 0 %, 35270 MiB, 38.46 W
2026/09/20 20:51:50.847, 1, 0 %, 0 %, 35270 MiB, 37.93 W
2026/09/20 20:51:50.847, 2, 0 %, 0 %, 35270 MiB, 36.94 W
2026/09/20 20:51:55.848, 0, 0 %, 0 %, 35270 MiB, 38.54 W
2026/09/20 20:51:55.849, 1, 0 %, 0 %, 35270 MiB, 37.73 W
2026/09/20 20:51:55.849, 2, 36 %, 1 %, 35270 MiB, 36.94 W
2026/09/20 20:52:00.850, 0, 0 %, 0 %, 35270 MiB, 38.56 W
2026/09/20 20:52:00.850, 1, 0 %, 0 %, 35270 MiB, 37.84 W
2026/09/20 20:52:00.850, 2, 0 %, 0 %, 35270 MiB, 37.75 W
2026/09/20 20:52:05.851, 0, 0 %, 0 %, 35270 MiB, 38.65 W
2026/09/20 20:52:05.852, 1, 0 %, 0 %, 35270 MiB, 37.64 W
2026/09/20 20:52:05.852, 2, 0 %, 0 %, 35270 MiB, 36.94 W
2026/09/20 20:52:10.852, 0, 0 %, 0 %, 35270 MiB, 38.41 W
2026/09/20 20:52:10.853, 1, 0 %, 0 %, 35270 MiB, 37.76 W
2026/09/20 20:52:10.853, 2, 0 %, 0 %, 35270 MiB, 36.96 W
2026/09/20 20:52:15.853, 0, 0 %, 0 %, 35270 MiB, 38.37 W
2026/09/20 20:52:15.853, 1, 0 %, 0 %, 35270 MiB, 37.84 W
2026/09/20 20:52:15.854, 2, 0 %, 0 %, 35270 MiB, 37.06 W
2026/09/20 20:52:20.854, 0, 0 %, 0 %, 35270 MiB, 38.35 W
2026/09/20 20:52:20.855, 1, 0 %, 0 %, 35270 MiB, 37.83 W
2026/09/20 20:52:20.855, 2, 0 %, 0 %, 35270 MiB, 36.84 W
2026/09/20 20:52:25.856, 0, 0 %, 0 %, 35270 MiB, 38.44 W
2026/09/20 20:52:25.856, 1, 0 %, 0 %, 35270 MiB, 37.83 W
2026/09/20 20:52:25.856, 2, 0 %, 0 %, 35270 MiB, 36.84 W
2026/09/20 20:52:30.858, 0, 0 %, 0 %, 35270 MiB, 38.44 W
2026/09/20 20:52:30.858, 1, 0 %, 0 %, 35270 MiB, 37.83 W
2026/09/20 20:52:30.858, 2, 0 %, 0 %, 35270 MiB, 36.84 W
2026/09/20 20:52:35.859, 0, 0 %, 0 %, 35270 MiB, 38.37 W
2026/09/20 20:52:35.859, 1, 0 %, 0 %, 35270 MiB, 37.94 W
2026/09/20 20:52:35.859, 2, 0 %, 0 %, 35270 MiB, 36.95 W
2026/09/20 20:52:40.870, 0, 0 %, 0 %, 35270 MiB, 38.48 W
2026/09/20 20:52:40.871, 1, 0 %, 0 %, 35270 MiB, 37.96 W
2026/09/20 20:52:40.871, 2, 0 %, 0 %, 35270 MiB, 36.87 W
2026/09/20 20:52:45.872, 0, 0 %, 0 %, 35270 MiB, 38.56 W
2026/09/20 20:52:45.873, 1, 0 %, 0 %, 35270 MiB, 37.94 W
2026/09/20 20:52:45.873, 2, 0 %, 0 %, 35270 MiB, 36.84 W
2026/09/20 20:52:50.873, 0, 0 %, 0 %, 35270 MiB, 38.47 W
2026/09/20 20:52:50.874, 1, 0 %, 0 %, 35270 MiB, 38.05 W
2026/09/20 20:52:50.874, 2, 0 %, 0 %, 35270 MiB, 36.76 W
2026/09/20 20:52:55.874, 0, 0 %, 0 %, 35270 MiB, 38.54 W
2026/09/20 20:52:55.875, 1, 0 %, 0 %, 35270 MiB, 37.93 W
2026/09/20 20:52:55.875, 2, 0 %, 0 %, 35270 MiB, 36.94 W
2026/09/20 20:53:00.876, 0, 0 %, 0 %, 35270 MiB, 38.56 W
2026/09/20 20:53:00.877, 1, 0 %, 0 %, 35270 MiB, 37.84 W
2026/09/20 20:53:00.877, 2, 0 %, 0 %, 35270 MiB, 36.84 W
2026/09/20 20:53:05.878, 0, 0 %, 0 %, 35270 MiB, 38.65 W
2026/09/20 20:53:05.878, 1, 0 %, 0 %, 35270 MiB, 37.84 W
2026/09/20 20:53:05.879, 2, 0 %, 0 %, 35270 MiB, 36.96 W
2026/09/20 20:53:10.883, 0, 0 %, 0 %, 35270 MiB, 38.57 W
2026/09/20 20:53:10.883, 1, 0 %, 0 %, 35270 MiB, 37.94 W
2026/09/20 20:53:10.883, 2, 0 %, 0 %, 35270 MiB, 37.04 W
2026/09/20 20:53:15.884, 0, 0 %, 0 %, 35270 MiB, 38.51 W
2026/09/20 20:53:15.885, 1, 0 %, 0 %, 35270 MiB, 37.88 W
2026/09/20 20:53:15.885, 2, 0 %, 0 %, 35270 MiB, 37.09 W
2026/09/20 20:53:20.886, 0, 0 %, 0 %, 35270 MiB, 38.65 W
2026/09/20 20:53:20.887, 1, 0 %, 0 %, 35270 MiB, 37.84 W
2026/09/20 20:53:20.887, 2, 0 %, 0 %, 35270 MiB, 36.94 W
2026/09/20 20:53:25.887, 0, 0 %, 0 %, 35270 MiB, 38.44 W
2026/09/20 20:53:25.887, 1, 0 %, 0 %, 35270 MiB, 38.13 W
2026/09/20 20:53:25.887, 2, 0 %, 0 %, 35270 MiB, 36.84 W
2026/09/20 20:53:30.889, 0, 0 %, 0 %, 35270 MiB, 38.47 W
2026/09/20 20:53:30.889, 1, 0 %, 0 %, 35270 MiB, 37.85 W
2026/09/20 20:53:30.890, 2, 0 %, 0 %, 35270 MiB, 36.86 W
2026/09/20 20:53:35.890, 0, 0 %, 0 %, 35270 MiB, 38.48 W
2026/09/20 20:53:35.891, 1, 0 %, 0 %, 35270 MiB, 37.86 W
2026/09/20 20:53:35.891, 2, 0 %, 0 %, 35270 MiB, 36.86 W
2026/09/20 20:53:40.892, 0, 0 %, 0 %, 35270 MiB, 38.75 W
2026/09/20 20:53:40.893, 1, 0 %, 0 %, 35270 MiB, 37.85 W
2026/09/20 20:53:40.893, 2, 0 %, 0 %, 35270 MiB, 36.96 W
2026/09/20 20:53:45.894, 0, 0 %, 0 %, 35270 MiB, 38.47 W
2026/09/20 20:53:45.895, 1, 0 %, 0 %, 35270 MiB, 38.03 W
2026/09/20 20:53:45.895, 2, 0 %, 0 %, 35270 MiB, 36.86 W
2026/09/20 20:53:50.896, 0, 0 %, 0 %, 35270 MiB, 38.56 W
2026/09/20 20:53:50.896, 1, 0 %, 0 %, 35270 MiB, 38.03 W
2026/09/20 20:53:50.897, 2, 0 %, 0 %, 35270 MiB, 37.14 W
2026/09/20 20:53:55.897, 0, 0 %, 0 %, 35270 MiB, 38.31 W
2026/09/20 20:53:55.898, 1, 0 %, 0 %, 35270 MiB, 38.08 W
2026/09/20 20:53:55.898, 2, 0 %, 0 %, 35270 MiB, 36.98 W
2026/09/20 20:54:00.899, 0, 0 %, 0 %, 35270 MiB, 38.36 W
2026/09/20 20:54:00.899, 1, 0 %, 0 %, 35270 MiB, 38.23 W
2026/09/20 20:54:00.900, 2, 0 %, 0 %, 35270 MiB, 37.04 W
2026/09/20 20:54:05.900, 0, 0 %, 0 %, 35270 MiB, 38.65 W
2026/09/20 20:54:05.901, 1, 0 %, 0 %, 35270 MiB, 38.03 W
2026/09/20 20:54:05.901, 2, 0 %, 0 %, 35270 MiB, 37.04 W
2026/09/20 20:54:10.902, 0, 0 %, 0 %, 35270 MiB, 38.65 W
2026/09/20 20:54:10.902, 1, 0 %, 0 %, 35270 MiB, 37.93 W
2026/09/20 20:54:10.903, 2, 0 %, 0 %, 35270 MiB, 37.24 W
2026/09/20 20:54:15.904, 0, 0 %, 0 %, 35270 MiB, 38.86 W
2026/09/20 20:54:15.905, 1, 0 %, 0 %, 35270 MiB, 37.84 W
2026/09/20 20:54:15.905, 2, 0 %, 0 %, 35270 MiB, 37.04 W
2026/09/20 20:54:20.906, 0, 0 %, 0 %, 35270 MiB, 38.65 W
2026/09/20 20:54:20.907, 1, 0 %, 0 %, 35270 MiB, 37.94 W
2026/09/20 20:54:20.907, 2, 0 %, 0 %, 35270 MiB, 36.94 W
2026/09/20 20:54:25.908, 0, 0 %, 0 %, 35270 MiB, 38.17 W
2026/09/20 20:54:25.908, 1, 0 %, 0 %, 35270 MiB, 37.85 W
2026/09/20 20:54:25.909, 2, 0 %, 0 %, 35270 MiB, 37.06 W
2026/09/20 20:54:30.910, 0, 0 %, 0 %, 35270 MiB, 38.57 W
2026/09/20 20:54:30.910, 1, 0 %, 0 %, 35270 MiB, 37.94 W
2026/09/20 20:54:30.911, 2, 0 %, 0 %, 35270 MiB, 37.04 W
2026/09/20 20:54:35.912, 0, 0 %, 0 %, 35270 MiB, 38.66 W
2026/09/20 20:54:35.913, 1, 0 %, 0 %, 35270 MiB, 37.93 W
2026/09/20 20:54:35.913, 2, 0 %, 0 %, 35270 MiB, 36.96 W
2026/09/20 20:54:40.914, 0, 0 %, 0 %, 35270 MiB, 38.46 W
2026/09/20 20:54:40.915, 1, 0 %, 0 %, 35270 MiB, 38.03 W
2026/09/20 20:54:40.915, 2, 0 %, 0 %, 35270 MiB, 36.94 W
2026/09/20 20:54:45.916, 0, 0 %, 0 %, 35270 MiB, 38.57 W
2026/09/20 20:54:45.916, 1, 0 %, 0 %, 35270 MiB, 37.96 W
2026/09/20 20:54:45.917, 2, 0 %, 0 %, 35270 MiB, 36.96 W
2026/09/20 20:54:50.917, 0, 0 %, 0 %, 35270 MiB, 38.62 W
2026/09/20 20:54:50.918, 1, 0 %, 0 %, 35270 MiB, 37.99 W
2026/09/20 20:54:50.918, 2, 0 %, 0 %, 35270 MiB, 36.99 W
2026/09/20 20:54:55.919, 0, 0 %, 0 %, 35270 MiB, 38.64 W
2026/09/20 20:54:55.920, 1, 0 %, 0 %, 35270 MiB, 38.03 W
2026/09/20 20:54:55.920, 2, 0 %, 0 %, 35270 MiB, 36.93 W
2026/09/20 20:55:00.921, 0, 0 %, 0 %, 35270 MiB, 38.66 W
2026/09/20 20:55:00.922, 1, 0 %, 0 %, 35270 MiB, 38.13 W
2026/09/20 20:55:00.922, 2, 0 %, 0 %, 35270 MiB, 36.95 W
2026/09/20 20:55:05.923, 0, 0 %, 0 %, 35270 MiB, 38.58 W
2026/09/20 20:55:05.923, 1, 0 %, 0 %, 35270 MiB, 38.06 W
2026/09/20 20:55:05.924, 2, 0 %, 0 %, 35270 MiB, 36.96 W
2026/09/20 20:55:10.925, 0, 0 %, 0 %, 35270 MiB, 38.66 W
2026/09/20 20:55:10.925, 1, 0 %, 0 %, 35270 MiB, 38.14 W
2026/09/20 20:55:10.925, 2, 0 %, 0 %, 35270 MiB, 37.14 W
2026/09/20 20:55:15.927, 0, 0 %, 0 %, 35270 MiB, 38.76 W
2026/09/20 20:55:15.928, 1, 0 %, 0 %, 35270 MiB, 38.15 W
2026/09/20 20:55:15.928, 2, 0 %, 0 %, 35270 MiB, 37.15 W
2026/09/20 20:55:20.928, 0, 0 %, 0 %, 35270 MiB, 38.80 W
2026/09/20 20:55:20.929, 1, 0 %, 0 %, 35270 MiB, 38.08 W
2026/09/20 20:55:20.929, 2, 0 %, 0 %, 35270 MiB, 37.09 W
2026/09/20 20:55:25.929, 0, 0 %, 0 %, 35270 MiB, 39.01 W
2026/09/20 20:55:25.930, 1, 0 %, 0 %, 35270 MiB, 38.08 W
2026/09/20 20:55:25.930, 2, 0 %, 0 %, 35270 MiB, 37.39 W
2026/09/20 20:55:30.930, 0, 0 %, 0 %, 35270 MiB, 38.80 W
2026/09/20 20:55:30.931, 1, 0 %, 0 %, 35270 MiB, 38.08 W
2026/09/20 20:55:30.931, 2, 0 %, 0 %, 35270 MiB, 37.18 W
2026/09/20 20:55:35.931, 0, 0 %, 0 %, 35270 MiB, 38.81 W
2026/09/20 20:55:35.932, 1, 0 %, 0 %, 35270 MiB, 38.18 W
2026/09/20 20:55:35.932, 2, 0 %, 0 %, 35270 MiB, 37.28 W
2026/09/20 20:55:40.932, 0, 0 %, 0 %, 35270 MiB, 38.81 W
2026/09/20 20:55:40.933, 1, 0 %, 0 %, 35270 MiB, 38.19 W
2026/09/20 20:55:40.933, 2, 0 %, 0 %, 35270 MiB, 37.09 W
2026/09/20 20:55:45.934, 0, 0 %, 0 %, 35270 MiB, 38.81 W
2026/09/20 20:55:45.934, 1, 0 %, 0 %, 35270 MiB, 38.28 W
2026/09/20 20:55:45.935, 2, 0 %, 0 %, 35270 MiB, 37.39 W
2026/09/20 20:55:50.935, 0, 0 %, 0 %, 35270 MiB, 38.92 W
2026/09/20 20:55:50.935, 1, 0 %, 0 %, 35270 MiB, 38.39 W
2026/09/20 20:55:50.935, 2, 0 %, 0 %, 35270 MiB, 37.18 W
2026/09/20 20:55:55.936, 0, 0 %, 0 %, 35270 MiB, 38.87 W
2026/09/20 20:55:55.936, 1, 0 %, 0 %, 35270 MiB, 38.34 W
2026/09/20 20:55:55.936, 2, 0 %, 0 %, 35270 MiB, 37.26 W
2026/09/20 20:56:00.938, 0, 0 %, 0 %, 35270 MiB, 38.99 W
2026/09/20 20:56:00.938, 1, 0 %, 0 %, 35270 MiB, 38.37 W
2026/09/20 20:56:00.939, 2, 0 %, 0 %, 35270 MiB, 37.28 W
2026/09/20 20:56:05.939, 0, 0 %, 0 %, 35270 MiB, 39.07 W
2026/09/20 20:56:05.940, 1, 0 %, 0 %, 35270 MiB, 38.44 W
2026/09/20 20:56:05.940, 2, 0 %, 0 %, 35270 MiB, 37.46 W
2026/09/20 20:56:10.941, 0, 0 %, 0 %, 35270 MiB, 38.95 W
2026/09/20 20:56:10.941, 1, 0 %, 0 %, 35270 MiB, 38.44 W
2026/09/20 20:56:10.941, 2, 0 %, 0 %, 35270 MiB, 37.24 W
2026/09/20 20:56:15.942, 0, 0 %, 0 %, 35270 MiB, 38.76 W
2026/09/20 20:56:15.943, 1, 0 %, 0 %, 35270 MiB, 38.34 W
2026/09/20 20:56:15.943, 2, 0 %, 0 %, 35270 MiB, 37.14 W
2026/09/20 20:56:20.944, 0, 0 %, 0 %, 35270 MiB, 38.85 W
2026/09/20 20:56:20.944, 1, 0 %, 0 %, 35270 MiB, 38.23 W
2026/09/20 20:56:20.944, 2, 0 %, 0 %, 35270 MiB, 37.15 W
2026/09/20 20:56:25.945, 0, 0 %, 0 %, 35270 MiB, 39.06 W
2026/09/20 20:56:25.945, 1, 0 %, 0 %, 35270 MiB, 38.23 W
2026/09/20 20:56:25.945, 2, 0 %, 0 %, 35270 MiB, 37.24 W
2026/09/20 20:56:30.947, 0, 0 %, 0 %, 35270 MiB, 38.76 W
2026/09/20 20:56:30.947, 1, 0 %, 0 %, 35270 MiB, 38.05 W
2026/09/20 20:56:30.947, 2, 0 %, 0 %, 35270 MiB, 37.24 W
2026/09/20 20:56:35.959, 0, 0 %, 0 %, 35270 MiB, 38.65 W
2026/09/20 20:56:35.959, 1, 0 %, 0 %, 35270 MiB, 38.03 W
2026/09/20 20:56:35.959, 2, 0 %, 0 %, 35270 MiB, 37.14 W
2026/09/20 20:56:40.961, 0, 0 %, 0 %, 35270 MiB, 38.64 W
2026/09/20 20:56:40.961, 1, 0 %, 0 %, 35270 MiB, 37.93 W
2026/09/20 20:56:40.961, 2, 0 %, 0 %, 35270 MiB, 37.03 W
2026/09/20 20:56:45.963, 0, 0 %, 0 %, 35270 MiB, 38.76 W
2026/09/20 20:56:45.963, 1, 0 %, 0 %, 35270 MiB, 38.14 W
2026/09/20 20:56:45.963, 2, 0 %, 0 %, 35270 MiB, 37.06 W
2026/09/20 20:56:50.965, 0, 0 %, 0 %, 35270 MiB, 38.57 W
2026/09/20 20:56:50.965, 1, 0 %, 0 %, 35270 MiB, 38.04 W
2026/09/20 20:56:50.965, 2, 0 %, 0 %, 35270 MiB, 36.86 W
2026/09/20 20:56:55.967, 0, 0 %, 0 %, 35270 MiB, 38.46 W
2026/09/20 20:56:55.967, 1, 0 %, 0 %, 35270 MiB, 38.03 W
2026/09/20 20:56:55.967, 2, 0 %, 0 %, 35270 MiB, 36.94 W
2026/09/20 20:57:00.969, 0, 0 %, 0 %, 35270 MiB, 38.66 W
2026/09/20 20:57:00.969, 1, 0 %, 0 %, 35270 MiB, 37.94 W
2026/09/20 20:57:00.970, 2, 0 %, 0 %, 35270 MiB, 37.14 W
2026/09/20 20:57:05.970, 0, 0 %, 0 %, 35270 MiB, 38.66 W
2026/09/20 20:57:05.971, 1, 0 %, 0 %, 35270 MiB, 38.15 W
2026/09/20 20:57:05.971, 2, 0 %, 0 %, 35270 MiB, 37.06 W
2026/09/20 20:57:10.972, 0, 0 %, 0 %, 35270 MiB, 38.65 W
2026/09/20 20:57:10.983, 1, 0 %, 0 %, 35270 MiB, 38.03 W
2026/09/20 20:57:10.984, 2, 0 %, 0 %, 35270 MiB, 36.94 W
2026/09/20 20:57:15.997, 0, 0 %, 0 %, 35270 MiB, 38.56 W
2026/09/20 20:57:15.997, 1, 0 %, 0 %, 35270 MiB, 38.13 W
2026/09/20 20:57:15.997, 2, 0 %, 0 %, 35270 MiB, 36.94 W
2026/09/20 20:57:21.006, 0, 0 %, 0 %, 35270 MiB, 38.76 W
2026/09/20 20:57:21.006, 1, 0 %, 0 %, 35270 MiB, 38.14 W
2026/09/20 20:57:21.006, 2, 0 %, 0 %, 35270 MiB, 37.15 W
2026/09/20 20:57:26.007, 0, 0 %, 0 %, 35270 MiB, 38.76 W
2026/09/20 20:57:26.008, 1, 0 %, 0 %, 35270 MiB, 38.03 W
2026/09/20 20:57:26.008, 2, 0 %, 0 %, 35270 MiB, 37.05 W
2026/09/20 20:57:31.010, 0, 0 %, 0 %, 35270 MiB, 38.65 W
2026/09/20 20:57:31.011, 1, 0 %, 0 %, 35270 MiB, 37.84 W
2026/09/20 20:57:31.011, 2, 0 %, 0 %, 35270 MiB, 37.04 W
2026/09/20 20:57:36.011, 0, 0 %, 0 %, 35270 MiB, 38.65 W
2026/09/20 20:57:36.012, 1, 0 %, 0 %, 35270 MiB, 37.84 W
2026/09/20 20:57:36.012, 2, 0 %, 0 %, 35270 MiB, 36.94 W
2026/09/20 20:57:41.012, 0, 0 %, 0 %, 35270 MiB, 38.75 W
2026/09/20 20:57:41.013, 1, 0 %, 0 %, 35270 MiB, 37.94 W
2026/09/20 20:57:41.013, 2, 0 %, 0 %, 35270 MiB, 37.14 W
2026/09/20 20:57:46.013, 0, 0 %, 0 %, 35270 MiB, 38.57 W
2026/09/20 20:57:46.013, 1, 0 %, 0 %, 35270 MiB, 37.84 W
2026/09/20 20:57:46.014, 2, 0 %, 0 %, 35270 MiB, 37.06 W
2026/09/20 20:57:51.015, 0, 0 %, 0 %, 35270 MiB, 38.47 W
2026/09/20 20:57:51.015, 1, 0 %, 0 %, 35270 MiB, 37.84 W
2026/09/20 20:57:51.015, 2, 0 %, 0 %, 35270 MiB, 36.74 W
2026/09/20 20:57:56.017, 0, 0 %, 0 %, 35270 MiB, 38.46 W
2026/09/20 20:57:56.017, 1, 0 %, 0 %, 35270 MiB, 37.96 W
2026/09/20 20:57:56.018, 2, 0 %, 0 %, 35270 MiB, 36.84 W
2026/09/20 20:58:01.026, 0, 0 %, 0 %, 35270 MiB, 38.57 W
2026/09/20 20:58:01.026, 1, 0 %, 0 %, 35270 MiB, 37.93 W
2026/09/20 20:58:01.026, 2, 0 %, 0 %, 35270 MiB, 36.96 W
2026/09/20 20:58:06.028, 0, 0 %, 0 %, 35270 MiB, 38.56 W
2026/09/20 20:58:06.028, 1, 0 %, 0 %, 35270 MiB, 37.93 W
2026/09/20 20:58:06.028, 2, 0 %, 0 %, 35270 MiB, 36.84 W
2026/09/20 20:58:11.029, 0, 0 %, 0 %, 35270 MiB, 38.56 W
2026/09/20 20:58:11.029, 1, 0 %, 0 %, 35270 MiB, 37.95 W
2026/09/20 20:58:11.030, 2, 0 %, 0 %, 35270 MiB, 36.94 W
2026/09/20 20:58:16.031, 0, 0 %, 0 %, 35270 MiB, 38.16 W
2026/09/20 20:58:16.031, 1, 0 %, 0 %, 35270 MiB, 38.14 W
2026/09/20 20:58:16.031, 2, 0 %, 0 %, 35270 MiB, 36.95 W
2026/09/20 20:58:21.033, 0, 0 %, 0 %, 35270 MiB, 38.27 W
2026/09/20 20:58:21.033, 1, 0 %, 0 %, 35270 MiB, 38.05 W
2026/09/20 20:58:21.033, 2, 0 %, 0 %, 35270 MiB, 36.96 W
2026/09/20 20:58:26.035, 0, 0 %, 0 %, 35270 MiB, 38.68 W
2026/09/20 20:58:26.035, 1, 0 %, 0 %, 35270 MiB, 38.06 W
2026/09/20 20:58:26.035, 2, 0 %, 0 %, 35270 MiB, 37.06 W
2026/09/20 20:58:31.036, 0, 0 %, 0 %, 35270 MiB, 38.78 W
2026/09/20 20:58:31.037, 1, 0 %, 0 %, 35270 MiB, 38.05 W
2026/09/20 20:58:31.037, 2, 0 %, 0 %, 35270 MiB, 37.06 W
2026/09/20 20:58:36.038, 0, 0 %, 0 %, 35270 MiB, 38.99 W
2026/09/20 20:58:36.038, 1, 0 %, 0 %, 35270 MiB, 38.06 W
2026/09/20 20:58:36.038, 2, 0 %, 0 %, 35270 MiB, 37.26 W
2026/09/20 20:58:41.041, 0, 0 %, 0 %, 35270 MiB, 38.79 W
2026/09/20 20:58:41.041, 1, 0 %, 0 %, 35270 MiB, 37.98 W
2026/09/20 20:58:41.041, 2, 0 %, 0 %, 35270 MiB, 37.16 W
2026/09/20 20:58:46.042, 0, 0 %, 0 %, 35270 MiB, 38.90 W
2026/09/20 20:58:46.043, 1, 0 %, 0 %, 35270 MiB, 38.06 W
2026/09/20 20:58:46.043, 2, 0 %, 0 %, 35270 MiB, 37.18 W
2026/09/20 20:58:51.043, 0, 0 %, 0 %, 35270 MiB, 38.71 W
2026/09/20 20:58:51.044, 1, 0 %, 0 %, 35270 MiB, 38.26 W
2026/09/20 20:58:51.044, 2, 0 %, 0 %, 35270 MiB, 37.28 W
2026/09/20 20:58:56.044, 0, 100 %, 6 %, 35270 MiB, 91.64 W
2026/09/20 20:58:56.044, 1, 100 %, 6 %, 35270 MiB, 92.33 W
2026/09/20 20:58:56.044, 2, 100 %, 6 %, 35270 MiB, 87.30 W
2026/09/20 20:59:01.045, 0, 100 %, 7 %, 35270 MiB, 92.66 W
2026/09/20 20:59:01.045, 1, 100 %, 7 %, 35270 MiB, 96.64 W
2026/09/20 20:59:01.045, 2, 100 %, 7 %, 35270 MiB, 91.37 W
2026/09/20 20:59:06.046, 0, 100 %, 7 %, 35270 MiB, 96.36 W
2026/09/20 20:59:06.046, 1, 100 %, 6 %, 35270 MiB, 95.94 W
2026/09/20 20:59:06.046, 2, 100 %, 7 %, 35270 MiB, 91.43 W
2026/09/20 20:59:11.046, 0, 100 %, 6 %, 35270 MiB, 93.75 W
2026/09/20 20:59:11.047, 1, 100 %, 7 %, 35270 MiB, 93.41 W
2026/09/20 20:59:11.047, 2, 100 %, 7 %, 35270 MiB, 96.69 W
2026/09/20 20:59:16.047, 0, 100 %, 7 %, 35270 MiB, 95.08 W
2026/09/20 20:59:16.047, 1, 100 %, 7 %, 35270 MiB, 91.75 W
2026/09/20 20:59:16.047, 2, 100 %, 7 %, 35270 MiB, 94.11 W
2026/09/20 20:59:21.048, 0, 100 %, 7 %, 35270 MiB, 99.13 W
2026/09/20 20:59:21.048, 1, 100 %, 7 %, 35270 MiB, 95.60 W
2026/09/20 20:59:21.048, 2, 100 %, 7 %, 35270 MiB, 92.83 W
2026/09/20 20:59:26.048, 0, 100 %, 7 %, 35270 MiB, 99.19 W
2026/09/20 20:59:26.049, 1, 100 %, 7 %, 35270 MiB, 95.97 W
2026/09/20 20:59:26.049, 2, 100 %, 7 %, 35270 MiB, 93.07 W
2026/09/20 20:59:31.049, 0, 100 %, 7 %, 35270 MiB, 91.89 W
2026/09/20 20:59:31.049, 1, 100 %, 7 %, 35270 MiB, 99.33 W
2026/09/20 20:59:31.049, 2, 100 %, 7 %, 35270 MiB, 94.94 W
2026/09/20 20:59:36.050, 0, 99 %, 7 %, 35270 MiB, 93.80 W
2026/09/20 20:59:36.050, 1, 100 %, 6 %, 35270 MiB, 93.46 W
2026/09/20 20:59:36.050, 2, 100 %, 7 %, 35270 MiB, 94.75 W
2026/09/20 20:59:41.050, 0, 100 %, 7 %, 35270 MiB, 95.55 W
2026/09/20 20:59:41.051, 1, 100 %, 7 %, 35270 MiB, 101.08 W
2026/09/20 20:59:41.051, 2, 100 %, 7 %, 35270 MiB, 95.29 W
2026/09/20 20:59:46.051, 0, 100 %, 7 %, 35270 MiB, 95.40 W
2026/09/20 20:59:46.051, 1, 100 %, 7 %, 35270 MiB, 96.39 W
2026/09/20 20:59:46.051, 2, 100 %, 7 %, 35270 MiB, 95.93 W
2026/09/20 20:59:51.052, 0, 100 %, 7 %, 35270 MiB, 94.82 W
2026/09/20 20:59:51.052, 1, 100 %, 6 %, 35270 MiB, 101.57 W
2026/09/20 20:59:51.052, 2, 100 %, 7 %, 35270 MiB, 96.06 W
2026/09/20 20:59:56.052, 0, 100 %, 7 %, 35270 MiB, 99.66 W
2026/09/20 20:59:56.052, 1, 100 %, 7 %, 35270 MiB, 97.06 W
2026/09/20 20:59:56.053, 2, 100 %, 7 %, 35270 MiB, 97.09 W
2026/09/20 21:00:01.053, 0, 100 %, 7 %, 35270 MiB, 99.24 W
2026/09/20 21:00:01.053, 1, 100 %, 7 %, 35270 MiB, 98.67 W
2026/09/20 21:00:01.053, 2, 100 %, 11 %, 35270 MiB, 97.81 W
2026/09/20 21:00:06.054, 0, 100 %, 7 %, 35270 MiB, 95.64 W
2026/09/20 21:00:06.054, 1, 100 %, 7 %, 35270 MiB, 98.89 W
2026/09/20 21:00:06.054, 2, 100 %, 7 %, 35270 MiB, 98.50 W
2026/09/20 21:00:11.054, 0, 100 %, 7 %, 35270 MiB, 98.54 W
2026/09/20 21:00:11.054, 1, 100 %, 7 %, 35270 MiB, 95.76 W
2026/09/20 21:00:11.054, 2, 100 %, 7 %, 35270 MiB, 101.18 W
2026/09/20 21:00:16.056, 0, 100 %, 7 %, 35270 MiB, 102.47 W
2026/09/20 21:00:16.056, 1, 100 %, 14 %, 35270 MiB, 96.91 W
2026/09/20 21:00:16.056, 2, 100 %, 7 %, 35270 MiB, 95.43 W
2026/09/20 21:00:21.056, 0, 100 %, 7 %, 35270 MiB, 95.59 W
2026/09/20 21:00:21.056, 1, 100 %, 7 %, 35270 MiB, 95.86 W
2026/09/20 21:00:21.056, 2, 100 %, 7 %, 35270 MiB, 107.39 W
2026/09/20 21:00:26.057, 0, 100 %, 11 %, 35270 MiB, 102.34 W
2026/09/20 21:00:26.057, 1, 100 %, 6 %, 35270 MiB, 104.41 W
2026/09/20 21:00:26.057, 2, 100 %, 7 %, 35270 MiB, 97.83 W
2026/09/20 21:00:31.058, 0, 100 %, 7 %, 35270 MiB, 105.28 W
2026/09/20 21:00:31.058, 1, 100 %, 7 %, 35270 MiB, 101.68 W
2026/09/20 21:00:31.058, 2, 100 %, 6 %, 35270 MiB, 95.87 W
2026/09/20 21:00:36.058, 0, 100 %, 7 %, 35270 MiB, 99.00 W
2026/09/20 21:00:36.058, 1, 100 %, 9 %, 35270 MiB, 157.78 W
2026/09/20 21:00:36.059, 2, 100 %, 10 %, 35270 MiB, 94.78 W
2026/09/20 21:00:41.059, 0, 100 %, 7 %, 35270 MiB, 97.63 W
2026/09/20 21:00:41.059, 1, 100 %, 11 %, 35270 MiB, 136.95 W
2026/09/20 21:00:41.059, 2, 100 %, 7 %, 35270 MiB, 95.25 W
2026/09/20 21:00:46.060, 0, 100 %, 7 %, 35270 MiB, 98.99 W
2026/09/20 21:00:46.060, 1, 100 %, 11 %, 35270 MiB, 99.48 W
2026/09/20 21:00:46.060, 2, 100 %, 7 %, 35270 MiB, 173.17 W
2026/09/20 21:00:51.060, 0, 100 %, 7 %, 35270 MiB, 99.32 W
2026/09/20 21:00:51.061, 1, 100 %, 16 %, 35270 MiB, 105.18 W
2026/09/20 21:00:51.061, 2, 100 %, 11 %, 35270 MiB, 100.60 W
2026/09/20 21:00:56.061, 0, 100 %, 7 %, 35270 MiB, 98.58 W
2026/09/20 21:00:56.061, 1, 100 %, 7 %, 35270 MiB, 99.55 W
2026/09/20 21:00:56.061, 2, 100 %, 7 %, 35270 MiB, 102.86 W
2026/09/20 21:01:01.062, 0, 100 %, 11 %, 35270 MiB, 94.61 W
2026/09/20 21:01:01.062, 1, 100 %, 6 %, 35270 MiB, 99.83 W
2026/09/20 21:01:01.062, 2, 100 %, 7 %, 35270 MiB, 100.84 W
2026/09/20 21:01:06.063, 0, 100 %, 11 %, 35270 MiB, 99.70 W
2026/09/20 21:01:06.063, 1, 100 %, 17 %, 35270 MiB, 96.33 W
2026/09/20 21:01:06.063, 2, 100 %, 7 %, 35270 MiB, 97.81 W
2026/09/20 21:01:11.063, 0, 100 %, 7 %, 35270 MiB, 97.49 W
2026/09/20 21:01:11.063, 1, 100 %, 12 %, 35270 MiB, 101.51 W
2026/09/20 21:01:11.064, 2, 100 %, 7 %, 35270 MiB, 101.52 W
2026/09/20 21:01:16.064, 0, 100 %, 7 %, 35270 MiB, 98.72 W
2026/09/20 21:01:16.064, 1, 100 %, 7 %, 35270 MiB, 96.04 W
2026/09/20 21:01:16.064, 2, 100 %, 11 %, 35270 MiB, 100.02 W
2026/09/20 21:01:21.064, 0, 100 %, 11 %, 35270 MiB, 103.57 W
2026/09/20 21:01:21.065, 1, 100 %, 6 %, 35270 MiB, 97.77 W
2026/09/20 21:01:21.065, 2, 100 %, 7 %, 35270 MiB, 99.51 W
2026/09/20 21:01:26.065, 0, 100 %, 11 %, 35270 MiB, 125.67 W
2026/09/20 21:01:26.065, 1, 100 %, 10 %, 35270 MiB, 138.90 W
2026/09/20 21:01:26.065, 2, 100 %, 7 %, 35270 MiB, 102.22 W
2026/09/20 21:01:31.066, 0, 54 %, 4 %, 35270 MiB, 88.80 W
2026/09/20 21:01:31.066, 1, 100 %, 7 %, 35270 MiB, 99.01 W
2026/09/20 21:01:31.066, 2, 51 %, 4 %, 35270 MiB, 83.89 W
2026/09/20 21:01:36.066, 0, 0 %, 0 %, 35270 MiB, 44.53 W
2026/09/20 21:01:36.067, 1, 54 %, 4 %, 35270 MiB, 88.77 W
2026/09/20 21:01:36.067, 2, 0 %, 0 %, 35270 MiB, 42.73 W
2026/09/20 21:01:41.067, 0, 0 %, 0 %, 35270 MiB, 44.21 W
2026/09/20 21:01:41.068, 1, 0 %, 0 %, 35270 MiB, 43.98 W
2026/09/20 21:01:41.068, 2, 0 %, 0 %, 35270 MiB, 42.28 W
2026/09/20 21:01:46.072, 0, 0 %, 0 %, 35270 MiB, 43.98 W
2026/09/20 21:01:46.072, 1, 0 %, 0 %, 35270 MiB, 43.76 W
2026/09/20 21:01:46.072, 2, 0 %, 0 %, 35270 MiB, 41.99 W
2026/09/20 21:01:51.074, 0, 0 %, 0 %, 35270 MiB, 43.82 W
2026/09/20 21:01:51.074, 1, 0 %, 0 %, 35270 MiB, 43.29 W
2026/09/20 21:01:51.074, 2, 0 %, 0 %, 35270 MiB, 41.62 W
2026/09/20 21:01:56.076, 0, 0 %, 0 %, 35270 MiB, 43.10 W
2026/09/20 21:01:56.076, 1, 0 %, 0 %, 35270 MiB, 42.67 W
2026/09/20 21:01:56.077, 2, 0 %, 0 %, 35270 MiB, 41.02 W
