timestamp, index, utilization.gpu [%], utilization.memory [%], memory.used [MiB], power.draw [W]
2026/09/20 11:59:12.677, 0, 0 %, 0 %, 0 MiB, 37.32 W
2026/09/20 11:59:12.686, 1, 0 %, 0 %, 0 MiB, 37.30 W
2026/09/20 11:59:12.695, 2, 0 %, 0 %, 0 MiB, 35.72 W
2026/09/20 11:59:17.705, 0, 0 %, 0 %, 0 MiB, 37.22 W
2026/09/20 11:59:17.705, 1, 0 %, 0 %, 0 MiB, 37.28 W
2026/09/20 11:59:17.705, 2, 0 %, 0 %, 0 MiB, 35.70 W
2026/09/20 11:59:22.706, 0, 0 %, 0 %, 35259 MiB, 39.50 W
2026/09/20 11:59:22.706, 1, 0 %, 0 %, 35258 MiB, 39.34 W
2026/09/20 11:59:22.707, 2, 0 %, 0 %, 35258 MiB, 37.49 W
2026/09/20 11:59:27.708, 0, 0 %, 0 %, 35265 MiB, 39.41 W
2026/09/20 11:59:27.708, 1, 0 %, 0 %, 35264 MiB, 39.27 W
2026/09/20 11:59:27.709, 2, 0 %, 0 %, 35264 MiB, 37.49 W
2026/09/20 11:59:32.709, 0, 0 %, 0 %, 35271 MiB, 39.50 W
2026/09/20 11:59:32.710, 1, 0 %, 0 %, 35270 MiB, 39.27 W
2026/09/20 11:59:32.710, 2, 0 %, 0 %, 35270 MiB, 37.49 W
2026/09/20 11:59:37.710, 0, 0 %, 0 %, 35271 MiB, 39.40 W
2026/09/20 11:59:37.710, 1, 0 %, 0 %, 35270 MiB, 39.27 W
2026/09/20 11:59:37.710, 2, 0 %, 0 %, 35270 MiB, 37.49 W
2026/09/20 11:59:42.711, 0, 0 %, 0 %, 35271 MiB, 39.11 W
2026/09/20 11:59:42.711, 1, 0 %, 0 %, 35270 MiB, 39.27 W
2026/09/20 11:59:42.711, 2, 0 %, 0 %, 35270 MiB, 37.49 W
2026/09/20 11:59:47.712, 0, 0 %, 0 %, 35271 MiB, 39.80 W
2026/09/20 11:59:47.712, 1, 0 %, 0 %, 35270 MiB, 39.08 W
2026/09/20 11:59:47.712, 2, 0 %, 0 %, 35270 MiB, 37.59 W
2026/09/20 11:59:52.712, 0, 0 %, 0 %, 35271 MiB, 39.22 W
2026/09/20 11:59:52.712, 1, 0 %, 0 %, 35270 MiB, 39.10 W
2026/09/20 11:59:52.712, 2, 0 %, 0 %, 35270 MiB, 37.72 W
2026/09/20 11:59:57.713, 0, 0 %, 0 %, 35271 MiB, 39.53 W
2026/09/20 11:59:57.713, 1, 0 %, 0 %, 35270 MiB, 39.17 W
2026/09/20 11:59:57.713, 2, 0 %, 0 %, 35270 MiB, 37.71 W
2026/09/20 12:00:02.714, 0, 0 %, 0 %, 35271 MiB, 39.33 W
2026/09/20 12:00:02.714, 1, 0 %, 0 %, 35270 MiB, 39.10 W
2026/09/20 12:00:02.714, 2, 0 %, 0 %, 35270 MiB, 37.61 W
2026/09/20 12:00:07.714, 0, 0 %, 0 %, 35271 MiB, 39.23 W
2026/09/20 12:00:07.715, 1, 0 %, 0 %, 35270 MiB, 39.10 W
2026/09/20 12:00:07.715, 2, 0 %, 0 %, 35270 MiB, 37.51 W
2026/09/20 12:00:12.715, 0, 0 %, 0 %, 35271 MiB, 39.32 W
2026/09/20 12:00:12.715, 1, 0 %, 0 %, 35270 MiB, 38.99 W
2026/09/20 12:00:12.715, 2, 0 %, 0 %, 35270 MiB, 37.61 W
2026/09/20 12:00:17.716, 0, 0 %, 0 %, 35271 MiB, 39.31 W
2026/09/20 12:00:17.716, 1, 0 %, 0 %, 35270 MiB, 39.10 W
2026/09/20 12:00:17.716, 2, 0 %, 0 %, 35270 MiB, 37.41 W
2026/09/20 12:00:22.716, 0, 0 %, 0 %, 35271 MiB, 39.32 W
2026/09/20 12:00:22.716, 1, 0 %, 0 %, 35270 MiB, 39.10 W
2026/09/20 12:00:22.716, 2, 0 %, 0 %, 35270 MiB, 37.31 W
2026/09/20 12:00:27.717, 0, 0 %, 0 %, 35271 MiB, 39.31 W
2026/09/20 12:00:27.717, 1, 0 %, 0 %, 35270 MiB, 39.19 W
2026/09/20 12:00:27.717, 2, 0 %, 0 %, 35270 MiB, 37.40 W
2026/09/20 12:00:32.717, 0, 0 %, 0 %, 35271 MiB, 39.12 W
2026/09/20 12:00:32.718, 1, 0 %, 0 %, 35270 MiB, 39.39 W
2026/09/20 12:00:32.718, 2, 0 %, 0 %, 35270 MiB, 37.40 W
2026/09/20 12:00:37.718, 0, 0 %, 0 %, 35271 MiB, 39.42 W
2026/09/20 12:00:37.718, 1, 0 %, 0 %, 35270 MiB, 39.18 W
2026/09/20 12:00:37.718, 2, 0 %, 0 %, 35270 MiB, 37.49 W
2026/09/20 12:00:42.719, 0, 0 %, 0 %, 35271 MiB, 39.31 W
2026/09/20 12:00:42.719, 1, 0 %, 0 %, 35270 MiB, 39.19 W
2026/09/20 12:00:42.719, 2, 0 %, 0 %, 35270 MiB, 37.40 W
2026/09/20 12:00:47.720, 0, 0 %, 0 %, 35271 MiB, 39.22 W
2026/09/20 12:00:47.720, 1, 0 %, 0 %, 35270 MiB, 39.19 W
2026/09/20 12:00:47.720, 2, 0 %, 0 %, 35270 MiB, 37.51 W
2026/09/20 12:00:52.720, 0, 0 %, 0 %, 35271 MiB, 39.41 W
2026/09/20 12:00:52.720, 1, 0 %, 0 %, 35270 MiB, 39.07 W
2026/09/20 12:00:52.720, 2, 0 %, 0 %, 35270 MiB, 37.49 W
2026/09/20 12:00:57.721, 0, 0 %, 0 %, 35271 MiB, 39.51 W
2026/09/20 12:00:57.721, 1, 0 %, 0 %, 35270 MiB, 39.07 W
2026/09/20 12:00:57.721, 2, 0 %, 0 %, 35270 MiB, 37.49 W
2026/09/20 12:01:02.722, 0, 0 %, 0 %, 35271 MiB, 39.23 W
2026/09/20 12:01:02.722, 1, 0 %, 0 %, 35270 MiB, 39.07 W
2026/09/20 12:01:02.722, 2, 0 %, 0 %, 35270 MiB, 37.40 W
2026/09/20 12:01:07.723, 0, 0 %, 0 %, 35271 MiB, 39.53 W
2026/09/20 12:01:07.723, 1, 0 %, 0 %, 35270 MiB, 39.10 W
2026/09/20 12:01:07.723, 2, 0 %, 0 %, 35270 MiB, 37.51 W
2026/09/20 12:01:12.724, 0, 0 %, 0 %, 35271 MiB, 39.22 W
2026/09/20 12:01:12.724, 1, 0 %, 0 %, 35270 MiB, 39.18 W
2026/09/20 12:01:12.724, 2, 0 %, 0 %, 35270 MiB, 37.60 W
2026/09/20 12:01:17.724, 0, 0 %, 0 %, 35271 MiB, 39.22 W
2026/09/20 12:01:17.724, 1, 0 %, 0 %, 35270 MiB, 39.19 W
2026/09/20 12:01:17.724, 2, 0 %, 0 %, 35270 MiB, 37.51 W
2026/09/20 12:01:22.725, 0, 0 %, 0 %, 35271 MiB, 39.42 W
2026/09/20 12:01:22.725, 1, 0 %, 0 %, 35270 MiB, 38.99 W
2026/09/20 12:01:22.725, 2, 0 %, 0 %, 35270 MiB, 37.41 W
2026/09/20 12:01:27.725, 0, 0 %, 0 %, 35271 MiB, 39.42 W
2026/09/20 12:01:27.725, 1, 0 %, 0 %, 35270 MiB, 39.29 W
2026/09/20 12:01:27.725, 2, 0 %, 0 %, 35270 MiB, 37.51 W
2026/09/20 12:01:32.726, 0, 0 %, 0 %, 35271 MiB, 39.33 W
2026/09/20 12:01:32.726, 1, 0 %, 0 %, 35270 MiB, 39.19 W
2026/09/20 12:01:32.726, 2, 0 %, 0 %, 35270 MiB, 37.41 W
2026/09/20 12:01:37.727, 0, 0 %, 0 %, 35271 MiB, 39.33 W
2026/09/20 12:01:37.727, 1, 0 %, 0 %, 35270 MiB, 39.19 W
2026/09/20 12:01:37.727, 2, 0 %, 0 %, 35270 MiB, 37.42 W
2026/09/20 12:01:42.727, 0, 0 %, 0 %, 35271 MiB, 39.41 W
2026/09/20 12:01:42.727, 1, 0 %, 0 %, 35270 MiB, 39.29 W
2026/09/20 12:01:42.727, 2, 0 %, 0 %, 35270 MiB, 37.31 W
2026/09/20 12:01:47.728, 0, 0 %, 0 %, 35271 MiB, 39.42 W
2026/09/20 12:01:47.728, 1, 0 %, 0 %, 35270 MiB, 39.29 W
2026/09/20 12:01:47.728, 2, 0 %, 0 %, 35270 MiB, 37.60 W
2026/09/20 12:01:52.728, 0, 0 %, 0 %, 35271 MiB, 39.33 W
2026/09/20 12:01:52.729, 1, 0 %, 0 %, 35270 MiB, 39.29 W
2026/09/20 12:01:52.729, 2, 0 %, 0 %, 35270 MiB, 37.40 W
2026/09/20 12:01:57.729, 0, 0 %, 0 %, 35271 MiB, 39.42 W
2026/09/20 12:01:57.729, 1, 0 %, 0 %, 35270 MiB, 39.09 W
2026/09/20 12:01:57.729, 2, 0 %, 0 %, 35270 MiB, 37.40 W
2026/09/20 12:02:02.730, 0, 0 %, 0 %, 35271 MiB, 39.53 W
2026/09/20 12:02:02.730, 1, 0 %, 0 %, 35270 MiB, 39.10 W
2026/09/20 12:02:02.730, 2, 0 %, 0 %, 35270 MiB, 37.42 W
2026/09/20 12:02:07.730, 0, 0 %, 0 %, 35271 MiB, 39.43 W
2026/09/20 12:02:07.731, 1, 0 %, 0 %, 35270 MiB, 39.09 W
2026/09/20 12:02:07.731, 2, 0 %, 0 %, 35270 MiB, 37.50 W
2026/09/20 12:02:12.731, 0, 0 %, 0 %, 35271 MiB, 39.41 W
2026/09/20 12:02:12.731, 1, 0 %, 0 %, 35270 MiB, 39.10 W
2026/09/20 12:02:12.731, 2, 0 %, 0 %, 35270 MiB, 37.41 W
2026/09/20 12:02:17.732, 0, 0 %, 0 %, 35271 MiB, 39.52 W
2026/09/20 12:02:17.732, 1, 0 %, 0 %, 35270 MiB, 39.08 W
2026/09/20 12:02:17.732, 2, 0 %, 0 %, 35270 MiB, 37.50 W
2026/09/20 12:02:22.733, 0, 0 %, 0 %, 35271 MiB, 39.33 W
2026/09/20 12:02:22.733, 1, 0 %, 0 %, 35270 MiB, 39.29 W
2026/09/20 12:02:22.733, 2, 0 %, 0 %, 35270 MiB, 37.41 W
2026/09/20 12:02:27.734, 0, 0 %, 0 %, 35271 MiB, 39.22 W
2026/09/20 12:02:27.734, 1, 0 %, 0 %, 35270 MiB, 39.10 W
2026/09/20 12:02:27.734, 2, 0 %, 0 %, 35270 MiB, 37.32 W
2026/09/20 12:02:32.734, 0, 0 %, 0 %, 35271 MiB, 39.22 W
2026/09/20 12:02:32.734, 1, 0 %, 0 %, 35270 MiB, 39.10 W
2026/09/20 12:02:32.734, 2, 0 %, 0 %, 35270 MiB, 37.42 W
2026/09/20 12:02:37.735, 0, 0 %, 0 %, 35271 MiB, 39.42 W
2026/09/20 12:02:37.735, 1, 0 %, 0 %, 35270 MiB, 39.19 W
2026/09/20 12:02:37.735, 2, 0 %, 0 %, 35270 MiB, 37.31 W
2026/09/20 12:02:42.735, 0, 0 %, 0 %, 35271 MiB, 39.23 W
2026/09/20 12:02:42.736, 1, 0 %, 0 %, 35270 MiB, 39.17 W
2026/09/20 12:02:42.736, 2, 0 %, 0 %, 35270 MiB, 37.29 W
2026/09/20 12:02:47.736, 0, 0 %, 0 %, 35271 MiB, 39.31 W
2026/09/20 12:02:47.737, 1, 0 %, 0 %, 35270 MiB, 39.17 W
2026/09/20 12:02:47.737, 2, 0 %, 0 %, 35270 MiB, 37.39 W
2026/09/20 12:02:52.737, 0, 0 %, 0 %, 35271 MiB, 39.41 W
2026/09/20 12:02:52.737, 1, 0 %, 0 %, 35270 MiB, 39.37 W
2026/09/20 12:02:52.737, 2, 0 %, 0 %, 35270 MiB, 37.29 W
2026/09/20 12:02:57.738, 0, 0 %, 0 %, 35271 MiB, 39.42 W
2026/09/20 12:02:57.738, 1, 0 %, 0 %, 35270 MiB, 39.39 W
2026/09/20 12:02:57.738, 2, 0 %, 0 %, 35270 MiB, 37.32 W
2026/09/20 12:03:02.739, 0, 0 %, 0 %, 35271 MiB, 39.42 W
2026/09/20 12:03:02.739, 1, 0 %, 0 %, 35270 MiB, 39.29 W
2026/09/20 12:03:02.739, 2, 0 %, 0 %, 35270 MiB, 37.41 W
2026/09/20 12:03:07.739, 0, 0 %, 0 %, 35271 MiB, 39.33 W
2026/09/20 12:03:07.740, 1, 0 %, 0 %, 35270 MiB, 39.00 W
2026/09/20 12:03:07.740, 2, 0 %, 0 %, 35270 MiB, 37.42 W
2026/09/20 12:03:12.740, 0, 0 %, 0 %, 35271 MiB, 39.51 W
2026/09/20 12:03:12.740, 1, 0 %, 0 %, 35270 MiB, 39.10 W
2026/09/20 12:03:12.740, 2, 0 %, 0 %, 35270 MiB, 37.41 W
2026/09/20 12:03:17.741, 0, 0 %, 0 %, 35271 MiB, 39.43 W
2026/09/20 12:03:17.741, 1, 0 %, 0 %, 35270 MiB, 39.19 W
2026/09/20 12:03:17.741, 2, 0 %, 0 %, 35270 MiB, 37.42 W
2026/09/20 12:03:22.741, 0, 0 %, 0 %, 35271 MiB, 39.12 W
2026/09/20 12:03:22.742, 1, 0 %, 0 %, 35270 MiB, 39.08 W
2026/09/20 12:03:22.742, 2, 0 %, 0 %, 35270 MiB, 37.60 W
2026/09/20 12:03:27.742, 0, 0 %, 0 %, 35271 MiB, 39.31 W
2026/09/20 12:03:27.742, 1, 0 %, 0 %, 35270 MiB, 39.09 W
2026/09/20 12:03:27.742, 2, 0 %, 0 %, 35270 MiB, 37.41 W
2026/09/20 12:03:32.743, 0, 0 %, 0 %, 35271 MiB, 39.22 W
2026/09/20 12:03:32.743, 1, 0 %, 0 %, 35270 MiB, 39.29 W
2026/09/20 12:03:32.743, 2, 0 %, 0 %, 35270 MiB, 37.51 W
2026/09/20 12:03:37.744, 0, 0 %, 0 %, 35271 MiB, 39.33 W
2026/09/20 12:03:37.744, 1, 0 %, 0 %, 35270 MiB, 39.19 W
2026/09/20 12:03:37.744, 2, 0 %, 0 %, 35270 MiB, 37.20 W
2026/09/20 12:03:42.744, 0, 0 %, 0 %, 35271 MiB, 39.23 W
2026/09/20 12:03:42.744, 1, 0 %, 0 %, 35270 MiB, 39.19 W
2026/09/20 12:03:42.745, 2, 0 %, 0 %, 35270 MiB, 37.49 W
2026/09/20 12:03:47.745, 0, 0 %, 0 %, 35271 MiB, 39.42 W
2026/09/20 12:03:47.745, 1, 0 %, 0 %, 35270 MiB, 39.19 W
2026/09/20 12:03:47.745, 2, 0 %, 0 %, 35270 MiB, 37.30 W
2026/09/20 12:03:52.746, 0, 0 %, 0 %, 35271 MiB, 39.33 W
2026/09/20 12:03:52.746, 1, 0 %, 0 %, 35270 MiB, 39.29 W
2026/09/20 12:03:52.746, 2, 0 %, 0 %, 35270 MiB, 37.20 W
2026/09/20 12:03:57.747, 0, 0 %, 0 %, 35271 MiB, 39.23 W
2026/09/20 12:03:57.747, 1, 0 %, 0 %, 35270 MiB, 39.29 W
2026/09/20 12:03:57.747, 2, 0 %, 0 %, 35270 MiB, 37.30 W
2026/09/20 12:04:02.748, 0, 0 %, 0 %, 35271 MiB, 39.33 W
2026/09/20 12:04:02.748, 1, 0 %, 0 %, 35270 MiB, 39.29 W
2026/09/20 12:04:02.748, 2, 0 %, 0 %, 35270 MiB, 37.51 W
2026/09/20 12:04:07.748, 0, 0 %, 0 %, 35271 MiB, 39.52 W
2026/09/20 12:04:07.748, 1, 0 %, 0 %, 35270 MiB, 39.38 W
2026/09/20 12:04:07.748, 2, 0 %, 0 %, 35270 MiB, 37.31 W
2026/09/20 12:04:12.749, 0, 0 %, 0 %, 35271 MiB, 39.41 W
2026/09/20 12:04:12.749, 1, 0 %, 0 %, 35270 MiB, 39.09 W
2026/09/20 12:04:12.749, 2, 0 %, 0 %, 35270 MiB, 37.31 W
2026/09/20 12:04:17.750, 0, 0 %, 0 %, 35271 MiB, 39.33 W
2026/09/20 12:04:17.750, 1, 0 %, 0 %, 35270 MiB, 39.10 W
2026/09/20 12:04:17.750, 2, 0 %, 0 %, 35270 MiB, 37.30 W
2026/09/20 12:04:22.750, 0, 0 %, 0 %, 35271 MiB, 39.42 W
2026/09/20 12:04:22.750, 1, 0 %, 0 %, 35270 MiB, 39.08 W
2026/09/20 12:04:22.750, 2, 0 %, 0 %, 35270 MiB, 37.51 W
2026/09/20 12:04:27.751, 0, 0 %, 0 %, 35271 MiB, 39.42 W
2026/09/20 12:04:27.751, 1, 0 %, 0 %, 35270 MiB, 39.29 W
2026/09/20 12:04:27.751, 2, 0 %, 0 %, 35270 MiB, 37.30 W
2026/09/20 12:04:32.752, 0, 0 %, 0 %, 35271 MiB, 39.22 W
2026/09/20 12:04:32.752, 1, 0 %, 0 %, 35270 MiB, 39.18 W
2026/09/20 12:04:32.752, 2, 0 %, 0 %, 35270 MiB, 37.39 W
2026/09/20 12:04:37.752, 0, 0 %, 0 %, 35271 MiB, 39.22 W
2026/09/20 12:04:37.752, 1, 0 %, 0 %, 35270 MiB, 39.17 W
2026/09/20 12:04:37.752, 2, 0 %, 0 %, 35270 MiB, 37.39 W
2026/09/20 12:04:42.753, 0, 0 %, 0 %, 35271 MiB, 39.52 W
2026/09/20 12:04:42.753, 1, 0 %, 0 %, 35270 MiB, 39.19 W
2026/09/20 12:04:42.753, 2, 0 %, 0 %, 35270 MiB, 37.31 W
2026/09/20 12:04:47.754, 0, 0 %, 0 %, 35271 MiB, 39.33 W
2026/09/20 12:04:47.754, 1, 0 %, 0 %, 35270 MiB, 39.19 W
2026/09/20 12:04:47.754, 2, 0 %, 0 %, 35270 MiB, 37.20 W
2026/09/20 12:04:52.754, 0, 0 %, 0 %, 35271 MiB, 39.23 W
2026/09/20 12:04:52.754, 1, 0 %, 0 %, 35270 MiB, 39.19 W
2026/09/20 12:04:52.754, 2, 0 %, 0 %, 35270 MiB, 37.20 W
2026/09/20 12:04:57.755, 0, 0 %, 0 %, 35271 MiB, 39.33 W
2026/09/20 12:04:57.755, 1, 0 %, 0 %, 35270 MiB, 39.19 W
2026/09/20 12:04:57.755, 2, 0 %, 0 %, 35270 MiB, 37.31 W
2026/09/20 12:05:02.756, 0, 0 %, 0 %, 35271 MiB, 39.42 W
2026/09/20 12:05:02.756, 1, 0 %, 0 %, 35270 MiB, 39.38 W
2026/09/20 12:05:02.756, 2, 0 %, 0 %, 35270 MiB, 37.31 W
2026/09/20 12:05:07.756, 0, 0 %, 0 %, 35271 MiB, 39.33 W
2026/09/20 12:05:07.757, 1, 0 %, 0 %, 35270 MiB, 39.39 W
2026/09/20 12:05:07.757, 2, 0 %, 0 %, 35270 MiB, 37.21 W
2026/09/20 12:05:12.757, 0, 0 %, 0 %, 35271 MiB, 39.33 W
2026/09/20 12:05:12.757, 1, 0 %, 0 %, 35270 MiB, 39.29 W
2026/09/20 12:05:12.757, 2, 0 %, 0 %, 35270 MiB, 37.30 W
2026/09/20 12:05:17.758, 0, 0 %, 0 %, 35271 MiB, 39.33 W
2026/09/20 12:05:17.758, 1, 0 %, 0 %, 35270 MiB, 39.29 W
2026/09/20 12:05:17.758, 2, 0 %, 0 %, 35270 MiB, 37.42 W
2026/09/20 12:05:22.759, 0, 0 %, 0 %, 35271 MiB, 39.33 W
2026/09/20 12:05:22.759, 1, 0 %, 0 %, 35270 MiB, 39.19 W
2026/09/20 12:05:22.759, 2, 0 %, 0 %, 35270 MiB, 37.41 W
2026/09/20 12:05:27.759, 0, 0 %, 0 %, 35271 MiB, 39.41 W
2026/09/20 12:05:27.760, 1, 0 %, 0 %, 35270 MiB, 39.08 W
2026/09/20 12:05:27.760, 2, 0 %, 0 %, 35270 MiB, 37.20 W
2026/09/20 12:05:32.760, 0, 0 %, 0 %, 35271 MiB, 39.32 W
2026/09/20 12:05:32.760, 1, 0 %, 0 %, 35270 MiB, 39.19 W
2026/09/20 12:05:32.760, 2, 0 %, 0 %, 35270 MiB, 37.30 W
2026/09/20 12:05:37.761, 0, 0 %, 0 %, 35271 MiB, 39.51 W
2026/09/20 12:05:37.761, 1, 0 %, 0 %, 35270 MiB, 39.38 W
2026/09/20 12:05:37.761, 2, 0 %, 0 %, 35270 MiB, 37.29 W
2026/09/20 12:05:42.762, 0, 0 %, 0 %, 35271 MiB, 39.22 W
2026/09/20 12:05:42.762, 1, 0 %, 0 %, 35270 MiB, 39.19 W
2026/09/20 12:05:42.762, 2, 0 %, 0 %, 35270 MiB, 37.61 W
2026/09/20 12:05:47.762, 0, 0 %, 0 %, 35271 MiB, 39.13 W
2026/09/20 12:05:47.762, 1, 0 %, 0 %, 35270 MiB, 39.19 W
2026/09/20 12:05:47.762, 2, 0 %, 0 %, 35270 MiB, 37.42 W
2026/09/20 12:05:52.763, 0, 0 %, 0 %, 35271 MiB, 39.23 W
2026/09/20 12:05:52.763, 1, 0 %, 0 %, 35270 MiB, 39.19 W
2026/09/20 12:05:52.763, 2, 0 %, 0 %, 35270 MiB, 37.41 W
2026/09/20 12:05:57.764, 0, 0 %, 0 %, 35271 MiB, 39.41 W
2026/09/20 12:05:57.764, 1, 0 %, 0 %, 35270 MiB, 39.28 W
2026/09/20 12:05:57.764, 2, 0 %, 0 %, 35270 MiB, 37.19 W
2026/09/20 12:06:02.764, 0, 0 %, 0 %, 35271 MiB, 39.13 W
2026/09/20 12:06:02.764, 1, 0 %, 0 %, 35270 MiB, 39.19 W
2026/09/20 12:06:02.764, 2, 0 %, 0 %, 35270 MiB, 37.30 W
2026/09/20 12:06:07.765, 0, 0 %, 0 %, 35271 MiB, 39.22 W
2026/09/20 12:06:07.765, 1, 0 %, 0 %, 35270 MiB, 39.28 W
2026/09/20 12:06:07.765, 2, 0 %, 0 %, 35270 MiB, 37.29 W
2026/09/20 12:06:12.766, 0, 0 %, 0 %, 35271 MiB, 39.22 W
2026/09/20 12:06:12.766, 1, 0 %, 0 %, 35270 MiB, 39.47 W
2026/09/20 12:06:12.766, 2, 0 %, 0 %, 35270 MiB, 37.41 W
2026/09/20 12:06:17.767, 0, 0 %, 0 %, 35271 MiB, 39.31 W
2026/09/20 12:06:17.767, 1, 0 %, 0 %, 35270 MiB, 39.39 W
2026/09/20 12:06:17.767, 2, 0 %, 0 %, 35270 MiB, 37.30 W
2026/09/20 12:06:22.768, 0, 0 %, 0 %, 35271 MiB, 39.41 W
2026/09/20 12:06:22.768, 1, 0 %, 0 %, 35270 MiB, 39.27 W
2026/09/20 12:06:22.768, 2, 0 %, 0 %, 35270 MiB, 37.28 W
2026/09/20 12:06:27.768, 0, 0 %, 0 %, 35271 MiB, 39.31 W
2026/09/20 12:06:27.768, 1, 0 %, 0 %, 35270 MiB, 39.07 W
2026/09/20 12:06:27.769, 2, 0 %, 0 %, 35270 MiB, 37.28 W
2026/09/20 12:06:32.769, 0, 0 %, 0 %, 35271 MiB, 39.42 W
2026/09/20 12:06:32.769, 1, 0 %, 0 %, 35270 MiB, 39.19 W
2026/09/20 12:06:32.769, 2, 0 %, 0 %, 35270 MiB, 37.30 W
2026/09/20 12:06:37.770, 0, 0 %, 0 %, 35271 MiB, 39.41 W
2026/09/20 12:06:37.770, 1, 0 %, 0 %, 35270 MiB, 39.09 W
2026/09/20 12:06:37.770, 2, 0 %, 0 %, 35270 MiB, 37.40 W
2026/09/20 12:06:42.770, 0, 0 %, 0 %, 35271 MiB, 39.33 W
2026/09/20 12:06:42.770, 1, 0 %, 0 %, 35270 MiB, 39.08 W
2026/09/20 12:06:42.770, 2, 0 %, 0 %, 35270 MiB, 37.28 W
2026/09/20 12:06:47.771, 0, 0 %, 0 %, 35271 MiB, 39.13 W
2026/09/20 12:06:47.771, 1, 0 %, 0 %, 35270 MiB, 39.10 W
2026/09/20 12:06:47.771, 2, 0 %, 0 %, 35270 MiB, 37.41 W
2026/09/20 12:06:52.772, 0, 0 %, 0 %, 35271 MiB, 39.22 W
2026/09/20 12:06:52.772, 1, 0 %, 0 %, 35270 MiB, 39.19 W
2026/09/20 12:06:52.772, 2, 0 %, 0 %, 35270 MiB, 37.41 W
2026/09/20 12:06:57.772, 0, 0 %, 0 %, 35271 MiB, 39.23 W
2026/09/20 12:06:57.773, 1, 0 %, 0 %, 35270 MiB, 39.19 W
2026/09/20 12:06:57.773, 2, 0 %, 0 %, 35270 MiB, 37.20 W
2026/09/20 12:07:02.773, 0, 0 %, 0 %, 35271 MiB, 39.22 W
2026/09/20 12:07:02.773, 1, 0 %, 0 %, 35270 MiB, 39.18 W
2026/09/20 12:07:02.773, 2, 0 %, 0 %, 35270 MiB, 37.09 W
2026/09/20 12:07:07.774, 0, 0 %, 0 %, 35271 MiB, 39.13 W
2026/09/20 12:07:07.774, 1, 0 %, 0 %, 35270 MiB, 39.28 W
2026/09/20 12:07:07.774, 2, 0 %, 0 %, 35270 MiB, 37.40 W
2026/09/20 12:07:12.775, 0, 0 %, 0 %, 35271 MiB, 39.22 W
2026/09/20 12:07:12.775, 1, 0 %, 0 %, 35270 MiB, 39.28 W
2026/09/20 12:07:12.775, 2, 0 %, 0 %, 35270 MiB, 37.28 W
2026/09/20 12:07:17.775, 0, 0 %, 0 %, 35271 MiB, 39.22 W
2026/09/20 12:07:17.775, 1, 0 %, 0 %, 35270 MiB, 39.29 W
2026/09/20 12:07:17.776, 2, 0 %, 0 %, 35270 MiB, 37.30 W
2026/09/20 12:07:22.776, 0, 0 %, 0 %, 35271 MiB, 39.31 W
2026/09/20 12:07:22.776, 1, 0 %, 0 %, 35270 MiB, 39.48 W
2026/09/20 12:07:22.776, 2, 0 %, 0 %, 35270 MiB, 37.20 W
2026/09/20 12:07:27.777, 0, 0 %, 0 %, 35271 MiB, 39.43 W
2026/09/20 12:07:27.777, 1, 0 %, 0 %, 35270 MiB, 39.27 W
2026/09/20 12:07:27.777, 2, 0 %, 0 %, 35270 MiB, 37.41 W
2026/09/20 12:07:32.777, 0, 0 %, 0 %, 35271 MiB, 39.31 W
2026/09/20 12:07:32.778, 1, 0 %, 0 %, 35270 MiB, 39.18 W
2026/09/20 12:07:32.778, 2, 0 %, 0 %, 35270 MiB, 37.19 W
2026/09/20 12:07:37.778, 0, 0 %, 0 %, 35271 MiB, 39.31 W
2026/09/20 12:07:37.778, 1, 0 %, 0 %, 35270 MiB, 39.10 W
2026/09/20 12:07:37.778, 2, 0 %, 0 %, 35270 MiB, 37.19 W
2026/09/20 12:07:42.779, 0, 0 %, 0 %, 35271 MiB, 39.33 W
2026/09/20 12:07:42.779, 1, 0 %, 0 %, 35270 MiB, 39.08 W
2026/09/20 12:07:42.779, 2, 0 %, 0 %, 35270 MiB, 37.30 W
2026/09/20 12:07:47.780, 0, 0 %, 0 %, 35271 MiB, 39.41 W
2026/09/20 12:07:47.780, 1, 0 %, 0 %, 35270 MiB, 39.08 W
2026/09/20 12:07:47.780, 2, 0 %, 0 %, 35270 MiB, 37.50 W
2026/09/20 12:07:52.780, 0, 0 %, 0 %, 35271 MiB, 39.23 W
2026/09/20 12:07:52.781, 1, 0 %, 0 %, 35270 MiB, 39.19 W
2026/09/20 12:07:52.781, 2, 0 %, 0 %, 35270 MiB, 37.51 W
2026/09/20 12:07:57.781, 0, 0 %, 0 %, 35271 MiB, 39.12 W
2026/09/20 12:07:57.781, 1, 0 %, 0 %, 35270 MiB, 39.18 W
2026/09/20 12:07:57.781, 2, 0 %, 0 %, 35270 MiB, 37.41 W
2026/09/20 12:08:02.782, 0, 0 %, 0 %, 35271 MiB, 39.13 W
2026/09/20 12:08:02.782, 1, 0 %, 0 %, 35270 MiB, 39.19 W
2026/09/20 12:08:02.782, 2, 0 %, 0 %, 35270 MiB, 37.10 W
2026/09/20 12:08:07.783, 0, 0 %, 0 %, 35271 MiB, 39.31 W
2026/09/20 12:08:07.783, 1, 0 %, 0 %, 35270 MiB, 39.07 W
2026/09/20 12:08:07.783, 2, 0 %, 0 %, 35270 MiB, 37.19 W
2026/09/20 12:08:12.783, 0, 0 %, 0 %, 35271 MiB, 39.22 W
2026/09/20 12:08:12.784, 1, 0 %, 0 %, 35270 MiB, 39.27 W
2026/09/20 12:08:12.784, 2, 0 %, 0 %, 35270 MiB, 37.18 W
2026/09/20 12:08:17.784, 0, 0 %, 0 %, 35271 MiB, 39.22 W
2026/09/20 12:08:17.784, 1, 0 %, 0 %, 35270 MiB, 39.46 W
2026/09/20 12:08:17.784, 2, 0 %, 0 %, 35270 MiB, 37.18 W
2026/09/20 12:08:22.785, 0, 0 %, 0 %, 35271 MiB, 39.31 W
2026/09/20 12:08:22.785, 1, 0 %, 0 %, 35270 MiB, 39.29 W
2026/09/20 12:08:22.785, 2, 0 %, 0 %, 35270 MiB, 37.19 W
2026/09/20 12:08:27.786, 0, 0 %, 0 %, 35271 MiB, 39.22 W
2026/09/20 12:08:27.786, 1, 0 %, 0 %, 35270 MiB, 39.29 W
2026/09/20 12:08:27.786, 2, 0 %, 0 %, 35270 MiB, 37.29 W
2026/09/20 12:08:32.787, 0, 0 %, 0 %, 35271 MiB, 39.22 W
2026/09/20 12:08:32.787, 1, 0 %, 0 %, 35270 MiB, 39.17 W
2026/09/20 12:08:32.787, 2, 0 %, 0 %, 35270 MiB, 37.28 W
2026/09/20 12:08:37.788, 0, 0 %, 0 %, 35271 MiB, 39.32 W
2026/09/20 12:08:37.788, 1, 0 %, 0 %, 35270 MiB, 39.29 W
2026/09/20 12:08:37.788, 2, 0 %, 0 %, 35270 MiB, 37.31 W
2026/09/20 12:08:42.788, 0, 0 %, 0 %, 35271 MiB, 39.41 W
2026/09/20 12:08:42.789, 1, 0 %, 0 %, 35270 MiB, 39.19 W
2026/09/20 12:08:42.789, 2, 0 %, 0 %, 35270 MiB, 37.19 W
2026/09/20 12:08:47.789, 0, 0 %, 0 %, 35271 MiB, 39.33 W
2026/09/20 12:08:47.789, 1, 0 %, 0 %, 35270 MiB, 39.18 W
2026/09/20 12:08:47.789, 2, 0 %, 0 %, 35270 MiB, 37.31 W
2026/09/20 12:08:52.790, 0, 0 %, 0 %, 35271 MiB, 39.31 W
2026/09/20 12:08:52.790, 1, 0 %, 0 %, 35270 MiB, 39.27 W
2026/09/20 12:08:52.790, 2, 0 %, 0 %, 35270 MiB, 37.31 W
2026/09/20 12:08:57.791, 0, 0 %, 0 %, 35271 MiB, 39.33 W
2026/09/20 12:08:57.791, 1, 0 %, 0 %, 35270 MiB, 39.19 W
2026/09/20 12:08:57.791, 2, 0 %, 0 %, 35270 MiB, 37.29 W
2026/09/20 12:09:02.791, 0, 0 %, 0 %, 35271 MiB, 39.23 W
2026/09/20 12:09:02.791, 1, 0 %, 0 %, 35270 MiB, 39.18 W
2026/09/20 12:09:02.792, 2, 0 %, 0 %, 35270 MiB, 37.60 W
2026/09/20 12:09:07.792, 0, 0 %, 0 %, 35271 MiB, 39.23 W
2026/09/20 12:09:07.792, 1, 0 %, 0 %, 35270 MiB, 39.19 W
2026/09/20 12:09:07.792, 2, 0 %, 0 %, 35270 MiB, 37.42 W
2026/09/20 12:09:12.793, 0, 0 %, 0 %, 35271 MiB, 39.22 W
2026/09/20 12:09:12.793, 1, 0 %, 0 %, 35270 MiB, 39.17 W
2026/09/20 12:09:12.793, 2, 0 %, 0 %, 35270 MiB, 37.19 W
2026/09/20 12:09:17.793, 0, 0 %, 0 %, 35271 MiB, 39.13 W
2026/09/20 12:09:17.794, 1, 0 %, 0 %, 35270 MiB, 39.19 W
2026/09/20 12:09:17.794, 2, 0 %, 0 %, 35270 MiB, 37.10 W
2026/09/20 12:09:22.794, 0, 0 %, 0 %, 35271 MiB, 39.12 W
2026/09/20 12:09:22.794, 1, 0 %, 0 %, 35270 MiB, 39.19 W
2026/09/20 12:09:22.794, 2, 0 %, 0 %, 35270 MiB, 37.39 W
2026/09/20 12:09:27.795, 0, 0 %, 0 %, 35271 MiB, 39.22 W
2026/09/20 12:09:27.795, 1, 0 %, 0 %, 35270 MiB, 39.29 W
2026/09/20 12:09:27.795, 2, 0 %, 0 %, 35270 MiB, 37.29 W
2026/09/20 12:09:32.796, 0, 0 %, 0 %, 35271 MiB, 39.13 W
2026/09/20 12:09:32.796, 1, 0 %, 0 %, 35270 MiB, 39.27 W
2026/09/20 12:09:32.796, 2, 0 %, 0 %, 35270 MiB, 37.20 W
2026/09/20 12:09:37.797, 0, 0 %, 0 %, 35271 MiB, 39.33 W
2026/09/20 12:09:37.797, 1, 0 %, 0 %, 35270 MiB, 39.29 W
2026/09/20 12:09:37.797, 2, 0 %, 0 %, 35270 MiB, 37.10 W
2026/09/20 12:09:42.797, 0, 0 %, 0 %, 35271 MiB, 39.22 W
2026/09/20 12:09:42.797, 1, 0 %, 0 %, 35270 MiB, 39.38 W
2026/09/20 12:09:42.797, 2, 0 %, 0 %, 35270 MiB, 37.39 W
2026/09/20 12:09:47.798, 0, 0 %, 0 %, 35271 MiB, 39.22 W
2026/09/20 12:09:47.798, 1, 0 %, 0 %, 35270 MiB, 39.29 W
2026/09/20 12:09:47.798, 2, 0 %, 0 %, 35270 MiB, 37.40 W
2026/09/20 12:09:52.799, 0, 0 %, 0 %, 35271 MiB, 60.56 W
2026/09/20 12:09:52.799, 1, 0 %, 0 %, 35270 MiB, 60.10 W
2026/09/20 12:09:52.799, 2, 0 %, 0 %, 35270 MiB, 58.13 W
2026/09/20 12:09:57.799, 0, 0 %, 0 %, 35271 MiB, 39.51 W
2026/09/20 12:09:57.799, 1, 0 %, 0 %, 35270 MiB, 39.28 W
2026/09/20 12:09:57.799, 2, 0 %, 0 %, 35270 MiB, 37.41 W
2026/09/20 12:10:02.800, 0, 0 %, 0 %, 35271 MiB, 39.41 W
2026/09/20 12:10:02.800, 1, 0 %, 0 %, 35270 MiB, 39.27 W
2026/09/20 12:10:02.800, 2, 0 %, 0 %, 35270 MiB, 37.39 W
2026/09/20 12:10:07.801, 0, 0 %, 0 %, 35271 MiB, 39.22 W
2026/09/20 12:10:07.801, 1, 0 %, 0 %, 35270 MiB, 39.37 W
2026/09/20 12:10:07.801, 2, 0 %, 0 %, 35270 MiB, 37.49 W
2026/09/20 12:10:12.801, 0, 0 %, 0 %, 35271 MiB, 39.23 W
2026/09/20 12:10:12.801, 1, 0 %, 0 %, 35270 MiB, 39.29 W
2026/09/20 12:10:12.801, 2, 0 %, 0 %, 35270 MiB, 37.30 W
2026/09/20 12:10:17.802, 0, 0 %, 0 %, 35271 MiB, 39.22 W
2026/09/20 12:10:17.802, 1, 0 %, 0 %, 35270 MiB, 39.29 W
2026/09/20 12:10:17.802, 2, 0 %, 0 %, 35270 MiB, 37.10 W
2026/09/20 12:10:22.803, 0, 0 %, 0 %, 35271 MiB, 39.23 W
2026/09/20 12:10:22.803, 1, 0 %, 0 %, 35270 MiB, 39.19 W
2026/09/20 12:10:22.803, 2, 0 %, 0 %, 35270 MiB, 37.30 W
2026/09/20 12:10:27.803, 0, 0 %, 0 %, 35271 MiB, 39.22 W
2026/09/20 12:10:27.803, 1, 0 %, 0 %, 35270 MiB, 39.29 W
2026/09/20 12:10:27.803, 2, 0 %, 0 %, 35270 MiB, 37.19 W
2026/09/20 12:10:32.804, 0, 0 %, 0 %, 35271 MiB, 39.22 W
2026/09/20 12:10:32.804, 1, 0 %, 0 %, 35270 MiB, 39.29 W
2026/09/20 12:10:32.804, 2, 0 %, 0 %, 35270 MiB, 37.19 W
2026/09/20 12:10:37.805, 0, 0 %, 0 %, 35271 MiB, 39.22 W
2026/09/20 12:10:37.805, 1, 0 %, 0 %, 35270 MiB, 39.19 W
2026/09/20 12:10:37.805, 2, 0 %, 0 %, 35270 MiB, 37.19 W
2026/09/20 12:10:42.806, 0, 0 %, 0 %, 35271 MiB, 39.22 W
2026/09/20 12:10:42.806, 1, 0 %, 0 %, 35270 MiB, 39.38 W
2026/09/20 12:10:42.806, 2, 0 %, 0 %, 35270 MiB, 37.28 W
2026/09/20 12:10:47.806, 0, 0 %, 0 %, 35271 MiB, 39.22 W
2026/09/20 12:10:47.806, 1, 0 %, 0 %, 35270 MiB, 39.39 W
2026/09/20 12:10:47.807, 2, 0 %, 0 %, 35270 MiB, 37.31 W
2026/09/20 12:10:52.807, 0, 0 %, 0 %, 35271 MiB, 39.52 W
2026/09/20 12:10:52.807, 1, 0 %, 0 %, 35270 MiB, 39.38 W
2026/09/20 12:10:52.807, 2, 0 %, 0 %, 35270 MiB, 37.20 W
2026/09/20 12:10:57.808, 0, 0 %, 0 %, 35271 MiB, 39.23 W
2026/09/20 12:10:57.808, 1, 0 %, 0 %, 35270 MiB, 39.19 W
2026/09/20 12:10:57.808, 2, 0 %, 0 %, 35270 MiB, 37.41 W
2026/09/20 12:11:02.809, 0, 0 %, 0 %, 35271 MiB, 39.42 W
2026/09/20 12:11:02.809, 1, 0 %, 0 %, 35270 MiB, 39.28 W
2026/09/20 12:11:02.809, 2, 0 %, 0 %, 35270 MiB, 37.40 W
2026/09/20 12:11:07.810, 0, 0 %, 0 %, 35271 MiB, 39.23 W
2026/09/20 12:11:07.810, 1, 0 %, 0 %, 35270 MiB, 39.19 W
2026/09/20 12:11:07.810, 2, 0 %, 0 %, 35270 MiB, 37.30 W
2026/09/20 12:11:12.810, 0, 0 %, 0 %, 35271 MiB, 39.22 W
2026/09/20 12:11:12.810, 1, 0 %, 0 %, 35270 MiB, 39.18 W
2026/09/20 12:11:12.810, 2, 0 %, 0 %, 35270 MiB, 37.29 W
2026/09/20 12:11:17.811, 0, 0 %, 0 %, 35271 MiB, 39.13 W
2026/09/20 12:11:17.811, 1, 0 %, 0 %, 35270 MiB, 39.38 W
2026/09/20 12:11:17.811, 2, 0 %, 0 %, 35270 MiB, 37.50 W
2026/09/20 12:11:22.812, 0, 0 %, 0 %, 35271 MiB, 39.12 W
2026/09/20 12:11:22.812, 1, 0 %, 0 %, 35270 MiB, 39.18 W
2026/09/20 12:11:22.812, 2, 0 %, 0 %, 35270 MiB, 37.39 W
2026/09/20 12:11:27.813, 0, 0 %, 0 %, 35271 MiB, 39.12 W
2026/09/20 12:11:27.813, 1, 0 %, 0 %, 35270 MiB, 39.18 W
2026/09/20 12:11:27.813, 2, 0 %, 0 %, 35270 MiB, 37.10 W
2026/09/20 12:11:32.813, 0, 0 %, 0 %, 35271 MiB, 39.32 W
2026/09/20 12:11:32.813, 1, 0 %, 0 %, 35270 MiB, 39.29 W
2026/09/20 12:11:32.813, 2, 0 %, 0 %, 35270 MiB, 37.01 W
2026/09/20 12:11:37.814, 0, 0 %, 0 %, 35271 MiB, 39.22 W
2026/09/20 12:11:37.814, 1, 0 %, 0 %, 35270 MiB, 39.37 W
2026/09/20 12:11:37.814, 2, 0 %, 0 %, 35270 MiB, 37.29 W
2026/09/20 12:11:42.814, 0, 0 %, 0 %, 35271 MiB, 39.22 W
2026/09/20 12:11:42.814, 1, 0 %, 0 %, 35270 MiB, 39.27 W
2026/09/20 12:11:42.814, 2, 0 %, 0 %, 35270 MiB, 37.20 W
2026/09/20 12:11:47.815, 0, 0 %, 0 %, 35271 MiB, 39.41 W
2026/09/20 12:11:47.815, 1, 0 %, 0 %, 35270 MiB, 39.28 W
2026/09/20 12:11:47.815, 2, 0 %, 0 %, 35270 MiB, 37.19 W
2026/09/20 12:11:52.816, 0, 0 %, 0 %, 35271 MiB, 39.22 W
2026/09/20 12:11:52.816, 1, 0 %, 0 %, 35270 MiB, 39.37 W
2026/09/20 12:11:52.816, 2, 0 %, 0 %, 35270 MiB, 37.09 W
2026/09/20 12:11:57.816, 0, 0 %, 0 %, 35271 MiB, 39.31 W
2026/09/20 12:11:57.816, 1, 0 %, 0 %, 35270 MiB, 39.66 W
2026/09/20 12:11:57.816, 2, 0 %, 0 %, 35270 MiB, 37.70 W
2026/09/20 12:12:02.817, 0, 0 %, 0 %, 35271 MiB, 39.23 W
2026/09/20 12:12:02.817, 1, 0 %, 0 %, 35270 MiB, 39.10 W
2026/09/20 12:12:02.817, 2, 0 %, 0 %, 35270 MiB, 37.20 W
2026/09/20 12:12:07.818, 0, 0 %, 0 %, 35271 MiB, 39.41 W
2026/09/20 12:12:07.818, 1, 0 %, 0 %, 35270 MiB, 39.19 W
2026/09/20 12:12:07.818, 2, 0 %, 0 %, 35270 MiB, 37.29 W
2026/09/20 12:12:12.818, 0, 0 %, 0 %, 35271 MiB, 39.33 W
2026/09/20 12:12:12.819, 1, 0 %, 0 %, 35270 MiB, 39.39 W
2026/09/20 12:12:12.819, 2, 0 %, 0 %, 35270 MiB, 37.19 W
2026/09/20 12:12:17.819, 0, 0 %, 0 %, 35271 MiB, 39.33 W
2026/09/20 12:12:17.819, 1, 0 %, 0 %, 35270 MiB, 39.19 W
2026/09/20 12:12:17.819, 2, 0 %, 0 %, 35270 MiB, 37.40 W
2026/09/20 12:12:22.820, 0, 0 %, 0 %, 35271 MiB, 39.04 W
2026/09/20 12:12:22.820, 1, 0 %, 0 %, 35270 MiB, 38.99 W
2026/09/20 12:12:22.820, 2, 0 %, 0 %, 35270 MiB, 37.30 W
2026/09/20 12:12:27.821, 0, 0 %, 0 %, 35271 MiB, 39.32 W
2026/09/20 12:12:27.821, 1, 0 %, 0 %, 35270 MiB, 39.17 W
2026/09/20 12:12:27.821, 2, 0 %, 0 %, 35270 MiB, 37.18 W
2026/09/20 12:12:32.821, 0, 0 %, 0 %, 35271 MiB, 39.13 W
2026/09/20 12:12:32.822, 1, 0 %, 0 %, 35270 MiB, 39.29 W
2026/09/20 12:12:32.822, 2, 0 %, 0 %, 35270 MiB, 37.20 W
2026/09/20 12:12:37.822, 0, 0 %, 0 %, 35271 MiB, 39.12 W
2026/09/20 12:12:37.822, 1, 0 %, 0 %, 35270 MiB, 39.19 W
2026/09/20 12:12:37.823, 2, 0 %, 0 %, 35270 MiB, 37.19 W
2026/09/20 12:12:42.823, 0, 0 %, 0 %, 35271 MiB, 39.12 W
2026/09/20 12:12:42.823, 1, 0 %, 0 %, 35270 MiB, 39.18 W
2026/09/20 12:12:42.823, 2, 0 %, 0 %, 35270 MiB, 37.19 W
2026/09/20 12:12:47.824, 0, 0 %, 0 %, 35271 MiB, 39.22 W
2026/09/20 12:12:47.824, 1, 0 %, 0 %, 35270 MiB, 39.38 W
2026/09/20 12:12:47.824, 2, 0 %, 0 %, 35270 MiB, 37.10 W
2026/09/20 12:12:52.824, 0, 0 %, 0 %, 35271 MiB, 39.02 W
2026/09/20 12:12:52.824, 1, 0 %, 0 %, 35270 MiB, 39.18 W
2026/09/20 12:12:52.825, 2, 0 %, 0 %, 35270 MiB, 37.41 W
2026/09/20 12:12:57.825, 0, 0 %, 0 %, 35271 MiB, 39.13 W
2026/09/20 12:12:57.825, 1, 0 %, 0 %, 35270 MiB, 39.29 W
2026/09/20 12:12:57.825, 2, 0 %, 0 %, 35270 MiB, 37.20 W
2026/09/20 12:13:02.826, 0, 0 %, 0 %, 35271 MiB, 39.22 W
2026/09/20 12:13:02.826, 1, 0 %, 0 %, 35270 MiB, 39.18 W
2026/09/20 12:13:02.826, 2, 0 %, 0 %, 35270 MiB, 37.18 W
2026/09/20 12:13:07.827, 0, 0 %, 0 %, 35271 MiB, 39.23 W
2026/09/20 12:13:07.827, 1, 0 %, 0 %, 35270 MiB, 39.39 W
2026/09/20 12:13:07.827, 2, 0 %, 0 %, 35270 MiB, 37.30 W
2026/09/20 12:13:12.827, 0, 0 %, 0 %, 35271 MiB, 39.22 W
2026/09/20 12:13:12.827, 1, 0 %, 0 %, 35270 MiB, 39.08 W
2026/09/20 12:13:12.827, 2, 0 %, 0 %, 35270 MiB, 37.29 W
2026/09/20 12:13:17.828, 0, 0 %, 0 %, 35271 MiB, 39.22 W
2026/09/20 12:13:17.828, 1, 0 %, 0 %, 35270 MiB, 39.19 W
2026/09/20 12:13:17.828, 2, 0 %, 0 %, 35270 MiB, 37.20 W
2026/09/20 12:13:22.828, 0, 0 %, 0 %, 35271 MiB, 39.31 W
2026/09/20 12:13:22.829, 1, 0 %, 0 %, 35270 MiB, 39.09 W
2026/09/20 12:13:22.829, 2, 0 %, 0 %, 35270 MiB, 37.19 W
2026/09/20 12:13:27.829, 0, 0 %, 0 %, 35271 MiB, 39.12 W
2026/09/20 12:13:27.829, 1, 0 %, 0 %, 35270 MiB, 39.09 W
2026/09/20 12:13:27.829, 2, 0 %, 0 %, 35270 MiB, 37.30 W
2026/09/20 12:13:32.830, 0, 0 %, 0 %, 35271 MiB, 39.12 W
2026/09/20 12:13:32.830, 1, 0 %, 0 %, 35270 MiB, 39.07 W
2026/09/20 12:13:32.830, 2, 0 %, 0 %, 35270 MiB, 37.40 W
2026/09/20 12:13:37.831, 0, 0 %, 0 %, 35271 MiB, 39.02 W
2026/09/20 12:13:37.831, 1, 0 %, 0 %, 35270 MiB, 39.17 W
2026/09/20 12:13:37.831, 2, 0 %, 0 %, 35270 MiB, 37.19 W
2026/09/20 12:13:42.831, 0, 0 %, 0 %, 35271 MiB, 39.12 W
2026/09/20 12:13:42.831, 1, 0 %, 0 %, 35270 MiB, 39.27 W
2026/09/20 12:13:42.831, 2, 0 %, 0 %, 35270 MiB, 37.09 W
2026/09/20 12:13:47.832, 0, 0 %, 0 %, 35271 MiB, 39.31 W
2026/09/20 12:13:47.832, 1, 0 %, 0 %, 35270 MiB, 39.67 W
2026/09/20 12:13:47.832, 2, 0 %, 0 %, 35270 MiB, 37.09 W
2026/09/20 12:13:52.833, 0, 0 %, 0 %, 35271 MiB, 39.23 W
2026/09/20 12:13:52.833, 1, 0 %, 0 %, 35270 MiB, 39.29 W
2026/09/20 12:13:52.833, 2, 0 %, 0 %, 35270 MiB, 37.11 W
2026/09/20 12:13:57.833, 0, 0 %, 0 %, 35271 MiB, 39.33 W
2026/09/20 12:13:57.833, 1, 0 %, 0 %, 35270 MiB, 39.18 W
2026/09/20 12:13:57.834, 2, 0 %, 0 %, 35270 MiB, 37.10 W
2026/09/20 12:14:02.834, 0, 0 %, 0 %, 35271 MiB, 39.13 W
2026/09/20 12:14:02.834, 1, 0 %, 0 %, 35270 MiB, 39.29 W
2026/09/20 12:14:02.834, 2, 0 %, 0 %, 35270 MiB, 37.20 W
2026/09/20 12:14:07.835, 0, 0 %, 0 %, 35271 MiB, 39.13 W
2026/09/20 12:14:07.835, 1, 0 %, 0 %, 35270 MiB, 39.19 W
2026/09/20 12:14:07.835, 2, 0 %, 0 %, 35270 MiB, 37.10 W
2026/09/20 12:14:12.835, 0, 0 %, 0 %, 35271 MiB, 39.13 W
2026/09/20 12:14:12.835, 1, 0 %, 0 %, 35270 MiB, 39.29 W
2026/09/20 12:14:12.836, 2, 0 %, 0 %, 35270 MiB, 37.20 W
2026/09/20 12:14:17.836, 0, 0 %, 0 %, 35271 MiB, 39.22 W
2026/09/20 12:14:17.836, 1, 0 %, 0 %, 35270 MiB, 39.28 W
2026/09/20 12:14:17.836, 2, 0 %, 0 %, 35270 MiB, 37.20 W
2026/09/20 12:14:22.837, 0, 0 %, 0 %, 35271 MiB, 39.13 W
2026/09/20 12:14:22.837, 1, 0 %, 0 %, 35270 MiB, 39.19 W
2026/09/20 12:14:22.837, 2, 0 %, 0 %, 35270 MiB, 37.20 W
2026/09/20 12:14:27.837, 0, 0 %, 0 %, 35271 MiB, 39.13 W
2026/09/20 12:14:27.837, 1, 0 %, 0 %, 35270 MiB, 39.09 W
2026/09/20 12:14:27.837, 2, 0 %, 0 %, 35270 MiB, 37.18 W
2026/09/20 12:14:32.838, 0, 0 %, 0 %, 35271 MiB, 39.33 W
2026/09/20 12:14:32.838, 1, 0 %, 0 %, 35270 MiB, 39.19 W
2026/09/20 12:14:32.838, 2, 0 %, 0 %, 35270 MiB, 37.29 W
2026/09/20 12:14:37.839, 0, 0 %, 0 %, 35271 MiB, 39.03 W
2026/09/20 12:14:37.839, 1, 0 %, 0 %, 35270 MiB, 39.18 W
2026/09/20 12:14:37.839, 2, 0 %, 0 %, 35270 MiB, 37.30 W
2026/09/20 12:14:42.840, 0, 0 %, 0 %, 35271 MiB, 39.02 W
2026/09/20 12:14:42.840, 1, 0 %, 0 %, 35270 MiB, 39.09 W
2026/09/20 12:14:42.840, 2, 0 %, 0 %, 35270 MiB, 37.19 W
2026/09/20 12:14:47.841, 0, 0 %, 0 %, 35271 MiB, 39.01 W
2026/09/20 12:14:47.841, 1, 0 %, 0 %, 35270 MiB, 39.07 W
2026/09/20 12:14:47.841, 2, 0 %, 0 %, 35270 MiB, 37.29 W
2026/09/20 12:14:52.841, 0, 0 %, 0 %, 35271 MiB, 39.22 W
2026/09/20 12:14:52.842, 1, 0 %, 0 %, 35270 MiB, 39.18 W
2026/09/20 12:14:52.842, 2, 0 %, 0 %, 35270 MiB, 37.21 W
2026/09/20 12:14:57.842, 0, 0 %, 0 %, 35271 MiB, 39.13 W
2026/09/20 12:14:57.842, 1, 0 %, 0 %, 35270 MiB, 39.29 W
2026/09/20 12:14:57.842, 2, 0 %, 0 %, 35270 MiB, 37.10 W
2026/09/20 12:15:02.843, 0, 0 %, 0 %, 35271 MiB, 39.12 W
2026/09/20 12:15:02.843, 1, 0 %, 0 %, 35270 MiB, 39.17 W
2026/09/20 12:15:02.843, 2, 0 %, 0 %, 35270 MiB, 37.10 W
2026/09/20 12:15:07.844, 0, 0 %, 0 %, 35271 MiB, 39.13 W
2026/09/20 12:15:07.844, 1, 0 %, 0 %, 35270 MiB, 39.19 W
2026/09/20 12:15:07.844, 2, 0 %, 0 %, 35270 MiB, 37.30 W
2026/09/20 12:15:12.844, 0, 0 %, 0 %, 35271 MiB, 39.12 W
2026/09/20 12:15:12.844, 1, 0 %, 0 %, 35270 MiB, 39.38 W
2026/09/20 12:15:12.844, 2, 0 %, 0 %, 35270 MiB, 37.19 W
2026/09/20 12:15:17.845, 0, 0 %, 0 %, 35271 MiB, 39.12 W
2026/09/20 12:15:17.845, 1, 0 %, 0 %, 35270 MiB, 39.19 W
2026/09/20 12:15:17.845, 2, 0 %, 0 %, 35270 MiB, 37.10 W
2026/09/20 12:15:22.846, 0, 0 %, 0 %, 35271 MiB, 39.13 W
2026/09/20 12:15:22.846, 1, 0 %, 0 %, 35270 MiB, 39.10 W
2026/09/20 12:15:22.846, 2, 0 %, 0 %, 35270 MiB, 37.10 W
2026/09/20 12:15:27.846, 0, 0 %, 0 %, 35271 MiB, 39.31 W
2026/09/20 12:15:27.847, 1, 0 %, 0 %, 35270 MiB, 39.09 W
2026/09/20 12:15:27.847, 2, 0 %, 0 %, 35270 MiB, 37.29 W
2026/09/20 12:15:32.847, 0, 0 %, 0 %, 35271 MiB, 39.22 W
2026/09/20 12:15:32.847, 1, 0 %, 0 %, 35270 MiB, 39.17 W
2026/09/20 12:15:32.847, 2, 0 %, 0 %, 35270 MiB, 37.18 W
2026/09/20 12:15:37.848, 0, 0 %, 0 %, 35271 MiB, 39.22 W
2026/09/20 12:15:37.848, 1, 0 %, 0 %, 35270 MiB, 39.17 W
2026/09/20 12:15:37.848, 2, 0 %, 0 %, 35270 MiB, 37.18 W
2026/09/20 12:15:42.849, 0, 0 %, 0 %, 35271 MiB, 39.02 W
2026/09/20 12:15:42.849, 1, 0 %, 0 %, 35270 MiB, 39.09 W
2026/09/20 12:15:42.849, 2, 0 %, 0 %, 35270 MiB, 37.19 W
2026/09/20 12:15:47.849, 0, 0 %, 0 %, 35271 MiB, 39.13 W
2026/09/20 12:15:47.849, 1, 0 %, 0 %, 35270 MiB, 39.29 W
2026/09/20 12:15:47.849, 2, 0 %, 0 %, 35270 MiB, 37.30 W
2026/09/20 12:15:52.850, 0, 0 %, 0 %, 35271 MiB, 39.03 W
2026/09/20 12:15:52.850, 1, 0 %, 0 %, 35270 MiB, 39.19 W
2026/09/20 12:15:52.850, 2, 0 %, 0 %, 35270 MiB, 37.01 W
2026/09/20 12:15:57.851, 0, 0 %, 0 %, 35271 MiB, 39.02 W
2026/09/20 12:15:57.851, 1, 0 %, 0 %, 35270 MiB, 39.19 W
2026/09/20 12:15:57.851, 2, 0 %, 0 %, 35270 MiB, 37.10 W
2026/09/20 12:16:02.851, 0, 0 %, 0 %, 35271 MiB, 39.03 W
2026/09/20 12:16:02.851, 1, 0 %, 0 %, 35270 MiB, 39.19 W
2026/09/20 12:16:02.851, 2, 0 %, 0 %, 35270 MiB, 37.29 W
2026/09/20 12:16:07.852, 0, 0 %, 0 %, 35271 MiB, 39.22 W
2026/09/20 12:16:07.852, 1, 0 %, 0 %, 35270 MiB, 39.29 W
2026/09/20 12:16:07.852, 2, 0 %, 0 %, 35270 MiB, 37.10 W
2026/09/20 12:16:12.853, 0, 0 %, 0 %, 35271 MiB, 39.12 W
2026/09/20 12:16:12.853, 1, 0 %, 0 %, 35270 MiB, 39.19 W
2026/09/20 12:16:12.853, 2, 0 %, 0 %, 35270 MiB, 37.10 W
2026/09/20 12:16:17.853, 0, 0 %, 0 %, 35271 MiB, 39.02 W
2026/09/20 12:16:17.854, 1, 0 %, 0 %, 35270 MiB, 39.17 W
2026/09/20 12:16:17.854, 2, 0 %, 0 %, 35270 MiB, 37.18 W
2026/09/20 12:16:22.854, 0, 0 %, 0 %, 35271 MiB, 39.31 W
2026/09/20 12:16:22.854, 1, 0 %, 0 %, 35270 MiB, 39.38 W
2026/09/20 12:16:22.854, 2, 0 %, 0 %, 35270 MiB, 37.41 W
2026/09/20 12:16:27.855, 0, 0 %, 0 %, 35271 MiB, 39.12 W
2026/09/20 12:16:27.855, 1, 0 %, 0 %, 35270 MiB, 39.19 W
2026/09/20 12:16:27.855, 2, 0 %, 0 %, 35270 MiB, 37.19 W
2026/09/20 12:16:32.856, 0, 0 %, 0 %, 35271 MiB, 39.12 W
2026/09/20 12:16:32.856, 1, 0 %, 0 %, 35270 MiB, 39.08 W
2026/09/20 12:16:32.856, 2, 0 %, 0 %, 35270 MiB, 37.09 W
2026/09/20 12:16:37.856, 0, 0 %, 0 %, 35271 MiB, 39.12 W
2026/09/20 12:16:37.857, 1, 0 %, 0 %, 35270 MiB, 39.08 W
2026/09/20 12:16:37.857, 2, 0 %, 0 %, 35270 MiB, 37.19 W
2026/09/20 12:16:42.857, 0, 0 %, 0 %, 35271 MiB, 39.22 W
2026/09/20 12:16:42.857, 1, 0 %, 0 %, 35270 MiB, 39.19 W
2026/09/20 12:16:42.857, 2, 0 %, 0 %, 35270 MiB, 37.28 W
2026/09/20 12:16:47.858, 0, 0 %, 0 %, 35271 MiB, 39.02 W
2026/09/20 12:16:47.858, 1, 0 %, 0 %, 35270 MiB, 38.99 W
2026/09/20 12:16:47.858, 2, 0 %, 0 %, 35270 MiB, 37.29 W
2026/09/20 12:16:52.858, 0, 0 %, 0 %, 35271 MiB, 39.02 W
2026/09/20 12:16:52.858, 1, 0 %, 0 %, 35270 MiB, 39.10 W
2026/09/20 12:16:52.859, 2, 0 %, 0 %, 35270 MiB, 37.20 W
2026/09/20 12:16:57.859, 0, 0 %, 0 %, 35271 MiB, 39.13 W
2026/09/20 12:16:57.859, 1, 0 %, 0 %, 35270 MiB, 39.29 W
2026/09/20 12:16:57.859, 2, 0 %, 0 %, 35270 MiB, 37.51 W
2026/09/20 12:17:02.860, 0, 0 %, 0 %, 35271 MiB, 39.12 W
2026/09/20 12:17:02.860, 1, 0 %, 0 %, 35270 MiB, 39.17 W
2026/09/20 12:17:02.860, 2, 0 %, 0 %, 35270 MiB, 37.20 W
2026/09/20 12:17:07.861, 0, 0 %, 0 %, 35271 MiB, 39.02 W
2026/09/20 12:17:07.861, 1, 0 %, 0 %, 35270 MiB, 39.19 W
2026/09/20 12:17:07.861, 2, 0 %, 0 %, 35270 MiB, 37.10 W
2026/09/20 12:17:12.861, 0, 0 %, 0 %, 35271 MiB, 39.12 W
2026/09/20 12:17:12.861, 1, 0 %, 0 %, 35270 MiB, 39.18 W
2026/09/20 12:17:12.861, 2, 0 %, 0 %, 35270 MiB, 37.10 W
2026/09/20 12:17:17.862, 0, 0 %, 0 %, 35271 MiB, 39.22 W
2026/09/20 12:17:17.862, 1, 0 %, 0 %, 35270 MiB, 39.27 W
2026/09/20 12:17:17.862, 2, 0 %, 0 %, 35270 MiB, 37.39 W
2026/09/20 12:17:22.863, 0, 0 %, 0 %, 35271 MiB, 39.12 W
2026/09/20 12:17:22.863, 1, 0 %, 0 %, 35270 MiB, 39.17 W
2026/09/20 12:17:22.863, 2, 0 %, 0 %, 35270 MiB, 37.09 W
2026/09/20 12:17:27.863, 0, 0 %, 0 %, 35271 MiB, 39.13 W
2026/09/20 12:17:27.864, 1, 0 %, 0 %, 35270 MiB, 39.29 W
2026/09/20 12:17:27.864, 2, 0 %, 0 %, 35270 MiB, 37.19 W
2026/09/20 12:17:32.864, 0, 0 %, 0 %, 35271 MiB, 39.03 W
2026/09/20 12:17:32.864, 1, 0 %, 0 %, 35270 MiB, 39.38 W
2026/09/20 12:17:32.864, 2, 0 %, 0 %, 35270 MiB, 37.10 W
2026/09/20 12:17:37.865, 0, 0 %, 0 %, 35271 MiB, 39.22 W
2026/09/20 12:17:37.865, 1, 0 %, 0 %, 35270 MiB, 39.18 W
2026/09/20 12:17:37.865, 2, 0 %, 0 %, 35270 MiB, 37.28 W
2026/09/20 12:17:42.865, 0, 0 %, 0 %, 35271 MiB, 39.12 W
2026/09/20 12:17:42.866, 1, 0 %, 0 %, 35270 MiB, 38.99 W
2026/09/20 12:17:42.866, 2, 0 %, 0 %, 35270 MiB, 37.20 W
2026/09/20 12:17:47.866, 0, 0 %, 0 %, 35271 MiB, 39.22 W
2026/09/20 12:17:47.866, 1, 0 %, 0 %, 35270 MiB, 39.19 W
2026/09/20 12:17:47.866, 2, 0 %, 0 %, 35270 MiB, 37.19 W
2026/09/20 12:17:52.867, 0, 0 %, 0 %, 35271 MiB, 39.33 W
2026/09/20 12:17:52.867, 1, 0 %, 0 %, 35270 MiB, 39.19 W
2026/09/20 12:17:52.867, 2, 0 %, 0 %, 35270 MiB, 37.20 W
2026/09/20 12:17:57.867, 0, 0 %, 0 %, 35271 MiB, 39.02 W
2026/09/20 12:17:57.868, 1, 0 %, 0 %, 35270 MiB, 39.10 W
2026/09/20 12:17:57.868, 2, 0 %, 0 %, 35270 MiB, 37.30 W
2026/09/20 12:18:02.868, 0, 0 %, 0 %, 35271 MiB, 39.02 W
2026/09/20 12:18:02.868, 1, 0 %, 0 %, 35270 MiB, 39.19 W
2026/09/20 12:18:02.868, 2, 0 %, 0 %, 35270 MiB, 37.10 W
2026/09/20 12:18:07.869, 0, 0 %, 0 %, 35271 MiB, 39.03 W
2026/09/20 12:18:07.869, 1, 0 %, 0 %, 35270 MiB, 39.38 W
2026/09/20 12:18:07.869, 2, 0 %, 0 %, 35270 MiB, 37.10 W
2026/09/20 12:18:12.869, 0, 0 %, 0 %, 35271 MiB, 39.23 W
2026/09/20 12:18:12.869, 1, 0 %, 0 %, 35270 MiB, 39.19 W
2026/09/20 12:18:12.869, 2, 0 %, 0 %, 35270 MiB, 37.20 W
2026/09/20 12:18:17.870, 0, 0 %, 0 %, 35271 MiB, 39.12 W
2026/09/20 12:18:17.870, 1, 0 %, 0 %, 35270 MiB, 39.19 W
2026/09/20 12:18:17.870, 2, 0 %, 0 %, 35270 MiB, 36.99 W
2026/09/20 12:18:22.871, 0, 0 %, 0 %, 35271 MiB, 39.04 W
2026/09/20 12:18:22.871, 1, 0 %, 0 %, 35270 MiB, 39.18 W
2026/09/20 12:18:22.871, 2, 0 %, 0 %, 35270 MiB, 37.10 W
2026/09/20 12:18:27.871, 0, 0 %, 0 %, 35271 MiB, 39.03 W
2026/09/20 12:18:27.871, 1, 0 %, 0 %, 35270 MiB, 39.18 W
2026/09/20 12:18:27.871, 2, 0 %, 0 %, 35270 MiB, 37.10 W
2026/09/20 12:18:32.872, 0, 0 %, 0 %, 35271 MiB, 39.13 W
2026/09/20 12:18:32.872, 1, 0 %, 0 %, 35270 MiB, 39.19 W
2026/09/20 12:18:32.872, 2, 0 %, 0 %, 35270 MiB, 37.31 W
2026/09/20 12:18:37.873, 0, 0 %, 0 %, 35271 MiB, 39.12 W
2026/09/20 12:18:37.873, 1, 0 %, 0 %, 35270 MiB, 39.19 W
2026/09/20 12:18:37.873, 2, 0 %, 0 %, 35270 MiB, 37.19 W
2026/09/20 12:18:42.873, 0, 0 %, 0 %, 35271 MiB, 39.13 W
2026/09/20 12:18:42.873, 1, 0 %, 0 %, 35270 MiB, 39.39 W
2026/09/20 12:18:42.873, 2, 0 %, 0 %, 35270 MiB, 37.10 W
2026/09/20 12:18:47.874, 0, 0 %, 0 %, 35271 MiB, 39.22 W
2026/09/20 12:18:47.874, 1, 0 %, 0 %, 35270 MiB, 39.10 W
2026/09/20 12:18:47.874, 2, 0 %, 0 %, 35270 MiB, 37.11 W
2026/09/20 12:18:52.875, 0, 0 %, 0 %, 35271 MiB, 60.72 W
2026/09/20 12:18:52.875, 1, 0 %, 0 %, 35270 MiB, 60.13 W
2026/09/20 12:18:52.875, 2, 99 %, 6 %, 35270 MiB, 86.72 W
2026/09/20 12:18:57.876, 0, 0 %, 0 %, 35271 MiB, 39.22 W
2026/09/20 12:18:57.876, 1, 0 %, 0 %, 35270 MiB, 39.09 W
2026/09/20 12:18:57.876, 2, 0 %, 0 %, 35270 MiB, 37.39 W
2026/09/20 12:19:02.877, 0, 0 %, 0 %, 35271 MiB, 39.02 W
2026/09/20 12:19:02.877, 1, 0 %, 0 %, 35270 MiB, 39.29 W
2026/09/20 12:19:02.877, 2, 0 %, 0 %, 35270 MiB, 37.19 W
2026/09/20 12:19:07.878, 0, 0 %, 0 %, 35271 MiB, 38.91 W
2026/09/20 12:19:07.878, 1, 0 %, 0 %, 35270 MiB, 39.17 W
2026/09/20 12:19:07.878, 2, 0 %, 0 %, 35270 MiB, 37.28 W
2026/09/20 12:19:12.878, 0, 0 %, 0 %, 35271 MiB, 39.02 W
2026/09/20 12:19:12.878, 1, 0 %, 0 %, 35270 MiB, 39.07 W
2026/09/20 12:19:12.878, 2, 0 %, 0 %, 35270 MiB, 37.39 W
2026/09/20 12:19:17.879, 0, 0 %, 0 %, 35271 MiB, 38.99 W
2026/09/20 12:19:17.879, 1, 0 %, 0 %, 35270 MiB, 39.24 W
2026/09/20 12:19:17.880, 2, 0 %, 0 %, 35270 MiB, 37.06 W
2026/09/20 12:19:22.880, 0, 0 %, 0 %, 35271 MiB, 38.90 W
2026/09/20 12:19:22.880, 1, 0 %, 0 %, 35270 MiB, 39.07 W
2026/09/20 12:19:22.880, 2, 0 %, 0 %, 35270 MiB, 37.09 W
2026/09/20 12:19:27.881, 0, 0 %, 0 %, 35271 MiB, 39.11 W
2026/09/20 12:19:27.881, 1, 0 %, 0 %, 35270 MiB, 39.07 W
2026/09/20 12:19:27.881, 2, 0 %, 0 %, 35270 MiB, 36.99 W
2026/09/20 12:19:32.881, 0, 0 %, 0 %, 35271 MiB, 38.80 W
2026/09/20 12:19:32.881, 1, 0 %, 0 %, 35270 MiB, 38.88 W
2026/09/20 12:19:32.881, 2, 0 %, 0 %, 35270 MiB, 37.09 W
2026/09/20 12:19:37.884, 0, 0 %, 0 %, 35271 MiB, 38.81 W
2026/09/20 12:19:37.884, 1, 0 %, 0 %, 35270 MiB, 38.97 W
2026/09/20 12:19:37.884, 2, 0 %, 0 %, 35270 MiB, 36.89 W
2026/09/20 12:19:42.884, 0, 0 %, 0 %, 35271 MiB, 38.80 W
2026/09/20 12:19:42.885, 1, 0 %, 0 %, 35270 MiB, 38.97 W
2026/09/20 12:19:42.885, 2, 0 %, 0 %, 35270 MiB, 36.88 W
2026/09/20 12:19:47.886, 0, 0 %, 0 %, 35271 MiB, 39.01 W
2026/09/20 12:19:47.886, 1, 0 %, 0 %, 35270 MiB, 38.97 W
2026/09/20 12:19:47.886, 2, 0 %, 0 %, 35270 MiB, 36.88 W
2026/09/20 12:19:52.889, 0, 0 %, 0 %, 35271 MiB, 38.79 W
2026/09/20 12:19:52.889, 1, 0 %, 0 %, 35270 MiB, 38.95 W
2026/09/20 12:19:52.889, 2, 0 %, 0 %, 35270 MiB, 36.98 W
2026/09/20 12:19:57.890, 0, 0 %, 0 %, 35271 MiB, 38.88 W
2026/09/20 12:19:57.891, 1, 0 %, 0 %, 35270 MiB, 38.78 W
2026/09/20 12:19:57.891, 2, 0 %, 0 %, 35270 MiB, 36.97 W
2026/09/20 12:20:02.892, 0, 0 %, 0 %, 35271 MiB, 38.90 W
2026/09/20 12:20:02.892, 1, 0 %, 0 %, 35270 MiB, 38.78 W
2026/09/20 12:20:02.893, 2, 0 %, 0 %, 35270 MiB, 36.99 W
2026/09/20 12:20:07.894, 0, 0 %, 0 %, 35271 MiB, 38.91 W
2026/09/20 12:20:07.894, 1, 0 %, 0 %, 35270 MiB, 38.75 W
2026/09/20 12:20:07.895, 2, 0 %, 0 %, 35270 MiB, 36.98 W
2026/09/20 12:20:12.896, 0, 0 %, 0 %, 35271 MiB, 38.69 W
2026/09/20 12:20:12.896, 1, 0 %, 0 %, 35270 MiB, 38.86 W
2026/09/20 12:20:12.896, 2, 0 %, 0 %, 35270 MiB, 37.16 W
2026/09/20 12:20:17.898, 0, 0 %, 0 %, 35271 MiB, 38.79 W
2026/09/20 12:20:17.898, 1, 0 %, 0 %, 35270 MiB, 38.75 W
2026/09/20 12:20:17.898, 2, 0 %, 0 %, 35270 MiB, 37.06 W
2026/09/20 12:20:22.900, 0, 0 %, 0 %, 35271 MiB, 39.00 W
2026/09/20 12:20:22.900, 1, 0 %, 0 %, 35270 MiB, 38.88 W
2026/09/20 12:20:22.900, 2, 0 %, 0 %, 35270 MiB, 36.89 W
2026/09/20 12:20:27.901, 0, 0 %, 0 %, 35271 MiB, 38.80 W
2026/09/20 12:20:27.902, 1, 0 %, 0 %, 35270 MiB, 38.87 W
2026/09/20 12:20:27.902, 2, 0 %, 0 %, 35270 MiB, 37.08 W
2026/09/20 12:20:32.903, 0, 0 %, 0 %, 35271 MiB, 38.79 W
2026/09/20 12:20:32.903, 1, 0 %, 0 %, 35270 MiB, 38.85 W
2026/09/20 12:20:32.904, 2, 0 %, 0 %, 35270 MiB, 36.97 W
2026/09/20 12:20:37.905, 0, 0 %, 0 %, 35271 MiB, 38.88 W
2026/09/20 12:20:37.905, 1, 0 %, 0 %, 35270 MiB, 38.97 W
2026/09/20 12:20:37.906, 2, 0 %, 0 %, 35270 MiB, 36.88 W
2026/09/20 12:20:42.906, 0, 0 %, 0 %, 35271 MiB, 38.99 W
2026/09/20 12:20:42.907, 1, 0 %, 0 %, 35270 MiB, 38.85 W
2026/09/20 12:20:42.907, 2, 0 %, 0 %, 35270 MiB, 36.96 W
2026/09/20 12:20:47.907, 0, 0 %, 0 %, 35271 MiB, 38.79 W
2026/09/20 12:20:47.908, 1, 0 %, 0 %, 35270 MiB, 39.05 W
2026/09/20 12:20:47.908, 2, 0 %, 0 %, 35270 MiB, 37.26 W
2026/09/20 12:20:52.908, 0, 0 %, 0 %, 35271 MiB, 38.90 W
2026/09/20 12:20:52.909, 1, 0 %, 0 %, 35270 MiB, 38.97 W
2026/09/20 12:20:52.909, 2, 0 %, 0 %, 35270 MiB, 36.98 W
2026/09/20 12:20:57.910, 0, 0 %, 0 %, 35271 MiB, 38.88 W
2026/09/20 12:20:57.911, 1, 0 %, 0 %, 35270 MiB, 38.77 W
2026/09/20 12:20:57.911, 2, 0 %, 0 %, 35270 MiB, 36.97 W
2026/09/20 12:21:02.911, 0, 5 %, 0 %, 35271 MiB, 39.12 W
2026/09/20 12:21:02.912, 1, 0 %, 0 %, 35270 MiB, 38.78 W
2026/09/20 12:21:02.912, 2, 0 %, 0 %, 35270 MiB, 36.99 W
2026/09/20 12:21:07.912, 0, 0 %, 0 %, 35271 MiB, 38.99 W
2026/09/20 12:21:07.913, 1, 0 %, 0 %, 35270 MiB, 38.97 W
2026/09/20 12:21:07.913, 2, 0 %, 0 %, 35270 MiB, 37.28 W
2026/09/20 12:21:12.913, 0, 0 %, 0 %, 35271 MiB, 39.02 W
2026/09/20 12:21:12.914, 1, 0 %, 0 %, 35270 MiB, 38.88 W
2026/09/20 12:21:12.914, 2, 0 %, 0 %, 35270 MiB, 37.09 W
2026/09/20 12:21:17.914, 0, 0 %, 0 %, 35271 MiB, 38.92 W
2026/09/20 12:21:17.914, 1, 0 %, 0 %, 35270 MiB, 38.88 W
2026/09/20 12:21:17.915, 2, 0 %, 0 %, 35270 MiB, 37.09 W
2026/09/20 12:21:22.916, 0, 0 %, 0 %, 35271 MiB, 38.80 W
2026/09/20 12:21:22.916, 1, 0 %, 0 %, 35270 MiB, 38.88 W
2026/09/20 12:21:22.916, 2, 0 %, 0 %, 35270 MiB, 37.09 W
2026/09/20 12:21:27.917, 0, 5 %, 0 %, 35271 MiB, 38.92 W
2026/09/20 12:21:27.918, 1, 0 %, 0 %, 35270 MiB, 38.97 W
2026/09/20 12:21:27.918, 2, 0 %, 0 %, 35270 MiB, 37.09 W
2026/09/20 12:21:32.918, 0, 0 %, 0 %, 35271 MiB, 38.92 W
2026/09/20 12:21:32.918, 1, 0 %, 0 %, 35270 MiB, 38.98 W
2026/09/20 12:21:32.918, 2, 0 %, 0 %, 35270 MiB, 36.99 W
2026/09/20 12:21:37.919, 0, 0 %, 0 %, 35271 MiB, 39.03 W
2026/09/20 12:21:37.919, 1, 0 %, 0 %, 35270 MiB, 38.90 W
2026/09/20 12:21:37.919, 2, 0 %, 0 %, 35270 MiB, 37.01 W
2026/09/20 12:21:42.920, 0, 0 %, 0 %, 35271 MiB, 38.91 W
2026/09/20 12:21:42.920, 1, 0 %, 0 %, 35270 MiB, 39.08 W
2026/09/20 12:21:42.920, 2, 0 %, 0 %, 35270 MiB, 37.00 W
2026/09/20 12:21:47.920, 0, 0 %, 0 %, 35271 MiB, 38.93 W
2026/09/20 12:21:47.920, 1, 0 %, 0 %, 35270 MiB, 38.98 W
2026/09/20 12:21:47.920, 2, 0 %, 0 %, 35270 MiB, 37.09 W
2026/09/20 12:21:52.921, 0, 0 %, 0 %, 35271 MiB, 39.21 W
2026/09/20 12:21:52.921, 1, 0 %, 0 %, 35270 MiB, 60.01 W
2026/09/20 12:21:52.921, 2, 0 %, 0 %, 35270 MiB, 57.93 W
2026/09/20 12:21:57.922, 0, 0 %, 0 %, 35271 MiB, 39.12 W
2026/09/20 12:21:57.922, 1, 0 %, 0 %, 35270 MiB, 39.19 W
2026/09/20 12:21:57.922, 2, 0 %, 0 %, 35270 MiB, 37.10 W
2026/09/20 12:22:02.922, 0, 0 %, 0 %, 35271 MiB, 39.13 W
2026/09/20 12:22:02.922, 1, 0 %, 0 %, 35270 MiB, 39.28 W
2026/09/20 12:22:02.922, 2, 0 %, 0 %, 35270 MiB, 37.10 W
2026/09/20 12:22:07.923, 0, 0 %, 0 %, 35271 MiB, 39.12 W
2026/09/20 12:22:07.923, 1, 0 %, 0 %, 35270 MiB, 38.97 W
2026/09/20 12:22:07.923, 2, 0 %, 0 %, 35270 MiB, 37.29 W
2026/09/20 12:22:12.924, 0, 0 %, 0 %, 35271 MiB, 39.22 W
2026/09/20 12:22:12.924, 1, 0 %, 0 %, 35270 MiB, 39.10 W
2026/09/20 12:22:12.924, 2, 0 %, 0 %, 35270 MiB, 37.29 W
2026/09/20 12:22:17.925, 0, 0 %, 0 %, 35271 MiB, 39.22 W
2026/09/20 12:22:17.925, 1, 0 %, 0 %, 35270 MiB, 39.17 W
2026/09/20 12:22:17.925, 2, 0 %, 0 %, 35270 MiB, 37.28 W
2026/09/20 12:22:22.925, 0, 0 %, 0 %, 35271 MiB, 38.94 W
2026/09/20 12:22:22.925, 1, 0 %, 0 %, 35270 MiB, 39.10 W
2026/09/20 12:22:22.925, 2, 0 %, 0 %, 35270 MiB, 37.50 W
2026/09/20 12:22:27.926, 0, 0 %, 0 %, 35271 MiB, 39.03 W
2026/09/20 12:22:27.926, 1, 0 %, 0 %, 35270 MiB, 38.99 W
2026/09/20 12:22:27.926, 2, 0 %, 0 %, 35270 MiB, 37.28 W
2026/09/20 12:22:32.926, 0, 0 %, 0 %, 35271 MiB, 39.22 W
2026/09/20 12:22:32.926, 1, 0 %, 0 %, 35270 MiB, 39.09 W
2026/09/20 12:22:32.926, 2, 0 %, 0 %, 35270 MiB, 37.29 W
2026/09/20 12:22:37.927, 0, 0 %, 0 %, 35271 MiB, 39.02 W
2026/09/20 12:22:37.927, 1, 0 %, 0 %, 35270 MiB, 39.08 W
2026/09/20 12:22:37.927, 2, 0 %, 0 %, 35270 MiB, 37.09 W
2026/09/20 12:22:42.928, 0, 0 %, 0 %, 35271 MiB, 39.02 W
2026/09/20 12:22:42.928, 1, 0 %, 0 %, 35270 MiB, 39.07 W
2026/09/20 12:22:42.928, 2, 0 %, 0 %, 35270 MiB, 37.28 W
2026/09/20 12:22:47.928, 0, 0 %, 0 %, 35271 MiB, 39.12 W
2026/09/20 12:22:47.929, 1, 0 %, 0 %, 35270 MiB, 39.17 W
2026/09/20 12:22:47.929, 2, 0 %, 0 %, 35270 MiB, 37.18 W
2026/09/20 12:22:52.929, 0, 0 %, 0 %, 35271 MiB, 39.22 W
2026/09/20 12:22:52.929, 1, 0 %, 0 %, 35270 MiB, 39.38 W
2026/09/20 12:22:52.929, 2, 0 %, 0 %, 35270 MiB, 37.18 W
2026/09/20 12:22:57.930, 0, 0 %, 0 %, 35271 MiB, 39.12 W
2026/09/20 12:22:57.930, 1, 0 %, 0 %, 35270 MiB, 39.18 W
2026/09/20 12:22:57.930, 2, 0 %, 0 %, 35270 MiB, 37.10 W
2026/09/20 12:23:02.931, 0, 0 %, 0 %, 35271 MiB, 39.12 W
2026/09/20 12:23:02.931, 1, 0 %, 0 %, 35270 MiB, 39.18 W
2026/09/20 12:23:02.931, 2, 0 %, 0 %, 35270 MiB, 37.39 W
2026/09/20 12:23:07.932, 0, 0 %, 0 %, 35271 MiB, 39.13 W
2026/09/20 12:23:07.932, 1, 0 %, 0 %, 35270 MiB, 39.19 W
2026/09/20 12:23:07.932, 2, 0 %, 0 %, 35270 MiB, 37.29 W
2026/09/20 12:23:12.932, 0, 0 %, 0 %, 35271 MiB, 39.22 W
2026/09/20 12:23:12.932, 1, 0 %, 0 %, 35270 MiB, 39.08 W
2026/09/20 12:23:12.932, 2, 0 %, 0 %, 35270 MiB, 37.20 W
2026/09/20 12:23:17.933, 0, 0 %, 0 %, 35271 MiB, 39.22 W
2026/09/20 12:23:17.933, 1, 0 %, 0 %, 35270 MiB, 39.07 W
2026/09/20 12:23:17.933, 2, 0 %, 0 %, 35270 MiB, 37.20 W
2026/09/20 12:23:22.934, 0, 0 %, 0 %, 35271 MiB, 39.13 W
2026/09/20 12:23:22.934, 1, 0 %, 0 %, 35270 MiB, 38.99 W
2026/09/20 12:23:22.934, 2, 0 %, 0 %, 35270 MiB, 37.40 W
2026/09/20 12:23:27.935, 0, 0 %, 0 %, 35271 MiB, 39.13 W
2026/09/20 12:23:27.935, 1, 0 %, 0 %, 35270 MiB, 39.10 W
2026/09/20 12:23:27.935, 2, 0 %, 0 %, 35270 MiB, 37.30 W
2026/09/20 12:23:32.935, 0, 0 %, 0 %, 35271 MiB, 39.03 W
2026/09/20 12:23:32.935, 1, 0 %, 0 %, 35270 MiB, 39.09 W
2026/09/20 12:23:32.936, 2, 0 %, 0 %, 35270 MiB, 37.29 W
2026/09/20 12:23:37.936, 0, 0 %, 0 %, 35271 MiB, 39.12 W
2026/09/20 12:23:37.936, 1, 0 %, 0 %, 35270 MiB, 39.09 W
2026/09/20 12:23:37.936, 2, 0 %, 0 %, 35270 MiB, 37.29 W
2026/09/20 12:23:42.937, 0, 0 %, 0 %, 35271 MiB, 39.12 W
2026/09/20 12:23:42.937, 1, 0 %, 0 %, 35270 MiB, 39.08 W
2026/09/20 12:23:42.937, 2, 0 %, 0 %, 35270 MiB, 37.18 W
2026/09/20 12:23:47.938, 0, 0 %, 0 %, 35271 MiB, 39.02 W
2026/09/20 12:23:47.938, 1, 0 %, 0 %, 35270 MiB, 39.19 W
2026/09/20 12:23:47.938, 2, 0 %, 0 %, 35270 MiB, 37.20 W
2026/09/20 12:23:52.938, 0, 0 %, 0 %, 35271 MiB, 39.22 W
2026/09/20 12:23:52.939, 1, 0 %, 0 %, 35270 MiB, 39.19 W
2026/09/20 12:23:52.939, 2, 0 %, 0 %, 35270 MiB, 37.09 W
2026/09/20 12:23:57.939, 0, 0 %, 0 %, 35271 MiB, 39.12 W
2026/09/20 12:23:57.939, 1, 0 %, 0 %, 35270 MiB, 39.08 W
2026/09/20 12:23:57.939, 2, 0 %, 0 %, 35270 MiB, 37.40 W
2026/09/20 12:24:02.940, 0, 0 %, 0 %, 35271 MiB, 39.12 W
2026/09/20 12:24:02.940, 1, 0 %, 0 %, 35270 MiB, 39.17 W
2026/09/20 12:24:02.940, 2, 0 %, 0 %, 35270 MiB, 37.29 W
2026/09/20 12:24:07.940, 0, 0 %, 0 %, 35271 MiB, 39.31 W
2026/09/20 12:24:07.940, 1, 0 %, 0 %, 35270 MiB, 39.19 W
2026/09/20 12:24:07.940, 2, 0 %, 0 %, 35270 MiB, 37.19 W
2026/09/20 12:24:12.941, 0, 0 %, 0 %, 35271 MiB, 39.12 W
2026/09/20 12:24:12.941, 1, 0 %, 0 %, 35270 MiB, 39.19 W
2026/09/20 12:24:12.941, 2, 0 %, 0 %, 35270 MiB, 37.29 W
2026/09/20 12:24:17.942, 0, 0 %, 0 %, 35271 MiB, 39.22 W
2026/09/20 12:24:17.942, 1, 0 %, 0 %, 35270 MiB, 39.29 W
2026/09/20 12:24:17.942, 2, 0 %, 0 %, 35270 MiB, 37.49 W
2026/09/20 12:24:22.943, 0, 0 %, 0 %, 35271 MiB, 39.22 W
2026/09/20 12:24:22.943, 1, 0 %, 0 %, 35270 MiB, 39.29 W
2026/09/20 12:24:22.943, 2, 0 %, 0 %, 35270 MiB, 37.31 W
2026/09/20 12:24:27.943, 0, 0 %, 0 %, 35271 MiB, 39.23 W
2026/09/20 12:24:27.943, 1, 0 %, 0 %, 35270 MiB, 39.08 W
2026/09/20 12:24:27.943, 2, 0 %, 0 %, 35270 MiB, 37.29 W
2026/09/20 12:24:32.944, 0, 0 %, 0 %, 35271 MiB, 39.22 W
2026/09/20 12:24:32.944, 1, 0 %, 0 %, 35270 MiB, 39.19 W
2026/09/20 12:24:32.944, 2, 0 %, 0 %, 35270 MiB, 37.30 W
2026/09/20 12:24:37.945, 0, 0 %, 0 %, 35271 MiB, 39.12 W
2026/09/20 12:24:37.945, 1, 0 %, 0 %, 35270 MiB, 39.08 W
2026/09/20 12:24:37.945, 2, 0 %, 0 %, 35270 MiB, 37.49 W
2026/09/20 12:24:42.945, 0, 0 %, 0 %, 35271 MiB, 39.51 W
2026/09/20 12:24:42.946, 1, 0 %, 0 %, 35270 MiB, 39.19 W
2026/09/20 12:24:42.946, 2, 0 %, 0 %, 35270 MiB, 37.40 W
2026/09/20 12:24:47.946, 0, 0 %, 0 %, 35271 MiB, 39.12 W
2026/09/20 12:24:47.947, 1, 0 %, 0 %, 35270 MiB, 39.08 W
2026/09/20 12:24:47.947, 2, 0 %, 0 %, 35270 MiB, 37.38 W
2026/09/20 12:24:52.947, 0, 0 %, 0 %, 35271 MiB, 39.12 W
2026/09/20 12:24:52.948, 1, 0 %, 0 %, 35270 MiB, 39.19 W
2026/09/20 12:24:52.948, 2, 0 %, 0 %, 35270 MiB, 37.19 W
2026/09/20 12:24:57.948, 0, 0 %, 0 %, 35271 MiB, 39.23 W
2026/09/20 12:24:57.948, 1, 0 %, 0 %, 35270 MiB, 39.38 W
2026/09/20 12:24:57.948, 2, 0 %, 0 %, 35270 MiB, 37.38 W
2026/09/20 12:25:02.949, 0, 0 %, 0 %, 35271 MiB, 39.22 W
2026/09/20 12:25:02.949, 1, 0 %, 0 %, 35270 MiB, 39.17 W
2026/09/20 12:25:02.949, 2, 0 %, 0 %, 35270 MiB, 37.18 W
2026/09/20 12:25:07.950, 0, 0 %, 0 %, 35271 MiB, 39.23 W
2026/09/20 12:25:07.950, 1, 0 %, 0 %, 35270 MiB, 39.29 W
2026/09/20 12:25:07.950, 2, 0 %, 0 %, 35270 MiB, 37.31 W
2026/09/20 12:25:12.951, 0, 0 %, 0 %, 35271 MiB, 39.12 W
2026/09/20 12:25:12.951, 1, 0 %, 0 %, 35270 MiB, 39.19 W
2026/09/20 12:25:12.951, 2, 0 %, 0 %, 35270 MiB, 37.19 W
2026/09/20 12:25:17.951, 0, 0 %, 0 %, 35271 MiB, 39.23 W
2026/09/20 12:25:17.952, 1, 0 %, 0 %, 35270 MiB, 39.29 W
2026/09/20 12:25:17.952, 2, 0 %, 0 %, 35270 MiB, 37.30 W
2026/09/20 12:25:22.952, 0, 0 %, 0 %, 35271 MiB, 39.32 W
2026/09/20 12:25:22.952, 1, 0 %, 0 %, 35270 MiB, 39.18 W
2026/09/20 12:25:22.952, 2, 0 %, 0 %, 35270 MiB, 37.29 W
2026/09/20 12:25:27.953, 0, 0 %, 0 %, 35271 MiB, 39.22 W
2026/09/20 12:25:27.953, 1, 0 %, 0 %, 35270 MiB, 39.09 W
2026/09/20 12:25:27.953, 2, 0 %, 0 %, 35270 MiB, 37.21 W
2026/09/20 12:25:32.954, 0, 0 %, 0 %, 35271 MiB, 39.22 W
2026/09/20 12:25:32.954, 1, 0 %, 0 %, 35270 MiB, 39.18 W
2026/09/20 12:25:32.954, 2, 0 %, 0 %, 35270 MiB, 37.29 W
2026/09/20 12:25:37.954, 0, 0 %, 0 %, 35271 MiB, 39.41 W
2026/09/20 12:25:37.955, 1, 0 %, 0 %, 35270 MiB, 39.19 W
2026/09/20 12:25:37.955, 2, 0 %, 0 %, 35270 MiB, 37.31 W
2026/09/20 12:25:42.955, 0, 0 %, 0 %, 35271 MiB, 39.31 W
2026/09/20 12:25:42.955, 1, 0 %, 0 %, 35270 MiB, 39.09 W
2026/09/20 12:25:42.955, 2, 0 %, 0 %, 35270 MiB, 37.29 W
2026/09/20 12:25:47.956, 0, 0 %, 0 %, 35271 MiB, 39.12 W
2026/09/20 12:25:47.957, 1, 0 %, 0 %, 35270 MiB, 39.19 W
2026/09/20 12:25:47.957, 2, 0 %, 0 %, 35270 MiB, 37.41 W
2026/09/20 12:25:52.957, 0, 0 %, 0 %, 35271 MiB, 39.12 W
2026/09/20 12:25:52.958, 1, 0 %, 0 %, 35270 MiB, 39.28 W
2026/09/20 12:25:52.958, 2, 0 %, 0 %, 35270 MiB, 37.60 W
2026/09/20 12:25:57.958, 0, 0 %, 0 %, 35271 MiB, 39.22 W
2026/09/20 12:25:57.958, 1, 0 %, 0 %, 35270 MiB, 39.19 W
2026/09/20 12:25:57.958, 2, 0 %, 0 %, 35270 MiB, 37.29 W
2026/09/20 12:26:02.959, 0, 0 %, 0 %, 35271 MiB, 39.12 W
2026/09/20 12:26:02.959, 1, 0 %, 0 %, 35270 MiB, 39.17 W
2026/09/20 12:26:02.960, 2, 0 %, 0 %, 35270 MiB, 37.11 W
2026/09/20 12:26:07.960, 0, 0 %, 0 %, 35271 MiB, 39.12 W
2026/09/20 12:26:07.961, 1, 0 %, 0 %, 35270 MiB, 39.28 W
2026/09/20 12:26:07.961, 2, 0 %, 0 %, 35270 MiB, 37.10 W
2026/09/20 12:26:12.961, 0, 0 %, 0 %, 35271 MiB, 39.22 W
2026/09/20 12:26:12.961, 1, 0 %, 0 %, 35270 MiB, 39.28 W
2026/09/20 12:26:12.961, 2, 0 %, 0 %, 35270 MiB, 37.50 W
2026/09/20 12:26:17.962, 0, 0 %, 0 %, 35271 MiB, 39.22 W
2026/09/20 12:26:17.962, 1, 0 %, 0 %, 35270 MiB, 39.27 W
2026/09/20 12:26:17.962, 2, 0 %, 0 %, 35270 MiB, 37.29 W
2026/09/20 12:26:22.963, 0, 0 %, 0 %, 35271 MiB, 39.22 W
2026/09/20 12:26:22.963, 1, 0 %, 0 %, 35270 MiB, 39.27 W
2026/09/20 12:26:22.963, 2, 0 %, 0 %, 35270 MiB, 37.18 W
2026/09/20 12:26:27.964, 0, 0 %, 0 %, 35271 MiB, 39.22 W
2026/09/20 12:26:27.964, 1, 0 %, 0 %, 35270 MiB, 39.46 W
2026/09/20 12:26:27.964, 2, 0 %, 0 %, 35270 MiB, 37.28 W
2026/09/20 12:26:32.964, 0, 0 %, 0 %, 35271 MiB, 39.33 W
2026/09/20 12:26:32.965, 1, 0 %, 0 %, 35270 MiB, 39.19 W
2026/09/20 12:26:32.965, 2, 0 %, 0 %, 35270 MiB, 37.51 W
2026/09/20 12:26:37.965, 0, 0 %, 0 %, 35271 MiB, 39.32 W
2026/09/20 12:26:37.965, 1, 0 %, 0 %, 35270 MiB, 39.09 W
2026/09/20 12:26:37.965, 2, 0 %, 0 %, 35270 MiB, 37.30 W
2026/09/20 12:26:42.966, 0, 0 %, 0 %, 35271 MiB, 39.31 W
2026/09/20 12:26:42.966, 1, 0 %, 0 %, 35270 MiB, 39.07 W
2026/09/20 12:26:42.966, 2, 0 %, 0 %, 35270 MiB, 37.30 W
2026/09/20 12:26:47.967, 0, 0 %, 0 %, 35271 MiB, 39.32 W
2026/09/20 12:26:47.967, 1, 0 %, 0 %, 35270 MiB, 39.19 W
2026/09/20 12:26:47.967, 2, 0 %, 0 %, 35270 MiB, 37.29 W
2026/09/20 12:26:52.968, 0, 0 %, 0 %, 35271 MiB, 39.22 W
2026/09/20 12:26:52.968, 1, 0 %, 0 %, 35270 MiB, 39.08 W
2026/09/20 12:26:52.968, 2, 0 %, 0 %, 35270 MiB, 37.41 W
2026/09/20 12:26:57.968, 0, 0 %, 0 %, 35271 MiB, 39.13 W
2026/09/20 12:26:57.968, 1, 0 %, 0 %, 35270 MiB, 39.19 W
2026/09/20 12:26:57.968, 2, 0 %, 0 %, 35270 MiB, 37.29 W
2026/09/20 12:27:02.969, 0, 0 %, 0 %, 35271 MiB, 39.12 W
2026/09/20 12:27:02.969, 1, 0 %, 0 %, 35270 MiB, 39.08 W
2026/09/20 12:27:02.969, 2, 0 %, 0 %, 35270 MiB, 37.10 W
2026/09/20 12:27:07.970, 0, 0 %, 0 %, 35271 MiB, 39.13 W
2026/09/20 12:27:07.970, 1, 0 %, 0 %, 35270 MiB, 39.29 W
2026/09/20 12:27:07.970, 2, 0 %, 0 %, 35270 MiB, 37.20 W
2026/09/20 12:27:12.970, 0, 0 %, 0 %, 35271 MiB, 39.22 W
2026/09/20 12:27:12.971, 1, 0 %, 0 %, 35270 MiB, 39.17 W
2026/09/20 12:27:12.971, 2, 0 %, 0 %, 35270 MiB, 37.18 W
2026/09/20 12:27:17.971, 0, 0 %, 0 %, 35271 MiB, 39.22 W
2026/09/20 12:27:17.972, 1, 0 %, 0 %, 35270 MiB, 39.29 W
2026/09/20 12:27:17.972, 2, 0 %, 0 %, 35270 MiB, 37.31 W
2026/09/20 12:27:22.972, 0, 0 %, 0 %, 35271 MiB, 39.22 W
2026/09/20 12:27:22.973, 1, 0 %, 0 %, 35270 MiB, 39.37 W
2026/09/20 12:27:22.973, 2, 0 %, 0 %, 35270 MiB, 37.20 W
2026/09/20 12:27:27.973, 0, 0 %, 0 %, 35271 MiB, 39.43 W
2026/09/20 12:27:27.974, 1, 0 %, 0 %, 35270 MiB, 39.29 W
2026/09/20 12:27:27.974, 2, 0 %, 0 %, 35270 MiB, 37.40 W
2026/09/20 12:27:32.974, 0, 0 %, 0 %, 35271 MiB, 39.22 W
2026/09/20 12:27:32.974, 1, 0 %, 0 %, 35270 MiB, 39.27 W
2026/09/20 12:27:32.974, 2, 0 %, 0 %, 35270 MiB, 37.30 W
2026/09/20 12:27:37.974, 0, 0 %, 0 %, 35271 MiB, 39.33 W
2026/09/20 12:27:37.975, 1, 0 %, 0 %, 35270 MiB, 39.29 W
2026/09/20 12:27:37.975, 2, 0 %, 0 %, 35270 MiB, 37.19 W
2026/09/20 12:27:42.976, 0, 0 %, 0 %, 35271 MiB, 39.31 W
2026/09/20 12:27:42.976, 1, 0 %, 0 %, 35270 MiB, 39.19 W
2026/09/20 12:27:42.976, 2, 0 %, 0 %, 35270 MiB, 37.29 W
2026/09/20 12:27:47.976, 0, 0 %, 0 %, 35271 MiB, 39.51 W
2026/09/20 12:27:47.976, 1, 0 %, 0 %, 35270 MiB, 39.37 W
2026/09/20 12:27:47.977, 2, 0 %, 0 %, 35270 MiB, 37.59 W
2026/09/20 12:27:52.977, 0, 0 %, 0 %, 35271 MiB, 39.41 W
2026/09/20 12:27:52.977, 1, 0 %, 0 %, 35270 MiB, 39.27 W
2026/09/20 12:27:52.977, 2, 0 %, 0 %, 35270 MiB, 37.40 W
2026/09/20 12:27:57.977, 0, 0 %, 0 %, 35271 MiB, 39.31 W
2026/09/20 12:27:57.978, 1, 0 %, 0 %, 35270 MiB, 39.37 W
2026/09/20 12:27:57.978, 2, 0 %, 0 %, 35270 MiB, 37.39 W
2026/09/20 12:28:02.978, 0, 0 %, 0 %, 35271 MiB, 39.22 W
2026/09/20 12:28:02.979, 1, 0 %, 0 %, 35270 MiB, 39.19 W
2026/09/20 12:28:02.979, 2, 0 %, 0 %, 35270 MiB, 37.49 W
2026/09/20 12:28:07.979, 0, 0 %, 0 %, 35271 MiB, 39.12 W
2026/09/20 12:28:07.979, 1, 0 %, 0 %, 35270 MiB, 39.10 W
2026/09/20 12:28:07.979, 2, 0 %, 0 %, 35270 MiB, 37.30 W
2026/09/20 12:28:12.980, 0, 0 %, 0 %, 35271 MiB, 39.02 W
2026/09/20 12:28:12.980, 1, 0 %, 0 %, 35270 MiB, 39.07 W
2026/09/20 12:28:12.980, 2, 0 %, 0 %, 35270 MiB, 37.09 W
2026/09/20 12:28:17.981, 0, 0 %, 0 %, 35271 MiB, 39.02 W
2026/09/20 12:28:17.981, 1, 0 %, 0 %, 35270 MiB, 39.17 W
2026/09/20 12:28:17.981, 2, 0 %, 0 %, 35270 MiB, 37.09 W
2026/09/20 12:28:22.982, 0, 0 %, 0 %, 35271 MiB, 39.22 W
2026/09/20 12:28:22.982, 1, 0 %, 0 %, 35270 MiB, 39.17 W
2026/09/20 12:28:22.982, 2, 0 %, 0 %, 35270 MiB, 37.42 W
2026/09/20 12:28:27.982, 0, 0 %, 0 %, 35271 MiB, 39.12 W
2026/09/20 12:28:27.983, 1, 0 %, 0 %, 35270 MiB, 39.19 W
2026/09/20 12:28:27.983, 2, 0 %, 0 %, 35270 MiB, 37.20 W
2026/09/20 12:28:32.983, 0, 0 %, 0 %, 35271 MiB, 39.12 W
2026/09/20 12:28:32.983, 1, 0 %, 0 %, 35270 MiB, 39.38 W
2026/09/20 12:28:32.983, 2, 0 %, 0 %, 35270 MiB, 37.20 W
2026/09/20 12:28:37.984, 0, 0 %, 0 %, 35271 MiB, 39.12 W
2026/09/20 12:28:37.984, 1, 0 %, 0 %, 35270 MiB, 39.17 W
2026/09/20 12:28:37.984, 2, 0 %, 0 %, 35270 MiB, 37.09 W
2026/09/20 12:28:42.985, 0, 0 %, 0 %, 35271 MiB, 39.32 W
2026/09/20 12:28:42.985, 1, 0 %, 0 %, 35270 MiB, 39.17 W
2026/09/20 12:28:42.985, 2, 0 %, 0 %, 35270 MiB, 37.30 W
2026/09/20 12:28:47.985, 0, 0 %, 0 %, 35271 MiB, 39.22 W
2026/09/20 12:28:47.986, 1, 0 %, 0 %, 35270 MiB, 39.10 W
2026/09/20 12:28:47.986, 2, 0 %, 0 %, 35270 MiB, 37.18 W
2026/09/20 12:28:52.986, 0, 0 %, 0 %, 35271 MiB, 39.12 W
2026/09/20 12:28:52.986, 1, 0 %, 0 %, 35270 MiB, 39.19 W
2026/09/20 12:28:52.986, 2, 0 %, 0 %, 35270 MiB, 37.09 W
2026/09/20 12:28:57.987, 0, 0 %, 0 %, 35271 MiB, 39.23 W
2026/09/20 12:28:57.987, 1, 0 %, 0 %, 35270 MiB, 39.10 W
2026/09/20 12:28:57.987, 2, 0 %, 0 %, 35270 MiB, 37.20 W
2026/09/20 12:29:02.988, 0, 0 %, 0 %, 35271 MiB, 39.22 W
2026/09/20 12:29:02.988, 1, 0 %, 0 %, 35270 MiB, 39.08 W
2026/09/20 12:29:02.988, 2, 0 %, 0 %, 35270 MiB, 37.31 W
2026/09/20 12:29:07.988, 0, 0 %, 0 %, 35271 MiB, 39.12 W
2026/09/20 12:29:07.988, 1, 0 %, 0 %, 35270 MiB, 39.39 W
2026/09/20 12:29:07.988, 2, 0 %, 0 %, 35270 MiB, 37.30 W
2026/09/20 12:29:12.989, 0, 0 %, 0 %, 35271 MiB, 39.12 W
2026/09/20 12:29:12.989, 1, 0 %, 0 %, 35270 MiB, 39.17 W
2026/09/20 12:29:12.989, 2, 0 %, 0 %, 35270 MiB, 37.19 W
2026/09/20 12:29:17.989, 0, 0 %, 0 %, 35271 MiB, 39.23 W
2026/09/20 12:29:17.989, 1, 0 %, 0 %, 35270 MiB, 39.10 W
2026/09/20 12:29:17.989, 2, 0 %, 0 %, 35270 MiB, 37.10 W
2026/09/20 12:29:22.990, 0, 0 %, 0 %, 35271 MiB, 39.12 W
2026/09/20 12:29:22.990, 1, 0 %, 0 %, 35270 MiB, 39.08 W
2026/09/20 12:29:22.990, 2, 0 %, 0 %, 35270 MiB, 37.20 W
2026/09/20 12:29:27.991, 0, 0 %, 0 %, 35271 MiB, 39.13 W
2026/09/20 12:29:27.991, 1, 0 %, 0 %, 35270 MiB, 39.19 W
2026/09/20 12:29:27.991, 2, 0 %, 0 %, 35270 MiB, 37.21 W
2026/09/20 12:29:32.992, 0, 0 %, 0 %, 35271 MiB, 39.02 W
2026/09/20 12:29:32.992, 1, 0 %, 0 %, 35270 MiB, 39.17 W
2026/09/20 12:29:32.992, 2, 0 %, 0 %, 35270 MiB, 37.10 W
2026/09/20 12:29:37.993, 0, 0 %, 0 %, 35271 MiB, 39.23 W
2026/09/20 12:29:37.993, 1, 0 %, 0 %, 35270 MiB, 39.18 W
2026/09/20 12:29:37.993, 2, 0 %, 0 %, 35270 MiB, 37.29 W
2026/09/20 12:29:42.994, 0, 0 %, 0 %, 35271 MiB, 39.12 W
2026/09/20 12:29:42.994, 1, 0 %, 0 %, 35270 MiB, 39.28 W
2026/09/20 12:29:42.994, 2, 0 %, 0 %, 35270 MiB, 37.09 W
2026/09/20 12:29:47.994, 0, 0 %, 0 %, 35271 MiB, 39.02 W
2026/09/20 12:29:47.995, 1, 0 %, 0 %, 35270 MiB, 39.29 W
2026/09/20 12:29:47.995, 2, 0 %, 0 %, 35270 MiB, 37.10 W
2026/09/20 12:29:52.996, 0, 0 %, 0 %, 35271 MiB, 39.22 W
2026/09/20 12:29:52.996, 1, 0 %, 0 %, 35270 MiB, 39.27 W
2026/09/20 12:29:52.996, 2, 0 %, 0 %, 35270 MiB, 37.10 W
2026/09/20 12:29:57.996, 0, 0 %, 0 %, 35271 MiB, 39.22 W
2026/09/20 12:29:57.997, 1, 0 %, 0 %, 35270 MiB, 39.09 W
2026/09/20 12:29:57.997, 2, 0 %, 0 %, 35270 MiB, 37.31 W
2026/09/20 12:30:02.997, 0, 0 %, 0 %, 35271 MiB, 39.22 W
2026/09/20 12:30:02.998, 1, 0 %, 0 %, 35270 MiB, 39.07 W
2026/09/20 12:30:02.998, 2, 0 %, 0 %, 35270 MiB, 37.18 W
2026/09/20 12:30:07.998, 0, 0 %, 0 %, 35271 MiB, 39.22 W
2026/09/20 12:30:07.998, 1, 0 %, 0 %, 35270 MiB, 39.27 W
2026/09/20 12:30:07.998, 2, 0 %, 0 %, 35270 MiB, 37.18 W
2026/09/20 12:30:12.999, 0, 0 %, 0 %, 35271 MiB, 39.13 W
2026/09/20 12:30:12.999, 1, 0 %, 0 %, 35270 MiB, 39.07 W
2026/09/20 12:30:12.999, 2, 0 %, 0 %, 35270 MiB, 37.29 W
2026/09/20 12:30:17.999, 0, 0 %, 0 %, 35271 MiB, 39.13 W
2026/09/20 12:30:18.000, 1, 0 %, 0 %, 35270 MiB, 39.08 W
2026/09/20 12:30:18.000, 2, 0 %, 0 %, 35270 MiB, 37.30 W
2026/09/20 12:30:23.000, 0, 0 %, 0 %, 35271 MiB, 39.12 W
2026/09/20 12:30:23.000, 1, 0 %, 0 %, 35270 MiB, 39.09 W
2026/09/20 12:30:23.000, 2, 0 %, 0 %, 35270 MiB, 37.18 W
2026/09/20 12:30:28.001, 0, 0 %, 0 %, 35271 MiB, 39.02 W
2026/09/20 12:30:28.001, 1, 0 %, 0 %, 35270 MiB, 39.09 W
2026/09/20 12:30:28.001, 2, 0 %, 0 %, 35270 MiB, 37.10 W
2026/09/20 12:30:33.002, 0, 0 %, 0 %, 35271 MiB, 39.12 W
2026/09/20 12:30:33.002, 1, 0 %, 0 %, 35270 MiB, 39.17 W
2026/09/20 12:30:33.002, 2, 0 %, 0 %, 35270 MiB, 37.10 W
2026/09/20 12:30:38.003, 0, 0 %, 0 %, 35271 MiB, 39.02 W
2026/09/20 12:30:38.003, 1, 0 %, 0 %, 35270 MiB, 39.18 W
2026/09/20 12:30:38.003, 2, 0 %, 0 %, 35270 MiB, 37.19 W
2026/09/20 12:30:43.003, 0, 0 %, 0 %, 35271 MiB, 39.12 W
2026/09/20 12:30:43.004, 1, 0 %, 0 %, 35270 MiB, 39.17 W
2026/09/20 12:30:43.004, 2, 0 %, 0 %, 35270 MiB, 37.09 W
2026/09/20 12:30:48.004, 0, 0 %, 0 %, 35271 MiB, 39.12 W
2026/09/20 12:30:48.005, 1, 0 %, 0 %, 35270 MiB, 39.19 W
2026/09/20 12:30:48.005, 2, 0 %, 0 %, 35270 MiB, 37.10 W
2026/09/20 12:30:53.005, 0, 0 %, 0 %, 35271 MiB, 39.13 W
2026/09/20 12:30:53.005, 1, 0 %, 0 %, 35270 MiB, 39.38 W
2026/09/20 12:30:53.005, 2, 0 %, 0 %, 35270 MiB, 37.29 W
2026/09/20 12:30:58.006, 0, 0 %, 0 %, 35271 MiB, 39.23 W
2026/09/20 12:30:58.006, 1, 0 %, 0 %, 35270 MiB, 39.29 W
2026/09/20 12:30:58.006, 2, 0 %, 0 %, 35270 MiB, 37.10 W
2026/09/20 12:31:03.006, 0, 0 %, 0 %, 35271 MiB, 39.22 W
2026/09/20 12:31:03.007, 1, 0 %, 0 %, 35270 MiB, 38.97 W
2026/09/20 12:31:03.007, 2, 0 %, 0 %, 35270 MiB, 37.18 W
2026/09/20 12:31:08.007, 0, 0 %, 0 %, 35271 MiB, 39.42 W
2026/09/20 12:31:08.008, 1, 0 %, 0 %, 35270 MiB, 39.09 W
2026/09/20 12:31:08.008, 2, 0 %, 0 %, 35270 MiB, 37.10 W
2026/09/20 12:31:13.008, 0, 0 %, 0 %, 35271 MiB, 39.22 W
2026/09/20 12:31:13.008, 1, 0 %, 0 %, 35270 MiB, 39.18 W
2026/09/20 12:31:13.008, 2, 0 %, 0 %, 35270 MiB, 37.41 W
2026/09/20 12:31:18.009, 0, 0 %, 0 %, 35271 MiB, 39.23 W
2026/09/20 12:31:18.009, 1, 0 %, 0 %, 35270 MiB, 39.19 W
2026/09/20 12:31:18.009, 2, 0 %, 0 %, 35270 MiB, 37.20 W
2026/09/20 12:31:23.010, 0, 0 %, 0 %, 35271 MiB, 39.02 W
2026/09/20 12:31:23.010, 1, 0 %, 0 %, 35270 MiB, 39.07 W
2026/09/20 12:31:23.010, 2, 0 %, 0 %, 35270 MiB, 37.18 W
2026/09/20 12:31:28.011, 0, 0 %, 0 %, 35271 MiB, 39.23 W
2026/09/20 12:31:28.011, 1, 0 %, 0 %, 35270 MiB, 39.10 W
2026/09/20 12:31:28.011, 2, 0 %, 0 %, 35270 MiB, 37.20 W
2026/09/20 12:31:33.012, 0, 0 %, 0 %, 35271 MiB, 39.12 W
2026/09/20 12:31:33.012, 1, 0 %, 0 %, 35270 MiB, 39.17 W
2026/09/20 12:31:33.012, 2, 0 %, 0 %, 35270 MiB, 37.18 W
2026/09/20 12:31:38.012, 0, 0 %, 0 %, 35271 MiB, 39.04 W
2026/09/20 12:31:38.013, 1, 0 %, 0 %, 35270 MiB, 39.10 W
2026/09/20 12:31:38.013, 2, 0 %, 0 %, 35270 MiB, 37.10 W
2026/09/20 12:31:43.013, 0, 0 %, 0 %, 35271 MiB, 39.12 W
2026/09/20 12:31:43.013, 1, 0 %, 0 %, 35270 MiB, 39.17 W
2026/09/20 12:31:43.014, 2, 0 %, 0 %, 35270 MiB, 37.09 W
2026/09/20 12:31:48.014, 0, 0 %, 0 %, 35271 MiB, 39.12 W
2026/09/20 12:31:48.014, 1, 0 %, 0 %, 35270 MiB, 39.37 W
2026/09/20 12:31:48.014, 2, 0 %, 0 %, 35270 MiB, 37.10 W
2026/09/20 12:31:53.015, 0, 0 %, 0 %, 35271 MiB, 39.12 W
2026/09/20 12:31:53.015, 1, 0 %, 0 %, 35270 MiB, 39.17 W
2026/09/20 12:31:53.015, 2, 0 %, 0 %, 35270 MiB, 37.18 W
2026/09/20 12:31:58.017, 0, 0 %, 0 %, 35271 MiB, 39.31 W
2026/09/20 12:31:58.017, 1, 0 %, 0 %, 35270 MiB, 39.46 W
2026/09/20 12:31:58.017, 2, 0 %, 0 %, 35270 MiB, 37.49 W
2026/09/20 12:32:03.018, 0, 0 %, 0 %, 35271 MiB, 39.02 W
2026/09/20 12:32:03.018, 1, 0 %, 0 %, 35270 MiB, 39.27 W
2026/09/20 12:32:03.018, 2, 0 %, 0 %, 35270 MiB, 37.18 W
2026/09/20 12:32:08.018, 0, 0 %, 0 %, 35271 MiB, 39.31 W
2026/09/20 12:32:08.018, 1, 0 %, 0 %, 35270 MiB, 39.27 W
2026/09/20 12:32:08.018, 2, 0 %, 0 %, 35270 MiB, 37.09 W
2026/09/20 12:32:13.019, 0, 0 %, 0 %, 35271 MiB, 39.12 W
2026/09/20 12:32:13.019, 1, 0 %, 0 %, 35270 MiB, 39.07 W
2026/09/20 12:32:13.019, 2, 0 %, 0 %, 35270 MiB, 37.18 W
2026/09/20 12:32:18.020, 0, 0 %, 0 %, 35271 MiB, 39.22 W
2026/09/20 12:32:18.020, 1, 0 %, 0 %, 35270 MiB, 39.09 W
2026/09/20 12:32:18.020, 2, 0 %, 0 %, 35270 MiB, 37.20 W
2026/09/20 12:32:23.021, 0, 0 %, 0 %, 35271 MiB, 39.43 W
2026/09/20 12:32:23.021, 1, 0 %, 0 %, 35270 MiB, 39.09 W
2026/09/20 12:32:23.021, 2, 0 %, 0 %, 35270 MiB, 37.30 W
2026/09/20 12:32:28.021, 0, 0 %, 0 %, 35271 MiB, 39.12 W
2026/09/20 12:32:28.022, 1, 0 %, 0 %, 35270 MiB, 39.08 W
2026/09/20 12:32:28.022, 2, 0 %, 0 %, 35270 MiB, 37.19 W
2026/09/20 12:32:33.022, 0, 0 %, 0 %, 35271 MiB, 39.02 W
2026/09/20 12:32:33.022, 1, 0 %, 0 %, 35270 MiB, 38.98 W
2026/09/20 12:32:33.022, 2, 0 %, 0 %, 35270 MiB, 37.28 W
2026/09/20 12:32:38.023, 0, 0 %, 0 %, 35271 MiB, 39.02 W
2026/09/20 12:32:38.023, 1, 0 %, 0 %, 35270 MiB, 39.19 W
2026/09/20 12:32:38.023, 2, 0 %, 0 %, 35270 MiB, 37.19 W
2026/09/20 12:32:43.023, 0, 0 %, 0 %, 35271 MiB, 39.22 W
2026/09/20 12:32:43.024, 1, 0 %, 0 %, 35270 MiB, 39.38 W
2026/09/20 12:32:43.024, 2, 0 %, 0 %, 35270 MiB, 37.10 W
2026/09/20 12:32:48.024, 0, 0 %, 0 %, 35271 MiB, 39.12 W
2026/09/20 12:32:48.024, 1, 0 %, 0 %, 35270 MiB, 39.29 W
2026/09/20 12:32:48.024, 2, 0 %, 0 %, 35270 MiB, 37.28 W
2026/09/20 12:32:53.025, 0, 0 %, 0 %, 35271 MiB, 39.12 W
2026/09/20 12:32:53.025, 1, 0 %, 0 %, 35270 MiB, 39.17 W
2026/09/20 12:32:53.025, 2, 0 %, 0 %, 35270 MiB, 37.18 W
2026/09/20 12:32:58.026, 0, 0 %, 0 %, 35271 MiB, 39.12 W
2026/09/20 12:32:58.026, 1, 0 %, 0 %, 35270 MiB, 39.08 W
2026/09/20 12:32:58.026, 2, 0 %, 0 %, 35270 MiB, 37.10 W
2026/09/20 12:33:03.027, 0, 0 %, 0 %, 35271 MiB, 39.12 W
2026/09/20 12:33:03.027, 1, 0 %, 0 %, 35270 MiB, 39.29 W
2026/09/20 12:33:03.027, 2, 0 %, 0 %, 35270 MiB, 37.09 W
2026/09/20 12:33:08.027, 0, 0 %, 0 %, 35271 MiB, 39.13 W
2026/09/20 12:33:08.027, 1, 0 %, 0 %, 35270 MiB, 39.19 W
2026/09/20 12:33:08.027, 2, 0 %, 0 %, 35270 MiB, 37.31 W
2026/09/20 12:33:13.028, 0, 0 %, 0 %, 35271 MiB, 39.12 W
2026/09/20 12:33:13.028, 1, 0 %, 0 %, 35270 MiB, 39.17 W
2026/09/20 12:33:13.028, 2, 0 %, 0 %, 35270 MiB, 37.09 W
2026/09/20 12:33:18.029, 0, 0 %, 0 %, 35271 MiB, 39.31 W
2026/09/20 12:33:18.029, 1, 0 %, 0 %, 35270 MiB, 39.19 W
2026/09/20 12:33:18.029, 2, 0 %, 0 %, 35270 MiB, 37.11 W
2026/09/20 12:33:23.029, 0, 0 %, 0 %, 35271 MiB, 39.22 W
2026/09/20 12:33:23.030, 1, 0 %, 0 %, 35270 MiB, 39.08 W
2026/09/20 12:33:23.030, 2, 0 %, 0 %, 35270 MiB, 37.10 W
2026/09/20 12:33:28.030, 0, 0 %, 0 %, 35271 MiB, 39.22 W
2026/09/20 12:33:28.031, 1, 0 %, 0 %, 35270 MiB, 39.09 W
2026/09/20 12:33:28.031, 2, 0 %, 0 %, 35270 MiB, 37.30 W
2026/09/20 12:33:33.031, 0, 0 %, 0 %, 35271 MiB, 39.22 W
2026/09/20 12:33:33.032, 1, 0 %, 0 %, 35270 MiB, 39.08 W
2026/09/20 12:33:33.032, 2, 0 %, 0 %, 35270 MiB, 37.18 W
2026/09/20 12:33:38.032, 0, 0 %, 0 %, 35271 MiB, 39.23 W
2026/09/20 12:33:38.032, 1, 0 %, 0 %, 35270 MiB, 39.28 W
2026/09/20 12:33:38.032, 2, 0 %, 0 %, 35270 MiB, 37.19 W
2026/09/20 12:33:43.032, 0, 100 %, 14 %, 35271 MiB, 106.32 W
2026/09/20 12:33:43.033, 1, 100 %, 15 %, 35270 MiB, 87.32 W
2026/09/20 12:33:43.033, 2, 100 %, 10 %, 35270 MiB, 126.10 W
2026/09/20 12:33:48.033, 0, 100 %, 14 %, 35271 MiB, 81.16 W
2026/09/20 12:33:48.034, 1, 100 %, 10 %, 35270 MiB, 86.55 W
2026/09/20 12:33:48.034, 2, 100 %, 15 %, 35270 MiB, 84.59 W
2026/09/20 12:33:53.034, 0, 0 %, 0 %, 35271 MiB, 39.71 W
2026/09/20 12:33:53.034, 1, 0 %, 0 %, 35270 MiB, 39.87 W
2026/09/20 12:33:53.034, 2, 0 %, 0 %, 35270 MiB, 37.59 W
2026/09/20 12:33:58.035, 0, 0 %, 0 %, 35271 MiB, 39.61 W
2026/09/20 12:33:58.035, 1, 0 %, 0 %, 35270 MiB, 39.79 W
2026/09/20 12:33:58.035, 2, 0 %, 0 %, 35270 MiB, 37.59 W
2026/09/20 12:34:03.036, 0, 0 %, 0 %, 35271 MiB, 39.51 W
2026/09/20 12:34:03.036, 1, 0 %, 0 %, 35270 MiB, 39.56 W
2026/09/20 12:34:03.036, 2, 0 %, 0 %, 35270 MiB, 37.51 W
2026/09/20 12:34:08.036, 0, 0 %, 0 %, 35271 MiB, 39.51 W
2026/09/20 12:34:08.036, 1, 0 %, 0 %, 35270 MiB, 39.56 W
2026/09/20 12:34:08.036, 2, 0 %, 0 %, 35270 MiB, 37.41 W
2026/09/20 12:34:13.037, 0, 0 %, 0 %, 35271 MiB, 39.51 W
2026/09/20 12:34:13.037, 1, 0 %, 0 %, 35270 MiB, 39.78 W
2026/09/20 12:34:13.037, 2, 0 %, 0 %, 35270 MiB, 37.39 W
2026/09/20 12:34:18.038, 0, 0 %, 0 %, 35271 MiB, 39.61 W
2026/09/20 12:34:18.038, 1, 0 %, 0 %, 35270 MiB, 39.58 W
2026/09/20 12:34:18.038, 2, 0 %, 0 %, 35270 MiB, 37.50 W
2026/09/20 12:34:23.038, 0, 0 %, 0 %, 35271 MiB, 39.51 W
2026/09/20 12:34:23.039, 1, 0 %, 0 %, 35270 MiB, 39.37 W
2026/09/20 12:34:23.039, 2, 0 %, 0 %, 35270 MiB, 37.59 W
2026/09/20 12:34:28.040, 0, 0 %, 0 %, 35271 MiB, 39.50 W
2026/09/20 12:34:28.040, 1, 0 %, 0 %, 35270 MiB, 39.37 W
2026/09/20 12:34:28.040, 2, 0 %, 0 %, 35270 MiB, 37.49 W
2026/09/20 12:34:33.044, 0, 0 %, 0 %, 35271 MiB, 39.47 W
2026/09/20 12:34:33.044, 1, 0 %, 0 %, 35270 MiB, 39.53 W
2026/09/20 12:34:33.044, 2, 0 %, 0 %, 35270 MiB, 37.47 W
2026/09/20 12:34:38.044, 0, 0 %, 0 %, 35271 MiB, 39.56 W
2026/09/20 12:34:38.045, 1, 0 %, 0 %, 35270 MiB, 39.44 W
2026/09/20 12:34:38.045, 2, 0 %, 0 %, 35270 MiB, 37.37 W
2026/09/20 12:34:43.046, 0, 0 %, 0 %, 35271 MiB, 39.18 W
2026/09/20 12:34:43.046, 1, 0 %, 0 %, 35270 MiB, 39.24 W
2026/09/20 12:34:43.047, 2, 0 %, 0 %, 35270 MiB, 37.56 W
2026/09/20 12:34:48.047, 0, 0 %, 0 %, 35271 MiB, 39.08 W
2026/09/20 12:34:48.048, 1, 0 %, 0 %, 35270 MiB, 39.15 W
2026/09/20 12:34:48.048, 2, 0 %, 0 %, 35270 MiB, 37.36 W
2026/09/20 12:34:53.049, 0, 0 %, 0 %, 35271 MiB, 39.18 W
2026/09/20 12:34:53.049, 1, 0 %, 0 %, 35270 MiB, 39.24 W
2026/09/20 12:34:53.050, 2, 0 %, 0 %, 35270 MiB, 37.16 W
2026/09/20 12:34:58.051, 0, 0 %, 0 %, 35271 MiB, 39.18 W
2026/09/20 12:34:58.051, 1, 0 %, 0 %, 35270 MiB, 39.04 W
2026/09/20 12:34:58.051, 2, 0 %, 0 %, 35270 MiB, 37.06 W
2026/09/20 12:35:03.052, 0, 0 %, 0 %, 35271 MiB, 39.07 W
2026/09/20 12:35:03.052, 1, 0 %, 0 %, 35270 MiB, 39.12 W
2026/09/20 12:35:03.053, 2, 0 %, 0 %, 35270 MiB, 37.14 W
2026/09/20 12:35:08.054, 0, 0 %, 0 %, 35271 MiB, 38.97 W
2026/09/20 12:35:08.054, 1, 0 %, 0 %, 35270 MiB, 39.22 W
2026/09/20 12:35:08.054, 2, 0 %, 0 %, 35270 MiB, 37.05 W
2026/09/20 12:35:13.055, 0, 0 %, 0 %, 35271 MiB, 39.18 W
2026/09/20 12:35:13.056, 1, 0 %, 0 %, 35270 MiB, 39.14 W
2026/09/20 12:35:13.056, 2, 0 %, 0 %, 35270 MiB, 36.96 W
2026/09/20 12:35:18.057, 0, 0 %, 0 %, 35271 MiB, 38.97 W
2026/09/20 12:35:18.057, 1, 0 %, 0 %, 35270 MiB, 39.05 W
2026/09/20 12:35:18.057, 2, 0 %, 0 %, 35270 MiB, 37.06 W
2026/09/20 12:35:23.058, 0, 0 %, 0 %, 35271 MiB, 38.99 W
2026/09/20 12:35:23.059, 1, 0 %, 0 %, 35270 MiB, 39.05 W
2026/09/20 12:35:23.059, 2, 0 %, 0 %, 35270 MiB, 36.96 W
2026/09/20 12:35:28.060, 0, 0 %, 0 %, 35271 MiB, 38.99 W
2026/09/20 12:35:28.060, 1, 0 %, 0 %, 35270 MiB, 39.13 W
2026/09/20 12:35:28.060, 2, 0 %, 0 %, 35270 MiB, 37.06 W
2026/09/20 12:35:33.062, 0, 0 %, 0 %, 35271 MiB, 38.99 W
2026/09/20 12:35:33.073, 1, 0 %, 0 %, 35270 MiB, 38.85 W
2026/09/20 12:35:33.073, 2, 0 %, 0 %, 35270 MiB, 37.06 W
2026/09/20 12:35:38.075, 0, 0 %, 0 %, 35271 MiB, 39.07 W
2026/09/20 12:35:38.075, 1, 0 %, 0 %, 35270 MiB, 38.92 W
2026/09/20 12:35:38.075, 2, 0 %, 0 %, 35270 MiB, 37.25 W
2026/09/20 12:35:43.077, 0, 0 %, 0 %, 35271 MiB, 38.97 W
2026/09/20 12:35:43.077, 1, 0 %, 0 %, 35270 MiB, 39.02 W
2026/09/20 12:35:43.077, 2, 0 %, 0 %, 35270 MiB, 37.04 W
2026/09/20 12:35:48.078, 0, 0 %, 0 %, 35271 MiB, 39.07 W
2026/09/20 12:35:48.078, 1, 0 %, 0 %, 35270 MiB, 38.85 W
2026/09/20 12:35:48.079, 2, 0 %, 0 %, 35270 MiB, 37.06 W
2026/09/20 12:35:53.081, 0, 0 %, 0 %, 35271 MiB, 38.76 W
2026/09/20 12:35:53.081, 1, 0 %, 0 %, 35270 MiB, 38.75 W
2026/09/20 12:35:53.081, 2, 0 %, 0 %, 35270 MiB, 37.06 W
2026/09/20 12:35:58.083, 0, 0 %, 0 %, 35271 MiB, 38.68 W
2026/09/20 12:35:58.083, 1, 0 %, 0 %, 35270 MiB, 38.75 W
2026/09/20 12:35:58.084, 2, 0 %, 0 %, 35270 MiB, 37.25 W
2026/09/20 12:36:03.085, 0, 0 %, 0 %, 35271 MiB, 38.89 W
2026/09/20 12:36:03.085, 1, 0 %, 0 %, 35270 MiB, 38.85 W
2026/09/20 12:36:03.085, 2, 0 %, 0 %, 35270 MiB, 36.96 W
2026/09/20 12:36:08.088, 0, 0 %, 0 %, 35271 MiB, 38.86 W
2026/09/20 12:36:08.088, 1, 0 %, 0 %, 35270 MiB, 38.83 W
2026/09/20 12:36:08.088, 2, 0 %, 0 %, 35270 MiB, 36.84 W
2026/09/20 12:36:13.089, 0, 0 %, 0 %, 35271 MiB, 38.89 W
2026/09/20 12:36:13.090, 1, 0 %, 0 %, 35270 MiB, 38.85 W
2026/09/20 12:36:13.090, 2, 0 %, 0 %, 35270 MiB, 36.87 W
2026/09/20 12:36:18.090, 0, 0 %, 0 %, 35271 MiB, 38.89 W
2026/09/20 12:36:18.091, 1, 0 %, 0 %, 35270 MiB, 38.85 W
2026/09/20 12:36:18.091, 2, 0 %, 0 %, 35270 MiB, 37.06 W
2026/09/20 12:36:23.092, 0, 0 %, 0 %, 35271 MiB, 38.88 W
2026/09/20 12:36:23.092, 1, 0 %, 0 %, 35270 MiB, 38.97 W
2026/09/20 12:36:23.092, 2, 0 %, 0 %, 35270 MiB, 36.96 W
2026/09/20 12:36:28.094, 0, 0 %, 0 %, 35271 MiB, 38.99 W
2026/09/20 12:36:28.094, 1, 0 %, 0 %, 35270 MiB, 38.85 W
2026/09/20 12:36:28.094, 2, 0 %, 0 %, 35270 MiB, 36.87 W
2026/09/20 12:36:33.096, 0, 0 %, 0 %, 35271 MiB, 38.91 W
2026/09/20 12:36:33.096, 1, 0 %, 0 %, 35270 MiB, 38.96 W
2026/09/20 12:36:33.096, 2, 0 %, 0 %, 35270 MiB, 36.98 W
2026/09/20 12:36:38.098, 0, 0 %, 0 %, 35271 MiB, 38.99 W
2026/09/20 12:36:38.098, 1, 0 %, 0 %, 35270 MiB, 38.87 W
2026/09/20 12:36:38.098, 2, 0 %, 0 %, 35270 MiB, 37.18 W
2026/09/20 12:36:43.100, 0, 0 %, 0 %, 35271 MiB, 39.10 W
2026/09/20 12:36:43.100, 1, 0 %, 0 %, 35270 MiB, 38.77 W
2026/09/20 12:36:43.100, 2, 0 %, 0 %, 35270 MiB, 37.08 W
2026/09/20 12:36:48.100, 0, 0 %, 0 %, 35271 MiB, 38.99 W
2026/09/20 12:36:48.100, 1, 0 %, 0 %, 35270 MiB, 38.85 W
2026/09/20 12:36:48.100, 2, 0 %, 0 %, 35270 MiB, 37.06 W
2026/09/20 12:36:53.102, 0, 0 %, 0 %, 35271 MiB, 39.01 W
2026/09/20 12:36:53.102, 1, 0 %, 0 %, 35270 MiB, 38.78 W
2026/09/20 12:36:53.102, 2, 0 %, 0 %, 35270 MiB, 37.09 W
2026/09/20 12:36:58.103, 0, 0 %, 0 %, 35271 MiB, 38.92 W
2026/09/20 12:36:58.103, 1, 0 %, 0 %, 35270 MiB, 38.97 W
2026/09/20 12:36:58.103, 2, 0 %, 0 %, 35270 MiB, 37.28 W
2026/09/20 12:37:03.104, 0, 0 %, 0 %, 35271 MiB, 39.12 W
2026/09/20 12:37:03.104, 1, 0 %, 0 %, 35270 MiB, 38.88 W
2026/09/20 12:37:03.104, 2, 0 %, 0 %, 35270 MiB, 37.18 W
2026/09/20 12:37:08.104, 0, 0 %, 0 %, 35271 MiB, 38.80 W
2026/09/20 12:37:08.104, 1, 0 %, 0 %, 35270 MiB, 38.88 W
2026/09/20 12:37:08.105, 2, 0 %, 0 %, 35270 MiB, 37.09 W
2026/09/20 12:37:13.105, 0, 0 %, 0 %, 35271 MiB, 39.02 W
2026/09/20 12:37:13.105, 1, 0 %, 0 %, 35270 MiB, 39.07 W
2026/09/20 12:37:13.105, 2, 0 %, 0 %, 35270 MiB, 37.09 W
2026/09/20 12:37:18.106, 0, 0 %, 0 %, 35271 MiB, 39.31 W
2026/09/20 12:37:18.106, 1, 0 %, 0 %, 35270 MiB, 38.88 W
2026/09/20 12:37:18.106, 2, 0 %, 0 %, 35270 MiB, 37.09 W
2026/09/20 12:37:23.106, 0, 0 %, 0 %, 35271 MiB, 39.02 W
2026/09/20 12:37:23.107, 1, 0 %, 0 %, 35270 MiB, 38.97 W
2026/09/20 12:37:23.107, 2, 0 %, 0 %, 35270 MiB, 37.09 W
2026/09/20 12:37:28.108, 0, 0 %, 0 %, 35271 MiB, 39.11 W
2026/09/20 12:37:28.108, 1, 0 %, 0 %, 35270 MiB, 39.07 W
2026/09/20 12:37:28.108, 2, 0 %, 0 %, 35270 MiB, 37.09 W
2026/09/20 12:37:33.108, 0, 100 %, 26 %, 35271 MiB, 83.77 W
2026/09/20 12:37:33.108, 1, 100 %, 10 %, 35270 MiB, 88.33 W
2026/09/20 12:37:33.108, 2, 98 %, 14 %, 35270 MiB, 82.49 W
2026/09/20 12:37:38.109, 0, 100 %, 14 %, 35271 MiB, 92.10 W
2026/09/20 12:37:38.109, 1, 100 %, 27 %, 35270 MiB, 184.16 W
2026/09/20 12:37:38.109, 2, 100 %, 18 %, 35270 MiB, 136.66 W
2026/09/20 12:37:43.109, 0, 0 %, 0 %, 35271 MiB, 61.42 W
2026/09/20 12:37:43.110, 1, 0 %, 0 %, 35270 MiB, 60.96 W
2026/09/20 12:37:43.110, 2, 0 %, 0 %, 35270 MiB, 58.79 W
2026/09/20 12:37:48.110, 0, 0 %, 0 %, 35271 MiB, 39.71 W
2026/09/20 12:37:48.110, 1, 0 %, 0 %, 35270 MiB, 39.46 W
2026/09/20 12:37:48.110, 2, 0 %, 0 %, 35270 MiB, 37.70 W
2026/09/20 12:37:53.111, 0, 0 %, 0 %, 35271 MiB, 39.71 W
2026/09/20 12:37:53.111, 1, 0 %, 0 %, 35270 MiB, 39.46 W
2026/09/20 12:37:53.111, 2, 0 %, 0 %, 35270 MiB, 37.90 W
2026/09/20 12:37:58.112, 0, 0 %, 0 %, 35271 MiB, 39.80 W
2026/09/20 12:37:58.112, 1, 0 %, 0 %, 35270 MiB, 39.29 W
2026/09/20 12:37:58.112, 2, 0 %, 0 %, 35270 MiB, 37.71 W
2026/09/20 12:38:03.112, 0, 0 %, 0 %, 35271 MiB, 39.41 W
2026/09/20 12:38:03.113, 1, 0 %, 0 %, 35270 MiB, 39.27 W
2026/09/20 12:38:03.113, 2, 0 %, 0 %, 35270 MiB, 37.59 W
2026/09/20 12:38:08.113, 0, 0 %, 0 %, 35271 MiB, 39.51 W
2026/09/20 12:38:08.113, 1, 0 %, 0 %, 35270 MiB, 39.47 W
2026/09/20 12:38:08.113, 2, 0 %, 0 %, 35270 MiB, 37.60 W
2026/09/20 12:38:13.114, 0, 0 %, 0 %, 35271 MiB, 39.41 W
2026/09/20 12:38:13.114, 1, 0 %, 0 %, 35270 MiB, 39.27 W
2026/09/20 12:38:13.114, 2, 0 %, 0 %, 35270 MiB, 37.59 W
2026/09/20 12:38:18.115, 0, 0 %, 0 %, 35271 MiB, 39.51 W
2026/09/20 12:38:18.115, 1, 0 %, 0 %, 35270 MiB, 39.37 W
2026/09/20 12:38:18.115, 2, 0 %, 0 %, 35270 MiB, 37.49 W
2026/09/20 12:38:23.115, 0, 0 %, 0 %, 35271 MiB, 39.41 W
2026/09/20 12:38:23.115, 1, 0 %, 0 %, 35270 MiB, 39.27 W
2026/09/20 12:38:23.115, 2, 0 %, 0 %, 35270 MiB, 37.39 W
2026/09/20 12:38:28.116, 0, 0 %, 0 %, 35271 MiB, 39.51 W
2026/09/20 12:38:28.116, 1, 0 %, 0 %, 35270 MiB, 39.47 W
2026/09/20 12:38:28.116, 2, 0 %, 0 %, 35270 MiB, 37.49 W
2026/09/20 12:38:33.117, 0, 0 %, 0 %, 35271 MiB, 39.81 W
2026/09/20 12:38:33.117, 1, 0 %, 0 %, 35270 MiB, 39.37 W
2026/09/20 12:38:33.117, 2, 0 %, 0 %, 35270 MiB, 37.49 W
2026/09/20 12:38:38.117, 0, 0 %, 0 %, 35271 MiB, 39.51 W
2026/09/20 12:38:38.117, 1, 0 %, 0 %, 35270 MiB, 39.37 W
2026/09/20 12:38:38.117, 2, 0 %, 0 %, 35270 MiB, 37.39 W
2026/09/20 12:38:43.118, 0, 0 %, 0 %, 35271 MiB, 39.51 W
2026/09/20 12:38:43.118, 1, 0 %, 0 %, 35270 MiB, 39.58 W
2026/09/20 12:38:43.118, 2, 0 %, 0 %, 35270 MiB, 37.50 W
2026/09/20 12:38:48.119, 0, 0 %, 0 %, 35271 MiB, 39.51 W
2026/09/20 12:38:48.119, 1, 0 %, 0 %, 35270 MiB, 39.38 W
2026/09/20 12:38:48.119, 2, 0 %, 0 %, 35270 MiB, 37.80 W
2026/09/20 12:38:53.119, 0, 0 %, 0 %, 35271 MiB, 39.72 W
2026/09/20 12:38:53.119, 1, 0 %, 0 %, 35270 MiB, 39.17 W
2026/09/20 12:38:53.119, 2, 0 %, 0 %, 35270 MiB, 37.49 W
2026/09/20 12:38:58.120, 0, 0 %, 0 %, 35271 MiB, 39.51 W
2026/09/20 12:38:58.120, 1, 0 %, 0 %, 35270 MiB, 39.19 W
2026/09/20 12:38:58.120, 2, 0 %, 0 %, 35270 MiB, 37.39 W
2026/09/20 12:39:03.121, 0, 0 %, 0 %, 35271 MiB, 39.51 W
2026/09/20 12:39:03.121, 1, 0 %, 0 %, 35270 MiB, 39.37 W
2026/09/20 12:39:03.121, 2, 0 %, 0 %, 35270 MiB, 37.59 W
2026/09/20 12:39:08.122, 0, 0 %, 0 %, 35271 MiB, 39.51 W
2026/09/20 12:39:08.122, 1, 0 %, 0 %, 35270 MiB, 39.27 W
2026/09/20 12:39:08.122, 2, 0 %, 0 %, 35270 MiB, 37.80 W
2026/09/20 12:39:13.122, 0, 0 %, 0 %, 35271 MiB, 39.42 W
2026/09/20 12:39:13.122, 1, 0 %, 0 %, 35270 MiB, 39.37 W
2026/09/20 12:39:13.122, 2, 0 %, 0 %, 35270 MiB, 37.60 W
2026/09/20 12:39:18.123, 0, 0 %, 0 %, 35271 MiB, 39.41 W
2026/09/20 12:39:18.123, 1, 0 %, 0 %, 35270 MiB, 39.28 W
2026/09/20 12:39:18.123, 2, 0 %, 0 %, 35270 MiB, 37.60 W
2026/09/20 12:39:23.124, 0, 0 %, 0 %, 35271 MiB, 39.41 W
2026/09/20 12:39:23.124, 1, 0 %, 0 %, 35270 MiB, 39.37 W
2026/09/20 12:39:23.124, 2, 0 %, 0 %, 35270 MiB, 37.39 W
2026/09/20 12:39:28.124, 0, 0 %, 0 %, 35271 MiB, 39.31 W
2026/09/20 12:39:28.124, 1, 0 %, 0 %, 35270 MiB, 39.18 W
2026/09/20 12:39:28.124, 2, 0 %, 0 %, 35270 MiB, 37.41 W
2026/09/20 12:39:33.125, 0, 0 %, 0 %, 35271 MiB, 39.41 W
2026/09/20 12:39:33.125, 1, 0 %, 0 %, 35270 MiB, 39.27 W
2026/09/20 12:39:33.125, 2, 0 %, 0 %, 35270 MiB, 37.49 W
2026/09/20 12:39:38.125, 0, 0 %, 0 %, 35271 MiB, 39.31 W
2026/09/20 12:39:38.126, 1, 0 %, 0 %, 35270 MiB, 39.48 W
2026/09/20 12:39:38.126, 2, 0 %, 0 %, 35270 MiB, 37.49 W
2026/09/20 12:39:43.126, 0, 0 %, 0 %, 35271 MiB, 39.12 W
2026/09/20 12:39:43.126, 1, 0 %, 0 %, 35270 MiB, 39.37 W
2026/09/20 12:39:43.126, 2, 0 %, 0 %, 35270 MiB, 37.70 W
2026/09/20 12:39:48.127, 0, 0 %, 0 %, 35271 MiB, 39.71 W
2026/09/20 12:39:48.127, 1, 0 %, 0 %, 35270 MiB, 39.38 W
2026/09/20 12:39:48.127, 2, 0 %, 0 %, 35270 MiB, 37.51 W
2026/09/20 12:39:53.127, 0, 0 %, 0 %, 35271 MiB, 39.51 W
2026/09/20 12:39:53.128, 1, 0 %, 0 %, 35270 MiB, 39.37 W
2026/09/20 12:39:53.128, 2, 0 %, 0 %, 35270 MiB, 37.49 W
2026/09/20 12:39:58.128, 0, 0 %, 0 %, 35271 MiB, 39.51 W
2026/09/20 12:39:58.128, 1, 0 %, 0 %, 35270 MiB, 39.29 W
2026/09/20 12:39:58.128, 2, 0 %, 0 %, 35270 MiB, 37.39 W
2026/09/20 12:40:03.129, 0, 0 %, 0 %, 35271 MiB, 39.61 W
2026/09/20 12:40:03.129, 1, 0 %, 0 %, 35270 MiB, 39.17 W
2026/09/20 12:40:03.129, 2, 0 %, 0 %, 35270 MiB, 37.59 W
2026/09/20 12:40:08.130, 0, 0 %, 0 %, 35271 MiB, 39.61 W
2026/09/20 12:40:08.130, 1, 0 %, 0 %, 35270 MiB, 39.28 W
2026/09/20 12:40:08.130, 2, 0 %, 0 %, 35270 MiB, 37.61 W
2026/09/20 12:40:13.130, 0, 0 %, 0 %, 35271 MiB, 39.61 W
2026/09/20 12:40:13.130, 1, 0 %, 0 %, 35270 MiB, 39.37 W
2026/09/20 12:40:13.130, 2, 0 %, 0 %, 35270 MiB, 37.59 W
2026/09/20 12:40:18.131, 0, 0 %, 0 %, 35271 MiB, 39.41 W
2026/09/20 12:40:18.131, 1, 0 %, 0 %, 35270 MiB, 39.29 W
2026/09/20 12:40:18.131, 2, 0 %, 0 %, 35270 MiB, 37.59 W
2026/09/20 12:40:23.132, 0, 0 %, 0 %, 35271 MiB, 39.32 W
2026/09/20 12:40:23.132, 1, 0 %, 0 %, 35270 MiB, 39.17 W
2026/09/20 12:40:23.132, 2, 0 %, 0 %, 35270 MiB, 37.60 W
2026/09/20 12:40:28.132, 0, 0 %, 0 %, 35271 MiB, 39.31 W
2026/09/20 12:40:28.132, 1, 0 %, 0 %, 35270 MiB, 39.27 W
2026/09/20 12:40:28.132, 2, 0 %, 0 %, 35270 MiB, 37.39 W
2026/09/20 12:40:33.133, 0, 0 %, 0 %, 35271 MiB, 39.42 W
2026/09/20 12:40:33.133, 1, 0 %, 0 %, 35270 MiB, 39.37 W
2026/09/20 12:40:33.133, 2, 0 %, 0 %, 35270 MiB, 37.39 W
2026/09/20 12:40:38.134, 0, 0 %, 0 %, 35271 MiB, 39.41 W
2026/09/20 12:40:38.134, 1, 0 %, 0 %, 35270 MiB, 39.27 W
2026/09/20 12:40:38.134, 2, 0 %, 0 %, 35270 MiB, 37.60 W
2026/09/20 12:40:43.135, 0, 0 %, 0 %, 35271 MiB, 39.61 W
2026/09/20 12:40:43.135, 1, 0 %, 0 %, 35270 MiB, 39.27 W
2026/09/20 12:40:43.135, 2, 0 %, 0 %, 35270 MiB, 37.49 W
2026/09/20 12:40:48.136, 0, 0 %, 0 %, 35271 MiB, 39.41 W
2026/09/20 12:40:48.136, 1, 0 %, 0 %, 35270 MiB, 39.38 W
2026/09/20 12:40:48.136, 2, 0 %, 0 %, 35270 MiB, 37.51 W
2026/09/20 12:40:53.136, 0, 0 %, 0 %, 35271 MiB, 39.41 W
2026/09/20 12:40:53.137, 1, 0 %, 0 %, 35270 MiB, 39.46 W
2026/09/20 12:40:53.137, 2, 0 %, 0 %, 35270 MiB, 37.49 W
2026/09/20 12:40:58.137, 0, 0 %, 0 %, 35271 MiB, 39.12 W
2026/09/20 12:40:58.137, 1, 0 %, 0 %, 35270 MiB, 39.37 W
2026/09/20 12:40:58.137, 2, 0 %, 0 %, 35270 MiB, 37.70 W
2026/09/20 12:41:03.138, 0, 0 %, 0 %, 35271 MiB, 39.61 W
2026/09/20 12:41:03.138, 1, 0 %, 0 %, 35270 MiB, 39.37 W
2026/09/20 12:41:03.138, 2, 0 %, 0 %, 35270 MiB, 37.40 W
2026/09/20 12:41:08.139, 0, 0 %, 0 %, 35271 MiB, 39.51 W
2026/09/20 12:41:08.139, 1, 0 %, 0 %, 35270 MiB, 39.18 W
2026/09/20 12:41:08.139, 2, 0 %, 0 %, 35270 MiB, 37.40 W
2026/09/20 12:41:13.139, 0, 0 %, 0 %, 35271 MiB, 39.51 W
2026/09/20 12:41:13.140, 1, 0 %, 0 %, 35270 MiB, 39.17 W
2026/09/20 12:41:13.140, 2, 0 %, 0 %, 35270 MiB, 37.49 W
2026/09/20 12:41:18.140, 0, 0 %, 0 %, 35271 MiB, 39.52 W
2026/09/20 12:41:18.140, 1, 0 %, 0 %, 35270 MiB, 39.18 W
2026/09/20 12:41:18.140, 2, 0 %, 0 %, 35270 MiB, 37.69 W
2026/09/20 12:41:23.141, 0, 0 %, 0 %, 35271 MiB, 39.41 W
2026/09/20 12:41:23.141, 1, 0 %, 0 %, 35270 MiB, 39.37 W
2026/09/20 12:41:23.141, 2, 0 %, 0 %, 35270 MiB, 37.59 W
2026/09/20 12:41:28.141, 0, 0 %, 0 %, 35271 MiB, 39.41 W
2026/09/20 12:41:28.142, 1, 0 %, 0 %, 35270 MiB, 39.29 W
2026/09/20 12:41:28.142, 2, 0 %, 0 %, 35270 MiB, 37.61 W
2026/09/20 12:41:33.142, 0, 0 %, 0 %, 35271 MiB, 39.31 W
2026/09/20 12:41:33.142, 1, 0 %, 0 %, 35270 MiB, 39.17 W
2026/09/20 12:41:33.142, 2, 0 %, 0 %, 35270 MiB, 37.59 W
2026/09/20 12:41:38.143, 0, 0 %, 0 %, 35271 MiB, 39.56 W
2026/09/20 12:41:38.144, 1, 0 %, 0 %, 35270 MiB, 39.34 W
2026/09/20 12:41:38.144, 2, 0 %, 0 %, 35270 MiB, 37.46 W
2026/09/20 12:41:43.145, 0, 0 %, 0 %, 35271 MiB, 39.36 W
2026/09/20 12:41:43.145, 1, 0 %, 0 %, 35270 MiB, 39.31 W
2026/09/20 12:41:43.145, 2, 0 %, 0 %, 35270 MiB, 37.46 W
2026/09/20 12:41:48.147, 0, 0 %, 0 %, 35271 MiB, 39.17 W
2026/09/20 12:41:48.147, 1, 0 %, 0 %, 35270 MiB, 39.12 W
2026/09/20 12:41:48.147, 2, 0 %, 0 %, 35270 MiB, 37.24 W
2026/09/20 12:41:53.149, 0, 0 %, 0 %, 35271 MiB, 39.18 W
2026/09/20 12:41:53.149, 1, 0 %, 0 %, 35270 MiB, 39.05 W
2026/09/20 12:41:53.150, 2, 0 %, 0 %, 35270 MiB, 37.06 W
2026/09/20 12:41:58.150, 0, 0 %, 0 %, 35271 MiB, 39.17 W
2026/09/20 12:41:58.150, 1, 0 %, 0 %, 35270 MiB, 39.12 W
2026/09/20 12:41:58.151, 2, 0 %, 0 %, 35270 MiB, 37.14 W
2026/09/20 12:42:03.152, 0, 0 %, 0 %, 35271 MiB, 38.97 W
2026/09/20 12:42:03.152, 1, 0 %, 0 %, 35270 MiB, 38.93 W
2026/09/20 12:42:03.152, 2, 0 %, 0 %, 35270 MiB, 37.15 W
2026/09/20 12:42:08.154, 0, 0 %, 0 %, 35271 MiB, 39.07 W
2026/09/20 12:42:08.154, 1, 0 %, 0 %, 35270 MiB, 38.92 W
2026/09/20 12:42:08.154, 2, 0 %, 0 %, 35270 MiB, 37.23 W
2026/09/20 12:42:13.155, 0, 0 %, 0 %, 35271 MiB, 39.06 W
2026/09/20 12:42:13.156, 1, 0 %, 0 %, 35270 MiB, 38.73 W
2026/09/20 12:42:13.156, 2, 0 %, 0 %, 35270 MiB, 37.26 W
2026/09/20 12:42:18.157, 0, 0 %, 0 %, 35271 MiB, 39.07 W
2026/09/20 12:42:18.157, 1, 0 %, 0 %, 35270 MiB, 38.85 W
2026/09/20 12:42:18.157, 2, 0 %, 0 %, 35270 MiB, 37.15 W
2026/09/20 12:42:23.158, 0, 0 %, 0 %, 35271 MiB, 38.97 W
2026/09/20 12:42:23.158, 1, 0 %, 0 %, 35270 MiB, 38.63 W
2026/09/20 12:42:23.159, 2, 0 %, 0 %, 35270 MiB, 37.06 W
2026/09/20 12:42:28.160, 0, 0 %, 0 %, 35271 MiB, 38.96 W
2026/09/20 12:42:28.160, 1, 0 %, 0 %, 35270 MiB, 38.63 W
2026/09/20 12:42:28.161, 2, 0 %, 0 %, 35270 MiB, 37.14 W
2026/09/20 12:42:33.162, 0, 0 %, 0 %, 35271 MiB, 38.97 W
2026/09/20 12:42:33.162, 1, 0 %, 0 %, 35270 MiB, 38.84 W
2026/09/20 12:42:33.163, 2, 0 %, 0 %, 35270 MiB, 37.26 W
2026/09/20 12:42:38.164, 0, 0 %, 0 %, 35271 MiB, 38.89 W
2026/09/20 12:42:38.164, 1, 0 %, 0 %, 35270 MiB, 38.75 W
2026/09/20 12:42:38.164, 2, 0 %, 0 %, 35270 MiB, 37.04 W
2026/09/20 12:42:43.166, 0, 0 %, 0 %, 35271 MiB, 38.68 W
2026/09/20 12:42:43.166, 1, 0 %, 0 %, 35270 MiB, 38.65 W
2026/09/20 12:42:43.166, 2, 0 %, 0 %, 35270 MiB, 36.86 W
2026/09/20 12:42:48.167, 0, 0 %, 0 %, 35271 MiB, 38.75 W
2026/09/20 12:42:48.168, 1, 0 %, 0 %, 35270 MiB, 38.63 W
2026/09/20 12:42:48.168, 2, 0 %, 0 %, 35270 MiB, 36.84 W
2026/09/20 12:42:53.168, 0, 0 %, 0 %, 35271 MiB, 38.76 W
2026/09/20 12:42:53.169, 1, 0 %, 0 %, 35270 MiB, 38.84 W
2026/09/20 12:42:53.169, 2, 0 %, 0 %, 35270 MiB, 36.96 W
2026/09/20 12:42:58.173, 0, 0 %, 0 %, 35271 MiB, 38.66 W
2026/09/20 12:42:58.173, 1, 0 %, 0 %, 35270 MiB, 38.65 W
2026/09/20 12:42:58.173, 2, 0 %, 0 %, 35270 MiB, 36.86 W
2026/09/20 12:43:03.174, 0, 0 %, 0 %, 35271 MiB, 38.66 W
2026/09/20 12:43:03.174, 1, 0 %, 0 %, 35270 MiB, 38.63 W
2026/09/20 12:43:03.174, 2, 0 %, 0 %, 35270 MiB, 36.86 W
2026/09/20 12:43:08.176, 0, 0 %, 0 %, 35271 MiB, 38.66 W
2026/09/20 12:43:08.176, 1, 0 %, 0 %, 35270 MiB, 38.54 W
2026/09/20 12:43:08.176, 2, 0 %, 0 %, 35270 MiB, 36.75 W
2026/09/20 12:43:13.178, 0, 0 %, 0 %, 35271 MiB, 38.78 W
2026/09/20 12:43:13.178, 1, 0 %, 0 %, 35270 MiB, 38.75 W
2026/09/20 12:43:13.179, 2, 0 %, 0 %, 35270 MiB, 36.87 W
2026/09/20 12:43:18.180, 0, 0 %, 0 %, 35271 MiB, 38.58 W
2026/09/20 12:43:18.180, 1, 0 %, 0 %, 35270 MiB, 38.56 W
2026/09/20 12:43:18.180, 2, 0 %, 0 %, 35270 MiB, 36.88 W
2026/09/20 12:43:23.182, 0, 0 %, 0 %, 35271 MiB, 38.68 W
2026/09/20 12:43:23.182, 1, 0 %, 0 %, 35270 MiB, 38.46 W
2026/09/20 12:43:23.182, 2, 0 %, 0 %, 35270 MiB, 36.87 W
2026/09/20 12:43:28.184, 0, 0 %, 0 %, 35271 MiB, 38.78 W
2026/09/20 12:43:28.184, 1, 0 %, 0 %, 35270 MiB, 38.56 W
2026/09/20 12:43:28.184, 2, 0 %, 0 %, 35270 MiB, 37.06 W
2026/09/20 12:43:33.185, 0, 0 %, 0 %, 35271 MiB, 38.80 W
2026/09/20 12:43:33.186, 1, 0 %, 0 %, 35270 MiB, 38.48 W
2026/09/20 12:43:33.186, 2, 0 %, 0 %, 35270 MiB, 36.98 W
2026/09/20 12:43:38.186, 0, 0 %, 0 %, 35271 MiB, 38.61 W
2026/09/20 12:43:38.186, 1, 0 %, 0 %, 35270 MiB, 38.38 W
2026/09/20 12:43:38.186, 2, 0 %, 0 %, 35270 MiB, 36.99 W
2026/09/20 12:43:43.187, 0, 0 %, 0 %, 35271 MiB, 38.62 W
2026/09/20 12:43:43.187, 1, 0 %, 0 %, 35270 MiB, 38.49 W
2026/09/20 12:43:43.188, 2, 0 %, 0 %, 35270 MiB, 36.99 W
2026/09/20 12:43:48.188, 0, 0 %, 0 %, 35271 MiB, 38.71 W
2026/09/20 12:43:48.189, 1, 0 %, 0 %, 35270 MiB, 38.59 W
2026/09/20 12:43:48.189, 2, 0 %, 0 %, 35270 MiB, 37.18 W
2026/09/20 12:43:53.190, 0, 0 %, 0 %, 35271 MiB, 38.71 W
2026/09/20 12:43:53.190, 1, 0 %, 0 %, 35270 MiB, 38.49 W
2026/09/20 12:43:53.191, 2, 0 %, 0 %, 35270 MiB, 36.89 W
2026/09/20 12:43:58.191, 0, 0 %, 0 %, 35271 MiB, 38.71 W
2026/09/20 12:43:58.191, 1, 0 %, 0 %, 35270 MiB, 38.58 W
2026/09/20 12:43:58.191, 2, 0 %, 0 %, 35270 MiB, 36.79 W
2026/09/20 12:44:03.191, 0, 0 %, 0 %, 35271 MiB, 38.81 W
2026/09/20 12:44:03.192, 1, 0 %, 0 %, 35270 MiB, 38.78 W
2026/09/20 12:44:03.192, 2, 0 %, 0 %, 35270 MiB, 36.89 W
2026/09/20 12:44:08.192, 0, 100 %, 15 %, 35271 MiB, 124.96 W
2026/09/20 12:44:08.192, 1, 100 %, 14 %, 35270 MiB, 83.86 W
2026/09/20 12:44:08.192, 2, 100 %, 6 %, 35270 MiB, 88.32 W
2026/09/20 12:44:13.193, 0, 100 %, 15 %, 35271 MiB, 83.47 W
2026/09/20 12:44:13.193, 1, 99 %, 6 %, 35270 MiB, 160.65 W
2026/09/20 12:44:13.193, 2, 100 %, 7 %, 35270 MiB, 91.39 W
2026/09/20 12:44:18.194, 0, 100 %, 10 %, 35271 MiB, 134.88 W
2026/09/20 12:44:18.194, 1, 100 %, 7 %, 35270 MiB, 86.54 W
2026/09/20 12:44:18.194, 2, 100 %, 7 %, 35270 MiB, 100.47 W
2026/09/20 12:44:23.195, 0, 100 %, 14 %, 35271 MiB, 85.22 W
2026/09/20 12:44:23.195, 1, 100 %, 15 %, 35270 MiB, 110.03 W
2026/09/20 12:44:23.195, 2, 100 %, 10 %, 35270 MiB, 99.95 W
2026/09/20 12:44:28.196, 0, 0 %, 0 %, 35271 MiB, 61.67 W
2026/09/20 12:44:28.196, 1, 0 %, 0 %, 35270 MiB, 60.47 W
2026/09/20 12:44:28.197, 2, 0 %, 0 %, 35270 MiB, 59.67 W
2026/09/20 12:44:33.198, 0, 0 %, 0 %, 35271 MiB, 39.89 W
2026/09/20 12:44:33.198, 1, 0 %, 0 %, 35270 MiB, 39.37 W
2026/09/20 12:44:33.198, 2, 0 %, 0 %, 35270 MiB, 37.90 W
2026/09/20 12:44:38.198, 0, 0 %, 0 %, 35271 MiB, 39.70 W
2026/09/20 12:44:38.198, 1, 0 %, 0 %, 35270 MiB, 39.17 W
2026/09/20 12:44:38.199, 2, 0 %, 0 %, 35270 MiB, 37.80 W
2026/09/20 12:44:43.199, 0, 0 %, 0 %, 35271 MiB, 39.78 W
2026/09/20 12:44:43.199, 1, 0 %, 0 %, 35270 MiB, 39.27 W
2026/09/20 12:44:43.200, 2, 0 %, 0 %, 35270 MiB, 37.70 W
2026/09/20 12:44:48.201, 0, 0 %, 0 %, 35271 MiB, 39.50 W
2026/09/20 12:44:48.201, 1, 0 %, 0 %, 35270 MiB, 39.07 W
2026/09/20 12:44:48.201, 2, 0 %, 0 %, 35270 MiB, 37.70 W
2026/09/20 12:44:53.202, 0, 0 %, 0 %, 35271 MiB, 39.40 W
2026/09/20 12:44:53.203, 1, 0 %, 0 %, 35270 MiB, 39.07 W
2026/09/20 12:44:53.203, 2, 0 %, 0 %, 35270 MiB, 37.70 W
2026/09/20 12:44:58.203, 0, 0 %, 0 %, 35271 MiB, 39.40 W
2026/09/20 12:44:58.203, 1, 0 %, 0 %, 35270 MiB, 39.17 W
2026/09/20 12:44:58.203, 2, 0 %, 0 %, 35270 MiB, 37.49 W
2026/09/20 12:45:03.204, 0, 0 %, 0 %, 35271 MiB, 39.51 W
2026/09/20 12:45:03.204, 1, 0 %, 0 %, 35270 MiB, 39.28 W
2026/09/20 12:45:03.204, 2, 0 %, 0 %, 35270 MiB, 37.69 W
2026/09/20 12:45:08.204, 0, 0 %, 0 %, 35271 MiB, 39.41 W
2026/09/20 12:45:08.205, 1, 0 %, 0 %, 35270 MiB, 39.17 W
2026/09/20 12:45:08.205, 2, 0 %, 0 %, 35270 MiB, 37.59 W
2026/09/20 12:45:13.206, 0, 0 %, 0 %, 35271 MiB, 39.50 W
2026/09/20 12:45:13.206, 1, 0 %, 0 %, 35270 MiB, 39.17 W
2026/09/20 12:45:13.207, 2, 0 %, 0 %, 35270 MiB, 37.49 W
2026/09/20 12:45:18.207, 0, 0 %, 0 %, 35271 MiB, 39.47 W
2026/09/20 12:45:18.208, 1, 0 %, 0 %, 35270 MiB, 39.44 W
2026/09/20 12:45:18.208, 2, 0 %, 0 %, 35270 MiB, 37.46 W
2026/09/20 12:45:23.208, 0, 0 %, 0 %, 35271 MiB, 39.38 W
2026/09/20 12:45:23.209, 1, 0 %, 0 %, 35270 MiB, 39.15 W
2026/09/20 12:45:23.209, 2, 0 %, 0 %, 35270 MiB, 37.58 W
2026/09/20 12:45:28.210, 0, 0 %, 0 %, 35271 MiB, 38.99 W
2026/09/20 12:45:28.210, 1, 0 %, 0 %, 35270 MiB, 39.05 W
2026/09/20 12:45:28.210, 2, 0 %, 0 %, 35270 MiB, 37.37 W
2026/09/20 12:45:33.212, 0, 0 %, 0 %, 35271 MiB, 38.99 W
2026/09/20 12:45:33.212, 1, 0 %, 0 %, 35270 MiB, 38.75 W
2026/09/20 12:45:33.212, 2, 0 %, 0 %, 35270 MiB, 37.37 W
2026/09/20 12:45:38.213, 0, 0 %, 0 %, 35271 MiB, 39.41 W
2026/09/20 12:45:38.214, 1, 0 %, 0 %, 35270 MiB, 38.89 W
2026/09/20 12:45:38.214, 2, 0 %, 0 %, 35270 MiB, 37.29 W
2026/09/20 12:45:43.214, 0, 0 %, 0 %, 35271 MiB, 38.91 W
2026/09/20 12:45:43.214, 1, 0 %, 0 %, 35270 MiB, 38.68 W
2026/09/20 12:45:43.214, 2, 0 %, 0 %, 35270 MiB, 37.28 W
2026/09/20 12:45:48.215, 0, 0 %, 0 %, 35271 MiB, 39.22 W
2026/09/20 12:45:48.215, 1, 0 %, 0 %, 35270 MiB, 38.71 W
2026/09/20 12:45:48.215, 2, 0 %, 0 %, 35270 MiB, 37.39 W
2026/09/20 12:45:53.216, 0, 0 %, 0 %, 35271 MiB, 39.07 W
2026/09/20 12:45:53.217, 1, 0 %, 0 %, 35270 MiB, 38.94 W
2026/09/20 12:45:53.217, 2, 0 %, 0 %, 35270 MiB, 37.36 W
2026/09/20 12:45:58.218, 0, 0 %, 0 %, 35271 MiB, 38.91 W
2026/09/20 12:45:58.218, 1, 0 %, 0 %, 35270 MiB, 38.88 W
2026/09/20 12:45:58.218, 2, 0 %, 0 %, 35270 MiB, 37.38 W
2026/09/20 12:46:03.221, 0, 0 %, 0 %, 35271 MiB, 39.08 W
2026/09/20 12:46:03.222, 1, 0 %, 0 %, 35270 MiB, 38.85 W
2026/09/20 12:46:03.222, 2, 0 %, 0 %, 35270 MiB, 37.15 W
2026/09/20 12:46:08.223, 0, 0 %, 0 %, 35271 MiB, 38.92 W
2026/09/20 12:46:08.223, 1, 0 %, 0 %, 35270 MiB, 38.68 W
2026/09/20 12:46:08.224, 2, 0 %, 0 %, 35270 MiB, 37.09 W
2026/09/20 12:46:13.224, 0, 0 %, 0 %, 35271 MiB, 38.90 W
2026/09/20 12:46:13.225, 1, 0 %, 0 %, 35270 MiB, 38.85 W
2026/09/20 12:46:13.225, 2, 0 %, 0 %, 35270 MiB, 37.08 W
2026/09/20 12:46:18.225, 0, 0 %, 0 %, 35271 MiB, 38.99 W
2026/09/20 12:46:18.226, 1, 0 %, 0 %, 35270 MiB, 38.65 W
2026/09/20 12:46:18.226, 2, 0 %, 0 %, 35270 MiB, 37.16 W
2026/09/20 12:46:23.227, 0, 0 %, 0 %, 35271 MiB, 38.68 W
2026/09/20 12:46:23.228, 1, 0 %, 0 %, 35270 MiB, 38.65 W
2026/09/20 12:46:23.228, 2, 0 %, 0 %, 35270 MiB, 37.06 W
2026/09/20 12:46:28.228, 0, 0 %, 0 %, 35271 MiB, 38.62 W
2026/09/20 12:46:28.228, 1, 0 %, 0 %, 35270 MiB, 38.80 W
2026/09/20 12:46:28.228, 2, 0 %, 0 %, 35270 MiB, 37.10 W
2026/09/20 12:46:33.228, 0, 0 %, 0 %, 35271 MiB, 39.01 W
2026/09/20 12:46:33.229, 1, 0 %, 0 %, 35270 MiB, 38.78 W
2026/09/20 12:46:33.229, 2, 0 %, 0 %, 35270 MiB, 37.06 W
2026/09/20 12:46:38.229, 0, 0 %, 0 %, 35271 MiB, 38.66 W
2026/09/20 12:46:38.229, 1, 0 %, 0 %, 35270 MiB, 38.65 W
2026/09/20 12:46:38.230, 2, 0 %, 0 %, 35270 MiB, 37.15 W
2026/09/20 12:46:43.230, 0, 0 %, 0 %, 35271 MiB, 38.62 W
2026/09/20 12:46:43.231, 1, 0 %, 0 %, 35270 MiB, 38.60 W
2026/09/20 12:46:43.231, 2, 0 %, 0 %, 35270 MiB, 37.19 W
2026/09/20 12:46:48.231, 0, 0 %, 0 %, 35271 MiB, 39.09 W
2026/09/20 12:46:48.232, 1, 0 %, 0 %, 35270 MiB, 38.88 W
2026/09/20 12:46:48.232, 2, 0 %, 0 %, 35270 MiB, 37.08 W
2026/09/20 12:46:53.233, 0, 0 %, 0 %, 35271 MiB, 39.07 W
2026/09/20 12:46:53.233, 1, 0 %, 0 %, 35270 MiB, 38.65 W
2026/09/20 12:46:53.233, 2, 0 %, 0 %, 35270 MiB, 37.16 W
2026/09/20 12:46:58.234, 0, 0 %, 0 %, 35271 MiB, 39.12 W
2026/09/20 12:46:58.235, 1, 0 %, 0 %, 35270 MiB, 38.69 W
2026/09/20 12:46:58.235, 2, 0 %, 0 %, 35270 MiB, 37.28 W
2026/09/20 12:47:03.236, 0, 0 %, 0 %, 35271 MiB, 38.89 W
2026/09/20 12:47:03.236, 1, 0 %, 0 %, 35270 MiB, 38.65 W
2026/09/20 12:47:03.237, 2, 0 %, 0 %, 35270 MiB, 37.16 W
2026/09/20 12:47:08.237, 0, 0 %, 0 %, 35271 MiB, 38.89 W
2026/09/20 12:47:08.238, 1, 0 %, 0 %, 35270 MiB, 38.75 W
2026/09/20 12:47:08.238, 2, 0 %, 0 %, 35270 MiB, 37.25 W
2026/09/20 12:47:13.238, 0, 0 %, 0 %, 35271 MiB, 38.93 W
2026/09/20 12:47:13.239, 1, 0 %, 0 %, 35270 MiB, 38.70 W
2026/09/20 12:47:13.239, 2, 0 %, 0 %, 35270 MiB, 37.09 W
2026/09/20 12:47:18.249, 0, 0 %, 0 %, 35271 MiB, 38.90 W
2026/09/20 12:47:18.250, 1, 0 %, 0 %, 35270 MiB, 38.75 W
2026/09/20 12:47:18.250, 2, 0 %, 0 %, 35270 MiB, 37.16 W
2026/09/20 12:47:23.251, 0, 0 %, 0 %, 35271 MiB, 38.91 W
2026/09/20 12:47:23.252, 1, 0 %, 0 %, 35270 MiB, 38.97 W
2026/09/20 12:47:23.252, 2, 0 %, 0 %, 35270 MiB, 37.09 W
2026/09/20 12:47:28.253, 0, 0 %, 0 %, 35271 MiB, 39.11 W
2026/09/20 12:47:28.253, 1, 0 %, 0 %, 35270 MiB, 38.78 W
2026/09/20 12:47:28.253, 2, 0 %, 0 %, 35270 MiB, 37.18 W
2026/09/20 12:47:33.254, 0, 0 %, 0 %, 35271 MiB, 39.08 W
2026/09/20 12:47:33.255, 1, 0 %, 0 %, 35270 MiB, 38.85 W
2026/09/20 12:47:33.255, 2, 0 %, 0 %, 35270 MiB, 37.37 W
2026/09/20 12:47:38.264, 0, 0 %, 0 %, 35271 MiB, 39.11 W
2026/09/20 12:47:38.265, 1, 0 %, 0 %, 35270 MiB, 38.88 W
2026/09/20 12:47:38.265, 2, 0 %, 0 %, 35270 MiB, 37.28 W
2026/09/20 12:47:43.265, 0, 0 %, 0 %, 35271 MiB, 39.01 W
2026/09/20 12:47:43.266, 1, 0 %, 0 %, 35270 MiB, 38.97 W
2026/09/20 12:47:43.266, 2, 0 %, 0 %, 35270 MiB, 37.18 W
2026/09/20 12:47:48.266, 0, 0 %, 0 %, 35271 MiB, 39.08 W
2026/09/20 12:47:48.266, 1, 0 %, 0 %, 35270 MiB, 38.65 W
2026/09/20 12:47:48.266, 2, 0 %, 0 %, 35270 MiB, 37.26 W
2026/09/20 12:47:53.267, 0, 0 %, 0 %, 35271 MiB, 39.11 W
2026/09/20 12:47:53.267, 1, 0 %, 0 %, 35270 MiB, 38.58 W
2026/09/20 12:47:53.267, 2, 0 %, 0 %, 35270 MiB, 37.28 W
2026/09/20 12:47:58.267, 0, 0 %, 0 %, 35271 MiB, 39.11 W
2026/09/20 12:47:58.268, 1, 0 %, 0 %, 35270 MiB, 39.27 W
2026/09/20 12:47:58.268, 2, 0 %, 0 %, 35270 MiB, 37.49 W
2026/09/20 12:48:03.269, 0, 0 %, 0 %, 35271 MiB, 39.28 W
2026/09/20 12:48:03.269, 1, 0 %, 0 %, 35270 MiB, 38.65 W
2026/09/20 12:48:03.269, 2, 0 %, 0 %, 35270 MiB, 37.26 W
2026/09/20 12:48:08.269, 0, 0 %, 0 %, 35271 MiB, 39.02 W
2026/09/20 12:48:08.270, 1, 0 %, 0 %, 35270 MiB, 38.77 W
2026/09/20 12:48:08.270, 2, 0 %, 0 %, 35270 MiB, 37.26 W
2026/09/20 12:48:13.270, 0, 0 %, 0 %, 35271 MiB, 38.99 W
2026/09/20 12:48:13.271, 1, 0 %, 0 %, 35270 MiB, 38.77 W
2026/09/20 12:48:13.271, 2, 0 %, 0 %, 35270 MiB, 37.36 W
2026/09/20 12:48:18.274, 0, 0 %, 0 %, 35271 MiB, 38.98 W
2026/09/20 12:48:18.275, 1, 0 %, 0 %, 35270 MiB, 38.85 W
2026/09/20 12:48:18.275, 2, 0 %, 0 %, 35270 MiB, 37.06 W
2026/09/20 12:48:23.276, 0, 0 %, 0 %, 35271 MiB, 38.71 W
2026/09/20 12:48:23.276, 1, 0 %, 0 %, 35270 MiB, 38.88 W
2026/09/20 12:48:23.277, 2, 0 %, 0 %, 35270 MiB, 37.18 W
2026/09/20 12:48:28.278, 0, 0 %, 0 %, 35271 MiB, 38.58 W
2026/09/20 12:48:28.278, 1, 0 %, 0 %, 35270 MiB, 38.75 W
2026/09/20 12:48:28.278, 2, 0 %, 0 %, 35270 MiB, 37.06 W
2026/09/20 12:48:33.280, 0, 0 %, 0 %, 35271 MiB, 38.57 W
2026/09/20 12:48:33.280, 1, 0 %, 0 %, 35270 MiB, 38.93 W
2026/09/20 12:48:33.280, 2, 0 %, 0 %, 35270 MiB, 37.15 W
2026/09/20 12:48:38.281, 0, 0 %, 0 %, 35271 MiB, 38.56 W
2026/09/20 12:48:38.282, 1, 0 %, 0 %, 35270 MiB, 38.73 W
2026/09/20 12:48:38.282, 2, 0 %, 0 %, 35270 MiB, 37.14 W
2026/09/20 12:48:43.283, 0, 0 %, 0 %, 35271 MiB, 38.69 W
2026/09/20 12:48:43.283, 1, 0 %, 0 %, 35270 MiB, 38.88 W
2026/09/20 12:48:43.283, 2, 0 %, 0 %, 35270 MiB, 37.18 W
2026/09/20 12:48:48.285, 0, 0 %, 0 %, 35271 MiB, 39.11 W
2026/09/20 12:48:48.285, 1, 0 %, 0 %, 35270 MiB, 38.88 W
2026/09/20 12:48:48.286, 2, 0 %, 0 %, 35270 MiB, 37.18 W
2026/09/20 12:48:53.286, 0, 0 %, 0 %, 35271 MiB, 39.08 W
2026/09/20 12:48:53.287, 1, 0 %, 0 %, 35270 MiB, 38.87 W
2026/09/20 12:48:53.287, 2, 0 %, 0 %, 35270 MiB, 37.28 W
2026/09/20 12:48:58.287, 0, 0 %, 0 %, 35271 MiB, 38.87 W
2026/09/20 12:48:58.288, 1, 0 %, 0 %, 35270 MiB, 38.73 W
2026/09/20 12:48:58.288, 2, 0 %, 0 %, 35270 MiB, 37.14 W
2026/09/20 12:49:03.289, 0, 0 %, 0 %, 35271 MiB, 38.79 W
2026/09/20 12:49:03.289, 1, 0 %, 0 %, 35270 MiB, 38.65 W
2026/09/20 12:49:03.289, 2, 0 %, 0 %, 35270 MiB, 37.26 W
2026/09/20 12:49:08.289, 0, 0 %, 0 %, 35271 MiB, 38.81 W
2026/09/20 12:49:08.290, 1, 0 %, 0 %, 35270 MiB, 38.98 W
2026/09/20 12:49:08.290, 2, 0 %, 0 %, 35270 MiB, 37.49 W
2026/09/20 12:49:13.291, 0, 0 %, 0 %, 35271 MiB, 38.71 W
2026/09/20 12:49:13.291, 1, 0 %, 0 %, 35270 MiB, 38.78 W
2026/09/20 12:49:13.292, 2, 0 %, 0 %, 35270 MiB, 37.39 W
2026/09/20 12:49:18.292, 0, 0 %, 0 %, 35271 MiB, 38.78 W
2026/09/20 12:49:18.293, 1, 0 %, 0 %, 35270 MiB, 38.75 W
2026/09/20 12:49:18.293, 2, 0 %, 0 %, 35270 MiB, 37.37 W
2026/09/20 12:49:23.293, 0, 0 %, 0 %, 35271 MiB, 38.99 W
2026/09/20 12:49:23.294, 1, 0 %, 0 %, 35270 MiB, 38.65 W
2026/09/20 12:49:23.294, 2, 0 %, 0 %, 35270 MiB, 37.36 W
2026/09/20 12:49:28.294, 0, 0 %, 0 %, 35271 MiB, 38.58 W
2026/09/20 12:49:28.295, 1, 0 %, 0 %, 35270 MiB, 38.75 W
2026/09/20 12:49:28.295, 2, 0 %, 0 %, 35270 MiB, 37.26 W
2026/09/20 12:49:33.295, 0, 0 %, 0 %, 35271 MiB, 38.62 W
2026/09/20 12:49:33.296, 1, 0 %, 0 %, 35270 MiB, 38.78 W
2026/09/20 12:49:33.296, 2, 0 %, 0 %, 35270 MiB, 37.18 W
2026/09/20 12:49:38.301, 0, 0 %, 0 %, 35271 MiB, 38.99 W
2026/09/20 12:49:38.301, 1, 0 %, 0 %, 35270 MiB, 38.67 W
2026/09/20 12:49:38.301, 2, 0 %, 0 %, 35270 MiB, 37.26 W
2026/09/20 12:49:43.303, 0, 0 %, 0 %, 35271 MiB, 38.99 W
2026/09/20 12:49:43.303, 1, 0 %, 0 %, 35270 MiB, 39.05 W
2026/09/20 12:49:43.303, 2, 0 %, 0 %, 35270 MiB, 37.18 W
2026/09/20 12:49:48.305, 0, 0 %, 0 %, 35271 MiB, 38.99 W
2026/09/20 12:49:48.305, 1, 0 %, 0 %, 35270 MiB, 38.85 W
2026/09/20 12:49:48.306, 2, 0 %, 0 %, 35270 MiB, 37.16 W
2026/09/20 12:49:53.307, 0, 0 %, 0 %, 35271 MiB, 38.89 W
2026/09/20 12:49:53.308, 1, 0 %, 0 %, 35270 MiB, 38.85 W
2026/09/20 12:49:53.308, 2, 0 %, 0 %, 35270 MiB, 37.15 W
2026/09/20 12:49:58.308, 0, 0 %, 0 %, 35271 MiB, 39.11 W
2026/09/20 12:49:58.309, 1, 0 %, 0 %, 35270 MiB, 38.88 W
2026/09/20 12:49:58.309, 2, 0 %, 0 %, 35270 MiB, 37.18 W
2026/09/20 12:50:03.310, 0, 0 %, 0 %, 35271 MiB, 38.78 W
2026/09/20 12:50:03.310, 1, 0 %, 0 %, 35270 MiB, 38.75 W
2026/09/20 12:50:03.310, 2, 0 %, 0 %, 35270 MiB, 37.46 W
2026/09/20 12:50:08.311, 0, 0 %, 0 %, 35271 MiB, 38.76 W
2026/09/20 12:50:08.312, 1, 0 %, 0 %, 35270 MiB, 38.63 W
2026/09/20 12:50:08.312, 2, 0 %, 0 %, 35270 MiB, 37.35 W
2026/09/20 12:50:13.313, 0, 0 %, 0 %, 35271 MiB, 39.17 W
2026/09/20 12:50:13.314, 1, 0 %, 0 %, 35270 MiB, 38.74 W
2026/09/20 12:50:13.314, 2, 0 %, 0 %, 35270 MiB, 37.25 W
2026/09/20 12:50:18.315, 0, 0 %, 0 %, 35271 MiB, 39.12 W
2026/09/20 12:50:18.315, 1, 0 %, 0 %, 35270 MiB, 38.97 W
2026/09/20 12:50:18.315, 2, 0 %, 0 %, 35270 MiB, 37.47 W
2026/09/20 12:50:23.317, 0, 0 %, 0 %, 35271 MiB, 38.90 W
2026/09/20 12:50:23.317, 1, 0 %, 0 %, 35270 MiB, 38.78 W
2026/09/20 12:50:23.317, 2, 0 %, 0 %, 35270 MiB, 37.39 W
2026/09/20 12:50:28.317, 0, 0 %, 0 %, 35271 MiB, 39.28 W
2026/09/20 12:50:28.318, 1, 0 %, 0 %, 35270 MiB, 38.75 W
2026/09/20 12:50:28.318, 2, 0 %, 0 %, 35270 MiB, 37.37 W
2026/09/20 12:50:33.318, 0, 0 %, 0 %, 35271 MiB, 39.09 W
2026/09/20 12:50:33.319, 1, 0 %, 0 %, 35270 MiB, 38.75 W
2026/09/20 12:50:33.319, 2, 0 %, 0 %, 35270 MiB, 37.16 W
2026/09/20 12:50:38.320, 0, 0 %, 0 %, 35271 MiB, 39.07 W
2026/09/20 12:50:38.321, 1, 0 %, 0 %, 35270 MiB, 38.83 W
2026/09/20 12:50:38.321, 2, 0 %, 0 %, 35270 MiB, 37.24 W
2026/09/20 12:50:43.322, 0, 0 %, 0 %, 35271 MiB, 39.08 W
2026/09/20 12:50:43.322, 1, 0 %, 0 %, 35270 MiB, 38.85 W
2026/09/20 12:50:43.323, 2, 0 %, 0 %, 35270 MiB, 37.25 W
2026/09/20 12:50:48.323, 0, 0 %, 0 %, 35271 MiB, 39.29 W
2026/09/20 12:50:48.324, 1, 0 %, 0 %, 35270 MiB, 38.95 W
2026/09/20 12:50:48.324, 2, 0 %, 0 %, 35270 MiB, 37.26 W
2026/09/20 12:50:53.324, 0, 0 %, 0 %, 35271 MiB, 39.11 W
2026/09/20 12:50:53.325, 1, 0 %, 0 %, 35270 MiB, 38.88 W
2026/09/20 12:50:53.325, 2, 0 %, 0 %, 35270 MiB, 37.28 W
2026/09/20 12:50:58.325, 0, 0 %, 0 %, 35271 MiB, 39.12 W
2026/09/20 12:50:58.326, 1, 0 %, 0 %, 35270 MiB, 38.88 W
2026/09/20 12:50:58.326, 2, 0 %, 0 %, 35270 MiB, 37.59 W
2026/09/20 12:51:03.326, 0, 0 %, 0 %, 35271 MiB, 39.11 W
2026/09/20 12:51:03.327, 1, 0 %, 0 %, 35270 MiB, 38.97 W
2026/09/20 12:51:03.327, 2, 0 %, 0 %, 35270 MiB, 37.39 W
2026/09/20 12:51:08.327, 0, 0 %, 0 %, 35271 MiB, 39.19 W
2026/09/20 12:51:08.327, 1, 0 %, 0 %, 35270 MiB, 38.97 W
2026/09/20 12:51:08.327, 2, 0 %, 0 %, 35270 MiB, 37.39 W
2026/09/20 12:51:13.328, 0, 0 %, 0 %, 35271 MiB, 39.27 W
2026/09/20 12:51:13.328, 1, 0 %, 0 %, 35270 MiB, 38.85 W
2026/09/20 12:51:13.328, 2, 0 %, 0 %, 35270 MiB, 37.25 W
2026/09/20 12:51:18.329, 0, 0 %, 0 %, 35271 MiB, 39.19 W
2026/09/20 12:51:18.330, 1, 0 %, 0 %, 35270 MiB, 38.75 W
2026/09/20 12:51:18.330, 2, 0 %, 0 %, 35270 MiB, 37.49 W
2026/09/20 12:51:23.330, 0, 0 %, 0 %, 35271 MiB, 39.47 W
2026/09/20 12:51:23.331, 1, 0 %, 0 %, 35270 MiB, 38.85 W
2026/09/20 12:51:23.331, 2, 0 %, 0 %, 35270 MiB, 37.36 W
2026/09/20 12:51:28.331, 0, 0 %, 0 %, 35271 MiB, 39.07 W
2026/09/20 12:51:28.332, 1, 0 %, 0 %, 35270 MiB, 39.02 W
2026/09/20 12:51:28.332, 2, 0 %, 0 %, 35270 MiB, 37.46 W
2026/09/20 12:51:33.332, 0, 0 %, 0 %, 35271 MiB, 39.06 W
2026/09/20 12:51:33.333, 1, 0 %, 0 %, 35270 MiB, 38.83 W
2026/09/20 12:51:33.333, 2, 0 %, 0 %, 35270 MiB, 37.46 W
2026/09/20 12:51:38.334, 0, 0 %, 0 %, 35271 MiB, 39.08 W
2026/09/20 12:51:38.334, 1, 0 %, 0 %, 35270 MiB, 38.75 W
2026/09/20 12:51:38.334, 2, 0 %, 0 %, 35270 MiB, 37.36 W
2026/09/20 12:51:43.335, 0, 0 %, 0 %, 35271 MiB, 39.26 W
2026/09/20 12:51:43.335, 1, 0 %, 0 %, 35270 MiB, 38.93 W
2026/09/20 12:51:43.336, 2, 0 %, 0 %, 35270 MiB, 37.45 W
2026/09/20 12:51:48.337, 0, 0 %, 0 %, 35271 MiB, 39.08 W
2026/09/20 12:51:48.338, 1, 0 %, 0 %, 35270 MiB, 38.95 W
2026/09/20 12:51:48.338, 2, 0 %, 0 %, 35270 MiB, 37.36 W
2026/09/20 12:51:53.338, 0, 0 %, 0 %, 35271 MiB, 39.11 W
2026/09/20 12:51:53.339, 1, 0 %, 0 %, 35270 MiB, 38.97 W
2026/09/20 12:51:53.339, 2, 0 %, 0 %, 35270 MiB, 37.39 W
2026/09/20 12:51:58.339, 0, 0 %, 0 %, 35271 MiB, 39.19 W
2026/09/20 12:51:58.340, 1, 0 %, 0 %, 35270 MiB, 38.95 W
2026/09/20 12:51:58.340, 2, 0 %, 0 %, 35270 MiB, 37.37 W
2026/09/20 12:52:03.340, 0, 0 %, 0 %, 35271 MiB, 39.21 W
2026/09/20 12:52:03.341, 1, 0 %, 0 %, 35270 MiB, 39.17 W
2026/09/20 12:52:03.341, 2, 0 %, 0 %, 35270 MiB, 37.28 W
2026/09/20 12:52:08.341, 0, 0 %, 0 %, 35271 MiB, 39.22 W
2026/09/20 12:52:08.342, 1, 0 %, 0 %, 35270 MiB, 38.97 W
2026/09/20 12:52:08.342, 2, 0 %, 0 %, 35270 MiB, 37.28 W
2026/09/20 12:52:13.343, 0, 0 %, 0 %, 35271 MiB, 39.31 W
2026/09/20 12:52:13.343, 1, 0 %, 0 %, 35270 MiB, 38.97 W
2026/09/20 12:52:13.343, 2, 0 %, 0 %, 35270 MiB, 37.49 W
2026/09/20 12:52:18.344, 0, 0 %, 0 %, 35271 MiB, 39.39 W
2026/09/20 12:52:18.345, 1, 0 %, 0 %, 35270 MiB, 38.88 W
2026/09/20 12:52:18.345, 2, 0 %, 0 %, 35270 MiB, 37.49 W
2026/09/20 12:52:23.346, 0, 0 %, 0 %, 35271 MiB, 39.29 W
2026/09/20 12:52:23.346, 1, 0 %, 0 %, 35270 MiB, 38.85 W
2026/09/20 12:52:23.347, 2, 0 %, 0 %, 35270 MiB, 37.47 W
2026/09/20 12:52:28.348, 0, 0 %, 0 %, 35271 MiB, 39.36 W
2026/09/20 12:52:28.348, 1, 0 %, 0 %, 35270 MiB, 38.85 W
2026/09/20 12:52:28.349, 2, 0 %, 0 %, 35270 MiB, 37.47 W
2026/09/20 12:52:33.355, 0, 0 %, 0 %, 35271 MiB, 39.25 W
2026/09/20 12:52:33.355, 1, 0 %, 0 %, 35270 MiB, 38.83 W
2026/09/20 12:52:33.356, 2, 0 %, 0 %, 35270 MiB, 37.85 W
2026/09/20 12:52:38.356, 0, 0 %, 0 %, 35271 MiB, 39.26 W
2026/09/20 12:52:38.357, 1, 0 %, 0 %, 35270 MiB, 39.02 W
2026/09/20 12:52:38.357, 2, 0 %, 0 %, 35270 MiB, 37.55 W
2026/09/20 12:52:43.358, 0, 0 %, 0 %, 35271 MiB, 39.07 W
2026/09/20 12:52:43.358, 1, 0 %, 0 %, 35270 MiB, 38.84 W
2026/09/20 12:52:43.359, 2, 0 %, 0 %, 35270 MiB, 37.44 W
2026/09/20 12:52:48.360, 0, 0 %, 0 %, 35271 MiB, 38.97 W
2026/09/20 12:52:48.360, 1, 0 %, 0 %, 35270 MiB, 38.83 W
2026/09/20 12:52:48.360, 2, 0 %, 0 %, 35270 MiB, 37.24 W
2026/09/20 12:52:53.361, 0, 0 %, 0 %, 35271 MiB, 39.07 W
2026/09/20 12:52:53.361, 1, 0 %, 0 %, 35270 MiB, 38.73 W
2026/09/20 12:52:53.362, 2, 0 %, 0 %, 35270 MiB, 37.44 W
2026/09/20 12:52:58.362, 0, 0 %, 0 %, 35271 MiB, 39.17 W
2026/09/20 12:52:58.363, 1, 0 %, 0 %, 35270 MiB, 38.83 W
2026/09/20 12:52:58.363, 2, 0 %, 0 %, 35270 MiB, 37.15 W
2026/09/20 12:53:03.364, 0, 0 %, 0 %, 35271 MiB, 39.07 W
2026/09/20 12:53:03.364, 1, 0 %, 0 %, 35270 MiB, 38.75 W
2026/09/20 12:53:03.364, 2, 0 %, 0 %, 35270 MiB, 37.24 W
2026/09/20 12:53:08.368, 0, 0 %, 0 %, 35271 MiB, 38.96 W
2026/09/20 12:53:08.369, 1, 0 %, 0 %, 35270 MiB, 38.73 W
2026/09/20 12:53:08.369, 2, 0 %, 0 %, 35270 MiB, 37.33 W
2026/09/20 12:53:13.370, 0, 0 %, 0 %, 35271 MiB, 39.26 W
2026/09/20 12:53:13.370, 1, 0 %, 0 %, 35270 MiB, 39.03 W
2026/09/20 12:53:13.371, 2, 0 %, 0 %, 35270 MiB, 37.36 W
2026/09/20 12:53:18.372, 0, 0 %, 0 %, 35271 MiB, 39.17 W
2026/09/20 12:53:18.372, 1, 0 %, 0 %, 35270 MiB, 38.73 W
2026/09/20 12:53:18.373, 2, 0 %, 0 %, 35270 MiB, 37.24 W
2026/09/20 12:53:23.374, 0, 0 %, 0 %, 35271 MiB, 38.97 W
2026/09/20 12:53:23.374, 1, 0 %, 0 %, 35270 MiB, 38.55 W
2026/09/20 12:53:23.375, 2, 0 %, 0 %, 35270 MiB, 37.15 W
2026/09/20 12:53:28.382, 0, 0 %, 0 %, 35271 MiB, 39.17 W
2026/09/20 12:53:28.382, 1, 0 %, 0 %, 35270 MiB, 38.64 W
2026/09/20 12:53:28.382, 2, 0 %, 0 %, 35270 MiB, 37.35 W
2026/09/20 12:53:33.384, 0, 0 %, 0 %, 35271 MiB, 39.17 W
2026/09/20 12:53:33.384, 1, 0 %, 0 %, 35270 MiB, 38.74 W
2026/09/20 12:53:33.384, 2, 0 %, 0 %, 35270 MiB, 37.24 W
2026/09/20 12:53:38.385, 0, 0 %, 0 %, 35271 MiB, 39.08 W
2026/09/20 12:53:38.386, 1, 0 %, 0 %, 35270 MiB, 38.65 W
2026/09/20 12:53:38.386, 2, 0 %, 0 %, 35270 MiB, 37.37 W
2026/09/20 12:53:43.387, 0, 0 %, 0 %, 35271 MiB, 38.97 W
2026/09/20 12:53:43.387, 1, 0 %, 0 %, 35270 MiB, 38.54 W
2026/09/20 12:53:43.388, 2, 0 %, 0 %, 35270 MiB, 37.36 W
2026/09/20 12:53:48.388, 0, 0 %, 0 %, 35271 MiB, 38.96 W
2026/09/20 12:53:48.389, 1, 0 %, 0 %, 35270 MiB, 38.63 W
2026/09/20 12:53:48.389, 2, 0 %, 0 %, 35270 MiB, 37.35 W
2026/09/20 12:53:53.390, 0, 0 %, 0 %, 35271 MiB, 38.97 W
2026/09/20 12:53:53.390, 1, 0 %, 0 %, 35270 MiB, 38.65 W
2026/09/20 12:53:53.390, 2, 0 %, 0 %, 35270 MiB, 37.25 W
2026/09/20 12:53:58.397, 0, 0 %, 0 %, 35271 MiB, 38.96 W
2026/09/20 12:53:58.397, 1, 0 %, 0 %, 35270 MiB, 38.63 W
2026/09/20 12:53:58.398, 2, 0 %, 0 %, 35270 MiB, 37.14 W
2026/09/20 12:54:03.399, 0, 0 %, 0 %, 35271 MiB, 38.57 W
2026/09/20 12:54:03.399, 1, 0 %, 0 %, 35270 MiB, 38.65 W
2026/09/20 12:54:03.399, 2, 0 %, 0 %, 35270 MiB, 37.25 W
2026/09/20 12:54:08.401, 0, 0 %, 0 %, 35271 MiB, 39.17 W
2026/09/20 12:54:08.401, 1, 0 %, 0 %, 35270 MiB, 38.84 W
2026/09/20 12:54:08.401, 2, 0 %, 0 %, 35270 MiB, 37.36 W
2026/09/20 12:54:13.403, 0, 0 %, 0 %, 35271 MiB, 38.98 W
2026/09/20 12:54:13.403, 1, 0 %, 0 %, 35270 MiB, 38.65 W
2026/09/20 12:54:13.403, 2, 0 %, 0 %, 35270 MiB, 37.25 W
2026/09/20 12:54:18.404, 0, 0 %, 0 %, 35271 MiB, 38.99 W
2026/09/20 12:54:18.405, 1, 0 %, 0 %, 35270 MiB, 38.65 W
2026/09/20 12:54:18.405, 2, 0 %, 0 %, 35270 MiB, 37.16 W
2026/09/20 12:54:23.405, 0, 0 %, 0 %, 35271 MiB, 39.01 W
2026/09/20 12:54:23.406, 1, 0 %, 0 %, 35270 MiB, 38.58 W
2026/09/20 12:54:23.406, 2, 0 %, 0 %, 35270 MiB, 37.18 W
2026/09/20 12:54:28.406, 0, 0 %, 0 %, 35271 MiB, 39.12 W
2026/09/20 12:54:28.406, 1, 0 %, 0 %, 35270 MiB, 38.78 W
2026/09/20 12:54:28.406, 2, 0 %, 0 %, 35270 MiB, 37.49 W
2026/09/20 12:54:33.407, 0, 0 %, 0 %, 35271 MiB, 39.12 W
2026/09/20 12:54:33.407, 1, 0 %, 0 %, 35270 MiB, 38.49 W
2026/09/20 12:54:33.407, 2, 0 %, 0 %, 35270 MiB, 37.28 W
2026/09/20 12:54:38.408, 0, 0 %, 0 %, 35271 MiB, 39.02 W
2026/09/20 12:54:38.408, 1, 0 %, 0 %, 35270 MiB, 38.58 W
2026/09/20 12:54:38.408, 2, 0 %, 0 %, 35270 MiB, 37.28 W
2026/09/20 12:54:43.409, 0, 0 %, 0 %, 35271 MiB, 39.12 W
2026/09/20 12:54:43.409, 1, 0 %, 0 %, 35270 MiB, 38.50 W
2026/09/20 12:54:43.409, 2, 0 %, 0 %, 35270 MiB, 37.39 W
2026/09/20 12:54:48.410, 0, 0 %, 0 %, 35271 MiB, 39.02 W
2026/09/20 12:54:48.410, 1, 0 %, 0 %, 35270 MiB, 38.68 W
2026/09/20 12:54:48.410, 2, 0 %, 0 %, 35270 MiB, 37.59 W
2026/09/20 12:54:53.410, 0, 0 %, 0 %, 35271 MiB, 39.02 W
2026/09/20 12:54:53.410, 1, 0 %, 0 %, 35270 MiB, 38.68 W
2026/09/20 12:54:53.410, 2, 0 %, 0 %, 35270 MiB, 37.49 W
2026/09/20 12:54:58.411, 0, 0 %, 0 %, 35271 MiB, 39.02 W
2026/09/20 12:54:58.411, 1, 0 %, 0 %, 35270 MiB, 38.68 W
2026/09/20 12:54:58.411, 2, 0 %, 0 %, 35270 MiB, 37.49 W
2026/09/20 12:55:03.412, 0, 0 %, 0 %, 35271 MiB, 39.31 W
2026/09/20 12:55:03.412, 1, 0 %, 0 %, 35270 MiB, 38.90 W
2026/09/20 12:55:03.412, 2, 0 %, 0 %, 35270 MiB, 37.28 W
2026/09/20 12:55:08.412, 0, 0 %, 0 %, 35271 MiB, 39.12 W
2026/09/20 12:55:08.412, 1, 0 %, 0 %, 35270 MiB, 38.78 W
2026/09/20 12:55:08.412, 2, 0 %, 0 %, 35270 MiB, 37.39 W
2026/09/20 12:55:13.413, 0, 0 %, 0 %, 35271 MiB, 39.12 W
2026/09/20 12:55:13.413, 1, 0 %, 0 %, 35270 MiB, 38.79 W
2026/09/20 12:55:13.413, 2, 0 %, 0 %, 35270 MiB, 37.29 W
2026/09/20 12:55:18.414, 0, 99 %, 11 %, 35271 MiB, 93.29 W
2026/09/20 12:55:18.414, 1, 100 %, 11 %, 35270 MiB, 89.93 W
2026/09/20 12:55:18.414, 2, 100 %, 6 %, 35270 MiB, 93.86 W
2026/09/20 12:55:23.414, 0, 100 %, 7 %, 35271 MiB, 88.21 W
2026/09/20 12:55:23.414, 1, 100 %, 6 %, 35270 MiB, 91.83 W
2026/09/20 12:55:23.414, 2, 100 %, 14 %, 35270 MiB, 86.57 W
2026/09/20 12:55:28.415, 0, 100 %, 6 %, 35271 MiB, 93.11 W
2026/09/20 12:55:28.415, 1, 100 %, 14 %, 35270 MiB, 146.95 W
2026/09/20 12:55:28.415, 2, 100 %, 11 %, 35270 MiB, 91.47 W
2026/09/20 12:55:33.415, 0, 100 %, 7 %, 35271 MiB, 91.45 W
2026/09/20 12:55:33.416, 1, 100 %, 7 %, 35270 MiB, 89.73 W
2026/09/20 12:55:33.416, 2, 100 %, 9 %, 35270 MiB, 87.08 W
2026/09/20 12:55:38.417, 0, 100 %, 7 %, 35271 MiB, 92.54 W
2026/09/20 12:55:38.417, 1, 100 %, 10 %, 35270 MiB, 91.78 W
2026/09/20 12:55:38.417, 2, 100 %, 7 %, 35270 MiB, 91.04 W
2026/09/20 12:55:43.417, 0, 100 %, 7 %, 35271 MiB, 89.44 W
2026/09/20 12:55:43.418, 1, 100 %, 12 %, 35270 MiB, 89.53 W
2026/09/20 12:55:43.418, 2, 100 %, 7 %, 35270 MiB, 86.76 W
2026/09/20 12:55:48.418, 0, 100 %, 7 %, 35271 MiB, 95.09 W
2026/09/20 12:55:48.418, 1, 100 %, 10 %, 35270 MiB, 94.16 W
2026/09/20 12:55:48.418, 2, 100 %, 7 %, 35270 MiB, 91.39 W
2026/09/20 12:55:53.419, 0, 0 %, 0 %, 35271 MiB, 63.22 W
2026/09/20 12:55:53.419, 1, 52 %, 4 %, 35270 MiB, 62.94 W
2026/09/20 12:55:53.419, 2, 0 %, 0 %, 35270 MiB, 39.35 W
2026/09/20 12:55:58.419, 0, 0 %, 0 %, 35271 MiB, 40.36 W
2026/09/20 12:55:58.420, 1, 0 %, 0 %, 35270 MiB, 39.81 W
2026/09/20 12:55:58.420, 2, 0 %, 0 %, 35270 MiB, 39.05 W
2026/09/20 12:56:03.421, 0, 0 %, 0 %, 35271 MiB, 40.34 W
2026/09/20 12:56:03.421, 1, 0 %, 0 %, 35270 MiB, 39.81 W
2026/09/20 12:56:03.421, 2, 0 %, 0 %, 35270 MiB, 39.13 W
2026/09/20 12:56:08.423, 0, 0 %, 0 %, 35271 MiB, 40.23 W
2026/09/20 12:56:08.423, 1, 0 %, 0 %, 35270 MiB, 39.71 W
2026/09/20 12:56:08.423, 2, 0 %, 0 %, 35270 MiB, 38.63 W
2026/09/20 12:56:13.424, 0, 0 %, 0 %, 35271 MiB, 39.65 W
2026/09/20 12:56:13.424, 1, 0 %, 0 %, 35270 MiB, 39.41 W
2026/09/20 12:56:13.424, 2, 0 %, 0 %, 35270 MiB, 38.53 W
2026/09/20 12:56:18.430, 0, 0 %, 0 %, 35271 MiB, 39.95 W
2026/09/20 12:56:18.430, 1, 0 %, 0 %, 35270 MiB, 39.51 W
2026/09/20 12:56:18.430, 2, 0 %, 0 %, 35270 MiB, 38.45 W
2026/09/20 12:56:23.432, 0, 0 %, 0 %, 35271 MiB, 39.95 W
2026/09/20 12:56:23.432, 1, 0 %, 0 %, 35270 MiB, 39.31 W
2026/09/20 12:56:23.432, 2, 0 %, 0 %, 35270 MiB, 38.53 W
2026/09/20 12:56:28.434, 0, 0 %, 0 %, 35271 MiB, 39.76 W
2026/09/20 12:56:28.434, 1, 0 %, 0 %, 35270 MiB, 39.32 W
2026/09/20 12:56:28.435, 2, 0 %, 0 %, 35270 MiB, 38.36 W
2026/09/20 12:56:33.436, 0, 0 %, 0 %, 35271 MiB, 39.75 W
2026/09/20 12:56:33.436, 1, 0 %, 0 %, 35270 MiB, 39.24 W
2026/09/20 12:56:33.436, 2, 0 %, 0 %, 35270 MiB, 38.26 W
2026/09/20 12:56:38.437, 0, 0 %, 0 %, 35271 MiB, 39.40 W
2026/09/20 12:56:38.437, 1, 0 %, 0 %, 35270 MiB, 39.17 W
2026/09/20 12:56:38.437, 2, 0 %, 0 %, 35270 MiB, 38.19 W
2026/09/20 12:56:43.437, 0, 0 %, 0 %, 35271 MiB, 39.60 W
2026/09/20 12:56:43.437, 1, 0 %, 0 %, 35270 MiB, 39.06 W
2026/09/20 12:56:43.438, 2, 0 %, 0 %, 35270 MiB, 39.28 W
2026/09/20 12:56:48.439, 0, 0 %, 0 %, 35271 MiB, 39.70 W
2026/09/20 12:56:48.439, 1, 0 %, 0 %, 35270 MiB, 38.97 W
2026/09/20 12:56:48.439, 2, 0 %, 0 %, 35270 MiB, 38.29 W
2026/09/20 12:56:53.439, 0, 0 %, 0 %, 35271 MiB, 39.88 W
2026/09/20 12:56:53.440, 1, 0 %, 0 %, 35270 MiB, 39.06 W
2026/09/20 12:56:53.440, 2, 0 %, 0 %, 35270 MiB, 38.18 W
2026/09/20 12:56:58.440, 0, 0 %, 0 %, 35271 MiB, 39.70 W
2026/09/20 12:56:58.440, 1, 0 %, 0 %, 35270 MiB, 38.88 W
2026/09/20 12:56:58.440, 2, 0 %, 0 %, 35270 MiB, 38.28 W
2026/09/20 12:57:03.441, 0, 0 %, 0 %, 35271 MiB, 39.49 W
2026/09/20 12:57:03.441, 1, 0 %, 0 %, 35270 MiB, 38.88 W
2026/09/20 12:57:03.441, 2, 0 %, 0 %, 35270 MiB, 38.28 W
2026/09/20 12:57:08.441, 0, 0 %, 0 %, 35271 MiB, 39.61 W
2026/09/20 12:57:08.442, 1, 0 %, 0 %, 35270 MiB, 38.98 W
2026/09/20 12:57:08.442, 2, 0 %, 0 %, 35270 MiB, 38.29 W
2026/09/20 12:57:13.443, 0, 0 %, 0 %, 35271 MiB, 39.56 W
2026/09/20 12:57:13.443, 1, 0 %, 0 %, 35270 MiB, 39.05 W
2026/09/20 12:57:13.444, 2, 0 %, 0 %, 35270 MiB, 38.16 W
2026/09/20 12:57:18.445, 0, 0 %, 0 %, 35271 MiB, 39.16 W
2026/09/20 12:57:18.446, 1, 0 %, 0 %, 35270 MiB, 38.92 W
2026/09/20 12:57:18.446, 2, 0 %, 0 %, 35270 MiB, 38.04 W
2026/09/20 12:57:23.446, 0, 0 %, 0 %, 35271 MiB, 39.29 W
2026/09/20 12:57:23.447, 1, 0 %, 0 %, 35270 MiB, 39.44 W
2026/09/20 12:57:23.447, 2, 0 %, 0 %, 35270 MiB, 37.97 W
2026/09/20 12:57:28.448, 0, 0 %, 0 %, 35271 MiB, 39.29 W
2026/09/20 12:57:28.448, 1, 0 %, 0 %, 35270 MiB, 39.24 W
2026/09/20 12:57:28.448, 2, 0 %, 0 %, 35270 MiB, 37.77 W
2026/09/20 12:57:33.449, 0, 0 %, 0 %, 35271 MiB, 39.20 W
2026/09/20 12:57:33.450, 1, 0 %, 0 %, 35270 MiB, 39.36 W
2026/09/20 12:57:33.450, 2, 0 %, 0 %, 35270 MiB, 37.69 W
2026/09/20 12:57:38.451, 0, 0 %, 0 %, 35271 MiB, 39.57 W
2026/09/20 12:57:38.452, 1, 0 %, 0 %, 35270 MiB, 39.24 W
2026/09/20 12:57:38.452, 2, 0 %, 0 %, 35270 MiB, 37.97 W
2026/09/20 12:57:43.453, 0, 0 %, 0 %, 35271 MiB, 39.46 W
2026/09/20 12:57:43.453, 1, 0 %, 0 %, 35270 MiB, 39.13 W
2026/09/20 12:57:43.454, 2, 0 %, 0 %, 35270 MiB, 37.77 W
2026/09/20 12:57:48.455, 0, 0 %, 0 %, 35271 MiB, 39.67 W
2026/09/20 12:57:48.455, 1, 0 %, 0 %, 35270 MiB, 39.15 W
2026/09/20 12:57:48.456, 2, 0 %, 0 %, 35270 MiB, 37.58 W
2026/09/20 12:57:53.457, 0, 0 %, 0 %, 35271 MiB, 39.50 W
2026/09/20 12:57:53.457, 1, 0 %, 0 %, 35270 MiB, 38.96 W
2026/09/20 12:57:53.457, 2, 0 %, 0 %, 35270 MiB, 37.67 W
2026/09/20 12:57:58.459, 0, 0 %, 0 %, 35271 MiB, 39.55 W
2026/09/20 12:57:58.459, 1, 0 %, 0 %, 35270 MiB, 39.02 W
2026/09/20 12:57:58.460, 2, 0 %, 0 %, 35270 MiB, 37.94 W
2026/09/20 12:58:03.463, 0, 0 %, 0 %, 35271 MiB, 39.44 W
2026/09/20 12:58:03.463, 1, 0 %, 0 %, 35270 MiB, 38.91 W
2026/09/20 12:58:03.463, 2, 0 %, 0 %, 35270 MiB, 37.74 W
2026/09/20 12:58:08.471, 0, 0 %, 0 %, 35271 MiB, 39.45 W
2026/09/20 12:58:08.471, 1, 0 %, 0 %, 35270 MiB, 38.92 W
2026/09/20 12:58:08.471, 2, 0 %, 0 %, 35270 MiB, 37.64 W
2026/09/20 12:58:13.472, 0, 0 %, 0 %, 35271 MiB, 39.16 W
2026/09/20 12:58:13.473, 1, 0 %, 0 %, 35270 MiB, 38.83 W
2026/09/20 12:58:13.473, 2, 0 %, 0 %, 35270 MiB, 37.65 W
2026/09/20 12:58:18.474, 0, 0 %, 0 %, 35271 MiB, 39.16 W
2026/09/20 12:58:18.475, 1, 0 %, 0 %, 35270 MiB, 38.73 W
2026/09/20 12:58:18.475, 2, 0 %, 0 %, 35270 MiB, 37.65 W
2026/09/20 12:58:23.476, 0, 0 %, 0 %, 35271 MiB, 39.15 W
2026/09/20 12:58:23.477, 1, 0 %, 0 %, 35270 MiB, 38.92 W
2026/09/20 12:58:23.477, 2, 0 %, 0 %, 35270 MiB, 37.34 W
2026/09/20 12:58:28.478, 0, 0 %, 0 %, 35271 MiB, 39.16 W
2026/09/20 12:58:28.479, 1, 0 %, 0 %, 35270 MiB, 38.83 W
2026/09/20 12:58:28.479, 2, 0 %, 0 %, 35270 MiB, 37.33 W
2026/09/20 12:58:33.480, 0, 0 %, 0 %, 35271 MiB, 39.17 W
2026/09/20 12:58:33.481, 1, 0 %, 0 %, 35270 MiB, 38.73 W
2026/09/20 12:58:33.481, 2, 0 %, 0 %, 35270 MiB, 37.33 W
2026/09/20 12:58:38.481, 0, 0 %, 0 %, 35271 MiB, 39.06 W
2026/09/20 12:58:38.482, 1, 0 %, 0 %, 35270 MiB, 38.73 W
2026/09/20 12:58:38.482, 2, 0 %, 0 %, 35270 MiB, 37.44 W
2026/09/20 12:58:43.483, 0, 0 %, 0 %, 35271 MiB, 38.95 W
2026/09/20 12:58:43.483, 1, 0 %, 0 %, 35270 MiB, 38.83 W
2026/09/20 12:58:43.484, 2, 0 %, 0 %, 35270 MiB, 37.35 W
2026/09/20 12:58:48.485, 0, 0 %, 0 %, 35271 MiB, 39.16 W
2026/09/20 12:58:48.486, 1, 0 %, 0 %, 35270 MiB, 38.73 W
2026/09/20 12:58:48.486, 2, 0 %, 0 %, 35270 MiB, 37.24 W
2026/09/20 12:58:53.486, 0, 0 %, 0 %, 35271 MiB, 39.16 W
2026/09/20 12:58:53.487, 1, 0 %, 0 %, 35270 MiB, 38.73 W
2026/09/20 12:58:53.487, 2, 0 %, 0 %, 35270 MiB, 37.35 W
2026/09/20 12:58:58.488, 0, 0 %, 0 %, 35271 MiB, 39.16 W
2026/09/20 12:58:58.489, 1, 0 %, 0 %, 35270 MiB, 38.83 W
2026/09/20 12:58:58.489, 2, 0 %, 0 %, 35270 MiB, 37.44 W
2026/09/20 12:59:03.490, 0, 0 %, 0 %, 35271 MiB, 39.25 W
2026/09/20 12:59:03.490, 1, 0 %, 0 %, 35270 MiB, 38.53 W
2026/09/20 12:59:03.491, 2, 0 %, 0 %, 35270 MiB, 37.24 W
2026/09/20 12:59:08.491, 0, 0 %, 0 %, 35271 MiB, 38.65 W
2026/09/20 12:59:08.492, 1, 0 %, 0 %, 35270 MiB, 38.63 W
2026/09/20 12:59:08.492, 2, 0 %, 0 %, 35270 MiB, 37.35 W
2026/09/20 12:59:13.492, 0, 0 %, 0 %, 35271 MiB, 39.08 W
2026/09/20 12:59:13.493, 1, 0 %, 0 %, 35270 MiB, 38.53 W
2026/09/20 12:59:13.493, 2, 0 %, 0 %, 35270 MiB, 37.47 W
2026/09/20 12:59:18.494, 0, 0 %, 0 %, 35271 MiB, 39.06 W
2026/09/20 12:59:18.494, 1, 0 %, 0 %, 35270 MiB, 38.53 W
2026/09/20 12:59:18.494, 2, 0 %, 0 %, 35270 MiB, 37.35 W
2026/09/20 12:59:23.496, 0, 0 %, 0 %, 35271 MiB, 38.94 W
2026/09/20 12:59:23.496, 1, 0 %, 0 %, 35270 MiB, 38.43 W
2026/09/20 12:59:23.497, 2, 0 %, 0 %, 35270 MiB, 37.44 W
2026/09/20 12:59:28.497, 0, 0 %, 0 %, 35271 MiB, 38.94 W
2026/09/20 12:59:28.498, 1, 0 %, 0 %, 35270 MiB, 38.53 W
2026/09/20 12:59:28.498, 2, 0 %, 0 %, 35270 MiB, 37.13 W
2026/09/20 12:59:33.502, 0, 0 %, 0 %, 35271 MiB, 39.04 W
2026/09/20 12:59:33.503, 1, 0 %, 0 %, 35270 MiB, 38.83 W
2026/09/20 12:59:33.503, 2, 0 %, 0 %, 35270 MiB, 37.42 W
2026/09/20 12:59:38.504, 0, 0 %, 0 %, 35271 MiB, 39.17 W
2026/09/20 12:59:38.505, 1, 0 %, 0 %, 35270 MiB, 38.63 W
2026/09/20 12:59:38.505, 2, 0 %, 0 %, 35270 MiB, 37.24 W
2026/09/20 12:59:43.506, 0, 0 %, 0 %, 35271 MiB, 38.97 W
2026/09/20 12:59:43.506, 1, 0 %, 0 %, 35270 MiB, 38.65 W
2026/09/20 12:59:43.506, 2, 0 %, 0 %, 35270 MiB, 37.25 W
2026/09/20 12:59:48.508, 0, 0 %, 0 %, 35271 MiB, 39.04 W
2026/09/20 12:59:48.509, 1, 0 %, 0 %, 35270 MiB, 38.62 W
2026/09/20 12:59:48.509, 2, 0 %, 0 %, 35270 MiB, 37.34 W
2026/09/20 12:59:53.510, 0, 0 %, 0 %, 35271 MiB, 38.96 W
2026/09/20 12:59:53.511, 1, 0 %, 0 %, 35270 MiB, 38.73 W
2026/09/20 12:59:53.511, 2, 0 %, 0 %, 35270 MiB, 37.35 W
2026/09/20 12:59:58.520, 0, 0 %, 0 %, 35271 MiB, 39.04 W
2026/09/20 12:59:58.521, 1, 0 %, 0 %, 35270 MiB, 38.62 W
2026/09/20 12:59:58.521, 2, 0 %, 0 %, 35270 MiB, 37.24 W
2026/09/20 13:00:03.522, 0, 0 %, 0 %, 35271 MiB, 39.06 W
2026/09/20 13:00:03.523, 1, 0 %, 0 %, 35270 MiB, 38.63 W
2026/09/20 13:00:03.523, 2, 0 %, 0 %, 35270 MiB, 37.24 W
2026/09/20 13:00:08.524, 0, 0 %, 0 %, 35271 MiB, 39.09 W
2026/09/20 13:00:08.525, 1, 0 %, 0 %, 35270 MiB, 38.65 W
2026/09/20 13:00:08.525, 2, 0 %, 0 %, 35270 MiB, 37.16 W
2026/09/20 13:00:13.525, 0, 0 %, 0 %, 35271 MiB, 39.28 W
2026/09/20 13:00:13.526, 1, 0 %, 0 %, 35270 MiB, 38.46 W
2026/09/20 13:00:13.526, 2, 0 %, 0 %, 35270 MiB, 37.37 W
2026/09/20 13:00:18.527, 0, 0 %, 0 %, 35271 MiB, 39.14 W
2026/09/20 13:00:18.527, 1, 0 %, 0 %, 35270 MiB, 38.43 W
2026/09/20 13:00:18.528, 2, 0 %, 0 %, 35270 MiB, 37.35 W
2026/09/20 13:00:23.529, 0, 0 %, 0 %, 35271 MiB, 38.86 W
2026/09/20 13:00:23.529, 1, 0 %, 0 %, 35270 MiB, 38.44 W
2026/09/20 13:00:23.530, 2, 0 %, 0 %, 35270 MiB, 37.25 W
2026/09/20 13:00:28.531, 0, 0 %, 0 %, 35271 MiB, 38.96 W
2026/09/20 13:00:28.531, 1, 0 %, 0 %, 35270 MiB, 38.62 W
2026/09/20 13:00:28.531, 2, 0 %, 0 %, 35270 MiB, 37.53 W
2026/09/20 13:00:33.532, 0, 0 %, 0 %, 35271 MiB, 39.09 W
2026/09/20 13:00:33.532, 1, 0 %, 0 %, 35270 MiB, 38.46 W
2026/09/20 13:00:33.532, 2, 0 %, 0 %, 35270 MiB, 37.37 W
2026/09/20 13:00:38.532, 0, 0 %, 0 %, 35271 MiB, 38.94 W
2026/09/20 13:00:38.533, 1, 0 %, 0 %, 35270 MiB, 38.53 W
2026/09/20 13:00:38.533, 2, 0 %, 0 %, 35270 MiB, 37.23 W
2026/09/20 13:00:43.534, 0, 0 %, 0 %, 35271 MiB, 38.97 W
2026/09/20 13:00:43.535, 1, 0 %, 0 %, 35270 MiB, 38.54 W
2026/09/20 13:00:43.535, 2, 0 %, 0 %, 35270 MiB, 37.26 W
2026/09/20 13:00:48.535, 0, 0 %, 0 %, 35271 MiB, 39.24 W
2026/09/20 13:00:48.536, 1, 0 %, 0 %, 35270 MiB, 38.63 W
2026/09/20 13:00:48.536, 2, 0 %, 0 %, 35270 MiB, 37.33 W
2026/09/20 13:00:53.536, 0, 0 %, 0 %, 35271 MiB, 39.06 W
2026/09/20 13:00:53.537, 1, 0 %, 0 %, 35270 MiB, 38.63 W
2026/09/20 13:00:53.537, 2, 0 %, 0 %, 35270 MiB, 37.24 W
2026/09/20 13:00:58.538, 0, 0 %, 0 %, 35271 MiB, 38.94 W
2026/09/20 13:00:58.539, 1, 0 %, 0 %, 35270 MiB, 38.53 W
2026/09/20 13:00:58.539, 2, 0 %, 0 %, 35270 MiB, 37.24 W
2026/09/20 13:01:03.540, 0, 0 %, 0 %, 35271 MiB, 38.85 W
2026/09/20 13:01:03.541, 1, 0 %, 0 %, 35270 MiB, 38.72 W
2026/09/20 13:01:03.541, 2, 0 %, 0 %, 35270 MiB, 37.34 W
2026/09/20 13:01:08.542, 0, 0 %, 0 %, 35271 MiB, 39.14 W
2026/09/20 13:01:08.542, 1, 0 %, 0 %, 35270 MiB, 38.53 W
2026/09/20 13:01:08.543, 2, 0 %, 0 %, 35270 MiB, 37.35 W
2026/09/20 13:01:13.544, 0, 0 %, 0 %, 35271 MiB, 39.04 W
2026/09/20 13:01:13.544, 1, 0 %, 0 %, 35270 MiB, 38.33 W
2026/09/20 13:01:13.544, 2, 0 %, 0 %, 35270 MiB, 37.34 W
2026/09/20 13:01:18.546, 0, 0 %, 0 %, 35271 MiB, 38.96 W
2026/09/20 13:01:18.547, 1, 0 %, 0 %, 35270 MiB, 38.44 W
2026/09/20 13:01:18.547, 2, 0 %, 0 %, 35270 MiB, 37.24 W
2026/09/20 13:01:23.547, 0, 0 %, 0 %, 35271 MiB, 38.97 W
2026/09/20 13:01:23.548, 1, 0 %, 0 %, 35270 MiB, 38.36 W
2026/09/20 13:01:23.548, 2, 0 %, 0 %, 35270 MiB, 37.46 W
2026/09/20 13:01:28.549, 0, 0 %, 0 %, 35271 MiB, 38.95 W
2026/09/20 13:01:28.549, 1, 0 %, 0 %, 35270 MiB, 38.32 W
2026/09/20 13:01:28.549, 2, 0 %, 0 %, 35270 MiB, 37.33 W
2026/09/20 13:01:33.551, 0, 0 %, 0 %, 35271 MiB, 38.88 W
2026/09/20 13:01:33.551, 1, 0 %, 0 %, 35270 MiB, 38.36 W
2026/09/20 13:01:33.552, 2, 0 %, 0 %, 35270 MiB, 37.25 W
2026/09/20 13:01:38.553, 0, 0 %, 0 %, 35271 MiB, 38.86 W
2026/09/20 13:01:38.553, 1, 0 %, 0 %, 35270 MiB, 38.53 W
2026/09/20 13:01:38.553, 2, 0 %, 0 %, 35270 MiB, 37.35 W
2026/09/20 13:01:43.554, 0, 0 %, 0 %, 35271 MiB, 39.01 W
2026/09/20 13:01:43.554, 1, 0 %, 0 %, 35270 MiB, 38.46 W
2026/09/20 13:01:43.554, 2, 0 %, 0 %, 35270 MiB, 37.28 W
2026/09/20 13:01:48.554, 0, 0 %, 0 %, 35271 MiB, 38.86 W
2026/09/20 13:01:48.554, 1, 0 %, 0 %, 35270 MiB, 38.45 W
2026/09/20 13:01:48.555, 2, 0 %, 0 %, 35270 MiB, 37.24 W
2026/09/20 13:01:53.556, 0, 0 %, 0 %, 35271 MiB, 38.94 W
2026/09/20 13:01:53.556, 1, 0 %, 0 %, 35270 MiB, 38.52 W
2026/09/20 13:01:53.557, 2, 0 %, 0 %, 35270 MiB, 37.33 W
2026/09/20 13:01:58.557, 0, 0 %, 0 %, 35271 MiB, 38.98 W
2026/09/20 13:01:58.557, 1, 0 %, 0 %, 35270 MiB, 38.54 W
2026/09/20 13:01:58.558, 2, 0 %, 0 %, 35270 MiB, 37.35 W
2026/09/20 13:02:03.559, 0, 0 %, 0 %, 35271 MiB, 39.16 W
2026/09/20 13:02:03.560, 1, 0 %, 0 %, 35270 MiB, 38.53 W
2026/09/20 13:02:03.560, 2, 0 %, 0 %, 35270 MiB, 37.35 W
2026/09/20 13:02:08.560, 0, 0 %, 0 %, 35271 MiB, 38.96 W
2026/09/20 13:02:08.561, 1, 0 %, 0 %, 35270 MiB, 38.54 W
2026/09/20 13:02:08.561, 2, 0 %, 0 %, 35270 MiB, 37.35 W
2026/09/20 13:02:13.570, 0, 0 %, 0 %, 35271 MiB, 38.99 W
2026/09/20 13:02:13.570, 1, 0 %, 0 %, 35270 MiB, 38.65 W
2026/09/20 13:02:13.571, 2, 0 %, 0 %, 35270 MiB, 37.26 W
2026/09/20 13:02:18.572, 0, 0 %, 0 %, 35271 MiB, 38.96 W
2026/09/20 13:02:18.572, 1, 0 %, 0 %, 35270 MiB, 38.53 W
2026/09/20 13:02:18.572, 2, 0 %, 0 %, 35270 MiB, 37.54 W
2026/09/20 13:02:23.574, 0, 0 %, 0 %, 35271 MiB, 39.05 W
2026/09/20 13:02:23.575, 1, 0 %, 0 %, 35270 MiB, 38.34 W
2026/09/20 13:02:23.575, 2, 0 %, 0 %, 35270 MiB, 37.23 W
2026/09/20 13:02:28.575, 0, 0 %, 0 %, 35271 MiB, 38.96 W
2026/09/20 13:02:28.576, 1, 0 %, 0 %, 35270 MiB, 38.23 W
2026/09/20 13:02:28.576, 2, 0 %, 0 %, 35270 MiB, 37.33 W
2026/09/20 13:02:33.576, 0, 0 %, 0 %, 35271 MiB, 39.04 W
2026/09/20 13:02:33.577, 1, 0 %, 0 %, 35270 MiB, 38.44 W
2026/09/20 13:02:33.577, 2, 0 %, 0 %, 35270 MiB, 37.24 W
2026/09/20 13:02:38.578, 0, 0 %, 0 %, 35271 MiB, 38.74 W
2026/09/20 13:02:38.578, 1, 0 %, 0 %, 35270 MiB, 38.12 W
2026/09/20 13:02:38.579, 2, 0 %, 0 %, 35270 MiB, 37.53 W
2026/09/20 13:02:43.580, 0, 0 %, 0 %, 35271 MiB, 38.78 W
2026/09/20 13:02:43.580, 1, 0 %, 0 %, 35270 MiB, 38.15 W
2026/09/20 13:02:43.581, 2, 0 %, 0 %, 35270 MiB, 37.26 W
2026/09/20 13:02:48.581, 0, 0 %, 0 %, 35271 MiB, 38.76 W
2026/09/20 13:02:48.582, 1, 0 %, 0 %, 35270 MiB, 38.44 W
2026/09/20 13:02:48.582, 2, 0 %, 0 %, 35270 MiB, 37.24 W
2026/09/20 13:02:53.583, 0, 0 %, 0 %, 35271 MiB, 38.75 W
2026/09/20 13:02:53.584, 1, 0 %, 0 %, 35270 MiB, 38.32 W
2026/09/20 13:02:53.584, 2, 0 %, 0 %, 35270 MiB, 37.14 W
2026/09/20 13:02:58.587, 0, 0 %, 0 %, 35271 MiB, 38.96 W
2026/09/20 13:02:58.588, 1, 0 %, 0 %, 35270 MiB, 38.22 W
2026/09/20 13:02:58.588, 2, 0 %, 0 %, 35270 MiB, 37.23 W
2026/09/20 13:03:03.589, 0, 0 %, 0 %, 35271 MiB, 38.86 W
2026/09/20 13:03:03.590, 1, 0 %, 0 %, 35270 MiB, 38.23 W
2026/09/20 13:03:03.590, 2, 0 %, 0 %, 35270 MiB, 37.14 W
2026/09/20 13:03:08.590, 0, 0 %, 0 %, 35271 MiB, 38.75 W
2026/09/20 13:03:08.591, 1, 0 %, 0 %, 35270 MiB, 38.44 W
2026/09/20 13:03:08.591, 2, 0 %, 0 %, 35270 MiB, 37.05 W
2026/09/20 13:03:13.593, 0, 0 %, 0 %, 35271 MiB, 38.85 W
2026/09/20 13:03:13.594, 1, 0 %, 0 %, 35270 MiB, 38.34 W
2026/09/20 13:03:13.594, 2, 0 %, 0 %, 35270 MiB, 37.13 W
2026/09/20 13:03:18.595, 0, 0 %, 0 %, 35271 MiB, 38.99 W
2026/09/20 13:03:18.596, 1, 0 %, 0 %, 35270 MiB, 38.23 W
2026/09/20 13:03:18.596, 2, 0 %, 0 %, 35270 MiB, 37.25 W
2026/09/20 13:03:23.596, 0, 0 %, 0 %, 35271 MiB, 38.78 W
2026/09/20 13:03:23.596, 1, 0 %, 0 %, 35270 MiB, 38.56 W
2026/09/20 13:03:23.597, 2, 0 %, 0 %, 35270 MiB, 37.25 W
2026/09/20 13:03:28.597, 0, 0 %, 0 %, 35271 MiB, 38.89 W
2026/09/20 13:03:28.597, 1, 0 %, 0 %, 35270 MiB, 38.15 W
2026/09/20 13:03:28.597, 2, 0 %, 0 %, 35270 MiB, 37.25 W
2026/09/20 13:03:33.598, 0, 0 %, 0 %, 35271 MiB, 39.07 W
2026/09/20 13:03:33.599, 1, 0 %, 0 %, 35270 MiB, 38.25 W
2026/09/20 13:03:33.599, 2, 0 %, 0 %, 35270 MiB, 37.35 W
2026/09/20 13:03:38.599, 0, 0 %, 0 %, 35271 MiB, 39.01 W
2026/09/20 13:03:38.600, 1, 0 %, 0 %, 35270 MiB, 38.39 W
2026/09/20 13:03:38.600, 2, 0 %, 0 %, 35270 MiB, 37.39 W
2026/09/20 13:03:43.601, 0, 0 %, 0 %, 35271 MiB, 39.01 W
2026/09/20 13:03:43.601, 1, 0 %, 0 %, 35270 MiB, 38.39 W
2026/09/20 13:03:43.602, 2, 0 %, 0 %, 35270 MiB, 37.49 W
2026/09/20 13:03:48.603, 0, 0 %, 0 %, 35271 MiB, 38.91 W
2026/09/20 13:03:48.603, 1, 0 %, 0 %, 35270 MiB, 38.39 W
2026/09/20 13:03:48.603, 2, 0 %, 0 %, 35270 MiB, 37.38 W
2026/09/20 13:03:53.604, 0, 0 %, 0 %, 35271 MiB, 38.99 W
2026/09/20 13:03:53.604, 1, 0 %, 0 %, 35270 MiB, 38.35 W
2026/09/20 13:03:53.604, 2, 0 %, 0 %, 35270 MiB, 37.58 W
2026/09/20 13:03:58.606, 0, 0 %, 0 %, 35271 MiB, 38.89 W
2026/09/20 13:03:58.606, 1, 0 %, 0 %, 35270 MiB, 38.56 W
2026/09/20 13:03:58.606, 2, 0 %, 0 %, 35270 MiB, 37.26 W
2026/09/20 13:04:03.607, 0, 0 %, 0 %, 35271 MiB, 38.86 W
2026/09/20 13:04:03.608, 1, 0 %, 0 %, 35270 MiB, 38.45 W
2026/09/20 13:04:03.608, 2, 0 %, 0 %, 35270 MiB, 37.25 W
2026/09/20 13:04:08.609, 0, 0 %, 0 %, 35271 MiB, 38.99 W
2026/09/20 13:04:08.609, 1, 0 %, 0 %, 35270 MiB, 38.46 W
2026/09/20 13:04:08.610, 2, 0 %, 0 %, 35270 MiB, 37.26 W
2026/09/20 13:04:13.610, 0, 0 %, 0 %, 35271 MiB, 39.09 W
2026/09/20 13:04:13.611, 1, 0 %, 0 %, 35270 MiB, 38.49 W
2026/09/20 13:04:13.611, 2, 0 %, 0 %, 35270 MiB, 37.49 W
2026/09/20 13:04:18.611, 0, 0 %, 0 %, 35271 MiB, 39.11 W
2026/09/20 13:04:18.612, 1, 0 %, 0 %, 35270 MiB, 38.58 W
2026/09/20 13:04:18.612, 2, 0 %, 0 %, 35270 MiB, 37.28 W
2026/09/20 13:04:23.612, 0, 0 %, 0 %, 35271 MiB, 39.01 W
2026/09/20 13:04:23.613, 1, 0 %, 0 %, 35270 MiB, 38.49 W
2026/09/20 13:04:23.613, 2, 0 %, 0 %, 35270 MiB, 37.39 W
2026/09/20 13:04:28.614, 0, 0 %, 0 %, 35271 MiB, 39.09 W
2026/09/20 13:04:28.614, 1, 0 %, 0 %, 35270 MiB, 38.46 W
2026/09/20 13:04:28.614, 2, 0 %, 0 %, 35270 MiB, 37.26 W
2026/09/20 13:04:33.615, 0, 0 %, 0 %, 35271 MiB, 39.18 W
2026/09/20 13:04:33.616, 1, 0 %, 0 %, 35270 MiB, 38.65 W
2026/09/20 13:04:33.616, 2, 0 %, 0 %, 35270 MiB, 37.56 W
2026/09/20 13:04:38.617, 0, 0 %, 0 %, 35271 MiB, 39.07 W
2026/09/20 13:04:38.617, 1, 0 %, 0 %, 35270 MiB, 38.45 W
2026/09/20 13:04:38.617, 2, 0 %, 0 %, 35270 MiB, 37.46 W
2026/09/20 13:04:43.619, 0, 0 %, 0 %, 35271 MiB, 39.06 W
2026/09/20 13:04:43.619, 1, 0 %, 0 %, 35270 MiB, 38.44 W
2026/09/20 13:04:43.620, 2, 0 %, 0 %, 35270 MiB, 37.44 W
2026/09/20 13:04:48.621, 0, 0 %, 0 %, 35271 MiB, 39.28 W
2026/09/20 13:04:48.621, 1, 0 %, 0 %, 35270 MiB, 38.34 W
2026/09/20 13:04:48.621, 2, 0 %, 0 %, 35270 MiB, 37.35 W
2026/09/20 13:04:53.623, 0, 0 %, 0 %, 35271 MiB, 38.98 W
2026/09/20 13:04:53.623, 1, 0 %, 0 %, 35270 MiB, 38.45 W
2026/09/20 13:04:53.623, 2, 0 %, 0 %, 35270 MiB, 37.56 W
2026/09/20 13:04:58.625, 0, 0 %, 0 %, 35271 MiB, 38.97 W
2026/09/20 13:04:58.625, 1, 0 %, 0 %, 35270 MiB, 38.44 W
2026/09/20 13:04:58.626, 2, 0 %, 0 %, 35270 MiB, 37.44 W
2026/09/20 13:05:03.626, 0, 0 %, 0 %, 35271 MiB, 38.87 W
2026/09/20 13:05:03.626, 1, 0 %, 0 %, 35270 MiB, 38.44 W
2026/09/20 13:05:03.627, 2, 0 %, 0 %, 35270 MiB, 37.24 W
2026/09/20 13:05:08.635, 0, 0 %, 0 %, 35271 MiB, 39.06 W
2026/09/20 13:05:08.636, 1, 0 %, 0 %, 35270 MiB, 38.63 W
2026/09/20 13:05:08.636, 2, 0 %, 0 %, 35270 MiB, 37.24 W
2026/09/20 13:05:13.637, 0, 0 %, 0 %, 35271 MiB, 38.97 W
2026/09/20 13:05:13.637, 1, 0 %, 0 %, 35270 MiB, 38.44 W
2026/09/20 13:05:13.637, 2, 0 %, 0 %, 35270 MiB, 37.35 W
2026/09/20 13:05:18.639, 0, 0 %, 0 %, 35271 MiB, 39.08 W
2026/09/20 13:05:18.650, 1, 0 %, 0 %, 35270 MiB, 38.46 W
2026/09/20 13:05:18.651, 2, 0 %, 0 %, 35270 MiB, 37.26 W
2026/09/20 13:05:23.663, 0, 0 %, 0 %, 35271 MiB, 39.08 W
2026/09/20 13:05:23.664, 1, 0 %, 0 %, 35270 MiB, 38.56 W
2026/09/20 13:05:23.664, 2, 0 %, 0 %, 35270 MiB, 37.36 W
2026/09/20 13:05:28.670, 0, 0 %, 0 %, 35271 MiB, 39.17 W
2026/09/20 13:05:28.670, 1, 0 %, 0 %, 35270 MiB, 38.63 W
2026/09/20 13:05:28.670, 2, 0 %, 0 %, 35270 MiB, 37.35 W
2026/09/20 13:05:33.671, 0, 0 %, 0 %, 35271 MiB, 39.16 W
2026/09/20 13:05:33.671, 1, 0 %, 0 %, 35270 MiB, 38.63 W
2026/09/20 13:05:33.672, 2, 0 %, 0 %, 35270 MiB, 37.44 W
2026/09/20 13:05:38.675, 0, 0 %, 0 %, 35271 MiB, 39.16 W
2026/09/20 13:05:38.675, 1, 0 %, 0 %, 35270 MiB, 38.63 W
2026/09/20 13:05:38.676, 2, 0 %, 0 %, 35270 MiB, 37.44 W
2026/09/20 13:05:43.678, 0, 0 %, 0 %, 35271 MiB, 39.07 W
2026/09/20 13:05:43.678, 1, 0 %, 0 %, 35270 MiB, 38.34 W
2026/09/20 13:05:43.678, 2, 0 %, 0 %, 35270 MiB, 37.36 W
2026/09/20 13:05:48.680, 0, 0 %, 0 %, 35271 MiB, 39.16 W
2026/09/20 13:05:48.680, 1, 0 %, 0 %, 35270 MiB, 38.44 W
2026/09/20 13:05:48.680, 2, 0 %, 0 %, 35270 MiB, 37.65 W
2026/09/20 13:05:53.683, 0, 0 %, 0 %, 35271 MiB, 39.17 W
2026/09/20 13:05:53.683, 1, 0 %, 0 %, 35270 MiB, 38.33 W
2026/09/20 13:05:53.683, 2, 0 %, 0 %, 35270 MiB, 37.45 W
2026/09/20 13:05:58.687, 0, 0 %, 0 %, 35271 MiB, 38.97 W
2026/09/20 13:05:58.687, 1, 0 %, 0 %, 35270 MiB, 38.44 W
2026/09/20 13:05:58.687, 2, 0 %, 0 %, 35270 MiB, 37.47 W
2026/09/20 13:06:03.688, 0, 0 %, 0 %, 35271 MiB, 39.06 W
2026/09/20 13:06:03.689, 1, 0 %, 0 %, 35270 MiB, 38.63 W
2026/09/20 13:06:03.689, 2, 0 %, 0 %, 35270 MiB, 37.35 W
2026/09/20 13:06:08.689, 0, 0 %, 0 %, 35271 MiB, 38.99 W
2026/09/20 13:06:08.690, 1, 0 %, 0 %, 35270 MiB, 38.36 W
2026/09/20 13:06:08.690, 2, 0 %, 0 %, 35270 MiB, 37.56 W
2026/09/20 13:06:13.694, 0, 0 %, 0 %, 35271 MiB, 38.99 W
2026/09/20 13:06:13.694, 1, 0 %, 0 %, 35270 MiB, 38.35 W
2026/09/20 13:06:13.695, 2, 0 %, 0 %, 35270 MiB, 37.26 W
2026/09/20 13:06:18.696, 0, 0 %, 0 %, 35271 MiB, 38.99 W
2026/09/20 13:06:18.696, 1, 0 %, 0 %, 35270 MiB, 38.35 W
2026/09/20 13:06:18.696, 2, 0 %, 0 %, 35270 MiB, 37.25 W
2026/09/20 13:06:23.698, 0, 0 %, 0 %, 35271 MiB, 38.99 W
2026/09/20 13:06:23.698, 1, 0 %, 0 %, 35270 MiB, 38.56 W
2026/09/20 13:06:23.699, 2, 0 %, 0 %, 35270 MiB, 37.26 W
2026/09/20 13:06:28.699, 0, 0 %, 0 %, 35271 MiB, 39.11 W
2026/09/20 13:06:28.700, 1, 0 %, 0 %, 35270 MiB, 38.49 W
2026/09/20 13:06:28.700, 2, 0 %, 0 %, 35270 MiB, 37.37 W
2026/09/20 13:06:33.700, 0, 0 %, 0 %, 35271 MiB, 39.10 W
2026/09/20 13:06:33.700, 1, 0 %, 0 %, 35270 MiB, 38.48 W
2026/09/20 13:06:33.700, 2, 0 %, 0 %, 35270 MiB, 37.39 W
2026/09/20 13:06:38.701, 0, 0 %, 0 %, 35271 MiB, 39.22 W
2026/09/20 13:06:38.701, 1, 0 %, 0 %, 35270 MiB, 38.68 W
2026/09/20 13:06:38.701, 2, 0 %, 0 %, 35270 MiB, 37.49 W
2026/09/20 13:06:43.702, 0, 0 %, 0 %, 35271 MiB, 38.82 W
2026/09/20 13:06:43.702, 1, 0 %, 0 %, 35270 MiB, 38.69 W
2026/09/20 13:06:43.702, 2, 0 %, 0 %, 35270 MiB, 37.51 W
2026/09/20 13:06:48.703, 0, 0 %, 0 %, 35271 MiB, 39.31 W
2026/09/20 13:06:48.703, 1, 0 %, 0 %, 35270 MiB, 38.49 W
2026/09/20 13:06:48.703, 2, 0 %, 0 %, 35270 MiB, 37.71 W
2026/09/20 13:06:53.703, 0, 0 %, 0 %, 35271 MiB, 39.31 W
2026/09/20 13:06:53.703, 1, 0 %, 0 %, 35270 MiB, 38.58 W
2026/09/20 13:06:53.703, 2, 0 %, 0 %, 35270 MiB, 37.49 W
2026/09/20 13:06:58.704, 0, 0 %, 0 %, 35271 MiB, 39.61 W
2026/09/20 13:06:58.704, 1, 0 %, 0 %, 35270 MiB, 39.37 W
2026/09/20 13:06:58.704, 2, 0 %, 0 %, 35270 MiB, 37.59 W
2026/09/20 13:07:03.704, 0, 0 %, 0 %, 35271 MiB, 39.31 W
2026/09/20 13:07:03.705, 1, 0 %, 0 %, 35270 MiB, 38.59 W
2026/09/20 13:07:03.705, 2, 0 %, 0 %, 35270 MiB, 37.61 W
2026/09/20 13:07:08.705, 0, 0 %, 0 %, 35271 MiB, 39.12 W
2026/09/20 13:07:08.705, 1, 0 %, 0 %, 35270 MiB, 38.60 W
2026/09/20 13:07:08.705, 2, 0 %, 0 %, 35270 MiB, 37.59 W
2026/09/20 13:07:13.706, 0, 0 %, 0 %, 35271 MiB, 39.22 W
2026/09/20 13:07:13.706, 1, 0 %, 0 %, 35270 MiB, 38.59 W
2026/09/20 13:07:13.706, 2, 0 %, 0 %, 35270 MiB, 37.69 W
2026/09/20 13:07:18.706, 0, 0 %, 0 %, 35271 MiB, 39.31 W
2026/09/20 13:07:18.707, 1, 0 %, 0 %, 35270 MiB, 38.78 W
2026/09/20 13:07:18.707, 2, 0 %, 0 %, 35270 MiB, 37.50 W
2026/09/20 13:07:23.707, 0, 0 %, 0 %, 35271 MiB, 39.31 W
2026/09/20 13:07:23.707, 1, 0 %, 0 %, 35270 MiB, 38.69 W
2026/09/20 13:07:23.707, 2, 0 %, 0 %, 35270 MiB, 37.59 W
2026/09/20 13:07:28.708, 0, 0 %, 0 %, 35271 MiB, 39.31 W
2026/09/20 13:07:28.708, 1, 0 %, 0 %, 35270 MiB, 38.80 W
2026/09/20 13:07:28.708, 2, 0 %, 0 %, 35270 MiB, 37.60 W
2026/09/20 13:07:33.710, 0, 100 %, 7 %, 35271 MiB, 89.29 W
2026/09/20 13:07:33.710, 1, 100 %, 7 %, 35270 MiB, 87.84 W
2026/09/20 13:07:33.710, 2, 100 %, 11 %, 35270 MiB, 150.00 W
2026/09/20 13:07:38.710, 0, 99 %, 14 %, 35271 MiB, 92.87 W
2026/09/20 13:07:38.710, 1, 100 %, 11 %, 35270 MiB, 87.67 W
2026/09/20 13:07:38.710, 2, 100 %, 7 %, 35270 MiB, 93.78 W
2026/09/20 13:07:43.711, 0, 100 %, 7 %, 35271 MiB, 92.18 W
2026/09/20 13:07:43.711, 1, 100 %, 10 %, 35270 MiB, 94.08 W
2026/09/20 13:07:43.711, 2, 100 %, 6 %, 35270 MiB, 100.32 W
2026/09/20 13:07:48.712, 0, 100 %, 7 %, 35271 MiB, 96.01 W
2026/09/20 13:07:48.712, 1, 100 %, 11 %, 35270 MiB, 92.74 W
2026/09/20 13:07:48.712, 2, 100 %, 7 %, 35270 MiB, 93.26 W
2026/09/20 13:07:53.712, 0, 100 %, 7 %, 35271 MiB, 88.96 W
2026/09/20 13:07:53.712, 1, 100 %, 7 %, 35270 MiB, 165.61 W
2026/09/20 13:07:53.712, 2, 100 %, 7 %, 35270 MiB, 91.16 W
2026/09/20 13:07:58.713, 0, 100 %, 7 %, 35271 MiB, 93.43 W
2026/09/20 13:07:58.713, 1, 100 %, 7 %, 35270 MiB, 93.01 W
2026/09/20 13:07:58.713, 2, 100 %, 7 %, 35270 MiB, 93.75 W
2026/09/20 13:08:03.714, 0, 100 %, 7 %, 35271 MiB, 93.70 W
2026/09/20 13:08:03.714, 1, 100 %, 13 %, 35270 MiB, 96.99 W
2026/09/20 13:08:03.714, 2, 100 %, 12 %, 35270 MiB, 151.82 W
2026/09/20 13:08:08.715, 0, 100 %, 7 %, 35271 MiB, 93.28 W
2026/09/20 13:08:08.715, 1, 100 %, 9 %, 35270 MiB, 93.10 W
2026/09/20 13:08:08.715, 2, 100 %, 7 %, 35270 MiB, 92.01 W
2026/09/20 13:08:13.715, 0, 100 %, 19 %, 35271 MiB, 94.98 W
2026/09/20 13:08:13.715, 1, 100 %, 7 %, 35270 MiB, 125.71 W
2026/09/20 13:08:13.715, 2, 100 %, 15 %, 35270 MiB, 87.27 W
2026/09/20 13:08:18.716, 0, 100 %, 6 %, 35271 MiB, 94.15 W
2026/09/20 13:08:18.716, 1, 100 %, 7 %, 35270 MiB, 94.65 W
2026/09/20 13:08:18.716, 2, 100 %, 11 %, 35270 MiB, 91.89 W
2026/09/20 13:08:23.717, 0, 100 %, 7 %, 35271 MiB, 94.92 W
2026/09/20 13:08:23.717, 1, 100 %, 7 %, 35270 MiB, 96.69 W
2026/09/20 13:08:23.717, 2, 100 %, 14 %, 35270 MiB, 92.02 W
2026/09/20 13:08:28.717, 0, 100 %, 7 %, 35271 MiB, 96.23 W
2026/09/20 13:08:28.717, 1, 100 %, 11 %, 35270 MiB, 93.23 W
2026/09/20 13:08:28.717, 2, 100 %, 7 %, 35270 MiB, 96.91 W
2026/09/20 13:08:33.718, 0, 56 %, 4 %, 35271 MiB, 82.03 W
2026/09/20 13:08:33.718, 1, 55 %, 4 %, 35270 MiB, 81.15 W
2026/09/20 13:08:33.718, 2, 100 %, 11 %, 35270 MiB, 94.35 W
2026/09/20 13:08:38.719, 0, 0 %, 0 %, 35271 MiB, 41.79 W
2026/09/20 13:08:38.719, 1, 0 %, 0 %, 35270 MiB, 41.05 W
2026/09/20 13:08:38.720, 2, 0 %, 0 %, 35270 MiB, 40.25 W
2026/09/20 13:08:43.721, 0, 0 %, 0 %, 35271 MiB, 41.64 W
2026/09/20 13:08:43.721, 1, 0 %, 0 %, 35270 MiB, 41.31 W
2026/09/20 13:08:43.721, 2, 0 %, 0 %, 35270 MiB, 40.03 W
2026/09/20 13:08:48.723, 0, 0 %, 0 %, 35271 MiB, 40.93 W
2026/09/20 13:08:48.723, 1, 0 %, 0 %, 35270 MiB, 41.10 W
2026/09/20 13:08:48.723, 2, 0 %, 0 %, 35270 MiB, 39.72 W
2026/09/20 13:08:53.725, 0, 0 %, 0 %, 35271 MiB, 41.14 W
2026/09/20 13:08:53.725, 1, 0 %, 0 %, 35270 MiB, 41.00 W
2026/09/20 13:08:53.726, 2, 0 %, 0 %, 35270 MiB, 39.43 W
2026/09/20 13:08:58.727, 0, 0 %, 0 %, 35271 MiB, 41.04 W
2026/09/20 13:08:58.727, 1, 0 %, 0 %, 35270 MiB, 40.22 W
2026/09/20 13:08:58.728, 2, 0 %, 0 %, 35270 MiB, 39.35 W
2026/09/20 13:09:03.728, 0, 0 %, 0 %, 35271 MiB, 40.73 W
2026/09/20 13:09:03.729, 1, 0 %, 0 %, 35270 MiB, 39.81 W
2026/09/20 13:09:03.729, 2, 0 %, 0 %, 35270 MiB, 39.23 W
2026/09/20 13:09:08.729, 0, 0 %, 0 %, 35271 MiB, 40.75 W
2026/09/20 13:09:08.730, 1, 0 %, 0 %, 35270 MiB, 39.72 W
2026/09/20 13:09:08.730, 2, 0 %, 0 %, 35270 MiB, 39.33 W
2026/09/20 13:09:13.731, 0, 0 %, 0 %, 35271 MiB, 40.84 W
2026/09/20 13:09:13.732, 1, 0 %, 0 %, 35270 MiB, 39.61 W
2026/09/20 13:09:13.732, 2, 0 %, 0 %, 35270 MiB, 39.23 W
2026/09/20 13:09:18.732, 0, 0 %, 0 %, 35271 MiB, 40.23 W
2026/09/20 13:09:18.733, 1, 0 %, 0 %, 35270 MiB, 40.01 W
2026/09/20 13:09:18.733, 2, 0 %, 0 %, 35270 MiB, 39.13 W
2026/09/20 13:09:23.734, 0, 0 %, 0 %, 35271 MiB, 40.34 W
2026/09/20 13:09:23.734, 1, 0 %, 0 %, 35270 MiB, 39.82 W
2026/09/20 13:09:23.735, 2, 0 %, 0 %, 35270 MiB, 39.13 W
2026/09/20 13:09:28.735, 0, 0 %, 0 %, 35271 MiB, 40.15 W
2026/09/20 13:09:28.736, 1, 0 %, 0 %, 35270 MiB, 40.23 W
2026/09/20 13:09:28.736, 2, 0 %, 0 %, 35270 MiB, 38.96 W
2026/09/20 13:09:33.737, 0, 0 %, 0 %, 35271 MiB, 40.26 W
2026/09/20 13:09:33.737, 1, 0 %, 0 %, 35270 MiB, 39.84 W
2026/09/20 13:09:33.738, 2, 0 %, 0 %, 35270 MiB, 38.65 W
2026/09/20 13:09:38.739, 0, 0 %, 0 %, 35271 MiB, 40.05 W
2026/09/20 13:09:38.739, 1, 0 %, 0 %, 35270 MiB, 39.41 W
2026/09/20 13:09:38.740, 2, 0 %, 0 %, 35270 MiB, 38.74 W
2026/09/20 13:09:43.741, 0, 0 %, 0 %, 35271 MiB, 40.13 W
2026/09/20 13:09:43.741, 1, 0 %, 0 %, 35270 MiB, 39.51 W
2026/09/20 13:09:43.742, 2, 0 %, 0 %, 35270 MiB, 38.73 W
2026/09/20 13:09:48.742, 0, 0 %, 0 %, 35271 MiB, 40.13 W
2026/09/20 13:09:48.743, 1, 0 %, 0 %, 35270 MiB, 39.72 W
2026/09/20 13:09:48.743, 2, 0 %, 0 %, 35270 MiB, 38.73 W
2026/09/20 13:09:53.744, 0, 0 %, 0 %, 35271 MiB, 39.84 W
2026/09/20 13:09:53.745, 1, 0 %, 0 %, 35270 MiB, 39.61 W
2026/09/20 13:09:53.745, 2, 0 %, 0 %, 35270 MiB, 38.53 W
2026/09/20 13:09:58.745, 0, 0 %, 0 %, 35271 MiB, 39.89 W
2026/09/20 13:09:58.746, 1, 0 %, 0 %, 35270 MiB, 39.46 W
2026/09/20 13:09:58.746, 2, 0 %, 0 %, 35270 MiB, 38.78 W
2026/09/20 13:10:03.746, 0, 0 %, 0 %, 35271 MiB, 39.41 W
2026/09/20 13:10:03.746, 1, 0 %, 0 %, 35270 MiB, 39.29 W
2026/09/20 13:10:03.746, 2, 0 %, 0 %, 35270 MiB, 38.58 W
2026/09/20 13:10:08.747, 0, 0 %, 0 %, 35271 MiB, 39.90 W
2026/09/20 13:10:08.747, 1, 0 %, 0 %, 35270 MiB, 39.18 W
2026/09/20 13:10:08.747, 2, 0 %, 0 %, 35270 MiB, 38.49 W
2026/09/20 13:10:13.747, 0, 0 %, 0 %, 35271 MiB, 39.91 W
2026/09/20 13:10:13.748, 1, 0 %, 0 %, 35270 MiB, 39.27 W
2026/09/20 13:10:13.748, 2, 0 %, 0 %, 35270 MiB, 38.60 W
2026/09/20 13:10:18.748, 0, 0 %, 0 %, 35271 MiB, 39.92 W
2026/09/20 13:10:18.748, 1, 0 %, 0 %, 35270 MiB, 39.08 W
2026/09/20 13:10:18.748, 2, 0 %, 0 %, 35270 MiB, 38.68 W
2026/09/20 13:10:23.749, 0, 0 %, 0 %, 35271 MiB, 39.90 W
2026/09/20 13:10:23.749, 1, 0 %, 0 %, 35270 MiB, 39.19 W
2026/09/20 13:10:23.749, 2, 0 %, 0 %, 35270 MiB, 38.49 W
2026/09/20 13:10:28.750, 0, 0 %, 0 %, 35271 MiB, 39.80 W
2026/09/20 13:10:28.750, 1, 0 %, 0 %, 35270 MiB, 39.00 W
2026/09/20 13:10:28.750, 2, 0 %, 0 %, 35270 MiB, 38.48 W
2026/09/20 13:10:33.750, 0, 0 %, 0 %, 35271 MiB, 39.71 W
2026/09/20 13:10:33.750, 1, 0 %, 0 %, 35270 MiB, 39.07 W
2026/09/20 13:10:33.750, 2, 0 %, 0 %, 35270 MiB, 38.58 W
2026/09/20 13:10:38.751, 0, 0 %, 0 %, 35271 MiB, 39.70 W
2026/09/20 13:10:38.751, 1, 0 %, 0 %, 35270 MiB, 38.97 W
2026/09/20 13:10:38.751, 2, 0 %, 0 %, 35270 MiB, 38.48 W
2026/09/20 13:10:43.752, 0, 0 %, 0 %, 35271 MiB, 39.80 W
2026/09/20 13:10:43.752, 1, 0 %, 0 %, 35270 MiB, 39.08 W
2026/09/20 13:10:43.752, 2, 0 %, 0 %, 35270 MiB, 38.40 W
2026/09/20 13:10:48.753, 0, 0 %, 0 %, 35271 MiB, 39.80 W
2026/09/20 13:10:48.753, 1, 0 %, 0 %, 35270 MiB, 38.98 W
2026/09/20 13:10:48.753, 2, 0 %, 0 %, 35270 MiB, 38.40 W
2026/09/20 13:10:53.753, 0, 0 %, 0 %, 35271 MiB, 39.71 W
2026/09/20 13:10:53.753, 1, 0 %, 0 %, 35270 MiB, 39.09 W
2026/09/20 13:10:53.754, 2, 0 %, 0 %, 35270 MiB, 38.20 W
2026/09/20 13:10:58.754, 0, 0 %, 0 %, 35271 MiB, 39.71 W
2026/09/20 13:10:58.754, 1, 0 %, 0 %, 35270 MiB, 39.27 W
2026/09/20 13:10:58.754, 2, 0 %, 0 %, 35270 MiB, 38.50 W
2026/09/20 13:11:03.755, 0, 0 %, 0 %, 35271 MiB, 39.81 W
2026/09/20 13:11:03.755, 1, 0 %, 0 %, 35270 MiB, 39.09 W
2026/09/20 13:11:03.755, 2, 0 %, 0 %, 35270 MiB, 38.30 W
2026/09/20 13:11:08.756, 0, 0 %, 0 %, 35271 MiB, 39.33 W
2026/09/20 13:11:08.756, 1, 0 %, 0 %, 35270 MiB, 39.46 W
2026/09/20 13:11:08.756, 2, 0 %, 0 %, 35270 MiB, 38.19 W
2026/09/20 13:11:13.756, 0, 0 %, 0 %, 35271 MiB, 39.81 W
2026/09/20 13:11:13.756, 1, 0 %, 0 %, 35270 MiB, 39.46 W
2026/09/20 13:11:13.757, 2, 0 %, 0 %, 35270 MiB, 38.30 W
2026/09/20 13:11:18.757, 0, 0 %, 0 %, 35271 MiB, 39.80 W
2026/09/20 13:11:18.757, 1, 0 %, 0 %, 35270 MiB, 39.29 W
2026/09/20 13:11:18.757, 2, 0 %, 0 %, 35270 MiB, 38.40 W
2026/09/20 13:11:23.758, 0, 0 %, 0 %, 35271 MiB, 39.91 W
2026/09/20 13:11:23.759, 1, 0 %, 0 %, 35270 MiB, 38.89 W
2026/09/20 13:11:23.759, 2, 0 %, 0 %, 35270 MiB, 38.39 W
2026/09/20 13:11:28.759, 0, 0 %, 0 %, 35271 MiB, 39.81 W
2026/09/20 13:11:28.759, 1, 0 %, 0 %, 35270 MiB, 39.27 W
2026/09/20 13:11:28.760, 2, 0 %, 0 %, 35270 MiB, 38.31 W
2026/09/20 13:11:33.760, 0, 0 %, 0 %, 35271 MiB, 39.80 W
2026/09/20 13:11:33.761, 1, 0 %, 0 %, 35270 MiB, 39.18 W
2026/09/20 13:11:33.761, 2, 0 %, 0 %, 35270 MiB, 38.50 W
2026/09/20 13:11:38.761, 0, 0 %, 0 %, 35271 MiB, 39.71 W
2026/09/20 13:11:38.762, 1, 0 %, 0 %, 35270 MiB, 39.00 W
2026/09/20 13:11:38.762, 2, 0 %, 0 %, 35270 MiB, 38.30 W
2026/09/20 13:11:43.762, 0, 0 %, 0 %, 35271 MiB, 39.61 W
2026/09/20 13:11:43.762, 1, 0 %, 0 %, 35270 MiB, 38.99 W
2026/09/20 13:11:43.762, 2, 0 %, 0 %, 35270 MiB, 38.39 W
2026/09/20 13:11:48.763, 0, 0 %, 0 %, 35271 MiB, 39.61 W
2026/09/20 13:11:48.763, 1, 0 %, 0 %, 35270 MiB, 39.29 W
2026/09/20 13:11:48.763, 2, 0 %, 0 %, 35270 MiB, 38.11 W
2026/09/20 13:11:53.764, 0, 0 %, 0 %, 35271 MiB, 39.71 W
2026/09/20 13:11:53.764, 1, 0 %, 0 %, 35270 MiB, 39.09 W
2026/09/20 13:11:53.764, 2, 0 %, 0 %, 35270 MiB, 38.31 W
2026/09/20 13:11:58.765, 0, 0 %, 0 %, 35271 MiB, 39.71 W
2026/09/20 13:11:58.765, 1, 0 %, 0 %, 35270 MiB, 39.39 W
2026/09/20 13:11:58.765, 2, 0 %, 0 %, 35270 MiB, 38.20 W
2026/09/20 13:12:03.766, 0, 0 %, 0 %, 35271 MiB, 39.62 W
2026/09/20 13:12:03.766, 1, 0 %, 0 %, 35270 MiB, 38.97 W
2026/09/20 13:12:03.766, 2, 0 %, 0 %, 35270 MiB, 38.09 W
2026/09/20 13:12:08.766, 0, 0 %, 0 %, 35271 MiB, 39.61 W
2026/09/20 13:12:08.767, 1, 0 %, 0 %, 35270 MiB, 39.38 W
2026/09/20 13:12:08.767, 2, 0 %, 0 %, 35270 MiB, 38.12 W
2026/09/20 13:12:13.767, 0, 0 %, 0 %, 35271 MiB, 39.61 W
2026/09/20 13:12:13.768, 1, 0 %, 0 %, 35270 MiB, 39.39 W
2026/09/20 13:12:13.768, 2, 0 %, 0 %, 35270 MiB, 38.20 W
2026/09/20 13:12:18.768, 0, 0 %, 0 %, 35271 MiB, 39.41 W
2026/09/20 13:12:18.768, 1, 0 %, 0 %, 35270 MiB, 39.37 W
2026/09/20 13:12:18.769, 2, 0 %, 0 %, 35270 MiB, 38.09 W
2026/09/20 13:12:23.769, 0, 0 %, 0 %, 35271 MiB, 39.61 W
2026/09/20 13:12:23.769, 1, 0 %, 0 %, 35270 MiB, 38.89 W
2026/09/20 13:12:23.769, 2, 0 %, 0 %, 35270 MiB, 38.09 W
2026/09/20 13:12:28.770, 0, 0 %, 0 %, 35271 MiB, 39.71 W
2026/09/20 13:12:28.770, 1, 0 %, 0 %, 35270 MiB, 39.08 W
2026/09/20 13:12:28.771, 2, 0 %, 0 %, 35270 MiB, 38.39 W
2026/09/20 13:12:33.771, 0, 0 %, 0 %, 35271 MiB, 39.81 W
2026/09/20 13:12:33.771, 1, 0 %, 0 %, 35270 MiB, 38.80 W
2026/09/20 13:12:33.771, 2, 0 %, 0 %, 35270 MiB, 38.30 W
2026/09/20 13:12:38.772, 0, 0 %, 0 %, 35271 MiB, 39.71 W
2026/09/20 13:12:38.772, 1, 0 %, 0 %, 35270 MiB, 38.90 W
2026/09/20 13:12:38.772, 2, 0 %, 0 %, 35270 MiB, 38.19 W
2026/09/20 13:12:43.773, 0, 0 %, 0 %, 35271 MiB, 39.53 W
2026/09/20 13:12:43.773, 1, 0 %, 0 %, 35270 MiB, 38.90 W
2026/09/20 13:12:43.773, 2, 0 %, 0 %, 35270 MiB, 38.20 W
2026/09/20 13:12:48.773, 0, 0 %, 0 %, 35271 MiB, 39.51 W
2026/09/20 13:12:48.774, 1, 0 %, 0 %, 35270 MiB, 39.00 W
2026/09/20 13:12:48.774, 2, 0 %, 0 %, 35270 MiB, 38.21 W
2026/09/20 13:12:53.774, 0, 0 %, 0 %, 35271 MiB, 39.62 W
2026/09/20 13:12:53.774, 1, 0 %, 0 %, 35270 MiB, 38.90 W
2026/09/20 13:12:53.774, 2, 0 %, 0 %, 35270 MiB, 37.91 W
2026/09/20 13:12:58.775, 0, 0 %, 0 %, 35271 MiB, 39.52 W
2026/09/20 13:12:58.775, 1, 0 %, 0 %, 35270 MiB, 38.80 W
2026/09/20 13:12:58.775, 2, 0 %, 0 %, 35270 MiB, 38.01 W
2026/09/20 13:13:03.776, 0, 0 %, 0 %, 35271 MiB, 39.52 W
2026/09/20 13:13:03.776, 1, 0 %, 0 %, 35270 MiB, 39.49 W
2026/09/20 13:13:03.776, 2, 0 %, 0 %, 35270 MiB, 38.01 W
2026/09/20 13:13:08.777, 0, 0 %, 0 %, 35271 MiB, 39.51 W
2026/09/20 13:13:08.777, 1, 0 %, 0 %, 35270 MiB, 39.58 W
2026/09/20 13:13:08.777, 2, 0 %, 0 %, 35270 MiB, 37.99 W
2026/09/20 13:13:13.777, 0, 0 %, 0 %, 35271 MiB, 39.51 W
2026/09/20 13:13:13.778, 1, 0 %, 0 %, 35270 MiB, 39.58 W
2026/09/20 13:13:13.778, 2, 0 %, 0 %, 35270 MiB, 38.11 W
2026/09/20 13:13:18.778, 0, 0 %, 0 %, 35271 MiB, 39.62 W
2026/09/20 13:13:18.778, 1, 0 %, 0 %, 35270 MiB, 39.57 W
2026/09/20 13:13:18.778, 2, 0 %, 0 %, 35270 MiB, 37.90 W
2026/09/20 13:13:23.779, 0, 0 %, 0 %, 35271 MiB, 39.51 W
2026/09/20 13:13:23.779, 1, 0 %, 0 %, 35270 MiB, 39.79 W
2026/09/20 13:13:23.779, 2, 0 %, 0 %, 35270 MiB, 38.31 W
2026/09/20 13:13:28.780, 0, 0 %, 0 %, 35271 MiB, 39.31 W
2026/09/20 13:13:28.780, 1, 0 %, 0 %, 35270 MiB, 39.68 W
2026/09/20 13:13:28.780, 2, 0 %, 0 %, 35270 MiB, 38.10 W
2026/09/20 13:13:33.781, 0, 0 %, 0 %, 35271 MiB, 39.51 W
2026/09/20 13:13:33.781, 1, 0 %, 0 %, 35270 MiB, 39.37 W
2026/09/20 13:13:33.781, 2, 0 %, 0 %, 35270 MiB, 38.09 W
2026/09/20 13:13:38.781, 0, 0 %, 0 %, 35271 MiB, 39.62 W
2026/09/20 13:13:38.782, 1, 0 %, 0 %, 35270 MiB, 39.68 W
2026/09/20 13:13:38.782, 2, 0 %, 0 %, 35270 MiB, 38.11 W
2026/09/20 13:13:43.782, 0, 0 %, 0 %, 35271 MiB, 39.51 W
2026/09/20 13:13:43.782, 1, 0 %, 0 %, 35270 MiB, 39.47 W
2026/09/20 13:13:43.783, 2, 0 %, 0 %, 35270 MiB, 38.30 W
2026/09/20 13:13:48.783, 0, 0 %, 0 %, 35271 MiB, 39.52 W
2026/09/20 13:13:48.784, 1, 0 %, 0 %, 35270 MiB, 39.49 W
2026/09/20 13:13:48.784, 2, 0 %, 0 %, 35270 MiB, 38.11 W
2026/09/20 13:13:53.784, 0, 0 %, 0 %, 35271 MiB, 39.32 W
2026/09/20 13:13:53.785, 1, 0 %, 0 %, 35270 MiB, 39.49 W
2026/09/20 13:13:53.785, 2, 0 %, 0 %, 35270 MiB, 38.11 W
2026/09/20 13:13:58.786, 0, 0 %, 0 %, 35271 MiB, 39.33 W
2026/09/20 13:13:58.786, 1, 0 %, 0 %, 35270 MiB, 39.69 W
2026/09/20 13:13:58.786, 2, 0 %, 0 %, 35270 MiB, 38.02 W
2026/09/20 13:14:03.786, 0, 0 %, 0 %, 35271 MiB, 39.42 W
2026/09/20 13:14:03.786, 1, 0 %, 0 %, 35270 MiB, 39.48 W
2026/09/20 13:14:03.786, 2, 0 %, 0 %, 35270 MiB, 38.01 W
2026/09/20 13:14:08.787, 0, 0 %, 0 %, 35271 MiB, 39.41 W
2026/09/20 13:14:08.787, 1, 0 %, 0 %, 35270 MiB, 39.56 W
2026/09/20 13:14:08.787, 2, 0 %, 0 %, 35270 MiB, 38.01 W
2026/09/20 13:14:13.788, 0, 0 %, 0 %, 35271 MiB, 39.41 W
2026/09/20 13:14:13.788, 1, 0 %, 0 %, 35270 MiB, 39.77 W
2026/09/20 13:14:13.788, 2, 0 %, 0 %, 35270 MiB, 37.80 W
2026/09/20 13:14:18.794, 0, 0 %, 0 %, 35271 MiB, 39.41 W
2026/09/20 13:14:18.794, 1, 0 %, 0 %, 35270 MiB, 39.69 W
2026/09/20 13:14:18.794, 2, 0 %, 0 %, 35270 MiB, 37.90 W
2026/09/20 13:14:23.795, 0, 0 %, 0 %, 35271 MiB, 39.61 W
2026/09/20 13:14:23.795, 1, 0 %, 0 %, 35270 MiB, 39.48 W
2026/09/20 13:14:23.795, 2, 0 %, 0 %, 35270 MiB, 38.00 W
2026/09/20 13:14:28.796, 0, 0 %, 0 %, 35271 MiB, 39.41 W
2026/09/20 13:14:28.796, 1, 0 %, 0 %, 35270 MiB, 39.69 W
2026/09/20 13:14:28.796, 2, 0 %, 0 %, 35270 MiB, 37.80 W
2026/09/20 13:14:33.797, 0, 0 %, 0 %, 35271 MiB, 39.43 W
2026/09/20 13:14:33.797, 1, 0 %, 0 %, 35270 MiB, 39.59 W
2026/09/20 13:14:33.797, 2, 0 %, 0 %, 35270 MiB, 37.82 W
2026/09/20 13:14:38.797, 0, 0 %, 0 %, 35271 MiB, 39.41 W
2026/09/20 13:14:38.798, 1, 0 %, 0 %, 35270 MiB, 39.38 W
2026/09/20 13:14:38.798, 2, 0 %, 0 %, 35270 MiB, 37.90 W
2026/09/20 13:14:43.799, 0, 0 %, 0 %, 35271 MiB, 39.53 W
2026/09/20 13:14:43.799, 1, 0 %, 0 %, 35270 MiB, 39.38 W
2026/09/20 13:14:43.799, 2, 0 %, 0 %, 35270 MiB, 37.92 W
2026/09/20 13:14:48.799, 0, 0 %, 0 %, 35271 MiB, 39.52 W
2026/09/20 13:14:48.800, 1, 0 %, 0 %, 35270 MiB, 39.67 W
2026/09/20 13:14:48.800, 2, 0 %, 0 %, 35270 MiB, 38.01 W
2026/09/20 13:14:53.801, 0, 0 %, 0 %, 35271 MiB, 39.33 W
2026/09/20 13:14:53.801, 1, 0 %, 0 %, 35270 MiB, 39.49 W
2026/09/20 13:14:53.801, 2, 0 %, 0 %, 35270 MiB, 37.92 W
2026/09/20 13:14:58.801, 0, 0 %, 0 %, 35271 MiB, 39.43 W
2026/09/20 13:14:58.802, 1, 0 %, 0 %, 35270 MiB, 39.38 W
2026/09/20 13:14:58.802, 2, 0 %, 0 %, 35270 MiB, 38.21 W
2026/09/20 13:15:03.802, 0, 0 %, 0 %, 35271 MiB, 39.33 W
2026/09/20 13:15:03.802, 1, 0 %, 0 %, 35270 MiB, 39.39 W
2026/09/20 13:15:03.802, 2, 0 %, 0 %, 35270 MiB, 37.92 W
2026/09/20 13:15:08.802, 0, 0 %, 0 %, 35271 MiB, 39.22 W
2026/09/20 13:15:08.803, 1, 0 %, 0 %, 35270 MiB, 39.59 W
2026/09/20 13:15:08.803, 2, 0 %, 0 %, 35270 MiB, 37.82 W
2026/09/20 13:15:13.804, 0, 0 %, 0 %, 35271 MiB, 39.33 W
2026/09/20 13:15:13.804, 1, 0 %, 0 %, 35270 MiB, 39.59 W
2026/09/20 13:15:13.804, 2, 0 %, 0 %, 35270 MiB, 37.71 W
2026/09/20 13:15:18.805, 0, 0 %, 0 %, 35271 MiB, 39.51 W
2026/09/20 13:15:18.805, 1, 0 %, 0 %, 35270 MiB, 39.57 W
2026/09/20 13:15:18.805, 2, 0 %, 0 %, 35270 MiB, 38.01 W
2026/09/20 13:15:23.806, 0, 0 %, 0 %, 35271 MiB, 39.33 W
2026/09/20 13:15:23.806, 1, 0 %, 0 %, 35270 MiB, 39.69 W
2026/09/20 13:15:23.806, 2, 0 %, 0 %, 35270 MiB, 37.72 W
2026/09/20 13:15:28.807, 0, 0 %, 0 %, 35271 MiB, 39.42 W
2026/09/20 13:15:28.807, 1, 0 %, 0 %, 35270 MiB, 39.58 W
2026/09/20 13:15:28.807, 2, 0 %, 0 %, 35270 MiB, 37.82 W
2026/09/20 13:15:33.807, 0, 0 %, 0 %, 35271 MiB, 39.02 W
2026/09/20 13:15:33.807, 1, 0 %, 0 %, 35270 MiB, 39.56 W
2026/09/20 13:15:33.807, 2, 0 %, 0 %, 35270 MiB, 37.70 W
2026/09/20 13:15:38.808, 0, 0 %, 0 %, 35271 MiB, 39.42 W
2026/09/20 13:15:38.808, 1, 0 %, 0 %, 35270 MiB, 39.47 W
2026/09/20 13:15:38.808, 2, 0 %, 0 %, 35270 MiB, 38.01 W
2026/09/20 13:15:43.809, 0, 0 %, 0 %, 35271 MiB, 39.41 W
2026/09/20 13:15:43.809, 1, 0 %, 0 %, 35270 MiB, 39.58 W
2026/09/20 13:15:43.809, 2, 0 %, 0 %, 35270 MiB, 37.81 W
2026/09/20 13:15:48.809, 0, 0 %, 0 %, 35271 MiB, 39.32 W
2026/09/20 13:15:48.809, 1, 0 %, 0 %, 35270 MiB, 39.49 W
2026/09/20 13:15:48.810, 2, 0 %, 0 %, 35270 MiB, 37.82 W
2026/09/20 13:15:53.810, 0, 0 %, 0 %, 35271 MiB, 39.52 W
2026/09/20 13:15:53.810, 1, 0 %, 0 %, 35270 MiB, 39.48 W
2026/09/20 13:15:53.810, 2, 0 %, 0 %, 35270 MiB, 37.82 W
2026/09/20 13:15:58.811, 0, 0 %, 0 %, 35271 MiB, 39.41 W
2026/09/20 13:15:58.811, 1, 0 %, 0 %, 35270 MiB, 39.46 W
2026/09/20 13:15:58.811, 2, 0 %, 0 %, 35270 MiB, 37.90 W
2026/09/20 13:16:03.812, 0, 0 %, 0 %, 35271 MiB, 38.92 W
2026/09/20 13:16:03.812, 1, 0 %, 0 %, 35270 MiB, 39.37 W
2026/09/20 13:16:03.812, 2, 0 %, 0 %, 35270 MiB, 37.90 W
2026/09/20 13:16:08.813, 0, 0 %, 0 %, 35271 MiB, 39.21 W
2026/09/20 13:16:08.818, 1, 0 %, 0 %, 35270 MiB, 39.37 W
2026/09/20 13:16:08.818, 2, 0 %, 0 %, 35270 MiB, 37.80 W
2026/09/20 13:16:13.819, 0, 0 %, 0 %, 35271 MiB, 39.26 W
2026/09/20 13:16:13.819, 1, 0 %, 0 %, 35270 MiB, 39.43 W
2026/09/20 13:16:13.820, 2, 0 %, 0 %, 35270 MiB, 37.67 W
2026/09/20 13:16:18.821, 0, 0 %, 0 %, 35271 MiB, 38.87 W
2026/09/20 13:16:18.822, 1, 0 %, 0 %, 35270 MiB, 39.51 W
2026/09/20 13:16:18.822, 2, 0 %, 0 %, 35270 MiB, 37.65 W
2026/09/20 13:16:23.823, 0, 0 %, 0 %, 35271 MiB, 39.36 W
2026/09/20 13:16:23.823, 1, 0 %, 0 %, 35270 MiB, 39.31 W
2026/09/20 13:16:23.823, 2, 0 %, 0 %, 35270 MiB, 37.64 W
2026/09/20 13:16:28.825, 0, 0 %, 0 %, 35271 MiB, 39.56 W
2026/09/20 13:16:28.825, 1, 0 %, 0 %, 35270 MiB, 39.22 W
2026/09/20 13:16:28.825, 2, 0 %, 0 %, 35270 MiB, 37.56 W
2026/09/20 13:16:33.827, 0, 0 %, 0 %, 35271 MiB, 39.26 W
2026/09/20 13:16:33.827, 1, 0 %, 0 %, 35270 MiB, 39.15 W
2026/09/20 13:16:33.827, 2, 0 %, 0 %, 35270 MiB, 37.46 W
2026/09/20 13:16:38.829, 0, 0 %, 0 %, 35271 MiB, 39.36 W
2026/09/20 13:16:38.829, 1, 0 %, 0 %, 35270 MiB, 39.33 W
2026/09/20 13:16:38.829, 2, 0 %, 0 %, 35270 MiB, 37.46 W
2026/09/20 13:16:43.829, 0, 0 %, 0 %, 35271 MiB, 39.28 W
2026/09/20 13:16:43.830, 1, 0 %, 0 %, 35270 MiB, 39.13 W
2026/09/20 13:16:43.830, 2, 0 %, 0 %, 35270 MiB, 37.26 W
2026/09/20 13:16:48.830, 0, 0 %, 0 %, 35271 MiB, 39.38 W
2026/09/20 13:16:48.831, 1, 0 %, 0 %, 35270 MiB, 39.15 W
2026/09/20 13:16:48.831, 2, 0 %, 0 %, 35270 MiB, 37.47 W
2026/09/20 13:16:53.832, 0, 0 %, 0 %, 35271 MiB, 39.28 W
2026/09/20 13:16:53.832, 1, 0 %, 0 %, 35270 MiB, 38.95 W
2026/09/20 13:16:53.833, 2, 0 %, 0 %, 35270 MiB, 37.56 W
2026/09/20 13:16:58.839, 0, 0 %, 0 %, 35271 MiB, 39.28 W
2026/09/20 13:16:58.839, 1, 0 %, 0 %, 35270 MiB, 38.95 W
2026/09/20 13:16:58.839, 2, 0 %, 0 %, 35270 MiB, 37.36 W
2026/09/20 13:17:03.840, 0, 0 %, 0 %, 35271 MiB, 39.36 W
2026/09/20 13:17:03.840, 1, 0 %, 0 %, 35270 MiB, 38.93 W
2026/09/20 13:17:03.841, 2, 0 %, 0 %, 35270 MiB, 37.46 W
2026/09/20 13:17:08.842, 0, 0 %, 0 %, 35271 MiB, 39.35 W
2026/09/20 13:17:08.842, 1, 0 %, 0 %, 35270 MiB, 38.92 W
2026/09/20 13:17:08.843, 2, 0 %, 0 %, 35270 MiB, 37.44 W
2026/09/20 13:17:13.844, 0, 0 %, 0 %, 35271 MiB, 39.18 W
2026/09/20 13:17:13.845, 1, 0 %, 0 %, 35270 MiB, 39.05 W
2026/09/20 13:17:13.845, 2, 0 %, 0 %, 35270 MiB, 37.56 W
2026/09/20 13:17:18.853, 0, 0 %, 0 %, 35271 MiB, 39.07 W
2026/09/20 13:17:18.854, 1, 0 %, 0 %, 35270 MiB, 38.94 W
2026/09/20 13:17:18.854, 2, 0 %, 0 %, 35270 MiB, 37.36 W
2026/09/20 13:17:23.855, 0, 0 %, 0 %, 35271 MiB, 39.28 W
2026/09/20 13:17:23.855, 1, 0 %, 0 %, 35270 MiB, 38.94 W
2026/09/20 13:17:23.856, 2, 0 %, 0 %, 35270 MiB, 37.16 W
2026/09/20 13:17:28.857, 0, 0 %, 0 %, 35271 MiB, 39.17 W
2026/09/20 13:17:28.857, 1, 0 %, 0 %, 35270 MiB, 38.95 W
2026/09/20 13:17:28.857, 2, 0 %, 0 %, 35270 MiB, 37.15 W
2026/09/20 13:17:33.858, 0, 0 %, 0 %, 35271 MiB, 39.07 W
2026/09/20 13:17:33.859, 1, 0 %, 0 %, 35270 MiB, 39.12 W
2026/09/20 13:17:33.859, 2, 0 %, 0 %, 35270 MiB, 37.36 W
2026/09/20 13:17:38.860, 0, 0 %, 0 %, 35271 MiB, 39.07 W
2026/09/20 13:17:38.860, 1, 0 %, 0 %, 35270 MiB, 38.93 W
2026/09/20 13:17:38.861, 2, 0 %, 0 %, 35270 MiB, 37.24 W
2026/09/20 13:17:43.862, 0, 0 %, 0 %, 35271 MiB, 39.17 W
2026/09/20 13:17:43.862, 1, 0 %, 0 %, 35270 MiB, 39.02 W
2026/09/20 13:17:43.862, 2, 0 %, 0 %, 35270 MiB, 37.15 W
2026/09/20 13:17:48.870, 0, 0 %, 0 %, 35271 MiB, 39.07 W
2026/09/20 13:17:48.870, 1, 0 %, 0 %, 35270 MiB, 39.22 W
2026/09/20 13:17:48.870, 2, 0 %, 0 %, 35270 MiB, 37.36 W
2026/09/20 13:17:53.872, 0, 0 %, 0 %, 35271 MiB, 39.07 W
2026/09/20 13:17:53.872, 1, 0 %, 0 %, 35270 MiB, 39.04 W
2026/09/20 13:17:53.872, 2, 0 %, 0 %, 35270 MiB, 37.36 W
2026/09/20 13:17:58.873, 0, 0 %, 0 %, 35271 MiB, 39.09 W
2026/09/20 13:17:58.874, 1, 0 %, 0 %, 35270 MiB, 38.75 W
2026/09/20 13:17:58.874, 2, 0 %, 0 %, 35270 MiB, 37.16 W
2026/09/20 13:18:03.875, 0, 0 %, 0 %, 35271 MiB, 39.18 W
2026/09/20 13:18:03.876, 1, 0 %, 0 %, 35270 MiB, 38.75 W
2026/09/20 13:18:03.876, 2, 0 %, 0 %, 35270 MiB, 37.26 W
2026/09/20 13:18:08.877, 0, 0 %, 0 %, 35271 MiB, 39.09 W
2026/09/20 13:18:08.877, 1, 0 %, 0 %, 35270 MiB, 38.77 W
2026/09/20 13:18:08.878, 2, 0 %, 0 %, 35270 MiB, 37.28 W
2026/09/20 13:18:13.878, 0, 0 %, 0 %, 35271 MiB, 39.11 W
2026/09/20 13:18:13.879, 1, 0 %, 0 %, 35270 MiB, 38.78 W
2026/09/20 13:18:13.879, 2, 0 %, 0 %, 35270 MiB, 37.28 W
2026/09/20 13:18:18.879, 0, 0 %, 0 %, 35271 MiB, 39.04 W
2026/09/20 13:18:18.879, 1, 0 %, 0 %, 35270 MiB, 38.80 W
2026/09/20 13:18:18.879, 2, 0 %, 0 %, 35270 MiB, 37.30 W
2026/09/20 13:18:23.880, 0, 0 %, 0 %, 35271 MiB, 39.12 W
2026/09/20 13:18:23.880, 1, 0 %, 0 %, 35270 MiB, 38.99 W
2026/09/20 13:18:23.880, 2, 0 %, 0 %, 35270 MiB, 37.19 W
2026/09/20 13:18:28.881, 0, 0 %, 0 %, 35271 MiB, 39.12 W
2026/09/20 13:18:28.881, 1, 0 %, 0 %, 35270 MiB, 38.90 W
2026/09/20 13:18:28.881, 2, 0 %, 0 %, 35270 MiB, 37.10 W
2026/09/20 13:18:33.881, 0, 0 %, 0 %, 35271 MiB, 39.03 W
2026/09/20 13:18:33.882, 1, 0 %, 0 %, 35270 MiB, 38.90 W
2026/09/20 13:18:33.882, 2, 0 %, 0 %, 35270 MiB, 37.20 W
2026/09/20 13:18:38.882, 0, 0 %, 0 %, 35271 MiB, 39.32 W
2026/09/20 13:18:38.882, 1, 0 %, 0 %, 35270 MiB, 38.80 W
2026/09/20 13:18:38.882, 2, 0 %, 0 %, 35270 MiB, 37.19 W
2026/09/20 13:18:43.883, 0, 0 %, 0 %, 35271 MiB, 39.13 W
2026/09/20 13:18:43.883, 1, 0 %, 0 %, 35270 MiB, 39.00 W
2026/09/20 13:18:43.883, 2, 0 %, 0 %, 35270 MiB, 37.30 W
2026/09/20 13:18:48.884, 0, 0 %, 0 %, 35271 MiB, 39.12 W
2026/09/20 13:18:48.884, 1, 0 %, 0 %, 35270 MiB, 38.97 W
2026/09/20 13:18:48.884, 2, 0 %, 0 %, 35270 MiB, 37.38 W
2026/09/20 13:18:53.884, 0, 0 %, 0 %, 35271 MiB, 39.13 W
2026/09/20 13:18:53.884, 1, 0 %, 0 %, 35270 MiB, 39.00 W
2026/09/20 13:18:53.884, 2, 0 %, 0 %, 35270 MiB, 37.30 W
2026/09/20 13:18:58.885, 0, 0 %, 0 %, 35271 MiB, 39.31 W
2026/09/20 13:18:58.885, 1, 0 %, 0 %, 35270 MiB, 38.97 W
2026/09/20 13:18:58.885, 2, 0 %, 0 %, 35270 MiB, 37.39 W
2026/09/20 13:19:03.886, 0, 0 %, 0 %, 35271 MiB, 39.23 W
2026/09/20 13:19:03.886, 1, 0 %, 0 %, 35270 MiB, 38.99 W
2026/09/20 13:19:03.886, 2, 0 %, 0 %, 35270 MiB, 37.40 W
2026/09/20 13:19:08.887, 0, 100 %, 7 %, 35271 MiB, 91.49 W
2026/09/20 13:19:08.887, 1, 100 %, 7 %, 35270 MiB, 93.59 W
2026/09/20 13:19:08.887, 2, 100 %, 6 %, 35270 MiB, 85.94 W
2026/09/20 13:19:13.887, 0, 100 %, 6 %, 35271 MiB, 92.60 W
2026/09/20 13:19:13.887, 1, 100 %, 7 %, 35270 MiB, 90.03 W
2026/09/20 13:19:13.888, 2, 100 %, 7 %, 35270 MiB, 90.85 W
2026/09/20 13:19:18.888, 0, 100 %, 7 %, 35271 MiB, 91.11 W
2026/09/20 13:19:18.888, 1, 100 %, 7 %, 35270 MiB, 91.71 W
2026/09/20 13:19:18.888, 2, 100 %, 11 %, 35270 MiB, 93.43 W
2026/09/20 13:19:23.889, 0, 100 %, 7 %, 35271 MiB, 91.48 W
2026/09/20 13:19:23.889, 1, 100 %, 7 %, 35270 MiB, 89.68 W
2026/09/20 13:19:23.889, 2, 100 %, 11 %, 35270 MiB, 92.50 W
2026/09/20 13:19:28.889, 0, 100 %, 11 %, 35271 MiB, 141.31 W
2026/09/20 13:19:28.889, 1, 100 %, 11 %, 35270 MiB, 91.46 W
2026/09/20 13:19:28.889, 2, 100 %, 7 %, 35270 MiB, 85.14 W
2026/09/20 13:19:33.890, 0, 100 %, 7 %, 35271 MiB, 89.31 W
2026/09/20 13:19:33.890, 1, 100 %, 15 %, 35270 MiB, 91.33 W
2026/09/20 13:19:33.890, 2, 100 %, 7 %, 35270 MiB, 85.87 W
2026/09/20 13:19:38.890, 0, 100 %, 11 %, 35271 MiB, 91.86 W
2026/09/20 13:19:38.891, 1, 100 %, 7 %, 35270 MiB, 94.83 W
2026/09/20 13:19:38.891, 2, 100 %, 7 %, 35270 MiB, 92.75 W
2026/09/20 13:19:43.891, 0, 100 %, 7 %, 35271 MiB, 90.05 W
2026/09/20 13:19:43.891, 1, 100 %, 11 %, 35270 MiB, 97.41 W
2026/09/20 13:19:43.891, 2, 100 %, 11 %, 35270 MiB, 88.85 W
2026/09/20 13:19:48.891, 0, 100 %, 7 %, 35271 MiB, 96.06 W
2026/09/20 13:19:48.892, 1, 100 %, 10 %, 35270 MiB, 95.68 W
2026/09/20 13:19:48.892, 2, 100 %, 13 %, 35270 MiB, 96.88 W
2026/09/20 13:19:53.892, 0, 100 %, 7 %, 35271 MiB, 91.92 W
2026/09/20 13:19:53.892, 1, 100 %, 7 %, 35270 MiB, 91.64 W
2026/09/20 13:19:53.893, 2, 100 %, 11 %, 35270 MiB, 104.50 W
