timestamp, index, utilization.gpu [%], utilization.memory [%], memory.used [MiB], power.draw [W]
2026/09/20 11:59:12.676, 0, 0 %, 0 %, 0 MiB, 33.77 W
2026/09/20 11:59:12.685, 1, 0 %, 0 %, 0 MiB, 33.46 W
2026/09/20 11:59:12.696, 2, 0 %, 0 %, 0 MiB, 34.41 W
2026/09/20 11:59:17.708, 0, 0 %, 0 %, 0 MiB, 33.68 W
2026/09/20 11:59:17.708, 1, 0 %, 0 %, 0 MiB, 33.45 W
2026/09/20 11:59:17.708, 2, 0 %, 0 %, 0 MiB, 34.10 W
2026/09/20 11:59:22.709, 0, 0 %, 0 %, 35259 MiB, 35.73 W
2026/09/20 11:59:22.709, 1, 0 %, 0 %, 35259 MiB, 35.32 W
2026/09/20 11:59:22.709, 2, 0 %, 0 %, 35258 MiB, 35.97 W
2026/09/20 11:59:27.710, 0, 0 %, 0 %, 35265 MiB, 35.75 W
2026/09/20 11:59:27.710, 1, 0 %, 0 %, 35265 MiB, 35.33 W
2026/09/20 11:59:27.711, 2, 0 %, 0 %, 35264 MiB, 35.98 W
2026/09/20 11:59:32.712, 0, 0 %, 0 %, 35271 MiB, 35.53 W
2026/09/20 11:59:32.712, 1, 0 %, 0 %, 35271 MiB, 35.43 W
2026/09/20 11:59:32.712, 2, 0 %, 0 %, 35270 MiB, 35.97 W
2026/09/20 11:59:37.713, 0, 0 %, 0 %, 35271 MiB, 35.63 W
2026/09/20 11:59:37.713, 1, 0 %, 0 %, 35271 MiB, 35.33 W
2026/09/20 11:59:37.714, 2, 0 %, 0 %, 35270 MiB, 35.97 W
2026/09/20 11:59:42.714, 0, 0 %, 0 %, 35271 MiB, 35.64 W
2026/09/20 11:59:42.714, 1, 0 %, 0 %, 35271 MiB, 35.42 W
2026/09/20 11:59:42.714, 2, 0 %, 0 %, 35270 MiB, 35.97 W
2026/09/20 11:59:47.715, 0, 0 %, 0 %, 35271 MiB, 56.96 W
2026/09/20 11:59:47.715, 1, 0 %, 0 %, 35271 MiB, 35.42 W
2026/09/20 11:59:47.715, 2, 0 %, 0 %, 35270 MiB, 36.26 W
2026/09/20 11:59:52.715, 0, 0 %, 0 %, 35271 MiB, 35.75 W
2026/09/20 11:59:52.715, 1, 0 %, 0 %, 35271 MiB, 35.53 W
2026/09/20 11:59:52.715, 2, 0 %, 0 %, 35270 MiB, 36.37 W
2026/09/20 11:59:57.716, 0, 0 %, 0 %, 35271 MiB, 35.75 W
2026/09/20 11:59:57.716, 1, 0 %, 0 %, 35271 MiB, 35.43 W
2026/09/20 11:59:57.716, 2, 0 %, 0 %, 35270 MiB, 36.08 W
2026/09/20 12:00:02.717, 0, 0 %, 0 %, 35271 MiB, 35.75 W
2026/09/20 12:00:02.717, 1, 0 %, 0 %, 35271 MiB, 35.43 W
2026/09/20 12:00:02.717, 2, 0 %, 0 %, 35270 MiB, 36.18 W
2026/09/20 12:00:07.717, 0, 0 %, 0 %, 35271 MiB, 35.86 W
2026/09/20 12:00:07.717, 1, 0 %, 0 %, 35271 MiB, 35.63 W
2026/09/20 12:00:07.717, 2, 0 %, 0 %, 35270 MiB, 35.99 W
2026/09/20 12:00:12.718, 0, 0 %, 0 %, 35271 MiB, 35.86 W
2026/09/20 12:00:12.718, 1, 0 %, 0 %, 35271 MiB, 35.33 W
2026/09/20 12:00:12.718, 2, 0 %, 0 %, 35270 MiB, 36.07 W
2026/09/20 12:00:17.719, 0, 0 %, 0 %, 35271 MiB, 35.86 W
2026/09/20 12:00:17.720, 1, 0 %, 0 %, 35271 MiB, 35.33 W
2026/09/20 12:00:17.720, 2, 0 %, 0 %, 35270 MiB, 35.99 W
2026/09/20 12:00:22.720, 0, 0 %, 0 %, 35271 MiB, 35.96 W
2026/09/20 12:00:22.720, 1, 0 %, 0 %, 35271 MiB, 35.33 W
2026/09/20 12:00:22.720, 2, 0 %, 0 %, 35270 MiB, 35.98 W
2026/09/20 12:00:27.720, 0, 0 %, 0 %, 35271 MiB, 41.79 W
2026/09/20 12:00:27.721, 1, 0 %, 0 %, 35271 MiB, 35.53 W
2026/09/20 12:00:27.721, 2, 0 %, 0 %, 35270 MiB, 35.98 W
2026/09/20 12:00:32.721, 0, 0 %, 0 %, 35271 MiB, 35.81 W
2026/09/20 12:00:32.722, 1, 0 %, 0 %, 35271 MiB, 35.38 W
2026/09/20 12:00:32.722, 2, 0 %, 0 %, 35270 MiB, 36.14 W
2026/09/20 12:00:37.722, 0, 0 %, 0 %, 35271 MiB, 35.73 W
2026/09/20 12:00:37.722, 1, 0 %, 0 %, 35271 MiB, 35.51 W
2026/09/20 12:00:37.723, 2, 0 %, 0 %, 35270 MiB, 35.96 W
2026/09/20 12:00:42.724, 0, 0 %, 0 %, 35271 MiB, 35.73 W
2026/09/20 12:00:42.724, 1, 0 %, 0 %, 35271 MiB, 35.32 W
2026/09/20 12:00:42.724, 2, 0 %, 0 %, 35270 MiB, 36.06 W
2026/09/20 12:00:47.726, 0, 0 %, 0 %, 35271 MiB, 35.73 W
2026/09/20 12:00:47.726, 1, 0 %, 0 %, 35271 MiB, 35.50 W
2026/09/20 12:00:47.726, 2, 0 %, 0 %, 35270 MiB, 36.15 W
2026/09/20 12:00:52.728, 0, 0 %, 0 %, 35271 MiB, 35.63 W
2026/09/20 12:00:52.728, 1, 0 %, 0 %, 35271 MiB, 35.41 W
2026/09/20 12:00:52.728, 2, 0 %, 0 %, 35270 MiB, 36.06 W
2026/09/20 12:00:57.730, 0, 0 %, 0 %, 35271 MiB, 36.01 W
2026/09/20 12:00:57.730, 1, 0 %, 0 %, 35271 MiB, 35.38 W
2026/09/20 12:00:57.730, 2, 0 %, 0 %, 35270 MiB, 36.04 W
2026/09/20 12:01:02.732, 0, 0 %, 0 %, 35271 MiB, 35.71 W
2026/09/20 12:01:02.732, 1, 0 %, 0 %, 35271 MiB, 35.69 W
2026/09/20 12:01:02.732, 2, 0 %, 0 %, 35270 MiB, 36.14 W
2026/09/20 12:01:07.743, 0, 0 %, 0 %, 35271 MiB, 35.74 W
2026/09/20 12:01:07.743, 1, 0 %, 0 %, 35271 MiB, 35.53 W
2026/09/20 12:01:07.743, 2, 0 %, 0 %, 35270 MiB, 36.17 W
2026/09/20 12:01:12.745, 0, 10 %, 0 %, 35271 MiB, 35.71 W
2026/09/20 12:01:12.745, 1, 0 %, 0 %, 35271 MiB, 35.60 W
2026/09/20 12:01:12.746, 2, 0 %, 0 %, 35270 MiB, 36.04 W
2026/09/20 12:01:17.747, 0, 0 %, 0 %, 35271 MiB, 35.94 W
2026/09/20 12:01:17.747, 1, 0 %, 0 %, 35271 MiB, 35.52 W
2026/09/20 12:01:17.747, 2, 0 %, 0 %, 35270 MiB, 35.97 W
2026/09/20 12:01:22.748, 0, 0 %, 0 %, 35271 MiB, 35.82 W
2026/09/20 12:01:22.749, 1, 0 %, 0 %, 35271 MiB, 35.50 W
2026/09/20 12:01:22.749, 2, 0 %, 0 %, 35270 MiB, 36.24 W
2026/09/20 12:01:27.749, 0, 9 %, 0 %, 35271 MiB, 35.83 W
2026/09/20 12:01:27.750, 1, 0 %, 0 %, 35271 MiB, 35.41 W
2026/09/20 12:01:27.750, 2, 0 %, 0 %, 35270 MiB, 36.04 W
2026/09/20 12:01:32.750, 0, 0 %, 0 %, 35271 MiB, 36.15 W
2026/09/20 12:01:32.751, 1, 0 %, 0 %, 35271 MiB, 35.23 W
2026/09/20 12:01:32.751, 2, 0 %, 0 %, 35270 MiB, 35.97 W
2026/09/20 12:01:37.752, 0, 0 %, 0 %, 35271 MiB, 35.94 W
2026/09/20 12:01:37.752, 1, 0 %, 0 %, 35271 MiB, 35.42 W
2026/09/20 12:01:37.752, 2, 0 %, 0 %, 35270 MiB, 35.97 W
2026/09/20 12:01:42.753, 0, 0 %, 0 %, 35271 MiB, 35.62 W
2026/09/20 12:01:42.753, 1, 0 %, 0 %, 35271 MiB, 35.41 W
2026/09/20 12:01:42.753, 2, 0 %, 0 %, 35270 MiB, 36.16 W
2026/09/20 12:01:47.754, 0, 0 %, 0 %, 35271 MiB, 35.62 W
2026/09/20 12:01:47.754, 1, 0 %, 0 %, 35271 MiB, 35.50 W
2026/09/20 12:01:47.755, 2, 0 %, 0 %, 35270 MiB, 36.06 W
2026/09/20 12:01:52.756, 0, 0 %, 0 %, 35271 MiB, 35.81 W
2026/09/20 12:01:52.756, 1, 0 %, 0 %, 35271 MiB, 35.69 W
2026/09/20 12:01:52.756, 2, 0 %, 0 %, 35270 MiB, 36.43 W
2026/09/20 12:01:57.757, 0, 5 %, 0 %, 35271 MiB, 35.72 W
2026/09/20 12:01:57.757, 1, 0 %, 0 %, 35271 MiB, 35.60 W
2026/09/20 12:01:57.757, 2, 0 %, 0 %, 35270 MiB, 36.04 W
2026/09/20 12:02:02.758, 0, 0 %, 0 %, 35271 MiB, 35.83 W
2026/09/20 12:02:02.758, 1, 0 %, 0 %, 35271 MiB, 35.42 W
2026/09/20 12:02:02.758, 2, 0 %, 0 %, 35270 MiB, 36.16 W
2026/09/20 12:02:07.759, 0, 0 %, 0 %, 35271 MiB, 42.37 W
2026/09/20 12:02:07.760, 1, 0 %, 0 %, 35271 MiB, 35.43 W
2026/09/20 12:02:07.760, 2, 0 %, 0 %, 35270 MiB, 36.08 W
2026/09/20 12:02:12.761, 0, 0 %, 0 %, 35271 MiB, 35.74 W
2026/09/20 12:02:12.761, 1, 0 %, 0 %, 35271 MiB, 35.42 W
2026/09/20 12:02:12.761, 2, 0 %, 0 %, 35270 MiB, 36.16 W
2026/09/20 12:02:17.763, 0, 0 %, 0 %, 35271 MiB, 35.83 W
2026/09/20 12:02:17.763, 1, 0 %, 0 %, 35271 MiB, 35.69 W
2026/09/20 12:02:17.763, 2, 0 %, 0 %, 35270 MiB, 36.24 W
2026/09/20 12:02:22.765, 0, 0 %, 0 %, 35271 MiB, 35.83 W
2026/09/20 12:02:22.765, 1, 0 %, 0 %, 35271 MiB, 35.60 W
2026/09/20 12:02:22.765, 2, 0 %, 0 %, 35270 MiB, 35.94 W
2026/09/20 12:02:27.766, 0, 0 %, 0 %, 35271 MiB, 35.92 W
2026/09/20 12:02:27.766, 1, 0 %, 0 %, 35271 MiB, 35.30 W
2026/09/20 12:02:27.766, 2, 0 %, 0 %, 35270 MiB, 36.05 W
2026/09/20 12:02:32.768, 0, 25 %, 1 %, 35271 MiB, 35.81 W
2026/09/20 12:02:32.769, 1, 0 %, 0 %, 35271 MiB, 35.30 W
2026/09/20 12:02:32.769, 2, 0 %, 0 %, 35270 MiB, 35.95 W
2026/09/20 12:02:37.769, 0, 0 %, 0 %, 35271 MiB, 35.85 W
2026/09/20 12:02:37.769, 1, 0 %, 0 %, 35271 MiB, 35.62 W
2026/09/20 12:02:37.769, 2, 0 %, 0 %, 35270 MiB, 36.16 W
2026/09/20 12:02:42.771, 0, 0 %, 0 %, 35271 MiB, 35.93 W
2026/09/20 12:02:42.771, 1, 0 %, 0 %, 35271 MiB, 35.51 W
2026/09/20 12:02:42.771, 2, 0 %, 0 %, 35270 MiB, 36.06 W
2026/09/20 12:02:47.772, 0, 0 %, 0 %, 35271 MiB, 35.92 W
2026/09/20 12:02:47.772, 1, 0 %, 0 %, 35271 MiB, 35.51 W
2026/09/20 12:02:47.772, 2, 0 %, 0 %, 35270 MiB, 36.05 W
2026/09/20 12:02:52.774, 0, 0 %, 0 %, 35271 MiB, 35.71 W
2026/09/20 12:02:52.774, 1, 0 %, 0 %, 35271 MiB, 35.40 W
2026/09/20 12:02:52.774, 2, 0 %, 0 %, 35270 MiB, 36.14 W
2026/09/20 12:02:57.776, 0, 0 %, 0 %, 35271 MiB, 35.82 W
2026/09/20 12:02:57.776, 1, 0 %, 0 %, 35271 MiB, 35.78 W
2026/09/20 12:02:57.776, 2, 0 %, 0 %, 35270 MiB, 36.24 W
2026/09/20 12:03:02.778, 0, 25 %, 1 %, 35271 MiB, 35.92 W
2026/09/20 12:03:02.779, 1, 0 %, 0 %, 35271 MiB, 35.40 W
2026/09/20 12:03:02.779, 2, 0 %, 0 %, 35270 MiB, 36.14 W
2026/09/20 12:03:07.780, 0, 0 %, 0 %, 35271 MiB, 36.82 W
2026/09/20 12:03:07.780, 1, 0 %, 0 %, 35271 MiB, 35.41 W
2026/09/20 12:03:07.780, 2, 0 %, 0 %, 35270 MiB, 36.16 W
2026/09/20 12:03:12.781, 0, 0 %, 0 %, 35271 MiB, 35.75 W
2026/09/20 12:03:12.781, 1, 0 %, 0 %, 35271 MiB, 35.72 W
2026/09/20 12:03:12.781, 2, 0 %, 0 %, 35270 MiB, 36.37 W
2026/09/20 12:03:17.782, 0, 0 %, 0 %, 35271 MiB, 35.73 W
2026/09/20 12:03:17.783, 1, 0 %, 0 %, 35271 MiB, 35.51 W
2026/09/20 12:03:17.783, 2, 0 %, 0 %, 35270 MiB, 36.16 W
2026/09/20 12:03:22.783, 0, 0 %, 0 %, 35271 MiB, 35.94 W
2026/09/20 12:03:22.783, 1, 0 %, 0 %, 35271 MiB, 35.52 W
2026/09/20 12:03:22.783, 2, 0 %, 0 %, 35270 MiB, 36.16 W
2026/09/20 12:03:27.784, 0, 0 %, 0 %, 35271 MiB, 35.83 W
2026/09/20 12:03:27.784, 1, 0 %, 0 %, 35271 MiB, 35.50 W
2026/09/20 12:03:27.785, 2, 0 %, 0 %, 35270 MiB, 36.04 W
2026/09/20 12:03:32.785, 0, 0 %, 0 %, 35271 MiB, 35.92 W
2026/09/20 12:03:32.785, 1, 0 %, 0 %, 35271 MiB, 35.50 W
2026/09/20 12:03:32.786, 2, 0 %, 0 %, 35270 MiB, 36.15 W
2026/09/20 12:03:37.786, 0, 0 %, 0 %, 35271 MiB, 36.22 W
2026/09/20 12:03:37.786, 1, 0 %, 0 %, 35271 MiB, 35.50 W
2026/09/20 12:03:37.787, 2, 0 %, 0 %, 35270 MiB, 36.06 W
2026/09/20 12:03:42.788, 0, 0 %, 0 %, 35271 MiB, 35.92 W
2026/09/20 12:03:42.788, 1, 0 %, 0 %, 35271 MiB, 35.41 W
2026/09/20 12:03:42.788, 2, 0 %, 0 %, 35270 MiB, 36.06 W
2026/09/20 12:03:47.790, 0, 0 %, 0 %, 35271 MiB, 36.02 W
2026/09/20 12:03:47.790, 1, 0 %, 0 %, 35271 MiB, 35.29 W
2026/09/20 12:03:47.791, 2, 0 %, 0 %, 35270 MiB, 36.14 W
2026/09/20 12:03:52.791, 0, 25 %, 1 %, 35271 MiB, 35.94 W
2026/09/20 12:03:52.791, 1, 0 %, 0 %, 35271 MiB, 35.61 W
2026/09/20 12:03:52.792, 2, 0 %, 0 %, 35270 MiB, 36.16 W
2026/09/20 12:03:57.792, 0, 0 %, 0 %, 35271 MiB, 35.75 W
2026/09/20 12:03:57.792, 1, 0 %, 0 %, 35271 MiB, 35.43 W
2026/09/20 12:03:57.793, 2, 0 %, 0 %, 35270 MiB, 36.08 W
2026/09/20 12:04:02.793, 0, 0 %, 0 %, 35271 MiB, 35.75 W
2026/09/20 12:04:02.793, 1, 0 %, 0 %, 35271 MiB, 35.33 W
2026/09/20 12:04:02.793, 2, 0 %, 0 %, 35270 MiB, 36.19 W
2026/09/20 12:04:07.794, 0, 0 %, 0 %, 35271 MiB, 35.73 W
2026/09/20 12:04:07.794, 1, 0 %, 0 %, 35271 MiB, 35.42 W
2026/09/20 12:04:07.794, 2, 0 %, 0 %, 35270 MiB, 36.57 W
2026/09/20 12:04:12.795, 0, 0 %, 0 %, 35271 MiB, 36.04 W
2026/09/20 12:04:12.795, 1, 0 %, 0 %, 35271 MiB, 35.51 W
2026/09/20 12:04:12.796, 2, 0 %, 0 %, 35270 MiB, 36.26 W
2026/09/20 12:04:17.796, 0, 0 %, 0 %, 35271 MiB, 35.94 W
2026/09/20 12:04:17.796, 1, 0 %, 0 %, 35271 MiB, 35.60 W
2026/09/20 12:04:17.796, 2, 0 %, 0 %, 35270 MiB, 36.15 W
2026/09/20 12:04:22.797, 0, 0 %, 0 %, 35271 MiB, 35.92 W
2026/09/20 12:04:22.798, 1, 0 %, 0 %, 35271 MiB, 35.60 W
2026/09/20 12:04:22.798, 2, 0 %, 0 %, 35270 MiB, 36.24 W
2026/09/20 12:04:27.799, 0, 0 %, 0 %, 35271 MiB, 35.82 W
2026/09/20 12:04:27.800, 1, 0 %, 0 %, 35271 MiB, 35.69 W
2026/09/20 12:04:27.800, 2, 0 %, 0 %, 35270 MiB, 36.43 W
2026/09/20 12:04:32.801, 0, 0 %, 0 %, 35271 MiB, 35.92 W
2026/09/20 12:04:32.801, 1, 0 %, 0 %, 35271 MiB, 35.59 W
2026/09/20 12:04:32.801, 2, 0 %, 0 %, 35270 MiB, 36.33 W
2026/09/20 12:04:37.803, 0, 0 %, 0 %, 35271 MiB, 35.82 W
2026/09/20 12:04:37.803, 1, 0 %, 0 %, 35271 MiB, 35.50 W
2026/09/20 12:04:37.803, 2, 0 %, 0 %, 35270 MiB, 36.14 W
2026/09/20 12:04:42.805, 0, 0 %, 0 %, 35271 MiB, 35.93 W
2026/09/20 12:04:42.805, 1, 0 %, 0 %, 35271 MiB, 35.41 W
2026/09/20 12:04:42.805, 2, 0 %, 0 %, 35270 MiB, 36.16 W
2026/09/20 12:04:47.807, 0, 0 %, 0 %, 35271 MiB, 36.11 W
2026/09/20 12:04:47.807, 1, 0 %, 0 %, 35271 MiB, 35.50 W
2026/09/20 12:04:47.807, 2, 0 %, 0 %, 35270 MiB, 36.24 W
2026/09/20 12:04:52.809, 0, 0 %, 0 %, 35271 MiB, 36.01 W
2026/09/20 12:04:52.809, 1, 0 %, 0 %, 35271 MiB, 35.50 W
2026/09/20 12:04:52.809, 2, 0 %, 0 %, 35270 MiB, 36.24 W
2026/09/20 12:04:57.811, 0, 0 %, 0 %, 35271 MiB, 35.92 W
2026/09/20 12:04:57.811, 1, 0 %, 0 %, 35271 MiB, 35.40 W
2026/09/20 12:04:57.811, 2, 0 %, 0 %, 35270 MiB, 36.14 W
2026/09/20 12:05:02.813, 0, 0 %, 0 %, 35271 MiB, 35.82 W
2026/09/20 12:05:02.814, 1, 0 %, 0 %, 35271 MiB, 35.49 W
2026/09/20 12:05:02.814, 2, 0 %, 0 %, 35270 MiB, 36.14 W
2026/09/20 12:05:07.815, 0, 0 %, 0 %, 35271 MiB, 36.01 W
2026/09/20 12:05:07.815, 1, 0 %, 0 %, 35271 MiB, 35.59 W
2026/09/20 12:05:07.815, 2, 0 %, 0 %, 35270 MiB, 36.14 W
2026/09/20 12:05:12.817, 0, 0 %, 0 %, 35271 MiB, 35.83 W
2026/09/20 12:05:12.817, 1, 0 %, 0 %, 35271 MiB, 35.50 W
2026/09/20 12:05:12.817, 2, 0 %, 0 %, 35270 MiB, 36.24 W
2026/09/20 12:05:17.819, 0, 0 %, 0 %, 35271 MiB, 35.82 W
2026/09/20 12:05:17.819, 1, 0 %, 0 %, 35271 MiB, 35.60 W
2026/09/20 12:05:17.819, 2, 0 %, 0 %, 35270 MiB, 36.24 W
2026/09/20 12:05:22.821, 0, 0 %, 0 %, 35271 MiB, 36.11 W
2026/09/20 12:05:22.821, 1, 0 %, 0 %, 35271 MiB, 35.59 W
2026/09/20 12:05:22.821, 2, 0 %, 0 %, 35270 MiB, 36.44 W
2026/09/20 12:05:27.823, 0, 19 %, 1 %, 35271 MiB, 35.92 W
2026/09/20 12:05:27.824, 1, 0 %, 0 %, 35271 MiB, 35.60 W
2026/09/20 12:05:27.824, 2, 0 %, 0 %, 35270 MiB, 36.33 W
2026/09/20 12:05:32.825, 0, 25 %, 1 %, 35271 MiB, 35.92 W
2026/09/20 12:05:32.825, 1, 0 %, 0 %, 35271 MiB, 35.50 W
2026/09/20 12:05:32.826, 2, 0 %, 0 %, 35270 MiB, 36.33 W
2026/09/20 12:05:37.827, 0, 25 %, 1 %, 35271 MiB, 36.02 W
2026/09/20 12:05:37.827, 1, 0 %, 0 %, 35271 MiB, 35.69 W
2026/09/20 12:05:37.828, 2, 0 %, 0 %, 35270 MiB, 36.33 W
2026/09/20 12:05:42.828, 0, 0 %, 0 %, 35271 MiB, 36.05 W
2026/09/20 12:05:42.828, 1, 0 %, 0 %, 35271 MiB, 35.72 W
2026/09/20 12:05:42.828, 2, 0 %, 0 %, 35270 MiB, 36.18 W
2026/09/20 12:05:47.829, 0, 0 %, 0 %, 35271 MiB, 36.06 W
2026/09/20 12:05:47.829, 1, 0 %, 0 %, 35271 MiB, 35.33 W
2026/09/20 12:05:47.830, 2, 0 %, 0 %, 35270 MiB, 36.17 W
2026/09/20 12:05:52.831, 0, 0 %, 0 %, 35271 MiB, 35.95 W
2026/09/20 12:05:52.831, 1, 0 %, 0 %, 35271 MiB, 35.33 W
2026/09/20 12:05:52.831, 2, 0 %, 0 %, 35270 MiB, 36.16 W
2026/09/20 12:05:57.832, 0, 0 %, 0 %, 35271 MiB, 36.04 W
2026/09/20 12:05:57.833, 1, 0 %, 0 %, 35271 MiB, 35.42 W
2026/09/20 12:05:57.833, 2, 0 %, 0 %, 35270 MiB, 36.26 W
2026/09/20 12:06:02.833, 0, 0 %, 0 %, 35271 MiB, 35.94 W
2026/09/20 12:06:02.833, 1, 0 %, 0 %, 35271 MiB, 35.71 W
2026/09/20 12:06:02.833, 2, 0 %, 0 %, 35270 MiB, 36.26 W
2026/09/20 12:06:07.835, 0, 0 %, 0 %, 35271 MiB, 36.02 W
2026/09/20 12:06:07.835, 1, 0 %, 0 %, 35271 MiB, 35.41 W
2026/09/20 12:06:07.835, 2, 0 %, 0 %, 35270 MiB, 36.24 W
2026/09/20 12:06:12.836, 0, 0 %, 0 %, 35271 MiB, 35.82 W
2026/09/20 12:06:12.836, 1, 0 %, 0 %, 35271 MiB, 35.50 W
2026/09/20 12:06:12.836, 2, 0 %, 0 %, 35270 MiB, 36.33 W
2026/09/20 12:06:17.838, 0, 0 %, 0 %, 35271 MiB, 36.01 W
2026/09/20 12:06:17.838, 1, 0 %, 0 %, 35271 MiB, 35.49 W
2026/09/20 12:06:17.838, 2, 0 %, 0 %, 35270 MiB, 36.54 W
2026/09/20 12:06:22.840, 0, 0 %, 0 %, 35271 MiB, 35.92 W
2026/09/20 12:06:22.840, 1, 0 %, 0 %, 35271 MiB, 35.68 W
2026/09/20 12:06:22.840, 2, 0 %, 0 %, 35270 MiB, 36.33 W
2026/09/20 12:06:27.842, 0, 0 %, 0 %, 35271 MiB, 35.82 W
2026/09/20 12:06:27.842, 1, 0 %, 0 %, 35271 MiB, 35.59 W
2026/09/20 12:06:27.842, 2, 0 %, 0 %, 35270 MiB, 36.33 W
2026/09/20 12:06:32.844, 0, 0 %, 0 %, 35271 MiB, 36.12 W
2026/09/20 12:06:32.844, 1, 0 %, 0 %, 35271 MiB, 35.60 W
2026/09/20 12:06:32.844, 2, 0 %, 0 %, 35270 MiB, 36.33 W
2026/09/20 12:06:37.845, 0, 25 %, 1 %, 35271 MiB, 36.01 W
2026/09/20 12:06:37.845, 1, 0 %, 0 %, 35271 MiB, 35.79 W
2026/09/20 12:06:37.846, 2, 0 %, 0 %, 35270 MiB, 36.44 W
2026/09/20 12:06:42.846, 0, 25 %, 1 %, 35271 MiB, 36.03 W
2026/09/20 12:06:42.847, 1, 0 %, 0 %, 35271 MiB, 35.70 W
2026/09/20 12:06:42.847, 2, 0 %, 0 %, 35270 MiB, 36.35 W
2026/09/20 12:06:47.847, 0, 0 %, 0 %, 35271 MiB, 35.95 W
2026/09/20 12:06:47.847, 1, 0 %, 0 %, 35271 MiB, 35.72 W
2026/09/20 12:06:47.848, 2, 0 %, 0 %, 35270 MiB, 36.57 W
2026/09/20 12:06:52.849, 0, 0 %, 0 %, 35271 MiB, 36.03 W
2026/09/20 12:06:52.849, 1, 0 %, 0 %, 35271 MiB, 35.71 W
2026/09/20 12:06:52.849, 2, 0 %, 0 %, 35270 MiB, 36.26 W
2026/09/20 12:06:57.850, 0, 0 %, 0 %, 35271 MiB, 36.03 W
2026/09/20 12:06:57.850, 1, 0 %, 0 %, 35271 MiB, 35.60 W
2026/09/20 12:06:57.850, 2, 0 %, 0 %, 35270 MiB, 36.35 W
2026/09/20 12:07:02.852, 0, 0 %, 0 %, 35271 MiB, 36.03 W
2026/09/20 12:07:02.852, 1, 0 %, 0 %, 35271 MiB, 35.50 W
2026/09/20 12:07:02.852, 2, 0 %, 0 %, 35270 MiB, 36.26 W
2026/09/20 12:07:07.853, 0, 0 %, 0 %, 35271 MiB, 36.23 W
2026/09/20 12:07:07.853, 1, 0 %, 0 %, 35271 MiB, 35.42 W
2026/09/20 12:07:07.853, 2, 0 %, 0 %, 35270 MiB, 36.36 W
2026/09/20 12:07:12.855, 0, 0 %, 0 %, 35271 MiB, 36.13 W
2026/09/20 12:07:12.855, 1, 0 %, 0 %, 35271 MiB, 35.42 W
2026/09/20 12:07:12.855, 2, 0 %, 0 %, 35270 MiB, 36.46 W
2026/09/20 12:07:17.856, 0, 0 %, 0 %, 35271 MiB, 35.83 W
2026/09/20 12:07:17.856, 1, 0 %, 0 %, 35271 MiB, 35.52 W
2026/09/20 12:07:17.856, 2, 0 %, 0 %, 35270 MiB, 36.36 W
2026/09/20 12:07:22.856, 0, 0 %, 0 %, 35271 MiB, 35.94 W
2026/09/20 12:07:22.856, 1, 0 %, 0 %, 35271 MiB, 35.52 W
2026/09/20 12:07:22.857, 2, 0 %, 0 %, 35270 MiB, 36.26 W
2026/09/20 12:07:27.860, 0, 0 %, 0 %, 35271 MiB, 35.92 W
2026/09/20 12:07:27.860, 1, 0 %, 0 %, 35271 MiB, 35.50 W
2026/09/20 12:07:27.860, 2, 0 %, 0 %, 35270 MiB, 36.33 W
2026/09/20 12:07:32.863, 0, 0 %, 0 %, 35271 MiB, 35.84 W
2026/09/20 12:07:32.863, 1, 0 %, 0 %, 35271 MiB, 35.60 W
2026/09/20 12:07:32.863, 2, 0 %, 0 %, 35270 MiB, 36.46 W
2026/09/20 12:07:37.865, 0, 0 %, 0 %, 35271 MiB, 35.92 W
2026/09/20 12:07:37.865, 1, 0 %, 0 %, 35271 MiB, 35.60 W
2026/09/20 12:07:37.865, 2, 0 %, 0 %, 35270 MiB, 36.45 W
2026/09/20 12:07:42.867, 0, 0 %, 0 %, 35271 MiB, 35.92 W
2026/09/20 12:07:42.867, 1, 0 %, 0 %, 35271 MiB, 35.60 W
2026/09/20 12:07:42.867, 2, 0 %, 0 %, 35270 MiB, 36.33 W
2026/09/20 12:07:47.868, 0, 0 %, 0 %, 35271 MiB, 36.01 W
2026/09/20 12:07:47.868, 1, 0 %, 0 %, 35271 MiB, 35.60 W
2026/09/20 12:07:47.868, 2, 0 %, 0 %, 35270 MiB, 36.43 W
2026/09/20 12:07:52.870, 0, 0 %, 0 %, 35271 MiB, 35.93 W
2026/09/20 12:07:52.870, 1, 0 %, 0 %, 35271 MiB, 35.90 W
2026/09/20 12:07:52.870, 2, 0 %, 0 %, 35270 MiB, 36.44 W
2026/09/20 12:07:57.872, 0, 0 %, 0 %, 35271 MiB, 36.02 W
2026/09/20 12:07:57.872, 1, 0 %, 0 %, 35271 MiB, 35.70 W
2026/09/20 12:07:57.872, 2, 0 %, 0 %, 35270 MiB, 36.15 W
2026/09/20 12:08:02.874, 0, 0 %, 0 %, 35271 MiB, 36.13 W
2026/09/20 12:08:02.874, 1, 0 %, 0 %, 35271 MiB, 35.41 W
2026/09/20 12:08:02.874, 2, 0 %, 0 %, 35270 MiB, 36.26 W
2026/09/20 12:08:07.874, 0, 0 %, 0 %, 35271 MiB, 36.12 W
2026/09/20 12:08:07.875, 1, 0 %, 0 %, 35271 MiB, 35.41 W
2026/09/20 12:08:07.875, 2, 0 %, 0 %, 35270 MiB, 37.25 W
2026/09/20 12:08:12.876, 0, 0 %, 0 %, 35271 MiB, 36.02 W
2026/09/20 12:08:12.876, 1, 0 %, 0 %, 35271 MiB, 35.50 W
2026/09/20 12:08:12.876, 2, 0 %, 0 %, 35270 MiB, 36.24 W
2026/09/20 12:08:17.879, 0, 0 %, 0 %, 35271 MiB, 36.02 W
2026/09/20 12:08:17.879, 1, 0 %, 0 %, 35271 MiB, 35.60 W
2026/09/20 12:08:17.879, 2, 0 %, 0 %, 35270 MiB, 36.34 W
2026/09/20 12:08:22.881, 0, 0 %, 0 %, 35271 MiB, 36.22 W
2026/09/20 12:08:22.881, 1, 0 %, 0 %, 35271 MiB, 35.50 W
2026/09/20 12:08:22.881, 2, 0 %, 0 %, 35270 MiB, 36.25 W
2026/09/20 12:08:27.883, 0, 0 %, 0 %, 35271 MiB, 35.94 W
2026/09/20 12:08:27.883, 1, 0 %, 0 %, 35271 MiB, 35.61 W
2026/09/20 12:08:27.883, 2, 0 %, 0 %, 35270 MiB, 36.36 W
2026/09/20 12:08:32.885, 0, 0 %, 0 %, 35271 MiB, 35.92 W
2026/09/20 12:08:32.885, 1, 0 %, 0 %, 35271 MiB, 35.69 W
2026/09/20 12:08:32.885, 2, 0 %, 0 %, 35270 MiB, 36.33 W
2026/09/20 12:08:37.886, 0, 0 %, 0 %, 35271 MiB, 35.92 W
2026/09/20 12:08:37.887, 1, 0 %, 0 %, 35271 MiB, 35.60 W
2026/09/20 12:08:37.887, 2, 0 %, 0 %, 35270 MiB, 36.34 W
2026/09/20 12:08:42.889, 0, 0 %, 0 %, 35271 MiB, 36.01 W
2026/09/20 12:08:42.889, 1, 0 %, 0 %, 35271 MiB, 35.50 W
2026/09/20 12:08:42.889, 2, 0 %, 0 %, 35270 MiB, 36.34 W
2026/09/20 12:08:47.891, 0, 0 %, 0 %, 35271 MiB, 35.93 W
2026/09/20 12:08:47.891, 1, 0 %, 0 %, 35271 MiB, 35.70 W
2026/09/20 12:08:47.891, 2, 0 %, 0 %, 35270 MiB, 36.34 W
2026/09/20 12:08:52.892, 0, 0 %, 0 %, 35271 MiB, 35.92 W
2026/09/20 12:08:52.892, 1, 0 %, 0 %, 35271 MiB, 35.69 W
2026/09/20 12:08:52.892, 2, 0 %, 0 %, 35270 MiB, 36.43 W
2026/09/20 12:08:57.893, 0, 0 %, 0 %, 35271 MiB, 35.94 W
2026/09/20 12:08:57.893, 1, 0 %, 0 %, 35271 MiB, 35.71 W
2026/09/20 12:08:57.894, 2, 0 %, 0 %, 35270 MiB, 36.46 W
2026/09/20 12:09:02.894, 0, 0 %, 0 %, 35271 MiB, 36.03 W
2026/09/20 12:09:02.894, 1, 0 %, 0 %, 35271 MiB, 35.60 W
2026/09/20 12:09:02.895, 2, 0 %, 0 %, 35270 MiB, 36.45 W
2026/09/20 12:09:07.896, 0, 0 %, 0 %, 35271 MiB, 35.94 W
2026/09/20 12:09:07.896, 1, 0 %, 0 %, 35271 MiB, 35.70 W
2026/09/20 12:09:07.896, 2, 0 %, 0 %, 35270 MiB, 36.26 W
2026/09/20 12:09:12.903, 0, 0 %, 0 %, 35271 MiB, 36.01 W
2026/09/20 12:09:12.903, 1, 0 %, 0 %, 35271 MiB, 35.60 W
2026/09/20 12:09:12.903, 2, 0 %, 0 %, 35270 MiB, 36.33 W
2026/09/20 12:09:17.905, 0, 0 %, 0 %, 35271 MiB, 36.13 W
2026/09/20 12:09:17.905, 1, 0 %, 0 %, 35271 MiB, 35.60 W
2026/09/20 12:09:17.905, 2, 0 %, 0 %, 35270 MiB, 36.36 W
2026/09/20 12:09:22.907, 0, 0 %, 0 %, 35271 MiB, 36.13 W
2026/09/20 12:09:22.907, 1, 0 %, 0 %, 35271 MiB, 35.51 W
2026/09/20 12:09:22.907, 2, 0 %, 0 %, 35270 MiB, 36.35 W
2026/09/20 12:09:27.910, 0, 0 %, 0 %, 35271 MiB, 36.04 W
2026/09/20 12:09:27.910, 1, 0 %, 0 %, 35271 MiB, 35.61 W
2026/09/20 12:09:27.911, 2, 0 %, 0 %, 35270 MiB, 36.36 W
2026/09/20 12:09:32.914, 0, 0 %, 0 %, 35271 MiB, 35.84 W
2026/09/20 12:09:32.914, 1, 0 %, 0 %, 35271 MiB, 35.60 W
2026/09/20 12:09:32.914, 2, 0 %, 0 %, 35270 MiB, 36.36 W
2026/09/20 12:09:37.914, 0, 0 %, 0 %, 35271 MiB, 36.04 W
2026/09/20 12:09:37.914, 1, 5 %, 0 %, 35271 MiB, 35.51 W
2026/09/20 12:09:37.914, 2, 0 %, 0 %, 35270 MiB, 36.36 W
2026/09/20 12:09:42.916, 0, 0 %, 0 %, 35271 MiB, 36.15 W
2026/09/20 12:09:42.916, 1, 0 %, 0 %, 35271 MiB, 35.53 W
2026/09/20 12:09:42.916, 2, 0 %, 0 %, 35270 MiB, 36.47 W
2026/09/20 12:09:47.916, 0, 0 %, 0 %, 35271 MiB, 35.85 W
2026/09/20 12:09:47.916, 1, 0 %, 0 %, 35271 MiB, 35.62 W
2026/09/20 12:09:47.916, 2, 0 %, 0 %, 35270 MiB, 36.36 W
2026/09/20 12:09:52.917, 0, 0 %, 0 %, 35271 MiB, 57.90 W
2026/09/20 12:09:52.918, 1, 0 %, 0 %, 35271 MiB, 54.90 W
2026/09/20 12:09:52.918, 2, 0 %, 0 %, 35270 MiB, 56.23 W
2026/09/20 12:09:57.918, 0, 0 %, 0 %, 35271 MiB, 36.06 W
2026/09/20 12:09:57.918, 1, 0 %, 0 %, 35271 MiB, 35.63 W
2026/09/20 12:09:57.918, 2, 0 %, 0 %, 35270 MiB, 36.49 W
2026/09/20 12:10:02.920, 0, 0 %, 0 %, 35271 MiB, 36.06 W
2026/09/20 12:10:02.920, 1, 0 %, 0 %, 35271 MiB, 35.72 W
2026/09/20 12:10:02.920, 2, 0 %, 0 %, 35270 MiB, 36.59 W
2026/09/20 12:10:07.921, 0, 0 %, 0 %, 35271 MiB, 36.06 W
2026/09/20 12:10:07.921, 1, 0 %, 0 %, 35271 MiB, 35.72 W
2026/09/20 12:10:07.921, 2, 0 %, 0 %, 35270 MiB, 36.57 W
2026/09/20 12:10:12.923, 0, 0 %, 0 %, 35271 MiB, 36.14 W
2026/09/20 12:10:12.923, 1, 0 %, 0 %, 35271 MiB, 35.72 W
2026/09/20 12:10:12.923, 2, 0 %, 0 %, 35270 MiB, 36.37 W
2026/09/20 12:10:17.924, 0, 0 %, 0 %, 35271 MiB, 36.04 W
2026/09/20 12:10:17.924, 1, 0 %, 0 %, 35271 MiB, 35.52 W
2026/09/20 12:10:17.924, 2, 0 %, 0 %, 35270 MiB, 36.66 W
2026/09/20 12:10:22.925, 0, 0 %, 0 %, 35271 MiB, 36.04 W
2026/09/20 12:10:22.925, 1, 0 %, 0 %, 35271 MiB, 35.80 W
2026/09/20 12:10:22.925, 2, 0 %, 0 %, 35270 MiB, 36.46 W
2026/09/20 12:10:27.927, 0, 0 %, 0 %, 35271 MiB, 36.31 W
2026/09/20 12:10:27.927, 1, 0 %, 0 %, 35271 MiB, 35.69 W
2026/09/20 12:10:27.927, 2, 0 %, 0 %, 35270 MiB, 36.33 W
2026/09/20 12:10:32.935, 0, 0 %, 0 %, 35271 MiB, 36.12 W
2026/09/20 12:10:32.935, 1, 0 %, 0 %, 35271 MiB, 35.41 W
2026/09/20 12:10:32.935, 2, 0 %, 0 %, 35270 MiB, 36.36 W
2026/09/20 12:10:37.937, 0, 0 %, 0 %, 35271 MiB, 36.11 W
2026/09/20 12:10:37.937, 1, 0 %, 0 %, 35271 MiB, 35.49 W
2026/09/20 12:10:37.937, 2, 0 %, 0 %, 35270 MiB, 36.43 W
2026/09/20 12:10:42.939, 0, 0 %, 0 %, 35271 MiB, 37.22 W
2026/09/20 12:10:42.939, 1, 0 %, 0 %, 35271 MiB, 35.72 W
2026/09/20 12:10:42.939, 2, 0 %, 0 %, 35270 MiB, 36.48 W
2026/09/20 12:10:47.940, 0, 0 %, 0 %, 35271 MiB, 36.15 W
2026/09/20 12:10:47.941, 1, 0 %, 0 %, 35271 MiB, 35.53 W
2026/09/20 12:10:47.941, 2, 0 %, 0 %, 35270 MiB, 36.36 W
2026/09/20 12:10:52.941, 0, 0 %, 0 %, 35271 MiB, 35.94 W
2026/09/20 12:10:52.941, 1, 0 %, 0 %, 35271 MiB, 35.61 W
2026/09/20 12:10:52.941, 2, 0 %, 0 %, 35270 MiB, 36.36 W
2026/09/20 12:10:57.943, 0, 0 %, 0 %, 35271 MiB, 36.03 W
2026/09/20 12:10:57.943, 1, 0 %, 0 %, 35271 MiB, 35.50 W
2026/09/20 12:10:57.943, 2, 0 %, 0 %, 35270 MiB, 36.57 W
2026/09/20 12:11:02.952, 0, 0 %, 0 %, 35271 MiB, 35.92 W
2026/09/20 12:11:02.952, 1, 0 %, 0 %, 35271 MiB, 35.78 W
2026/09/20 12:11:02.952, 2, 0 %, 0 %, 35270 MiB, 36.44 W
2026/09/20 12:11:07.954, 0, 0 %, 0 %, 35271 MiB, 36.02 W
2026/09/20 12:11:07.954, 1, 0 %, 0 %, 35271 MiB, 35.80 W
2026/09/20 12:11:07.954, 2, 0 %, 0 %, 35270 MiB, 36.46 W
2026/09/20 12:11:12.957, 0, 0 %, 0 %, 35271 MiB, 35.92 W
2026/09/20 12:11:12.957, 1, 0 %, 0 %, 35271 MiB, 35.59 W
2026/09/20 12:11:12.957, 2, 0 %, 0 %, 35270 MiB, 36.65 W
2026/09/20 12:11:17.961, 0, 15 %, 1 %, 35271 MiB, 35.92 W
2026/09/20 12:11:17.961, 1, 0 %, 0 %, 35271 MiB, 35.69 W
2026/09/20 12:11:17.961, 2, 0 %, 0 %, 35270 MiB, 36.24 W
2026/09/20 12:11:22.962, 0, 0 %, 0 %, 35271 MiB, 36.16 W
2026/09/20 12:11:22.963, 1, 0 %, 0 %, 35271 MiB, 35.62 W
2026/09/20 12:11:22.963, 2, 0 %, 0 %, 35270 MiB, 36.27 W
2026/09/20 12:11:27.964, 0, 0 %, 0 %, 35271 MiB, 36.04 W
2026/09/20 12:11:27.964, 1, 0 %, 0 %, 35271 MiB, 35.51 W
2026/09/20 12:11:27.964, 2, 0 %, 0 %, 35270 MiB, 36.36 W
2026/09/20 12:11:32.967, 0, 0 %, 0 %, 35271 MiB, 36.04 W
2026/09/20 12:11:32.967, 1, 0 %, 0 %, 35271 MiB, 35.51 W
2026/09/20 12:11:32.967, 2, 0 %, 0 %, 35270 MiB, 36.46 W
2026/09/20 12:11:37.969, 0, 0 %, 0 %, 35271 MiB, 36.11 W
2026/09/20 12:11:37.969, 1, 0 %, 0 %, 35271 MiB, 35.68 W
2026/09/20 12:11:37.969, 2, 0 %, 0 %, 35270 MiB, 36.33 W
2026/09/20 12:11:42.971, 0, 0 %, 0 %, 35271 MiB, 36.11 W
2026/09/20 12:11:42.971, 1, 0 %, 0 %, 35271 MiB, 35.60 W
2026/09/20 12:11:42.971, 2, 0 %, 0 %, 35270 MiB, 36.33 W
2026/09/20 12:11:47.973, 0, 0 %, 0 %, 35271 MiB, 35.82 W
2026/09/20 12:11:47.974, 1, 0 %, 0 %, 35271 MiB, 35.40 W
2026/09/20 12:11:47.974, 2, 0 %, 0 %, 35270 MiB, 36.24 W
2026/09/20 12:11:52.974, 0, 0 %, 0 %, 35271 MiB, 43.74 W
2026/09/20 12:11:52.975, 1, 0 %, 0 %, 35271 MiB, 35.54 W
2026/09/20 12:11:52.975, 2, 0 %, 0 %, 35270 MiB, 36.38 W
2026/09/20 12:11:57.975, 0, 0 %, 0 %, 35271 MiB, 36.05 W
2026/09/20 12:11:57.975, 1, 0 %, 0 %, 35271 MiB, 35.62 W
2026/09/20 12:11:57.976, 2, 0 %, 0 %, 35270 MiB, 36.36 W
2026/09/20 12:12:02.977, 0, 0 %, 0 %, 35271 MiB, 35.92 W
2026/09/20 12:12:02.977, 1, 0 %, 0 %, 35271 MiB, 35.59 W
2026/09/20 12:12:02.977, 2, 0 %, 0 %, 35270 MiB, 36.33 W
2026/09/20 12:12:07.978, 0, 0 %, 0 %, 35271 MiB, 35.92 W
2026/09/20 12:12:07.978, 1, 0 %, 0 %, 35271 MiB, 35.69 W
2026/09/20 12:12:07.978, 2, 0 %, 0 %, 35270 MiB, 36.54 W
2026/09/20 12:12:12.980, 0, 0 %, 0 %, 35271 MiB, 36.01 W
2026/09/20 12:12:12.980, 1, 0 %, 0 %, 35271 MiB, 35.88 W
2026/09/20 12:12:12.980, 2, 0 %, 0 %, 35270 MiB, 36.43 W
2026/09/20 12:12:17.987, 0, 0 %, 0 %, 35271 MiB, 36.01 W
2026/09/20 12:12:17.987, 1, 0 %, 0 %, 35271 MiB, 35.68 W
2026/09/20 12:12:17.987, 2, 0 %, 0 %, 35270 MiB, 36.43 W
2026/09/20 12:12:22.989, 0, 0 %, 0 %, 35271 MiB, 36.01 W
2026/09/20 12:12:22.989, 1, 0 %, 0 %, 35271 MiB, 35.60 W
2026/09/20 12:12:22.989, 2, 0 %, 0 %, 35270 MiB, 36.43 W
2026/09/20 12:12:27.994, 0, 20 %, 1 %, 35271 MiB, 36.12 W
2026/09/20 12:12:27.995, 1, 0 %, 0 %, 35271 MiB, 35.70 W
2026/09/20 12:12:27.995, 2, 0 %, 0 %, 35270 MiB, 36.36 W
2026/09/20 12:12:32.995, 0, 0 %, 0 %, 35271 MiB, 36.16 W
2026/09/20 12:12:32.995, 1, 0 %, 0 %, 35271 MiB, 35.72 W
2026/09/20 12:12:32.996, 2, 0 %, 0 %, 35270 MiB, 36.28 W
2026/09/20 12:12:37.997, 0, 0 %, 0 %, 35271 MiB, 36.03 W
2026/09/20 12:12:37.997, 1, 0 %, 0 %, 35271 MiB, 35.42 W
2026/09/20 12:12:37.997, 2, 0 %, 0 %, 35270 MiB, 36.36 W
2026/09/20 12:12:42.999, 0, 0 %, 0 %, 35271 MiB, 36.12 W
2026/09/20 12:12:42.999, 1, 0 %, 0 %, 35271 MiB, 35.50 W
2026/09/20 12:12:42.999, 2, 0 %, 0 %, 35270 MiB, 36.34 W
2026/09/20 12:12:48.000, 0, 0 %, 0 %, 35271 MiB, 36.02 W
2026/09/20 12:12:48.000, 1, 0 %, 0 %, 35271 MiB, 35.41 W
2026/09/20 12:12:48.000, 2, 0 %, 0 %, 35270 MiB, 36.33 W
2026/09/20 12:12:53.001, 0, 0 %, 0 %, 35271 MiB, 35.92 W
2026/09/20 12:12:53.002, 1, 0 %, 0 %, 35271 MiB, 35.60 W
2026/09/20 12:12:53.002, 2, 0 %, 0 %, 35270 MiB, 36.33 W
2026/09/20 12:12:58.003, 0, 0 %, 0 %, 35271 MiB, 35.92 W
2026/09/20 12:12:58.003, 1, 0 %, 0 %, 35271 MiB, 35.49 W
2026/09/20 12:12:58.003, 2, 0 %, 0 %, 35270 MiB, 36.33 W
2026/09/20 12:13:03.004, 0, 0 %, 0 %, 35271 MiB, 35.92 W
2026/09/20 12:13:03.005, 1, 0 %, 0 %, 35271 MiB, 35.60 W
2026/09/20 12:13:03.005, 2, 0 %, 0 %, 35270 MiB, 36.44 W
2026/09/20 12:13:08.005, 0, 0 %, 0 %, 35271 MiB, 36.15 W
2026/09/20 12:13:08.005, 1, 0 %, 0 %, 35271 MiB, 35.82 W
2026/09/20 12:13:08.005, 2, 0 %, 0 %, 35270 MiB, 36.47 W
2026/09/20 12:13:13.007, 0, 0 %, 0 %, 35271 MiB, 35.95 W
2026/09/20 12:13:13.007, 1, 0 %, 0 %, 35271 MiB, 35.53 W
2026/09/20 12:13:13.007, 2, 0 %, 0 %, 35270 MiB, 36.37 W
2026/09/20 12:13:18.008, 0, 0 %, 0 %, 35271 MiB, 35.94 W
2026/09/20 12:13:18.008, 1, 0 %, 0 %, 35271 MiB, 35.61 W
2026/09/20 12:13:18.008, 2, 0 %, 0 %, 35270 MiB, 36.46 W
2026/09/20 12:13:23.010, 0, 0 %, 0 %, 35271 MiB, 36.01 W
2026/09/20 12:13:23.010, 1, 0 %, 0 %, 35271 MiB, 35.59 W
2026/09/20 12:13:23.010, 2, 0 %, 0 %, 35270 MiB, 36.44 W
2026/09/20 12:13:28.012, 0, 0 %, 0 %, 35271 MiB, 36.11 W
2026/09/20 12:13:28.012, 1, 0 %, 0 %, 35271 MiB, 35.79 W
2026/09/20 12:13:28.013, 2, 0 %, 0 %, 35270 MiB, 36.43 W
2026/09/20 12:13:33.013, 0, 0 %, 0 %, 35271 MiB, 36.06 W
2026/09/20 12:13:33.014, 1, 0 %, 0 %, 35271 MiB, 35.63 W
2026/09/20 12:13:33.014, 2, 0 %, 0 %, 35270 MiB, 36.38 W
2026/09/20 12:13:38.014, 0, 0 %, 0 %, 35271 MiB, 35.94 W
2026/09/20 12:13:38.014, 1, 0 %, 0 %, 35271 MiB, 35.42 W
2026/09/20 12:13:38.014, 2, 0 %, 0 %, 35270 MiB, 36.46 W
2026/09/20 12:13:43.016, 0, 0 %, 0 %, 35271 MiB, 36.31 W
2026/09/20 12:13:43.016, 1, 0 %, 0 %, 35271 MiB, 35.50 W
2026/09/20 12:13:43.016, 2, 0 %, 0 %, 35270 MiB, 36.33 W
2026/09/20 12:13:48.018, 0, 0 %, 0 %, 35271 MiB, 36.12 W
2026/09/20 12:13:48.018, 1, 0 %, 0 %, 35271 MiB, 35.60 W
2026/09/20 12:13:48.018, 2, 0 %, 0 %, 35270 MiB, 36.24 W
2026/09/20 12:13:53.020, 0, 0 %, 0 %, 35271 MiB, 36.02 W
2026/09/20 12:13:53.021, 1, 0 %, 0 %, 35271 MiB, 35.50 W
2026/09/20 12:13:53.021, 2, 0 %, 0 %, 35270 MiB, 36.25 W
2026/09/20 12:13:58.021, 0, 0 %, 0 %, 35271 MiB, 37.51 W
2026/09/20 12:13:58.021, 1, 0 %, 0 %, 35271 MiB, 35.51 W
2026/09/20 12:13:58.021, 2, 0 %, 0 %, 35270 MiB, 36.57 W
2026/09/20 12:14:03.022, 0, 0 %, 0 %, 35271 MiB, 35.95 W
2026/09/20 12:14:03.023, 1, 0 %, 0 %, 35271 MiB, 35.72 W
2026/09/20 12:14:03.023, 2, 0 %, 0 %, 35270 MiB, 36.37 W
2026/09/20 12:14:08.023, 0, 0 %, 0 %, 35271 MiB, 36.02 W
2026/09/20 12:14:08.023, 1, 0 %, 0 %, 35271 MiB, 35.99 W
2026/09/20 12:14:08.023, 2, 0 %, 0 %, 35270 MiB, 36.44 W
2026/09/20 12:14:13.024, 0, 0 %, 0 %, 35271 MiB, 35.92 W
2026/09/20 12:14:13.024, 1, 0 %, 0 %, 35271 MiB, 35.60 W
2026/09/20 12:14:13.024, 2, 0 %, 0 %, 35270 MiB, 36.33 W
2026/09/20 12:14:18.030, 0, 0 %, 0 %, 35271 MiB, 36.12 W
2026/09/20 12:14:18.030, 1, 0 %, 0 %, 35271 MiB, 35.60 W
2026/09/20 12:14:18.030, 2, 0 %, 0 %, 35270 MiB, 36.54 W
2026/09/20 12:14:23.032, 0, 0 %, 0 %, 35271 MiB, 36.01 W
2026/09/20 12:14:23.032, 1, 0 %, 0 %, 35271 MiB, 35.88 W
2026/09/20 12:14:23.032, 2, 0 %, 0 %, 35270 MiB, 36.43 W
2026/09/20 12:14:28.034, 0, 25 %, 1 %, 35271 MiB, 36.03 W
2026/09/20 12:14:28.034, 1, 0 %, 0 %, 35271 MiB, 35.50 W
2026/09/20 12:14:28.035, 2, 0 %, 0 %, 35270 MiB, 36.44 W
2026/09/20 12:14:33.035, 0, 0 %, 0 %, 35271 MiB, 35.96 W
2026/09/20 12:14:33.035, 1, 0 %, 0 %, 35271 MiB, 35.53 W
2026/09/20 12:14:33.035, 2, 0 %, 0 %, 35270 MiB, 36.48 W
2026/09/20 12:14:38.036, 0, 0 %, 0 %, 35271 MiB, 36.13 W
2026/09/20 12:14:38.036, 1, 0 %, 0 %, 35271 MiB, 35.62 W
2026/09/20 12:14:38.036, 2, 0 %, 0 %, 35270 MiB, 36.36 W
2026/09/20 12:14:43.038, 0, 0 %, 0 %, 35271 MiB, 36.04 W
2026/09/20 12:14:43.038, 1, 0 %, 0 %, 35271 MiB, 35.50 W
2026/09/20 12:14:43.038, 2, 0 %, 0 %, 35270 MiB, 36.26 W
2026/09/20 12:14:48.039, 0, 0 %, 0 %, 35271 MiB, 35.94 W
2026/09/20 12:14:48.040, 1, 0 %, 0 %, 35271 MiB, 35.41 W
2026/09/20 12:14:48.040, 2, 0 %, 0 %, 35270 MiB, 36.24 W
2026/09/20 12:14:53.040, 0, 15 %, 1 %, 35271 MiB, 36.31 W
2026/09/20 12:14:53.040, 1, 0 %, 0 %, 35271 MiB, 35.60 W
2026/09/20 12:14:53.041, 2, 0 %, 0 %, 35270 MiB, 36.33 W
2026/09/20 12:14:58.041, 0, 18 %, 1 %, 35271 MiB, 36.13 W
2026/09/20 12:14:58.041, 1, 0 %, 0 %, 35271 MiB, 35.60 W
2026/09/20 12:14:58.042, 2, 0 %, 0 %, 35270 MiB, 36.36 W
2026/09/20 12:15:03.042, 0, 0 %, 0 %, 35271 MiB, 36.05 W
2026/09/20 12:15:03.042, 1, 0 %, 0 %, 35271 MiB, 35.43 W
2026/09/20 12:15:03.042, 2, 0 %, 0 %, 35270 MiB, 36.37 W
2026/09/20 12:15:08.043, 0, 0 %, 0 %, 35271 MiB, 35.94 W
2026/09/20 12:15:08.044, 1, 0 %, 0 %, 35271 MiB, 35.61 W
2026/09/20 12:15:08.044, 2, 0 %, 0 %, 35270 MiB, 36.36 W
2026/09/20 12:15:13.044, 0, 0 %, 0 %, 35271 MiB, 36.01 W
2026/09/20 12:15:13.044, 1, 0 %, 0 %, 35271 MiB, 35.49 W
2026/09/20 12:15:13.044, 2, 0 %, 0 %, 35270 MiB, 36.43 W
2026/09/20 12:15:18.046, 0, 0 %, 0 %, 35271 MiB, 36.02 W
2026/09/20 12:15:18.046, 1, 0 %, 0 %, 35271 MiB, 35.89 W
2026/09/20 12:15:18.047, 2, 0 %, 0 %, 35270 MiB, 36.43 W
2026/09/20 12:15:23.048, 0, 0 %, 0 %, 35271 MiB, 36.01 W
2026/09/20 12:15:23.048, 1, 0 %, 0 %, 35271 MiB, 35.68 W
2026/09/20 12:15:23.048, 2, 0 %, 0 %, 35270 MiB, 36.43 W
2026/09/20 12:15:28.049, 0, 0 %, 0 %, 35271 MiB, 36.21 W
2026/09/20 12:15:28.049, 1, 0 %, 0 %, 35271 MiB, 35.49 W
2026/09/20 12:15:28.049, 2, 0 %, 0 %, 35270 MiB, 36.43 W
2026/09/20 12:15:33.051, 0, 0 %, 0 %, 35271 MiB, 35.92 W
2026/09/20 12:15:33.052, 1, 0 %, 0 %, 35271 MiB, 35.59 W
2026/09/20 12:15:33.052, 2, 0 %, 0 %, 35270 MiB, 36.54 W
2026/09/20 12:15:38.052, 0, 25 %, 1 %, 35271 MiB, 35.94 W
2026/09/20 12:15:38.053, 1, 0 %, 0 %, 35271 MiB, 35.80 W
2026/09/20 12:15:38.053, 2, 0 %, 0 %, 35270 MiB, 36.57 W
2026/09/20 12:15:43.053, 0, 0 %, 0 %, 35271 MiB, 36.05 W
2026/09/20 12:15:43.053, 1, 0 %, 0 %, 35271 MiB, 35.53 W
2026/09/20 12:15:43.054, 2, 0 %, 0 %, 35270 MiB, 36.48 W
2026/09/20 12:15:48.055, 0, 0 %, 0 %, 35271 MiB, 36.12 W
2026/09/20 12:15:48.055, 1, 0 %, 0 %, 35271 MiB, 35.60 W
2026/09/20 12:15:48.055, 2, 0 %, 0 %, 35270 MiB, 36.26 W
2026/09/20 12:15:53.057, 0, 0 %, 0 %, 35271 MiB, 36.11 W
2026/09/20 12:15:53.057, 1, 0 %, 0 %, 35271 MiB, 35.50 W
2026/09/20 12:15:53.057, 2, 0 %, 0 %, 35270 MiB, 36.33 W
2026/09/20 12:15:58.059, 0, 0 %, 0 %, 35271 MiB, 36.11 W
2026/09/20 12:15:58.059, 1, 0 %, 0 %, 35271 MiB, 35.59 W
2026/09/20 12:15:58.059, 2, 0 %, 0 %, 35270 MiB, 36.33 W
2026/09/20 12:16:03.060, 0, 23 %, 1 %, 35271 MiB, 36.31 W
2026/09/20 12:16:03.061, 1, 0 %, 0 %, 35271 MiB, 35.60 W
2026/09/20 12:16:03.061, 2, 0 %, 0 %, 35270 MiB, 36.34 W
2026/09/20 12:16:08.061, 0, 0 %, 0 %, 35271 MiB, 36.16 W
2026/09/20 12:16:08.061, 1, 0 %, 0 %, 35271 MiB, 35.53 W
2026/09/20 12:16:08.061, 2, 0 %, 0 %, 35270 MiB, 36.58 W
2026/09/20 12:16:13.062, 0, 0 %, 0 %, 35271 MiB, 36.12 W
2026/09/20 12:16:13.062, 1, 0 %, 0 %, 35271 MiB, 35.51 W
2026/09/20 12:16:13.063, 2, 0 %, 0 %, 35270 MiB, 36.34 W
2026/09/20 12:16:18.064, 0, 0 %, 0 %, 35271 MiB, 35.92 W
2026/09/20 12:16:18.064, 1, 0 %, 0 %, 35271 MiB, 35.60 W
2026/09/20 12:16:18.064, 2, 0 %, 0 %, 35270 MiB, 36.33 W
2026/09/20 12:16:23.066, 0, 0 %, 0 %, 35271 MiB, 36.01 W
2026/09/20 12:16:23.066, 1, 0 %, 0 %, 35271 MiB, 35.50 W
2026/09/20 12:16:23.066, 2, 0 %, 0 %, 35270 MiB, 36.33 W
2026/09/20 12:16:28.068, 0, 0 %, 0 %, 35271 MiB, 35.93 W
2026/09/20 12:16:28.068, 1, 0 %, 0 %, 35271 MiB, 35.60 W
2026/09/20 12:16:28.068, 2, 0 %, 0 %, 35270 MiB, 36.47 W
2026/09/20 12:16:33.070, 0, 0 %, 0 %, 35271 MiB, 36.04 W
2026/09/20 12:16:33.070, 1, 0 %, 0 %, 35271 MiB, 35.81 W
2026/09/20 12:16:33.070, 2, 0 %, 0 %, 35270 MiB, 36.46 W
2026/09/20 12:16:38.071, 0, 0 %, 0 %, 35271 MiB, 36.22 W
2026/09/20 12:16:38.071, 1, 0 %, 0 %, 35271 MiB, 35.60 W
2026/09/20 12:16:38.071, 2, 0 %, 0 %, 35270 MiB, 36.45 W
2026/09/20 12:16:43.072, 0, 0 %, 0 %, 35271 MiB, 36.04 W
2026/09/20 12:16:43.072, 1, 0 %, 0 %, 35271 MiB, 35.70 W
2026/09/20 12:16:43.072, 2, 0 %, 0 %, 35270 MiB, 36.44 W
2026/09/20 12:16:48.074, 0, 0 %, 0 %, 35271 MiB, 36.04 W
2026/09/20 12:16:48.074, 1, 0 %, 0 %, 35271 MiB, 35.61 W
2026/09/20 12:16:48.074, 2, 0 %, 0 %, 35270 MiB, 36.47 W
2026/09/20 12:16:53.076, 0, 0 %, 0 %, 35271 MiB, 36.03 W
2026/09/20 12:16:53.076, 1, 0 %, 0 %, 35271 MiB, 35.80 W
2026/09/20 12:16:53.076, 2, 0 %, 0 %, 35270 MiB, 36.34 W
2026/09/20 12:16:58.078, 0, 0 %, 0 %, 35271 MiB, 36.22 W
2026/09/20 12:16:58.078, 1, 0 %, 0 %, 35271 MiB, 35.51 W
2026/09/20 12:16:58.078, 2, 0 %, 0 %, 35270 MiB, 36.36 W
2026/09/20 12:17:03.080, 0, 0 %, 0 %, 35271 MiB, 36.04 W
2026/09/20 12:17:03.080, 1, 0 %, 0 %, 35271 MiB, 35.61 W
2026/09/20 12:17:03.080, 2, 0 %, 0 %, 35270 MiB, 36.36 W
2026/09/20 12:17:08.086, 0, 0 %, 0 %, 35271 MiB, 36.04 W
2026/09/20 12:17:08.086, 1, 0 %, 0 %, 35271 MiB, 35.61 W
2026/09/20 12:17:08.086, 2, 0 %, 0 %, 35270 MiB, 36.36 W
2026/09/20 12:17:13.087, 0, 0 %, 0 %, 35271 MiB, 36.13 W
2026/09/20 12:17:13.087, 1, 0 %, 0 %, 35271 MiB, 35.60 W
2026/09/20 12:17:13.087, 2, 0 %, 0 %, 35270 MiB, 36.36 W
2026/09/20 12:17:18.089, 0, 0 %, 0 %, 35271 MiB, 36.11 W
2026/09/20 12:17:18.089, 1, 0 %, 0 %, 35271 MiB, 35.50 W
2026/09/20 12:17:18.089, 2, 0 %, 0 %, 35270 MiB, 36.36 W
2026/09/20 12:17:23.091, 0, 0 %, 0 %, 35271 MiB, 35.83 W
2026/09/20 12:17:23.091, 1, 0 %, 0 %, 35271 MiB, 35.50 W
2026/09/20 12:17:23.091, 2, 0 %, 0 %, 35270 MiB, 36.55 W
2026/09/20 12:17:28.093, 0, 0 %, 0 %, 35271 MiB, 35.94 W
2026/09/20 12:17:28.093, 1, 0 %, 0 %, 35271 MiB, 35.60 W
2026/09/20 12:17:28.093, 2, 0 %, 0 %, 35270 MiB, 36.36 W
2026/09/20 12:17:33.098, 0, 0 %, 0 %, 35271 MiB, 36.04 W
2026/09/20 12:17:33.099, 1, 0 %, 0 %, 35271 MiB, 35.60 W
2026/09/20 12:17:33.099, 2, 0 %, 0 %, 35270 MiB, 36.36 W
2026/09/20 12:17:38.102, 0, 0 %, 0 %, 35271 MiB, 36.01 W
2026/09/20 12:17:38.103, 1, 0 %, 0 %, 35271 MiB, 35.69 W
2026/09/20 12:17:38.103, 2, 0 %, 0 %, 35270 MiB, 36.44 W
2026/09/20 12:17:43.103, 0, 0 %, 0 %, 35271 MiB, 35.93 W
2026/09/20 12:17:43.103, 1, 0 %, 0 %, 35271 MiB, 35.70 W
2026/09/20 12:17:43.103, 2, 0 %, 0 %, 35270 MiB, 36.56 W
2026/09/20 12:17:48.104, 0, 0 %, 0 %, 35271 MiB, 36.04 W
2026/09/20 12:17:48.105, 1, 0 %, 0 %, 35271 MiB, 35.90 W
2026/09/20 12:17:48.105, 2, 0 %, 0 %, 35270 MiB, 36.46 W
2026/09/20 12:17:53.106, 0, 0 %, 0 %, 35271 MiB, 36.32 W
2026/09/20 12:17:53.106, 1, 0 %, 0 %, 35271 MiB, 35.70 W
2026/09/20 12:17:53.106, 2, 0 %, 0 %, 35270 MiB, 36.44 W
2026/09/20 12:17:58.107, 0, 0 %, 0 %, 35271 MiB, 36.02 W
2026/09/20 12:17:58.107, 1, 0 %, 0 %, 35271 MiB, 35.78 W
2026/09/20 12:17:58.107, 2, 0 %, 0 %, 35270 MiB, 36.55 W
2026/09/20 12:18:03.109, 0, 0 %, 0 %, 35271 MiB, 35.93 W
2026/09/20 12:18:03.109, 1, 0 %, 0 %, 35271 MiB, 35.60 W
2026/09/20 12:18:03.109, 2, 0 %, 0 %, 35270 MiB, 36.36 W
2026/09/20 12:18:08.110, 0, 0 %, 0 %, 35271 MiB, 36.03 W
2026/09/20 12:18:08.110, 1, 0 %, 0 %, 35271 MiB, 35.60 W
2026/09/20 12:18:08.110, 2, 0 %, 0 %, 35270 MiB, 36.35 W
2026/09/20 12:18:13.112, 0, 0 %, 0 %, 35271 MiB, 36.23 W
2026/09/20 12:18:13.112, 1, 0 %, 0 %, 35271 MiB, 35.51 W
2026/09/20 12:18:13.112, 2, 0 %, 0 %, 35270 MiB, 36.36 W
2026/09/20 12:18:18.114, 0, 0 %, 0 %, 35271 MiB, 36.13 W
2026/09/20 12:18:18.114, 1, 0 %, 0 %, 35271 MiB, 35.61 W
2026/09/20 12:18:18.114, 2, 0 %, 0 %, 35270 MiB, 36.56 W
2026/09/20 12:18:23.115, 0, 0 %, 0 %, 35271 MiB, 36.13 W
2026/09/20 12:18:23.115, 1, 0 %, 0 %, 35271 MiB, 35.51 W
2026/09/20 12:18:23.115, 2, 0 %, 0 %, 35270 MiB, 36.46 W
2026/09/20 12:18:28.116, 0, 0 %, 0 %, 35271 MiB, 35.94 W
2026/09/20 12:18:28.116, 1, 0 %, 0 %, 35271 MiB, 35.61 W
2026/09/20 12:18:28.116, 2, 0 %, 0 %, 35270 MiB, 36.36 W
2026/09/20 12:18:33.117, 0, 0 %, 0 %, 35271 MiB, 36.04 W
2026/09/20 12:18:33.118, 1, 0 %, 0 %, 35271 MiB, 35.61 W
2026/09/20 12:18:33.118, 2, 0 %, 0 %, 35270 MiB, 36.36 W
2026/09/20 12:18:38.118, 0, 0 %, 0 %, 35271 MiB, 35.96 W
2026/09/20 12:18:38.119, 1, 0 %, 0 %, 35271 MiB, 35.53 W
2026/09/20 12:18:38.119, 2, 0 %, 0 %, 35270 MiB, 36.57 W
2026/09/20 12:18:43.119, 0, 0 %, 0 %, 35271 MiB, 35.95 W
2026/09/20 12:18:43.120, 1, 0 %, 0 %, 35271 MiB, 35.81 W
2026/09/20 12:18:43.120, 2, 0 %, 0 %, 35270 MiB, 36.46 W
2026/09/20 12:18:48.120, 0, 0 %, 0 %, 35271 MiB, 36.16 W
2026/09/20 12:18:48.121, 1, 0 %, 0 %, 35271 MiB, 35.53 W
2026/09/20 12:18:48.121, 2, 0 %, 0 %, 35270 MiB, 36.38 W
2026/09/20 12:18:53.121, 0, 84 %, 9 %, 35271 MiB, 74.75 W
2026/09/20 12:18:53.121, 1, 97 %, 6 %, 35271 MiB, 81.09 W
2026/09/20 12:18:53.121, 2, 0 %, 0 %, 35270 MiB, 56.18 W
2026/09/20 12:18:58.122, 0, 0 %, 0 %, 35271 MiB, 36.16 W
2026/09/20 12:18:58.122, 1, 0 %, 0 %, 35271 MiB, 35.72 W
2026/09/20 12:18:58.122, 2, 0 %, 0 %, 35270 MiB, 36.58 W
2026/09/20 12:19:03.127, 0, 0 %, 0 %, 35271 MiB, 36.25 W
2026/09/20 12:19:03.127, 1, 0 %, 0 %, 35271 MiB, 35.82 W
2026/09/20 12:19:03.127, 2, 0 %, 0 %, 35270 MiB, 36.68 W
2026/09/20 12:19:08.128, 0, 0 %, 0 %, 35271 MiB, 36.35 W
2026/09/20 12:19:08.128, 1, 0 %, 0 %, 35271 MiB, 35.73 W
2026/09/20 12:19:08.129, 2, 0 %, 0 %, 35270 MiB, 36.38 W
2026/09/20 12:19:13.129, 0, 0 %, 0 %, 35271 MiB, 36.04 W
2026/09/20 12:19:13.129, 1, 0 %, 0 %, 35271 MiB, 35.62 W
2026/09/20 12:19:13.129, 2, 0 %, 0 %, 35270 MiB, 36.36 W
2026/09/20 12:19:18.131, 0, 0 %, 0 %, 35271 MiB, 36.13 W
2026/09/20 12:19:18.131, 1, 0 %, 0 %, 35271 MiB, 35.61 W
2026/09/20 12:19:18.131, 2, 0 %, 0 %, 35270 MiB, 36.36 W
2026/09/20 12:19:23.133, 0, 0 %, 0 %, 35271 MiB, 36.11 W
2026/09/20 12:19:23.133, 1, 0 %, 0 %, 35271 MiB, 35.60 W
2026/09/20 12:19:23.133, 2, 0 %, 0 %, 35270 MiB, 36.34 W
2026/09/20 12:19:28.135, 0, 0 %, 0 %, 35271 MiB, 36.31 W
2026/09/20 12:19:28.135, 1, 0 %, 0 %, 35271 MiB, 35.50 W
2026/09/20 12:19:28.135, 2, 0 %, 0 %, 35270 MiB, 36.34 W
2026/09/20 12:19:33.137, 0, 0 %, 0 %, 35271 MiB, 36.11 W
2026/09/20 12:19:33.137, 1, 0 %, 0 %, 35271 MiB, 35.69 W
2026/09/20 12:19:33.137, 2, 0 %, 0 %, 35270 MiB, 36.54 W
2026/09/20 12:19:38.138, 0, 0 %, 0 %, 35271 MiB, 35.92 W
2026/09/20 12:19:38.138, 1, 0 %, 0 %, 35271 MiB, 35.50 W
2026/09/20 12:19:38.138, 2, 0 %, 0 %, 35270 MiB, 36.33 W
2026/09/20 12:19:43.139, 0, 0 %, 0 %, 35271 MiB, 35.94 W
2026/09/20 12:19:43.139, 1, 0 %, 0 %, 35271 MiB, 35.80 W
2026/09/20 12:19:43.139, 2, 0 %, 0 %, 35270 MiB, 36.36 W
2026/09/20 12:19:48.141, 0, 0 %, 0 %, 35271 MiB, 35.93 W
2026/09/20 12:19:48.141, 1, 0 %, 0 %, 35271 MiB, 35.60 W
2026/09/20 12:19:48.141, 2, 0 %, 0 %, 35270 MiB, 36.44 W
2026/09/20 12:19:53.143, 0, 0 %, 0 %, 35271 MiB, 36.02 W
2026/09/20 12:19:53.143, 1, 0 %, 0 %, 35271 MiB, 35.69 W
2026/09/20 12:19:53.143, 2, 0 %, 0 %, 35270 MiB, 36.45 W
2026/09/20 12:19:58.144, 0, 0 %, 0 %, 35271 MiB, 35.92 W
2026/09/20 12:19:58.144, 1, 0 %, 0 %, 35271 MiB, 35.80 W
2026/09/20 12:19:58.144, 2, 0 %, 0 %, 35270 MiB, 36.44 W
2026/09/20 12:20:03.146, 0, 0 %, 0 %, 35271 MiB, 36.32 W
2026/09/20 12:20:03.146, 1, 0 %, 0 %, 35271 MiB, 35.60 W
2026/09/20 12:20:03.146, 2, 0 %, 0 %, 35270 MiB, 36.54 W
2026/09/20 12:20:08.148, 0, 0 %, 0 %, 35271 MiB, 36.02 W
2026/09/20 12:20:08.148, 1, 0 %, 0 %, 35271 MiB, 35.69 W
2026/09/20 12:20:08.148, 2, 0 %, 0 %, 35270 MiB, 36.76 W
2026/09/20 12:20:13.150, 0, 0 %, 0 %, 35271 MiB, 36.03 W
2026/09/20 12:20:13.150, 1, 0 %, 0 %, 35271 MiB, 35.69 W
2026/09/20 12:20:13.150, 2, 0 %, 0 %, 35270 MiB, 36.35 W
2026/09/20 12:20:18.152, 0, 0 %, 0 %, 35271 MiB, 36.01 W
2026/09/20 12:20:18.152, 1, 0 %, 0 %, 35271 MiB, 35.60 W
2026/09/20 12:20:18.152, 2, 0 %, 0 %, 35270 MiB, 36.33 W
2026/09/20 12:20:23.153, 0, 0 %, 0 %, 35271 MiB, 36.21 W
2026/09/20 12:20:23.153, 1, 0 %, 0 %, 35271 MiB, 35.60 W
2026/09/20 12:20:23.154, 2, 0 %, 0 %, 35270 MiB, 36.36 W
2026/09/20 12:20:28.155, 0, 0 %, 0 %, 35271 MiB, 36.03 W
2026/09/20 12:20:28.155, 1, 0 %, 0 %, 35271 MiB, 35.60 W
2026/09/20 12:20:28.155, 2, 0 %, 0 %, 35270 MiB, 36.44 W
2026/09/20 12:20:33.157, 0, 0 %, 0 %, 35271 MiB, 36.11 W
2026/09/20 12:20:33.157, 1, 0 %, 0 %, 35271 MiB, 35.69 W
2026/09/20 12:20:33.157, 2, 0 %, 0 %, 35270 MiB, 36.33 W
2026/09/20 12:20:38.159, 0, 0 %, 0 %, 35271 MiB, 36.04 W
2026/09/20 12:20:38.159, 1, 0 %, 0 %, 35271 MiB, 35.60 W
2026/09/20 12:20:38.159, 2, 0 %, 0 %, 35270 MiB, 36.36 W
2026/09/20 12:20:43.161, 0, 0 %, 0 %, 35271 MiB, 35.92 W
2026/09/20 12:20:43.161, 1, 0 %, 0 %, 35271 MiB, 35.51 W
2026/09/20 12:20:43.161, 2, 0 %, 0 %, 35270 MiB, 36.36 W
2026/09/20 12:20:48.163, 0, 0 %, 0 %, 35271 MiB, 35.92 W
2026/09/20 12:20:48.163, 1, 0 %, 0 %, 35271 MiB, 35.60 W
2026/09/20 12:20:48.163, 2, 0 %, 0 %, 35270 MiB, 36.43 W
2026/09/20 12:20:53.165, 0, 0 %, 0 %, 35271 MiB, 35.93 W
2026/09/20 12:20:53.165, 1, 0 %, 0 %, 35271 MiB, 35.80 W
2026/09/20 12:20:53.165, 2, 0 %, 0 %, 35270 MiB, 36.36 W
2026/09/20 12:20:58.166, 0, 0 %, 0 %, 35271 MiB, 36.12 W
2026/09/20 12:20:58.166, 1, 0 %, 0 %, 35271 MiB, 35.70 W
2026/09/20 12:20:58.166, 2, 0 %, 0 %, 35270 MiB, 36.44 W
2026/09/20 12:21:03.167, 0, 0 %, 0 %, 35271 MiB, 36.01 W
2026/09/20 12:21:03.167, 1, 0 %, 0 %, 35271 MiB, 35.69 W
2026/09/20 12:21:03.167, 2, 0 %, 0 %, 35270 MiB, 36.65 W
2026/09/20 12:21:08.168, 0, 0 %, 0 %, 35271 MiB, 36.04 W
2026/09/20 12:21:08.169, 1, 0 %, 0 %, 35271 MiB, 35.71 W
2026/09/20 12:21:08.169, 2, 0 %, 0 %, 35270 MiB, 36.46 W
2026/09/20 12:21:13.169, 0, 0 %, 0 %, 35271 MiB, 36.04 W
2026/09/20 12:21:13.169, 1, 0 %, 0 %, 35271 MiB, 35.81 W
2026/09/20 12:21:13.170, 2, 0 %, 0 %, 35270 MiB, 36.46 W
2026/09/20 12:21:18.170, 0, 0 %, 0 %, 35271 MiB, 36.33 W
2026/09/20 12:21:18.170, 1, 0 %, 0 %, 35271 MiB, 35.70 W
2026/09/20 12:21:18.170, 2, 0 %, 0 %, 35270 MiB, 36.57 W
2026/09/20 12:21:23.171, 0, 0 %, 0 %, 35271 MiB, 36.03 W
2026/09/20 12:21:23.172, 1, 0 %, 0 %, 35271 MiB, 35.62 W
2026/09/20 12:21:23.172, 2, 0 %, 0 %, 35270 MiB, 36.47 W
2026/09/20 12:21:28.172, 0, 0 %, 0 %, 35271 MiB, 36.13 W
2026/09/20 12:21:28.172, 1, 0 %, 0 %, 35271 MiB, 35.61 W
2026/09/20 12:21:28.172, 2, 0 %, 0 %, 35270 MiB, 36.36 W
2026/09/20 12:21:33.174, 0, 0 %, 0 %, 35271 MiB, 36.13 W
2026/09/20 12:21:33.174, 1, 0 %, 0 %, 35271 MiB, 35.62 W
2026/09/20 12:21:33.174, 2, 0 %, 0 %, 35270 MiB, 36.36 W
2026/09/20 12:21:38.175, 0, 0 %, 0 %, 35271 MiB, 36.25 W
2026/09/20 12:21:38.175, 1, 0 %, 0 %, 35271 MiB, 35.62 W
2026/09/20 12:21:38.175, 2, 0 %, 0 %, 35270 MiB, 36.37 W
2026/09/20 12:21:43.175, 0, 0 %, 0 %, 35271 MiB, 36.15 W
2026/09/20 12:21:43.175, 1, 0 %, 0 %, 35271 MiB, 35.53 W
2026/09/20 12:21:43.175, 2, 0 %, 0 %, 35270 MiB, 36.47 W
2026/09/20 12:21:48.175, 0, 0 %, 0 %, 35271 MiB, 36.13 W
2026/09/20 12:21:48.176, 1, 0 %, 0 %, 35271 MiB, 35.61 W
2026/09/20 12:21:48.176, 2, 0 %, 0 %, 35270 MiB, 36.36 W
2026/09/20 12:21:53.176, 0, 0 %, 0 %, 35271 MiB, 57.74 W
2026/09/20 12:21:53.177, 1, 0 %, 0 %, 35271 MiB, 54.81 W
2026/09/20 12:21:53.177, 2, 0 %, 0 %, 35270 MiB, 36.68 W
2026/09/20 12:21:58.177, 0, 0 %, 0 %, 35271 MiB, 36.06 W
2026/09/20 12:21:58.177, 1, 0 %, 0 %, 35271 MiB, 35.62 W
2026/09/20 12:21:58.178, 2, 0 %, 0 %, 35270 MiB, 36.47 W
2026/09/20 12:22:03.179, 0, 0 %, 0 %, 35271 MiB, 35.96 W
2026/09/20 12:22:03.179, 1, 0 %, 0 %, 35271 MiB, 35.63 W
2026/09/20 12:22:03.179, 2, 0 %, 0 %, 35270 MiB, 36.59 W
2026/09/20 12:22:08.180, 0, 0 %, 0 %, 35271 MiB, 35.95 W
2026/09/20 12:22:08.181, 1, 0 %, 0 %, 35271 MiB, 35.63 W
2026/09/20 12:22:08.181, 2, 0 %, 0 %, 35270 MiB, 36.58 W
2026/09/20 12:22:13.181, 0, 0 %, 0 %, 35271 MiB, 36.25 W
2026/09/20 12:22:13.182, 1, 0 %, 0 %, 35271 MiB, 35.72 W
2026/09/20 12:22:13.182, 2, 0 %, 0 %, 35270 MiB, 36.47 W
2026/09/20 12:22:18.184, 0, 9 %, 0 %, 35271 MiB, 36.02 W
2026/09/20 12:22:18.184, 1, 0 %, 0 %, 35271 MiB, 35.69 W
2026/09/20 12:22:18.184, 2, 0 %, 0 %, 35270 MiB, 36.66 W
2026/09/20 12:22:23.185, 0, 0 %, 0 %, 35271 MiB, 36.04 W
2026/09/20 12:22:23.186, 1, 0 %, 0 %, 35271 MiB, 35.71 W
2026/09/20 12:22:23.186, 2, 0 %, 0 %, 35270 MiB, 36.57 W
2026/09/20 12:22:28.187, 0, 24 %, 1 %, 35271 MiB, 36.31 W
2026/09/20 12:22:28.188, 1, 0 %, 0 %, 35271 MiB, 35.90 W
2026/09/20 12:22:28.188, 2, 0 %, 0 %, 35270 MiB, 36.34 W
2026/09/20 12:22:33.188, 0, 0 %, 0 %, 35271 MiB, 36.13 W
2026/09/20 12:22:33.189, 1, 0 %, 0 %, 35271 MiB, 35.61 W
2026/09/20 12:22:33.189, 2, 0 %, 0 %, 35270 MiB, 36.36 W
2026/09/20 12:22:38.189, 0, 0 %, 0 %, 35271 MiB, 36.13 W
2026/09/20 12:22:38.189, 1, 0 %, 0 %, 35271 MiB, 35.51 W
2026/09/20 12:22:38.189, 2, 0 %, 0 %, 35270 MiB, 36.36 W
2026/09/20 12:22:43.189, 0, 0 %, 0 %, 35271 MiB, 42.98 W
2026/09/20 12:22:43.190, 1, 0 %, 0 %, 35271 MiB, 35.52 W
2026/09/20 12:22:43.190, 2, 0 %, 0 %, 35270 MiB, 36.28 W
2026/09/20 12:22:48.191, 0, 0 %, 0 %, 35271 MiB, 36.32 W
2026/09/20 12:22:48.191, 1, 0 %, 0 %, 35271 MiB, 35.50 W
2026/09/20 12:22:48.191, 2, 0 %, 0 %, 35270 MiB, 36.36 W
2026/09/20 12:22:53.192, 0, 0 %, 0 %, 35271 MiB, 36.13 W
2026/09/20 12:22:53.192, 1, 0 %, 0 %, 35271 MiB, 35.51 W
2026/09/20 12:22:53.192, 2, 0 %, 0 %, 35270 MiB, 36.57 W
2026/09/20 12:22:58.192, 0, 0 %, 0 %, 35271 MiB, 35.95 W
2026/09/20 12:22:58.193, 1, 0 %, 0 %, 35271 MiB, 35.62 W
2026/09/20 12:22:58.193, 2, 0 %, 0 %, 35270 MiB, 36.46 W
2026/09/20 12:23:03.200, 0, 11 %, 0 %, 35271 MiB, 36.12 W
2026/09/20 12:23:03.201, 1, 0 %, 0 %, 35271 MiB, 35.69 W
2026/09/20 12:23:03.201, 2, 0 %, 0 %, 35270 MiB, 36.35 W
2026/09/20 12:23:08.202, 0, 0 %, 0 %, 35271 MiB, 36.04 W
2026/09/20 12:23:08.202, 1, 0 %, 0 %, 35271 MiB, 35.71 W
2026/09/20 12:23:08.202, 2, 0 %, 0 %, 35270 MiB, 36.36 W
2026/09/20 12:23:13.204, 0, 0 %, 0 %, 35271 MiB, 35.92 W
2026/09/20 12:23:13.204, 1, 0 %, 0 %, 35271 MiB, 35.60 W
2026/09/20 12:23:13.205, 2, 0 %, 0 %, 35270 MiB, 36.54 W
2026/09/20 12:23:18.205, 0, 0 %, 0 %, 35271 MiB, 35.94 W
2026/09/20 12:23:18.205, 1, 0 %, 0 %, 35271 MiB, 35.61 W
2026/09/20 12:23:18.205, 2, 0 %, 0 %, 35270 MiB, 36.46 W
2026/09/20 12:23:23.207, 0, 0 %, 0 %, 35271 MiB, 36.11 W
2026/09/20 12:23:23.207, 1, 0 %, 0 %, 35271 MiB, 35.79 W
2026/09/20 12:23:23.207, 2, 0 %, 0 %, 35270 MiB, 36.55 W
2026/09/20 12:23:28.209, 0, 0 %, 0 %, 35271 MiB, 44.14 W
2026/09/20 12:23:28.209, 1, 0 %, 0 %, 35271 MiB, 35.62 W
2026/09/20 12:23:28.210, 2, 0 %, 0 %, 35270 MiB, 36.57 W
2026/09/20 12:23:33.211, 0, 0 %, 0 %, 35271 MiB, 36.04 W
2026/09/20 12:23:33.211, 1, 0 %, 0 %, 35271 MiB, 35.61 W
2026/09/20 12:23:33.211, 2, 0 %, 0 %, 35270 MiB, 36.46 W
2026/09/20 12:23:38.213, 0, 0 %, 0 %, 35271 MiB, 36.22 W
2026/09/20 12:23:38.213, 1, 0 %, 0 %, 35271 MiB, 35.69 W
2026/09/20 12:23:38.214, 2, 0 %, 0 %, 35270 MiB, 36.24 W
2026/09/20 12:23:43.214, 0, 0 %, 0 %, 35271 MiB, 36.04 W
2026/09/20 12:23:43.214, 1, 0 %, 0 %, 35271 MiB, 35.61 W
2026/09/20 12:23:43.215, 2, 0 %, 0 %, 35270 MiB, 36.26 W
2026/09/20 12:23:48.216, 0, 5 %, 0 %, 35271 MiB, 36.06 W
2026/09/20 12:23:48.216, 1, 0 %, 0 %, 35271 MiB, 35.43 W
2026/09/20 12:23:48.216, 2, 0 %, 0 %, 35270 MiB, 36.46 W
2026/09/20 12:23:53.218, 0, 0 %, 0 %, 35271 MiB, 36.11 W
2026/09/20 12:23:53.218, 1, 0 %, 0 %, 35271 MiB, 35.50 W
2026/09/20 12:23:53.218, 2, 0 %, 0 %, 35270 MiB, 36.33 W
2026/09/20 12:23:58.220, 0, 0 %, 0 %, 35271 MiB, 36.23 W
2026/09/20 12:23:58.220, 1, 0 %, 0 %, 35271 MiB, 35.81 W
2026/09/20 12:23:58.220, 2, 0 %, 0 %, 35270 MiB, 36.36 W
2026/09/20 12:24:03.222, 0, 0 %, 0 %, 35271 MiB, 41.98 W
2026/09/20 12:24:03.222, 1, 0 %, 0 %, 35271 MiB, 35.43 W
2026/09/20 12:24:03.223, 2, 0 %, 0 %, 35270 MiB, 36.25 W
2026/09/20 12:24:08.223, 0, 0 %, 0 %, 35271 MiB, 35.92 W
2026/09/20 12:24:08.224, 1, 0 %, 0 %, 35271 MiB, 35.60 W
2026/09/20 12:24:08.224, 2, 0 %, 0 %, 35270 MiB, 36.44 W
2026/09/20 12:24:13.224, 0, 0 %, 0 %, 35271 MiB, 36.12 W
2026/09/20 12:24:13.224, 1, 0 %, 0 %, 35271 MiB, 35.60 W
2026/09/20 12:24:13.224, 2, 0 %, 0 %, 35270 MiB, 36.35 W
2026/09/20 12:24:18.225, 0, 0 %, 0 %, 35271 MiB, 35.94 W
2026/09/20 12:24:18.226, 1, 0 %, 0 %, 35271 MiB, 35.60 W
2026/09/20 12:24:18.226, 2, 0 %, 0 %, 35270 MiB, 36.36 W
2026/09/20 12:24:23.226, 0, 0 %, 0 %, 35271 MiB, 35.94 W
2026/09/20 12:24:23.226, 1, 0 %, 0 %, 35271 MiB, 35.51 W
2026/09/20 12:24:23.226, 2, 0 %, 0 %, 35270 MiB, 36.46 W
2026/09/20 12:24:28.228, 0, 0 %, 0 %, 35271 MiB, 35.94 W
2026/09/20 12:24:28.228, 1, 0 %, 0 %, 35271 MiB, 35.71 W
2026/09/20 12:24:28.228, 2, 0 %, 0 %, 35270 MiB, 36.46 W
2026/09/20 12:24:33.230, 0, 0 %, 0 %, 35271 MiB, 40.87 W
2026/09/20 12:24:33.230, 1, 0 %, 0 %, 35271 MiB, 35.51 W
2026/09/20 12:24:33.231, 2, 0 %, 0 %, 35270 MiB, 36.36 W
2026/09/20 12:24:38.231, 0, 0 %, 0 %, 35271 MiB, 36.04 W
2026/09/20 12:24:38.232, 1, 0 %, 0 %, 35271 MiB, 35.81 W
2026/09/20 12:24:38.232, 2, 0 %, 0 %, 35270 MiB, 36.47 W
2026/09/20 12:24:43.236, 0, 0 %, 0 %, 35271 MiB, 36.01 W
2026/09/20 12:24:43.236, 1, 0 %, 0 %, 35271 MiB, 35.69 W
2026/09/20 12:24:43.236, 2, 0 %, 0 %, 35270 MiB, 36.34 W
2026/09/20 12:24:48.240, 0, 0 %, 0 %, 35271 MiB, 36.25 W
2026/09/20 12:24:48.240, 1, 0 %, 0 %, 35271 MiB, 35.43 W
2026/09/20 12:24:48.240, 2, 0 %, 0 %, 35270 MiB, 36.36 W
2026/09/20 12:24:53.242, 0, 0 %, 0 %, 35271 MiB, 36.04 W
2026/09/20 12:24:53.242, 1, 0 %, 0 %, 35271 MiB, 35.50 W
2026/09/20 12:24:53.242, 2, 0 %, 0 %, 35270 MiB, 36.24 W
2026/09/20 12:24:58.243, 0, 0 %, 0 %, 35271 MiB, 36.01 W
2026/09/20 12:24:58.244, 1, 0 %, 0 %, 35271 MiB, 35.60 W
2026/09/20 12:24:58.244, 2, 0 %, 0 %, 35270 MiB, 36.24 W
2026/09/20 12:25:03.244, 0, 0 %, 0 %, 35271 MiB, 36.05 W
2026/09/20 12:25:03.244, 1, 0 %, 0 %, 35271 MiB, 35.61 W
2026/09/20 12:25:03.244, 2, 0 %, 0 %, 35270 MiB, 36.36 W
2026/09/20 12:25:08.246, 0, 19 %, 1 %, 35271 MiB, 36.11 W
2026/09/20 12:25:08.246, 1, 0 %, 0 %, 35271 MiB, 35.40 W
2026/09/20 12:25:08.247, 2, 0 %, 0 %, 35270 MiB, 36.34 W
2026/09/20 12:25:13.248, 0, 0 %, 0 %, 35271 MiB, 35.94 W
2026/09/20 12:25:13.248, 1, 0 %, 0 %, 35271 MiB, 36.29 W
2026/09/20 12:25:13.248, 2, 0 %, 0 %, 35270 MiB, 36.36 W
2026/09/20 12:25:18.253, 0, 14 %, 1 %, 35271 MiB, 35.83 W
2026/09/20 12:25:18.253, 1, 0 %, 0 %, 35271 MiB, 35.60 W
2026/09/20 12:25:18.253, 2, 0 %, 0 %, 35270 MiB, 36.57 W
2026/09/20 12:25:23.255, 0, 0 %, 0 %, 35271 MiB, 36.13 W
2026/09/20 12:25:23.255, 1, 0 %, 0 %, 35271 MiB, 35.61 W
2026/09/20 12:25:23.255, 2, 0 %, 0 %, 35270 MiB, 36.36 W
2026/09/20 12:25:28.256, 0, 0 %, 0 %, 35271 MiB, 35.95 W
2026/09/20 12:25:28.256, 1, 0 %, 0 %, 35271 MiB, 35.62 W
2026/09/20 12:25:28.256, 2, 0 %, 0 %, 35270 MiB, 36.36 W
2026/09/20 12:25:33.257, 0, 0 %, 0 %, 35271 MiB, 42.38 W
2026/09/20 12:25:33.257, 1, 0 %, 0 %, 35271 MiB, 35.63 W
2026/09/20 12:25:33.258, 2, 0 %, 0 %, 35270 MiB, 36.48 W
2026/09/20 12:25:38.258, 0, 0 %, 0 %, 35271 MiB, 35.95 W
2026/09/20 12:25:38.258, 1, 0 %, 0 %, 35271 MiB, 35.63 W
2026/09/20 12:25:38.258, 2, 0 %, 0 %, 35270 MiB, 36.68 W
2026/09/20 12:25:43.260, 0, 0 %, 0 %, 35271 MiB, 36.13 W
2026/09/20 12:25:43.260, 1, 0 %, 0 %, 35271 MiB, 35.70 W
2026/09/20 12:25:43.260, 2, 0 %, 0 %, 35270 MiB, 36.36 W
2026/09/20 12:25:48.262, 0, 0 %, 0 %, 35271 MiB, 35.94 W
2026/09/20 12:25:48.262, 1, 0 %, 0 %, 35271 MiB, 35.70 W
2026/09/20 12:25:48.262, 2, 0 %, 0 %, 35270 MiB, 36.46 W
2026/09/20 12:25:53.264, 0, 0 %, 0 %, 35271 MiB, 36.03 W
2026/09/20 12:25:53.264, 1, 0 %, 0 %, 35271 MiB, 35.80 W
2026/09/20 12:25:53.264, 2, 0 %, 0 %, 35270 MiB, 36.26 W
2026/09/20 12:25:58.266, 0, 0 %, 0 %, 35271 MiB, 36.13 W
2026/09/20 12:25:58.267, 1, 0 %, 0 %, 35271 MiB, 35.50 W
2026/09/20 12:25:58.267, 2, 0 %, 0 %, 35270 MiB, 36.26 W
2026/09/20 12:26:03.267, 0, 0 %, 0 %, 35271 MiB, 36.04 W
2026/09/20 12:26:03.267, 1, 0 %, 0 %, 35271 MiB, 35.42 W
2026/09/20 12:26:03.268, 2, 0 %, 0 %, 35270 MiB, 36.36 W
2026/09/20 12:26:08.269, 0, 0 %, 0 %, 35271 MiB, 36.13 W
2026/09/20 12:26:08.269, 1, 0 %, 0 %, 35271 MiB, 35.51 W
2026/09/20 12:26:08.269, 2, 0 %, 0 %, 35270 MiB, 36.26 W
2026/09/20 12:26:13.270, 0, 0 %, 0 %, 35271 MiB, 36.04 W
2026/09/20 12:26:13.271, 1, 0 %, 0 %, 35271 MiB, 35.61 W
2026/09/20 12:26:13.271, 2, 0 %, 0 %, 35270 MiB, 36.36 W
2026/09/20 12:26:18.272, 0, 0 %, 0 %, 35271 MiB, 36.04 W
2026/09/20 12:26:18.272, 1, 0 %, 0 %, 35271 MiB, 35.51 W
2026/09/20 12:26:18.272, 2, 0 %, 0 %, 35270 MiB, 36.36 W
2026/09/20 12:26:23.273, 0, 0 %, 0 %, 35271 MiB, 35.94 W
2026/09/20 12:26:23.273, 1, 0 %, 0 %, 35271 MiB, 35.51 W
2026/09/20 12:26:23.273, 2, 0 %, 0 %, 35270 MiB, 36.36 W
2026/09/20 12:26:28.275, 0, 0 %, 0 %, 35271 MiB, 35.93 W
2026/09/20 12:26:28.275, 1, 0 %, 0 %, 35271 MiB, 35.80 W
2026/09/20 12:26:28.275, 2, 0 %, 0 %, 35270 MiB, 36.35 W
2026/09/20 12:26:33.275, 0, 0 %, 0 %, 35271 MiB, 35.93 W
2026/09/20 12:26:33.276, 1, 0 %, 0 %, 35271 MiB, 35.60 W
2026/09/20 12:26:33.276, 2, 0 %, 0 %, 35270 MiB, 36.56 W
2026/09/20 12:26:38.277, 0, 0 %, 0 %, 35271 MiB, 36.04 W
2026/09/20 12:26:38.277, 1, 0 %, 0 %, 35271 MiB, 35.71 W
2026/09/20 12:26:38.277, 2, 0 %, 0 %, 35270 MiB, 36.36 W
2026/09/20 12:26:43.278, 0, 0 %, 0 %, 35271 MiB, 35.94 W
2026/09/20 12:26:43.278, 1, 0 %, 0 %, 35271 MiB, 35.71 W
2026/09/20 12:26:43.278, 2, 0 %, 0 %, 35270 MiB, 36.36 W
2026/09/20 12:26:48.279, 0, 0 %, 0 %, 35271 MiB, 35.84 W
2026/09/20 12:26:48.279, 1, 0 %, 0 %, 35271 MiB, 35.71 W
2026/09/20 12:26:48.279, 2, 0 %, 0 %, 35270 MiB, 36.46 W
2026/09/20 12:26:53.280, 0, 0 %, 0 %, 35271 MiB, 35.94 W
2026/09/20 12:26:53.280, 1, 0 %, 0 %, 35271 MiB, 35.62 W
2026/09/20 12:26:53.280, 2, 0 %, 0 %, 35270 MiB, 36.46 W
2026/09/20 12:26:58.282, 0, 0 %, 0 %, 35271 MiB, 36.04 W
2026/09/20 12:26:58.282, 1, 0 %, 0 %, 35271 MiB, 35.70 W
2026/09/20 12:26:58.282, 2, 0 %, 0 %, 35270 MiB, 36.26 W
2026/09/20 12:27:03.284, 0, 0 %, 0 %, 35271 MiB, 36.04 W
2026/09/20 12:27:03.284, 1, 0 %, 0 %, 35271 MiB, 35.51 W
2026/09/20 12:27:03.284, 2, 0 %, 0 %, 35270 MiB, 36.25 W
2026/09/20 12:27:08.286, 0, 0 %, 0 %, 35271 MiB, 35.94 W
2026/09/20 12:27:08.286, 1, 0 %, 0 %, 35271 MiB, 35.61 W
2026/09/20 12:27:08.286, 2, 0 %, 0 %, 35270 MiB, 36.57 W
2026/09/20 12:27:13.288, 0, 0 %, 0 %, 35271 MiB, 36.12 W
2026/09/20 12:27:13.288, 1, 0 %, 0 %, 35271 MiB, 35.61 W
2026/09/20 12:27:13.288, 2, 0 %, 0 %, 35270 MiB, 36.36 W
2026/09/20 12:27:18.289, 0, 0 %, 0 %, 35271 MiB, 36.13 W
2026/09/20 12:27:18.289, 1, 0 %, 0 %, 35271 MiB, 35.51 W
2026/09/20 12:27:18.289, 2, 0 %, 0 %, 35270 MiB, 36.26 W
2026/09/20 12:27:23.290, 0, 0 %, 0 %, 35271 MiB, 36.05 W
2026/09/20 12:27:23.291, 1, 0 %, 0 %, 35271 MiB, 35.61 W
2026/09/20 12:27:23.291, 2, 0 %, 0 %, 35270 MiB, 36.37 W
2026/09/20 12:27:28.291, 0, 5 %, 0 %, 35271 MiB, 35.95 W
2026/09/20 12:27:28.291, 1, 0 %, 0 %, 35271 MiB, 35.62 W
2026/09/20 12:27:28.291, 2, 0 %, 0 %, 35270 MiB, 36.57 W
2026/09/20 12:27:33.292, 0, 0 %, 0 %, 35271 MiB, 36.05 W
2026/09/20 12:27:33.292, 1, 0 %, 0 %, 35271 MiB, 35.63 W
2026/09/20 12:27:33.292, 2, 0 %, 0 %, 35270 MiB, 36.37 W
2026/09/20 12:27:38.292, 0, 0 %, 0 %, 35271 MiB, 35.96 W
2026/09/20 12:27:38.293, 1, 0 %, 0 %, 35271 MiB, 35.62 W
2026/09/20 12:27:38.293, 2, 0 %, 0 %, 35270 MiB, 36.36 W
2026/09/20 12:27:43.293, 0, 0 %, 0 %, 35271 MiB, 35.95 W
2026/09/20 12:27:43.293, 1, 0 %, 0 %, 35271 MiB, 35.81 W
2026/09/20 12:27:43.293, 2, 0 %, 0 %, 35270 MiB, 36.46 W
2026/09/20 12:27:48.294, 0, 0 %, 0 %, 35271 MiB, 36.16 W
2026/09/20 12:27:48.294, 1, 0 %, 0 %, 35271 MiB, 35.72 W
2026/09/20 12:27:48.294, 2, 0 %, 0 %, 35270 MiB, 36.57 W
2026/09/20 12:27:53.294, 0, 0 %, 0 %, 35271 MiB, 36.16 W
2026/09/20 12:27:53.295, 1, 0 %, 0 %, 35271 MiB, 35.82 W
2026/09/20 12:27:53.295, 2, 0 %, 0 %, 35270 MiB, 36.57 W
2026/09/20 12:27:58.296, 0, 0 %, 0 %, 35271 MiB, 36.04 W
2026/09/20 12:27:58.296, 1, 0 %, 0 %, 35271 MiB, 35.81 W
2026/09/20 12:27:58.296, 2, 0 %, 0 %, 35270 MiB, 36.47 W
2026/09/20 12:28:03.296, 0, 0 %, 0 %, 35271 MiB, 43.16 W
2026/09/20 12:28:03.297, 1, 0 %, 0 %, 35271 MiB, 35.82 W
2026/09/20 12:28:03.297, 2, 0 %, 0 %, 35270 MiB, 36.27 W
2026/09/20 12:28:08.297, 0, 0 %, 0 %, 35271 MiB, 36.25 W
2026/09/20 12:28:08.298, 1, 0 %, 0 %, 35271 MiB, 35.62 W
2026/09/20 12:28:08.298, 2, 0 %, 0 %, 35270 MiB, 36.37 W
2026/09/20 12:28:13.298, 0, 0 %, 0 %, 35271 MiB, 36.14 W
2026/09/20 12:28:13.298, 1, 0 %, 0 %, 35271 MiB, 35.62 W
2026/09/20 12:28:13.299, 2, 0 %, 0 %, 35270 MiB, 36.36 W
2026/09/20 12:28:18.300, 0, 0 %, 0 %, 35271 MiB, 36.03 W
2026/09/20 12:28:18.300, 1, 0 %, 0 %, 35271 MiB, 35.60 W
2026/09/20 12:28:18.300, 2, 0 %, 0 %, 35270 MiB, 36.34 W
2026/09/20 12:28:23.301, 0, 0 %, 0 %, 35271 MiB, 36.12 W
2026/09/20 12:28:23.302, 1, 0 %, 0 %, 35271 MiB, 35.70 W
2026/09/20 12:28:23.302, 2, 0 %, 0 %, 35270 MiB, 36.68 W
2026/09/20 12:28:28.303, 0, 0 %, 0 %, 35271 MiB, 36.11 W
2026/09/20 12:28:28.303, 1, 0 %, 0 %, 35271 MiB, 35.60 W
2026/09/20 12:28:28.303, 2, 0 %, 0 %, 35270 MiB, 36.33 W
2026/09/20 12:28:33.305, 0, 24 %, 1 %, 35271 MiB, 36.04 W
2026/09/20 12:28:33.305, 1, 0 %, 0 %, 35271 MiB, 35.50 W
2026/09/20 12:28:33.305, 2, 0 %, 0 %, 35270 MiB, 36.35 W
2026/09/20 12:28:38.306, 0, 0 %, 0 %, 35271 MiB, 35.94 W
2026/09/20 12:28:38.306, 1, 0 %, 0 %, 35271 MiB, 35.81 W
2026/09/20 12:28:38.307, 2, 0 %, 0 %, 35270 MiB, 36.36 W
2026/09/20 12:28:43.308, 0, 0 %, 0 %, 35271 MiB, 36.02 W
2026/09/20 12:28:43.308, 1, 0 %, 0 %, 35271 MiB, 35.70 W
2026/09/20 12:28:43.308, 2, 0 %, 0 %, 35270 MiB, 36.55 W
2026/09/20 12:28:48.310, 0, 0 %, 0 %, 35271 MiB, 35.92 W
2026/09/20 12:28:48.311, 1, 0 %, 0 %, 35271 MiB, 35.69 W
2026/09/20 12:28:48.311, 2, 0 %, 0 %, 35270 MiB, 36.34 W
2026/09/20 12:28:53.311, 0, 0 %, 0 %, 35271 MiB, 36.02 W
2026/09/20 12:28:53.311, 1, 0 %, 0 %, 35271 MiB, 35.69 W
2026/09/20 12:28:53.311, 2, 0 %, 0 %, 35270 MiB, 36.43 W
2026/09/20 12:28:58.311, 0, 0 %, 0 %, 35271 MiB, 35.95 W
2026/09/20 12:28:58.311, 1, 0 %, 0 %, 35271 MiB, 35.71 W
2026/09/20 12:28:58.311, 2, 0 %, 0 %, 35270 MiB, 36.46 W
2026/09/20 12:29:03.312, 0, 0 %, 0 %, 35271 MiB, 36.13 W
2026/09/20 12:29:03.312, 1, 0 %, 0 %, 35271 MiB, 35.52 W
2026/09/20 12:29:03.313, 2, 0 %, 0 %, 35270 MiB, 36.57 W
2026/09/20 12:29:08.314, 0, 0 %, 0 %, 35271 MiB, 36.02 W
2026/09/20 12:29:08.314, 1, 0 %, 0 %, 35271 MiB, 35.69 W
2026/09/20 12:29:08.315, 2, 0 %, 0 %, 35270 MiB, 36.55 W
2026/09/20 12:29:13.315, 0, 0 %, 0 %, 35271 MiB, 35.94 W
2026/09/20 12:29:13.316, 1, 0 %, 0 %, 35271 MiB, 35.61 W
2026/09/20 12:29:13.316, 2, 0 %, 0 %, 35270 MiB, 36.26 W
2026/09/20 12:29:18.317, 0, 0 %, 0 %, 35271 MiB, 36.13 W
2026/09/20 12:29:18.317, 1, 0 %, 0 %, 35271 MiB, 35.61 W
2026/09/20 12:29:18.317, 2, 0 %, 0 %, 35270 MiB, 36.46 W
2026/09/20 12:29:23.318, 0, 0 %, 0 %, 35271 MiB, 36.05 W
2026/09/20 12:29:23.318, 1, 0 %, 0 %, 35271 MiB, 35.52 W
2026/09/20 12:29:23.318, 2, 0 %, 0 %, 35270 MiB, 36.36 W
2026/09/20 12:29:28.319, 0, 2 %, 0 %, 35271 MiB, 42.56 W
2026/09/20 12:29:28.319, 1, 0 %, 0 %, 35271 MiB, 35.62 W
2026/09/20 12:29:28.320, 2, 0 %, 0 %, 35270 MiB, 36.37 W
2026/09/20 12:29:33.321, 0, 4 %, 0 %, 35271 MiB, 36.12 W
2026/09/20 12:29:33.321, 1, 0 %, 0 %, 35271 MiB, 35.70 W
2026/09/20 12:29:33.321, 2, 0 %, 0 %, 35270 MiB, 36.34 W
2026/09/20 12:29:38.323, 0, 0 %, 0 %, 35271 MiB, 36.12 W
2026/09/20 12:29:38.323, 1, 0 %, 0 %, 35271 MiB, 35.60 W
2026/09/20 12:29:38.323, 2, 0 %, 0 %, 35270 MiB, 36.44 W
2026/09/20 12:29:43.325, 0, 0 %, 0 %, 35271 MiB, 36.04 W
2026/09/20 12:29:43.325, 1, 0 %, 0 %, 35271 MiB, 35.61 W
2026/09/20 12:29:43.325, 2, 0 %, 0 %, 35270 MiB, 36.36 W
2026/09/20 12:29:48.327, 0, 24 %, 1 %, 35271 MiB, 35.92 W
2026/09/20 12:29:48.327, 1, 0 %, 0 %, 35271 MiB, 35.60 W
2026/09/20 12:29:48.328, 2, 0 %, 0 %, 35270 MiB, 36.24 W
2026/09/20 12:29:53.329, 0, 10 %, 0 %, 35271 MiB, 43.15 W
2026/09/20 12:29:53.329, 1, 0 %, 0 %, 35271 MiB, 35.72 W
2026/09/20 12:29:53.329, 2, 0 %, 0 %, 35270 MiB, 36.33 W
2026/09/20 12:29:58.330, 0, 0 %, 0 %, 35271 MiB, 35.94 W
2026/09/20 12:29:58.330, 1, 0 %, 0 %, 35271 MiB, 35.62 W
2026/09/20 12:29:58.330, 2, 0 %, 0 %, 35270 MiB, 36.46 W
2026/09/20 12:30:03.332, 0, 0 %, 0 %, 35271 MiB, 35.93 W
2026/09/20 12:30:03.332, 1, 0 %, 0 %, 35271 MiB, 35.50 W
2026/09/20 12:30:03.332, 2, 0 %, 0 %, 35270 MiB, 36.34 W
2026/09/20 12:30:08.333, 0, 0 %, 0 %, 35271 MiB, 35.96 W
2026/09/20 12:30:08.333, 1, 0 %, 0 %, 35271 MiB, 35.72 W
2026/09/20 12:30:08.333, 2, 0 %, 0 %, 35270 MiB, 36.37 W
2026/09/20 12:30:13.334, 0, 0 %, 0 %, 35271 MiB, 36.03 W
2026/09/20 12:30:13.335, 1, 0 %, 0 %, 35271 MiB, 35.81 W
2026/09/20 12:30:13.335, 2, 0 %, 0 %, 35270 MiB, 36.57 W
2026/09/20 12:30:18.335, 0, 0 %, 0 %, 35271 MiB, 36.52 W
2026/09/20 12:30:18.336, 1, 0 %, 0 %, 35271 MiB, 35.61 W
2026/09/20 12:30:18.336, 2, 0 %, 0 %, 35270 MiB, 36.26 W
2026/09/20 12:30:23.337, 0, 0 %, 0 %, 35271 MiB, 36.01 W
2026/09/20 12:30:23.337, 1, 0 %, 0 %, 35271 MiB, 35.50 W
2026/09/20 12:30:23.338, 2, 0 %, 0 %, 35270 MiB, 36.24 W
2026/09/20 12:30:28.338, 0, 0 %, 0 %, 35271 MiB, 36.03 W
2026/09/20 12:30:28.338, 1, 0 %, 0 %, 35271 MiB, 35.42 W
2026/09/20 12:30:28.338, 2, 0 %, 0 %, 35270 MiB, 36.26 W
2026/09/20 12:30:33.339, 0, 0 %, 0 %, 35271 MiB, 36.14 W
2026/09/20 12:30:33.339, 1, 0 %, 0 %, 35271 MiB, 35.52 W
2026/09/20 12:30:33.340, 2, 0 %, 0 %, 35270 MiB, 36.37 W
2026/09/20 12:30:38.340, 0, 24 %, 1 %, 35271 MiB, 36.12 W
2026/09/20 12:30:38.341, 1, 0 %, 0 %, 35271 MiB, 35.41 W
2026/09/20 12:30:38.341, 2, 0 %, 0 %, 35270 MiB, 36.26 W
2026/09/20 12:30:43.342, 0, 0 %, 0 %, 35271 MiB, 36.21 W
2026/09/20 12:30:43.342, 1, 0 %, 0 %, 35271 MiB, 35.60 W
2026/09/20 12:30:43.342, 2, 0 %, 0 %, 35270 MiB, 36.14 W
2026/09/20 12:30:48.343, 0, 0 %, 0 %, 35271 MiB, 35.92 W
2026/09/20 12:30:48.343, 1, 0 %, 0 %, 35271 MiB, 35.79 W
2026/09/20 12:30:48.344, 2, 0 %, 0 %, 35270 MiB, 36.24 W
2026/09/20 12:30:53.344, 0, 0 %, 0 %, 35271 MiB, 35.94 W
2026/09/20 12:30:53.344, 1, 0 %, 0 %, 35271 MiB, 35.51 W
2026/09/20 12:30:53.344, 2, 0 %, 0 %, 35270 MiB, 36.36 W
2026/09/20 12:30:58.345, 0, 0 %, 0 %, 35271 MiB, 35.95 W
2026/09/20 12:30:58.345, 1, 0 %, 0 %, 35271 MiB, 35.62 W
2026/09/20 12:30:58.345, 2, 0 %, 0 %, 35270 MiB, 36.36 W
2026/09/20 12:31:03.347, 0, 24 %, 1 %, 35271 MiB, 36.02 W
2026/09/20 12:31:03.348, 1, 0 %, 0 %, 35271 MiB, 35.50 W
2026/09/20 12:31:03.348, 2, 0 %, 0 %, 35270 MiB, 36.24 W
2026/09/20 12:31:08.349, 0, 0 %, 0 %, 35271 MiB, 36.02 W
2026/09/20 12:31:08.349, 1, 0 %, 0 %, 35271 MiB, 35.69 W
2026/09/20 12:31:08.349, 2, 0 %, 0 %, 35270 MiB, 36.43 W
2026/09/20 12:31:13.350, 0, 0 %, 0 %, 35271 MiB, 35.94 W
2026/09/20 12:31:13.350, 1, 0 %, 0 %, 35271 MiB, 35.72 W
2026/09/20 12:31:13.350, 2, 0 %, 0 %, 35270 MiB, 36.36 W
2026/09/20 12:31:18.352, 0, 0 %, 0 %, 35271 MiB, 36.12 W
2026/09/20 12:31:18.352, 1, 0 %, 0 %, 35271 MiB, 35.60 W
2026/09/20 12:31:18.352, 2, 0 %, 0 %, 35270 MiB, 36.34 W
2026/09/20 12:31:23.354, 0, 0 %, 0 %, 35271 MiB, 35.94 W
2026/09/20 12:31:23.354, 1, 0 %, 0 %, 35271 MiB, 35.70 W
2026/09/20 12:31:23.355, 2, 0 %, 0 %, 35270 MiB, 36.46 W
2026/09/20 12:31:28.356, 0, 0 %, 0 %, 35271 MiB, 35.94 W
2026/09/20 12:31:28.356, 1, 0 %, 0 %, 35271 MiB, 35.81 W
2026/09/20 12:31:28.356, 2, 0 %, 0 %, 35270 MiB, 36.46 W
2026/09/20 12:31:33.357, 0, 0 %, 0 %, 35271 MiB, 36.04 W
2026/09/20 12:31:33.358, 1, 0 %, 0 %, 35271 MiB, 35.61 W
2026/09/20 12:31:33.358, 2, 0 %, 0 %, 35270 MiB, 36.16 W
2026/09/20 12:31:38.358, 0, 0 %, 0 %, 35271 MiB, 36.13 W
2026/09/20 12:31:38.358, 1, 0 %, 0 %, 35271 MiB, 35.43 W
2026/09/20 12:31:38.358, 2, 0 %, 0 %, 35270 MiB, 36.36 W
2026/09/20 12:31:43.360, 0, 0 %, 0 %, 35271 MiB, 36.13 W
2026/09/20 12:31:43.360, 1, 0 %, 0 %, 35271 MiB, 35.51 W
2026/09/20 12:31:43.360, 2, 0 %, 0 %, 35270 MiB, 36.26 W
2026/09/20 12:31:48.364, 0, 0 %, 0 %, 35271 MiB, 36.13 W
2026/09/20 12:31:48.364, 1, 0 %, 0 %, 35271 MiB, 35.71 W
2026/09/20 12:31:48.364, 2, 0 %, 0 %, 35270 MiB, 36.36 W
2026/09/20 12:31:53.373, 0, 0 %, 0 %, 35271 MiB, 35.82 W
2026/09/20 12:31:53.373, 1, 0 %, 0 %, 35271 MiB, 35.60 W
2026/09/20 12:31:53.373, 2, 0 %, 0 %, 35270 MiB, 36.26 W
2026/09/20 12:31:58.375, 0, 0 %, 0 %, 35271 MiB, 35.94 W
2026/09/20 12:31:58.375, 1, 0 %, 0 %, 35271 MiB, 35.60 W
2026/09/20 12:31:58.375, 2, 0 %, 0 %, 35270 MiB, 36.35 W
2026/09/20 12:32:03.377, 0, 0 %, 0 %, 35271 MiB, 35.94 W
2026/09/20 12:32:03.377, 1, 0 %, 0 %, 35271 MiB, 35.81 W
2026/09/20 12:32:03.377, 2, 0 %, 0 %, 35270 MiB, 36.36 W
2026/09/20 12:32:08.378, 0, 0 %, 0 %, 35271 MiB, 35.94 W
2026/09/20 12:32:08.378, 1, 0 %, 0 %, 35271 MiB, 35.51 W
2026/09/20 12:32:08.379, 2, 0 %, 0 %, 35270 MiB, 36.36 W
2026/09/20 12:32:13.380, 0, 0 %, 0 %, 35271 MiB, 35.94 W
2026/09/20 12:32:13.380, 1, 0 %, 0 %, 35271 MiB, 35.61 W
2026/09/20 12:32:13.380, 2, 0 %, 0 %, 35270 MiB, 36.36 W
2026/09/20 12:32:18.381, 0, 0 %, 0 %, 35271 MiB, 35.94 W
2026/09/20 12:32:18.381, 1, 0 %, 0 %, 35271 MiB, 35.61 W
2026/09/20 12:32:18.382, 2, 0 %, 0 %, 35270 MiB, 36.36 W
2026/09/20 12:32:23.382, 0, 0 %, 0 %, 35271 MiB, 35.84 W
2026/09/20 12:32:23.382, 1, 0 %, 0 %, 35271 MiB, 35.81 W
2026/09/20 12:32:23.383, 2, 0 %, 0 %, 35270 MiB, 36.57 W
2026/09/20 12:32:28.384, 0, 0 %, 0 %, 35271 MiB, 35.94 W
2026/09/20 12:32:28.384, 1, 0 %, 0 %, 35271 MiB, 35.71 W
2026/09/20 12:32:28.384, 2, 0 %, 0 %, 35270 MiB, 36.46 W
2026/09/20 12:32:33.385, 0, 0 %, 0 %, 35271 MiB, 36.23 W
2026/09/20 12:32:33.385, 1, 0 %, 0 %, 35271 MiB, 35.71 W
2026/09/20 12:32:33.386, 2, 0 %, 0 %, 35270 MiB, 36.16 W
2026/09/20 12:32:38.386, 0, 0 %, 0 %, 35271 MiB, 35.94 W
2026/09/20 12:32:38.386, 1, 0 %, 0 %, 35271 MiB, 35.42 W
2026/09/20 12:32:38.386, 2, 0 %, 0 %, 35270 MiB, 36.16 W
2026/09/20 12:32:43.388, 0, 0 %, 0 %, 35271 MiB, 36.04 W
2026/09/20 12:32:43.388, 1, 0 %, 0 %, 35271 MiB, 35.61 W
2026/09/20 12:32:43.388, 2, 0 %, 0 %, 35270 MiB, 36.36 W
2026/09/20 12:32:48.389, 0, 0 %, 0 %, 35271 MiB, 36.04 W
2026/09/20 12:32:48.390, 1, 0 %, 0 %, 35271 MiB, 35.61 W
2026/09/20 12:32:48.390, 2, 0 %, 0 %, 35270 MiB, 36.26 W
2026/09/20 12:32:53.390, 0, 0 %, 0 %, 35271 MiB, 36.13 W
2026/09/20 12:32:53.390, 1, 0 %, 0 %, 35271 MiB, 35.51 W
2026/09/20 12:32:53.390, 2, 0 %, 0 %, 35270 MiB, 36.26 W
2026/09/20 12:32:58.395, 0, 0 %, 0 %, 35271 MiB, 36.03 W
2026/09/20 12:32:58.395, 1, 0 %, 0 %, 35271 MiB, 35.51 W
2026/09/20 12:32:58.395, 2, 0 %, 0 %, 35270 MiB, 36.25 W
2026/09/20 12:33:03.397, 0, 0 %, 0 %, 35271 MiB, 35.94 W
2026/09/20 12:33:03.397, 1, 0 %, 0 %, 35271 MiB, 35.71 W
2026/09/20 12:33:03.397, 2, 0 %, 0 %, 35270 MiB, 36.36 W
2026/09/20 12:33:08.403, 0, 0 %, 0 %, 35271 MiB, 35.94 W
2026/09/20 12:33:08.403, 1, 5 %, 0 %, 35271 MiB, 35.51 W
2026/09/20 12:33:08.403, 2, 0 %, 0 %, 35270 MiB, 36.36 W
2026/09/20 12:33:13.404, 0, 0 %, 0 %, 35271 MiB, 36.05 W
2026/09/20 12:33:13.404, 1, 0 %, 0 %, 35271 MiB, 35.72 W
2026/09/20 12:33:13.404, 2, 0 %, 0 %, 35270 MiB, 36.36 W
2026/09/20 12:33:18.404, 0, 0 %, 0 %, 35271 MiB, 35.94 W
2026/09/20 12:33:18.405, 1, 0 %, 0 %, 35271 MiB, 35.72 W
2026/09/20 12:33:18.405, 2, 0 %, 0 %, 35270 MiB, 36.57 W
2026/09/20 12:33:23.405, 0, 0 %, 0 %, 35271 MiB, 35.94 W
2026/09/20 12:33:23.406, 1, 0 %, 0 %, 35271 MiB, 35.71 W
2026/09/20 12:33:23.406, 2, 0 %, 0 %, 35270 MiB, 36.37 W
2026/09/20 12:33:28.406, 0, 0 %, 0 %, 35271 MiB, 36.16 W
2026/09/20 12:33:28.406, 1, 0 %, 0 %, 35271 MiB, 35.63 W
2026/09/20 12:33:28.406, 2, 0 %, 0 %, 35270 MiB, 36.46 W
2026/09/20 12:33:33.407, 0, 0 %, 0 %, 35271 MiB, 35.94 W
2026/09/20 12:33:33.407, 1, 0 %, 0 %, 35271 MiB, 35.62 W
2026/09/20 12:33:33.407, 2, 0 %, 0 %, 35270 MiB, 36.36 W
2026/09/20 12:33:38.407, 0, 0 %, 0 %, 35271 MiB, 35.96 W
2026/09/20 12:33:38.408, 1, 0 %, 0 %, 35271 MiB, 35.63 W
2026/09/20 12:33:38.408, 2, 0 %, 0 %, 35270 MiB, 36.37 W
2026/09/20 12:33:43.408, 0, 100 %, 18 %, 35271 MiB, 82.03 W
2026/09/20 12:33:43.408, 1, 100 %, 18 %, 35271 MiB, 83.57 W
2026/09/20 12:33:43.409, 2, 100 %, 14 %, 35270 MiB, 91.54 W
2026/09/20 12:33:48.410, 0, 100 %, 18 %, 35271 MiB, 84.68 W
2026/09/20 12:33:48.410, 1, 100 %, 22 %, 35271 MiB, 76.19 W
2026/09/20 12:33:48.410, 2, 100 %, 20 %, 35270 MiB, 78.29 W
2026/09/20 12:33:53.411, 0, 0 %, 0 %, 35271 MiB, 36.44 W
2026/09/20 12:33:53.411, 1, 0 %, 0 %, 35271 MiB, 35.81 W
2026/09/20 12:33:53.411, 2, 0 %, 0 %, 35270 MiB, 36.97 W
2026/09/20 12:33:58.411, 0, 0 %, 0 %, 35271 MiB, 36.43 W
2026/09/20 12:33:58.411, 1, 0 %, 0 %, 35271 MiB, 35.90 W
2026/09/20 12:33:58.411, 2, 0 %, 0 %, 35270 MiB, 37.17 W
2026/09/20 12:34:03.412, 0, 0 %, 0 %, 35271 MiB, 36.33 W
2026/09/20 12:34:03.412, 1, 0 %, 0 %, 35271 MiB, 35.71 W
2026/09/20 12:34:03.412, 2, 0 %, 0 %, 35270 MiB, 36.68 W
2026/09/20 12:34:08.412, 0, 0 %, 0 %, 35271 MiB, 36.25 W
2026/09/20 12:34:08.413, 1, 0 %, 0 %, 35271 MiB, 35.71 W
2026/09/20 12:34:08.413, 2, 0 %, 0 %, 35270 MiB, 36.58 W
2026/09/20 12:34:13.413, 0, 0 %, 0 %, 35271 MiB, 36.13 W
2026/09/20 12:34:13.413, 1, 0 %, 0 %, 35271 MiB, 35.71 W
2026/09/20 12:34:13.413, 2, 0 %, 0 %, 35270 MiB, 36.68 W
2026/09/20 12:34:18.414, 0, 0 %, 0 %, 35271 MiB, 36.13 W
2026/09/20 12:34:18.414, 1, 0 %, 0 %, 35271 MiB, 35.81 W
2026/09/20 12:34:18.414, 2, 0 %, 0 %, 35270 MiB, 36.68 W
2026/09/20 12:34:23.414, 0, 0 %, 0 %, 35271 MiB, 36.34 W
2026/09/20 12:34:23.415, 1, 0 %, 0 %, 35271 MiB, 35.72 W
2026/09/20 12:34:23.415, 2, 0 %, 0 %, 35270 MiB, 36.57 W
2026/09/20 12:34:28.421, 0, 0 %, 0 %, 35271 MiB, 36.12 W
2026/09/20 12:34:28.421, 1, 0 %, 0 %, 35271 MiB, 35.70 W
2026/09/20 12:34:28.421, 2, 0 %, 0 %, 35270 MiB, 36.76 W
2026/09/20 12:34:33.423, 0, 0 %, 0 %, 35271 MiB, 36.01 W
2026/09/20 12:34:33.423, 1, 0 %, 0 %, 35271 MiB, 35.79 W
2026/09/20 12:34:33.423, 2, 0 %, 0 %, 35270 MiB, 36.65 W
2026/09/20 12:34:38.424, 0, 0 %, 0 %, 35271 MiB, 36.12 W
2026/09/20 12:34:38.424, 1, 0 %, 0 %, 35271 MiB, 35.80 W
2026/09/20 12:34:38.424, 2, 0 %, 0 %, 35270 MiB, 36.66 W
2026/09/20 12:34:43.425, 0, 0 %, 0 %, 35271 MiB, 36.21 W
2026/09/20 12:34:43.425, 1, 0 %, 0 %, 35271 MiB, 35.60 W
2026/09/20 12:34:43.425, 2, 0 %, 0 %, 35270 MiB, 36.54 W
2026/09/20 12:34:48.427, 0, 0 %, 0 %, 35271 MiB, 36.12 W
2026/09/20 12:34:48.427, 1, 0 %, 0 %, 35271 MiB, 35.68 W
2026/09/20 12:34:48.427, 2, 0 %, 0 %, 35270 MiB, 36.55 W
2026/09/20 12:34:53.429, 0, 0 %, 0 %, 35271 MiB, 36.01 W
2026/09/20 12:34:53.429, 1, 0 %, 0 %, 35271 MiB, 35.49 W
2026/09/20 12:34:53.429, 2, 0 %, 0 %, 35270 MiB, 36.44 W
2026/09/20 12:34:58.431, 0, 0 %, 0 %, 35271 MiB, 36.21 W
2026/09/20 12:34:58.431, 1, 0 %, 0 %, 35271 MiB, 35.69 W
2026/09/20 12:34:58.431, 2, 0 %, 0 %, 35270 MiB, 36.43 W
2026/09/20 12:35:03.433, 0, 0 %, 0 %, 35271 MiB, 36.22 W
2026/09/20 12:35:03.433, 1, 0 %, 0 %, 35271 MiB, 35.51 W
2026/09/20 12:35:03.433, 2, 0 %, 0 %, 35270 MiB, 36.46 W
2026/09/20 12:35:08.435, 0, 0 %, 0 %, 35271 MiB, 36.11 W
2026/09/20 12:35:08.435, 1, 0 %, 0 %, 35271 MiB, 35.48 W
2026/09/20 12:35:08.435, 2, 0 %, 0 %, 35270 MiB, 36.54 W
2026/09/20 12:35:13.436, 0, 0 %, 0 %, 35271 MiB, 36.11 W
2026/09/20 12:35:13.436, 1, 0 %, 0 %, 35271 MiB, 35.50 W
2026/09/20 12:35:13.436, 2, 0 %, 0 %, 35270 MiB, 36.33 W
2026/09/20 12:35:18.438, 0, 0 %, 0 %, 35271 MiB, 35.93 W
2026/09/20 12:35:18.438, 1, 0 %, 0 %, 35271 MiB, 35.60 W
2026/09/20 12:35:18.438, 2, 0 %, 0 %, 35270 MiB, 36.36 W
2026/09/20 12:35:23.439, 0, 0 %, 0 %, 35271 MiB, 36.03 W
2026/09/20 12:35:23.439, 1, 0 %, 0 %, 35271 MiB, 35.51 W
2026/09/20 12:35:23.439, 2, 0 %, 0 %, 35270 MiB, 36.67 W
2026/09/20 12:35:28.441, 0, 0 %, 0 %, 35271 MiB, 35.92 W
2026/09/20 12:35:28.441, 1, 0 %, 0 %, 35271 MiB, 35.59 W
2026/09/20 12:35:28.441, 2, 0 %, 0 %, 35270 MiB, 36.43 W
2026/09/20 12:35:33.443, 0, 0 %, 0 %, 35271 MiB, 35.93 W
2026/09/20 12:35:33.443, 1, 0 %, 0 %, 35271 MiB, 35.51 W
2026/09/20 12:35:33.443, 2, 0 %, 0 %, 35270 MiB, 36.44 W
2026/09/20 12:35:38.445, 0, 0 %, 0 %, 35271 MiB, 36.23 W
2026/09/20 12:35:38.445, 1, 0 %, 0 %, 35271 MiB, 35.70 W
2026/09/20 12:35:38.445, 2, 0 %, 0 %, 35270 MiB, 36.44 W
2026/09/20 12:35:43.446, 0, 0 %, 0 %, 35271 MiB, 35.92 W
2026/09/20 12:35:43.446, 1, 0 %, 0 %, 35271 MiB, 35.60 W
2026/09/20 12:35:43.447, 2, 0 %, 0 %, 35270 MiB, 36.54 W
2026/09/20 12:35:48.447, 0, 0 %, 0 %, 35271 MiB, 36.02 W
2026/09/20 12:35:48.447, 1, 0 %, 0 %, 35271 MiB, 35.69 W
2026/09/20 12:35:48.447, 2, 0 %, 0 %, 35270 MiB, 36.43 W
2026/09/20 12:35:53.449, 0, 0 %, 0 %, 35271 MiB, 36.01 W
2026/09/20 12:35:53.449, 1, 0 %, 0 %, 35271 MiB, 35.59 W
2026/09/20 12:35:53.449, 2, 0 %, 0 %, 35270 MiB, 36.24 W
2026/09/20 12:35:58.451, 0, 0 %, 0 %, 35271 MiB, 36.21 W
2026/09/20 12:35:58.451, 1, 0 %, 0 %, 35271 MiB, 35.50 W
2026/09/20 12:35:58.451, 2, 0 %, 0 %, 35270 MiB, 36.54 W
2026/09/20 12:36:03.452, 0, 0 %, 0 %, 35271 MiB, 36.13 W
2026/09/20 12:36:03.452, 1, 0 %, 0 %, 35271 MiB, 35.51 W
2026/09/20 12:36:03.453, 2, 0 %, 0 %, 35270 MiB, 36.34 W
2026/09/20 12:36:08.454, 0, 0 %, 0 %, 35271 MiB, 36.12 W
2026/09/20 12:36:08.454, 1, 0 %, 0 %, 35271 MiB, 35.51 W
2026/09/20 12:36:08.454, 2, 0 %, 0 %, 35270 MiB, 36.33 W
2026/09/20 12:36:13.455, 0, 0 %, 0 %, 35271 MiB, 36.11 W
2026/09/20 12:36:13.455, 1, 0 %, 0 %, 35271 MiB, 35.49 W
2026/09/20 12:36:13.455, 2, 0 %, 0 %, 35270 MiB, 36.33 W
2026/09/20 12:36:18.457, 0, 0 %, 0 %, 35271 MiB, 36.22 W
2026/09/20 12:36:18.457, 1, 0 %, 0 %, 35271 MiB, 35.60 W
2026/09/20 12:36:18.458, 2, 0 %, 0 %, 35270 MiB, 36.65 W
2026/09/20 12:36:23.459, 0, 0 %, 0 %, 35271 MiB, 35.84 W
2026/09/20 12:36:23.459, 1, 0 %, 0 %, 35271 MiB, 35.51 W
2026/09/20 12:36:23.459, 2, 0 %, 0 %, 35270 MiB, 36.36 W
2026/09/20 12:36:28.461, 0, 0 %, 0 %, 35271 MiB, 35.94 W
2026/09/20 12:36:28.461, 1, 0 %, 0 %, 35271 MiB, 35.51 W
2026/09/20 12:36:28.461, 2, 0 %, 0 %, 35270 MiB, 36.36 W
2026/09/20 12:36:33.461, 0, 0 %, 0 %, 35271 MiB, 35.94 W
2026/09/20 12:36:33.462, 1, 0 %, 0 %, 35271 MiB, 35.42 W
2026/09/20 12:36:33.462, 2, 0 %, 0 %, 35270 MiB, 36.36 W
2026/09/20 12:36:38.463, 0, 0 %, 0 %, 35271 MiB, 35.94 W
2026/09/20 12:36:38.463, 1, 0 %, 0 %, 35271 MiB, 35.61 W
2026/09/20 12:36:38.463, 2, 0 %, 0 %, 35270 MiB, 36.57 W
2026/09/20 12:36:43.464, 0, 0 %, 0 %, 35271 MiB, 35.96 W
2026/09/20 12:36:43.464, 1, 0 %, 0 %, 35271 MiB, 35.63 W
2026/09/20 12:36:43.464, 2, 0 %, 0 %, 35270 MiB, 36.49 W
2026/09/20 12:36:48.465, 0, 0 %, 0 %, 35271 MiB, 35.96 W
2026/09/20 12:36:48.465, 1, 0 %, 0 %, 35271 MiB, 35.62 W
2026/09/20 12:36:48.465, 2, 0 %, 0 %, 35270 MiB, 36.59 W
2026/09/20 12:36:53.466, 0, 0 %, 0 %, 35271 MiB, 36.25 W
2026/09/20 12:36:53.466, 1, 0 %, 0 %, 35271 MiB, 35.63 W
2026/09/20 12:36:53.466, 2, 0 %, 0 %, 35270 MiB, 36.49 W
2026/09/20 12:36:58.466, 0, 0 %, 0 %, 35271 MiB, 36.05 W
2026/09/20 12:36:58.466, 1, 0 %, 0 %, 35271 MiB, 35.72 W
2026/09/20 12:36:58.467, 2, 0 %, 0 %, 35270 MiB, 36.57 W
2026/09/20 12:37:03.467, 0, 0 %, 0 %, 35271 MiB, 36.06 W
2026/09/20 12:37:03.467, 1, 0 %, 0 %, 35271 MiB, 35.62 W
2026/09/20 12:37:03.467, 2, 0 %, 0 %, 35270 MiB, 36.27 W
2026/09/20 12:37:08.468, 0, 0 %, 0 %, 35271 MiB, 36.06 W
2026/09/20 12:37:08.468, 1, 0 %, 0 %, 35271 MiB, 35.43 W
2026/09/20 12:37:08.468, 2, 0 %, 0 %, 35270 MiB, 36.38 W
2026/09/20 12:37:13.469, 0, 0 %, 0 %, 35271 MiB, 36.24 W
2026/09/20 12:37:13.469, 1, 0 %, 0 %, 35271 MiB, 35.53 W
2026/09/20 12:37:13.469, 2, 0 %, 0 %, 35270 MiB, 36.48 W
2026/09/20 12:37:18.469, 0, 0 %, 0 %, 35271 MiB, 36.06 W
2026/09/20 12:37:18.470, 1, 0 %, 0 %, 35271 MiB, 35.34 W
2026/09/20 12:37:18.470, 2, 0 %, 0 %, 35270 MiB, 36.38 W
2026/09/20 12:37:23.470, 0, 0 %, 0 %, 35271 MiB, 36.06 W
2026/09/20 12:37:23.470, 1, 0 %, 0 %, 35271 MiB, 35.44 W
2026/09/20 12:37:23.470, 2, 0 %, 0 %, 35270 MiB, 36.37 W
2026/09/20 12:37:28.471, 0, 0 %, 0 %, 35271 MiB, 35.86 W
2026/09/20 12:37:28.471, 1, 0 %, 0 %, 35271 MiB, 35.53 W
2026/09/20 12:37:28.471, 2, 0 %, 0 %, 35270 MiB, 36.19 W
2026/09/20 12:37:33.481, 0, 100 %, 14 %, 35271 MiB, 87.19 W
2026/09/20 12:37:33.481, 1, 99 %, 22 %, 35271 MiB, 73.92 W
2026/09/20 12:37:33.481, 2, 100 %, 10 %, 35270 MiB, 82.23 W
2026/09/20 12:37:38.482, 0, 100 %, 7 %, 35271 MiB, 84.70 W
2026/09/20 12:37:38.482, 1, 99 %, 10 %, 35271 MiB, 85.48 W
2026/09/20 12:37:38.482, 2, 100 %, 14 %, 35270 MiB, 133.11 W
2026/09/20 12:37:43.484, 0, 0 %, 0 %, 35271 MiB, 57.80 W
2026/09/20 12:37:43.484, 1, 0 %, 0 %, 35271 MiB, 36.08 W
2026/09/20 12:37:43.484, 2, 0 %, 0 %, 35270 MiB, 56.72 W
2026/09/20 12:37:48.485, 0, 0 %, 0 %, 35271 MiB, 36.43 W
2026/09/20 12:37:48.485, 1, 0 %, 0 %, 35271 MiB, 35.90 W
2026/09/20 12:37:48.485, 2, 0 %, 0 %, 35270 MiB, 36.97 W
2026/09/20 12:37:53.487, 0, 0 %, 0 %, 35271 MiB, 36.43 W
2026/09/20 12:37:53.487, 1, 0 %, 0 %, 35271 MiB, 35.90 W
2026/09/20 12:37:53.487, 2, 0 %, 0 %, 35270 MiB, 36.96 W
2026/09/20 12:37:58.488, 0, 0 %, 0 %, 35271 MiB, 36.33 W
2026/09/20 12:37:58.488, 1, 0 %, 0 %, 35271 MiB, 35.90 W
2026/09/20 12:37:58.488, 2, 0 %, 0 %, 35270 MiB, 36.87 W
2026/09/20 12:38:03.490, 0, 0 %, 0 %, 35271 MiB, 36.23 W
2026/09/20 12:38:03.500, 1, 0 %, 0 %, 35271 MiB, 35.91 W
2026/09/20 12:38:03.500, 2, 0 %, 0 %, 35270 MiB, 36.77 W
2026/09/20 12:38:08.501, 0, 0 %, 0 %, 35271 MiB, 36.52 W
2026/09/20 12:38:08.501, 1, 0 %, 0 %, 35271 MiB, 35.90 W
2026/09/20 12:38:08.501, 2, 0 %, 0 %, 35270 MiB, 36.77 W
2026/09/20 12:38:13.501, 0, 0 %, 0 %, 35271 MiB, 36.33 W
2026/09/20 12:38:13.501, 1, 0 %, 0 %, 35271 MiB, 35.62 W
2026/09/20 12:38:13.501, 2, 0 %, 0 %, 35270 MiB, 36.57 W
2026/09/20 12:38:18.502, 0, 0 %, 0 %, 35271 MiB, 36.34 W
2026/09/20 12:38:18.502, 1, 0 %, 0 %, 35271 MiB, 35.72 W
2026/09/20 12:38:18.502, 2, 0 %, 0 %, 35270 MiB, 36.46 W
2026/09/20 12:38:23.503, 0, 0 %, 0 %, 35271 MiB, 36.32 W
2026/09/20 12:38:23.503, 1, 0 %, 0 %, 35271 MiB, 35.70 W
2026/09/20 12:38:23.503, 2, 0 %, 0 %, 35270 MiB, 36.55 W
2026/09/20 12:38:28.504, 0, 0 %, 0 %, 35271 MiB, 36.33 W
2026/09/20 12:38:28.504, 1, 0 %, 0 %, 35271 MiB, 35.61 W
2026/09/20 12:38:28.505, 2, 0 %, 0 %, 35270 MiB, 36.68 W
2026/09/20 12:38:33.506, 0, 3 %, 0 %, 35271 MiB, 36.21 W
2026/09/20 12:38:33.506, 1, 0 %, 0 %, 35271 MiB, 35.60 W
2026/09/20 12:38:33.507, 2, 0 %, 0 %, 35270 MiB, 36.44 W
2026/09/20 12:38:38.507, 0, 0 %, 0 %, 35271 MiB, 36.13 W
2026/09/20 12:38:38.508, 1, 0 %, 0 %, 35271 MiB, 35.71 W
2026/09/20 12:38:38.508, 2, 0 %, 0 %, 35270 MiB, 36.47 W
2026/09/20 12:38:43.509, 0, 7 %, 0 %, 35271 MiB, 36.41 W
2026/09/20 12:38:43.509, 1, 0 %, 0 %, 35271 MiB, 35.50 W
2026/09/20 12:38:43.510, 2, 0 %, 0 %, 35270 MiB, 36.33 W
2026/09/20 12:38:48.511, 0, 0 %, 0 %, 35271 MiB, 36.13 W
2026/09/20 12:38:48.511, 1, 0 %, 0 %, 35271 MiB, 35.51 W
2026/09/20 12:38:48.511, 2, 0 %, 0 %, 35270 MiB, 36.56 W
2026/09/20 12:38:53.521, 0, 0 %, 0 %, 35271 MiB, 36.12 W
2026/09/20 12:38:53.521, 1, 0 %, 0 %, 35271 MiB, 35.69 W
2026/09/20 12:38:53.521, 2, 0 %, 0 %, 35270 MiB, 36.44 W
2026/09/20 12:38:58.527, 0, 0 %, 0 %, 35271 MiB, 36.12 W
2026/09/20 12:38:58.527, 1, 0 %, 0 %, 35271 MiB, 35.70 W
2026/09/20 12:38:58.528, 2, 0 %, 0 %, 35270 MiB, 36.54 W
2026/09/20 12:39:03.528, 0, 0 %, 0 %, 35271 MiB, 38.71 W
2026/09/20 12:39:03.529, 1, 0 %, 0 %, 35271 MiB, 35.72 W
2026/09/20 12:39:03.529, 2, 0 %, 0 %, 35270 MiB, 36.58 W
2026/09/20 12:39:08.530, 0, 0 %, 0 %, 35271 MiB, 36.22 W
2026/09/20 12:39:08.530, 1, 0 %, 0 %, 35271 MiB, 35.60 W
2026/09/20 12:39:08.530, 2, 0 %, 0 %, 35270 MiB, 36.56 W
2026/09/20 12:39:13.532, 0, 0 %, 0 %, 35271 MiB, 36.22 W
2026/09/20 12:39:13.533, 1, 0 %, 0 %, 35271 MiB, 35.69 W
2026/09/20 12:39:13.533, 2, 0 %, 0 %, 35270 MiB, 36.34 W
2026/09/20 12:39:18.533, 0, 0 %, 0 %, 35271 MiB, 36.33 W
2026/09/20 12:39:18.533, 1, 0 %, 0 %, 35271 MiB, 35.51 W
2026/09/20 12:39:18.534, 2, 0 %, 0 %, 35270 MiB, 36.36 W
2026/09/20 12:39:23.534, 0, 23 %, 1 %, 35271 MiB, 36.12 W
2026/09/20 12:39:23.535, 1, 0 %, 0 %, 35271 MiB, 35.51 W
2026/09/20 12:39:23.535, 2, 0 %, 0 %, 35270 MiB, 36.57 W
2026/09/20 12:39:28.536, 0, 0 %, 0 %, 35271 MiB, 36.23 W
2026/09/20 12:39:28.536, 1, 0 %, 0 %, 35271 MiB, 35.51 W
2026/09/20 12:39:28.536, 2, 0 %, 0 %, 35270 MiB, 36.33 W
2026/09/20 12:39:33.538, 0, 0 %, 0 %, 35271 MiB, 36.12 W
2026/09/20 12:39:33.538, 1, 0 %, 0 %, 35271 MiB, 35.40 W
2026/09/20 12:39:33.539, 2, 0 %, 0 %, 35270 MiB, 36.33 W
2026/09/20 12:39:38.539, 0, 0 %, 0 %, 35271 MiB, 36.26 W
2026/09/20 12:39:38.539, 1, 0 %, 0 %, 35271 MiB, 35.53 W
2026/09/20 12:39:38.539, 2, 0 %, 0 %, 35270 MiB, 36.38 W
2026/09/20 12:39:43.541, 0, 0 %, 0 %, 35271 MiB, 36.03 W
2026/09/20 12:39:43.541, 1, 0 %, 0 %, 35271 MiB, 35.51 W
2026/09/20 12:39:43.541, 2, 0 %, 0 %, 35270 MiB, 36.44 W
2026/09/20 12:39:48.542, 0, 0 %, 0 %, 35271 MiB, 36.02 W
2026/09/20 12:39:48.542, 1, 0 %, 0 %, 35271 MiB, 35.51 W
2026/09/20 12:39:48.542, 2, 0 %, 0 %, 35270 MiB, 36.33 W
2026/09/20 12:39:53.543, 0, 0 %, 0 %, 35271 MiB, 36.11 W
2026/09/20 12:39:53.543, 1, 0 %, 0 %, 35271 MiB, 35.50 W
2026/09/20 12:39:53.543, 2, 0 %, 0 %, 35270 MiB, 36.33 W
2026/09/20 12:39:58.544, 0, 0 %, 0 %, 35271 MiB, 36.04 W
2026/09/20 12:39:58.544, 1, 0 %, 0 %, 35271 MiB, 35.60 W
2026/09/20 12:39:58.544, 2, 0 %, 0 %, 35270 MiB, 36.68 W
2026/09/20 12:40:03.546, 0, 0 %, 0 %, 35271 MiB, 36.01 W
2026/09/20 12:40:03.547, 1, 0 %, 0 %, 35271 MiB, 35.50 W
2026/09/20 12:40:03.547, 2, 0 %, 0 %, 35270 MiB, 36.43 W
2026/09/20 12:40:08.548, 0, 0 %, 0 %, 35271 MiB, 36.01 W
2026/09/20 12:40:08.548, 1, 0 %, 0 %, 35271 MiB, 35.50 W
2026/09/20 12:40:08.548, 2, 0 %, 0 %, 35270 MiB, 36.44 W
2026/09/20 12:40:13.550, 0, 0 %, 0 %, 35271 MiB, 36.02 W
2026/09/20 12:40:13.551, 1, 0 %, 0 %, 35271 MiB, 35.60 W
2026/09/20 12:40:13.551, 2, 0 %, 0 %, 35270 MiB, 36.43 W
2026/09/20 12:40:18.551, 0, 0 %, 0 %, 35271 MiB, 36.06 W
2026/09/20 12:40:18.551, 1, 0 %, 0 %, 35271 MiB, 35.72 W
2026/09/20 12:40:18.552, 2, 0 %, 0 %, 35270 MiB, 36.57 W
2026/09/20 12:40:23.553, 0, 0 %, 0 %, 35271 MiB, 36.31 W
2026/09/20 12:40:23.553, 1, 0 %, 0 %, 35271 MiB, 36.19 W
2026/09/20 12:40:23.553, 2, 0 %, 0 %, 35270 MiB, 36.66 W
2026/09/20 12:40:28.555, 0, 0 %, 0 %, 35271 MiB, 36.40 W
2026/09/20 12:40:28.555, 1, 0 %, 0 %, 35271 MiB, 35.39 W
2026/09/20 12:40:28.555, 2, 0 %, 0 %, 35270 MiB, 36.33 W
2026/09/20 12:40:33.557, 0, 23 %, 1 %, 35271 MiB, 36.12 W
2026/09/20 12:40:33.557, 1, 0 %, 0 %, 35271 MiB, 35.41 W
2026/09/20 12:40:33.557, 2, 0 %, 0 %, 35270 MiB, 36.24 W
2026/09/20 12:40:38.558, 0, 0 %, 0 %, 35271 MiB, 36.13 W
2026/09/20 12:40:38.558, 1, 0 %, 0 %, 35271 MiB, 35.61 W
2026/09/20 12:40:38.558, 2, 0 %, 0 %, 35270 MiB, 36.36 W
2026/09/20 12:40:43.560, 0, 0 %, 0 %, 35271 MiB, 36.11 W
2026/09/20 12:40:43.560, 1, 0 %, 0 %, 35271 MiB, 35.50 W
2026/09/20 12:40:43.560, 2, 0 %, 0 %, 35270 MiB, 36.33 W
2026/09/20 12:40:48.561, 0, 0 %, 0 %, 35271 MiB, 36.22 W
2026/09/20 12:40:48.561, 1, 0 %, 0 %, 35271 MiB, 35.51 W
2026/09/20 12:40:48.561, 2, 0 %, 0 %, 35270 MiB, 36.24 W
2026/09/20 12:40:53.563, 0, 23 %, 1 %, 35271 MiB, 36.02 W
2026/09/20 12:40:53.563, 1, 0 %, 0 %, 35271 MiB, 35.51 W
2026/09/20 12:40:53.564, 2, 0 %, 0 %, 35270 MiB, 36.54 W
2026/09/20 12:40:58.564, 0, 0 %, 0 %, 35271 MiB, 36.04 W
2026/09/20 12:40:58.564, 1, 0 %, 0 %, 35271 MiB, 35.51 W
2026/09/20 12:40:58.564, 2, 0 %, 0 %, 35270 MiB, 36.36 W
2026/09/20 12:41:03.566, 0, 0 %, 0 %, 35271 MiB, 36.31 W
2026/09/20 12:41:03.566, 1, 0 %, 0 %, 35271 MiB, 35.50 W
2026/09/20 12:41:03.566, 2, 0 %, 0 %, 35270 MiB, 36.33 W
2026/09/20 12:41:08.567, 0, 23 %, 1 %, 35271 MiB, 35.93 W
2026/09/20 12:41:08.568, 1, 0 %, 0 %, 35271 MiB, 35.60 W
2026/09/20 12:41:08.568, 2, 0 %, 0 %, 35270 MiB, 36.33 W
2026/09/20 12:41:13.568, 0, 0 %, 0 %, 35271 MiB, 36.04 W
2026/09/20 12:41:13.569, 1, 0 %, 0 %, 35271 MiB, 35.53 W
2026/09/20 12:41:13.569, 2, 0 %, 0 %, 35270 MiB, 36.57 W
2026/09/20 12:41:18.570, 0, 0 %, 0 %, 35271 MiB, 35.94 W
2026/09/20 12:41:18.570, 1, 0 %, 0 %, 35271 MiB, 35.60 W
2026/09/20 12:41:18.570, 2, 0 %, 0 %, 35270 MiB, 36.46 W
2026/09/20 12:41:23.571, 0, 0 %, 0 %, 35271 MiB, 36.02 W
2026/09/20 12:41:23.571, 1, 0 %, 0 %, 35271 MiB, 35.60 W
2026/09/20 12:41:23.571, 2, 0 %, 0 %, 35270 MiB, 36.44 W
2026/09/20 12:41:28.573, 0, 23 %, 1 %, 35271 MiB, 36.13 W
2026/09/20 12:41:28.574, 1, 0 %, 0 %, 35271 MiB, 35.60 W
2026/09/20 12:41:28.574, 2, 0 %, 0 %, 35270 MiB, 36.24 W
2026/09/20 12:41:33.575, 0, 0 %, 0 %, 35271 MiB, 36.04 W
2026/09/20 12:41:33.575, 1, 0 %, 0 %, 35271 MiB, 35.42 W
2026/09/20 12:41:33.575, 2, 0 %, 0 %, 35270 MiB, 36.36 W
2026/09/20 12:41:38.576, 0, 0 %, 0 %, 35271 MiB, 36.31 W
2026/09/20 12:41:38.576, 1, 0 %, 0 %, 35271 MiB, 35.51 W
2026/09/20 12:41:38.576, 2, 0 %, 0 %, 35270 MiB, 36.35 W
2026/09/20 12:41:43.578, 0, 0 %, 0 %, 35271 MiB, 36.11 W
2026/09/20 12:41:43.578, 1, 0 %, 0 %, 35271 MiB, 35.49 W
2026/09/20 12:41:43.578, 2, 0 %, 0 %, 35270 MiB, 36.33 W
2026/09/20 12:41:48.579, 0, 0 %, 0 %, 35271 MiB, 36.11 W
2026/09/20 12:41:48.579, 1, 0 %, 0 %, 35271 MiB, 35.39 W
2026/09/20 12:41:48.579, 2, 0 %, 0 %, 35270 MiB, 36.54 W
2026/09/20 12:41:53.581, 0, 0 %, 0 %, 35271 MiB, 36.22 W
2026/09/20 12:41:53.581, 1, 0 %, 0 %, 35271 MiB, 35.40 W
2026/09/20 12:41:53.581, 2, 0 %, 0 %, 35270 MiB, 36.33 W
2026/09/20 12:41:58.583, 0, 0 %, 0 %, 35271 MiB, 36.01 W
2026/09/20 12:41:58.583, 1, 0 %, 0 %, 35271 MiB, 35.51 W
2026/09/20 12:41:58.583, 2, 0 %, 0 %, 35270 MiB, 36.24 W
2026/09/20 12:42:03.584, 0, 0 %, 0 %, 35271 MiB, 35.92 W
2026/09/20 12:42:03.584, 1, 0 %, 0 %, 35271 MiB, 35.50 W
2026/09/20 12:42:03.584, 2, 0 %, 0 %, 35270 MiB, 36.33 W
2026/09/20 12:42:08.586, 0, 0 %, 0 %, 35271 MiB, 35.92 W
2026/09/20 12:42:08.586, 1, 0 %, 0 %, 35271 MiB, 35.48 W
2026/09/20 12:42:08.586, 2, 0 %, 0 %, 35270 MiB, 36.43 W
2026/09/20 12:42:13.588, 0, 0 %, 0 %, 35271 MiB, 35.92 W
2026/09/20 12:42:13.589, 1, 0 %, 0 %, 35271 MiB, 35.49 W
2026/09/20 12:42:13.589, 2, 0 %, 0 %, 35270 MiB, 36.43 W
2026/09/20 12:42:18.590, 0, 0 %, 0 %, 35271 MiB, 36.01 W
2026/09/20 12:42:18.590, 1, 0 %, 0 %, 35271 MiB, 35.69 W
2026/09/20 12:42:18.590, 2, 0 %, 0 %, 35270 MiB, 36.33 W
2026/09/20 12:42:23.591, 0, 0 %, 0 %, 35271 MiB, 35.92 W
2026/09/20 12:42:23.591, 1, 0 %, 0 %, 35271 MiB, 35.50 W
2026/09/20 12:42:23.591, 2, 0 %, 0 %, 35270 MiB, 36.33 W
2026/09/20 12:42:28.593, 0, 0 %, 0 %, 35271 MiB, 36.01 W
2026/09/20 12:42:28.593, 1, 0 %, 0 %, 35271 MiB, 35.50 W
2026/09/20 12:42:28.593, 2, 0 %, 0 %, 35270 MiB, 36.54 W
2026/09/20 12:42:33.595, 0, 0 %, 0 %, 35271 MiB, 36.12 W
2026/09/20 12:42:33.595, 1, 0 %, 0 %, 35271 MiB, 35.50 W
2026/09/20 12:42:33.595, 2, 0 %, 0 %, 35270 MiB, 36.43 W
2026/09/20 12:42:38.597, 0, 0 %, 0 %, 35271 MiB, 36.01 W
2026/09/20 12:42:38.597, 1, 0 %, 0 %, 35271 MiB, 35.60 W
2026/09/20 12:42:38.597, 2, 0 %, 0 %, 35270 MiB, 36.33 W
2026/09/20 12:42:43.599, 0, 0 %, 0 %, 35271 MiB, 36.11 W
2026/09/20 12:42:43.599, 1, 0 %, 0 %, 35271 MiB, 35.39 W
2026/09/20 12:42:43.599, 2, 0 %, 0 %, 35270 MiB, 36.43 W
2026/09/20 12:42:48.604, 0, 0 %, 0 %, 35271 MiB, 36.12 W
2026/09/20 12:42:48.604, 1, 0 %, 0 %, 35271 MiB, 35.51 W
2026/09/20 12:42:48.604, 2, 0 %, 0 %, 35270 MiB, 36.33 W
2026/09/20 12:42:53.606, 0, 0 %, 0 %, 35271 MiB, 36.21 W
2026/09/20 12:42:53.606, 1, 0 %, 0 %, 35271 MiB, 35.50 W
2026/09/20 12:42:53.606, 2, 0 %, 0 %, 35270 MiB, 36.44 W
2026/09/20 12:42:58.611, 0, 0 %, 0 %, 35271 MiB, 36.21 W
2026/09/20 12:42:58.611, 1, 0 %, 0 %, 35271 MiB, 35.60 W
2026/09/20 12:42:58.611, 2, 0 %, 0 %, 35270 MiB, 36.33 W
2026/09/20 12:43:03.612, 0, 0 %, 0 %, 35271 MiB, 36.01 W
2026/09/20 12:43:03.612, 1, 0 %, 0 %, 35271 MiB, 35.59 W
2026/09/20 12:43:03.612, 2, 0 %, 0 %, 35270 MiB, 36.43 W
2026/09/20 12:43:08.614, 0, 0 %, 0 %, 35271 MiB, 35.92 W
2026/09/20 12:43:08.614, 1, 0 %, 0 %, 35271 MiB, 35.48 W
2026/09/20 12:43:08.614, 2, 0 %, 0 %, 35270 MiB, 36.33 W
2026/09/20 12:43:13.615, 0, 0 %, 0 %, 35271 MiB, 36.01 W
2026/09/20 12:43:13.615, 1, 0 %, 0 %, 35271 MiB, 35.49 W
2026/09/20 12:43:13.615, 2, 0 %, 0 %, 35270 MiB, 36.33 W
2026/09/20 12:43:18.617, 0, 0 %, 0 %, 35271 MiB, 36.04 W
2026/09/20 12:43:18.617, 1, 0 %, 0 %, 35271 MiB, 35.61 W
2026/09/20 12:43:18.617, 2, 0 %, 0 %, 35270 MiB, 36.77 W
2026/09/20 12:43:23.618, 0, 0 %, 0 %, 35271 MiB, 35.92 W
2026/09/20 12:43:23.618, 1, 0 %, 0 %, 35271 MiB, 35.50 W
2026/09/20 12:43:23.618, 2, 0 %, 0 %, 35270 MiB, 36.43 W
2026/09/20 12:43:28.620, 0, 0 %, 0 %, 35271 MiB, 36.23 W
2026/09/20 12:43:28.620, 1, 0 %, 0 %, 35271 MiB, 35.51 W
2026/09/20 12:43:28.620, 2, 0 %, 0 %, 35270 MiB, 36.47 W
2026/09/20 12:43:33.624, 0, 0 %, 0 %, 35271 MiB, 36.13 W
2026/09/20 12:43:33.624, 1, 0 %, 0 %, 35271 MiB, 35.61 W
2026/09/20 12:43:33.624, 2, 0 %, 0 %, 35270 MiB, 36.46 W
2026/09/20 12:43:38.625, 0, 0 %, 0 %, 35271 MiB, 36.05 W
2026/09/20 12:43:38.625, 1, 0 %, 0 %, 35271 MiB, 35.81 W
2026/09/20 12:43:38.625, 2, 0 %, 0 %, 35270 MiB, 36.57 W
2026/09/20 12:43:43.625, 0, 0 %, 0 %, 35271 MiB, 36.06 W
2026/09/20 12:43:43.626, 1, 0 %, 0 %, 35271 MiB, 35.53 W
2026/09/20 12:43:43.626, 2, 0 %, 0 %, 35270 MiB, 36.37 W
2026/09/20 12:43:48.626, 0, 0 %, 0 %, 35271 MiB, 36.16 W
2026/09/20 12:43:48.626, 1, 0 %, 0 %, 35271 MiB, 35.45 W
2026/09/20 12:43:48.626, 2, 0 %, 0 %, 35270 MiB, 36.28 W
2026/09/20 12:43:53.627, 0, 0 %, 0 %, 35271 MiB, 36.06 W
2026/09/20 12:43:53.627, 1, 0 %, 0 %, 35271 MiB, 35.34 W
2026/09/20 12:43:53.627, 2, 0 %, 0 %, 35270 MiB, 36.28 W
2026/09/20 12:43:58.628, 0, 0 %, 0 %, 35271 MiB, 36.16 W
2026/09/20 12:43:58.628, 1, 0 %, 0 %, 35271 MiB, 35.63 W
2026/09/20 12:43:58.628, 2, 0 %, 0 %, 35270 MiB, 36.38 W
2026/09/20 12:44:03.628, 0, 0 %, 0 %, 35271 MiB, 36.16 W
2026/09/20 12:44:03.628, 1, 0 %, 0 %, 35271 MiB, 35.53 W
2026/09/20 12:44:03.628, 2, 0 %, 0 %, 35270 MiB, 36.38 W
2026/09/20 12:44:08.629, 0, 100 %, 6 %, 35271 MiB, 88.89 W
2026/09/20 12:44:08.629, 1, 100 %, 6 %, 35271 MiB, 81.91 W
2026/09/20 12:44:08.629, 2, 100 %, 10 %, 35270 MiB, 81.47 W
2026/09/20 12:44:13.630, 0, 100 %, 19 %, 35271 MiB, 84.81 W
2026/09/20 12:44:13.630, 1, 99 %, 11 %, 35271 MiB, 79.45 W
2026/09/20 12:44:13.630, 2, 100 %, 10 %, 35270 MiB, 89.68 W
2026/09/20 12:44:18.631, 0, 100 %, 10 %, 35271 MiB, 88.76 W
2026/09/20 12:44:18.631, 1, 100 %, 6 %, 35271 MiB, 85.63 W
2026/09/20 12:44:18.631, 2, 100 %, 6 %, 35270 MiB, 86.03 W
2026/09/20 12:44:23.631, 0, 100 %, 14 %, 35271 MiB, 150.70 W
2026/09/20 12:44:23.631, 1, 100 %, 14 %, 35271 MiB, 80.64 W
2026/09/20 12:44:23.632, 2, 100 %, 7 %, 35270 MiB, 88.20 W
2026/09/20 12:44:28.632, 0, 0 %, 0 %, 35271 MiB, 56.82 W
2026/09/20 12:44:28.632, 1, 0 %, 0 %, 35271 MiB, 36.28 W
2026/09/20 12:44:28.632, 2, 0 %, 0 %, 35270 MiB, 37.53 W
2026/09/20 12:44:33.633, 0, 0 %, 0 %, 35271 MiB, 36.70 W
2026/09/20 12:44:33.634, 1, 0 %, 0 %, 35271 MiB, 36.17 W
2026/09/20 12:44:33.634, 2, 0 %, 0 %, 35270 MiB, 37.24 W
2026/09/20 12:44:38.643, 0, 0 %, 0 %, 35271 MiB, 36.60 W
2026/09/20 12:44:38.643, 1, 0 %, 0 %, 35271 MiB, 36.37 W
2026/09/20 12:44:38.643, 2, 0 %, 0 %, 35270 MiB, 37.04 W
2026/09/20 12:44:43.644, 0, 0 %, 0 %, 35271 MiB, 36.50 W
2026/09/20 12:44:43.644, 1, 0 %, 0 %, 35271 MiB, 36.17 W
2026/09/20 12:44:43.644, 2, 0 %, 0 %, 35270 MiB, 36.94 W
2026/09/20 12:44:48.646, 0, 0 %, 0 %, 35271 MiB, 36.51 W
2026/09/20 12:44:48.646, 1, 0 %, 0 %, 35271 MiB, 36.09 W
2026/09/20 12:44:48.646, 2, 0 %, 0 %, 35270 MiB, 36.85 W
2026/09/20 12:44:53.647, 0, 0 %, 0 %, 35271 MiB, 36.40 W
2026/09/20 12:44:53.647, 1, 0 %, 0 %, 35271 MiB, 35.88 W
2026/09/20 12:44:53.647, 2, 0 %, 0 %, 35270 MiB, 36.85 W
2026/09/20 12:44:58.649, 0, 0 %, 0 %, 35271 MiB, 36.42 W
2026/09/20 12:44:58.649, 1, 0 %, 0 %, 35271 MiB, 35.89 W
2026/09/20 12:44:58.649, 2, 0 %, 0 %, 35270 MiB, 36.75 W
2026/09/20 12:45:03.651, 0, 0 %, 0 %, 35271 MiB, 36.50 W
2026/09/20 12:45:03.651, 1, 0 %, 0 %, 35271 MiB, 35.88 W
2026/09/20 12:45:03.651, 2, 0 %, 0 %, 35270 MiB, 36.64 W
2026/09/20 12:45:08.652, 0, 0 %, 0 %, 35271 MiB, 36.40 W
2026/09/20 12:45:08.652, 1, 0 %, 0 %, 35271 MiB, 35.79 W
2026/09/20 12:45:08.652, 2, 0 %, 0 %, 35270 MiB, 36.94 W
2026/09/20 12:45:13.653, 0, 0 %, 0 %, 35271 MiB, 36.31 W
2026/09/20 12:45:13.653, 1, 0 %, 0 %, 35271 MiB, 35.79 W
2026/09/20 12:45:13.653, 2, 0 %, 0 %, 35270 MiB, 36.74 W
2026/09/20 12:45:18.655, 0, 23 %, 1 %, 35271 MiB, 36.21 W
2026/09/20 12:45:18.655, 1, 0 %, 0 %, 35271 MiB, 35.78 W
2026/09/20 12:45:18.656, 2, 0 %, 0 %, 35270 MiB, 36.64 W
2026/09/20 12:45:23.656, 0, 0 %, 0 %, 35271 MiB, 36.23 W
2026/09/20 12:45:23.656, 1, 0 %, 0 %, 35271 MiB, 35.99 W
2026/09/20 12:45:23.657, 2, 0 %, 0 %, 35270 MiB, 36.66 W
2026/09/20 12:45:28.657, 0, 0 %, 0 %, 35271 MiB, 36.21 W
2026/09/20 12:45:28.657, 1, 0 %, 0 %, 35271 MiB, 35.69 W
2026/09/20 12:45:28.657, 2, 0 %, 0 %, 35270 MiB, 36.64 W
2026/09/20 12:45:33.659, 0, 0 %, 0 %, 35271 MiB, 36.10 W
2026/09/20 12:45:33.659, 1, 0 %, 0 %, 35271 MiB, 35.77 W
2026/09/20 12:45:33.659, 2, 0 %, 0 %, 35270 MiB, 36.64 W
2026/09/20 12:45:38.660, 0, 0 %, 0 %, 35271 MiB, 40.97 W
2026/09/20 12:45:38.660, 1, 0 %, 0 %, 35271 MiB, 35.91 W
2026/09/20 12:45:38.660, 2, 0 %, 0 %, 35270 MiB, 36.57 W
2026/09/20 12:45:43.660, 0, 0 %, 0 %, 35271 MiB, 36.11 W
2026/09/20 12:45:43.661, 1, 0 %, 0 %, 35271 MiB, 35.77 W
2026/09/20 12:45:43.661, 2, 0 %, 0 %, 35270 MiB, 36.94 W
2026/09/20 12:45:48.661, 0, 23 %, 1 %, 35271 MiB, 36.12 W
2026/09/20 12:45:48.662, 1, 0 %, 0 %, 35271 MiB, 35.70 W
2026/09/20 12:45:48.662, 2, 0 %, 0 %, 35270 MiB, 36.75 W
2026/09/20 12:45:53.663, 0, 0 %, 0 %, 35271 MiB, 36.01 W
2026/09/20 12:45:53.663, 1, 0 %, 0 %, 35271 MiB, 35.68 W
2026/09/20 12:45:53.663, 2, 0 %, 0 %, 35270 MiB, 36.54 W
2026/09/20 12:45:58.664, 0, 0 %, 0 %, 35271 MiB, 36.32 W
2026/09/20 12:45:58.664, 1, 0 %, 0 %, 35271 MiB, 35.99 W
2026/09/20 12:45:58.664, 2, 0 %, 0 %, 35270 MiB, 36.56 W
2026/09/20 12:46:03.665, 0, 23 %, 1 %, 35271 MiB, 36.21 W
2026/09/20 12:46:03.666, 1, 0 %, 0 %, 35271 MiB, 35.60 W
2026/09/20 12:46:03.666, 2, 0 %, 0 %, 35270 MiB, 36.54 W
2026/09/20 12:46:08.666, 0, 0 %, 0 %, 35271 MiB, 37.79 W
2026/09/20 12:46:08.666, 1, 0 %, 0 %, 35271 MiB, 35.51 W
2026/09/20 12:46:08.666, 2, 0 %, 0 %, 35270 MiB, 36.46 W
2026/09/20 12:46:13.670, 0, 4 %, 0 %, 35271 MiB, 36.11 W
2026/09/20 12:46:13.671, 1, 0 %, 0 %, 35271 MiB, 35.59 W
2026/09/20 12:46:13.671, 2, 0 %, 0 %, 35270 MiB, 36.44 W
2026/09/20 12:46:18.671, 0, 0 %, 0 %, 35271 MiB, 36.23 W
2026/09/20 12:46:18.671, 1, 0 %, 0 %, 35271 MiB, 35.72 W
2026/09/20 12:46:18.671, 2, 0 %, 0 %, 35270 MiB, 36.57 W
2026/09/20 12:46:23.673, 0, 0 %, 0 %, 35271 MiB, 36.22 W
2026/09/20 12:46:23.673, 1, 0 %, 0 %, 35271 MiB, 35.60 W
2026/09/20 12:46:23.673, 2, 0 %, 0 %, 35270 MiB, 36.55 W
2026/09/20 12:46:28.675, 0, 25 %, 1 %, 35271 MiB, 36.01 W
2026/09/20 12:46:28.675, 1, 0 %, 0 %, 35271 MiB, 35.60 W
2026/09/20 12:46:28.675, 2, 0 %, 0 %, 35270 MiB, 36.54 W
2026/09/20 12:46:33.676, 0, 0 %, 0 %, 35271 MiB, 35.95 W
2026/09/20 12:46:33.677, 1, 0 %, 0 %, 35271 MiB, 35.53 W
2026/09/20 12:46:33.677, 2, 0 %, 0 %, 35270 MiB, 36.57 W
2026/09/20 12:46:38.677, 0, 0 %, 0 %, 35271 MiB, 36.01 W
2026/09/20 12:46:38.678, 1, 0 %, 0 %, 35271 MiB, 35.78 W
2026/09/20 12:46:38.678, 2, 0 %, 0 %, 35270 MiB, 36.75 W
2026/09/20 12:46:43.688, 0, 25 %, 1 %, 35271 MiB, 36.02 W
2026/09/20 12:46:43.688, 1, 0 %, 0 %, 35271 MiB, 35.70 W
2026/09/20 12:46:43.688, 2, 0 %, 0 %, 35270 MiB, 36.65 W
2026/09/20 12:46:48.690, 0, 11 %, 0 %, 35271 MiB, 36.01 W
2026/09/20 12:46:48.690, 1, 0 %, 0 %, 35271 MiB, 35.59 W
2026/09/20 12:46:48.691, 2, 0 %, 0 %, 35270 MiB, 36.54 W
2026/09/20 12:46:53.692, 0, 0 %, 0 %, 35271 MiB, 36.21 W
2026/09/20 12:46:53.692, 1, 0 %, 0 %, 35271 MiB, 35.59 W
2026/09/20 12:46:53.692, 2, 0 %, 0 %, 35270 MiB, 36.54 W
2026/09/20 12:46:58.694, 0, 0 %, 0 %, 35271 MiB, 36.93 W
2026/09/20 12:46:58.694, 1, 0 %, 0 %, 35271 MiB, 35.92 W
2026/09/20 12:46:58.694, 2, 0 %, 0 %, 35270 MiB, 36.66 W
2026/09/20 12:47:03.695, 0, 0 %, 0 %, 35271 MiB, 36.01 W
2026/09/20 12:47:03.695, 1, 0 %, 0 %, 35271 MiB, 35.68 W
2026/09/20 12:47:03.696, 2, 0 %, 0 %, 35270 MiB, 36.43 W
2026/09/20 12:47:08.697, 0, 23 %, 1 %, 35271 MiB, 36.11 W
2026/09/20 12:47:08.697, 1, 0 %, 0 %, 35271 MiB, 35.50 W
2026/09/20 12:47:08.697, 2, 0 %, 0 %, 35270 MiB, 36.43 W
2026/09/20 12:47:13.698, 0, 10 %, 0 %, 35271 MiB, 36.24 W
2026/09/20 12:47:13.698, 1, 0 %, 0 %, 35271 MiB, 35.52 W
2026/09/20 12:47:13.699, 2, 0 %, 0 %, 35270 MiB, 36.36 W
2026/09/20 12:47:18.700, 0, 0 %, 0 %, 35271 MiB, 36.11 W
2026/09/20 12:47:18.700, 1, 0 %, 0 %, 35271 MiB, 35.49 W
2026/09/20 12:47:18.700, 2, 0 %, 0 %, 35270 MiB, 36.54 W
2026/09/20 12:47:23.702, 0, 23 %, 1 %, 35271 MiB, 36.11 W
2026/09/20 12:47:23.703, 1, 0 %, 0 %, 35271 MiB, 35.60 W
2026/09/20 12:47:23.703, 2, 0 %, 0 %, 35270 MiB, 36.44 W
2026/09/20 12:47:28.711, 0, 0 %, 0 %, 35271 MiB, 36.11 W
2026/09/20 12:47:28.711, 1, 0 %, 0 %, 35271 MiB, 35.50 W
2026/09/20 12:47:28.711, 2, 0 %, 0 %, 35270 MiB, 36.43 W
2026/09/20 12:47:33.713, 0, 0 %, 0 %, 35271 MiB, 36.03 W
2026/09/20 12:47:33.713, 1, 0 %, 0 %, 35271 MiB, 35.60 W
2026/09/20 12:47:33.713, 2, 0 %, 0 %, 35270 MiB, 36.56 W
2026/09/20 12:47:38.715, 0, 9 %, 0 %, 35271 MiB, 36.01 W
2026/09/20 12:47:38.715, 1, 0 %, 0 %, 35271 MiB, 35.69 W
2026/09/20 12:47:38.716, 2, 0 %, 0 %, 35270 MiB, 36.54 W
2026/09/20 12:47:43.716, 0, 0 %, 0 %, 35271 MiB, 35.92 W
2026/09/20 12:47:43.716, 1, 0 %, 0 %, 35271 MiB, 35.59 W
2026/09/20 12:47:43.716, 2, 0 %, 0 %, 35270 MiB, 36.54 W
2026/09/20 12:47:48.717, 0, 0 %, 0 %, 35271 MiB, 35.95 W
2026/09/20 12:47:48.717, 1, 0 %, 0 %, 35271 MiB, 35.53 W
2026/09/20 12:47:48.717, 2, 0 %, 0 %, 35270 MiB, 36.57 W
2026/09/20 12:47:53.718, 0, 0 %, 0 %, 35271 MiB, 36.01 W
2026/09/20 12:47:53.719, 1, 0 %, 0 %, 35271 MiB, 35.59 W
2026/09/20 12:47:53.719, 2, 0 %, 0 %, 35270 MiB, 36.75 W
2026/09/20 12:47:58.720, 0, 10 %, 0 %, 35271 MiB, 36.71 W
2026/09/20 12:47:58.720, 1, 0 %, 0 %, 35271 MiB, 35.60 W
2026/09/20 12:47:58.720, 2, 0 %, 0 %, 35270 MiB, 36.54 W
2026/09/20 12:48:03.721, 0, 0 %, 0 %, 35271 MiB, 35.92 W
2026/09/20 12:48:03.721, 1, 0 %, 0 %, 35271 MiB, 35.69 W
2026/09/20 12:48:03.721, 2, 0 %, 0 %, 35270 MiB, 36.54 W
2026/09/20 12:48:08.723, 0, 0 %, 0 %, 35271 MiB, 36.21 W
2026/09/20 12:48:08.723, 1, 0 %, 0 %, 35271 MiB, 35.60 W
2026/09/20 12:48:08.723, 2, 0 %, 0 %, 35270 MiB, 36.54 W
2026/09/20 12:48:13.724, 0, 0 %, 0 %, 35271 MiB, 36.04 W
2026/09/20 12:48:13.724, 1, 0 %, 0 %, 35271 MiB, 35.62 W
2026/09/20 12:48:13.724, 2, 0 %, 0 %, 35270 MiB, 36.57 W
2026/09/20 12:48:18.726, 0, 0 %, 0 %, 35271 MiB, 36.01 W
2026/09/20 12:48:18.726, 1, 0 %, 0 %, 35271 MiB, 35.49 W
2026/09/20 12:48:18.726, 2, 0 %, 0 %, 35270 MiB, 36.43 W
2026/09/20 12:48:23.731, 0, 0 %, 0 %, 35271 MiB, 42.62 W
2026/09/20 12:48:23.731, 1, 0 %, 0 %, 35271 MiB, 35.51 W
2026/09/20 12:48:23.731, 2, 0 %, 0 %, 35270 MiB, 36.44 W
2026/09/20 12:48:28.731, 0, 0 %, 0 %, 35271 MiB, 36.16 W
2026/09/20 12:48:28.732, 1, 0 %, 0 %, 35271 MiB, 35.43 W
2026/09/20 12:48:28.732, 2, 0 %, 0 %, 35270 MiB, 36.48 W
2026/09/20 12:48:33.732, 0, 0 %, 0 %, 35271 MiB, 36.16 W
2026/09/20 12:48:33.732, 1, 0 %, 0 %, 35271 MiB, 35.53 W
2026/09/20 12:48:33.732, 2, 0 %, 0 %, 35270 MiB, 36.59 W
2026/09/20 12:48:38.733, 0, 0 %, 0 %, 35271 MiB, 36.06 W
2026/09/20 12:48:38.733, 1, 0 %, 0 %, 35271 MiB, 35.53 W
2026/09/20 12:48:38.733, 2, 0 %, 0 %, 35270 MiB, 36.48 W
2026/09/20 12:48:43.733, 0, 0 %, 0 %, 35271 MiB, 35.93 W
2026/09/20 12:48:43.734, 1, 0 %, 0 %, 35271 MiB, 35.51 W
2026/09/20 12:48:43.734, 2, 0 %, 0 %, 35270 MiB, 36.56 W
2026/09/20 12:48:48.734, 0, 0 %, 0 %, 35271 MiB, 35.95 W
2026/09/20 12:48:48.734, 1, 0 %, 0 %, 35271 MiB, 35.44 W
2026/09/20 12:48:48.734, 2, 0 %, 0 %, 35270 MiB, 36.48 W
2026/09/20 12:48:53.735, 0, 0 %, 0 %, 35271 MiB, 35.96 W
2026/09/20 12:48:53.735, 1, 0 %, 0 %, 35271 MiB, 35.53 W
2026/09/20 12:48:53.735, 2, 0 %, 0 %, 35270 MiB, 36.59 W
2026/09/20 12:48:58.735, 0, 0 %, 0 %, 35271 MiB, 35.83 W
2026/09/20 12:48:58.736, 1, 0 %, 0 %, 35271 MiB, 35.52 W
2026/09/20 12:48:58.736, 2, 0 %, 0 %, 35270 MiB, 36.46 W
2026/09/20 12:49:03.736, 0, 0 %, 0 %, 35271 MiB, 36.13 W
2026/09/20 12:49:03.736, 1, 0 %, 0 %, 35271 MiB, 35.62 W
2026/09/20 12:49:03.736, 2, 0 %, 0 %, 35270 MiB, 36.57 W
2026/09/20 12:49:08.737, 0, 18 %, 1 %, 35271 MiB, 35.96 W
2026/09/20 12:49:08.737, 1, 0 %, 0 %, 35271 MiB, 35.52 W
2026/09/20 12:49:08.737, 2, 0 %, 0 %, 35270 MiB, 36.68 W
2026/09/20 12:49:13.738, 0, 0 %, 0 %, 35271 MiB, 35.96 W
2026/09/20 12:49:13.738, 1, 0 %, 0 %, 35271 MiB, 35.73 W
2026/09/20 12:49:13.738, 2, 0 %, 0 %, 35270 MiB, 36.58 W
2026/09/20 12:49:18.740, 0, 0 %, 0 %, 35271 MiB, 35.96 W
2026/09/20 12:49:18.740, 1, 0 %, 0 %, 35271 MiB, 35.63 W
2026/09/20 12:49:18.740, 2, 0 %, 0 %, 35270 MiB, 36.38 W
2026/09/20 12:49:23.741, 0, 0 %, 0 %, 35271 MiB, 36.05 W
2026/09/20 12:49:23.741, 1, 0 %, 0 %, 35271 MiB, 35.62 W
2026/09/20 12:49:23.741, 2, 0 %, 0 %, 35270 MiB, 36.38 W
2026/09/20 12:49:28.741, 0, 0 %, 0 %, 35271 MiB, 36.06 W
2026/09/20 12:49:28.741, 1, 0 %, 0 %, 35271 MiB, 35.44 W
2026/09/20 12:49:28.741, 2, 0 %, 0 %, 35270 MiB, 36.37 W
2026/09/20 12:49:33.742, 0, 4 %, 0 %, 35271 MiB, 36.06 W
2026/09/20 12:49:33.742, 1, 0 %, 0 %, 35271 MiB, 35.43 W
2026/09/20 12:49:33.742, 2, 0 %, 0 %, 35270 MiB, 36.47 W
2026/09/20 12:49:38.742, 0, 0 %, 0 %, 35271 MiB, 36.06 W
2026/09/20 12:49:38.743, 1, 0 %, 0 %, 35271 MiB, 35.53 W
2026/09/20 12:49:38.743, 2, 0 %, 0 %, 35270 MiB, 36.49 W
2026/09/20 12:49:43.743, 0, 0 %, 0 %, 35271 MiB, 36.06 W
2026/09/20 12:49:43.743, 1, 0 %, 0 %, 35271 MiB, 35.63 W
2026/09/20 12:49:43.743, 2, 0 %, 0 %, 35270 MiB, 36.38 W
2026/09/20 12:49:48.744, 0, 0 %, 0 %, 35271 MiB, 35.86 W
2026/09/20 12:49:48.744, 1, 0 %, 0 %, 35271 MiB, 35.53 W
2026/09/20 12:49:48.744, 2, 0 %, 0 %, 35270 MiB, 36.49 W
2026/09/20 12:49:53.744, 0, 0 %, 0 %, 35271 MiB, 35.84 W
2026/09/20 12:49:53.745, 1, 0 %, 0 %, 35271 MiB, 35.42 W
2026/09/20 12:49:53.745, 2, 0 %, 0 %, 35270 MiB, 36.36 W
2026/09/20 12:49:58.745, 0, 0 %, 0 %, 35271 MiB, 43.46 W
2026/09/20 12:49:58.745, 1, 0 %, 0 %, 35271 MiB, 35.43 W
2026/09/20 12:49:58.745, 2, 0 %, 0 %, 35270 MiB, 36.37 W
2026/09/20 12:50:03.746, 0, 0 %, 0 %, 35271 MiB, 35.86 W
2026/09/20 12:50:03.746, 1, 0 %, 0 %, 35271 MiB, 35.72 W
2026/09/20 12:50:03.746, 2, 0 %, 0 %, 35270 MiB, 36.70 W
2026/09/20 12:50:08.746, 0, 0 %, 0 %, 35271 MiB, 35.75 W
2026/09/20 12:50:08.747, 1, 0 %, 0 %, 35271 MiB, 35.53 W
2026/09/20 12:50:08.747, 2, 0 %, 0 %, 35270 MiB, 36.49 W
2026/09/20 12:50:13.747, 0, 0 %, 0 %, 35271 MiB, 35.96 W
2026/09/20 12:50:13.747, 1, 0 %, 0 %, 35271 MiB, 35.53 W
2026/09/20 12:50:13.747, 2, 0 %, 0 %, 35270 MiB, 36.59 W
2026/09/20 12:50:18.748, 0, 24 %, 1 %, 35271 MiB, 36.26 W
2026/09/20 12:50:18.748, 1, 0 %, 0 %, 35271 MiB, 35.61 W
2026/09/20 12:50:18.748, 2, 0 %, 0 %, 35270 MiB, 36.47 W
2026/09/20 12:50:23.748, 0, 0 %, 0 %, 35271 MiB, 36.06 W
2026/09/20 12:50:23.748, 1, 0 %, 0 %, 35271 MiB, 35.63 W
2026/09/20 12:50:23.749, 2, 0 %, 0 %, 35270 MiB, 36.59 W
2026/09/20 12:50:28.749, 0, 0 %, 0 %, 35271 MiB, 36.06 W
2026/09/20 12:50:28.749, 1, 0 %, 0 %, 35271 MiB, 35.44 W
2026/09/20 12:50:28.749, 2, 0 %, 0 %, 35270 MiB, 36.38 W
2026/09/20 12:50:33.750, 0, 0 %, 0 %, 35271 MiB, 36.06 W
2026/09/20 12:50:33.750, 1, 0 %, 0 %, 35271 MiB, 35.43 W
2026/09/20 12:50:33.750, 2, 0 %, 0 %, 35270 MiB, 36.37 W
2026/09/20 12:50:38.750, 0, 0 %, 0 %, 35271 MiB, 36.25 W
2026/09/20 12:50:38.750, 1, 0 %, 0 %, 35271 MiB, 35.53 W
2026/09/20 12:50:38.750, 2, 0 %, 0 %, 35270 MiB, 36.28 W
2026/09/20 12:50:43.751, 0, 0 %, 0 %, 35271 MiB, 36.05 W
2026/09/20 12:50:43.751, 1, 0 %, 0 %, 35271 MiB, 35.62 W
2026/09/20 12:50:43.751, 2, 0 %, 0 %, 35270 MiB, 36.37 W
2026/09/20 12:50:48.751, 0, 0 %, 0 %, 35271 MiB, 36.13 W
2026/09/20 12:50:48.752, 1, 0 %, 0 %, 35271 MiB, 35.51 W
2026/09/20 12:50:48.752, 2, 0 %, 0 %, 35270 MiB, 36.36 W
2026/09/20 12:50:53.752, 0, 0 %, 0 %, 35271 MiB, 36.04 W
2026/09/20 12:50:53.752, 1, 0 %, 0 %, 35271 MiB, 35.42 W
2026/09/20 12:50:53.752, 2, 0 %, 0 %, 35270 MiB, 36.36 W
2026/09/20 12:50:58.753, 0, 0 %, 0 %, 35271 MiB, 35.96 W
2026/09/20 12:50:58.753, 1, 0 %, 0 %, 35271 MiB, 35.44 W
2026/09/20 12:50:58.753, 2, 0 %, 0 %, 35270 MiB, 36.58 W
2026/09/20 12:51:03.753, 0, 0 %, 0 %, 35271 MiB, 35.86 W
2026/09/20 12:51:03.754, 1, 0 %, 0 %, 35271 MiB, 35.73 W
2026/09/20 12:51:03.754, 2, 0 %, 0 %, 35270 MiB, 36.38 W
2026/09/20 12:51:08.754, 0, 0 %, 0 %, 35271 MiB, 35.96 W
2026/09/20 12:51:08.754, 1, 0 %, 0 %, 35271 MiB, 35.53 W
2026/09/20 12:51:08.754, 2, 0 %, 0 %, 35270 MiB, 36.37 W
2026/09/20 12:51:13.755, 0, 0 %, 0 %, 35271 MiB, 35.96 W
2026/09/20 12:51:13.755, 1, 0 %, 0 %, 35271 MiB, 35.53 W
2026/09/20 12:51:13.755, 2, 0 %, 0 %, 35270 MiB, 36.28 W
2026/09/20 12:51:18.755, 0, 0 %, 0 %, 35271 MiB, 35.96 W
2026/09/20 12:51:18.755, 1, 0 %, 0 %, 35271 MiB, 35.53 W
2026/09/20 12:51:18.755, 2, 0 %, 0 %, 35270 MiB, 36.48 W
2026/09/20 12:51:23.756, 0, 0 %, 0 %, 35271 MiB, 35.96 W
2026/09/20 12:51:23.756, 1, 0 %, 0 %, 35271 MiB, 35.72 W
2026/09/20 12:51:23.756, 2, 0 %, 0 %, 35270 MiB, 36.37 W
2026/09/20 12:51:28.756, 0, 0 %, 0 %, 35271 MiB, 36.16 W
2026/09/20 12:51:28.757, 1, 0 %, 0 %, 35271 MiB, 35.63 W
2026/09/20 12:51:28.757, 2, 0 %, 0 %, 35270 MiB, 36.37 W
2026/09/20 12:51:33.757, 0, 0 %, 0 %, 35271 MiB, 36.06 W
2026/09/20 12:51:33.757, 1, 0 %, 0 %, 35271 MiB, 35.53 W
2026/09/20 12:51:33.757, 2, 0 %, 0 %, 35270 MiB, 36.28 W
2026/09/20 12:51:38.758, 0, 0 %, 0 %, 35271 MiB, 35.96 W
2026/09/20 12:51:38.758, 1, 0 %, 0 %, 35271 MiB, 35.43 W
2026/09/20 12:51:38.758, 2, 0 %, 0 %, 35270 MiB, 36.28 W
2026/09/20 12:51:43.758, 0, 0 %, 0 %, 35271 MiB, 36.26 W
2026/09/20 12:51:43.758, 1, 0 %, 0 %, 35271 MiB, 35.53 W
2026/09/20 12:51:43.758, 2, 0 %, 0 %, 35270 MiB, 36.18 W
2026/09/20 12:51:48.759, 0, 0 %, 0 %, 35271 MiB, 36.04 W
2026/09/20 12:51:48.759, 1, 0 %, 0 %, 35271 MiB, 35.51 W
2026/09/20 12:51:48.759, 2, 0 %, 0 %, 35270 MiB, 36.27 W
2026/09/20 12:51:53.760, 0, 0 %, 0 %, 35271 MiB, 36.05 W
2026/09/20 12:51:53.760, 1, 0 %, 0 %, 35271 MiB, 35.33 W
2026/09/20 12:51:53.760, 2, 0 %, 0 %, 35270 MiB, 36.16 W
2026/09/20 12:51:58.760, 0, 0 %, 0 %, 35271 MiB, 36.03 W
2026/09/20 12:51:58.760, 1, 0 %, 0 %, 35271 MiB, 35.41 W
2026/09/20 12:51:58.760, 2, 0 %, 0 %, 35270 MiB, 36.26 W
2026/09/20 12:52:03.761, 0, 0 %, 0 %, 35271 MiB, 35.96 W
2026/09/20 12:52:03.761, 1, 0 %, 0 %, 35271 MiB, 35.62 W
2026/09/20 12:52:03.761, 2, 0 %, 0 %, 35270 MiB, 36.28 W
2026/09/20 12:52:08.761, 0, 24 %, 1 %, 35271 MiB, 35.96 W
2026/09/20 12:52:08.762, 1, 0 %, 0 %, 35271 MiB, 35.53 W
2026/09/20 12:52:08.762, 2, 0 %, 0 %, 35270 MiB, 36.38 W
2026/09/20 12:52:13.762, 0, 0 %, 0 %, 35271 MiB, 41.00 W
2026/09/20 12:52:13.762, 1, 0 %, 0 %, 35271 MiB, 35.44 W
2026/09/20 12:52:13.762, 2, 0 %, 0 %, 35270 MiB, 36.38 W
2026/09/20 12:52:18.763, 0, 0 %, 0 %, 35271 MiB, 36.06 W
2026/09/20 12:52:18.763, 1, 0 %, 0 %, 35271 MiB, 35.53 W
2026/09/20 12:52:18.763, 2, 0 %, 0 %, 35270 MiB, 36.28 W
2026/09/20 12:52:23.763, 0, 0 %, 0 %, 35271 MiB, 35.94 W
2026/09/20 12:52:23.763, 1, 0 %, 0 %, 35271 MiB, 35.70 W
2026/09/20 12:52:23.763, 2, 0 %, 0 %, 35270 MiB, 36.36 W
2026/09/20 12:52:28.765, 0, 0 %, 0 %, 35271 MiB, 35.92 W
2026/09/20 12:52:28.765, 1, 0 %, 0 %, 35271 MiB, 35.59 W
2026/09/20 12:52:28.765, 2, 0 %, 0 %, 35270 MiB, 36.24 W
2026/09/20 12:52:33.768, 0, 0 %, 0 %, 35271 MiB, 35.94 W
2026/09/20 12:52:33.768, 1, 0 %, 0 %, 35271 MiB, 35.51 W
2026/09/20 12:52:33.768, 2, 0 %, 0 %, 35270 MiB, 36.34 W
2026/09/20 12:52:38.770, 0, 0 %, 0 %, 35271 MiB, 36.03 W
2026/09/20 12:52:38.770, 1, 0 %, 0 %, 35271 MiB, 35.51 W
2026/09/20 12:52:38.770, 2, 0 %, 0 %, 35270 MiB, 36.16 W
2026/09/20 12:52:43.772, 0, 0 %, 0 %, 35271 MiB, 35.94 W
2026/09/20 12:52:43.772, 1, 0 %, 0 %, 35271 MiB, 35.51 W
2026/09/20 12:52:43.772, 2, 0 %, 0 %, 35270 MiB, 36.26 W
2026/09/20 12:52:48.773, 0, 0 %, 0 %, 35271 MiB, 35.93 W
2026/09/20 12:52:48.773, 1, 0 %, 0 %, 35271 MiB, 35.41 W
2026/09/20 12:52:48.773, 2, 0 %, 0 %, 35270 MiB, 36.15 W
2026/09/20 12:52:53.775, 0, 0 %, 0 %, 35271 MiB, 35.92 W
2026/09/20 12:52:53.775, 1, 0 %, 0 %, 35271 MiB, 35.40 W
2026/09/20 12:52:53.775, 2, 0 %, 0 %, 35270 MiB, 36.14 W
2026/09/20 12:52:58.776, 0, 0 %, 0 %, 35271 MiB, 35.92 W
2026/09/20 12:52:58.776, 1, 0 %, 0 %, 35271 MiB, 35.51 W
2026/09/20 12:52:58.776, 2, 0 %, 0 %, 35270 MiB, 36.15 W
2026/09/20 12:53:03.777, 0, 0 %, 0 %, 35271 MiB, 36.01 W
2026/09/20 12:53:03.777, 1, 0 %, 0 %, 35271 MiB, 35.60 W
2026/09/20 12:53:03.777, 2, 0 %, 0 %, 35270 MiB, 36.14 W
2026/09/20 12:53:08.778, 0, 0 %, 0 %, 35271 MiB, 35.82 W
2026/09/20 12:53:08.778, 1, 0 %, 0 %, 35271 MiB, 35.50 W
2026/09/20 12:53:08.778, 2, 0 %, 0 %, 35270 MiB, 36.43 W
2026/09/20 12:53:13.779, 0, 0 %, 0 %, 35271 MiB, 35.83 W
2026/09/20 12:53:13.779, 1, 0 %, 0 %, 35271 MiB, 35.50 W
2026/09/20 12:53:13.779, 2, 0 %, 0 %, 35270 MiB, 36.33 W
2026/09/20 12:53:18.780, 0, 0 %, 0 %, 35271 MiB, 36.40 W
2026/09/20 12:53:18.780, 1, 0 %, 0 %, 35271 MiB, 35.39 W
2026/09/20 12:53:18.780, 2, 0 %, 0 %, 35270 MiB, 36.33 W
2026/09/20 12:53:23.786, 0, 0 %, 0 %, 35271 MiB, 35.83 W
2026/09/20 12:53:23.786, 1, 0 %, 0 %, 35271 MiB, 35.60 W
2026/09/20 12:53:23.786, 2, 0 %, 0 %, 35270 MiB, 36.34 W
2026/09/20 12:53:28.788, 0, 0 %, 0 %, 35271 MiB, 35.92 W
2026/09/20 12:53:28.788, 1, 0 %, 0 %, 35271 MiB, 35.49 W
2026/09/20 12:53:28.788, 2, 0 %, 0 %, 35270 MiB, 36.44 W
2026/09/20 12:53:33.789, 0, 0 %, 0 %, 35271 MiB, 36.01 W
2026/09/20 12:53:33.789, 1, 0 %, 0 %, 35271 MiB, 35.49 W
2026/09/20 12:53:33.789, 2, 0 %, 0 %, 35270 MiB, 36.33 W
2026/09/20 12:53:38.790, 0, 0 %, 0 %, 35271 MiB, 35.94 W
2026/09/20 12:53:38.790, 1, 0 %, 0 %, 35271 MiB, 35.51 W
2026/09/20 12:53:38.790, 2, 0 %, 0 %, 35270 MiB, 36.34 W
2026/09/20 12:53:43.792, 0, 0 %, 0 %, 35271 MiB, 35.93 W
2026/09/20 12:53:43.792, 1, 0 %, 0 %, 35271 MiB, 35.70 W
2026/09/20 12:53:43.792, 2, 0 %, 0 %, 35270 MiB, 36.34 W
2026/09/20 12:53:48.794, 0, 0 %, 0 %, 35271 MiB, 36.02 W
2026/09/20 12:53:48.794, 1, 0 %, 0 %, 35271 MiB, 35.60 W
2026/09/20 12:53:48.794, 2, 0 %, 0 %, 35270 MiB, 36.14 W
2026/09/20 12:53:53.795, 0, 0 %, 0 %, 35271 MiB, 36.03 W
2026/09/20 12:53:53.795, 1, 0 %, 0 %, 35271 MiB, 35.41 W
2026/09/20 12:53:53.795, 2, 0 %, 0 %, 35270 MiB, 36.15 W
2026/09/20 12:53:58.797, 0, 0 %, 0 %, 35271 MiB, 36.01 W
2026/09/20 12:53:58.797, 1, 0 %, 0 %, 35271 MiB, 35.39 W
2026/09/20 12:53:58.797, 2, 0 %, 0 %, 35270 MiB, 36.14 W
2026/09/20 12:54:03.798, 0, 0 %, 0 %, 35271 MiB, 36.01 W
2026/09/20 12:54:03.798, 1, 0 %, 0 %, 35271 MiB, 35.39 W
2026/09/20 12:54:03.798, 2, 0 %, 0 %, 35270 MiB, 36.43 W
2026/09/20 12:54:08.798, 0, 0 %, 0 %, 35271 MiB, 36.22 W
2026/09/20 12:54:08.799, 1, 0 %, 0 %, 35271 MiB, 35.51 W
2026/09/20 12:54:08.799, 2, 0 %, 0 %, 35270 MiB, 36.26 W
2026/09/20 12:54:13.800, 0, 0 %, 0 %, 35271 MiB, 36.13 W
2026/09/20 12:54:13.800, 1, 0 %, 0 %, 35271 MiB, 35.41 W
2026/09/20 12:54:13.800, 2, 0 %, 0 %, 35270 MiB, 36.15 W
2026/09/20 12:54:18.801, 0, 0 %, 0 %, 35271 MiB, 35.84 W
2026/09/20 12:54:18.802, 1, 0 %, 0 %, 35271 MiB, 35.33 W
2026/09/20 12:54:18.802, 2, 0 %, 0 %, 35270 MiB, 36.26 W
2026/09/20 12:54:23.803, 0, 0 %, 0 %, 35271 MiB, 35.94 W
2026/09/20 12:54:23.803, 1, 0 %, 0 %, 35271 MiB, 35.62 W
2026/09/20 12:54:23.803, 2, 0 %, 0 %, 35270 MiB, 36.46 W
2026/09/20 12:54:28.804, 0, 0 %, 0 %, 35271 MiB, 35.95 W
2026/09/20 12:54:28.804, 1, 0 %, 0 %, 35271 MiB, 35.62 W
2026/09/20 12:54:28.805, 2, 0 %, 0 %, 35270 MiB, 36.38 W
2026/09/20 12:54:33.805, 0, 0 %, 0 %, 35271 MiB, 35.84 W
2026/09/20 12:54:33.806, 1, 0 %, 0 %, 35271 MiB, 35.53 W
2026/09/20 12:54:33.806, 2, 0 %, 0 %, 35270 MiB, 36.26 W
2026/09/20 12:54:38.806, 0, 0 %, 0 %, 35271 MiB, 35.96 W
2026/09/20 12:54:38.806, 1, 0 %, 0 %, 35271 MiB, 35.53 W
2026/09/20 12:54:38.806, 2, 0 %, 0 %, 35270 MiB, 36.37 W
2026/09/20 12:54:43.807, 0, 0 %, 0 %, 35271 MiB, 35.96 W
2026/09/20 12:54:43.807, 1, 0 %, 0 %, 35271 MiB, 35.62 W
2026/09/20 12:54:43.807, 2, 0 %, 0 %, 35270 MiB, 36.37 W
2026/09/20 12:54:48.807, 0, 0 %, 0 %, 35271 MiB, 35.94 W
2026/09/20 12:54:48.808, 1, 0 %, 0 %, 35271 MiB, 35.71 W
2026/09/20 12:54:48.808, 2, 0 %, 0 %, 35270 MiB, 36.36 W
2026/09/20 12:54:53.808, 0, 0 %, 0 %, 35271 MiB, 35.84 W
2026/09/20 12:54:53.808, 1, 0 %, 0 %, 35271 MiB, 35.53 W
2026/09/20 12:54:53.808, 2, 0 %, 0 %, 35270 MiB, 36.27 W
2026/09/20 12:54:58.809, 0, 0 %, 0 %, 35271 MiB, 35.95 W
2026/09/20 12:54:58.810, 1, 0 %, 0 %, 35271 MiB, 35.43 W
2026/09/20 12:54:58.810, 2, 0 %, 0 %, 35270 MiB, 36.38 W
2026/09/20 12:55:03.810, 0, 0 %, 0 %, 35271 MiB, 36.15 W
2026/09/20 12:55:03.810, 1, 0 %, 0 %, 35271 MiB, 35.43 W
2026/09/20 12:55:03.810, 2, 0 %, 0 %, 35270 MiB, 36.18 W
2026/09/20 12:55:08.811, 0, 0 %, 0 %, 35271 MiB, 36.16 W
2026/09/20 12:55:08.811, 1, 0 %, 0 %, 35271 MiB, 35.43 W
2026/09/20 12:55:08.811, 2, 0 %, 0 %, 35270 MiB, 36.19 W
2026/09/20 12:55:13.812, 0, 0 %, 0 %, 35271 MiB, 36.06 W
2026/09/20 12:55:13.813, 1, 0 %, 0 %, 35271 MiB, 35.44 W
2026/09/20 12:55:13.813, 2, 0 %, 0 %, 35270 MiB, 36.28 W
2026/09/20 12:55:18.813, 0, 100 %, 10 %, 35271 MiB, 86.60 W
2026/09/20 12:55:18.813, 1, 100 %, 10 %, 35271 MiB, 81.39 W
2026/09/20 12:55:18.813, 2, 100 %, 18 %, 35270 MiB, 109.01 W
2026/09/20 12:55:23.814, 0, 100 %, 14 %, 35271 MiB, 150.88 W
2026/09/20 12:55:23.814, 1, 100 %, 10 %, 35271 MiB, 78.57 W
2026/09/20 12:55:23.814, 2, 100 %, 15 %, 35270 MiB, 89.39 W
2026/09/20 12:55:28.814, 0, 100 %, 7 %, 35271 MiB, 90.48 W
2026/09/20 12:55:28.815, 1, 100 %, 7 %, 35271 MiB, 81.79 W
2026/09/20 12:55:28.815, 2, 100 %, 7 %, 35270 MiB, 83.59 W
2026/09/20 12:55:33.815, 0, 100 %, 7 %, 35271 MiB, 88.07 W
2026/09/20 12:55:33.815, 1, 100 %, 6 %, 35271 MiB, 76.65 W
2026/09/20 12:55:33.815, 2, 100 %, 7 %, 35270 MiB, 84.31 W
2026/09/20 12:55:38.816, 0, 100 %, 11 %, 35271 MiB, 89.00 W
2026/09/20 12:55:38.816, 1, 100 %, 6 %, 35271 MiB, 94.02 W
2026/09/20 12:55:38.816, 2, 100 %, 10 %, 35270 MiB, 83.92 W
2026/09/20 12:55:43.816, 0, 100 %, 14 %, 35271 MiB, 159.58 W
2026/09/20 12:55:43.817, 1, 100 %, 10 %, 35271 MiB, 80.31 W
2026/09/20 12:55:43.817, 2, 100 %, 7 %, 35270 MiB, 149.91 W
2026/09/20 12:55:48.818, 0, 100 %, 7 %, 35271 MiB, 86.02 W
2026/09/20 12:55:48.818, 1, 100 %, 6 %, 35271 MiB, 85.57 W
2026/09/20 12:55:48.818, 2, 100 %, 6 %, 35270 MiB, 88.92 W
2026/09/20 12:55:53.818, 0, 0 %, 0 %, 35271 MiB, 57.22 W
2026/09/20 12:55:53.819, 1, 0 %, 0 %, 35271 MiB, 55.70 W
2026/09/20 12:55:53.819, 2, 100 %, 10 %, 35270 MiB, 74.78 W
2026/09/20 12:55:58.819, 0, 0 %, 0 %, 35271 MiB, 37.00 W
2026/09/20 12:55:58.819, 1, 0 %, 0 %, 35271 MiB, 36.58 W
2026/09/20 12:55:58.819, 2, 0 %, 0 %, 35270 MiB, 37.53 W
2026/09/20 12:56:03.821, 0, 0 %, 0 %, 35271 MiB, 36.89 W
2026/09/20 12:56:03.821, 1, 0 %, 0 %, 35271 MiB, 36.28 W
2026/09/20 12:56:03.821, 2, 0 %, 0 %, 35270 MiB, 37.43 W
2026/09/20 12:56:08.822, 0, 0 %, 0 %, 35271 MiB, 36.71 W
2026/09/20 12:56:08.822, 1, 0 %, 0 %, 35271 MiB, 36.38 W
2026/09/20 12:56:08.822, 2, 0 %, 0 %, 35270 MiB, 37.17 W
2026/09/20 12:56:13.824, 0, 0 %, 0 %, 35271 MiB, 36.70 W
2026/09/20 12:56:13.824, 1, 0 %, 0 %, 35271 MiB, 36.17 W
2026/09/20 12:56:13.824, 2, 0 %, 0 %, 35270 MiB, 37.34 W
2026/09/20 12:56:18.826, 0, 0 %, 0 %, 35271 MiB, 36.71 W
2026/09/20 12:56:18.826, 1, 0 %, 0 %, 35271 MiB, 36.19 W
2026/09/20 12:56:18.826, 2, 0 %, 0 %, 35270 MiB, 37.14 W
2026/09/20 12:56:23.828, 0, 0 %, 0 %, 35271 MiB, 36.70 W
2026/09/20 12:56:23.828, 1, 0 %, 0 %, 35271 MiB, 36.08 W
2026/09/20 12:56:23.828, 2, 0 %, 0 %, 35270 MiB, 36.94 W
2026/09/20 12:56:28.830, 0, 0 %, 0 %, 35271 MiB, 36.40 W
2026/09/20 12:56:28.830, 1, 0 %, 0 %, 35271 MiB, 36.08 W
2026/09/20 12:56:28.830, 2, 0 %, 0 %, 35270 MiB, 36.94 W
2026/09/20 12:56:33.832, 0, 0 %, 0 %, 35271 MiB, 36.31 W
2026/09/20 12:56:33.832, 1, 0 %, 0 %, 35271 MiB, 35.98 W
2026/09/20 12:56:33.832, 2, 0 %, 0 %, 35270 MiB, 37.04 W
2026/09/20 12:56:38.833, 0, 0 %, 0 %, 35271 MiB, 36.26 W
2026/09/20 12:56:38.833, 1, 0 %, 0 %, 35271 MiB, 36.01 W
2026/09/20 12:56:38.833, 2, 0 %, 0 %, 35270 MiB, 36.97 W
2026/09/20 12:56:43.834, 0, 0 %, 0 %, 35271 MiB, 36.34 W
2026/09/20 12:56:43.834, 1, 0 %, 0 %, 35271 MiB, 35.92 W
2026/09/20 12:56:43.834, 2, 0 %, 0 %, 35270 MiB, 36.89 W
2026/09/20 12:56:48.835, 0, 0 %, 0 %, 35271 MiB, 36.26 W
2026/09/20 12:56:48.836, 1, 0 %, 0 %, 35271 MiB, 36.01 W
2026/09/20 12:56:48.836, 2, 0 %, 0 %, 35270 MiB, 36.88 W
2026/09/20 12:56:53.837, 0, 0 %, 0 %, 35271 MiB, 36.16 W
2026/09/20 12:56:53.837, 1, 0 %, 0 %, 35271 MiB, 35.92 W
2026/09/20 12:56:53.837, 2, 0 %, 0 %, 35270 MiB, 36.89 W
2026/09/20 12:56:58.837, 0, 0 %, 0 %, 35271 MiB, 36.24 W
2026/09/20 12:56:58.837, 1, 0 %, 0 %, 35271 MiB, 35.91 W
2026/09/20 12:56:58.838, 2, 0 %, 0 %, 35270 MiB, 36.77 W
2026/09/20 12:57:03.838, 0, 0 %, 0 %, 35271 MiB, 36.26 W
2026/09/20 12:57:03.839, 1, 0 %, 0 %, 35271 MiB, 35.92 W
2026/09/20 12:57:03.839, 2, 0 %, 0 %, 35270 MiB, 36.90 W
2026/09/20 12:57:08.840, 0, 38 %, 1 %, 35271 MiB, 36.33 W
2026/09/20 12:57:08.840, 1, 0 %, 0 %, 35271 MiB, 36.00 W
2026/09/20 12:57:08.840, 2, 0 %, 0 %, 35270 MiB, 36.77 W
2026/09/20 12:57:13.841, 0, 0 %, 0 %, 35271 MiB, 36.12 W
2026/09/20 12:57:13.841, 1, 0 %, 0 %, 35271 MiB, 35.79 W
2026/09/20 12:57:13.841, 2, 0 %, 0 %, 35270 MiB, 36.64 W
2026/09/20 12:57:18.842, 0, 0 %, 0 %, 35271 MiB, 36.50 W
2026/09/20 12:57:18.842, 1, 0 %, 0 %, 35271 MiB, 35.78 W
2026/09/20 12:57:18.842, 2, 0 %, 0 %, 35270 MiB, 36.54 W
2026/09/20 12:57:23.844, 0, 0 %, 0 %, 35271 MiB, 36.29 W
2026/09/20 12:57:23.844, 1, 0 %, 0 %, 35271 MiB, 35.77 W
2026/09/20 12:57:23.844, 2, 0 %, 0 %, 35270 MiB, 36.63 W
2026/09/20 12:57:28.846, 0, 9 %, 0 %, 35271 MiB, 36.30 W
2026/09/20 12:57:28.846, 1, 0 %, 0 %, 35271 MiB, 35.77 W
2026/09/20 12:57:28.847, 2, 0 %, 0 %, 35270 MiB, 36.64 W
2026/09/20 12:57:33.847, 0, 5 %, 0 %, 35271 MiB, 36.19 W
2026/09/20 12:57:33.847, 1, 0 %, 0 %, 35271 MiB, 35.58 W
2026/09/20 12:57:33.847, 2, 0 %, 0 %, 35270 MiB, 36.54 W
2026/09/20 12:57:38.849, 0, 0 %, 0 %, 35271 MiB, 36.11 W
2026/09/20 12:57:38.849, 1, 0 %, 0 %, 35271 MiB, 35.68 W
2026/09/20 12:57:38.849, 2, 0 %, 0 %, 35270 MiB, 36.44 W
2026/09/20 12:57:43.851, 0, 0 %, 0 %, 35271 MiB, 43.65 W
2026/09/20 12:57:43.851, 1, 0 %, 0 %, 35271 MiB, 35.70 W
2026/09/20 12:57:43.851, 2, 0 %, 0 %, 35270 MiB, 36.78 W
2026/09/20 12:57:48.852, 0, 0 %, 0 %, 35271 MiB, 36.04 W
2026/09/20 12:57:48.852, 1, 0 %, 0 %, 35271 MiB, 35.72 W
2026/09/20 12:57:48.852, 2, 0 %, 0 %, 35270 MiB, 36.57 W
2026/09/20 12:57:53.854, 0, 0 %, 0 %, 35271 MiB, 36.11 W
2026/09/20 12:57:53.854, 1, 0 %, 0 %, 35271 MiB, 35.68 W
2026/09/20 12:57:53.854, 2, 0 %, 0 %, 35270 MiB, 36.65 W
2026/09/20 12:57:58.856, 0, 0 %, 0 %, 35271 MiB, 36.49 W
2026/09/20 12:57:58.856, 1, 0 %, 0 %, 35271 MiB, 35.68 W
2026/09/20 12:57:58.856, 2, 0 %, 0 %, 35270 MiB, 36.54 W
2026/09/20 12:58:03.858, 0, 0 %, 0 %, 35271 MiB, 36.38 W
2026/09/20 12:58:03.858, 1, 0 %, 0 %, 35271 MiB, 35.67 W
2026/09/20 12:58:03.858, 2, 0 %, 0 %, 35270 MiB, 36.62 W
2026/09/20 12:58:08.860, 0, 0 %, 0 %, 35271 MiB, 42.47 W
2026/09/20 12:58:08.860, 1, 0 %, 0 %, 35271 MiB, 35.81 W
2026/09/20 12:58:08.860, 2, 0 %, 0 %, 35270 MiB, 36.57 W
2026/09/20 12:58:13.862, 0, 0 %, 0 %, 35271 MiB, 41.61 W
2026/09/20 12:58:13.862, 1, 0 %, 0 %, 35271 MiB, 35.68 W
2026/09/20 12:58:13.862, 2, 0 %, 0 %, 35270 MiB, 36.43 W
2026/09/20 12:58:18.864, 0, 0 %, 0 %, 35271 MiB, 37.37 W
2026/09/20 12:58:18.864, 1, 0 %, 0 %, 35271 MiB, 35.58 W
2026/09/20 12:58:18.864, 2, 0 %, 0 %, 35270 MiB, 36.32 W
2026/09/20 12:58:23.866, 0, 0 %, 0 %, 35271 MiB, 36.11 W
2026/09/20 12:58:23.866, 1, 0 %, 0 %, 35271 MiB, 35.59 W
2026/09/20 12:58:23.867, 2, 0 %, 0 %, 35270 MiB, 36.43 W
2026/09/20 12:58:28.868, 0, 0 %, 0 %, 35271 MiB, 36.10 W
2026/09/20 12:58:28.868, 1, 0 %, 0 %, 35271 MiB, 35.57 W
2026/09/20 12:58:28.868, 2, 0 %, 0 %, 35270 MiB, 36.42 W
2026/09/20 12:58:33.870, 0, 22 %, 1 %, 35271 MiB, 37.10 W
2026/09/20 12:58:33.870, 1, 0 %, 0 %, 35271 MiB, 35.50 W
2026/09/20 12:58:33.870, 2, 0 %, 0 %, 35270 MiB, 36.44 W
2026/09/20 12:58:38.872, 0, 18 %, 1 %, 35271 MiB, 36.22 W
2026/09/20 12:58:38.872, 1, 0 %, 0 %, 35271 MiB, 35.50 W
2026/09/20 12:58:38.872, 2, 0 %, 0 %, 35270 MiB, 36.75 W
2026/09/20 12:58:43.873, 0, 0 %, 0 %, 35271 MiB, 40.27 W
2026/09/20 12:58:43.873, 1, 0 %, 0 %, 35271 MiB, 35.52 W
2026/09/20 12:58:43.873, 2, 0 %, 0 %, 35270 MiB, 36.46 W
2026/09/20 12:58:48.875, 0, 0 %, 0 %, 35271 MiB, 35.78 W
2026/09/20 12:58:48.875, 1, 0 %, 0 %, 35271 MiB, 35.67 W
2026/09/20 12:58:48.875, 2, 0 %, 0 %, 35270 MiB, 36.42 W
2026/09/20 12:58:53.877, 0, 0 %, 0 %, 35271 MiB, 36.10 W
2026/09/20 12:58:53.877, 1, 0 %, 0 %, 35271 MiB, 35.58 W
2026/09/20 12:58:53.877, 2, 0 %, 0 %, 35270 MiB, 36.53 W
2026/09/20 12:58:58.878, 0, 0 %, 0 %, 35271 MiB, 35.94 W
2026/09/20 12:58:58.878, 1, 0 %, 0 %, 35271 MiB, 35.60 W
2026/09/20 12:58:58.878, 2, 0 %, 0 %, 35270 MiB, 36.67 W
2026/09/20 12:59:03.879, 0, 5 %, 0 %, 35271 MiB, 35.94 W
2026/09/20 12:59:03.879, 1, 0 %, 0 %, 35271 MiB, 35.60 W
2026/09/20 12:59:03.879, 2, 0 %, 0 %, 35270 MiB, 36.57 W
2026/09/20 12:59:08.881, 0, 0 %, 0 %, 35271 MiB, 35.92 W
2026/09/20 12:59:08.881, 1, 0 %, 0 %, 35271 MiB, 35.68 W
2026/09/20 12:59:08.881, 2, 0 %, 0 %, 35270 MiB, 36.54 W
2026/09/20 12:59:13.883, 0, 0 %, 0 %, 35271 MiB, 35.99 W
2026/09/20 12:59:13.883, 1, 0 %, 0 %, 35271 MiB, 35.67 W
2026/09/20 12:59:13.883, 2, 0 %, 0 %, 35270 MiB, 36.53 W
2026/09/20 12:59:18.884, 0, 0 %, 0 %, 35271 MiB, 35.99 W
2026/09/20 12:59:18.884, 1, 0 %, 0 %, 35271 MiB, 35.67 W
2026/09/20 12:59:18.885, 2, 0 %, 0 %, 35270 MiB, 36.63 W
2026/09/20 12:59:23.886, 0, 0 %, 0 %, 35271 MiB, 36.00 W
2026/09/20 12:59:23.886, 1, 0 %, 0 %, 35271 MiB, 35.67 W
2026/09/20 12:59:23.886, 2, 0 %, 0 %, 35270 MiB, 36.42 W
2026/09/20 12:59:28.888, 0, 25 %, 1 %, 35271 MiB, 36.31 W
2026/09/20 12:59:28.888, 1, 0 %, 0 %, 35271 MiB, 35.49 W
2026/09/20 12:59:28.888, 2, 0 %, 0 %, 35270 MiB, 36.34 W
2026/09/20 12:59:33.890, 0, 0 %, 0 %, 35271 MiB, 36.11 W
2026/09/20 12:59:33.890, 1, 0 %, 0 %, 35271 MiB, 35.49 W
2026/09/20 12:59:33.890, 2, 0 %, 0 %, 35270 MiB, 36.43 W
2026/09/20 12:59:38.891, 0, 24 %, 1 %, 35271 MiB, 42.60 W
2026/09/20 12:59:38.891, 1, 0 %, 0 %, 35271 MiB, 35.48 W
2026/09/20 12:59:38.891, 2, 0 %, 0 %, 35270 MiB, 36.54 W
2026/09/20 12:59:43.893, 0, 24 %, 1 %, 35271 MiB, 37.29 W
2026/09/20 12:59:43.894, 1, 0 %, 0 %, 35271 MiB, 35.49 W
2026/09/20 12:59:43.894, 2, 0 %, 0 %, 35270 MiB, 36.44 W
2026/09/20 12:59:48.895, 0, 2 %, 0 %, 35271 MiB, 36.11 W
2026/09/20 12:59:48.895, 1, 0 %, 0 %, 35271 MiB, 35.60 W
2026/09/20 12:59:48.896, 2, 0 %, 0 %, 35270 MiB, 36.54 W
2026/09/20 12:59:53.896, 0, 0 %, 0 %, 35271 MiB, 35.92 W
2026/09/20 12:59:53.896, 1, 0 %, 0 %, 35271 MiB, 35.60 W
2026/09/20 12:59:53.897, 2, 0 %, 0 %, 35270 MiB, 36.57 W
2026/09/20 12:59:58.898, 0, 0 %, 0 %, 35271 MiB, 35.94 W
2026/09/20 12:59:58.898, 1, 0 %, 0 %, 35271 MiB, 35.51 W
2026/09/20 12:59:58.898, 2, 0 %, 0 %, 35270 MiB, 36.57 W
2026/09/20 13:00:03.900, 0, 21 %, 1 %, 35271 MiB, 35.90 W
2026/09/20 13:00:03.900, 1, 0 %, 0 %, 35271 MiB, 35.58 W
2026/09/20 13:00:03.900, 2, 0 %, 0 %, 35270 MiB, 36.54 W
2026/09/20 13:00:08.902, 0, 0 %, 0 %, 35271 MiB, 36.01 W
2026/09/20 13:00:08.902, 1, 0 %, 0 %, 35271 MiB, 35.58 W
2026/09/20 13:00:08.902, 2, 0 %, 0 %, 35270 MiB, 36.54 W
2026/09/20 13:00:13.903, 0, 5 %, 0 %, 35271 MiB, 35.90 W
2026/09/20 13:00:13.903, 1, 0 %, 0 %, 35271 MiB, 35.67 W
2026/09/20 13:00:13.904, 2, 0 %, 0 %, 35270 MiB, 36.64 W
2026/09/20 13:00:18.905, 0, 0 %, 0 %, 35271 MiB, 35.90 W
2026/09/20 13:00:18.905, 1, 0 %, 0 %, 35271 MiB, 35.57 W
2026/09/20 13:00:18.905, 2, 0 %, 0 %, 35270 MiB, 36.53 W
2026/09/20 13:00:23.911, 0, 0 %, 0 %, 35271 MiB, 37.10 W
2026/09/20 13:00:23.911, 1, 0 %, 0 %, 35271 MiB, 35.59 W
2026/09/20 13:00:23.912, 2, 0 %, 0 %, 35270 MiB, 36.54 W
2026/09/20 13:00:28.912, 0, 0 %, 0 %, 35271 MiB, 36.03 W
2026/09/20 13:00:28.912, 1, 0 %, 0 %, 35271 MiB, 35.80 W
2026/09/20 13:00:28.912, 2, 0 %, 0 %, 35270 MiB, 36.56 W
2026/09/20 13:00:33.914, 0, 0 %, 0 %, 35271 MiB, 35.89 W
2026/09/20 13:00:33.914, 1, 0 %, 0 %, 35271 MiB, 35.48 W
2026/09/20 13:00:33.914, 2, 0 %, 0 %, 35270 MiB, 36.53 W
2026/09/20 13:00:38.916, 0, 5 %, 0 %, 35271 MiB, 36.09 W
2026/09/20 13:00:38.916, 1, 0 %, 0 %, 35271 MiB, 35.48 W
2026/09/20 13:00:38.916, 2, 0 %, 0 %, 35270 MiB, 36.42 W
2026/09/20 13:00:43.918, 0, 0 %, 0 %, 35271 MiB, 36.31 W
2026/09/20 13:00:43.918, 1, 0 %, 0 %, 35271 MiB, 35.49 W
2026/09/20 13:00:43.919, 2, 0 %, 0 %, 35270 MiB, 36.54 W
2026/09/20 13:00:48.919, 0, 0 %, 0 %, 35271 MiB, 36.04 W
2026/09/20 13:00:48.919, 1, 0 %, 0 %, 35271 MiB, 35.51 W
2026/09/20 13:00:48.919, 2, 0 %, 0 %, 35270 MiB, 36.57 W
2026/09/20 13:00:53.928, 0, 0 %, 0 %, 35271 MiB, 35.99 W
2026/09/20 13:00:53.928, 1, 0 %, 0 %, 35271 MiB, 35.48 W
2026/09/20 13:00:53.928, 2, 0 %, 0 %, 35270 MiB, 36.53 W
2026/09/20 13:00:58.930, 0, 5 %, 0 %, 35271 MiB, 36.00 W
2026/09/20 13:00:58.930, 1, 0 %, 0 %, 35271 MiB, 35.48 W
2026/09/20 13:00:58.931, 2, 0 %, 0 %, 35270 MiB, 36.54 W
2026/09/20 13:01:03.932, 0, 0 %, 0 %, 35271 MiB, 36.01 W
2026/09/20 13:01:03.932, 1, 0 %, 0 %, 35271 MiB, 35.58 W
2026/09/20 13:01:03.932, 2, 0 %, 0 %, 35270 MiB, 36.53 W
2026/09/20 13:01:08.934, 0, 2 %, 0 %, 35271 MiB, 36.22 W
2026/09/20 13:01:08.934, 1, 0 %, 0 %, 35271 MiB, 36.18 W
2026/09/20 13:01:08.934, 2, 0 %, 0 %, 35270 MiB, 37.34 W
2026/09/20 13:01:13.935, 0, 0 %, 0 %, 35271 MiB, 40.46 W
2026/09/20 13:01:13.935, 1, 0 %, 0 %, 35271 MiB, 35.60 W
2026/09/20 13:01:13.935, 2, 0 %, 0 %, 35270 MiB, 36.66 W
2026/09/20 13:01:18.936, 0, 0 %, 0 %, 35271 MiB, 36.00 W
2026/09/20 13:01:18.936, 1, 0 %, 0 %, 35271 MiB, 35.48 W
2026/09/20 13:01:18.936, 2, 0 %, 0 %, 35270 MiB, 36.63 W
2026/09/20 13:01:23.940, 0, 0 %, 0 %, 35271 MiB, 36.11 W
2026/09/20 13:01:23.941, 1, 0 %, 0 %, 35271 MiB, 35.68 W
2026/09/20 13:01:23.941, 2, 0 %, 0 %, 35270 MiB, 36.75 W
2026/09/20 13:01:28.941, 0, 0 %, 0 %, 35271 MiB, 36.04 W
2026/09/20 13:01:28.941, 1, 0 %, 0 %, 35271 MiB, 35.71 W
2026/09/20 13:01:28.942, 2, 0 %, 0 %, 35270 MiB, 36.76 W
2026/09/20 13:01:33.943, 0, 24 %, 1 %, 35271 MiB, 36.00 W
2026/09/20 13:01:33.943, 1, 0 %, 0 %, 35271 MiB, 35.68 W
2026/09/20 13:01:33.943, 2, 0 %, 0 %, 35270 MiB, 36.73 W
2026/09/20 13:01:38.945, 0, 0 %, 0 %, 35271 MiB, 36.31 W
2026/09/20 13:01:38.945, 1, 0 %, 0 %, 35271 MiB, 35.50 W
2026/09/20 13:01:38.945, 2, 0 %, 0 %, 35270 MiB, 36.44 W
2026/09/20 13:01:43.947, 0, 24 %, 1 %, 35271 MiB, 36.09 W
2026/09/20 13:01:43.947, 1, 0 %, 0 %, 35271 MiB, 35.48 W
2026/09/20 13:01:43.947, 2, 0 %, 0 %, 35270 MiB, 36.54 W
2026/09/20 13:01:48.949, 0, 0 %, 0 %, 35271 MiB, 36.11 W
2026/09/20 13:01:48.949, 1, 0 %, 0 %, 35271 MiB, 35.49 W
2026/09/20 13:01:48.949, 2, 0 %, 0 %, 35270 MiB, 36.65 W
2026/09/20 13:01:53.955, 0, 0 %, 0 %, 35271 MiB, 36.29 W
2026/09/20 13:01:53.956, 1, 0 %, 0 %, 35271 MiB, 35.48 W
2026/09/20 13:01:53.956, 2, 0 %, 0 %, 35270 MiB, 36.65 W
2026/09/20 13:01:58.964, 0, 20 %, 1 %, 35271 MiB, 36.21 W
2026/09/20 13:01:58.964, 1, 0 %, 0 %, 35271 MiB, 35.49 W
2026/09/20 13:01:58.964, 2, 0 %, 0 %, 35270 MiB, 36.54 W
2026/09/20 13:02:03.966, 0, 0 %, 0 %, 35271 MiB, 35.90 W
2026/09/20 13:02:03.966, 1, 0 %, 0 %, 35271 MiB, 35.48 W
2026/09/20 13:02:03.966, 2, 0 %, 0 %, 35270 MiB, 36.54 W
2026/09/20 13:02:08.972, 0, 2 %, 0 %, 35271 MiB, 39.44 W
2026/09/20 13:02:08.972, 1, 0 %, 0 %, 35271 MiB, 35.57 W
2026/09/20 13:02:08.972, 2, 0 %, 0 %, 35270 MiB, 36.74 W
2026/09/20 13:02:13.974, 0, 0 %, 0 %, 35271 MiB, 40.06 W
2026/09/20 13:02:13.975, 1, 0 %, 0 %, 35271 MiB, 35.59 W
2026/09/20 13:02:13.975, 2, 0 %, 0 %, 35270 MiB, 36.54 W
2026/09/20 13:02:18.976, 0, 0 %, 0 %, 35271 MiB, 36.04 W
2026/09/20 13:02:18.976, 1, 0 %, 0 %, 35271 MiB, 35.51 W
2026/09/20 13:02:18.976, 2, 0 %, 0 %, 35270 MiB, 36.57 W
2026/09/20 13:02:23.983, 0, 0 %, 0 %, 35271 MiB, 36.88 W
2026/09/20 13:02:23.983, 1, 0 %, 0 %, 35271 MiB, 35.58 W
2026/09/20 13:02:23.983, 2, 0 %, 0 %, 35270 MiB, 36.94 W
2026/09/20 13:02:28.984, 0, 0 %, 0 %, 35271 MiB, 46.40 W
2026/09/20 13:02:28.984, 1, 0 %, 0 %, 35271 MiB, 35.71 W
2026/09/20 13:02:28.984, 2, 0 %, 0 %, 35270 MiB, 36.68 W
2026/09/20 13:02:33.986, 0, 0 %, 0 %, 35271 MiB, 36.18 W
2026/09/20 13:02:33.986, 1, 0 %, 0 %, 35271 MiB, 35.68 W
2026/09/20 13:02:33.986, 2, 0 %, 0 %, 35270 MiB, 36.74 W
2026/09/20 13:02:38.987, 0, 10 %, 0 %, 35271 MiB, 36.21 W
2026/09/20 13:02:38.987, 1, 0 %, 0 %, 35271 MiB, 35.59 W
2026/09/20 13:02:38.988, 2, 0 %, 0 %, 35270 MiB, 36.75 W
2026/09/20 13:02:43.988, 0, 25 %, 1 %, 35271 MiB, 36.05 W
2026/09/20 13:02:43.988, 1, 0 %, 0 %, 35271 MiB, 35.62 W
2026/09/20 13:02:43.988, 2, 0 %, 0 %, 35270 MiB, 36.68 W
2026/09/20 13:02:48.990, 0, 0 %, 0 %, 35271 MiB, 36.09 W
2026/09/20 13:02:48.990, 1, 0 %, 0 %, 35271 MiB, 35.56 W
2026/09/20 13:02:48.990, 2, 0 %, 0 %, 35270 MiB, 36.64 W
2026/09/20 13:02:53.991, 0, 0 %, 0 %, 35271 MiB, 36.30 W
2026/09/20 13:02:53.991, 1, 0 %, 0 %, 35271 MiB, 35.58 W
2026/09/20 13:02:53.991, 2, 0 %, 0 %, 35270 MiB, 36.54 W
2026/09/20 13:02:58.992, 0, 0 %, 0 %, 35271 MiB, 36.10 W
2026/09/20 13:02:58.992, 1, 0 %, 0 %, 35271 MiB, 35.48 W
2026/09/20 13:02:58.992, 2, 0 %, 0 %, 35270 MiB, 36.63 W
2026/09/20 13:03:03.994, 0, 22 %, 1 %, 35271 MiB, 36.20 W
2026/09/20 13:03:03.994, 1, 0 %, 0 %, 35271 MiB, 35.59 W
2026/09/20 13:03:03.995, 2, 0 %, 0 %, 35270 MiB, 36.54 W
2026/09/20 13:03:08.995, 0, 25 %, 1 %, 35271 MiB, 36.12 W
2026/09/20 13:03:08.996, 1, 0 %, 0 %, 35271 MiB, 35.61 W
2026/09/20 13:03:08.996, 2, 0 %, 0 %, 35270 MiB, 36.68 W
2026/09/20 13:03:13.996, 0, 0 %, 0 %, 35271 MiB, 36.10 W
2026/09/20 13:03:13.996, 1, 0 %, 0 %, 35271 MiB, 35.49 W
2026/09/20 13:03:13.996, 2, 0 %, 0 %, 35270 MiB, 36.65 W
2026/09/20 13:03:18.998, 0, 0 %, 0 %, 35271 MiB, 36.01 W
2026/09/20 13:03:18.998, 1, 0 %, 0 %, 35271 MiB, 35.58 W
2026/09/20 13:03:18.998, 2, 0 %, 0 %, 35270 MiB, 36.85 W
2026/09/20 13:03:23.999, 0, 0 %, 0 %, 35271 MiB, 36.00 W
2026/09/20 13:03:23.999, 1, 0 %, 0 %, 35271 MiB, 35.48 W
2026/09/20 13:03:24.000, 2, 0 %, 0 %, 35270 MiB, 36.62 W
2026/09/20 13:03:29.001, 0, 0 %, 0 %, 35271 MiB, 36.01 W
2026/09/20 13:03:29.001, 1, 0 %, 0 %, 35271 MiB, 35.78 W
2026/09/20 13:03:29.001, 2, 0 %, 0 %, 35270 MiB, 36.75 W
2026/09/20 13:03:34.002, 0, 0 %, 0 %, 35271 MiB, 36.01 W
2026/09/20 13:03:34.002, 1, 0 %, 0 %, 35271 MiB, 35.68 W
2026/09/20 13:03:34.003, 2, 0 %, 0 %, 35270 MiB, 36.64 W
2026/09/20 13:03:39.003, 0, 0 %, 0 %, 35271 MiB, 37.43 W
2026/09/20 13:03:39.003, 1, 0 %, 0 %, 35271 MiB, 35.53 W
2026/09/20 13:03:39.004, 2, 0 %, 0 %, 35270 MiB, 36.90 W
2026/09/20 13:03:44.004, 0, 0 %, 0 %, 35271 MiB, 36.06 W
2026/09/20 13:03:44.005, 1, 0 %, 0 %, 35271 MiB, 35.62 W
2026/09/20 13:03:44.005, 2, 0 %, 0 %, 35270 MiB, 36.80 W
2026/09/20 13:03:49.006, 0, 0 %, 0 %, 35271 MiB, 36.26 W
2026/09/20 13:03:49.006, 1, 0 %, 0 %, 35271 MiB, 35.82 W
2026/09/20 13:03:49.006, 2, 0 %, 0 %, 35270 MiB, 36.59 W
2026/09/20 13:03:54.007, 0, 0 %, 0 %, 35271 MiB, 36.06 W
2026/09/20 13:03:54.008, 1, 0 %, 0 %, 35271 MiB, 35.53 W
2026/09/20 13:03:54.008, 2, 0 %, 0 %, 35270 MiB, 36.59 W
2026/09/20 13:03:59.009, 0, 0 %, 0 %, 35271 MiB, 36.15 W
2026/09/20 13:03:59.009, 1, 0 %, 0 %, 35271 MiB, 35.53 W
2026/09/20 13:03:59.009, 2, 0 %, 0 %, 35270 MiB, 36.68 W
2026/09/20 13:04:04.011, 0, 0 %, 0 %, 35271 MiB, 36.14 W
2026/09/20 13:04:04.011, 1, 0 %, 0 %, 35271 MiB, 35.53 W
2026/09/20 13:04:04.011, 2, 0 %, 0 %, 35270 MiB, 36.57 W
2026/09/20 13:04:09.013, 0, 0 %, 0 %, 35271 MiB, 36.16 W
2026/09/20 13:04:09.013, 1, 0 %, 0 %, 35271 MiB, 35.62 W
2026/09/20 13:04:09.013, 2, 0 %, 0 %, 35270 MiB, 36.58 W
2026/09/20 13:04:14.015, 0, 0 %, 0 %, 35271 MiB, 36.12 W
2026/09/20 13:04:14.015, 1, 0 %, 0 %, 35271 MiB, 35.51 W
2026/09/20 13:04:14.015, 2, 0 %, 0 %, 35270 MiB, 36.66 W
2026/09/20 13:04:19.016, 0, 1 %, 0 %, 35271 MiB, 35.96 W
2026/09/20 13:04:19.016, 1, 0 %, 0 %, 35271 MiB, 35.43 W
2026/09/20 13:04:19.016, 2, 0 %, 0 %, 35270 MiB, 36.68 W
2026/09/20 13:04:24.016, 0, 0 %, 0 %, 35271 MiB, 35.86 W
2026/09/20 13:04:24.017, 1, 0 %, 0 %, 35271 MiB, 35.53 W
2026/09/20 13:04:24.017, 2, 0 %, 0 %, 35270 MiB, 36.58 W
2026/09/20 13:04:29.017, 0, 0 %, 0 %, 35271 MiB, 35.96 W
2026/09/20 13:04:29.017, 1, 0 %, 0 %, 35271 MiB, 35.72 W
2026/09/20 13:04:29.017, 2, 0 %, 0 %, 35270 MiB, 36.59 W
2026/09/20 13:04:34.019, 0, 0 %, 0 %, 35271 MiB, 36.03 W
2026/09/20 13:04:34.019, 1, 0 %, 0 %, 35271 MiB, 35.60 W
2026/09/20 13:04:34.019, 2, 0 %, 0 %, 35270 MiB, 36.77 W
2026/09/20 13:04:39.021, 0, 0 %, 0 %, 35271 MiB, 36.03 W
2026/09/20 13:04:39.021, 1, 0 %, 0 %, 35271 MiB, 35.51 W
2026/09/20 13:04:39.021, 2, 0 %, 0 %, 35270 MiB, 36.64 W
2026/09/20 13:04:44.023, 0, 0 %, 0 %, 35271 MiB, 36.12 W
2026/09/20 13:04:44.023, 1, 0 %, 0 %, 35271 MiB, 35.51 W
2026/09/20 13:04:44.023, 2, 0 %, 0 %, 35270 MiB, 36.65 W
2026/09/20 13:04:49.025, 0, 0 %, 0 %, 35271 MiB, 35.94 W
2026/09/20 13:04:49.025, 1, 0 %, 0 %, 35271 MiB, 35.81 W
2026/09/20 13:04:49.025, 2, 0 %, 0 %, 35270 MiB, 36.68 W
2026/09/20 13:04:54.027, 0, 0 %, 0 %, 35271 MiB, 36.01 W
2026/09/20 13:04:54.027, 1, 0 %, 0 %, 35271 MiB, 35.60 W
2026/09/20 13:04:54.028, 2, 0 %, 0 %, 35270 MiB, 36.75 W
2026/09/20 13:04:59.029, 0, 0 %, 0 %, 35271 MiB, 36.02 W
2026/09/20 13:04:59.029, 1, 0 %, 0 %, 35271 MiB, 35.60 W
2026/09/20 13:04:59.029, 2, 0 %, 0 %, 35270 MiB, 36.43 W
2026/09/20 13:05:04.031, 0, 0 %, 0 %, 35271 MiB, 36.12 W
2026/09/20 13:05:04.031, 1, 0 %, 0 %, 35271 MiB, 35.41 W
2026/09/20 13:05:04.031, 2, 0 %, 0 %, 35270 MiB, 36.57 W
2026/09/20 13:05:09.033, 0, 0 %, 0 %, 35271 MiB, 36.02 W
2026/09/20 13:05:09.033, 1, 0 %, 0 %, 35271 MiB, 35.50 W
2026/09/20 13:05:09.033, 2, 0 %, 0 %, 35270 MiB, 36.43 W
2026/09/20 13:05:14.035, 0, 0 %, 0 %, 35271 MiB, 36.12 W
2026/09/20 13:05:14.035, 1, 0 %, 0 %, 35271 MiB, 35.60 W
2026/09/20 13:05:14.035, 2, 0 %, 0 %, 35270 MiB, 36.54 W
2026/09/20 13:05:19.037, 0, 0 %, 0 %, 35271 MiB, 36.01 W
2026/09/20 13:05:19.037, 1, 0 %, 0 %, 35271 MiB, 35.48 W
2026/09/20 13:05:19.037, 2, 0 %, 0 %, 35270 MiB, 36.54 W
2026/09/20 13:05:24.039, 0, 0 %, 0 %, 35271 MiB, 36.22 W
2026/09/20 13:05:24.039, 1, 0 %, 0 %, 35271 MiB, 35.51 W
2026/09/20 13:05:24.039, 2, 0 %, 0 %, 35270 MiB, 36.54 W
2026/09/20 13:05:29.047, 0, 0 %, 0 %, 35271 MiB, 35.92 W
2026/09/20 13:05:29.047, 1, 0 %, 0 %, 35271 MiB, 35.50 W
2026/09/20 13:05:29.047, 2, 0 %, 0 %, 35270 MiB, 36.75 W
2026/09/20 13:05:34.048, 0, 0 %, 0 %, 35271 MiB, 35.92 W
2026/09/20 13:05:34.048, 1, 0 %, 0 %, 35271 MiB, 35.69 W
2026/09/20 13:05:34.048, 2, 0 %, 0 %, 35270 MiB, 36.55 W
2026/09/20 13:05:39.049, 0, 0 %, 0 %, 35271 MiB, 35.92 W
2026/09/20 13:05:39.049, 1, 0 %, 0 %, 35271 MiB, 35.49 W
2026/09/20 13:05:39.049, 2, 0 %, 0 %, 35270 MiB, 36.54 W
2026/09/20 13:05:44.054, 0, 0 %, 0 %, 35271 MiB, 36.01 W
2026/09/20 13:05:44.054, 1, 0 %, 0 %, 35271 MiB, 35.60 W
2026/09/20 13:05:44.054, 2, 0 %, 0 %, 35270 MiB, 36.54 W
2026/09/20 13:05:49.056, 0, 0 %, 0 %, 35271 MiB, 35.92 W
2026/09/20 13:05:49.056, 1, 0 %, 0 %, 35271 MiB, 35.50 W
2026/09/20 13:05:49.056, 2, 0 %, 0 %, 35270 MiB, 36.75 W
2026/09/20 13:05:54.057, 0, 0 %, 0 %, 35271 MiB, 35.92 W
2026/09/20 13:05:54.058, 1, 0 %, 0 %, 35271 MiB, 35.69 W
2026/09/20 13:05:54.058, 2, 0 %, 0 %, 35270 MiB, 36.65 W
2026/09/20 13:05:59.059, 0, 0 %, 0 %, 35271 MiB, 35.93 W
2026/09/20 13:05:59.059, 1, 0 %, 0 %, 35271 MiB, 35.70 W
2026/09/20 13:05:59.059, 2, 0 %, 0 %, 35270 MiB, 36.54 W
2026/09/20 13:06:04.061, 0, 0 %, 0 %, 35271 MiB, 36.01 W
2026/09/20 13:06:04.061, 1, 0 %, 0 %, 35271 MiB, 35.60 W
2026/09/20 13:06:04.061, 2, 0 %, 0 %, 35270 MiB, 36.36 W
2026/09/20 13:06:09.063, 0, 0 %, 0 %, 35271 MiB, 36.02 W
2026/09/20 13:06:09.063, 1, 0 %, 0 %, 35271 MiB, 35.89 W
2026/09/20 13:06:09.063, 2, 0 %, 0 %, 35270 MiB, 36.45 W
2026/09/20 13:06:14.065, 0, 0 %, 0 %, 35271 MiB, 36.01 W
2026/09/20 13:06:14.065, 1, 0 %, 0 %, 35271 MiB, 35.69 W
2026/09/20 13:06:14.065, 2, 0 %, 0 %, 35270 MiB, 36.44 W
2026/09/20 13:06:19.067, 0, 0 %, 0 %, 35271 MiB, 36.01 W
2026/09/20 13:06:19.067, 1, 0 %, 0 %, 35271 MiB, 35.50 W
2026/09/20 13:06:19.067, 2, 0 %, 0 %, 35270 MiB, 36.43 W
2026/09/20 13:06:24.068, 0, 0 %, 0 %, 35271 MiB, 36.22 W
2026/09/20 13:06:24.068, 1, 0 %, 0 %, 35271 MiB, 35.50 W
2026/09/20 13:06:24.068, 2, 0 %, 0 %, 35270 MiB, 36.55 W
2026/09/20 13:06:29.069, 0, 0 %, 0 %, 35271 MiB, 36.04 W
2026/09/20 13:06:29.069, 1, 0 %, 0 %, 35271 MiB, 35.51 W
2026/09/20 13:06:29.069, 2, 0 %, 0 %, 35270 MiB, 36.68 W
2026/09/20 13:06:34.069, 0, 0 %, 0 %, 35271 MiB, 35.84 W
2026/09/20 13:06:34.070, 1, 0 %, 0 %, 35271 MiB, 35.71 W
2026/09/20 13:06:34.070, 2, 0 %, 0 %, 35270 MiB, 36.57 W
2026/09/20 13:06:39.070, 0, 0 %, 0 %, 35271 MiB, 35.86 W
2026/09/20 13:06:39.070, 1, 0 %, 0 %, 35271 MiB, 35.53 W
2026/09/20 13:06:39.070, 2, 0 %, 0 %, 35270 MiB, 36.47 W
2026/09/20 13:06:44.071, 0, 0 %, 0 %, 35271 MiB, 35.96 W
2026/09/20 13:06:44.071, 1, 0 %, 0 %, 35271 MiB, 35.52 W
2026/09/20 13:06:44.071, 2, 0 %, 0 %, 35270 MiB, 36.79 W
2026/09/20 13:06:49.073, 0, 0 %, 0 %, 35271 MiB, 35.95 W
2026/09/20 13:06:49.073, 1, 0 %, 0 %, 35271 MiB, 35.53 W
2026/09/20 13:06:49.073, 2, 0 %, 0 %, 35270 MiB, 36.68 W
2026/09/20 13:06:54.074, 0, 0 %, 0 %, 35271 MiB, 35.94 W
2026/09/20 13:06:54.074, 1, 0 %, 0 %, 35271 MiB, 35.51 W
2026/09/20 13:06:54.074, 2, 0 %, 0 %, 35270 MiB, 36.58 W
2026/09/20 13:06:59.075, 0, 0 %, 0 %, 35271 MiB, 35.96 W
2026/09/20 13:06:59.075, 1, 0 %, 0 %, 35271 MiB, 35.73 W
2026/09/20 13:06:59.075, 2, 0 %, 0 %, 35270 MiB, 36.70 W
2026/09/20 13:07:04.076, 0, 0 %, 0 %, 35271 MiB, 36.05 W
2026/09/20 13:07:04.076, 1, 0 %, 0 %, 35271 MiB, 35.62 W
2026/09/20 13:07:04.076, 2, 0 %, 0 %, 35270 MiB, 36.80 W
2026/09/20 13:07:09.077, 0, 0 %, 0 %, 35271 MiB, 35.96 W
2026/09/20 13:07:09.078, 1, 0 %, 0 %, 35271 MiB, 35.63 W
2026/09/20 13:07:09.078, 2, 0 %, 0 %, 35270 MiB, 36.58 W
2026/09/20 13:07:14.078, 0, 0 %, 0 %, 35271 MiB, 35.95 W
2026/09/20 13:07:14.078, 1, 0 %, 0 %, 35271 MiB, 35.33 W
2026/09/20 13:07:14.078, 2, 0 %, 0 %, 35270 MiB, 36.46 W
2026/09/20 13:07:19.079, 0, 0 %, 0 %, 35271 MiB, 36.04 W
2026/09/20 13:07:19.080, 1, 0 %, 0 %, 35271 MiB, 35.53 W
2026/09/20 13:07:19.080, 2, 0 %, 0 %, 35270 MiB, 36.48 W
2026/09/20 13:07:24.080, 0, 0 %, 0 %, 35271 MiB, 36.06 W
2026/09/20 13:07:24.081, 1, 0 %, 0 %, 35271 MiB, 35.44 W
2026/09/20 13:07:24.081, 2, 0 %, 0 %, 35270 MiB, 36.57 W
2026/09/20 13:07:29.081, 0, 0 %, 0 %, 35271 MiB, 35.96 W
2026/09/20 13:07:29.082, 1, 0 %, 0 %, 35271 MiB, 35.53 W
2026/09/20 13:07:29.082, 2, 0 %, 0 %, 35270 MiB, 36.48 W
2026/09/20 13:07:34.083, 0, 100 %, 7 %, 35271 MiB, 88.19 W
2026/09/20 13:07:34.083, 1, 100 %, 6 %, 35271 MiB, 80.09 W
2026/09/20 13:07:34.083, 2, 100 %, 10 %, 35270 MiB, 87.11 W
2026/09/20 13:07:39.084, 0, 100 %, 7 %, 35271 MiB, 85.77 W
2026/09/20 13:07:39.084, 1, 100 %, 7 %, 35271 MiB, 84.90 W
2026/09/20 13:07:39.084, 2, 100 %, 7 %, 35270 MiB, 84.12 W
2026/09/20 13:07:44.085, 0, 100 %, 11 %, 35271 MiB, 86.00 W
2026/09/20 13:07:44.085, 1, 100 %, 6 %, 35271 MiB, 84.12 W
2026/09/20 13:07:44.085, 2, 99 %, 7 %, 35270 MiB, 87.98 W
2026/09/20 13:07:49.086, 0, 100 %, 7 %, 35271 MiB, 84.32 W
2026/09/20 13:07:49.086, 1, 100 %, 13 %, 35271 MiB, 78.63 W
2026/09/20 13:07:49.087, 2, 100 %, 7 %, 35270 MiB, 92.53 W
2026/09/20 13:07:54.087, 0, 100 %, 10 %, 35271 MiB, 85.11 W
2026/09/20 13:07:54.088, 1, 100 %, 11 %, 35271 MiB, 81.52 W
2026/09/20 13:07:54.088, 2, 100 %, 10 %, 35270 MiB, 127.34 W
2026/09/20 13:07:59.088, 0, 100 %, 13 %, 35271 MiB, 85.98 W
2026/09/20 13:07:59.088, 1, 100 %, 7 %, 35271 MiB, 84.45 W
2026/09/20 13:07:59.089, 2, 100 %, 7 %, 35270 MiB, 98.64 W
2026/09/20 13:08:04.089, 0, 100 %, 6 %, 35271 MiB, 88.18 W
2026/09/20 13:08:04.089, 1, 100 %, 6 %, 35271 MiB, 84.69 W
2026/09/20 13:08:04.089, 2, 100 %, 11 %, 35270 MiB, 90.70 W
2026/09/20 13:08:09.090, 0, 100 %, 7 %, 35271 MiB, 86.70 W
2026/09/20 13:08:09.090, 1, 100 %, 7 %, 35271 MiB, 83.79 W
2026/09/20 13:08:09.090, 2, 100 %, 6 %, 35270 MiB, 86.55 W
2026/09/20 13:08:14.091, 0, 100 %, 7 %, 35271 MiB, 85.30 W
2026/09/20 13:08:14.091, 1, 100 %, 10 %, 35271 MiB, 84.42 W
2026/09/20 13:08:14.091, 2, 100 %, 7 %, 35270 MiB, 86.20 W
2026/09/20 13:08:19.092, 0, 100 %, 7 %, 35271 MiB, 86.40 W
2026/09/20 13:08:19.092, 1, 100 %, 7 %, 35271 MiB, 84.95 W
2026/09/20 13:08:19.093, 2, 100 %, 10 %, 35270 MiB, 88.16 W
2026/09/20 13:08:24.093, 0, 100 %, 10 %, 35271 MiB, 89.12 W
2026/09/20 13:08:24.093, 1, 100 %, 7 %, 35271 MiB, 85.36 W
2026/09/20 13:08:24.093, 2, 100 %, 7 %, 35270 MiB, 88.32 W
2026/09/20 13:08:29.094, 0, 100 %, 7 %, 35271 MiB, 87.92 W
2026/09/20 13:08:29.094, 1, 100 %, 10 %, 35271 MiB, 85.86 W
2026/09/20 13:08:29.094, 2, 99 %, 10 %, 35270 MiB, 86.43 W
2026/09/20 13:08:34.094, 0, 100 %, 6 %, 35271 MiB, 88.23 W
2026/09/20 13:08:34.094, 1, 55 %, 4 %, 35271 MiB, 74.90 W
2026/09/20 13:08:34.094, 2, 99 %, 6 %, 35270 MiB, 80.68 W
2026/09/20 13:08:39.096, 0, 7 %, 0 %, 35271 MiB, 58.62 W
2026/09/20 13:08:39.096, 1, 0 %, 0 %, 35271 MiB, 36.98 W
2026/09/20 13:08:39.096, 2, 0 %, 0 %, 35270 MiB, 38.15 W
2026/09/20 13:08:44.098, 0, 0 %, 0 %, 35271 MiB, 37.68 W
2026/09/20 13:08:44.098, 1, 0 %, 0 %, 35271 MiB, 36.77 W
2026/09/20 13:08:44.098, 2, 0 %, 0 %, 35270 MiB, 37.92 W
2026/09/20 13:08:49.100, 0, 0 %, 0 %, 35271 MiB, 37.39 W
2026/09/20 13:08:49.100, 1, 0 %, 0 %, 35271 MiB, 36.77 W
2026/09/20 13:08:49.100, 2, 0 %, 0 %, 35270 MiB, 37.73 W
2026/09/20 13:08:54.102, 0, 0 %, 0 %, 35271 MiB, 37.29 W
2026/09/20 13:08:54.102, 1, 0 %, 0 %, 35271 MiB, 36.67 W
2026/09/20 13:08:54.103, 2, 0 %, 0 %, 35270 MiB, 37.82 W
2026/09/20 13:08:59.104, 0, 0 %, 0 %, 35271 MiB, 37.10 W
2026/09/20 13:08:59.104, 1, 0 %, 0 %, 35271 MiB, 36.58 W
2026/09/20 13:08:59.104, 2, 0 %, 0 %, 35270 MiB, 37.53 W
2026/09/20 13:09:04.106, 0, 0 %, 0 %, 35271 MiB, 37.10 W
2026/09/20 13:09:04.106, 1, 0 %, 0 %, 35271 MiB, 36.36 W
2026/09/20 13:09:04.106, 2, 0 %, 0 %, 35270 MiB, 37.53 W
2026/09/20 13:09:09.108, 0, 0 %, 0 %, 35271 MiB, 36.90 W
2026/09/20 13:09:09.108, 1, 0 %, 0 %, 35271 MiB, 36.37 W
2026/09/20 13:09:09.108, 2, 0 %, 0 %, 35270 MiB, 37.34 W
2026/09/20 13:09:14.110, 0, 0 %, 0 %, 35271 MiB, 36.80 W
2026/09/20 13:09:14.110, 1, 0 %, 0 %, 35271 MiB, 36.38 W
2026/09/20 13:09:14.110, 2, 0 %, 0 %, 35270 MiB, 37.35 W
2026/09/20 13:09:19.111, 0, 0 %, 0 %, 35271 MiB, 37.00 W
2026/09/20 13:09:19.111, 1, 0 %, 0 %, 35271 MiB, 36.28 W
2026/09/20 13:09:19.111, 2, 0 %, 0 %, 35270 MiB, 37.24 W
2026/09/20 13:09:24.113, 0, 0 %, 0 %, 35271 MiB, 36.89 W
2026/09/20 13:09:24.113, 1, 0 %, 0 %, 35271 MiB, 36.27 W
2026/09/20 13:09:24.113, 2, 0 %, 0 %, 35270 MiB, 36.94 W
2026/09/20 13:09:29.114, 0, 0 %, 0 %, 35271 MiB, 36.80 W
2026/09/20 13:09:29.114, 1, 0 %, 0 %, 35271 MiB, 36.08 W
2026/09/20 13:09:29.114, 2, 0 %, 0 %, 35270 MiB, 36.94 W
2026/09/20 13:09:34.116, 0, 0 %, 0 %, 35271 MiB, 36.70 W
2026/09/20 13:09:34.116, 1, 0 %, 0 %, 35271 MiB, 35.98 W
2026/09/20 13:09:34.116, 2, 0 %, 0 %, 35270 MiB, 36.94 W
2026/09/20 13:09:39.118, 0, 0 %, 0 %, 35271 MiB, 37.00 W
2026/09/20 13:09:39.118, 1, 0 %, 0 %, 35271 MiB, 36.08 W
2026/09/20 13:09:39.118, 2, 0 %, 0 %, 35270 MiB, 36.94 W
2026/09/20 13:09:44.120, 0, 0 %, 0 %, 35271 MiB, 36.60 W
2026/09/20 13:09:44.120, 1, 0 %, 0 %, 35271 MiB, 36.08 W
2026/09/20 13:09:44.120, 2, 0 %, 0 %, 35270 MiB, 36.94 W
2026/09/20 13:09:49.122, 0, 0 %, 0 %, 35271 MiB, 36.60 W
2026/09/20 13:09:49.122, 1, 0 %, 0 %, 35271 MiB, 35.98 W
2026/09/20 13:09:49.122, 2, 0 %, 0 %, 35270 MiB, 36.94 W
2026/09/20 13:09:54.126, 0, 0 %, 0 %, 35271 MiB, 36.31 W
2026/09/20 13:09:54.126, 1, 0 %, 0 %, 35271 MiB, 35.99 W
2026/09/20 13:09:54.126, 2, 0 %, 0 %, 35270 MiB, 36.85 W
2026/09/20 13:09:59.127, 0, 0 %, 0 %, 35271 MiB, 36.52 W
2026/09/20 13:09:59.127, 1, 0 %, 0 %, 35271 MiB, 36.01 W
2026/09/20 13:09:59.127, 2, 0 %, 0 %, 35270 MiB, 36.77 W
2026/09/20 13:10:04.128, 0, 0 %, 0 %, 35271 MiB, 36.33 W
2026/09/20 13:10:04.128, 1, 0 %, 0 %, 35271 MiB, 35.90 W
2026/09/20 13:10:04.128, 2, 0 %, 0 %, 35270 MiB, 36.77 W
2026/09/20 13:10:09.130, 0, 0 %, 0 %, 35271 MiB, 36.23 W
2026/09/20 13:10:09.130, 1, 0 %, 0 %, 35271 MiB, 35.90 W
2026/09/20 13:10:09.130, 2, 0 %, 0 %, 35270 MiB, 37.06 W
2026/09/20 13:10:14.132, 0, 0 %, 0 %, 35271 MiB, 36.32 W
2026/09/20 13:10:14.132, 1, 0 %, 0 %, 35271 MiB, 35.90 W
2026/09/20 13:10:14.132, 2, 0 %, 0 %, 35270 MiB, 36.77 W
2026/09/20 13:10:19.134, 0, 0 %, 0 %, 35271 MiB, 36.33 W
2026/09/20 13:10:19.134, 1, 0 %, 0 %, 35271 MiB, 36.00 W
2026/09/20 13:10:19.134, 2, 0 %, 0 %, 35270 MiB, 36.85 W
2026/09/20 13:10:24.136, 0, 0 %, 0 %, 35271 MiB, 36.21 W
2026/09/20 13:10:24.136, 1, 0 %, 0 %, 35271 MiB, 35.89 W
2026/09/20 13:10:24.136, 2, 0 %, 0 %, 35270 MiB, 36.77 W
2026/09/20 13:10:29.137, 0, 0 %, 0 %, 35271 MiB, 36.21 W
2026/09/20 13:10:29.138, 1, 0 %, 0 %, 35271 MiB, 35.89 W
2026/09/20 13:10:29.138, 2, 0 %, 0 %, 35270 MiB, 36.94 W
2026/09/20 13:10:34.138, 0, 0 %, 0 %, 35271 MiB, 36.23 W
2026/09/20 13:10:34.139, 1, 0 %, 0 %, 35271 MiB, 35.90 W
2026/09/20 13:10:34.139, 2, 0 %, 0 %, 35270 MiB, 36.66 W
2026/09/20 13:10:39.139, 0, 0 %, 0 %, 35271 MiB, 36.32 W
2026/09/20 13:10:39.140, 1, 0 %, 0 %, 35271 MiB, 35.90 W
2026/09/20 13:10:39.140, 2, 0 %, 0 %, 35270 MiB, 36.57 W
2026/09/20 13:10:44.141, 0, 0 %, 0 %, 35271 MiB, 36.31 W
2026/09/20 13:10:44.141, 1, 0 %, 0 %, 35271 MiB, 35.68 W
2026/09/20 13:10:44.141, 2, 0 %, 0 %, 35270 MiB, 36.65 W
2026/09/20 13:10:49.143, 0, 0 %, 0 %, 35271 MiB, 36.31 W
2026/09/20 13:10:49.144, 1, 0 %, 0 %, 35271 MiB, 35.68 W
2026/09/20 13:10:49.144, 2, 0 %, 0 %, 35270 MiB, 36.65 W
2026/09/20 13:10:54.144, 0, 25 %, 1 %, 35271 MiB, 36.52 W
2026/09/20 13:10:54.145, 1, 0 %, 0 %, 35271 MiB, 35.72 W
2026/09/20 13:10:54.145, 2, 0 %, 0 %, 35270 MiB, 36.57 W
2026/09/20 13:10:59.145, 0, 20 %, 1 %, 35271 MiB, 36.33 W
2026/09/20 13:10:59.146, 1, 0 %, 0 %, 35271 MiB, 35.90 W
2026/09/20 13:10:59.146, 2, 0 %, 0 %, 35270 MiB, 36.57 W
2026/09/20 13:11:04.146, 0, 4 %, 0 %, 35271 MiB, 36.72 W
2026/09/20 13:11:04.147, 1, 0 %, 0 %, 35271 MiB, 35.72 W
2026/09/20 13:11:04.147, 2, 0 %, 0 %, 35270 MiB, 36.57 W
2026/09/20 13:11:09.147, 0, 0 %, 0 %, 35271 MiB, 36.06 W
2026/09/20 13:11:09.147, 1, 0 %, 0 %, 35271 MiB, 35.62 W
2026/09/20 13:11:09.148, 2, 0 %, 0 %, 35270 MiB, 36.58 W
2026/09/20 13:11:14.148, 0, 0 %, 0 %, 35271 MiB, 36.16 W
2026/09/20 13:11:14.149, 1, 0 %, 0 %, 35271 MiB, 35.72 W
2026/09/20 13:11:14.149, 2, 0 %, 0 %, 35270 MiB, 36.59 W
2026/09/20 13:11:19.149, 0, 0 %, 0 %, 35271 MiB, 36.06 W
2026/09/20 13:11:19.149, 1, 0 %, 0 %, 35271 MiB, 35.82 W
2026/09/20 13:11:19.150, 2, 0 %, 0 %, 35270 MiB, 36.58 W
2026/09/20 13:11:24.150, 0, 0 %, 0 %, 35271 MiB, 36.05 W
2026/09/20 13:11:24.151, 1, 0 %, 0 %, 35271 MiB, 35.72 W
2026/09/20 13:11:24.151, 2, 0 %, 0 %, 35270 MiB, 36.77 W
2026/09/20 13:11:29.151, 0, 0 %, 0 %, 35271 MiB, 36.05 W
2026/09/20 13:11:29.151, 1, 0 %, 0 %, 35271 MiB, 35.72 W
2026/09/20 13:11:29.151, 2, 0 %, 0 %, 35270 MiB, 36.57 W
2026/09/20 13:11:34.152, 0, 0 %, 0 %, 35271 MiB, 36.15 W
2026/09/20 13:11:34.153, 1, 0 %, 0 %, 35271 MiB, 35.72 W
2026/09/20 13:11:34.153, 2, 0 %, 0 %, 35270 MiB, 36.58 W
2026/09/20 13:11:39.154, 0, 0 %, 0 %, 35271 MiB, 36.05 W
2026/09/20 13:11:39.154, 1, 0 %, 0 %, 35271 MiB, 36.11 W
2026/09/20 13:11:39.154, 2, 0 %, 0 %, 35270 MiB, 36.48 W
2026/09/20 13:11:44.155, 0, 0 %, 0 %, 35271 MiB, 36.06 W
2026/09/20 13:11:44.155, 1, 0 %, 0 %, 35271 MiB, 35.53 W
2026/09/20 13:11:44.156, 2, 0 %, 0 %, 35270 MiB, 36.57 W
2026/09/20 13:11:49.156, 0, 0 %, 0 %, 35271 MiB, 36.15 W
2026/09/20 13:11:49.156, 1, 0 %, 0 %, 35271 MiB, 35.62 W
2026/09/20 13:11:49.156, 2, 0 %, 0 %, 35270 MiB, 36.46 W
2026/09/20 13:11:54.158, 0, 0 %, 0 %, 35271 MiB, 36.23 W
2026/09/20 13:11:54.158, 1, 0 %, 0 %, 35271 MiB, 35.51 W
2026/09/20 13:11:54.158, 2, 0 %, 0 %, 35270 MiB, 36.46 W
2026/09/20 13:11:59.159, 0, 0 %, 0 %, 35271 MiB, 36.14 W
2026/09/20 13:11:59.159, 1, 0 %, 0 %, 35271 MiB, 35.72 W
2026/09/20 13:11:59.159, 2, 0 %, 0 %, 35270 MiB, 36.46 W
2026/09/20 13:12:04.160, 0, 0 %, 0 %, 35271 MiB, 36.05 W
2026/09/20 13:12:04.161, 1, 0 %, 0 %, 35271 MiB, 35.62 W
2026/09/20 13:12:04.161, 2, 0 %, 0 %, 35270 MiB, 36.47 W
2026/09/20 13:12:09.161, 0, 0 %, 0 %, 35271 MiB, 36.14 W
2026/09/20 13:12:09.161, 1, 0 %, 0 %, 35271 MiB, 35.53 W
2026/09/20 13:12:09.162, 2, 0 %, 0 %, 35270 MiB, 36.46 W
2026/09/20 13:12:14.163, 0, 0 %, 0 %, 35271 MiB, 35.95 W
2026/09/20 13:12:14.163, 1, 0 %, 0 %, 35271 MiB, 35.52 W
2026/09/20 13:12:14.163, 2, 0 %, 0 %, 35270 MiB, 36.46 W
2026/09/20 13:12:19.164, 0, 0 %, 0 %, 35271 MiB, 35.95 W
2026/09/20 13:12:19.164, 1, 0 %, 0 %, 35271 MiB, 35.81 W
2026/09/20 13:12:19.164, 2, 0 %, 0 %, 35270 MiB, 36.57 W
2026/09/20 13:12:24.165, 0, 0 %, 0 %, 35271 MiB, 35.93 W
2026/09/20 13:12:24.165, 1, 0 %, 0 %, 35271 MiB, 35.60 W
2026/09/20 13:12:24.166, 2, 0 %, 0 %, 35270 MiB, 36.44 W
2026/09/20 13:12:29.167, 0, 0 %, 0 %, 35271 MiB, 36.12 W
2026/09/20 13:12:29.167, 1, 0 %, 0 %, 35271 MiB, 35.51 W
2026/09/20 13:12:29.167, 2, 0 %, 0 %, 35270 MiB, 36.46 W
2026/09/20 13:12:34.168, 0, 0 %, 0 %, 35271 MiB, 36.04 W
2026/09/20 13:12:34.168, 1, 0 %, 0 %, 35271 MiB, 35.60 W
2026/09/20 13:12:34.168, 2, 0 %, 0 %, 35270 MiB, 36.47 W
2026/09/20 13:12:39.170, 0, 0 %, 0 %, 35271 MiB, 35.94 W
2026/09/20 13:12:39.170, 1, 0 %, 0 %, 35271 MiB, 35.80 W
2026/09/20 13:12:39.170, 2, 0 %, 0 %, 35270 MiB, 36.57 W
2026/09/20 13:12:44.171, 0, 0 %, 0 %, 35271 MiB, 36.01 W
2026/09/20 13:12:44.171, 1, 0 %, 0 %, 35271 MiB, 35.68 W
2026/09/20 13:12:44.172, 2, 0 %, 0 %, 35270 MiB, 36.54 W
2026/09/20 13:12:49.173, 0, 0 %, 0 %, 35271 MiB, 36.01 W
2026/09/20 13:12:49.173, 1, 0 %, 0 %, 35271 MiB, 35.60 W
2026/09/20 13:12:49.173, 2, 0 %, 0 %, 35270 MiB, 36.33 W
2026/09/20 13:12:54.175, 0, 0 %, 0 %, 35271 MiB, 36.01 W
2026/09/20 13:12:54.175, 1, 0 %, 0 %, 35271 MiB, 35.51 W
2026/09/20 13:12:54.175, 2, 0 %, 0 %, 35270 MiB, 36.33 W
2026/09/20 13:12:59.177, 0, 0 %, 0 %, 35271 MiB, 36.01 W
2026/09/20 13:12:59.177, 1, 0 %, 0 %, 35271 MiB, 35.69 W
2026/09/20 13:12:59.177, 2, 0 %, 0 %, 35270 MiB, 36.44 W
2026/09/20 13:13:04.178, 0, 0 %, 0 %, 35271 MiB, 36.22 W
2026/09/20 13:13:04.178, 1, 0 %, 0 %, 35271 MiB, 35.60 W
2026/09/20 13:13:04.178, 2, 0 %, 0 %, 35270 MiB, 36.33 W
2026/09/20 13:13:09.180, 0, 0 %, 0 %, 35271 MiB, 36.12 W
2026/09/20 13:13:09.180, 1, 0 %, 0 %, 35271 MiB, 35.60 W
2026/09/20 13:13:09.180, 2, 0 %, 0 %, 35270 MiB, 36.33 W
2026/09/20 13:13:14.182, 0, 0 %, 0 %, 35271 MiB, 36.01 W
2026/09/20 13:13:14.182, 1, 0 %, 0 %, 35271 MiB, 35.49 W
2026/09/20 13:13:14.182, 2, 0 %, 0 %, 35270 MiB, 36.54 W
2026/09/20 13:13:19.183, 0, 0 %, 0 %, 35271 MiB, 35.82 W
2026/09/20 13:13:19.183, 1, 0 %, 0 %, 35271 MiB, 35.68 W
2026/09/20 13:13:19.183, 2, 0 %, 0 %, 35270 MiB, 36.44 W
2026/09/20 13:13:24.184, 0, 0 %, 0 %, 35271 MiB, 36.01 W
2026/09/20 13:13:24.184, 1, 0 %, 0 %, 35271 MiB, 35.60 W
2026/09/20 13:13:24.185, 2, 0 %, 0 %, 35270 MiB, 36.35 W
2026/09/20 13:13:29.190, 0, 0 %, 0 %, 35271 MiB, 35.92 W
2026/09/20 13:13:29.190, 1, 0 %, 0 %, 35271 MiB, 35.60 W
2026/09/20 13:13:29.190, 2, 0 %, 0 %, 35270 MiB, 36.43 W
2026/09/20 13:13:34.192, 0, 0 %, 0 %, 35271 MiB, 36.03 W
2026/09/20 13:13:34.192, 1, 0 %, 0 %, 35271 MiB, 35.60 W
2026/09/20 13:13:34.192, 2, 0 %, 0 %, 35270 MiB, 36.54 W
2026/09/20 13:13:39.194, 0, 0 %, 0 %, 35271 MiB, 36.02 W
2026/09/20 13:13:39.194, 1, 0 %, 0 %, 35271 MiB, 35.89 W
2026/09/20 13:13:39.194, 2, 0 %, 0 %, 35270 MiB, 36.54 W
2026/09/20 13:13:44.196, 0, 0 %, 0 %, 35271 MiB, 36.15 W
2026/09/20 13:13:44.196, 1, 0 %, 0 %, 35271 MiB, 35.62 W
2026/09/20 13:13:44.196, 2, 0 %, 0 %, 35270 MiB, 36.55 W
2026/09/20 13:13:49.197, 0, 25 %, 1 %, 35271 MiB, 36.72 W
2026/09/20 13:13:49.198, 1, 0 %, 0 %, 35271 MiB, 35.71 W
2026/09/20 13:13:49.198, 2, 0 %, 0 %, 35270 MiB, 36.57 W
2026/09/20 13:13:54.198, 0, 0 %, 0 %, 35271 MiB, 36.06 W
2026/09/20 13:13:54.199, 1, 0 %, 0 %, 35271 MiB, 35.63 W
2026/09/20 13:13:54.199, 2, 0 %, 0 %, 35270 MiB, 36.37 W
2026/09/20 13:13:59.199, 0, 0 %, 0 %, 35271 MiB, 36.25 W
2026/09/20 13:13:59.199, 1, 0 %, 0 %, 35271 MiB, 35.72 W
2026/09/20 13:13:59.199, 2, 0 %, 0 %, 35270 MiB, 36.36 W
2026/09/20 13:14:04.200, 0, 0 %, 0 %, 35271 MiB, 36.11 W
2026/09/20 13:14:04.200, 1, 0 %, 0 %, 35271 MiB, 35.40 W
2026/09/20 13:14:04.200, 2, 0 %, 0 %, 35270 MiB, 36.33 W
2026/09/20 13:14:09.202, 0, 0 %, 0 %, 35271 MiB, 36.11 W
2026/09/20 13:14:09.202, 1, 0 %, 0 %, 35271 MiB, 35.40 W
2026/09/20 13:14:09.202, 2, 0 %, 0 %, 35270 MiB, 36.54 W
2026/09/20 13:14:14.204, 0, 0 %, 0 %, 35271 MiB, 36.11 W
2026/09/20 13:14:14.204, 1, 0 %, 0 %, 35271 MiB, 35.39 W
2026/09/20 13:14:14.212, 2, 0 %, 0 %, 35270 MiB, 36.33 W
2026/09/20 13:14:19.214, 0, 0 %, 0 %, 35271 MiB, 36.22 W
2026/09/20 13:14:19.215, 1, 0 %, 0 %, 35271 MiB, 35.70 W
2026/09/20 13:14:19.215, 2, 0 %, 0 %, 35270 MiB, 36.24 W
2026/09/20 13:14:24.220, 0, 0 %, 0 %, 35271 MiB, 41.69 W
2026/09/20 13:14:24.220, 1, 0 %, 0 %, 35271 MiB, 35.53 W
2026/09/20 13:14:24.220, 2, 0 %, 0 %, 35270 MiB, 36.38 W
2026/09/20 13:14:29.221, 0, 0 %, 0 %, 35271 MiB, 35.95 W
2026/09/20 13:14:29.222, 1, 0 %, 0 %, 35271 MiB, 35.52 W
2026/09/20 13:14:29.222, 2, 0 %, 0 %, 35270 MiB, 36.46 W
2026/09/20 13:14:34.223, 0, 0 %, 0 %, 35271 MiB, 36.13 W
2026/09/20 13:14:34.223, 1, 0 %, 0 %, 35271 MiB, 35.52 W
2026/09/20 13:14:34.223, 2, 0 %, 0 %, 35270 MiB, 36.36 W
2026/09/20 13:14:39.224, 0, 0 %, 0 %, 35271 MiB, 36.03 W
2026/09/20 13:14:39.224, 1, 0 %, 0 %, 35271 MiB, 35.60 W
2026/09/20 13:14:39.224, 2, 0 %, 0 %, 35270 MiB, 36.46 W
2026/09/20 13:14:44.225, 0, 0 %, 0 %, 35271 MiB, 36.03 W
2026/09/20 13:14:44.225, 1, 0 %, 0 %, 35271 MiB, 35.60 W
2026/09/20 13:14:44.225, 2, 0 %, 0 %, 35270 MiB, 36.45 W
2026/09/20 13:14:49.227, 0, 0 %, 0 %, 35271 MiB, 36.01 W
2026/09/20 13:14:49.228, 1, 0 %, 0 %, 35271 MiB, 35.60 W
2026/09/20 13:14:49.228, 2, 0 %, 0 %, 35270 MiB, 36.43 W
2026/09/20 13:14:54.229, 0, 25 %, 1 %, 35271 MiB, 36.15 W
2026/09/20 13:14:54.229, 1, 0 %, 0 %, 35271 MiB, 35.62 W
2026/09/20 13:14:54.229, 2, 0 %, 0 %, 35270 MiB, 36.36 W
2026/09/20 13:14:59.230, 0, 0 %, 0 %, 35271 MiB, 36.06 W
2026/09/20 13:14:59.230, 1, 0 %, 0 %, 35271 MiB, 35.43 W
2026/09/20 13:14:59.231, 2, 0 %, 0 %, 35270 MiB, 36.46 W
2026/09/20 13:15:04.232, 0, 0 %, 0 %, 35271 MiB, 36.03 W
2026/09/20 13:15:04.232, 1, 0 %, 0 %, 35271 MiB, 35.40 W
2026/09/20 13:15:04.232, 2, 0 %, 0 %, 35270 MiB, 36.54 W
2026/09/20 13:15:09.233, 0, 0 %, 0 %, 35271 MiB, 36.31 W
2026/09/20 13:15:09.234, 1, 0 %, 0 %, 35271 MiB, 35.40 W
2026/09/20 13:15:09.234, 2, 0 %, 0 %, 35270 MiB, 36.24 W
2026/09/20 13:15:14.235, 0, 19 %, 1 %, 35271 MiB, 36.14 W
2026/09/20 13:15:14.235, 1, 0 %, 0 %, 35271 MiB, 35.42 W
2026/09/20 13:15:14.235, 2, 0 %, 0 %, 35270 MiB, 36.36 W
2026/09/20 13:15:19.236, 0, 0 %, 0 %, 35271 MiB, 36.13 W
2026/09/20 13:15:19.236, 1, 0 %, 0 %, 35271 MiB, 35.52 W
2026/09/20 13:15:19.236, 2, 0 %, 0 %, 35270 MiB, 36.26 W
2026/09/20 13:15:24.238, 0, 0 %, 0 %, 35271 MiB, 36.11 W
2026/09/20 13:15:24.238, 1, 0 %, 0 %, 35271 MiB, 35.50 W
2026/09/20 13:15:24.238, 2, 0 %, 0 %, 35270 MiB, 36.44 W
2026/09/20 13:15:29.240, 0, 0 %, 0 %, 35271 MiB, 36.01 W
2026/09/20 13:15:29.240, 1, 0 %, 0 %, 35271 MiB, 35.49 W
2026/09/20 13:15:29.240, 2, 0 %, 0 %, 35270 MiB, 36.33 W
2026/09/20 13:15:34.242, 0, 15 %, 1 %, 35271 MiB, 36.03 W
2026/09/20 13:15:34.242, 1, 0 %, 0 %, 35271 MiB, 35.51 W
2026/09/20 13:15:34.242, 2, 0 %, 0 %, 35270 MiB, 36.36 W
2026/09/20 13:15:39.243, 0, 0 %, 0 %, 35271 MiB, 35.94 W
2026/09/20 13:15:39.243, 1, 0 %, 0 %, 35271 MiB, 35.41 W
2026/09/20 13:15:39.243, 2, 0 %, 0 %, 35270 MiB, 36.36 W
2026/09/20 13:15:44.245, 0, 0 %, 0 %, 35271 MiB, 36.11 W
2026/09/20 13:15:44.245, 1, 0 %, 0 %, 35271 MiB, 35.60 W
2026/09/20 13:15:44.245, 2, 0 %, 0 %, 35270 MiB, 36.43 W
2026/09/20 13:15:49.247, 0, 0 %, 0 %, 35271 MiB, 36.01 W
2026/09/20 13:15:49.247, 1, 0 %, 0 %, 35271 MiB, 35.50 W
2026/09/20 13:15:49.248, 2, 0 %, 0 %, 35270 MiB, 36.44 W
2026/09/20 13:15:54.248, 0, 0 %, 0 %, 35271 MiB, 35.96 W
2026/09/20 13:15:54.249, 1, 0 %, 0 %, 35271 MiB, 35.53 W
2026/09/20 13:15:54.249, 2, 0 %, 0 %, 35270 MiB, 36.37 W
2026/09/20 13:15:59.250, 0, 0 %, 0 %, 35271 MiB, 36.04 W
2026/09/20 13:15:59.250, 1, 0 %, 0 %, 35271 MiB, 35.60 W
2026/09/20 13:15:59.250, 2, 0 %, 0 %, 35270 MiB, 36.66 W
2026/09/20 13:16:04.252, 0, 0 %, 0 %, 35271 MiB, 36.01 W
2026/09/20 13:16:04.252, 1, 0 %, 0 %, 35271 MiB, 35.59 W
2026/09/20 13:16:04.252, 2, 0 %, 0 %, 35270 MiB, 36.44 W
2026/09/20 13:16:09.254, 0, 0 %, 0 %, 35271 MiB, 36.11 W
2026/09/20 13:16:09.254, 1, 0 %, 0 %, 35271 MiB, 35.50 W
2026/09/20 13:16:09.254, 2, 0 %, 0 %, 35270 MiB, 36.24 W
2026/09/20 13:16:14.256, 0, 0 %, 0 %, 35271 MiB, 36.13 W
2026/09/20 13:16:14.256, 1, 0 %, 0 %, 35271 MiB, 35.32 W
2026/09/20 13:16:14.256, 2, 0 %, 0 %, 35270 MiB, 36.26 W
2026/09/20 13:16:19.258, 0, 0 %, 0 %, 35271 MiB, 36.31 W
2026/09/20 13:16:19.258, 1, 0 %, 0 %, 35271 MiB, 35.41 W
2026/09/20 13:16:19.258, 2, 0 %, 0 %, 35270 MiB, 36.54 W
2026/09/20 13:16:24.259, 0, 0 %, 0 %, 35271 MiB, 36.11 W
2026/09/20 13:16:24.259, 1, 0 %, 0 %, 35271 MiB, 35.49 W
2026/09/20 13:16:24.259, 2, 0 %, 0 %, 35270 MiB, 36.33 W
2026/09/20 13:16:29.261, 0, 0 %, 0 %, 35271 MiB, 36.03 W
2026/09/20 13:16:29.261, 1, 0 %, 0 %, 35271 MiB, 35.51 W
2026/09/20 13:16:29.261, 2, 0 %, 0 %, 35270 MiB, 36.34 W
2026/09/20 13:16:34.264, 0, 0 %, 0 %, 35271 MiB, 36.02 W
2026/09/20 13:16:34.264, 1, 0 %, 0 %, 35271 MiB, 35.51 W
2026/09/20 13:16:34.264, 2, 0 %, 0 %, 35270 MiB, 36.44 W
2026/09/20 13:16:39.266, 0, 0 %, 0 %, 35271 MiB, 36.03 W
2026/09/20 13:16:39.266, 1, 0 %, 0 %, 35271 MiB, 35.51 W
2026/09/20 13:16:39.266, 2, 0 %, 0 %, 35270 MiB, 36.46 W
2026/09/20 13:16:44.268, 0, 0 %, 0 %, 35271 MiB, 35.92 W
2026/09/20 13:16:44.268, 1, 0 %, 0 %, 35271 MiB, 35.60 W
2026/09/20 13:16:44.268, 2, 0 %, 0 %, 35270 MiB, 36.44 W
2026/09/20 13:16:49.270, 0, 0 %, 0 %, 35271 MiB, 35.94 W
2026/09/20 13:16:49.270, 1, 0 %, 0 %, 35271 MiB, 35.60 W
2026/09/20 13:16:49.270, 2, 0 %, 0 %, 35270 MiB, 36.36 W
2026/09/20 13:16:54.272, 0, 0 %, 0 %, 35271 MiB, 35.94 W
2026/09/20 13:16:54.272, 1, 0 %, 0 %, 35271 MiB, 35.51 W
2026/09/20 13:16:54.272, 2, 0 %, 0 %, 35270 MiB, 36.44 W
2026/09/20 13:16:59.274, 0, 0 %, 0 %, 35271 MiB, 35.93 W
2026/09/20 13:16:59.274, 1, 0 %, 0 %, 35271 MiB, 35.50 W
2026/09/20 13:16:59.274, 2, 0 %, 0 %, 35270 MiB, 36.57 W
2026/09/20 13:17:04.276, 0, 0 %, 0 %, 35271 MiB, 36.01 W
2026/09/20 13:17:04.276, 1, 0 %, 0 %, 35271 MiB, 35.69 W
2026/09/20 13:17:04.276, 2, 0 %, 0 %, 35270 MiB, 36.44 W
2026/09/20 13:17:09.278, 0, 0 %, 0 %, 35271 MiB, 35.94 W
2026/09/20 13:17:09.278, 1, 0 %, 0 %, 35271 MiB, 35.61 W
2026/09/20 13:17:09.278, 2, 0 %, 0 %, 35270 MiB, 36.46 W
2026/09/20 13:17:14.279, 0, 0 %, 0 %, 35271 MiB, 36.23 W
2026/09/20 13:17:14.279, 1, 0 %, 0 %, 35271 MiB, 35.60 W
2026/09/20 13:17:14.280, 2, 0 %, 0 %, 35270 MiB, 36.46 W
2026/09/20 13:17:19.281, 0, 0 %, 0 %, 35271 MiB, 36.11 W
2026/09/20 13:17:19.281, 1, 0 %, 0 %, 35271 MiB, 35.39 W
2026/09/20 13:17:19.281, 2, 0 %, 0 %, 35270 MiB, 36.33 W
2026/09/20 13:17:24.283, 0, 0 %, 0 %, 35271 MiB, 36.12 W
2026/09/20 13:17:24.283, 1, 0 %, 0 %, 35271 MiB, 35.51 W
2026/09/20 13:17:24.283, 2, 0 %, 0 %, 35270 MiB, 36.35 W
2026/09/20 13:17:29.284, 0, 0 %, 0 %, 35271 MiB, 36.12 W
2026/09/20 13:17:29.284, 1, 0 %, 0 %, 35271 MiB, 35.51 W
2026/09/20 13:17:29.284, 2, 0 %, 0 %, 35270 MiB, 36.36 W
2026/09/20 13:17:34.285, 0, 0 %, 0 %, 35271 MiB, 36.22 W
2026/09/20 13:17:34.285, 1, 0 %, 0 %, 35271 MiB, 35.50 W
2026/09/20 13:17:34.285, 2, 0 %, 0 %, 35270 MiB, 36.34 W
2026/09/20 13:17:39.287, 0, 0 %, 0 %, 35271 MiB, 36.22 W
2026/09/20 13:17:39.287, 1, 0 %, 0 %, 35271 MiB, 35.51 W
2026/09/20 13:17:39.287, 2, 0 %, 0 %, 35270 MiB, 36.35 W
2026/09/20 13:17:44.289, 0, 0 %, 0 %, 35271 MiB, 35.93 W
2026/09/20 13:17:44.289, 1, 0 %, 0 %, 35271 MiB, 35.69 W
2026/09/20 13:17:44.289, 2, 0 %, 0 %, 35270 MiB, 36.35 W
2026/09/20 13:17:49.291, 0, 0 %, 0 %, 35271 MiB, 35.92 W
2026/09/20 13:17:49.291, 1, 0 %, 0 %, 35271 MiB, 35.59 W
2026/09/20 13:17:49.291, 2, 0 %, 0 %, 35270 MiB, 36.45 W
2026/09/20 13:17:54.293, 0, 0 %, 0 %, 35271 MiB, 36.02 W
2026/09/20 13:17:54.293, 1, 0 %, 0 %, 35271 MiB, 35.50 W
2026/09/20 13:17:54.293, 2, 0 %, 0 %, 35270 MiB, 36.43 W
2026/09/20 13:17:59.295, 0, 0 %, 0 %, 35271 MiB, 36.02 W
2026/09/20 13:17:59.295, 1, 0 %, 0 %, 35271 MiB, 35.51 W
2026/09/20 13:17:59.295, 2, 0 %, 0 %, 35270 MiB, 36.46 W
2026/09/20 13:18:04.297, 0, 0 %, 0 %, 35271 MiB, 36.04 W
2026/09/20 13:18:04.297, 1, 0 %, 0 %, 35271 MiB, 35.71 W
2026/09/20 13:18:04.297, 2, 0 %, 0 %, 35270 MiB, 36.47 W
2026/09/20 13:18:09.298, 0, 0 %, 0 %, 35271 MiB, 36.15 W
2026/09/20 13:18:09.299, 1, 0 %, 0 %, 35271 MiB, 35.62 W
2026/09/20 13:18:09.299, 2, 0 %, 0 %, 35270 MiB, 36.77 W
2026/09/20 13:18:14.299, 0, 0 %, 0 %, 35271 MiB, 35.94 W
2026/09/20 13:18:14.300, 1, 0 %, 0 %, 35271 MiB, 35.53 W
2026/09/20 13:18:14.300, 2, 0 %, 0 %, 35270 MiB, 36.58 W
2026/09/20 13:18:19.300, 0, 0 %, 0 %, 35271 MiB, 36.06 W
2026/09/20 13:18:19.300, 1, 0 %, 0 %, 35271 MiB, 35.54 W
2026/09/20 13:18:19.300, 2, 0 %, 0 %, 35270 MiB, 36.47 W
2026/09/20 13:18:24.301, 0, 0 %, 0 %, 35271 MiB, 36.06 W
2026/09/20 13:18:24.301, 1, 0 %, 0 %, 35271 MiB, 35.63 W
2026/09/20 13:18:24.301, 2, 0 %, 0 %, 35270 MiB, 36.38 W
2026/09/20 13:18:29.302, 0, 0 %, 0 %, 35271 MiB, 36.24 W
2026/09/20 13:18:29.302, 1, 0 %, 0 %, 35271 MiB, 35.52 W
2026/09/20 13:18:29.302, 2, 0 %, 0 %, 35270 MiB, 36.36 W
2026/09/20 13:18:34.303, 0, 0 %, 0 %, 35271 MiB, 36.06 W
2026/09/20 13:18:34.304, 1, 0 %, 0 %, 35271 MiB, 35.43 W
2026/09/20 13:18:34.304, 2, 0 %, 0 %, 35270 MiB, 36.48 W
2026/09/20 13:18:39.304, 0, 0 %, 0 %, 35271 MiB, 36.16 W
2026/09/20 13:18:39.304, 1, 0 %, 0 %, 35271 MiB, 35.33 W
2026/09/20 13:18:39.304, 2, 0 %, 0 %, 35270 MiB, 36.37 W
2026/09/20 13:18:44.305, 0, 0 %, 0 %, 35271 MiB, 36.15 W
2026/09/20 13:18:44.305, 1, 0 %, 0 %, 35271 MiB, 35.53 W
2026/09/20 13:18:44.305, 2, 0 %, 0 %, 35270 MiB, 36.37 W
2026/09/20 13:18:49.306, 0, 0 %, 0 %, 35271 MiB, 36.16 W
2026/09/20 13:18:49.306, 1, 0 %, 0 %, 35271 MiB, 35.53 W
2026/09/20 13:18:49.306, 2, 0 %, 0 %, 35270 MiB, 36.37 W
2026/09/20 13:18:54.307, 0, 0 %, 0 %, 35271 MiB, 35.96 W
2026/09/20 13:18:54.308, 1, 0 %, 0 %, 35271 MiB, 35.53 W
2026/09/20 13:18:54.308, 2, 0 %, 0 %, 35270 MiB, 36.38 W
2026/09/20 13:18:59.308, 0, 0 %, 0 %, 35271 MiB, 35.96 W
2026/09/20 13:18:59.308, 1, 0 %, 0 %, 35271 MiB, 35.53 W
2026/09/20 13:18:59.308, 2, 0 %, 0 %, 35270 MiB, 36.38 W
2026/09/20 13:19:04.309, 0, 0 %, 0 %, 35271 MiB, 36.16 W
2026/09/20 13:19:04.309, 1, 0 %, 0 %, 35271 MiB, 35.53 W
2026/09/20 13:19:04.309, 2, 0 %, 0 %, 35270 MiB, 36.48 W
2026/09/20 13:19:09.309, 0, 100 %, 11 %, 35271 MiB, 117.07 W
2026/09/20 13:19:09.310, 1, 100 %, 11 %, 35271 MiB, 79.71 W
2026/09/20 13:19:09.310, 2, 100 %, 11 %, 35270 MiB, 85.43 W
2026/09/20 13:19:14.310, 0, 100 %, 11 %, 35271 MiB, 88.46 W
2026/09/20 13:19:14.310, 1, 100 %, 7 %, 35271 MiB, 83.02 W
2026/09/20 13:19:14.310, 2, 100 %, 7 %, 35270 MiB, 83.01 W
2026/09/20 13:19:19.311, 0, 100 %, 6 %, 35271 MiB, 91.33 W
2026/09/20 13:19:19.311, 1, 100 %, 6 %, 35271 MiB, 81.79 W
2026/09/20 13:19:19.311, 2, 100 %, 7 %, 35270 MiB, 88.56 W
2026/09/20 13:19:24.311, 0, 100 %, 10 %, 35271 MiB, 89.88 W
2026/09/20 13:19:24.312, 1, 100 %, 7 %, 35271 MiB, 84.60 W
2026/09/20 13:19:24.312, 2, 100 %, 7 %, 35270 MiB, 84.94 W
2026/09/20 13:19:29.312, 0, 100 %, 10 %, 35271 MiB, 88.62 W
2026/09/20 13:19:29.312, 1, 100 %, 7 %, 35271 MiB, 84.58 W
2026/09/20 13:19:29.312, 2, 100 %, 6 %, 35270 MiB, 89.61 W
2026/09/20 13:19:34.313, 0, 100 %, 7 %, 35271 MiB, 86.23 W
2026/09/20 13:19:34.314, 1, 100 %, 10 %, 35271 MiB, 82.82 W
2026/09/20 13:19:34.314, 2, 100 %, 7 %, 35270 MiB, 85.71 W
2026/09/20 13:19:39.314, 0, 100 %, 7 %, 35271 MiB, 88.96 W
2026/09/20 13:19:39.314, 1, 100 %, 6 %, 35271 MiB, 83.01 W
2026/09/20 13:19:39.314, 2, 100 %, 7 %, 35270 MiB, 84.70 W
2026/09/20 13:19:44.315, 0, 100 %, 7 %, 35271 MiB, 87.60 W
2026/09/20 13:19:44.315, 1, 100 %, 7 %, 35271 MiB, 82.37 W
2026/09/20 13:19:44.315, 2, 100 %, 7 %, 35270 MiB, 85.72 W
2026/09/20 13:19:49.316, 0, 100 %, 7 %, 35271 MiB, 87.58 W
2026/09/20 13:19:49.316, 1, 100 %, 7 %, 35271 MiB, 86.68 W
2026/09/20 13:19:49.316, 2, 100 %, 10 %, 35270 MiB, 86.18 W
2026/09/20 13:19:54.316, 0, 100 %, 7 %, 35271 MiB, 88.98 W
2026/09/20 13:19:54.316, 1, 100 %, 6 %, 35271 MiB, 87.15 W
2026/09/20 13:19:54.316, 2, 100 %, 7 %, 35270 MiB, 84.79 W
