timestamp, index, utilization.gpu [%], utilization.memory [%], memory.used [MiB], power.draw [W]
2026/09/19 22:22:48.497, 0, 0 %, 0 %, 0 MiB, 33.68 W
2026/09/19 22:22:48.506, 1, 0 %, 0 %, 0 MiB, 33.26 W
2026/09/19 22:22:48.516, 2, 0 %, 0 %, 0 MiB, 34.31 W
2026/09/19 22:22:53.525, 0, 0 %, 0 %, 0 MiB, 33.68 W
2026/09/19 22:22:53.525, 1, 0 %, 0 %, 0 MiB, 33.25 W
2026/09/19 22:22:53.525, 2, 0 %, 0 %, 0 MiB, 34.41 W
2026/09/19 22:22:58.526, 0, 0 %, 0 %, 35259 MiB, 35.73 W
2026/09/19 22:22:58.526, 1, 0 %, 0 %, 35259 MiB, 35.12 W
2026/09/19 22:22:58.526, 2, 0 %, 0 %, 35258 MiB, 36.57 W
2026/09/19 22:23:03.527, 0, 0 %, 0 %, 35265 MiB, 35.96 W
2026/09/19 22:23:03.527, 1, 0 %, 0 %, 35265 MiB, 35.14 W
2026/09/19 22:23:03.527, 2, 0 %, 0 %, 35264 MiB, 36.58 W
2026/09/19 22:23:08.529, 0, 0 %, 0 %, 35271 MiB, 35.74 W
2026/09/19 22:23:08.529, 1, 0 %, 0 %, 35271 MiB, 35.14 W
2026/09/19 22:23:08.529, 2, 0 %, 0 %, 35270 MiB, 36.27 W
2026/09/19 22:23:13.530, 0, 0 %, 0 %, 35271 MiB, 35.74 W
2026/09/19 22:23:13.530, 1, 0 %, 0 %, 35271 MiB, 35.02 W
2026/09/19 22:23:13.530, 2, 0 %, 0 %, 35270 MiB, 36.36 W
2026/09/19 22:23:18.530, 0, 0 %, 0 %, 35271 MiB, 35.74 W
2026/09/19 22:23:18.530, 1, 0 %, 0 %, 35271 MiB, 35.02 W
2026/09/19 22:23:18.530, 2, 0 %, 0 %, 35270 MiB, 36.36 W
2026/09/19 22:23:23.531, 0, 55 %, 4 %, 35271 MiB, 80.47 W
2026/09/19 22:23:23.531, 1, 0 %, 0 %, 35271 MiB, 54.33 W
2026/09/19 22:23:23.531, 2, 0 %, 0 %, 35270 MiB, 36.77 W
2026/09/19 22:23:28.532, 0, 0 %, 0 %, 35271 MiB, 35.96 W
2026/09/19 22:23:28.532, 1, 0 %, 0 %, 35271 MiB, 35.23 W
2026/09/19 22:23:28.532, 2, 0 %, 0 %, 35270 MiB, 36.48 W
2026/09/19 22:23:33.533, 0, 0 %, 0 %, 35271 MiB, 35.75 W
2026/09/19 22:23:33.533, 1, 0 %, 0 %, 35271 MiB, 35.23 W
2026/09/19 22:23:33.533, 2, 0 %, 0 %, 35270 MiB, 36.69 W
2026/09/19 22:23:38.534, 0, 0 %, 0 %, 35271 MiB, 35.75 W
2026/09/19 22:23:38.534, 1, 0 %, 0 %, 35271 MiB, 35.03 W
2026/09/19 22:23:38.534, 2, 0 %, 0 %, 35270 MiB, 36.37 W
2026/09/19 22:23:43.534, 0, 0 %, 0 %, 35271 MiB, 35.86 W
2026/09/19 22:23:43.534, 1, 0 %, 0 %, 35271 MiB, 35.15 W
2026/09/19 22:23:43.534, 2, 0 %, 0 %, 35270 MiB, 36.37 W
2026/09/19 22:23:48.535, 0, 0 %, 0 %, 35271 MiB, 35.75 W
2026/09/19 22:23:48.536, 1, 0 %, 0 %, 35271 MiB, 35.23 W
2026/09/19 22:23:48.536, 2, 0 %, 0 %, 35270 MiB, 36.58 W
2026/09/19 22:23:53.536, 0, 0 %, 0 %, 35271 MiB, 35.74 W
2026/09/19 22:23:53.537, 1, 0 %, 0 %, 35271 MiB, 35.23 W
2026/09/19 22:23:53.537, 2, 0 %, 0 %, 35270 MiB, 36.78 W
2026/09/19 22:23:58.537, 0, 0 %, 0 %, 35271 MiB, 35.74 W
2026/09/19 22:23:58.537, 1, 0 %, 0 %, 35271 MiB, 35.23 W
2026/09/19 22:23:58.537, 2, 0 %, 0 %, 35270 MiB, 36.57 W
2026/09/19 22:24:03.538, 0, 0 %, 0 %, 35271 MiB, 35.85 W
2026/09/19 22:24:03.538, 1, 0 %, 0 %, 35271 MiB, 35.23 W
2026/09/19 22:24:03.538, 2, 0 %, 0 %, 35270 MiB, 36.57 W
2026/09/19 22:24:08.539, 0, 0 %, 0 %, 35271 MiB, 35.74 W
2026/09/19 22:24:08.539, 1, 0 %, 0 %, 35271 MiB, 35.23 W
2026/09/19 22:24:08.539, 2, 0 %, 0 %, 35270 MiB, 36.57 W
2026/09/19 22:24:13.540, 0, 0 %, 0 %, 35271 MiB, 35.73 W
2026/09/19 22:24:13.541, 1, 0 %, 0 %, 35271 MiB, 35.02 W
2026/09/19 22:24:13.541, 2, 0 %, 0 %, 35270 MiB, 36.47 W
2026/09/19 22:24:18.541, 0, 0 %, 0 %, 35271 MiB, 36.13 W
2026/09/19 22:24:18.541, 1, 0 %, 0 %, 35271 MiB, 35.02 W
2026/09/19 22:24:18.541, 2, 0 %, 0 %, 35270 MiB, 36.36 W
2026/09/19 22:24:23.543, 0, 0 %, 0 %, 35271 MiB, 35.74 W
2026/09/19 22:24:23.543, 1, 0 %, 0 %, 35271 MiB, 35.02 W
2026/09/19 22:24:23.543, 2, 0 %, 0 %, 35270 MiB, 36.36 W
2026/09/19 22:24:28.545, 0, 0 %, 0 %, 35271 MiB, 35.84 W
2026/09/19 22:24:28.545, 1, 0 %, 0 %, 35271 MiB, 35.01 W
2026/09/19 22:24:28.545, 2, 0 %, 0 %, 35270 MiB, 36.36 W
2026/09/19 22:24:33.546, 0, 0 %, 0 %, 35271 MiB, 35.74 W
2026/09/19 22:24:33.547, 1, 0 %, 0 %, 35271 MiB, 35.12 W
2026/09/19 22:24:33.547, 2, 0 %, 0 %, 35270 MiB, 36.47 W
2026/09/19 22:24:38.547, 0, 0 %, 0 %, 35271 MiB, 35.85 W
2026/09/19 22:24:38.547, 1, 0 %, 0 %, 35271 MiB, 35.12 W
2026/09/19 22:24:38.548, 2, 0 %, 0 %, 35270 MiB, 36.36 W
2026/09/19 22:24:43.549, 0, 0 %, 0 %, 35271 MiB, 35.74 W
2026/09/19 22:24:43.549, 1, 0 %, 0 %, 35271 MiB, 35.33 W
2026/09/19 22:24:43.549, 2, 0 %, 0 %, 35270 MiB, 36.36 W
2026/09/19 22:24:48.550, 0, 0 %, 0 %, 35271 MiB, 35.64 W
2026/09/19 22:24:48.550, 1, 0 %, 0 %, 35271 MiB, 35.03 W
2026/09/19 22:24:48.550, 2, 0 %, 0 %, 35270 MiB, 36.46 W
2026/09/19 22:24:53.551, 0, 15 %, 1 %, 35271 MiB, 36.03 W
2026/09/19 22:24:53.551, 1, 0 %, 0 %, 35271 MiB, 35.22 W
2026/09/19 22:24:53.551, 2, 0 %, 0 %, 35270 MiB, 36.57 W
2026/09/19 22:24:58.552, 0, 0 %, 0 %, 35271 MiB, 35.82 W
2026/09/19 22:24:58.552, 1, 0 %, 0 %, 35271 MiB, 35.21 W
2026/09/19 22:24:58.552, 2, 0 %, 0 %, 35270 MiB, 36.44 W
2026/09/19 22:25:03.554, 0, 0 %, 0 %, 35271 MiB, 35.73 W
2026/09/19 22:25:03.554, 1, 0 %, 0 %, 35271 MiB, 35.22 W
2026/09/19 22:25:03.554, 2, 0 %, 0 %, 35270 MiB, 36.46 W
2026/09/19 22:25:08.555, 0, 0 %, 0 %, 35271 MiB, 35.84 W
2026/09/19 22:25:08.555, 1, 0 %, 0 %, 35271 MiB, 35.32 W
2026/09/19 22:25:08.555, 2, 0 %, 0 %, 35270 MiB, 36.46 W
2026/09/19 22:25:13.556, 0, 0 %, 0 %, 35271 MiB, 35.96 W
2026/09/19 22:25:13.556, 1, 0 %, 0 %, 35271 MiB, 35.24 W
2026/09/19 22:25:13.556, 2, 0 %, 0 %, 35270 MiB, 36.58 W
2026/09/19 22:25:18.557, 0, 15 %, 1 %, 35271 MiB, 35.92 W
2026/09/19 22:25:18.557, 1, 0 %, 0 %, 35271 MiB, 35.19 W
2026/09/19 22:25:18.558, 2, 0 %, 0 %, 35270 MiB, 36.54 W
2026/09/19 22:25:23.558, 0, 0 %, 0 %, 35271 MiB, 35.83 W
2026/09/19 22:25:23.558, 1, 0 %, 0 %, 35271 MiB, 35.10 W
2026/09/19 22:25:23.558, 2, 0 %, 0 %, 35270 MiB, 36.46 W
2026/09/19 22:25:28.559, 0, 0 %, 0 %, 35271 MiB, 36.13 W
2026/09/19 22:25:28.560, 1, 0 %, 0 %, 35271 MiB, 35.03 W
2026/09/19 22:25:28.560, 2, 0 %, 0 %, 35270 MiB, 36.97 W
2026/09/19 22:25:33.560, 0, 0 %, 0 %, 35271 MiB, 35.85 W
2026/09/19 22:25:33.561, 1, 0 %, 0 %, 35271 MiB, 35.14 W
2026/09/19 22:25:33.561, 2, 0 %, 0 %, 35270 MiB, 36.37 W
2026/09/19 22:25:38.561, 0, 0 %, 0 %, 35271 MiB, 35.85 W
2026/09/19 22:25:38.562, 1, 0 %, 0 %, 35271 MiB, 35.23 W
2026/09/19 22:25:38.562, 2, 0 %, 0 %, 35270 MiB, 36.47 W
2026/09/19 22:25:43.563, 0, 0 %, 0 %, 35271 MiB, 35.92 W
2026/09/19 22:25:43.563, 1, 0 %, 0 %, 35271 MiB, 35.10 W
2026/09/19 22:25:43.563, 2, 0 %, 0 %, 35270 MiB, 36.43 W
2026/09/19 22:25:48.564, 0, 0 %, 0 %, 35271 MiB, 35.95 W
2026/09/19 22:25:48.565, 1, 0 %, 0 %, 35271 MiB, 35.02 W
2026/09/19 22:25:48.565, 2, 0 %, 0 %, 35270 MiB, 36.57 W
2026/09/19 22:25:53.565, 0, 0 %, 0 %, 35271 MiB, 35.75 W
2026/09/19 22:25:53.565, 1, 0 %, 0 %, 35271 MiB, 35.12 W
2026/09/19 22:25:53.565, 2, 0 %, 0 %, 35270 MiB, 36.58 W
2026/09/19 22:25:58.566, 0, 0 %, 0 %, 35271 MiB, 36.52 W
2026/09/19 22:25:58.566, 1, 0 %, 0 %, 35271 MiB, 35.23 W
2026/09/19 22:25:58.566, 2, 0 %, 0 %, 35270 MiB, 36.57 W
2026/09/19 22:26:03.567, 0, 0 %, 0 %, 35271 MiB, 35.71 W
2026/09/19 22:26:03.567, 1, 0 %, 0 %, 35271 MiB, 35.31 W
2026/09/19 22:26:03.567, 2, 0 %, 0 %, 35270 MiB, 36.54 W
2026/09/19 22:26:08.568, 0, 0 %, 0 %, 35271 MiB, 35.73 W
2026/09/19 22:26:08.569, 1, 0 %, 0 %, 35271 MiB, 35.11 W
2026/09/19 22:26:08.569, 2, 0 %, 0 %, 35270 MiB, 36.57 W
2026/09/19 22:26:13.569, 0, 0 %, 0 %, 35271 MiB, 35.83 W
2026/09/19 22:26:13.569, 1, 0 %, 0 %, 35271 MiB, 35.22 W
2026/09/19 22:26:13.569, 2, 0 %, 0 %, 35270 MiB, 36.57 W
2026/09/19 22:26:18.570, 0, 0 %, 0 %, 35271 MiB, 35.75 W
2026/09/19 22:26:18.570, 1, 0 %, 0 %, 35271 MiB, 35.33 W
2026/09/19 22:26:18.571, 2, 0 %, 0 %, 35270 MiB, 36.58 W
2026/09/19 22:26:23.572, 0, 10 %, 0 %, 35271 MiB, 35.92 W
2026/09/19 22:26:23.572, 1, 0 %, 0 %, 35271 MiB, 35.21 W
2026/09/19 22:26:23.572, 2, 0 %, 0 %, 35270 MiB, 36.54 W
2026/09/19 22:26:28.573, 0, 0 %, 0 %, 35271 MiB, 35.96 W
2026/09/19 22:26:28.573, 1, 0 %, 0 %, 35271 MiB, 35.03 W
2026/09/19 22:26:28.574, 2, 0 %, 0 %, 35270 MiB, 36.49 W
2026/09/19 22:26:33.574, 0, 0 %, 0 %, 35271 MiB, 35.84 W
2026/09/19 22:26:33.574, 1, 0 %, 0 %, 35271 MiB, 35.11 W
2026/09/19 22:26:33.574, 2, 0 %, 0 %, 35270 MiB, 36.47 W
2026/09/19 22:26:38.575, 0, 0 %, 0 %, 35271 MiB, 35.83 W
2026/09/19 22:26:38.575, 1, 0 %, 0 %, 35271 MiB, 35.12 W
2026/09/19 22:26:38.575, 2, 0 %, 0 %, 35270 MiB, 36.47 W
2026/09/19 22:26:43.576, 0, 0 %, 0 %, 35271 MiB, 35.94 W
2026/09/19 22:26:43.577, 1, 0 %, 0 %, 35271 MiB, 35.02 W
2026/09/19 22:26:43.577, 2, 0 %, 0 %, 35270 MiB, 36.46 W
2026/09/19 22:26:48.578, 0, 0 %, 0 %, 35271 MiB, 35.94 W
2026/09/19 22:26:48.578, 1, 0 %, 0 %, 35271 MiB, 35.12 W
2026/09/19 22:26:48.578, 2, 0 %, 0 %, 35270 MiB, 36.47 W
2026/09/19 22:26:53.580, 0, 0 %, 0 %, 35271 MiB, 35.73 W
2026/09/19 22:26:53.580, 1, 0 %, 0 %, 35271 MiB, 35.22 W
2026/09/19 22:26:53.580, 2, 0 %, 0 %, 35270 MiB, 36.56 W
2026/09/19 22:26:58.581, 0, 0 %, 0 %, 35271 MiB, 35.71 W
2026/09/19 22:26:58.582, 1, 0 %, 0 %, 35271 MiB, 35.21 W
2026/09/19 22:26:58.582, 2, 0 %, 0 %, 35270 MiB, 36.54 W
2026/09/19 22:27:03.583, 0, 0 %, 0 %, 35271 MiB, 35.83 W
2026/09/19 22:27:03.583, 1, 0 %, 0 %, 35271 MiB, 35.30 W
2026/09/19 22:27:03.583, 2, 0 %, 0 %, 35270 MiB, 36.54 W
2026/09/19 22:27:08.585, 0, 0 %, 0 %, 35271 MiB, 35.82 W
2026/09/19 22:27:08.585, 1, 0 %, 0 %, 35271 MiB, 35.19 W
2026/09/19 22:27:08.585, 2, 0 %, 0 %, 35270 MiB, 36.54 W
2026/09/19 22:27:13.587, 0, 0 %, 0 %, 35271 MiB, 35.82 W
2026/09/19 22:27:13.587, 1, 0 %, 0 %, 35271 MiB, 35.39 W
2026/09/19 22:27:13.587, 2, 0 %, 0 %, 35270 MiB, 36.75 W
2026/09/19 22:27:18.589, 0, 0 %, 0 %, 35271 MiB, 36.01 W
2026/09/19 22:27:18.589, 1, 0 %, 0 %, 35271 MiB, 35.30 W
2026/09/19 22:27:18.589, 2, 0 %, 0 %, 35270 MiB, 36.65 W
2026/09/19 22:27:23.590, 0, 0 %, 0 %, 35271 MiB, 35.83 W
2026/09/19 22:27:23.590, 1, 0 %, 0 %, 35271 MiB, 35.30 W
2026/09/19 22:27:23.590, 2, 0 %, 0 %, 35270 MiB, 36.75 W
2026/09/19 22:27:28.592, 0, 0 %, 0 %, 35271 MiB, 35.94 W
2026/09/19 22:27:28.592, 1, 0 %, 0 %, 35271 MiB, 35.31 W
2026/09/19 22:27:28.592, 2, 0 %, 0 %, 35270 MiB, 36.76 W
2026/09/19 22:27:33.594, 0, 0 %, 0 %, 35271 MiB, 35.82 W
2026/09/19 22:27:33.594, 1, 0 %, 0 %, 35271 MiB, 35.30 W
2026/09/19 22:27:33.594, 2, 0 %, 0 %, 35270 MiB, 36.44 W
2026/09/19 22:27:38.596, 0, 0 %, 0 %, 35271 MiB, 36.02 W
2026/09/19 22:27:38.596, 1, 0 %, 0 %, 35271 MiB, 35.11 W
2026/09/19 22:27:38.596, 2, 0 %, 0 %, 35270 MiB, 36.54 W
2026/09/19 22:27:43.598, 0, 0 %, 0 %, 35271 MiB, 35.93 W
2026/09/19 22:27:43.598, 1, 0 %, 0 %, 35271 MiB, 35.10 W
2026/09/19 22:27:43.598, 2, 0 %, 0 %, 35270 MiB, 36.56 W
2026/09/19 22:27:48.600, 0, 0 %, 0 %, 35271 MiB, 35.93 W
2026/09/19 22:27:48.600, 1, 0 %, 0 %, 35271 MiB, 35.41 W
2026/09/19 22:27:48.600, 2, 0 %, 0 %, 35270 MiB, 36.56 W
2026/09/19 22:27:53.602, 0, 0 %, 0 %, 35271 MiB, 35.93 W
2026/09/19 22:27:53.602, 1, 0 %, 0 %, 35271 MiB, 35.21 W
2026/09/19 22:27:53.602, 2, 0 %, 0 %, 35270 MiB, 36.56 W
2026/09/19 22:27:58.604, 0, 0 %, 0 %, 35271 MiB, 35.92 W
2026/09/19 22:27:58.604, 1, 0 %, 0 %, 35271 MiB, 35.09 W
2026/09/19 22:27:58.604, 2, 0 %, 0 %, 35270 MiB, 36.64 W
2026/09/19 22:28:03.606, 0, 0 %, 0 %, 35271 MiB, 35.82 W
2026/09/19 22:28:03.606, 1, 0 %, 0 %, 35271 MiB, 35.30 W
2026/09/19 22:28:03.606, 2, 0 %, 0 %, 35270 MiB, 36.85 W
2026/09/19 22:28:08.608, 0, 0 %, 0 %, 35271 MiB, 35.82 W
2026/09/19 22:28:08.608, 1, 0 %, 0 %, 35271 MiB, 35.21 W
2026/09/19 22:28:08.608, 2, 0 %, 0 %, 35270 MiB, 36.75 W
2026/09/19 22:28:13.610, 0, 0 %, 0 %, 35271 MiB, 36.03 W
2026/09/19 22:28:13.610, 1, 0 %, 0 %, 35271 MiB, 35.31 W
2026/09/19 22:28:13.610, 2, 0 %, 0 %, 35270 MiB, 36.76 W
2026/09/19 22:28:18.619, 0, 0 %, 0 %, 35271 MiB, 35.92 W
2026/09/19 22:28:18.619, 1, 0 %, 0 %, 35271 MiB, 35.20 W
2026/09/19 22:28:18.619, 2, 0 %, 0 %, 35270 MiB, 36.77 W
2026/09/19 22:28:23.620, 0, 0 %, 0 %, 35271 MiB, 35.82 W
2026/09/19 22:28:23.620, 1, 0 %, 0 %, 35271 MiB, 35.31 W
2026/09/19 22:28:23.620, 2, 0 %, 0 %, 35270 MiB, 37.04 W
2026/09/19 22:28:28.622, 0, 0 %, 0 %, 35271 MiB, 35.84 W
2026/09/19 22:28:28.622, 1, 0 %, 0 %, 35271 MiB, 35.31 W
2026/09/19 22:28:28.622, 2, 0 %, 0 %, 35270 MiB, 36.87 W
2026/09/19 22:28:33.624, 0, 0 %, 0 %, 35271 MiB, 36.03 W
2026/09/19 22:28:33.624, 1, 0 %, 0 %, 35271 MiB, 35.40 W
2026/09/19 22:28:33.624, 2, 0 %, 0 %, 35270 MiB, 36.75 W
2026/09/19 22:28:38.627, 0, 0 %, 0 %, 35271 MiB, 35.92 W
2026/09/19 22:28:38.627, 1, 0 %, 0 %, 35271 MiB, 35.30 W
2026/09/19 22:28:38.627, 2, 0 %, 0 %, 35270 MiB, 36.75 W
2026/09/19 22:28:43.629, 0, 0 %, 0 %, 35271 MiB, 35.92 W
2026/09/19 22:28:43.629, 1, 0 %, 0 %, 35271 MiB, 35.11 W
2026/09/19 22:28:43.629, 2, 0 %, 0 %, 35270 MiB, 36.76 W
2026/09/19 22:28:48.630, 0, 0 %, 0 %, 35271 MiB, 35.93 W
2026/09/19 22:28:48.631, 1, 0 %, 0 %, 35271 MiB, 35.11 W
2026/09/19 22:28:48.631, 2, 0 %, 0 %, 35270 MiB, 36.76 W
2026/09/19 22:28:53.632, 0, 0 %, 0 %, 35271 MiB, 36.11 W
2026/09/19 22:28:53.632, 1, 0 %, 0 %, 35271 MiB, 35.30 W
2026/09/19 22:28:53.632, 2, 0 %, 0 %, 35270 MiB, 36.64 W
2026/09/19 22:28:58.637, 0, 0 %, 0 %, 35271 MiB, 36.04 W
2026/09/19 22:28:58.637, 1, 0 %, 0 %, 35271 MiB, 35.11 W
2026/09/19 22:28:58.637, 2, 0 %, 0 %, 35270 MiB, 36.77 W
2026/09/19 22:29:03.642, 0, 0 %, 0 %, 35271 MiB, 36.04 W
2026/09/19 22:29:03.642, 1, 0 %, 0 %, 35271 MiB, 35.22 W
2026/09/19 22:29:03.642, 2, 0 %, 0 %, 35270 MiB, 36.77 W
2026/09/19 22:29:08.643, 0, 0 %, 0 %, 35271 MiB, 36.03 W
2026/09/19 22:29:08.643, 1, 0 %, 0 %, 35271 MiB, 35.31 W
2026/09/19 22:29:08.643, 2, 0 %, 0 %, 35270 MiB, 36.76 W
2026/09/19 22:29:13.644, 0, 0 %, 0 %, 35271 MiB, 35.94 W
2026/09/19 22:29:13.644, 1, 0 %, 0 %, 35271 MiB, 35.21 W
2026/09/19 22:29:13.644, 2, 0 %, 0 %, 35270 MiB, 36.77 W
2026/09/19 22:29:18.645, 0, 0 %, 0 %, 35271 MiB, 35.96 W
2026/09/19 22:29:18.645, 1, 0 %, 0 %, 35271 MiB, 35.23 W
2026/09/19 22:29:18.645, 2, 0 %, 0 %, 35270 MiB, 36.68 W
2026/09/19 22:29:23.646, 0, 52 %, 3 %, 35271 MiB, 57.53 W
2026/09/19 22:29:23.646, 1, 0 %, 0 %, 35271 MiB, 55.62 W
2026/09/19 22:29:23.646, 2, 27 %, 6 %, 35270 MiB, 57.93 W
2026/09/19 22:29:28.647, 0, 0 %, 0 %, 35271 MiB, 36.16 W
2026/09/19 22:29:28.647, 1, 0 %, 0 %, 35271 MiB, 35.43 W
2026/09/19 22:29:28.647, 2, 0 %, 0 %, 35270 MiB, 36.98 W
2026/09/19 22:29:33.647, 0, 0 %, 0 %, 35271 MiB, 36.06 W
2026/09/19 22:29:33.648, 1, 0 %, 0 %, 35271 MiB, 35.33 W
2026/09/19 22:29:33.648, 2, 0 %, 0 %, 35270 MiB, 36.90 W
2026/09/19 22:29:38.648, 0, 0 %, 0 %, 35271 MiB, 36.13 W
2026/09/19 22:29:38.648, 1, 0 %, 0 %, 35271 MiB, 35.22 W
2026/09/19 22:29:38.648, 2, 0 %, 0 %, 35270 MiB, 37.17 W
2026/09/19 22:29:43.650, 0, 0 %, 0 %, 35271 MiB, 36.04 W
2026/09/19 22:29:43.650, 1, 0 %, 0 %, 35271 MiB, 35.61 W
2026/09/19 22:29:43.650, 2, 0 %, 0 %, 35270 MiB, 36.97 W
2026/09/19 22:29:48.651, 0, 0 %, 0 %, 35271 MiB, 36.12 W
2026/09/19 22:29:48.651, 1, 0 %, 0 %, 35271 MiB, 35.51 W
2026/09/19 22:29:48.652, 2, 0 %, 0 %, 35270 MiB, 36.75 W
2026/09/19 22:29:53.656, 0, 0 %, 0 %, 35271 MiB, 36.13 W
2026/09/19 22:29:53.656, 1, 0 %, 0 %, 35271 MiB, 35.22 W
2026/09/19 22:29:53.656, 2, 0 %, 0 %, 35270 MiB, 36.77 W
2026/09/19 22:29:58.658, 0, 0 %, 0 %, 35271 MiB, 36.04 W
2026/09/19 22:29:58.658, 1, 0 %, 0 %, 35271 MiB, 35.33 W
2026/09/19 22:29:58.658, 2, 0 %, 0 %, 35270 MiB, 36.95 W
2026/09/19 22:30:03.660, 0, 0 %, 0 %, 35271 MiB, 36.33 W
2026/09/19 22:30:03.660, 1, 0 %, 0 %, 35271 MiB, 35.32 W
2026/09/19 22:30:03.660, 2, 0 %, 0 %, 35270 MiB, 36.77 W
2026/09/19 22:30:08.661, 0, 0 %, 0 %, 35271 MiB, 36.13 W
2026/09/19 22:30:08.661, 1, 0 %, 0 %, 35271 MiB, 35.21 W
2026/09/19 22:30:08.661, 2, 0 %, 0 %, 35270 MiB, 36.77 W
2026/09/19 22:30:13.662, 0, 0 %, 0 %, 35271 MiB, 35.93 W
2026/09/19 22:30:13.662, 1, 0 %, 0 %, 35271 MiB, 35.21 W
2026/09/19 22:30:13.662, 2, 0 %, 0 %, 35270 MiB, 36.64 W
2026/09/19 22:30:18.664, 0, 0 %, 0 %, 35271 MiB, 36.01 W
2026/09/19 22:30:18.664, 1, 0 %, 0 %, 35271 MiB, 35.30 W
2026/09/19 22:30:18.664, 2, 0 %, 0 %, 35270 MiB, 36.94 W
2026/09/19 22:30:23.666, 0, 0 %, 0 %, 35271 MiB, 36.01 W
2026/09/19 22:30:23.666, 1, 0 %, 0 %, 35271 MiB, 35.30 W
2026/09/19 22:30:23.666, 2, 0 %, 0 %, 35270 MiB, 36.85 W
2026/09/19 22:30:28.669, 0, 0 %, 0 %, 35271 MiB, 36.02 W
2026/09/19 22:30:28.669, 1, 0 %, 0 %, 35271 MiB, 35.31 W
2026/09/19 22:30:28.669, 2, 0 %, 0 %, 35270 MiB, 36.95 W
2026/09/19 22:30:33.670, 0, 0 %, 0 %, 35271 MiB, 36.02 W
2026/09/19 22:30:33.671, 1, 0 %, 0 %, 35271 MiB, 35.31 W
2026/09/19 22:30:33.671, 2, 0 %, 0 %, 35270 MiB, 36.85 W
2026/09/19 22:30:38.672, 0, 0 %, 0 %, 35271 MiB, 35.93 W
2026/09/19 22:30:38.672, 1, 0 %, 0 %, 35271 MiB, 35.41 W
2026/09/19 22:30:38.672, 2, 0 %, 0 %, 35270 MiB, 37.17 W
2026/09/19 22:30:43.674, 0, 0 %, 0 %, 35271 MiB, 35.94 W
2026/09/19 22:30:43.674, 1, 0 %, 0 %, 35271 MiB, 35.42 W
2026/09/19 22:30:43.674, 2, 0 %, 0 %, 35270 MiB, 36.97 W
2026/09/19 22:30:48.676, 0, 0 %, 0 %, 35271 MiB, 36.03 W
2026/09/19 22:30:48.676, 1, 0 %, 0 %, 35271 MiB, 35.31 W
2026/09/19 22:30:48.676, 2, 0 %, 0 %, 35270 MiB, 36.95 W
2026/09/19 22:30:53.677, 0, 0 %, 0 %, 35271 MiB, 36.04 W
2026/09/19 22:30:53.677, 1, 0 %, 0 %, 35271 MiB, 35.32 W
2026/09/19 22:30:53.677, 2, 0 %, 0 %, 35270 MiB, 36.94 W
2026/09/19 22:30:58.678, 0, 0 %, 0 %, 35271 MiB, 36.23 W
2026/09/19 22:30:58.678, 1, 0 %, 0 %, 35271 MiB, 35.32 W
2026/09/19 22:30:58.679, 2, 0 %, 0 %, 35270 MiB, 36.87 W
2026/09/19 22:31:03.680, 0, 0 %, 0 %, 35271 MiB, 36.03 W
2026/09/19 22:31:03.680, 1, 0 %, 0 %, 35271 MiB, 35.21 W
2026/09/19 22:31:03.680, 2, 0 %, 0 %, 35270 MiB, 36.77 W
2026/09/19 22:31:08.681, 0, 0 %, 0 %, 35271 MiB, 36.04 W
2026/09/19 22:31:08.682, 1, 0 %, 0 %, 35271 MiB, 35.11 W
2026/09/19 22:31:08.682, 2, 0 %, 0 %, 35270 MiB, 36.87 W
2026/09/19 22:31:13.682, 0, 0 %, 0 %, 35271 MiB, 36.12 W
2026/09/19 22:31:13.682, 1, 0 %, 0 %, 35271 MiB, 35.10 W
2026/09/19 22:31:13.683, 2, 0 %, 0 %, 35270 MiB, 36.75 W
2026/09/19 22:31:18.683, 0, 0 %, 0 %, 35271 MiB, 36.23 W
2026/09/19 22:31:18.684, 1, 0 %, 0 %, 35271 MiB, 35.41 W
2026/09/19 22:31:18.684, 2, 0 %, 0 %, 35270 MiB, 36.87 W
2026/09/19 22:31:23.685, 0, 0 %, 0 %, 35271 MiB, 35.93 W
2026/09/19 22:31:23.685, 1, 0 %, 0 %, 35271 MiB, 35.31 W
2026/09/19 22:31:23.685, 2, 0 %, 0 %, 35270 MiB, 36.87 W
2026/09/19 22:31:28.686, 0, 0 %, 0 %, 35271 MiB, 35.92 W
2026/09/19 22:31:28.686, 1, 0 %, 0 %, 35271 MiB, 35.21 W
2026/09/19 22:31:28.686, 2, 0 %, 0 %, 35270 MiB, 36.85 W
2026/09/19 22:31:33.688, 0, 0 %, 0 %, 35271 MiB, 35.93 W
2026/09/19 22:31:33.688, 1, 0 %, 0 %, 35271 MiB, 35.31 W
2026/09/19 22:31:33.688, 2, 0 %, 0 %, 35270 MiB, 36.87 W
2026/09/19 22:31:38.689, 0, 0 %, 0 %, 35271 MiB, 36.03 W
2026/09/19 22:31:38.690, 1, 0 %, 0 %, 35271 MiB, 35.31 W
2026/09/19 22:31:38.690, 2, 5 %, 0 %, 35270 MiB, 36.97 W
2026/09/19 22:31:43.690, 0, 0 %, 0 %, 35271 MiB, 35.94 W
2026/09/19 22:31:43.690, 1, 0 %, 0 %, 35271 MiB, 35.42 W
2026/09/19 22:31:43.690, 2, 0 %, 0 %, 35270 MiB, 36.87 W
2026/09/19 22:31:48.690, 0, 0 %, 0 %, 35271 MiB, 36.05 W
2026/09/19 22:31:48.691, 1, 0 %, 0 %, 35271 MiB, 35.23 W
2026/09/19 22:31:48.691, 2, 0 %, 0 %, 35270 MiB, 36.97 W
2026/09/19 22:31:53.691, 0, 90 %, 16 %, 35271 MiB, 112.46 W
2026/09/19 22:31:53.691, 1, 100 %, 22 %, 35271 MiB, 99.27 W
2026/09/19 22:31:53.692, 2, 100 %, 16 %, 35270 MiB, 96.48 W
2026/09/19 22:31:58.692, 0, 0 %, 0 %, 35271 MiB, 36.06 W
2026/09/19 22:31:58.692, 1, 0 %, 0 %, 35271 MiB, 35.43 W
2026/09/19 22:31:58.692, 2, 0 %, 0 %, 35270 MiB, 37.09 W
2026/09/19 22:32:03.693, 0, 0 %, 0 %, 35271 MiB, 36.25 W
2026/09/19 22:32:03.693, 1, 0 %, 0 %, 35271 MiB, 35.23 W
2026/09/19 22:32:03.693, 2, 0 %, 0 %, 35270 MiB, 36.89 W
2026/09/19 22:32:08.694, 0, 0 %, 0 %, 35271 MiB, 36.16 W
2026/09/19 22:32:08.694, 1, 0 %, 0 %, 35271 MiB, 35.23 W
2026/09/19 22:32:08.694, 2, 0 %, 0 %, 35270 MiB, 36.98 W
2026/09/19 22:32:13.695, 0, 0 %, 0 %, 35271 MiB, 36.33 W
2026/09/19 22:32:13.695, 1, 0 %, 0 %, 35271 MiB, 35.32 W
2026/09/19 22:32:13.695, 2, 0 %, 0 %, 35270 MiB, 36.87 W
2026/09/19 22:32:18.697, 0, 0 %, 0 %, 35271 MiB, 36.13 W
2026/09/19 22:32:18.697, 1, 0 %, 0 %, 35271 MiB, 35.32 W
2026/09/19 22:32:18.697, 2, 0 %, 0 %, 35270 MiB, 36.97 W
2026/09/19 22:32:23.700, 0, 0 %, 0 %, 35271 MiB, 36.13 W
2026/09/19 22:32:23.700, 1, 0 %, 0 %, 35271 MiB, 35.22 W
2026/09/19 22:32:23.700, 2, 0 %, 0 %, 35270 MiB, 36.87 W
2026/09/19 22:32:28.701, 0, 0 %, 0 %, 35271 MiB, 36.04 W
2026/09/19 22:32:28.701, 1, 0 %, 0 %, 35271 MiB, 35.32 W
2026/09/19 22:32:28.701, 2, 0 %, 0 %, 35270 MiB, 36.87 W
2026/09/19 22:32:33.704, 0, 0 %, 0 %, 35271 MiB, 36.13 W
2026/09/19 22:32:33.704, 1, 0 %, 0 %, 35271 MiB, 35.42 W
2026/09/19 22:32:33.704, 2, 0 %, 0 %, 35270 MiB, 37.17 W
2026/09/19 22:32:38.706, 0, 0 %, 0 %, 35271 MiB, 36.03 W
2026/09/19 22:32:38.706, 1, 0 %, 0 %, 35271 MiB, 35.32 W
2026/09/19 22:32:38.706, 2, 0 %, 0 %, 35270 MiB, 36.96 W
2026/09/19 22:32:43.708, 0, 0 %, 0 %, 35271 MiB, 36.04 W
2026/09/19 22:32:43.708, 1, 0 %, 0 %, 35271 MiB, 35.22 W
2026/09/19 22:32:43.708, 2, 0 %, 0 %, 35270 MiB, 36.97 W
2026/09/19 22:32:48.718, 0, 0 %, 0 %, 35271 MiB, 36.03 W
2026/09/19 22:32:48.718, 1, 0 %, 0 %, 35271 MiB, 35.41 W
2026/09/19 22:32:48.718, 2, 0 %, 0 %, 35270 MiB, 36.95 W
2026/09/19 22:32:53.719, 0, 0 %, 0 %, 35271 MiB, 36.13 W
2026/09/19 22:32:53.720, 1, 0 %, 0 %, 35271 MiB, 35.51 W
2026/09/19 22:32:53.720, 2, 0 %, 0 %, 35270 MiB, 37.17 W
2026/09/19 22:32:58.721, 0, 0 %, 0 %, 35271 MiB, 36.04 W
2026/09/19 22:32:58.721, 1, 0 %, 0 %, 35271 MiB, 35.42 W
2026/09/19 22:32:58.721, 2, 0 %, 0 %, 35270 MiB, 37.07 W
2026/09/19 22:33:03.722, 0, 0 %, 0 %, 35271 MiB, 35.94 W
2026/09/19 22:33:03.722, 1, 0 %, 0 %, 35271 MiB, 35.41 W
2026/09/19 22:33:03.722, 2, 0 %, 0 %, 35270 MiB, 36.97 W
2026/09/19 22:33:08.723, 0, 0 %, 0 %, 35271 MiB, 36.03 W
2026/09/19 22:33:08.723, 1, 0 %, 0 %, 35271 MiB, 35.51 W
2026/09/19 22:33:08.723, 2, 0 %, 0 %, 35270 MiB, 36.76 W
2026/09/19 22:33:13.724, 0, 0 %, 0 %, 35271 MiB, 36.13 W
2026/09/19 22:33:13.730, 1, 0 %, 0 %, 35271 MiB, 35.32 W
2026/09/19 22:33:13.731, 2, 0 %, 0 %, 35270 MiB, 36.97 W
2026/09/19 22:33:18.732, 0, 0 %, 0 %, 35271 MiB, 36.12 W
2026/09/19 22:33:18.732, 1, 0 %, 0 %, 35271 MiB, 35.20 W
2026/09/19 22:33:18.732, 2, 0 %, 0 %, 35270 MiB, 36.76 W
2026/09/19 22:33:23.733, 0, 0 %, 0 %, 35271 MiB, 36.13 W
2026/09/19 22:33:23.733, 1, 0 %, 0 %, 35271 MiB, 35.22 W
2026/09/19 22:33:23.733, 2, 0 %, 0 %, 35270 MiB, 36.87 W
2026/09/19 22:33:28.734, 0, 0 %, 0 %, 35271 MiB, 36.33 W
2026/09/19 22:33:28.734, 1, 0 %, 0 %, 35271 MiB, 35.22 W
2026/09/19 22:33:28.734, 2, 0 %, 0 %, 35270 MiB, 36.87 W
2026/09/19 22:33:33.735, 0, 0 %, 0 %, 35271 MiB, 36.04 W
2026/09/19 22:33:33.735, 1, 0 %, 0 %, 35271 MiB, 35.32 W
2026/09/19 22:33:33.735, 2, 0 %, 0 %, 35270 MiB, 36.97 W
2026/09/19 22:33:38.736, 0, 0 %, 0 %, 35271 MiB, 35.94 W
2026/09/19 22:33:38.736, 1, 0 %, 0 %, 35271 MiB, 35.21 W
2026/09/19 22:33:38.737, 2, 0 %, 0 %, 35270 MiB, 36.86 W
2026/09/19 22:33:43.738, 0, 0 %, 0 %, 35271 MiB, 36.04 W
2026/09/19 22:33:43.738, 1, 0 %, 0 %, 35271 MiB, 35.22 W
2026/09/19 22:33:43.738, 2, 0 %, 0 %, 35270 MiB, 36.77 W
2026/09/19 22:33:48.740, 0, 0 %, 0 %, 35271 MiB, 36.13 W
2026/09/19 22:33:48.740, 1, 0 %, 0 %, 35271 MiB, 35.32 W
2026/09/19 22:33:48.740, 2, 0 %, 0 %, 35270 MiB, 36.87 W
2026/09/19 22:33:53.742, 0, 0 %, 0 %, 35271 MiB, 36.04 W
2026/09/19 22:33:53.742, 1, 0 %, 0 %, 35271 MiB, 35.22 W
2026/09/19 22:33:53.742, 2, 0 %, 0 %, 35270 MiB, 36.97 W
2026/09/19 22:33:58.743, 0, 5 %, 0 %, 35271 MiB, 36.04 W
2026/09/19 22:33:58.743, 1, 0 %, 0 %, 35271 MiB, 35.33 W
2026/09/19 22:33:58.744, 2, 0 %, 0 %, 35270 MiB, 36.87 W
2026/09/19 22:34:03.744, 0, 0 %, 0 %, 35271 MiB, 35.94 W
2026/09/19 22:34:03.744, 1, 0 %, 0 %, 35271 MiB, 35.33 W
2026/09/19 22:34:03.744, 2, 0 %, 0 %, 35270 MiB, 36.87 W
2026/09/19 22:34:08.745, 0, 0 %, 0 %, 35271 MiB, 36.04 W
2026/09/19 22:34:08.746, 1, 0 %, 0 %, 35271 MiB, 35.43 W
2026/09/19 22:34:08.746, 2, 0 %, 0 %, 35270 MiB, 36.98 W
2026/09/19 22:34:13.746, 0, 0 %, 0 %, 35271 MiB, 35.95 W
2026/09/19 22:34:13.746, 1, 0 %, 0 %, 35271 MiB, 35.33 W
2026/09/19 22:34:13.746, 2, 0 %, 0 %, 35270 MiB, 36.97 W
2026/09/19 22:34:18.747, 0, 0 %, 0 %, 35271 MiB, 36.06 W
2026/09/19 22:34:18.748, 1, 0 %, 0 %, 35271 MiB, 35.23 W
2026/09/19 22:34:18.748, 2, 0 %, 0 %, 35270 MiB, 36.79 W
2026/09/19 22:34:23.748, 0, 0 %, 0 %, 35271 MiB, 58.11 W
2026/09/19 22:34:23.748, 1, 0 %, 0 %, 35271 MiB, 55.41 W
2026/09/19 22:34:23.748, 2, 84 %, 9 %, 35270 MiB, 73.02 W
2026/09/19 22:34:28.749, 0, 0 %, 0 %, 35271 MiB, 36.16 W
2026/09/19 22:34:28.749, 1, 0 %, 0 %, 35271 MiB, 35.23 W
2026/09/19 22:34:28.749, 2, 0 %, 0 %, 35270 MiB, 36.48 W
2026/09/19 22:34:33.750, 0, 0 %, 0 %, 35271 MiB, 36.15 W
2026/09/19 22:34:33.751, 1, 0 %, 0 %, 35271 MiB, 35.33 W
2026/09/19 22:34:33.751, 2, 0 %, 0 %, 35270 MiB, 36.57 W
2026/09/19 22:34:38.751, 0, 0 %, 0 %, 35271 MiB, 36.16 W
2026/09/19 22:34:38.751, 1, 0 %, 0 %, 35271 MiB, 35.33 W
2026/09/19 22:34:38.751, 2, 0 %, 0 %, 35270 MiB, 36.47 W
2026/09/19 22:34:43.752, 0, 0 %, 0 %, 35271 MiB, 36.15 W
2026/09/19 22:34:43.752, 1, 0 %, 0 %, 35271 MiB, 35.43 W
2026/09/19 22:34:43.753, 2, 0 %, 0 %, 35270 MiB, 36.46 W
2026/09/19 22:34:48.753, 0, 0 %, 0 %, 35271 MiB, 36.05 W
2026/09/19 22:34:48.754, 1, 0 %, 0 %, 35271 MiB, 35.33 W
2026/09/19 22:34:48.754, 2, 0 %, 0 %, 35270 MiB, 36.57 W
2026/09/19 22:34:53.754, 0, 0 %, 0 %, 35271 MiB, 36.11 W
2026/09/19 22:34:53.754, 1, 0 %, 0 %, 35271 MiB, 35.40 W
2026/09/19 22:34:53.754, 2, 0 %, 0 %, 35270 MiB, 36.44 W
2026/09/19 22:34:58.756, 0, 0 %, 0 %, 35271 MiB, 35.92 W
2026/09/19 22:34:58.756, 1, 0 %, 0 %, 35271 MiB, 35.41 W
2026/09/19 22:34:58.756, 2, 0 %, 0 %, 35270 MiB, 36.46 W
2026/09/19 22:35:03.758, 0, 0 %, 0 %, 35271 MiB, 36.03 W
2026/09/19 22:35:03.758, 1, 0 %, 0 %, 35271 MiB, 35.51 W
2026/09/19 22:35:03.758, 2, 0 %, 0 %, 35270 MiB, 36.54 W
2026/09/19 22:35:08.760, 0, 0 %, 0 %, 35271 MiB, 36.02 W
2026/09/19 22:35:08.760, 1, 0 %, 0 %, 35271 MiB, 35.40 W
2026/09/19 22:35:08.760, 2, 0 %, 0 %, 35270 MiB, 36.54 W
2026/09/19 22:35:13.762, 0, 0 %, 0 %, 35271 MiB, 36.02 W
2026/09/19 22:35:13.762, 1, 0 %, 0 %, 35271 MiB, 35.41 W
2026/09/19 22:35:13.762, 2, 0 %, 0 %, 35270 MiB, 36.55 W
2026/09/19 22:35:18.764, 0, 0 %, 0 %, 35271 MiB, 36.12 W
2026/09/19 22:35:18.764, 1, 0 %, 0 %, 35271 MiB, 35.30 W
2026/09/19 22:35:18.764, 2, 0 %, 0 %, 35270 MiB, 36.45 W
2026/09/19 22:35:23.765, 0, 0 %, 0 %, 35271 MiB, 36.12 W
2026/09/19 22:35:23.765, 1, 0 %, 0 %, 35271 MiB, 35.50 W
2026/09/19 22:35:23.765, 2, 0 %, 0 %, 35270 MiB, 36.35 W
2026/09/19 22:35:28.767, 0, 0 %, 0 %, 35271 MiB, 35.93 W
2026/09/19 22:35:28.767, 1, 0 %, 0 %, 35271 MiB, 35.21 W
2026/09/19 22:35:28.767, 2, 0 %, 0 %, 35270 MiB, 36.35 W
2026/09/19 22:35:33.768, 0, 0 %, 0 %, 35271 MiB, 36.11 W
2026/09/19 22:35:33.768, 1, 0 %, 0 %, 35271 MiB, 35.30 W
2026/09/19 22:35:33.768, 2, 0 %, 0 %, 35270 MiB, 36.34 W
2026/09/19 22:35:38.770, 0, 0 %, 0 %, 35271 MiB, 36.12 W
2026/09/19 22:35:38.770, 1, 0 %, 0 %, 35271 MiB, 35.40 W
2026/09/19 22:35:38.770, 2, 0 %, 0 %, 35270 MiB, 36.34 W
2026/09/19 22:35:43.771, 0, 0 %, 0 %, 35271 MiB, 36.12 W
2026/09/19 22:35:43.771, 1, 0 %, 0 %, 35271 MiB, 35.31 W
2026/09/19 22:35:43.771, 2, 0 %, 0 %, 35270 MiB, 36.46 W
2026/09/19 22:35:48.773, 0, 0 %, 0 %, 35271 MiB, 35.92 W
2026/09/19 22:35:48.773, 1, 0 %, 0 %, 35271 MiB, 35.20 W
2026/09/19 22:35:48.773, 2, 0 %, 0 %, 35270 MiB, 36.33 W
2026/09/19 22:35:53.775, 0, 0 %, 0 %, 35271 MiB, 35.92 W
2026/09/19 22:35:53.775, 1, 0 %, 0 %, 35271 MiB, 35.30 W
2026/09/19 22:35:53.775, 2, 0 %, 0 %, 35270 MiB, 36.33 W
2026/09/19 22:35:58.777, 0, 0 %, 0 %, 35271 MiB, 35.92 W
2026/09/19 22:35:58.777, 1, 0 %, 0 %, 35271 MiB, 35.40 W
2026/09/19 22:35:58.777, 2, 0 %, 0 %, 35270 MiB, 36.47 W
2026/09/19 22:36:03.778, 0, 0 %, 0 %, 35271 MiB, 35.92 W
2026/09/19 22:36:03.778, 1, 0 %, 0 %, 35271 MiB, 35.30 W
2026/09/19 22:36:03.778, 2, 0 %, 0 %, 35270 MiB, 36.44 W
2026/09/19 22:36:08.780, 0, 0 %, 0 %, 35271 MiB, 35.92 W
2026/09/19 22:36:08.780, 1, 0 %, 0 %, 35271 MiB, 35.21 W
2026/09/19 22:36:08.780, 2, 0 %, 0 %, 35270 MiB, 36.44 W
2026/09/19 22:36:13.781, 0, 0 %, 0 %, 35271 MiB, 36.11 W
2026/09/19 22:36:13.781, 1, 0 %, 0 %, 35271 MiB, 35.21 W
2026/09/19 22:36:13.781, 2, 0 %, 0 %, 35270 MiB, 36.44 W
2026/09/19 22:36:18.782, 0, 0 %, 0 %, 35271 MiB, 36.03 W
2026/09/19 22:36:18.782, 1, 0 %, 0 %, 35271 MiB, 35.51 W
2026/09/19 22:36:18.783, 2, 0 %, 0 %, 35270 MiB, 36.64 W
2026/09/19 22:36:23.784, 0, 0 %, 0 %, 35271 MiB, 36.01 W
2026/09/19 22:36:23.784, 1, 0 %, 0 %, 35271 MiB, 35.40 W
2026/09/19 22:36:23.784, 2, 0 %, 0 %, 35270 MiB, 36.44 W
2026/09/19 22:36:28.786, 0, 0 %, 0 %, 35271 MiB, 36.02 W
2026/09/19 22:36:28.786, 1, 0 %, 0 %, 35271 MiB, 35.21 W
2026/09/19 22:36:28.786, 2, 0 %, 0 %, 35270 MiB, 36.45 W
2026/09/19 22:36:33.788, 0, 0 %, 0 %, 35271 MiB, 36.21 W
2026/09/19 22:36:33.788, 1, 0 %, 0 %, 35271 MiB, 35.30 W
2026/09/19 22:36:33.788, 2, 0 %, 0 %, 35270 MiB, 36.33 W
2026/09/19 22:36:38.790, 0, 0 %, 0 %, 35271 MiB, 36.11 W
2026/09/19 22:36:38.790, 1, 0 %, 0 %, 35271 MiB, 35.29 W
2026/09/19 22:36:38.790, 2, 0 %, 0 %, 35270 MiB, 36.33 W
2026/09/19 22:36:43.792, 0, 0 %, 0 %, 35271 MiB, 36.82 W
2026/09/19 22:36:43.792, 1, 0 %, 0 %, 35271 MiB, 35.23 W
2026/09/19 22:36:43.792, 2, 0 %, 0 %, 35270 MiB, 36.36 W
2026/09/19 22:36:48.792, 0, 0 %, 0 %, 35271 MiB, 36.13 W
2026/09/19 22:36:48.792, 1, 0 %, 0 %, 35271 MiB, 35.23 W
2026/09/19 22:36:48.792, 2, 0 %, 0 %, 35270 MiB, 36.26 W
2026/09/19 22:36:53.793, 0, 0 %, 0 %, 35271 MiB, 36.23 W
2026/09/19 22:36:53.793, 1, 0 %, 0 %, 35271 MiB, 35.32 W
2026/09/19 22:36:53.793, 2, 0 %, 0 %, 35270 MiB, 36.57 W
2026/09/19 22:36:58.794, 0, 0 %, 0 %, 35271 MiB, 36.05 W
2026/09/19 22:36:58.794, 1, 0 %, 0 %, 35271 MiB, 35.23 W
2026/09/19 22:36:58.794, 2, 0 %, 0 %, 35270 MiB, 36.37 W
2026/09/19 22:37:03.795, 0, 0 %, 0 %, 35271 MiB, 35.95 W
2026/09/19 22:37:03.795, 1, 0 %, 0 %, 35271 MiB, 35.13 W
2026/09/19 22:37:03.795, 2, 0 %, 0 %, 35270 MiB, 36.36 W
2026/09/19 22:37:08.796, 0, 0 %, 0 %, 35271 MiB, 36.05 W
2026/09/19 22:37:08.797, 1, 0 %, 0 %, 35271 MiB, 35.33 W
2026/09/19 22:37:08.797, 2, 0 %, 0 %, 35270 MiB, 36.37 W
2026/09/19 22:37:13.797, 0, 0 %, 0 %, 35271 MiB, 36.04 W
2026/09/19 22:37:13.797, 1, 0 %, 0 %, 35271 MiB, 35.32 W
2026/09/19 22:37:13.798, 2, 0 %, 0 %, 35270 MiB, 36.46 W
2026/09/19 22:37:18.798, 0, 0 %, 0 %, 35271 MiB, 36.06 W
2026/09/19 22:37:18.798, 1, 0 %, 0 %, 35271 MiB, 35.33 W
2026/09/19 22:37:18.798, 2, 0 %, 0 %, 35270 MiB, 36.38 W
2026/09/19 22:37:23.799, 0, 0 %, 0 %, 35271 MiB, 35.96 W
2026/09/19 22:37:23.799, 1, 0 %, 0 %, 35271 MiB, 35.34 W
2026/09/19 22:37:23.799, 2, 0 %, 0 %, 35270 MiB, 36.49 W
2026/09/19 22:37:28.801, 0, 0 %, 0 %, 35271 MiB, 58.12 W
2026/09/19 22:37:28.801, 1, 0 %, 0 %, 35271 MiB, 55.10 W
2026/09/19 22:37:28.801, 2, 0 %, 0 %, 35270 MiB, 56.95 W
2026/09/19 22:37:33.801, 0, 0 %, 0 %, 35271 MiB, 36.15 W
2026/09/19 22:37:33.802, 1, 0 %, 0 %, 35271 MiB, 35.53 W
2026/09/19 22:37:33.802, 2, 0 %, 0 %, 35270 MiB, 36.57 W
2026/09/19 22:37:38.807, 0, 0 %, 0 %, 35271 MiB, 36.06 W
2026/09/19 22:37:38.807, 1, 0 %, 0 %, 35271 MiB, 35.23 W
2026/09/19 22:37:38.807, 2, 0 %, 0 %, 35270 MiB, 36.38 W
2026/09/19 22:37:43.809, 0, 0 %, 0 %, 35271 MiB, 36.16 W
2026/09/19 22:37:43.809, 1, 0 %, 0 %, 35271 MiB, 35.23 W
2026/09/19 22:37:43.809, 2, 0 %, 0 %, 35270 MiB, 36.38 W
2026/09/19 22:37:48.811, 0, 0 %, 0 %, 35271 MiB, 36.23 W
2026/09/19 22:37:48.811, 1, 0 %, 0 %, 35271 MiB, 35.51 W
2026/09/19 22:37:48.811, 2, 0 %, 0 %, 35270 MiB, 36.57 W
2026/09/19 22:37:53.813, 0, 0 %, 0 %, 35271 MiB, 36.23 W
2026/09/19 22:37:53.813, 1, 0 %, 0 %, 35271 MiB, 35.32 W
2026/09/19 22:37:53.813, 2, 0 %, 0 %, 35270 MiB, 36.36 W
2026/09/19 22:37:58.815, 0, 0 %, 0 %, 35271 MiB, 36.13 W
2026/09/19 22:37:58.815, 1, 0 %, 0 %, 35271 MiB, 35.32 W
2026/09/19 22:37:58.815, 2, 0 %, 0 %, 35270 MiB, 36.36 W
2026/09/19 22:38:03.817, 0, 0 %, 0 %, 35271 MiB, 36.04 W
2026/09/19 22:38:03.817, 1, 0 %, 0 %, 35271 MiB, 35.32 W
2026/09/19 22:38:03.817, 2, 0 %, 0 %, 35270 MiB, 36.44 W
2026/09/19 22:38:08.819, 0, 0 %, 0 %, 35271 MiB, 36.04 W
2026/09/19 22:38:08.819, 1, 0 %, 0 %, 35271 MiB, 35.52 W
2026/09/19 22:38:08.819, 2, 0 %, 0 %, 35270 MiB, 36.47 W
2026/09/19 22:38:13.820, 0, 0 %, 0 %, 35271 MiB, 36.04 W
2026/09/19 22:38:13.820, 1, 0 %, 0 %, 35271 MiB, 35.32 W
2026/09/19 22:38:13.820, 2, 0 %, 0 %, 35270 MiB, 36.47 W
2026/09/19 22:38:18.821, 0, 0 %, 0 %, 35271 MiB, 35.94 W
2026/09/19 22:38:18.821, 1, 0 %, 0 %, 35271 MiB, 35.22 W
2026/09/19 22:38:18.821, 2, 0 %, 0 %, 35270 MiB, 36.36 W
2026/09/19 22:38:23.824, 0, 0 %, 0 %, 35271 MiB, 36.13 W
2026/09/19 22:38:23.824, 1, 0 %, 0 %, 35271 MiB, 35.42 W
2026/09/19 22:38:23.824, 2, 0 %, 0 %, 35270 MiB, 36.57 W
2026/09/19 22:38:28.825, 0, 0 %, 0 %, 35271 MiB, 36.12 W
2026/09/19 22:38:28.826, 1, 0 %, 0 %, 35271 MiB, 35.40 W
2026/09/19 22:38:28.827, 2, 0 %, 0 %, 35270 MiB, 36.44 W
2026/09/19 22:38:33.827, 0, 0 %, 0 %, 35271 MiB, 36.03 W
2026/09/19 22:38:33.827, 1, 0 %, 0 %, 35271 MiB, 35.33 W
2026/09/19 22:38:33.827, 2, 0 %, 0 %, 35270 MiB, 36.36 W
2026/09/19 22:38:38.828, 0, 0 %, 0 %, 35271 MiB, 36.03 W
2026/09/19 22:38:38.828, 1, 0 %, 0 %, 35271 MiB, 35.41 W
2026/09/19 22:38:38.829, 2, 0 %, 0 %, 35270 MiB, 36.45 W
2026/09/19 22:38:43.830, 0, 0 %, 0 %, 35271 MiB, 36.32 W
2026/09/19 22:38:43.830, 1, 0 %, 0 %, 35271 MiB, 35.42 W
2026/09/19 22:38:43.830, 2, 0 %, 0 %, 35270 MiB, 36.57 W
2026/09/19 22:38:48.834, 0, 0 %, 0 %, 35271 MiB, 36.12 W
2026/09/19 22:38:48.834, 1, 0 %, 0 %, 35271 MiB, 35.21 W
2026/09/19 22:38:48.834, 2, 0 %, 0 %, 35270 MiB, 36.35 W
2026/09/19 22:38:53.838, 0, 0 %, 0 %, 35271 MiB, 36.13 W
2026/09/19 22:38:53.838, 1, 0 %, 0 %, 35271 MiB, 35.12 W
2026/09/19 22:38:53.839, 2, 0 %, 0 %, 35270 MiB, 36.25 W
2026/09/19 22:38:58.839, 0, 0 %, 0 %, 35271 MiB, 36.13 W
2026/09/19 22:38:58.839, 1, 0 %, 0 %, 35271 MiB, 35.22 W
2026/09/19 22:38:58.839, 2, 0 %, 0 %, 35270 MiB, 36.26 W
2026/09/19 22:39:03.841, 0, 0 %, 0 %, 35271 MiB, 36.23 W
2026/09/19 22:39:03.841, 1, 0 %, 0 %, 35271 MiB, 35.42 W
2026/09/19 22:39:03.841, 2, 0 %, 0 %, 35270 MiB, 36.35 W
2026/09/19 22:39:08.843, 0, 0 %, 0 %, 35271 MiB, 36.13 W
2026/09/19 22:39:08.843, 1, 0 %, 0 %, 35271 MiB, 35.22 W
2026/09/19 22:39:08.843, 2, 0 %, 0 %, 35270 MiB, 36.26 W
2026/09/19 22:39:13.845, 0, 0 %, 0 %, 35271 MiB, 35.94 W
2026/09/19 22:39:13.845, 1, 0 %, 0 %, 35271 MiB, 35.22 W
2026/09/19 22:39:13.845, 2, 0 %, 0 %, 35270 MiB, 36.37 W
2026/09/19 22:39:18.849, 0, 0 %, 0 %, 35271 MiB, 35.92 W
2026/09/19 22:39:18.849, 1, 0 %, 0 %, 35271 MiB, 35.31 W
2026/09/19 22:39:18.850, 2, 0 %, 0 %, 35270 MiB, 36.34 W
2026/09/19 22:39:23.851, 0, 0 %, 0 %, 35271 MiB, 36.03 W
2026/09/19 22:39:23.851, 1, 0 %, 0 %, 35271 MiB, 35.51 W
2026/09/19 22:39:23.851, 2, 0 %, 0 %, 35270 MiB, 36.36 W
2026/09/19 22:39:28.852, 0, 0 %, 0 %, 35271 MiB, 36.03 W
2026/09/19 22:39:28.853, 1, 0 %, 0 %, 35271 MiB, 35.42 W
2026/09/19 22:39:28.853, 2, 0 %, 0 %, 35270 MiB, 36.26 W
2026/09/19 22:39:33.854, 0, 0 %, 0 %, 35271 MiB, 36.03 W
2026/09/19 22:39:33.854, 1, 0 %, 0 %, 35271 MiB, 35.33 W
2026/09/19 22:39:33.854, 2, 0 %, 0 %, 35270 MiB, 36.36 W
2026/09/19 22:39:38.856, 0, 0 %, 0 %, 35271 MiB, 36.33 W
2026/09/19 22:39:38.856, 1, 0 %, 0 %, 35271 MiB, 35.42 W
2026/09/19 22:39:38.856, 2, 0 %, 0 %, 35270 MiB, 36.66 W
2026/09/19 22:39:43.858, 0, 0 %, 0 %, 35271 MiB, 36.05 W
2026/09/19 22:39:43.858, 1, 0 %, 0 %, 35271 MiB, 35.62 W
2026/09/19 22:39:43.858, 2, 0 %, 0 %, 35270 MiB, 36.57 W
2026/09/19 22:39:48.860, 0, 0 %, 0 %, 35271 MiB, 36.06 W
2026/09/19 22:39:48.860, 1, 0 %, 0 %, 35271 MiB, 35.43 W
2026/09/19 22:39:48.860, 2, 0 %, 0 %, 35270 MiB, 36.37 W
2026/09/19 22:39:53.862, 0, 0 %, 0 %, 35271 MiB, 35.95 W
2026/09/19 22:39:53.862, 1, 0 %, 0 %, 35271 MiB, 35.23 W
2026/09/19 22:39:53.862, 2, 0 %, 0 %, 35270 MiB, 36.27 W
2026/09/19 22:39:58.866, 0, 0 %, 0 %, 35271 MiB, 36.25 W
2026/09/19 22:39:58.866, 1, 0 %, 0 %, 35271 MiB, 35.33 W
2026/09/19 22:39:58.866, 2, 0 %, 0 %, 35270 MiB, 36.27 W
2026/09/19 22:40:03.866, 0, 0 %, 0 %, 35271 MiB, 36.05 W
2026/09/19 22:40:03.867, 1, 0 %, 0 %, 35271 MiB, 35.23 W
2026/09/19 22:40:03.867, 2, 0 %, 0 %, 35270 MiB, 36.36 W
2026/09/19 22:40:08.867, 0, 100 %, 12 %, 35271 MiB, 84.19 W
2026/09/19 22:40:08.867, 1, 100 %, 23 %, 35271 MiB, 79.07 W
2026/09/19 22:40:08.867, 2, 100 %, 22 %, 35270 MiB, 130.26 W
2026/09/19 22:40:13.868, 0, 100 %, 10 %, 35271 MiB, 87.96 W
2026/09/19 22:40:13.868, 1, 100 %, 6 %, 35271 MiB, 82.20 W
2026/09/19 22:40:13.868, 2, 100 %, 18 %, 35270 MiB, 83.25 W
2026/09/19 22:40:18.869, 0, 0 %, 0 %, 35271 MiB, 58.20 W
2026/09/19 22:40:18.869, 1, 0 %, 0 %, 35271 MiB, 55.46 W
2026/09/19 22:40:18.869, 2, 0 %, 0 %, 35270 MiB, 56.60 W
2026/09/19 22:40:23.872, 0, 0 %, 0 %, 35271 MiB, 36.52 W
2026/09/19 22:40:23.872, 1, 0 %, 0 %, 35271 MiB, 35.80 W
2026/09/19 22:40:23.872, 2, 0 %, 0 %, 35270 MiB, 36.76 W
2026/09/19 22:40:28.873, 0, 0 %, 0 %, 35271 MiB, 36.44 W
2026/09/19 22:40:28.873, 1, 0 %, 0 %, 35271 MiB, 35.62 W
2026/09/19 22:40:28.873, 2, 0 %, 0 %, 35270 MiB, 36.76 W
2026/09/19 22:40:33.873, 0, 0 %, 0 %, 35271 MiB, 36.62 W
2026/09/19 22:40:33.874, 1, 0 %, 0 %, 35271 MiB, 35.62 W
2026/09/19 22:40:33.874, 2, 0 %, 0 %, 35270 MiB, 36.97 W
2026/09/19 22:40:38.874, 0, 0 %, 0 %, 35271 MiB, 36.33 W
2026/09/19 22:40:38.874, 1, 0 %, 0 %, 35271 MiB, 35.90 W
2026/09/19 22:40:38.874, 2, 0 %, 0 %, 35270 MiB, 36.76 W
2026/09/19 22:40:43.875, 0, 0 %, 0 %, 35271 MiB, 36.34 W
2026/09/19 22:40:43.875, 1, 0 %, 0 %, 35271 MiB, 35.72 W
2026/09/19 22:40:43.875, 2, 0 %, 0 %, 35270 MiB, 36.66 W
2026/09/19 22:40:48.875, 0, 0 %, 0 %, 35271 MiB, 36.23 W
2026/09/19 22:40:48.875, 1, 0 %, 0 %, 35271 MiB, 35.72 W
2026/09/19 22:40:48.876, 2, 0 %, 0 %, 35270 MiB, 36.66 W
2026/09/19 22:40:53.876, 0, 0 %, 0 %, 35271 MiB, 36.44 W
2026/09/19 22:40:53.876, 1, 0 %, 0 %, 35271 MiB, 35.72 W
2026/09/19 22:40:53.876, 2, 0 %, 0 %, 35270 MiB, 36.78 W
2026/09/19 22:40:58.877, 0, 0 %, 0 %, 35271 MiB, 36.61 W
2026/09/19 22:40:58.877, 1, 0 %, 0 %, 35271 MiB, 35.71 W
2026/09/19 22:40:58.877, 2, 0 %, 0 %, 35270 MiB, 36.47 W
2026/09/19 22:41:03.878, 0, 0 %, 0 %, 35271 MiB, 36.31 W
2026/09/19 22:41:03.878, 1, 0 %, 0 %, 35271 MiB, 35.50 W
2026/09/19 22:41:03.878, 2, 0 %, 0 %, 35270 MiB, 36.33 W
2026/09/19 22:41:08.880, 0, 0 %, 0 %, 35271 MiB, 40.97 W
2026/09/19 22:41:08.889, 1, 0 %, 0 %, 35271 MiB, 35.40 W
2026/09/19 22:41:08.889, 2, 0 %, 0 %, 35270 MiB, 36.44 W
2026/09/19 22:41:13.892, 0, 15 %, 1 %, 35271 MiB, 36.31 W
2026/09/19 22:41:13.893, 1, 0 %, 0 %, 35271 MiB, 35.49 W
2026/09/19 22:41:13.893, 2, 0 %, 0 %, 35270 MiB, 36.54 W
2026/09/19 22:41:18.894, 0, 0 %, 0 %, 35271 MiB, 36.31 W
2026/09/19 22:41:18.894, 1, 0 %, 0 %, 35271 MiB, 35.59 W
2026/09/19 22:41:18.894, 2, 0 %, 0 %, 35270 MiB, 36.44 W
2026/09/19 22:41:23.895, 0, 0 %, 0 %, 35271 MiB, 36.13 W
2026/09/19 22:41:23.896, 1, 0 %, 0 %, 35271 MiB, 35.51 W
2026/09/19 22:41:23.896, 2, 0 %, 0 %, 35270 MiB, 36.46 W
2026/09/19 22:41:28.896, 0, 0 %, 0 %, 35271 MiB, 36.23 W
2026/09/19 22:41:28.896, 1, 0 %, 0 %, 35271 MiB, 35.42 W
2026/09/19 22:41:28.896, 2, 0 %, 0 %, 35270 MiB, 36.47 W
2026/09/19 22:41:33.900, 0, 15 %, 1 %, 35271 MiB, 36.21 W
2026/09/19 22:41:33.900, 1, 0 %, 0 %, 35271 MiB, 35.40 W
2026/09/19 22:41:33.901, 2, 0 %, 0 %, 35270 MiB, 36.54 W
2026/09/19 22:41:38.902, 0, 0 %, 0 %, 35271 MiB, 36.01 W
2026/09/19 22:41:38.902, 1, 0 %, 0 %, 35271 MiB, 35.49 W
2026/09/19 22:41:38.902, 2, 0 %, 0 %, 35270 MiB, 36.44 W
2026/09/19 22:41:43.911, 0, 0 %, 0 %, 35271 MiB, 36.01 W
2026/09/19 22:41:43.911, 1, 0 %, 0 %, 35271 MiB, 35.49 W
2026/09/19 22:41:43.911, 2, 0 %, 0 %, 35270 MiB, 36.44 W
2026/09/19 22:41:48.912, 0, 0 %, 0 %, 35271 MiB, 39.76 W
2026/09/19 22:41:48.913, 1, 0 %, 0 %, 35271 MiB, 35.40 W
2026/09/19 22:41:48.913, 2, 0 %, 0 %, 35270 MiB, 36.66 W
2026/09/19 22:41:53.913, 0, 0 %, 0 %, 35271 MiB, 36.13 W
2026/09/19 22:41:53.913, 1, 0 %, 0 %, 35271 MiB, 35.52 W
2026/09/19 22:41:53.913, 2, 0 %, 0 %, 35270 MiB, 36.47 W
2026/09/19 22:41:58.919, 0, 0 %, 0 %, 35271 MiB, 36.11 W
2026/09/19 22:41:58.919, 1, 0 %, 0 %, 35271 MiB, 35.49 W
2026/09/19 22:41:58.919, 2, 0 %, 0 %, 35270 MiB, 36.43 W
2026/09/19 22:42:03.920, 0, 0 %, 0 %, 35271 MiB, 36.31 W
2026/09/19 22:42:03.920, 1, 0 %, 0 %, 35271 MiB, 35.49 W
2026/09/19 22:42:03.920, 2, 0 %, 0 %, 35270 MiB, 36.43 W
2026/09/19 22:42:08.921, 0, 0 %, 0 %, 35271 MiB, 36.21 W
2026/09/19 22:42:08.921, 1, 0 %, 0 %, 35271 MiB, 35.29 W
2026/09/19 22:42:08.922, 2, 0 %, 0 %, 35270 MiB, 36.44 W
2026/09/19 22:42:13.922, 0, 0 %, 0 %, 35271 MiB, 36.13 W
2026/09/19 22:42:13.923, 1, 0 %, 0 %, 35271 MiB, 35.42 W
2026/09/19 22:42:13.923, 2, 0 %, 0 %, 35270 MiB, 36.36 W
2026/09/19 22:42:18.923, 0, 0 %, 0 %, 35271 MiB, 36.23 W
2026/09/19 22:42:18.923, 1, 0 %, 0 %, 35271 MiB, 35.33 W
2026/09/19 22:42:18.923, 2, 0 %, 0 %, 35270 MiB, 36.36 W
2026/09/19 22:42:23.925, 0, 0 %, 0 %, 35271 MiB, 36.33 W
2026/09/19 22:42:23.925, 1, 0 %, 0 %, 35271 MiB, 35.33 W
2026/09/19 22:42:23.925, 2, 0 %, 0 %, 35270 MiB, 36.37 W
2026/09/19 22:42:28.927, 0, 0 %, 0 %, 35271 MiB, 36.20 W
2026/09/19 22:42:28.927, 1, 0 %, 0 %, 35271 MiB, 35.29 W
2026/09/19 22:42:28.927, 2, 0 %, 0 %, 35270 MiB, 36.44 W
2026/09/19 22:42:33.929, 0, 0 %, 0 %, 35271 MiB, 36.01 W
2026/09/19 22:42:33.929, 1, 0 %, 0 %, 35271 MiB, 35.40 W
2026/09/19 22:42:33.929, 2, 0 %, 0 %, 35270 MiB, 36.33 W
2026/09/19 22:42:38.931, 0, 10 %, 0 %, 35271 MiB, 37.09 W
2026/09/19 22:42:38.931, 1, 0 %, 0 %, 35271 MiB, 35.38 W
2026/09/19 22:42:38.931, 2, 0 %, 0 %, 35270 MiB, 36.44 W
2026/09/19 22:42:43.932, 0, 5 %, 0 %, 35271 MiB, 36.01 W
2026/09/19 22:42:43.932, 1, 0 %, 0 %, 35271 MiB, 35.39 W
2026/09/19 22:42:43.933, 2, 0 %, 0 %, 35270 MiB, 36.44 W
2026/09/19 22:42:48.944, 0, 0 %, 0 %, 35271 MiB, 36.01 W
2026/09/19 22:42:48.944, 1, 0 %, 0 %, 35271 MiB, 35.48 W
2026/09/19 22:42:48.944, 2, 0 %, 0 %, 35270 MiB, 36.41 W
2026/09/19 22:42:53.946, 0, 15 %, 1 %, 35271 MiB, 36.12 W
2026/09/19 22:42:53.946, 1, 0 %, 0 %, 35271 MiB, 35.41 W
2026/09/19 22:42:53.946, 2, 0 %, 0 %, 35270 MiB, 36.57 W
2026/09/19 22:42:58.947, 0, 0 %, 0 %, 35271 MiB, 36.16 W
2026/09/19 22:42:58.947, 1, 0 %, 0 %, 35271 MiB, 35.43 W
2026/09/19 22:42:58.948, 2, 0 %, 0 %, 35270 MiB, 36.58 W
2026/09/19 22:43:03.949, 0, 15 %, 1 %, 35271 MiB, 36.62 W
2026/09/19 22:43:03.949, 1, 0 %, 0 %, 35271 MiB, 35.42 W
2026/09/19 22:43:03.949, 2, 0 %, 0 %, 35270 MiB, 36.57 W
2026/09/19 22:43:08.950, 0, 0 %, 0 %, 35271 MiB, 36.16 W
2026/09/19 22:43:08.950, 1, 0 %, 0 %, 35271 MiB, 35.63 W
2026/09/19 22:43:08.951, 2, 0 %, 0 %, 35270 MiB, 36.58 W
2026/09/19 22:43:13.959, 0, 0 %, 0 %, 35271 MiB, 36.25 W
2026/09/19 22:43:13.959, 1, 0 %, 0 %, 35271 MiB, 35.33 W
2026/09/19 22:43:13.959, 2, 0 %, 0 %, 35270 MiB, 36.38 W
2026/09/19 22:43:18.960, 0, 0 %, 0 %, 35271 MiB, 36.23 W
2026/09/19 22:43:18.960, 1, 0 %, 0 %, 35271 MiB, 35.22 W
2026/09/19 22:43:18.960, 2, 0 %, 0 %, 35270 MiB, 36.36 W
2026/09/19 22:43:23.962, 0, 0 %, 0 %, 35271 MiB, 36.13 W
2026/09/19 22:43:23.962, 1, 0 %, 0 %, 35271 MiB, 35.22 W
2026/09/19 22:43:23.962, 2, 0 %, 0 %, 35270 MiB, 36.47 W
2026/09/19 22:43:28.963, 0, 0 %, 0 %, 35271 MiB, 36.25 W
2026/09/19 22:43:28.963, 1, 0 %, 0 %, 35271 MiB, 35.32 W
2026/09/19 22:43:28.964, 2, 0 %, 0 %, 35270 MiB, 36.36 W
2026/09/19 22:43:33.964, 0, 0 %, 0 %, 35271 MiB, 36.25 W
2026/09/19 22:43:33.964, 1, 0 %, 0 %, 35271 MiB, 35.33 W
2026/09/19 22:43:33.964, 2, 0 %, 0 %, 35270 MiB, 36.36 W
2026/09/19 22:43:38.965, 0, 0 %, 0 %, 35271 MiB, 36.06 W
2026/09/19 22:43:38.965, 1, 0 %, 0 %, 35271 MiB, 35.23 W
2026/09/19 22:43:38.966, 2, 0 %, 0 %, 35270 MiB, 36.38 W
2026/09/19 22:43:43.966, 0, 0 %, 0 %, 35271 MiB, 36.05 W
2026/09/19 22:43:43.966, 1, 0 %, 0 %, 35271 MiB, 35.23 W
2026/09/19 22:43:43.966, 2, 0 %, 0 %, 35270 MiB, 36.48 W
2026/09/19 22:43:48.967, 0, 0 %, 0 %, 35271 MiB, 36.15 W
2026/09/19 22:43:48.967, 1, 0 %, 0 %, 35271 MiB, 35.33 W
2026/09/19 22:43:48.967, 2, 0 %, 0 %, 35270 MiB, 36.36 W
2026/09/19 22:43:53.968, 0, 0 %, 0 %, 35271 MiB, 36.01 W
2026/09/19 22:43:53.969, 1, 0 %, 0 %, 35271 MiB, 35.40 W
2026/09/19 22:43:53.969, 2, 0 %, 0 %, 35270 MiB, 36.44 W
2026/09/19 22:43:58.969, 0, 0 %, 0 %, 35271 MiB, 36.02 W
2026/09/19 22:43:58.969, 1, 0 %, 0 %, 35271 MiB, 35.40 W
2026/09/19 22:43:58.969, 2, 0 %, 0 %, 35270 MiB, 36.75 W
2026/09/19 22:44:03.970, 0, 0 %, 0 %, 35271 MiB, 36.11 W
2026/09/19 22:44:03.970, 1, 0 %, 0 %, 35271 MiB, 35.60 W
2026/09/19 22:44:03.970, 2, 0 %, 0 %, 35270 MiB, 36.54 W
2026/09/19 22:44:08.971, 0, 0 %, 0 %, 35271 MiB, 36.01 W
2026/09/19 22:44:08.971, 1, 0 %, 0 %, 35271 MiB, 35.40 W
2026/09/19 22:44:08.971, 2, 0 %, 0 %, 35270 MiB, 36.54 W
2026/09/19 22:44:13.973, 0, 0 %, 0 %, 35271 MiB, 36.01 W
2026/09/19 22:44:13.973, 1, 0 %, 0 %, 35271 MiB, 35.39 W
2026/09/19 22:44:13.973, 2, 0 %, 0 %, 35270 MiB, 36.47 W
2026/09/19 22:44:18.981, 0, 0 %, 0 %, 35271 MiB, 36.02 W
2026/09/19 22:44:18.981, 1, 0 %, 0 %, 35271 MiB, 35.40 W
2026/09/19 22:44:18.981, 2, 0 %, 0 %, 35270 MiB, 36.54 W
2026/09/19 22:44:23.982, 0, 0 %, 0 %, 35271 MiB, 36.11 W
2026/09/19 22:44:23.982, 1, 0 %, 0 %, 35271 MiB, 35.29 W
2026/09/19 22:44:23.982, 2, 0 %, 0 %, 35270 MiB, 36.35 W
2026/09/19 22:44:28.984, 0, 0 %, 0 %, 35271 MiB, 36.12 W
2026/09/19 22:44:28.984, 1, 0 %, 0 %, 35271 MiB, 35.21 W
2026/09/19 22:44:28.984, 2, 0 %, 0 %, 35270 MiB, 36.44 W
2026/09/19 22:44:33.986, 0, 0 %, 0 %, 35271 MiB, 36.11 W
2026/09/19 22:44:33.986, 1, 0 %, 0 %, 35271 MiB, 35.29 W
2026/09/19 22:44:33.986, 2, 0 %, 0 %, 35270 MiB, 36.24 W
2026/09/19 22:44:38.987, 0, 0 %, 0 %, 35271 MiB, 36.12 W
2026/09/19 22:44:38.987, 1, 0 %, 0 %, 35271 MiB, 35.30 W
2026/09/19 22:44:38.987, 2, 0 %, 0 %, 35270 MiB, 36.33 W
2026/09/19 22:44:43.988, 0, 0 %, 0 %, 35271 MiB, 36.31 W
2026/09/19 22:44:43.988, 1, 0 %, 0 %, 35271 MiB, 35.29 W
2026/09/19 22:44:43.988, 2, 0 %, 0 %, 35270 MiB, 36.43 W
2026/09/19 22:44:48.990, 0, 0 %, 0 %, 35271 MiB, 36.01 W
2026/09/19 22:44:48.990, 1, 0 %, 0 %, 35271 MiB, 35.20 W
2026/09/19 22:44:48.990, 2, 0 %, 0 %, 35270 MiB, 36.33 W
2026/09/19 22:44:53.991, 0, 0 %, 0 %, 35271 MiB, 36.01 W
2026/09/19 22:44:53.991, 1, 0 %, 0 %, 35271 MiB, 35.30 W
2026/09/19 22:44:53.991, 2, 0 %, 0 %, 35270 MiB, 36.54 W
2026/09/19 22:44:58.993, 0, 0 %, 0 %, 35271 MiB, 36.02 W
2026/09/19 22:44:58.993, 1, 0 %, 0 %, 35271 MiB, 35.49 W
2026/09/19 22:44:58.993, 2, 0 %, 0 %, 35270 MiB, 36.43 W
2026/09/19 22:45:03.994, 0, 0 %, 0 %, 35271 MiB, 36.21 W
2026/09/19 22:45:03.996, 1, 0 %, 0 %, 35271 MiB, 35.39 W
2026/09/19 22:45:03.996, 2, 0 %, 0 %, 35270 MiB, 36.46 W
2026/09/19 22:45:08.998, 0, 0 %, 0 %, 35271 MiB, 35.92 W
2026/09/19 22:45:08.998, 1, 0 %, 0 %, 35271 MiB, 35.39 W
2026/09/19 22:45:08.998, 2, 0 %, 0 %, 35270 MiB, 36.43 W
2026/09/19 22:45:14.000, 0, 0 %, 0 %, 35271 MiB, 35.94 W
2026/09/19 22:45:14.000, 1, 0 %, 0 %, 35271 MiB, 35.31 W
2026/09/19 22:45:14.000, 2, 0 %, 0 %, 35270 MiB, 36.68 W
2026/09/19 22:45:19.002, 0, 0 %, 0 %, 35271 MiB, 36.02 W
2026/09/19 22:45:19.002, 1, 0 %, 0 %, 35271 MiB, 35.60 W
2026/09/19 22:45:19.002, 2, 0 %, 0 %, 35270 MiB, 36.54 W
2026/09/19 22:45:24.013, 0, 0 %, 0 %, 35271 MiB, 36.12 W
2026/09/19 22:45:24.013, 1, 0 %, 0 %, 35271 MiB, 35.51 W
2026/09/19 22:45:24.013, 2, 0 %, 0 %, 35270 MiB, 36.55 W
2026/09/19 22:45:29.013, 0, 0 %, 0 %, 35271 MiB, 36.21 W
2026/09/19 22:45:29.013, 1, 0 %, 0 %, 35271 MiB, 35.21 W
2026/09/19 22:45:29.014, 2, 0 %, 0 %, 35270 MiB, 36.33 W
2026/09/19 22:45:34.015, 0, 0 %, 0 %, 35271 MiB, 36.11 W
2026/09/19 22:45:34.015, 1, 0 %, 0 %, 35271 MiB, 35.30 W
2026/09/19 22:45:34.015, 2, 0 %, 0 %, 35270 MiB, 36.54 W
2026/09/19 22:45:39.021, 0, 0 %, 0 %, 35271 MiB, 36.31 W
2026/09/19 22:45:39.021, 1, 0 %, 0 %, 35271 MiB, 35.29 W
2026/09/19 22:45:39.021, 2, 0 %, 0 %, 35270 MiB, 36.44 W
2026/09/19 22:45:44.023, 0, 0 %, 0 %, 35271 MiB, 36.21 W
2026/09/19 22:45:44.023, 1, 0 %, 0 %, 35271 MiB, 35.30 W
2026/09/19 22:45:44.023, 2, 0 %, 0 %, 35270 MiB, 36.33 W
2026/09/19 22:45:49.024, 0, 0 %, 0 %, 35271 MiB, 36.23 W
2026/09/19 22:45:49.025, 1, 0 %, 0 %, 35271 MiB, 35.31 W
2026/09/19 22:45:49.025, 2, 0 %, 0 %, 35270 MiB, 36.66 W
2026/09/19 22:45:54.025, 0, 0 %, 0 %, 35271 MiB, 36.04 W
2026/09/19 22:45:54.025, 1, 0 %, 0 %, 35271 MiB, 35.23 W
2026/09/19 22:45:54.025, 2, 0 %, 0 %, 35270 MiB, 36.47 W
2026/09/19 22:45:59.027, 0, 0 %, 0 %, 35271 MiB, 36.13 W
2026/09/19 22:45:59.027, 1, 0 %, 0 %, 35271 MiB, 35.32 W
2026/09/19 22:45:59.027, 2, 0 %, 0 %, 35270 MiB, 36.47 W
2026/09/19 22:46:04.029, 0, 0 %, 0 %, 35271 MiB, 36.04 W
2026/09/19 22:46:04.029, 1, 0 %, 0 %, 35271 MiB, 35.23 W
2026/09/19 22:46:04.029, 2, 0 %, 0 %, 35270 MiB, 36.47 W
2026/09/19 22:46:09.030, 0, 0 %, 0 %, 35271 MiB, 35.94 W
2026/09/19 22:46:09.030, 1, 0 %, 0 %, 35271 MiB, 35.32 W
2026/09/19 22:46:09.030, 2, 0 %, 0 %, 35270 MiB, 36.66 W
2026/09/19 22:46:14.031, 0, 0 %, 0 %, 35271 MiB, 36.03 W
2026/09/19 22:46:14.032, 1, 0 %, 0 %, 35271 MiB, 35.61 W
2026/09/19 22:46:14.032, 2, 0 %, 0 %, 35270 MiB, 36.57 W
2026/09/19 22:46:19.033, 0, 0 %, 0 %, 35271 MiB, 36.13 W
2026/09/19 22:46:19.033, 1, 0 %, 0 %, 35271 MiB, 35.42 W
2026/09/19 22:46:19.033, 2, 0 %, 0 %, 35270 MiB, 36.77 W
2026/09/19 22:46:24.034, 0, 0 %, 0 %, 35271 MiB, 36.04 W
2026/09/19 22:46:24.034, 1, 0 %, 0 %, 35271 MiB, 35.33 W
2026/09/19 22:46:24.034, 2, 0 %, 0 %, 35270 MiB, 36.57 W
2026/09/19 22:46:29.035, 0, 0 %, 0 %, 35271 MiB, 36.15 W
2026/09/19 22:46:29.035, 1, 0 %, 0 %, 35271 MiB, 35.53 W
2026/09/19 22:46:29.036, 2, 0 %, 0 %, 35270 MiB, 36.68 W
2026/09/19 22:46:34.036, 0, 0 %, 0 %, 35271 MiB, 41.18 W
2026/09/19 22:46:34.037, 1, 0 %, 0 %, 35271 MiB, 35.51 W
2026/09/19 22:46:34.037, 2, 0 %, 0 %, 35270 MiB, 36.47 W
2026/09/19 22:46:39.037, 0, 0 %, 0 %, 35271 MiB, 36.13 W
2026/09/19 22:46:39.038, 1, 0 %, 0 %, 35271 MiB, 35.13 W
2026/09/19 22:46:39.038, 2, 0 %, 0 %, 35270 MiB, 36.38 W
2026/09/19 22:46:44.038, 0, 0 %, 0 %, 35271 MiB, 36.16 W
2026/09/19 22:46:44.038, 1, 0 %, 0 %, 35271 MiB, 35.13 W
2026/09/19 22:46:44.038, 2, 0 %, 0 %, 35270 MiB, 36.59 W
2026/09/19 22:46:49.039, 0, 0 %, 0 %, 35271 MiB, 36.16 W
2026/09/19 22:46:49.039, 1, 0 %, 0 %, 35271 MiB, 35.34 W
2026/09/19 22:46:49.039, 2, 0 %, 0 %, 35270 MiB, 36.38 W
2026/09/19 22:46:54.039, 0, 100 %, 22 %, 35271 MiB, 75.18 W
2026/09/19 22:46:54.040, 1, 100 %, 22 %, 35271 MiB, 73.21 W
2026/09/19 22:46:54.040, 2, 100 %, 22 %, 35270 MiB, 148.57 W
2026/09/19 22:46:59.040, 0, 100 %, 10 %, 35271 MiB, 120.73 W
2026/09/19 22:46:59.040, 1, 100 %, 11 %, 35271 MiB, 76.51 W
2026/09/19 22:46:59.040, 2, 100 %, 14 %, 35270 MiB, 83.48 W
2026/09/19 22:47:04.046, 0, 100 %, 6 %, 35271 MiB, 141.67 W
2026/09/19 22:47:04.046, 1, 100 %, 14 %, 35271 MiB, 79.57 W
2026/09/19 22:47:04.046, 2, 100 %, 14 %, 35270 MiB, 85.15 W
2026/09/19 22:47:09.047, 0, 99 %, 6 %, 35271 MiB, 90.04 W
2026/09/19 22:47:09.047, 1, 54 %, 4 %, 35271 MiB, 73.19 W
2026/09/19 22:47:09.047, 2, 0 %, 0 %, 35270 MiB, 57.00 W
2026/09/19 22:47:14.047, 0, 0 %, 0 %, 35271 MiB, 37.11 W
2026/09/19 22:47:14.047, 1, 0 %, 0 %, 35271 MiB, 35.99 W
2026/09/19 22:47:14.047, 2, 0 %, 0 %, 35270 MiB, 37.07 W
2026/09/19 22:47:19.048, 0, 0 %, 0 %, 35271 MiB, 36.62 W
2026/09/19 22:47:19.049, 1, 0 %, 0 %, 35271 MiB, 35.91 W
2026/09/19 22:47:19.049, 2, 0 %, 0 %, 35270 MiB, 37.07 W
2026/09/19 22:47:24.049, 0, 0 %, 0 %, 35271 MiB, 36.54 W
2026/09/19 22:47:24.049, 1, 0 %, 0 %, 35271 MiB, 35.91 W
2026/09/19 22:47:24.049, 2, 0 %, 0 %, 35270 MiB, 37.07 W
2026/09/19 22:47:29.050, 0, 0 %, 0 %, 35271 MiB, 36.52 W
2026/09/19 22:47:29.051, 1, 0 %, 0 %, 35271 MiB, 35.81 W
2026/09/19 22:47:29.051, 2, 0 %, 0 %, 35270 MiB, 36.97 W
2026/09/19 22:47:34.052, 0, 0 %, 0 %, 35271 MiB, 36.61 W
2026/09/19 22:47:34.052, 1, 0 %, 0 %, 35271 MiB, 35.90 W
2026/09/19 22:47:34.052, 2, 0 %, 0 %, 35270 MiB, 36.97 W
2026/09/19 22:47:39.054, 0, 0 %, 0 %, 35271 MiB, 36.52 W
2026/09/19 22:47:39.054, 1, 0 %, 0 %, 35271 MiB, 35.90 W
2026/09/19 22:47:39.054, 2, 0 %, 0 %, 35270 MiB, 36.97 W
2026/09/19 22:47:44.056, 0, 0 %, 0 %, 35271 MiB, 36.43 W
2026/09/19 22:47:44.056, 1, 0 %, 0 %, 35271 MiB, 35.71 W
2026/09/19 22:47:44.056, 2, 0 %, 0 %, 35270 MiB, 36.77 W
2026/09/19 22:47:49.057, 0, 0 %, 0 %, 35271 MiB, 36.44 W
2026/09/19 22:47:49.057, 1, 0 %, 0 %, 35271 MiB, 35.72 W
2026/09/19 22:47:49.057, 2, 0 %, 0 %, 35270 MiB, 36.66 W
2026/09/19 22:47:54.059, 0, 0 %, 0 %, 35271 MiB, 36.60 W
2026/09/19 22:47:54.059, 1, 0 %, 0 %, 35271 MiB, 35.59 W
2026/09/19 22:47:54.059, 2, 0 %, 0 %, 35270 MiB, 36.75 W
2026/09/19 22:47:59.064, 0, 10 %, 0 %, 35271 MiB, 36.60 W
2026/09/19 22:47:59.064, 1, 0 %, 0 %, 35271 MiB, 35.49 W
2026/09/19 22:47:59.065, 2, 0 %, 0 %, 35270 MiB, 36.75 W
2026/09/19 22:48:04.066, 0, 0 %, 0 %, 35271 MiB, 36.49 W
2026/09/19 22:48:04.066, 1, 0 %, 0 %, 35271 MiB, 35.49 W
2026/09/19 22:48:04.066, 2, 0 %, 0 %, 35270 MiB, 36.75 W
2026/09/19 22:48:09.067, 0, 0 %, 0 %, 35271 MiB, 36.30 W
2026/09/19 22:48:09.067, 1, 0 %, 0 %, 35271 MiB, 35.68 W
2026/09/19 22:48:09.067, 2, 0 %, 0 %, 35270 MiB, 36.53 W
2026/09/19 22:48:14.068, 0, 0 %, 0 %, 35271 MiB, 40.57 W
2026/09/19 22:48:14.068, 1, 0 %, 0 %, 35271 MiB, 35.51 W
2026/09/19 22:48:14.068, 2, 0 %, 0 %, 35270 MiB, 36.75 W
2026/09/19 22:48:19.069, 0, 15 %, 1 %, 35271 MiB, 36.32 W
2026/09/19 22:48:19.069, 1, 0 %, 0 %, 35271 MiB, 35.51 W
2026/09/19 22:48:19.069, 2, 0 %, 0 %, 35270 MiB, 36.66 W
2026/09/19 22:48:24.071, 0, 10 %, 0 %, 35271 MiB, 36.40 W
2026/09/19 22:48:24.071, 1, 0 %, 0 %, 35271 MiB, 35.49 W
2026/09/19 22:48:24.072, 2, 0 %, 0 %, 35270 MiB, 36.57 W
2026/09/19 22:48:29.073, 0, 0 %, 0 %, 35271 MiB, 36.31 W
2026/09/19 22:48:29.073, 1, 0 %, 0 %, 35271 MiB, 35.98 W
2026/09/19 22:48:29.073, 2, 0 %, 0 %, 35270 MiB, 36.64 W
2026/09/19 22:48:34.075, 0, 15 %, 1 %, 35271 MiB, 36.31 W
2026/09/19 22:48:34.075, 1, 0 %, 0 %, 35271 MiB, 35.59 W
2026/09/19 22:48:34.075, 2, 0 %, 0 %, 35270 MiB, 36.65 W
2026/09/19 22:48:39.076, 0, 0 %, 0 %, 35271 MiB, 36.22 W
2026/09/19 22:48:39.076, 1, 0 %, 0 %, 35271 MiB, 35.60 W
2026/09/19 22:48:39.076, 2, 0 %, 0 %, 35270 MiB, 36.75 W
2026/09/19 22:48:44.078, 0, 15 %, 1 %, 35271 MiB, 36.50 W
2026/09/19 22:48:44.078, 1, 0 %, 0 %, 35271 MiB, 35.69 W
2026/09/19 22:48:44.078, 2, 0 %, 0 %, 35270 MiB, 36.64 W
2026/09/19 22:48:49.080, 0, 6 %, 0 %, 35271 MiB, 36.29 W
2026/09/19 22:48:49.080, 1, 0 %, 0 %, 35271 MiB, 35.38 W
2026/09/19 22:48:49.080, 2, 0 %, 0 %, 35270 MiB, 36.75 W
2026/09/19 22:48:54.081, 0, 0 %, 0 %, 35271 MiB, 37.39 W
2026/09/19 22:48:54.082, 1, 0 %, 0 %, 35271 MiB, 35.40 W
2026/09/19 22:48:54.082, 2, 0 %, 0 %, 35270 MiB, 36.75 W
2026/09/19 22:48:59.083, 0, 5 %, 0 %, 35271 MiB, 36.21 W
2026/09/19 22:48:59.084, 1, 5 %, 0 %, 35271 MiB, 35.39 W
2026/09/19 22:48:59.084, 2, 0 %, 0 %, 35270 MiB, 36.54 W
2026/09/19 22:49:04.085, 0, 0 %, 0 %, 35271 MiB, 36.40 W
2026/09/19 22:49:04.085, 1, 0 %, 0 %, 35271 MiB, 35.97 W
2026/09/19 22:49:04.086, 2, 0 %, 0 %, 35270 MiB, 36.54 W
2026/09/19 22:49:09.086, 0, 0 %, 0 %, 35271 MiB, 36.31 W
2026/09/19 22:49:09.086, 1, 0 %, 0 %, 35271 MiB, 35.39 W
2026/09/19 22:49:09.086, 2, 0 %, 0 %, 35270 MiB, 36.54 W
2026/09/19 22:49:14.087, 0, 0 %, 0 %, 35271 MiB, 36.11 W
2026/09/19 22:49:14.087, 1, 0 %, 0 %, 35271 MiB, 35.29 W
2026/09/19 22:49:14.087, 2, 0 %, 0 %, 35270 MiB, 36.54 W
2026/09/19 22:49:19.089, 0, 15 %, 1 %, 35271 MiB, 36.11 W
2026/09/19 22:49:19.089, 1, 0 %, 0 %, 35271 MiB, 35.49 W
2026/09/19 22:49:19.090, 2, 0 %, 0 %, 35270 MiB, 36.54 W
2026/09/19 22:49:24.091, 0, 15 %, 1 %, 35271 MiB, 36.21 W
2026/09/19 22:49:24.091, 1, 0 %, 0 %, 35271 MiB, 35.49 W
2026/09/19 22:49:24.091, 2, 0 %, 0 %, 35270 MiB, 36.54 W
2026/09/19 22:49:29.093, 0, 0 %, 0 %, 35271 MiB, 36.13 W
2026/09/19 22:49:29.093, 1, 0 %, 0 %, 35271 MiB, 35.42 W
2026/09/19 22:49:29.093, 2, 0 %, 0 %, 35270 MiB, 36.57 W
2026/09/19 22:49:34.094, 0, 0 %, 0 %, 35271 MiB, 36.13 W
2026/09/19 22:49:34.094, 1, 0 %, 0 %, 35271 MiB, 35.42 W
2026/09/19 22:49:34.094, 2, 0 %, 0 %, 35270 MiB, 36.68 W
2026/09/19 22:49:39.094, 0, 0 %, 0 %, 35271 MiB, 36.31 W
2026/09/19 22:49:39.094, 1, 0 %, 0 %, 35271 MiB, 35.60 W
2026/09/19 22:49:39.094, 2, 0 %, 0 %, 35270 MiB, 36.55 W
2026/09/19 22:49:44.096, 0, 0 %, 0 %, 35271 MiB, 36.20 W
2026/09/19 22:49:44.096, 1, 2 %, 0 %, 35271 MiB, 37.15 W
2026/09/19 22:49:44.096, 2, 0 %, 0 %, 35270 MiB, 36.64 W
2026/09/19 22:49:49.097, 0, 0 %, 0 %, 35271 MiB, 36.13 W
2026/09/19 22:49:49.098, 1, 0 %, 0 %, 35271 MiB, 35.51 W
2026/09/19 22:49:49.098, 2, 0 %, 0 %, 35270 MiB, 36.68 W
2026/09/19 22:49:54.098, 0, 0 %, 0 %, 35271 MiB, 36.15 W
2026/09/19 22:49:54.098, 1, 0 %, 0 %, 35271 MiB, 35.33 W
2026/09/19 22:49:54.098, 2, 0 %, 0 %, 35270 MiB, 36.57 W
2026/09/19 22:49:59.107, 0, 0 %, 0 %, 35271 MiB, 36.25 W
2026/09/19 22:49:59.107, 1, 0 %, 0 %, 35271 MiB, 35.34 W
2026/09/19 22:49:59.107, 2, 0 %, 0 %, 35270 MiB, 36.48 W
2026/09/19 22:50:04.108, 0, 0 %, 0 %, 35271 MiB, 36.26 W
2026/09/19 22:50:04.109, 1, 0 %, 0 %, 35271 MiB, 35.24 W
2026/09/19 22:50:04.109, 2, 0 %, 0 %, 35270 MiB, 36.69 W
2026/09/19 22:50:09.109, 0, 0 %, 0 %, 35271 MiB, 36.35 W
2026/09/19 22:50:09.109, 1, 0 %, 0 %, 35271 MiB, 35.34 W
2026/09/19 22:50:09.109, 2, 0 %, 0 %, 35270 MiB, 36.59 W
2026/09/19 22:50:14.110, 0, 0 %, 0 %, 35271 MiB, 36.45 W
2026/09/19 22:50:14.110, 1, 0 %, 0 %, 35271 MiB, 35.54 W
2026/09/19 22:50:14.110, 2, 0 %, 0 %, 35270 MiB, 36.59 W
2026/09/19 22:50:19.110, 0, 0 %, 0 %, 35271 MiB, 36.26 W
2026/09/19 22:50:19.110, 1, 0 %, 0 %, 35271 MiB, 35.34 W
2026/09/19 22:50:19.111, 2, 0 %, 0 %, 35270 MiB, 36.48 W
2026/09/19 22:50:24.111, 0, 0 %, 0 %, 35271 MiB, 36.06 W
2026/09/19 22:50:24.111, 1, 0 %, 0 %, 35271 MiB, 35.34 W
2026/09/19 22:50:24.111, 2, 0 %, 0 %, 35270 MiB, 36.80 W
2026/09/19 22:50:29.112, 0, 0 %, 0 %, 35271 MiB, 36.06 W
2026/09/19 22:50:29.112, 1, 0 %, 0 %, 35271 MiB, 35.24 W
2026/09/19 22:50:29.112, 2, 0 %, 0 %, 35270 MiB, 36.48 W
2026/09/19 22:50:34.112, 0, 0 %, 0 %, 35271 MiB, 36.16 W
2026/09/19 22:50:34.113, 1, 0 %, 0 %, 35271 MiB, 35.34 W
2026/09/19 22:50:34.113, 2, 0 %, 0 %, 35270 MiB, 36.48 W
2026/09/19 22:50:39.113, 0, 0 %, 0 %, 35271 MiB, 36.15 W
2026/09/19 22:50:39.113, 1, 0 %, 0 %, 35271 MiB, 35.43 W
2026/09/19 22:50:39.113, 2, 0 %, 0 %, 35270 MiB, 36.46 W
2026/09/19 22:50:44.114, 0, 0 %, 0 %, 35271 MiB, 36.04 W
2026/09/19 22:50:44.114, 1, 0 %, 0 %, 35271 MiB, 35.42 W
2026/09/19 22:50:44.114, 2, 0 %, 0 %, 35270 MiB, 36.55 W
2026/09/19 22:50:49.116, 0, 0 %, 0 %, 35271 MiB, 36.03 W
2026/09/19 22:50:49.116, 1, 0 %, 0 %, 35271 MiB, 35.68 W
2026/09/19 22:50:49.116, 2, 0 %, 0 %, 35270 MiB, 36.56 W
2026/09/19 22:50:54.123, 0, 0 %, 0 %, 35271 MiB, 36.21 W
2026/09/19 22:50:54.123, 1, 0 %, 0 %, 35271 MiB, 35.40 W
2026/09/19 22:50:54.123, 2, 0 %, 0 %, 35270 MiB, 36.54 W
2026/09/19 22:50:59.125, 0, 0 %, 0 %, 35271 MiB, 36.12 W
2026/09/19 22:50:59.125, 1, 0 %, 0 %, 35271 MiB, 35.41 W
2026/09/19 22:50:59.125, 2, 0 %, 0 %, 35270 MiB, 36.66 W
2026/09/19 22:51:04.127, 0, 0 %, 0 %, 35271 MiB, 36.13 W
2026/09/19 22:51:04.127, 1, 0 %, 0 %, 35271 MiB, 35.32 W
2026/09/19 22:51:04.127, 2, 0 %, 0 %, 35270 MiB, 36.34 W
2026/09/19 22:51:09.128, 0, 0 %, 0 %, 35271 MiB, 36.22 W
2026/09/19 22:51:09.128, 1, 0 %, 0 %, 35271 MiB, 35.51 W
2026/09/19 22:51:09.128, 2, 0 %, 0 %, 35270 MiB, 36.43 W
2026/09/19 22:51:14.129, 0, 0 %, 0 %, 35271 MiB, 36.21 W
2026/09/19 22:51:14.130, 1, 0 %, 0 %, 35271 MiB, 35.30 W
2026/09/19 22:51:14.130, 2, 0 %, 0 %, 35270 MiB, 36.43 W
2026/09/19 22:51:19.131, 0, 0 %, 0 %, 35271 MiB, 36.12 W
2026/09/19 22:51:19.131, 1, 0 %, 0 %, 35271 MiB, 35.21 W
2026/09/19 22:51:19.131, 2, 0 %, 0 %, 35270 MiB, 36.57 W
2026/09/19 22:51:24.138, 0, 0 %, 0 %, 35271 MiB, 36.11 W
2026/09/19 22:51:24.138, 1, 0 %, 0 %, 35271 MiB, 35.30 W
2026/09/19 22:51:24.138, 2, 0 %, 0 %, 35270 MiB, 36.43 W
2026/09/19 22:51:29.140, 0, 0 %, 0 %, 35271 MiB, 36.02 W
2026/09/19 22:51:29.141, 1, 0 %, 0 %, 35271 MiB, 35.40 W
2026/09/19 22:51:29.141, 2, 0 %, 0 %, 35270 MiB, 36.33 W
2026/09/19 22:51:34.144, 0, 0 %, 0 %, 35271 MiB, 36.01 W
2026/09/19 22:51:34.155, 1, 0 %, 0 %, 35271 MiB, 35.31 W
2026/09/19 22:51:34.156, 2, 0 %, 0 %, 35270 MiB, 36.33 W
2026/09/19 22:51:39.161, 0, 0 %, 0 %, 35271 MiB, 35.92 W
2026/09/19 22:51:39.161, 1, 0 %, 0 %, 35271 MiB, 35.30 W
2026/09/19 22:51:39.162, 2, 0 %, 0 %, 35270 MiB, 36.54 W
2026/09/19 22:51:44.163, 0, 0 %, 0 %, 35271 MiB, 36.21 W
2026/09/19 22:51:44.163, 1, 0 %, 0 %, 35271 MiB, 35.39 W
2026/09/19 22:51:44.163, 2, 0 %, 0 %, 35270 MiB, 36.43 W
2026/09/19 22:51:49.165, 0, 0 %, 0 %, 35271 MiB, 36.11 W
2026/09/19 22:51:49.165, 1, 0 %, 0 %, 35271 MiB, 35.39 W
2026/09/19 22:51:49.165, 2, 0 %, 0 %, 35270 MiB, 36.43 W
2026/09/19 22:51:54.167, 0, 0 %, 0 %, 35271 MiB, 36.13 W
2026/09/19 22:51:54.167, 1, 0 %, 0 %, 35271 MiB, 35.21 W
2026/09/19 22:51:54.167, 2, 0 %, 0 %, 35270 MiB, 36.76 W
2026/09/19 22:51:59.169, 0, 0 %, 0 %, 35271 MiB, 36.11 W
2026/09/19 22:51:59.169, 1, 0 %, 0 %, 35271 MiB, 35.29 W
2026/09/19 22:51:59.169, 2, 0 %, 0 %, 35270 MiB, 36.54 W
2026/09/19 22:52:04.170, 0, 0 %, 0 %, 35271 MiB, 36.21 W
2026/09/19 22:52:04.170, 1, 0 %, 0 %, 35271 MiB, 35.49 W
2026/09/19 22:52:04.170, 2, 0 %, 0 %, 35270 MiB, 36.54 W
2026/09/19 22:52:09.172, 0, 0 %, 0 %, 35271 MiB, 36.02 W
2026/09/19 22:52:09.172, 1, 0 %, 0 %, 35271 MiB, 35.50 W
2026/09/19 22:52:09.172, 2, 0 %, 0 %, 35270 MiB, 36.34 W
2026/09/19 22:52:14.173, 0, 0 %, 0 %, 35271 MiB, 36.11 W
2026/09/19 22:52:14.173, 1, 0 %, 0 %, 35271 MiB, 35.30 W
2026/09/19 22:52:14.173, 2, 0 %, 0 %, 35270 MiB, 36.54 W
2026/09/19 22:52:19.176, 0, 0 %, 0 %, 35271 MiB, 36.11 W
2026/09/19 22:52:19.176, 1, 0 %, 0 %, 35271 MiB, 35.10 W
2026/09/19 22:52:19.176, 2, 0 %, 0 %, 35270 MiB, 36.33 W
2026/09/19 22:52:24.178, 0, 0 %, 0 %, 35271 MiB, 36.21 W
2026/09/19 22:52:24.178, 1, 0 %, 0 %, 35271 MiB, 35.50 W
2026/09/19 22:52:24.178, 2, 0 %, 0 %, 35270 MiB, 36.33 W
2026/09/19 22:52:29.180, 0, 0 %, 0 %, 35271 MiB, 36.13 W
2026/09/19 22:52:29.180, 1, 0 %, 0 %, 35271 MiB, 35.32 W
2026/09/19 22:52:29.180, 2, 0 %, 0 %, 35270 MiB, 36.47 W
2026/09/19 22:52:34.182, 0, 0 %, 0 %, 35271 MiB, 36.04 W
2026/09/19 22:52:34.182, 1, 0 %, 0 %, 35271 MiB, 35.22 W
2026/09/19 22:52:34.182, 2, 0 %, 0 %, 35270 MiB, 36.57 W
2026/09/19 22:52:39.184, 0, 0 %, 0 %, 35271 MiB, 35.93 W
2026/09/19 22:52:39.184, 1, 0 %, 0 %, 35271 MiB, 35.32 W
2026/09/19 22:52:39.184, 2, 0 %, 0 %, 35270 MiB, 36.45 W
2026/09/19 22:52:44.185, 0, 0 %, 0 %, 35271 MiB, 36.04 W
2026/09/19 22:52:44.185, 1, 0 %, 0 %, 35271 MiB, 35.42 W
2026/09/19 22:52:44.185, 2, 0 %, 0 %, 35270 MiB, 36.57 W
2026/09/19 22:52:49.187, 0, 0 %, 0 %, 35271 MiB, 35.94 W
2026/09/19 22:52:49.187, 1, 0 %, 0 %, 35271 MiB, 35.43 W
2026/09/19 22:52:49.187, 2, 0 %, 0 %, 35270 MiB, 36.77 W
2026/09/19 22:52:54.189, 0, 0 %, 0 %, 35271 MiB, 36.04 W
2026/09/19 22:52:54.189, 1, 0 %, 0 %, 35271 MiB, 35.32 W
2026/09/19 22:52:54.189, 2, 0 %, 0 %, 35270 MiB, 36.57 W
2026/09/19 22:52:59.190, 0, 0 %, 0 %, 35271 MiB, 36.13 W
2026/09/19 22:52:59.190, 1, 0 %, 0 %, 35271 MiB, 35.32 W
2026/09/19 22:52:59.190, 2, 0 %, 0 %, 35270 MiB, 36.57 W
2026/09/19 22:53:04.192, 0, 0 %, 0 %, 35271 MiB, 36.04 W
2026/09/19 22:53:04.192, 1, 0 %, 0 %, 35271 MiB, 35.51 W
2026/09/19 22:53:04.192, 2, 0 %, 0 %, 35270 MiB, 36.57 W
2026/09/19 22:53:09.193, 0, 0 %, 0 %, 35271 MiB, 36.04 W
2026/09/19 22:53:09.194, 1, 0 %, 0 %, 35271 MiB, 35.31 W
2026/09/19 22:53:09.194, 2, 0 %, 0 %, 35270 MiB, 36.77 W
2026/09/19 22:53:14.195, 0, 0 %, 0 %, 35271 MiB, 36.05 W
2026/09/19 22:53:14.195, 1, 0 %, 0 %, 35271 MiB, 35.33 W
2026/09/19 22:53:14.195, 2, 0 %, 0 %, 35270 MiB, 36.57 W
2026/09/19 22:53:19.197, 0, 0 %, 0 %, 35271 MiB, 36.13 W
2026/09/19 22:53:19.197, 1, 0 %, 0 %, 35271 MiB, 35.23 W
2026/09/19 22:53:19.197, 2, 0 %, 0 %, 35270 MiB, 36.47 W
2026/09/19 22:53:24.198, 0, 0 %, 0 %, 35271 MiB, 36.03 W
2026/09/19 22:53:24.199, 1, 0 %, 0 %, 35271 MiB, 35.32 W
2026/09/19 22:53:24.199, 2, 0 %, 0 %, 35270 MiB, 36.37 W
2026/09/19 22:53:29.199, 0, 0 %, 0 %, 35271 MiB, 36.16 W
2026/09/19 22:53:29.199, 1, 0 %, 0 %, 35271 MiB, 35.24 W
2026/09/19 22:53:29.199, 2, 0 %, 0 %, 35270 MiB, 36.58 W
2026/09/19 22:53:34.200, 0, 0 %, 0 %, 35271 MiB, 36.35 W
2026/09/19 22:53:34.200, 1, 0 %, 0 %, 35271 MiB, 35.24 W
2026/09/19 22:53:34.200, 2, 0 %, 0 %, 35270 MiB, 36.49 W
2026/09/19 22:53:39.200, 0, 100 %, 7 %, 35271 MiB, 90.20 W
2026/09/19 22:53:39.201, 1, 100 %, 6 %, 35271 MiB, 83.55 W
2026/09/19 22:53:39.201, 2, 100 %, 6 %, 35270 MiB, 87.62 W
2026/09/19 22:53:44.201, 0, 100 %, 6 %, 35271 MiB, 86.84 W
2026/09/19 22:53:44.202, 1, 100 %, 6 %, 35271 MiB, 90.03 W
2026/09/19 22:53:44.202, 2, 100 %, 6 %, 35270 MiB, 90.13 W
2026/09/19 22:53:49.202, 0, 100 %, 6 %, 35271 MiB, 89.18 W
2026/09/19 22:53:49.203, 1, 100 %, 6 %, 35271 MiB, 87.22 W
2026/09/19 22:53:49.203, 2, 100 %, 7 %, 35270 MiB, 85.44 W
2026/09/19 22:53:54.203, 0, 100 %, 7 %, 35271 MiB, 88.79 W
2026/09/19 22:53:54.204, 1, 100 %, 7 %, 35271 MiB, 83.27 W
2026/09/19 22:53:54.204, 2, 100 %, 7 %, 35270 MiB, 139.04 W
2026/09/19 22:53:59.204, 0, 100 %, 15 %, 35271 MiB, 84.69 W
2026/09/19 22:53:59.204, 1, 100 %, 7 %, 35271 MiB, 95.24 W
2026/09/19 22:53:59.204, 2, 100 %, 16 %, 35270 MiB, 135.29 W
2026/09/19 22:54:04.205, 0, 100 %, 7 %, 35271 MiB, 88.07 W
2026/09/19 22:54:04.205, 1, 100 %, 7 %, 35271 MiB, 84.06 W
2026/09/19 22:54:04.206, 2, 100 %, 11 %, 35270 MiB, 115.65 W
2026/09/19 22:54:09.207, 0, 0 %, 0 %, 35271 MiB, 37.20 W
2026/09/19 22:54:09.207, 1, 0 %, 0 %, 35271 MiB, 36.38 W
2026/09/19 22:54:09.207, 2, 0 %, 0 %, 35270 MiB, 37.83 W
2026/09/19 22:54:14.209, 0, 0 %, 0 %, 35271 MiB, 37.29 W
2026/09/19 22:54:14.209, 1, 0 %, 0 %, 35271 MiB, 36.08 W
2026/09/19 22:54:14.209, 2, 0 %, 0 %, 35270 MiB, 37.63 W
2026/09/19 22:54:19.209, 0, 0 %, 0 %, 35271 MiB, 36.89 W
2026/09/19 22:54:19.210, 1, 0 %, 0 %, 35271 MiB, 36.28 W
2026/09/19 22:54:19.210, 2, 0 %, 0 %, 35270 MiB, 37.43 W
2026/09/19 22:54:24.211, 0, 0 %, 0 %, 35271 MiB, 36.89 W
2026/09/19 22:54:24.211, 1, 0 %, 0 %, 35271 MiB, 36.08 W
2026/09/19 22:54:24.211, 2, 0 %, 0 %, 35270 MiB, 37.34 W
2026/09/19 22:54:29.223, 0, 0 %, 0 %, 35271 MiB, 36.91 W
2026/09/19 22:54:29.223, 1, 0 %, 0 %, 35271 MiB, 35.89 W
2026/09/19 22:54:29.223, 2, 0 %, 0 %, 35270 MiB, 37.24 W
2026/09/19 22:54:34.225, 0, 0 %, 0 %, 35271 MiB, 36.89 W
2026/09/19 22:54:34.225, 1, 0 %, 0 %, 35271 MiB, 35.88 W
2026/09/19 22:54:34.225, 2, 0 %, 0 %, 35270 MiB, 37.14 W
2026/09/19 22:54:39.226, 0, 0 %, 0 %, 35271 MiB, 36.80 W
2026/09/19 22:54:39.227, 1, 0 %, 0 %, 35271 MiB, 35.89 W
2026/09/19 22:54:39.227, 2, 0 %, 0 %, 35270 MiB, 36.94 W
2026/09/19 22:54:44.233, 0, 0 %, 0 %, 35271 MiB, 36.61 W
2026/09/19 22:54:44.233, 1, 0 %, 0 %, 35271 MiB, 35.80 W
2026/09/19 22:54:44.233, 2, 0 %, 0 %, 35270 MiB, 37.07 W
2026/09/19 22:54:49.234, 0, 0 %, 0 %, 35271 MiB, 36.45 W
2026/09/19 22:54:49.234, 1, 0 %, 0 %, 35271 MiB, 35.72 W
2026/09/19 22:54:49.234, 2, 0 %, 0 %, 35270 MiB, 36.99 W
2026/09/19 22:54:54.235, 0, 15 %, 1 %, 35271 MiB, 36.62 W
2026/09/19 22:54:54.235, 1, 0 %, 0 %, 35271 MiB, 35.90 W
2026/09/19 22:54:54.236, 2, 0 %, 0 %, 35270 MiB, 36.87 W
2026/09/19 22:54:59.236, 0, 0 %, 0 %, 35271 MiB, 36.43 W
2026/09/19 22:54:59.236, 1, 0 %, 0 %, 35271 MiB, 35.81 W
2026/09/19 22:54:59.236, 2, 0 %, 0 %, 35270 MiB, 37.17 W
2026/09/19 22:55:04.238, 0, 0 %, 0 %, 35271 MiB, 36.40 W
2026/09/19 22:55:04.238, 1, 15 %, 1 %, 35271 MiB, 36.37 W
2026/09/19 22:55:04.238, 2, 0 %, 0 %, 35270 MiB, 36.94 W
2026/09/19 22:55:09.240, 0, 0 %, 0 %, 35271 MiB, 36.60 W
2026/09/19 22:55:09.240, 1, 0 %, 0 %, 35271 MiB, 35.69 W
2026/09/19 22:55:09.240, 2, 0 %, 0 %, 35270 MiB, 36.85 W
2026/09/19 22:55:14.240, 0, 0 %, 0 %, 35271 MiB, 36.40 W
2026/09/19 22:55:14.241, 1, 0 %, 0 %, 35271 MiB, 35.77 W
2026/09/19 22:55:14.241, 2, 0 %, 0 %, 35270 MiB, 36.84 W
2026/09/19 22:55:19.245, 0, 0 %, 0 %, 35271 MiB, 40.83 W
2026/09/19 22:55:19.246, 1, 0 %, 0 %, 35271 MiB, 35.68 W
2026/09/19 22:55:19.246, 2, 0 %, 0 %, 35270 MiB, 37.14 W
2026/09/19 22:55:24.246, 0, 0 %, 0 %, 35271 MiB, 36.30 W
2026/09/19 22:55:24.246, 1, 0 %, 0 %, 35271 MiB, 35.68 W
2026/09/19 22:55:24.246, 2, 0 %, 0 %, 35270 MiB, 36.94 W
2026/09/19 22:55:29.247, 0, 0 %, 0 %, 35271 MiB, 36.39 W
2026/09/19 22:55:29.247, 1, 0 %, 0 %, 35271 MiB, 35.67 W
2026/09/19 22:55:29.247, 2, 0 %, 0 %, 35270 MiB, 36.74 W
2026/09/19 22:55:34.249, 0, 0 %, 0 %, 35271 MiB, 36.31 W
2026/09/19 22:55:34.249, 1, 5 %, 0 %, 35271 MiB, 35.49 W
2026/09/19 22:55:34.250, 2, 0 %, 0 %, 35270 MiB, 36.64 W
2026/09/19 22:55:39.251, 0, 0 %, 0 %, 35271 MiB, 36.29 W
2026/09/19 22:55:39.251, 1, 0 %, 0 %, 35271 MiB, 35.48 W
2026/09/19 22:55:39.251, 2, 0 %, 0 %, 35270 MiB, 36.74 W
2026/09/19 22:55:44.262, 0, 0 %, 0 %, 35271 MiB, 36.49 W
2026/09/19 22:55:44.262, 1, 0 %, 0 %, 35271 MiB, 35.48 W
2026/09/19 22:55:44.262, 2, 0 %, 0 %, 35270 MiB, 36.62 W
2026/09/19 22:55:49.264, 0, 0 %, 0 %, 35271 MiB, 36.40 W
2026/09/19 22:55:49.264, 1, 0 %, 0 %, 35271 MiB, 35.59 W
2026/09/19 22:55:49.264, 2, 0 %, 0 %, 35270 MiB, 36.64 W
2026/09/19 22:55:54.265, 0, 0 %, 0 %, 35271 MiB, 36.31 W
2026/09/19 22:55:54.266, 1, 10 %, 0 %, 35271 MiB, 35.49 W
2026/09/19 22:55:54.266, 2, 0 %, 0 %, 35270 MiB, 36.85 W
2026/09/19 22:55:59.267, 0, 0 %, 0 %, 35271 MiB, 40.76 W
2026/09/19 22:55:59.267, 1, 0 %, 0 %, 35271 MiB, 35.51 W
2026/09/19 22:55:59.267, 2, 0 %, 0 %, 35270 MiB, 36.65 W
2026/09/19 22:56:04.269, 0, 25 %, 1 %, 35271 MiB, 39.56 W
2026/09/19 22:56:04.269, 1, 1 %, 0 %, 35271 MiB, 35.49 W
2026/09/19 22:56:04.269, 2, 0 %, 0 %, 35270 MiB, 36.64 W
2026/09/19 22:56:09.271, 0, 5 %, 0 %, 35271 MiB, 41.93 W
2026/09/19 22:56:09.271, 1, 15 %, 1 %, 35271 MiB, 35.58 W
2026/09/19 22:56:09.271, 2, 0 %, 0 %, 35270 MiB, 36.75 W
2026/09/19 22:56:14.272, 0, 0 %, 0 %, 35271 MiB, 36.19 W
2026/09/19 22:56:14.273, 1, 5 %, 0 %, 35271 MiB, 35.58 W
2026/09/19 22:56:14.273, 2, 0 %, 0 %, 35270 MiB, 36.74 W
2026/09/19 22:56:19.273, 0, 0 %, 0 %, 35271 MiB, 43.52 W
2026/09/19 22:56:19.273, 1, 15 %, 1 %, 35271 MiB, 35.49 W
2026/09/19 22:56:19.274, 2, 0 %, 0 %, 35270 MiB, 36.75 W
2026/09/19 22:56:24.275, 0, 26 %, 1 %, 35271 MiB, 36.67 W
2026/09/19 22:56:24.275, 1, 0 %, 0 %, 35271 MiB, 35.57 W
2026/09/19 22:56:24.276, 2, 0 %, 0 %, 35270 MiB, 36.64 W
2026/09/19 22:56:29.277, 0, 0 %, 0 %, 35271 MiB, 36.10 W
2026/09/19 22:56:29.277, 1, 15 %, 1 %, 35271 MiB, 35.48 W
2026/09/19 22:56:29.277, 2, 0 %, 0 %, 35270 MiB, 36.65 W
2026/09/19 22:56:34.279, 0, 0 %, 0 %, 35271 MiB, 36.09 W
2026/09/19 22:56:34.279, 1, 0 %, 0 %, 35271 MiB, 35.48 W
2026/09/19 22:56:34.279, 2, 0 %, 0 %, 35270 MiB, 36.74 W
2026/09/19 22:56:39.280, 0, 0 %, 0 %, 35271 MiB, 36.31 W
2026/09/19 22:56:39.280, 1, 0 %, 0 %, 35271 MiB, 35.31 W
2026/09/19 22:56:39.281, 2, 0 %, 0 %, 35270 MiB, 36.54 W
2026/09/19 22:56:44.281, 0, 5 %, 0 %, 35271 MiB, 36.23 W
2026/09/19 22:56:44.281, 1, 0 %, 0 %, 35271 MiB, 35.40 W
2026/09/19 22:56:44.282, 2, 0 %, 0 %, 35270 MiB, 36.68 W
2026/09/19 22:56:49.283, 0, 0 %, 0 %, 35271 MiB, 36.21 W
2026/09/19 22:56:49.283, 1, 15 %, 1 %, 35271 MiB, 35.38 W
2026/09/19 22:56:49.283, 2, 0 %, 0 %, 35270 MiB, 36.64 W
2026/09/19 22:56:54.285, 0, 0 %, 0 %, 35271 MiB, 36.40 W
2026/09/19 22:56:54.285, 1, 0 %, 0 %, 35271 MiB, 35.39 W
2026/09/19 22:56:54.285, 2, 0 %, 0 %, 35270 MiB, 36.54 W
2026/09/19 22:56:59.287, 0, 0 %, 0 %, 35271 MiB, 36.31 W
2026/09/19 22:56:59.287, 1, 0 %, 0 %, 35271 MiB, 35.58 W
2026/09/19 22:56:59.287, 2, 0 %, 0 %, 35270 MiB, 36.54 W
2026/09/19 22:57:04.289, 0, 0 %, 0 %, 35271 MiB, 36.10 W
2026/09/19 22:57:04.289, 1, 0 %, 0 %, 35271 MiB, 35.38 W
2026/09/19 22:57:04.289, 2, 0 %, 0 %, 35270 MiB, 36.53 W
2026/09/19 22:57:09.291, 0, 0 %, 0 %, 35271 MiB, 36.10 W
2026/09/19 22:57:09.291, 1, 21 %, 1 %, 35271 MiB, 35.38 W
2026/09/19 22:57:09.291, 2, 0 %, 0 %, 35270 MiB, 36.75 W
2026/09/19 22:57:14.292, 0, 0 %, 0 %, 35271 MiB, 36.21 W
2026/09/19 22:57:14.292, 1, 0 %, 0 %, 35271 MiB, 35.39 W
2026/09/19 22:57:14.292, 2, 0 %, 0 %, 35270 MiB, 36.64 W
2026/09/19 22:57:19.294, 0, 0 %, 0 %, 35271 MiB, 36.10 W
2026/09/19 22:57:19.294, 1, 10 %, 0 %, 35271 MiB, 35.49 W
2026/09/19 22:57:19.294, 2, 0 %, 0 %, 35270 MiB, 36.64 W
2026/09/19 22:57:24.295, 0, 0 %, 0 %, 35271 MiB, 36.10 W
2026/09/19 22:57:24.295, 1, 0 %, 0 %, 35271 MiB, 35.58 W
2026/09/19 22:57:24.295, 2, 0 %, 0 %, 35270 MiB, 36.94 W
2026/09/19 22:57:29.297, 0, 0 %, 0 %, 35271 MiB, 36.21 W
2026/09/19 22:57:29.297, 1, 8 %, 0 %, 35271 MiB, 35.48 W
2026/09/19 22:57:29.297, 2, 10 %, 0 %, 35270 MiB, 36.75 W
2026/09/19 22:57:34.299, 0, 0 %, 0 %, 35271 MiB, 36.21 W
2026/09/19 22:57:34.299, 1, 0 %, 0 %, 35271 MiB, 35.60 W
2026/09/19 22:57:34.299, 2, 15 %, 1 %, 35270 MiB, 36.94 W
2026/09/19 22:57:39.301, 0, 0 %, 0 %, 35271 MiB, 36.10 W
2026/09/19 22:57:39.301, 1, 0 %, 0 %, 35271 MiB, 35.48 W
2026/09/19 22:57:39.301, 2, 0 %, 0 %, 35270 MiB, 36.73 W
2026/09/19 22:57:44.303, 0, 0 %, 0 %, 35271 MiB, 36.10 W
2026/09/19 22:57:44.303, 1, 0 %, 0 %, 35271 MiB, 35.48 W
2026/09/19 22:57:44.303, 2, 0 %, 0 %, 35270 MiB, 38.40 W
2026/09/19 22:57:49.305, 0, 0 %, 0 %, 35271 MiB, 36.39 W
2026/09/19 22:57:49.305, 1, 0 %, 0 %, 35271 MiB, 35.29 W
2026/09/19 22:57:49.305, 2, 0 %, 0 %, 35270 MiB, 36.54 W
2026/09/19 22:57:54.307, 0, 0 %, 0 %, 35271 MiB, 36.20 W
2026/09/19 22:57:54.307, 1, 0 %, 0 %, 35271 MiB, 35.39 W
2026/09/19 22:57:54.307, 2, 0 %, 0 %, 35270 MiB, 36.54 W
2026/09/19 22:57:59.309, 0, 0 %, 0 %, 35271 MiB, 36.11 W
2026/09/19 22:57:59.309, 1, 15 %, 1 %, 35271 MiB, 35.39 W
2026/09/19 22:57:59.309, 2, 0 %, 0 %, 35270 MiB, 36.75 W
2026/09/19 22:58:04.311, 0, 0 %, 0 %, 35271 MiB, 36.30 W
2026/09/19 22:58:04.311, 1, 0 %, 0 %, 35271 MiB, 35.29 W
2026/09/19 22:58:04.311, 2, 0 %, 0 %, 35270 MiB, 36.54 W
2026/09/19 22:58:09.313, 0, 0 %, 0 %, 35271 MiB, 36.20 W
2026/09/19 22:58:09.313, 1, 10 %, 0 %, 35271 MiB, 35.38 W
2026/09/19 22:58:09.313, 2, 0 %, 0 %, 35270 MiB, 36.64 W
2026/09/19 22:58:14.315, 0, 0 %, 0 %, 35271 MiB, 36.11 W
2026/09/19 22:58:14.315, 1, 0 %, 0 %, 35271 MiB, 37.16 W
2026/09/19 22:58:14.315, 2, 0 %, 0 %, 35270 MiB, 36.54 W
2026/09/19 22:58:19.317, 0, 0 %, 0 %, 35271 MiB, 36.01 W
2026/09/19 22:58:19.317, 1, 0 %, 0 %, 35271 MiB, 35.39 W
2026/09/19 22:58:19.317, 2, 10 %, 0 %, 35270 MiB, 36.65 W
2026/09/19 22:58:24.319, 0, 0 %, 0 %, 35271 MiB, 36.00 W
2026/09/19 22:58:24.319, 1, 0 %, 0 %, 35271 MiB, 35.38 W
2026/09/19 22:58:24.319, 2, 0 %, 0 %, 35270 MiB, 38.51 W
2026/09/19 22:58:29.321, 0, 0 %, 0 %, 35271 MiB, 36.11 W
2026/09/19 22:58:29.321, 1, 0 %, 0 %, 35271 MiB, 35.49 W
2026/09/19 22:58:29.321, 2, 0 %, 0 %, 35270 MiB, 36.75 W
2026/09/19 22:58:34.322, 0, 0 %, 0 %, 35271 MiB, 36.11 W
2026/09/19 22:58:34.322, 1, 0 %, 0 %, 35271 MiB, 35.39 W
2026/09/19 22:58:34.323, 2, 0 %, 0 %, 35270 MiB, 36.85 W
2026/09/19 22:58:39.324, 0, 0 %, 0 %, 35271 MiB, 36.11 W
2026/09/19 22:58:39.324, 1, 0 %, 0 %, 35271 MiB, 35.40 W
2026/09/19 22:58:39.325, 2, 5 %, 0 %, 35270 MiB, 36.75 W
2026/09/19 22:58:44.326, 0, 0 %, 0 %, 35271 MiB, 36.21 W
2026/09/19 22:58:44.326, 1, 0 %, 0 %, 35271 MiB, 35.40 W
2026/09/19 22:58:44.326, 2, 15 %, 1 %, 35270 MiB, 36.75 W
2026/09/19 22:58:49.328, 0, 0 %, 0 %, 35271 MiB, 36.19 W
2026/09/19 22:58:49.328, 1, 0 %, 0 %, 35271 MiB, 35.58 W
2026/09/19 22:58:49.328, 2, 15 %, 1 %, 35270 MiB, 36.84 W
2026/09/19 22:58:54.330, 0, 0 %, 0 %, 35271 MiB, 36.12 W
2026/09/19 22:58:54.330, 1, 0 %, 0 %, 35271 MiB, 35.31 W
2026/09/19 22:58:54.330, 2, 0 %, 0 %, 35270 MiB, 36.64 W
2026/09/19 22:58:59.331, 0, 0 %, 0 %, 35271 MiB, 36.13 W
2026/09/19 22:58:59.331, 1, 0 %, 0 %, 35271 MiB, 35.23 W
2026/09/19 22:58:59.331, 2, 0 %, 0 %, 35270 MiB, 36.68 W
2026/09/19 22:59:04.332, 0, 0 %, 0 %, 35271 MiB, 36.35 W
2026/09/19 22:59:04.333, 1, 0 %, 0 %, 35271 MiB, 35.53 W
2026/09/19 22:59:04.333, 2, 0 %, 0 %, 35270 MiB, 36.59 W
2026/09/19 22:59:09.333, 0, 0 %, 0 %, 35271 MiB, 36.26 W
2026/09/19 22:59:09.333, 1, 0 %, 0 %, 35271 MiB, 35.24 W
2026/09/19 22:59:09.334, 2, 15 %, 1 %, 35270 MiB, 36.68 W
2026/09/19 22:59:14.334, 0, 0 %, 0 %, 35271 MiB, 36.25 W
2026/09/19 22:59:14.335, 1, 0 %, 0 %, 35271 MiB, 35.23 W
2026/09/19 22:59:14.335, 2, 0 %, 0 %, 35270 MiB, 36.58 W
2026/09/19 22:59:19.335, 0, 0 %, 0 %, 35271 MiB, 36.52 W
2026/09/19 22:59:19.335, 1, 0 %, 0 %, 35271 MiB, 35.42 W
2026/09/19 22:59:19.335, 2, 0 %, 0 %, 35270 MiB, 36.68 W
2026/09/19 22:59:24.337, 0, 0 %, 0 %, 35271 MiB, 36.16 W
2026/09/19 22:59:24.337, 1, 0 %, 0 %, 35271 MiB, 35.33 W
2026/09/19 22:59:24.337, 2, 0 %, 0 %, 35270 MiB, 36.99 W
2026/09/19 22:59:29.338, 0, 0 %, 0 %, 35271 MiB, 36.06 W
2026/09/19 22:59:29.338, 1, 0 %, 0 %, 35271 MiB, 35.23 W
2026/09/19 22:59:29.338, 2, 0 %, 0 %, 35270 MiB, 36.67 W
2026/09/19 22:59:34.338, 0, 0 %, 0 %, 35271 MiB, 36.06 W
2026/09/19 22:59:34.339, 1, 0 %, 0 %, 35271 MiB, 35.34 W
2026/09/19 22:59:34.339, 2, 0 %, 0 %, 35270 MiB, 36.59 W
2026/09/19 22:59:39.340, 0, 0 %, 0 %, 35271 MiB, 36.02 W
2026/09/19 22:59:39.340, 1, 0 %, 0 %, 35271 MiB, 35.60 W
2026/09/19 22:59:39.340, 2, 0 %, 0 %, 35270 MiB, 36.64 W
2026/09/19 22:59:44.342, 0, 0 %, 0 %, 35271 MiB, 36.11 W
2026/09/19 22:59:44.342, 1, 0 %, 0 %, 35271 MiB, 35.29 W
2026/09/19 22:59:44.342, 2, 0 %, 0 %, 35270 MiB, 36.64 W
2026/09/19 22:59:49.344, 0, 0 %, 0 %, 35271 MiB, 36.01 W
2026/09/19 22:59:49.344, 1, 0 %, 0 %, 35271 MiB, 35.49 W
2026/09/19 22:59:49.344, 2, 0 %, 0 %, 35270 MiB, 36.74 W
2026/09/19 22:59:54.345, 0, 0 %, 0 %, 35271 MiB, 36.12 W
2026/09/19 22:59:54.345, 1, 0 %, 0 %, 35271 MiB, 35.30 W
2026/09/19 22:59:54.345, 2, 0 %, 0 %, 35270 MiB, 36.75 W
2026/09/19 22:59:59.356, 0, 0 %, 0 %, 35271 MiB, 36.31 W
2026/09/19 22:59:59.356, 1, 0 %, 0 %, 35271 MiB, 35.39 W
2026/09/19 22:59:59.356, 2, 0 %, 0 %, 35270 MiB, 36.75 W
2026/09/19 23:00:04.358, 0, 0 %, 0 %, 35271 MiB, 36.11 W
2026/09/19 23:00:04.358, 1, 0 %, 0 %, 35271 MiB, 35.20 W
2026/09/19 23:00:04.358, 2, 0 %, 0 %, 35270 MiB, 36.54 W
2026/09/19 23:00:09.360, 0, 0 %, 0 %, 35271 MiB, 36.11 W
2026/09/19 23:00:09.360, 1, 0 %, 0 %, 35271 MiB, 35.20 W
2026/09/19 23:00:09.360, 2, 0 %, 0 %, 35270 MiB, 36.54 W
2026/09/19 23:00:14.364, 0, 0 %, 0 %, 35271 MiB, 36.22 W
2026/09/19 23:00:14.364, 1, 0 %, 0 %, 35271 MiB, 35.11 W
2026/09/19 23:00:14.364, 2, 0 %, 0 %, 35270 MiB, 36.56 W
2026/09/19 23:00:19.365, 0, 0 %, 0 %, 35271 MiB, 36.31 W
2026/09/19 23:00:19.365, 1, 0 %, 0 %, 35271 MiB, 35.40 W
2026/09/19 23:00:19.365, 2, 0 %, 0 %, 35270 MiB, 36.64 W
2026/09/19 23:00:24.366, 0, 0 %, 0 %, 35271 MiB, 36.01 W
2026/09/19 23:00:24.366, 1, 0 %, 0 %, 35271 MiB, 35.30 W
2026/09/19 23:00:24.366, 2, 0 %, 0 %, 35270 MiB, 36.54 W
2026/09/19 23:00:29.367, 0, 0 %, 0 %, 35271 MiB, 36.01 W
2026/09/19 23:00:29.367, 1, 0 %, 0 %, 35271 MiB, 35.21 W
2026/09/19 23:00:29.368, 2, 0 %, 0 %, 35270 MiB, 36.64 W
2026/09/19 23:00:34.369, 0, 0 %, 0 %, 35271 MiB, 36.01 W
2026/09/19 23:00:34.369, 1, 0 %, 0 %, 35271 MiB, 35.49 W
2026/09/19 23:00:34.369, 2, 0 %, 0 %, 35270 MiB, 36.75 W
2026/09/19 23:00:39.371, 0, 0 %, 0 %, 35271 MiB, 36.12 W
2026/09/19 23:00:39.371, 1, 0 %, 0 %, 35271 MiB, 35.30 W
2026/09/19 23:00:39.371, 2, 0 %, 0 %, 35270 MiB, 36.64 W
2026/09/19 23:00:44.373, 0, 0 %, 0 %, 35271 MiB, 36.01 W
2026/09/19 23:00:44.373, 1, 0 %, 0 %, 35271 MiB, 35.40 W
2026/09/19 23:00:44.373, 2, 0 %, 0 %, 35270 MiB, 36.54 W
2026/09/19 23:00:49.374, 0, 0 %, 0 %, 35271 MiB, 36.03 W
2026/09/19 23:00:49.374, 1, 0 %, 0 %, 35271 MiB, 35.41 W
2026/09/19 23:00:49.374, 2, 0 %, 0 %, 35270 MiB, 36.67 W
2026/09/19 23:00:54.381, 0, 0 %, 0 %, 35271 MiB, 36.01 W
2026/09/19 23:00:54.381, 1, 0 %, 0 %, 35271 MiB, 35.49 W
2026/09/19 23:00:54.381, 2, 0 %, 0 %, 35270 MiB, 36.85 W
2026/09/19 23:00:59.383, 0, 0 %, 0 %, 35271 MiB, 36.11 W
2026/09/19 23:00:59.384, 1, 0 %, 0 %, 35271 MiB, 35.49 W
2026/09/19 23:00:59.384, 2, 0 %, 0 %, 35270 MiB, 36.64 W
2026/09/19 23:01:04.385, 0, 0 %, 0 %, 35271 MiB, 36.12 W
2026/09/19 23:01:04.385, 1, 0 %, 0 %, 35271 MiB, 35.41 W
2026/09/19 23:01:04.385, 2, 0 %, 0 %, 35270 MiB, 36.65 W
2026/09/19 23:01:09.387, 0, 0 %, 0 %, 35271 MiB, 36.11 W
2026/09/19 23:01:09.387, 1, 0 %, 0 %, 35271 MiB, 35.21 W
2026/09/19 23:01:09.387, 2, 0 %, 0 %, 35270 MiB, 36.55 W
2026/09/19 23:01:14.389, 0, 0 %, 0 %, 35271 MiB, 36.11 W
2026/09/19 23:01:14.389, 1, 0 %, 0 %, 35271 MiB, 35.49 W
2026/09/19 23:01:14.389, 2, 0 %, 0 %, 35270 MiB, 36.64 W
2026/09/19 23:01:19.391, 0, 0 %, 0 %, 35271 MiB, 36.22 W
2026/09/19 23:01:19.391, 1, 0 %, 0 %, 35271 MiB, 35.30 W
2026/09/19 23:01:19.391, 2, 0 %, 0 %, 35270 MiB, 36.65 W
2026/09/19 23:01:24.403, 0, 0 %, 0 %, 35271 MiB, 36.12 W
2026/09/19 23:01:24.403, 1, 0 %, 0 %, 35271 MiB, 35.21 W
2026/09/19 23:01:24.403, 2, 0 %, 0 %, 35270 MiB, 36.54 W
2026/09/19 23:01:29.405, 0, 0 %, 0 %, 35271 MiB, 36.12 W
2026/09/19 23:01:29.405, 1, 0 %, 0 %, 35271 MiB, 35.31 W
2026/09/19 23:01:29.405, 2, 0 %, 0 %, 35270 MiB, 36.55 W
2026/09/19 23:01:34.407, 0, 0 %, 0 %, 35271 MiB, 36.20 W
2026/09/19 23:01:34.407, 1, 0 %, 0 %, 35271 MiB, 35.29 W
2026/09/19 23:01:34.407, 2, 0 %, 0 %, 35270 MiB, 36.65 W
2026/09/19 23:01:39.409, 0, 0 %, 0 %, 35271 MiB, 36.11 W
2026/09/19 23:01:39.409, 1, 0 %, 0 %, 35271 MiB, 35.30 W
2026/09/19 23:01:39.409, 2, 0 %, 0 %, 35270 MiB, 36.64 W
2026/09/19 23:01:44.411, 0, 0 %, 0 %, 35271 MiB, 35.92 W
2026/09/19 23:01:44.411, 1, 0 %, 0 %, 35271 MiB, 35.29 W
2026/09/19 23:01:44.411, 2, 0 %, 0 %, 35270 MiB, 36.54 W
2026/09/19 23:01:49.413, 0, 0 %, 0 %, 35271 MiB, 36.11 W
2026/09/19 23:01:49.413, 1, 0 %, 0 %, 35271 MiB, 35.59 W
2026/09/19 23:01:49.413, 2, 0 %, 0 %, 35270 MiB, 36.94 W
2026/09/19 23:01:54.415, 0, 0 %, 0 %, 35271 MiB, 36.12 W
2026/09/19 23:01:54.415, 1, 0 %, 0 %, 35271 MiB, 35.41 W
2026/09/19 23:01:54.415, 2, 0 %, 0 %, 35270 MiB, 36.76 W
2026/09/19 23:01:59.417, 0, 0 %, 0 %, 35271 MiB, 36.11 W
2026/09/19 23:01:59.417, 1, 0 %, 0 %, 35271 MiB, 35.39 W
2026/09/19 23:01:59.417, 2, 0 %, 0 %, 35270 MiB, 36.85 W
2026/09/19 23:02:04.418, 0, 0 %, 0 %, 35271 MiB, 36.01 W
2026/09/19 23:02:04.419, 1, 0 %, 0 %, 35271 MiB, 35.39 W
2026/09/19 23:02:04.419, 2, 0 %, 0 %, 35270 MiB, 36.75 W
2026/09/19 23:02:09.420, 0, 0 %, 0 %, 35271 MiB, 36.01 W
2026/09/19 23:02:09.420, 1, 0 %, 0 %, 35271 MiB, 35.50 W
2026/09/19 23:02:09.420, 2, 0 %, 0 %, 35270 MiB, 36.76 W
2026/09/19 23:02:14.422, 0, 0 %, 0 %, 35271 MiB, 36.23 W
2026/09/19 23:02:14.422, 1, 0 %, 0 %, 35271 MiB, 35.21 W
2026/09/19 23:02:14.422, 2, 0 %, 0 %, 35270 MiB, 36.56 W
2026/09/19 23:02:19.422, 0, 0 %, 0 %, 35271 MiB, 36.13 W
2026/09/19 23:02:19.423, 1, 0 %, 0 %, 35271 MiB, 35.22 W
2026/09/19 23:02:19.423, 2, 0 %, 0 %, 35270 MiB, 36.97 W
2026/09/19 23:02:24.424, 0, 0 %, 0 %, 35271 MiB, 36.15 W
2026/09/19 23:02:24.424, 1, 0 %, 0 %, 35271 MiB, 35.23 W
2026/09/19 23:02:24.424, 2, 0 %, 0 %, 35270 MiB, 36.58 W
2026/09/19 23:02:29.425, 0, 0 %, 0 %, 35271 MiB, 36.35 W
2026/09/19 23:02:29.425, 1, 0 %, 0 %, 35271 MiB, 35.24 W
2026/09/19 23:02:29.425, 2, 0 %, 0 %, 35270 MiB, 36.59 W
2026/09/19 23:02:34.426, 0, 0 %, 0 %, 35271 MiB, 36.25 W
2026/09/19 23:02:34.426, 1, 0 %, 0 %, 35271 MiB, 35.14 W
2026/09/19 23:02:34.426, 2, 0 %, 0 %, 35270 MiB, 36.57 W
2026/09/19 23:02:39.427, 0, 100 %, 7 %, 35271 MiB, 90.92 W
2026/09/19 23:02:39.427, 1, 100 %, 7 %, 35271 MiB, 87.16 W
2026/09/19 23:02:39.427, 2, 100 %, 6 %, 35270 MiB, 91.29 W
2026/09/19 23:02:44.428, 0, 100 %, 11 %, 35271 MiB, 85.69 W
2026/09/19 23:02:44.428, 1, 100 %, 7 %, 35271 MiB, 86.55 W
2026/09/19 23:02:44.428, 2, 100 %, 10 %, 35270 MiB, 91.03 W
2026/09/19 23:02:49.428, 0, 100 %, 6 %, 35271 MiB, 93.84 W
2026/09/19 23:02:49.429, 1, 100 %, 6 %, 35271 MiB, 88.53 W
2026/09/19 23:02:49.429, 2, 100 %, 6 %, 35270 MiB, 126.71 W
2026/09/19 23:02:54.430, 0, 100 %, 7 %, 35271 MiB, 90.58 W
2026/09/19 23:02:54.430, 1, 100 %, 6 %, 35271 MiB, 89.11 W
2026/09/19 23:02:54.430, 2, 100 %, 7 %, 35270 MiB, 92.14 W
2026/09/19 23:02:59.430, 0, 100 %, 6 %, 35271 MiB, 90.09 W
2026/09/19 23:02:59.431, 1, 100 %, 6 %, 35271 MiB, 86.17 W
2026/09/19 23:02:59.431, 2, 99 %, 14 %, 35270 MiB, 84.92 W
2026/09/19 23:03:04.431, 0, 100 %, 12 %, 35271 MiB, 89.52 W
2026/09/19 23:03:04.432, 1, 100 %, 6 %, 35271 MiB, 81.80 W
2026/09/19 23:03:04.432, 2, 100 %, 6 %, 35270 MiB, 87.00 W
2026/09/19 23:03:09.432, 0, 100 %, 7 %, 35271 MiB, 94.41 W
2026/09/19 23:03:09.433, 1, 100 %, 10 %, 35271 MiB, 84.93 W
2026/09/19 23:03:09.433, 2, 99 %, 10 %, 35270 MiB, 93.65 W
2026/09/19 23:03:14.433, 0, 100 %, 15 %, 35271 MiB, 91.24 W
2026/09/19 23:03:14.433, 1, 100 %, 6 %, 35271 MiB, 83.67 W
2026/09/19 23:03:14.433, 2, 100 %, 7 %, 35270 MiB, 90.00 W
2026/09/19 23:03:19.444, 0, 100 %, 6 %, 35271 MiB, 91.95 W
2026/09/19 23:03:19.444, 1, 100 %, 6 %, 35271 MiB, 84.80 W
2026/09/19 23:03:19.444, 2, 100 %, 10 %, 35270 MiB, 82.20 W
2026/09/19 23:03:24.445, 0, 100 %, 7 %, 35271 MiB, 111.13 W
2026/09/19 23:03:24.445, 1, 100 %, 16 %, 35271 MiB, 82.58 W
2026/09/19 23:03:24.445, 2, 100 %, 11 %, 35270 MiB, 85.86 W
2026/09/19 23:03:29.445, 0, 100 %, 6 %, 35271 MiB, 88.85 W
2026/09/19 23:03:29.445, 1, 100 %, 6 %, 35271 MiB, 85.10 W
2026/09/19 23:03:29.445, 2, 100 %, 7 %, 35270 MiB, 88.70 W
2026/09/19 23:03:34.446, 0, 100 %, 10 %, 35271 MiB, 90.80 W
2026/09/19 23:03:34.447, 1, 100 %, 6 %, 35271 MiB, 85.51 W
2026/09/19 23:03:34.447, 2, 100 %, 7 %, 35270 MiB, 89.04 W
2026/09/19 23:03:39.448, 0, 0 %, 0 %, 35271 MiB, 37.70 W
2026/09/19 23:03:39.448, 1, 0 %, 0 %, 35271 MiB, 37.38 W
2026/09/19 23:03:39.448, 2, 0 %, 0 %, 35270 MiB, 38.14 W
2026/09/19 23:03:44.450, 0, 0 %, 0 %, 35271 MiB, 37.48 W
2026/09/19 23:03:44.450, 1, 0 %, 0 %, 35271 MiB, 36.96 W
2026/09/19 23:03:44.450, 2, 0 %, 0 %, 35270 MiB, 37.92 W
2026/09/19 23:03:49.451, 0, 0 %, 0 %, 35271 MiB, 37.29 W
2026/09/19 23:03:49.451, 1, 0 %, 0 %, 35271 MiB, 36.78 W
2026/09/19 23:03:49.451, 2, 0 %, 0 %, 35270 MiB, 37.73 W
2026/09/19 23:03:54.452, 0, 0 %, 0 %, 35271 MiB, 37.20 W
2026/09/19 23:03:54.452, 1, 0 %, 0 %, 35271 MiB, 36.67 W
2026/09/19 23:03:54.452, 2, 0 %, 0 %, 35270 MiB, 37.63 W
2026/09/19 23:03:59.454, 0, 0 %, 0 %, 35271 MiB, 37.00 W
2026/09/19 23:03:59.454, 1, 0 %, 0 %, 35271 MiB, 36.47 W
2026/09/19 23:03:59.454, 2, 0 %, 0 %, 35270 MiB, 37.56 W
2026/09/19 23:04:04.456, 0, 0 %, 0 %, 35271 MiB, 36.99 W
2026/09/19 23:04:04.456, 1, 0 %, 0 %, 35271 MiB, 36.47 W
2026/09/19 23:04:04.456, 2, 0 %, 0 %, 35270 MiB, 37.34 W
2026/09/19 23:04:09.457, 0, 0 %, 0 %, 35271 MiB, 36.89 W
2026/09/19 23:04:09.457, 1, 0 %, 0 %, 35271 MiB, 36.37 W
2026/09/19 23:04:09.457, 2, 0 %, 0 %, 35270 MiB, 37.24 W
2026/09/19 23:04:14.459, 0, 0 %, 0 %, 35271 MiB, 36.70 W
2026/09/19 23:04:14.459, 1, 0 %, 0 %, 35271 MiB, 36.37 W
2026/09/19 23:04:14.459, 2, 0 %, 0 %, 35270 MiB, 37.14 W
2026/09/19 23:04:19.466, 0, 0 %, 0 %, 35271 MiB, 36.60 W
2026/09/19 23:04:19.466, 1, 0 %, 0 %, 35271 MiB, 36.38 W
2026/09/19 23:04:19.466, 2, 0 %, 0 %, 35270 MiB, 37.55 W
2026/09/19 23:04:24.467, 0, 0 %, 0 %, 35271 MiB, 36.92 W
2026/09/19 23:04:24.467, 1, 0 %, 0 %, 35271 MiB, 36.29 W
2026/09/19 23:04:24.468, 2, 0 %, 0 %, 35270 MiB, 37.46 W
2026/09/19 23:04:29.468, 0, 0 %, 0 %, 35271 MiB, 36.83 W
2026/09/19 23:04:29.468, 1, 0 %, 0 %, 35271 MiB, 36.11 W
2026/09/19 23:04:29.469, 2, 0 %, 0 %, 35270 MiB, 37.17 W
2026/09/19 23:04:34.469, 0, 0 %, 0 %, 35271 MiB, 36.82 W
2026/09/19 23:04:34.469, 1, 0 %, 0 %, 35271 MiB, 36.01 W
2026/09/19 23:04:34.469, 2, 0 %, 0 %, 35270 MiB, 37.07 W
2026/09/19 23:04:39.470, 0, 0 %, 0 %, 35271 MiB, 36.74 W
2026/09/19 23:04:39.470, 1, 0 %, 0 %, 35271 MiB, 36.01 W
2026/09/19 23:04:39.471, 2, 0 %, 0 %, 35270 MiB, 37.17 W
2026/09/19 23:04:44.471, 0, 0 %, 0 %, 35271 MiB, 37.03 W
2026/09/19 23:04:44.472, 1, 0 %, 0 %, 35271 MiB, 35.81 W
2026/09/19 23:04:44.472, 2, 0 %, 0 %, 35270 MiB, 36.97 W
2026/09/19 23:04:49.472, 0, 0 %, 0 %, 35271 MiB, 36.62 W
2026/09/19 23:04:49.473, 1, 0 %, 0 %, 35271 MiB, 35.81 W
2026/09/19 23:04:49.473, 2, 0 %, 0 %, 35270 MiB, 36.87 W
2026/09/19 23:04:54.473, 0, 0 %, 0 %, 35271 MiB, 36.45 W
2026/09/19 23:04:54.473, 1, 0 %, 0 %, 35271 MiB, 35.72 W
2026/09/19 23:04:54.473, 2, 0 %, 0 %, 35270 MiB, 36.99 W
2026/09/19 23:04:59.474, 0, 1 %, 0 %, 35271 MiB, 37.09 W
2026/09/19 23:04:59.474, 1, 0 %, 0 %, 35271 MiB, 35.80 W
2026/09/19 23:04:59.474, 2, 0 %, 0 %, 35270 MiB, 36.96 W
2026/09/19 23:05:04.475, 0, 5 %, 0 %, 35271 MiB, 36.67 W
2026/09/19 23:05:04.476, 1, 0 %, 0 %, 35271 MiB, 35.87 W
2026/09/19 23:05:04.476, 2, 0 %, 0 %, 35270 MiB, 37.04 W
2026/09/19 23:05:09.476, 0, 10 %, 0 %, 35271 MiB, 36.50 W
2026/09/19 23:05:09.476, 1, 0 %, 0 %, 35271 MiB, 35.69 W
2026/09/19 23:05:09.476, 2, 0 %, 0 %, 35270 MiB, 36.94 W
2026/09/19 23:05:14.477, 0, 0 %, 0 %, 35271 MiB, 36.43 W
2026/09/19 23:05:14.477, 1, 0 %, 0 %, 35271 MiB, 35.71 W
2026/09/19 23:05:14.477, 2, 0 %, 0 %, 35270 MiB, 37.17 W
2026/09/19 23:05:19.478, 0, 0 %, 0 %, 35271 MiB, 36.62 W
2026/09/19 23:05:19.478, 1, 0 %, 0 %, 35271 MiB, 35.70 W
2026/09/19 23:05:19.478, 2, 0 %, 0 %, 35270 MiB, 36.87 W
2026/09/19 23:05:24.480, 0, 15 %, 1 %, 35271 MiB, 36.41 W
2026/09/19 23:05:24.480, 1, 0 %, 0 %, 35271 MiB, 35.79 W
2026/09/19 23:05:24.480, 2, 0 %, 0 %, 35270 MiB, 36.94 W
2026/09/19 23:05:29.482, 0, 0 %, 0 %, 35271 MiB, 36.31 W
2026/09/19 23:05:29.482, 1, 0 %, 0 %, 35271 MiB, 35.68 W
2026/09/19 23:05:29.482, 2, 0 %, 0 %, 35270 MiB, 36.85 W
2026/09/19 23:05:34.484, 0, 0 %, 0 %, 35271 MiB, 36.30 W
2026/09/19 23:05:34.484, 1, 0 %, 0 %, 35271 MiB, 35.68 W
2026/09/19 23:05:34.484, 2, 0 %, 0 %, 35270 MiB, 36.75 W
2026/09/19 23:05:39.486, 0, 10 %, 0 %, 35271 MiB, 38.95 W
2026/09/19 23:05:39.486, 1, 0 %, 0 %, 35271 MiB, 35.58 W
2026/09/19 23:05:39.486, 2, 0 %, 0 %, 35270 MiB, 36.64 W
2026/09/19 23:05:44.487, 0, 0 %, 0 %, 35271 MiB, 36.31 W
2026/09/19 23:05:44.487, 1, 0 %, 0 %, 35271 MiB, 35.59 W
2026/09/19 23:05:44.487, 2, 0 %, 0 %, 35270 MiB, 36.64 W
2026/09/19 23:05:49.488, 0, 15 %, 1 %, 35271 MiB, 36.40 W
2026/09/19 23:05:49.489, 1, 0 %, 0 %, 35271 MiB, 35.50 W
2026/09/19 23:05:49.489, 2, 0 %, 0 %, 35270 MiB, 36.54 W
2026/09/19 23:05:54.493, 0, 17 %, 1 %, 35271 MiB, 36.69 W
2026/09/19 23:05:54.493, 1, 0 %, 0 %, 35271 MiB, 35.48 W
2026/09/19 23:05:54.494, 2, 0 %, 0 %, 35270 MiB, 36.75 W
2026/09/19 23:05:59.495, 0, 0 %, 0 %, 35271 MiB, 41.71 W
2026/09/19 23:05:59.495, 1, 0 %, 0 %, 35271 MiB, 35.88 W
2026/09/19 23:05:59.495, 2, 0 %, 0 %, 35270 MiB, 36.73 W
2026/09/19 23:06:04.497, 0, 0 %, 0 %, 35271 MiB, 44.91 W
2026/09/19 23:06:04.497, 1, 12 %, 0 %, 35271 MiB, 35.60 W
2026/09/19 23:06:04.497, 2, 0 %, 0 %, 35270 MiB, 36.67 W
2026/09/19 23:06:09.498, 0, 0 %, 0 %, 35271 MiB, 36.13 W
2026/09/19 23:06:09.498, 1, 0 %, 0 %, 35271 MiB, 35.42 W
2026/09/19 23:06:09.499, 2, 0 %, 0 %, 35270 MiB, 36.66 W
2026/09/19 23:06:14.499, 0, 0 %, 0 %, 35271 MiB, 36.30 W
2026/09/19 23:06:14.499, 1, 0 %, 0 %, 35271 MiB, 35.59 W
2026/09/19 23:06:14.499, 2, 0 %, 0 %, 35270 MiB, 36.64 W
2026/09/19 23:06:19.501, 0, 0 %, 0 %, 35271 MiB, 38.18 W
2026/09/19 23:06:19.501, 1, 0 %, 0 %, 35271 MiB, 35.49 W
2026/09/19 23:06:19.501, 2, 0 %, 0 %, 35270 MiB, 36.54 W
2026/09/19 23:06:24.503, 0, 15 %, 1 %, 35271 MiB, 38.98 W
2026/09/19 23:06:24.503, 1, 15 %, 1 %, 35271 MiB, 35.68 W
2026/09/19 23:06:24.503, 2, 0 %, 0 %, 35270 MiB, 36.75 W
2026/09/19 23:06:29.505, 0, 21 %, 1 %, 35271 MiB, 36.40 W
2026/09/19 23:06:29.505, 1, 16 %, 1 %, 35271 MiB, 35.59 W
2026/09/19 23:06:29.505, 2, 0 %, 0 %, 35270 MiB, 36.75 W
2026/09/19 23:06:34.507, 0, 0 %, 0 %, 35271 MiB, 38.85 W
2026/09/19 23:06:34.507, 1, 0 %, 0 %, 35271 MiB, 35.68 W
2026/09/19 23:06:34.507, 2, 0 %, 0 %, 35270 MiB, 36.63 W
2026/09/19 23:06:39.508, 0, 0 %, 0 %, 35271 MiB, 36.31 W
2026/09/19 23:06:39.508, 1, 15 %, 1 %, 35271 MiB, 35.60 W
2026/09/19 23:06:39.508, 2, 0 %, 0 %, 35270 MiB, 36.75 W
2026/09/19 23:06:44.509, 0, 0 %, 0 %, 35271 MiB, 36.21 W
2026/09/19 23:06:44.509, 1, 0 %, 0 %, 35271 MiB, 35.29 W
2026/09/19 23:06:44.509, 2, 0 %, 0 %, 35270 MiB, 36.44 W
2026/09/19 23:06:49.511, 0, 0 %, 0 %, 35271 MiB, 36.29 W
2026/09/19 23:06:49.511, 1, 0 %, 0 %, 35271 MiB, 35.39 W
2026/09/19 23:06:49.511, 2, 0 %, 0 %, 35270 MiB, 36.54 W
2026/09/19 23:06:54.513, 0, 0 %, 0 %, 35271 MiB, 36.21 W
2026/09/19 23:06:54.513, 1, 0 %, 0 %, 35271 MiB, 35.50 W
2026/09/19 23:06:54.513, 2, 0 %, 0 %, 35270 MiB, 36.55 W
2026/09/19 23:06:59.514, 0, 0 %, 0 %, 35271 MiB, 36.21 W
2026/09/19 23:06:59.515, 1, 5 %, 0 %, 35271 MiB, 35.39 W
2026/09/19 23:06:59.515, 2, 0 %, 0 %, 35270 MiB, 36.54 W
2026/09/19 23:07:04.515, 0, 0 %, 0 %, 35271 MiB, 36.40 W
2026/09/19 23:07:04.516, 1, 15 %, 1 %, 35271 MiB, 35.50 W
2026/09/19 23:07:04.516, 2, 0 %, 0 %, 35270 MiB, 36.54 W
2026/09/19 23:07:09.523, 0, 0 %, 0 %, 35271 MiB, 36.09 W
2026/09/19 23:07:09.523, 1, 0 %, 0 %, 35271 MiB, 35.57 W
2026/09/19 23:07:09.523, 2, 14 %, 1 %, 35270 MiB, 36.74 W
2026/09/19 23:07:14.524, 0, 0 %, 0 %, 35271 MiB, 36.09 W
2026/09/19 23:07:14.525, 1, 10 %, 0 %, 35271 MiB, 35.48 W
2026/09/19 23:07:14.525, 2, 10 %, 0 %, 35270 MiB, 36.62 W
2026/09/19 23:07:19.526, 0, 0 %, 0 %, 35271 MiB, 36.19 W
2026/09/19 23:07:19.526, 1, 0 %, 0 %, 35271 MiB, 35.48 W
2026/09/19 23:07:19.526, 2, 0 %, 0 %, 35270 MiB, 36.64 W
2026/09/19 23:07:24.528, 0, 0 %, 0 %, 35271 MiB, 36.21 W
2026/09/19 23:07:24.528, 1, 0 %, 0 %, 35271 MiB, 35.48 W
2026/09/19 23:07:24.528, 2, 0 %, 0 %, 35270 MiB, 39.11 W
2026/09/19 23:07:29.530, 0, 0 %, 0 %, 35271 MiB, 36.20 W
2026/09/19 23:07:29.530, 1, 0 %, 0 %, 35271 MiB, 35.59 W
2026/09/19 23:07:29.531, 2, 5 %, 0 %, 35270 MiB, 36.75 W
2026/09/19 23:07:34.532, 0, 0 %, 0 %, 35271 MiB, 36.10 W
2026/09/19 23:07:34.532, 1, 0 %, 0 %, 35271 MiB, 35.49 W
2026/09/19 23:07:34.532, 2, 9 %, 0 %, 35270 MiB, 36.64 W
2026/09/19 23:07:39.534, 0, 0 %, 0 %, 35271 MiB, 36.11 W
2026/09/19 23:07:39.534, 1, 0 %, 0 %, 35271 MiB, 35.49 W
2026/09/19 23:07:39.535, 2, 10 %, 0 %, 35270 MiB, 36.94 W
2026/09/19 23:07:44.536, 0, 0 %, 0 %, 35271 MiB, 36.18 W
2026/09/19 23:07:44.536, 1, 0 %, 0 %, 35271 MiB, 35.67 W
2026/09/19 23:07:44.536, 2, 0 %, 0 %, 35270 MiB, 36.74 W
2026/09/19 23:07:49.538, 0, 0 %, 0 %, 35271 MiB, 36.18 W
2026/09/19 23:07:49.538, 1, 0 %, 0 %, 35271 MiB, 35.28 W
2026/09/19 23:07:49.538, 2, 0 %, 0 %, 35270 MiB, 36.53 W
2026/09/19 23:07:54.538, 0, 0 %, 0 %, 35271 MiB, 36.11 W
2026/09/19 23:07:54.538, 1, 15 %, 1 %, 35271 MiB, 35.39 W
2026/09/19 23:07:54.538, 2, 0 %, 0 %, 35270 MiB, 36.54 W
2026/09/19 23:07:59.540, 0, 0 %, 0 %, 35271 MiB, 36.50 W
2026/09/19 23:07:59.540, 1, 0 %, 0 %, 35271 MiB, 35.29 W
2026/09/19 23:07:59.540, 2, 0 %, 0 %, 35270 MiB, 36.64 W
2026/09/19 23:08:04.542, 0, 0 %, 0 %, 35271 MiB, 36.29 W
2026/09/19 23:08:04.542, 1, 0 %, 0 %, 35271 MiB, 35.48 W
2026/09/19 23:08:04.542, 2, 15 %, 1 %, 35270 MiB, 36.64 W
2026/09/19 23:08:09.544, 0, 0 %, 0 %, 35271 MiB, 36.21 W
2026/09/19 23:08:09.544, 1, 0 %, 0 %, 35271 MiB, 35.49 W
2026/09/19 23:08:09.544, 2, 23 %, 1 %, 35270 MiB, 36.54 W
2026/09/19 23:08:14.546, 0, 0 %, 0 %, 35271 MiB, 36.10 W
2026/09/19 23:08:14.546, 1, 15 %, 1 %, 35271 MiB, 35.38 W
2026/09/19 23:08:14.546, 2, 0 %, 0 %, 35270 MiB, 36.62 W
2026/09/19 23:08:19.547, 0, 0 %, 0 %, 35271 MiB, 36.32 W
2026/09/19 23:08:19.547, 1, 15 %, 1 %, 35271 MiB, 35.30 W
2026/09/19 23:08:19.547, 2, 0 %, 0 %, 35270 MiB, 43.96 W
2026/09/19 23:08:24.548, 0, 0 %, 0 %, 35271 MiB, 36.03 W
2026/09/19 23:08:24.548, 1, 0 %, 0 %, 35271 MiB, 35.42 W
2026/09/19 23:08:24.548, 2, 0 %, 0 %, 35270 MiB, 36.66 W
2026/09/19 23:08:29.550, 0, 0 %, 0 %, 35271 MiB, 36.12 W
2026/09/19 23:08:29.550, 1, 0 %, 0 %, 35271 MiB, 35.42 W
2026/09/19 23:08:29.550, 2, 0 %, 0 %, 35270 MiB, 37.04 W
2026/09/19 23:08:34.552, 0, 0 %, 0 %, 35271 MiB, 36.10 W
2026/09/19 23:08:34.552, 1, 15 %, 1 %, 35271 MiB, 35.38 W
2026/09/19 23:08:34.552, 2, 15 %, 1 %, 35270 MiB, 36.85 W
2026/09/19 23:08:39.557, 0, 0 %, 0 %, 35271 MiB, 36.23 W
2026/09/19 23:08:39.557, 1, 0 %, 0 %, 35271 MiB, 35.61 W
2026/09/19 23:08:39.557, 2, 0 %, 0 %, 35270 MiB, 36.57 W
2026/09/19 23:08:44.558, 0, 0 %, 0 %, 35271 MiB, 36.28 W
2026/09/19 23:08:44.558, 1, 0 %, 0 %, 35271 MiB, 35.57 W
2026/09/19 23:08:44.558, 2, 0 %, 0 %, 35270 MiB, 38.40 W
2026/09/19 23:08:49.559, 0, 0 %, 0 %, 35271 MiB, 36.12 W
2026/09/19 23:08:49.559, 1, 0 %, 0 %, 35271 MiB, 35.50 W
2026/09/19 23:08:49.560, 2, 0 %, 0 %, 35270 MiB, 44.58 W
2026/09/19 23:08:54.561, 0, 0 %, 0 %, 35271 MiB, 36.18 W
2026/09/19 23:08:54.561, 1, 0 %, 0 %, 35271 MiB, 35.57 W
2026/09/19 23:08:54.561, 2, 0 %, 0 %, 35270 MiB, 36.73 W
2026/09/19 23:08:59.563, 0, 0 %, 0 %, 35271 MiB, 36.23 W
2026/09/19 23:08:59.563, 1, 0 %, 0 %, 35271 MiB, 35.42 W
2026/09/19 23:08:59.563, 2, 0 %, 0 %, 35270 MiB, 44.69 W
2026/09/19 23:09:04.565, 0, 0 %, 0 %, 35271 MiB, 36.38 W
2026/09/19 23:09:04.565, 1, 0 %, 0 %, 35271 MiB, 35.28 W
2026/09/19 23:09:04.565, 2, 0 %, 0 %, 35270 MiB, 36.53 W
2026/09/19 23:09:09.565, 0, 0 %, 0 %, 35271 MiB, 36.22 W
2026/09/19 23:09:09.566, 1, 0 %, 0 %, 35271 MiB, 35.30 W
2026/09/19 23:09:09.566, 2, 0 %, 0 %, 35270 MiB, 38.24 W
2026/09/19 23:09:14.566, 0, 0 %, 0 %, 35271 MiB, 36.31 W
2026/09/19 23:09:14.566, 1, 0 %, 0 %, 35271 MiB, 35.29 W
2026/09/19 23:09:14.566, 2, 0 %, 0 %, 35270 MiB, 36.64 W
2026/09/19 23:09:19.568, 0, 0 %, 0 %, 35271 MiB, 36.22 W
2026/09/19 23:09:19.568, 1, 0 %, 0 %, 35271 MiB, 35.41 W
2026/09/19 23:09:19.568, 2, 0 %, 0 %, 35270 MiB, 36.65 W
2026/09/19 23:09:24.570, 0, 0 %, 0 %, 35271 MiB, 36.11 W
2026/09/19 23:09:24.570, 1, 0 %, 0 %, 35271 MiB, 35.29 W
2026/09/19 23:09:24.570, 2, 0 %, 0 %, 35270 MiB, 36.85 W
2026/09/19 23:09:29.572, 0, 0 %, 0 %, 35271 MiB, 36.11 W
2026/09/19 23:09:29.572, 1, 0 %, 0 %, 35271 MiB, 35.29 W
2026/09/19 23:09:29.572, 2, 0 %, 0 %, 35270 MiB, 36.75 W
2026/09/19 23:09:34.575, 0, 0 %, 0 %, 35271 MiB, 36.28 W
2026/09/19 23:09:34.575, 1, 0 %, 0 %, 35271 MiB, 35.57 W
2026/09/19 23:09:34.575, 2, 0 %, 0 %, 35270 MiB, 36.53 W
2026/09/19 23:09:39.577, 0, 0 %, 0 %, 35271 MiB, 36.21 W
2026/09/19 23:09:39.577, 1, 0 %, 0 %, 35271 MiB, 35.39 W
2026/09/19 23:09:39.577, 2, 0 %, 0 %, 35270 MiB, 36.75 W
2026/09/19 23:09:44.578, 0, 0 %, 0 %, 35271 MiB, 36.13 W
2026/09/19 23:09:44.578, 1, 0 %, 0 %, 35271 MiB, 35.42 W
2026/09/19 23:09:44.579, 2, 0 %, 0 %, 35270 MiB, 36.77 W
2026/09/19 23:09:49.579, 0, 0 %, 0 %, 35271 MiB, 36.12 W
2026/09/19 23:09:49.579, 1, 0 %, 0 %, 35271 MiB, 35.42 W
2026/09/19 23:09:49.579, 2, 0 %, 0 %, 35270 MiB, 36.76 W
2026/09/19 23:09:54.580, 0, 0 %, 0 %, 35271 MiB, 36.23 W
2026/09/19 23:09:54.580, 1, 0 %, 0 %, 35271 MiB, 35.51 W
2026/09/19 23:09:54.580, 2, 0 %, 0 %, 35270 MiB, 36.77 W
2026/09/19 23:09:59.581, 0, 0 %, 0 %, 35271 MiB, 36.11 W
2026/09/19 23:09:59.581, 1, 0 %, 0 %, 35271 MiB, 35.40 W
2026/09/19 23:09:59.581, 2, 0 %, 0 %, 35270 MiB, 36.75 W
2026/09/19 23:10:04.582, 0, 0 %, 0 %, 35271 MiB, 36.22 W
2026/09/19 23:10:04.582, 1, 0 %, 0 %, 35271 MiB, 35.50 W
2026/09/19 23:10:04.582, 2, 0 %, 0 %, 35270 MiB, 36.54 W
2026/09/19 23:10:09.583, 0, 0 %, 0 %, 35271 MiB, 36.13 W
2026/09/19 23:10:09.583, 1, 0 %, 0 %, 35271 MiB, 35.41 W
2026/09/19 23:10:09.583, 2, 0 %, 0 %, 35270 MiB, 36.56 W
2026/09/19 23:10:14.585, 0, 0 %, 0 %, 35271 MiB, 36.21 W
2026/09/19 23:10:14.585, 1, 0 %, 0 %, 35271 MiB, 35.29 W
2026/09/19 23:10:14.585, 2, 0 %, 0 %, 35270 MiB, 36.54 W
2026/09/19 23:10:19.587, 0, 0 %, 0 %, 35271 MiB, 36.31 W
2026/09/19 23:10:19.587, 1, 0 %, 0 %, 35271 MiB, 35.30 W
2026/09/19 23:10:19.587, 2, 0 %, 0 %, 35270 MiB, 36.75 W
2026/09/19 23:10:24.588, 0, 0 %, 0 %, 35271 MiB, 36.29 W
2026/09/19 23:10:24.588, 1, 0 %, 0 %, 35271 MiB, 35.29 W
2026/09/19 23:10:24.588, 2, 0 %, 0 %, 35270 MiB, 36.65 W
2026/09/19 23:10:29.590, 0, 0 %, 0 %, 35271 MiB, 36.31 W
2026/09/19 23:10:29.590, 1, 0 %, 0 %, 35271 MiB, 35.59 W
2026/09/19 23:10:29.590, 2, 0 %, 0 %, 35270 MiB, 36.65 W
2026/09/19 23:10:34.592, 0, 0 %, 0 %, 35271 MiB, 36.12 W
2026/09/19 23:10:34.592, 1, 0 %, 0 %, 35271 MiB, 35.31 W
2026/09/19 23:10:34.592, 2, 0 %, 0 %, 35270 MiB, 36.68 W
2026/09/19 23:10:39.594, 0, 0 %, 0 %, 35271 MiB, 36.03 W
2026/09/19 23:10:39.594, 1, 0 %, 0 %, 35271 MiB, 35.32 W
2026/09/19 23:10:39.594, 2, 0 %, 0 %, 35270 MiB, 36.68 W
2026/09/19 23:10:44.596, 0, 0 %, 0 %, 35271 MiB, 36.11 W
2026/09/19 23:10:44.596, 1, 0 %, 0 %, 35271 MiB, 35.39 W
2026/09/19 23:10:44.596, 2, 0 %, 0 %, 35270 MiB, 36.65 W
2026/09/19 23:10:49.598, 0, 0 %, 0 %, 35271 MiB, 36.21 W
2026/09/19 23:10:49.598, 1, 0 %, 0 %, 35271 MiB, 35.39 W
2026/09/19 23:10:49.598, 2, 0 %, 0 %, 35270 MiB, 36.65 W
2026/09/19 23:10:54.599, 0, 0 %, 0 %, 35271 MiB, 36.13 W
2026/09/19 23:10:54.600, 1, 0 %, 0 %, 35271 MiB, 35.51 W
2026/09/19 23:10:54.600, 2, 0 %, 0 %, 35270 MiB, 36.94 W
2026/09/19 23:10:59.600, 0, 0 %, 0 %, 35271 MiB, 36.13 W
2026/09/19 23:10:59.600, 1, 0 %, 0 %, 35271 MiB, 35.51 W
2026/09/19 23:10:59.601, 2, 0 %, 0 %, 35270 MiB, 36.66 W
2026/09/19 23:11:04.602, 0, 0 %, 0 %, 35271 MiB, 36.20 W
2026/09/19 23:11:04.602, 1, 0 %, 0 %, 35271 MiB, 35.48 W
2026/09/19 23:11:04.602, 2, 0 %, 0 %, 35270 MiB, 36.75 W
2026/09/19 23:11:09.604, 0, 0 %, 0 %, 35271 MiB, 36.18 W
2026/09/19 23:11:09.604, 1, 0 %, 0 %, 35271 MiB, 35.48 W
2026/09/19 23:11:09.604, 2, 0 %, 0 %, 35270 MiB, 36.53 W
2026/09/19 23:11:14.606, 0, 0 %, 0 %, 35271 MiB, 36.18 W
2026/09/19 23:11:14.606, 1, 0 %, 0 %, 35271 MiB, 35.27 W
2026/09/19 23:11:14.606, 2, 0 %, 0 %, 35270 MiB, 36.63 W
2026/09/19 23:11:19.608, 0, 0 %, 0 %, 35271 MiB, 36.21 W
2026/09/19 23:11:19.608, 1, 0 %, 0 %, 35271 MiB, 35.29 W
2026/09/19 23:11:19.608, 2, 0 %, 0 %, 35270 MiB, 36.54 W
2026/09/19 23:11:24.610, 0, 0 %, 0 %, 35271 MiB, 36.38 W
2026/09/19 23:11:24.610, 1, 0 %, 0 %, 35271 MiB, 35.47 W
2026/09/19 23:11:24.611, 2, 0 %, 0 %, 35270 MiB, 36.53 W
2026/09/19 23:11:29.612, 0, 0 %, 0 %, 35271 MiB, 36.30 W
2026/09/19 23:11:29.612, 1, 0 %, 0 %, 35271 MiB, 35.19 W
2026/09/19 23:11:29.612, 2, 0 %, 0 %, 35270 MiB, 36.53 W
2026/09/19 23:11:34.614, 0, 0 %, 0 %, 35271 MiB, 36.10 W
2026/09/19 23:11:34.614, 1, 0 %, 0 %, 35271 MiB, 35.18 W
2026/09/19 23:11:34.614, 2, 0 %, 0 %, 35270 MiB, 36.62 W
2026/09/19 23:11:39.616, 0, 0 %, 0 %, 35271 MiB, 35.99 W
2026/09/19 23:11:39.616, 1, 0 %, 0 %, 35271 MiB, 35.28 W
2026/09/19 23:11:39.616, 2, 0 %, 0 %, 35270 MiB, 36.52 W
2026/09/19 23:11:44.620, 0, 0 %, 0 %, 35271 MiB, 36.10 W
2026/09/19 23:11:44.620, 1, 0 %, 0 %, 35271 MiB, 35.38 W
2026/09/19 23:11:44.620, 2, 0 %, 0 %, 35270 MiB, 36.65 W
2026/09/19 23:11:49.621, 0, 0 %, 0 %, 35271 MiB, 36.09 W
2026/09/19 23:11:49.621, 1, 0 %, 0 %, 35271 MiB, 35.48 W
2026/09/19 23:11:49.621, 2, 0 %, 0 %, 35270 MiB, 36.83 W
2026/09/19 23:11:54.622, 0, 0 %, 0 %, 35271 MiB, 36.09 W
2026/09/19 23:11:54.622, 1, 0 %, 0 %, 35271 MiB, 35.38 W
2026/09/19 23:11:54.623, 2, 0 %, 0 %, 35270 MiB, 36.62 W
2026/09/19 23:11:59.624, 0, 0 %, 0 %, 35271 MiB, 36.21 W
2026/09/19 23:11:59.624, 1, 0 %, 0 %, 35271 MiB, 35.39 W
2026/09/19 23:11:59.624, 2, 0 %, 0 %, 35270 MiB, 36.75 W
2026/09/19 23:12:04.625, 0, 0 %, 0 %, 35271 MiB, 36.11 W
2026/09/19 23:12:04.625, 1, 0 %, 0 %, 35271 MiB, 35.58 W
2026/09/19 23:12:04.625, 2, 0 %, 0 %, 35270 MiB, 36.75 W
2026/09/19 23:12:09.626, 0, 0 %, 0 %, 35271 MiB, 36.10 W
2026/09/19 23:12:09.626, 1, 0 %, 0 %, 35271 MiB, 35.48 W
2026/09/19 23:12:09.626, 2, 0 %, 0 %, 35270 MiB, 36.92 W
2026/09/19 23:12:14.628, 0, 0 %, 0 %, 35271 MiB, 36.22 W
2026/09/19 23:12:14.628, 1, 0 %, 0 %, 35271 MiB, 35.40 W
2026/09/19 23:12:14.628, 2, 0 %, 0 %, 35270 MiB, 36.75 W
2026/09/19 23:12:19.630, 0, 0 %, 0 %, 35271 MiB, 36.48 W
2026/09/19 23:12:19.630, 1, 0 %, 0 %, 35271 MiB, 35.48 W
2026/09/19 23:12:19.630, 2, 0 %, 0 %, 35270 MiB, 36.54 W
2026/09/19 23:12:24.631, 0, 0 %, 0 %, 35271 MiB, 36.38 W
2026/09/19 23:12:24.632, 1, 0 %, 0 %, 35271 MiB, 35.28 W
2026/09/19 23:12:24.632, 2, 0 %, 0 %, 35270 MiB, 36.53 W
2026/09/19 23:12:29.633, 0, 5 %, 0 %, 35271 MiB, 36.31 W
2026/09/19 23:12:29.633, 1, 0 %, 0 %, 35271 MiB, 35.20 W
2026/09/19 23:12:29.634, 2, 0 %, 0 %, 35270 MiB, 36.74 W
2026/09/19 23:12:34.635, 0, 0 %, 0 %, 35271 MiB, 39.85 W
2026/09/19 23:12:34.646, 1, 0 %, 0 %, 35271 MiB, 35.38 W
2026/09/19 23:12:34.647, 2, 0 %, 0 %, 35270 MiB, 36.53 W
2026/09/19 23:12:39.662, 0, 0 %, 0 %, 35271 MiB, 36.28 W
2026/09/19 23:12:39.662, 1, 0 %, 0 %, 35271 MiB, 35.48 W
2026/09/19 23:12:39.662, 2, 0 %, 0 %, 35270 MiB, 36.54 W
2026/09/19 23:12:44.663, 0, 0 %, 0 %, 35271 MiB, 36.10 W
2026/09/19 23:12:44.664, 1, 0 %, 0 %, 35271 MiB, 35.38 W
2026/09/19 23:12:44.664, 2, 0 %, 0 %, 35270 MiB, 36.64 W
2026/09/19 23:12:49.665, 0, 0 %, 0 %, 35271 MiB, 36.39 W
2026/09/19 23:12:49.665, 1, 0 %, 0 %, 35271 MiB, 35.29 W
2026/09/19 23:12:49.665, 2, 0 %, 0 %, 35270 MiB, 36.75 W
2026/09/19 23:12:54.667, 0, 0 %, 0 %, 35271 MiB, 36.10 W
2026/09/19 23:12:54.667, 1, 0 %, 0 %, 35271 MiB, 35.38 W
2026/09/19 23:12:54.667, 2, 0 %, 0 %, 35270 MiB, 36.74 W
2026/09/19 23:12:59.669, 0, 0 %, 0 %, 35271 MiB, 36.28 W
2026/09/19 23:12:59.669, 1, 0 %, 0 %, 35271 MiB, 35.48 W
2026/09/19 23:12:59.669, 2, 0 %, 0 %, 35270 MiB, 36.74 W
2026/09/19 23:13:04.670, 0, 0 %, 0 %, 35271 MiB, 36.13 W
2026/09/19 23:13:04.671, 1, 0 %, 0 %, 35271 MiB, 35.42 W
2026/09/19 23:13:04.671, 2, 0 %, 0 %, 35270 MiB, 36.97 W
2026/09/19 23:13:09.671, 0, 0 %, 0 %, 35271 MiB, 36.11 W
2026/09/19 23:13:09.672, 1, 0 %, 0 %, 35271 MiB, 35.39 W
2026/09/19 23:13:09.672, 2, 0 %, 0 %, 35270 MiB, 36.64 W
2026/09/19 23:13:14.672, 0, 0 %, 0 %, 35271 MiB, 36.23 W
2026/09/19 23:13:14.673, 1, 0 %, 0 %, 35271 MiB, 35.52 W
2026/09/19 23:13:14.673, 2, 0 %, 0 %, 35270 MiB, 36.77 W
2026/09/19 23:13:19.674, 0, 0 %, 0 %, 35271 MiB, 36.23 W
2026/09/19 23:13:19.674, 1, 0 %, 0 %, 35271 MiB, 35.51 W
2026/09/19 23:13:19.674, 2, 0 %, 0 %, 35270 MiB, 36.77 W
2026/09/19 23:13:24.676, 0, 0 %, 0 %, 35271 MiB, 36.21 W
2026/09/19 23:13:24.676, 1, 0 %, 0 %, 35271 MiB, 35.30 W
2026/09/19 23:13:24.676, 2, 0 %, 0 %, 35270 MiB, 36.76 W
2026/09/19 23:13:29.678, 0, 0 %, 0 %, 35271 MiB, 36.21 W
2026/09/19 23:13:29.678, 1, 0 %, 0 %, 35271 MiB, 35.30 W
2026/09/19 23:13:29.678, 2, 0 %, 0 %, 35270 MiB, 36.64 W
2026/09/19 23:13:34.680, 0, 0 %, 0 %, 35271 MiB, 36.31 W
2026/09/19 23:13:34.680, 1, 0 %, 0 %, 35271 MiB, 35.50 W
2026/09/19 23:13:34.680, 2, 0 %, 0 %, 35270 MiB, 36.54 W
2026/09/19 23:13:39.682, 0, 0 %, 0 %, 35271 MiB, 36.21 W
2026/09/19 23:13:39.682, 1, 0 %, 0 %, 35271 MiB, 35.40 W
2026/09/19 23:13:39.682, 2, 0 %, 0 %, 35270 MiB, 36.64 W
2026/09/19 23:13:44.683, 0, 0 %, 0 %, 35271 MiB, 36.31 W
2026/09/19 23:13:44.683, 1, 0 %, 0 %, 35271 MiB, 35.30 W
2026/09/19 23:13:44.683, 2, 0 %, 0 %, 35270 MiB, 36.74 W
2026/09/19 23:13:49.685, 0, 0 %, 0 %, 35271 MiB, 36.31 W
2026/09/19 23:13:49.685, 1, 0 %, 0 %, 35271 MiB, 35.30 W
2026/09/19 23:13:49.685, 2, 0 %, 0 %, 35270 MiB, 36.65 W
2026/09/19 23:13:54.688, 0, 0 %, 0 %, 35271 MiB, 36.11 W
2026/09/19 23:13:54.688, 1, 0 %, 0 %, 35271 MiB, 35.40 W
2026/09/19 23:13:54.688, 2, 0 %, 0 %, 35270 MiB, 36.64 W
2026/09/19 23:13:59.689, 0, 0 %, 0 %, 35271 MiB, 36.12 W
2026/09/19 23:13:59.689, 1, 0 %, 0 %, 35271 MiB, 35.41 W
2026/09/19 23:13:59.689, 2, 0 %, 0 %, 35270 MiB, 36.65 W
2026/09/19 23:14:04.691, 0, 0 %, 0 %, 35271 MiB, 36.13 W
2026/09/19 23:14:04.691, 1, 0 %, 0 %, 35271 MiB, 35.32 W
2026/09/19 23:14:04.691, 2, 0 %, 0 %, 35270 MiB, 36.77 W
2026/09/19 23:14:09.692, 0, 0 %, 0 %, 35271 MiB, 36.21 W
2026/09/19 23:14:09.692, 1, 0 %, 0 %, 35271 MiB, 35.30 W
2026/09/19 23:14:09.692, 2, 0 %, 0 %, 35270 MiB, 36.75 W
2026/09/19 23:14:14.702, 0, 0 %, 0 %, 35271 MiB, 36.11 W
2026/09/19 23:14:14.702, 1, 0 %, 0 %, 35271 MiB, 35.49 W
2026/09/19 23:14:14.702, 2, 0 %, 0 %, 35270 MiB, 36.75 W
2026/09/19 23:14:19.703, 0, 0 %, 0 %, 35271 MiB, 36.11 W
2026/09/19 23:14:19.703, 1, 0 %, 0 %, 35271 MiB, 35.39 W
2026/09/19 23:14:19.703, 2, 0 %, 0 %, 35270 MiB, 36.94 W
2026/09/19 23:14:24.704, 0, 0 %, 0 %, 35271 MiB, 36.31 W
2026/09/19 23:14:24.704, 1, 0 %, 0 %, 35271 MiB, 35.31 W
2026/09/19 23:14:24.704, 2, 0 %, 0 %, 35270 MiB, 36.85 W
2026/09/19 23:14:29.706, 0, 0 %, 0 %, 35271 MiB, 36.21 W
2026/09/19 23:14:29.706, 1, 0 %, 0 %, 35271 MiB, 35.49 W
2026/09/19 23:14:29.706, 2, 0 %, 0 %, 35270 MiB, 36.75 W
2026/09/19 23:14:34.708, 0, 0 %, 0 %, 35271 MiB, 36.11 W
2026/09/19 23:14:34.708, 1, 0 %, 0 %, 35271 MiB, 35.38 W
2026/09/19 23:14:34.708, 2, 0 %, 0 %, 35270 MiB, 36.65 W
2026/09/19 23:14:39.710, 0, 0 %, 0 %, 35271 MiB, 36.21 W
2026/09/19 23:14:39.710, 1, 0 %, 0 %, 35271 MiB, 35.29 W
2026/09/19 23:14:39.710, 2, 0 %, 0 %, 35270 MiB, 36.65 W
2026/09/19 23:14:44.712, 0, 0 %, 0 %, 35271 MiB, 36.32 W
2026/09/19 23:14:44.712, 1, 0 %, 0 %, 35271 MiB, 35.32 W
2026/09/19 23:14:44.712, 2, 0 %, 0 %, 35270 MiB, 36.68 W
2026/09/19 23:14:49.714, 0, 0 %, 0 %, 35271 MiB, 36.31 W
2026/09/19 23:14:49.714, 1, 0 %, 0 %, 35271 MiB, 35.50 W
2026/09/19 23:14:49.714, 2, 0 %, 0 %, 35270 MiB, 36.65 W
2026/09/19 23:14:54.716, 0, 0 %, 0 %, 35271 MiB, 36.42 W
2026/09/19 23:14:54.716, 1, 0 %, 0 %, 35271 MiB, 35.31 W
2026/09/19 23:14:54.716, 2, 0 %, 0 %, 35270 MiB, 36.64 W
2026/09/19 23:14:59.718, 0, 0 %, 0 %, 35271 MiB, 36.21 W
2026/09/19 23:14:59.718, 1, 0 %, 0 %, 35271 MiB, 35.40 W
2026/09/19 23:14:59.718, 2, 0 %, 0 %, 35270 MiB, 36.75 W
2026/09/19 23:15:04.720, 0, 0 %, 0 %, 35271 MiB, 36.21 W
2026/09/19 23:15:04.720, 1, 0 %, 0 %, 35271 MiB, 35.30 W
2026/09/19 23:15:04.720, 2, 0 %, 0 %, 35270 MiB, 36.64 W
2026/09/19 23:15:09.722, 0, 0 %, 0 %, 35271 MiB, 36.11 W
2026/09/19 23:15:09.722, 1, 0 %, 0 %, 35271 MiB, 35.49 W
2026/09/19 23:15:09.722, 2, 0 %, 0 %, 35270 MiB, 36.64 W
2026/09/19 23:15:14.723, 0, 0 %, 0 %, 35271 MiB, 36.01 W
2026/09/19 23:15:14.723, 1, 0 %, 0 %, 35271 MiB, 35.40 W
2026/09/19 23:15:14.723, 2, 0 %, 0 %, 35270 MiB, 37.04 W
2026/09/19 23:15:19.725, 0, 0 %, 0 %, 35271 MiB, 36.40 W
2026/09/19 23:15:19.725, 1, 0 %, 0 %, 35271 MiB, 35.40 W
2026/09/19 23:15:19.725, 2, 0 %, 0 %, 35270 MiB, 36.75 W
2026/09/19 23:15:24.727, 0, 0 %, 0 %, 35271 MiB, 36.12 W
2026/09/19 23:15:24.727, 1, 0 %, 0 %, 35271 MiB, 35.41 W
2026/09/19 23:15:24.727, 2, 0 %, 0 %, 35270 MiB, 36.76 W
2026/09/19 23:15:29.729, 0, 0 %, 0 %, 35271 MiB, 36.11 W
2026/09/19 23:15:29.729, 1, 0 %, 0 %, 35271 MiB, 35.60 W
2026/09/19 23:15:29.729, 2, 0 %, 0 %, 35270 MiB, 36.85 W
2026/09/19 23:15:34.731, 0, 0 %, 0 %, 35271 MiB, 36.12 W
2026/09/19 23:15:34.731, 1, 0 %, 0 %, 35271 MiB, 35.51 W
2026/09/19 23:15:34.731, 2, 0 %, 0 %, 35270 MiB, 36.87 W
2026/09/19 23:15:39.733, 0, 0 %, 0 %, 35271 MiB, 36.50 W
2026/09/19 23:15:39.733, 1, 0 %, 0 %, 35271 MiB, 35.20 W
2026/09/19 23:15:39.733, 2, 0 %, 0 %, 35270 MiB, 36.64 W
2026/09/19 23:15:44.735, 0, 0 %, 0 %, 35271 MiB, 36.23 W
2026/09/19 23:15:44.735, 1, 0 %, 0 %, 35271 MiB, 35.31 W
2026/09/19 23:15:44.735, 2, 0 %, 0 %, 35270 MiB, 36.65 W
2026/09/19 23:15:49.737, 0, 0 %, 0 %, 35271 MiB, 36.22 W
2026/09/19 23:15:49.737, 1, 0 %, 0 %, 35271 MiB, 35.31 W
2026/09/19 23:15:49.737, 2, 0 %, 0 %, 35270 MiB, 36.65 W
2026/09/19 23:15:54.739, 0, 0 %, 0 %, 35271 MiB, 36.33 W
2026/09/19 23:15:54.739, 1, 0 %, 0 %, 35271 MiB, 35.33 W
2026/09/19 23:15:54.739, 2, 0 %, 0 %, 35270 MiB, 36.66 W
2026/09/19 23:15:59.743, 0, 0 %, 0 %, 35271 MiB, 36.33 W
2026/09/19 23:15:59.743, 1, 0 %, 0 %, 35271 MiB, 35.33 W
2026/09/19 23:15:59.743, 2, 0 %, 0 %, 35270 MiB, 36.68 W
2026/09/19 23:16:04.745, 0, 0 %, 0 %, 35271 MiB, 36.16 W
2026/09/19 23:16:04.745, 1, 0 %, 0 %, 35271 MiB, 35.43 W
2026/09/19 23:16:04.745, 2, 0 %, 0 %, 35270 MiB, 36.68 W
2026/09/19 23:16:09.747, 0, 0 %, 0 %, 35271 MiB, 36.06 W
2026/09/19 23:16:09.747, 1, 0 %, 0 %, 35271 MiB, 35.33 W
2026/09/19 23:16:09.747, 2, 0 %, 0 %, 35270 MiB, 36.80 W
2026/09/19 23:16:14.748, 0, 0 %, 0 %, 35271 MiB, 36.35 W
2026/09/19 23:16:14.748, 1, 0 %, 0 %, 35271 MiB, 35.34 W
2026/09/19 23:16:14.749, 2, 0 %, 0 %, 35270 MiB, 36.69 W
2026/09/19 23:16:19.749, 0, 100 %, 7 %, 35271 MiB, 90.01 W
2026/09/19 23:16:19.749, 1, 100 %, 13 %, 35271 MiB, 86.66 W
2026/09/19 23:16:19.749, 2, 100 %, 10 %, 35270 MiB, 93.32 W
2026/09/19 23:16:24.750, 0, 100 %, 16 %, 35271 MiB, 92.90 W
2026/09/19 23:16:24.750, 1, 100 %, 10 %, 35271 MiB, 85.94 W
2026/09/19 23:16:24.750, 2, 100 %, 6 %, 35270 MiB, 91.08 W
2026/09/19 23:16:29.750, 0, 100 %, 6 %, 35271 MiB, 93.96 W
2026/09/19 23:16:29.751, 1, 100 %, 6 %, 35271 MiB, 85.55 W
2026/09/19 23:16:29.751, 2, 100 %, 7 %, 35270 MiB, 92.66 W
2026/09/19 23:16:34.751, 0, 100 %, 8 %, 35271 MiB, 91.85 W
2026/09/19 23:16:34.751, 1, 100 %, 6 %, 35271 MiB, 86.19 W
2026/09/19 23:16:34.751, 2, 100 %, 7 %, 35270 MiB, 87.65 W
2026/09/19 23:16:39.752, 0, 100 %, 6 %, 35271 MiB, 98.63 W
2026/09/19 23:16:39.752, 1, 100 %, 6 %, 35271 MiB, 92.56 W
2026/09/19 23:16:39.752, 2, 100 %, 10 %, 35270 MiB, 84.55 W
2026/09/19 23:16:44.752, 0, 100 %, 7 %, 35271 MiB, 92.27 W
2026/09/19 23:16:44.752, 1, 100 %, 6 %, 35271 MiB, 89.18 W
2026/09/19 23:16:44.752, 2, 100 %, 6 %, 35270 MiB, 87.82 W
2026/09/19 23:16:49.753, 0, 100 %, 7 %, 35271 MiB, 91.21 W
2026/09/19 23:16:49.753, 1, 100 %, 10 %, 35271 MiB, 86.42 W
2026/09/19 23:16:49.753, 2, 99 %, 6 %, 35270 MiB, 87.88 W
2026/09/19 23:16:54.754, 0, 100 %, 7 %, 35271 MiB, 94.29 W
2026/09/19 23:16:54.754, 1, 100 %, 6 %, 35271 MiB, 88.60 W
2026/09/19 23:16:54.754, 2, 100 %, 10 %, 35270 MiB, 82.42 W
2026/09/19 23:16:59.754, 0, 100 %, 7 %, 35271 MiB, 91.31 W
2026/09/19 23:16:59.755, 1, 100 %, 7 %, 35271 MiB, 83.85 W
2026/09/19 23:16:59.755, 2, 100 %, 7 %, 35270 MiB, 90.38 W
2026/09/19 23:17:04.755, 0, 100 %, 11 %, 35271 MiB, 87.25 W
2026/09/19 23:17:04.755, 1, 100 %, 7 %, 35271 MiB, 83.51 W
2026/09/19 23:17:04.755, 2, 100 %, 7 %, 35270 MiB, 89.22 W
2026/09/19 23:17:09.756, 0, 100 %, 8 %, 35271 MiB, 86.68 W
2026/09/19 23:17:09.756, 1, 100 %, 6 %, 35271 MiB, 82.51 W
2026/09/19 23:17:09.756, 2, 100 %, 10 %, 35270 MiB, 86.03 W
2026/09/19 23:17:14.756, 0, 100 %, 7 %, 35271 MiB, 88.88 W
2026/09/19 23:17:14.757, 1, 100 %, 10 %, 35271 MiB, 84.33 W
2026/09/19 23:17:14.757, 2, 100 %, 10 %, 35270 MiB, 124.89 W
2026/09/19 23:17:19.757, 0, 100 %, 10 %, 35271 MiB, 89.93 W
2026/09/19 23:17:19.758, 1, 100 %, 10 %, 35271 MiB, 85.16 W
2026/09/19 23:17:19.758, 2, 100 %, 10 %, 35270 MiB, 88.40 W
2026/09/19 23:17:24.758, 0, 100 %, 6 %, 35271 MiB, 87.20 W
2026/09/19 23:17:24.758, 1, 100 %, 7 %, 35271 MiB, 85.29 W
2026/09/19 23:17:24.758, 2, 100 %, 12 %, 35270 MiB, 87.81 W
2026/09/19 23:17:29.759, 0, 100 %, 7 %, 35271 MiB, 90.54 W
2026/09/19 23:17:29.759, 1, 100 %, 6 %, 35271 MiB, 86.70 W
2026/09/19 23:17:29.759, 2, 100 %, 6 %, 35270 MiB, 88.81 W
2026/09/19 23:17:34.760, 0, 100 %, 10 %, 35271 MiB, 90.48 W
2026/09/19 23:17:34.760, 1, 100 %, 10 %, 35271 MiB, 108.10 W
2026/09/19 23:17:34.760, 2, 99 %, 10 %, 35270 MiB, 84.87 W
2026/09/19 23:17:39.760, 0, 100 %, 7 %, 35271 MiB, 86.75 W
2026/09/19 23:17:39.760, 1, 100 %, 6 %, 35271 MiB, 82.54 W
2026/09/19 23:17:39.760, 2, 100 %, 10 %, 35270 MiB, 85.65 W
2026/09/19 23:17:44.761, 0, 100 %, 7 %, 35271 MiB, 86.91 W
2026/09/19 23:17:44.761, 1, 100 %, 7 %, 35271 MiB, 85.37 W
2026/09/19 23:17:44.761, 2, 100 %, 7 %, 35270 MiB, 86.18 W
2026/09/19 23:17:49.761, 0, 100 %, 13 %, 35271 MiB, 94.49 W
2026/09/19 23:17:49.762, 1, 100 %, 13 %, 35271 MiB, 83.71 W
2026/09/19 23:17:49.762, 2, 100 %, 7 %, 35270 MiB, 87.12 W
2026/09/19 23:17:54.762, 0, 0 %, 0 %, 35271 MiB, 38.09 W
2026/09/19 23:17:54.762, 1, 0 %, 0 %, 35271 MiB, 56.78 W
2026/09/19 23:17:54.762, 2, 0 %, 0 %, 35270 MiB, 38.64 W
2026/09/19 23:17:59.763, 0, 0 %, 0 %, 35271 MiB, 37.59 W
2026/09/19 23:17:59.763, 1, 0 %, 0 %, 35271 MiB, 37.36 W
2026/09/19 23:17:59.763, 2, 0 %, 0 %, 35270 MiB, 38.23 W
2026/09/19 23:18:04.765, 0, 0 %, 0 %, 35271 MiB, 37.48 W
2026/09/19 23:18:04.765, 1, 0 %, 0 %, 35271 MiB, 37.35 W
2026/09/19 23:18:04.765, 2, 0 %, 0 %, 35270 MiB, 38.23 W
2026/09/19 23:18:09.767, 0, 0 %, 0 %, 35271 MiB, 37.29 W
2026/09/19 23:18:09.767, 1, 0 %, 0 %, 35271 MiB, 37.06 W
2026/09/19 23:18:09.767, 2, 0 %, 0 %, 35270 MiB, 37.92 W
2026/09/19 23:18:14.768, 0, 0 %, 0 %, 35271 MiB, 37.39 W
2026/09/19 23:18:14.768, 1, 0 %, 0 %, 35271 MiB, 36.77 W
2026/09/19 23:18:14.768, 2, 0 %, 0 %, 35270 MiB, 37.73 W
2026/09/19 23:18:19.770, 0, 0 %, 0 %, 35271 MiB, 36.98 W
2026/09/19 23:18:19.770, 1, 0 %, 0 %, 35271 MiB, 36.77 W
2026/09/19 23:18:19.770, 2, 0 %, 0 %, 35270 MiB, 37.73 W
2026/09/19 23:18:24.771, 0, 0 %, 0 %, 35271 MiB, 36.80 W
2026/09/19 23:18:24.771, 1, 0 %, 0 %, 35271 MiB, 36.87 W
2026/09/19 23:18:24.771, 2, 0 %, 0 %, 35270 MiB, 37.63 W
2026/09/19 23:18:29.773, 0, 0 %, 0 %, 35271 MiB, 36.70 W
2026/09/19 23:18:29.773, 1, 0 %, 0 %, 35271 MiB, 36.58 W
2026/09/19 23:18:29.773, 2, 0 %, 0 %, 35270 MiB, 37.53 W
2026/09/19 23:18:34.775, 0, 0 %, 0 %, 35271 MiB, 36.79 W
2026/09/19 23:18:34.775, 1, 0 %, 0 %, 35271 MiB, 36.47 W
2026/09/19 23:18:34.775, 2, 0 %, 0 %, 35270 MiB, 37.43 W
2026/09/19 23:18:39.777, 0, 0 %, 0 %, 35271 MiB, 36.60 W
2026/09/19 23:18:39.777, 1, 0 %, 0 %, 35271 MiB, 36.47 W
2026/09/19 23:18:39.777, 2, 0 %, 0 %, 35270 MiB, 37.43 W
2026/09/19 23:18:44.779, 0, 0 %, 0 %, 35271 MiB, 36.31 W
2026/09/19 23:18:44.779, 1, 0 %, 0 %, 35271 MiB, 36.58 W
2026/09/19 23:18:44.779, 2, 0 %, 0 %, 35270 MiB, 37.24 W
2026/09/19 23:18:49.780, 0, 0 %, 0 %, 35271 MiB, 36.89 W
2026/09/19 23:18:49.780, 1, 0 %, 0 %, 35271 MiB, 36.47 W
2026/09/19 23:18:49.780, 2, 0 %, 0 %, 35270 MiB, 37.53 W
2026/09/19 23:18:54.782, 0, 0 %, 0 %, 35271 MiB, 36.99 W
2026/09/19 23:18:54.782, 1, 0 %, 0 %, 35271 MiB, 36.37 W
2026/09/19 23:18:54.782, 2, 0 %, 0 %, 35270 MiB, 37.34 W
2026/09/19 23:18:59.784, 0, 0 %, 0 %, 35271 MiB, 36.90 W
2026/09/19 23:18:59.784, 1, 0 %, 0 %, 35271 MiB, 36.08 W
2026/09/19 23:18:59.784, 2, 0 %, 0 %, 35270 MiB, 37.24 W
2026/09/19 23:19:04.785, 0, 0 %, 0 %, 35271 MiB, 36.89 W
2026/09/19 23:19:04.785, 1, 0 %, 0 %, 35271 MiB, 36.08 W
2026/09/19 23:19:04.785, 2, 0 %, 0 %, 35270 MiB, 37.14 W
2026/09/19 23:19:09.787, 0, 0 %, 0 %, 35271 MiB, 36.79 W
2026/09/19 23:19:09.787, 1, 0 %, 0 %, 35271 MiB, 36.17 W
2026/09/19 23:19:09.787, 2, 0 %, 0 %, 35270 MiB, 37.04 W
2026/09/19 23:19:14.788, 0, 0 %, 0 %, 35271 MiB, 36.82 W
2026/09/19 23:19:14.788, 1, 0 %, 0 %, 35271 MiB, 36.00 W
2026/09/19 23:19:14.788, 2, 0 %, 0 %, 35270 MiB, 37.04 W
2026/09/19 23:19:19.789, 0, 0 %, 0 %, 35271 MiB, 36.74 W
2026/09/19 23:19:19.790, 1, 0 %, 0 %, 35271 MiB, 35.83 W
2026/09/19 23:19:19.790, 2, 0 %, 0 %, 35270 MiB, 36.99 W
2026/09/19 23:19:24.790, 0, 0 %, 0 %, 35271 MiB, 36.55 W
2026/09/19 23:19:24.790, 1, 0 %, 0 %, 35271 MiB, 35.83 W
2026/09/19 23:19:24.790, 2, 0 %, 0 %, 35270 MiB, 36.99 W
2026/09/19 23:19:29.791, 0, 0 %, 0 %, 35271 MiB, 36.74 W
2026/09/19 23:19:29.791, 1, 0 %, 0 %, 35271 MiB, 35.73 W
2026/09/19 23:19:29.791, 2, 0 %, 0 %, 35270 MiB, 36.99 W
2026/09/19 23:19:34.791, 0, 0 %, 0 %, 35271 MiB, 36.45 W
2026/09/19 23:19:34.792, 1, 0 %, 0 %, 35271 MiB, 35.92 W
2026/09/19 23:19:34.792, 2, 0 %, 0 %, 35270 MiB, 37.19 W
2026/09/19 23:19:39.792, 0, 0 %, 0 %, 35271 MiB, 36.45 W
2026/09/19 23:19:39.792, 1, 0 %, 0 %, 35271 MiB, 35.84 W
2026/09/19 23:19:39.792, 2, 0 %, 0 %, 35270 MiB, 36.99 W
2026/09/19 23:19:44.793, 0, 0 %, 0 %, 35271 MiB, 36.45 W
2026/09/19 23:19:44.793, 1, 0 %, 0 %, 35271 MiB, 36.02 W
2026/09/19 23:19:44.793, 2, 0 %, 0 %, 35270 MiB, 36.90 W
2026/09/19 23:19:49.793, 0, 0 %, 0 %, 35271 MiB, 40.29 W
2026/09/19 23:19:49.793, 1, 0 %, 0 %, 35271 MiB, 35.81 W
2026/09/19 23:19:49.794, 2, 0 %, 0 %, 35270 MiB, 36.97 W
2026/09/19 23:19:54.795, 0, 2 %, 0 %, 35271 MiB, 36.49 W
2026/09/19 23:19:54.795, 1, 0 %, 0 %, 35271 MiB, 35.68 W
2026/09/19 23:19:54.795, 2, 0 %, 0 %, 35270 MiB, 37.04 W
2026/09/19 23:19:59.797, 0, 4 %, 0 %, 35271 MiB, 36.31 W
2026/09/19 23:19:59.797, 1, 0 %, 0 %, 35271 MiB, 35.78 W
2026/09/19 23:19:59.798, 2, 0 %, 0 %, 35270 MiB, 36.94 W
2026/09/19 23:20:04.798, 0, 0 %, 0 %, 35271 MiB, 36.40 W
2026/09/19 23:20:04.798, 1, 0 %, 0 %, 35271 MiB, 36.96 W
2026/09/19 23:20:04.798, 2, 0 %, 0 %, 35270 MiB, 36.94 W
2026/09/19 23:20:09.800, 0, 0 %, 0 %, 35271 MiB, 36.40 W
2026/09/19 23:20:09.800, 1, 0 %, 0 %, 35271 MiB, 35.58 W
2026/09/19 23:20:09.800, 2, 0 %, 0 %, 35270 MiB, 36.74 W
2026/09/19 23:20:14.802, 0, 15 %, 1 %, 35271 MiB, 36.50 W
2026/09/19 23:20:14.802, 1, 0 %, 0 %, 35271 MiB, 35.60 W
2026/09/19 23:20:14.802, 2, 0 %, 0 %, 35270 MiB, 36.65 W
2026/09/19 23:20:19.804, 0, 0 %, 0 %, 35271 MiB, 36.40 W
2026/09/19 23:20:19.804, 1, 0 %, 0 %, 35271 MiB, 35.50 W
2026/09/19 23:20:19.804, 2, 0 %, 0 %, 35270 MiB, 36.75 W
2026/09/19 23:20:24.806, 0, 0 %, 0 %, 35271 MiB, 36.49 W
2026/09/19 23:20:24.806, 1, 0 %, 0 %, 35271 MiB, 35.68 W
2026/09/19 23:20:24.806, 2, 0 %, 0 %, 35270 MiB, 36.75 W
2026/09/19 23:20:29.807, 0, 15 %, 1 %, 35271 MiB, 40.46 W
2026/09/19 23:20:29.807, 1, 0 %, 0 %, 35271 MiB, 35.60 W
2026/09/19 23:20:29.807, 2, 0 %, 0 %, 35270 MiB, 36.64 W
2026/09/19 23:20:34.809, 0, 0 %, 0 %, 35271 MiB, 36.21 W
2026/09/19 23:20:34.809, 1, 0 %, 0 %, 35271 MiB, 35.48 W
2026/09/19 23:20:34.809, 2, 0 %, 0 %, 35270 MiB, 36.64 W
2026/09/19 23:20:39.811, 0, 5 %, 0 %, 35271 MiB, 36.57 W
2026/09/19 23:20:39.811, 1, 0 %, 0 %, 35271 MiB, 35.58 W
2026/09/19 23:20:39.811, 2, 0 %, 0 %, 35270 MiB, 36.53 W
2026/09/19 23:20:44.813, 0, 0 %, 0 %, 35271 MiB, 36.19 W
2026/09/19 23:20:44.813, 1, 0 %, 0 %, 35271 MiB, 35.48 W
2026/09/19 23:20:44.813, 2, 0 %, 0 %, 35270 MiB, 36.64 W
2026/09/19 23:20:49.815, 0, 0 %, 0 %, 35271 MiB, 37.48 W
2026/09/19 23:20:49.815, 1, 0 %, 0 %, 35271 MiB, 35.48 W
2026/09/19 23:20:49.815, 2, 0 %, 0 %, 35270 MiB, 36.75 W
2026/09/19 23:20:54.817, 0, 5 %, 0 %, 35271 MiB, 36.88 W
2026/09/19 23:20:54.817, 1, 0 %, 0 %, 35271 MiB, 35.58 W
2026/09/19 23:20:54.817, 2, 0 %, 0 %, 35270 MiB, 36.63 W
2026/09/19 23:20:59.818, 0, 1 %, 0 %, 35271 MiB, 36.30 W
2026/09/19 23:20:59.818, 1, 0 %, 0 %, 35271 MiB, 35.48 W
2026/09/19 23:20:59.818, 2, 0 %, 0 %, 35270 MiB, 36.75 W
2026/09/19 23:21:04.820, 0, 0 %, 0 %, 35271 MiB, 36.10 W
2026/09/19 23:21:04.820, 1, 0 %, 0 %, 35271 MiB, 35.48 W
2026/09/19 23:21:04.820, 2, 0 %, 0 %, 35270 MiB, 36.74 W
2026/09/19 23:21:09.821, 0, 14 %, 1 %, 35271 MiB, 36.22 W
2026/09/19 23:21:09.822, 1, 0 %, 0 %, 35271 MiB, 35.60 W
2026/09/19 23:21:09.822, 2, 0 %, 0 %, 35270 MiB, 36.75 W
2026/09/19 23:21:14.823, 0, 15 %, 1 %, 35271 MiB, 36.20 W
2026/09/19 23:21:14.823, 1, 0 %, 0 %, 35271 MiB, 35.59 W
2026/09/19 23:21:14.823, 2, 0 %, 0 %, 35270 MiB, 36.54 W
2026/09/19 23:21:19.825, 0, 5 %, 0 %, 35271 MiB, 36.21 W
2026/09/19 23:21:19.825, 1, 0 %, 0 %, 35271 MiB, 35.49 W
2026/09/19 23:21:19.825, 2, 0 %, 0 %, 35270 MiB, 36.54 W
2026/09/19 23:21:24.827, 0, 11 %, 0 %, 35271 MiB, 36.22 W
2026/09/19 23:21:24.828, 1, 0 %, 0 %, 35271 MiB, 35.50 W
2026/09/19 23:21:24.828, 2, 0 %, 0 %, 35270 MiB, 36.54 W
2026/09/19 23:21:29.828, 0, 0 %, 0 %, 35271 MiB, 36.31 W
2026/09/19 23:21:29.828, 1, 15 %, 1 %, 35271 MiB, 35.40 W
2026/09/19 23:21:29.829, 2, 0 %, 0 %, 35270 MiB, 36.54 W
2026/09/19 23:21:34.830, 0, 5 %, 0 %, 35271 MiB, 36.40 W
2026/09/19 23:21:34.830, 1, 0 %, 0 %, 35271 MiB, 35.48 W
2026/09/19 23:21:34.831, 2, 0 %, 0 %, 35270 MiB, 36.54 W
2026/09/19 23:21:39.831, 0, 0 %, 0 %, 35271 MiB, 36.00 W
2026/09/19 23:21:39.831, 1, 0 %, 0 %, 35271 MiB, 40.01 W
2026/09/19 23:21:39.831, 2, 0 %, 0 %, 35270 MiB, 36.64 W
2026/09/19 23:21:44.832, 0, 15 %, 1 %, 35271 MiB, 36.32 W
2026/09/19 23:21:44.832, 1, 15 %, 1 %, 35271 MiB, 35.41 W
2026/09/19 23:21:44.832, 2, 0 %, 0 %, 35270 MiB, 36.57 W
2026/09/19 23:21:49.833, 0, 0 %, 0 %, 35271 MiB, 36.13 W
2026/09/19 23:21:49.834, 1, 15 %, 1 %, 35271 MiB, 35.62 W
2026/09/19 23:21:49.834, 2, 0 %, 0 %, 35270 MiB, 36.57 W
2026/09/19 23:21:54.835, 0, 0 %, 0 %, 35271 MiB, 36.21 W
2026/09/19 23:21:54.835, 1, 0 %, 0 %, 35271 MiB, 35.50 W
2026/09/19 23:21:54.835, 2, 15 %, 1 %, 35270 MiB, 37.04 W
2026/09/19 23:21:59.837, 0, 0 %, 0 %, 35271 MiB, 36.11 W
2026/09/19 23:21:59.843, 1, 0 %, 0 %, 35271 MiB, 35.50 W
2026/09/19 23:21:59.843, 2, 0 %, 0 %, 35270 MiB, 36.64 W
2026/09/19 23:22:04.844, 0, 4 %, 0 %, 35271 MiB, 36.11 W
2026/09/19 23:22:04.844, 1, 0 %, 0 %, 35271 MiB, 35.49 W
2026/09/19 23:22:04.844, 2, 0 %, 0 %, 35270 MiB, 36.75 W
2026/09/19 23:22:09.845, 0, 0 %, 0 %, 35271 MiB, 36.33 W
2026/09/19 23:22:09.845, 1, 0 %, 0 %, 35271 MiB, 35.51 W
2026/09/19 23:22:09.846, 2, 10 %, 0 %, 35270 MiB, 36.57 W
2026/09/19 23:22:14.847, 0, 0 %, 0 %, 35271 MiB, 36.22 W
2026/09/19 23:22:14.847, 1, 0 %, 0 %, 35271 MiB, 35.61 W
2026/09/19 23:22:14.847, 2, 0 %, 0 %, 35270 MiB, 36.75 W
2026/09/19 23:22:19.848, 0, 0 %, 0 %, 35271 MiB, 36.11 W
2026/09/19 23:22:19.848, 1, 12 %, 0 %, 35271 MiB, 35.50 W
2026/09/19 23:22:19.848, 2, 0 %, 0 %, 35270 MiB, 36.65 W
2026/09/19 23:22:24.849, 0, 0 %, 0 %, 35271 MiB, 36.21 W
2026/09/19 23:22:24.849, 1, 0 %, 0 %, 35271 MiB, 35.59 W
2026/09/19 23:22:24.850, 2, 0 %, 0 %, 35270 MiB, 36.54 W
2026/09/19 23:22:29.851, 0, 0 %, 0 %, 35271 MiB, 36.30 W
2026/09/19 23:22:29.851, 1, 0 %, 0 %, 35271 MiB, 35.48 W
2026/09/19 23:22:29.851, 2, 9 %, 0 %, 35270 MiB, 36.53 W
2026/09/19 23:22:34.852, 0, 0 %, 0 %, 35271 MiB, 36.31 W
2026/09/19 23:22:34.852, 1, 0 %, 0 %, 35271 MiB, 35.29 W
2026/09/19 23:22:34.852, 2, 5 %, 0 %, 35270 MiB, 37.73 W
2026/09/19 23:22:39.854, 0, 0 %, 0 %, 35271 MiB, 36.20 W
2026/09/19 23:22:39.854, 1, 5 %, 0 %, 35271 MiB, 40.81 W
2026/09/19 23:22:39.854, 2, 0 %, 0 %, 35270 MiB, 36.54 W
2026/09/19 23:22:44.856, 0, 0 %, 0 %, 35271 MiB, 36.01 W
2026/09/19 23:22:44.856, 1, 0 %, 0 %, 35271 MiB, 35.60 W
2026/09/19 23:22:44.856, 2, 0 %, 0 %, 35270 MiB, 36.54 W
2026/09/19 23:22:49.858, 0, 0 %, 0 %, 35271 MiB, 36.13 W
2026/09/19 23:22:49.858, 1, 15 %, 1 %, 35271 MiB, 35.51 W
2026/09/19 23:22:49.858, 2, 0 %, 0 %, 35270 MiB, 36.77 W
2026/09/19 23:22:54.860, 0, 0 %, 0 %, 35271 MiB, 36.13 W
2026/09/19 23:22:54.860, 1, 0 %, 0 %, 35271 MiB, 35.31 W
2026/09/19 23:22:54.860, 2, 15 %, 1 %, 35270 MiB, 36.65 W
2026/09/19 23:22:59.861, 0, 0 %, 0 %, 35271 MiB, 36.11 W
2026/09/19 23:22:59.861, 1, 0 %, 0 %, 35271 MiB, 35.68 W
2026/09/19 23:22:59.861, 2, 5 %, 0 %, 35270 MiB, 44.77 W
2026/09/19 23:23:04.863, 0, 0 %, 0 %, 35271 MiB, 36.31 W
2026/09/19 23:23:04.863, 1, 0 %, 0 %, 35271 MiB, 35.59 W
2026/09/19 23:23:04.864, 2, 0 %, 0 %, 35270 MiB, 36.75 W
2026/09/19 23:23:09.865, 0, 0 %, 0 %, 35271 MiB, 36.10 W
2026/09/19 23:23:09.865, 1, 0 %, 0 %, 35271 MiB, 35.48 W
2026/09/19 23:23:09.865, 2, 10 %, 0 %, 35270 MiB, 36.74 W
2026/09/19 23:23:14.866, 0, 0 %, 0 %, 35271 MiB, 36.11 W
2026/09/19 23:23:14.867, 1, 0 %, 0 %, 35271 MiB, 35.49 W
2026/09/19 23:23:14.867, 2, 30 %, 1 %, 35270 MiB, 36.74 W
2026/09/19 23:23:19.868, 0, 0 %, 0 %, 35271 MiB, 36.10 W
2026/09/19 23:23:19.868, 1, 5 %, 0 %, 35271 MiB, 35.59 W
2026/09/19 23:23:19.868, 2, 15 %, 1 %, 35270 MiB, 36.75 W
2026/09/19 23:23:24.869, 0, 0 %, 0 %, 35271 MiB, 36.32 W
2026/09/19 23:23:24.869, 1, 0 %, 0 %, 35271 MiB, 35.51 W
2026/09/19 23:23:24.869, 2, 0 %, 0 %, 35270 MiB, 36.64 W
2026/09/19 23:23:29.870, 0, 0 %, 0 %, 35271 MiB, 36.13 W
2026/09/19 23:23:29.870, 1, 0 %, 0 %, 35271 MiB, 35.32 W
2026/09/19 23:23:29.870, 2, 0 %, 0 %, 35270 MiB, 36.67 W
2026/09/19 23:23:34.872, 0, 0 %, 0 %, 35271 MiB, 36.11 W
2026/09/19 23:23:34.872, 1, 0 %, 0 %, 35271 MiB, 35.49 W
2026/09/19 23:23:34.872, 2, 15 %, 1 %, 35270 MiB, 37.53 W
2026/09/19 23:23:39.874, 0, 0 %, 0 %, 35271 MiB, 36.20 W
2026/09/19 23:23:39.874, 1, 0 %, 0 %, 35271 MiB, 35.38 W
2026/09/19 23:23:39.874, 2, 0 %, 0 %, 35270 MiB, 36.54 W
2026/09/19 23:23:44.875, 0, 0 %, 0 %, 35271 MiB, 36.31 W
2026/09/19 23:23:44.875, 1, 0 %, 0 %, 35271 MiB, 35.30 W
2026/09/19 23:23:44.875, 2, 0 %, 0 %, 35270 MiB, 36.54 W
2026/09/19 23:23:49.876, 0, 0 %, 0 %, 35271 MiB, 36.21 W
2026/09/19 23:23:49.876, 1, 0 %, 0 %, 35271 MiB, 35.40 W
2026/09/19 23:23:49.876, 2, 0 %, 0 %, 35270 MiB, 36.65 W
2026/09/19 23:23:54.878, 0, 0 %, 0 %, 35271 MiB, 36.01 W
2026/09/19 23:23:54.879, 1, 0 %, 0 %, 35271 MiB, 35.50 W
2026/09/19 23:23:54.879, 2, 15 %, 1 %, 35270 MiB, 36.54 W
2026/09/19 23:23:59.880, 0, 0 %, 0 %, 35271 MiB, 36.03 W
2026/09/19 23:23:59.880, 1, 0 %, 0 %, 35271 MiB, 35.31 W
2026/09/19 23:23:59.880, 2, 0 %, 0 %, 35270 MiB, 36.68 W
2026/09/19 23:24:04.882, 0, 0 %, 0 %, 35271 MiB, 36.11 W
2026/09/19 23:24:04.882, 1, 0 %, 0 %, 35271 MiB, 35.30 W
2026/09/19 23:24:04.882, 2, 0 %, 0 %, 35270 MiB, 36.75 W
2026/09/19 23:24:09.884, 0, 0 %, 0 %, 35271 MiB, 36.10 W
2026/09/19 23:24:09.884, 1, 0 %, 0 %, 35271 MiB, 35.38 W
2026/09/19 23:24:09.884, 2, 0 %, 0 %, 35270 MiB, 36.75 W
2026/09/19 23:24:14.886, 0, 0 %, 0 %, 35271 MiB, 36.09 W
2026/09/19 23:24:14.886, 1, 0 %, 0 %, 35271 MiB, 35.48 W
2026/09/19 23:24:14.887, 2, 0 %, 0 %, 35270 MiB, 36.62 W
2026/09/19 23:24:19.888, 0, 0 %, 0 %, 35271 MiB, 36.29 W
2026/09/19 23:24:19.888, 1, 0 %, 0 %, 35271 MiB, 35.48 W
2026/09/19 23:24:19.888, 2, 0 %, 0 %, 35270 MiB, 36.75 W
2026/09/19 23:24:24.890, 0, 0 %, 0 %, 35271 MiB, 36.10 W
2026/09/19 23:24:24.890, 1, 0 %, 0 %, 35271 MiB, 35.49 W
2026/09/19 23:24:24.890, 2, 0 %, 0 %, 35270 MiB, 36.74 W
2026/09/19 23:24:29.892, 0, 0 %, 0 %, 35271 MiB, 36.21 W
2026/09/19 23:24:29.892, 1, 0 %, 0 %, 35271 MiB, 35.50 W
2026/09/19 23:24:29.892, 2, 0 %, 0 %, 35270 MiB, 36.75 W
2026/09/19 23:24:34.893, 0, 0 %, 0 %, 35271 MiB, 36.13 W
2026/09/19 23:24:34.893, 1, 0 %, 0 %, 35271 MiB, 35.52 W
2026/09/19 23:24:34.893, 2, 0 %, 0 %, 35270 MiB, 36.68 W
2026/09/19 23:24:39.895, 0, 0 %, 0 %, 35271 MiB, 36.30 W
2026/09/19 23:24:39.895, 1, 0 %, 0 %, 35271 MiB, 35.29 W
2026/09/19 23:24:39.895, 2, 0 %, 0 %, 35270 MiB, 36.74 W
2026/09/19 23:24:44.897, 0, 0 %, 0 %, 35271 MiB, 36.20 W
2026/09/19 23:24:44.897, 1, 0 %, 0 %, 35271 MiB, 35.29 W
2026/09/19 23:24:44.897, 2, 0 %, 0 %, 35270 MiB, 36.54 W
2026/09/19 23:24:49.899, 0, 0 %, 0 %, 35271 MiB, 36.29 W
2026/09/19 23:24:49.899, 1, 0 %, 0 %, 35271 MiB, 35.59 W
2026/09/19 23:24:49.899, 2, 0 %, 0 %, 35270 MiB, 36.53 W
2026/09/19 23:24:54.901, 0, 0 %, 0 %, 35271 MiB, 36.21 W
2026/09/19 23:24:54.901, 1, 0 %, 0 %, 35271 MiB, 35.20 W
2026/09/19 23:24:54.902, 2, 0 %, 0 %, 35270 MiB, 36.54 W
2026/09/19 23:24:59.903, 0, 0 %, 0 %, 35271 MiB, 36.11 W
2026/09/19 23:24:59.904, 1, 0 %, 0 %, 35271 MiB, 35.39 W
2026/09/19 23:24:59.904, 2, 0 %, 0 %, 35270 MiB, 36.64 W
2026/09/19 23:25:04.904, 0, 0 %, 0 %, 35271 MiB, 36.01 W
2026/09/19 23:25:04.904, 1, 0 %, 0 %, 35271 MiB, 35.29 W
2026/09/19 23:25:04.905, 2, 0 %, 0 %, 35270 MiB, 36.54 W
2026/09/19 23:25:09.906, 0, 0 %, 0 %, 35271 MiB, 36.01 W
2026/09/19 23:25:09.906, 1, 0 %, 0 %, 35271 MiB, 35.42 W
2026/09/19 23:25:09.906, 2, 0 %, 0 %, 35270 MiB, 36.54 W
2026/09/19 23:25:14.908, 0, 0 %, 0 %, 35271 MiB, 36.28 W
2026/09/19 23:25:14.909, 1, 0 %, 0 %, 35271 MiB, 35.27 W
2026/09/19 23:25:14.909, 2, 0 %, 0 %, 35270 MiB, 36.63 W
2026/09/19 23:25:19.909, 0, 0 %, 0 %, 35271 MiB, 36.20 W
2026/09/19 23:25:19.910, 1, 0 %, 0 %, 35271 MiB, 35.48 W
2026/09/19 23:25:19.910, 2, 0 %, 0 %, 35270 MiB, 36.74 W
2026/09/19 23:25:24.910, 0, 0 %, 0 %, 35271 MiB, 36.10 W
2026/09/19 23:25:24.911, 1, 0 %, 0 %, 35271 MiB, 35.48 W
2026/09/19 23:25:24.911, 2, 0 %, 0 %, 35270 MiB, 36.75 W
2026/09/19 23:25:29.911, 0, 0 %, 0 %, 35271 MiB, 36.22 W
2026/09/19 23:25:29.911, 1, 0 %, 0 %, 35271 MiB, 35.51 W
2026/09/19 23:25:29.911, 2, 0 %, 0 %, 35270 MiB, 36.76 W
2026/09/19 23:25:34.912, 0, 0 %, 0 %, 35271 MiB, 36.23 W
2026/09/19 23:25:34.912, 1, 0 %, 0 %, 35271 MiB, 35.51 W
2026/09/19 23:25:34.912, 2, 0 %, 0 %, 35270 MiB, 36.97 W
2026/09/19 23:25:39.914, 0, 0 %, 0 %, 35271 MiB, 36.20 W
2026/09/19 23:25:39.914, 1, 0 %, 0 %, 35271 MiB, 35.58 W
2026/09/19 23:25:39.915, 2, 0 %, 0 %, 35270 MiB, 37.33 W
2026/09/19 23:25:44.916, 0, 0 %, 0 %, 35271 MiB, 36.09 W
2026/09/19 23:25:44.916, 1, 0 %, 0 %, 35271 MiB, 35.38 W
2026/09/19 23:25:44.916, 2, 0 %, 0 %, 35270 MiB, 36.53 W
2026/09/19 23:25:49.917, 0, 0 %, 0 %, 35271 MiB, 36.40 W
2026/09/19 23:25:49.917, 1, 0 %, 0 %, 35271 MiB, 35.39 W
2026/09/19 23:25:49.917, 2, 0 %, 0 %, 35270 MiB, 36.64 W
2026/09/19 23:25:54.919, 0, 0 %, 0 %, 35271 MiB, 36.21 W
2026/09/19 23:25:54.919, 1, 0 %, 0 %, 35271 MiB, 35.29 W
2026/09/19 23:25:54.919, 2, 0 %, 0 %, 35270 MiB, 36.75 W
2026/09/19 23:25:59.921, 0, 0 %, 0 %, 35271 MiB, 36.21 W
2026/09/19 23:25:59.921, 1, 0 %, 0 %, 35271 MiB, 35.40 W
2026/09/19 23:25:59.921, 2, 0 %, 0 %, 35270 MiB, 36.66 W
2026/09/19 23:26:04.923, 0, 0 %, 0 %, 35271 MiB, 36.22 W
2026/09/19 23:26:04.923, 1, 0 %, 0 %, 35271 MiB, 35.50 W
2026/09/19 23:26:04.923, 2, 0 %, 0 %, 35270 MiB, 36.64 W
