timestamp, index, utilization.gpu [%], utilization.memory [%], memory.used [MiB], power.draw [W]
2026/09/20 05:58:00.429, 0, 0 %, 0 %, 0 MiB, 36.83 W
2026/09/20 05:58:00.438, 1, 0 %, 0 %, 0 MiB, 37.00 W
2026/09/20 05:58:00.447, 2, 0 %, 0 %, 0 MiB, 35.12 W
2026/09/20 05:58:05.457, 0, 0 %, 0 %, 0 MiB, 36.73 W
2026/09/20 05:58:05.457, 1, 0 %, 0 %, 0 MiB, 36.98 W
2026/09/20 05:58:05.457, 2, 0 %, 0 %, 0 MiB, 35.10 W
2026/09/20 05:58:10.457, 0, 0 %, 0 %, 35258 MiB, 38.90 W
2026/09/20 05:58:10.458, 1, 0 %, 0 %, 35258 MiB, 38.96 W
2026/09/20 05:58:10.458, 2, 0 %, 0 %, 35258 MiB, 36.88 W
2026/09/20 05:58:15.459, 0, 0 %, 0 %, 35264 MiB, 38.71 W
2026/09/20 05:58:15.459, 1, 0 %, 0 %, 35264 MiB, 38.88 W
2026/09/20 05:58:15.460, 2, 0 %, 0 %, 35264 MiB, 36.79 W
2026/09/20 05:58:20.460, 0, 0 %, 0 %, 35270 MiB, 38.71 W
2026/09/20 05:58:20.461, 1, 0 %, 0 %, 35270 MiB, 38.88 W
2026/09/20 05:58:20.461, 2, 0 %, 0 %, 35270 MiB, 36.89 W
2026/09/20 05:58:25.462, 0, 0 %, 0 %, 35270 MiB, 38.71 W
2026/09/20 05:58:25.462, 1, 0 %, 0 %, 35270 MiB, 38.88 W
2026/09/20 05:58:25.462, 2, 0 %, 0 %, 35270 MiB, 36.89 W
2026/09/20 05:58:30.463, 0, 0 %, 0 %, 35270 MiB, 38.71 W
2026/09/20 05:58:30.463, 1, 0 %, 0 %, 35270 MiB, 38.97 W
2026/09/20 05:58:30.463, 2, 0 %, 0 %, 35270 MiB, 36.79 W
2026/09/20 05:58:35.464, 0, 0 %, 0 %, 35270 MiB, 58.98 W
2026/09/20 05:58:35.464, 1, 0 %, 0 %, 35270 MiB, 39.07 W
2026/09/20 05:58:35.464, 2, 0 %, 0 %, 35270 MiB, 37.09 W
2026/09/20 05:58:40.465, 0, 0 %, 0 %, 35270 MiB, 38.84 W
2026/09/20 05:58:40.465, 1, 0 %, 0 %, 35270 MiB, 38.90 W
2026/09/20 05:58:40.465, 2, 0 %, 0 %, 35270 MiB, 37.19 W
2026/09/20 05:58:45.465, 0, 0 %, 0 %, 35270 MiB, 39.03 W
2026/09/20 05:58:45.465, 1, 0 %, 0 %, 35270 MiB, 38.80 W
2026/09/20 05:58:45.465, 2, 0 %, 0 %, 35270 MiB, 36.91 W
2026/09/20 05:58:50.466, 0, 0 %, 0 %, 35270 MiB, 38.62 W
2026/09/20 05:58:50.466, 1, 0 %, 0 %, 35270 MiB, 38.90 W
2026/09/20 05:58:50.466, 2, 0 %, 0 %, 35270 MiB, 37.11 W
2026/09/20 05:58:55.467, 0, 0 %, 0 %, 35270 MiB, 38.91 W
2026/09/20 05:58:55.467, 1, 0 %, 0 %, 35270 MiB, 38.90 W
2026/09/20 05:58:55.467, 2, 0 %, 0 %, 35270 MiB, 37.10 W
2026/09/20 05:59:00.467, 0, 0 %, 0 %, 35270 MiB, 38.71 W
2026/09/20 05:59:00.467, 1, 0 %, 0 %, 35270 MiB, 38.88 W
2026/09/20 05:59:00.468, 2, 0 %, 0 %, 35270 MiB, 37.18 W
2026/09/20 05:59:05.468, 0, 0 %, 0 %, 35270 MiB, 38.82 W
2026/09/20 05:59:05.468, 1, 0 %, 0 %, 35270 MiB, 38.98 W
2026/09/20 05:59:05.468, 2, 0 %, 0 %, 35270 MiB, 36.99 W
2026/09/20 05:59:10.469, 0, 0 %, 0 %, 35270 MiB, 38.83 W
2026/09/20 05:59:10.469, 1, 0 %, 0 %, 35270 MiB, 38.90 W
2026/09/20 05:59:10.469, 2, 0 %, 0 %, 35270 MiB, 37.10 W
2026/09/20 05:59:15.470, 0, 0 %, 0 %, 35270 MiB, 38.71 W
2026/09/20 05:59:15.470, 1, 0 %, 0 %, 35270 MiB, 38.90 W
2026/09/20 05:59:15.470, 2, 0 %, 0 %, 35270 MiB, 36.90 W
2026/09/20 05:59:20.470, 0, 0 %, 0 %, 35270 MiB, 38.72 W
2026/09/20 05:59:20.471, 1, 0 %, 0 %, 35270 MiB, 39.00 W
2026/09/20 05:59:20.471, 2, 0 %, 0 %, 35270 MiB, 37.00 W
2026/09/20 05:59:25.471, 0, 0 %, 0 %, 35270 MiB, 39.02 W
2026/09/20 05:59:25.471, 1, 0 %, 0 %, 35270 MiB, 39.08 W
2026/09/20 05:59:25.471, 2, 0 %, 0 %, 35270 MiB, 36.91 W
2026/09/20 05:59:30.472, 0, 0 %, 0 %, 35270 MiB, 38.84 W
2026/09/20 05:59:30.472, 1, 0 %, 0 %, 35270 MiB, 39.00 W
2026/09/20 05:59:30.472, 2, 0 %, 0 %, 35270 MiB, 37.01 W
2026/09/20 05:59:35.472, 0, 0 %, 0 %, 35270 MiB, 38.82 W
2026/09/20 05:59:35.472, 1, 0 %, 0 %, 35270 MiB, 38.99 W
2026/09/20 05:59:35.472, 2, 0 %, 0 %, 35270 MiB, 36.91 W
2026/09/20 05:59:40.473, 0, 0 %, 0 %, 35270 MiB, 38.81 W
2026/09/20 05:59:40.473, 1, 0 %, 0 %, 35270 MiB, 39.09 W
2026/09/20 05:59:40.473, 2, 0 %, 0 %, 35270 MiB, 36.99 W
2026/09/20 05:59:45.473, 0, 0 %, 0 %, 35270 MiB, 38.92 W
2026/09/20 05:59:45.474, 1, 0 %, 0 %, 35270 MiB, 38.98 W
2026/09/20 05:59:45.474, 2, 0 %, 0 %, 35270 MiB, 37.09 W
2026/09/20 05:59:50.474, 0, 0 %, 0 %, 35270 MiB, 39.02 W
2026/09/20 05:59:50.474, 1, 0 %, 0 %, 35270 MiB, 38.79 W
2026/09/20 05:59:50.474, 2, 0 %, 0 %, 35270 MiB, 37.09 W
2026/09/20 05:59:55.475, 0, 0 %, 0 %, 35270 MiB, 38.93 W
2026/09/20 05:59:55.475, 1, 0 %, 0 %, 35270 MiB, 38.90 W
2026/09/20 05:59:55.475, 2, 0 %, 0 %, 35270 MiB, 37.01 W
2026/09/20 06:00:00.475, 0, 0 %, 0 %, 35270 MiB, 39.22 W
2026/09/20 06:00:00.476, 1, 0 %, 0 %, 35270 MiB, 38.90 W
2026/09/20 06:00:00.476, 2, 0 %, 0 %, 35270 MiB, 37.10 W
2026/09/20 06:00:05.476, 0, 0 %, 0 %, 35270 MiB, 38.83 W
2026/09/20 06:00:05.476, 1, 0 %, 0 %, 35270 MiB, 38.90 W
2026/09/20 06:00:05.476, 2, 0 %, 0 %, 35270 MiB, 37.00 W
2026/09/20 06:00:10.477, 0, 0 %, 0 %, 35270 MiB, 38.71 W
2026/09/20 06:00:10.477, 1, 0 %, 0 %, 35270 MiB, 38.98 W
2026/09/20 06:00:10.477, 2, 0 %, 0 %, 35270 MiB, 37.10 W
2026/09/20 06:00:15.478, 0, 0 %, 0 %, 35270 MiB, 38.81 W
2026/09/20 06:00:15.478, 1, 0 %, 0 %, 35270 MiB, 39.09 W
2026/09/20 06:00:15.478, 2, 0 %, 0 %, 35270 MiB, 37.20 W
2026/09/20 06:00:20.479, 0, 0 %, 0 %, 35270 MiB, 39.03 W
2026/09/20 06:00:20.479, 1, 0 %, 0 %, 35270 MiB, 38.99 W
2026/09/20 06:00:20.479, 2, 0 %, 0 %, 35270 MiB, 37.01 W
2026/09/20 06:00:25.479, 0, 0 %, 0 %, 35270 MiB, 38.92 W
2026/09/20 06:00:25.479, 1, 0 %, 0 %, 35270 MiB, 38.99 W
2026/09/20 06:00:25.479, 2, 0 %, 0 %, 35270 MiB, 37.01 W
2026/09/20 06:00:30.480, 0, 0 %, 0 %, 35270 MiB, 38.93 W
2026/09/20 06:00:30.480, 1, 0 %, 0 %, 35270 MiB, 39.09 W
2026/09/20 06:00:30.480, 2, 0 %, 0 %, 35270 MiB, 37.01 W
2026/09/20 06:00:35.481, 0, 0 %, 0 %, 35270 MiB, 38.94 W
2026/09/20 06:00:35.481, 1, 0 %, 0 %, 35270 MiB, 39.10 W
2026/09/20 06:00:35.481, 2, 0 %, 0 %, 35270 MiB, 37.10 W
2026/09/20 06:00:40.481, 0, 0 %, 0 %, 35270 MiB, 38.94 W
2026/09/20 06:00:40.481, 1, 0 %, 0 %, 35270 MiB, 39.08 W
2026/09/20 06:00:40.481, 2, 0 %, 0 %, 35270 MiB, 37.01 W
2026/09/20 06:00:45.482, 0, 0 %, 0 %, 35270 MiB, 38.93 W
2026/09/20 06:00:45.482, 1, 0 %, 0 %, 35270 MiB, 39.10 W
2026/09/20 06:00:45.482, 2, 0 %, 0 %, 35270 MiB, 37.00 W
2026/09/20 06:00:50.483, 0, 0 %, 0 %, 35270 MiB, 39.02 W
2026/09/20 06:00:50.483, 1, 0 %, 0 %, 35270 MiB, 38.99 W
2026/09/20 06:00:50.483, 2, 0 %, 0 %, 35270 MiB, 37.01 W
2026/09/20 06:00:55.483, 0, 0 %, 0 %, 35270 MiB, 38.93 W
2026/09/20 06:00:55.483, 1, 0 %, 0 %, 35270 MiB, 38.90 W
2026/09/20 06:00:55.483, 2, 0 %, 0 %, 35270 MiB, 37.19 W
2026/09/20 06:01:00.484, 0, 0 %, 0 %, 35270 MiB, 39.12 W
2026/09/20 06:01:00.484, 1, 0 %, 0 %, 35270 MiB, 38.89 W
2026/09/20 06:01:00.484, 2, 0 %, 0 %, 35270 MiB, 37.10 W
2026/09/20 06:01:05.485, 0, 0 %, 0 %, 35270 MiB, 38.71 W
2026/09/20 06:01:05.485, 1, 0 %, 0 %, 35270 MiB, 38.89 W
2026/09/20 06:01:05.485, 2, 0 %, 0 %, 35270 MiB, 37.00 W
2026/09/20 06:01:10.486, 0, 0 %, 0 %, 35270 MiB, 39.03 W
2026/09/20 06:01:10.486, 1, 0 %, 0 %, 35270 MiB, 39.19 W
2026/09/20 06:01:10.486, 2, 0 %, 0 %, 35270 MiB, 37.10 W
2026/09/20 06:01:15.487, 0, 0 %, 0 %, 35270 MiB, 38.81 W
2026/09/20 06:01:15.487, 1, 0 %, 0 %, 35270 MiB, 39.09 W
2026/09/20 06:01:15.487, 2, 0 %, 0 %, 35270 MiB, 37.28 W
2026/09/20 06:01:20.487, 0, 0 %, 0 %, 35270 MiB, 38.92 W
2026/09/20 06:01:20.487, 1, 0 %, 0 %, 35270 MiB, 38.99 W
2026/09/20 06:01:20.487, 2, 0 %, 0 %, 35270 MiB, 37.10 W
2026/09/20 06:01:25.488, 0, 0 %, 0 %, 35270 MiB, 38.94 W
2026/09/20 06:01:25.488, 1, 0 %, 0 %, 35270 MiB, 38.98 W
2026/09/20 06:01:25.488, 2, 0 %, 0 %, 35270 MiB, 37.19 W
2026/09/20 06:01:30.489, 0, 0 %, 0 %, 35270 MiB, 38.82 W
2026/09/20 06:01:30.489, 1, 0 %, 0 %, 35270 MiB, 39.08 W
2026/09/20 06:01:30.489, 2, 0 %, 0 %, 35270 MiB, 37.01 W
2026/09/20 06:01:35.490, 0, 0 %, 0 %, 35270 MiB, 39.12 W
2026/09/20 06:01:35.490, 1, 0 %, 0 %, 35270 MiB, 39.00 W
2026/09/20 06:01:35.490, 2, 0 %, 0 %, 35270 MiB, 37.09 W
2026/09/20 06:01:40.490, 0, 0 %, 0 %, 35270 MiB, 38.91 W
2026/09/20 06:01:40.490, 1, 0 %, 0 %, 35270 MiB, 39.07 W
2026/09/20 06:01:40.490, 2, 0 %, 0 %, 35270 MiB, 36.99 W
2026/09/20 06:01:45.491, 0, 0 %, 0 %, 35270 MiB, 39.02 W
2026/09/20 06:01:45.491, 1, 0 %, 0 %, 35270 MiB, 39.37 W
2026/09/20 06:01:45.491, 2, 0 %, 0 %, 35270 MiB, 37.18 W
2026/09/20 06:01:50.492, 0, 0 %, 0 %, 35270 MiB, 39.02 W
2026/09/20 06:01:50.492, 1, 0 %, 0 %, 35270 MiB, 39.18 W
2026/09/20 06:01:50.492, 2, 0 %, 0 %, 35270 MiB, 36.99 W
2026/09/20 06:01:55.493, 0, 0 %, 0 %, 35270 MiB, 39.12 W
2026/09/20 06:01:55.493, 1, 0 %, 0 %, 35270 MiB, 39.10 W
2026/09/20 06:01:55.493, 2, 0 %, 0 %, 35270 MiB, 37.10 W
2026/09/20 06:02:00.493, 0, 0 %, 0 %, 35270 MiB, 39.02 W
2026/09/20 06:02:00.493, 1, 0 %, 0 %, 35270 MiB, 38.88 W
2026/09/20 06:02:00.493, 2, 0 %, 0 %, 35270 MiB, 37.11 W
2026/09/20 06:02:05.494, 0, 0 %, 0 %, 35270 MiB, 38.73 W
2026/09/20 06:02:05.494, 1, 0 %, 0 %, 35270 MiB, 38.99 W
2026/09/20 06:02:05.494, 2, 0 %, 0 %, 35270 MiB, 37.01 W
2026/09/20 06:02:10.495, 0, 0 %, 0 %, 35270 MiB, 39.02 W
2026/09/20 06:02:10.495, 1, 0 %, 0 %, 35270 MiB, 38.98 W
2026/09/20 06:02:10.495, 2, 0 %, 0 %, 35270 MiB, 37.10 W
2026/09/20 06:02:15.496, 0, 0 %, 0 %, 35270 MiB, 39.03 W
2026/09/20 06:02:15.496, 1, 0 %, 0 %, 35270 MiB, 39.00 W
2026/09/20 06:02:15.496, 2, 0 %, 0 %, 35270 MiB, 37.20 W
2026/09/20 06:02:20.497, 0, 0 %, 0 %, 35270 MiB, 38.93 W
2026/09/20 06:02:20.497, 1, 0 %, 0 %, 35270 MiB, 39.00 W
2026/09/20 06:02:20.497, 2, 0 %, 0 %, 35270 MiB, 37.10 W
2026/09/20 06:02:25.497, 0, 0 %, 0 %, 35270 MiB, 38.92 W
2026/09/20 06:02:25.497, 1, 0 %, 0 %, 35270 MiB, 38.99 W
2026/09/20 06:02:25.497, 2, 0 %, 0 %, 35270 MiB, 37.19 W
2026/09/20 06:02:30.498, 0, 0 %, 0 %, 35270 MiB, 39.04 W
2026/09/20 06:02:30.498, 1, 0 %, 0 %, 35270 MiB, 39.00 W
2026/09/20 06:02:30.498, 2, 0 %, 0 %, 35270 MiB, 37.29 W
2026/09/20 06:02:35.498, 0, 0 %, 0 %, 35270 MiB, 38.94 W
2026/09/20 06:02:35.498, 1, 0 %, 0 %, 35270 MiB, 39.09 W
2026/09/20 06:02:35.499, 2, 0 %, 0 %, 35270 MiB, 37.10 W
2026/09/20 06:02:40.499, 0, 0 %, 0 %, 35270 MiB, 38.93 W
2026/09/20 06:02:40.499, 1, 0 %, 0 %, 35270 MiB, 39.10 W
2026/09/20 06:02:40.499, 2, 0 %, 0 %, 35270 MiB, 37.00 W
2026/09/20 06:02:45.499, 0, 0 %, 0 %, 35270 MiB, 39.02 W
2026/09/20 06:02:45.500, 1, 0 %, 0 %, 35270 MiB, 39.09 W
2026/09/20 06:02:45.500, 2, 0 %, 0 %, 35270 MiB, 37.01 W
2026/09/20 06:02:50.500, 0, 0 %, 0 %, 35270 MiB, 39.13 W
2026/09/20 06:02:50.500, 1, 0 %, 0 %, 35270 MiB, 39.09 W
2026/09/20 06:02:50.500, 2, 0 %, 0 %, 35270 MiB, 37.20 W
2026/09/20 06:02:55.501, 0, 0 %, 0 %, 35270 MiB, 38.91 W
2026/09/20 06:02:55.501, 1, 0 %, 0 %, 35270 MiB, 39.19 W
2026/09/20 06:02:55.501, 2, 0 %, 0 %, 35270 MiB, 36.99 W
2026/09/20 06:03:00.502, 0, 0 %, 0 %, 35270 MiB, 39.02 W
2026/09/20 06:03:00.502, 1, 0 %, 0 %, 35270 MiB, 39.19 W
2026/09/20 06:03:00.502, 2, 0 %, 0 %, 35270 MiB, 37.00 W
2026/09/20 06:03:05.502, 0, 0 %, 0 %, 35270 MiB, 39.03 W
2026/09/20 06:03:05.502, 1, 0 %, 0 %, 35270 MiB, 38.99 W
2026/09/20 06:03:05.502, 2, 0 %, 0 %, 35270 MiB, 37.01 W
2026/09/20 06:03:10.503, 0, 0 %, 0 %, 35270 MiB, 39.02 W
2026/09/20 06:03:10.503, 1, 0 %, 0 %, 35270 MiB, 39.00 W
2026/09/20 06:03:10.503, 2, 0 %, 0 %, 35270 MiB, 37.19 W
2026/09/20 06:03:15.504, 0, 0 %, 0 %, 35270 MiB, 39.02 W
2026/09/20 06:03:15.504, 1, 0 %, 0 %, 35270 MiB, 39.29 W
2026/09/20 06:03:15.504, 2, 0 %, 0 %, 35270 MiB, 37.10 W
2026/09/20 06:03:20.504, 0, 0 %, 0 %, 35270 MiB, 39.04 W
2026/09/20 06:03:20.505, 1, 0 %, 0 %, 35270 MiB, 39.10 W
2026/09/20 06:03:20.505, 2, 0 %, 0 %, 35270 MiB, 37.10 W
2026/09/20 06:03:25.505, 0, 0 %, 0 %, 35270 MiB, 39.13 W
2026/09/20 06:03:25.505, 1, 0 %, 0 %, 35270 MiB, 39.00 W
2026/09/20 06:03:25.505, 2, 0 %, 0 %, 35270 MiB, 37.20 W
2026/09/20 06:03:30.506, 0, 0 %, 0 %, 35270 MiB, 38.92 W
2026/09/20 06:03:30.506, 1, 0 %, 0 %, 35270 MiB, 39.00 W
2026/09/20 06:03:30.506, 2, 0 %, 0 %, 35270 MiB, 37.28 W
2026/09/20 06:03:35.507, 0, 0 %, 0 %, 35270 MiB, 38.91 W
2026/09/20 06:03:35.507, 1, 0 %, 0 %, 35270 MiB, 39.17 W
2026/09/20 06:03:35.507, 2, 0 %, 0 %, 35270 MiB, 37.18 W
2026/09/20 06:03:40.508, 0, 0 %, 0 %, 35270 MiB, 39.02 W
2026/09/20 06:03:40.508, 1, 0 %, 0 %, 35270 MiB, 39.10 W
2026/09/20 06:03:40.508, 2, 0 %, 0 %, 35270 MiB, 37.29 W
2026/09/20 06:03:45.508, 0, 0 %, 0 %, 35270 MiB, 39.13 W
2026/09/20 06:03:45.508, 1, 0 %, 0 %, 35270 MiB, 39.10 W
2026/09/20 06:03:45.508, 2, 0 %, 0 %, 35270 MiB, 36.91 W
2026/09/20 06:03:50.509, 0, 0 %, 0 %, 35270 MiB, 38.92 W
2026/09/20 06:03:50.509, 1, 0 %, 0 %, 35270 MiB, 39.10 W
2026/09/20 06:03:50.509, 2, 0 %, 0 %, 35270 MiB, 37.11 W
2026/09/20 06:03:55.510, 0, 0 %, 0 %, 35270 MiB, 38.94 W
2026/09/20 06:03:55.510, 1, 0 %, 0 %, 35270 MiB, 39.09 W
2026/09/20 06:03:55.510, 2, 0 %, 0 %, 35270 MiB, 37.11 W
2026/09/20 06:04:00.510, 0, 0 %, 0 %, 35270 MiB, 38.93 W
2026/09/20 06:04:00.510, 1, 0 %, 0 %, 35270 MiB, 39.29 W
2026/09/20 06:04:00.510, 2, 0 %, 0 %, 35270 MiB, 37.01 W
2026/09/20 06:04:05.511, 0, 0 %, 0 %, 35270 MiB, 38.93 W
2026/09/20 06:04:05.511, 1, 0 %, 0 %, 35270 MiB, 39.10 W
2026/09/20 06:04:05.511, 2, 0 %, 0 %, 35270 MiB, 37.30 W
2026/09/20 06:04:10.512, 0, 0 %, 0 %, 35270 MiB, 39.02 W
2026/09/20 06:04:10.512, 1, 0 %, 0 %, 35270 MiB, 39.38 W
2026/09/20 06:04:10.512, 2, 0 %, 0 %, 35270 MiB, 37.19 W
2026/09/20 06:04:15.513, 0, 0 %, 0 %, 35270 MiB, 39.13 W
2026/09/20 06:04:15.513, 1, 0 %, 0 %, 35270 MiB, 39.09 W
2026/09/20 06:04:15.513, 2, 0 %, 0 %, 35270 MiB, 37.01 W
2026/09/20 06:04:20.513, 0, 0 %, 0 %, 35270 MiB, 39.13 W
2026/09/20 06:04:20.514, 1, 0 %, 0 %, 35270 MiB, 39.10 W
2026/09/20 06:04:20.514, 2, 0 %, 0 %, 35270 MiB, 37.09 W
2026/09/20 06:04:25.514, 0, 0 %, 0 %, 35270 MiB, 39.22 W
2026/09/20 06:04:25.514, 1, 0 %, 0 %, 35270 MiB, 39.09 W
2026/09/20 06:04:25.514, 2, 0 %, 0 %, 35270 MiB, 37.30 W
2026/09/20 06:04:30.515, 0, 0 %, 0 %, 35270 MiB, 39.02 W
2026/09/20 06:04:30.515, 1, 0 %, 0 %, 35270 MiB, 39.09 W
2026/09/20 06:04:30.515, 2, 0 %, 0 %, 35270 MiB, 37.30 W
2026/09/20 06:04:35.516, 0, 0 %, 0 %, 35270 MiB, 38.91 W
2026/09/20 06:04:35.516, 1, 0 %, 0 %, 35270 MiB, 39.08 W
2026/09/20 06:04:35.516, 2, 0 %, 0 %, 35270 MiB, 37.19 W
2026/09/20 06:04:40.517, 0, 0 %, 0 %, 35270 MiB, 38.93 W
2026/09/20 06:04:40.517, 1, 0 %, 0 %, 35270 MiB, 39.07 W
2026/09/20 06:04:40.517, 2, 0 %, 0 %, 35270 MiB, 37.20 W
2026/09/20 06:04:45.517, 0, 0 %, 0 %, 35270 MiB, 39.02 W
2026/09/20 06:04:45.517, 1, 0 %, 0 %, 35270 MiB, 39.38 W
2026/09/20 06:04:45.517, 2, 0 %, 0 %, 35270 MiB, 37.40 W
2026/09/20 06:04:50.518, 0, 0 %, 0 %, 35270 MiB, 39.04 W
2026/09/20 06:04:50.518, 1, 0 %, 0 %, 35270 MiB, 39.09 W
2026/09/20 06:04:50.518, 2, 0 %, 0 %, 35270 MiB, 37.10 W
2026/09/20 06:04:55.519, 0, 0 %, 0 %, 35270 MiB, 39.02 W
2026/09/20 06:04:55.519, 1, 0 %, 0 %, 35270 MiB, 39.09 W
2026/09/20 06:04:55.519, 2, 0 %, 0 %, 35270 MiB, 36.99 W
2026/09/20 06:05:00.519, 0, 0 %, 0 %, 35270 MiB, 39.12 W
2026/09/20 06:05:00.519, 1, 0 %, 0 %, 35270 MiB, 39.09 W
2026/09/20 06:05:00.519, 2, 0 %, 0 %, 35270 MiB, 37.10 W
2026/09/20 06:05:05.520, 0, 0 %, 0 %, 35270 MiB, 38.92 W
2026/09/20 06:05:05.520, 1, 0 %, 0 %, 35270 MiB, 39.27 W
2026/09/20 06:05:05.520, 2, 0 %, 0 %, 35270 MiB, 37.10 W
2026/09/20 06:05:10.521, 0, 0 %, 0 %, 35270 MiB, 39.03 W
2026/09/20 06:05:10.521, 1, 0 %, 0 %, 35270 MiB, 39.29 W
2026/09/20 06:05:10.521, 2, 0 %, 0 %, 35270 MiB, 37.10 W
2026/09/20 06:05:15.522, 0, 0 %, 0 %, 35270 MiB, 39.02 W
2026/09/20 06:05:15.522, 1, 0 %, 0 %, 35270 MiB, 39.18 W
2026/09/20 06:05:15.522, 2, 0 %, 0 %, 35270 MiB, 37.09 W
2026/09/20 06:05:20.522, 0, 0 %, 0 %, 35270 MiB, 39.23 W
2026/09/20 06:05:20.522, 1, 0 %, 0 %, 35270 MiB, 39.00 W
2026/09/20 06:05:20.522, 2, 0 %, 0 %, 35270 MiB, 37.10 W
2026/09/20 06:05:25.523, 0, 0 %, 0 %, 35270 MiB, 39.12 W
2026/09/20 06:05:25.523, 1, 0 %, 0 %, 35270 MiB, 39.07 W
2026/09/20 06:05:25.523, 2, 0 %, 0 %, 35270 MiB, 37.18 W
2026/09/20 06:05:30.524, 0, 0 %, 0 %, 35270 MiB, 39.02 W
2026/09/20 06:05:30.524, 1, 0 %, 0 %, 35270 MiB, 39.07 W
2026/09/20 06:05:30.524, 2, 0 %, 0 %, 35270 MiB, 37.18 W
2026/09/20 06:05:35.524, 0, 0 %, 0 %, 35270 MiB, 39.03 W
2026/09/20 06:05:35.524, 1, 0 %, 0 %, 35270 MiB, 39.00 W
2026/09/20 06:05:35.524, 2, 0 %, 0 %, 35270 MiB, 37.19 W
2026/09/20 06:05:40.525, 0, 0 %, 0 %, 35270 MiB, 38.92 W
2026/09/20 06:05:40.525, 1, 0 %, 0 %, 35270 MiB, 39.28 W
2026/09/20 06:05:40.525, 2, 0 %, 0 %, 35270 MiB, 37.19 W
2026/09/20 06:05:45.526, 0, 0 %, 0 %, 35270 MiB, 38.92 W
2026/09/20 06:05:45.526, 1, 0 %, 0 %, 35270 MiB, 39.07 W
2026/09/20 06:05:45.526, 2, 0 %, 0 %, 35270 MiB, 37.29 W
2026/09/20 06:05:50.526, 0, 0 %, 0 %, 35270 MiB, 38.92 W
2026/09/20 06:05:50.526, 1, 0 %, 0 %, 35270 MiB, 39.09 W
2026/09/20 06:05:50.527, 2, 0 %, 0 %, 35270 MiB, 37.19 W
2026/09/20 06:05:55.527, 0, 0 %, 0 %, 35270 MiB, 39.13 W
2026/09/20 06:05:55.527, 1, 0 %, 0 %, 35270 MiB, 39.09 W
2026/09/20 06:05:55.527, 2, 0 %, 0 %, 35270 MiB, 37.11 W
2026/09/20 06:06:00.528, 0, 0 %, 0 %, 35270 MiB, 39.02 W
2026/09/20 06:06:00.528, 1, 0 %, 0 %, 35270 MiB, 39.17 W
2026/09/20 06:06:00.528, 2, 0 %, 0 %, 35270 MiB, 37.10 W
2026/09/20 06:06:05.528, 0, 0 %, 0 %, 35270 MiB, 38.92 W
2026/09/20 06:06:05.529, 1, 0 %, 0 %, 35270 MiB, 39.08 W
2026/09/20 06:06:05.529, 2, 0 %, 0 %, 35270 MiB, 36.99 W
2026/09/20 06:06:10.529, 0, 0 %, 0 %, 35270 MiB, 39.13 W
2026/09/20 06:06:10.529, 1, 0 %, 0 %, 35270 MiB, 39.08 W
2026/09/20 06:06:10.529, 2, 0 %, 0 %, 35270 MiB, 37.01 W
2026/09/20 06:06:15.530, 0, 0 %, 0 %, 35270 MiB, 39.12 W
2026/09/20 06:06:15.530, 1, 0 %, 0 %, 35270 MiB, 39.38 W
2026/09/20 06:06:15.530, 2, 0 %, 0 %, 35270 MiB, 37.10 W
2026/09/20 06:06:20.531, 0, 0 %, 0 %, 35270 MiB, 39.02 W
2026/09/20 06:06:20.531, 1, 0 %, 0 %, 35270 MiB, 39.28 W
2026/09/20 06:06:20.531, 2, 0 %, 0 %, 35270 MiB, 37.28 W
2026/09/20 06:06:25.531, 0, 0 %, 0 %, 35270 MiB, 39.03 W
2026/09/20 06:06:25.531, 1, 0 %, 0 %, 35270 MiB, 39.29 W
2026/09/20 06:06:25.531, 2, 0 %, 0 %, 35270 MiB, 37.10 W
2026/09/20 06:06:30.532, 0, 0 %, 0 %, 35270 MiB, 39.04 W
2026/09/20 06:06:30.532, 1, 0 %, 0 %, 35270 MiB, 39.00 W
2026/09/20 06:06:30.533, 2, 0 %, 0 %, 35270 MiB, 37.10 W
2026/09/20 06:06:35.533, 0, 0 %, 0 %, 35270 MiB, 39.12 W
2026/09/20 06:06:35.533, 1, 0 %, 0 %, 35270 MiB, 39.17 W
2026/09/20 06:06:35.533, 2, 0 %, 0 %, 35270 MiB, 37.09 W
2026/09/20 06:06:40.534, 0, 0 %, 0 %, 35270 MiB, 39.13 W
2026/09/20 06:06:40.534, 1, 0 %, 0 %, 35270 MiB, 39.09 W
2026/09/20 06:06:40.534, 2, 0 %, 0 %, 35270 MiB, 37.29 W
2026/09/20 06:06:45.534, 0, 0 %, 0 %, 35270 MiB, 39.22 W
2026/09/20 06:06:45.534, 1, 0 %, 0 %, 35270 MiB, 39.09 W
2026/09/20 06:06:45.534, 2, 0 %, 0 %, 35270 MiB, 37.20 W
2026/09/20 06:06:50.535, 0, 0 %, 0 %, 35270 MiB, 39.22 W
2026/09/20 06:06:50.535, 1, 0 %, 0 %, 35270 MiB, 39.28 W
2026/09/20 06:06:50.535, 2, 0 %, 0 %, 35270 MiB, 37.18 W
2026/09/20 06:06:55.536, 0, 0 %, 0 %, 35270 MiB, 38.93 W
2026/09/20 06:06:55.536, 1, 0 %, 0 %, 35270 MiB, 39.08 W
2026/09/20 06:06:55.536, 2, 0 %, 0 %, 35270 MiB, 37.20 W
2026/09/20 06:07:00.537, 0, 0 %, 0 %, 35270 MiB, 39.03 W
2026/09/20 06:07:00.537, 1, 0 %, 0 %, 35270 MiB, 39.09 W
2026/09/20 06:07:00.537, 2, 0 %, 0 %, 35270 MiB, 37.20 W
2026/09/20 06:07:05.537, 0, 0 %, 0 %, 35270 MiB, 38.92 W
2026/09/20 06:07:05.538, 1, 0 %, 0 %, 35270 MiB, 39.08 W
2026/09/20 06:07:05.538, 2, 0 %, 0 %, 35270 MiB, 36.99 W
2026/09/20 06:07:10.538, 0, 0 %, 0 %, 35270 MiB, 39.13 W
2026/09/20 06:07:10.538, 1, 0 %, 0 %, 35270 MiB, 39.19 W
2026/09/20 06:07:10.538, 2, 0 %, 0 %, 35270 MiB, 37.10 W
2026/09/20 06:07:15.539, 0, 0 %, 0 %, 35270 MiB, 39.02 W
2026/09/20 06:07:15.539, 1, 0 %, 0 %, 35270 MiB, 39.17 W
2026/09/20 06:07:15.539, 2, 0 %, 0 %, 35270 MiB, 37.09 W
2026/09/20 06:07:20.540, 0, 0 %, 0 %, 35270 MiB, 39.02 W
2026/09/20 06:07:20.540, 1, 0 %, 0 %, 35270 MiB, 39.17 W
2026/09/20 06:07:20.540, 2, 0 %, 0 %, 35270 MiB, 37.18 W
2026/09/20 06:07:25.541, 0, 0 %, 0 %, 35270 MiB, 39.12 W
2026/09/20 06:07:25.541, 1, 0 %, 0 %, 35270 MiB, 39.37 W
2026/09/20 06:07:25.541, 2, 0 %, 0 %, 35270 MiB, 37.09 W
2026/09/20 06:07:30.541, 0, 0 %, 0 %, 35270 MiB, 39.12 W
2026/09/20 06:07:30.542, 1, 0 %, 0 %, 35270 MiB, 39.18 W
2026/09/20 06:07:30.542, 2, 0 %, 0 %, 35270 MiB, 37.09 W
2026/09/20 06:07:35.542, 0, 0 %, 0 %, 35270 MiB, 39.12 W
2026/09/20 06:07:35.542, 1, 0 %, 0 %, 35270 MiB, 39.09 W
2026/09/20 06:07:35.542, 2, 0 %, 0 %, 35270 MiB, 37.30 W
2026/09/20 06:07:40.543, 0, 0 %, 0 %, 35270 MiB, 39.03 W
2026/09/20 06:07:40.543, 1, 0 %, 0 %, 35270 MiB, 38.99 W
2026/09/20 06:07:40.543, 2, 0 %, 0 %, 35270 MiB, 37.10 W
2026/09/20 06:07:45.543, 0, 0 %, 0 %, 35270 MiB, 39.12 W
2026/09/20 06:07:45.544, 1, 0 %, 0 %, 35270 MiB, 39.29 W
2026/09/20 06:07:45.544, 2, 0 %, 0 %, 35270 MiB, 37.20 W
2026/09/20 06:07:50.544, 0, 0 %, 0 %, 35270 MiB, 39.12 W
2026/09/20 06:07:50.544, 1, 0 %, 0 %, 35270 MiB, 38.99 W
2026/09/20 06:07:50.545, 2, 0 %, 0 %, 35270 MiB, 37.18 W
2026/09/20 06:07:55.545, 0, 0 %, 0 %, 35270 MiB, 38.92 W
2026/09/20 06:07:55.545, 1, 0 %, 0 %, 35270 MiB, 39.00 W
2026/09/20 06:07:55.545, 2, 0 %, 0 %, 35270 MiB, 37.30 W
2026/09/20 06:08:00.546, 0, 0 %, 0 %, 35270 MiB, 38.92 W
2026/09/20 06:08:00.546, 1, 0 %, 0 %, 35270 MiB, 39.09 W
2026/09/20 06:08:00.546, 2, 0 %, 0 %, 35270 MiB, 37.19 W
2026/09/20 06:08:05.546, 0, 0 %, 0 %, 35270 MiB, 39.12 W
2026/09/20 06:08:05.547, 1, 0 %, 0 %, 35270 MiB, 39.07 W
2026/09/20 06:08:05.547, 2, 0 %, 0 %, 35270 MiB, 37.20 W
2026/09/20 06:08:10.547, 0, 0 %, 0 %, 35270 MiB, 39.02 W
2026/09/20 06:08:10.547, 1, 0 %, 0 %, 35270 MiB, 39.19 W
2026/09/20 06:08:10.547, 2, 0 %, 0 %, 35270 MiB, 37.00 W
2026/09/20 06:08:15.548, 0, 0 %, 0 %, 35270 MiB, 38.93 W
2026/09/20 06:08:15.548, 1, 0 %, 0 %, 35270 MiB, 39.09 W
2026/09/20 06:08:15.548, 2, 0 %, 0 %, 35270 MiB, 37.10 W
2026/09/20 06:08:20.549, 0, 0 %, 0 %, 35270 MiB, 39.02 W
2026/09/20 06:08:20.549, 1, 0 %, 0 %, 35270 MiB, 39.28 W
2026/09/20 06:08:20.549, 2, 0 %, 0 %, 35270 MiB, 37.10 W
2026/09/20 06:08:25.549, 0, 0 %, 0 %, 35270 MiB, 39.12 W
2026/09/20 06:08:25.549, 1, 0 %, 0 %, 35270 MiB, 39.19 W
2026/09/20 06:08:25.549, 2, 0 %, 0 %, 35270 MiB, 37.10 W
2026/09/20 06:08:30.550, 0, 0 %, 0 %, 35270 MiB, 39.02 W
2026/09/20 06:08:30.550, 1, 0 %, 0 %, 35270 MiB, 39.19 W
2026/09/20 06:08:30.550, 2, 0 %, 0 %, 35270 MiB, 37.31 W
2026/09/20 06:08:35.551, 0, 0 %, 0 %, 35270 MiB, 39.03 W
2026/09/20 06:08:35.551, 1, 0 %, 0 %, 35270 MiB, 39.17 W
2026/09/20 06:08:35.551, 2, 0 %, 0 %, 35270 MiB, 37.19 W
2026/09/20 06:08:40.551, 0, 0 %, 0 %, 35270 MiB, 39.13 W
2026/09/20 06:08:40.551, 1, 0 %, 0 %, 35270 MiB, 38.99 W
2026/09/20 06:08:40.552, 2, 0 %, 0 %, 35270 MiB, 37.10 W
2026/09/20 06:08:45.552, 0, 0 %, 0 %, 35270 MiB, 39.22 W
2026/09/20 06:08:45.552, 1, 0 %, 0 %, 35270 MiB, 39.08 W
2026/09/20 06:08:45.552, 2, 0 %, 0 %, 35270 MiB, 37.18 W
2026/09/20 06:08:50.553, 0, 100 %, 17 %, 35270 MiB, 90.71 W
2026/09/20 06:08:50.553, 1, 100 %, 15 %, 35270 MiB, 129.94 W
2026/09/20 06:08:50.553, 2, 100 %, 17 %, 35270 MiB, 82.55 W
2026/09/20 06:08:55.553, 0, 0 %, 0 %, 35270 MiB, 39.22 W
2026/09/20 06:08:55.553, 1, 0 %, 0 %, 35270 MiB, 39.47 W
2026/09/20 06:08:55.553, 2, 0 %, 0 %, 35270 MiB, 37.28 W
2026/09/20 06:09:00.554, 0, 0 %, 0 %, 35270 MiB, 39.31 W
2026/09/20 06:09:00.554, 1, 0 %, 0 %, 35270 MiB, 39.18 W
2026/09/20 06:09:00.554, 2, 0 %, 0 %, 35270 MiB, 37.28 W
2026/09/20 06:09:05.554, 0, 0 %, 0 %, 35270 MiB, 39.12 W
2026/09/20 06:09:05.555, 1, 0 %, 0 %, 35270 MiB, 39.08 W
2026/09/20 06:09:05.555, 2, 0 %, 0 %, 35270 MiB, 37.40 W
2026/09/20 06:09:10.555, 0, 0 %, 0 %, 35270 MiB, 39.01 W
2026/09/20 06:09:10.555, 1, 0 %, 0 %, 35270 MiB, 39.17 W
2026/09/20 06:09:10.555, 2, 0 %, 0 %, 35270 MiB, 37.39 W
2026/09/20 06:09:15.556, 0, 0 %, 0 %, 35270 MiB, 39.12 W
2026/09/20 06:09:15.556, 1, 0 %, 0 %, 35270 MiB, 39.56 W
2026/09/20 06:09:15.556, 2, 0 %, 0 %, 35270 MiB, 37.39 W
2026/09/20 06:09:20.556, 0, 0 %, 0 %, 35270 MiB, 39.31 W
2026/09/20 06:09:20.557, 1, 0 %, 0 %, 35270 MiB, 39.29 W
2026/09/20 06:09:20.557, 2, 0 %, 0 %, 35270 MiB, 37.20 W
2026/09/20 06:09:25.557, 0, 0 %, 0 %, 35270 MiB, 39.03 W
2026/09/20 06:09:25.558, 1, 0 %, 0 %, 35270 MiB, 39.28 W
2026/09/20 06:09:25.558, 2, 0 %, 0 %, 35270 MiB, 37.10 W
2026/09/20 06:09:30.558, 0, 0 %, 0 %, 35270 MiB, 39.12 W
2026/09/20 06:09:30.558, 1, 0 %, 0 %, 35270 MiB, 39.39 W
2026/09/20 06:09:30.559, 2, 0 %, 0 %, 35270 MiB, 37.29 W
2026/09/20 06:09:35.559, 0, 0 %, 0 %, 35270 MiB, 39.04 W
2026/09/20 06:09:35.559, 1, 0 %, 0 %, 35270 MiB, 39.38 W
2026/09/20 06:09:35.559, 2, 0 %, 0 %, 35270 MiB, 37.21 W
2026/09/20 06:09:40.560, 0, 0 %, 0 %, 35270 MiB, 39.12 W
2026/09/20 06:09:40.560, 1, 0 %, 0 %, 35270 MiB, 39.38 W
2026/09/20 06:09:40.560, 2, 0 %, 0 %, 35270 MiB, 37.19 W
2026/09/20 06:09:45.561, 0, 0 %, 0 %, 35270 MiB, 39.22 W
2026/09/20 06:09:45.561, 1, 0 %, 0 %, 35270 MiB, 39.29 W
2026/09/20 06:09:45.561, 2, 0 %, 0 %, 35270 MiB, 37.29 W
2026/09/20 06:09:50.561, 0, 0 %, 0 %, 35270 MiB, 39.13 W
2026/09/20 06:09:50.562, 1, 0 %, 0 %, 35270 MiB, 39.17 W
2026/09/20 06:09:50.562, 2, 0 %, 0 %, 35270 MiB, 37.28 W
2026/09/20 06:09:55.562, 0, 0 %, 0 %, 35270 MiB, 39.13 W
2026/09/20 06:09:55.562, 1, 0 %, 0 %, 35270 MiB, 39.10 W
2026/09/20 06:09:55.562, 2, 0 %, 0 %, 35270 MiB, 37.20 W
2026/09/20 06:10:00.563, 0, 0 %, 0 %, 35270 MiB, 39.22 W
2026/09/20 06:10:00.563, 1, 0 %, 0 %, 35270 MiB, 39.09 W
2026/09/20 06:10:00.563, 2, 0 %, 0 %, 35270 MiB, 37.20 W
2026/09/20 06:10:05.563, 0, 0 %, 0 %, 35270 MiB, 39.22 W
2026/09/20 06:10:05.564, 1, 0 %, 0 %, 35270 MiB, 39.38 W
2026/09/20 06:10:05.564, 2, 0 %, 0 %, 35270 MiB, 37.39 W
2026/09/20 06:10:10.564, 0, 0 %, 0 %, 35270 MiB, 38.93 W
2026/09/20 06:10:10.564, 1, 0 %, 0 %, 35270 MiB, 39.18 W
2026/09/20 06:10:10.564, 2, 0 %, 0 %, 35270 MiB, 37.28 W
2026/09/20 06:10:15.565, 0, 0 %, 0 %, 35270 MiB, 39.03 W
2026/09/20 06:10:15.565, 1, 0 %, 0 %, 35270 MiB, 39.10 W
2026/09/20 06:10:15.565, 2, 0 %, 0 %, 35270 MiB, 37.32 W
2026/09/20 06:10:20.565, 0, 0 %, 0 %, 35270 MiB, 39.03 W
2026/09/20 06:10:20.565, 1, 0 %, 0 %, 35270 MiB, 39.19 W
2026/09/20 06:10:20.565, 2, 0 %, 0 %, 35270 MiB, 37.30 W
2026/09/20 06:10:25.566, 0, 0 %, 0 %, 35270 MiB, 39.03 W
2026/09/20 06:10:25.566, 1, 0 %, 0 %, 35270 MiB, 39.29 W
2026/09/20 06:10:25.566, 2, 0 %, 0 %, 35270 MiB, 37.29 W
2026/09/20 06:10:30.567, 0, 0 %, 0 %, 35270 MiB, 39.03 W
2026/09/20 06:10:30.567, 1, 0 %, 0 %, 35270 MiB, 39.19 W
2026/09/20 06:10:30.567, 2, 0 %, 0 %, 35270 MiB, 37.10 W
2026/09/20 06:10:35.567, 0, 0 %, 0 %, 35270 MiB, 39.12 W
2026/09/20 06:10:35.567, 1, 0 %, 0 %, 35270 MiB, 39.29 W
2026/09/20 06:10:35.567, 2, 0 %, 0 %, 35270 MiB, 37.09 W
2026/09/20 06:10:40.568, 0, 0 %, 0 %, 35270 MiB, 39.13 W
2026/09/20 06:10:40.568, 1, 0 %, 0 %, 35270 MiB, 39.38 W
2026/09/20 06:10:40.568, 2, 0 %, 0 %, 35270 MiB, 37.09 W
2026/09/20 06:10:45.568, 0, 0 %, 0 %, 35270 MiB, 39.02 W
2026/09/20 06:10:45.568, 1, 0 %, 0 %, 35270 MiB, 39.27 W
2026/09/20 06:10:45.568, 2, 0 %, 0 %, 35270 MiB, 37.20 W
2026/09/20 06:10:50.569, 0, 0 %, 0 %, 35270 MiB, 39.13 W
2026/09/20 06:10:50.569, 1, 0 %, 0 %, 35270 MiB, 39.19 W
2026/09/20 06:10:50.569, 2, 0 %, 0 %, 35270 MiB, 37.10 W
2026/09/20 06:10:55.569, 0, 0 %, 0 %, 35270 MiB, 39.31 W
2026/09/20 06:10:55.570, 1, 0 %, 0 %, 35270 MiB, 39.17 W
2026/09/20 06:10:55.570, 2, 0 %, 0 %, 35270 MiB, 37.19 W
2026/09/20 06:11:00.570, 0, 0 %, 0 %, 35270 MiB, 39.12 W
2026/09/20 06:11:00.570, 1, 0 %, 0 %, 35270 MiB, 39.17 W
2026/09/20 06:11:00.570, 2, 0 %, 0 %, 35270 MiB, 37.19 W
2026/09/20 06:11:05.571, 0, 0 %, 0 %, 35270 MiB, 39.12 W
2026/09/20 06:11:05.571, 1, 0 %, 0 %, 35270 MiB, 39.07 W
2026/09/20 06:11:05.571, 2, 0 %, 0 %, 35270 MiB, 37.18 W
2026/09/20 06:11:10.572, 0, 0 %, 0 %, 35270 MiB, 39.31 W
2026/09/20 06:11:10.572, 1, 0 %, 0 %, 35270 MiB, 39.46 W
2026/09/20 06:11:10.572, 2, 0 %, 0 %, 35270 MiB, 37.18 W
2026/09/20 06:11:15.572, 0, 0 %, 0 %, 35270 MiB, 39.31 W
2026/09/20 06:11:15.573, 1, 0 %, 0 %, 35270 MiB, 39.28 W
2026/09/20 06:11:15.573, 2, 0 %, 0 %, 35270 MiB, 37.18 W
2026/09/20 06:11:20.573, 0, 0 %, 0 %, 35270 MiB, 39.04 W
2026/09/20 06:11:20.573, 1, 0 %, 0 %, 35270 MiB, 39.19 W
2026/09/20 06:11:20.573, 2, 0 %, 0 %, 35270 MiB, 37.18 W
2026/09/20 06:11:25.574, 0, 0 %, 0 %, 35270 MiB, 39.12 W
2026/09/20 06:11:25.574, 1, 0 %, 0 %, 35270 MiB, 39.19 W
2026/09/20 06:11:25.574, 2, 0 %, 0 %, 35270 MiB, 37.30 W
2026/09/20 06:11:30.574, 0, 0 %, 0 %, 35270 MiB, 39.03 W
2026/09/20 06:11:30.574, 1, 0 %, 0 %, 35270 MiB, 39.17 W
2026/09/20 06:11:30.574, 2, 0 %, 0 %, 35270 MiB, 37.10 W
2026/09/20 06:11:35.575, 0, 0 %, 0 %, 35270 MiB, 39.02 W
2026/09/20 06:11:35.575, 1, 0 %, 0 %, 35270 MiB, 39.18 W
2026/09/20 06:11:35.575, 2, 0 %, 0 %, 35270 MiB, 37.10 W
2026/09/20 06:11:40.576, 0, 0 %, 0 %, 35270 MiB, 39.04 W
2026/09/20 06:11:40.576, 1, 0 %, 0 %, 35270 MiB, 39.28 W
2026/09/20 06:11:40.576, 2, 0 %, 0 %, 35270 MiB, 37.10 W
2026/09/20 06:11:45.577, 0, 0 %, 0 %, 35270 MiB, 39.04 W
2026/09/20 06:11:45.577, 1, 0 %, 0 %, 35270 MiB, 39.29 W
2026/09/20 06:11:45.577, 2, 0 %, 0 %, 35270 MiB, 37.10 W
2026/09/20 06:11:50.577, 0, 0 %, 0 %, 35270 MiB, 39.22 W
2026/09/20 06:11:50.578, 1, 0 %, 0 %, 35270 MiB, 39.47 W
2026/09/20 06:11:50.578, 2, 0 %, 0 %, 35270 MiB, 37.20 W
2026/09/20 06:11:55.578, 0, 0 %, 0 %, 35270 MiB, 39.03 W
2026/09/20 06:11:55.578, 1, 0 %, 0 %, 35270 MiB, 39.28 W
2026/09/20 06:11:55.578, 2, 0 %, 0 %, 35270 MiB, 37.10 W
2026/09/20 06:12:00.579, 0, 0 %, 0 %, 35270 MiB, 39.12 W
2026/09/20 06:12:00.579, 1, 0 %, 0 %, 35270 MiB, 39.17 W
2026/09/20 06:12:00.579, 2, 0 %, 0 %, 35270 MiB, 37.38 W
2026/09/20 06:12:05.579, 0, 0 %, 0 %, 35270 MiB, 39.12 W
2026/09/20 06:12:05.580, 1, 0 %, 0 %, 35270 MiB, 39.10 W
2026/09/20 06:12:05.580, 2, 0 %, 0 %, 35270 MiB, 37.19 W
2026/09/20 06:12:10.580, 0, 0 %, 0 %, 35270 MiB, 39.22 W
2026/09/20 06:12:10.580, 1, 0 %, 0 %, 35270 MiB, 39.27 W
2026/09/20 06:12:10.580, 2, 0 %, 0 %, 35270 MiB, 37.10 W
2026/09/20 06:12:15.581, 0, 0 %, 0 %, 35270 MiB, 39.13 W
2026/09/20 06:12:15.581, 1, 0 %, 0 %, 35270 MiB, 39.19 W
2026/09/20 06:12:15.581, 2, 0 %, 0 %, 35270 MiB, 37.10 W
2026/09/20 06:12:20.581, 0, 0 %, 0 %, 35270 MiB, 39.02 W
2026/09/20 06:12:20.582, 1, 0 %, 0 %, 35270 MiB, 39.07 W
2026/09/20 06:12:20.582, 2, 0 %, 0 %, 35270 MiB, 37.39 W
2026/09/20 06:12:25.582, 0, 0 %, 0 %, 35270 MiB, 39.02 W
2026/09/20 06:12:25.582, 1, 0 %, 0 %, 35270 MiB, 39.08 W
2026/09/20 06:12:25.582, 2, 0 %, 0 %, 35270 MiB, 37.19 W
2026/09/20 06:12:30.583, 0, 0 %, 0 %, 35270 MiB, 39.12 W
2026/09/20 06:12:30.583, 1, 0 %, 0 %, 35270 MiB, 39.08 W
2026/09/20 06:12:30.583, 2, 0 %, 0 %, 35270 MiB, 37.20 W
2026/09/20 06:12:35.583, 0, 0 %, 0 %, 35270 MiB, 39.03 W
2026/09/20 06:12:35.584, 1, 0 %, 0 %, 35270 MiB, 39.19 W
2026/09/20 06:12:35.584, 2, 0 %, 0 %, 35270 MiB, 37.28 W
2026/09/20 06:12:40.584, 0, 0 %, 0 %, 35270 MiB, 39.03 W
2026/09/20 06:12:40.584, 1, 0 %, 0 %, 35270 MiB, 39.19 W
2026/09/20 06:12:40.584, 2, 0 %, 0 %, 35270 MiB, 37.10 W
2026/09/20 06:12:45.585, 0, 0 %, 0 %, 35270 MiB, 39.04 W
2026/09/20 06:12:45.585, 1, 0 %, 0 %, 35270 MiB, 39.27 W
2026/09/20 06:12:45.585, 2, 0 %, 0 %, 35270 MiB, 37.10 W
2026/09/20 06:12:50.585, 0, 0 %, 0 %, 35270 MiB, 39.04 W
2026/09/20 06:12:50.586, 1, 0 %, 0 %, 35270 MiB, 39.19 W
2026/09/20 06:12:50.586, 2, 0 %, 0 %, 35270 MiB, 37.10 W
2026/09/20 06:12:55.586, 0, 0 %, 0 %, 35270 MiB, 39.12 W
2026/09/20 06:12:55.586, 1, 0 %, 0 %, 35270 MiB, 39.27 W
2026/09/20 06:12:55.586, 2, 0 %, 0 %, 35270 MiB, 37.09 W
2026/09/20 06:13:00.587, 0, 0 %, 0 %, 35270 MiB, 39.02 W
2026/09/20 06:13:00.587, 1, 0 %, 0 %, 35270 MiB, 39.27 W
2026/09/20 06:13:00.587, 2, 0 %, 0 %, 35270 MiB, 37.18 W
2026/09/20 06:13:05.588, 0, 0 %, 0 %, 35270 MiB, 39.31 W
2026/09/20 06:13:05.588, 1, 0 %, 0 %, 35270 MiB, 39.28 W
2026/09/20 06:13:05.588, 2, 0 %, 0 %, 35270 MiB, 37.10 W
2026/09/20 06:13:10.589, 0, 0 %, 0 %, 35270 MiB, 39.13 W
2026/09/20 06:13:10.589, 1, 0 %, 0 %, 35270 MiB, 39.09 W
2026/09/20 06:13:10.589, 2, 0 %, 0 %, 35270 MiB, 37.10 W
2026/09/20 06:13:15.589, 0, 0 %, 0 %, 35270 MiB, 39.12 W
2026/09/20 06:13:15.589, 1, 0 %, 0 %, 35270 MiB, 39.19 W
2026/09/20 06:13:15.589, 2, 0 %, 0 %, 35270 MiB, 37.19 W
2026/09/20 06:13:20.590, 0, 0 %, 0 %, 35270 MiB, 39.12 W
2026/09/20 06:13:20.590, 1, 0 %, 0 %, 35270 MiB, 39.29 W
2026/09/20 06:13:20.590, 2, 0 %, 0 %, 35270 MiB, 37.31 W
2026/09/20 06:13:25.590, 0, 0 %, 0 %, 35270 MiB, 39.22 W
2026/09/20 06:13:25.590, 1, 0 %, 0 %, 35270 MiB, 39.08 W
2026/09/20 06:13:25.590, 2, 0 %, 0 %, 35270 MiB, 37.29 W
2026/09/20 06:13:30.591, 0, 0 %, 0 %, 35270 MiB, 39.04 W
2026/09/20 06:13:30.591, 1, 0 %, 0 %, 35270 MiB, 39.10 W
2026/09/20 06:13:30.591, 2, 0 %, 0 %, 35270 MiB, 37.20 W
2026/09/20 06:13:35.592, 0, 0 %, 0 %, 35270 MiB, 38.91 W
2026/09/20 06:13:35.592, 1, 0 %, 0 %, 35270 MiB, 39.10 W
2026/09/20 06:13:35.592, 2, 0 %, 0 %, 35270 MiB, 37.50 W
2026/09/20 06:13:40.592, 0, 0 %, 0 %, 35270 MiB, 39.02 W
2026/09/20 06:13:40.592, 1, 0 %, 0 %, 35270 MiB, 39.29 W
2026/09/20 06:13:40.592, 2, 0 %, 0 %, 35270 MiB, 37.28 W
2026/09/20 06:13:45.593, 0, 0 %, 0 %, 35270 MiB, 39.13 W
2026/09/20 06:13:45.593, 1, 0 %, 0 %, 35270 MiB, 39.29 W
2026/09/20 06:13:45.593, 2, 0 %, 0 %, 35270 MiB, 37.10 W
2026/09/20 06:13:50.594, 0, 0 %, 0 %, 35270 MiB, 39.03 W
2026/09/20 06:13:50.594, 1, 0 %, 0 %, 35270 MiB, 39.19 W
2026/09/20 06:13:50.594, 2, 0 %, 0 %, 35270 MiB, 37.11 W
2026/09/20 06:13:55.594, 0, 0 %, 0 %, 35270 MiB, 39.12 W
2026/09/20 06:13:55.594, 1, 0 %, 0 %, 35270 MiB, 39.48 W
2026/09/20 06:13:55.594, 2, 0 %, 0 %, 35270 MiB, 37.30 W
2026/09/20 06:14:00.595, 0, 0 %, 0 %, 35270 MiB, 39.02 W
2026/09/20 06:14:00.595, 1, 0 %, 0 %, 35270 MiB, 39.28 W
2026/09/20 06:14:00.595, 2, 0 %, 0 %, 35270 MiB, 37.10 W
2026/09/20 06:14:05.596, 0, 0 %, 0 %, 35270 MiB, 39.03 W
2026/09/20 06:14:05.596, 1, 0 %, 0 %, 35270 MiB, 39.29 W
2026/09/20 06:14:05.596, 2, 0 %, 0 %, 35270 MiB, 37.20 W
2026/09/20 06:14:10.596, 0, 0 %, 0 %, 35270 MiB, 39.12 W
2026/09/20 06:14:10.596, 1, 0 %, 0 %, 35270 MiB, 39.28 W
2026/09/20 06:14:10.597, 2, 0 %, 0 %, 35270 MiB, 37.19 W
2026/09/20 06:14:15.597, 0, 0 %, 0 %, 35270 MiB, 39.02 W
2026/09/20 06:14:15.597, 1, 0 %, 0 %, 35270 MiB, 39.18 W
2026/09/20 06:14:15.597, 2, 0 %, 0 %, 35270 MiB, 37.20 W
2026/09/20 06:14:20.598, 0, 0 %, 0 %, 35270 MiB, 39.31 W
2026/09/20 06:14:20.598, 1, 0 %, 0 %, 35270 MiB, 39.08 W
2026/09/20 06:14:20.598, 2, 0 %, 0 %, 35270 MiB, 37.19 W
2026/09/20 06:14:25.598, 0, 0 %, 0 %, 35270 MiB, 39.22 W
2026/09/20 06:14:25.598, 1, 0 %, 0 %, 35270 MiB, 39.10 W
2026/09/20 06:14:25.598, 2, 0 %, 0 %, 35270 MiB, 37.20 W
2026/09/20 06:14:30.599, 0, 0 %, 0 %, 35270 MiB, 39.22 W
2026/09/20 06:14:30.599, 1, 0 %, 0 %, 35270 MiB, 39.09 W
2026/09/20 06:14:30.599, 2, 0 %, 0 %, 35270 MiB, 37.20 W
2026/09/20 06:14:35.600, 0, 0 %, 0 %, 35270 MiB, 39.12 W
2026/09/20 06:14:35.600, 1, 0 %, 0 %, 35270 MiB, 39.07 W
2026/09/20 06:14:35.600, 2, 0 %, 0 %, 35270 MiB, 37.19 W
2026/09/20 06:14:40.600, 0, 0 %, 0 %, 35270 MiB, 39.22 W
2026/09/20 06:14:40.600, 1, 0 %, 0 %, 35270 MiB, 39.18 W
2026/09/20 06:14:40.600, 2, 0 %, 0 %, 35270 MiB, 37.30 W
2026/09/20 06:14:45.601, 0, 0 %, 0 %, 35270 MiB, 39.02 W
2026/09/20 06:14:45.601, 1, 0 %, 0 %, 35270 MiB, 39.19 W
2026/09/20 06:14:45.601, 2, 0 %, 0 %, 35270 MiB, 37.28 W
2026/09/20 06:14:50.602, 0, 0 %, 0 %, 35270 MiB, 39.02 W
2026/09/20 06:14:50.602, 1, 0 %, 0 %, 35270 MiB, 39.37 W
2026/09/20 06:14:50.602, 2, 0 %, 0 %, 35270 MiB, 37.28 W
2026/09/20 06:14:55.602, 0, 0 %, 0 %, 35270 MiB, 38.92 W
2026/09/20 06:14:55.602, 1, 0 %, 0 %, 35270 MiB, 39.27 W
2026/09/20 06:14:55.602, 2, 0 %, 0 %, 35270 MiB, 37.09 W
2026/09/20 06:15:00.603, 0, 0 %, 0 %, 35270 MiB, 39.12 W
2026/09/20 06:15:00.603, 1, 0 %, 0 %, 35270 MiB, 39.19 W
2026/09/20 06:15:00.603, 2, 0 %, 0 %, 35270 MiB, 37.10 W
2026/09/20 06:15:05.604, 0, 0 %, 0 %, 35270 MiB, 39.02 W
2026/09/20 06:15:05.604, 1, 0 %, 0 %, 35270 MiB, 39.29 W
2026/09/20 06:15:05.604, 2, 0 %, 0 %, 35270 MiB, 37.10 W
2026/09/20 06:15:10.604, 0, 0 %, 0 %, 35270 MiB, 39.13 W
2026/09/20 06:15:10.604, 1, 0 %, 0 %, 35270 MiB, 39.29 W
2026/09/20 06:15:10.604, 2, 0 %, 0 %, 35270 MiB, 37.29 W
2026/09/20 06:15:15.605, 0, 0 %, 0 %, 35270 MiB, 39.12 W
2026/09/20 06:15:15.605, 1, 0 %, 0 %, 35270 MiB, 39.29 W
2026/09/20 06:15:15.605, 2, 0 %, 0 %, 35270 MiB, 37.19 W
2026/09/20 06:15:20.606, 0, 0 %, 0 %, 35270 MiB, 39.22 W
2026/09/20 06:15:20.606, 1, 0 %, 0 %, 35270 MiB, 39.29 W
2026/09/20 06:15:20.606, 2, 0 %, 0 %, 35270 MiB, 37.10 W
2026/09/20 06:15:25.606, 0, 0 %, 0 %, 35270 MiB, 39.12 W
2026/09/20 06:15:25.606, 1, 0 %, 0 %, 35270 MiB, 39.37 W
2026/09/20 06:15:25.606, 2, 0 %, 0 %, 35270 MiB, 37.10 W
2026/09/20 06:15:30.607, 0, 0 %, 0 %, 35270 MiB, 39.22 W
2026/09/20 06:15:30.607, 1, 0 %, 0 %, 35270 MiB, 39.19 W
2026/09/20 06:15:30.607, 2, 0 %, 0 %, 35270 MiB, 37.41 W
2026/09/20 06:15:35.608, 0, 0 %, 0 %, 35270 MiB, 39.22 W
2026/09/20 06:15:35.608, 1, 0 %, 0 %, 35270 MiB, 39.19 W
2026/09/20 06:15:35.608, 2, 0 %, 0 %, 35270 MiB, 37.19 W
2026/09/20 06:15:40.609, 0, 0 %, 0 %, 35270 MiB, 39.19 W
2026/09/20 06:15:40.609, 1, 0 %, 0 %, 35270 MiB, 39.18 W
2026/09/20 06:15:40.609, 2, 0 %, 0 %, 35270 MiB, 37.28 W
2026/09/20 06:15:45.610, 0, 0 %, 0 %, 35270 MiB, 39.02 W
2026/09/20 06:15:45.610, 1, 0 %, 0 %, 35270 MiB, 39.27 W
2026/09/20 06:15:45.610, 2, 0 %, 0 %, 35270 MiB, 37.18 W
2026/09/20 06:15:50.610, 0, 0 %, 0 %, 35270 MiB, 39.02 W
2026/09/20 06:15:50.610, 1, 0 %, 0 %, 35270 MiB, 39.17 W
2026/09/20 06:15:50.610, 2, 0 %, 0 %, 35270 MiB, 37.28 W
2026/09/20 06:15:55.611, 0, 0 %, 0 %, 35270 MiB, 39.11 W
2026/09/20 06:15:55.611, 1, 0 %, 0 %, 35270 MiB, 39.07 W
2026/09/20 06:15:55.611, 2, 0 %, 0 %, 35270 MiB, 37.18 W
2026/09/20 06:16:00.612, 0, 0 %, 0 %, 35270 MiB, 38.90 W
2026/09/20 06:16:00.613, 1, 0 %, 0 %, 35270 MiB, 38.97 W
2026/09/20 06:16:00.613, 2, 0 %, 0 %, 35270 MiB, 36.88 W
2026/09/20 06:16:05.614, 0, 0 %, 0 %, 35270 MiB, 38.81 W
2026/09/20 06:16:05.615, 1, 0 %, 0 %, 35270 MiB, 38.97 W
2026/09/20 06:16:05.615, 2, 0 %, 0 %, 35270 MiB, 36.89 W
2026/09/20 06:16:10.616, 0, 0 %, 0 %, 35270 MiB, 38.80 W
2026/09/20 06:16:10.616, 1, 0 %, 0 %, 35270 MiB, 39.07 W
2026/09/20 06:16:10.616, 2, 0 %, 0 %, 35270 MiB, 36.98 W
2026/09/20 06:16:15.617, 0, 0 %, 0 %, 35270 MiB, 38.90 W
2026/09/20 06:16:15.617, 1, 0 %, 0 %, 35270 MiB, 38.88 W
2026/09/20 06:16:15.617, 2, 0 %, 0 %, 35270 MiB, 36.89 W
2026/09/20 06:16:20.618, 0, 0 %, 0 %, 35270 MiB, 38.91 W
2026/09/20 06:16:20.619, 1, 0 %, 0 %, 35270 MiB, 39.17 W
2026/09/20 06:16:20.619, 2, 0 %, 0 %, 35270 MiB, 36.98 W
2026/09/20 06:16:25.619, 0, 0 %, 0 %, 35270 MiB, 39.01 W
2026/09/20 06:16:25.620, 1, 0 %, 0 %, 35270 MiB, 39.07 W
2026/09/20 06:16:25.620, 2, 0 %, 0 %, 35270 MiB, 36.98 W
2026/09/20 06:16:30.621, 0, 0 %, 0 %, 35270 MiB, 39.11 W
2026/09/20 06:16:30.622, 1, 0 %, 0 %, 35270 MiB, 38.86 W
2026/09/20 06:16:30.622, 2, 0 %, 0 %, 35270 MiB, 37.07 W
2026/09/20 06:16:35.622, 0, 0 %, 0 %, 35270 MiB, 38.90 W
2026/09/20 06:16:35.622, 1, 0 %, 0 %, 35270 MiB, 38.87 W
2026/09/20 06:16:35.622, 2, 0 %, 0 %, 35270 MiB, 37.08 W
2026/09/20 06:16:40.623, 0, 0 %, 0 %, 35270 MiB, 39.01 W
2026/09/20 06:16:40.623, 1, 0 %, 0 %, 35270 MiB, 38.97 W
2026/09/20 06:16:40.623, 2, 0 %, 0 %, 35270 MiB, 36.99 W
2026/09/20 06:16:45.623, 0, 0 %, 0 %, 35270 MiB, 38.91 W
2026/09/20 06:16:45.624, 1, 0 %, 0 %, 35270 MiB, 38.88 W
2026/09/20 06:16:45.624, 2, 0 %, 0 %, 35270 MiB, 37.29 W
2026/09/20 06:16:50.625, 0, 0 %, 0 %, 35270 MiB, 39.01 W
2026/09/20 06:16:50.625, 1, 0 %, 0 %, 35270 MiB, 38.97 W
2026/09/20 06:16:50.625, 2, 0 %, 0 %, 35270 MiB, 37.09 W
2026/09/20 06:16:55.625, 0, 0 %, 0 %, 35270 MiB, 38.71 W
2026/09/20 06:16:55.625, 1, 0 %, 0 %, 35270 MiB, 39.07 W
2026/09/20 06:16:55.625, 2, 0 %, 0 %, 35270 MiB, 37.09 W
2026/09/20 06:17:00.627, 0, 0 %, 0 %, 35270 MiB, 38.70 W
2026/09/20 06:17:00.627, 1, 0 %, 0 %, 35270 MiB, 38.97 W
2026/09/20 06:17:00.627, 2, 0 %, 0 %, 35270 MiB, 37.09 W
2026/09/20 06:17:05.628, 0, 0 %, 0 %, 35270 MiB, 38.80 W
2026/09/20 06:17:05.629, 1, 0 %, 0 %, 35270 MiB, 38.97 W
2026/09/20 06:17:05.629, 2, 0 %, 0 %, 35270 MiB, 37.08 W
2026/09/20 06:17:10.630, 0, 0 %, 0 %, 35270 MiB, 38.80 W
2026/09/20 06:17:10.631, 1, 0 %, 0 %, 35270 MiB, 38.88 W
2026/09/20 06:17:10.631, 2, 0 %, 0 %, 35270 MiB, 36.99 W
2026/09/20 06:17:15.632, 0, 0 %, 0 %, 35270 MiB, 38.82 W
2026/09/20 06:17:15.632, 1, 0 %, 0 %, 35270 MiB, 38.97 W
2026/09/20 06:17:15.633, 2, 0 %, 0 %, 35270 MiB, 36.99 W
2026/09/20 06:17:20.634, 0, 0 %, 0 %, 35270 MiB, 38.80 W
2026/09/20 06:17:20.634, 1, 0 %, 0 %, 35270 MiB, 39.07 W
2026/09/20 06:17:20.635, 2, 0 %, 0 %, 35270 MiB, 36.99 W
2026/09/20 06:17:25.635, 0, 0 %, 0 %, 35270 MiB, 38.92 W
2026/09/20 06:17:25.636, 1, 0 %, 0 %, 35270 MiB, 39.07 W
2026/09/20 06:17:25.636, 2, 0 %, 0 %, 35270 MiB, 37.18 W
2026/09/20 06:17:30.636, 0, 0 %, 0 %, 35270 MiB, 38.90 W
2026/09/20 06:17:30.636, 1, 0 %, 0 %, 35270 MiB, 39.26 W
2026/09/20 06:17:30.636, 2, 0 %, 0 %, 35270 MiB, 37.08 W
2026/09/20 06:17:35.637, 0, 0 %, 0 %, 35270 MiB, 39.01 W
2026/09/20 06:17:35.637, 1, 0 %, 0 %, 35270 MiB, 39.07 W
2026/09/20 06:17:35.637, 2, 0 %, 0 %, 35270 MiB, 36.99 W
2026/09/20 06:17:40.638, 0, 0 %, 0 %, 35270 MiB, 39.02 W
2026/09/20 06:17:40.638, 1, 0 %, 0 %, 35270 MiB, 38.88 W
2026/09/20 06:17:40.638, 2, 0 %, 0 %, 35270 MiB, 36.99 W
2026/09/20 06:17:45.639, 0, 0 %, 0 %, 35270 MiB, 39.12 W
2026/09/20 06:17:45.639, 1, 0 %, 0 %, 35270 MiB, 38.90 W
2026/09/20 06:17:45.639, 2, 0 %, 0 %, 35270 MiB, 37.10 W
2026/09/20 06:17:50.639, 0, 0 %, 0 %, 35270 MiB, 39.12 W
2026/09/20 06:17:50.639, 1, 0 %, 0 %, 35270 MiB, 39.08 W
2026/09/20 06:17:50.639, 2, 0 %, 0 %, 35270 MiB, 37.09 W
2026/09/20 06:17:55.640, 0, 0 %, 0 %, 35270 MiB, 39.02 W
2026/09/20 06:17:55.640, 1, 0 %, 0 %, 35270 MiB, 38.98 W
2026/09/20 06:17:55.640, 2, 0 %, 0 %, 35270 MiB, 37.10 W
2026/09/20 06:18:00.640, 0, 0 %, 0 %, 35270 MiB, 38.81 W
2026/09/20 06:18:00.641, 1, 0 %, 0 %, 35270 MiB, 38.98 W
2026/09/20 06:18:00.641, 2, 0 %, 0 %, 35270 MiB, 37.18 W
2026/09/20 06:18:05.641, 0, 0 %, 0 %, 35270 MiB, 38.91 W
2026/09/20 06:18:05.641, 1, 0 %, 0 %, 35270 MiB, 39.09 W
2026/09/20 06:18:05.641, 2, 0 %, 0 %, 35270 MiB, 37.30 W
2026/09/20 06:18:10.642, 0, 0 %, 0 %, 35270 MiB, 38.92 W
2026/09/20 06:18:10.642, 1, 0 %, 0 %, 35270 MiB, 39.08 W
2026/09/20 06:18:10.642, 2, 0 %, 0 %, 35270 MiB, 37.19 W
2026/09/20 06:18:15.642, 0, 0 %, 0 %, 35270 MiB, 59.66 W
2026/09/20 06:18:15.643, 1, 0 %, 0 %, 35270 MiB, 60.00 W
2026/09/20 06:18:15.643, 2, 0 %, 0 %, 35270 MiB, 57.93 W
2026/09/20 06:18:20.643, 0, 0 %, 0 %, 35270 MiB, 39.12 W
2026/09/20 06:18:20.643, 1, 0 %, 0 %, 35270 MiB, 39.18 W
2026/09/20 06:18:20.643, 2, 0 %, 0 %, 35270 MiB, 37.20 W
2026/09/20 06:18:25.644, 0, 0 %, 0 %, 35270 MiB, 39.12 W
2026/09/20 06:18:25.644, 1, 0 %, 0 %, 35270 MiB, 39.29 W
2026/09/20 06:18:25.644, 2, 0 %, 0 %, 35270 MiB, 37.30 W
2026/09/20 06:18:30.645, 0, 0 %, 0 %, 35270 MiB, 39.12 W
2026/09/20 06:18:30.645, 1, 0 %, 0 %, 35270 MiB, 39.19 W
2026/09/20 06:18:30.645, 2, 0 %, 0 %, 35270 MiB, 37.09 W
2026/09/20 06:18:35.645, 0, 0 %, 0 %, 35270 MiB, 39.12 W
2026/09/20 06:18:35.645, 1, 0 %, 0 %, 35270 MiB, 39.27 W
2026/09/20 06:18:35.645, 2, 0 %, 0 %, 35270 MiB, 37.18 W
2026/09/20 06:18:40.646, 0, 0 %, 0 %, 35270 MiB, 39.29 W
2026/09/20 06:18:40.647, 1, 0 %, 0 %, 35270 MiB, 39.27 W
2026/09/20 06:18:40.647, 2, 0 %, 0 %, 35270 MiB, 37.39 W
2026/09/20 06:18:45.648, 0, 0 %, 0 %, 35270 MiB, 39.19 W
2026/09/20 06:18:45.648, 1, 0 %, 0 %, 35270 MiB, 39.06 W
2026/09/20 06:18:45.648, 2, 0 %, 0 %, 35270 MiB, 37.28 W
2026/09/20 06:18:50.648, 0, 0 %, 0 %, 35270 MiB, 39.21 W
2026/09/20 06:18:50.649, 1, 0 %, 0 %, 35270 MiB, 39.07 W
2026/09/20 06:18:50.649, 2, 0 %, 0 %, 35270 MiB, 37.28 W
2026/09/20 06:18:55.649, 0, 0 %, 0 %, 35270 MiB, 39.19 W
2026/09/20 06:18:55.650, 1, 0 %, 0 %, 35270 MiB, 39.05 W
2026/09/20 06:18:55.650, 2, 0 %, 0 %, 35270 MiB, 37.26 W
2026/09/20 06:19:00.650, 0, 0 %, 0 %, 35270 MiB, 39.29 W
2026/09/20 06:19:00.651, 1, 0 %, 0 %, 35270 MiB, 39.24 W
2026/09/20 06:19:00.651, 2, 0 %, 0 %, 35270 MiB, 37.36 W
2026/09/20 06:19:05.651, 0, 0 %, 0 %, 35270 MiB, 39.01 W
2026/09/20 06:19:05.652, 1, 0 %, 0 %, 35270 MiB, 38.97 W
2026/09/20 06:19:05.652, 2, 0 %, 0 %, 35270 MiB, 37.28 W
2026/09/20 06:19:10.653, 0, 0 %, 0 %, 35270 MiB, 38.99 W
2026/09/20 06:19:10.653, 1, 0 %, 0 %, 35270 MiB, 39.06 W
2026/09/20 06:19:10.653, 2, 0 %, 0 %, 35270 MiB, 37.39 W
2026/09/20 06:19:15.654, 0, 0 %, 0 %, 35270 MiB, 38.99 W
2026/09/20 06:19:15.655, 1, 0 %, 0 %, 35270 MiB, 38.95 W
2026/09/20 06:19:15.655, 2, 0 %, 0 %, 35270 MiB, 37.27 W
2026/09/20 06:19:20.656, 0, 0 %, 0 %, 35270 MiB, 39.21 W
2026/09/20 06:19:20.656, 1, 0 %, 0 %, 35270 MiB, 39.16 W
2026/09/20 06:19:20.657, 2, 0 %, 0 %, 35270 MiB, 37.18 W
2026/09/20 06:19:25.657, 0, 0 %, 0 %, 35270 MiB, 39.10 W
2026/09/20 06:19:25.657, 1, 0 %, 0 %, 35270 MiB, 39.17 W
2026/09/20 06:19:25.657, 2, 0 %, 0 %, 35270 MiB, 37.18 W
2026/09/20 06:19:30.659, 0, 0 %, 0 %, 35270 MiB, 39.11 W
2026/09/20 06:19:30.660, 1, 0 %, 0 %, 35270 MiB, 39.16 W
2026/09/20 06:19:30.660, 2, 0 %, 0 %, 35270 MiB, 37.08 W
2026/09/20 06:19:35.660, 0, 0 %, 0 %, 35270 MiB, 39.09 W
2026/09/20 06:19:35.661, 1, 0 %, 0 %, 35270 MiB, 39.44 W
2026/09/20 06:19:35.661, 2, 0 %, 0 %, 35270 MiB, 37.37 W
2026/09/20 06:19:40.662, 0, 0 %, 0 %, 35270 MiB, 39.19 W
2026/09/20 06:19:40.662, 1, 0 %, 0 %, 35270 MiB, 39.15 W
2026/09/20 06:19:40.662, 2, 0 %, 0 %, 35270 MiB, 37.16 W
2026/09/20 06:19:45.663, 0, 0 %, 0 %, 35270 MiB, 39.10 W
2026/09/20 06:19:45.664, 1, 0 %, 0 %, 35270 MiB, 39.24 W
2026/09/20 06:19:45.664, 2, 0 %, 0 %, 35270 MiB, 37.16 W
2026/09/20 06:19:50.664, 0, 0 %, 0 %, 35270 MiB, 39.19 W
2026/09/20 06:19:50.665, 1, 0 %, 0 %, 35270 MiB, 39.15 W
2026/09/20 06:19:50.665, 2, 0 %, 0 %, 35270 MiB, 37.16 W
2026/09/20 06:19:55.665, 0, 0 %, 0 %, 35270 MiB, 39.39 W
2026/09/20 06:19:55.666, 1, 0 %, 0 %, 35270 MiB, 39.05 W
2026/09/20 06:19:55.666, 2, 0 %, 0 %, 35270 MiB, 37.28 W
2026/09/20 06:20:00.675, 0, 0 %, 0 %, 35270 MiB, 39.19 W
2026/09/20 06:20:00.675, 1, 0 %, 0 %, 35270 MiB, 38.97 W
2026/09/20 06:20:00.676, 2, 0 %, 0 %, 35270 MiB, 37.18 W
2026/09/20 06:20:05.676, 0, 0 %, 0 %, 35270 MiB, 39.19 W
2026/09/20 06:20:05.676, 1, 0 %, 0 %, 35270 MiB, 39.05 W
2026/09/20 06:20:05.676, 2, 0 %, 0 %, 35270 MiB, 37.26 W
2026/09/20 06:20:10.678, 0, 0 %, 0 %, 35270 MiB, 39.19 W
2026/09/20 06:20:10.678, 1, 0 %, 0 %, 35270 MiB, 39.27 W
2026/09/20 06:20:10.678, 2, 0 %, 0 %, 35270 MiB, 37.28 W
2026/09/20 06:20:15.679, 0, 0 %, 0 %, 35270 MiB, 39.29 W
2026/09/20 06:20:15.680, 1, 0 %, 0 %, 35270 MiB, 39.07 W
2026/09/20 06:20:15.680, 2, 0 %, 0 %, 35270 MiB, 37.39 W
2026/09/20 06:20:20.681, 0, 0 %, 0 %, 35270 MiB, 39.11 W
2026/09/20 06:20:20.681, 1, 0 %, 0 %, 35270 MiB, 39.07 W
2026/09/20 06:20:20.681, 2, 0 %, 0 %, 35270 MiB, 37.39 W
2026/09/20 06:20:25.681, 0, 0 %, 0 %, 35270 MiB, 39.11 W
2026/09/20 06:20:25.682, 1, 0 %, 0 %, 35270 MiB, 39.06 W
2026/09/20 06:20:25.682, 2, 0 %, 0 %, 35270 MiB, 37.39 W
2026/09/20 06:20:30.682, 0, 0 %, 0 %, 35270 MiB, 39.11 W
2026/09/20 06:20:30.682, 1, 0 %, 0 %, 35270 MiB, 39.27 W
2026/09/20 06:20:30.682, 2, 0 %, 0 %, 35270 MiB, 37.18 W
2026/09/20 06:20:35.682, 0, 0 %, 0 %, 35270 MiB, 39.20 W
2026/09/20 06:20:35.683, 1, 0 %, 0 %, 35270 MiB, 39.17 W
2026/09/20 06:20:35.683, 2, 0 %, 0 %, 35270 MiB, 37.18 W
2026/09/20 06:20:40.683, 0, 0 %, 0 %, 35270 MiB, 39.21 W
2026/09/20 06:20:40.683, 1, 0 %, 0 %, 35270 MiB, 39.17 W
2026/09/20 06:20:40.684, 2, 0 %, 0 %, 35270 MiB, 37.18 W
2026/09/20 06:20:45.692, 0, 0 %, 0 %, 35270 MiB, 39.22 W
2026/09/20 06:20:45.693, 1, 0 %, 0 %, 35270 MiB, 39.37 W
2026/09/20 06:20:45.693, 2, 0 %, 0 %, 35270 MiB, 37.29 W
2026/09/20 06:20:50.694, 0, 0 %, 0 %, 35270 MiB, 39.22 W
2026/09/20 06:20:50.694, 1, 0 %, 0 %, 35270 MiB, 39.29 W
2026/09/20 06:20:50.694, 2, 0 %, 0 %, 35270 MiB, 37.39 W
2026/09/20 06:20:55.695, 0, 0 %, 0 %, 35270 MiB, 39.22 W
2026/09/20 06:20:55.695, 1, 0 %, 0 %, 35270 MiB, 39.28 W
2026/09/20 06:20:55.695, 2, 0 %, 0 %, 35270 MiB, 37.31 W
2026/09/20 06:21:00.695, 0, 0 %, 0 %, 35270 MiB, 39.22 W
2026/09/20 06:21:00.695, 1, 0 %, 0 %, 35270 MiB, 39.07 W
2026/09/20 06:21:00.695, 2, 0 %, 0 %, 35270 MiB, 37.31 W
2026/09/20 06:21:05.696, 0, 0 %, 0 %, 35270 MiB, 39.22 W
2026/09/20 06:21:05.696, 1, 0 %, 0 %, 35270 MiB, 39.07 W
2026/09/20 06:21:05.696, 2, 0 %, 0 %, 35270 MiB, 37.39 W
2026/09/20 06:21:10.696, 0, 0 %, 0 %, 35270 MiB, 39.51 W
2026/09/20 06:21:10.697, 1, 0 %, 0 %, 35270 MiB, 39.19 W
2026/09/20 06:21:10.697, 2, 0 %, 0 %, 35270 MiB, 37.50 W
2026/09/20 06:21:15.697, 0, 20 %, 1 %, 35270 MiB, 70.60 W
2026/09/20 06:21:15.697, 1, 26 %, 1 %, 35270 MiB, 94.67 W
2026/09/20 06:21:15.697, 2, 0 %, 0 %, 35270 MiB, 46.33 W
2026/09/20 06:21:20.698, 0, 0 %, 0 %, 35270 MiB, 39.51 W
2026/09/20 06:21:20.698, 1, 0 %, 0 %, 35270 MiB, 39.46 W
2026/09/20 06:21:20.698, 2, 0 %, 0 %, 35270 MiB, 37.61 W
2026/09/20 06:21:25.699, 0, 0 %, 0 %, 35270 MiB, 39.31 W
2026/09/20 06:21:25.699, 1, 0 %, 0 %, 35270 MiB, 39.27 W
2026/09/20 06:21:25.699, 2, 0 %, 0 %, 35270 MiB, 37.49 W
2026/09/20 06:21:30.700, 0, 0 %, 0 %, 35270 MiB, 39.41 W
2026/09/20 06:21:30.700, 1, 0 %, 0 %, 35270 MiB, 39.18 W
2026/09/20 06:21:30.700, 2, 0 %, 0 %, 35270 MiB, 37.50 W
2026/09/20 06:21:35.700, 0, 0 %, 0 %, 35270 MiB, 39.22 W
2026/09/20 06:21:35.700, 1, 0 %, 0 %, 35270 MiB, 39.18 W
2026/09/20 06:21:35.700, 2, 0 %, 0 %, 35270 MiB, 37.28 W
2026/09/20 06:21:40.700, 0, 0 %, 0 %, 35270 MiB, 39.31 W
2026/09/20 06:21:40.701, 1, 0 %, 0 %, 35270 MiB, 39.18 W
2026/09/20 06:21:40.701, 2, 0 %, 0 %, 35270 MiB, 37.20 W
2026/09/20 06:21:45.702, 0, 0 %, 0 %, 35270 MiB, 39.21 W
2026/09/20 06:21:45.702, 1, 0 %, 0 %, 35270 MiB, 39.17 W
2026/09/20 06:21:45.703, 2, 0 %, 0 %, 35270 MiB, 37.28 W
2026/09/20 06:21:50.703, 0, 0 %, 0 %, 35270 MiB, 39.39 W
2026/09/20 06:21:50.704, 1, 0 %, 0 %, 35270 MiB, 39.27 W
2026/09/20 06:21:50.704, 2, 0 %, 0 %, 35270 MiB, 37.39 W
2026/09/20 06:21:55.704, 0, 0 %, 0 %, 35270 MiB, 39.29 W
2026/09/20 06:21:55.705, 1, 0 %, 0 %, 35270 MiB, 39.34 W
2026/09/20 06:21:55.705, 2, 0 %, 0 %, 35270 MiB, 37.27 W
2026/09/20 06:22:00.705, 0, 0 %, 0 %, 35270 MiB, 39.31 W
2026/09/20 06:22:00.706, 1, 0 %, 0 %, 35270 MiB, 39.17 W
2026/09/20 06:22:00.706, 2, 0 %, 0 %, 35270 MiB, 37.29 W
2026/09/20 06:22:05.706, 0, 0 %, 0 %, 35270 MiB, 39.31 W
2026/09/20 06:22:05.707, 1, 0 %, 0 %, 35270 MiB, 39.06 W
2026/09/20 06:22:05.707, 2, 0 %, 0 %, 35270 MiB, 37.28 W
2026/09/20 06:22:10.707, 0, 0 %, 0 %, 35270 MiB, 39.40 W
2026/09/20 06:22:10.708, 1, 0 %, 0 %, 35270 MiB, 39.07 W
2026/09/20 06:22:10.708, 2, 0 %, 0 %, 35270 MiB, 37.28 W
2026/09/20 06:22:15.709, 0, 0 %, 0 %, 35270 MiB, 39.31 W
2026/09/20 06:22:15.709, 1, 0 %, 0 %, 35270 MiB, 39.07 W
2026/09/20 06:22:15.709, 2, 0 %, 0 %, 35270 MiB, 37.38 W
2026/09/20 06:22:20.710, 0, 0 %, 0 %, 35270 MiB, 39.40 W
2026/09/20 06:22:20.711, 1, 0 %, 0 %, 35270 MiB, 39.17 W
2026/09/20 06:22:20.711, 2, 0 %, 0 %, 35270 MiB, 37.39 W
2026/09/20 06:22:25.712, 0, 0 %, 0 %, 35270 MiB, 39.40 W
2026/09/20 06:22:25.712, 1, 0 %, 0 %, 35270 MiB, 39.07 W
2026/09/20 06:22:25.713, 2, 0 %, 0 %, 35270 MiB, 37.59 W
2026/09/20 06:22:30.714, 0, 0 %, 0 %, 35270 MiB, 39.21 W
2026/09/20 06:22:30.714, 1, 0 %, 0 %, 35270 MiB, 39.27 W
2026/09/20 06:22:30.714, 2, 0 %, 0 %, 35270 MiB, 37.49 W
2026/09/20 06:22:35.715, 0, 0 %, 0 %, 35270 MiB, 39.31 W
2026/09/20 06:22:35.715, 1, 0 %, 0 %, 35270 MiB, 39.17 W
2026/09/20 06:22:35.715, 2, 0 %, 0 %, 35270 MiB, 37.39 W
2026/09/20 06:22:40.716, 0, 0 %, 0 %, 35270 MiB, 38.91 W
2026/09/20 06:22:40.716, 1, 0 %, 0 %, 35270 MiB, 39.16 W
2026/09/20 06:22:40.716, 2, 0 %, 0 %, 35270 MiB, 37.39 W
2026/09/20 06:22:45.716, 0, 0 %, 0 %, 35270 MiB, 39.50 W
2026/09/20 06:22:45.716, 1, 0 %, 0 %, 35270 MiB, 39.17 W
2026/09/20 06:22:45.716, 2, 0 %, 0 %, 35270 MiB, 37.49 W
2026/09/20 06:22:50.717, 0, 0 %, 0 %, 35270 MiB, 39.21 W
2026/09/20 06:22:50.717, 1, 0 %, 0 %, 35270 MiB, 39.35 W
2026/09/20 06:22:50.717, 2, 0 %, 0 %, 35270 MiB, 37.28 W
2026/09/20 06:22:55.717, 0, 0 %, 0 %, 35270 MiB, 39.31 W
2026/09/20 06:22:55.718, 1, 0 %, 0 %, 35270 MiB, 39.27 W
2026/09/20 06:22:55.718, 2, 0 %, 0 %, 35270 MiB, 37.29 W
2026/09/20 06:23:00.719, 0, 0 %, 0 %, 35270 MiB, 39.31 W
2026/09/20 06:23:00.719, 1, 0 %, 0 %, 35270 MiB, 39.26 W
2026/09/20 06:23:00.720, 2, 0 %, 0 %, 35270 MiB, 37.39 W
2026/09/20 06:23:05.720, 0, 0 %, 0 %, 35270 MiB, 39.40 W
2026/09/20 06:23:05.721, 1, 0 %, 0 %, 35270 MiB, 39.17 W
2026/09/20 06:23:05.721, 2, 0 %, 0 %, 35270 MiB, 37.39 W
2026/09/20 06:23:10.722, 0, 0 %, 0 %, 35270 MiB, 39.29 W
2026/09/20 06:23:10.722, 1, 0 %, 0 %, 35270 MiB, 39.24 W
2026/09/20 06:23:10.723, 2, 0 %, 0 %, 35270 MiB, 37.39 W
2026/09/20 06:23:15.724, 0, 0 %, 0 %, 35270 MiB, 39.39 W
2026/09/20 06:23:15.724, 1, 0 %, 0 %, 35270 MiB, 39.16 W
2026/09/20 06:23:15.725, 2, 0 %, 0 %, 35270 MiB, 37.37 W
2026/09/20 06:23:20.725, 0, 0 %, 0 %, 35270 MiB, 39.39 W
2026/09/20 06:23:20.725, 1, 0 %, 0 %, 35270 MiB, 39.06 W
2026/09/20 06:23:20.725, 2, 0 %, 0 %, 35270 MiB, 37.39 W
2026/09/20 06:23:25.726, 0, 0 %, 0 %, 35270 MiB, 39.39 W
2026/09/20 06:23:25.727, 1, 0 %, 0 %, 35270 MiB, 39.36 W
2026/09/20 06:23:25.727, 2, 0 %, 0 %, 35270 MiB, 37.49 W
2026/09/20 06:23:30.727, 0, 0 %, 0 %, 35270 MiB, 39.39 W
2026/09/20 06:23:30.727, 1, 0 %, 0 %, 35270 MiB, 39.15 W
2026/09/20 06:23:30.727, 2, 0 %, 0 %, 35270 MiB, 37.39 W
2026/09/20 06:23:35.728, 0, 5 %, 0 %, 35270 MiB, 39.31 W
2026/09/20 06:23:35.728, 1, 0 %, 0 %, 35270 MiB, 39.07 W
2026/09/20 06:23:35.728, 2, 0 %, 0 %, 35270 MiB, 37.39 W
2026/09/20 06:23:40.728, 0, 0 %, 0 %, 35270 MiB, 39.21 W
2026/09/20 06:23:40.728, 1, 0 %, 0 %, 35270 MiB, 39.17 W
2026/09/20 06:23:40.728, 2, 0 %, 0 %, 35270 MiB, 37.49 W
2026/09/20 06:23:45.729, 0, 0 %, 0 %, 35270 MiB, 39.22 W
2026/09/20 06:23:45.729, 1, 0 %, 0 %, 35270 MiB, 39.19 W
2026/09/20 06:23:45.729, 2, 0 %, 0 %, 35270 MiB, 37.51 W
2026/09/20 06:23:50.729, 0, 0 %, 0 %, 35270 MiB, 39.22 W
2026/09/20 06:23:50.730, 1, 0 %, 0 %, 35270 MiB, 39.18 W
2026/09/20 06:23:50.730, 2, 0 %, 0 %, 35270 MiB, 37.18 W
2026/09/20 06:23:55.730, 0, 0 %, 0 %, 35270 MiB, 39.22 W
2026/09/20 06:23:55.730, 1, 0 %, 0 %, 35270 MiB, 39.18 W
2026/09/20 06:23:55.730, 2, 0 %, 0 %, 35270 MiB, 37.29 W
2026/09/20 06:24:00.731, 0, 0 %, 0 %, 35270 MiB, 39.41 W
2026/09/20 06:24:00.731, 1, 0 %, 0 %, 35270 MiB, 39.37 W
2026/09/20 06:24:00.731, 2, 0 %, 0 %, 35270 MiB, 37.28 W
2026/09/20 06:24:05.732, 0, 0 %, 0 %, 35270 MiB, 59.95 W
2026/09/20 06:24:05.732, 1, 0 %, 0 %, 35270 MiB, 39.56 W
2026/09/20 06:24:05.732, 2, 0 %, 0 %, 35270 MiB, 37.59 W
2026/09/20 06:24:10.732, 0, 0 %, 0 %, 35270 MiB, 39.51 W
2026/09/20 06:24:10.732, 1, 0 %, 0 %, 35270 MiB, 39.46 W
2026/09/20 06:24:10.732, 2, 0 %, 0 %, 35270 MiB, 37.39 W
2026/09/20 06:24:15.733, 0, 0 %, 0 %, 35270 MiB, 39.80 W
2026/09/20 06:24:15.733, 1, 0 %, 0 %, 35270 MiB, 39.67 W
2026/09/20 06:24:15.733, 2, 0 %, 0 %, 35270 MiB, 37.70 W
2026/09/20 06:24:20.733, 0, 0 %, 0 %, 35270 MiB, 39.61 W
2026/09/20 06:24:20.734, 1, 0 %, 0 %, 35270 MiB, 39.37 W
2026/09/20 06:24:20.734, 2, 0 %, 0 %, 35270 MiB, 37.49 W
2026/09/20 06:24:25.734, 0, 0 %, 0 %, 35270 MiB, 39.51 W
2026/09/20 06:24:25.735, 1, 0 %, 0 %, 35270 MiB, 39.29 W
2026/09/20 06:24:25.735, 2, 0 %, 0 %, 35270 MiB, 37.61 W
2026/09/20 06:24:30.735, 0, 0 %, 0 %, 35270 MiB, 39.58 W
2026/09/20 06:24:30.736, 1, 0 %, 0 %, 35270 MiB, 39.24 W
2026/09/20 06:24:30.736, 2, 0 %, 0 %, 35270 MiB, 37.56 W
2026/09/20 06:24:35.737, 0, 0 %, 0 %, 35270 MiB, 39.60 W
2026/09/20 06:24:35.737, 1, 0 %, 0 %, 35270 MiB, 39.17 W
2026/09/20 06:24:35.738, 2, 0 %, 0 %, 35270 MiB, 37.49 W
2026/09/20 06:24:40.739, 0, 0 %, 0 %, 35270 MiB, 39.50 W
2026/09/20 06:24:40.739, 1, 0 %, 0 %, 35270 MiB, 39.17 W
2026/09/20 06:24:40.739, 2, 0 %, 0 %, 35270 MiB, 37.70 W
2026/09/20 06:24:45.740, 0, 0 %, 0 %, 35270 MiB, 39.39 W
2026/09/20 06:24:45.741, 1, 0 %, 0 %, 35270 MiB, 39.17 W
2026/09/20 06:24:45.741, 2, 0 %, 0 %, 35270 MiB, 37.49 W
2026/09/20 06:24:50.741, 0, 0 %, 0 %, 35270 MiB, 39.40 W
2026/09/20 06:24:50.742, 1, 0 %, 0 %, 35270 MiB, 39.37 W
2026/09/20 06:24:50.742, 2, 0 %, 0 %, 35270 MiB, 37.49 W
2026/09/20 06:24:55.743, 0, 0 %, 0 %, 35270 MiB, 39.50 W
2026/09/20 06:24:55.743, 1, 0 %, 0 %, 35270 MiB, 39.46 W
2026/09/20 06:24:55.744, 2, 0 %, 0 %, 35270 MiB, 37.39 W
2026/09/20 06:25:00.744, 0, 0 %, 0 %, 35270 MiB, 39.39 W
2026/09/20 06:25:00.745, 1, 0 %, 0 %, 35270 MiB, 39.35 W
2026/09/20 06:25:00.745, 2, 0 %, 0 %, 35270 MiB, 37.58 W
2026/09/20 06:25:05.745, 0, 0 %, 0 %, 35270 MiB, 39.40 W
2026/09/20 06:25:05.746, 1, 0 %, 0 %, 35270 MiB, 39.37 W
2026/09/20 06:25:05.746, 2, 0 %, 0 %, 35270 MiB, 37.39 W
2026/09/20 06:25:10.746, 0, 0 %, 0 %, 35270 MiB, 39.49 W
2026/09/20 06:25:10.746, 1, 0 %, 0 %, 35270 MiB, 39.35 W
2026/09/20 06:25:10.746, 2, 0 %, 0 %, 35270 MiB, 37.39 W
2026/09/20 06:25:15.747, 0, 0 %, 0 %, 35270 MiB, 39.58 W
2026/09/20 06:25:15.748, 1, 0 %, 0 %, 35270 MiB, 39.34 W
2026/09/20 06:25:15.748, 2, 0 %, 0 %, 35270 MiB, 37.37 W
2026/09/20 06:25:20.748, 0, 0 %, 0 %, 35270 MiB, 39.49 W
2026/09/20 06:25:20.749, 1, 0 %, 0 %, 35270 MiB, 39.35 W
2026/09/20 06:25:20.749, 2, 0 %, 0 %, 35270 MiB, 37.49 W
2026/09/20 06:25:25.749, 0, 0 %, 0 %, 35270 MiB, 39.40 W
2026/09/20 06:25:25.750, 1, 0 %, 0 %, 35270 MiB, 39.37 W
2026/09/20 06:25:25.750, 2, 0 %, 0 %, 35270 MiB, 37.49 W
2026/09/20 06:25:30.750, 0, 0 %, 0 %, 35270 MiB, 39.49 W
2026/09/20 06:25:30.750, 1, 0 %, 0 %, 35270 MiB, 39.36 W
2026/09/20 06:25:30.750, 2, 0 %, 0 %, 35270 MiB, 37.47 W
2026/09/20 06:25:35.752, 0, 0 %, 0 %, 35270 MiB, 39.70 W
2026/09/20 06:25:35.752, 1, 0 %, 0 %, 35270 MiB, 39.27 W
2026/09/20 06:25:35.752, 2, 0 %, 0 %, 35270 MiB, 37.49 W
2026/09/20 06:25:40.753, 0, 0 %, 0 %, 35270 MiB, 39.49 W
2026/09/20 06:25:40.753, 1, 0 %, 0 %, 35270 MiB, 39.26 W
2026/09/20 06:25:40.753, 2, 0 %, 0 %, 35270 MiB, 37.49 W
2026/09/20 06:25:45.753, 0, 0 %, 0 %, 35270 MiB, 39.49 W
2026/09/20 06:25:45.754, 1, 0 %, 0 %, 35270 MiB, 39.26 W
2026/09/20 06:25:45.754, 2, 0 %, 0 %, 35270 MiB, 37.58 W
2026/09/20 06:25:50.755, 0, 0 %, 0 %, 35270 MiB, 39.39 W
2026/09/20 06:25:50.755, 1, 0 %, 0 %, 35270 MiB, 39.35 W
2026/09/20 06:25:50.755, 2, 0 %, 0 %, 35270 MiB, 37.56 W
2026/09/20 06:25:55.756, 0, 0 %, 0 %, 35270 MiB, 39.50 W
2026/09/20 06:25:55.757, 1, 0 %, 0 %, 35270 MiB, 39.25 W
2026/09/20 06:25:55.757, 2, 0 %, 0 %, 35270 MiB, 37.58 W
2026/09/20 06:26:00.758, 0, 0 %, 0 %, 35270 MiB, 39.29 W
2026/09/20 06:26:00.758, 1, 0 %, 0 %, 35270 MiB, 39.24 W
2026/09/20 06:26:00.759, 2, 0 %, 0 %, 35270 MiB, 37.58 W
2026/09/20 06:26:05.759, 0, 0 %, 0 %, 35270 MiB, 39.39 W
2026/09/20 06:26:05.759, 1, 0 %, 0 %, 35270 MiB, 39.37 W
2026/09/20 06:26:05.759, 2, 0 %, 0 %, 35270 MiB, 37.49 W
2026/09/20 06:26:10.759, 0, 0 %, 0 %, 35270 MiB, 39.40 W
2026/09/20 06:26:10.760, 1, 0 %, 0 %, 35270 MiB, 39.36 W
2026/09/20 06:26:10.760, 2, 0 %, 0 %, 35270 MiB, 37.39 W
2026/09/20 06:26:15.760, 0, 0 %, 0 %, 35270 MiB, 39.51 W
2026/09/20 06:26:15.760, 1, 0 %, 0 %, 35270 MiB, 39.27 W
2026/09/20 06:26:15.760, 2, 0 %, 0 %, 35270 MiB, 37.59 W
2026/09/20 06:26:20.761, 0, 0 %, 0 %, 35270 MiB, 39.50 W
2026/09/20 06:26:20.761, 1, 0 %, 0 %, 35270 MiB, 39.37 W
2026/09/20 06:26:20.762, 2, 0 %, 0 %, 35270 MiB, 37.49 W
2026/09/20 06:26:25.763, 0, 0 %, 0 %, 35270 MiB, 39.39 W
2026/09/20 06:26:25.763, 1, 0 %, 0 %, 35270 MiB, 39.54 W
2026/09/20 06:26:25.763, 2, 0 %, 0 %, 35270 MiB, 37.39 W
2026/09/20 06:26:30.764, 0, 0 %, 0 %, 35270 MiB, 39.41 W
2026/09/20 06:26:30.764, 1, 0 %, 0 %, 35270 MiB, 39.37 W
2026/09/20 06:26:30.764, 2, 0 %, 0 %, 35270 MiB, 37.49 W
2026/09/20 06:26:35.765, 0, 0 %, 0 %, 35270 MiB, 39.41 W
2026/09/20 06:26:35.765, 1, 0 %, 0 %, 35270 MiB, 39.17 W
2026/09/20 06:26:35.765, 2, 0 %, 0 %, 35270 MiB, 37.60 W
2026/09/20 06:26:40.766, 0, 0 %, 0 %, 35270 MiB, 39.61 W
2026/09/20 06:26:40.766, 1, 0 %, 0 %, 35270 MiB, 39.17 W
2026/09/20 06:26:40.766, 2, 0 %, 0 %, 35270 MiB, 37.51 W
2026/09/20 06:26:45.766, 0, 0 %, 0 %, 35270 MiB, 39.51 W
2026/09/20 06:26:45.766, 1, 0 %, 0 %, 35270 MiB, 39.28 W
2026/09/20 06:26:45.766, 2, 0 %, 0 %, 35270 MiB, 37.49 W
2026/09/20 06:26:50.767, 0, 0 %, 0 %, 35270 MiB, 39.71 W
2026/09/20 06:26:50.767, 1, 0 %, 0 %, 35270 MiB, 39.28 W
2026/09/20 06:26:50.767, 2, 0 %, 0 %, 35270 MiB, 37.49 W
2026/09/20 06:26:55.768, 0, 0 %, 0 %, 35270 MiB, 39.53 W
2026/09/20 06:26:55.768, 1, 0 %, 0 %, 35270 MiB, 39.28 W
2026/09/20 06:26:55.768, 2, 0 %, 0 %, 35270 MiB, 37.72 W
2026/09/20 06:27:00.768, 0, 100 %, 14 %, 35270 MiB, 87.44 W
2026/09/20 06:27:00.769, 1, 100 %, 23 %, 35270 MiB, 158.34 W
2026/09/20 06:27:00.769, 2, 100 %, 18 %, 35270 MiB, 111.65 W
2026/09/20 06:27:05.769, 0, 100 %, 9 %, 35270 MiB, 85.73 W
2026/09/20 06:27:05.769, 1, 100 %, 19 %, 35270 MiB, 88.00 W
2026/09/20 06:27:05.769, 2, 100 %, 14 %, 35270 MiB, 94.16 W
2026/09/20 06:27:10.770, 0, 0 %, 0 %, 35270 MiB, 40.50 W
2026/09/20 06:27:10.770, 1, 0 %, 0 %, 35270 MiB, 39.87 W
2026/09/20 06:27:10.770, 2, 0 %, 0 %, 35270 MiB, 38.19 W
2026/09/20 06:27:15.771, 0, 0 %, 0 %, 35270 MiB, 40.10 W
2026/09/20 06:27:15.771, 1, 0 %, 0 %, 35270 MiB, 39.67 W
2026/09/20 06:27:15.771, 2, 0 %, 0 %, 35270 MiB, 38.19 W
2026/09/20 06:27:20.771, 0, 0 %, 0 %, 35270 MiB, 40.01 W
2026/09/20 06:27:20.771, 1, 0 %, 0 %, 35270 MiB, 39.69 W
2026/09/20 06:27:20.771, 2, 0 %, 0 %, 35270 MiB, 37.99 W
2026/09/20 06:27:25.772, 0, 0 %, 0 %, 35270 MiB, 39.89 W
2026/09/20 06:27:25.772, 1, 0 %, 0 %, 35270 MiB, 39.19 W
2026/09/20 06:27:25.772, 2, 0 %, 0 %, 35270 MiB, 37.91 W
2026/09/20 06:27:30.773, 0, 0 %, 0 %, 35270 MiB, 40.00 W
2026/09/20 06:27:30.773, 1, 0 %, 0 %, 35270 MiB, 39.56 W
2026/09/20 06:27:30.773, 2, 0 %, 0 %, 35270 MiB, 37.99 W
2026/09/20 06:27:35.773, 0, 0 %, 0 %, 35270 MiB, 39.90 W
2026/09/20 06:27:35.773, 1, 0 %, 0 %, 35270 MiB, 39.67 W
2026/09/20 06:27:35.773, 2, 0 %, 0 %, 35270 MiB, 37.92 W
2026/09/20 06:27:40.774, 0, 0 %, 0 %, 35270 MiB, 39.80 W
2026/09/20 06:27:40.774, 1, 0 %, 0 %, 35270 MiB, 39.29 W
2026/09/20 06:27:40.774, 2, 0 %, 0 %, 35270 MiB, 38.01 W
2026/09/20 06:27:45.774, 0, 0 %, 0 %, 35270 MiB, 40.10 W
2026/09/20 06:27:45.774, 1, 0 %, 0 %, 35270 MiB, 39.00 W
2026/09/20 06:27:45.775, 2, 0 %, 0 %, 35270 MiB, 37.91 W
2026/09/20 06:27:50.779, 0, 0 %, 0 %, 35270 MiB, 39.97 W
2026/09/20 06:27:50.779, 1, 0 %, 0 %, 35270 MiB, 39.34 W
2026/09/20 06:27:50.780, 2, 0 %, 0 %, 35270 MiB, 37.97 W
2026/09/20 06:27:55.781, 0, 0 %, 0 %, 35270 MiB, 39.85 W
2026/09/20 06:27:55.781, 1, 0 %, 0 %, 35270 MiB, 39.12 W
2026/09/20 06:27:55.782, 2, 0 %, 0 %, 35270 MiB, 37.94 W
2026/09/20 06:28:00.783, 0, 0 %, 0 %, 35270 MiB, 39.85 W
2026/09/20 06:28:00.783, 1, 0 %, 0 %, 35270 MiB, 39.91 W
2026/09/20 06:28:00.784, 2, 0 %, 0 %, 35270 MiB, 38.24 W
2026/09/20 06:28:05.785, 0, 0 %, 0 %, 35270 MiB, 39.47 W
2026/09/20 06:28:05.785, 1, 0 %, 0 %, 35270 MiB, 39.24 W
2026/09/20 06:28:05.786, 2, 0 %, 0 %, 35270 MiB, 37.66 W
2026/09/20 06:28:10.787, 0, 0 %, 0 %, 35270 MiB, 39.26 W
2026/09/20 06:28:10.787, 1, 0 %, 0 %, 35270 MiB, 39.22 W
2026/09/20 06:28:10.788, 2, 0 %, 0 %, 35270 MiB, 37.65 W
2026/09/20 06:28:15.789, 0, 0 %, 0 %, 35270 MiB, 39.17 W
2026/09/20 06:28:15.789, 1, 0 %, 0 %, 35270 MiB, 39.02 W
2026/09/20 06:28:15.789, 2, 0 %, 0 %, 35270 MiB, 37.54 W
2026/09/20 06:28:20.790, 0, 0 %, 0 %, 35270 MiB, 39.41 W
2026/09/20 06:28:20.790, 1, 0 %, 0 %, 35270 MiB, 38.97 W
2026/09/20 06:28:20.790, 2, 0 %, 0 %, 35270 MiB, 37.29 W
2026/09/20 06:28:25.791, 0, 0 %, 0 %, 35270 MiB, 39.26 W
2026/09/20 06:28:25.791, 1, 0 %, 0 %, 35270 MiB, 39.02 W
2026/09/20 06:28:25.791, 2, 0 %, 0 %, 35270 MiB, 37.14 W
2026/09/20 06:28:30.793, 0, 0 %, 0 %, 35270 MiB, 39.16 W
2026/09/20 06:28:30.794, 1, 0 %, 0 %, 35270 MiB, 39.12 W
2026/09/20 06:28:30.794, 2, 0 %, 0 %, 35270 MiB, 37.44 W
2026/09/20 06:28:35.795, 0, 0 %, 0 %, 35270 MiB, 39.08 W
2026/09/20 06:28:35.795, 1, 0 %, 0 %, 35270 MiB, 38.95 W
2026/09/20 06:28:35.796, 2, 0 %, 0 %, 35270 MiB, 37.16 W
2026/09/20 06:28:40.797, 0, 0 %, 0 %, 35270 MiB, 39.17 W
2026/09/20 06:28:40.797, 1, 0 %, 0 %, 35270 MiB, 38.94 W
2026/09/20 06:28:40.797, 2, 0 %, 0 %, 35270 MiB, 37.15 W
2026/09/20 06:28:45.798, 0, 0 %, 0 %, 35270 MiB, 39.06 W
2026/09/20 06:28:45.799, 1, 0 %, 0 %, 35270 MiB, 38.83 W
2026/09/20 06:28:45.799, 2, 0 %, 0 %, 35270 MiB, 37.04 W
2026/09/20 06:28:50.801, 0, 0 %, 0 %, 35270 MiB, 39.06 W
2026/09/20 06:28:50.801, 1, 0 %, 0 %, 35270 MiB, 38.73 W
2026/09/20 06:28:50.801, 2, 0 %, 0 %, 35270 MiB, 37.35 W
2026/09/20 06:28:55.802, 0, 0 %, 0 %, 35270 MiB, 39.11 W
2026/09/20 06:28:55.802, 1, 0 %, 0 %, 35270 MiB, 38.68 W
2026/09/20 06:28:55.802, 2, 0 %, 0 %, 35270 MiB, 37.18 W
2026/09/20 06:29:00.802, 0, 0 %, 0 %, 35270 MiB, 39.07 W
2026/09/20 06:29:00.803, 1, 0 %, 0 %, 35270 MiB, 38.66 W
2026/09/20 06:29:00.803, 2, 0 %, 0 %, 35270 MiB, 37.16 W
2026/09/20 06:29:05.803, 0, 0 %, 0 %, 35270 MiB, 39.06 W
2026/09/20 06:29:05.804, 1, 0 %, 0 %, 35270 MiB, 38.83 W
2026/09/20 06:29:05.804, 2, 0 %, 0 %, 35270 MiB, 37.14 W
2026/09/20 06:29:10.805, 0, 0 %, 0 %, 35270 MiB, 38.96 W
2026/09/20 06:29:10.806, 1, 0 %, 0 %, 35270 MiB, 38.73 W
2026/09/20 06:29:10.806, 2, 0 %, 0 %, 35270 MiB, 37.24 W
2026/09/20 06:29:15.806, 0, 0 %, 0 %, 35270 MiB, 38.80 W
2026/09/20 06:29:15.807, 1, 0 %, 0 %, 35270 MiB, 38.58 W
2026/09/20 06:29:15.807, 2, 0 %, 0 %, 35270 MiB, 37.18 W
2026/09/20 06:29:20.808, 0, 0 %, 0 %, 35270 MiB, 38.99 W
2026/09/20 06:29:20.809, 1, 0 %, 0 %, 35270 MiB, 38.65 W
2026/09/20 06:29:20.809, 2, 0 %, 0 %, 35270 MiB, 37.06 W
2026/09/20 06:29:25.810, 0, 0 %, 0 %, 35270 MiB, 38.87 W
2026/09/20 06:29:25.811, 1, 0 %, 0 %, 35270 MiB, 38.83 W
2026/09/20 06:29:25.811, 2, 0 %, 0 %, 35270 MiB, 37.04 W
2026/09/20 06:29:30.811, 0, 0 %, 0 %, 35270 MiB, 38.80 W
2026/09/20 06:29:30.812, 1, 0 %, 0 %, 35270 MiB, 38.68 W
2026/09/20 06:29:30.812, 2, 0 %, 0 %, 35270 MiB, 37.09 W
2026/09/20 06:29:35.813, 0, 0 %, 0 %, 35270 MiB, 38.96 W
2026/09/20 06:29:35.813, 1, 0 %, 0 %, 35270 MiB, 38.63 W
2026/09/20 06:29:35.814, 2, 0 %, 0 %, 35270 MiB, 36.94 W
2026/09/20 06:29:40.815, 0, 0 %, 0 %, 35270 MiB, 38.89 W
2026/09/20 06:29:40.816, 1, 0 %, 0 %, 35270 MiB, 39.24 W
2026/09/20 06:29:40.816, 2, 0 %, 0 %, 35270 MiB, 36.96 W
2026/09/20 06:29:45.817, 0, 0 %, 0 %, 35270 MiB, 38.87 W
2026/09/20 06:29:45.818, 1, 0 %, 0 %, 35270 MiB, 38.55 W
2026/09/20 06:29:45.818, 2, 0 %, 0 %, 35270 MiB, 37.06 W
2026/09/20 06:29:50.818, 0, 0 %, 0 %, 35270 MiB, 38.91 W
2026/09/20 06:29:50.819, 1, 0 %, 0 %, 35270 MiB, 38.68 W
2026/09/20 06:29:50.819, 2, 0 %, 0 %, 35270 MiB, 36.99 W
2026/09/20 06:29:55.819, 0, 0 %, 0 %, 35270 MiB, 38.99 W
2026/09/20 06:29:55.820, 1, 0 %, 0 %, 35270 MiB, 38.46 W
2026/09/20 06:29:55.820, 2, 0 %, 0 %, 35270 MiB, 36.96 W
2026/09/20 06:30:00.820, 0, 0 %, 0 %, 35270 MiB, 38.86 W
2026/09/20 06:30:00.821, 1, 0 %, 0 %, 35270 MiB, 38.63 W
2026/09/20 06:30:00.821, 2, 0 %, 0 %, 35270 MiB, 37.04 W
2026/09/20 06:30:05.822, 0, 0 %, 0 %, 35270 MiB, 38.97 W
2026/09/20 06:30:05.823, 1, 0 %, 0 %, 35270 MiB, 38.56 W
2026/09/20 06:30:05.823, 2, 0 %, 0 %, 35270 MiB, 37.16 W
2026/09/20 06:30:10.824, 0, 0 %, 0 %, 35270 MiB, 38.99 W
2026/09/20 06:30:10.824, 1, 0 %, 0 %, 35270 MiB, 38.46 W
2026/09/20 06:30:10.825, 2, 0 %, 0 %, 35270 MiB, 37.07 W
2026/09/20 06:30:15.826, 0, 0 %, 0 %, 35270 MiB, 38.86 W
2026/09/20 06:30:15.826, 1, 0 %, 0 %, 35270 MiB, 38.64 W
2026/09/20 06:30:15.827, 2, 0 %, 0 %, 35270 MiB, 37.14 W
2026/09/20 06:30:20.828, 0, 0 %, 0 %, 35270 MiB, 38.76 W
2026/09/20 06:30:20.828, 1, 0 %, 0 %, 35270 MiB, 38.44 W
2026/09/20 06:30:20.829, 2, 0 %, 0 %, 35270 MiB, 37.03 W
2026/09/20 06:30:25.830, 0, 0 %, 0 %, 35270 MiB, 38.65 W
2026/09/20 06:30:25.831, 1, 0 %, 0 %, 35270 MiB, 38.53 W
2026/09/20 06:30:25.831, 2, 0 %, 0 %, 35270 MiB, 37.14 W
2026/09/20 06:30:30.832, 0, 0 %, 0 %, 35270 MiB, 38.75 W
2026/09/20 06:30:30.832, 1, 0 %, 0 %, 35270 MiB, 38.44 W
2026/09/20 06:30:30.833, 2, 0 %, 0 %, 35270 MiB, 36.94 W
2026/09/20 06:30:35.834, 0, 0 %, 0 %, 35270 MiB, 38.77 W
2026/09/20 06:30:35.835, 1, 0 %, 0 %, 35270 MiB, 38.56 W
2026/09/20 06:30:35.835, 2, 0 %, 0 %, 35270 MiB, 36.86 W
2026/09/20 06:30:40.835, 0, 0 %, 0 %, 35270 MiB, 38.69 W
2026/09/20 06:30:40.836, 1, 0 %, 0 %, 35270 MiB, 38.48 W
2026/09/20 06:30:40.836, 2, 0 %, 0 %, 35270 MiB, 36.98 W
2026/09/20 06:30:45.836, 0, 0 %, 0 %, 35270 MiB, 38.79 W
2026/09/20 06:30:45.837, 1, 0 %, 0 %, 35270 MiB, 38.56 W
2026/09/20 06:30:45.837, 2, 0 %, 0 %, 35270 MiB, 37.06 W
2026/09/20 06:30:50.838, 0, 0 %, 0 %, 35270 MiB, 38.87 W
2026/09/20 06:30:50.839, 1, 0 %, 0 %, 35270 MiB, 38.83 W
2026/09/20 06:30:50.839, 2, 0 %, 0 %, 35270 MiB, 37.04 W
2026/09/20 06:30:55.840, 0, 0 %, 0 %, 35270 MiB, 38.85 W
2026/09/20 06:30:55.840, 1, 0 %, 0 %, 35270 MiB, 38.63 W
2026/09/20 06:30:55.841, 2, 0 %, 0 %, 35270 MiB, 37.03 W
2026/09/20 06:31:00.841, 0, 0 %, 0 %, 35270 MiB, 38.86 W
2026/09/20 06:31:00.842, 1, 0 %, 0 %, 35270 MiB, 38.63 W
2026/09/20 06:31:00.842, 2, 0 %, 0 %, 35270 MiB, 37.14 W
2026/09/20 06:31:05.843, 0, 0 %, 0 %, 35270 MiB, 38.85 W
2026/09/20 06:31:05.844, 1, 0 %, 0 %, 35270 MiB, 38.44 W
2026/09/20 06:31:05.844, 2, 0 %, 0 %, 35270 MiB, 36.93 W
2026/09/20 06:31:10.845, 0, 0 %, 0 %, 35270 MiB, 39.06 W
2026/09/20 06:31:10.846, 1, 0 %, 0 %, 35270 MiB, 38.44 W
2026/09/20 06:31:10.846, 2, 0 %, 0 %, 35270 MiB, 37.04 W
2026/09/20 06:31:15.847, 0, 0 %, 0 %, 35270 MiB, 38.85 W
2026/09/20 06:31:15.848, 1, 0 %, 0 %, 35270 MiB, 38.44 W
2026/09/20 06:31:15.848, 2, 0 %, 0 %, 35270 MiB, 37.13 W
2026/09/20 06:31:20.849, 0, 0 %, 0 %, 35270 MiB, 38.97 W
2026/09/20 06:31:20.860, 1, 0 %, 0 %, 35270 MiB, 38.45 W
2026/09/20 06:31:20.871, 2, 0 %, 0 %, 35270 MiB, 37.25 W
2026/09/20 06:31:25.883, 0, 0 %, 0 %, 35270 MiB, 38.99 W
2026/09/20 06:31:25.883, 1, 0 %, 0 %, 35270 MiB, 38.48 W
2026/09/20 06:31:25.883, 2, 0 %, 0 %, 35270 MiB, 37.18 W
2026/09/20 06:31:30.891, 0, 0 %, 0 %, 35270 MiB, 38.85 W
2026/09/20 06:31:30.892, 1, 0 %, 0 %, 35270 MiB, 38.43 W
2026/09/20 06:31:30.892, 2, 0 %, 0 %, 35270 MiB, 37.13 W
2026/09/20 06:31:35.893, 0, 0 %, 0 %, 35270 MiB, 38.86 W
2026/09/20 06:31:35.894, 1, 0 %, 0 %, 35270 MiB, 38.44 W
2026/09/20 06:31:35.894, 2, 0 %, 0 %, 35270 MiB, 37.24 W
2026/09/20 06:31:40.894, 0, 0 %, 0 %, 35270 MiB, 38.68 W
2026/09/20 06:31:40.895, 1, 0 %, 0 %, 35270 MiB, 38.46 W
2026/09/20 06:31:40.895, 2, 0 %, 0 %, 35270 MiB, 37.15 W
2026/09/20 06:31:45.896, 0, 0 %, 0 %, 35270 MiB, 38.83 W
2026/09/20 06:31:45.897, 1, 0 %, 0 %, 35270 MiB, 38.43 W
2026/09/20 06:31:45.897, 2, 0 %, 0 %, 35270 MiB, 37.03 W
2026/09/20 06:31:50.898, 0, 0 %, 0 %, 35270 MiB, 38.75 W
2026/09/20 06:31:50.899, 1, 0 %, 0 %, 35270 MiB, 38.53 W
2026/09/20 06:31:50.899, 2, 0 %, 0 %, 35270 MiB, 37.04 W
2026/09/20 06:31:55.899, 0, 0 %, 0 %, 35270 MiB, 38.87 W
2026/09/20 06:31:55.900, 1, 0 %, 0 %, 35270 MiB, 38.44 W
2026/09/20 06:31:55.900, 2, 0 %, 0 %, 35270 MiB, 37.25 W
2026/09/20 06:32:00.901, 0, 0 %, 0 %, 35270 MiB, 38.86 W
2026/09/20 06:32:00.902, 1, 0 %, 0 %, 35270 MiB, 38.64 W
2026/09/20 06:32:00.902, 2, 0 %, 0 %, 35270 MiB, 37.06 W
2026/09/20 06:32:05.903, 0, 0 %, 0 %, 35270 MiB, 38.86 W
2026/09/20 06:32:05.904, 1, 0 %, 0 %, 35270 MiB, 38.53 W
2026/09/20 06:32:05.904, 2, 0 %, 0 %, 35270 MiB, 37.03 W
2026/09/20 06:32:10.904, 0, 0 %, 0 %, 35270 MiB, 38.75 W
2026/09/20 06:32:10.905, 1, 0 %, 0 %, 35270 MiB, 38.23 W
2026/09/20 06:32:10.905, 2, 0 %, 0 %, 35270 MiB, 37.05 W
2026/09/20 06:32:15.905, 0, 0 %, 0 %, 35270 MiB, 38.76 W
2026/09/20 06:32:15.906, 1, 0 %, 0 %, 35270 MiB, 38.35 W
2026/09/20 06:32:15.906, 2, 0 %, 0 %, 35270 MiB, 37.25 W
2026/09/20 06:32:20.907, 0, 0 %, 0 %, 35270 MiB, 38.86 W
2026/09/20 06:32:20.908, 1, 0 %, 0 %, 35270 MiB, 38.36 W
2026/09/20 06:32:20.908, 2, 0 %, 0 %, 35270 MiB, 37.06 W
2026/09/20 06:32:25.908, 0, 0 %, 0 %, 35270 MiB, 38.79 W
2026/09/20 06:32:25.909, 1, 0 %, 0 %, 35270 MiB, 38.26 W
2026/09/20 06:32:25.909, 2, 0 %, 0 %, 35270 MiB, 37.08 W
2026/09/20 06:32:30.910, 0, 0 %, 0 %, 35270 MiB, 38.58 W
2026/09/20 06:32:30.910, 1, 0 %, 0 %, 35270 MiB, 38.25 W
2026/09/20 06:32:30.911, 2, 0 %, 0 %, 35270 MiB, 37.06 W
2026/09/20 06:32:35.912, 0, 0 %, 0 %, 35270 MiB, 38.55 W
2026/09/20 06:32:35.913, 1, 0 %, 0 %, 35270 MiB, 38.53 W
2026/09/20 06:32:35.913, 2, 0 %, 0 %, 35270 MiB, 37.24 W
2026/09/20 06:32:40.914, 0, 0 %, 0 %, 35270 MiB, 38.90 W
2026/09/20 06:32:40.914, 1, 0 %, 0 %, 35270 MiB, 38.25 W
2026/09/20 06:32:40.914, 2, 0 %, 0 %, 35270 MiB, 37.06 W
2026/09/20 06:32:45.916, 0, 0 %, 0 %, 35270 MiB, 38.65 W
2026/09/20 06:32:45.917, 1, 0 %, 0 %, 35270 MiB, 38.23 W
2026/09/20 06:32:45.917, 2, 0 %, 0 %, 35270 MiB, 36.94 W
2026/09/20 06:32:50.918, 0, 0 %, 0 %, 35270 MiB, 38.56 W
2026/09/20 06:32:50.919, 1, 0 %, 0 %, 35270 MiB, 38.13 W
2026/09/20 06:32:50.919, 2, 0 %, 0 %, 35270 MiB, 36.84 W
2026/09/20 06:32:55.919, 0, 0 %, 0 %, 35270 MiB, 38.62 W
2026/09/20 06:32:55.920, 1, 0 %, 0 %, 35270 MiB, 38.28 W
2026/09/20 06:32:55.920, 2, 0 %, 0 %, 35270 MiB, 37.09 W
2026/09/20 06:33:00.920, 0, 0 %, 0 %, 35270 MiB, 38.64 W
2026/09/20 06:33:00.920, 1, 0 %, 0 %, 35270 MiB, 38.23 W
2026/09/20 06:33:00.921, 2, 0 %, 0 %, 35270 MiB, 36.93 W
2026/09/20 06:33:05.921, 0, 0 %, 0 %, 35270 MiB, 38.67 W
2026/09/20 06:33:05.922, 1, 0 %, 0 %, 35270 MiB, 38.25 W
2026/09/20 06:33:05.922, 2, 0 %, 0 %, 35270 MiB, 36.96 W
2026/09/20 06:33:10.922, 0, 0 %, 0 %, 35270 MiB, 38.71 W
2026/09/20 06:33:10.923, 1, 0 %, 0 %, 35270 MiB, 38.39 W
2026/09/20 06:33:10.923, 2, 0 %, 0 %, 35270 MiB, 36.96 W
2026/09/20 06:33:15.923, 0, 0 %, 0 %, 35270 MiB, 38.76 W
2026/09/20 06:33:15.924, 1, 0 %, 0 %, 35270 MiB, 38.25 W
2026/09/20 06:33:15.924, 2, 0 %, 0 %, 35270 MiB, 37.16 W
2026/09/20 06:33:20.924, 0, 0 %, 0 %, 35270 MiB, 38.99 W
2026/09/20 06:33:20.925, 1, 0 %, 0 %, 35270 MiB, 38.15 W
2026/09/20 06:33:20.925, 2, 0 %, 0 %, 35270 MiB, 37.06 W
2026/09/20 06:33:25.925, 0, 0 %, 0 %, 35270 MiB, 38.74 W
2026/09/20 06:33:25.926, 1, 0 %, 0 %, 35270 MiB, 38.20 W
2026/09/20 06:33:25.926, 2, 0 %, 0 %, 35270 MiB, 37.01 W
2026/09/20 06:33:30.927, 0, 0 %, 0 %, 35270 MiB, 38.87 W
2026/09/20 06:33:30.927, 1, 0 %, 0 %, 35270 MiB, 38.23 W
2026/09/20 06:33:30.927, 2, 0 %, 0 %, 35270 MiB, 37.04 W
2026/09/20 06:33:35.929, 0, 0 %, 0 %, 35270 MiB, 38.86 W
2026/09/20 06:33:35.930, 1, 0 %, 0 %, 35270 MiB, 38.23 W
2026/09/20 06:33:35.930, 2, 0 %, 0 %, 35270 MiB, 37.14 W
2026/09/20 06:33:40.931, 0, 0 %, 0 %, 35270 MiB, 38.74 W
2026/09/20 06:33:40.932, 1, 0 %, 0 %, 35270 MiB, 38.22 W
2026/09/20 06:33:40.932, 2, 0 %, 0 %, 35270 MiB, 37.13 W
2026/09/20 06:33:45.932, 0, 0 %, 0 %, 35270 MiB, 38.71 W
2026/09/20 06:33:45.933, 1, 0 %, 0 %, 35270 MiB, 38.49 W
2026/09/20 06:33:45.933, 2, 0 %, 0 %, 35270 MiB, 37.09 W
2026/09/20 06:33:50.933, 0, 0 %, 0 %, 35270 MiB, 38.69 W
2026/09/20 06:33:50.934, 1, 0 %, 0 %, 35270 MiB, 38.25 W
2026/09/20 06:33:50.934, 2, 0 %, 0 %, 35270 MiB, 37.18 W
2026/09/20 06:33:55.935, 0, 0 %, 0 %, 35270 MiB, 38.86 W
2026/09/20 06:33:55.936, 1, 0 %, 0 %, 35270 MiB, 38.33 W
2026/09/20 06:33:55.936, 2, 0 %, 0 %, 35270 MiB, 37.06 W
2026/09/20 06:34:00.937, 0, 0 %, 0 %, 35270 MiB, 38.75 W
2026/09/20 06:34:00.938, 1, 0 %, 0 %, 35270 MiB, 38.34 W
2026/09/20 06:34:00.938, 2, 0 %, 0 %, 35270 MiB, 37.04 W
2026/09/20 06:34:05.939, 0, 0 %, 0 %, 35270 MiB, 38.75 W
2026/09/20 06:34:05.939, 1, 0 %, 0 %, 35270 MiB, 38.44 W
2026/09/20 06:34:05.940, 2, 0 %, 0 %, 35270 MiB, 37.04 W
2026/09/20 06:34:10.941, 0, 0 %, 0 %, 35270 MiB, 38.75 W
2026/09/20 06:34:10.942, 1, 0 %, 0 %, 35270 MiB, 38.34 W
2026/09/20 06:34:10.942, 2, 0 %, 0 %, 35270 MiB, 37.25 W
2026/09/20 06:34:15.942, 0, 0 %, 0 %, 35270 MiB, 38.87 W
2026/09/20 06:34:15.943, 1, 0 %, 0 %, 35270 MiB, 38.33 W
2026/09/20 06:34:15.943, 2, 0 %, 0 %, 35270 MiB, 37.04 W
2026/09/20 06:34:20.944, 0, 0 %, 0 %, 35270 MiB, 38.78 W
2026/09/20 06:34:20.944, 1, 0 %, 0 %, 35270 MiB, 38.34 W
2026/09/20 06:34:20.945, 2, 0 %, 0 %, 35270 MiB, 37.14 W
2026/09/20 06:34:25.946, 0, 0 %, 0 %, 35270 MiB, 38.87 W
2026/09/20 06:34:25.946, 1, 0 %, 0 %, 35270 MiB, 38.24 W
2026/09/20 06:34:25.946, 2, 0 %, 0 %, 35270 MiB, 37.05 W
2026/09/20 06:34:30.947, 0, 0 %, 0 %, 35270 MiB, 38.86 W
2026/09/20 06:34:30.948, 1, 0 %, 0 %, 35270 MiB, 38.23 W
2026/09/20 06:34:30.948, 2, 0 %, 0 %, 35270 MiB, 37.35 W
2026/09/20 06:34:35.949, 0, 0 %, 0 %, 35270 MiB, 38.97 W
2026/09/20 06:34:35.950, 1, 0 %, 0 %, 35270 MiB, 38.25 W
2026/09/20 06:34:35.950, 2, 0 %, 0 %, 35270 MiB, 37.16 W
2026/09/20 06:34:40.950, 0, 0 %, 0 %, 35270 MiB, 39.11 W
2026/09/20 06:34:40.951, 1, 0 %, 0 %, 35270 MiB, 38.49 W
2026/09/20 06:34:40.951, 2, 0 %, 0 %, 35270 MiB, 37.18 W
2026/09/20 06:34:45.952, 0, 0 %, 0 %, 35270 MiB, 38.80 W
2026/09/20 06:34:45.952, 1, 0 %, 0 %, 35270 MiB, 38.49 W
2026/09/20 06:34:45.953, 2, 0 %, 0 %, 35270 MiB, 37.28 W
2026/09/20 06:34:50.954, 0, 0 %, 0 %, 35270 MiB, 39.02 W
2026/09/20 06:34:50.954, 1, 0 %, 0 %, 35270 MiB, 38.39 W
2026/09/20 06:34:50.954, 2, 0 %, 0 %, 35270 MiB, 37.49 W
2026/09/20 06:34:55.954, 0, 0 %, 0 %, 35270 MiB, 38.92 W
2026/09/20 06:34:55.954, 1, 0 %, 0 %, 35270 MiB, 38.39 W
2026/09/20 06:34:55.954, 2, 0 %, 0 %, 35270 MiB, 37.39 W
2026/09/20 06:35:00.955, 0, 0 %, 0 %, 35270 MiB, 39.02 W
2026/09/20 06:35:00.955, 1, 0 %, 0 %, 35270 MiB, 38.49 W
2026/09/20 06:35:00.955, 2, 0 %, 0 %, 35270 MiB, 37.09 W
2026/09/20 06:35:05.955, 0, 0 %, 0 %, 35270 MiB, 39.02 W
2026/09/20 06:35:05.955, 1, 0 %, 0 %, 35270 MiB, 38.59 W
2026/09/20 06:35:05.955, 2, 0 %, 0 %, 35270 MiB, 37.19 W
2026/09/20 06:35:10.956, 0, 0 %, 0 %, 35270 MiB, 39.22 W
2026/09/20 06:35:10.956, 1, 0 %, 0 %, 35270 MiB, 38.49 W
2026/09/20 06:35:10.956, 2, 0 %, 0 %, 35270 MiB, 37.28 W
2026/09/20 06:35:15.957, 0, 0 %, 0 %, 35270 MiB, 39.12 W
2026/09/20 06:35:15.957, 1, 0 %, 0 %, 35270 MiB, 38.58 W
2026/09/20 06:35:15.957, 2, 0 %, 0 %, 35270 MiB, 37.18 W
2026/09/20 06:35:20.957, 0, 0 %, 0 %, 35270 MiB, 39.12 W
2026/09/20 06:35:20.958, 1, 0 %, 0 %, 35270 MiB, 38.58 W
2026/09/20 06:35:20.958, 2, 0 %, 0 %, 35270 MiB, 37.29 W
2026/09/20 06:35:25.958, 0, 0 %, 0 %, 35270 MiB, 39.12 W
2026/09/20 06:35:25.959, 1, 0 %, 0 %, 35270 MiB, 38.68 W
2026/09/20 06:35:25.959, 2, 0 %, 0 %, 35270 MiB, 37.28 W
2026/09/20 06:35:30.959, 0, 0 %, 0 %, 35270 MiB, 39.19 W
2026/09/20 06:35:30.959, 1, 0 %, 0 %, 35270 MiB, 38.49 W
2026/09/20 06:35:30.959, 2, 0 %, 0 %, 35270 MiB, 37.49 W
2026/09/20 06:35:35.960, 0, 0 %, 0 %, 35270 MiB, 39.22 W
2026/09/20 06:35:35.960, 1, 0 %, 0 %, 35270 MiB, 38.70 W
2026/09/20 06:35:35.960, 2, 0 %, 0 %, 35270 MiB, 37.40 W
2026/09/20 06:35:40.960, 0, 0 %, 0 %, 35270 MiB, 39.31 W
2026/09/20 06:35:40.961, 1, 0 %, 0 %, 35270 MiB, 38.58 W
2026/09/20 06:35:40.961, 2, 0 %, 0 %, 35270 MiB, 37.39 W
2026/09/20 06:35:45.961, 0, 0 %, 0 %, 35270 MiB, 39.61 W
2026/09/20 06:35:45.961, 1, 0 %, 0 %, 35270 MiB, 38.58 W
2026/09/20 06:35:45.961, 2, 0 %, 0 %, 35270 MiB, 37.59 W
2026/09/20 06:35:50.962, 0, 0 %, 0 %, 35270 MiB, 39.31 W
2026/09/20 06:35:50.962, 1, 0 %, 0 %, 35270 MiB, 38.60 W
2026/09/20 06:35:50.962, 2, 0 %, 0 %, 35270 MiB, 37.59 W
2026/09/20 06:35:55.962, 0, 0 %, 0 %, 35270 MiB, 39.12 W
2026/09/20 06:35:55.962, 1, 0 %, 0 %, 35270 MiB, 38.58 W
2026/09/20 06:35:55.962, 2, 0 %, 0 %, 35270 MiB, 37.49 W
2026/09/20 06:36:00.963, 0, 0 %, 0 %, 35270 MiB, 39.21 W
2026/09/20 06:36:00.963, 1, 0 %, 0 %, 35270 MiB, 38.65 W
2026/09/20 06:36:00.964, 2, 0 %, 0 %, 35270 MiB, 37.58 W
2026/09/20 06:36:05.964, 0, 0 %, 0 %, 35270 MiB, 39.31 W
2026/09/20 06:36:05.964, 1, 0 %, 0 %, 35270 MiB, 38.69 W
2026/09/20 06:36:05.964, 2, 0 %, 0 %, 35270 MiB, 37.59 W
2026/09/20 06:36:10.965, 0, 0 %, 0 %, 35270 MiB, 39.31 W
2026/09/20 06:36:10.965, 1, 0 %, 0 %, 35270 MiB, 38.88 W
2026/09/20 06:36:10.965, 2, 0 %, 0 %, 35270 MiB, 37.49 W
2026/09/20 06:36:15.966, 0, 0 %, 0 %, 35270 MiB, 39.31 W
2026/09/20 06:36:15.966, 1, 0 %, 0 %, 35270 MiB, 38.78 W
2026/09/20 06:36:15.966, 2, 0 %, 0 %, 35270 MiB, 37.39 W
2026/09/20 06:36:20.966, 0, 0 %, 0 %, 35270 MiB, 39.22 W
2026/09/20 06:36:20.967, 1, 0 %, 0 %, 35270 MiB, 38.78 W
2026/09/20 06:36:20.967, 2, 0 %, 0 %, 35270 MiB, 37.39 W
2026/09/20 06:36:25.967, 0, 0 %, 0 %, 35270 MiB, 39.41 W
2026/09/20 06:36:25.967, 1, 0 %, 0 %, 35270 MiB, 38.97 W
2026/09/20 06:36:25.967, 2, 0 %, 0 %, 35270 MiB, 37.70 W
2026/09/20 06:36:30.968, 0, 0 %, 0 %, 35270 MiB, 39.41 W
2026/09/20 06:36:30.968, 1, 0 %, 0 %, 35270 MiB, 38.97 W
2026/09/20 06:36:30.968, 2, 0 %, 0 %, 35270 MiB, 37.59 W
2026/09/20 06:36:35.969, 0, 0 %, 0 %, 35270 MiB, 39.31 W
2026/09/20 06:36:35.969, 1, 0 %, 0 %, 35270 MiB, 38.88 W
2026/09/20 06:36:35.969, 2, 0 %, 0 %, 35270 MiB, 37.59 W
2026/09/20 06:36:40.969, 0, 0 %, 0 %, 35270 MiB, 39.41 W
2026/09/20 06:36:40.970, 1, 0 %, 0 %, 35270 MiB, 38.68 W
2026/09/20 06:36:40.970, 2, 0 %, 0 %, 35270 MiB, 37.49 W
2026/09/20 06:36:45.970, 0, 0 %, 0 %, 35270 MiB, 39.50 W
2026/09/20 06:36:45.970, 1, 0 %, 0 %, 35270 MiB, 39.09 W
2026/09/20 06:36:45.970, 2, 0 %, 0 %, 35270 MiB, 37.81 W
2026/09/20 06:36:50.971, 0, 0 %, 0 %, 35270 MiB, 39.51 W
2026/09/20 06:36:50.971, 1, 0 %, 0 %, 35270 MiB, 38.78 W
2026/09/20 06:36:50.971, 2, 0 %, 0 %, 35270 MiB, 37.59 W
2026/09/20 06:36:55.972, 0, 0 %, 0 %, 35270 MiB, 39.51 W
2026/09/20 06:36:55.972, 1, 0 %, 0 %, 35270 MiB, 38.88 W
2026/09/20 06:36:55.972, 2, 0 %, 0 %, 35270 MiB, 37.60 W
2026/09/20 06:37:00.972, 0, 0 %, 0 %, 35270 MiB, 39.51 W
2026/09/20 06:37:00.972, 1, 0 %, 0 %, 35270 MiB, 38.78 W
2026/09/20 06:37:00.973, 2, 0 %, 0 %, 35270 MiB, 37.69 W
2026/09/20 06:37:05.973, 0, 0 %, 0 %, 35270 MiB, 39.31 W
2026/09/20 06:37:05.973, 1, 0 %, 0 %, 35270 MiB, 38.97 W
2026/09/20 06:37:05.973, 2, 0 %, 0 %, 35270 MiB, 37.80 W
2026/09/20 06:37:10.974, 0, 0 %, 0 %, 35270 MiB, 39.41 W
2026/09/20 06:37:10.974, 1, 0 %, 0 %, 35270 MiB, 38.88 W
2026/09/20 06:37:10.974, 2, 0 %, 0 %, 35270 MiB, 37.69 W
2026/09/20 06:37:15.974, 0, 0 %, 0 %, 35270 MiB, 39.39 W
2026/09/20 06:37:15.975, 1, 0 %, 0 %, 35270 MiB, 38.88 W
2026/09/20 06:37:15.975, 2, 0 %, 0 %, 35270 MiB, 37.59 W
2026/09/20 06:37:20.976, 0, 0 %, 0 %, 35270 MiB, 39.51 W
2026/09/20 06:37:20.976, 1, 0 %, 0 %, 35270 MiB, 39.17 W
2026/09/20 06:37:20.976, 2, 0 %, 0 %, 35270 MiB, 37.49 W
2026/09/20 06:37:25.976, 0, 0 %, 0 %, 35270 MiB, 39.41 W
2026/09/20 06:37:25.977, 1, 0 %, 0 %, 35270 MiB, 38.98 W
2026/09/20 06:37:25.977, 2, 0 %, 0 %, 35270 MiB, 37.59 W
2026/09/20 06:37:30.977, 0, 0 %, 0 %, 35270 MiB, 39.40 W
2026/09/20 06:37:30.977, 1, 0 %, 0 %, 35270 MiB, 38.97 W
2026/09/20 06:37:30.977, 2, 0 %, 0 %, 35270 MiB, 37.59 W
2026/09/20 06:37:35.978, 0, 0 %, 0 %, 35270 MiB, 39.51 W
2026/09/20 06:37:35.978, 1, 0 %, 0 %, 35270 MiB, 39.08 W
2026/09/20 06:37:35.978, 2, 0 %, 0 %, 35270 MiB, 37.49 W
2026/09/20 06:37:40.978, 0, 0 %, 0 %, 35270 MiB, 39.61 W
2026/09/20 06:37:40.978, 1, 0 %, 0 %, 35270 MiB, 39.17 W
2026/09/20 06:37:40.978, 2, 0 %, 0 %, 35270 MiB, 37.80 W
2026/09/20 06:37:45.979, 0, 0 %, 0 %, 35270 MiB, 39.61 W
2026/09/20 06:37:45.979, 1, 0 %, 0 %, 35270 MiB, 38.88 W
2026/09/20 06:37:45.979, 2, 0 %, 0 %, 35270 MiB, 37.70 W
2026/09/20 06:37:50.979, 0, 0 %, 0 %, 35270 MiB, 39.51 W
2026/09/20 06:37:50.980, 1, 0 %, 0 %, 35270 MiB, 38.97 W
2026/09/20 06:37:50.980, 2, 0 %, 0 %, 35270 MiB, 37.59 W
2026/09/20 06:37:55.980, 0, 0 %, 0 %, 35270 MiB, 39.80 W
2026/09/20 06:37:55.980, 1, 0 %, 0 %, 35270 MiB, 38.97 W
2026/09/20 06:37:55.980, 2, 0 %, 0 %, 35270 MiB, 37.70 W
2026/09/20 06:38:00.981, 0, 0 %, 0 %, 35270 MiB, 39.61 W
2026/09/20 06:38:00.981, 1, 0 %, 0 %, 35270 MiB, 38.98 W
2026/09/20 06:38:00.981, 2, 0 %, 0 %, 35270 MiB, 37.90 W
2026/09/20 06:38:05.981, 0, 0 %, 0 %, 35270 MiB, 39.41 W
2026/09/20 06:38:05.982, 1, 0 %, 0 %, 35270 MiB, 38.97 W
2026/09/20 06:38:05.982, 2, 0 %, 0 %, 35270 MiB, 37.70 W
2026/09/20 06:38:10.982, 0, 0 %, 0 %, 35270 MiB, 39.41 W
2026/09/20 06:38:10.982, 1, 0 %, 0 %, 35270 MiB, 38.97 W
2026/09/20 06:38:10.982, 2, 0 %, 0 %, 35270 MiB, 37.80 W
2026/09/20 06:38:15.983, 0, 0 %, 0 %, 35270 MiB, 39.71 W
2026/09/20 06:38:15.983, 1, 0 %, 0 %, 35270 MiB, 39.07 W
2026/09/20 06:38:15.983, 2, 0 %, 0 %, 35270 MiB, 37.70 W
2026/09/20 06:38:20.983, 0, 0 %, 0 %, 35270 MiB, 39.41 W
2026/09/20 06:38:20.984, 1, 0 %, 0 %, 35270 MiB, 38.97 W
2026/09/20 06:38:20.984, 2, 0 %, 0 %, 35270 MiB, 37.90 W
2026/09/20 06:38:25.984, 0, 0 %, 0 %, 35270 MiB, 39.51 W
2026/09/20 06:38:25.984, 1, 0 %, 0 %, 35270 MiB, 38.97 W
2026/09/20 06:38:25.985, 2, 0 %, 0 %, 35270 MiB, 37.49 W
2026/09/20 06:38:30.986, 0, 0 %, 0 %, 35270 MiB, 39.50 W
2026/09/20 06:38:30.987, 1, 0 %, 0 %, 35270 MiB, 39.07 W
2026/09/20 06:38:30.987, 2, 0 %, 0 %, 35270 MiB, 37.58 W
2026/09/20 06:38:35.987, 0, 0 %, 0 %, 35270 MiB, 39.61 W
2026/09/20 06:38:35.987, 1, 0 %, 0 %, 35270 MiB, 39.27 W
2026/09/20 06:38:35.987, 2, 0 %, 0 %, 35270 MiB, 37.60 W
2026/09/20 06:38:40.988, 0, 0 %, 0 %, 35270 MiB, 39.51 W
2026/09/20 06:38:40.988, 1, 0 %, 0 %, 35270 MiB, 39.17 W
2026/09/20 06:38:40.988, 2, 0 %, 0 %, 35270 MiB, 37.80 W
2026/09/20 06:38:45.988, 0, 0 %, 0 %, 35270 MiB, 39.51 W
2026/09/20 06:38:45.989, 1, 0 %, 0 %, 35270 MiB, 39.07 W
2026/09/20 06:38:45.989, 2, 0 %, 0 %, 35270 MiB, 37.59 W
2026/09/20 06:38:50.989, 0, 0 %, 0 %, 35270 MiB, 39.80 W
2026/09/20 06:38:50.990, 1, 0 %, 0 %, 35270 MiB, 39.27 W
2026/09/20 06:38:50.990, 2, 0 %, 0 %, 35270 MiB, 37.59 W
2026/09/20 06:38:55.990, 0, 0 %, 0 %, 35270 MiB, 39.51 W
2026/09/20 06:38:55.990, 1, 0 %, 0 %, 35270 MiB, 38.97 W
2026/09/20 06:38:55.990, 2, 0 %, 0 %, 35270 MiB, 37.59 W
2026/09/20 06:39:00.991, 0, 0 %, 0 %, 35270 MiB, 39.60 W
2026/09/20 06:39:00.991, 1, 0 %, 0 %, 35270 MiB, 38.97 W
2026/09/20 06:39:00.991, 2, 0 %, 0 %, 35270 MiB, 37.80 W
2026/09/20 06:39:05.991, 0, 0 %, 0 %, 35270 MiB, 39.61 W
2026/09/20 06:39:05.992, 1, 0 %, 0 %, 35270 MiB, 38.98 W
2026/09/20 06:39:05.992, 2, 0 %, 0 %, 35270 MiB, 37.59 W
2026/09/20 06:39:10.992, 0, 0 %, 0 %, 35270 MiB, 39.61 W
2026/09/20 06:39:10.992, 1, 0 %, 0 %, 35270 MiB, 38.97 W
2026/09/20 06:39:10.992, 2, 0 %, 0 %, 35270 MiB, 37.69 W
2026/09/20 06:39:15.993, 0, 0 %, 0 %, 35270 MiB, 39.41 W
2026/09/20 06:39:15.994, 1, 0 %, 0 %, 35270 MiB, 39.08 W
2026/09/20 06:39:15.994, 2, 0 %, 0 %, 35270 MiB, 37.70 W
2026/09/20 06:39:20.994, 0, 0 %, 0 %, 35270 MiB, 39.41 W
2026/09/20 06:39:20.994, 1, 0 %, 0 %, 35270 MiB, 39.07 W
2026/09/20 06:39:20.994, 2, 0 %, 0 %, 35270 MiB, 37.80 W
2026/09/20 06:39:25.995, 0, 0 %, 0 %, 35270 MiB, 39.71 W
2026/09/20 06:39:25.995, 1, 0 %, 0 %, 35270 MiB, 39.27 W
2026/09/20 06:39:25.995, 2, 0 %, 0 %, 35270 MiB, 37.80 W
2026/09/20 06:39:30.996, 0, 0 %, 0 %, 35270 MiB, 39.51 W
2026/09/20 06:39:30.996, 1, 0 %, 0 %, 35270 MiB, 39.17 W
2026/09/20 06:39:30.996, 2, 0 %, 0 %, 35270 MiB, 37.49 W
2026/09/20 06:39:35.997, 0, 0 %, 0 %, 35270 MiB, 39.51 W
2026/09/20 06:39:35.997, 1, 0 %, 0 %, 35270 MiB, 39.07 W
2026/09/20 06:39:35.997, 2, 0 %, 0 %, 35270 MiB, 37.59 W
2026/09/20 06:39:40.997, 0, 0 %, 0 %, 35270 MiB, 39.51 W
2026/09/20 06:39:40.997, 1, 0 %, 0 %, 35270 MiB, 39.07 W
2026/09/20 06:39:40.998, 2, 0 %, 0 %, 35270 MiB, 37.71 W
2026/09/20 06:39:45.998, 0, 0 %, 0 %, 35270 MiB, 39.61 W
2026/09/20 06:39:45.999, 1, 0 %, 0 %, 35270 MiB, 39.27 W
2026/09/20 06:39:45.999, 2, 0 %, 0 %, 35270 MiB, 37.59 W
2026/09/20 06:39:50.999, 0, 0 %, 0 %, 35270 MiB, 39.51 W
2026/09/20 06:39:50.999, 1, 0 %, 0 %, 35270 MiB, 39.17 W
2026/09/20 06:39:50.999, 2, 0 %, 0 %, 35270 MiB, 37.59 W
2026/09/20 06:39:56.000, 0, 0 %, 0 %, 35270 MiB, 39.61 W
2026/09/20 06:39:56.000, 1, 0 %, 0 %, 35270 MiB, 39.17 W
2026/09/20 06:39:56.000, 2, 0 %, 0 %, 35270 MiB, 37.70 W
2026/09/20 06:40:01.000, 0, 0 %, 0 %, 35270 MiB, 39.79 W
2026/09/20 06:40:01.000, 1, 0 %, 0 %, 35270 MiB, 39.27 W
2026/09/20 06:40:01.000, 2, 0 %, 0 %, 35270 MiB, 37.80 W
2026/09/20 06:40:06.001, 0, 0 %, 0 %, 35270 MiB, 39.71 W
2026/09/20 06:40:06.001, 1, 0 %, 0 %, 35270 MiB, 39.18 W
2026/09/20 06:40:06.001, 2, 0 %, 0 %, 35270 MiB, 37.59 W
2026/09/20 06:40:11.001, 0, 0 %, 0 %, 35270 MiB, 39.61 W
2026/09/20 06:40:11.001, 1, 0 %, 0 %, 35270 MiB, 39.17 W
2026/09/20 06:40:11.001, 2, 0 %, 0 %, 35270 MiB, 37.59 W
2026/09/20 06:40:16.002, 0, 0 %, 0 %, 35270 MiB, 39.70 W
2026/09/20 06:40:16.002, 1, 0 %, 0 %, 35270 MiB, 39.17 W
2026/09/20 06:40:16.002, 2, 0 %, 0 %, 35270 MiB, 37.90 W
2026/09/20 06:40:21.002, 0, 0 %, 0 %, 35270 MiB, 39.71 W
2026/09/20 06:40:21.002, 1, 0 %, 0 %, 35270 MiB, 39.17 W
2026/09/20 06:40:21.003, 2, 0 %, 0 %, 35270 MiB, 37.70 W
2026/09/20 06:40:26.003, 0, 0 %, 0 %, 35270 MiB, 39.51 W
2026/09/20 06:40:26.003, 1, 0 %, 0 %, 35270 MiB, 39.17 W
2026/09/20 06:40:26.003, 2, 0 %, 0 %, 35270 MiB, 37.70 W
2026/09/20 06:40:31.003, 0, 0 %, 0 %, 35270 MiB, 39.51 W
2026/09/20 06:40:31.004, 1, 0 %, 0 %, 35270 MiB, 39.17 W
2026/09/20 06:40:31.004, 2, 0 %, 0 %, 35270 MiB, 37.70 W
2026/09/20 06:40:36.004, 0, 0 %, 0 %, 35270 MiB, 39.51 W
2026/09/20 06:40:36.005, 1, 0 %, 0 %, 35270 MiB, 39.19 W
2026/09/20 06:40:36.005, 2, 0 %, 0 %, 35270 MiB, 37.70 W
2026/09/20 06:40:41.005, 0, 0 %, 0 %, 35270 MiB, 39.71 W
2026/09/20 06:40:41.005, 1, 0 %, 0 %, 35270 MiB, 39.18 W
2026/09/20 06:40:41.005, 2, 0 %, 0 %, 35270 MiB, 37.59 W
2026/09/20 06:40:46.006, 0, 0 %, 0 %, 35270 MiB, 39.51 W
2026/09/20 06:40:46.006, 1, 0 %, 0 %, 35270 MiB, 39.27 W
2026/09/20 06:40:46.006, 2, 0 %, 0 %, 35270 MiB, 37.60 W
2026/09/20 06:40:51.006, 0, 0 %, 0 %, 35270 MiB, 39.57 W
2026/09/20 06:40:51.007, 1, 0 %, 0 %, 35270 MiB, 39.24 W
2026/09/20 06:40:51.007, 2, 0 %, 0 %, 35270 MiB, 37.56 W
2026/09/20 06:40:56.008, 0, 0 %, 0 %, 35270 MiB, 39.65 W
2026/09/20 06:40:56.008, 1, 0 %, 0 %, 35270 MiB, 39.41 W
2026/09/20 06:40:56.009, 2, 0 %, 0 %, 35270 MiB, 37.65 W
2026/09/20 06:41:01.009, 0, 0 %, 0 %, 35270 MiB, 39.46 W
2026/09/20 06:41:01.010, 1, 0 %, 0 %, 35270 MiB, 39.22 W
2026/09/20 06:41:01.010, 2, 0 %, 0 %, 35270 MiB, 37.64 W
2026/09/20 06:41:06.011, 0, 0 %, 0 %, 35270 MiB, 39.47 W
2026/09/20 06:41:06.011, 1, 0 %, 0 %, 35270 MiB, 38.95 W
2026/09/20 06:41:06.011, 2, 0 %, 0 %, 35270 MiB, 37.49 W
2026/09/20 06:41:11.013, 0, 0 %, 0 %, 35270 MiB, 39.37 W
2026/09/20 06:41:11.013, 1, 0 %, 0 %, 35270 MiB, 38.85 W
2026/09/20 06:41:11.014, 2, 0 %, 0 %, 35270 MiB, 37.56 W
2026/09/20 06:41:16.015, 0, 0 %, 0 %, 35270 MiB, 39.56 W
2026/09/20 06:41:16.015, 1, 0 %, 0 %, 35270 MiB, 38.85 W
2026/09/20 06:41:16.016, 2, 0 %, 0 %, 35270 MiB, 37.45 W
2026/09/20 06:41:21.017, 0, 0 %, 0 %, 35270 MiB, 39.36 W
2026/09/20 06:41:21.017, 1, 0 %, 0 %, 35270 MiB, 38.74 W
2026/09/20 06:41:21.017, 2, 0 %, 0 %, 35270 MiB, 37.43 W
2026/09/20 06:41:26.024, 0, 0 %, 0 %, 35270 MiB, 39.36 W
2026/09/20 06:41:26.025, 1, 0 %, 0 %, 35270 MiB, 38.83 W
2026/09/20 06:41:26.025, 2, 0 %, 0 %, 35270 MiB, 37.36 W
2026/09/20 06:41:31.026, 0, 0 %, 0 %, 35270 MiB, 39.07 W
2026/09/20 06:41:31.026, 1, 0 %, 0 %, 35270 MiB, 38.92 W
2026/09/20 06:41:31.026, 2, 0 %, 0 %, 35270 MiB, 37.54 W
2026/09/20 06:41:36.028, 0, 0 %, 0 %, 35270 MiB, 39.26 W
2026/09/20 06:41:36.028, 1, 0 %, 0 %, 35270 MiB, 38.84 W
2026/09/20 06:41:36.028, 2, 0 %, 0 %, 35270 MiB, 37.35 W
2026/09/20 06:41:41.029, 0, 0 %, 0 %, 35270 MiB, 39.07 W
2026/09/20 06:41:41.029, 1, 0 %, 0 %, 35270 MiB, 38.83 W
2026/09/20 06:41:41.029, 2, 0 %, 0 %, 35270 MiB, 37.24 W
2026/09/20 06:41:46.030, 0, 0 %, 0 %, 35270 MiB, 39.07 W
2026/09/20 06:41:46.031, 1, 0 %, 0 %, 35270 MiB, 38.73 W
2026/09/20 06:41:46.031, 2, 0 %, 0 %, 35270 MiB, 37.25 W
2026/09/20 06:41:51.032, 0, 0 %, 0 %, 35270 MiB, 39.09 W
2026/09/20 06:41:51.033, 1, 0 %, 0 %, 35270 MiB, 38.75 W
2026/09/20 06:41:51.033, 2, 0 %, 0 %, 35270 MiB, 37.26 W
2026/09/20 06:41:56.034, 0, 0 %, 0 %, 35270 MiB, 39.18 W
2026/09/20 06:41:56.034, 1, 0 %, 0 %, 35270 MiB, 38.84 W
2026/09/20 06:41:56.034, 2, 0 %, 0 %, 35270 MiB, 37.15 W
2026/09/20 06:42:01.035, 0, 0 %, 0 %, 35270 MiB, 39.06 W
2026/09/20 06:42:01.035, 1, 0 %, 0 %, 35270 MiB, 38.83 W
2026/09/20 06:42:01.035, 2, 0 %, 0 %, 35270 MiB, 37.14 W
2026/09/20 06:42:06.036, 0, 0 %, 0 %, 35270 MiB, 38.97 W
2026/09/20 06:42:06.036, 1, 0 %, 0 %, 35270 MiB, 38.92 W
2026/09/20 06:42:06.036, 2, 0 %, 0 %, 35270 MiB, 37.34 W
2026/09/20 06:42:11.038, 0, 0 %, 0 %, 35270 MiB, 39.36 W
2026/09/20 06:42:11.038, 1, 0 %, 0 %, 35270 MiB, 38.73 W
2026/09/20 06:42:11.038, 2, 0 %, 0 %, 35270 MiB, 37.14 W
2026/09/20 06:42:16.039, 0, 0 %, 0 %, 35270 MiB, 39.07 W
2026/09/20 06:42:16.040, 1, 0 %, 0 %, 35270 MiB, 38.63 W
2026/09/20 06:42:16.040, 2, 0 %, 0 %, 35270 MiB, 37.24 W
2026/09/20 06:42:21.040, 0, 0 %, 0 %, 35270 MiB, 39.07 W
2026/09/20 06:42:21.040, 1, 0 %, 0 %, 35270 MiB, 38.54 W
2026/09/20 06:42:21.041, 2, 0 %, 0 %, 35270 MiB, 37.25 W
2026/09/20 06:42:26.042, 0, 0 %, 0 %, 35270 MiB, 39.06 W
2026/09/20 06:42:26.042, 1, 0 %, 0 %, 35270 MiB, 38.73 W
2026/09/20 06:42:26.043, 2, 0 %, 0 %, 35270 MiB, 37.24 W
2026/09/20 06:42:31.044, 0, 0 %, 0 %, 35270 MiB, 39.16 W
2026/09/20 06:42:31.044, 1, 0 %, 0 %, 35270 MiB, 38.54 W
2026/09/20 06:42:31.044, 2, 0 %, 0 %, 35270 MiB, 37.25 W
2026/09/20 06:42:36.046, 0, 0 %, 0 %, 35270 MiB, 38.97 W
2026/09/20 06:42:36.046, 1, 0 %, 0 %, 35270 MiB, 38.55 W
2026/09/20 06:42:36.046, 2, 0 %, 0 %, 35270 MiB, 37.25 W
2026/09/20 06:42:41.047, 0, 0 %, 0 %, 35270 MiB, 38.89 W
2026/09/20 06:42:41.047, 1, 0 %, 0 %, 35270 MiB, 38.63 W
2026/09/20 06:42:41.047, 2, 0 %, 0 %, 35270 MiB, 37.26 W
2026/09/20 06:42:46.048, 0, 0 %, 0 %, 35270 MiB, 38.99 W
2026/09/20 06:42:46.048, 1, 0 %, 0 %, 35270 MiB, 38.56 W
2026/09/20 06:42:46.048, 2, 0 %, 0 %, 35270 MiB, 37.37 W
2026/09/20 06:42:51.050, 0, 0 %, 0 %, 35270 MiB, 38.99 W
2026/09/20 06:42:51.050, 1, 0 %, 0 %, 35270 MiB, 38.65 W
2026/09/20 06:42:51.050, 2, 0 %, 0 %, 35270 MiB, 37.06 W
2026/09/20 06:42:56.051, 0, 0 %, 0 %, 35270 MiB, 38.99 W
2026/09/20 06:42:56.052, 1, 0 %, 0 %, 35270 MiB, 38.65 W
2026/09/20 06:42:56.052, 2, 0 %, 0 %, 35270 MiB, 37.06 W
2026/09/20 06:43:01.053, 0, 0 %, 0 %, 35270 MiB, 39.01 W
2026/09/20 06:43:01.053, 1, 0 %, 0 %, 35270 MiB, 38.78 W
2026/09/20 06:43:01.053, 2, 0 %, 0 %, 35270 MiB, 37.09 W
2026/09/20 06:43:06.053, 0, 0 %, 0 %, 35270 MiB, 39.29 W
2026/09/20 06:43:06.053, 1, 0 %, 0 %, 35270 MiB, 38.77 W
2026/09/20 06:43:06.053, 2, 0 %, 0 %, 35270 MiB, 37.18 W
2026/09/20 06:43:11.054, 0, 0 %, 0 %, 35270 MiB, 39.08 W
2026/09/20 06:43:11.055, 1, 0 %, 0 %, 35270 MiB, 38.85 W
2026/09/20 06:43:11.055, 2, 0 %, 0 %, 35270 MiB, 37.16 W
2026/09/20 06:43:16.055, 0, 0 %, 0 %, 35270 MiB, 39.11 W
2026/09/20 06:43:16.056, 1, 0 %, 0 %, 35270 MiB, 38.97 W
2026/09/20 06:43:16.056, 2, 0 %, 0 %, 35270 MiB, 37.18 W
2026/09/20 06:43:21.056, 0, 0 %, 0 %, 35270 MiB, 39.11 W
2026/09/20 06:43:21.056, 1, 0 %, 0 %, 35270 MiB, 38.68 W
2026/09/20 06:43:21.056, 2, 0 %, 0 %, 35270 MiB, 37.18 W
2026/09/20 06:43:26.057, 0, 0 %, 0 %, 35270 MiB, 39.31 W
2026/09/20 06:43:26.057, 1, 0 %, 0 %, 35270 MiB, 38.58 W
2026/09/20 06:43:26.057, 2, 0 %, 0 %, 35270 MiB, 37.28 W
2026/09/20 06:43:31.057, 0, 0 %, 0 %, 35270 MiB, 39.22 W
2026/09/20 06:43:31.058, 1, 0 %, 0 %, 35270 MiB, 38.79 W
2026/09/20 06:43:31.058, 2, 0 %, 0 %, 35270 MiB, 37.28 W
2026/09/20 06:43:36.058, 0, 0 %, 0 %, 35270 MiB, 46.51 W
2026/09/20 06:43:36.058, 1, 0 %, 0 %, 35270 MiB, 38.79 W
2026/09/20 06:43:36.058, 2, 0 %, 0 %, 35270 MiB, 45.63 W
2026/09/20 06:43:41.059, 0, 100 %, 15 %, 35270 MiB, 85.32 W
2026/09/20 06:43:41.059, 1, 100 %, 7 %, 35270 MiB, 93.13 W
2026/09/20 06:43:41.059, 2, 100 %, 14 %, 35270 MiB, 84.39 W
2026/09/20 06:43:46.059, 0, 100 %, 7 %, 35270 MiB, 90.13 W
2026/09/20 06:43:46.060, 1, 100 %, 10 %, 35270 MiB, 91.94 W
2026/09/20 06:43:46.060, 2, 100 %, 14 %, 35270 MiB, 88.18 W
2026/09/20 06:43:51.060, 0, 100 %, 12 %, 35270 MiB, 108.61 W
2026/09/20 06:43:51.060, 1, 100 %, 18 %, 35270 MiB, 146.91 W
2026/09/20 06:43:51.060, 2, 100 %, 18 %, 35270 MiB, 88.22 W
2026/09/20 06:43:56.061, 0, 0 %, 0 %, 35270 MiB, 40.09 W
2026/09/20 06:43:56.061, 1, 0 %, 0 %, 35270 MiB, 39.77 W
2026/09/20 06:43:56.061, 2, 0 %, 0 %, 35270 MiB, 38.19 W
2026/09/20 06:44:01.062, 0, 0 %, 0 %, 35270 MiB, 39.89 W
2026/09/20 06:44:01.062, 1, 0 %, 0 %, 35270 MiB, 39.56 W
2026/09/20 06:44:01.062, 2, 0 %, 0 %, 35270 MiB, 38.19 W
2026/09/20 06:44:06.063, 0, 0 %, 0 %, 35270 MiB, 39.80 W
2026/09/20 06:44:06.063, 1, 0 %, 0 %, 35270 MiB, 39.46 W
2026/09/20 06:44:06.063, 2, 0 %, 0 %, 35270 MiB, 37.80 W
2026/09/20 06:44:11.064, 0, 0 %, 0 %, 35270 MiB, 39.80 W
2026/09/20 06:44:11.064, 1, 0 %, 0 %, 35270 MiB, 39.56 W
2026/09/20 06:44:11.064, 2, 0 %, 0 %, 35270 MiB, 37.71 W
2026/09/20 06:44:16.064, 0, 0 %, 0 %, 35270 MiB, 39.71 W
2026/09/20 06:44:16.064, 1, 0 %, 0 %, 35270 MiB, 39.46 W
2026/09/20 06:44:16.064, 2, 0 %, 0 %, 35270 MiB, 37.70 W
2026/09/20 06:44:21.065, 0, 0 %, 0 %, 35270 MiB, 39.92 W
2026/09/20 06:44:21.065, 1, 0 %, 0 %, 35270 MiB, 39.47 W
2026/09/20 06:44:21.065, 2, 0 %, 0 %, 35270 MiB, 37.90 W
2026/09/20 06:44:26.066, 0, 0 %, 0 %, 35270 MiB, 39.71 W
2026/09/20 06:44:26.066, 1, 0 %, 0 %, 35270 MiB, 39.66 W
2026/09/20 06:44:26.066, 2, 0 %, 0 %, 35270 MiB, 37.80 W
2026/09/20 06:44:31.067, 0, 0 %, 0 %, 35270 MiB, 39.80 W
2026/09/20 06:44:31.067, 1, 0 %, 0 %, 35270 MiB, 39.17 W
2026/09/20 06:44:31.067, 2, 0 %, 0 %, 35270 MiB, 37.81 W
2026/09/20 06:44:36.068, 0, 0 %, 0 %, 35270 MiB, 39.62 W
2026/09/20 06:44:36.069, 1, 0 %, 0 %, 35270 MiB, 39.19 W
2026/09/20 06:44:36.069, 2, 0 %, 0 %, 35270 MiB, 37.74 W
2026/09/20 06:44:41.070, 0, 0 %, 0 %, 35270 MiB, 39.82 W
2026/09/20 06:44:41.070, 1, 0 %, 0 %, 35270 MiB, 39.19 W
2026/09/20 06:44:41.070, 2, 0 %, 0 %, 35270 MiB, 37.92 W
2026/09/20 06:44:46.072, 0, 0 %, 0 %, 35270 MiB, 39.60 W
2026/09/20 06:44:46.072, 1, 0 %, 0 %, 35270 MiB, 39.07 W
2026/09/20 06:44:46.072, 2, 0 %, 0 %, 35270 MiB, 37.58 W
2026/09/20 06:44:51.074, 0, 0 %, 0 %, 35270 MiB, 39.18 W
2026/09/20 06:44:51.074, 1, 0 %, 0 %, 35270 MiB, 38.85 W
2026/09/20 06:44:51.074, 2, 0 %, 0 %, 35270 MiB, 37.46 W
2026/09/20 06:44:56.075, 0, 0 %, 0 %, 35270 MiB, 39.12 W
2026/09/20 06:44:56.076, 1, 0 %, 0 %, 35270 MiB, 38.79 W
2026/09/20 06:44:56.076, 2, 0 %, 0 %, 35270 MiB, 37.28 W
2026/09/20 06:45:01.076, 0, 0 %, 0 %, 35270 MiB, 39.14 W
2026/09/20 06:45:01.077, 1, 0 %, 0 %, 35270 MiB, 38.62 W
2026/09/20 06:45:01.077, 2, 0 %, 0 %, 35270 MiB, 37.53 W
2026/09/20 06:45:06.077, 0, 0 %, 0 %, 35270 MiB, 38.90 W
2026/09/20 06:45:06.078, 1, 0 %, 0 %, 35270 MiB, 38.75 W
2026/09/20 06:45:06.078, 2, 0 %, 0 %, 35270 MiB, 37.18 W
2026/09/20 06:45:11.079, 0, 0 %, 0 %, 35270 MiB, 38.99 W
2026/09/20 06:45:11.079, 1, 0 %, 0 %, 35270 MiB, 38.77 W
2026/09/20 06:45:11.080, 2, 0 %, 0 %, 35270 MiB, 37.08 W
2026/09/20 06:45:16.080, 0, 0 %, 0 %, 35270 MiB, 39.22 W
2026/09/20 06:45:16.081, 1, 0 %, 0 %, 35270 MiB, 38.68 W
2026/09/20 06:45:16.081, 2, 0 %, 0 %, 35270 MiB, 37.09 W
2026/09/20 06:45:21.081, 0, 0 %, 0 %, 35270 MiB, 39.11 W
2026/09/20 06:45:21.082, 1, 0 %, 0 %, 35270 MiB, 38.97 W
2026/09/20 06:45:21.082, 2, 0 %, 0 %, 35270 MiB, 37.28 W
2026/09/20 06:45:26.083, 0, 0 %, 0 %, 35270 MiB, 39.12 W
2026/09/20 06:45:26.083, 1, 0 %, 0 %, 35270 MiB, 38.78 W
2026/09/20 06:45:26.084, 2, 0 %, 0 %, 35270 MiB, 37.09 W
2026/09/20 06:45:31.084, 0, 0 %, 0 %, 35270 MiB, 39.02 W
2026/09/20 06:45:31.085, 1, 0 %, 0 %, 35270 MiB, 38.69 W
2026/09/20 06:45:31.085, 2, 0 %, 0 %, 35270 MiB, 37.18 W
2026/09/20 06:45:36.085, 0, 0 %, 0 %, 35270 MiB, 39.31 W
2026/09/20 06:45:36.086, 1, 0 %, 0 %, 35270 MiB, 38.59 W
2026/09/20 06:45:36.086, 2, 0 %, 0 %, 35270 MiB, 37.39 W
2026/09/20 06:45:41.087, 0, 0 %, 0 %, 35270 MiB, 39.12 W
2026/09/20 06:45:41.087, 1, 0 %, 0 %, 35270 MiB, 38.78 W
2026/09/20 06:45:41.088, 2, 0 %, 0 %, 35270 MiB, 37.19 W
2026/09/20 06:45:46.088, 0, 0 %, 0 %, 35270 MiB, 39.22 W
2026/09/20 06:45:46.089, 1, 0 %, 0 %, 35270 MiB, 39.07 W
2026/09/20 06:45:46.089, 2, 0 %, 0 %, 35270 MiB, 37.28 W
2026/09/20 06:45:51.089, 0, 0 %, 0 %, 35270 MiB, 39.12 W
2026/09/20 06:45:51.090, 1, 0 %, 0 %, 35270 MiB, 38.59 W
2026/09/20 06:45:51.090, 2, 0 %, 0 %, 35270 MiB, 37.18 W
2026/09/20 06:45:56.090, 0, 0 %, 0 %, 35270 MiB, 39.11 W
2026/09/20 06:45:56.091, 1, 0 %, 0 %, 35270 MiB, 38.68 W
2026/09/20 06:45:56.091, 2, 0 %, 0 %, 35270 MiB, 37.59 W
2026/09/20 06:46:01.091, 0, 0 %, 0 %, 35270 MiB, 39.11 W
2026/09/20 06:46:01.092, 1, 0 %, 0 %, 35270 MiB, 38.77 W
2026/09/20 06:46:01.092, 2, 0 %, 0 %, 35270 MiB, 37.28 W
2026/09/20 06:46:06.093, 0, 0 %, 0 %, 35270 MiB, 38.99 W
2026/09/20 06:46:06.093, 1, 0 %, 0 %, 35270 MiB, 38.75 W
2026/09/20 06:46:06.093, 2, 0 %, 0 %, 35270 MiB, 37.26 W
2026/09/20 06:46:11.095, 0, 0 %, 0 %, 35270 MiB, 39.19 W
2026/09/20 06:46:11.095, 1, 0 %, 0 %, 35270 MiB, 38.66 W
2026/09/20 06:46:11.095, 2, 0 %, 0 %, 35270 MiB, 37.06 W
2026/09/20 06:46:16.096, 0, 0 %, 0 %, 35270 MiB, 39.08 W
2026/09/20 06:46:16.096, 1, 0 %, 0 %, 35270 MiB, 38.95 W
2026/09/20 06:46:16.097, 2, 0 %, 0 %, 35270 MiB, 37.25 W
2026/09/20 06:46:21.097, 0, 0 %, 0 %, 35270 MiB, 38.97 W
2026/09/20 06:46:21.098, 1, 0 %, 0 %, 35270 MiB, 38.84 W
2026/09/20 06:46:21.098, 2, 0 %, 0 %, 35270 MiB, 37.15 W
2026/09/20 06:46:26.098, 0, 0 %, 0 %, 35270 MiB, 39.08 W
2026/09/20 06:46:26.099, 1, 0 %, 0 %, 35270 MiB, 38.75 W
2026/09/20 06:46:26.099, 2, 0 %, 0 %, 35270 MiB, 37.15 W
2026/09/20 06:46:31.100, 0, 0 %, 0 %, 35270 MiB, 39.29 W
2026/09/20 06:46:31.100, 1, 0 %, 0 %, 35270 MiB, 38.75 W
2026/09/20 06:46:31.100, 2, 0 %, 0 %, 35270 MiB, 37.16 W
2026/09/20 06:46:36.101, 0, 0 %, 0 %, 35270 MiB, 39.08 W
2026/09/20 06:46:36.101, 1, 0 %, 0 %, 35270 MiB, 38.95 W
2026/09/20 06:46:36.101, 2, 0 %, 0 %, 35270 MiB, 37.36 W
2026/09/20 06:46:41.102, 0, 0 %, 0 %, 35270 MiB, 39.07 W
2026/09/20 06:46:41.103, 1, 0 %, 0 %, 35270 MiB, 38.65 W
2026/09/20 06:46:41.103, 2, 0 %, 0 %, 35270 MiB, 37.25 W
2026/09/20 06:46:46.104, 0, 0 %, 0 %, 35270 MiB, 39.12 W
2026/09/20 06:46:46.104, 1, 0 %, 0 %, 35270 MiB, 38.68 W
2026/09/20 06:46:46.105, 2, 0 %, 0 %, 35270 MiB, 37.18 W
2026/09/20 06:46:51.105, 0, 0 %, 0 %, 35270 MiB, 39.31 W
2026/09/20 06:46:51.106, 1, 0 %, 0 %, 35270 MiB, 38.68 W
2026/09/20 06:46:51.106, 2, 0 %, 0 %, 35270 MiB, 37.28 W
2026/09/20 06:46:56.106, 0, 0 %, 0 %, 35270 MiB, 39.31 W
2026/09/20 06:46:56.107, 1, 0 %, 0 %, 35270 MiB, 38.68 W
2026/09/20 06:46:56.107, 2, 0 %, 0 %, 35270 MiB, 37.28 W
2026/09/20 06:47:01.107, 0, 0 %, 0 %, 35270 MiB, 39.21 W
2026/09/20 06:47:01.108, 1, 0 %, 0 %, 35270 MiB, 38.68 W
2026/09/20 06:47:01.108, 2, 0 %, 0 %, 35270 MiB, 37.28 W
2026/09/20 06:47:06.108, 0, 0 %, 0 %, 35270 MiB, 39.10 W
2026/09/20 06:47:06.109, 1, 0 %, 0 %, 35270 MiB, 38.77 W
2026/09/20 06:47:06.109, 2, 0 %, 0 %, 35270 MiB, 37.39 W
2026/09/20 06:47:11.110, 0, 0 %, 0 %, 35270 MiB, 39.31 W
2026/09/20 06:47:11.110, 1, 0 %, 0 %, 35270 MiB, 38.88 W
2026/09/20 06:47:11.111, 2, 0 %, 0 %, 35270 MiB, 37.38 W
2026/09/20 06:47:16.112, 0, 0 %, 0 %, 35270 MiB, 39.11 W
2026/09/20 06:47:16.112, 1, 0 %, 0 %, 35270 MiB, 38.78 W
2026/09/20 06:47:16.112, 2, 0 %, 0 %, 35270 MiB, 37.39 W
2026/09/20 06:47:21.113, 0, 0 %, 0 %, 35270 MiB, 39.09 W
2026/09/20 06:47:21.113, 1, 0 %, 0 %, 35270 MiB, 38.77 W
2026/09/20 06:47:21.113, 2, 0 %, 0 %, 35270 MiB, 37.28 W
2026/09/20 06:47:26.114, 0, 0 %, 0 %, 35270 MiB, 39.29 W
2026/09/20 06:47:26.115, 1, 0 %, 0 %, 35270 MiB, 38.86 W
2026/09/20 06:47:26.115, 2, 0 %, 0 %, 35270 MiB, 37.28 W
2026/09/20 06:47:31.116, 0, 0 %, 0 %, 35270 MiB, 39.19 W
2026/09/20 06:47:31.116, 1, 0 %, 0 %, 35270 MiB, 38.95 W
2026/09/20 06:47:31.117, 2, 0 %, 0 %, 35270 MiB, 37.18 W
2026/09/20 06:47:36.117, 0, 0 %, 0 %, 35270 MiB, 39.18 W
2026/09/20 06:47:36.118, 1, 0 %, 0 %, 35270 MiB, 38.85 W
2026/09/20 06:47:36.118, 2, 0 %, 0 %, 35270 MiB, 37.26 W
2026/09/20 06:47:41.119, 0, 0 %, 0 %, 35270 MiB, 39.08 W
2026/09/20 06:47:41.119, 1, 0 %, 0 %, 35270 MiB, 38.85 W
2026/09/20 06:47:41.119, 2, 0 %, 0 %, 35270 MiB, 37.16 W
2026/09/20 06:47:46.121, 0, 0 %, 0 %, 35270 MiB, 39.26 W
2026/09/20 06:47:46.121, 1, 0 %, 0 %, 35270 MiB, 39.03 W
2026/09/20 06:47:46.121, 2, 0 %, 0 %, 35270 MiB, 37.25 W
2026/09/20 06:47:51.123, 0, 0 %, 0 %, 35270 MiB, 39.17 W
2026/09/20 06:47:51.124, 1, 0 %, 0 %, 35270 MiB, 38.65 W
2026/09/20 06:47:51.124, 2, 0 %, 0 %, 35270 MiB, 37.46 W
2026/09/20 06:47:56.125, 0, 0 %, 0 %, 35270 MiB, 39.17 W
2026/09/20 06:47:56.125, 1, 0 %, 0 %, 35270 MiB, 38.75 W
2026/09/20 06:47:56.126, 2, 0 %, 0 %, 35270 MiB, 37.36 W
2026/09/20 06:48:01.126, 0, 0 %, 0 %, 35270 MiB, 39.18 W
2026/09/20 06:48:01.127, 1, 0 %, 0 %, 35270 MiB, 38.65 W
2026/09/20 06:48:01.127, 2, 0 %, 0 %, 35270 MiB, 37.26 W
2026/09/20 06:48:06.127, 0, 0 %, 0 %, 35270 MiB, 39.31 W
2026/09/20 06:48:06.128, 1, 0 %, 0 %, 35270 MiB, 38.88 W
2026/09/20 06:48:06.128, 2, 0 %, 0 %, 35270 MiB, 37.29 W
2026/09/20 06:48:11.131, 0, 0 %, 0 %, 35270 MiB, 39.12 W
2026/09/20 06:48:11.131, 1, 0 %, 0 %, 35270 MiB, 38.68 W
2026/09/20 06:48:11.132, 2, 0 %, 0 %, 35270 MiB, 37.49 W
2026/09/20 06:48:16.132, 0, 0 %, 0 %, 35270 MiB, 39.11 W
2026/09/20 06:48:16.133, 1, 0 %, 0 %, 35270 MiB, 38.78 W
2026/09/20 06:48:16.133, 2, 0 %, 0 %, 35270 MiB, 37.39 W
2026/09/20 06:48:21.133, 0, 0 %, 0 %, 35270 MiB, 39.11 W
2026/09/20 06:48:21.134, 1, 0 %, 0 %, 35270 MiB, 38.77 W
2026/09/20 06:48:21.134, 2, 0 %, 0 %, 35270 MiB, 37.38 W
2026/09/20 06:48:26.134, 0, 0 %, 0 %, 35270 MiB, 39.21 W
2026/09/20 06:48:26.135, 1, 0 %, 0 %, 35270 MiB, 38.88 W
2026/09/20 06:48:26.135, 2, 0 %, 0 %, 35270 MiB, 37.29 W
2026/09/20 06:48:31.136, 0, 0 %, 0 %, 35270 MiB, 39.21 W
2026/09/20 06:48:31.136, 1, 0 %, 0 %, 35270 MiB, 38.78 W
2026/09/20 06:48:31.136, 2, 0 %, 0 %, 35270 MiB, 37.37 W
2026/09/20 06:48:36.136, 0, 0 %, 0 %, 35270 MiB, 39.21 W
2026/09/20 06:48:36.137, 1, 0 %, 0 %, 35270 MiB, 38.88 W
2026/09/20 06:48:36.137, 2, 0 %, 0 %, 35270 MiB, 37.28 W
2026/09/20 06:48:41.138, 0, 0 %, 0 %, 35270 MiB, 39.41 W
2026/09/20 06:48:41.138, 1, 0 %, 0 %, 35270 MiB, 39.07 W
2026/09/20 06:48:41.138, 2, 0 %, 0 %, 35270 MiB, 37.28 W
2026/09/20 06:48:46.138, 0, 0 %, 0 %, 35270 MiB, 39.31 W
2026/09/20 06:48:46.139, 1, 0 %, 0 %, 35270 MiB, 38.88 W
2026/09/20 06:48:46.139, 2, 0 %, 0 %, 35270 MiB, 37.29 W
2026/09/20 06:48:51.139, 0, 0 %, 0 %, 35270 MiB, 39.29 W
2026/09/20 06:48:51.140, 1, 0 %, 0 %, 35270 MiB, 38.85 W
2026/09/20 06:48:51.140, 2, 0 %, 0 %, 35270 MiB, 37.47 W
2026/09/20 06:48:56.140, 0, 0 %, 0 %, 35270 MiB, 39.31 W
2026/09/20 06:48:56.141, 1, 0 %, 0 %, 35270 MiB, 38.78 W
2026/09/20 06:48:56.141, 2, 0 %, 0 %, 35270 MiB, 37.39 W
2026/09/20 06:49:01.142, 0, 0 %, 0 %, 35270 MiB, 39.49 W
2026/09/20 06:49:01.142, 1, 0 %, 0 %, 35270 MiB, 38.77 W
2026/09/20 06:49:01.142, 2, 0 %, 0 %, 35270 MiB, 37.28 W
2026/09/20 06:49:06.143, 0, 0 %, 0 %, 35270 MiB, 39.28 W
2026/09/20 06:49:06.144, 1, 0 %, 0 %, 35270 MiB, 38.85 W
2026/09/20 06:49:06.144, 2, 0 %, 0 %, 35270 MiB, 37.37 W
2026/09/20 06:49:11.144, 0, 0 %, 0 %, 35270 MiB, 39.38 W
2026/09/20 06:49:11.145, 1, 0 %, 0 %, 35270 MiB, 38.85 W
2026/09/20 06:49:11.145, 2, 0 %, 0 %, 35270 MiB, 37.46 W
2026/09/20 06:49:16.146, 0, 0 %, 0 %, 35270 MiB, 39.16 W
2026/09/20 06:49:16.147, 1, 0 %, 0 %, 35270 MiB, 38.83 W
2026/09/20 06:49:16.147, 2, 0 %, 0 %, 35270 MiB, 37.45 W
2026/09/20 06:49:21.148, 0, 0 %, 0 %, 35270 MiB, 39.07 W
2026/09/20 06:49:21.148, 1, 0 %, 0 %, 35270 MiB, 38.75 W
2026/09/20 06:49:21.148, 2, 0 %, 0 %, 35270 MiB, 37.46 W
2026/09/20 06:49:26.149, 0, 0 %, 0 %, 35270 MiB, 38.99 W
2026/09/20 06:49:26.150, 1, 0 %, 0 %, 35270 MiB, 38.75 W
2026/09/20 06:49:26.150, 2, 0 %, 0 %, 35270 MiB, 37.47 W
2026/09/20 06:49:31.151, 0, 0 %, 0 %, 35270 MiB, 39.09 W
2026/09/20 06:49:31.151, 1, 0 %, 0 %, 35270 MiB, 38.75 W
2026/09/20 06:49:31.152, 2, 0 %, 0 %, 35270 MiB, 37.26 W
2026/09/20 06:49:36.153, 0, 0 %, 0 %, 35270 MiB, 39.26 W
2026/09/20 06:49:36.154, 1, 0 %, 0 %, 35270 MiB, 39.03 W
2026/09/20 06:49:36.154, 2, 0 %, 0 %, 35270 MiB, 37.15 W
2026/09/20 06:49:41.154, 0, 0 %, 0 %, 35270 MiB, 39.07 W
2026/09/20 06:49:41.155, 1, 0 %, 0 %, 35270 MiB, 38.74 W
2026/09/20 06:49:41.155, 2, 0 %, 0 %, 35270 MiB, 37.25 W
2026/09/20 06:49:46.156, 0, 0 %, 0 %, 35270 MiB, 39.07 W
2026/09/20 06:49:46.156, 1, 0 %, 0 %, 35270 MiB, 38.85 W
2026/09/20 06:49:46.157, 2, 0 %, 0 %, 35270 MiB, 37.36 W
2026/09/20 06:49:51.158, 0, 0 %, 0 %, 35270 MiB, 39.17 W
2026/09/20 06:49:51.159, 1, 0 %, 0 %, 35270 MiB, 38.85 W
2026/09/20 06:49:51.159, 2, 0 %, 0 %, 35270 MiB, 37.36 W
2026/09/20 06:49:56.160, 0, 0 %, 0 %, 35270 MiB, 39.17 W
2026/09/20 06:49:56.161, 1, 0 %, 0 %, 35270 MiB, 38.84 W
2026/09/20 06:49:56.161, 2, 0 %, 0 %, 35270 MiB, 37.36 W
2026/09/20 06:50:01.162, 0, 0 %, 0 %, 35270 MiB, 39.17 W
2026/09/20 06:50:01.163, 1, 0 %, 0 %, 35270 MiB, 38.93 W
2026/09/20 06:50:01.163, 2, 0 %, 0 %, 35270 MiB, 37.25 W
2026/09/20 06:50:06.164, 0, 0 %, 0 %, 35270 MiB, 39.26 W
2026/09/20 06:50:06.165, 1, 0 %, 0 %, 35270 MiB, 38.65 W
2026/09/20 06:50:06.165, 2, 0 %, 0 %, 35270 MiB, 37.56 W
2026/09/20 06:50:11.166, 0, 0 %, 0 %, 35270 MiB, 39.28 W
2026/09/20 06:50:11.167, 1, 0 %, 0 %, 35270 MiB, 38.65 W
2026/09/20 06:50:11.167, 2, 0 %, 0 %, 35270 MiB, 37.26 W
2026/09/20 06:50:16.168, 0, 0 %, 0 %, 35270 MiB, 39.29 W
2026/09/20 06:50:16.169, 1, 0 %, 0 %, 35270 MiB, 38.76 W
2026/09/20 06:50:16.169, 2, 0 %, 0 %, 35270 MiB, 37.47 W
2026/09/20 06:50:21.169, 0, 0 %, 0 %, 35270 MiB, 39.27 W
2026/09/20 06:50:21.170, 1, 0 %, 0 %, 35270 MiB, 38.75 W
2026/09/20 06:50:21.170, 2, 0 %, 0 %, 35270 MiB, 37.46 W
2026/09/20 06:50:26.171, 0, 0 %, 0 %, 35270 MiB, 39.08 W
2026/09/20 06:50:26.171, 1, 0 %, 0 %, 35270 MiB, 38.85 W
2026/09/20 06:50:26.171, 2, 0 %, 0 %, 35270 MiB, 37.58 W
2026/09/20 06:50:31.172, 0, 0 %, 0 %, 35270 MiB, 39.29 W
2026/09/20 06:50:31.173, 1, 0 %, 0 %, 35270 MiB, 38.85 W
2026/09/20 06:50:31.173, 2, 0 %, 0 %, 35270 MiB, 37.37 W
2026/09/20 06:50:36.174, 0, 0 %, 0 %, 35270 MiB, 39.18 W
2026/09/20 06:50:36.174, 1, 0 %, 0 %, 35270 MiB, 38.75 W
2026/09/20 06:50:36.174, 2, 0 %, 0 %, 35270 MiB, 37.37 W
2026/09/20 06:50:41.179, 0, 0 %, 0 %, 35270 MiB, 39.17 W
2026/09/20 06:50:41.180, 1, 0 %, 0 %, 35270 MiB, 38.85 W
2026/09/20 06:50:41.180, 2, 0 %, 0 %, 35270 MiB, 37.26 W
2026/09/20 06:50:46.180, 0, 0 %, 0 %, 35270 MiB, 39.12 W
2026/09/20 06:50:46.181, 1, 0 %, 0 %, 35270 MiB, 38.88 W
2026/09/20 06:50:46.181, 2, 0 %, 0 %, 35270 MiB, 37.49 W
2026/09/20 06:50:51.181, 0, 0 %, 0 %, 35270 MiB, 39.22 W
2026/09/20 06:50:51.182, 1, 0 %, 0 %, 35270 MiB, 38.97 W
2026/09/20 06:50:51.182, 2, 0 %, 0 %, 35270 MiB, 37.28 W
2026/09/20 06:50:56.182, 0, 0 %, 0 %, 35270 MiB, 39.31 W
2026/09/20 06:50:56.183, 1, 0 %, 0 %, 35270 MiB, 38.88 W
2026/09/20 06:50:56.183, 2, 0 %, 0 %, 35270 MiB, 37.39 W
2026/09/20 06:51:01.183, 0, 0 %, 0 %, 35270 MiB, 39.28 W
2026/09/20 06:51:01.183, 1, 0 %, 0 %, 35270 MiB, 38.95 W
2026/09/20 06:51:01.183, 2, 0 %, 0 %, 35270 MiB, 37.37 W
2026/09/20 06:51:06.183, 0, 0 %, 0 %, 35270 MiB, 39.41 W
2026/09/20 06:51:06.184, 1, 0 %, 0 %, 35270 MiB, 39.07 W
2026/09/20 06:51:06.184, 2, 0 %, 0 %, 35270 MiB, 37.49 W
2026/09/20 06:51:11.185, 0, 0 %, 0 %, 35270 MiB, 39.28 W
2026/09/20 06:51:11.185, 1, 0 %, 0 %, 35270 MiB, 38.85 W
2026/09/20 06:51:11.186, 2, 0 %, 0 %, 35270 MiB, 37.37 W
2026/09/20 06:51:16.186, 0, 0 %, 0 %, 35270 MiB, 39.31 W
2026/09/20 06:51:16.187, 1, 0 %, 0 %, 35270 MiB, 38.79 W
2026/09/20 06:51:16.187, 2, 0 %, 0 %, 35270 MiB, 37.39 W
2026/09/20 06:51:21.188, 0, 0 %, 0 %, 35270 MiB, 39.31 W
2026/09/20 06:51:21.188, 1, 0 %, 0 %, 35270 MiB, 38.88 W
2026/09/20 06:51:21.188, 2, 0 %, 0 %, 35270 MiB, 37.39 W
2026/09/20 06:51:26.188, 0, 0 %, 0 %, 35270 MiB, 39.51 W
2026/09/20 06:51:26.189, 1, 0 %, 0 %, 35270 MiB, 38.88 W
2026/09/20 06:51:26.189, 2, 0 %, 0 %, 35270 MiB, 37.59 W
2026/09/20 06:51:31.191, 0, 0 %, 0 %, 35270 MiB, 39.22 W
2026/09/20 06:51:31.191, 1, 0 %, 0 %, 35270 MiB, 38.88 W
2026/09/20 06:51:31.192, 2, 0 %, 0 %, 35270 MiB, 37.39 W
2026/09/20 06:51:36.192, 0, 0 %, 0 %, 35270 MiB, 39.31 W
2026/09/20 06:51:36.192, 1, 0 %, 0 %, 35270 MiB, 38.88 W
2026/09/20 06:51:36.193, 2, 0 %, 0 %, 35270 MiB, 37.49 W
2026/09/20 06:51:41.193, 0, 0 %, 0 %, 35270 MiB, 39.22 W
2026/09/20 06:51:41.194, 1, 0 %, 0 %, 35270 MiB, 38.88 W
2026/09/20 06:51:41.194, 2, 0 %, 0 %, 35270 MiB, 37.59 W
2026/09/20 06:51:46.195, 0, 0 %, 0 %, 35270 MiB, 39.29 W
2026/09/20 06:51:46.195, 1, 0 %, 0 %, 35270 MiB, 38.85 W
2026/09/20 06:51:46.196, 2, 0 %, 0 %, 35270 MiB, 37.39 W
2026/09/20 06:51:51.196, 0, 0 %, 0 %, 35270 MiB, 39.21 W
2026/09/20 06:51:51.196, 1, 0 %, 0 %, 35270 MiB, 38.88 W
2026/09/20 06:51:51.196, 2, 0 %, 0 %, 35270 MiB, 37.39 W
2026/09/20 06:51:56.197, 0, 0 %, 0 %, 35270 MiB, 39.21 W
2026/09/20 06:51:56.197, 1, 0 %, 0 %, 35270 MiB, 38.88 W
2026/09/20 06:51:56.197, 2, 0 %, 0 %, 35270 MiB, 37.28 W
2026/09/20 06:52:01.197, 0, 0 %, 0 %, 35270 MiB, 39.41 W
2026/09/20 06:52:01.198, 1, 0 %, 0 %, 35270 MiB, 39.08 W
2026/09/20 06:52:01.198, 2, 0 %, 0 %, 35270 MiB, 37.59 W
2026/09/20 06:52:06.199, 0, 0 %, 0 %, 35270 MiB, 39.29 W
2026/09/20 06:52:06.199, 1, 0 %, 0 %, 35270 MiB, 39.06 W
2026/09/20 06:52:06.200, 2, 0 %, 0 %, 35270 MiB, 37.49 W
2026/09/20 06:52:11.210, 0, 0 %, 0 %, 35270 MiB, 39.27 W
2026/09/20 06:52:11.211, 1, 0 %, 0 %, 35270 MiB, 39.05 W
2026/09/20 06:52:11.211, 2, 0 %, 0 %, 35270 MiB, 37.37 W
2026/09/20 06:52:16.211, 0, 0 %, 0 %, 35270 MiB, 39.31 W
2026/09/20 06:52:16.212, 1, 0 %, 0 %, 35270 MiB, 38.88 W
2026/09/20 06:52:16.212, 2, 0 %, 0 %, 35270 MiB, 37.39 W
2026/09/20 06:52:21.212, 0, 0 %, 0 %, 35270 MiB, 39.36 W
2026/09/20 06:52:21.213, 1, 0 %, 0 %, 35270 MiB, 38.83 W
2026/09/20 06:52:21.213, 2, 0 %, 0 %, 35270 MiB, 37.54 W
2026/09/20 06:52:26.221, 0, 0 %, 0 %, 35270 MiB, 39.26 W
2026/09/20 06:52:26.221, 1, 0 %, 0 %, 35270 MiB, 38.73 W
2026/09/20 06:52:26.221, 2, 0 %, 0 %, 35270 MiB, 37.35 W
2026/09/20 06:52:31.223, 0, 0 %, 0 %, 35270 MiB, 39.18 W
2026/09/20 06:52:31.223, 1, 0 %, 0 %, 35270 MiB, 38.65 W
2026/09/20 06:52:31.223, 2, 0 %, 0 %, 35270 MiB, 37.26 W
2026/09/20 06:52:36.225, 0, 0 %, 0 %, 35270 MiB, 39.17 W
2026/09/20 06:52:36.225, 1, 0 %, 0 %, 35270 MiB, 38.63 W
2026/09/20 06:52:36.225, 2, 0 %, 0 %, 35270 MiB, 37.26 W
2026/09/20 06:52:41.226, 0, 0 %, 0 %, 35270 MiB, 38.99 W
2026/09/20 06:52:41.227, 1, 0 %, 0 %, 35270 MiB, 38.58 W
2026/09/20 06:52:41.227, 2, 0 %, 0 %, 35270 MiB, 37.28 W
2026/09/20 06:52:46.228, 0, 0 %, 0 %, 35270 MiB, 39.25 W
2026/09/20 06:52:46.228, 1, 0 %, 0 %, 35270 MiB, 38.83 W
2026/09/20 06:52:46.229, 2, 0 %, 0 %, 35270 MiB, 37.85 W
2026/09/20 06:52:51.230, 0, 0 %, 0 %, 35270 MiB, 38.96 W
2026/09/20 06:52:51.231, 1, 0 %, 0 %, 35270 MiB, 38.63 W
2026/09/20 06:52:51.231, 2, 0 %, 0 %, 35270 MiB, 37.24 W
2026/09/20 06:52:56.231, 0, 0 %, 0 %, 35270 MiB, 39.17 W
2026/09/20 06:52:56.232, 1, 0 %, 0 %, 35270 MiB, 38.63 W
2026/09/20 06:52:56.232, 2, 0 %, 0 %, 35270 MiB, 37.25 W
2026/09/20 06:53:01.233, 0, 0 %, 0 %, 35270 MiB, 38.98 W
2026/09/20 06:53:01.234, 1, 0 %, 0 %, 35270 MiB, 38.74 W
2026/09/20 06:53:01.234, 2, 0 %, 0 %, 35270 MiB, 37.15 W
2026/09/20 06:53:06.235, 0, 0 %, 0 %, 35270 MiB, 39.05 W
2026/09/20 06:53:06.235, 1, 0 %, 0 %, 35270 MiB, 38.63 W
2026/09/20 06:53:06.235, 2, 0 %, 0 %, 35270 MiB, 37.04 W
2026/09/20 06:53:11.237, 0, 0 %, 0 %, 35270 MiB, 39.07 W
2026/09/20 06:53:11.237, 1, 0 %, 0 %, 35270 MiB, 38.85 W
2026/09/20 06:53:11.237, 2, 0 %, 0 %, 35270 MiB, 37.15 W
2026/09/20 06:53:16.239, 0, 0 %, 0 %, 35270 MiB, 38.99 W
2026/09/20 06:53:16.239, 1, 0 %, 0 %, 35270 MiB, 38.65 W
2026/09/20 06:53:16.239, 2, 0 %, 0 %, 35270 MiB, 37.26 W
2026/09/20 06:53:21.241, 0, 0 %, 0 %, 35270 MiB, 39.11 W
2026/09/20 06:53:21.241, 1, 0 %, 0 %, 35270 MiB, 38.58 W
2026/09/20 06:53:21.241, 2, 0 %, 0 %, 35270 MiB, 37.28 W
2026/09/20 06:53:26.243, 0, 0 %, 0 %, 35270 MiB, 39.07 W
2026/09/20 06:53:26.244, 1, 0 %, 0 %, 35270 MiB, 38.53 W
2026/09/20 06:53:26.244, 2, 0 %, 0 %, 35270 MiB, 37.25 W
2026/09/20 06:53:31.245, 0, 0 %, 0 %, 35270 MiB, 39.25 W
2026/09/20 06:53:31.246, 1, 0 %, 0 %, 35270 MiB, 38.53 W
2026/09/20 06:53:31.246, 2, 0 %, 0 %, 35270 MiB, 37.24 W
2026/09/20 06:53:36.253, 0, 0 %, 0 %, 35270 MiB, 39.06 W
2026/09/20 06:53:36.254, 1, 0 %, 0 %, 35270 MiB, 38.53 W
2026/09/20 06:53:36.254, 2, 0 %, 0 %, 35270 MiB, 37.24 W
2026/09/20 06:53:41.255, 0, 0 %, 0 %, 35270 MiB, 39.06 W
2026/09/20 06:53:41.255, 1, 0 %, 0 %, 35270 MiB, 38.53 W
2026/09/20 06:53:41.255, 2, 0 %, 0 %, 35270 MiB, 37.24 W
2026/09/20 06:53:46.257, 0, 0 %, 0 %, 35270 MiB, 38.96 W
2026/09/20 06:53:46.257, 1, 0 %, 0 %, 35270 MiB, 38.73 W
2026/09/20 06:53:46.257, 2, 0 %, 0 %, 35270 MiB, 37.24 W
2026/09/20 06:53:51.259, 0, 0 %, 0 %, 35270 MiB, 39.08 W
2026/09/20 06:53:51.259, 1, 0 %, 0 %, 35270 MiB, 38.65 W
2026/09/20 06:53:51.259, 2, 0 %, 0 %, 35270 MiB, 37.25 W
2026/09/20 06:53:56.260, 0, 0 %, 0 %, 35270 MiB, 38.90 W
2026/09/20 06:53:56.261, 1, 0 %, 0 %, 35270 MiB, 38.65 W
2026/09/20 06:53:56.261, 2, 0 %, 0 %, 35270 MiB, 37.25 W
2026/09/20 06:54:01.261, 0, 0 %, 0 %, 35270 MiB, 38.99 W
2026/09/20 06:54:01.262, 1, 0 %, 0 %, 35270 MiB, 38.65 W
2026/09/20 06:54:01.262, 2, 0 %, 0 %, 35270 MiB, 37.16 W
2026/09/20 06:54:06.263, 0, 0 %, 0 %, 35270 MiB, 38.99 W
2026/09/20 06:54:06.263, 1, 0 %, 0 %, 35270 MiB, 38.68 W
2026/09/20 06:54:06.264, 2, 0 %, 0 %, 35270 MiB, 37.16 W
2026/09/20 06:54:11.264, 0, 0 %, 0 %, 35270 MiB, 39.09 W
2026/09/20 06:54:11.265, 1, 0 %, 0 %, 35270 MiB, 38.65 W
2026/09/20 06:54:11.265, 2, 0 %, 0 %, 35270 MiB, 37.38 W
2026/09/20 06:54:16.266, 0, 0 %, 0 %, 35270 MiB, 38.96 W
2026/09/20 06:54:16.267, 1, 0 %, 0 %, 35270 MiB, 38.73 W
2026/09/20 06:54:16.267, 2, 0 %, 0 %, 35270 MiB, 37.25 W
2026/09/20 06:54:21.268, 0, 0 %, 0 %, 35270 MiB, 39.06 W
2026/09/20 06:54:21.268, 1, 0 %, 0 %, 35270 MiB, 38.83 W
2026/09/20 06:54:21.268, 2, 0 %, 0 %, 35270 MiB, 37.14 W
2026/09/20 06:54:26.269, 0, 0 %, 0 %, 35270 MiB, 39.28 W
2026/09/20 06:54:26.270, 1, 0 %, 0 %, 35270 MiB, 38.65 W
2026/09/20 06:54:26.270, 2, 0 %, 0 %, 35270 MiB, 37.16 W
2026/09/20 06:54:31.271, 0, 0 %, 0 %, 35270 MiB, 39.08 W
2026/09/20 06:54:31.271, 1, 0 %, 0 %, 35270 MiB, 38.46 W
2026/09/20 06:54:31.272, 2, 0 %, 0 %, 35270 MiB, 37.44 W
2026/09/20 06:54:36.273, 0, 0 %, 0 %, 35270 MiB, 39.06 W
2026/09/20 06:54:36.273, 1, 0 %, 0 %, 35270 MiB, 38.83 W
2026/09/20 06:54:36.274, 2, 0 %, 0 %, 35270 MiB, 37.25 W
2026/09/20 06:54:41.275, 0, 0 %, 0 %, 35270 MiB, 39.06 W
2026/09/20 06:54:41.275, 1, 0 %, 0 %, 35270 MiB, 38.63 W
2026/09/20 06:54:41.275, 2, 0 %, 0 %, 35270 MiB, 37.35 W
2026/09/20 06:54:46.276, 0, 0 %, 0 %, 35270 MiB, 39.25 W
2026/09/20 06:54:46.277, 1, 0 %, 0 %, 35270 MiB, 38.53 W
2026/09/20 06:54:46.277, 2, 0 %, 0 %, 35270 MiB, 37.44 W
2026/09/20 06:54:51.278, 0, 0 %, 0 %, 35270 MiB, 39.16 W
2026/09/20 06:54:51.279, 1, 0 %, 0 %, 35270 MiB, 38.63 W
2026/09/20 06:54:51.279, 2, 0 %, 0 %, 35270 MiB, 37.45 W
2026/09/20 06:54:56.280, 0, 0 %, 0 %, 35270 MiB, 39.06 W
2026/09/20 06:54:56.281, 1, 0 %, 0 %, 35270 MiB, 38.73 W
2026/09/20 06:54:56.281, 2, 0 %, 0 %, 35270 MiB, 37.35 W
2026/09/20 06:55:01.282, 0, 0 %, 0 %, 35270 MiB, 38.97 W
2026/09/20 06:55:01.283, 1, 0 %, 0 %, 35270 MiB, 38.64 W
2026/09/20 06:55:01.283, 2, 0 %, 0 %, 35270 MiB, 37.25 W
2026/09/20 06:55:06.284, 0, 0 %, 0 %, 35270 MiB, 39.16 W
2026/09/20 06:55:06.284, 1, 0 %, 0 %, 35270 MiB, 38.63 W
2026/09/20 06:55:06.285, 2, 0 %, 0 %, 35270 MiB, 37.24 W
2026/09/20 06:55:11.286, 0, 0 %, 0 %, 35270 MiB, 39.07 W
2026/09/20 06:55:11.286, 1, 0 %, 0 %, 35270 MiB, 38.64 W
2026/09/20 06:55:11.287, 2, 0 %, 0 %, 35270 MiB, 37.38 W
2026/09/20 06:55:16.288, 0, 0 %, 0 %, 35270 MiB, 39.07 W
2026/09/20 06:55:16.288, 1, 0 %, 0 %, 35270 MiB, 38.73 W
2026/09/20 06:55:16.289, 2, 0 %, 0 %, 35270 MiB, 37.27 W
2026/09/20 06:55:21.290, 0, 0 %, 0 %, 35270 MiB, 39.09 W
2026/09/20 06:55:21.290, 1, 0 %, 0 %, 35270 MiB, 38.66 W
2026/09/20 06:55:21.290, 2, 0 %, 0 %, 35270 MiB, 37.28 W
2026/09/20 06:55:26.292, 0, 0 %, 0 %, 35270 MiB, 39.07 W
2026/09/20 06:55:26.293, 1, 0 %, 0 %, 35270 MiB, 38.63 W
2026/09/20 06:55:26.293, 2, 0 %, 0 %, 35270 MiB, 37.25 W
2026/09/20 06:55:31.294, 0, 0 %, 0 %, 35270 MiB, 39.07 W
2026/09/20 06:55:31.294, 1, 0 %, 0 %, 35270 MiB, 38.83 W
2026/09/20 06:55:31.294, 2, 0 %, 0 %, 35270 MiB, 37.25 W
2026/09/20 06:55:36.296, 0, 0 %, 0 %, 35270 MiB, 39.06 W
2026/09/20 06:55:36.296, 1, 0 %, 0 %, 35270 MiB, 38.63 W
2026/09/20 06:55:36.296, 2, 0 %, 0 %, 35270 MiB, 37.34 W
2026/09/20 06:55:41.298, 0, 0 %, 0 %, 35270 MiB, 39.25 W
2026/09/20 06:55:41.298, 1, 0 %, 0 %, 35270 MiB, 38.53 W
2026/09/20 06:55:41.299, 2, 0 %, 0 %, 35270 MiB, 37.24 W
2026/09/20 06:55:46.300, 0, 0 %, 0 %, 35270 MiB, 39.16 W
2026/09/20 06:55:46.300, 1, 0 %, 0 %, 35270 MiB, 38.55 W
2026/09/20 06:55:46.301, 2, 0 %, 0 %, 35270 MiB, 37.37 W
2026/09/20 06:55:51.302, 0, 0 %, 0 %, 35270 MiB, 39.06 W
2026/09/20 06:55:51.302, 1, 0 %, 0 %, 35270 MiB, 38.63 W
2026/09/20 06:55:51.302, 2, 0 %, 0 %, 35270 MiB, 37.54 W
2026/09/20 06:55:56.304, 0, 0 %, 0 %, 35270 MiB, 39.17 W
2026/09/20 06:55:56.304, 1, 0 %, 0 %, 35270 MiB, 38.53 W
2026/09/20 06:55:56.305, 2, 0 %, 0 %, 35270 MiB, 37.24 W
2026/09/20 06:56:01.306, 0, 0 %, 0 %, 35270 MiB, 39.09 W
2026/09/20 06:56:01.306, 1, 0 %, 0 %, 35270 MiB, 38.57 W
2026/09/20 06:56:01.307, 2, 0 %, 0 %, 35270 MiB, 37.37 W
2026/09/20 06:56:06.308, 0, 0 %, 0 %, 35270 MiB, 38.97 W
2026/09/20 06:56:06.309, 1, 0 %, 0 %, 35270 MiB, 38.53 W
2026/09/20 06:56:06.309, 2, 0 %, 0 %, 35270 MiB, 37.55 W
2026/09/20 06:56:11.310, 0, 0 %, 0 %, 35270 MiB, 38.96 W
2026/09/20 06:56:11.311, 1, 0 %, 0 %, 35270 MiB, 38.53 W
2026/09/20 06:56:11.311, 2, 0 %, 0 %, 35270 MiB, 37.44 W
2026/09/20 06:56:16.313, 0, 0 %, 0 %, 35270 MiB, 38.94 W
2026/09/20 06:56:16.314, 1, 0 %, 0 %, 35270 MiB, 38.63 W
2026/09/20 06:56:16.314, 2, 0 %, 0 %, 35270 MiB, 37.23 W
2026/09/20 06:56:21.315, 0, 0 %, 0 %, 35270 MiB, 39.09 W
2026/09/20 06:56:21.316, 1, 0 %, 0 %, 35270 MiB, 38.55 W
2026/09/20 06:56:21.316, 2, 0 %, 0 %, 35270 MiB, 37.25 W
2026/09/20 06:56:26.324, 0, 0 %, 0 %, 35270 MiB, 39.06 W
2026/09/20 06:56:26.325, 1, 0 %, 0 %, 35270 MiB, 38.73 W
2026/09/20 06:56:26.325, 2, 0 %, 0 %, 35270 MiB, 37.44 W
2026/09/20 06:56:31.326, 0, 0 %, 0 %, 35270 MiB, 39.07 W
2026/09/20 06:56:31.326, 1, 0 %, 0 %, 35270 MiB, 38.64 W
2026/09/20 06:56:31.326, 2, 0 %, 0 %, 35270 MiB, 37.25 W
2026/09/20 06:56:36.327, 0, 0 %, 0 %, 35270 MiB, 39.27 W
2026/09/20 06:56:36.328, 1, 0 %, 0 %, 35270 MiB, 38.63 W
2026/09/20 06:56:36.328, 2, 0 %, 0 %, 35270 MiB, 37.24 W
2026/09/20 06:56:41.328, 0, 0 %, 0 %, 35270 MiB, 39.08 W
2026/09/20 06:56:41.329, 1, 0 %, 0 %, 35270 MiB, 38.65 W
2026/09/20 06:56:41.329, 2, 0 %, 0 %, 35270 MiB, 37.26 W
2026/09/20 06:56:46.329, 0, 0 %, 0 %, 35270 MiB, 39.12 W
2026/09/20 06:56:46.330, 1, 0 %, 0 %, 35270 MiB, 38.58 W
2026/09/20 06:56:46.330, 2, 0 %, 0 %, 35270 MiB, 37.49 W
2026/09/20 06:56:51.330, 0, 0 %, 0 %, 35270 MiB, 39.21 W
2026/09/20 06:56:51.330, 1, 0 %, 0 %, 35270 MiB, 38.57 W
2026/09/20 06:56:51.330, 2, 0 %, 0 %, 35270 MiB, 37.39 W
2026/09/20 06:56:56.331, 0, 0 %, 0 %, 35270 MiB, 39.31 W
2026/09/20 06:56:56.331, 1, 0 %, 0 %, 35270 MiB, 38.49 W
2026/09/20 06:56:56.331, 2, 0 %, 0 %, 35270 MiB, 37.39 W
2026/09/20 06:57:01.331, 0, 0 %, 0 %, 35270 MiB, 39.31 W
2026/09/20 06:57:01.332, 1, 0 %, 0 %, 35270 MiB, 38.56 W
2026/09/20 06:57:01.332, 2, 0 %, 0 %, 35270 MiB, 37.47 W
2026/09/20 06:57:06.332, 0, 0 %, 0 %, 35270 MiB, 38.97 W
2026/09/20 06:57:06.333, 1, 0 %, 0 %, 35270 MiB, 38.65 W
2026/09/20 06:57:06.333, 2, 0 %, 0 %, 35270 MiB, 37.56 W
2026/09/20 06:57:11.333, 0, 0 %, 0 %, 35270 MiB, 39.21 W
2026/09/20 06:57:11.334, 1, 0 %, 0 %, 35270 MiB, 38.58 W
2026/09/20 06:57:11.334, 2, 0 %, 0 %, 35270 MiB, 37.59 W
2026/09/20 06:57:16.335, 0, 0 %, 0 %, 35270 MiB, 39.11 W
2026/09/20 06:57:16.335, 1, 0 %, 0 %, 35270 MiB, 38.58 W
2026/09/20 06:57:16.336, 2, 0 %, 0 %, 35270 MiB, 37.49 W
2026/09/20 06:57:21.336, 0, 0 %, 0 %, 35270 MiB, 39.08 W
2026/09/20 06:57:21.336, 1, 0 %, 0 %, 35270 MiB, 38.85 W
2026/09/20 06:57:21.336, 2, 0 %, 0 %, 35270 MiB, 37.39 W
2026/09/20 06:57:26.336, 0, 0 %, 0 %, 35270 MiB, 39.21 W
2026/09/20 06:57:26.337, 1, 0 %, 0 %, 35270 MiB, 38.78 W
2026/09/20 06:57:26.337, 2, 0 %, 0 %, 35270 MiB, 37.49 W
2026/09/20 06:57:31.338, 0, 0 %, 0 %, 35270 MiB, 39.36 W
2026/09/20 06:57:31.338, 1, 0 %, 0 %, 35270 MiB, 38.85 W
2026/09/20 06:57:31.339, 2, 0 %, 0 %, 35270 MiB, 37.36 W
2026/09/20 06:57:36.340, 0, 0 %, 0 %, 35270 MiB, 39.25 W
2026/09/20 06:57:36.340, 1, 0 %, 0 %, 35270 MiB, 38.83 W
2026/09/20 06:57:36.340, 2, 0 %, 0 %, 35270 MiB, 37.44 W
2026/09/20 06:57:41.341, 0, 0 %, 0 %, 35270 MiB, 39.27 W
2026/09/20 06:57:41.341, 1, 0 %, 0 %, 35270 MiB, 38.85 W
2026/09/20 06:57:41.342, 2, 0 %, 0 %, 35270 MiB, 37.67 W
2026/09/20 06:57:46.342, 0, 0 %, 0 %, 35270 MiB, 39.16 W
2026/09/20 06:57:46.343, 1, 0 %, 0 %, 35270 MiB, 38.73 W
2026/09/20 06:57:46.343, 2, 0 %, 0 %, 35270 MiB, 37.44 W
2026/09/20 06:57:51.344, 0, 0 %, 0 %, 35270 MiB, 39.25 W
2026/09/20 06:57:51.345, 1, 0 %, 0 %, 35270 MiB, 38.73 W
2026/09/20 06:57:51.345, 2, 0 %, 0 %, 35270 MiB, 37.35 W
2026/09/20 06:57:56.346, 0, 0 %, 0 %, 35270 MiB, 39.17 W
2026/09/20 06:57:56.346, 1, 0 %, 0 %, 35270 MiB, 38.64 W
2026/09/20 06:57:56.347, 2, 0 %, 0 %, 35270 MiB, 37.36 W
2026/09/20 06:58:01.348, 0, 0 %, 0 %, 35270 MiB, 39.17 W
2026/09/20 06:58:01.349, 1, 0 %, 0 %, 35270 MiB, 38.45 W
2026/09/20 06:58:01.349, 2, 0 %, 0 %, 35270 MiB, 37.46 W
2026/09/20 06:58:06.359, 0, 0 %, 0 %, 35270 MiB, 39.17 W
2026/09/20 06:58:06.359, 1, 0 %, 0 %, 35270 MiB, 38.46 W
2026/09/20 06:58:06.360, 2, 0 %, 0 %, 35270 MiB, 37.36 W
2026/09/20 06:58:11.361, 0, 0 %, 0 %, 35270 MiB, 39.17 W
2026/09/20 06:58:11.361, 1, 0 %, 0 %, 35270 MiB, 38.46 W
2026/09/20 06:58:11.361, 2, 0 %, 0 %, 35270 MiB, 37.37 W
2026/09/20 06:58:16.362, 0, 0 %, 0 %, 35270 MiB, 38.99 W
2026/09/20 06:58:16.362, 1, 0 %, 0 %, 35270 MiB, 38.56 W
2026/09/20 06:58:16.362, 2, 0 %, 0 %, 35270 MiB, 37.46 W
2026/09/20 06:58:21.364, 0, 0 %, 0 %, 35270 MiB, 38.97 W
2026/09/20 06:58:21.364, 1, 0 %, 0 %, 35270 MiB, 38.54 W
2026/09/20 06:58:21.365, 2, 0 %, 0 %, 35270 MiB, 37.55 W
2026/09/20 06:58:26.366, 0, 0 %, 0 %, 35270 MiB, 39.07 W
2026/09/20 06:58:26.366, 1, 0 %, 0 %, 35270 MiB, 38.44 W
2026/09/20 06:58:26.367, 2, 0 %, 0 %, 35270 MiB, 37.44 W
2026/09/20 06:58:31.376, 0, 0 %, 0 %, 35270 MiB, 39.06 W
2026/09/20 06:58:31.376, 1, 0 %, 0 %, 35270 MiB, 38.53 W
2026/09/20 06:58:31.376, 2, 0 %, 0 %, 35270 MiB, 37.35 W
2026/09/20 06:58:36.377, 0, 0 %, 0 %, 35270 MiB, 39.06 W
2026/09/20 06:58:36.378, 1, 0 %, 0 %, 35270 MiB, 38.53 W
2026/09/20 06:58:36.378, 2, 0 %, 0 %, 35270 MiB, 37.25 W
2026/09/20 06:58:41.379, 0, 0 %, 0 %, 35270 MiB, 39.07 W
2026/09/20 06:58:41.379, 1, 0 %, 0 %, 35270 MiB, 38.53 W
2026/09/20 06:58:41.379, 2, 0 %, 0 %, 35270 MiB, 37.33 W
2026/09/20 06:58:46.382, 0, 0 %, 0 %, 35270 MiB, 39.17 W
2026/09/20 06:58:46.382, 1, 0 %, 0 %, 35270 MiB, 38.53 W
2026/09/20 06:58:46.383, 2, 0 %, 0 %, 35270 MiB, 37.25 W
2026/09/20 06:58:51.386, 0, 0 %, 0 %, 35270 MiB, 39.07 W
2026/09/20 06:58:51.386, 1, 0 %, 0 %, 35270 MiB, 38.63 W
2026/09/20 06:58:51.386, 2, 0 %, 0 %, 35270 MiB, 37.24 W
2026/09/20 06:58:56.387, 0, 0 %, 0 %, 35270 MiB, 38.99 W
2026/09/20 06:58:56.387, 1, 0 %, 0 %, 35270 MiB, 38.54 W
2026/09/20 06:58:56.388, 2, 0 %, 0 %, 35270 MiB, 37.25 W
2026/09/20 06:59:01.389, 0, 0 %, 0 %, 35270 MiB, 39.07 W
2026/09/20 06:59:01.389, 1, 0 %, 0 %, 35270 MiB, 38.34 W
2026/09/20 06:59:01.390, 2, 0 %, 0 %, 35270 MiB, 37.25 W
2026/09/20 06:59:06.390, 0, 0 %, 0 %, 35270 MiB, 39.16 W
2026/09/20 06:59:06.390, 1, 0 %, 0 %, 35270 MiB, 38.44 W
2026/09/20 06:59:06.390, 2, 0 %, 0 %, 35270 MiB, 37.35 W
2026/09/20 06:59:11.391, 0, 0 %, 0 %, 35270 MiB, 39.17 W
2026/09/20 06:59:11.392, 1, 0 %, 0 %, 35270 MiB, 38.56 W
2026/09/20 06:59:11.392, 2, 0 %, 0 %, 35270 MiB, 37.25 W
2026/09/20 06:59:16.393, 0, 0 %, 0 %, 35270 MiB, 39.07 W
2026/09/20 06:59:16.393, 1, 0 %, 0 %, 35270 MiB, 38.44 W
2026/09/20 06:59:16.393, 2, 0 %, 0 %, 35270 MiB, 37.56 W
2026/09/20 06:59:21.396, 0, 0 %, 0 %, 35270 MiB, 38.97 W
2026/09/20 06:59:21.396, 1, 0 %, 0 %, 35270 MiB, 38.45 W
2026/09/20 06:59:21.396, 2, 0 %, 0 %, 35270 MiB, 37.46 W
2026/09/20 06:59:26.396, 0, 0 %, 0 %, 35270 MiB, 39.07 W
2026/09/20 06:59:26.397, 1, 0 %, 0 %, 35270 MiB, 38.64 W
2026/09/20 06:59:26.397, 2, 0 %, 0 %, 35270 MiB, 37.35 W
2026/09/20 06:59:31.398, 0, 0 %, 0 %, 35270 MiB, 38.99 W
2026/09/20 06:59:31.398, 1, 0 %, 0 %, 35270 MiB, 38.47 W
2026/09/20 06:59:31.399, 2, 0 %, 0 %, 35270 MiB, 37.48 W
2026/09/20 06:59:36.400, 0, 0 %, 0 %, 35270 MiB, 39.01 W
2026/09/20 06:59:36.400, 1, 0 %, 0 %, 35270 MiB, 38.49 W
2026/09/20 06:59:36.400, 2, 0 %, 0 %, 35270 MiB, 37.39 W
2026/09/20 06:59:41.400, 0, 0 %, 0 %, 35270 MiB, 39.20 W
2026/09/20 06:59:41.401, 1, 0 %, 0 %, 35270 MiB, 38.49 W
2026/09/20 06:59:41.401, 2, 0 %, 0 %, 35270 MiB, 37.39 W
2026/09/20 06:59:46.402, 0, 0 %, 0 %, 35270 MiB, 39.11 W
2026/09/20 06:59:46.402, 1, 0 %, 0 %, 35270 MiB, 38.68 W
2026/09/20 06:59:46.402, 2, 0 %, 0 %, 35270 MiB, 37.28 W
2026/09/20 06:59:51.403, 0, 0 %, 0 %, 35270 MiB, 39.12 W
2026/09/20 06:59:51.403, 1, 0 %, 0 %, 35270 MiB, 38.68 W
2026/09/20 06:59:51.403, 2, 0 %, 0 %, 35270 MiB, 37.39 W
2026/09/20 06:59:56.403, 0, 0 %, 0 %, 35270 MiB, 39.02 W
2026/09/20 06:59:56.404, 1, 0 %, 0 %, 35270 MiB, 38.68 W
2026/09/20 06:59:56.404, 2, 0 %, 0 %, 35270 MiB, 37.49 W
2026/09/20 07:00:01.404, 0, 0 %, 0 %, 35270 MiB, 39.41 W
2026/09/20 07:00:01.404, 1, 0 %, 0 %, 35270 MiB, 38.58 W
2026/09/20 07:00:01.404, 2, 0 %, 0 %, 35270 MiB, 37.39 W
2026/09/20 07:00:06.405, 0, 0 %, 0 %, 35270 MiB, 39.22 W
2026/09/20 07:00:06.405, 1, 0 %, 0 %, 35270 MiB, 38.58 W
2026/09/20 07:00:06.405, 2, 0 %, 0 %, 35270 MiB, 37.39 W
2026/09/20 07:00:11.405, 0, 0 %, 0 %, 35270 MiB, 39.22 W
2026/09/20 07:00:11.406, 1, 0 %, 0 %, 35270 MiB, 38.58 W
2026/09/20 07:00:11.406, 2, 0 %, 0 %, 35270 MiB, 37.49 W
2026/09/20 07:00:16.406, 0, 100 %, 7 %, 35270 MiB, 88.14 W
2026/09/20 07:00:16.406, 1, 100 %, 10 %, 35270 MiB, 93.47 W
2026/09/20 07:00:16.406, 2, 100 %, 11 %, 35270 MiB, 92.20 W
2026/09/20 07:00:21.407, 0, 99 %, 10 %, 35270 MiB, 95.44 W
2026/09/20 07:00:21.407, 1, 100 %, 7 %, 35270 MiB, 89.91 W
2026/09/20 07:00:21.407, 2, 100 %, 10 %, 35270 MiB, 85.68 W
2026/09/20 07:00:26.407, 0, 100 %, 7 %, 35270 MiB, 91.43 W
2026/09/20 07:00:26.407, 1, 100 %, 7 %, 35270 MiB, 90.30 W
2026/09/20 07:00:26.407, 2, 100 %, 13 %, 35270 MiB, 113.87 W
2026/09/20 07:00:31.408, 0, 100 %, 15 %, 35270 MiB, 91.39 W
2026/09/20 07:00:31.408, 1, 100 %, 11 %, 35270 MiB, 87.23 W
2026/09/20 07:00:31.408, 2, 100 %, 7 %, 35270 MiB, 89.31 W
2026/09/20 07:00:36.409, 0, 0 %, 0 %, 35270 MiB, 40.27 W
2026/09/20 07:00:36.409, 1, 0 %, 0 %, 35270 MiB, 61.06 W
2026/09/20 07:00:36.409, 2, 0 %, 0 %, 35270 MiB, 60.58 W
2026/09/20 07:00:41.409, 0, 0 %, 0 %, 35270 MiB, 40.18 W
2026/09/20 07:00:41.410, 1, 0 %, 0 %, 35270 MiB, 39.74 W
2026/09/20 07:00:41.410, 2, 0 %, 0 %, 35270 MiB, 38.37 W
2026/09/20 07:00:46.410, 0, 0 %, 0 %, 35270 MiB, 39.99 W
2026/09/20 07:00:46.411, 1, 0 %, 0 %, 35270 MiB, 39.66 W
2026/09/20 07:00:46.411, 2, 0 %, 0 %, 35270 MiB, 38.29 W
2026/09/20 07:00:51.411, 0, 0 %, 0 %, 35270 MiB, 40.09 W
2026/09/20 07:00:51.411, 1, 0 %, 0 %, 35270 MiB, 39.56 W
2026/09/20 07:00:51.411, 2, 0 %, 0 %, 35270 MiB, 38.19 W
2026/09/20 07:00:56.412, 0, 0 %, 0 %, 35270 MiB, 40.17 W
2026/09/20 07:00:56.412, 1, 0 %, 0 %, 35270 MiB, 39.54 W
2026/09/20 07:00:56.412, 2, 0 %, 0 %, 35270 MiB, 38.26 W
2026/09/20 07:01:01.412, 0, 0 %, 0 %, 35270 MiB, 40.07 W
2026/09/20 07:01:01.413, 1, 0 %, 0 %, 35270 MiB, 39.74 W
2026/09/20 07:01:01.413, 2, 0 %, 0 %, 35270 MiB, 38.18 W
2026/09/20 07:01:06.413, 0, 0 %, 0 %, 35270 MiB, 39.97 W
2026/09/20 07:01:06.413, 1, 0 %, 0 %, 35270 MiB, 39.63 W
2026/09/20 07:01:06.413, 2, 0 %, 0 %, 35270 MiB, 38.18 W
2026/09/20 07:01:11.420, 0, 0 %, 0 %, 35270 MiB, 39.99 W
2026/09/20 07:01:11.421, 1, 0 %, 0 %, 35270 MiB, 39.56 W
2026/09/20 07:01:11.421, 2, 0 %, 0 %, 35270 MiB, 38.09 W
2026/09/20 07:01:16.421, 0, 0 %, 0 %, 35270 MiB, 40.09 W
2026/09/20 07:01:16.421, 1, 0 %, 0 %, 35270 MiB, 39.37 W
2026/09/20 07:01:16.421, 2, 0 %, 0 %, 35270 MiB, 38.19 W
2026/09/20 07:01:21.422, 0, 0 %, 0 %, 35270 MiB, 40.04 W
2026/09/20 07:01:21.422, 1, 0 %, 0 %, 35270 MiB, 39.51 W
2026/09/20 07:01:21.422, 2, 0 %, 0 %, 35270 MiB, 38.13 W
2026/09/20 07:01:26.423, 0, 0 %, 0 %, 35270 MiB, 40.02 W
2026/09/20 07:01:26.424, 1, 0 %, 0 %, 35270 MiB, 39.39 W
2026/09/20 07:01:26.424, 2, 0 %, 0 %, 35270 MiB, 38.13 W
2026/09/20 07:01:31.425, 0, 0 %, 0 %, 35270 MiB, 40.04 W
2026/09/20 07:01:31.425, 1, 0 %, 0 %, 35270 MiB, 39.12 W
2026/09/20 07:01:31.426, 2, 0 %, 0 %, 35270 MiB, 38.24 W
2026/09/20 07:01:36.427, 0, 0 %, 0 %, 35270 MiB, 39.62 W
2026/09/20 07:01:36.428, 1, 0 %, 0 %, 35270 MiB, 39.19 W
2026/09/20 07:01:36.428, 2, 0 %, 0 %, 35270 MiB, 38.02 W
2026/09/20 07:01:41.437, 0, 0 %, 0 %, 35270 MiB, 39.44 W
2026/09/20 07:01:41.438, 1, 0 %, 0 %, 35270 MiB, 39.00 W
2026/09/20 07:01:41.438, 2, 0 %, 0 %, 35270 MiB, 37.73 W
2026/09/20 07:01:46.438, 0, 0 %, 0 %, 35270 MiB, 39.40 W
2026/09/20 07:01:46.439, 1, 0 %, 0 %, 35270 MiB, 38.88 W
2026/09/20 07:01:46.439, 2, 0 %, 0 %, 35270 MiB, 37.70 W
2026/09/20 07:01:51.439, 0, 0 %, 0 %, 35270 MiB, 39.50 W
2026/09/20 07:01:51.440, 1, 0 %, 0 %, 35270 MiB, 38.88 W
2026/09/20 07:01:51.440, 2, 0 %, 0 %, 35270 MiB, 37.60 W
2026/09/20 07:01:56.440, 0, 0 %, 0 %, 35270 MiB, 39.22 W
2026/09/20 07:01:56.441, 1, 0 %, 0 %, 35270 MiB, 38.88 W
2026/09/20 07:01:56.441, 2, 0 %, 0 %, 35270 MiB, 37.49 W
2026/09/20 07:02:01.441, 0, 0 %, 0 %, 35270 MiB, 39.29 W
2026/09/20 07:02:01.442, 1, 0 %, 0 %, 35270 MiB, 38.85 W
2026/09/20 07:02:01.442, 2, 0 %, 0 %, 35270 MiB, 37.47 W
2026/09/20 07:02:06.442, 0, 0 %, 0 %, 35270 MiB, 39.31 W
2026/09/20 07:02:06.442, 1, 0 %, 0 %, 35270 MiB, 38.89 W
2026/09/20 07:02:06.442, 2, 0 %, 0 %, 35270 MiB, 37.50 W
2026/09/20 07:02:11.442, 0, 0 %, 0 %, 35270 MiB, 39.41 W
2026/09/20 07:02:11.443, 1, 0 %, 0 %, 35270 MiB, 39.07 W
2026/09/20 07:02:11.443, 2, 0 %, 0 %, 35270 MiB, 37.60 W
2026/09/20 07:02:16.443, 0, 0 %, 0 %, 35270 MiB, 39.41 W
2026/09/20 07:02:16.444, 1, 0 %, 0 %, 35270 MiB, 38.88 W
2026/09/20 07:02:16.444, 2, 0 %, 0 %, 35270 MiB, 37.49 W
2026/09/20 07:02:21.444, 0, 0 %, 0 %, 35270 MiB, 39.41 W
2026/09/20 07:02:21.444, 1, 0 %, 0 %, 35270 MiB, 38.70 W
2026/09/20 07:02:21.444, 2, 0 %, 0 %, 35270 MiB, 37.60 W
2026/09/20 07:02:26.444, 0, 0 %, 0 %, 35270 MiB, 39.51 W
2026/09/20 07:02:26.445, 1, 0 %, 0 %, 35270 MiB, 38.79 W
2026/09/20 07:02:26.445, 2, 0 %, 0 %, 35270 MiB, 37.59 W
2026/09/20 07:02:31.446, 0, 0 %, 0 %, 35270 MiB, 39.46 W
2026/09/20 07:02:31.447, 1, 0 %, 0 %, 35270 MiB, 38.85 W
2026/09/20 07:02:31.447, 2, 0 %, 0 %, 35270 MiB, 37.67 W
2026/09/20 07:02:36.447, 0, 0 %, 0 %, 35270 MiB, 39.49 W
2026/09/20 07:02:36.447, 1, 0 %, 0 %, 35270 MiB, 38.86 W
2026/09/20 07:02:36.447, 2, 0 %, 0 %, 35270 MiB, 37.49 W
2026/09/20 07:02:41.448, 0, 0 %, 0 %, 35270 MiB, 39.21 W
2026/09/20 07:02:41.448, 1, 0 %, 0 %, 35270 MiB, 38.87 W
2026/09/20 07:02:41.448, 2, 0 %, 0 %, 35270 MiB, 37.58 W
2026/09/20 07:02:46.449, 0, 0 %, 0 %, 35270 MiB, 39.39 W
2026/09/20 07:02:46.450, 1, 0 %, 0 %, 35270 MiB, 38.87 W
2026/09/20 07:02:46.450, 2, 0 %, 0 %, 35270 MiB, 37.58 W
2026/09/20 07:02:51.450, 0, 0 %, 0 %, 35270 MiB, 39.31 W
2026/09/20 07:02:51.451, 1, 0 %, 0 %, 35270 MiB, 38.88 W
2026/09/20 07:02:51.451, 2, 0 %, 0 %, 35270 MiB, 37.60 W
2026/09/20 07:02:56.451, 0, 0 %, 0 %, 35270 MiB, 39.28 W
2026/09/20 07:02:56.451, 1, 0 %, 0 %, 35270 MiB, 38.85 W
2026/09/20 07:02:56.451, 2, 0 %, 0 %, 35270 MiB, 37.56 W
2026/09/20 07:03:01.451, 0, 0 %, 0 %, 35270 MiB, 39.31 W
2026/09/20 07:03:01.452, 1, 0 %, 0 %, 35270 MiB, 38.88 W
2026/09/20 07:03:01.452, 2, 0 %, 0 %, 35270 MiB, 37.49 W
2026/09/20 07:03:06.453, 0, 0 %, 0 %, 35270 MiB, 39.39 W
2026/09/20 07:03:06.453, 1, 0 %, 0 %, 35270 MiB, 39.06 W
2026/09/20 07:03:06.453, 2, 0 %, 0 %, 35270 MiB, 37.69 W
2026/09/20 07:03:11.454, 0, 0 %, 0 %, 35270 MiB, 39.31 W
2026/09/20 07:03:11.454, 1, 0 %, 0 %, 35270 MiB, 38.88 W
2026/09/20 07:03:11.454, 2, 0 %, 0 %, 35270 MiB, 37.59 W
2026/09/20 07:03:16.454, 0, 0 %, 0 %, 35270 MiB, 39.40 W
2026/09/20 07:03:16.454, 1, 0 %, 0 %, 35270 MiB, 38.97 W
2026/09/20 07:03:16.454, 2, 0 %, 0 %, 35270 MiB, 37.49 W
2026/09/20 07:03:21.456, 0, 0 %, 0 %, 35270 MiB, 39.61 W
2026/09/20 07:03:21.456, 1, 0 %, 0 %, 35270 MiB, 39.07 W
2026/09/20 07:03:21.456, 2, 0 %, 0 %, 35270 MiB, 37.48 W
2026/09/20 07:03:26.458, 0, 0 %, 0 %, 35270 MiB, 39.39 W
2026/09/20 07:03:26.458, 1, 0 %, 0 %, 35270 MiB, 38.95 W
2026/09/20 07:03:26.459, 2, 0 %, 0 %, 35270 MiB, 37.60 W
2026/09/20 07:03:31.460, 0, 0 %, 0 %, 35270 MiB, 39.50 W
2026/09/20 07:03:31.460, 1, 0 %, 0 %, 35270 MiB, 38.97 W
2026/09/20 07:03:31.461, 2, 0 %, 0 %, 35270 MiB, 37.69 W
2026/09/20 07:03:36.462, 0, 0 %, 0 %, 35270 MiB, 39.51 W
2026/09/20 07:03:36.462, 1, 0 %, 0 %, 35270 MiB, 38.88 W
2026/09/20 07:03:36.462, 2, 0 %, 0 %, 35270 MiB, 37.49 W
2026/09/20 07:03:41.472, 0, 0 %, 0 %, 35270 MiB, 39.58 W
2026/09/20 07:03:41.473, 1, 0 %, 0 %, 35270 MiB, 39.06 W
2026/09/20 07:03:41.473, 2, 0 %, 0 %, 35270 MiB, 37.67 W
2026/09/20 07:03:46.474, 0, 0 %, 0 %, 35270 MiB, 39.50 W
2026/09/20 07:03:46.474, 1, 0 %, 0 %, 35270 MiB, 38.97 W
2026/09/20 07:03:46.474, 2, 0 %, 0 %, 35270 MiB, 37.70 W
2026/09/20 07:03:51.475, 0, 0 %, 0 %, 35270 MiB, 39.31 W
2026/09/20 07:03:51.475, 1, 0 %, 0 %, 35270 MiB, 38.88 W
2026/09/20 07:03:51.476, 2, 0 %, 0 %, 35270 MiB, 37.59 W
2026/09/20 07:03:56.476, 0, 0 %, 0 %, 35270 MiB, 39.28 W
2026/09/20 07:03:56.477, 1, 0 %, 0 %, 35270 MiB, 38.95 W
2026/09/20 07:03:56.477, 2, 0 %, 0 %, 35270 MiB, 37.67 W
2026/09/20 07:04:01.477, 0, 0 %, 0 %, 35270 MiB, 39.40 W
2026/09/20 07:04:01.477, 1, 0 %, 0 %, 35270 MiB, 38.97 W
2026/09/20 07:04:01.477, 2, 0 %, 0 %, 35270 MiB, 37.80 W
2026/09/20 07:04:06.479, 0, 0 %, 0 %, 35270 MiB, 39.41 W
2026/09/20 07:04:06.479, 1, 0 %, 0 %, 35270 MiB, 38.97 W
2026/09/20 07:04:06.480, 2, 0 %, 0 %, 35270 MiB, 37.49 W
2026/09/20 07:04:11.480, 0, 0 %, 0 %, 35270 MiB, 39.39 W
2026/09/20 07:04:11.481, 1, 0 %, 0 %, 35270 MiB, 39.05 W
2026/09/20 07:04:11.481, 2, 0 %, 0 %, 35270 MiB, 37.58 W
2026/09/20 07:04:16.481, 0, 0 %, 0 %, 35270 MiB, 39.41 W
2026/09/20 07:04:16.481, 1, 0 %, 0 %, 35270 MiB, 39.17 W
2026/09/20 07:04:16.481, 2, 0 %, 0 %, 35270 MiB, 37.49 W
2026/09/20 07:04:21.484, 0, 0 %, 0 %, 35270 MiB, 39.38 W
2026/09/20 07:04:21.484, 1, 0 %, 0 %, 35270 MiB, 39.05 W
2026/09/20 07:04:21.484, 2, 0 %, 0 %, 35270 MiB, 37.66 W
2026/09/20 07:04:26.484, 0, 0 %, 0 %, 35270 MiB, 39.40 W
2026/09/20 07:04:26.485, 1, 0 %, 0 %, 35270 MiB, 39.07 W
2026/09/20 07:04:26.485, 2, 0 %, 0 %, 35270 MiB, 37.59 W
2026/09/20 07:04:31.486, 0, 0 %, 0 %, 35270 MiB, 39.47 W
2026/09/20 07:04:31.486, 1, 0 %, 0 %, 35270 MiB, 39.04 W
2026/09/20 07:04:31.487, 2, 0 %, 0 %, 35270 MiB, 37.56 W
2026/09/20 07:04:36.487, 0, 0 %, 0 %, 35270 MiB, 39.60 W
2026/09/20 07:04:36.488, 1, 0 %, 0 %, 35270 MiB, 39.05 W
2026/09/20 07:04:36.488, 2, 0 %, 0 %, 35270 MiB, 37.58 W
2026/09/20 07:04:41.489, 0, 0 %, 0 %, 35270 MiB, 39.56 W
2026/09/20 07:04:41.490, 1, 0 %, 0 %, 35270 MiB, 38.95 W
2026/09/20 07:04:41.490, 2, 0 %, 0 %, 35270 MiB, 37.56 W
2026/09/20 07:04:46.491, 0, 0 %, 0 %, 35270 MiB, 39.50 W
2026/09/20 07:04:46.491, 1, 0 %, 0 %, 35270 MiB, 38.88 W
2026/09/20 07:04:46.492, 2, 0 %, 0 %, 35270 MiB, 37.59 W
2026/09/20 07:04:51.493, 0, 0 %, 0 %, 35270 MiB, 39.49 W
2026/09/20 07:04:51.494, 1, 0 %, 0 %, 35270 MiB, 39.15 W
2026/09/20 07:04:51.494, 2, 0 %, 0 %, 35270 MiB, 37.57 W
2026/09/20 07:04:56.494, 0, 0 %, 0 %, 35270 MiB, 39.50 W
2026/09/20 07:04:56.495, 1, 0 %, 0 %, 35270 MiB, 38.97 W
2026/09/20 07:04:56.495, 2, 0 %, 0 %, 35270 MiB, 37.90 W
2026/09/20 07:05:01.496, 0, 0 %, 0 %, 35270 MiB, 39.37 W
2026/09/20 07:05:01.496, 1, 0 %, 0 %, 35270 MiB, 38.95 W
2026/09/20 07:05:01.497, 2, 0 %, 0 %, 35270 MiB, 37.67 W
2026/09/20 07:05:06.498, 0, 0 %, 0 %, 35270 MiB, 39.40 W
2026/09/20 07:05:06.498, 1, 0 %, 0 %, 35270 MiB, 38.97 W
2026/09/20 07:05:06.499, 2, 0 %, 0 %, 35270 MiB, 37.70 W
2026/09/20 07:05:11.499, 0, 0 %, 0 %, 35270 MiB, 39.51 W
2026/09/20 07:05:11.500, 1, 0 %, 0 %, 35270 MiB, 39.17 W
2026/09/20 07:05:11.500, 2, 0 %, 0 %, 35270 MiB, 37.49 W
2026/09/20 07:05:16.500, 0, 0 %, 0 %, 35270 MiB, 39.49 W
2026/09/20 07:05:16.500, 1, 0 %, 0 %, 35270 MiB, 39.05 W
2026/09/20 07:05:16.500, 2, 0 %, 0 %, 35270 MiB, 37.68 W
2026/09/20 07:05:21.501, 0, 0 %, 0 %, 35270 MiB, 39.39 W
2026/09/20 07:05:21.501, 1, 0 %, 0 %, 35270 MiB, 39.15 W
2026/09/20 07:05:21.501, 2, 0 %, 0 %, 35270 MiB, 37.56 W
2026/09/20 07:05:26.501, 0, 0 %, 0 %, 35270 MiB, 39.36 W
2026/09/20 07:05:26.512, 1, 0 %, 0 %, 35270 MiB, 39.24 W
2026/09/20 07:05:26.513, 2, 0 %, 0 %, 35270 MiB, 37.46 W
2026/09/20 07:05:31.525, 0, 0 %, 0 %, 35270 MiB, 39.70 W
2026/09/20 07:05:31.526, 1, 0 %, 0 %, 35270 MiB, 39.15 W
2026/09/20 07:05:31.526, 2, 0 %, 0 %, 35270 MiB, 37.49 W
2026/09/20 07:05:36.526, 0, 0 %, 0 %, 35270 MiB, 39.47 W
2026/09/20 07:05:36.527, 1, 0 %, 0 %, 35270 MiB, 39.15 W
2026/09/20 07:05:36.527, 2, 0 %, 0 %, 35270 MiB, 37.69 W
2026/09/20 07:05:41.527, 0, 0 %, 0 %, 35270 MiB, 39.50 W
2026/09/20 07:05:41.528, 1, 0 %, 0 %, 35270 MiB, 38.95 W
2026/09/20 07:05:41.528, 2, 0 %, 0 %, 35270 MiB, 37.66 W
2026/09/20 07:05:46.528, 0, 0 %, 0 %, 35270 MiB, 39.51 W
2026/09/20 07:05:46.529, 1, 0 %, 0 %, 35270 MiB, 39.07 W
2026/09/20 07:05:46.529, 2, 0 %, 0 %, 35270 MiB, 37.59 W
2026/09/20 07:05:51.529, 0, 0 %, 0 %, 35270 MiB, 39.70 W
2026/09/20 07:05:51.529, 1, 0 %, 0 %, 35270 MiB, 38.96 W
2026/09/20 07:05:51.529, 2, 0 %, 0 %, 35270 MiB, 37.57 W
2026/09/20 07:05:56.530, 0, 0 %, 0 %, 35270 MiB, 39.57 W
2026/09/20 07:05:56.530, 1, 0 %, 0 %, 35270 MiB, 39.05 W
2026/09/20 07:05:56.530, 2, 0 %, 0 %, 35270 MiB, 37.67 W
2026/09/20 07:06:01.531, 0, 0 %, 0 %, 35270 MiB, 39.49 W
2026/09/20 07:06:01.531, 1, 0 %, 0 %, 35270 MiB, 39.27 W
2026/09/20 07:06:01.532, 2, 0 %, 0 %, 35270 MiB, 37.59 W
2026/09/20 07:06:06.532, 0, 0 %, 0 %, 35270 MiB, 39.41 W
2026/09/20 07:06:06.533, 1, 0 %, 0 %, 35270 MiB, 39.07 W
2026/09/20 07:06:06.533, 2, 0 %, 0 %, 35270 MiB, 37.70 W
2026/09/20 07:06:11.534, 0, 0 %, 0 %, 35270 MiB, 39.47 W
2026/09/20 07:06:11.534, 1, 0 %, 0 %, 35270 MiB, 39.05 W
2026/09/20 07:06:11.534, 2, 0 %, 0 %, 35270 MiB, 37.79 W
2026/09/20 07:06:16.535, 0, 0 %, 0 %, 35270 MiB, 39.39 W
2026/09/20 07:06:16.535, 1, 0 %, 0 %, 35270 MiB, 39.07 W
2026/09/20 07:06:16.535, 2, 0 %, 0 %, 35270 MiB, 37.49 W
2026/09/20 07:06:21.536, 0, 0 %, 0 %, 35270 MiB, 39.51 W
2026/09/20 07:06:21.536, 1, 0 %, 0 %, 35270 MiB, 39.17 W
2026/09/20 07:06:21.536, 2, 0 %, 0 %, 35270 MiB, 37.50 W
2026/09/20 07:06:26.537, 0, 0 %, 0 %, 35270 MiB, 39.47 W
2026/09/20 07:06:26.537, 1, 0 %, 0 %, 35270 MiB, 39.15 W
2026/09/20 07:06:26.538, 2, 0 %, 0 %, 35270 MiB, 37.47 W
2026/09/20 07:06:31.538, 0, 0 %, 0 %, 35270 MiB, 39.51 W
2026/09/20 07:06:31.539, 1, 0 %, 0 %, 35270 MiB, 39.07 W
2026/09/20 07:06:31.539, 2, 0 %, 0 %, 35270 MiB, 37.59 W
2026/09/20 07:06:36.539, 0, 0 %, 0 %, 35270 MiB, 39.41 W
2026/09/20 07:06:36.539, 1, 0 %, 0 %, 35270 MiB, 39.27 W
2026/09/20 07:06:36.539, 2, 0 %, 0 %, 35270 MiB, 37.39 W
2026/09/20 07:06:41.540, 0, 0 %, 0 %, 35270 MiB, 39.41 W
2026/09/20 07:06:41.540, 1, 0 %, 0 %, 35270 MiB, 39.18 W
2026/09/20 07:06:41.540, 2, 0 %, 0 %, 35270 MiB, 37.49 W
2026/09/20 07:06:46.540, 0, 0 %, 0 %, 35270 MiB, 39.61 W
2026/09/20 07:06:46.540, 1, 0 %, 0 %, 35270 MiB, 39.08 W
2026/09/20 07:06:46.540, 2, 0 %, 0 %, 35270 MiB, 37.40 W
2026/09/20 07:06:51.541, 0, 0 %, 0 %, 35270 MiB, 39.51 W
2026/09/20 07:06:51.541, 1, 0 %, 0 %, 35270 MiB, 38.97 W
2026/09/20 07:06:51.541, 2, 0 %, 0 %, 35270 MiB, 37.70 W
2026/09/20 07:06:56.541, 0, 0 %, 0 %, 35270 MiB, 39.51 W
2026/09/20 07:06:56.542, 1, 0 %, 0 %, 35270 MiB, 39.17 W
2026/09/20 07:06:56.542, 2, 0 %, 0 %, 35270 MiB, 37.59 W
2026/09/20 07:07:01.542, 0, 0 %, 0 %, 35270 MiB, 39.51 W
2026/09/20 07:07:01.542, 1, 0 %, 0 %, 35270 MiB, 38.97 W
2026/09/20 07:07:01.542, 2, 0 %, 0 %, 35270 MiB, 37.60 W
2026/09/20 07:07:06.543, 0, 0 %, 0 %, 35270 MiB, 39.71 W
2026/09/20 07:07:06.543, 1, 0 %, 0 %, 35270 MiB, 38.98 W
2026/09/20 07:07:06.543, 2, 0 %, 0 %, 35270 MiB, 37.71 W
2026/09/20 07:07:11.543, 0, 0 %, 0 %, 35270 MiB, 39.41 W
2026/09/20 07:07:11.543, 1, 0 %, 0 %, 35270 MiB, 39.07 W
2026/09/20 07:07:11.544, 2, 0 %, 0 %, 35270 MiB, 38.29 W
2026/09/20 07:07:16.544, 0, 0 %, 0 %, 35270 MiB, 39.40 W
2026/09/20 07:07:16.544, 1, 0 %, 0 %, 35270 MiB, 39.07 W
2026/09/20 07:07:16.544, 2, 0 %, 0 %, 35270 MiB, 37.59 W
2026/09/20 07:07:21.545, 0, 0 %, 0 %, 35270 MiB, 39.41 W
2026/09/20 07:07:21.545, 1, 0 %, 0 %, 35270 MiB, 39.07 W
2026/09/20 07:07:21.545, 2, 0 %, 0 %, 35270 MiB, 37.70 W
2026/09/20 07:07:26.545, 0, 0 %, 0 %, 35270 MiB, 39.51 W
2026/09/20 07:07:26.545, 1, 0 %, 0 %, 35270 MiB, 39.07 W
2026/09/20 07:07:26.545, 2, 0 %, 0 %, 35270 MiB, 37.49 W
2026/09/20 07:07:31.546, 0, 0 %, 0 %, 35270 MiB, 39.41 W
2026/09/20 07:07:31.546, 1, 0 %, 0 %, 35270 MiB, 39.38 W
2026/09/20 07:07:31.546, 2, 0 %, 0 %, 35270 MiB, 37.59 W
2026/09/20 07:07:36.547, 0, 0 %, 0 %, 35270 MiB, 39.40 W
2026/09/20 07:07:36.547, 1, 0 %, 0 %, 35270 MiB, 39.27 W
2026/09/20 07:07:36.547, 2, 0 %, 0 %, 35270 MiB, 37.49 W
2026/09/20 07:07:41.547, 0, 0 %, 0 %, 35270 MiB, 39.71 W
2026/09/20 07:07:41.547, 1, 0 %, 0 %, 35270 MiB, 39.17 W
2026/09/20 07:07:41.547, 2, 0 %, 0 %, 35270 MiB, 37.49 W
2026/09/20 07:07:46.548, 0, 0 %, 0 %, 35270 MiB, 39.61 W
2026/09/20 07:07:46.548, 1, 0 %, 0 %, 35270 MiB, 39.17 W
2026/09/20 07:07:46.548, 2, 0 %, 0 %, 35270 MiB, 37.59 W
2026/09/20 07:07:51.549, 0, 0 %, 0 %, 35270 MiB, 39.42 W
2026/09/20 07:07:51.549, 1, 0 %, 0 %, 35270 MiB, 39.47 W
2026/09/20 07:07:51.549, 2, 0 %, 0 %, 35270 MiB, 37.59 W
2026/09/20 07:07:56.550, 0, 0 %, 0 %, 35270 MiB, 39.51 W
2026/09/20 07:07:56.550, 1, 0 %, 0 %, 35270 MiB, 39.07 W
2026/09/20 07:07:56.550, 2, 0 %, 0 %, 35270 MiB, 37.59 W
2026/09/20 07:08:01.550, 0, 0 %, 0 %, 35270 MiB, 39.71 W
2026/09/20 07:08:01.550, 1, 0 %, 0 %, 35270 MiB, 39.09 W
2026/09/20 07:08:01.551, 2, 0 %, 0 %, 35270 MiB, 37.71 W
2026/09/20 07:08:06.551, 0, 0 %, 0 %, 35270 MiB, 39.60 W
2026/09/20 07:08:06.551, 1, 0 %, 0 %, 35270 MiB, 38.97 W
2026/09/20 07:08:06.551, 2, 0 %, 0 %, 35270 MiB, 37.70 W
2026/09/20 07:08:11.552, 0, 0 %, 0 %, 35270 MiB, 39.51 W
2026/09/20 07:08:11.552, 1, 0 %, 0 %, 35270 MiB, 39.27 W
2026/09/20 07:08:11.552, 2, 0 %, 0 %, 35270 MiB, 37.59 W
2026/09/20 07:08:16.552, 0, 0 %, 0 %, 35270 MiB, 39.51 W
2026/09/20 07:08:16.553, 1, 0 %, 0 %, 35270 MiB, 39.07 W
2026/09/20 07:08:16.553, 2, 0 %, 0 %, 35270 MiB, 37.69 W
2026/09/20 07:08:21.553, 0, 0 %, 0 %, 35270 MiB, 39.51 W
2026/09/20 07:08:21.553, 1, 0 %, 0 %, 35270 MiB, 39.07 W
2026/09/20 07:08:21.553, 2, 0 %, 0 %, 35270 MiB, 37.70 W
2026/09/20 07:08:26.554, 0, 0 %, 0 %, 35270 MiB, 39.51 W
2026/09/20 07:08:26.554, 1, 0 %, 0 %, 35270 MiB, 39.19 W
2026/09/20 07:08:26.554, 2, 0 %, 0 %, 35270 MiB, 37.70 W
2026/09/20 07:08:31.554, 0, 0 %, 0 %, 35270 MiB, 39.51 W
2026/09/20 07:08:31.554, 1, 0 %, 0 %, 35270 MiB, 39.27 W
2026/09/20 07:08:31.554, 2, 0 %, 0 %, 35270 MiB, 37.59 W
2026/09/20 07:08:36.555, 0, 0 %, 0 %, 35270 MiB, 39.41 W
2026/09/20 07:08:36.555, 1, 0 %, 0 %, 35270 MiB, 39.17 W
2026/09/20 07:08:36.555, 2, 0 %, 0 %, 35270 MiB, 37.50 W
2026/09/20 07:08:41.555, 0, 0 %, 0 %, 35270 MiB, 39.51 W
2026/09/20 07:08:41.556, 1, 0 %, 0 %, 35270 MiB, 39.27 W
2026/09/20 07:08:41.556, 2, 0 %, 0 %, 35270 MiB, 37.49 W
2026/09/20 07:08:46.556, 0, 0 %, 0 %, 35270 MiB, 39.51 W
2026/09/20 07:08:46.556, 1, 0 %, 0 %, 35270 MiB, 39.47 W
2026/09/20 07:08:46.556, 2, 0 %, 0 %, 35270 MiB, 37.60 W
2026/09/20 07:08:51.557, 0, 0 %, 0 %, 35270 MiB, 39.51 W
2026/09/20 07:08:51.557, 1, 0 %, 0 %, 35270 MiB, 39.27 W
2026/09/20 07:08:51.557, 2, 0 %, 0 %, 35270 MiB, 37.49 W
2026/09/20 07:08:56.557, 0, 0 %, 0 %, 35270 MiB, 39.80 W
2026/09/20 07:08:56.557, 1, 0 %, 0 %, 35270 MiB, 39.27 W
2026/09/20 07:08:56.557, 2, 0 %, 0 %, 35270 MiB, 37.59 W
2026/09/20 07:09:01.558, 0, 0 %, 0 %, 35270 MiB, 39.60 W
2026/09/20 07:09:01.558, 1, 0 %, 0 %, 35270 MiB, 39.27 W
2026/09/20 07:09:01.558, 2, 0 %, 0 %, 35270 MiB, 37.70 W
2026/09/20 07:09:06.558, 0, 0 %, 0 %, 35270 MiB, 39.89 W
2026/09/20 07:09:06.558, 1, 0 %, 0 %, 35270 MiB, 39.27 W
2026/09/20 07:09:06.558, 2, 0 %, 0 %, 35270 MiB, 37.69 W
2026/09/20 07:09:11.559, 0, 0 %, 0 %, 35270 MiB, 39.60 W
2026/09/20 07:09:11.559, 1, 0 %, 0 %, 35270 MiB, 39.17 W
2026/09/20 07:09:11.559, 2, 0 %, 0 %, 35270 MiB, 37.59 W
2026/09/20 07:09:16.559, 0, 0 %, 0 %, 35270 MiB, 39.80 W
2026/09/20 07:09:16.560, 1, 0 %, 0 %, 35270 MiB, 39.17 W
2026/09/20 07:09:16.560, 2, 0 %, 0 %, 35270 MiB, 37.70 W
2026/09/20 07:09:21.560, 0, 0 %, 0 %, 35270 MiB, 39.71 W
2026/09/20 07:09:21.560, 1, 0 %, 0 %, 35270 MiB, 39.37 W
2026/09/20 07:09:21.560, 2, 0 %, 0 %, 35270 MiB, 37.80 W
2026/09/20 07:09:26.560, 0, 0 %, 0 %, 35270 MiB, 39.46 W
2026/09/20 07:09:26.561, 1, 0 %, 0 %, 35270 MiB, 39.23 W
2026/09/20 07:09:26.561, 2, 0 %, 0 %, 35270 MiB, 37.77 W
2026/09/20 07:09:31.561, 0, 0 %, 0 %, 35270 MiB, 39.45 W
2026/09/20 07:09:31.562, 1, 0 %, 0 %, 35270 MiB, 39.12 W
2026/09/20 07:09:31.562, 2, 0 %, 0 %, 35270 MiB, 37.66 W
2026/09/20 07:09:36.562, 0, 0 %, 0 %, 35270 MiB, 39.47 W
2026/09/20 07:09:36.563, 1, 0 %, 0 %, 35270 MiB, 39.05 W
2026/09/20 07:09:36.563, 2, 0 %, 0 %, 35270 MiB, 37.56 W
2026/09/20 07:09:41.563, 0, 0 %, 0 %, 35270 MiB, 39.26 W
2026/09/20 07:09:41.564, 1, 0 %, 0 %, 35270 MiB, 39.03 W
2026/09/20 07:09:41.564, 2, 0 %, 0 %, 35270 MiB, 37.45 W
2026/09/20 07:09:46.565, 0, 0 %, 0 %, 35270 MiB, 39.28 W
2026/09/20 07:09:46.566, 1, 0 %, 0 %, 35270 MiB, 38.95 W
2026/09/20 07:09:46.566, 2, 0 %, 0 %, 35270 MiB, 37.26 W
2026/09/20 07:09:51.566, 0, 0 %, 0 %, 35270 MiB, 39.19 W
2026/09/20 07:09:51.567, 1, 0 %, 0 %, 35270 MiB, 38.97 W
2026/09/20 07:09:51.567, 2, 0 %, 0 %, 35270 MiB, 37.37 W
2026/09/20 07:09:56.568, 0, 0 %, 0 %, 35270 MiB, 39.28 W
2026/09/20 07:09:56.568, 1, 0 %, 0 %, 35270 MiB, 39.15 W
2026/09/20 07:09:56.569, 2, 0 %, 0 %, 35270 MiB, 37.26 W
2026/09/20 07:10:01.569, 0, 0 %, 0 %, 35270 MiB, 39.28 W
2026/09/20 07:10:01.570, 1, 0 %, 0 %, 35270 MiB, 39.05 W
2026/09/20 07:10:01.570, 2, 0 %, 0 %, 35270 MiB, 37.36 W
2026/09/20 07:10:06.571, 0, 0 %, 0 %, 35270 MiB, 39.17 W
2026/09/20 07:10:06.571, 1, 0 %, 0 %, 35270 MiB, 39.05 W
2026/09/20 07:10:06.572, 2, 0 %, 0 %, 35270 MiB, 37.24 W
2026/09/20 07:10:11.573, 0, 0 %, 0 %, 35270 MiB, 39.26 W
2026/09/20 07:10:11.573, 1, 0 %, 0 %, 35270 MiB, 38.83 W
2026/09/20 07:10:11.574, 2, 0 %, 0 %, 35270 MiB, 37.25 W
2026/09/20 07:10:16.575, 0, 0 %, 0 %, 35270 MiB, 39.38 W
2026/09/20 07:10:16.575, 1, 0 %, 0 %, 35270 MiB, 39.05 W
2026/09/20 07:10:16.575, 2, 0 %, 0 %, 35270 MiB, 37.46 W
2026/09/20 07:10:21.577, 0, 0 %, 0 %, 35270 MiB, 39.36 W
2026/09/20 07:10:21.577, 1, 0 %, 0 %, 35270 MiB, 38.74 W
2026/09/20 07:10:21.577, 2, 0 %, 0 %, 35270 MiB, 37.35 W
2026/09/20 07:10:26.579, 0, 0 %, 0 %, 35270 MiB, 39.26 W
2026/09/20 07:10:26.579, 1, 0 %, 0 %, 35270 MiB, 38.84 W
2026/09/20 07:10:26.579, 2, 0 %, 0 %, 35270 MiB, 37.36 W
2026/09/20 07:10:31.581, 0, 0 %, 0 %, 35270 MiB, 39.36 W
2026/09/20 07:10:31.581, 1, 0 %, 0 %, 35270 MiB, 39.12 W
2026/09/20 07:10:31.581, 2, 0 %, 0 %, 35270 MiB, 37.35 W
2026/09/20 07:10:36.582, 0, 0 %, 0 %, 35270 MiB, 39.07 W
2026/09/20 07:10:36.583, 1, 0 %, 0 %, 35270 MiB, 38.74 W
2026/09/20 07:10:36.583, 2, 0 %, 0 %, 35270 MiB, 37.44 W
2026/09/20 07:10:41.584, 0, 0 %, 0 %, 35270 MiB, 39.08 W
2026/09/20 07:10:41.584, 1, 0 %, 0 %, 35270 MiB, 38.85 W
2026/09/20 07:10:41.584, 2, 0 %, 0 %, 35270 MiB, 37.44 W
2026/09/20 07:10:46.586, 0, 0 %, 0 %, 35270 MiB, 39.09 W
2026/09/20 07:10:46.586, 1, 0 %, 0 %, 35270 MiB, 38.85 W
2026/09/20 07:10:46.586, 2, 0 %, 0 %, 35270 MiB, 37.26 W
2026/09/20 07:10:51.588, 0, 0 %, 0 %, 35270 MiB, 39.17 W
2026/09/20 07:10:51.588, 1, 0 %, 0 %, 35270 MiB, 38.95 W
2026/09/20 07:10:51.588, 2, 0 %, 0 %, 35270 MiB, 37.25 W
2026/09/20 07:10:56.588, 0, 0 %, 0 %, 35270 MiB, 39.19 W
2026/09/20 07:10:56.589, 1, 0 %, 0 %, 35270 MiB, 38.85 W
2026/09/20 07:10:56.589, 2, 0 %, 0 %, 35270 MiB, 37.27 W
2026/09/20 07:11:01.590, 0, 0 %, 0 %, 35270 MiB, 39.18 W
2026/09/20 07:11:01.590, 1, 0 %, 0 %, 35270 MiB, 38.85 W
2026/09/20 07:11:01.591, 2, 0 %, 0 %, 35270 MiB, 37.16 W
2026/09/20 07:11:06.591, 0, 0 %, 0 %, 35270 MiB, 39.17 W
2026/09/20 07:11:06.592, 1, 0 %, 0 %, 35270 MiB, 38.94 W
2026/09/20 07:11:06.592, 2, 0 %, 0 %, 35270 MiB, 37.25 W
2026/09/20 07:11:11.593, 0, 0 %, 0 %, 35270 MiB, 39.28 W
2026/09/20 07:11:11.593, 1, 0 %, 0 %, 35270 MiB, 38.95 W
2026/09/20 07:11:11.594, 2, 0 %, 0 %, 35270 MiB, 37.47 W
2026/09/20 07:11:16.594, 0, 0 %, 0 %, 35270 MiB, 39.18 W
2026/09/20 07:11:16.595, 1, 0 %, 0 %, 35270 MiB, 38.85 W
2026/09/20 07:11:16.595, 2, 0 %, 0 %, 35270 MiB, 37.26 W
2026/09/20 07:11:21.596, 0, 0 %, 0 %, 35270 MiB, 39.18 W
2026/09/20 07:11:21.596, 1, 0 %, 0 %, 35270 MiB, 38.75 W
2026/09/20 07:11:21.597, 2, 0 %, 0 %, 35270 MiB, 37.25 W
2026/09/20 07:11:26.598, 0, 0 %, 0 %, 35270 MiB, 39.31 W
2026/09/20 07:11:26.598, 1, 0 %, 0 %, 35270 MiB, 39.06 W
2026/09/20 07:11:26.599, 2, 0 %, 0 %, 35270 MiB, 37.28 W
2026/09/20 07:11:31.599, 0, 5 %, 0 %, 35270 MiB, 39.31 W
2026/09/20 07:11:31.599, 1, 0 %, 0 %, 35270 MiB, 38.88 W
2026/09/20 07:11:31.599, 2, 0 %, 0 %, 35270 MiB, 37.59 W
2026/09/20 07:11:36.600, 0, 0 %, 0 %, 35270 MiB, 39.22 W
2026/09/20 07:11:36.600, 1, 0 %, 0 %, 35270 MiB, 38.88 W
2026/09/20 07:11:36.600, 2, 0 %, 0 %, 35270 MiB, 37.39 W
2026/09/20 07:11:41.600, 0, 0 %, 0 %, 35270 MiB, 39.22 W
2026/09/20 07:11:41.601, 1, 0 %, 0 %, 35270 MiB, 38.89 W
2026/09/20 07:11:41.601, 2, 0 %, 0 %, 35270 MiB, 37.49 W
2026/09/20 07:11:46.601, 0, 0 %, 0 %, 35270 MiB, 39.41 W
2026/09/20 07:11:46.602, 1, 0 %, 0 %, 35270 MiB, 38.97 W
2026/09/20 07:11:46.602, 2, 0 %, 0 %, 35270 MiB, 37.49 W
2026/09/20 07:11:51.602, 0, 0 %, 0 %, 35270 MiB, 39.22 W
2026/09/20 07:11:51.602, 1, 0 %, 0 %, 35270 MiB, 38.99 W
2026/09/20 07:11:51.603, 2, 0 %, 0 %, 35270 MiB, 37.31 W
2026/09/20 07:11:56.603, 0, 0 %, 0 %, 35270 MiB, 39.12 W
2026/09/20 07:11:56.603, 1, 0 %, 0 %, 35270 MiB, 38.88 W
2026/09/20 07:11:56.603, 2, 0 %, 0 %, 35270 MiB, 37.39 W
2026/09/20 07:12:01.604, 0, 100 %, 7 %, 35270 MiB, 92.26 W
2026/09/20 07:12:01.604, 1, 100 %, 6 %, 35270 MiB, 87.28 W
2026/09/20 07:12:01.604, 2, 100 %, 7 %, 35270 MiB, 88.15 W
2026/09/20 07:12:06.605, 0, 99 %, 10 %, 35270 MiB, 92.82 W
2026/09/20 07:12:06.605, 1, 100 %, 7 %, 35270 MiB, 91.96 W
2026/09/20 07:12:06.605, 2, 100 %, 7 %, 35270 MiB, 90.92 W
2026/09/20 07:12:11.606, 0, 100 %, 11 %, 35270 MiB, 134.50 W
2026/09/20 07:12:11.606, 1, 100 %, 13 %, 35270 MiB, 104.64 W
2026/09/20 07:12:11.606, 2, 100 %, 7 %, 35270 MiB, 89.85 W
2026/09/20 07:12:16.606, 0, 100 %, 6 %, 35270 MiB, 92.36 W
2026/09/20 07:12:16.607, 1, 100 %, 15 %, 35270 MiB, 94.45 W
2026/09/20 07:12:16.607, 2, 100 %, 14 %, 35270 MiB, 97.98 W
2026/09/20 07:12:21.607, 0, 100 %, 7 %, 35270 MiB, 95.48 W
2026/09/20 07:12:21.607, 1, 99 %, 10 %, 35270 MiB, 119.37 W
2026/09/20 07:12:21.607, 2, 100 %, 14 %, 35270 MiB, 89.75 W
2026/09/20 07:12:26.608, 0, 100 %, 7 %, 35270 MiB, 91.24 W
2026/09/20 07:12:26.608, 1, 100 %, 14 %, 35270 MiB, 92.47 W
2026/09/20 07:12:26.608, 2, 100 %, 7 %, 35270 MiB, 86.98 W
2026/09/20 07:12:31.608, 0, 100 %, 6 %, 35270 MiB, 95.13 W
2026/09/20 07:12:31.609, 1, 100 %, 6 %, 35270 MiB, 96.54 W
2026/09/20 07:12:31.609, 2, 100 %, 7 %, 35270 MiB, 89.97 W
2026/09/20 07:12:36.609, 0, 100 %, 6 %, 35270 MiB, 93.64 W
2026/09/20 07:12:36.609, 1, 100 %, 7 %, 35270 MiB, 96.37 W
2026/09/20 07:12:36.609, 2, 100 %, 7 %, 35270 MiB, 88.69 W
2026/09/20 07:12:41.610, 0, 100 %, 7 %, 35270 MiB, 155.96 W
2026/09/20 07:12:41.610, 1, 100 %, 7 %, 35270 MiB, 95.92 W
2026/09/20 07:12:41.610, 2, 100 %, 11 %, 35270 MiB, 91.14 W
2026/09/20 07:12:46.610, 0, 100 %, 7 %, 35270 MiB, 93.00 W
2026/09/20 07:12:46.610, 1, 0 %, 0 %, 35270 MiB, 63.57 W
2026/09/20 07:12:46.610, 2, 100 %, 6 %, 35270 MiB, 62.93 W
2026/09/20 07:12:51.612, 0, 0 %, 0 %, 35270 MiB, 41.25 W
2026/09/20 07:12:51.612, 1, 0 %, 0 %, 35270 MiB, 40.24 W
2026/09/20 07:12:51.612, 2, 0 %, 0 %, 35270 MiB, 39.35 W
2026/09/20 07:12:56.614, 0, 0 %, 0 %, 35270 MiB, 41.14 W
2026/09/20 07:12:56.614, 1, 0 %, 0 %, 35270 MiB, 40.12 W
2026/09/20 07:12:56.615, 2, 0 %, 0 %, 35270 MiB, 39.23 W
2026/09/20 07:13:01.616, 0, 0 %, 0 %, 35270 MiB, 41.14 W
2026/09/20 07:13:01.616, 1, 0 %, 0 %, 35270 MiB, 40.42 W
2026/09/20 07:13:01.616, 2, 0 %, 0 %, 35270 MiB, 38.84 W
2026/09/20 07:13:06.618, 0, 0 %, 0 %, 35270 MiB, 40.77 W
2026/09/20 07:13:06.618, 1, 0 %, 0 %, 35270 MiB, 39.63 W
2026/09/20 07:13:06.619, 2, 0 %, 0 %, 35270 MiB, 38.86 W
2026/09/20 07:13:11.620, 0, 0 %, 0 %, 35270 MiB, 40.65 W
2026/09/20 07:13:11.620, 1, 0 %, 0 %, 35270 MiB, 39.51 W
2026/09/20 07:13:11.620, 2, 0 %, 0 %, 35270 MiB, 38.55 W
2026/09/20 07:13:16.621, 0, 0 %, 0 %, 35270 MiB, 40.45 W
2026/09/20 07:13:16.622, 1, 0 %, 0 %, 35270 MiB, 39.63 W
2026/09/20 07:13:16.622, 2, 0 %, 0 %, 35270 MiB, 38.36 W
2026/09/20 07:13:21.623, 0, 0 %, 0 %, 35270 MiB, 40.45 W
2026/09/20 07:13:21.623, 1, 0 %, 0 %, 35270 MiB, 39.51 W
2026/09/20 07:13:21.623, 2, 0 %, 0 %, 35270 MiB, 38.26 W
2026/09/20 07:13:26.624, 0, 0 %, 0 %, 35270 MiB, 40.35 W
2026/09/20 07:13:26.624, 1, 0 %, 0 %, 35270 MiB, 39.31 W
2026/09/20 07:13:26.625, 2, 0 %, 0 %, 35270 MiB, 38.55 W
2026/09/20 07:13:31.626, 0, 0 %, 0 %, 35270 MiB, 40.29 W
2026/09/20 07:13:31.626, 1, 0 %, 0 %, 35270 MiB, 39.06 W
2026/09/20 07:13:31.627, 2, 0 %, 0 %, 35270 MiB, 38.28 W
2026/09/20 07:13:36.628, 0, 0 %, 0 %, 35270 MiB, 40.27 W
2026/09/20 07:13:36.628, 1, 0 %, 0 %, 35270 MiB, 39.24 W
2026/09/20 07:13:36.629, 2, 0 %, 0 %, 35270 MiB, 38.26 W
2026/09/20 07:13:41.630, 0, 0 %, 0 %, 35270 MiB, 40.37 W
2026/09/20 07:13:41.630, 1, 0 %, 0 %, 35270 MiB, 39.05 W
2026/09/20 07:13:41.630, 2, 0 %, 0 %, 35270 MiB, 38.26 W
2026/09/20 07:13:46.631, 0, 0 %, 0 %, 35270 MiB, 40.28 W
2026/09/20 07:13:46.632, 1, 0 %, 0 %, 35270 MiB, 39.45 W
2026/09/20 07:13:46.632, 2, 0 %, 0 %, 35270 MiB, 38.37 W
2026/09/20 07:13:51.633, 0, 0 %, 0 %, 35270 MiB, 40.06 W
2026/09/20 07:13:51.633, 1, 0 %, 0 %, 35270 MiB, 39.27 W
2026/09/20 07:13:51.633, 2, 0 %, 0 %, 35270 MiB, 38.36 W
2026/09/20 07:13:56.635, 0, 0 %, 0 %, 35270 MiB, 40.28 W
2026/09/20 07:13:56.635, 1, 0 %, 0 %, 35270 MiB, 39.74 W
2026/09/20 07:13:56.635, 2, 0 %, 0 %, 35270 MiB, 38.36 W
2026/09/20 07:14:01.637, 0, 0 %, 0 %, 35270 MiB, 40.16 W
2026/09/20 07:14:01.637, 1, 0 %, 0 %, 35270 MiB, 39.63 W
2026/09/20 07:14:01.637, 2, 0 %, 0 %, 35270 MiB, 38.46 W
2026/09/20 07:14:06.638, 0, 0 %, 0 %, 35270 MiB, 40.09 W
2026/09/20 07:14:06.638, 1, 0 %, 0 %, 35270 MiB, 39.77 W
2026/09/20 07:14:06.638, 2, 0 %, 0 %, 35270 MiB, 38.09 W
2026/09/20 07:14:11.639, 0, 0 %, 0 %, 35270 MiB, 40.11 W
2026/09/20 07:14:11.640, 1, 0 %, 0 %, 35270 MiB, 39.79 W
2026/09/20 07:14:11.640, 2, 0 %, 0 %, 35270 MiB, 38.02 W
2026/09/20 07:14:16.640, 0, 0 %, 0 %, 35270 MiB, 40.17 W
2026/09/20 07:14:16.641, 1, 0 %, 0 %, 35270 MiB, 39.66 W
2026/09/20 07:14:16.641, 2, 0 %, 0 %, 35270 MiB, 38.09 W
2026/09/20 07:14:21.642, 0, 0 %, 0 %, 35270 MiB, 39.94 W
2026/09/20 07:14:21.642, 1, 0 %, 0 %, 35270 MiB, 39.61 W
2026/09/20 07:14:21.643, 2, 0 %, 0 %, 35270 MiB, 38.14 W
2026/09/20 07:14:26.652, 0, 0 %, 0 %, 35270 MiB, 39.74 W
2026/09/20 07:14:26.653, 1, 0 %, 0 %, 35270 MiB, 39.72 W
2026/09/20 07:14:26.653, 2, 0 %, 0 %, 35270 MiB, 37.94 W
2026/09/20 07:14:31.654, 0, 0 %, 0 %, 35270 MiB, 39.75 W
2026/09/20 07:14:31.655, 1, 0 %, 0 %, 35270 MiB, 39.41 W
2026/09/20 07:14:31.655, 2, 0 %, 0 %, 35270 MiB, 37.77 W
2026/09/20 07:14:36.656, 0, 0 %, 0 %, 35270 MiB, 39.67 W
2026/09/20 07:14:36.657, 1, 0 %, 0 %, 35270 MiB, 39.33 W
2026/09/20 07:14:36.657, 2, 0 %, 0 %, 35270 MiB, 37.75 W
2026/09/20 07:14:41.657, 0, 0 %, 0 %, 35270 MiB, 39.67 W
2026/09/20 07:14:41.658, 1, 0 %, 0 %, 35270 MiB, 39.15 W
2026/09/20 07:14:41.658, 2, 0 %, 0 %, 35270 MiB, 37.87 W
2026/09/20 07:14:46.659, 0, 0 %, 0 %, 35270 MiB, 39.65 W
2026/09/20 07:14:46.659, 1, 0 %, 0 %, 35270 MiB, 39.22 W
2026/09/20 07:14:46.660, 2, 0 %, 0 %, 35270 MiB, 37.65 W
2026/09/20 07:14:51.661, 0, 0 %, 0 %, 35270 MiB, 39.65 W
2026/09/20 07:14:51.662, 1, 0 %, 0 %, 35270 MiB, 39.02 W
2026/09/20 07:14:51.662, 2, 0 %, 0 %, 35270 MiB, 37.54 W
2026/09/20 07:14:56.662, 0, 0 %, 0 %, 35270 MiB, 39.70 W
2026/09/20 07:14:56.663, 1, 0 %, 0 %, 35270 MiB, 39.07 W
2026/09/20 07:14:56.663, 2, 0 %, 0 %, 35270 MiB, 37.90 W
2026/09/20 07:15:01.664, 0, 0 %, 0 %, 35270 MiB, 39.45 W
2026/09/20 07:15:01.664, 1, 0 %, 0 %, 35270 MiB, 39.22 W
2026/09/20 07:15:01.664, 2, 0 %, 0 %, 35270 MiB, 37.65 W
2026/09/20 07:15:06.667, 0, 0 %, 0 %, 35270 MiB, 39.36 W
2026/09/20 07:15:06.668, 1, 0 %, 0 %, 35270 MiB, 39.14 W
2026/09/20 07:15:06.668, 2, 0 %, 0 %, 35270 MiB, 37.67 W
2026/09/20 07:15:11.668, 0, 0 %, 0 %, 35270 MiB, 39.58 W
2026/09/20 07:15:11.669, 1, 0 %, 0 %, 35270 MiB, 38.95 W
2026/09/20 07:15:11.669, 2, 0 %, 0 %, 35270 MiB, 37.69 W
2026/09/20 07:15:16.670, 0, 0 %, 0 %, 35270 MiB, 39.35 W
2026/09/20 07:15:16.671, 1, 0 %, 0 %, 35270 MiB, 39.02 W
2026/09/20 07:15:16.671, 2, 0 %, 0 %, 35270 MiB, 37.53 W
2026/09/20 07:15:21.672, 0, 0 %, 0 %, 35270 MiB, 39.36 W
2026/09/20 07:15:21.672, 1, 0 %, 0 %, 35270 MiB, 39.22 W
2026/09/20 07:15:21.672, 2, 0 %, 0 %, 35270 MiB, 37.47 W
2026/09/20 07:15:26.673, 0, 0 %, 0 %, 35270 MiB, 39.35 W
2026/09/20 07:15:26.674, 1, 0 %, 0 %, 35270 MiB, 39.02 W
2026/09/20 07:15:26.674, 2, 0 %, 0 %, 35270 MiB, 37.35 W
2026/09/20 07:15:31.675, 0, 0 %, 0 %, 35270 MiB, 39.47 W
2026/09/20 07:15:31.676, 1, 0 %, 0 %, 35270 MiB, 39.05 W
2026/09/20 07:15:31.676, 2, 0 %, 0 %, 35270 MiB, 37.37 W
2026/09/20 07:15:36.677, 0, 0 %, 0 %, 35270 MiB, 39.44 W
2026/09/20 07:15:36.677, 1, 0 %, 0 %, 35270 MiB, 39.02 W
2026/09/20 07:15:36.677, 2, 0 %, 0 %, 35270 MiB, 37.63 W
2026/09/20 07:15:41.679, 0, 0 %, 0 %, 35270 MiB, 39.38 W
2026/09/20 07:15:41.680, 1, 0 %, 0 %, 35270 MiB, 39.04 W
2026/09/20 07:15:41.680, 2, 0 %, 0 %, 35270 MiB, 37.46 W
2026/09/20 07:15:46.680, 0, 0 %, 0 %, 35270 MiB, 39.49 W
2026/09/20 07:15:46.681, 1, 0 %, 0 %, 35270 MiB, 38.95 W
2026/09/20 07:15:46.681, 2, 0 %, 0 %, 35270 MiB, 37.48 W
2026/09/20 07:15:51.682, 0, 0 %, 0 %, 35270 MiB, 39.39 W
2026/09/20 07:15:51.682, 1, 0 %, 0 %, 35270 MiB, 38.84 W
2026/09/20 07:15:51.682, 2, 0 %, 0 %, 35270 MiB, 37.77 W
2026/09/20 07:15:56.684, 0, 0 %, 0 %, 35270 MiB, 39.39 W
2026/09/20 07:15:56.684, 1, 0 %, 0 %, 35270 MiB, 38.85 W
2026/09/20 07:15:56.684, 2, 0 %, 0 %, 35270 MiB, 37.58 W
2026/09/20 07:16:01.685, 0, 0 %, 0 %, 35270 MiB, 39.36 W
2026/09/20 07:16:01.686, 1, 0 %, 0 %, 35270 MiB, 38.73 W
2026/09/20 07:16:01.686, 2, 0 %, 0 %, 35270 MiB, 37.56 W
2026/09/20 07:16:06.686, 0, 0 %, 0 %, 35270 MiB, 39.35 W
2026/09/20 07:16:06.687, 1, 0 %, 0 %, 35270 MiB, 38.83 W
2026/09/20 07:16:06.687, 2, 0 %, 0 %, 35270 MiB, 37.44 W
2026/09/20 07:16:11.688, 0, 0 %, 0 %, 35270 MiB, 39.34 W
2026/09/20 07:16:11.689, 1, 0 %, 0 %, 35270 MiB, 38.83 W
2026/09/20 07:16:11.689, 2, 0 %, 0 %, 35270 MiB, 37.75 W
2026/09/20 07:16:16.690, 0, 0 %, 0 %, 35270 MiB, 39.25 W
2026/09/20 07:16:16.690, 1, 0 %, 0 %, 35270 MiB, 38.83 W
2026/09/20 07:16:16.691, 2, 0 %, 0 %, 35270 MiB, 37.54 W
2026/09/20 07:16:21.692, 0, 0 %, 0 %, 35270 MiB, 39.16 W
2026/09/20 07:16:21.692, 1, 0 %, 0 %, 35270 MiB, 38.83 W
2026/09/20 07:16:21.693, 2, 0 %, 0 %, 35270 MiB, 37.34 W
2026/09/20 07:16:26.694, 0, 0 %, 0 %, 35270 MiB, 39.16 W
2026/09/20 07:16:26.695, 1, 0 %, 0 %, 35270 MiB, 38.73 W
2026/09/20 07:16:26.695, 2, 0 %, 0 %, 35270 MiB, 37.24 W
2026/09/20 07:16:31.696, 0, 0 %, 0 %, 35270 MiB, 39.17 W
2026/09/20 07:16:31.697, 1, 0 %, 0 %, 35270 MiB, 38.92 W
2026/09/20 07:16:31.697, 2, 0 %, 0 %, 35270 MiB, 37.36 W
2026/09/20 07:16:36.698, 0, 0 %, 0 %, 35270 MiB, 39.19 W
2026/09/20 07:16:36.698, 1, 0 %, 0 %, 35270 MiB, 38.76 W
2026/09/20 07:16:36.699, 2, 0 %, 0 %, 35270 MiB, 37.26 W
2026/09/20 07:16:41.700, 0, 0 %, 0 %, 35270 MiB, 39.18 W
2026/09/20 07:16:41.700, 1, 0 %, 0 %, 35270 MiB, 38.85 W
2026/09/20 07:16:41.700, 2, 0 %, 0 %, 35270 MiB, 37.25 W
2026/09/20 07:16:46.702, 0, 0 %, 0 %, 35270 MiB, 39.14 W
2026/09/20 07:16:46.702, 1, 0 %, 0 %, 35270 MiB, 39.02 W
2026/09/20 07:16:46.702, 2, 0 %, 0 %, 35270 MiB, 37.34 W
2026/09/20 07:16:51.704, 0, 0 %, 0 %, 35270 MiB, 39.28 W
2026/09/20 07:16:51.704, 1, 0 %, 0 %, 35270 MiB, 38.84 W
2026/09/20 07:16:51.705, 2, 0 %, 0 %, 35270 MiB, 37.44 W
2026/09/20 07:16:56.706, 0, 0 %, 0 %, 35270 MiB, 39.27 W
2026/09/20 07:16:56.706, 1, 0 %, 0 %, 35270 MiB, 38.64 W
2026/09/20 07:16:56.706, 2, 0 %, 0 %, 35270 MiB, 37.36 W
2026/09/20 07:17:01.708, 0, 0 %, 0 %, 35270 MiB, 39.56 W
2026/09/20 07:17:01.708, 1, 0 %, 0 %, 35270 MiB, 38.63 W
2026/09/20 07:17:01.708, 2, 0 %, 0 %, 35270 MiB, 37.36 W
2026/09/20 07:17:06.710, 0, 0 %, 0 %, 35270 MiB, 39.34 W
2026/09/20 07:17:06.711, 1, 0 %, 0 %, 35270 MiB, 38.73 W
2026/09/20 07:17:06.711, 2, 0 %, 0 %, 35270 MiB, 37.44 W
2026/09/20 07:17:11.712, 0, 0 %, 0 %, 35270 MiB, 39.25 W
2026/09/20 07:17:11.713, 1, 0 %, 0 %, 35270 MiB, 38.73 W
2026/09/20 07:17:11.713, 2, 0 %, 0 %, 35270 MiB, 37.44 W
2026/09/20 07:17:16.714, 0, 0 %, 0 %, 35270 MiB, 39.16 W
2026/09/20 07:17:16.714, 1, 0 %, 0 %, 35270 MiB, 38.73 W
2026/09/20 07:17:16.715, 2, 0 %, 0 %, 35270 MiB, 37.64 W
2026/09/20 07:17:21.716, 0, 0 %, 0 %, 35270 MiB, 39.25 W
2026/09/20 07:17:21.717, 1, 0 %, 0 %, 35270 MiB, 38.83 W
2026/09/20 07:17:21.717, 2, 0 %, 0 %, 35270 MiB, 37.54 W
2026/09/20 07:17:26.718, 0, 0 %, 0 %, 35270 MiB, 39.09 W
2026/09/20 07:17:26.719, 1, 0 %, 0 %, 35270 MiB, 38.65 W
2026/09/20 07:17:26.719, 2, 0 %, 0 %, 35270 MiB, 37.48 W
2026/09/20 07:17:31.720, 0, 0 %, 0 %, 35270 MiB, 39.08 W
2026/09/20 07:17:31.720, 1, 0 %, 0 %, 35270 MiB, 38.64 W
2026/09/20 07:17:31.720, 2, 0 %, 0 %, 35270 MiB, 37.35 W
2026/09/20 07:17:36.721, 0, 0 %, 0 %, 35270 MiB, 39.06 W
2026/09/20 07:17:36.722, 1, 0 %, 0 %, 35270 MiB, 38.63 W
2026/09/20 07:17:36.722, 2, 0 %, 0 %, 35270 MiB, 37.14 W
2026/09/20 07:17:41.722, 0, 0 %, 0 %, 35270 MiB, 39.07 W
2026/09/20 07:17:41.723, 1, 0 %, 0 %, 35270 MiB, 38.63 W
2026/09/20 07:17:41.723, 2, 0 %, 0 %, 35270 MiB, 37.24 W
2026/09/20 07:17:46.724, 0, 0 %, 0 %, 35270 MiB, 39.07 W
2026/09/20 07:17:46.725, 1, 0 %, 0 %, 35270 MiB, 38.63 W
2026/09/20 07:17:46.725, 2, 0 %, 0 %, 35270 MiB, 37.36 W
2026/09/20 07:17:51.725, 0, 0 %, 0 %, 35270 MiB, 39.02 W
2026/09/20 07:17:51.726, 1, 0 %, 0 %, 35270 MiB, 38.68 W
2026/09/20 07:17:51.726, 2, 0 %, 0 %, 35270 MiB, 37.18 W
2026/09/20 07:17:56.726, 0, 0 %, 0 %, 35270 MiB, 39.08 W
2026/09/20 07:17:56.727, 1, 0 %, 0 %, 35270 MiB, 38.83 W
2026/09/20 07:17:56.727, 2, 0 %, 0 %, 35270 MiB, 37.24 W
2026/09/20 07:18:01.728, 0, 0 %, 0 %, 35270 MiB, 39.05 W
2026/09/20 07:18:01.728, 1, 0 %, 0 %, 35270 MiB, 38.44 W
2026/09/20 07:18:01.728, 2, 0 %, 0 %, 35270 MiB, 37.44 W
2026/09/20 07:18:06.730, 0, 0 %, 0 %, 35270 MiB, 39.16 W
2026/09/20 07:18:06.731, 1, 0 %, 0 %, 35270 MiB, 38.53 W
2026/09/20 07:18:06.731, 2, 0 %, 0 %, 35270 MiB, 37.44 W
2026/09/20 07:18:11.732, 0, 0 %, 0 %, 35270 MiB, 39.25 W
2026/09/20 07:18:11.732, 1, 0 %, 0 %, 35270 MiB, 38.53 W
2026/09/20 07:18:11.733, 2, 0 %, 0 %, 35270 MiB, 37.35 W
2026/09/20 07:18:16.733, 0, 0 %, 0 %, 35270 MiB, 39.36 W
2026/09/20 07:18:16.734, 1, 0 %, 0 %, 35270 MiB, 38.64 W
2026/09/20 07:18:16.734, 2, 0 %, 0 %, 35270 MiB, 37.36 W
2026/09/20 07:18:21.734, 0, 0 %, 0 %, 35270 MiB, 39.06 W
2026/09/20 07:18:21.735, 1, 0 %, 0 %, 35270 MiB, 38.44 W
2026/09/20 07:18:21.735, 2, 0 %, 0 %, 35270 MiB, 37.44 W
2026/09/20 07:18:26.736, 0, 0 %, 0 %, 35270 MiB, 39.06 W
2026/09/20 07:18:26.736, 1, 0 %, 0 %, 35270 MiB, 38.63 W
2026/09/20 07:18:26.737, 2, 0 %, 0 %, 35270 MiB, 37.55 W
2026/09/20 07:18:31.738, 0, 0 %, 0 %, 35270 MiB, 39.06 W
2026/09/20 07:18:31.738, 1, 0 %, 0 %, 35270 MiB, 38.53 W
2026/09/20 07:18:31.738, 2, 0 %, 0 %, 35270 MiB, 37.54 W
2026/09/20 07:18:36.740, 0, 0 %, 0 %, 35270 MiB, 39.17 W
2026/09/20 07:18:36.740, 1, 0 %, 0 %, 35270 MiB, 38.64 W
2026/09/20 07:18:36.741, 2, 0 %, 0 %, 35270 MiB, 37.25 W
2026/09/20 07:18:41.742, 0, 0 %, 0 %, 35270 MiB, 38.99 W
2026/09/20 07:18:41.743, 1, 0 %, 0 %, 35270 MiB, 38.56 W
2026/09/20 07:18:41.743, 2, 0 %, 0 %, 35270 MiB, 37.24 W
2026/09/20 07:18:46.743, 0, 0 %, 0 %, 35270 MiB, 39.08 W
2026/09/20 07:18:46.744, 1, 0 %, 0 %, 35270 MiB, 38.65 W
2026/09/20 07:18:46.744, 2, 0 %, 0 %, 35270 MiB, 37.35 W
2026/09/20 07:18:51.745, 0, 0 %, 0 %, 35270 MiB, 39.06 W
2026/09/20 07:18:51.745, 1, 0 %, 0 %, 35270 MiB, 38.63 W
2026/09/20 07:18:51.745, 2, 0 %, 0 %, 35270 MiB, 37.24 W
2026/09/20 07:18:56.747, 0, 0 %, 0 %, 35270 MiB, 39.17 W
2026/09/20 07:18:56.748, 1, 0 %, 0 %, 35270 MiB, 38.63 W
2026/09/20 07:18:56.748, 2, 0 %, 0 %, 35270 MiB, 37.14 W
2026/09/20 07:19:01.749, 0, 0 %, 0 %, 35270 MiB, 39.11 W
2026/09/20 07:19:01.749, 1, 0 %, 0 %, 35270 MiB, 38.49 W
2026/09/20 07:19:01.750, 2, 0 %, 0 %, 35270 MiB, 37.26 W
2026/09/20 07:19:06.751, 0, 0 %, 0 %, 35270 MiB, 39.09 W
2026/09/20 07:19:06.751, 1, 0 %, 0 %, 35270 MiB, 38.36 W
2026/09/20 07:19:06.751, 2, 0 %, 0 %, 35270 MiB, 37.26 W
2026/09/20 07:19:11.753, 0, 0 %, 0 %, 35270 MiB, 39.35 W
2026/09/20 07:19:11.754, 1, 0 %, 0 %, 35270 MiB, 38.63 W
2026/09/20 07:19:11.754, 2, 0 %, 0 %, 35270 MiB, 37.44 W
2026/09/20 07:19:16.755, 0, 0 %, 0 %, 35270 MiB, 39.16 W
2026/09/20 07:19:16.756, 1, 0 %, 0 %, 35270 MiB, 38.44 W
2026/09/20 07:19:16.756, 2, 0 %, 0 %, 35270 MiB, 37.35 W
2026/09/20 07:19:21.757, 0, 0 %, 0 %, 35270 MiB, 39.09 W
2026/09/20 07:19:21.757, 1, 0 %, 0 %, 35270 MiB, 38.49 W
2026/09/20 07:19:21.758, 2, 0 %, 0 %, 35270 MiB, 37.59 W
2026/09/20 07:19:26.759, 0, 0 %, 0 %, 35270 MiB, 39.08 W
2026/09/20 07:19:26.759, 1, 0 %, 0 %, 35270 MiB, 38.46 W
2026/09/20 07:19:26.760, 2, 0 %, 0 %, 35270 MiB, 37.37 W
2026/09/20 07:19:31.761, 0, 0 %, 0 %, 35270 MiB, 39.07 W
2026/09/20 07:19:31.761, 1, 0 %, 0 %, 35270 MiB, 38.44 W
2026/09/20 07:19:31.761, 2, 0 %, 0 %, 35270 MiB, 37.37 W
2026/09/20 07:19:36.763, 0, 0 %, 0 %, 35270 MiB, 39.34 W
2026/09/20 07:19:36.763, 1, 0 %, 0 %, 35270 MiB, 38.44 W
2026/09/20 07:19:36.763, 2, 0 %, 0 %, 35270 MiB, 37.33 W
2026/09/20 07:19:41.765, 0, 0 %, 0 %, 35270 MiB, 38.96 W
2026/09/20 07:19:41.766, 1, 0 %, 0 %, 35270 MiB, 38.44 W
2026/09/20 07:19:41.766, 2, 0 %, 0 %, 35270 MiB, 37.35 W
2026/09/20 07:19:46.767, 0, 0 %, 0 %, 35270 MiB, 38.97 W
2026/09/20 07:19:46.768, 1, 0 %, 0 %, 35270 MiB, 38.44 W
2026/09/20 07:19:46.768, 2, 0 %, 0 %, 35270 MiB, 37.25 W
2026/09/20 07:19:51.769, 0, 0 %, 0 %, 35270 MiB, 39.08 W
2026/09/20 07:19:51.770, 1, 0 %, 0 %, 35270 MiB, 38.56 W
2026/09/20 07:19:51.770, 2, 0 %, 0 %, 35270 MiB, 37.27 W
2026/09/20 07:19:56.771, 0, 0 %, 0 %, 35270 MiB, 39.06 W
2026/09/20 07:19:56.772, 1, 0 %, 0 %, 35270 MiB, 38.53 W
2026/09/20 07:19:56.772, 2, 0 %, 0 %, 35270 MiB, 37.24 W
2026/09/20 07:20:01.775, 0, 0 %, 0 %, 35270 MiB, 38.86 W
2026/09/20 07:20:01.776, 1, 0 %, 0 %, 35270 MiB, 38.44 W
2026/09/20 07:20:01.776, 2, 0 %, 0 %, 35270 MiB, 37.24 W
2026/09/20 07:20:06.776, 0, 0 %, 0 %, 35270 MiB, 39.11 W
2026/09/20 07:20:06.777, 1, 0 %, 0 %, 35270 MiB, 38.58 W
2026/09/20 07:20:06.777, 2, 0 %, 0 %, 35270 MiB, 37.18 W
2026/09/20 07:20:11.778, 0, 0 %, 0 %, 35270 MiB, 38.96 W
2026/09/20 07:20:11.778, 1, 0 %, 0 %, 35270 MiB, 38.44 W
2026/09/20 07:20:11.779, 2, 0 %, 0 %, 35270 MiB, 37.14 W
2026/09/20 07:20:16.780, 0, 0 %, 0 %, 35270 MiB, 38.96 W
2026/09/20 07:20:16.780, 1, 0 %, 0 %, 35270 MiB, 38.33 W
2026/09/20 07:20:16.780, 2, 0 %, 0 %, 35270 MiB, 37.14 W
2026/09/20 07:20:21.781, 0, 0 %, 0 %, 35270 MiB, 39.04 W
2026/09/20 07:20:21.781, 1, 0 %, 0 %, 35270 MiB, 38.23 W
2026/09/20 07:20:21.781, 2, 0 %, 0 %, 35270 MiB, 37.34 W
2026/09/20 07:20:26.783, 0, 0 %, 0 %, 35270 MiB, 39.04 W
2026/09/20 07:20:26.784, 1, 0 %, 0 %, 35270 MiB, 38.33 W
2026/09/20 07:20:26.784, 2, 0 %, 0 %, 35270 MiB, 37.24 W
2026/09/20 07:20:31.785, 0, 0 %, 0 %, 35270 MiB, 39.06 W
2026/09/20 07:20:31.785, 1, 0 %, 0 %, 35270 MiB, 38.33 W
2026/09/20 07:20:31.786, 2, 0 %, 0 %, 35270 MiB, 37.14 W
2026/09/20 07:20:36.787, 0, 0 %, 0 %, 35270 MiB, 38.86 W
2026/09/20 07:20:36.787, 1, 0 %, 0 %, 35270 MiB, 38.33 W
2026/09/20 07:20:36.788, 2, 0 %, 0 %, 35270 MiB, 37.24 W
2026/09/20 07:20:41.789, 0, 0 %, 0 %, 35270 MiB, 38.87 W
2026/09/20 07:20:41.789, 1, 0 %, 0 %, 35270 MiB, 38.46 W
2026/09/20 07:20:41.789, 2, 0 %, 0 %, 35270 MiB, 37.24 W
2026/09/20 07:20:46.790, 0, 0 %, 0 %, 35270 MiB, 39.06 W
2026/09/20 07:20:46.791, 1, 0 %, 0 %, 35270 MiB, 38.44 W
2026/09/20 07:20:46.791, 2, 0 %, 0 %, 35270 MiB, 37.33 W
2026/09/20 07:20:51.792, 0, 0 %, 0 %, 35270 MiB, 38.85 W
2026/09/20 07:20:51.793, 1, 0 %, 0 %, 35270 MiB, 38.33 W
2026/09/20 07:20:51.793, 2, 0 %, 0 %, 35270 MiB, 37.04 W
2026/09/20 07:20:56.794, 0, 0 %, 0 %, 35270 MiB, 38.79 W
2026/09/20 07:20:56.794, 1, 0 %, 0 %, 35270 MiB, 38.46 W
2026/09/20 07:20:56.794, 2, 0 %, 0 %, 35270 MiB, 37.37 W
2026/09/20 07:21:01.796, 0, 0 %, 0 %, 35270 MiB, 39.17 W
2026/09/20 07:21:01.796, 1, 0 %, 0 %, 35270 MiB, 38.44 W
2026/09/20 07:21:01.796, 2, 0 %, 0 %, 35270 MiB, 37.24 W
2026/09/20 07:21:06.798, 0, 0 %, 0 %, 35270 MiB, 38.87 W
2026/09/20 07:21:06.798, 1, 0 %, 0 %, 35270 MiB, 38.45 W
2026/09/20 07:21:06.799, 2, 0 %, 0 %, 35270 MiB, 37.25 W
2026/09/20 07:21:11.806, 0, 0 %, 0 %, 35270 MiB, 38.96 W
2026/09/20 07:21:11.806, 1, 0 %, 0 %, 35270 MiB, 38.44 W
2026/09/20 07:21:11.806, 2, 0 %, 0 %, 35270 MiB, 37.24 W
2026/09/20 07:21:16.808, 0, 0 %, 0 %, 35270 MiB, 38.97 W
2026/09/20 07:21:16.809, 1, 0 %, 0 %, 35270 MiB, 38.65 W
2026/09/20 07:21:16.809, 2, 0 %, 0 %, 35270 MiB, 37.36 W
2026/09/20 07:21:21.810, 0, 0 %, 0 %, 35270 MiB, 39.12 W
2026/09/20 07:21:21.810, 1, 0 %, 0 %, 35270 MiB, 38.39 W
2026/09/20 07:21:21.811, 2, 0 %, 0 %, 35270 MiB, 37.26 W
2026/09/20 07:21:26.811, 0, 0 %, 0 %, 35270 MiB, 39.19 W
2026/09/20 07:21:26.812, 1, 0 %, 0 %, 35270 MiB, 38.38 W
2026/09/20 07:21:26.812, 2, 0 %, 0 %, 35270 MiB, 37.28 W
2026/09/20 07:21:31.812, 0, 0 %, 0 %, 35270 MiB, 39.18 W
2026/09/20 07:21:31.813, 1, 0 %, 0 %, 35270 MiB, 38.36 W
2026/09/20 07:21:31.813, 2, 0 %, 0 %, 35270 MiB, 37.37 W
2026/09/20 07:21:36.814, 0, 0 %, 0 %, 35270 MiB, 39.16 W
2026/09/20 07:21:36.814, 1, 0 %, 0 %, 35270 MiB, 38.53 W
2026/09/20 07:21:36.814, 2, 0 %, 0 %, 35270 MiB, 37.54 W
2026/09/20 07:21:41.816, 0, 0 %, 0 %, 35270 MiB, 39.07 W
2026/09/20 07:21:41.816, 1, 0 %, 0 %, 35270 MiB, 38.45 W
2026/09/20 07:21:41.816, 2, 0 %, 0 %, 35270 MiB, 37.46 W
2026/09/20 07:21:46.817, 0, 0 %, 0 %, 35270 MiB, 39.01 W
2026/09/20 07:21:46.818, 1, 0 %, 0 %, 35270 MiB, 38.58 W
2026/09/20 07:21:46.818, 2, 0 %, 0 %, 35270 MiB, 37.39 W
2026/09/20 07:21:51.818, 0, 0 %, 0 %, 35270 MiB, 38.97 W
2026/09/20 07:21:51.819, 1, 0 %, 0 %, 35270 MiB, 38.55 W
2026/09/20 07:21:51.819, 2, 0 %, 0 %, 35270 MiB, 37.46 W
2026/09/20 07:21:56.820, 0, 0 %, 0 %, 35270 MiB, 39.07 W
2026/09/20 07:21:56.820, 1, 0 %, 0 %, 35270 MiB, 38.53 W
2026/09/20 07:21:56.820, 2, 0 %, 0 %, 35270 MiB, 37.35 W
2026/09/20 07:22:01.822, 0, 0 %, 0 %, 35270 MiB, 39.17 W
2026/09/20 07:22:01.823, 1, 0 %, 0 %, 35270 MiB, 38.55 W
2026/09/20 07:22:01.823, 2, 0 %, 0 %, 35270 MiB, 37.25 W
2026/09/20 07:22:06.825, 0, 0 %, 0 %, 35270 MiB, 39.08 W
2026/09/20 07:22:06.825, 1, 0 %, 0 %, 35270 MiB, 38.56 W
2026/09/20 07:22:06.825, 2, 0 %, 0 %, 35270 MiB, 37.37 W
2026/09/20 07:22:11.826, 0, 0 %, 0 %, 35270 MiB, 39.16 W
2026/09/20 07:22:11.827, 1, 0 %, 0 %, 35270 MiB, 38.73 W
2026/09/20 07:22:11.827, 2, 0 %, 0 %, 35270 MiB, 37.35 W
2026/09/20 07:22:16.828, 0, 0 %, 0 %, 35270 MiB, 39.25 W
2026/09/20 07:22:16.828, 1, 0 %, 0 %, 35270 MiB, 38.73 W
2026/09/20 07:22:16.828, 2, 0 %, 0 %, 35270 MiB, 37.44 W
2026/09/20 07:22:21.830, 0, 0 %, 0 %, 35270 MiB, 39.17 W
2026/09/20 07:22:21.830, 1, 0 %, 0 %, 35270 MiB, 38.64 W
2026/09/20 07:22:21.830, 2, 0 %, 0 %, 35270 MiB, 37.35 W
2026/09/20 07:22:26.831, 0, 0 %, 0 %, 35270 MiB, 39.09 W
2026/09/20 07:22:26.832, 1, 0 %, 0 %, 35270 MiB, 38.56 W
2026/09/20 07:22:26.832, 2, 0 %, 0 %, 35270 MiB, 37.26 W
2026/09/20 07:22:31.832, 0, 0 %, 0 %, 35270 MiB, 39.19 W
2026/09/20 07:22:31.833, 1, 0 %, 0 %, 35270 MiB, 38.56 W
2026/09/20 07:22:31.833, 2, 0 %, 0 %, 35270 MiB, 37.46 W
2026/09/20 07:22:36.834, 0, 0 %, 0 %, 35270 MiB, 39.28 W
2026/09/20 07:22:36.834, 1, 0 %, 0 %, 35270 MiB, 38.46 W
2026/09/20 07:22:36.835, 2, 0 %, 0 %, 35270 MiB, 37.37 W
2026/09/20 07:22:41.836, 0, 0 %, 0 %, 35270 MiB, 39.18 W
2026/09/20 07:22:41.836, 1, 0 %, 0 %, 35270 MiB, 38.46 W
2026/09/20 07:22:41.837, 2, 0 %, 0 %, 35270 MiB, 37.36 W
2026/09/20 07:22:46.838, 0, 0 %, 0 %, 35270 MiB, 39.17 W
2026/09/20 07:22:46.839, 1, 0 %, 0 %, 35270 MiB, 38.65 W
2026/09/20 07:22:46.839, 2, 0 %, 0 %, 35270 MiB, 37.46 W
2026/09/20 07:22:51.844, 0, 0 %, 0 %, 35270 MiB, 38.99 W
2026/09/20 07:22:51.844, 1, 0 %, 0 %, 35270 MiB, 38.49 W
2026/09/20 07:22:51.844, 2, 0 %, 0 %, 35270 MiB, 37.59 W
2026/09/20 07:22:56.845, 0, 0 %, 0 %, 35270 MiB, 39.17 W
2026/09/20 07:22:56.846, 1, 0 %, 0 %, 35270 MiB, 38.44 W
2026/09/20 07:22:56.846, 2, 0 %, 0 %, 35270 MiB, 37.54 W
2026/09/20 07:23:01.847, 0, 0 %, 0 %, 35270 MiB, 39.07 W
2026/09/20 07:23:01.847, 1, 0 %, 0 %, 35270 MiB, 38.44 W
2026/09/20 07:23:01.847, 2, 0 %, 0 %, 35270 MiB, 37.46 W
2026/09/20 07:23:06.849, 0, 0 %, 0 %, 35270 MiB, 38.98 W
2026/09/20 07:23:06.850, 1, 0 %, 0 %, 35270 MiB, 38.65 W
2026/09/20 07:23:06.850, 2, 0 %, 0 %, 35270 MiB, 37.25 W
2026/09/20 07:23:11.851, 0, 0 %, 0 %, 35270 MiB, 39.01 W
2026/09/20 07:23:11.851, 1, 0 %, 0 %, 35270 MiB, 38.49 W
2026/09/20 07:23:11.851, 2, 0 %, 0 %, 35270 MiB, 37.28 W
2026/09/20 07:23:16.852, 0, 0 %, 0 %, 35270 MiB, 39.06 W
2026/09/20 07:23:16.852, 1, 0 %, 0 %, 35270 MiB, 38.53 W
2026/09/20 07:23:16.853, 2, 0 %, 0 %, 35270 MiB, 37.24 W
2026/09/20 07:23:21.854, 0, 0 %, 0 %, 35270 MiB, 39.08 W
2026/09/20 07:23:21.854, 1, 0 %, 0 %, 35270 MiB, 38.46 W
2026/09/20 07:23:21.854, 2, 0 %, 0 %, 35270 MiB, 37.26 W
2026/09/20 07:23:26.856, 0, 0 %, 0 %, 35270 MiB, 39.07 W
2026/09/20 07:23:26.857, 1, 0 %, 0 %, 35270 MiB, 38.63 W
2026/09/20 07:23:26.857, 2, 0 %, 0 %, 35270 MiB, 37.24 W
2026/09/20 07:23:31.858, 0, 0 %, 0 %, 35270 MiB, 39.26 W
2026/09/20 07:23:31.859, 1, 0 %, 0 %, 35270 MiB, 38.54 W
2026/09/20 07:23:31.859, 2, 0 %, 0 %, 35270 MiB, 37.36 W
2026/09/20 07:23:36.868, 0, 0 %, 0 %, 35270 MiB, 39.10 W
2026/09/20 07:23:36.869, 1, 0 %, 0 %, 35270 MiB, 38.38 W
2026/09/20 07:23:36.869, 2, 0 %, 0 %, 35270 MiB, 37.39 W
2026/09/20 07:23:41.869, 0, 0 %, 0 %, 35270 MiB, 39.29 W
2026/09/20 07:23:41.870, 1, 0 %, 0 %, 35270 MiB, 38.65 W
2026/09/20 07:23:41.870, 2, 0 %, 0 %, 35270 MiB, 37.39 W
2026/09/20 07:23:46.871, 0, 0 %, 0 %, 35270 MiB, 39.17 W
2026/09/20 07:23:46.871, 1, 0 %, 0 %, 35270 MiB, 38.46 W
2026/09/20 07:23:46.871, 2, 0 %, 0 %, 35270 MiB, 37.36 W
2026/09/20 07:23:51.872, 0, 0 %, 0 %, 35270 MiB, 39.38 W
2026/09/20 07:23:51.873, 1, 0 %, 0 %, 35270 MiB, 38.46 W
2026/09/20 07:23:51.873, 2, 0 %, 0 %, 35270 MiB, 37.56 W
2026/09/20 07:23:56.874, 0, 0 %, 0 %, 35270 MiB, 39.17 W
2026/09/20 07:23:56.875, 1, 0 %, 0 %, 35270 MiB, 38.55 W
2026/09/20 07:23:56.875, 2, 0 %, 0 %, 35270 MiB, 37.46 W
2026/09/20 07:24:01.875, 0, 0 %, 0 %, 35270 MiB, 39.11 W
2026/09/20 07:24:01.876, 1, 0 %, 0 %, 35270 MiB, 38.58 W
2026/09/20 07:24:01.876, 2, 0 %, 0 %, 35270 MiB, 37.58 W
2026/09/20 07:24:06.876, 0, 0 %, 0 %, 35270 MiB, 39.36 W
2026/09/20 07:24:06.877, 1, 0 %, 0 %, 35270 MiB, 38.55 W
2026/09/20 07:24:06.877, 2, 0 %, 0 %, 35270 MiB, 37.55 W
2026/09/20 07:24:11.883, 0, 0 %, 0 %, 35270 MiB, 39.24 W
2026/09/20 07:24:11.883, 1, 0 %, 0 %, 35270 MiB, 38.53 W
2026/09/20 07:24:11.884, 2, 0 %, 0 %, 35270 MiB, 37.44 W
2026/09/20 07:24:16.885, 0, 0 %, 0 %, 35270 MiB, 39.16 W
2026/09/20 07:24:16.885, 1, 0 %, 0 %, 35270 MiB, 38.83 W
2026/09/20 07:24:16.885, 2, 0 %, 0 %, 35270 MiB, 37.35 W
2026/09/20 07:24:21.887, 0, 0 %, 0 %, 35270 MiB, 39.16 W
2026/09/20 07:24:21.887, 1, 0 %, 0 %, 35270 MiB, 38.63 W
2026/09/20 07:24:21.887, 2, 0 %, 0 %, 35270 MiB, 37.44 W
2026/09/20 07:24:26.889, 0, 0 %, 0 %, 35270 MiB, 39.26 W
2026/09/20 07:24:26.889, 1, 0 %, 0 %, 35270 MiB, 38.65 W
2026/09/20 07:24:26.889, 2, 0 %, 0 %, 35270 MiB, 37.56 W
2026/09/20 07:24:31.892, 0, 0 %, 0 %, 35270 MiB, 39.17 W
2026/09/20 07:24:31.892, 1, 0 %, 0 %, 35270 MiB, 38.64 W
2026/09/20 07:24:31.892, 2, 0 %, 0 %, 35270 MiB, 37.56 W
2026/09/20 07:24:36.892, 0, 0 %, 0 %, 35270 MiB, 39.17 W
2026/09/20 07:24:36.893, 1, 0 %, 0 %, 35270 MiB, 38.74 W
2026/09/20 07:24:36.893, 2, 0 %, 0 %, 35270 MiB, 37.46 W
2026/09/20 07:24:41.894, 0, 0 %, 0 %, 35270 MiB, 39.16 W
2026/09/20 07:24:41.894, 1, 0 %, 0 %, 35270 MiB, 38.53 W
2026/09/20 07:24:41.894, 2, 0 %, 0 %, 35270 MiB, 37.44 W
2026/09/20 07:24:46.896, 0, 0 %, 0 %, 35270 MiB, 39.26 W
2026/09/20 07:24:46.896, 1, 0 %, 0 %, 35270 MiB, 38.55 W
2026/09/20 07:24:46.897, 2, 0 %, 0 %, 35270 MiB, 37.67 W
2026/09/20 07:24:51.897, 0, 0 %, 0 %, 35270 MiB, 39.36 W
2026/09/20 07:24:51.898, 1, 0 %, 0 %, 35270 MiB, 38.74 W
2026/09/20 07:24:51.898, 2, 0 %, 0 %, 35270 MiB, 37.45 W
2026/09/20 07:24:56.898, 0, 0 %, 0 %, 35270 MiB, 39.28 W
2026/09/20 07:24:56.899, 1, 0 %, 0 %, 35270 MiB, 38.55 W
2026/09/20 07:24:56.899, 2, 0 %, 0 %, 35270 MiB, 37.47 W
2026/09/20 07:25:01.900, 0, 0 %, 0 %, 35270 MiB, 39.39 W
2026/09/20 07:25:01.900, 1, 0 %, 0 %, 35270 MiB, 38.49 W
2026/09/20 07:25:01.900, 2, 0 %, 0 %, 35270 MiB, 37.58 W
2026/09/20 07:25:06.901, 0, 0 %, 0 %, 35270 MiB, 39.19 W
2026/09/20 07:25:06.901, 1, 0 %, 0 %, 35270 MiB, 38.64 W
2026/09/20 07:25:06.901, 2, 0 %, 0 %, 35270 MiB, 37.56 W
2026/09/20 07:25:11.903, 0, 0 %, 0 %, 35270 MiB, 39.07 W
2026/09/20 07:25:11.903, 1, 0 %, 0 %, 35270 MiB, 38.63 W
2026/09/20 07:25:11.903, 2, 0 %, 0 %, 35270 MiB, 37.54 W
2026/09/20 07:25:16.904, 0, 0 %, 0 %, 35270 MiB, 39.08 W
2026/09/20 07:25:16.905, 1, 0 %, 0 %, 35270 MiB, 38.54 W
2026/09/20 07:25:16.905, 2, 0 %, 0 %, 35270 MiB, 37.36 W
2026/09/20 07:25:21.906, 0, 0 %, 0 %, 35270 MiB, 39.31 W
2026/09/20 07:25:21.907, 1, 0 %, 0 %, 35270 MiB, 38.58 W
2026/09/20 07:25:21.907, 2, 0 %, 0 %, 35270 MiB, 37.39 W
2026/09/20 07:25:26.908, 0, 0 %, 0 %, 35270 MiB, 39.18 W
2026/09/20 07:25:26.908, 1, 0 %, 0 %, 35270 MiB, 38.65 W
2026/09/20 07:25:26.908, 2, 0 %, 0 %, 35270 MiB, 37.46 W
2026/09/20 07:25:31.910, 0, 0 %, 0 %, 35270 MiB, 39.18 W
2026/09/20 07:25:31.910, 1, 0 %, 0 %, 35270 MiB, 38.56 W
2026/09/20 07:25:31.910, 2, 0 %, 0 %, 35270 MiB, 37.36 W
2026/09/20 07:25:36.912, 0, 0 %, 0 %, 35270 MiB, 39.25 W
2026/09/20 07:25:36.913, 1, 0 %, 0 %, 35270 MiB, 38.73 W
2026/09/20 07:25:36.913, 2, 0 %, 0 %, 35270 MiB, 37.44 W
2026/09/20 07:25:41.914, 0, 0 %, 0 %, 35270 MiB, 39.28 W
2026/09/20 07:25:41.915, 1, 0 %, 0 %, 35270 MiB, 38.65 W
2026/09/20 07:25:41.915, 2, 0 %, 0 %, 35270 MiB, 37.56 W
2026/09/20 07:25:46.915, 0, 0 %, 0 %, 35270 MiB, 39.19 W
2026/09/20 07:25:46.916, 1, 0 %, 0 %, 35270 MiB, 38.75 W
2026/09/20 07:25:46.916, 2, 0 %, 0 %, 35270 MiB, 37.47 W
2026/09/20 07:25:51.916, 0, 0 %, 0 %, 35270 MiB, 39.28 W
2026/09/20 07:25:51.917, 1, 0 %, 0 %, 35270 MiB, 38.54 W
2026/09/20 07:25:51.917, 2, 0 %, 0 %, 35270 MiB, 37.36 W
2026/09/20 07:25:56.917, 0, 0 %, 0 %, 35270 MiB, 39.45 W
2026/09/20 07:25:56.918, 1, 0 %, 0 %, 35270 MiB, 38.53 W
2026/09/20 07:25:56.918, 2, 0 %, 0 %, 35270 MiB, 37.44 W
2026/09/20 07:26:01.918, 0, 0 %, 0 %, 35270 MiB, 39.35 W
2026/09/20 07:26:01.919, 1, 0 %, 0 %, 35270 MiB, 38.53 W
2026/09/20 07:26:01.919, 2, 0 %, 0 %, 35270 MiB, 37.55 W
2026/09/20 07:26:06.920, 0, 0 %, 0 %, 35270 MiB, 39.35 W
2026/09/20 07:26:06.920, 1, 0 %, 0 %, 35270 MiB, 38.62 W
2026/09/20 07:26:06.921, 2, 0 %, 0 %, 35270 MiB, 37.54 W
2026/09/20 07:26:11.921, 0, 0 %, 0 %, 35270 MiB, 39.10 W
2026/09/20 07:26:11.922, 1, 0 %, 0 %, 35270 MiB, 38.58 W
2026/09/20 07:26:11.922, 2, 0 %, 0 %, 35270 MiB, 37.49 W
2026/09/20 07:26:16.922, 0, 0 %, 0 %, 35270 MiB, 39.38 W
2026/09/20 07:26:16.923, 1, 0 %, 0 %, 35270 MiB, 38.65 W
2026/09/20 07:26:16.923, 2, 0 %, 0 %, 35270 MiB, 37.67 W
2026/09/20 07:26:21.923, 0, 0 %, 0 %, 35270 MiB, 39.26 W
2026/09/20 07:26:21.924, 1, 0 %, 0 %, 35270 MiB, 38.73 W
2026/09/20 07:26:21.924, 2, 0 %, 0 %, 35270 MiB, 37.54 W
2026/09/20 07:26:26.925, 0, 0 %, 0 %, 35270 MiB, 39.16 W
2026/09/20 07:26:26.925, 1, 0 %, 0 %, 35270 MiB, 38.63 W
2026/09/20 07:26:26.925, 2, 0 %, 0 %, 35270 MiB, 37.44 W
2026/09/20 07:26:31.927, 0, 0 %, 0 %, 35270 MiB, 39.16 W
2026/09/20 07:26:31.927, 1, 0 %, 0 %, 35270 MiB, 38.53 W
2026/09/20 07:26:31.927, 2, 0 %, 0 %, 35270 MiB, 37.54 W
2026/09/20 07:26:36.929, 0, 0 %, 0 %, 35270 MiB, 39.25 W
2026/09/20 07:26:36.930, 1, 0 %, 0 %, 35270 MiB, 38.53 W
2026/09/20 07:26:36.930, 2, 0 %, 0 %, 35270 MiB, 37.44 W
2026/09/20 07:26:41.930, 0, 0 %, 0 %, 35270 MiB, 39.11 W
2026/09/20 07:26:41.931, 1, 0 %, 0 %, 35270 MiB, 38.78 W
2026/09/20 07:26:41.931, 2, 0 %, 0 %, 35270 MiB, 37.39 W
2026/09/20 07:26:46.932, 0, 0 %, 0 %, 35270 MiB, 39.16 W
2026/09/20 07:26:46.933, 1, 0 %, 0 %, 35270 MiB, 38.63 W
2026/09/20 07:26:46.933, 2, 0 %, 0 %, 35270 MiB, 37.35 W
2026/09/20 07:26:51.934, 0, 0 %, 0 %, 35270 MiB, 39.24 W
2026/09/20 07:26:51.934, 1, 0 %, 0 %, 35270 MiB, 38.63 W
2026/09/20 07:26:51.935, 2, 0 %, 0 %, 35270 MiB, 37.34 W
2026/09/20 07:26:56.936, 0, 0 %, 0 %, 35270 MiB, 39.27 W
2026/09/20 07:26:56.936, 1, 0 %, 0 %, 35270 MiB, 38.55 W
2026/09/20 07:26:56.936, 2, 0 %, 0 %, 35270 MiB, 37.46 W
2026/09/20 07:27:01.938, 0, 0 %, 0 %, 35270 MiB, 39.06 W
2026/09/20 07:27:01.938, 1, 0 %, 0 %, 35270 MiB, 38.34 W
2026/09/20 07:27:01.938, 2, 0 %, 0 %, 35270 MiB, 37.44 W
2026/09/20 07:27:06.940, 0, 0 %, 0 %, 35270 MiB, 39.17 W
2026/09/20 07:27:06.941, 1, 0 %, 0 %, 35270 MiB, 38.44 W
2026/09/20 07:27:06.941, 2, 0 %, 0 %, 35270 MiB, 37.24 W
2026/09/20 07:27:11.941, 0, 0 %, 0 %, 35270 MiB, 39.24 W
2026/09/20 07:27:11.942, 1, 0 %, 0 %, 35270 MiB, 38.44 W
2026/09/20 07:27:11.942, 2, 0 %, 0 %, 35270 MiB, 37.24 W
2026/09/20 07:27:16.943, 0, 0 %, 0 %, 35270 MiB, 38.97 W
2026/09/20 07:27:16.944, 1, 0 %, 0 %, 35270 MiB, 38.36 W
2026/09/20 07:27:16.944, 2, 0 %, 0 %, 35270 MiB, 37.46 W
2026/09/20 07:27:21.945, 0, 0 %, 0 %, 35270 MiB, 39.01 W
2026/09/20 07:27:21.945, 1, 0 %, 0 %, 35270 MiB, 38.35 W
2026/09/20 07:27:21.945, 2, 0 %, 0 %, 35270 MiB, 37.49 W
2026/09/20 07:27:26.946, 0, 0 %, 0 %, 35270 MiB, 38.97 W
2026/09/20 07:27:26.947, 1, 0 %, 0 %, 35270 MiB, 38.46 W
2026/09/20 07:27:26.947, 2, 0 %, 0 %, 35270 MiB, 37.36 W
2026/09/20 07:27:31.948, 0, 0 %, 0 %, 35270 MiB, 39.17 W
2026/09/20 07:27:31.948, 1, 0 %, 0 %, 35270 MiB, 38.55 W
2026/09/20 07:27:31.948, 2, 0 %, 0 %, 35270 MiB, 37.66 W
2026/09/20 07:27:36.950, 0, 0 %, 0 %, 35270 MiB, 39.06 W
2026/09/20 07:27:36.950, 1, 0 %, 0 %, 35270 MiB, 38.44 W
2026/09/20 07:27:36.951, 2, 0 %, 0 %, 35270 MiB, 37.35 W
2026/09/20 07:27:41.951, 0, 0 %, 0 %, 35270 MiB, 39.17 W
2026/09/20 07:27:41.951, 1, 0 %, 0 %, 35270 MiB, 38.55 W
2026/09/20 07:27:41.952, 2, 0 %, 0 %, 35270 MiB, 37.26 W
2026/09/20 07:27:46.952, 0, 0 %, 0 %, 35270 MiB, 39.38 W
2026/09/20 07:27:46.953, 1, 0 %, 0 %, 35270 MiB, 38.58 W
2026/09/20 07:27:46.953, 2, 0 %, 0 %, 35270 MiB, 37.39 W
2026/09/20 07:27:51.953, 0, 0 %, 0 %, 35270 MiB, 39.12 W
2026/09/20 07:27:51.956, 1, 0 %, 0 %, 35270 MiB, 38.58 W
2026/09/20 07:27:51.956, 2, 0 %, 0 %, 35270 MiB, 37.39 W
2026/09/20 07:27:56.957, 0, 0 %, 0 %, 35270 MiB, 39.07 W
2026/09/20 07:27:56.957, 1, 0 %, 0 %, 35270 MiB, 38.55 W
2026/09/20 07:27:56.957, 2, 0 %, 0 %, 35270 MiB, 37.46 W
2026/09/20 07:28:01.959, 0, 0 %, 0 %, 35270 MiB, 39.16 W
2026/09/20 07:28:01.959, 1, 0 %, 0 %, 35270 MiB, 38.53 W
2026/09/20 07:28:01.960, 2, 0 %, 0 %, 35270 MiB, 37.35 W
2026/09/20 07:28:06.960, 0, 0 %, 0 %, 35270 MiB, 39.29 W
2026/09/20 07:28:06.961, 1, 0 %, 0 %, 35270 MiB, 38.57 W
2026/09/20 07:28:06.961, 2, 0 %, 0 %, 35270 MiB, 37.39 W
2026/09/20 07:28:11.962, 0, 0 %, 0 %, 35270 MiB, 39.18 W
2026/09/20 07:28:11.962, 1, 0 %, 0 %, 35270 MiB, 38.46 W
2026/09/20 07:28:11.962, 2, 0 %, 0 %, 35270 MiB, 37.37 W
2026/09/20 07:28:16.964, 0, 0 %, 0 %, 35270 MiB, 39.15 W
2026/09/20 07:28:16.965, 1, 0 %, 0 %, 35270 MiB, 38.33 W
2026/09/20 07:28:16.965, 2, 0 %, 0 %, 35270 MiB, 37.44 W
2026/09/20 07:28:21.966, 0, 0 %, 0 %, 35270 MiB, 39.39 W
2026/09/20 07:28:21.966, 1, 0 %, 0 %, 35270 MiB, 38.28 W
2026/09/20 07:28:21.966, 2, 0 %, 0 %, 35270 MiB, 37.28 W
2026/09/20 07:28:26.967, 0, 0 %, 0 %, 35270 MiB, 60.08 W
2026/09/20 07:28:26.967, 1, 0 %, 0 %, 35270 MiB, 38.23 W
2026/09/20 07:28:26.967, 2, 0 %, 0 %, 35270 MiB, 37.35 W
2026/09/20 07:28:31.969, 0, 0 %, 0 %, 35270 MiB, 39.75 W
2026/09/20 07:28:31.969, 1, 0 %, 0 %, 35270 MiB, 38.24 W
2026/09/20 07:28:31.969, 2, 0 %, 0 %, 35270 MiB, 37.25 W
2026/09/20 07:28:36.969, 0, 0 %, 0 %, 35270 MiB, 38.99 W
2026/09/20 07:28:36.970, 1, 0 %, 0 %, 35270 MiB, 38.26 W
2026/09/20 07:28:36.970, 2, 0 %, 0 %, 35270 MiB, 37.26 W
2026/09/20 07:28:41.971, 0, 25 %, 1 %, 35270 MiB, 38.99 W
2026/09/20 07:28:41.971, 1, 0 %, 0 %, 35270 MiB, 38.46 W
2026/09/20 07:28:41.972, 2, 0 %, 0 %, 35270 MiB, 37.06 W
2026/09/20 07:28:46.973, 0, 17 %, 1 %, 35270 MiB, 38.97 W
2026/09/20 07:28:46.973, 1, 0 %, 0 %, 35270 MiB, 38.36 W
2026/09/20 07:28:46.973, 2, 0 %, 0 %, 35270 MiB, 37.46 W
2026/09/20 07:28:51.975, 0, 0 %, 0 %, 35270 MiB, 40.05 W
2026/09/20 07:28:51.975, 1, 0 %, 0 %, 35270 MiB, 38.25 W
2026/09/20 07:28:51.976, 2, 0 %, 0 %, 35270 MiB, 37.18 W
2026/09/20 07:28:56.977, 0, 0 %, 0 %, 35270 MiB, 39.01 W
2026/09/20 07:28:56.977, 1, 0 %, 0 %, 35270 MiB, 38.68 W
2026/09/20 07:28:56.978, 2, 0 %, 0 %, 35270 MiB, 37.28 W
2026/09/20 07:29:01.979, 0, 0 %, 0 %, 35270 MiB, 39.07 W
2026/09/20 07:29:01.979, 1, 0 %, 0 %, 35270 MiB, 38.54 W
2026/09/20 07:29:01.979, 2, 0 %, 0 %, 35270 MiB, 37.25 W
2026/09/20 07:29:06.981, 0, 2 %, 0 %, 35270 MiB, 39.08 W
2026/09/20 07:29:06.981, 1, 0 %, 0 %, 35270 MiB, 38.46 W
2026/09/20 07:29:06.981, 2, 0 %, 0 %, 35270 MiB, 37.54 W
2026/09/20 07:29:11.983, 0, 0 %, 0 %, 35270 MiB, 39.06 W
2026/09/20 07:29:11.984, 1, 0 %, 0 %, 35270 MiB, 38.23 W
2026/09/20 07:29:11.984, 2, 0 %, 0 %, 35270 MiB, 37.33 W
2026/09/20 07:29:16.985, 0, 0 %, 0 %, 35270 MiB, 39.21 W
2026/09/20 07:29:16.986, 1, 0 %, 0 %, 35270 MiB, 38.38 W
2026/09/20 07:29:16.986, 2, 0 %, 0 %, 35270 MiB, 37.28 W
2026/09/20 07:29:21.986, 0, 0 %, 0 %, 35270 MiB, 47.83 W
2026/09/20 07:29:21.987, 1, 0 %, 0 %, 35270 MiB, 38.28 W
2026/09/20 07:29:21.987, 2, 0 %, 0 %, 35270 MiB, 37.28 W
2026/09/20 07:29:26.987, 0, 0 %, 0 %, 35270 MiB, 39.11 W
2026/09/20 07:29:26.988, 1, 0 %, 0 %, 35270 MiB, 38.28 W
2026/09/20 07:29:26.988, 2, 0 %, 0 %, 35270 MiB, 37.39 W
2026/09/20 07:29:31.988, 0, 0 %, 0 %, 35270 MiB, 38.90 W
2026/09/20 07:29:31.989, 1, 0 %, 0 %, 35270 MiB, 38.28 W
2026/09/20 07:29:31.989, 2, 0 %, 0 %, 35270 MiB, 37.26 W
2026/09/20 07:29:36.990, 0, 0 %, 0 %, 35270 MiB, 38.99 W
2026/09/20 07:29:36.991, 1, 0 %, 0 %, 35270 MiB, 38.35 W
2026/09/20 07:29:36.991, 2, 0 %, 0 %, 35270 MiB, 37.46 W
2026/09/20 07:29:41.992, 0, 0 %, 0 %, 35270 MiB, 38.87 W
2026/09/20 07:29:41.992, 1, 0 %, 0 %, 35270 MiB, 38.25 W
2026/09/20 07:29:41.992, 2, 0 %, 0 %, 35270 MiB, 37.46 W
2026/09/20 07:29:46.993, 0, 0 %, 0 %, 35270 MiB, 38.86 W
2026/09/20 07:29:46.993, 1, 0 %, 0 %, 35270 MiB, 38.34 W
2026/09/20 07:29:46.993, 2, 0 %, 0 %, 35270 MiB, 37.15 W
2026/09/20 07:29:51.995, 0, 0 %, 0 %, 35270 MiB, 39.06 W
2026/09/20 07:29:51.995, 1, 0 %, 0 %, 35270 MiB, 38.53 W
2026/09/20 07:29:51.995, 2, 0 %, 0 %, 35270 MiB, 37.14 W
2026/09/20 07:29:56.997, 0, 0 %, 0 %, 35270 MiB, 38.96 W
2026/09/20 07:29:56.997, 1, 0 %, 0 %, 35270 MiB, 38.34 W
2026/09/20 07:29:56.997, 2, 0 %, 0 %, 35270 MiB, 37.04 W
2026/09/20 07:30:01.999, 0, 0 %, 0 %, 35270 MiB, 38.85 W
2026/09/20 07:30:01.999, 1, 0 %, 0 %, 35270 MiB, 38.34 W
2026/09/20 07:30:01.999, 2, 0 %, 0 %, 35270 MiB, 37.14 W
2026/09/20 07:30:07.000, 0, 0 %, 0 %, 35270 MiB, 38.96 W
2026/09/20 07:30:07.000, 1, 0 %, 0 %, 35270 MiB, 38.33 W
2026/09/20 07:30:07.001, 2, 0 %, 0 %, 35270 MiB, 37.24 W
2026/09/20 07:30:12.002, 0, 0 %, 0 %, 35270 MiB, 39.07 W
2026/09/20 07:30:12.002, 1, 0 %, 0 %, 35270 MiB, 38.56 W
2026/09/20 07:30:12.003, 2, 0 %, 0 %, 35270 MiB, 37.15 W
2026/09/20 07:30:17.003, 0, 0 %, 0 %, 35270 MiB, 38.86 W
2026/09/20 07:30:17.004, 1, 0 %, 0 %, 35270 MiB, 38.13 W
2026/09/20 07:30:17.004, 2, 0 %, 0 %, 35270 MiB, 37.14 W
2026/09/20 07:30:22.006, 0, 0 %, 0 %, 35270 MiB, 38.97 W
2026/09/20 07:30:22.006, 1, 0 %, 0 %, 35270 MiB, 38.23 W
2026/09/20 07:30:22.006, 2, 0 %, 0 %, 35270 MiB, 37.35 W
2026/09/20 07:30:27.007, 0, 0 %, 0 %, 35270 MiB, 38.99 W
2026/09/20 07:30:27.007, 1, 0 %, 0 %, 35270 MiB, 38.25 W
2026/09/20 07:30:27.007, 2, 0 %, 0 %, 35270 MiB, 37.16 W
2026/09/20 07:30:32.009, 0, 0 %, 0 %, 35270 MiB, 39.08 W
2026/09/20 07:30:32.009, 1, 0 %, 0 %, 35270 MiB, 38.26 W
2026/09/20 07:30:32.010, 2, 0 %, 0 %, 35270 MiB, 37.25 W
2026/09/20 07:30:37.011, 0, 0 %, 0 %, 35270 MiB, 38.96 W
2026/09/20 07:30:37.011, 1, 0 %, 0 %, 35270 MiB, 38.23 W
2026/09/20 07:30:37.011, 2, 0 %, 0 %, 35270 MiB, 37.24 W
2026/09/20 07:30:42.013, 0, 0 %, 0 %, 35270 MiB, 38.75 W
2026/09/20 07:30:42.013, 1, 0 %, 0 %, 35270 MiB, 38.13 W
2026/09/20 07:30:42.013, 2, 0 %, 0 %, 35270 MiB, 37.35 W
2026/09/20 07:30:47.014, 0, 0 %, 0 %, 35270 MiB, 39.07 W
2026/09/20 07:30:47.014, 1, 0 %, 0 %, 35270 MiB, 38.44 W
2026/09/20 07:30:47.014, 2, 0 %, 0 %, 35270 MiB, 37.26 W
2026/09/20 07:30:52.015, 0, 0 %, 0 %, 35270 MiB, 38.87 W
2026/09/20 07:30:52.016, 1, 0 %, 0 %, 35270 MiB, 38.23 W
2026/09/20 07:30:52.016, 2, 0 %, 0 %, 35270 MiB, 37.04 W
2026/09/20 07:30:57.016, 0, 0 %, 0 %, 35270 MiB, 38.85 W
2026/09/20 07:30:57.017, 1, 0 %, 0 %, 35270 MiB, 38.23 W
2026/09/20 07:30:57.017, 2, 0 %, 0 %, 35270 MiB, 37.14 W
2026/09/20 07:31:02.018, 0, 0 %, 0 %, 35270 MiB, 38.87 W
2026/09/20 07:31:02.019, 1, 0 %, 0 %, 35270 MiB, 38.34 W
2026/09/20 07:31:02.019, 2, 0 %, 0 %, 35270 MiB, 37.15 W
2026/09/20 07:31:07.020, 0, 0 %, 0 %, 35270 MiB, 39.06 W
2026/09/20 07:31:07.020, 1, 0 %, 0 %, 35270 MiB, 38.44 W
2026/09/20 07:31:07.020, 2, 0 %, 0 %, 35270 MiB, 37.14 W
2026/09/20 07:31:12.022, 0, 0 %, 0 %, 35270 MiB, 38.96 W
2026/09/20 07:31:12.022, 1, 0 %, 0 %, 35270 MiB, 38.44 W
2026/09/20 07:31:12.022, 2, 0 %, 0 %, 35270 MiB, 37.14 W
2026/09/20 07:31:17.024, 0, 0 %, 0 %, 35270 MiB, 38.90 W
2026/09/20 07:31:17.024, 1, 0 %, 0 %, 35270 MiB, 38.47 W
2026/09/20 07:31:17.024, 2, 0 %, 0 %, 35270 MiB, 37.15 W
2026/09/20 07:31:22.026, 0, 0 %, 0 %, 35270 MiB, 38.97 W
2026/09/20 07:31:22.026, 1, 0 %, 0 %, 35270 MiB, 38.54 W
2026/09/20 07:31:22.026, 2, 0 %, 0 %, 35270 MiB, 37.35 W
2026/09/20 07:31:27.028, 0, 0 %, 0 %, 35270 MiB, 39.07 W
2026/09/20 07:31:27.028, 1, 0 %, 0 %, 35270 MiB, 38.25 W
2026/09/20 07:31:27.028, 2, 0 %, 0 %, 35270 MiB, 37.25 W
2026/09/20 07:31:32.029, 0, 0 %, 0 %, 35270 MiB, 38.99 W
2026/09/20 07:31:32.030, 1, 0 %, 0 %, 35270 MiB, 38.25 W
2026/09/20 07:31:32.030, 2, 0 %, 0 %, 35270 MiB, 37.16 W
2026/09/20 07:31:37.036, 0, 0 %, 0 %, 35270 MiB, 39.09 W
2026/09/20 07:31:37.037, 1, 0 %, 0 %, 35270 MiB, 38.25 W
2026/09/20 07:31:37.037, 2, 0 %, 0 %, 35270 MiB, 37.37 W
2026/09/20 07:31:42.038, 0, 0 %, 0 %, 35270 MiB, 39.31 W
2026/09/20 07:31:42.038, 1, 0 %, 0 %, 35270 MiB, 38.49 W
2026/09/20 07:31:42.039, 2, 0 %, 0 %, 35270 MiB, 37.39 W
2026/09/20 07:31:47.040, 0, 0 %, 0 %, 35270 MiB, 39.01 W
2026/09/20 07:31:47.040, 1, 0 %, 0 %, 35270 MiB, 38.38 W
2026/09/20 07:31:47.040, 2, 0 %, 0 %, 35270 MiB, 37.39 W
2026/09/20 07:31:52.041, 0, 0 %, 0 %, 35270 MiB, 39.10 W
2026/09/20 07:31:52.041, 1, 0 %, 0 %, 35270 MiB, 38.39 W
2026/09/20 07:31:52.042, 2, 0 %, 0 %, 35270 MiB, 37.49 W
2026/09/20 07:31:57.046, 0, 0 %, 0 %, 35270 MiB, 39.01 W
2026/09/20 07:31:57.046, 1, 0 %, 0 %, 35270 MiB, 38.49 W
2026/09/20 07:31:57.046, 2, 0 %, 0 %, 35270 MiB, 37.58 W
2026/09/20 07:32:02.052, 0, 0 %, 0 %, 35270 MiB, 39.31 W
2026/09/20 07:32:02.052, 1, 0 %, 0 %, 35270 MiB, 38.58 W
2026/09/20 07:32:02.052, 2, 0 %, 0 %, 35270 MiB, 37.28 W
2026/09/20 07:32:07.053, 0, 0 %, 0 %, 35270 MiB, 39.11 W
2026/09/20 07:32:07.053, 1, 0 %, 0 %, 35270 MiB, 38.49 W
2026/09/20 07:32:07.053, 2, 0 %, 0 %, 35270 MiB, 37.39 W
2026/09/20 07:32:12.053, 0, 0 %, 0 %, 35270 MiB, 39.11 W
2026/09/20 07:32:12.053, 1, 0 %, 0 %, 35270 MiB, 38.58 W
2026/09/20 07:32:12.053, 2, 0 %, 0 %, 35270 MiB, 37.29 W
2026/09/20 07:32:17.055, 0, 0 %, 0 %, 35270 MiB, 39.22 W
2026/09/20 07:32:17.056, 1, 0 %, 0 %, 35270 MiB, 38.78 W
2026/09/20 07:32:17.056, 2, 0 %, 0 %, 35270 MiB, 37.59 W
2026/09/20 07:32:22.057, 0, 0 %, 0 %, 35270 MiB, 39.31 W
2026/09/20 07:32:22.057, 1, 0 %, 0 %, 35270 MiB, 39.98 W
2026/09/20 07:32:22.057, 2, 0 %, 0 %, 35270 MiB, 37.39 W
2026/09/20 07:32:27.057, 0, 100 %, 7 %, 35270 MiB, 93.86 W
2026/09/20 07:32:27.058, 1, 100 %, 7 %, 35270 MiB, 88.62 W
2026/09/20 07:32:27.058, 2, 100 %, 7 %, 35270 MiB, 94.43 W
2026/09/20 07:32:32.058, 0, 100 %, 7 %, 35270 MiB, 90.13 W
2026/09/20 07:32:32.058, 1, 100 %, 7 %, 35270 MiB, 103.46 W
2026/09/20 07:32:32.058, 2, 100 %, 7 %, 35270 MiB, 157.13 W
2026/09/20 07:32:37.059, 0, 100 %, 11 %, 35270 MiB, 89.91 W
2026/09/20 07:32:37.059, 1, 100 %, 7 %, 35270 MiB, 91.18 W
2026/09/20 07:32:37.059, 2, 100 %, 7 %, 35270 MiB, 92.66 W
2026/09/20 07:32:42.059, 0, 100 %, 10 %, 35270 MiB, 122.65 W
2026/09/20 07:32:42.060, 1, 100 %, 7 %, 35270 MiB, 95.80 W
2026/09/20 07:32:42.060, 2, 100 %, 7 %, 35270 MiB, 91.16 W
2026/09/20 07:32:47.060, 0, 100 %, 7 %, 35270 MiB, 91.06 W
2026/09/20 07:32:47.060, 1, 100 %, 6 %, 35270 MiB, 89.75 W
2026/09/20 07:32:47.061, 2, 100 %, 7 %, 35270 MiB, 91.24 W
2026/09/20 07:32:52.061, 0, 100 %, 7 %, 35270 MiB, 93.60 W
2026/09/20 07:32:52.061, 1, 100 %, 13 %, 35270 MiB, 88.92 W
2026/09/20 07:32:52.061, 2, 100 %, 11 %, 35270 MiB, 95.06 W
2026/09/20 07:32:57.062, 0, 100 %, 7 %, 35270 MiB, 91.92 W
2026/09/20 07:32:57.062, 1, 100 %, 7 %, 35270 MiB, 89.94 W
2026/09/20 07:32:57.062, 2, 100 %, 14 %, 35270 MiB, 113.79 W
2026/09/20 07:33:02.062, 0, 100 %, 8 %, 35270 MiB, 88.58 W
2026/09/20 07:33:02.063, 1, 100 %, 15 %, 35270 MiB, 95.28 W
2026/09/20 07:33:02.063, 2, 100 %, 7 %, 35270 MiB, 96.59 W
2026/09/20 07:33:07.063, 0, 100 %, 7 %, 35270 MiB, 89.06 W
2026/09/20 07:33:07.063, 1, 100 %, 7 %, 35270 MiB, 91.11 W
2026/09/20 07:33:07.063, 2, 100 %, 14 %, 35270 MiB, 89.21 W
2026/09/20 07:33:12.064, 0, 100 %, 7 %, 35270 MiB, 92.25 W
2026/09/20 07:33:12.064, 1, 100 %, 10 %, 35270 MiB, 93.81 W
2026/09/20 07:33:12.064, 2, 100 %, 7 %, 35270 MiB, 92.50 W
2026/09/20 07:33:17.064, 0, 100 %, 7 %, 35270 MiB, 95.12 W
2026/09/20 07:33:17.065, 1, 100 %, 7 %, 35270 MiB, 94.15 W
2026/09/20 07:33:17.065, 2, 100 %, 11 %, 35270 MiB, 95.44 W
2026/09/20 07:33:22.065, 0, 100 %, 7 %, 35270 MiB, 93.60 W
2026/09/20 07:33:22.065, 1, 100 %, 11 %, 35270 MiB, 92.19 W
2026/09/20 07:33:22.065, 2, 100 %, 7 %, 35270 MiB, 92.21 W
2026/09/20 07:33:27.066, 0, 100 %, 11 %, 35270 MiB, 96.74 W
2026/09/20 07:33:27.066, 1, 100 %, 7 %, 35270 MiB, 94.61 W
2026/09/20 07:33:27.066, 2, 100 %, 7 %, 35270 MiB, 93.89 W
2026/09/20 07:33:32.066, 0, 100 %, 10 %, 35270 MiB, 97.54 W
2026/09/20 07:33:32.066, 1, 100 %, 14 %, 35270 MiB, 94.41 W
2026/09/20 07:33:32.067, 2, 100 %, 7 %, 35270 MiB, 95.59 W
2026/09/20 07:33:37.067, 0, 100 %, 7 %, 35270 MiB, 129.30 W
2026/09/20 07:33:37.067, 1, 100 %, 7 %, 35270 MiB, 92.87 W
2026/09/20 07:33:37.067, 2, 100 %, 11 %, 35270 MiB, 93.50 W
2026/09/20 07:33:42.068, 0, 100 %, 7 %, 35270 MiB, 97.60 W
2026/09/20 07:33:42.068, 1, 100 %, 11 %, 35270 MiB, 81.21 W
2026/09/20 07:33:42.068, 2, 57 %, 4 %, 35270 MiB, 81.79 W
2026/09/20 07:33:47.068, 0, 0 %, 0 %, 35270 MiB, 42.38 W
2026/09/20 07:33:47.068, 1, 0 %, 0 %, 35270 MiB, 41.65 W
2026/09/20 07:33:47.068, 2, 0 %, 0 %, 35270 MiB, 40.78 W
2026/09/20 07:33:52.070, 0, 0 %, 0 %, 35270 MiB, 42.14 W
2026/09/20 07:33:52.071, 1, 0 %, 0 %, 35270 MiB, 41.40 W
2026/09/20 07:33:52.071, 2, 0 %, 0 %, 35270 MiB, 40.36 W
2026/09/20 07:33:57.072, 0, 0 %, 0 %, 35270 MiB, 41.83 W
2026/09/20 07:33:57.072, 1, 0 %, 0 %, 35270 MiB, 41.31 W
2026/09/20 07:33:57.072, 2, 0 %, 0 %, 35270 MiB, 40.24 W
2026/09/20 07:34:02.079, 0, 0 %, 0 %, 35270 MiB, 41.53 W
2026/09/20 07:34:02.079, 1, 0 %, 0 %, 35270 MiB, 40.90 W
2026/09/20 07:34:02.079, 2, 0 %, 0 %, 35270 MiB, 39.92 W
2026/09/20 07:34:07.081, 0, 0 %, 0 %, 35270 MiB, 41.05 W
2026/09/20 07:34:07.081, 1, 0 %, 0 %, 35270 MiB, 40.12 W
2026/09/20 07:34:07.081, 2, 0 %, 0 %, 35270 MiB, 39.62 W
2026/09/20 07:34:12.082, 0, 0 %, 0 %, 35270 MiB, 40.85 W
2026/09/20 07:34:12.083, 1, 0 %, 0 %, 35270 MiB, 40.42 W
2026/09/20 07:34:12.083, 2, 0 %, 0 %, 35270 MiB, 39.53 W
2026/09/20 07:34:17.086, 0, 0 %, 0 %, 35270 MiB, 40.84 W
2026/09/20 07:34:17.086, 1, 0 %, 0 %, 35270 MiB, 40.32 W
2026/09/20 07:34:17.087, 2, 0 %, 0 %, 35270 MiB, 39.03 W
2026/09/20 07:34:22.088, 0, 0 %, 0 %, 35270 MiB, 40.97 W
2026/09/20 07:34:22.088, 1, 0 %, 0 %, 35270 MiB, 40.12 W
2026/09/20 07:34:22.089, 2, 0 %, 0 %, 35270 MiB, 38.97 W
2026/09/20 07:34:27.089, 0, 0 %, 0 %, 35270 MiB, 40.84 W
2026/09/20 07:34:27.090, 1, 0 %, 0 %, 35270 MiB, 40.01 W
2026/09/20 07:34:27.090, 2, 0 %, 0 %, 35270 MiB, 38.95 W
2026/09/20 07:34:32.091, 0, 0 %, 0 %, 35270 MiB, 40.76 W
2026/09/20 07:34:32.092, 1, 0 %, 0 %, 35270 MiB, 40.13 W
2026/09/20 07:34:32.092, 2, 0 %, 0 %, 35270 MiB, 38.96 W
2026/09/20 07:34:37.093, 0, 0 %, 0 %, 35270 MiB, 40.76 W
2026/09/20 07:34:37.093, 1, 0 %, 0 %, 35270 MiB, 40.02 W
2026/09/20 07:34:37.093, 2, 0 %, 0 %, 35270 MiB, 38.75 W
2026/09/20 07:34:42.095, 0, 0 %, 0 %, 35270 MiB, 40.66 W
2026/09/20 07:34:42.095, 1, 0 %, 0 %, 35270 MiB, 39.94 W
2026/09/20 07:34:42.095, 2, 0 %, 0 %, 35270 MiB, 38.75 W
2026/09/20 07:34:47.096, 0, 0 %, 0 %, 35270 MiB, 40.64 W
2026/09/20 07:34:47.097, 1, 0 %, 0 %, 35270 MiB, 39.61 W
2026/09/20 07:34:47.097, 2, 0 %, 0 %, 35270 MiB, 38.63 W
2026/09/20 07:34:52.098, 0, 0 %, 0 %, 35270 MiB, 40.64 W
2026/09/20 07:34:52.098, 1, 0 %, 0 %, 35270 MiB, 39.51 W
2026/09/20 07:34:52.099, 2, 0 %, 0 %, 35270 MiB, 38.74 W
2026/09/20 07:34:57.099, 0, 0 %, 0 %, 35270 MiB, 40.65 W
2026/09/20 07:34:57.099, 1, 0 %, 0 %, 35270 MiB, 39.53 W
2026/09/20 07:34:57.099, 2, 0 %, 0 %, 35270 MiB, 38.66 W
2026/09/20 07:35:02.101, 0, 0 %, 0 %, 35270 MiB, 40.54 W
2026/09/20 07:35:02.101, 1, 0 %, 0 %, 35270 MiB, 39.51 W
2026/09/20 07:35:02.101, 2, 0 %, 0 %, 35270 MiB, 38.63 W
2026/09/20 07:35:07.103, 0, 0 %, 0 %, 35270 MiB, 40.26 W
2026/09/20 07:35:07.103, 1, 0 %, 0 %, 35270 MiB, 39.93 W
2026/09/20 07:35:07.103, 2, 0 %, 0 %, 35270 MiB, 38.56 W
2026/09/20 07:35:12.105, 0, 0 %, 0 %, 35270 MiB, 40.38 W
2026/09/20 07:35:12.105, 1, 0 %, 0 %, 35270 MiB, 39.76 W
2026/09/20 07:35:12.106, 2, 0 %, 0 %, 35270 MiB, 38.67 W
2026/09/20 07:35:17.106, 0, 0 %, 0 %, 35270 MiB, 40.17 W
2026/09/20 07:35:17.107, 1, 0 %, 0 %, 35270 MiB, 39.74 W
2026/09/20 07:35:17.107, 2, 0 %, 0 %, 35270 MiB, 38.56 W
2026/09/20 07:35:22.107, 0, 0 %, 0 %, 35270 MiB, 40.17 W
2026/09/20 07:35:22.108, 1, 0 %, 0 %, 35270 MiB, 39.75 W
2026/09/20 07:35:22.108, 2, 0 %, 0 %, 35270 MiB, 38.28 W
2026/09/20 07:35:27.108, 0, 0 %, 0 %, 35270 MiB, 40.48 W
2026/09/20 07:35:27.108, 1, 0 %, 0 %, 35270 MiB, 39.84 W
2026/09/20 07:35:27.109, 2, 0 %, 0 %, 35270 MiB, 38.58 W
2026/09/20 07:35:32.110, 0, 0 %, 0 %, 35270 MiB, 40.29 W
2026/09/20 07:35:32.110, 1, 0 %, 0 %, 35270 MiB, 39.77 W
2026/09/20 07:35:32.110, 2, 0 %, 0 %, 35270 MiB, 38.39 W
2026/09/20 07:35:37.112, 0, 0 %, 0 %, 35270 MiB, 40.30 W
2026/09/20 07:35:37.112, 1, 0 %, 0 %, 35270 MiB, 39.77 W
2026/09/20 07:35:37.112, 2, 0 %, 0 %, 35270 MiB, 38.39 W
2026/09/20 07:35:42.113, 0, 0 %, 0 %, 35270 MiB, 40.19 W
2026/09/20 07:35:42.113, 1, 0 %, 0 %, 35270 MiB, 39.87 W
2026/09/20 07:35:42.113, 2, 0 %, 0 %, 35270 MiB, 38.29 W
2026/09/20 07:35:47.114, 0, 0 %, 0 %, 35270 MiB, 40.26 W
2026/09/20 07:35:47.115, 1, 0 %, 0 %, 35270 MiB, 39.74 W
2026/09/20 07:35:47.115, 2, 0 %, 0 %, 35270 MiB, 38.46 W
2026/09/20 07:35:52.116, 0, 0 %, 0 %, 35270 MiB, 40.13 W
2026/09/20 07:35:52.117, 1, 0 %, 0 %, 35270 MiB, 39.71 W
2026/09/20 07:35:52.117, 2, 0 %, 0 %, 35270 MiB, 38.24 W
2026/09/20 07:35:57.117, 0, 0 %, 0 %, 35270 MiB, 40.05 W
2026/09/20 07:35:57.118, 1, 0 %, 0 %, 35270 MiB, 39.51 W
2026/09/20 07:35:57.118, 2, 0 %, 0 %, 35270 MiB, 38.26 W
2026/09/20 07:36:02.118, 0, 0 %, 0 %, 35270 MiB, 39.97 W
2026/09/20 07:36:02.119, 1, 0 %, 0 %, 35270 MiB, 39.53 W
2026/09/20 07:36:02.119, 2, 0 %, 0 %, 35270 MiB, 38.17 W
2026/09/20 07:36:07.123, 0, 0 %, 0 %, 35270 MiB, 40.00 W
2026/09/20 07:36:07.123, 1, 0 %, 0 %, 35270 MiB, 39.37 W
2026/09/20 07:36:07.124, 2, 0 %, 0 %, 35270 MiB, 38.19 W
2026/09/20 07:36:12.125, 0, 0 %, 0 %, 35270 MiB, 39.89 W
2026/09/20 07:36:12.125, 1, 0 %, 0 %, 35270 MiB, 39.27 W
2026/09/20 07:36:12.125, 2, 0 %, 0 %, 35270 MiB, 38.18 W
2026/09/20 07:36:17.126, 0, 0 %, 0 %, 35270 MiB, 39.70 W
2026/09/20 07:36:17.126, 1, 0 %, 0 %, 35270 MiB, 39.16 W
2026/09/20 07:36:17.127, 2, 0 %, 0 %, 35270 MiB, 37.99 W
2026/09/20 07:36:22.127, 0, 0 %, 0 %, 35270 MiB, 39.87 W
2026/09/20 07:36:22.128, 1, 0 %, 0 %, 35270 MiB, 39.24 W
2026/09/20 07:36:22.128, 2, 0 %, 0 %, 35270 MiB, 38.07 W
2026/09/20 07:36:27.133, 0, 0 %, 0 %, 35270 MiB, 39.65 W
2026/09/20 07:36:27.133, 1, 0 %, 0 %, 35270 MiB, 39.24 W
2026/09/20 07:36:27.133, 2, 0 %, 0 %, 35270 MiB, 37.87 W
2026/09/20 07:36:32.135, 0, 0 %, 0 %, 35270 MiB, 39.65 W
2026/09/20 07:36:32.135, 1, 0 %, 0 %, 35270 MiB, 39.22 W
2026/09/20 07:36:32.136, 2, 0 %, 0 %, 35270 MiB, 37.94 W
2026/09/20 07:36:37.137, 0, 0 %, 0 %, 35270 MiB, 39.74 W
2026/09/20 07:36:37.138, 1, 0 %, 0 %, 35270 MiB, 39.31 W
2026/09/20 07:36:37.138, 2, 0 %, 0 %, 35270 MiB, 37.85 W
2026/09/20 07:36:42.139, 0, 0 %, 0 %, 35270 MiB, 39.75 W
2026/09/20 07:36:42.140, 1, 0 %, 0 %, 35270 MiB, 39.24 W
2026/09/20 07:36:42.140, 2, 0 %, 0 %, 35270 MiB, 38.06 W
2026/09/20 07:36:47.141, 0, 0 %, 0 %, 35270 MiB, 39.65 W
2026/09/20 07:36:47.142, 1, 0 %, 0 %, 35270 MiB, 39.24 W
2026/09/20 07:36:47.142, 2, 0 %, 0 %, 35270 MiB, 37.77 W
2026/09/20 07:36:52.143, 0, 0 %, 0 %, 35270 MiB, 39.65 W
2026/09/20 07:36:52.144, 1, 0 %, 0 %, 35270 MiB, 39.23 W
2026/09/20 07:36:52.144, 2, 0 %, 0 %, 35270 MiB, 37.85 W
2026/09/20 07:36:57.145, 0, 0 %, 0 %, 35270 MiB, 39.65 W
2026/09/20 07:36:57.145, 1, 0 %, 0 %, 35270 MiB, 39.22 W
2026/09/20 07:36:57.146, 2, 0 %, 0 %, 35270 MiB, 37.75 W
2026/09/20 07:37:02.146, 0, 0 %, 0 %, 35270 MiB, 39.76 W
2026/09/20 07:37:02.147, 1, 0 %, 0 %, 35270 MiB, 39.04 W
2026/09/20 07:37:02.147, 2, 0 %, 0 %, 35270 MiB, 37.76 W
2026/09/20 07:37:07.148, 0, 0 %, 0 %, 35270 MiB, 39.65 W
2026/09/20 07:37:07.149, 1, 0 %, 0 %, 35270 MiB, 39.05 W
2026/09/20 07:37:07.149, 2, 0 %, 0 %, 35270 MiB, 37.77 W
2026/09/20 07:37:12.150, 0, 0 %, 0 %, 35270 MiB, 39.70 W
2026/09/20 07:37:12.150, 1, 0 %, 0 %, 35270 MiB, 39.14 W
2026/09/20 07:37:12.150, 2, 0 %, 0 %, 35270 MiB, 37.80 W
2026/09/20 07:37:17.152, 0, 0 %, 0 %, 35270 MiB, 39.87 W
2026/09/20 07:37:17.152, 1, 0 %, 0 %, 35270 MiB, 39.05 W
2026/09/20 07:37:17.152, 2, 0 %, 0 %, 35270 MiB, 37.97 W
2026/09/20 07:37:22.154, 0, 0 %, 0 %, 35270 MiB, 39.56 W
2026/09/20 07:37:22.154, 1, 0 %, 0 %, 35270 MiB, 39.02 W
2026/09/20 07:37:22.154, 2, 0 %, 0 %, 35270 MiB, 37.94 W
2026/09/20 07:37:27.156, 0, 0 %, 0 %, 35270 MiB, 39.45 W
2026/09/20 07:37:27.157, 1, 0 %, 0 %, 35270 MiB, 38.92 W
2026/09/20 07:37:27.157, 2, 0 %, 0 %, 35270 MiB, 37.75 W
2026/09/20 07:37:32.158, 0, 0 %, 0 %, 35270 MiB, 39.36 W
2026/09/20 07:37:32.158, 1, 0 %, 0 %, 35270 MiB, 38.93 W
2026/09/20 07:37:32.159, 2, 0 %, 0 %, 35270 MiB, 37.77 W
2026/09/20 07:37:37.160, 0, 0 %, 0 %, 35270 MiB, 39.55 W
2026/09/20 07:37:37.161, 1, 0 %, 0 %, 35270 MiB, 38.92 W
2026/09/20 07:37:37.161, 2, 0 %, 0 %, 35270 MiB, 37.64 W
2026/09/20 07:37:42.162, 0, 0 %, 0 %, 35270 MiB, 39.45 W
2026/09/20 07:37:42.163, 1, 0 %, 0 %, 35270 MiB, 38.92 W
2026/09/20 07:37:42.163, 2, 0 %, 0 %, 35270 MiB, 37.54 W
2026/09/20 07:37:47.164, 0, 0 %, 0 %, 35270 MiB, 39.35 W
2026/09/20 07:37:47.165, 1, 0 %, 0 %, 35270 MiB, 39.22 W
2026/09/20 07:37:47.165, 2, 0 %, 0 %, 35270 MiB, 37.64 W
2026/09/20 07:37:52.171, 0, 0 %, 0 %, 35270 MiB, 39.44 W
2026/09/20 07:37:52.171, 1, 0 %, 0 %, 35270 MiB, 39.02 W
2026/09/20 07:37:52.171, 2, 0 %, 0 %, 35270 MiB, 37.53 W
2026/09/20 07:37:57.172, 0, 0 %, 0 %, 35270 MiB, 39.45 W
2026/09/20 07:37:57.172, 1, 0 %, 0 %, 35270 MiB, 38.92 W
2026/09/20 07:37:57.173, 2, 0 %, 0 %, 35270 MiB, 37.64 W
2026/09/20 07:38:02.174, 0, 0 %, 0 %, 35270 MiB, 39.44 W
2026/09/20 07:38:02.174, 1, 0 %, 0 %, 35270 MiB, 38.92 W
2026/09/20 07:38:02.174, 2, 0 %, 0 %, 35270 MiB, 37.54 W
2026/09/20 07:38:07.176, 0, 0 %, 0 %, 35270 MiB, 39.46 W
2026/09/20 07:38:07.176, 1, 0 %, 0 %, 35270 MiB, 38.85 W
2026/09/20 07:38:07.177, 2, 0 %, 0 %, 35270 MiB, 37.56 W
2026/09/20 07:38:12.178, 0, 0 %, 0 %, 35270 MiB, 39.56 W
2026/09/20 07:38:12.178, 1, 0 %, 0 %, 35270 MiB, 38.65 W
2026/09/20 07:38:12.178, 2, 0 %, 0 %, 35270 MiB, 37.87 W
2026/09/20 07:38:17.180, 0, 0 %, 0 %, 35270 MiB, 39.47 W
2026/09/20 07:38:17.181, 1, 0 %, 0 %, 35270 MiB, 38.75 W
2026/09/20 07:38:17.181, 2, 0 %, 0 %, 35270 MiB, 37.56 W
2026/09/20 07:38:22.181, 0, 0 %, 0 %, 35270 MiB, 39.47 W
2026/09/20 07:38:22.182, 1, 0 %, 0 %, 35270 MiB, 39.05 W
2026/09/20 07:38:22.182, 2, 0 %, 0 %, 35270 MiB, 37.56 W
2026/09/20 07:38:27.183, 0, 0 %, 0 %, 35270 MiB, 39.38 W
2026/09/20 07:38:27.183, 1, 0 %, 0 %, 35270 MiB, 38.84 W
2026/09/20 07:38:27.183, 2, 0 %, 0 %, 35270 MiB, 37.67 W
2026/09/20 07:38:32.185, 0, 0 %, 0 %, 35270 MiB, 39.47 W
2026/09/20 07:38:32.185, 1, 0 %, 0 %, 35270 MiB, 38.75 W
2026/09/20 07:38:32.185, 2, 0 %, 0 %, 35270 MiB, 37.77 W
2026/09/20 07:38:37.187, 0, 0 %, 0 %, 35270 MiB, 39.17 W
2026/09/20 07:38:37.188, 1, 0 %, 0 %, 35270 MiB, 38.75 W
2026/09/20 07:38:37.199, 2, 0 %, 0 %, 35270 MiB, 37.56 W
2026/09/20 07:38:42.201, 0, 0 %, 0 %, 35270 MiB, 39.17 W
2026/09/20 07:38:42.201, 1, 0 %, 0 %, 35270 MiB, 38.74 W
2026/09/20 07:38:42.201, 2, 0 %, 0 %, 35270 MiB, 37.36 W
2026/09/20 07:38:47.203, 0, 0 %, 0 %, 35270 MiB, 39.18 W
2026/09/20 07:38:47.203, 1, 0 %, 0 %, 35270 MiB, 38.74 W
2026/09/20 07:38:47.204, 2, 0 %, 0 %, 35270 MiB, 37.36 W
2026/09/20 07:38:52.205, 0, 0 %, 0 %, 35270 MiB, 39.16 W
2026/09/20 07:38:52.205, 1, 0 %, 0 %, 35270 MiB, 38.63 W
2026/09/20 07:38:52.206, 2, 0 %, 0 %, 35270 MiB, 37.44 W
2026/09/20 07:38:57.207, 0, 0 %, 0 %, 35270 MiB, 39.16 W
2026/09/20 07:38:57.207, 1, 0 %, 0 %, 35270 MiB, 38.92 W
2026/09/20 07:38:57.208, 2, 0 %, 0 %, 35270 MiB, 37.44 W
2026/09/20 07:39:02.209, 0, 0 %, 0 %, 35270 MiB, 39.20 W
2026/09/20 07:39:02.209, 1, 0 %, 0 %, 35270 MiB, 38.65 W
2026/09/20 07:39:02.209, 2, 0 %, 0 %, 35270 MiB, 37.28 W
2026/09/20 07:39:07.210, 0, 0 %, 0 %, 35270 MiB, 39.39 W
2026/09/20 07:39:07.211, 1, 0 %, 0 %, 35270 MiB, 38.78 W
2026/09/20 07:39:07.211, 2, 0 %, 0 %, 35270 MiB, 37.39 W
2026/09/20 07:39:12.212, 0, 0 %, 0 %, 35270 MiB, 39.28 W
2026/09/20 07:39:12.212, 1, 0 %, 0 %, 35270 MiB, 38.75 W
2026/09/20 07:39:12.212, 2, 0 %, 0 %, 35270 MiB, 37.36 W
2026/09/20 07:39:17.214, 0, 0 %, 0 %, 35270 MiB, 39.26 W
2026/09/20 07:39:17.214, 1, 0 %, 0 %, 35270 MiB, 38.56 W
2026/09/20 07:39:17.215, 2, 0 %, 0 %, 35270 MiB, 37.36 W
2026/09/20 07:39:22.215, 0, 0 %, 0 %, 35270 MiB, 39.24 W
2026/09/20 07:39:22.216, 1, 0 %, 0 %, 35270 MiB, 38.63 W
2026/09/20 07:39:22.216, 2, 0 %, 0 %, 35270 MiB, 37.53 W
2026/09/20 07:39:27.217, 0, 0 %, 0 %, 35270 MiB, 39.45 W
2026/09/20 07:39:27.217, 1, 0 %, 0 %, 35270 MiB, 38.63 W
2026/09/20 07:39:27.217, 2, 0 %, 0 %, 35270 MiB, 37.35 W
2026/09/20 07:39:32.219, 0, 0 %, 0 %, 35270 MiB, 39.28 W
2026/09/20 07:39:32.219, 1, 0 %, 0 %, 35270 MiB, 38.84 W
2026/09/20 07:39:32.220, 2, 0 %, 0 %, 35270 MiB, 37.46 W
2026/09/20 07:39:37.221, 0, 0 %, 0 %, 35270 MiB, 39.11 W
2026/09/20 07:39:37.221, 1, 0 %, 0 %, 35270 MiB, 38.65 W
2026/09/20 07:39:37.221, 2, 0 %, 0 %, 35270 MiB, 37.47 W
2026/09/20 07:39:42.222, 0, 0 %, 0 %, 35270 MiB, 39.08 W
2026/09/20 07:39:42.223, 1, 0 %, 0 %, 35270 MiB, 38.56 W
2026/09/20 07:39:42.223, 2, 0 %, 0 %, 35270 MiB, 37.46 W
2026/09/20 07:39:47.224, 0, 0 %, 0 %, 35270 MiB, 39.16 W
2026/09/20 07:39:47.224, 1, 0 %, 0 %, 35270 MiB, 38.63 W
2026/09/20 07:39:47.224, 2, 0 %, 0 %, 35270 MiB, 37.54 W
2026/09/20 07:39:52.226, 0, 0 %, 0 %, 35270 MiB, 39.16 W
2026/09/20 07:39:52.226, 1, 0 %, 0 %, 35270 MiB, 38.63 W
2026/09/20 07:39:52.227, 2, 0 %, 0 %, 35270 MiB, 37.44 W
2026/09/20 07:39:57.227, 0, 0 %, 0 %, 35270 MiB, 39.18 W
2026/09/20 07:39:57.227, 1, 0 %, 0 %, 35270 MiB, 38.64 W
2026/09/20 07:39:57.227, 2, 0 %, 0 %, 35270 MiB, 37.33 W
2026/09/20 07:40:02.228, 0, 0 %, 0 %, 35270 MiB, 39.07 W
2026/09/20 07:40:02.228, 1, 0 %, 0 %, 35270 MiB, 38.63 W
2026/09/20 07:40:02.228, 2, 0 %, 0 %, 35270 MiB, 37.35 W
2026/09/20 07:40:07.230, 0, 0 %, 0 %, 35270 MiB, 39.24 W
2026/09/20 07:40:07.230, 1, 0 %, 0 %, 35270 MiB, 38.83 W
2026/09/20 07:40:07.230, 2, 0 %, 0 %, 35270 MiB, 37.44 W
2026/09/20 07:40:12.238, 0, 0 %, 0 %, 35270 MiB, 39.17 W
2026/09/20 07:40:12.239, 1, 0 %, 0 %, 35270 MiB, 38.74 W
2026/09/20 07:40:12.239, 2, 0 %, 0 %, 35270 MiB, 37.35 W
2026/09/20 07:40:17.240, 0, 0 %, 0 %, 35270 MiB, 39.35 W
2026/09/20 07:40:17.249, 1, 0 %, 0 %, 35270 MiB, 38.73 W
2026/09/20 07:40:17.250, 2, 0 %, 0 %, 35270 MiB, 37.44 W
2026/09/20 07:40:22.262, 0, 0 %, 0 %, 35270 MiB, 39.36 W
2026/09/20 07:40:22.263, 1, 0 %, 0 %, 35270 MiB, 38.53 W
2026/09/20 07:40:22.263, 2, 0 %, 0 %, 35270 MiB, 37.33 W
2026/09/20 07:40:27.264, 0, 0 %, 0 %, 35270 MiB, 39.16 W
2026/09/20 07:40:27.265, 1, 0 %, 0 %, 35270 MiB, 38.44 W
2026/09/20 07:40:27.265, 2, 0 %, 0 %, 35270 MiB, 37.44 W
2026/09/20 07:40:32.266, 0, 0 %, 0 %, 35270 MiB, 39.17 W
2026/09/20 07:40:32.267, 1, 0 %, 0 %, 35270 MiB, 38.45 W
2026/09/20 07:40:32.267, 2, 0 %, 0 %, 35270 MiB, 37.36 W
2026/09/20 07:40:37.268, 0, 0 %, 0 %, 35270 MiB, 39.18 W
2026/09/20 07:40:37.268, 1, 0 %, 0 %, 35270 MiB, 38.46 W
2026/09/20 07:40:37.269, 2, 0 %, 0 %, 35270 MiB, 37.37 W
2026/09/20 07:40:42.269, 0, 0 %, 0 %, 35270 MiB, 39.09 W
2026/09/20 07:40:42.270, 1, 0 %, 0 %, 35270 MiB, 38.66 W
2026/09/20 07:40:42.270, 2, 0 %, 0 %, 35270 MiB, 37.36 W
2026/09/20 07:40:47.270, 0, 0 %, 0 %, 35270 MiB, 38.97 W
2026/09/20 07:40:47.271, 1, 0 %, 0 %, 35270 MiB, 38.53 W
2026/09/20 07:40:47.271, 2, 0 %, 0 %, 35270 MiB, 37.56 W
2026/09/20 07:40:52.272, 0, 0 %, 0 %, 35270 MiB, 38.99 W
2026/09/20 07:40:52.272, 1, 0 %, 0 %, 35270 MiB, 38.46 W
2026/09/20 07:40:52.272, 2, 0 %, 0 %, 35270 MiB, 37.37 W
2026/09/20 07:40:57.273, 0, 0 %, 0 %, 35270 MiB, 38.96 W
2026/09/20 07:40:57.273, 1, 0 %, 0 %, 35270 MiB, 38.44 W
2026/09/20 07:40:57.274, 2, 0 %, 0 %, 35270 MiB, 37.14 W
2026/09/20 07:41:02.275, 0, 0 %, 0 %, 35270 MiB, 38.98 W
2026/09/20 07:41:02.275, 1, 0 %, 0 %, 35270 MiB, 38.46 W
2026/09/20 07:41:02.276, 2, 0 %, 0 %, 35270 MiB, 37.16 W
2026/09/20 07:41:07.276, 0, 0 %, 0 %, 35270 MiB, 38.86 W
2026/09/20 07:41:07.277, 1, 0 %, 0 %, 35270 MiB, 38.44 W
2026/09/20 07:41:07.277, 2, 0 %, 0 %, 35270 MiB, 37.25 W
2026/09/20 07:41:12.278, 0, 0 %, 0 %, 35270 MiB, 38.97 W
2026/09/20 07:41:12.279, 1, 0 %, 0 %, 35270 MiB, 38.45 W
2026/09/20 07:41:12.279, 2, 0 %, 0 %, 35270 MiB, 37.15 W
2026/09/20 07:41:17.279, 0, 0 %, 0 %, 35270 MiB, 39.21 W
2026/09/20 07:41:17.280, 1, 0 %, 0 %, 35270 MiB, 38.58 W
2026/09/20 07:41:17.280, 2, 0 %, 0 %, 35270 MiB, 37.18 W
2026/09/20 07:41:22.280, 0, 0 %, 0 %, 35270 MiB, 38.99 W
2026/09/20 07:41:22.281, 1, 0 %, 0 %, 35270 MiB, 38.56 W
2026/09/20 07:41:22.281, 2, 0 %, 0 %, 35270 MiB, 37.37 W
2026/09/20 07:41:27.282, 0, 0 %, 0 %, 35270 MiB, 39.08 W
2026/09/20 07:41:27.282, 1, 0 %, 0 %, 35270 MiB, 38.57 W
2026/09/20 07:41:27.282, 2, 0 %, 0 %, 35270 MiB, 37.37 W
2026/09/20 07:41:32.283, 0, 0 %, 0 %, 35270 MiB, 39.07 W
2026/09/20 07:41:32.284, 1, 0 %, 0 %, 35270 MiB, 38.46 W
2026/09/20 07:41:32.284, 2, 0 %, 0 %, 35270 MiB, 37.25 W
2026/09/20 07:41:37.284, 0, 0 %, 0 %, 35270 MiB, 39.40 W
2026/09/20 07:41:37.285, 1, 0 %, 0 %, 35270 MiB, 38.68 W
2026/09/20 07:41:37.285, 2, 0 %, 0 %, 35270 MiB, 37.28 W
2026/09/20 07:41:42.285, 0, 0 %, 0 %, 35270 MiB, 39.31 W
2026/09/20 07:41:42.286, 1, 0 %, 0 %, 35270 MiB, 38.49 W
2026/09/20 07:41:42.286, 2, 0 %, 0 %, 35270 MiB, 37.58 W
2026/09/20 07:41:47.286, 0, 0 %, 0 %, 35270 MiB, 39.22 W
2026/09/20 07:41:47.287, 1, 0 %, 0 %, 35270 MiB, 38.49 W
2026/09/20 07:41:47.287, 2, 0 %, 0 %, 35270 MiB, 37.39 W
2026/09/20 07:41:52.287, 0, 0 %, 0 %, 35270 MiB, 39.02 W
2026/09/20 07:41:52.288, 1, 0 %, 0 %, 35270 MiB, 38.49 W
2026/09/20 07:41:52.288, 2, 0 %, 0 %, 35270 MiB, 37.39 W
2026/09/20 07:41:57.289, 0, 0 %, 0 %, 35270 MiB, 39.40 W
2026/09/20 07:41:57.289, 1, 0 %, 0 %, 35270 MiB, 39.27 W
2026/09/20 07:41:57.289, 2, 0 %, 0 %, 35270 MiB, 37.39 W
2026/09/20 07:42:02.289, 0, 0 %, 0 %, 35270 MiB, 39.18 W
2026/09/20 07:42:02.289, 1, 0 %, 0 %, 35270 MiB, 38.56 W
2026/09/20 07:42:02.289, 2, 0 %, 0 %, 35270 MiB, 37.56 W
2026/09/20 07:42:07.290, 0, 0 %, 0 %, 35270 MiB, 39.21 W
2026/09/20 07:42:07.290, 1, 0 %, 0 %, 35270 MiB, 38.58 W
2026/09/20 07:42:07.290, 2, 0 %, 0 %, 35270 MiB, 37.28 W
2026/09/20 07:42:12.292, 0, 0 %, 0 %, 35270 MiB, 39.08 W
2026/09/20 07:42:12.292, 1, 0 %, 0 %, 35270 MiB, 38.65 W
2026/09/20 07:42:12.292, 2, 0 %, 0 %, 35270 MiB, 37.26 W
2026/09/20 07:42:17.293, 0, 0 %, 0 %, 35270 MiB, 39.22 W
2026/09/20 07:42:17.293, 1, 0 %, 0 %, 35270 MiB, 38.69 W
2026/09/20 07:42:17.293, 2, 0 %, 0 %, 35270 MiB, 37.39 W
2026/09/20 07:42:22.293, 0, 0 %, 0 %, 35270 MiB, 39.22 W
2026/09/20 07:42:22.294, 1, 0 %, 0 %, 35270 MiB, 38.68 W
2026/09/20 07:42:22.294, 2, 0 %, 0 %, 35270 MiB, 37.59 W
2026/09/20 07:42:27.295, 0, 0 %, 0 %, 35270 MiB, 39.19 W
2026/09/20 07:42:27.295, 1, 0 %, 0 %, 35270 MiB, 38.76 W
2026/09/20 07:42:27.296, 2, 0 %, 0 %, 35270 MiB, 37.39 W
2026/09/20 07:42:32.297, 0, 0 %, 0 %, 35270 MiB, 39.55 W
2026/09/20 07:42:32.297, 1, 0 %, 0 %, 35270 MiB, 38.83 W
2026/09/20 07:42:32.297, 2, 0 %, 0 %, 35270 MiB, 37.34 W
2026/09/20 07:42:37.298, 0, 0 %, 0 %, 35270 MiB, 39.31 W
2026/09/20 07:42:37.299, 1, 0 %, 0 %, 35270 MiB, 38.58 W
2026/09/20 07:42:37.299, 2, 0 %, 0 %, 35270 MiB, 37.39 W
2026/09/20 07:42:42.299, 0, 0 %, 0 %, 35270 MiB, 39.26 W
2026/09/20 07:42:42.299, 1, 0 %, 0 %, 35270 MiB, 38.55 W
2026/09/20 07:42:42.300, 2, 0 %, 0 %, 35270 MiB, 37.46 W
2026/09/20 07:42:47.301, 0, 0 %, 0 %, 35270 MiB, 39.25 W
2026/09/20 07:42:47.301, 1, 0 %, 0 %, 35270 MiB, 38.44 W
2026/09/20 07:42:47.301, 2, 0 %, 0 %, 35270 MiB, 37.44 W
2026/09/20 07:42:52.303, 0, 0 %, 0 %, 35270 MiB, 39.36 W
2026/09/20 07:42:52.304, 1, 0 %, 0 %, 35270 MiB, 38.45 W
2026/09/20 07:42:52.304, 2, 0 %, 0 %, 35270 MiB, 37.44 W
2026/09/20 07:42:57.305, 0, 0 %, 0 %, 35270 MiB, 39.07 W
2026/09/20 07:42:57.305, 1, 0 %, 0 %, 35270 MiB, 38.54 W
2026/09/20 07:42:57.305, 2, 0 %, 0 %, 35270 MiB, 37.36 W
2026/09/20 07:43:02.306, 0, 0 %, 0 %, 35270 MiB, 39.06 W
2026/09/20 07:43:02.307, 1, 0 %, 0 %, 35270 MiB, 38.53 W
2026/09/20 07:43:02.307, 2, 0 %, 0 %, 35270 MiB, 37.45 W
2026/09/20 07:43:07.308, 0, 0 %, 0 %, 35270 MiB, 39.00 W
2026/09/20 07:43:07.308, 1, 0 %, 0 %, 35270 MiB, 38.75 W
2026/09/20 07:43:07.309, 2, 0 %, 0 %, 35270 MiB, 37.49 W
2026/09/20 07:43:12.310, 0, 0 %, 0 %, 35270 MiB, 39.19 W
2026/09/20 07:43:12.311, 1, 0 %, 0 %, 35270 MiB, 38.66 W
2026/09/20 07:43:12.311, 2, 0 %, 0 %, 35270 MiB, 37.25 W
2026/09/20 07:43:17.312, 0, 0 %, 0 %, 35270 MiB, 39.17 W
2026/09/20 07:43:17.312, 1, 0 %, 0 %, 35270 MiB, 38.63 W
2026/09/20 07:43:17.313, 2, 0 %, 0 %, 35270 MiB, 37.44 W
2026/09/20 07:43:22.314, 0, 0 %, 0 %, 35270 MiB, 39.14 W
2026/09/20 07:43:22.314, 1, 0 %, 0 %, 35270 MiB, 38.63 W
2026/09/20 07:43:22.314, 2, 0 %, 0 %, 35270 MiB, 37.44 W
2026/09/20 07:43:27.316, 0, 0 %, 0 %, 35270 MiB, 39.16 W
2026/09/20 07:43:27.317, 1, 0 %, 0 %, 35270 MiB, 38.63 W
2026/09/20 07:43:27.317, 2, 0 %, 0 %, 35270 MiB, 37.24 W
2026/09/20 07:43:32.318, 0, 0 %, 0 %, 35270 MiB, 39.15 W
2026/09/20 07:43:32.319, 1, 0 %, 0 %, 35270 MiB, 38.63 W
2026/09/20 07:43:32.319, 2, 0 %, 0 %, 35270 MiB, 37.23 W
2026/09/20 07:43:37.320, 0, 0 %, 0 %, 35270 MiB, 39.16 W
2026/09/20 07:43:37.320, 1, 0 %, 0 %, 35270 MiB, 38.53 W
2026/09/20 07:43:37.320, 2, 0 %, 0 %, 35270 MiB, 37.44 W
2026/09/20 07:43:42.321, 0, 0 %, 0 %, 35270 MiB, 39.07 W
2026/09/20 07:43:42.322, 1, 0 %, 0 %, 35270 MiB, 38.83 W
2026/09/20 07:43:42.322, 2, 0 %, 0 %, 35270 MiB, 37.24 W
2026/09/20 07:43:47.322, 0, 0 %, 0 %, 35270 MiB, 39.45 W
2026/09/20 07:43:47.322, 1, 0 %, 0 %, 35270 MiB, 38.44 W
2026/09/20 07:43:47.323, 2, 0 %, 0 %, 35270 MiB, 37.25 W
2026/09/20 07:43:52.324, 0, 0 %, 0 %, 35270 MiB, 39.24 W
2026/09/20 07:43:52.324, 1, 0 %, 0 %, 35270 MiB, 38.44 W
2026/09/20 07:43:52.325, 2, 0 %, 0 %, 35270 MiB, 37.33 W
2026/09/20 07:43:57.325, 0, 0 %, 0 %, 35270 MiB, 39.06 W
2026/09/20 07:43:57.326, 1, 0 %, 0 %, 35270 MiB, 38.44 W
2026/09/20 07:43:57.326, 2, 0 %, 0 %, 35270 MiB, 37.44 W
2026/09/20 07:44:02.327, 0, 0 %, 0 %, 35270 MiB, 39.06 W
2026/09/20 07:44:02.327, 1, 0 %, 0 %, 35270 MiB, 38.53 W
2026/09/20 07:44:02.328, 2, 0 %, 0 %, 35270 MiB, 37.35 W
2026/09/20 07:44:07.329, 0, 0 %, 0 %, 35270 MiB, 39.18 W
2026/09/20 07:44:07.330, 1, 0 %, 0 %, 35270 MiB, 38.46 W
2026/09/20 07:44:07.330, 2, 0 %, 0 %, 35270 MiB, 37.36 W
2026/09/20 07:44:12.331, 0, 0 %, 0 %, 35270 MiB, 38.99 W
2026/09/20 07:44:12.332, 1, 0 %, 0 %, 35270 MiB, 38.44 W
2026/09/20 07:44:12.332, 2, 0 %, 0 %, 35270 MiB, 37.35 W
2026/09/20 07:44:17.333, 0, 0 %, 0 %, 35270 MiB, 38.97 W
2026/09/20 07:44:17.334, 1, 0 %, 0 %, 35270 MiB, 38.44 W
2026/09/20 07:44:17.334, 2, 0 %, 0 %, 35270 MiB, 37.25 W
2026/09/20 07:44:22.335, 0, 0 %, 0 %, 35270 MiB, 47.76 W
2026/09/20 07:44:22.335, 1, 0 %, 0 %, 35270 MiB, 38.54 W
2026/09/20 07:44:22.335, 2, 0 %, 0 %, 35270 MiB, 37.15 W
2026/09/20 07:44:27.336, 0, 0 %, 0 %, 35270 MiB, 39.20 W
2026/09/20 07:44:27.337, 1, 0 %, 0 %, 35270 MiB, 38.49 W
2026/09/20 07:44:27.337, 2, 0 %, 0 %, 35270 MiB, 37.18 W
2026/09/20 07:44:32.338, 0, 0 %, 0 %, 35270 MiB, 38.97 W
2026/09/20 07:44:32.338, 1, 0 %, 0 %, 35270 MiB, 38.46 W
2026/09/20 07:44:32.338, 2, 0 %, 0 %, 35270 MiB, 37.16 W
2026/09/20 07:44:37.340, 0, 3 %, 0 %, 35270 MiB, 38.96 W
2026/09/20 07:44:37.340, 1, 0 %, 0 %, 35270 MiB, 38.63 W
2026/09/20 07:44:37.341, 2, 0 %, 0 %, 35270 MiB, 37.14 W
2026/09/20 07:44:42.341, 0, 0 %, 0 %, 35270 MiB, 38.99 W
2026/09/20 07:44:42.342, 1, 0 %, 0 %, 35270 MiB, 38.46 W
2026/09/20 07:44:42.342, 2, 0 %, 0 %, 35270 MiB, 37.06 W
2026/09/20 07:44:47.350, 0, 0 %, 0 %, 35270 MiB, 38.97 W
2026/09/20 07:44:47.351, 1, 0 %, 0 %, 35270 MiB, 38.44 W
2026/09/20 07:44:47.351, 2, 0 %, 0 %, 35270 MiB, 37.15 W
2026/09/20 07:44:52.351, 0, 0 %, 0 %, 35270 MiB, 39.00 W
2026/09/20 07:44:52.352, 1, 0 %, 0 %, 35270 MiB, 38.28 W
2026/09/20 07:44:52.352, 2, 0 %, 0 %, 35270 MiB, 37.39 W
2026/09/20 07:44:57.353, 0, 0 %, 0 %, 35270 MiB, 39.04 W
2026/09/20 07:44:57.353, 1, 0 %, 0 %, 35270 MiB, 38.33 W
2026/09/20 07:44:57.353, 2, 0 %, 0 %, 35270 MiB, 37.34 W
2026/09/20 07:45:02.362, 0, 0 %, 0 %, 35270 MiB, 39.15 W
2026/09/20 07:45:02.363, 1, 0 %, 0 %, 35270 MiB, 38.23 W
2026/09/20 07:45:02.363, 2, 0 %, 0 %, 35270 MiB, 37.23 W
2026/09/20 07:45:07.364, 0, 0 %, 0 %, 35270 MiB, 38.99 W
2026/09/20 07:45:07.364, 1, 0 %, 0 %, 35270 MiB, 38.25 W
2026/09/20 07:45:07.365, 2, 0 %, 0 %, 35270 MiB, 37.25 W
2026/09/20 07:45:12.376, 0, 0 %, 0 %, 35270 MiB, 40.54 W
2026/09/20 07:45:12.377, 1, 0 %, 0 %, 35270 MiB, 38.53 W
2026/09/20 07:45:12.377, 2, 0 %, 0 %, 35270 MiB, 37.44 W
2026/09/20 07:45:17.378, 0, 0 %, 0 %, 35270 MiB, 39.94 W
2026/09/20 07:45:17.379, 1, 0 %, 0 %, 35270 MiB, 38.33 W
2026/09/20 07:45:17.379, 2, 0 %, 0 %, 35270 MiB, 37.24 W
2026/09/20 07:45:22.380, 0, 2 %, 0 %, 35270 MiB, 38.86 W
2026/09/20 07:45:22.381, 1, 0 %, 0 %, 35270 MiB, 38.23 W
2026/09/20 07:45:22.381, 2, 0 %, 0 %, 35270 MiB, 37.24 W
2026/09/20 07:45:27.382, 0, 0 %, 0 %, 35270 MiB, 38.85 W
2026/09/20 07:45:27.383, 1, 0 %, 0 %, 35270 MiB, 38.23 W
2026/09/20 07:45:27.383, 2, 0 %, 0 %, 35270 MiB, 37.04 W
2026/09/20 07:45:32.388, 0, 0 %, 0 %, 35270 MiB, 38.85 W
2026/09/20 07:45:32.388, 1, 0 %, 0 %, 35270 MiB, 38.34 W
2026/09/20 07:45:32.388, 2, 0 %, 0 %, 35270 MiB, 37.24 W
2026/09/20 07:45:37.388, 0, 0 %, 0 %, 35270 MiB, 38.56 W
2026/09/20 07:45:37.389, 1, 0 %, 0 %, 35270 MiB, 38.22 W
2026/09/20 07:45:37.389, 2, 0 %, 0 %, 35270 MiB, 37.14 W
2026/09/20 07:45:42.398, 0, 21 %, 1 %, 35270 MiB, 38.85 W
2026/09/20 07:45:42.398, 1, 0 %, 0 %, 35270 MiB, 38.33 W
2026/09/20 07:45:42.398, 2, 0 %, 0 %, 35270 MiB, 37.04 W
2026/09/20 07:45:47.400, 0, 25 %, 1 %, 35270 MiB, 38.86 W
2026/09/20 07:45:47.400, 1, 0 %, 0 %, 35270 MiB, 38.49 W
2026/09/20 07:45:47.401, 2, 0 %, 0 %, 35270 MiB, 37.06 W
2026/09/20 07:45:52.405, 0, 25 %, 1 %, 35270 MiB, 38.75 W
2026/09/20 07:45:52.405, 1, 0 %, 0 %, 35270 MiB, 38.26 W
2026/09/20 07:45:52.406, 2, 0 %, 0 %, 35270 MiB, 37.06 W
2026/09/20 07:45:57.407, 0, 0 %, 0 %, 35270 MiB, 38.88 W
2026/09/20 07:45:57.407, 1, 0 %, 0 %, 35270 MiB, 38.15 W
2026/09/20 07:45:57.407, 2, 0 %, 0 %, 35270 MiB, 36.96 W
2026/09/20 07:46:02.408, 0, 0 %, 0 %, 35270 MiB, 38.52 W
2026/09/20 07:46:02.409, 1, 0 %, 0 %, 35270 MiB, 38.08 W
2026/09/20 07:46:02.409, 2, 0 %, 0 %, 35270 MiB, 37.08 W
2026/09/20 07:46:07.410, 0, 19 %, 1 %, 35270 MiB, 38.57 W
2026/09/20 07:46:07.411, 1, 0 %, 0 %, 35270 MiB, 38.28 W
2026/09/20 07:46:07.411, 2, 0 %, 0 %, 35270 MiB, 37.16 W
2026/09/20 07:46:12.411, 0, 0 %, 0 %, 35270 MiB, 38.97 W
2026/09/20 07:46:12.412, 1, 0 %, 0 %, 35270 MiB, 39.53 W
2026/09/20 07:46:12.412, 2, 0 %, 0 %, 35270 MiB, 37.15 W
2026/09/20 07:46:17.413, 0, 0 %, 0 %, 35270 MiB, 38.88 W
2026/09/20 07:46:17.413, 1, 0 %, 0 %, 35270 MiB, 38.16 W
2026/09/20 07:46:17.414, 2, 0 %, 0 %, 35270 MiB, 37.18 W
2026/09/20 07:46:22.415, 0, 0 %, 0 %, 35270 MiB, 38.85 W
2026/09/20 07:46:22.415, 1, 0 %, 0 %, 35270 MiB, 38.53 W
2026/09/20 07:46:22.415, 2, 0 %, 0 %, 35270 MiB, 37.14 W
2026/09/20 07:46:27.417, 0, 0 %, 0 %, 35270 MiB, 38.78 W
2026/09/20 07:46:27.417, 1, 0 %, 0 %, 35270 MiB, 38.35 W
2026/09/20 07:46:27.418, 2, 0 %, 0 %, 35270 MiB, 37.26 W
2026/09/20 07:46:32.419, 0, 0 %, 0 %, 35270 MiB, 38.76 W
2026/09/20 07:46:32.419, 1, 0 %, 0 %, 35270 MiB, 43.19 W
2026/09/20 07:46:32.419, 2, 0 %, 0 %, 35270 MiB, 37.05 W
2026/09/20 07:46:37.421, 0, 0 %, 0 %, 35270 MiB, 38.74 W
2026/09/20 07:46:37.421, 1, 0 %, 0 %, 35270 MiB, 38.32 W
2026/09/20 07:46:37.421, 2, 0 %, 0 %, 35270 MiB, 36.93 W
2026/09/20 07:46:42.430, 0, 0 %, 0 %, 35270 MiB, 38.75 W
2026/09/20 07:46:42.430, 1, 0 %, 0 %, 35270 MiB, 38.33 W
2026/09/20 07:46:42.431, 2, 0 %, 0 %, 35270 MiB, 37.04 W
2026/09/20 07:46:47.432, 0, 0 %, 0 %, 35270 MiB, 39.05 W
2026/09/20 07:46:47.432, 1, 0 %, 0 %, 35270 MiB, 38.44 W
2026/09/20 07:46:47.433, 2, 0 %, 0 %, 35270 MiB, 37.34 W
2026/09/20 07:46:52.434, 0, 0 %, 0 %, 35270 MiB, 38.86 W
2026/09/20 07:46:52.434, 1, 0 %, 0 %, 35270 MiB, 38.33 W
2026/09/20 07:46:52.434, 2, 0 %, 0 %, 35270 MiB, 37.14 W
2026/09/20 07:46:57.436, 0, 0 %, 0 %, 35270 MiB, 38.87 W
2026/09/20 07:46:57.437, 1, 0 %, 0 %, 35270 MiB, 38.44 W
2026/09/20 07:46:57.437, 2, 0 %, 0 %, 35270 MiB, 37.05 W
2026/09/20 07:47:02.438, 0, 0 %, 0 %, 35270 MiB, 38.90 W
2026/09/20 07:47:02.438, 1, 0 %, 0 %, 35270 MiB, 38.36 W
2026/09/20 07:47:02.438, 2, 0 %, 0 %, 35270 MiB, 37.18 W
2026/09/20 07:47:07.440, 0, 0 %, 0 %, 35270 MiB, 39.08 W
2026/09/20 07:47:07.441, 1, 0 %, 0 %, 35270 MiB, 38.25 W
2026/09/20 07:47:07.441, 2, 0 %, 0 %, 35270 MiB, 37.27 W
2026/09/20 07:47:12.441, 0, 0 %, 0 %, 35270 MiB, 39.01 W
2026/09/20 07:47:12.442, 1, 0 %, 0 %, 35270 MiB, 46.29 W
2026/09/20 07:47:12.442, 2, 0 %, 0 %, 35270 MiB, 37.18 W
2026/09/20 07:47:17.442, 0, 0 %, 0 %, 35270 MiB, 38.99 W
2026/09/20 07:47:17.443, 1, 0 %, 0 %, 35270 MiB, 38.25 W
2026/09/20 07:47:17.443, 2, 0 %, 0 %, 35270 MiB, 37.18 W
2026/09/20 07:47:22.444, 0, 0 %, 0 %, 35270 MiB, 38.91 W
2026/09/20 07:47:22.444, 1, 0 %, 0 %, 35270 MiB, 38.28 W
2026/09/20 07:47:22.445, 2, 0 %, 0 %, 35270 MiB, 37.28 W
2026/09/20 07:47:27.445, 0, 0 %, 0 %, 35270 MiB, 38.99 W
2026/09/20 07:47:27.446, 1, 0 %, 0 %, 35270 MiB, 38.35 W
2026/09/20 07:47:27.446, 2, 0 %, 0 %, 35270 MiB, 37.27 W
2026/09/20 07:47:32.447, 0, 0 %, 0 %, 35270 MiB, 38.81 W
2026/09/20 07:47:32.447, 1, 0 %, 0 %, 35270 MiB, 38.49 W
2026/09/20 07:47:32.447, 2, 0 %, 0 %, 35270 MiB, 37.28 W
2026/09/20 07:47:37.447, 0, 0 %, 0 %, 35270 MiB, 39.01 W
2026/09/20 07:47:37.447, 1, 0 %, 0 %, 35270 MiB, 38.49 W
2026/09/20 07:47:37.448, 2, 0 %, 0 %, 35270 MiB, 37.18 W
2026/09/20 07:47:42.448, 0, 0 %, 0 %, 35270 MiB, 39.02 W
2026/09/20 07:47:42.449, 1, 0 %, 0 %, 35270 MiB, 38.38 W
2026/09/20 07:47:42.449, 2, 0 %, 0 %, 35270 MiB, 38.98 W
2026/09/20 07:47:47.449, 0, 0 %, 0 %, 35270 MiB, 39.02 W
2026/09/20 07:47:47.449, 1, 0 %, 0 %, 35270 MiB, 38.38 W
2026/09/20 07:47:47.449, 2, 0 %, 0 %, 35270 MiB, 37.18 W
2026/09/20 07:47:52.450, 0, 0 %, 0 %, 35270 MiB, 39.01 W
2026/09/20 07:47:52.450, 1, 0 %, 0 %, 35270 MiB, 38.49 W
2026/09/20 07:47:52.450, 2, 0 %, 0 %, 35270 MiB, 37.18 W
2026/09/20 07:47:57.450, 0, 0 %, 0 %, 35270 MiB, 39.02 W
2026/09/20 07:47:57.451, 1, 0 %, 0 %, 35270 MiB, 38.58 W
2026/09/20 07:47:57.451, 2, 0 %, 0 %, 35270 MiB, 37.29 W
2026/09/20 07:48:02.451, 0, 0 %, 0 %, 35270 MiB, 39.22 W
2026/09/20 07:48:02.452, 1, 0 %, 0 %, 35270 MiB, 38.68 W
2026/09/20 07:48:02.452, 2, 0 %, 0 %, 35270 MiB, 37.39 W
2026/09/20 07:48:07.452, 0, 0 %, 0 %, 35270 MiB, 39.22 W
2026/09/20 07:48:07.452, 1, 0 %, 0 %, 35270 MiB, 38.68 W
2026/09/20 07:48:07.452, 2, 0 %, 0 %, 35270 MiB, 37.18 W
2026/09/20 07:48:12.452, 0, 0 %, 0 %, 35270 MiB, 39.21 W
2026/09/20 07:48:12.453, 1, 0 %, 0 %, 35270 MiB, 38.49 W
2026/09/20 07:48:12.453, 2, 0 %, 0 %, 35270 MiB, 37.39 W
2026/09/20 07:48:17.453, 0, 0 %, 0 %, 35270 MiB, 39.21 W
2026/09/20 07:48:17.453, 1, 0 %, 0 %, 35270 MiB, 38.49 W
2026/09/20 07:48:17.454, 2, 0 %, 0 %, 35270 MiB, 37.59 W
2026/09/20 07:48:22.455, 0, 0 %, 0 %, 35270 MiB, 39.25 W
2026/09/20 07:48:22.455, 1, 0 %, 0 %, 35270 MiB, 38.53 W
2026/09/20 07:48:22.455, 2, 0 %, 0 %, 35270 MiB, 37.44 W
2026/09/20 07:48:27.457, 0, 0 %, 0 %, 35270 MiB, 39.16 W
2026/09/20 07:48:27.457, 1, 0 %, 0 %, 35270 MiB, 38.53 W
2026/09/20 07:48:27.457, 2, 0 %, 0 %, 35270 MiB, 37.44 W
2026/09/20 07:48:32.459, 0, 0 %, 0 %, 35270 MiB, 38.97 W
2026/09/20 07:48:32.459, 1, 0 %, 0 %, 35270 MiB, 38.33 W
2026/09/20 07:48:32.459, 2, 0 %, 0 %, 35270 MiB, 37.36 W
2026/09/20 07:48:37.461, 0, 0 %, 0 %, 35270 MiB, 38.87 W
2026/09/20 07:48:37.461, 1, 0 %, 0 %, 35270 MiB, 38.23 W
2026/09/20 07:48:37.461, 2, 0 %, 0 %, 35270 MiB, 37.35 W
2026/09/20 07:48:42.465, 0, 0 %, 0 %, 35270 MiB, 38.96 W
2026/09/20 07:48:42.465, 1, 0 %, 0 %, 35270 MiB, 38.44 W
2026/09/20 07:48:42.465, 2, 0 %, 0 %, 35270 MiB, 37.25 W
2026/09/20 07:48:47.466, 0, 0 %, 0 %, 35270 MiB, 38.75 W
2026/09/20 07:48:47.467, 1, 0 %, 0 %, 35270 MiB, 38.33 W
2026/09/20 07:48:47.467, 2, 0 %, 0 %, 35270 MiB, 37.05 W
2026/09/20 07:48:52.468, 0, 0 %, 0 %, 35270 MiB, 38.76 W
2026/09/20 07:48:52.468, 1, 0 %, 0 %, 35270 MiB, 38.23 W
2026/09/20 07:48:52.469, 2, 0 %, 0 %, 35270 MiB, 36.95 W
2026/09/20 07:48:57.469, 0, 0 %, 0 %, 35270 MiB, 38.96 W
2026/09/20 07:48:57.469, 1, 0 %, 0 %, 35270 MiB, 38.33 W
2026/09/20 07:48:57.469, 2, 0 %, 0 %, 35270 MiB, 37.14 W
2026/09/20 07:49:02.470, 0, 0 %, 0 %, 35270 MiB, 38.77 W
2026/09/20 07:49:02.470, 1, 0 %, 0 %, 35270 MiB, 38.34 W
2026/09/20 07:49:02.470, 2, 0 %, 0 %, 35270 MiB, 37.14 W
2026/09/20 07:49:07.472, 0, 0 %, 0 %, 35270 MiB, 38.46 W
2026/09/20 07:49:07.472, 1, 0 %, 0 %, 35270 MiB, 38.44 W
2026/09/20 07:49:07.473, 2, 0 %, 0 %, 35270 MiB, 37.04 W
2026/09/20 07:49:12.474, 0, 0 %, 0 %, 35270 MiB, 38.47 W
2026/09/20 07:49:12.474, 1, 0 %, 0 %, 35270 MiB, 38.34 W
2026/09/20 07:49:12.474, 2, 0 %, 0 %, 35270 MiB, 37.26 W
2026/09/20 07:49:17.476, 0, 0 %, 0 %, 35270 MiB, 38.97 W
2026/09/20 07:49:17.476, 1, 0 %, 0 %, 35270 MiB, 38.33 W
2026/09/20 07:49:17.476, 2, 0 %, 0 %, 35270 MiB, 37.14 W
2026/09/20 07:49:22.477, 0, 0 %, 0 %, 35270 MiB, 38.86 W
2026/09/20 07:49:22.478, 1, 0 %, 0 %, 35270 MiB, 38.13 W
2026/09/20 07:49:22.478, 2, 0 %, 0 %, 35270 MiB, 37.14 W
2026/09/20 07:49:27.479, 0, 0 %, 0 %, 35270 MiB, 38.74 W
2026/09/20 07:49:27.479, 1, 0 %, 0 %, 35270 MiB, 38.13 W
2026/09/20 07:49:27.479, 2, 0 %, 0 %, 35270 MiB, 37.04 W
2026/09/20 07:49:32.481, 0, 0 %, 0 %, 35270 MiB, 38.87 W
2026/09/20 07:49:32.481, 1, 0 %, 0 %, 35270 MiB, 38.14 W
2026/09/20 07:49:32.481, 2, 0 %, 0 %, 35270 MiB, 37.25 W
2026/09/20 07:49:37.483, 0, 0 %, 0 %, 35270 MiB, 38.97 W
2026/09/20 07:49:37.484, 1, 0 %, 0 %, 35270 MiB, 38.23 W
2026/09/20 07:49:37.484, 2, 0 %, 0 %, 35270 MiB, 37.15 W
2026/09/20 07:49:42.485, 0, 0 %, 0 %, 35270 MiB, 38.66 W
2026/09/20 07:49:42.485, 1, 0 %, 0 %, 35270 MiB, 38.15 W
2026/09/20 07:49:42.485, 2, 0 %, 0 %, 35270 MiB, 37.26 W
2026/09/20 07:49:47.487, 0, 0 %, 0 %, 35270 MiB, 38.65 W
2026/09/20 07:49:47.487, 1, 0 %, 0 %, 35270 MiB, 38.13 W
2026/09/20 07:49:47.487, 2, 0 %, 0 %, 35270 MiB, 37.14 W
2026/09/20 07:49:52.488, 0, 0 %, 0 %, 35270 MiB, 38.66 W
2026/09/20 07:49:52.488, 1, 0 %, 0 %, 35270 MiB, 38.44 W
2026/09/20 07:49:52.488, 2, 0 %, 0 %, 35270 MiB, 37.14 W
2026/09/20 07:49:57.490, 0, 0 %, 0 %, 35270 MiB, 38.87 W
2026/09/20 07:49:57.490, 1, 0 %, 0 %, 35270 MiB, 38.23 W
2026/09/20 07:49:57.490, 2, 0 %, 0 %, 35270 MiB, 37.06 W
2026/09/20 07:50:02.492, 0, 0 %, 0 %, 35270 MiB, 38.75 W
2026/09/20 07:50:02.492, 1, 0 %, 0 %, 35270 MiB, 38.23 W
2026/09/20 07:50:02.493, 2, 0 %, 0 %, 35270 MiB, 37.05 W
2026/09/20 07:50:07.494, 0, 0 %, 0 %, 35270 MiB, 38.75 W
2026/09/20 07:50:07.494, 1, 0 %, 0 %, 35270 MiB, 38.23 W
2026/09/20 07:50:07.494, 2, 0 %, 0 %, 35270 MiB, 37.04 W
2026/09/20 07:50:12.497, 0, 0 %, 0 %, 35270 MiB, 39.04 W
2026/09/20 07:50:12.497, 1, 0 %, 0 %, 35270 MiB, 38.43 W
2026/09/20 07:50:12.497, 2, 0 %, 0 %, 35270 MiB, 37.24 W
2026/09/20 07:50:17.499, 0, 0 %, 0 %, 35270 MiB, 38.76 W
2026/09/20 07:50:17.499, 1, 0 %, 0 %, 35270 MiB, 38.33 W
2026/09/20 07:50:17.499, 2, 0 %, 0 %, 35270 MiB, 37.14 W
2026/09/20 07:50:22.500, 0, 0 %, 0 %, 35270 MiB, 38.75 W
2026/09/20 07:50:22.501, 1, 0 %, 0 %, 35270 MiB, 38.33 W
2026/09/20 07:50:22.501, 2, 0 %, 0 %, 35270 MiB, 37.04 W
2026/09/20 07:50:27.501, 0, 0 %, 0 %, 35270 MiB, 38.86 W
2026/09/20 07:50:27.502, 1, 0 %, 0 %, 35270 MiB, 38.25 W
2026/09/20 07:50:27.502, 2, 0 %, 0 %, 35270 MiB, 37.06 W
2026/09/20 07:50:32.503, 0, 0 %, 0 %, 35270 MiB, 38.99 W
2026/09/20 07:50:32.503, 1, 0 %, 0 %, 35270 MiB, 38.15 W
2026/09/20 07:50:32.504, 2, 0 %, 0 %, 35270 MiB, 37.16 W
2026/09/20 07:50:37.504, 0, 0 %, 0 %, 35270 MiB, 38.90 W
2026/09/20 07:50:37.505, 1, 0 %, 0 %, 35270 MiB, 38.17 W
2026/09/20 07:50:37.505, 2, 0 %, 0 %, 35270 MiB, 37.18 W
2026/09/20 07:50:42.506, 0, 0 %, 0 %, 35270 MiB, 38.80 W
2026/09/20 07:50:42.506, 1, 0 %, 0 %, 35270 MiB, 38.08 W
2026/09/20 07:50:42.506, 2, 0 %, 0 %, 35270 MiB, 37.18 W
2026/09/20 07:50:47.508, 0, 0 %, 0 %, 35270 MiB, 38.81 W
2026/09/20 07:50:47.508, 1, 0 %, 0 %, 35270 MiB, 38.27 W
2026/09/20 07:50:47.508, 2, 0 %, 0 %, 35270 MiB, 37.28 W
2026/09/20 07:50:52.508, 0, 0 %, 0 %, 35270 MiB, 39.01 W
2026/09/20 07:50:52.508, 1, 0 %, 0 %, 35270 MiB, 38.58 W
2026/09/20 07:50:52.508, 2, 0 %, 0 %, 35270 MiB, 37.28 W
2026/09/20 07:50:57.509, 0, 0 %, 0 %, 35270 MiB, 38.80 W
2026/09/20 07:50:57.509, 1, 0 %, 0 %, 35270 MiB, 38.28 W
2026/09/20 07:50:57.509, 2, 0 %, 0 %, 35270 MiB, 37.29 W
2026/09/20 07:51:02.509, 0, 0 %, 0 %, 35270 MiB, 38.79 W
2026/09/20 07:51:02.510, 1, 0 %, 0 %, 35270 MiB, 38.49 W
2026/09/20 07:51:02.510, 2, 0 %, 0 %, 35270 MiB, 37.18 W
2026/09/20 07:51:07.510, 0, 0 %, 0 %, 35270 MiB, 38.91 W
2026/09/20 07:51:07.510, 1, 0 %, 0 %, 35270 MiB, 38.40 W
2026/09/20 07:51:07.510, 2, 0 %, 0 %, 35270 MiB, 37.39 W
2026/09/20 07:51:12.511, 0, 100 %, 7 %, 35270 MiB, 92.44 W
2026/09/20 07:51:12.511, 1, 100 %, 7 %, 35270 MiB, 91.47 W
2026/09/20 07:51:12.511, 2, 100 %, 6 %, 35270 MiB, 90.16 W
2026/09/20 07:51:17.511, 0, 100 %, 7 %, 35270 MiB, 93.83 W
2026/09/20 07:51:17.512, 1, 100 %, 11 %, 35270 MiB, 86.79 W
2026/09/20 07:51:17.512, 2, 100 %, 7 %, 35270 MiB, 87.95 W
2026/09/20 07:51:22.512, 0, 100 %, 7 %, 35270 MiB, 90.50 W
2026/09/20 07:51:22.512, 1, 100 %, 7 %, 35270 MiB, 90.35 W
2026/09/20 07:51:22.512, 2, 100 %, 7 %, 35270 MiB, 94.35 W
2026/09/20 07:51:27.513, 0, 100 %, 6 %, 35270 MiB, 92.77 W
2026/09/20 07:51:27.513, 1, 100 %, 7 %, 35270 MiB, 98.23 W
2026/09/20 07:51:27.513, 2, 100 %, 7 %, 35270 MiB, 94.68 W
2026/09/20 07:51:32.514, 0, 100 %, 7 %, 35270 MiB, 98.50 W
2026/09/20 07:51:32.514, 1, 100 %, 6 %, 35270 MiB, 94.33 W
2026/09/20 07:51:32.514, 2, 100 %, 14 %, 35270 MiB, 89.00 W
2026/09/20 07:51:37.514, 0, 100 %, 10 %, 35270 MiB, 92.60 W
2026/09/20 07:51:37.514, 1, 100 %, 7 %, 35270 MiB, 96.28 W
2026/09/20 07:51:37.514, 2, 100 %, 10 %, 35270 MiB, 91.47 W
2026/09/20 07:51:42.515, 0, 100 %, 10 %, 35270 MiB, 94.28 W
2026/09/20 07:51:42.515, 1, 100 %, 7 %, 35270 MiB, 96.61 W
2026/09/20 07:51:42.515, 2, 100 %, 7 %, 35270 MiB, 88.87 W
2026/09/20 07:51:47.516, 0, 100 %, 6 %, 35270 MiB, 92.91 W
2026/09/20 07:51:47.516, 1, 100 %, 7 %, 35270 MiB, 89.06 W
2026/09/20 07:51:47.516, 2, 100 %, 7 %, 35270 MiB, 94.31 W
2026/09/20 07:51:52.516, 0, 100 %, 7 %, 35270 MiB, 93.86 W
2026/09/20 07:51:52.517, 1, 100 %, 11 %, 35270 MiB, 96.97 W
2026/09/20 07:51:52.517, 2, 99 %, 7 %, 35270 MiB, 93.62 W
2026/09/20 07:51:57.517, 0, 100 %, 7 %, 35270 MiB, 91.42 W
2026/09/20 07:51:57.517, 1, 100 %, 8 %, 35270 MiB, 98.74 W
2026/09/20 07:51:57.517, 2, 100 %, 7 %, 35270 MiB, 91.14 W
2026/09/20 07:52:02.518, 0, 100 %, 7 %, 35270 MiB, 92.61 W
2026/09/20 07:52:02.519, 1, 100 %, 8 %, 35270 MiB, 91.65 W
2026/09/20 07:52:02.519, 2, 100 %, 6 %, 35270 MiB, 93.79 W
2026/09/20 07:52:07.519, 0, 100 %, 7 %, 35270 MiB, 96.06 W
2026/09/20 07:52:07.519, 1, 100 %, 7 %, 35270 MiB, 179.50 W
2026/09/20 07:52:07.519, 2, 100 %, 7 %, 35270 MiB, 96.25 W
2026/09/20 07:52:12.520, 0, 100 %, 6 %, 35270 MiB, 96.62 W
2026/09/20 07:52:12.520, 1, 100 %, 7 %, 35270 MiB, 94.93 W
2026/09/20 07:52:12.520, 2, 100 %, 7 %, 35270 MiB, 92.33 W
2026/09/20 07:52:17.520, 0, 100 %, 7 %, 35270 MiB, 96.79 W
2026/09/20 07:52:17.521, 1, 100 %, 7 %, 35270 MiB, 93.14 W
2026/09/20 07:52:17.521, 2, 100 %, 7 %, 35270 MiB, 94.84 W
2026/09/20 07:52:22.521, 0, 99 %, 11 %, 35270 MiB, 97.91 W
2026/09/20 07:52:22.522, 1, 100 %, 7 %, 35270 MiB, 96.41 W
2026/09/20 07:52:22.522, 2, 100 %, 11 %, 35270 MiB, 98.50 W
2026/09/20 07:52:27.522, 0, 100 %, 7 %, 35270 MiB, 100.16 W
2026/09/20 07:52:27.523, 1, 100 %, 7 %, 35270 MiB, 97.41 W
2026/09/20 07:52:27.523, 2, 100 %, 11 %, 35270 MiB, 93.88 W
2026/09/20 07:52:32.523, 0, 100 %, 11 %, 35270 MiB, 98.72 W
2026/09/20 07:52:32.523, 1, 100 %, 7 %, 35270 MiB, 97.13 W
2026/09/20 07:52:32.523, 2, 100 %, 7 %, 35270 MiB, 94.15 W
2026/09/20 07:52:37.524, 0, 100 %, 7 %, 35270 MiB, 96.79 W
2026/09/20 07:52:37.524, 1, 100 %, 7 %, 35270 MiB, 98.57 W
2026/09/20 07:52:37.524, 2, 100 %, 10 %, 35270 MiB, 98.30 W
2026/09/20 07:52:42.524, 0, 100 %, 6 %, 35270 MiB, 99.64 W
2026/09/20 07:52:42.525, 1, 100 %, 9 %, 35270 MiB, 96.66 W
2026/09/20 07:52:42.525, 2, 100 %, 7 %, 35270 MiB, 96.42 W
2026/09/20 07:52:47.525, 0, 100 %, 7 %, 35270 MiB, 100.82 W
2026/09/20 07:52:47.525, 1, 100 %, 7 %, 35270 MiB, 162.37 W
2026/09/20 07:52:47.525, 2, 100 %, 6 %, 35270 MiB, 99.42 W
2026/09/20 07:52:52.532, 0, 100 %, 7 %, 35270 MiB, 95.06 W
2026/09/20 07:52:52.532, 1, 100 %, 7 %, 35270 MiB, 101.45 W
2026/09/20 07:52:52.532, 2, 100 %, 8 %, 35270 MiB, 97.15 W
2026/09/20 07:52:57.532, 0, 100 %, 7 %, 35270 MiB, 99.45 W
2026/09/20 07:52:57.532, 1, 100 %, 7 %, 35270 MiB, 102.40 W
2026/09/20 07:52:57.532, 2, 100 %, 7 %, 35270 MiB, 96.12 W
2026/09/20 07:53:02.533, 0, 100 %, 15 %, 35270 MiB, 100.62 W
2026/09/20 07:53:02.534, 1, 100 %, 7 %, 35270 MiB, 97.00 W
2026/09/20 07:53:02.534, 2, 100 %, 7 %, 35270 MiB, 96.84 W
2026/09/20 07:53:07.534, 0, 100 %, 11 %, 35270 MiB, 96.53 W
2026/09/20 07:53:07.534, 1, 100 %, 7 %, 35270 MiB, 99.51 W
2026/09/20 07:53:07.534, 2, 98 %, 6 %, 35270 MiB, 95.47 W
2026/09/20 07:53:12.535, 0, 55 %, 4 %, 35270 MiB, 91.33 W
2026/09/20 07:53:12.535, 1, 64 %, 8 %, 35270 MiB, 87.00 W
2026/09/20 07:53:12.535, 2, 0 %, 0 %, 35270 MiB, 41.72 W
2026/09/20 07:53:17.536, 0, 0 %, 0 %, 35270 MiB, 43.83 W
2026/09/20 07:53:17.537, 1, 0 %, 0 %, 35270 MiB, 42.61 W
2026/09/20 07:53:17.537, 2, 0 %, 0 %, 35270 MiB, 41.24 W
2026/09/20 07:53:22.538, 0, 0 %, 0 %, 35270 MiB, 43.52 W
2026/09/20 07:53:22.538, 1, 0 %, 0 %, 35270 MiB, 42.99 W
2026/09/20 07:53:22.539, 2, 0 %, 0 %, 35270 MiB, 41.12 W
2026/09/20 07:53:27.539, 0, 0 %, 0 %, 35270 MiB, 43.42 W
2026/09/20 07:53:27.540, 1, 0 %, 0 %, 35270 MiB, 42.39 W
2026/09/20 07:53:27.540, 2, 0 %, 0 %, 35270 MiB, 40.92 W
2026/09/20 07:53:32.548, 0, 0 %, 0 %, 35270 MiB, 43.12 W
2026/09/20 07:53:32.548, 1, 0 %, 0 %, 35270 MiB, 42.30 W
2026/09/20 07:53:32.548, 2, 0 %, 0 %, 35270 MiB, 40.63 W
2026/09/20 07:53:37.550, 0, 0 %, 0 %, 35270 MiB, 42.81 W
2026/09/20 07:53:37.550, 1, 0 %, 0 %, 35270 MiB, 41.70 W
2026/09/20 07:53:37.551, 2, 0 %, 0 %, 35270 MiB, 40.43 W
2026/09/20 07:53:42.552, 0, 0 %, 0 %, 35270 MiB, 42.52 W
2026/09/20 07:53:42.552, 1, 0 %, 0 %, 35270 MiB, 41.70 W
2026/09/20 07:53:42.553, 2, 0 %, 0 %, 35270 MiB, 40.43 W
2026/09/20 07:53:47.554, 0, 0 %, 0 %, 35270 MiB, 42.41 W
2026/09/20 07:53:47.554, 1, 0 %, 0 %, 35270 MiB, 41.70 W
2026/09/20 07:53:47.554, 2, 0 %, 0 %, 35270 MiB, 40.03 W
2026/09/20 07:53:52.556, 0, 0 %, 0 %, 35270 MiB, 42.22 W
2026/09/20 07:53:52.556, 1, 0 %, 0 %, 35270 MiB, 41.21 W
2026/09/20 07:53:52.556, 2, 0 %, 0 %, 35270 MiB, 39.82 W
2026/09/20 07:53:57.558, 0, 0 %, 0 %, 35270 MiB, 42.05 W
2026/09/20 07:53:57.558, 1, 0 %, 0 %, 35270 MiB, 41.24 W
2026/09/20 07:53:57.559, 2, 0 %, 0 %, 35270 MiB, 39.74 W
2026/09/20 07:54:02.560, 0, 0 %, 0 %, 35270 MiB, 42.03 W
2026/09/20 07:54:02.560, 1, 0 %, 0 %, 35270 MiB, 40.90 W
2026/09/20 07:54:02.561, 2, 0 %, 0 %, 35270 MiB, 39.72 W
2026/09/20 07:54:07.562, 0, 0 %, 0 %, 35270 MiB, 41.85 W
2026/09/20 07:54:07.562, 1, 0 %, 0 %, 35270 MiB, 40.91 W
2026/09/20 07:54:07.563, 2, 0 %, 0 %, 35270 MiB, 39.74 W
2026/09/20 07:54:12.564, 0, 0 %, 0 %, 35270 MiB, 41.64 W
2026/09/20 07:54:12.564, 1, 0 %, 0 %, 35270 MiB, 40.81 W
2026/09/20 07:54:12.564, 2, 0 %, 0 %, 35270 MiB, 39.62 W
2026/09/20 07:54:17.565, 0, 0 %, 0 %, 35270 MiB, 41.53 W
2026/09/20 07:54:17.565, 1, 0 %, 0 %, 35270 MiB, 40.81 W
2026/09/20 07:54:17.565, 2, 0 %, 0 %, 35270 MiB, 39.53 W
2026/09/20 07:54:22.566, 0, 0 %, 0 %, 35270 MiB, 41.64 W
2026/09/20 07:54:22.567, 1, 0 %, 0 %, 35270 MiB, 40.71 W
2026/09/20 07:54:22.567, 2, 0 %, 0 %, 35270 MiB, 39.33 W
2026/09/20 07:54:27.568, 0, 0 %, 0 %, 35270 MiB, 41.43 W
2026/09/20 07:54:27.568, 1, 0 %, 0 %, 35270 MiB, 40.51 W
2026/09/20 07:54:27.568, 2, 0 %, 0 %, 35270 MiB, 39.23 W
2026/09/20 07:54:32.573, 0, 0 %, 0 %, 35270 MiB, 41.33 W
2026/09/20 07:54:32.573, 1, 0 %, 0 %, 35270 MiB, 40.90 W
2026/09/20 07:54:32.573, 2, 0 %, 0 %, 35270 MiB, 39.13 W
2026/09/20 07:54:37.574, 0, 0 %, 0 %, 35270 MiB, 41.43 W
2026/09/20 07:54:37.575, 1, 0 %, 0 %, 35270 MiB, 40.51 W
2026/09/20 07:54:37.575, 2, 0 %, 0 %, 35270 MiB, 39.23 W
2026/09/20 07:54:42.576, 0, 0 %, 0 %, 35270 MiB, 41.34 W
2026/09/20 07:54:42.576, 1, 0 %, 0 %, 35270 MiB, 40.33 W
2026/09/20 07:54:42.576, 2, 0 %, 0 %, 35270 MiB, 39.15 W
2026/09/20 07:54:47.578, 0, 0 %, 0 %, 35270 MiB, 41.15 W
2026/09/20 07:54:47.578, 1, 0 %, 0 %, 35270 MiB, 40.42 W
2026/09/20 07:54:47.578, 2, 0 %, 0 %, 35270 MiB, 39.03 W
2026/09/20 07:54:52.580, 0, 0 %, 0 %, 35270 MiB, 40.65 W
2026/09/20 07:54:52.580, 1, 0 %, 0 %, 35270 MiB, 40.32 W
2026/09/20 07:54:52.580, 2, 0 %, 0 %, 35270 MiB, 38.96 W
2026/09/20 07:54:57.582, 0, 0 %, 0 %, 35270 MiB, 40.94 W
2026/09/20 07:54:57.582, 1, 0 %, 0 %, 35270 MiB, 40.01 W
2026/09/20 07:54:57.582, 2, 0 %, 0 %, 35270 MiB, 39.13 W
2026/09/20 07:55:02.584, 0, 0 %, 0 %, 35270 MiB, 40.97 W
2026/09/20 07:55:02.584, 1, 0 %, 0 %, 35270 MiB, 39.84 W
2026/09/20 07:55:02.584, 2, 0 %, 0 %, 35270 MiB, 38.95 W
2026/09/20 07:55:07.585, 0, 0 %, 0 %, 35270 MiB, 41.24 W
2026/09/20 07:55:07.586, 1, 0 %, 0 %, 35270 MiB, 39.71 W
2026/09/20 07:55:07.586, 2, 0 %, 0 %, 35270 MiB, 38.86 W
2026/09/20 07:55:12.587, 0, 0 %, 0 %, 35270 MiB, 41.06 W
2026/09/20 07:55:12.587, 1, 0 %, 0 %, 35270 MiB, 39.74 W
2026/09/20 07:55:12.588, 2, 0 %, 0 %, 35270 MiB, 38.75 W
2026/09/20 07:55:17.588, 0, 0 %, 0 %, 35270 MiB, 40.81 W
2026/09/20 07:55:17.588, 1, 0 %, 0 %, 35270 MiB, 39.56 W
2026/09/20 07:55:17.588, 2, 0 %, 0 %, 35270 MiB, 38.89 W
2026/09/20 07:55:22.588, 0, 0 %, 0 %, 35270 MiB, 40.77 W
2026/09/20 07:55:22.589, 1, 0 %, 0 %, 35270 MiB, 39.44 W
2026/09/20 07:55:22.589, 2, 0 %, 0 %, 35270 MiB, 38.65 W
2026/09/20 07:55:27.590, 0, 0 %, 0 %, 35270 MiB, 40.76 W
2026/09/20 07:55:27.590, 1, 0 %, 0 %, 35270 MiB, 39.63 W
2026/09/20 07:55:27.590, 2, 0 %, 0 %, 35270 MiB, 38.44 W
2026/09/20 07:55:32.591, 0, 0 %, 0 %, 35270 MiB, 40.54 W
2026/09/20 07:55:32.592, 1, 0 %, 0 %, 35270 MiB, 40.02 W
2026/09/20 07:55:32.592, 2, 0 %, 0 %, 35270 MiB, 38.24 W
2026/09/20 07:55:37.593, 0, 0 %, 0 %, 35270 MiB, 40.56 W
2026/09/20 07:55:37.594, 1, 0 %, 0 %, 35270 MiB, 39.82 W
2026/09/20 07:55:37.594, 2, 0 %, 0 %, 35270 MiB, 38.34 W
2026/09/20 07:55:42.599, 0, 0 %, 0 %, 35270 MiB, 40.45 W
2026/09/20 07:55:42.599, 1, 0 %, 0 %, 35270 MiB, 39.82 W
2026/09/20 07:55:42.599, 2, 0 %, 0 %, 35270 MiB, 38.06 W
2026/09/20 07:55:47.600, 0, 0 %, 0 %, 35270 MiB, 40.23 W
2026/09/20 07:55:47.600, 1, 0 %, 0 %, 35270 MiB, 39.82 W
2026/09/20 07:55:47.601, 2, 0 %, 0 %, 35270 MiB, 38.24 W
2026/09/20 07:55:52.602, 0, 0 %, 0 %, 35270 MiB, 40.23 W
2026/09/20 07:55:52.603, 1, 0 %, 0 %, 35270 MiB, 39.70 W
2026/09/20 07:55:52.603, 2, 0 %, 0 %, 35270 MiB, 38.44 W
2026/09/20 07:55:57.604, 0, 0 %, 0 %, 35270 MiB, 40.37 W
2026/09/20 07:55:57.605, 1, 0 %, 0 %, 35270 MiB, 39.72 W
2026/09/20 07:55:57.605, 2, 0 %, 0 %, 35270 MiB, 38.26 W
2026/09/20 07:56:02.606, 0, 0 %, 0 %, 35270 MiB, 40.02 W
2026/09/20 07:56:02.607, 1, 0 %, 0 %, 35270 MiB, 39.51 W
2026/09/20 07:56:02.607, 2, 0 %, 0 %, 35270 MiB, 38.23 W
2026/09/20 07:56:07.608, 0, 0 %, 0 %, 35270 MiB, 40.05 W
2026/09/20 07:56:07.609, 1, 0 %, 0 %, 35270 MiB, 39.41 W
2026/09/20 07:56:07.609, 2, 0 %, 0 %, 35270 MiB, 38.15 W
2026/09/20 07:56:12.610, 0, 0 %, 0 %, 35270 MiB, 39.95 W
2026/09/20 07:56:12.610, 1, 0 %, 0 %, 35270 MiB, 39.22 W
2026/09/20 07:56:12.610, 2, 0 %, 0 %, 35270 MiB, 38.06 W
2026/09/20 07:56:17.612, 0, 0 %, 0 %, 35270 MiB, 40.04 W
2026/09/20 07:56:17.612, 1, 0 %, 0 %, 35270 MiB, 39.22 W
2026/09/20 07:56:17.612, 2, 0 %, 0 %, 35270 MiB, 38.04 W
2026/09/20 07:56:22.614, 0, 0 %, 0 %, 35270 MiB, 39.75 W
2026/09/20 07:56:22.614, 1, 0 %, 0 %, 35270 MiB, 39.33 W
2026/09/20 07:56:22.615, 2, 0 %, 0 %, 35270 MiB, 37.96 W
2026/09/20 07:56:27.616, 0, 0 %, 0 %, 35270 MiB, 39.65 W
2026/09/20 07:56:27.616, 1, 0 %, 0 %, 35270 MiB, 39.22 W
2026/09/20 07:56:27.617, 2, 0 %, 0 %, 35270 MiB, 38.04 W
2026/09/20 07:56:32.618, 0, 0 %, 0 %, 35270 MiB, 39.87 W
2026/09/20 07:56:32.618, 1, 0 %, 0 %, 35270 MiB, 39.12 W
2026/09/20 07:56:32.618, 2, 0 %, 0 %, 35270 MiB, 38.07 W
2026/09/20 07:56:37.620, 0, 0 %, 0 %, 35270 MiB, 39.74 W
2026/09/20 07:56:37.620, 1, 0 %, 0 %, 35270 MiB, 39.12 W
2026/09/20 07:56:37.620, 2, 0 %, 0 %, 35270 MiB, 37.75 W
2026/09/20 07:56:42.622, 0, 0 %, 0 %, 35270 MiB, 39.65 W
2026/09/20 07:56:42.622, 1, 0 %, 0 %, 35270 MiB, 39.22 W
2026/09/20 07:56:42.623, 2, 0 %, 0 %, 35270 MiB, 37.75 W
2026/09/20 07:56:47.627, 0, 0 %, 0 %, 35270 MiB, 39.67 W
2026/09/20 07:56:47.627, 1, 0 %, 0 %, 35270 MiB, 39.24 W
2026/09/20 07:56:47.627, 2, 0 %, 0 %, 35270 MiB, 37.77 W
2026/09/20 07:56:52.630, 0, 0 %, 0 %, 35270 MiB, 39.83 W
2026/09/20 07:56:52.630, 1, 0 %, 0 %, 35270 MiB, 39.12 W
2026/09/20 07:56:52.631, 2, 0 %, 0 %, 35270 MiB, 37.84 W
2026/09/20 07:56:57.640, 0, 0 %, 0 %, 35270 MiB, 39.77 W
2026/09/20 07:56:57.640, 1, 0 %, 0 %, 35270 MiB, 39.34 W
2026/09/20 07:56:57.641, 2, 0 %, 0 %, 35270 MiB, 37.77 W
2026/09/20 07:57:02.642, 0, 0 %, 0 %, 35270 MiB, 39.74 W
2026/09/20 07:57:02.642, 1, 0 %, 0 %, 35270 MiB, 39.22 W
2026/09/20 07:57:02.642, 2, 0 %, 0 %, 35270 MiB, 37.75 W
2026/09/20 07:57:07.643, 0, 0 %, 0 %, 35270 MiB, 39.75 W
2026/09/20 07:57:07.644, 1, 0 %, 0 %, 35270 MiB, 38.95 W
2026/09/20 07:57:07.644, 2, 0 %, 0 %, 35270 MiB, 37.75 W
2026/09/20 07:57:12.645, 0, 0 %, 0 %, 35270 MiB, 39.68 W
2026/09/20 07:57:12.645, 1, 0 %, 0 %, 35270 MiB, 39.05 W
2026/09/20 07:57:12.645, 2, 0 %, 0 %, 35270 MiB, 37.77 W
2026/09/20 07:57:17.646, 0, 0 %, 0 %, 35270 MiB, 39.74 W
2026/09/20 07:57:17.647, 1, 0 %, 0 %, 35270 MiB, 39.02 W
2026/09/20 07:57:17.647, 2, 0 %, 0 %, 35270 MiB, 37.85 W
2026/09/20 07:57:22.647, 0, 0 %, 0 %, 35270 MiB, 39.68 W
2026/09/20 07:57:22.648, 1, 0 %, 0 %, 35270 MiB, 39.05 W
2026/09/20 07:57:22.648, 2, 0 %, 0 %, 35270 MiB, 37.77 W
2026/09/20 07:57:27.655, 0, 0 %, 0 %, 35270 MiB, 39.68 W
2026/09/20 07:57:27.655, 1, 0 %, 0 %, 35270 MiB, 39.06 W
2026/09/20 07:57:27.655, 2, 0 %, 0 %, 35270 MiB, 37.97 W
2026/09/20 07:57:32.657, 0, 0 %, 0 %, 35270 MiB, 39.54 W
2026/09/20 07:57:32.657, 1, 0 %, 0 %, 35270 MiB, 39.12 W
2026/09/20 07:57:32.657, 2, 0 %, 0 %, 35270 MiB, 37.75 W
2026/09/20 07:57:37.658, 0, 0 %, 0 %, 35270 MiB, 39.50 W
2026/09/20 07:57:37.659, 1, 0 %, 0 %, 35270 MiB, 38.97 W
2026/09/20 07:57:37.659, 2, 0 %, 0 %, 35270 MiB, 37.80 W
2026/09/20 07:57:42.660, 0, 0 %, 0 %, 35270 MiB, 39.45 W
2026/09/20 07:57:42.660, 1, 0 %, 0 %, 35270 MiB, 39.02 W
2026/09/20 07:57:42.660, 2, 0 %, 0 %, 35270 MiB, 37.54 W
2026/09/20 07:57:47.662, 0, 0 %, 0 %, 35270 MiB, 39.47 W
2026/09/20 07:57:47.662, 1, 0 %, 0 %, 35270 MiB, 39.05 W
2026/09/20 07:57:47.662, 2, 0 %, 0 %, 35270 MiB, 37.77 W
2026/09/20 07:57:52.666, 0, 0 %, 0 %, 35270 MiB, 39.46 W
2026/09/20 07:57:52.667, 1, 0 %, 0 %, 35270 MiB, 39.02 W
2026/09/20 07:57:52.667, 2, 0 %, 0 %, 35270 MiB, 37.66 W
2026/09/20 07:57:57.667, 0, 0 %, 0 %, 35270 MiB, 39.46 W
2026/09/20 07:57:57.668, 1, 0 %, 0 %, 35270 MiB, 38.84 W
2026/09/20 07:57:57.668, 2, 0 %, 0 %, 35270 MiB, 37.56 W
2026/09/20 07:58:02.669, 0, 0 %, 0 %, 35270 MiB, 39.60 W
2026/09/20 07:58:02.669, 1, 0 %, 0 %, 35270 MiB, 38.88 W
2026/09/20 07:58:02.670, 2, 0 %, 0 %, 35270 MiB, 37.49 W
2026/09/20 07:58:07.670, 0, 0 %, 0 %, 35270 MiB, 39.47 W
2026/09/20 07:58:07.671, 1, 0 %, 0 %, 35270 MiB, 38.96 W
2026/09/20 07:58:07.671, 2, 0 %, 0 %, 35270 MiB, 37.67 W
2026/09/20 07:58:12.672, 0, 0 %, 0 %, 35270 MiB, 39.35 W
2026/09/20 07:58:12.673, 1, 0 %, 0 %, 35270 MiB, 38.83 W
2026/09/20 07:58:12.673, 2, 0 %, 0 %, 35270 MiB, 37.64 W
2026/09/20 07:58:17.673, 0, 0 %, 0 %, 35270 MiB, 39.39 W
2026/09/20 07:58:17.674, 1, 0 %, 0 %, 35270 MiB, 38.67 W
2026/09/20 07:58:17.674, 2, 0 %, 0 %, 35270 MiB, 37.49 W
2026/09/20 07:58:22.675, 0, 0 %, 0 %, 35270 MiB, 39.46 W
2026/09/20 07:58:22.675, 1, 0 %, 0 %, 35270 MiB, 38.64 W
2026/09/20 07:58:22.675, 2, 0 %, 0 %, 35270 MiB, 37.56 W
2026/09/20 07:58:27.677, 0, 0 %, 0 %, 35270 MiB, 39.29 W
2026/09/20 07:58:27.677, 1, 0 %, 0 %, 35270 MiB, 38.75 W
2026/09/20 07:58:27.677, 2, 0 %, 0 %, 35270 MiB, 37.49 W
2026/09/20 07:58:32.679, 0, 0 %, 0 %, 35270 MiB, 39.18 W
2026/09/20 07:58:32.679, 1, 0 %, 0 %, 35270 MiB, 38.65 W
2026/09/20 07:58:32.679, 2, 0 %, 0 %, 35270 MiB, 37.46 W
2026/09/20 07:58:37.681, 0, 0 %, 0 %, 35270 MiB, 39.19 W
2026/09/20 07:58:37.681, 1, 0 %, 0 %, 35270 MiB, 38.57 W
2026/09/20 07:58:37.682, 2, 0 %, 0 %, 35270 MiB, 37.47 W
2026/09/20 07:58:42.683, 0, 0 %, 0 %, 35270 MiB, 39.18 W
2026/09/20 07:58:42.684, 1, 0 %, 0 %, 35270 MiB, 38.65 W
2026/09/20 07:58:42.684, 2, 0 %, 0 %, 35270 MiB, 37.44 W
2026/09/20 07:58:47.685, 0, 0 %, 0 %, 35270 MiB, 39.07 W
2026/09/20 07:58:47.686, 1, 0 %, 0 %, 35270 MiB, 38.65 W
2026/09/20 07:58:47.686, 2, 0 %, 0 %, 35270 MiB, 37.46 W
2026/09/20 07:58:52.687, 0, 0 %, 0 %, 35270 MiB, 39.17 W
2026/09/20 07:58:52.688, 1, 0 %, 0 %, 35270 MiB, 38.65 W
2026/09/20 07:58:52.688, 2, 0 %, 0 %, 35270 MiB, 37.25 W
2026/09/20 07:58:57.689, 0, 0 %, 0 %, 35270 MiB, 39.37 W
2026/09/20 07:58:57.690, 1, 0 %, 0 %, 35270 MiB, 38.63 W
2026/09/20 07:58:57.690, 2, 0 %, 0 %, 35270 MiB, 37.35 W
2026/09/20 07:59:02.691, 0, 0 %, 0 %, 35270 MiB, 39.18 W
2026/09/20 07:59:02.691, 1, 0 %, 0 %, 35270 MiB, 38.95 W
2026/09/20 07:59:02.691, 2, 0 %, 0 %, 35270 MiB, 37.56 W
2026/09/20 07:59:07.700, 0, 0 %, 0 %, 35270 MiB, 39.17 W
2026/09/20 07:59:07.700, 1, 0 %, 0 %, 35270 MiB, 38.56 W
2026/09/20 07:59:07.701, 2, 0 %, 0 %, 35270 MiB, 37.36 W
2026/09/20 07:59:12.702, 0, 0 %, 0 %, 35270 MiB, 39.09 W
2026/09/20 07:59:12.703, 1, 0 %, 0 %, 35270 MiB, 38.67 W
2026/09/20 07:59:12.703, 2, 0 %, 0 %, 35270 MiB, 37.28 W
2026/09/20 07:59:17.704, 0, 0 %, 0 %, 35270 MiB, 39.24 W
2026/09/20 07:59:17.705, 1, 0 %, 0 %, 35270 MiB, 38.63 W
2026/09/20 07:59:17.705, 2, 0 %, 0 %, 35270 MiB, 37.24 W
2026/09/20 07:59:22.706, 0, 0 %, 0 %, 35270 MiB, 39.25 W
2026/09/20 07:59:22.706, 1, 0 %, 0 %, 35270 MiB, 38.53 W
2026/09/20 07:59:22.706, 2, 0 %, 0 %, 35270 MiB, 37.35 W
2026/09/20 07:59:27.707, 0, 0 %, 0 %, 35270 MiB, 39.16 W
2026/09/20 07:59:27.708, 1, 0 %, 0 %, 35270 MiB, 38.33 W
2026/09/20 07:59:27.708, 2, 0 %, 0 %, 35270 MiB, 37.24 W
2026/09/20 07:59:32.709, 0, 0 %, 0 %, 35270 MiB, 39.19 W
2026/09/20 07:59:32.710, 1, 0 %, 0 %, 35270 MiB, 38.46 W
2026/09/20 07:59:32.710, 2, 0 %, 0 %, 35270 MiB, 37.37 W
2026/09/20 07:59:37.711, 0, 0 %, 0 %, 35270 MiB, 38.86 W
2026/09/20 07:59:37.711, 1, 0 %, 0 %, 35270 MiB, 38.63 W
2026/09/20 07:59:37.712, 2, 0 %, 0 %, 35270 MiB, 37.33 W
2026/09/20 07:59:42.713, 0, 0 %, 0 %, 35270 MiB, 38.94 W
2026/09/20 07:59:42.713, 1, 0 %, 0 %, 35270 MiB, 38.43 W
2026/09/20 07:59:42.713, 2, 0 %, 0 %, 35270 MiB, 37.44 W
2026/09/20 07:59:47.715, 0, 0 %, 0 %, 35270 MiB, 38.97 W
2026/09/20 07:59:47.716, 1, 0 %, 0 %, 35270 MiB, 38.44 W
2026/09/20 07:59:47.716, 2, 0 %, 0 %, 35270 MiB, 37.45 W
2026/09/20 07:59:52.717, 0, 0 %, 0 %, 35270 MiB, 39.26 W
2026/09/20 07:59:52.717, 1, 0 %, 0 %, 35270 MiB, 38.45 W
2026/09/20 07:59:52.718, 2, 0 %, 0 %, 35270 MiB, 37.37 W
2026/09/20 07:59:57.718, 0, 0 %, 0 %, 35270 MiB, 39.21 W
2026/09/20 07:59:57.719, 1, 0 %, 0 %, 35270 MiB, 38.68 W
2026/09/20 07:59:57.719, 2, 0 %, 0 %, 35270 MiB, 37.49 W
2026/09/20 08:00:02.719, 0, 0 %, 0 %, 35270 MiB, 38.99 W
2026/09/20 08:00:02.720, 1, 0 %, 0 %, 35270 MiB, 38.46 W
2026/09/20 08:00:02.720, 2, 0 %, 0 %, 35270 MiB, 37.16 W
2026/09/20 08:00:07.720, 0, 0 %, 0 %, 35270 MiB, 39.02 W
2026/09/20 08:00:07.720, 1, 0 %, 0 %, 35270 MiB, 38.49 W
2026/09/20 08:00:07.720, 2, 0 %, 0 %, 35270 MiB, 37.18 W
2026/09/20 08:00:12.721, 0, 0 %, 0 %, 35270 MiB, 39.11 W
2026/09/20 08:00:12.721, 1, 0 %, 0 %, 35270 MiB, 38.39 W
2026/09/20 08:00:12.721, 2, 0 %, 0 %, 35270 MiB, 37.18 W
2026/09/20 08:00:17.721, 0, 0 %, 0 %, 35270 MiB, 38.97 W
2026/09/20 08:00:17.722, 1, 0 %, 0 %, 35270 MiB, 38.55 W
2026/09/20 08:00:17.722, 2, 0 %, 0 %, 35270 MiB, 37.25 W
2026/09/20 08:00:22.722, 0, 0 %, 0 %, 35270 MiB, 39.01 W
2026/09/20 08:00:22.723, 1, 0 %, 0 %, 35270 MiB, 38.49 W
2026/09/20 08:00:22.723, 2, 0 %, 0 %, 35270 MiB, 37.28 W
2026/09/20 08:00:27.723, 0, 0 %, 0 %, 35270 MiB, 39.00 W
2026/09/20 08:00:27.724, 1, 0 %, 0 %, 35270 MiB, 38.58 W
2026/09/20 08:00:27.724, 2, 0 %, 0 %, 35270 MiB, 37.28 W
2026/09/20 08:00:32.724, 0, 0 %, 0 %, 35270 MiB, 39.18 W
2026/09/20 08:00:32.725, 1, 0 %, 0 %, 35270 MiB, 38.58 W
2026/09/20 08:00:32.725, 2, 0 %, 0 %, 35270 MiB, 37.26 W
2026/09/20 08:00:37.725, 0, 0 %, 0 %, 35270 MiB, 39.11 W
2026/09/20 08:00:37.726, 1, 0 %, 0 %, 35270 MiB, 38.37 W
2026/09/20 08:00:37.726, 2, 0 %, 0 %, 35270 MiB, 37.28 W
2026/09/20 08:00:42.726, 0, 0 %, 0 %, 35270 MiB, 39.11 W
2026/09/20 08:00:42.727, 1, 0 %, 0 %, 35270 MiB, 38.39 W
2026/09/20 08:00:42.727, 2, 0 %, 0 %, 35270 MiB, 37.39 W
2026/09/20 08:00:47.728, 0, 0 %, 0 %, 35270 MiB, 39.21 W
2026/09/20 08:00:47.728, 1, 0 %, 0 %, 35270 MiB, 38.39 W
2026/09/20 08:00:47.729, 2, 0 %, 0 %, 35270 MiB, 37.39 W
2026/09/20 08:00:52.730, 0, 0 %, 0 %, 35270 MiB, 39.11 W
2026/09/20 08:00:52.730, 1, 0 %, 0 %, 35270 MiB, 38.49 W
2026/09/20 08:00:52.730, 2, 0 %, 0 %, 35270 MiB, 37.49 W
2026/09/20 08:00:57.730, 0, 0 %, 0 %, 35270 MiB, 39.01 W
2026/09/20 08:00:57.730, 1, 0 %, 0 %, 35270 MiB, 38.49 W
2026/09/20 08:00:57.730, 2, 0 %, 0 %, 35270 MiB, 37.49 W
2026/09/20 08:01:02.732, 0, 0 %, 0 %, 35270 MiB, 39.09 W
2026/09/20 08:01:02.732, 1, 0 %, 0 %, 35270 MiB, 38.46 W
2026/09/20 08:01:02.732, 2, 0 %, 0 %, 35270 MiB, 37.28 W
2026/09/20 08:01:07.734, 0, 0 %, 0 %, 35270 MiB, 39.31 W
2026/09/20 08:01:07.734, 1, 0 %, 0 %, 35270 MiB, 38.58 W
2026/09/20 08:01:07.735, 2, 0 %, 0 %, 35270 MiB, 37.28 W
2026/09/20 08:01:12.735, 0, 0 %, 0 %, 35270 MiB, 39.09 W
2026/09/20 08:01:12.735, 1, 0 %, 0 %, 35270 MiB, 38.57 W
2026/09/20 08:01:12.735, 2, 0 %, 0 %, 35270 MiB, 37.26 W
2026/09/20 08:01:17.736, 0, 0 %, 0 %, 35270 MiB, 38.94 W
2026/09/20 08:01:17.736, 1, 0 %, 0 %, 35270 MiB, 38.43 W
2026/09/20 08:01:17.737, 2, 0 %, 0 %, 35270 MiB, 37.13 W
2026/09/20 08:01:22.737, 0, 0 %, 0 %, 35270 MiB, 38.98 W
2026/09/20 08:01:22.738, 1, 0 %, 0 %, 35270 MiB, 38.46 W
2026/09/20 08:01:22.738, 2, 0 %, 0 %, 35270 MiB, 37.16 W
2026/09/20 08:01:27.738, 0, 0 %, 0 %, 35270 MiB, 38.96 W
2026/09/20 08:01:27.739, 1, 0 %, 0 %, 35270 MiB, 38.44 W
2026/09/20 08:01:27.739, 2, 0 %, 0 %, 35270 MiB, 37.04 W
2026/09/20 08:01:32.739, 0, 0 %, 0 %, 35270 MiB, 38.89 W
2026/09/20 08:01:32.740, 1, 0 %, 0 %, 35270 MiB, 38.37 W
2026/09/20 08:01:32.740, 2, 0 %, 0 %, 35270 MiB, 37.37 W
2026/09/20 08:01:37.740, 0, 0 %, 0 %, 35270 MiB, 38.78 W
2026/09/20 08:01:37.740, 1, 0 %, 0 %, 35270 MiB, 38.15 W
2026/09/20 08:01:37.741, 2, 0 %, 0 %, 35270 MiB, 37.06 W
2026/09/20 08:01:42.742, 0, 0 %, 0 %, 35270 MiB, 38.44 W
2026/09/20 08:01:42.742, 1, 0 %, 0 %, 35270 MiB, 38.43 W
2026/09/20 08:01:42.742, 2, 0 %, 0 %, 35270 MiB, 37.23 W
2026/09/20 08:01:47.744, 0, 0 %, 0 %, 35270 MiB, 38.85 W
2026/09/20 08:01:47.745, 1, 0 %, 0 %, 35270 MiB, 38.13 W
2026/09/20 08:01:47.745, 2, 0 %, 0 %, 35270 MiB, 37.04 W
2026/09/20 08:01:52.746, 0, 0 %, 0 %, 35270 MiB, 38.75 W
2026/09/20 08:01:52.746, 1, 0 %, 0 %, 35270 MiB, 38.04 W
2026/09/20 08:01:52.747, 2, 0 %, 0 %, 35270 MiB, 37.25 W
2026/09/20 08:01:57.747, 0, 0 %, 0 %, 35270 MiB, 38.54 W
2026/09/20 08:01:57.748, 1, 0 %, 0 %, 35270 MiB, 38.22 W
2026/09/20 08:01:57.748, 2, 0 %, 0 %, 35270 MiB, 37.03 W
2026/09/20 08:02:02.749, 0, 0 %, 0 %, 35270 MiB, 38.46 W
2026/09/20 08:02:02.750, 1, 0 %, 0 %, 35270 MiB, 38.13 W
2026/09/20 08:02:02.750, 2, 0 %, 0 %, 35270 MiB, 37.04 W
2026/09/20 08:02:07.751, 0, 0 %, 0 %, 35270 MiB, 38.26 W
2026/09/20 08:02:07.751, 1, 0 %, 0 %, 35270 MiB, 38.05 W
2026/09/20 08:02:07.751, 2, 0 %, 0 %, 35270 MiB, 37.06 W
2026/09/20 08:02:12.754, 0, 0 %, 0 %, 35270 MiB, 38.56 W
2026/09/20 08:02:12.755, 1, 0 %, 0 %, 35270 MiB, 38.03 W
2026/09/20 08:02:12.755, 2, 0 %, 0 %, 35270 MiB, 36.94 W
2026/09/20 08:02:17.756, 0, 0 %, 0 %, 35270 MiB, 38.26 W
2026/09/20 08:02:17.756, 1, 0 %, 0 %, 35270 MiB, 38.23 W
2026/09/20 08:02:17.756, 2, 0 %, 0 %, 35270 MiB, 36.94 W
2026/09/20 08:02:22.758, 0, 0 %, 0 %, 35270 MiB, 38.66 W
2026/09/20 08:02:22.758, 1, 0 %, 0 %, 35270 MiB, 38.14 W
2026/09/20 08:02:22.759, 2, 0 %, 0 %, 35270 MiB, 36.84 W
2026/09/20 08:02:27.760, 0, 0 %, 0 %, 35270 MiB, 38.66 W
2026/09/20 08:02:27.760, 1, 0 %, 0 %, 35270 MiB, 38.14 W
2026/09/20 08:02:27.760, 2, 0 %, 0 %, 35270 MiB, 36.86 W
2026/09/20 08:02:32.765, 0, 0 %, 0 %, 35270 MiB, 38.77 W
2026/09/20 08:02:32.766, 1, 0 %, 0 %, 35270 MiB, 38.33 W
2026/09/20 08:02:32.766, 2, 0 %, 0 %, 35270 MiB, 37.06 W
2026/09/20 08:02:37.767, 0, 0 %, 0 %, 35270 MiB, 38.69 W
2026/09/20 08:02:37.767, 1, 0 %, 0 %, 35270 MiB, 38.25 W
2026/09/20 08:02:37.767, 2, 0 %, 0 %, 35270 MiB, 36.87 W
2026/09/20 08:02:42.769, 0, 0 %, 0 %, 35270 MiB, 38.79 W
2026/09/20 08:02:42.769, 1, 0 %, 0 %, 35270 MiB, 38.06 W
2026/09/20 08:02:42.770, 2, 0 %, 0 %, 35270 MiB, 36.96 W
2026/09/20 08:02:47.771, 0, 0 %, 0 %, 35270 MiB, 38.75 W
2026/09/20 08:02:47.772, 1, 0 %, 0 %, 35270 MiB, 38.03 W
2026/09/20 08:02:47.772, 2, 0 %, 0 %, 35270 MiB, 37.04 W
2026/09/20 08:02:52.773, 0, 0 %, 0 %, 35270 MiB, 38.75 W
2026/09/20 08:02:52.774, 1, 0 %, 0 %, 35270 MiB, 38.23 W
2026/09/20 08:02:52.774, 2, 0 %, 0 %, 35270 MiB, 37.04 W
2026/09/20 08:02:57.774, 0, 0 %, 0 %, 35270 MiB, 40.23 W
2026/09/20 08:02:57.774, 1, 0 %, 0 %, 35270 MiB, 38.13 W
2026/09/20 08:02:57.775, 2, 0 %, 0 %, 35270 MiB, 37.04 W
2026/09/20 08:03:02.776, 0, 0 %, 0 %, 35270 MiB, 38.26 W
2026/09/20 08:03:02.776, 1, 0 %, 0 %, 35270 MiB, 37.94 W
2026/09/20 08:03:02.777, 2, 0 %, 0 %, 35270 MiB, 37.06 W
2026/09/20 08:03:07.778, 0, 0 %, 0 %, 35270 MiB, 38.27 W
2026/09/20 08:03:07.778, 1, 0 %, 0 %, 35270 MiB, 38.05 W
2026/09/20 08:03:07.779, 2, 0 %, 0 %, 35270 MiB, 37.24 W
2026/09/20 08:03:12.780, 0, 0 %, 0 %, 35270 MiB, 38.25 W
2026/09/20 08:03:12.780, 1, 0 %, 0 %, 35270 MiB, 38.13 W
2026/09/20 08:03:12.781, 2, 0 %, 0 %, 35270 MiB, 37.04 W
2026/09/20 08:03:17.782, 0, 0 %, 0 %, 35270 MiB, 38.37 W
2026/09/20 08:03:17.782, 1, 0 %, 0 %, 35270 MiB, 38.15 W
2026/09/20 08:03:17.783, 2, 0 %, 0 %, 35270 MiB, 36.84 W
2026/09/20 08:03:22.784, 0, 10 %, 0 %, 35270 MiB, 38.37 W
2026/09/20 08:03:22.784, 1, 0 %, 0 %, 35270 MiB, 38.13 W
2026/09/20 08:03:22.784, 2, 0 %, 0 %, 35270 MiB, 36.94 W
2026/09/20 08:03:27.785, 0, 0 %, 0 %, 35270 MiB, 38.36 W
2026/09/20 08:03:27.785, 1, 0 %, 0 %, 35270 MiB, 38.33 W
2026/09/20 08:03:27.785, 2, 0 %, 0 %, 35270 MiB, 37.15 W
2026/09/20 08:03:32.785, 0, 0 %, 0 %, 35270 MiB, 38.46 W
2026/09/20 08:03:32.786, 1, 0 %, 0 %, 35270 MiB, 38.23 W
2026/09/20 08:03:32.786, 2, 0 %, 0 %, 35270 MiB, 36.94 W
2026/09/20 08:03:37.788, 0, 0 %, 0 %, 35270 MiB, 38.36 W
2026/09/20 08:03:37.789, 1, 0 %, 0 %, 35270 MiB, 38.23 W
2026/09/20 08:03:37.789, 2, 0 %, 0 %, 35270 MiB, 37.04 W
2026/09/20 08:03:42.790, 0, 0 %, 0 %, 35270 MiB, 38.44 W
2026/09/20 08:03:42.790, 1, 0 %, 0 %, 35270 MiB, 38.32 W
2026/09/20 08:03:42.790, 2, 0 %, 0 %, 35270 MiB, 37.03 W
2026/09/20 08:03:47.792, 0, 0 %, 0 %, 35270 MiB, 38.83 W
2026/09/20 08:03:47.792, 1, 0 %, 0 %, 35270 MiB, 38.42 W
2026/09/20 08:03:47.793, 2, 0 %, 0 %, 35270 MiB, 37.23 W
2026/09/20 08:03:52.794, 0, 0 %, 0 %, 35270 MiB, 38.54 W
2026/09/20 08:03:52.795, 1, 0 %, 0 %, 35270 MiB, 38.22 W
2026/09/20 08:03:52.795, 2, 0 %, 0 %, 35270 MiB, 37.13 W
2026/09/20 08:03:57.795, 0, 0 %, 0 %, 35270 MiB, 38.57 W
2026/09/20 08:03:57.796, 1, 0 %, 0 %, 35270 MiB, 38.25 W
2026/09/20 08:03:57.796, 2, 0 %, 0 %, 35270 MiB, 37.14 W
2026/09/20 08:04:02.796, 0, 0 %, 0 %, 35270 MiB, 38.59 W
2026/09/20 08:04:02.797, 1, 0 %, 0 %, 35270 MiB, 38.15 W
2026/09/20 08:04:02.797, 2, 0 %, 0 %, 35270 MiB, 37.06 W
2026/09/20 08:04:07.797, 0, 0 %, 0 %, 35270 MiB, 38.54 W
2026/09/20 08:04:07.797, 1, 0 %, 0 %, 35270 MiB, 38.31 W
2026/09/20 08:04:07.798, 2, 0 %, 0 %, 35270 MiB, 37.11 W
2026/09/20 08:04:12.798, 0, 0 %, 0 %, 35270 MiB, 38.44 W
2026/09/20 08:04:12.799, 1, 0 %, 0 %, 35270 MiB, 38.22 W
2026/09/20 08:04:12.799, 2, 0 %, 0 %, 35270 MiB, 37.33 W
2026/09/20 08:04:17.800, 0, 0 %, 0 %, 35270 MiB, 38.46 W
2026/09/20 08:04:17.801, 1, 5 %, 0 %, 35270 MiB, 42.98 W
2026/09/20 08:04:17.801, 2, 0 %, 0 %, 35270 MiB, 37.14 W
2026/09/20 08:04:22.801, 0, 0 %, 0 %, 35270 MiB, 38.65 W
2026/09/20 08:04:22.802, 1, 0 %, 0 %, 35270 MiB, 38.44 W
2026/09/20 08:04:22.802, 2, 0 %, 0 %, 35270 MiB, 37.24 W
2026/09/20 08:04:27.803, 0, 0 %, 0 %, 35270 MiB, 38.96 W
2026/09/20 08:04:27.804, 1, 0 %, 0 %, 35270 MiB, 38.33 W
2026/09/20 08:04:27.804, 2, 0 %, 0 %, 35270 MiB, 37.04 W
2026/09/20 08:04:32.804, 0, 20 %, 1 %, 35270 MiB, 38.56 W
2026/09/20 08:04:32.805, 1, 0 %, 0 %, 35270 MiB, 38.44 W
2026/09/20 08:04:32.805, 2, 0 %, 0 %, 35270 MiB, 37.14 W
2026/09/20 08:04:37.806, 0, 0 %, 0 %, 35270 MiB, 38.86 W
2026/09/20 08:04:37.807, 1, 0 %, 0 %, 35270 MiB, 38.44 W
2026/09/20 08:04:37.807, 2, 0 %, 0 %, 35270 MiB, 37.13 W
2026/09/20 08:04:42.810, 0, 0 %, 0 %, 35270 MiB, 39.04 W
2026/09/20 08:04:42.810, 1, 0 %, 0 %, 35270 MiB, 38.53 W
2026/09/20 08:04:42.810, 2, 0 %, 0 %, 35270 MiB, 37.34 W
2026/09/20 08:04:47.812, 0, 0 %, 0 %, 35270 MiB, 38.96 W
2026/09/20 08:04:47.813, 1, 0 %, 0 %, 35270 MiB, 41.99 W
2026/09/20 08:04:47.813, 2, 0 %, 0 %, 35270 MiB, 37.14 W
2026/09/20 08:04:52.814, 0, 0 %, 0 %, 35270 MiB, 38.96 W
2026/09/20 08:04:52.814, 1, 0 %, 0 %, 35270 MiB, 38.44 W
2026/09/20 08:04:52.815, 2, 0 %, 0 %, 35270 MiB, 37.24 W
2026/09/20 08:04:57.820, 0, 0 %, 0 %, 35270 MiB, 39.18 W
2026/09/20 08:04:57.820, 1, 0 %, 0 %, 35270 MiB, 38.46 W
2026/09/20 08:04:57.821, 2, 0 %, 0 %, 35270 MiB, 37.16 W
2026/09/20 08:05:02.822, 0, 0 %, 0 %, 35270 MiB, 39.04 W
2026/09/20 08:05:02.822, 1, 0 %, 0 %, 35270 MiB, 38.32 W
2026/09/20 08:05:02.823, 2, 0 %, 0 %, 35270 MiB, 37.44 W
2026/09/20 08:05:07.833, 0, 0 %, 0 %, 35270 MiB, 39.06 W
2026/09/20 08:05:07.834, 1, 0 %, 0 %, 35270 MiB, 38.33 W
2026/09/20 08:05:07.834, 2, 0 %, 0 %, 35270 MiB, 37.24 W
2026/09/20 08:05:12.834, 0, 0 %, 0 %, 35270 MiB, 38.86 W
2026/09/20 08:05:12.835, 1, 25 %, 1 %, 35270 MiB, 38.33 W
2026/09/20 08:05:12.835, 2, 0 %, 0 %, 35270 MiB, 37.25 W
2026/09/20 08:05:17.835, 0, 0 %, 0 %, 35270 MiB, 38.86 W
2026/09/20 08:05:17.836, 1, 0 %, 0 %, 35270 MiB, 38.33 W
2026/09/20 08:05:17.836, 2, 0 %, 0 %, 35270 MiB, 37.24 W
2026/09/20 08:05:22.837, 0, 0 %, 0 %, 35270 MiB, 38.76 W
2026/09/20 08:05:22.838, 1, 0 %, 0 %, 35270 MiB, 38.24 W
2026/09/20 08:05:22.838, 2, 0 %, 0 %, 35270 MiB, 37.36 W
2026/09/20 08:05:27.847, 0, 0 %, 0 %, 35270 MiB, 38.76 W
2026/09/20 08:05:27.847, 1, 0 %, 0 %, 35270 MiB, 38.33 W
2026/09/20 08:05:27.847, 2, 0 %, 0 %, 35270 MiB, 37.24 W
2026/09/20 08:05:32.848, 0, 0 %, 0 %, 35270 MiB, 38.75 W
2026/09/20 08:05:32.849, 1, 0 %, 0 %, 35270 MiB, 38.44 W
2026/09/20 08:05:32.849, 2, 0 %, 0 %, 35270 MiB, 37.14 W
2026/09/20 08:05:37.850, 0, 0 %, 0 %, 35270 MiB, 38.96 W
2026/09/20 08:05:37.850, 1, 5 %, 0 %, 35270 MiB, 38.53 W
2026/09/20 08:05:37.851, 2, 0 %, 0 %, 35270 MiB, 37.35 W
2026/09/20 08:05:42.852, 0, 0 %, 0 %, 35270 MiB, 38.76 W
2026/09/20 08:05:42.853, 1, 0 %, 0 %, 35270 MiB, 40.32 W
2026/09/20 08:05:42.853, 2, 0 %, 0 %, 35270 MiB, 37.04 W
2026/09/20 08:05:47.853, 0, 0 %, 0 %, 35270 MiB, 38.89 W
2026/09/20 08:05:47.854, 1, 25 %, 1 %, 35270 MiB, 38.34 W
2026/09/20 08:05:47.854, 2, 0 %, 0 %, 35270 MiB, 37.16 W
2026/09/20 08:05:52.854, 0, 0 %, 0 %, 35270 MiB, 38.78 W
2026/09/20 08:05:52.855, 1, 0 %, 0 %, 35270 MiB, 38.46 W
2026/09/20 08:05:52.855, 2, 0 %, 0 %, 35270 MiB, 37.16 W
2026/09/20 08:05:57.856, 0, 0 %, 0 %, 35270 MiB, 38.78 W
2026/09/20 08:05:57.856, 1, 0 %, 0 %, 35270 MiB, 38.46 W
2026/09/20 08:05:57.857, 2, 26 %, 1 %, 35270 MiB, 37.27 W
2026/09/20 08:06:02.858, 0, 0 %, 0 %, 35270 MiB, 38.76 W
2026/09/20 08:06:02.859, 1, 0 %, 0 %, 35270 MiB, 38.44 W
2026/09/20 08:06:02.859, 2, 0 %, 0 %, 35270 MiB, 37.14 W
2026/09/20 08:06:07.870, 0, 0 %, 0 %, 35270 MiB, 38.88 W
2026/09/20 08:06:07.870, 1, 25 %, 1 %, 35270 MiB, 38.45 W
2026/09/20 08:06:07.871, 2, 0 %, 0 %, 35270 MiB, 37.25 W
2026/09/20 08:06:12.871, 0, 0 %, 0 %, 35270 MiB, 39.07 W
2026/09/20 08:06:12.871, 1, 0 %, 0 %, 35270 MiB, 38.15 W
2026/09/20 08:06:12.872, 2, 0 %, 0 %, 35270 MiB, 37.15 W
2026/09/20 08:06:17.873, 0, 0 %, 0 %, 35270 MiB, 38.86 W
2026/09/20 08:06:17.873, 1, 0 %, 0 %, 35270 MiB, 38.14 W
2026/09/20 08:06:17.873, 2, 7 %, 0 %, 35270 MiB, 42.74 W
2026/09/20 08:06:22.875, 0, 0 %, 0 %, 35270 MiB, 38.90 W
2026/09/20 08:06:22.875, 1, 0 %, 0 %, 35270 MiB, 38.16 W
2026/09/20 08:06:22.876, 2, 0 %, 0 %, 35270 MiB, 37.39 W
2026/09/20 08:06:27.877, 0, 0 %, 0 %, 35270 MiB, 38.75 W
2026/09/20 08:06:27.877, 1, 0 %, 0 %, 35270 MiB, 38.22 W
2026/09/20 08:06:27.877, 2, 0 %, 0 %, 35270 MiB, 37.23 W
2026/09/20 08:06:32.879, 0, 0 %, 0 %, 35270 MiB, 38.87 W
2026/09/20 08:06:32.879, 1, 0 %, 0 %, 35270 MiB, 38.24 W
2026/09/20 08:06:32.879, 2, 0 %, 0 %, 35270 MiB, 37.36 W
2026/09/20 08:06:37.881, 0, 0 %, 0 %, 35270 MiB, 38.65 W
2026/09/20 08:06:37.881, 1, 0 %, 0 %, 35270 MiB, 38.13 W
2026/09/20 08:06:37.881, 2, 0 %, 0 %, 35270 MiB, 37.06 W
2026/09/20 08:06:42.885, 0, 0 %, 0 %, 35270 MiB, 38.65 W
2026/09/20 08:06:42.885, 1, 0 %, 0 %, 35270 MiB, 38.42 W
2026/09/20 08:06:42.885, 2, 0 %, 0 %, 35270 MiB, 37.03 W
2026/09/20 08:06:47.887, 0, 0 %, 0 %, 35270 MiB, 38.55 W
2026/09/20 08:06:47.888, 1, 0 %, 0 %, 35270 MiB, 38.13 W
2026/09/20 08:06:47.888, 2, 0 %, 0 %, 35270 MiB, 37.04 W
2026/09/20 08:06:52.888, 0, 0 %, 0 %, 35270 MiB, 38.75 W
2026/09/20 08:06:52.889, 1, 0 %, 0 %, 35270 MiB, 38.12 W
2026/09/20 08:06:52.889, 2, 0 %, 0 %, 35270 MiB, 37.13 W
2026/09/20 08:06:57.890, 0, 0 %, 0 %, 35270 MiB, 38.65 W
2026/09/20 08:06:57.890, 1, 0 %, 0 %, 35270 MiB, 38.13 W
2026/09/20 08:06:57.891, 2, 0 %, 0 %, 35270 MiB, 37.13 W
2026/09/20 08:07:02.891, 0, 0 %, 0 %, 35270 MiB, 38.75 W
2026/09/20 08:07:02.892, 1, 0 %, 0 %, 35270 MiB, 38.33 W
2026/09/20 08:07:02.892, 2, 0 %, 0 %, 35270 MiB, 37.14 W
2026/09/20 08:07:07.902, 0, 0 %, 0 %, 35270 MiB, 38.76 W
2026/09/20 08:07:07.902, 1, 0 %, 0 %, 35270 MiB, 38.25 W
2026/09/20 08:07:07.902, 2, 0 %, 0 %, 35270 MiB, 37.25 W
2026/09/20 08:07:12.904, 0, 0 %, 0 %, 35270 MiB, 38.97 W
2026/09/20 08:07:12.904, 1, 0 %, 0 %, 35270 MiB, 38.15 W
2026/09/20 08:07:12.904, 2, 0 %, 0 %, 35270 MiB, 37.14 W
2026/09/20 08:07:17.906, 0, 0 %, 0 %, 35270 MiB, 38.86 W
2026/09/20 08:07:17.906, 1, 0 %, 0 %, 35270 MiB, 38.33 W
2026/09/20 08:07:17.906, 2, 0 %, 0 %, 35270 MiB, 37.24 W
2026/09/20 08:07:22.908, 0, 0 %, 0 %, 35270 MiB, 38.87 W
2026/09/20 08:07:22.908, 1, 0 %, 0 %, 35270 MiB, 38.15 W
2026/09/20 08:07:22.909, 2, 0 %, 0 %, 35270 MiB, 37.25 W
2026/09/20 08:07:27.910, 0, 0 %, 0 %, 35270 MiB, 39.07 W
2026/09/20 08:07:27.910, 1, 0 %, 0 %, 35270 MiB, 38.13 W
2026/09/20 08:07:27.911, 2, 0 %, 0 %, 35270 MiB, 37.25 W
2026/09/20 08:07:32.912, 0, 0 %, 0 %, 35270 MiB, 38.74 W
2026/09/20 08:07:32.912, 1, 0 %, 0 %, 35270 MiB, 38.23 W
2026/09/20 08:07:32.912, 2, 0 %, 0 %, 35270 MiB, 37.23 W
2026/09/20 08:07:37.914, 0, 0 %, 0 %, 35270 MiB, 38.75 W
2026/09/20 08:07:37.914, 1, 0 %, 0 %, 35270 MiB, 38.34 W
2026/09/20 08:07:37.914, 2, 0 %, 0 %, 35270 MiB, 37.33 W
2026/09/20 08:07:42.915, 0, 0 %, 0 %, 35270 MiB, 38.75 W
2026/09/20 08:07:42.915, 1, 0 %, 0 %, 35270 MiB, 38.13 W
2026/09/20 08:07:42.915, 2, 0 %, 0 %, 35270 MiB, 37.24 W
2026/09/20 08:07:47.917, 0, 0 %, 0 %, 35270 MiB, 38.77 W
2026/09/20 08:07:47.917, 1, 0 %, 0 %, 35270 MiB, 38.13 W
2026/09/20 08:07:47.917, 2, 0 %, 0 %, 35270 MiB, 37.04 W
2026/09/20 08:07:52.919, 0, 0 %, 0 %, 35270 MiB, 38.65 W
2026/09/20 08:07:52.919, 1, 0 %, 0 %, 35270 MiB, 38.44 W
2026/09/20 08:07:52.920, 2, 0 %, 0 %, 35270 MiB, 37.04 W
2026/09/20 08:07:57.921, 0, 0 %, 0 %, 35270 MiB, 38.66 W
2026/09/20 08:07:57.921, 1, 0 %, 0 %, 35270 MiB, 38.24 W
2026/09/20 08:07:57.922, 2, 0 %, 0 %, 35270 MiB, 37.06 W
2026/09/20 08:08:02.923, 0, 0 %, 0 %, 35270 MiB, 38.97 W
2026/09/20 08:08:02.923, 1, 0 %, 0 %, 35270 MiB, 38.15 W
2026/09/20 08:08:02.924, 2, 0 %, 0 %, 35270 MiB, 37.36 W
2026/09/20 08:08:07.925, 0, 0 %, 0 %, 35270 MiB, 38.74 W
2026/09/20 08:08:07.925, 1, 0 %, 0 %, 35270 MiB, 38.22 W
2026/09/20 08:08:07.926, 2, 0 %, 0 %, 35270 MiB, 37.14 W
2026/09/20 08:08:12.927, 0, 0 %, 0 %, 35270 MiB, 38.85 W
2026/09/20 08:08:12.927, 1, 0 %, 0 %, 35270 MiB, 38.33 W
2026/09/20 08:08:12.928, 2, 0 %, 0 %, 35270 MiB, 37.14 W
2026/09/20 08:08:17.929, 0, 0 %, 0 %, 35270 MiB, 38.75 W
2026/09/20 08:08:17.930, 1, 0 %, 0 %, 35270 MiB, 38.13 W
2026/09/20 08:08:17.930, 2, 0 %, 0 %, 35270 MiB, 37.14 W
2026/09/20 08:08:22.931, 0, 0 %, 0 %, 35270 MiB, 38.96 W
2026/09/20 08:08:22.932, 1, 0 %, 0 %, 35270 MiB, 38.13 W
2026/09/20 08:08:22.932, 2, 0 %, 0 %, 35270 MiB, 37.35 W
2026/09/20 08:08:27.933, 0, 0 %, 0 %, 35270 MiB, 38.96 W
2026/09/20 08:08:27.933, 1, 0 %, 0 %, 35270 MiB, 38.13 W
2026/09/20 08:08:27.934, 2, 0 %, 0 %, 35270 MiB, 37.24 W
2026/09/20 08:08:32.935, 0, 0 %, 0 %, 35270 MiB, 38.89 W
2026/09/20 08:08:32.935, 1, 0 %, 0 %, 35270 MiB, 38.25 W
2026/09/20 08:08:32.936, 2, 0 %, 0 %, 35270 MiB, 37.27 W
2026/09/20 08:08:37.936, 0, 0 %, 0 %, 35270 MiB, 38.97 W
2026/09/20 08:08:37.937, 1, 0 %, 0 %, 35270 MiB, 38.14 W
2026/09/20 08:08:37.937, 2, 0 %, 0 %, 35270 MiB, 37.25 W
2026/09/20 08:08:42.938, 0, 0 %, 0 %, 35270 MiB, 38.90 W
2026/09/20 08:08:42.938, 1, 0 %, 0 %, 35270 MiB, 38.15 W
2026/09/20 08:08:42.939, 2, 0 %, 0 %, 35270 MiB, 37.37 W
2026/09/20 08:08:47.940, 0, 0 %, 0 %, 35270 MiB, 38.77 W
2026/09/20 08:08:47.941, 1, 0 %, 0 %, 35270 MiB, 38.53 W
2026/09/20 08:08:47.941, 2, 0 %, 0 %, 35270 MiB, 37.35 W
2026/09/20 08:08:52.942, 0, 0 %, 0 %, 35270 MiB, 38.76 W
2026/09/20 08:08:52.942, 1, 0 %, 0 %, 35270 MiB, 38.14 W
2026/09/20 08:08:52.943, 2, 0 %, 0 %, 35270 MiB, 37.06 W
2026/09/20 08:08:57.943, 0, 0 %, 0 %, 35270 MiB, 38.91 W
2026/09/20 08:08:57.944, 1, 0 %, 0 %, 35270 MiB, 38.06 W
2026/09/20 08:08:57.944, 2, 0 %, 0 %, 35270 MiB, 37.06 W
2026/09/20 08:09:02.944, 0, 0 %, 0 %, 35270 MiB, 38.75 W
2026/09/20 08:09:02.945, 1, 0 %, 0 %, 35270 MiB, 38.14 W
2026/09/20 08:09:02.945, 2, 0 %, 0 %, 35270 MiB, 37.14 W
2026/09/20 08:09:07.946, 0, 0 %, 0 %, 35270 MiB, 38.66 W
2026/09/20 08:09:07.947, 1, 0 %, 0 %, 35270 MiB, 38.35 W
2026/09/20 08:09:07.947, 2, 0 %, 0 %, 35270 MiB, 37.06 W
2026/09/20 08:09:12.947, 0, 0 %, 0 %, 35270 MiB, 38.87 W
2026/09/20 08:09:12.948, 1, 0 %, 0 %, 35270 MiB, 38.25 W
2026/09/20 08:09:12.948, 2, 0 %, 0 %, 35270 MiB, 37.06 W
2026/09/20 08:09:17.948, 0, 0 %, 0 %, 35270 MiB, 38.90 W
2026/09/20 08:09:17.949, 1, 0 %, 0 %, 35270 MiB, 38.26 W
2026/09/20 08:09:17.949, 2, 0 %, 0 %, 35270 MiB, 37.08 W
2026/09/20 08:09:22.950, 0, 0 %, 0 %, 35270 MiB, 38.90 W
2026/09/20 08:09:22.950, 1, 0 %, 0 %, 35270 MiB, 38.48 W
2026/09/20 08:09:22.950, 2, 0 %, 0 %, 35270 MiB, 37.08 W
2026/09/20 08:09:27.952, 0, 0 %, 0 %, 35270 MiB, 38.86 W
2026/09/20 08:09:27.952, 1, 0 %, 0 %, 35270 MiB, 38.14 W
2026/09/20 08:09:27.952, 2, 0 %, 0 %, 35270 MiB, 37.06 W
2026/09/20 08:09:32.954, 0, 0 %, 0 %, 35270 MiB, 38.97 W
2026/09/20 08:09:32.955, 1, 0 %, 0 %, 35270 MiB, 38.13 W
2026/09/20 08:09:32.955, 2, 0 %, 0 %, 35270 MiB, 37.14 W
2026/09/20 08:09:37.956, 0, 0 %, 0 %, 35270 MiB, 38.96 W
2026/09/20 08:09:37.957, 1, 0 %, 0 %, 35270 MiB, 38.14 W
2026/09/20 08:09:37.957, 2, 0 %, 0 %, 35270 MiB, 37.14 W
2026/09/20 08:09:42.957, 0, 0 %, 0 %, 35270 MiB, 38.88 W
2026/09/20 08:09:42.958, 1, 0 %, 0 %, 35270 MiB, 38.25 W
2026/09/20 08:09:42.958, 2, 0 %, 0 %, 35270 MiB, 37.17 W
2026/09/20 08:09:47.958, 0, 0 %, 0 %, 35270 MiB, 38.69 W
2026/09/20 08:09:47.959, 1, 0 %, 0 %, 35270 MiB, 38.15 W
2026/09/20 08:09:47.959, 2, 0 %, 0 %, 35270 MiB, 37.28 W
2026/09/20 08:09:52.960, 0, 0 %, 0 %, 35270 MiB, 39.06 W
2026/09/20 08:09:52.960, 1, 0 %, 0 %, 35270 MiB, 38.22 W
2026/09/20 08:09:52.960, 2, 0 %, 0 %, 35270 MiB, 37.24 W
2026/09/20 08:09:57.962, 0, 0 %, 0 %, 35270 MiB, 38.81 W
2026/09/20 08:09:57.962, 1, 0 %, 0 %, 35270 MiB, 38.18 W
2026/09/20 08:09:57.963, 2, 0 %, 0 %, 35270 MiB, 37.39 W
2026/09/20 08:10:02.964, 0, 0 %, 0 %, 35270 MiB, 38.75 W
2026/09/20 08:10:02.965, 1, 0 %, 0 %, 35270 MiB, 38.33 W
2026/09/20 08:10:02.965, 2, 0 %, 0 %, 35270 MiB, 37.14 W
2026/09/20 08:10:07.965, 0, 0 %, 0 %, 35270 MiB, 38.75 W
2026/09/20 08:10:07.966, 1, 0 %, 0 %, 35270 MiB, 38.13 W
2026/09/20 08:10:07.966, 2, 0 %, 0 %, 35270 MiB, 37.14 W
2026/09/20 08:10:12.966, 0, 0 %, 0 %, 35270 MiB, 38.90 W
2026/09/20 08:10:12.967, 1, 0 %, 0 %, 35270 MiB, 38.27 W
2026/09/20 08:10:12.967, 2, 0 %, 0 %, 35270 MiB, 37.08 W
2026/09/20 08:10:17.967, 0, 0 %, 0 %, 35270 MiB, 38.85 W
2026/09/20 08:10:17.968, 1, 0 %, 0 %, 35270 MiB, 38.52 W
2026/09/20 08:10:17.968, 2, 0 %, 0 %, 35270 MiB, 37.23 W
2026/09/20 08:10:22.969, 0, 0 %, 0 %, 35270 MiB, 38.86 W
2026/09/20 08:10:22.970, 1, 0 %, 0 %, 35270 MiB, 38.33 W
2026/09/20 08:10:22.970, 2, 0 %, 0 %, 35270 MiB, 37.14 W
2026/09/20 08:10:27.971, 0, 0 %, 0 %, 35270 MiB, 39.18 W
2026/09/20 08:10:27.971, 1, 0 %, 0 %, 35270 MiB, 38.15 W
2026/09/20 08:10:27.972, 2, 0 %, 0 %, 35270 MiB, 37.06 W
2026/09/20 08:10:32.973, 0, 0 %, 0 %, 35270 MiB, 38.75 W
2026/09/20 08:10:32.973, 1, 0 %, 0 %, 35270 MiB, 38.03 W
2026/09/20 08:10:32.973, 2, 0 %, 0 %, 35270 MiB, 37.14 W
2026/09/20 08:10:37.975, 0, 0 %, 0 %, 35270 MiB, 38.86 W
2026/09/20 08:10:37.976, 1, 0 %, 0 %, 35270 MiB, 38.13 W
2026/09/20 08:10:37.976, 2, 0 %, 0 %, 35270 MiB, 37.24 W
2026/09/20 08:10:42.977, 0, 0 %, 0 %, 35270 MiB, 38.97 W
2026/09/20 08:10:42.977, 1, 0 %, 0 %, 35270 MiB, 38.13 W
2026/09/20 08:10:42.978, 2, 0 %, 0 %, 35270 MiB, 37.24 W
2026/09/20 08:10:47.979, 0, 0 %, 0 %, 35270 MiB, 39.06 W
2026/09/20 08:10:47.979, 1, 0 %, 0 %, 35270 MiB, 38.13 W
2026/09/20 08:10:47.980, 2, 0 %, 0 %, 35270 MiB, 37.13 W
2026/09/20 08:10:52.981, 0, 5 %, 0 %, 35270 MiB, 38.95 W
2026/09/20 08:10:52.982, 1, 0 %, 0 %, 35270 MiB, 38.33 W
2026/09/20 08:10:52.982, 2, 0 %, 0 %, 35270 MiB, 37.44 W
2026/09/20 08:10:57.985, 0, 0 %, 0 %, 35270 MiB, 38.77 W
2026/09/20 08:10:57.986, 1, 0 %, 0 %, 35270 MiB, 38.15 W
2026/09/20 08:10:57.986, 2, 0 %, 0 %, 35270 MiB, 37.25 W
2026/09/20 08:11:02.986, 0, 0 %, 0 %, 35270 MiB, 38.97 W
2026/09/20 08:11:02.987, 1, 0 %, 0 %, 35270 MiB, 38.15 W
2026/09/20 08:11:02.987, 2, 0 %, 0 %, 35270 MiB, 37.25 W
2026/09/20 08:11:07.987, 0, 0 %, 0 %, 35270 MiB, 38.83 W
2026/09/20 08:11:07.987, 1, 0 %, 0 %, 35270 MiB, 38.24 W
2026/09/20 08:11:07.988, 2, 0 %, 0 %, 35270 MiB, 37.15 W
2026/09/20 08:11:12.989, 0, 0 %, 0 %, 35270 MiB, 38.76 W
2026/09/20 08:11:12.989, 1, 0 %, 0 %, 35270 MiB, 38.23 W
2026/09/20 08:11:12.990, 2, 0 %, 0 %, 35270 MiB, 37.25 W
2026/09/20 08:11:17.991, 0, 0 %, 0 %, 35270 MiB, 38.87 W
2026/09/20 08:11:17.991, 1, 0 %, 0 %, 35270 MiB, 38.15 W
2026/09/20 08:11:17.992, 2, 0 %, 0 %, 35270 MiB, 37.06 W
2026/09/20 08:11:22.993, 0, 0 %, 0 %, 35270 MiB, 38.92 W
2026/09/20 08:11:22.993, 1, 0 %, 0 %, 35270 MiB, 38.27 W
2026/09/20 08:11:22.994, 2, 0 %, 0 %, 35270 MiB, 37.09 W
2026/09/20 08:11:27.994, 0, 0 %, 0 %, 35270 MiB, 38.91 W
2026/09/20 08:11:27.994, 1, 0 %, 0 %, 35270 MiB, 38.49 W
2026/09/20 08:11:27.994, 2, 0 %, 0 %, 35270 MiB, 37.18 W
2026/09/20 08:11:32.995, 0, 0 %, 0 %, 35270 MiB, 44.67 W
2026/09/20 08:11:32.995, 1, 0 %, 0 %, 35270 MiB, 38.38 W
2026/09/20 08:11:32.995, 2, 0 %, 0 %, 35270 MiB, 37.18 W
2026/09/20 08:11:37.995, 0, 19 %, 1 %, 35270 MiB, 39.22 W
2026/09/20 08:11:37.995, 1, 0 %, 0 %, 35270 MiB, 38.28 W
2026/09/20 08:11:37.996, 2, 0 %, 0 %, 35270 MiB, 37.30 W
2026/09/20 08:11:42.997, 0, 0 %, 0 %, 35270 MiB, 39.12 W
2026/09/20 08:11:42.997, 1, 0 %, 0 %, 35270 MiB, 38.19 W
2026/09/20 08:11:42.997, 2, 0 %, 0 %, 35270 MiB, 37.18 W
2026/09/20 08:11:47.997, 0, 0 %, 0 %, 35270 MiB, 39.12 W
2026/09/20 08:11:47.997, 1, 0 %, 0 %, 35270 MiB, 38.38 W
2026/09/20 08:11:47.998, 2, 0 %, 0 %, 35270 MiB, 37.49 W
2026/09/20 08:11:52.998, 0, 0 %, 0 %, 35270 MiB, 39.12 W
2026/09/20 08:11:52.998, 1, 0 %, 0 %, 35270 MiB, 38.39 W
2026/09/20 08:11:52.999, 2, 0 %, 0 %, 35270 MiB, 37.39 W
2026/09/20 08:11:58.000, 0, 0 %, 0 %, 35270 MiB, 39.26 W
2026/09/20 08:11:58.000, 1, 0 %, 0 %, 35270 MiB, 38.36 W
2026/09/20 08:11:58.000, 2, 0 %, 0 %, 35270 MiB, 37.47 W
2026/09/20 08:12:03.002, 0, 0 %, 0 %, 35270 MiB, 39.17 W
2026/09/20 08:12:03.002, 1, 0 %, 0 %, 35270 MiB, 38.25 W
2026/09/20 08:12:03.002, 2, 0 %, 0 %, 35270 MiB, 37.46 W
2026/09/20 08:12:08.003, 0, 0 %, 0 %, 35270 MiB, 38.96 W
2026/09/20 08:12:08.004, 1, 0 %, 0 %, 35270 MiB, 38.34 W
2026/09/20 08:12:08.004, 2, 0 %, 0 %, 35270 MiB, 37.44 W
2026/09/20 08:12:13.005, 0, 0 %, 0 %, 35270 MiB, 38.85 W
2026/09/20 08:12:13.005, 1, 0 %, 0 %, 35270 MiB, 38.23 W
2026/09/20 08:12:13.005, 2, 0 %, 0 %, 35270 MiB, 37.15 W
2026/09/20 08:12:18.006, 0, 0 %, 0 %, 35270 MiB, 38.86 W
2026/09/20 08:12:18.006, 1, 0 %, 0 %, 35270 MiB, 38.13 W
2026/09/20 08:12:18.007, 2, 0 %, 0 %, 35270 MiB, 37.04 W
2026/09/20 08:12:23.008, 0, 0 %, 0 %, 35270 MiB, 38.66 W
2026/09/20 08:12:23.008, 1, 0 %, 0 %, 35270 MiB, 38.23 W
2026/09/20 08:12:23.009, 2, 0 %, 0 %, 35270 MiB, 37.04 W
2026/09/20 08:12:28.009, 0, 0 %, 0 %, 35270 MiB, 38.66 W
2026/09/20 08:12:28.010, 1, 0 %, 0 %, 35270 MiB, 38.03 W
2026/09/20 08:12:28.010, 2, 0 %, 0 %, 35270 MiB, 37.06 W
2026/09/20 08:12:33.011, 0, 0 %, 0 %, 35270 MiB, 38.75 W
2026/09/20 08:12:33.011, 1, 0 %, 0 %, 35270 MiB, 38.13 W
2026/09/20 08:12:33.011, 2, 0 %, 0 %, 35270 MiB, 37.04 W
2026/09/20 08:12:38.017, 0, 0 %, 0 %, 35270 MiB, 38.76 W
2026/09/20 08:12:38.017, 1, 0 %, 0 %, 35270 MiB, 38.25 W
2026/09/20 08:12:38.017, 2, 0 %, 0 %, 35270 MiB, 36.86 W
2026/09/20 08:12:43.018, 0, 0 %, 0 %, 35270 MiB, 38.66 W
2026/09/20 08:12:43.019, 1, 0 %, 0 %, 35270 MiB, 38.13 W
2026/09/20 08:12:43.019, 2, 0 %, 0 %, 35270 MiB, 36.94 W
2026/09/20 08:12:48.020, 0, 0 %, 0 %, 35270 MiB, 38.76 W
2026/09/20 08:12:48.020, 1, 0 %, 0 %, 35270 MiB, 37.93 W
2026/09/20 08:12:48.020, 2, 0 %, 0 %, 35270 MiB, 37.04 W
2026/09/20 08:12:53.022, 0, 0 %, 0 %, 35270 MiB, 38.85 W
2026/09/20 08:12:53.022, 1, 0 %, 0 %, 35270 MiB, 37.96 W
2026/09/20 08:12:53.023, 2, 0 %, 0 %, 35270 MiB, 36.95 W
2026/09/20 08:12:58.023, 0, 0 %, 0 %, 35270 MiB, 38.87 W
2026/09/20 08:12:58.024, 1, 0 %, 0 %, 35270 MiB, 38.03 W
2026/09/20 08:12:58.024, 2, 0 %, 0 %, 35270 MiB, 36.94 W
2026/09/20 08:13:03.025, 0, 0 %, 0 %, 35270 MiB, 38.76 W
2026/09/20 08:13:03.025, 1, 0 %, 0 %, 35270 MiB, 38.04 W
2026/09/20 08:13:03.025, 2, 0 %, 0 %, 35270 MiB, 37.36 W
2026/09/20 08:13:08.027, 0, 0 %, 0 %, 35270 MiB, 38.56 W
2026/09/20 08:13:08.027, 1, 0 %, 0 %, 35270 MiB, 38.03 W
2026/09/20 08:13:08.027, 2, 0 %, 0 %, 35270 MiB, 37.15 W
2026/09/20 08:13:13.029, 0, 0 %, 0 %, 35270 MiB, 38.75 W
2026/09/20 08:13:13.029, 1, 0 %, 0 %, 35270 MiB, 38.05 W
2026/09/20 08:13:13.029, 2, 0 %, 0 %, 35270 MiB, 37.14 W
2026/09/20 08:13:18.030, 0, 0 %, 0 %, 35270 MiB, 38.66 W
2026/09/20 08:13:18.031, 1, 0 %, 0 %, 35270 MiB, 38.13 W
2026/09/20 08:13:18.031, 2, 0 %, 0 %, 35270 MiB, 37.15 W
2026/09/20 08:13:23.035, 0, 0 %, 0 %, 35270 MiB, 38.66 W
2026/09/20 08:13:23.036, 1, 0 %, 0 %, 35270 MiB, 38.13 W
2026/09/20 08:13:23.036, 2, 0 %, 0 %, 35270 MiB, 37.15 W
2026/09/20 08:13:28.037, 0, 0 %, 0 %, 35270 MiB, 38.86 W
2026/09/20 08:13:28.037, 1, 0 %, 0 %, 35270 MiB, 38.13 W
2026/09/20 08:13:28.037, 2, 0 %, 0 %, 35270 MiB, 37.04 W
2026/09/20 08:13:33.039, 0, 0 %, 0 %, 35270 MiB, 38.66 W
2026/09/20 08:13:33.039, 1, 0 %, 0 %, 35270 MiB, 38.25 W
2026/09/20 08:13:33.040, 2, 0 %, 0 %, 35270 MiB, 36.96 W
2026/09/20 08:13:38.040, 0, 0 %, 0 %, 35270 MiB, 38.66 W
2026/09/20 08:13:38.041, 1, 0 %, 0 %, 35270 MiB, 38.15 W
2026/09/20 08:13:38.041, 2, 0 %, 0 %, 35270 MiB, 37.06 W
2026/09/20 08:13:43.042, 0, 0 %, 0 %, 35270 MiB, 38.74 W
2026/09/20 08:13:43.042, 1, 0 %, 0 %, 35270 MiB, 38.22 W
2026/09/20 08:13:43.042, 2, 0 %, 0 %, 35270 MiB, 37.03 W
2026/09/20 08:13:48.044, 0, 0 %, 0 %, 35270 MiB, 38.87 W
2026/09/20 08:13:48.044, 1, 0 %, 0 %, 35270 MiB, 38.15 W
2026/09/20 08:13:48.044, 2, 0 %, 0 %, 35270 MiB, 36.94 W
2026/09/20 08:13:53.046, 0, 0 %, 0 %, 35270 MiB, 38.75 W
2026/09/20 08:13:53.046, 1, 0 %, 0 %, 35270 MiB, 38.03 W
2026/09/20 08:13:53.046, 2, 0 %, 0 %, 35270 MiB, 37.04 W
2026/09/20 08:13:58.048, 0, 0 %, 0 %, 35270 MiB, 39.25 W
2026/09/20 08:13:58.048, 1, 0 %, 0 %, 35270 MiB, 37.94 W
2026/09/20 08:13:58.048, 2, 0 %, 0 %, 35270 MiB, 37.14 W
2026/09/20 08:14:03.048, 0, 0 %, 0 %, 35270 MiB, 38.76 W
2026/09/20 08:14:03.049, 1, 0 %, 0 %, 35270 MiB, 38.04 W
2026/09/20 08:14:03.049, 2, 0 %, 0 %, 35270 MiB, 37.14 W
2026/09/20 08:14:08.055, 0, 0 %, 0 %, 35270 MiB, 38.78 W
2026/09/20 08:14:08.055, 1, 0 %, 0 %, 35270 MiB, 38.14 W
2026/09/20 08:14:08.055, 2, 0 %, 0 %, 35270 MiB, 37.15 W
2026/09/20 08:14:13.061, 0, 0 %, 0 %, 35270 MiB, 38.80 W
2026/09/20 08:14:13.061, 1, 0 %, 0 %, 35270 MiB, 38.08 W
2026/09/20 08:14:13.062, 2, 0 %, 0 %, 35270 MiB, 37.18 W
2026/09/20 08:14:18.063, 0, 0 %, 0 %, 35270 MiB, 38.71 W
2026/09/20 08:14:18.063, 1, 0 %, 0 %, 35270 MiB, 38.08 W
2026/09/20 08:14:18.064, 2, 0 %, 0 %, 35270 MiB, 37.18 W
2026/09/20 08:14:23.064, 0, 0 %, 0 %, 35270 MiB, 38.92 W
2026/09/20 08:14:23.065, 1, 0 %, 0 %, 35270 MiB, 38.08 W
2026/09/20 08:14:23.065, 2, 0 %, 0 %, 35270 MiB, 37.28 W
2026/09/20 08:14:28.065, 0, 0 %, 0 %, 35270 MiB, 38.81 W
2026/09/20 08:14:28.065, 1, 0 %, 0 %, 35270 MiB, 38.18 W
2026/09/20 08:14:28.065, 2, 0 %, 0 %, 35270 MiB, 37.00 W
2026/09/20 08:14:33.066, 0, 0 %, 0 %, 35270 MiB, 38.81 W
2026/09/20 08:14:33.066, 1, 0 %, 0 %, 35270 MiB, 38.20 W
2026/09/20 08:14:33.066, 2, 0 %, 0 %, 35270 MiB, 37.00 W
2026/09/20 08:14:38.067, 0, 0 %, 0 %, 35270 MiB, 38.82 W
2026/09/20 08:14:38.067, 1, 0 %, 0 %, 35270 MiB, 38.20 W
2026/09/20 08:14:38.067, 2, 0 %, 0 %, 35270 MiB, 37.10 W
2026/09/20 08:14:43.067, 0, 100 %, 7 %, 35270 MiB, 88.67 W
2026/09/20 08:14:43.068, 1, 100 %, 7 %, 35270 MiB, 87.69 W
2026/09/20 08:14:43.068, 2, 100 %, 7 %, 35270 MiB, 91.94 W
2026/09/20 08:14:48.068, 0, 100 %, 7 %, 35270 MiB, 90.13 W
2026/09/20 08:14:48.068, 1, 99 %, 7 %, 35270 MiB, 91.83 W
2026/09/20 08:14:48.068, 2, 100 %, 7 %, 35270 MiB, 97.45 W
2026/09/20 08:14:53.069, 0, 100 %, 11 %, 35270 MiB, 90.04 W
2026/09/20 08:14:53.069, 1, 100 %, 15 %, 35270 MiB, 94.64 W
2026/09/20 08:14:53.069, 2, 100 %, 11 %, 35270 MiB, 88.19 W
2026/09/20 08:14:58.069, 0, 100 %, 10 %, 35270 MiB, 101.28 W
2026/09/20 08:14:58.069, 1, 100 %, 7 %, 35270 MiB, 93.28 W
2026/09/20 08:14:58.070, 2, 100 %, 7 %, 35270 MiB, 96.39 W
2026/09/20 08:15:03.070, 0, 99 %, 6 %, 35270 MiB, 94.82 W
2026/09/20 08:15:03.070, 1, 100 %, 7 %, 35270 MiB, 95.98 W
2026/09/20 08:15:03.070, 2, 100 %, 6 %, 35270 MiB, 94.28 W
2026/09/20 08:15:08.071, 0, 100 %, 7 %, 35270 MiB, 93.51 W
2026/09/20 08:15:08.071, 1, 100 %, 10 %, 35270 MiB, 89.58 W
2026/09/20 08:15:08.071, 2, 100 %, 7 %, 35270 MiB, 94.65 W
2026/09/20 08:15:13.071, 0, 100 %, 7 %, 35270 MiB, 92.22 W
2026/09/20 08:15:13.072, 1, 100 %, 7 %, 35270 MiB, 93.12 W
2026/09/20 08:15:13.072, 2, 100 %, 6 %, 35270 MiB, 94.98 W
2026/09/20 08:15:18.072, 0, 100 %, 7 %, 35270 MiB, 91.67 W
2026/09/20 08:15:18.072, 1, 100 %, 6 %, 35270 MiB, 95.48 W
2026/09/20 08:15:18.072, 2, 100 %, 7 %, 35270 MiB, 91.19 W
2026/09/20 08:15:23.073, 0, 100 %, 10 %, 35270 MiB, 93.45 W
2026/09/20 08:15:23.073, 1, 100 %, 7 %, 35270 MiB, 93.43 W
2026/09/20 08:15:23.073, 2, 100 %, 7 %, 35270 MiB, 97.07 W
2026/09/20 08:15:28.074, 0, 100 %, 7 %, 35270 MiB, 98.21 W
2026/09/20 08:15:28.074, 1, 100 %, 7 %, 35270 MiB, 91.32 W
2026/09/20 08:15:28.074, 2, 100 %, 7 %, 35270 MiB, 98.54 W
2026/09/20 08:15:33.075, 0, 100 %, 7 %, 35270 MiB, 92.29 W
2026/09/20 08:15:33.075, 1, 100 %, 7 %, 35270 MiB, 93.55 W
2026/09/20 08:15:33.075, 2, 100 %, 7 %, 35270 MiB, 95.42 W
2026/09/20 08:15:38.075, 0, 100 %, 6 %, 35270 MiB, 92.64 W
2026/09/20 08:15:38.076, 1, 100 %, 7 %, 35270 MiB, 126.88 W
2026/09/20 08:15:38.076, 2, 100 %, 10 %, 35270 MiB, 91.21 W
2026/09/20 08:15:43.076, 0, 100 %, 10 %, 35270 MiB, 96.37 W
2026/09/20 08:15:43.076, 1, 100 %, 7 %, 35270 MiB, 92.23 W
2026/09/20 08:15:43.076, 2, 100 %, 7 %, 35270 MiB, 93.25 W
2026/09/20 08:15:48.076, 0, 100 %, 9 %, 35270 MiB, 93.83 W
2026/09/20 08:15:48.077, 1, 100 %, 11 %, 35270 MiB, 108.01 W
2026/09/20 08:15:48.077, 2, 100 %, 7 %, 35270 MiB, 93.46 W
2026/09/20 08:15:53.077, 0, 100 %, 15 %, 35270 MiB, 92.91 W
2026/09/20 08:15:53.077, 1, 100 %, 7 %, 35270 MiB, 97.21 W
2026/09/20 08:15:53.077, 2, 100 %, 7 %, 35270 MiB, 95.31 W
2026/09/20 08:15:58.078, 0, 100 %, 7 %, 35270 MiB, 95.50 W
2026/09/20 08:15:58.078, 1, 100 %, 7 %, 35270 MiB, 96.11 W
2026/09/20 08:15:58.078, 2, 100 %, 7 %, 35270 MiB, 91.76 W
2026/09/20 08:16:03.078, 0, 100 %, 7 %, 35270 MiB, 96.21 W
2026/09/20 08:16:03.078, 1, 100 %, 7 %, 35270 MiB, 97.78 W
2026/09/20 08:16:03.078, 2, 100 %, 7 %, 35270 MiB, 98.55 W
2026/09/20 08:16:08.079, 0, 100 %, 7 %, 35270 MiB, 165.72 W
2026/09/20 08:16:08.079, 1, 100 %, 7 %, 35270 MiB, 96.26 W
2026/09/20 08:16:08.079, 2, 100 %, 7 %, 35270 MiB, 97.58 W
2026/09/20 08:16:13.079, 0, 100 %, 7 %, 35270 MiB, 98.18 W
2026/09/20 08:16:13.080, 1, 100 %, 7 %, 35270 MiB, 96.20 W
2026/09/20 08:16:13.080, 2, 100 %, 7 %, 35270 MiB, 98.67 W
2026/09/20 08:16:18.080, 0, 100 %, 7 %, 35270 MiB, 102.06 W
2026/09/20 08:16:18.080, 1, 100 %, 7 %, 35270 MiB, 96.09 W
2026/09/20 08:16:18.080, 2, 100 %, 7 %, 35270 MiB, 94.65 W
2026/09/20 08:16:23.081, 0, 100 %, 7 %, 35270 MiB, 102.66 W
2026/09/20 08:16:23.081, 1, 100 %, 7 %, 35270 MiB, 98.31 W
2026/09/20 08:16:23.081, 2, 100 %, 7 %, 35270 MiB, 97.47 W
2026/09/20 08:16:28.081, 0, 100 %, 7 %, 35270 MiB, 96.31 W
2026/09/20 08:16:28.082, 1, 100 %, 11 %, 35270 MiB, 100.43 W
2026/09/20 08:16:28.082, 2, 100 %, 18 %, 35270 MiB, 95.50 W
2026/09/20 08:16:33.082, 0, 100 %, 11 %, 35270 MiB, 97.54 W
2026/09/20 08:16:33.082, 1, 100 %, 7 %, 35270 MiB, 94.62 W
2026/09/20 08:16:33.082, 2, 100 %, 15 %, 35270 MiB, 98.03 W
2026/09/20 08:16:38.083, 0, 100 %, 7 %, 35270 MiB, 95.31 W
2026/09/20 08:16:38.083, 1, 100 %, 7 %, 35270 MiB, 101.37 W
2026/09/20 08:16:38.083, 2, 100 %, 10 %, 35270 MiB, 99.23 W
2026/09/20 08:16:43.084, 0, 100 %, 7 %, 35270 MiB, 100.59 W
2026/09/20 08:16:43.084, 1, 100 %, 7 %, 35270 MiB, 102.50 W
2026/09/20 08:16:43.084, 2, 100 %, 7 %, 35270 MiB, 98.58 W
2026/09/20 08:16:48.084, 0, 100 %, 7 %, 35270 MiB, 99.81 W
2026/09/20 08:16:48.085, 1, 100 %, 7 %, 35270 MiB, 101.13 W
2026/09/20 08:16:48.085, 2, 100 %, 10 %, 35270 MiB, 98.26 W
2026/09/20 08:16:53.085, 0, 100 %, 7 %, 35270 MiB, 163.42 W
2026/09/20 08:16:53.085, 1, 100 %, 7 %, 35270 MiB, 99.74 W
2026/09/20 08:16:53.085, 2, 100 %, 11 %, 35270 MiB, 101.02 W
2026/09/20 08:16:58.086, 0, 100 %, 7 %, 35270 MiB, 103.52 W
2026/09/20 08:16:58.086, 1, 100 %, 7 %, 35270 MiB, 96.16 W
2026/09/20 08:16:58.086, 2, 100 %, 7 %, 35270 MiB, 101.82 W
2026/09/20 08:17:03.086, 0, 100 %, 7 %, 35270 MiB, 103.31 W
2026/09/20 08:17:03.086, 1, 100 %, 7 %, 35270 MiB, 100.77 W
2026/09/20 08:17:03.086, 2, 100 %, 7 %, 35270 MiB, 98.98 W
2026/09/20 08:17:08.087, 0, 100 %, 11 %, 35270 MiB, 105.61 W
2026/09/20 08:17:08.087, 1, 100 %, 7 %, 35270 MiB, 102.14 W
2026/09/20 08:17:08.087, 2, 100 %, 19 %, 35270 MiB, 100.68 W
2026/09/20 08:17:13.088, 0, 100 %, 7 %, 35270 MiB, 98.44 W
2026/09/20 08:17:13.088, 1, 100 %, 7 %, 35270 MiB, 113.24 W
2026/09/20 08:17:13.088, 2, 100 %, 6 %, 35270 MiB, 102.72 W
2026/09/20 08:17:18.088, 0, 100 %, 7 %, 35270 MiB, 104.96 W
2026/09/20 08:17:18.089, 1, 100 %, 7 %, 35270 MiB, 102.54 W
2026/09/20 08:17:18.089, 2, 99 %, 10 %, 35270 MiB, 101.61 W
2026/09/20 08:17:23.089, 0, 0 %, 0 %, 35270 MiB, 71.65 W
2026/09/20 08:17:23.089, 1, 0 %, 0 %, 35270 MiB, 44.10 W
2026/09/20 08:17:23.089, 2, 53 %, 4 %, 35270 MiB, 69.88 W
2026/09/20 08:17:28.091, 0, 0 %, 0 %, 35270 MiB, 44.40 W
2026/09/20 08:17:28.091, 1, 0 %, 0 %, 35270 MiB, 43.88 W
2026/09/20 08:17:28.092, 2, 0 %, 0 %, 35270 MiB, 42.73 W
2026/09/20 08:17:33.093, 0, 0 %, 0 %, 35270 MiB, 44.18 W
2026/09/20 08:17:33.093, 1, 0 %, 0 %, 35270 MiB, 43.65 W
2026/09/20 08:17:33.094, 2, 0 %, 0 %, 35270 MiB, 42.49 W
2026/09/20 08:17:38.095, 0, 0 %, 0 %, 35270 MiB, 43.89 W
2026/09/20 08:17:38.095, 1, 0 %, 0 %, 35270 MiB, 42.97 W
2026/09/20 08:17:38.096, 2, 0 %, 0 %, 35270 MiB, 42.70 W
2026/09/20 08:17:43.097, 0, 0 %, 0 %, 35270 MiB, 43.23 W
2026/09/20 08:17:43.097, 1, 0 %, 0 %, 35270 MiB, 42.60 W
2026/09/20 08:17:43.098, 2, 0 %, 0 %, 35270 MiB, 41.82 W
2026/09/20 08:17:48.107, 0, 0 %, 0 %, 35270 MiB, 43.13 W
2026/09/20 08:17:48.107, 1, 0 %, 0 %, 35270 MiB, 42.19 W
2026/09/20 08:17:48.108, 2, 0 %, 0 %, 35270 MiB, 41.12 W
2026/09/20 08:17:53.108, 0, 0 %, 0 %, 35270 MiB, 43.02 W
2026/09/20 08:17:53.108, 1, 0 %, 0 %, 35270 MiB, 42.19 W
2026/09/20 08:17:53.109, 2, 0 %, 0 %, 35270 MiB, 40.82 W
2026/09/20 08:17:58.110, 0, 0 %, 0 %, 35270 MiB, 42.91 W
2026/09/20 08:17:58.110, 1, 0 %, 0 %, 35270 MiB, 42.19 W
2026/09/20 08:17:58.110, 2, 0 %, 0 %, 35270 MiB, 40.75 W
2026/09/20 08:18:03.112, 0, 0 %, 0 %, 35270 MiB, 42.42 W
2026/09/20 08:18:03.112, 1, 0 %, 0 %, 35270 MiB, 41.70 W
2026/09/20 08:18:03.112, 2, 0 %, 0 %, 35270 MiB, 40.53 W
2026/09/20 08:18:08.114, 0, 0 %, 0 %, 35270 MiB, 42.32 W
2026/09/20 08:18:08.114, 1, 0 %, 0 %, 35270 MiB, 41.40 W
2026/09/20 08:18:08.114, 2, 0 %, 0 %, 35270 MiB, 40.35 W
2026/09/20 08:18:13.121, 0, 0 %, 0 %, 35270 MiB, 42.21 W
2026/09/20 08:18:13.121, 1, 0 %, 0 %, 35270 MiB, 41.79 W
2026/09/20 08:18:13.121, 2, 0 %, 0 %, 35270 MiB, 40.33 W
2026/09/20 08:18:18.122, 0, 0 %, 0 %, 35270 MiB, 42.22 W
2026/09/20 08:18:18.123, 1, 0 %, 0 %, 35270 MiB, 41.79 W
2026/09/20 08:18:18.123, 2, 0 %, 0 %, 35270 MiB, 40.13 W
2026/09/20 08:18:23.124, 0, 0 %, 0 %, 35270 MiB, 42.03 W
2026/09/20 08:18:23.124, 1, 0 %, 0 %, 35270 MiB, 41.31 W
2026/09/20 08:18:23.124, 2, 0 %, 0 %, 35270 MiB, 40.01 W
2026/09/20 08:18:28.125, 0, 0 %, 0 %, 35270 MiB, 41.82 W
2026/09/20 08:18:28.125, 1, 0 %, 0 %, 35270 MiB, 40.90 W
2026/09/20 08:18:28.125, 2, 0 %, 0 %, 35270 MiB, 39.82 W
2026/09/20 08:18:33.127, 0, 0 %, 0 %, 35270 MiB, 41.75 W
2026/09/20 08:18:33.127, 1, 0 %, 0 %, 35270 MiB, 41.32 W
2026/09/20 08:18:33.128, 2, 0 %, 0 %, 35270 MiB, 39.85 W
2026/09/20 08:18:38.129, 0, 0 %, 0 %, 35270 MiB, 41.74 W
2026/09/20 08:18:38.129, 1, 0 %, 0 %, 35270 MiB, 41.10 W
2026/09/20 08:18:38.129, 2, 0 %, 0 %, 35270 MiB, 39.72 W
2026/09/20 08:18:43.130, 0, 0 %, 0 %, 35270 MiB, 41.43 W
2026/09/20 08:18:43.131, 1, 0 %, 0 %, 35270 MiB, 41.10 W
2026/09/20 08:18:43.131, 2, 0 %, 0 %, 35270 MiB, 39.62 W
2026/09/20 08:18:48.132, 0, 0 %, 0 %, 35270 MiB, 41.43 W
2026/09/20 08:18:48.132, 1, 0 %, 0 %, 35270 MiB, 41.00 W
2026/09/20 08:18:48.133, 2, 0 %, 0 %, 35270 MiB, 39.54 W
2026/09/20 08:18:53.134, 0, 0 %, 0 %, 35270 MiB, 41.33 W
2026/09/20 08:18:53.134, 1, 0 %, 0 %, 35270 MiB, 41.00 W
2026/09/20 08:18:53.135, 2, 0 %, 0 %, 35270 MiB, 39.62 W
2026/09/20 08:18:58.135, 0, 0 %, 0 %, 35270 MiB, 41.24 W
2026/09/20 08:18:58.136, 1, 0 %, 0 %, 35270 MiB, 40.81 W
2026/09/20 08:18:58.136, 2, 0 %, 0 %, 35270 MiB, 39.35 W
2026/09/20 08:19:03.137, 0, 0 %, 0 %, 35270 MiB, 41.04 W
2026/09/20 08:19:03.137, 1, 0 %, 0 %, 35270 MiB, 40.71 W
2026/09/20 08:19:03.137, 2, 0 %, 0 %, 35270 MiB, 39.13 W
2026/09/20 08:19:08.139, 0, 0 %, 0 %, 35270 MiB, 41.04 W
2026/09/20 08:19:08.139, 1, 0 %, 0 %, 35270 MiB, 40.22 W
2026/09/20 08:19:08.140, 2, 0 %, 0 %, 35270 MiB, 39.33 W
2026/09/20 08:19:13.141, 0, 0 %, 0 %, 35270 MiB, 40.94 W
2026/09/20 08:19:13.141, 1, 0 %, 0 %, 35270 MiB, 40.51 W
2026/09/20 08:19:13.142, 2, 0 %, 0 %, 35270 MiB, 39.03 W
2026/09/20 08:19:18.142, 0, 0 %, 0 %, 35270 MiB, 40.84 W
2026/09/20 08:19:18.143, 1, 0 %, 0 %, 35270 MiB, 40.42 W
2026/09/20 08:19:18.143, 2, 0 %, 0 %, 35270 MiB, 38.94 W
2026/09/20 08:19:23.143, 0, 0 %, 0 %, 35270 MiB, 40.64 W
2026/09/20 08:19:23.144, 1, 0 %, 0 %, 35270 MiB, 40.01 W
2026/09/20 08:19:23.144, 2, 0 %, 0 %, 35270 MiB, 38.84 W
2026/09/20 08:19:28.145, 0, 0 %, 0 %, 35270 MiB, 40.76 W
2026/09/20 08:19:28.145, 1, 0 %, 0 %, 35270 MiB, 40.54 W
2026/09/20 08:19:28.145, 2, 0 %, 0 %, 35270 MiB, 39.97 W
2026/09/20 08:19:33.146, 0, 0 %, 0 %, 35270 MiB, 40.59 W
2026/09/20 08:19:33.146, 1, 0 %, 0 %, 35270 MiB, 39.66 W
2026/09/20 08:19:33.146, 2, 0 %, 0 %, 35270 MiB, 38.78 W
2026/09/20 08:19:38.146, 0, 0 %, 0 %, 35270 MiB, 40.67 W
2026/09/20 08:19:38.147, 1, 0 %, 0 %, 35270 MiB, 40.06 W
2026/09/20 08:19:38.147, 2, 0 %, 0 %, 35270 MiB, 38.89 W
2026/09/20 08:19:43.147, 0, 0 %, 0 %, 35270 MiB, 40.59 W
2026/09/20 08:19:43.147, 1, 0 %, 0 %, 35270 MiB, 40.08 W
2026/09/20 08:19:43.147, 2, 0 %, 0 %, 35270 MiB, 38.75 W
2026/09/20 08:19:48.148, 0, 0 %, 0 %, 35270 MiB, 40.69 W
2026/09/20 08:19:48.148, 1, 0 %, 0 %, 35270 MiB, 40.08 W
2026/09/20 08:19:48.148, 2, 0 %, 0 %, 35270 MiB, 38.88 W
2026/09/20 08:19:53.148, 0, 0 %, 0 %, 35270 MiB, 40.38 W
2026/09/20 08:19:53.149, 1, 0 %, 0 %, 35270 MiB, 39.95 W
2026/09/20 08:19:53.149, 2, 0 %, 0 %, 35270 MiB, 38.77 W
2026/09/20 08:19:58.149, 0, 0 %, 0 %, 35270 MiB, 40.28 W
2026/09/20 08:19:58.150, 1, 0 %, 0 %, 35270 MiB, 39.94 W
2026/09/20 08:19:58.150, 2, 0 %, 0 %, 35270 MiB, 38.79 W
2026/09/20 08:20:03.150, 0, 0 %, 0 %, 35270 MiB, 40.40 W
2026/09/20 08:20:03.151, 1, 0 %, 0 %, 35270 MiB, 40.17 W
2026/09/20 08:20:03.151, 2, 0 %, 0 %, 35270 MiB, 38.58 W
2026/09/20 08:20:08.151, 0, 0 %, 0 %, 35270 MiB, 40.49 W
2026/09/20 08:20:08.152, 1, 0 %, 0 %, 35270 MiB, 40.08 W
2026/09/20 08:20:08.152, 2, 0 %, 0 %, 35270 MiB, 38.58 W
2026/09/20 08:20:13.153, 0, 0 %, 0 %, 35270 MiB, 40.27 W
2026/09/20 08:20:13.153, 1, 0 %, 0 %, 35270 MiB, 39.94 W
2026/09/20 08:20:13.153, 2, 0 %, 0 %, 35270 MiB, 38.48 W
2026/09/20 08:20:18.155, 0, 0 %, 0 %, 35270 MiB, 40.26 W
2026/09/20 08:20:18.156, 1, 0 %, 0 %, 35270 MiB, 39.91 W
2026/09/20 08:20:18.156, 2, 0 %, 0 %, 35270 MiB, 38.55 W
2026/09/20 08:20:23.157, 0, 0 %, 0 %, 35270 MiB, 40.26 W
2026/09/20 08:20:23.158, 1, 0 %, 0 %, 35270 MiB, 40.05 W
2026/09/20 08:20:23.158, 2, 0 %, 0 %, 35270 MiB, 38.66 W
2026/09/20 08:20:28.159, 0, 0 %, 0 %, 35270 MiB, 40.26 W
2026/09/20 08:20:28.160, 1, 0 %, 0 %, 35270 MiB, 39.73 W
2026/09/20 08:20:28.160, 2, 0 %, 0 %, 35270 MiB, 38.55 W
2026/09/20 08:20:33.161, 0, 0 %, 0 %, 35270 MiB, 40.14 W
2026/09/20 08:20:33.162, 1, 0 %, 0 %, 35270 MiB, 39.82 W
2026/09/20 08:20:33.162, 2, 0 %, 0 %, 35270 MiB, 38.45 W
2026/09/20 08:20:38.162, 0, 0 %, 0 %, 35270 MiB, 40.16 W
2026/09/20 08:20:38.163, 1, 0 %, 0 %, 35270 MiB, 39.95 W
2026/09/20 08:20:38.163, 2, 0 %, 0 %, 35270 MiB, 38.36 W
2026/09/20 08:20:43.164, 0, 0 %, 0 %, 35270 MiB, 40.30 W
2026/09/20 08:20:43.164, 1, 0 %, 0 %, 35270 MiB, 39.97 W
2026/09/20 08:20:43.164, 2, 0 %, 0 %, 35270 MiB, 38.66 W
2026/09/20 08:20:48.166, 0, 0 %, 0 %, 35270 MiB, 40.16 W
2026/09/20 08:20:48.167, 1, 0 %, 0 %, 35270 MiB, 39.82 W
2026/09/20 08:20:48.167, 2, 0 %, 0 %, 35270 MiB, 38.45 W
2026/09/20 08:20:53.167, 0, 0 %, 0 %, 35270 MiB, 40.06 W
2026/09/20 08:20:53.168, 1, 0 %, 0 %, 35270 MiB, 39.84 W
2026/09/20 08:20:53.168, 2, 0 %, 0 %, 35270 MiB, 38.46 W
2026/09/20 08:20:58.169, 0, 0 %, 0 %, 35270 MiB, 39.95 W
2026/09/20 08:20:58.169, 1, 0 %, 0 %, 35270 MiB, 39.92 W
2026/09/20 08:20:58.170, 2, 0 %, 0 %, 35270 MiB, 38.36 W
2026/09/20 08:21:03.170, 0, 0 %, 0 %, 35270 MiB, 40.02 W
2026/09/20 08:21:03.171, 1, 0 %, 0 %, 35270 MiB, 39.82 W
2026/09/20 08:21:03.171, 2, 0 %, 0 %, 35270 MiB, 38.53 W
2026/09/20 08:21:08.172, 0, 0 %, 0 %, 35270 MiB, 39.83 W
2026/09/20 08:21:08.172, 1, 0 %, 0 %, 35270 MiB, 39.72 W
2026/09/20 08:21:08.172, 2, 0 %, 0 %, 35270 MiB, 38.53 W
2026/09/20 08:21:13.174, 0, 0 %, 0 %, 35270 MiB, 39.74 W
2026/09/20 08:21:13.174, 1, 0 %, 0 %, 35270 MiB, 39.72 W
2026/09/20 08:21:13.174, 2, 0 %, 0 %, 35270 MiB, 38.24 W
2026/09/20 08:21:18.174, 0, 0 %, 0 %, 35270 MiB, 39.65 W
2026/09/20 08:21:18.175, 1, 0 %, 0 %, 35270 MiB, 39.61 W
2026/09/20 08:21:18.175, 2, 0 %, 0 %, 35270 MiB, 38.24 W
2026/09/20 08:21:23.176, 0, 0 %, 0 %, 35270 MiB, 39.63 W
2026/09/20 08:21:23.176, 1, 0 %, 0 %, 35270 MiB, 39.61 W
2026/09/20 08:21:23.176, 2, 0 %, 0 %, 35270 MiB, 38.23 W
2026/09/20 08:21:28.178, 0, 0 %, 0 %, 35270 MiB, 39.65 W
2026/09/20 08:21:28.179, 1, 0 %, 0 %, 35270 MiB, 39.51 W
2026/09/20 08:21:28.179, 2, 0 %, 0 %, 35270 MiB, 38.14 W
2026/09/20 08:21:33.179, 0, 0 %, 0 %, 35270 MiB, 39.66 W
2026/09/20 08:21:33.180, 1, 0 %, 0 %, 35270 MiB, 39.72 W
2026/09/20 08:21:33.180, 2, 0 %, 0 %, 35270 MiB, 38.14 W
2026/09/20 08:21:38.180, 0, 0 %, 0 %, 35270 MiB, 39.77 W
2026/09/20 08:21:38.181, 1, 0 %, 0 %, 35270 MiB, 39.44 W
2026/09/20 08:21:38.181, 2, 0 %, 0 %, 35270 MiB, 38.26 W
2026/09/20 08:21:43.182, 0, 0 %, 0 %, 35270 MiB, 39.56 W
2026/09/20 08:21:43.182, 1, 0 %, 0 %, 35270 MiB, 39.32 W
2026/09/20 08:21:43.182, 2, 0 %, 0 %, 35270 MiB, 38.16 W
2026/09/20 08:21:48.183, 0, 0 %, 0 %, 35270 MiB, 39.63 W
2026/09/20 08:21:48.184, 1, 0 %, 0 %, 35270 MiB, 39.22 W
2026/09/20 08:21:48.184, 2, 0 %, 0 %, 35270 MiB, 38.13 W
2026/09/20 08:21:53.184, 0, 0 %, 0 %, 35270 MiB, 39.55 W
2026/09/20 08:21:53.185, 1, 0 %, 0 %, 35270 MiB, 39.33 W
2026/09/20 08:21:53.185, 2, 0 %, 0 %, 35270 MiB, 38.16 W
2026/09/20 08:21:58.186, 0, 0 %, 0 %, 35270 MiB, 39.65 W
2026/09/20 08:21:58.187, 1, 0 %, 0 %, 35270 MiB, 39.12 W
2026/09/20 08:21:58.187, 2, 0 %, 0 %, 35270 MiB, 38.24 W
2026/09/20 08:22:03.188, 0, 0 %, 0 %, 35270 MiB, 39.36 W
2026/09/20 08:22:03.188, 1, 0 %, 0 %, 35270 MiB, 39.12 W
2026/09/20 08:22:03.188, 2, 0 %, 0 %, 35270 MiB, 38.04 W
2026/09/20 08:22:08.190, 0, 0 %, 0 %, 35270 MiB, 39.28 W
2026/09/20 08:22:08.190, 1, 0 %, 0 %, 35270 MiB, 39.43 W
2026/09/20 08:22:08.190, 2, 0 %, 0 %, 35270 MiB, 38.07 W
2026/09/20 08:22:13.191, 0, 0 %, 0 %, 35270 MiB, 39.18 W
2026/09/20 08:22:13.192, 1, 0 %, 0 %, 35270 MiB, 39.15 W
2026/09/20 08:22:13.192, 2, 0 %, 0 %, 35270 MiB, 38.09 W
2026/09/20 08:22:18.193, 0, 0 %, 0 %, 35270 MiB, 39.34 W
2026/09/20 08:22:18.193, 1, 0 %, 0 %, 35270 MiB, 39.21 W
2026/09/20 08:22:18.193, 2, 0 %, 0 %, 35270 MiB, 37.94 W
2026/09/20 08:22:23.195, 0, 0 %, 0 %, 35270 MiB, 39.34 W
2026/09/20 08:22:23.195, 1, 0 %, 0 %, 35270 MiB, 39.12 W
2026/09/20 08:22:23.196, 2, 0 %, 0 %, 35270 MiB, 37.94 W
2026/09/20 08:22:28.196, 0, 0 %, 0 %, 35270 MiB, 39.25 W
2026/09/20 08:22:28.197, 1, 0 %, 0 %, 35270 MiB, 39.32 W
2026/09/20 08:22:28.197, 2, 0 %, 0 %, 35270 MiB, 37.94 W
2026/09/20 08:22:33.206, 0, 0 %, 0 %, 35270 MiB, 39.45 W
2026/09/20 08:22:33.207, 1, 0 %, 0 %, 35270 MiB, 39.22 W
2026/09/20 08:22:33.207, 2, 0 %, 0 %, 35270 MiB, 38.04 W
2026/09/20 08:22:38.207, 0, 0 %, 0 %, 35270 MiB, 39.31 W
2026/09/20 08:22:38.208, 1, 0 %, 0 %, 35270 MiB, 39.24 W
2026/09/20 08:22:38.208, 2, 0 %, 0 %, 35270 MiB, 37.90 W
2026/09/20 08:22:43.209, 0, 0 %, 0 %, 35270 MiB, 39.35 W
2026/09/20 08:22:43.210, 1, 0 %, 0 %, 35270 MiB, 39.41 W
2026/09/20 08:22:43.210, 2, 0 %, 0 %, 35270 MiB, 37.75 W
2026/09/20 08:22:48.210, 0, 0 %, 0 %, 35270 MiB, 39.14 W
2026/09/20 08:22:48.211, 1, 0 %, 0 %, 35270 MiB, 39.12 W
2026/09/20 08:22:48.211, 2, 0 %, 0 %, 35270 MiB, 37.85 W
2026/09/20 08:22:53.212, 0, 0 %, 0 %, 35270 MiB, 39.47 W
2026/09/20 08:22:53.213, 1, 0 %, 0 %, 35270 MiB, 38.92 W
2026/09/20 08:22:53.213, 2, 0 %, 0 %, 35270 MiB, 37.94 W
2026/09/20 08:22:58.214, 0, 0 %, 0 %, 35270 MiB, 39.26 W
2026/09/20 08:22:58.214, 1, 0 %, 0 %, 35270 MiB, 39.02 W
2026/09/20 08:22:58.215, 2, 0 %, 0 %, 35270 MiB, 37.85 W
2026/09/20 08:23:03.222, 0, 0 %, 0 %, 35270 MiB, 38.99 W
2026/09/20 08:23:03.222, 1, 0 %, 0 %, 35270 MiB, 39.14 W
2026/09/20 08:23:03.222, 2, 0 %, 0 %, 35270 MiB, 37.94 W
2026/09/20 08:23:08.224, 0, 0 %, 0 %, 35270 MiB, 39.35 W
2026/09/20 08:23:08.224, 1, 0 %, 0 %, 35270 MiB, 38.92 W
2026/09/20 08:23:08.225, 2, 0 %, 0 %, 35270 MiB, 37.96 W
2026/09/20 08:23:13.226, 0, 0 %, 0 %, 35270 MiB, 39.16 W
2026/09/20 08:23:13.226, 1, 0 %, 0 %, 35270 MiB, 38.92 W
2026/09/20 08:23:13.227, 2, 0 %, 0 %, 35270 MiB, 38.04 W
2026/09/20 08:23:18.228, 0, 0 %, 0 %, 35270 MiB, 39.45 W
2026/09/20 08:23:18.228, 1, 0 %, 0 %, 35270 MiB, 39.02 W
2026/09/20 08:23:18.228, 2, 0 %, 0 %, 35270 MiB, 37.94 W
2026/09/20 08:23:23.230, 0, 0 %, 0 %, 35270 MiB, 39.44 W
2026/09/20 08:23:23.230, 1, 0 %, 0 %, 35270 MiB, 39.10 W
2026/09/20 08:23:23.231, 2, 0 %, 0 %, 35270 MiB, 37.94 W
2026/09/20 08:23:28.232, 0, 0 %, 0 %, 35270 MiB, 39.63 W
2026/09/20 08:23:28.233, 1, 0 %, 0 %, 35270 MiB, 39.02 W
2026/09/20 08:23:28.233, 2, 0 %, 0 %, 35270 MiB, 37.65 W
2026/09/20 08:23:33.233, 0, 0 %, 0 %, 35270 MiB, 39.55 W
2026/09/20 08:23:33.234, 1, 0 %, 0 %, 35270 MiB, 39.02 W
2026/09/20 08:23:33.234, 2, 0 %, 0 %, 35270 MiB, 37.85 W
2026/09/20 08:23:38.235, 0, 0 %, 0 %, 35270 MiB, 39.47 W
2026/09/20 08:23:38.235, 1, 0 %, 0 %, 35270 MiB, 39.24 W
2026/09/20 08:23:38.235, 2, 0 %, 0 %, 35270 MiB, 37.67 W
2026/09/20 08:23:43.237, 0, 0 %, 0 %, 35270 MiB, 39.46 W
2026/09/20 08:23:43.237, 1, 0 %, 0 %, 35270 MiB, 39.02 W
2026/09/20 08:23:43.238, 2, 0 %, 0 %, 35270 MiB, 37.77 W
2026/09/20 08:23:48.239, 0, 0 %, 0 %, 35270 MiB, 39.65 W
2026/09/20 08:23:48.239, 1, 0 %, 0 %, 35270 MiB, 39.12 W
2026/09/20 08:23:48.239, 2, 0 %, 0 %, 35270 MiB, 37.85 W
2026/09/20 08:23:53.240, 0, 0 %, 0 %, 35270 MiB, 39.55 W
2026/09/20 08:23:53.241, 1, 0 %, 0 %, 35270 MiB, 39.02 W
2026/09/20 08:23:53.241, 2, 0 %, 0 %, 35270 MiB, 37.75 W
2026/09/20 08:23:58.242, 0, 0 %, 0 %, 35270 MiB, 39.44 W
2026/09/20 08:23:58.243, 1, 0 %, 0 %, 35270 MiB, 38.92 W
2026/09/20 08:23:58.243, 2, 0 %, 0 %, 35270 MiB, 37.85 W
2026/09/20 08:24:03.244, 0, 0 %, 0 %, 35270 MiB, 39.50 W
2026/09/20 08:24:03.244, 1, 0 %, 0 %, 35270 MiB, 38.88 W
2026/09/20 08:24:03.244, 2, 0 %, 0 %, 35270 MiB, 37.70 W
2026/09/20 08:24:08.246, 0, 0 %, 0 %, 35270 MiB, 39.58 W
2026/09/20 08:24:08.246, 1, 0 %, 0 %, 35270 MiB, 38.96 W
2026/09/20 08:24:08.246, 2, 0 %, 0 %, 35270 MiB, 37.97 W
2026/09/20 08:24:13.248, 0, 0 %, 0 %, 35270 MiB, 39.58 W
2026/09/20 08:24:13.248, 1, 0 %, 0 %, 35270 MiB, 39.15 W
2026/09/20 08:24:13.248, 2, 0 %, 0 %, 35270 MiB, 37.79 W
2026/09/20 08:24:18.250, 0, 0 %, 0 %, 35270 MiB, 39.35 W
2026/09/20 08:24:18.250, 1, 0 %, 0 %, 35270 MiB, 38.93 W
2026/09/20 08:24:18.251, 2, 0 %, 0 %, 35270 MiB, 37.85 W
2026/09/20 08:24:23.252, 0, 0 %, 0 %, 35270 MiB, 39.55 W
2026/09/20 08:24:23.252, 1, 0 %, 0 %, 35270 MiB, 38.92 W
2026/09/20 08:24:23.252, 2, 0 %, 0 %, 35270 MiB, 37.94 W
2026/09/20 08:24:28.253, 0, 0 %, 0 %, 35270 MiB, 39.44 W
2026/09/20 08:24:28.254, 1, 0 %, 0 %, 35270 MiB, 38.92 W
2026/09/20 08:24:28.254, 2, 0 %, 0 %, 35270 MiB, 37.94 W
2026/09/20 08:24:33.254, 0, 0 %, 0 %, 35270 MiB, 39.45 W
2026/09/20 08:24:33.255, 1, 0 %, 0 %, 35270 MiB, 39.02 W
2026/09/20 08:24:33.255, 2, 0 %, 0 %, 35270 MiB, 37.74 W
2026/09/20 08:24:38.256, 0, 0 %, 0 %, 35270 MiB, 39.44 W
2026/09/20 08:24:38.256, 1, 0 %, 0 %, 35270 MiB, 38.92 W
2026/09/20 08:24:38.257, 2, 0 %, 0 %, 35270 MiB, 37.84 W
2026/09/20 08:24:43.258, 0, 0 %, 0 %, 35270 MiB, 39.45 W
2026/09/20 08:24:43.258, 1, 0 %, 0 %, 35270 MiB, 38.92 W
2026/09/20 08:24:43.258, 2, 0 %, 0 %, 35270 MiB, 37.73 W
2026/09/20 08:24:48.259, 0, 0 %, 0 %, 35270 MiB, 39.47 W
2026/09/20 08:24:48.260, 1, 0 %, 0 %, 35270 MiB, 39.03 W
2026/09/20 08:24:48.260, 2, 0 %, 0 %, 35270 MiB, 37.77 W
2026/09/20 08:24:53.261, 0, 0 %, 0 %, 35270 MiB, 39.35 W
2026/09/20 08:24:53.261, 1, 0 %, 0 %, 35270 MiB, 38.92 W
2026/09/20 08:24:53.262, 2, 0 %, 0 %, 35270 MiB, 37.65 W
2026/09/20 08:24:58.263, 0, 0 %, 0 %, 35270 MiB, 39.45 W
2026/09/20 08:24:58.263, 1, 0 %, 0 %, 35270 MiB, 38.83 W
2026/09/20 08:24:58.264, 2, 0 %, 0 %, 35270 MiB, 37.54 W
2026/09/20 08:25:03.265, 0, 0 %, 0 %, 35270 MiB, 39.55 W
2026/09/20 08:25:03.265, 1, 0 %, 0 %, 35270 MiB, 38.85 W
2026/09/20 08:25:03.265, 2, 0 %, 0 %, 35270 MiB, 37.65 W
2026/09/20 08:25:08.267, 0, 0 %, 0 %, 35270 MiB, 39.35 W
2026/09/20 08:25:08.268, 1, 0 %, 0 %, 35270 MiB, 38.73 W
2026/09/20 08:25:08.268, 2, 0 %, 0 %, 35270 MiB, 37.75 W
2026/09/20 08:25:13.269, 0, 0 %, 0 %, 35270 MiB, 39.44 W
2026/09/20 08:25:13.269, 1, 0 %, 0 %, 35270 MiB, 38.72 W
2026/09/20 08:25:13.270, 2, 0 %, 0 %, 35270 MiB, 37.63 W
2026/09/20 08:25:18.270, 0, 0 %, 0 %, 35270 MiB, 39.45 W
2026/09/20 08:25:18.271, 1, 0 %, 0 %, 35270 MiB, 38.63 W
2026/09/20 08:25:18.271, 2, 0 %, 0 %, 35270 MiB, 37.65 W
2026/09/20 08:25:23.271, 0, 0 %, 0 %, 35270 MiB, 39.46 W
2026/09/20 08:25:23.272, 1, 0 %, 0 %, 35270 MiB, 38.95 W
2026/09/20 08:25:23.272, 2, 0 %, 0 %, 35270 MiB, 37.77 W
2026/09/20 08:25:28.273, 0, 0 %, 0 %, 35270 MiB, 39.26 W
2026/09/20 08:25:28.273, 1, 0 %, 0 %, 35270 MiB, 38.73 W
2026/09/20 08:25:28.273, 2, 0 %, 0 %, 35270 MiB, 37.64 W
2026/09/20 08:25:33.275, 0, 0 %, 0 %, 35270 MiB, 39.14 W
2026/09/20 08:25:33.275, 1, 0 %, 0 %, 35270 MiB, 38.73 W
2026/09/20 08:25:33.275, 2, 0 %, 0 %, 35270 MiB, 37.63 W
2026/09/20 08:25:38.277, 0, 0 %, 0 %, 35270 MiB, 39.44 W
2026/09/20 08:25:38.278, 1, 0 %, 0 %, 35270 MiB, 38.71 W
2026/09/20 08:25:38.278, 2, 0 %, 0 %, 35270 MiB, 37.53 W
2026/09/20 08:25:43.279, 0, 0 %, 0 %, 35270 MiB, 39.34 W
2026/09/20 08:25:43.280, 1, 0 %, 0 %, 35270 MiB, 38.81 W
2026/09/20 08:25:43.280, 2, 0 %, 0 %, 35270 MiB, 37.44 W
2026/09/20 08:25:48.281, 0, 0 %, 0 %, 35270 MiB, 39.25 W
2026/09/20 08:25:48.282, 1, 0 %, 0 %, 35270 MiB, 38.73 W
2026/09/20 08:25:48.282, 2, 0 %, 0 %, 35270 MiB, 37.54 W
2026/09/20 08:25:53.283, 0, 0 %, 0 %, 35270 MiB, 39.25 W
2026/09/20 08:25:53.284, 1, 0 %, 0 %, 35270 MiB, 38.73 W
2026/09/20 08:25:53.284, 2, 0 %, 0 %, 35270 MiB, 37.54 W
2026/09/20 08:25:58.285, 0, 0 %, 0 %, 35270 MiB, 39.44 W
2026/09/20 08:25:58.285, 1, 0 %, 0 %, 35270 MiB, 38.72 W
2026/09/20 08:25:58.285, 2, 0 %, 0 %, 35270 MiB, 37.63 W
2026/09/20 08:26:03.288, 0, 0 %, 0 %, 35270 MiB, 39.35 W
2026/09/20 08:26:03.288, 1, 0 %, 0 %, 35270 MiB, 38.83 W
2026/09/20 08:26:03.288, 2, 0 %, 0 %, 35270 MiB, 37.74 W
2026/09/20 08:26:08.290, 0, 0 %, 0 %, 35270 MiB, 39.26 W
2026/09/20 08:26:08.290, 1, 0 %, 0 %, 35270 MiB, 38.73 W
2026/09/20 08:26:08.291, 2, 0 %, 0 %, 35270 MiB, 37.47 W
2026/09/20 08:26:13.292, 0, 0 %, 0 %, 35270 MiB, 39.26 W
2026/09/20 08:26:13.292, 1, 0 %, 0 %, 35270 MiB, 38.44 W
2026/09/20 08:26:13.292, 2, 0 %, 0 %, 35270 MiB, 37.56 W
2026/09/20 08:26:18.293, 0, 0 %, 0 %, 35270 MiB, 39.36 W
2026/09/20 08:26:18.293, 1, 0 %, 0 %, 35270 MiB, 38.63 W
2026/09/20 08:26:18.293, 2, 0 %, 0 %, 35270 MiB, 37.56 W
2026/09/20 08:26:23.294, 0, 0 %, 0 %, 35270 MiB, 39.47 W
2026/09/20 08:26:23.294, 1, 0 %, 0 %, 35270 MiB, 38.65 W
2026/09/20 08:26:23.294, 2, 0 %, 0 %, 35270 MiB, 37.65 W
2026/09/20 08:26:28.294, 0, 0 %, 0 %, 35270 MiB, 39.26 W
2026/09/20 08:26:28.295, 1, 0 %, 0 %, 35270 MiB, 38.54 W
2026/09/20 08:26:28.295, 2, 0 %, 0 %, 35270 MiB, 37.54 W
2026/09/20 08:26:33.297, 0, 0 %, 0 %, 35270 MiB, 39.35 W
2026/09/20 08:26:33.298, 1, 0 %, 0 %, 35270 MiB, 38.44 W
2026/09/20 08:26:33.298, 2, 0 %, 0 %, 35270 MiB, 37.65 W
2026/09/20 08:26:38.299, 0, 0 %, 0 %, 35270 MiB, 39.14 W
2026/09/20 08:26:38.299, 1, 0 %, 0 %, 35270 MiB, 38.62 W
2026/09/20 08:26:38.299, 2, 0 %, 0 %, 35270 MiB, 37.55 W
2026/09/20 08:26:43.301, 0, 0 %, 0 %, 35270 MiB, 39.04 W
2026/09/20 08:26:43.301, 1, 0 %, 0 %, 35270 MiB, 38.53 W
2026/09/20 08:26:43.301, 2, 0 %, 0 %, 35270 MiB, 37.74 W
2026/09/20 08:26:48.303, 0, 0 %, 0 %, 35270 MiB, 39.17 W
2026/09/20 08:26:48.304, 1, 0 %, 0 %, 35270 MiB, 38.55 W
2026/09/20 08:26:48.304, 2, 0 %, 0 %, 35270 MiB, 37.46 W
2026/09/20 08:26:53.304, 0, 0 %, 0 %, 35270 MiB, 39.28 W
2026/09/20 08:26:53.305, 1, 0 %, 0 %, 35270 MiB, 38.65 W
2026/09/20 08:26:53.305, 2, 0 %, 0 %, 35270 MiB, 37.47 W
2026/09/20 08:26:58.306, 0, 0 %, 0 %, 35270 MiB, 39.16 W
2026/09/20 08:26:58.306, 1, 0 %, 0 %, 35270 MiB, 38.63 W
2026/09/20 08:26:58.307, 2, 0 %, 0 %, 35270 MiB, 37.54 W
2026/09/20 08:27:03.308, 0, 0 %, 0 %, 35270 MiB, 39.15 W
2026/09/20 08:27:03.308, 1, 0 %, 0 %, 35270 MiB, 38.63 W
2026/09/20 08:27:03.309, 2, 0 %, 0 %, 35270 MiB, 37.53 W
2026/09/20 08:27:08.310, 0, 5 %, 0 %, 35270 MiB, 39.15 W
2026/09/20 08:27:08.310, 1, 0 %, 0 %, 35270 MiB, 38.63 W
2026/09/20 08:27:08.310, 2, 0 %, 0 %, 35270 MiB, 37.54 W
2026/09/20 08:27:13.312, 0, 0 %, 0 %, 35270 MiB, 43.91 W
2026/09/20 08:27:13.312, 1, 0 %, 0 %, 35270 MiB, 38.85 W
2026/09/20 08:27:13.312, 2, 0 %, 0 %, 35270 MiB, 37.46 W
2026/09/20 08:27:18.314, 0, 5 %, 0 %, 35270 MiB, 39.25 W
2026/09/20 08:27:18.315, 1, 0 %, 0 %, 35270 MiB, 38.44 W
2026/09/20 08:27:18.315, 2, 0 %, 0 %, 35270 MiB, 37.44 W
2026/09/20 08:27:23.316, 0, 0 %, 0 %, 35270 MiB, 39.14 W
2026/09/20 08:27:23.317, 1, 0 %, 0 %, 35270 MiB, 38.33 W
2026/09/20 08:27:23.317, 2, 0 %, 0 %, 35270 MiB, 37.44 W
2026/09/20 08:27:28.317, 0, 5 %, 0 %, 35270 MiB, 39.35 W
2026/09/20 08:27:28.318, 1, 0 %, 0 %, 35270 MiB, 38.34 W
2026/09/20 08:27:28.318, 2, 0 %, 0 %, 35270 MiB, 37.44 W
2026/09/20 08:27:33.318, 0, 5 %, 0 %, 35270 MiB, 39.84 W
2026/09/20 08:27:33.318, 1, 0 %, 0 %, 35270 MiB, 38.44 W
2026/09/20 08:27:33.319, 2, 0 %, 0 %, 35270 MiB, 37.44 W
2026/09/20 08:27:38.319, 0, 25 %, 1 %, 35270 MiB, 39.06 W
2026/09/20 08:27:38.320, 1, 0 %, 0 %, 35270 MiB, 38.44 W
2026/09/20 08:27:38.320, 2, 0 %, 0 %, 35270 MiB, 37.65 W
2026/09/20 08:27:43.328, 0, 18 %, 1 %, 35270 MiB, 39.06 W
2026/09/20 08:27:43.328, 1, 0 %, 0 %, 35270 MiB, 38.44 W
2026/09/20 08:27:43.328, 2, 0 %, 0 %, 35270 MiB, 37.54 W
2026/09/20 08:27:48.329, 0, 49 %, 2 %, 35270 MiB, 40.53 W
2026/09/20 08:27:48.330, 1, 0 %, 0 %, 35270 MiB, 38.63 W
2026/09/20 08:27:48.330, 2, 0 %, 0 %, 35270 MiB, 37.44 W
2026/09/20 08:27:53.331, 0, 24 %, 1 %, 35270 MiB, 39.16 W
2026/09/20 08:27:53.331, 1, 0 %, 0 %, 35270 MiB, 38.44 W
2026/09/20 08:27:53.332, 2, 0 %, 0 %, 35270 MiB, 37.44 W
2026/09/20 08:27:58.333, 0, 0 %, 0 %, 35270 MiB, 39.16 W
2026/09/20 08:27:58.333, 1, 0 %, 0 %, 35270 MiB, 38.44 W
2026/09/20 08:27:58.333, 2, 0 %, 0 %, 35270 MiB, 37.54 W
2026/09/20 08:28:03.335, 0, 0 %, 0 %, 35270 MiB, 39.29 W
2026/09/20 08:28:03.335, 1, 0 %, 0 %, 35270 MiB, 38.46 W
2026/09/20 08:28:03.335, 2, 0 %, 0 %, 35270 MiB, 37.39 W
2026/09/20 08:28:08.336, 0, 0 %, 0 %, 35270 MiB, 39.17 W
2026/09/20 08:28:08.337, 1, 0 %, 0 %, 35270 MiB, 38.56 W
2026/09/20 08:28:08.337, 2, 0 %, 0 %, 35270 MiB, 37.39 W
2026/09/20 08:28:13.337, 0, 12 %, 0 %, 35270 MiB, 39.29 W
2026/09/20 08:28:13.338, 1, 0 %, 0 %, 35270 MiB, 39.05 W
2026/09/20 08:28:13.338, 2, 0 %, 0 %, 35270 MiB, 37.34 W
2026/09/20 08:28:18.339, 0, 0 %, 0 %, 35270 MiB, 43.90 W
2026/09/20 08:28:18.339, 1, 0 %, 0 %, 35270 MiB, 38.53 W
2026/09/20 08:28:18.339, 2, 0 %, 0 %, 35270 MiB, 37.44 W
2026/09/20 08:28:23.341, 0, 0 %, 0 %, 35270 MiB, 39.21 W
2026/09/20 08:28:23.341, 1, 25 %, 1 %, 35270 MiB, 43.02 W
2026/09/20 08:28:23.342, 2, 0 %, 0 %, 35270 MiB, 37.37 W
2026/09/20 08:28:28.343, 0, 0 %, 0 %, 35270 MiB, 39.17 W
2026/09/20 08:28:28.343, 1, 0 %, 0 %, 35270 MiB, 38.36 W
2026/09/20 08:28:28.343, 2, 0 %, 0 %, 35270 MiB, 37.37 W
2026/09/20 08:28:33.345, 0, 0 %, 0 %, 35270 MiB, 39.14 W
2026/09/20 08:28:33.345, 1, 0 %, 0 %, 35270 MiB, 38.33 W
2026/09/20 08:28:33.345, 2, 0 %, 0 %, 35270 MiB, 37.35 W
2026/09/20 08:28:38.346, 0, 0 %, 0 %, 35270 MiB, 39.18 W
2026/09/20 08:28:38.347, 1, 10 %, 0 %, 35270 MiB, 38.36 W
2026/09/20 08:28:38.347, 2, 0 %, 0 %, 35270 MiB, 37.47 W
2026/09/20 08:28:43.348, 0, 0 %, 0 %, 35270 MiB, 39.26 W
2026/09/20 08:28:43.348, 1, 0 %, 0 %, 35270 MiB, 38.44 W
2026/09/20 08:28:43.349, 2, 0 %, 0 %, 35270 MiB, 37.35 W
2026/09/20 08:28:48.350, 0, 0 %, 0 %, 35270 MiB, 39.05 W
2026/09/20 08:28:48.351, 1, 0 %, 0 %, 35270 MiB, 38.33 W
2026/09/20 08:28:48.351, 2, 0 %, 0 %, 35270 MiB, 37.44 W
2026/09/20 08:28:53.355, 0, 0 %, 0 %, 35270 MiB, 38.97 W
2026/09/20 08:28:53.355, 1, 0 %, 0 %, 35270 MiB, 38.44 W
2026/09/20 08:28:53.355, 2, 0 %, 0 %, 35270 MiB, 37.46 W
2026/09/20 08:28:58.357, 0, 0 %, 0 %, 35270 MiB, 39.06 W
2026/09/20 08:28:58.358, 1, 20 %, 1 %, 35270 MiB, 38.73 W
2026/09/20 08:28:58.358, 2, 0 %, 0 %, 35270 MiB, 37.44 W
2026/09/20 08:29:03.358, 0, 0 %, 0 %, 35270 MiB, 39.16 W
2026/09/20 08:29:03.359, 1, 11 %, 0 %, 35270 MiB, 38.53 W
2026/09/20 08:29:03.359, 2, 0 %, 0 %, 35270 MiB, 37.35 W
2026/09/20 08:29:08.360, 0, 0 %, 0 %, 35270 MiB, 39.05 W
2026/09/20 08:29:08.360, 1, 0 %, 0 %, 35270 MiB, 38.44 W
2026/09/20 08:29:08.360, 2, 0 %, 0 %, 35270 MiB, 37.14 W
2026/09/20 08:29:13.362, 0, 0 %, 0 %, 35270 MiB, 38.89 W
2026/09/20 08:29:13.362, 1, 0 %, 0 %, 35270 MiB, 38.35 W
2026/09/20 08:29:13.362, 2, 0 %, 0 %, 35270 MiB, 37.06 W
2026/09/20 08:29:18.364, 0, 0 %, 0 %, 35270 MiB, 39.16 W
2026/09/20 08:29:18.365, 1, 25 %, 1 %, 35270 MiB, 38.44 W
2026/09/20 08:29:18.365, 2, 0 %, 0 %, 35270 MiB, 37.24 W
2026/09/20 08:29:23.368, 0, 0 %, 0 %, 35270 MiB, 39.06 W
2026/09/20 08:29:23.368, 1, 0 %, 0 %, 35270 MiB, 38.44 W
2026/09/20 08:29:23.368, 2, 8 %, 0 %, 35270 MiB, 38.24 W
2026/09/20 08:29:28.369, 0, 0 %, 0 %, 35270 MiB, 38.99 W
2026/09/20 08:29:28.370, 1, 0 %, 0 %, 35270 MiB, 38.37 W
2026/09/20 08:29:28.370, 2, 0 %, 0 %, 35270 MiB, 37.16 W
2026/09/20 08:29:33.370, 0, 0 %, 0 %, 35270 MiB, 39.11 W
2026/09/20 08:29:33.370, 1, 24 %, 1 %, 35270 MiB, 47.79 W
2026/09/20 08:29:33.370, 2, 0 %, 0 %, 35270 MiB, 37.49 W
2026/09/20 08:29:38.370, 0, 0 %, 0 %, 35270 MiB, 39.19 W
2026/09/20 08:29:38.371, 1, 0 %, 0 %, 35270 MiB, 38.39 W
2026/09/20 08:29:38.371, 2, 0 %, 0 %, 35270 MiB, 37.39 W
2026/09/20 08:29:43.376, 0, 0 %, 0 %, 35270 MiB, 39.21 W
2026/09/20 08:29:43.376, 1, 0 %, 0 %, 35270 MiB, 38.38 W
2026/09/20 08:29:43.377, 2, 0 %, 0 %, 35270 MiB, 37.39 W
2026/09/20 08:29:48.378, 0, 0 %, 0 %, 35270 MiB, 39.07 W
2026/09/20 08:29:48.378, 1, 0 %, 0 %, 35270 MiB, 38.44 W
2026/09/20 08:29:48.378, 2, 24 %, 1 %, 35270 MiB, 37.54 W
2026/09/20 08:29:53.380, 0, 0 %, 0 %, 35270 MiB, 38.87 W
2026/09/20 08:29:53.380, 1, 0 %, 0 %, 35270 MiB, 38.33 W
2026/09/20 08:29:53.381, 2, 21 %, 1 %, 35270 MiB, 43.72 W
2026/09/20 08:29:58.381, 0, 0 %, 0 %, 35270 MiB, 39.06 W
2026/09/20 08:29:58.382, 1, 0 %, 0 %, 35270 MiB, 38.23 W
2026/09/20 08:29:58.382, 2, 0 %, 0 %, 35270 MiB, 37.44 W
2026/09/20 08:30:03.390, 0, 0 %, 0 %, 35270 MiB, 38.87 W
2026/09/20 08:30:03.391, 1, 0 %, 0 %, 35270 MiB, 38.35 W
2026/09/20 08:30:03.391, 2, 0 %, 0 %, 35270 MiB, 37.36 W
2026/09/20 08:30:08.392, 0, 0 %, 0 %, 35270 MiB, 38.87 W
2026/09/20 08:30:08.393, 1, 0 %, 0 %, 35270 MiB, 38.44 W
2026/09/20 08:30:08.393, 2, 0 %, 0 %, 35270 MiB, 37.24 W
2026/09/20 08:30:13.394, 0, 0 %, 0 %, 35270 MiB, 38.97 W
2026/09/20 08:30:13.395, 1, 0 %, 0 %, 35270 MiB, 38.36 W
2026/09/20 08:30:13.395, 2, 25 %, 1 %, 35270 MiB, 37.25 W
2026/09/20 08:30:18.396, 0, 0 %, 0 %, 35270 MiB, 38.96 W
2026/09/20 08:30:18.397, 1, 0 %, 0 %, 35270 MiB, 38.23 W
2026/09/20 08:30:18.397, 2, 0 %, 0 %, 35270 MiB, 37.24 W
2026/09/20 08:30:23.398, 0, 0 %, 0 %, 35270 MiB, 39.06 W
2026/09/20 08:30:23.399, 1, 0 %, 0 %, 35270 MiB, 38.44 W
2026/09/20 08:30:23.399, 2, 0 %, 0 %, 35270 MiB, 37.24 W
2026/09/20 08:30:28.400, 0, 0 %, 0 %, 35270 MiB, 39.06 W
2026/09/20 08:30:28.400, 1, 0 %, 0 %, 35270 MiB, 38.44 W
2026/09/20 08:30:28.400, 2, 0 %, 0 %, 35270 MiB, 37.54 W
2026/09/20 08:30:33.406, 0, 0 %, 0 %, 35270 MiB, 39.17 W
2026/09/20 08:30:33.406, 1, 0 %, 0 %, 35270 MiB, 38.44 W
2026/09/20 08:30:33.407, 2, 0 %, 0 %, 35270 MiB, 37.36 W
2026/09/20 08:30:38.408, 0, 0 %, 0 %, 35270 MiB, 39.07 W
2026/09/20 08:30:38.409, 1, 0 %, 0 %, 35270 MiB, 38.44 W
2026/09/20 08:30:38.409, 2, 0 %, 0 %, 35270 MiB, 37.36 W
2026/09/20 08:30:43.410, 0, 0 %, 0 %, 35270 MiB, 39.04 W
2026/09/20 08:30:43.410, 1, 0 %, 0 %, 35270 MiB, 38.44 W
2026/09/20 08:30:43.411, 2, 0 %, 0 %, 35270 MiB, 37.34 W
2026/09/20 08:30:48.412, 0, 0 %, 0 %, 35270 MiB, 39.17 W
2026/09/20 08:30:48.413, 1, 0 %, 0 %, 35270 MiB, 38.34 W
2026/09/20 08:30:48.413, 2, 0 %, 0 %, 35270 MiB, 37.46 W
2026/09/20 08:30:53.414, 0, 0 %, 0 %, 35270 MiB, 39.16 W
2026/09/20 08:30:53.414, 1, 0 %, 0 %, 35270 MiB, 38.23 W
2026/09/20 08:30:53.414, 2, 0 %, 0 %, 35270 MiB, 37.44 W
2026/09/20 08:30:58.415, 0, 0 %, 0 %, 35270 MiB, 39.13 W
2026/09/20 08:30:58.415, 1, 0 %, 0 %, 35270 MiB, 38.31 W
2026/09/20 08:30:58.416, 2, 0 %, 0 %, 35270 MiB, 37.43 W
2026/09/20 08:31:03.425, 0, 0 %, 0 %, 35270 MiB, 38.96 W
2026/09/20 08:31:03.426, 1, 0 %, 0 %, 35270 MiB, 38.44 W
2026/09/20 08:31:03.426, 2, 0 %, 0 %, 35270 MiB, 37.44 W
2026/09/20 08:31:08.426, 0, 0 %, 0 %, 35270 MiB, 39.18 W
2026/09/20 08:31:08.427, 1, 0 %, 0 %, 35270 MiB, 38.36 W
2026/09/20 08:31:08.427, 2, 0 %, 0 %, 35270 MiB, 37.47 W
2026/09/20 08:31:13.428, 0, 0 %, 0 %, 35270 MiB, 39.01 W
2026/09/20 08:31:13.429, 1, 0 %, 0 %, 35270 MiB, 38.39 W
2026/09/20 08:31:13.429, 2, 0 %, 0 %, 35270 MiB, 37.18 W
2026/09/20 08:31:18.430, 0, 0 %, 0 %, 35270 MiB, 38.97 W
2026/09/20 08:31:18.431, 1, 0 %, 0 %, 35270 MiB, 38.44 W
2026/09/20 08:31:18.431, 2, 0 %, 0 %, 35270 MiB, 37.36 W
2026/09/20 08:31:23.432, 0, 0 %, 0 %, 35270 MiB, 38.97 W
2026/09/20 08:31:23.432, 1, 0 %, 0 %, 35270 MiB, 38.45 W
2026/09/20 08:31:23.432, 2, 0 %, 0 %, 35270 MiB, 37.26 W
2026/09/20 08:31:28.434, 0, 0 %, 0 %, 35270 MiB, 39.16 W
2026/09/20 08:31:28.434, 1, 0 %, 0 %, 35270 MiB, 38.44 W
2026/09/20 08:31:28.435, 2, 0 %, 0 %, 35270 MiB, 37.44 W
2026/09/20 08:31:33.437, 0, 0 %, 0 %, 35270 MiB, 39.18 W
2026/09/20 08:31:33.437, 1, 0 %, 0 %, 35270 MiB, 38.55 W
2026/09/20 08:31:33.438, 2, 0 %, 0 %, 35270 MiB, 37.36 W
2026/09/20 08:31:38.438, 0, 0 %, 0 %, 35270 MiB, 39.24 W
2026/09/20 08:31:38.439, 1, 0 %, 0 %, 35270 MiB, 38.63 W
2026/09/20 08:31:38.439, 2, 0 %, 0 %, 35270 MiB, 37.44 W
2026/09/20 08:31:43.440, 0, 0 %, 0 %, 35270 MiB, 39.14 W
2026/09/20 08:31:43.440, 1, 0 %, 0 %, 35270 MiB, 38.53 W
2026/09/20 08:31:43.441, 2, 0 %, 0 %, 35270 MiB, 37.54 W
2026/09/20 08:31:48.442, 0, 0 %, 0 %, 35270 MiB, 39.17 W
2026/09/20 08:31:48.443, 1, 0 %, 0 %, 35270 MiB, 38.44 W
2026/09/20 08:31:48.443, 2, 0 %, 0 %, 35270 MiB, 37.44 W
2026/09/20 08:31:53.443, 0, 0 %, 0 %, 35270 MiB, 39.16 W
2026/09/20 08:31:53.444, 1, 0 %, 0 %, 35270 MiB, 38.44 W
2026/09/20 08:31:53.444, 2, 0 %, 0 %, 35270 MiB, 37.54 W
2026/09/20 08:31:58.444, 0, 0 %, 0 %, 35270 MiB, 39.28 W
2026/09/20 08:31:58.445, 1, 0 %, 0 %, 35270 MiB, 38.46 W
2026/09/20 08:31:58.445, 2, 0 %, 0 %, 35270 MiB, 37.47 W
2026/09/20 08:32:03.445, 0, 0 %, 0 %, 35270 MiB, 39.37 W
2026/09/20 08:32:03.446, 1, 0 %, 0 %, 35270 MiB, 38.44 W
2026/09/20 08:32:03.446, 2, 0 %, 0 %, 35270 MiB, 37.56 W
2026/09/20 08:32:08.446, 0, 0 %, 0 %, 35270 MiB, 38.97 W
2026/09/20 08:32:08.447, 1, 0 %, 0 %, 35270 MiB, 38.35 W
2026/09/20 08:32:08.447, 2, 0 %, 0 %, 35270 MiB, 37.47 W
2026/09/20 08:32:13.447, 0, 0 %, 0 %, 35270 MiB, 38.99 W
2026/09/20 08:32:13.448, 1, 0 %, 0 %, 35270 MiB, 38.56 W
2026/09/20 08:32:13.448, 2, 0 %, 0 %, 35270 MiB, 37.47 W
2026/09/20 08:32:18.448, 0, 0 %, 0 %, 35270 MiB, 38.96 W
2026/09/20 08:32:18.448, 1, 0 %, 0 %, 35270 MiB, 38.41 W
2026/09/20 08:32:18.449, 2, 0 %, 0 %, 35270 MiB, 37.34 W
2026/09/20 08:32:23.450, 0, 0 %, 0 %, 35270 MiB, 38.96 W
2026/09/20 08:32:23.451, 1, 0 %, 0 %, 35270 MiB, 38.33 W
2026/09/20 08:32:23.451, 2, 0 %, 0 %, 35270 MiB, 37.24 W
2026/09/20 08:32:28.452, 0, 0 %, 0 %, 35270 MiB, 38.96 W
2026/09/20 08:32:28.453, 1, 0 %, 0 %, 35270 MiB, 38.23 W
2026/09/20 08:32:28.453, 2, 0 %, 0 %, 35270 MiB, 37.14 W
2026/09/20 08:32:33.454, 0, 0 %, 0 %, 35270 MiB, 38.86 W
2026/09/20 08:32:33.455, 1, 0 %, 0 %, 35270 MiB, 38.34 W
2026/09/20 08:32:33.455, 2, 0 %, 0 %, 35270 MiB, 37.14 W
2026/09/20 08:32:38.455, 0, 0 %, 0 %, 35270 MiB, 38.92 W
2026/09/20 08:32:38.456, 1, 0 %, 0 %, 35270 MiB, 38.28 W
2026/09/20 08:32:38.456, 2, 0 %, 0 %, 35270 MiB, 37.18 W
2026/09/20 08:32:43.457, 0, 0 %, 0 %, 35270 MiB, 38.97 W
2026/09/20 08:32:43.457, 1, 0 %, 0 %, 35270 MiB, 38.34 W
2026/09/20 08:32:43.458, 2, 0 %, 0 %, 35270 MiB, 37.14 W
2026/09/20 08:32:48.459, 0, 0 %, 0 %, 35270 MiB, 38.87 W
2026/09/20 08:32:48.460, 1, 0 %, 0 %, 35270 MiB, 38.65 W
2026/09/20 08:32:48.460, 2, 0 %, 0 %, 35270 MiB, 37.25 W
2026/09/20 08:32:53.461, 0, 0 %, 0 %, 35270 MiB, 38.85 W
2026/09/20 08:32:53.461, 1, 0 %, 0 %, 35270 MiB, 38.12 W
2026/09/20 08:32:53.461, 2, 0 %, 0 %, 35270 MiB, 37.24 W
2026/09/20 08:32:58.463, 0, 0 %, 0 %, 35270 MiB, 38.94 W
2026/09/20 08:32:58.463, 1, 0 %, 0 %, 35270 MiB, 38.11 W
2026/09/20 08:32:58.464, 2, 0 %, 0 %, 35270 MiB, 37.21 W
2026/09/20 08:33:03.465, 0, 0 %, 0 %, 35270 MiB, 38.94 W
2026/09/20 08:33:03.465, 1, 0 %, 0 %, 35270 MiB, 38.10 W
2026/09/20 08:33:03.465, 2, 0 %, 0 %, 35270 MiB, 37.23 W
2026/09/20 08:33:08.467, 0, 0 %, 0 %, 35270 MiB, 38.85 W
2026/09/20 08:33:08.468, 1, 0 %, 0 %, 35270 MiB, 38.23 W
2026/09/20 08:33:08.468, 2, 0 %, 0 %, 35270 MiB, 37.13 W
2026/09/20 08:33:13.469, 0, 0 %, 0 %, 35270 MiB, 38.85 W
2026/09/20 08:33:13.469, 1, 0 %, 0 %, 35270 MiB, 38.03 W
2026/09/20 08:33:13.470, 2, 0 %, 0 %, 35270 MiB, 37.14 W
2026/09/20 08:33:18.470, 0, 0 %, 0 %, 35270 MiB, 38.80 W
2026/09/20 08:33:18.471, 1, 0 %, 0 %, 35270 MiB, 37.98 W
2026/09/20 08:33:18.471, 2, 0 %, 0 %, 35270 MiB, 37.08 W
2026/09/20 08:33:23.479, 0, 0 %, 0 %, 35270 MiB, 38.54 W
2026/09/20 08:33:23.480, 1, 0 %, 0 %, 35270 MiB, 37.93 W
2026/09/20 08:33:23.480, 2, 0 %, 0 %, 35270 MiB, 37.03 W
2026/09/20 08:33:28.481, 0, 0 %, 0 %, 35270 MiB, 38.55 W
2026/09/20 08:33:28.482, 1, 0 %, 0 %, 35270 MiB, 38.03 W
2026/09/20 08:33:28.482, 2, 0 %, 0 %, 35270 MiB, 36.93 W
2026/09/20 08:33:33.482, 0, 0 %, 0 %, 35270 MiB, 38.58 W
2026/09/20 08:33:33.483, 1, 0 %, 0 %, 35270 MiB, 38.05 W
2026/09/20 08:33:33.483, 2, 0 %, 0 %, 35270 MiB, 37.15 W
2026/09/20 08:33:38.483, 0, 0 %, 0 %, 35270 MiB, 38.68 W
2026/09/20 08:33:38.484, 1, 0 %, 0 %, 35270 MiB, 38.06 W
2026/09/20 08:33:38.484, 2, 0 %, 0 %, 35270 MiB, 36.96 W
2026/09/20 08:33:43.485, 0, 0 %, 0 %, 35270 MiB, 38.57 W
2026/09/20 08:33:43.485, 1, 0 %, 0 %, 35270 MiB, 38.25 W
2026/09/20 08:33:43.485, 2, 0 %, 0 %, 35270 MiB, 36.96 W
2026/09/20 08:33:48.487, 0, 0 %, 0 %, 35270 MiB, 38.66 W
2026/09/20 08:33:48.488, 1, 0 %, 0 %, 35270 MiB, 38.13 W
2026/09/20 08:33:48.488, 2, 0 %, 0 %, 35270 MiB, 36.94 W
2026/09/20 08:33:53.489, 0, 0 %, 0 %, 35270 MiB, 38.76 W
2026/09/20 08:33:53.490, 1, 0 %, 0 %, 35270 MiB, 38.23 W
2026/09/20 08:33:53.490, 2, 0 %, 0 %, 35270 MiB, 37.24 W
2026/09/20 08:33:58.490, 0, 0 %, 0 %, 35270 MiB, 38.87 W
2026/09/20 08:33:58.491, 1, 0 %, 0 %, 35270 MiB, 38.14 W
2026/09/20 08:33:58.491, 2, 0 %, 0 %, 35270 MiB, 37.15 W
2026/09/20 08:34:03.491, 0, 0 %, 0 %, 35270 MiB, 38.78 W
2026/09/20 08:34:03.492, 1, 0 %, 0 %, 35270 MiB, 38.08 W
2026/09/20 08:34:03.492, 2, 0 %, 0 %, 35270 MiB, 37.06 W
2026/09/20 08:34:08.493, 0, 0 %, 0 %, 35270 MiB, 38.69 W
2026/09/20 08:34:08.493, 1, 0 %, 0 %, 35270 MiB, 37.96 W
2026/09/20 08:34:08.494, 2, 0 %, 0 %, 35270 MiB, 37.08 W
2026/09/20 08:34:13.495, 0, 0 %, 0 %, 35270 MiB, 38.89 W
2026/09/20 08:34:13.495, 1, 0 %, 0 %, 35270 MiB, 37.96 W
2026/09/20 08:34:13.495, 2, 0 %, 0 %, 35270 MiB, 37.16 W
2026/09/20 08:34:18.503, 0, 0 %, 0 %, 35270 MiB, 38.86 W
2026/09/20 08:34:18.503, 1, 0 %, 0 %, 35270 MiB, 38.23 W
2026/09/20 08:34:18.503, 2, 0 %, 0 %, 35270 MiB, 37.04 W
2026/09/20 08:34:23.505, 0, 0 %, 0 %, 35270 MiB, 38.65 W
2026/09/20 08:34:23.505, 1, 0 %, 0 %, 35270 MiB, 38.03 W
2026/09/20 08:34:23.505, 2, 0 %, 0 %, 35270 MiB, 37.04 W
2026/09/20 08:34:28.507, 0, 0 %, 0 %, 35270 MiB, 38.66 W
2026/09/20 08:34:28.507, 1, 0 %, 0 %, 35270 MiB, 38.04 W
2026/09/20 08:34:28.507, 2, 0 %, 0 %, 35270 MiB, 37.14 W
2026/09/20 08:34:33.509, 0, 0 %, 0 %, 35270 MiB, 38.88 W
2026/09/20 08:34:33.509, 1, 0 %, 0 %, 35270 MiB, 38.03 W
2026/09/20 08:34:33.509, 2, 0 %, 0 %, 35270 MiB, 37.15 W
2026/09/20 08:34:38.511, 0, 0 %, 0 %, 35270 MiB, 38.76 W
2026/09/20 08:34:38.511, 1, 0 %, 0 %, 35270 MiB, 38.14 W
2026/09/20 08:34:38.511, 2, 0 %, 0 %, 35270 MiB, 37.05 W
2026/09/20 08:34:43.512, 0, 0 %, 0 %, 35270 MiB, 40.24 W
2026/09/20 08:34:43.513, 1, 0 %, 0 %, 35270 MiB, 38.14 W
2026/09/20 08:34:43.513, 2, 0 %, 0 %, 35270 MiB, 37.06 W
2026/09/20 08:34:48.513, 0, 0 %, 0 %, 35270 MiB, 38.61 W
2026/09/20 08:34:48.514, 1, 0 %, 0 %, 35270 MiB, 38.15 W
2026/09/20 08:34:48.514, 2, 0 %, 0 %, 35270 MiB, 37.38 W
2026/09/20 08:34:53.514, 0, 0 %, 0 %, 35270 MiB, 38.87 W
2026/09/20 08:34:53.515, 1, 0 %, 0 %, 35270 MiB, 38.35 W
2026/09/20 08:34:53.515, 2, 0 %, 0 %, 35270 MiB, 37.06 W
2026/09/20 08:34:58.515, 0, 0 %, 0 %, 35270 MiB, 38.81 W
2026/09/20 08:34:58.516, 1, 0 %, 0 %, 35270 MiB, 38.35 W
2026/09/20 08:34:58.516, 2, 0 %, 0 %, 35270 MiB, 37.18 W
2026/09/20 08:35:03.516, 0, 0 %, 0 %, 35270 MiB, 38.81 W
2026/09/20 08:35:03.517, 1, 0 %, 0 %, 35270 MiB, 38.28 W
2026/09/20 08:35:03.517, 2, 0 %, 0 %, 35270 MiB, 37.09 W
2026/09/20 08:35:08.517, 0, 24 %, 1 %, 35270 MiB, 39.31 W
2026/09/20 08:35:08.518, 1, 0 %, 0 %, 35270 MiB, 38.06 W
2026/09/20 08:35:08.518, 2, 0 %, 0 %, 35270 MiB, 37.59 W
2026/09/20 08:35:13.518, 0, 0 %, 0 %, 35270 MiB, 39.11 W
2026/09/20 08:35:13.518, 1, 0 %, 0 %, 35270 MiB, 38.17 W
2026/09/20 08:35:13.518, 2, 0 %, 0 %, 35270 MiB, 37.18 W
2026/09/20 08:35:18.519, 0, 0 %, 0 %, 35270 MiB, 39.40 W
2026/09/20 08:35:18.519, 1, 0 %, 0 %, 35270 MiB, 38.28 W
2026/09/20 08:35:18.519, 2, 0 %, 0 %, 35270 MiB, 37.18 W
2026/09/20 08:35:23.519, 0, 0 %, 0 %, 35270 MiB, 39.02 W
2026/09/20 08:35:23.520, 1, 0 %, 0 %, 35270 MiB, 38.28 W
2026/09/20 08:35:23.520, 2, 0 %, 0 %, 35270 MiB, 37.28 W
2026/09/20 08:35:28.520, 0, 0 %, 0 %, 35270 MiB, 38.93 W
2026/09/20 08:35:28.520, 1, 0 %, 0 %, 35270 MiB, 38.49 W
2026/09/20 08:35:28.521, 2, 0 %, 0 %, 35270 MiB, 37.39 W
2026/09/20 08:35:33.521, 0, 0 %, 0 %, 35270 MiB, 38.92 W
2026/09/20 08:35:33.521, 1, 0 %, 0 %, 35270 MiB, 38.20 W
2026/09/20 08:35:33.521, 2, 0 %, 0 %, 35270 MiB, 37.28 W
2026/09/20 08:35:38.522, 0, 0 %, 0 %, 35270 MiB, 38.98 W
2026/09/20 08:35:38.522, 1, 0 %, 0 %, 35270 MiB, 38.35 W
2026/09/20 08:35:38.523, 2, 0 %, 0 %, 35270 MiB, 37.37 W
2026/09/20 08:35:43.523, 0, 0 %, 0 %, 35270 MiB, 39.16 W
2026/09/20 08:35:43.524, 1, 0 %, 0 %, 35270 MiB, 38.34 W
2026/09/20 08:35:43.524, 2, 0 %, 0 %, 35270 MiB, 37.25 W
2026/09/20 08:35:48.524, 0, 0 %, 0 %, 35270 MiB, 38.86 W
2026/09/20 08:35:48.525, 1, 0 %, 0 %, 35270 MiB, 38.34 W
2026/09/20 08:35:48.525, 2, 0 %, 0 %, 35270 MiB, 37.24 W
2026/09/20 08:35:53.526, 0, 0 %, 0 %, 35270 MiB, 38.75 W
2026/09/20 08:35:53.527, 1, 0 %, 0 %, 35270 MiB, 38.23 W
2026/09/20 08:35:53.527, 2, 0 %, 0 %, 35270 MiB, 37.04 W
2026/09/20 08:35:58.532, 0, 0 %, 0 %, 35270 MiB, 38.74 W
2026/09/20 08:35:58.532, 1, 0 %, 0 %, 35270 MiB, 38.11 W
2026/09/20 08:35:58.533, 2, 0 %, 0 %, 35270 MiB, 36.93 W
2026/09/20 08:36:03.534, 0, 0 %, 0 %, 35270 MiB, 38.68 W
2026/09/20 08:36:03.534, 1, 0 %, 0 %, 35270 MiB, 38.23 W
2026/09/20 08:36:03.534, 2, 0 %, 0 %, 35270 MiB, 36.87 W
2026/09/20 08:36:08.536, 0, 0 %, 0 %, 35270 MiB, 38.57 W
2026/09/20 08:36:08.536, 1, 0 %, 0 %, 35270 MiB, 38.03 W
2026/09/20 08:36:08.536, 2, 0 %, 0 %, 35270 MiB, 36.86 W
2026/09/20 08:36:13.537, 0, 0 %, 0 %, 35270 MiB, 38.56 W
2026/09/20 08:36:13.537, 1, 0 %, 0 %, 35270 MiB, 37.93 W
2026/09/20 08:36:13.537, 2, 0 %, 0 %, 35270 MiB, 37.14 W
2026/09/20 08:36:18.539, 0, 0 %, 0 %, 35270 MiB, 38.76 W
2026/09/20 08:36:18.539, 1, 0 %, 0 %, 35270 MiB, 37.76 W
2026/09/20 08:36:18.539, 2, 0 %, 0 %, 35270 MiB, 37.15 W
2026/09/20 08:36:23.541, 0, 0 %, 0 %, 35270 MiB, 38.55 W
2026/09/20 08:36:23.541, 1, 0 %, 0 %, 35270 MiB, 37.84 W
2026/09/20 08:36:23.541, 2, 0 %, 0 %, 35270 MiB, 37.24 W
2026/09/20 08:36:28.543, 0, 0 %, 0 %, 35270 MiB, 38.56 W
2026/09/20 08:36:28.543, 1, 0 %, 0 %, 35270 MiB, 37.74 W
2026/09/20 08:36:28.544, 2, 0 %, 0 %, 35270 MiB, 37.14 W
2026/09/20 08:36:33.545, 0, 0 %, 0 %, 35270 MiB, 38.47 W
2026/09/20 08:36:33.545, 1, 0 %, 0 %, 35270 MiB, 37.84 W
2026/09/20 08:36:33.545, 2, 0 %, 0 %, 35270 MiB, 37.24 W
2026/09/20 08:36:38.547, 0, 0 %, 0 %, 35270 MiB, 38.56 W
2026/09/20 08:36:38.547, 1, 0 %, 0 %, 35270 MiB, 37.93 W
2026/09/20 08:36:38.547, 2, 0 %, 0 %, 35270 MiB, 37.25 W
2026/09/20 08:36:43.549, 0, 0 %, 0 %, 35270 MiB, 38.37 W
2026/09/20 08:36:43.549, 1, 0 %, 0 %, 35270 MiB, 37.75 W
2026/09/20 08:36:43.549, 2, 0 %, 0 %, 35270 MiB, 37.35 W
2026/09/20 08:36:48.550, 0, 0 %, 0 %, 35270 MiB, 38.38 W
2026/09/20 08:36:48.551, 1, 0 %, 0 %, 35270 MiB, 37.86 W
2026/09/20 08:36:48.551, 2, 0 %, 0 %, 35270 MiB, 37.14 W
2026/09/20 08:36:53.552, 0, 0 %, 0 %, 35270 MiB, 38.37 W
2026/09/20 08:36:53.552, 1, 0 %, 0 %, 35270 MiB, 37.84 W
2026/09/20 08:36:53.552, 2, 0 %, 0 %, 35270 MiB, 37.04 W
2026/09/20 08:36:58.553, 0, 0 %, 0 %, 35270 MiB, 38.56 W
2026/09/20 08:36:58.553, 1, 0 %, 0 %, 35270 MiB, 38.03 W
2026/09/20 08:36:58.554, 2, 0 %, 0 %, 35270 MiB, 36.94 W
2026/09/20 08:37:03.559, 0, 0 %, 0 %, 35270 MiB, 38.76 W
2026/09/20 08:37:03.559, 1, 0 %, 0 %, 35270 MiB, 37.94 W
2026/09/20 08:37:03.559, 2, 0 %, 0 %, 35270 MiB, 37.24 W
2026/09/20 08:37:08.560, 0, 0 %, 0 %, 35270 MiB, 38.46 W
2026/09/20 08:37:08.560, 1, 0 %, 0 %, 35270 MiB, 37.84 W
2026/09/20 08:37:08.560, 2, 0 %, 0 %, 35270 MiB, 37.03 W
2026/09/20 08:37:13.561, 0, 0 %, 0 %, 35270 MiB, 38.65 W
2026/09/20 08:37:13.561, 1, 0 %, 0 %, 35270 MiB, 37.94 W
2026/09/20 08:37:13.561, 2, 0 %, 0 %, 35270 MiB, 37.04 W
2026/09/20 08:37:18.563, 0, 0 %, 0 %, 35270 MiB, 38.47 W
2026/09/20 08:37:18.563, 1, 0 %, 0 %, 35270 MiB, 37.94 W
2026/09/20 08:37:18.563, 2, 0 %, 0 %, 35270 MiB, 37.05 W
2026/09/20 08:37:23.565, 0, 0 %, 0 %, 35270 MiB, 38.48 W
2026/09/20 08:37:23.565, 1, 0 %, 0 %, 35270 MiB, 37.75 W
2026/09/20 08:37:23.565, 2, 0 %, 0 %, 35270 MiB, 37.24 W
2026/09/20 08:37:28.567, 0, 0 %, 0 %, 35270 MiB, 38.57 W
2026/09/20 08:37:28.567, 1, 0 %, 0 %, 35270 MiB, 37.74 W
2026/09/20 08:37:28.567, 2, 0 %, 0 %, 35270 MiB, 37.24 W
2026/09/20 08:37:33.568, 0, 0 %, 0 %, 35270 MiB, 38.76 W
2026/09/20 08:37:33.569, 1, 0 %, 0 %, 35270 MiB, 37.85 W
2026/09/20 08:37:33.569, 2, 0 %, 0 %, 35270 MiB, 37.25 W
2026/09/20 08:37:38.570, 0, 0 %, 0 %, 35270 MiB, 38.56 W
2026/09/20 08:37:38.570, 1, 0 %, 0 %, 35270 MiB, 37.93 W
2026/09/20 08:37:38.571, 2, 0 %, 0 %, 35270 MiB, 37.14 W
2026/09/20 08:37:43.572, 0, 0 %, 0 %, 35270 MiB, 38.36 W
2026/09/20 08:37:43.572, 1, 0 %, 0 %, 35270 MiB, 37.74 W
2026/09/20 08:37:43.572, 2, 0 %, 0 %, 35270 MiB, 37.25 W
2026/09/20 08:37:48.573, 0, 0 %, 0 %, 35270 MiB, 38.37 W
2026/09/20 08:37:48.574, 1, 0 %, 0 %, 35270 MiB, 37.65 W
2026/09/20 08:37:48.574, 2, 0 %, 0 %, 35270 MiB, 37.25 W
2026/09/20 08:37:53.575, 0, 0 %, 0 %, 35270 MiB, 38.48 W
2026/09/20 08:37:53.575, 1, 0 %, 0 %, 35270 MiB, 37.96 W
2026/09/20 08:37:53.575, 2, 0 %, 0 %, 35270 MiB, 37.16 W
2026/09/20 08:37:58.577, 0, 0 %, 0 %, 35270 MiB, 38.48 W
2026/09/20 08:37:58.577, 1, 0 %, 0 %, 35270 MiB, 37.86 W
2026/09/20 08:37:58.577, 2, 0 %, 0 %, 35270 MiB, 37.39 W
2026/09/20 08:38:03.578, 0, 0 %, 0 %, 35270 MiB, 38.40 W
2026/09/20 08:38:03.579, 1, 0 %, 0 %, 35270 MiB, 37.79 W
2026/09/20 08:38:03.579, 2, 0 %, 0 %, 35270 MiB, 37.08 W
2026/09/20 08:38:08.579, 0, 0 %, 0 %, 35270 MiB, 38.71 W
2026/09/20 08:38:08.580, 1, 0 %, 0 %, 35270 MiB, 37.88 W
2026/09/20 08:38:08.580, 2, 0 %, 0 %, 35270 MiB, 37.18 W
2026/09/20 08:38:13.580, 0, 0 %, 0 %, 35270 MiB, 38.61 W
2026/09/20 08:38:13.580, 1, 0 %, 0 %, 35270 MiB, 37.98 W
2026/09/20 08:38:13.580, 2, 0 %, 0 %, 35270 MiB, 37.18 W
2026/09/20 08:38:18.581, 0, 0 %, 0 %, 35270 MiB, 38.62 W
2026/09/20 08:38:18.582, 1, 0 %, 0 %, 35270 MiB, 38.00 W
2026/09/20 08:38:18.582, 2, 0 %, 0 %, 35270 MiB, 37.30 W
2026/09/20 08:38:23.582, 0, 100 %, 7 %, 35270 MiB, 88.85 W
2026/09/20 08:38:23.583, 1, 100 %, 6 %, 35270 MiB, 87.67 W
2026/09/20 08:38:23.583, 2, 100 %, 7 %, 35270 MiB, 90.05 W
2026/09/20 08:38:28.583, 0, 100 %, 7 %, 35270 MiB, 93.92 W
2026/09/20 08:38:28.583, 1, 100 %, 6 %, 35270 MiB, 93.00 W
2026/09/20 08:38:28.583, 2, 100 %, 7 %, 35270 MiB, 93.12 W
2026/09/20 08:38:33.584, 0, 100 %, 7 %, 35270 MiB, 95.26 W
2026/09/20 08:38:33.584, 1, 100 %, 6 %, 35270 MiB, 92.75 W
2026/09/20 08:38:33.584, 2, 100 %, 11 %, 35270 MiB, 95.53 W
2026/09/20 08:38:38.584, 0, 100 %, 7 %, 35270 MiB, 90.59 W
2026/09/20 08:38:38.585, 1, 100 %, 10 %, 35270 MiB, 93.72 W
2026/09/20 08:38:38.585, 2, 100 %, 7 %, 35270 MiB, 92.86 W
2026/09/20 08:38:43.585, 0, 100 %, 7 %, 35270 MiB, 95.43 W
2026/09/20 08:38:43.585, 1, 100 %, 7 %, 35270 MiB, 92.51 W
2026/09/20 08:38:43.585, 2, 100 %, 7 %, 35270 MiB, 96.79 W
2026/09/20 08:38:48.586, 0, 100 %, 7 %, 35270 MiB, 93.94 W
2026/09/20 08:38:48.586, 1, 100 %, 8 %, 35270 MiB, 87.37 W
2026/09/20 08:38:48.586, 2, 100 %, 7 %, 35270 MiB, 92.61 W
2026/09/20 08:38:53.586, 0, 98 %, 6 %, 35270 MiB, 95.31 W
2026/09/20 08:38:53.587, 1, 100 %, 7 %, 35270 MiB, 93.27 W
2026/09/20 08:38:53.587, 2, 100 %, 6 %, 35270 MiB, 93.82 W
2026/09/20 08:38:58.587, 0, 100 %, 7 %, 35270 MiB, 94.84 W
2026/09/20 08:38:58.587, 1, 100 %, 7 %, 35270 MiB, 89.46 W
2026/09/20 08:38:58.587, 2, 99 %, 7 %, 35270 MiB, 90.70 W
2026/09/20 08:39:03.588, 0, 100 %, 7 %, 35270 MiB, 95.76 W
2026/09/20 08:39:03.588, 1, 100 %, 7 %, 35270 MiB, 93.91 W
2026/09/20 08:39:03.588, 2, 100 %, 7 %, 35270 MiB, 91.28 W
2026/09/20 08:39:08.588, 0, 100 %, 7 %, 35270 MiB, 93.00 W
2026/09/20 08:39:08.589, 1, 100 %, 11 %, 35270 MiB, 94.19 W
2026/09/20 08:39:08.589, 2, 100 %, 7 %, 35270 MiB, 95.41 W
2026/09/20 08:39:13.589, 0, 100 %, 7 %, 35270 MiB, 94.99 W
2026/09/20 08:39:13.589, 1, 100 %, 7 %, 35270 MiB, 96.21 W
2026/09/20 08:39:13.589, 2, 100 %, 7 %, 35270 MiB, 93.51 W
2026/09/20 08:39:18.590, 0, 100 %, 7 %, 35270 MiB, 99.43 W
2026/09/20 08:39:18.590, 1, 100 %, 7 %, 35270 MiB, 93.14 W
2026/09/20 08:39:18.591, 2, 100 %, 7 %, 35270 MiB, 97.82 W
2026/09/20 08:39:23.591, 0, 100 %, 7 %, 35270 MiB, 100.71 W
2026/09/20 08:39:23.591, 1, 100 %, 6 %, 35270 MiB, 98.29 W
2026/09/20 08:39:23.591, 2, 100 %, 7 %, 35270 MiB, 97.43 W
2026/09/20 08:39:28.592, 0, 100 %, 7 %, 35270 MiB, 96.21 W
2026/09/20 08:39:28.592, 1, 100 %, 7 %, 35270 MiB, 95.97 W
2026/09/20 08:39:28.592, 2, 100 %, 7 %, 35270 MiB, 92.26 W
2026/09/20 08:39:33.592, 0, 100 %, 7 %, 35270 MiB, 93.99 W
2026/09/20 08:39:33.592, 1, 99 %, 11 %, 35270 MiB, 97.04 W
2026/09/20 08:39:33.593, 2, 100 %, 7 %, 35270 MiB, 95.57 W
2026/09/20 08:39:38.593, 0, 100 %, 7 %, 35270 MiB, 95.34 W
2026/09/20 08:39:38.593, 1, 100 %, 7 %, 35270 MiB, 171.62 W
2026/09/20 08:39:38.593, 2, 100 %, 7 %, 35270 MiB, 92.97 W
2026/09/20 08:39:43.594, 0, 100 %, 7 %, 35270 MiB, 95.95 W
2026/09/20 08:39:43.594, 1, 100 %, 7 %, 35270 MiB, 101.63 W
2026/09/20 08:39:43.594, 2, 100 %, 7 %, 35270 MiB, 97.13 W
2026/09/20 08:39:48.595, 0, 100 %, 7 %, 35270 MiB, 95.08 W
2026/09/20 08:39:48.595, 1, 100 %, 7 %, 35270 MiB, 98.17 W
2026/09/20 08:39:48.595, 2, 100 %, 7 %, 35270 MiB, 98.34 W
2026/09/20 08:39:53.595, 0, 100 %, 11 %, 35270 MiB, 96.72 W
2026/09/20 08:39:53.595, 1, 100 %, 7 %, 35270 MiB, 95.19 W
2026/09/20 08:39:53.596, 2, 100 %, 11 %, 35270 MiB, 160.17 W
2026/09/20 08:39:58.596, 0, 100 %, 7 %, 35270 MiB, 98.42 W
2026/09/20 08:39:58.596, 1, 100 %, 7 %, 35270 MiB, 96.78 W
2026/09/20 08:39:58.596, 2, 100 %, 6 %, 35270 MiB, 95.47 W
2026/09/20 08:40:03.596, 0, 100 %, 7 %, 35270 MiB, 101.51 W
2026/09/20 08:40:03.597, 1, 100 %, 7 %, 35270 MiB, 94.38 W
2026/09/20 08:40:03.597, 2, 100 %, 11 %, 35270 MiB, 99.69 W
2026/09/20 08:40:08.597, 0, 100 %, 7 %, 35270 MiB, 96.68 W
2026/09/20 08:40:08.597, 1, 100 %, 7 %, 35270 MiB, 97.43 W
2026/09/20 08:40:08.597, 2, 100 %, 7 %, 35270 MiB, 101.21 W
2026/09/20 08:40:13.598, 0, 100 %, 7 %, 35270 MiB, 96.31 W
2026/09/20 08:40:13.598, 1, 100 %, 11 %, 35270 MiB, 98.11 W
2026/09/20 08:40:13.598, 2, 100 %, 7 %, 35270 MiB, 95.78 W
2026/09/20 08:40:18.598, 0, 100 %, 7 %, 35270 MiB, 99.40 W
2026/09/20 08:40:18.599, 1, 100 %, 6 %, 35270 MiB, 96.07 W
2026/09/20 08:40:18.599, 2, 100 %, 7 %, 35270 MiB, 162.79 W
2026/09/20 08:40:23.599, 0, 100 %, 7 %, 35270 MiB, 167.32 W
2026/09/20 08:40:23.599, 1, 100 %, 13 %, 35270 MiB, 155.55 W
2026/09/20 08:40:23.599, 2, 100 %, 7 %, 35270 MiB, 99.99 W
2026/09/20 08:40:28.600, 0, 100 %, 14 %, 35270 MiB, 137.62 W
2026/09/20 08:40:28.600, 1, 100 %, 14 %, 35270 MiB, 99.82 W
2026/09/20 08:40:28.600, 2, 100 %, 11 %, 35270 MiB, 96.54 W
2026/09/20 08:40:33.600, 0, 100 %, 15 %, 35270 MiB, 92.11 W
2026/09/20 08:40:33.600, 1, 100 %, 7 %, 35270 MiB, 96.33 W
2026/09/20 08:40:33.600, 2, 100 %, 7 %, 35270 MiB, 113.48 W
2026/09/20 08:40:38.601, 0, 100 %, 7 %, 35270 MiB, 100.82 W
2026/09/20 08:40:38.601, 1, 100 %, 11 %, 35270 MiB, 102.06 W
2026/09/20 08:40:38.601, 2, 100 %, 7 %, 35270 MiB, 98.29 W
2026/09/20 08:40:43.602, 0, 100 %, 11 %, 35270 MiB, 102.23 W
2026/09/20 08:40:43.602, 1, 100 %, 11 %, 35270 MiB, 96.77 W
2026/09/20 08:40:43.602, 2, 100 %, 7 %, 35270 MiB, 115.96 W
2026/09/20 08:40:48.602, 0, 100 %, 7 %, 35270 MiB, 99.65 W
2026/09/20 08:40:48.602, 1, 100 %, 11 %, 35270 MiB, 102.57 W
2026/09/20 08:40:48.603, 2, 100 %, 11 %, 35270 MiB, 101.54 W
2026/09/20 08:40:53.603, 0, 100 %, 11 %, 35270 MiB, 102.15 W
2026/09/20 08:40:53.603, 1, 100 %, 7 %, 35270 MiB, 101.74 W
2026/09/20 08:40:53.603, 2, 100 %, 10 %, 35270 MiB, 101.19 W
2026/09/20 08:40:58.604, 0, 100 %, 7 %, 35270 MiB, 100.97 W
2026/09/20 08:40:58.604, 1, 100 %, 7 %, 35270 MiB, 106.11 W
2026/09/20 08:40:58.604, 2, 100 %, 7 %, 35270 MiB, 103.92 W
2026/09/20 08:41:03.604, 0, 100 %, 11 %, 35270 MiB, 102.57 W
2026/09/20 08:41:03.604, 1, 100 %, 11 %, 35270 MiB, 100.40 W
2026/09/20 08:41:03.604, 2, 100 %, 7 %, 35270 MiB, 102.82 W
2026/09/20 08:41:08.605, 0, 100 %, 11 %, 35270 MiB, 100.90 W
2026/09/20 08:41:08.605, 1, 100 %, 7 %, 35270 MiB, 99.60 W
2026/09/20 08:41:08.605, 2, 100 %, 10 %, 35270 MiB, 101.40 W
2026/09/20 08:41:13.605, 0, 100 %, 7 %, 35270 MiB, 103.66 W
2026/09/20 08:41:13.606, 1, 60 %, 8 %, 35270 MiB, 90.38 W
2026/09/20 08:41:13.606, 2, 100 %, 7 %, 35270 MiB, 105.21 W
2026/09/20 08:41:18.606, 0, 100 %, 7 %, 35270 MiB, 103.15 W
2026/09/20 08:41:18.606, 1, 0 %, 0 %, 35270 MiB, 45.64 W
2026/09/20 08:41:18.606, 2, 100 %, 7 %, 35270 MiB, 100.81 W
2026/09/20 08:41:23.607, 0, 56 %, 4 %, 35270 MiB, 91.55 W
2026/09/20 08:41:23.607, 1, 0 %, 0 %, 35270 MiB, 44.28 W
2026/09/20 08:41:23.607, 2, 55 %, 4 %, 35270 MiB, 68.99 W
2026/09/20 08:41:28.608, 0, 0 %, 0 %, 35270 MiB, 45.10 W
2026/09/20 08:41:28.608, 1, 0 %, 0 %, 35270 MiB, 43.79 W
2026/09/20 08:41:28.608, 2, 0 %, 0 %, 35270 MiB, 42.81 W
2026/09/20 08:41:33.610, 0, 0 %, 0 %, 35270 MiB, 44.60 W
2026/09/20 08:41:33.610, 1, 0 %, 0 %, 35270 MiB, 43.67 W
2026/09/20 08:41:33.611, 2, 0 %, 0 %, 35270 MiB, 42.50 W
2026/09/20 08:41:38.611, 0, 0 %, 0 %, 35270 MiB, 44.19 W
2026/09/20 08:41:38.612, 1, 0 %, 0 %, 35270 MiB, 43.09 W
2026/09/20 08:41:38.612, 2, 0 %, 0 %, 35270 MiB, 42.01 W
2026/09/20 08:41:43.613, 0, 0 %, 0 %, 35270 MiB, 43.61 W
2026/09/20 08:41:43.613, 1, 0 %, 0 %, 35270 MiB, 42.28 W
2026/09/20 08:41:43.613, 2, 0 %, 0 %, 35270 MiB, 41.64 W
2026/09/20 08:41:48.615, 0, 0 %, 0 %, 35270 MiB, 43.72 W
2026/09/20 08:41:48.615, 1, 0 %, 0 %, 35270 MiB, 42.32 W
2026/09/20 08:41:48.616, 2, 0 %, 0 %, 35270 MiB, 41.22 W
2026/09/20 08:41:53.617, 0, 0 %, 0 %, 35270 MiB, 43.41 W
2026/09/20 08:41:53.618, 1, 0 %, 0 %, 35270 MiB, 41.99 W
2026/09/20 08:41:53.618, 2, 0 %, 0 %, 35270 MiB, 41.12 W
2026/09/20 08:41:58.619, 0, 0 %, 0 %, 35270 MiB, 43.23 W
2026/09/20 08:41:58.619, 1, 0 %, 0 %, 35270 MiB, 41.79 W
2026/09/20 08:41:58.619, 2, 0 %, 0 %, 35270 MiB, 40.82 W
2026/09/20 08:42:03.620, 0, 0 %, 0 %, 35270 MiB, 43.23 W
2026/09/20 08:42:03.620, 1, 0 %, 0 %, 35270 MiB, 42.19 W
2026/09/20 08:42:03.620, 2, 0 %, 0 %, 35270 MiB, 40.63 W
2026/09/20 08:42:08.622, 0, 0 %, 0 %, 35270 MiB, 42.80 W
2026/09/20 08:42:08.622, 1, 0 %, 0 %, 35270 MiB, 41.50 W
2026/09/20 08:42:08.622, 2, 0 %, 0 %, 35270 MiB, 40.73 W
2026/09/20 08:42:13.628, 0, 0 %, 0 %, 35270 MiB, 42.42 W
2026/09/20 08:42:13.628, 1, 0 %, 0 %, 35270 MiB, 41.60 W
2026/09/20 08:42:13.629, 2, 0 %, 0 %, 35270 MiB, 40.33 W
2026/09/20 08:42:18.629, 0, 0 %, 0 %, 35270 MiB, 42.22 W
2026/09/20 08:42:18.629, 1, 0 %, 0 %, 35270 MiB, 41.11 W
2026/09/20 08:42:18.629, 2, 0 %, 0 %, 35270 MiB, 40.22 W
2026/09/20 08:42:23.630, 0, 0 %, 0 %, 35270 MiB, 42.22 W
2026/09/20 08:42:23.631, 1, 0 %, 0 %, 35270 MiB, 41.40 W
2026/09/20 08:42:23.631, 2, 0 %, 0 %, 35270 MiB, 39.82 W
2026/09/20 08:42:28.632, 0, 0 %, 0 %, 35270 MiB, 41.93 W
2026/09/20 08:42:28.632, 1, 0 %, 0 %, 35270 MiB, 41.00 W
2026/09/20 08:42:28.633, 2, 0 %, 0 %, 35270 MiB, 39.82 W
2026/09/20 08:42:33.634, 0, 0 %, 0 %, 35270 MiB, 41.83 W
2026/09/20 08:42:33.634, 1, 0 %, 0 %, 35270 MiB, 41.21 W
2026/09/20 08:42:33.634, 2, 0 %, 0 %, 35270 MiB, 39.63 W
2026/09/20 08:42:38.635, 0, 0 %, 0 %, 35270 MiB, 42.03 W
2026/09/20 08:42:38.635, 1, 0 %, 0 %, 35270 MiB, 41.40 W
2026/09/20 08:42:38.635, 2, 0 %, 0 %, 35270 MiB, 39.64 W
2026/09/20 08:42:43.637, 0, 0 %, 0 %, 35270 MiB, 41.74 W
2026/09/20 08:42:43.637, 1, 0 %, 0 %, 35270 MiB, 41.00 W
2026/09/20 08:42:43.637, 2, 0 %, 0 %, 35270 MiB, 39.54 W
2026/09/20 08:42:48.639, 0, 0 %, 0 %, 35270 MiB, 41.54 W
2026/09/20 08:42:48.639, 1, 0 %, 0 %, 35270 MiB, 40.90 W
2026/09/20 08:42:48.639, 2, 0 %, 0 %, 35270 MiB, 39.53 W
2026/09/20 08:42:53.640, 0, 0 %, 0 %, 35270 MiB, 41.43 W
2026/09/20 08:42:53.641, 1, 0 %, 0 %, 35270 MiB, 40.81 W
2026/09/20 08:42:53.641, 2, 0 %, 0 %, 35270 MiB, 39.34 W
2026/09/20 08:42:58.642, 0, 0 %, 0 %, 35270 MiB, 41.56 W
2026/09/20 08:42:58.642, 1, 0 %, 0 %, 35270 MiB, 40.34 W
2026/09/20 08:42:58.642, 2, 0 %, 0 %, 35270 MiB, 39.23 W
2026/09/20 08:43:03.643, 0, 0 %, 0 %, 35270 MiB, 41.04 W
2026/09/20 08:43:03.644, 1, 0 %, 0 %, 35270 MiB, 40.61 W
2026/09/20 08:43:03.644, 2, 0 %, 0 %, 35270 MiB, 39.33 W
2026/09/20 08:43:08.645, 0, 0 %, 0 %, 35270 MiB, 41.32 W
2026/09/20 08:43:08.645, 1, 0 %, 0 %, 35270 MiB, 40.49 W
2026/09/20 08:43:08.646, 2, 0 %, 0 %, 35270 MiB, 39.22 W
2026/09/20 08:43:13.647, 0, 0 %, 0 %, 35270 MiB, 41.54 W
2026/09/20 08:43:13.647, 1, 0 %, 0 %, 35270 MiB, 40.22 W
2026/09/20 08:43:13.648, 2, 0 %, 0 %, 35270 MiB, 39.13 W
2026/09/20 08:43:18.649, 0, 0 %, 0 %, 35270 MiB, 40.94 W
2026/09/20 08:43:18.649, 1, 0 %, 0 %, 35270 MiB, 40.32 W
2026/09/20 08:43:18.649, 2, 0 %, 0 %, 35270 MiB, 39.05 W
2026/09/20 08:43:23.651, 0, 0 %, 0 %, 35270 MiB, 40.88 W
2026/09/20 08:43:23.651, 1, 0 %, 0 %, 35270 MiB, 40.24 W
2026/09/20 08:43:23.651, 2, 0 %, 0 %, 35270 MiB, 39.16 W
2026/09/20 08:43:28.652, 0, 0 %, 0 %, 35270 MiB, 40.79 W
2026/09/20 08:43:28.652, 1, 0 %, 0 %, 35270 MiB, 39.77 W
2026/09/20 08:43:28.653, 2, 0 %, 0 %, 35270 MiB, 38.99 W
2026/09/20 08:43:33.653, 0, 0 %, 0 %, 35270 MiB, 40.90 W
2026/09/20 08:43:33.654, 1, 0 %, 0 %, 35270 MiB, 39.87 W
2026/09/20 08:43:33.654, 2, 0 %, 0 %, 35270 MiB, 38.78 W
2026/09/20 08:43:38.655, 0, 0 %, 0 %, 35270 MiB, 40.69 W
2026/09/20 08:43:38.655, 1, 0 %, 0 %, 35270 MiB, 39.77 W
2026/09/20 08:43:38.656, 2, 0 %, 0 %, 35270 MiB, 38.78 W
2026/09/20 08:43:43.656, 0, 0 %, 0 %, 35270 MiB, 40.29 W
2026/09/20 08:43:43.657, 1, 0 %, 0 %, 35270 MiB, 40.08 W
2026/09/20 08:43:43.657, 2, 0 %, 0 %, 35270 MiB, 38.86 W
2026/09/20 08:43:48.657, 0, 0 %, 0 %, 35270 MiB, 40.90 W
2026/09/20 08:43:48.658, 1, 0 %, 0 %, 35270 MiB, 40.37 W
2026/09/20 08:43:48.658, 2, 0 %, 0 %, 35270 MiB, 38.68 W
2026/09/20 08:43:53.659, 0, 0 %, 0 %, 35270 MiB, 40.69 W
2026/09/20 08:43:53.659, 1, 0 %, 0 %, 35270 MiB, 40.54 W
2026/09/20 08:43:53.659, 2, 0 %, 0 %, 35270 MiB, 38.68 W
2026/09/20 08:43:58.659, 0, 0 %, 0 %, 35270 MiB, 40.65 W
2026/09/20 08:43:58.660, 1, 0 %, 0 %, 35270 MiB, 40.44 W
2026/09/20 08:43:58.660, 2, 0 %, 0 %, 35270 MiB, 38.96 W
2026/09/20 08:44:03.661, 0, 0 %, 0 %, 35270 MiB, 40.72 W
2026/09/20 08:44:03.661, 1, 0 %, 0 %, 35270 MiB, 40.39 W
2026/09/20 08:44:03.662, 2, 0 %, 0 %, 35270 MiB, 38.73 W
2026/09/20 08:44:08.663, 0, 0 %, 0 %, 35270 MiB, 40.74 W
2026/09/20 08:44:08.664, 1, 0 %, 0 %, 35270 MiB, 40.22 W
2026/09/20 08:44:08.664, 2, 0 %, 0 %, 35270 MiB, 38.65 W
2026/09/20 08:44:13.665, 0, 0 %, 0 %, 35270 MiB, 40.46 W
2026/09/20 08:44:13.666, 1, 0 %, 0 %, 35270 MiB, 40.05 W
2026/09/20 08:44:13.666, 2, 0 %, 0 %, 35270 MiB, 38.55 W
2026/09/20 08:44:18.666, 0, 0 %, 0 %, 35270 MiB, 40.40 W
2026/09/20 08:44:18.667, 1, 0 %, 0 %, 35270 MiB, 39.97 W
2026/09/20 08:44:18.667, 2, 0 %, 0 %, 35270 MiB, 38.49 W
2026/09/20 08:44:23.674, 0, 0 %, 0 %, 35270 MiB, 40.28 W
2026/09/20 08:44:23.675, 1, 0 %, 0 %, 35270 MiB, 39.77 W
2026/09/20 08:44:23.675, 2, 0 %, 0 %, 35270 MiB, 38.58 W
2026/09/20 08:44:28.676, 0, 0 %, 0 %, 35270 MiB, 40.17 W
2026/09/20 08:44:28.687, 1, 0 %, 0 %, 35270 MiB, 39.84 W
2026/09/20 08:44:28.688, 2, 0 %, 0 %, 35270 MiB, 38.56 W
2026/09/20 08:44:33.690, 0, 0 %, 0 %, 35270 MiB, 40.13 W
2026/09/20 08:44:33.690, 1, 0 %, 0 %, 35270 MiB, 39.91 W
2026/09/20 08:44:33.691, 2, 0 %, 0 %, 35270 MiB, 38.83 W
2026/09/20 08:44:38.691, 0, 0 %, 0 %, 35270 MiB, 40.13 W
2026/09/20 08:44:38.692, 1, 0 %, 0 %, 35270 MiB, 39.72 W
2026/09/20 08:44:38.692, 2, 0 %, 0 %, 35270 MiB, 38.44 W
2026/09/20 08:44:43.693, 0, 0 %, 0 %, 35270 MiB, 40.27 W
2026/09/20 08:44:43.693, 1, 0 %, 0 %, 35270 MiB, 39.83 W
2026/09/20 08:44:43.693, 2, 0 %, 0 %, 35270 MiB, 38.45 W
2026/09/20 08:44:48.695, 0, 0 %, 0 %, 35270 MiB, 39.95 W
2026/09/20 08:44:48.695, 1, 0 %, 0 %, 35270 MiB, 39.72 W
2026/09/20 08:44:48.696, 2, 0 %, 0 %, 35270 MiB, 38.34 W
2026/09/20 08:44:53.697, 0, 0 %, 0 %, 35270 MiB, 39.95 W
2026/09/20 08:44:53.698, 1, 0 %, 0 %, 35270 MiB, 39.72 W
2026/09/20 08:44:53.698, 2, 0 %, 0 %, 35270 MiB, 38.64 W
2026/09/20 08:44:58.699, 0, 0 %, 0 %, 35270 MiB, 40.04 W
2026/09/20 08:44:58.700, 1, 0 %, 0 %, 35270 MiB, 39.82 W
2026/09/20 08:44:58.700, 2, 0 %, 0 %, 35270 MiB, 38.34 W
2026/09/20 08:45:03.700, 0, 0 %, 0 %, 35270 MiB, 39.95 W
2026/09/20 08:45:03.701, 1, 0 %, 0 %, 35270 MiB, 39.82 W
2026/09/20 08:45:03.701, 2, 0 %, 0 %, 35270 MiB, 38.34 W
2026/09/20 08:45:08.702, 0, 0 %, 0 %, 35270 MiB, 39.95 W
2026/09/20 08:45:08.702, 1, 0 %, 0 %, 35270 MiB, 39.73 W
2026/09/20 08:45:08.703, 2, 0 %, 0 %, 35270 MiB, 38.26 W
2026/09/20 08:45:13.703, 0, 0 %, 0 %, 35270 MiB, 39.83 W
2026/09/20 08:45:13.704, 1, 0 %, 0 %, 35270 MiB, 39.41 W
2026/09/20 08:45:13.704, 2, 0 %, 0 %, 35270 MiB, 38.44 W
2026/09/20 08:45:18.705, 0, 0 %, 0 %, 35270 MiB, 40.16 W
2026/09/20 08:45:18.705, 1, 0 %, 0 %, 35270 MiB, 39.53 W
2026/09/20 08:45:18.705, 2, 0 %, 0 %, 35270 MiB, 38.36 W
2026/09/20 08:45:23.706, 0, 0 %, 0 %, 35270 MiB, 39.94 W
2026/09/20 08:45:23.707, 1, 0 %, 0 %, 35270 MiB, 39.51 W
2026/09/20 08:45:23.707, 2, 0 %, 0 %, 35270 MiB, 38.34 W
2026/09/20 08:45:28.710, 0, 0 %, 0 %, 35270 MiB, 39.85 W
2026/09/20 08:45:28.711, 1, 0 %, 0 %, 35270 MiB, 39.53 W
2026/09/20 08:45:28.711, 2, 0 %, 0 %, 35270 MiB, 38.56 W
2026/09/20 08:45:33.711, 0, 0 %, 0 %, 35270 MiB, 39.67 W
2026/09/20 08:45:33.712, 1, 0 %, 0 %, 35270 MiB, 39.53 W
2026/09/20 08:45:33.712, 2, 0 %, 0 %, 35270 MiB, 38.39 W
2026/09/20 08:45:38.713, 0, 0 %, 0 %, 35270 MiB, 39.68 W
2026/09/20 08:45:38.713, 1, 0 %, 0 %, 35270 MiB, 39.45 W
2026/09/20 08:45:38.714, 2, 0 %, 0 %, 35270 MiB, 38.18 W
2026/09/20 08:45:43.714, 0, 0 %, 0 %, 35270 MiB, 39.57 W
2026/09/20 08:45:43.715, 1, 0 %, 0 %, 35270 MiB, 39.53 W
2026/09/20 08:45:43.715, 2, 0 %, 0 %, 35270 MiB, 38.26 W
2026/09/20 08:45:48.716, 0, 0 %, 0 %, 35270 MiB, 39.69 W
2026/09/20 08:45:48.716, 1, 0 %, 0 %, 35270 MiB, 39.36 W
2026/09/20 08:45:48.717, 2, 0 %, 0 %, 35270 MiB, 38.37 W
2026/09/20 08:45:53.717, 0, 0 %, 0 %, 35270 MiB, 39.87 W
2026/09/20 08:45:53.718, 1, 0 %, 0 %, 35270 MiB, 39.53 W
2026/09/20 08:45:53.718, 2, 0 %, 0 %, 35270 MiB, 38.17 W
2026/09/20 08:45:58.718, 0, 0 %, 0 %, 35270 MiB, 39.67 W
2026/09/20 08:45:58.719, 1, 0 %, 0 %, 35270 MiB, 39.44 W
2026/09/20 08:45:58.719, 2, 0 %, 0 %, 35270 MiB, 38.17 W
2026/09/20 08:46:03.720, 0, 0 %, 0 %, 35270 MiB, 39.56 W
2026/09/20 08:46:03.721, 1, 0 %, 0 %, 35270 MiB, 39.41 W
2026/09/20 08:46:03.721, 2, 0 %, 0 %, 35270 MiB, 38.14 W
2026/09/20 08:46:08.722, 0, 0 %, 0 %, 35270 MiB, 39.65 W
2026/09/20 08:46:08.722, 1, 0 %, 0 %, 35270 MiB, 39.72 W
2026/09/20 08:46:08.723, 2, 0 %, 0 %, 35270 MiB, 38.24 W
2026/09/20 08:46:13.724, 0, 0 %, 0 %, 35270 MiB, 40.05 W
2026/09/20 08:46:13.724, 1, 0 %, 0 %, 35270 MiB, 39.44 W
2026/09/20 08:46:13.725, 2, 0 %, 0 %, 35270 MiB, 38.17 W
2026/09/20 08:46:18.726, 0, 0 %, 0 %, 35270 MiB, 39.90 W
2026/09/20 08:46:18.726, 1, 0 %, 0 %, 35270 MiB, 39.17 W
2026/09/20 08:46:18.727, 2, 0 %, 0 %, 35270 MiB, 37.90 W
2026/09/20 08:46:23.728, 0, 0 %, 0 %, 35270 MiB, 39.84 W
2026/09/20 08:46:23.728, 1, 0 %, 0 %, 35270 MiB, 39.22 W
2026/09/20 08:46:23.728, 2, 0 %, 0 %, 35270 MiB, 37.96 W
2026/09/20 08:46:28.730, 0, 0 %, 0 %, 35270 MiB, 39.93 W
2026/09/20 08:46:28.730, 1, 0 %, 0 %, 35270 MiB, 39.31 W
2026/09/20 08:46:28.731, 2, 0 %, 0 %, 35270 MiB, 38.14 W
2026/09/20 08:46:33.731, 0, 0 %, 0 %, 35270 MiB, 39.95 W
2026/09/20 08:46:33.732, 1, 0 %, 0 %, 35270 MiB, 39.12 W
2026/09/20 08:46:33.732, 2, 0 %, 0 %, 35270 MiB, 38.04 W
2026/09/20 08:46:38.733, 0, 0 %, 0 %, 35270 MiB, 39.73 W
2026/09/20 08:46:38.733, 1, 0 %, 0 %, 35270 MiB, 39.22 W
2026/09/20 08:46:38.733, 2, 0 %, 0 %, 35270 MiB, 38.14 W
2026/09/20 08:46:43.735, 0, 0 %, 0 %, 35270 MiB, 39.67 W
2026/09/20 08:46:43.735, 1, 0 %, 0 %, 35270 MiB, 39.15 W
2026/09/20 08:46:43.736, 2, 0 %, 0 %, 35270 MiB, 37.97 W
2026/09/20 08:46:48.737, 0, 0 %, 0 %, 35270 MiB, 39.89 W
2026/09/20 08:46:48.737, 1, 0 %, 0 %, 35270 MiB, 39.17 W
2026/09/20 08:46:48.738, 2, 0 %, 0 %, 35270 MiB, 37.99 W
2026/09/20 08:46:53.739, 0, 0 %, 0 %, 35270 MiB, 39.65 W
2026/09/20 08:46:53.739, 1, 0 %, 0 %, 35270 MiB, 38.92 W
2026/09/20 08:46:53.740, 2, 0 %, 0 %, 35270 MiB, 37.75 W
2026/09/20 08:46:58.741, 0, 0 %, 0 %, 35270 MiB, 39.55 W
2026/09/20 08:46:58.741, 1, 0 %, 0 %, 35270 MiB, 39.12 W
2026/09/20 08:46:58.741, 2, 0 %, 0 %, 35270 MiB, 37.65 W
2026/09/20 08:47:03.743, 0, 0 %, 0 %, 35270 MiB, 39.56 W
2026/09/20 08:47:03.743, 1, 0 %, 0 %, 35270 MiB, 39.13 W
2026/09/20 08:47:03.743, 2, 0 %, 0 %, 35270 MiB, 37.67 W
2026/09/20 08:47:08.745, 0, 0 %, 0 %, 35270 MiB, 39.85 W
2026/09/20 08:47:08.746, 1, 0 %, 0 %, 35270 MiB, 39.12 W
2026/09/20 08:47:08.746, 2, 0 %, 0 %, 35270 MiB, 37.87 W
2026/09/20 08:47:13.746, 0, 0 %, 0 %, 35270 MiB, 39.70 W
2026/09/20 08:47:13.747, 1, 0 %, 0 %, 35270 MiB, 39.17 W
2026/09/20 08:47:13.747, 2, 0 %, 0 %, 35270 MiB, 37.69 W
2026/09/20 08:47:18.747, 0, 0 %, 0 %, 35270 MiB, 39.66 W
2026/09/20 08:47:18.748, 1, 0 %, 0 %, 35270 MiB, 39.41 W
2026/09/20 08:47:18.748, 2, 0 %, 0 %, 35270 MiB, 37.87 W
2026/09/20 08:47:23.748, 0, 0 %, 0 %, 35270 MiB, 39.67 W
2026/09/20 08:47:23.748, 1, 0 %, 0 %, 35270 MiB, 39.15 W
2026/09/20 08:47:23.749, 2, 0 %, 0 %, 35270 MiB, 37.97 W
2026/09/20 08:47:28.750, 0, 0 %, 0 %, 35270 MiB, 39.74 W
2026/09/20 08:47:28.750, 1, 0 %, 0 %, 35270 MiB, 39.02 W
2026/09/20 08:47:28.750, 2, 0 %, 0 %, 35270 MiB, 37.85 W
2026/09/20 08:47:33.752, 0, 0 %, 0 %, 35270 MiB, 39.74 W
2026/09/20 08:47:33.753, 1, 0 %, 0 %, 35270 MiB, 38.92 W
2026/09/20 08:47:33.753, 2, 0 %, 0 %, 35270 MiB, 37.75 W
2026/09/20 08:47:38.754, 0, 0 %, 0 %, 35270 MiB, 39.74 W
2026/09/20 08:47:38.754, 1, 0 %, 0 %, 35270 MiB, 39.12 W
2026/09/20 08:47:38.755, 2, 0 %, 0 %, 35270 MiB, 37.94 W
2026/09/20 08:47:43.755, 0, 0 %, 0 %, 35270 MiB, 39.83 W
2026/09/20 08:47:43.756, 1, 0 %, 0 %, 35270 MiB, 39.02 W
2026/09/20 08:47:43.756, 2, 0 %, 0 %, 35270 MiB, 38.14 W
2026/09/20 08:47:48.757, 0, 0 %, 0 %, 35270 MiB, 39.55 W
2026/09/20 08:47:48.758, 1, 0 %, 0 %, 35270 MiB, 39.02 W
2026/09/20 08:47:48.758, 2, 0 %, 0 %, 35270 MiB, 37.94 W
2026/09/20 08:47:53.759, 0, 0 %, 0 %, 35270 MiB, 39.56 W
2026/09/20 08:47:53.760, 1, 0 %, 0 %, 35270 MiB, 38.93 W
2026/09/20 08:47:53.760, 2, 0 %, 0 %, 35270 MiB, 37.96 W
2026/09/20 08:47:58.761, 0, 0 %, 0 %, 35270 MiB, 39.46 W
2026/09/20 08:47:58.762, 1, 0 %, 0 %, 35270 MiB, 39.03 W
2026/09/20 08:47:58.762, 2, 0 %, 0 %, 35270 MiB, 37.65 W
2026/09/20 08:48:03.763, 0, 0 %, 0 %, 35270 MiB, 39.78 W
2026/09/20 08:48:03.764, 1, 0 %, 0 %, 35270 MiB, 38.97 W
2026/09/20 08:48:03.764, 2, 0 %, 0 %, 35270 MiB, 37.69 W
2026/09/20 08:48:08.765, 0, 0 %, 0 %, 35270 MiB, 39.56 W
2026/09/20 08:48:08.765, 1, 0 %, 0 %, 35270 MiB, 39.05 W
2026/09/20 08:48:08.766, 2, 0 %, 0 %, 35270 MiB, 37.77 W
2026/09/20 08:48:13.766, 0, 0 %, 0 %, 35270 MiB, 39.56 W
2026/09/20 08:48:13.767, 1, 0 %, 0 %, 35270 MiB, 39.24 W
2026/09/20 08:48:13.767, 2, 0 %, 0 %, 35270 MiB, 37.56 W
2026/09/20 08:48:18.767, 0, 0 %, 0 %, 35270 MiB, 39.57 W
2026/09/20 08:48:18.767, 1, 0 %, 0 %, 35270 MiB, 38.94 W
2026/09/20 08:48:18.768, 2, 0 %, 0 %, 35270 MiB, 37.66 W
2026/09/20 08:48:23.769, 0, 0 %, 0 %, 35270 MiB, 39.67 W
2026/09/20 08:48:23.769, 1, 0 %, 0 %, 35270 MiB, 39.05 W
2026/09/20 08:48:23.769, 2, 0 %, 0 %, 35270 MiB, 37.77 W
2026/09/20 08:48:28.771, 0, 0 %, 0 %, 35270 MiB, 39.65 W
2026/09/20 08:48:28.771, 1, 0 %, 0 %, 35270 MiB, 39.03 W
2026/09/20 08:48:28.771, 2, 0 %, 0 %, 35270 MiB, 37.67 W
2026/09/20 08:48:33.773, 0, 0 %, 0 %, 35270 MiB, 39.56 W
2026/09/20 08:48:33.773, 1, 0 %, 0 %, 35270 MiB, 39.02 W
2026/09/20 08:48:33.773, 2, 0 %, 0 %, 35270 MiB, 37.67 W
2026/09/20 08:48:38.775, 0, 0 %, 0 %, 35270 MiB, 39.57 W
2026/09/20 08:48:38.775, 1, 0 %, 0 %, 35270 MiB, 38.84 W
2026/09/20 08:48:38.776, 2, 0 %, 0 %, 35270 MiB, 37.58 W
2026/09/20 08:48:43.776, 0, 0 %, 0 %, 35270 MiB, 39.75 W
2026/09/20 08:48:43.776, 1, 0 %, 0 %, 35270 MiB, 38.83 W
2026/09/20 08:48:43.776, 2, 0 %, 0 %, 35270 MiB, 37.67 W
2026/09/20 08:48:48.777, 0, 0 %, 0 %, 35270 MiB, 39.56 W
2026/09/20 08:48:48.778, 1, 0 %, 0 %, 35270 MiB, 38.95 W
2026/09/20 08:48:48.778, 2, 0 %, 0 %, 35270 MiB, 37.77 W
2026/09/20 08:48:53.779, 0, 0 %, 0 %, 35270 MiB, 39.47 W
2026/09/20 08:48:53.779, 1, 0 %, 0 %, 35270 MiB, 38.87 W
2026/09/20 08:48:53.779, 2, 0 %, 0 %, 35270 MiB, 37.77 W
2026/09/20 08:48:58.779, 0, 0 %, 0 %, 35270 MiB, 39.71 W
2026/09/20 08:48:58.779, 1, 0 %, 0 %, 35270 MiB, 38.88 W
2026/09/20 08:48:58.780, 2, 0 %, 0 %, 35270 MiB, 37.80 W
2026/09/20 08:49:03.781, 0, 0 %, 0 %, 35270 MiB, 39.57 W
2026/09/20 08:49:03.781, 1, 0 %, 0 %, 35270 MiB, 38.85 W
2026/09/20 08:49:03.781, 2, 0 %, 0 %, 35270 MiB, 37.77 W
2026/09/20 08:49:08.781, 0, 0 %, 0 %, 35270 MiB, 39.46 W
2026/09/20 08:49:08.782, 1, 0 %, 0 %, 35270 MiB, 39.13 W
2026/09/20 08:49:08.782, 2, 0 %, 0 %, 35270 MiB, 37.77 W
2026/09/20 08:49:13.782, 0, 0 %, 0 %, 35270 MiB, 39.46 W
2026/09/20 08:49:13.783, 1, 0 %, 0 %, 35270 MiB, 39.03 W
2026/09/20 08:49:13.783, 2, 0 %, 0 %, 35270 MiB, 37.66 W
2026/09/20 08:49:18.784, 0, 0 %, 0 %, 35270 MiB, 39.58 W
2026/09/20 08:49:18.784, 1, 0 %, 0 %, 35270 MiB, 39.05 W
2026/09/20 08:49:18.784, 2, 0 %, 0 %, 35270 MiB, 37.89 W
2026/09/20 08:49:23.787, 0, 0 %, 0 %, 35270 MiB, 39.60 W
2026/09/20 08:49:23.787, 1, 0 %, 0 %, 35270 MiB, 39.07 W
2026/09/20 08:49:23.788, 2, 0 %, 0 %, 35270 MiB, 37.80 W
2026/09/20 08:49:28.788, 0, 0 %, 0 %, 35270 MiB, 39.56 W
2026/09/20 08:49:28.789, 1, 0 %, 0 %, 35270 MiB, 39.15 W
2026/09/20 08:49:28.789, 2, 0 %, 0 %, 35270 MiB, 37.67 W
2026/09/20 08:49:33.789, 0, 0 %, 0 %, 35270 MiB, 39.61 W
2026/09/20 08:49:33.790, 1, 0 %, 0 %, 35270 MiB, 39.17 W
2026/09/20 08:49:33.790, 2, 0 %, 0 %, 35270 MiB, 37.70 W
2026/09/20 08:49:38.790, 0, 0 %, 0 %, 35270 MiB, 39.71 W
2026/09/20 08:49:38.791, 1, 0 %, 0 %, 35270 MiB, 39.07 W
2026/09/20 08:49:38.791, 2, 0 %, 0 %, 35270 MiB, 37.90 W
2026/09/20 08:49:43.792, 0, 0 %, 0 %, 35270 MiB, 39.58 W
2026/09/20 08:49:43.792, 1, 0 %, 0 %, 35270 MiB, 39.15 W
2026/09/20 08:49:43.793, 2, 0 %, 0 %, 35270 MiB, 37.77 W
2026/09/20 08:49:48.793, 0, 0 %, 0 %, 35270 MiB, 39.68 W
2026/09/20 08:49:48.794, 1, 0 %, 0 %, 35270 MiB, 38.95 W
2026/09/20 08:49:48.794, 2, 0 %, 0 %, 35270 MiB, 37.67 W
2026/09/20 08:49:53.794, 0, 0 %, 0 %, 35270 MiB, 39.78 W
2026/09/20 08:49:53.795, 1, 0 %, 0 %, 35270 MiB, 38.97 W
2026/09/20 08:49:53.795, 2, 0 %, 0 %, 35270 MiB, 37.80 W
2026/09/20 08:49:58.795, 0, 0 %, 0 %, 35270 MiB, 39.77 W
2026/09/20 08:49:58.796, 1, 0 %, 0 %, 35270 MiB, 38.95 W
2026/09/20 08:49:58.796, 2, 0 %, 0 %, 35270 MiB, 38.07 W
2026/09/20 08:50:03.797, 0, 0 %, 0 %, 35270 MiB, 39.57 W
2026/09/20 08:50:03.797, 1, 0 %, 0 %, 35270 MiB, 39.15 W
2026/09/20 08:50:03.798, 2, 0 %, 0 %, 35270 MiB, 37.97 W
2026/09/20 08:50:08.799, 0, 0 %, 0 %, 35270 MiB, 39.57 W
2026/09/20 08:50:08.799, 1, 0 %, 0 %, 35270 MiB, 38.95 W
2026/09/20 08:50:08.800, 2, 0 %, 0 %, 35270 MiB, 37.87 W
2026/09/20 08:50:13.801, 0, 0 %, 0 %, 35270 MiB, 39.67 W
2026/09/20 08:50:13.802, 1, 0 %, 0 %, 35270 MiB, 38.94 W
2026/09/20 08:50:13.802, 2, 0 %, 0 %, 35270 MiB, 37.56 W
2026/09/20 08:50:18.802, 0, 0 %, 0 %, 35270 MiB, 39.61 W
2026/09/20 08:50:18.802, 1, 0 %, 0 %, 35270 MiB, 39.05 W
2026/09/20 08:50:18.802, 2, 0 %, 0 %, 35270 MiB, 37.70 W
2026/09/20 08:50:23.803, 0, 0 %, 0 %, 35270 MiB, 39.57 W
2026/09/20 08:50:23.804, 1, 0 %, 0 %, 35270 MiB, 39.05 W
2026/09/20 08:50:23.804, 2, 0 %, 0 %, 35270 MiB, 37.67 W
2026/09/20 08:50:28.805, 0, 0 %, 0 %, 35270 MiB, 39.54 W
2026/09/20 08:50:28.806, 1, 0 %, 0 %, 35270 MiB, 39.11 W
2026/09/20 08:50:28.806, 2, 0 %, 0 %, 35270 MiB, 37.85 W
2026/09/20 08:50:33.807, 0, 0 %, 0 %, 35270 MiB, 39.65 W
2026/09/20 08:50:33.808, 1, 0 %, 0 %, 35270 MiB, 39.02 W
2026/09/20 08:50:33.808, 2, 0 %, 0 %, 35270 MiB, 37.75 W
2026/09/20 08:50:38.809, 0, 0 %, 0 %, 35270 MiB, 39.53 W
2026/09/20 08:50:38.810, 1, 0 %, 0 %, 35270 MiB, 39.12 W
2026/09/20 08:50:38.810, 2, 0 %, 0 %, 35270 MiB, 37.74 W
2026/09/20 08:50:43.811, 0, 0 %, 0 %, 35270 MiB, 39.45 W
2026/09/20 08:50:43.812, 1, 0 %, 0 %, 35270 MiB, 38.92 W
2026/09/20 08:50:43.812, 2, 0 %, 0 %, 35270 MiB, 37.53 W
2026/09/20 08:50:48.813, 0, 0 %, 0 %, 35270 MiB, 39.35 W
2026/09/20 08:50:48.813, 1, 0 %, 0 %, 35270 MiB, 38.73 W
2026/09/20 08:50:48.814, 2, 0 %, 0 %, 35270 MiB, 37.54 W
2026/09/20 08:50:53.822, 0, 0 %, 0 %, 35270 MiB, 39.45 W
2026/09/20 08:50:53.823, 1, 0 %, 0 %, 35270 MiB, 38.73 W
2026/09/20 08:50:53.823, 2, 0 %, 0 %, 35270 MiB, 37.75 W
2026/09/20 08:50:58.824, 0, 0 %, 0 %, 35270 MiB, 39.46 W
2026/09/20 08:50:58.824, 1, 0 %, 0 %, 35270 MiB, 38.73 W
2026/09/20 08:50:58.825, 2, 0 %, 0 %, 35270 MiB, 37.55 W
2026/09/20 08:51:03.827, 0, 0 %, 0 %, 35270 MiB, 39.45 W
2026/09/20 08:51:03.827, 1, 0 %, 0 %, 35270 MiB, 38.73 W
2026/09/20 08:51:03.827, 2, 0 %, 0 %, 35270 MiB, 37.75 W
2026/09/20 08:51:08.828, 0, 0 %, 0 %, 35270 MiB, 39.25 W
2026/09/20 08:51:08.829, 1, 0 %, 0 %, 35270 MiB, 38.73 W
2026/09/20 08:51:08.829, 2, 0 %, 0 %, 35270 MiB, 37.65 W
2026/09/20 08:51:13.830, 0, 0 %, 0 %, 35270 MiB, 39.35 W
2026/09/20 08:51:13.831, 1, 0 %, 0 %, 35270 MiB, 39.31 W
2026/09/20 08:51:13.831, 2, 0 %, 0 %, 35270 MiB, 37.94 W
2026/09/20 08:51:18.832, 0, 0 %, 0 %, 35270 MiB, 39.35 W
2026/09/20 08:51:18.833, 1, 0 %, 0 %, 35270 MiB, 38.73 W
2026/09/20 08:51:18.833, 2, 0 %, 0 %, 35270 MiB, 37.65 W
2026/09/20 08:51:23.834, 0, 0 %, 0 %, 35270 MiB, 38.97 W
2026/09/20 08:51:23.835, 1, 0 %, 0 %, 35270 MiB, 38.75 W
2026/09/20 08:51:23.835, 2, 0 %, 0 %, 35270 MiB, 37.56 W
2026/09/20 08:51:28.836, 0, 0 %, 0 %, 35270 MiB, 39.54 W
2026/09/20 08:51:28.836, 1, 0 %, 0 %, 35270 MiB, 38.73 W
2026/09/20 08:51:28.837, 2, 0 %, 0 %, 35270 MiB, 37.35 W
2026/09/20 08:51:33.838, 0, 0 %, 0 %, 35270 MiB, 39.36 W
2026/09/20 08:51:33.838, 1, 0 %, 0 %, 35270 MiB, 38.93 W
2026/09/20 08:51:33.838, 2, 0 %, 0 %, 35270 MiB, 37.44 W
2026/09/20 08:51:38.839, 0, 0 %, 0 %, 35270 MiB, 39.31 W
2026/09/20 08:51:38.840, 1, 0 %, 0 %, 35270 MiB, 38.78 W
2026/09/20 08:51:38.840, 2, 0 %, 0 %, 35270 MiB, 37.39 W
2026/09/20 08:51:43.840, 0, 0 %, 0 %, 35270 MiB, 39.26 W
2026/09/20 08:51:43.841, 1, 0 %, 0 %, 35270 MiB, 38.75 W
2026/09/20 08:51:43.841, 2, 0 %, 0 %, 35270 MiB, 37.36 W
2026/09/20 08:51:48.842, 0, 0 %, 0 %, 35270 MiB, 39.36 W
2026/09/20 08:51:48.842, 1, 0 %, 0 %, 35270 MiB, 39.02 W
2026/09/20 08:51:48.843, 2, 0 %, 0 %, 35270 MiB, 37.33 W
2026/09/20 08:51:53.843, 0, 0 %, 0 %, 35270 MiB, 39.36 W
2026/09/20 08:51:53.844, 1, 0 %, 0 %, 35270 MiB, 38.55 W
2026/09/20 08:51:53.844, 2, 0 %, 0 %, 35270 MiB, 37.46 W
2026/09/20 08:51:58.845, 0, 0 %, 0 %, 35270 MiB, 39.28 W
2026/09/20 08:51:58.845, 1, 0 %, 0 %, 35270 MiB, 38.56 W
2026/09/20 08:51:58.846, 2, 0 %, 0 %, 35270 MiB, 37.46 W
2026/09/20 08:52:03.847, 0, 0 %, 0 %, 35270 MiB, 39.37 W
2026/09/20 08:52:03.848, 1, 0 %, 0 %, 35270 MiB, 38.65 W
2026/09/20 08:52:03.848, 2, 0 %, 0 %, 35270 MiB, 37.46 W
2026/09/20 08:52:08.849, 0, 0 %, 0 %, 35270 MiB, 39.07 W
2026/09/20 08:52:08.849, 1, 0 %, 0 %, 35270 MiB, 38.75 W
2026/09/20 08:52:08.849, 2, 0 %, 0 %, 35270 MiB, 37.56 W
2026/09/20 08:52:13.850, 0, 0 %, 0 %, 35270 MiB, 39.18 W
2026/09/20 08:52:13.850, 1, 0 %, 0 %, 35270 MiB, 38.65 W
2026/09/20 08:52:13.851, 2, 0 %, 0 %, 35270 MiB, 37.58 W
2026/09/20 08:52:18.851, 0, 0 %, 0 %, 35270 MiB, 39.18 W
2026/09/20 08:52:18.852, 1, 0 %, 0 %, 35270 MiB, 38.65 W
2026/09/20 08:52:18.852, 2, 0 %, 0 %, 35270 MiB, 37.58 W
2026/09/20 08:52:23.852, 0, 0 %, 0 %, 35270 MiB, 39.49 W
2026/09/20 08:52:23.853, 1, 0 %, 0 %, 35270 MiB, 38.75 W
2026/09/20 08:52:23.853, 2, 0 %, 0 %, 35270 MiB, 37.56 W
2026/09/20 08:52:28.853, 0, 0 %, 0 %, 35270 MiB, 39.31 W
2026/09/20 08:52:28.854, 1, 0 %, 0 %, 35270 MiB, 38.78 W
2026/09/20 08:52:28.854, 2, 0 %, 0 %, 35270 MiB, 37.38 W
2026/09/20 08:52:33.855, 0, 0 %, 0 %, 35270 MiB, 38.99 W
2026/09/20 08:52:33.855, 1, 0 %, 0 %, 35270 MiB, 38.75 W
2026/09/20 08:52:33.856, 2, 0 %, 0 %, 35270 MiB, 37.47 W
2026/09/20 08:52:38.857, 0, 0 %, 0 %, 35270 MiB, 39.31 W
2026/09/20 08:52:38.857, 1, 0 %, 0 %, 35270 MiB, 38.78 W
2026/09/20 08:52:38.857, 2, 0 %, 0 %, 35270 MiB, 37.49 W
2026/09/20 08:52:43.858, 0, 0 %, 0 %, 35270 MiB, 39.01 W
2026/09/20 08:52:43.859, 1, 0 %, 0 %, 35270 MiB, 38.97 W
2026/09/20 08:52:43.859, 2, 0 %, 0 %, 35270 MiB, 37.49 W
2026/09/20 08:52:48.859, 0, 0 %, 0 %, 35270 MiB, 39.01 W
2026/09/20 08:52:48.860, 1, 0 %, 0 %, 35270 MiB, 38.88 W
2026/09/20 08:52:48.860, 2, 0 %, 0 %, 35270 MiB, 37.69 W
2026/09/20 08:52:53.861, 0, 0 %, 0 %, 35270 MiB, 39.39 W
2026/09/20 08:52:53.861, 1, 0 %, 0 %, 35270 MiB, 38.87 W
2026/09/20 08:52:53.861, 2, 0 %, 0 %, 35270 MiB, 37.58 W
2026/09/20 08:52:58.861, 0, 0 %, 0 %, 35270 MiB, 39.57 W
2026/09/20 08:52:58.862, 1, 0 %, 0 %, 35270 MiB, 38.96 W
2026/09/20 08:52:58.862, 2, 0 %, 0 %, 35270 MiB, 37.58 W
2026/09/20 08:53:03.862, 0, 0 %, 0 %, 35270 MiB, 39.47 W
2026/09/20 08:53:03.863, 1, 0 %, 0 %, 35270 MiB, 38.75 W
2026/09/20 08:53:03.863, 2, 0 %, 0 %, 35270 MiB, 37.46 W
2026/09/20 08:53:08.870, 0, 0 %, 0 %, 35270 MiB, 39.47 W
2026/09/20 08:53:08.871, 1, 0 %, 0 %, 35270 MiB, 38.75 W
2026/09/20 08:53:08.871, 2, 0 %, 0 %, 35270 MiB, 37.77 W
2026/09/20 08:53:13.871, 0, 0 %, 0 %, 35270 MiB, 39.38 W
2026/09/20 08:53:13.871, 1, 0 %, 0 %, 35270 MiB, 38.75 W
2026/09/20 08:53:13.872, 2, 0 %, 0 %, 35270 MiB, 37.55 W
2026/09/20 08:53:18.872, 0, 0 %, 0 %, 35270 MiB, 39.47 W
2026/09/20 08:53:18.873, 1, 0 %, 0 %, 35270 MiB, 38.93 W
2026/09/20 08:53:18.873, 2, 0 %, 0 %, 35270 MiB, 37.46 W
2026/09/20 08:53:23.874, 0, 0 %, 0 %, 35270 MiB, 39.29 W
2026/09/20 08:53:23.874, 1, 0 %, 0 %, 35270 MiB, 38.75 W
2026/09/20 08:53:23.874, 2, 0 %, 0 %, 35270 MiB, 37.58 W
2026/09/20 08:53:28.875, 0, 0 %, 0 %, 35270 MiB, 39.21 W
2026/09/20 08:53:28.875, 1, 0 %, 0 %, 35270 MiB, 38.68 W
2026/09/20 08:53:28.876, 2, 0 %, 0 %, 35270 MiB, 37.70 W
2026/09/20 08:53:33.876, 0, 0 %, 0 %, 35270 MiB, 39.21 W
2026/09/20 08:53:33.877, 1, 0 %, 0 %, 35270 MiB, 38.68 W
2026/09/20 08:53:33.877, 2, 0 %, 0 %, 35270 MiB, 37.59 W
2026/09/20 08:53:38.878, 0, 0 %, 0 %, 35270 MiB, 39.26 W
2026/09/20 08:53:38.878, 1, 0 %, 0 %, 35270 MiB, 38.73 W
2026/09/20 08:53:38.878, 2, 0 %, 0 %, 35270 MiB, 37.44 W
2026/09/20 08:53:43.880, 0, 0 %, 0 %, 35270 MiB, 39.17 W
2026/09/20 08:53:43.881, 1, 0 %, 0 %, 35270 MiB, 38.63 W
2026/09/20 08:53:43.881, 2, 0 %, 0 %, 35270 MiB, 37.34 W
2026/09/20 08:53:48.881, 0, 0 %, 0 %, 35270 MiB, 39.17 W
2026/09/20 08:53:48.882, 1, 0 %, 0 %, 35270 MiB, 38.65 W
2026/09/20 08:53:48.882, 2, 0 %, 0 %, 35270 MiB, 37.36 W
2026/09/20 08:53:53.882, 0, 0 %, 0 %, 35270 MiB, 39.26 W
2026/09/20 08:53:53.883, 1, 0 %, 0 %, 35270 MiB, 38.84 W
2026/09/20 08:53:53.883, 2, 0 %, 0 %, 35270 MiB, 37.26 W
2026/09/20 08:53:58.884, 0, 0 %, 0 %, 35270 MiB, 39.17 W
2026/09/20 08:53:58.884, 1, 0 %, 0 %, 35270 MiB, 38.53 W
2026/09/20 08:53:58.885, 2, 0 %, 0 %, 35270 MiB, 37.24 W
2026/09/20 08:54:03.885, 0, 0 %, 0 %, 35270 MiB, 39.07 W
2026/09/20 08:54:03.886, 1, 0 %, 0 %, 35270 MiB, 38.64 W
2026/09/20 08:54:03.886, 2, 0 %, 0 %, 35270 MiB, 37.25 W
2026/09/20 08:54:08.887, 0, 0 %, 0 %, 35270 MiB, 39.08 W
2026/09/20 08:54:08.888, 1, 0 %, 0 %, 35270 MiB, 38.36 W
2026/09/20 08:54:08.888, 2, 0 %, 0 %, 35270 MiB, 37.25 W
2026/09/20 08:54:13.889, 0, 0 %, 0 %, 35270 MiB, 39.25 W
2026/09/20 08:54:13.889, 1, 0 %, 0 %, 35270 MiB, 38.53 W
2026/09/20 08:54:13.890, 2, 0 %, 0 %, 35270 MiB, 37.23 W
2026/09/20 08:54:18.891, 0, 0 %, 0 %, 35270 MiB, 39.18 W
2026/09/20 08:54:18.891, 1, 0 %, 0 %, 35270 MiB, 38.46 W
2026/09/20 08:54:18.892, 2, 0 %, 0 %, 35270 MiB, 37.25 W
2026/09/20 08:54:23.892, 0, 0 %, 0 %, 35270 MiB, 39.16 W
2026/09/20 08:54:23.893, 1, 0 %, 0 %, 35270 MiB, 38.53 W
2026/09/20 08:54:23.893, 2, 0 %, 0 %, 35270 MiB, 37.55 W
2026/09/20 08:54:28.894, 0, 0 %, 0 %, 35270 MiB, 39.07 W
2026/09/20 08:54:28.895, 1, 0 %, 0 %, 35270 MiB, 38.75 W
2026/09/20 08:54:28.895, 2, 0 %, 0 %, 35270 MiB, 37.35 W
2026/09/20 08:54:33.896, 0, 0 %, 0 %, 35270 MiB, 39.07 W
2026/09/20 08:54:33.896, 1, 0 %, 0 %, 35270 MiB, 38.54 W
2026/09/20 08:54:33.897, 2, 0 %, 0 %, 35270 MiB, 37.37 W
2026/09/20 08:54:38.898, 0, 0 %, 0 %, 35270 MiB, 39.07 W
2026/09/20 08:54:38.898, 1, 0 %, 0 %, 35270 MiB, 38.55 W
2026/09/20 08:54:38.899, 2, 0 %, 0 %, 35270 MiB, 37.37 W
2026/09/20 08:54:43.900, 0, 0 %, 0 %, 35270 MiB, 39.06 W
2026/09/20 08:54:43.900, 1, 0 %, 0 %, 35270 MiB, 38.63 W
2026/09/20 08:54:43.901, 2, 0 %, 0 %, 35270 MiB, 37.24 W
2026/09/20 08:54:48.902, 0, 0 %, 0 %, 35270 MiB, 39.21 W
2026/09/20 08:54:48.902, 1, 0 %, 0 %, 35270 MiB, 38.68 W
2026/09/20 08:54:48.903, 2, 0 %, 0 %, 35270 MiB, 37.28 W
2026/09/20 08:54:53.903, 0, 0 %, 0 %, 35270 MiB, 39.10 W
2026/09/20 08:54:53.903, 1, 0 %, 0 %, 35270 MiB, 38.58 W
2026/09/20 08:54:53.904, 2, 0 %, 0 %, 35270 MiB, 37.27 W
2026/09/20 08:54:58.904, 0, 0 %, 0 %, 35270 MiB, 39.12 W
2026/09/20 08:54:58.905, 1, 0 %, 0 %, 35270 MiB, 38.69 W
2026/09/20 08:54:58.905, 2, 0 %, 0 %, 35270 MiB, 37.28 W
2026/09/20 08:55:03.906, 0, 0 %, 0 %, 35270 MiB, 39.19 W
2026/09/20 08:55:03.906, 1, 0 %, 0 %, 35270 MiB, 38.85 W
2026/09/20 08:55:03.907, 2, 0 %, 0 %, 35270 MiB, 37.37 W
2026/09/20 08:55:08.908, 0, 0 %, 0 %, 35270 MiB, 39.21 W
2026/09/20 08:55:08.908, 1, 0 %, 0 %, 35270 MiB, 38.78 W
2026/09/20 08:55:08.909, 2, 0 %, 0 %, 35270 MiB, 37.28 W
2026/09/20 08:55:13.918, 0, 17 %, 1 %, 35270 MiB, 44.71 W
2026/09/20 08:55:13.918, 1, 0 %, 0 %, 35270 MiB, 38.73 W
2026/09/20 08:55:13.919, 2, 0 %, 0 %, 35270 MiB, 37.24 W
2026/09/20 08:55:18.920, 0, 0 %, 0 %, 35270 MiB, 39.26 W
2026/09/20 08:55:18.921, 1, 0 %, 0 %, 35270 MiB, 38.45 W
2026/09/20 08:55:18.921, 2, 0 %, 0 %, 35270 MiB, 37.57 W
2026/09/20 08:55:23.922, 0, 11 %, 0 %, 35270 MiB, 50.45 W
2026/09/20 08:55:23.922, 1, 0 %, 0 %, 35270 MiB, 38.65 W
2026/09/20 08:55:23.923, 2, 0 %, 0 %, 35270 MiB, 37.37 W
2026/09/20 08:55:28.924, 0, 24 %, 1 %, 35270 MiB, 39.36 W
2026/09/20 08:55:28.924, 1, 0 %, 0 %, 35270 MiB, 38.46 W
2026/09/20 08:55:28.925, 2, 0 %, 0 %, 35270 MiB, 37.36 W
2026/09/20 08:55:33.925, 0, 0 %, 0 %, 35270 MiB, 39.25 W
2026/09/20 08:55:33.925, 1, 0 %, 0 %, 35270 MiB, 38.56 W
2026/09/20 08:55:33.926, 2, 0 %, 0 %, 35270 MiB, 37.37 W
2026/09/20 08:55:38.927, 0, 0 %, 0 %, 35270 MiB, 39.07 W
2026/09/20 08:55:38.927, 1, 0 %, 0 %, 35270 MiB, 38.45 W
2026/09/20 08:55:38.927, 2, 0 %, 0 %, 35270 MiB, 37.56 W
2026/09/20 08:55:43.929, 0, 0 %, 0 %, 35270 MiB, 39.17 W
2026/09/20 08:55:43.929, 1, 0 %, 0 %, 35270 MiB, 38.64 W
2026/09/20 08:55:43.929, 2, 0 %, 0 %, 35270 MiB, 37.35 W
2026/09/20 08:55:48.931, 0, 0 %, 0 %, 35270 MiB, 39.16 W
2026/09/20 08:55:48.931, 1, 0 %, 0 %, 35270 MiB, 38.54 W
2026/09/20 08:55:48.931, 2, 0 %, 0 %, 35270 MiB, 37.14 W
2026/09/20 08:55:53.933, 0, 0 %, 0 %, 35270 MiB, 39.07 W
2026/09/20 08:55:53.933, 1, 0 %, 0 %, 35270 MiB, 38.63 W
2026/09/20 08:55:53.934, 2, 0 %, 0 %, 35270 MiB, 37.14 W
2026/09/20 08:55:58.935, 0, 0 %, 0 %, 35270 MiB, 39.16 W
2026/09/20 08:55:58.935, 1, 0 %, 0 %, 35270 MiB, 38.63 W
2026/09/20 08:55:58.935, 2, 0 %, 0 %, 35270 MiB, 37.24 W
2026/09/20 08:56:03.937, 0, 0 %, 0 %, 35270 MiB, 39.04 W
2026/09/20 08:56:03.937, 1, 0 %, 0 %, 35270 MiB, 38.43 W
2026/09/20 08:56:03.938, 2, 0 %, 0 %, 35270 MiB, 37.33 W
2026/09/20 08:56:08.939, 0, 0 %, 0 %, 35270 MiB, 39.06 W
2026/09/20 08:56:08.940, 1, 0 %, 0 %, 35270 MiB, 38.53 W
2026/09/20 08:56:08.940, 2, 0 %, 0 %, 35270 MiB, 37.14 W
2026/09/20 08:56:13.941, 0, 0 %, 0 %, 35270 MiB, 38.98 W
2026/09/20 08:56:13.941, 1, 0 %, 0 %, 35270 MiB, 38.75 W
2026/09/20 08:56:13.942, 2, 0 %, 0 %, 35270 MiB, 37.15 W
2026/09/20 08:56:18.943, 0, 0 %, 0 %, 35270 MiB, 39.06 W
2026/09/20 08:56:18.943, 1, 0 %, 0 %, 35270 MiB, 38.53 W
2026/09/20 08:56:18.944, 2, 0 %, 0 %, 35270 MiB, 37.24 W
2026/09/20 08:56:23.945, 0, 0 %, 0 %, 35270 MiB, 39.09 W
2026/09/20 08:56:23.945, 1, 0 %, 0 %, 35270 MiB, 38.38 W
2026/09/20 08:56:23.946, 2, 0 %, 0 %, 35270 MiB, 37.16 W
2026/09/20 08:56:28.947, 0, 0 %, 0 %, 35270 MiB, 39.56 W
2026/09/20 08:56:28.958, 1, 4 %, 0 %, 35270 MiB, 42.28 W
2026/09/20 08:56:28.959, 2, 0 %, 0 %, 35270 MiB, 37.15 W
2026/09/20 08:56:33.972, 0, 0 %, 0 %, 35270 MiB, 39.18 W
2026/09/20 08:56:33.972, 1, 0 %, 0 %, 35270 MiB, 40.23 W
2026/09/20 08:56:33.973, 2, 0 %, 0 %, 35270 MiB, 37.35 W
2026/09/20 08:56:38.974, 0, 0 %, 0 %, 35270 MiB, 38.96 W
2026/09/20 08:56:38.974, 1, 11 %, 0 %, 35270 MiB, 38.53 W
2026/09/20 08:56:38.975, 2, 0 %, 0 %, 35270 MiB, 37.15 W
2026/09/20 08:56:43.976, 0, 0 %, 0 %, 35270 MiB, 38.86 W
2026/09/20 08:56:43.976, 1, 25 %, 1 %, 35270 MiB, 38.44 W
2026/09/20 08:56:43.977, 2, 0 %, 0 %, 35270 MiB, 37.14 W
2026/09/20 08:56:48.978, 0, 0 %, 0 %, 35270 MiB, 38.75 W
2026/09/20 08:56:48.978, 1, 24 %, 1 %, 35270 MiB, 38.63 W
2026/09/20 08:56:48.979, 2, 0 %, 0 %, 35270 MiB, 37.24 W
2026/09/20 08:56:53.979, 0, 0 %, 0 %, 35270 MiB, 38.96 W
2026/09/20 08:56:53.980, 1, 25 %, 1 %, 35270 MiB, 38.53 W
2026/09/20 08:56:53.980, 2, 0 %, 0 %, 35270 MiB, 37.37 W
2026/09/20 08:56:58.981, 0, 0 %, 0 %, 35270 MiB, 38.89 W
2026/09/20 08:56:58.981, 1, 0 %, 0 %, 35270 MiB, 38.46 W
2026/09/20 08:56:58.982, 2, 0 %, 0 %, 35270 MiB, 37.06 W
2026/09/20 08:57:03.983, 0, 0 %, 0 %, 35270 MiB, 38.87 W
2026/09/20 08:57:03.983, 1, 10 %, 0 %, 35270 MiB, 38.35 W
2026/09/20 08:57:03.984, 2, 0 %, 0 %, 35270 MiB, 37.14 W
2026/09/20 08:57:08.985, 0, 0 %, 0 %, 35270 MiB, 38.99 W
2026/09/20 08:57:08.985, 1, 25 %, 1 %, 35270 MiB, 38.44 W
2026/09/20 08:57:08.986, 2, 0 %, 0 %, 35270 MiB, 37.15 W
2026/09/20 08:57:13.987, 0, 0 %, 0 %, 35270 MiB, 38.96 W
2026/09/20 08:57:13.987, 1, 25 %, 1 %, 35270 MiB, 38.53 W
2026/09/20 08:57:13.987, 2, 0 %, 0 %, 35270 MiB, 37.25 W
2026/09/20 08:57:18.988, 0, 0 %, 0 %, 35270 MiB, 38.91 W
2026/09/20 08:57:18.989, 1, 0 %, 0 %, 35270 MiB, 45.20 W
2026/09/20 08:57:18.989, 2, 0 %, 0 %, 35270 MiB, 37.09 W
2026/09/20 08:57:23.990, 0, 0 %, 0 %, 35270 MiB, 38.86 W
2026/09/20 08:57:23.990, 1, 2 %, 0 %, 35270 MiB, 38.54 W
2026/09/20 08:57:23.990, 2, 0 %, 0 %, 35270 MiB, 37.14 W
2026/09/20 08:57:28.992, 0, 0 %, 0 %, 35270 MiB, 38.79 W
2026/09/20 08:57:28.992, 1, 10 %, 0 %, 35270 MiB, 45.58 W
2026/09/20 08:57:28.993, 2, 0 %, 0 %, 35270 MiB, 37.06 W
2026/09/20 08:57:34.002, 0, 0 %, 0 %, 35270 MiB, 38.99 W
2026/09/20 08:57:34.002, 1, 10 %, 0 %, 35270 MiB, 38.27 W
2026/09/20 08:57:34.003, 2, 0 %, 0 %, 35270 MiB, 37.16 W
2026/09/20 08:57:39.004, 0, 0 %, 0 %, 35270 MiB, 38.97 W
2026/09/20 08:57:39.004, 1, 0 %, 0 %, 35270 MiB, 38.35 W
2026/09/20 08:57:39.004, 2, 0 %, 0 %, 35270 MiB, 37.15 W
2026/09/20 08:57:44.006, 0, 0 %, 0 %, 35270 MiB, 38.86 W
2026/09/20 08:57:44.007, 1, 0 %, 0 %, 35270 MiB, 38.23 W
2026/09/20 08:57:44.007, 2, 25 %, 1 %, 35270 MiB, 37.24 W
2026/09/20 08:57:49.008, 0, 0 %, 0 %, 35270 MiB, 39.06 W
2026/09/20 08:57:49.008, 1, 0 %, 0 %, 35270 MiB, 38.23 W
2026/09/20 08:57:49.009, 2, 0 %, 0 %, 35270 MiB, 37.24 W
2026/09/20 08:57:54.010, 0, 0 %, 0 %, 35270 MiB, 38.76 W
2026/09/20 08:57:54.011, 1, 0 %, 0 %, 35270 MiB, 38.24 W
2026/09/20 08:57:54.011, 2, 0 %, 0 %, 35270 MiB, 37.15 W
2026/09/20 08:57:59.012, 0, 0 %, 0 %, 35270 MiB, 38.77 W
2026/09/20 08:57:59.013, 1, 0 %, 0 %, 35270 MiB, 38.27 W
2026/09/20 08:57:59.013, 2, 0 %, 0 %, 35270 MiB, 37.26 W
2026/09/20 08:58:04.013, 0, 0 %, 0 %, 35270 MiB, 38.87 W
2026/09/20 08:58:04.014, 1, 0 %, 0 %, 35270 MiB, 38.44 W
2026/09/20 08:58:04.014, 2, 0 %, 0 %, 35270 MiB, 41.24 W
2026/09/20 08:58:09.021, 0, 0 %, 0 %, 35270 MiB, 38.99 W
2026/09/20 08:58:09.022, 1, 0 %, 0 %, 35270 MiB, 38.24 W
2026/09/20 08:58:09.022, 2, 0 %, 0 %, 35270 MiB, 37.05 W
2026/09/20 08:58:14.030, 0, 0 %, 0 %, 35270 MiB, 38.85 W
2026/09/20 08:58:14.030, 1, 0 %, 0 %, 35270 MiB, 38.44 W
2026/09/20 08:58:14.030, 2, 20 %, 1 %, 35270 MiB, 37.14 W
2026/09/20 08:58:19.032, 0, 0 %, 0 %, 35270 MiB, 38.85 W
2026/09/20 08:58:19.032, 1, 0 %, 0 %, 35270 MiB, 38.34 W
2026/09/20 08:58:19.032, 2, 24 %, 1 %, 35270 MiB, 37.14 W
2026/09/20 08:58:24.034, 0, 0 %, 0 %, 35270 MiB, 38.86 W
2026/09/20 08:58:24.034, 1, 0 %, 0 %, 35270 MiB, 38.34 W
2026/09/20 08:58:24.034, 2, 0 %, 0 %, 35270 MiB, 44.48 W
2026/09/20 08:58:29.036, 0, 0 %, 0 %, 35270 MiB, 38.99 W
2026/09/20 08:58:29.036, 1, 0 %, 0 %, 35270 MiB, 38.46 W
2026/09/20 08:58:29.036, 2, 0 %, 0 %, 35270 MiB, 37.06 W
2026/09/20 08:58:34.038, 0, 0 %, 0 %, 35270 MiB, 38.85 W
2026/09/20 08:58:34.038, 1, 0 %, 0 %, 35270 MiB, 38.32 W
2026/09/20 08:58:34.038, 2, 0 %, 0 %, 35270 MiB, 37.13 W
2026/09/20 08:58:39.040, 0, 0 %, 0 %, 35270 MiB, 38.86 W
2026/09/20 08:58:39.040, 1, 0 %, 0 %, 35270 MiB, 38.13 W
2026/09/20 08:58:39.041, 2, 0 %, 0 %, 35270 MiB, 37.03 W
2026/09/20 08:58:44.042, 0, 0 %, 0 %, 35270 MiB, 38.76 W
2026/09/20 08:58:44.043, 1, 0 %, 0 %, 35270 MiB, 38.14 W
2026/09/20 08:58:44.043, 2, 0 %, 0 %, 35270 MiB, 37.14 W
2026/09/20 08:58:49.043, 0, 0 %, 0 %, 35270 MiB, 38.88 W
2026/09/20 08:58:49.044, 1, 0 %, 0 %, 35270 MiB, 38.25 W
2026/09/20 08:58:49.044, 2, 0 %, 0 %, 35270 MiB, 37.06 W
2026/09/20 08:58:54.044, 0, 0 %, 0 %, 35270 MiB, 38.90 W
2026/09/20 08:58:54.045, 1, 0 %, 0 %, 35270 MiB, 38.18 W
2026/09/20 08:58:54.045, 2, 0 %, 0 %, 35270 MiB, 37.08 W
2026/09/20 08:58:59.046, 0, 0 %, 0 %, 35270 MiB, 38.71 W
2026/09/20 08:58:59.046, 1, 0 %, 0 %, 35270 MiB, 38.08 W
2026/09/20 08:58:59.047, 2, 0 %, 0 %, 35270 MiB, 37.18 W
2026/09/20 08:59:04.048, 0, 0 %, 0 %, 35270 MiB, 38.88 W
2026/09/20 08:59:04.048, 1, 0 %, 0 %, 35270 MiB, 38.36 W
2026/09/20 08:59:04.048, 2, 0 %, 0 %, 35270 MiB, 37.25 W
2026/09/20 08:59:09.050, 0, 0 %, 0 %, 35270 MiB, 38.75 W
2026/09/20 08:59:09.050, 1, 0 %, 0 %, 35270 MiB, 38.23 W
2026/09/20 08:59:09.051, 2, 0 %, 0 %, 35270 MiB, 37.24 W
2026/09/20 08:59:14.052, 0, 0 %, 0 %, 35270 MiB, 38.66 W
2026/09/20 08:59:14.053, 1, 0 %, 0 %, 35270 MiB, 38.23 W
2026/09/20 08:59:14.053, 2, 0 %, 0 %, 35270 MiB, 37.04 W
2026/09/20 08:59:19.053, 0, 0 %, 0 %, 35270 MiB, 38.80 W
2026/09/20 08:59:19.054, 1, 0 %, 0 %, 35270 MiB, 38.27 W
2026/09/20 08:59:19.054, 2, 0 %, 0 %, 35270 MiB, 36.99 W
2026/09/20 08:59:24.054, 0, 0 %, 0 %, 35270 MiB, 38.96 W
2026/09/20 08:59:24.055, 1, 0 %, 0 %, 35270 MiB, 38.44 W
2026/09/20 08:59:24.055, 2, 0 %, 0 %, 35270 MiB, 37.14 W
2026/09/20 08:59:29.056, 0, 0 %, 0 %, 35270 MiB, 38.87 W
2026/09/20 08:59:29.056, 1, 0 %, 0 %, 35270 MiB, 38.34 W
2026/09/20 08:59:29.056, 2, 0 %, 0 %, 35270 MiB, 37.15 W
2026/09/20 08:59:34.056, 0, 0 %, 0 %, 35270 MiB, 38.91 W
2026/09/20 08:59:34.057, 1, 0 %, 0 %, 35270 MiB, 38.46 W
2026/09/20 08:59:34.057, 2, 0 %, 0 %, 35270 MiB, 37.16 W
2026/09/20 08:59:39.057, 0, 0 %, 0 %, 35270 MiB, 38.91 W
2026/09/20 08:59:39.058, 1, 0 %, 0 %, 35270 MiB, 38.33 W
2026/09/20 08:59:39.058, 2, 0 %, 0 %, 35270 MiB, 37.28 W
2026/09/20 08:59:44.058, 0, 0 %, 0 %, 35270 MiB, 38.91 W
2026/09/20 08:59:44.059, 1, 0 %, 0 %, 35270 MiB, 38.39 W
2026/09/20 08:59:44.059, 2, 0 %, 0 %, 35270 MiB, 37.18 W
2026/09/20 08:59:49.059, 0, 0 %, 0 %, 35270 MiB, 38.89 W
2026/09/20 08:59:49.059, 1, 0 %, 0 %, 35270 MiB, 38.08 W
2026/09/20 08:59:49.060, 2, 0 %, 0 %, 35270 MiB, 37.08 W
2026/09/20 08:59:54.061, 0, 0 %, 0 %, 35270 MiB, 38.86 W
2026/09/20 08:59:54.061, 1, 0 %, 0 %, 35270 MiB, 38.33 W
2026/09/20 08:59:54.062, 2, 0 %, 0 %, 35270 MiB, 37.65 W
2026/09/20 08:59:59.063, 0, 0 %, 0 %, 35270 MiB, 38.96 W
2026/09/20 08:59:59.063, 1, 0 %, 0 %, 35270 MiB, 38.44 W
2026/09/20 08:59:59.064, 2, 0 %, 0 %, 35270 MiB, 37.24 W
2026/09/20 09:00:04.065, 0, 0 %, 0 %, 35270 MiB, 38.76 W
2026/09/20 09:00:04.066, 1, 0 %, 0 %, 35270 MiB, 38.33 W
2026/09/20 09:00:04.066, 2, 0 %, 0 %, 35270 MiB, 37.24 W
2026/09/20 09:00:09.066, 0, 0 %, 0 %, 35270 MiB, 38.71 W
2026/09/20 09:00:09.067, 1, 0 %, 0 %, 35270 MiB, 38.28 W
2026/09/20 09:00:09.067, 2, 0 %, 0 %, 35270 MiB, 37.28 W
2026/09/20 09:00:14.068, 0, 0 %, 0 %, 35270 MiB, 38.76 W
2026/09/20 09:00:14.068, 1, 0 %, 0 %, 35270 MiB, 38.34 W
2026/09/20 09:00:14.068, 2, 0 %, 0 %, 35270 MiB, 37.24 W
2026/09/20 09:00:19.070, 0, 0 %, 0 %, 35270 MiB, 38.99 W
2026/09/20 09:00:19.070, 1, 0 %, 0 %, 35270 MiB, 38.37 W
2026/09/20 09:00:19.071, 2, 0 %, 0 %, 35270 MiB, 37.17 W
2026/09/20 09:00:24.072, 0, 0 %, 0 %, 35270 MiB, 38.76 W
2026/09/20 09:00:24.072, 1, 0 %, 0 %, 35270 MiB, 38.23 W
2026/09/20 09:00:24.073, 2, 0 %, 0 %, 35270 MiB, 37.04 W
2026/09/20 09:00:29.073, 0, 0 %, 0 %, 35270 MiB, 38.76 W
2026/09/20 09:00:29.074, 1, 0 %, 0 %, 35270 MiB, 38.15 W
2026/09/20 09:00:29.074, 2, 0 %, 0 %, 35270 MiB, 36.96 W
2026/09/20 09:00:34.075, 0, 0 %, 0 %, 35270 MiB, 38.74 W
2026/09/20 09:00:34.075, 1, 0 %, 0 %, 35270 MiB, 38.21 W
2026/09/20 09:00:34.076, 2, 0 %, 0 %, 35270 MiB, 37.03 W
2026/09/20 09:00:39.077, 0, 0 %, 0 %, 35270 MiB, 38.86 W
2026/09/20 09:00:39.077, 1, 0 %, 0 %, 35270 MiB, 38.35 W
2026/09/20 09:00:39.078, 2, 0 %, 0 %, 35270 MiB, 37.04 W
2026/09/20 09:00:44.079, 0, 0 %, 0 %, 35270 MiB, 38.76 W
2026/09/20 09:00:44.080, 1, 0 %, 0 %, 35270 MiB, 38.24 W
2026/09/20 09:00:44.080, 2, 0 %, 0 %, 35270 MiB, 37.06 W
2026/09/20 09:00:49.081, 0, 0 %, 0 %, 35270 MiB, 38.80 W
2026/09/20 09:00:49.081, 1, 0 %, 0 %, 35270 MiB, 38.28 W
2026/09/20 09:00:49.082, 2, 0 %, 0 %, 35270 MiB, 37.07 W
2026/09/20 09:00:54.089, 0, 0 %, 0 %, 35270 MiB, 38.85 W
2026/09/20 09:00:54.090, 1, 0 %, 0 %, 35270 MiB, 38.22 W
2026/09/20 09:00:54.090, 2, 0 %, 0 %, 35270 MiB, 37.34 W
2026/09/20 09:00:59.091, 0, 0 %, 0 %, 35270 MiB, 38.94 W
2026/09/20 09:00:59.091, 1, 0 %, 0 %, 35270 MiB, 38.12 W
2026/09/20 09:00:59.091, 2, 0 %, 0 %, 35270 MiB, 37.03 W
2026/09/20 09:01:04.093, 0, 0 %, 0 %, 35270 MiB, 38.83 W
2026/09/20 09:01:04.093, 1, 0 %, 0 %, 35270 MiB, 38.03 W
2026/09/20 09:01:04.093, 2, 0 %, 0 %, 35270 MiB, 37.13 W
2026/09/20 09:01:09.095, 0, 0 %, 0 %, 35270 MiB, 38.86 W
2026/09/20 09:01:09.095, 1, 0 %, 0 %, 35270 MiB, 38.03 W
2026/09/20 09:01:09.095, 2, 0 %, 0 %, 35270 MiB, 37.14 W
2026/09/20 09:01:14.096, 0, 0 %, 0 %, 35270 MiB, 38.76 W
2026/09/20 09:01:14.097, 1, 0 %, 0 %, 35270 MiB, 38.05 W
2026/09/20 09:01:14.097, 2, 0 %, 0 %, 35270 MiB, 37.25 W
2026/09/20 09:01:19.097, 0, 0 %, 0 %, 35270 MiB, 38.76 W
2026/09/20 09:01:19.098, 1, 0 %, 0 %, 35270 MiB, 38.03 W
2026/09/20 09:01:19.098, 2, 0 %, 0 %, 35270 MiB, 37.24 W
2026/09/20 09:01:24.098, 0, 0 %, 0 %, 35270 MiB, 38.79 W
2026/09/20 09:01:24.099, 1, 0 %, 0 %, 35270 MiB, 38.06 W
2026/09/20 09:01:24.099, 2, 0 %, 0 %, 35270 MiB, 37.06 W
2026/09/20 09:01:29.100, 0, 0 %, 0 %, 35270 MiB, 38.75 W
2026/09/20 09:01:29.100, 1, 0 %, 0 %, 35270 MiB, 38.35 W
2026/09/20 09:01:29.101, 2, 0 %, 0 %, 35270 MiB, 36.94 W
2026/09/20 09:01:34.102, 0, 0 %, 0 %, 35270 MiB, 38.90 W
2026/09/20 09:01:34.102, 1, 0 %, 0 %, 35270 MiB, 38.15 W
2026/09/20 09:01:34.103, 2, 0 %, 0 %, 35270 MiB, 37.06 W
2026/09/20 09:01:39.104, 0, 0 %, 0 %, 35270 MiB, 38.75 W
2026/09/20 09:01:39.104, 1, 0 %, 0 %, 35270 MiB, 38.23 W
2026/09/20 09:01:39.105, 2, 0 %, 0 %, 35270 MiB, 37.04 W
2026/09/20 09:01:44.106, 0, 0 %, 0 %, 35270 MiB, 38.65 W
2026/09/20 09:01:44.106, 1, 0 %, 0 %, 35270 MiB, 38.23 W
2026/09/20 09:01:44.106, 2, 0 %, 0 %, 35270 MiB, 37.13 W
2026/09/20 09:01:49.106, 0, 0 %, 0 %, 35270 MiB, 38.80 W
2026/09/20 09:01:49.107, 1, 0 %, 0 %, 35270 MiB, 38.38 W
2026/09/20 09:01:49.107, 2, 0 %, 0 %, 35270 MiB, 37.09 W
2026/09/20 09:01:54.107, 0, 0 %, 0 %, 35270 MiB, 38.78 W
2026/09/20 09:01:54.108, 1, 0 %, 0 %, 35270 MiB, 38.25 W
2026/09/20 09:01:54.108, 2, 0 %, 0 %, 35270 MiB, 37.16 W
2026/09/20 09:01:59.109, 0, 0 %, 0 %, 35270 MiB, 38.76 W
2026/09/20 09:01:59.109, 1, 0 %, 0 %, 35270 MiB, 38.14 W
2026/09/20 09:01:59.109, 2, 0 %, 0 %, 35270 MiB, 37.14 W
2026/09/20 09:02:04.111, 0, 0 %, 0 %, 35270 MiB, 43.52 W
2026/09/20 09:02:04.112, 1, 0 %, 0 %, 35270 MiB, 38.05 W
2026/09/20 09:02:04.112, 2, 0 %, 0 %, 35270 MiB, 37.15 W
2026/09/20 09:02:09.113, 0, 0 %, 0 %, 35270 MiB, 39.05 W
2026/09/20 09:02:09.114, 1, 0 %, 0 %, 35270 MiB, 38.13 W
2026/09/20 09:02:09.114, 2, 0 %, 0 %, 35270 MiB, 37.44 W
2026/09/20 09:02:14.114, 0, 0 %, 0 %, 35270 MiB, 38.97 W
2026/09/20 09:02:14.115, 1, 0 %, 0 %, 35270 MiB, 38.05 W
2026/09/20 09:02:14.115, 2, 0 %, 0 %, 35270 MiB, 37.26 W
2026/09/20 09:02:19.115, 0, 0 %, 0 %, 35270 MiB, 38.79 W
2026/09/20 09:02:19.116, 1, 0 %, 0 %, 35270 MiB, 38.15 W
2026/09/20 09:02:19.116, 2, 0 %, 0 %, 35270 MiB, 37.26 W
2026/09/20 09:02:24.117, 0, 0 %, 0 %, 35270 MiB, 38.79 W
2026/09/20 09:02:24.117, 1, 0 %, 0 %, 35270 MiB, 38.18 W
2026/09/20 09:02:24.118, 2, 0 %, 0 %, 35270 MiB, 37.28 W
2026/09/20 09:02:29.118, 0, 0 %, 0 %, 35270 MiB, 38.88 W
2026/09/20 09:02:29.119, 1, 0 %, 0 %, 35270 MiB, 38.25 W
2026/09/20 09:02:29.119, 2, 0 %, 0 %, 35270 MiB, 37.36 W
2026/09/20 09:02:34.124, 0, 0 %, 0 %, 35270 MiB, 39.28 W
2026/09/20 09:02:34.124, 1, 0 %, 0 %, 35270 MiB, 38.15 W
2026/09/20 09:02:34.125, 2, 0 %, 0 %, 35270 MiB, 37.15 W
2026/09/20 09:02:39.126, 0, 0 %, 0 %, 35270 MiB, 39.55 W
2026/09/20 09:02:39.126, 1, 0 %, 0 %, 35270 MiB, 38.14 W
2026/09/20 09:02:39.126, 2, 0 %, 0 %, 35270 MiB, 37.04 W
2026/09/20 09:02:44.127, 0, 0 %, 0 %, 35270 MiB, 38.76 W
2026/09/20 09:02:44.127, 1, 0 %, 0 %, 35270 MiB, 38.23 W
2026/09/20 09:02:44.128, 2, 0 %, 0 %, 35270 MiB, 37.14 W
2026/09/20 09:02:49.129, 0, 0 %, 0 %, 35270 MiB, 39.04 W
2026/09/20 09:02:49.130, 1, 0 %, 0 %, 35270 MiB, 38.22 W
2026/09/20 09:02:49.130, 2, 0 %, 0 %, 35270 MiB, 37.13 W
2026/09/20 09:02:54.131, 0, 0 %, 0 %, 35270 MiB, 49.16 W
2026/09/20 09:02:54.131, 1, 0 %, 0 %, 35270 MiB, 38.36 W
2026/09/20 09:02:54.131, 2, 0 %, 0 %, 35270 MiB, 37.16 W
2026/09/20 09:02:59.132, 0, 2 %, 0 %, 35270 MiB, 40.36 W
2026/09/20 09:02:59.133, 1, 0 %, 0 %, 35270 MiB, 38.46 W
2026/09/20 09:02:59.133, 2, 0 %, 0 %, 35270 MiB, 37.16 W
2026/09/20 09:03:04.134, 0, 0 %, 0 %, 35270 MiB, 38.99 W
2026/09/20 09:03:04.134, 1, 0 %, 0 %, 35270 MiB, 38.35 W
2026/09/20 09:03:04.135, 2, 0 %, 0 %, 35270 MiB, 37.06 W
2026/09/20 09:03:09.135, 0, 0 %, 0 %, 35270 MiB, 39.02 W
2026/09/20 09:03:09.136, 1, 0 %, 0 %, 35270 MiB, 38.18 W
2026/09/20 09:03:09.136, 2, 0 %, 0 %, 35270 MiB, 37.18 W
2026/09/20 09:03:14.136, 0, 0 %, 0 %, 35270 MiB, 39.11 W
2026/09/20 09:03:14.137, 1, 0 %, 0 %, 35270 MiB, 38.18 W
2026/09/20 09:03:14.137, 2, 0 %, 0 %, 35270 MiB, 37.28 W
2026/09/20 09:03:19.137, 0, 22 %, 1 %, 35270 MiB, 46.72 W
2026/09/20 09:03:19.138, 1, 0 %, 0 %, 35270 MiB, 38.28 W
2026/09/20 09:03:19.138, 2, 0 %, 0 %, 35270 MiB, 37.28 W
2026/09/20 09:03:24.139, 0, 0 %, 0 %, 35270 MiB, 39.07 W
2026/09/20 09:03:24.140, 1, 24 %, 1 %, 35270 MiB, 38.23 W
2026/09/20 09:03:24.140, 2, 0 %, 0 %, 35270 MiB, 37.44 W
2026/09/20 09:03:29.141, 0, 5 %, 0 %, 35270 MiB, 42.90 W
2026/09/20 09:03:29.141, 1, 0 %, 0 %, 35270 MiB, 38.33 W
2026/09/20 09:03:29.141, 2, 0 %, 0 %, 35270 MiB, 37.53 W
2026/09/20 09:03:34.143, 0, 19 %, 1 %, 35270 MiB, 38.96 W
2026/09/20 09:03:34.143, 1, 24 %, 1 %, 35270 MiB, 38.44 W
2026/09/20 09:03:34.143, 2, 0 %, 0 %, 35270 MiB, 37.25 W
2026/09/20 09:03:39.145, 0, 0 %, 0 %, 35270 MiB, 38.89 W
2026/09/20 09:03:39.146, 1, 0 %, 0 %, 35270 MiB, 38.25 W
2026/09/20 09:03:39.146, 2, 0 %, 0 %, 35270 MiB, 37.06 W
2026/09/20 09:03:44.147, 0, 0 %, 0 %, 35270 MiB, 38.97 W
2026/09/20 09:03:44.148, 1, 15 %, 1 %, 35270 MiB, 38.23 W
2026/09/20 09:03:44.148, 2, 0 %, 0 %, 35270 MiB, 37.24 W
2026/09/20 09:03:49.149, 0, 0 %, 0 %, 35270 MiB, 38.97 W
2026/09/20 09:03:49.150, 1, 0 %, 0 %, 35270 MiB, 38.44 W
2026/09/20 09:03:49.150, 2, 0 %, 0 %, 35270 MiB, 37.06 W
2026/09/20 09:03:54.151, 0, 0 %, 0 %, 35270 MiB, 38.97 W
2026/09/20 09:03:54.151, 1, 0 %, 0 %, 35270 MiB, 38.65 W
2026/09/20 09:03:54.151, 2, 0 %, 0 %, 35270 MiB, 37.06 W
2026/09/20 09:03:59.153, 0, 0 %, 0 %, 35270 MiB, 38.97 W
2026/09/20 09:03:59.153, 1, 19 %, 1 %, 35270 MiB, 38.35 W
2026/09/20 09:03:59.153, 2, 0 %, 0 %, 35270 MiB, 37.24 W
2026/09/20 09:04:04.154, 0, 0 %, 0 %, 35270 MiB, 38.90 W
2026/09/20 09:04:04.155, 1, 0 %, 0 %, 35270 MiB, 38.49 W
2026/09/20 09:04:04.155, 2, 0 %, 0 %, 35270 MiB, 37.28 W
2026/09/20 09:04:09.156, 0, 0 %, 0 %, 35270 MiB, 38.88 W
2026/09/20 09:04:09.157, 1, 0 %, 0 %, 35270 MiB, 38.36 W
2026/09/20 09:04:09.157, 2, 0 %, 0 %, 35270 MiB, 37.15 W
2026/09/20 09:04:14.158, 0, 0 %, 0 %, 35270 MiB, 38.99 W
2026/09/20 09:04:14.158, 1, 10 %, 0 %, 35270 MiB, 38.25 W
2026/09/20 09:04:14.158, 2, 0 %, 0 %, 35270 MiB, 37.18 W
2026/09/20 09:04:19.158, 0, 0 %, 0 %, 35270 MiB, 39.01 W
2026/09/20 09:04:19.159, 1, 24 %, 1 %, 35270 MiB, 38.28 W
2026/09/20 09:04:19.159, 2, 0 %, 0 %, 35270 MiB, 37.09 W
2026/09/20 09:04:24.159, 0, 0 %, 0 %, 35270 MiB, 39.02 W
2026/09/20 09:04:24.159, 1, 5 %, 0 %, 35270 MiB, 38.38 W
2026/09/20 09:04:24.159, 2, 0 %, 0 %, 35270 MiB, 37.28 W
2026/09/20 09:04:29.160, 0, 0 %, 0 %, 35270 MiB, 39.12 W
2026/09/20 09:04:29.160, 1, 24 %, 1 %, 35270 MiB, 48.19 W
2026/09/20 09:04:29.160, 2, 0 %, 0 %, 35270 MiB, 37.28 W
2026/09/20 09:04:34.161, 0, 0 %, 0 %, 35270 MiB, 39.02 W
2026/09/20 09:04:34.161, 1, 0 %, 0 %, 35270 MiB, 38.27 W
2026/09/20 09:04:34.161, 2, 0 %, 0 %, 35270 MiB, 37.28 W
2026/09/20 09:04:39.165, 0, 0 %, 0 %, 35270 MiB, 38.96 W
2026/09/20 09:04:39.165, 1, 0 %, 0 %, 35270 MiB, 38.23 W
2026/09/20 09:04:39.165, 2, 0 %, 0 %, 35270 MiB, 37.24 W
2026/09/20 09:04:44.167, 0, 0 %, 0 %, 35270 MiB, 38.86 W
2026/09/20 09:04:44.167, 1, 0 %, 0 %, 35270 MiB, 38.23 W
2026/09/20 09:04:44.167, 2, 0 %, 0 %, 35270 MiB, 37.33 W
2026/09/20 09:04:49.169, 0, 0 %, 0 %, 35270 MiB, 38.75 W
2026/09/20 09:04:49.169, 1, 0 %, 0 %, 35270 MiB, 38.13 W
2026/09/20 09:04:49.169, 2, 0 %, 0 %, 35270 MiB, 37.04 W
2026/09/20 09:04:54.179, 0, 0 %, 0 %, 35270 MiB, 38.74 W
2026/09/20 09:04:54.179, 1, 0 %, 0 %, 35270 MiB, 38.13 W
2026/09/20 09:04:54.179, 2, 0 %, 0 %, 35270 MiB, 37.06 W
2026/09/20 09:04:59.181, 0, 0 %, 0 %, 35270 MiB, 38.65 W
2026/09/20 09:04:59.181, 1, 0 %, 0 %, 35270 MiB, 38.44 W
2026/09/20 09:04:59.181, 2, 0 %, 0 %, 35270 MiB, 36.93 W
2026/09/20 09:05:04.183, 0, 0 %, 0 %, 35270 MiB, 38.65 W
2026/09/20 09:05:04.183, 1, 0 %, 0 %, 35270 MiB, 38.03 W
2026/09/20 09:05:04.183, 2, 0 %, 0 %, 35270 MiB, 37.04 W
2026/09/20 09:05:09.184, 0, 0 %, 0 %, 35270 MiB, 38.75 W
2026/09/20 09:05:09.184, 1, 0 %, 0 %, 35270 MiB, 38.06 W
2026/09/20 09:05:09.185, 2, 0 %, 0 %, 35270 MiB, 36.86 W
2026/09/20 09:05:14.186, 0, 0 %, 0 %, 35270 MiB, 38.65 W
2026/09/20 09:05:14.186, 1, 0 %, 0 %, 35270 MiB, 38.05 W
2026/09/20 09:05:14.187, 2, 0 %, 0 %, 35270 MiB, 36.84 W
2026/09/20 09:05:19.187, 0, 0 %, 0 %, 35270 MiB, 38.56 W
2026/09/20 09:05:19.188, 1, 0 %, 0 %, 35270 MiB, 38.03 W
2026/09/20 09:05:19.188, 2, 0 %, 0 %, 35270 MiB, 37.04 W
2026/09/20 09:05:24.189, 0, 0 %, 0 %, 35270 MiB, 38.65 W
2026/09/20 09:05:24.189, 1, 0 %, 0 %, 35270 MiB, 37.93 W
2026/09/20 09:05:24.189, 2, 0 %, 0 %, 35270 MiB, 36.94 W
2026/09/20 09:05:29.191, 0, 0 %, 0 %, 35270 MiB, 38.74 W
2026/09/20 09:05:29.191, 1, 0 %, 0 %, 35270 MiB, 37.94 W
2026/09/20 09:05:29.191, 2, 0 %, 0 %, 35270 MiB, 36.94 W
2026/09/20 09:05:34.193, 0, 0 %, 0 %, 35270 MiB, 38.68 W
2026/09/20 09:05:34.193, 1, 0 %, 0 %, 35270 MiB, 38.15 W
2026/09/20 09:05:34.193, 2, 0 %, 0 %, 35270 MiB, 37.25 W
2026/09/20 09:05:39.194, 0, 0 %, 0 %, 35270 MiB, 38.57 W
2026/09/20 09:05:39.194, 1, 0 %, 0 %, 35270 MiB, 37.96 W
2026/09/20 09:05:39.195, 2, 0 %, 0 %, 35270 MiB, 37.56 W
2026/09/20 09:05:44.195, 0, 0 %, 0 %, 35270 MiB, 38.48 W
2026/09/20 09:05:44.196, 1, 0 %, 0 %, 35270 MiB, 37.96 W
2026/09/20 09:05:44.196, 2, 0 %, 0 %, 35270 MiB, 37.36 W
2026/09/20 09:05:49.197, 0, 0 %, 0 %, 35270 MiB, 38.57 W
2026/09/20 09:05:49.197, 1, 0 %, 0 %, 35270 MiB, 37.84 W
2026/09/20 09:05:49.197, 2, 0 %, 0 %, 35270 MiB, 37.35 W
2026/09/20 09:05:54.198, 0, 0 %, 0 %, 35270 MiB, 38.56 W
2026/09/20 09:05:54.198, 1, 0 %, 0 %, 35270 MiB, 38.13 W
2026/09/20 09:05:54.199, 2, 0 %, 0 %, 35270 MiB, 37.14 W
2026/09/20 09:05:59.199, 0, 0 %, 0 %, 35270 MiB, 38.58 W
2026/09/20 09:05:59.200, 1, 0 %, 0 %, 35270 MiB, 38.04 W
2026/09/20 09:05:59.200, 2, 0 %, 0 %, 35270 MiB, 37.24 W
2026/09/20 09:06:04.200, 0, 0 %, 0 %, 35270 MiB, 38.86 W
2026/09/20 09:06:04.200, 1, 0 %, 0 %, 35270 MiB, 38.13 W
2026/09/20 09:06:04.201, 2, 0 %, 0 %, 35270 MiB, 37.24 W
2026/09/20 09:06:09.202, 0, 0 %, 0 %, 35270 MiB, 38.65 W
2026/09/20 09:06:09.202, 1, 0 %, 0 %, 35270 MiB, 38.23 W
2026/09/20 09:06:09.202, 2, 0 %, 0 %, 35270 MiB, 37.24 W
2026/09/20 09:06:14.204, 0, 0 %, 0 %, 35270 MiB, 38.66 W
2026/09/20 09:06:14.204, 1, 0 %, 0 %, 35270 MiB, 38.23 W
2026/09/20 09:06:14.204, 2, 0 %, 0 %, 35270 MiB, 37.35 W
2026/09/20 09:06:19.206, 0, 0 %, 0 %, 35270 MiB, 38.66 W
2026/09/20 09:06:19.206, 1, 0 %, 0 %, 35270 MiB, 38.14 W
2026/09/20 09:06:19.206, 2, 0 %, 0 %, 35270 MiB, 37.35 W
2026/09/20 09:06:24.208, 0, 0 %, 0 %, 35270 MiB, 38.76 W
2026/09/20 09:06:24.208, 1, 0 %, 0 %, 35270 MiB, 38.13 W
2026/09/20 09:06:24.208, 2, 0 %, 0 %, 35270 MiB, 37.35 W
2026/09/20 09:06:29.210, 0, 0 %, 0 %, 35270 MiB, 38.65 W
2026/09/20 09:06:29.211, 1, 0 %, 0 %, 35270 MiB, 38.15 W
2026/09/20 09:06:29.211, 2, 0 %, 0 %, 35270 MiB, 37.35 W
2026/09/20 09:06:34.212, 0, 0 %, 0 %, 35270 MiB, 38.66 W
2026/09/20 09:06:34.212, 1, 0 %, 0 %, 35270 MiB, 37.94 W
2026/09/20 09:06:34.212, 2, 0 %, 0 %, 35270 MiB, 37.44 W
2026/09/20 09:06:39.214, 0, 0 %, 0 %, 35270 MiB, 38.65 W
2026/09/20 09:06:39.214, 1, 0 %, 0 %, 35270 MiB, 38.04 W
2026/09/20 09:06:39.214, 2, 0 %, 0 %, 35270 MiB, 37.36 W
2026/09/20 09:06:44.215, 0, 0 %, 0 %, 35270 MiB, 38.77 W
2026/09/20 09:06:44.215, 1, 0 %, 0 %, 35270 MiB, 38.04 W
2026/09/20 09:06:44.215, 2, 0 %, 0 %, 35270 MiB, 37.36 W
2026/09/20 09:06:49.217, 0, 0 %, 0 %, 35270 MiB, 38.57 W
2026/09/20 09:06:49.217, 1, 0 %, 0 %, 35270 MiB, 38.04 W
2026/09/20 09:06:49.218, 2, 0 %, 0 %, 35270 MiB, 37.56 W
2026/09/20 09:06:54.218, 0, 0 %, 0 %, 35270 MiB, 38.59 W
2026/09/20 09:06:54.219, 1, 0 %, 0 %, 35270 MiB, 37.97 W
2026/09/20 09:06:54.219, 2, 0 %, 0 %, 35270 MiB, 37.47 W
2026/09/20 09:06:59.219, 0, 0 %, 0 %, 35270 MiB, 38.90 W
2026/09/20 09:06:59.220, 1, 0 %, 0 %, 35270 MiB, 37.96 W
2026/09/20 09:06:59.220, 2, 0 %, 0 %, 35270 MiB, 37.28 W
2026/09/20 09:07:04.221, 0, 0 %, 0 %, 35270 MiB, 38.71 W
2026/09/20 09:07:04.221, 1, 0 %, 0 %, 35270 MiB, 38.38 W
2026/09/20 09:07:04.222, 2, 0 %, 0 %, 35270 MiB, 37.28 W
2026/09/20 09:07:09.223, 0, 0 %, 0 %, 35270 MiB, 38.71 W
2026/09/20 09:07:09.223, 1, 0 %, 0 %, 35270 MiB, 38.18 W
2026/09/20 09:07:09.224, 2, 0 %, 0 %, 35270 MiB, 37.59 W
2026/09/20 09:07:14.225, 0, 0 %, 0 %, 35270 MiB, 38.80 W
2026/09/20 09:07:14.225, 1, 0 %, 0 %, 35270 MiB, 38.17 W
2026/09/20 09:07:14.225, 2, 0 %, 0 %, 35270 MiB, 37.70 W
2026/09/20 09:07:19.225, 0, 0 %, 0 %, 35270 MiB, 38.92 W
2026/09/20 09:07:19.225, 1, 5 %, 0 %, 35270 MiB, 38.29 W
2026/09/20 09:07:19.225, 2, 0 %, 0 %, 35270 MiB, 37.49 W
2026/09/20 09:07:24.226, 0, 100 %, 7 %, 35270 MiB, 91.32 W
2026/09/20 09:07:24.226, 1, 100 %, 7 %, 35270 MiB, 90.90 W
2026/09/20 09:07:24.226, 2, 100 %, 7 %, 35270 MiB, 96.22 W
2026/09/20 09:07:29.227, 0, 100 %, 7 %, 35270 MiB, 93.65 W
2026/09/20 09:07:29.227, 1, 100 %, 7 %, 35270 MiB, 88.25 W
2026/09/20 09:07:29.227, 2, 100 %, 11 %, 35270 MiB, 91.39 W
2026/09/20 09:07:34.227, 0, 100 %, 6 %, 35270 MiB, 91.26 W
2026/09/20 09:07:34.227, 1, 100 %, 6 %, 35270 MiB, 94.15 W
2026/09/20 09:07:34.227, 2, 100 %, 7 %, 35270 MiB, 96.98 W
2026/09/20 09:07:39.228, 0, 100 %, 7 %, 35270 MiB, 97.68 W
2026/09/20 09:07:39.228, 1, 100 %, 7 %, 35270 MiB, 91.95 W
2026/09/20 09:07:39.229, 2, 100 %, 7 %, 35270 MiB, 91.50 W
2026/09/20 09:07:44.229, 0, 100 %, 7 %, 35270 MiB, 91.25 W
2026/09/20 09:07:44.229, 1, 100 %, 7 %, 35270 MiB, 93.65 W
2026/09/20 09:07:44.229, 2, 100 %, 7 %, 35270 MiB, 95.16 W
2026/09/20 09:07:49.230, 0, 100 %, 11 %, 35270 MiB, 95.30 W
2026/09/20 09:07:49.230, 1, 100 %, 7 %, 35270 MiB, 93.39 W
2026/09/20 09:07:49.230, 2, 100 %, 7 %, 35270 MiB, 96.51 W
2026/09/20 09:07:54.230, 0, 100 %, 7 %, 35270 MiB, 94.98 W
2026/09/20 09:07:54.230, 1, 100 %, 7 %, 35270 MiB, 101.31 W
2026/09/20 09:07:54.230, 2, 100 %, 7 %, 35270 MiB, 95.15 W
2026/09/20 09:07:59.231, 0, 100 %, 7 %, 35270 MiB, 94.46 W
2026/09/20 09:07:59.231, 1, 100 %, 7 %, 35270 MiB, 94.28 W
2026/09/20 09:07:59.231, 2, 100 %, 7 %, 35270 MiB, 94.65 W
2026/09/20 09:08:04.231, 0, 100 %, 7 %, 35270 MiB, 100.22 W
2026/09/20 09:08:04.232, 1, 100 %, 6 %, 35270 MiB, 95.02 W
2026/09/20 09:08:04.232, 2, 100 %, 7 %, 35270 MiB, 96.44 W
2026/09/20 09:08:09.232, 0, 100 %, 6 %, 35270 MiB, 94.10 W
2026/09/20 09:08:09.232, 1, 100 %, 7 %, 35270 MiB, 98.62 W
2026/09/20 09:08:09.232, 2, 100 %, 7 %, 35270 MiB, 95.88 W
2026/09/20 09:08:14.233, 0, 100 %, 7 %, 35270 MiB, 97.68 W
2026/09/20 09:08:14.233, 1, 100 %, 7 %, 35270 MiB, 96.92 W
2026/09/20 09:08:14.233, 2, 100 %, 7 %, 35270 MiB, 97.47 W
2026/09/20 09:08:19.234, 0, 100 %, 7 %, 35270 MiB, 99.34 W
2026/09/20 09:08:19.234, 1, 100 %, 7 %, 35270 MiB, 99.46 W
2026/09/20 09:08:19.234, 2, 100 %, 7 %, 35270 MiB, 94.98 W
2026/09/20 09:08:24.234, 0, 100 %, 7 %, 35270 MiB, 98.79 W
2026/09/20 09:08:24.235, 1, 100 %, 9 %, 35270 MiB, 97.75 W
2026/09/20 09:08:24.235, 2, 100 %, 7 %, 35270 MiB, 94.45 W
2026/09/20 09:08:29.235, 0, 100 %, 7 %, 35270 MiB, 95.15 W
2026/09/20 09:08:29.235, 1, 100 %, 7 %, 35270 MiB, 96.24 W
2026/09/20 09:08:29.235, 2, 100 %, 7 %, 35270 MiB, 97.95 W
2026/09/20 09:08:34.236, 0, 100 %, 8 %, 35270 MiB, 94.94 W
2026/09/20 09:08:34.236, 1, 100 %, 7 %, 35270 MiB, 101.27 W
2026/09/20 09:08:34.236, 2, 100 %, 6 %, 35270 MiB, 101.00 W
2026/09/20 09:08:39.236, 0, 100 %, 7 %, 35270 MiB, 93.83 W
2026/09/20 09:08:39.237, 1, 100 %, 7 %, 35270 MiB, 98.00 W
2026/09/20 09:08:39.237, 2, 100 %, 7 %, 35270 MiB, 100.26 W
2026/09/20 09:08:44.237, 0, 100 %, 7 %, 35270 MiB, 96.86 W
2026/09/20 09:08:44.237, 1, 100 %, 7 %, 35270 MiB, 99.61 W
2026/09/20 09:08:44.237, 2, 100 %, 7 %, 35270 MiB, 98.38 W
2026/09/20 09:08:49.238, 0, 100 %, 7 %, 35270 MiB, 100.39 W
2026/09/20 09:08:49.238, 1, 100 %, 7 %, 35270 MiB, 101.51 W
2026/09/20 09:08:49.238, 2, 100 %, 7 %, 35270 MiB, 104.17 W
2026/09/20 09:08:54.238, 0, 100 %, 7 %, 35270 MiB, 102.65 W
2026/09/20 09:08:54.239, 1, 99 %, 10 %, 35270 MiB, 97.22 W
2026/09/20 09:08:54.239, 2, 100 %, 7 %, 35270 MiB, 98.85 W
2026/09/20 09:08:59.239, 0, 100 %, 11 %, 35270 MiB, 100.87 W
2026/09/20 09:08:59.239, 1, 100 %, 7 %, 35270 MiB, 99.12 W
2026/09/20 09:08:59.239, 2, 100 %, 7 %, 35270 MiB, 96.13 W
2026/09/20 09:09:04.240, 0, 100 %, 7 %, 35270 MiB, 106.64 W
2026/09/20 09:09:04.240, 1, 100 %, 7 %, 35270 MiB, 98.66 W
2026/09/20 09:09:04.240, 2, 100 %, 7 %, 35270 MiB, 101.11 W
2026/09/20 09:09:09.240, 0, 100 %, 7 %, 35270 MiB, 96.28 W
2026/09/20 09:09:09.241, 1, 100 %, 7 %, 35270 MiB, 96.48 W
2026/09/20 09:09:09.241, 2, 100 %, 7 %, 35270 MiB, 97.29 W
2026/09/20 09:09:14.243, 0, 100 %, 11 %, 35270 MiB, 100.57 W
2026/09/20 09:09:14.243, 1, 100 %, 11 %, 35270 MiB, 101.38 W
2026/09/20 09:09:14.243, 2, 100 %, 7 %, 35270 MiB, 99.33 W
2026/09/20 09:09:19.243, 0, 100 %, 11 %, 35270 MiB, 100.24 W
2026/09/20 09:09:19.244, 1, 100 %, 7 %, 35270 MiB, 98.42 W
2026/09/20 09:09:19.244, 2, 100 %, 7 %, 35270 MiB, 100.97 W
2026/09/20 09:09:24.244, 0, 100 %, 10 %, 35270 MiB, 103.28 W
2026/09/20 09:09:24.244, 1, 100 %, 7 %, 35270 MiB, 110.42 W
2026/09/20 09:09:24.244, 2, 100 %, 7 %, 35270 MiB, 172.91 W
2026/09/20 09:09:29.245, 0, 100 %, 7 %, 35270 MiB, 100.36 W
2026/09/20 09:09:29.245, 1, 100 %, 11 %, 35270 MiB, 99.02 W
2026/09/20 09:09:29.245, 2, 100 %, 11 %, 35270 MiB, 105.65 W
2026/09/20 09:09:34.245, 0, 100 %, 7 %, 35270 MiB, 101.69 W
2026/09/20 09:09:34.245, 1, 100 %, 7 %, 35270 MiB, 102.53 W
2026/09/20 09:09:34.246, 2, 100 %, 7 %, 35270 MiB, 103.84 W
2026/09/20 09:09:39.246, 0, 100 %, 7 %, 35270 MiB, 104.14 W
2026/09/20 09:09:39.246, 1, 100 %, 7 %, 35270 MiB, 98.39 W
2026/09/20 09:09:39.246, 2, 100 %, 7 %, 35270 MiB, 98.57 W
2026/09/20 09:09:44.247, 0, 100 %, 7 %, 35270 MiB, 98.46 W
2026/09/20 09:09:44.247, 1, 100 %, 14 %, 35270 MiB, 171.89 W
2026/09/20 09:09:44.247, 2, 100 %, 7 %, 35270 MiB, 99.74 W
2026/09/20 09:09:49.247, 0, 100 %, 7 %, 35270 MiB, 135.41 W
2026/09/20 09:09:49.247, 1, 100 %, 7 %, 35270 MiB, 99.52 W
2026/09/20 09:09:49.247, 2, 100 %, 7 %, 35270 MiB, 103.75 W
2026/09/20 09:09:54.248, 0, 100 %, 7 %, 35270 MiB, 99.44 W
2026/09/20 09:09:54.248, 1, 100 %, 11 %, 35270 MiB, 102.13 W
2026/09/20 09:09:54.248, 2, 100 %, 7 %, 35270 MiB, 101.08 W
2026/09/20 09:09:59.248, 0, 100 %, 7 %, 35270 MiB, 122.09 W
2026/09/20 09:09:59.249, 1, 100 %, 7 %, 35270 MiB, 99.03 W
2026/09/20 09:09:59.249, 2, 100 %, 11 %, 35270 MiB, 102.34 W
2026/09/20 09:10:04.249, 0, 100 %, 7 %, 35270 MiB, 104.00 W
2026/09/20 09:10:04.249, 1, 100 %, 11 %, 35270 MiB, 100.57 W
2026/09/20 09:10:04.249, 2, 100 %, 11 %, 35270 MiB, 98.61 W
2026/09/20 09:10:09.250, 0, 100 %, 7 %, 35270 MiB, 100.83 W
2026/09/20 09:10:09.250, 1, 100 %, 11 %, 35270 MiB, 103.18 W
2026/09/20 09:10:09.250, 2, 100 %, 7 %, 35270 MiB, 96.05 W
2026/09/20 09:10:14.250, 0, 100 %, 7 %, 35270 MiB, 102.10 W
2026/09/20 09:10:14.250, 1, 100 %, 7 %, 35270 MiB, 104.25 W
2026/09/20 09:10:14.250, 2, 100 %, 11 %, 35270 MiB, 99.53 W
2026/09/20 09:10:19.251, 0, 100 %, 7 %, 35270 MiB, 103.38 W
2026/09/20 09:10:19.251, 1, 100 %, 7 %, 35270 MiB, 104.66 W
2026/09/20 09:10:19.251, 2, 100 %, 11 %, 35270 MiB, 103.16 W
2026/09/20 09:10:24.251, 0, 100 %, 7 %, 35270 MiB, 100.63 W
2026/09/20 09:10:24.252, 1, 100 %, 7 %, 35270 MiB, 104.18 W
2026/09/20 09:10:24.252, 2, 100 %, 7 %, 35270 MiB, 106.57 W
2026/09/20 09:10:29.252, 0, 100 %, 7 %, 35270 MiB, 103.77 W
2026/09/20 09:10:29.252, 1, 100 %, 7 %, 35270 MiB, 105.94 W
2026/09/20 09:10:29.253, 2, 100 %, 7 %, 35270 MiB, 101.41 W
2026/09/20 09:10:34.253, 0, 100 %, 15 %, 35270 MiB, 107.70 W
2026/09/20 09:10:34.253, 1, 100 %, 7 %, 35270 MiB, 104.28 W
2026/09/20 09:10:34.253, 2, 100 %, 7 %, 35270 MiB, 105.72 W
2026/09/20 09:10:39.254, 0, 99 %, 6 %, 35270 MiB, 93.44 W
2026/09/20 09:10:39.254, 1, 100 %, 8 %, 35270 MiB, 103.70 W
2026/09/20 09:10:39.254, 2, 99 %, 6 %, 35270 MiB, 103.89 W
2026/09/20 09:10:44.255, 0, 0 %, 0 %, 35270 MiB, 45.91 W
2026/09/20 09:10:44.255, 1, 0 %, 0 %, 35270 MiB, 45.85 W
2026/09/20 09:10:44.256, 2, 0 %, 0 %, 35270 MiB, 70.86 W
2026/09/20 09:10:49.256, 0, 0 %, 0 %, 35270 MiB, 45.57 W
2026/09/20 09:10:49.257, 1, 0 %, 0 %, 35270 MiB, 45.45 W
2026/09/20 09:10:49.257, 2, 0 %, 0 %, 35270 MiB, 43.31 W
2026/09/20 09:10:54.257, 0, 0 %, 0 %, 35270 MiB, 45.17 W
2026/09/20 09:10:54.258, 1, 0 %, 0 %, 35270 MiB, 44.74 W
2026/09/20 09:10:54.258, 2, 0 %, 0 %, 35270 MiB, 42.80 W
2026/09/20 09:10:59.259, 0, 0 %, 0 %, 35270 MiB, 44.69 W
2026/09/20 09:10:59.259, 1, 0 %, 0 %, 35270 MiB, 44.36 W
2026/09/20 09:10:59.259, 2, 0 %, 0 %, 35270 MiB, 42.31 W
2026/09/20 09:11:04.261, 0, 0 %, 0 %, 35270 MiB, 44.11 W
2026/09/20 09:11:04.261, 1, 0 %, 0 %, 35270 MiB, 43.38 W
2026/09/20 09:11:04.261, 2, 0 %, 0 %, 35270 MiB, 42.40 W
2026/09/20 09:11:09.263, 0, 0 %, 0 %, 35270 MiB, 43.72 W
2026/09/20 09:11:09.263, 1, 0 %, 0 %, 35270 MiB, 42.80 W
2026/09/20 09:11:09.263, 2, 0 %, 0 %, 35270 MiB, 41.91 W
2026/09/20 09:11:14.265, 0, 0 %, 0 %, 35270 MiB, 43.62 W
2026/09/20 09:11:14.265, 1, 0 %, 0 %, 35270 MiB, 42.90 W
2026/09/20 09:11:14.265, 2, 0 %, 0 %, 35270 MiB, 41.62 W
2026/09/20 09:11:19.266, 0, 0 %, 0 %, 35270 MiB, 43.33 W
2026/09/20 09:11:19.266, 1, 0 %, 0 %, 35270 MiB, 42.50 W
2026/09/20 09:11:19.266, 2, 0 %, 0 %, 35270 MiB, 41.41 W
2026/09/20 09:11:24.268, 0, 0 %, 0 %, 35270 MiB, 43.12 W
2026/09/20 09:11:24.268, 1, 0 %, 0 %, 35270 MiB, 42.39 W
2026/09/20 09:11:24.268, 2, 0 %, 0 %, 35270 MiB, 41.15 W
2026/09/20 09:11:29.270, 0, 0 %, 0 %, 35270 MiB, 43.13 W
2026/09/20 09:11:29.270, 1, 0 %, 0 %, 35270 MiB, 41.79 W
2026/09/20 09:11:29.270, 2, 0 %, 0 %, 35270 MiB, 40.75 W
2026/09/20 09:11:34.272, 0, 0 %, 0 %, 35270 MiB, 42.80 W
2026/09/20 09:11:34.272, 1, 0 %, 0 %, 35270 MiB, 42.09 W
2026/09/20 09:11:34.272, 2, 0 %, 0 %, 35270 MiB, 40.53 W
2026/09/20 09:11:39.274, 0, 0 %, 0 %, 35270 MiB, 42.61 W
2026/09/20 09:11:39.274, 1, 0 %, 0 %, 35270 MiB, 42.28 W
2026/09/20 09:11:39.274, 2, 0 %, 0 %, 35270 MiB, 40.43 W
2026/09/20 09:11:44.276, 0, 0 %, 0 %, 35270 MiB, 42.42 W
2026/09/20 09:11:44.276, 1, 0 %, 0 %, 35270 MiB, 41.60 W
2026/09/20 09:11:44.277, 2, 0 %, 0 %, 35270 MiB, 40.32 W
2026/09/20 09:11:49.278, 0, 0 %, 0 %, 35270 MiB, 42.31 W
2026/09/20 09:11:49.278, 1, 0 %, 0 %, 35270 MiB, 41.89 W
2026/09/20 09:11:49.278, 2, 0 %, 0 %, 35270 MiB, 40.03 W
2026/09/20 09:11:54.280, 0, 0 %, 0 %, 35270 MiB, 42.03 W
2026/09/20 09:11:54.281, 1, 0 %, 0 %, 35270 MiB, 41.79 W
2026/09/20 09:11:54.281, 2, 0 %, 0 %, 35270 MiB, 40.01 W
2026/09/20 09:11:59.281, 0, 0 %, 0 %, 35270 MiB, 41.93 W
2026/09/20 09:11:59.282, 1, 0 %, 0 %, 35270 MiB, 41.60 W
2026/09/20 09:11:59.282, 2, 0 %, 0 %, 35270 MiB, 40.01 W
2026/09/20 09:12:04.282, 0, 0 %, 0 %, 35270 MiB, 41.74 W
2026/09/20 09:12:04.283, 1, 0 %, 0 %, 35270 MiB, 41.31 W
2026/09/20 09:12:04.283, 2, 0 %, 0 %, 35270 MiB, 39.62 W
2026/09/20 09:12:09.284, 0, 0 %, 0 %, 35270 MiB, 41.64 W
2026/09/20 09:12:09.284, 1, 0 %, 0 %, 35270 MiB, 41.21 W
2026/09/20 09:12:09.284, 2, 0 %, 0 %, 35270 MiB, 39.53 W
2026/09/20 09:12:14.284, 0, 0 %, 0 %, 35270 MiB, 41.43 W
2026/09/20 09:12:14.285, 1, 0 %, 0 %, 35270 MiB, 41.00 W
2026/09/20 09:12:14.285, 2, 0 %, 0 %, 35270 MiB, 39.43 W
2026/09/20 09:12:19.285, 0, 0 %, 0 %, 35270 MiB, 41.22 W
2026/09/20 09:12:19.285, 1, 0 %, 0 %, 35270 MiB, 40.81 W
2026/09/20 09:12:19.286, 2, 0 %, 0 %, 35270 MiB, 39.43 W
2026/09/20 09:12:24.287, 0, 0 %, 0 %, 35270 MiB, 41.14 W
2026/09/20 09:12:24.287, 1, 0 %, 0 %, 35270 MiB, 40.51 W
2026/09/20 09:12:24.288, 2, 0 %, 0 %, 35270 MiB, 39.33 W
2026/09/20 09:12:29.289, 0, 0 %, 0 %, 35270 MiB, 40.94 W
2026/09/20 09:12:29.289, 1, 0 %, 0 %, 35270 MiB, 40.42 W
2026/09/20 09:12:29.290, 2, 0 %, 0 %, 35270 MiB, 39.24 W
2026/09/20 09:12:34.291, 0, 0 %, 0 %, 35270 MiB, 40.76 W
2026/09/20 09:12:34.291, 1, 0 %, 0 %, 35270 MiB, 40.44 W
2026/09/20 09:12:34.291, 2, 0 %, 0 %, 35270 MiB, 38.96 W
2026/09/20 09:12:39.293, 0, 0 %, 0 %, 35270 MiB, 40.84 W
2026/09/20 09:12:39.293, 1, 0 %, 0 %, 35270 MiB, 40.42 W
2026/09/20 09:12:39.294, 2, 0 %, 0 %, 35270 MiB, 38.93 W
2026/09/20 09:12:44.294, 0, 0 %, 0 %, 35270 MiB, 40.65 W
2026/09/20 09:12:44.295, 1, 0 %, 0 %, 35270 MiB, 40.34 W
2026/09/20 09:12:44.295, 2, 0 %, 0 %, 35270 MiB, 38.86 W
2026/09/20 09:12:49.296, 0, 0 %, 0 %, 35270 MiB, 40.56 W
2026/09/20 09:12:49.296, 1, 0 %, 0 %, 35270 MiB, 39.94 W
2026/09/20 09:12:49.296, 2, 0 %, 0 %, 35270 MiB, 38.75 W
2026/09/20 09:12:54.297, 0, 0 %, 0 %, 35270 MiB, 40.47 W
2026/09/20 09:12:54.297, 1, 0 %, 0 %, 35270 MiB, 40.24 W
2026/09/20 09:12:54.298, 2, 0 %, 0 %, 35270 MiB, 38.96 W
2026/09/20 09:12:59.299, 0, 0 %, 0 %, 35270 MiB, 40.48 W
2026/09/20 09:12:59.299, 1, 0 %, 0 %, 35270 MiB, 40.56 W
2026/09/20 09:12:59.300, 2, 0 %, 0 %, 35270 MiB, 38.67 W
2026/09/20 09:13:04.301, 0, 0 %, 0 %, 35270 MiB, 40.57 W
2026/09/20 09:13:04.301, 1, 0 %, 0 %, 35270 MiB, 40.24 W
2026/09/20 09:13:04.302, 2, 0 %, 0 %, 35270 MiB, 38.75 W
2026/09/20 09:13:09.302, 0, 0 %, 0 %, 35270 MiB, 40.57 W
2026/09/20 09:13:09.303, 1, 0 %, 0 %, 35270 MiB, 40.05 W
2026/09/20 09:13:09.303, 2, 0 %, 0 %, 35270 MiB, 38.67 W
2026/09/20 09:13:14.303, 0, 0 %, 0 %, 35270 MiB, 40.48 W
2026/09/20 09:13:14.304, 1, 0 %, 0 %, 35270 MiB, 39.97 W
2026/09/20 09:13:14.304, 2, 0 %, 0 %, 35270 MiB, 38.88 W
2026/09/20 09:13:19.305, 0, 0 %, 0 %, 35270 MiB, 40.72 W
2026/09/20 09:13:19.305, 1, 0 %, 0 %, 35270 MiB, 40.22 W
2026/09/20 09:13:19.305, 2, 0 %, 0 %, 35270 MiB, 38.72 W
2026/09/20 09:13:24.306, 0, 0 %, 0 %, 35270 MiB, 40.46 W
2026/09/20 09:13:24.306, 1, 0 %, 0 %, 35270 MiB, 39.84 W
2026/09/20 09:13:24.306, 2, 0 %, 0 %, 35270 MiB, 38.56 W
2026/09/20 09:13:29.306, 0, 0 %, 0 %, 35270 MiB, 40.07 W
2026/09/20 09:13:29.307, 1, 0 %, 0 %, 35270 MiB, 39.37 W
2026/09/20 09:13:29.307, 2, 0 %, 0 %, 35270 MiB, 38.78 W
2026/09/20 09:13:34.307, 0, 0 %, 0 %, 35270 MiB, 39.92 W
2026/09/20 09:13:34.308, 1, 0 %, 0 %, 35270 MiB, 39.82 W
2026/09/20 09:13:34.308, 2, 0 %, 0 %, 35270 MiB, 38.72 W
2026/09/20 09:13:39.309, 0, 0 %, 0 %, 35270 MiB, 40.03 W
2026/09/20 09:13:39.309, 1, 0 %, 0 %, 35270 MiB, 39.51 W
2026/09/20 09:13:39.309, 2, 0 %, 0 %, 35270 MiB, 38.52 W
2026/09/20 09:13:44.319, 0, 0 %, 0 %, 35270 MiB, 39.83 W
2026/09/20 09:13:44.320, 1, 0 %, 0 %, 35270 MiB, 39.41 W
2026/09/20 09:13:44.320, 2, 0 %, 0 %, 35270 MiB, 38.24 W
2026/09/20 09:13:49.321, 0, 0 %, 0 %, 35270 MiB, 39.63 W
2026/09/20 09:13:49.322, 1, 0 %, 0 %, 35270 MiB, 39.31 W
2026/09/20 09:13:49.322, 2, 0 %, 0 %, 35270 MiB, 38.23 W
2026/09/20 09:13:54.323, 0, 0 %, 0 %, 35270 MiB, 39.65 W
2026/09/20 09:13:54.323, 1, 0 %, 0 %, 35270 MiB, 39.53 W
2026/09/20 09:13:54.324, 2, 0 %, 0 %, 35270 MiB, 38.26 W
2026/09/20 09:13:59.325, 0, 0 %, 0 %, 35270 MiB, 39.74 W
2026/09/20 09:13:59.325, 1, 0 %, 0 %, 35270 MiB, 39.31 W
2026/09/20 09:13:59.325, 2, 0 %, 0 %, 35270 MiB, 38.15 W
2026/09/20 09:14:04.327, 0, 0 %, 0 %, 35270 MiB, 39.58 W
2026/09/20 09:14:04.327, 1, 0 %, 0 %, 35270 MiB, 39.05 W
2026/09/20 09:14:04.328, 2, 0 %, 0 %, 35270 MiB, 38.17 W
2026/09/20 09:14:09.328, 0, 0 %, 0 %, 35270 MiB, 39.95 W
2026/09/20 09:14:09.329, 1, 0 %, 0 %, 35270 MiB, 39.24 W
2026/09/20 09:14:09.329, 2, 0 %, 0 %, 35270 MiB, 38.36 W
2026/09/20 09:14:14.330, 0, 0 %, 0 %, 35270 MiB, 40.15 W
2026/09/20 09:14:14.330, 1, 0 %, 0 %, 35270 MiB, 39.22 W
2026/09/20 09:14:14.331, 2, 0 %, 0 %, 35270 MiB, 38.14 W
2026/09/20 09:14:19.340, 0, 0 %, 0 %, 35270 MiB, 40.04 W
2026/09/20 09:14:19.341, 1, 0 %, 0 %, 35270 MiB, 38.73 W
2026/09/20 09:14:19.341, 2, 0 %, 0 %, 35270 MiB, 38.04 W
2026/09/20 09:14:24.341, 0, 0 %, 0 %, 35270 MiB, 39.95 W
2026/09/20 09:14:24.342, 1, 0 %, 0 %, 35270 MiB, 39.03 W
2026/09/20 09:14:24.342, 2, 0 %, 0 %, 35270 MiB, 38.06 W
2026/09/20 09:14:29.343, 0, 0 %, 0 %, 35270 MiB, 40.07 W
2026/09/20 09:14:29.343, 1, 0 %, 0 %, 35270 MiB, 38.75 W
2026/09/20 09:14:29.344, 2, 0 %, 0 %, 35270 MiB, 38.26 W
2026/09/20 09:14:34.345, 0, 0 %, 0 %, 35270 MiB, 39.95 W
2026/09/20 09:14:34.345, 1, 0 %, 0 %, 35270 MiB, 38.93 W
2026/09/20 09:14:34.345, 2, 0 %, 0 %, 35270 MiB, 38.06 W
2026/09/20 09:14:39.349, 0, 0 %, 0 %, 35270 MiB, 39.74 W
2026/09/20 09:14:39.349, 1, 0 %, 0 %, 35270 MiB, 38.92 W
2026/09/20 09:14:39.349, 2, 0 %, 0 %, 35270 MiB, 38.04 W
2026/09/20 09:14:44.351, 0, 0 %, 0 %, 35270 MiB, 39.65 W
2026/09/20 09:14:44.352, 1, 0 %, 0 %, 35270 MiB, 38.92 W
2026/09/20 09:14:44.352, 2, 0 %, 0 %, 35270 MiB, 38.14 W
2026/09/20 09:14:49.352, 0, 0 %, 0 %, 35270 MiB, 39.68 W
2026/09/20 09:14:49.353, 1, 0 %, 0 %, 35270 MiB, 39.05 W
2026/09/20 09:14:49.353, 2, 0 %, 0 %, 35270 MiB, 38.06 W
2026/09/20 09:14:54.354, 0, 0 %, 0 %, 35270 MiB, 39.77 W
2026/09/20 09:14:54.354, 1, 0 %, 0 %, 35270 MiB, 38.65 W
2026/09/20 09:14:54.354, 2, 0 %, 0 %, 35270 MiB, 37.87 W
2026/09/20 09:14:59.356, 0, 0 %, 0 %, 35270 MiB, 39.63 W
2026/09/20 09:14:59.356, 1, 0 %, 0 %, 35270 MiB, 38.92 W
2026/09/20 09:14:59.357, 2, 0 %, 0 %, 35270 MiB, 37.84 W
2026/09/20 09:15:04.358, 0, 0 %, 0 %, 35270 MiB, 39.56 W
2026/09/20 09:15:04.358, 1, 0 %, 0 %, 35270 MiB, 38.64 W
2026/09/20 09:15:04.359, 2, 0 %, 0 %, 35270 MiB, 37.75 W
2026/09/20 09:15:09.360, 0, 0 %, 0 %, 35270 MiB, 39.75 W
2026/09/20 09:15:09.361, 1, 0 %, 0 %, 35270 MiB, 38.93 W
2026/09/20 09:15:09.361, 2, 0 %, 0 %, 35270 MiB, 37.97 W
2026/09/20 09:15:14.361, 0, 0 %, 0 %, 35270 MiB, 39.56 W
2026/09/20 09:15:14.362, 1, 0 %, 0 %, 35270 MiB, 38.84 W
2026/09/20 09:15:14.362, 2, 0 %, 0 %, 35270 MiB, 37.85 W
2026/09/20 09:15:19.362, 0, 0 %, 0 %, 35270 MiB, 39.54 W
2026/09/20 09:15:19.363, 1, 0 %, 0 %, 35270 MiB, 38.83 W
2026/09/20 09:15:19.363, 2, 0 %, 0 %, 35270 MiB, 37.74 W
2026/09/20 09:15:24.364, 0, 0 %, 0 %, 35270 MiB, 39.65 W
2026/09/20 09:15:24.365, 1, 0 %, 0 %, 35270 MiB, 38.73 W
2026/09/20 09:15:24.365, 2, 0 %, 0 %, 35270 MiB, 37.75 W
2026/09/20 09:15:29.365, 0, 0 %, 0 %, 35270 MiB, 39.67 W
2026/09/20 09:15:29.366, 1, 0 %, 0 %, 35270 MiB, 38.75 W
2026/09/20 09:15:29.366, 2, 0 %, 0 %, 35270 MiB, 37.87 W
2026/09/20 09:15:34.375, 0, 0 %, 0 %, 35270 MiB, 39.55 W
2026/09/20 09:15:34.375, 1, 0 %, 0 %, 35270 MiB, 38.63 W
2026/09/20 09:15:34.375, 2, 0 %, 0 %, 35270 MiB, 37.85 W
2026/09/20 09:15:39.377, 0, 0 %, 0 %, 35270 MiB, 39.53 W
2026/09/20 09:15:39.378, 1, 0 %, 0 %, 35270 MiB, 38.62 W
2026/09/20 09:15:39.378, 2, 0 %, 0 %, 35270 MiB, 37.94 W
2026/09/20 09:15:44.387, 0, 0 %, 0 %, 35270 MiB, 39.54 W
2026/09/20 09:15:44.387, 1, 0 %, 0 %, 35270 MiB, 38.63 W
2026/09/20 09:15:44.388, 2, 0 %, 0 %, 35270 MiB, 38.04 W
2026/09/20 09:15:49.388, 0, 0 %, 0 %, 35270 MiB, 39.29 W
2026/09/20 09:15:49.389, 1, 0 %, 0 %, 35270 MiB, 38.56 W
2026/09/20 09:15:49.389, 2, 0 %, 0 %, 35270 MiB, 37.77 W
2026/09/20 09:15:54.390, 0, 0 %, 0 %, 35270 MiB, 39.27 W
2026/09/20 09:15:54.390, 1, 0 %, 0 %, 35270 MiB, 38.56 W
2026/09/20 09:15:54.390, 2, 0 %, 0 %, 35270 MiB, 37.75 W
2026/09/20 09:15:59.392, 0, 0 %, 0 %, 35270 MiB, 39.34 W
2026/09/20 09:15:59.392, 1, 0 %, 0 %, 35270 MiB, 38.71 W
2026/09/20 09:15:59.393, 2, 0 %, 0 %, 35270 MiB, 37.72 W
2026/09/20 09:16:04.394, 0, 0 %, 0 %, 35270 MiB, 39.47 W
2026/09/20 09:16:04.394, 1, 0 %, 0 %, 35270 MiB, 38.65 W
2026/09/20 09:16:04.395, 2, 0 %, 0 %, 35270 MiB, 37.77 W
2026/09/20 09:16:09.395, 0, 0 %, 0 %, 35270 MiB, 39.49 W
2026/09/20 09:16:09.396, 1, 0 %, 0 %, 35270 MiB, 38.75 W
2026/09/20 09:16:09.396, 2, 0 %, 0 %, 35270 MiB, 37.56 W
2026/09/20 09:16:14.396, 0, 0 %, 0 %, 35270 MiB, 39.38 W
2026/09/20 09:16:14.397, 1, 0 %, 0 %, 35270 MiB, 38.55 W
2026/09/20 09:16:14.397, 2, 0 %, 0 %, 35270 MiB, 37.46 W
2026/09/20 09:16:19.398, 0, 0 %, 0 %, 35270 MiB, 39.25 W
2026/09/20 09:16:19.399, 1, 0 %, 0 %, 35270 MiB, 38.73 W
2026/09/20 09:16:19.399, 2, 0 %, 0 %, 35270 MiB, 37.54 W
2026/09/20 09:16:24.400, 0, 0 %, 0 %, 35270 MiB, 39.34 W
2026/09/20 09:16:24.400, 1, 0 %, 0 %, 35270 MiB, 38.52 W
2026/09/20 09:16:24.400, 2, 0 %, 0 %, 35270 MiB, 37.74 W
2026/09/20 09:16:29.410, 0, 0 %, 0 %, 35270 MiB, 39.25 W
2026/09/20 09:16:29.411, 1, 0 %, 0 %, 35270 MiB, 38.63 W
2026/09/20 09:16:29.411, 2, 0 %, 0 %, 35270 MiB, 37.44 W
2026/09/20 09:16:34.411, 0, 0 %, 0 %, 35270 MiB, 39.39 W
2026/09/20 09:16:34.412, 1, 0 %, 0 %, 35270 MiB, 38.85 W
2026/09/20 09:16:34.412, 2, 0 %, 0 %, 35270 MiB, 37.48 W
2026/09/20 09:16:39.412, 0, 0 %, 0 %, 35270 MiB, 39.55 W
2026/09/20 09:16:39.413, 1, 0 %, 0 %, 35270 MiB, 38.63 W
2026/09/20 09:16:39.413, 2, 0 %, 0 %, 35270 MiB, 37.54 W
2026/09/20 09:16:44.414, 0, 0 %, 0 %, 35270 MiB, 39.34 W
2026/09/20 09:16:44.414, 1, 0 %, 0 %, 35270 MiB, 38.62 W
2026/09/20 09:16:44.415, 2, 0 %, 0 %, 35270 MiB, 37.65 W
2026/09/20 09:16:49.416, 0, 0 %, 0 %, 35270 MiB, 39.14 W
2026/09/20 09:16:49.416, 1, 0 %, 0 %, 35270 MiB, 38.71 W
2026/09/20 09:16:49.417, 2, 0 %, 0 %, 35270 MiB, 37.63 W
2026/09/20 09:16:54.418, 0, 0 %, 0 %, 35270 MiB, 39.24 W
2026/09/20 09:16:54.419, 1, 0 %, 0 %, 35270 MiB, 38.63 W
2026/09/20 09:16:54.419, 2, 0 %, 0 %, 35270 MiB, 37.75 W
2026/09/20 09:16:59.419, 0, 0 %, 0 %, 35270 MiB, 39.34 W
2026/09/20 09:16:59.420, 1, 0 %, 0 %, 35270 MiB, 38.63 W
2026/09/20 09:16:59.420, 2, 0 %, 0 %, 35270 MiB, 37.55 W
2026/09/20 09:17:04.421, 0, 0 %, 0 %, 35270 MiB, 39.25 W
2026/09/20 09:17:04.422, 1, 0 %, 0 %, 35270 MiB, 38.63 W
2026/09/20 09:17:04.422, 2, 0 %, 0 %, 35270 MiB, 37.44 W
2026/09/20 09:17:09.422, 0, 0 %, 0 %, 35270 MiB, 39.18 W
2026/09/20 09:17:09.423, 1, 0 %, 0 %, 35270 MiB, 38.85 W
2026/09/20 09:17:09.423, 2, 0 %, 0 %, 35270 MiB, 37.46 W
2026/09/20 09:17:14.426, 0, 0 %, 0 %, 35270 MiB, 39.26 W
2026/09/20 09:17:14.427, 1, 0 %, 0 %, 35270 MiB, 38.73 W
2026/09/20 09:17:14.427, 2, 0 %, 0 %, 35270 MiB, 37.46 W
2026/09/20 09:17:19.428, 0, 0 %, 0 %, 35270 MiB, 39.25 W
2026/09/20 09:17:19.428, 1, 0 %, 0 %, 35270 MiB, 38.73 W
2026/09/20 09:17:19.429, 2, 0 %, 0 %, 35270 MiB, 37.65 W
2026/09/20 09:17:24.429, 0, 0 %, 0 %, 35270 MiB, 39.22 W
2026/09/20 09:17:24.430, 1, 0 %, 0 %, 35270 MiB, 38.78 W
2026/09/20 09:17:24.430, 2, 0 %, 0 %, 35270 MiB, 37.38 W
2026/09/20 09:17:29.431, 0, 0 %, 0 %, 35270 MiB, 39.16 W
2026/09/20 09:17:29.431, 1, 0 %, 0 %, 35270 MiB, 38.73 W
2026/09/20 09:17:29.431, 2, 0 %, 0 %, 35270 MiB, 37.53 W
2026/09/20 09:17:34.433, 0, 0 %, 0 %, 35270 MiB, 39.45 W
2026/09/20 09:17:34.434, 1, 0 %, 0 %, 35270 MiB, 38.73 W
2026/09/20 09:17:34.434, 2, 0 %, 0 %, 35270 MiB, 37.36 W
2026/09/20 09:17:39.434, 0, 0 %, 0 %, 35270 MiB, 39.39 W
2026/09/20 09:17:39.435, 1, 0 %, 0 %, 35270 MiB, 38.56 W
2026/09/20 09:17:39.435, 2, 0 %, 0 %, 35270 MiB, 37.47 W
2026/09/20 09:17:44.436, 0, 0 %, 0 %, 35270 MiB, 39.26 W
2026/09/20 09:17:44.436, 1, 0 %, 0 %, 35270 MiB, 38.73 W
2026/09/20 09:17:44.437, 2, 0 %, 0 %, 35270 MiB, 37.57 W
2026/09/20 09:17:49.438, 0, 0 %, 0 %, 35270 MiB, 39.25 W
2026/09/20 09:17:49.439, 1, 0 %, 0 %, 35270 MiB, 38.53 W
2026/09/20 09:17:49.439, 2, 0 %, 0 %, 35270 MiB, 37.44 W
2026/09/20 09:17:54.452, 0, 0 %, 0 %, 35270 MiB, 39.24 W
2026/09/20 09:17:54.452, 1, 0 %, 0 %, 35270 MiB, 38.53 W
2026/09/20 09:17:54.452, 2, 0 %, 0 %, 35270 MiB, 37.53 W
2026/09/20 09:17:59.453, 0, 0 %, 0 %, 35270 MiB, 39.05 W
2026/09/20 09:17:59.454, 1, 0 %, 0 %, 35270 MiB, 38.44 W
2026/09/20 09:17:59.454, 2, 0 %, 0 %, 35270 MiB, 37.65 W
2026/09/20 09:18:04.455, 0, 0 %, 0 %, 35270 MiB, 38.99 W
2026/09/20 09:18:04.455, 1, 0 %, 0 %, 35270 MiB, 38.56 W
2026/09/20 09:18:04.456, 2, 0 %, 0 %, 35270 MiB, 37.47 W
2026/09/20 09:18:09.457, 0, 0 %, 0 %, 35270 MiB, 38.99 W
2026/09/20 09:18:09.457, 1, 0 %, 0 %, 35270 MiB, 38.46 W
2026/09/20 09:18:09.457, 2, 0 %, 0 %, 35270 MiB, 37.26 W
2026/09/20 09:18:14.459, 0, 0 %, 0 %, 35270 MiB, 39.04 W
2026/09/20 09:18:14.459, 1, 0 %, 0 %, 35270 MiB, 38.44 W
2026/09/20 09:18:14.459, 2, 0 %, 0 %, 35270 MiB, 37.44 W
2026/09/20 09:18:19.460, 0, 0 %, 0 %, 35270 MiB, 38.97 W
2026/09/20 09:18:19.461, 1, 0 %, 0 %, 35270 MiB, 38.65 W
2026/09/20 09:18:19.461, 2, 0 %, 0 %, 35270 MiB, 37.26 W
2026/09/20 09:18:24.462, 0, 0 %, 0 %, 35270 MiB, 38.99 W
2026/09/20 09:18:24.463, 1, 0 %, 0 %, 35270 MiB, 38.55 W
2026/09/20 09:18:24.463, 2, 0 %, 0 %, 35270 MiB, 37.36 W
2026/09/20 09:18:29.463, 0, 0 %, 0 %, 35270 MiB, 39.09 W
2026/09/20 09:18:29.464, 1, 0 %, 0 %, 35270 MiB, 38.56 W
2026/09/20 09:18:29.464, 2, 0 %, 0 %, 35270 MiB, 37.36 W
2026/09/20 09:18:34.464, 0, 0 %, 0 %, 35270 MiB, 39.19 W
2026/09/20 09:18:34.465, 1, 0 %, 0 %, 35270 MiB, 38.58 W
2026/09/20 09:18:34.465, 2, 0 %, 0 %, 35270 MiB, 37.39 W
2026/09/20 09:18:39.465, 0, 0 %, 0 %, 35270 MiB, 39.12 W
2026/09/20 09:18:39.466, 1, 0 %, 0 %, 35270 MiB, 38.68 W
2026/09/20 09:18:39.466, 2, 0 %, 0 %, 35270 MiB, 37.28 W
2026/09/20 09:18:44.466, 0, 0 %, 0 %, 35270 MiB, 39.22 W
2026/09/20 09:18:44.467, 1, 0 %, 0 %, 35270 MiB, 38.49 W
2026/09/20 09:18:44.467, 2, 0 %, 0 %, 35270 MiB, 37.39 W
2026/09/20 09:18:49.467, 0, 0 %, 0 %, 35270 MiB, 39.41 W
2026/09/20 09:18:49.468, 1, 0 %, 0 %, 35270 MiB, 38.49 W
2026/09/20 09:18:49.468, 2, 0 %, 0 %, 35270 MiB, 37.39 W
2026/09/20 09:18:54.469, 0, 0 %, 0 %, 35270 MiB, 39.21 W
2026/09/20 09:18:54.469, 1, 0 %, 0 %, 35270 MiB, 38.49 W
2026/09/20 09:18:54.470, 2, 0 %, 0 %, 35270 MiB, 37.49 W
2026/09/20 09:18:59.471, 0, 0 %, 0 %, 35270 MiB, 39.29 W
2026/09/20 09:18:59.471, 1, 0 %, 0 %, 35270 MiB, 38.46 W
2026/09/20 09:18:59.472, 2, 0 %, 0 %, 35270 MiB, 37.47 W
2026/09/20 09:19:04.472, 0, 0 %, 0 %, 35270 MiB, 39.11 W
2026/09/20 09:19:04.473, 1, 0 %, 0 %, 35270 MiB, 38.58 W
2026/09/20 09:19:04.473, 2, 0 %, 0 %, 35270 MiB, 37.49 W
2026/09/20 09:19:09.473, 0, 0 %, 0 %, 35270 MiB, 39.22 W
2026/09/20 09:19:09.473, 1, 0 %, 0 %, 35270 MiB, 38.49 W
2026/09/20 09:19:09.473, 2, 0 %, 0 %, 35270 MiB, 37.70 W
2026/09/20 09:19:14.474, 0, 0 %, 0 %, 35270 MiB, 39.11 W
2026/09/20 09:19:14.474, 1, 0 %, 0 %, 35270 MiB, 38.78 W
2026/09/20 09:19:14.475, 2, 0 %, 0 %, 35270 MiB, 37.60 W
2026/09/20 09:19:19.476, 0, 0 %, 0 %, 35270 MiB, 39.18 W
2026/09/20 09:19:19.476, 1, 0 %, 0 %, 35270 MiB, 38.68 W
2026/09/20 09:19:19.477, 2, 0 %, 0 %, 35270 MiB, 37.39 W
2026/09/20 09:19:24.477, 0, 0 %, 0 %, 35270 MiB, 39.22 W
2026/09/20 09:19:24.477, 1, 0 %, 0 %, 35270 MiB, 38.68 W
2026/09/20 09:19:24.478, 2, 0 %, 0 %, 35270 MiB, 37.49 W
2026/09/20 09:19:29.478, 0, 0 %, 0 %, 35270 MiB, 39.22 W
2026/09/20 09:19:29.478, 1, 0 %, 0 %, 35270 MiB, 38.69 W
2026/09/20 09:19:29.478, 2, 0 %, 0 %, 35270 MiB, 37.59 W
2026/09/20 09:19:34.478, 0, 0 %, 0 %, 35270 MiB, 39.31 W
2026/09/20 09:19:34.479, 1, 0 %, 0 %, 35270 MiB, 38.78 W
2026/09/20 09:19:34.479, 2, 0 %, 0 %, 35270 MiB, 37.49 W
2026/09/20 09:19:39.479, 0, 0 %, 0 %, 35270 MiB, 39.29 W
2026/09/20 09:19:39.480, 1, 0 %, 0 %, 35270 MiB, 38.76 W
2026/09/20 09:19:39.480, 2, 0 %, 0 %, 35270 MiB, 37.37 W
2026/09/20 09:19:44.481, 0, 0 %, 0 %, 35270 MiB, 39.57 W
2026/09/20 09:19:44.482, 1, 0 %, 0 %, 35270 MiB, 38.85 W
2026/09/20 09:19:44.482, 2, 0 %, 0 %, 35270 MiB, 37.56 W
2026/09/20 09:19:49.482, 0, 0 %, 0 %, 35270 MiB, 39.38 W
2026/09/20 09:19:49.483, 1, 0 %, 0 %, 35270 MiB, 38.85 W
2026/09/20 09:19:49.483, 2, 0 %, 0 %, 35270 MiB, 37.67 W
2026/09/20 09:19:54.483, 0, 0 %, 0 %, 35270 MiB, 39.41 W
2026/09/20 09:19:54.484, 1, 0 %, 0 %, 35270 MiB, 38.58 W
2026/09/20 09:19:54.484, 2, 0 %, 0 %, 35270 MiB, 37.49 W
2026/09/20 09:19:59.485, 0, 0 %, 0 %, 35270 MiB, 39.27 W
2026/09/20 09:19:59.486, 1, 0 %, 0 %, 35270 MiB, 38.65 W
2026/09/20 09:19:59.486, 2, 0 %, 0 %, 35270 MiB, 37.67 W
2026/09/20 09:20:04.486, 0, 0 %, 0 %, 35270 MiB, 39.47 W
2026/09/20 09:20:04.486, 1, 0 %, 0 %, 35270 MiB, 38.65 W
2026/09/20 09:20:04.486, 2, 0 %, 0 %, 35270 MiB, 37.56 W
2026/09/20 09:20:09.488, 0, 0 %, 0 %, 35270 MiB, 39.45 W
2026/09/20 09:20:09.489, 1, 0 %, 0 %, 35270 MiB, 38.73 W
2026/09/20 09:20:09.489, 2, 0 %, 0 %, 35270 MiB, 37.65 W
2026/09/20 09:20:14.489, 0, 0 %, 0 %, 35270 MiB, 39.19 W
2026/09/20 09:20:14.490, 1, 0 %, 0 %, 35270 MiB, 38.76 W
2026/09/20 09:20:14.490, 2, 0 %, 0 %, 35270 MiB, 37.69 W
2026/09/20 09:20:19.490, 0, 0 %, 0 %, 35270 MiB, 39.17 W
2026/09/20 09:20:19.491, 1, 0 %, 0 %, 35270 MiB, 38.65 W
2026/09/20 09:20:19.491, 2, 0 %, 0 %, 35270 MiB, 37.67 W
2026/09/20 09:20:24.492, 0, 0 %, 0 %, 35270 MiB, 39.18 W
2026/09/20 09:20:24.492, 1, 0 %, 0 %, 35270 MiB, 38.85 W
2026/09/20 09:20:24.493, 2, 0 %, 0 %, 35270 MiB, 37.47 W
2026/09/20 09:20:29.494, 0, 0 %, 0 %, 35270 MiB, 39.16 W
2026/09/20 09:20:29.494, 1, 0 %, 0 %, 35270 MiB, 38.63 W
2026/09/20 09:20:29.494, 2, 0 %, 0 %, 35270 MiB, 37.36 W
2026/09/20 09:20:34.496, 0, 0 %, 0 %, 35270 MiB, 39.06 W
2026/09/20 09:20:34.497, 1, 0 %, 0 %, 35270 MiB, 38.63 W
2026/09/20 09:20:34.497, 2, 0 %, 0 %, 35270 MiB, 37.25 W
2026/09/20 09:20:39.498, 0, 0 %, 0 %, 35270 MiB, 39.26 W
2026/09/20 09:20:39.499, 1, 0 %, 0 %, 35270 MiB, 38.53 W
2026/09/20 09:20:39.499, 2, 0 %, 0 %, 35270 MiB, 37.25 W
2026/09/20 09:20:44.500, 0, 0 %, 0 %, 35270 MiB, 39.10 W
2026/09/20 09:20:44.500, 1, 0 %, 0 %, 35270 MiB, 38.68 W
2026/09/20 09:20:44.501, 2, 0 %, 0 %, 35270 MiB, 37.28 W
2026/09/20 09:20:49.501, 0, 0 %, 0 %, 35270 MiB, 39.19 W
2026/09/20 09:20:49.502, 1, 0 %, 0 %, 35270 MiB, 38.66 W
2026/09/20 09:20:49.502, 2, 0 %, 0 %, 35270 MiB, 37.37 W
2026/09/20 09:20:54.503, 0, 0 %, 0 %, 35270 MiB, 39.23 W
2026/09/20 09:20:54.503, 1, 0 %, 0 %, 35270 MiB, 38.61 W
2026/09/20 09:20:54.504, 2, 0 %, 0 %, 35270 MiB, 37.33 W
2026/09/20 09:20:59.505, 0, 0 %, 0 %, 35270 MiB, 39.24 W
2026/09/20 09:20:59.505, 1, 0 %, 0 %, 35270 MiB, 38.62 W
2026/09/20 09:20:59.505, 2, 0 %, 0 %, 35270 MiB, 37.34 W
2026/09/20 09:21:04.506, 0, 0 %, 0 %, 35270 MiB, 39.15 W
2026/09/20 09:21:04.506, 1, 0 %, 0 %, 35270 MiB, 38.53 W
2026/09/20 09:21:04.506, 2, 0 %, 0 %, 35270 MiB, 37.55 W
2026/09/20 09:21:09.508, 0, 0 %, 0 %, 35270 MiB, 39.34 W
2026/09/20 09:21:09.509, 1, 0 %, 0 %, 35270 MiB, 38.63 W
2026/09/20 09:21:09.509, 2, 0 %, 0 %, 35270 MiB, 37.44 W
2026/09/20 09:21:14.512, 0, 0 %, 0 %, 35270 MiB, 39.63 W
2026/09/20 09:21:14.512, 1, 0 %, 0 %, 35270 MiB, 38.53 W
2026/09/20 09:21:14.513, 2, 0 %, 0 %, 35270 MiB, 37.44 W
2026/09/20 09:21:19.514, 0, 0 %, 0 %, 35270 MiB, 39.06 W
2026/09/20 09:21:19.515, 1, 0 %, 0 %, 35270 MiB, 38.63 W
2026/09/20 09:21:19.515, 2, 0 %, 0 %, 35270 MiB, 37.44 W
2026/09/20 09:21:24.516, 0, 0 %, 0 %, 35270 MiB, 39.06 W
2026/09/20 09:21:24.517, 1, 0 %, 0 %, 35270 MiB, 38.53 W
2026/09/20 09:21:24.517, 2, 0 %, 0 %, 35270 MiB, 37.56 W
2026/09/20 09:21:29.518, 0, 20 %, 1 %, 35270 MiB, 39.08 W
2026/09/20 09:21:29.518, 1, 0 %, 0 %, 35270 MiB, 38.56 W
2026/09/20 09:21:29.519, 2, 0 %, 0 %, 35270 MiB, 37.46 W
2026/09/20 09:21:34.520, 0, 10 %, 0 %, 35270 MiB, 39.35 W
2026/09/20 09:21:34.521, 1, 0 %, 0 %, 35270 MiB, 38.53 W
2026/09/20 09:21:34.521, 2, 0 %, 0 %, 35270 MiB, 37.35 W
2026/09/20 09:21:39.522, 0, 40 %, 1 %, 35270 MiB, 41.43 W
2026/09/20 09:21:39.522, 1, 0 %, 0 %, 35270 MiB, 38.53 W
2026/09/20 09:21:39.523, 2, 0 %, 0 %, 35270 MiB, 37.24 W
2026/09/20 09:21:44.524, 0, 20 %, 1 %, 35270 MiB, 39.16 W
2026/09/20 09:21:44.525, 1, 0 %, 0 %, 35270 MiB, 38.63 W
2026/09/20 09:21:44.525, 2, 0 %, 0 %, 35270 MiB, 37.35 W
2026/09/20 09:21:49.526, 0, 0 %, 0 %, 35270 MiB, 39.25 W
2026/09/20 09:21:49.527, 1, 0 %, 0 %, 35270 MiB, 38.63 W
2026/09/20 09:21:49.527, 2, 0 %, 0 %, 35270 MiB, 37.33 W
2026/09/20 09:21:54.528, 0, 24 %, 1 %, 35270 MiB, 39.16 W
2026/09/20 09:21:54.528, 1, 0 %, 0 %, 35270 MiB, 38.83 W
2026/09/20 09:21:54.528, 2, 0 %, 0 %, 35270 MiB, 37.24 W
2026/09/20 09:21:59.529, 0, 0 %, 0 %, 35270 MiB, 39.14 W
2026/09/20 09:21:59.530, 1, 0 %, 0 %, 35270 MiB, 38.62 W
2026/09/20 09:21:59.530, 2, 0 %, 0 %, 35270 MiB, 37.23 W
2026/09/20 09:22:04.531, 0, 0 %, 0 %, 35270 MiB, 39.06 W
2026/09/20 09:22:04.531, 1, 0 %, 0 %, 35270 MiB, 38.63 W
2026/09/20 09:22:04.531, 2, 0 %, 0 %, 35270 MiB, 37.44 W
2026/09/20 09:22:09.533, 0, 19 %, 1 %, 35270 MiB, 41.24 W
2026/09/20 09:22:09.534, 1, 0 %, 0 %, 35270 MiB, 38.44 W
2026/09/20 09:22:09.534, 2, 0 %, 0 %, 35270 MiB, 37.25 W
2026/09/20 09:22:14.534, 0, 6 %, 0 %, 35270 MiB, 42.66 W
2026/09/20 09:22:14.535, 1, 0 %, 0 %, 35270 MiB, 38.49 W
2026/09/20 09:22:14.535, 2, 0 %, 0 %, 35270 MiB, 37.39 W
2026/09/20 09:22:19.536, 0, 0 %, 0 %, 35270 MiB, 39.65 W
2026/09/20 09:22:19.536, 1, 0 %, 0 %, 35270 MiB, 38.44 W
2026/09/20 09:22:19.536, 2, 0 %, 0 %, 35270 MiB, 37.33 W
2026/09/20 09:22:24.538, 0, 25 %, 1 %, 35270 MiB, 39.24 W
2026/09/20 09:22:24.539, 1, 0 %, 0 %, 35270 MiB, 38.34 W
2026/09/20 09:22:24.539, 2, 0 %, 0 %, 35270 MiB, 37.44 W
2026/09/20 09:22:29.539, 0, 17 %, 1 %, 35270 MiB, 39.18 W
2026/09/20 09:22:29.540, 1, 0 %, 0 %, 35270 MiB, 38.45 W
2026/09/20 09:22:29.540, 2, 0 %, 0 %, 35270 MiB, 37.46 W
2026/09/20 09:22:34.540, 0, 0 %, 0 %, 35270 MiB, 39.17 W
2026/09/20 09:22:34.541, 1, 5 %, 0 %, 35270 MiB, 43.79 W
2026/09/20 09:22:34.541, 2, 0 %, 0 %, 35270 MiB, 37.47 W
2026/09/20 09:22:39.541, 0, 0 %, 0 %, 35270 MiB, 39.15 W
2026/09/20 09:22:39.542, 1, 0 %, 0 %, 35270 MiB, 38.53 W
2026/09/20 09:22:39.542, 2, 0 %, 0 %, 35270 MiB, 37.44 W
2026/09/20 09:22:44.543, 0, 0 %, 0 %, 35270 MiB, 39.35 W
2026/09/20 09:22:44.543, 1, 0 %, 0 %, 35270 MiB, 40.51 W
2026/09/20 09:22:44.543, 2, 0 %, 0 %, 35270 MiB, 37.33 W
2026/09/20 09:22:49.545, 0, 0 %, 0 %, 35270 MiB, 39.16 W
2026/09/20 09:22:49.545, 1, 24 %, 1 %, 35270 MiB, 38.73 W
2026/09/20 09:22:49.546, 2, 0 %, 0 %, 35270 MiB, 37.33 W
2026/09/20 09:22:54.547, 0, 0 %, 0 %, 35270 MiB, 39.17 W
2026/09/20 09:22:54.548, 1, 5 %, 0 %, 35270 MiB, 39.82 W
2026/09/20 09:22:54.548, 2, 0 %, 0 %, 35270 MiB, 37.24 W
2026/09/20 09:22:59.548, 0, 0 %, 0 %, 35270 MiB, 39.17 W
2026/09/20 09:22:59.549, 1, 0 %, 0 %, 35270 MiB, 38.64 W
2026/09/20 09:22:59.549, 2, 0 %, 0 %, 35270 MiB, 37.46 W
2026/09/20 09:23:04.549, 0, 25 %, 1 %, 35270 MiB, 40.16 W
2026/09/20 09:23:04.550, 1, 0 %, 0 %, 35270 MiB, 38.65 W
2026/09/20 09:23:04.550, 2, 0 %, 0 %, 35270 MiB, 37.28 W
2026/09/20 09:23:09.550, 0, 0 %, 0 %, 35270 MiB, 39.36 W
2026/09/20 09:23:09.551, 1, 0 %, 0 %, 35270 MiB, 39.62 W
2026/09/20 09:23:09.551, 2, 0 %, 0 %, 35270 MiB, 37.46 W
2026/09/20 09:23:14.552, 0, 0 %, 0 %, 35270 MiB, 39.26 W
2026/09/20 09:23:14.552, 1, 0 %, 0 %, 35270 MiB, 38.53 W
2026/09/20 09:23:14.552, 2, 0 %, 0 %, 35270 MiB, 37.45 W
2026/09/20 09:23:19.554, 0, 0 %, 0 %, 35270 MiB, 39.39 W
2026/09/20 09:23:19.554, 1, 0 %, 0 %, 35270 MiB, 38.47 W
2026/09/20 09:23:19.554, 2, 0 %, 0 %, 35270 MiB, 37.47 W
2026/09/20 09:23:24.556, 0, 0 %, 0 %, 35270 MiB, 39.26 W
2026/09/20 09:23:24.556, 1, 0 %, 0 %, 35270 MiB, 39.13 W
2026/09/20 09:23:24.556, 2, 0 %, 0 %, 35270 MiB, 37.44 W
2026/09/20 09:23:29.558, 0, 0 %, 0 %, 35270 MiB, 39.26 W
2026/09/20 09:23:29.558, 1, 15 %, 1 %, 35270 MiB, 38.44 W
2026/09/20 09:23:29.559, 2, 0 %, 0 %, 35270 MiB, 37.45 W
2026/09/20 09:23:34.561, 0, 0 %, 0 %, 35270 MiB, 38.99 W
2026/09/20 09:23:34.561, 1, 0 %, 0 %, 35270 MiB, 38.46 W
2026/09/20 09:23:34.561, 2, 0 %, 0 %, 35270 MiB, 37.27 W
2026/09/20 09:23:39.562, 0, 0 %, 0 %, 35270 MiB, 39.09 W
2026/09/20 09:23:39.563, 1, 5 %, 0 %, 35270 MiB, 38.45 W
2026/09/20 09:23:39.563, 2, 0 %, 0 %, 35270 MiB, 37.37 W
2026/09/20 09:23:44.564, 0, 0 %, 0 %, 35270 MiB, 38.96 W
2026/09/20 09:23:44.564, 1, 0 %, 0 %, 35270 MiB, 38.53 W
2026/09/20 09:23:44.565, 2, 0 %, 0 %, 35270 MiB, 37.44 W
2026/09/20 09:23:49.565, 0, 0 %, 0 %, 35270 MiB, 39.09 W
2026/09/20 09:23:49.566, 1, 0 %, 0 %, 35270 MiB, 38.48 W
2026/09/20 09:23:49.566, 2, 0 %, 0 %, 35270 MiB, 37.18 W
2026/09/20 09:23:54.566, 0, 0 %, 0 %, 35270 MiB, 38.99 W
2026/09/20 09:23:54.567, 1, 0 %, 0 %, 35270 MiB, 38.46 W
2026/09/20 09:23:54.567, 2, 0 %, 0 %, 35270 MiB, 37.27 W
2026/09/20 09:23:59.567, 0, 0 %, 0 %, 35270 MiB, 39.16 W
2026/09/20 09:23:59.568, 1, 0 %, 0 %, 35270 MiB, 38.53 W
2026/09/20 09:23:59.568, 2, 0 %, 0 %, 35270 MiB, 37.24 W
2026/09/20 09:24:04.569, 0, 0 %, 0 %, 35270 MiB, 39.16 W
2026/09/20 09:24:04.570, 1, 0 %, 0 %, 35270 MiB, 38.53 W
2026/09/20 09:24:04.570, 2, 0 %, 0 %, 35270 MiB, 37.35 W
2026/09/20 09:24:09.570, 0, 0 %, 0 %, 35270 MiB, 39.14 W
2026/09/20 09:24:09.571, 1, 0 %, 0 %, 35270 MiB, 38.53 W
2026/09/20 09:24:09.571, 2, 15 %, 1 %, 35270 MiB, 37.23 W
2026/09/20 09:24:14.571, 0, 0 %, 0 %, 35270 MiB, 38.96 W
2026/09/20 09:24:14.572, 1, 0 %, 0 %, 35270 MiB, 38.53 W
2026/09/20 09:24:14.572, 2, 0 %, 0 %, 35270 MiB, 37.44 W
2026/09/20 09:24:19.573, 0, 0 %, 0 %, 35270 MiB, 39.07 W
2026/09/20 09:24:19.581, 1, 25 %, 1 %, 35270 MiB, 38.42 W
2026/09/20 09:24:19.581, 2, 0 %, 0 %, 35270 MiB, 37.24 W
2026/09/20 09:24:24.583, 0, 0 %, 0 %, 35270 MiB, 39.08 W
2026/09/20 09:24:24.583, 1, 13 %, 1 %, 35270 MiB, 46.07 W
2026/09/20 09:24:24.584, 2, 0 %, 0 %, 35270 MiB, 37.24 W
2026/09/20 09:24:29.585, 0, 0 %, 0 %, 35270 MiB, 39.17 W
2026/09/20 09:24:29.585, 1, 0 %, 0 %, 35270 MiB, 38.35 W
2026/09/20 09:24:29.585, 2, 0 %, 0 %, 35270 MiB, 37.37 W
2026/09/20 09:24:34.587, 0, 0 %, 0 %, 35270 MiB, 39.35 W
2026/09/20 09:24:34.588, 1, 0 %, 0 %, 35270 MiB, 38.44 W
2026/09/20 09:24:34.588, 2, 0 %, 0 %, 35270 MiB, 51.82 W
2026/09/20 09:24:39.589, 0, 0 %, 0 %, 35270 MiB, 39.08 W
2026/09/20 09:24:39.590, 1, 0 %, 0 %, 35270 MiB, 38.44 W
2026/09/20 09:24:39.590, 2, 49 %, 2 %, 35270 MiB, 39.05 W
2026/09/20 09:24:44.591, 0, 0 %, 0 %, 35270 MiB, 38.95 W
2026/09/20 09:24:44.592, 1, 0 %, 0 %, 35270 MiB, 38.23 W
2026/09/20 09:24:44.592, 2, 24 %, 1 %, 35270 MiB, 38.24 W
2026/09/20 09:24:49.593, 0, 0 %, 0 %, 35270 MiB, 38.88 W
2026/09/20 09:24:49.593, 1, 0 %, 0 %, 35270 MiB, 38.36 W
2026/09/20 09:24:49.593, 2, 24 %, 1 %, 35270 MiB, 37.67 W
2026/09/20 09:24:54.595, 0, 0 %, 0 %, 35270 MiB, 39.09 W
2026/09/20 09:24:54.595, 1, 0 %, 0 %, 35270 MiB, 38.46 W
2026/09/20 09:24:54.596, 2, 0 %, 0 %, 35270 MiB, 37.26 W
2026/09/20 09:24:59.597, 0, 0 %, 0 %, 35270 MiB, 38.96 W
2026/09/20 09:24:59.597, 1, 0 %, 0 %, 35270 MiB, 38.34 W
2026/09/20 09:24:59.598, 2, 0 %, 0 %, 35270 MiB, 37.24 W
2026/09/20 09:25:04.598, 0, 0 %, 0 %, 35270 MiB, 39.07 W
2026/09/20 09:25:04.599, 1, 0 %, 0 %, 35270 MiB, 38.44 W
2026/09/20 09:25:04.599, 2, 0 %, 0 %, 35270 MiB, 37.24 W
2026/09/20 09:25:09.600, 0, 0 %, 0 %, 35270 MiB, 39.06 W
2026/09/20 09:25:09.600, 1, 0 %, 0 %, 35270 MiB, 38.63 W
2026/09/20 09:25:09.600, 2, 0 %, 0 %, 35270 MiB, 37.45 W
2026/09/20 09:25:14.602, 0, 0 %, 0 %, 35270 MiB, 38.76 W
2026/09/20 09:25:14.602, 1, 0 %, 0 %, 35270 MiB, 38.44 W
2026/09/20 09:25:14.602, 2, 0 %, 0 %, 35270 MiB, 37.44 W
2026/09/20 09:25:19.604, 0, 0 %, 0 %, 35270 MiB, 39.14 W
2026/09/20 09:25:19.604, 1, 0 %, 0 %, 35270 MiB, 38.53 W
2026/09/20 09:25:19.604, 2, 0 %, 0 %, 35270 MiB, 37.44 W
2026/09/20 09:25:24.606, 0, 0 %, 0 %, 35270 MiB, 39.06 W
2026/09/20 09:25:24.606, 1, 0 %, 0 %, 35270 MiB, 38.53 W
2026/09/20 09:25:24.607, 2, 0 %, 0 %, 35270 MiB, 37.24 W
2026/09/20 09:25:29.608, 0, 0 %, 0 %, 35270 MiB, 39.07 W
2026/09/20 09:25:29.609, 1, 0 %, 0 %, 35270 MiB, 38.44 W
2026/09/20 09:25:29.609, 2, 0 %, 0 %, 35270 MiB, 37.35 W
2026/09/20 09:25:34.610, 0, 0 %, 0 %, 35270 MiB, 39.17 W
2026/09/20 09:25:34.611, 1, 0 %, 0 %, 35270 MiB, 38.34 W
2026/09/20 09:25:34.611, 2, 0 %, 0 %, 35270 MiB, 37.35 W
2026/09/20 09:25:39.612, 0, 0 %, 0 %, 35270 MiB, 39.16 W
2026/09/20 09:25:39.613, 1, 0 %, 0 %, 35270 MiB, 38.34 W
2026/09/20 09:25:39.613, 2, 20 %, 1 %, 35270 MiB, 37.44 W
2026/09/20 09:25:44.614, 0, 0 %, 0 %, 35270 MiB, 39.07 W
2026/09/20 09:25:44.614, 1, 0 %, 0 %, 35270 MiB, 38.64 W
2026/09/20 09:25:44.615, 2, 0 %, 0 %, 35270 MiB, 37.56 W
2026/09/20 09:25:49.616, 0, 0 %, 0 %, 35270 MiB, 39.19 W
2026/09/20 09:25:49.616, 1, 0 %, 0 %, 35270 MiB, 38.46 W
2026/09/20 09:25:49.617, 2, 0 %, 0 %, 35270 MiB, 37.47 W
2026/09/20 09:25:54.618, 0, 0 %, 0 %, 35270 MiB, 39.06 W
2026/09/20 09:25:54.618, 1, 0 %, 0 %, 35270 MiB, 38.44 W
2026/09/20 09:25:54.618, 2, 0 %, 0 %, 35270 MiB, 37.44 W
2026/09/20 09:25:59.620, 0, 0 %, 0 %, 35270 MiB, 39.05 W
2026/09/20 09:25:59.621, 1, 0 %, 0 %, 35270 MiB, 38.34 W
2026/09/20 09:25:59.621, 2, 0 %, 0 %, 35270 MiB, 37.24 W
2026/09/20 09:26:04.622, 0, 0 %, 0 %, 35270 MiB, 38.96 W
2026/09/20 09:26:04.623, 1, 0 %, 0 %, 35270 MiB, 38.44 W
2026/09/20 09:26:04.623, 2, 0 %, 0 %, 35270 MiB, 37.44 W
2026/09/20 09:26:09.624, 0, 0 %, 0 %, 35270 MiB, 39.12 W
2026/09/20 09:26:09.624, 1, 0 %, 0 %, 35270 MiB, 38.37 W
2026/09/20 09:26:09.625, 2, 0 %, 0 %, 35270 MiB, 37.28 W
2026/09/20 09:26:14.626, 0, 0 %, 0 %, 35270 MiB, 39.07 W
2026/09/20 09:26:14.626, 1, 0 %, 0 %, 35270 MiB, 38.44 W
2026/09/20 09:26:14.626, 2, 0 %, 0 %, 35270 MiB, 37.26 W
2026/09/20 09:26:19.628, 0, 0 %, 0 %, 35270 MiB, 39.04 W
2026/09/20 09:26:19.629, 1, 0 %, 0 %, 35270 MiB, 38.72 W
2026/09/20 09:26:19.629, 2, 0 %, 0 %, 35270 MiB, 37.23 W
2026/09/20 09:26:24.630, 0, 0 %, 0 %, 35270 MiB, 39.24 W
2026/09/20 09:26:24.630, 1, 0 %, 0 %, 35270 MiB, 38.52 W
2026/09/20 09:26:24.630, 2, 0 %, 0 %, 35270 MiB, 37.44 W
2026/09/20 09:26:29.631, 0, 0 %, 0 %, 35270 MiB, 39.07 W
2026/09/20 09:26:29.631, 1, 0 %, 0 %, 35270 MiB, 38.46 W
2026/09/20 09:26:29.632, 2, 0 %, 0 %, 35270 MiB, 37.37 W
2026/09/20 09:26:34.632, 0, 0 %, 0 %, 35270 MiB, 39.16 W
2026/09/20 09:26:34.633, 1, 0 %, 0 %, 35270 MiB, 38.23 W
2026/09/20 09:26:34.633, 2, 0 %, 0 %, 35270 MiB, 37.24 W
2026/09/20 09:26:39.634, 0, 0 %, 0 %, 35270 MiB, 39.17 W
2026/09/20 09:26:39.634, 1, 0 %, 0 %, 35270 MiB, 38.44 W
2026/09/20 09:26:39.635, 2, 0 %, 0 %, 35270 MiB, 37.33 W
2026/09/20 09:26:44.635, 0, 0 %, 0 %, 35270 MiB, 39.17 W
2026/09/20 09:26:44.635, 1, 0 %, 0 %, 35270 MiB, 38.23 W
2026/09/20 09:26:44.636, 2, 0 %, 0 %, 35270 MiB, 37.44 W
2026/09/20 09:26:49.636, 0, 0 %, 0 %, 35270 MiB, 39.16 W
2026/09/20 09:26:49.637, 1, 0 %, 0 %, 35270 MiB, 38.34 W
2026/09/20 09:26:49.637, 2, 0 %, 0 %, 35270 MiB, 37.44 W
2026/09/20 09:26:54.637, 0, 0 %, 0 %, 35270 MiB, 38.89 W
2026/09/20 09:26:54.638, 1, 0 %, 0 %, 35270 MiB, 38.49 W
2026/09/20 09:26:54.638, 2, 0 %, 0 %, 35270 MiB, 37.37 W
2026/09/20 09:26:59.638, 0, 0 %, 0 %, 35270 MiB, 38.90 W
2026/09/20 09:26:59.639, 1, 0 %, 0 %, 35270 MiB, 38.25 W
2026/09/20 09:26:59.639, 2, 0 %, 0 %, 35270 MiB, 37.56 W
2026/09/20 09:27:04.640, 0, 0 %, 0 %, 35270 MiB, 38.96 W
2026/09/20 09:27:04.641, 1, 0 %, 0 %, 35270 MiB, 38.34 W
2026/09/20 09:27:04.641, 2, 0 %, 0 %, 35270 MiB, 37.33 W
2026/09/20 09:27:09.641, 0, 0 %, 0 %, 35270 MiB, 38.96 W
2026/09/20 09:27:09.642, 1, 0 %, 0 %, 35270 MiB, 38.34 W
2026/09/20 09:27:09.642, 2, 0 %, 0 %, 35270 MiB, 37.23 W
2026/09/20 09:27:14.647, 0, 0 %, 0 %, 35270 MiB, 38.96 W
2026/09/20 09:27:14.647, 1, 0 %, 0 %, 35270 MiB, 38.44 W
2026/09/20 09:27:14.647, 2, 0 %, 0 %, 35270 MiB, 37.24 W
2026/09/20 09:27:19.648, 0, 0 %, 0 %, 35270 MiB, 39.11 W
2026/09/20 09:27:19.649, 1, 0 %, 0 %, 35270 MiB, 38.39 W
2026/09/20 09:27:19.649, 2, 0 %, 0 %, 35270 MiB, 37.28 W
2026/09/20 09:27:24.649, 0, 0 %, 0 %, 35270 MiB, 39.01 W
2026/09/20 09:27:24.650, 1, 0 %, 0 %, 35270 MiB, 38.39 W
2026/09/20 09:27:24.650, 2, 0 %, 0 %, 35270 MiB, 37.18 W
2026/09/20 09:27:29.650, 0, 0 %, 0 %, 35270 MiB, 38.90 W
2026/09/20 09:27:29.651, 1, 0 %, 0 %, 35270 MiB, 38.27 W
2026/09/20 09:27:29.651, 2, 0 %, 0 %, 35270 MiB, 37.18 W
2026/09/20 09:27:34.652, 0, 0 %, 0 %, 35270 MiB, 38.97 W
2026/09/20 09:27:34.652, 1, 0 %, 0 %, 35270 MiB, 38.44 W
2026/09/20 09:27:34.652, 2, 0 %, 0 %, 35270 MiB, 37.25 W
2026/09/20 09:27:39.654, 0, 0 %, 0 %, 35270 MiB, 39.04 W
2026/09/20 09:27:39.654, 1, 0 %, 0 %, 35270 MiB, 38.33 W
2026/09/20 09:27:39.654, 2, 0 %, 0 %, 35270 MiB, 37.33 W
2026/09/20 09:27:44.656, 0, 0 %, 0 %, 35270 MiB, 38.96 W
2026/09/20 09:27:44.657, 1, 0 %, 0 %, 35270 MiB, 38.13 W
2026/09/20 09:27:44.657, 2, 0 %, 0 %, 35270 MiB, 37.35 W
2026/09/20 09:27:49.658, 0, 0 %, 0 %, 35270 MiB, 38.96 W
2026/09/20 09:27:49.658, 1, 0 %, 0 %, 35270 MiB, 38.25 W
2026/09/20 09:27:49.659, 2, 0 %, 0 %, 35270 MiB, 37.25 W
2026/09/20 09:27:54.660, 0, 0 %, 0 %, 35270 MiB, 38.97 W
2026/09/20 09:27:54.661, 1, 0 %, 0 %, 35270 MiB, 38.14 W
2026/09/20 09:27:54.661, 2, 0 %, 0 %, 35270 MiB, 37.14 W
2026/09/20 09:27:59.661, 0, 0 %, 0 %, 35270 MiB, 39.02 W
2026/09/20 09:27:59.662, 1, 0 %, 0 %, 35270 MiB, 38.08 W
2026/09/20 09:27:59.662, 2, 0 %, 0 %, 35270 MiB, 37.28 W
2026/09/20 09:28:04.663, 0, 0 %, 0 %, 35270 MiB, 38.89 W
2026/09/20 09:28:04.663, 1, 0 %, 0 %, 35270 MiB, 38.06 W
2026/09/20 09:28:04.663, 2, 0 %, 0 %, 35270 MiB, 37.35 W
2026/09/20 09:28:09.665, 0, 0 %, 0 %, 35270 MiB, 38.85 W
2026/09/20 09:28:09.665, 1, 0 %, 0 %, 35270 MiB, 38.33 W
2026/09/20 09:28:09.666, 2, 0 %, 0 %, 35270 MiB, 37.34 W
2026/09/20 09:28:14.667, 0, 0 %, 0 %, 35270 MiB, 39.06 W
2026/09/20 09:28:14.668, 1, 0 %, 0 %, 35270 MiB, 38.24 W
2026/09/20 09:28:14.668, 2, 0 %, 0 %, 35270 MiB, 37.35 W
2026/09/20 09:28:19.669, 0, 0 %, 0 %, 35270 MiB, 38.88 W
2026/09/20 09:28:19.670, 1, 0 %, 0 %, 35270 MiB, 38.15 W
2026/09/20 09:28:19.670, 2, 0 %, 0 %, 35270 MiB, 37.15 W
2026/09/20 09:28:24.670, 0, 0 %, 0 %, 35270 MiB, 38.92 W
2026/09/20 09:28:24.671, 1, 0 %, 0 %, 35270 MiB, 38.49 W
2026/09/20 09:28:24.671, 2, 0 %, 0 %, 35270 MiB, 37.09 W
2026/09/20 09:28:29.672, 0, 0 %, 0 %, 35270 MiB, 38.92 W
2026/09/20 09:28:29.672, 1, 0 %, 0 %, 35270 MiB, 38.28 W
2026/09/20 09:28:29.673, 2, 0 %, 0 %, 35270 MiB, 37.09 W
2026/09/20 09:28:34.673, 0, 0 %, 0 %, 35270 MiB, 38.89 W
2026/09/20 09:28:34.674, 1, 0 %, 0 %, 35270 MiB, 38.36 W
2026/09/20 09:28:34.674, 2, 0 %, 0 %, 35270 MiB, 37.47 W
2026/09/20 09:28:39.675, 0, 0 %, 0 %, 35270 MiB, 38.94 W
2026/09/20 09:28:39.675, 1, 0 %, 0 %, 35270 MiB, 38.34 W
2026/09/20 09:28:39.675, 2, 0 %, 0 %, 35270 MiB, 37.13 W
2026/09/20 09:28:44.677, 0, 0 %, 0 %, 35270 MiB, 38.97 W
2026/09/20 09:28:44.678, 1, 0 %, 0 %, 35270 MiB, 38.44 W
2026/09/20 09:28:44.678, 2, 0 %, 0 %, 35270 MiB, 37.24 W
2026/09/20 09:28:49.678, 0, 0 %, 0 %, 35270 MiB, 38.95 W
2026/09/20 09:28:49.679, 1, 0 %, 0 %, 35270 MiB, 38.12 W
2026/09/20 09:28:49.679, 2, 0 %, 0 %, 35270 MiB, 37.23 W
2026/09/20 09:28:54.679, 0, 0 %, 0 %, 35270 MiB, 39.07 W
2026/09/20 09:28:54.680, 1, 0 %, 0 %, 35270 MiB, 38.13 W
2026/09/20 09:28:54.680, 2, 0 %, 0 %, 35270 MiB, 37.33 W
2026/09/20 09:28:59.681, 0, 0 %, 0 %, 35270 MiB, 39.07 W
2026/09/20 09:28:59.682, 1, 0 %, 0 %, 35270 MiB, 38.45 W
2026/09/20 09:28:59.682, 2, 0 %, 0 %, 35270 MiB, 37.36 W
2026/09/20 09:29:04.682, 0, 0 %, 0 %, 35270 MiB, 38.99 W
2026/09/20 09:29:04.683, 1, 0 %, 0 %, 35270 MiB, 38.25 W
2026/09/20 09:29:04.683, 2, 0 %, 0 %, 35270 MiB, 37.26 W
2026/09/20 09:29:09.684, 0, 24 %, 1 %, 35270 MiB, 38.96 W
2026/09/20 09:29:09.684, 1, 0 %, 0 %, 35270 MiB, 38.23 W
2026/09/20 09:29:09.685, 2, 0 %, 0 %, 35270 MiB, 37.44 W
2026/09/20 09:29:14.686, 0, 11 %, 1 %, 35270 MiB, 38.86 W
2026/09/20 09:29:14.686, 1, 0 %, 0 %, 35270 MiB, 38.13 W
2026/09/20 09:29:14.686, 2, 0 %, 0 %, 35270 MiB, 37.35 W
2026/09/20 09:29:19.688, 0, 15 %, 1 %, 35270 MiB, 38.99 W
2026/09/20 09:29:19.689, 1, 0 %, 0 %, 35270 MiB, 38.36 W
2026/09/20 09:29:19.689, 2, 0 %, 0 %, 35270 MiB, 37.26 W
2026/09/20 09:29:24.689, 0, 24 %, 1 %, 35270 MiB, 39.08 W
2026/09/20 09:29:24.690, 1, 0 %, 0 %, 35270 MiB, 38.36 W
2026/09/20 09:29:24.690, 2, 0 %, 0 %, 35270 MiB, 37.26 W
2026/09/20 09:29:29.691, 0, 0 %, 0 %, 35270 MiB, 39.06 W
2026/09/20 09:29:29.692, 1, 0 %, 0 %, 35270 MiB, 38.34 W
2026/09/20 09:29:29.692, 2, 0 %, 0 %, 35270 MiB, 37.35 W
2026/09/20 09:29:34.692, 0, 21 %, 1 %, 35270 MiB, 38.95 W
2026/09/20 09:29:34.693, 1, 0 %, 0 %, 35270 MiB, 38.34 W
2026/09/20 09:29:34.693, 2, 0 %, 0 %, 35270 MiB, 37.24 W
2026/09/20 09:29:39.694, 0, 0 %, 0 %, 35270 MiB, 38.96 W
2026/09/20 09:29:39.695, 1, 0 %, 0 %, 35270 MiB, 38.34 W
2026/09/20 09:29:39.695, 2, 0 %, 0 %, 35270 MiB, 37.24 W
2026/09/20 09:29:44.700, 0, 0 %, 0 %, 35270 MiB, 39.07 W
2026/09/20 09:29:44.700, 1, 0 %, 0 %, 35270 MiB, 38.36 W
2026/09/20 09:29:44.700, 2, 0 %, 0 %, 35270 MiB, 37.25 W
2026/09/20 09:29:49.702, 0, 0 %, 0 %, 35270 MiB, 39.08 W
2026/09/20 09:29:49.702, 1, 0 %, 0 %, 35270 MiB, 38.36 W
2026/09/20 09:29:49.702, 2, 0 %, 0 %, 35270 MiB, 37.26 W
2026/09/20 09:29:54.711, 0, 23 %, 1 %, 35270 MiB, 38.96 W
2026/09/20 09:29:54.712, 1, 0 %, 0 %, 35270 MiB, 38.23 W
2026/09/20 09:29:54.712, 2, 0 %, 0 %, 35270 MiB, 37.14 W
2026/09/20 09:29:59.713, 0, 0 %, 0 %, 35270 MiB, 38.95 W
2026/09/20 09:29:59.714, 1, 0 %, 0 %, 35270 MiB, 38.12 W
2026/09/20 09:29:59.714, 2, 0 %, 0 %, 35270 MiB, 37.23 W
2026/09/20 09:30:04.715, 0, 0 %, 0 %, 35270 MiB, 39.07 W
2026/09/20 09:30:04.715, 1, 5 %, 0 %, 35270 MiB, 38.33 W
2026/09/20 09:30:04.716, 2, 0 %, 0 %, 35270 MiB, 37.14 W
2026/09/20 09:30:09.717, 0, 0 %, 0 %, 35270 MiB, 43.99 W
2026/09/20 09:30:09.718, 1, 0 %, 0 %, 35270 MiB, 38.33 W
2026/09/20 09:30:09.718, 2, 0 %, 0 %, 35270 MiB, 37.24 W
2026/09/20 09:30:14.719, 0, 0 %, 0 %, 35270 MiB, 38.86 W
2026/09/20 09:30:14.720, 1, 8 %, 0 %, 35270 MiB, 38.23 W
2026/09/20 09:30:14.720, 2, 0 %, 0 %, 35270 MiB, 37.24 W
2026/09/20 09:30:19.720, 0, 0 %, 0 %, 35270 MiB, 39.06 W
2026/09/20 09:30:19.721, 1, 0 %, 0 %, 35270 MiB, 38.13 W
2026/09/20 09:30:19.721, 2, 0 %, 0 %, 35270 MiB, 37.34 W
2026/09/20 09:30:24.721, 0, 0 %, 0 %, 35270 MiB, 38.86 W
2026/09/20 09:30:24.722, 1, 0 %, 0 %, 35270 MiB, 38.12 W
2026/09/20 09:30:24.722, 2, 0 %, 0 %, 35270 MiB, 37.34 W
2026/09/20 09:30:29.723, 0, 0 %, 0 %, 35270 MiB, 38.87 W
2026/09/20 09:30:29.724, 1, 0 %, 0 %, 35270 MiB, 38.33 W
2026/09/20 09:30:29.724, 2, 0 %, 0 %, 35270 MiB, 37.15 W
2026/09/20 09:30:34.725, 0, 0 %, 0 %, 35270 MiB, 38.96 W
2026/09/20 09:30:34.726, 1, 0 %, 0 %, 35270 MiB, 38.23 W
2026/09/20 09:30:34.726, 2, 0 %, 0 %, 35270 MiB, 37.24 W
2026/09/20 09:30:39.727, 0, 0 %, 0 %, 35270 MiB, 38.96 W
2026/09/20 09:30:39.728, 1, 0 %, 0 %, 35270 MiB, 38.22 W
2026/09/20 09:30:39.728, 2, 0 %, 0 %, 35270 MiB, 37.14 W
2026/09/20 09:30:44.729, 0, 0 %, 0 %, 35270 MiB, 38.85 W
2026/09/20 09:30:44.729, 1, 0 %, 0 %, 35270 MiB, 38.43 W
2026/09/20 09:30:44.729, 2, 0 %, 0 %, 35270 MiB, 37.23 W
2026/09/20 09:30:49.730, 0, 0 %, 0 %, 35270 MiB, 38.87 W
2026/09/20 09:30:49.731, 1, 0 %, 0 %, 35270 MiB, 38.44 W
2026/09/20 09:30:49.731, 2, 0 %, 0 %, 35270 MiB, 37.24 W
2026/09/20 09:30:54.732, 0, 0 %, 0 %, 35270 MiB, 39.06 W
2026/09/20 09:30:54.732, 1, 0 %, 0 %, 35270 MiB, 39.12 W
2026/09/20 09:30:54.732, 2, 0 %, 0 %, 35270 MiB, 37.24 W
2026/09/20 09:30:59.733, 0, 0 %, 0 %, 35270 MiB, 38.99 W
2026/09/20 09:30:59.734, 1, 0 %, 0 %, 35270 MiB, 38.46 W
2026/09/20 09:30:59.734, 2, 0 %, 0 %, 35270 MiB, 37.37 W
2026/09/20 09:31:04.735, 0, 0 %, 0 %, 35270 MiB, 39.07 W
2026/09/20 09:31:04.735, 1, 0 %, 0 %, 35270 MiB, 38.36 W
2026/09/20 09:31:04.735, 2, 0 %, 0 %, 35270 MiB, 37.33 W
2026/09/20 09:31:09.737, 0, 0 %, 0 %, 35270 MiB, 39.09 W
2026/09/20 09:31:09.737, 1, 0 %, 0 %, 35270 MiB, 38.25 W
2026/09/20 09:31:09.738, 2, 0 %, 0 %, 35270 MiB, 37.37 W
2026/09/20 09:31:14.739, 0, 0 %, 0 %, 35270 MiB, 39.19 W
2026/09/20 09:31:14.739, 1, 0 %, 0 %, 35270 MiB, 38.33 W
2026/09/20 09:31:14.739, 2, 0 %, 0 %, 35270 MiB, 37.26 W
2026/09/20 09:31:19.741, 0, 0 %, 0 %, 35270 MiB, 39.06 W
2026/09/20 09:31:19.741, 1, 10 %, 0 %, 35270 MiB, 40.42 W
2026/09/20 09:31:19.741, 2, 0 %, 0 %, 35270 MiB, 37.35 W
2026/09/20 09:31:24.743, 0, 0 %, 0 %, 35270 MiB, 38.96 W
2026/09/20 09:31:24.744, 1, 0 %, 0 %, 35270 MiB, 38.23 W
2026/09/20 09:31:24.744, 2, 0 %, 0 %, 35270 MiB, 37.44 W
2026/09/20 09:31:29.745, 0, 0 %, 0 %, 35270 MiB, 38.84 W
2026/09/20 09:31:29.745, 1, 0 %, 0 %, 35270 MiB, 38.23 W
2026/09/20 09:31:29.746, 2, 0 %, 0 %, 35270 MiB, 37.35 W
2026/09/20 09:31:34.747, 0, 0 %, 0 %, 35270 MiB, 38.96 W
2026/09/20 09:31:34.747, 1, 0 %, 0 %, 35270 MiB, 38.34 W
2026/09/20 09:31:34.748, 2, 0 %, 0 %, 35270 MiB, 37.23 W
2026/09/20 09:31:39.749, 0, 0 %, 0 %, 35270 MiB, 38.96 W
2026/09/20 09:31:39.749, 1, 0 %, 0 %, 35270 MiB, 38.34 W
2026/09/20 09:31:39.750, 2, 0 %, 0 %, 35270 MiB, 37.33 W
2026/09/20 09:31:44.751, 0, 0 %, 0 %, 35270 MiB, 38.86 W
2026/09/20 09:31:44.751, 1, 0 %, 0 %, 35270 MiB, 38.23 W
2026/09/20 09:31:44.752, 2, 0 %, 0 %, 35270 MiB, 37.24 W
2026/09/20 09:31:49.753, 0, 0 %, 0 %, 35270 MiB, 39.06 W
2026/09/20 09:31:49.753, 1, 0 %, 0 %, 35270 MiB, 38.44 W
2026/09/20 09:31:49.754, 2, 0 %, 0 %, 35270 MiB, 37.24 W
2026/09/20 09:31:54.755, 0, 0 %, 0 %, 35270 MiB, 38.96 W
2026/09/20 09:31:54.755, 1, 0 %, 0 %, 35270 MiB, 38.44 W
2026/09/20 09:31:54.755, 2, 0 %, 0 %, 35270 MiB, 37.34 W
2026/09/20 09:31:59.757, 0, 0 %, 0 %, 35270 MiB, 39.05 W
2026/09/20 09:31:59.757, 1, 0 %, 0 %, 35270 MiB, 38.44 W
2026/09/20 09:31:59.758, 2, 0 %, 0 %, 35270 MiB, 37.44 W
2026/09/20 09:32:04.759, 0, 0 %, 0 %, 35270 MiB, 39.06 W
2026/09/20 09:32:04.759, 1, 0 %, 0 %, 35270 MiB, 38.53 W
2026/09/20 09:32:04.760, 2, 2 %, 0 %, 35270 MiB, 42.01 W
2026/09/20 09:32:09.760, 0, 0 %, 0 %, 35270 MiB, 39.07 W
2026/09/20 09:32:09.761, 1, 0 %, 0 %, 35270 MiB, 38.24 W
2026/09/20 09:32:09.761, 2, 0 %, 0 %, 35270 MiB, 38.83 W
2026/09/20 09:32:14.762, 0, 0 %, 0 %, 35270 MiB, 38.96 W
2026/09/20 09:32:14.763, 1, 0 %, 0 %, 35270 MiB, 38.23 W
2026/09/20 09:32:14.763, 2, 0 %, 0 %, 35270 MiB, 43.51 W
2026/09/20 09:32:19.763, 0, 0 %, 0 %, 35270 MiB, 39.08 W
2026/09/20 09:32:19.764, 1, 0 %, 0 %, 35270 MiB, 38.25 W
2026/09/20 09:32:19.764, 2, 0 %, 0 %, 35270 MiB, 39.03 W
2026/09/20 09:32:24.764, 0, 0 %, 0 %, 35270 MiB, 39.07 W
2026/09/20 09:32:24.765, 1, 0 %, 0 %, 35270 MiB, 38.44 W
2026/09/20 09:32:24.765, 2, 0 %, 0 %, 35270 MiB, 40.63 W
2026/09/20 09:32:29.765, 0, 0 %, 0 %, 35270 MiB, 38.90 W
2026/09/20 09:32:29.766, 1, 0 %, 0 %, 35270 MiB, 38.26 W
2026/09/20 09:32:29.766, 2, 0 %, 0 %, 35270 MiB, 37.47 W
2026/09/20 09:32:34.767, 0, 0 %, 0 %, 35270 MiB, 38.89 W
2026/09/20 09:32:34.767, 1, 0 %, 0 %, 35270 MiB, 38.25 W
2026/09/20 09:32:34.768, 2, 0 %, 0 %, 35270 MiB, 37.47 W
2026/09/20 09:32:39.769, 0, 0 %, 0 %, 35270 MiB, 38.96 W
2026/09/20 09:32:39.769, 1, 0 %, 0 %, 35270 MiB, 38.23 W
2026/09/20 09:32:39.770, 2, 0 %, 0 %, 35270 MiB, 37.44 W
2026/09/20 09:32:44.771, 0, 0 %, 0 %, 35270 MiB, 38.57 W
2026/09/20 09:32:44.772, 1, 0 %, 0 %, 35270 MiB, 38.36 W
2026/09/20 09:32:44.772, 2, 10 %, 0 %, 35270 MiB, 37.25 W
2026/09/20 09:32:49.773, 0, 0 %, 0 %, 35270 MiB, 39.25 W
2026/09/20 09:32:49.773, 1, 0 %, 0 %, 35270 MiB, 38.73 W
2026/09/20 09:32:49.773, 2, 0 %, 0 %, 35270 MiB, 37.46 W
2026/09/20 09:32:54.775, 0, 0 %, 0 %, 35270 MiB, 38.97 W
2026/09/20 09:32:54.775, 1, 0 %, 0 %, 35270 MiB, 38.46 W
2026/09/20 09:32:54.775, 2, 0 %, 0 %, 35270 MiB, 37.36 W
2026/09/20 09:32:59.777, 0, 0 %, 0 %, 35270 MiB, 38.97 W
2026/09/20 09:32:59.777, 1, 0 %, 0 %, 35270 MiB, 38.63 W
2026/09/20 09:32:59.778, 2, 0 %, 0 %, 35270 MiB, 37.24 W
2026/09/20 09:33:04.779, 0, 0 %, 0 %, 35270 MiB, 39.16 W
2026/09/20 09:33:04.780, 1, 0 %, 0 %, 35270 MiB, 38.44 W
2026/09/20 09:33:04.780, 2, 0 %, 0 %, 35270 MiB, 37.35 W
2026/09/20 09:33:09.781, 0, 0 %, 0 %, 35270 MiB, 39.06 W
2026/09/20 09:33:09.781, 1, 0 %, 0 %, 35270 MiB, 38.34 W
2026/09/20 09:33:09.781, 2, 0 %, 0 %, 35270 MiB, 37.55 W
2026/09/20 09:33:14.783, 0, 0 %, 0 %, 35270 MiB, 39.06 W
2026/09/20 09:33:14.784, 1, 0 %, 0 %, 35270 MiB, 38.33 W
2026/09/20 09:33:14.784, 2, 0 %, 0 %, 35270 MiB, 37.35 W
2026/09/20 09:33:19.785, 0, 0 %, 0 %, 35270 MiB, 38.96 W
2026/09/20 09:33:19.786, 1, 0 %, 0 %, 35270 MiB, 38.44 W
2026/09/20 09:33:19.786, 2, 0 %, 0 %, 35270 MiB, 37.35 W
2026/09/20 09:33:24.787, 0, 0 %, 0 %, 35270 MiB, 39.06 W
2026/09/20 09:33:24.788, 1, 0 %, 0 %, 35270 MiB, 38.23 W
2026/09/20 09:33:24.788, 2, 0 %, 0 %, 35270 MiB, 37.35 W
2026/09/20 09:33:29.789, 0, 0 %, 0 %, 35270 MiB, 38.98 W
2026/09/20 09:33:29.789, 1, 0 %, 0 %, 35270 MiB, 38.15 W
2026/09/20 09:33:29.789, 2, 0 %, 0 %, 35270 MiB, 37.54 W
2026/09/20 09:33:34.791, 0, 0 %, 0 %, 35270 MiB, 38.96 W
2026/09/20 09:33:34.791, 1, 0 %, 0 %, 35270 MiB, 38.13 W
2026/09/20 09:33:34.791, 2, 0 %, 0 %, 35270 MiB, 37.35 W
2026/09/20 09:33:39.793, 0, 0 %, 0 %, 35270 MiB, 38.86 W
2026/09/20 09:33:39.793, 1, 0 %, 0 %, 35270 MiB, 38.33 W
2026/09/20 09:33:39.793, 2, 0 %, 0 %, 35270 MiB, 37.44 W
2026/09/20 09:33:44.795, 0, 0 %, 0 %, 35270 MiB, 38.96 W
2026/09/20 09:33:44.795, 1, 0 %, 0 %, 35270 MiB, 38.23 W
2026/09/20 09:33:44.796, 2, 0 %, 0 %, 35270 MiB, 37.35 W
2026/09/20 09:33:49.796, 0, 0 %, 0 %, 35270 MiB, 38.88 W
2026/09/20 09:33:49.797, 1, 0 %, 0 %, 35270 MiB, 38.35 W
2026/09/20 09:33:49.797, 2, 0 %, 0 %, 35270 MiB, 37.37 W
2026/09/20 09:33:54.797, 0, 0 %, 0 %, 35270 MiB, 38.99 W
2026/09/20 09:33:54.798, 1, 0 %, 0 %, 35270 MiB, 38.58 W
2026/09/20 09:33:54.798, 2, 0 %, 0 %, 35270 MiB, 37.28 W
2026/09/20 09:33:59.798, 0, 0 %, 0 %, 35270 MiB, 39.18 W
2026/09/20 09:33:59.799, 1, 0 %, 0 %, 35270 MiB, 38.46 W
2026/09/20 09:33:59.799, 2, 0 %, 0 %, 35270 MiB, 37.26 W
2026/09/20 09:34:04.800, 0, 0 %, 0 %, 35270 MiB, 39.07 W
2026/09/20 09:34:04.801, 1, 0 %, 0 %, 35270 MiB, 38.45 W
2026/09/20 09:34:04.801, 2, 0 %, 0 %, 35270 MiB, 37.36 W
2026/09/20 09:34:09.802, 0, 0 %, 0 %, 35270 MiB, 39.07 W
2026/09/20 09:34:09.803, 1, 0 %, 0 %, 35270 MiB, 38.33 W
2026/09/20 09:34:09.803, 2, 0 %, 0 %, 35270 MiB, 37.36 W
2026/09/20 09:34:14.803, 0, 0 %, 0 %, 35270 MiB, 39.06 W
2026/09/20 09:34:14.804, 1, 0 %, 0 %, 35270 MiB, 38.53 W
2026/09/20 09:34:14.804, 2, 0 %, 0 %, 35270 MiB, 37.44 W
2026/09/20 09:34:19.805, 0, 0 %, 0 %, 35270 MiB, 39.29 W
2026/09/20 09:34:19.806, 1, 0 %, 0 %, 35270 MiB, 38.58 W
2026/09/20 09:34:19.806, 2, 0 %, 0 %, 35270 MiB, 37.39 W
2026/09/20 09:34:24.806, 0, 0 %, 0 %, 35270 MiB, 39.19 W
2026/09/20 09:34:24.806, 1, 0 %, 0 %, 35270 MiB, 38.36 W
2026/09/20 09:34:24.806, 2, 0 %, 0 %, 35270 MiB, 37.37 W
2026/09/20 09:34:29.807, 0, 0 %, 0 %, 35270 MiB, 39.12 W
2026/09/20 09:34:29.808, 1, 0 %, 0 %, 35270 MiB, 38.39 W
2026/09/20 09:34:29.808, 2, 0 %, 0 %, 35270 MiB, 37.49 W
2026/09/20 09:34:34.809, 0, 0 %, 0 %, 35270 MiB, 39.19 W
2026/09/20 09:34:34.809, 1, 0 %, 0 %, 35270 MiB, 38.46 W
2026/09/20 09:34:34.810, 2, 0 %, 0 %, 35270 MiB, 37.56 W
2026/09/20 09:34:39.811, 0, 0 %, 0 %, 35270 MiB, 39.36 W
2026/09/20 09:34:39.811, 1, 0 %, 0 %, 35270 MiB, 38.46 W
2026/09/20 09:34:39.811, 2, 0 %, 0 %, 35270 MiB, 37.46 W
2026/09/20 09:34:44.813, 0, 0 %, 0 %, 35270 MiB, 38.96 W
2026/09/20 09:34:44.813, 1, 0 %, 0 %, 35270 MiB, 38.34 W
2026/09/20 09:34:44.813, 2, 0 %, 0 %, 35270 MiB, 37.75 W
2026/09/20 09:34:49.815, 0, 0 %, 0 %, 35270 MiB, 38.86 W
2026/09/20 09:34:49.815, 1, 0 %, 0 %, 35270 MiB, 38.44 W
2026/09/20 09:34:49.815, 2, 0 %, 0 %, 35270 MiB, 37.44 W
2026/09/20 09:34:54.816, 0, 0 %, 0 %, 35270 MiB, 38.75 W
2026/09/20 09:34:54.817, 1, 0 %, 0 %, 35270 MiB, 38.13 W
2026/09/20 09:34:54.817, 2, 0 %, 0 %, 35270 MiB, 37.24 W
2026/09/20 09:34:59.818, 0, 0 %, 0 %, 35270 MiB, 38.65 W
2026/09/20 09:34:59.818, 1, 0 %, 0 %, 35270 MiB, 38.12 W
2026/09/20 09:34:59.818, 2, 0 %, 0 %, 35270 MiB, 37.03 W
2026/09/20 09:35:04.820, 0, 0 %, 0 %, 35270 MiB, 38.65 W
2026/09/20 09:35:04.820, 1, 0 %, 0 %, 35270 MiB, 38.03 W
2026/09/20 09:35:04.820, 2, 0 %, 0 %, 35270 MiB, 37.04 W
2026/09/20 09:35:09.822, 0, 0 %, 0 %, 35270 MiB, 38.57 W
2026/09/20 09:35:09.822, 1, 0 %, 0 %, 35270 MiB, 38.03 W
2026/09/20 09:35:09.822, 2, 0 %, 0 %, 35270 MiB, 37.04 W
2026/09/20 09:35:14.824, 0, 0 %, 0 %, 35270 MiB, 38.75 W
2026/09/20 09:35:14.824, 1, 0 %, 0 %, 35270 MiB, 38.04 W
2026/09/20 09:35:14.824, 2, 0 %, 0 %, 35270 MiB, 37.06 W
2026/09/20 09:35:19.825, 0, 0 %, 0 %, 35270 MiB, 38.66 W
2026/09/20 09:35:19.825, 1, 0 %, 0 %, 35270 MiB, 38.13 W
2026/09/20 09:35:19.825, 2, 0 %, 0 %, 35270 MiB, 36.94 W
2026/09/20 09:35:24.827, 0, 0 %, 0 %, 35270 MiB, 38.65 W
2026/09/20 09:35:24.827, 1, 0 %, 0 %, 35270 MiB, 38.23 W
2026/09/20 09:35:24.827, 2, 0 %, 0 %, 35270 MiB, 37.04 W
2026/09/20 09:35:29.829, 0, 0 %, 0 %, 35270 MiB, 38.66 W
2026/09/20 09:35:29.829, 1, 0 %, 0 %, 35270 MiB, 38.04 W
2026/09/20 09:35:29.830, 2, 0 %, 0 %, 35270 MiB, 37.05 W
2026/09/20 09:35:34.834, 0, 0 %, 0 %, 35270 MiB, 38.97 W
2026/09/20 09:35:34.834, 1, 0 %, 0 %, 35270 MiB, 37.94 W
2026/09/20 09:35:34.835, 2, 0 %, 0 %, 35270 MiB, 37.06 W
2026/09/20 09:35:39.836, 0, 0 %, 0 %, 35270 MiB, 38.86 W
2026/09/20 09:35:39.836, 1, 0 %, 0 %, 35270 MiB, 37.94 W
2026/09/20 09:35:39.836, 2, 0 %, 0 %, 35270 MiB, 37.06 W
2026/09/20 09:35:44.838, 0, 0 %, 0 %, 35270 MiB, 38.76 W
2026/09/20 09:35:44.838, 1, 0 %, 0 %, 35270 MiB, 38.15 W
2026/09/20 09:35:44.838, 2, 0 %, 0 %, 35270 MiB, 37.16 W
2026/09/20 09:35:49.840, 0, 0 %, 0 %, 35270 MiB, 38.58 W
2026/09/20 09:35:49.840, 1, 0 %, 0 %, 35270 MiB, 38.05 W
2026/09/20 09:35:49.841, 2, 0 %, 0 %, 35270 MiB, 37.15 W
2026/09/20 09:35:54.842, 0, 0 %, 0 %, 35270 MiB, 38.87 W
2026/09/20 09:35:54.842, 1, 0 %, 0 %, 35270 MiB, 38.03 W
2026/09/20 09:35:54.842, 2, 0 %, 0 %, 35270 MiB, 37.24 W
2026/09/20 09:35:59.844, 0, 0 %, 0 %, 35270 MiB, 38.74 W
2026/09/20 09:35:59.844, 1, 0 %, 0 %, 35270 MiB, 38.03 W
2026/09/20 09:35:59.844, 2, 0 %, 0 %, 35270 MiB, 37.34 W
2026/09/20 09:36:04.846, 0, 0 %, 0 %, 35270 MiB, 38.66 W
2026/09/20 09:36:04.846, 1, 0 %, 0 %, 35270 MiB, 38.05 W
2026/09/20 09:36:04.846, 2, 0 %, 0 %, 35270 MiB, 36.94 W
2026/09/20 09:36:09.848, 0, 0 %, 0 %, 35270 MiB, 38.65 W
2026/09/20 09:36:09.848, 1, 0 %, 0 %, 35270 MiB, 38.03 W
2026/09/20 09:36:09.848, 2, 0 %, 0 %, 35270 MiB, 36.94 W
2026/09/20 09:36:14.850, 0, 0 %, 0 %, 35270 MiB, 38.75 W
2026/09/20 09:36:14.850, 1, 0 %, 0 %, 35270 MiB, 38.13 W
2026/09/20 09:36:14.850, 2, 0 %, 0 %, 35270 MiB, 36.94 W
2026/09/20 09:36:19.852, 0, 0 %, 0 %, 35270 MiB, 38.76 W
2026/09/20 09:36:19.852, 1, 0 %, 0 %, 35270 MiB, 38.23 W
2026/09/20 09:36:19.852, 2, 0 %, 0 %, 35270 MiB, 37.24 W
2026/09/20 09:36:24.854, 0, 0 %, 0 %, 35270 MiB, 38.65 W
2026/09/20 09:36:24.854, 1, 0 %, 0 %, 35270 MiB, 38.34 W
2026/09/20 09:36:24.854, 2, 0 %, 0 %, 35270 MiB, 37.04 W
2026/09/20 09:36:29.856, 0, 0 %, 0 %, 35270 MiB, 38.75 W
2026/09/20 09:36:29.856, 1, 0 %, 0 %, 35270 MiB, 38.23 W
2026/09/20 09:36:29.856, 2, 0 %, 0 %, 35270 MiB, 37.04 W
2026/09/20 09:36:34.856, 0, 0 %, 0 %, 35270 MiB, 38.87 W
2026/09/20 09:36:34.857, 1, 0 %, 0 %, 35270 MiB, 38.15 W
2026/09/20 09:36:34.857, 2, 0 %, 0 %, 35270 MiB, 37.15 W
2026/09/20 09:36:39.858, 0, 0 %, 0 %, 35270 MiB, 38.87 W
2026/09/20 09:36:39.859, 1, 0 %, 0 %, 35270 MiB, 38.04 W
2026/09/20 09:36:39.859, 2, 0 %, 0 %, 35270 MiB, 37.36 W
2026/09/20 09:36:44.859, 0, 0 %, 0 %, 35270 MiB, 38.87 W
2026/09/20 09:36:44.860, 1, 0 %, 0 %, 35270 MiB, 38.15 W
2026/09/20 09:36:44.860, 2, 0 %, 0 %, 35270 MiB, 37.14 W
2026/09/20 09:36:49.861, 0, 0 %, 0 %, 35270 MiB, 39.07 W
2026/09/20 09:36:49.861, 1, 0 %, 0 %, 35270 MiB, 38.03 W
2026/09/20 09:36:49.861, 2, 0 %, 0 %, 35270 MiB, 37.25 W
2026/09/20 09:36:54.866, 0, 0 %, 0 %, 35270 MiB, 38.97 W
2026/09/20 09:36:54.866, 1, 0 %, 0 %, 35270 MiB, 38.13 W
2026/09/20 09:36:54.866, 2, 0 %, 0 %, 35270 MiB, 37.15 W
2026/09/20 09:36:59.867, 0, 0 %, 0 %, 35270 MiB, 38.71 W
2026/09/20 09:36:59.868, 1, 0 %, 0 %, 35270 MiB, 38.08 W
2026/09/20 09:36:59.868, 2, 0 %, 0 %, 35270 MiB, 37.28 W
2026/09/20 09:37:04.868, 0, 0 %, 0 %, 35270 MiB, 38.71 W
2026/09/20 09:37:04.869, 1, 0 %, 0 %, 35270 MiB, 37.98 W
2026/09/20 09:37:04.869, 2, 0 %, 0 %, 35270 MiB, 37.28 W
2026/09/20 09:37:09.869, 0, 0 %, 0 %, 35270 MiB, 38.92 W
2026/09/20 09:37:09.869, 1, 0 %, 0 %, 35270 MiB, 38.18 W
2026/09/20 09:37:09.869, 2, 0 %, 0 %, 35270 MiB, 36.99 W
2026/09/20 09:37:14.869, 0, 0 %, 0 %, 35270 MiB, 38.71 W
2026/09/20 09:37:14.870, 1, 0 %, 0 %, 35270 MiB, 38.29 W
2026/09/20 09:37:14.870, 2, 0 %, 0 %, 35270 MiB, 37.10 W
2026/09/20 09:37:19.870, 0, 0 %, 0 %, 35270 MiB, 38.82 W
2026/09/20 09:37:19.871, 1, 0 %, 0 %, 35270 MiB, 38.20 W
2026/09/20 09:37:19.871, 2, 0 %, 0 %, 35270 MiB, 37.20 W
2026/09/20 09:37:24.871, 0, 0 %, 0 %, 35270 MiB, 38.81 W
2026/09/20 09:37:24.871, 1, 0 %, 0 %, 35270 MiB, 38.20 W
2026/09/20 09:37:24.871, 2, 0 %, 0 %, 35270 MiB, 37.20 W
2026/09/20 09:37:29.872, 0, 100 %, 7 %, 35270 MiB, 95.75 W
2026/09/20 09:37:29.872, 1, 100 %, 6 %, 35270 MiB, 91.89 W
2026/09/20 09:37:29.872, 2, 100 %, 7 %, 35270 MiB, 89.50 W
2026/09/20 09:37:34.873, 0, 100 %, 7 %, 35270 MiB, 95.25 W
2026/09/20 09:37:34.873, 1, 100 %, 6 %, 35270 MiB, 98.29 W
2026/09/20 09:37:34.873, 2, 100 %, 7 %, 35270 MiB, 94.73 W
2026/09/20 09:37:39.873, 0, 100 %, 6 %, 35270 MiB, 92.29 W
2026/09/20 09:37:39.874, 1, 100 %, 7 %, 35270 MiB, 94.25 W
2026/09/20 09:37:39.874, 2, 100 %, 7 %, 35270 MiB, 92.28 W
2026/09/20 09:37:44.874, 0, 100 %, 6 %, 35270 MiB, 94.95 W
2026/09/20 09:37:44.874, 1, 100 %, 10 %, 35270 MiB, 96.09 W
2026/09/20 09:37:44.874, 2, 100 %, 7 %, 35270 MiB, 90.98 W
2026/09/20 09:37:49.875, 0, 100 %, 7 %, 35270 MiB, 93.15 W
2026/09/20 09:37:49.875, 1, 100 %, 7 %, 35270 MiB, 109.77 W
2026/09/20 09:37:49.875, 2, 100 %, 7 %, 35270 MiB, 95.47 W
2026/09/20 09:37:54.875, 0, 100 %, 7 %, 35270 MiB, 96.40 W
2026/09/20 09:37:54.876, 1, 100 %, 11 %, 35270 MiB, 95.26 W
2026/09/20 09:37:54.876, 2, 100 %, 7 %, 35270 MiB, 97.50 W
2026/09/20 09:37:59.876, 0, 100 %, 7 %, 35270 MiB, 96.74 W
2026/09/20 09:37:59.876, 1, 99 %, 6 %, 35270 MiB, 101.27 W
2026/09/20 09:37:59.876, 2, 100 %, 10 %, 35270 MiB, 96.89 W
2026/09/20 09:38:04.877, 0, 100 %, 7 %, 35270 MiB, 101.44 W
2026/09/20 09:38:04.877, 1, 100 %, 7 %, 35270 MiB, 95.33 W
2026/09/20 09:38:04.877, 2, 100 %, 7 %, 35270 MiB, 90.59 W
2026/09/20 09:38:09.877, 0, 100 %, 7 %, 35270 MiB, 95.44 W
2026/09/20 09:38:09.878, 1, 100 %, 7 %, 35270 MiB, 92.52 W
2026/09/20 09:38:09.878, 2, 100 %, 7 %, 35270 MiB, 96.31 W
2026/09/20 09:38:14.878, 0, 100 %, 11 %, 35270 MiB, 102.26 W
2026/09/20 09:38:14.878, 1, 100 %, 7 %, 35270 MiB, 101.39 W
2026/09/20 09:38:14.878, 2, 100 %, 7 %, 35270 MiB, 97.82 W
2026/09/20 09:38:19.879, 0, 100 %, 7 %, 35270 MiB, 97.09 W
2026/09/20 09:38:19.879, 1, 100 %, 6 %, 35270 MiB, 99.75 W
2026/09/20 09:38:19.879, 2, 100 %, 7 %, 35270 MiB, 96.31 W
2026/09/20 09:38:24.880, 0, 100 %, 7 %, 35270 MiB, 95.65 W
2026/09/20 09:38:24.880, 1, 100 %, 6 %, 35270 MiB, 97.45 W
2026/09/20 09:38:24.880, 2, 100 %, 7 %, 35270 MiB, 93.92 W
2026/09/20 09:38:29.881, 0, 100 %, 7 %, 35270 MiB, 99.28 W
2026/09/20 09:38:29.881, 1, 100 %, 7 %, 35270 MiB, 100.31 W
2026/09/20 09:38:29.881, 2, 100 %, 7 %, 35270 MiB, 99.70 W
2026/09/20 09:38:34.881, 0, 100 %, 7 %, 35270 MiB, 97.89 W
2026/09/20 09:38:34.881, 1, 100 %, 7 %, 35270 MiB, 98.07 W
2026/09/20 09:38:34.881, 2, 100 %, 7 %, 35270 MiB, 100.01 W
2026/09/20 09:38:39.882, 0, 100 %, 6 %, 35270 MiB, 96.89 W
2026/09/20 09:38:39.883, 1, 100 %, 7 %, 35270 MiB, 102.11 W
2026/09/20 09:38:39.883, 2, 100 %, 7 %, 35270 MiB, 101.39 W
2026/09/20 09:38:44.883, 0, 100 %, 7 %, 35270 MiB, 99.94 W
2026/09/20 09:38:44.883, 1, 100 %, 7 %, 35270 MiB, 108.24 W
2026/09/20 09:38:44.883, 2, 100 %, 7 %, 35270 MiB, 96.56 W
2026/09/20 09:38:49.883, 0, 100 %, 7 %, 35270 MiB, 96.80 W
2026/09/20 09:38:49.883, 1, 100 %, 6 %, 35270 MiB, 103.27 W
2026/09/20 09:38:49.884, 2, 100 %, 7 %, 35270 MiB, 96.42 W
2026/09/20 09:38:54.884, 0, 100 %, 7 %, 35270 MiB, 103.88 W
2026/09/20 09:38:54.884, 1, 100 %, 7 %, 35270 MiB, 100.86 W
2026/09/20 09:38:54.884, 2, 100 %, 7 %, 35270 MiB, 96.80 W
2026/09/20 09:38:59.885, 0, 99 %, 7 %, 35270 MiB, 101.41 W
2026/09/20 09:38:59.885, 1, 100 %, 7 %, 35270 MiB, 101.64 W
2026/09/20 09:38:59.885, 2, 100 %, 7 %, 35270 MiB, 99.10 W
2026/09/20 09:39:04.885, 0, 100 %, 7 %, 35270 MiB, 101.17 W
2026/09/20 09:39:04.885, 1, 99 %, 7 %, 35270 MiB, 98.96 W
2026/09/20 09:39:04.885, 2, 100 %, 7 %, 35270 MiB, 98.70 W
2026/09/20 09:39:09.886, 0, 99 %, 7 %, 35270 MiB, 101.46 W
2026/09/20 09:39:09.886, 1, 100 %, 7 %, 35270 MiB, 98.71 W
2026/09/20 09:39:09.886, 2, 100 %, 7 %, 35270 MiB, 97.22 W
2026/09/20 09:39:14.886, 0, 100 %, 7 %, 35270 MiB, 101.31 W
2026/09/20 09:39:14.887, 1, 100 %, 7 %, 35270 MiB, 104.10 W
2026/09/20 09:39:14.887, 2, 100 %, 7 %, 35270 MiB, 96.96 W
2026/09/20 09:39:19.887, 0, 100 %, 7 %, 35270 MiB, 101.76 W
2026/09/20 09:39:19.887, 1, 100 %, 7 %, 35270 MiB, 101.73 W
2026/09/20 09:39:19.887, 2, 100 %, 7 %, 35270 MiB, 99.80 W
2026/09/20 09:39:24.888, 0, 100 %, 7 %, 35270 MiB, 104.18 W
2026/09/20 09:39:24.888, 1, 100 %, 7 %, 35270 MiB, 103.77 W
2026/09/20 09:39:24.888, 2, 100 %, 6 %, 35270 MiB, 101.98 W
2026/09/20 09:39:29.888, 0, 100 %, 7 %, 35270 MiB, 98.32 W
2026/09/20 09:39:29.888, 1, 100 %, 7 %, 35270 MiB, 97.39 W
2026/09/20 09:39:29.889, 2, 100 %, 7 %, 35270 MiB, 99.47 W
2026/09/20 09:39:34.889, 0, 100 %, 14 %, 35270 MiB, 130.52 W
2026/09/20 09:39:34.889, 1, 100 %, 10 %, 35270 MiB, 99.48 W
2026/09/20 09:39:34.889, 2, 100 %, 7 %, 35270 MiB, 96.68 W
2026/09/20 09:39:39.890, 0, 100 %, 7 %, 35270 MiB, 130.52 W
2026/09/20 09:39:39.890, 1, 100 %, 7 %, 35270 MiB, 100.69 W
2026/09/20 09:39:39.890, 2, 100 %, 11 %, 35270 MiB, 97.51 W
2026/09/20 09:39:44.891, 0, 100 %, 7 %, 35270 MiB, 102.23 W
2026/09/20 09:39:44.891, 1, 100 %, 10 %, 35270 MiB, 119.80 W
2026/09/20 09:39:44.891, 2, 100 %, 7 %, 35270 MiB, 154.12 W
2026/09/20 09:39:49.891, 0, 100 %, 10 %, 35270 MiB, 101.98 W
2026/09/20 09:39:49.892, 1, 100 %, 11 %, 35270 MiB, 105.36 W
2026/09/20 09:39:49.892, 2, 100 %, 7 %, 35270 MiB, 97.33 W
2026/09/20 09:39:54.892, 0, 100 %, 8 %, 35270 MiB, 155.25 W
2026/09/20 09:39:54.892, 1, 100 %, 11 %, 35270 MiB, 101.45 W
2026/09/20 09:39:54.892, 2, 100 %, 11 %, 35270 MiB, 99.74 W
2026/09/20 09:39:59.893, 0, 100 %, 7 %, 35270 MiB, 103.65 W
2026/09/20 09:39:59.893, 1, 100 %, 11 %, 35270 MiB, 104.67 W
2026/09/20 09:39:59.893, 2, 100 %, 7 %, 35270 MiB, 103.92 W
2026/09/20 09:40:04.893, 0, 100 %, 7 %, 35270 MiB, 108.19 W
2026/09/20 09:40:04.894, 1, 100 %, 7 %, 35270 MiB, 105.95 W
2026/09/20 09:40:04.894, 2, 100 %, 7 %, 35270 MiB, 104.25 W
2026/09/20 09:40:09.894, 0, 100 %, 11 %, 35270 MiB, 102.96 W
2026/09/20 09:40:09.894, 1, 100 %, 7 %, 35270 MiB, 100.60 W
2026/09/20 09:40:09.894, 2, 100 %, 7 %, 35270 MiB, 101.02 W
2026/09/20 09:40:14.895, 0, 100 %, 7 %, 35270 MiB, 102.03 W
2026/09/20 09:40:14.896, 1, 100 %, 11 %, 35270 MiB, 102.84 W
2026/09/20 09:40:14.896, 2, 100 %, 7 %, 35270 MiB, 103.40 W
2026/09/20 09:40:19.897, 0, 99 %, 11 %, 35270 MiB, 100.90 W
2026/09/20 09:40:19.897, 1, 100 %, 14 %, 35270 MiB, 164.23 W
2026/09/20 09:40:19.897, 2, 100 %, 7 %, 35270 MiB, 101.44 W
2026/09/20 09:40:24.897, 0, 100 %, 11 %, 35270 MiB, 103.54 W
2026/09/20 09:40:24.897, 1, 100 %, 15 %, 35270 MiB, 105.92 W
2026/09/20 09:40:24.897, 2, 100 %, 7 %, 35270 MiB, 99.27 W
2026/09/20 09:40:29.898, 0, 100 %, 10 %, 35270 MiB, 102.63 W
2026/09/20 09:40:29.898, 1, 100 %, 7 %, 35270 MiB, 102.80 W
2026/09/20 09:40:29.898, 2, 100 %, 7 %, 35270 MiB, 103.05 W
2026/09/20 09:40:34.898, 0, 100 %, 11 %, 35270 MiB, 107.09 W
2026/09/20 09:40:34.899, 1, 100 %, 7 %, 35270 MiB, 107.47 W
2026/09/20 09:40:34.899, 2, 100 %, 7 %, 35270 MiB, 104.23 W
2026/09/20 09:40:39.899, 0, 100 %, 7 %, 35270 MiB, 104.04 W
2026/09/20 09:40:39.899, 1, 100 %, 7 %, 35270 MiB, 108.83 W
2026/09/20 09:40:39.899, 2, 100 %, 11 %, 35270 MiB, 107.31 W
2026/09/20 09:40:44.900, 0, 100 %, 7 %, 35270 MiB, 108.55 W
2026/09/20 09:40:44.900, 1, 100 %, 7 %, 35270 MiB, 105.76 W
2026/09/20 09:40:44.900, 2, 100 %, 7 %, 35270 MiB, 102.77 W
2026/09/20 09:40:49.901, 0, 100 %, 7 %, 35270 MiB, 101.87 W
2026/09/20 09:40:49.901, 1, 100 %, 7 %, 35270 MiB, 108.47 W
2026/09/20 09:40:49.901, 2, 100 %, 7 %, 35270 MiB, 107.23 W
2026/09/20 09:40:54.901, 0, 54 %, 4 %, 35270 MiB, 91.49 W
2026/09/20 09:40:54.901, 1, 100 %, 7 %, 35270 MiB, 106.02 W
2026/09/20 09:40:54.901, 2, 100 %, 10 %, 35270 MiB, 105.94 W
2026/09/20 09:40:59.902, 0, 0 %, 0 %, 35270 MiB, 46.38 W
2026/09/20 09:40:59.902, 1, 55 %, 4 %, 35270 MiB, 93.91 W
2026/09/20 09:40:59.902, 2, 62 %, 8 %, 35270 MiB, 92.25 W
2026/09/20 09:41:04.902, 0, 0 %, 0 %, 35270 MiB, 46.01 W
2026/09/20 09:41:04.903, 1, 0 %, 0 %, 35270 MiB, 46.24 W
2026/09/20 09:41:04.903, 2, 0 %, 0 %, 35270 MiB, 43.90 W
2026/09/20 09:41:09.903, 0, 0 %, 0 %, 35270 MiB, 45.68 W
2026/09/20 09:41:09.904, 1, 0 %, 0 %, 35270 MiB, 45.64 W
2026/09/20 09:41:09.904, 2, 0 %, 0 %, 35270 MiB, 43.48 W
2026/09/20 09:41:14.905, 0, 0 %, 0 %, 35270 MiB, 45.17 W
2026/09/20 09:41:14.905, 1, 0 %, 0 %, 35270 MiB, 45.24 W
2026/09/20 09:41:14.905, 2, 0 %, 0 %, 35270 MiB, 43.09 W
2026/09/20 09:41:19.907, 0, 0 %, 0 %, 35270 MiB, 44.58 W
2026/09/20 09:41:19.907, 1, 0 %, 0 %, 35270 MiB, 44.45 W
2026/09/20 09:41:19.907, 2, 0 %, 0 %, 35270 MiB, 42.81 W
2026/09/20 09:41:24.909, 0, 0 %, 0 %, 35270 MiB, 44.21 W
2026/09/20 09:41:24.909, 1, 0 %, 0 %, 35270 MiB, 43.98 W
2026/09/20 09:41:24.909, 2, 0 %, 0 %, 35270 MiB, 42.31 W
2026/09/20 09:41:29.910, 0, 0 %, 0 %, 35270 MiB, 43.80 W
2026/09/20 09:41:29.911, 1, 0 %, 0 %, 35270 MiB, 43.76 W
2026/09/20 09:41:29.911, 2, 0 %, 0 %, 35270 MiB, 42.10 W
2026/09/20 09:41:34.912, 0, 0 %, 0 %, 35270 MiB, 43.42 W
2026/09/20 09:41:34.912, 1, 0 %, 0 %, 35270 MiB, 42.70 W
2026/09/20 09:41:34.912, 2, 0 %, 0 %, 35270 MiB, 41.72 W
2026/09/20 09:41:39.924, 0, 0 %, 0 %, 35270 MiB, 43.52 W
2026/09/20 09:41:39.924, 1, 0 %, 0 %, 35270 MiB, 42.70 W
2026/09/20 09:41:39.924, 2, 0 %, 0 %, 35270 MiB, 41.31 W
2026/09/20 09:41:44.926, 0, 0 %, 0 %, 35270 MiB, 43.12 W
2026/09/20 09:41:44.926, 1, 0 %, 0 %, 35270 MiB, 42.59 W
2026/09/20 09:41:44.926, 2, 0 %, 0 %, 35270 MiB, 41.02 W
2026/09/20 09:41:49.928, 0, 0 %, 0 %, 35270 MiB, 42.92 W
2026/09/20 09:41:49.928, 1, 0 %, 0 %, 35270 MiB, 42.39 W
2026/09/20 09:41:49.929, 2, 0 %, 0 %, 35270 MiB, 41.02 W
2026/09/20 09:41:54.930, 0, 0 %, 0 %, 35270 MiB, 42.72 W
2026/09/20 09:41:54.930, 1, 0 %, 0 %, 35270 MiB, 42.59 W
2026/09/20 09:41:54.930, 2, 0 %, 0 %, 35270 MiB, 40.74 W
2026/09/20 09:41:59.931, 0, 0 %, 0 %, 35270 MiB, 42.79 W
2026/09/20 09:41:59.932, 1, 0 %, 0 %, 35270 MiB, 42.58 W
2026/09/20 09:41:59.932, 2, 0 %, 0 %, 35270 MiB, 40.62 W
2026/09/20 09:42:04.932, 0, 0 %, 0 %, 35270 MiB, 42.42 W
2026/09/20 09:42:04.933, 1, 0 %, 0 %, 35270 MiB, 42.49 W
2026/09/20 09:42:04.933, 2, 0 %, 0 %, 35270 MiB, 40.43 W
2026/09/20 09:42:09.934, 0, 0 %, 0 %, 35270 MiB, 42.42 W
2026/09/20 09:42:09.934, 1, 0 %, 0 %, 35270 MiB, 41.89 W
2026/09/20 09:42:09.934, 2, 0 %, 0 %, 35270 MiB, 40.43 W
2026/09/20 09:42:14.936, 0, 0 %, 0 %, 35270 MiB, 42.41 W
2026/09/20 09:42:14.936, 1, 0 %, 0 %, 35270 MiB, 41.60 W
2026/09/20 09:42:14.936, 2, 0 %, 0 %, 35270 MiB, 40.33 W
2026/09/20 09:42:19.938, 0, 0 %, 0 %, 35270 MiB, 42.21 W
2026/09/20 09:42:19.938, 1, 0 %, 0 %, 35270 MiB, 41.60 W
2026/09/20 09:42:19.938, 2, 0 %, 0 %, 35270 MiB, 40.13 W
2026/09/20 09:42:24.940, 0, 0 %, 0 %, 35270 MiB, 42.03 W
2026/09/20 09:42:24.940, 1, 0 %, 0 %, 35270 MiB, 41.31 W
2026/09/20 09:42:24.940, 2, 0 %, 0 %, 35270 MiB, 40.22 W
2026/09/20 09:42:29.942, 0, 0 %, 0 %, 35270 MiB, 41.54 W
2026/09/20 09:42:29.942, 1, 0 %, 0 %, 35270 MiB, 41.21 W
2026/09/20 09:42:29.942, 2, 0 %, 0 %, 35270 MiB, 39.93 W
2026/09/20 09:42:34.949, 0, 0 %, 0 %, 35270 MiB, 41.86 W
2026/09/20 09:42:34.949, 1, 0 %, 0 %, 35270 MiB, 41.14 W
2026/09/20 09:42:34.950, 2, 0 %, 0 %, 35270 MiB, 39.74 W
2026/09/20 09:42:39.951, 0, 0 %, 0 %, 35270 MiB, 41.65 W
2026/09/20 09:42:39.951, 1, 0 %, 0 %, 35270 MiB, 41.00 W
2026/09/20 09:42:39.951, 2, 0 %, 0 %, 35270 MiB, 39.72 W
2026/09/20 09:42:44.953, 0, 0 %, 0 %, 35270 MiB, 41.24 W
2026/09/20 09:42:44.953, 1, 0 %, 0 %, 35270 MiB, 40.81 W
2026/09/20 09:42:44.954, 2, 0 %, 0 %, 35270 MiB, 39.53 W
2026/09/20 09:42:49.955, 0, 0 %, 0 %, 35270 MiB, 41.35 W
2026/09/20 09:42:49.955, 1, 0 %, 0 %, 35270 MiB, 40.64 W
2026/09/20 09:42:49.956, 2, 0 %, 0 %, 35270 MiB, 39.35 W
2026/09/20 09:42:54.957, 0, 0 %, 0 %, 35270 MiB, 41.33 W
2026/09/20 09:42:54.957, 1, 0 %, 0 %, 35270 MiB, 40.81 W
2026/09/20 09:42:54.957, 2, 0 %, 0 %, 35270 MiB, 39.33 W
2026/09/20 09:42:59.958, 0, 0 %, 0 %, 35270 MiB, 41.22 W
2026/09/20 09:42:59.958, 1, 0 %, 0 %, 35270 MiB, 41.00 W
2026/09/20 09:42:59.958, 2, 0 %, 0 %, 35270 MiB, 39.13 W
2026/09/20 09:43:04.960, 0, 0 %, 0 %, 35270 MiB, 41.17 W
2026/09/20 09:43:04.961, 1, 0 %, 0 %, 35270 MiB, 40.54 W
2026/09/20 09:43:04.961, 2, 0 %, 0 %, 35270 MiB, 39.26 W
2026/09/20 09:43:09.961, 0, 0 %, 0 %, 35270 MiB, 41.08 W
2026/09/20 09:43:09.962, 1, 0 %, 0 %, 35270 MiB, 40.44 W
2026/09/20 09:43:09.962, 2, 0 %, 0 %, 35270 MiB, 39.18 W
2026/09/20 09:43:14.963, 0, 0 %, 0 %, 35270 MiB, 41.17 W
2026/09/20 09:43:14.963, 1, 0 %, 0 %, 35270 MiB, 40.44 W
2026/09/20 09:43:14.964, 2, 0 %, 0 %, 35270 MiB, 39.07 W
2026/09/20 09:43:19.965, 0, 0 %, 0 %, 35270 MiB, 41.00 W
2026/09/20 09:43:19.965, 1, 0 %, 0 %, 35270 MiB, 40.27 W
2026/09/20 09:43:19.966, 2, 0 %, 0 %, 35270 MiB, 39.06 W
2026/09/20 09:43:24.966, 0, 0 %, 0 %, 35270 MiB, 40.88 W
2026/09/20 09:43:24.967, 1, 0 %, 0 %, 35270 MiB, 40.24 W
2026/09/20 09:43:24.967, 2, 0 %, 0 %, 35270 MiB, 39.16 W
2026/09/20 09:43:29.967, 0, 0 %, 0 %, 35270 MiB, 41.07 W
2026/09/20 09:43:29.968, 1, 0 %, 0 %, 35270 MiB, 40.24 W
2026/09/20 09:43:29.968, 2, 0 %, 0 %, 35270 MiB, 39.06 W
2026/09/20 09:43:34.968, 0, 0 %, 0 %, 35270 MiB, 40.90 W
2026/09/20 09:43:34.969, 1, 0 %, 0 %, 35270 MiB, 40.27 W
2026/09/20 09:43:34.969, 2, 0 %, 0 %, 35270 MiB, 38.99 W
2026/09/20 09:43:39.970, 0, 0 %, 0 %, 35270 MiB, 40.64 W
2026/09/20 09:43:39.970, 1, 0 %, 0 %, 35270 MiB, 40.42 W
2026/09/20 09:43:39.970, 2, 0 %, 0 %, 35270 MiB, 39.13 W
2026/09/20 09:43:44.971, 0, 0 %, 0 %, 35270 MiB, 40.73 W
2026/09/20 09:43:44.972, 1, 0 %, 0 %, 35270 MiB, 40.12 W
2026/09/20 09:43:44.972, 2, 0 %, 0 %, 35270 MiB, 38.94 W
2026/09/20 09:43:49.973, 0, 0 %, 0 %, 35270 MiB, 40.64 W
2026/09/20 09:43:49.973, 1, 0 %, 0 %, 35270 MiB, 39.91 W
2026/09/20 09:43:49.973, 2, 0 %, 0 %, 35270 MiB, 38.96 W
2026/09/20 09:43:54.974, 0, 0 %, 0 %, 35270 MiB, 40.34 W
2026/09/20 09:43:54.974, 1, 0 %, 0 %, 35270 MiB, 39.72 W
2026/09/20 09:43:54.975, 2, 0 %, 0 %, 35270 MiB, 38.86 W
2026/09/20 09:43:59.975, 0, 0 %, 0 %, 35270 MiB, 40.27 W
2026/09/20 09:43:59.976, 1, 0 %, 0 %, 35270 MiB, 39.53 W
2026/09/20 09:43:59.976, 2, 0 %, 0 %, 35270 MiB, 38.85 W
2026/09/20 09:44:04.976, 0, 0 %, 0 %, 35270 MiB, 40.19 W
2026/09/20 09:44:04.977, 1, 0 %, 0 %, 35270 MiB, 39.56 W
2026/09/20 09:44:04.977, 2, 0 %, 0 %, 35270 MiB, 38.68 W
2026/09/20 09:44:09.977, 0, 0 %, 0 %, 35270 MiB, 40.40 W
2026/09/20 09:44:09.978, 1, 0 %, 0 %, 35270 MiB, 39.56 W
2026/09/20 09:44:09.978, 2, 0 %, 0 %, 35270 MiB, 38.68 W
2026/09/20 09:44:14.978, 0, 0 %, 0 %, 35270 MiB, 40.07 W
2026/09/20 09:44:14.979, 1, 0 %, 0 %, 35270 MiB, 39.56 W
2026/09/20 09:44:14.979, 2, 0 %, 0 %, 35270 MiB, 38.67 W
2026/09/20 09:44:19.979, 0, 0 %, 0 %, 35270 MiB, 40.05 W
2026/09/20 09:44:19.980, 1, 0 %, 0 %, 35270 MiB, 39.42 W
2026/09/20 09:44:19.980, 2, 0 %, 0 %, 35270 MiB, 38.65 W
2026/09/20 09:44:24.981, 0, 0 %, 0 %, 35270 MiB, 40.38 W
2026/09/20 09:44:24.981, 1, 0 %, 0 %, 35270 MiB, 39.74 W
2026/09/20 09:44:24.982, 2, 0 %, 0 %, 35270 MiB, 38.66 W
2026/09/20 09:44:29.983, 0, 0 %, 0 %, 35270 MiB, 39.80 W
2026/09/20 09:44:29.983, 1, 0 %, 0 %, 35270 MiB, 39.66 W
2026/09/20 09:44:29.983, 2, 0 %, 0 %, 35270 MiB, 38.56 W
2026/09/20 09:44:34.984, 0, 0 %, 0 %, 35270 MiB, 40.09 W
2026/09/20 09:44:34.985, 1, 0 %, 0 %, 35270 MiB, 39.17 W
2026/09/20 09:44:34.985, 2, 0 %, 0 %, 35270 MiB, 38.78 W
2026/09/20 09:44:39.985, 0, 0 %, 0 %, 35270 MiB, 40.06 W
2026/09/20 09:44:39.986, 1, 0 %, 0 %, 35270 MiB, 39.44 W
2026/09/20 09:44:39.986, 2, 0 %, 0 %, 35270 MiB, 38.56 W
2026/09/20 09:44:44.986, 0, 0 %, 0 %, 35270 MiB, 40.49 W
2026/09/20 09:44:44.987, 1, 0 %, 0 %, 35270 MiB, 39.37 W
2026/09/20 09:44:44.987, 2, 0 %, 0 %, 35270 MiB, 38.58 W
2026/09/20 09:44:49.987, 0, 0 %, 0 %, 35270 MiB, 40.30 W
2026/09/20 09:44:49.988, 1, 0 %, 0 %, 35270 MiB, 39.17 W
2026/09/20 09:44:49.988, 2, 0 %, 0 %, 35270 MiB, 38.58 W
2026/09/20 09:44:54.988, 0, 0 %, 0 %, 35270 MiB, 40.16 W
2026/09/20 09:44:54.989, 1, 0 %, 0 %, 35270 MiB, 39.14 W
2026/09/20 09:44:54.989, 2, 0 %, 0 %, 35270 MiB, 38.75 W
2026/09/20 09:44:59.990, 0, 0 %, 0 %, 35270 MiB, 40.16 W
2026/09/20 09:44:59.991, 1, 0 %, 0 %, 35270 MiB, 39.13 W
2026/09/20 09:44:59.991, 2, 0 %, 0 %, 35270 MiB, 38.44 W
2026/09/20 09:45:04.992, 0, 0 %, 0 %, 35270 MiB, 40.35 W
2026/09/20 09:45:04.993, 1, 0 %, 0 %, 35270 MiB, 39.53 W
2026/09/20 09:45:04.993, 2, 0 %, 0 %, 35270 MiB, 38.36 W
2026/09/20 09:45:09.994, 0, 0 %, 0 %, 35270 MiB, 40.26 W
2026/09/20 09:45:09.995, 1, 0 %, 0 %, 35270 MiB, 39.53 W
2026/09/20 09:45:09.995, 2, 0 %, 0 %, 35270 MiB, 38.36 W
2026/09/20 09:45:14.996, 0, 0 %, 0 %, 35270 MiB, 40.26 W
2026/09/20 09:45:14.997, 1, 0 %, 0 %, 35270 MiB, 39.04 W
2026/09/20 09:45:14.997, 2, 0 %, 0 %, 35270 MiB, 38.53 W
2026/09/20 09:45:19.998, 0, 0 %, 0 %, 35270 MiB, 40.10 W
2026/09/20 09:45:19.998, 1, 0 %, 0 %, 35270 MiB, 39.37 W
2026/09/20 09:45:19.999, 2, 0 %, 0 %, 35270 MiB, 38.39 W
2026/09/20 09:45:24.999, 0, 0 %, 0 %, 35270 MiB, 40.28 W
2026/09/20 09:45:25.000, 1, 0 %, 0 %, 35270 MiB, 39.17 W
2026/09/20 09:45:25.000, 2, 0 %, 0 %, 35270 MiB, 38.29 W
2026/09/20 09:45:30.001, 0, 0 %, 0 %, 35270 MiB, 40.17 W
2026/09/20 09:45:30.001, 1, 0 %, 0 %, 35270 MiB, 39.06 W
2026/09/20 09:45:30.001, 2, 0 %, 0 %, 35270 MiB, 38.28 W
2026/09/20 09:45:35.002, 0, 0 %, 0 %, 35270 MiB, 40.23 W
2026/09/20 09:45:35.004, 1, 0 %, 0 %, 35270 MiB, 39.53 W
2026/09/20 09:45:35.004, 2, 0 %, 0 %, 35270 MiB, 38.44 W
2026/09/20 09:45:40.005, 0, 0 %, 0 %, 35270 MiB, 40.48 W
2026/09/20 09:45:40.006, 1, 0 %, 0 %, 35270 MiB, 38.97 W
2026/09/20 09:45:40.006, 2, 0 %, 0 %, 35270 MiB, 38.29 W
2026/09/20 09:45:45.006, 0, 0 %, 0 %, 35270 MiB, 40.28 W
2026/09/20 09:45:45.007, 1, 0 %, 0 %, 35270 MiB, 38.85 W
2026/09/20 09:45:45.007, 2, 0 %, 0 %, 35270 MiB, 38.36 W
2026/09/20 09:45:50.013, 0, 0 %, 0 %, 35270 MiB, 40.26 W
2026/09/20 09:45:50.014, 1, 0 %, 0 %, 35270 MiB, 38.92 W
2026/09/20 09:45:50.014, 2, 0 %, 0 %, 35270 MiB, 38.44 W
2026/09/20 09:45:55.015, 0, 0 %, 0 %, 35270 MiB, 39.95 W
2026/09/20 09:45:55.015, 1, 0 %, 0 %, 35270 MiB, 39.33 W
2026/09/20 09:45:55.016, 2, 0 %, 0 %, 35270 MiB, 38.36 W
2026/09/20 09:46:00.017, 0, 0 %, 0 %, 35270 MiB, 40.04 W
2026/09/20 09:46:00.018, 1, 0 %, 0 %, 35270 MiB, 39.31 W
2026/09/20 09:46:00.018, 2, 0 %, 0 %, 35270 MiB, 38.34 W
2026/09/20 09:46:05.021, 0, 0 %, 0 %, 35270 MiB, 39.94 W
2026/09/20 09:46:05.021, 1, 0 %, 0 %, 35270 MiB, 38.93 W
2026/09/20 09:46:05.021, 2, 0 %, 0 %, 35270 MiB, 38.35 W
2026/09/20 09:46:10.022, 0, 0 %, 0 %, 35270 MiB, 39.94 W
2026/09/20 09:46:10.023, 1, 0 %, 0 %, 35270 MiB, 38.83 W
2026/09/20 09:46:10.023, 2, 0 %, 0 %, 35270 MiB, 38.34 W
2026/09/20 09:46:15.024, 0, 0 %, 0 %, 35270 MiB, 40.03 W
2026/09/20 09:46:15.025, 1, 0 %, 0 %, 35270 MiB, 38.92 W
2026/09/20 09:46:15.025, 2, 0 %, 0 %, 35270 MiB, 38.14 W
2026/09/20 09:46:20.026, 0, 0 %, 0 %, 35270 MiB, 40.12 W
2026/09/20 09:46:20.027, 1, 0 %, 0 %, 35270 MiB, 38.92 W
2026/09/20 09:46:20.027, 2, 0 %, 0 %, 35270 MiB, 38.13 W
2026/09/20 09:46:25.028, 0, 0 %, 0 %, 35270 MiB, 39.94 W
2026/09/20 09:46:25.029, 1, 0 %, 0 %, 35270 MiB, 38.92 W
2026/09/20 09:46:25.029, 2, 0 %, 0 %, 35270 MiB, 38.14 W
2026/09/20 09:46:30.030, 0, 0 %, 0 %, 35270 MiB, 39.92 W
2026/09/20 09:46:30.030, 1, 0 %, 0 %, 35270 MiB, 39.12 W
2026/09/20 09:46:30.031, 2, 0 %, 0 %, 35270 MiB, 38.34 W
2026/09/20 09:46:35.032, 0, 0 %, 0 %, 35270 MiB, 40.16 W
2026/09/20 09:46:35.033, 1, 0 %, 0 %, 35270 MiB, 39.33 W
2026/09/20 09:46:35.033, 2, 0 %, 0 %, 35270 MiB, 38.16 W
2026/09/20 09:46:40.034, 0, 0 %, 0 %, 35270 MiB, 39.93 W
2026/09/20 09:46:40.035, 1, 0 %, 0 %, 35270 MiB, 38.83 W
2026/09/20 09:46:40.035, 2, 0 %, 0 %, 35270 MiB, 38.24 W
2026/09/20 09:46:45.035, 0, 0 %, 0 %, 35270 MiB, 39.88 W
2026/09/20 09:46:45.036, 1, 0 %, 0 %, 35270 MiB, 38.58 W
2026/09/20 09:46:45.036, 2, 0 %, 0 %, 35270 MiB, 38.09 W
2026/09/20 09:46:50.037, 0, 0 %, 0 %, 35270 MiB, 39.95 W
2026/09/20 09:46:50.037, 1, 0 %, 0 %, 35270 MiB, 38.65 W
2026/09/20 09:46:50.037, 2, 0 %, 0 %, 35270 MiB, 38.17 W
2026/09/20 09:46:55.039, 0, 0 %, 0 %, 35270 MiB, 40.14 W
2026/09/20 09:46:55.040, 1, 0 %, 0 %, 35270 MiB, 38.53 W
2026/09/20 09:46:55.040, 2, 0 %, 0 %, 35270 MiB, 38.13 W
2026/09/20 09:47:00.041, 0, 0 %, 0 %, 35270 MiB, 39.84 W
2026/09/20 09:47:00.042, 1, 0 %, 0 %, 35270 MiB, 38.92 W
2026/09/20 09:47:00.042, 2, 0 %, 0 %, 35270 MiB, 38.14 W
2026/09/20 09:47:05.043, 0, 0 %, 0 %, 35270 MiB, 39.74 W
2026/09/20 09:47:05.044, 1, 0 %, 0 %, 35270 MiB, 38.63 W
2026/09/20 09:47:05.044, 2, 0 %, 0 %, 35270 MiB, 38.14 W
2026/09/20 09:47:10.045, 0, 0 %, 0 %, 35270 MiB, 39.74 W
2026/09/20 09:47:10.045, 1, 0 %, 0 %, 35270 MiB, 39.02 W
2026/09/20 09:47:10.046, 2, 0 %, 0 %, 35270 MiB, 38.24 W
2026/09/20 09:47:15.047, 0, 0 %, 0 %, 35270 MiB, 39.86 W
2026/09/20 09:47:15.047, 1, 0 %, 0 %, 35270 MiB, 38.95 W
2026/09/20 09:47:15.048, 2, 0 %, 0 %, 35270 MiB, 37.97 W
2026/09/20 09:47:20.049, 0, 0 %, 0 %, 35270 MiB, 39.77 W
2026/09/20 09:47:20.049, 1, 0 %, 0 %, 35270 MiB, 38.95 W
2026/09/20 09:47:20.050, 2, 0 %, 0 %, 35270 MiB, 37.87 W
2026/09/20 09:47:25.051, 0, 0 %, 0 %, 35270 MiB, 39.74 W
2026/09/20 09:47:25.051, 1, 0 %, 0 %, 35270 MiB, 38.85 W
2026/09/20 09:47:25.051, 2, 0 %, 0 %, 35270 MiB, 37.94 W
2026/09/20 09:47:30.055, 0, 0 %, 0 %, 35270 MiB, 39.65 W
2026/09/20 09:47:30.056, 1, 0 %, 0 %, 35270 MiB, 38.63 W
2026/09/20 09:47:30.056, 2, 0 %, 0 %, 35270 MiB, 38.04 W
2026/09/20 09:47:35.057, 0, 0 %, 0 %, 35270 MiB, 39.84 W
2026/09/20 09:47:35.058, 1, 0 %, 0 %, 35270 MiB, 38.73 W
2026/09/20 09:47:35.058, 2, 0 %, 0 %, 35270 MiB, 37.94 W
2026/09/20 09:47:40.059, 0, 0 %, 0 %, 35270 MiB, 39.73 W
2026/09/20 09:47:40.060, 1, 0 %, 0 %, 35270 MiB, 38.92 W
2026/09/20 09:47:40.060, 2, 0 %, 0 %, 35270 MiB, 37.94 W
2026/09/20 09:47:45.061, 0, 0 %, 0 %, 35270 MiB, 39.85 W
2026/09/20 09:47:45.062, 1, 0 %, 0 %, 35270 MiB, 39.03 W
2026/09/20 09:47:45.062, 2, 0 %, 0 %, 35270 MiB, 38.06 W
2026/09/20 09:47:50.062, 0, 0 %, 0 %, 35270 MiB, 39.77 W
2026/09/20 09:47:50.063, 1, 0 %, 0 %, 35270 MiB, 38.78 W
2026/09/20 09:47:50.063, 2, 0 %, 0 %, 35270 MiB, 37.99 W
2026/09/20 09:47:55.063, 0, 0 %, 0 %, 35270 MiB, 39.79 W
2026/09/20 09:47:55.064, 1, 0 %, 0 %, 35270 MiB, 38.78 W
2026/09/20 09:47:55.064, 2, 0 %, 0 %, 35270 MiB, 37.99 W
2026/09/20 09:48:00.065, 0, 0 %, 0 %, 35270 MiB, 39.84 W
2026/09/20 09:48:00.065, 1, 0 %, 0 %, 35270 MiB, 38.72 W
2026/09/20 09:48:00.066, 2, 0 %, 0 %, 35270 MiB, 38.04 W
2026/09/20 09:48:05.067, 0, 0 %, 0 %, 35270 MiB, 39.83 W
2026/09/20 09:48:05.067, 1, 0 %, 0 %, 35270 MiB, 38.83 W
2026/09/20 09:48:05.067, 2, 0 %, 0 %, 35270 MiB, 38.34 W
2026/09/20 09:48:10.069, 0, 0 %, 0 %, 35270 MiB, 39.74 W
2026/09/20 09:48:10.069, 1, 0 %, 0 %, 35270 MiB, 38.85 W
2026/09/20 09:48:10.069, 2, 0 %, 0 %, 35270 MiB, 38.04 W
2026/09/20 09:48:15.071, 0, 0 %, 0 %, 35270 MiB, 39.70 W
2026/09/20 09:48:15.071, 1, 0 %, 0 %, 35270 MiB, 38.78 W
2026/09/20 09:48:15.071, 2, 0 %, 0 %, 35270 MiB, 37.99 W
2026/09/20 09:48:20.071, 0, 0 %, 0 %, 35270 MiB, 39.60 W
2026/09/20 09:48:20.071, 1, 0 %, 0 %, 35270 MiB, 38.88 W
2026/09/20 09:48:20.072, 2, 0 %, 0 %, 35270 MiB, 37.90 W
2026/09/20 09:48:25.072, 0, 0 %, 0 %, 35270 MiB, 39.61 W
2026/09/20 09:48:25.073, 1, 0 %, 0 %, 35270 MiB, 38.78 W
2026/09/20 09:48:25.073, 2, 0 %, 0 %, 35270 MiB, 38.09 W
2026/09/20 09:48:30.074, 0, 0 %, 0 %, 35270 MiB, 39.67 W
2026/09/20 09:48:30.074, 1, 0 %, 0 %, 35270 MiB, 38.36 W
2026/09/20 09:48:30.075, 2, 0 %, 0 %, 35270 MiB, 37.77 W
2026/09/20 09:48:35.075, 0, 0 %, 0 %, 35270 MiB, 39.60 W
2026/09/20 09:48:35.076, 1, 0 %, 0 %, 35270 MiB, 38.97 W
2026/09/20 09:48:35.076, 2, 0 %, 0 %, 35270 MiB, 37.80 W
2026/09/20 09:48:40.076, 0, 0 %, 0 %, 35270 MiB, 39.60 W
2026/09/20 09:48:40.077, 1, 0 %, 0 %, 35270 MiB, 39.15 W
2026/09/20 09:48:40.077, 2, 0 %, 0 %, 35270 MiB, 37.80 W
2026/09/20 09:48:45.086, 0, 0 %, 0 %, 35270 MiB, 39.50 W
2026/09/20 09:48:45.087, 1, 0 %, 0 %, 35270 MiB, 39.05 W
2026/09/20 09:48:45.087, 2, 0 %, 0 %, 35270 MiB, 37.99 W
2026/09/20 09:48:50.087, 0, 0 %, 0 %, 35270 MiB, 39.60 W
2026/09/20 09:48:50.087, 1, 0 %, 0 %, 35270 MiB, 38.97 W
2026/09/20 09:48:50.087, 2, 0 %, 0 %, 35270 MiB, 37.80 W
2026/09/20 09:48:55.088, 0, 0 %, 0 %, 35270 MiB, 39.51 W
2026/09/20 09:48:55.088, 1, 0 %, 0 %, 35270 MiB, 38.88 W
2026/09/20 09:48:55.088, 2, 0 %, 0 %, 35270 MiB, 37.70 W
2026/09/20 09:49:00.089, 0, 0 %, 0 %, 35270 MiB, 39.87 W
2026/09/20 09:49:00.089, 1, 0 %, 0 %, 35270 MiB, 38.85 W
2026/09/20 09:49:00.089, 2, 0 %, 0 %, 35270 MiB, 37.77 W
2026/09/20 09:49:05.090, 0, 0 %, 0 %, 35270 MiB, 39.70 W
2026/09/20 09:49:05.090, 1, 0 %, 0 %, 35270 MiB, 38.88 W
2026/09/20 09:49:05.091, 2, 0 %, 0 %, 35270 MiB, 37.99 W
2026/09/20 09:49:10.092, 0, 0 %, 0 %, 35270 MiB, 39.58 W
2026/09/20 09:49:10.092, 1, 0 %, 0 %, 35270 MiB, 38.77 W
2026/09/20 09:49:10.092, 2, 0 %, 0 %, 35270 MiB, 37.88 W
2026/09/20 09:49:15.094, 0, 0 %, 0 %, 35270 MiB, 39.49 W
2026/09/20 09:49:15.094, 1, 0 %, 0 %, 35270 MiB, 38.95 W
2026/09/20 09:49:15.095, 2, 0 %, 0 %, 35270 MiB, 37.88 W
2026/09/20 09:49:20.095, 0, 0 %, 0 %, 35270 MiB, 39.51 W
2026/09/20 09:49:20.096, 1, 0 %, 0 %, 35270 MiB, 38.88 W
2026/09/20 09:49:20.096, 2, 0 %, 0 %, 35270 MiB, 37.90 W
2026/09/20 09:49:25.096, 0, 0 %, 0 %, 35270 MiB, 39.59 W
2026/09/20 09:49:25.097, 1, 0 %, 0 %, 35270 MiB, 38.97 W
2026/09/20 09:49:25.097, 2, 0 %, 0 %, 35270 MiB, 37.99 W
2026/09/20 09:49:30.098, 0, 0 %, 0 %, 35270 MiB, 39.60 W
2026/09/20 09:49:30.098, 1, 0 %, 0 %, 35270 MiB, 39.07 W
2026/09/20 09:49:30.099, 2, 0 %, 0 %, 35270 MiB, 37.70 W
2026/09/20 09:49:35.099, 0, 0 %, 0 %, 35270 MiB, 39.61 W
2026/09/20 09:49:35.099, 1, 0 %, 0 %, 35270 MiB, 39.07 W
2026/09/20 09:49:35.099, 2, 0 %, 0 %, 35270 MiB, 37.70 W
2026/09/20 09:49:40.100, 0, 0 %, 0 %, 35270 MiB, 39.78 W
2026/09/20 09:49:40.100, 1, 0 %, 0 %, 35270 MiB, 39.06 W
2026/09/20 09:49:40.100, 2, 0 %, 0 %, 35270 MiB, 37.79 W
2026/09/20 09:49:45.101, 0, 0 %, 0 %, 35270 MiB, 39.61 W
2026/09/20 09:49:45.101, 1, 0 %, 0 %, 35270 MiB, 38.97 W
2026/09/20 09:49:45.101, 2, 0 %, 0 %, 35270 MiB, 37.90 W
2026/09/20 09:49:50.101, 0, 0 %, 0 %, 35270 MiB, 39.57 W
2026/09/20 09:49:50.102, 1, 0 %, 0 %, 35270 MiB, 39.17 W
2026/09/20 09:49:50.102, 2, 0 %, 0 %, 35270 MiB, 37.80 W
2026/09/20 09:49:55.103, 0, 0 %, 0 %, 35270 MiB, 39.60 W
2026/09/20 09:49:55.103, 1, 0 %, 0 %, 35270 MiB, 39.07 W
2026/09/20 09:49:55.104, 2, 0 %, 0 %, 35270 MiB, 37.80 W
2026/09/20 09:50:00.104, 0, 0 %, 0 %, 35270 MiB, 39.70 W
2026/09/20 09:50:00.105, 1, 0 %, 0 %, 35270 MiB, 39.05 W
2026/09/20 09:50:00.105, 2, 0 %, 0 %, 35270 MiB, 37.99 W
2026/09/20 09:50:05.105, 0, 0 %, 0 %, 35270 MiB, 39.67 W
2026/09/20 09:50:05.106, 1, 0 %, 0 %, 35270 MiB, 39.15 W
2026/09/20 09:50:05.106, 2, 0 %, 0 %, 35270 MiB, 37.97 W
2026/09/20 09:50:10.107, 0, 0 %, 0 %, 35270 MiB, 39.65 W
2026/09/20 09:50:10.107, 1, 0 %, 0 %, 35270 MiB, 38.93 W
2026/09/20 09:50:10.107, 2, 0 %, 0 %, 35270 MiB, 37.77 W
2026/09/20 09:50:15.109, 0, 0 %, 0 %, 35270 MiB, 39.75 W
2026/09/20 09:50:15.109, 1, 0 %, 0 %, 35270 MiB, 38.92 W
2026/09/20 09:50:15.110, 2, 0 %, 0 %, 35270 MiB, 37.86 W
2026/09/20 09:50:20.111, 0, 0 %, 0 %, 35270 MiB, 39.76 W
2026/09/20 09:50:20.111, 1, 0 %, 0 %, 35270 MiB, 38.95 W
2026/09/20 09:50:20.112, 2, 0 %, 0 %, 35270 MiB, 38.17 W
2026/09/20 09:50:25.113, 0, 0 %, 0 %, 35270 MiB, 39.58 W
2026/09/20 09:50:25.113, 1, 0 %, 0 %, 35270 MiB, 39.06 W
2026/09/20 09:50:25.113, 2, 0 %, 0 %, 35270 MiB, 37.97 W
2026/09/20 09:50:30.115, 0, 0 %, 0 %, 35270 MiB, 39.47 W
2026/09/20 09:50:30.115, 1, 0 %, 0 %, 35270 MiB, 38.95 W
2026/09/20 09:50:30.115, 2, 0 %, 0 %, 35270 MiB, 37.87 W
2026/09/20 09:50:35.117, 0, 0 %, 0 %, 35270 MiB, 39.75 W
2026/09/20 09:50:35.117, 1, 0 %, 0 %, 35270 MiB, 39.05 W
2026/09/20 09:50:35.117, 2, 0 %, 0 %, 35270 MiB, 37.67 W
2026/09/20 09:50:40.118, 0, 0 %, 0 %, 35270 MiB, 39.65 W
2026/09/20 09:50:40.119, 1, 0 %, 0 %, 35270 MiB, 39.04 W
2026/09/20 09:50:40.119, 2, 0 %, 0 %, 35270 MiB, 37.96 W
2026/09/20 09:50:45.120, 0, 0 %, 0 %, 35270 MiB, 39.56 W
2026/09/20 09:50:45.120, 1, 0 %, 0 %, 35270 MiB, 39.04 W
2026/09/20 09:50:45.121, 2, 0 %, 0 %, 35270 MiB, 37.77 W
2026/09/20 09:50:50.121, 0, 0 %, 0 %, 35270 MiB, 39.55 W
2026/09/20 09:50:50.122, 1, 0 %, 0 %, 35270 MiB, 39.12 W
2026/09/20 09:50:50.122, 2, 0 %, 0 %, 35270 MiB, 37.77 W
2026/09/20 09:50:55.123, 0, 0 %, 0 %, 35270 MiB, 39.65 W
2026/09/20 09:50:55.123, 1, 0 %, 0 %, 35270 MiB, 39.12 W
2026/09/20 09:50:55.124, 2, 0 %, 0 %, 35270 MiB, 37.85 W
2026/09/20 09:51:00.125, 0, 0 %, 0 %, 35270 MiB, 39.65 W
2026/09/20 09:51:00.126, 1, 0 %, 0 %, 35270 MiB, 39.24 W
2026/09/20 09:51:00.126, 2, 0 %, 0 %, 35270 MiB, 37.96 W
2026/09/20 09:51:05.126, 0, 0 %, 0 %, 35270 MiB, 39.70 W
2026/09/20 09:51:05.127, 1, 0 %, 0 %, 35270 MiB, 39.15 W
2026/09/20 09:51:05.127, 2, 0 %, 0 %, 35270 MiB, 37.79 W
2026/09/20 09:51:10.128, 0, 0 %, 0 %, 35270 MiB, 39.61 W
2026/09/20 09:51:10.128, 1, 0 %, 0 %, 35270 MiB, 38.88 W
2026/09/20 09:51:10.128, 2, 0 %, 0 %, 35270 MiB, 37.80 W
2026/09/20 09:51:15.129, 0, 0 %, 0 %, 35270 MiB, 39.70 W
2026/09/20 09:51:15.130, 1, 0 %, 0 %, 35270 MiB, 38.97 W
2026/09/20 09:51:15.130, 2, 0 %, 0 %, 35270 MiB, 37.99 W
2026/09/20 09:51:20.131, 0, 0 %, 0 %, 35270 MiB, 39.69 W
2026/09/20 09:51:20.131, 1, 0 %, 0 %, 35270 MiB, 39.07 W
2026/09/20 09:51:20.131, 2, 0 %, 0 %, 35270 MiB, 37.80 W
2026/09/20 09:51:25.132, 0, 0 %, 0 %, 35270 MiB, 39.67 W
2026/09/20 09:51:25.133, 1, 0 %, 0 %, 35270 MiB, 39.05 W
2026/09/20 09:51:25.133, 2, 0 %, 0 %, 35270 MiB, 37.87 W
2026/09/20 09:51:30.134, 0, 0 %, 0 %, 35270 MiB, 39.56 W
2026/09/20 09:51:30.135, 1, 0 %, 0 %, 35270 MiB, 39.03 W
2026/09/20 09:51:30.135, 2, 0 %, 0 %, 35270 MiB, 37.96 W
2026/09/20 09:51:35.135, 0, 0 %, 0 %, 35270 MiB, 39.59 W
2026/09/20 09:51:35.136, 1, 0 %, 0 %, 35270 MiB, 39.27 W
2026/09/20 09:51:35.136, 2, 0 %, 0 %, 35270 MiB, 37.89 W
2026/09/20 09:51:40.136, 0, 0 %, 0 %, 35270 MiB, 39.56 W
2026/09/20 09:51:40.137, 1, 0 %, 0 %, 35270 MiB, 39.02 W
2026/09/20 09:51:40.137, 2, 0 %, 0 %, 35270 MiB, 38.05 W
2026/09/20 09:51:45.138, 0, 0 %, 0 %, 35270 MiB, 39.58 W
2026/09/20 09:51:45.138, 1, 0 %, 0 %, 35270 MiB, 39.05 W
2026/09/20 09:51:45.138, 2, 0 %, 0 %, 35270 MiB, 37.67 W
2026/09/20 09:51:50.140, 0, 0 %, 0 %, 35270 MiB, 39.67 W
2026/09/20 09:51:50.141, 1, 0 %, 0 %, 35270 MiB, 39.04 W
2026/09/20 09:51:50.141, 2, 0 %, 0 %, 35270 MiB, 37.87 W
2026/09/20 09:51:55.142, 0, 0 %, 0 %, 35270 MiB, 39.56 W
2026/09/20 09:51:55.142, 1, 0 %, 0 %, 35270 MiB, 39.13 W
2026/09/20 09:51:55.143, 2, 0 %, 0 %, 35270 MiB, 37.77 W
2026/09/20 09:52:00.143, 0, 0 %, 0 %, 35270 MiB, 39.57 W
2026/09/20 09:52:00.143, 1, 0 %, 0 %, 35270 MiB, 39.05 W
2026/09/20 09:52:00.144, 2, 0 %, 0 %, 35270 MiB, 37.77 W
2026/09/20 09:52:05.144, 0, 0 %, 0 %, 35270 MiB, 39.50 W
2026/09/20 09:52:05.145, 1, 0 %, 0 %, 35270 MiB, 39.07 W
2026/09/20 09:52:05.145, 2, 0 %, 0 %, 35270 MiB, 37.69 W
2026/09/20 09:52:10.146, 0, 0 %, 0 %, 35270 MiB, 39.56 W
2026/09/20 09:52:10.147, 1, 0 %, 0 %, 35270 MiB, 39.24 W
2026/09/20 09:52:10.147, 2, 0 %, 0 %, 35270 MiB, 37.87 W
2026/09/20 09:52:15.148, 0, 0 %, 0 %, 35270 MiB, 39.56 W
2026/09/20 09:52:15.148, 1, 0 %, 0 %, 35270 MiB, 39.03 W
2026/09/20 09:52:15.149, 2, 0 %, 0 %, 35270 MiB, 37.85 W
2026/09/20 09:52:20.150, 0, 0 %, 0 %, 35270 MiB, 39.49 W
2026/09/20 09:52:20.150, 1, 0 %, 0 %, 35270 MiB, 38.85 W
2026/09/20 09:52:20.151, 2, 0 %, 0 %, 35270 MiB, 37.67 W
2026/09/20 09:52:25.152, 0, 0 %, 0 %, 35270 MiB, 39.56 W
2026/09/20 09:52:25.153, 1, 0 %, 0 %, 35270 MiB, 38.83 W
2026/09/20 09:52:25.153, 2, 0 %, 0 %, 35270 MiB, 37.76 W
2026/09/20 09:52:30.154, 0, 14 %, 1 %, 35270 MiB, 39.58 W
2026/09/20 09:52:30.154, 1, 0 %, 0 %, 35270 MiB, 38.96 W
2026/09/20 09:52:30.155, 2, 0 %, 0 %, 35270 MiB, 37.77 W
2026/09/20 09:52:35.156, 0, 24 %, 1 %, 35270 MiB, 39.58 W
2026/09/20 09:52:35.156, 1, 0 %, 0 %, 35270 MiB, 38.97 W
2026/09/20 09:52:35.157, 2, 0 %, 0 %, 35270 MiB, 37.79 W
2026/09/20 09:52:40.157, 0, 24 %, 1 %, 35270 MiB, 39.39 W
2026/09/20 09:52:40.157, 1, 0 %, 0 %, 35270 MiB, 38.95 W
2026/09/20 09:52:40.157, 2, 0 %, 0 %, 35270 MiB, 37.77 W
2026/09/20 09:52:45.157, 0, 0 %, 0 %, 35270 MiB, 39.78 W
2026/09/20 09:52:45.158, 1, 0 %, 0 %, 35270 MiB, 39.16 W
2026/09/20 09:52:45.158, 2, 0 %, 0 %, 35270 MiB, 37.69 W
2026/09/20 09:52:50.159, 0, 0 %, 0 %, 35270 MiB, 39.41 W
2026/09/20 09:52:50.159, 1, 0 %, 0 %, 35270 MiB, 38.97 W
2026/09/20 09:52:50.160, 2, 0 %, 0 %, 35270 MiB, 37.80 W
2026/09/20 09:52:55.161, 0, 0 %, 0 %, 35270 MiB, 39.85 W
2026/09/20 09:52:55.161, 1, 0 %, 0 %, 35270 MiB, 38.93 W
2026/09/20 09:52:55.161, 2, 0 %, 0 %, 35270 MiB, 37.55 W
2026/09/20 09:53:00.161, 0, 0 %, 0 %, 35270 MiB, 47.06 W
2026/09/20 09:53:00.161, 1, 0 %, 0 %, 35270 MiB, 39.07 W
2026/09/20 09:53:00.162, 2, 0 %, 0 %, 35270 MiB, 37.69 W
2026/09/20 09:53:05.162, 0, 0 %, 0 %, 35270 MiB, 39.50 W
2026/09/20 09:53:05.163, 1, 0 %, 0 %, 35270 MiB, 39.07 W
2026/09/20 09:53:05.163, 2, 0 %, 0 %, 35270 MiB, 37.59 W
2026/09/20 09:53:10.171, 0, 0 %, 0 %, 35270 MiB, 46.43 W
2026/09/20 09:53:10.172, 1, 0 %, 0 %, 35270 MiB, 39.07 W
2026/09/20 09:53:10.172, 2, 0 %, 0 %, 35270 MiB, 37.70 W
2026/09/20 09:53:15.173, 0, 0 %, 0 %, 35270 MiB, 39.61 W
2026/09/20 09:53:15.173, 1, 0 %, 0 %, 35270 MiB, 39.17 W
2026/09/20 09:53:15.173, 2, 0 %, 0 %, 35270 MiB, 37.59 W
2026/09/20 09:53:20.174, 0, 0 %, 0 %, 35270 MiB, 39.75 W
2026/09/20 09:53:20.174, 1, 0 %, 0 %, 35270 MiB, 39.24 W
2026/09/20 09:53:20.175, 2, 0 %, 0 %, 35270 MiB, 37.77 W
2026/09/20 09:53:25.175, 0, 0 %, 0 %, 35270 MiB, 39.70 W
2026/09/20 09:53:25.175, 1, 0 %, 0 %, 35270 MiB, 38.97 W
2026/09/20 09:53:25.175, 2, 0 %, 0 %, 35270 MiB, 37.90 W
2026/09/20 09:53:30.175, 0, 24 %, 1 %, 35270 MiB, 39.65 W
2026/09/20 09:53:30.176, 1, 0 %, 0 %, 35270 MiB, 38.92 W
2026/09/20 09:53:30.176, 2, 0 %, 0 %, 35270 MiB, 37.77 W
2026/09/20 09:53:35.176, 0, 0 %, 0 %, 35270 MiB, 39.60 W
2026/09/20 09:53:35.177, 1, 0 %, 0 %, 35270 MiB, 38.97 W
2026/09/20 09:53:35.177, 2, 0 %, 0 %, 35270 MiB, 37.70 W
2026/09/20 09:53:40.178, 0, 0 %, 0 %, 35270 MiB, 39.68 W
2026/09/20 09:53:40.178, 1, 0 %, 0 %, 35270 MiB, 39.05 W
2026/09/20 09:53:40.178, 2, 0 %, 0 %, 35270 MiB, 37.78 W
2026/09/20 09:53:45.179, 0, 24 %, 1 %, 35270 MiB, 39.40 W
2026/09/20 09:53:45.179, 1, 0 %, 0 %, 35270 MiB, 39.07 W
2026/09/20 09:53:45.180, 2, 0 %, 0 %, 35270 MiB, 38.09 W
2026/09/20 09:53:50.180, 0, 0 %, 0 %, 35270 MiB, 39.51 W
2026/09/20 09:53:50.181, 1, 0 %, 0 %, 35270 MiB, 38.97 W
2026/09/20 09:53:50.181, 2, 0 %, 0 %, 35270 MiB, 37.80 W
2026/09/20 09:53:55.186, 0, 0 %, 0 %, 35270 MiB, 39.65 W
2026/09/20 09:53:55.187, 1, 0 %, 0 %, 35270 MiB, 39.23 W
2026/09/20 09:53:55.187, 2, 0 %, 0 %, 35270 MiB, 37.75 W
2026/09/20 09:54:00.187, 0, 0 %, 0 %, 35270 MiB, 39.49 W
2026/09/20 09:54:00.188, 1, 0 %, 0 %, 35270 MiB, 38.95 W
2026/09/20 09:54:00.188, 2, 0 %, 0 %, 35270 MiB, 37.69 W
2026/09/20 09:54:05.188, 0, 0 %, 0 %, 35270 MiB, 39.58 W
2026/09/20 09:54:05.189, 1, 0 %, 0 %, 35270 MiB, 39.05 W
2026/09/20 09:54:05.189, 2, 0 %, 0 %, 35270 MiB, 37.98 W
2026/09/20 09:54:10.190, 0, 24 %, 1 %, 35270 MiB, 39.55 W
2026/09/20 09:54:10.190, 1, 0 %, 0 %, 35270 MiB, 39.02 W
2026/09/20 09:54:10.191, 2, 0 %, 0 %, 35270 MiB, 37.65 W
2026/09/20 09:54:15.192, 0, 0 %, 0 %, 35270 MiB, 39.55 W
2026/09/20 09:54:15.193, 1, 0 %, 0 %, 35270 MiB, 41.31 W
2026/09/20 09:54:15.193, 2, 0 %, 0 %, 35270 MiB, 37.75 W
2026/09/20 09:54:20.194, 0, 0 %, 0 %, 35270 MiB, 39.47 W
2026/09/20 09:54:20.194, 1, 1 %, 0 %, 35270 MiB, 39.15 W
2026/09/20 09:54:20.195, 2, 0 %, 0 %, 35270 MiB, 37.77 W
2026/09/20 09:54:25.196, 0, 0 %, 0 %, 35270 MiB, 39.56 W
2026/09/20 09:54:25.196, 1, 25 %, 1 %, 35270 MiB, 39.33 W
2026/09/20 09:54:25.196, 2, 0 %, 0 %, 35270 MiB, 37.77 W
2026/09/20 09:54:30.198, 0, 0 %, 0 %, 35270 MiB, 39.70 W
2026/09/20 09:54:30.198, 1, 0 %, 0 %, 35270 MiB, 39.07 W
2026/09/20 09:54:30.198, 2, 0 %, 0 %, 35270 MiB, 37.59 W
2026/09/20 09:54:35.200, 0, 0 %, 0 %, 35270 MiB, 39.65 W
2026/09/20 09:54:35.201, 1, 0 %, 0 %, 35270 MiB, 39.02 W
2026/09/20 09:54:35.201, 2, 0 %, 0 %, 35270 MiB, 37.75 W
2026/09/20 09:54:40.202, 0, 0 %, 0 %, 35270 MiB, 39.65 W
2026/09/20 09:54:40.202, 1, 0 %, 0 %, 35270 MiB, 38.92 W
2026/09/20 09:54:40.202, 2, 0 %, 0 %, 35270 MiB, 37.76 W
2026/09/20 09:54:45.204, 0, 0 %, 0 %, 35270 MiB, 39.65 W
2026/09/20 09:54:45.204, 1, 0 %, 0 %, 35270 MiB, 38.92 W
2026/09/20 09:54:45.204, 2, 0 %, 0 %, 35270 MiB, 37.75 W
2026/09/20 09:54:50.206, 0, 0 %, 0 %, 35270 MiB, 39.35 W
2026/09/20 09:54:50.206, 1, 0 %, 0 %, 35270 MiB, 38.92 W
2026/09/20 09:54:50.207, 2, 0 %, 0 %, 35270 MiB, 37.65 W
2026/09/20 09:54:55.208, 0, 0 %, 0 %, 35270 MiB, 39.40 W
2026/09/20 09:54:55.208, 1, 0 %, 0 %, 35270 MiB, 38.97 W
2026/09/20 09:54:55.208, 2, 0 %, 0 %, 35270 MiB, 37.70 W
2026/09/20 09:55:00.209, 0, 0 %, 0 %, 35270 MiB, 39.34 W
2026/09/20 09:55:00.209, 1, 0 %, 0 %, 35270 MiB, 39.02 W
2026/09/20 09:55:00.209, 2, 0 %, 0 %, 35270 MiB, 38.04 W
2026/09/20 09:55:05.211, 0, 0 %, 0 %, 35270 MiB, 39.52 W
2026/09/20 09:55:05.211, 1, 0 %, 0 %, 35270 MiB, 39.09 W
2026/09/20 09:55:05.211, 2, 0 %, 0 %, 35270 MiB, 37.53 W
2026/09/20 09:55:10.213, 0, 0 %, 0 %, 35270 MiB, 39.24 W
2026/09/20 09:55:10.213, 1, 0 %, 0 %, 35270 MiB, 38.91 W
2026/09/20 09:55:10.214, 2, 0 %, 0 %, 35270 MiB, 37.63 W
2026/09/20 09:55:15.215, 0, 0 %, 0 %, 35270 MiB, 39.25 W
2026/09/20 09:55:15.215, 1, 25 %, 1 %, 35270 MiB, 38.83 W
2026/09/20 09:55:15.215, 2, 0 %, 0 %, 35270 MiB, 37.44 W
2026/09/20 09:55:20.217, 0, 0 %, 0 %, 35270 MiB, 39.26 W
2026/09/20 09:55:20.217, 1, 0 %, 0 %, 35270 MiB, 38.93 W
2026/09/20 09:55:20.218, 2, 0 %, 0 %, 35270 MiB, 37.54 W
2026/09/20 09:55:25.219, 0, 0 %, 0 %, 35270 MiB, 39.24 W
2026/09/20 09:55:25.220, 1, 0 %, 0 %, 35270 MiB, 38.82 W
2026/09/20 09:55:25.220, 2, 0 %, 0 %, 35270 MiB, 37.44 W
2026/09/20 09:55:30.221, 0, 0 %, 0 %, 35270 MiB, 39.25 W
2026/09/20 09:55:30.222, 1, 0 %, 0 %, 35270 MiB, 38.83 W
2026/09/20 09:55:30.222, 2, 0 %, 0 %, 35270 MiB, 37.35 W
2026/09/20 09:55:35.223, 0, 0 %, 0 %, 35270 MiB, 39.25 W
2026/09/20 09:55:35.224, 1, 3 %, 0 %, 35270 MiB, 38.83 W
2026/09/20 09:55:35.224, 2, 25 %, 1 %, 35270 MiB, 37.54 W
2026/09/20 09:55:40.224, 0, 0 %, 0 %, 35270 MiB, 39.38 W
2026/09/20 09:55:40.225, 1, 0 %, 0 %, 35270 MiB, 38.85 W
2026/09/20 09:55:40.225, 2, 0 %, 0 %, 35270 MiB, 37.56 W
2026/09/20 09:55:45.225, 0, 0 %, 0 %, 35270 MiB, 39.46 W
2026/09/20 09:55:45.225, 1, 0 %, 0 %, 35270 MiB, 38.74 W
2026/09/20 09:55:45.226, 2, 0 %, 0 %, 35270 MiB, 37.46 W
2026/09/20 09:55:50.227, 0, 0 %, 0 %, 35270 MiB, 39.34 W
2026/09/20 09:55:50.227, 1, 0 %, 0 %, 35270 MiB, 38.82 W
2026/09/20 09:55:50.227, 2, 0 %, 0 %, 35270 MiB, 37.53 W
2026/09/20 09:55:55.228, 0, 0 %, 0 %, 35270 MiB, 39.26 W
2026/09/20 09:55:55.229, 1, 0 %, 0 %, 35270 MiB, 38.73 W
2026/09/20 09:55:55.229, 2, 0 %, 0 %, 35270 MiB, 37.75 W
2026/09/20 09:56:00.230, 0, 0 %, 0 %, 35270 MiB, 39.35 W
2026/09/20 09:56:00.231, 1, 0 %, 0 %, 35270 MiB, 38.73 W
2026/09/20 09:56:00.231, 2, 25 %, 1 %, 35270 MiB, 37.65 W
2026/09/20 09:56:05.231, 0, 0 %, 0 %, 35270 MiB, 39.25 W
2026/09/20 09:56:05.232, 1, 0 %, 0 %, 35270 MiB, 38.73 W
2026/09/20 09:56:05.232, 2, 5 %, 0 %, 35270 MiB, 37.85 W
2026/09/20 09:56:10.233, 0, 0 %, 0 %, 35270 MiB, 39.16 W
2026/09/20 09:56:10.234, 1, 0 %, 0 %, 35270 MiB, 38.73 W
2026/09/20 09:56:10.234, 2, 0 %, 0 %, 35270 MiB, 38.34 W
2026/09/20 09:56:15.235, 0, 0 %, 0 %, 35270 MiB, 39.14 W
2026/09/20 09:56:15.236, 1, 0 %, 0 %, 35270 MiB, 38.91 W
2026/09/20 09:56:15.236, 2, 0 %, 0 %, 35270 MiB, 37.44 W
2026/09/20 09:56:20.236, 0, 0 %, 0 %, 35270 MiB, 39.34 W
2026/09/20 09:56:20.237, 1, 0 %, 0 %, 35270 MiB, 38.73 W
2026/09/20 09:56:20.237, 2, 0 %, 0 %, 35270 MiB, 37.44 W
2026/09/20 09:56:25.238, 0, 0 %, 0 %, 35270 MiB, 39.16 W
2026/09/20 09:56:25.238, 1, 0 %, 0 %, 35270 MiB, 38.73 W
2026/09/20 09:56:25.238, 2, 0 %, 0 %, 35270 MiB, 37.44 W
2026/09/20 09:56:30.243, 0, 0 %, 0 %, 35270 MiB, 39.25 W
2026/09/20 09:56:30.243, 1, 0 %, 0 %, 35270 MiB, 38.73 W
2026/09/20 09:56:30.243, 2, 0 %, 0 %, 35270 MiB, 37.55 W
2026/09/20 09:56:35.247, 0, 0 %, 0 %, 35270 MiB, 39.25 W
2026/09/20 09:56:35.247, 1, 0 %, 0 %, 35270 MiB, 38.73 W
2026/09/20 09:56:35.248, 2, 0 %, 0 %, 35270 MiB, 37.44 W
2026/09/20 09:56:40.249, 0, 0 %, 0 %, 35270 MiB, 39.25 W
2026/09/20 09:56:40.249, 1, 0 %, 0 %, 35270 MiB, 38.83 W
2026/09/20 09:56:40.249, 2, 0 %, 0 %, 35270 MiB, 37.44 W
2026/09/20 09:56:45.249, 0, 0 %, 0 %, 35270 MiB, 39.17 W
2026/09/20 09:56:45.250, 1, 0 %, 0 %, 35270 MiB, 38.63 W
2026/09/20 09:56:45.250, 2, 0 %, 0 %, 35270 MiB, 37.46 W
2026/09/20 09:56:50.251, 0, 0 %, 0 %, 35270 MiB, 39.25 W
2026/09/20 09:56:50.251, 1, 0 %, 0 %, 35270 MiB, 38.73 W
2026/09/20 09:56:50.251, 2, 0 %, 0 %, 35270 MiB, 37.55 W
2026/09/20 09:56:55.253, 0, 0 %, 0 %, 35270 MiB, 39.18 W
2026/09/20 09:56:55.253, 1, 0 %, 0 %, 35270 MiB, 38.46 W
2026/09/20 09:56:55.253, 2, 0 %, 0 %, 35270 MiB, 37.46 W
2026/09/20 09:57:00.255, 0, 0 %, 0 %, 35270 MiB, 39.35 W
2026/09/20 09:57:00.255, 1, 0 %, 0 %, 35270 MiB, 38.53 W
2026/09/20 09:57:00.255, 2, 0 %, 0 %, 35270 MiB, 37.54 W
2026/09/20 09:57:05.256, 0, 0 %, 0 %, 35270 MiB, 39.06 W
2026/09/20 09:57:05.256, 1, 0 %, 0 %, 35270 MiB, 38.63 W
2026/09/20 09:57:05.257, 2, 0 %, 0 %, 35270 MiB, 37.56 W
2026/09/20 09:57:10.257, 0, 0 %, 0 %, 35270 MiB, 39.10 W
2026/09/20 09:57:10.258, 1, 0 %, 0 %, 35270 MiB, 38.65 W
2026/09/20 09:57:10.258, 2, 0 %, 0 %, 35270 MiB, 37.58 W
2026/09/20 09:57:15.258, 0, 0 %, 0 %, 35270 MiB, 39.11 W
2026/09/20 09:57:15.259, 1, 0 %, 0 %, 35270 MiB, 38.68 W
2026/09/20 09:57:15.259, 2, 0 %, 0 %, 35270 MiB, 43.45 W
2026/09/20 09:57:20.259, 0, 0 %, 0 %, 35270 MiB, 39.13 W
2026/09/20 09:57:20.260, 1, 0 %, 0 %, 35270 MiB, 38.70 W
2026/09/20 09:57:20.260, 2, 0 %, 0 %, 35270 MiB, 37.44 W
2026/09/20 09:57:25.260, 0, 0 %, 0 %, 35270 MiB, 39.17 W
2026/09/20 09:57:25.261, 1, 0 %, 0 %, 35270 MiB, 38.65 W
2026/09/20 09:57:25.261, 2, 0 %, 0 %, 35270 MiB, 37.56 W
2026/09/20 09:57:30.262, 0, 0 %, 0 %, 35270 MiB, 39.04 W
2026/09/20 09:57:30.263, 1, 0 %, 0 %, 35270 MiB, 38.61 W
2026/09/20 09:57:30.263, 2, 0 %, 0 %, 35270 MiB, 37.32 W
2026/09/20 09:57:35.264, 0, 0 %, 0 %, 35270 MiB, 39.14 W
2026/09/20 09:57:35.264, 1, 0 %, 0 %, 35270 MiB, 38.52 W
2026/09/20 09:57:35.265, 2, 0 %, 0 %, 35270 MiB, 37.44 W
2026/09/20 09:57:40.266, 0, 0 %, 0 %, 35270 MiB, 38.96 W
2026/09/20 09:57:40.267, 1, 0 %, 0 %, 35270 MiB, 38.44 W
2026/09/20 09:57:40.267, 2, 0 %, 0 %, 35270 MiB, 37.24 W
2026/09/20 09:57:45.268, 0, 0 %, 0 %, 35270 MiB, 38.96 W
2026/09/20 09:57:45.269, 1, 0 %, 0 %, 35270 MiB, 38.63 W
2026/09/20 09:57:45.269, 2, 0 %, 0 %, 35270 MiB, 37.44 W
2026/09/20 09:57:50.270, 0, 0 %, 0 %, 35270 MiB, 38.90 W
2026/09/20 09:57:50.271, 1, 0 %, 0 %, 35270 MiB, 38.56 W
2026/09/20 09:57:50.271, 2, 0 %, 0 %, 35270 MiB, 37.36 W
2026/09/20 09:57:55.271, 0, 0 %, 0 %, 35270 MiB, 39.09 W
2026/09/20 09:57:55.272, 1, 0 %, 0 %, 35270 MiB, 38.26 W
2026/09/20 09:57:55.272, 2, 0 %, 0 %, 35270 MiB, 37.27 W
2026/09/20 09:58:00.272, 0, 0 %, 0 %, 35270 MiB, 38.97 W
2026/09/20 09:58:00.272, 1, 0 %, 0 %, 35270 MiB, 38.25 W
2026/09/20 09:58:00.273, 2, 0 %, 0 %, 35270 MiB, 37.25 W
2026/09/20 09:58:05.274, 0, 0 %, 0 %, 35270 MiB, 38.86 W
2026/09/20 09:58:05.274, 1, 0 %, 0 %, 35270 MiB, 38.44 W
2026/09/20 09:58:05.275, 2, 0 %, 0 %, 35270 MiB, 37.33 W
2026/09/20 09:58:10.275, 0, 0 %, 0 %, 35270 MiB, 38.96 W
2026/09/20 09:58:10.276, 1, 0 %, 0 %, 35270 MiB, 38.23 W
2026/09/20 09:58:10.276, 2, 0 %, 0 %, 35270 MiB, 37.35 W
2026/09/20 09:58:15.277, 0, 0 %, 0 %, 35270 MiB, 38.88 W
2026/09/20 09:58:15.278, 1, 0 %, 0 %, 35270 MiB, 38.34 W
2026/09/20 09:58:15.278, 2, 0 %, 0 %, 35270 MiB, 37.33 W
2026/09/20 09:58:20.279, 0, 0 %, 0 %, 35270 MiB, 38.90 W
2026/09/20 09:58:20.279, 1, 0 %, 0 %, 35270 MiB, 38.65 W
2026/09/20 09:58:20.280, 2, 0 %, 0 %, 35270 MiB, 37.35 W
2026/09/20 09:58:25.281, 0, 0 %, 0 %, 35270 MiB, 38.99 W
2026/09/20 09:58:25.281, 1, 0 %, 0 %, 35270 MiB, 38.48 W
2026/09/20 09:58:25.282, 2, 0 %, 0 %, 35270 MiB, 37.26 W
2026/09/20 09:58:30.283, 0, 0 %, 0 %, 35270 MiB, 38.85 W
2026/09/20 09:58:30.283, 1, 0 %, 0 %, 35270 MiB, 38.43 W
2026/09/20 09:58:30.283, 2, 0 %, 0 %, 35270 MiB, 37.13 W
2026/09/20 09:58:35.284, 0, 0 %, 0 %, 35270 MiB, 38.87 W
2026/09/20 09:58:35.285, 1, 0 %, 0 %, 35270 MiB, 38.45 W
2026/09/20 09:58:35.285, 2, 0 %, 0 %, 35270 MiB, 37.15 W
2026/09/20 09:58:40.285, 0, 0 %, 0 %, 35270 MiB, 38.89 W
2026/09/20 09:58:40.286, 1, 0 %, 0 %, 35270 MiB, 38.46 W
2026/09/20 09:58:40.286, 2, 0 %, 0 %, 35270 MiB, 37.16 W
2026/09/20 09:58:45.287, 0, 0 %, 0 %, 35270 MiB, 38.84 W
2026/09/20 09:58:45.288, 1, 0 %, 0 %, 35270 MiB, 38.34 W
2026/09/20 09:58:45.288, 2, 0 %, 0 %, 35270 MiB, 37.14 W
2026/09/20 09:58:50.289, 0, 0 %, 0 %, 35270 MiB, 39.05 W
2026/09/20 09:58:50.290, 1, 0 %, 0 %, 35270 MiB, 38.33 W
2026/09/20 09:58:50.290, 2, 0 %, 0 %, 35270 MiB, 37.23 W
2026/09/20 09:58:55.291, 0, 0 %, 0 %, 35270 MiB, 38.85 W
2026/09/20 09:58:55.291, 1, 0 %, 0 %, 35270 MiB, 38.63 W
2026/09/20 09:58:55.291, 2, 0 %, 0 %, 35270 MiB, 37.13 W
2026/09/20 09:59:00.292, 0, 0 %, 0 %, 35270 MiB, 38.86 W
2026/09/20 09:59:00.293, 1, 0 %, 0 %, 35270 MiB, 38.23 W
2026/09/20 09:59:00.293, 2, 0 %, 0 %, 35270 MiB, 37.34 W
2026/09/20 09:59:05.294, 0, 0 %, 0 %, 35270 MiB, 38.86 W
2026/09/20 09:59:05.294, 1, 0 %, 0 %, 35270 MiB, 38.23 W
2026/09/20 09:59:05.295, 2, 0 %, 0 %, 35270 MiB, 37.24 W
2026/09/20 09:59:10.296, 0, 0 %, 0 %, 35270 MiB, 39.17 W
2026/09/20 09:59:10.297, 1, 0 %, 0 %, 35270 MiB, 38.24 W
2026/09/20 09:59:10.297, 2, 0 %, 0 %, 35270 MiB, 37.25 W
2026/09/20 09:59:15.297, 0, 0 %, 0 %, 35270 MiB, 38.88 W
2026/09/20 09:59:15.298, 1, 0 %, 0 %, 35270 MiB, 38.23 W
2026/09/20 09:59:15.298, 2, 0 %, 0 %, 35270 MiB, 37.26 W
2026/09/20 09:59:20.299, 0, 0 %, 0 %, 35270 MiB, 38.79 W
2026/09/20 09:59:20.299, 1, 0 %, 0 %, 35270 MiB, 38.27 W
2026/09/20 09:59:20.300, 2, 0 %, 0 %, 35270 MiB, 37.39 W
2026/09/20 09:59:25.304, 0, 0 %, 0 %, 35270 MiB, 38.76 W
2026/09/20 09:59:25.304, 1, 0 %, 0 %, 35270 MiB, 38.24 W
2026/09/20 09:59:25.304, 2, 0 %, 0 %, 35270 MiB, 37.24 W
2026/09/20 09:59:30.306, 0, 0 %, 0 %, 35270 MiB, 38.87 W
2026/09/20 09:59:30.306, 1, 0 %, 0 %, 35270 MiB, 38.36 W
2026/09/20 09:59:30.306, 2, 0 %, 0 %, 35270 MiB, 37.36 W
2026/09/20 09:59:35.308, 0, 0 %, 0 %, 35270 MiB, 38.86 W
2026/09/20 09:59:35.308, 1, 0 %, 0 %, 35270 MiB, 38.23 W
2026/09/20 09:59:35.309, 2, 0 %, 0 %, 35270 MiB, 37.14 W
2026/09/20 09:59:40.310, 0, 0 %, 0 %, 35270 MiB, 38.87 W
2026/09/20 09:59:40.310, 1, 0 %, 0 %, 35270 MiB, 38.34 W
2026/09/20 09:59:40.310, 2, 0 %, 0 %, 35270 MiB, 37.24 W
2026/09/20 09:59:45.311, 0, 0 %, 0 %, 35270 MiB, 38.77 W
2026/09/20 09:59:45.312, 1, 0 %, 0 %, 35270 MiB, 38.33 W
2026/09/20 09:59:45.312, 2, 0 %, 0 %, 35270 MiB, 37.14 W
2026/09/20 09:59:50.312, 0, 0 %, 0 %, 35270 MiB, 38.86 W
2026/09/20 09:59:50.312, 1, 0 %, 0 %, 35270 MiB, 38.44 W
2026/09/20 09:59:50.313, 2, 0 %, 0 %, 35270 MiB, 37.04 W
2026/09/20 09:59:55.314, 0, 0 %, 0 %, 35270 MiB, 38.87 W
2026/09/20 09:59:55.314, 1, 0 %, 0 %, 35270 MiB, 38.36 W
2026/09/20 09:59:55.315, 2, 0 %, 0 %, 35270 MiB, 37.25 W
2026/09/20 10:00:00.316, 0, 0 %, 0 %, 35270 MiB, 38.87 W
2026/09/20 10:00:00.317, 1, 0 %, 0 %, 35270 MiB, 38.33 W
2026/09/20 10:00:00.317, 2, 0 %, 0 %, 35270 MiB, 37.24 W
2026/09/20 10:00:05.318, 0, 0 %, 0 %, 35270 MiB, 38.97 W
2026/09/20 10:00:05.318, 1, 0 %, 0 %, 35270 MiB, 38.33 W
2026/09/20 10:00:05.319, 2, 0 %, 0 %, 35270 MiB, 37.15 W
2026/09/20 10:00:10.322, 0, 0 %, 0 %, 35270 MiB, 38.91 W
2026/09/20 10:00:10.322, 1, 0 %, 0 %, 35270 MiB, 38.18 W
2026/09/20 10:00:10.322, 2, 0 %, 0 %, 35270 MiB, 37.08 W
2026/09/20 10:00:15.323, 0, 0 %, 0 %, 35270 MiB, 38.89 W
2026/09/20 10:00:15.324, 1, 0 %, 0 %, 35270 MiB, 38.15 W
2026/09/20 10:00:15.324, 2, 0 %, 0 %, 35270 MiB, 37.26 W
2026/09/20 10:00:20.325, 0, 0 %, 0 %, 35270 MiB, 38.89 W
2026/09/20 10:00:20.325, 1, 0 %, 0 %, 35270 MiB, 38.06 W
2026/09/20 10:00:20.325, 2, 0 %, 0 %, 35270 MiB, 37.27 W
2026/09/20 10:00:25.327, 0, 0 %, 0 %, 35270 MiB, 38.75 W
2026/09/20 10:00:25.327, 1, 0 %, 0 %, 35270 MiB, 38.23 W
2026/09/20 10:00:25.328, 2, 0 %, 0 %, 35270 MiB, 37.24 W
2026/09/20 10:00:30.329, 0, 0 %, 0 %, 35270 MiB, 38.66 W
2026/09/20 10:00:30.329, 1, 0 %, 0 %, 35270 MiB, 38.13 W
2026/09/20 10:00:30.329, 2, 0 %, 0 %, 35270 MiB, 37.24 W
2026/09/20 10:00:35.331, 0, 5 %, 0 %, 35270 MiB, 38.76 W
2026/09/20 10:00:35.331, 1, 0 %, 0 %, 35270 MiB, 38.03 W
2026/09/20 10:00:35.332, 2, 0 %, 0 %, 35270 MiB, 37.13 W
2026/09/20 10:00:40.333, 0, 0 %, 0 %, 35270 MiB, 38.86 W
2026/09/20 10:00:40.333, 1, 0 %, 0 %, 35270 MiB, 38.13 W
2026/09/20 10:00:40.333, 2, 0 %, 0 %, 35270 MiB, 37.04 W
2026/09/20 10:00:45.335, 0, 0 %, 0 %, 35270 MiB, 39.35 W
2026/09/20 10:00:45.336, 1, 0 %, 0 %, 35270 MiB, 38.23 W
2026/09/20 10:00:45.336, 2, 0 %, 0 %, 35270 MiB, 37.04 W
2026/09/20 10:00:50.337, 0, 0 %, 0 %, 35270 MiB, 38.86 W
2026/09/20 10:00:50.338, 1, 0 %, 0 %, 35270 MiB, 38.35 W
2026/09/20 10:00:50.338, 2, 0 %, 0 %, 35270 MiB, 37.14 W
2026/09/20 10:00:55.339, 0, 24 %, 1 %, 35270 MiB, 38.88 W
2026/09/20 10:00:55.340, 1, 0 %, 0 %, 35270 MiB, 38.25 W
2026/09/20 10:00:55.340, 2, 0 %, 0 %, 35270 MiB, 37.26 W
2026/09/20 10:01:00.340, 0, 0 %, 0 %, 35270 MiB, 38.99 W
2026/09/20 10:01:00.341, 1, 0 %, 0 %, 35270 MiB, 38.56 W
2026/09/20 10:01:00.341, 2, 0 %, 0 %, 35270 MiB, 37.16 W
2026/09/20 10:01:05.341, 0, 24 %, 1 %, 35270 MiB, 38.90 W
2026/09/20 10:01:05.342, 1, 0 %, 0 %, 35270 MiB, 38.37 W
2026/09/20 10:01:05.342, 2, 0 %, 0 %, 35270 MiB, 37.18 W
2026/09/20 10:01:10.349, 0, 0 %, 0 %, 35270 MiB, 38.94 W
2026/09/20 10:01:10.349, 1, 0 %, 0 %, 35270 MiB, 38.43 W
2026/09/20 10:01:10.350, 2, 0 %, 0 %, 35270 MiB, 37.13 W
2026/09/20 10:01:15.351, 0, 0 %, 0 %, 35270 MiB, 39.06 W
2026/09/20 10:01:15.351, 1, 0 %, 0 %, 35270 MiB, 38.13 W
2026/09/20 10:01:15.351, 2, 0 %, 0 %, 35270 MiB, 37.24 W
2026/09/20 10:01:20.352, 0, 0 %, 0 %, 35270 MiB, 39.06 W
2026/09/20 10:01:20.352, 1, 0 %, 0 %, 35270 MiB, 38.22 W
2026/09/20 10:01:20.353, 2, 0 %, 0 %, 35270 MiB, 37.13 W
2026/09/20 10:01:25.354, 0, 0 %, 0 %, 35270 MiB, 38.86 W
2026/09/20 10:01:25.354, 1, 0 %, 0 %, 35270 MiB, 38.23 W
2026/09/20 10:01:25.354, 2, 0 %, 0 %, 35270 MiB, 37.04 W
2026/09/20 10:01:30.355, 0, 0 %, 0 %, 35270 MiB, 38.88 W
2026/09/20 10:01:30.355, 1, 0 %, 0 %, 35270 MiB, 38.15 W
2026/09/20 10:01:30.355, 2, 0 %, 0 %, 35270 MiB, 37.06 W
2026/09/20 10:01:35.355, 0, 0 %, 0 %, 35270 MiB, 39.26 W
2026/09/20 10:01:35.356, 1, 0 %, 0 %, 35270 MiB, 38.34 W
2026/09/20 10:01:35.356, 2, 0 %, 0 %, 35270 MiB, 37.24 W
2026/09/20 10:01:40.357, 0, 18 %, 1 %, 35270 MiB, 38.76 W
2026/09/20 10:01:40.357, 1, 0 %, 0 %, 35270 MiB, 38.14 W
2026/09/20 10:01:40.357, 2, 0 %, 0 %, 35270 MiB, 37.04 W
2026/09/20 10:01:45.359, 0, 0 %, 0 %, 35270 MiB, 38.74 W
2026/09/20 10:01:45.360, 1, 0 %, 0 %, 35270 MiB, 38.13 W
2026/09/20 10:01:45.360, 2, 0 %, 0 %, 35270 MiB, 36.94 W
2026/09/20 10:01:50.361, 0, 0 %, 0 %, 35270 MiB, 38.94 W
2026/09/20 10:01:50.361, 1, 5 %, 0 %, 35270 MiB, 38.23 W
2026/09/20 10:01:50.362, 2, 0 %, 0 %, 35270 MiB, 37.03 W
2026/09/20 10:01:55.363, 0, 0 %, 0 %, 35270 MiB, 38.85 W
2026/09/20 10:01:55.364, 1, 1 %, 0 %, 35270 MiB, 39.52 W
2026/09/20 10:01:55.364, 2, 0 %, 0 %, 35270 MiB, 37.03 W
2026/09/20 10:02:00.364, 0, 0 %, 0 %, 35270 MiB, 38.85 W
2026/09/20 10:02:00.365, 1, 0 %, 0 %, 35270 MiB, 38.33 W
2026/09/20 10:02:00.365, 2, 0 %, 0 %, 35270 MiB, 37.03 W
2026/09/20 10:02:05.376, 0, 0 %, 0 %, 35270 MiB, 38.85 W
2026/09/20 10:02:05.377, 1, 0 %, 0 %, 35270 MiB, 38.23 W
2026/09/20 10:02:05.377, 2, 0 %, 0 %, 35270 MiB, 37.04 W
2026/09/20 10:02:10.378, 0, 0 %, 0 %, 35270 MiB, 38.85 W
2026/09/20 10:02:10.378, 1, 14 %, 1 %, 35270 MiB, 39.02 W
2026/09/20 10:02:10.378, 2, 0 %, 0 %, 35270 MiB, 37.24 W
2026/09/20 10:02:15.380, 0, 0 %, 0 %, 35270 MiB, 41.43 W
2026/09/20 10:02:15.381, 1, 14 %, 1 %, 35270 MiB, 38.33 W
2026/09/20 10:02:15.381, 2, 0 %, 0 %, 35270 MiB, 37.04 W
2026/09/20 10:02:20.382, 0, 0 %, 0 %, 35270 MiB, 38.85 W
2026/09/20 10:02:20.383, 1, 0 %, 0 %, 35270 MiB, 38.03 W
2026/09/20 10:02:20.383, 2, 0 %, 0 %, 35270 MiB, 37.03 W
2026/09/20 10:02:25.383, 0, 0 %, 0 %, 35270 MiB, 39.06 W
2026/09/20 10:02:25.383, 1, 0 %, 0 %, 35270 MiB, 38.14 W
2026/09/20 10:02:25.384, 2, 0 %, 0 %, 35270 MiB, 37.15 W
2026/09/20 10:02:30.385, 0, 0 %, 0 %, 35270 MiB, 38.96 W
2026/09/20 10:02:30.386, 1, 0 %, 0 %, 35270 MiB, 38.25 W
2026/09/20 10:02:30.386, 2, 0 %, 0 %, 35270 MiB, 37.24 W
2026/09/20 10:02:35.391, 0, 0 %, 0 %, 35270 MiB, 38.86 W
2026/09/20 10:02:35.391, 1, 0 %, 0 %, 35270 MiB, 38.13 W
2026/09/20 10:02:35.391, 2, 0 %, 0 %, 35270 MiB, 37.15 W
2026/09/20 10:02:40.394, 0, 0 %, 0 %, 35270 MiB, 38.77 W
2026/09/20 10:02:40.394, 1, 0 %, 0 %, 35270 MiB, 38.14 W
2026/09/20 10:02:40.395, 2, 0 %, 0 %, 35270 MiB, 37.25 W
2026/09/20 10:02:45.396, 0, 0 %, 0 %, 35270 MiB, 38.75 W
2026/09/20 10:02:45.396, 1, 0 %, 0 %, 35270 MiB, 38.23 W
2026/09/20 10:02:45.396, 2, 0 %, 0 %, 35270 MiB, 37.14 W
2026/09/20 10:02:50.398, 0, 0 %, 0 %, 35270 MiB, 38.75 W
2026/09/20 10:02:50.398, 1, 0 %, 0 %, 35270 MiB, 38.13 W
2026/09/20 10:02:50.398, 2, 0 %, 0 %, 35270 MiB, 37.24 W
2026/09/20 10:02:55.399, 0, 0 %, 0 %, 35270 MiB, 38.68 W
2026/09/20 10:02:55.400, 1, 0 %, 0 %, 35270 MiB, 38.24 W
2026/09/20 10:02:55.400, 2, 0 %, 0 %, 35270 MiB, 36.94 W
2026/09/20 10:03:00.400, 0, 0 %, 0 %, 35270 MiB, 38.99 W
2026/09/20 10:03:00.401, 1, 0 %, 0 %, 35270 MiB, 38.47 W
2026/09/20 10:03:00.401, 2, 0 %, 0 %, 35270 MiB, 38.86 W
2026/09/20 10:03:05.401, 0, 0 %, 0 %, 35270 MiB, 38.68 W
2026/09/20 10:03:05.402, 1, 0 %, 0 %, 35270 MiB, 38.25 W
2026/09/20 10:03:05.402, 2, 0 %, 0 %, 35270 MiB, 37.26 W
2026/09/20 10:03:10.403, 0, 0 %, 0 %, 35270 MiB, 38.79 W
2026/09/20 10:03:10.403, 1, 0 %, 0 %, 35270 MiB, 38.25 W
2026/09/20 10:03:10.404, 2, 0 %, 0 %, 35270 MiB, 37.06 W
2026/09/20 10:03:15.404, 0, 0 %, 0 %, 35270 MiB, 38.86 W
2026/09/20 10:03:15.405, 1, 10 %, 0 %, 35270 MiB, 38.44 W
2026/09/20 10:03:15.405, 2, 0 %, 0 %, 35270 MiB, 41.61 W
2026/09/20 10:03:20.405, 0, 0 %, 0 %, 35270 MiB, 38.90 W
2026/09/20 10:03:20.406, 1, 0 %, 0 %, 35270 MiB, 38.28 W
2026/09/20 10:03:20.406, 2, 5 %, 0 %, 35270 MiB, 37.18 W
2026/09/20 10:03:25.407, 0, 0 %, 0 %, 35270 MiB, 38.75 W
2026/09/20 10:03:25.407, 1, 0 %, 0 %, 35270 MiB, 38.32 W
2026/09/20 10:03:25.407, 2, 14 %, 1 %, 35270 MiB, 37.23 W
2026/09/20 10:03:30.409, 0, 0 %, 0 %, 35270 MiB, 38.83 W
2026/09/20 10:03:30.410, 1, 0 %, 0 %, 35270 MiB, 38.01 W
2026/09/20 10:03:30.410, 2, 10 %, 0 %, 35270 MiB, 37.11 W
2026/09/20 10:03:35.411, 0, 0 %, 0 %, 35270 MiB, 38.88 W
2026/09/20 10:03:35.412, 1, 0 %, 0 %, 35270 MiB, 38.15 W
2026/09/20 10:03:35.412, 2, 0 %, 0 %, 35270 MiB, 37.67 W
2026/09/20 10:03:40.413, 0, 0 %, 0 %, 35270 MiB, 38.88 W
2026/09/20 10:03:40.413, 1, 0 %, 0 %, 35270 MiB, 37.96 W
2026/09/20 10:03:40.414, 2, 16 %, 1 %, 35270 MiB, 44.81 W
2026/09/20 10:03:45.415, 0, 0 %, 0 %, 35270 MiB, 38.76 W
2026/09/20 10:03:45.416, 1, 0 %, 0 %, 35270 MiB, 38.04 W
2026/09/20 10:03:45.416, 2, 0 %, 0 %, 35270 MiB, 38.44 W
2026/09/20 10:03:50.416, 0, 0 %, 0 %, 35270 MiB, 38.65 W
2026/09/20 10:03:50.417, 1, 0 %, 0 %, 35270 MiB, 38.02 W
2026/09/20 10:03:50.417, 2, 0 %, 0 %, 35270 MiB, 37.03 W
2026/09/20 10:03:55.417, 0, 0 %, 0 %, 35270 MiB, 38.57 W
2026/09/20 10:03:55.417, 1, 0 %, 0 %, 35270 MiB, 38.05 W
2026/09/20 10:03:55.418, 2, 0 %, 0 %, 35270 MiB, 37.15 W
2026/09/20 10:04:00.419, 0, 0 %, 0 %, 35270 MiB, 38.66 W
2026/09/20 10:04:00.419, 1, 0 %, 0 %, 35270 MiB, 38.14 W
2026/09/20 10:04:00.420, 2, 0 %, 0 %, 35270 MiB, 37.16 W
2026/09/20 10:04:05.421, 0, 0 %, 0 %, 35270 MiB, 38.66 W
2026/09/20 10:04:05.421, 1, 0 %, 0 %, 35270 MiB, 37.94 W
2026/09/20 10:04:05.422, 2, 0 %, 0 %, 35270 MiB, 38.24 W
2026/09/20 10:04:10.428, 0, 0 %, 0 %, 35270 MiB, 38.74 W
2026/09/20 10:04:10.428, 1, 0 %, 0 %, 35270 MiB, 38.13 W
2026/09/20 10:04:10.428, 2, 0 %, 0 %, 35270 MiB, 36.93 W
2026/09/20 10:04:15.428, 0, 0 %, 0 %, 35270 MiB, 38.85 W
2026/09/20 10:04:15.429, 1, 0 %, 0 %, 35270 MiB, 38.13 W
2026/09/20 10:04:15.429, 2, 25 %, 1 %, 35270 MiB, 37.04 W
2026/09/20 10:04:20.430, 0, 0 %, 0 %, 35270 MiB, 38.75 W
2026/09/20 10:04:20.431, 1, 0 %, 0 %, 35270 MiB, 38.13 W
2026/09/20 10:04:20.431, 2, 0 %, 0 %, 35270 MiB, 37.14 W
2026/09/20 10:04:25.432, 0, 0 %, 0 %, 35270 MiB, 38.86 W
2026/09/20 10:04:25.432, 1, 0 %, 0 %, 35270 MiB, 38.44 W
2026/09/20 10:04:25.432, 2, 0 %, 0 %, 35270 MiB, 37.15 W
2026/09/20 10:04:30.434, 0, 0 %, 0 %, 35270 MiB, 38.85 W
2026/09/20 10:04:30.435, 1, 0 %, 0 %, 35270 MiB, 38.23 W
2026/09/20 10:04:30.435, 2, 0 %, 0 %, 35270 MiB, 37.13 W
2026/09/20 10:04:35.436, 0, 0 %, 0 %, 35270 MiB, 38.86 W
2026/09/20 10:04:35.436, 1, 0 %, 0 %, 35270 MiB, 38.03 W
2026/09/20 10:04:35.436, 2, 0 %, 0 %, 35270 MiB, 37.33 W
2026/09/20 10:04:40.437, 0, 0 %, 0 %, 35270 MiB, 38.76 W
2026/09/20 10:04:40.438, 1, 0 %, 0 %, 35270 MiB, 38.03 W
2026/09/20 10:04:40.438, 2, 0 %, 0 %, 35270 MiB, 37.15 W
2026/09/20 10:04:45.438, 0, 0 %, 0 %, 35270 MiB, 38.89 W
2026/09/20 10:04:45.439, 1, 0 %, 0 %, 35270 MiB, 38.06 W
2026/09/20 10:04:45.439, 2, 0 %, 0 %, 35270 MiB, 37.15 W
2026/09/20 10:04:50.439, 0, 0 %, 0 %, 35270 MiB, 39.09 W
2026/09/20 10:04:50.440, 1, 0 %, 0 %, 35270 MiB, 38.08 W
2026/09/20 10:04:50.440, 2, 0 %, 0 %, 35270 MiB, 37.28 W
2026/09/20 10:04:55.441, 0, 0 %, 0 %, 35270 MiB, 38.68 W
2026/09/20 10:04:55.441, 1, 0 %, 0 %, 35270 MiB, 38.15 W
2026/09/20 10:04:55.441, 2, 0 %, 0 %, 35270 MiB, 37.26 W
2026/09/20 10:05:00.442, 0, 0 %, 0 %, 35270 MiB, 38.78 W
2026/09/20 10:05:00.442, 1, 0 %, 0 %, 35270 MiB, 38.35 W
2026/09/20 10:05:00.443, 2, 0 %, 0 %, 35270 MiB, 37.27 W
2026/09/20 10:05:05.443, 0, 0 %, 0 %, 35270 MiB, 38.79 W
2026/09/20 10:05:05.444, 1, 0 %, 0 %, 35270 MiB, 38.28 W
2026/09/20 10:05:05.444, 2, 0 %, 0 %, 35270 MiB, 37.28 W
2026/09/20 10:05:10.444, 0, 0 %, 0 %, 35270 MiB, 38.99 W
2026/09/20 10:05:10.444, 1, 0 %, 0 %, 35270 MiB, 38.25 W
2026/09/20 10:05:10.444, 2, 0 %, 0 %, 35270 MiB, 37.16 W
2026/09/20 10:05:15.445, 0, 0 %, 0 %, 35270 MiB, 38.92 W
2026/09/20 10:05:15.445, 1, 0 %, 0 %, 35270 MiB, 38.28 W
2026/09/20 10:05:15.445, 2, 0 %, 0 %, 35270 MiB, 37.29 W
2026/09/20 10:05:20.445, 0, 0 %, 0 %, 35270 MiB, 38.86 W
2026/09/20 10:05:20.446, 1, 0 %, 0 %, 35270 MiB, 38.36 W
2026/09/20 10:05:20.446, 2, 0 %, 0 %, 35270 MiB, 37.15 W
2026/09/20 10:05:25.447, 0, 0 %, 0 %, 35270 MiB, 38.92 W
2026/09/20 10:05:25.447, 1, 0 %, 0 %, 35270 MiB, 38.28 W
2026/09/20 10:05:25.447, 2, 0 %, 0 %, 35270 MiB, 37.18 W
2026/09/20 10:05:30.447, 0, 0 %, 0 %, 35270 MiB, 38.99 W
2026/09/20 10:05:30.447, 1, 0 %, 0 %, 35270 MiB, 38.46 W
2026/09/20 10:05:30.447, 2, 0 %, 0 %, 35270 MiB, 37.29 W
2026/09/20 10:05:35.448, 0, 0 %, 0 %, 35270 MiB, 39.01 W
2026/09/20 10:05:35.448, 1, 0 %, 0 %, 35270 MiB, 38.57 W
2026/09/20 10:05:35.448, 2, 0 %, 0 %, 35270 MiB, 37.39 W
2026/09/20 10:05:40.448, 0, 0 %, 0 %, 35270 MiB, 39.10 W
2026/09/20 10:05:40.449, 1, 0 %, 0 %, 35270 MiB, 38.38 W
2026/09/20 10:05:40.449, 2, 0 %, 0 %, 35270 MiB, 37.39 W
2026/09/20 10:05:45.449, 0, 0 %, 0 %, 35270 MiB, 39.07 W
2026/09/20 10:05:45.450, 1, 0 %, 0 %, 35270 MiB, 38.44 W
2026/09/20 10:05:45.450, 2, 0 %, 0 %, 35270 MiB, 37.35 W
2026/09/20 10:05:50.450, 0, 0 %, 0 %, 35270 MiB, 39.16 W
2026/09/20 10:05:50.450, 1, 0 %, 0 %, 35270 MiB, 38.23 W
2026/09/20 10:05:50.450, 2, 0 %, 0 %, 35270 MiB, 37.44 W
2026/09/20 10:05:55.452, 0, 0 %, 0 %, 35270 MiB, 38.86 W
2026/09/20 10:05:55.452, 1, 0 %, 0 %, 35270 MiB, 38.23 W
2026/09/20 10:05:55.452, 2, 0 %, 0 %, 35270 MiB, 37.14 W
2026/09/20 10:06:00.454, 0, 0 %, 0 %, 35270 MiB, 38.65 W
2026/09/20 10:06:00.454, 1, 0 %, 0 %, 35270 MiB, 38.13 W
2026/09/20 10:06:00.454, 2, 0 %, 0 %, 35270 MiB, 37.14 W
2026/09/20 10:06:05.455, 0, 0 %, 0 %, 35270 MiB, 38.87 W
2026/09/20 10:06:05.466, 1, 0 %, 0 %, 35270 MiB, 38.03 W
2026/09/20 10:06:05.466, 2, 0 %, 0 %, 35270 MiB, 37.14 W
2026/09/20 10:06:10.478, 0, 0 %, 0 %, 35270 MiB, 38.56 W
2026/09/20 10:06:10.478, 1, 0 %, 0 %, 35270 MiB, 38.03 W
2026/09/20 10:06:10.478, 2, 0 %, 0 %, 35270 MiB, 37.35 W
2026/09/20 10:06:15.481, 0, 0 %, 0 %, 35270 MiB, 38.66 W
2026/09/20 10:06:15.481, 1, 0 %, 0 %, 35270 MiB, 38.03 W
2026/09/20 10:06:15.481, 2, 0 %, 0 %, 35270 MiB, 36.84 W
2026/09/20 10:06:20.482, 0, 0 %, 0 %, 35270 MiB, 38.57 W
2026/09/20 10:06:20.482, 1, 0 %, 0 %, 35270 MiB, 38.03 W
2026/09/20 10:06:20.482, 2, 0 %, 0 %, 35270 MiB, 36.84 W
2026/09/20 10:06:25.483, 0, 0 %, 0 %, 35270 MiB, 38.76 W
2026/09/20 10:06:25.483, 1, 0 %, 0 %, 35270 MiB, 38.04 W
2026/09/20 10:06:25.484, 2, 0 %, 0 %, 35270 MiB, 36.94 W
2026/09/20 10:06:30.485, 0, 0 %, 0 %, 35270 MiB, 38.65 W
2026/09/20 10:06:30.485, 1, 0 %, 0 %, 35270 MiB, 38.33 W
2026/09/20 10:06:30.485, 2, 0 %, 0 %, 35270 MiB, 37.03 W
2026/09/20 10:06:35.487, 0, 0 %, 0 %, 35270 MiB, 38.66 W
2026/09/20 10:06:35.487, 1, 0 %, 0 %, 35270 MiB, 38.15 W
2026/09/20 10:06:35.487, 2, 0 %, 0 %, 35270 MiB, 36.86 W
2026/09/20 10:06:40.488, 0, 0 %, 0 %, 35270 MiB, 38.66 W
2026/09/20 10:06:40.488, 1, 0 %, 0 %, 35270 MiB, 38.04 W
2026/09/20 10:06:40.488, 2, 0 %, 0 %, 35270 MiB, 36.86 W
2026/09/20 10:06:45.489, 0, 0 %, 0 %, 35270 MiB, 38.66 W
2026/09/20 10:06:45.489, 1, 0 %, 0 %, 35270 MiB, 37.96 W
2026/09/20 10:06:45.489, 2, 0 %, 0 %, 35270 MiB, 36.96 W
2026/09/20 10:06:50.490, 0, 0 %, 0 %, 35270 MiB, 38.65 W
2026/09/20 10:06:50.490, 1, 0 %, 0 %, 35270 MiB, 38.03 W
2026/09/20 10:06:50.490, 2, 0 %, 0 %, 35270 MiB, 37.05 W
2026/09/20 10:06:55.492, 0, 0 %, 0 %, 35270 MiB, 38.57 W
2026/09/20 10:06:55.492, 1, 0 %, 0 %, 35270 MiB, 37.95 W
2026/09/20 10:06:55.492, 2, 0 %, 0 %, 35270 MiB, 36.96 W
2026/09/20 10:07:00.494, 0, 0 %, 0 %, 35270 MiB, 38.75 W
2026/09/20 10:07:00.494, 1, 0 %, 0 %, 35270 MiB, 37.85 W
2026/09/20 10:07:00.494, 2, 0 %, 0 %, 35270 MiB, 36.94 W
2026/09/20 10:07:05.496, 0, 0 %, 0 %, 35270 MiB, 38.66 W
2026/09/20 10:07:05.496, 1, 0 %, 0 %, 35270 MiB, 37.84 W
2026/09/20 10:07:05.496, 2, 0 %, 0 %, 35270 MiB, 37.05 W
2026/09/20 10:07:10.498, 0, 0 %, 0 %, 35270 MiB, 38.46 W
2026/09/20 10:07:10.498, 1, 0 %, 0 %, 35270 MiB, 38.02 W
2026/09/20 10:07:10.498, 2, 0 %, 0 %, 35270 MiB, 37.13 W
2026/09/20 10:07:15.500, 0, 0 %, 0 %, 35270 MiB, 38.46 W
2026/09/20 10:07:15.500, 1, 0 %, 0 %, 35270 MiB, 37.84 W
2026/09/20 10:07:15.500, 2, 0 %, 0 %, 35270 MiB, 36.94 W
2026/09/20 10:07:20.501, 0, 0 %, 0 %, 35270 MiB, 38.56 W
2026/09/20 10:07:20.501, 1, 0 %, 0 %, 35270 MiB, 37.84 W
2026/09/20 10:07:20.502, 2, 0 %, 0 %, 35270 MiB, 36.84 W
2026/09/20 10:07:25.512, 0, 0 %, 0 %, 35270 MiB, 38.55 W
2026/09/20 10:07:25.512, 1, 0 %, 0 %, 35270 MiB, 38.13 W
2026/09/20 10:07:25.512, 2, 0 %, 0 %, 35270 MiB, 36.84 W
2026/09/20 10:07:30.514, 0, 0 %, 0 %, 35270 MiB, 38.57 W
2026/09/20 10:07:30.514, 1, 0 %, 0 %, 35270 MiB, 37.85 W
2026/09/20 10:07:30.514, 2, 0 %, 0 %, 35270 MiB, 36.85 W
2026/09/20 10:07:35.515, 0, 0 %, 0 %, 35270 MiB, 38.58 W
2026/09/20 10:07:35.515, 1, 0 %, 0 %, 35270 MiB, 37.93 W
2026/09/20 10:07:35.515, 2, 0 %, 0 %, 35270 MiB, 36.86 W
2026/09/20 10:07:40.517, 0, 0 %, 0 %, 35270 MiB, 38.65 W
2026/09/20 10:07:40.517, 1, 0 %, 0 %, 35270 MiB, 37.94 W
2026/09/20 10:07:40.517, 2, 0 %, 0 %, 35270 MiB, 36.84 W
2026/09/20 10:07:45.519, 0, 0 %, 0 %, 35270 MiB, 38.66 W
2026/09/20 10:07:45.519, 1, 0 %, 0 %, 35270 MiB, 38.04 W
2026/09/20 10:07:45.519, 2, 0 %, 0 %, 35270 MiB, 37.06 W
2026/09/20 10:07:50.520, 0, 0 %, 0 %, 35270 MiB, 38.78 W
2026/09/20 10:07:50.521, 1, 0 %, 0 %, 35270 MiB, 38.05 W
2026/09/20 10:07:50.521, 2, 0 %, 0 %, 35270 MiB, 36.96 W
2026/09/20 10:07:55.522, 0, 0 %, 0 %, 35270 MiB, 38.77 W
2026/09/20 10:07:55.522, 1, 0 %, 0 %, 35270 MiB, 37.85 W
2026/09/20 10:07:55.523, 2, 0 %, 0 %, 35270 MiB, 36.87 W
2026/09/20 10:08:00.524, 0, 0 %, 0 %, 35270 MiB, 38.70 W
2026/09/20 10:08:00.524, 1, 0 %, 0 %, 35270 MiB, 38.08 W
2026/09/20 10:08:00.524, 2, 5 %, 0 %, 35270 MiB, 36.96 W
2026/09/20 10:08:05.526, 0, 0 %, 0 %, 35270 MiB, 38.69 W
2026/09/20 10:08:05.526, 1, 0 %, 0 %, 35270 MiB, 37.97 W
2026/09/20 10:08:05.526, 2, 0 %, 0 %, 35270 MiB, 37.16 W
2026/09/20 10:08:10.526, 0, 0 %, 0 %, 35270 MiB, 38.79 W
2026/09/20 10:08:10.527, 1, 0 %, 0 %, 35270 MiB, 37.98 W
2026/09/20 10:08:10.527, 2, 0 %, 0 %, 35270 MiB, 37.08 W
2026/09/20 10:08:15.527, 0, 0 %, 0 %, 35270 MiB, 38.71 W
2026/09/20 10:08:15.528, 1, 0 %, 0 %, 35270 MiB, 37.98 W
2026/09/20 10:08:15.528, 2, 0 %, 0 %, 35270 MiB, 37.09 W
2026/09/20 10:08:20.528, 0, 0 %, 0 %, 35270 MiB, 38.80 W
2026/09/20 10:08:20.529, 1, 0 %, 0 %, 35270 MiB, 38.28 W
2026/09/20 10:08:20.529, 2, 0 %, 0 %, 35270 MiB, 37.18 W
2026/09/20 10:08:25.529, 0, 0 %, 0 %, 35270 MiB, 38.71 W
2026/09/20 10:08:25.529, 1, 0 %, 0 %, 35270 MiB, 38.09 W
2026/09/20 10:08:25.529, 2, 0 %, 0 %, 35270 MiB, 37.28 W
2026/09/20 10:08:30.530, 0, 5 %, 0 %, 35270 MiB, 38.82 W
2026/09/20 10:08:30.530, 1, 0 %, 0 %, 35270 MiB, 38.09 W
2026/09/20 10:08:30.530, 2, 0 %, 0 %, 35270 MiB, 36.99 W
2026/09/20 10:08:35.530, 0, 100 %, 5 %, 35270 MiB, 88.33 W
2026/09/20 10:08:35.531, 1, 100 %, 7 %, 35270 MiB, 100.77 W
2026/09/20 10:08:35.531, 2, 99 %, 6 %, 35270 MiB, 91.23 W
2026/09/20 10:08:40.531, 0, 100 %, 7 %, 35270 MiB, 92.12 W
2026/09/20 10:08:40.531, 1, 100 %, 7 %, 35270 MiB, 97.76 W
2026/09/20 10:08:40.532, 2, 100 %, 7 %, 35270 MiB, 95.50 W
2026/09/20 10:08:45.532, 0, 100 %, 7 %, 35270 MiB, 91.86 W
2026/09/20 10:08:45.532, 1, 99 %, 7 %, 35270 MiB, 93.30 W
2026/09/20 10:08:45.532, 2, 100 %, 6 %, 35270 MiB, 90.52 W
2026/09/20 10:08:50.533, 0, 100 %, 7 %, 35270 MiB, 98.28 W
2026/09/20 10:08:50.533, 1, 100 %, 7 %, 35270 MiB, 94.47 W
2026/09/20 10:08:50.533, 2, 100 %, 7 %, 35270 MiB, 93.67 W
2026/09/20 10:08:55.533, 0, 100 %, 7 %, 35270 MiB, 94.93 W
2026/09/20 10:08:55.533, 1, 100 %, 7 %, 35270 MiB, 97.01 W
2026/09/20 10:08:55.533, 2, 100 %, 6 %, 35270 MiB, 94.26 W
2026/09/20 10:09:00.534, 0, 100 %, 7 %, 35270 MiB, 95.19 W
2026/09/20 10:09:00.534, 1, 100 %, 7 %, 35270 MiB, 91.76 W
2026/09/20 10:09:00.534, 2, 100 %, 7 %, 35270 MiB, 98.48 W
2026/09/20 10:09:05.534, 0, 100 %, 7 %, 35270 MiB, 91.86 W
2026/09/20 10:09:05.535, 1, 100 %, 7 %, 35270 MiB, 94.68 W
2026/09/20 10:09:05.535, 2, 100 %, 11 %, 35270 MiB, 92.75 W
2026/09/20 10:09:10.535, 0, 100 %, 7 %, 35270 MiB, 97.52 W
2026/09/20 10:09:10.535, 1, 100 %, 7 %, 35270 MiB, 96.44 W
2026/09/20 10:09:10.535, 2, 100 %, 7 %, 35270 MiB, 96.62 W
2026/09/20 10:09:15.536, 0, 98 %, 7 %, 35270 MiB, 103.40 W
2026/09/20 10:09:15.536, 1, 100 %, 6 %, 35270 MiB, 96.67 W
2026/09/20 10:09:15.536, 2, 100 %, 7 %, 35270 MiB, 87.65 W
2026/09/20 10:09:20.536, 0, 100 %, 7 %, 35270 MiB, 93.84 W
2026/09/20 10:09:20.537, 1, 100 %, 7 %, 35270 MiB, 98.96 W
2026/09/20 10:09:20.537, 2, 100 %, 10 %, 35270 MiB, 94.93 W
2026/09/20 10:09:25.537, 0, 100 %, 7 %, 35270 MiB, 97.21 W
2026/09/20 10:09:25.537, 1, 100 %, 7 %, 35270 MiB, 96.94 W
2026/09/20 10:09:25.537, 2, 100 %, 7 %, 35270 MiB, 96.58 W
2026/09/20 10:09:30.538, 0, 100 %, 7 %, 35270 MiB, 102.25 W
2026/09/20 10:09:30.538, 1, 100 %, 7 %, 35270 MiB, 102.04 W
2026/09/20 10:09:30.538, 2, 100 %, 6 %, 35270 MiB, 95.82 W
2026/09/20 10:09:35.539, 0, 100 %, 7 %, 35270 MiB, 97.36 W
2026/09/20 10:09:35.539, 1, 100 %, 7 %, 35270 MiB, 99.07 W
2026/09/20 10:09:35.539, 2, 100 %, 7 %, 35270 MiB, 99.63 W
2026/09/20 10:09:40.540, 0, 100 %, 7 %, 35270 MiB, 101.77 W
2026/09/20 10:09:40.540, 1, 100 %, 6 %, 35270 MiB, 96.23 W
2026/09/20 10:09:40.540, 2, 100 %, 10 %, 35270 MiB, 99.16 W
2026/09/20 10:09:45.540, 0, 100 %, 7 %, 35270 MiB, 102.08 W
2026/09/20 10:09:45.540, 1, 100 %, 7 %, 35270 MiB, 96.05 W
2026/09/20 10:09:45.540, 2, 100 %, 6 %, 35270 MiB, 96.42 W
2026/09/20 10:09:50.541, 0, 100 %, 11 %, 35270 MiB, 97.88 W
2026/09/20 10:09:50.541, 1, 100 %, 7 %, 35270 MiB, 99.38 W
2026/09/20 10:09:50.541, 2, 100 %, 7 %, 35270 MiB, 105.82 W
2026/09/20 10:09:55.541, 0, 100 %, 10 %, 35270 MiB, 98.38 W
2026/09/20 10:09:55.542, 1, 100 %, 7 %, 35270 MiB, 163.65 W
2026/09/20 10:09:55.542, 2, 100 %, 7 %, 35270 MiB, 95.03 W
2026/09/20 10:10:00.543, 0, 100 %, 11 %, 35270 MiB, 95.63 W
2026/09/20 10:10:00.543, 1, 100 %, 7 %, 35270 MiB, 98.26 W
2026/09/20 10:10:00.543, 2, 100 %, 6 %, 35270 MiB, 99.01 W
2026/09/20 10:10:05.543, 0, 100 %, 11 %, 35270 MiB, 100.12 W
2026/09/20 10:10:05.543, 1, 100 %, 7 %, 35270 MiB, 104.92 W
2026/09/20 10:10:05.544, 2, 100 %, 7 %, 35270 MiB, 99.38 W
2026/09/20 10:10:10.545, 0, 100 %, 7 %, 35270 MiB, 98.75 W
2026/09/20 10:10:10.545, 1, 100 %, 10 %, 35270 MiB, 100.27 W
2026/09/20 10:10:10.545, 2, 100 %, 7 %, 35270 MiB, 99.57 W
2026/09/20 10:10:15.546, 0, 100 %, 7 %, 35270 MiB, 101.32 W
2026/09/20 10:10:15.546, 1, 100 %, 7 %, 35270 MiB, 100.57 W
2026/09/20 10:10:15.546, 2, 100 %, 7 %, 35270 MiB, 102.82 W
2026/09/20 10:10:20.546, 0, 100 %, 11 %, 35270 MiB, 97.11 W
2026/09/20 10:10:20.547, 1, 100 %, 7 %, 35270 MiB, 100.70 W
2026/09/20 10:10:20.547, 2, 100 %, 11 %, 35270 MiB, 99.20 W
2026/09/20 10:10:25.547, 0, 100 %, 7 %, 35270 MiB, 102.23 W
2026/09/20 10:10:25.547, 1, 100 %, 7 %, 35270 MiB, 98.79 W
2026/09/20 10:10:25.547, 2, 100 %, 6 %, 35270 MiB, 102.77 W
2026/09/20 10:10:30.548, 0, 100 %, 11 %, 35270 MiB, 96.14 W
2026/09/20 10:10:30.548, 1, 100 %, 11 %, 35270 MiB, 97.70 W
2026/09/20 10:10:30.548, 2, 100 %, 7 %, 35270 MiB, 103.40 W
2026/09/20 10:10:35.548, 0, 100 %, 11 %, 35270 MiB, 97.23 W
2026/09/20 10:10:35.549, 1, 100 %, 7 %, 35270 MiB, 99.94 W
2026/09/20 10:10:35.549, 2, 100 %, 7 %, 35270 MiB, 97.22 W
2026/09/20 10:10:40.549, 0, 100 %, 10 %, 35270 MiB, 99.67 W
2026/09/20 10:10:40.549, 1, 100 %, 7 %, 35270 MiB, 101.18 W
2026/09/20 10:10:40.549, 2, 100 %, 7 %, 35270 MiB, 94.24 W
2026/09/20 10:10:45.550, 0, 100 %, 7 %, 35270 MiB, 101.35 W
2026/09/20 10:10:45.550, 1, 100 %, 7 %, 35270 MiB, 102.17 W
2026/09/20 10:10:45.550, 2, 100 %, 11 %, 35270 MiB, 95.88 W
2026/09/20 10:10:50.550, 0, 100 %, 7 %, 35270 MiB, 100.02 W
2026/09/20 10:10:50.551, 1, 100 %, 7 %, 35270 MiB, 100.13 W
2026/09/20 10:10:50.551, 2, 100 %, 11 %, 35270 MiB, 174.22 W
2026/09/20 10:10:55.551, 0, 100 %, 7 %, 35270 MiB, 98.71 W
2026/09/20 10:10:55.551, 1, 100 %, 7 %, 35270 MiB, 99.07 W
2026/09/20 10:10:55.551, 2, 100 %, 7 %, 35270 MiB, 100.67 W
2026/09/20 10:11:00.553, 0, 100 %, 11 %, 35270 MiB, 98.35 W
2026/09/20 10:11:00.553, 1, 100 %, 7 %, 35270 MiB, 105.92 W
2026/09/20 10:11:00.553, 2, 100 %, 10 %, 35270 MiB, 100.12 W
2026/09/20 10:11:05.554, 0, 100 %, 7 %, 35270 MiB, 161.50 W
2026/09/20 10:11:05.554, 1, 100 %, 7 %, 35270 MiB, 100.99 W
2026/09/20 10:11:05.554, 2, 100 %, 7 %, 35270 MiB, 100.12 W
2026/09/20 10:11:10.554, 0, 100 %, 7 %, 35270 MiB, 101.85 W
2026/09/20 10:11:10.554, 1, 100 %, 7 %, 35270 MiB, 109.04 W
2026/09/20 10:11:10.555, 2, 100 %, 10 %, 35270 MiB, 98.11 W
2026/09/20 10:11:15.555, 0, 100 %, 7 %, 35270 MiB, 95.62 W
2026/09/20 10:11:15.555, 1, 100 %, 7 %, 35270 MiB, 101.25 W
2026/09/20 10:11:15.555, 2, 100 %, 7 %, 35270 MiB, 96.53 W
2026/09/20 10:11:20.556, 0, 100 %, 7 %, 35270 MiB, 102.57 W
2026/09/20 10:11:20.556, 1, 100 %, 7 %, 35270 MiB, 105.98 W
2026/09/20 10:11:20.556, 2, 100 %, 7 %, 35270 MiB, 101.04 W
2026/09/20 10:11:25.556, 0, 100 %, 7 %, 35270 MiB, 100.81 W
2026/09/20 10:11:25.557, 1, 100 %, 7 %, 35270 MiB, 105.37 W
2026/09/20 10:11:25.557, 2, 100 %, 7 %, 35270 MiB, 98.88 W
2026/09/20 10:11:30.557, 0, 100 %, 7 %, 35270 MiB, 101.46 W
2026/09/20 10:11:30.557, 1, 100 %, 7 %, 35270 MiB, 101.39 W
2026/09/20 10:11:30.557, 2, 100 %, 7 %, 35270 MiB, 100.45 W
2026/09/20 10:11:35.558, 0, 100 %, 7 %, 35270 MiB, 104.92 W
2026/09/20 10:11:35.558, 1, 100 %, 7 %, 35270 MiB, 107.66 W
2026/09/20 10:11:35.558, 2, 100 %, 7 %, 35270 MiB, 100.79 W
2026/09/20 10:11:40.559, 0, 100 %, 7 %, 35270 MiB, 110.38 W
2026/09/20 10:11:40.559, 1, 100 %, 7 %, 35270 MiB, 105.33 W
2026/09/20 10:11:40.559, 2, 100 %, 7 %, 35270 MiB, 101.12 W
2026/09/20 10:11:45.560, 0, 100 %, 11 %, 35270 MiB, 103.81 W
2026/09/20 10:11:45.560, 1, 100 %, 7 %, 35270 MiB, 102.99 W
2026/09/20 10:11:45.560, 2, 100 %, 7 %, 35270 MiB, 106.56 W
2026/09/20 10:11:50.560, 0, 100 %, 7 %, 35270 MiB, 139.40 W
2026/09/20 10:11:50.560, 1, 100 %, 7 %, 35270 MiB, 109.97 W
2026/09/20 10:11:50.560, 2, 100 %, 7 %, 35270 MiB, 102.93 W
2026/09/20 10:11:55.561, 0, 0 %, 0 %, 35270 MiB, 75.03 W
2026/09/20 10:11:55.561, 1, 0 %, 0 %, 35270 MiB, 45.77 W
2026/09/20 10:11:55.561, 2, 55 %, 4 %, 35270 MiB, 72.17 W
2026/09/20 10:12:00.562, 0, 0 %, 0 %, 35270 MiB, 45.81 W
2026/09/20 10:12:00.563, 1, 0 %, 0 %, 35270 MiB, 45.25 W
2026/09/20 10:12:00.563, 2, 0 %, 0 %, 35270 MiB, 43.59 W
2026/09/20 10:12:05.564, 0, 0 %, 0 %, 35270 MiB, 45.39 W
2026/09/20 10:12:05.564, 1, 0 %, 0 %, 35270 MiB, 44.84 W
2026/09/20 10:12:05.564, 2, 0 %, 0 %, 35270 MiB, 42.92 W
2026/09/20 10:12:10.565, 0, 0 %, 0 %, 35270 MiB, 44.88 W
2026/09/20 10:12:10.565, 1, 0 %, 0 %, 35270 MiB, 44.15 W
2026/09/20 10:12:10.566, 2, 0 %, 0 %, 35270 MiB, 42.78 W
2026/09/20 10:12:15.567, 0, 0 %, 0 %, 35270 MiB, 44.49 W
2026/09/20 10:12:15.567, 1, 0 %, 0 %, 35270 MiB, 43.96 W
2026/09/20 10:12:15.568, 2, 0 %, 0 %, 35270 MiB, 42.28 W
2026/09/20 10:12:20.569, 0, 0 %, 0 %, 35270 MiB, 44.11 W
2026/09/20 10:12:20.569, 1, 0 %, 0 %, 35270 MiB, 43.26 W
2026/09/20 10:12:20.569, 2, 0 %, 0 %, 35270 MiB, 42.00 W
2026/09/20 10:12:25.571, 0, 0 %, 0 %, 35270 MiB, 43.82 W
2026/09/20 10:12:25.572, 1, 0 %, 0 %, 35270 MiB, 42.49 W
2026/09/20 10:12:25.572, 2, 0 %, 0 %, 35270 MiB, 41.62 W
2026/09/20 10:12:30.573, 0, 0 %, 0 %, 35270 MiB, 43.64 W
2026/09/20 10:12:30.573, 1, 0 %, 0 %, 35270 MiB, 42.20 W
2026/09/20 10:12:30.573, 2, 0 %, 0 %, 35270 MiB, 41.34 W
2026/09/20 10:12:35.575, 0, 0 %, 0 %, 35270 MiB, 43.33 W
2026/09/20 10:12:35.575, 1, 0 %, 0 %, 35270 MiB, 42.49 W
2026/09/20 10:12:35.575, 2, 0 %, 0 %, 35270 MiB, 41.12 W
2026/09/20 10:12:40.577, 0, 0 %, 0 %, 35270 MiB, 43.23 W
2026/09/20 10:12:40.577, 1, 0 %, 0 %, 35270 MiB, 42.30 W
2026/09/20 10:12:40.577, 2, 0 %, 0 %, 35270 MiB, 41.02 W
2026/09/20 10:12:45.579, 0, 0 %, 0 %, 35270 MiB, 43.13 W
2026/09/20 10:12:45.579, 1, 0 %, 0 %, 35270 MiB, 42.09 W
2026/09/20 10:12:45.580, 2, 0 %, 0 %, 35270 MiB, 40.92 W
2026/09/20 10:12:50.580, 0, 0 %, 0 %, 35270 MiB, 42.32 W
2026/09/20 10:12:50.580, 1, 0 %, 0 %, 35270 MiB, 41.98 W
2026/09/20 10:12:50.580, 2, 0 %, 0 %, 35270 MiB, 40.73 W
2026/09/20 10:12:55.582, 0, 0 %, 0 %, 35270 MiB, 42.22 W
2026/09/20 10:12:55.582, 1, 0 %, 0 %, 35270 MiB, 41.89 W
2026/09/20 10:12:55.583, 2, 0 %, 0 %, 35270 MiB, 40.73 W
2026/09/20 10:13:00.583, 0, 0 %, 0 %, 35270 MiB, 42.42 W
2026/09/20 10:13:00.584, 1, 0 %, 0 %, 35270 MiB, 41.79 W
2026/09/20 10:13:00.584, 2, 0 %, 0 %, 35270 MiB, 40.32 W
2026/09/20 10:13:05.584, 0, 0 %, 0 %, 35270 MiB, 42.42 W
2026/09/20 10:13:05.585, 1, 0 %, 0 %, 35270 MiB, 41.40 W
2026/09/20 10:13:05.585, 2, 0 %, 0 %, 35270 MiB, 40.13 W
2026/09/20 10:13:10.585, 0, 0 %, 0 %, 35270 MiB, 42.02 W
2026/09/20 10:13:10.586, 1, 0 %, 0 %, 35270 MiB, 41.40 W
2026/09/20 10:13:10.586, 2, 0 %, 0 %, 35270 MiB, 39.91 W
2026/09/20 10:13:15.586, 0, 0 %, 0 %, 35270 MiB, 41.93 W
2026/09/20 10:13:15.587, 1, 0 %, 0 %, 35270 MiB, 41.21 W
2026/09/20 10:13:15.587, 2, 0 %, 0 %, 35270 MiB, 39.92 W
2026/09/20 10:13:20.587, 0, 0 %, 0 %, 35270 MiB, 41.65 W
2026/09/20 10:13:20.588, 1, 0 %, 0 %, 35270 MiB, 41.11 W
2026/09/20 10:13:20.588, 2, 0 %, 0 %, 35270 MiB, 39.73 W
2026/09/20 10:13:25.589, 0, 0 %, 0 %, 35270 MiB, 41.83 W
2026/09/20 10:13:25.589, 1, 0 %, 0 %, 35270 MiB, 41.00 W
2026/09/20 10:13:25.589, 2, 0 %, 0 %, 35270 MiB, 39.72 W
2026/09/20 10:13:30.591, 0, 0 %, 0 %, 35270 MiB, 41.64 W
2026/09/20 10:13:30.591, 1, 0 %, 0 %, 35270 MiB, 40.81 W
2026/09/20 10:13:30.591, 2, 0 %, 0 %, 35270 MiB, 39.72 W
2026/09/20 10:13:35.593, 0, 0 %, 0 %, 35270 MiB, 41.54 W
2026/09/20 10:13:35.593, 1, 0 %, 0 %, 35270 MiB, 40.71 W
2026/09/20 10:13:35.593, 2, 0 %, 0 %, 35270 MiB, 39.53 W
2026/09/20 10:13:40.594, 0, 0 %, 0 %, 35270 MiB, 41.64 W
2026/09/20 10:13:40.595, 1, 0 %, 0 %, 35270 MiB, 40.61 W
2026/09/20 10:13:40.595, 2, 0 %, 0 %, 35270 MiB, 39.33 W
2026/09/20 10:13:45.596, 0, 0 %, 0 %, 35270 MiB, 41.45 W
2026/09/20 10:13:45.596, 1, 0 %, 0 %, 35270 MiB, 40.71 W
2026/09/20 10:13:45.596, 2, 0 %, 0 %, 35270 MiB, 39.45 W
2026/09/20 10:13:50.598, 0, 0 %, 0 %, 35270 MiB, 40.85 W
2026/09/20 10:13:50.598, 1, 0 %, 0 %, 35270 MiB, 40.52 W
2026/09/20 10:13:50.599, 2, 0 %, 0 %, 35270 MiB, 39.44 W
2026/09/20 10:13:55.599, 0, 0 %, 0 %, 35270 MiB, 41.24 W
2026/09/20 10:13:55.600, 1, 0 %, 0 %, 35270 MiB, 40.44 W
2026/09/20 10:13:55.600, 2, 0 %, 0 %, 35270 MiB, 39.35 W
2026/09/20 10:14:00.600, 0, 0 %, 0 %, 35270 MiB, 41.17 W
2026/09/20 10:14:00.601, 1, 0 %, 0 %, 35270 MiB, 40.35 W
2026/09/20 10:14:00.601, 2, 0 %, 0 %, 35270 MiB, 39.26 W
2026/09/20 10:14:05.602, 0, 0 %, 0 %, 35270 MiB, 40.88 W
2026/09/20 10:14:05.602, 1, 0 %, 0 %, 35270 MiB, 40.34 W
2026/09/20 10:14:05.602, 2, 0 %, 0 %, 35270 MiB, 39.08 W
2026/09/20 10:14:10.604, 0, 0 %, 0 %, 35270 MiB, 41.07 W
2026/09/20 10:14:10.604, 1, 0 %, 0 %, 35270 MiB, 40.34 W
2026/09/20 10:14:10.604, 2, 0 %, 0 %, 35270 MiB, 39.06 W
2026/09/20 10:14:15.604, 0, 0 %, 0 %, 35270 MiB, 40.69 W
2026/09/20 10:14:15.604, 1, 0 %, 0 %, 35270 MiB, 40.17 W
2026/09/20 10:14:15.605, 2, 0 %, 0 %, 35270 MiB, 38.99 W
2026/09/20 10:14:20.605, 0, 0 %, 0 %, 35270 MiB, 40.98 W
2026/09/20 10:14:20.606, 1, 0 %, 0 %, 35270 MiB, 40.34 W
2026/09/20 10:14:20.606, 2, 0 %, 0 %, 35270 MiB, 39.07 W
2026/09/20 10:14:25.607, 0, 0 %, 0 %, 35270 MiB, 40.90 W
2026/09/20 10:14:25.607, 1, 0 %, 0 %, 35270 MiB, 40.17 W
2026/09/20 10:14:25.608, 2, 0 %, 0 %, 35270 MiB, 39.09 W
2026/09/20 10:14:30.608, 0, 0 %, 0 %, 35270 MiB, 40.90 W
2026/09/20 10:14:30.608, 1, 0 %, 0 %, 35270 MiB, 40.47 W
2026/09/20 10:14:30.608, 2, 0 %, 0 %, 35270 MiB, 38.99 W
2026/09/20 10:14:35.609, 0, 0 %, 0 %, 35270 MiB, 41.03 W
2026/09/20 10:14:35.609, 1, 0 %, 0 %, 35270 MiB, 40.22 W
2026/09/20 10:14:35.610, 2, 0 %, 0 %, 35270 MiB, 38.93 W
2026/09/20 10:14:40.611, 0, 0 %, 0 %, 35270 MiB, 40.52 W
2026/09/20 10:14:40.611, 1, 0 %, 0 %, 35270 MiB, 40.00 W
2026/09/20 10:14:40.611, 2, 0 %, 0 %, 35270 MiB, 38.93 W
2026/09/20 10:14:45.613, 0, 0 %, 0 %, 35270 MiB, 40.64 W
2026/09/20 10:14:45.614, 1, 0 %, 0 %, 35270 MiB, 39.82 W
2026/09/20 10:14:45.614, 2, 0 %, 0 %, 35270 MiB, 38.84 W
2026/09/20 10:14:50.614, 0, 0 %, 0 %, 35270 MiB, 40.64 W
2026/09/20 10:14:50.615, 1, 0 %, 0 %, 35270 MiB, 39.51 W
2026/09/20 10:14:50.615, 2, 0 %, 0 %, 35270 MiB, 38.94 W
2026/09/20 10:14:55.616, 0, 0 %, 0 %, 35270 MiB, 40.53 W
2026/09/20 10:14:55.617, 1, 0 %, 0 %, 35270 MiB, 39.72 W
2026/09/20 10:14:55.617, 2, 0 %, 0 %, 35270 MiB, 38.84 W
2026/09/20 10:15:00.617, 0, 0 %, 0 %, 35270 MiB, 39.74 W
2026/09/20 10:15:00.618, 1, 0 %, 0 %, 35270 MiB, 39.31 W
2026/09/20 10:15:00.618, 2, 0 %, 0 %, 35270 MiB, 38.74 W
2026/09/20 10:15:05.619, 0, 0 %, 0 %, 35270 MiB, 40.45 W
2026/09/20 10:15:05.620, 1, 0 %, 0 %, 35270 MiB, 39.34 W
2026/09/20 10:15:05.620, 2, 0 %, 0 %, 35270 MiB, 38.75 W
2026/09/20 10:15:10.621, 0, 0 %, 0 %, 35270 MiB, 40.48 W
2026/09/20 10:15:10.621, 1, 0 %, 0 %, 35270 MiB, 39.34 W
2026/09/20 10:15:10.622, 2, 0 %, 0 %, 35270 MiB, 38.46 W
2026/09/20 10:15:15.627, 0, 0 %, 0 %, 35270 MiB, 40.47 W
2026/09/20 10:15:15.627, 1, 0 %, 0 %, 35270 MiB, 39.34 W
2026/09/20 10:15:15.627, 2, 0 %, 0 %, 35270 MiB, 38.36 W
2026/09/20 10:15:20.628, 0, 0 %, 0 %, 35270 MiB, 40.34 W
2026/09/20 10:15:20.640, 1, 0 %, 0 %, 35270 MiB, 39.12 W
2026/09/20 10:15:20.640, 2, 0 %, 0 %, 35270 MiB, 38.44 W
2026/09/20 10:15:25.641, 0, 0 %, 0 %, 35270 MiB, 40.27 W
2026/09/20 10:15:25.641, 1, 0 %, 0 %, 35270 MiB, 39.15 W
2026/09/20 10:15:25.641, 2, 0 %, 0 %, 35270 MiB, 38.36 W
2026/09/20 10:15:30.644, 0, 0 %, 0 %, 35270 MiB, 40.30 W
2026/09/20 10:15:30.644, 1, 0 %, 0 %, 35270 MiB, 39.66 W
2026/09/20 10:15:30.644, 2, 0 %, 0 %, 35270 MiB, 38.39 W
2026/09/20 10:15:35.645, 0, 0 %, 0 %, 35270 MiB, 40.27 W
2026/09/20 10:15:35.646, 1, 0 %, 0 %, 35270 MiB, 39.15 W
2026/09/20 10:15:35.646, 2, 0 %, 0 %, 35270 MiB, 38.36 W
2026/09/20 10:15:40.647, 0, 0 %, 0 %, 35270 MiB, 40.30 W
2026/09/20 10:15:40.647, 1, 0 %, 0 %, 35270 MiB, 39.17 W
2026/09/20 10:15:40.648, 2, 0 %, 0 %, 35270 MiB, 38.48 W
2026/09/20 10:15:45.649, 0, 0 %, 0 %, 35270 MiB, 40.48 W
2026/09/20 10:15:45.649, 1, 0 %, 0 %, 35270 MiB, 38.93 W
2026/09/20 10:15:45.650, 2, 0 %, 0 %, 35270 MiB, 38.26 W
2026/09/20 10:15:50.651, 0, 0 %, 0 %, 35270 MiB, 40.20 W
2026/09/20 10:15:50.651, 1, 0 %, 0 %, 35270 MiB, 38.97 W
2026/09/20 10:15:50.652, 2, 0 %, 0 %, 35270 MiB, 38.29 W
2026/09/20 10:15:55.652, 0, 0 %, 0 %, 35270 MiB, 40.20 W
2026/09/20 10:15:55.653, 1, 0 %, 0 %, 35270 MiB, 38.88 W
2026/09/20 10:15:55.653, 2, 0 %, 0 %, 35270 MiB, 38.29 W
2026/09/20 10:16:00.654, 0, 0 %, 0 %, 35270 MiB, 40.15 W
2026/09/20 10:16:00.654, 1, 0 %, 0 %, 35270 MiB, 38.85 W
2026/09/20 10:16:00.654, 2, 0 %, 0 %, 35270 MiB, 38.45 W
2026/09/20 10:16:05.658, 0, 0 %, 0 %, 35270 MiB, 40.06 W
2026/09/20 10:16:05.658, 1, 0 %, 0 %, 35270 MiB, 39.05 W
2026/09/20 10:16:05.658, 2, 0 %, 0 %, 35270 MiB, 38.17 W
2026/09/20 10:16:10.659, 0, 0 %, 0 %, 35270 MiB, 39.67 W
2026/09/20 10:16:10.660, 1, 0 %, 0 %, 35270 MiB, 39.14 W
2026/09/20 10:16:10.660, 2, 0 %, 0 %, 35270 MiB, 38.26 W
2026/09/20 10:16:15.664, 0, 0 %, 0 %, 35270 MiB, 39.46 W
2026/09/20 10:16:15.664, 1, 0 %, 0 %, 35270 MiB, 39.13 W
2026/09/20 10:16:15.665, 2, 0 %, 0 %, 35270 MiB, 38.36 W
2026/09/20 10:16:20.674, 0, 0 %, 0 %, 35270 MiB, 39.87 W
2026/09/20 10:16:20.675, 1, 0 %, 0 %, 35270 MiB, 39.03 W
2026/09/20 10:16:20.675, 2, 0 %, 0 %, 35270 MiB, 38.07 W
2026/09/20 10:16:25.675, 0, 0 %, 0 %, 35270 MiB, 39.88 W
2026/09/20 10:16:25.676, 1, 0 %, 0 %, 35270 MiB, 39.15 W
2026/09/20 10:16:25.676, 2, 0 %, 0 %, 35270 MiB, 37.98 W
2026/09/20 10:16:30.677, 0, 0 %, 0 %, 35270 MiB, 39.88 W
2026/09/20 10:16:30.677, 1, 0 %, 0 %, 35270 MiB, 38.78 W
2026/09/20 10:16:30.678, 2, 0 %, 0 %, 35270 MiB, 37.99 W
2026/09/20 10:16:35.688, 0, 0 %, 0 %, 35270 MiB, 39.87 W
2026/09/20 10:16:35.688, 1, 0 %, 0 %, 35270 MiB, 38.95 W
2026/09/20 10:16:35.688, 2, 0 %, 0 %, 35270 MiB, 38.26 W
2026/09/20 10:16:40.690, 0, 0 %, 0 %, 35270 MiB, 40.04 W
2026/09/20 10:16:40.690, 1, 0 %, 0 %, 35270 MiB, 38.92 W
2026/09/20 10:16:40.690, 2, 0 %, 0 %, 35270 MiB, 37.94 W
2026/09/20 10:16:45.691, 0, 0 %, 0 %, 35270 MiB, 39.85 W
2026/09/20 10:16:45.691, 1, 0 %, 0 %, 35270 MiB, 38.92 W
2026/09/20 10:16:45.691, 2, 0 %, 0 %, 35270 MiB, 37.96 W
2026/09/20 10:16:50.693, 0, 0 %, 0 %, 35270 MiB, 39.74 W
2026/09/20 10:16:50.693, 1, 0 %, 0 %, 35270 MiB, 39.12 W
2026/09/20 10:16:50.693, 2, 0 %, 0 %, 35270 MiB, 37.94 W
2026/09/20 10:16:55.695, 0, 0 %, 0 %, 35270 MiB, 39.65 W
2026/09/20 10:16:55.695, 1, 0 %, 0 %, 35270 MiB, 38.92 W
2026/09/20 10:16:55.696, 2, 0 %, 0 %, 35270 MiB, 37.94 W
2026/09/20 10:17:00.697, 0, 0 %, 0 %, 35270 MiB, 39.73 W
2026/09/20 10:17:00.697, 1, 0 %, 0 %, 35270 MiB, 39.02 W
2026/09/20 10:17:00.698, 2, 0 %, 0 %, 35270 MiB, 37.75 W
2026/09/20 10:17:05.699, 0, 0 %, 0 %, 35270 MiB, 39.65 W
2026/09/20 10:17:05.699, 1, 0 %, 0 %, 35270 MiB, 38.92 W
2026/09/20 10:17:05.700, 2, 0 %, 0 %, 35270 MiB, 37.85 W
2026/09/20 10:17:10.701, 0, 0 %, 0 %, 35270 MiB, 39.63 W
2026/09/20 10:17:10.702, 1, 0 %, 0 %, 35270 MiB, 38.92 W
2026/09/20 10:17:10.702, 2, 0 %, 0 %, 35270 MiB, 37.85 W
2026/09/20 10:17:15.705, 0, 0 %, 0 %, 35270 MiB, 39.46 W
2026/09/20 10:17:15.705, 1, 0 %, 0 %, 35270 MiB, 39.12 W
2026/09/20 10:17:15.706, 2, 0 %, 0 %, 35270 MiB, 37.86 W
2026/09/20 10:17:20.707, 0, 0 %, 0 %, 35270 MiB, 39.56 W
2026/09/20 10:17:20.708, 1, 0 %, 0 %, 35270 MiB, 38.93 W
2026/09/20 10:17:20.708, 2, 0 %, 0 %, 35270 MiB, 37.77 W
2026/09/20 10:17:25.709, 0, 0 %, 0 %, 35270 MiB, 39.45 W
2026/09/20 10:17:25.709, 1, 0 %, 0 %, 35270 MiB, 38.83 W
2026/09/20 10:17:25.710, 2, 0 %, 0 %, 35270 MiB, 37.44 W
2026/09/20 10:17:30.710, 0, 0 %, 0 %, 35270 MiB, 39.35 W
2026/09/20 10:17:30.711, 1, 0 %, 0 %, 35270 MiB, 38.83 W
2026/09/20 10:17:30.711, 2, 0 %, 0 %, 35270 MiB, 37.55 W
2026/09/20 10:17:35.712, 0, 0 %, 0 %, 35270 MiB, 39.47 W
2026/09/20 10:17:35.712, 1, 0 %, 0 %, 35270 MiB, 38.87 W
2026/09/20 10:17:35.713, 2, 0 %, 0 %, 35270 MiB, 37.58 W
2026/09/20 10:17:40.713, 0, 0 %, 0 %, 35270 MiB, 39.35 W
2026/09/20 10:17:40.713, 1, 0 %, 0 %, 35270 MiB, 38.73 W
2026/09/20 10:17:40.714, 2, 0 %, 0 %, 35270 MiB, 37.35 W
2026/09/20 10:17:45.715, 0, 0 %, 0 %, 35270 MiB, 39.25 W
2026/09/20 10:17:45.715, 1, 0 %, 0 %, 35270 MiB, 38.83 W
2026/09/20 10:17:45.715, 2, 0 %, 0 %, 35270 MiB, 37.44 W
2026/09/20 10:17:50.718, 0, 0 %, 0 %, 35270 MiB, 39.16 W
2026/09/20 10:17:50.719, 1, 0 %, 0 %, 35270 MiB, 38.83 W
2026/09/20 10:17:50.719, 2, 0 %, 0 %, 35270 MiB, 37.35 W
2026/09/20 10:17:55.720, 0, 0 %, 0 %, 35270 MiB, 39.35 W
2026/09/20 10:17:55.720, 1, 0 %, 0 %, 35270 MiB, 38.83 W
2026/09/20 10:17:55.721, 2, 0 %, 0 %, 35270 MiB, 37.44 W
2026/09/20 10:18:00.722, 0, 0 %, 0 %, 35270 MiB, 39.36 W
2026/09/20 10:18:00.723, 1, 0 %, 0 %, 35270 MiB, 38.63 W
2026/09/20 10:18:00.723, 2, 0 %, 0 %, 35270 MiB, 37.44 W
2026/09/20 10:18:05.724, 0, 0 %, 0 %, 35270 MiB, 39.07 W
2026/09/20 10:18:05.725, 1, 0 %, 0 %, 35270 MiB, 38.64 W
2026/09/20 10:18:05.725, 2, 0 %, 0 %, 35270 MiB, 37.46 W
2026/09/20 10:18:10.725, 0, 0 %, 0 %, 35270 MiB, 39.35 W
2026/09/20 10:18:10.726, 1, 0 %, 0 %, 35270 MiB, 38.92 W
2026/09/20 10:18:10.726, 2, 0 %, 0 %, 35270 MiB, 37.54 W
2026/09/20 10:18:15.726, 0, 0 %, 0 %, 35270 MiB, 39.07 W
2026/09/20 10:18:15.727, 1, 0 %, 0 %, 35270 MiB, 38.74 W
2026/09/20 10:18:15.727, 2, 0 %, 0 %, 35270 MiB, 37.65 W
2026/09/20 10:18:20.728, 0, 0 %, 0 %, 35270 MiB, 38.89 W
2026/09/20 10:18:20.728, 1, 0 %, 0 %, 35270 MiB, 38.65 W
2026/09/20 10:18:20.729, 2, 0 %, 0 %, 35270 MiB, 37.56 W
2026/09/20 10:18:25.730, 0, 0 %, 0 %, 35270 MiB, 38.87 W
2026/09/20 10:18:25.730, 1, 0 %, 0 %, 35270 MiB, 38.64 W
2026/09/20 10:18:25.731, 2, 0 %, 0 %, 35270 MiB, 37.46 W
2026/09/20 10:18:30.732, 0, 0 %, 0 %, 35270 MiB, 39.25 W
2026/09/20 10:18:30.732, 1, 0 %, 0 %, 35270 MiB, 38.83 W
2026/09/20 10:18:30.733, 2, 0 %, 0 %, 35270 MiB, 37.64 W
2026/09/20 10:18:35.734, 0, 0 %, 0 %, 35270 MiB, 39.25 W
2026/09/20 10:18:35.734, 1, 0 %, 0 %, 35270 MiB, 38.73 W
2026/09/20 10:18:35.735, 2, 0 %, 0 %, 35270 MiB, 37.44 W
2026/09/20 10:18:40.736, 0, 0 %, 0 %, 35270 MiB, 39.24 W
2026/09/20 10:18:40.736, 1, 0 %, 0 %, 35270 MiB, 39.12 W
2026/09/20 10:18:40.737, 2, 0 %, 0 %, 35270 MiB, 37.44 W
2026/09/20 10:18:45.738, 0, 0 %, 0 %, 35270 MiB, 39.17 W
2026/09/20 10:18:45.738, 1, 0 %, 0 %, 35270 MiB, 38.74 W
2026/09/20 10:18:45.738, 2, 0 %, 0 %, 35270 MiB, 37.35 W
2026/09/20 10:18:50.740, 0, 0 %, 0 %, 35270 MiB, 38.98 W
2026/09/20 10:18:50.741, 1, 0 %, 0 %, 35270 MiB, 38.85 W
2026/09/20 10:18:50.741, 2, 0 %, 0 %, 35270 MiB, 37.46 W
2026/09/20 10:18:55.741, 0, 0 %, 0 %, 35270 MiB, 39.18 W
2026/09/20 10:18:55.742, 1, 0 %, 0 %, 35270 MiB, 38.75 W
2026/09/20 10:18:55.742, 2, 0 %, 0 %, 35270 MiB, 37.37 W
2026/09/20 10:19:00.743, 0, 0 %, 0 %, 35270 MiB, 39.29 W
2026/09/20 10:19:00.743, 1, 0 %, 0 %, 35270 MiB, 38.77 W
2026/09/20 10:19:00.743, 2, 0 %, 0 %, 35270 MiB, 37.38 W
2026/09/20 10:19:05.743, 0, 0 %, 0 %, 35270 MiB, 39.31 W
2026/09/20 10:19:05.744, 1, 0 %, 0 %, 35270 MiB, 38.78 W
2026/09/20 10:19:05.744, 2, 0 %, 0 %, 35270 MiB, 37.49 W
2026/09/20 10:19:10.744, 0, 0 %, 0 %, 35270 MiB, 39.31 W
2026/09/20 10:19:10.745, 1, 0 %, 0 %, 35270 MiB, 38.58 W
2026/09/20 10:19:10.745, 2, 0 %, 0 %, 35270 MiB, 37.59 W
2026/09/20 10:19:15.746, 0, 0 %, 0 %, 35270 MiB, 39.40 W
2026/09/20 10:19:15.746, 1, 0 %, 0 %, 35270 MiB, 38.58 W
2026/09/20 10:19:15.746, 2, 0 %, 0 %, 35270 MiB, 37.49 W
2026/09/20 10:19:20.747, 0, 0 %, 0 %, 35270 MiB, 39.31 W
2026/09/20 10:19:20.748, 1, 0 %, 0 %, 35270 MiB, 38.68 W
2026/09/20 10:19:20.748, 2, 0 %, 0 %, 35270 MiB, 37.49 W
2026/09/20 10:19:25.748, 0, 0 %, 0 %, 35270 MiB, 39.29 W
2026/09/20 10:19:25.748, 1, 0 %, 0 %, 35270 MiB, 38.75 W
2026/09/20 10:19:25.748, 2, 0 %, 0 %, 35270 MiB, 37.59 W
2026/09/20 10:19:30.749, 0, 0 %, 0 %, 35270 MiB, 39.31 W
2026/09/20 10:19:30.750, 1, 0 %, 0 %, 35270 MiB, 38.68 W
2026/09/20 10:19:30.750, 2, 0 %, 0 %, 35270 MiB, 37.60 W
2026/09/20 10:19:35.750, 0, 0 %, 0 %, 35270 MiB, 39.26 W
2026/09/20 10:19:35.750, 1, 0 %, 0 %, 35270 MiB, 38.75 W
2026/09/20 10:19:35.750, 2, 0 %, 0 %, 35270 MiB, 37.56 W
2026/09/20 10:19:40.751, 0, 0 %, 0 %, 35270 MiB, 39.31 W
2026/09/20 10:19:40.752, 1, 0 %, 0 %, 35270 MiB, 38.97 W
2026/09/20 10:19:40.752, 2, 0 %, 0 %, 35270 MiB, 37.39 W
2026/09/20 10:19:45.752, 0, 0 %, 0 %, 35270 MiB, 39.39 W
2026/09/20 10:19:45.753, 1, 0 %, 0 %, 35270 MiB, 38.77 W
2026/09/20 10:19:45.753, 2, 0 %, 0 %, 35270 MiB, 37.38 W
2026/09/20 10:19:50.754, 0, 0 %, 0 %, 35270 MiB, 39.31 W
2026/09/20 10:19:50.754, 1, 0 %, 0 %, 35270 MiB, 38.78 W
2026/09/20 10:19:50.754, 2, 0 %, 0 %, 35270 MiB, 37.49 W
2026/09/20 10:19:55.754, 0, 0 %, 0 %, 35270 MiB, 39.29 W
2026/09/20 10:19:55.755, 1, 0 %, 0 %, 35270 MiB, 38.78 W
2026/09/20 10:19:55.755, 2, 0 %, 0 %, 35270 MiB, 37.39 W
2026/09/20 10:20:00.755, 0, 0 %, 0 %, 35270 MiB, 39.22 W
2026/09/20 10:20:00.756, 1, 0 %, 0 %, 35270 MiB, 38.88 W
2026/09/20 10:20:00.756, 2, 0 %, 0 %, 35270 MiB, 37.49 W
2026/09/20 10:20:05.756, 0, 0 %, 0 %, 35270 MiB, 39.40 W
2026/09/20 10:20:05.757, 1, 0 %, 0 %, 35270 MiB, 38.78 W
2026/09/20 10:20:05.757, 2, 0 %, 0 %, 35270 MiB, 37.59 W
2026/09/20 10:20:10.757, 0, 0 %, 0 %, 35270 MiB, 39.29 W
2026/09/20 10:20:10.757, 1, 0 %, 0 %, 35270 MiB, 38.85 W
2026/09/20 10:20:10.757, 2, 0 %, 0 %, 35270 MiB, 37.47 W
2026/09/20 10:20:15.758, 0, 0 %, 0 %, 35270 MiB, 39.22 W
2026/09/20 10:20:15.759, 1, 0 %, 0 %, 35270 MiB, 38.89 W
2026/09/20 10:20:15.759, 2, 0 %, 0 %, 35270 MiB, 37.49 W
2026/09/20 10:20:20.760, 0, 0 %, 0 %, 35270 MiB, 39.38 W
2026/09/20 10:20:20.760, 1, 0 %, 0 %, 35270 MiB, 38.65 W
2026/09/20 10:20:20.760, 2, 0 %, 0 %, 35270 MiB, 37.47 W
2026/09/20 10:20:25.760, 0, 0 %, 0 %, 35270 MiB, 39.41 W
2026/09/20 10:20:25.761, 1, 0 %, 0 %, 35270 MiB, 38.58 W
2026/09/20 10:20:25.761, 2, 0 %, 0 %, 35270 MiB, 37.80 W
2026/09/20 10:20:30.761, 0, 0 %, 0 %, 35270 MiB, 39.41 W
2026/09/20 10:20:30.762, 1, 0 %, 0 %, 35270 MiB, 38.68 W
2026/09/20 10:20:30.762, 2, 0 %, 0 %, 35270 MiB, 37.59 W
2026/09/20 10:20:35.762, 0, 0 %, 0 %, 35270 MiB, 39.22 W
2026/09/20 10:20:35.762, 1, 0 %, 0 %, 35270 MiB, 38.88 W
2026/09/20 10:20:35.762, 2, 0 %, 0 %, 35270 MiB, 37.59 W
2026/09/20 10:20:40.763, 0, 0 %, 0 %, 35270 MiB, 39.38 W
2026/09/20 10:20:40.764, 1, 0 %, 0 %, 35270 MiB, 38.75 W
2026/09/20 10:20:40.764, 2, 0 %, 0 %, 35270 MiB, 37.56 W
2026/09/20 10:20:45.765, 0, 0 %, 0 %, 35270 MiB, 39.21 W
2026/09/20 10:20:45.765, 1, 0 %, 0 %, 35270 MiB, 38.68 W
2026/09/20 10:20:45.765, 2, 0 %, 0 %, 35270 MiB, 37.49 W
2026/09/20 10:20:50.767, 0, 0 %, 0 %, 35270 MiB, 39.21 W
2026/09/20 10:20:50.767, 1, 0 %, 0 %, 35270 MiB, 38.78 W
2026/09/20 10:20:50.768, 2, 0 %, 0 %, 35270 MiB, 37.29 W
2026/09/20 10:20:55.768, 0, 0 %, 0 %, 35270 MiB, 39.29 W
2026/09/20 10:20:55.769, 1, 0 %, 0 %, 35270 MiB, 38.78 W
2026/09/20 10:20:55.769, 2, 0 %, 0 %, 35270 MiB, 37.38 W
2026/09/20 10:21:00.770, 0, 0 %, 0 %, 35270 MiB, 39.40 W
2026/09/20 10:21:00.770, 1, 0 %, 0 %, 35270 MiB, 38.68 W
2026/09/20 10:21:00.770, 2, 0 %, 0 %, 35270 MiB, 37.39 W
2026/09/20 10:21:05.775, 0, 0 %, 0 %, 35270 MiB, 39.27 W
2026/09/20 10:21:05.776, 1, 0 %, 0 %, 35270 MiB, 38.75 W
2026/09/20 10:21:05.776, 2, 0 %, 0 %, 35270 MiB, 37.46 W
2026/09/20 10:21:10.782, 0, 0 %, 0 %, 35270 MiB, 39.28 W
2026/09/20 10:21:10.782, 1, 0 %, 0 %, 35270 MiB, 38.95 W
2026/09/20 10:21:10.783, 2, 0 %, 0 %, 35270 MiB, 37.37 W
2026/09/20 10:21:15.783, 0, 0 %, 0 %, 35270 MiB, 39.31 W
2026/09/20 10:21:15.784, 1, 0 %, 0 %, 35270 MiB, 38.88 W
2026/09/20 10:21:15.784, 2, 0 %, 0 %, 35270 MiB, 37.39 W
2026/09/20 10:21:20.784, 0, 0 %, 0 %, 35270 MiB, 39.27 W
2026/09/20 10:21:20.785, 1, 0 %, 0 %, 35270 MiB, 38.65 W
2026/09/20 10:21:20.785, 2, 0 %, 0 %, 35270 MiB, 37.46 W
2026/09/20 10:21:25.786, 0, 0 %, 0 %, 35270 MiB, 39.39 W
2026/09/20 10:21:25.786, 1, 0 %, 0 %, 35270 MiB, 38.67 W
2026/09/20 10:21:25.786, 2, 0 %, 0 %, 35270 MiB, 37.56 W
2026/09/20 10:21:30.787, 0, 0 %, 0 %, 35270 MiB, 39.39 W
2026/09/20 10:21:30.788, 1, 0 %, 0 %, 35270 MiB, 38.78 W
2026/09/20 10:21:30.788, 2, 0 %, 0 %, 35270 MiB, 37.49 W
2026/09/20 10:21:35.796, 0, 0 %, 0 %, 35270 MiB, 39.57 W
2026/09/20 10:21:35.796, 1, 0 %, 0 %, 35270 MiB, 38.75 W
2026/09/20 10:21:35.797, 2, 0 %, 0 %, 35270 MiB, 37.39 W
2026/09/20 10:21:40.797, 0, 0 %, 0 %, 35270 MiB, 39.19 W
2026/09/20 10:21:40.798, 1, 0 %, 0 %, 35270 MiB, 38.68 W
2026/09/20 10:21:40.798, 2, 0 %, 0 %, 35270 MiB, 37.49 W
2026/09/20 10:21:45.798, 0, 0 %, 0 %, 35270 MiB, 39.21 W
2026/09/20 10:21:45.799, 1, 0 %, 0 %, 35270 MiB, 38.88 W
2026/09/20 10:21:45.799, 2, 0 %, 0 %, 35270 MiB, 37.59 W
2026/09/20 10:21:50.800, 0, 0 %, 0 %, 35270 MiB, 39.19 W
2026/09/20 10:21:50.800, 1, 0 %, 0 %, 35270 MiB, 38.85 W
2026/09/20 10:21:50.800, 2, 0 %, 0 %, 35270 MiB, 37.49 W
2026/09/20 10:21:55.800, 0, 0 %, 0 %, 35270 MiB, 39.31 W
2026/09/20 10:21:55.801, 1, 0 %, 0 %, 35270 MiB, 38.78 W
2026/09/20 10:21:55.801, 2, 0 %, 0 %, 35270 MiB, 37.28 W
2026/09/20 10:22:00.801, 0, 0 %, 0 %, 35270 MiB, 39.31 W
2026/09/20 10:22:00.802, 1, 0 %, 0 %, 35270 MiB, 38.88 W
2026/09/20 10:22:00.802, 2, 0 %, 0 %, 35270 MiB, 37.60 W
2026/09/20 10:22:05.802, 0, 0 %, 0 %, 35270 MiB, 39.31 W
2026/09/20 10:22:05.802, 1, 0 %, 0 %, 35270 MiB, 38.97 W
2026/09/20 10:22:05.802, 2, 0 %, 0 %, 35270 MiB, 37.39 W
2026/09/20 10:22:10.804, 0, 0 %, 0 %, 35270 MiB, 39.21 W
2026/09/20 10:22:10.804, 1, 0 %, 0 %, 35270 MiB, 38.78 W
2026/09/20 10:22:10.805, 2, 0 %, 0 %, 35270 MiB, 37.39 W
2026/09/20 10:22:15.805, 0, 0 %, 0 %, 35270 MiB, 39.31 W
2026/09/20 10:22:15.806, 1, 0 %, 0 %, 35270 MiB, 38.88 W
2026/09/20 10:22:15.806, 2, 0 %, 0 %, 35270 MiB, 37.39 W
2026/09/20 10:22:20.807, 0, 0 %, 0 %, 35270 MiB, 39.29 W
2026/09/20 10:22:20.807, 1, 0 %, 0 %, 35270 MiB, 39.05 W
2026/09/20 10:22:20.808, 2, 0 %, 0 %, 35270 MiB, 37.59 W
2026/09/20 10:22:25.808, 0, 0 %, 0 %, 35270 MiB, 39.22 W
2026/09/20 10:22:25.808, 1, 0 %, 0 %, 35270 MiB, 38.89 W
2026/09/20 10:22:25.808, 2, 0 %, 0 %, 35270 MiB, 37.49 W
2026/09/20 10:22:30.808, 0, 0 %, 0 %, 35270 MiB, 39.40 W
2026/09/20 10:22:30.809, 1, 0 %, 0 %, 35270 MiB, 38.68 W
2026/09/20 10:22:30.809, 2, 0 %, 0 %, 35270 MiB, 37.49 W
2026/09/20 10:22:35.810, 0, 0 %, 0 %, 35270 MiB, 39.21 W
2026/09/20 10:22:35.810, 1, 0 %, 0 %, 35270 MiB, 38.58 W
2026/09/20 10:22:35.811, 2, 0 %, 0 %, 35270 MiB, 37.39 W
2026/09/20 10:22:40.811, 0, 0 %, 0 %, 35270 MiB, 39.19 W
2026/09/20 10:22:40.812, 1, 0 %, 0 %, 35270 MiB, 38.56 W
2026/09/20 10:22:40.812, 2, 0 %, 0 %, 35270 MiB, 37.47 W
2026/09/20 10:22:45.812, 0, 0 %, 0 %, 35270 MiB, 39.22 W
2026/09/20 10:22:45.813, 1, 0 %, 0 %, 35270 MiB, 38.58 W
2026/09/20 10:22:45.813, 2, 0 %, 0 %, 35270 MiB, 37.39 W
2026/09/20 10:22:50.813, 0, 0 %, 0 %, 35270 MiB, 38.98 W
2026/09/20 10:22:50.814, 1, 0 %, 0 %, 35270 MiB, 38.56 W
2026/09/20 10:22:50.814, 2, 0 %, 0 %, 35270 MiB, 37.26 W
2026/09/20 10:22:55.814, 0, 0 %, 0 %, 35270 MiB, 38.91 W
2026/09/20 10:22:55.815, 1, 0 %, 0 %, 35270 MiB, 38.49 W
2026/09/20 10:22:55.815, 2, 0 %, 0 %, 35270 MiB, 37.29 W
2026/09/20 10:23:00.815, 0, 0 %, 0 %, 35270 MiB, 38.99 W
2026/09/20 10:23:00.816, 1, 0 %, 0 %, 35270 MiB, 38.56 W
2026/09/20 10:23:00.816, 2, 0 %, 0 %, 35270 MiB, 37.26 W
2026/09/20 10:23:05.817, 0, 0 %, 0 %, 35270 MiB, 39.17 W
2026/09/20 10:23:05.817, 1, 0 %, 0 %, 35270 MiB, 38.56 W
2026/09/20 10:23:05.817, 2, 0 %, 0 %, 35270 MiB, 37.16 W
2026/09/20 10:23:10.818, 0, 0 %, 0 %, 35270 MiB, 39.01 W
2026/09/20 10:23:10.818, 1, 0 %, 0 %, 35270 MiB, 38.58 W
2026/09/20 10:23:10.818, 2, 0 %, 0 %, 35270 MiB, 37.18 W
2026/09/20 10:23:15.818, 0, 0 %, 0 %, 35270 MiB, 38.92 W
2026/09/20 10:23:15.819, 1, 0 %, 0 %, 35270 MiB, 38.78 W
2026/09/20 10:23:15.819, 2, 0 %, 0 %, 35270 MiB, 37.18 W
2026/09/20 10:23:20.819, 0, 0 %, 0 %, 35270 MiB, 38.92 W
2026/09/20 10:23:20.820, 1, 0 %, 0 %, 35270 MiB, 38.58 W
2026/09/20 10:23:20.820, 2, 0 %, 0 %, 35270 MiB, 37.18 W
2026/09/20 10:23:25.820, 0, 0 %, 0 %, 35270 MiB, 39.12 W
2026/09/20 10:23:25.821, 1, 0 %, 0 %, 35270 MiB, 38.58 W
2026/09/20 10:23:25.821, 2, 0 %, 0 %, 35270 MiB, 37.09 W
2026/09/20 10:23:30.822, 0, 0 %, 0 %, 35270 MiB, 39.11 W
2026/09/20 10:23:30.822, 1, 0 %, 0 %, 35270 MiB, 38.68 W
2026/09/20 10:23:30.822, 2, 0 %, 0 %, 35270 MiB, 37.18 W
2026/09/20 10:23:35.822, 0, 0 %, 0 %, 35270 MiB, 39.12 W
2026/09/20 10:23:35.823, 1, 0 %, 0 %, 35270 MiB, 38.49 W
2026/09/20 10:23:35.823, 2, 0 %, 0 %, 35270 MiB, 37.18 W
2026/09/20 10:23:40.824, 0, 0 %, 0 %, 35270 MiB, 39.28 W
2026/09/20 10:23:40.825, 1, 0 %, 0 %, 35270 MiB, 38.56 W
2026/09/20 10:23:40.825, 2, 0 %, 0 %, 35270 MiB, 37.37 W
2026/09/20 10:23:45.826, 0, 0 %, 0 %, 35270 MiB, 39.16 W
2026/09/20 10:23:45.827, 1, 0 %, 0 %, 35270 MiB, 38.53 W
2026/09/20 10:23:45.827, 2, 0 %, 0 %, 35270 MiB, 37.24 W
2026/09/20 10:23:50.827, 0, 0 %, 0 %, 35270 MiB, 39.16 W
2026/09/20 10:23:50.827, 1, 0 %, 0 %, 35270 MiB, 38.73 W
2026/09/20 10:23:50.828, 2, 0 %, 0 %, 35270 MiB, 37.24 W
2026/09/20 10:23:55.829, 0, 0 %, 0 %, 35270 MiB, 39.17 W
2026/09/20 10:23:55.829, 1, 0 %, 0 %, 35270 MiB, 38.54 W
2026/09/20 10:23:55.830, 2, 0 %, 0 %, 35270 MiB, 37.56 W
2026/09/20 10:24:00.831, 0, 0 %, 0 %, 35270 MiB, 39.06 W
2026/09/20 10:24:00.831, 1, 0 %, 0 %, 35270 MiB, 38.53 W
2026/09/20 10:24:00.832, 2, 0 %, 0 %, 35270 MiB, 37.35 W
2026/09/20 10:24:05.832, 0, 0 %, 0 %, 35270 MiB, 38.96 W
2026/09/20 10:24:05.832, 1, 0 %, 0 %, 35270 MiB, 38.53 W
2026/09/20 10:24:05.832, 2, 0 %, 0 %, 35270 MiB, 37.24 W
2026/09/20 10:24:10.833, 0, 0 %, 0 %, 35270 MiB, 38.97 W
2026/09/20 10:24:10.834, 1, 0 %, 0 %, 35270 MiB, 38.75 W
2026/09/20 10:24:10.834, 2, 0 %, 0 %, 35270 MiB, 37.15 W
2026/09/20 10:24:15.834, 0, 21 %, 1 %, 35270 MiB, 44.15 W
2026/09/20 10:24:15.834, 1, 0 %, 0 %, 35270 MiB, 38.58 W
2026/09/20 10:24:15.834, 2, 0 %, 0 %, 35270 MiB, 37.29 W
2026/09/20 10:24:20.834, 0, 0 %, 0 %, 35270 MiB, 39.02 W
2026/09/20 10:24:20.835, 1, 0 %, 0 %, 35270 MiB, 38.58 W
2026/09/20 10:24:20.835, 2, 0 %, 0 %, 35270 MiB, 37.18 W
2026/09/20 10:24:25.835, 0, 0 %, 0 %, 35270 MiB, 39.11 W
2026/09/20 10:24:25.836, 1, 0 %, 0 %, 35270 MiB, 38.58 W
2026/09/20 10:24:25.836, 2, 0 %, 0 %, 35270 MiB, 37.18 W
2026/09/20 10:24:30.836, 0, 0 %, 0 %, 35270 MiB, 39.11 W
2026/09/20 10:24:30.836, 1, 0 %, 0 %, 35270 MiB, 38.78 W
2026/09/20 10:24:30.836, 2, 0 %, 0 %, 35270 MiB, 37.28 W
2026/09/20 10:24:35.837, 0, 0 %, 0 %, 35270 MiB, 39.21 W
2026/09/20 10:24:35.838, 1, 0 %, 0 %, 35270 MiB, 38.78 W
2026/09/20 10:24:35.838, 2, 0 %, 0 %, 35270 MiB, 37.28 W
2026/09/20 10:24:40.838, 0, 0 %, 0 %, 35270 MiB, 39.21 W
2026/09/20 10:24:40.838, 1, 0 %, 0 %, 35270 MiB, 38.68 W
2026/09/20 10:24:40.838, 2, 0 %, 0 %, 35270 MiB, 37.28 W
2026/09/20 10:24:45.839, 0, 0 %, 0 %, 35270 MiB, 39.20 W
2026/09/20 10:24:45.839, 1, 0 %, 0 %, 35270 MiB, 38.78 W
2026/09/20 10:24:45.839, 2, 0 %, 0 %, 35270 MiB, 37.28 W
2026/09/20 10:24:50.839, 0, 0 %, 0 %, 35270 MiB, 39.40 W
2026/09/20 10:24:50.840, 1, 0 %, 0 %, 35270 MiB, 38.58 W
2026/09/20 10:24:50.840, 2, 0 %, 0 %, 35270 MiB, 37.59 W
2026/09/20 10:24:55.840, 0, 0 %, 0 %, 35270 MiB, 39.22 W
2026/09/20 10:24:55.841, 1, 0 %, 0 %, 35270 MiB, 38.59 W
2026/09/20 10:24:55.841, 2, 0 %, 0 %, 35270 MiB, 37.28 W
2026/09/20 10:25:00.842, 0, 0 %, 0 %, 35270 MiB, 39.08 W
2026/09/20 10:25:00.842, 1, 0 %, 0 %, 35270 MiB, 38.75 W
2026/09/20 10:25:00.842, 2, 0 %, 0 %, 35270 MiB, 37.36 W
2026/09/20 10:25:05.843, 0, 0 %, 0 %, 35270 MiB, 44.17 W
2026/09/20 10:25:05.844, 1, 0 %, 0 %, 35270 MiB, 38.78 W
2026/09/20 10:25:05.844, 2, 0 %, 0 %, 35270 MiB, 37.28 W
2026/09/20 10:25:10.844, 0, 15 %, 1 %, 35270 MiB, 39.09 W
2026/09/20 10:25:10.845, 1, 0 %, 0 %, 35270 MiB, 38.65 W
2026/09/20 10:25:10.845, 2, 0 %, 0 %, 35270 MiB, 37.47 W
2026/09/20 10:25:15.846, 0, 0 %, 0 %, 35270 MiB, 39.07 W
2026/09/20 10:25:15.847, 1, 0 %, 0 %, 35270 MiB, 38.65 W
2026/09/20 10:25:15.847, 2, 0 %, 0 %, 35270 MiB, 37.25 W
2026/09/20 10:25:20.848, 0, 25 %, 1 %, 35270 MiB, 39.08 W
2026/09/20 10:25:20.848, 1, 0 %, 0 %, 35270 MiB, 38.85 W
2026/09/20 10:25:20.849, 2, 0 %, 0 %, 35270 MiB, 37.16 W
2026/09/20 10:25:25.853, 0, 0 %, 0 %, 35270 MiB, 39.26 W
2026/09/20 10:25:25.853, 1, 0 %, 0 %, 35270 MiB, 38.65 W
2026/09/20 10:25:25.854, 2, 0 %, 0 %, 35270 MiB, 37.15 W
2026/09/20 10:25:30.855, 0, 0 %, 0 %, 35270 MiB, 39.07 W
2026/09/20 10:25:30.856, 1, 0 %, 0 %, 35270 MiB, 38.64 W
2026/09/20 10:25:30.856, 2, 0 %, 0 %, 35270 MiB, 37.25 W
2026/09/20 10:25:35.859, 0, 0 %, 0 %, 35270 MiB, 39.07 W
2026/09/20 10:25:35.859, 1, 0 %, 0 %, 35270 MiB, 38.75 W
2026/09/20 10:25:35.859, 2, 0 %, 0 %, 35270 MiB, 37.25 W
2026/09/20 10:25:40.867, 0, 0 %, 0 %, 35270 MiB, 39.08 W
2026/09/20 10:25:40.868, 1, 0 %, 0 %, 35270 MiB, 38.75 W
2026/09/20 10:25:40.868, 2, 0 %, 0 %, 35270 MiB, 37.25 W
2026/09/20 10:25:45.870, 0, 0 %, 0 %, 35270 MiB, 39.21 W
2026/09/20 10:25:45.870, 1, 0 %, 0 %, 35270 MiB, 38.68 W
2026/09/20 10:25:45.870, 2, 0 %, 0 %, 35270 MiB, 37.39 W
2026/09/20 10:25:50.872, 0, 25 %, 1 %, 35270 MiB, 39.07 W
2026/09/20 10:25:50.873, 1, 0 %, 0 %, 35270 MiB, 38.45 W
2026/09/20 10:25:50.873, 2, 0 %, 0 %, 35270 MiB, 37.15 W
2026/09/20 10:25:55.873, 0, 0 %, 0 %, 35270 MiB, 38.99 W
2026/09/20 10:25:55.874, 1, 0 %, 0 %, 35270 MiB, 38.65 W
2026/09/20 10:25:55.874, 2, 0 %, 0 %, 35270 MiB, 37.16 W
2026/09/20 10:26:00.874, 0, 0 %, 0 %, 35270 MiB, 39.25 W
2026/09/20 10:26:00.875, 1, 0 %, 0 %, 35270 MiB, 38.53 W
2026/09/20 10:26:00.875, 2, 0 %, 0 %, 35270 MiB, 37.13 W
2026/09/20 10:26:05.876, 0, 0 %, 0 %, 35270 MiB, 39.15 W
2026/09/20 10:26:05.877, 1, 4 %, 0 %, 35270 MiB, 38.53 W
2026/09/20 10:26:05.877, 2, 0 %, 0 %, 35270 MiB, 37.35 W
2026/09/20 10:26:10.878, 0, 0 %, 0 %, 35270 MiB, 38.59 W
2026/09/20 10:26:10.879, 1, 24 %, 1 %, 35270 MiB, 38.46 W
2026/09/20 10:26:10.879, 2, 0 %, 0 %, 35270 MiB, 37.28 W
2026/09/20 10:26:15.890, 0, 0 %, 0 %, 35270 MiB, 38.87 W
2026/09/20 10:26:15.890, 1, 0 %, 0 %, 35270 MiB, 38.44 W
2026/09/20 10:26:15.890, 2, 0 %, 0 %, 35270 MiB, 37.14 W
2026/09/20 10:26:20.892, 0, 0 %, 0 %, 35270 MiB, 38.86 W
2026/09/20 10:26:20.893, 1, 16 %, 1 %, 35270 MiB, 38.44 W
2026/09/20 10:26:20.893, 2, 0 %, 0 %, 35270 MiB, 36.94 W
2026/09/20 10:26:25.894, 0, 0 %, 0 %, 35270 MiB, 38.76 W
2026/09/20 10:26:25.895, 1, 0 %, 0 %, 35270 MiB, 38.36 W
2026/09/20 10:26:25.895, 2, 0 %, 0 %, 35270 MiB, 37.06 W
2026/09/20 10:26:30.895, 0, 0 %, 0 %, 35270 MiB, 38.76 W
2026/09/20 10:26:30.896, 1, 0 %, 0 %, 35270 MiB, 38.83 W
2026/09/20 10:26:30.896, 2, 0 %, 0 %, 35270 MiB, 36.95 W
2026/09/20 10:26:35.897, 0, 0 %, 0 %, 35270 MiB, 38.74 W
2026/09/20 10:26:35.897, 1, 0 %, 0 %, 35270 MiB, 41.48 W
2026/09/20 10:26:35.897, 2, 0 %, 0 %, 35270 MiB, 37.03 W
2026/09/20 10:26:40.898, 0, 0 %, 0 %, 35270 MiB, 38.86 W
2026/09/20 10:26:40.899, 1, 0 %, 0 %, 35270 MiB, 38.44 W
2026/09/20 10:26:40.899, 2, 0 %, 0 %, 35270 MiB, 36.94 W
2026/09/20 10:26:45.900, 0, 0 %, 0 %, 35270 MiB, 38.85 W
2026/09/20 10:26:45.900, 1, 0 %, 0 %, 35270 MiB, 38.73 W
2026/09/20 10:26:45.900, 2, 0 %, 0 %, 35270 MiB, 37.04 W
2026/09/20 10:26:50.902, 0, 0 %, 0 %, 35270 MiB, 38.96 W
2026/09/20 10:26:50.903, 1, 33 %, 1 %, 35270 MiB, 38.73 W
2026/09/20 10:26:50.903, 2, 0 %, 0 %, 35270 MiB, 37.04 W
2026/09/20 10:26:55.903, 0, 0 %, 0 %, 35270 MiB, 39.18 W
2026/09/20 10:26:55.903, 1, 25 %, 1 %, 35270 MiB, 38.46 W
2026/09/20 10:26:55.904, 2, 0 %, 0 %, 35270 MiB, 37.06 W
2026/09/20 10:27:00.905, 0, 0 %, 0 %, 35270 MiB, 38.94 W
2026/09/20 10:27:00.905, 1, 0 %, 0 %, 35270 MiB, 38.32 W
2026/09/20 10:27:00.905, 2, 0 %, 0 %, 35270 MiB, 37.23 W
2026/09/20 10:27:05.907, 0, 0 %, 0 %, 35270 MiB, 38.85 W
2026/09/20 10:27:05.907, 1, 25 %, 1 %, 35270 MiB, 38.43 W
2026/09/20 10:27:05.908, 2, 0 %, 0 %, 35270 MiB, 37.03 W
2026/09/20 10:27:10.909, 0, 0 %, 0 %, 35270 MiB, 38.87 W
2026/09/20 10:27:10.910, 1, 0 %, 0 %, 35270 MiB, 38.36 W
2026/09/20 10:27:10.910, 2, 0 %, 0 %, 35270 MiB, 37.06 W
2026/09/20 10:27:15.910, 0, 0 %, 0 %, 35270 MiB, 38.89 W
2026/09/20 10:27:15.911, 1, 0 %, 0 %, 35270 MiB, 38.36 W
2026/09/20 10:27:15.911, 2, 0 %, 0 %, 35270 MiB, 37.06 W
2026/09/20 10:27:20.911, 0, 0 %, 0 %, 35270 MiB, 39.17 W
2026/09/20 10:27:20.912, 1, 0 %, 0 %, 35270 MiB, 38.46 W
2026/09/20 10:27:20.912, 2, 0 %, 0 %, 35270 MiB, 37.26 W
2026/09/20 10:27:25.913, 0, 0 %, 0 %, 35270 MiB, 38.65 W
2026/09/20 10:27:25.913, 1, 0 %, 0 %, 35270 MiB, 38.44 W
2026/09/20 10:27:25.914, 2, 0 %, 0 %, 35270 MiB, 37.14 W
2026/09/20 10:27:30.915, 0, 0 %, 0 %, 35270 MiB, 38.64 W
2026/09/20 10:27:30.915, 1, 0 %, 0 %, 35270 MiB, 38.44 W
2026/09/20 10:27:30.916, 2, 0 %, 0 %, 35270 MiB, 36.93 W
2026/09/20 10:27:35.917, 0, 0 %, 0 %, 35270 MiB, 38.86 W
2026/09/20 10:27:35.918, 1, 0 %, 0 %, 35270 MiB, 38.44 W
2026/09/20 10:27:35.918, 2, 0 %, 0 %, 35270 MiB, 37.04 W
2026/09/20 10:27:40.918, 0, 0 %, 0 %, 35270 MiB, 38.68 W
2026/09/20 10:27:40.919, 1, 0 %, 0 %, 35270 MiB, 38.46 W
2026/09/20 10:27:40.919, 2, 0 %, 0 %, 35270 MiB, 36.96 W
2026/09/20 10:27:45.919, 0, 0 %, 0 %, 35270 MiB, 38.66 W
2026/09/20 10:27:45.920, 1, 0 %, 0 %, 35270 MiB, 38.35 W
2026/09/20 10:27:45.920, 2, 0 %, 0 %, 35270 MiB, 37.06 W
2026/09/20 10:27:50.920, 0, 0 %, 0 %, 35270 MiB, 39.01 W
2026/09/20 10:27:50.921, 1, 0 %, 0 %, 35270 MiB, 38.37 W
2026/09/20 10:27:50.921, 2, 0 %, 0 %, 35270 MiB, 36.97 W
2026/09/20 10:27:55.923, 0, 0 %, 0 %, 35270 MiB, 38.78 W
2026/09/20 10:27:55.923, 1, 0 %, 0 %, 35270 MiB, 38.46 W
2026/09/20 10:27:55.924, 2, 0 %, 0 %, 35270 MiB, 37.28 W
2026/09/20 10:28:00.924, 0, 0 %, 0 %, 35270 MiB, 38.77 W
2026/09/20 10:28:00.925, 1, 0 %, 0 %, 35270 MiB, 38.46 W
2026/09/20 10:28:00.925, 2, 0 %, 0 %, 35270 MiB, 37.16 W
2026/09/20 10:28:05.926, 0, 0 %, 0 %, 35270 MiB, 38.96 W
2026/09/20 10:28:05.926, 1, 0 %, 0 %, 35270 MiB, 38.34 W
2026/09/20 10:28:05.926, 2, 0 %, 0 %, 35270 MiB, 37.15 W
2026/09/20 10:28:10.928, 0, 0 %, 0 %, 35270 MiB, 38.99 W
2026/09/20 10:28:10.928, 1, 0 %, 0 %, 35270 MiB, 38.25 W
2026/09/20 10:28:10.929, 2, 0 %, 0 %, 35270 MiB, 45.49 W
2026/09/20 10:28:15.930, 0, 0 %, 0 %, 35270 MiB, 38.86 W
2026/09/20 10:28:15.930, 1, 0 %, 0 %, 35270 MiB, 38.24 W
2026/09/20 10:28:15.931, 2, 0 %, 0 %, 35270 MiB, 37.24 W
2026/09/20 10:28:20.931, 0, 0 %, 0 %, 35270 MiB, 38.89 W
2026/09/20 10:28:20.932, 1, 0 %, 0 %, 35270 MiB, 38.25 W
2026/09/20 10:28:20.932, 2, 25 %, 1 %, 35270 MiB, 39.04 W
2026/09/20 10:28:25.933, 0, 0 %, 0 %, 35270 MiB, 38.66 W
2026/09/20 10:28:25.934, 1, 0 %, 0 %, 35270 MiB, 38.23 W
2026/09/20 10:28:25.934, 2, 0 %, 0 %, 35270 MiB, 37.14 W
2026/09/20 10:28:30.935, 0, 0 %, 0 %, 35270 MiB, 38.80 W
2026/09/20 10:28:30.935, 1, 0 %, 0 %, 35270 MiB, 38.36 W
2026/09/20 10:28:30.935, 2, 0 %, 0 %, 35270 MiB, 37.18 W
2026/09/20 10:28:35.939, 0, 0 %, 0 %, 35270 MiB, 38.73 W
2026/09/20 10:28:35.939, 1, 0 %, 0 %, 35270 MiB, 38.31 W
2026/09/20 10:28:35.939, 2, 0 %, 0 %, 35270 MiB, 37.01 W
2026/09/20 10:28:40.940, 0, 0 %, 0 %, 35270 MiB, 38.76 W
2026/09/20 10:28:40.941, 1, 0 %, 0 %, 35270 MiB, 38.25 W
2026/09/20 10:28:40.941, 2, 0 %, 0 %, 35270 MiB, 36.96 W
2026/09/20 10:28:45.942, 0, 0 %, 0 %, 35270 MiB, 38.65 W
2026/09/20 10:28:45.942, 1, 0 %, 0 %, 35270 MiB, 38.23 W
2026/09/20 10:28:45.942, 2, 0 %, 0 %, 35270 MiB, 36.94 W
2026/09/20 10:28:50.946, 0, 0 %, 0 %, 35270 MiB, 38.71 W
2026/09/20 10:28:50.946, 1, 0 %, 0 %, 35270 MiB, 38.28 W
2026/09/20 10:28:50.947, 2, 0 %, 0 %, 35270 MiB, 36.99 W
2026/09/20 10:28:55.947, 0, 0 %, 0 %, 35270 MiB, 38.78 W
2026/09/20 10:28:55.948, 1, 0 %, 0 %, 35270 MiB, 38.39 W
2026/09/20 10:28:55.948, 2, 0 %, 0 %, 35270 MiB, 36.98 W
2026/09/20 10:29:00.949, 0, 0 %, 0 %, 35270 MiB, 38.78 W
2026/09/20 10:29:00.949, 1, 0 %, 0 %, 35270 MiB, 38.37 W
2026/09/20 10:29:00.950, 2, 0 %, 0 %, 35270 MiB, 36.96 W
2026/09/20 10:29:05.950, 0, 0 %, 0 %, 35270 MiB, 38.96 W
2026/09/20 10:29:05.951, 1, 0 %, 0 %, 35270 MiB, 38.83 W
2026/09/20 10:29:05.951, 2, 0 %, 0 %, 35270 MiB, 36.94 W
2026/09/20 10:29:10.952, 0, 0 %, 0 %, 35270 MiB, 38.76 W
2026/09/20 10:29:10.952, 1, 0 %, 0 %, 35270 MiB, 38.23 W
2026/09/20 10:29:10.953, 2, 0 %, 0 %, 35270 MiB, 37.25 W
2026/09/20 10:29:15.954, 0, 0 %, 0 %, 35270 MiB, 38.88 W
2026/09/20 10:29:15.954, 1, 0 %, 0 %, 35270 MiB, 38.26 W
2026/09/20 10:29:15.954, 2, 0 %, 0 %, 35270 MiB, 37.16 W
2026/09/20 10:29:20.955, 0, 0 %, 0 %, 35270 MiB, 38.96 W
2026/09/20 10:29:20.956, 1, 0 %, 0 %, 35270 MiB, 38.23 W
2026/09/20 10:29:20.956, 2, 0 %, 0 %, 35270 MiB, 37.14 W
2026/09/20 10:29:25.962, 0, 0 %, 0 %, 35270 MiB, 39.08 W
2026/09/20 10:29:25.962, 1, 0 %, 0 %, 35270 MiB, 38.46 W
2026/09/20 10:29:25.962, 2, 0 %, 0 %, 35270 MiB, 37.16 W
2026/09/20 10:29:30.964, 0, 0 %, 0 %, 35270 MiB, 38.86 W
2026/09/20 10:29:30.965, 1, 0 %, 0 %, 35270 MiB, 38.35 W
2026/09/20 10:29:30.965, 2, 0 %, 0 %, 35270 MiB, 37.36 W
2026/09/20 10:29:35.965, 0, 0 %, 0 %, 35270 MiB, 38.78 W
2026/09/20 10:29:35.965, 1, 0 %, 0 %, 35270 MiB, 38.35 W
2026/09/20 10:29:35.965, 2, 0 %, 0 %, 35270 MiB, 37.26 W
2026/09/20 10:29:40.966, 0, 0 %, 0 %, 35270 MiB, 38.87 W
2026/09/20 10:29:40.966, 1, 0 %, 0 %, 35270 MiB, 38.34 W
2026/09/20 10:29:40.966, 2, 0 %, 0 %, 35270 MiB, 37.26 W
2026/09/20 10:29:45.968, 0, 0 %, 0 %, 35270 MiB, 38.86 W
2026/09/20 10:29:45.968, 1, 0 %, 0 %, 35270 MiB, 38.44 W
2026/09/20 10:29:45.968, 2, 0 %, 0 %, 35270 MiB, 37.04 W
2026/09/20 10:29:50.974, 0, 0 %, 0 %, 35270 MiB, 38.88 W
2026/09/20 10:29:50.974, 1, 0 %, 0 %, 35270 MiB, 38.47 W
2026/09/20 10:29:50.975, 2, 0 %, 0 %, 35270 MiB, 37.27 W
2026/09/20 10:29:55.976, 0, 0 %, 0 %, 35270 MiB, 38.94 W
2026/09/20 10:29:55.976, 1, 0 %, 0 %, 35270 MiB, 38.42 W
2026/09/20 10:29:55.976, 2, 0 %, 0 %, 35270 MiB, 37.13 W
2026/09/20 10:30:00.983, 0, 0 %, 0 %, 35270 MiB, 38.96 W
2026/09/20 10:30:00.984, 1, 0 %, 0 %, 35270 MiB, 38.63 W
2026/09/20 10:30:00.984, 2, 0 %, 0 %, 35270 MiB, 37.14 W
2026/09/20 10:30:05.985, 0, 0 %, 0 %, 35270 MiB, 38.97 W
2026/09/20 10:30:05.986, 1, 0 %, 0 %, 35270 MiB, 38.43 W
2026/09/20 10:30:05.986, 2, 0 %, 0 %, 35270 MiB, 37.15 W
2026/09/20 10:30:10.986, 0, 0 %, 0 %, 35270 MiB, 38.91 W
2026/09/20 10:30:10.987, 1, 0 %, 0 %, 35270 MiB, 38.49 W
2026/09/20 10:30:10.987, 2, 0 %, 0 %, 35270 MiB, 37.28 W
2026/09/20 10:30:15.988, 0, 0 %, 0 %, 35270 MiB, 38.85 W
2026/09/20 10:30:15.988, 1, 0 %, 0 %, 35270 MiB, 38.42 W
2026/09/20 10:30:15.989, 2, 0 %, 0 %, 35270 MiB, 37.13 W
2026/09/20 10:30:20.990, 0, 0 %, 0 %, 35270 MiB, 39.04 W
2026/09/20 10:30:20.991, 1, 0 %, 0 %, 35270 MiB, 38.43 W
2026/09/20 10:30:20.991, 2, 0 %, 0 %, 35270 MiB, 37.13 W
2026/09/20 10:30:25.991, 0, 0 %, 0 %, 35270 MiB, 39.02 W
2026/09/20 10:30:25.992, 1, 0 %, 0 %, 35270 MiB, 38.29 W
2026/09/20 10:30:25.992, 2, 0 %, 0 %, 35270 MiB, 37.18 W
2026/09/20 10:30:30.993, 0, 0 %, 0 %, 35270 MiB, 39.05 W
2026/09/20 10:30:30.994, 1, 0 %, 0 %, 35270 MiB, 38.34 W
2026/09/20 10:30:30.994, 2, 0 %, 0 %, 35270 MiB, 37.24 W
2026/09/20 10:30:35.995, 0, 0 %, 0 %, 35270 MiB, 38.86 W
2026/09/20 10:30:35.996, 1, 0 %, 0 %, 35270 MiB, 38.53 W
2026/09/20 10:30:35.996, 2, 0 %, 0 %, 35270 MiB, 37.35 W
2026/09/20 10:30:40.996, 0, 0 %, 0 %, 35270 MiB, 38.88 W
2026/09/20 10:30:40.997, 1, 0 %, 0 %, 35270 MiB, 38.37 W
2026/09/20 10:30:40.997, 2, 0 %, 0 %, 35270 MiB, 37.27 W
2026/09/20 10:30:45.998, 0, 0 %, 0 %, 35270 MiB, 38.85 W
2026/09/20 10:30:45.998, 1, 0 %, 0 %, 35270 MiB, 38.34 W
2026/09/20 10:30:45.998, 2, 0 %, 0 %, 35270 MiB, 37.24 W
2026/09/20 10:30:50.999, 0, 0 %, 0 %, 35270 MiB, 38.78 W
2026/09/20 10:30:50.999, 1, 0 %, 0 %, 35270 MiB, 38.25 W
2026/09/20 10:30:50.999, 2, 0 %, 0 %, 35270 MiB, 37.15 W
2026/09/20 10:30:56.001, 0, 0 %, 0 %, 35270 MiB, 38.85 W
2026/09/20 10:30:56.001, 1, 0 %, 0 %, 35270 MiB, 38.43 W
2026/09/20 10:30:56.001, 2, 0 %, 0 %, 35270 MiB, 37.03 W
2026/09/20 10:31:01.002, 0, 0 %, 0 %, 35270 MiB, 38.89 W
2026/09/20 10:31:01.003, 1, 0 %, 0 %, 35270 MiB, 38.25 W
2026/09/20 10:31:01.003, 2, 0 %, 0 %, 35270 MiB, 37.06 W
2026/09/20 10:31:06.013, 0, 0 %, 0 %, 35270 MiB, 38.86 W
2026/09/20 10:31:06.014, 1, 0 %, 0 %, 35270 MiB, 38.23 W
2026/09/20 10:31:06.014, 2, 0 %, 0 %, 35270 MiB, 37.24 W
2026/09/20 10:31:11.015, 0, 0 %, 0 %, 35270 MiB, 38.76 W
2026/09/20 10:31:11.016, 1, 0 %, 0 %, 35270 MiB, 38.13 W
2026/09/20 10:31:11.016, 2, 0 %, 0 %, 35270 MiB, 37.15 W
2026/09/20 10:31:16.017, 0, 0 %, 0 %, 35270 MiB, 38.96 W
2026/09/20 10:31:16.017, 1, 0 %, 0 %, 35270 MiB, 38.34 W
2026/09/20 10:31:16.017, 2, 0 %, 0 %, 35270 MiB, 37.04 W
2026/09/20 10:31:21.019, 0, 0 %, 0 %, 35270 MiB, 38.74 W
2026/09/20 10:31:21.020, 1, 0 %, 0 %, 35270 MiB, 38.23 W
2026/09/20 10:31:21.020, 2, 0 %, 0 %, 35270 MiB, 37.03 W
2026/09/20 10:31:26.020, 0, 0 %, 0 %, 35270 MiB, 38.71 W
2026/09/20 10:31:26.021, 1, 0 %, 0 %, 35270 MiB, 37.98 W
2026/09/20 10:31:26.021, 2, 0 %, 0 %, 35270 MiB, 37.18 W
2026/09/20 10:31:31.021, 0, 0 %, 0 %, 35270 MiB, 38.75 W
2026/09/20 10:31:31.022, 1, 0 %, 0 %, 35270 MiB, 38.22 W
2026/09/20 10:31:31.022, 2, 0 %, 0 %, 35270 MiB, 37.03 W
2026/09/20 10:31:36.023, 0, 18 %, 1 %, 35270 MiB, 45.49 W
2026/09/20 10:31:36.023, 1, 0 %, 0 %, 35270 MiB, 38.05 W
2026/09/20 10:31:36.023, 2, 0 %, 0 %, 35270 MiB, 37.06 W
2026/09/20 10:31:41.025, 0, 0 %, 0 %, 35270 MiB, 38.74 W
2026/09/20 10:31:41.025, 1, 0 %, 0 %, 35270 MiB, 38.03 W
2026/09/20 10:31:41.025, 2, 0 %, 0 %, 35270 MiB, 37.03 W
2026/09/20 10:31:46.026, 0, 0 %, 0 %, 35270 MiB, 38.68 W
2026/09/20 10:31:46.027, 1, 0 %, 0 %, 35270 MiB, 38.15 W
2026/09/20 10:31:46.027, 2, 0 %, 0 %, 35270 MiB, 37.25 W
2026/09/20 10:31:51.027, 0, 0 %, 0 %, 35270 MiB, 38.54 W
2026/09/20 10:31:51.028, 1, 0 %, 0 %, 35270 MiB, 38.03 W
2026/09/20 10:31:51.028, 2, 0 %, 0 %, 35270 MiB, 37.13 W
2026/09/20 10:31:56.029, 0, 0 %, 0 %, 35270 MiB, 38.75 W
2026/09/20 10:31:56.030, 1, 0 %, 0 %, 35270 MiB, 38.13 W
2026/09/20 10:31:56.030, 2, 0 %, 0 %, 35270 MiB, 36.84 W
2026/09/20 10:32:01.031, 0, 0 %, 0 %, 35270 MiB, 38.56 W
2026/09/20 10:32:01.032, 1, 0 %, 0 %, 35270 MiB, 38.03 W
2026/09/20 10:32:01.032, 2, 0 %, 0 %, 35270 MiB, 36.94 W
2026/09/20 10:32:06.032, 0, 0 %, 0 %, 35270 MiB, 38.68 W
2026/09/20 10:32:06.033, 1, 0 %, 0 %, 35270 MiB, 38.36 W
2026/09/20 10:32:06.033, 2, 0 %, 0 %, 35270 MiB, 37.06 W
2026/09/20 10:32:11.034, 0, 0 %, 0 %, 35270 MiB, 38.54 W
2026/09/20 10:32:11.034, 1, 0 %, 0 %, 35270 MiB, 38.11 W
2026/09/20 10:32:11.034, 2, 0 %, 0 %, 35270 MiB, 36.93 W
2026/09/20 10:32:16.036, 0, 49 %, 2 %, 35270 MiB, 50.84 W
2026/09/20 10:32:16.036, 1, 0 %, 0 %, 35270 MiB, 38.22 W
2026/09/20 10:32:16.036, 2, 0 %, 0 %, 35270 MiB, 37.04 W
2026/09/20 10:32:21.037, 0, 10 %, 0 %, 35270 MiB, 41.13 W
2026/09/20 10:32:21.038, 1, 0 %, 0 %, 35270 MiB, 38.13 W
2026/09/20 10:32:21.038, 2, 0 %, 0 %, 35270 MiB, 36.93 W
2026/09/20 10:32:26.039, 0, 0 %, 0 %, 35270 MiB, 41.11 W
2026/09/20 10:32:26.039, 1, 0 %, 0 %, 35270 MiB, 38.22 W
2026/09/20 10:32:26.039, 2, 0 %, 0 %, 35270 MiB, 37.03 W
2026/09/20 10:32:31.041, 0, 0 %, 0 %, 35270 MiB, 38.74 W
2026/09/20 10:32:31.042, 1, 0 %, 0 %, 35270 MiB, 38.03 W
2026/09/20 10:32:31.042, 2, 0 %, 0 %, 35270 MiB, 37.04 W
2026/09/20 10:32:36.043, 0, 0 %, 0 %, 35270 MiB, 38.85 W
2026/09/20 10:32:36.043, 1, 0 %, 0 %, 35270 MiB, 38.03 W
2026/09/20 10:32:36.043, 2, 0 %, 0 %, 35270 MiB, 37.03 W
2026/09/20 10:32:41.045, 0, 25 %, 1 %, 35270 MiB, 38.90 W
2026/09/20 10:32:41.045, 1, 0 %, 0 %, 35270 MiB, 38.06 W
2026/09/20 10:32:41.046, 2, 0 %, 0 %, 35270 MiB, 37.26 W
2026/09/20 10:32:46.046, 0, 2 %, 0 %, 35270 MiB, 39.02 W
2026/09/20 10:32:46.047, 1, 0 %, 0 %, 35270 MiB, 38.18 W
2026/09/20 10:32:46.047, 2, 0 %, 0 %, 35270 MiB, 37.18 W
2026/09/20 10:32:51.047, 0, 0 %, 0 %, 35270 MiB, 38.81 W
2026/09/20 10:32:51.048, 1, 0 %, 0 %, 35270 MiB, 38.08 W
2026/09/20 10:32:51.048, 2, 0 %, 0 %, 35270 MiB, 37.18 W
2026/09/20 10:32:56.049, 0, 0 %, 0 %, 35270 MiB, 38.71 W
2026/09/20 10:32:56.049, 1, 0 %, 0 %, 35270 MiB, 38.08 W
2026/09/20 10:32:56.049, 2, 0 %, 0 %, 35270 MiB, 37.18 W
2026/09/20 10:33:01.051, 0, 0 %, 0 %, 35270 MiB, 38.75 W
2026/09/20 10:33:01.052, 1, 0 %, 0 %, 35270 MiB, 38.23 W
2026/09/20 10:33:01.052, 2, 0 %, 0 %, 35270 MiB, 37.35 W
2026/09/20 10:33:06.053, 0, 0 %, 0 %, 35270 MiB, 38.78 W
2026/09/20 10:33:06.053, 1, 0 %, 0 %, 35270 MiB, 38.25 W
2026/09/20 10:33:06.053, 2, 0 %, 0 %, 35270 MiB, 37.06 W
2026/09/20 10:33:11.055, 0, 25 %, 1 %, 35270 MiB, 38.76 W
2026/09/20 10:33:11.056, 1, 0 %, 0 %, 35270 MiB, 38.15 W
2026/09/20 10:33:11.056, 2, 0 %, 0 %, 35270 MiB, 37.05 W
2026/09/20 10:33:16.057, 0, 0 %, 0 %, 35270 MiB, 38.76 W
2026/09/20 10:33:16.058, 1, 0 %, 0 %, 35270 MiB, 38.44 W
2026/09/20 10:33:16.058, 2, 0 %, 0 %, 35270 MiB, 37.04 W
2026/09/20 10:33:21.059, 0, 0 %, 0 %, 35270 MiB, 39.07 W
2026/09/20 10:33:21.059, 1, 0 %, 0 %, 35270 MiB, 38.25 W
2026/09/20 10:33:21.059, 2, 0 %, 0 %, 35270 MiB, 37.14 W
2026/09/20 10:33:26.061, 0, 0 %, 0 %, 35270 MiB, 38.86 W
2026/09/20 10:33:26.062, 1, 0 %, 0 %, 35270 MiB, 38.23 W
2026/09/20 10:33:26.062, 2, 0 %, 0 %, 35270 MiB, 37.04 W
2026/09/20 10:33:31.063, 0, 0 %, 0 %, 35270 MiB, 38.96 W
2026/09/20 10:33:31.063, 1, 0 %, 0 %, 35270 MiB, 38.33 W
2026/09/20 10:33:31.063, 2, 0 %, 0 %, 35270 MiB, 37.04 W
2026/09/20 10:33:36.065, 0, 0 %, 0 %, 35270 MiB, 38.88 W
2026/09/20 10:33:36.065, 1, 0 %, 0 %, 35270 MiB, 38.34 W
2026/09/20 10:33:36.065, 2, 0 %, 0 %, 35270 MiB, 37.14 W
2026/09/20 10:33:41.066, 0, 0 %, 0 %, 35270 MiB, 38.97 W
2026/09/20 10:33:41.067, 1, 0 %, 0 %, 35270 MiB, 38.23 W
2026/09/20 10:33:41.067, 2, 0 %, 0 %, 35270 MiB, 37.24 W
2026/09/20 10:33:46.067, 0, 0 %, 0 %, 35270 MiB, 39.01 W
2026/09/20 10:33:46.068, 1, 0 %, 0 %, 35270 MiB, 42.22 W
2026/09/20 10:33:46.068, 2, 0 %, 0 %, 35270 MiB, 37.28 W
2026/09/20 10:33:51.069, 0, 0 %, 0 %, 35270 MiB, 38.94 W
2026/09/20 10:33:51.070, 1, 0 %, 0 %, 35270 MiB, 38.43 W
2026/09/20 10:33:51.070, 2, 0 %, 0 %, 35270 MiB, 37.24 W
2026/09/20 10:33:56.070, 0, 0 %, 0 %, 35270 MiB, 39.12 W
2026/09/20 10:33:56.071, 1, 0 %, 0 %, 35270 MiB, 38.29 W
2026/09/20 10:33:56.071, 2, 0 %, 0 %, 35270 MiB, 37.28 W
2026/09/20 10:34:01.071, 0, 0 %, 0 %, 35270 MiB, 38.58 W
2026/09/20 10:34:01.072, 1, 0 %, 0 %, 35270 MiB, 38.26 W
2026/09/20 10:34:01.072, 2, 0 %, 0 %, 35270 MiB, 37.47 W
2026/09/20 10:34:06.073, 0, 0 %, 0 %, 35270 MiB, 38.88 W
2026/09/20 10:34:06.073, 1, 0 %, 0 %, 35270 MiB, 38.36 W
2026/09/20 10:34:06.073, 2, 9 %, 0 %, 35270 MiB, 41.25 W
2026/09/20 10:34:11.075, 0, 0 %, 0 %, 35270 MiB, 38.86 W
2026/09/20 10:34:11.076, 1, 0 %, 0 %, 35270 MiB, 38.33 W
2026/09/20 10:34:11.076, 2, 0 %, 0 %, 35270 MiB, 37.15 W
2026/09/20 10:34:16.076, 0, 0 %, 0 %, 35270 MiB, 39.11 W
2026/09/20 10:34:16.077, 1, 25 %, 1 %, 35270 MiB, 38.39 W
2026/09/20 10:34:16.077, 2, 0 %, 0 %, 35270 MiB, 37.28 W
2026/09/20 10:34:21.078, 0, 0 %, 0 %, 35270 MiB, 38.88 W
2026/09/20 10:34:21.078, 1, 0 %, 0 %, 35270 MiB, 38.27 W
2026/09/20 10:34:21.078, 2, 0 %, 0 %, 35270 MiB, 37.18 W
2026/09/20 10:34:26.083, 0, 0 %, 0 %, 35270 MiB, 38.86 W
2026/09/20 10:34:26.083, 1, 0 %, 0 %, 35270 MiB, 38.44 W
2026/09/20 10:34:26.083, 2, 24 %, 1 %, 35270 MiB, 37.25 W
2026/09/20 10:34:31.084, 0, 0 %, 0 %, 35270 MiB, 39.01 W
2026/09/20 10:34:31.084, 1, 25 %, 1 %, 35270 MiB, 38.37 W
2026/09/20 10:34:31.085, 2, 0 %, 0 %, 35270 MiB, 37.18 W
2026/09/20 10:34:36.085, 0, 0 %, 0 %, 35270 MiB, 39.06 W
2026/09/20 10:34:36.086, 1, 0 %, 0 %, 35270 MiB, 38.34 W
2026/09/20 10:34:36.086, 2, 0 %, 0 %, 35270 MiB, 37.24 W
2026/09/20 10:34:41.087, 0, 0 %, 0 %, 35270 MiB, 38.96 W
2026/09/20 10:34:41.088, 1, 0 %, 0 %, 35270 MiB, 40.61 W
2026/09/20 10:34:41.088, 2, 0 %, 0 %, 35270 MiB, 37.14 W
2026/09/20 10:34:46.088, 0, 0 %, 0 %, 35270 MiB, 38.90 W
2026/09/20 10:34:46.089, 1, 0 %, 0 %, 35270 MiB, 38.27 W
2026/09/20 10:34:46.089, 2, 0 %, 0 %, 35270 MiB, 37.18 W
2026/09/20 10:34:51.089, 0, 0 %, 0 %, 35270 MiB, 39.17 W
2026/09/20 10:34:51.090, 1, 0 %, 0 %, 35270 MiB, 38.15 W
2026/09/20 10:34:51.090, 2, 0 %, 0 %, 35270 MiB, 37.54 W
2026/09/20 10:34:56.091, 0, 0 %, 0 %, 35270 MiB, 39.06 W
2026/09/20 10:34:56.091, 1, 0 %, 0 %, 35270 MiB, 38.24 W
2026/09/20 10:34:56.092, 2, 0 %, 0 %, 35270 MiB, 37.25 W
2026/09/20 10:35:01.092, 0, 0 %, 0 %, 35270 MiB, 38.99 W
2026/09/20 10:35:01.093, 1, 0 %, 0 %, 35270 MiB, 47.97 W
2026/09/20 10:35:01.093, 2, 0 %, 0 %, 35270 MiB, 37.39 W
2026/09/20 10:35:06.093, 0, 0 %, 0 %, 35270 MiB, 38.86 W
2026/09/20 10:35:06.094, 1, 0 %, 0 %, 35270 MiB, 38.23 W
2026/09/20 10:35:06.094, 2, 0 %, 0 %, 35270 MiB, 37.35 W
2026/09/20 10:35:11.095, 0, 0 %, 0 %, 35270 MiB, 38.99 W
2026/09/20 10:35:11.095, 1, 0 %, 0 %, 35270 MiB, 38.25 W
2026/09/20 10:35:11.095, 2, 0 %, 0 %, 35270 MiB, 37.37 W
2026/09/20 10:35:16.096, 0, 0 %, 0 %, 35270 MiB, 38.85 W
2026/09/20 10:35:16.096, 1, 0 %, 0 %, 35270 MiB, 38.44 W
2026/09/20 10:35:16.097, 2, 0 %, 0 %, 35270 MiB, 37.34 W
2026/09/20 10:35:21.097, 0, 0 %, 0 %, 35270 MiB, 38.97 W
2026/09/20 10:35:21.098, 1, 0 %, 0 %, 35270 MiB, 38.25 W
2026/09/20 10:35:21.098, 2, 25 %, 1 %, 35270 MiB, 45.98 W
2026/09/20 10:35:26.098, 0, 0 %, 0 %, 35270 MiB, 38.77 W
2026/09/20 10:35:26.098, 1, 0 %, 0 %, 35270 MiB, 38.36 W
2026/09/20 10:35:26.099, 2, 0 %, 0 %, 35270 MiB, 37.33 W
2026/09/20 10:35:31.099, 0, 0 %, 0 %, 35270 MiB, 38.57 W
2026/09/20 10:35:31.099, 1, 0 %, 0 %, 35270 MiB, 38.34 W
2026/09/20 10:35:31.100, 2, 0 %, 0 %, 35270 MiB, 37.14 W
2026/09/20 10:35:36.101, 0, 0 %, 0 %, 35270 MiB, 38.89 W
2026/09/20 10:35:36.101, 1, 0 %, 0 %, 35270 MiB, 38.25 W
2026/09/20 10:35:36.101, 2, 0 %, 0 %, 35270 MiB, 37.16 W
2026/09/20 10:35:41.103, 0, 0 %, 0 %, 35270 MiB, 38.96 W
2026/09/20 10:35:41.104, 1, 0 %, 0 %, 35270 MiB, 38.34 W
2026/09/20 10:35:41.104, 2, 0 %, 0 %, 35270 MiB, 37.14 W
2026/09/20 10:35:46.105, 0, 0 %, 0 %, 35270 MiB, 39.07 W
2026/09/20 10:35:46.105, 1, 0 %, 0 %, 35270 MiB, 38.36 W
2026/09/20 10:35:46.105, 2, 5 %, 0 %, 35270 MiB, 37.36 W
2026/09/20 10:35:51.107, 0, 0 %, 0 %, 35270 MiB, 38.99 W
2026/09/20 10:35:51.107, 1, 0 %, 0 %, 35270 MiB, 38.36 W
2026/09/20 10:35:51.107, 2, 0 %, 0 %, 35270 MiB, 37.16 W
2026/09/20 10:35:56.108, 0, 0 %, 0 %, 35270 MiB, 38.88 W
2026/09/20 10:35:56.109, 1, 0 %, 0 %, 35270 MiB, 38.16 W
2026/09/20 10:35:56.109, 2, 0 %, 0 %, 35270 MiB, 37.27 W
2026/09/20 10:36:01.109, 0, 0 %, 0 %, 35270 MiB, 38.99 W
2026/09/20 10:36:01.110, 1, 0 %, 0 %, 35270 MiB, 38.38 W
2026/09/20 10:36:01.110, 2, 15 %, 1 %, 35270 MiB, 45.73 W
2026/09/20 10:36:06.110, 0, 0 %, 0 %, 35270 MiB, 39.18 W
2026/09/20 10:36:06.111, 1, 0 %, 0 %, 35270 MiB, 38.25 W
2026/09/20 10:36:06.111, 2, 2 %, 0 %, 35270 MiB, 37.87 W
2026/09/20 10:36:11.112, 0, 0 %, 0 %, 35270 MiB, 38.68 W
2026/09/20 10:36:11.112, 1, 0 %, 0 %, 35270 MiB, 38.36 W
2026/09/20 10:36:11.113, 2, 15 %, 1 %, 35270 MiB, 37.37 W
2026/09/20 10:36:16.114, 0, 0 %, 0 %, 35270 MiB, 38.90 W
2026/09/20 10:36:16.114, 1, 0 %, 0 %, 35270 MiB, 38.26 W
2026/09/20 10:36:16.114, 2, 0 %, 0 %, 35270 MiB, 37.37 W
2026/09/20 10:36:21.115, 0, 0 %, 0 %, 35270 MiB, 38.89 W
2026/09/20 10:36:21.116, 1, 0 %, 0 %, 35270 MiB, 38.26 W
2026/09/20 10:36:21.116, 2, 0 %, 0 %, 35270 MiB, 37.45 W
2026/09/20 10:36:26.117, 0, 0 %, 0 %, 35270 MiB, 39.08 W
2026/09/20 10:36:26.117, 1, 0 %, 0 %, 35270 MiB, 38.56 W
2026/09/20 10:36:26.117, 2, 0 %, 0 %, 35270 MiB, 37.16 W
2026/09/20 10:36:31.119, 0, 0 %, 0 %, 35270 MiB, 38.87 W
2026/09/20 10:36:31.120, 1, 0 %, 0 %, 35270 MiB, 38.44 W
2026/09/20 10:36:31.120, 2, 0 %, 0 %, 35270 MiB, 37.24 W
2026/09/20 10:36:36.121, 0, 0 %, 0 %, 35270 MiB, 38.96 W
2026/09/20 10:36:36.122, 1, 0 %, 0 %, 35270 MiB, 38.34 W
2026/09/20 10:36:36.122, 2, 0 %, 0 %, 35270 MiB, 37.24 W
2026/09/20 10:36:41.123, 0, 0 %, 0 %, 35270 MiB, 38.99 W
2026/09/20 10:36:41.123, 1, 0 %, 0 %, 35270 MiB, 38.36 W
2026/09/20 10:36:41.124, 2, 0 %, 0 %, 35270 MiB, 37.35 W
2026/09/20 10:36:46.125, 0, 0 %, 0 %, 35270 MiB, 38.65 W
2026/09/20 10:36:46.125, 1, 0 %, 0 %, 35270 MiB, 38.44 W
2026/09/20 10:36:46.125, 2, 0 %, 0 %, 35270 MiB, 37.14 W
2026/09/20 10:36:51.126, 0, 0 %, 0 %, 35270 MiB, 38.97 W
2026/09/20 10:36:51.126, 1, 0 %, 0 %, 35270 MiB, 38.44 W
2026/09/20 10:36:51.126, 2, 0 %, 0 %, 35270 MiB, 37.26 W
2026/09/20 10:36:56.128, 0, 0 %, 0 %, 35270 MiB, 38.99 W
2026/09/20 10:36:56.128, 1, 0 %, 0 %, 35270 MiB, 38.45 W
2026/09/20 10:36:56.128, 2, 0 %, 0 %, 35270 MiB, 37.36 W
2026/09/20 10:37:01.130, 0, 0 %, 0 %, 35270 MiB, 39.36 W
2026/09/20 10:37:01.130, 1, 0 %, 0 %, 35270 MiB, 38.44 W
2026/09/20 10:37:01.130, 2, 0 %, 0 %, 35270 MiB, 37.36 W
2026/09/20 10:37:06.131, 0, 0 %, 0 %, 35270 MiB, 39.07 W
2026/09/20 10:37:06.132, 1, 0 %, 0 %, 35270 MiB, 38.25 W
2026/09/20 10:37:06.132, 2, 0 %, 0 %, 35270 MiB, 37.25 W
2026/09/20 10:37:11.132, 0, 0 %, 0 %, 35270 MiB, 39.07 W
2026/09/20 10:37:11.133, 1, 0 %, 0 %, 35270 MiB, 38.25 W
2026/09/20 10:37:11.133, 2, 0 %, 0 %, 35270 MiB, 37.26 W
2026/09/20 10:37:16.138, 0, 0 %, 0 %, 35270 MiB, 38.96 W
2026/09/20 10:37:16.139, 1, 0 %, 0 %, 35270 MiB, 38.23 W
2026/09/20 10:37:16.139, 2, 0 %, 0 %, 35270 MiB, 37.35 W
2026/09/20 10:37:21.139, 0, 0 %, 0 %, 35270 MiB, 39.06 W
2026/09/20 10:37:21.140, 1, 0 %, 0 %, 35270 MiB, 38.44 W
2026/09/20 10:37:21.140, 2, 0 %, 0 %, 35270 MiB, 37.35 W
2026/09/20 10:37:26.141, 0, 0 %, 0 %, 35270 MiB, 38.97 W
2026/09/20 10:37:26.142, 1, 0 %, 0 %, 35270 MiB, 38.23 W
2026/09/20 10:37:26.142, 2, 0 %, 0 %, 35270 MiB, 37.35 W
2026/09/20 10:37:31.143, 0, 0 %, 0 %, 35270 MiB, 38.85 W
2026/09/20 10:37:31.143, 1, 0 %, 0 %, 35270 MiB, 38.23 W
2026/09/20 10:37:31.143, 2, 0 %, 0 %, 35270 MiB, 37.24 W
2026/09/20 10:37:36.145, 0, 0 %, 0 %, 35270 MiB, 38.88 W
2026/09/20 10:37:36.145, 1, 0 %, 0 %, 35270 MiB, 38.55 W
2026/09/20 10:37:36.145, 2, 0 %, 0 %, 35270 MiB, 37.16 W
2026/09/20 10:37:41.147, 0, 0 %, 0 %, 35270 MiB, 38.97 W
2026/09/20 10:37:41.148, 1, 0 %, 0 %, 35270 MiB, 38.35 W
2026/09/20 10:37:41.148, 2, 0 %, 0 %, 35270 MiB, 37.25 W
2026/09/20 10:37:46.149, 0, 0 %, 0 %, 35270 MiB, 38.94 W
2026/09/20 10:37:46.149, 1, 0 %, 0 %, 35270 MiB, 38.34 W
2026/09/20 10:37:46.149, 2, 0 %, 0 %, 35270 MiB, 37.23 W
2026/09/20 10:37:51.151, 0, 0 %, 0 %, 35270 MiB, 38.87 W
2026/09/20 10:37:51.151, 1, 0 %, 0 %, 35270 MiB, 38.34 W
2026/09/20 10:37:51.151, 2, 0 %, 0 %, 35270 MiB, 37.24 W
2026/09/20 10:37:56.153, 0, 0 %, 0 %, 35270 MiB, 38.96 W
2026/09/20 10:37:56.154, 1, 0 %, 0 %, 35270 MiB, 38.44 W
2026/09/20 10:37:56.154, 2, 0 %, 0 %, 35270 MiB, 37.35 W
2026/09/20 10:38:01.155, 0, 0 %, 0 %, 35270 MiB, 38.96 W
2026/09/20 10:38:01.155, 1, 0 %, 0 %, 35270 MiB, 38.23 W
2026/09/20 10:38:01.156, 2, 0 %, 0 %, 35270 MiB, 37.24 W
2026/09/20 10:38:06.160, 0, 0 %, 0 %, 35270 MiB, 38.94 W
2026/09/20 10:38:06.161, 1, 0 %, 0 %, 35270 MiB, 38.22 W
2026/09/20 10:38:06.161, 2, 0 %, 0 %, 35270 MiB, 37.23 W
2026/09/20 10:38:11.162, 0, 0 %, 0 %, 35270 MiB, 38.99 W
2026/09/20 10:38:11.162, 1, 0 %, 0 %, 35270 MiB, 38.36 W
2026/09/20 10:38:11.163, 2, 0 %, 0 %, 35270 MiB, 37.37 W
2026/09/20 10:38:16.164, 0, 0 %, 0 %, 35270 MiB, 39.25 W
2026/09/20 10:38:16.164, 1, 0 %, 0 %, 35270 MiB, 38.23 W
2026/09/20 10:38:16.164, 2, 0 %, 0 %, 35270 MiB, 37.35 W
2026/09/20 10:38:21.166, 0, 0 %, 0 %, 35270 MiB, 39.07 W
2026/09/20 10:38:21.166, 1, 0 %, 0 %, 35270 MiB, 38.23 W
2026/09/20 10:38:21.167, 2, 0 %, 0 %, 35270 MiB, 37.35 W
2026/09/20 10:38:26.167, 0, 0 %, 0 %, 35270 MiB, 38.99 W
2026/09/20 10:38:26.168, 1, 0 %, 0 %, 35270 MiB, 38.29 W
2026/09/20 10:38:26.168, 2, 0 %, 0 %, 35270 MiB, 37.37 W
2026/09/20 10:38:31.169, 0, 0 %, 0 %, 35270 MiB, 38.90 W
2026/09/20 10:38:31.169, 1, 0 %, 0 %, 35270 MiB, 38.36 W
2026/09/20 10:38:31.169, 2, 0 %, 0 %, 35270 MiB, 37.37 W
2026/09/20 10:38:36.170, 0, 0 %, 0 %, 35270 MiB, 39.06 W
2026/09/20 10:38:36.171, 1, 0 %, 0 %, 35270 MiB, 38.34 W
2026/09/20 10:38:36.171, 2, 0 %, 0 %, 35270 MiB, 37.35 W
2026/09/20 10:38:41.172, 0, 0 %, 0 %, 35270 MiB, 38.99 W
2026/09/20 10:38:41.172, 1, 0 %, 0 %, 35270 MiB, 38.36 W
2026/09/20 10:38:41.173, 2, 0 %, 0 %, 35270 MiB, 37.15 W
2026/09/20 10:38:46.173, 0, 0 %, 0 %, 35270 MiB, 38.87 W
2026/09/20 10:38:46.174, 1, 0 %, 0 %, 35270 MiB, 38.56 W
2026/09/20 10:38:46.174, 2, 0 %, 0 %, 35270 MiB, 37.15 W
2026/09/20 10:38:51.175, 0, 0 %, 0 %, 35270 MiB, 38.94 W
2026/09/20 10:38:51.175, 1, 0 %, 0 %, 35270 MiB, 38.34 W
2026/09/20 10:38:51.176, 2, 0 %, 0 %, 35270 MiB, 37.23 W
2026/09/20 10:38:56.177, 0, 0 %, 0 %, 35270 MiB, 39.08 W
2026/09/20 10:38:56.178, 1, 0 %, 0 %, 35270 MiB, 38.36 W
2026/09/20 10:38:56.178, 2, 0 %, 0 %, 35270 MiB, 37.26 W
2026/09/20 10:39:01.179, 0, 0 %, 0 %, 35270 MiB, 38.92 W
2026/09/20 10:39:01.179, 1, 0 %, 0 %, 35270 MiB, 38.28 W
2026/09/20 10:39:01.179, 2, 0 %, 0 %, 35270 MiB, 37.18 W
2026/09/20 10:39:06.179, 0, 0 %, 0 %, 35270 MiB, 38.88 W
2026/09/20 10:39:06.180, 1, 0 %, 0 %, 35270 MiB, 38.39 W
2026/09/20 10:39:06.180, 2, 0 %, 0 %, 35270 MiB, 37.18 W
2026/09/20 10:39:11.181, 0, 0 %, 0 %, 35270 MiB, 39.01 W
2026/09/20 10:39:11.181, 1, 0 %, 0 %, 35270 MiB, 38.39 W
2026/09/20 10:39:11.182, 2, 0 %, 0 %, 35270 MiB, 37.28 W
2026/09/20 10:39:16.182, 0, 0 %, 0 %, 35270 MiB, 38.80 W
2026/09/20 10:39:16.183, 1, 0 %, 0 %, 35270 MiB, 38.28 W
2026/09/20 10:39:16.183, 2, 0 %, 0 %, 35270 MiB, 37.38 W
2026/09/20 10:39:21.183, 0, 0 %, 0 %, 35270 MiB, 39.12 W
2026/09/20 10:39:21.185, 1, 0 %, 0 %, 35270 MiB, 38.58 W
2026/09/20 10:39:21.186, 2, 0 %, 0 %, 35270 MiB, 37.39 W
2026/09/20 10:39:26.186, 0, 0 %, 0 %, 35270 MiB, 39.12 W
2026/09/20 10:39:26.187, 1, 0 %, 0 %, 35270 MiB, 38.28 W
2026/09/20 10:39:26.187, 2, 0 %, 0 %, 35270 MiB, 37.39 W
2026/09/20 10:39:31.187, 0, 0 %, 0 %, 35270 MiB, 39.40 W
2026/09/20 10:39:31.188, 1, 0 %, 0 %, 35270 MiB, 38.39 W
2026/09/20 10:39:31.188, 2, 0 %, 0 %, 35270 MiB, 37.70 W
2026/09/20 10:39:36.188, 0, 0 %, 0 %, 35270 MiB, 39.12 W
2026/09/20 10:39:36.189, 1, 0 %, 0 %, 35270 MiB, 38.39 W
2026/09/20 10:39:36.189, 2, 0 %, 0 %, 35270 MiB, 37.49 W
2026/09/20 10:39:41.190, 0, 0 %, 0 %, 35270 MiB, 39.06 W
2026/09/20 10:39:41.190, 1, 0 %, 0 %, 35270 MiB, 38.53 W
2026/09/20 10:39:41.190, 2, 0 %, 0 %, 35270 MiB, 37.44 W
2026/09/20 10:39:46.192, 0, 0 %, 0 %, 35270 MiB, 39.06 W
2026/09/20 10:39:46.192, 1, 0 %, 0 %, 35270 MiB, 38.44 W
2026/09/20 10:39:46.192, 2, 0 %, 0 %, 35270 MiB, 37.24 W
2026/09/20 10:39:51.193, 0, 0 %, 0 %, 35270 MiB, 39.16 W
2026/09/20 10:39:51.194, 1, 0 %, 0 %, 35270 MiB, 38.33 W
2026/09/20 10:39:51.194, 2, 0 %, 0 %, 35270 MiB, 37.44 W
2026/09/20 10:39:56.194, 0, 0 %, 0 %, 35270 MiB, 38.56 W
2026/09/20 10:39:56.195, 1, 0 %, 0 %, 35270 MiB, 38.23 W
2026/09/20 10:39:56.195, 2, 0 %, 0 %, 35270 MiB, 37.14 W
2026/09/20 10:40:01.196, 0, 0 %, 0 %, 35270 MiB, 38.46 W
2026/09/20 10:40:01.196, 1, 0 %, 0 %, 35270 MiB, 38.24 W
2026/09/20 10:40:01.196, 2, 0 %, 0 %, 35270 MiB, 37.14 W
2026/09/20 10:40:06.198, 0, 0 %, 0 %, 35270 MiB, 38.46 W
2026/09/20 10:40:06.198, 1, 0 %, 0 %, 35270 MiB, 38.23 W
2026/09/20 10:40:06.198, 2, 0 %, 0 %, 35270 MiB, 37.14 W
2026/09/20 10:40:11.199, 0, 0 %, 0 %, 35270 MiB, 38.47 W
2026/09/20 10:40:11.199, 1, 0 %, 0 %, 35270 MiB, 38.23 W
2026/09/20 10:40:11.200, 2, 0 %, 0 %, 35270 MiB, 37.14 W
2026/09/20 10:40:16.201, 0, 0 %, 0 %, 35270 MiB, 38.46 W
2026/09/20 10:40:16.201, 1, 0 %, 0 %, 35270 MiB, 38.23 W
2026/09/20 10:40:16.201, 2, 0 %, 0 %, 35270 MiB, 37.04 W
2026/09/20 10:40:21.203, 0, 0 %, 0 %, 35270 MiB, 38.46 W
2026/09/20 10:40:21.203, 1, 0 %, 0 %, 35270 MiB, 38.06 W
2026/09/20 10:40:21.203, 2, 0 %, 0 %, 35270 MiB, 37.15 W
2026/09/20 10:40:26.205, 0, 0 %, 0 %, 35270 MiB, 38.47 W
2026/09/20 10:40:26.205, 1, 0 %, 0 %, 35270 MiB, 38.05 W
2026/09/20 10:40:26.205, 2, 0 %, 0 %, 35270 MiB, 37.06 W
2026/09/20 10:40:31.207, 0, 0 %, 0 %, 35270 MiB, 38.47 W
2026/09/20 10:40:31.208, 1, 0 %, 0 %, 35270 MiB, 38.03 W
2026/09/20 10:40:31.208, 2, 0 %, 0 %, 35270 MiB, 37.14 W
2026/09/20 10:40:36.209, 0, 0 %, 0 %, 35270 MiB, 38.57 W
2026/09/20 10:40:36.209, 1, 0 %, 0 %, 35270 MiB, 38.23 W
2026/09/20 10:40:36.209, 2, 0 %, 0 %, 35270 MiB, 37.15 W
2026/09/20 10:40:41.213, 0, 0 %, 0 %, 35270 MiB, 38.26 W
2026/09/20 10:40:41.213, 1, 0 %, 0 %, 35270 MiB, 38.04 W
2026/09/20 10:40:41.213, 2, 0 %, 0 %, 35270 MiB, 37.14 W
2026/09/20 10:40:46.215, 0, 0 %, 0 %, 35270 MiB, 38.48 W
2026/09/20 10:40:46.215, 1, 0 %, 0 %, 35270 MiB, 38.03 W
2026/09/20 10:40:46.215, 2, 0 %, 0 %, 35270 MiB, 37.14 W
2026/09/20 10:40:51.217, 0, 0 %, 0 %, 35270 MiB, 38.26 W
2026/09/20 10:40:51.217, 1, 0 %, 0 %, 35270 MiB, 38.04 W
2026/09/20 10:40:51.217, 2, 0 %, 0 %, 35270 MiB, 37.15 W
2026/09/20 10:40:56.218, 0, 0 %, 0 %, 35270 MiB, 38.26 W
2026/09/20 10:40:56.218, 1, 0 %, 0 %, 35270 MiB, 38.13 W
2026/09/20 10:40:56.218, 2, 0 %, 0 %, 35270 MiB, 36.94 W
2026/09/20 10:41:01.218, 0, 0 %, 0 %, 35270 MiB, 38.26 W
2026/09/20 10:41:01.219, 1, 0 %, 0 %, 35270 MiB, 38.03 W
2026/09/20 10:41:01.219, 2, 0 %, 0 %, 35270 MiB, 36.95 W
2026/09/20 10:41:06.220, 0, 0 %, 0 %, 35270 MiB, 38.47 W
2026/09/20 10:41:06.220, 1, 0 %, 0 %, 35270 MiB, 38.24 W
2026/09/20 10:41:06.220, 2, 0 %, 0 %, 35270 MiB, 37.14 W
2026/09/20 10:41:11.222, 0, 0 %, 0 %, 35270 MiB, 38.36 W
2026/09/20 10:41:11.222, 1, 0 %, 0 %, 35270 MiB, 38.23 W
2026/09/20 10:41:11.223, 2, 0 %, 0 %, 35270 MiB, 37.04 W
2026/09/20 10:41:16.224, 0, 0 %, 0 %, 35270 MiB, 38.58 W
2026/09/20 10:41:16.224, 1, 0 %, 0 %, 35270 MiB, 37.96 W
2026/09/20 10:41:16.225, 2, 0 %, 0 %, 35270 MiB, 36.96 W
2026/09/20 10:41:21.225, 0, 0 %, 0 %, 35270 MiB, 38.26 W
2026/09/20 10:41:21.226, 1, 0 %, 0 %, 35270 MiB, 38.06 W
2026/09/20 10:41:21.226, 2, 0 %, 0 %, 35270 MiB, 36.96 W
2026/09/20 10:41:26.227, 0, 0 %, 0 %, 35270 MiB, 38.75 W
2026/09/20 10:41:26.227, 1, 0 %, 0 %, 35270 MiB, 38.03 W
2026/09/20 10:41:26.227, 2, 0 %, 0 %, 35270 MiB, 37.14 W
2026/09/20 10:41:31.228, 0, 0 %, 0 %, 35270 MiB, 38.65 W
2026/09/20 10:41:31.229, 1, 0 %, 0 %, 35270 MiB, 38.03 W
2026/09/20 10:41:31.229, 2, 0 %, 0 %, 35270 MiB, 36.94 W
2026/09/20 10:41:36.230, 0, 0 %, 0 %, 35270 MiB, 38.65 W
2026/09/20 10:41:36.230, 1, 0 %, 0 %, 35270 MiB, 37.93 W
2026/09/20 10:41:36.230, 2, 0 %, 0 %, 35270 MiB, 36.94 W
2026/09/20 10:41:41.231, 0, 0 %, 0 %, 35270 MiB, 38.76 W
2026/09/20 10:41:41.232, 1, 0 %, 0 %, 35270 MiB, 37.84 W
2026/09/20 10:41:41.232, 2, 0 %, 0 %, 35270 MiB, 37.04 W
2026/09/20 10:41:46.233, 0, 0 %, 0 %, 35270 MiB, 38.46 W
2026/09/20 10:41:46.233, 1, 0 %, 0 %, 35270 MiB, 38.03 W
2026/09/20 10:41:46.233, 2, 0 %, 0 %, 35270 MiB, 37.14 W
2026/09/20 10:41:51.235, 0, 0 %, 0 %, 35270 MiB, 38.57 W
2026/09/20 10:41:51.235, 1, 0 %, 0 %, 35270 MiB, 38.03 W
2026/09/20 10:41:51.235, 2, 0 %, 0 %, 35270 MiB, 37.04 W
2026/09/20 10:41:56.236, 0, 0 %, 0 %, 35270 MiB, 38.56 W
2026/09/20 10:41:56.237, 1, 0 %, 0 %, 35270 MiB, 37.94 W
2026/09/20 10:41:56.237, 2, 0 %, 0 %, 35270 MiB, 37.04 W
2026/09/20 10:42:01.238, 0, 0 %, 0 %, 35270 MiB, 38.89 W
2026/09/20 10:42:01.238, 1, 0 %, 0 %, 35270 MiB, 37.96 W
2026/09/20 10:42:01.238, 2, 0 %, 0 %, 35270 MiB, 36.96 W
2026/09/20 10:42:06.240, 0, 0 %, 0 %, 35270 MiB, 38.68 W
2026/09/20 10:42:06.240, 1, 0 %, 0 %, 35270 MiB, 38.25 W
2026/09/20 10:42:06.240, 2, 5 %, 0 %, 35270 MiB, 37.06 W
2026/09/20 10:42:11.240, 0, 0 %, 0 %, 35270 MiB, 38.71 W
2026/09/20 10:42:11.241, 1, 0 %, 0 %, 35270 MiB, 38.08 W
2026/09/20 10:42:11.241, 2, 0 %, 0 %, 35270 MiB, 37.09 W
2026/09/20 10:42:16.241, 0, 0 %, 0 %, 35270 MiB, 38.71 W
2026/09/20 10:42:16.242, 1, 0 %, 0 %, 35270 MiB, 38.19 W
2026/09/20 10:42:16.242, 2, 0 %, 0 %, 35270 MiB, 37.09 W
2026/09/20 10:42:21.242, 0, 0 %, 0 %, 35270 MiB, 39.12 W
2026/09/20 10:42:21.242, 1, 0 %, 0 %, 35270 MiB, 38.18 W
2026/09/20 10:42:21.242, 2, 0 %, 0 %, 35270 MiB, 37.39 W
2026/09/20 10:42:26.243, 0, 0 %, 0 %, 35270 MiB, 38.92 W
2026/09/20 10:42:26.243, 1, 0 %, 0 %, 35270 MiB, 38.28 W
2026/09/20 10:42:26.243, 2, 0 %, 0 %, 35270 MiB, 37.18 W
2026/09/20 10:42:31.243, 0, 99 %, 7 %, 35270 MiB, 93.49 W
2026/09/20 10:42:31.244, 1, 100 %, 6 %, 35270 MiB, 91.23 W
2026/09/20 10:42:31.244, 2, 100 %, 7 %, 35270 MiB, 94.96 W
2026/09/20 10:42:36.244, 0, 100 %, 7 %, 35270 MiB, 92.13 W
2026/09/20 10:42:36.245, 1, 100 %, 7 %, 35270 MiB, 94.67 W
2026/09/20 10:42:36.245, 2, 100 %, 6 %, 35270 MiB, 92.69 W
2026/09/20 10:42:41.245, 0, 100 %, 6 %, 35270 MiB, 94.36 W
2026/09/20 10:42:41.245, 1, 100 %, 7 %, 35270 MiB, 98.75 W
2026/09/20 10:42:41.245, 2, 100 %, 7 %, 35270 MiB, 93.12 W
2026/09/20 10:42:46.246, 0, 100 %, 7 %, 35270 MiB, 93.37 W
2026/09/20 10:42:46.246, 1, 100 %, 7 %, 35270 MiB, 94.86 W
2026/09/20 10:42:46.246, 2, 100 %, 6 %, 35270 MiB, 90.16 W
2026/09/20 10:42:51.246, 0, 100 %, 6 %, 35270 MiB, 95.96 W
2026/09/20 10:42:51.247, 1, 100 %, 7 %, 35270 MiB, 101.20 W
2026/09/20 10:42:51.247, 2, 100 %, 6 %, 35270 MiB, 93.45 W
2026/09/20 10:42:56.247, 0, 100 %, 6 %, 35270 MiB, 93.50 W
2026/09/20 10:42:56.247, 1, 100 %, 11 %, 35270 MiB, 96.92 W
2026/09/20 10:42:56.247, 2, 100 %, 10 %, 35270 MiB, 95.35 W
2026/09/20 10:43:01.248, 0, 100 %, 6 %, 35270 MiB, 93.14 W
2026/09/20 10:43:01.248, 1, 99 %, 7 %, 35270 MiB, 97.60 W
2026/09/20 10:43:01.248, 2, 100 %, 7 %, 35270 MiB, 92.57 W
2026/09/20 10:43:06.248, 0, 100 %, 7 %, 35270 MiB, 101.68 W
2026/09/20 10:43:06.249, 1, 100 %, 7 %, 35270 MiB, 95.19 W
2026/09/20 10:43:06.249, 2, 100 %, 7 %, 35270 MiB, 93.43 W
2026/09/20 10:43:11.249, 0, 100 %, 7 %, 35270 MiB, 93.72 W
2026/09/20 10:43:11.249, 1, 100 %, 7 %, 35270 MiB, 93.41 W
2026/09/20 10:43:11.249, 2, 99 %, 7 %, 35270 MiB, 97.46 W
2026/09/20 10:43:16.250, 0, 99 %, 6 %, 35270 MiB, 102.34 W
2026/09/20 10:43:16.250, 1, 100 %, 7 %, 35270 MiB, 96.85 W
2026/09/20 10:43:16.250, 2, 100 %, 7 %, 35270 MiB, 95.31 W
2026/09/20 10:43:21.250, 0, 100 %, 7 %, 35270 MiB, 93.84 W
2026/09/20 10:43:21.251, 1, 100 %, 7 %, 35270 MiB, 95.93 W
2026/09/20 10:43:21.251, 2, 100 %, 7 %, 35270 MiB, 97.91 W
2026/09/20 10:43:26.251, 0, 100 %, 7 %, 35270 MiB, 97.32 W
2026/09/20 10:43:26.251, 1, 100 %, 7 %, 35270 MiB, 99.00 W
2026/09/20 10:43:26.251, 2, 100 %, 7 %, 35270 MiB, 100.81 W
2026/09/20 10:43:31.252, 0, 100 %, 7 %, 35270 MiB, 106.21 W
2026/09/20 10:43:31.252, 1, 100 %, 7 %, 35270 MiB, 103.84 W
2026/09/20 10:43:31.252, 2, 100 %, 7 %, 35270 MiB, 96.64 W
2026/09/20 10:43:36.252, 0, 100 %, 7 %, 35270 MiB, 98.71 W
2026/09/20 10:43:36.252, 1, 100 %, 10 %, 35270 MiB, 103.55 W
2026/09/20 10:43:36.252, 2, 100 %, 7 %, 35270 MiB, 98.90 W
2026/09/20 10:43:41.253, 0, 100 %, 7 %, 35270 MiB, 96.24 W
2026/09/20 10:43:41.253, 1, 100 %, 7 %, 35270 MiB, 98.20 W
2026/09/20 10:43:41.253, 2, 100 %, 6 %, 35270 MiB, 96.36 W
2026/09/20 10:43:46.254, 0, 100 %, 7 %, 35270 MiB, 98.51 W
2026/09/20 10:43:46.254, 1, 100 %, 10 %, 35270 MiB, 98.04 W
2026/09/20 10:43:46.254, 2, 100 %, 11 %, 35270 MiB, 98.67 W
2026/09/20 10:43:51.254, 0, 100 %, 7 %, 35270 MiB, 97.58 W
2026/09/20 10:43:51.254, 1, 100 %, 11 %, 35270 MiB, 93.80 W
2026/09/20 10:43:51.254, 2, 100 %, 7 %, 35270 MiB, 98.28 W
2026/09/20 10:43:56.255, 0, 100 %, 6 %, 35270 MiB, 97.35 W
2026/09/20 10:43:56.255, 1, 99 %, 11 %, 35270 MiB, 94.21 W
2026/09/20 10:43:56.255, 2, 100 %, 11 %, 35270 MiB, 97.69 W
2026/09/20 10:44:01.255, 0, 100 %, 7 %, 35270 MiB, 96.12 W
2026/09/20 10:44:01.256, 1, 99 %, 7 %, 35270 MiB, 100.30 W
2026/09/20 10:44:01.256, 2, 100 %, 7 %, 35270 MiB, 100.00 W
2026/09/20 10:44:06.256, 0, 100 %, 7 %, 35270 MiB, 99.87 W
2026/09/20 10:44:06.256, 1, 100 %, 7 %, 35270 MiB, 101.44 W
2026/09/20 10:44:06.256, 2, 100 %, 7 %, 35270 MiB, 98.70 W
2026/09/20 10:44:11.257, 0, 100 %, 7 %, 35270 MiB, 98.45 W
2026/09/20 10:44:11.257, 1, 100 %, 6 %, 35270 MiB, 96.63 W
2026/09/20 10:44:11.257, 2, 100 %, 7 %, 35270 MiB, 99.65 W
2026/09/20 10:44:16.257, 0, 100 %, 7 %, 35270 MiB, 96.55 W
2026/09/20 10:44:16.258, 1, 100 %, 7 %, 35270 MiB, 104.77 W
2026/09/20 10:44:16.258, 2, 100 %, 7 %, 35270 MiB, 99.69 W
2026/09/20 10:44:21.258, 0, 100 %, 7 %, 35270 MiB, 96.49 W
2026/09/20 10:44:21.258, 1, 100 %, 7 %, 35270 MiB, 101.70 W
2026/09/20 10:44:21.258, 2, 100 %, 7 %, 35270 MiB, 100.04 W
2026/09/20 10:44:26.259, 0, 100 %, 7 %, 35270 MiB, 102.24 W
2026/09/20 10:44:26.259, 1, 100 %, 7 %, 35270 MiB, 102.14 W
2026/09/20 10:44:26.259, 2, 100 %, 7 %, 35270 MiB, 102.29 W
2026/09/20 10:44:31.260, 0, 100 %, 11 %, 35270 MiB, 161.58 W
2026/09/20 10:44:31.260, 1, 100 %, 7 %, 35270 MiB, 96.11 W
2026/09/20 10:44:31.260, 2, 100 %, 7 %, 35270 MiB, 103.29 W
2026/09/20 10:44:36.260, 0, 100 %, 7 %, 35270 MiB, 102.25 W
2026/09/20 10:44:36.261, 1, 100 %, 7 %, 35270 MiB, 101.61 W
2026/09/20 10:44:36.261, 2, 100 %, 7 %, 35270 MiB, 101.44 W
2026/09/20 10:44:41.261, 0, 100 %, 7 %, 35270 MiB, 104.56 W
2026/09/20 10:44:41.261, 1, 100 %, 7 %, 35270 MiB, 104.34 W
2026/09/20 10:44:41.261, 2, 100 %, 7 %, 35270 MiB, 99.75 W
2026/09/20 10:44:46.262, 0, 100 %, 11 %, 35270 MiB, 104.00 W
2026/09/20 10:44:46.262, 1, 100 %, 11 %, 35270 MiB, 101.26 W
2026/09/20 10:44:46.262, 2, 100 %, 7 %, 35270 MiB, 99.03 W
2026/09/20 10:44:51.262, 0, 100 %, 11 %, 35270 MiB, 104.75 W
2026/09/20 10:44:51.263, 1, 100 %, 7 %, 35270 MiB, 102.49 W
2026/09/20 10:44:51.263, 2, 100 %, 7 %, 35270 MiB, 101.54 W
2026/09/20 10:44:56.263, 0, 100 %, 7 %, 35270 MiB, 100.79 W
2026/09/20 10:44:56.263, 1, 100 %, 11 %, 35270 MiB, 101.01 W
2026/09/20 10:44:56.263, 2, 100 %, 7 %, 35270 MiB, 98.90 W
2026/09/20 10:45:01.264, 0, 100 %, 7 %, 35270 MiB, 99.11 W
2026/09/20 10:45:01.264, 1, 100 %, 7 %, 35270 MiB, 98.97 W
2026/09/20 10:45:01.264, 2, 100 %, 11 %, 35270 MiB, 100.62 W
2026/09/20 10:45:06.264, 0, 100 %, 11 %, 35270 MiB, 102.95 W
2026/09/20 10:45:06.265, 1, 100 %, 7 %, 35270 MiB, 104.67 W
2026/09/20 10:45:06.265, 2, 100 %, 7 %, 35270 MiB, 99.69 W
2026/09/20 10:45:11.265, 0, 100 %, 9 %, 35270 MiB, 103.19 W
2026/09/20 10:45:11.265, 1, 100 %, 7 %, 35270 MiB, 125.07 W
2026/09/20 10:45:11.265, 2, 100 %, 7 %, 35270 MiB, 99.46 W
2026/09/20 10:45:16.266, 0, 100 %, 7 %, 35270 MiB, 102.01 W
2026/09/20 10:45:16.266, 1, 100 %, 11 %, 35270 MiB, 101.01 W
2026/09/20 10:45:16.266, 2, 100 %, 7 %, 35270 MiB, 104.47 W
2026/09/20 10:45:21.267, 0, 100 %, 7 %, 35270 MiB, 97.32 W
2026/09/20 10:45:21.267, 1, 100 %, 11 %, 35270 MiB, 104.55 W
2026/09/20 10:45:21.268, 2, 100 %, 7 %, 35270 MiB, 101.67 W
2026/09/20 10:45:26.268, 0, 100 %, 7 %, 35270 MiB, 103.79 W
2026/09/20 10:45:26.268, 1, 100 %, 11 %, 35270 MiB, 183.44 W
2026/09/20 10:45:26.268, 2, 100 %, 7 %, 35270 MiB, 100.57 W
2026/09/20 10:45:31.269, 0, 100 %, 6 %, 35270 MiB, 103.32 W
2026/09/20 10:45:31.269, 1, 100 %, 10 %, 35270 MiB, 98.83 W
2026/09/20 10:45:31.269, 2, 100 %, 7 %, 35270 MiB, 101.45 W
2026/09/20 10:45:36.269, 0, 100 %, 7 %, 35270 MiB, 104.63 W
2026/09/20 10:45:36.270, 1, 100 %, 7 %, 35270 MiB, 105.00 W
2026/09/20 10:45:36.270, 2, 100 %, 15 %, 35270 MiB, 93.93 W
2026/09/20 10:45:41.270, 0, 0 %, 0 %, 35270 MiB, 75.10 W
2026/09/20 10:45:41.270, 1, 100 %, 14 %, 35270 MiB, 93.74 W
2026/09/20 10:45:41.270, 2, 0 %, 0 %, 35270 MiB, 44.00 W
2026/09/20 10:45:46.272, 0, 0 %, 0 %, 35270 MiB, 45.91 W
2026/09/20 10:45:46.272, 1, 0 %, 0 %, 35270 MiB, 45.87 W
2026/09/20 10:45:46.273, 2, 0 %, 0 %, 35270 MiB, 43.12 W
2026/09/20 10:45:51.274, 0, 0 %, 0 %, 35270 MiB, 45.47 W
2026/09/20 10:45:51.274, 1, 0 %, 0 %, 35270 MiB, 44.93 W
2026/09/20 10:45:51.274, 2, 0 %, 0 %, 35270 MiB, 42.81 W
2026/09/20 10:45:56.276, 0, 0 %, 0 %, 35270 MiB, 45.17 W
2026/09/20 10:45:56.276, 1, 0 %, 0 %, 35270 MiB, 44.64 W
2026/09/20 10:45:56.276, 2, 0 %, 0 %, 35270 MiB, 42.67 W
2026/09/20 10:46:01.278, 0, 0 %, 0 %, 35270 MiB, 44.10 W
2026/09/20 10:46:01.278, 1, 0 %, 0 %, 35270 MiB, 43.68 W
2026/09/20 10:46:01.278, 2, 0 %, 0 %, 35270 MiB, 42.21 W
2026/09/20 10:46:06.279, 0, 0 %, 0 %, 35270 MiB, 43.62 W
2026/09/20 10:46:06.279, 1, 0 %, 0 %, 35270 MiB, 42.90 W
2026/09/20 10:46:06.279, 2, 0 %, 0 %, 35270 MiB, 41.72 W
2026/09/20 10:46:11.280, 0, 0 %, 0 %, 35270 MiB, 43.23 W
2026/09/20 10:46:11.280, 1, 0 %, 0 %, 35270 MiB, 42.70 W
2026/09/20 10:46:11.281, 2, 0 %, 0 %, 35270 MiB, 41.22 W
2026/09/20 10:46:16.281, 0, 0 %, 0 %, 35270 MiB, 42.81 W
2026/09/20 10:46:16.282, 1, 0 %, 0 %, 35270 MiB, 42.19 W
2026/09/20 10:46:16.282, 2, 0 %, 0 %, 35270 MiB, 41.31 W
2026/09/20 10:46:21.283, 0, 0 %, 0 %, 35270 MiB, 42.62 W
2026/09/20 10:46:21.283, 1, 0 %, 0 %, 35270 MiB, 42.39 W
2026/09/20 10:46:21.283, 2, 0 %, 0 %, 35270 MiB, 40.82 W
2026/09/20 10:46:26.285, 0, 0 %, 0 %, 35270 MiB, 42.42 W
2026/09/20 10:46:26.285, 1, 0 %, 0 %, 35270 MiB, 42.19 W
2026/09/20 10:46:26.285, 2, 0 %, 0 %, 35270 MiB, 40.73 W
2026/09/20 10:46:31.287, 0, 0 %, 0 %, 35270 MiB, 42.62 W
2026/09/20 10:46:31.287, 1, 0 %, 0 %, 35270 MiB, 42.09 W
2026/09/20 10:46:31.287, 2, 0 %, 0 %, 35270 MiB, 40.43 W
2026/09/20 10:46:36.289, 0, 0 %, 0 %, 35270 MiB, 42.63 W
2026/09/20 10:46:36.289, 1, 0 %, 0 %, 35270 MiB, 42.39 W
2026/09/20 10:46:36.290, 2, 0 %, 0 %, 35270 MiB, 40.53 W
2026/09/20 10:46:41.291, 0, 0 %, 0 %, 35270 MiB, 42.13 W
2026/09/20 10:46:41.302, 1, 0 %, 0 %, 35270 MiB, 41.79 W
2026/09/20 10:46:41.302, 2, 0 %, 0 %, 35270 MiB, 40.22 W
2026/09/20 10:46:46.304, 0, 0 %, 0 %, 35270 MiB, 42.33 W
2026/09/20 10:46:46.304, 1, 0 %, 0 %, 35270 MiB, 41.99 W
2026/09/20 10:46:46.304, 2, 0 %, 0 %, 35270 MiB, 40.03 W
2026/09/20 10:46:51.306, 0, 0 %, 0 %, 35270 MiB, 42.32 W
2026/09/20 10:46:51.306, 1, 0 %, 0 %, 35270 MiB, 41.50 W
2026/09/20 10:46:51.306, 2, 0 %, 0 %, 35270 MiB, 39.82 W
2026/09/20 10:46:56.308, 0, 0 %, 0 %, 35270 MiB, 42.03 W
2026/09/20 10:46:56.308, 1, 0 %, 0 %, 35270 MiB, 41.79 W
2026/09/20 10:46:56.309, 2, 0 %, 0 %, 35270 MiB, 39.82 W
2026/09/20 10:47:01.310, 0, 0 %, 0 %, 35270 MiB, 41.83 W
2026/09/20 10:47:01.310, 1, 0 %, 0 %, 35270 MiB, 41.31 W
2026/09/20 10:47:01.311, 2, 0 %, 0 %, 35270 MiB, 39.72 W
2026/09/20 10:47:06.312, 0, 0 %, 0 %, 35270 MiB, 41.83 W
2026/09/20 10:47:06.312, 1, 0 %, 0 %, 35270 MiB, 41.31 W
2026/09/20 10:47:06.313, 2, 0 %, 0 %, 35270 MiB, 39.72 W
2026/09/20 10:47:11.314, 0, 0 %, 0 %, 35270 MiB, 41.93 W
2026/09/20 10:47:11.314, 1, 0 %, 0 %, 35270 MiB, 41.40 W
2026/09/20 10:47:11.315, 2, 0 %, 0 %, 35270 MiB, 39.82 W
2026/09/20 10:47:16.316, 0, 0 %, 0 %, 35270 MiB, 41.33 W
2026/09/20 10:47:16.316, 1, 0 %, 0 %, 35270 MiB, 41.21 W
2026/09/20 10:47:16.316, 2, 0 %, 0 %, 35270 MiB, 39.53 W
2026/09/20 10:47:21.318, 0, 0 %, 0 %, 35270 MiB, 41.54 W
2026/09/20 10:47:21.318, 1, 0 %, 0 %, 35270 MiB, 40.61 W
2026/09/20 10:47:21.318, 2, 0 %, 0 %, 35270 MiB, 39.33 W
2026/09/20 10:47:26.320, 0, 0 %, 0 %, 35270 MiB, 41.44 W
2026/09/20 10:47:26.320, 1, 0 %, 0 %, 35270 MiB, 40.81 W
2026/09/20 10:47:26.321, 2, 0 %, 0 %, 35270 MiB, 39.35 W
2026/09/20 10:47:31.322, 0, 0 %, 0 %, 35270 MiB, 41.14 W
2026/09/20 10:47:31.322, 1, 0 %, 0 %, 35270 MiB, 40.51 W
2026/09/20 10:47:31.322, 2, 0 %, 0 %, 35270 MiB, 39.33 W
2026/09/20 10:47:36.324, 0, 0 %, 0 %, 35270 MiB, 40.94 W
2026/09/20 10:47:36.324, 1, 0 %, 0 %, 35270 MiB, 40.71 W
2026/09/20 10:47:36.324, 2, 0 %, 0 %, 35270 MiB, 38.95 W
2026/09/20 10:47:41.325, 0, 0 %, 0 %, 35270 MiB, 40.98 W
2026/09/20 10:47:41.326, 1, 0 %, 0 %, 35270 MiB, 40.64 W
2026/09/20 10:47:41.326, 2, 0 %, 0 %, 35270 MiB, 38.86 W
2026/09/20 10:47:46.327, 0, 0 %, 0 %, 35270 MiB, 41.09 W
2026/09/20 10:47:46.327, 1, 0 %, 0 %, 35270 MiB, 40.37 W
2026/09/20 10:47:46.327, 2, 0 %, 0 %, 35270 MiB, 38.78 W
2026/09/20 10:47:51.327, 0, 0 %, 0 %, 35270 MiB, 40.69 W
2026/09/20 10:47:51.327, 1, 0 %, 0 %, 35270 MiB, 40.16 W
2026/09/20 10:47:51.327, 2, 0 %, 0 %, 35270 MiB, 38.78 W
2026/09/20 10:47:56.329, 0, 0 %, 0 %, 35270 MiB, 40.65 W
2026/09/20 10:47:56.330, 1, 0 %, 0 %, 35270 MiB, 40.42 W
2026/09/20 10:47:56.330, 2, 0 %, 0 %, 35270 MiB, 38.96 W
2026/09/20 10:48:01.331, 0, 0 %, 0 %, 35270 MiB, 40.72 W
2026/09/20 10:48:01.332, 1, 0 %, 0 %, 35270 MiB, 40.51 W
2026/09/20 10:48:01.332, 2, 0 %, 0 %, 35270 MiB, 38.94 W
2026/09/20 10:48:06.333, 0, 0 %, 0 %, 35270 MiB, 40.73 W
2026/09/20 10:48:06.333, 1, 0 %, 0 %, 35270 MiB, 40.42 W
2026/09/20 10:48:06.334, 2, 0 %, 0 %, 35270 MiB, 39.03 W
2026/09/20 10:48:11.335, 0, 0 %, 0 %, 35270 MiB, 40.85 W
2026/09/20 10:48:11.335, 1, 0 %, 0 %, 35270 MiB, 39.74 W
2026/09/20 10:48:11.336, 2, 0 %, 0 %, 35270 MiB, 38.96 W
2026/09/20 10:48:16.337, 0, 0 %, 0 %, 35270 MiB, 40.94 W
2026/09/20 10:48:16.337, 1, 0 %, 0 %, 35270 MiB, 39.61 W
2026/09/20 10:48:16.337, 2, 0 %, 0 %, 35270 MiB, 38.73 W
2026/09/20 10:48:21.339, 0, 0 %, 0 %, 35270 MiB, 41.04 W
2026/09/20 10:48:21.339, 1, 0 %, 0 %, 35270 MiB, 39.81 W
2026/09/20 10:48:21.339, 2, 0 %, 0 %, 35270 MiB, 38.73 W
2026/09/20 10:48:26.341, 0, 0 %, 0 %, 35270 MiB, 40.87 W
2026/09/20 10:48:26.341, 1, 0 %, 0 %, 35270 MiB, 39.65 W
2026/09/20 10:48:26.341, 2, 0 %, 0 %, 35270 MiB, 38.75 W
2026/09/20 10:48:31.342, 0, 0 %, 0 %, 35270 MiB, 40.49 W
2026/09/20 10:48:31.342, 1, 0 %, 0 %, 35270 MiB, 39.56 W
2026/09/20 10:48:31.343, 2, 0 %, 0 %, 35270 MiB, 38.78 W
2026/09/20 10:48:36.350, 0, 0 %, 0 %, 35270 MiB, 40.55 W
2026/09/20 10:48:36.351, 1, 0 %, 0 %, 35270 MiB, 39.41 W
2026/09/20 10:48:36.351, 2, 0 %, 0 %, 35270 MiB, 38.76 W
2026/09/20 10:48:41.352, 0, 0 %, 0 %, 35270 MiB, 40.76 W
2026/09/20 10:48:41.352, 1, 0 %, 0 %, 35270 MiB, 39.51 W
2026/09/20 10:48:41.353, 2, 0 %, 0 %, 35270 MiB, 38.63 W
2026/09/20 10:48:46.354, 0, 0 %, 0 %, 35270 MiB, 40.44 W
2026/09/20 10:48:46.355, 1, 0 %, 0 %, 35270 MiB, 39.41 W
2026/09/20 10:48:46.355, 2, 0 %, 0 %, 35270 MiB, 38.63 W
2026/09/20 10:48:51.356, 0, 0 %, 0 %, 35270 MiB, 40.44 W
2026/09/20 10:48:51.356, 1, 0 %, 0 %, 35270 MiB, 39.51 W
2026/09/20 10:48:51.356, 2, 0 %, 0 %, 35270 MiB, 38.53 W
2026/09/20 10:48:56.357, 0, 0 %, 0 %, 35270 MiB, 40.65 W
2026/09/20 10:48:56.358, 1, 0 %, 0 %, 35270 MiB, 39.94 W
2026/09/20 10:48:56.358, 2, 0 %, 0 %, 35270 MiB, 38.45 W
2026/09/20 10:49:01.358, 0, 0 %, 0 %, 35270 MiB, 40.48 W
2026/09/20 10:49:01.359, 1, 0 %, 0 %, 35270 MiB, 39.34 W
2026/09/20 10:49:01.359, 2, 0 %, 0 %, 35270 MiB, 38.66 W
2026/09/20 10:49:06.359, 0, 0 %, 0 %, 35270 MiB, 40.47 W
2026/09/20 10:49:06.360, 1, 0 %, 0 %, 35270 MiB, 39.74 W
2026/09/20 10:49:06.360, 2, 0 %, 0 %, 35270 MiB, 38.45 W
2026/09/20 10:49:11.360, 0, 0 %, 0 %, 35270 MiB, 40.06 W
2026/09/20 10:49:11.360, 1, 0 %, 0 %, 35270 MiB, 39.63 W
2026/09/20 10:49:11.361, 2, 0 %, 0 %, 35270 MiB, 38.45 W
2026/09/20 10:49:16.362, 0, 0 %, 0 %, 35270 MiB, 40.23 W
2026/09/20 10:49:16.362, 1, 0 %, 0 %, 35270 MiB, 39.72 W
2026/09/20 10:49:16.362, 2, 0 %, 0 %, 35270 MiB, 38.44 W
2026/09/20 10:49:21.364, 0, 0 %, 0 %, 35270 MiB, 40.44 W
2026/09/20 10:49:21.364, 1, 0 %, 0 %, 35270 MiB, 39.12 W
2026/09/20 10:49:21.364, 2, 0 %, 0 %, 35270 MiB, 38.73 W
2026/09/20 10:49:26.365, 0, 0 %, 0 %, 35270 MiB, 40.27 W
2026/09/20 10:49:26.366, 1, 0 %, 0 %, 35270 MiB, 39.44 W
2026/09/20 10:49:26.366, 2, 0 %, 0 %, 35270 MiB, 38.36 W
2026/09/20 10:49:31.366, 0, 0 %, 0 %, 35270 MiB, 40.29 W
2026/09/20 10:49:31.367, 1, 0 %, 0 %, 35270 MiB, 39.54 W
2026/09/20 10:49:31.367, 2, 0 %, 0 %, 35270 MiB, 38.28 W
2026/09/20 10:49:36.367, 0, 0 %, 0 %, 35270 MiB, 40.19 W
2026/09/20 10:49:36.368, 1, 0 %, 0 %, 35270 MiB, 39.37 W
2026/09/20 10:49:36.368, 2, 0 %, 0 %, 35270 MiB, 38.29 W
2026/09/20 10:49:41.368, 0, 0 %, 0 %, 35270 MiB, 40.04 W
2026/09/20 10:49:41.369, 1, 0 %, 0 %, 35270 MiB, 39.33 W
2026/09/20 10:49:41.369, 2, 0 %, 0 %, 35270 MiB, 38.53 W
2026/09/20 10:49:46.369, 0, 0 %, 0 %, 35270 MiB, 40.05 W
2026/09/20 10:49:46.370, 1, 0 %, 0 %, 35270 MiB, 39.32 W
2026/09/20 10:49:46.370, 2, 0 %, 0 %, 35270 MiB, 38.44 W
2026/09/20 10:49:51.371, 0, 0 %, 0 %, 35270 MiB, 40.13 W
2026/09/20 10:49:51.372, 1, 0 %, 0 %, 35270 MiB, 39.41 W
2026/09/20 10:49:51.372, 2, 0 %, 0 %, 35270 MiB, 38.23 W
2026/09/20 10:49:56.376, 0, 0 %, 0 %, 35270 MiB, 40.05 W
2026/09/20 10:49:56.377, 1, 0 %, 0 %, 35270 MiB, 39.32 W
2026/09/20 10:49:56.377, 2, 0 %, 0 %, 35270 MiB, 38.16 W
2026/09/20 10:50:01.378, 0, 0 %, 0 %, 35270 MiB, 40.05 W
2026/09/20 10:50:01.378, 1, 0 %, 0 %, 35270 MiB, 39.31 W
2026/09/20 10:50:01.379, 2, 0 %, 0 %, 35270 MiB, 38.35 W
2026/09/20 10:50:06.379, 0, 0 %, 0 %, 35270 MiB, 39.97 W
2026/09/20 10:50:06.380, 1, 0 %, 0 %, 35270 MiB, 39.46 W
2026/09/20 10:50:06.380, 2, 0 %, 0 %, 35270 MiB, 38.07 W
2026/09/20 10:50:11.380, 0, 0 %, 0 %, 35270 MiB, 40.27 W
2026/09/20 10:50:11.381, 1, 0 %, 0 %, 35270 MiB, 38.95 W
2026/09/20 10:50:11.381, 2, 0 %, 0 %, 35270 MiB, 38.18 W
2026/09/20 10:50:16.387, 0, 0 %, 0 %, 35270 MiB, 39.94 W
2026/09/20 10:50:16.387, 1, 0 %, 0 %, 35270 MiB, 39.22 W
2026/09/20 10:50:16.388, 2, 0 %, 0 %, 35270 MiB, 38.15 W
2026/09/20 10:50:21.389, 0, 0 %, 0 %, 35270 MiB, 40.04 W
2026/09/20 10:50:21.389, 1, 0 %, 0 %, 35270 MiB, 38.92 W
2026/09/20 10:50:21.389, 2, 0 %, 0 %, 35270 MiB, 38.14 W
2026/09/20 10:50:26.391, 0, 0 %, 0 %, 35270 MiB, 40.05 W
2026/09/20 10:50:26.391, 1, 0 %, 0 %, 35270 MiB, 39.13 W
2026/09/20 10:50:26.392, 2, 0 %, 0 %, 35270 MiB, 38.06 W
2026/09/20 10:50:31.393, 0, 0 %, 0 %, 35270 MiB, 40.04 W
2026/09/20 10:50:31.394, 1, 0 %, 0 %, 35270 MiB, 39.02 W
2026/09/20 10:50:31.394, 2, 0 %, 0 %, 35270 MiB, 38.04 W
2026/09/20 10:50:36.395, 0, 0 %, 0 %, 35270 MiB, 39.95 W
2026/09/20 10:50:36.395, 1, 0 %, 0 %, 35270 MiB, 39.03 W
2026/09/20 10:50:36.395, 2, 0 %, 0 %, 35270 MiB, 38.24 W
2026/09/20 10:50:41.396, 0, 0 %, 0 %, 35270 MiB, 40.07 W
2026/09/20 10:50:41.397, 1, 0 %, 0 %, 35270 MiB, 38.95 W
2026/09/20 10:50:41.397, 2, 0 %, 0 %, 35270 MiB, 38.07 W
2026/09/20 10:50:46.398, 0, 0 %, 0 %, 35270 MiB, 39.74 W
2026/09/20 10:50:46.398, 1, 0 %, 0 %, 35270 MiB, 39.12 W
2026/09/20 10:50:46.398, 2, 0 %, 0 %, 35270 MiB, 38.04 W
2026/09/20 10:50:51.400, 0, 0 %, 0 %, 35270 MiB, 39.94 W
2026/09/20 10:50:51.400, 1, 0 %, 0 %, 35270 MiB, 38.92 W
2026/09/20 10:50:51.400, 2, 0 %, 0 %, 35270 MiB, 38.16 W
2026/09/20 10:50:56.401, 0, 0 %, 0 %, 35270 MiB, 39.74 W
2026/09/20 10:50:56.402, 1, 0 %, 0 %, 35270 MiB, 38.73 W
2026/09/20 10:50:56.402, 2, 0 %, 0 %, 35270 MiB, 38.14 W
2026/09/20 10:51:01.403, 0, 0 %, 0 %, 35270 MiB, 39.85 W
2026/09/20 10:51:01.403, 1, 0 %, 0 %, 35270 MiB, 39.22 W
2026/09/20 10:51:01.404, 2, 0 %, 0 %, 35270 MiB, 38.04 W
2026/09/20 10:51:06.404, 0, 0 %, 0 %, 35270 MiB, 39.73 W
2026/09/20 10:51:06.405, 1, 0 %, 0 %, 35270 MiB, 39.02 W
2026/09/20 10:51:06.405, 2, 0 %, 0 %, 35270 MiB, 37.84 W
2026/09/20 10:51:11.406, 0, 0 %, 0 %, 35270 MiB, 39.74 W
2026/09/20 10:51:11.407, 1, 0 %, 0 %, 35270 MiB, 38.92 W
2026/09/20 10:51:11.407, 2, 0 %, 0 %, 35270 MiB, 37.94 W
2026/09/20 10:51:16.414, 0, 0 %, 0 %, 35270 MiB, 39.73 W
2026/09/20 10:51:16.414, 1, 0 %, 0 %, 35270 MiB, 38.92 W
2026/09/20 10:51:16.414, 2, 0 %, 0 %, 35270 MiB, 38.04 W
2026/09/20 10:51:21.415, 0, 0 %, 0 %, 35270 MiB, 39.70 W
2026/09/20 10:51:21.416, 1, 0 %, 0 %, 35270 MiB, 39.05 W
2026/09/20 10:51:21.416, 2, 0 %, 0 %, 35270 MiB, 37.77 W
2026/09/20 10:51:26.416, 0, 0 %, 0 %, 35270 MiB, 39.99 W
2026/09/20 10:51:26.417, 1, 0 %, 0 %, 35270 MiB, 38.97 W
2026/09/20 10:51:26.417, 2, 0 %, 0 %, 35270 MiB, 37.80 W
2026/09/20 10:51:31.418, 0, 0 %, 0 %, 35270 MiB, 39.75 W
2026/09/20 10:51:31.419, 1, 0 %, 0 %, 35270 MiB, 38.85 W
2026/09/20 10:51:31.419, 2, 0 %, 0 %, 35270 MiB, 37.87 W
2026/09/20 10:51:36.419, 0, 0 %, 0 %, 35270 MiB, 39.87 W
2026/09/20 10:51:36.420, 1, 0 %, 0 %, 35270 MiB, 38.85 W
2026/09/20 10:51:36.420, 2, 0 %, 0 %, 35270 MiB, 38.17 W
2026/09/20 10:51:41.420, 0, 0 %, 0 %, 35270 MiB, 39.40 W
2026/09/20 10:51:41.421, 1, 0 %, 0 %, 35270 MiB, 38.88 W
2026/09/20 10:51:41.421, 2, 0 %, 0 %, 35270 MiB, 38.09 W
2026/09/20 10:51:46.422, 0, 0 %, 0 %, 35270 MiB, 39.99 W
2026/09/20 10:51:46.422, 1, 0 %, 0 %, 35270 MiB, 38.88 W
2026/09/20 10:51:46.422, 2, 0 %, 0 %, 35270 MiB, 37.90 W
2026/09/20 10:51:51.423, 0, 0 %, 0 %, 35270 MiB, 39.66 W
2026/09/20 10:51:51.435, 1, 0 %, 0 %, 35270 MiB, 38.94 W
2026/09/20 10:51:51.435, 2, 0 %, 0 %, 35270 MiB, 38.06 W
2026/09/20 10:51:56.435, 0, 0 %, 0 %, 35270 MiB, 39.68 W
2026/09/20 10:51:56.436, 1, 0 %, 0 %, 35270 MiB, 39.15 W
2026/09/20 10:51:56.436, 2, 0 %, 0 %, 35270 MiB, 38.07 W
2026/09/20 10:52:01.436, 0, 0 %, 0 %, 35270 MiB, 39.41 W
2026/09/20 10:52:01.437, 1, 0 %, 0 %, 35270 MiB, 38.97 W
2026/09/20 10:52:01.437, 2, 0 %, 0 %, 35270 MiB, 37.99 W
2026/09/20 10:52:06.438, 0, 0 %, 0 %, 35270 MiB, 39.68 W
2026/09/20 10:52:06.439, 1, 0 %, 0 %, 35270 MiB, 38.97 W
2026/09/20 10:52:06.439, 2, 0 %, 0 %, 35270 MiB, 37.89 W
2026/09/20 10:52:11.439, 0, 0 %, 0 %, 35270 MiB, 39.70 W
2026/09/20 10:52:11.440, 1, 0 %, 0 %, 35270 MiB, 38.97 W
2026/09/20 10:52:11.440, 2, 0 %, 0 %, 35270 MiB, 37.99 W
2026/09/20 10:52:16.440, 0, 0 %, 0 %, 35270 MiB, 39.80 W
2026/09/20 10:52:16.440, 1, 0 %, 0 %, 35270 MiB, 39.17 W
2026/09/20 10:52:16.440, 2, 0 %, 0 %, 35270 MiB, 37.99 W
2026/09/20 10:52:21.441, 0, 0 %, 0 %, 35270 MiB, 39.99 W
2026/09/20 10:52:21.441, 1, 0 %, 0 %, 35270 MiB, 38.97 W
2026/09/20 10:52:21.441, 2, 0 %, 0 %, 35270 MiB, 37.90 W
2026/09/20 10:52:26.442, 0, 0 %, 0 %, 35270 MiB, 39.88 W
2026/09/20 10:52:26.442, 1, 0 %, 0 %, 35270 MiB, 39.07 W
2026/09/20 10:52:26.442, 2, 0 %, 0 %, 35270 MiB, 37.80 W
2026/09/20 10:52:31.442, 0, 0 %, 0 %, 35270 MiB, 39.80 W
2026/09/20 10:52:31.443, 1, 0 %, 0 %, 35270 MiB, 39.27 W
2026/09/20 10:52:31.443, 2, 0 %, 0 %, 35270 MiB, 38.09 W
2026/09/20 10:52:36.444, 0, 0 %, 0 %, 35270 MiB, 39.90 W
2026/09/20 10:52:36.444, 1, 0 %, 0 %, 35270 MiB, 39.07 W
2026/09/20 10:52:36.444, 2, 0 %, 0 %, 35270 MiB, 37.90 W
2026/09/20 10:52:41.444, 0, 0 %, 0 %, 35270 MiB, 40.08 W
2026/09/20 10:52:41.445, 1, 0 %, 0 %, 35270 MiB, 38.96 W
2026/09/20 10:52:41.445, 2, 0 %, 0 %, 35270 MiB, 37.99 W
2026/09/20 10:52:46.446, 0, 0 %, 0 %, 35270 MiB, 39.90 W
2026/09/20 10:52:46.446, 1, 0 %, 0 %, 35270 MiB, 38.88 W
2026/09/20 10:52:46.446, 2, 0 %, 0 %, 35270 MiB, 37.99 W
2026/09/20 10:52:51.446, 0, 0 %, 0 %, 35270 MiB, 39.90 W
2026/09/20 10:52:51.447, 1, 0 %, 0 %, 35270 MiB, 39.07 W
2026/09/20 10:52:51.447, 2, 0 %, 0 %, 35270 MiB, 38.19 W
2026/09/20 10:52:56.448, 0, 0 %, 0 %, 35270 MiB, 39.79 W
2026/09/20 10:52:56.448, 1, 0 %, 0 %, 35270 MiB, 38.96 W
2026/09/20 10:52:56.449, 2, 0 %, 0 %, 35270 MiB, 37.99 W
2026/09/20 10:53:01.450, 0, 0 %, 0 %, 35270 MiB, 39.88 W
2026/09/20 10:53:01.450, 1, 0 %, 0 %, 35270 MiB, 38.95 W
2026/09/20 10:53:01.450, 2, 0 %, 0 %, 35270 MiB, 38.07 W
2026/09/20 10:53:06.459, 0, 0 %, 0 %, 35270 MiB, 39.77 W
2026/09/20 10:53:06.459, 1, 0 %, 0 %, 35270 MiB, 39.05 W
2026/09/20 10:53:06.459, 2, 0 %, 0 %, 35270 MiB, 38.06 W
2026/09/20 10:53:11.459, 0, 0 %, 0 %, 35270 MiB, 39.69 W
2026/09/20 10:53:11.460, 1, 0 %, 0 %, 35270 MiB, 39.05 W
2026/09/20 10:53:11.460, 2, 0 %, 0 %, 35270 MiB, 37.97 W
2026/09/20 10:53:16.460, 0, 0 %, 0 %, 35270 MiB, 39.26 W
2026/09/20 10:53:16.460, 1, 0 %, 0 %, 35270 MiB, 39.14 W
2026/09/20 10:53:16.461, 2, 0 %, 0 %, 35270 MiB, 37.77 W
2026/09/20 10:53:21.461, 0, 0 %, 0 %, 35270 MiB, 39.60 W
2026/09/20 10:53:21.462, 1, 0 %, 0 %, 35270 MiB, 39.17 W
2026/09/20 10:53:21.462, 2, 0 %, 0 %, 35270 MiB, 37.69 W
2026/09/20 10:53:26.463, 0, 0 %, 0 %, 35270 MiB, 39.47 W
2026/09/20 10:53:26.463, 1, 0 %, 0 %, 35270 MiB, 39.32 W
2026/09/20 10:53:26.463, 2, 0 %, 0 %, 35270 MiB, 37.66 W
2026/09/20 10:53:31.465, 0, 0 %, 0 %, 35270 MiB, 39.46 W
2026/09/20 10:53:31.465, 1, 0 %, 0 %, 35270 MiB, 39.04 W
2026/09/20 10:53:31.465, 2, 0 %, 0 %, 35270 MiB, 37.56 W
2026/09/20 10:53:36.467, 0, 0 %, 0 %, 35270 MiB, 39.63 W
2026/09/20 10:53:36.467, 1, 0 %, 0 %, 35270 MiB, 39.09 W
2026/09/20 10:53:36.467, 2, 0 %, 0 %, 35270 MiB, 37.53 W
2026/09/20 10:53:41.467, 0, 0 %, 0 %, 35270 MiB, 39.55 W
2026/09/20 10:53:41.468, 1, 0 %, 0 %, 35270 MiB, 38.92 W
2026/09/20 10:53:41.468, 2, 0 %, 0 %, 35270 MiB, 37.65 W
2026/09/20 10:53:46.468, 0, 0 %, 0 %, 35270 MiB, 39.45 W
2026/09/20 10:53:46.469, 1, 0 %, 0 %, 35270 MiB, 38.92 W
2026/09/20 10:53:46.469, 2, 0 %, 0 %, 35270 MiB, 37.94 W
2026/09/20 10:53:51.470, 0, 0 %, 0 %, 35270 MiB, 39.53 W
2026/09/20 10:53:51.471, 1, 0 %, 0 %, 35270 MiB, 38.83 W
2026/09/20 10:53:51.471, 2, 0 %, 0 %, 35270 MiB, 37.65 W
2026/09/20 10:53:56.471, 0, 0 %, 0 %, 35270 MiB, 39.65 W
2026/09/20 10:53:56.472, 1, 0 %, 0 %, 35270 MiB, 38.73 W
2026/09/20 10:53:56.472, 2, 0 %, 0 %, 35270 MiB, 37.65 W
2026/09/20 10:54:01.473, 0, 0 %, 0 %, 35270 MiB, 39.45 W
2026/09/20 10:54:01.474, 1, 0 %, 0 %, 35270 MiB, 38.83 W
2026/09/20 10:54:01.474, 2, 0 %, 0 %, 35270 MiB, 37.75 W
2026/09/20 10:54:06.474, 0, 0 %, 0 %, 35270 MiB, 39.29 W
2026/09/20 10:54:06.475, 1, 0 %, 0 %, 35270 MiB, 39.15 W
2026/09/20 10:54:06.475, 2, 0 %, 0 %, 35270 MiB, 37.87 W
2026/09/20 10:54:11.475, 0, 0 %, 0 %, 35270 MiB, 39.25 W
2026/09/20 10:54:11.476, 1, 0 %, 0 %, 35270 MiB, 38.73 W
2026/09/20 10:54:11.476, 2, 0 %, 0 %, 35270 MiB, 37.54 W
2026/09/20 10:54:16.477, 0, 0 %, 0 %, 35270 MiB, 39.24 W
2026/09/20 10:54:16.478, 1, 0 %, 0 %, 35270 MiB, 38.73 W
2026/09/20 10:54:16.478, 2, 0 %, 0 %, 35270 MiB, 37.64 W
2026/09/20 10:54:21.479, 0, 0 %, 0 %, 35270 MiB, 39.18 W
2026/09/20 10:54:21.479, 1, 0 %, 0 %, 35270 MiB, 38.75 W
2026/09/20 10:54:21.480, 2, 0 %, 0 %, 35270 MiB, 37.33 W
2026/09/20 10:54:26.481, 0, 0 %, 0 %, 35270 MiB, 38.94 W
2026/09/20 10:54:26.481, 1, 0 %, 0 %, 35270 MiB, 38.71 W
2026/09/20 10:54:26.481, 2, 0 %, 0 %, 35270 MiB, 37.53 W
2026/09/20 10:54:31.482, 0, 0 %, 0 %, 35270 MiB, 39.26 W
2026/09/20 10:54:31.482, 1, 0 %, 0 %, 35270 MiB, 38.73 W
2026/09/20 10:54:31.482, 2, 0 %, 0 %, 35270 MiB, 37.44 W
2026/09/20 10:54:36.483, 0, 0 %, 0 %, 35270 MiB, 39.29 W
2026/09/20 10:54:36.483, 1, 0 %, 0 %, 35270 MiB, 38.65 W
2026/09/20 10:54:36.483, 2, 0 %, 0 %, 35270 MiB, 37.37 W
2026/09/20 10:54:41.484, 0, 0 %, 0 %, 35270 MiB, 39.24 W
2026/09/20 10:54:41.484, 1, 0 %, 0 %, 35270 MiB, 38.70 W
2026/09/20 10:54:41.485, 2, 0 %, 0 %, 35270 MiB, 37.34 W
2026/09/20 10:54:46.486, 0, 17 %, 1 %, 35270 MiB, 39.24 W
2026/09/20 10:54:46.486, 1, 0 %, 0 %, 35270 MiB, 38.73 W
2026/09/20 10:54:46.486, 2, 0 %, 0 %, 35270 MiB, 37.34 W
2026/09/20 10:54:51.487, 0, 24 %, 1 %, 35270 MiB, 40.24 W
2026/09/20 10:54:51.488, 1, 0 %, 0 %, 35270 MiB, 38.73 W
2026/09/20 10:54:51.488, 2, 0 %, 0 %, 35270 MiB, 37.35 W
2026/09/20 10:54:56.489, 0, 0 %, 0 %, 35270 MiB, 39.65 W
2026/09/20 10:54:56.489, 1, 0 %, 0 %, 35270 MiB, 38.63 W
2026/09/20 10:54:56.490, 2, 0 %, 0 %, 35270 MiB, 37.44 W
2026/09/20 10:55:01.490, 0, 0 %, 0 %, 35270 MiB, 38.85 W
2026/09/20 10:55:01.491, 1, 0 %, 0 %, 35270 MiB, 38.51 W
2026/09/20 10:55:01.491, 2, 0 %, 0 %, 35270 MiB, 37.44 W
2026/09/20 10:55:06.493, 0, 0 %, 0 %, 35270 MiB, 39.04 W
2026/09/20 10:55:06.493, 1, 0 %, 0 %, 35270 MiB, 38.53 W
2026/09/20 10:55:06.493, 2, 0 %, 0 %, 35270 MiB, 37.42 W
2026/09/20 10:55:11.495, 0, 0 %, 0 %, 35270 MiB, 39.06 W
2026/09/20 10:55:11.495, 1, 0 %, 0 %, 35270 MiB, 38.54 W
2026/09/20 10:55:11.495, 2, 0 %, 0 %, 35270 MiB, 37.35 W
2026/09/20 10:55:16.497, 0, 0 %, 0 %, 35270 MiB, 39.24 W
2026/09/20 10:55:16.497, 1, 0 %, 0 %, 35270 MiB, 38.53 W
2026/09/20 10:55:16.498, 2, 0 %, 0 %, 35270 MiB, 37.94 W
2026/09/20 10:55:21.499, 0, 0 %, 0 %, 35270 MiB, 39.04 W
2026/09/20 10:55:21.499, 1, 0 %, 0 %, 35270 MiB, 38.53 W
2026/09/20 10:55:21.500, 2, 0 %, 0 %, 35270 MiB, 37.53 W
2026/09/20 10:55:26.501, 0, 0 %, 0 %, 35270 MiB, 39.04 W
2026/09/20 10:55:26.502, 1, 0 %, 0 %, 35270 MiB, 38.43 W
2026/09/20 10:55:26.502, 2, 0 %, 0 %, 35270 MiB, 37.24 W
2026/09/20 10:55:31.503, 0, 2 %, 0 %, 35270 MiB, 38.94 W
2026/09/20 10:55:31.504, 1, 0 %, 0 %, 35270 MiB, 38.82 W
2026/09/20 10:55:31.504, 2, 0 %, 0 %, 35270 MiB, 37.13 W
2026/09/20 10:55:36.505, 0, 24 %, 1 %, 35270 MiB, 38.75 W
2026/09/20 10:55:36.505, 1, 0 %, 0 %, 35270 MiB, 38.43 W
2026/09/20 10:55:36.505, 2, 0 %, 0 %, 35270 MiB, 37.24 W
2026/09/20 10:55:41.507, 0, 10 %, 0 %, 35270 MiB, 43.79 W
2026/09/20 10:55:41.507, 1, 0 %, 0 %, 35270 MiB, 38.54 W
2026/09/20 10:55:41.507, 2, 0 %, 0 %, 35270 MiB, 37.24 W
2026/09/20 10:55:46.509, 0, 0 %, 0 %, 35270 MiB, 39.14 W
2026/09/20 10:55:46.509, 1, 0 %, 0 %, 35270 MiB, 38.71 W
2026/09/20 10:55:46.509, 2, 0 %, 0 %, 35270 MiB, 37.23 W
2026/09/20 10:55:51.511, 0, 0 %, 0 %, 35270 MiB, 39.05 W
2026/09/20 10:55:51.512, 1, 0 %, 0 %, 35270 MiB, 38.63 W
2026/09/20 10:55:51.512, 2, 0 %, 0 %, 35270 MiB, 37.14 W
2026/09/20 10:55:56.513, 0, 0 %, 0 %, 35270 MiB, 39.14 W
2026/09/20 10:55:56.513, 1, 24 %, 1 %, 35270 MiB, 38.62 W
2026/09/20 10:55:56.514, 2, 0 %, 0 %, 35270 MiB, 37.33 W
2026/09/20 10:56:01.515, 0, 0 %, 0 %, 35270 MiB, 39.14 W
2026/09/20 10:56:01.516, 1, 24 %, 1 %, 35270 MiB, 38.53 W
2026/09/20 10:56:01.516, 2, 0 %, 0 %, 35270 MiB, 37.44 W
2026/09/20 10:56:06.517, 0, 0 %, 0 %, 35270 MiB, 39.14 W
2026/09/20 10:56:06.517, 1, 0 %, 0 %, 35270 MiB, 38.53 W
2026/09/20 10:56:06.518, 2, 0 %, 0 %, 35270 MiB, 37.34 W
2026/09/20 10:56:11.519, 0, 0 %, 0 %, 35270 MiB, 39.24 W
2026/09/20 10:56:11.519, 1, 0 %, 0 %, 35270 MiB, 38.43 W
2026/09/20 10:56:11.520, 2, 0 %, 0 %, 35270 MiB, 37.34 W
2026/09/20 10:56:16.521, 0, 0 %, 0 %, 35270 MiB, 39.24 W
2026/09/20 10:56:16.521, 1, 0 %, 0 %, 35270 MiB, 38.53 W
2026/09/20 10:56:16.521, 2, 0 %, 0 %, 35270 MiB, 37.44 W
2026/09/20 10:56:21.523, 0, 0 %, 0 %, 35270 MiB, 39.14 W
2026/09/20 10:56:21.524, 1, 10 %, 0 %, 35270 MiB, 38.63 W
2026/09/20 10:56:21.524, 2, 0 %, 0 %, 35270 MiB, 37.44 W
2026/09/20 10:56:26.525, 0, 0 %, 0 %, 35270 MiB, 39.07 W
2026/09/20 10:56:26.525, 1, 0 %, 0 %, 35270 MiB, 38.63 W
2026/09/20 10:56:26.526, 2, 0 %, 0 %, 35270 MiB, 37.44 W
2026/09/20 10:56:31.527, 0, 0 %, 0 %, 35270 MiB, 39.04 W
2026/09/20 10:56:31.528, 1, 12 %, 0 %, 35270 MiB, 38.52 W
2026/09/20 10:56:31.528, 2, 0 %, 0 %, 35270 MiB, 37.34 W
2026/09/20 10:56:36.529, 0, 0 %, 0 %, 35270 MiB, 39.16 W
2026/09/20 10:56:36.529, 1, 24 %, 1 %, 35270 MiB, 38.53 W
2026/09/20 10:56:36.529, 2, 0 %, 0 %, 35270 MiB, 37.24 W
2026/09/20 10:56:41.531, 0, 0 %, 0 %, 35270 MiB, 39.06 W
2026/09/20 10:56:41.532, 1, 0 %, 0 %, 35270 MiB, 38.53 W
2026/09/20 10:56:41.532, 2, 0 %, 0 %, 35270 MiB, 37.24 W
2026/09/20 10:56:46.533, 0, 0 %, 0 %, 35270 MiB, 39.06 W
2026/09/20 10:56:46.533, 1, 5 %, 0 %, 35270 MiB, 38.53 W
2026/09/20 10:56:46.534, 2, 0 %, 0 %, 35270 MiB, 37.35 W
2026/09/20 10:56:51.534, 0, 0 %, 0 %, 35270 MiB, 39.26 W
2026/09/20 10:56:51.535, 1, 0 %, 0 %, 35270 MiB, 38.85 W
2026/09/20 10:56:51.535, 2, 0 %, 0 %, 35270 MiB, 37.25 W
2026/09/20 10:56:56.535, 0, 0 %, 0 %, 35270 MiB, 39.07 W
2026/09/20 10:56:56.536, 1, 0 %, 0 %, 35270 MiB, 47.22 W
2026/09/20 10:56:56.536, 2, 0 %, 0 %, 35270 MiB, 37.54 W
2026/09/20 10:57:01.537, 0, 0 %, 0 %, 35270 MiB, 39.24 W
2026/09/20 10:57:01.538, 1, 25 %, 1 %, 35270 MiB, 38.82 W
2026/09/20 10:57:01.538, 2, 0 %, 0 %, 35270 MiB, 37.34 W
2026/09/20 10:57:06.539, 0, 0 %, 0 %, 35270 MiB, 39.17 W
2026/09/20 10:57:06.540, 1, 0 %, 0 %, 35270 MiB, 38.53 W
2026/09/20 10:57:06.540, 2, 0 %, 0 %, 35270 MiB, 37.35 W
2026/09/20 10:57:11.541, 0, 0 %, 0 %, 35270 MiB, 39.25 W
2026/09/20 10:57:11.542, 1, 0 %, 0 %, 35270 MiB, 38.44 W
2026/09/20 10:57:11.542, 2, 0 %, 0 %, 35270 MiB, 37.24 W
2026/09/20 10:57:16.542, 0, 0 %, 0 %, 35270 MiB, 39.15 W
2026/09/20 10:57:16.543, 1, 0 %, 0 %, 35270 MiB, 38.81 W
2026/09/20 10:57:16.543, 2, 0 %, 0 %, 35270 MiB, 37.34 W
2026/09/20 10:57:21.544, 0, 0 %, 0 %, 35270 MiB, 39.14 W
2026/09/20 10:57:21.544, 1, 0 %, 0 %, 35270 MiB, 38.32 W
2026/09/20 10:57:21.545, 2, 0 %, 0 %, 35270 MiB, 37.34 W
2026/09/20 10:57:26.545, 0, 0 %, 0 %, 35270 MiB, 39.04 W
2026/09/20 10:57:26.546, 1, 0 %, 0 %, 35270 MiB, 38.44 W
2026/09/20 10:57:26.546, 2, 0 %, 0 %, 35270 MiB, 37.34 W
2026/09/20 10:57:31.547, 0, 0 %, 0 %, 35270 MiB, 39.07 W
2026/09/20 10:57:31.547, 1, 0 %, 0 %, 35270 MiB, 38.44 W
2026/09/20 10:57:31.548, 2, 24 %, 1 %, 35270 MiB, 45.49 W
2026/09/20 10:57:36.549, 0, 0 %, 0 %, 35270 MiB, 38.96 W
2026/09/20 10:57:36.549, 1, 0 %, 0 %, 35270 MiB, 38.44 W
2026/09/20 10:57:36.549, 2, 24 %, 1 %, 35270 MiB, 37.64 W
2026/09/20 10:57:41.551, 0, 0 %, 0 %, 35270 MiB, 39.06 W
2026/09/20 10:57:41.551, 1, 0 %, 0 %, 35270 MiB, 38.44 W
2026/09/20 10:57:41.552, 2, 29 %, 1 %, 35270 MiB, 37.44 W
2026/09/20 10:57:46.553, 0, 0 %, 0 %, 35270 MiB, 39.28 W
2026/09/20 10:57:46.553, 1, 0 %, 0 %, 35270 MiB, 38.65 W
2026/09/20 10:57:46.554, 2, 25 %, 1 %, 35270 MiB, 37.35 W
2026/09/20 10:57:51.555, 0, 0 %, 0 %, 35270 MiB, 39.04 W
2026/09/20 10:57:51.555, 1, 0 %, 0 %, 35270 MiB, 38.53 W
2026/09/20 10:57:51.555, 2, 0 %, 0 %, 35270 MiB, 37.35 W
2026/09/20 10:57:56.556, 0, 0 %, 0 %, 35270 MiB, 39.04 W
2026/09/20 10:57:56.557, 1, 0 %, 0 %, 35270 MiB, 38.42 W
2026/09/20 10:57:56.557, 2, 24 %, 1 %, 35270 MiB, 37.23 W
2026/09/20 10:58:01.558, 0, 0 %, 0 %, 35270 MiB, 38.94 W
2026/09/20 10:58:01.558, 1, 0 %, 0 %, 35270 MiB, 38.44 W
2026/09/20 10:58:01.559, 2, 0 %, 0 %, 35270 MiB, 37.33 W
2026/09/20 10:58:06.559, 0, 0 %, 0 %, 35270 MiB, 39.10 W
2026/09/20 10:58:06.560, 1, 0 %, 0 %, 35270 MiB, 38.48 W
2026/09/20 10:58:06.560, 2, 0 %, 0 %, 35270 MiB, 37.49 W
2026/09/20 10:58:11.561, 0, 0 %, 0 %, 35270 MiB, 39.09 W
2026/09/20 10:58:11.561, 1, 0 %, 0 %, 35270 MiB, 38.47 W
2026/09/20 10:58:11.561, 2, 0 %, 0 %, 35270 MiB, 37.27 W
2026/09/20 10:58:16.563, 0, 0 %, 0 %, 35270 MiB, 39.07 W
2026/09/20 10:58:16.563, 1, 0 %, 0 %, 35270 MiB, 38.24 W
2026/09/20 10:58:16.563, 2, 0 %, 0 %, 35270 MiB, 37.35 W
2026/09/20 10:58:21.564, 0, 0 %, 0 %, 35270 MiB, 39.14 W
2026/09/20 10:58:21.564, 1, 0 %, 0 %, 35270 MiB, 38.62 W
2026/09/20 10:58:21.564, 2, 0 %, 0 %, 35270 MiB, 37.42 W
2026/09/20 10:58:26.565, 0, 0 %, 0 %, 35270 MiB, 39.16 W
2026/09/20 10:58:26.566, 1, 0 %, 0 %, 35270 MiB, 38.33 W
2026/09/20 10:58:26.566, 2, 5 %, 0 %, 35270 MiB, 38.84 W
2026/09/20 10:58:31.567, 0, 0 %, 0 %, 35270 MiB, 39.14 W
2026/09/20 10:58:31.567, 1, 0 %, 0 %, 35270 MiB, 38.43 W
2026/09/20 10:58:31.568, 2, 0 %, 0 %, 35270 MiB, 37.63 W
2026/09/20 10:58:36.568, 0, 0 %, 0 %, 35270 MiB, 39.04 W
2026/09/20 10:58:36.569, 1, 0 %, 0 %, 35270 MiB, 38.43 W
2026/09/20 10:58:36.569, 2, 0 %, 0 %, 35270 MiB, 37.53 W
2026/09/20 10:58:41.570, 0, 0 %, 0 %, 35270 MiB, 39.14 W
2026/09/20 10:58:41.574, 1, 0 %, 0 %, 35270 MiB, 38.44 W
2026/09/20 10:58:41.575, 2, 0 %, 0 %, 35270 MiB, 37.53 W
2026/09/20 10:58:46.576, 0, 0 %, 0 %, 35270 MiB, 38.97 W
2026/09/20 10:58:46.577, 1, 0 %, 0 %, 35270 MiB, 38.23 W
2026/09/20 10:58:46.577, 2, 0 %, 0 %, 35270 MiB, 37.25 W
2026/09/20 10:58:51.578, 0, 0 %, 0 %, 35270 MiB, 38.90 W
2026/09/20 10:58:51.578, 1, 0 %, 0 %, 35270 MiB, 38.25 W
2026/09/20 10:58:51.578, 2, 0 %, 0 %, 35270 MiB, 37.16 W
2026/09/20 10:58:56.580, 0, 0 %, 0 %, 35270 MiB, 38.97 W
2026/09/20 10:58:56.580, 1, 0 %, 0 %, 35270 MiB, 38.53 W
2026/09/20 10:58:56.580, 2, 0 %, 0 %, 35270 MiB, 37.24 W
2026/09/20 10:59:01.582, 0, 0 %, 0 %, 35270 MiB, 39.06 W
2026/09/20 10:59:01.583, 1, 0 %, 0 %, 35270 MiB, 38.33 W
2026/09/20 10:59:01.583, 2, 0 %, 0 %, 35270 MiB, 37.44 W
2026/09/20 10:59:06.584, 0, 0 %, 0 %, 35270 MiB, 39.06 W
2026/09/20 10:59:06.584, 1, 0 %, 0 %, 35270 MiB, 38.44 W
2026/09/20 10:59:06.584, 2, 0 %, 0 %, 35270 MiB, 37.35 W
2026/09/20 10:59:11.590, 0, 0 %, 0 %, 35270 MiB, 39.05 W
2026/09/20 10:59:11.590, 1, 0 %, 0 %, 35270 MiB, 38.44 W
2026/09/20 10:59:11.591, 2, 0 %, 0 %, 35270 MiB, 37.35 W
2026/09/20 10:59:16.592, 0, 0 %, 0 %, 35270 MiB, 38.97 W
2026/09/20 10:59:16.593, 1, 0 %, 0 %, 35270 MiB, 38.45 W
2026/09/20 10:59:16.593, 2, 0 %, 0 %, 35270 MiB, 37.36 W
2026/09/20 10:59:21.594, 0, 0 %, 0 %, 35270 MiB, 39.04 W
2026/09/20 10:59:21.594, 1, 0 %, 0 %, 35270 MiB, 38.22 W
2026/09/20 10:59:21.594, 2, 0 %, 0 %, 35270 MiB, 37.44 W
2026/09/20 10:59:26.596, 0, 0 %, 0 %, 35270 MiB, 38.96 W
2026/09/20 10:59:26.597, 1, 0 %, 0 %, 35270 MiB, 38.13 W
2026/09/20 10:59:26.597, 2, 0 %, 0 %, 35270 MiB, 37.24 W
2026/09/20 10:59:31.597, 0, 0 %, 0 %, 35270 MiB, 38.99 W
2026/09/20 10:59:31.598, 1, 0 %, 0 %, 35270 MiB, 38.36 W
2026/09/20 10:59:31.598, 2, 0 %, 0 %, 35270 MiB, 37.25 W
2026/09/20 10:59:36.598, 0, 0 %, 0 %, 35270 MiB, 39.18 W
2026/09/20 10:59:36.598, 1, 0 %, 0 %, 35270 MiB, 38.15 W
2026/09/20 10:59:36.599, 2, 0 %, 0 %, 35270 MiB, 37.25 W
2026/09/20 10:59:41.600, 0, 0 %, 0 %, 35270 MiB, 38.74 W
2026/09/20 10:59:41.600, 1, 0 %, 0 %, 35270 MiB, 38.12 W
2026/09/20 10:59:41.600, 2, 0 %, 0 %, 35270 MiB, 37.23 W
2026/09/20 10:59:46.602, 0, 0 %, 0 %, 35270 MiB, 38.78 W
2026/09/20 10:59:46.602, 1, 0 %, 0 %, 35270 MiB, 38.17 W
2026/09/20 10:59:46.602, 2, 0 %, 0 %, 35270 MiB, 37.26 W
2026/09/20 10:59:51.604, 0, 0 %, 0 %, 35270 MiB, 38.85 W
2026/09/20 10:59:51.605, 1, 0 %, 0 %, 35270 MiB, 38.33 W
2026/09/20 10:59:51.605, 2, 0 %, 0 %, 35270 MiB, 37.33 W
2026/09/20 10:59:56.606, 0, 0 %, 0 %, 35270 MiB, 38.96 W
2026/09/20 10:59:56.607, 1, 0 %, 0 %, 35270 MiB, 38.23 W
2026/09/20 10:59:56.607, 2, 0 %, 0 %, 35270 MiB, 37.14 W
2026/09/20 11:00:01.608, 0, 0 %, 0 %, 35270 MiB, 38.87 W
2026/09/20 11:00:01.608, 1, 0 %, 0 %, 35270 MiB, 38.36 W
2026/09/20 11:00:01.609, 2, 0 %, 0 %, 35270 MiB, 37.26 W
2026/09/20 11:00:06.609, 0, 0 %, 0 %, 35270 MiB, 38.99 W
2026/09/20 11:00:06.610, 1, 0 %, 0 %, 35270 MiB, 38.65 W
2026/09/20 11:00:06.610, 2, 0 %, 0 %, 35270 MiB, 37.25 W
2026/09/20 11:00:11.611, 0, 0 %, 0 %, 35270 MiB, 39.06 W
2026/09/20 11:00:11.612, 1, 0 %, 0 %, 35270 MiB, 38.34 W
2026/09/20 11:00:11.612, 2, 0 %, 0 %, 35270 MiB, 37.24 W
2026/09/20 11:00:16.613, 0, 0 %, 0 %, 35270 MiB, 38.69 W
2026/09/20 11:00:16.613, 1, 0 %, 0 %, 35270 MiB, 38.48 W
2026/09/20 11:00:16.614, 2, 0 %, 0 %, 35270 MiB, 37.38 W
2026/09/20 11:00:21.615, 0, 0 %, 0 %, 35270 MiB, 39.06 W
2026/09/20 11:00:21.615, 1, 0 %, 0 %, 35270 MiB, 38.53 W
2026/09/20 11:00:21.616, 2, 0 %, 0 %, 35270 MiB, 37.35 W
2026/09/20 11:00:26.617, 0, 0 %, 0 %, 35270 MiB, 39.07 W
2026/09/20 11:00:26.617, 1, 0 %, 0 %, 35270 MiB, 38.44 W
2026/09/20 11:00:26.617, 2, 0 %, 0 %, 35270 MiB, 37.36 W
2026/09/20 11:00:31.618, 0, 0 %, 0 %, 35270 MiB, 39.24 W
2026/09/20 11:00:31.619, 1, 0 %, 0 %, 35270 MiB, 38.33 W
2026/09/20 11:00:31.619, 2, 0 %, 0 %, 35270 MiB, 37.34 W
2026/09/20 11:00:36.619, 0, 0 %, 0 %, 35270 MiB, 39.07 W
2026/09/20 11:00:36.620, 1, 0 %, 0 %, 35270 MiB, 38.15 W
2026/09/20 11:00:36.620, 2, 0 %, 0 %, 35270 MiB, 37.36 W
2026/09/20 11:00:41.621, 0, 0 %, 0 %, 35270 MiB, 39.06 W
2026/09/20 11:00:41.622, 1, 0 %, 0 %, 35270 MiB, 38.42 W
2026/09/20 11:00:41.622, 2, 0 %, 0 %, 35270 MiB, 37.35 W
2026/09/20 11:00:46.622, 0, 0 %, 0 %, 35270 MiB, 38.99 W
2026/09/20 11:00:46.622, 1, 0 %, 0 %, 35270 MiB, 38.15 W
2026/09/20 11:00:46.623, 2, 0 %, 0 %, 35270 MiB, 37.36 W
2026/09/20 11:00:51.624, 0, 0 %, 0 %, 35270 MiB, 38.90 W
2026/09/20 11:00:51.624, 1, 0 %, 0 %, 35270 MiB, 38.25 W
2026/09/20 11:00:51.625, 2, 0 %, 0 %, 35270 MiB, 37.28 W
2026/09/20 11:00:56.625, 0, 0 %, 0 %, 35270 MiB, 38.76 W
2026/09/20 11:00:56.626, 1, 0 %, 0 %, 35270 MiB, 38.14 W
2026/09/20 11:00:56.626, 2, 0 %, 0 %, 35270 MiB, 37.36 W
2026/09/20 11:01:01.626, 0, 0 %, 0 %, 35270 MiB, 38.76 W
2026/09/20 11:01:01.626, 1, 0 %, 0 %, 35270 MiB, 38.25 W
2026/09/20 11:01:01.627, 2, 0 %, 0 %, 35270 MiB, 37.06 W
2026/09/20 11:01:06.628, 0, 0 %, 0 %, 35270 MiB, 38.78 W
2026/09/20 11:01:06.628, 1, 0 %, 0 %, 35270 MiB, 38.36 W
2026/09/20 11:01:06.628, 2, 0 %, 0 %, 35270 MiB, 37.06 W
2026/09/20 11:01:11.630, 0, 0 %, 0 %, 35270 MiB, 38.91 W
2026/09/20 11:01:11.630, 1, 0 %, 0 %, 35270 MiB, 38.18 W
2026/09/20 11:01:11.631, 2, 0 %, 0 %, 35270 MiB, 37.09 W
2026/09/20 11:01:16.631, 0, 0 %, 0 %, 35270 MiB, 38.91 W
2026/09/20 11:01:16.632, 1, 0 %, 0 %, 35270 MiB, 38.48 W
2026/09/20 11:01:16.632, 2, 0 %, 0 %, 35270 MiB, 37.29 W
2026/09/20 11:01:21.633, 0, 0 %, 0 %, 35270 MiB, 38.91 W
2026/09/20 11:01:21.633, 1, 0 %, 0 %, 35270 MiB, 38.28 W
2026/09/20 11:01:21.634, 2, 0 %, 0 %, 35270 MiB, 37.18 W
2026/09/20 11:01:26.634, 0, 0 %, 0 %, 35270 MiB, 39.21 W
2026/09/20 11:01:26.635, 1, 0 %, 0 %, 35270 MiB, 38.47 W
2026/09/20 11:01:26.635, 2, 0 %, 0 %, 35270 MiB, 37.28 W
2026/09/20 11:01:31.635, 0, 0 %, 0 %, 35270 MiB, 38.99 W
2026/09/20 11:01:31.636, 1, 0 %, 0 %, 35270 MiB, 38.37 W
2026/09/20 11:01:31.636, 2, 0 %, 0 %, 35270 MiB, 37.47 W
2026/09/20 11:01:36.638, 0, 0 %, 0 %, 35270 MiB, 38.94 W
2026/09/20 11:01:36.638, 1, 0 %, 0 %, 35270 MiB, 38.22 W
2026/09/20 11:01:36.638, 2, 0 %, 0 %, 35270 MiB, 37.34 W
2026/09/20 11:01:41.639, 0, 0 %, 0 %, 35270 MiB, 38.99 W
2026/09/20 11:01:41.640, 1, 0 %, 0 %, 35270 MiB, 38.25 W
2026/09/20 11:01:41.640, 2, 0 %, 0 %, 35270 MiB, 37.26 W
2026/09/20 11:01:46.644, 0, 0 %, 0 %, 35270 MiB, 39.07 W
2026/09/20 11:01:46.645, 1, 0 %, 0 %, 35270 MiB, 38.15 W
2026/09/20 11:01:46.645, 2, 0 %, 0 %, 35270 MiB, 37.27 W
2026/09/20 11:01:51.646, 0, 0 %, 0 %, 35270 MiB, 38.99 W
2026/09/20 11:01:51.646, 1, 0 %, 0 %, 35270 MiB, 38.06 W
2026/09/20 11:01:51.646, 2, 0 %, 0 %, 35270 MiB, 37.37 W
2026/09/20 11:01:56.647, 0, 0 %, 0 %, 35270 MiB, 38.76 W
2026/09/20 11:01:56.648, 1, 0 %, 0 %, 35270 MiB, 38.15 W
2026/09/20 11:01:56.648, 2, 0 %, 0 %, 35270 MiB, 37.36 W
2026/09/20 11:02:01.648, 0, 0 %, 0 %, 35270 MiB, 38.76 W
2026/09/20 11:02:01.649, 1, 0 %, 0 %, 35270 MiB, 38.14 W
2026/09/20 11:02:01.649, 2, 0 %, 0 %, 35270 MiB, 37.24 W
2026/09/20 11:02:06.649, 0, 0 %, 0 %, 35270 MiB, 45.95 W
2026/09/20 11:02:06.649, 1, 0 %, 0 %, 35270 MiB, 38.18 W
2026/09/20 11:02:06.650, 2, 0 %, 0 %, 35270 MiB, 37.06 W
2026/09/20 11:02:11.651, 0, 0 %, 0 %, 35270 MiB, 38.76 W
2026/09/20 11:02:11.651, 1, 0 %, 0 %, 35270 MiB, 38.33 W
2026/09/20 11:02:11.651, 2, 0 %, 0 %, 35270 MiB, 37.14 W
2026/09/20 11:02:16.653, 0, 0 %, 0 %, 35270 MiB, 38.75 W
2026/09/20 11:02:16.653, 1, 0 %, 0 %, 35270 MiB, 38.13 W
2026/09/20 11:02:16.653, 2, 0 %, 0 %, 35270 MiB, 37.04 W
2026/09/20 11:02:21.655, 0, 0 %, 0 %, 35270 MiB, 38.56 W
2026/09/20 11:02:21.656, 1, 0 %, 0 %, 35270 MiB, 38.13 W
2026/09/20 11:02:21.656, 2, 0 %, 0 %, 35270 MiB, 37.04 W
2026/09/20 11:02:26.656, 0, 0 %, 0 %, 35270 MiB, 38.81 W
2026/09/20 11:02:26.657, 1, 0 %, 0 %, 35270 MiB, 38.17 W
2026/09/20 11:02:26.657, 2, 0 %, 0 %, 35270 MiB, 37.17 W
2026/09/20 11:02:31.657, 0, 0 %, 0 %, 35270 MiB, 38.87 W
2026/09/20 11:02:31.658, 1, 0 %, 0 %, 35270 MiB, 38.36 W
2026/09/20 11:02:31.658, 2, 0 %, 0 %, 35270 MiB, 37.15 W
2026/09/20 11:02:36.659, 0, 0 %, 0 %, 35270 MiB, 39.06 W
2026/09/20 11:02:36.659, 1, 0 %, 0 %, 35270 MiB, 38.23 W
2026/09/20 11:02:36.659, 2, 0 %, 0 %, 35270 MiB, 37.14 W
2026/09/20 11:02:41.660, 0, 0 %, 0 %, 35270 MiB, 38.87 W
2026/09/20 11:02:41.661, 1, 0 %, 0 %, 35270 MiB, 38.13 W
2026/09/20 11:02:41.661, 2, 0 %, 0 %, 35270 MiB, 37.04 W
2026/09/20 11:02:46.661, 0, 0 %, 0 %, 35270 MiB, 39.19 W
2026/09/20 11:02:46.662, 1, 0 %, 0 %, 35270 MiB, 37.88 W
2026/09/20 11:02:46.662, 2, 0 %, 0 %, 35270 MiB, 37.09 W
2026/09/20 11:02:51.663, 0, 14 %, 1 %, 35270 MiB, 39.65 W
2026/09/20 11:02:51.663, 1, 0 %, 0 %, 35270 MiB, 38.06 W
2026/09/20 11:02:51.663, 2, 0 %, 0 %, 35270 MiB, 37.26 W
2026/09/20 11:02:56.665, 0, 0 %, 0 %, 35270 MiB, 38.87 W
2026/09/20 11:02:56.666, 1, 0 %, 0 %, 35270 MiB, 37.95 W
2026/09/20 11:02:56.666, 2, 0 %, 0 %, 35270 MiB, 37.05 W
2026/09/20 11:03:01.667, 0, 0 %, 0 %, 35270 MiB, 39.95 W
2026/09/20 11:03:01.668, 1, 0 %, 0 %, 35270 MiB, 37.94 W
2026/09/20 11:03:01.668, 2, 0 %, 0 %, 35270 MiB, 37.15 W
2026/09/20 11:03:06.669, 0, 24 %, 1 %, 35270 MiB, 38.87 W
2026/09/20 11:03:06.669, 1, 0 %, 0 %, 35270 MiB, 37.96 W
2026/09/20 11:03:06.670, 2, 0 %, 0 %, 35270 MiB, 37.26 W
2026/09/20 11:03:11.670, 0, 0 %, 0 %, 35270 MiB, 38.91 W
2026/09/20 11:03:11.671, 1, 0 %, 0 %, 35270 MiB, 37.98 W
2026/09/20 11:03:11.671, 2, 0 %, 0 %, 35270 MiB, 37.08 W
2026/09/20 11:03:16.671, 0, 0 %, 0 %, 35270 MiB, 38.69 W
2026/09/20 11:03:16.672, 1, 0 %, 0 %, 35270 MiB, 37.98 W
2026/09/20 11:03:16.672, 2, 0 %, 0 %, 35270 MiB, 36.98 W
2026/09/20 11:03:21.673, 0, 0 %, 0 %, 35270 MiB, 38.75 W
2026/09/20 11:03:21.673, 1, 0 %, 0 %, 35270 MiB, 38.03 W
2026/09/20 11:03:21.673, 2, 0 %, 0 %, 35270 MiB, 36.94 W
2026/09/20 11:03:26.674, 0, 0 %, 0 %, 35270 MiB, 38.79 W
2026/09/20 11:03:26.675, 1, 0 %, 0 %, 35270 MiB, 38.06 W
2026/09/20 11:03:26.675, 2, 0 %, 0 %, 35270 MiB, 37.16 W
2026/09/20 11:03:31.676, 0, 0 %, 0 %, 35270 MiB, 38.75 W
2026/09/20 11:03:31.676, 1, 0 %, 0 %, 35270 MiB, 38.13 W
2026/09/20 11:03:31.676, 2, 0 %, 0 %, 35270 MiB, 36.94 W
2026/09/20 11:03:36.678, 0, 0 %, 0 %, 35270 MiB, 38.65 W
2026/09/20 11:03:36.678, 1, 0 %, 0 %, 35270 MiB, 38.03 W
2026/09/20 11:03:36.678, 2, 0 %, 0 %, 35270 MiB, 36.94 W
2026/09/20 11:03:41.680, 0, 0 %, 0 %, 35270 MiB, 38.65 W
2026/09/20 11:03:41.681, 1, 25 %, 1 %, 35270 MiB, 38.03 W
2026/09/20 11:03:41.681, 2, 0 %, 0 %, 35270 MiB, 36.84 W
2026/09/20 11:03:46.682, 0, 0 %, 0 %, 35270 MiB, 38.57 W
2026/09/20 11:03:46.683, 1, 25 %, 1 %, 35270 MiB, 40.11 W
2026/09/20 11:03:46.683, 2, 0 %, 0 %, 35270 MiB, 37.05 W
2026/09/20 11:03:51.684, 0, 19 %, 1 %, 35270 MiB, 38.75 W
2026/09/20 11:03:51.685, 1, 0 %, 0 %, 35270 MiB, 37.93 W
2026/09/20 11:03:51.685, 2, 0 %, 0 %, 35270 MiB, 37.04 W
2026/09/20 11:03:56.686, 0, 6 %, 0 %, 35270 MiB, 40.45 W
2026/09/20 11:03:56.686, 1, 0 %, 0 %, 35270 MiB, 37.84 W
2026/09/20 11:03:56.686, 2, 0 %, 0 %, 35270 MiB, 37.04 W
2026/09/20 11:04:01.687, 0, 0 %, 0 %, 35270 MiB, 38.69 W
2026/09/20 11:04:01.688, 1, 0 %, 0 %, 35270 MiB, 38.06 W
2026/09/20 11:04:01.688, 2, 0 %, 0 %, 35270 MiB, 36.98 W
2026/09/20 11:04:06.688, 0, 0 %, 0 %, 35270 MiB, 38.75 W
2026/09/20 11:04:06.689, 1, 24 %, 1 %, 35270 MiB, 38.13 W
2026/09/20 11:04:06.689, 2, 0 %, 0 %, 35270 MiB, 37.04 W
2026/09/20 11:04:11.694, 0, 0 %, 0 %, 35270 MiB, 38.59 W
2026/09/20 11:04:11.695, 1, 0 %, 0 %, 35270 MiB, 47.56 W
2026/09/20 11:04:11.695, 2, 0 %, 0 %, 35270 MiB, 37.06 W
2026/09/20 11:04:16.695, 0, 0 %, 0 %, 35270 MiB, 38.58 W
2026/09/20 11:04:16.696, 1, 0 %, 0 %, 35270 MiB, 47.56 W
2026/09/20 11:04:16.696, 2, 0 %, 0 %, 35270 MiB, 37.27 W
2026/09/20 11:04:21.697, 0, 0 %, 0 %, 35270 MiB, 38.89 W
2026/09/20 11:04:21.698, 1, 15 %, 1 %, 35270 MiB, 38.25 W
2026/09/20 11:04:21.698, 2, 0 %, 0 %, 35270 MiB, 36.96 W
2026/09/20 11:04:26.701, 0, 0 %, 0 %, 35270 MiB, 38.76 W
2026/09/20 11:04:26.701, 1, 0 %, 0 %, 35270 MiB, 38.14 W
2026/09/20 11:04:26.701, 2, 0 %, 0 %, 35270 MiB, 37.06 W
2026/09/20 11:04:31.703, 0, 0 %, 0 %, 35270 MiB, 38.75 W
2026/09/20 11:04:31.704, 1, 0 %, 0 %, 35270 MiB, 38.13 W
2026/09/20 11:04:31.704, 2, 0 %, 0 %, 35270 MiB, 37.14 W
2026/09/20 11:04:36.705, 0, 0 %, 0 %, 35270 MiB, 38.86 W
2026/09/20 11:04:36.706, 1, 0 %, 0 %, 35270 MiB, 38.23 W
2026/09/20 11:04:36.706, 2, 0 %, 0 %, 35270 MiB, 37.04 W
2026/09/20 11:04:41.707, 0, 0 %, 0 %, 35270 MiB, 38.95 W
2026/09/20 11:04:41.707, 1, 0 %, 0 %, 35270 MiB, 38.23 W
2026/09/20 11:04:41.708, 2, 0 %, 0 %, 35270 MiB, 37.44 W
2026/09/20 11:04:46.715, 0, 0 %, 0 %, 35270 MiB, 38.47 W
2026/09/20 11:04:46.715, 1, 0 %, 0 %, 35270 MiB, 38.25 W
2026/09/20 11:04:46.715, 2, 0 %, 0 %, 35270 MiB, 37.04 W
2026/09/20 11:04:51.717, 0, 0 %, 0 %, 35270 MiB, 38.37 W
2026/09/20 11:04:51.717, 1, 0 %, 0 %, 35270 MiB, 38.44 W
2026/09/20 11:04:51.717, 2, 0 %, 0 %, 35270 MiB, 37.06 W
2026/09/20 11:04:56.719, 0, 0 %, 0 %, 35270 MiB, 38.86 W
2026/09/20 11:04:56.719, 1, 0 %, 0 %, 35270 MiB, 38.23 W
2026/09/20 11:04:56.719, 2, 5 %, 0 %, 35270 MiB, 41.41 W
2026/09/20 11:05:01.721, 0, 0 %, 0 %, 35270 MiB, 38.94 W
2026/09/20 11:05:01.721, 1, 0 %, 0 %, 35270 MiB, 38.02 W
2026/09/20 11:05:01.722, 2, 0 %, 0 %, 35270 MiB, 37.34 W
2026/09/20 11:05:06.723, 0, 0 %, 0 %, 35270 MiB, 38.95 W
2026/09/20 11:05:06.724, 1, 0 %, 0 %, 35270 MiB, 38.12 W
2026/09/20 11:05:06.724, 2, 0 %, 0 %, 35270 MiB, 37.23 W
2026/09/20 11:05:11.725, 0, 0 %, 0 %, 35270 MiB, 38.86 W
2026/09/20 11:05:11.726, 1, 0 %, 0 %, 35270 MiB, 38.23 W
2026/09/20 11:05:11.726, 2, 0 %, 0 %, 35270 MiB, 37.25 W
2026/09/20 11:05:16.730, 0, 0 %, 0 %, 35270 MiB, 38.71 W
2026/09/20 11:05:16.730, 1, 0 %, 0 %, 35270 MiB, 38.17 W
2026/09/20 11:05:16.731, 2, 0 %, 0 %, 35270 MiB, 37.38 W
2026/09/20 11:05:21.731, 0, 0 %, 0 %, 35270 MiB, 38.76 W
2026/09/20 11:05:21.732, 1, 0 %, 0 %, 35270 MiB, 38.14 W
2026/09/20 11:05:21.732, 2, 0 %, 0 %, 35270 MiB, 37.25 W
2026/09/20 11:05:26.734, 0, 0 %, 0 %, 35270 MiB, 38.66 W
2026/09/20 11:05:26.734, 1, 0 %, 0 %, 35270 MiB, 38.34 W
2026/09/20 11:05:26.734, 2, 0 %, 0 %, 35270 MiB, 37.24 W
2026/09/20 11:05:31.736, 0, 0 %, 0 %, 35270 MiB, 38.75 W
2026/09/20 11:05:31.737, 1, 0 %, 0 %, 35270 MiB, 38.23 W
2026/09/20 11:05:31.737, 2, 5 %, 0 %, 35270 MiB, 37.35 W
2026/09/20 11:05:36.738, 0, 0 %, 0 %, 35270 MiB, 38.77 W
2026/09/20 11:05:36.739, 1, 0 %, 0 %, 35270 MiB, 38.25 W
2026/09/20 11:05:36.739, 2, 0 %, 0 %, 35270 MiB, 37.25 W
2026/09/20 11:05:41.739, 0, 0 %, 0 %, 35270 MiB, 38.91 W
2026/09/20 11:05:41.740, 1, 0 %, 0 %, 35270 MiB, 38.26 W
2026/09/20 11:05:41.740, 2, 0 %, 0 %, 35270 MiB, 37.18 W
2026/09/20 11:05:46.741, 0, 0 %, 0 %, 35270 MiB, 38.87 W
2026/09/20 11:05:46.742, 1, 0 %, 0 %, 35270 MiB, 38.35 W
2026/09/20 11:05:46.742, 2, 25 %, 1 %, 35270 MiB, 37.25 W
2026/09/20 11:05:51.743, 0, 0 %, 0 %, 35270 MiB, 38.85 W
2026/09/20 11:05:51.744, 1, 0 %, 0 %, 35270 MiB, 38.44 W
2026/09/20 11:05:51.744, 2, 43 %, 2 %, 35270 MiB, 41.71 W
2026/09/20 11:05:56.745, 0, 0 %, 0 %, 35270 MiB, 39.13 W
2026/09/20 11:05:56.746, 1, 0 %, 0 %, 35270 MiB, 38.43 W
2026/09/20 11:05:56.746, 2, 0 %, 0 %, 35270 MiB, 37.34 W
2026/09/20 11:06:01.753, 0, 0 %, 0 %, 35270 MiB, 38.94 W
2026/09/20 11:06:01.753, 1, 0 %, 0 %, 35270 MiB, 38.42 W
2026/09/20 11:06:01.753, 2, 0 %, 0 %, 35270 MiB, 37.21 W
2026/09/20 11:06:06.754, 0, 0 %, 0 %, 35270 MiB, 38.96 W
2026/09/20 11:06:06.755, 1, 0 %, 0 %, 35270 MiB, 38.22 W
2026/09/20 11:06:06.755, 2, 20 %, 1 %, 35270 MiB, 37.13 W
2026/09/20 11:06:11.756, 0, 0 %, 0 %, 35270 MiB, 38.85 W
2026/09/20 11:06:11.757, 1, 0 %, 0 %, 35270 MiB, 38.03 W
2026/09/20 11:06:11.757, 2, 10 %, 0 %, 35270 MiB, 37.44 W
2026/09/20 11:06:16.758, 0, 0 %, 0 %, 35270 MiB, 38.96 W
2026/09/20 11:06:16.759, 1, 0 %, 0 %, 35270 MiB, 38.13 W
2026/09/20 11:06:16.759, 2, 25 %, 1 %, 35270 MiB, 37.24 W
2026/09/20 11:06:21.760, 0, 0 %, 0 %, 35270 MiB, 38.85 W
2026/09/20 11:06:21.760, 1, 0 %, 0 %, 35270 MiB, 38.11 W
2026/09/20 11:06:21.761, 2, 0 %, 0 %, 35270 MiB, 37.21 W
2026/09/20 11:06:26.762, 0, 0 %, 0 %, 35270 MiB, 38.79 W
2026/09/20 11:06:26.762, 1, 0 %, 0 %, 35270 MiB, 38.15 W
2026/09/20 11:06:26.762, 2, 0 %, 0 %, 35270 MiB, 37.26 W
2026/09/20 11:06:31.764, 0, 0 %, 0 %, 35270 MiB, 38.75 W
2026/09/20 11:06:31.765, 1, 0 %, 0 %, 35270 MiB, 38.03 W
2026/09/20 11:06:31.765, 2, 0 %, 0 %, 35270 MiB, 37.35 W
2026/09/20 11:06:36.765, 0, 0 %, 0 %, 35270 MiB, 38.90 W
2026/09/20 11:06:36.766, 1, 0 %, 0 %, 35270 MiB, 38.18 W
2026/09/20 11:06:36.766, 2, 0 %, 0 %, 35270 MiB, 37.08 W
2026/09/20 11:06:41.767, 0, 0 %, 0 %, 35270 MiB, 38.76 W
2026/09/20 11:06:41.767, 1, 0 %, 0 %, 35270 MiB, 38.23 W
2026/09/20 11:06:41.767, 2, 0 %, 0 %, 35270 MiB, 37.06 W
2026/09/20 11:06:46.769, 0, 0 %, 0 %, 35270 MiB, 38.86 W
2026/09/20 11:06:46.769, 1, 0 %, 0 %, 35270 MiB, 38.23 W
2026/09/20 11:06:46.770, 2, 0 %, 0 %, 35270 MiB, 37.14 W
2026/09/20 11:06:51.770, 0, 0 %, 0 %, 35270 MiB, 38.94 W
2026/09/20 11:06:51.771, 1, 0 %, 0 %, 35270 MiB, 38.32 W
2026/09/20 11:06:51.771, 2, 0 %, 0 %, 35270 MiB, 37.23 W
2026/09/20 11:06:56.772, 0, 0 %, 0 %, 35270 MiB, 38.94 W
2026/09/20 11:06:56.772, 1, 0 %, 0 %, 35270 MiB, 38.43 W
2026/09/20 11:06:56.773, 2, 0 %, 0 %, 35270 MiB, 37.23 W
2026/09/20 11:07:01.774, 0, 0 %, 0 %, 35270 MiB, 38.96 W
2026/09/20 11:07:01.775, 1, 0 %, 0 %, 35270 MiB, 38.33 W
2026/09/20 11:07:01.775, 2, 0 %, 0 %, 35270 MiB, 37.14 W
2026/09/20 11:07:06.775, 0, 0 %, 0 %, 35270 MiB, 38.87 W
2026/09/20 11:07:06.775, 1, 0 %, 0 %, 35270 MiB, 38.25 W
2026/09/20 11:07:06.776, 2, 0 %, 0 %, 35270 MiB, 37.26 W
2026/09/20 11:07:11.779, 0, 0 %, 0 %, 35270 MiB, 39.04 W
2026/09/20 11:07:11.780, 1, 0 %, 0 %, 35270 MiB, 38.22 W
2026/09/20 11:07:11.780, 2, 0 %, 0 %, 35270 MiB, 37.35 W
2026/09/20 11:07:16.781, 0, 0 %, 0 %, 35270 MiB, 38.96 W
2026/09/20 11:07:16.781, 1, 0 %, 0 %, 35270 MiB, 38.34 W
2026/09/20 11:07:16.782, 2, 0 %, 0 %, 35270 MiB, 37.36 W
2026/09/20 11:07:21.783, 0, 0 %, 0 %, 35270 MiB, 39.07 W
2026/09/20 11:07:21.783, 1, 0 %, 0 %, 35270 MiB, 38.24 W
2026/09/20 11:07:21.784, 2, 0 %, 0 %, 35270 MiB, 37.33 W
2026/09/20 11:07:26.785, 0, 0 %, 0 %, 35270 MiB, 39.17 W
2026/09/20 11:07:26.785, 1, 0 %, 0 %, 35270 MiB, 38.25 W
2026/09/20 11:07:26.785, 2, 0 %, 0 %, 35270 MiB, 37.57 W
2026/09/20 11:07:31.785, 0, 0 %, 0 %, 35270 MiB, 38.86 W
2026/09/20 11:07:31.786, 1, 0 %, 0 %, 35270 MiB, 38.44 W
2026/09/20 11:07:31.786, 2, 0 %, 0 %, 35270 MiB, 37.35 W
2026/09/20 11:07:36.787, 0, 0 %, 0 %, 35270 MiB, 38.83 W
2026/09/20 11:07:36.787, 1, 0 %, 0 %, 35270 MiB, 38.21 W
2026/09/20 11:07:36.788, 2, 0 %, 0 %, 35270 MiB, 37.32 W
2026/09/20 11:07:41.788, 0, 0 %, 0 %, 35270 MiB, 38.78 W
2026/09/20 11:07:41.789, 1, 0 %, 0 %, 35270 MiB, 38.15 W
2026/09/20 11:07:41.789, 2, 0 %, 0 %, 35270 MiB, 37.06 W
2026/09/20 11:07:46.790, 0, 0 %, 0 %, 35270 MiB, 38.87 W
2026/09/20 11:07:46.790, 1, 0 %, 0 %, 35270 MiB, 38.15 W
2026/09/20 11:07:46.790, 2, 0 %, 0 %, 35270 MiB, 37.25 W
2026/09/20 11:07:51.792, 0, 0 %, 0 %, 35270 MiB, 38.87 W
2026/09/20 11:07:51.792, 1, 0 %, 0 %, 35270 MiB, 38.25 W
2026/09/20 11:07:51.792, 2, 0 %, 0 %, 35270 MiB, 37.15 W
2026/09/20 11:07:56.794, 0, 0 %, 0 %, 35270 MiB, 38.89 W
2026/09/20 11:07:56.795, 1, 0 %, 0 %, 35270 MiB, 38.25 W
2026/09/20 11:07:56.795, 2, 0 %, 0 %, 35270 MiB, 37.06 W
2026/09/20 11:08:01.796, 0, 0 %, 0 %, 35270 MiB, 38.88 W
2026/09/20 11:08:01.796, 1, 0 %, 0 %, 35270 MiB, 38.26 W
2026/09/20 11:08:01.796, 2, 0 %, 0 %, 35270 MiB, 37.16 W
2026/09/20 11:08:06.798, 0, 0 %, 0 %, 35270 MiB, 38.87 W
2026/09/20 11:08:06.798, 1, 0 %, 0 %, 35270 MiB, 38.25 W
2026/09/20 11:08:06.798, 2, 0 %, 0 %, 35270 MiB, 37.25 W
2026/09/20 11:08:11.799, 0, 0 %, 0 %, 35270 MiB, 38.97 W
2026/09/20 11:08:11.799, 1, 0 %, 0 %, 35270 MiB, 38.44 W
2026/09/20 11:08:11.799, 2, 0 %, 0 %, 35270 MiB, 37.24 W
2026/09/20 11:08:16.799, 0, 0 %, 0 %, 35270 MiB, 38.96 W
2026/09/20 11:08:16.800, 1, 0 %, 0 %, 35270 MiB, 38.34 W
2026/09/20 11:08:16.800, 2, 0 %, 0 %, 35270 MiB, 37.24 W
2026/09/20 11:08:21.801, 0, 0 %, 0 %, 35270 MiB, 39.14 W
2026/09/20 11:08:21.801, 1, 0 %, 0 %, 35270 MiB, 38.12 W
2026/09/20 11:08:21.801, 2, 0 %, 0 %, 35270 MiB, 37.23 W
2026/09/20 11:08:26.803, 0, 0 %, 0 %, 35270 MiB, 38.96 W
2026/09/20 11:08:26.804, 1, 0 %, 0 %, 35270 MiB, 38.23 W
2026/09/20 11:08:26.804, 2, 0 %, 0 %, 35270 MiB, 37.24 W
2026/09/20 11:08:31.804, 0, 0 %, 0 %, 35270 MiB, 38.87 W
2026/09/20 11:08:31.805, 1, 0 %, 0 %, 35270 MiB, 38.03 W
2026/09/20 11:08:31.805, 2, 0 %, 0 %, 35270 MiB, 37.24 W
2026/09/20 11:08:36.806, 0, 0 %, 0 %, 35270 MiB, 38.75 W
2026/09/20 11:08:36.806, 1, 0 %, 0 %, 35270 MiB, 38.03 W
2026/09/20 11:08:36.807, 2, 0 %, 0 %, 35270 MiB, 37.14 W
2026/09/20 11:08:41.808, 0, 0 %, 0 %, 35270 MiB, 38.86 W
2026/09/20 11:08:41.809, 1, 0 %, 0 %, 35270 MiB, 38.03 W
2026/09/20 11:08:41.809, 2, 0 %, 0 %, 35270 MiB, 37.44 W
2026/09/20 11:08:46.809, 0, 0 %, 0 %, 35270 MiB, 38.78 W
2026/09/20 11:08:46.810, 1, 0 %, 0 %, 35270 MiB, 38.15 W
2026/09/20 11:08:46.810, 2, 0 %, 0 %, 35270 MiB, 37.16 W
2026/09/20 11:08:51.811, 0, 0 %, 0 %, 35270 MiB, 38.69 W
2026/09/20 11:08:51.811, 1, 0 %, 0 %, 35270 MiB, 38.06 W
2026/09/20 11:08:51.812, 2, 0 %, 0 %, 35270 MiB, 37.07 W
2026/09/20 11:08:56.812, 0, 0 %, 0 %, 35270 MiB, 38.75 W
2026/09/20 11:08:56.813, 1, 0 %, 0 %, 35270 MiB, 38.13 W
2026/09/20 11:08:56.813, 2, 0 %, 0 %, 35270 MiB, 37.14 W
2026/09/20 11:09:01.814, 0, 0 %, 0 %, 35270 MiB, 38.47 W
2026/09/20 11:09:01.815, 1, 0 %, 0 %, 35270 MiB, 38.33 W
2026/09/20 11:09:01.815, 2, 0 %, 0 %, 35270 MiB, 37.15 W
2026/09/20 11:09:06.815, 0, 0 %, 0 %, 35270 MiB, 38.87 W
2026/09/20 11:09:06.816, 1, 0 %, 0 %, 35270 MiB, 38.25 W
2026/09/20 11:09:06.816, 2, 0 %, 0 %, 35270 MiB, 37.15 W
2026/09/20 11:09:11.817, 0, 0 %, 0 %, 35270 MiB, 38.79 W
2026/09/20 11:09:11.817, 1, 0 %, 0 %, 35270 MiB, 38.25 W
2026/09/20 11:09:11.818, 2, 0 %, 0 %, 35270 MiB, 37.16 W
2026/09/20 11:09:16.819, 0, 0 %, 0 %, 35270 MiB, 39.04 W
2026/09/20 11:09:16.820, 1, 0 %, 0 %, 35270 MiB, 38.22 W
2026/09/20 11:09:16.820, 2, 0 %, 0 %, 35270 MiB, 37.13 W
2026/09/20 11:09:21.821, 0, 0 %, 0 %, 35270 MiB, 38.83 W
2026/09/20 11:09:21.821, 1, 0 %, 0 %, 35270 MiB, 38.32 W
2026/09/20 11:09:21.822, 2, 0 %, 0 %, 35270 MiB, 37.23 W
2026/09/20 11:09:26.823, 0, 0 %, 0 %, 35270 MiB, 38.87 W
2026/09/20 11:09:26.824, 1, 0 %, 0 %, 35270 MiB, 38.04 W
2026/09/20 11:09:26.824, 2, 0 %, 0 %, 35270 MiB, 37.15 W
2026/09/20 11:09:31.824, 0, 0 %, 0 %, 35270 MiB, 38.99 W
2026/09/20 11:09:31.825, 1, 0 %, 0 %, 35270 MiB, 38.08 W
2026/09/20 11:09:31.825, 2, 0 %, 0 %, 35270 MiB, 37.18 W
2026/09/20 11:09:36.825, 0, 0 %, 0 %, 35270 MiB, 39.12 W
2026/09/20 11:09:36.826, 1, 0 %, 0 %, 35270 MiB, 38.39 W
2026/09/20 11:09:36.826, 2, 0 %, 0 %, 35270 MiB, 37.49 W
2026/09/20 11:09:41.826, 0, 0 %, 0 %, 35270 MiB, 39.02 W
2026/09/20 11:09:41.827, 1, 0 %, 0 %, 35270 MiB, 38.08 W
2026/09/20 11:09:41.827, 2, 0 %, 0 %, 35270 MiB, 37.39 W
2026/09/20 11:09:46.827, 0, 0 %, 0 %, 35270 MiB, 38.81 W
2026/09/20 11:09:46.828, 1, 0 %, 0 %, 35270 MiB, 38.18 W
2026/09/20 11:09:46.828, 2, 0 %, 0 %, 35270 MiB, 37.39 W
2026/09/20 11:09:51.828, 0, 0 %, 0 %, 35270 MiB, 38.91 W
2026/09/20 11:09:51.829, 1, 0 %, 0 %, 35270 MiB, 38.18 W
2026/09/20 11:09:51.829, 2, 0 %, 0 %, 35270 MiB, 37.28 W
2026/09/20 11:09:56.829, 0, 0 %, 0 %, 35270 MiB, 38.99 W
2026/09/20 11:09:56.830, 1, 0 %, 0 %, 35270 MiB, 38.38 W
2026/09/20 11:09:56.830, 2, 0 %, 0 %, 35270 MiB, 37.29 W
2026/09/20 11:10:01.830, 0, 0 %, 0 %, 35270 MiB, 38.97 W
2026/09/20 11:10:01.831, 1, 0 %, 0 %, 35270 MiB, 38.35 W
2026/09/20 11:10:01.831, 2, 0 %, 0 %, 35270 MiB, 37.25 W
2026/09/20 11:10:06.832, 0, 0 %, 0 %, 35270 MiB, 39.06 W
2026/09/20 11:10:06.832, 1, 0 %, 0 %, 35270 MiB, 38.34 W
2026/09/20 11:10:06.832, 2, 0 %, 0 %, 35270 MiB, 37.24 W
2026/09/20 11:10:11.834, 0, 0 %, 0 %, 35270 MiB, 38.97 W
2026/09/20 11:10:11.834, 1, 0 %, 0 %, 35270 MiB, 38.33 W
2026/09/20 11:10:11.834, 2, 0 %, 0 %, 35270 MiB, 37.24 W
2026/09/20 11:10:16.836, 0, 0 %, 0 %, 35270 MiB, 38.94 W
2026/09/20 11:10:16.836, 1, 0 %, 0 %, 35270 MiB, 38.22 W
2026/09/20 11:10:16.836, 2, 0 %, 0 %, 35270 MiB, 37.33 W
2026/09/20 11:10:21.837, 0, 0 %, 0 %, 35270 MiB, 38.74 W
2026/09/20 11:10:21.838, 1, 0 %, 0 %, 35270 MiB, 38.12 W
2026/09/20 11:10:21.838, 2, 0 %, 0 %, 35270 MiB, 37.13 W
2026/09/20 11:10:26.839, 0, 0 %, 0 %, 35270 MiB, 38.75 W
2026/09/20 11:10:26.839, 1, 0 %, 0 %, 35270 MiB, 38.13 W
2026/09/20 11:10:26.839, 2, 0 %, 0 %, 35270 MiB, 37.04 W
2026/09/20 11:10:31.840, 0, 0 %, 0 %, 35270 MiB, 38.94 W
2026/09/20 11:10:31.841, 1, 0 %, 0 %, 35270 MiB, 38.03 W
2026/09/20 11:10:31.841, 2, 0 %, 0 %, 35270 MiB, 37.24 W
2026/09/20 11:10:36.842, 0, 0 %, 0 %, 35270 MiB, 38.76 W
2026/09/20 11:10:36.842, 1, 0 %, 0 %, 35270 MiB, 37.84 W
2026/09/20 11:10:36.842, 2, 0 %, 0 %, 35270 MiB, 37.04 W
2026/09/20 11:10:41.843, 0, 0 %, 0 %, 35270 MiB, 38.76 W
2026/09/20 11:10:41.843, 1, 0 %, 0 %, 35270 MiB, 37.94 W
2026/09/20 11:10:41.844, 2, 0 %, 0 %, 35270 MiB, 37.06 W
2026/09/20 11:10:46.845, 0, 0 %, 0 %, 35270 MiB, 38.66 W
2026/09/20 11:10:46.845, 1, 0 %, 0 %, 35270 MiB, 37.85 W
2026/09/20 11:10:46.845, 2, 0 %, 0 %, 35270 MiB, 37.04 W
2026/09/20 11:10:51.847, 0, 0 %, 0 %, 35270 MiB, 38.76 W
2026/09/20 11:10:51.847, 1, 0 %, 0 %, 35270 MiB, 37.94 W
2026/09/20 11:10:51.848, 2, 0 %, 0 %, 35270 MiB, 37.24 W
2026/09/20 11:10:56.848, 0, 0 %, 0 %, 35270 MiB, 38.56 W
2026/09/20 11:10:56.849, 1, 0 %, 0 %, 35270 MiB, 37.93 W
2026/09/20 11:10:56.849, 2, 0 %, 0 %, 35270 MiB, 37.04 W
2026/09/20 11:11:01.850, 0, 0 %, 0 %, 35270 MiB, 38.56 W
2026/09/20 11:11:01.850, 1, 0 %, 0 %, 35270 MiB, 38.03 W
2026/09/20 11:11:01.850, 2, 0 %, 0 %, 35270 MiB, 37.14 W
2026/09/20 11:11:06.852, 0, 0 %, 0 %, 35270 MiB, 38.65 W
2026/09/20 11:11:06.852, 1, 0 %, 0 %, 35270 MiB, 38.13 W
2026/09/20 11:11:06.852, 2, 0 %, 0 %, 35270 MiB, 36.94 W
2026/09/20 11:11:11.854, 0, 0 %, 0 %, 35270 MiB, 38.75 W
2026/09/20 11:11:11.854, 1, 0 %, 0 %, 35270 MiB, 38.13 W
2026/09/20 11:11:11.855, 2, 0 %, 0 %, 35270 MiB, 37.04 W
2026/09/20 11:11:16.855, 0, 0 %, 0 %, 35270 MiB, 38.75 W
2026/09/20 11:11:16.855, 1, 0 %, 0 %, 35270 MiB, 38.13 W
2026/09/20 11:11:16.856, 2, 0 %, 0 %, 35270 MiB, 37.04 W
2026/09/20 11:11:21.857, 0, 0 %, 0 %, 35270 MiB, 38.65 W
2026/09/20 11:11:21.857, 1, 0 %, 0 %, 35270 MiB, 38.03 W
2026/09/20 11:11:21.857, 2, 0 %, 0 %, 35270 MiB, 37.04 W
2026/09/20 11:11:26.859, 0, 0 %, 0 %, 35270 MiB, 38.65 W
2026/09/20 11:11:26.859, 1, 0 %, 0 %, 35270 MiB, 38.23 W
2026/09/20 11:11:26.860, 2, 0 %, 0 %, 35270 MiB, 37.04 W
2026/09/20 11:11:31.861, 0, 0 %, 0 %, 35270 MiB, 38.76 W
2026/09/20 11:11:31.861, 1, 0 %, 0 %, 35270 MiB, 38.13 W
2026/09/20 11:11:31.861, 2, 0 %, 0 %, 35270 MiB, 37.04 W
2026/09/20 11:11:36.864, 0, 0 %, 0 %, 35270 MiB, 38.74 W
2026/09/20 11:11:36.864, 1, 0 %, 0 %, 35270 MiB, 38.03 W
2026/09/20 11:11:36.864, 2, 0 %, 0 %, 35270 MiB, 37.03 W
2026/09/20 11:11:41.866, 0, 0 %, 0 %, 35270 MiB, 38.65 W
2026/09/20 11:11:41.866, 1, 0 %, 0 %, 35270 MiB, 38.13 W
2026/09/20 11:11:41.866, 2, 0 %, 0 %, 35270 MiB, 37.13 W
2026/09/20 11:11:46.867, 0, 0 %, 0 %, 35270 MiB, 38.97 W
2026/09/20 11:11:46.867, 1, 0 %, 0 %, 35270 MiB, 37.93 W
2026/09/20 11:11:46.868, 2, 0 %, 0 %, 35270 MiB, 37.14 W
2026/09/20 11:11:51.869, 0, 0 %, 0 %, 35270 MiB, 38.85 W
2026/09/20 11:11:51.869, 1, 0 %, 0 %, 35270 MiB, 38.03 W
2026/09/20 11:11:51.869, 2, 0 %, 0 %, 35270 MiB, 37.24 W
2026/09/20 11:11:56.871, 0, 0 %, 0 %, 35270 MiB, 38.86 W
2026/09/20 11:11:56.871, 1, 0 %, 0 %, 35270 MiB, 38.03 W
2026/09/20 11:11:56.871, 2, 0 %, 0 %, 35270 MiB, 37.24 W
2026/09/20 11:12:01.872, 0, 0 %, 0 %, 35270 MiB, 38.75 W
2026/09/20 11:12:01.872, 1, 0 %, 0 %, 35270 MiB, 38.13 W
2026/09/20 11:12:01.873, 2, 0 %, 0 %, 35270 MiB, 37.24 W
2026/09/20 11:12:06.874, 0, 0 %, 0 %, 35270 MiB, 38.99 W
2026/09/20 11:12:06.874, 1, 0 %, 0 %, 35270 MiB, 38.05 W
2026/09/20 11:12:06.875, 2, 0 %, 0 %, 35270 MiB, 37.46 W
2026/09/20 11:12:11.876, 0, 0 %, 0 %, 35270 MiB, 38.78 W
2026/09/20 11:12:11.876, 1, 0 %, 0 %, 35270 MiB, 38.08 W
2026/09/20 11:12:11.877, 2, 0 %, 0 %, 35270 MiB, 37.06 W
2026/09/20 11:12:16.883, 0, 0 %, 0 %, 35270 MiB, 38.79 W
2026/09/20 11:12:16.883, 1, 0 %, 0 %, 35270 MiB, 38.25 W
2026/09/20 11:12:16.884, 2, 0 %, 0 %, 35270 MiB, 37.08 W
2026/09/20 11:12:21.884, 0, 0 %, 0 %, 35270 MiB, 38.79 W
2026/09/20 11:12:21.885, 1, 0 %, 0 %, 35270 MiB, 38.26 W
2026/09/20 11:12:21.885, 2, 0 %, 0 %, 35270 MiB, 37.06 W
2026/09/20 11:12:26.885, 0, 0 %, 0 %, 35270 MiB, 39.01 W
2026/09/20 11:12:26.885, 1, 0 %, 0 %, 35270 MiB, 38.28 W
2026/09/20 11:12:26.885, 2, 0 %, 0 %, 35270 MiB, 37.28 W
2026/09/20 11:12:31.886, 0, 0 %, 0 %, 35270 MiB, 38.92 W
2026/09/20 11:12:31.887, 1, 0 %, 0 %, 35270 MiB, 38.28 W
2026/09/20 11:12:31.887, 2, 0 %, 0 %, 35270 MiB, 37.18 W
2026/09/20 11:12:36.887, 0, 0 %, 0 %, 35270 MiB, 38.91 W
2026/09/20 11:12:36.887, 1, 0 %, 0 %, 35270 MiB, 38.39 W
2026/09/20 11:12:36.887, 2, 0 %, 0 %, 35270 MiB, 37.28 W
2026/09/20 11:12:41.888, 0, 0 %, 0 %, 35270 MiB, 39.02 W
2026/09/20 11:12:41.888, 1, 0 %, 0 %, 35270 MiB, 38.29 W
2026/09/20 11:12:41.888, 2, 0 %, 0 %, 35270 MiB, 37.38 W
2026/09/20 11:12:46.888, 0, 100 %, 7 %, 35270 MiB, 89.73 W
2026/09/20 11:12:46.889, 1, 100 %, 7 %, 35270 MiB, 92.61 W
2026/09/20 11:12:46.889, 2, 100 %, 7 %, 35270 MiB, 93.97 W
2026/09/20 11:12:51.889, 0, 100 %, 6 %, 35270 MiB, 90.23 W
2026/09/20 11:12:51.889, 1, 100 %, 7 %, 35270 MiB, 91.76 W
2026/09/20 11:12:51.889, 2, 99 %, 7 %, 35270 MiB, 93.16 W
2026/09/20 11:12:56.890, 0, 100 %, 7 %, 35270 MiB, 95.67 W
2026/09/20 11:12:56.890, 1, 100 %, 7 %, 35270 MiB, 99.19 W
2026/09/20 11:12:56.890, 2, 100 %, 7 %, 35270 MiB, 94.68 W
2026/09/20 11:13:01.890, 0, 100 %, 6 %, 35270 MiB, 181.57 W
2026/09/20 11:13:01.891, 1, 100 %, 7 %, 35270 MiB, 98.98 W
2026/09/20 11:13:01.891, 2, 100 %, 7 %, 35270 MiB, 90.69 W
2026/09/20 11:13:06.891, 0, 100 %, 11 %, 35270 MiB, 92.39 W
2026/09/20 11:13:06.891, 1, 100 %, 7 %, 35270 MiB, 92.95 W
2026/09/20 11:13:06.891, 2, 100 %, 7 %, 35270 MiB, 94.08 W
2026/09/20 11:13:11.892, 0, 100 %, 7 %, 35270 MiB, 91.57 W
2026/09/20 11:13:11.892, 1, 100 %, 9 %, 35270 MiB, 92.19 W
2026/09/20 11:13:11.892, 2, 100 %, 7 %, 35270 MiB, 93.80 W
2026/09/20 11:13:16.892, 0, 100 %, 7 %, 35270 MiB, 93.16 W
2026/09/20 11:13:16.893, 1, 100 %, 11 %, 35270 MiB, 99.14 W
2026/09/20 11:13:16.893, 2, 99 %, 7 %, 35270 MiB, 95.70 W
2026/09/20 11:13:21.894, 0, 100 %, 7 %, 35270 MiB, 95.74 W
2026/09/20 11:13:21.894, 1, 100 %, 11 %, 35270 MiB, 102.24 W
2026/09/20 11:13:21.894, 2, 100 %, 7 %, 35270 MiB, 95.38 W
2026/09/20 11:13:26.895, 0, 100 %, 7 %, 35270 MiB, 93.42 W
2026/09/20 11:13:26.895, 1, 100 %, 7 %, 35270 MiB, 96.26 W
2026/09/20 11:13:26.895, 2, 100 %, 7 %, 35270 MiB, 96.78 W
2026/09/20 11:13:31.899, 0, 100 %, 7 %, 35270 MiB, 94.82 W
2026/09/20 11:13:31.899, 1, 100 %, 6 %, 35270 MiB, 95.55 W
2026/09/20 11:13:31.899, 2, 100 %, 7 %, 35270 MiB, 93.35 W
2026/09/20 11:13:36.900, 0, 100 %, 7 %, 35270 MiB, 97.79 W
2026/09/20 11:13:36.900, 1, 100 %, 6 %, 35270 MiB, 97.51 W
2026/09/20 11:13:36.900, 2, 100 %, 7 %, 35270 MiB, 99.25 W
2026/09/20 11:13:41.901, 0, 100 %, 6 %, 35270 MiB, 97.68 W
2026/09/20 11:13:41.901, 1, 97 %, 11 %, 35270 MiB, 99.42 W
2026/09/20 11:13:41.901, 2, 100 %, 7 %, 35270 MiB, 98.77 W
2026/09/20 11:13:46.902, 0, 100 %, 7 %, 35270 MiB, 97.27 W
2026/09/20 11:13:46.902, 1, 100 %, 7 %, 35270 MiB, 100.67 W
2026/09/20 11:13:46.902, 2, 100 %, 7 %, 35270 MiB, 100.66 W
2026/09/20 11:13:51.902, 0, 100 %, 7 %, 35270 MiB, 98.19 W
2026/09/20 11:13:51.902, 1, 100 %, 7 %, 35270 MiB, 95.69 W
2026/09/20 11:13:51.902, 2, 100 %, 7 %, 35270 MiB, 97.41 W
2026/09/20 11:13:56.903, 0, 100 %, 7 %, 35270 MiB, 102.07 W
2026/09/20 11:13:56.903, 1, 100 %, 7 %, 35270 MiB, 101.73 W
2026/09/20 11:13:56.903, 2, 99 %, 6 %, 35270 MiB, 102.61 W
2026/09/20 11:14:01.904, 0, 100 %, 7 %, 35270 MiB, 103.02 W
2026/09/20 11:14:01.904, 1, 100 %, 7 %, 35270 MiB, 104.13 W
2026/09/20 11:14:01.905, 2, 100 %, 7 %, 35270 MiB, 95.83 W
2026/09/20 11:14:06.905, 0, 100 %, 10 %, 35270 MiB, 98.04 W
2026/09/20 11:14:06.905, 1, 100 %, 7 %, 35270 MiB, 101.23 W
2026/09/20 11:14:06.905, 2, 100 %, 6 %, 35270 MiB, 107.11 W
2026/09/20 11:14:11.906, 0, 100 %, 7 %, 35270 MiB, 97.86 W
2026/09/20 11:14:11.906, 1, 100 %, 7 %, 35270 MiB, 96.09 W
2026/09/20 11:14:11.906, 2, 100 %, 7 %, 35270 MiB, 102.02 W
2026/09/20 11:14:16.906, 0, 100 %, 7 %, 35270 MiB, 99.78 W
2026/09/20 11:14:16.906, 1, 100 %, 7 %, 35270 MiB, 99.75 W
2026/09/20 11:14:16.906, 2, 99 %, 7 %, 35270 MiB, 99.86 W
2026/09/20 11:14:21.907, 0, 100 %, 7 %, 35270 MiB, 99.21 W
2026/09/20 11:14:21.907, 1, 100 %, 7 %, 35270 MiB, 101.55 W
2026/09/20 11:14:21.907, 2, 100 %, 7 %, 35270 MiB, 107.66 W
2026/09/20 11:14:26.908, 0, 100 %, 7 %, 35270 MiB, 102.51 W
2026/09/20 11:14:26.908, 1, 100 %, 7 %, 35270 MiB, 101.17 W
2026/09/20 11:14:26.908, 2, 100 %, 6 %, 35270 MiB, 102.88 W
2026/09/20 11:14:31.908, 0, 100 %, 7 %, 35270 MiB, 103.31 W
2026/09/20 11:14:31.908, 1, 100 %, 11 %, 35270 MiB, 108.80 W
2026/09/20 11:14:31.908, 2, 99 %, 6 %, 35270 MiB, 102.11 W
2026/09/20 11:14:36.909, 0, 100 %, 7 %, 35270 MiB, 99.70 W
2026/09/20 11:14:36.909, 1, 100 %, 7 %, 35270 MiB, 96.70 W
2026/09/20 11:14:36.909, 2, 100 %, 7 %, 35270 MiB, 99.55 W
2026/09/20 11:14:41.910, 0, 100 %, 7 %, 35270 MiB, 99.08 W
2026/09/20 11:14:41.910, 1, 100 %, 7 %, 35270 MiB, 104.85 W
2026/09/20 11:14:41.910, 2, 100 %, 11 %, 35270 MiB, 102.53 W
2026/09/20 11:14:46.911, 0, 100 %, 7 %, 35270 MiB, 97.36 W
2026/09/20 11:14:46.911, 1, 100 %, 7 %, 35270 MiB, 103.55 W
2026/09/20 11:14:46.911, 2, 100 %, 11 %, 35270 MiB, 99.46 W
2026/09/20 11:14:51.912, 0, 100 %, 6 %, 35270 MiB, 104.70 W
2026/09/20 11:14:51.912, 1, 100 %, 7 %, 35270 MiB, 98.42 W
2026/09/20 11:14:51.912, 2, 100 %, 7 %, 35270 MiB, 97.10 W
2026/09/20 11:14:56.912, 0, 100 %, 7 %, 35270 MiB, 101.02 W
2026/09/20 11:14:56.912, 1, 100 %, 7 %, 35270 MiB, 104.86 W
2026/09/20 11:14:56.913, 2, 100 %, 7 %, 35270 MiB, 96.13 W
2026/09/20 11:15:01.913, 0, 100 %, 10 %, 35270 MiB, 102.57 W
2026/09/20 11:15:01.913, 1, 100 %, 7 %, 35270 MiB, 97.28 W
2026/09/20 11:15:01.913, 2, 100 %, 7 %, 35270 MiB, 103.13 W
2026/09/20 11:15:06.914, 0, 100 %, 7 %, 35270 MiB, 102.66 W
2026/09/20 11:15:06.914, 1, 100 %, 7 %, 35270 MiB, 98.00 W
2026/09/20 11:15:06.914, 2, 100 %, 7 %, 35270 MiB, 97.17 W
2026/09/20 11:15:11.915, 0, 100 %, 7 %, 35270 MiB, 101.03 W
2026/09/20 11:15:11.915, 1, 100 %, 11 %, 35270 MiB, 105.09 W
2026/09/20 11:15:11.915, 2, 100 %, 7 %, 35270 MiB, 114.94 W
2026/09/20 11:15:16.916, 0, 100 %, 6 %, 35270 MiB, 100.56 W
2026/09/20 11:15:16.916, 1, 100 %, 11 %, 35270 MiB, 98.84 W
2026/09/20 11:15:16.916, 2, 100 %, 11 %, 35270 MiB, 102.78 W
2026/09/20 11:15:21.916, 0, 100 %, 14 %, 35270 MiB, 101.35 W
2026/09/20 11:15:21.917, 1, 100 %, 7 %, 35270 MiB, 101.52 W
2026/09/20 11:15:21.917, 2, 100 %, 7 %, 35270 MiB, 98.41 W
2026/09/20 11:15:26.917, 0, 100 %, 7 %, 35270 MiB, 101.98 W
2026/09/20 11:15:26.917, 1, 100 %, 7 %, 35270 MiB, 102.78 W
2026/09/20 11:15:26.917, 2, 100 %, 11 %, 35270 MiB, 150.49 W
2026/09/20 11:15:31.918, 0, 100 %, 10 %, 35270 MiB, 98.06 W
2026/09/20 11:15:31.918, 1, 100 %, 7 %, 35270 MiB, 155.72 W
2026/09/20 11:15:31.918, 2, 100 %, 7 %, 35270 MiB, 97.49 W
2026/09/20 11:15:36.918, 0, 100 %, 7 %, 35270 MiB, 96.39 W
2026/09/20 11:15:36.919, 1, 100 %, 7 %, 35270 MiB, 105.24 W
2026/09/20 11:15:36.919, 2, 100 %, 7 %, 35270 MiB, 138.85 W
2026/09/20 11:15:41.919, 0, 100 %, 7 %, 35270 MiB, 102.66 W
2026/09/20 11:15:41.919, 1, 100 %, 11 %, 35270 MiB, 100.41 W
2026/09/20 11:15:41.919, 2, 100 %, 7 %, 35270 MiB, 102.41 W
2026/09/20 11:15:46.920, 0, 100 %, 11 %, 35270 MiB, 103.72 W
2026/09/20 11:15:46.920, 1, 100 %, 11 %, 35270 MiB, 100.93 W
2026/09/20 11:15:46.920, 2, 100 %, 11 %, 35270 MiB, 102.57 W
2026/09/20 11:15:51.920, 0, 100 %, 10 %, 35270 MiB, 104.42 W
2026/09/20 11:15:51.921, 1, 55 %, 4 %, 35270 MiB, 93.32 W
2026/09/20 11:15:51.921, 2, 100 %, 6 %, 35270 MiB, 103.72 W
2026/09/20 11:15:56.921, 0, 0 %, 0 %, 35270 MiB, 46.81 W
2026/09/20 11:15:56.921, 1, 0 %, 0 %, 35270 MiB, 45.40 W
2026/09/20 11:15:56.922, 2, 0 %, 0 %, 35270 MiB, 43.53 W
2026/09/20 11:16:01.922, 0, 0 %, 0 %, 35270 MiB, 45.89 W
2026/09/20 11:16:01.922, 1, 0 %, 0 %, 35270 MiB, 45.16 W
2026/09/20 11:16:01.922, 2, 0 %, 0 %, 35270 MiB, 43.02 W
2026/09/20 11:16:06.924, 0, 0 %, 0 %, 35270 MiB, 45.27 W
2026/09/20 11:16:06.924, 1, 0 %, 0 %, 35270 MiB, 44.37 W
2026/09/20 11:16:06.924, 2, 0 %, 0 %, 35270 MiB, 42.70 W
2026/09/20 11:16:11.926, 0, 0 %, 0 %, 35270 MiB, 44.61 W
2026/09/20 11:16:11.926, 1, 0 %, 0 %, 35270 MiB, 43.37 W
2026/09/20 11:16:11.926, 2, 0 %, 0 %, 35270 MiB, 42.50 W
2026/09/20 11:16:16.927, 0, 0 %, 0 %, 35270 MiB, 44.00 W
2026/09/20 11:16:16.928, 1, 0 %, 0 %, 35270 MiB, 42.98 W
2026/09/20 11:16:16.928, 2, 0 %, 0 %, 35270 MiB, 42.01 W
2026/09/20 11:16:21.928, 0, 0 %, 0 %, 35270 MiB, 43.71 W
2026/09/20 11:16:21.929, 1, 0 %, 0 %, 35270 MiB, 42.88 W
2026/09/20 11:16:21.929, 2, 0 %, 0 %, 35270 MiB, 42.01 W
2026/09/20 11:16:26.930, 0, 0 %, 0 %, 35270 MiB, 43.12 W
2026/09/20 11:16:26.930, 1, 0 %, 0 %, 35270 MiB, 42.87 W
2026/09/20 11:16:26.930, 2, 0 %, 0 %, 35270 MiB, 41.41 W
2026/09/20 11:16:31.931, 0, 0 %, 0 %, 35270 MiB, 42.80 W
2026/09/20 11:16:31.931, 1, 0 %, 0 %, 35270 MiB, 42.78 W
2026/09/20 11:16:31.931, 2, 0 %, 0 %, 35270 MiB, 41.12 W
2026/09/20 11:16:36.932, 0, 0 %, 0 %, 35270 MiB, 42.52 W
2026/09/20 11:16:36.932, 1, 0 %, 0 %, 35270 MiB, 42.49 W
2026/09/20 11:16:36.933, 2, 0 %, 0 %, 35270 MiB, 40.84 W
2026/09/20 11:16:41.942, 0, 0 %, 0 %, 35270 MiB, 43.02 W
2026/09/20 11:16:41.942, 1, 0 %, 0 %, 35270 MiB, 41.89 W
2026/09/20 11:16:41.943, 2, 0 %, 0 %, 35270 MiB, 40.63 W
2026/09/20 11:16:46.948, 0, 0 %, 0 %, 35270 MiB, 42.62 W
2026/09/20 11:16:46.948, 1, 0 %, 0 %, 35270 MiB, 41.79 W
2026/09/20 11:16:46.948, 2, 0 %, 0 %, 35270 MiB, 40.44 W
2026/09/20 11:16:51.954, 0, 0 %, 0 %, 35270 MiB, 42.53 W
2026/09/20 11:16:51.954, 1, 0 %, 0 %, 35270 MiB, 42.09 W
2026/09/20 11:16:51.954, 2, 0 %, 0 %, 35270 MiB, 40.35 W
2026/09/20 11:16:56.955, 0, 0 %, 0 %, 35270 MiB, 42.42 W
2026/09/20 11:16:56.956, 1, 0 %, 0 %, 35270 MiB, 41.60 W
2026/09/20 11:16:56.956, 2, 0 %, 0 %, 35270 MiB, 40.33 W
2026/09/20 11:17:01.956, 0, 0 %, 0 %, 35270 MiB, 42.53 W
2026/09/20 11:17:01.957, 1, 0 %, 0 %, 35270 MiB, 41.60 W
2026/09/20 11:17:01.957, 2, 0 %, 0 %, 35270 MiB, 40.33 W
2026/09/20 11:17:06.958, 0, 0 %, 0 %, 35270 MiB, 42.21 W
2026/09/20 11:17:06.958, 1, 0 %, 0 %, 35270 MiB, 41.60 W
2026/09/20 11:17:06.959, 2, 0 %, 0 %, 35270 MiB, 40.01 W
2026/09/20 11:17:11.960, 0, 0 %, 0 %, 35270 MiB, 42.04 W
2026/09/20 11:17:11.960, 1, 0 %, 0 %, 35270 MiB, 41.24 W
2026/09/20 11:17:11.961, 2, 0 %, 0 %, 35270 MiB, 39.94 W
2026/09/20 11:17:16.961, 0, 0 %, 0 %, 35270 MiB, 41.93 W
2026/09/20 11:17:16.962, 1, 0 %, 0 %, 35270 MiB, 41.31 W
2026/09/20 11:17:16.962, 2, 0 %, 0 %, 35270 MiB, 39.82 W
2026/09/20 11:17:21.963, 0, 0 %, 0 %, 35270 MiB, 41.93 W
2026/09/20 11:17:21.963, 1, 0 %, 0 %, 35270 MiB, 40.81 W
2026/09/20 11:17:21.963, 2, 0 %, 0 %, 35270 MiB, 39.72 W
2026/09/20 11:17:26.964, 0, 0 %, 0 %, 35270 MiB, 41.74 W
2026/09/20 11:17:26.964, 1, 0 %, 0 %, 35270 MiB, 40.71 W
2026/09/20 11:17:26.965, 2, 0 %, 0 %, 35270 MiB, 39.53 W
2026/09/20 11:17:31.966, 0, 0 %, 0 %, 35270 MiB, 41.54 W
2026/09/20 11:17:31.966, 1, 0 %, 0 %, 35270 MiB, 40.52 W
2026/09/20 11:17:31.966, 2, 0 %, 0 %, 35270 MiB, 39.53 W
2026/09/20 11:17:36.968, 0, 0 %, 0 %, 35270 MiB, 41.14 W
2026/09/20 11:17:36.968, 1, 0 %, 0 %, 35270 MiB, 40.51 W
2026/09/20 11:17:36.969, 2, 0 %, 0 %, 35270 MiB, 39.62 W
2026/09/20 11:17:41.970, 0, 0 %, 0 %, 35270 MiB, 41.33 W
2026/09/20 11:17:41.971, 1, 0 %, 0 %, 35270 MiB, 40.61 W
2026/09/20 11:17:41.971, 2, 0 %, 0 %, 35270 MiB, 39.33 W
2026/09/20 11:17:46.971, 0, 0 %, 0 %, 35270 MiB, 41.24 W
2026/09/20 11:17:46.972, 1, 0 %, 0 %, 35270 MiB, 40.42 W
2026/09/20 11:17:46.972, 2, 0 %, 0 %, 35270 MiB, 39.23 W
2026/09/20 11:17:51.973, 0, 0 %, 0 %, 35270 MiB, 41.25 W
2026/09/20 11:17:51.973, 1, 0 %, 0 %, 35270 MiB, 40.83 W
2026/09/20 11:17:51.973, 2, 0 %, 0 %, 35270 MiB, 39.16 W
2026/09/20 11:17:56.974, 0, 0 %, 0 %, 35270 MiB, 41.18 W
2026/09/20 11:17:56.974, 1, 0 %, 0 %, 35270 MiB, 40.83 W
2026/09/20 11:17:56.974, 2, 0 %, 0 %, 35270 MiB, 39.37 W
2026/09/20 11:18:01.975, 0, 0 %, 0 %, 35270 MiB, 41.09 W
2026/09/20 11:18:01.975, 1, 0 %, 0 %, 35270 MiB, 41.16 W
2026/09/20 11:18:01.975, 2, 0 %, 0 %, 35270 MiB, 39.38 W
2026/09/20 11:18:06.975, 0, 0 %, 0 %, 35270 MiB, 41.12 W
2026/09/20 11:18:06.976, 1, 0 %, 0 %, 35270 MiB, 40.41 W
2026/09/20 11:18:06.976, 2, 0 %, 0 %, 35270 MiB, 39.13 W
2026/09/20 11:18:11.976, 0, 0 %, 0 %, 35270 MiB, 41.12 W
2026/09/20 11:18:11.977, 1, 0 %, 0 %, 35270 MiB, 40.30 W
2026/09/20 11:18:11.977, 2, 0 %, 0 %, 35270 MiB, 39.13 W
2026/09/20 11:18:16.978, 0, 0 %, 0 %, 35270 MiB, 40.93 W
2026/09/20 11:18:16.979, 1, 0 %, 0 %, 35270 MiB, 40.58 W
2026/09/20 11:18:16.979, 2, 0 %, 0 %, 35270 MiB, 39.13 W
2026/09/20 11:18:21.979, 0, 0 %, 0 %, 35270 MiB, 40.94 W
2026/09/20 11:18:21.980, 1, 0 %, 0 %, 35270 MiB, 39.97 W
2026/09/20 11:18:21.980, 2, 0 %, 0 %, 35270 MiB, 38.96 W
2026/09/20 11:18:26.980, 0, 0 %, 0 %, 35270 MiB, 40.88 W
2026/09/20 11:18:26.981, 1, 0 %, 0 %, 35270 MiB, 39.44 W
2026/09/20 11:18:26.981, 2, 0 %, 0 %, 35270 MiB, 38.86 W
2026/09/20 11:18:31.982, 0, 0 %, 0 %, 35270 MiB, 40.83 W
2026/09/20 11:18:31.982, 1, 0 %, 0 %, 35270 MiB, 39.41 W
2026/09/20 11:18:31.982, 2, 0 %, 0 %, 35270 MiB, 38.72 W
2026/09/20 11:18:36.984, 0, 0 %, 0 %, 35270 MiB, 40.75 W
2026/09/20 11:18:36.985, 1, 0 %, 0 %, 35270 MiB, 39.82 W
2026/09/20 11:18:36.985, 2, 0 %, 0 %, 35270 MiB, 38.84 W
2026/09/20 11:18:41.985, 0, 0 %, 0 %, 35270 MiB, 40.54 W
2026/09/20 11:18:41.986, 1, 0 %, 0 %, 35270 MiB, 39.61 W
2026/09/20 11:18:41.986, 2, 0 %, 0 %, 35270 MiB, 38.73 W
2026/09/20 11:18:46.987, 0, 0 %, 0 %, 35270 MiB, 40.56 W
2026/09/20 11:18:46.988, 1, 0 %, 0 %, 35270 MiB, 39.51 W
2026/09/20 11:18:46.988, 2, 0 %, 0 %, 35270 MiB, 38.73 W
2026/09/20 11:18:51.988, 0, 0 %, 0 %, 35270 MiB, 39.97 W
2026/09/20 11:18:51.989, 1, 0 %, 0 %, 35270 MiB, 39.56 W
2026/09/20 11:18:51.989, 2, 0 %, 0 %, 35270 MiB, 38.77 W
2026/09/20 11:18:56.990, 0, 0 %, 0 %, 35270 MiB, 40.23 W
2026/09/20 11:18:56.990, 1, 0 %, 0 %, 35270 MiB, 39.50 W
2026/09/20 11:18:56.990, 2, 0 %, 0 %, 35270 MiB, 38.43 W
2026/09/20 11:19:01.991, 0, 0 %, 0 %, 35270 MiB, 40.24 W
2026/09/20 11:19:01.992, 1, 0 %, 0 %, 35270 MiB, 39.51 W
2026/09/20 11:19:01.992, 2, 0 %, 0 %, 35270 MiB, 38.34 W
2026/09/20 11:19:06.995, 0, 0 %, 0 %, 35270 MiB, 40.24 W
2026/09/20 11:19:06.996, 1, 0 %, 0 %, 35270 MiB, 39.31 W
2026/09/20 11:19:06.996, 2, 0 %, 0 %, 35270 MiB, 38.24 W
2026/09/20 11:19:11.997, 0, 0 %, 0 %, 35270 MiB, 40.16 W
2026/09/20 11:19:11.997, 1, 0 %, 0 %, 35270 MiB, 39.43 W
2026/09/20 11:19:11.997, 2, 0 %, 0 %, 35270 MiB, 38.45 W
2026/09/20 11:19:16.999, 0, 0 %, 0 %, 35270 MiB, 40.13 W
2026/09/20 11:19:17.000, 1, 0 %, 0 %, 35270 MiB, 39.31 W
2026/09/20 11:19:17.000, 2, 0 %, 0 %, 35270 MiB, 38.23 W
2026/09/20 11:19:22.001, 0, 0 %, 0 %, 35270 MiB, 40.12 W
2026/09/20 11:19:22.002, 1, 0 %, 0 %, 35270 MiB, 39.12 W
2026/09/20 11:19:22.002, 2, 0 %, 0 %, 35270 MiB, 38.24 W
2026/09/20 11:19:27.002, 0, 0 %, 0 %, 35270 MiB, 40.24 W
2026/09/20 11:19:27.003, 1, 0 %, 0 %, 35270 MiB, 39.31 W
2026/09/20 11:19:27.003, 2, 0 %, 0 %, 35270 MiB, 38.24 W
2026/09/20 11:19:32.010, 0, 0 %, 0 %, 35270 MiB, 40.12 W
2026/09/20 11:19:32.011, 1, 0 %, 0 %, 35270 MiB, 39.21 W
2026/09/20 11:19:32.011, 2, 0 %, 0 %, 35270 MiB, 38.33 W
2026/09/20 11:19:37.011, 0, 0 %, 0 %, 35270 MiB, 40.13 W
2026/09/20 11:19:37.012, 1, 0 %, 0 %, 35270 MiB, 39.11 W
2026/09/20 11:19:37.012, 2, 0 %, 0 %, 35270 MiB, 38.23 W
2026/09/20 11:19:42.013, 0, 0 %, 0 %, 35270 MiB, 40.32 W
2026/09/20 11:19:42.013, 1, 0 %, 0 %, 35270 MiB, 39.09 W
2026/09/20 11:19:42.014, 2, 0 %, 0 %, 35270 MiB, 38.31 W
2026/09/20 11:19:47.015, 0, 0 %, 0 %, 35270 MiB, 39.92 W
2026/09/20 11:19:47.016, 1, 0 %, 0 %, 35270 MiB, 39.29 W
2026/09/20 11:19:47.016, 2, 0 %, 0 %, 35270 MiB, 38.80 W
2026/09/20 11:19:52.016, 0, 0 %, 0 %, 35270 MiB, 39.92 W
2026/09/20 11:19:52.017, 1, 0 %, 0 %, 35270 MiB, 39.09 W
2026/09/20 11:19:52.017, 2, 0 %, 0 %, 35270 MiB, 38.33 W
2026/09/20 11:19:57.018, 0, 0 %, 0 %, 35270 MiB, 39.92 W
2026/09/20 11:19:57.019, 1, 0 %, 0 %, 35270 MiB, 39.10 W
2026/09/20 11:19:57.019, 2, 0 %, 0 %, 35270 MiB, 38.23 W
2026/09/20 11:20:02.020, 0, 0 %, 0 %, 35270 MiB, 40.03 W
2026/09/20 11:20:02.021, 1, 0 %, 0 %, 35270 MiB, 39.10 W
2026/09/20 11:20:02.021, 2, 0 %, 0 %, 35270 MiB, 38.04 W
2026/09/20 11:20:07.022, 0, 0 %, 0 %, 35270 MiB, 39.91 W
2026/09/20 11:20:07.022, 1, 0 %, 0 %, 35270 MiB, 39.39 W
2026/09/20 11:20:07.022, 2, 0 %, 0 %, 35270 MiB, 38.22 W
2026/09/20 11:20:12.024, 0, 0 %, 0 %, 35270 MiB, 39.83 W
2026/09/20 11:20:12.024, 1, 0 %, 0 %, 35270 MiB, 39.39 W
2026/09/20 11:20:12.024, 2, 0 %, 0 %, 35270 MiB, 38.03 W
2026/09/20 11:20:17.032, 0, 0 %, 0 %, 35270 MiB, 39.44 W
2026/09/20 11:20:17.033, 1, 0 %, 0 %, 35270 MiB, 39.31 W
2026/09/20 11:20:17.033, 2, 0 %, 0 %, 35270 MiB, 38.04 W
2026/09/20 11:20:22.034, 0, 0 %, 0 %, 35270 MiB, 39.45 W
2026/09/20 11:20:22.035, 1, 0 %, 0 %, 35270 MiB, 39.51 W
2026/09/20 11:20:22.035, 2, 0 %, 0 %, 35270 MiB, 37.85 W
2026/09/20 11:20:27.036, 0, 0 %, 0 %, 35270 MiB, 39.84 W
2026/09/20 11:20:27.036, 1, 0 %, 0 %, 35270 MiB, 39.31 W
2026/09/20 11:20:27.037, 2, 0 %, 0 %, 35270 MiB, 38.14 W
2026/09/20 11:20:32.038, 0, 0 %, 0 %, 35270 MiB, 39.44 W
2026/09/20 11:20:32.038, 1, 0 %, 0 %, 35270 MiB, 39.29 W
2026/09/20 11:20:32.038, 2, 0 %, 0 %, 35270 MiB, 38.04 W
2026/09/20 11:20:37.048, 0, 0 %, 0 %, 35270 MiB, 40.17 W
2026/09/20 11:20:37.048, 1, 0 %, 0 %, 35270 MiB, 39.04 W
2026/09/20 11:20:37.049, 2, 0 %, 0 %, 35270 MiB, 37.96 W
2026/09/20 11:20:42.050, 0, 0 %, 0 %, 35270 MiB, 39.92 W
2026/09/20 11:20:42.050, 1, 0 %, 0 %, 35270 MiB, 39.22 W
2026/09/20 11:20:42.050, 2, 0 %, 0 %, 35270 MiB, 38.03 W
2026/09/20 11:20:47.052, 0, 0 %, 0 %, 35270 MiB, 39.83 W
2026/09/20 11:20:47.053, 1, 0 %, 0 %, 35270 MiB, 39.11 W
2026/09/20 11:20:47.053, 2, 0 %, 0 %, 35270 MiB, 38.04 W
2026/09/20 11:20:52.054, 0, 0 %, 0 %, 35270 MiB, 39.91 W
2026/09/20 11:20:52.054, 1, 0 %, 0 %, 35270 MiB, 39.09 W
2026/09/20 11:20:52.054, 2, 0 %, 0 %, 35270 MiB, 38.02 W
2026/09/20 11:20:57.056, 0, 0 %, 0 %, 35270 MiB, 39.82 W
2026/09/20 11:20:57.056, 1, 0 %, 0 %, 35270 MiB, 39.09 W
2026/09/20 11:20:57.057, 2, 0 %, 0 %, 35270 MiB, 38.12 W
2026/09/20 11:21:02.058, 0, 0 %, 0 %, 35270 MiB, 39.73 W
2026/09/20 11:21:02.059, 1, 0 %, 0 %, 35270 MiB, 39.11 W
2026/09/20 11:21:02.059, 2, 0 %, 0 %, 35270 MiB, 38.23 W
2026/09/20 11:21:07.070, 0, 0 %, 0 %, 35270 MiB, 39.65 W
2026/09/20 11:21:07.071, 1, 0 %, 0 %, 35270 MiB, 39.12 W
2026/09/20 11:21:07.071, 2, 0 %, 0 %, 35270 MiB, 37.85 W
2026/09/20 11:21:12.071, 0, 0 %, 0 %, 35270 MiB, 39.69 W
2026/09/20 11:21:12.072, 1, 0 %, 0 %, 35270 MiB, 39.16 W
2026/09/20 11:21:12.072, 2, 0 %, 0 %, 35270 MiB, 37.89 W
2026/09/20 11:21:17.072, 0, 0 %, 0 %, 35270 MiB, 39.73 W
2026/09/20 11:21:17.072, 1, 0 %, 0 %, 35270 MiB, 39.31 W
2026/09/20 11:21:17.072, 2, 0 %, 0 %, 35270 MiB, 37.75 W
2026/09/20 11:21:22.074, 0, 0 %, 0 %, 35270 MiB, 39.73 W
2026/09/20 11:21:22.074, 1, 0 %, 0 %, 35270 MiB, 39.11 W
2026/09/20 11:21:22.074, 2, 0 %, 0 %, 35270 MiB, 38.02 W
2026/09/20 11:21:27.076, 0, 0 %, 0 %, 35270 MiB, 39.62 W
2026/09/20 11:21:27.076, 1, 0 %, 0 %, 35270 MiB, 39.09 W
2026/09/20 11:21:27.076, 2, 0 %, 0 %, 35270 MiB, 37.92 W
2026/09/20 11:21:32.078, 0, 0 %, 0 %, 35270 MiB, 40.03 W
2026/09/20 11:21:32.079, 1, 0 %, 0 %, 35270 MiB, 39.22 W
2026/09/20 11:21:32.079, 2, 0 %, 0 %, 35270 MiB, 37.94 W
2026/09/20 11:21:37.080, 0, 0 %, 0 %, 35270 MiB, 39.74 W
2026/09/20 11:21:37.081, 1, 0 %, 0 %, 35270 MiB, 39.22 W
2026/09/20 11:21:37.081, 2, 0 %, 0 %, 35270 MiB, 37.85 W
2026/09/20 11:21:42.082, 0, 0 %, 0 %, 35270 MiB, 39.65 W
2026/09/20 11:21:42.083, 1, 0 %, 0 %, 35270 MiB, 39.12 W
2026/09/20 11:21:42.083, 2, 0 %, 0 %, 35270 MiB, 37.94 W
2026/09/20 11:21:47.083, 0, 0 %, 0 %, 35270 MiB, 39.79 W
2026/09/20 11:21:47.084, 1, 0 %, 0 %, 35270 MiB, 38.97 W
2026/09/20 11:21:47.084, 2, 0 %, 0 %, 35270 MiB, 37.90 W
2026/09/20 11:21:52.084, 0, 0 %, 0 %, 35270 MiB, 39.90 W
2026/09/20 11:21:52.085, 1, 0 %, 0 %, 35270 MiB, 39.17 W
2026/09/20 11:21:52.085, 2, 0 %, 0 %, 35270 MiB, 37.87 W
2026/09/20 11:21:57.086, 0, 0 %, 0 %, 35270 MiB, 39.85 W
2026/09/20 11:21:57.087, 1, 0 %, 0 %, 35270 MiB, 39.02 W
2026/09/20 11:21:57.087, 2, 0 %, 0 %, 35270 MiB, 38.06 W
2026/09/20 11:22:02.088, 0, 0 %, 0 %, 35270 MiB, 39.56 W
2026/09/20 11:22:02.088, 1, 0 %, 0 %, 35270 MiB, 39.04 W
2026/09/20 11:22:02.089, 2, 0 %, 0 %, 35270 MiB, 38.16 W
2026/09/20 11:22:07.090, 0, 0 %, 0 %, 35270 MiB, 39.58 W
2026/09/20 11:22:07.090, 1, 0 %, 0 %, 35270 MiB, 39.15 W
2026/09/20 11:22:07.091, 2, 0 %, 0 %, 35270 MiB, 37.97 W
2026/09/20 11:22:12.091, 0, 0 %, 0 %, 35270 MiB, 39.79 W
2026/09/20 11:22:12.092, 1, 0 %, 0 %, 35270 MiB, 39.17 W
2026/09/20 11:22:12.092, 2, 0 %, 0 %, 35270 MiB, 37.90 W
2026/09/20 11:22:17.093, 0, 0 %, 0 %, 35270 MiB, 39.71 W
2026/09/20 11:22:17.093, 1, 0 %, 0 %, 35270 MiB, 39.17 W
2026/09/20 11:22:17.094, 2, 0 %, 0 %, 35270 MiB, 37.80 W
2026/09/20 11:22:22.095, 0, 0 %, 0 %, 35270 MiB, 39.68 W
2026/09/20 11:22:22.095, 1, 0 %, 0 %, 35270 MiB, 39.05 W
2026/09/20 11:22:22.095, 2, 0 %, 0 %, 35270 MiB, 37.99 W
2026/09/20 11:22:27.096, 0, 0 %, 0 %, 35270 MiB, 39.99 W
2026/09/20 11:22:27.097, 1, 0 %, 0 %, 35270 MiB, 39.27 W
2026/09/20 11:22:27.097, 2, 0 %, 0 %, 35270 MiB, 37.80 W
2026/09/20 11:22:32.097, 0, 0 %, 0 %, 35270 MiB, 39.70 W
2026/09/20 11:22:32.098, 1, 0 %, 0 %, 35270 MiB, 39.17 W
2026/09/20 11:22:32.098, 2, 0 %, 0 %, 35270 MiB, 37.87 W
2026/09/20 11:22:37.098, 0, 0 %, 0 %, 35270 MiB, 39.75 W
2026/09/20 11:22:37.099, 1, 0 %, 0 %, 35270 MiB, 39.14 W
2026/09/20 11:22:37.099, 2, 0 %, 0 %, 35270 MiB, 37.97 W
2026/09/20 11:22:42.100, 0, 0 %, 0 %, 35270 MiB, 39.75 W
2026/09/20 11:22:42.101, 1, 0 %, 0 %, 35270 MiB, 39.33 W
2026/09/20 11:22:42.101, 2, 0 %, 0 %, 35270 MiB, 37.96 W
2026/09/20 11:22:47.102, 0, 0 %, 0 %, 35270 MiB, 39.85 W
2026/09/20 11:22:47.102, 1, 0 %, 0 %, 35270 MiB, 39.22 W
2026/09/20 11:22:47.103, 2, 0 %, 0 %, 35270 MiB, 37.85 W
2026/09/20 11:22:52.104, 0, 0 %, 0 %, 35270 MiB, 39.85 W
2026/09/20 11:22:52.104, 1, 0 %, 0 %, 35270 MiB, 39.04 W
2026/09/20 11:22:52.104, 2, 0 %, 0 %, 35270 MiB, 38.06 W
2026/09/20 11:22:57.105, 0, 0 %, 0 %, 35270 MiB, 39.47 W
2026/09/20 11:22:57.106, 1, 0 %, 0 %, 35270 MiB, 39.05 W
2026/09/20 11:22:57.106, 2, 0 %, 0 %, 35270 MiB, 38.07 W
2026/09/20 11:23:02.107, 0, 0 %, 0 %, 35270 MiB, 39.47 W
2026/09/20 11:23:02.107, 1, 0 %, 0 %, 35270 MiB, 39.17 W
2026/09/20 11:23:02.108, 2, 0 %, 0 %, 35270 MiB, 38.07 W
2026/09/20 11:23:07.109, 0, 0 %, 0 %, 35270 MiB, 39.61 W
2026/09/20 11:23:07.109, 1, 0 %, 0 %, 35270 MiB, 39.17 W
2026/09/20 11:23:07.109, 2, 0 %, 0 %, 35270 MiB, 37.99 W
2026/09/20 11:23:12.110, 0, 0 %, 0 %, 35270 MiB, 39.49 W
2026/09/20 11:23:12.110, 1, 0 %, 0 %, 35270 MiB, 39.44 W
2026/09/20 11:23:12.111, 2, 0 %, 0 %, 35270 MiB, 38.18 W
2026/09/20 11:23:17.116, 0, 0 %, 0 %, 35270 MiB, 39.67 W
2026/09/20 11:23:17.116, 1, 0 %, 0 %, 35270 MiB, 39.15 W
2026/09/20 11:23:17.117, 2, 0 %, 0 %, 35270 MiB, 38.17 W
2026/09/20 11:23:22.117, 0, 0 %, 0 %, 35270 MiB, 39.75 W
2026/09/20 11:23:22.117, 1, 0 %, 0 %, 35270 MiB, 39.23 W
2026/09/20 11:23:22.117, 2, 0 %, 0 %, 35270 MiB, 37.96 W
2026/09/20 11:23:27.118, 0, 0 %, 0 %, 35270 MiB, 39.75 W
2026/09/20 11:23:27.118, 1, 0 %, 0 %, 35270 MiB, 39.14 W
2026/09/20 11:23:27.118, 2, 0 %, 0 %, 35270 MiB, 37.97 W
2026/09/20 11:23:32.119, 0, 0 %, 0 %, 35270 MiB, 39.75 W
2026/09/20 11:23:32.119, 1, 0 %, 0 %, 35270 MiB, 39.14 W
2026/09/20 11:23:32.119, 2, 0 %, 0 %, 35270 MiB, 37.87 W
2026/09/20 11:23:37.120, 0, 0 %, 0 %, 35270 MiB, 39.78 W
2026/09/20 11:23:37.120, 1, 0 %, 0 %, 35270 MiB, 39.34 W
2026/09/20 11:23:37.121, 2, 0 %, 0 %, 35270 MiB, 37.87 W
2026/09/20 11:23:42.122, 0, 0 %, 0 %, 35270 MiB, 39.97 W
2026/09/20 11:23:42.122, 1, 0 %, 0 %, 35270 MiB, 39.15 W
2026/09/20 11:23:42.123, 2, 0 %, 0 %, 35270 MiB, 38.07 W
2026/09/20 11:23:47.123, 0, 0 %, 0 %, 35270 MiB, 39.79 W
2026/09/20 11:23:47.124, 1, 0 %, 0 %, 35270 MiB, 39.27 W
2026/09/20 11:23:47.124, 2, 0 %, 0 %, 35270 MiB, 37.99 W
2026/09/20 11:23:52.125, 0, 0 %, 0 %, 35270 MiB, 39.79 W
2026/09/20 11:23:52.125, 1, 0 %, 0 %, 35270 MiB, 39.27 W
2026/09/20 11:23:52.125, 2, 0 %, 0 %, 35270 MiB, 38.19 W
2026/09/20 11:23:57.126, 0, 0 %, 0 %, 35270 MiB, 39.89 W
2026/09/20 11:23:57.126, 1, 0 %, 0 %, 35270 MiB, 39.17 W
2026/09/20 11:23:57.127, 2, 0 %, 0 %, 35270 MiB, 37.99 W
2026/09/20 11:24:02.128, 0, 0 %, 0 %, 35270 MiB, 39.80 W
2026/09/20 11:24:02.128, 1, 0 %, 0 %, 35270 MiB, 39.07 W
2026/09/20 11:24:02.128, 2, 0 %, 0 %, 35270 MiB, 37.90 W
2026/09/20 11:24:07.128, 0, 0 %, 0 %, 35270 MiB, 39.89 W
2026/09/20 11:24:07.128, 1, 0 %, 0 %, 35270 MiB, 39.07 W
2026/09/20 11:24:07.128, 2, 0 %, 0 %, 35270 MiB, 37.99 W
2026/09/20 11:24:12.129, 0, 0 %, 0 %, 35270 MiB, 39.90 W
2026/09/20 11:24:12.130, 1, 0 %, 0 %, 35270 MiB, 39.17 W
2026/09/20 11:24:12.130, 2, 0 %, 0 %, 35270 MiB, 38.19 W
2026/09/20 11:24:17.131, 0, 0 %, 0 %, 35270 MiB, 39.70 W
2026/09/20 11:24:17.131, 1, 0 %, 0 %, 35270 MiB, 39.07 W
2026/09/20 11:24:17.131, 2, 0 %, 0 %, 35270 MiB, 38.09 W
2026/09/20 11:24:22.132, 0, 0 %, 0 %, 35270 MiB, 39.77 W
2026/09/20 11:24:22.132, 1, 0 %, 0 %, 35270 MiB, 39.15 W
2026/09/20 11:24:22.133, 2, 0 %, 0 %, 35270 MiB, 38.08 W
2026/09/20 11:24:27.133, 0, 0 %, 0 %, 35270 MiB, 39.68 W
2026/09/20 11:24:27.133, 1, 0 %, 0 %, 35270 MiB, 39.14 W
2026/09/20 11:24:27.133, 2, 0 %, 0 %, 35270 MiB, 37.97 W
2026/09/20 11:24:32.134, 0, 0 %, 0 %, 35270 MiB, 39.66 W
2026/09/20 11:24:32.135, 1, 0 %, 0 %, 35270 MiB, 39.24 W
2026/09/20 11:24:32.135, 2, 0 %, 0 %, 35270 MiB, 38.07 W
2026/09/20 11:24:37.135, 0, 0 %, 0 %, 35270 MiB, 39.95 W
2026/09/20 11:24:37.135, 1, 0 %, 0 %, 35270 MiB, 39.24 W
2026/09/20 11:24:37.136, 2, 0 %, 0 %, 35270 MiB, 37.87 W
2026/09/20 11:24:42.137, 0, 0 %, 0 %, 35270 MiB, 39.77 W
2026/09/20 11:24:42.138, 1, 0 %, 0 %, 35270 MiB, 39.24 W
2026/09/20 11:24:42.138, 2, 0 %, 0 %, 35270 MiB, 37.97 W
2026/09/20 11:24:47.138, 0, 0 %, 0 %, 35270 MiB, 39.78 W
2026/09/20 11:24:47.139, 1, 0 %, 0 %, 35270 MiB, 39.37 W
2026/09/20 11:24:47.139, 2, 0 %, 0 %, 35270 MiB, 37.99 W
2026/09/20 11:24:52.140, 0, 0 %, 0 %, 35270 MiB, 39.75 W
2026/09/20 11:24:52.141, 1, 0 %, 0 %, 35270 MiB, 39.24 W
2026/09/20 11:24:52.141, 2, 0 %, 0 %, 35270 MiB, 37.96 W
2026/09/20 11:24:57.142, 0, 0 %, 0 %, 35270 MiB, 40.09 W
2026/09/20 11:24:57.142, 1, 0 %, 0 %, 35270 MiB, 39.37 W
2026/09/20 11:24:57.143, 2, 0 %, 0 %, 35270 MiB, 38.29 W
2026/09/20 11:25:02.144, 0, 0 %, 0 %, 35270 MiB, 39.79 W
2026/09/20 11:25:02.144, 1, 0 %, 0 %, 35270 MiB, 39.17 W
2026/09/20 11:25:02.145, 2, 0 %, 0 %, 35270 MiB, 37.80 W
2026/09/20 11:25:07.145, 0, 0 %, 0 %, 35270 MiB, 39.70 W
2026/09/20 11:25:07.146, 1, 0 %, 0 %, 35270 MiB, 39.17 W
2026/09/20 11:25:07.146, 2, 0 %, 0 %, 35270 MiB, 37.90 W
2026/09/20 11:25:12.146, 0, 0 %, 0 %, 35270 MiB, 39.79 W
2026/09/20 11:25:12.146, 1, 0 %, 0 %, 35270 MiB, 39.07 W
2026/09/20 11:25:12.146, 2, 0 %, 0 %, 35270 MiB, 38.09 W
2026/09/20 11:25:17.147, 0, 0 %, 0 %, 35270 MiB, 39.87 W
2026/09/20 11:25:17.148, 1, 0 %, 0 %, 35270 MiB, 39.15 W
2026/09/20 11:25:17.148, 2, 0 %, 0 %, 35270 MiB, 37.87 W
2026/09/20 11:25:22.148, 0, 0 %, 0 %, 35270 MiB, 39.78 W
2026/09/20 11:25:22.149, 1, 0 %, 0 %, 35270 MiB, 39.06 W
2026/09/20 11:25:22.149, 2, 0 %, 0 %, 35270 MiB, 37.99 W
2026/09/20 11:25:27.150, 0, 0 %, 0 %, 35270 MiB, 39.25 W
2026/09/20 11:25:27.150, 1, 0 %, 0 %, 35270 MiB, 39.12 W
2026/09/20 11:25:27.150, 2, 0 %, 0 %, 35270 MiB, 38.04 W
2026/09/20 11:25:32.152, 0, 0 %, 0 %, 35270 MiB, 39.44 W
2026/09/20 11:25:32.152, 1, 0 %, 0 %, 35270 MiB, 38.91 W
2026/09/20 11:25:32.153, 2, 0 %, 0 %, 35270 MiB, 37.94 W
2026/09/20 11:25:37.154, 0, 0 %, 0 %, 35270 MiB, 39.47 W
2026/09/20 11:25:37.154, 1, 0 %, 0 %, 35270 MiB, 39.03 W
2026/09/20 11:25:37.154, 2, 0 %, 0 %, 35270 MiB, 37.66 W
2026/09/20 11:25:42.155, 0, 0 %, 0 %, 35270 MiB, 39.36 W
2026/09/20 11:25:42.156, 1, 0 %, 0 %, 35270 MiB, 39.05 W
2026/09/20 11:25:42.156, 2, 0 %, 0 %, 35270 MiB, 37.56 W
2026/09/20 11:25:47.157, 0, 0 %, 0 %, 35270 MiB, 39.45 W
2026/09/20 11:25:47.157, 1, 0 %, 0 %, 35270 MiB, 38.92 W
2026/09/20 11:25:47.157, 2, 0 %, 0 %, 35270 MiB, 37.75 W
2026/09/20 11:25:52.157, 0, 0 %, 0 %, 35270 MiB, 39.55 W
2026/09/20 11:25:52.158, 1, 0 %, 0 %, 35270 MiB, 38.83 W
2026/09/20 11:25:52.158, 2, 0 %, 0 %, 35270 MiB, 37.56 W
2026/09/20 11:25:57.159, 0, 0 %, 0 %, 35270 MiB, 39.49 W
2026/09/20 11:25:57.159, 1, 0 %, 0 %, 35270 MiB, 38.85 W
2026/09/20 11:25:57.159, 2, 0 %, 0 %, 35270 MiB, 37.48 W
2026/09/20 11:26:02.160, 0, 0 %, 0 %, 35270 MiB, 39.45 W
2026/09/20 11:26:02.161, 1, 0 %, 0 %, 35270 MiB, 39.02 W
2026/09/20 11:26:02.161, 2, 0 %, 0 %, 35270 MiB, 37.55 W
2026/09/20 11:26:07.161, 0, 0 %, 0 %, 35270 MiB, 39.45 W
2026/09/20 11:26:07.162, 1, 0 %, 0 %, 35270 MiB, 38.92 W
2026/09/20 11:26:07.162, 2, 0 %, 0 %, 35270 MiB, 37.85 W
2026/09/20 11:26:12.162, 0, 0 %, 0 %, 35270 MiB, 39.21 W
2026/09/20 11:26:12.163, 1, 0 %, 0 %, 35270 MiB, 38.78 W
2026/09/20 11:26:12.163, 2, 0 %, 0 %, 35270 MiB, 37.59 W
2026/09/20 11:26:17.165, 0, 0 %, 0 %, 35270 MiB, 39.35 W
2026/09/20 11:26:17.165, 1, 0 %, 0 %, 35270 MiB, 38.83 W
2026/09/20 11:26:17.165, 2, 0 %, 0 %, 35270 MiB, 37.44 W
2026/09/20 11:26:22.166, 0, 0 %, 0 %, 35270 MiB, 39.39 W
2026/09/20 11:26:22.167, 1, 0 %, 0 %, 35270 MiB, 38.58 W
2026/09/20 11:26:22.167, 2, 0 %, 0 %, 35270 MiB, 37.56 W
2026/09/20 11:26:27.167, 0, 0 %, 0 %, 35270 MiB, 39.35 W
2026/09/20 11:26:27.168, 1, 0 %, 0 %, 35270 MiB, 38.63 W
2026/09/20 11:26:27.168, 2, 0 %, 0 %, 35270 MiB, 37.64 W
2026/09/20 11:26:32.169, 0, 0 %, 0 %, 35270 MiB, 39.18 W
2026/09/20 11:26:32.170, 1, 0 %, 0 %, 35270 MiB, 38.65 W
2026/09/20 11:26:32.170, 2, 0 %, 0 %, 35270 MiB, 37.56 W
2026/09/20 11:26:37.171, 0, 0 %, 0 %, 35270 MiB, 39.16 W
2026/09/20 11:26:37.172, 1, 0 %, 0 %, 35270 MiB, 38.63 W
2026/09/20 11:26:37.172, 2, 0 %, 0 %, 35270 MiB, 37.54 W
2026/09/20 11:26:42.172, 0, 0 %, 0 %, 35270 MiB, 38.96 W
2026/09/20 11:26:42.173, 1, 0 %, 0 %, 35270 MiB, 38.63 W
2026/09/20 11:26:42.173, 2, 0 %, 0 %, 35270 MiB, 37.35 W
2026/09/20 11:26:47.174, 0, 0 %, 0 %, 35270 MiB, 39.26 W
2026/09/20 11:26:47.175, 1, 0 %, 0 %, 35270 MiB, 38.45 W
2026/09/20 11:26:47.175, 2, 0 %, 0 %, 35270 MiB, 37.25 W
2026/09/20 11:26:52.175, 0, 0 %, 0 %, 35270 MiB, 39.08 W
2026/09/20 11:26:52.176, 1, 0 %, 0 %, 35270 MiB, 38.75 W
2026/09/20 11:26:52.176, 2, 0 %, 0 %, 35270 MiB, 37.26 W
2026/09/20 11:26:57.176, 0, 0 %, 0 %, 35270 MiB, 38.88 W
2026/09/20 11:26:57.176, 1, 0 %, 0 %, 35270 MiB, 38.46 W
2026/09/20 11:26:57.176, 2, 0 %, 0 %, 35270 MiB, 37.06 W
2026/09/20 11:27:02.178, 0, 0 %, 0 %, 35270 MiB, 39.01 W
2026/09/20 11:27:02.178, 1, 0 %, 0 %, 35270 MiB, 38.58 W
2026/09/20 11:27:02.179, 2, 0 %, 0 %, 35270 MiB, 37.39 W
2026/09/20 11:27:07.180, 0, 0 %, 0 %, 35270 MiB, 39.21 W
2026/09/20 11:27:07.180, 1, 0 %, 0 %, 35270 MiB, 38.58 W
2026/09/20 11:27:07.180, 2, 0 %, 0 %, 35270 MiB, 37.29 W
2026/09/20 11:27:12.181, 0, 0 %, 0 %, 35270 MiB, 39.11 W
2026/09/20 11:27:12.182, 1, 0 %, 0 %, 35270 MiB, 38.78 W
2026/09/20 11:27:12.182, 2, 0 %, 0 %, 35270 MiB, 37.39 W
2026/09/20 11:27:17.182, 0, 0 %, 0 %, 35270 MiB, 39.01 W
2026/09/20 11:27:17.183, 1, 0 %, 0 %, 35270 MiB, 38.58 W
2026/09/20 11:27:17.183, 2, 0 %, 0 %, 35270 MiB, 37.18 W
2026/09/20 11:27:22.183, 0, 0 %, 0 %, 35270 MiB, 39.18 W
2026/09/20 11:27:22.184, 1, 0 %, 0 %, 35270 MiB, 38.46 W
2026/09/20 11:27:22.184, 2, 0 %, 0 %, 35270 MiB, 37.37 W
2026/09/20 11:27:27.185, 0, 0 %, 0 %, 35270 MiB, 39.26 W
2026/09/20 11:27:27.185, 1, 0 %, 0 %, 35270 MiB, 38.54 W
2026/09/20 11:27:27.186, 2, 0 %, 0 %, 35270 MiB, 37.25 W
2026/09/20 11:27:32.186, 0, 0 %, 0 %, 35270 MiB, 39.17 W
2026/09/20 11:27:32.187, 1, 0 %, 0 %, 35270 MiB, 38.46 W
2026/09/20 11:27:32.187, 2, 0 %, 0 %, 35270 MiB, 37.46 W
2026/09/20 11:27:37.188, 0, 0 %, 0 %, 35270 MiB, 39.09 W
2026/09/20 11:27:37.188, 1, 0 %, 0 %, 35270 MiB, 38.56 W
2026/09/20 11:27:37.189, 2, 0 %, 0 %, 35270 MiB, 37.48 W
2026/09/20 11:27:42.189, 0, 0 %, 0 %, 35270 MiB, 38.99 W
2026/09/20 11:27:42.190, 1, 0 %, 0 %, 35270 MiB, 38.58 W
2026/09/20 11:27:42.190, 2, 0 %, 0 %, 35270 MiB, 37.49 W
2026/09/20 11:27:47.193, 0, 0 %, 0 %, 35270 MiB, 39.18 W
2026/09/20 11:27:47.194, 1, 0 %, 0 %, 35270 MiB, 38.75 W
2026/09/20 11:27:47.194, 2, 0 %, 0 %, 35270 MiB, 37.47 W
2026/09/20 11:27:52.194, 0, 0 %, 0 %, 35270 MiB, 39.12 W
2026/09/20 11:27:52.195, 1, 0 %, 0 %, 35270 MiB, 38.68 W
2026/09/20 11:27:52.195, 2, 0 %, 0 %, 35270 MiB, 37.39 W
2026/09/20 11:27:57.196, 0, 0 %, 0 %, 35270 MiB, 39.18 W
2026/09/20 11:27:57.196, 1, 0 %, 0 %, 35270 MiB, 38.65 W
2026/09/20 11:27:57.197, 2, 0 %, 0 %, 35270 MiB, 37.47 W
2026/09/20 11:28:02.198, 0, 0 %, 0 %, 35270 MiB, 39.41 W
2026/09/20 11:28:02.198, 1, 0 %, 0 %, 35270 MiB, 38.68 W
2026/09/20 11:28:02.199, 2, 0 %, 0 %, 35270 MiB, 37.39 W
2026/09/20 11:28:07.200, 0, 0 %, 0 %, 35270 MiB, 39.21 W
2026/09/20 11:28:07.200, 1, 0 %, 0 %, 35270 MiB, 38.88 W
2026/09/20 11:28:07.201, 2, 0 %, 0 %, 35270 MiB, 37.39 W
2026/09/20 11:28:12.202, 0, 0 %, 0 %, 35270 MiB, 39.29 W
2026/09/20 11:28:12.202, 1, 0 %, 0 %, 35270 MiB, 38.77 W
2026/09/20 11:28:12.202, 2, 0 %, 0 %, 35270 MiB, 37.39 W
2026/09/20 11:28:17.203, 0, 0 %, 0 %, 35270 MiB, 39.17 W
2026/09/20 11:28:17.204, 1, 0 %, 0 %, 35270 MiB, 38.73 W
2026/09/20 11:28:17.204, 2, 0 %, 0 %, 35270 MiB, 37.35 W
2026/09/20 11:28:22.204, 0, 0 %, 0 %, 35270 MiB, 39.46 W
2026/09/20 11:28:22.205, 1, 0 %, 0 %, 35270 MiB, 38.92 W
2026/09/20 11:28:22.205, 2, 0 %, 0 %, 35270 MiB, 37.35 W
2026/09/20 11:28:27.205, 0, 4 %, 0 %, 35270 MiB, 39.06 W
2026/09/20 11:28:27.206, 1, 0 %, 0 %, 35270 MiB, 38.63 W
2026/09/20 11:28:27.206, 2, 0 %, 0 %, 35270 MiB, 37.44 W
2026/09/20 11:28:32.212, 0, 0 %, 0 %, 35270 MiB, 38.88 W
2026/09/20 11:28:32.212, 1, 0 %, 0 %, 35270 MiB, 38.56 W
2026/09/20 11:28:32.213, 2, 0 %, 0 %, 35270 MiB, 37.36 W
2026/09/20 11:28:37.214, 0, 0 %, 0 %, 35270 MiB, 38.85 W
2026/09/20 11:28:37.215, 1, 0 %, 0 %, 35270 MiB, 38.53 W
2026/09/20 11:28:37.215, 2, 0 %, 0 %, 35270 MiB, 37.54 W
2026/09/20 11:28:42.216, 0, 0 %, 0 %, 35270 MiB, 39.25 W
2026/09/20 11:28:42.216, 1, 0 %, 0 %, 35270 MiB, 38.53 W
2026/09/20 11:28:42.217, 2, 0 %, 0 %, 35270 MiB, 37.44 W
2026/09/20 11:28:47.218, 0, 0 %, 0 %, 35270 MiB, 38.65 W
2026/09/20 11:28:47.218, 1, 0 %, 0 %, 35270 MiB, 38.53 W
2026/09/20 11:28:47.218, 2, 0 %, 0 %, 35270 MiB, 37.44 W
2026/09/20 11:28:52.220, 0, 0 %, 0 %, 35270 MiB, 39.05 W
2026/09/20 11:28:52.220, 1, 0 %, 0 %, 35270 MiB, 38.53 W
2026/09/20 11:28:52.220, 2, 0 %, 0 %, 35270 MiB, 37.35 W
2026/09/20 11:28:57.221, 0, 0 %, 0 %, 35270 MiB, 39.19 W
2026/09/20 11:28:57.222, 1, 0 %, 0 %, 35270 MiB, 38.66 W
2026/09/20 11:28:57.222, 2, 0 %, 0 %, 35270 MiB, 37.37 W
2026/09/20 11:29:02.223, 0, 0 %, 0 %, 35270 MiB, 39.08 W
2026/09/20 11:29:02.224, 1, 0 %, 0 %, 35270 MiB, 38.65 W
2026/09/20 11:29:02.224, 2, 0 %, 0 %, 35270 MiB, 37.26 W
2026/09/20 11:29:07.225, 0, 0 %, 0 %, 35270 MiB, 39.16 W
2026/09/20 11:29:07.226, 1, 0 %, 0 %, 35270 MiB, 38.53 W
2026/09/20 11:29:07.226, 2, 0 %, 0 %, 35270 MiB, 37.14 W
2026/09/20 11:29:12.226, 0, 19 %, 1 %, 35270 MiB, 39.07 W
2026/09/20 11:29:12.227, 1, 0 %, 0 %, 35270 MiB, 38.55 W
2026/09/20 11:29:12.227, 2, 0 %, 0 %, 35270 MiB, 37.25 W
2026/09/20 11:29:17.227, 0, 0 %, 0 %, 35270 MiB, 39.08 W
2026/09/20 11:29:17.228, 1, 0 %, 0 %, 35270 MiB, 38.75 W
2026/09/20 11:29:17.228, 2, 0 %, 0 %, 35270 MiB, 37.37 W
2026/09/20 11:29:22.230, 0, 0 %, 0 %, 35270 MiB, 39.07 W
2026/09/20 11:29:22.231, 1, 0 %, 0 %, 35270 MiB, 38.64 W
2026/09/20 11:29:22.231, 2, 0 %, 0 %, 35270 MiB, 37.24 W
2026/09/20 11:29:27.232, 0, 5 %, 0 %, 35270 MiB, 39.05 W
2026/09/20 11:29:27.232, 1, 10 %, 0 %, 35270 MiB, 38.63 W
2026/09/20 11:29:27.233, 2, 0 %, 0 %, 35270 MiB, 37.23 W
2026/09/20 11:29:32.234, 0, 0 %, 0 %, 35270 MiB, 39.23 W
2026/09/20 11:29:32.234, 1, 0 %, 0 %, 35270 MiB, 38.42 W
2026/09/20 11:29:32.234, 2, 0 %, 0 %, 35270 MiB, 37.23 W
2026/09/20 11:29:37.236, 0, 25 %, 1 %, 35270 MiB, 39.09 W
2026/09/20 11:29:37.236, 1, 0 %, 0 %, 35270 MiB, 38.36 W
2026/09/20 11:29:37.237, 2, 0 %, 0 %, 35270 MiB, 37.37 W
2026/09/20 11:29:42.238, 0, 0 %, 0 %, 35270 MiB, 39.07 W
2026/09/20 11:29:42.238, 1, 0 %, 0 %, 35270 MiB, 38.33 W
2026/09/20 11:29:42.238, 2, 0 %, 0 %, 35270 MiB, 37.15 W
2026/09/20 11:29:47.240, 0, 0 %, 0 %, 35270 MiB, 38.96 W
2026/09/20 11:29:47.240, 1, 5 %, 0 %, 35270 MiB, 42.18 W
2026/09/20 11:29:47.240, 2, 0 %, 0 %, 35270 MiB, 37.13 W
2026/09/20 11:29:52.242, 0, 0 %, 0 %, 35270 MiB, 38.85 W
2026/09/20 11:29:52.243, 1, 0 %, 0 %, 35270 MiB, 38.32 W
2026/09/20 11:29:52.243, 2, 0 %, 0 %, 35270 MiB, 37.13 W
2026/09/20 11:29:57.244, 0, 0 %, 0 %, 35270 MiB, 38.86 W
2026/09/20 11:29:57.245, 1, 5 %, 0 %, 35270 MiB, 38.23 W
2026/09/20 11:29:57.245, 2, 0 %, 0 %, 35270 MiB, 37.24 W
2026/09/20 11:30:02.245, 0, 0 %, 0 %, 35270 MiB, 38.79 W
2026/09/20 11:30:02.246, 1, 0 %, 0 %, 35270 MiB, 38.25 W
2026/09/20 11:30:02.246, 2, 0 %, 0 %, 35270 MiB, 37.16 W
2026/09/20 11:30:07.247, 0, 0 %, 0 %, 35270 MiB, 38.85 W
2026/09/20 11:30:07.247, 1, 10 %, 0 %, 35270 MiB, 38.43 W
2026/09/20 11:30:07.247, 2, 0 %, 0 %, 35270 MiB, 37.03 W
2026/09/20 11:30:12.248, 0, 0 %, 0 %, 35270 MiB, 38.86 W
2026/09/20 11:30:12.249, 1, 0 %, 0 %, 35270 MiB, 38.23 W
2026/09/20 11:30:12.249, 2, 0 %, 0 %, 35270 MiB, 36.94 W
2026/09/20 11:30:17.250, 0, 0 %, 0 %, 35270 MiB, 38.74 W
2026/09/20 11:30:17.251, 1, 0 %, 0 %, 35270 MiB, 39.02 W
2026/09/20 11:30:17.251, 2, 0 %, 0 %, 35270 MiB, 37.03 W
2026/09/20 11:30:22.251, 0, 0 %, 0 %, 35270 MiB, 38.65 W
2026/09/20 11:30:22.251, 1, 0 %, 0 %, 35270 MiB, 38.23 W
2026/09/20 11:30:22.252, 2, 0 %, 0 %, 35270 MiB, 37.04 W
2026/09/20 11:30:27.252, 0, 0 %, 0 %, 35270 MiB, 38.78 W
2026/09/20 11:30:27.253, 1, 0 %, 0 %, 35270 MiB, 38.46 W
2026/09/20 11:30:27.253, 2, 0 %, 0 %, 35270 MiB, 37.06 W
2026/09/20 11:30:32.254, 0, 0 %, 0 %, 35270 MiB, 38.85 W
2026/09/20 11:30:32.254, 1, 0 %, 0 %, 35270 MiB, 38.41 W
2026/09/20 11:30:32.254, 2, 0 %, 0 %, 35270 MiB, 36.93 W
2026/09/20 11:30:37.256, 0, 0 %, 0 %, 35270 MiB, 38.94 W
2026/09/20 11:30:37.256, 1, 0 %, 0 %, 35270 MiB, 38.33 W
2026/09/20 11:30:37.256, 2, 0 %, 0 %, 35270 MiB, 37.14 W
2026/09/20 11:30:42.258, 0, 0 %, 0 %, 35270 MiB, 39.01 W
2026/09/20 11:30:42.258, 1, 0 %, 0 %, 35270 MiB, 38.38 W
2026/09/20 11:30:42.258, 2, 0 %, 0 %, 35270 MiB, 37.08 W
2026/09/20 11:30:47.259, 0, 0 %, 0 %, 35270 MiB, 39.07 W
2026/09/20 11:30:47.260, 1, 0 %, 0 %, 35270 MiB, 38.23 W
2026/09/20 11:30:47.260, 2, 0 %, 0 %, 35270 MiB, 37.14 W
2026/09/20 11:30:52.261, 0, 0 %, 0 %, 35270 MiB, 38.97 W
2026/09/20 11:30:52.262, 1, 0 %, 0 %, 35270 MiB, 38.35 W
2026/09/20 11:30:52.262, 2, 24 %, 1 %, 35270 MiB, 37.46 W
2026/09/20 11:30:57.263, 0, 0 %, 0 %, 35270 MiB, 38.98 W
2026/09/20 11:30:57.263, 1, 0 %, 0 %, 35270 MiB, 38.25 W
2026/09/20 11:30:57.263, 2, 0 %, 0 %, 35270 MiB, 37.25 W
2026/09/20 11:31:02.265, 0, 0 %, 0 %, 35270 MiB, 38.94 W
2026/09/20 11:31:02.265, 1, 0 %, 0 %, 35270 MiB, 38.31 W
2026/09/20 11:31:02.266, 2, 0 %, 0 %, 35270 MiB, 37.24 W
2026/09/20 11:31:07.267, 0, 0 %, 0 %, 35270 MiB, 38.89 W
2026/09/20 11:31:07.267, 1, 0 %, 0 %, 35270 MiB, 38.46 W
2026/09/20 11:31:07.268, 2, 0 %, 0 %, 35270 MiB, 37.36 W
2026/09/20 11:31:12.269, 0, 0 %, 0 %, 35270 MiB, 38.83 W
2026/09/20 11:31:12.269, 1, 0 %, 0 %, 35270 MiB, 38.43 W
2026/09/20 11:31:12.269, 2, 0 %, 0 %, 35270 MiB, 37.24 W
2026/09/20 11:31:17.271, 0, 0 %, 0 %, 35270 MiB, 39.07 W
2026/09/20 11:31:17.271, 1, 0 %, 0 %, 35270 MiB, 38.63 W
2026/09/20 11:31:17.271, 2, 0 %, 0 %, 35270 MiB, 37.14 W
2026/09/20 11:31:22.273, 0, 0 %, 0 %, 35270 MiB, 38.99 W
2026/09/20 11:31:22.273, 1, 5 %, 0 %, 35270 MiB, 40.93 W
2026/09/20 11:31:22.273, 2, 0 %, 0 %, 35270 MiB, 37.16 W
2026/09/20 11:31:27.281, 0, 0 %, 0 %, 35270 MiB, 38.95 W
2026/09/20 11:31:27.281, 1, 0 %, 0 %, 35270 MiB, 38.52 W
2026/09/20 11:31:27.281, 2, 0 %, 0 %, 35270 MiB, 37.13 W
2026/09/20 11:31:32.283, 0, 0 %, 0 %, 35270 MiB, 38.99 W
2026/09/20 11:31:32.283, 1, 0 %, 0 %, 35270 MiB, 38.76 W
2026/09/20 11:31:32.283, 2, 9 %, 0 %, 35270 MiB, 43.64 W
2026/09/20 11:31:37.285, 0, 0 %, 0 %, 35270 MiB, 39.18 W
2026/09/20 11:31:37.285, 1, 0 %, 0 %, 35270 MiB, 46.96 W
2026/09/20 11:31:37.285, 2, 0 %, 0 %, 35270 MiB, 37.27 W
2026/09/20 11:31:42.286, 0, 0 %, 0 %, 35270 MiB, 39.07 W
2026/09/20 11:31:42.287, 1, 0 %, 0 %, 35270 MiB, 38.54 W
2026/09/20 11:31:42.287, 2, 0 %, 0 %, 35270 MiB, 37.25 W
2026/09/20 11:31:47.288, 0, 0 %, 0 %, 35270 MiB, 39.14 W
2026/09/20 11:31:47.288, 1, 0 %, 0 %, 35270 MiB, 38.33 W
2026/09/20 11:31:47.288, 2, 5 %, 0 %, 35270 MiB, 38.04 W
2026/09/20 11:31:52.290, 0, 0 %, 0 %, 35270 MiB, 39.06 W
2026/09/20 11:31:52.291, 1, 0 %, 0 %, 35270 MiB, 38.44 W
2026/09/20 11:31:52.291, 2, 5 %, 0 %, 35270 MiB, 37.44 W
2026/09/20 11:31:57.292, 0, 0 %, 0 %, 35270 MiB, 39.17 W
2026/09/20 11:31:57.293, 1, 0 %, 0 %, 35270 MiB, 38.36 W
2026/09/20 11:31:57.293, 2, 31 %, 1 %, 35270 MiB, 37.25 W
2026/09/20 11:32:02.294, 0, 0 %, 0 %, 35270 MiB, 39.06 W
2026/09/20 11:32:02.295, 1, 0 %, 0 %, 35270 MiB, 38.34 W
2026/09/20 11:32:02.295, 2, 25 %, 1 %, 35270 MiB, 37.35 W
2026/09/20 11:32:07.296, 0, 0 %, 0 %, 35270 MiB, 38.88 W
2026/09/20 11:32:07.297, 1, 0 %, 0 %, 35270 MiB, 38.65 W
2026/09/20 11:32:07.297, 2, 0 %, 0 %, 35270 MiB, 37.47 W
2026/09/20 11:32:12.298, 0, 0 %, 0 %, 35270 MiB, 39.16 W
2026/09/20 11:32:12.299, 1, 0 %, 0 %, 35270 MiB, 38.44 W
2026/09/20 11:32:12.299, 2, 25 %, 1 %, 35270 MiB, 37.44 W
2026/09/20 11:32:17.300, 0, 0 %, 0 %, 35270 MiB, 38.96 W
2026/09/20 11:32:17.301, 1, 0 %, 0 %, 35270 MiB, 38.44 W
2026/09/20 11:32:17.301, 2, 0 %, 0 %, 35270 MiB, 37.24 W
2026/09/20 11:32:22.301, 0, 0 %, 0 %, 35270 MiB, 39.01 W
2026/09/20 11:32:22.302, 1, 0 %, 0 %, 35270 MiB, 38.49 W
2026/09/20 11:32:22.302, 2, 0 %, 0 %, 35270 MiB, 37.39 W
2026/09/20 11:32:27.303, 0, 0 %, 0 %, 35270 MiB, 38.94 W
2026/09/20 11:32:27.304, 1, 0 %, 0 %, 35270 MiB, 38.53 W
2026/09/20 11:32:27.304, 2, 0 %, 0 %, 35270 MiB, 37.34 W
2026/09/20 11:32:32.309, 0, 0 %, 0 %, 35270 MiB, 39.06 W
2026/09/20 11:32:32.310, 1, 0 %, 0 %, 35270 MiB, 38.53 W
2026/09/20 11:32:32.310, 2, 0 %, 0 %, 35270 MiB, 37.35 W
2026/09/20 11:32:37.311, 0, 0 %, 0 %, 35270 MiB, 38.96 W
2026/09/20 11:32:37.312, 1, 0 %, 0 %, 35270 MiB, 38.53 W
2026/09/20 11:32:37.312, 2, 0 %, 0 %, 35270 MiB, 37.24 W
2026/09/20 11:32:42.312, 0, 0 %, 0 %, 35270 MiB, 39.08 W
2026/09/20 11:32:42.313, 1, 0 %, 0 %, 35270 MiB, 38.65 W
2026/09/20 11:32:42.313, 2, 0 %, 0 %, 35270 MiB, 37.37 W
2026/09/20 11:32:47.313, 0, 0 %, 0 %, 35270 MiB, 39.08 W
2026/09/20 11:32:47.314, 1, 0 %, 0 %, 35270 MiB, 38.65 W
2026/09/20 11:32:47.314, 2, 0 %, 0 %, 35270 MiB, 37.36 W
2026/09/20 11:32:52.315, 0, 0 %, 0 %, 35270 MiB, 39.14 W
2026/09/20 11:32:52.315, 1, 0 %, 0 %, 35270 MiB, 38.61 W
2026/09/20 11:32:52.316, 2, 0 %, 0 %, 35270 MiB, 37.44 W
2026/09/20 11:32:57.317, 0, 0 %, 0 %, 35270 MiB, 39.16 W
2026/09/20 11:32:57.318, 1, 0 %, 0 %, 35270 MiB, 38.33 W
2026/09/20 11:32:57.318, 2, 0 %, 0 %, 35270 MiB, 37.35 W
2026/09/20 11:33:02.319, 0, 0 %, 0 %, 35270 MiB, 39.16 W
2026/09/20 11:33:02.319, 1, 0 %, 0 %, 35270 MiB, 38.53 W
2026/09/20 11:33:02.320, 2, 0 %, 0 %, 35270 MiB, 37.44 W
2026/09/20 11:33:07.320, 0, 0 %, 0 %, 35270 MiB, 39.31 W
2026/09/20 11:33:07.321, 1, 0 %, 0 %, 35270 MiB, 38.49 W
2026/09/20 11:33:07.321, 2, 0 %, 0 %, 35270 MiB, 37.49 W
2026/09/20 11:33:12.321, 0, 0 %, 0 %, 35270 MiB, 39.04 W
2026/09/20 11:33:12.321, 1, 0 %, 0 %, 35270 MiB, 38.44 W
2026/09/20 11:33:12.322, 2, 0 %, 0 %, 35270 MiB, 37.44 W
2026/09/20 11:33:17.323, 0, 0 %, 0 %, 35270 MiB, 38.94 W
2026/09/20 11:33:17.323, 1, 0 %, 0 %, 35270 MiB, 38.44 W
2026/09/20 11:33:17.324, 2, 0 %, 0 %, 35270 MiB, 37.53 W
2026/09/20 11:33:22.325, 0, 0 %, 0 %, 35270 MiB, 39.04 W
2026/09/20 11:33:22.325, 1, 0 %, 0 %, 35270 MiB, 38.51 W
2026/09/20 11:33:22.325, 2, 0 %, 0 %, 35270 MiB, 37.42 W
2026/09/20 11:33:27.327, 0, 0 %, 0 %, 35270 MiB, 39.14 W
2026/09/20 11:33:27.327, 1, 0 %, 0 %, 35270 MiB, 38.43 W
2026/09/20 11:33:27.327, 2, 0 %, 0 %, 35270 MiB, 37.23 W
2026/09/20 11:33:32.328, 0, 0 %, 0 %, 35270 MiB, 39.00 W
2026/09/20 11:33:32.329, 1, 0 %, 0 %, 35270 MiB, 38.38 W
2026/09/20 11:33:32.329, 2, 0 %, 0 %, 35270 MiB, 37.28 W
2026/09/20 11:33:37.330, 0, 0 %, 0 %, 35270 MiB, 39.05 W
2026/09/20 11:33:37.330, 1, 0 %, 0 %, 35270 MiB, 38.53 W
2026/09/20 11:33:37.331, 2, 0 %, 0 %, 35270 MiB, 37.44 W
2026/09/20 11:33:42.331, 0, 0 %, 0 %, 35270 MiB, 39.07 W
2026/09/20 11:33:42.332, 1, 0 %, 0 %, 35270 MiB, 38.46 W
2026/09/20 11:33:42.332, 2, 0 %, 0 %, 35270 MiB, 37.26 W
2026/09/20 11:33:47.333, 0, 0 %, 0 %, 35270 MiB, 39.14 W
2026/09/20 11:33:47.333, 1, 0 %, 0 %, 35270 MiB, 38.43 W
2026/09/20 11:33:47.333, 2, 0 %, 0 %, 35270 MiB, 37.44 W
2026/09/20 11:33:52.334, 0, 0 %, 0 %, 35270 MiB, 38.98 W
2026/09/20 11:33:52.335, 1, 0 %, 0 %, 35270 MiB, 38.54 W
2026/09/20 11:33:52.335, 2, 0 %, 0 %, 35270 MiB, 37.36 W
2026/09/20 11:33:57.336, 0, 0 %, 0 %, 35270 MiB, 39.06 W
2026/09/20 11:33:57.337, 1, 0 %, 0 %, 35270 MiB, 38.44 W
2026/09/20 11:33:57.337, 2, 0 %, 0 %, 35270 MiB, 37.33 W
2026/09/20 11:34:02.337, 0, 0 %, 0 %, 35270 MiB, 39.12 W
2026/09/20 11:34:02.338, 1, 0 %, 0 %, 35270 MiB, 38.28 W
2026/09/20 11:34:02.338, 2, 0 %, 0 %, 35270 MiB, 37.28 W
2026/09/20 11:34:07.339, 0, 0 %, 0 %, 35270 MiB, 39.17 W
2026/09/20 11:34:07.339, 1, 0 %, 0 %, 35270 MiB, 38.33 W
2026/09/20 11:34:07.340, 2, 0 %, 0 %, 35270 MiB, 37.24 W
2026/09/20 11:34:12.341, 0, 0 %, 0 %, 35270 MiB, 39.17 W
2026/09/20 11:34:12.341, 1, 0 %, 0 %, 35270 MiB, 38.44 W
2026/09/20 11:34:12.341, 2, 0 %, 0 %, 35270 MiB, 37.36 W
2026/09/20 11:34:17.343, 0, 0 %, 0 %, 35270 MiB, 39.04 W
2026/09/20 11:34:17.343, 1, 0 %, 0 %, 35270 MiB, 38.22 W
2026/09/20 11:34:17.343, 2, 0 %, 0 %, 35270 MiB, 37.34 W
2026/09/20 11:34:22.344, 0, 0 %, 0 %, 35270 MiB, 39.18 W
2026/09/20 11:34:22.345, 1, 0 %, 0 %, 35270 MiB, 38.36 W
2026/09/20 11:34:22.345, 2, 0 %, 0 %, 35270 MiB, 37.47 W
2026/09/20 11:34:27.346, 0, 0 %, 0 %, 35270 MiB, 38.56 W
2026/09/20 11:34:27.347, 1, 0 %, 0 %, 35270 MiB, 38.34 W
2026/09/20 11:34:27.347, 2, 0 %, 0 %, 35270 MiB, 37.35 W
2026/09/20 11:34:32.348, 0, 0 %, 0 %, 35270 MiB, 38.86 W
2026/09/20 11:34:32.348, 1, 0 %, 0 %, 35270 MiB, 38.33 W
2026/09/20 11:34:32.348, 2, 0 %, 0 %, 35270 MiB, 37.24 W
2026/09/20 11:34:37.349, 0, 0 %, 0 %, 35270 MiB, 38.89 W
2026/09/20 11:34:37.350, 1, 0 %, 0 %, 35270 MiB, 38.35 W
2026/09/20 11:34:37.350, 2, 0 %, 0 %, 35270 MiB, 37.26 W
2026/09/20 11:34:42.351, 0, 0 %, 0 %, 35270 MiB, 39.07 W
2026/09/20 11:34:42.352, 1, 0 %, 0 %, 35270 MiB, 38.33 W
2026/09/20 11:34:42.352, 2, 0 %, 0 %, 35270 MiB, 37.24 W
2026/09/20 11:34:47.353, 0, 0 %, 0 %, 35270 MiB, 39.07 W
2026/09/20 11:34:47.353, 1, 0 %, 0 %, 35270 MiB, 38.55 W
2026/09/20 11:34:47.353, 2, 0 %, 0 %, 35270 MiB, 37.14 W
2026/09/20 11:34:52.354, 0, 0 %, 0 %, 35270 MiB, 38.96 W
2026/09/20 11:34:52.355, 1, 0 %, 0 %, 35270 MiB, 38.53 W
2026/09/20 11:34:52.355, 2, 0 %, 0 %, 35270 MiB, 37.55 W
2026/09/20 11:34:57.355, 0, 0 %, 0 %, 35270 MiB, 39.07 W
2026/09/20 11:34:57.356, 1, 0 %, 0 %, 35270 MiB, 38.55 W
2026/09/20 11:34:57.356, 2, 0 %, 0 %, 35270 MiB, 37.26 W
2026/09/20 11:35:02.357, 0, 0 %, 0 %, 35270 MiB, 39.14 W
2026/09/20 11:35:02.365, 1, 0 %, 0 %, 35270 MiB, 38.53 W
2026/09/20 11:35:02.365, 2, 0 %, 0 %, 35270 MiB, 37.34 W
2026/09/20 11:35:07.366, 0, 0 %, 0 %, 35270 MiB, 39.09 W
2026/09/20 11:35:07.367, 1, 0 %, 0 %, 35270 MiB, 38.56 W
2026/09/20 11:35:07.367, 2, 0 %, 0 %, 35270 MiB, 37.28 W
2026/09/20 11:35:12.369, 0, 0 %, 0 %, 35270 MiB, 38.75 W
2026/09/20 11:35:12.370, 1, 0 %, 0 %, 35270 MiB, 38.23 W
2026/09/20 11:35:12.370, 2, 0 %, 0 %, 35270 MiB, 37.44 W
2026/09/20 11:35:17.376, 0, 0 %, 0 %, 35270 MiB, 38.91 W
2026/09/20 11:35:17.376, 1, 0 %, 0 %, 35270 MiB, 38.25 W
2026/09/20 11:35:17.376, 2, 0 %, 0 %, 35270 MiB, 37.25 W
2026/09/20 11:35:22.377, 0, 0 %, 0 %, 35270 MiB, 39.08 W
2026/09/20 11:35:22.378, 1, 0 %, 0 %, 35270 MiB, 38.46 W
2026/09/20 11:35:22.378, 2, 0 %, 0 %, 35270 MiB, 37.26 W
2026/09/20 11:35:27.379, 0, 0 %, 0 %, 35270 MiB, 38.56 W
2026/09/20 11:35:27.379, 1, 0 %, 0 %, 35270 MiB, 38.23 W
2026/09/20 11:35:27.380, 2, 0 %, 0 %, 35270 MiB, 37.35 W
2026/09/20 11:35:32.381, 0, 0 %, 0 %, 35270 MiB, 38.86 W
2026/09/20 11:35:32.382, 1, 0 %, 0 %, 35270 MiB, 38.23 W
2026/09/20 11:35:32.382, 2, 0 %, 0 %, 35270 MiB, 37.44 W
2026/09/20 11:35:37.383, 0, 0 %, 0 %, 35270 MiB, 38.96 W
2026/09/20 11:35:37.383, 1, 0 %, 0 %, 35270 MiB, 38.34 W
2026/09/20 11:35:37.383, 2, 0 %, 0 %, 35270 MiB, 37.35 W
2026/09/20 11:35:42.384, 0, 0 %, 0 %, 35270 MiB, 38.96 W
2026/09/20 11:35:42.385, 1, 0 %, 0 %, 35270 MiB, 38.44 W
2026/09/20 11:35:42.385, 2, 0 %, 0 %, 35270 MiB, 37.24 W
2026/09/20 11:35:47.389, 0, 0 %, 0 %, 35270 MiB, 38.97 W
2026/09/20 11:35:47.389, 1, 0 %, 0 %, 35270 MiB, 38.24 W
2026/09/20 11:35:47.390, 2, 0 %, 0 %, 35270 MiB, 37.15 W
2026/09/20 11:35:52.391, 0, 0 %, 0 %, 35270 MiB, 38.99 W
2026/09/20 11:35:52.391, 1, 0 %, 0 %, 35270 MiB, 38.28 W
2026/09/20 11:35:52.391, 2, 0 %, 0 %, 35270 MiB, 37.18 W
2026/09/20 11:35:57.392, 0, 0 %, 0 %, 35270 MiB, 39.04 W
2026/09/20 11:35:57.393, 1, 0 %, 0 %, 35270 MiB, 38.43 W
2026/09/20 11:35:57.393, 2, 0 %, 0 %, 35270 MiB, 37.23 W
2026/09/20 11:36:02.394, 0, 0 %, 0 %, 35270 MiB, 38.96 W
2026/09/20 11:36:02.395, 1, 0 %, 0 %, 35270 MiB, 38.44 W
2026/09/20 11:36:02.395, 2, 0 %, 0 %, 35270 MiB, 37.24 W
2026/09/20 11:36:07.395, 0, 0 %, 0 %, 35270 MiB, 38.99 W
2026/09/20 11:36:07.396, 1, 0 %, 0 %, 35270 MiB, 38.46 W
2026/09/20 11:36:07.396, 2, 0 %, 0 %, 35270 MiB, 37.25 W
2026/09/20 11:36:12.397, 0, 22 %, 1 %, 35270 MiB, 39.16 W
2026/09/20 11:36:12.398, 1, 0 %, 0 %, 35270 MiB, 38.46 W
2026/09/20 11:36:12.398, 2, 0 %, 0 %, 35270 MiB, 37.33 W
2026/09/20 11:36:17.405, 0, 0 %, 0 %, 35270 MiB, 39.17 W
2026/09/20 11:36:17.405, 1, 0 %, 0 %, 35270 MiB, 38.24 W
2026/09/20 11:36:17.405, 2, 0 %, 0 %, 35270 MiB, 37.25 W
2026/09/20 11:36:22.407, 0, 24 %, 1 %, 35270 MiB, 39.16 W
2026/09/20 11:36:22.408, 1, 0 %, 0 %, 35270 MiB, 38.33 W
2026/09/20 11:36:22.408, 2, 0 %, 0 %, 35270 MiB, 37.24 W
2026/09/20 11:36:27.408, 0, 0 %, 0 %, 35270 MiB, 44.38 W
2026/09/20 11:36:27.409, 1, 0 %, 0 %, 35270 MiB, 38.34 W
2026/09/20 11:36:27.409, 2, 0 %, 0 %, 35270 MiB, 37.24 W
2026/09/20 11:36:32.410, 0, 5 %, 0 %, 35270 MiB, 43.63 W
2026/09/20 11:36:32.411, 1, 0 %, 0 %, 35270 MiB, 38.34 W
2026/09/20 11:36:32.411, 2, 0 %, 0 %, 35270 MiB, 37.36 W
2026/09/20 11:36:37.412, 0, 0 %, 0 %, 35270 MiB, 39.04 W
2026/09/20 11:36:37.412, 1, 0 %, 0 %, 35270 MiB, 38.53 W
2026/09/20 11:36:37.412, 2, 0 %, 0 %, 35270 MiB, 37.44 W
2026/09/20 11:36:42.414, 0, 0 %, 0 %, 35270 MiB, 39.16 W
2026/09/20 11:36:42.414, 1, 0 %, 0 %, 35270 MiB, 38.73 W
2026/09/20 11:36:42.414, 2, 0 %, 0 %, 35270 MiB, 37.54 W
2026/09/20 11:36:47.420, 0, 0 %, 0 %, 35270 MiB, 39.14 W
2026/09/20 11:36:47.420, 1, 0 %, 0 %, 35270 MiB, 38.34 W
2026/09/20 11:36:47.420, 2, 0 %, 0 %, 35270 MiB, 37.44 W
2026/09/20 11:36:52.422, 0, 0 %, 0 %, 35270 MiB, 41.75 W
2026/09/20 11:36:52.422, 1, 0 %, 0 %, 35270 MiB, 38.35 W
2026/09/20 11:36:52.422, 2, 0 %, 0 %, 35270 MiB, 37.36 W
2026/09/20 11:36:57.422, 0, 0 %, 0 %, 35270 MiB, 38.99 W
2026/09/20 11:36:57.422, 1, 0 %, 0 %, 35270 MiB, 38.55 W
2026/09/20 11:36:57.423, 2, 0 %, 0 %, 35270 MiB, 37.26 W
2026/09/20 11:37:02.424, 0, 0 %, 0 %, 35270 MiB, 39.63 W
2026/09/20 11:37:02.425, 1, 0 %, 0 %, 35270 MiB, 38.33 W
2026/09/20 11:37:02.425, 2, 0 %, 0 %, 35270 MiB, 37.24 W
2026/09/20 11:37:07.425, 0, 0 %, 0 %, 35270 MiB, 39.14 W
2026/09/20 11:37:07.425, 1, 0 %, 0 %, 35270 MiB, 38.44 W
2026/09/20 11:37:07.426, 2, 0 %, 0 %, 35270 MiB, 37.44 W
2026/09/20 11:37:12.427, 0, 0 %, 0 %, 35270 MiB, 39.14 W
2026/09/20 11:37:12.427, 1, 0 %, 0 %, 35270 MiB, 38.62 W
2026/09/20 11:37:12.428, 2, 0 %, 0 %, 35270 MiB, 37.23 W
2026/09/20 11:37:17.438, 0, 10 %, 0 %, 35270 MiB, 39.14 W
2026/09/20 11:37:17.438, 1, 0 %, 0 %, 35270 MiB, 38.53 W
2026/09/20 11:37:17.439, 2, 0 %, 0 %, 35270 MiB, 37.34 W
2026/09/20 11:37:22.440, 0, 0 %, 0 %, 35270 MiB, 39.16 W
2026/09/20 11:37:22.440, 1, 0 %, 0 %, 35270 MiB, 38.15 W
2026/09/20 11:37:22.440, 2, 0 %, 0 %, 35270 MiB, 37.25 W
2026/09/20 11:37:27.441, 0, 20 %, 1 %, 35270 MiB, 39.04 W
2026/09/20 11:37:27.442, 1, 0 %, 0 %, 35270 MiB, 38.22 W
2026/09/20 11:37:27.442, 2, 0 %, 0 %, 35270 MiB, 37.33 W
2026/09/20 11:37:32.443, 0, 0 %, 0 %, 35270 MiB, 39.05 W
2026/09/20 11:37:32.444, 1, 0 %, 0 %, 35270 MiB, 38.34 W
2026/09/20 11:37:32.444, 2, 0 %, 0 %, 35270 MiB, 37.35 W
2026/09/20 11:37:37.445, 0, 0 %, 0 %, 35270 MiB, 38.98 W
2026/09/20 11:37:37.445, 1, 0 %, 0 %, 35270 MiB, 38.25 W
2026/09/20 11:37:37.445, 2, 0 %, 0 %, 35270 MiB, 37.25 W
2026/09/20 11:37:42.447, 0, 0 %, 0 %, 35270 MiB, 38.96 W
2026/09/20 11:37:42.447, 1, 0 %, 0 %, 35270 MiB, 38.23 W
2026/09/20 11:37:42.447, 2, 0 %, 0 %, 35270 MiB, 37.24 W
2026/09/20 11:37:47.449, 0, 0 %, 0 %, 35270 MiB, 38.83 W
2026/09/20 11:37:47.449, 1, 0 %, 0 %, 35270 MiB, 38.51 W
2026/09/20 11:37:47.450, 2, 0 %, 0 %, 35270 MiB, 37.34 W
2026/09/20 11:37:52.460, 0, 0 %, 0 %, 35270 MiB, 38.86 W
2026/09/20 11:37:52.461, 1, 0 %, 0 %, 35270 MiB, 38.23 W
2026/09/20 11:37:52.461, 2, 0 %, 0 %, 35270 MiB, 37.15 W
2026/09/20 11:37:57.462, 0, 0 %, 0 %, 35270 MiB, 38.63 W
2026/09/20 11:37:57.462, 1, 0 %, 0 %, 35270 MiB, 38.20 W
2026/09/20 11:37:57.462, 2, 0 %, 0 %, 35270 MiB, 37.11 W
2026/09/20 11:38:02.464, 0, 0 %, 0 %, 35270 MiB, 38.96 W
2026/09/20 11:38:02.465, 1, 5 %, 0 %, 35270 MiB, 38.34 W
2026/09/20 11:38:02.465, 2, 0 %, 0 %, 35270 MiB, 37.14 W
2026/09/20 11:38:07.466, 0, 0 %, 0 %, 35270 MiB, 38.94 W
2026/09/20 11:38:07.467, 1, 0 %, 0 %, 35270 MiB, 38.43 W
2026/09/20 11:38:07.467, 2, 0 %, 0 %, 35270 MiB, 37.23 W
2026/09/20 11:38:12.468, 0, 0 %, 0 %, 35270 MiB, 38.94 W
2026/09/20 11:38:12.468, 1, 0 %, 0 %, 35270 MiB, 38.33 W
2026/09/20 11:38:12.469, 2, 0 %, 0 %, 35270 MiB, 37.13 W
2026/09/20 11:38:17.469, 0, 0 %, 0 %, 35270 MiB, 38.99 W
2026/09/20 11:38:17.470, 1, 0 %, 0 %, 35270 MiB, 38.35 W
2026/09/20 11:38:17.470, 2, 0 %, 0 %, 35270 MiB, 37.16 W
2026/09/20 11:38:22.471, 0, 0 %, 0 %, 35270 MiB, 38.97 W
2026/09/20 11:38:22.471, 1, 0 %, 0 %, 35270 MiB, 38.45 W
2026/09/20 11:38:22.471, 2, 0 %, 0 %, 35270 MiB, 37.36 W
2026/09/20 11:38:27.473, 0, 0 %, 0 %, 35270 MiB, 38.97 W
2026/09/20 11:38:27.473, 1, 10 %, 0 %, 35270 MiB, 38.44 W
2026/09/20 11:38:27.473, 2, 0 %, 0 %, 35270 MiB, 37.24 W
2026/09/20 11:38:32.475, 0, 0 %, 0 %, 35270 MiB, 38.88 W
2026/09/20 11:38:32.476, 1, 0 %, 0 %, 35270 MiB, 38.33 W
2026/09/20 11:38:32.476, 2, 0 %, 0 %, 35270 MiB, 37.25 W
2026/09/20 11:38:37.476, 0, 0 %, 0 %, 35270 MiB, 39.09 W
2026/09/20 11:38:37.477, 1, 11 %, 0 %, 35270 MiB, 38.28 W
2026/09/20 11:38:37.477, 2, 0 %, 0 %, 35270 MiB, 37.18 W
2026/09/20 11:38:42.477, 0, 0 %, 0 %, 35270 MiB, 39.07 W
2026/09/20 11:38:42.478, 1, 0 %, 0 %, 35270 MiB, 38.25 W
2026/09/20 11:38:42.478, 2, 0 %, 0 %, 35270 MiB, 37.46 W
2026/09/20 11:38:47.479, 0, 0 %, 0 %, 35270 MiB, 38.86 W
2026/09/20 11:38:47.480, 1, 3 %, 0 %, 35270 MiB, 38.34 W
2026/09/20 11:38:47.480, 2, 0 %, 0 %, 35270 MiB, 37.35 W
2026/09/20 11:38:52.481, 0, 0 %, 0 %, 35270 MiB, 38.68 W
2026/09/20 11:38:52.482, 1, 0 %, 0 %, 35270 MiB, 38.23 W
2026/09/20 11:38:52.482, 2, 21 %, 1 %, 35270 MiB, 37.35 W
2026/09/20 11:38:57.483, 0, 0 %, 0 %, 35270 MiB, 38.98 W
2026/09/20 11:38:57.484, 1, 25 %, 1 %, 35270 MiB, 38.36 W
2026/09/20 11:38:57.484, 2, 0 %, 0 %, 35270 MiB, 37.35 W
2026/09/20 11:39:02.485, 0, 0 %, 0 %, 35270 MiB, 38.83 W
2026/09/20 11:39:02.485, 1, 0 %, 0 %, 35270 MiB, 38.31 W
2026/09/20 11:39:02.485, 2, 0 %, 0 %, 35270 MiB, 37.22 W
2026/09/20 11:39:07.487, 0, 0 %, 0 %, 35270 MiB, 38.94 W
2026/09/20 11:39:07.487, 1, 0 %, 0 %, 35270 MiB, 38.32 W
2026/09/20 11:39:07.487, 2, 0 %, 0 %, 35270 MiB, 37.03 W
2026/09/20 11:39:12.489, 0, 0 %, 0 %, 35270 MiB, 38.94 W
2026/09/20 11:39:12.490, 1, 0 %, 0 %, 35270 MiB, 38.53 W
2026/09/20 11:39:12.490, 2, 25 %, 1 %, 35270 MiB, 37.23 W
2026/09/20 11:39:17.499, 0, 0 %, 0 %, 35270 MiB, 38.85 W
2026/09/20 11:39:17.499, 1, 0 %, 0 %, 35270 MiB, 38.23 W
2026/09/20 11:39:17.499, 2, 0 %, 0 %, 35270 MiB, 37.23 W
2026/09/20 11:39:22.500, 0, 0 %, 0 %, 35270 MiB, 38.97 W
2026/09/20 11:39:22.501, 1, 0 %, 0 %, 35270 MiB, 38.24 W
2026/09/20 11:39:22.501, 2, 0 %, 0 %, 35270 MiB, 37.14 W
2026/09/20 11:39:27.502, 0, 0 %, 0 %, 35270 MiB, 39.14 W
2026/09/20 11:39:27.502, 1, 0 %, 0 %, 35270 MiB, 38.32 W
2026/09/20 11:39:27.503, 2, 0 %, 0 %, 35270 MiB, 41.30 W
2026/09/20 11:39:32.505, 0, 0 %, 0 %, 35270 MiB, 38.96 W
2026/09/20 11:39:32.506, 1, 0 %, 0 %, 35270 MiB, 38.34 W
2026/09/20 11:39:32.506, 2, 0 %, 0 %, 35270 MiB, 40.12 W
2026/09/20 11:39:37.507, 0, 0 %, 0 %, 35270 MiB, 38.98 W
2026/09/20 11:39:37.507, 1, 0 %, 0 %, 35270 MiB, 38.15 W
2026/09/20 11:39:37.508, 2, 52 %, 2 %, 35270 MiB, 39.23 W
2026/09/20 11:39:42.508, 0, 0 %, 0 %, 35270 MiB, 38.99 W
2026/09/20 11:39:42.509, 1, 0 %, 0 %, 35270 MiB, 38.15 W
2026/09/20 11:39:42.509, 2, 20 %, 1 %, 35270 MiB, 37.46 W
2026/09/20 11:39:47.517, 0, 0 %, 0 %, 35270 MiB, 39.06 W
2026/09/20 11:39:47.517, 1, 0 %, 0 %, 35270 MiB, 38.03 W
2026/09/20 11:39:47.517, 2, 0 %, 0 %, 35270 MiB, 37.25 W
2026/09/20 11:39:52.518, 0, 0 %, 0 %, 35270 MiB, 38.97 W
2026/09/20 11:39:52.519, 1, 0 %, 0 %, 35270 MiB, 38.13 W
2026/09/20 11:39:52.519, 2, 0 %, 0 %, 35270 MiB, 37.44 W
2026/09/20 11:39:57.519, 0, 0 %, 0 %, 35270 MiB, 38.88 W
2026/09/20 11:39:57.519, 1, 0 %, 0 %, 35270 MiB, 38.06 W
2026/09/20 11:39:57.519, 2, 0 %, 0 %, 35270 MiB, 37.26 W
2026/09/20 11:40:02.521, 0, 0 %, 0 %, 35270 MiB, 38.76 W
2026/09/20 11:40:02.521, 1, 0 %, 0 %, 35270 MiB, 38.13 W
2026/09/20 11:40:02.521, 2, 0 %, 0 %, 35270 MiB, 37.35 W
2026/09/20 11:40:07.523, 0, 0 %, 0 %, 35270 MiB, 38.75 W
2026/09/20 11:40:07.523, 1, 0 %, 0 %, 35270 MiB, 38.23 W
2026/09/20 11:40:07.523, 2, 0 %, 0 %, 35270 MiB, 37.56 W
2026/09/20 11:40:12.525, 0, 0 %, 0 %, 35270 MiB, 38.74 W
2026/09/20 11:40:12.525, 1, 0 %, 0 %, 35270 MiB, 38.22 W
2026/09/20 11:40:12.525, 2, 0 %, 0 %, 35270 MiB, 37.33 W
2026/09/20 11:40:17.527, 0, 0 %, 0 %, 35270 MiB, 38.75 W
2026/09/20 11:40:17.528, 1, 0 %, 0 %, 35270 MiB, 38.13 W
2026/09/20 11:40:17.528, 2, 0 %, 0 %, 35270 MiB, 37.14 W
2026/09/20 11:40:22.529, 0, 0 %, 0 %, 35270 MiB, 39.07 W
2026/09/20 11:40:22.530, 1, 0 %, 0 %, 35270 MiB, 38.13 W
2026/09/20 11:40:22.530, 2, 0 %, 0 %, 35270 MiB, 37.04 W
2026/09/20 11:40:27.530, 0, 0 %, 0 %, 35270 MiB, 38.87 W
2026/09/20 11:40:27.531, 1, 0 %, 0 %, 35270 MiB, 38.24 W
2026/09/20 11:40:27.531, 2, 0 %, 0 %, 35270 MiB, 37.15 W
2026/09/20 11:40:32.531, 0, 0 %, 0 %, 35270 MiB, 38.79 W
2026/09/20 11:40:32.532, 1, 0 %, 0 %, 35270 MiB, 38.15 W
2026/09/20 11:40:32.532, 2, 0 %, 0 %, 35270 MiB, 37.26 W
2026/09/20 11:40:37.532, 0, 0 %, 0 %, 35270 MiB, 38.96 W
2026/09/20 11:40:37.532, 1, 0 %, 0 %, 35270 MiB, 38.23 W
2026/09/20 11:40:37.532, 2, 0 %, 0 %, 35270 MiB, 37.14 W
2026/09/20 11:40:42.534, 0, 0 %, 0 %, 35270 MiB, 38.97 W
2026/09/20 11:40:42.534, 1, 0 %, 0 %, 35270 MiB, 38.44 W
2026/09/20 11:40:42.535, 2, 0 %, 0 %, 35270 MiB, 37.15 W
2026/09/20 11:40:47.536, 0, 0 %, 0 %, 35270 MiB, 38.94 W
2026/09/20 11:40:47.536, 1, 0 %, 0 %, 35270 MiB, 38.02 W
2026/09/20 11:40:47.536, 2, 0 %, 0 %, 35270 MiB, 37.44 W
2026/09/20 11:40:52.538, 0, 0 %, 0 %, 35270 MiB, 38.96 W
2026/09/20 11:40:52.539, 1, 0 %, 0 %, 35270 MiB, 38.13 W
2026/09/20 11:40:52.539, 2, 0 %, 0 %, 35270 MiB, 37.24 W
2026/09/20 11:40:57.540, 0, 0 %, 0 %, 35270 MiB, 38.96 W
2026/09/20 11:40:57.540, 1, 0 %, 0 %, 35270 MiB, 38.03 W
2026/09/20 11:40:57.541, 2, 0 %, 0 %, 35270 MiB, 37.24 W
2026/09/20 11:41:02.542, 0, 0 %, 0 %, 35270 MiB, 38.89 W
2026/09/20 11:41:02.542, 1, 0 %, 0 %, 35270 MiB, 38.15 W
2026/09/20 11:41:02.543, 2, 0 %, 0 %, 35270 MiB, 37.26 W
2026/09/20 11:41:07.543, 0, 0 %, 0 %, 35270 MiB, 38.88 W
2026/09/20 11:41:07.544, 1, 0 %, 0 %, 35270 MiB, 38.15 W
2026/09/20 11:41:07.544, 2, 0 %, 0 %, 35270 MiB, 37.47 W
2026/09/20 11:41:12.545, 0, 0 %, 0 %, 35270 MiB, 38.86 W
2026/09/20 11:41:12.546, 1, 0 %, 0 %, 35270 MiB, 38.23 W
2026/09/20 11:41:12.546, 2, 0 %, 0 %, 35270 MiB, 37.35 W
2026/09/20 11:41:17.546, 0, 0 %, 0 %, 35270 MiB, 39.18 W
2026/09/20 11:41:17.547, 1, 0 %, 0 %, 35270 MiB, 38.35 W
2026/09/20 11:41:17.547, 2, 0 %, 0 %, 35270 MiB, 37.16 W
2026/09/20 11:41:22.548, 0, 0 %, 0 %, 35270 MiB, 38.86 W
2026/09/20 11:41:22.548, 1, 0 %, 0 %, 35270 MiB, 38.23 W
2026/09/20 11:41:22.548, 2, 0 %, 0 %, 35270 MiB, 37.14 W
2026/09/20 11:41:27.549, 0, 0 %, 0 %, 35270 MiB, 38.88 W
2026/09/20 11:41:27.549, 1, 0 %, 0 %, 35270 MiB, 38.36 W
2026/09/20 11:41:27.550, 2, 0 %, 0 %, 35270 MiB, 37.36 W
2026/09/20 11:41:32.550, 0, 0 %, 0 %, 35270 MiB, 39.01 W
2026/09/20 11:41:32.551, 1, 0 %, 0 %, 35270 MiB, 38.38 W
2026/09/20 11:41:32.551, 2, 0 %, 0 %, 35270 MiB, 37.26 W
2026/09/20 11:41:37.552, 0, 0 %, 0 %, 35270 MiB, 39.14 W
2026/09/20 11:41:37.552, 1, 0 %, 0 %, 35270 MiB, 38.53 W
2026/09/20 11:41:37.552, 2, 0 %, 0 %, 35270 MiB, 37.13 W
2026/09/20 11:41:42.554, 0, 0 %, 0 %, 35270 MiB, 39.03 W
2026/09/20 11:41:42.554, 1, 0 %, 0 %, 35270 MiB, 38.41 W
2026/09/20 11:41:42.554, 2, 0 %, 0 %, 35270 MiB, 37.22 W
2026/09/20 11:41:47.555, 0, 0 %, 0 %, 35270 MiB, 39.03 W
2026/09/20 11:41:47.555, 1, 0 %, 0 %, 35270 MiB, 38.41 W
2026/09/20 11:41:47.556, 2, 0 %, 0 %, 35270 MiB, 37.42 W
2026/09/20 11:41:52.556, 0, 0 %, 0 %, 35270 MiB, 39.03 W
2026/09/20 11:41:52.556, 1, 0 %, 0 %, 35270 MiB, 38.10 W
2026/09/20 11:41:52.556, 2, 0 %, 0 %, 35270 MiB, 37.32 W
2026/09/20 11:41:57.558, 0, 0 %, 0 %, 35270 MiB, 39.08 W
2026/09/20 11:41:57.558, 1, 0 %, 0 %, 35270 MiB, 38.25 W
2026/09/20 11:41:57.559, 2, 0 %, 0 %, 35270 MiB, 37.26 W
2026/09/20 11:42:02.560, 0, 0 %, 0 %, 35270 MiB, 39.06 W
2026/09/20 11:42:02.560, 1, 0 %, 0 %, 35270 MiB, 38.24 W
2026/09/20 11:42:02.561, 2, 0 %, 0 %, 35270 MiB, 37.34 W
2026/09/20 11:42:07.562, 0, 0 %, 0 %, 35270 MiB, 38.96 W
2026/09/20 11:42:07.563, 1, 0 %, 0 %, 35270 MiB, 38.13 W
2026/09/20 11:42:07.563, 2, 0 %, 0 %, 35270 MiB, 37.35 W
2026/09/20 11:42:12.564, 0, 0 %, 0 %, 35270 MiB, 39.06 W
2026/09/20 11:42:12.565, 1, 0 %, 0 %, 35270 MiB, 38.44 W
2026/09/20 11:42:12.565, 2, 0 %, 0 %, 35270 MiB, 37.35 W
2026/09/20 11:42:17.565, 0, 0 %, 0 %, 35270 MiB, 38.87 W
2026/09/20 11:42:17.566, 1, 0 %, 0 %, 35270 MiB, 38.25 W
2026/09/20 11:42:17.566, 2, 0 %, 0 %, 35270 MiB, 37.35 W
2026/09/20 11:42:22.567, 0, 0 %, 0 %, 35270 MiB, 38.97 W
2026/09/20 11:42:22.567, 1, 0 %, 0 %, 35270 MiB, 38.24 W
2026/09/20 11:42:22.568, 2, 0 %, 0 %, 35270 MiB, 37.35 W
2026/09/20 11:42:27.569, 0, 0 %, 0 %, 35270 MiB, 38.96 W
2026/09/20 11:42:27.570, 1, 0 %, 0 %, 35270 MiB, 38.23 W
2026/09/20 11:42:27.570, 2, 0 %, 0 %, 35270 MiB, 37.14 W
2026/09/20 11:42:32.571, 0, 0 %, 0 %, 35270 MiB, 39.06 W
2026/09/20 11:42:32.571, 1, 0 %, 0 %, 35270 MiB, 38.33 W
2026/09/20 11:42:32.572, 2, 0 %, 0 %, 35270 MiB, 37.24 W
2026/09/20 11:42:37.573, 0, 0 %, 0 %, 35270 MiB, 38.96 W
2026/09/20 11:42:37.573, 1, 0 %, 0 %, 35270 MiB, 38.23 W
2026/09/20 11:42:37.574, 2, 0 %, 0 %, 35270 MiB, 37.14 W
2026/09/20 11:42:42.574, 0, 0 %, 0 %, 35270 MiB, 38.96 W
2026/09/20 11:42:42.575, 1, 0 %, 0 %, 35270 MiB, 38.34 W
2026/09/20 11:42:42.575, 2, 0 %, 0 %, 35270 MiB, 37.34 W
2026/09/20 11:42:47.575, 0, 0 %, 0 %, 35270 MiB, 38.96 W
2026/09/20 11:42:47.576, 1, 0 %, 0 %, 35270 MiB, 38.53 W
2026/09/20 11:42:47.576, 2, 0 %, 0 %, 35270 MiB, 37.35 W
2026/09/20 11:42:52.576, 0, 0 %, 0 %, 35270 MiB, 39.20 W
2026/09/20 11:42:52.577, 1, 0 %, 0 %, 35270 MiB, 38.48 W
2026/09/20 11:42:52.577, 2, 0 %, 0 %, 35270 MiB, 37.28 W
2026/09/20 11:42:57.577, 0, 0 %, 0 %, 35270 MiB, 39.21 W
2026/09/20 11:42:57.578, 1, 0 %, 0 %, 35270 MiB, 38.28 W
2026/09/20 11:42:57.578, 2, 0 %, 0 %, 35270 MiB, 37.28 W
2026/09/20 11:43:02.579, 0, 0 %, 0 %, 35270 MiB, 39.11 W
2026/09/20 11:43:02.579, 1, 0 %, 0 %, 35270 MiB, 38.28 W
2026/09/20 11:43:02.579, 2, 0 %, 0 %, 35270 MiB, 37.39 W
2026/09/20 11:43:07.579, 0, 0 %, 0 %, 35270 MiB, 39.21 W
2026/09/20 11:43:07.580, 1, 0 %, 0 %, 35270 MiB, 38.39 W
2026/09/20 11:43:07.580, 2, 0 %, 0 %, 35270 MiB, 37.49 W
2026/09/20 11:43:12.581, 0, 0 %, 0 %, 35270 MiB, 39.19 W
2026/09/20 11:43:12.582, 1, 0 %, 0 %, 35270 MiB, 38.35 W
2026/09/20 11:43:12.582, 2, 0 %, 0 %, 35270 MiB, 37.47 W
2026/09/20 11:43:17.583, 0, 0 %, 0 %, 35270 MiB, 39.07 W
2026/09/20 11:43:17.584, 1, 0 %, 0 %, 35270 MiB, 38.35 W
2026/09/20 11:43:17.584, 2, 0 %, 0 %, 35270 MiB, 37.65 W
2026/09/20 11:43:22.585, 0, 0 %, 0 %, 35270 MiB, 39.06 W
2026/09/20 11:43:22.586, 1, 0 %, 0 %, 35270 MiB, 38.63 W
2026/09/20 11:43:22.586, 2, 0 %, 0 %, 35270 MiB, 37.44 W
2026/09/20 11:43:27.587, 0, 0 %, 0 %, 35270 MiB, 39.35 W
2026/09/20 11:43:27.588, 1, 0 %, 0 %, 35270 MiB, 38.44 W
2026/09/20 11:43:27.588, 2, 0 %, 0 %, 35270 MiB, 37.35 W
2026/09/20 11:43:32.589, 0, 0 %, 0 %, 35270 MiB, 39.18 W
2026/09/20 11:43:32.589, 1, 0 %, 0 %, 35270 MiB, 38.46 W
2026/09/20 11:43:32.589, 2, 0 %, 0 %, 35270 MiB, 37.37 W
2026/09/20 11:43:37.591, 0, 0 %, 0 %, 35270 MiB, 39.17 W
2026/09/20 11:43:37.592, 1, 0 %, 0 %, 35270 MiB, 38.44 W
2026/09/20 11:43:37.592, 2, 0 %, 0 %, 35270 MiB, 37.46 W
2026/09/20 11:43:42.593, 0, 0 %, 0 %, 35270 MiB, 39.09 W
2026/09/20 11:43:42.593, 1, 0 %, 0 %, 35270 MiB, 38.58 W
2026/09/20 11:43:42.593, 2, 0 %, 0 %, 35270 MiB, 37.47 W
2026/09/20 11:43:47.595, 0, 0 %, 0 %, 35270 MiB, 39.28 W
2026/09/20 11:43:47.596, 1, 0 %, 0 %, 35270 MiB, 38.46 W
2026/09/20 11:43:47.596, 2, 0 %, 0 %, 35270 MiB, 37.36 W
2026/09/20 11:43:52.596, 0, 0 %, 0 %, 35270 MiB, 39.16 W
2026/09/20 11:43:52.597, 1, 0 %, 0 %, 35270 MiB, 38.53 W
2026/09/20 11:43:52.597, 2, 0 %, 0 %, 35270 MiB, 37.35 W
2026/09/20 11:43:57.598, 0, 0 %, 0 %, 35270 MiB, 39.25 W
2026/09/20 11:43:57.599, 1, 0 %, 0 %, 35270 MiB, 38.53 W
2026/09/20 11:43:57.599, 2, 0 %, 0 %, 35270 MiB, 37.44 W
2026/09/20 11:44:02.600, 0, 19 %, 1 %, 35270 MiB, 41.76 W
2026/09/20 11:44:02.600, 1, 0 %, 0 %, 35270 MiB, 38.63 W
2026/09/20 11:44:02.601, 2, 0 %, 0 %, 35270 MiB, 37.44 W
2026/09/20 11:44:07.601, 0, 0 %, 0 %, 35270 MiB, 39.29 W
2026/09/20 11:44:07.602, 1, 0 %, 0 %, 35270 MiB, 38.37 W
2026/09/20 11:44:07.602, 2, 0 %, 0 %, 35270 MiB, 37.48 W
2026/09/20 11:44:12.602, 0, 0 %, 0 %, 35270 MiB, 39.24 W
2026/09/20 11:44:12.603, 1, 0 %, 0 %, 35270 MiB, 38.44 W
2026/09/20 11:44:12.603, 2, 0 %, 0 %, 35270 MiB, 37.44 W
2026/09/20 11:44:17.603, 0, 0 %, 0 %, 35270 MiB, 39.35 W
2026/09/20 11:44:17.604, 1, 0 %, 0 %, 35270 MiB, 38.63 W
2026/09/20 11:44:17.604, 2, 0 %, 0 %, 35270 MiB, 37.53 W
2026/09/20 11:44:22.605, 0, 36 %, 1 %, 35270 MiB, 42.74 W
2026/09/20 11:44:22.605, 1, 0 %, 0 %, 35270 MiB, 38.46 W
2026/09/20 11:44:22.605, 2, 0 %, 0 %, 35270 MiB, 37.55 W
2026/09/20 11:44:27.607, 0, 0 %, 0 %, 35270 MiB, 39.17 W
2026/09/20 11:44:27.607, 1, 0 %, 0 %, 35270 MiB, 38.36 W
2026/09/20 11:44:27.607, 2, 0 %, 0 %, 35270 MiB, 37.47 W
2026/09/20 11:44:32.609, 0, 0 %, 0 %, 35270 MiB, 39.15 W
2026/09/20 11:44:32.610, 1, 0 %, 0 %, 35270 MiB, 38.44 W
2026/09/20 11:44:32.610, 2, 0 %, 0 %, 35270 MiB, 37.65 W
2026/09/20 11:44:37.611, 0, 0 %, 0 %, 35270 MiB, 39.14 W
2026/09/20 11:44:37.612, 1, 0 %, 0 %, 35270 MiB, 38.43 W
2026/09/20 11:44:37.612, 2, 0 %, 0 %, 35270 MiB, 37.44 W
2026/09/20 11:44:42.613, 0, 0 %, 0 %, 35270 MiB, 39.16 W
2026/09/20 11:44:42.614, 1, 0 %, 0 %, 35270 MiB, 38.44 W
2026/09/20 11:44:42.614, 2, 0 %, 0 %, 35270 MiB, 37.33 W
2026/09/20 11:44:47.615, 0, 0 %, 0 %, 35270 MiB, 39.18 W
2026/09/20 11:44:47.615, 1, 0 %, 0 %, 35270 MiB, 38.36 W
2026/09/20 11:44:47.616, 2, 0 %, 0 %, 35270 MiB, 37.37 W
2026/09/20 11:44:52.616, 0, 2 %, 0 %, 35270 MiB, 39.18 W
2026/09/20 11:44:52.617, 1, 0 %, 0 %, 35270 MiB, 38.56 W
2026/09/20 11:44:52.617, 2, 0 %, 0 %, 35270 MiB, 37.56 W
2026/09/20 11:44:57.617, 0, 0 %, 0 %, 35270 MiB, 39.39 W
2026/09/20 11:44:57.617, 1, 0 %, 0 %, 35270 MiB, 38.56 W
2026/09/20 11:44:57.617, 2, 0 %, 0 %, 35270 MiB, 37.38 W
2026/09/20 11:45:02.618, 0, 0 %, 0 %, 35270 MiB, 39.22 W
2026/09/20 11:45:02.619, 1, 0 %, 0 %, 35270 MiB, 38.58 W
2026/09/20 11:45:02.619, 2, 0 %, 0 %, 35270 MiB, 37.49 W
2026/09/20 11:45:07.619, 0, 0 %, 0 %, 35270 MiB, 39.22 W
2026/09/20 11:45:07.619, 1, 0 %, 0 %, 35270 MiB, 38.68 W
2026/09/20 11:45:07.620, 2, 0 %, 0 %, 35270 MiB, 37.49 W
2026/09/20 11:45:12.620, 0, 0 %, 0 %, 35270 MiB, 39.51 W
2026/09/20 11:45:12.621, 1, 0 %, 0 %, 35270 MiB, 38.39 W
2026/09/20 11:45:12.621, 2, 0 %, 0 %, 35270 MiB, 37.59 W
2026/09/20 11:45:17.622, 0, 0 %, 0 %, 35270 MiB, 39.41 W
2026/09/20 11:45:17.622, 1, 0 %, 0 %, 35270 MiB, 38.88 W
2026/09/20 11:45:17.623, 2, 0 %, 0 %, 35270 MiB, 37.59 W
2026/09/20 11:45:22.624, 0, 0 %, 0 %, 35270 MiB, 44.56 W
2026/09/20 11:45:22.624, 1, 0 %, 0 %, 35270 MiB, 38.49 W
2026/09/20 11:45:22.625, 2, 0 %, 0 %, 35270 MiB, 37.49 W
2026/09/20 11:45:27.625, 0, 0 %, 0 %, 35270 MiB, 39.41 W
2026/09/20 11:45:27.625, 1, 0 %, 0 %, 35270 MiB, 38.58 W
2026/09/20 11:45:27.625, 2, 0 %, 0 %, 35270 MiB, 37.49 W
2026/09/20 11:45:32.626, 0, 0 %, 0 %, 35270 MiB, 39.51 W
2026/09/20 11:45:32.626, 1, 0 %, 0 %, 35270 MiB, 38.49 W
2026/09/20 11:45:32.626, 2, 0 %, 0 %, 35270 MiB, 37.70 W
2026/09/20 11:45:37.626, 0, 0 %, 0 %, 35270 MiB, 39.41 W
2026/09/20 11:45:37.627, 1, 0 %, 0 %, 35270 MiB, 38.58 W
2026/09/20 11:45:37.627, 2, 0 %, 0 %, 35270 MiB, 37.70 W
2026/09/20 11:45:42.627, 0, 24 %, 1 %, 35270 MiB, 39.39 W
2026/09/20 11:45:42.627, 1, 0 %, 0 %, 35270 MiB, 38.78 W
2026/09/20 11:45:42.627, 2, 0 %, 0 %, 35270 MiB, 37.58 W
2026/09/20 11:45:47.628, 0, 0 %, 0 %, 35270 MiB, 39.60 W
2026/09/20 11:45:47.628, 1, 0 %, 0 %, 35270 MiB, 38.68 W
2026/09/20 11:45:47.628, 2, 0 %, 0 %, 35270 MiB, 37.49 W
2026/09/20 11:45:52.629, 0, 0 %, 0 %, 35270 MiB, 39.46 W
2026/09/20 11:45:52.629, 1, 0 %, 0 %, 35270 MiB, 38.73 W
2026/09/20 11:45:52.629, 2, 0 %, 0 %, 35270 MiB, 37.64 W
2026/09/20 11:45:57.631, 0, 0 %, 0 %, 35270 MiB, 39.34 W
2026/09/20 11:45:57.631, 1, 0 %, 0 %, 35270 MiB, 38.72 W
2026/09/20 11:45:57.631, 2, 0 %, 0 %, 35270 MiB, 37.54 W
2026/09/20 11:46:02.633, 0, 0 %, 0 %, 35270 MiB, 39.24 W
2026/09/20 11:46:02.633, 1, 0 %, 0 %, 35270 MiB, 38.71 W
2026/09/20 11:46:02.633, 2, 0 %, 0 %, 35270 MiB, 37.44 W
2026/09/20 11:46:07.635, 0, 0 %, 0 %, 35270 MiB, 39.34 W
2026/09/20 11:46:07.635, 1, 0 %, 0 %, 35270 MiB, 38.44 W
2026/09/20 11:46:07.636, 2, 0 %, 0 %, 35270 MiB, 37.33 W
2026/09/20 11:46:12.637, 0, 0 %, 0 %, 35270 MiB, 39.06 W
2026/09/20 11:46:12.637, 1, 0 %, 0 %, 35270 MiB, 38.23 W
2026/09/20 11:46:12.637, 2, 0 %, 0 %, 35270 MiB, 37.24 W
2026/09/20 11:46:17.639, 0, 0 %, 0 %, 35270 MiB, 38.97 W
2026/09/20 11:46:17.639, 1, 0 %, 0 %, 35270 MiB, 38.44 W
2026/09/20 11:46:17.640, 2, 0 %, 0 %, 35270 MiB, 37.15 W
2026/09/20 11:46:22.645, 0, 0 %, 0 %, 35270 MiB, 38.85 W
2026/09/20 11:46:22.645, 1, 0 %, 0 %, 35270 MiB, 38.03 W
2026/09/20 11:46:22.646, 2, 0 %, 0 %, 35270 MiB, 37.04 W
2026/09/20 11:46:27.647, 0, 0 %, 0 %, 35270 MiB, 38.96 W
2026/09/20 11:46:27.647, 1, 0 %, 0 %, 35270 MiB, 38.03 W
2026/09/20 11:46:27.647, 2, 0 %, 0 %, 35270 MiB, 37.44 W
2026/09/20 11:46:32.649, 0, 0 %, 0 %, 35270 MiB, 38.86 W
2026/09/20 11:46:32.649, 1, 0 %, 0 %, 35270 MiB, 38.03 W
2026/09/20 11:46:32.649, 2, 0 %, 0 %, 35270 MiB, 37.04 W
2026/09/20 11:46:37.651, 0, 0 %, 0 %, 35270 MiB, 38.37 W
2026/09/20 11:46:37.652, 1, 0 %, 0 %, 35270 MiB, 38.14 W
2026/09/20 11:46:37.652, 2, 0 %, 0 %, 35270 MiB, 37.14 W
2026/09/20 11:46:42.655, 0, 0 %, 0 %, 35270 MiB, 38.66 W
2026/09/20 11:46:42.655, 1, 0 %, 0 %, 35270 MiB, 37.94 W
2026/09/20 11:46:42.655, 2, 0 %, 0 %, 35270 MiB, 37.14 W
2026/09/20 11:46:47.655, 0, 0 %, 0 %, 35270 MiB, 38.76 W
2026/09/20 11:46:47.656, 1, 0 %, 0 %, 35270 MiB, 38.05 W
2026/09/20 11:46:47.656, 2, 0 %, 0 %, 35270 MiB, 37.24 W
2026/09/20 11:46:52.657, 0, 0 %, 0 %, 35270 MiB, 38.75 W
2026/09/20 11:46:52.657, 1, 0 %, 0 %, 35270 MiB, 38.04 W
2026/09/20 11:46:52.657, 2, 0 %, 0 %, 35270 MiB, 36.84 W
2026/09/20 11:46:57.659, 0, 0 %, 0 %, 35270 MiB, 38.57 W
2026/09/20 11:46:57.659, 1, 0 %, 0 %, 35270 MiB, 38.05 W
2026/09/20 11:46:57.659, 2, 0 %, 0 %, 35270 MiB, 36.96 W
2026/09/20 11:47:02.661, 0, 0 %, 0 %, 35270 MiB, 38.58 W
2026/09/20 11:47:02.661, 1, 0 %, 0 %, 35270 MiB, 38.65 W
2026/09/20 11:47:02.661, 2, 0 %, 0 %, 35270 MiB, 37.06 W
2026/09/20 11:47:07.663, 0, 0 %, 0 %, 35270 MiB, 38.75 W
2026/09/20 11:47:07.663, 1, 0 %, 0 %, 35270 MiB, 38.04 W
2026/09/20 11:47:07.663, 2, 0 %, 0 %, 35270 MiB, 37.14 W
2026/09/20 11:47:12.665, 0, 0 %, 0 %, 35270 MiB, 38.75 W
2026/09/20 11:47:12.665, 1, 0 %, 0 %, 35270 MiB, 38.33 W
2026/09/20 11:47:12.665, 2, 0 %, 0 %, 35270 MiB, 36.94 W
2026/09/20 11:47:17.666, 0, 0 %, 0 %, 35270 MiB, 38.75 W
2026/09/20 11:47:17.667, 1, 0 %, 0 %, 35270 MiB, 38.23 W
2026/09/20 11:47:17.667, 2, 0 %, 0 %, 35270 MiB, 36.94 W
2026/09/20 11:47:22.668, 0, 0 %, 0 %, 35270 MiB, 38.96 W
2026/09/20 11:47:22.668, 1, 0 %, 0 %, 35270 MiB, 38.15 W
2026/09/20 11:47:22.668, 2, 0 %, 0 %, 35270 MiB, 37.06 W
2026/09/20 11:47:27.670, 0, 0 %, 0 %, 35270 MiB, 38.86 W
2026/09/20 11:47:27.670, 1, 0 %, 0 %, 35270 MiB, 38.03 W
2026/09/20 11:47:27.671, 2, 0 %, 0 %, 35270 MiB, 37.14 W
2026/09/20 11:47:32.672, 0, 0 %, 0 %, 35270 MiB, 38.86 W
2026/09/20 11:47:32.672, 1, 0 %, 0 %, 35270 MiB, 38.23 W
2026/09/20 11:47:32.672, 2, 0 %, 0 %, 35270 MiB, 37.06 W
2026/09/20 11:47:37.673, 0, 0 %, 0 %, 35270 MiB, 38.86 W
2026/09/20 11:47:37.674, 1, 0 %, 0 %, 35270 MiB, 38.05 W
2026/09/20 11:47:37.674, 2, 0 %, 0 %, 35270 MiB, 37.14 W
2026/09/20 11:47:42.674, 0, 0 %, 0 %, 35270 MiB, 38.96 W
2026/09/20 11:47:42.674, 1, 0 %, 0 %, 35270 MiB, 38.03 W
2026/09/20 11:47:42.674, 2, 0 %, 0 %, 35270 MiB, 37.14 W
2026/09/20 11:47:47.676, 0, 0 %, 0 %, 35270 MiB, 38.76 W
2026/09/20 11:47:47.676, 1, 0 %, 0 %, 35270 MiB, 38.13 W
2026/09/20 11:47:47.676, 2, 0 %, 0 %, 35270 MiB, 37.24 W
2026/09/20 11:47:52.678, 0, 0 %, 0 %, 35270 MiB, 38.76 W
2026/09/20 11:47:52.678, 1, 0 %, 0 %, 35270 MiB, 38.03 W
2026/09/20 11:47:52.678, 2, 0 %, 0 %, 35270 MiB, 37.14 W
2026/09/20 11:47:57.683, 0, 0 %, 0 %, 35270 MiB, 38.88 W
2026/09/20 11:47:57.683, 1, 0 %, 0 %, 35270 MiB, 38.06 W
2026/09/20 11:47:57.683, 2, 0 %, 0 %, 35270 MiB, 36.96 W
2026/09/20 11:48:02.685, 0, 0 %, 0 %, 35270 MiB, 38.78 W
2026/09/20 11:48:02.685, 1, 0 %, 0 %, 35270 MiB, 38.15 W
2026/09/20 11:48:02.686, 2, 0 %, 0 %, 35270 MiB, 37.24 W
2026/09/20 11:48:07.696, 0, 0 %, 0 %, 35270 MiB, 38.79 W
2026/09/20 11:48:07.696, 1, 0 %, 0 %, 35270 MiB, 38.27 W
2026/09/20 11:48:07.697, 2, 0 %, 0 %, 35270 MiB, 37.08 W
2026/09/20 11:48:12.698, 0, 0 %, 0 %, 35270 MiB, 38.71 W
2026/09/20 11:48:12.699, 1, 0 %, 0 %, 35270 MiB, 38.18 W
2026/09/20 11:48:12.699, 2, 0 %, 0 %, 35270 MiB, 37.09 W
2026/09/20 11:48:17.700, 0, 0 %, 0 %, 35270 MiB, 38.80 W
2026/09/20 11:48:17.700, 1, 0 %, 0 %, 35270 MiB, 38.18 W
2026/09/20 11:48:17.701, 2, 0 %, 0 %, 35270 MiB, 37.09 W
2026/09/20 11:48:22.702, 0, 0 %, 0 %, 35270 MiB, 38.52 W
2026/09/20 11:48:22.702, 1, 0 %, 0 %, 35270 MiB, 38.18 W
2026/09/20 11:48:22.703, 2, 0 %, 0 %, 35270 MiB, 37.28 W
2026/09/20 11:48:27.703, 0, 0 %, 0 %, 35270 MiB, 38.81 W
2026/09/20 11:48:27.703, 1, 0 %, 0 %, 35270 MiB, 38.18 W
2026/09/20 11:48:27.703, 2, 0 %, 0 %, 35270 MiB, 37.09 W
2026/09/20 11:48:32.704, 0, 0 %, 0 %, 35270 MiB, 38.92 W
2026/09/20 11:48:32.704, 1, 0 %, 0 %, 35270 MiB, 38.10 W
2026/09/20 11:48:32.704, 2, 0 %, 0 %, 35270 MiB, 37.10 W
2026/09/20 11:48:37.705, 0, 0 %, 0 %, 35270 MiB, 39.02 W
2026/09/20 11:48:37.705, 1, 0 %, 0 %, 35270 MiB, 38.20 W
2026/09/20 11:48:37.705, 2, 0 %, 0 %, 35270 MiB, 37.18 W
2026/09/20 11:48:42.706, 0, 100 %, 5 %, 35270 MiB, 90.26 W
2026/09/20 11:48:42.706, 1, 100 %, 6 %, 35270 MiB, 92.96 W
2026/09/20 11:48:42.706, 2, 100 %, 5 %, 35270 MiB, 94.13 W
2026/09/20 11:48:47.706, 0, 100 %, 6 %, 35270 MiB, 99.86 W
2026/09/20 11:48:47.706, 1, 100 %, 7 %, 35270 MiB, 95.98 W
2026/09/20 11:48:47.707, 2, 100 %, 7 %, 35270 MiB, 96.49 W
2026/09/20 11:48:52.707, 0, 100 %, 7 %, 35270 MiB, 95.83 W
2026/09/20 11:48:52.707, 1, 100 %, 6 %, 35270 MiB, 97.24 W
2026/09/20 11:48:52.707, 2, 100 %, 7 %, 35270 MiB, 95.75 W
2026/09/20 11:48:57.708, 0, 100 %, 7 %, 35270 MiB, 140.82 W
2026/09/20 11:48:57.708, 1, 100 %, 7 %, 35270 MiB, 98.50 W
2026/09/20 11:48:57.708, 2, 100 %, 6 %, 35270 MiB, 98.35 W
2026/09/20 11:49:02.708, 0, 100 %, 7 %, 35270 MiB, 90.93 W
2026/09/20 11:49:02.708, 1, 100 %, 7 %, 35270 MiB, 95.23 W
2026/09/20 11:49:02.708, 2, 99 %, 6 %, 35270 MiB, 92.62 W
2026/09/20 11:49:07.709, 0, 100 %, 7 %, 35270 MiB, 93.46 W
2026/09/20 11:49:07.709, 1, 99 %, 7 %, 35270 MiB, 98.05 W
2026/09/20 11:49:07.709, 2, 100 %, 7 %, 35270 MiB, 93.96 W
2026/09/20 11:49:12.710, 0, 100 %, 7 %, 35270 MiB, 94.56 W
2026/09/20 11:49:12.710, 1, 100 %, 6 %, 35270 MiB, 96.22 W
2026/09/20 11:49:12.710, 2, 99 %, 7 %, 35270 MiB, 93.20 W
2026/09/20 11:49:17.710, 0, 100 %, 7 %, 35270 MiB, 95.75 W
2026/09/20 11:49:17.710, 1, 100 %, 11 %, 35270 MiB, 89.11 W
2026/09/20 11:49:17.710, 2, 100 %, 7 %, 35270 MiB, 92.77 W
2026/09/20 11:49:22.711, 0, 100 %, 7 %, 35270 MiB, 99.69 W
2026/09/20 11:49:22.711, 1, 99 %, 7 %, 35270 MiB, 95.86 W
2026/09/20 11:49:22.711, 2, 100 %, 7 %, 35270 MiB, 101.53 W
2026/09/20 11:49:27.711, 0, 100 %, 7 %, 35270 MiB, 96.85 W
2026/09/20 11:49:27.712, 1, 100 %, 6 %, 35270 MiB, 94.89 W
2026/09/20 11:49:27.712, 2, 100 %, 7 %, 35270 MiB, 93.38 W
2026/09/20 11:49:32.713, 0, 100 %, 7 %, 35270 MiB, 95.27 W
2026/09/20 11:49:32.713, 1, 100 %, 6 %, 35270 MiB, 96.78 W
2026/09/20 11:49:32.713, 2, 100 %, 7 %, 35270 MiB, 99.05 W
2026/09/20 11:49:37.713, 0, 99 %, 7 %, 35270 MiB, 97.92 W
2026/09/20 11:49:37.713, 1, 100 %, 9 %, 35270 MiB, 97.74 W
2026/09/20 11:49:37.714, 2, 100 %, 11 %, 35270 MiB, 100.72 W
2026/09/20 11:49:42.714, 0, 100 %, 7 %, 35270 MiB, 98.29 W
2026/09/20 11:49:42.714, 1, 100 %, 7 %, 35270 MiB, 98.93 W
2026/09/20 11:49:42.714, 2, 100 %, 10 %, 35270 MiB, 95.81 W
2026/09/20 11:49:47.715, 0, 100 %, 7 %, 35270 MiB, 96.12 W
2026/09/20 11:49:47.715, 1, 100 %, 7 %, 35270 MiB, 100.30 W
2026/09/20 11:49:47.715, 2, 100 %, 7 %, 35270 MiB, 99.21 W
2026/09/20 11:49:52.715, 0, 100 %, 6 %, 35270 MiB, 97.49 W
2026/09/20 11:49:52.716, 1, 100 %, 7 %, 35270 MiB, 99.43 W
2026/09/20 11:49:52.716, 2, 100 %, 7 %, 35270 MiB, 92.90 W
2026/09/20 11:49:57.716, 0, 100 %, 7 %, 35270 MiB, 106.26 W
2026/09/20 11:49:57.716, 1, 100 %, 7 %, 35270 MiB, 97.54 W
2026/09/20 11:49:57.716, 2, 100 %, 7 %, 35270 MiB, 96.72 W
2026/09/20 11:50:02.717, 0, 100 %, 7 %, 35270 MiB, 97.37 W
2026/09/20 11:50:02.717, 1, 100 %, 7 %, 35270 MiB, 100.44 W
2026/09/20 11:50:02.717, 2, 100 %, 11 %, 35270 MiB, 93.72 W
2026/09/20 11:50:07.717, 0, 100 %, 7 %, 35270 MiB, 97.24 W
2026/09/20 11:50:07.718, 1, 100 %, 11 %, 35270 MiB, 99.02 W
2026/09/20 11:50:07.718, 2, 100 %, 7 %, 35270 MiB, 95.65 W
2026/09/20 11:50:12.718, 0, 100 %, 7 %, 35270 MiB, 106.17 W
2026/09/20 11:50:12.718, 1, 100 %, 7 %, 35270 MiB, 99.77 W
2026/09/20 11:50:12.718, 2, 100 %, 6 %, 35270 MiB, 98.74 W
2026/09/20 11:50:17.719, 0, 100 %, 7 %, 35270 MiB, 102.96 W
2026/09/20 11:50:17.719, 1, 100 %, 7 %, 35270 MiB, 96.78 W
2026/09/20 11:50:17.719, 2, 100 %, 7 %, 35270 MiB, 101.88 W
2026/09/20 11:50:22.719, 0, 99 %, 7 %, 35270 MiB, 103.10 W
2026/09/20 11:50:22.719, 1, 100 %, 8 %, 35270 MiB, 99.08 W
2026/09/20 11:50:22.720, 2, 100 %, 7 %, 35270 MiB, 99.49 W
2026/09/20 11:50:27.720, 0, 100 %, 6 %, 35270 MiB, 102.02 W
2026/09/20 11:50:27.720, 1, 100 %, 7 %, 35270 MiB, 95.91 W
2026/09/20 11:50:27.720, 2, 100 %, 7 %, 35270 MiB, 99.17 W
2026/09/20 11:50:32.721, 0, 99 %, 7 %, 35270 MiB, 103.54 W
2026/09/20 11:50:32.721, 1, 100 %, 7 %, 35270 MiB, 94.70 W
2026/09/20 11:50:32.721, 2, 100 %, 10 %, 35270 MiB, 97.03 W
2026/09/20 11:50:37.722, 0, 100 %, 10 %, 35270 MiB, 109.17 W
2026/09/20 11:50:37.722, 1, 100 %, 7 %, 35270 MiB, 97.82 W
2026/09/20 11:50:37.722, 2, 100 %, 7 %, 35270 MiB, 97.38 W
2026/09/20 11:50:42.723, 0, 100 %, 7 %, 35270 MiB, 100.94 W
2026/09/20 11:50:42.723, 1, 100 %, 7 %, 35270 MiB, 104.24 W
2026/09/20 11:50:42.723, 2, 100 %, 6 %, 35270 MiB, 97.08 W
2026/09/20 11:50:47.727, 0, 100 %, 7 %, 35270 MiB, 101.36 W
2026/09/20 11:50:47.727, 1, 100 %, 11 %, 35270 MiB, 99.08 W
2026/09/20 11:50:47.727, 2, 100 %, 7 %, 35270 MiB, 125.63 W
2026/09/20 11:50:52.728, 0, 100 %, 7 %, 35270 MiB, 111.61 W
2026/09/20 11:50:52.728, 1, 100 %, 7 %, 35270 MiB, 97.41 W
2026/09/20 11:50:52.728, 2, 100 %, 7 %, 35270 MiB, 95.88 W
2026/09/20 11:50:57.728, 0, 100 %, 7 %, 35270 MiB, 100.17 W
2026/09/20 11:50:57.728, 1, 100 %, 7 %, 35270 MiB, 101.39 W
2026/09/20 11:50:57.728, 2, 100 %, 7 %, 35270 MiB, 101.74 W
2026/09/20 11:51:02.729, 0, 100 %, 7 %, 35270 MiB, 97.45 W
2026/09/20 11:51:02.729, 1, 100 %, 10 %, 35270 MiB, 97.13 W
2026/09/20 11:51:02.729, 2, 100 %, 7 %, 35270 MiB, 98.14 W
2026/09/20 11:51:07.729, 0, 100 %, 7 %, 35270 MiB, 101.41 W
2026/09/20 11:51:07.730, 1, 100 %, 7 %, 35270 MiB, 102.43 W
2026/09/20 11:51:07.730, 2, 100 %, 7 %, 35270 MiB, 113.62 W
2026/09/20 11:51:12.730, 0, 100 %, 7 %, 35270 MiB, 96.30 W
2026/09/20 11:51:12.730, 1, 100 %, 14 %, 35270 MiB, 101.33 W
2026/09/20 11:51:12.730, 2, 100 %, 7 %, 35270 MiB, 98.32 W
2026/09/20 11:51:17.731, 0, 100 %, 7 %, 35270 MiB, 100.73 W
2026/09/20 11:51:17.731, 1, 100 %, 11 %, 35270 MiB, 101.39 W
2026/09/20 11:51:17.731, 2, 100 %, 7 %, 35270 MiB, 99.65 W
2026/09/20 11:51:22.731, 0, 100 %, 7 %, 35270 MiB, 103.17 W
2026/09/20 11:51:22.732, 1, 100 %, 7 %, 35270 MiB, 101.22 W
2026/09/20 11:51:22.732, 2, 100 %, 11 %, 35270 MiB, 100.73 W
2026/09/20 11:51:27.732, 0, 100 %, 7 %, 35270 MiB, 103.19 W
2026/09/20 11:51:27.732, 1, 100 %, 7 %, 35270 MiB, 102.41 W
2026/09/20 11:51:27.732, 2, 100 %, 10 %, 35270 MiB, 98.64 W
2026/09/20 11:51:32.733, 0, 100 %, 11 %, 35270 MiB, 103.17 W
2026/09/20 11:51:32.733, 1, 100 %, 7 %, 35270 MiB, 99.26 W
2026/09/20 11:51:32.733, 2, 100 %, 7 %, 35270 MiB, 99.79 W
2026/09/20 11:51:37.733, 0, 100 %, 14 %, 35270 MiB, 102.41 W
2026/09/20 11:51:37.734, 1, 100 %, 7 %, 35270 MiB, 103.85 W
2026/09/20 11:51:37.734, 2, 100 %, 6 %, 35270 MiB, 98.06 W
2026/09/20 11:51:42.734, 0, 62 %, 8 %, 35270 MiB, 90.28 W
2026/09/20 11:51:42.734, 1, 53 %, 4 %, 35270 MiB, 93.20 W
2026/09/20 11:51:42.734, 2, 100 %, 6 %, 35270 MiB, 89.92 W
2026/09/20 11:51:47.736, 0, 0 %, 0 %, 35270 MiB, 45.41 W
2026/09/20 11:51:47.736, 1, 0 %, 0 %, 35270 MiB, 46.16 W
2026/09/20 11:51:47.737, 2, 0 %, 0 %, 35270 MiB, 43.43 W
2026/09/20 11:51:52.745, 0, 0 %, 0 %, 35270 MiB, 45.17 W
2026/09/20 11:51:52.746, 1, 0 %, 0 %, 35270 MiB, 44.84 W
2026/09/20 11:51:52.746, 2, 0 %, 0 %, 35270 MiB, 43.09 W
2026/09/20 11:51:57.747, 0, 0 %, 0 %, 35270 MiB, 44.71 W
2026/09/20 11:51:57.747, 1, 0 %, 0 %, 35270 MiB, 44.18 W
2026/09/20 11:51:57.748, 2, 0 %, 0 %, 35270 MiB, 43.12 W
2026/09/20 11:52:02.748, 0, 0 %, 0 %, 35270 MiB, 44.19 W
2026/09/20 11:52:02.749, 1, 0 %, 0 %, 35270 MiB, 43.86 W
2026/09/20 11:52:02.749, 2, 0 %, 0 %, 35270 MiB, 42.31 W
2026/09/20 11:52:07.749, 0, 0 %, 0 %, 35270 MiB, 43.69 W
2026/09/20 11:52:07.750, 1, 0 %, 0 %, 35270 MiB, 43.58 W
2026/09/20 11:52:07.750, 2, 0 %, 0 %, 35270 MiB, 42.01 W
2026/09/20 11:52:12.750, 0, 0 %, 0 %, 35270 MiB, 43.51 W
2026/09/20 11:52:12.751, 1, 0 %, 0 %, 35270 MiB, 43.09 W
2026/09/20 11:52:12.751, 2, 0 %, 0 %, 35270 MiB, 41.62 W
2026/09/20 11:52:17.752, 0, 0 %, 0 %, 35270 MiB, 43.13 W
2026/09/20 11:52:17.752, 1, 0 %, 0 %, 35270 MiB, 42.70 W
2026/09/20 11:52:17.752, 2, 0 %, 0 %, 35270 MiB, 41.52 W
2026/09/20 11:52:22.753, 0, 0 %, 0 %, 35270 MiB, 42.72 W
2026/09/20 11:52:22.753, 1, 0 %, 0 %, 35270 MiB, 42.50 W
2026/09/20 11:52:22.753, 2, 0 %, 0 %, 35270 MiB, 41.13 W
2026/09/20 11:52:27.754, 0, 0 %, 0 %, 35270 MiB, 42.91 W
2026/09/20 11:52:27.754, 1, 0 %, 0 %, 35270 MiB, 42.28 W
2026/09/20 11:52:27.755, 2, 0 %, 0 %, 35270 MiB, 40.73 W
2026/09/20 11:52:32.755, 0, 0 %, 0 %, 35270 MiB, 42.80 W
2026/09/20 11:52:32.756, 1, 0 %, 0 %, 35270 MiB, 42.29 W
2026/09/20 11:52:32.756, 2, 0 %, 0 %, 35270 MiB, 40.53 W
2026/09/20 11:52:37.757, 0, 0 %, 0 %, 35270 MiB, 42.51 W
2026/09/20 11:52:37.757, 1, 0 %, 0 %, 35270 MiB, 42.26 W
2026/09/20 11:52:37.757, 2, 0 %, 0 %, 35270 MiB, 40.53 W
2026/09/20 11:52:42.759, 0, 0 %, 0 %, 35270 MiB, 42.41 W
2026/09/20 11:52:42.759, 1, 0 %, 0 %, 35270 MiB, 42.18 W
2026/09/20 11:52:42.759, 2, 0 %, 0 %, 35270 MiB, 40.33 W
2026/09/20 11:52:47.761, 0, 0 %, 0 %, 35270 MiB, 42.42 W
2026/09/20 11:52:47.762, 1, 0 %, 0 %, 35270 MiB, 41.98 W
2026/09/20 11:52:47.762, 2, 0 %, 0 %, 35270 MiB, 40.13 W
2026/09/20 11:52:52.762, 0, 0 %, 0 %, 35270 MiB, 42.21 W
2026/09/20 11:52:52.763, 1, 0 %, 0 %, 35270 MiB, 41.50 W
2026/09/20 11:52:52.763, 2, 0 %, 0 %, 35270 MiB, 40.24 W
2026/09/20 11:52:57.764, 0, 0 %, 0 %, 35270 MiB, 41.95 W
2026/09/20 11:52:57.764, 1, 0 %, 0 %, 35270 MiB, 41.79 W
2026/09/20 11:52:57.765, 2, 0 %, 0 %, 35270 MiB, 39.94 W
2026/09/20 11:53:02.768, 0, 0 %, 0 %, 35270 MiB, 41.86 W
2026/09/20 11:53:02.768, 1, 0 %, 0 %, 35270 MiB, 41.00 W
2026/09/20 11:53:02.768, 2, 0 %, 0 %, 35270 MiB, 39.85 W
2026/09/20 11:53:07.769, 0, 0 %, 0 %, 35270 MiB, 41.83 W
2026/09/20 11:53:07.769, 1, 0 %, 0 %, 35270 MiB, 41.31 W
2026/09/20 11:53:07.769, 2, 0 %, 0 %, 35270 MiB, 39.74 W
2026/09/20 11:53:12.770, 0, 0 %, 0 %, 35270 MiB, 41.74 W
2026/09/20 11:53:12.771, 1, 0 %, 0 %, 35270 MiB, 40.92 W
2026/09/20 11:53:12.771, 2, 0 %, 0 %, 35270 MiB, 39.94 W
2026/09/20 11:53:17.772, 0, 0 %, 0 %, 35270 MiB, 41.64 W
2026/09/20 11:53:17.772, 1, 0 %, 0 %, 35270 MiB, 40.81 W
2026/09/20 11:53:17.773, 2, 0 %, 0 %, 35270 MiB, 39.72 W
2026/09/20 11:53:22.774, 0, 0 %, 0 %, 35270 MiB, 41.67 W
2026/09/20 11:53:22.775, 1, 0 %, 0 %, 35270 MiB, 40.73 W
2026/09/20 11:53:22.775, 2, 0 %, 0 %, 35270 MiB, 39.55 W
2026/09/20 11:53:27.776, 0, 0 %, 0 %, 35270 MiB, 41.36 W
2026/09/20 11:53:27.776, 1, 0 %, 0 %, 35270 MiB, 40.64 W
2026/09/20 11:53:27.777, 2, 0 %, 0 %, 35270 MiB, 39.55 W
2026/09/20 11:53:32.778, 0, 0 %, 0 %, 35270 MiB, 40.87 W
2026/09/20 11:53:32.778, 1, 0 %, 0 %, 35270 MiB, 41.14 W
2026/09/20 11:53:32.779, 2, 0 %, 0 %, 35270 MiB, 39.35 W
2026/09/20 11:53:37.779, 0, 0 %, 0 %, 35270 MiB, 40.85 W
2026/09/20 11:53:37.779, 1, 0 %, 0 %, 35270 MiB, 41.03 W
2026/09/20 11:53:37.779, 2, 0 %, 0 %, 35270 MiB, 39.26 W
2026/09/20 11:53:42.780, 0, 0 %, 0 %, 35270 MiB, 41.29 W
2026/09/20 11:53:42.780, 1, 0 %, 0 %, 35270 MiB, 40.96 W
2026/09/20 11:53:42.780, 2, 0 %, 0 %, 35270 MiB, 39.18 W
2026/09/20 11:53:47.782, 0, 0 %, 0 %, 35270 MiB, 41.10 W
2026/09/20 11:53:47.782, 1, 0 %, 0 %, 35270 MiB, 40.76 W
2026/09/20 11:53:47.782, 2, 0 %, 0 %, 35270 MiB, 39.09 W
2026/09/20 11:53:52.783, 0, 0 %, 0 %, 35270 MiB, 40.64 W
2026/09/20 11:53:52.783, 1, 0 %, 0 %, 35270 MiB, 40.83 W
2026/09/20 11:53:52.783, 2, 0 %, 0 %, 35270 MiB, 39.25 W
2026/09/20 11:53:57.787, 0, 0 %, 0 %, 35270 MiB, 41.22 W
2026/09/20 11:53:57.788, 1, 0 %, 0 %, 35270 MiB, 40.79 W
2026/09/20 11:53:57.788, 2, 0 %, 0 %, 35270 MiB, 39.13 W
2026/09/20 11:54:02.788, 0, 0 %, 0 %, 35270 MiB, 41.19 W
2026/09/20 11:54:02.789, 1, 0 %, 0 %, 35270 MiB, 40.56 W
2026/09/20 11:54:02.789, 2, 0 %, 0 %, 35270 MiB, 39.09 W
2026/09/20 11:54:07.790, 0, 0 %, 0 %, 35270 MiB, 40.71 W
2026/09/20 11:54:07.790, 1, 0 %, 0 %, 35270 MiB, 40.39 W
2026/09/20 11:54:07.790, 2, 0 %, 0 %, 35270 MiB, 39.11 W
2026/09/20 11:54:12.793, 0, 0 %, 0 %, 35270 MiB, 40.76 W
2026/09/20 11:54:12.793, 1, 0 %, 0 %, 35270 MiB, 39.92 W
2026/09/20 11:54:12.794, 2, 0 %, 0 %, 35270 MiB, 38.86 W
2026/09/20 11:54:17.794, 0, 0 %, 0 %, 35270 MiB, 40.76 W
2026/09/20 11:54:17.795, 1, 0 %, 0 %, 35270 MiB, 39.43 W
2026/09/20 11:54:17.795, 2, 0 %, 0 %, 35270 MiB, 38.75 W
2026/09/20 11:54:22.795, 0, 0 %, 0 %, 35270 MiB, 40.66 W
2026/09/20 11:54:22.796, 1, 0 %, 0 %, 35270 MiB, 39.74 W
2026/09/20 11:54:22.796, 2, 0 %, 0 %, 35270 MiB, 38.66 W
2026/09/20 11:54:27.796, 0, 0 %, 0 %, 35270 MiB, 40.34 W
2026/09/20 11:54:27.797, 1, 0 %, 0 %, 35270 MiB, 39.61 W
2026/09/20 11:54:27.797, 2, 0 %, 0 %, 35270 MiB, 38.63 W
2026/09/20 11:54:32.798, 0, 0 %, 0 %, 35270 MiB, 40.24 W
2026/09/20 11:54:32.798, 1, 0 %, 0 %, 35270 MiB, 39.22 W
2026/09/20 11:54:32.799, 2, 0 %, 0 %, 35270 MiB, 38.53 W
2026/09/20 11:54:37.800, 0, 0 %, 0 %, 35270 MiB, 40.22 W
2026/09/20 11:54:37.800, 1, 0 %, 0 %, 35270 MiB, 39.58 W
2026/09/20 11:54:37.800, 2, 0 %, 0 %, 35270 MiB, 38.51 W
2026/09/20 11:54:42.802, 0, 0 %, 0 %, 35270 MiB, 40.21 W
2026/09/20 11:54:42.802, 1, 0 %, 0 %, 35270 MiB, 39.37 W
2026/09/20 11:54:42.803, 2, 0 %, 0 %, 35270 MiB, 38.58 W
2026/09/20 11:54:47.804, 0, 0 %, 0 %, 35270 MiB, 40.14 W
2026/09/20 11:54:47.805, 1, 0 %, 0 %, 35270 MiB, 39.51 W
2026/09/20 11:54:47.805, 2, 0 %, 0 %, 35270 MiB, 38.34 W
2026/09/20 11:54:52.806, 0, 0 %, 0 %, 35270 MiB, 40.34 W
2026/09/20 11:54:52.806, 1, 0 %, 0 %, 35270 MiB, 39.51 W
2026/09/20 11:54:52.807, 2, 0 %, 0 %, 35270 MiB, 38.34 W
2026/09/20 11:54:57.808, 0, 0 %, 0 %, 35270 MiB, 40.12 W
2026/09/20 11:54:57.809, 1, 0 %, 0 %, 35270 MiB, 39.51 W
2026/09/20 11:54:57.809, 2, 0 %, 0 %, 35270 MiB, 38.34 W
2026/09/20 11:55:02.810, 0, 0 %, 0 %, 35270 MiB, 39.74 W
2026/09/20 11:55:02.811, 1, 0 %, 0 %, 35270 MiB, 39.22 W
2026/09/20 11:55:02.811, 2, 0 %, 0 %, 35270 MiB, 38.44 W
2026/09/20 11:55:07.812, 0, 0 %, 0 %, 35270 MiB, 39.67 W
2026/09/20 11:55:07.812, 1, 0 %, 0 %, 35270 MiB, 39.34 W
2026/09/20 11:55:07.812, 2, 0 %, 0 %, 35270 MiB, 38.17 W
