timestamp, index, utilization.gpu [%], utilization.memory [%], memory.used [MiB], power.draw [W]
2026/09/20 05:58:00.416, 0, 0 %, 0 %, 0 MiB, 33.77 W
2026/09/20 05:58:00.425, 1, 0 %, 0 %, 0 MiB, 33.36 W
2026/09/20 05:58:00.434, 2, 0 %, 0 %, 0 MiB, 34.10 W
2026/09/20 05:58:05.444, 0, 0 %, 0 %, 0 MiB, 33.77 W
2026/09/20 05:58:05.444, 1, 0 %, 0 %, 0 MiB, 33.24 W
2026/09/20 05:58:05.444, 2, 0 %, 0 %, 0 MiB, 34.09 W
2026/09/20 05:58:10.446, 0, 0 %, 0 %, 35258 MiB, 35.85 W
2026/09/20 05:58:10.446, 1, 0 %, 0 %, 35258 MiB, 35.02 W
2026/09/20 05:58:10.446, 2, 0 %, 0 %, 35259 MiB, 36.16 W
2026/09/20 05:58:15.447, 0, 0 %, 0 %, 35264 MiB, 36.06 W
2026/09/20 05:58:15.447, 1, 0 %, 0 %, 35264 MiB, 35.12 W
2026/09/20 05:58:15.448, 2, 0 %, 0 %, 35265 MiB, 36.08 W
2026/09/20 05:58:20.448, 0, 0 %, 0 %, 35270 MiB, 35.95 W
2026/09/20 05:58:20.448, 1, 0 %, 0 %, 35270 MiB, 35.03 W
2026/09/20 05:58:20.449, 2, 0 %, 0 %, 35271 MiB, 36.37 W
2026/09/20 05:58:25.449, 0, 0 %, 0 %, 35270 MiB, 35.84 W
2026/09/20 05:58:25.449, 1, 0 %, 0 %, 35270 MiB, 35.02 W
2026/09/20 05:58:25.449, 2, 0 %, 0 %, 35271 MiB, 36.16 W
2026/09/20 05:58:30.450, 0, 0 %, 0 %, 35270 MiB, 35.64 W
2026/09/20 05:58:30.450, 1, 0 %, 0 %, 35270 MiB, 35.02 W
2026/09/20 05:58:30.450, 2, 0 %, 0 %, 35271 MiB, 36.16 W
2026/09/20 05:58:35.451, 0, 0 %, 0 %, 35270 MiB, 57.35 W
2026/09/20 05:58:35.451, 1, 0 %, 0 %, 35270 MiB, 35.52 W
2026/09/20 05:58:35.451, 2, 0 %, 0 %, 35271 MiB, 36.36 W
2026/09/20 05:58:40.451, 0, 0 %, 0 %, 35270 MiB, 35.86 W
2026/09/20 05:58:40.451, 1, 0 %, 0 %, 35270 MiB, 35.23 W
2026/09/20 05:58:40.451, 2, 0 %, 0 %, 35271 MiB, 36.37 W
2026/09/20 05:58:45.452, 0, 0 %, 0 %, 35270 MiB, 35.86 W
2026/09/20 05:58:45.452, 1, 0 %, 0 %, 35270 MiB, 35.23 W
2026/09/20 05:58:45.452, 2, 0 %, 0 %, 35271 MiB, 36.28 W
2026/09/20 05:58:50.452, 0, 0 %, 0 %, 35270 MiB, 35.75 W
2026/09/20 05:58:50.453, 1, 0 %, 0 %, 35270 MiB, 35.12 W
2026/09/20 05:58:50.453, 2, 0 %, 0 %, 35271 MiB, 36.37 W
2026/09/20 05:58:55.453, 0, 0 %, 0 %, 35270 MiB, 35.95 W
2026/09/20 05:58:55.453, 1, 0 %, 0 %, 35270 MiB, 35.23 W
2026/09/20 05:58:55.453, 2, 0 %, 0 %, 35271 MiB, 36.27 W
2026/09/20 05:59:00.453, 0, 0 %, 0 %, 35270 MiB, 35.86 W
2026/09/20 05:59:00.454, 1, 0 %, 0 %, 35270 MiB, 35.33 W
2026/09/20 05:59:00.454, 2, 0 %, 0 %, 35271 MiB, 36.37 W
2026/09/20 05:59:05.454, 0, 0 %, 0 %, 35270 MiB, 35.86 W
2026/09/20 05:59:05.454, 1, 0 %, 0 %, 35270 MiB, 35.33 W
2026/09/20 05:59:05.454, 2, 0 %, 0 %, 35271 MiB, 36.18 W
2026/09/20 05:59:10.455, 0, 0 %, 0 %, 35270 MiB, 35.85 W
2026/09/20 05:59:10.455, 1, 0 %, 0 %, 35270 MiB, 35.02 W
2026/09/20 05:59:10.455, 2, 0 %, 0 %, 35271 MiB, 36.16 W
2026/09/20 05:59:15.455, 0, 0 %, 0 %, 35270 MiB, 35.96 W
2026/09/20 05:59:15.456, 1, 0 %, 0 %, 35270 MiB, 35.03 W
2026/09/20 05:59:15.456, 2, 0 %, 0 %, 35271 MiB, 36.09 W
2026/09/20 05:59:20.457, 0, 0 %, 0 %, 35270 MiB, 35.81 W
2026/09/20 05:59:20.457, 1, 0 %, 0 %, 35270 MiB, 35.08 W
2026/09/20 05:59:20.457, 2, 0 %, 0 %, 35271 MiB, 36.24 W
2026/09/20 05:59:25.459, 0, 0 %, 0 %, 35270 MiB, 35.83 W
2026/09/20 05:59:25.459, 1, 0 %, 0 %, 35270 MiB, 35.01 W
2026/09/20 05:59:25.459, 2, 0 %, 0 %, 35271 MiB, 36.16 W
2026/09/20 05:59:30.461, 0, 0 %, 0 %, 35270 MiB, 36.13 W
2026/09/20 05:59:30.461, 1, 0 %, 0 %, 35270 MiB, 35.32 W
2026/09/20 05:59:30.461, 2, 0 %, 0 %, 35271 MiB, 36.06 W
2026/09/20 05:59:35.463, 0, 0 %, 0 %, 35270 MiB, 35.84 W
2026/09/20 05:59:35.463, 1, 0 %, 0 %, 35270 MiB, 35.21 W
2026/09/20 05:59:35.463, 2, 0 %, 0 %, 35271 MiB, 36.26 W
2026/09/20 05:59:40.465, 0, 0 %, 0 %, 35270 MiB, 35.72 W
2026/09/20 05:59:40.465, 1, 0 %, 0 %, 35270 MiB, 35.10 W
2026/09/20 05:59:40.465, 2, 0 %, 0 %, 35271 MiB, 36.26 W
2026/09/20 05:59:45.466, 0, 0 %, 0 %, 35270 MiB, 35.75 W
2026/09/20 05:59:45.466, 1, 0 %, 0 %, 35270 MiB, 35.13 W
2026/09/20 05:59:45.466, 2, 0 %, 0 %, 35271 MiB, 36.27 W
2026/09/20 05:59:50.468, 0, 0 %, 0 %, 35270 MiB, 35.92 W
2026/09/20 05:59:50.468, 1, 0 %, 0 %, 35270 MiB, 35.40 W
2026/09/20 05:59:50.468, 2, 0 %, 0 %, 35271 MiB, 36.24 W
2026/09/20 05:59:55.469, 0, 0 %, 0 %, 35270 MiB, 35.74 W
2026/09/20 05:59:55.469, 1, 0 %, 0 %, 35270 MiB, 35.23 W
2026/09/20 05:59:55.469, 2, 0 %, 0 %, 35271 MiB, 36.17 W
2026/09/20 06:00:00.469, 0, 0 %, 0 %, 35270 MiB, 35.71 W
2026/09/20 06:00:00.469, 1, 0 %, 0 %, 35270 MiB, 35.10 W
2026/09/20 06:00:00.469, 2, 0 %, 0 %, 35271 MiB, 36.33 W
2026/09/20 06:00:05.470, 0, 0 %, 0 %, 35270 MiB, 35.82 W
2026/09/20 06:00:05.470, 1, 0 %, 0 %, 35270 MiB, 35.19 W
2026/09/20 06:00:05.470, 2, 0 %, 0 %, 35271 MiB, 36.24 W
2026/09/20 06:00:10.476, 0, 0 %, 0 %, 35270 MiB, 35.92 W
2026/09/20 06:00:10.476, 1, 0 %, 0 %, 35270 MiB, 35.30 W
2026/09/20 06:00:10.476, 2, 0 %, 0 %, 35271 MiB, 36.24 W
2026/09/20 06:00:15.478, 0, 25 %, 1 %, 35270 MiB, 35.83 W
2026/09/20 06:00:15.479, 1, 0 %, 0 %, 35270 MiB, 35.00 W
2026/09/20 06:00:15.479, 2, 0 %, 0 %, 35271 MiB, 36.34 W
2026/09/20 06:00:20.479, 0, 0 %, 0 %, 35270 MiB, 35.75 W
2026/09/20 06:00:20.479, 1, 0 %, 0 %, 35270 MiB, 35.03 W
2026/09/20 06:00:20.479, 2, 0 %, 0 %, 35271 MiB, 36.17 W
2026/09/20 06:00:25.480, 0, 0 %, 0 %, 35270 MiB, 36.04 W
2026/09/20 06:00:25.480, 1, 0 %, 0 %, 35270 MiB, 35.02 W
2026/09/20 06:00:25.480, 2, 0 %, 0 %, 35271 MiB, 36.16 W
2026/09/20 06:00:30.481, 0, 0 %, 0 %, 35270 MiB, 35.94 W
2026/09/20 06:00:30.481, 1, 0 %, 0 %, 35270 MiB, 35.12 W
2026/09/20 06:00:30.481, 2, 0 %, 0 %, 35271 MiB, 36.16 W
2026/09/20 06:00:35.483, 0, 0 %, 0 %, 35270 MiB, 35.83 W
2026/09/20 06:00:35.483, 1, 0 %, 0 %, 35270 MiB, 35.00 W
2026/09/20 06:00:35.483, 2, 0 %, 0 %, 35271 MiB, 36.44 W
2026/09/20 06:00:40.485, 0, 0 %, 0 %, 35270 MiB, 35.82 W
2026/09/20 06:00:40.485, 1, 0 %, 0 %, 35270 MiB, 35.10 W
2026/09/20 06:00:40.485, 2, 0 %, 0 %, 35271 MiB, 36.24 W
2026/09/20 06:00:45.487, 0, 0 %, 0 %, 35270 MiB, 35.82 W
2026/09/20 06:00:45.487, 1, 0 %, 0 %, 35270 MiB, 35.29 W
2026/09/20 06:00:45.487, 2, 0 %, 0 %, 35271 MiB, 36.14 W
2026/09/20 06:00:50.489, 0, 0 %, 0 %, 35270 MiB, 35.83 W
2026/09/20 06:00:50.489, 1, 0 %, 0 %, 35270 MiB, 35.21 W
2026/09/20 06:00:50.490, 2, 0 %, 0 %, 35271 MiB, 36.24 W
2026/09/20 06:00:55.490, 0, 0 %, 0 %, 35270 MiB, 35.83 W
2026/09/20 06:00:55.490, 1, 0 %, 0 %, 35270 MiB, 35.10 W
2026/09/20 06:00:55.490, 2, 0 %, 0 %, 35271 MiB, 36.45 W
2026/09/20 06:01:00.491, 0, 0 %, 0 %, 35270 MiB, 35.95 W
2026/09/20 06:01:00.491, 1, 0 %, 0 %, 35270 MiB, 35.14 W
2026/09/20 06:01:00.491, 2, 0 %, 0 %, 35271 MiB, 36.37 W
2026/09/20 06:01:05.492, 0, 0 %, 0 %, 35270 MiB, 35.74 W
2026/09/20 06:01:05.492, 1, 0 %, 0 %, 35270 MiB, 35.33 W
2026/09/20 06:01:05.493, 2, 0 %, 0 %, 35271 MiB, 36.26 W
2026/09/20 06:01:10.493, 0, 0 %, 0 %, 35270 MiB, 35.83 W
2026/09/20 06:01:10.493, 1, 0 %, 0 %, 35270 MiB, 35.30 W
2026/09/20 06:01:10.494, 2, 0 %, 0 %, 35271 MiB, 36.36 W
2026/09/20 06:01:15.497, 0, 0 %, 0 %, 35270 MiB, 35.84 W
2026/09/20 06:01:15.497, 1, 0 %, 0 %, 35270 MiB, 35.31 W
2026/09/20 06:01:15.497, 2, 0 %, 0 %, 35271 MiB, 36.47 W
2026/09/20 06:01:20.497, 0, 0 %, 0 %, 35270 MiB, 35.93 W
2026/09/20 06:01:20.498, 1, 0 %, 0 %, 35270 MiB, 35.30 W
2026/09/20 06:01:20.498, 2, 0 %, 0 %, 35271 MiB, 36.14 W
2026/09/20 06:01:25.498, 0, 0 %, 0 %, 35270 MiB, 36.04 W
2026/09/20 06:01:25.499, 1, 0 %, 0 %, 35270 MiB, 35.11 W
2026/09/20 06:01:25.499, 2, 0 %, 0 %, 35271 MiB, 36.16 W
2026/09/20 06:01:30.499, 0, 0 %, 0 %, 35270 MiB, 35.96 W
2026/09/20 06:01:30.500, 1, 0 %, 0 %, 35270 MiB, 35.14 W
2026/09/20 06:01:30.500, 2, 0 %, 0 %, 35271 MiB, 36.19 W
2026/09/20 06:01:35.500, 0, 0 %, 0 %, 35270 MiB, 36.15 W
2026/09/20 06:01:35.500, 1, 0 %, 0 %, 35270 MiB, 35.03 W
2026/09/20 06:01:35.500, 2, 0 %, 0 %, 35271 MiB, 36.37 W
2026/09/20 06:01:40.510, 0, 0 %, 0 %, 35270 MiB, 35.92 W
2026/09/20 06:01:40.510, 1, 0 %, 0 %, 35270 MiB, 35.01 W
2026/09/20 06:01:40.511, 2, 0 %, 0 %, 35271 MiB, 36.24 W
2026/09/20 06:01:45.511, 0, 0 %, 0 %, 35270 MiB, 35.92 W
2026/09/20 06:01:45.511, 1, 0 %, 0 %, 35270 MiB, 35.20 W
2026/09/20 06:01:45.512, 2, 0 %, 0 %, 35271 MiB, 36.24 W
2026/09/20 06:01:50.513, 0, 0 %, 0 %, 35270 MiB, 35.72 W
2026/09/20 06:01:50.513, 1, 0 %, 0 %, 35270 MiB, 35.21 W
2026/09/20 06:01:50.513, 2, 0 %, 0 %, 35271 MiB, 36.33 W
2026/09/20 06:01:55.514, 0, 0 %, 0 %, 35270 MiB, 35.81 W
2026/09/20 06:01:55.514, 1, 0 %, 0 %, 35270 MiB, 35.10 W
2026/09/20 06:01:55.515, 2, 0 %, 0 %, 35271 MiB, 36.43 W
2026/09/20 06:02:00.516, 0, 0 %, 0 %, 35270 MiB, 35.81 W
2026/09/20 06:02:00.516, 1, 0 %, 0 %, 35270 MiB, 35.18 W
2026/09/20 06:02:00.516, 2, 0 %, 0 %, 35271 MiB, 36.33 W
2026/09/20 06:02:05.518, 0, 25 %, 1 %, 35270 MiB, 35.81 W
2026/09/20 06:02:05.519, 1, 0 %, 0 %, 35270 MiB, 35.31 W
2026/09/20 06:02:05.519, 2, 0 %, 0 %, 35271 MiB, 36.34 W
2026/09/20 06:02:10.520, 0, 0 %, 0 %, 35270 MiB, 36.03 W
2026/09/20 06:02:10.520, 1, 0 %, 0 %, 35270 MiB, 35.22 W
2026/09/20 06:02:10.521, 2, 0 %, 0 %, 35271 MiB, 36.36 W
2026/09/20 06:02:15.521, 0, 0 %, 0 %, 35270 MiB, 38.62 W
2026/09/20 06:02:15.521, 1, 0 %, 0 %, 35270 MiB, 35.32 W
2026/09/20 06:02:15.521, 2, 0 %, 0 %, 35271 MiB, 36.37 W
2026/09/20 06:02:20.523, 0, 0 %, 0 %, 35270 MiB, 42.38 W
2026/09/20 06:02:20.523, 1, 0 %, 0 %, 35270 MiB, 35.43 W
2026/09/20 06:02:20.523, 2, 0 %, 0 %, 35271 MiB, 36.47 W
2026/09/20 06:02:25.524, 0, 0 %, 0 %, 35270 MiB, 35.85 W
2026/09/20 06:02:25.524, 1, 0 %, 0 %, 35270 MiB, 35.33 W
2026/09/20 06:02:25.524, 2, 0 %, 0 %, 35271 MiB, 36.26 W
2026/09/20 06:02:30.526, 0, 0 %, 0 %, 35270 MiB, 36.04 W
2026/09/20 06:02:30.526, 1, 0 %, 0 %, 35270 MiB, 35.21 W
2026/09/20 06:02:30.526, 2, 0 %, 0 %, 35271 MiB, 36.44 W
2026/09/20 06:02:35.527, 0, 0 %, 0 %, 35270 MiB, 35.92 W
2026/09/20 06:02:35.527, 1, 0 %, 0 %, 35270 MiB, 35.10 W
2026/09/20 06:02:35.527, 2, 0 %, 0 %, 35271 MiB, 36.24 W
2026/09/20 06:02:40.529, 0, 0 %, 0 %, 35270 MiB, 36.02 W
2026/09/20 06:02:40.529, 1, 0 %, 0 %, 35270 MiB, 35.21 W
2026/09/20 06:02:40.529, 2, 0 %, 0 %, 35271 MiB, 36.24 W
2026/09/20 06:02:45.532, 0, 0 %, 0 %, 35270 MiB, 36.22 W
2026/09/20 06:02:45.532, 1, 0 %, 0 %, 35270 MiB, 35.21 W
2026/09/20 06:02:45.532, 2, 0 %, 0 %, 35271 MiB, 36.33 W
2026/09/20 06:02:50.533, 0, 0 %, 0 %, 35270 MiB, 36.03 W
2026/09/20 06:02:50.533, 1, 0 %, 0 %, 35270 MiB, 35.01 W
2026/09/20 06:02:50.533, 2, 0 %, 0 %, 35271 MiB, 36.46 W
2026/09/20 06:02:55.533, 0, 0 %, 0 %, 35270 MiB, 35.85 W
2026/09/20 06:02:55.533, 1, 0 %, 0 %, 35270 MiB, 35.12 W
2026/09/20 06:02:55.533, 2, 0 %, 0 %, 35271 MiB, 36.37 W
2026/09/20 06:03:00.534, 0, 0 %, 0 %, 35270 MiB, 35.86 W
2026/09/20 06:03:00.534, 1, 0 %, 0 %, 35270 MiB, 35.23 W
2026/09/20 06:03:00.534, 2, 0 %, 0 %, 35271 MiB, 36.46 W
2026/09/20 06:03:05.536, 0, 0 %, 0 %, 35270 MiB, 35.94 W
2026/09/20 06:03:05.536, 1, 0 %, 0 %, 35270 MiB, 35.21 W
2026/09/20 06:03:05.536, 2, 0 %, 0 %, 35271 MiB, 36.46 W
2026/09/20 06:03:10.538, 0, 0 %, 0 %, 35270 MiB, 36.03 W
2026/09/20 06:03:10.538, 1, 0 %, 0 %, 35270 MiB, 35.31 W
2026/09/20 06:03:10.538, 2, 0 %, 0 %, 35271 MiB, 36.64 W
2026/09/20 06:03:15.540, 0, 0 %, 0 %, 35270 MiB, 35.82 W
2026/09/20 06:03:15.540, 1, 0 %, 0 %, 35270 MiB, 35.49 W
2026/09/20 06:03:15.540, 2, 0 %, 0 %, 35271 MiB, 36.54 W
2026/09/20 06:03:20.542, 0, 25 %, 1 %, 35270 MiB, 36.01 W
2026/09/20 06:03:20.543, 1, 0 %, 0 %, 35270 MiB, 35.30 W
2026/09/20 06:03:20.543, 2, 0 %, 0 %, 35271 MiB, 36.44 W
2026/09/20 06:03:25.543, 0, 0 %, 0 %, 35270 MiB, 35.96 W
2026/09/20 06:03:25.544, 1, 0 %, 0 %, 35270 MiB, 35.23 W
2026/09/20 06:03:25.544, 2, 0 %, 0 %, 35271 MiB, 36.47 W
2026/09/20 06:03:30.544, 0, 0 %, 0 %, 35270 MiB, 35.85 W
2026/09/20 06:03:30.545, 1, 0 %, 0 %, 35270 MiB, 35.23 W
2026/09/20 06:03:30.545, 2, 0 %, 0 %, 35271 MiB, 36.46 W
2026/09/20 06:03:35.546, 0, 0 %, 0 %, 35270 MiB, 35.94 W
2026/09/20 06:03:35.546, 1, 0 %, 0 %, 35270 MiB, 35.42 W
2026/09/20 06:03:35.546, 2, 0 %, 0 %, 35271 MiB, 36.26 W
2026/09/20 06:03:40.548, 0, 0 %, 0 %, 35270 MiB, 36.03 W
2026/09/20 06:03:40.548, 1, 0 %, 0 %, 35270 MiB, 35.10 W
2026/09/20 06:03:40.548, 2, 0 %, 0 %, 35271 MiB, 36.34 W
2026/09/20 06:03:45.549, 0, 0 %, 0 %, 35270 MiB, 36.01 W
2026/09/20 06:03:45.550, 1, 0 %, 0 %, 35270 MiB, 35.20 W
2026/09/20 06:03:45.550, 2, 0 %, 0 %, 35271 MiB, 36.24 W
2026/09/20 06:03:50.551, 0, 0 %, 0 %, 35270 MiB, 36.01 W
2026/09/20 06:03:50.551, 1, 0 %, 0 %, 35270 MiB, 35.10 W
2026/09/20 06:03:50.551, 2, 0 %, 0 %, 35271 MiB, 36.43 W
2026/09/20 06:03:55.553, 0, 0 %, 0 %, 35270 MiB, 36.21 W
2026/09/20 06:03:55.553, 1, 0 %, 0 %, 35270 MiB, 35.21 W
2026/09/20 06:03:55.554, 2, 0 %, 0 %, 35271 MiB, 36.44 W
2026/09/20 06:04:00.554, 0, 0 %, 0 %, 35270 MiB, 43.96 W
2026/09/20 06:04:00.554, 1, 0 %, 0 %, 35270 MiB, 35.14 W
2026/09/20 06:04:00.554, 2, 0 %, 0 %, 35271 MiB, 36.46 W
2026/09/20 06:04:05.555, 0, 0 %, 0 %, 35270 MiB, 35.85 W
2026/09/20 06:04:05.555, 1, 0 %, 0 %, 35270 MiB, 35.33 W
2026/09/20 06:04:05.555, 2, 0 %, 0 %, 35271 MiB, 36.37 W
2026/09/20 06:04:10.556, 0, 0 %, 0 %, 35270 MiB, 35.83 W
2026/09/20 06:04:10.557, 1, 0 %, 0 %, 35270 MiB, 35.22 W
2026/09/20 06:04:10.557, 2, 0 %, 0 %, 35271 MiB, 36.57 W
2026/09/20 06:04:15.557, 0, 0 %, 0 %, 35270 MiB, 36.02 W
2026/09/20 06:04:15.558, 1, 0 %, 0 %, 35270 MiB, 35.21 W
2026/09/20 06:04:15.558, 2, 0 %, 0 %, 35271 MiB, 36.46 W
2026/09/20 06:04:20.559, 0, 0 %, 0 %, 35270 MiB, 35.92 W
2026/09/20 06:04:20.559, 1, 0 %, 0 %, 35270 MiB, 35.21 W
2026/09/20 06:04:20.559, 2, 0 %, 0 %, 35271 MiB, 36.46 W
2026/09/20 06:04:25.561, 0, 0 %, 0 %, 35270 MiB, 35.92 W
2026/09/20 06:04:25.569, 1, 0 %, 0 %, 35270 MiB, 35.30 W
2026/09/20 06:04:25.569, 2, 0 %, 0 %, 35271 MiB, 36.65 W
2026/09/20 06:04:30.571, 0, 0 %, 0 %, 35270 MiB, 36.12 W
2026/09/20 06:04:30.571, 1, 0 %, 0 %, 35270 MiB, 35.51 W
2026/09/20 06:04:30.571, 2, 0 %, 0 %, 35271 MiB, 36.54 W
2026/09/20 06:04:35.573, 0, 0 %, 0 %, 35270 MiB, 35.92 W
2026/09/20 06:04:35.573, 1, 0 %, 0 %, 35270 MiB, 35.40 W
2026/09/20 06:04:35.573, 2, 0 %, 0 %, 35271 MiB, 36.55 W
2026/09/20 06:04:40.575, 0, 25 %, 1 %, 35270 MiB, 36.02 W
2026/09/20 06:04:40.576, 1, 0 %, 0 %, 35270 MiB, 35.30 W
2026/09/20 06:04:40.576, 2, 0 %, 0 %, 35271 MiB, 36.34 W
2026/09/20 06:04:45.577, 0, 0 %, 0 %, 35270 MiB, 36.03 W
2026/09/20 06:04:45.577, 1, 0 %, 0 %, 35270 MiB, 35.10 W
2026/09/20 06:04:45.577, 2, 0 %, 0 %, 35271 MiB, 36.57 W
2026/09/20 06:04:50.578, 0, 0 %, 0 %, 35270 MiB, 36.04 W
2026/09/20 06:04:50.578, 1, 0 %, 0 %, 35270 MiB, 35.23 W
2026/09/20 06:04:50.578, 2, 0 %, 0 %, 35271 MiB, 36.46 W
2026/09/20 06:04:55.579, 0, 0 %, 0 %, 35270 MiB, 36.04 W
2026/09/20 06:04:55.580, 1, 0 %, 0 %, 35270 MiB, 35.32 W
2026/09/20 06:04:55.580, 2, 0 %, 0 %, 35271 MiB, 36.36 W
2026/09/20 06:05:00.581, 0, 0 %, 0 %, 35270 MiB, 36.12 W
2026/09/20 06:05:00.581, 1, 0 %, 0 %, 35270 MiB, 35.22 W
2026/09/20 06:05:00.581, 2, 0 %, 0 %, 35271 MiB, 36.36 W
2026/09/20 06:05:05.583, 0, 0 %, 0 %, 35270 MiB, 36.12 W
2026/09/20 06:05:05.583, 1, 0 %, 0 %, 35270 MiB, 35.20 W
2026/09/20 06:05:05.583, 2, 0 %, 0 %, 35271 MiB, 36.66 W
2026/09/20 06:05:10.585, 0, 25 %, 1 %, 35270 MiB, 35.94 W
2026/09/20 06:05:10.585, 1, 0 %, 0 %, 35270 MiB, 35.22 W
2026/09/20 06:05:10.586, 2, 0 %, 0 %, 35271 MiB, 36.57 W
2026/09/20 06:05:15.586, 0, 0 %, 0 %, 35270 MiB, 35.95 W
2026/09/20 06:05:15.586, 1, 0 %, 0 %, 35270 MiB, 35.32 W
2026/09/20 06:05:15.586, 2, 0 %, 0 %, 35271 MiB, 36.57 W
2026/09/20 06:05:20.587, 0, 0 %, 0 %, 35270 MiB, 35.95 W
2026/09/20 06:05:20.587, 1, 0 %, 0 %, 35270 MiB, 35.32 W
2026/09/20 06:05:20.587, 2, 0 %, 0 %, 35271 MiB, 36.57 W
2026/09/20 06:05:25.589, 0, 0 %, 0 %, 35270 MiB, 36.03 W
2026/09/20 06:05:25.589, 1, 0 %, 0 %, 35270 MiB, 35.31 W
2026/09/20 06:05:25.589, 2, 0 %, 0 %, 35271 MiB, 36.76 W
2026/09/20 06:05:30.591, 0, 0 %, 0 %, 35270 MiB, 35.92 W
2026/09/20 06:05:30.591, 1, 0 %, 0 %, 35270 MiB, 35.30 W
2026/09/20 06:05:30.591, 2, 0 %, 0 %, 35271 MiB, 36.55 W
2026/09/20 06:05:35.592, 0, 0 %, 0 %, 35270 MiB, 36.01 W
2026/09/20 06:05:35.592, 1, 0 %, 0 %, 35270 MiB, 35.30 W
2026/09/20 06:05:35.592, 2, 0 %, 0 %, 35271 MiB, 36.54 W
2026/09/20 06:05:40.594, 0, 25 %, 1 %, 35270 MiB, 35.92 W
2026/09/20 06:05:40.595, 1, 0 %, 0 %, 35270 MiB, 35.30 W
2026/09/20 06:05:40.595, 2, 0 %, 0 %, 35271 MiB, 36.57 W
2026/09/20 06:05:45.596, 0, 0 %, 0 %, 35270 MiB, 36.04 W
2026/09/20 06:05:45.596, 1, 0 %, 0 %, 35270 MiB, 35.42 W
2026/09/20 06:05:45.596, 2, 0 %, 0 %, 35271 MiB, 36.68 W
2026/09/20 06:05:50.598, 0, 0 %, 0 %, 35270 MiB, 36.02 W
2026/09/20 06:05:50.598, 1, 0 %, 0 %, 35270 MiB, 35.21 W
2026/09/20 06:05:50.598, 2, 0 %, 0 %, 35271 MiB, 36.44 W
2026/09/20 06:05:55.600, 0, 0 %, 0 %, 35270 MiB, 36.01 W
2026/09/20 06:05:55.600, 1, 0 %, 0 %, 35270 MiB, 35.30 W
2026/09/20 06:05:55.600, 2, 0 %, 0 %, 35271 MiB, 36.33 W
2026/09/20 06:06:00.601, 0, 0 %, 0 %, 35270 MiB, 36.13 W
2026/09/20 06:06:00.602, 1, 0 %, 0 %, 35270 MiB, 35.32 W
2026/09/20 06:06:00.602, 2, 0 %, 0 %, 35271 MiB, 36.57 W
2026/09/20 06:06:05.602, 0, 0 %, 0 %, 35270 MiB, 36.04 W
2026/09/20 06:06:05.603, 1, 0 %, 0 %, 35270 MiB, 35.32 W
2026/09/20 06:06:05.603, 2, 0 %, 0 %, 35271 MiB, 36.46 W
2026/09/20 06:06:10.603, 0, 0 %, 0 %, 35270 MiB, 36.13 W
2026/09/20 06:06:10.603, 1, 0 %, 0 %, 35270 MiB, 35.22 W
2026/09/20 06:06:10.603, 2, 0 %, 0 %, 35271 MiB, 36.57 W
2026/09/20 06:06:15.605, 0, 0 %, 0 %, 35270 MiB, 36.04 W
2026/09/20 06:06:15.605, 1, 0 %, 0 %, 35270 MiB, 35.33 W
2026/09/20 06:06:15.605, 2, 0 %, 0 %, 35271 MiB, 36.46 W
2026/09/20 06:06:20.607, 0, 0 %, 0 %, 35270 MiB, 36.03 W
2026/09/20 06:06:20.607, 1, 0 %, 0 %, 35270 MiB, 35.21 W
2026/09/20 06:06:20.607, 2, 0 %, 0 %, 35271 MiB, 36.56 W
2026/09/20 06:06:25.608, 0, 0 %, 0 %, 35270 MiB, 35.94 W
2026/09/20 06:06:25.608, 1, 0 %, 0 %, 35270 MiB, 35.22 W
2026/09/20 06:06:25.608, 2, 0 %, 0 %, 35271 MiB, 36.66 W
2026/09/20 06:06:30.610, 0, 0 %, 0 %, 35270 MiB, 35.93 W
2026/09/20 06:06:30.610, 1, 0 %, 0 %, 35270 MiB, 35.41 W
2026/09/20 06:06:30.610, 2, 0 %, 0 %, 35271 MiB, 36.56 W
2026/09/20 06:06:35.611, 0, 0 %, 0 %, 35270 MiB, 36.04 W
2026/09/20 06:06:35.611, 1, 0 %, 0 %, 35270 MiB, 35.22 W
2026/09/20 06:06:35.611, 2, 0 %, 0 %, 35271 MiB, 36.57 W
2026/09/20 06:06:40.613, 0, 0 %, 0 %, 35270 MiB, 36.04 W
2026/09/20 06:06:40.613, 1, 0 %, 0 %, 35270 MiB, 35.32 W
2026/09/20 06:06:40.613, 2, 0 %, 0 %, 35271 MiB, 36.57 W
2026/09/20 06:06:45.615, 0, 0 %, 0 %, 35270 MiB, 35.94 W
2026/09/20 06:06:45.615, 1, 0 %, 0 %, 35270 MiB, 35.42 W
2026/09/20 06:06:45.615, 2, 0 %, 0 %, 35271 MiB, 36.77 W
2026/09/20 06:06:50.617, 0, 0 %, 0 %, 35270 MiB, 36.04 W
2026/09/20 06:06:50.617, 1, 0 %, 0 %, 35270 MiB, 35.31 W
2026/09/20 06:06:50.617, 2, 0 %, 0 %, 35271 MiB, 36.57 W
2026/09/20 06:06:55.626, 0, 0 %, 0 %, 35270 MiB, 36.22 W
2026/09/20 06:06:55.626, 1, 0 %, 0 %, 35270 MiB, 35.31 W
2026/09/20 06:06:55.626, 2, 0 %, 0 %, 35271 MiB, 36.43 W
2026/09/20 06:07:00.628, 0, 0 %, 0 %, 35270 MiB, 36.04 W
2026/09/20 06:07:00.628, 1, 0 %, 0 %, 35270 MiB, 35.41 W
2026/09/20 06:07:00.628, 2, 0 %, 0 %, 35271 MiB, 36.35 W
2026/09/20 06:07:05.629, 0, 0 %, 0 %, 35270 MiB, 36.03 W
2026/09/20 06:07:05.629, 1, 0 %, 0 %, 35270 MiB, 35.31 W
2026/09/20 06:07:05.629, 2, 0 %, 0 %, 35271 MiB, 36.75 W
2026/09/20 06:07:10.630, 0, 0 %, 0 %, 35270 MiB, 36.03 W
2026/09/20 06:07:10.630, 1, 0 %, 0 %, 35270 MiB, 35.21 W
2026/09/20 06:07:10.630, 2, 0 %, 0 %, 35271 MiB, 36.46 W
2026/09/20 06:07:15.632, 0, 0 %, 0 %, 35270 MiB, 36.12 W
2026/09/20 06:07:15.632, 1, 0 %, 0 %, 35270 MiB, 35.22 W
2026/09/20 06:07:15.632, 2, 0 %, 0 %, 35271 MiB, 36.47 W
2026/09/20 06:07:20.634, 0, 0 %, 0 %, 35270 MiB, 36.13 W
2026/09/20 06:07:20.634, 1, 0 %, 0 %, 35270 MiB, 35.32 W
2026/09/20 06:07:20.634, 2, 0 %, 0 %, 35271 MiB, 36.46 W
2026/09/20 06:07:25.637, 0, 0 %, 0 %, 35270 MiB, 35.93 W
2026/09/20 06:07:25.637, 1, 0 %, 0 %, 35270 MiB, 35.41 W
2026/09/20 06:07:25.637, 2, 0 %, 0 %, 35271 MiB, 36.76 W
2026/09/20 06:07:30.638, 0, 0 %, 0 %, 35270 MiB, 35.93 W
2026/09/20 06:07:30.638, 1, 0 %, 0 %, 35270 MiB, 35.21 W
2026/09/20 06:07:30.638, 2, 0 %, 0 %, 35271 MiB, 36.54 W
2026/09/20 06:07:35.640, 0, 0 %, 0 %, 35270 MiB, 35.94 W
2026/09/20 06:07:35.640, 1, 0 %, 0 %, 35270 MiB, 35.32 W
2026/09/20 06:07:35.640, 2, 0 %, 0 %, 35271 MiB, 36.57 W
2026/09/20 06:07:40.642, 0, 0 %, 0 %, 35270 MiB, 35.94 W
2026/09/20 06:07:40.642, 1, 0 %, 0 %, 35270 MiB, 35.41 W
2026/09/20 06:07:40.642, 2, 0 %, 0 %, 35271 MiB, 36.56 W
2026/09/20 06:07:45.643, 0, 0 %, 0 %, 35270 MiB, 36.02 W
2026/09/20 06:07:45.643, 1, 0 %, 0 %, 35270 MiB, 35.30 W
2026/09/20 06:07:45.643, 2, 0 %, 0 %, 35271 MiB, 36.75 W
2026/09/20 06:07:50.645, 0, 0 %, 0 %, 35270 MiB, 36.12 W
2026/09/20 06:07:50.645, 1, 0 %, 0 %, 35270 MiB, 35.42 W
2026/09/20 06:07:50.645, 2, 0 %, 0 %, 35271 MiB, 36.76 W
2026/09/20 06:07:55.647, 0, 0 %, 0 %, 35270 MiB, 36.04 W
2026/09/20 06:07:55.647, 1, 0 %, 0 %, 35270 MiB, 35.42 W
2026/09/20 06:07:55.647, 2, 0 %, 0 %, 35271 MiB, 36.57 W
2026/09/20 06:08:00.648, 0, 0 %, 0 %, 35270 MiB, 36.04 W
2026/09/20 06:08:00.649, 1, 0 %, 0 %, 35270 MiB, 35.51 W
2026/09/20 06:08:00.649, 2, 0 %, 0 %, 35271 MiB, 36.57 W
2026/09/20 06:08:05.649, 0, 0 %, 0 %, 35270 MiB, 36.03 W
2026/09/20 06:08:05.649, 1, 0 %, 0 %, 35270 MiB, 35.22 W
2026/09/20 06:08:05.650, 2, 0 %, 0 %, 35271 MiB, 36.57 W
2026/09/20 06:08:10.651, 0, 0 %, 0 %, 35270 MiB, 36.13 W
2026/09/20 06:08:10.651, 1, 0 %, 0 %, 35270 MiB, 35.22 W
2026/09/20 06:08:10.651, 2, 0 %, 0 %, 35271 MiB, 36.47 W
2026/09/20 06:08:15.653, 0, 0 %, 0 %, 35270 MiB, 36.04 W
2026/09/20 06:08:15.653, 1, 0 %, 0 %, 35270 MiB, 35.11 W
2026/09/20 06:08:15.653, 2, 0 %, 0 %, 35271 MiB, 36.47 W
2026/09/20 06:08:20.654, 0, 0 %, 0 %, 35270 MiB, 36.04 W
2026/09/20 06:08:20.654, 1, 0 %, 0 %, 35270 MiB, 35.33 W
2026/09/20 06:08:20.654, 2, 0 %, 0 %, 35271 MiB, 36.46 W
2026/09/20 06:08:25.655, 0, 0 %, 0 %, 35270 MiB, 36.04 W
2026/09/20 06:08:25.655, 1, 0 %, 0 %, 35270 MiB, 35.22 W
2026/09/20 06:08:25.655, 2, 0 %, 0 %, 35271 MiB, 36.77 W
2026/09/20 06:08:30.656, 0, 0 %, 0 %, 35270 MiB, 36.04 W
2026/09/20 06:08:30.656, 1, 0 %, 0 %, 35270 MiB, 35.22 W
2026/09/20 06:08:30.656, 2, 0 %, 0 %, 35271 MiB, 36.47 W
2026/09/20 06:08:35.658, 0, 0 %, 0 %, 35270 MiB, 35.95 W
2026/09/20 06:08:35.658, 1, 0 %, 0 %, 35270 MiB, 35.43 W
2026/09/20 06:08:35.658, 2, 0 %, 0 %, 35271 MiB, 36.57 W
2026/09/20 06:08:40.659, 0, 0 %, 0 %, 35270 MiB, 35.94 W
2026/09/20 06:08:40.659, 1, 0 %, 0 %, 35270 MiB, 35.32 W
2026/09/20 06:08:40.659, 2, 0 %, 0 %, 35271 MiB, 36.57 W
2026/09/20 06:08:45.660, 0, 0 %, 0 %, 35270 MiB, 36.25 W
2026/09/20 06:08:45.661, 1, 0 %, 0 %, 35270 MiB, 35.33 W
2026/09/20 06:08:45.661, 2, 0 %, 0 %, 35271 MiB, 36.68 W
2026/09/20 06:08:50.662, 0, 100 %, 21 %, 35270 MiB, 151.41 W
2026/09/20 06:08:50.662, 1, 100 %, 18 %, 35270 MiB, 105.77 W
2026/09/20 06:08:50.662, 2, 100 %, 14 %, 35271 MiB, 78.27 W
2026/09/20 06:08:55.662, 0, 0 %, 0 %, 35270 MiB, 36.06 W
2026/09/20 06:08:55.663, 1, 0 %, 0 %, 35270 MiB, 35.72 W
2026/09/20 06:08:55.663, 2, 0 %, 0 %, 35271 MiB, 36.80 W
2026/09/20 06:09:00.663, 0, 0 %, 0 %, 35270 MiB, 36.06 W
2026/09/20 06:09:00.664, 1, 0 %, 0 %, 35270 MiB, 35.53 W
2026/09/20 06:09:00.664, 2, 0 %, 0 %, 35271 MiB, 36.67 W
2026/09/20 06:09:05.664, 0, 0 %, 0 %, 35270 MiB, 36.25 W
2026/09/20 06:09:05.665, 1, 0 %, 0 %, 35270 MiB, 35.33 W
2026/09/20 06:09:05.665, 2, 0 %, 0 %, 35271 MiB, 36.80 W
2026/09/20 06:09:10.665, 0, 0 %, 0 %, 35270 MiB, 36.04 W
2026/09/20 06:09:10.665, 1, 0 %, 0 %, 35270 MiB, 35.33 W
2026/09/20 06:09:10.665, 2, 0 %, 0 %, 35271 MiB, 36.57 W
2026/09/20 06:09:15.665, 0, 0 %, 0 %, 35270 MiB, 36.06 W
2026/09/20 06:09:15.666, 1, 0 %, 0 %, 35270 MiB, 35.43 W
2026/09/20 06:09:15.666, 2, 0 %, 0 %, 35271 MiB, 36.57 W
2026/09/20 06:09:20.667, 0, 0 %, 0 %, 35270 MiB, 36.03 W
2026/09/20 06:09:20.667, 1, 0 %, 0 %, 35270 MiB, 35.32 W
2026/09/20 06:09:20.667, 2, 0 %, 0 %, 35271 MiB, 36.55 W
2026/09/20 06:09:25.669, 0, 0 %, 0 %, 35270 MiB, 36.21 W
2026/09/20 06:09:25.669, 1, 0 %, 0 %, 35270 MiB, 35.29 W
2026/09/20 06:09:25.669, 2, 0 %, 0 %, 35271 MiB, 36.54 W
2026/09/20 06:09:30.675, 0, 0 %, 0 %, 35270 MiB, 36.11 W
2026/09/20 06:09:30.675, 1, 0 %, 0 %, 35270 MiB, 35.29 W
2026/09/20 06:09:30.675, 2, 0 %, 0 %, 35271 MiB, 36.54 W
2026/09/20 06:09:35.676, 0, 0 %, 0 %, 35270 MiB, 36.11 W
2026/09/20 06:09:35.676, 1, 0 %, 0 %, 35270 MiB, 35.30 W
2026/09/20 06:09:35.676, 2, 0 %, 0 %, 35271 MiB, 36.54 W
2026/09/20 06:09:40.678, 0, 25 %, 1 %, 35270 MiB, 36.43 W
2026/09/20 06:09:40.678, 1, 0 %, 0 %, 35270 MiB, 35.21 W
2026/09/20 06:09:40.678, 2, 0 %, 0 %, 35271 MiB, 36.57 W
2026/09/20 06:09:45.679, 0, 0 %, 0 %, 35270 MiB, 36.05 W
2026/09/20 06:09:45.679, 1, 0 %, 0 %, 35270 MiB, 35.33 W
2026/09/20 06:09:45.679, 2, 0 %, 0 %, 35271 MiB, 36.57 W
2026/09/20 06:09:50.680, 0, 0 %, 0 %, 35270 MiB, 35.94 W
2026/09/20 06:09:50.680, 1, 0 %, 0 %, 35270 MiB, 35.61 W
2026/09/20 06:09:50.681, 2, 0 %, 0 %, 35271 MiB, 36.57 W
2026/09/20 06:09:55.682, 0, 0 %, 0 %, 35270 MiB, 35.93 W
2026/09/20 06:09:55.682, 1, 0 %, 0 %, 35270 MiB, 35.51 W
2026/09/20 06:09:55.682, 2, 0 %, 0 %, 35271 MiB, 36.57 W
2026/09/20 06:10:00.684, 0, 0 %, 0 %, 35270 MiB, 36.03 W
2026/09/20 06:10:00.684, 1, 0 %, 0 %, 35270 MiB, 35.41 W
2026/09/20 06:10:00.684, 2, 0 %, 0 %, 35271 MiB, 36.87 W
2026/09/20 06:10:05.686, 0, 0 %, 0 %, 35270 MiB, 35.92 W
2026/09/20 06:10:05.686, 1, 0 %, 0 %, 35270 MiB, 35.29 W
2026/09/20 06:10:05.687, 2, 0 %, 0 %, 35271 MiB, 36.54 W
2026/09/20 06:10:10.688, 0, 5 %, 0 %, 35270 MiB, 36.13 W
2026/09/20 06:10:10.688, 1, 0 %, 0 %, 35270 MiB, 35.62 W
2026/09/20 06:10:10.688, 2, 0 %, 0 %, 35271 MiB, 36.57 W
2026/09/20 06:10:15.689, 0, 0 %, 0 %, 35270 MiB, 36.14 W
2026/09/20 06:10:15.689, 1, 0 %, 0 %, 35270 MiB, 35.43 W
2026/09/20 06:10:15.689, 2, 0 %, 0 %, 35271 MiB, 36.47 W
2026/09/20 06:10:20.690, 0, 0 %, 0 %, 35270 MiB, 36.04 W
2026/09/20 06:10:20.690, 1, 0 %, 0 %, 35270 MiB, 35.31 W
2026/09/20 06:10:20.690, 2, 0 %, 0 %, 35271 MiB, 36.57 W
2026/09/20 06:10:25.692, 0, 0 %, 0 %, 35270 MiB, 36.01 W
2026/09/20 06:10:25.692, 1, 0 %, 0 %, 35270 MiB, 35.30 W
2026/09/20 06:10:25.692, 2, 0 %, 0 %, 35271 MiB, 36.43 W
2026/09/20 06:10:30.694, 0, 0 %, 0 %, 35270 MiB, 36.01 W
2026/09/20 06:10:30.695, 1, 0 %, 0 %, 35270 MiB, 35.30 W
2026/09/20 06:10:30.695, 2, 0 %, 0 %, 35271 MiB, 36.33 W
2026/09/20 06:10:35.696, 0, 0 %, 0 %, 35270 MiB, 36.11 W
2026/09/20 06:10:35.699, 1, 0 %, 0 %, 35270 MiB, 35.29 W
2026/09/20 06:10:35.699, 2, 0 %, 0 %, 35271 MiB, 36.44 W
2026/09/20 06:10:40.701, 0, 0 %, 0 %, 35270 MiB, 36.11 W
2026/09/20 06:10:40.702, 1, 0 %, 0 %, 35270 MiB, 35.21 W
2026/09/20 06:10:40.702, 2, 0 %, 0 %, 35271 MiB, 36.66 W
2026/09/20 06:10:45.703, 0, 0 %, 0 %, 35270 MiB, 40.00 W
2026/09/20 06:10:45.703, 1, 0 %, 0 %, 35270 MiB, 35.33 W
2026/09/20 06:10:45.703, 2, 0 %, 0 %, 35271 MiB, 36.48 W
2026/09/20 06:10:50.705, 0, 0 %, 0 %, 35270 MiB, 36.05 W
2026/09/20 06:10:50.705, 1, 0 %, 0 %, 35270 MiB, 35.43 W
2026/09/20 06:10:50.705, 2, 0 %, 0 %, 35271 MiB, 36.46 W
2026/09/20 06:10:55.706, 0, 0 %, 0 %, 35270 MiB, 35.94 W
2026/09/20 06:10:55.706, 1, 0 %, 0 %, 35270 MiB, 35.22 W
2026/09/20 06:10:55.706, 2, 0 %, 0 %, 35271 MiB, 36.57 W
2026/09/20 06:11:00.708, 0, 0 %, 0 %, 35270 MiB, 35.93 W
2026/09/20 06:11:00.708, 1, 0 %, 0 %, 35270 MiB, 35.21 W
2026/09/20 06:11:00.708, 2, 0 %, 0 %, 35271 MiB, 36.54 W
2026/09/20 06:11:05.710, 0, 5 %, 0 %, 35270 MiB, 36.01 W
2026/09/20 06:11:05.710, 1, 0 %, 0 %, 35270 MiB, 35.30 W
2026/09/20 06:11:05.710, 2, 0 %, 0 %, 35271 MiB, 36.65 W
2026/09/20 06:11:10.711, 0, 0 %, 0 %, 35270 MiB, 36.05 W
2026/09/20 06:11:10.711, 1, 0 %, 0 %, 35270 MiB, 35.43 W
2026/09/20 06:11:10.711, 2, 0 %, 0 %, 35271 MiB, 36.57 W
2026/09/20 06:11:15.712, 0, 0 %, 0 %, 35270 MiB, 35.92 W
2026/09/20 06:11:15.713, 1, 0 %, 0 %, 35270 MiB, 35.50 W
2026/09/20 06:11:15.713, 2, 0 %, 0 %, 35271 MiB, 36.54 W
2026/09/20 06:11:20.714, 0, 0 %, 0 %, 35270 MiB, 35.92 W
2026/09/20 06:11:20.714, 1, 0 %, 0 %, 35270 MiB, 35.40 W
2026/09/20 06:11:20.714, 2, 0 %, 0 %, 35271 MiB, 36.65 W
2026/09/20 06:11:25.715, 0, 0 %, 0 %, 35270 MiB, 36.11 W
2026/09/20 06:11:25.715, 1, 0 %, 0 %, 35270 MiB, 35.30 W
2026/09/20 06:11:25.716, 2, 0 %, 0 %, 35271 MiB, 36.33 W
2026/09/20 06:11:30.717, 0, 0 %, 0 %, 35270 MiB, 36.01 W
2026/09/20 06:11:30.717, 1, 0 %, 0 %, 35270 MiB, 35.29 W
2026/09/20 06:11:30.717, 2, 0 %, 0 %, 35271 MiB, 36.43 W
2026/09/20 06:11:35.719, 0, 0 %, 0 %, 35270 MiB, 36.02 W
2026/09/20 06:11:35.719, 1, 0 %, 0 %, 35270 MiB, 35.21 W
2026/09/20 06:11:35.720, 2, 0 %, 0 %, 35271 MiB, 36.55 W
2026/09/20 06:11:40.720, 0, 0 %, 0 %, 35270 MiB, 36.06 W
2026/09/20 06:11:40.721, 1, 0 %, 0 %, 35270 MiB, 35.22 W
2026/09/20 06:11:40.721, 2, 0 %, 0 %, 35271 MiB, 36.57 W
2026/09/20 06:11:45.722, 0, 0 %, 0 %, 35270 MiB, 36.23 W
2026/09/20 06:11:45.722, 1, 0 %, 0 %, 35270 MiB, 35.32 W
2026/09/20 06:11:45.722, 2, 0 %, 0 %, 35271 MiB, 36.47 W
2026/09/20 06:11:50.724, 0, 0 %, 0 %, 35270 MiB, 36.03 W
2026/09/20 06:11:50.724, 1, 0 %, 0 %, 35270 MiB, 35.30 W
2026/09/20 06:11:50.725, 2, 0 %, 0 %, 35271 MiB, 36.44 W
2026/09/20 06:11:55.726, 0, 0 %, 0 %, 35270 MiB, 35.92 W
2026/09/20 06:11:55.726, 1, 0 %, 0 %, 35270 MiB, 35.30 W
2026/09/20 06:11:55.726, 2, 0 %, 0 %, 35271 MiB, 36.54 W
2026/09/20 06:12:00.727, 0, 0 %, 0 %, 35270 MiB, 36.12 W
2026/09/20 06:12:00.728, 1, 0 %, 0 %, 35270 MiB, 35.30 W
2026/09/20 06:12:00.728, 2, 0 %, 0 %, 35271 MiB, 36.54 W
2026/09/20 06:12:05.728, 0, 0 %, 0 %, 35270 MiB, 35.95 W
2026/09/20 06:12:05.729, 1, 0 %, 0 %, 35270 MiB, 35.33 W
2026/09/20 06:12:05.729, 2, 0 %, 0 %, 35271 MiB, 36.47 W
2026/09/20 06:12:10.730, 0, 0 %, 0 %, 35270 MiB, 35.92 W
2026/09/20 06:12:10.730, 1, 0 %, 0 %, 35270 MiB, 35.31 W
2026/09/20 06:12:10.730, 2, 0 %, 0 %, 35271 MiB, 36.46 W
2026/09/20 06:12:15.731, 0, 0 %, 0 %, 35270 MiB, 35.94 W
2026/09/20 06:12:15.731, 1, 0 %, 0 %, 35270 MiB, 35.31 W
2026/09/20 06:12:15.731, 2, 0 %, 0 %, 35271 MiB, 36.75 W
2026/09/20 06:12:20.732, 0, 0 %, 0 %, 35270 MiB, 35.92 W
2026/09/20 06:12:20.733, 1, 0 %, 0 %, 35270 MiB, 35.39 W
2026/09/20 06:12:20.733, 2, 0 %, 0 %, 35271 MiB, 36.75 W
2026/09/20 06:12:25.734, 0, 0 %, 0 %, 35270 MiB, 36.01 W
2026/09/20 06:12:25.734, 1, 0 %, 0 %, 35270 MiB, 35.38 W
2026/09/20 06:12:25.734, 2, 0 %, 0 %, 35271 MiB, 36.54 W
2026/09/20 06:12:30.734, 0, 7 %, 0 %, 35270 MiB, 36.02 W
2026/09/20 06:12:30.735, 1, 0 %, 0 %, 35270 MiB, 35.31 W
2026/09/20 06:12:30.735, 2, 0 %, 0 %, 35271 MiB, 36.36 W
2026/09/20 06:12:35.736, 0, 0 %, 0 %, 35270 MiB, 36.23 W
2026/09/20 06:12:35.736, 1, 0 %, 0 %, 35270 MiB, 35.12 W
2026/09/20 06:12:35.736, 2, 0 %, 0 %, 35271 MiB, 36.68 W
2026/09/20 06:12:40.737, 0, 0 %, 0 %, 35270 MiB, 36.12 W
2026/09/20 06:12:40.737, 1, 0 %, 0 %, 35270 MiB, 35.41 W
2026/09/20 06:12:40.737, 2, 0 %, 0 %, 35271 MiB, 36.44 W
2026/09/20 06:12:45.738, 0, 0 %, 0 %, 35270 MiB, 36.12 W
2026/09/20 06:12:45.739, 1, 0 %, 0 %, 35270 MiB, 35.31 W
2026/09/20 06:12:45.739, 2, 0 %, 0 %, 35271 MiB, 36.45 W
2026/09/20 06:12:50.739, 0, 0 %, 0 %, 35270 MiB, 36.11 W
2026/09/20 06:12:50.740, 1, 0 %, 0 %, 35270 MiB, 35.29 W
2026/09/20 06:12:50.740, 2, 0 %, 0 %, 35271 MiB, 36.54 W
2026/09/20 06:12:55.741, 0, 0 %, 0 %, 35270 MiB, 36.11 W
2026/09/20 06:12:55.741, 1, 0 %, 0 %, 35270 MiB, 35.29 W
2026/09/20 06:12:55.741, 2, 0 %, 0 %, 35271 MiB, 36.54 W
2026/09/20 06:13:00.743, 0, 0 %, 0 %, 35270 MiB, 35.92 W
2026/09/20 06:13:00.743, 1, 0 %, 0 %, 35270 MiB, 35.40 W
2026/09/20 06:13:00.743, 2, 0 %, 0 %, 35271 MiB, 36.54 W
2026/09/20 06:13:05.744, 0, 0 %, 0 %, 35270 MiB, 35.85 W
2026/09/20 06:13:05.744, 1, 0 %, 0 %, 35270 MiB, 35.33 W
2026/09/20 06:13:05.744, 2, 0 %, 0 %, 35271 MiB, 36.57 W
2026/09/20 06:13:10.746, 0, 0 %, 0 %, 35270 MiB, 36.11 W
2026/09/20 06:13:10.746, 1, 0 %, 0 %, 35270 MiB, 35.31 W
2026/09/20 06:13:10.746, 2, 0 %, 0 %, 35271 MiB, 36.54 W
2026/09/20 06:13:15.748, 0, 0 %, 0 %, 35270 MiB, 36.01 W
2026/09/20 06:13:15.748, 1, 0 %, 0 %, 35270 MiB, 35.30 W
2026/09/20 06:13:15.748, 2, 0 %, 0 %, 35271 MiB, 36.65 W
2026/09/20 06:13:20.750, 0, 0 %, 0 %, 35270 MiB, 36.01 W
2026/09/20 06:13:20.750, 1, 0 %, 0 %, 35270 MiB, 35.49 W
2026/09/20 06:13:20.751, 2, 0 %, 0 %, 35271 MiB, 36.74 W
2026/09/20 06:13:25.752, 0, 25 %, 1 %, 35270 MiB, 36.02 W
2026/09/20 06:13:25.752, 1, 0 %, 0 %, 35270 MiB, 35.31 W
2026/09/20 06:13:25.752, 2, 0 %, 0 %, 35271 MiB, 36.55 W
2026/09/20 06:13:30.754, 0, 0 %, 0 %, 35270 MiB, 36.04 W
2026/09/20 06:13:30.754, 1, 0 %, 0 %, 35270 MiB, 35.33 W
2026/09/20 06:13:30.754, 2, 0 %, 0 %, 35271 MiB, 36.68 W
2026/09/20 06:13:35.755, 0, 0 %, 0 %, 35270 MiB, 36.04 W
2026/09/20 06:13:35.755, 1, 0 %, 0 %, 35270 MiB, 35.42 W
2026/09/20 06:13:35.755, 2, 0 %, 0 %, 35271 MiB, 36.57 W
2026/09/20 06:13:40.756, 0, 0 %, 0 %, 35270 MiB, 36.02 W
2026/09/20 06:13:40.756, 1, 0 %, 0 %, 35270 MiB, 35.31 W
2026/09/20 06:13:40.756, 2, 0 %, 0 %, 35271 MiB, 36.34 W
2026/09/20 06:13:45.758, 0, 0 %, 0 %, 35270 MiB, 36.31 W
2026/09/20 06:13:45.759, 1, 0 %, 0 %, 35270 MiB, 35.20 W
2026/09/20 06:13:45.759, 2, 0 %, 0 %, 35271 MiB, 36.54 W
2026/09/20 06:13:50.760, 0, 0 %, 0 %, 35270 MiB, 36.01 W
2026/09/20 06:13:50.760, 1, 0 %, 0 %, 35270 MiB, 35.19 W
2026/09/20 06:13:50.760, 2, 0 %, 0 %, 35271 MiB, 36.75 W
2026/09/20 06:13:55.762, 0, 24 %, 1 %, 35270 MiB, 36.13 W
2026/09/20 06:13:55.762, 1, 0 %, 0 %, 35270 MiB, 35.32 W
2026/09/20 06:13:55.762, 2, 0 %, 0 %, 35271 MiB, 36.57 W
2026/09/20 06:14:00.763, 0, 0 %, 0 %, 35270 MiB, 36.14 W
2026/09/20 06:14:00.763, 1, 0 %, 0 %, 35270 MiB, 35.33 W
2026/09/20 06:14:00.763, 2, 0 %, 0 %, 35271 MiB, 36.47 W
2026/09/20 06:14:05.764, 0, 0 %, 0 %, 35270 MiB, 36.03 W
2026/09/20 06:14:05.764, 1, 0 %, 0 %, 35270 MiB, 35.22 W
2026/09/20 06:14:05.764, 2, 0 %, 0 %, 35271 MiB, 36.46 W
2026/09/20 06:14:10.766, 0, 0 %, 0 %, 35270 MiB, 36.03 W
2026/09/20 06:14:10.766, 1, 0 %, 0 %, 35270 MiB, 35.21 W
2026/09/20 06:14:10.766, 2, 0 %, 0 %, 35271 MiB, 36.77 W
2026/09/20 06:14:15.768, 0, 25 %, 1 %, 35270 MiB, 36.03 W
2026/09/20 06:14:15.768, 1, 0 %, 0 %, 35270 MiB, 35.42 W
2026/09/20 06:14:15.768, 2, 0 %, 0 %, 35271 MiB, 36.57 W
2026/09/20 06:14:20.769, 0, 0 %, 0 %, 35270 MiB, 36.24 W
2026/09/20 06:14:20.769, 1, 0 %, 0 %, 35270 MiB, 35.33 W
2026/09/20 06:14:20.769, 2, 0 %, 0 %, 35271 MiB, 36.57 W
2026/09/20 06:14:25.770, 0, 0 %, 0 %, 35270 MiB, 36.02 W
2026/09/20 06:14:25.770, 1, 0 %, 0 %, 35270 MiB, 35.29 W
2026/09/20 06:14:25.770, 2, 0 %, 0 %, 35271 MiB, 36.54 W
2026/09/20 06:14:30.771, 0, 0 %, 0 %, 35270 MiB, 35.92 W
2026/09/20 06:14:30.772, 1, 0 %, 0 %, 35270 MiB, 35.40 W
2026/09/20 06:14:30.772, 2, 0 %, 0 %, 35271 MiB, 36.75 W
2026/09/20 06:14:35.773, 0, 25 %, 1 %, 35270 MiB, 36.04 W
2026/09/20 06:14:35.773, 1, 0 %, 0 %, 35270 MiB, 35.42 W
2026/09/20 06:14:35.773, 2, 0 %, 0 %, 35271 MiB, 36.77 W
2026/09/20 06:14:40.774, 0, 0 %, 0 %, 35270 MiB, 36.13 W
2026/09/20 06:14:40.775, 1, 0 %, 0 %, 35270 MiB, 35.33 W
2026/09/20 06:14:40.775, 2, 0 %, 0 %, 35271 MiB, 36.57 W
2026/09/20 06:14:45.775, 0, 0 %, 0 %, 35270 MiB, 36.01 W
2026/09/20 06:14:45.775, 1, 0 %, 0 %, 35270 MiB, 35.39 W
2026/09/20 06:14:45.775, 2, 0 %, 0 %, 35271 MiB, 36.54 W
2026/09/20 06:14:50.777, 0, 0 %, 0 %, 35270 MiB, 36.01 W
2026/09/20 06:14:50.777, 1, 0 %, 0 %, 35270 MiB, 35.18 W
2026/09/20 06:14:50.777, 2, 0 %, 0 %, 35271 MiB, 36.64 W
2026/09/20 06:14:55.779, 0, 0 %, 0 %, 35270 MiB, 36.31 W
2026/09/20 06:14:55.780, 1, 0 %, 0 %, 35270 MiB, 35.30 W
2026/09/20 06:14:55.780, 2, 0 %, 0 %, 35271 MiB, 36.54 W
2026/09/20 06:15:00.780, 0, 0 %, 0 %, 35270 MiB, 36.05 W
2026/09/20 06:15:00.781, 1, 0 %, 0 %, 35270 MiB, 35.14 W
2026/09/20 06:15:00.781, 2, 0 %, 0 %, 35271 MiB, 36.46 W
2026/09/20 06:15:05.781, 0, 0 %, 0 %, 35270 MiB, 36.12 W
2026/09/20 06:15:05.782, 1, 0 %, 0 %, 35270 MiB, 35.32 W
2026/09/20 06:15:05.782, 2, 0 %, 0 %, 35271 MiB, 36.57 W
2026/09/20 06:15:10.783, 0, 0 %, 0 %, 35270 MiB, 36.03 W
2026/09/20 06:15:10.783, 1, 0 %, 0 %, 35270 MiB, 35.41 W
2026/09/20 06:15:10.783, 2, 0 %, 0 %, 35271 MiB, 36.57 W
2026/09/20 06:15:15.785, 0, 0 %, 0 %, 35270 MiB, 36.04 W
2026/09/20 06:15:15.785, 1, 0 %, 0 %, 35270 MiB, 35.31 W
2026/09/20 06:15:15.785, 2, 0 %, 0 %, 35271 MiB, 36.57 W
2026/09/20 06:15:20.787, 0, 0 %, 0 %, 35270 MiB, 36.41 W
2026/09/20 06:15:20.787, 1, 0 %, 0 %, 35270 MiB, 35.50 W
2026/09/20 06:15:20.788, 2, 0 %, 0 %, 35271 MiB, 36.66 W
2026/09/20 06:15:25.788, 0, 0 %, 0 %, 35270 MiB, 35.96 W
2026/09/20 06:15:25.788, 1, 0 %, 0 %, 35270 MiB, 35.23 W
2026/09/20 06:15:25.788, 2, 0 %, 0 %, 35271 MiB, 36.79 W
2026/09/20 06:15:30.790, 0, 0 %, 0 %, 35270 MiB, 35.95 W
2026/09/20 06:15:30.790, 1, 0 %, 0 %, 35270 MiB, 35.42 W
2026/09/20 06:15:30.790, 2, 0 %, 0 %, 35271 MiB, 36.66 W
2026/09/20 06:15:35.792, 0, 0 %, 0 %, 35270 MiB, 35.94 W
2026/09/20 06:15:35.792, 1, 0 %, 0 %, 35270 MiB, 35.22 W
2026/09/20 06:15:35.792, 2, 0 %, 0 %, 35271 MiB, 36.68 W
2026/09/20 06:15:40.795, 0, 0 %, 0 %, 35270 MiB, 35.93 W
2026/09/20 06:15:40.795, 1, 0 %, 0 %, 35270 MiB, 35.42 W
2026/09/20 06:15:40.795, 2, 0 %, 0 %, 35271 MiB, 36.66 W
2026/09/20 06:15:45.797, 0, 0 %, 0 %, 35270 MiB, 36.03 W
2026/09/20 06:15:45.797, 1, 0 %, 0 %, 35270 MiB, 35.31 W
2026/09/20 06:15:45.797, 2, 0 %, 0 %, 35271 MiB, 36.85 W
2026/09/20 06:15:50.799, 0, 0 %, 0 %, 35270 MiB, 36.11 W
2026/09/20 06:15:50.799, 1, 0 %, 0 %, 35270 MiB, 35.40 W
2026/09/20 06:15:50.799, 2, 0 %, 0 %, 35271 MiB, 36.54 W
2026/09/20 06:15:55.801, 0, 0 %, 0 %, 35270 MiB, 36.04 W
2026/09/20 06:15:55.801, 1, 0 %, 0 %, 35270 MiB, 35.11 W
2026/09/20 06:15:55.801, 2, 0 %, 0 %, 35271 MiB, 36.46 W
2026/09/20 06:16:00.803, 0, 0 %, 0 %, 35270 MiB, 36.12 W
2026/09/20 06:16:00.803, 1, 0 %, 0 %, 35270 MiB, 35.31 W
2026/09/20 06:16:00.803, 2, 0 %, 0 %, 35271 MiB, 36.44 W
2026/09/20 06:16:05.805, 0, 0 %, 0 %, 35270 MiB, 36.12 W
2026/09/20 06:16:05.805, 1, 0 %, 0 %, 35270 MiB, 35.41 W
2026/09/20 06:16:05.805, 2, 0 %, 0 %, 35271 MiB, 36.66 W
2026/09/20 06:16:10.807, 0, 0 %, 0 %, 35270 MiB, 36.21 W
2026/09/20 06:16:10.807, 1, 0 %, 0 %, 35270 MiB, 35.29 W
2026/09/20 06:16:10.807, 2, 0 %, 0 %, 35271 MiB, 36.54 W
2026/09/20 06:16:15.812, 0, 0 %, 0 %, 35270 MiB, 36.02 W
2026/09/20 06:16:15.812, 1, 0 %, 0 %, 35270 MiB, 35.31 W
2026/09/20 06:16:15.812, 2, 0 %, 0 %, 35271 MiB, 36.56 W
2026/09/20 06:16:20.814, 0, 0 %, 0 %, 35270 MiB, 36.04 W
2026/09/20 06:16:20.814, 1, 0 %, 0 %, 35270 MiB, 35.22 W
2026/09/20 06:16:20.814, 2, 0 %, 0 %, 35271 MiB, 36.57 W
2026/09/20 06:16:25.815, 0, 0 %, 0 %, 35270 MiB, 36.02 W
2026/09/20 06:16:25.815, 1, 0 %, 0 %, 35270 MiB, 35.41 W
2026/09/20 06:16:25.815, 2, 0 %, 0 %, 35271 MiB, 36.76 W
2026/09/20 06:16:30.816, 0, 0 %, 0 %, 35270 MiB, 36.03 W
2026/09/20 06:16:30.817, 1, 0 %, 0 %, 35270 MiB, 35.31 W
2026/09/20 06:16:30.817, 2, 0 %, 0 %, 35271 MiB, 36.66 W
2026/09/20 06:16:35.818, 0, 0 %, 0 %, 35270 MiB, 36.01 W
2026/09/20 06:16:35.818, 1, 0 %, 0 %, 35270 MiB, 35.30 W
2026/09/20 06:16:35.818, 2, 0 %, 0 %, 35271 MiB, 36.54 W
2026/09/20 06:16:40.820, 0, 0 %, 0 %, 35270 MiB, 35.94 W
2026/09/20 06:16:40.820, 1, 0 %, 0 %, 35270 MiB, 35.31 W
2026/09/20 06:16:40.820, 2, 0 %, 0 %, 35271 MiB, 36.56 W
2026/09/20 06:16:45.822, 0, 0 %, 0 %, 35270 MiB, 36.01 W
2026/09/20 06:16:45.822, 1, 0 %, 0 %, 35270 MiB, 35.40 W
2026/09/20 06:16:45.822, 2, 0 %, 0 %, 35271 MiB, 36.85 W
2026/09/20 06:16:50.824, 0, 0 %, 0 %, 35270 MiB, 36.02 W
2026/09/20 06:16:50.824, 1, 0 %, 0 %, 35270 MiB, 35.30 W
2026/09/20 06:16:50.824, 2, 0 %, 0 %, 35271 MiB, 36.76 W
2026/09/20 06:16:55.825, 0, 0 %, 0 %, 35270 MiB, 36.01 W
2026/09/20 06:16:55.825, 1, 0 %, 0 %, 35270 MiB, 35.30 W
2026/09/20 06:16:55.826, 2, 0 %, 0 %, 35271 MiB, 36.64 W
2026/09/20 06:17:00.831, 0, 0 %, 0 %, 35270 MiB, 36.03 W
2026/09/20 06:17:00.831, 1, 0 %, 0 %, 35270 MiB, 35.51 W
2026/09/20 06:17:00.831, 2, 0 %, 0 %, 35271 MiB, 36.55 W
2026/09/20 06:17:05.833, 0, 0 %, 0 %, 35270 MiB, 36.41 W
2026/09/20 06:17:05.833, 1, 0 %, 0 %, 35270 MiB, 35.30 W
2026/09/20 06:17:05.833, 2, 0 %, 0 %, 35271 MiB, 36.54 W
2026/09/20 06:17:10.835, 0, 0 %, 0 %, 35270 MiB, 36.21 W
2026/09/20 06:17:10.835, 1, 0 %, 0 %, 35270 MiB, 35.30 W
2026/09/20 06:17:10.835, 2, 0 %, 0 %, 35271 MiB, 36.54 W
2026/09/20 06:17:15.836, 0, 0 %, 0 %, 35270 MiB, 36.12 W
2026/09/20 06:17:15.836, 1, 0 %, 0 %, 35270 MiB, 35.10 W
2026/09/20 06:17:15.836, 2, 0 %, 0 %, 35271 MiB, 36.54 W
2026/09/20 06:17:20.837, 0, 0 %, 0 %, 35270 MiB, 36.11 W
2026/09/20 06:17:20.837, 1, 0 %, 0 %, 35270 MiB, 35.40 W
2026/09/20 06:17:20.837, 2, 0 %, 0 %, 35271 MiB, 36.54 W
2026/09/20 06:17:25.839, 0, 0 %, 0 %, 35270 MiB, 36.12 W
2026/09/20 06:17:25.839, 1, 0 %, 0 %, 35270 MiB, 35.21 W
2026/09/20 06:17:25.839, 2, 0 %, 0 %, 35271 MiB, 36.55 W
2026/09/20 06:17:30.841, 0, 0 %, 0 %, 35270 MiB, 36.04 W
2026/09/20 06:17:30.841, 1, 0 %, 0 %, 35270 MiB, 35.32 W
2026/09/20 06:17:30.841, 2, 0 %, 0 %, 35271 MiB, 36.57 W
2026/09/20 06:17:35.843, 0, 0 %, 0 %, 35270 MiB, 36.04 W
2026/09/20 06:17:35.843, 1, 0 %, 0 %, 35270 MiB, 35.32 W
2026/09/20 06:17:35.843, 2, 0 %, 0 %, 35271 MiB, 36.68 W
2026/09/20 06:17:40.845, 0, 0 %, 0 %, 35270 MiB, 35.94 W
2026/09/20 06:17:40.845, 1, 0 %, 0 %, 35270 MiB, 35.42 W
2026/09/20 06:17:40.845, 2, 0 %, 0 %, 35271 MiB, 36.68 W
2026/09/20 06:17:45.846, 0, 0 %, 0 %, 35270 MiB, 36.14 W
2026/09/20 06:17:45.846, 1, 0 %, 0 %, 35270 MiB, 35.43 W
2026/09/20 06:17:45.846, 2, 0 %, 0 %, 35271 MiB, 36.88 W
2026/09/20 06:17:50.847, 0, 0 %, 0 %, 35270 MiB, 36.04 W
2026/09/20 06:17:50.847, 1, 0 %, 0 %, 35270 MiB, 35.42 W
2026/09/20 06:17:50.847, 2, 0 %, 0 %, 35271 MiB, 36.77 W
2026/09/20 06:17:55.848, 0, 0 %, 0 %, 35270 MiB, 36.05 W
2026/09/20 06:17:55.849, 1, 0 %, 0 %, 35270 MiB, 35.33 W
2026/09/20 06:17:55.849, 2, 0 %, 0 %, 35271 MiB, 36.68 W
2026/09/20 06:18:00.850, 0, 0 %, 0 %, 35270 MiB, 36.04 W
2026/09/20 06:18:00.850, 1, 0 %, 0 %, 35270 MiB, 35.52 W
2026/09/20 06:18:00.850, 2, 0 %, 0 %, 35271 MiB, 36.76 W
2026/09/20 06:18:05.851, 0, 0 %, 0 %, 35270 MiB, 36.16 W
2026/09/20 06:18:05.852, 1, 0 %, 0 %, 35270 MiB, 35.33 W
2026/09/20 06:18:05.852, 2, 0 %, 0 %, 35271 MiB, 36.80 W
2026/09/20 06:18:10.852, 0, 0 %, 0 %, 35270 MiB, 36.14 W
2026/09/20 06:18:10.852, 1, 0 %, 0 %, 35270 MiB, 35.33 W
2026/09/20 06:18:10.852, 2, 0 %, 0 %, 35271 MiB, 36.57 W
2026/09/20 06:18:15.852, 0, 0 %, 0 %, 35270 MiB, 57.72 W
2026/09/20 06:18:15.853, 1, 24 %, 2 %, 35270 MiB, 54.72 W
2026/09/20 06:18:15.853, 2, 0 %, 0 %, 35271 MiB, 57.63 W
2026/09/20 06:18:20.854, 0, 0 %, 0 %, 35270 MiB, 36.35 W
2026/09/20 06:18:20.854, 1, 0 %, 0 %, 35270 MiB, 35.33 W
2026/09/20 06:18:20.854, 2, 0 %, 0 %, 35271 MiB, 36.70 W
2026/09/20 06:18:25.856, 0, 0 %, 0 %, 35270 MiB, 36.25 W
2026/09/20 06:18:25.856, 1, 0 %, 0 %, 35270 MiB, 35.33 W
2026/09/20 06:18:25.856, 2, 0 %, 0 %, 35271 MiB, 36.77 W
2026/09/20 06:18:30.857, 0, 0 %, 0 %, 35270 MiB, 36.16 W
2026/09/20 06:18:30.857, 1, 0 %, 0 %, 35270 MiB, 35.44 W
2026/09/20 06:18:30.857, 2, 0 %, 0 %, 35271 MiB, 36.80 W
2026/09/20 06:18:35.857, 0, 0 %, 0 %, 35270 MiB, 36.06 W
2026/09/20 06:18:35.858, 1, 0 %, 0 %, 35270 MiB, 35.52 W
2026/09/20 06:18:35.858, 2, 0 %, 0 %, 35271 MiB, 36.69 W
2026/09/20 06:18:40.859, 0, 0 %, 0 %, 35270 MiB, 36.03 W
2026/09/20 06:18:40.859, 1, 0 %, 0 %, 35270 MiB, 35.41 W
2026/09/20 06:18:40.859, 2, 0 %, 0 %, 35271 MiB, 36.65 W
2026/09/20 06:18:45.860, 0, 0 %, 0 %, 35270 MiB, 36.02 W
2026/09/20 06:18:45.860, 1, 0 %, 0 %, 35270 MiB, 35.40 W
2026/09/20 06:18:45.860, 2, 0 %, 0 %, 35271 MiB, 36.75 W
2026/09/20 06:18:50.861, 0, 0 %, 0 %, 35270 MiB, 36.01 W
2026/09/20 06:18:50.861, 1, 0 %, 0 %, 35270 MiB, 35.39 W
2026/09/20 06:18:50.862, 2, 0 %, 0 %, 35271 MiB, 36.75 W
2026/09/20 06:18:55.863, 0, 0 %, 0 %, 35270 MiB, 36.32 W
2026/09/20 06:18:55.863, 1, 0 %, 0 %, 35270 MiB, 35.60 W
2026/09/20 06:18:55.863, 2, 0 %, 0 %, 35271 MiB, 36.76 W
2026/09/20 06:19:00.864, 0, 0 %, 0 %, 35270 MiB, 36.11 W
2026/09/20 06:19:00.864, 1, 0 %, 0 %, 35270 MiB, 35.39 W
2026/09/20 06:19:00.864, 2, 0 %, 0 %, 35271 MiB, 36.65 W
2026/09/20 06:19:05.866, 0, 0 %, 0 %, 35270 MiB, 36.02 W
2026/09/20 06:19:05.866, 1, 0 %, 0 %, 35270 MiB, 35.41 W
2026/09/20 06:19:05.866, 2, 0 %, 0 %, 35271 MiB, 36.76 W
2026/09/20 06:19:10.867, 0, 0 %, 0 %, 35270 MiB, 36.12 W
2026/09/20 06:19:10.867, 1, 0 %, 0 %, 35270 MiB, 35.31 W
2026/09/20 06:19:10.867, 2, 0 %, 0 %, 35271 MiB, 36.57 W
2026/09/20 06:19:15.869, 0, 0 %, 0 %, 35270 MiB, 36.23 W
2026/09/20 06:19:15.869, 1, 0 %, 0 %, 35270 MiB, 35.42 W
2026/09/20 06:19:15.869, 2, 0 %, 0 %, 35271 MiB, 36.57 W
2026/09/20 06:19:20.870, 0, 0 %, 0 %, 35270 MiB, 36.11 W
2026/09/20 06:19:20.870, 1, 0 %, 0 %, 35270 MiB, 35.29 W
2026/09/20 06:19:20.870, 2, 0 %, 0 %, 35271 MiB, 36.65 W
2026/09/20 06:19:25.872, 0, 0 %, 0 %, 35270 MiB, 36.11 W
2026/09/20 06:19:25.872, 1, 0 %, 0 %, 35270 MiB, 35.30 W
2026/09/20 06:19:25.872, 2, 0 %, 0 %, 35271 MiB, 36.54 W
2026/09/20 06:19:30.874, 0, 0 %, 0 %, 35270 MiB, 36.11 W
2026/09/20 06:19:30.874, 1, 0 %, 0 %, 35270 MiB, 35.21 W
2026/09/20 06:19:30.874, 2, 0 %, 0 %, 35271 MiB, 36.54 W
2026/09/20 06:19:35.875, 0, 0 %, 0 %, 35270 MiB, 36.31 W
2026/09/20 06:19:35.875, 1, 0 %, 0 %, 35270 MiB, 35.31 W
2026/09/20 06:19:35.875, 2, 0 %, 0 %, 35271 MiB, 36.54 W
2026/09/20 06:19:40.877, 0, 0 %, 0 %, 35270 MiB, 36.02 W
2026/09/20 06:19:40.877, 1, 0 %, 0 %, 35270 MiB, 35.30 W
2026/09/20 06:19:40.877, 2, 0 %, 0 %, 35271 MiB, 36.85 W
2026/09/20 06:19:45.878, 0, 0 %, 0 %, 35270 MiB, 35.92 W
2026/09/20 06:19:45.878, 1, 0 %, 0 %, 35270 MiB, 35.29 W
2026/09/20 06:19:45.878, 2, 0 %, 0 %, 35271 MiB, 36.64 W
2026/09/20 06:19:50.880, 0, 0 %, 0 %, 35270 MiB, 36.31 W
2026/09/20 06:19:50.880, 1, 0 %, 0 %, 35270 MiB, 35.59 W
2026/09/20 06:19:50.880, 2, 0 %, 0 %, 35271 MiB, 36.64 W
2026/09/20 06:19:55.882, 0, 0 %, 0 %, 35270 MiB, 36.01 W
2026/09/20 06:19:55.882, 1, 0 %, 0 %, 35270 MiB, 35.29 W
2026/09/20 06:19:55.882, 2, 0 %, 0 %, 35271 MiB, 36.54 W
2026/09/20 06:20:00.884, 0, 0 %, 0 %, 35270 MiB, 36.02 W
2026/09/20 06:20:00.884, 1, 0 %, 0 %, 35270 MiB, 35.40 W
2026/09/20 06:20:00.884, 2, 0 %, 0 %, 35271 MiB, 36.85 W
2026/09/20 06:20:05.885, 0, 0 %, 0 %, 35270 MiB, 36.04 W
2026/09/20 06:20:05.885, 1, 0 %, 0 %, 35270 MiB, 35.41 W
2026/09/20 06:20:05.885, 2, 0 %, 0 %, 35271 MiB, 36.66 W
2026/09/20 06:20:10.887, 0, 0 %, 0 %, 35270 MiB, 36.21 W
2026/09/20 06:20:10.887, 1, 0 %, 0 %, 35270 MiB, 35.49 W
2026/09/20 06:20:10.887, 2, 0 %, 0 %, 35271 MiB, 36.75 W
2026/09/20 06:20:15.888, 0, 0 %, 0 %, 35270 MiB, 36.70 W
2026/09/20 06:20:15.888, 1, 0 %, 0 %, 35270 MiB, 35.98 W
2026/09/20 06:20:15.888, 2, 0 %, 0 %, 35271 MiB, 36.76 W
2026/09/20 06:20:20.889, 0, 0 %, 0 %, 35270 MiB, 36.11 W
2026/09/20 06:20:20.889, 1, 0 %, 0 %, 35270 MiB, 35.39 W
2026/09/20 06:20:20.889, 2, 0 %, 0 %, 35271 MiB, 36.65 W
2026/09/20 06:20:25.891, 0, 0 %, 0 %, 35270 MiB, 36.13 W
2026/09/20 06:20:25.891, 1, 0 %, 0 %, 35270 MiB, 35.32 W
2026/09/20 06:20:25.891, 2, 0 %, 0 %, 35271 MiB, 36.57 W
2026/09/20 06:20:30.893, 0, 0 %, 0 %, 35270 MiB, 36.21 W
2026/09/20 06:20:30.893, 1, 0 %, 0 %, 35270 MiB, 35.40 W
2026/09/20 06:20:30.893, 2, 0 %, 0 %, 35271 MiB, 36.57 W
2026/09/20 06:20:35.895, 0, 0 %, 0 %, 35270 MiB, 36.12 W
2026/09/20 06:20:35.895, 1, 0 %, 0 %, 35270 MiB, 35.31 W
2026/09/20 06:20:35.895, 2, 0 %, 0 %, 35271 MiB, 36.57 W
2026/09/20 06:20:40.897, 0, 0 %, 0 %, 35270 MiB, 36.13 W
2026/09/20 06:20:40.897, 1, 0 %, 0 %, 35270 MiB, 35.23 W
2026/09/20 06:20:40.897, 2, 0 %, 0 %, 35271 MiB, 36.68 W
2026/09/20 06:20:45.898, 0, 0 %, 0 %, 35270 MiB, 36.13 W
2026/09/20 06:20:45.898, 1, 0 %, 0 %, 35270 MiB, 35.32 W
2026/09/20 06:20:45.898, 2, 0 %, 0 %, 35271 MiB, 36.57 W
2026/09/20 06:20:50.899, 0, 0 %, 0 %, 35270 MiB, 36.04 W
2026/09/20 06:20:50.899, 1, 0 %, 0 %, 35270 MiB, 35.33 W
2026/09/20 06:20:50.899, 2, 0 %, 0 %, 35271 MiB, 36.57 W
2026/09/20 06:20:55.899, 0, 0 %, 0 %, 35270 MiB, 36.05 W
2026/09/20 06:20:55.899, 1, 0 %, 0 %, 35270 MiB, 35.43 W
2026/09/20 06:20:55.900, 2, 0 %, 0 %, 35271 MiB, 36.57 W
2026/09/20 06:21:00.900, 0, 0 %, 0 %, 35270 MiB, 35.94 W
2026/09/20 06:21:00.901, 1, 0 %, 0 %, 35270 MiB, 35.33 W
2026/09/20 06:21:00.901, 2, 0 %, 0 %, 35271 MiB, 36.77 W
2026/09/20 06:21:05.901, 0, 0 %, 0 %, 35270 MiB, 36.26 W
2026/09/20 06:21:05.901, 1, 0 %, 0 %, 35270 MiB, 35.53 W
2026/09/20 06:21:05.901, 2, 0 %, 0 %, 35271 MiB, 36.70 W
2026/09/20 06:21:10.903, 0, 0 %, 0 %, 35270 MiB, 35.96 W
2026/09/20 06:21:10.904, 1, 0 %, 0 %, 35270 MiB, 35.33 W
2026/09/20 06:21:10.904, 2, 0 %, 0 %, 35271 MiB, 36.69 W
2026/09/20 06:21:15.904, 0, 88 %, 16 %, 35270 MiB, 135.07 W
2026/09/20 06:21:15.904, 1, 100 %, 16 %, 35270 MiB, 178.29 W
2026/09/20 06:21:15.904, 2, 55 %, 6 %, 35271 MiB, 122.38 W
2026/09/20 06:21:20.905, 0, 0 %, 0 %, 35270 MiB, 36.14 W
2026/09/20 06:21:20.905, 1, 0 %, 0 %, 35270 MiB, 35.53 W
2026/09/20 06:21:20.905, 2, 0 %, 0 %, 35271 MiB, 36.97 W
2026/09/20 06:21:25.905, 0, 0 %, 0 %, 35270 MiB, 36.45 W
2026/09/20 06:21:25.906, 1, 0 %, 0 %, 35270 MiB, 35.62 W
2026/09/20 06:21:25.906, 2, 0 %, 0 %, 35271 MiB, 36.68 W
2026/09/20 06:21:30.906, 0, 0 %, 0 %, 35270 MiB, 36.16 W
2026/09/20 06:21:30.906, 1, 0 %, 0 %, 35270 MiB, 35.33 W
2026/09/20 06:21:30.906, 2, 0 %, 0 %, 35271 MiB, 36.57 W
2026/09/20 06:21:35.911, 0, 0 %, 0 %, 35270 MiB, 36.74 W
2026/09/20 06:21:35.911, 1, 0 %, 0 %, 35270 MiB, 35.92 W
2026/09/20 06:21:35.911, 2, 0 %, 0 %, 35271 MiB, 36.68 W
2026/09/20 06:21:40.913, 0, 0 %, 0 %, 35270 MiB, 36.16 W
2026/09/20 06:21:40.913, 1, 0 %, 0 %, 35270 MiB, 35.33 W
2026/09/20 06:21:40.913, 2, 0 %, 0 %, 35271 MiB, 36.59 W
2026/09/20 06:21:45.914, 0, 0 %, 0 %, 35270 MiB, 36.33 W
2026/09/20 06:21:45.914, 1, 0 %, 0 %, 35270 MiB, 35.42 W
2026/09/20 06:21:45.914, 2, 0 %, 0 %, 35271 MiB, 36.57 W
2026/09/20 06:21:50.915, 0, 0 %, 0 %, 35270 MiB, 36.21 W
2026/09/20 06:21:50.915, 1, 0 %, 0 %, 35270 MiB, 35.39 W
2026/09/20 06:21:50.916, 2, 0 %, 0 %, 35271 MiB, 36.64 W
2026/09/20 06:21:55.917, 0, 0 %, 0 %, 35270 MiB, 36.02 W
2026/09/20 06:21:55.917, 1, 0 %, 0 %, 35270 MiB, 35.30 W
2026/09/20 06:21:55.917, 2, 0 %, 0 %, 35271 MiB, 36.85 W
2026/09/20 06:22:00.918, 0, 0 %, 0 %, 35270 MiB, 36.01 W
2026/09/20 06:22:00.918, 1, 0 %, 0 %, 35270 MiB, 35.29 W
2026/09/20 06:22:00.918, 2, 0 %, 0 %, 35271 MiB, 36.64 W
2026/09/20 06:22:05.920, 0, 0 %, 0 %, 35270 MiB, 36.01 W
2026/09/20 06:22:05.920, 1, 0 %, 0 %, 35270 MiB, 35.40 W
2026/09/20 06:22:05.920, 2, 0 %, 0 %, 35271 MiB, 36.64 W
2026/09/20 06:22:10.921, 0, 0 %, 0 %, 35270 MiB, 36.01 W
2026/09/20 06:22:10.921, 1, 0 %, 0 %, 35270 MiB, 35.49 W
2026/09/20 06:22:10.921, 2, 0 %, 0 %, 35271 MiB, 36.65 W
2026/09/20 06:22:15.922, 0, 0 %, 0 %, 35270 MiB, 36.10 W
2026/09/20 06:22:15.922, 1, 0 %, 0 %, 35270 MiB, 35.29 W
2026/09/20 06:22:15.922, 2, 0 %, 0 %, 35271 MiB, 36.85 W
2026/09/20 06:22:20.924, 0, 0 %, 0 %, 35270 MiB, 36.22 W
2026/09/20 06:22:20.924, 1, 0 %, 0 %, 35270 MiB, 35.50 W
2026/09/20 06:22:20.924, 2, 0 %, 0 %, 35271 MiB, 36.64 W
2026/09/20 06:22:25.925, 0, 0 %, 0 %, 35270 MiB, 36.12 W
2026/09/20 06:22:25.925, 1, 0 %, 0 %, 35270 MiB, 35.51 W
2026/09/20 06:22:25.925, 2, 0 %, 0 %, 35271 MiB, 36.76 W
2026/09/20 06:22:30.927, 0, 0 %, 0 %, 35270 MiB, 36.12 W
2026/09/20 06:22:30.927, 1, 0 %, 0 %, 35270 MiB, 35.50 W
2026/09/20 06:22:30.927, 2, 0 %, 0 %, 35271 MiB, 36.64 W
2026/09/20 06:22:35.928, 0, 0 %, 0 %, 35270 MiB, 36.11 W
2026/09/20 06:22:35.928, 1, 0 %, 0 %, 35270 MiB, 35.50 W
2026/09/20 06:22:35.928, 2, 0 %, 0 %, 35271 MiB, 36.64 W
2026/09/20 06:22:40.935, 0, 0 %, 0 %, 35270 MiB, 36.21 W
2026/09/20 06:22:40.935, 1, 0 %, 0 %, 35270 MiB, 35.50 W
2026/09/20 06:22:40.935, 2, 0 %, 0 %, 35271 MiB, 36.54 W
2026/09/20 06:22:45.937, 0, 0 %, 0 %, 35270 MiB, 36.12 W
2026/09/20 06:22:45.937, 1, 0 %, 0 %, 35270 MiB, 35.30 W
2026/09/20 06:22:45.937, 2, 0 %, 0 %, 35271 MiB, 36.55 W
2026/09/20 06:22:50.945, 0, 0 %, 0 %, 35270 MiB, 36.11 W
2026/09/20 06:22:50.945, 1, 0 %, 0 %, 35270 MiB, 35.21 W
2026/09/20 06:22:50.945, 2, 0 %, 0 %, 35271 MiB, 36.44 W
2026/09/20 06:22:55.952, 0, 0 %, 0 %, 35270 MiB, 36.12 W
2026/09/20 06:22:55.952, 1, 0 %, 0 %, 35270 MiB, 35.30 W
2026/09/20 06:22:55.952, 2, 0 %, 0 %, 35271 MiB, 36.56 W
2026/09/20 06:23:00.953, 0, 0 %, 0 %, 35270 MiB, 36.31 W
2026/09/20 06:23:00.953, 1, 0 %, 0 %, 35270 MiB, 35.50 W
2026/09/20 06:23:00.953, 2, 0 %, 0 %, 35271 MiB, 36.44 W
2026/09/20 06:23:05.958, 0, 0 %, 0 %, 35270 MiB, 36.01 W
2026/09/20 06:23:05.958, 1, 0 %, 0 %, 35270 MiB, 35.30 W
2026/09/20 06:23:05.958, 2, 0 %, 0 %, 35271 MiB, 36.54 W
2026/09/20 06:23:10.960, 0, 0 %, 0 %, 35270 MiB, 36.03 W
2026/09/20 06:23:10.960, 1, 0 %, 0 %, 35270 MiB, 35.41 W
2026/09/20 06:23:10.960, 2, 0 %, 0 %, 35271 MiB, 36.54 W
2026/09/20 06:23:15.962, 0, 0 %, 0 %, 35270 MiB, 36.01 W
2026/09/20 06:23:15.962, 1, 0 %, 0 %, 35270 MiB, 35.30 W
2026/09/20 06:23:15.962, 2, 0 %, 0 %, 35271 MiB, 36.64 W
2026/09/20 06:23:20.966, 0, 0 %, 0 %, 35270 MiB, 36.03 W
2026/09/20 06:23:20.966, 1, 0 %, 0 %, 35270 MiB, 35.51 W
2026/09/20 06:23:20.966, 2, 0 %, 0 %, 35271 MiB, 36.68 W
2026/09/20 06:23:25.967, 0, 0 %, 0 %, 35270 MiB, 36.01 W
2026/09/20 06:23:25.967, 1, 0 %, 0 %, 35270 MiB, 35.39 W
2026/09/20 06:23:25.967, 2, 0 %, 0 %, 35271 MiB, 36.54 W
2026/09/20 06:23:30.969, 0, 0 %, 0 %, 35270 MiB, 36.04 W
2026/09/20 06:23:30.969, 1, 0 %, 0 %, 35270 MiB, 35.32 W
2026/09/20 06:23:30.969, 2, 0 %, 0 %, 35271 MiB, 36.87 W
2026/09/20 06:23:35.971, 0, 0 %, 0 %, 35270 MiB, 36.23 W
2026/09/20 06:23:35.971, 1, 5 %, 0 %, 35270 MiB, 35.41 W
2026/09/20 06:23:35.971, 2, 0 %, 0 %, 35271 MiB, 36.66 W
2026/09/20 06:23:40.973, 0, 0 %, 0 %, 35270 MiB, 36.13 W
2026/09/20 06:23:40.973, 1, 0 %, 0 %, 35270 MiB, 35.51 W
2026/09/20 06:23:40.973, 2, 0 %, 0 %, 35271 MiB, 36.46 W
2026/09/20 06:23:45.974, 0, 0 %, 0 %, 35270 MiB, 36.04 W
2026/09/20 06:23:45.975, 1, 0 %, 0 %, 35270 MiB, 35.22 W
2026/09/20 06:23:45.975, 2, 0 %, 0 %, 35271 MiB, 36.57 W
2026/09/20 06:23:50.975, 0, 0 %, 0 %, 35270 MiB, 36.16 W
2026/09/20 06:23:50.975, 1, 0 %, 0 %, 35270 MiB, 35.23 W
2026/09/20 06:23:50.976, 2, 0 %, 0 %, 35271 MiB, 36.48 W
2026/09/20 06:23:55.976, 0, 0 %, 0 %, 35270 MiB, 36.25 W
2026/09/20 06:23:55.976, 1, 0 %, 0 %, 35270 MiB, 35.23 W
2026/09/20 06:23:55.976, 2, 0 %, 0 %, 35271 MiB, 36.57 W
2026/09/20 06:24:00.976, 0, 0 %, 0 %, 35270 MiB, 36.16 W
2026/09/20 06:24:00.977, 1, 0 %, 0 %, 35270 MiB, 35.34 W
2026/09/20 06:24:00.977, 2, 0 %, 0 %, 35271 MiB, 36.58 W
2026/09/20 06:24:05.977, 0, 0 %, 0 %, 35270 MiB, 36.34 W
2026/09/20 06:24:05.978, 1, 0 %, 0 %, 35270 MiB, 35.53 W
2026/09/20 06:24:05.978, 2, 0 %, 0 %, 35271 MiB, 36.77 W
2026/09/20 06:24:10.978, 0, 0 %, 0 %, 35270 MiB, 36.25 W
2026/09/20 06:24:10.979, 1, 0 %, 0 %, 35270 MiB, 35.63 W
2026/09/20 06:24:10.979, 2, 0 %, 0 %, 35271 MiB, 36.79 W
2026/09/20 06:24:15.979, 0, 0 %, 0 %, 35270 MiB, 36.06 W
2026/09/20 06:24:15.979, 1, 0 %, 0 %, 35270 MiB, 35.43 W
2026/09/20 06:24:15.979, 2, 0 %, 0 %, 35271 MiB, 36.69 W
2026/09/20 06:24:20.980, 0, 0 %, 0 %, 35270 MiB, 36.03 W
2026/09/20 06:24:20.980, 1, 0 %, 0 %, 35270 MiB, 35.42 W
2026/09/20 06:24:20.980, 2, 0 %, 0 %, 35271 MiB, 36.77 W
2026/09/20 06:24:25.981, 0, 0 %, 0 %, 35270 MiB, 36.16 W
2026/09/20 06:24:25.981, 1, 0 %, 0 %, 35270 MiB, 35.33 W
2026/09/20 06:24:25.981, 2, 0 %, 0 %, 35271 MiB, 36.69 W
2026/09/20 06:24:30.983, 0, 0 %, 0 %, 35270 MiB, 36.32 W
2026/09/20 06:24:30.983, 1, 0 %, 0 %, 35270 MiB, 35.41 W
2026/09/20 06:24:30.983, 2, 0 %, 0 %, 35271 MiB, 36.85 W
2026/09/20 06:24:35.984, 0, 0 %, 0 %, 35270 MiB, 36.04 W
2026/09/20 06:24:35.984, 1, 0 %, 0 %, 35270 MiB, 35.40 W
2026/09/20 06:24:35.984, 2, 0 %, 0 %, 35271 MiB, 36.74 W
2026/09/20 06:24:40.985, 0, 0 %, 0 %, 35270 MiB, 36.11 W
2026/09/20 06:24:40.985, 1, 0 %, 0 %, 35270 MiB, 35.50 W
2026/09/20 06:24:40.985, 2, 0 %, 0 %, 35271 MiB, 36.75 W
2026/09/20 06:24:45.986, 0, 0 %, 0 %, 35270 MiB, 36.11 W
2026/09/20 06:24:45.986, 1, 0 %, 0 %, 35270 MiB, 35.50 W
2026/09/20 06:24:45.986, 2, 0 %, 0 %, 35271 MiB, 36.54 W
2026/09/20 06:24:50.988, 0, 0 %, 0 %, 35270 MiB, 36.22 W
2026/09/20 06:24:50.988, 1, 0 %, 0 %, 35270 MiB, 35.31 W
2026/09/20 06:24:50.988, 2, 0 %, 0 %, 35271 MiB, 36.55 W
2026/09/20 06:24:55.990, 0, 0 %, 0 %, 35270 MiB, 36.12 W
2026/09/20 06:24:55.990, 1, 0 %, 0 %, 35270 MiB, 35.30 W
2026/09/20 06:24:55.990, 2, 0 %, 0 %, 35271 MiB, 36.65 W
2026/09/20 06:25:00.992, 0, 0 %, 0 %, 35270 MiB, 36.11 W
2026/09/20 06:25:00.992, 1, 0 %, 0 %, 35270 MiB, 35.30 W
2026/09/20 06:25:00.992, 2, 0 %, 0 %, 35271 MiB, 36.54 W
2026/09/20 06:25:05.993, 0, 0 %, 0 %, 35270 MiB, 36.13 W
2026/09/20 06:25:05.993, 1, 0 %, 0 %, 35270 MiB, 35.30 W
2026/09/20 06:25:05.993, 2, 0 %, 0 %, 35271 MiB, 36.55 W
2026/09/20 06:25:10.995, 0, 0 %, 0 %, 35270 MiB, 36.22 W
2026/09/20 06:25:10.995, 1, 0 %, 0 %, 35270 MiB, 35.51 W
2026/09/20 06:25:10.995, 2, 0 %, 0 %, 35271 MiB, 36.77 W
2026/09/20 06:25:15.997, 0, 0 %, 0 %, 35270 MiB, 36.11 W
2026/09/20 06:25:15.997, 1, 0 %, 0 %, 35270 MiB, 35.40 W
2026/09/20 06:25:15.997, 2, 0 %, 0 %, 35271 MiB, 36.54 W
2026/09/20 06:25:20.999, 0, 0 %, 0 %, 35270 MiB, 36.01 W
2026/09/20 06:25:20.999, 1, 0 %, 0 %, 35270 MiB, 35.30 W
2026/09/20 06:25:20.999, 2, 0 %, 0 %, 35271 MiB, 36.54 W
2026/09/20 06:25:26.001, 0, 0 %, 0 %, 35270 MiB, 36.03 W
2026/09/20 06:25:26.001, 1, 0 %, 0 %, 35270 MiB, 35.31 W
2026/09/20 06:25:26.001, 2, 0 %, 0 %, 35271 MiB, 36.64 W
2026/09/20 06:25:31.003, 0, 0 %, 0 %, 35270 MiB, 36.04 W
2026/09/20 06:25:31.003, 1, 0 %, 0 %, 35270 MiB, 35.51 W
2026/09/20 06:25:31.003, 2, 0 %, 0 %, 35271 MiB, 36.66 W
2026/09/20 06:25:36.005, 0, 0 %, 0 %, 35270 MiB, 36.01 W
2026/09/20 06:25:36.005, 1, 0 %, 0 %, 35270 MiB, 35.40 W
2026/09/20 06:25:36.005, 2, 0 %, 0 %, 35271 MiB, 36.65 W
2026/09/20 06:25:41.007, 0, 0 %, 0 %, 35270 MiB, 36.04 W
2026/09/20 06:25:41.007, 1, 0 %, 0 %, 35270 MiB, 35.32 W
2026/09/20 06:25:41.007, 2, 0 %, 0 %, 35271 MiB, 36.65 W
2026/09/20 06:25:46.009, 0, 0 %, 0 %, 35270 MiB, 36.11 W
2026/09/20 06:25:46.009, 1, 0 %, 0 %, 35270 MiB, 35.30 W
2026/09/20 06:25:46.009, 2, 0 %, 0 %, 35271 MiB, 36.64 W
2026/09/20 06:25:51.011, 0, 0 %, 0 %, 35270 MiB, 36.11 W
2026/09/20 06:25:51.011, 1, 0 %, 0 %, 35270 MiB, 35.40 W
2026/09/20 06:25:51.011, 2, 0 %, 0 %, 35271 MiB, 36.75 W
2026/09/20 06:25:56.013, 0, 0 %, 0 %, 35270 MiB, 36.11 W
2026/09/20 06:25:56.013, 1, 0 %, 0 %, 35270 MiB, 35.29 W
2026/09/20 06:25:56.013, 2, 0 %, 0 %, 35271 MiB, 36.54 W
2026/09/20 06:26:01.015, 0, 0 %, 0 %, 35270 MiB, 36.31 W
2026/09/20 06:26:01.015, 1, 0 %, 0 %, 35270 MiB, 35.21 W
2026/09/20 06:26:01.015, 2, 0 %, 0 %, 35271 MiB, 36.54 W
2026/09/20 06:26:06.017, 0, 0 %, 0 %, 35270 MiB, 36.21 W
2026/09/20 06:26:06.017, 1, 0 %, 0 %, 35270 MiB, 35.50 W
2026/09/20 06:26:06.017, 2, 0 %, 0 %, 35271 MiB, 36.76 W
2026/09/20 06:26:11.019, 0, 0 %, 0 %, 35270 MiB, 36.13 W
2026/09/20 06:26:11.019, 1, 0 %, 0 %, 35270 MiB, 35.32 W
2026/09/20 06:26:11.019, 2, 0 %, 0 %, 35271 MiB, 36.57 W
2026/09/20 06:26:16.020, 0, 0 %, 0 %, 35270 MiB, 36.12 W
2026/09/20 06:26:16.020, 1, 0 %, 0 %, 35270 MiB, 35.20 W
2026/09/20 06:26:16.020, 2, 0 %, 0 %, 35271 MiB, 36.57 W
2026/09/20 06:26:21.021, 0, 0 %, 0 %, 35270 MiB, 36.13 W
2026/09/20 06:26:21.021, 1, 0 %, 0 %, 35270 MiB, 35.32 W
2026/09/20 06:26:21.021, 2, 0 %, 0 %, 35271 MiB, 36.57 W
2026/09/20 06:26:26.027, 0, 0 %, 0 %, 35270 MiB, 36.04 W
2026/09/20 06:26:26.027, 1, 0 %, 0 %, 35270 MiB, 35.32 W
2026/09/20 06:26:26.027, 2, 0 %, 0 %, 35271 MiB, 36.77 W
2026/09/20 06:26:31.030, 0, 5 %, 0 %, 35270 MiB, 36.05 W
2026/09/20 06:26:31.030, 1, 0 %, 0 %, 35270 MiB, 35.42 W
2026/09/20 06:26:31.030, 2, 0 %, 0 %, 35271 MiB, 36.68 W
2026/09/20 06:26:36.031, 0, 0 %, 0 %, 35270 MiB, 36.06 W
2026/09/20 06:26:36.031, 1, 0 %, 0 %, 35270 MiB, 35.33 W
2026/09/20 06:26:36.032, 2, 0 %, 0 %, 35271 MiB, 36.58 W
2026/09/20 06:26:41.032, 0, 0 %, 0 %, 35270 MiB, 35.95 W
2026/09/20 06:26:41.033, 1, 0 %, 0 %, 35270 MiB, 35.33 W
2026/09/20 06:26:41.033, 2, 0 %, 0 %, 35271 MiB, 36.57 W
2026/09/20 06:26:46.033, 0, 0 %, 0 %, 35270 MiB, 36.14 W
2026/09/20 06:26:46.033, 1, 0 %, 0 %, 35270 MiB, 35.42 W
2026/09/20 06:26:46.033, 2, 0 %, 0 %, 35271 MiB, 36.77 W
2026/09/20 06:26:51.034, 0, 0 %, 0 %, 35270 MiB, 36.06 W
2026/09/20 06:26:51.034, 1, 0 %, 0 %, 35270 MiB, 35.43 W
2026/09/20 06:26:51.034, 2, 0 %, 0 %, 35271 MiB, 36.79 W
2026/09/20 06:26:56.034, 0, 0 %, 0 %, 35270 MiB, 36.06 W
2026/09/20 06:26:56.035, 1, 5 %, 0 %, 35270 MiB, 35.54 W
2026/09/20 06:26:56.035, 2, 0 %, 0 %, 35271 MiB, 36.69 W
2026/09/20 06:27:01.035, 0, 100 %, 15 %, 35270 MiB, 153.07 W
2026/09/20 06:27:01.035, 1, 100 %, 14 %, 35270 MiB, 81.65 W
2026/09/20 06:27:01.035, 2, 100 %, 6 %, 35271 MiB, 89.18 W
2026/09/20 06:27:06.035, 0, 100 %, 15 %, 35270 MiB, 159.74 W
2026/09/20 06:27:06.036, 1, 100 %, 6 %, 35270 MiB, 86.00 W
2026/09/20 06:27:06.036, 2, 100 %, 16 %, 35271 MiB, 81.79 W
2026/09/20 06:27:11.036, 0, 0 %, 0 %, 35270 MiB, 36.72 W
2026/09/20 06:27:11.036, 1, 0 %, 0 %, 35270 MiB, 35.81 W
2026/09/20 06:27:11.036, 2, 0 %, 0 %, 35271 MiB, 36.87 W
2026/09/20 06:27:16.038, 0, 0 %, 0 %, 35270 MiB, 36.62 W
2026/09/20 06:27:16.038, 1, 0 %, 0 %, 35270 MiB, 35.71 W
2026/09/20 06:27:16.038, 2, 0 %, 0 %, 35271 MiB, 36.87 W
2026/09/20 06:27:21.039, 0, 0 %, 0 %, 35270 MiB, 36.63 W
2026/09/20 06:27:21.039, 1, 0 %, 0 %, 35270 MiB, 35.91 W
2026/09/20 06:27:21.039, 2, 0 %, 0 %, 35271 MiB, 36.68 W
2026/09/20 06:27:26.039, 0, 0 %, 0 %, 35270 MiB, 36.52 W
2026/09/20 06:27:26.040, 1, 0 %, 0 %, 35270 MiB, 35.61 W
2026/09/20 06:27:26.040, 2, 0 %, 0 %, 35271 MiB, 36.77 W
2026/09/20 06:27:31.040, 0, 0 %, 0 %, 35270 MiB, 36.23 W
2026/09/20 06:27:31.040, 1, 0 %, 0 %, 35270 MiB, 35.61 W
2026/09/20 06:27:31.040, 2, 0 %, 0 %, 35271 MiB, 36.66 W
2026/09/20 06:27:36.041, 0, 0 %, 0 %, 35270 MiB, 36.23 W
2026/09/20 06:27:36.041, 1, 0 %, 0 %, 35270 MiB, 35.62 W
2026/09/20 06:27:36.041, 2, 0 %, 0 %, 35271 MiB, 36.57 W
2026/09/20 06:27:41.042, 0, 0 %, 0 %, 35270 MiB, 36.43 W
2026/09/20 06:27:41.042, 1, 0 %, 0 %, 35270 MiB, 35.72 W
2026/09/20 06:27:41.042, 2, 0 %, 0 %, 35271 MiB, 36.77 W
2026/09/20 06:27:46.042, 0, 0 %, 0 %, 35270 MiB, 36.26 W
2026/09/20 06:27:46.042, 1, 0 %, 0 %, 35270 MiB, 35.53 W
2026/09/20 06:27:46.042, 2, 0 %, 0 %, 35271 MiB, 36.79 W
2026/09/20 06:27:51.044, 0, 0 %, 0 %, 35270 MiB, 36.23 W
2026/09/20 06:27:51.044, 1, 0 %, 0 %, 35270 MiB, 35.52 W
2026/09/20 06:27:51.044, 2, 0 %, 0 %, 35271 MiB, 36.66 W
2026/09/20 06:27:56.045, 0, 0 %, 0 %, 35270 MiB, 36.13 W
2026/09/20 06:27:56.045, 1, 0 %, 0 %, 35270 MiB, 35.61 W
2026/09/20 06:27:56.045, 2, 0 %, 0 %, 35271 MiB, 36.66 W
2026/09/20 06:28:01.047, 0, 0 %, 0 %, 35270 MiB, 36.23 W
2026/09/20 06:28:01.047, 1, 0 %, 0 %, 35270 MiB, 35.61 W
2026/09/20 06:28:01.047, 2, 0 %, 0 %, 35271 MiB, 36.77 W
2026/09/20 06:28:06.049, 0, 18 %, 1 %, 35270 MiB, 36.20 W
2026/09/20 06:28:06.049, 1, 0 %, 0 %, 35270 MiB, 35.48 W
2026/09/20 06:28:06.049, 2, 0 %, 0 %, 35271 MiB, 36.64 W
2026/09/20 06:28:11.051, 0, 0 %, 0 %, 35270 MiB, 36.30 W
2026/09/20 06:28:11.051, 1, 0 %, 0 %, 35270 MiB, 35.58 W
2026/09/20 06:28:11.051, 2, 0 %, 0 %, 35271 MiB, 36.44 W
2026/09/20 06:28:16.053, 0, 0 %, 0 %, 35270 MiB, 36.40 W
2026/09/20 06:28:16.053, 1, 0 %, 0 %, 35270 MiB, 35.48 W
2026/09/20 06:28:16.053, 2, 0 %, 0 %, 35271 MiB, 36.42 W
2026/09/20 06:28:21.055, 0, 0 %, 0 %, 35270 MiB, 36.29 W
2026/09/20 06:28:21.055, 1, 0 %, 0 %, 35270 MiB, 35.48 W
2026/09/20 06:28:21.055, 2, 0 %, 0 %, 35271 MiB, 36.53 W
2026/09/20 06:28:26.059, 0, 0 %, 0 %, 35270 MiB, 36.78 W
2026/09/20 06:28:26.059, 1, 0 %, 0 %, 35270 MiB, 35.48 W
2026/09/20 06:28:26.059, 2, 0 %, 0 %, 35271 MiB, 36.54 W
2026/09/20 06:28:31.061, 0, 0 %, 0 %, 35270 MiB, 36.29 W
2026/09/20 06:28:31.061, 1, 0 %, 0 %, 35270 MiB, 35.48 W
2026/09/20 06:28:31.061, 2, 0 %, 0 %, 35271 MiB, 36.43 W
2026/09/20 06:28:36.063, 0, 10 %, 0 %, 35270 MiB, 41.14 W
2026/09/20 06:28:36.063, 1, 0 %, 0 %, 35270 MiB, 35.59 W
2026/09/20 06:28:36.064, 2, 0 %, 0 %, 35271 MiB, 36.44 W
2026/09/20 06:28:41.065, 0, 5 %, 0 %, 35270 MiB, 36.11 W
2026/09/20 06:28:41.066, 1, 0 %, 0 %, 35270 MiB, 35.49 W
2026/09/20 06:28:41.066, 2, 0 %, 0 %, 35271 MiB, 36.43 W
2026/09/20 06:28:46.076, 0, 5 %, 0 %, 35270 MiB, 39.08 W
2026/09/20 06:28:46.076, 1, 0 %, 0 %, 35270 MiB, 35.40 W
2026/09/20 06:28:46.076, 2, 0 %, 0 %, 35271 MiB, 36.54 W
2026/09/20 06:28:51.078, 0, 10 %, 0 %, 35270 MiB, 36.50 W
2026/09/20 06:28:51.078, 1, 0 %, 0 %, 35270 MiB, 35.40 W
2026/09/20 06:28:51.078, 2, 0 %, 0 %, 35271 MiB, 36.43 W
2026/09/20 06:28:56.079, 0, 50 %, 2 %, 35270 MiB, 45.32 W
2026/09/20 06:28:56.080, 1, 0 %, 0 %, 35270 MiB, 35.51 W
2026/09/20 06:28:56.080, 2, 0 %, 0 %, 35271 MiB, 36.77 W
2026/09/20 06:29:01.081, 0, 25 %, 1 %, 35270 MiB, 36.82 W
2026/09/20 06:29:01.081, 1, 0 %, 0 %, 35270 MiB, 35.51 W
2026/09/20 06:29:01.081, 2, 0 %, 0 %, 35271 MiB, 36.57 W
2026/09/20 06:29:06.083, 0, 25 %, 1 %, 35270 MiB, 36.21 W
2026/09/20 06:29:06.083, 1, 0 %, 0 %, 35270 MiB, 35.49 W
2026/09/20 06:29:06.083, 2, 0 %, 0 %, 35271 MiB, 36.54 W
2026/09/20 06:29:11.085, 0, 25 %, 1 %, 35270 MiB, 36.21 W
2026/09/20 06:29:11.085, 1, 0 %, 0 %, 35270 MiB, 35.49 W
2026/09/20 06:29:11.085, 2, 0 %, 0 %, 35271 MiB, 36.54 W
2026/09/20 06:29:16.087, 0, 16 %, 1 %, 35270 MiB, 43.13 W
2026/09/20 06:29:16.087, 1, 0 %, 0 %, 35270 MiB, 35.50 W
2026/09/20 06:29:16.087, 2, 0 %, 0 %, 35271 MiB, 36.57 W
2026/09/20 06:29:21.089, 0, 25 %, 1 %, 35270 MiB, 36.21 W
2026/09/20 06:29:21.089, 1, 0 %, 0 %, 35270 MiB, 35.21 W
2026/09/20 06:29:21.089, 2, 0 %, 0 %, 35271 MiB, 36.44 W
2026/09/20 06:29:26.096, 0, 0 %, 0 %, 35270 MiB, 36.79 W
2026/09/20 06:29:26.097, 1, 0 %, 0 %, 35270 MiB, 35.39 W
2026/09/20 06:29:26.097, 2, 0 %, 0 %, 35271 MiB, 36.33 W
2026/09/20 06:29:31.098, 0, 5 %, 0 %, 35270 MiB, 36.41 W
2026/09/20 06:29:31.098, 1, 0 %, 0 %, 35270 MiB, 35.40 W
2026/09/20 06:29:31.098, 2, 0 %, 0 %, 35271 MiB, 36.34 W
2026/09/20 06:29:36.099, 0, 0 %, 0 %, 35270 MiB, 36.22 W
2026/09/20 06:29:36.100, 1, 0 %, 0 %, 35270 MiB, 35.41 W
2026/09/20 06:29:36.100, 2, 0 %, 0 %, 35271 MiB, 36.56 W
2026/09/20 06:29:41.101, 0, 0 %, 0 %, 35270 MiB, 36.21 W
2026/09/20 06:29:41.101, 1, 0 %, 0 %, 35270 MiB, 35.39 W
2026/09/20 06:29:41.101, 2, 0 %, 0 %, 35271 MiB, 36.33 W
2026/09/20 06:29:46.103, 0, 15 %, 1 %, 35270 MiB, 36.22 W
2026/09/20 06:29:46.103, 1, 0 %, 0 %, 35270 MiB, 35.30 W
2026/09/20 06:29:46.103, 2, 0 %, 0 %, 35271 MiB, 36.34 W
2026/09/20 06:29:51.104, 0, 21 %, 1 %, 35270 MiB, 44.33 W
2026/09/20 06:29:51.104, 1, 0 %, 0 %, 35270 MiB, 35.52 W
2026/09/20 06:29:51.104, 2, 0 %, 0 %, 35271 MiB, 36.77 W
2026/09/20 06:29:56.106, 0, 0 %, 0 %, 35270 MiB, 41.17 W
2026/09/20 06:29:56.106, 1, 0 %, 0 %, 35270 MiB, 35.52 W
2026/09/20 06:29:56.106, 2, 0 %, 0 %, 35271 MiB, 36.46 W
2026/09/20 06:30:01.107, 0, 0 %, 0 %, 35270 MiB, 36.33 W
2026/09/20 06:30:01.107, 1, 0 %, 0 %, 35270 MiB, 35.42 W
2026/09/20 06:30:01.107, 2, 0 %, 0 %, 35271 MiB, 36.47 W
2026/09/20 06:30:06.109, 0, 0 %, 0 %, 35270 MiB, 36.22 W
2026/09/20 06:30:06.109, 1, 0 %, 0 %, 35270 MiB, 35.41 W
2026/09/20 06:30:06.109, 2, 0 %, 0 %, 35271 MiB, 36.56 W
2026/09/20 06:30:11.112, 0, 12 %, 0 %, 35270 MiB, 36.22 W
2026/09/20 06:30:11.112, 1, 0 %, 0 %, 35270 MiB, 35.61 W
2026/09/20 06:30:11.112, 2, 0 %, 0 %, 35271 MiB, 36.66 W
2026/09/20 06:30:16.114, 0, 0 %, 0 %, 35270 MiB, 36.79 W
2026/09/20 06:30:16.114, 1, 0 %, 0 %, 35270 MiB, 35.49 W
2026/09/20 06:30:16.115, 2, 0 %, 0 %, 35271 MiB, 36.54 W
2026/09/20 06:30:21.116, 0, 0 %, 0 %, 35270 MiB, 37.19 W
2026/09/20 06:30:21.116, 1, 0 %, 0 %, 35270 MiB, 35.48 W
2026/09/20 06:30:21.116, 2, 0 %, 0 %, 35271 MiB, 36.43 W
2026/09/20 06:30:26.118, 0, 0 %, 0 %, 35270 MiB, 36.21 W
2026/09/20 06:30:26.118, 1, 0 %, 0 %, 35270 MiB, 35.38 W
2026/09/20 06:30:26.118, 2, 0 %, 0 %, 35271 MiB, 36.33 W
2026/09/20 06:30:31.120, 0, 0 %, 0 %, 35270 MiB, 36.21 W
2026/09/20 06:30:31.120, 1, 0 %, 0 %, 35270 MiB, 35.40 W
2026/09/20 06:30:31.120, 2, 0 %, 0 %, 35271 MiB, 36.43 W
2026/09/20 06:30:36.122, 0, 5 %, 0 %, 35270 MiB, 36.31 W
2026/09/20 06:30:36.122, 1, 0 %, 0 %, 35270 MiB, 35.30 W
2026/09/20 06:30:36.122, 2, 0 %, 0 %, 35271 MiB, 36.43 W
2026/09/20 06:30:41.123, 0, 25 %, 1 %, 35270 MiB, 36.42 W
2026/09/20 06:30:41.123, 1, 0 %, 0 %, 35270 MiB, 35.32 W
2026/09/20 06:30:41.123, 2, 0 %, 0 %, 35271 MiB, 36.36 W
2026/09/20 06:30:46.125, 0, 0 %, 0 %, 35270 MiB, 45.82 W
2026/09/20 06:30:46.125, 1, 0 %, 0 %, 35270 MiB, 35.33 W
2026/09/20 06:30:46.125, 2, 0 %, 0 %, 35271 MiB, 36.47 W
2026/09/20 06:30:51.127, 0, 0 %, 0 %, 35270 MiB, 36.82 W
2026/09/20 06:30:51.127, 1, 0 %, 0 %, 35270 MiB, 35.33 W
2026/09/20 06:30:51.127, 2, 0 %, 0 %, 35271 MiB, 36.47 W
2026/09/20 06:30:56.129, 0, 0 %, 0 %, 35270 MiB, 36.30 W
2026/09/20 06:30:56.130, 1, 0 %, 0 %, 35270 MiB, 35.29 W
2026/09/20 06:30:56.130, 2, 0 %, 0 %, 35271 MiB, 36.44 W
2026/09/20 06:31:01.131, 0, 0 %, 0 %, 35270 MiB, 36.11 W
2026/09/20 06:31:01.131, 1, 0 %, 0 %, 35270 MiB, 35.39 W
2026/09/20 06:31:01.131, 2, 0 %, 0 %, 35271 MiB, 36.54 W
2026/09/20 06:31:06.133, 0, 0 %, 0 %, 35270 MiB, 37.49 W
2026/09/20 06:31:06.134, 1, 0 %, 0 %, 35270 MiB, 35.59 W
2026/09/20 06:31:06.134, 2, 0 %, 0 %, 35271 MiB, 36.75 W
2026/09/20 06:31:11.135, 0, 25 %, 1 %, 35270 MiB, 36.11 W
2026/09/20 06:31:11.136, 1, 0 %, 0 %, 35270 MiB, 35.50 W
2026/09/20 06:31:11.136, 2, 0 %, 0 %, 35271 MiB, 36.54 W
2026/09/20 06:31:16.137, 0, 0 %, 0 %, 35270 MiB, 37.29 W
2026/09/20 06:31:16.137, 1, 0 %, 0 %, 35270 MiB, 35.40 W
2026/09/20 06:31:16.137, 2, 0 %, 0 %, 35271 MiB, 36.57 W
2026/09/20 06:31:21.139, 0, 0 %, 0 %, 35270 MiB, 37.39 W
2026/09/20 06:31:21.140, 1, 0 %, 0 %, 35270 MiB, 35.50 W
2026/09/20 06:31:21.140, 2, 0 %, 0 %, 35271 MiB, 36.54 W
2026/09/20 06:31:26.141, 0, 0 %, 0 %, 35270 MiB, 41.53 W
2026/09/20 06:31:26.142, 1, 0 %, 0 %, 35270 MiB, 35.60 W
2026/09/20 06:31:26.142, 2, 0 %, 0 %, 35271 MiB, 36.75 W
2026/09/20 06:31:31.143, 0, 0 %, 0 %, 35270 MiB, 36.31 W
2026/09/20 06:31:31.143, 1, 0 %, 0 %, 35270 MiB, 35.49 W
2026/09/20 06:31:31.143, 2, 0 %, 0 %, 35271 MiB, 36.43 W
2026/09/20 06:31:36.145, 0, 0 %, 0 %, 35270 MiB, 42.02 W
2026/09/20 06:31:36.145, 1, 0 %, 0 %, 35270 MiB, 35.29 W
2026/09/20 06:31:36.145, 2, 0 %, 0 %, 35271 MiB, 36.43 W
2026/09/20 06:31:41.146, 0, 0 %, 0 %, 35270 MiB, 36.21 W
2026/09/20 06:31:41.147, 1, 0 %, 0 %, 35270 MiB, 35.30 W
2026/09/20 06:31:41.147, 2, 0 %, 0 %, 35271 MiB, 36.44 W
2026/09/20 06:31:46.148, 0, 0 %, 0 %, 35270 MiB, 37.48 W
2026/09/20 06:31:46.148, 1, 0 %, 0 %, 35270 MiB, 35.49 W
2026/09/20 06:31:46.148, 2, 0 %, 0 %, 35271 MiB, 36.54 W
2026/09/20 06:31:51.150, 0, 0 %, 0 %, 35270 MiB, 47.05 W
2026/09/20 06:31:51.150, 1, 0 %, 0 %, 35270 MiB, 35.39 W
2026/09/20 06:31:51.151, 2, 0 %, 0 %, 35271 MiB, 36.43 W
2026/09/20 06:31:56.153, 0, 10 %, 0 %, 35270 MiB, 36.50 W
2026/09/20 06:31:56.153, 1, 0 %, 0 %, 35270 MiB, 35.39 W
2026/09/20 06:31:56.154, 2, 0 %, 0 %, 35271 MiB, 36.44 W
2026/09/20 06:32:01.154, 0, 5 %, 0 %, 35270 MiB, 36.70 W
2026/09/20 06:32:01.155, 1, 0 %, 0 %, 35270 MiB, 35.39 W
2026/09/20 06:32:01.155, 2, 0 %, 0 %, 35271 MiB, 36.75 W
2026/09/20 06:32:06.156, 0, 0 %, 0 %, 35270 MiB, 39.46 W
2026/09/20 06:32:06.156, 1, 0 %, 0 %, 35270 MiB, 35.38 W
2026/09/20 06:32:06.157, 2, 0 %, 0 %, 35271 MiB, 36.54 W
2026/09/20 06:32:11.159, 0, 0 %, 0 %, 35270 MiB, 36.11 W
2026/09/20 06:32:11.159, 1, 0 %, 0 %, 35270 MiB, 35.29 W
2026/09/20 06:32:11.159, 2, 0 %, 0 %, 35271 MiB, 36.54 W
2026/09/20 06:32:16.161, 0, 10 %, 0 %, 35270 MiB, 36.11 W
2026/09/20 06:32:16.161, 1, 0 %, 0 %, 35270 MiB, 35.39 W
2026/09/20 06:32:16.161, 2, 0 %, 0 %, 35271 MiB, 36.54 W
2026/09/20 06:32:21.163, 0, 25 %, 1 %, 35270 MiB, 36.11 W
2026/09/20 06:32:21.163, 1, 0 %, 0 %, 35270 MiB, 35.29 W
2026/09/20 06:32:21.163, 2, 0 %, 0 %, 35271 MiB, 36.75 W
2026/09/20 06:32:26.164, 0, 0 %, 0 %, 35270 MiB, 36.25 W
2026/09/20 06:32:26.164, 1, 0 %, 0 %, 35270 MiB, 35.43 W
2026/09/20 06:32:26.164, 2, 0 %, 0 %, 35271 MiB, 36.57 W
2026/09/20 06:32:31.166, 0, 0 %, 0 %, 35270 MiB, 36.50 W
2026/09/20 06:32:31.166, 1, 0 %, 0 %, 35270 MiB, 35.49 W
2026/09/20 06:32:31.166, 2, 0 %, 0 %, 35271 MiB, 36.65 W
2026/09/20 06:32:36.168, 0, 0 %, 0 %, 35270 MiB, 36.31 W
2026/09/20 06:32:36.168, 1, 0 %, 0 %, 35270 MiB, 35.49 W
2026/09/20 06:32:36.168, 2, 0 %, 0 %, 35271 MiB, 36.54 W
2026/09/20 06:32:41.172, 0, 0 %, 0 %, 35270 MiB, 37.20 W
2026/09/20 06:32:41.172, 1, 0 %, 0 %, 35270 MiB, 35.48 W
2026/09/20 06:32:41.172, 2, 0 %, 0 %, 35271 MiB, 36.53 W
2026/09/20 06:32:46.174, 0, 0 %, 0 %, 35270 MiB, 36.40 W
2026/09/20 06:32:46.174, 1, 0 %, 0 %, 35270 MiB, 35.29 W
2026/09/20 06:32:46.174, 2, 0 %, 0 %, 35271 MiB, 36.44 W
2026/09/20 06:32:51.175, 0, 0 %, 0 %, 35270 MiB, 36.21 W
2026/09/20 06:32:51.176, 1, 0 %, 0 %, 35270 MiB, 35.39 W
2026/09/20 06:32:51.176, 2, 0 %, 0 %, 35271 MiB, 36.44 W
2026/09/20 06:32:56.176, 0, 17 %, 1 %, 35270 MiB, 44.97 W
2026/09/20 06:32:56.176, 1, 0 %, 0 %, 35270 MiB, 35.29 W
2026/09/20 06:32:56.176, 2, 0 %, 0 %, 35271 MiB, 36.64 W
2026/09/20 06:33:01.177, 0, 0 %, 0 %, 35270 MiB, 36.43 W
2026/09/20 06:33:01.177, 1, 0 %, 0 %, 35270 MiB, 35.42 W
2026/09/20 06:33:01.177, 2, 0 %, 0 %, 35271 MiB, 36.57 W
2026/09/20 06:33:06.179, 0, 0 %, 0 %, 35270 MiB, 36.22 W
2026/09/20 06:33:06.179, 1, 0 %, 0 %, 35270 MiB, 35.31 W
2026/09/20 06:33:06.179, 2, 0 %, 0 %, 35271 MiB, 36.57 W
2026/09/20 06:33:11.181, 0, 8 %, 0 %, 35270 MiB, 36.22 W
2026/09/20 06:33:11.181, 1, 0 %, 0 %, 35270 MiB, 35.30 W
2026/09/20 06:33:11.181, 2, 0 %, 0 %, 35271 MiB, 36.54 W
2026/09/20 06:33:16.183, 0, 25 %, 1 %, 35270 MiB, 36.21 W
2026/09/20 06:33:16.183, 1, 0 %, 0 %, 35270 MiB, 35.40 W
2026/09/20 06:33:16.183, 2, 0 %, 0 %, 35271 MiB, 36.85 W
2026/09/20 06:33:21.185, 0, 5 %, 0 %, 35270 MiB, 36.28 W
2026/09/20 06:33:21.185, 1, 0 %, 0 %, 35270 MiB, 35.48 W
2026/09/20 06:33:21.185, 2, 0 %, 0 %, 35271 MiB, 36.62 W
2026/09/20 06:33:26.186, 0, 0 %, 0 %, 35270 MiB, 36.26 W
2026/09/20 06:33:26.187, 1, 0 %, 0 %, 35270 MiB, 35.53 W
2026/09/20 06:33:26.187, 2, 0 %, 0 %, 35271 MiB, 36.70 W
2026/09/20 06:33:31.188, 0, 0 %, 0 %, 35270 MiB, 37.81 W
2026/09/20 06:33:31.188, 1, 0 %, 0 %, 35270 MiB, 35.32 W
2026/09/20 06:33:31.188, 2, 0 %, 0 %, 35271 MiB, 36.68 W
2026/09/20 06:33:36.189, 0, 0 %, 0 %, 35270 MiB, 37.21 W
2026/09/20 06:33:36.190, 1, 0 %, 0 %, 35270 MiB, 35.51 W
2026/09/20 06:33:36.190, 2, 0 %, 0 %, 35271 MiB, 36.76 W
2026/09/20 06:33:41.191, 0, 0 %, 0 %, 35270 MiB, 37.49 W
2026/09/20 06:33:41.191, 1, 0 %, 0 %, 35270 MiB, 35.50 W
2026/09/20 06:33:41.191, 2, 0 %, 0 %, 35271 MiB, 36.76 W
2026/09/20 06:33:46.192, 0, 50 %, 2 %, 35270 MiB, 37.60 W
2026/09/20 06:33:46.193, 1, 0 %, 0 %, 35270 MiB, 35.42 W
2026/09/20 06:33:46.193, 2, 0 %, 0 %, 35271 MiB, 36.46 W
2026/09/20 06:33:51.193, 0, 0 %, 0 %, 35270 MiB, 36.25 W
2026/09/20 06:33:51.193, 1, 0 %, 0 %, 35270 MiB, 35.34 W
2026/09/20 06:33:51.194, 2, 0 %, 0 %, 35271 MiB, 36.47 W
2026/09/20 06:33:56.194, 0, 0 %, 0 %, 35270 MiB, 37.24 W
2026/09/20 06:33:56.195, 1, 0 %, 0 %, 35270 MiB, 35.33 W
2026/09/20 06:33:56.195, 2, 0 %, 0 %, 35271 MiB, 36.58 W
2026/09/20 06:34:01.196, 0, 0 %, 0 %, 35270 MiB, 36.39 W
2026/09/20 06:34:01.196, 1, 0 %, 0 %, 35270 MiB, 35.29 W
2026/09/20 06:34:01.197, 2, 0 %, 0 %, 35271 MiB, 36.54 W
2026/09/20 06:34:06.201, 0, 25 %, 1 %, 35270 MiB, 36.40 W
2026/09/20 06:34:06.201, 1, 0 %, 0 %, 35270 MiB, 35.30 W
2026/09/20 06:34:06.201, 2, 0 %, 0 %, 35271 MiB, 36.54 W
2026/09/20 06:34:11.203, 0, 0 %, 0 %, 35270 MiB, 36.40 W
2026/09/20 06:34:11.203, 1, 0 %, 0 %, 35270 MiB, 35.29 W
2026/09/20 06:34:11.203, 2, 0 %, 0 %, 35271 MiB, 36.65 W
2026/09/20 06:34:16.205, 0, 0 %, 0 %, 35270 MiB, 36.21 W
2026/09/20 06:34:16.205, 1, 0 %, 0 %, 35270 MiB, 35.49 W
2026/09/20 06:34:16.205, 2, 0 %, 0 %, 35271 MiB, 36.54 W
2026/09/20 06:34:21.207, 0, 7 %, 0 %, 35270 MiB, 36.01 W
2026/09/20 06:34:21.207, 1, 0 %, 0 %, 35270 MiB, 35.38 W
2026/09/20 06:34:21.207, 2, 0 %, 0 %, 35271 MiB, 36.53 W
2026/09/20 06:34:26.212, 0, 0 %, 0 %, 35270 MiB, 38.95 W
2026/09/20 06:34:26.212, 1, 0 %, 0 %, 35270 MiB, 35.38 W
2026/09/20 06:34:26.212, 2, 0 %, 0 %, 35271 MiB, 36.53 W
2026/09/20 06:34:31.212, 0, 0 %, 0 %, 35270 MiB, 36.14 W
2026/09/20 06:34:31.212, 1, 0 %, 0 %, 35270 MiB, 35.52 W
2026/09/20 06:34:31.213, 2, 0 %, 0 %, 35271 MiB, 36.77 W
2026/09/20 06:34:36.214, 0, 0 %, 0 %, 35270 MiB, 36.01 W
2026/09/20 06:34:36.214, 1, 0 %, 0 %, 35270 MiB, 35.39 W
2026/09/20 06:34:36.214, 2, 0 %, 0 %, 35271 MiB, 36.65 W
2026/09/20 06:34:41.216, 0, 0 %, 0 %, 35270 MiB, 37.10 W
2026/09/20 06:34:41.216, 1, 0 %, 0 %, 35270 MiB, 35.49 W
2026/09/20 06:34:41.216, 2, 0 %, 0 %, 35271 MiB, 36.65 W
2026/09/20 06:34:46.217, 0, 0 %, 0 %, 35270 MiB, 36.43 W
2026/09/20 06:34:46.218, 1, 0 %, 0 %, 35270 MiB, 35.42 W
2026/09/20 06:34:46.218, 2, 0 %, 0 %, 35271 MiB, 36.68 W
2026/09/20 06:34:51.218, 0, 0 %, 0 %, 35270 MiB, 36.23 W
2026/09/20 06:34:51.218, 1, 0 %, 0 %, 35270 MiB, 35.52 W
2026/09/20 06:34:51.218, 2, 0 %, 0 %, 35271 MiB, 36.57 W
2026/09/20 06:34:56.220, 0, 0 %, 0 %, 35270 MiB, 36.21 W
2026/09/20 06:34:56.220, 1, 0 %, 0 %, 35270 MiB, 35.30 W
2026/09/20 06:34:56.220, 2, 0 %, 0 %, 35271 MiB, 36.44 W
2026/09/20 06:35:01.222, 0, 0 %, 0 %, 35270 MiB, 36.22 W
2026/09/20 06:35:01.223, 1, 0 %, 0 %, 35270 MiB, 35.21 W
2026/09/20 06:35:01.223, 2, 0 %, 0 %, 35271 MiB, 36.44 W
2026/09/20 06:35:06.224, 0, 0 %, 0 %, 35270 MiB, 36.26 W
2026/09/20 06:35:06.224, 1, 0 %, 0 %, 35270 MiB, 35.23 W
2026/09/20 06:35:06.224, 2, 0 %, 0 %, 35271 MiB, 36.69 W
2026/09/20 06:35:11.225, 0, 0 %, 0 %, 35270 MiB, 36.33 W
2026/09/20 06:35:11.225, 1, 0 %, 0 %, 35270 MiB, 35.32 W
2026/09/20 06:35:11.225, 2, 0 %, 0 %, 35271 MiB, 36.57 W
2026/09/20 06:35:16.226, 0, 0 %, 0 %, 35270 MiB, 36.22 W
2026/09/20 06:35:16.227, 1, 0 %, 0 %, 35270 MiB, 35.31 W
2026/09/20 06:35:16.227, 2, 0 %, 0 %, 35271 MiB, 36.44 W
2026/09/20 06:35:21.227, 0, 0 %, 0 %, 35270 MiB, 36.05 W
2026/09/20 06:35:21.227, 1, 0 %, 0 %, 35270 MiB, 35.23 W
2026/09/20 06:35:21.227, 2, 0 %, 0 %, 35271 MiB, 36.57 W
2026/09/20 06:35:26.228, 0, 0 %, 0 %, 35270 MiB, 36.24 W
2026/09/20 06:35:26.228, 1, 0 %, 0 %, 35270 MiB, 35.62 W
2026/09/20 06:35:26.228, 2, 0 %, 0 %, 35271 MiB, 36.87 W
2026/09/20 06:35:31.230, 0, 0 %, 0 %, 35270 MiB, 36.11 W
2026/09/20 06:35:31.230, 1, 0 %, 0 %, 35270 MiB, 35.40 W
2026/09/20 06:35:31.230, 2, 0 %, 0 %, 35271 MiB, 36.54 W
2026/09/20 06:35:36.231, 0, 0 %, 0 %, 35270 MiB, 36.16 W
2026/09/20 06:35:36.231, 1, 0 %, 0 %, 35270 MiB, 35.23 W
2026/09/20 06:35:36.232, 2, 0 %, 0 %, 35271 MiB, 36.59 W
2026/09/20 06:35:41.233, 0, 0 %, 0 %, 35270 MiB, 36.82 W
2026/09/20 06:35:41.233, 1, 0 %, 0 %, 35270 MiB, 35.41 W
2026/09/20 06:35:41.233, 2, 0 %, 0 %, 35271 MiB, 36.57 W
2026/09/20 06:35:46.234, 0, 0 %, 0 %, 35270 MiB, 36.11 W
2026/09/20 06:35:46.234, 1, 0 %, 0 %, 35270 MiB, 35.49 W
2026/09/20 06:35:46.234, 2, 0 %, 0 %, 35271 MiB, 36.65 W
2026/09/20 06:35:51.235, 0, 0 %, 0 %, 35270 MiB, 36.04 W
2026/09/20 06:35:51.236, 1, 24 %, 1 %, 35270 MiB, 35.33 W
2026/09/20 06:35:51.236, 2, 0 %, 0 %, 35271 MiB, 36.68 W
2026/09/20 06:35:56.237, 0, 0 %, 0 %, 35270 MiB, 36.22 W
2026/09/20 06:35:56.237, 1, 0 %, 0 %, 35270 MiB, 35.41 W
2026/09/20 06:35:56.237, 2, 0 %, 0 %, 35271 MiB, 36.56 W
2026/09/20 06:36:01.239, 0, 0 %, 0 %, 35270 MiB, 36.40 W
2026/09/20 06:36:01.239, 1, 0 %, 0 %, 35270 MiB, 35.39 W
2026/09/20 06:36:01.239, 2, 0 %, 0 %, 35271 MiB, 36.65 W
2026/09/20 06:36:06.240, 0, 0 %, 0 %, 35270 MiB, 36.26 W
2026/09/20 06:36:06.240, 1, 0 %, 0 %, 35270 MiB, 35.13 W
2026/09/20 06:36:06.241, 2, 0 %, 0 %, 35271 MiB, 36.48 W
2026/09/20 06:36:11.242, 0, 0 %, 0 %, 35270 MiB, 36.13 W
2026/09/20 06:36:11.242, 1, 0 %, 0 %, 35270 MiB, 35.33 W
2026/09/20 06:36:11.242, 2, 0 %, 0 %, 35271 MiB, 36.57 W
2026/09/20 06:36:16.244, 0, 0 %, 0 %, 35270 MiB, 36.11 W
2026/09/20 06:36:16.244, 1, 0 %, 0 %, 35270 MiB, 35.29 W
2026/09/20 06:36:16.244, 2, 0 %, 0 %, 35271 MiB, 36.54 W
2026/09/20 06:36:21.245, 0, 0 %, 0 %, 35270 MiB, 36.26 W
2026/09/20 06:36:21.245, 1, 0 %, 0 %, 35270 MiB, 35.33 W
2026/09/20 06:36:21.245, 2, 0 %, 0 %, 35271 MiB, 36.70 W
2026/09/20 06:36:26.252, 0, 0 %, 0 %, 35270 MiB, 36.23 W
2026/09/20 06:36:26.252, 1, 0 %, 0 %, 35270 MiB, 35.42 W
2026/09/20 06:36:26.252, 2, 0 %, 0 %, 35271 MiB, 36.56 W
2026/09/20 06:36:31.254, 0, 0 %, 0 %, 35270 MiB, 36.01 W
2026/09/20 06:36:31.254, 1, 0 %, 0 %, 35270 MiB, 35.39 W
2026/09/20 06:36:31.254, 2, 0 %, 0 %, 35271 MiB, 36.54 W
2026/09/20 06:36:36.256, 0, 0 %, 0 %, 35270 MiB, 35.95 W
2026/09/20 06:36:36.256, 1, 0 %, 0 %, 35270 MiB, 35.51 W
2026/09/20 06:36:36.256, 2, 0 %, 0 %, 35271 MiB, 36.46 W
2026/09/20 06:36:41.258, 0, 0 %, 0 %, 35270 MiB, 36.11 W
2026/09/20 06:36:41.258, 1, 0 %, 0 %, 35270 MiB, 35.39 W
2026/09/20 06:36:41.258, 2, 0 %, 0 %, 35271 MiB, 36.65 W
2026/09/20 06:36:46.260, 0, 0 %, 0 %, 35270 MiB, 36.04 W
2026/09/20 06:36:46.260, 1, 24 %, 1 %, 35270 MiB, 35.33 W
2026/09/20 06:36:46.260, 2, 0 %, 0 %, 35271 MiB, 36.57 W
2026/09/20 06:36:51.262, 0, 0 %, 0 %, 35270 MiB, 36.03 W
2026/09/20 06:36:51.262, 1, 0 %, 0 %, 35270 MiB, 35.31 W
2026/09/20 06:36:51.262, 2, 0 %, 0 %, 35271 MiB, 36.56 W
2026/09/20 06:36:56.264, 0, 0 %, 0 %, 35270 MiB, 36.32 W
2026/09/20 06:36:56.264, 1, 0 %, 0 %, 35270 MiB, 35.51 W
2026/09/20 06:36:56.264, 2, 0 %, 0 %, 35271 MiB, 36.96 W
2026/09/20 06:37:01.265, 0, 0 %, 0 %, 35270 MiB, 36.15 W
2026/09/20 06:37:01.265, 1, 0 %, 0 %, 35270 MiB, 35.33 W
2026/09/20 06:37:01.265, 2, 0 %, 0 %, 35271 MiB, 36.57 W
2026/09/20 06:37:06.266, 0, 0 %, 0 %, 35270 MiB, 36.14 W
2026/09/20 06:37:06.266, 1, 0 %, 0 %, 35270 MiB, 35.42 W
2026/09/20 06:37:06.266, 2, 0 %, 0 %, 35271 MiB, 36.46 W
2026/09/20 06:37:11.266, 0, 0 %, 0 %, 35270 MiB, 36.13 W
2026/09/20 06:37:11.266, 1, 0 %, 0 %, 35270 MiB, 35.51 W
2026/09/20 06:37:11.267, 2, 0 %, 0 %, 35271 MiB, 36.44 W
2026/09/20 06:37:16.268, 0, 0 %, 0 %, 35270 MiB, 36.21 W
2026/09/20 06:37:16.268, 1, 0 %, 0 %, 35270 MiB, 35.30 W
2026/09/20 06:37:16.268, 2, 0 %, 0 %, 35271 MiB, 36.43 W
2026/09/20 06:37:21.269, 0, 0 %, 0 %, 35270 MiB, 36.05 W
2026/09/20 06:37:21.269, 1, 0 %, 0 %, 35270 MiB, 35.23 W
2026/09/20 06:37:21.270, 2, 0 %, 0 %, 35271 MiB, 36.36 W
2026/09/20 06:37:26.270, 0, 0 %, 0 %, 35270 MiB, 36.13 W
2026/09/20 06:37:26.270, 1, 0 %, 0 %, 35270 MiB, 35.22 W
2026/09/20 06:37:26.270, 2, 0 %, 0 %, 35271 MiB, 36.44 W
2026/09/20 06:37:31.272, 0, 0 %, 0 %, 35270 MiB, 36.21 W
2026/09/20 06:37:31.272, 1, 0 %, 0 %, 35270 MiB, 35.39 W
2026/09/20 06:37:31.272, 2, 0 %, 0 %, 35271 MiB, 36.75 W
2026/09/20 06:37:36.273, 0, 0 %, 0 %, 35270 MiB, 36.16 W
2026/09/20 06:37:36.273, 1, 0 %, 0 %, 35270 MiB, 35.24 W
2026/09/20 06:37:36.274, 2, 0 %, 0 %, 35271 MiB, 36.59 W
2026/09/20 06:37:41.274, 0, 0 %, 0 %, 35270 MiB, 36.01 W
2026/09/20 06:37:41.275, 1, 0 %, 0 %, 35270 MiB, 35.21 W
2026/09/20 06:37:41.275, 2, 0 %, 0 %, 35271 MiB, 36.44 W
2026/09/20 06:37:46.275, 0, 0 %, 0 %, 35270 MiB, 36.04 W
2026/09/20 06:37:46.276, 1, 0 %, 0 %, 35270 MiB, 35.41 W
2026/09/20 06:37:46.276, 2, 0 %, 0 %, 35271 MiB, 36.46 W
2026/09/20 06:37:51.276, 0, 0 %, 0 %, 35270 MiB, 35.96 W
2026/09/20 06:37:51.276, 1, 0 %, 0 %, 35270 MiB, 35.33 W
2026/09/20 06:37:51.276, 2, 0 %, 0 %, 35271 MiB, 36.57 W
2026/09/20 06:37:56.277, 0, 0 %, 0 %, 35270 MiB, 36.04 W
2026/09/20 06:37:56.278, 1, 0 %, 0 %, 35270 MiB, 35.42 W
2026/09/20 06:37:56.278, 2, 0 %, 0 %, 35271 MiB, 36.57 W
2026/09/20 06:38:01.278, 0, 0 %, 0 %, 35270 MiB, 36.11 W
2026/09/20 06:38:01.278, 1, 0 %, 0 %, 35270 MiB, 35.49 W
2026/09/20 06:38:01.279, 2, 0 %, 0 %, 35271 MiB, 36.54 W
2026/09/20 06:38:06.279, 0, 0 %, 0 %, 35270 MiB, 36.03 W
2026/09/20 06:38:06.280, 1, 0 %, 0 %, 35270 MiB, 35.51 W
2026/09/20 06:38:06.280, 2, 0 %, 0 %, 35271 MiB, 36.56 W
2026/09/20 06:38:11.280, 0, 0 %, 0 %, 35270 MiB, 36.34 W
2026/09/20 06:38:11.280, 1, 0 %, 0 %, 35270 MiB, 35.42 W
2026/09/20 06:38:11.281, 2, 0 %, 0 %, 35271 MiB, 36.37 W
2026/09/20 06:38:16.281, 0, 0 %, 0 %, 35270 MiB, 36.01 W
2026/09/20 06:38:16.281, 1, 0 %, 0 %, 35270 MiB, 35.21 W
2026/09/20 06:38:16.281, 2, 0 %, 0 %, 35271 MiB, 36.33 W
2026/09/20 06:38:21.282, 0, 0 %, 0 %, 35270 MiB, 36.04 W
2026/09/20 06:38:21.283, 1, 12 %, 0 %, 35270 MiB, 35.22 W
2026/09/20 06:38:21.283, 2, 0 %, 0 %, 35271 MiB, 36.36 W
2026/09/20 06:38:26.284, 0, 0 %, 0 %, 35270 MiB, 36.13 W
2026/09/20 06:38:26.284, 1, 0 %, 0 %, 35270 MiB, 35.40 W
2026/09/20 06:38:26.284, 2, 0 %, 0 %, 35271 MiB, 36.54 W
2026/09/20 06:38:31.286, 0, 0 %, 0 %, 35270 MiB, 36.31 W
2026/09/20 06:38:31.286, 1, 0 %, 0 %, 35270 MiB, 35.29 W
2026/09/20 06:38:31.286, 2, 0 %, 0 %, 35271 MiB, 36.33 W
2026/09/20 06:38:36.287, 0, 0 %, 0 %, 35270 MiB, 36.16 W
2026/09/20 06:38:36.287, 1, 0 %, 0 %, 35270 MiB, 35.22 W
2026/09/20 06:38:36.287, 2, 0 %, 0 %, 35271 MiB, 36.47 W
2026/09/20 06:38:41.289, 0, 0 %, 0 %, 35270 MiB, 35.92 W
2026/09/20 06:38:41.289, 1, 0 %, 0 %, 35270 MiB, 35.50 W
2026/09/20 06:38:41.289, 2, 0 %, 0 %, 35271 MiB, 36.44 W
2026/09/20 06:38:46.291, 0, 0 %, 0 %, 35270 MiB, 36.01 W
2026/09/20 06:38:46.291, 1, 0 %, 0 %, 35270 MiB, 35.29 W
2026/09/20 06:38:46.291, 2, 0 %, 0 %, 35271 MiB, 36.54 W
2026/09/20 06:38:51.292, 0, 0 %, 0 %, 35270 MiB, 36.04 W
2026/09/20 06:38:51.292, 1, 1 %, 0 %, 35270 MiB, 35.32 W
2026/09/20 06:38:51.293, 2, 0 %, 0 %, 35271 MiB, 36.36 W
2026/09/20 06:38:56.294, 0, 0 %, 0 %, 35270 MiB, 35.92 W
2026/09/20 06:38:56.294, 1, 0 %, 0 %, 35270 MiB, 35.30 W
2026/09/20 06:38:56.294, 2, 0 %, 0 %, 35271 MiB, 36.43 W
2026/09/20 06:39:01.296, 0, 0 %, 0 %, 35270 MiB, 35.92 W
2026/09/20 06:39:01.297, 1, 0 %, 0 %, 35270 MiB, 35.41 W
2026/09/20 06:39:01.297, 2, 0 %, 0 %, 35271 MiB, 36.44 W
2026/09/20 06:39:06.297, 0, 0 %, 0 %, 35270 MiB, 36.04 W
2026/09/20 06:39:06.298, 1, 0 %, 0 %, 35270 MiB, 35.33 W
2026/09/20 06:39:06.298, 2, 0 %, 0 %, 35271 MiB, 36.57 W
2026/09/20 06:39:11.299, 0, 0 %, 0 %, 35270 MiB, 36.01 W
2026/09/20 06:39:11.299, 1, 0 %, 0 %, 35270 MiB, 35.40 W
2026/09/20 06:39:11.299, 2, 0 %, 0 %, 35271 MiB, 36.54 W
2026/09/20 06:39:16.301, 0, 0 %, 0 %, 35270 MiB, 36.04 W
2026/09/20 06:39:16.301, 1, 0 %, 0 %, 35270 MiB, 39.17 W
2026/09/20 06:39:16.301, 2, 0 %, 0 %, 35271 MiB, 36.57 W
2026/09/20 06:39:21.303, 0, 0 %, 0 %, 35270 MiB, 36.13 W
2026/09/20 06:39:21.303, 1, 0 %, 0 %, 35270 MiB, 35.41 W
2026/09/20 06:39:21.303, 2, 0 %, 0 %, 35271 MiB, 36.56 W
2026/09/20 06:39:26.305, 0, 0 %, 0 %, 35270 MiB, 36.11 W
2026/09/20 06:39:26.305, 1, 0 %, 0 %, 35270 MiB, 35.18 W
2026/09/20 06:39:26.306, 2, 0 %, 0 %, 35271 MiB, 36.33 W
2026/09/20 06:39:31.306, 0, 0 %, 0 %, 35270 MiB, 36.05 W
2026/09/20 06:39:31.306, 1, 0 %, 0 %, 35270 MiB, 35.33 W
2026/09/20 06:39:31.306, 2, 0 %, 0 %, 35271 MiB, 36.38 W
2026/09/20 06:39:36.308, 0, 0 %, 0 %, 35270 MiB, 36.12 W
2026/09/20 06:39:36.308, 1, 0 %, 0 %, 35270 MiB, 35.21 W
2026/09/20 06:39:36.308, 2, 0 %, 0 %, 35271 MiB, 36.34 W
2026/09/20 06:39:41.310, 0, 0 %, 0 %, 35270 MiB, 36.16 W
2026/09/20 06:39:41.310, 1, 0 %, 0 %, 35270 MiB, 42.53 W
2026/09/20 06:39:41.310, 2, 0 %, 0 %, 35271 MiB, 36.48 W
2026/09/20 06:39:46.312, 0, 0 %, 0 %, 35270 MiB, 36.22 W
2026/09/20 06:39:46.312, 1, 0 %, 0 %, 35270 MiB, 35.32 W
2026/09/20 06:39:46.312, 2, 0 %, 0 %, 35271 MiB, 36.36 W
2026/09/20 06:39:51.314, 0, 0 %, 0 %, 35270 MiB, 35.84 W
2026/09/20 06:39:51.315, 1, 0 %, 0 %, 35270 MiB, 35.42 W
2026/09/20 06:39:51.315, 2, 0 %, 0 %, 35271 MiB, 36.34 W
2026/09/20 06:39:56.316, 0, 0 %, 0 %, 35270 MiB, 35.94 W
2026/09/20 06:39:56.316, 1, 0 %, 0 %, 35270 MiB, 35.31 W
2026/09/20 06:39:56.316, 2, 0 %, 0 %, 35271 MiB, 36.36 W
2026/09/20 06:40:01.318, 0, 0 %, 0 %, 35270 MiB, 35.92 W
2026/09/20 06:40:01.318, 1, 0 %, 0 %, 35270 MiB, 35.21 W
2026/09/20 06:40:01.318, 2, 0 %, 0 %, 35271 MiB, 36.45 W
2026/09/20 06:40:06.319, 0, 0 %, 0 %, 35270 MiB, 36.06 W
2026/09/20 06:40:06.319, 1, 0 %, 0 %, 35270 MiB, 41.44 W
2026/09/20 06:40:06.319, 2, 0 %, 0 %, 35271 MiB, 36.37 W
2026/09/20 06:40:11.321, 0, 0 %, 0 %, 35270 MiB, 36.04 W
2026/09/20 06:40:11.321, 1, 0 %, 0 %, 35270 MiB, 35.42 W
2026/09/20 06:40:11.321, 2, 0 %, 0 %, 35271 MiB, 36.46 W
2026/09/20 06:40:16.322, 0, 0 %, 0 %, 35270 MiB, 35.94 W
2026/09/20 06:40:16.323, 1, 0 %, 0 %, 35270 MiB, 35.22 W
2026/09/20 06:40:16.323, 2, 0 %, 0 %, 35271 MiB, 36.66 W
2026/09/20 06:40:21.323, 0, 0 %, 0 %, 35270 MiB, 36.15 W
2026/09/20 06:40:21.324, 1, 0 %, 0 %, 35270 MiB, 35.33 W
2026/09/20 06:40:21.324, 2, 0 %, 0 %, 35271 MiB, 36.57 W
2026/09/20 06:40:26.325, 0, 0 %, 0 %, 35270 MiB, 36.01 W
2026/09/20 06:40:26.325, 1, 0 %, 0 %, 35270 MiB, 35.59 W
2026/09/20 06:40:26.325, 2, 0 %, 0 %, 35271 MiB, 36.33 W
2026/09/20 06:40:31.327, 0, 0 %, 0 %, 35270 MiB, 36.01 W
2026/09/20 06:40:31.327, 1, 0 %, 0 %, 35270 MiB, 35.09 W
2026/09/20 06:40:31.328, 2, 0 %, 0 %, 35271 MiB, 36.24 W
2026/09/20 06:40:36.328, 0, 0 %, 0 %, 35270 MiB, 36.16 W
2026/09/20 06:40:36.328, 1, 0 %, 0 %, 35270 MiB, 35.23 W
2026/09/20 06:40:36.328, 2, 0 %, 0 %, 35271 MiB, 36.46 W
2026/09/20 06:40:41.330, 0, 0 %, 0 %, 35270 MiB, 36.21 W
2026/09/20 06:40:41.330, 1, 0 %, 0 %, 35270 MiB, 35.30 W
2026/09/20 06:40:41.330, 2, 0 %, 0 %, 35271 MiB, 36.33 W
2026/09/20 06:40:46.331, 0, 0 %, 0 %, 35270 MiB, 36.13 W
2026/09/20 06:40:46.331, 1, 0 %, 0 %, 35270 MiB, 35.32 W
2026/09/20 06:40:46.332, 2, 0 %, 0 %, 35271 MiB, 36.35 W
2026/09/20 06:40:51.333, 0, 0 %, 0 %, 35270 MiB, 36.03 W
2026/09/20 06:40:51.333, 1, 0 %, 0 %, 35270 MiB, 35.32 W
2026/09/20 06:40:51.333, 2, 0 %, 0 %, 35271 MiB, 36.36 W
2026/09/20 06:40:56.333, 0, 0 %, 0 %, 35270 MiB, 36.21 W
2026/09/20 06:40:56.333, 1, 0 %, 0 %, 35270 MiB, 35.21 W
2026/09/20 06:40:56.333, 2, 0 %, 0 %, 35271 MiB, 36.44 W
2026/09/20 06:41:01.334, 0, 0 %, 0 %, 35270 MiB, 35.92 W
2026/09/20 06:41:01.334, 1, 0 %, 0 %, 35270 MiB, 35.50 W
2026/09/20 06:41:01.334, 2, 0 %, 0 %, 35271 MiB, 36.33 W
2026/09/20 06:41:06.336, 0, 0 %, 0 %, 35270 MiB, 35.92 W
2026/09/20 06:41:06.336, 1, 0 %, 0 %, 35270 MiB, 35.29 W
2026/09/20 06:41:06.336, 2, 0 %, 0 %, 35271 MiB, 36.43 W
2026/09/20 06:41:11.338, 0, 0 %, 0 %, 35270 MiB, 35.92 W
2026/09/20 06:41:11.338, 1, 0 %, 0 %, 35270 MiB, 35.20 W
2026/09/20 06:41:11.338, 2, 0 %, 0 %, 35271 MiB, 36.57 W
2026/09/20 06:41:16.340, 0, 0 %, 0 %, 35270 MiB, 36.12 W
2026/09/20 06:41:16.340, 1, 0 %, 0 %, 35270 MiB, 35.41 W
2026/09/20 06:41:16.340, 2, 0 %, 0 %, 35271 MiB, 36.44 W
2026/09/20 06:41:21.342, 0, 0 %, 0 %, 35270 MiB, 36.03 W
2026/09/20 06:41:21.342, 1, 0 %, 0 %, 35270 MiB, 35.50 W
2026/09/20 06:41:21.342, 2, 0 %, 0 %, 35271 MiB, 36.54 W
2026/09/20 06:41:26.344, 0, 0 %, 0 %, 35270 MiB, 36.04 W
2026/09/20 06:41:26.344, 1, 0 %, 0 %, 35270 MiB, 35.32 W
2026/09/20 06:41:26.344, 2, 0 %, 0 %, 35271 MiB, 36.46 W
2026/09/20 06:41:31.345, 0, 0 %, 0 %, 35270 MiB, 36.03 W
2026/09/20 06:41:31.345, 1, 0 %, 0 %, 35270 MiB, 35.30 W
2026/09/20 06:41:31.345, 2, 0 %, 0 %, 35271 MiB, 36.54 W
2026/09/20 06:41:36.353, 0, 0 %, 0 %, 35270 MiB, 36.01 W
2026/09/20 06:41:36.353, 1, 0 %, 0 %, 35270 MiB, 35.29 W
2026/09/20 06:41:36.353, 2, 0 %, 0 %, 35271 MiB, 36.33 W
2026/09/20 06:41:41.356, 0, 0 %, 0 %, 35270 MiB, 36.02 W
2026/09/20 06:41:41.356, 1, 0 %, 0 %, 35270 MiB, 35.21 W
2026/09/20 06:41:41.356, 2, 0 %, 0 %, 35271 MiB, 36.33 W
2026/09/20 06:41:46.357, 0, 0 %, 0 %, 35270 MiB, 36.11 W
2026/09/20 06:41:46.357, 1, 0 %, 0 %, 35270 MiB, 35.30 W
2026/09/20 06:41:46.357, 2, 0 %, 0 %, 35271 MiB, 36.33 W
2026/09/20 06:41:51.359, 0, 0 %, 0 %, 35270 MiB, 36.21 W
2026/09/20 06:41:51.359, 1, 0 %, 0 %, 35270 MiB, 35.18 W
2026/09/20 06:41:51.359, 2, 0 %, 0 %, 35271 MiB, 36.43 W
2026/09/20 06:41:56.361, 0, 0 %, 0 %, 35270 MiB, 36.21 W
2026/09/20 06:41:56.361, 1, 0 %, 0 %, 35270 MiB, 35.20 W
2026/09/20 06:41:56.361, 2, 0 %, 0 %, 35271 MiB, 36.85 W
2026/09/20 06:42:01.362, 0, 0 %, 0 %, 35270 MiB, 36.12 W
2026/09/20 06:42:01.362, 1, 0 %, 0 %, 35270 MiB, 35.29 W
2026/09/20 06:42:01.362, 2, 0 %, 0 %, 35271 MiB, 36.33 W
2026/09/20 06:42:06.364, 0, 0 %, 0 %, 35270 MiB, 36.03 W
2026/09/20 06:42:06.364, 1, 0 %, 0 %, 35270 MiB, 35.20 W
2026/09/20 06:42:06.364, 2, 0 %, 0 %, 35271 MiB, 36.43 W
2026/09/20 06:42:11.375, 0, 0 %, 0 %, 35270 MiB, 36.01 W
2026/09/20 06:42:11.375, 1, 0 %, 0 %, 35270 MiB, 35.21 W
2026/09/20 06:42:11.375, 2, 0 %, 0 %, 35271 MiB, 36.47 W
2026/09/20 06:42:16.377, 0, 0 %, 0 %, 35270 MiB, 35.94 W
2026/09/20 06:42:16.377, 1, 0 %, 0 %, 35270 MiB, 35.60 W
2026/09/20 06:42:16.377, 2, 0 %, 0 %, 35271 MiB, 36.33 W
2026/09/20 06:42:21.378, 0, 0 %, 0 %, 35270 MiB, 36.01 W
2026/09/20 06:42:21.378, 1, 0 %, 0 %, 35270 MiB, 35.30 W
2026/09/20 06:42:21.378, 2, 0 %, 0 %, 35271 MiB, 36.54 W
2026/09/20 06:42:26.380, 0, 0 %, 0 %, 35270 MiB, 36.03 W
2026/09/20 06:42:26.380, 1, 0 %, 0 %, 35270 MiB, 35.21 W
2026/09/20 06:42:26.380, 2, 0 %, 0 %, 35271 MiB, 36.65 W
2026/09/20 06:42:31.382, 0, 0 %, 0 %, 35270 MiB, 36.01 W
2026/09/20 06:42:31.382, 1, 0 %, 0 %, 35270 MiB, 35.29 W
2026/09/20 06:42:31.382, 2, 0 %, 0 %, 35271 MiB, 36.54 W
2026/09/20 06:42:36.384, 0, 0 %, 0 %, 35270 MiB, 35.93 W
2026/09/20 06:42:36.384, 1, 0 %, 0 %, 35270 MiB, 35.50 W
2026/09/20 06:42:36.384, 2, 0 %, 0 %, 35271 MiB, 36.57 W
2026/09/20 06:42:41.386, 0, 0 %, 0 %, 35270 MiB, 36.12 W
2026/09/20 06:42:41.386, 1, 0 %, 0 %, 35270 MiB, 35.41 W
2026/09/20 06:42:41.386, 2, 0 %, 0 %, 35271 MiB, 36.34 W
2026/09/20 06:42:46.388, 0, 0 %, 0 %, 35270 MiB, 36.23 W
2026/09/20 06:42:46.388, 1, 0 %, 0 %, 35270 MiB, 35.21 W
2026/09/20 06:42:46.388, 2, 0 %, 0 %, 35271 MiB, 36.47 W
2026/09/20 06:42:51.390, 0, 0 %, 0 %, 35270 MiB, 36.13 W
2026/09/20 06:42:51.390, 1, 0 %, 0 %, 35270 MiB, 35.20 W
2026/09/20 06:42:51.390, 2, 0 %, 0 %, 35271 MiB, 36.26 W
2026/09/20 06:42:56.391, 0, 0 %, 0 %, 35270 MiB, 36.04 W
2026/09/20 06:42:56.391, 1, 0 %, 0 %, 35270 MiB, 35.31 W
2026/09/20 06:42:56.392, 2, 0 %, 0 %, 35271 MiB, 36.36 W
2026/09/20 06:43:01.392, 0, 0 %, 0 %, 35270 MiB, 36.13 W
2026/09/20 06:43:01.392, 1, 0 %, 0 %, 35270 MiB, 35.23 W
2026/09/20 06:43:01.392, 2, 0 %, 0 %, 35271 MiB, 36.46 W
2026/09/20 06:43:06.394, 0, 0 %, 0 %, 35270 MiB, 36.33 W
2026/09/20 06:43:06.394, 1, 0 %, 0 %, 35270 MiB, 35.21 W
2026/09/20 06:43:06.394, 2, 0 %, 0 %, 35271 MiB, 36.57 W
2026/09/20 06:43:11.395, 0, 0 %, 0 %, 35270 MiB, 35.95 W
2026/09/20 06:43:11.395, 1, 0 %, 0 %, 35270 MiB, 35.33 W
2026/09/20 06:43:11.395, 2, 0 %, 0 %, 35271 MiB, 36.37 W
2026/09/20 06:43:16.395, 0, 0 %, 0 %, 35270 MiB, 35.95 W
2026/09/20 06:43:16.395, 1, 0 %, 0 %, 35270 MiB, 35.33 W
2026/09/20 06:43:16.396, 2, 0 %, 0 %, 35271 MiB, 36.46 W
2026/09/20 06:43:21.396, 0, 0 %, 0 %, 35270 MiB, 35.94 W
2026/09/20 06:43:21.396, 1, 0 %, 0 %, 35270 MiB, 35.52 W
2026/09/20 06:43:21.397, 2, 0 %, 0 %, 35271 MiB, 36.68 W
2026/09/20 06:43:26.397, 0, 0 %, 0 %, 35270 MiB, 36.05 W
2026/09/20 06:43:26.398, 1, 0 %, 0 %, 35270 MiB, 35.23 W
2026/09/20 06:43:26.398, 2, 0 %, 0 %, 35271 MiB, 36.57 W
2026/09/20 06:43:31.398, 0, 0 %, 0 %, 35270 MiB, 35.96 W
2026/09/20 06:43:31.398, 1, 0 %, 0 %, 35270 MiB, 35.34 W
2026/09/20 06:43:31.398, 2, 0 %, 0 %, 35271 MiB, 36.58 W
2026/09/20 06:43:36.399, 0, 100 %, 10 %, 35270 MiB, 123.97 W
2026/09/20 06:43:36.399, 1, 100 %, 21 %, 35270 MiB, 73.63 W
2026/09/20 06:43:36.399, 2, 100 %, 16 %, 35271 MiB, 76.84 W
2026/09/20 06:43:41.399, 0, 100 %, 7 %, 35270 MiB, 90.46 W
2026/09/20 06:43:41.400, 1, 100 %, 10 %, 35270 MiB, 81.46 W
2026/09/20 06:43:41.400, 2, 100 %, 12 %, 35271 MiB, 86.30 W
2026/09/20 06:43:46.400, 0, 100 %, 11 %, 35270 MiB, 86.42 W
2026/09/20 06:43:46.400, 1, 100 %, 10 %, 35270 MiB, 151.82 W
2026/09/20 06:43:46.400, 2, 100 %, 14 %, 35271 MiB, 108.06 W
2026/09/20 06:43:51.402, 0, 100 %, 13 %, 35270 MiB, 143.46 W
2026/09/20 06:43:51.402, 1, 100 %, 10 %, 35270 MiB, 80.01 W
2026/09/20 06:43:51.402, 2, 100 %, 14 %, 35271 MiB, 83.31 W
2026/09/20 06:43:56.402, 0, 0 %, 0 %, 35270 MiB, 36.90 W
2026/09/20 06:43:56.403, 1, 0 %, 0 %, 35270 MiB, 35.90 W
2026/09/20 06:43:56.403, 2, 0 %, 0 %, 35271 MiB, 37.07 W
2026/09/20 06:44:01.404, 0, 0 %, 0 %, 35270 MiB, 36.90 W
2026/09/20 06:44:01.404, 1, 0 %, 0 %, 35270 MiB, 35.90 W
2026/09/20 06:44:01.404, 2, 0 %, 0 %, 35271 MiB, 36.96 W
2026/09/20 06:44:06.406, 0, 0 %, 0 %, 35270 MiB, 36.62 W
2026/09/20 06:44:06.406, 1, 0 %, 0 %, 35270 MiB, 35.80 W
2026/09/20 06:44:06.406, 2, 0 %, 0 %, 35271 MiB, 36.87 W
2026/09/20 06:44:11.407, 0, 0 %, 0 %, 35270 MiB, 36.60 W
2026/09/20 06:44:11.408, 1, 0 %, 0 %, 35270 MiB, 35.88 W
2026/09/20 06:44:11.408, 2, 0 %, 0 %, 35271 MiB, 36.85 W
2026/09/20 06:44:16.408, 0, 0 %, 0 %, 35270 MiB, 36.42 W
2026/09/20 06:44:16.409, 1, 0 %, 0 %, 35270 MiB, 35.70 W
2026/09/20 06:44:16.409, 2, 0 %, 0 %, 35271 MiB, 36.95 W
2026/09/20 06:44:21.411, 0, 0 %, 0 %, 35270 MiB, 36.43 W
2026/09/20 06:44:21.411, 1, 0 %, 0 %, 35270 MiB, 35.61 W
2026/09/20 06:44:21.411, 2, 0 %, 0 %, 35271 MiB, 36.77 W
2026/09/20 06:44:26.412, 0, 0 %, 0 %, 35270 MiB, 36.33 W
2026/09/20 06:44:26.413, 1, 0 %, 0 %, 35270 MiB, 35.61 W
2026/09/20 06:44:26.413, 2, 0 %, 0 %, 35271 MiB, 36.77 W
2026/09/20 06:44:31.413, 0, 0 %, 0 %, 35270 MiB, 36.26 W
2026/09/20 06:44:31.413, 1, 0 %, 0 %, 35270 MiB, 35.72 W
2026/09/20 06:44:31.413, 2, 0 %, 0 %, 35271 MiB, 36.78 W
2026/09/20 06:44:36.415, 0, 0 %, 0 %, 35270 MiB, 36.70 W
2026/09/20 06:44:36.415, 1, 0 %, 0 %, 35270 MiB, 35.69 W
2026/09/20 06:44:36.415, 2, 0 %, 0 %, 35271 MiB, 36.85 W
2026/09/20 06:44:41.416, 0, 0 %, 0 %, 35270 MiB, 36.40 W
2026/09/20 06:44:41.417, 1, 0 %, 0 %, 35270 MiB, 35.70 W
2026/09/20 06:44:41.417, 2, 0 %, 0 %, 35271 MiB, 36.76 W
2026/09/20 06:44:46.418, 0, 23 %, 1 %, 35270 MiB, 37.87 W
2026/09/20 06:44:46.418, 1, 0 %, 0 %, 35270 MiB, 35.77 W
2026/09/20 06:44:46.419, 2, 0 %, 0 %, 35271 MiB, 36.74 W
2026/09/20 06:44:51.420, 0, 0 %, 0 %, 35270 MiB, 36.39 W
2026/09/20 06:44:51.420, 1, 0 %, 0 %, 35270 MiB, 35.68 W
2026/09/20 06:44:51.420, 2, 0 %, 0 %, 35271 MiB, 36.75 W
2026/09/20 06:44:56.422, 0, 5 %, 0 %, 35270 MiB, 36.41 W
2026/09/20 06:44:56.422, 1, 0 %, 0 %, 35270 MiB, 35.70 W
2026/09/20 06:44:56.422, 2, 0 %, 0 %, 35271 MiB, 36.64 W
2026/09/20 06:45:01.424, 0, 0 %, 0 %, 35270 MiB, 36.31 W
2026/09/20 06:45:01.424, 1, 0 %, 0 %, 35270 MiB, 35.39 W
2026/09/20 06:45:01.424, 2, 0 %, 0 %, 35271 MiB, 36.54 W
2026/09/20 06:45:06.426, 0, 0 %, 0 %, 35270 MiB, 36.31 W
2026/09/20 06:45:06.426, 1, 0 %, 0 %, 35270 MiB, 35.48 W
2026/09/20 06:45:06.426, 2, 0 %, 0 %, 35271 MiB, 36.54 W
2026/09/20 06:45:11.428, 0, 0 %, 0 %, 35270 MiB, 36.49 W
2026/09/20 06:45:11.428, 1, 0 %, 0 %, 35270 MiB, 35.39 W
2026/09/20 06:45:11.428, 2, 0 %, 0 %, 35271 MiB, 36.54 W
2026/09/20 06:45:16.430, 0, 20 %, 1 %, 35270 MiB, 36.28 W
2026/09/20 06:45:16.430, 1, 0 %, 0 %, 35270 MiB, 35.48 W
2026/09/20 06:45:16.430, 2, 0 %, 0 %, 35271 MiB, 36.53 W
2026/09/20 06:45:21.431, 0, 0 %, 0 %, 35270 MiB, 36.29 W
2026/09/20 06:45:21.432, 1, 0 %, 0 %, 35270 MiB, 35.38 W
2026/09/20 06:45:21.432, 2, 0 %, 0 %, 35271 MiB, 36.54 W
2026/09/20 06:45:26.432, 0, 25 %, 1 %, 35270 MiB, 36.33 W
2026/09/20 06:45:26.432, 1, 0 %, 0 %, 35270 MiB, 35.42 W
2026/09/20 06:45:26.432, 2, 0 %, 0 %, 35271 MiB, 36.57 W
2026/09/20 06:45:31.434, 0, 0 %, 0 %, 35270 MiB, 36.22 W
2026/09/20 06:45:31.434, 1, 0 %, 0 %, 35270 MiB, 35.49 W
2026/09/20 06:45:31.434, 2, 0 %, 0 %, 35271 MiB, 36.75 W
2026/09/20 06:45:36.435, 0, 0 %, 0 %, 35270 MiB, 38.69 W
2026/09/20 06:45:36.436, 1, 0 %, 0 %, 35270 MiB, 35.50 W
2026/09/20 06:45:36.436, 2, 0 %, 0 %, 35271 MiB, 36.56 W
2026/09/20 06:45:41.437, 0, 2 %, 0 %, 35270 MiB, 36.10 W
2026/09/20 06:45:41.437, 1, 0 %, 0 %, 35270 MiB, 35.68 W
2026/09/20 06:45:41.437, 2, 0 %, 0 %, 35271 MiB, 36.52 W
2026/09/20 06:45:46.438, 0, 15 %, 1 %, 35270 MiB, 36.40 W
2026/09/20 06:45:46.438, 1, 0 %, 0 %, 35270 MiB, 35.49 W
2026/09/20 06:45:46.438, 2, 0 %, 0 %, 35271 MiB, 36.54 W
2026/09/20 06:45:51.440, 0, 10 %, 0 %, 35270 MiB, 36.10 W
2026/09/20 06:45:51.440, 1, 0 %, 0 %, 35270 MiB, 35.48 W
2026/09/20 06:45:51.440, 2, 0 %, 0 %, 35271 MiB, 36.62 W
2026/09/20 06:45:56.442, 0, 22 %, 1 %, 35270 MiB, 36.60 W
2026/09/20 06:45:56.442, 1, 16 %, 1 %, 35270 MiB, 35.48 W
2026/09/20 06:45:56.442, 2, 0 %, 0 %, 35271 MiB, 36.65 W
2026/09/20 06:46:01.443, 0, 5 %, 0 %, 35270 MiB, 36.21 W
2026/09/20 06:46:01.443, 1, 0 %, 0 %, 35270 MiB, 35.50 W
2026/09/20 06:46:01.443, 2, 0 %, 0 %, 35271 MiB, 36.43 W
2026/09/20 06:46:06.444, 0, 0 %, 0 %, 35270 MiB, 36.23 W
2026/09/20 06:46:06.444, 1, 0 %, 0 %, 35270 MiB, 35.22 W
2026/09/20 06:46:06.444, 2, 0 %, 0 %, 35271 MiB, 36.46 W
2026/09/20 06:46:11.449, 0, 0 %, 0 %, 35270 MiB, 36.31 W
2026/09/20 06:46:11.449, 1, 0 %, 0 %, 35270 MiB, 35.29 W
2026/09/20 06:46:11.450, 2, 0 %, 0 %, 35271 MiB, 36.43 W
2026/09/20 06:46:16.451, 0, 0 %, 0 %, 35270 MiB, 36.21 W
2026/09/20 06:46:16.451, 1, 0 %, 0 %, 35270 MiB, 35.59 W
2026/09/20 06:46:16.451, 2, 0 %, 0 %, 35271 MiB, 36.43 W
2026/09/20 06:46:21.452, 0, 0 %, 0 %, 35270 MiB, 36.49 W
2026/09/20 06:46:21.452, 1, 0 %, 0 %, 35270 MiB, 35.39 W
2026/09/20 06:46:21.452, 2, 0 %, 0 %, 35271 MiB, 36.54 W
2026/09/20 06:46:26.454, 0, 0 %, 0 %, 35270 MiB, 36.20 W
2026/09/20 06:46:26.454, 1, 0 %, 0 %, 35270 MiB, 35.29 W
2026/09/20 06:46:26.454, 2, 0 %, 0 %, 35271 MiB, 36.65 W
2026/09/20 06:46:31.456, 0, 0 %, 0 %, 35270 MiB, 36.10 W
2026/09/20 06:46:31.456, 1, 0 %, 0 %, 35270 MiB, 35.28 W
2026/09/20 06:46:31.456, 2, 0 %, 0 %, 35271 MiB, 36.53 W
2026/09/20 06:46:36.458, 0, 0 %, 0 %, 35270 MiB, 36.10 W
2026/09/20 06:46:36.458, 1, 0 %, 0 %, 35270 MiB, 35.48 W
2026/09/20 06:46:36.458, 2, 0 %, 0 %, 35271 MiB, 36.53 W
2026/09/20 06:46:41.468, 0, 0 %, 0 %, 35270 MiB, 36.21 W
2026/09/20 06:46:41.468, 1, 0 %, 0 %, 35270 MiB, 35.40 W
2026/09/20 06:46:41.468, 2, 0 %, 0 %, 35271 MiB, 36.54 W
2026/09/20 06:46:46.470, 0, 0 %, 0 %, 35270 MiB, 36.18 W
2026/09/20 06:46:46.471, 1, 0 %, 0 %, 35270 MiB, 35.48 W
2026/09/20 06:46:46.471, 2, 0 %, 0 %, 35271 MiB, 36.74 W
2026/09/20 06:46:51.472, 0, 24 %, 1 %, 35270 MiB, 36.01 W
2026/09/20 06:46:51.472, 1, 0 %, 0 %, 35270 MiB, 35.68 W
2026/09/20 06:46:51.472, 2, 0 %, 0 %, 35271 MiB, 36.54 W
2026/09/20 06:46:56.474, 0, 25 %, 1 %, 35270 MiB, 36.40 W
2026/09/20 06:46:56.474, 1, 0 %, 0 %, 35270 MiB, 35.49 W
2026/09/20 06:46:56.475, 2, 0 %, 0 %, 35271 MiB, 36.53 W
2026/09/20 06:47:01.476, 0, 0 %, 0 %, 35270 MiB, 36.21 W
2026/09/20 06:47:01.476, 1, 0 %, 0 %, 35270 MiB, 35.38 W
2026/09/20 06:47:01.476, 2, 0 %, 0 %, 35271 MiB, 36.64 W
2026/09/20 06:47:06.480, 0, 25 %, 1 %, 35270 MiB, 36.11 W
2026/09/20 06:47:06.481, 1, 0 %, 0 %, 35270 MiB, 35.48 W
2026/09/20 06:47:06.481, 2, 0 %, 0 %, 35271 MiB, 36.75 W
2026/09/20 06:47:11.482, 0, 0 %, 0 %, 35270 MiB, 36.11 W
2026/09/20 06:47:11.482, 1, 3 %, 0 %, 35270 MiB, 35.49 W
2026/09/20 06:47:11.482, 2, 0 %, 0 %, 35271 MiB, 36.33 W
2026/09/20 06:47:16.483, 0, 0 %, 0 %, 35270 MiB, 36.24 W
2026/09/20 06:47:16.483, 1, 0 %, 0 %, 35270 MiB, 35.23 W
2026/09/20 06:47:16.483, 2, 0 %, 0 %, 35271 MiB, 36.36 W
2026/09/20 06:47:21.485, 0, 0 %, 0 %, 35270 MiB, 36.31 W
2026/09/20 06:47:21.485, 1, 15 %, 1 %, 35270 MiB, 36.17 W
2026/09/20 06:47:21.485, 2, 0 %, 0 %, 35271 MiB, 36.63 W
2026/09/20 06:47:26.486, 0, 0 %, 0 %, 35270 MiB, 36.22 W
2026/09/20 06:47:26.486, 1, 0 %, 0 %, 35270 MiB, 35.31 W
2026/09/20 06:47:26.486, 2, 0 %, 0 %, 35271 MiB, 36.46 W
2026/09/20 06:47:31.488, 0, 0 %, 0 %, 35270 MiB, 36.50 W
2026/09/20 06:47:31.488, 1, 0 %, 0 %, 35270 MiB, 35.30 W
2026/09/20 06:47:31.488, 2, 0 %, 0 %, 35271 MiB, 36.43 W
2026/09/20 06:47:36.490, 0, 0 %, 0 %, 35270 MiB, 36.19 W
2026/09/20 06:47:36.490, 1, 0 %, 0 %, 35270 MiB, 35.29 W
2026/09/20 06:47:36.490, 2, 0 %, 0 %, 35271 MiB, 36.54 W
2026/09/20 06:47:41.492, 0, 0 %, 0 %, 35270 MiB, 36.01 W
2026/09/20 06:47:41.492, 1, 0 %, 0 %, 35270 MiB, 35.29 W
2026/09/20 06:47:41.492, 2, 0 %, 0 %, 35271 MiB, 36.75 W
2026/09/20 06:47:46.494, 0, 0 %, 0 %, 35270 MiB, 36.20 W
2026/09/20 06:47:46.494, 1, 0 %, 0 %, 35270 MiB, 35.49 W
2026/09/20 06:47:46.494, 2, 0 %, 0 %, 35271 MiB, 36.54 W
2026/09/20 06:47:51.495, 0, 0 %, 0 %, 35270 MiB, 36.19 W
2026/09/20 06:47:51.495, 1, 0 %, 0 %, 35270 MiB, 35.38 W
2026/09/20 06:47:51.495, 2, 0 %, 0 %, 35271 MiB, 36.53 W
2026/09/20 06:47:56.497, 0, 0 %, 0 %, 35270 MiB, 36.20 W
2026/09/20 06:47:56.497, 1, 0 %, 0 %, 35270 MiB, 35.38 W
2026/09/20 06:47:56.497, 2, 0 %, 0 %, 35271 MiB, 36.65 W
2026/09/20 06:48:01.498, 0, 0 %, 0 %, 35270 MiB, 36.29 W
2026/09/20 06:48:01.498, 1, 5 %, 0 %, 35270 MiB, 37.04 W
2026/09/20 06:48:01.498, 2, 0 %, 0 %, 35271 MiB, 36.74 W
2026/09/20 06:48:06.500, 0, 24 %, 1 %, 35270 MiB, 36.49 W
2026/09/20 06:48:06.500, 1, 0 %, 0 %, 35270 MiB, 35.48 W
2026/09/20 06:48:06.500, 2, 0 %, 0 %, 35271 MiB, 36.64 W
2026/09/20 06:48:11.502, 0, 10 %, 0 %, 35270 MiB, 36.11 W
2026/09/20 06:48:11.502, 1, 0 %, 0 %, 35270 MiB, 35.48 W
2026/09/20 06:48:11.503, 2, 0 %, 0 %, 35271 MiB, 36.65 W
2026/09/20 06:48:16.503, 0, 1 %, 0 %, 35270 MiB, 43.99 W
2026/09/20 06:48:16.503, 1, 0 %, 0 %, 35270 MiB, 35.39 W
2026/09/20 06:48:16.503, 2, 0 %, 0 %, 35271 MiB, 36.65 W
2026/09/20 06:48:21.505, 0, 0 %, 0 %, 35270 MiB, 43.97 W
2026/09/20 06:48:21.505, 1, 0 %, 0 %, 35270 MiB, 35.38 W
2026/09/20 06:48:21.505, 2, 0 %, 0 %, 35271 MiB, 36.43 W
2026/09/20 06:48:26.507, 0, 0 %, 0 %, 35270 MiB, 36.22 W
2026/09/20 06:48:26.507, 1, 0 %, 0 %, 35270 MiB, 35.30 W
2026/09/20 06:48:26.507, 2, 0 %, 0 %, 35271 MiB, 36.54 W
2026/09/20 06:48:31.509, 0, 0 %, 0 %, 35270 MiB, 43.20 W
2026/09/20 06:48:31.509, 1, 0 %, 0 %, 35270 MiB, 35.49 W
2026/09/20 06:48:31.509, 2, 0 %, 0 %, 35271 MiB, 36.54 W
2026/09/20 06:48:36.510, 0, 0 %, 0 %, 35270 MiB, 36.31 W
2026/09/20 06:48:36.510, 1, 15 %, 1 %, 35270 MiB, 38.75 W
2026/09/20 06:48:36.510, 2, 0 %, 0 %, 35271 MiB, 36.76 W
2026/09/20 06:48:41.511, 0, 25 %, 1 %, 35270 MiB, 36.50 W
2026/09/20 06:48:41.512, 1, 0 %, 0 %, 35270 MiB, 35.30 W
2026/09/20 06:48:41.512, 2, 0 %, 0 %, 35271 MiB, 36.54 W
2026/09/20 06:48:46.513, 0, 0 %, 0 %, 35270 MiB, 36.11 W
2026/09/20 06:48:46.513, 1, 24 %, 1 %, 35270 MiB, 35.30 W
2026/09/20 06:48:46.514, 2, 0 %, 0 %, 35271 MiB, 36.54 W
2026/09/20 06:48:51.514, 0, 25 %, 1 %, 35270 MiB, 37.19 W
2026/09/20 06:48:51.514, 1, 0 %, 0 %, 35270 MiB, 35.39 W
2026/09/20 06:48:51.515, 2, 0 %, 0 %, 35271 MiB, 36.75 W
2026/09/20 06:48:56.516, 0, 5 %, 0 %, 35270 MiB, 36.20 W
2026/09/20 06:48:56.516, 1, 0 %, 0 %, 35270 MiB, 35.48 W
2026/09/20 06:48:56.516, 2, 0 %, 0 %, 35271 MiB, 36.75 W
2026/09/20 06:49:01.518, 0, 0 %, 0 %, 35270 MiB, 36.20 W
2026/09/20 06:49:01.519, 1, 0 %, 0 %, 35270 MiB, 35.48 W
2026/09/20 06:49:01.519, 2, 0 %, 0 %, 35271 MiB, 36.64 W
2026/09/20 06:49:06.520, 0, 0 %, 0 %, 35270 MiB, 36.10 W
2026/09/20 06:49:06.520, 1, 0 %, 0 %, 35270 MiB, 35.29 W
2026/09/20 06:49:06.520, 2, 0 %, 0 %, 35271 MiB, 36.64 W
2026/09/20 06:49:11.522, 0, 0 %, 0 %, 35270 MiB, 36.10 W
2026/09/20 06:49:11.522, 1, 0 %, 0 %, 35270 MiB, 35.48 W
2026/09/20 06:49:11.522, 2, 0 %, 0 %, 35271 MiB, 36.74 W
2026/09/20 06:49:16.523, 0, 0 %, 0 %, 35270 MiB, 36.32 W
2026/09/20 06:49:16.523, 1, 0 %, 0 %, 35270 MiB, 35.50 W
2026/09/20 06:49:16.524, 2, 0 %, 0 %, 35271 MiB, 36.66 W
2026/09/20 06:49:21.525, 0, 0 %, 0 %, 35270 MiB, 36.21 W
2026/09/20 06:49:21.525, 1, 0 %, 0 %, 35270 MiB, 35.48 W
2026/09/20 06:49:21.525, 2, 0 %, 0 %, 35271 MiB, 36.65 W
2026/09/20 06:49:26.527, 0, 0 %, 0 %, 35270 MiB, 36.11 W
2026/09/20 06:49:26.527, 1, 0 %, 0 %, 35270 MiB, 35.39 W
2026/09/20 06:49:26.527, 2, 0 %, 0 %, 35271 MiB, 36.54 W
2026/09/20 06:49:31.528, 0, 0 %, 0 %, 35270 MiB, 36.21 W
2026/09/20 06:49:31.529, 1, 0 %, 0 %, 35270 MiB, 35.29 W
2026/09/20 06:49:31.529, 2, 0 %, 0 %, 35271 MiB, 36.54 W
2026/09/20 06:49:36.530, 0, 0 %, 0 %, 35270 MiB, 36.31 W
2026/09/20 06:49:36.530, 1, 0 %, 0 %, 35270 MiB, 35.29 W
2026/09/20 06:49:36.530, 2, 0 %, 0 %, 35271 MiB, 36.54 W
2026/09/20 06:49:41.532, 0, 0 %, 0 %, 35270 MiB, 42.43 W
2026/09/20 06:49:41.532, 1, 0 %, 0 %, 35270 MiB, 35.29 W
2026/09/20 06:49:41.532, 2, 0 %, 0 %, 35271 MiB, 36.65 W
2026/09/20 06:49:46.534, 0, 0 %, 0 %, 35270 MiB, 36.21 W
2026/09/20 06:49:46.534, 1, 0 %, 0 %, 35270 MiB, 35.39 W
2026/09/20 06:49:46.534, 2, 0 %, 0 %, 35271 MiB, 36.84 W
2026/09/20 06:49:51.536, 0, 0 %, 0 %, 35270 MiB, 36.40 W
2026/09/20 06:49:51.539, 1, 0 %, 0 %, 35270 MiB, 35.50 W
2026/09/20 06:49:51.539, 2, 0 %, 0 %, 35271 MiB, 36.65 W
2026/09/20 06:49:56.541, 0, 0 %, 0 %, 35270 MiB, 36.11 W
2026/09/20 06:49:56.541, 1, 0 %, 0 %, 35270 MiB, 35.30 W
2026/09/20 06:49:56.541, 2, 0 %, 0 %, 35271 MiB, 36.65 W
2026/09/20 06:50:01.542, 0, 0 %, 0 %, 35270 MiB, 36.13 W
2026/09/20 06:50:01.542, 1, 0 %, 0 %, 35270 MiB, 35.22 W
2026/09/20 06:50:01.542, 2, 0 %, 0 %, 35271 MiB, 36.57 W
2026/09/20 06:50:06.543, 0, 0 %, 0 %, 35270 MiB, 36.09 W
2026/09/20 06:50:06.544, 1, 0 %, 0 %, 35270 MiB, 35.28 W
2026/09/20 06:50:06.544, 2, 0 %, 0 %, 35271 MiB, 36.74 W
2026/09/20 06:50:11.545, 0, 0 %, 0 %, 35270 MiB, 36.21 W
2026/09/20 06:50:11.545, 1, 7 %, 0 %, 35270 MiB, 35.38 W
2026/09/20 06:50:11.545, 2, 0 %, 0 %, 35271 MiB, 36.75 W
2026/09/20 06:50:16.547, 0, 0 %, 0 %, 35270 MiB, 41.72 W
2026/09/20 06:50:16.547, 1, 0 %, 0 %, 35270 MiB, 35.38 W
2026/09/20 06:50:16.547, 2, 0 %, 0 %, 35271 MiB, 36.74 W
2026/09/20 06:50:21.549, 0, 0 %, 0 %, 35270 MiB, 36.10 W
2026/09/20 06:50:21.549, 1, 24 %, 1 %, 35270 MiB, 35.49 W
2026/09/20 06:50:21.549, 2, 0 %, 0 %, 35271 MiB, 36.75 W
2026/09/20 06:50:26.551, 0, 5 %, 0 %, 35270 MiB, 36.11 W
2026/09/20 06:50:26.551, 1, 0 %, 0 %, 35270 MiB, 35.49 W
2026/09/20 06:50:26.551, 2, 0 %, 0 %, 35271 MiB, 36.75 W
2026/09/20 06:50:31.553, 0, 0 %, 0 %, 35270 MiB, 36.21 W
2026/09/20 06:50:31.553, 1, 0 %, 0 %, 35270 MiB, 35.49 W
2026/09/20 06:50:31.553, 2, 0 %, 0 %, 35271 MiB, 36.65 W
2026/09/20 06:50:36.555, 0, 15 %, 1 %, 35270 MiB, 36.30 W
2026/09/20 06:50:36.555, 1, 0 %, 0 %, 35270 MiB, 35.29 W
2026/09/20 06:50:36.555, 2, 0 %, 0 %, 35271 MiB, 36.53 W
2026/09/20 06:50:41.556, 0, 0 %, 0 %, 35270 MiB, 36.29 W
2026/09/20 06:50:41.557, 1, 25 %, 1 %, 35270 MiB, 35.29 W
2026/09/20 06:50:41.557, 2, 0 %, 0 %, 35271 MiB, 36.53 W
2026/09/20 06:50:46.558, 0, 0 %, 0 %, 35270 MiB, 36.38 W
2026/09/20 06:50:46.558, 1, 25 %, 1 %, 35270 MiB, 35.29 W
2026/09/20 06:50:46.558, 2, 0 %, 0 %, 35271 MiB, 36.75 W
2026/09/20 06:50:51.559, 0, 0 %, 0 %, 35270 MiB, 36.20 W
2026/09/20 06:50:51.559, 1, 5 %, 0 %, 35270 MiB, 35.29 W
2026/09/20 06:50:51.560, 2, 0 %, 0 %, 35271 MiB, 36.54 W
2026/09/20 06:50:56.561, 0, 0 %, 0 %, 35270 MiB, 36.20 W
2026/09/20 06:50:56.561, 1, 0 %, 0 %, 35270 MiB, 35.29 W
2026/09/20 06:50:56.561, 2, 0 %, 0 %, 35271 MiB, 36.54 W
2026/09/20 06:51:01.563, 0, 0 %, 0 %, 35270 MiB, 36.19 W
2026/09/20 06:51:01.563, 1, 0 %, 0 %, 35270 MiB, 35.48 W
2026/09/20 06:51:01.563, 2, 0 %, 0 %, 35271 MiB, 36.84 W
2026/09/20 06:51:06.564, 0, 0 %, 0 %, 35270 MiB, 36.31 W
2026/09/20 06:51:06.564, 1, 0 %, 0 %, 35270 MiB, 35.48 W
2026/09/20 06:51:06.564, 2, 0 %, 0 %, 35271 MiB, 36.75 W
2026/09/20 06:51:11.566, 0, 0 %, 0 %, 35270 MiB, 36.11 W
2026/09/20 06:51:11.566, 1, 20 %, 1 %, 35270 MiB, 35.39 W
2026/09/20 06:51:11.566, 2, 0 %, 0 %, 35271 MiB, 36.65 W
2026/09/20 06:51:16.568, 0, 24 %, 1 %, 35270 MiB, 36.11 W
2026/09/20 06:51:16.568, 1, 0 %, 0 %, 35270 MiB, 35.39 W
2026/09/20 06:51:16.569, 2, 0 %, 0 %, 35271 MiB, 36.64 W
2026/09/20 06:51:21.569, 0, 0 %, 0 %, 35270 MiB, 36.20 W
2026/09/20 06:51:21.570, 1, 5 %, 0 %, 35270 MiB, 35.48 W
2026/09/20 06:51:21.570, 2, 0 %, 0 %, 35271 MiB, 36.85 W
2026/09/20 06:51:26.571, 0, 0 %, 0 %, 35270 MiB, 36.11 W
2026/09/20 06:51:26.571, 1, 0 %, 0 %, 35270 MiB, 35.30 W
2026/09/20 06:51:26.571, 2, 0 %, 0 %, 35271 MiB, 36.75 W
2026/09/20 06:51:31.573, 0, 0 %, 0 %, 35270 MiB, 36.20 W
2026/09/20 06:51:31.573, 1, 0 %, 0 %, 35270 MiB, 35.48 W
2026/09/20 06:51:31.573, 2, 0 %, 0 %, 35271 MiB, 36.75 W
2026/09/20 06:51:36.575, 0, 0 %, 0 %, 35270 MiB, 36.13 W
2026/09/20 06:51:36.575, 1, 0 %, 0 %, 35270 MiB, 35.51 W
2026/09/20 06:51:36.575, 2, 0 %, 0 %, 35271 MiB, 36.57 W
2026/09/20 06:51:41.577, 0, 0 %, 0 %, 35270 MiB, 36.21 W
2026/09/20 06:51:41.577, 1, 13 %, 0 %, 35270 MiB, 35.39 W
2026/09/20 06:51:41.577, 2, 0 %, 0 %, 35271 MiB, 36.43 W
2026/09/20 06:51:46.585, 0, 10 %, 0 %, 35270 MiB, 36.29 W
2026/09/20 06:51:46.585, 1, 0 %, 0 %, 35270 MiB, 35.29 W
2026/09/20 06:51:46.585, 2, 0 %, 0 %, 35271 MiB, 36.65 W
2026/09/20 06:51:51.587, 0, 0 %, 0 %, 35270 MiB, 36.13 W
2026/09/20 06:51:51.587, 1, 0 %, 0 %, 35270 MiB, 35.32 W
2026/09/20 06:51:51.587, 2, 0 %, 0 %, 35271 MiB, 36.68 W
2026/09/20 06:51:56.589, 0, 0 %, 0 %, 35270 MiB, 36.40 W
2026/09/20 06:51:56.589, 1, 0 %, 0 %, 35270 MiB, 35.30 W
2026/09/20 06:51:56.589, 2, 0 %, 0 %, 35271 MiB, 36.75 W
2026/09/20 06:52:01.591, 0, 0 %, 0 %, 35270 MiB, 36.31 W
2026/09/20 06:52:01.591, 1, 24 %, 1 %, 35270 MiB, 37.37 W
2026/09/20 06:52:01.591, 2, 0 %, 0 %, 35271 MiB, 36.65 W
2026/09/20 06:52:06.593, 0, 14 %, 1 %, 35270 MiB, 36.11 W
2026/09/20 06:52:06.593, 1, 0 %, 0 %, 35270 MiB, 35.29 W
2026/09/20 06:52:06.593, 2, 0 %, 0 %, 35271 MiB, 36.54 W
2026/09/20 06:52:11.595, 0, 0 %, 0 %, 35270 MiB, 36.10 W
2026/09/20 06:52:11.595, 1, 0 %, 0 %, 35270 MiB, 35.48 W
2026/09/20 06:52:11.596, 2, 0 %, 0 %, 35271 MiB, 36.65 W
2026/09/20 06:52:16.597, 0, 0 %, 0 %, 35270 MiB, 36.21 W
2026/09/20 06:52:16.597, 1, 15 %, 1 %, 35270 MiB, 35.40 W
2026/09/20 06:52:16.597, 2, 0 %, 0 %, 35271 MiB, 36.75 W
2026/09/20 06:52:21.598, 0, 0 %, 0 %, 35270 MiB, 36.13 W
2026/09/20 06:52:21.598, 1, 0 %, 0 %, 35270 MiB, 35.52 W
2026/09/20 06:52:21.598, 2, 0 %, 0 %, 35271 MiB, 36.77 W
2026/09/20 06:52:26.599, 0, 0 %, 0 %, 35270 MiB, 36.12 W
2026/09/20 06:52:26.599, 1, 10 %, 0 %, 35270 MiB, 35.79 W
2026/09/20 06:52:26.599, 2, 0 %, 0 %, 35271 MiB, 36.54 W
2026/09/20 06:52:31.600, 0, 0 %, 0 %, 35270 MiB, 36.40 W
2026/09/20 06:52:31.601, 1, 0 %, 0 %, 35270 MiB, 35.49 W
2026/09/20 06:52:31.601, 2, 0 %, 0 %, 35271 MiB, 36.75 W
2026/09/20 06:52:36.602, 0, 0 %, 0 %, 35270 MiB, 36.23 W
2026/09/20 06:52:36.602, 1, 0 %, 0 %, 35270 MiB, 35.42 W
2026/09/20 06:52:36.602, 2, 0 %, 0 %, 35271 MiB, 36.77 W
2026/09/20 06:52:41.603, 0, 0 %, 0 %, 35270 MiB, 36.23 W
2026/09/20 06:52:41.604, 1, 25 %, 1 %, 35270 MiB, 35.51 W
2026/09/20 06:52:41.604, 2, 0 %, 0 %, 35271 MiB, 36.77 W
2026/09/20 06:52:46.605, 0, 0 %, 0 %, 35270 MiB, 36.05 W
2026/09/20 06:52:46.605, 1, 0 %, 0 %, 35270 MiB, 35.53 W
2026/09/20 06:52:46.605, 2, 0 %, 0 %, 35271 MiB, 36.57 W
2026/09/20 06:52:51.606, 0, 0 %, 0 %, 35270 MiB, 36.33 W
2026/09/20 06:52:51.607, 1, 0 %, 0 %, 35270 MiB, 35.32 W
2026/09/20 06:52:51.607, 2, 0 %, 0 %, 35271 MiB, 36.77 W
2026/09/20 06:52:56.607, 0, 0 %, 0 %, 35270 MiB, 36.23 W
2026/09/20 06:52:56.607, 1, 0 %, 0 %, 35270 MiB, 35.23 W
2026/09/20 06:52:56.607, 2, 0 %, 0 %, 35271 MiB, 36.57 W
2026/09/20 06:53:01.608, 0, 0 %, 0 %, 35270 MiB, 36.14 W
2026/09/20 06:53:01.608, 1, 0 %, 0 %, 35270 MiB, 35.33 W
2026/09/20 06:53:01.608, 2, 0 %, 0 %, 35271 MiB, 36.67 W
2026/09/20 06:53:06.610, 0, 0 %, 0 %, 35270 MiB, 36.25 W
2026/09/20 06:53:06.610, 1, 0 %, 0 %, 35270 MiB, 35.23 W
2026/09/20 06:53:06.610, 2, 0 %, 0 %, 35271 MiB, 36.57 W
2026/09/20 06:53:11.612, 0, 0 %, 0 %, 35270 MiB, 36.26 W
2026/09/20 06:53:11.612, 1, 0 %, 0 %, 35270 MiB, 35.34 W
2026/09/20 06:53:11.612, 2, 0 %, 0 %, 35271 MiB, 36.80 W
2026/09/20 06:53:16.613, 0, 0 %, 0 %, 35270 MiB, 36.05 W
2026/09/20 06:53:16.614, 1, 0 %, 0 %, 35270 MiB, 35.42 W
2026/09/20 06:53:16.614, 2, 0 %, 0 %, 35271 MiB, 36.67 W
2026/09/20 06:53:21.614, 0, 0 %, 0 %, 35270 MiB, 36.04 W
2026/09/20 06:53:21.615, 1, 0 %, 0 %, 35270 MiB, 35.51 W
2026/09/20 06:53:21.615, 2, 0 %, 0 %, 35271 MiB, 36.66 W
2026/09/20 06:53:26.615, 0, 0 %, 0 %, 35270 MiB, 36.33 W
2026/09/20 06:53:26.615, 1, 25 %, 1 %, 35270 MiB, 35.61 W
2026/09/20 06:53:26.615, 2, 0 %, 0 %, 35271 MiB, 36.77 W
2026/09/20 06:53:31.616, 0, 0 %, 0 %, 35270 MiB, 36.04 W
2026/09/20 06:53:31.616, 1, 0 %, 0 %, 35270 MiB, 35.81 W
2026/09/20 06:53:31.617, 2, 0 %, 0 %, 35271 MiB, 36.66 W
2026/09/20 06:53:36.617, 0, 0 %, 0 %, 35270 MiB, 36.04 W
2026/09/20 06:53:36.617, 1, 0 %, 0 %, 35270 MiB, 35.43 W
2026/09/20 06:53:36.617, 2, 0 %, 0 %, 35271 MiB, 36.68 W
2026/09/20 06:53:41.618, 0, 0 %, 0 %, 35270 MiB, 36.15 W
2026/09/20 06:53:41.618, 1, 0 %, 0 %, 35270 MiB, 35.33 W
2026/09/20 06:53:41.619, 2, 0 %, 0 %, 35271 MiB, 36.66 W
2026/09/20 06:53:46.619, 0, 0 %, 0 %, 35270 MiB, 36.34 W
2026/09/20 06:53:46.620, 1, 0 %, 0 %, 35270 MiB, 35.43 W
2026/09/20 06:53:46.620, 2, 0 %, 0 %, 35271 MiB, 36.78 W
2026/09/20 06:53:51.620, 0, 0 %, 0 %, 35270 MiB, 36.06 W
2026/09/20 06:53:51.621, 1, 0 %, 0 %, 35270 MiB, 35.33 W
2026/09/20 06:53:51.621, 2, 0 %, 0 %, 35271 MiB, 36.48 W
2026/09/20 06:53:56.621, 0, 0 %, 0 %, 35270 MiB, 36.25 W
2026/09/20 06:53:56.622, 1, 0 %, 0 %, 35270 MiB, 35.43 W
2026/09/20 06:53:56.622, 2, 0 %, 0 %, 35271 MiB, 36.57 W
2026/09/20 06:54:01.623, 0, 0 %, 0 %, 35270 MiB, 36.12 W
2026/09/20 06:54:01.623, 1, 0 %, 0 %, 35270 MiB, 36.08 W
2026/09/20 06:54:01.623, 2, 0 %, 0 %, 35271 MiB, 36.56 W
2026/09/20 06:54:06.624, 0, 0 %, 0 %, 35270 MiB, 36.22 W
2026/09/20 06:54:06.624, 1, 49 %, 2 %, 35270 MiB, 36.58 W
2026/09/20 06:54:06.625, 2, 0 %, 0 %, 35271 MiB, 36.66 W
2026/09/20 06:54:11.629, 0, 0 %, 0 %, 35270 MiB, 36.22 W
2026/09/20 06:54:11.629, 1, 25 %, 1 %, 35270 MiB, 35.21 W
2026/09/20 06:54:11.629, 2, 0 %, 0 %, 35271 MiB, 36.56 W
2026/09/20 06:54:16.630, 0, 0 %, 0 %, 35270 MiB, 36.14 W
2026/09/20 06:54:16.630, 1, 0 %, 0 %, 35270 MiB, 43.13 W
2026/09/20 06:54:16.630, 2, 0 %, 0 %, 35271 MiB, 36.57 W
2026/09/20 06:54:21.632, 0, 0 %, 0 %, 35270 MiB, 35.94 W
2026/09/20 06:54:21.632, 1, 25 %, 1 %, 35270 MiB, 35.23 W
2026/09/20 06:54:21.632, 2, 0 %, 0 %, 35271 MiB, 36.57 W
2026/09/20 06:54:26.634, 0, 0 %, 0 %, 35270 MiB, 36.05 W
2026/09/20 06:54:26.634, 1, 0 %, 0 %, 35270 MiB, 35.43 W
2026/09/20 06:54:26.634, 2, 0 %, 0 %, 35271 MiB, 36.57 W
2026/09/20 06:54:31.635, 0, 0 %, 0 %, 35270 MiB, 36.06 W
2026/09/20 06:54:31.636, 1, 0 %, 0 %, 35270 MiB, 35.43 W
2026/09/20 06:54:31.636, 2, 0 %, 0 %, 35271 MiB, 36.48 W
2026/09/20 06:54:36.636, 0, 0 %, 0 %, 35270 MiB, 35.95 W
2026/09/20 06:54:36.636, 1, 0 %, 0 %, 35270 MiB, 35.43 W
2026/09/20 06:54:36.636, 2, 0 %, 0 %, 35271 MiB, 36.58 W
2026/09/20 06:54:41.637, 0, 0 %, 0 %, 35270 MiB, 36.16 W
2026/09/20 06:54:41.638, 1, 0 %, 0 %, 35270 MiB, 35.33 W
2026/09/20 06:54:41.638, 2, 0 %, 0 %, 35271 MiB, 36.79 W
2026/09/20 06:54:46.638, 0, 0 %, 0 %, 35270 MiB, 36.04 W
2026/09/20 06:54:46.639, 1, 0 %, 0 %, 35270 MiB, 35.32 W
2026/09/20 06:54:46.639, 2, 0 %, 0 %, 35271 MiB, 36.68 W
2026/09/20 06:54:51.639, 0, 0 %, 0 %, 35270 MiB, 36.06 W
2026/09/20 06:54:51.640, 1, 0 %, 0 %, 35270 MiB, 35.52 W
2026/09/20 06:54:51.640, 2, 0 %, 0 %, 35271 MiB, 36.57 W
2026/09/20 06:54:56.640, 0, 0 %, 0 %, 35270 MiB, 36.04 W
2026/09/20 06:54:56.641, 1, 0 %, 0 %, 35270 MiB, 35.51 W
2026/09/20 06:54:56.641, 2, 0 %, 0 %, 35271 MiB, 36.36 W
2026/09/20 06:55:01.641, 0, 0 %, 0 %, 35270 MiB, 36.13 W
2026/09/20 06:55:01.641, 1, 0 %, 0 %, 35270 MiB, 35.22 W
2026/09/20 06:55:01.641, 2, 0 %, 0 %, 35271 MiB, 36.57 W
2026/09/20 06:55:06.642, 0, 0 %, 0 %, 35270 MiB, 36.04 W
2026/09/20 06:55:06.642, 1, 0 %, 0 %, 35270 MiB, 35.42 W
2026/09/20 06:55:06.642, 2, 0 %, 0 %, 35271 MiB, 36.36 W
2026/09/20 06:55:11.643, 0, 0 %, 0 %, 35270 MiB, 36.04 W
2026/09/20 06:55:11.644, 1, 0 %, 0 %, 35270 MiB, 35.30 W
2026/09/20 06:55:11.644, 2, 0 %, 0 %, 35271 MiB, 36.45 W
2026/09/20 06:55:16.645, 0, 0 %, 0 %, 35270 MiB, 36.04 W
2026/09/20 06:55:16.645, 1, 25 %, 1 %, 35270 MiB, 35.30 W
2026/09/20 06:55:16.645, 2, 0 %, 0 %, 35271 MiB, 36.35 W
2026/09/20 06:55:21.647, 0, 0 %, 0 %, 35270 MiB, 36.25 W
2026/09/20 06:55:21.647, 1, 0 %, 0 %, 35270 MiB, 35.23 W
2026/09/20 06:55:21.647, 2, 0 %, 0 %, 35271 MiB, 36.48 W
2026/09/20 06:55:26.648, 0, 0 %, 0 %, 35270 MiB, 36.16 W
2026/09/20 06:55:26.649, 1, 0 %, 0 %, 35270 MiB, 35.33 W
2026/09/20 06:55:26.649, 2, 0 %, 0 %, 35271 MiB, 36.47 W
2026/09/20 06:55:31.649, 0, 0 %, 0 %, 35270 MiB, 35.95 W
2026/09/20 06:55:31.649, 1, 0 %, 0 %, 35270 MiB, 35.23 W
2026/09/20 06:55:31.649, 2, 0 %, 0 %, 35271 MiB, 36.47 W
2026/09/20 06:55:36.649, 0, 0 %, 0 %, 35270 MiB, 36.15 W
2026/09/20 06:55:36.650, 1, 0 %, 0 %, 35270 MiB, 35.23 W
2026/09/20 06:55:36.650, 2, 0 %, 0 %, 35271 MiB, 36.69 W
2026/09/20 06:55:41.650, 0, 0 %, 0 %, 35270 MiB, 36.06 W
2026/09/20 06:55:41.651, 1, 0 %, 0 %, 35270 MiB, 35.43 W
2026/09/20 06:55:41.651, 2, 0 %, 0 %, 35271 MiB, 36.47 W
2026/09/20 06:55:46.651, 0, 0 %, 0 %, 35270 MiB, 35.96 W
2026/09/20 06:55:46.651, 1, 0 %, 0 %, 35270 MiB, 35.34 W
2026/09/20 06:55:46.651, 2, 0 %, 0 %, 35271 MiB, 36.59 W
2026/09/20 06:55:51.652, 0, 0 %, 0 %, 35270 MiB, 35.96 W
2026/09/20 06:55:51.652, 1, 0 %, 0 %, 35270 MiB, 35.34 W
2026/09/20 06:55:51.652, 2, 0 %, 0 %, 35271 MiB, 36.49 W
2026/09/20 06:55:56.652, 0, 0 %, 0 %, 35270 MiB, 36.06 W
2026/09/20 06:55:56.652, 1, 0 %, 0 %, 35270 MiB, 35.33 W
2026/09/20 06:55:56.652, 2, 0 %, 0 %, 35271 MiB, 36.59 W
2026/09/20 06:56:01.653, 0, 0 %, 0 %, 35270 MiB, 35.95 W
2026/09/20 06:56:01.653, 1, 0 %, 0 %, 35270 MiB, 35.53 W
2026/09/20 06:56:01.653, 2, 0 %, 0 %, 35271 MiB, 36.57 W
2026/09/20 06:56:06.654, 0, 0 %, 0 %, 35270 MiB, 36.04 W
2026/09/20 06:56:06.654, 1, 0 %, 0 %, 35270 MiB, 35.33 W
2026/09/20 06:56:06.654, 2, 0 %, 0 %, 35271 MiB, 36.26 W
2026/09/20 06:56:11.655, 0, 0 %, 0 %, 35270 MiB, 36.04 W
2026/09/20 06:56:11.656, 1, 0 %, 0 %, 35270 MiB, 35.32 W
2026/09/20 06:56:11.656, 2, 0 %, 0 %, 35271 MiB, 36.36 W
2026/09/20 06:56:16.656, 0, 0 %, 0 %, 35270 MiB, 36.04 W
2026/09/20 06:56:16.657, 1, 0 %, 0 %, 35270 MiB, 35.42 W
2026/09/20 06:56:16.657, 2, 0 %, 0 %, 35271 MiB, 36.36 W
2026/09/20 06:56:21.660, 0, 0 %, 0 %, 35270 MiB, 36.12 W
2026/09/20 06:56:21.660, 1, 20 %, 1 %, 35270 MiB, 35.31 W
2026/09/20 06:56:21.661, 2, 0 %, 0 %, 35271 MiB, 36.35 W
2026/09/20 06:56:26.661, 0, 0 %, 0 %, 35270 MiB, 36.14 W
2026/09/20 06:56:26.661, 1, 25 %, 1 %, 35270 MiB, 35.32 W
2026/09/20 06:56:26.661, 2, 0 %, 0 %, 35271 MiB, 36.36 W
2026/09/20 06:56:31.663, 0, 0 %, 0 %, 35270 MiB, 36.31 W
2026/09/20 06:56:31.663, 1, 25 %, 1 %, 35270 MiB, 35.31 W
2026/09/20 06:56:31.663, 2, 0 %, 0 %, 35271 MiB, 36.47 W
2026/09/20 06:56:36.664, 0, 0 %, 0 %, 35270 MiB, 35.95 W
2026/09/20 06:56:36.665, 1, 0 %, 0 %, 35270 MiB, 35.33 W
2026/09/20 06:56:36.665, 2, 0 %, 0 %, 35271 MiB, 36.36 W
2026/09/20 06:56:41.665, 0, 0 %, 0 %, 35270 MiB, 35.94 W
2026/09/20 06:56:41.665, 1, 0 %, 0 %, 35270 MiB, 35.23 W
2026/09/20 06:56:41.665, 2, 0 %, 0 %, 35271 MiB, 36.28 W
2026/09/20 06:56:46.667, 0, 0 %, 0 %, 35270 MiB, 35.95 W
2026/09/20 06:56:46.667, 1, 0 %, 0 %, 35270 MiB, 35.82 W
2026/09/20 06:56:46.667, 2, 0 %, 0 %, 35271 MiB, 36.36 W
2026/09/20 06:56:51.668, 0, 0 %, 0 %, 35270 MiB, 36.04 W
2026/09/20 06:56:51.668, 1, 0 %, 0 %, 35270 MiB, 35.33 W
2026/09/20 06:56:51.668, 2, 0 %, 0 %, 35271 MiB, 36.46 W
2026/09/20 06:56:56.668, 0, 0 %, 0 %, 35270 MiB, 36.04 W
2026/09/20 06:56:56.669, 1, 25 %, 1 %, 35270 MiB, 35.32 W
2026/09/20 06:56:56.669, 2, 0 %, 0 %, 35271 MiB, 36.48 W
2026/09/20 06:57:01.670, 0, 0 %, 0 %, 35270 MiB, 35.96 W
2026/09/20 06:57:01.670, 1, 0 %, 0 %, 35270 MiB, 35.23 W
2026/09/20 06:57:01.670, 2, 0 %, 0 %, 35271 MiB, 36.38 W
2026/09/20 06:57:06.670, 0, 0 %, 0 %, 35270 MiB, 35.96 W
2026/09/20 06:57:06.670, 1, 0 %, 0 %, 35270 MiB, 35.33 W
2026/09/20 06:57:06.671, 2, 0 %, 0 %, 35271 MiB, 36.38 W
2026/09/20 06:57:11.671, 0, 0 %, 0 %, 35270 MiB, 36.16 W
2026/09/20 06:57:11.671, 1, 0 %, 0 %, 35270 MiB, 41.23 W
2026/09/20 06:57:11.671, 2, 0 %, 0 %, 35271 MiB, 36.19 W
2026/09/20 06:57:16.672, 0, 0 %, 0 %, 35270 MiB, 35.96 W
2026/09/20 06:57:16.672, 1, 0 %, 0 %, 35270 MiB, 35.24 W
2026/09/20 06:57:16.672, 2, 0 %, 0 %, 35271 MiB, 36.26 W
2026/09/20 06:57:21.674, 0, 0 %, 0 %, 35270 MiB, 36.06 W
2026/09/20 06:57:21.674, 1, 0 %, 0 %, 35270 MiB, 35.24 W
2026/09/20 06:57:21.674, 2, 0 %, 0 %, 35271 MiB, 36.27 W
2026/09/20 06:57:26.675, 0, 0 %, 0 %, 35270 MiB, 36.06 W
2026/09/20 06:57:26.676, 1, 0 %, 0 %, 35270 MiB, 35.33 W
2026/09/20 06:57:26.676, 2, 0 %, 0 %, 35271 MiB, 36.48 W
2026/09/20 06:57:31.677, 0, 0 %, 0 %, 35270 MiB, 36.04 W
2026/09/20 06:57:31.677, 1, 0 %, 0 %, 35270 MiB, 35.22 W
2026/09/20 06:57:31.677, 2, 0 %, 0 %, 35271 MiB, 36.36 W
2026/09/20 06:57:36.679, 0, 0 %, 0 %, 35270 MiB, 36.01 W
2026/09/20 06:57:36.679, 1, 0 %, 0 %, 35270 MiB, 35.21 W
2026/09/20 06:57:36.679, 2, 0 %, 0 %, 35271 MiB, 36.64 W
2026/09/20 06:57:41.681, 0, 0 %, 0 %, 35270 MiB, 35.92 W
2026/09/20 06:57:41.681, 1, 0 %, 0 %, 35270 MiB, 35.29 W
2026/09/20 06:57:41.681, 2, 0 %, 0 %, 35271 MiB, 36.43 W
2026/09/20 06:57:46.683, 0, 0 %, 0 %, 35270 MiB, 35.83 W
2026/09/20 06:57:46.683, 1, 0 %, 0 %, 35270 MiB, 35.40 W
2026/09/20 06:57:46.683, 2, 0 %, 0 %, 35271 MiB, 36.65 W
2026/09/20 06:57:51.685, 0, 0 %, 0 %, 35270 MiB, 35.82 W
2026/09/20 06:57:51.685, 1, 0 %, 0 %, 35270 MiB, 35.29 W
2026/09/20 06:57:51.685, 2, 0 %, 0 %, 35271 MiB, 36.44 W
2026/09/20 06:57:56.686, 0, 0 %, 0 %, 35270 MiB, 35.92 W
2026/09/20 06:57:56.687, 1, 0 %, 0 %, 35270 MiB, 35.30 W
2026/09/20 06:57:56.687, 2, 0 %, 0 %, 35271 MiB, 36.54 W
2026/09/20 06:58:01.688, 0, 0 %, 0 %, 35270 MiB, 35.93 W
2026/09/20 06:58:01.688, 1, 0 %, 0 %, 35270 MiB, 35.21 W
2026/09/20 06:58:01.688, 2, 0 %, 0 %, 35271 MiB, 36.57 W
2026/09/20 06:58:06.690, 0, 0 %, 0 %, 35270 MiB, 36.01 W
2026/09/20 06:58:06.690, 1, 0 %, 0 %, 35270 MiB, 35.30 W
2026/09/20 06:58:06.690, 2, 0 %, 0 %, 35271 MiB, 36.55 W
2026/09/20 06:58:11.695, 0, 0 %, 0 %, 35270 MiB, 35.82 W
2026/09/20 06:58:11.695, 1, 0 %, 0 %, 35270 MiB, 35.30 W
2026/09/20 06:58:11.695, 2, 0 %, 0 %, 35271 MiB, 36.54 W
2026/09/20 06:58:16.696, 0, 0 %, 0 %, 35270 MiB, 35.92 W
2026/09/20 06:58:16.696, 1, 0 %, 0 %, 35270 MiB, 35.30 W
2026/09/20 06:58:16.696, 2, 0 %, 0 %, 35271 MiB, 36.54 W
2026/09/20 06:58:21.698, 0, 0 %, 0 %, 35270 MiB, 35.92 W
2026/09/20 06:58:21.698, 1, 0 %, 0 %, 35270 MiB, 35.39 W
2026/09/20 06:58:21.698, 2, 0 %, 0 %, 35271 MiB, 36.33 W
2026/09/20 06:58:26.700, 0, 0 %, 0 %, 35270 MiB, 36.01 W
2026/09/20 06:58:26.700, 1, 0 %, 0 %, 35270 MiB, 35.18 W
2026/09/20 06:58:26.700, 2, 0 %, 0 %, 35271 MiB, 36.43 W
2026/09/20 06:58:31.704, 0, 0 %, 0 %, 35270 MiB, 36.11 W
2026/09/20 06:58:31.704, 1, 0 %, 0 %, 35270 MiB, 35.18 W
2026/09/20 06:58:31.704, 2, 0 %, 0 %, 35271 MiB, 36.33 W
2026/09/20 06:58:36.705, 0, 0 %, 0 %, 35270 MiB, 36.03 W
2026/09/20 06:58:36.705, 1, 0 %, 0 %, 35270 MiB, 35.30 W
2026/09/20 06:58:36.705, 2, 0 %, 0 %, 35271 MiB, 36.34 W
2026/09/20 06:58:41.706, 0, 0 %, 0 %, 35270 MiB, 36.01 W
2026/09/20 06:58:41.706, 1, 0 %, 0 %, 35270 MiB, 35.29 W
2026/09/20 06:58:41.706, 2, 0 %, 0 %, 35271 MiB, 36.33 W
2026/09/20 06:58:46.707, 0, 0 %, 0 %, 35270 MiB, 36.01 W
2026/09/20 06:58:46.707, 1, 0 %, 0 %, 35270 MiB, 35.19 W
2026/09/20 06:58:46.707, 2, 0 %, 0 %, 35271 MiB, 36.54 W
2026/09/20 06:58:51.709, 0, 0 %, 0 %, 35270 MiB, 35.83 W
2026/09/20 06:58:51.709, 1, 0 %, 0 %, 35270 MiB, 35.21 W
2026/09/20 06:58:51.709, 2, 0 %, 0 %, 35271 MiB, 36.43 W
2026/09/20 06:58:56.714, 0, 0 %, 0 %, 35270 MiB, 36.31 W
2026/09/20 06:58:56.715, 1, 0 %, 0 %, 35270 MiB, 35.51 W
2026/09/20 06:58:56.715, 2, 0 %, 0 %, 35271 MiB, 36.54 W
2026/09/20 06:59:01.716, 0, 0 %, 0 %, 35270 MiB, 36.01 W
2026/09/20 06:59:01.716, 1, 0 %, 0 %, 35270 MiB, 35.29 W
2026/09/20 06:59:01.716, 2, 0 %, 0 %, 35271 MiB, 36.64 W
2026/09/20 06:59:06.718, 0, 0 %, 0 %, 35270 MiB, 35.93 W
2026/09/20 06:59:06.719, 1, 0 %, 0 %, 35270 MiB, 35.31 W
2026/09/20 06:59:06.719, 2, 0 %, 0 %, 35271 MiB, 36.54 W
2026/09/20 06:59:11.720, 0, 0 %, 0 %, 35270 MiB, 35.92 W
2026/09/20 06:59:11.720, 1, 0 %, 0 %, 35270 MiB, 35.38 W
2026/09/20 06:59:11.720, 2, 0 %, 0 %, 35271 MiB, 36.54 W
2026/09/20 06:59:16.721, 0, 0 %, 0 %, 35270 MiB, 35.92 W
2026/09/20 06:59:16.721, 1, 0 %, 0 %, 35270 MiB, 35.51 W
2026/09/20 06:59:16.721, 2, 0 %, 0 %, 35271 MiB, 36.65 W
2026/09/20 06:59:21.723, 0, 0 %, 0 %, 35270 MiB, 36.01 W
2026/09/20 06:59:21.723, 1, 0 %, 0 %, 35270 MiB, 35.40 W
2026/09/20 06:59:21.723, 2, 0 %, 0 %, 35271 MiB, 36.75 W
2026/09/20 06:59:26.725, 0, 0 %, 0 %, 35270 MiB, 35.92 W
2026/09/20 06:59:26.725, 1, 0 %, 0 %, 35270 MiB, 35.30 W
2026/09/20 06:59:26.725, 2, 0 %, 0 %, 35271 MiB, 36.44 W
2026/09/20 06:59:31.727, 0, 0 %, 0 %, 35270 MiB, 36.04 W
2026/09/20 06:59:31.727, 1, 0 %, 0 %, 35270 MiB, 35.12 W
2026/09/20 06:59:31.727, 2, 0 %, 0 %, 35271 MiB, 36.57 W
2026/09/20 06:59:36.729, 0, 0 %, 0 %, 35270 MiB, 36.23 W
2026/09/20 06:59:36.729, 1, 0 %, 0 %, 35270 MiB, 35.23 W
2026/09/20 06:59:36.729, 2, 0 %, 0 %, 35271 MiB, 36.46 W
2026/09/20 06:59:41.731, 0, 0 %, 0 %, 35270 MiB, 36.04 W
2026/09/20 06:59:41.731, 1, 0 %, 0 %, 35270 MiB, 35.21 W
2026/09/20 06:59:41.731, 2, 0 %, 0 %, 35271 MiB, 36.68 W
2026/09/20 06:59:46.732, 0, 0 %, 0 %, 35270 MiB, 36.04 W
2026/09/20 06:59:46.732, 1, 0 %, 0 %, 35270 MiB, 35.14 W
2026/09/20 06:59:46.732, 2, 0 %, 0 %, 35271 MiB, 36.47 W
2026/09/20 06:59:51.733, 0, 0 %, 0 %, 35270 MiB, 36.03 W
2026/09/20 06:59:51.734, 1, 0 %, 0 %, 35270 MiB, 35.51 W
2026/09/20 06:59:51.734, 2, 0 %, 0 %, 35271 MiB, 36.57 W
2026/09/20 06:59:56.734, 0, 0 %, 0 %, 35270 MiB, 36.04 W
2026/09/20 06:59:56.734, 1, 0 %, 0 %, 35270 MiB, 35.33 W
2026/09/20 06:59:56.734, 2, 0 %, 0 %, 35271 MiB, 36.58 W
2026/09/20 07:00:01.735, 0, 0 %, 0 %, 35270 MiB, 35.86 W
2026/09/20 07:00:01.735, 1, 0 %, 0 %, 35270 MiB, 35.23 W
2026/09/20 07:00:01.735, 2, 0 %, 0 %, 35271 MiB, 36.70 W
2026/09/20 07:00:06.735, 0, 0 %, 0 %, 35270 MiB, 35.96 W
2026/09/20 07:00:06.736, 1, 0 %, 0 %, 35270 MiB, 35.13 W
2026/09/20 07:00:06.736, 2, 0 %, 0 %, 35271 MiB, 36.68 W
2026/09/20 07:00:11.736, 0, 0 %, 0 %, 35270 MiB, 35.96 W
2026/09/20 07:00:11.737, 1, 0 %, 0 %, 35270 MiB, 35.44 W
2026/09/20 07:00:11.737, 2, 0 %, 0 %, 35271 MiB, 36.59 W
2026/09/20 07:00:16.737, 0, 100 %, 7 %, 35270 MiB, 94.07 W
2026/09/20 07:00:16.737, 1, 100 %, 10 %, 35270 MiB, 82.58 W
2026/09/20 07:00:16.737, 2, 100 %, 14 %, 35271 MiB, 86.89 W
2026/09/20 07:00:21.738, 0, 100 %, 13 %, 35270 MiB, 84.97 W
2026/09/20 07:00:21.738, 1, 100 %, 7 %, 35270 MiB, 133.35 W
2026/09/20 07:00:21.738, 2, 100 %, 7 %, 35271 MiB, 87.24 W
2026/09/20 07:00:26.738, 0, 100 %, 11 %, 35270 MiB, 87.79 W
2026/09/20 07:00:26.739, 1, 100 %, 7 %, 35270 MiB, 83.00 W
2026/09/20 07:00:26.739, 2, 100 %, 7 %, 35271 MiB, 87.12 W
2026/09/20 07:00:31.739, 0, 100 %, 7 %, 35270 MiB, 88.82 W
2026/09/20 07:00:31.740, 1, 100 %, 7 %, 35270 MiB, 85.54 W
2026/09/20 07:00:31.740, 2, 99 %, 19 %, 35271 MiB, 153.20 W
2026/09/20 07:00:36.740, 0, 0 %, 0 %, 35270 MiB, 58.90 W
2026/09/20 07:00:36.740, 1, 0 %, 0 %, 35270 MiB, 56.48 W
2026/09/20 07:00:36.740, 2, 0 %, 0 %, 35271 MiB, 57.51 W
2026/09/20 07:00:41.742, 0, 0 %, 0 %, 35270 MiB, 36.89 W
2026/09/20 07:00:41.742, 1, 0 %, 0 %, 35270 MiB, 35.98 W
2026/09/20 07:00:41.742, 2, 0 %, 0 %, 35271 MiB, 37.14 W
2026/09/20 07:00:46.744, 0, 0 %, 0 %, 35270 MiB, 36.89 W
2026/09/20 07:00:46.744, 1, 0 %, 0 %, 35270 MiB, 35.88 W
2026/09/20 07:00:46.744, 2, 0 %, 0 %, 35271 MiB, 37.04 W
2026/09/20 07:00:51.746, 0, 0 %, 0 %, 35270 MiB, 36.79 W
2026/09/20 07:00:51.746, 1, 0 %, 0 %, 35270 MiB, 35.99 W
2026/09/20 07:00:51.746, 2, 0 %, 0 %, 35271 MiB, 37.04 W
2026/09/20 07:00:56.747, 0, 0 %, 0 %, 35270 MiB, 36.89 W
2026/09/20 07:00:56.747, 1, 0 %, 0 %, 35270 MiB, 35.78 W
2026/09/20 07:00:56.747, 2, 0 %, 0 %, 35271 MiB, 36.94 W
2026/09/20 07:01:01.749, 0, 0 %, 0 %, 35270 MiB, 36.70 W
2026/09/20 07:01:01.749, 1, 0 %, 0 %, 35270 MiB, 35.78 W
2026/09/20 07:01:01.749, 2, 0 %, 0 %, 35271 MiB, 36.94 W
2026/09/20 07:01:06.751, 0, 0 %, 0 %, 35270 MiB, 36.31 W
2026/09/20 07:01:06.751, 1, 0 %, 0 %, 35270 MiB, 35.89 W
2026/09/20 07:01:06.751, 2, 0 %, 0 %, 35271 MiB, 36.85 W
2026/09/20 07:01:11.753, 0, 0 %, 0 %, 35270 MiB, 36.61 W
2026/09/20 07:01:11.753, 1, 0 %, 0 %, 35270 MiB, 35.69 W
2026/09/20 07:01:11.753, 2, 0 %, 0 %, 35271 MiB, 36.86 W
2026/09/20 07:01:16.754, 0, 0 %, 0 %, 35270 MiB, 36.43 W
2026/09/20 07:01:16.755, 1, 0 %, 0 %, 35270 MiB, 35.71 W
2026/09/20 07:01:16.755, 2, 0 %, 0 %, 35271 MiB, 36.97 W
2026/09/20 07:01:21.756, 0, 0 %, 0 %, 35270 MiB, 36.48 W
2026/09/20 07:01:21.756, 1, 0 %, 0 %, 35270 MiB, 35.67 W
2026/09/20 07:01:21.756, 2, 0 %, 0 %, 35271 MiB, 36.92 W
2026/09/20 07:01:26.758, 0, 0 %, 0 %, 35270 MiB, 36.41 W
2026/09/20 07:01:26.758, 1, 0 %, 0 %, 35270 MiB, 35.79 W
2026/09/20 07:01:26.758, 2, 0 %, 0 %, 35271 MiB, 36.75 W
2026/09/20 07:01:31.763, 0, 11 %, 0 %, 35270 MiB, 36.40 W
2026/09/20 07:01:31.763, 1, 0 %, 0 %, 35270 MiB, 35.69 W
2026/09/20 07:01:31.763, 2, 0 %, 0 %, 35271 MiB, 37.04 W
2026/09/20 07:01:36.763, 0, 0 %, 0 %, 35270 MiB, 36.31 W
2026/09/20 07:01:36.763, 1, 0 %, 0 %, 35270 MiB, 35.68 W
2026/09/20 07:01:36.764, 2, 0 %, 0 %, 35271 MiB, 36.85 W
2026/09/20 07:01:41.764, 0, 0 %, 0 %, 35270 MiB, 39.55 W
2026/09/20 07:01:41.764, 1, 0 %, 0 %, 35270 MiB, 35.68 W
2026/09/20 07:01:41.764, 2, 0 %, 0 %, 35271 MiB, 36.54 W
2026/09/20 07:01:46.766, 0, 5 %, 0 %, 35270 MiB, 43.34 W
2026/09/20 07:01:46.766, 1, 0 %, 0 %, 35270 MiB, 35.51 W
2026/09/20 07:01:46.766, 2, 0 %, 0 %, 35271 MiB, 36.66 W
2026/09/20 07:01:51.768, 0, 24 %, 1 %, 35270 MiB, 36.41 W
2026/09/20 07:01:51.768, 1, 20 %, 1 %, 35270 MiB, 39.05 W
2026/09/20 07:01:51.768, 2, 0 %, 0 %, 35271 MiB, 36.75 W
2026/09/20 07:01:56.770, 0, 33 %, 1 %, 35270 MiB, 36.40 W
2026/09/20 07:01:56.770, 1, 0 %, 0 %, 35270 MiB, 35.48 W
2026/09/20 07:01:56.771, 2, 0 %, 0 %, 35271 MiB, 36.75 W
2026/09/20 07:02:01.771, 0, 0 %, 0 %, 35270 MiB, 36.49 W
2026/09/20 07:02:01.772, 1, 0 %, 0 %, 35270 MiB, 35.58 W
2026/09/20 07:02:01.772, 2, 0 %, 0 %, 35271 MiB, 36.54 W
2026/09/20 07:02:06.773, 0, 30 %, 1 %, 35270 MiB, 36.40 W
2026/09/20 07:02:06.773, 1, 0 %, 0 %, 35270 MiB, 35.48 W
2026/09/20 07:02:06.774, 2, 0 %, 0 %, 35271 MiB, 36.54 W
2026/09/20 07:02:11.775, 0, 15 %, 1 %, 35270 MiB, 36.09 W
2026/09/20 07:02:11.776, 1, 0 %, 0 %, 35270 MiB, 35.57 W
2026/09/20 07:02:11.776, 2, 0 %, 0 %, 35271 MiB, 36.74 W
2026/09/20 07:02:16.777, 0, 18 %, 1 %, 35270 MiB, 36.31 W
2026/09/20 07:02:16.777, 1, 0 %, 0 %, 35270 MiB, 35.49 W
2026/09/20 07:02:16.778, 2, 0 %, 0 %, 35271 MiB, 36.64 W
2026/09/20 07:02:21.779, 0, 25 %, 1 %, 35270 MiB, 36.20 W
2026/09/20 07:02:21.779, 1, 5 %, 0 %, 35270 MiB, 35.48 W
2026/09/20 07:02:21.779, 2, 0 %, 0 %, 35271 MiB, 36.54 W
2026/09/20 07:02:26.781, 0, 20 %, 1 %, 35270 MiB, 36.18 W
2026/09/20 07:02:26.781, 1, 0 %, 0 %, 35270 MiB, 35.57 W
2026/09/20 07:02:26.781, 2, 0 %, 0 %, 35271 MiB, 36.62 W
2026/09/20 07:02:31.781, 0, 0 %, 0 %, 35270 MiB, 36.18 W
2026/09/20 07:02:31.781, 1, 0 %, 0 %, 35270 MiB, 35.48 W
2026/09/20 07:02:31.781, 2, 0 %, 0 %, 35271 MiB, 36.73 W
2026/09/20 07:02:36.783, 0, 0 %, 0 %, 35270 MiB, 36.21 W
2026/09/20 07:02:36.783, 1, 0 %, 0 %, 35270 MiB, 35.68 W
2026/09/20 07:02:36.783, 2, 0 %, 0 %, 35271 MiB, 36.74 W
2026/09/20 07:02:41.785, 0, 0 %, 0 %, 35270 MiB, 36.40 W
2026/09/20 07:02:41.785, 1, 0 %, 0 %, 35270 MiB, 35.58 W
2026/09/20 07:02:41.785, 2, 0 %, 0 %, 35271 MiB, 36.75 W
2026/09/20 07:02:46.787, 0, 0 %, 0 %, 35270 MiB, 36.78 W
2026/09/20 07:02:46.787, 1, 0 %, 0 %, 35270 MiB, 35.48 W
2026/09/20 07:02:46.787, 2, 0 %, 0 %, 35271 MiB, 36.63 W
2026/09/20 07:02:51.788, 0, 25 %, 1 %, 35270 MiB, 36.28 W
2026/09/20 07:02:51.788, 1, 0 %, 0 %, 35270 MiB, 35.38 W
2026/09/20 07:02:51.789, 2, 0 %, 0 %, 35271 MiB, 36.53 W
2026/09/20 07:02:56.790, 0, 0 %, 0 %, 35270 MiB, 36.20 W
2026/09/20 07:02:56.790, 1, 0 %, 0 %, 35270 MiB, 35.40 W
2026/09/20 07:02:56.790, 2, 0 %, 0 %, 35271 MiB, 36.44 W
2026/09/20 07:03:01.792, 0, 15 %, 1 %, 35270 MiB, 36.30 W
2026/09/20 07:03:01.792, 1, 0 %, 0 %, 35270 MiB, 35.38 W
2026/09/20 07:03:01.792, 2, 0 %, 0 %, 35271 MiB, 36.54 W
2026/09/20 07:03:06.794, 0, 0 %, 0 %, 35270 MiB, 36.29 W
2026/09/20 07:03:06.794, 1, 0 %, 0 %, 35270 MiB, 35.38 W
2026/09/20 07:03:06.795, 2, 0 %, 0 %, 35271 MiB, 36.73 W
2026/09/20 07:03:11.796, 0, 0 %, 0 %, 35270 MiB, 36.29 W
2026/09/20 07:03:11.796, 1, 0 %, 0 %, 35270 MiB, 35.58 W
2026/09/20 07:03:11.796, 2, 0 %, 0 %, 35271 MiB, 36.54 W
2026/09/20 07:03:16.797, 0, 0 %, 0 %, 35270 MiB, 36.42 W
2026/09/20 07:03:16.797, 1, 0 %, 0 %, 35270 MiB, 35.41 W
2026/09/20 07:03:16.797, 2, 0 %, 0 %, 35271 MiB, 36.56 W
2026/09/20 07:03:21.803, 0, 0 %, 0 %, 35270 MiB, 36.19 W
2026/09/20 07:03:21.803, 1, 24 %, 1 %, 35270 MiB, 35.48 W
2026/09/20 07:03:21.804, 2, 0 %, 0 %, 35271 MiB, 36.53 W
2026/09/20 07:03:26.805, 0, 0 %, 0 %, 35270 MiB, 36.10 W
2026/09/20 07:03:26.805, 1, 0 %, 0 %, 35270 MiB, 35.38 W
2026/09/20 07:03:26.806, 2, 0 %, 0 %, 35271 MiB, 36.62 W
2026/09/20 07:03:31.807, 0, 22 %, 1 %, 35270 MiB, 36.21 W
2026/09/20 07:03:31.807, 1, 0 %, 0 %, 35270 MiB, 35.49 W
2026/09/20 07:03:31.807, 2, 0 %, 0 %, 35271 MiB, 36.64 W
2026/09/20 07:03:36.809, 0, 0 %, 0 %, 35270 MiB, 39.08 W
2026/09/20 07:03:36.809, 1, 23 %, 1 %, 35270 MiB, 35.49 W
2026/09/20 07:03:36.809, 2, 0 %, 0 %, 35271 MiB, 36.54 W
2026/09/20 07:03:41.811, 0, 0 %, 0 %, 35270 MiB, 36.23 W
2026/09/20 07:03:41.811, 1, 0 %, 0 %, 35270 MiB, 35.31 W
2026/09/20 07:03:41.811, 2, 0 %, 0 %, 35271 MiB, 36.75 W
2026/09/20 07:03:46.812, 0, 0 %, 0 %, 35270 MiB, 36.11 W
2026/09/20 07:03:46.812, 1, 0 %, 0 %, 35270 MiB, 35.69 W
2026/09/20 07:03:46.812, 2, 0 %, 0 %, 35271 MiB, 36.64 W
2026/09/20 07:03:51.813, 0, 0 %, 0 %, 35270 MiB, 36.21 W
2026/09/20 07:03:51.814, 1, 0 %, 0 %, 35270 MiB, 35.60 W
2026/09/20 07:03:51.814, 2, 0 %, 0 %, 35271 MiB, 36.75 W
2026/09/20 07:03:56.815, 0, 0 %, 0 %, 35270 MiB, 36.18 W
2026/09/20 07:03:56.815, 1, 0 %, 0 %, 35270 MiB, 35.48 W
2026/09/20 07:03:56.815, 2, 0 %, 0 %, 35271 MiB, 36.54 W
2026/09/20 07:04:01.817, 0, 0 %, 0 %, 35270 MiB, 36.31 W
2026/09/20 07:04:01.817, 1, 0 %, 0 %, 35270 MiB, 35.30 W
2026/09/20 07:04:01.818, 2, 0 %, 0 %, 35271 MiB, 36.54 W
2026/09/20 07:04:06.819, 0, 0 %, 0 %, 35270 MiB, 36.18 W
2026/09/20 07:04:06.819, 1, 0 %, 0 %, 35270 MiB, 36.27 W
2026/09/20 07:04:06.820, 2, 0 %, 0 %, 35271 MiB, 36.54 W
2026/09/20 07:04:11.820, 0, 0 %, 0 %, 35270 MiB, 36.31 W
2026/09/20 07:04:11.820, 1, 0 %, 0 %, 35270 MiB, 35.40 W
2026/09/20 07:04:11.821, 2, 0 %, 0 %, 35271 MiB, 36.54 W
2026/09/20 07:04:16.821, 0, 10 %, 0 %, 35270 MiB, 40.35 W
2026/09/20 07:04:16.821, 1, 0 %, 0 %, 35270 MiB, 35.27 W
2026/09/20 07:04:16.821, 2, 0 %, 0 %, 35271 MiB, 36.62 W
2026/09/20 07:04:21.823, 0, 0 %, 0 %, 35270 MiB, 36.19 W
2026/09/20 07:04:21.823, 1, 0 %, 0 %, 35270 MiB, 35.58 W
2026/09/20 07:04:21.823, 2, 0 %, 0 %, 35271 MiB, 36.63 W
2026/09/20 07:04:26.825, 0, 0 %, 0 %, 35270 MiB, 47.08 W
2026/09/20 07:04:26.825, 1, 0 %, 0 %, 35270 MiB, 35.49 W
2026/09/20 07:04:26.825, 2, 0 %, 0 %, 35271 MiB, 36.54 W
2026/09/20 07:04:31.830, 0, 0 %, 0 %, 35270 MiB, 36.21 W
2026/09/20 07:04:31.830, 1, 0 %, 0 %, 35270 MiB, 35.39 W
2026/09/20 07:04:31.830, 2, 0 %, 0 %, 35271 MiB, 36.54 W
2026/09/20 07:04:36.831, 0, 0 %, 0 %, 35270 MiB, 36.01 W
2026/09/20 07:04:36.831, 1, 0 %, 0 %, 35270 MiB, 36.27 W
2026/09/20 07:04:36.831, 2, 0 %, 0 %, 35271 MiB, 36.84 W
2026/09/20 07:04:41.833, 0, 0 %, 0 %, 35270 MiB, 36.11 W
2026/09/20 07:04:41.833, 1, 0 %, 0 %, 35270 MiB, 35.58 W
2026/09/20 07:04:41.833, 2, 0 %, 0 %, 35271 MiB, 36.75 W
2026/09/20 07:04:46.834, 0, 0 %, 0 %, 35270 MiB, 36.13 W
2026/09/20 07:04:46.834, 1, 0 %, 0 %, 35270 MiB, 35.51 W
2026/09/20 07:04:46.834, 2, 0 %, 0 %, 35271 MiB, 36.66 W
2026/09/20 07:04:51.836, 0, 0 %, 0 %, 35270 MiB, 36.10 W
2026/09/20 07:04:51.836, 1, 0 %, 0 %, 35270 MiB, 35.48 W
2026/09/20 07:04:51.836, 2, 0 %, 0 %, 35271 MiB, 36.75 W
2026/09/20 07:04:56.838, 0, 0 %, 0 %, 35270 MiB, 36.21 W
2026/09/20 07:04:56.838, 1, 0 %, 0 %, 35270 MiB, 35.68 W
2026/09/20 07:04:56.838, 2, 0 %, 0 %, 35271 MiB, 36.85 W
2026/09/20 07:05:01.839, 0, 0 %, 0 %, 35270 MiB, 36.40 W
2026/09/20 07:05:01.839, 1, 0 %, 0 %, 35270 MiB, 35.39 W
2026/09/20 07:05:01.839, 2, 0 %, 0 %, 35271 MiB, 36.54 W
2026/09/20 07:05:06.841, 0, 0 %, 0 %, 35270 MiB, 36.21 W
2026/09/20 07:05:06.841, 1, 0 %, 0 %, 35270 MiB, 35.29 W
2026/09/20 07:05:06.841, 2, 0 %, 0 %, 35271 MiB, 36.54 W
2026/09/20 07:05:11.843, 0, 25 %, 1 %, 35270 MiB, 36.23 W
2026/09/20 07:05:11.843, 1, 0 %, 0 %, 35270 MiB, 35.40 W
2026/09/20 07:05:11.843, 2, 0 %, 0 %, 35271 MiB, 36.54 W
2026/09/20 07:05:16.845, 0, 0 %, 0 %, 35270 MiB, 42.35 W
2026/09/20 07:05:16.845, 1, 0 %, 0 %, 35270 MiB, 35.41 W
2026/09/20 07:05:16.845, 2, 0 %, 0 %, 35271 MiB, 36.45 W
2026/09/20 07:05:21.846, 0, 0 %, 0 %, 35270 MiB, 41.03 W
2026/09/20 07:05:21.846, 1, 0 %, 0 %, 35270 MiB, 35.39 W
2026/09/20 07:05:21.846, 2, 0 %, 0 %, 35271 MiB, 36.64 W
2026/09/20 07:05:26.848, 0, 0 %, 0 %, 35270 MiB, 42.00 W
2026/09/20 07:05:26.848, 1, 0 %, 0 %, 35270 MiB, 35.29 W
2026/09/20 07:05:26.848, 2, 0 %, 0 %, 35271 MiB, 36.65 W
2026/09/20 07:05:31.850, 0, 0 %, 0 %, 35270 MiB, 36.10 W
2026/09/20 07:05:31.850, 1, 0 %, 0 %, 35270 MiB, 35.58 W
2026/09/20 07:05:31.850, 2, 0 %, 0 %, 35271 MiB, 36.83 W
2026/09/20 07:05:36.851, 0, 0 %, 0 %, 35270 MiB, 36.39 W
2026/09/20 07:05:36.852, 1, 0 %, 0 %, 35270 MiB, 35.48 W
2026/09/20 07:05:36.852, 2, 0 %, 0 %, 35271 MiB, 36.62 W
2026/09/20 07:05:41.853, 0, 0 %, 0 %, 35270 MiB, 36.11 W
2026/09/20 07:05:41.853, 1, 0 %, 0 %, 35270 MiB, 35.49 W
2026/09/20 07:05:41.853, 2, 0 %, 0 %, 35271 MiB, 36.65 W
2026/09/20 07:05:46.854, 0, 0 %, 0 %, 35270 MiB, 43.70 W
2026/09/20 07:05:46.854, 1, 8 %, 0 %, 35270 MiB, 35.39 W
2026/09/20 07:05:46.854, 2, 0 %, 0 %, 35271 MiB, 36.75 W
2026/09/20 07:05:51.856, 0, 0 %, 0 %, 35270 MiB, 36.28 W
2026/09/20 07:05:51.856, 1, 0 %, 0 %, 35270 MiB, 35.48 W
2026/09/20 07:05:51.856, 2, 0 %, 0 %, 35271 MiB, 36.73 W
2026/09/20 07:05:56.860, 0, 0 %, 0 %, 35270 MiB, 36.21 W
2026/09/20 07:05:56.860, 1, 0 %, 0 %, 35270 MiB, 35.49 W
2026/09/20 07:05:56.860, 2, 0 %, 0 %, 35271 MiB, 36.75 W
2026/09/20 07:06:01.870, 0, 0 %, 0 %, 35270 MiB, 36.30 W
2026/09/20 07:06:01.870, 1, 0 %, 0 %, 35270 MiB, 41.69 W
2026/09/20 07:06:01.870, 2, 0 %, 0 %, 35271 MiB, 36.74 W
2026/09/20 07:06:06.872, 0, 54 %, 2 %, 35270 MiB, 39.36 W
2026/09/20 07:06:06.872, 1, 0 %, 0 %, 35270 MiB, 35.70 W
2026/09/20 07:06:06.872, 2, 0 %, 0 %, 35271 MiB, 36.87 W
2026/09/20 07:06:11.873, 0, 0 %, 0 %, 35270 MiB, 36.38 W
2026/09/20 07:06:11.873, 1, 0 %, 0 %, 35270 MiB, 35.48 W
2026/09/20 07:06:11.873, 2, 0 %, 0 %, 35271 MiB, 36.53 W
2026/09/20 07:06:16.875, 0, 0 %, 0 %, 35270 MiB, 36.21 W
2026/09/20 07:06:16.875, 1, 0 %, 0 %, 35270 MiB, 35.30 W
2026/09/20 07:06:16.875, 2, 0 %, 0 %, 35271 MiB, 36.54 W
2026/09/20 07:06:21.877, 0, 25 %, 1 %, 35270 MiB, 36.21 W
2026/09/20 07:06:21.877, 1, 0 %, 0 %, 35270 MiB, 35.29 W
2026/09/20 07:06:21.877, 2, 0 %, 0 %, 35271 MiB, 36.54 W
2026/09/20 07:06:26.879, 0, 0 %, 0 %, 35270 MiB, 36.18 W
2026/09/20 07:06:26.879, 1, 0 %, 0 %, 35270 MiB, 35.38 W
2026/09/20 07:06:26.879, 2, 0 %, 0 %, 35271 MiB, 36.73 W
2026/09/20 07:06:31.881, 0, 0 %, 0 %, 35270 MiB, 36.40 W
2026/09/20 07:06:31.881, 1, 0 %, 0 %, 35270 MiB, 35.30 W
2026/09/20 07:06:31.881, 2, 0 %, 0 %, 35271 MiB, 36.54 W
2026/09/20 07:06:36.882, 0, 0 %, 0 %, 35270 MiB, 36.33 W
2026/09/20 07:06:36.883, 1, 0 %, 0 %, 35270 MiB, 35.32 W
2026/09/20 07:06:36.883, 2, 0 %, 0 %, 35271 MiB, 36.57 W
2026/09/20 07:06:41.891, 0, 0 %, 0 %, 35270 MiB, 36.22 W
2026/09/20 07:06:41.892, 1, 0 %, 0 %, 35270 MiB, 35.50 W
2026/09/20 07:06:41.892, 2, 0 %, 0 %, 35271 MiB, 36.65 W
2026/09/20 07:06:46.893, 0, 0 %, 0 %, 35270 MiB, 36.22 W
2026/09/20 07:06:46.893, 1, 0 %, 0 %, 35270 MiB, 35.41 W
2026/09/20 07:06:46.893, 2, 0 %, 0 %, 35271 MiB, 36.76 W
2026/09/20 07:06:51.894, 0, 0 %, 0 %, 35270 MiB, 36.22 W
2026/09/20 07:06:51.895, 1, 24 %, 1 %, 35270 MiB, 35.40 W
2026/09/20 07:06:51.895, 2, 0 %, 0 %, 35271 MiB, 36.76 W
2026/09/20 07:06:56.896, 0, 0 %, 0 %, 35270 MiB, 36.51 W
2026/09/20 07:06:56.896, 1, 0 %, 0 %, 35270 MiB, 35.30 W
2026/09/20 07:06:56.896, 2, 0 %, 0 %, 35271 MiB, 36.75 W
2026/09/20 07:07:01.898, 0, 0 %, 0 %, 35270 MiB, 36.13 W
2026/09/20 07:07:01.898, 1, 0 %, 0 %, 35270 MiB, 35.99 W
2026/09/20 07:07:01.898, 2, 0 %, 0 %, 35271 MiB, 36.96 W
2026/09/20 07:07:06.900, 0, 0 %, 0 %, 35270 MiB, 36.12 W
2026/09/20 07:07:06.900, 1, 0 %, 0 %, 35270 MiB, 35.41 W
2026/09/20 07:07:06.900, 2, 0 %, 0 %, 35271 MiB, 36.76 W
2026/09/20 07:07:11.910, 0, 0 %, 0 %, 35270 MiB, 36.10 W
2026/09/20 07:07:11.910, 1, 0 %, 0 %, 35270 MiB, 35.48 W
2026/09/20 07:07:11.910, 2, 0 %, 0 %, 35271 MiB, 36.75 W
2026/09/20 07:07:16.911, 0, 0 %, 0 %, 35270 MiB, 36.20 W
2026/09/20 07:07:16.911, 1, 0 %, 0 %, 35270 MiB, 35.49 W
2026/09/20 07:07:16.911, 2, 0 %, 0 %, 35271 MiB, 36.54 W
2026/09/20 07:07:21.912, 0, 0 %, 0 %, 35270 MiB, 36.43 W
2026/09/20 07:07:21.913, 1, 0 %, 0 %, 35270 MiB, 35.33 W
2026/09/20 07:07:21.913, 2, 0 %, 0 %, 35271 MiB, 36.77 W
2026/09/20 07:07:26.913, 0, 0 %, 0 %, 35270 MiB, 36.31 W
2026/09/20 07:07:26.914, 1, 0 %, 0 %, 35270 MiB, 35.40 W
2026/09/20 07:07:26.914, 2, 0 %, 0 %, 35271 MiB, 36.54 W
2026/09/20 07:07:31.914, 0, 0 %, 0 %, 35270 MiB, 36.33 W
2026/09/20 07:07:31.915, 1, 0 %, 0 %, 35270 MiB, 35.32 W
2026/09/20 07:07:31.915, 2, 0 %, 0 %, 35271 MiB, 36.57 W
2026/09/20 07:07:36.924, 0, 0 %, 0 %, 35270 MiB, 36.40 W
2026/09/20 07:07:36.924, 1, 0 %, 0 %, 35270 MiB, 35.48 W
2026/09/20 07:07:36.924, 2, 0 %, 0 %, 35271 MiB, 36.54 W
2026/09/20 07:07:41.925, 0, 0 %, 0 %, 35270 MiB, 36.34 W
2026/09/20 07:07:41.925, 1, 0 %, 0 %, 35270 MiB, 35.33 W
2026/09/20 07:07:41.925, 2, 0 %, 0 %, 35271 MiB, 36.66 W
2026/09/20 07:07:46.926, 0, 0 %, 0 %, 35270 MiB, 36.01 W
2026/09/20 07:07:46.926, 1, 22 %, 1 %, 35270 MiB, 35.30 W
2026/09/20 07:07:46.926, 2, 0 %, 0 %, 35271 MiB, 36.64 W
2026/09/20 07:07:51.928, 0, 11 %, 0 %, 35270 MiB, 36.11 W
2026/09/20 07:07:51.928, 1, 0 %, 0 %, 35270 MiB, 35.59 W
2026/09/20 07:07:51.929, 2, 0 %, 0 %, 35271 MiB, 36.64 W
2026/09/20 07:07:56.930, 0, 0 %, 0 %, 35270 MiB, 36.31 W
2026/09/20 07:07:56.930, 1, 0 %, 0 %, 35270 MiB, 35.39 W
2026/09/20 07:07:56.930, 2, 0 %, 0 %, 35271 MiB, 36.85 W
2026/09/20 07:08:01.931, 0, 0 %, 0 %, 35270 MiB, 36.10 W
2026/09/20 07:08:01.932, 1, 0 %, 0 %, 35270 MiB, 35.48 W
2026/09/20 07:08:01.932, 2, 0 %, 0 %, 35271 MiB, 36.75 W
2026/09/20 07:08:06.933, 0, 0 %, 0 %, 35270 MiB, 36.11 W
2026/09/20 07:08:06.933, 1, 0 %, 0 %, 35270 MiB, 35.29 W
2026/09/20 07:08:06.933, 2, 0 %, 0 %, 35271 MiB, 36.75 W
2026/09/20 07:08:11.943, 0, 14 %, 1 %, 35270 MiB, 36.21 W
2026/09/20 07:08:11.943, 1, 0 %, 0 %, 35270 MiB, 35.59 W
2026/09/20 07:08:11.943, 2, 0 %, 0 %, 35271 MiB, 36.75 W
2026/09/20 07:08:16.945, 0, 0 %, 0 %, 35270 MiB, 36.22 W
2026/09/20 07:08:16.945, 1, 24 %, 1 %, 35270 MiB, 35.51 W
2026/09/20 07:08:16.945, 2, 0 %, 0 %, 35271 MiB, 36.77 W
2026/09/20 07:08:21.946, 0, 0 %, 0 %, 35270 MiB, 36.11 W
2026/09/20 07:08:21.947, 1, 0 %, 0 %, 35270 MiB, 35.51 W
2026/09/20 07:08:21.947, 2, 0 %, 0 %, 35271 MiB, 36.54 W
2026/09/20 07:08:26.948, 0, 0 %, 0 %, 35270 MiB, 36.21 W
2026/09/20 07:08:26.948, 1, 0 %, 0 %, 35270 MiB, 35.29 W
2026/09/20 07:08:26.948, 2, 0 %, 0 %, 35271 MiB, 36.54 W
2026/09/20 07:08:31.950, 0, 0 %, 0 %, 35270 MiB, 36.21 W
2026/09/20 07:08:31.950, 1, 0 %, 0 %, 35270 MiB, 35.39 W
2026/09/20 07:08:31.950, 2, 0 %, 0 %, 35271 MiB, 36.64 W
2026/09/20 07:08:36.951, 0, 0 %, 0 %, 35270 MiB, 36.21 W
2026/09/20 07:08:36.952, 1, 0 %, 0 %, 35270 MiB, 35.29 W
2026/09/20 07:08:36.952, 2, 0 %, 0 %, 35271 MiB, 36.65 W
2026/09/20 07:08:41.952, 0, 0 %, 0 %, 35270 MiB, 36.21 W
2026/09/20 07:08:41.952, 1, 0 %, 0 %, 35270 MiB, 35.29 W
2026/09/20 07:08:41.952, 2, 0 %, 0 %, 35271 MiB, 36.54 W
2026/09/20 07:08:46.953, 0, 0 %, 0 %, 35270 MiB, 36.31 W
2026/09/20 07:08:46.954, 1, 0 %, 0 %, 35270 MiB, 35.51 W
2026/09/20 07:08:46.954, 2, 0 %, 0 %, 35271 MiB, 36.56 W
2026/09/20 07:08:51.955, 0, 0 %, 0 %, 35270 MiB, 36.40 W
2026/09/20 07:08:51.955, 1, 0 %, 0 %, 35270 MiB, 35.39 W
2026/09/20 07:08:51.956, 2, 0 %, 0 %, 35271 MiB, 36.75 W
2026/09/20 07:08:56.956, 0, 0 %, 0 %, 35270 MiB, 36.21 W
2026/09/20 07:08:56.956, 1, 0 %, 0 %, 35270 MiB, 35.40 W
2026/09/20 07:08:56.956, 2, 0 %, 0 %, 35271 MiB, 36.64 W
2026/09/20 07:09:01.958, 0, 0 %, 0 %, 35270 MiB, 36.01 W
2026/09/20 07:09:01.958, 1, 0 %, 0 %, 35270 MiB, 35.40 W
2026/09/20 07:09:01.958, 2, 0 %, 0 %, 35271 MiB, 36.64 W
2026/09/20 07:09:06.960, 0, 0 %, 0 %, 35270 MiB, 36.12 W
2026/09/20 07:09:06.960, 1, 0 %, 0 %, 35270 MiB, 35.60 W
2026/09/20 07:09:06.961, 2, 0 %, 0 %, 35271 MiB, 36.65 W
2026/09/20 07:09:11.962, 0, 0 %, 0 %, 35270 MiB, 36.23 W
2026/09/20 07:09:11.962, 1, 0 %, 0 %, 35270 MiB, 35.53 W
2026/09/20 07:09:11.962, 2, 0 %, 0 %, 35271 MiB, 36.77 W
2026/09/20 07:09:16.963, 0, 0 %, 0 %, 35270 MiB, 36.13 W
2026/09/20 07:09:16.963, 1, 0 %, 0 %, 35270 MiB, 35.32 W
2026/09/20 07:09:16.963, 2, 0 %, 0 %, 35271 MiB, 36.77 W
2026/09/20 07:09:21.964, 0, 0 %, 0 %, 35270 MiB, 36.13 W
2026/09/20 07:09:21.965, 1, 0 %, 0 %, 35270 MiB, 35.63 W
2026/09/20 07:09:21.965, 2, 0 %, 0 %, 35271 MiB, 36.68 W
2026/09/20 07:09:26.966, 0, 0 %, 0 %, 35270 MiB, 36.31 W
2026/09/20 07:09:26.966, 1, 0 %, 0 %, 35270 MiB, 35.50 W
2026/09/20 07:09:26.966, 2, 0 %, 0 %, 35271 MiB, 36.85 W
2026/09/20 07:09:31.968, 0, 0 %, 0 %, 35270 MiB, 36.21 W
2026/09/20 07:09:31.968, 1, 0 %, 0 %, 35270 MiB, 35.49 W
2026/09/20 07:09:31.968, 2, 0 %, 0 %, 35271 MiB, 36.54 W
2026/09/20 07:09:36.970, 0, 0 %, 0 %, 35270 MiB, 36.11 W
2026/09/20 07:09:36.970, 1, 0 %, 0 %, 35270 MiB, 35.30 W
2026/09/20 07:09:36.970, 2, 0 %, 0 %, 35271 MiB, 36.54 W
2026/09/20 07:09:41.971, 0, 0 %, 0 %, 35270 MiB, 36.50 W
2026/09/20 07:09:41.971, 1, 0 %, 0 %, 35270 MiB, 35.39 W
2026/09/20 07:09:41.971, 2, 0 %, 0 %, 35271 MiB, 36.94 W
2026/09/20 07:09:46.973, 0, 0 %, 0 %, 35270 MiB, 36.31 W
2026/09/20 07:09:46.973, 1, 0 %, 0 %, 35270 MiB, 35.30 W
2026/09/20 07:09:46.973, 2, 0 %, 0 %, 35271 MiB, 36.65 W
2026/09/20 07:09:51.976, 0, 0 %, 0 %, 35270 MiB, 36.31 W
2026/09/20 07:09:51.976, 1, 0 %, 0 %, 35270 MiB, 35.29 W
2026/09/20 07:09:51.976, 2, 0 %, 0 %, 35271 MiB, 36.54 W
2026/09/20 07:09:56.978, 0, 0 %, 0 %, 35270 MiB, 36.21 W
2026/09/20 07:09:56.978, 1, 0 %, 0 %, 35270 MiB, 35.30 W
2026/09/20 07:09:56.978, 2, 0 %, 0 %, 35271 MiB, 36.54 W
2026/09/20 07:10:01.980, 0, 0 %, 0 %, 35270 MiB, 36.01 W
2026/09/20 07:10:01.980, 1, 0 %, 0 %, 35270 MiB, 35.40 W
2026/09/20 07:10:01.980, 2, 0 %, 0 %, 35271 MiB, 36.65 W
2026/09/20 07:10:06.981, 0, 0 %, 0 %, 35270 MiB, 36.11 W
2026/09/20 07:10:06.981, 1, 0 %, 0 %, 35270 MiB, 35.30 W
2026/09/20 07:10:06.981, 2, 0 %, 0 %, 35271 MiB, 36.64 W
2026/09/20 07:10:11.982, 0, 0 %, 0 %, 35270 MiB, 36.11 W
2026/09/20 07:10:11.982, 1, 0 %, 0 %, 35270 MiB, 35.29 W
2026/09/20 07:10:11.982, 2, 0 %, 0 %, 35271 MiB, 36.64 W
2026/09/20 07:10:16.982, 0, 0 %, 0 %, 35270 MiB, 36.11 W
2026/09/20 07:10:16.982, 1, 0 %, 0 %, 35270 MiB, 35.59 W
2026/09/20 07:10:16.982, 2, 0 %, 0 %, 35271 MiB, 36.64 W
2026/09/20 07:10:21.984, 0, 0 %, 0 %, 35270 MiB, 36.02 W
2026/09/20 07:10:21.984, 1, 0 %, 0 %, 35270 MiB, 35.41 W
2026/09/20 07:10:21.984, 2, 0 %, 0 %, 35271 MiB, 36.87 W
2026/09/20 07:10:26.985, 0, 0 %, 0 %, 35270 MiB, 36.22 W
2026/09/20 07:10:26.985, 1, 0 %, 0 %, 35270 MiB, 35.41 W
2026/09/20 07:10:26.985, 2, 0 %, 0 %, 35271 MiB, 36.65 W
2026/09/20 07:10:31.986, 0, 0 %, 0 %, 35270 MiB, 36.11 W
2026/09/20 07:10:31.986, 1, 0 %, 0 %, 35270 MiB, 35.40 W
2026/09/20 07:10:31.986, 2, 0 %, 0 %, 35271 MiB, 36.64 W
2026/09/20 07:10:36.988, 0, 0 %, 0 %, 35270 MiB, 36.12 W
2026/09/20 07:10:36.988, 1, 0 %, 0 %, 35270 MiB, 35.50 W
2026/09/20 07:10:36.988, 2, 0 %, 0 %, 35271 MiB, 36.44 W
2026/09/20 07:10:41.990, 0, 0 %, 0 %, 35270 MiB, 36.41 W
2026/09/20 07:10:41.990, 1, 0 %, 0 %, 35270 MiB, 35.30 W
2026/09/20 07:10:41.990, 2, 0 %, 0 %, 35271 MiB, 36.54 W
2026/09/20 07:10:46.992, 0, 0 %, 0 %, 35270 MiB, 36.12 W
2026/09/20 07:10:46.992, 1, 0 %, 0 %, 35270 MiB, 35.30 W
2026/09/20 07:10:46.992, 2, 0 %, 0 %, 35271 MiB, 36.54 W
2026/09/20 07:10:51.994, 0, 0 %, 0 %, 35270 MiB, 36.11 W
2026/09/20 07:10:51.994, 1, 0 %, 0 %, 35270 MiB, 35.50 W
2026/09/20 07:10:51.994, 2, 0 %, 0 %, 35271 MiB, 36.54 W
2026/09/20 07:10:56.995, 0, 0 %, 0 %, 35270 MiB, 36.90 W
2026/09/20 07:10:56.995, 1, 0 %, 0 %, 35270 MiB, 35.30 W
2026/09/20 07:10:56.995, 2, 0 %, 0 %, 35271 MiB, 36.85 W
2026/09/20 07:11:01.997, 0, 0 %, 0 %, 35270 MiB, 36.31 W
2026/09/20 07:11:01.997, 1, 0 %, 0 %, 35270 MiB, 35.21 W
2026/09/20 07:11:01.997, 2, 0 %, 0 %, 35271 MiB, 36.56 W
2026/09/20 07:11:06.999, 0, 0 %, 0 %, 35270 MiB, 36.11 W
2026/09/20 07:11:06.999, 1, 0 %, 0 %, 35270 MiB, 35.30 W
2026/09/20 07:11:06.999, 2, 0 %, 0 %, 35271 MiB, 36.54 W
2026/09/20 07:11:12.000, 0, 0 %, 0 %, 35270 MiB, 36.02 W
2026/09/20 07:11:12.000, 1, 0 %, 0 %, 35270 MiB, 35.51 W
2026/09/20 07:11:12.000, 2, 0 %, 0 %, 35271 MiB, 36.54 W
2026/09/20 07:11:17.002, 0, 0 %, 0 %, 35270 MiB, 36.02 W
2026/09/20 07:11:17.002, 1, 0 %, 0 %, 35270 MiB, 35.41 W
2026/09/20 07:11:17.002, 2, 0 %, 0 %, 35271 MiB, 36.67 W
2026/09/20 07:11:22.005, 0, 0 %, 0 %, 35270 MiB, 36.13 W
2026/09/20 07:11:22.005, 1, 0 %, 0 %, 35270 MiB, 35.22 W
2026/09/20 07:11:22.005, 2, 0 %, 0 %, 35271 MiB, 36.57 W
2026/09/20 07:11:27.005, 0, 0 %, 0 %, 35270 MiB, 36.13 W
2026/09/20 07:11:27.005, 1, 0 %, 0 %, 35270 MiB, 35.42 W
2026/09/20 07:11:27.005, 2, 0 %, 0 %, 35271 MiB, 36.66 W
2026/09/20 07:11:32.006, 0, 0 %, 0 %, 35270 MiB, 36.13 W
2026/09/20 07:11:32.007, 1, 0 %, 0 %, 35270 MiB, 35.51 W
2026/09/20 07:11:32.007, 2, 0 %, 0 %, 35271 MiB, 36.77 W
2026/09/20 07:11:37.007, 0, 0 %, 0 %, 35270 MiB, 36.23 W
2026/09/20 07:11:37.007, 1, 0 %, 0 %, 35270 MiB, 35.42 W
2026/09/20 07:11:37.007, 2, 0 %, 0 %, 35271 MiB, 36.77 W
2026/09/20 07:11:42.015, 0, 0 %, 0 %, 35270 MiB, 36.13 W
2026/09/20 07:11:42.015, 1, 0 %, 0 %, 35270 MiB, 35.42 W
2026/09/20 07:11:42.015, 2, 0 %, 0 %, 35271 MiB, 36.66 W
2026/09/20 07:11:47.016, 0, 0 %, 0 %, 35270 MiB, 36.15 W
2026/09/20 07:11:47.016, 1, 0 %, 0 %, 35270 MiB, 35.43 W
2026/09/20 07:11:47.017, 2, 0 %, 0 %, 35271 MiB, 36.58 W
2026/09/20 07:11:52.017, 0, 0 %, 0 %, 35270 MiB, 36.15 W
2026/09/20 07:11:52.017, 1, 0 %, 0 %, 35270 MiB, 35.23 W
2026/09/20 07:11:52.017, 2, 0 %, 0 %, 35271 MiB, 36.78 W
2026/09/20 07:11:57.018, 0, 0 %, 0 %, 35270 MiB, 36.26 W
2026/09/20 07:11:57.018, 1, 0 %, 0 %, 35270 MiB, 35.24 W
2026/09/20 07:11:57.018, 2, 0 %, 0 %, 35271 MiB, 36.59 W
2026/09/20 07:12:02.018, 0, 100 %, 7 %, 35270 MiB, 87.07 W
2026/09/20 07:12:02.019, 1, 100 %, 6 %, 35270 MiB, 85.89 W
2026/09/20 07:12:02.019, 2, 100 %, 6 %, 35271 MiB, 89.62 W
2026/09/20 07:12:07.019, 0, 100 %, 6 %, 35270 MiB, 87.19 W
2026/09/20 07:12:07.020, 1, 100 %, 7 %, 35270 MiB, 85.26 W
2026/09/20 07:12:07.020, 2, 100 %, 6 %, 35271 MiB, 85.41 W
2026/09/20 07:12:12.020, 0, 100 %, 7 %, 35270 MiB, 94.35 W
2026/09/20 07:12:12.020, 1, 99 %, 14 %, 35270 MiB, 85.72 W
2026/09/20 07:12:12.020, 2, 100 %, 13 %, 35271 MiB, 92.39 W
2026/09/20 07:12:17.026, 0, 100 %, 11 %, 35270 MiB, 124.93 W
2026/09/20 07:12:17.026, 1, 100 %, 10 %, 35270 MiB, 86.00 W
2026/09/20 07:12:17.026, 2, 100 %, 10 %, 35271 MiB, 85.85 W
2026/09/20 07:12:22.026, 0, 100 %, 7 %, 35270 MiB, 93.11 W
2026/09/20 07:12:22.027, 1, 100 %, 11 %, 35270 MiB, 91.45 W
2026/09/20 07:12:22.027, 2, 100 %, 7 %, 35271 MiB, 86.73 W
2026/09/20 07:12:27.027, 0, 100 %, 10 %, 35270 MiB, 106.28 W
2026/09/20 07:12:27.027, 1, 100 %, 7 %, 35270 MiB, 85.12 W
2026/09/20 07:12:27.027, 2, 100 %, 7 %, 35271 MiB, 86.84 W
2026/09/20 07:12:32.028, 0, 100 %, 14 %, 35270 MiB, 90.02 W
2026/09/20 07:12:32.028, 1, 100 %, 7 %, 35270 MiB, 103.61 W
2026/09/20 07:12:32.028, 2, 100 %, 11 %, 35271 MiB, 101.10 W
2026/09/20 07:12:37.028, 0, 100 %, 7 %, 35270 MiB, 90.51 W
2026/09/20 07:12:37.029, 1, 100 %, 7 %, 35270 MiB, 84.93 W
2026/09/20 07:12:37.029, 2, 100 %, 15 %, 35271 MiB, 85.34 W
2026/09/20 07:12:42.029, 0, 100 %, 11 %, 35270 MiB, 88.65 W
2026/09/20 07:12:42.029, 1, 100 %, 10 %, 35270 MiB, 83.39 W
2026/09/20 07:12:42.029, 2, 100 %, 10 %, 35271 MiB, 87.70 W
2026/09/20 07:12:47.030, 0, 49 %, 7 %, 35270 MiB, 59.87 W
2026/09/20 07:12:47.030, 1, 52 %, 4 %, 35270 MiB, 71.12 W
2026/09/20 07:12:47.030, 2, 0 %, 0 %, 35271 MiB, 58.61 W
2026/09/20 07:12:52.033, 0, 0 %, 0 %, 35270 MiB, 37.50 W
2026/09/20 07:12:52.033, 1, 0 %, 0 %, 35270 MiB, 36.99 W
2026/09/20 07:12:52.033, 2, 0 %, 0 %, 35271 MiB, 38.04 W
2026/09/20 07:12:57.034, 0, 0 %, 0 %, 35270 MiB, 37.59 W
2026/09/20 07:12:57.035, 1, 0 %, 0 %, 35270 MiB, 36.57 W
2026/09/20 07:12:57.035, 2, 0 %, 0 %, 35271 MiB, 37.73 W
2026/09/20 07:13:02.040, 0, 0 %, 0 %, 35270 MiB, 37.38 W
2026/09/20 07:13:02.040, 1, 0 %, 0 %, 35270 MiB, 36.47 W
2026/09/20 07:13:02.040, 2, 0 %, 0 %, 35271 MiB, 37.63 W
2026/09/20 07:13:07.042, 0, 0 %, 0 %, 35270 MiB, 37.20 W
2026/09/20 07:13:07.042, 1, 0 %, 0 %, 35270 MiB, 36.58 W
2026/09/20 07:13:07.042, 2, 0 %, 0 %, 35271 MiB, 37.43 W
2026/09/20 07:13:12.042, 0, 0 %, 0 %, 35270 MiB, 37.10 W
2026/09/20 07:13:12.042, 1, 0 %, 0 %, 35270 MiB, 36.37 W
2026/09/20 07:13:12.043, 2, 0 %, 0 %, 35271 MiB, 37.43 W
2026/09/20 07:13:17.044, 0, 0 %, 0 %, 35270 MiB, 37.20 W
2026/09/20 07:13:17.044, 1, 0 %, 0 %, 35270 MiB, 36.27 W
2026/09/20 07:13:17.044, 2, 0 %, 0 %, 35271 MiB, 37.24 W
2026/09/20 07:13:22.046, 0, 0 %, 0 %, 35270 MiB, 36.89 W
2026/09/20 07:13:22.046, 1, 0 %, 0 %, 35270 MiB, 36.28 W
2026/09/20 07:13:22.046, 2, 0 %, 0 %, 35271 MiB, 37.15 W
2026/09/20 07:13:27.047, 0, 0 %, 0 %, 35270 MiB, 36.79 W
2026/09/20 07:13:27.047, 1, 0 %, 0 %, 35270 MiB, 36.28 W
2026/09/20 07:13:27.047, 2, 0 %, 0 %, 35271 MiB, 37.14 W
2026/09/20 07:13:32.048, 0, 0 %, 0 %, 35270 MiB, 37.15 W
2026/09/20 07:13:32.049, 1, 0 %, 0 %, 35270 MiB, 36.01 W
2026/09/20 07:13:32.049, 2, 0 %, 0 %, 35271 MiB, 37.29 W
2026/09/20 07:13:37.049, 0, 0 %, 0 %, 35270 MiB, 36.74 W
2026/09/20 07:13:37.049, 1, 0 %, 0 %, 35270 MiB, 35.93 W
2026/09/20 07:13:37.050, 2, 0 %, 0 %, 35271 MiB, 37.19 W
2026/09/20 07:13:42.050, 0, 0 %, 0 %, 35270 MiB, 36.55 W
2026/09/20 07:13:42.050, 1, 0 %, 0 %, 35270 MiB, 35.92 W
2026/09/20 07:13:42.050, 2, 0 %, 0 %, 35271 MiB, 36.99 W
2026/09/20 07:13:47.051, 0, 0 %, 0 %, 35270 MiB, 36.55 W
2026/09/20 07:13:47.051, 1, 0 %, 0 %, 35270 MiB, 36.02 W
2026/09/20 07:13:47.051, 2, 0 %, 0 %, 35271 MiB, 37.19 W
2026/09/20 07:13:52.051, 0, 0 %, 0 %, 35270 MiB, 36.84 W
2026/09/20 07:13:52.052, 1, 0 %, 0 %, 35270 MiB, 35.82 W
2026/09/20 07:13:52.052, 2, 0 %, 0 %, 35271 MiB, 36.99 W
2026/09/20 07:13:57.052, 0, 0 %, 0 %, 35270 MiB, 36.55 W
2026/09/20 07:13:57.052, 1, 0 %, 0 %, 35270 MiB, 35.92 W
2026/09/20 07:13:57.052, 2, 0 %, 0 %, 35271 MiB, 36.79 W
2026/09/20 07:14:02.053, 0, 0 %, 0 %, 35270 MiB, 36.45 W
2026/09/20 07:14:02.053, 1, 0 %, 0 %, 35270 MiB, 35.83 W
2026/09/20 07:14:02.053, 2, 0 %, 0 %, 35271 MiB, 36.80 W
2026/09/20 07:14:07.054, 0, 0 %, 0 %, 35270 MiB, 36.45 W
2026/09/20 07:14:07.054, 1, 0 %, 0 %, 35270 MiB, 35.74 W
2026/09/20 07:14:07.054, 2, 0 %, 0 %, 35271 MiB, 36.80 W
2026/09/20 07:14:12.056, 0, 0 %, 0 %, 35270 MiB, 36.59 W
2026/09/20 07:14:12.057, 1, 0 %, 0 %, 35270 MiB, 35.68 W
2026/09/20 07:14:12.057, 2, 0 %, 0 %, 35271 MiB, 36.75 W
2026/09/20 07:14:17.057, 0, 10 %, 0 %, 35270 MiB, 36.70 W
2026/09/20 07:14:17.057, 1, 0 %, 0 %, 35270 MiB, 35.59 W
2026/09/20 07:14:17.057, 2, 0 %, 0 %, 35271 MiB, 36.75 W
2026/09/20 07:14:22.058, 0, 0 %, 0 %, 35270 MiB, 36.51 W
2026/09/20 07:14:22.058, 1, 0 %, 0 %, 35270 MiB, 35.89 W
2026/09/20 07:14:22.058, 2, 0 %, 0 %, 35271 MiB, 36.76 W
2026/09/20 07:14:27.060, 0, 0 %, 0 %, 35270 MiB, 37.49 W
2026/09/20 07:14:27.060, 1, 0 %, 0 %, 35270 MiB, 35.51 W
2026/09/20 07:14:27.060, 2, 0 %, 0 %, 35271 MiB, 36.76 W
2026/09/20 07:14:32.062, 0, 5 %, 0 %, 35270 MiB, 36.22 W
2026/09/20 07:14:32.062, 1, 0 %, 0 %, 35270 MiB, 35.60 W
2026/09/20 07:14:32.062, 2, 0 %, 0 %, 35271 MiB, 36.65 W
2026/09/20 07:14:37.064, 0, 0 %, 0 %, 35270 MiB, 36.22 W
2026/09/20 07:14:37.064, 1, 0 %, 0 %, 35270 MiB, 35.60 W
2026/09/20 07:14:37.064, 2, 0 %, 0 %, 35271 MiB, 36.66 W
2026/09/20 07:14:42.066, 0, 0 %, 0 %, 35270 MiB, 43.53 W
2026/09/20 07:14:42.066, 1, 0 %, 0 %, 35270 MiB, 35.70 W
2026/09/20 07:14:42.066, 2, 0 %, 0 %, 35271 MiB, 36.77 W
2026/09/20 07:14:47.068, 0, 0 %, 0 %, 35270 MiB, 36.40 W
2026/09/20 07:14:47.068, 1, 0 %, 0 %, 35270 MiB, 35.59 W
2026/09/20 07:14:47.068, 2, 0 %, 0 %, 35271 MiB, 36.64 W
2026/09/20 07:14:52.070, 0, 0 %, 0 %, 35270 MiB, 38.87 W
2026/09/20 07:14:52.070, 1, 0 %, 0 %, 35270 MiB, 35.58 W
2026/09/20 07:14:52.070, 2, 0 %, 0 %, 35271 MiB, 36.75 W
2026/09/20 07:14:57.072, 0, 12 %, 0 %, 35270 MiB, 40.97 W
2026/09/20 07:14:57.072, 1, 0 %, 0 %, 35270 MiB, 35.61 W
2026/09/20 07:14:57.072, 2, 0 %, 0 %, 35271 MiB, 36.56 W
2026/09/20 07:15:02.073, 0, 0 %, 0 %, 35270 MiB, 36.23 W
2026/09/20 07:15:02.073, 1, 0 %, 0 %, 35270 MiB, 35.71 W
2026/09/20 07:15:02.074, 2, 0 %, 0 %, 35271 MiB, 36.68 W
2026/09/20 07:15:07.075, 0, 0 %, 0 %, 35270 MiB, 41.65 W
2026/09/20 07:15:07.075, 1, 0 %, 0 %, 35270 MiB, 35.70 W
2026/09/20 07:15:07.075, 2, 0 %, 0 %, 35271 MiB, 36.46 W
2026/09/20 07:15:12.080, 0, 34 %, 1 %, 35270 MiB, 40.35 W
2026/09/20 07:15:12.080, 1, 0 %, 0 %, 35270 MiB, 35.30 W
2026/09/20 07:15:12.081, 2, 0 %, 0 %, 35271 MiB, 36.44 W
2026/09/20 07:15:17.082, 0, 0 %, 0 %, 35270 MiB, 36.31 W
2026/09/20 07:15:17.082, 1, 0 %, 0 %, 35270 MiB, 35.59 W
2026/09/20 07:15:17.082, 2, 0 %, 0 %, 35271 MiB, 36.54 W
2026/09/20 07:15:22.083, 0, 0 %, 0 %, 35270 MiB, 36.40 W
2026/09/20 07:15:22.083, 1, 0 %, 0 %, 35270 MiB, 35.49 W
2026/09/20 07:15:22.083, 2, 0 %, 0 %, 35271 MiB, 36.54 W
2026/09/20 07:15:27.084, 0, 0 %, 0 %, 35270 MiB, 36.29 W
2026/09/20 07:15:27.085, 1, 0 %, 0 %, 35270 MiB, 35.48 W
2026/09/20 07:15:27.085, 2, 0 %, 0 %, 35271 MiB, 36.53 W
2026/09/20 07:15:32.086, 0, 25 %, 1 %, 35270 MiB, 36.40 W
2026/09/20 07:15:32.086, 1, 0 %, 0 %, 35270 MiB, 35.40 W
2026/09/20 07:15:32.086, 2, 0 %, 0 %, 35271 MiB, 36.44 W
2026/09/20 07:15:37.088, 0, 0 %, 0 %, 35270 MiB, 36.13 W
2026/09/20 07:15:37.088, 1, 0 %, 0 %, 35270 MiB, 35.51 W
2026/09/20 07:15:37.088, 2, 0 %, 0 %, 35271 MiB, 36.66 W
2026/09/20 07:15:42.090, 0, 0 %, 0 %, 35270 MiB, 36.22 W
2026/09/20 07:15:42.090, 1, 0 %, 0 %, 35270 MiB, 35.50 W
2026/09/20 07:15:42.090, 2, 0 %, 0 %, 35271 MiB, 36.54 W
2026/09/20 07:15:47.092, 0, 25 %, 1 %, 35270 MiB, 36.11 W
2026/09/20 07:15:47.092, 1, 0 %, 0 %, 35270 MiB, 35.41 W
2026/09/20 07:15:47.092, 2, 0 %, 0 %, 35271 MiB, 36.56 W
2026/09/20 07:15:52.093, 0, 0 %, 0 %, 35270 MiB, 36.22 W
2026/09/20 07:15:52.093, 1, 0 %, 0 %, 35270 MiB, 35.42 W
2026/09/20 07:15:52.093, 2, 0 %, 0 %, 35271 MiB, 36.57 W
2026/09/20 07:15:57.095, 0, 5 %, 0 %, 35270 MiB, 43.63 W
2026/09/20 07:15:57.095, 1, 0 %, 0 %, 35270 MiB, 35.51 W
2026/09/20 07:15:57.095, 2, 0 %, 0 %, 35271 MiB, 36.65 W
2026/09/20 07:16:02.105, 0, 0 %, 0 %, 35270 MiB, 37.28 W
2026/09/20 07:16:02.105, 1, 0 %, 0 %, 35270 MiB, 35.48 W
2026/09/20 07:16:02.106, 2, 0 %, 0 %, 35271 MiB, 36.54 W
2026/09/20 07:16:07.107, 0, 0 %, 0 %, 35270 MiB, 36.11 W
2026/09/20 07:16:07.107, 1, 0 %, 0 %, 35270 MiB, 35.49 W
2026/09/20 07:16:07.107, 2, 0 %, 0 %, 35271 MiB, 36.54 W
2026/09/20 07:16:12.109, 0, 0 %, 0 %, 35270 MiB, 36.31 W
2026/09/20 07:16:12.109, 1, 0 %, 0 %, 35270 MiB, 35.38 W
2026/09/20 07:16:12.109, 2, 0 %, 0 %, 35271 MiB, 36.44 W
2026/09/20 07:16:17.111, 0, 0 %, 0 %, 35270 MiB, 36.21 W
2026/09/20 07:16:17.111, 1, 0 %, 0 %, 35270 MiB, 35.39 W
2026/09/20 07:16:17.112, 2, 0 %, 0 %, 35271 MiB, 36.54 W
2026/09/20 07:16:22.112, 0, 0 %, 0 %, 35270 MiB, 36.15 W
2026/09/20 07:16:22.112, 1, 0 %, 0 %, 35270 MiB, 35.33 W
2026/09/20 07:16:22.112, 2, 0 %, 0 %, 35271 MiB, 36.36 W
2026/09/20 07:16:27.113, 0, 0 %, 0 %, 35270 MiB, 36.14 W
2026/09/20 07:16:27.113, 1, 0 %, 0 %, 35270 MiB, 35.23 W
2026/09/20 07:16:27.113, 2, 0 %, 0 %, 35271 MiB, 36.47 W
2026/09/20 07:16:32.115, 0, 24 %, 1 %, 35270 MiB, 36.50 W
2026/09/20 07:16:32.115, 1, 0 %, 0 %, 35270 MiB, 35.39 W
2026/09/20 07:16:32.116, 2, 0 %, 0 %, 35271 MiB, 36.64 W
2026/09/20 07:16:37.117, 0, 25 %, 1 %, 35270 MiB, 36.50 W
2026/09/20 07:16:37.118, 1, 0 %, 0 %, 35270 MiB, 35.21 W
2026/09/20 07:16:37.118, 2, 0 %, 0 %, 35271 MiB, 36.44 W
2026/09/20 07:16:42.119, 0, 0 %, 0 %, 35270 MiB, 36.05 W
2026/09/20 07:16:42.119, 1, 0 %, 0 %, 35270 MiB, 35.42 W
2026/09/20 07:16:42.119, 2, 0 %, 0 %, 35271 MiB, 36.57 W
2026/09/20 07:16:47.121, 0, 0 %, 0 %, 35270 MiB, 36.01 W
2026/09/20 07:16:47.121, 1, 0 %, 0 %, 35270 MiB, 35.40 W
2026/09/20 07:16:47.121, 2, 0 %, 0 %, 35271 MiB, 36.44 W
2026/09/20 07:16:52.123, 0, 0 %, 0 %, 35270 MiB, 36.11 W
2026/09/20 07:16:52.123, 1, 0 %, 0 %, 35270 MiB, 35.49 W
2026/09/20 07:16:52.123, 2, 0 %, 0 %, 35271 MiB, 36.75 W
2026/09/20 07:16:57.125, 0, 5 %, 0 %, 35270 MiB, 40.93 W
2026/09/20 07:16:57.125, 1, 0 %, 0 %, 35270 MiB, 35.39 W
2026/09/20 07:16:57.125, 2, 0 %, 0 %, 35271 MiB, 36.54 W
2026/09/20 07:17:02.127, 0, 0 %, 0 %, 35270 MiB, 36.11 W
2026/09/20 07:17:02.127, 1, 0 %, 0 %, 35270 MiB, 35.38 W
2026/09/20 07:17:02.127, 2, 0 %, 0 %, 35271 MiB, 36.54 W
2026/09/20 07:17:07.130, 0, 0 %, 0 %, 35270 MiB, 36.21 W
2026/09/20 07:17:07.130, 1, 0 %, 0 %, 35270 MiB, 35.29 W
2026/09/20 07:17:07.130, 2, 0 %, 0 %, 35271 MiB, 36.54 W
2026/09/20 07:17:12.132, 0, 0 %, 0 %, 35270 MiB, 36.01 W
2026/09/20 07:17:12.132, 1, 0 %, 0 %, 35270 MiB, 35.49 W
2026/09/20 07:17:12.133, 2, 0 %, 0 %, 35271 MiB, 36.64 W
2026/09/20 07:17:17.134, 0, 0 %, 0 %, 35270 MiB, 40.94 W
2026/09/20 07:17:17.134, 1, 0 %, 0 %, 35270 MiB, 35.39 W
2026/09/20 07:17:17.135, 2, 0 %, 0 %, 35271 MiB, 36.54 W
2026/09/20 07:17:22.136, 0, 0 %, 0 %, 35270 MiB, 36.20 W
2026/09/20 07:17:22.136, 1, 0 %, 0 %, 35270 MiB, 35.48 W
2026/09/20 07:17:22.136, 2, 0 %, 0 %, 35271 MiB, 36.53 W
2026/09/20 07:17:27.137, 0, 25 %, 1 %, 35270 MiB, 36.11 W
2026/09/20 07:17:27.137, 1, 0 %, 0 %, 35270 MiB, 35.11 W
2026/09/20 07:17:27.138, 2, 0 %, 0 %, 35271 MiB, 36.35 W
2026/09/20 07:17:32.138, 0, 0 %, 0 %, 35270 MiB, 36.22 W
2026/09/20 07:17:32.138, 1, 0 %, 0 %, 35270 MiB, 35.30 W
2026/09/20 07:17:32.138, 2, 0 %, 0 %, 35271 MiB, 36.44 W
2026/09/20 07:17:37.140, 0, 0 %, 0 %, 35270 MiB, 36.72 W
2026/09/20 07:17:37.140, 1, 0 %, 0 %, 35270 MiB, 35.32 W
2026/09/20 07:17:37.140, 2, 0 %, 0 %, 35271 MiB, 36.47 W
2026/09/20 07:17:42.142, 0, 0 %, 0 %, 35270 MiB, 40.95 W
2026/09/20 07:17:42.142, 1, 0 %, 0 %, 35270 MiB, 35.30 W
2026/09/20 07:17:42.142, 2, 0 %, 0 %, 35271 MiB, 36.33 W
2026/09/20 07:17:47.144, 0, 0 %, 0 %, 35270 MiB, 36.21 W
2026/09/20 07:17:47.145, 1, 0 %, 0 %, 35270 MiB, 35.50 W
2026/09/20 07:17:47.145, 2, 0 %, 0 %, 35271 MiB, 36.54 W
2026/09/20 07:17:52.146, 0, 74 %, 3 %, 35270 MiB, 56.79 W
2026/09/20 07:17:52.146, 1, 0 %, 0 %, 35270 MiB, 35.38 W
2026/09/20 07:17:52.147, 2, 0 %, 0 %, 35271 MiB, 36.44 W
2026/09/20 07:17:57.148, 0, 0 %, 0 %, 35270 MiB, 41.34 W
2026/09/20 07:17:57.148, 1, 0 %, 0 %, 35270 MiB, 35.33 W
2026/09/20 07:17:57.148, 2, 0 %, 0 %, 35271 MiB, 36.47 W
2026/09/20 07:18:02.149, 0, 0 %, 0 %, 35270 MiB, 36.13 W
2026/09/20 07:18:02.149, 1, 0 %, 0 %, 35270 MiB, 35.42 W
2026/09/20 07:18:02.149, 2, 0 %, 0 %, 35271 MiB, 36.56 W
2026/09/20 07:18:07.151, 0, 15 %, 1 %, 35270 MiB, 36.20 W
2026/09/20 07:18:07.151, 1, 0 %, 0 %, 35270 MiB, 35.48 W
2026/09/20 07:18:07.151, 2, 0 %, 0 %, 35271 MiB, 36.65 W
2026/09/20 07:18:12.152, 0, 58 %, 2 %, 35270 MiB, 40.94 W
2026/09/20 07:18:12.153, 1, 0 %, 0 %, 35270 MiB, 35.41 W
2026/09/20 07:18:12.153, 2, 0 %, 0 %, 35271 MiB, 36.54 W
2026/09/20 07:18:17.163, 0, 0 %, 0 %, 35270 MiB, 36.11 W
2026/09/20 07:18:17.164, 1, 0 %, 0 %, 35270 MiB, 35.29 W
2026/09/20 07:18:17.164, 2, 0 %, 0 %, 35271 MiB, 36.54 W
2026/09/20 07:18:22.164, 0, 0 %, 0 %, 35270 MiB, 36.21 W
2026/09/20 07:18:22.164, 1, 0 %, 0 %, 35270 MiB, 35.39 W
2026/09/20 07:18:22.164, 2, 0 %, 0 %, 35271 MiB, 36.54 W
2026/09/20 07:18:27.166, 0, 0 %, 0 %, 35270 MiB, 36.21 W
2026/09/20 07:18:27.166, 1, 0 %, 0 %, 35270 MiB, 35.49 W
2026/09/20 07:18:27.167, 2, 0 %, 0 %, 35271 MiB, 36.43 W
2026/09/20 07:18:32.168, 0, 0 %, 0 %, 35270 MiB, 36.39 W
2026/09/20 07:18:32.168, 1, 0 %, 0 %, 35270 MiB, 35.29 W
2026/09/20 07:18:32.168, 2, 0 %, 0 %, 35271 MiB, 36.42 W
2026/09/20 07:18:37.170, 0, 0 %, 0 %, 35270 MiB, 36.21 W
2026/09/20 07:18:37.170, 1, 0 %, 0 %, 35270 MiB, 35.30 W
2026/09/20 07:18:37.170, 2, 0 %, 0 %, 35271 MiB, 36.44 W
2026/09/20 07:18:42.171, 0, 0 %, 0 %, 35270 MiB, 36.21 W
2026/09/20 07:18:42.171, 1, 0 %, 0 %, 35270 MiB, 35.29 W
2026/09/20 07:18:42.171, 2, 0 %, 0 %, 35271 MiB, 36.54 W
2026/09/20 07:18:47.172, 0, 25 %, 1 %, 35270 MiB, 36.22 W
2026/09/20 07:18:47.172, 1, 0 %, 0 %, 35270 MiB, 35.50 W
2026/09/20 07:18:47.172, 2, 0 %, 0 %, 35271 MiB, 36.54 W
2026/09/20 07:18:52.174, 0, 0 %, 0 %, 35270 MiB, 36.31 W
2026/09/20 07:18:52.174, 1, 0 %, 0 %, 35270 MiB, 35.20 W
2026/09/20 07:18:52.174, 2, 0 %, 0 %, 35271 MiB, 36.44 W
2026/09/20 07:18:57.176, 0, 0 %, 0 %, 35270 MiB, 37.67 W
2026/09/20 07:18:57.176, 1, 0 %, 0 %, 35270 MiB, 35.29 W
2026/09/20 07:18:57.176, 2, 0 %, 0 %, 35271 MiB, 36.44 W
2026/09/20 07:19:02.178, 0, 0 %, 0 %, 35270 MiB, 36.11 W
2026/09/20 07:19:02.178, 1, 0 %, 0 %, 35270 MiB, 35.30 W
2026/09/20 07:19:02.178, 2, 0 %, 0 %, 35271 MiB, 36.66 W
2026/09/20 07:19:07.179, 0, 0 %, 0 %, 35270 MiB, 36.32 W
2026/09/20 07:19:07.179, 1, 0 %, 0 %, 35270 MiB, 35.31 W
2026/09/20 07:19:07.179, 2, 0 %, 0 %, 35271 MiB, 36.57 W
2026/09/20 07:19:12.181, 0, 0 %, 0 %, 35270 MiB, 36.21 W
2026/09/20 07:19:12.181, 1, 0 %, 0 %, 35270 MiB, 35.29 W
2026/09/20 07:19:12.181, 2, 0 %, 0 %, 35271 MiB, 36.54 W
2026/09/20 07:19:17.182, 0, 0 %, 0 %, 35270 MiB, 37.67 W
2026/09/20 07:19:17.182, 1, 0 %, 0 %, 35270 MiB, 35.38 W
2026/09/20 07:19:17.182, 2, 0 %, 0 %, 35271 MiB, 36.53 W
2026/09/20 07:19:22.184, 0, 0 %, 0 %, 35270 MiB, 36.11 W
2026/09/20 07:19:22.184, 1, 0 %, 0 %, 35270 MiB, 35.48 W
2026/09/20 07:19:22.184, 2, 0 %, 0 %, 35271 MiB, 36.64 W
2026/09/20 07:19:27.186, 0, 5 %, 0 %, 35270 MiB, 36.31 W
2026/09/20 07:19:27.186, 1, 0 %, 0 %, 35270 MiB, 35.50 W
2026/09/20 07:19:27.186, 2, 0 %, 0 %, 35271 MiB, 36.54 W
2026/09/20 07:19:32.188, 0, 25 %, 1 %, 35270 MiB, 44.13 W
2026/09/20 07:19:32.188, 1, 0 %, 0 %, 35270 MiB, 35.41 W
2026/09/20 07:19:32.188, 2, 0 %, 0 %, 35271 MiB, 36.46 W
2026/09/20 07:19:37.189, 0, 0 %, 0 %, 35270 MiB, 36.23 W
2026/09/20 07:19:37.189, 1, 0 %, 0 %, 35270 MiB, 35.23 W
2026/09/20 07:19:37.189, 2, 0 %, 0 %, 35271 MiB, 36.68 W
2026/09/20 07:19:42.190, 0, 0 %, 0 %, 35270 MiB, 39.27 W
2026/09/20 07:19:42.190, 1, 0 %, 0 %, 35270 MiB, 35.69 W
2026/09/20 07:19:42.190, 2, 0 %, 0 %, 35271 MiB, 36.94 W
2026/09/20 07:19:47.192, 0, 0 %, 0 %, 35270 MiB, 36.22 W
2026/09/20 07:19:47.192, 1, 0 %, 0 %, 35270 MiB, 35.29 W
2026/09/20 07:19:47.192, 2, 0 %, 0 %, 35271 MiB, 36.44 W
2026/09/20 07:19:52.194, 0, 0 %, 0 %, 35270 MiB, 36.31 W
2026/09/20 07:19:52.194, 1, 0 %, 0 %, 35270 MiB, 35.29 W
2026/09/20 07:19:52.195, 2, 0 %, 0 %, 35271 MiB, 36.54 W
2026/09/20 07:19:57.195, 0, 0 %, 0 %, 35270 MiB, 36.23 W
2026/09/20 07:19:57.195, 1, 0 %, 0 %, 35270 MiB, 35.32 W
2026/09/20 07:19:57.195, 2, 0 %, 0 %, 35271 MiB, 36.55 W
2026/09/20 07:20:02.197, 0, 0 %, 0 %, 35270 MiB, 36.30 W
2026/09/20 07:20:02.197, 1, 0 %, 0 %, 35270 MiB, 35.38 W
2026/09/20 07:20:02.197, 2, 0 %, 0 %, 35271 MiB, 36.43 W
2026/09/20 07:20:07.199, 0, 0 %, 0 %, 35270 MiB, 37.87 W
2026/09/20 07:20:07.199, 1, 0 %, 0 %, 35270 MiB, 35.38 W
2026/09/20 07:20:07.199, 2, 0 %, 0 %, 35271 MiB, 36.54 W
2026/09/20 07:20:12.200, 0, 0 %, 0 %, 35270 MiB, 36.11 W
2026/09/20 07:20:12.200, 1, 0 %, 0 %, 35270 MiB, 35.39 W
2026/09/20 07:20:12.200, 2, 0 %, 0 %, 35271 MiB, 36.65 W
2026/09/20 07:20:17.201, 0, 0 %, 0 %, 35270 MiB, 36.11 W
2026/09/20 07:20:17.201, 1, 0 %, 0 %, 35270 MiB, 35.38 W
2026/09/20 07:20:17.202, 2, 0 %, 0 %, 35271 MiB, 36.54 W
2026/09/20 07:20:22.203, 0, 0 %, 0 %, 35270 MiB, 36.21 W
2026/09/20 07:20:22.204, 1, 0 %, 0 %, 35270 MiB, 35.39 W
2026/09/20 07:20:22.204, 2, 0 %, 0 %, 35271 MiB, 36.64 W
2026/09/20 07:20:27.205, 0, 0 %, 0 %, 35270 MiB, 36.20 W
2026/09/20 07:20:27.206, 1, 0 %, 0 %, 35270 MiB, 35.38 W
2026/09/20 07:20:27.206, 2, 0 %, 0 %, 35271 MiB, 36.63 W
2026/09/20 07:20:32.206, 0, 0 %, 0 %, 35270 MiB, 36.21 W
2026/09/20 07:20:32.206, 1, 5 %, 0 %, 35270 MiB, 35.48 W
2026/09/20 07:20:32.207, 2, 0 %, 0 %, 35271 MiB, 36.85 W
2026/09/20 07:20:37.208, 0, 0 %, 0 %, 35270 MiB, 36.21 W
2026/09/20 07:20:37.208, 1, 0 %, 0 %, 35270 MiB, 35.50 W
2026/09/20 07:20:37.208, 2, 0 %, 0 %, 35271 MiB, 36.65 W
2026/09/20 07:20:42.214, 0, 0 %, 0 %, 35270 MiB, 36.15 W
2026/09/20 07:20:42.214, 1, 0 %, 0 %, 35270 MiB, 37.18 W
2026/09/20 07:20:42.214, 2, 0 %, 0 %, 35271 MiB, 36.44 W
2026/09/20 07:20:47.218, 0, 0 %, 0 %, 35270 MiB, 36.21 W
2026/09/20 07:20:47.218, 1, 24 %, 1 %, 35270 MiB, 35.30 W
2026/09/20 07:20:47.218, 2, 0 %, 0 %, 35271 MiB, 36.44 W
2026/09/20 07:20:52.220, 0, 0 %, 0 %, 35270 MiB, 36.28 W
2026/09/20 07:20:52.220, 1, 0 %, 0 %, 35270 MiB, 35.28 W
2026/09/20 07:20:52.220, 2, 0 %, 0 %, 35271 MiB, 36.63 W
2026/09/20 07:20:57.222, 0, 0 %, 0 %, 35270 MiB, 36.40 W
2026/09/20 07:20:57.222, 1, 10 %, 0 %, 35270 MiB, 37.06 W
2026/09/20 07:20:57.222, 2, 0 %, 0 %, 35271 MiB, 37.14 W
2026/09/20 07:21:02.224, 0, 0 %, 0 %, 35270 MiB, 36.31 W
2026/09/20 07:21:02.224, 1, 0 %, 0 %, 35270 MiB, 35.29 W
2026/09/20 07:21:02.224, 2, 0 %, 0 %, 35271 MiB, 36.53 W
2026/09/20 07:21:07.226, 0, 0 %, 0 %, 35270 MiB, 36.41 W
2026/09/20 07:21:07.226, 1, 10 %, 0 %, 35270 MiB, 35.40 W
2026/09/20 07:21:07.226, 2, 0 %, 0 %, 35271 MiB, 36.54 W
2026/09/20 07:21:12.228, 0, 0 %, 0 %, 35270 MiB, 36.34 W
2026/09/20 07:21:12.228, 1, 0 %, 0 %, 35270 MiB, 40.54 W
2026/09/20 07:21:12.228, 2, 0 %, 0 %, 35271 MiB, 36.57 W
2026/09/20 07:21:17.229, 0, 0 %, 0 %, 35270 MiB, 36.11 W
2026/09/20 07:21:17.229, 1, 0 %, 0 %, 35270 MiB, 35.40 W
2026/09/20 07:21:17.229, 2, 0 %, 0 %, 35271 MiB, 36.54 W
2026/09/20 07:21:22.231, 0, 0 %, 0 %, 35270 MiB, 36.18 W
2026/09/20 07:21:22.231, 1, 4 %, 0 %, 35270 MiB, 36.16 W
2026/09/20 07:21:22.231, 2, 0 %, 0 %, 35271 MiB, 36.54 W
2026/09/20 07:21:27.232, 0, 0 %, 0 %, 35270 MiB, 36.11 W
2026/09/20 07:21:27.232, 1, 15 %, 1 %, 35270 MiB, 35.49 W
2026/09/20 07:21:27.232, 2, 0 %, 0 %, 35271 MiB, 36.75 W
2026/09/20 07:21:32.234, 0, 0 %, 0 %, 35270 MiB, 36.11 W
2026/09/20 07:21:32.234, 1, 0 %, 0 %, 35270 MiB, 35.49 W
2026/09/20 07:21:32.234, 2, 0 %, 0 %, 35271 MiB, 36.65 W
2026/09/20 07:21:37.236, 0, 0 %, 0 %, 35270 MiB, 36.14 W
2026/09/20 07:21:37.236, 1, 1 %, 0 %, 35270 MiB, 35.99 W
2026/09/20 07:21:37.236, 2, 0 %, 0 %, 35271 MiB, 36.66 W
2026/09/20 07:21:42.237, 0, 0 %, 0 %, 35270 MiB, 36.21 W
2026/09/20 07:21:42.237, 1, 0 %, 0 %, 35270 MiB, 35.50 W
2026/09/20 07:21:42.237, 2, 0 %, 0 %, 35271 MiB, 36.64 W
2026/09/20 07:21:47.239, 0, 0 %, 0 %, 35270 MiB, 36.21 W
2026/09/20 07:21:47.239, 1, 11 %, 0 %, 35270 MiB, 41.90 W
2026/09/20 07:21:47.239, 2, 0 %, 0 %, 35271 MiB, 36.54 W
2026/09/20 07:21:52.241, 0, 0 %, 0 %, 35270 MiB, 36.21 W
2026/09/20 07:21:52.241, 1, 10 %, 0 %, 35270 MiB, 35.29 W
2026/09/20 07:21:52.242, 2, 0 %, 0 %, 35271 MiB, 36.43 W
2026/09/20 07:21:57.242, 0, 0 %, 0 %, 35270 MiB, 36.34 W
2026/09/20 07:21:57.243, 1, 0 %, 0 %, 35270 MiB, 46.98 W
2026/09/20 07:21:57.243, 2, 0 %, 0 %, 35271 MiB, 36.46 W
2026/09/20 07:22:02.244, 0, 0 %, 0 %, 35270 MiB, 36.11 W
2026/09/20 07:22:02.244, 1, 0 %, 0 %, 35270 MiB, 35.30 W
2026/09/20 07:22:02.244, 2, 0 %, 0 %, 35271 MiB, 36.75 W
2026/09/20 07:22:07.246, 0, 0 %, 0 %, 35270 MiB, 36.50 W
2026/09/20 07:22:07.246, 1, 0 %, 0 %, 35270 MiB, 35.38 W
2026/09/20 07:22:07.246, 2, 0 %, 0 %, 35271 MiB, 36.54 W
2026/09/20 07:22:12.248, 0, 0 %, 0 %, 35270 MiB, 36.69 W
2026/09/20 07:22:12.248, 1, 0 %, 0 %, 35270 MiB, 36.06 W
2026/09/20 07:22:12.248, 2, 0 %, 0 %, 35271 MiB, 36.64 W
2026/09/20 07:22:17.250, 0, 0 %, 0 %, 35270 MiB, 36.11 W
2026/09/20 07:22:17.251, 1, 0 %, 0 %, 35270 MiB, 35.29 W
2026/09/20 07:22:17.251, 2, 0 %, 0 %, 35271 MiB, 36.54 W
2026/09/20 07:22:22.251, 0, 0 %, 0 %, 35270 MiB, 36.04 W
2026/09/20 07:22:22.251, 1, 0 %, 0 %, 35270 MiB, 35.32 W
2026/09/20 07:22:22.251, 2, 0 %, 0 %, 35271 MiB, 36.77 W
2026/09/20 07:22:27.253, 0, 0 %, 0 %, 35270 MiB, 36.11 W
2026/09/20 07:22:27.253, 1, 15 %, 1 %, 35270 MiB, 35.49 W
2026/09/20 07:22:27.253, 2, 0 %, 0 %, 35271 MiB, 36.54 W
2026/09/20 07:22:32.255, 0, 0 %, 0 %, 35270 MiB, 36.11 W
2026/09/20 07:22:32.255, 1, 0 %, 0 %, 35270 MiB, 35.39 W
2026/09/20 07:22:32.255, 2, 0 %, 0 %, 35271 MiB, 36.64 W
2026/09/20 07:22:37.257, 0, 0 %, 0 %, 35270 MiB, 36.11 W
2026/09/20 07:22:37.257, 1, 0 %, 0 %, 35270 MiB, 35.38 W
2026/09/20 07:22:37.258, 2, 0 %, 0 %, 35271 MiB, 36.65 W
2026/09/20 07:22:42.258, 0, 0 %, 0 %, 35270 MiB, 36.12 W
2026/09/20 07:22:42.258, 1, 0 %, 0 %, 35270 MiB, 35.60 W
2026/09/20 07:22:42.258, 2, 0 %, 0 %, 35271 MiB, 36.76 W
2026/09/20 07:22:47.260, 0, 0 %, 0 %, 35270 MiB, 36.19 W
2026/09/20 07:22:47.260, 1, 0 %, 0 %, 35270 MiB, 35.48 W
2026/09/20 07:22:47.260, 2, 0 %, 0 %, 35271 MiB, 36.74 W
2026/09/20 07:22:52.262, 0, 0 %, 0 %, 35270 MiB, 36.20 W
2026/09/20 07:22:52.262, 1, 23 %, 1 %, 35270 MiB, 35.48 W
2026/09/20 07:22:52.262, 2, 0 %, 0 %, 35271 MiB, 36.65 W
2026/09/20 07:22:57.265, 0, 0 %, 0 %, 35270 MiB, 36.21 W
2026/09/20 07:22:57.265, 1, 0 %, 0 %, 35270 MiB, 36.86 W
2026/09/20 07:22:57.265, 2, 0 %, 0 %, 35271 MiB, 36.64 W
2026/09/20 07:23:02.266, 0, 0 %, 0 %, 35270 MiB, 36.26 W
2026/09/20 07:23:02.266, 1, 0 %, 0 %, 35270 MiB, 35.33 W
2026/09/20 07:23:02.267, 2, 0 %, 0 %, 35271 MiB, 36.58 W
2026/09/20 07:23:07.268, 0, 0 %, 0 %, 35270 MiB, 36.20 W
2026/09/20 07:23:07.268, 1, 0 %, 0 %, 35270 MiB, 35.38 W
2026/09/20 07:23:07.268, 2, 0 %, 0 %, 35271 MiB, 36.54 W
2026/09/20 07:23:12.275, 0, 0 %, 0 %, 35270 MiB, 36.21 W
2026/09/20 07:23:12.275, 1, 6 %, 0 %, 35270 MiB, 39.75 W
2026/09/20 07:23:12.276, 2, 0 %, 0 %, 35271 MiB, 36.54 W
2026/09/20 07:23:17.277, 0, 0 %, 0 %, 35270 MiB, 36.21 W
2026/09/20 07:23:17.277, 1, 0 %, 0 %, 35270 MiB, 35.48 W
2026/09/20 07:23:17.277, 2, 0 %, 0 %, 35271 MiB, 36.75 W
2026/09/20 07:23:22.278, 0, 0 %, 0 %, 35270 MiB, 36.33 W
2026/09/20 07:23:22.278, 1, 0 %, 0 %, 35270 MiB, 43.12 W
2026/09/20 07:23:22.278, 2, 0 %, 0 %, 35271 MiB, 36.57 W
2026/09/20 07:23:27.280, 0, 0 %, 0 %, 35270 MiB, 36.11 W
2026/09/20 07:23:27.280, 1, 0 %, 0 %, 35270 MiB, 35.31 W
2026/09/20 07:23:27.280, 2, 0 %, 0 %, 35271 MiB, 36.65 W
2026/09/20 07:23:32.281, 0, 0 %, 0 %, 35270 MiB, 36.01 W
2026/09/20 07:23:32.281, 1, 0 %, 0 %, 35270 MiB, 35.30 W
2026/09/20 07:23:32.281, 2, 0 %, 0 %, 35271 MiB, 36.54 W
2026/09/20 07:23:37.283, 0, 0 %, 0 %, 35270 MiB, 36.00 W
2026/09/20 07:23:37.283, 1, 5 %, 0 %, 35270 MiB, 35.77 W
2026/09/20 07:23:37.283, 2, 0 %, 0 %, 35271 MiB, 36.64 W
2026/09/20 07:23:42.285, 0, 0 %, 0 %, 35270 MiB, 36.21 W
2026/09/20 07:23:42.285, 1, 5 %, 0 %, 35270 MiB, 35.40 W
2026/09/20 07:23:42.285, 2, 0 %, 0 %, 35271 MiB, 36.54 W
2026/09/20 07:23:47.288, 0, 0 %, 0 %, 35270 MiB, 36.11 W
2026/09/20 07:23:47.289, 1, 20 %, 1 %, 35270 MiB, 35.49 W
2026/09/20 07:23:47.289, 2, 0 %, 0 %, 35271 MiB, 36.64 W
2026/09/20 07:23:52.289, 0, 0 %, 0 %, 35270 MiB, 36.16 W
2026/09/20 07:23:52.290, 1, 0 %, 0 %, 35270 MiB, 35.53 W
2026/09/20 07:23:52.290, 2, 0 %, 0 %, 35271 MiB, 36.77 W
2026/09/20 07:23:57.291, 0, 0 %, 0 %, 35270 MiB, 36.21 W
2026/09/20 07:23:57.291, 1, 0 %, 0 %, 35270 MiB, 36.77 W
2026/09/20 07:23:57.291, 2, 0 %, 0 %, 35271 MiB, 36.75 W
2026/09/20 07:24:02.293, 0, 0 %, 0 %, 35270 MiB, 36.21 W
2026/09/20 07:24:02.293, 1, 16 %, 1 %, 35270 MiB, 35.68 W
2026/09/20 07:24:02.293, 2, 0 %, 0 %, 35271 MiB, 36.54 W
2026/09/20 07:24:07.294, 0, 0 %, 0 %, 35270 MiB, 36.12 W
2026/09/20 07:24:07.294, 1, 0 %, 0 %, 35270 MiB, 35.21 W
2026/09/20 07:24:07.295, 2, 0 %, 0 %, 35271 MiB, 36.54 W
2026/09/20 07:24:12.296, 0, 0 %, 0 %, 35270 MiB, 36.11 W
2026/09/20 07:24:12.296, 1, 18 %, 1 %, 35270 MiB, 41.24 W
2026/09/20 07:24:12.296, 2, 0 %, 0 %, 35271 MiB, 36.77 W
2026/09/20 07:24:17.298, 0, 0 %, 0 %, 35270 MiB, 36.21 W
2026/09/20 07:24:17.298, 1, 0 %, 0 %, 35270 MiB, 35.29 W
2026/09/20 07:24:17.298, 2, 0 %, 0 %, 35271 MiB, 36.54 W
2026/09/20 07:24:22.299, 0, 0 %, 0 %, 35270 MiB, 36.30 W
2026/09/20 07:24:22.299, 1, 0 %, 0 %, 35270 MiB, 35.29 W
2026/09/20 07:24:22.299, 2, 0 %, 0 %, 35271 MiB, 36.54 W
2026/09/20 07:24:27.301, 0, 0 %, 0 %, 35270 MiB, 36.23 W
2026/09/20 07:24:27.301, 1, 0 %, 0 %, 35270 MiB, 41.43 W
2026/09/20 07:24:27.301, 2, 0 %, 0 %, 35271 MiB, 36.57 W
2026/09/20 07:24:32.303, 0, 0 %, 0 %, 35270 MiB, 36.01 W
2026/09/20 07:24:32.303, 1, 0 %, 0 %, 35270 MiB, 35.38 W
2026/09/20 07:24:32.303, 2, 0 %, 0 %, 35271 MiB, 36.74 W
2026/09/20 07:24:37.304, 0, 0 %, 0 %, 35270 MiB, 36.31 W
2026/09/20 07:24:37.305, 1, 5 %, 0 %, 35270 MiB, 35.58 W
2026/09/20 07:24:37.305, 2, 0 %, 0 %, 35271 MiB, 36.65 W
2026/09/20 07:24:42.306, 0, 0 %, 0 %, 35270 MiB, 36.01 W
2026/09/20 07:24:42.306, 1, 0 %, 0 %, 35270 MiB, 35.29 W
2026/09/20 07:24:42.307, 2, 0 %, 0 %, 35271 MiB, 36.65 W
2026/09/20 07:24:47.308, 0, 0 %, 0 %, 35270 MiB, 36.11 W
2026/09/20 07:24:47.308, 1, 0 %, 0 %, 35270 MiB, 35.71 W
2026/09/20 07:24:47.308, 2, 0 %, 0 %, 35271 MiB, 36.66 W
2026/09/20 07:24:52.309, 0, 0 %, 0 %, 35270 MiB, 36.01 W
2026/09/20 07:24:52.309, 1, 0 %, 0 %, 35270 MiB, 35.49 W
2026/09/20 07:24:52.309, 2, 0 %, 0 %, 35271 MiB, 36.75 W
2026/09/20 07:24:57.312, 0, 0 %, 0 %, 35270 MiB, 36.10 W
2026/09/20 07:24:57.312, 1, 5 %, 0 %, 35270 MiB, 35.38 W
2026/09/20 07:24:57.312, 2, 0 %, 0 %, 35271 MiB, 36.65 W
2026/09/20 07:25:02.314, 0, 0 %, 0 %, 35270 MiB, 36.01 W
2026/09/20 07:25:02.314, 1, 0 %, 0 %, 35270 MiB, 35.77 W
2026/09/20 07:25:02.314, 2, 0 %, 0 %, 35271 MiB, 36.65 W
2026/09/20 07:25:07.315, 0, 0 %, 0 %, 35270 MiB, 36.10 W
2026/09/20 07:25:07.316, 1, 23 %, 1 %, 35270 MiB, 35.49 W
2026/09/20 07:25:07.316, 2, 0 %, 0 %, 35271 MiB, 36.85 W
2026/09/20 07:25:12.316, 0, 0 %, 0 %, 35270 MiB, 36.13 W
2026/09/20 07:25:12.316, 1, 0 %, 0 %, 35270 MiB, 35.51 W
2026/09/20 07:25:12.316, 2, 0 %, 0 %, 35271 MiB, 36.56 W
2026/09/20 07:25:17.318, 0, 0 %, 0 %, 35270 MiB, 36.19 W
2026/09/20 07:25:17.318, 1, 0 %, 0 %, 35270 MiB, 35.38 W
2026/09/20 07:25:17.318, 2, 0 %, 0 %, 35271 MiB, 36.53 W
2026/09/20 07:25:22.319, 0, 0 %, 0 %, 35270 MiB, 36.10 W
2026/09/20 07:25:22.320, 1, 10 %, 0 %, 35270 MiB, 35.48 W
2026/09/20 07:25:22.320, 2, 0 %, 0 %, 35271 MiB, 36.65 W
2026/09/20 07:25:27.321, 0, 0 %, 0 %, 35270 MiB, 36.20 W
2026/09/20 07:25:27.321, 1, 0 %, 0 %, 35270 MiB, 35.29 W
2026/09/20 07:25:27.321, 2, 0 %, 0 %, 35271 MiB, 36.75 W
2026/09/20 07:25:32.323, 0, 0 %, 0 %, 35270 MiB, 36.31 W
2026/09/20 07:25:32.323, 1, 24 %, 1 %, 35270 MiB, 35.30 W
2026/09/20 07:25:32.323, 2, 0 %, 0 %, 35271 MiB, 36.54 W
2026/09/20 07:25:37.325, 0, 0 %, 0 %, 35270 MiB, 36.12 W
2026/09/20 07:25:37.325, 1, 0 %, 0 %, 35270 MiB, 35.80 W
2026/09/20 07:25:37.325, 2, 0 %, 0 %, 35271 MiB, 36.56 W
2026/09/20 07:25:42.327, 0, 0 %, 0 %, 35270 MiB, 36.01 W
2026/09/20 07:25:42.327, 1, 0 %, 0 %, 35270 MiB, 35.48 W
2026/09/20 07:25:42.327, 2, 0 %, 0 %, 35271 MiB, 36.63 W
2026/09/20 07:25:47.328, 0, 0 %, 0 %, 35270 MiB, 36.01 W
2026/09/20 07:25:47.329, 1, 12 %, 0 %, 35270 MiB, 36.08 W
2026/09/20 07:25:47.329, 2, 0 %, 0 %, 35271 MiB, 36.75 W
2026/09/20 07:25:52.330, 0, 0 %, 0 %, 35270 MiB, 36.01 W
2026/09/20 07:25:52.330, 1, 0 %, 0 %, 35270 MiB, 35.39 W
2026/09/20 07:25:52.330, 2, 0 %, 0 %, 35271 MiB, 36.64 W
2026/09/20 07:25:57.336, 0, 0 %, 0 %, 35270 MiB, 36.01 W
2026/09/20 07:25:57.337, 1, 0 %, 0 %, 35270 MiB, 35.68 W
2026/09/20 07:25:57.337, 2, 0 %, 0 %, 35271 MiB, 36.75 W
2026/09/20 07:26:02.337, 0, 0 %, 0 %, 35270 MiB, 36.14 W
2026/09/20 07:26:02.337, 1, 0 %, 0 %, 35270 MiB, 35.52 W
2026/09/20 07:26:02.338, 2, 0 %, 0 %, 35271 MiB, 36.87 W
2026/09/20 07:26:07.338, 0, 0 %, 0 %, 35270 MiB, 36.21 W
2026/09/20 07:26:07.338, 1, 0 %, 0 %, 35270 MiB, 35.49 W
2026/09/20 07:26:07.338, 2, 0 %, 0 %, 35271 MiB, 36.75 W
2026/09/20 07:26:12.339, 0, 0 %, 0 %, 35270 MiB, 36.11 W
2026/09/20 07:26:12.339, 1, 11 %, 0 %, 35270 MiB, 36.49 W
2026/09/20 07:26:12.340, 2, 0 %, 0 %, 35271 MiB, 36.64 W
2026/09/20 07:26:17.340, 0, 0 %, 0 %, 35270 MiB, 36.13 W
2026/09/20 07:26:17.340, 1, 0 %, 0 %, 35270 MiB, 35.51 W
2026/09/20 07:26:17.340, 2, 25 %, 1 %, 35271 MiB, 36.57 W
2026/09/20 07:26:22.341, 0, 0 %, 0 %, 35270 MiB, 36.14 W
2026/09/20 07:26:22.341, 1, 0 %, 0 %, 35270 MiB, 35.33 W
2026/09/20 07:26:22.341, 2, 0 %, 0 %, 35271 MiB, 36.66 W
2026/09/20 07:26:27.342, 0, 0 %, 0 %, 35270 MiB, 36.25 W
2026/09/20 07:26:27.342, 1, 0 %, 0 %, 35270 MiB, 35.23 W
2026/09/20 07:26:27.343, 2, 0 %, 0 %, 35271 MiB, 36.57 W
2026/09/20 07:26:32.343, 0, 0 %, 0 %, 35270 MiB, 36.22 W
2026/09/20 07:26:32.343, 1, 0 %, 0 %, 35270 MiB, 35.51 W
2026/09/20 07:26:32.343, 2, 0 %, 0 %, 35271 MiB, 36.55 W
2026/09/20 07:26:37.345, 0, 0 %, 0 %, 35270 MiB, 36.13 W
2026/09/20 07:26:37.345, 1, 0 %, 0 %, 35270 MiB, 35.32 W
2026/09/20 07:26:37.345, 2, 0 %, 0 %, 35271 MiB, 36.85 W
2026/09/20 07:26:42.346, 0, 0 %, 0 %, 35270 MiB, 36.22 W
2026/09/20 07:26:42.346, 1, 9 %, 0 %, 35270 MiB, 35.21 W
2026/09/20 07:26:42.346, 2, 0 %, 0 %, 35271 MiB, 36.54 W
2026/09/20 07:26:47.348, 0, 0 %, 0 %, 35270 MiB, 36.11 W
2026/09/20 07:26:47.349, 1, 0 %, 0 %, 35270 MiB, 35.29 W
2026/09/20 07:26:47.349, 2, 0 %, 0 %, 35271 MiB, 36.64 W
2026/09/20 07:26:52.350, 0, 0 %, 0 %, 35270 MiB, 36.01 W
2026/09/20 07:26:52.350, 1, 0 %, 0 %, 35270 MiB, 35.49 W
2026/09/20 07:26:52.350, 2, 0 %, 0 %, 35271 MiB, 36.64 W
2026/09/20 07:26:57.352, 0, 0 %, 0 %, 35270 MiB, 36.01 W
2026/09/20 07:26:57.352, 1, 0 %, 0 %, 35270 MiB, 35.40 W
2026/09/20 07:26:57.352, 2, 0 %, 0 %, 35271 MiB, 36.75 W
2026/09/20 07:27:02.353, 0, 0 %, 0 %, 35270 MiB, 36.21 W
2026/09/20 07:27:02.353, 1, 0 %, 0 %, 35270 MiB, 35.39 W
2026/09/20 07:27:02.353, 2, 0 %, 0 %, 35271 MiB, 36.75 W
2026/09/20 07:27:07.355, 0, 0 %, 0 %, 35270 MiB, 36.02 W
2026/09/20 07:27:07.355, 1, 0 %, 0 %, 35270 MiB, 35.60 W
2026/09/20 07:27:07.355, 2, 0 %, 0 %, 35271 MiB, 38.72 W
2026/09/20 07:27:12.356, 0, 0 %, 0 %, 35270 MiB, 36.13 W
2026/09/20 07:27:12.356, 1, 0 %, 0 %, 35270 MiB, 35.41 W
2026/09/20 07:27:12.356, 2, 0 %, 0 %, 35271 MiB, 36.77 W
2026/09/20 07:27:17.356, 0, 0 %, 0 %, 35270 MiB, 36.04 W
2026/09/20 07:27:17.356, 1, 0 %, 0 %, 35270 MiB, 35.42 W
2026/09/20 07:27:17.357, 2, 25 %, 1 %, 35271 MiB, 36.77 W
2026/09/20 07:27:22.358, 0, 0 %, 0 %, 35270 MiB, 36.21 W
2026/09/20 07:27:22.358, 1, 0 %, 0 %, 35270 MiB, 35.22 W
2026/09/20 07:27:22.358, 2, 0 %, 0 %, 35271 MiB, 45.38 W
2026/09/20 07:27:27.359, 0, 0 %, 0 %, 35270 MiB, 36.13 W
2026/09/20 07:27:27.359, 1, 0 %, 0 %, 35270 MiB, 35.32 W
2026/09/20 07:27:27.359, 2, 0 %, 0 %, 35271 MiB, 36.57 W
2026/09/20 07:27:32.360, 0, 0 %, 0 %, 35270 MiB, 36.14 W
2026/09/20 07:27:32.360, 1, 0 %, 0 %, 35270 MiB, 35.23 W
2026/09/20 07:27:32.360, 2, 0 %, 0 %, 35271 MiB, 36.66 W
2026/09/20 07:27:37.361, 0, 0 %, 0 %, 35270 MiB, 36.13 W
2026/09/20 07:27:37.361, 1, 0 %, 0 %, 35270 MiB, 35.12 W
2026/09/20 07:27:37.361, 2, 0 %, 0 %, 35271 MiB, 36.57 W
2026/09/20 07:27:42.363, 0, 0 %, 0 %, 35270 MiB, 36.23 W
2026/09/20 07:27:42.363, 1, 0 %, 0 %, 35270 MiB, 35.32 W
2026/09/20 07:27:42.363, 2, 0 %, 0 %, 35271 MiB, 36.57 W
2026/09/20 07:27:47.364, 0, 0 %, 0 %, 35270 MiB, 36.13 W
2026/09/20 07:27:47.365, 1, 0 %, 0 %, 35270 MiB, 35.42 W
2026/09/20 07:27:47.365, 2, 25 %, 1 %, 35271 MiB, 36.68 W
2026/09/20 07:27:52.371, 0, 0 %, 0 %, 35270 MiB, 35.92 W
2026/09/20 07:27:52.371, 1, 0 %, 0 %, 35270 MiB, 35.30 W
2026/09/20 07:27:52.371, 2, 0 %, 0 %, 35271 MiB, 36.54 W
2026/09/20 07:27:57.372, 0, 0 %, 0 %, 35270 MiB, 36.22 W
2026/09/20 07:27:57.372, 1, 0 %, 0 %, 35270 MiB, 35.31 W
2026/09/20 07:27:57.372, 2, 0 %, 0 %, 35271 MiB, 36.56 W
2026/09/20 07:28:02.373, 0, 0 %, 0 %, 35270 MiB, 36.01 W
2026/09/20 07:28:02.374, 1, 0 %, 0 %, 35270 MiB, 35.38 W
2026/09/20 07:28:02.374, 2, 0 %, 0 %, 35271 MiB, 36.64 W
2026/09/20 07:28:07.376, 0, 0 %, 0 %, 35270 MiB, 36.04 W
2026/09/20 07:28:07.376, 1, 0 %, 0 %, 35270 MiB, 35.42 W
2026/09/20 07:28:07.376, 2, 0 %, 0 %, 35271 MiB, 36.77 W
2026/09/20 07:28:12.378, 0, 0 %, 0 %, 35270 MiB, 36.01 W
2026/09/20 07:28:12.378, 1, 0 %, 0 %, 35270 MiB, 35.40 W
2026/09/20 07:28:12.378, 2, 0 %, 0 %, 35271 MiB, 36.64 W
2026/09/20 07:28:17.383, 0, 0 %, 0 %, 35270 MiB, 36.10 W
2026/09/20 07:28:17.383, 1, 0 %, 0 %, 35270 MiB, 35.38 W
2026/09/20 07:28:17.383, 2, 0 %, 0 %, 35271 MiB, 36.74 W
2026/09/20 07:28:22.384, 0, 0 %, 0 %, 35270 MiB, 36.16 W
2026/09/20 07:28:22.385, 1, 0 %, 0 %, 35270 MiB, 35.33 W
2026/09/20 07:28:22.385, 2, 0 %, 0 %, 35271 MiB, 36.90 W
2026/09/20 07:28:27.386, 0, 0 %, 0 %, 35270 MiB, 36.14 W
2026/09/20 07:28:27.386, 1, 0 %, 0 %, 35270 MiB, 35.33 W
2026/09/20 07:28:27.386, 2, 0 %, 0 %, 35271 MiB, 36.77 W
2026/09/20 07:28:32.388, 0, 0 %, 0 %, 35270 MiB, 36.16 W
2026/09/20 07:28:32.388, 1, 0 %, 0 %, 35270 MiB, 35.33 W
2026/09/20 07:28:32.388, 2, 0 %, 0 %, 35271 MiB, 36.48 W
2026/09/20 07:28:37.390, 0, 0 %, 0 %, 35270 MiB, 36.23 W
2026/09/20 07:28:37.390, 1, 0 %, 0 %, 35270 MiB, 35.23 W
2026/09/20 07:28:37.390, 2, 0 %, 0 %, 35271 MiB, 36.47 W
2026/09/20 07:28:42.391, 0, 0 %, 0 %, 35270 MiB, 36.15 W
2026/09/20 07:28:42.392, 1, 0 %, 0 %, 35270 MiB, 35.43 W
2026/09/20 07:28:42.392, 2, 0 %, 0 %, 35271 MiB, 36.77 W
2026/09/20 07:28:47.392, 0, 0 %, 0 %, 35270 MiB, 36.23 W
2026/09/20 07:28:47.392, 1, 0 %, 0 %, 35270 MiB, 35.23 W
2026/09/20 07:28:47.392, 2, 0 %, 0 %, 35271 MiB, 36.57 W
2026/09/20 07:28:52.403, 0, 0 %, 0 %, 35270 MiB, 36.40 W
2026/09/20 07:28:52.403, 1, 0 %, 0 %, 35270 MiB, 35.21 W
2026/09/20 07:28:52.403, 2, 0 %, 0 %, 35271 MiB, 36.55 W
2026/09/20 07:28:57.404, 0, 0 %, 0 %, 35270 MiB, 36.26 W
2026/09/20 07:28:57.404, 1, 0 %, 0 %, 35270 MiB, 35.24 W
2026/09/20 07:28:57.404, 2, 0 %, 0 %, 35271 MiB, 36.59 W
2026/09/20 07:29:02.404, 0, 0 %, 0 %, 35270 MiB, 36.05 W
2026/09/20 07:29:02.404, 1, 0 %, 0 %, 35270 MiB, 35.33 W
2026/09/20 07:29:02.405, 2, 0 %, 0 %, 35271 MiB, 36.68 W
2026/09/20 07:29:07.405, 0, 0 %, 0 %, 35270 MiB, 36.02 W
2026/09/20 07:29:07.406, 1, 0 %, 0 %, 35270 MiB, 35.21 W
2026/09/20 07:29:07.406, 2, 0 %, 0 %, 35271 MiB, 36.56 W
2026/09/20 07:29:12.407, 0, 0 %, 0 %, 35270 MiB, 36.16 W
2026/09/20 07:29:12.407, 1, 0 %, 0 %, 35270 MiB, 35.34 W
2026/09/20 07:29:12.407, 2, 0 %, 0 %, 35271 MiB, 36.58 W
2026/09/20 07:29:17.408, 0, 0 %, 0 %, 35270 MiB, 36.06 W
2026/09/20 07:29:17.409, 1, 0 %, 0 %, 35270 MiB, 35.33 W
2026/09/20 07:29:17.409, 2, 0 %, 0 %, 35271 MiB, 36.69 W
2026/09/20 07:29:22.409, 0, 0 %, 0 %, 35270 MiB, 36.06 W
2026/09/20 07:29:22.409, 1, 0 %, 0 %, 35270 MiB, 35.43 W
2026/09/20 07:29:22.409, 2, 0 %, 0 %, 35271 MiB, 36.58 W
2026/09/20 07:29:27.410, 0, 0 %, 0 %, 35270 MiB, 35.96 W
2026/09/20 07:29:27.410, 1, 0 %, 0 %, 35270 MiB, 35.44 W
2026/09/20 07:29:27.410, 2, 0 %, 0 %, 35271 MiB, 36.59 W
2026/09/20 07:29:32.411, 0, 0 %, 0 %, 35270 MiB, 36.16 W
2026/09/20 07:29:32.411, 1, 0 %, 0 %, 35270 MiB, 35.34 W
2026/09/20 07:29:32.411, 2, 0 %, 0 %, 35271 MiB, 36.59 W
2026/09/20 07:29:37.413, 0, 0 %, 0 %, 35270 MiB, 36.01 W
2026/09/20 07:29:37.413, 1, 0 %, 0 %, 35270 MiB, 35.42 W
2026/09/20 07:29:37.413, 2, 0 %, 0 %, 35271 MiB, 36.65 W
2026/09/20 07:29:42.414, 0, 0 %, 0 %, 35270 MiB, 36.11 W
2026/09/20 07:29:42.414, 1, 0 %, 0 %, 35270 MiB, 35.29 W
2026/09/20 07:29:42.414, 2, 0 %, 0 %, 35271 MiB, 36.54 W
2026/09/20 07:29:47.416, 0, 0 %, 0 %, 35270 MiB, 36.31 W
2026/09/20 07:29:47.417, 1, 0 %, 0 %, 35270 MiB, 35.20 W
2026/09/20 07:29:47.417, 2, 0 %, 0 %, 35271 MiB, 36.44 W
2026/09/20 07:29:52.417, 0, 0 %, 0 %, 35270 MiB, 36.11 W
2026/09/20 07:29:52.417, 1, 0 %, 0 %, 35270 MiB, 35.20 W
2026/09/20 07:29:52.417, 2, 0 %, 0 %, 35271 MiB, 36.43 W
2026/09/20 07:29:57.419, 0, 0 %, 0 %, 35270 MiB, 36.11 W
2026/09/20 07:29:57.419, 1, 0 %, 0 %, 35270 MiB, 35.49 W
2026/09/20 07:29:57.419, 2, 0 %, 0 %, 35271 MiB, 36.65 W
2026/09/20 07:30:02.421, 0, 0 %, 0 %, 35270 MiB, 36.21 W
2026/09/20 07:30:02.421, 1, 0 %, 0 %, 35270 MiB, 35.20 W
2026/09/20 07:30:02.421, 2, 0 %, 0 %, 35271 MiB, 36.54 W
2026/09/20 07:30:07.423, 0, 0 %, 0 %, 35270 MiB, 36.04 W
2026/09/20 07:30:07.423, 1, 0 %, 0 %, 35270 MiB, 35.31 W
2026/09/20 07:30:07.423, 2, 0 %, 0 %, 35271 MiB, 36.45 W
2026/09/20 07:30:12.425, 0, 0 %, 0 %, 35270 MiB, 35.92 W
2026/09/20 07:30:12.425, 1, 0 %, 0 %, 35270 MiB, 35.20 W
2026/09/20 07:30:12.425, 2, 0 %, 0 %, 35271 MiB, 36.43 W
2026/09/20 07:30:17.427, 0, 0 %, 0 %, 35270 MiB, 35.92 W
2026/09/20 07:30:17.427, 1, 0 %, 0 %, 35270 MiB, 35.40 W
2026/09/20 07:30:17.427, 2, 0 %, 0 %, 35271 MiB, 36.65 W
2026/09/20 07:30:22.429, 0, 0 %, 0 %, 35270 MiB, 35.92 W
2026/09/20 07:30:22.429, 1, 0 %, 0 %, 35270 MiB, 35.40 W
2026/09/20 07:30:22.429, 2, 0 %, 0 %, 35271 MiB, 36.43 W
2026/09/20 07:30:27.430, 0, 0 %, 0 %, 35270 MiB, 36.03 W
2026/09/20 07:30:27.430, 1, 0 %, 0 %, 35270 MiB, 35.31 W
2026/09/20 07:30:27.430, 2, 0 %, 0 %, 35271 MiB, 36.57 W
2026/09/20 07:30:32.432, 0, 0 %, 0 %, 35270 MiB, 36.02 W
2026/09/20 07:30:32.432, 1, 0 %, 0 %, 35270 MiB, 35.21 W
2026/09/20 07:30:32.432, 2, 0 %, 0 %, 35271 MiB, 36.55 W
2026/09/20 07:30:37.441, 0, 0 %, 0 %, 35270 MiB, 36.01 W
2026/09/20 07:30:37.441, 1, 0 %, 0 %, 35270 MiB, 35.50 W
2026/09/20 07:30:37.441, 2, 0 %, 0 %, 35271 MiB, 36.54 W
2026/09/20 07:30:42.443, 0, 0 %, 0 %, 35270 MiB, 36.11 W
2026/09/20 07:30:42.443, 1, 0 %, 0 %, 35270 MiB, 35.30 W
2026/09/20 07:30:42.443, 2, 0 %, 0 %, 35271 MiB, 36.54 W
2026/09/20 07:30:47.445, 0, 0 %, 0 %, 35270 MiB, 35.92 W
2026/09/20 07:30:47.445, 1, 0 %, 0 %, 35270 MiB, 35.32 W
2026/09/20 07:30:47.445, 2, 0 %, 0 %, 35271 MiB, 36.36 W
2026/09/20 07:30:52.447, 0, 0 %, 0 %, 35270 MiB, 36.01 W
2026/09/20 07:30:52.447, 1, 0 %, 0 %, 35270 MiB, 35.10 W
2026/09/20 07:30:52.447, 2, 0 %, 0 %, 35271 MiB, 36.44 W
2026/09/20 07:30:57.449, 0, 0 %, 0 %, 35270 MiB, 36.11 W
2026/09/20 07:30:57.449, 1, 0 %, 0 %, 35270 MiB, 35.29 W
2026/09/20 07:30:57.449, 2, 0 %, 0 %, 35271 MiB, 36.43 W
2026/09/20 07:31:02.451, 0, 0 %, 0 %, 35270 MiB, 36.21 W
2026/09/20 07:31:02.451, 1, 0 %, 0 %, 35270 MiB, 35.19 W
2026/09/20 07:31:02.451, 2, 0 %, 0 %, 35271 MiB, 36.43 W
2026/09/20 07:31:07.452, 0, 0 %, 0 %, 35270 MiB, 36.12 W
2026/09/20 07:31:07.452, 1, 0 %, 0 %, 35270 MiB, 35.31 W
2026/09/20 07:31:07.452, 2, 0 %, 0 %, 35271 MiB, 36.33 W
2026/09/20 07:31:12.454, 0, 0 %, 0 %, 35270 MiB, 36.11 W
2026/09/20 07:31:12.454, 1, 0 %, 0 %, 35270 MiB, 35.30 W
2026/09/20 07:31:12.454, 2, 0 %, 0 %, 35271 MiB, 36.54 W
2026/09/20 07:31:17.455, 0, 0 %, 0 %, 35270 MiB, 35.92 W
2026/09/20 07:31:17.455, 1, 0 %, 0 %, 35270 MiB, 35.60 W
2026/09/20 07:31:17.456, 2, 0 %, 0 %, 35271 MiB, 36.85 W
2026/09/20 07:31:22.456, 0, 0 %, 0 %, 35270 MiB, 36.21 W
2026/09/20 07:31:22.456, 1, 0 %, 0 %, 35270 MiB, 35.29 W
2026/09/20 07:31:22.456, 2, 0 %, 0 %, 35271 MiB, 36.44 W
2026/09/20 07:31:27.464, 0, 0 %, 0 %, 35270 MiB, 35.92 W
2026/09/20 07:31:27.464, 1, 0 %, 0 %, 35270 MiB, 35.30 W
2026/09/20 07:31:27.464, 2, 0 %, 0 %, 35271 MiB, 36.44 W
2026/09/20 07:31:32.466, 0, 0 %, 0 %, 35270 MiB, 35.92 W
2026/09/20 07:31:32.466, 1, 0 %, 0 %, 35270 MiB, 35.59 W
2026/09/20 07:31:32.466, 2, 0 %, 0 %, 35271 MiB, 36.75 W
2026/09/20 07:31:37.468, 0, 0 %, 0 %, 35270 MiB, 36.01 W
2026/09/20 07:31:37.468, 1, 0 %, 0 %, 35270 MiB, 35.29 W
2026/09/20 07:31:37.468, 2, 0 %, 0 %, 35271 MiB, 36.54 W
2026/09/20 07:31:42.470, 0, 0 %, 0 %, 35270 MiB, 36.11 W
2026/09/20 07:31:42.470, 1, 0 %, 0 %, 35270 MiB, 35.30 W
2026/09/20 07:31:42.470, 2, 0 %, 0 %, 35271 MiB, 36.65 W
2026/09/20 07:31:47.472, 0, 0 %, 0 %, 35270 MiB, 36.03 W
2026/09/20 07:31:47.472, 1, 0 %, 0 %, 35270 MiB, 35.31 W
2026/09/20 07:31:47.472, 2, 0 %, 0 %, 35271 MiB, 36.76 W
2026/09/20 07:31:52.478, 0, 0 %, 0 %, 35270 MiB, 36.04 W
2026/09/20 07:31:52.478, 1, 0 %, 0 %, 35270 MiB, 35.42 W
2026/09/20 07:31:52.478, 2, 0 %, 0 %, 35271 MiB, 36.46 W
2026/09/20 07:31:57.481, 0, 0 %, 0 %, 35270 MiB, 36.34 W
2026/09/20 07:31:57.481, 1, 0 %, 0 %, 35270 MiB, 35.13 W
2026/09/20 07:31:57.481, 2, 0 %, 0 %, 35271 MiB, 36.47 W
2026/09/20 07:32:02.483, 0, 0 %, 0 %, 35270 MiB, 36.13 W
2026/09/20 07:32:02.483, 1, 0 %, 0 %, 35270 MiB, 35.21 W
2026/09/20 07:32:02.483, 2, 0 %, 0 %, 35271 MiB, 36.46 W
2026/09/20 07:32:07.485, 0, 0 %, 0 %, 35270 MiB, 36.06 W
2026/09/20 07:32:07.485, 1, 0 %, 0 %, 35270 MiB, 35.14 W
2026/09/20 07:32:07.485, 2, 0 %, 0 %, 35271 MiB, 36.69 W
2026/09/20 07:32:12.486, 0, 0 %, 0 %, 35270 MiB, 36.04 W
2026/09/20 07:32:12.486, 1, 0 %, 0 %, 35270 MiB, 35.23 W
2026/09/20 07:32:12.486, 2, 0 %, 0 %, 35271 MiB, 36.46 W
2026/09/20 07:32:17.487, 0, 0 %, 0 %, 35270 MiB, 36.13 W
2026/09/20 07:32:17.488, 1, 0 %, 0 %, 35270 MiB, 35.14 W
2026/09/20 07:32:17.488, 2, 0 %, 0 %, 35271 MiB, 36.46 W
2026/09/20 07:32:22.488, 0, 0 %, 0 %, 35270 MiB, 35.96 W
2026/09/20 07:32:22.488, 1, 0 %, 0 %, 35270 MiB, 35.15 W
2026/09/20 07:32:22.488, 2, 0 %, 0 %, 35271 MiB, 36.48 W
2026/09/20 07:32:27.489, 0, 100 %, 6 %, 35270 MiB, 96.25 W
2026/09/20 07:32:27.489, 1, 100 %, 15 %, 35270 MiB, 90.21 W
2026/09/20 07:32:27.489, 2, 99 %, 11 %, 35271 MiB, 88.48 W
2026/09/20 07:32:32.490, 0, 100 %, 6 %, 35270 MiB, 88.63 W
2026/09/20 07:32:32.490, 1, 100 %, 6 %, 35270 MiB, 91.42 W
2026/09/20 07:32:32.490, 2, 98 %, 6 %, 35271 MiB, 90.57 W
2026/09/20 07:32:37.491, 0, 100 %, 6 %, 35270 MiB, 100.44 W
2026/09/20 07:32:37.491, 1, 100 %, 6 %, 35270 MiB, 84.66 W
2026/09/20 07:32:37.491, 2, 100 %, 10 %, 35271 MiB, 104.85 W
2026/09/20 07:32:42.492, 0, 100 %, 6 %, 35270 MiB, 92.99 W
2026/09/20 07:32:42.492, 1, 100 %, 7 %, 35270 MiB, 86.75 W
2026/09/20 07:32:42.492, 2, 100 %, 6 %, 35271 MiB, 87.09 W
2026/09/20 07:32:47.493, 0, 100 %, 6 %, 35270 MiB, 91.30 W
2026/09/20 07:32:47.493, 1, 100 %, 6 %, 35270 MiB, 86.97 W
2026/09/20 07:32:47.493, 2, 100 %, 7 %, 35271 MiB, 88.22 W
2026/09/20 07:32:52.493, 0, 100 %, 7 %, 35270 MiB, 89.22 W
2026/09/20 07:32:52.494, 1, 100 %, 7 %, 35270 MiB, 84.28 W
2026/09/20 07:32:52.494, 2, 100 %, 7 %, 35271 MiB, 87.39 W
2026/09/20 07:32:57.494, 0, 100 %, 7 %, 35270 MiB, 92.99 W
2026/09/20 07:32:57.494, 1, 100 %, 10 %, 35270 MiB, 85.72 W
2026/09/20 07:32:57.494, 2, 100 %, 6 %, 35271 MiB, 89.96 W
2026/09/20 07:33:02.495, 0, 100 %, 6 %, 35270 MiB, 93.45 W
2026/09/20 07:33:02.495, 1, 100 %, 6 %, 35270 MiB, 86.98 W
2026/09/20 07:33:02.495, 2, 100 %, 10 %, 35271 MiB, 88.46 W
2026/09/20 07:33:07.495, 0, 100 %, 10 %, 35270 MiB, 89.74 W
2026/09/20 07:33:07.496, 1, 100 %, 14 %, 35270 MiB, 79.34 W
2026/09/20 07:33:07.496, 2, 100 %, 6 %, 35271 MiB, 100.92 W
2026/09/20 07:33:12.496, 0, 100 %, 8 %, 35270 MiB, 95.43 W
2026/09/20 07:33:12.496, 1, 100 %, 7 %, 35270 MiB, 89.96 W
2026/09/20 07:33:12.496, 2, 100 %, 6 %, 35271 MiB, 87.83 W
2026/09/20 07:33:17.497, 0, 100 %, 6 %, 35270 MiB, 88.19 W
2026/09/20 07:33:17.497, 1, 100 %, 7 %, 35270 MiB, 84.42 W
2026/09/20 07:33:17.498, 2, 100 %, 10 %, 35271 MiB, 84.95 W
2026/09/20 07:33:22.498, 0, 100 %, 10 %, 35270 MiB, 86.66 W
2026/09/20 07:33:22.498, 1, 100 %, 10 %, 35270 MiB, 86.21 W
2026/09/20 07:33:22.498, 2, 100 %, 15 %, 35271 MiB, 88.21 W
2026/09/20 07:33:27.499, 0, 100 %, 11 %, 35270 MiB, 88.48 W
2026/09/20 07:33:27.499, 1, 100 %, 6 %, 35270 MiB, 83.37 W
2026/09/20 07:33:27.499, 2, 100 %, 7 %, 35271 MiB, 90.31 W
2026/09/20 07:33:32.500, 0, 100 %, 14 %, 35270 MiB, 85.85 W
2026/09/20 07:33:32.500, 1, 100 %, 7 %, 35270 MiB, 82.89 W
2026/09/20 07:33:32.500, 2, 100 %, 7 %, 35271 MiB, 90.04 W
2026/09/20 07:33:37.501, 0, 100 %, 7 %, 35270 MiB, 88.73 W
2026/09/20 07:33:37.501, 1, 100 %, 6 %, 35270 MiB, 85.19 W
2026/09/20 07:33:37.501, 2, 99 %, 7 %, 35271 MiB, 88.99 W
2026/09/20 07:33:42.501, 0, 100 %, 7 %, 35270 MiB, 87.17 W
2026/09/20 07:33:42.502, 1, 100 %, 7 %, 35270 MiB, 86.68 W
2026/09/20 07:33:42.502, 2, 100 %, 10 %, 35271 MiB, 91.41 W
2026/09/20 07:33:47.502, 0, 100 %, 10 %, 35270 MiB, 88.88 W
2026/09/20 07:33:47.502, 1, 0 %, 0 %, 35270 MiB, 57.44 W
2026/09/20 07:33:47.502, 2, 0 %, 0 %, 35271 MiB, 38.33 W
2026/09/20 07:33:52.504, 0, 0 %, 0 %, 35270 MiB, 37.60 W
2026/09/20 07:33:52.504, 1, 0 %, 0 %, 35270 MiB, 37.16 W
2026/09/20 07:33:52.504, 2, 0 %, 0 %, 35271 MiB, 38.02 W
2026/09/20 07:33:57.507, 0, 0 %, 0 %, 35270 MiB, 37.39 W
2026/09/20 07:33:57.507, 1, 0 %, 0 %, 35270 MiB, 37.06 W
2026/09/20 07:33:57.507, 2, 0 %, 0 %, 35271 MiB, 38.02 W
2026/09/20 07:34:02.508, 0, 0 %, 0 %, 35270 MiB, 37.20 W
2026/09/20 07:34:02.508, 1, 0 %, 0 %, 35270 MiB, 36.87 W
2026/09/20 07:34:02.508, 2, 0 %, 0 %, 35271 MiB, 37.73 W
2026/09/20 07:34:07.510, 0, 0 %, 0 %, 35270 MiB, 36.99 W
2026/09/20 07:34:07.510, 1, 0 %, 0 %, 35270 MiB, 37.07 W
2026/09/20 07:34:07.510, 2, 0 %, 0 %, 35271 MiB, 37.64 W
2026/09/20 07:34:12.519, 0, 0 %, 0 %, 35270 MiB, 36.98 W
2026/09/20 07:34:12.519, 1, 0 %, 0 %, 35270 MiB, 36.57 W
2026/09/20 07:34:12.519, 2, 0 %, 0 %, 35271 MiB, 37.63 W
2026/09/20 07:34:17.520, 0, 0 %, 0 %, 35270 MiB, 36.89 W
2026/09/20 07:34:17.520, 1, 0 %, 0 %, 35270 MiB, 36.47 W
2026/09/20 07:34:17.520, 2, 0 %, 0 %, 35271 MiB, 37.63 W
2026/09/20 07:34:22.521, 0, 0 %, 0 %, 35270 MiB, 36.89 W
2026/09/20 07:34:22.521, 1, 0 %, 0 %, 35270 MiB, 36.37 W
2026/09/20 07:34:22.522, 2, 0 %, 0 %, 35271 MiB, 37.43 W
2026/09/20 07:34:27.523, 0, 0 %, 0 %, 35270 MiB, 36.79 W
2026/09/20 07:34:27.524, 1, 0 %, 0 %, 35270 MiB, 36.58 W
2026/09/20 07:34:27.524, 2, 0 %, 0 %, 35271 MiB, 37.24 W
2026/09/20 07:34:32.525, 0, 0 %, 0 %, 35270 MiB, 36.89 W
2026/09/20 07:34:32.525, 1, 0 %, 0 %, 35270 MiB, 36.27 W
2026/09/20 07:34:32.525, 2, 0 %, 0 %, 35271 MiB, 37.34 W
2026/09/20 07:34:37.526, 0, 0 %, 0 %, 35270 MiB, 36.79 W
2026/09/20 07:34:37.526, 1, 0 %, 0 %, 35270 MiB, 36.08 W
2026/09/20 07:34:37.526, 2, 0 %, 0 %, 35271 MiB, 37.24 W
2026/09/20 07:34:42.528, 0, 0 %, 0 %, 35270 MiB, 36.70 W
2026/09/20 07:34:42.528, 1, 0 %, 0 %, 35270 MiB, 36.08 W
2026/09/20 07:34:42.528, 2, 0 %, 0 %, 35271 MiB, 37.24 W
2026/09/20 07:34:47.530, 0, 0 %, 0 %, 35270 MiB, 36.60 W
2026/09/20 07:34:47.530, 1, 0 %, 0 %, 35270 MiB, 36.28 W
2026/09/20 07:34:47.530, 2, 0 %, 0 %, 35271 MiB, 37.14 W
2026/09/20 07:34:52.531, 0, 0 %, 0 %, 35270 MiB, 36.70 W
2026/09/20 07:34:52.531, 1, 0 %, 0 %, 35270 MiB, 35.99 W
2026/09/20 07:34:52.531, 2, 0 %, 0 %, 35271 MiB, 37.34 W
2026/09/20 07:34:57.532, 0, 0 %, 0 %, 35270 MiB, 36.40 W
2026/09/20 07:34:57.532, 1, 0 %, 0 %, 35270 MiB, 35.98 W
2026/09/20 07:34:57.533, 2, 0 %, 0 %, 35271 MiB, 37.24 W
2026/09/20 07:35:02.533, 0, 0 %, 0 %, 35270 MiB, 36.50 W
2026/09/20 07:35:02.533, 1, 0 %, 0 %, 35270 MiB, 35.99 W
2026/09/20 07:35:02.533, 2, 0 %, 0 %, 35271 MiB, 37.05 W
2026/09/20 07:35:07.534, 0, 0 %, 0 %, 35270 MiB, 36.40 W
2026/09/20 07:35:07.535, 1, 0 %, 0 %, 35270 MiB, 35.98 W
2026/09/20 07:35:07.535, 2, 0 %, 0 %, 35271 MiB, 37.04 W
2026/09/20 07:35:12.535, 0, 0 %, 0 %, 35270 MiB, 36.55 W
2026/09/20 07:35:12.536, 1, 0 %, 0 %, 35270 MiB, 35.92 W
2026/09/20 07:35:12.536, 2, 0 %, 0 %, 35271 MiB, 37.09 W
2026/09/20 07:35:17.536, 0, 0 %, 0 %, 35270 MiB, 36.55 W
2026/09/20 07:35:17.536, 1, 0 %, 0 %, 35270 MiB, 35.73 W
2026/09/20 07:35:17.537, 2, 0 %, 0 %, 35271 MiB, 36.90 W
2026/09/20 07:35:22.537, 0, 0 %, 0 %, 35270 MiB, 36.35 W
2026/09/20 07:35:22.537, 1, 0 %, 0 %, 35270 MiB, 35.73 W
2026/09/20 07:35:22.537, 2, 0 %, 0 %, 35271 MiB, 36.79 W
2026/09/20 07:35:27.538, 0, 0 %, 0 %, 35270 MiB, 36.45 W
2026/09/20 07:35:27.538, 1, 0 %, 0 %, 35270 MiB, 35.63 W
2026/09/20 07:35:27.538, 2, 0 %, 0 %, 35271 MiB, 36.80 W
2026/09/20 07:35:32.538, 0, 0 %, 0 %, 35270 MiB, 36.45 W
2026/09/20 07:35:32.538, 1, 0 %, 0 %, 35270 MiB, 35.63 W
2026/09/20 07:35:32.538, 2, 0 %, 0 %, 35271 MiB, 36.90 W
2026/09/20 07:35:37.539, 0, 0 %, 0 %, 35270 MiB, 36.26 W
2026/09/20 07:35:37.539, 1, 0 %, 0 %, 35270 MiB, 35.63 W
2026/09/20 07:35:37.539, 2, 0 %, 0 %, 35271 MiB, 36.69 W
2026/09/20 07:35:42.540, 0, 90 %, 3 %, 35270 MiB, 55.44 W
2026/09/20 07:35:42.540, 1, 0 %, 0 %, 35270 MiB, 35.90 W
2026/09/20 07:35:42.540, 2, 0 %, 0 %, 35271 MiB, 36.77 W
2026/09/20 07:35:47.542, 0, 0 %, 0 %, 35270 MiB, 36.12 W
2026/09/20 07:35:47.542, 1, 0 %, 0 %, 35270 MiB, 35.60 W
2026/09/20 07:35:47.542, 2, 0 %, 0 %, 35271 MiB, 36.75 W
2026/09/20 07:35:52.543, 0, 0 %, 0 %, 35270 MiB, 36.22 W
2026/09/20 07:35:52.543, 1, 0 %, 0 %, 35270 MiB, 35.69 W
2026/09/20 07:35:52.543, 2, 0 %, 0 %, 35271 MiB, 36.85 W
2026/09/20 07:35:57.544, 0, 0 %, 0 %, 35270 MiB, 36.21 W
2026/09/20 07:35:57.544, 1, 0 %, 0 %, 35270 MiB, 35.58 W
2026/09/20 07:35:57.544, 2, 0 %, 0 %, 35271 MiB, 36.74 W
2026/09/20 07:36:02.544, 0, 20 %, 1 %, 35270 MiB, 43.50 W
2026/09/20 07:36:02.544, 1, 0 %, 0 %, 35270 MiB, 35.68 W
2026/09/20 07:36:02.544, 2, 0 %, 0 %, 35271 MiB, 36.75 W
2026/09/20 07:36:07.546, 0, 11 %, 0 %, 35270 MiB, 36.31 W
2026/09/20 07:36:07.546, 1, 0 %, 0 %, 35270 MiB, 35.68 W
2026/09/20 07:36:07.546, 2, 0 %, 0 %, 35271 MiB, 36.94 W
2026/09/20 07:36:12.548, 0, 25 %, 1 %, 35270 MiB, 36.21 W
2026/09/20 07:36:12.548, 1, 0 %, 0 %, 35270 MiB, 35.59 W
2026/09/20 07:36:12.548, 2, 0 %, 0 %, 35271 MiB, 36.64 W
2026/09/20 07:36:17.550, 0, 5 %, 0 %, 35270 MiB, 45.49 W
2026/09/20 07:36:17.550, 1, 0 %, 0 %, 35270 MiB, 35.69 W
2026/09/20 07:36:17.551, 2, 0 %, 0 %, 35271 MiB, 36.75 W
2026/09/20 07:36:22.552, 0, 0 %, 0 %, 35270 MiB, 36.11 W
2026/09/20 07:36:22.553, 1, 0 %, 0 %, 35270 MiB, 35.69 W
2026/09/20 07:36:22.553, 2, 0 %, 0 %, 35271 MiB, 36.54 W
2026/09/20 07:36:27.553, 0, 14 %, 1 %, 35270 MiB, 45.40 W
2026/09/20 07:36:27.553, 1, 0 %, 0 %, 35270 MiB, 35.51 W
2026/09/20 07:36:27.553, 2, 0 %, 0 %, 35271 MiB, 36.77 W
2026/09/20 07:36:32.555, 0, 0 %, 0 %, 35270 MiB, 36.13 W
2026/09/20 07:36:32.555, 1, 0 %, 0 %, 35270 MiB, 35.42 W
2026/09/20 07:36:32.555, 2, 0 %, 0 %, 35271 MiB, 36.68 W
2026/09/20 07:36:37.556, 0, 0 %, 0 %, 35270 MiB, 36.13 W
2026/09/20 07:36:37.556, 1, 0 %, 0 %, 35270 MiB, 35.61 W
2026/09/20 07:36:37.556, 2, 0 %, 0 %, 35271 MiB, 36.57 W
2026/09/20 07:36:42.557, 0, 0 %, 0 %, 35270 MiB, 36.21 W
2026/09/20 07:36:42.557, 1, 0 %, 0 %, 35270 MiB, 35.49 W
2026/09/20 07:36:42.558, 2, 0 %, 0 %, 35271 MiB, 36.55 W
2026/09/20 07:36:47.559, 0, 0 %, 0 %, 35270 MiB, 36.99 W
2026/09/20 07:36:47.560, 1, 0 %, 0 %, 35270 MiB, 35.50 W
2026/09/20 07:36:47.560, 2, 0 %, 0 %, 35271 MiB, 36.64 W
2026/09/20 07:36:52.561, 0, 0 %, 0 %, 35270 MiB, 40.14 W
2026/09/20 07:36:52.562, 1, 0 %, 0 %, 35270 MiB, 35.49 W
2026/09/20 07:36:52.562, 2, 0 %, 0 %, 35271 MiB, 36.43 W
2026/09/20 07:36:57.563, 0, 0 %, 0 %, 35270 MiB, 36.21 W
2026/09/20 07:36:57.563, 1, 0 %, 0 %, 35270 MiB, 35.40 W
2026/09/20 07:36:57.563, 2, 0 %, 0 %, 35271 MiB, 36.44 W
2026/09/20 07:37:02.565, 0, 0 %, 0 %, 35270 MiB, 36.01 W
2026/09/20 07:37:02.565, 1, 0 %, 0 %, 35270 MiB, 35.50 W
2026/09/20 07:37:02.565, 2, 0 %, 0 %, 35271 MiB, 36.75 W
2026/09/20 07:37:07.566, 0, 0 %, 0 %, 35270 MiB, 36.01 W
2026/09/20 07:37:07.566, 1, 0 %, 0 %, 35270 MiB, 35.48 W
2026/09/20 07:37:07.567, 2, 0 %, 0 %, 35271 MiB, 36.53 W
2026/09/20 07:37:12.568, 0, 0 %, 0 %, 35270 MiB, 36.01 W
2026/09/20 07:37:12.568, 1, 0 %, 0 %, 35270 MiB, 35.40 W
2026/09/20 07:37:12.568, 2, 0 %, 0 %, 35271 MiB, 36.64 W
2026/09/20 07:37:17.570, 0, 0 %, 0 %, 35270 MiB, 36.70 W
2026/09/20 07:37:17.570, 1, 0 %, 0 %, 35270 MiB, 35.78 W
2026/09/20 07:37:17.570, 2, 0 %, 0 %, 35271 MiB, 36.54 W
2026/09/20 07:37:22.572, 0, 0 %, 0 %, 35270 MiB, 36.31 W
2026/09/20 07:37:22.573, 1, 0 %, 0 %, 35270 MiB, 35.49 W
2026/09/20 07:37:22.573, 2, 0 %, 0 %, 35271 MiB, 36.75 W
2026/09/20 07:37:27.573, 0, 0 %, 0 %, 35270 MiB, 36.06 W
2026/09/20 07:37:27.573, 1, 0 %, 0 %, 35270 MiB, 35.52 W
2026/09/20 07:37:27.573, 2, 0 %, 0 %, 35271 MiB, 36.36 W
2026/09/20 07:37:32.574, 0, 0 %, 0 %, 35270 MiB, 36.33 W
2026/09/20 07:37:32.574, 1, 0 %, 0 %, 35270 MiB, 35.32 W
2026/09/20 07:37:32.574, 2, 0 %, 0 %, 35271 MiB, 36.36 W
2026/09/20 07:37:37.575, 0, 0 %, 0 %, 35270 MiB, 36.01 W
2026/09/20 07:37:37.575, 1, 0 %, 0 %, 35270 MiB, 35.49 W
2026/09/20 07:37:37.575, 2, 0 %, 0 %, 35271 MiB, 36.33 W
2026/09/20 07:37:42.577, 0, 0 %, 0 %, 35270 MiB, 36.11 W
2026/09/20 07:37:42.577, 1, 0 %, 0 %, 35270 MiB, 35.39 W
2026/09/20 07:37:42.577, 2, 0 %, 0 %, 35271 MiB, 36.43 W
2026/09/20 07:37:47.579, 0, 25 %, 1 %, 35270 MiB, 36.12 W
2026/09/20 07:37:47.579, 1, 0 %, 0 %, 35270 MiB, 35.30 W
2026/09/20 07:37:47.579, 2, 0 %, 0 %, 35271 MiB, 36.44 W
2026/09/20 07:37:52.581, 0, 0 %, 0 %, 35270 MiB, 36.13 W
2026/09/20 07:37:52.581, 1, 0 %, 0 %, 35270 MiB, 35.32 W
2026/09/20 07:37:52.581, 2, 0 %, 0 %, 35271 MiB, 36.57 W
2026/09/20 07:37:57.583, 0, 0 %, 0 %, 35270 MiB, 36.69 W
2026/09/20 07:37:57.583, 1, 0 %, 0 %, 35270 MiB, 35.39 W
2026/09/20 07:37:57.583, 2, 0 %, 0 %, 35271 MiB, 36.75 W
2026/09/20 07:38:02.584, 0, 0 %, 0 %, 35270 MiB, 35.92 W
2026/09/20 07:38:02.585, 1, 0 %, 0 %, 35270 MiB, 35.40 W
2026/09/20 07:38:02.585, 2, 0 %, 0 %, 35271 MiB, 36.54 W
2026/09/20 07:38:07.585, 0, 0 %, 0 %, 35270 MiB, 35.92 W
2026/09/20 07:38:07.586, 1, 0 %, 0 %, 35270 MiB, 35.20 W
2026/09/20 07:38:07.586, 2, 0 %, 0 %, 35271 MiB, 36.54 W
2026/09/20 07:38:12.586, 0, 0 %, 0 %, 35270 MiB, 36.04 W
2026/09/20 07:38:12.586, 1, 0 %, 0 %, 35270 MiB, 35.33 W
2026/09/20 07:38:12.587, 2, 0 %, 0 %, 35271 MiB, 36.57 W
2026/09/20 07:38:17.587, 0, 0 %, 0 %, 35270 MiB, 36.11 W
2026/09/20 07:38:17.587, 1, 0 %, 0 %, 35270 MiB, 35.49 W
2026/09/20 07:38:17.587, 2, 0 %, 0 %, 35271 MiB, 36.75 W
2026/09/20 07:38:22.588, 0, 15 %, 1 %, 35270 MiB, 36.00 W
2026/09/20 07:38:22.588, 1, 0 %, 0 %, 35270 MiB, 35.39 W
2026/09/20 07:38:22.589, 2, 0 %, 0 %, 35271 MiB, 36.54 W
2026/09/20 07:38:27.590, 0, 25 %, 1 %, 35270 MiB, 36.01 W
2026/09/20 07:38:27.590, 1, 0 %, 0 %, 35270 MiB, 35.49 W
2026/09/20 07:38:27.591, 2, 0 %, 0 %, 35271 MiB, 36.65 W
2026/09/20 07:38:32.591, 0, 0 %, 0 %, 35270 MiB, 35.92 W
2026/09/20 07:38:32.591, 1, 0 %, 0 %, 35270 MiB, 35.50 W
2026/09/20 07:38:32.591, 2, 0 %, 0 %, 35271 MiB, 36.43 W
2026/09/20 07:38:37.592, 0, 0 %, 0 %, 35270 MiB, 36.12 W
2026/09/20 07:38:37.592, 1, 0 %, 0 %, 35270 MiB, 35.29 W
2026/09/20 07:38:37.592, 2, 0 %, 0 %, 35271 MiB, 36.43 W
2026/09/20 07:38:42.593, 0, 9 %, 0 %, 35270 MiB, 37.29 W
2026/09/20 07:38:42.593, 1, 0 %, 0 %, 35270 MiB, 35.30 W
2026/09/20 07:38:42.593, 2, 0 %, 0 %, 35271 MiB, 36.33 W
2026/09/20 07:38:47.605, 0, 0 %, 0 %, 35270 MiB, 36.11 W
2026/09/20 07:38:47.605, 1, 0 %, 0 %, 35270 MiB, 35.29 W
2026/09/20 07:38:47.605, 2, 0 %, 0 %, 35271 MiB, 36.33 W
2026/09/20 07:38:52.606, 0, 0 %, 0 %, 35270 MiB, 36.32 W
2026/09/20 07:38:52.606, 1, 0 %, 0 %, 35270 MiB, 35.51 W
2026/09/20 07:38:52.606, 2, 0 %, 0 %, 35271 MiB, 36.66 W
2026/09/20 07:38:57.606, 0, 5 %, 0 %, 35270 MiB, 36.11 W
2026/09/20 07:38:57.606, 1, 0 %, 0 %, 35270 MiB, 35.29 W
2026/09/20 07:38:57.606, 2, 0 %, 0 %, 35271 MiB, 36.54 W
2026/09/20 07:39:02.612, 0, 5 %, 0 %, 35270 MiB, 36.10 W
2026/09/20 07:39:02.612, 1, 0 %, 0 %, 35270 MiB, 35.29 W
2026/09/20 07:39:02.612, 2, 0 %, 0 %, 35271 MiB, 36.32 W
2026/09/20 07:39:07.613, 0, 20 %, 1 %, 35270 MiB, 40.73 W
2026/09/20 07:39:07.614, 1, 0 %, 0 %, 35270 MiB, 35.29 W
2026/09/20 07:39:07.614, 2, 0 %, 0 %, 35271 MiB, 36.43 W
2026/09/20 07:39:12.615, 0, 0 %, 0 %, 35270 MiB, 36.01 W
2026/09/20 07:39:12.615, 1, 0 %, 0 %, 35270 MiB, 35.50 W
2026/09/20 07:39:12.616, 2, 0 %, 0 %, 35271 MiB, 36.65 W
2026/09/20 07:39:17.616, 0, 0 %, 0 %, 35270 MiB, 36.04 W
2026/09/20 07:39:17.616, 1, 0 %, 0 %, 35270 MiB, 35.23 W
2026/09/20 07:39:17.616, 2, 0 %, 0 %, 35271 MiB, 36.57 W
2026/09/20 07:39:22.617, 0, 0 %, 0 %, 35270 MiB, 36.31 W
2026/09/20 07:39:22.618, 1, 0 %, 0 %, 35270 MiB, 35.38 W
2026/09/20 07:39:22.618, 2, 0 %, 0 %, 35271 MiB, 36.54 W
2026/09/20 07:39:27.618, 0, 0 %, 0 %, 35270 MiB, 36.21 W
2026/09/20 07:39:27.619, 1, 0 %, 0 %, 35270 MiB, 35.39 W
2026/09/20 07:39:27.619, 2, 0 %, 0 %, 35271 MiB, 36.54 W
2026/09/20 07:39:32.619, 0, 0 %, 0 %, 35270 MiB, 36.02 W
2026/09/20 07:39:32.619, 1, 0 %, 0 %, 35270 MiB, 35.51 W
2026/09/20 07:39:32.619, 2, 0 %, 0 %, 35271 MiB, 36.65 W
2026/09/20 07:39:37.621, 0, 0 %, 0 %, 35270 MiB, 36.98 W
2026/09/20 07:39:37.621, 1, 0 %, 0 %, 35270 MiB, 35.48 W
2026/09/20 07:39:37.621, 2, 0 %, 0 %, 35271 MiB, 36.65 W
2026/09/20 07:39:42.623, 0, 0 %, 0 %, 35270 MiB, 36.00 W
2026/09/20 07:39:42.623, 1, 0 %, 0 %, 35270 MiB, 35.48 W
2026/09/20 07:39:42.623, 2, 0 %, 0 %, 35271 MiB, 36.44 W
2026/09/20 07:39:47.625, 0, 0 %, 0 %, 35270 MiB, 36.26 W
2026/09/20 07:39:47.625, 1, 0 %, 0 %, 35270 MiB, 35.31 W
2026/09/20 07:39:47.625, 2, 0 %, 0 %, 35271 MiB, 36.46 W
2026/09/20 07:39:52.627, 0, 0 %, 0 %, 35270 MiB, 36.11 W
2026/09/20 07:39:52.627, 1, 0 %, 0 %, 35270 MiB, 35.39 W
2026/09/20 07:39:52.627, 2, 0 %, 0 %, 35271 MiB, 36.54 W
2026/09/20 07:39:57.628, 0, 15 %, 1 %, 35270 MiB, 36.11 W
2026/09/20 07:39:57.629, 1, 0 %, 0 %, 35270 MiB, 35.20 W
2026/09/20 07:39:57.629, 2, 0 %, 0 %, 35271 MiB, 36.33 W
2026/09/20 07:40:02.630, 0, 0 %, 0 %, 35270 MiB, 36.00 W
2026/09/20 07:40:02.630, 1, 0 %, 0 %, 35270 MiB, 35.38 W
2026/09/20 07:40:02.630, 2, 0 %, 0 %, 35271 MiB, 36.53 W
2026/09/20 07:40:07.632, 0, 25 %, 1 %, 35270 MiB, 44.13 W
2026/09/20 07:40:07.632, 1, 0 %, 0 %, 35270 MiB, 35.52 W
2026/09/20 07:40:07.632, 2, 0 %, 0 %, 35271 MiB, 36.66 W
2026/09/20 07:40:12.633, 0, 0 %, 0 %, 35270 MiB, 35.94 W
2026/09/20 07:40:12.633, 1, 0 %, 0 %, 35270 MiB, 35.22 W
2026/09/20 07:40:12.633, 2, 0 %, 0 %, 35271 MiB, 36.57 W
2026/09/20 07:40:17.634, 0, 0 %, 0 %, 35270 MiB, 36.31 W
2026/09/20 07:40:17.634, 1, 0 %, 0 %, 35270 MiB, 35.29 W
2026/09/20 07:40:17.634, 2, 0 %, 0 %, 35271 MiB, 36.54 W
2026/09/20 07:40:22.636, 0, 0 %, 0 %, 35270 MiB, 36.21 W
2026/09/20 07:40:22.636, 1, 0 %, 0 %, 35270 MiB, 35.39 W
2026/09/20 07:40:22.636, 2, 0 %, 0 %, 35271 MiB, 36.65 W
2026/09/20 07:40:27.638, 0, 0 %, 0 %, 35270 MiB, 37.22 W
2026/09/20 07:40:27.638, 1, 0 %, 0 %, 35270 MiB, 35.42 W
2026/09/20 07:40:27.638, 2, 0 %, 0 %, 35271 MiB, 36.68 W
2026/09/20 07:40:32.640, 0, 0 %, 0 %, 35270 MiB, 35.91 W
2026/09/20 07:40:32.640, 1, 0 %, 0 %, 35270 MiB, 35.48 W
2026/09/20 07:40:32.640, 2, 0 %, 0 %, 35271 MiB, 36.64 W
2026/09/20 07:40:37.642, 0, 0 %, 0 %, 35270 MiB, 36.01 W
2026/09/20 07:40:37.642, 1, 0 %, 0 %, 35270 MiB, 35.49 W
2026/09/20 07:40:37.642, 2, 0 %, 0 %, 35271 MiB, 36.65 W
2026/09/20 07:40:42.644, 0, 20 %, 1 %, 35270 MiB, 37.50 W
2026/09/20 07:40:42.645, 1, 0 %, 0 %, 35270 MiB, 35.40 W
2026/09/20 07:40:42.645, 2, 0 %, 0 %, 35271 MiB, 36.54 W
2026/09/20 07:40:47.645, 0, 0 %, 0 %, 35270 MiB, 36.04 W
2026/09/20 07:40:47.645, 1, 0 %, 0 %, 35270 MiB, 35.52 W
2026/09/20 07:40:47.645, 2, 0 %, 0 %, 35271 MiB, 36.47 W
2026/09/20 07:40:52.647, 0, 0 %, 0 %, 35270 MiB, 36.01 W
2026/09/20 07:40:52.647, 1, 0 %, 0 %, 35270 MiB, 35.29 W
2026/09/20 07:40:52.647, 2, 0 %, 0 %, 35271 MiB, 36.43 W
2026/09/20 07:40:57.649, 0, 0 %, 0 %, 35270 MiB, 36.11 W
2026/09/20 07:40:57.649, 1, 0 %, 0 %, 35270 MiB, 35.29 W
2026/09/20 07:40:57.649, 2, 0 %, 0 %, 35271 MiB, 36.43 W
2026/09/20 07:41:02.651, 0, 22 %, 1 %, 35270 MiB, 36.33 W
2026/09/20 07:41:02.651, 1, 0 %, 0 %, 35270 MiB, 35.21 W
2026/09/20 07:41:02.651, 2, 0 %, 0 %, 35271 MiB, 36.77 W
2026/09/20 07:41:07.655, 0, 0 %, 0 %, 35270 MiB, 36.89 W
2026/09/20 07:41:07.655, 1, 0 %, 0 %, 35270 MiB, 35.31 W
2026/09/20 07:41:07.655, 2, 0 %, 0 %, 35271 MiB, 36.54 W
2026/09/20 07:41:12.656, 0, 0 %, 0 %, 35270 MiB, 36.10 W
2026/09/20 07:41:12.656, 1, 0 %, 0 %, 35270 MiB, 35.29 W
2026/09/20 07:41:12.656, 2, 0 %, 0 %, 35271 MiB, 36.44 W
2026/09/20 07:41:17.657, 0, 0 %, 0 %, 35270 MiB, 38.47 W
2026/09/20 07:41:17.657, 1, 0 %, 0 %, 35270 MiB, 35.20 W
2026/09/20 07:41:17.658, 2, 0 %, 0 %, 35271 MiB, 36.43 W
2026/09/20 07:41:22.659, 0, 0 %, 0 %, 35270 MiB, 36.01 W
2026/09/20 07:41:22.660, 1, 0 %, 0 %, 35270 MiB, 35.59 W
2026/09/20 07:41:22.660, 2, 0 %, 0 %, 35271 MiB, 36.65 W
2026/09/20 07:41:27.660, 0, 0 %, 0 %, 35270 MiB, 37.90 W
2026/09/20 07:41:27.660, 1, 0 %, 0 %, 35270 MiB, 35.33 W
2026/09/20 07:41:27.660, 2, 0 %, 0 %, 35271 MiB, 36.46 W
2026/09/20 07:41:32.662, 0, 0 %, 0 %, 35270 MiB, 36.77 W
2026/09/20 07:41:32.662, 1, 0 %, 0 %, 35270 MiB, 35.38 W
2026/09/20 07:41:32.662, 2, 0 %, 0 %, 35271 MiB, 36.64 W
2026/09/20 07:41:37.664, 0, 15 %, 1 %, 35270 MiB, 43.91 W
2026/09/20 07:41:37.664, 1, 0 %, 0 %, 35270 MiB, 35.39 W
2026/09/20 07:41:37.664, 2, 0 %, 0 %, 35271 MiB, 36.54 W
2026/09/20 07:41:42.665, 0, 0 %, 0 %, 35270 MiB, 35.99 W
2026/09/20 07:41:42.665, 1, 0 %, 0 %, 35270 MiB, 35.48 W
2026/09/20 07:41:42.665, 2, 0 %, 0 %, 35271 MiB, 36.63 W
2026/09/20 07:41:47.665, 0, 0 %, 0 %, 35270 MiB, 36.01 W
2026/09/20 07:41:47.665, 1, 25 %, 1 %, 35270 MiB, 35.40 W
2026/09/20 07:41:47.666, 2, 0 %, 0 %, 35271 MiB, 36.67 W
2026/09/20 07:41:52.667, 0, 0 %, 0 %, 35270 MiB, 35.94 W
2026/09/20 07:41:52.667, 1, 0 %, 0 %, 35270 MiB, 35.43 W
2026/09/20 07:41:52.667, 2, 0 %, 0 %, 35271 MiB, 36.68 W
2026/09/20 07:41:57.669, 0, 0 %, 0 %, 35270 MiB, 36.01 W
2026/09/20 07:41:57.669, 1, 0 %, 0 %, 35270 MiB, 42.29 W
2026/09/20 07:41:57.669, 2, 0 %, 0 %, 35271 MiB, 36.65 W
2026/09/20 07:42:02.671, 0, 0 %, 0 %, 35270 MiB, 35.99 W
2026/09/20 07:42:02.671, 1, 0 %, 0 %, 35270 MiB, 36.05 W
2026/09/20 07:42:02.671, 2, 0 %, 0 %, 35271 MiB, 36.52 W
2026/09/20 07:42:07.673, 0, 0 %, 0 %, 35270 MiB, 36.02 W
2026/09/20 07:42:07.673, 1, 0 %, 0 %, 35270 MiB, 35.30 W
2026/09/20 07:42:07.673, 2, 0 %, 0 %, 35271 MiB, 36.43 W
2026/09/20 07:42:12.674, 0, 0 %, 0 %, 35270 MiB, 36.11 W
2026/09/20 07:42:12.675, 1, 0 %, 0 %, 35270 MiB, 35.29 W
2026/09/20 07:42:12.675, 2, 0 %, 0 %, 35271 MiB, 36.43 W
2026/09/20 07:42:17.676, 0, 0 %, 0 %, 35270 MiB, 36.21 W
2026/09/20 07:42:17.676, 1, 0 %, 0 %, 35270 MiB, 35.49 W
2026/09/20 07:42:17.676, 2, 0 %, 0 %, 35271 MiB, 36.65 W
2026/09/20 07:42:22.677, 0, 0 %, 0 %, 35270 MiB, 36.21 W
2026/09/20 07:42:22.678, 1, 0 %, 0 %, 35270 MiB, 36.36 W
2026/09/20 07:42:22.678, 2, 0 %, 0 %, 35271 MiB, 36.54 W
2026/09/20 07:42:27.685, 0, 0 %, 0 %, 35270 MiB, 35.92 W
2026/09/20 07:42:27.685, 1, 15 %, 1 %, 35270 MiB, 35.30 W
2026/09/20 07:42:27.685, 2, 0 %, 0 %, 35271 MiB, 36.54 W
2026/09/20 07:42:32.686, 0, 0 %, 0 %, 35270 MiB, 35.80 W
2026/09/20 07:42:32.686, 1, 20 %, 1 %, 35270 MiB, 35.38 W
2026/09/20 07:42:32.686, 2, 0 %, 0 %, 35271 MiB, 36.53 W
2026/09/20 07:42:37.688, 0, 0 %, 0 %, 35270 MiB, 36.10 W
2026/09/20 07:42:37.688, 1, 4 %, 0 %, 35270 MiB, 37.25 W
2026/09/20 07:42:37.688, 2, 0 %, 0 %, 35271 MiB, 36.65 W
2026/09/20 07:42:42.691, 0, 0 %, 0 %, 35270 MiB, 36.01 W
2026/09/20 07:42:42.691, 1, 0 %, 0 %, 35270 MiB, 35.39 W
2026/09/20 07:42:42.691, 2, 0 %, 0 %, 35271 MiB, 36.65 W
2026/09/20 07:42:47.693, 0, 0 %, 0 %, 35270 MiB, 35.92 W
2026/09/20 07:42:47.693, 1, 0 %, 0 %, 35270 MiB, 35.48 W
2026/09/20 07:42:47.693, 2, 0 %, 0 %, 35271 MiB, 36.65 W
2026/09/20 07:42:52.694, 0, 0 %, 0 %, 35270 MiB, 36.31 W
2026/09/20 07:42:52.694, 1, 4 %, 0 %, 35270 MiB, 36.37 W
2026/09/20 07:42:52.694, 2, 0 %, 0 %, 35271 MiB, 36.85 W
2026/09/20 07:42:57.696, 0, 0 %, 0 %, 35270 MiB, 36.04 W
2026/09/20 07:42:57.696, 1, 0 %, 0 %, 35270 MiB, 36.88 W
2026/09/20 07:42:57.696, 2, 0 %, 0 %, 35271 MiB, 36.77 W
2026/09/20 07:43:02.698, 0, 0 %, 0 %, 35270 MiB, 36.04 W
2026/09/20 07:43:02.698, 1, 0 %, 0 %, 35270 MiB, 35.51 W
2026/09/20 07:43:02.698, 2, 0 %, 0 %, 35271 MiB, 36.55 W
2026/09/20 07:43:07.700, 0, 0 %, 0 %, 35270 MiB, 36.01 W
2026/09/20 07:43:07.700, 1, 0 %, 0 %, 35270 MiB, 35.29 W
2026/09/20 07:43:07.700, 2, 0 %, 0 %, 35271 MiB, 36.53 W
2026/09/20 07:43:12.701, 0, 0 %, 0 %, 35270 MiB, 36.01 W
2026/09/20 07:43:12.701, 1, 0 %, 0 %, 35270 MiB, 35.38 W
2026/09/20 07:43:12.701, 2, 0 %, 0 %, 35271 MiB, 36.73 W
2026/09/20 07:43:17.702, 0, 0 %, 0 %, 35270 MiB, 36.32 W
2026/09/20 07:43:17.703, 1, 0 %, 0 %, 35270 MiB, 35.31 W
2026/09/20 07:43:17.703, 2, 0 %, 0 %, 35271 MiB, 36.55 W
2026/09/20 07:43:22.704, 0, 0 %, 0 %, 35270 MiB, 36.11 W
2026/09/20 07:43:22.704, 1, 0 %, 0 %, 35270 MiB, 35.30 W
2026/09/20 07:43:22.705, 2, 22 %, 1 %, 35271 MiB, 36.65 W
2026/09/20 07:43:27.706, 0, 0 %, 0 %, 35270 MiB, 36.00 W
2026/09/20 07:43:27.706, 1, 0 %, 0 %, 35270 MiB, 35.48 W
2026/09/20 07:43:27.706, 2, 0 %, 0 %, 35271 MiB, 36.65 W
2026/09/20 07:43:32.708, 0, 0 %, 0 %, 35270 MiB, 35.92 W
2026/09/20 07:43:32.708, 1, 0 %, 0 %, 35270 MiB, 35.39 W
2026/09/20 07:43:32.708, 2, 0 %, 0 %, 35271 MiB, 36.65 W
2026/09/20 07:43:37.710, 0, 0 %, 0 %, 35270 MiB, 36.01 W
2026/09/20 07:43:37.710, 1, 0 %, 0 %, 35270 MiB, 35.39 W
2026/09/20 07:43:37.710, 2, 0 %, 0 %, 35271 MiB, 36.65 W
2026/09/20 07:43:42.712, 0, 0 %, 0 %, 35270 MiB, 35.82 W
2026/09/20 07:43:42.712, 1, 0 %, 0 %, 35270 MiB, 35.29 W
2026/09/20 07:43:42.712, 2, 0 %, 0 %, 35271 MiB, 36.65 W
2026/09/20 07:43:47.713, 0, 0 %, 0 %, 35270 MiB, 35.94 W
2026/09/20 07:43:47.713, 1, 0 %, 0 %, 35270 MiB, 35.42 W
2026/09/20 07:43:47.713, 2, 0 %, 0 %, 35271 MiB, 36.77 W
2026/09/20 07:43:52.715, 0, 0 %, 0 %, 35270 MiB, 35.94 W
2026/09/20 07:43:52.715, 1, 0 %, 0 %, 35270 MiB, 35.40 W
2026/09/20 07:43:52.715, 2, 0 %, 0 %, 35271 MiB, 44.58 W
2026/09/20 07:43:57.716, 0, 0 %, 0 %, 35270 MiB, 36.01 W
2026/09/20 07:43:57.716, 1, 0 %, 0 %, 35270 MiB, 35.49 W
2026/09/20 07:43:57.716, 2, 3 %, 0 %, 35271 MiB, 36.75 W
2026/09/20 07:44:02.718, 0, 0 %, 0 %, 35270 MiB, 36.00 W
2026/09/20 07:44:02.718, 1, 0 %, 0 %, 35270 MiB, 35.58 W
2026/09/20 07:44:02.718, 2, 0 %, 0 %, 35271 MiB, 36.85 W
2026/09/20 07:44:07.720, 0, 0 %, 0 %, 35270 MiB, 35.92 W
2026/09/20 07:44:07.720, 1, 0 %, 0 %, 35270 MiB, 35.59 W
2026/09/20 07:44:07.720, 2, 0 %, 0 %, 35271 MiB, 36.75 W
2026/09/20 07:44:12.721, 0, 0 %, 0 %, 35270 MiB, 36.21 W
2026/09/20 07:44:12.721, 1, 0 %, 0 %, 35270 MiB, 35.29 W
2026/09/20 07:44:12.721, 2, 0 %, 0 %, 35271 MiB, 36.54 W
2026/09/20 07:44:17.726, 0, 0 %, 0 %, 35270 MiB, 36.13 W
2026/09/20 07:44:17.726, 1, 0 %, 0 %, 35270 MiB, 35.30 W
2026/09/20 07:44:17.726, 2, 15 %, 1 %, 35271 MiB, 36.54 W
2026/09/20 07:44:22.728, 0, 0 %, 0 %, 35270 MiB, 36.00 W
2026/09/20 07:44:22.728, 1, 0 %, 0 %, 35270 MiB, 35.39 W
2026/09/20 07:44:22.728, 2, 15 %, 1 %, 35271 MiB, 36.54 W
2026/09/20 07:44:27.730, 0, 0 %, 0 %, 35270 MiB, 36.11 W
2026/09/20 07:44:27.730, 1, 0 %, 0 %, 35270 MiB, 35.29 W
2026/09/20 07:44:27.731, 2, 10 %, 0 %, 35271 MiB, 36.54 W
2026/09/20 07:44:32.732, 0, 0 %, 0 %, 35270 MiB, 36.31 W
2026/09/20 07:44:32.732, 1, 0 %, 0 %, 35270 MiB, 35.29 W
2026/09/20 07:44:32.732, 2, 0 %, 0 %, 35271 MiB, 36.54 W
2026/09/20 07:44:37.735, 0, 0 %, 0 %, 35270 MiB, 36.00 W
2026/09/20 07:44:37.735, 1, 0 %, 0 %, 35270 MiB, 35.38 W
2026/09/20 07:44:37.735, 2, 0 %, 0 %, 35271 MiB, 36.62 W
2026/09/20 07:44:42.737, 0, 0 %, 0 %, 35270 MiB, 35.92 W
2026/09/20 07:44:42.737, 1, 0 %, 0 %, 35270 MiB, 35.49 W
2026/09/20 07:44:42.737, 2, 0 %, 0 %, 35271 MiB, 36.54 W
2026/09/20 07:44:47.738, 0, 0 %, 0 %, 35270 MiB, 35.91 W
2026/09/20 07:44:47.738, 1, 0 %, 0 %, 35270 MiB, 35.38 W
2026/09/20 07:44:47.738, 2, 20 %, 1 %, 35271 MiB, 37.23 W
2026/09/20 07:44:52.739, 0, 0 %, 0 %, 35270 MiB, 36.12 W
2026/09/20 07:44:52.739, 1, 0 %, 0 %, 35270 MiB, 35.31 W
2026/09/20 07:44:52.739, 2, 0 %, 0 %, 35271 MiB, 41.31 W
2026/09/20 07:44:57.740, 0, 0 %, 0 %, 35270 MiB, 35.92 W
2026/09/20 07:44:57.740, 1, 0 %, 0 %, 35270 MiB, 35.50 W
2026/09/20 07:44:57.740, 2, 0 %, 0 %, 35271 MiB, 36.65 W
2026/09/20 07:45:02.741, 0, 0 %, 0 %, 35270 MiB, 36.01 W
2026/09/20 07:45:02.741, 1, 0 %, 0 %, 35270 MiB, 35.48 W
2026/09/20 07:45:02.741, 2, 0 %, 0 %, 35271 MiB, 36.75 W
2026/09/20 07:45:07.743, 0, 0 %, 0 %, 35270 MiB, 35.92 W
2026/09/20 07:45:07.743, 1, 0 %, 0 %, 35270 MiB, 35.51 W
2026/09/20 07:45:07.743, 2, 0 %, 0 %, 35271 MiB, 36.76 W
2026/09/20 07:45:12.745, 0, 0 %, 0 %, 35270 MiB, 36.12 W
2026/09/20 07:45:12.745, 1, 0 %, 0 %, 35270 MiB, 35.41 W
2026/09/20 07:45:12.745, 2, 0 %, 0 %, 35271 MiB, 36.75 W
2026/09/20 07:45:17.746, 0, 0 %, 0 %, 35270 MiB, 36.01 W
2026/09/20 07:45:17.746, 1, 0 %, 0 %, 35270 MiB, 35.58 W
2026/09/20 07:45:17.746, 2, 0 %, 0 %, 35271 MiB, 36.53 W
2026/09/20 07:45:22.748, 0, 0 %, 0 %, 35270 MiB, 36.02 W
2026/09/20 07:45:22.748, 1, 0 %, 0 %, 35270 MiB, 35.31 W
2026/09/20 07:45:22.748, 2, 0 %, 0 %, 35271 MiB, 36.44 W
2026/09/20 07:45:27.752, 0, 0 %, 0 %, 35270 MiB, 36.00 W
2026/09/20 07:45:27.752, 1, 0 %, 0 %, 35270 MiB, 35.29 W
2026/09/20 07:45:27.752, 2, 0 %, 0 %, 35271 MiB, 36.74 W
2026/09/20 07:45:32.754, 0, 0 %, 0 %, 35270 MiB, 36.19 W
2026/09/20 07:45:32.754, 1, 0 %, 0 %, 35270 MiB, 35.18 W
2026/09/20 07:45:32.754, 2, 0 %, 0 %, 35271 MiB, 36.65 W
2026/09/20 07:45:37.755, 0, 0 %, 0 %, 35270 MiB, 36.04 W
2026/09/20 07:45:37.755, 1, 0 %, 0 %, 35270 MiB, 35.42 W
2026/09/20 07:45:37.756, 2, 0 %, 0 %, 35271 MiB, 36.57 W
2026/09/20 07:45:42.757, 0, 0 %, 0 %, 35270 MiB, 36.01 W
2026/09/20 07:45:42.757, 1, 0 %, 0 %, 35270 MiB, 35.19 W
2026/09/20 07:45:42.757, 2, 0 %, 0 %, 35271 MiB, 36.63 W
2026/09/20 07:45:47.758, 0, 0 %, 0 %, 35270 MiB, 35.92 W
2026/09/20 07:45:47.758, 1, 0 %, 0 %, 35270 MiB, 35.21 W
2026/09/20 07:45:47.758, 2, 0 %, 0 %, 35271 MiB, 36.76 W
2026/09/20 07:45:52.760, 0, 0 %, 0 %, 35270 MiB, 36.00 W
2026/09/20 07:45:52.760, 1, 0 %, 0 %, 35270 MiB, 35.29 W
2026/09/20 07:45:52.761, 2, 0 %, 0 %, 35271 MiB, 36.53 W
2026/09/20 07:45:57.761, 0, 0 %, 0 %, 35270 MiB, 36.02 W
2026/09/20 07:45:57.761, 1, 0 %, 0 %, 35270 MiB, 35.41 W
2026/09/20 07:45:57.761, 2, 0 %, 0 %, 35271 MiB, 36.57 W
2026/09/20 07:46:02.763, 0, 0 %, 0 %, 35270 MiB, 35.82 W
2026/09/20 07:46:02.764, 1, 0 %, 0 %, 35270 MiB, 35.39 W
2026/09/20 07:46:02.764, 2, 0 %, 0 %, 35271 MiB, 36.64 W
2026/09/20 07:46:07.764, 0, 0 %, 0 %, 35270 MiB, 35.92 W
2026/09/20 07:46:07.765, 1, 0 %, 0 %, 35270 MiB, 35.49 W
2026/09/20 07:46:07.765, 2, 0 %, 0 %, 35271 MiB, 36.65 W
2026/09/20 07:46:12.766, 0, 0 %, 0 %, 35270 MiB, 36.01 W
2026/09/20 07:46:12.766, 1, 0 %, 0 %, 35270 MiB, 35.59 W
2026/09/20 07:46:12.766, 2, 0 %, 0 %, 35271 MiB, 36.64 W
2026/09/20 07:46:17.768, 0, 0 %, 0 %, 35270 MiB, 35.92 W
2026/09/20 07:46:17.768, 1, 0 %, 0 %, 35270 MiB, 35.50 W
2026/09/20 07:46:17.768, 2, 0 %, 0 %, 35271 MiB, 36.64 W
2026/09/20 07:46:22.770, 0, 0 %, 0 %, 35270 MiB, 35.89 W
2026/09/20 07:46:22.770, 1, 0 %, 0 %, 35270 MiB, 35.48 W
2026/09/20 07:46:22.770, 2, 0 %, 0 %, 35271 MiB, 36.52 W
2026/09/20 07:46:27.771, 0, 0 %, 0 %, 35270 MiB, 36.03 W
2026/09/20 07:46:27.771, 1, 0 %, 0 %, 35270 MiB, 35.31 W
2026/09/20 07:46:27.771, 2, 0 %, 0 %, 35271 MiB, 36.57 W
2026/09/20 07:46:32.773, 0, 0 %, 0 %, 35270 MiB, 36.11 W
2026/09/20 07:46:32.773, 1, 0 %, 0 %, 35270 MiB, 35.39 W
2026/09/20 07:46:32.774, 2, 0 %, 0 %, 35271 MiB, 36.65 W
2026/09/20 07:46:37.775, 0, 0 %, 0 %, 35270 MiB, 36.10 W
2026/09/20 07:46:37.775, 1, 0 %, 0 %, 35270 MiB, 35.29 W
2026/09/20 07:46:37.775, 2, 0 %, 0 %, 35271 MiB, 36.65 W
2026/09/20 07:46:42.777, 0, 0 %, 0 %, 35270 MiB, 36.04 W
2026/09/20 07:46:42.777, 1, 0 %, 0 %, 35270 MiB, 35.32 W
2026/09/20 07:46:42.777, 2, 0 %, 0 %, 35271 MiB, 36.77 W
2026/09/20 07:46:47.778, 0, 0 %, 0 %, 35270 MiB, 36.11 W
2026/09/20 07:46:47.778, 1, 0 %, 0 %, 35270 MiB, 35.29 W
2026/09/20 07:46:47.778, 2, 0 %, 0 %, 35271 MiB, 36.65 W
2026/09/20 07:46:52.780, 0, 0 %, 0 %, 35270 MiB, 35.94 W
2026/09/20 07:46:52.780, 1, 0 %, 0 %, 35270 MiB, 35.32 W
2026/09/20 07:46:52.780, 2, 0 %, 0 %, 35271 MiB, 36.56 W
2026/09/20 07:46:57.782, 0, 0 %, 0 %, 35270 MiB, 35.92 W
2026/09/20 07:46:57.782, 1, 0 %, 0 %, 35270 MiB, 35.29 W
2026/09/20 07:46:57.782, 2, 0 %, 0 %, 35271 MiB, 36.54 W
2026/09/20 07:47:02.784, 0, 0 %, 0 %, 35270 MiB, 35.92 W
2026/09/20 07:47:02.784, 1, 0 %, 0 %, 35270 MiB, 35.20 W
2026/09/20 07:47:02.785, 2, 0 %, 0 %, 35271 MiB, 36.75 W
2026/09/20 07:47:07.785, 0, 0 %, 0 %, 35270 MiB, 36.12 W
2026/09/20 07:47:07.785, 1, 0 %, 0 %, 35270 MiB, 35.41 W
2026/09/20 07:47:07.785, 2, 0 %, 0 %, 35271 MiB, 36.57 W
2026/09/20 07:47:12.786, 0, 0 %, 0 %, 35270 MiB, 35.96 W
2026/09/20 07:47:12.787, 1, 0 %, 0 %, 35270 MiB, 35.34 W
2026/09/20 07:47:12.787, 2, 0 %, 0 %, 35271 MiB, 36.70 W
2026/09/20 07:47:17.788, 0, 0 %, 0 %, 35270 MiB, 35.93 W
2026/09/20 07:47:17.788, 1, 0 %, 0 %, 35270 MiB, 35.41 W
2026/09/20 07:47:17.788, 2, 0 %, 0 %, 35271 MiB, 36.68 W
2026/09/20 07:47:22.790, 0, 0 %, 0 %, 35270 MiB, 35.94 W
2026/09/20 07:47:22.790, 1, 0 %, 0 %, 35270 MiB, 35.32 W
2026/09/20 07:47:22.790, 2, 0 %, 0 %, 35271 MiB, 36.77 W
2026/09/20 07:47:27.791, 0, 0 %, 0 %, 35270 MiB, 36.16 W
2026/09/20 07:47:27.791, 1, 0 %, 0 %, 35270 MiB, 35.53 W
2026/09/20 07:47:27.791, 2, 0 %, 0 %, 35271 MiB, 36.69 W
2026/09/20 07:47:32.791, 0, 0 %, 0 %, 35270 MiB, 36.03 W
2026/09/20 07:47:32.791, 1, 0 %, 0 %, 35270 MiB, 35.51 W
2026/09/20 07:47:32.791, 2, 0 %, 0 %, 35271 MiB, 36.57 W
2026/09/20 07:47:37.793, 0, 0 %, 0 %, 35270 MiB, 36.01 W
2026/09/20 07:47:37.793, 1, 0 %, 0 %, 35270 MiB, 35.20 W
2026/09/20 07:47:37.793, 2, 0 %, 0 %, 35271 MiB, 36.74 W
2026/09/20 07:47:42.795, 0, 0 %, 0 %, 35270 MiB, 36.05 W
2026/09/20 07:47:42.795, 1, 0 %, 0 %, 35270 MiB, 35.33 W
2026/09/20 07:47:42.795, 2, 0 %, 0 %, 35271 MiB, 36.58 W
2026/09/20 07:47:47.796, 0, 0 %, 0 %, 35270 MiB, 36.15 W
2026/09/20 07:47:47.796, 1, 0 %, 0 %, 35270 MiB, 35.43 W
2026/09/20 07:47:47.796, 2, 0 %, 0 %, 35271 MiB, 36.58 W
2026/09/20 07:47:52.797, 0, 0 %, 0 %, 35270 MiB, 36.04 W
2026/09/20 07:47:52.798, 1, 0 %, 0 %, 35270 MiB, 35.31 W
2026/09/20 07:47:52.798, 2, 0 %, 0 %, 35271 MiB, 36.57 W
2026/09/20 07:47:57.804, 0, 0 %, 0 %, 35270 MiB, 36.01 W
2026/09/20 07:47:57.804, 1, 0 %, 0 %, 35270 MiB, 35.29 W
2026/09/20 07:47:57.804, 2, 0 %, 0 %, 35271 MiB, 36.75 W
2026/09/20 07:48:02.805, 0, 0 %, 0 %, 35270 MiB, 36.23 W
2026/09/20 07:48:02.805, 1, 0 %, 0 %, 35270 MiB, 35.33 W
2026/09/20 07:48:02.805, 2, 0 %, 0 %, 35271 MiB, 36.56 W
2026/09/20 07:48:07.806, 0, 0 %, 0 %, 35270 MiB, 35.95 W
2026/09/20 07:48:07.806, 1, 0 %, 0 %, 35270 MiB, 35.33 W
2026/09/20 07:48:07.806, 2, 0 %, 0 %, 35271 MiB, 36.77 W
2026/09/20 07:48:12.807, 0, 0 %, 0 %, 35270 MiB, 35.94 W
2026/09/20 07:48:12.808, 1, 0 %, 0 %, 35270 MiB, 35.32 W
2026/09/20 07:48:12.808, 2, 0 %, 0 %, 35271 MiB, 36.68 W
2026/09/20 07:48:17.808, 0, 0 %, 0 %, 35270 MiB, 36.04 W
2026/09/20 07:48:17.808, 1, 0 %, 0 %, 35270 MiB, 35.23 W
2026/09/20 07:48:17.808, 2, 0 %, 0 %, 35271 MiB, 36.57 W
2026/09/20 07:48:22.810, 0, 0 %, 0 %, 35270 MiB, 36.12 W
2026/09/20 07:48:22.810, 1, 0 %, 0 %, 35270 MiB, 35.39 W
2026/09/20 07:48:22.810, 2, 0 %, 0 %, 35271 MiB, 36.64 W
2026/09/20 07:48:27.817, 0, 0 %, 0 %, 35270 MiB, 35.92 W
2026/09/20 07:48:27.817, 1, 0 %, 0 %, 35270 MiB, 35.49 W
2026/09/20 07:48:27.817, 2, 0 %, 0 %, 35271 MiB, 36.65 W
2026/09/20 07:48:32.819, 0, 0 %, 0 %, 35270 MiB, 35.82 W
2026/09/20 07:48:32.819, 1, 0 %, 0 %, 35270 MiB, 35.39 W
2026/09/20 07:48:32.819, 2, 0 %, 0 %, 35271 MiB, 36.75 W
2026/09/20 07:48:37.821, 0, 0 %, 0 %, 35270 MiB, 35.92 W
2026/09/20 07:48:37.821, 1, 0 %, 0 %, 35270 MiB, 35.30 W
2026/09/20 07:48:37.821, 2, 0 %, 0 %, 35271 MiB, 36.54 W
2026/09/20 07:48:42.822, 0, 0 %, 0 %, 35270 MiB, 36.11 W
2026/09/20 07:48:42.823, 1, 0 %, 0 %, 35270 MiB, 35.29 W
2026/09/20 07:48:42.823, 2, 0 %, 0 %, 35271 MiB, 36.54 W
2026/09/20 07:48:47.826, 0, 0 %, 0 %, 35270 MiB, 36.01 W
2026/09/20 07:48:47.826, 1, 0 %, 0 %, 35270 MiB, 35.29 W
2026/09/20 07:48:47.826, 2, 0 %, 0 %, 35271 MiB, 36.43 W
2026/09/20 07:48:52.827, 0, 0 %, 0 %, 35270 MiB, 36.01 W
2026/09/20 07:48:52.827, 1, 0 %, 0 %, 35270 MiB, 35.29 W
2026/09/20 07:48:52.828, 2, 0 %, 0 %, 35271 MiB, 36.54 W
2026/09/20 07:48:57.833, 0, 0 %, 0 %, 35270 MiB, 36.01 W
2026/09/20 07:48:57.833, 1, 0 %, 0 %, 35270 MiB, 35.21 W
2026/09/20 07:48:57.833, 2, 0 %, 0 %, 35271 MiB, 36.43 W
2026/09/20 07:49:02.844, 0, 0 %, 0 %, 35270 MiB, 36.11 W
2026/09/20 07:49:02.844, 1, 0 %, 0 %, 35270 MiB, 35.49 W
2026/09/20 07:49:02.844, 2, 0 %, 0 %, 35271 MiB, 36.54 W
2026/09/20 07:49:07.846, 0, 0 %, 0 %, 35270 MiB, 35.81 W
2026/09/20 07:49:07.846, 1, 0 %, 0 %, 35270 MiB, 35.29 W
2026/09/20 07:49:07.846, 2, 0 %, 0 %, 35271 MiB, 36.54 W
2026/09/20 07:49:12.852, 0, 0 %, 0 %, 35270 MiB, 35.81 W
2026/09/20 07:49:12.852, 1, 0 %, 0 %, 35270 MiB, 35.30 W
2026/09/20 07:49:12.852, 2, 0 %, 0 %, 35271 MiB, 36.54 W
2026/09/20 07:49:17.853, 0, 0 %, 0 %, 35270 MiB, 35.90 W
2026/09/20 07:49:17.853, 1, 0 %, 0 %, 35270 MiB, 35.29 W
2026/09/20 07:49:17.853, 2, 0 %, 0 %, 35271 MiB, 36.53 W
2026/09/20 07:49:22.855, 0, 0 %, 0 %, 35270 MiB, 36.00 W
2026/09/20 07:49:22.855, 1, 0 %, 0 %, 35270 MiB, 35.48 W
2026/09/20 07:49:22.855, 2, 0 %, 0 %, 35271 MiB, 36.54 W
2026/09/20 07:49:27.857, 0, 0 %, 0 %, 35270 MiB, 35.92 W
2026/09/20 07:49:27.857, 1, 0 %, 0 %, 35270 MiB, 35.49 W
2026/09/20 07:49:27.857, 2, 0 %, 0 %, 35271 MiB, 36.54 W
2026/09/20 07:49:32.858, 0, 0 %, 0 %, 35270 MiB, 35.94 W
2026/09/20 07:49:32.858, 1, 0 %, 0 %, 35270 MiB, 35.41 W
2026/09/20 07:49:32.858, 2, 0 %, 0 %, 35271 MiB, 36.65 W
2026/09/20 07:49:37.860, 0, 0 %, 0 %, 35270 MiB, 35.92 W
2026/09/20 07:49:37.860, 1, 0 %, 0 %, 35270 MiB, 35.39 W
2026/09/20 07:49:37.860, 2, 0 %, 0 %, 35271 MiB, 36.65 W
2026/09/20 07:49:42.865, 0, 0 %, 0 %, 35270 MiB, 35.92 W
2026/09/20 07:49:42.866, 1, 0 %, 0 %, 35270 MiB, 35.49 W
2026/09/20 07:49:42.866, 2, 0 %, 0 %, 35271 MiB, 36.65 W
2026/09/20 07:49:47.867, 0, 0 %, 0 %, 35270 MiB, 35.92 W
2026/09/20 07:49:47.867, 1, 0 %, 0 %, 35270 MiB, 35.30 W
2026/09/20 07:49:47.867, 2, 0 %, 0 %, 35271 MiB, 36.64 W
2026/09/20 07:49:52.869, 0, 0 %, 0 %, 35270 MiB, 35.92 W
2026/09/20 07:49:52.869, 1, 0 %, 0 %, 35270 MiB, 35.21 W
2026/09/20 07:49:52.869, 2, 0 %, 0 %, 35271 MiB, 36.54 W
2026/09/20 07:49:57.873, 0, 0 %, 0 %, 35270 MiB, 36.04 W
2026/09/20 07:49:57.873, 1, 0 %, 0 %, 35270 MiB, 35.22 W
2026/09/20 07:49:57.873, 2, 0 %, 0 %, 35271 MiB, 36.57 W
2026/09/20 07:50:02.874, 0, 0 %, 0 %, 35270 MiB, 36.01 W
2026/09/20 07:50:02.874, 1, 0 %, 0 %, 35270 MiB, 35.29 W
2026/09/20 07:50:02.874, 2, 0 %, 0 %, 35271 MiB, 36.43 W
2026/09/20 07:50:07.876, 0, 0 %, 0 %, 35270 MiB, 36.01 W
2026/09/20 07:50:07.876, 1, 0 %, 0 %, 35270 MiB, 35.29 W
2026/09/20 07:50:07.876, 2, 0 %, 0 %, 35271 MiB, 36.64 W
2026/09/20 07:50:12.878, 0, 0 %, 0 %, 35270 MiB, 36.02 W
2026/09/20 07:50:12.878, 1, 0 %, 0 %, 35270 MiB, 35.30 W
2026/09/20 07:50:12.878, 2, 0 %, 0 %, 35271 MiB, 36.54 W
2026/09/20 07:50:17.880, 0, 0 %, 0 %, 35270 MiB, 35.82 W
2026/09/20 07:50:17.880, 1, 0 %, 0 %, 35270 MiB, 35.49 W
2026/09/20 07:50:17.880, 2, 0 %, 0 %, 35271 MiB, 36.54 W
2026/09/20 07:50:22.882, 0, 0 %, 0 %, 35270 MiB, 35.93 W
2026/09/20 07:50:22.882, 1, 0 %, 0 %, 35270 MiB, 35.40 W
2026/09/20 07:50:22.882, 2, 0 %, 0 %, 35271 MiB, 36.65 W
2026/09/20 07:50:27.883, 0, 0 %, 0 %, 35270 MiB, 35.92 W
2026/09/20 07:50:27.883, 1, 0 %, 0 %, 35270 MiB, 35.39 W
2026/09/20 07:50:27.883, 2, 0 %, 0 %, 35271 MiB, 36.65 W
2026/09/20 07:50:32.885, 0, 0 %, 0 %, 35270 MiB, 35.92 W
2026/09/20 07:50:32.885, 1, 0 %, 0 %, 35270 MiB, 35.40 W
2026/09/20 07:50:32.885, 2, 0 %, 0 %, 35271 MiB, 36.54 W
2026/09/20 07:50:37.887, 0, 0 %, 0 %, 35270 MiB, 36.13 W
2026/09/20 07:50:37.887, 1, 0 %, 0 %, 35270 MiB, 35.51 W
2026/09/20 07:50:37.887, 2, 0 %, 0 %, 35271 MiB, 36.68 W
2026/09/20 07:50:42.889, 0, 0 %, 0 %, 35270 MiB, 35.94 W
2026/09/20 07:50:42.889, 1, 0 %, 0 %, 35270 MiB, 35.32 W
2026/09/20 07:50:42.889, 2, 0 %, 0 %, 35271 MiB, 36.97 W
2026/09/20 07:50:47.890, 0, 0 %, 0 %, 35270 MiB, 35.96 W
2026/09/20 07:50:47.890, 1, 0 %, 0 %, 35270 MiB, 35.33 W
2026/09/20 07:50:47.890, 2, 0 %, 0 %, 35271 MiB, 36.79 W
2026/09/20 07:50:52.892, 0, 0 %, 0 %, 35270 MiB, 35.85 W
2026/09/20 07:50:52.903, 1, 0 %, 0 %, 35270 MiB, 35.43 W
2026/09/20 07:50:52.904, 2, 0 %, 0 %, 35271 MiB, 36.57 W
2026/09/20 07:50:57.905, 0, 0 %, 0 %, 35270 MiB, 36.26 W
2026/09/20 07:50:57.906, 1, 0 %, 0 %, 35270 MiB, 35.23 W
2026/09/20 07:50:57.906, 2, 0 %, 0 %, 35271 MiB, 36.59 W
2026/09/20 07:51:02.906, 0, 0 %, 0 %, 35270 MiB, 35.96 W
2026/09/20 07:51:02.906, 1, 0 %, 0 %, 35270 MiB, 35.25 W
2026/09/20 07:51:02.906, 2, 0 %, 0 %, 35271 MiB, 36.80 W
2026/09/20 07:51:07.907, 0, 62 %, 13 %, 35270 MiB, 70.06 W
2026/09/20 07:51:07.907, 1, 8 %, 0 %, 35270 MiB, 43.32 W
2026/09/20 07:51:07.907, 2, 45 %, 8 %, 35271 MiB, 62.65 W
2026/09/20 07:51:12.907, 0, 100 %, 6 %, 35270 MiB, 156.42 W
2026/09/20 07:51:12.908, 1, 100 %, 11 %, 35270 MiB, 84.86 W
2026/09/20 07:51:12.908, 2, 100 %, 6 %, 35271 MiB, 87.00 W
2026/09/20 07:51:17.908, 0, 100 %, 10 %, 35270 MiB, 84.24 W
2026/09/20 07:51:17.908, 1, 100 %, 7 %, 35270 MiB, 93.01 W
2026/09/20 07:51:17.908, 2, 100 %, 6 %, 35271 MiB, 87.54 W
2026/09/20 07:51:22.909, 0, 100 %, 10 %, 35270 MiB, 87.41 W
2026/09/20 07:51:22.909, 1, 100 %, 6 %, 35270 MiB, 89.42 W
2026/09/20 07:51:22.909, 2, 100 %, 6 %, 35271 MiB, 89.47 W
2026/09/20 07:51:27.909, 0, 100 %, 11 %, 35270 MiB, 89.20 W
2026/09/20 07:51:27.910, 1, 100 %, 6 %, 35270 MiB, 88.60 W
2026/09/20 07:51:27.910, 2, 100 %, 7 %, 35271 MiB, 93.36 W
2026/09/20 07:51:32.910, 0, 100 %, 7 %, 35270 MiB, 91.69 W
2026/09/20 07:51:32.910, 1, 100 %, 7 %, 35270 MiB, 85.75 W
2026/09/20 07:51:32.910, 2, 100 %, 7 %, 35271 MiB, 89.47 W
2026/09/20 07:51:37.910, 0, 100 %, 7 %, 35270 MiB, 155.77 W
2026/09/20 07:51:37.911, 1, 100 %, 10 %, 35270 MiB, 89.73 W
2026/09/20 07:51:37.911, 2, 100 %, 7 %, 35271 MiB, 89.44 W
2026/09/20 07:51:42.911, 0, 100 %, 6 %, 35270 MiB, 95.01 W
2026/09/20 07:51:42.911, 1, 100 %, 7 %, 35270 MiB, 86.20 W
2026/09/20 07:51:42.912, 2, 100 %, 10 %, 35271 MiB, 94.38 W
2026/09/20 07:51:47.912, 0, 100 %, 10 %, 35270 MiB, 86.80 W
2026/09/20 07:51:47.912, 1, 100 %, 7 %, 35270 MiB, 87.89 W
2026/09/20 07:51:47.912, 2, 100 %, 7 %, 35271 MiB, 90.44 W
2026/09/20 07:51:52.913, 0, 100 %, 7 %, 35270 MiB, 90.28 W
2026/09/20 07:51:52.913, 1, 100 %, 7 %, 35270 MiB, 89.61 W
2026/09/20 07:51:52.913, 2, 100 %, 7 %, 35271 MiB, 89.94 W
2026/09/20 07:51:57.913, 0, 100 %, 7 %, 35270 MiB, 86.72 W
2026/09/20 07:51:57.914, 1, 100 %, 7 %, 35270 MiB, 86.40 W
2026/09/20 07:51:57.914, 2, 100 %, 10 %, 35271 MiB, 87.91 W
2026/09/20 07:52:02.914, 0, 99 %, 10 %, 35270 MiB, 84.47 W
2026/09/20 07:52:02.914, 1, 100 %, 7 %, 35270 MiB, 84.11 W
2026/09/20 07:52:02.914, 2, 100 %, 11 %, 35271 MiB, 88.22 W
2026/09/20 07:52:07.915, 0, 100 %, 7 %, 35270 MiB, 87.27 W
2026/09/20 07:52:07.915, 1, 100 %, 11 %, 35270 MiB, 86.48 W
2026/09/20 07:52:07.915, 2, 100 %, 7 %, 35271 MiB, 89.35 W
2026/09/20 07:52:12.915, 0, 100 %, 7 %, 35270 MiB, 87.86 W
2026/09/20 07:52:12.916, 1, 100 %, 7 %, 35270 MiB, 86.58 W
2026/09/20 07:52:12.916, 2, 100 %, 7 %, 35271 MiB, 89.13 W
2026/09/20 07:52:17.916, 0, 99 %, 11 %, 35270 MiB, 88.72 W
2026/09/20 07:52:17.917, 1, 100 %, 7 %, 35270 MiB, 87.09 W
2026/09/20 07:52:17.917, 2, 100 %, 10 %, 35271 MiB, 85.34 W
2026/09/20 07:52:22.917, 0, 100 %, 11 %, 35270 MiB, 83.97 W
2026/09/20 07:52:22.917, 1, 100 %, 7 %, 35270 MiB, 83.15 W
2026/09/20 07:52:22.917, 2, 100 %, 10 %, 35271 MiB, 88.54 W
2026/09/20 07:52:27.918, 0, 100 %, 7 %, 35270 MiB, 91.91 W
2026/09/20 07:52:27.918, 1, 100 %, 13 %, 35270 MiB, 84.28 W
2026/09/20 07:52:27.918, 2, 100 %, 7 %, 35271 MiB, 91.32 W
2026/09/20 07:52:32.918, 0, 100 %, 6 %, 35270 MiB, 93.01 W
2026/09/20 07:52:32.919, 1, 100 %, 6 %, 35270 MiB, 85.63 W
2026/09/20 07:52:32.919, 2, 100 %, 6 %, 35271 MiB, 91.64 W
2026/09/20 07:52:37.919, 0, 100 %, 11 %, 35270 MiB, 86.56 W
2026/09/20 07:52:37.919, 1, 100 %, 6 %, 35270 MiB, 134.64 W
2026/09/20 07:52:37.919, 2, 100 %, 7 %, 35271 MiB, 90.33 W
2026/09/20 07:52:42.920, 0, 100 %, 10 %, 35270 MiB, 114.84 W
2026/09/20 07:52:42.920, 1, 100 %, 7 %, 35270 MiB, 86.47 W
2026/09/20 07:52:42.920, 2, 100 %, 7 %, 35271 MiB, 92.57 W
2026/09/20 07:52:47.921, 0, 100 %, 7 %, 35270 MiB, 159.12 W
2026/09/20 07:52:47.921, 1, 100 %, 6 %, 35270 MiB, 88.21 W
2026/09/20 07:52:47.921, 2, 100 %, 7 %, 35271 MiB, 109.26 W
2026/09/20 07:52:52.922, 0, 100 %, 7 %, 35270 MiB, 88.89 W
2026/09/20 07:52:52.922, 1, 100 %, 7 %, 35270 MiB, 86.47 W
2026/09/20 07:52:52.922, 2, 100 %, 7 %, 35271 MiB, 89.94 W
2026/09/20 07:52:57.923, 0, 100 %, 7 %, 35270 MiB, 91.87 W
2026/09/20 07:52:57.923, 1, 100 %, 7 %, 35270 MiB, 87.25 W
2026/09/20 07:52:57.923, 2, 100 %, 7 %, 35271 MiB, 92.35 W
2026/09/20 07:53:02.924, 0, 100 %, 11 %, 35270 MiB, 88.37 W
2026/09/20 07:53:02.924, 1, 100 %, 10 %, 35270 MiB, 85.77 W
2026/09/20 07:53:02.924, 2, 100 %, 7 %, 35271 MiB, 91.40 W
2026/09/20 07:53:07.924, 0, 100 %, 7 %, 35270 MiB, 95.92 W
2026/09/20 07:53:07.925, 1, 100 %, 7 %, 35270 MiB, 87.71 W
2026/09/20 07:53:07.925, 2, 100 %, 10 %, 35271 MiB, 95.13 W
2026/09/20 07:53:12.925, 0, 51 %, 3 %, 35270 MiB, 77.15 W
2026/09/20 07:53:12.925, 1, 100 %, 7 %, 35270 MiB, 102.38 W
2026/09/20 07:53:12.925, 2, 100 %, 6 %, 35271 MiB, 93.34 W
2026/09/20 07:53:17.927, 0, 0 %, 0 %, 35270 MiB, 37.90 W
2026/09/20 07:53:17.927, 1, 0 %, 0 %, 35270 MiB, 37.88 W
2026/09/20 07:53:17.927, 2, 0 %, 0 %, 35271 MiB, 38.64 W
2026/09/20 07:53:22.929, 0, 0 %, 0 %, 35270 MiB, 37.60 W
2026/09/20 07:53:22.929, 1, 0 %, 0 %, 35270 MiB, 37.37 W
2026/09/20 07:53:22.929, 2, 0 %, 0 %, 35271 MiB, 38.43 W
2026/09/20 07:53:27.930, 0, 0 %, 0 %, 35270 MiB, 37.39 W
2026/09/20 07:53:27.931, 1, 0 %, 0 %, 35270 MiB, 37.25 W
2026/09/20 07:53:27.931, 2, 0 %, 0 %, 35271 MiB, 38.12 W
2026/09/20 07:53:32.931, 0, 0 %, 0 %, 35270 MiB, 37.29 W
2026/09/20 07:53:32.931, 1, 0 %, 0 %, 35270 MiB, 37.06 W
2026/09/20 07:53:32.931, 2, 0 %, 0 %, 35271 MiB, 37.92 W
2026/09/20 07:53:37.932, 0, 0 %, 0 %, 35270 MiB, 37.10 W
2026/09/20 07:53:37.932, 1, 0 %, 0 %, 35270 MiB, 36.96 W
2026/09/20 07:53:37.932, 2, 0 %, 0 %, 35271 MiB, 37.92 W
2026/09/20 07:53:42.934, 0, 0 %, 0 %, 35270 MiB, 36.88 W
2026/09/20 07:53:42.934, 1, 0 %, 0 %, 35270 MiB, 36.86 W
2026/09/20 07:53:42.934, 2, 0 %, 0 %, 35271 MiB, 37.73 W
2026/09/20 07:53:47.943, 0, 0 %, 0 %, 35270 MiB, 36.70 W
2026/09/20 07:53:47.943, 1, 0 %, 0 %, 35270 MiB, 36.77 W
2026/09/20 07:53:47.943, 2, 0 %, 0 %, 35271 MiB, 37.83 W
2026/09/20 07:53:52.945, 0, 0 %, 0 %, 35270 MiB, 36.70 W
2026/09/20 07:53:52.945, 1, 0 %, 0 %, 35270 MiB, 36.66 W
2026/09/20 07:53:52.945, 2, 0 %, 0 %, 35271 MiB, 37.73 W
2026/09/20 07:53:57.946, 0, 0 %, 0 %, 35270 MiB, 36.70 W
2026/09/20 07:53:57.947, 1, 0 %, 0 %, 35270 MiB, 36.67 W
2026/09/20 07:53:57.947, 2, 0 %, 0 %, 35271 MiB, 37.73 W
2026/09/20 07:54:02.949, 0, 0 %, 0 %, 35270 MiB, 36.79 W
2026/09/20 07:54:02.950, 1, 0 %, 0 %, 35270 MiB, 36.58 W
2026/09/20 07:54:02.950, 2, 0 %, 0 %, 35271 MiB, 37.63 W
2026/09/20 07:54:07.951, 0, 0 %, 0 %, 35270 MiB, 36.89 W
2026/09/20 07:54:07.951, 1, 0 %, 0 %, 35270 MiB, 36.58 W
2026/09/20 07:54:07.951, 2, 0 %, 0 %, 35271 MiB, 37.53 W
2026/09/20 07:54:12.953, 0, 0 %, 0 %, 35270 MiB, 36.70 W
2026/09/20 07:54:12.953, 1, 0 %, 0 %, 35270 MiB, 36.27 W
2026/09/20 07:54:12.953, 2, 0 %, 0 %, 35271 MiB, 37.43 W
2026/09/20 07:54:17.958, 0, 0 %, 0 %, 35270 MiB, 36.70 W
2026/09/20 07:54:17.958, 1, 0 %, 0 %, 35270 MiB, 36.17 W
2026/09/20 07:54:17.958, 2, 0 %, 0 %, 35271 MiB, 37.14 W
2026/09/20 07:54:22.959, 0, 0 %, 0 %, 35270 MiB, 36.70 W
2026/09/20 07:54:22.959, 1, 0 %, 0 %, 35270 MiB, 35.99 W
2026/09/20 07:54:22.959, 2, 0 %, 0 %, 35271 MiB, 37.04 W
2026/09/20 07:54:27.970, 0, 0 %, 0 %, 35270 MiB, 36.61 W
2026/09/20 07:54:27.970, 1, 0 %, 0 %, 35270 MiB, 35.90 W
2026/09/20 07:54:27.970, 2, 0 %, 0 %, 35271 MiB, 37.04 W
2026/09/20 07:54:32.972, 0, 0 %, 0 %, 35270 MiB, 36.51 W
2026/09/20 07:54:32.972, 1, 0 %, 0 %, 35270 MiB, 35.99 W
2026/09/20 07:54:32.972, 2, 0 %, 0 %, 35271 MiB, 37.14 W
2026/09/20 07:54:37.974, 0, 0 %, 0 %, 35270 MiB, 36.60 W
2026/09/20 07:54:37.974, 1, 0 %, 0 %, 35270 MiB, 35.98 W
2026/09/20 07:54:37.974, 2, 0 %, 0 %, 35271 MiB, 36.94 W
2026/09/20 07:54:42.976, 0, 0 %, 0 %, 35270 MiB, 36.31 W
2026/09/20 07:54:42.976, 1, 0 %, 0 %, 35270 MiB, 35.88 W
2026/09/20 07:54:42.976, 2, 0 %, 0 %, 35271 MiB, 36.94 W
2026/09/20 07:54:47.979, 0, 0 %, 0 %, 35270 MiB, 36.32 W
2026/09/20 07:54:47.979, 1, 0 %, 0 %, 35270 MiB, 35.90 W
2026/09/20 07:54:47.979, 2, 0 %, 0 %, 35271 MiB, 36.96 W
2026/09/20 07:54:52.981, 0, 0 %, 0 %, 35270 MiB, 36.32 W
2026/09/20 07:54:52.981, 1, 0 %, 0 %, 35270 MiB, 35.99 W
2026/09/20 07:54:52.981, 2, 0 %, 0 %, 35271 MiB, 37.04 W
2026/09/20 07:54:57.982, 0, 0 %, 0 %, 35270 MiB, 36.32 W
2026/09/20 07:54:57.982, 1, 0 %, 0 %, 35270 MiB, 35.90 W
2026/09/20 07:54:57.982, 2, 0 %, 0 %, 35271 MiB, 36.97 W
2026/09/20 07:55:02.984, 0, 0 %, 0 %, 35270 MiB, 36.23 W
2026/09/20 07:55:02.984, 1, 0 %, 0 %, 35270 MiB, 35.90 W
2026/09/20 07:55:02.984, 2, 0 %, 0 %, 35271 MiB, 36.94 W
2026/09/20 07:55:07.986, 0, 0 %, 0 %, 35270 MiB, 36.23 W
2026/09/20 07:55:07.986, 1, 0 %, 0 %, 35270 MiB, 35.80 W
2026/09/20 07:55:07.986, 2, 0 %, 0 %, 35271 MiB, 37.07 W
2026/09/20 07:55:12.987, 0, 0 %, 0 %, 35270 MiB, 36.43 W
2026/09/20 07:55:12.987, 1, 0 %, 0 %, 35270 MiB, 35.90 W
2026/09/20 07:55:12.987, 2, 0 %, 0 %, 35271 MiB, 36.97 W
2026/09/20 07:55:17.988, 0, 0 %, 0 %, 35270 MiB, 36.26 W
2026/09/20 07:55:17.989, 1, 0 %, 0 %, 35270 MiB, 35.72 W
2026/09/20 07:55:17.989, 2, 0 %, 0 %, 35271 MiB, 36.99 W
2026/09/20 07:55:22.990, 0, 25 %, 1 %, 35270 MiB, 36.31 W
2026/09/20 07:55:22.990, 1, 0 %, 0 %, 35270 MiB, 35.79 W
2026/09/20 07:55:22.990, 2, 0 %, 0 %, 35271 MiB, 36.65 W
2026/09/20 07:55:27.992, 0, 0 %, 0 %, 35270 MiB, 36.21 W
2026/09/20 07:55:27.992, 1, 0 %, 0 %, 35270 MiB, 35.69 W
2026/09/20 07:55:27.992, 2, 0 %, 0 %, 35271 MiB, 36.75 W
2026/09/20 07:55:32.993, 0, 0 %, 0 %, 35270 MiB, 36.32 W
2026/09/20 07:55:32.994, 1, 0 %, 0 %, 35270 MiB, 35.60 W
2026/09/20 07:55:32.994, 2, 0 %, 0 %, 35271 MiB, 36.66 W
2026/09/20 07:55:37.994, 0, 0 %, 0 %, 35270 MiB, 36.31 W
2026/09/20 07:55:37.994, 1, 0 %, 0 %, 35270 MiB, 35.50 W
2026/09/20 07:55:37.994, 2, 0 %, 0 %, 35271 MiB, 36.55 W
2026/09/20 07:55:42.996, 0, 0 %, 0 %, 35270 MiB, 36.11 W
2026/09/20 07:55:42.997, 1, 0 %, 0 %, 35270 MiB, 35.49 W
2026/09/20 07:55:42.997, 2, 0 %, 0 %, 35271 MiB, 36.85 W
2026/09/20 07:55:47.997, 0, 3 %, 0 %, 35270 MiB, 36.31 W
2026/09/20 07:55:47.997, 1, 0 %, 0 %, 35270 MiB, 35.60 W
2026/09/20 07:55:47.997, 2, 0 %, 0 %, 35271 MiB, 36.65 W
2026/09/20 07:55:52.998, 0, 0 %, 0 %, 35270 MiB, 36.13 W
2026/09/20 07:55:52.999, 1, 0 %, 0 %, 35270 MiB, 35.60 W
2026/09/20 07:55:52.999, 2, 0 %, 0 %, 35271 MiB, 36.68 W
2026/09/20 07:55:58.000, 0, 25 %, 1 %, 35270 MiB, 36.11 W
2026/09/20 07:55:58.000, 1, 0 %, 0 %, 35270 MiB, 35.59 W
2026/09/20 07:55:58.000, 2, 0 %, 0 %, 35271 MiB, 36.65 W
2026/09/20 07:56:03.001, 0, 18 %, 1 %, 35270 MiB, 36.31 W
2026/09/20 07:56:03.001, 1, 0 %, 0 %, 35270 MiB, 35.68 W
2026/09/20 07:56:03.002, 2, 0 %, 0 %, 35271 MiB, 36.65 W
2026/09/20 07:56:08.003, 0, 0 %, 0 %, 35270 MiB, 35.92 W
2026/09/20 07:56:08.003, 1, 0 %, 0 %, 35270 MiB, 35.60 W
2026/09/20 07:56:08.003, 2, 0 %, 0 %, 35271 MiB, 36.65 W
2026/09/20 07:56:13.004, 0, 0 %, 0 %, 35270 MiB, 36.11 W
2026/09/20 07:56:13.004, 1, 0 %, 0 %, 35270 MiB, 35.58 W
2026/09/20 07:56:13.004, 2, 0 %, 0 %, 35271 MiB, 36.75 W
2026/09/20 07:56:18.006, 0, 0 %, 0 %, 35270 MiB, 36.02 W
2026/09/20 07:56:18.006, 1, 0 %, 0 %, 35270 MiB, 35.60 W
2026/09/20 07:56:18.006, 2, 0 %, 0 %, 35271 MiB, 36.85 W
2026/09/20 07:56:23.008, 0, 0 %, 0 %, 35270 MiB, 36.01 W
2026/09/20 07:56:23.008, 1, 0 %, 0 %, 35270 MiB, 35.78 W
2026/09/20 07:56:23.009, 2, 0 %, 0 %, 35271 MiB, 36.75 W
2026/09/20 07:56:28.010, 0, 0 %, 0 %, 35270 MiB, 36.21 W
2026/09/20 07:56:28.010, 1, 0 %, 0 %, 35270 MiB, 35.49 W
2026/09/20 07:56:28.010, 2, 0 %, 0 %, 35271 MiB, 36.54 W
2026/09/20 07:56:33.016, 0, 0 %, 0 %, 35270 MiB, 36.12 W
2026/09/20 07:56:33.016, 1, 0 %, 0 %, 35270 MiB, 35.50 W
2026/09/20 07:56:33.016, 2, 0 %, 0 %, 35271 MiB, 36.54 W
2026/09/20 07:56:38.017, 0, 0 %, 0 %, 35270 MiB, 36.10 W
2026/09/20 07:56:38.017, 1, 0 %, 0 %, 35270 MiB, 35.38 W
2026/09/20 07:56:38.017, 2, 0 %, 0 %, 35271 MiB, 36.53 W
2026/09/20 07:56:43.019, 0, 0 %, 0 %, 35270 MiB, 36.10 W
2026/09/20 07:56:43.019, 1, 0 %, 0 %, 35270 MiB, 35.49 W
2026/09/20 07:56:43.019, 2, 0 %, 0 %, 35271 MiB, 36.54 W
2026/09/20 07:56:48.020, 0, 0 %, 0 %, 35270 MiB, 37.09 W
2026/09/20 07:56:48.020, 1, 0 %, 0 %, 35270 MiB, 35.39 W
2026/09/20 07:56:48.020, 2, 0 %, 0 %, 35271 MiB, 36.54 W
2026/09/20 07:56:53.022, 0, 0 %, 0 %, 35270 MiB, 36.10 W
2026/09/20 07:56:53.022, 1, 0 %, 0 %, 35270 MiB, 35.39 W
2026/09/20 07:56:53.022, 2, 0 %, 0 %, 35271 MiB, 36.54 W
2026/09/20 07:56:58.024, 0, 0 %, 0 %, 35270 MiB, 35.92 W
2026/09/20 07:56:58.024, 1, 0 %, 0 %, 35270 MiB, 35.49 W
2026/09/20 07:56:58.024, 2, 0 %, 0 %, 35271 MiB, 36.65 W
2026/09/20 07:57:03.025, 0, 0 %, 0 %, 35270 MiB, 35.92 W
2026/09/20 07:57:03.025, 1, 0 %, 0 %, 35270 MiB, 35.48 W
2026/09/20 07:57:03.025, 2, 0 %, 0 %, 35271 MiB, 36.54 W
2026/09/20 07:57:08.027, 0, 0 %, 0 %, 35270 MiB, 36.01 W
2026/09/20 07:57:08.027, 1, 0 %, 0 %, 35270 MiB, 35.48 W
2026/09/20 07:57:08.027, 2, 0 %, 0 %, 35271 MiB, 36.65 W
2026/09/20 07:57:13.029, 0, 5 %, 0 %, 35270 MiB, 36.11 W
2026/09/20 07:57:13.029, 1, 0 %, 0 %, 35270 MiB, 35.50 W
2026/09/20 07:57:13.029, 2, 0 %, 0 %, 35271 MiB, 36.75 W
2026/09/20 07:57:18.031, 0, 0 %, 0 %, 35270 MiB, 35.92 W
2026/09/20 07:57:18.031, 1, 0 %, 0 %, 35270 MiB, 35.59 W
2026/09/20 07:57:18.031, 2, 0 %, 0 %, 35271 MiB, 36.65 W
2026/09/20 07:57:23.033, 0, 0 %, 0 %, 35270 MiB, 36.21 W
2026/09/20 07:57:23.033, 1, 0 %, 0 %, 35270 MiB, 35.59 W
2026/09/20 07:57:23.033, 2, 0 %, 0 %, 35271 MiB, 36.65 W
2026/09/20 07:57:28.034, 0, 0 %, 0 %, 35270 MiB, 36.05 W
2026/09/20 07:57:28.034, 1, 0 %, 0 %, 35270 MiB, 35.53 W
2026/09/20 07:57:28.035, 2, 0 %, 0 %, 35271 MiB, 36.68 W
2026/09/20 07:57:33.036, 0, 25 %, 1 %, 35270 MiB, 36.03 W
2026/09/20 07:57:33.036, 1, 0 %, 0 %, 35270 MiB, 35.51 W
2026/09/20 07:57:33.036, 2, 0 %, 0 %, 35271 MiB, 36.57 W
2026/09/20 07:57:38.038, 0, 35 %, 1 %, 35270 MiB, 36.11 W
2026/09/20 07:57:38.039, 1, 0 %, 0 %, 35270 MiB, 35.39 W
2026/09/20 07:57:38.039, 2, 0 %, 0 %, 35271 MiB, 36.54 W
2026/09/20 07:57:43.050, 0, 0 %, 0 %, 35270 MiB, 36.11 W
2026/09/20 07:57:43.050, 1, 0 %, 0 %, 35270 MiB, 35.39 W
2026/09/20 07:57:43.050, 2, 0 %, 0 %, 35271 MiB, 36.54 W
2026/09/20 07:57:48.052, 0, 0 %, 0 %, 35270 MiB, 43.79 W
2026/09/20 07:57:48.052, 1, 0 %, 0 %, 35270 MiB, 35.30 W
2026/09/20 07:57:48.052, 2, 0 %, 0 %, 35271 MiB, 36.44 W
2026/09/20 07:57:53.054, 0, 13 %, 1 %, 35270 MiB, 36.12 W
2026/09/20 07:57:53.054, 1, 0 %, 0 %, 35270 MiB, 35.41 W
2026/09/20 07:57:53.054, 2, 0 %, 0 %, 35271 MiB, 36.54 W
2026/09/20 07:57:58.056, 0, 5 %, 0 %, 35270 MiB, 44.33 W
2026/09/20 07:57:58.056, 1, 0 %, 0 %, 35270 MiB, 35.32 W
2026/09/20 07:57:58.056, 2, 0 %, 0 %, 35271 MiB, 36.46 W
2026/09/20 07:58:03.058, 0, 46 %, 2 %, 35270 MiB, 37.09 W
2026/09/20 07:58:03.058, 1, 0 %, 0 %, 35270 MiB, 35.30 W
2026/09/20 07:58:03.059, 2, 0 %, 0 %, 35271 MiB, 36.54 W
2026/09/20 07:58:08.059, 0, 0 %, 0 %, 35270 MiB, 36.31 W
2026/09/20 07:58:08.059, 1, 0 %, 0 %, 35270 MiB, 35.39 W
2026/09/20 07:58:08.059, 2, 0 %, 0 %, 35271 MiB, 36.54 W
2026/09/20 07:58:13.061, 0, 8 %, 0 %, 35270 MiB, 35.92 W
2026/09/20 07:58:13.061, 1, 0 %, 0 %, 35270 MiB, 35.29 W
2026/09/20 07:58:13.061, 2, 0 %, 0 %, 35271 MiB, 36.54 W
2026/09/20 07:58:18.063, 0, 25 %, 1 %, 35270 MiB, 35.94 W
2026/09/20 07:58:18.063, 1, 0 %, 0 %, 35270 MiB, 35.51 W
2026/09/20 07:58:18.063, 2, 0 %, 0 %, 35271 MiB, 36.56 W
2026/09/20 07:58:23.065, 0, 0 %, 0 %, 35270 MiB, 36.00 W
2026/09/20 07:58:23.065, 1, 0 %, 0 %, 35270 MiB, 35.48 W
2026/09/20 07:58:23.065, 2, 0 %, 0 %, 35271 MiB, 36.53 W
2026/09/20 07:58:28.067, 0, 0 %, 0 %, 35270 MiB, 35.92 W
2026/09/20 07:58:28.067, 1, 0 %, 0 %, 35270 MiB, 35.39 W
2026/09/20 07:58:28.067, 2, 0 %, 0 %, 35271 MiB, 36.75 W
2026/09/20 07:58:33.069, 0, 0 %, 0 %, 35270 MiB, 35.92 W
2026/09/20 07:58:33.069, 1, 0 %, 0 %, 35270 MiB, 35.58 W
2026/09/20 07:58:33.069, 2, 0 %, 0 %, 35271 MiB, 36.65 W
2026/09/20 07:58:38.071, 0, 0 %, 0 %, 35270 MiB, 36.10 W
2026/09/20 07:58:38.071, 1, 0 %, 0 %, 35270 MiB, 35.38 W
2026/09/20 07:58:38.071, 2, 0 %, 0 %, 35271 MiB, 36.62 W
2026/09/20 07:58:43.073, 0, 0 %, 0 %, 35270 MiB, 36.03 W
2026/09/20 07:58:43.073, 1, 0 %, 0 %, 35270 MiB, 35.99 W
2026/09/20 07:58:43.073, 2, 0 %, 0 %, 35271 MiB, 36.57 W
2026/09/20 07:58:48.074, 0, 0 %, 0 %, 35270 MiB, 36.00 W
2026/09/20 07:58:48.074, 1, 0 %, 0 %, 35270 MiB, 35.29 W
2026/09/20 07:58:48.074, 2, 0 %, 0 %, 35271 MiB, 36.52 W
2026/09/20 07:58:53.076, 0, 0 %, 0 %, 35270 MiB, 36.13 W
2026/09/20 07:58:53.076, 1, 0 %, 0 %, 35270 MiB, 35.33 W
2026/09/20 07:58:53.076, 2, 0 %, 0 %, 35271 MiB, 36.46 W
2026/09/20 07:58:58.077, 0, 0 %, 0 %, 35270 MiB, 36.22 W
2026/09/20 07:58:58.077, 1, 0 %, 0 %, 35270 MiB, 35.41 W
2026/09/20 07:58:58.077, 2, 0 %, 0 %, 35271 MiB, 36.55 W
2026/09/20 07:59:03.078, 0, 0 %, 0 %, 35270 MiB, 36.12 W
2026/09/20 07:59:03.078, 1, 0 %, 0 %, 35270 MiB, 35.32 W
2026/09/20 07:59:03.078, 2, 0 %, 0 %, 35271 MiB, 36.57 W
2026/09/20 07:59:08.080, 0, 0 %, 0 %, 35270 MiB, 36.10 W
2026/09/20 07:59:08.080, 1, 0 %, 0 %, 35270 MiB, 35.38 W
2026/09/20 07:59:08.080, 2, 0 %, 0 %, 35271 MiB, 36.53 W
2026/09/20 07:59:13.082, 0, 0 %, 0 %, 35270 MiB, 35.94 W
2026/09/20 07:59:13.082, 1, 0 %, 0 %, 35270 MiB, 35.40 W
2026/09/20 07:59:13.082, 2, 0 %, 0 %, 35271 MiB, 36.56 W
2026/09/20 07:59:18.083, 0, 0 %, 0 %, 35270 MiB, 35.95 W
2026/09/20 07:59:18.083, 1, 0 %, 0 %, 35270 MiB, 35.23 W
2026/09/20 07:59:18.084, 2, 0 %, 0 %, 35271 MiB, 36.57 W
2026/09/20 07:59:23.085, 0, 0 %, 0 %, 35270 MiB, 35.92 W
2026/09/20 07:59:23.085, 1, 0 %, 0 %, 35270 MiB, 35.39 W
2026/09/20 07:59:23.085, 2, 0 %, 0 %, 35271 MiB, 36.85 W
2026/09/20 07:59:28.087, 0, 0 %, 0 %, 35270 MiB, 38.90 W
2026/09/20 07:59:28.087, 1, 0 %, 0 %, 35270 MiB, 35.41 W
2026/09/20 07:59:28.087, 2, 0 %, 0 %, 35271 MiB, 36.46 W
2026/09/20 07:59:33.088, 0, 11 %, 0 %, 35270 MiB, 36.31 W
2026/09/20 07:59:33.088, 1, 0 %, 0 %, 35270 MiB, 35.40 W
2026/09/20 07:59:33.088, 2, 0 %, 0 %, 35271 MiB, 36.65 W
2026/09/20 07:59:38.090, 0, 0 %, 0 %, 35270 MiB, 35.92 W
2026/09/20 07:59:38.091, 1, 0 %, 0 %, 35270 MiB, 35.49 W
2026/09/20 07:59:38.091, 2, 0 %, 0 %, 35271 MiB, 36.65 W
2026/09/20 07:59:43.091, 0, 0 %, 0 %, 35270 MiB, 36.01 W
2026/09/20 07:59:43.091, 1, 0 %, 0 %, 35270 MiB, 35.40 W
2026/09/20 07:59:43.091, 2, 0 %, 0 %, 35271 MiB, 36.75 W
2026/09/20 07:59:48.093, 0, 0 %, 0 %, 35270 MiB, 36.79 W
2026/09/20 07:59:48.093, 1, 0 %, 0 %, 35270 MiB, 35.59 W
2026/09/20 07:59:48.093, 2, 0 %, 0 %, 35271 MiB, 36.54 W
2026/09/20 07:59:53.094, 0, 0 %, 0 %, 35270 MiB, 36.12 W
2026/09/20 07:59:53.094, 1, 0 %, 0 %, 35270 MiB, 35.20 W
2026/09/20 07:59:53.094, 2, 0 %, 0 %, 35271 MiB, 36.44 W
2026/09/20 07:59:58.096, 0, 0 %, 0 %, 35270 MiB, 35.99 W
2026/09/20 07:59:58.107, 1, 0 %, 0 %, 35270 MiB, 35.28 W
2026/09/20 07:59:58.107, 2, 0 %, 0 %, 35271 MiB, 36.41 W
2026/09/20 08:00:03.109, 0, 0 %, 0 %, 35270 MiB, 35.93 W
2026/09/20 08:00:03.109, 1, 0 %, 0 %, 35270 MiB, 35.31 W
2026/09/20 08:00:03.109, 2, 0 %, 0 %, 35271 MiB, 36.54 W
2026/09/20 08:00:08.111, 0, 10 %, 0 %, 35270 MiB, 36.10 W
2026/09/20 08:00:08.111, 1, 0 %, 0 %, 35270 MiB, 35.38 W
2026/09/20 08:00:08.111, 2, 0 %, 0 %, 35271 MiB, 36.52 W
2026/09/20 08:00:13.113, 0, 0 %, 0 %, 35270 MiB, 36.10 W
2026/09/20 08:00:13.113, 1, 0 %, 0 %, 35270 MiB, 35.29 W
2026/09/20 08:00:13.113, 2, 0 %, 0 %, 35271 MiB, 36.54 W
2026/09/20 08:00:18.115, 0, 0 %, 0 %, 35270 MiB, 35.91 W
2026/09/20 08:00:18.115, 1, 0 %, 0 %, 35270 MiB, 35.29 W
2026/09/20 08:00:18.115, 2, 0 %, 0 %, 35271 MiB, 36.64 W
2026/09/20 08:00:23.117, 0, 0 %, 0 %, 35270 MiB, 35.90 W
2026/09/20 08:00:23.117, 1, 0 %, 0 %, 35270 MiB, 35.48 W
2026/09/20 08:00:23.117, 2, 0 %, 0 %, 35271 MiB, 36.53 W
2026/09/20 08:00:28.119, 0, 0 %, 0 %, 35270 MiB, 36.01 W
2026/09/20 08:00:28.119, 1, 0 %, 0 %, 35270 MiB, 35.29 W
2026/09/20 08:00:28.119, 2, 0 %, 0 %, 35271 MiB, 36.41 W
2026/09/20 08:00:33.128, 0, 0 %, 0 %, 35270 MiB, 36.00 W
2026/09/20 08:00:33.128, 1, 0 %, 0 %, 35270 MiB, 35.39 W
2026/09/20 08:00:33.128, 2, 0 %, 0 %, 35271 MiB, 36.54 W
2026/09/20 08:00:38.130, 0, 25 %, 1 %, 35270 MiB, 35.99 W
2026/09/20 08:00:38.130, 1, 0 %, 0 %, 35270 MiB, 35.48 W
2026/09/20 08:00:38.130, 2, 0 %, 0 %, 35271 MiB, 36.74 W
2026/09/20 08:00:43.132, 0, 0 %, 0 %, 35270 MiB, 35.92 W
2026/09/20 08:00:43.132, 1, 2 %, 0 %, 35270 MiB, 35.59 W
2026/09/20 08:00:43.132, 2, 0 %, 0 %, 35271 MiB, 36.75 W
2026/09/20 08:00:48.133, 0, 0 %, 0 %, 35270 MiB, 36.10 W
2026/09/20 08:00:48.134, 1, 0 %, 0 %, 35270 MiB, 35.48 W
2026/09/20 08:00:48.134, 2, 0 %, 0 %, 35271 MiB, 36.65 W
2026/09/20 08:00:53.135, 0, 0 %, 0 %, 35270 MiB, 36.12 W
2026/09/20 08:00:53.135, 1, 10 %, 0 %, 35270 MiB, 35.40 W
2026/09/20 08:00:53.135, 2, 0 %, 0 %, 35271 MiB, 36.75 W
2026/09/20 08:00:58.137, 0, 0 %, 0 %, 35270 MiB, 36.09 W
2026/09/20 08:00:58.137, 1, 0 %, 0 %, 35270 MiB, 35.48 W
2026/09/20 08:00:58.137, 2, 0 %, 0 %, 35271 MiB, 36.64 W
2026/09/20 08:01:03.140, 0, 0 %, 0 %, 35270 MiB, 36.11 W
2026/09/20 08:01:03.140, 1, 0 %, 0 %, 35270 MiB, 35.38 W
2026/09/20 08:01:03.140, 2, 0 %, 0 %, 35271 MiB, 36.54 W
2026/09/20 08:01:08.142, 0, 0 %, 0 %, 35270 MiB, 36.11 W
2026/09/20 08:01:08.142, 1, 0 %, 0 %, 35270 MiB, 35.30 W
2026/09/20 08:01:08.142, 2, 0 %, 0 %, 35271 MiB, 36.54 W
2026/09/20 08:01:13.144, 0, 0 %, 0 %, 35270 MiB, 36.10 W
2026/09/20 08:01:13.144, 1, 0 %, 0 %, 35270 MiB, 35.29 W
2026/09/20 08:01:13.144, 2, 0 %, 0 %, 35271 MiB, 36.75 W
2026/09/20 08:01:18.146, 0, 0 %, 0 %, 35270 MiB, 36.10 W
2026/09/20 08:01:18.146, 1, 0 %, 0 %, 35270 MiB, 35.48 W
2026/09/20 08:01:18.146, 2, 0 %, 0 %, 35271 MiB, 36.54 W
2026/09/20 08:01:23.148, 0, 0 %, 0 %, 35270 MiB, 36.05 W
2026/09/20 08:01:23.148, 1, 0 %, 0 %, 35270 MiB, 45.60 W
2026/09/20 08:01:23.148, 2, 0 %, 0 %, 35271 MiB, 36.57 W
2026/09/20 08:01:28.150, 0, 0 %, 0 %, 35270 MiB, 35.91 W
2026/09/20 08:01:28.150, 1, 0 %, 0 %, 35270 MiB, 40.51 W
2026/09/20 08:01:28.150, 2, 0 %, 0 %, 35271 MiB, 36.65 W
2026/09/20 08:01:33.151, 0, 0 %, 0 %, 35270 MiB, 35.94 W
2026/09/20 08:01:33.151, 1, 0 %, 0 %, 35270 MiB, 44.21 W
2026/09/20 08:01:33.152, 2, 0 %, 0 %, 35271 MiB, 36.77 W
2026/09/20 08:01:38.153, 0, 0 %, 0 %, 35270 MiB, 35.92 W
2026/09/20 08:01:38.153, 1, 21 %, 1 %, 35270 MiB, 35.50 W
2026/09/20 08:01:38.153, 2, 0 %, 0 %, 35271 MiB, 36.75 W
2026/09/20 08:01:43.155, 0, 0 %, 0 %, 35270 MiB, 35.94 W
2026/09/20 08:01:43.155, 1, 0 %, 0 %, 35270 MiB, 35.42 W
2026/09/20 08:01:43.155, 2, 0 %, 0 %, 35271 MiB, 46.28 W
2026/09/20 08:01:48.156, 0, 0 %, 0 %, 35270 MiB, 36.01 W
2026/09/20 08:01:48.157, 1, 0 %, 0 %, 35270 MiB, 35.39 W
2026/09/20 08:01:48.157, 2, 25 %, 1 %, 35271 MiB, 36.94 W
2026/09/20 08:01:53.158, 0, 0 %, 0 %, 35270 MiB, 36.02 W
2026/09/20 08:01:53.158, 1, 0 %, 0 %, 35270 MiB, 35.50 W
2026/09/20 08:01:53.158, 2, 0 %, 0 %, 35271 MiB, 36.76 W
2026/09/20 08:01:58.159, 0, 0 %, 0 %, 35270 MiB, 36.01 W
2026/09/20 08:01:58.159, 1, 0 %, 0 %, 35270 MiB, 35.39 W
2026/09/20 08:01:58.160, 2, 0 %, 0 %, 35271 MiB, 36.65 W
2026/09/20 08:02:03.160, 0, 0 %, 0 %, 35270 MiB, 36.21 W
2026/09/20 08:02:03.160, 1, 0 %, 0 %, 35270 MiB, 35.51 W
2026/09/20 08:02:03.160, 2, 0 %, 0 %, 35271 MiB, 36.56 W
2026/09/20 08:02:08.162, 0, 0 %, 0 %, 35270 MiB, 36.04 W
2026/09/20 08:02:08.162, 1, 13 %, 0 %, 35270 MiB, 35.33 W
2026/09/20 08:02:08.162, 2, 0 %, 0 %, 35271 MiB, 36.57 W
2026/09/20 08:02:13.164, 0, 0 %, 0 %, 35270 MiB, 36.01 W
2026/09/20 08:02:13.164, 1, 0 %, 0 %, 35270 MiB, 35.39 W
2026/09/20 08:02:13.165, 2, 0 %, 0 %, 35271 MiB, 36.54 W
2026/09/20 08:02:18.165, 0, 0 %, 0 %, 35270 MiB, 35.92 W
2026/09/20 08:02:18.165, 1, 0 %, 0 %, 35270 MiB, 35.30 W
2026/09/20 08:02:18.165, 2, 0 %, 0 %, 35271 MiB, 36.66 W
2026/09/20 08:02:23.166, 0, 0 %, 0 %, 35270 MiB, 36.31 W
2026/09/20 08:02:23.166, 1, 0 %, 0 %, 35270 MiB, 35.39 W
2026/09/20 08:02:23.166, 2, 0 %, 0 %, 35271 MiB, 36.75 W
2026/09/20 08:02:28.168, 0, 0 %, 0 %, 35270 MiB, 36.03 W
2026/09/20 08:02:28.168, 1, 0 %, 0 %, 35270 MiB, 35.51 W
2026/09/20 08:02:28.168, 2, 16 %, 1 %, 35271 MiB, 37.24 W
2026/09/20 08:02:33.170, 0, 0 %, 0 %, 35270 MiB, 35.92 W
2026/09/20 08:02:33.170, 1, 0 %, 0 %, 35270 MiB, 35.40 W
2026/09/20 08:02:33.170, 2, 0 %, 0 %, 35271 MiB, 41.90 W
2026/09/20 08:02:38.172, 0, 0 %, 0 %, 35270 MiB, 35.92 W
2026/09/20 08:02:38.172, 1, 0 %, 0 %, 35270 MiB, 35.29 W
2026/09/20 08:02:38.172, 2, 0 %, 0 %, 35271 MiB, 36.64 W
2026/09/20 08:02:43.175, 0, 0 %, 0 %, 35270 MiB, 36.11 W
2026/09/20 08:02:43.175, 1, 0 %, 0 %, 35270 MiB, 35.29 W
2026/09/20 08:02:43.175, 2, 0 %, 0 %, 35271 MiB, 36.75 W
2026/09/20 08:02:48.176, 0, 0 %, 0 %, 35270 MiB, 36.02 W
2026/09/20 08:02:48.176, 1, 0 %, 0 %, 35270 MiB, 35.50 W
2026/09/20 08:02:48.176, 2, 25 %, 1 %, 35271 MiB, 37.24 W
2026/09/20 08:02:53.178, 0, 0 %, 0 %, 35270 MiB, 35.92 W
2026/09/20 08:02:53.178, 1, 0 %, 0 %, 35270 MiB, 35.38 W
2026/09/20 08:02:53.179, 2, 0 %, 0 %, 35271 MiB, 37.53 W
2026/09/20 08:02:58.180, 0, 0 %, 0 %, 35270 MiB, 35.94 W
2026/09/20 08:02:58.180, 1, 0 %, 0 %, 35270 MiB, 35.41 W
2026/09/20 08:02:58.180, 2, 0 %, 0 %, 35271 MiB, 36.97 W
2026/09/20 08:03:03.183, 0, 0 %, 0 %, 35270 MiB, 36.15 W
2026/09/20 08:03:03.183, 1, 0 %, 0 %, 35270 MiB, 35.43 W
2026/09/20 08:03:03.183, 2, 0 %, 0 %, 35271 MiB, 36.79 W
2026/09/20 08:03:08.184, 0, 0 %, 0 %, 35270 MiB, 35.94 W
2026/09/20 08:03:08.184, 1, 0 %, 0 %, 35270 MiB, 35.42 W
2026/09/20 08:03:08.184, 2, 0 %, 0 %, 35271 MiB, 37.46 W
2026/09/20 08:03:13.185, 0, 0 %, 0 %, 35270 MiB, 35.93 W
2026/09/20 08:03:13.185, 1, 0 %, 0 %, 35270 MiB, 35.20 W
2026/09/20 08:03:13.185, 2, 0 %, 0 %, 35271 MiB, 36.57 W
2026/09/20 08:03:18.187, 0, 0 %, 0 %, 35270 MiB, 36.03 W
2026/09/20 08:03:18.187, 1, 0 %, 0 %, 35270 MiB, 35.31 W
2026/09/20 08:03:18.187, 2, 0 %, 0 %, 35271 MiB, 36.54 W
2026/09/20 08:03:23.189, 0, 0 %, 0 %, 35270 MiB, 36.11 W
2026/09/20 08:03:23.190, 1, 0 %, 0 %, 35270 MiB, 35.50 W
2026/09/20 08:03:23.190, 2, 0 %, 0 %, 35271 MiB, 36.54 W
2026/09/20 08:03:28.191, 0, 0 %, 0 %, 35270 MiB, 36.04 W
2026/09/20 08:03:28.191, 1, 0 %, 0 %, 35270 MiB, 35.32 W
2026/09/20 08:03:28.191, 2, 0 %, 0 %, 35271 MiB, 36.57 W
2026/09/20 08:03:33.193, 0, 0 %, 0 %, 35270 MiB, 35.94 W
2026/09/20 08:03:33.193, 1, 0 %, 0 %, 35270 MiB, 35.22 W
2026/09/20 08:03:33.193, 2, 0 %, 0 %, 35271 MiB, 36.77 W
2026/09/20 08:03:38.195, 0, 0 %, 0 %, 35270 MiB, 35.92 W
2026/09/20 08:03:38.195, 1, 0 %, 0 %, 35270 MiB, 35.31 W
2026/09/20 08:03:38.195, 2, 0 %, 0 %, 35271 MiB, 36.57 W
2026/09/20 08:03:43.197, 0, 0 %, 0 %, 35270 MiB, 36.03 W
2026/09/20 08:03:43.197, 1, 0 %, 0 %, 35270 MiB, 35.41 W
2026/09/20 08:03:43.197, 2, 0 %, 0 %, 35271 MiB, 36.68 W
2026/09/20 08:03:48.199, 0, 0 %, 0 %, 35270 MiB, 35.92 W
2026/09/20 08:03:48.199, 1, 0 %, 0 %, 35270 MiB, 35.39 W
2026/09/20 08:03:48.199, 2, 0 %, 0 %, 35271 MiB, 36.54 W
2026/09/20 08:03:53.201, 0, 0 %, 0 %, 35270 MiB, 35.91 W
2026/09/20 08:03:53.201, 1, 0 %, 0 %, 35270 MiB, 35.38 W
2026/09/20 08:03:53.201, 2, 0 %, 0 %, 35271 MiB, 36.74 W
2026/09/20 08:03:58.203, 0, 0 %, 0 %, 35270 MiB, 35.92 W
2026/09/20 08:03:58.203, 1, 0 %, 0 %, 35270 MiB, 35.29 W
2026/09/20 08:03:58.204, 2, 0 %, 0 %, 35271 MiB, 36.64 W
2026/09/20 08:04:03.205, 0, 0 %, 0 %, 35270 MiB, 35.94 W
2026/09/20 08:04:03.205, 1, 0 %, 0 %, 35270 MiB, 35.41 W
2026/09/20 08:04:03.205, 2, 0 %, 0 %, 35271 MiB, 36.65 W
2026/09/20 08:04:08.206, 0, 0 %, 0 %, 35270 MiB, 35.84 W
2026/09/20 08:04:08.206, 1, 0 %, 0 %, 35270 MiB, 35.32 W
2026/09/20 08:04:08.207, 2, 0 %, 0 %, 35271 MiB, 36.97 W
2026/09/20 08:04:13.207, 0, 0 %, 0 %, 35270 MiB, 35.94 W
2026/09/20 08:04:13.207, 1, 0 %, 0 %, 35270 MiB, 35.42 W
2026/09/20 08:04:13.208, 2, 0 %, 0 %, 35271 MiB, 36.77 W
2026/09/20 08:04:18.209, 0, 0 %, 0 %, 35270 MiB, 35.92 W
2026/09/20 08:04:18.209, 1, 0 %, 0 %, 35270 MiB, 35.39 W
2026/09/20 08:04:18.209, 2, 0 %, 0 %, 35271 MiB, 36.54 W
2026/09/20 08:04:23.210, 0, 0 %, 0 %, 35270 MiB, 35.92 W
2026/09/20 08:04:23.210, 1, 0 %, 0 %, 35270 MiB, 35.31 W
2026/09/20 08:04:23.210, 2, 0 %, 0 %, 35271 MiB, 36.57 W
2026/09/20 08:04:28.212, 0, 0 %, 0 %, 35270 MiB, 35.92 W
2026/09/20 08:04:28.212, 1, 0 %, 0 %, 35270 MiB, 35.29 W
2026/09/20 08:04:28.212, 2, 0 %, 0 %, 35271 MiB, 36.65 W
2026/09/20 08:04:33.214, 0, 0 %, 0 %, 35270 MiB, 35.93 W
2026/09/20 08:04:33.214, 1, 0 %, 0 %, 35270 MiB, 35.31 W
2026/09/20 08:04:33.214, 2, 0 %, 0 %, 35271 MiB, 36.54 W
2026/09/20 08:04:38.216, 0, 0 %, 0 %, 35270 MiB, 36.05 W
2026/09/20 08:04:38.216, 1, 0 %, 0 %, 35270 MiB, 35.42 W
2026/09/20 08:04:38.216, 2, 0 %, 0 %, 35271 MiB, 36.57 W
2026/09/20 08:04:43.217, 0, 0 %, 0 %, 35270 MiB, 36.13 W
2026/09/20 08:04:43.217, 1, 0 %, 0 %, 35270 MiB, 35.31 W
2026/09/20 08:04:43.218, 2, 0 %, 0 %, 35271 MiB, 36.54 W
2026/09/20 08:04:48.221, 0, 0 %, 0 %, 35270 MiB, 35.84 W
2026/09/20 08:04:48.222, 1, 0 %, 0 %, 35270 MiB, 35.32 W
2026/09/20 08:04:48.222, 2, 0 %, 0 %, 35271 MiB, 36.66 W
2026/09/20 08:04:53.223, 0, 0 %, 0 %, 35270 MiB, 35.71 W
2026/09/20 08:04:53.223, 1, 0 %, 0 %, 35270 MiB, 35.29 W
2026/09/20 08:04:53.223, 2, 0 %, 0 %, 35271 MiB, 36.65 W
2026/09/20 08:04:58.225, 0, 0 %, 0 %, 35270 MiB, 36.13 W
2026/09/20 08:04:58.225, 1, 0 %, 0 %, 35270 MiB, 35.50 W
2026/09/20 08:04:58.225, 2, 0 %, 0 %, 35271 MiB, 36.97 W
2026/09/20 08:05:03.227, 0, 0 %, 0 %, 35270 MiB, 36.01 W
2026/09/20 08:05:03.227, 1, 0 %, 0 %, 35270 MiB, 35.29 W
2026/09/20 08:05:03.227, 2, 0 %, 0 %, 35271 MiB, 36.64 W
2026/09/20 08:05:08.229, 0, 0 %, 0 %, 35270 MiB, 35.94 W
2026/09/20 08:05:08.229, 1, 0 %, 0 %, 35270 MiB, 35.23 W
2026/09/20 08:05:08.229, 2, 0 %, 0 %, 35271 MiB, 36.68 W
2026/09/20 08:05:13.230, 0, 0 %, 0 %, 35270 MiB, 35.92 W
2026/09/20 08:05:13.230, 1, 0 %, 0 %, 35270 MiB, 35.29 W
2026/09/20 08:05:13.230, 2, 0 %, 0 %, 35271 MiB, 36.63 W
2026/09/20 08:05:18.231, 0, 0 %, 0 %, 35270 MiB, 36.10 W
2026/09/20 08:05:18.231, 1, 0 %, 0 %, 35270 MiB, 35.48 W
2026/09/20 08:05:18.232, 2, 0 %, 0 %, 35271 MiB, 36.53 W
2026/09/20 08:05:23.232, 0, 0 %, 0 %, 35270 MiB, 36.04 W
2026/09/20 08:05:23.232, 1, 0 %, 0 %, 35270 MiB, 35.42 W
2026/09/20 08:05:23.233, 2, 0 %, 0 %, 35271 MiB, 36.68 W
2026/09/20 08:05:28.233, 0, 0 %, 0 %, 35270 MiB, 36.01 W
2026/09/20 08:05:28.233, 1, 0 %, 0 %, 35270 MiB, 35.28 W
2026/09/20 08:05:28.233, 2, 0 %, 0 %, 35271 MiB, 36.43 W
2026/09/20 08:05:33.235, 0, 0 %, 0 %, 35270 MiB, 36.01 W
2026/09/20 08:05:33.235, 1, 0 %, 0 %, 35270 MiB, 35.30 W
2026/09/20 08:05:33.235, 2, 0 %, 0 %, 35271 MiB, 36.43 W
2026/09/20 08:05:38.237, 0, 0 %, 0 %, 35270 MiB, 36.11 W
2026/09/20 08:05:38.237, 1, 0 %, 0 %, 35270 MiB, 35.30 W
2026/09/20 08:05:38.237, 2, 0 %, 0 %, 35271 MiB, 36.54 W
2026/09/20 08:05:43.239, 0, 0 %, 0 %, 35270 MiB, 36.02 W
2026/09/20 08:05:43.239, 1, 0 %, 0 %, 35270 MiB, 35.41 W
2026/09/20 08:05:43.239, 2, 0 %, 0 %, 35271 MiB, 36.54 W
2026/09/20 08:05:48.241, 0, 0 %, 0 %, 35270 MiB, 35.92 W
2026/09/20 08:05:48.241, 1, 0 %, 0 %, 35270 MiB, 35.21 W
2026/09/20 08:05:48.241, 2, 0 %, 0 %, 35271 MiB, 36.44 W
2026/09/20 08:05:53.243, 0, 0 %, 0 %, 35270 MiB, 35.92 W
2026/09/20 08:05:53.243, 1, 0 %, 0 %, 35270 MiB, 35.49 W
2026/09/20 08:05:53.243, 2, 0 %, 0 %, 35271 MiB, 36.54 W
2026/09/20 08:05:58.245, 0, 0 %, 0 %, 35270 MiB, 36.01 W
2026/09/20 08:05:58.246, 1, 0 %, 0 %, 35270 MiB, 35.29 W
2026/09/20 08:05:58.246, 2, 0 %, 0 %, 35271 MiB, 36.85 W
2026/09/20 08:06:03.246, 0, 0 %, 0 %, 35270 MiB, 35.94 W
2026/09/20 08:06:03.246, 1, 0 %, 0 %, 35270 MiB, 35.32 W
2026/09/20 08:06:03.246, 2, 0 %, 0 %, 35271 MiB, 36.66 W
2026/09/20 08:06:08.248, 0, 0 %, 0 %, 35270 MiB, 35.93 W
2026/09/20 08:06:08.248, 1, 0 %, 0 %, 35270 MiB, 35.22 W
2026/09/20 08:06:08.248, 2, 0 %, 0 %, 35271 MiB, 36.57 W
2026/09/20 08:06:13.249, 0, 0 %, 0 %, 35270 MiB, 35.94 W
2026/09/20 08:06:13.249, 1, 0 %, 0 %, 35270 MiB, 35.80 W
2026/09/20 08:06:13.249, 2, 0 %, 0 %, 35271 MiB, 36.57 W
2026/09/20 08:06:18.251, 0, 0 %, 0 %, 35270 MiB, 36.01 W
2026/09/20 08:06:18.252, 1, 0 %, 0 %, 35270 MiB, 35.39 W
2026/09/20 08:06:18.252, 2, 0 %, 0 %, 35271 MiB, 36.75 W
2026/09/20 08:06:23.252, 0, 0 %, 0 %, 35270 MiB, 35.96 W
2026/09/20 08:06:23.252, 1, 0 %, 0 %, 35270 MiB, 35.33 W
2026/09/20 08:06:23.252, 2, 0 %, 0 %, 35271 MiB, 36.80 W
2026/09/20 08:06:28.255, 0, 0 %, 0 %, 35270 MiB, 35.92 W
2026/09/20 08:06:28.255, 1, 0 %, 0 %, 35270 MiB, 35.60 W
2026/09/20 08:06:28.255, 2, 0 %, 0 %, 35271 MiB, 36.64 W
2026/09/20 08:06:33.266, 0, 0 %, 0 %, 35270 MiB, 36.01 W
2026/09/20 08:06:33.266, 1, 0 %, 0 %, 35270 MiB, 35.40 W
2026/09/20 08:06:33.266, 2, 0 %, 0 %, 35271 MiB, 36.43 W
2026/09/20 08:06:38.268, 0, 0 %, 0 %, 35270 MiB, 36.01 W
2026/09/20 08:06:38.268, 1, 0 %, 0 %, 35270 MiB, 35.20 W
2026/09/20 08:06:38.268, 2, 0 %, 0 %, 35271 MiB, 36.54 W
2026/09/20 08:06:43.270, 0, 0 %, 0 %, 35270 MiB, 36.01 W
2026/09/20 08:06:43.270, 1, 0 %, 0 %, 35270 MiB, 35.21 W
2026/09/20 08:06:43.270, 2, 0 %, 0 %, 35271 MiB, 36.54 W
2026/09/20 08:06:48.271, 0, 0 %, 0 %, 35270 MiB, 36.01 W
2026/09/20 08:06:48.272, 1, 0 %, 0 %, 35270 MiB, 35.50 W
2026/09/20 08:06:48.272, 2, 0 %, 0 %, 35271 MiB, 36.54 W
2026/09/20 08:06:53.273, 0, 0 %, 0 %, 35270 MiB, 36.12 W
2026/09/20 08:06:53.273, 1, 0 %, 0 %, 35270 MiB, 35.31 W
2026/09/20 08:06:53.273, 2, 0 %, 0 %, 35271 MiB, 36.76 W
2026/09/20 08:06:58.274, 0, 0 %, 0 %, 35270 MiB, 36.13 W
2026/09/20 08:06:58.274, 1, 0 %, 0 %, 35270 MiB, 35.23 W
2026/09/20 08:06:58.274, 2, 0 %, 0 %, 35271 MiB, 36.57 W
2026/09/20 08:07:03.275, 0, 0 %, 0 %, 35270 MiB, 35.89 W
2026/09/20 08:07:03.275, 1, 0 %, 0 %, 35270 MiB, 35.28 W
2026/09/20 08:07:03.276, 2, 0 %, 0 %, 35271 MiB, 36.64 W
2026/09/20 08:07:08.277, 0, 0 %, 0 %, 35270 MiB, 35.81 W
2026/09/20 08:07:08.277, 1, 0 %, 0 %, 35270 MiB, 35.41 W
2026/09/20 08:07:08.277, 2, 0 %, 0 %, 35271 MiB, 36.55 W
2026/09/20 08:07:13.278, 0, 0 %, 0 %, 35270 MiB, 36.04 W
2026/09/20 08:07:13.278, 1, 0 %, 0 %, 35270 MiB, 35.43 W
2026/09/20 08:07:13.278, 2, 0 %, 0 %, 35271 MiB, 36.68 W
2026/09/20 08:07:18.280, 0, 0 %, 0 %, 35270 MiB, 35.92 W
2026/09/20 08:07:18.280, 1, 0 %, 0 %, 35270 MiB, 35.41 W
2026/09/20 08:07:18.280, 2, 0 %, 0 %, 35271 MiB, 36.66 W
2026/09/20 08:07:23.282, 0, 0 %, 0 %, 35270 MiB, 35.82 W
2026/09/20 08:07:23.282, 1, 0 %, 0 %, 35270 MiB, 35.39 W
2026/09/20 08:07:23.282, 2, 0 %, 0 %, 35271 MiB, 36.64 W
2026/09/20 08:07:28.283, 0, 17 %, 1 %, 35270 MiB, 35.93 W
2026/09/20 08:07:28.283, 1, 0 %, 0 %, 35270 MiB, 35.40 W
2026/09/20 08:07:28.283, 2, 0 %, 0 %, 35271 MiB, 36.94 W
2026/09/20 08:07:33.284, 0, 0 %, 0 %, 35270 MiB, 36.01 W
2026/09/20 08:07:33.284, 1, 0 %, 0 %, 35270 MiB, 35.39 W
2026/09/20 08:07:33.284, 2, 0 %, 0 %, 35271 MiB, 36.75 W
2026/09/20 08:07:38.286, 0, 0 %, 0 %, 35270 MiB, 36.04 W
2026/09/20 08:07:38.286, 1, 0 %, 0 %, 35270 MiB, 35.42 W
2026/09/20 08:07:38.286, 2, 0 %, 0 %, 35271 MiB, 36.57 W
2026/09/20 08:07:43.287, 0, 0 %, 0 %, 35270 MiB, 35.91 W
2026/09/20 08:07:43.287, 1, 0 %, 0 %, 35270 MiB, 35.39 W
2026/09/20 08:07:43.288, 2, 0 %, 0 %, 35271 MiB, 36.54 W
2026/09/20 08:07:48.288, 0, 0 %, 0 %, 35270 MiB, 36.15 W
2026/09/20 08:07:48.288, 1, 0 %, 0 %, 35270 MiB, 35.33 W
2026/09/20 08:07:48.288, 2, 0 %, 0 %, 35271 MiB, 36.68 W
2026/09/20 08:07:53.290, 0, 0 %, 0 %, 35270 MiB, 36.01 W
2026/09/20 08:07:53.290, 1, 0 %, 0 %, 35270 MiB, 35.29 W
2026/09/20 08:07:53.290, 2, 0 %, 0 %, 35271 MiB, 36.54 W
2026/09/20 08:07:58.291, 0, 0 %, 0 %, 35270 MiB, 36.01 W
2026/09/20 08:07:58.291, 1, 0 %, 0 %, 35270 MiB, 35.30 W
2026/09/20 08:07:58.291, 2, 0 %, 0 %, 35271 MiB, 36.54 W
2026/09/20 08:08:03.292, 0, 0 %, 0 %, 35270 MiB, 36.01 W
2026/09/20 08:08:03.292, 1, 0 %, 0 %, 35270 MiB, 35.39 W
2026/09/20 08:08:03.292, 2, 0 %, 0 %, 35271 MiB, 36.54 W
2026/09/20 08:08:08.294, 0, 0 %, 0 %, 35270 MiB, 36.01 W
2026/09/20 08:08:08.294, 1, 0 %, 0 %, 35270 MiB, 35.29 W
2026/09/20 08:08:08.294, 2, 0 %, 0 %, 35271 MiB, 36.75 W
2026/09/20 08:08:13.296, 0, 20 %, 1 %, 35270 MiB, 35.81 W
2026/09/20 08:08:13.296, 1, 0 %, 0 %, 35270 MiB, 35.41 W
2026/09/20 08:08:13.296, 2, 0 %, 0 %, 35271 MiB, 36.64 W
2026/09/20 08:08:18.297, 0, 0 %, 0 %, 35270 MiB, 35.90 W
2026/09/20 08:08:18.298, 1, 0 %, 0 %, 35270 MiB, 35.59 W
2026/09/20 08:08:18.298, 2, 0 %, 0 %, 35271 MiB, 36.64 W
2026/09/20 08:08:23.299, 0, 0 %, 0 %, 35270 MiB, 37.19 W
2026/09/20 08:08:23.299, 1, 0 %, 0 %, 35270 MiB, 35.39 W
2026/09/20 08:08:23.299, 2, 0 %, 0 %, 35271 MiB, 36.64 W
2026/09/20 08:08:28.301, 0, 0 %, 0 %, 35270 MiB, 35.99 W
2026/09/20 08:08:28.301, 1, 0 %, 0 %, 35270 MiB, 35.37 W
2026/09/20 08:08:28.301, 2, 0 %, 0 %, 35271 MiB, 36.63 W
2026/09/20 08:08:33.308, 0, 0 %, 0 %, 35270 MiB, 35.91 W
2026/09/20 08:08:33.308, 1, 0 %, 0 %, 35270 MiB, 35.48 W
2026/09/20 08:08:33.308, 2, 0 %, 0 %, 35271 MiB, 36.75 W
2026/09/20 08:08:38.309, 0, 0 %, 0 %, 35270 MiB, 36.03 W
2026/09/20 08:08:38.309, 1, 25 %, 1 %, 35270 MiB, 42.63 W
2026/09/20 08:08:38.309, 2, 0 %, 0 %, 35271 MiB, 36.77 W
2026/09/20 08:08:43.311, 0, 0 %, 0 %, 35270 MiB, 35.95 W
2026/09/20 08:08:43.311, 1, 0 %, 0 %, 35270 MiB, 35.51 W
2026/09/20 08:08:43.311, 2, 0 %, 0 %, 35271 MiB, 36.57 W
2026/09/20 08:08:48.313, 0, 0 %, 0 %, 35270 MiB, 36.03 W
2026/09/20 08:08:48.313, 1, 0 %, 0 %, 35270 MiB, 39.63 W
2026/09/20 08:08:48.313, 2, 0 %, 0 %, 35271 MiB, 36.55 W
2026/09/20 08:08:53.315, 0, 0 %, 0 %, 35270 MiB, 35.96 W
2026/09/20 08:08:53.315, 1, 0 %, 0 %, 35270 MiB, 35.53 W
2026/09/20 08:08:53.315, 2, 0 %, 0 %, 35271 MiB, 36.47 W
2026/09/20 08:08:58.317, 0, 0 %, 0 %, 35270 MiB, 35.93 W
2026/09/20 08:08:58.317, 1, 24 %, 1 %, 35270 MiB, 35.30 W
2026/09/20 08:08:58.317, 2, 0 %, 0 %, 35271 MiB, 36.54 W
2026/09/20 08:09:03.318, 0, 0 %, 0 %, 35270 MiB, 36.26 W
2026/09/20 08:09:03.319, 1, 0 %, 0 %, 35270 MiB, 35.22 W
2026/09/20 08:09:03.319, 2, 0 %, 0 %, 35271 MiB, 36.79 W
2026/09/20 08:09:08.319, 0, 0 %, 0 %, 35270 MiB, 36.02 W
2026/09/20 08:09:08.319, 1, 0 %, 0 %, 35270 MiB, 35.40 W
2026/09/20 08:09:08.319, 2, 0 %, 0 %, 35271 MiB, 36.54 W
2026/09/20 08:09:13.320, 0, 0 %, 0 %, 35270 MiB, 36.03 W
2026/09/20 08:09:13.321, 1, 20 %, 1 %, 35270 MiB, 35.42 W
2026/09/20 08:09:13.321, 2, 0 %, 0 %, 35271 MiB, 36.57 W
2026/09/20 08:09:18.321, 0, 0 %, 0 %, 35270 MiB, 35.85 W
2026/09/20 08:09:18.322, 1, 0 %, 0 %, 35270 MiB, 35.33 W
2026/09/20 08:09:18.322, 2, 0 %, 0 %, 35271 MiB, 36.58 W
2026/09/20 08:09:23.323, 0, 0 %, 0 %, 35270 MiB, 36.11 W
2026/09/20 08:09:23.323, 1, 0 %, 0 %, 35270 MiB, 35.39 W
2026/09/20 08:09:23.323, 2, 0 %, 0 %, 35271 MiB, 36.75 W
2026/09/20 08:09:28.324, 0, 0 %, 0 %, 35270 MiB, 35.92 W
2026/09/20 08:09:28.324, 1, 20 %, 1 %, 35270 MiB, 35.51 W
2026/09/20 08:09:28.324, 2, 0 %, 0 %, 35271 MiB, 36.65 W
2026/09/20 08:09:33.326, 0, 0 %, 0 %, 35270 MiB, 35.93 W
2026/09/20 08:09:33.326, 1, 0 %, 0 %, 35270 MiB, 35.41 W
2026/09/20 08:09:33.327, 2, 0 %, 0 %, 35271 MiB, 41.00 W
2026/09/20 08:09:38.328, 0, 0 %, 0 %, 35270 MiB, 35.94 W
2026/09/20 08:09:38.328, 1, 0 %, 0 %, 35270 MiB, 35.42 W
2026/09/20 08:09:38.328, 2, 0 %, 0 %, 35271 MiB, 38.35 W
2026/09/20 08:09:43.330, 0, 0 %, 0 %, 35270 MiB, 35.94 W
2026/09/20 08:09:43.330, 1, 5 %, 0 %, 35270 MiB, 35.41 W
2026/09/20 08:09:43.330, 2, 0 %, 0 %, 35271 MiB, 36.76 W
2026/09/20 08:09:48.332, 0, 0 %, 0 %, 35270 MiB, 35.92 W
2026/09/20 08:09:48.332, 1, 8 %, 0 %, 35270 MiB, 35.51 W
2026/09/20 08:09:48.332, 2, 25 %, 1 %, 35271 MiB, 36.75 W
2026/09/20 08:09:53.333, 0, 0 %, 0 %, 35270 MiB, 35.94 W
2026/09/20 08:09:53.333, 1, 0 %, 0 %, 35270 MiB, 35.42 W
2026/09/20 08:09:53.333, 2, 0 %, 0 %, 35271 MiB, 36.57 W
2026/09/20 08:09:58.334, 0, 0 %, 0 %, 35270 MiB, 36.13 W
2026/09/20 08:09:58.335, 1, 9 %, 0 %, 35270 MiB, 35.42 W
2026/09/20 08:09:58.335, 2, 0 %, 0 %, 35271 MiB, 36.66 W
2026/09/20 08:10:03.335, 0, 0 %, 0 %, 35270 MiB, 35.95 W
2026/09/20 08:10:03.336, 1, 0 %, 0 %, 35270 MiB, 35.23 W
2026/09/20 08:10:03.336, 2, 0 %, 0 %, 35271 MiB, 37.76 W
2026/09/20 08:10:08.336, 0, 0 %, 0 %, 35270 MiB, 36.03 W
2026/09/20 08:10:08.337, 1, 0 %, 0 %, 35270 MiB, 35.21 W
2026/09/20 08:10:08.337, 2, 18 %, 1 %, 35271 MiB, 36.55 W
2026/09/20 08:10:13.346, 0, 0 %, 0 %, 35270 MiB, 36.01 W
2026/09/20 08:10:13.346, 1, 0 %, 0 %, 35270 MiB, 35.40 W
2026/09/20 08:10:13.347, 2, 17 %, 1 %, 35271 MiB, 36.68 W
2026/09/20 08:10:18.348, 0, 0 %, 0 %, 35270 MiB, 36.21 W
2026/09/20 08:10:18.348, 1, 0 %, 0 %, 35270 MiB, 35.39 W
2026/09/20 08:10:18.349, 2, 0 %, 0 %, 35271 MiB, 36.54 W
2026/09/20 08:10:23.350, 0, 0 %, 0 %, 35270 MiB, 35.82 W
2026/09/20 08:10:23.350, 1, 0 %, 0 %, 35270 MiB, 35.50 W
2026/09/20 08:10:23.350, 2, 0 %, 0 %, 35271 MiB, 36.54 W
2026/09/20 08:10:28.352, 0, 0 %, 0 %, 35270 MiB, 35.83 W
2026/09/20 08:10:28.353, 1, 0 %, 0 %, 35270 MiB, 35.31 W
2026/09/20 08:10:28.353, 2, 10 %, 0 %, 35271 MiB, 36.67 W
2026/09/20 08:10:33.353, 0, 0 %, 0 %, 35270 MiB, 35.94 W
2026/09/20 08:10:33.353, 1, 0 %, 0 %, 35270 MiB, 35.32 W
2026/09/20 08:10:33.353, 2, 0 %, 0 %, 35271 MiB, 36.77 W
2026/09/20 08:10:38.354, 0, 0 %, 0 %, 35270 MiB, 36.03 W
2026/09/20 08:10:38.355, 1, 0 %, 0 %, 35270 MiB, 35.31 W
2026/09/20 08:10:38.355, 2, 0 %, 0 %, 35271 MiB, 36.65 W
2026/09/20 08:10:43.355, 0, 0 %, 0 %, 35270 MiB, 35.83 W
2026/09/20 08:10:43.355, 1, 0 %, 0 %, 35270 MiB, 35.60 W
2026/09/20 08:10:43.356, 2, 20 %, 1 %, 35271 MiB, 36.65 W
2026/09/20 08:10:48.357, 0, 0 %, 0 %, 35270 MiB, 35.83 W
2026/09/20 08:10:48.357, 1, 0 %, 0 %, 35270 MiB, 35.42 W
2026/09/20 08:10:48.357, 2, 0 %, 0 %, 35271 MiB, 36.66 W
2026/09/20 08:10:53.358, 0, 0 %, 0 %, 35270 MiB, 35.92 W
2026/09/20 08:10:53.358, 1, 0 %, 0 %, 35270 MiB, 35.49 W
2026/09/20 08:10:53.358, 2, 0 %, 0 %, 35271 MiB, 36.64 W
2026/09/20 08:10:58.359, 0, 0 %, 0 %, 35270 MiB, 35.94 W
2026/09/20 08:10:58.359, 1, 0 %, 0 %, 35270 MiB, 35.42 W
2026/09/20 08:10:58.359, 2, 0 %, 0 %, 35271 MiB, 36.46 W
2026/09/20 08:11:03.361, 0, 0 %, 0 %, 35270 MiB, 35.92 W
2026/09/20 08:11:03.361, 1, 0 %, 0 %, 35270 MiB, 35.29 W
2026/09/20 08:11:03.361, 2, 0 %, 0 %, 35271 MiB, 36.54 W
2026/09/20 08:11:08.363, 0, 0 %, 0 %, 35270 MiB, 36.01 W
2026/09/20 08:11:08.363, 1, 0 %, 0 %, 35270 MiB, 35.21 W
2026/09/20 08:11:08.363, 2, 0 %, 0 %, 35271 MiB, 36.54 W
2026/09/20 08:11:13.364, 0, 0 %, 0 %, 35270 MiB, 36.02 W
2026/09/20 08:11:13.365, 1, 0 %, 0 %, 35270 MiB, 35.30 W
2026/09/20 08:11:13.365, 2, 0 %, 0 %, 35271 MiB, 36.54 W
2026/09/20 08:11:18.372, 0, 0 %, 0 %, 35270 MiB, 36.10 W
2026/09/20 08:11:18.372, 1, 0 %, 0 %, 35270 MiB, 35.19 W
2026/09/20 08:11:18.372, 2, 0 %, 0 %, 35271 MiB, 36.54 W
2026/09/20 08:11:23.379, 0, 0 %, 0 %, 35270 MiB, 36.01 W
2026/09/20 08:11:23.379, 1, 0 %, 0 %, 35270 MiB, 35.38 W
2026/09/20 08:11:23.379, 2, 0 %, 0 %, 35271 MiB, 36.43 W
2026/09/20 08:11:28.380, 0, 0 %, 0 %, 35270 MiB, 35.86 W
2026/09/20 08:11:28.380, 1, 0 %, 0 %, 35270 MiB, 35.23 W
2026/09/20 08:11:28.380, 2, 0 %, 0 %, 35271 MiB, 36.59 W
2026/09/20 08:11:33.382, 0, 0 %, 0 %, 35270 MiB, 35.83 W
2026/09/20 08:11:33.383, 1, 0 %, 0 %, 35270 MiB, 35.21 W
2026/09/20 08:11:33.383, 2, 0 %, 0 %, 35271 MiB, 36.54 W
2026/09/20 08:11:38.383, 0, 0 %, 0 %, 35270 MiB, 35.83 W
2026/09/20 08:11:38.383, 1, 0 %, 0 %, 35270 MiB, 35.60 W
2026/09/20 08:11:38.383, 2, 0 %, 0 %, 35271 MiB, 36.57 W
2026/09/20 08:11:43.385, 0, 0 %, 0 %, 35270 MiB, 35.85 W
2026/09/20 08:11:43.385, 1, 0 %, 0 %, 35270 MiB, 35.23 W
2026/09/20 08:11:43.385, 2, 0 %, 0 %, 35271 MiB, 36.77 W
2026/09/20 08:11:48.386, 0, 0 %, 0 %, 35270 MiB, 35.83 W
2026/09/20 08:11:48.387, 1, 0 %, 0 %, 35270 MiB, 35.41 W
2026/09/20 08:11:48.387, 2, 0 %, 0 %, 35271 MiB, 36.57 W
2026/09/20 08:11:53.388, 0, 0 %, 0 %, 35270 MiB, 36.13 W
2026/09/20 08:11:53.388, 1, 0 %, 0 %, 35270 MiB, 35.32 W
2026/09/20 08:11:53.388, 2, 0 %, 0 %, 35271 MiB, 36.68 W
2026/09/20 08:11:58.390, 0, 0 %, 0 %, 35270 MiB, 35.92 W
2026/09/20 08:11:58.390, 1, 0 %, 0 %, 35270 MiB, 35.50 W
2026/09/20 08:11:58.390, 2, 0 %, 0 %, 35271 MiB, 36.68 W
2026/09/20 08:12:03.392, 0, 0 %, 0 %, 35270 MiB, 35.92 W
2026/09/20 08:12:03.392, 1, 0 %, 0 %, 35270 MiB, 35.40 W
2026/09/20 08:12:03.392, 2, 0 %, 0 %, 35271 MiB, 36.75 W
2026/09/20 08:12:08.393, 0, 0 %, 0 %, 35270 MiB, 35.92 W
2026/09/20 08:12:08.393, 1, 0 %, 0 %, 35270 MiB, 35.40 W
2026/09/20 08:12:08.394, 2, 0 %, 0 %, 35271 MiB, 36.44 W
2026/09/20 08:12:13.394, 0, 0 %, 0 %, 35270 MiB, 36.11 W
2026/09/20 08:12:13.395, 1, 0 %, 0 %, 35270 MiB, 35.29 W
2026/09/20 08:12:13.395, 2, 0 %, 0 %, 35271 MiB, 36.54 W
2026/09/20 08:12:18.396, 0, 0 %, 0 %, 35270 MiB, 36.01 W
2026/09/20 08:12:18.396, 1, 0 %, 0 %, 35270 MiB, 35.40 W
2026/09/20 08:12:18.396, 2, 0 %, 0 %, 35271 MiB, 36.43 W
2026/09/20 08:12:23.397, 0, 0 %, 0 %, 35270 MiB, 35.92 W
2026/09/20 08:12:23.397, 1, 0 %, 0 %, 35270 MiB, 35.30 W
2026/09/20 08:12:23.397, 2, 0 %, 0 %, 35271 MiB, 36.54 W
2026/09/20 08:12:28.403, 0, 0 %, 0 %, 35270 MiB, 36.32 W
2026/09/20 08:12:28.403, 1, 0 %, 0 %, 35270 MiB, 35.21 W
2026/09/20 08:12:28.403, 2, 0 %, 0 %, 35271 MiB, 36.57 W
2026/09/20 08:12:33.404, 0, 0 %, 0 %, 35270 MiB, 36.03 W
2026/09/20 08:12:33.404, 1, 0 %, 0 %, 35270 MiB, 35.51 W
2026/09/20 08:12:33.404, 2, 0 %, 0 %, 35271 MiB, 36.46 W
2026/09/20 08:12:38.406, 0, 0 %, 0 %, 35270 MiB, 35.83 W
2026/09/20 08:12:38.406, 1, 0 %, 0 %, 35270 MiB, 35.40 W
2026/09/20 08:12:38.406, 2, 0 %, 0 %, 35271 MiB, 36.75 W
2026/09/20 08:12:43.408, 0, 0 %, 0 %, 35270 MiB, 35.82 W
2026/09/20 08:12:43.408, 1, 0 %, 0 %, 35270 MiB, 35.29 W
2026/09/20 08:12:43.408, 2, 0 %, 0 %, 35271 MiB, 36.54 W
2026/09/20 08:12:48.409, 0, 0 %, 0 %, 35270 MiB, 35.82 W
2026/09/20 08:12:48.409, 1, 0 %, 0 %, 35270 MiB, 35.29 W
2026/09/20 08:12:48.409, 2, 0 %, 0 %, 35271 MiB, 36.54 W
2026/09/20 08:12:53.411, 0, 0 %, 0 %, 35270 MiB, 36.01 W
2026/09/20 08:12:53.411, 1, 0 %, 0 %, 35270 MiB, 35.50 W
2026/09/20 08:12:53.411, 2, 0 %, 0 %, 35271 MiB, 36.54 W
2026/09/20 08:12:58.413, 0, 0 %, 0 %, 35270 MiB, 35.92 W
2026/09/20 08:12:58.413, 1, 0 %, 0 %, 35270 MiB, 35.40 W
2026/09/20 08:12:58.413, 2, 0 %, 0 %, 35271 MiB, 36.75 W
2026/09/20 08:13:03.415, 0, 0 %, 0 %, 35270 MiB, 35.82 W
2026/09/20 08:13:03.415, 1, 0 %, 0 %, 35270 MiB, 35.40 W
2026/09/20 08:13:03.415, 2, 0 %, 0 %, 35271 MiB, 36.64 W
2026/09/20 08:13:08.416, 0, 0 %, 0 %, 35270 MiB, 35.82 W
2026/09/20 08:13:08.416, 1, 0 %, 0 %, 35270 MiB, 35.40 W
2026/09/20 08:13:08.416, 2, 0 %, 0 %, 35271 MiB, 36.65 W
2026/09/20 08:13:13.417, 0, 0 %, 0 %, 35270 MiB, 36.01 W
2026/09/20 08:13:13.417, 1, 0 %, 0 %, 35270 MiB, 35.49 W
2026/09/20 08:13:13.417, 2, 0 %, 0 %, 35271 MiB, 36.44 W
2026/09/20 08:13:18.418, 0, 0 %, 0 %, 35270 MiB, 35.92 W
2026/09/20 08:13:18.418, 1, 0 %, 0 %, 35270 MiB, 35.31 W
2026/09/20 08:13:18.418, 2, 0 %, 0 %, 35271 MiB, 36.56 W
2026/09/20 08:13:23.420, 0, 0 %, 0 %, 35270 MiB, 35.83 W
2026/09/20 08:13:23.420, 1, 0 %, 0 %, 35270 MiB, 35.31 W
2026/09/20 08:13:23.420, 2, 0 %, 0 %, 35271 MiB, 36.44 W
2026/09/20 08:13:28.422, 0, 0 %, 0 %, 35270 MiB, 36.01 W
2026/09/20 08:13:28.422, 1, 0 %, 0 %, 35270 MiB, 35.30 W
2026/09/20 08:13:28.422, 2, 0 %, 0 %, 35271 MiB, 36.54 W
2026/09/20 08:13:33.424, 0, 0 %, 0 %, 35270 MiB, 36.02 W
2026/09/20 08:13:33.424, 1, 0 %, 0 %, 35270 MiB, 35.40 W
2026/09/20 08:13:33.424, 2, 0 %, 0 %, 35271 MiB, 36.74 W
2026/09/20 08:13:38.426, 0, 0 %, 0 %, 35270 MiB, 36.00 W
2026/09/20 08:13:38.426, 1, 0 %, 0 %, 35270 MiB, 35.29 W
2026/09/20 08:13:38.426, 2, 0 %, 0 %, 35271 MiB, 36.52 W
2026/09/20 08:13:43.428, 0, 0 %, 0 %, 35270 MiB, 35.83 W
2026/09/20 08:13:43.428, 1, 0 %, 0 %, 35270 MiB, 35.21 W
2026/09/20 08:13:43.428, 2, 0 %, 0 %, 35271 MiB, 36.56 W
2026/09/20 08:13:48.430, 0, 0 %, 0 %, 35270 MiB, 35.82 W
2026/09/20 08:13:48.430, 1, 0 %, 0 %, 35270 MiB, 35.49 W
2026/09/20 08:13:48.430, 2, 0 %, 0 %, 35271 MiB, 36.43 W
2026/09/20 08:13:53.432, 0, 0 %, 0 %, 35270 MiB, 35.92 W
2026/09/20 08:13:53.432, 1, 0 %, 0 %, 35270 MiB, 35.40 W
2026/09/20 08:13:53.432, 2, 0 %, 0 %, 35271 MiB, 36.75 W
2026/09/20 08:13:58.433, 0, 0 %, 0 %, 35270 MiB, 35.83 W
2026/09/20 08:13:58.433, 1, 0 %, 0 %, 35270 MiB, 35.30 W
2026/09/20 08:13:58.433, 2, 0 %, 0 %, 35271 MiB, 36.64 W
2026/09/20 08:14:03.435, 0, 0 %, 0 %, 35270 MiB, 35.92 W
2026/09/20 08:14:03.435, 1, 0 %, 0 %, 35270 MiB, 35.40 W
2026/09/20 08:14:03.435, 2, 0 %, 0 %, 35271 MiB, 36.64 W
2026/09/20 08:14:08.436, 0, 0 %, 0 %, 35270 MiB, 35.93 W
2026/09/20 08:14:08.436, 1, 0 %, 0 %, 35270 MiB, 35.51 W
2026/09/20 08:14:08.436, 2, 0 %, 0 %, 35271 MiB, 36.65 W
2026/09/20 08:14:13.437, 0, 0 %, 0 %, 35270 MiB, 36.03 W
2026/09/20 08:14:13.437, 1, 0 %, 0 %, 35270 MiB, 35.31 W
2026/09/20 08:14:13.437, 2, 0 %, 0 %, 35271 MiB, 36.66 W
2026/09/20 08:14:18.439, 0, 0 %, 0 %, 35270 MiB, 35.82 W
2026/09/20 08:14:18.439, 1, 0 %, 0 %, 35270 MiB, 35.29 W
2026/09/20 08:14:18.439, 2, 0 %, 0 %, 35271 MiB, 36.64 W
2026/09/20 08:14:23.441, 0, 0 %, 0 %, 35270 MiB, 35.94 W
2026/09/20 08:14:23.441, 1, 0 %, 0 %, 35270 MiB, 35.21 W
2026/09/20 08:14:23.441, 2, 0 %, 0 %, 35271 MiB, 36.57 W
2026/09/20 08:14:28.442, 0, 0 %, 0 %, 35270 MiB, 35.94 W
2026/09/20 08:14:28.442, 1, 0 %, 0 %, 35270 MiB, 35.42 W
2026/09/20 08:14:28.443, 2, 0 %, 0 %, 35271 MiB, 36.77 W
2026/09/20 08:14:33.443, 0, 0 %, 0 %, 35270 MiB, 36.03 W
2026/09/20 08:14:33.444, 1, 5 %, 0 %, 35270 MiB, 35.33 W
2026/09/20 08:14:33.444, 2, 0 %, 0 %, 35271 MiB, 36.57 W
2026/09/20 08:14:38.445, 0, 0 %, 0 %, 35270 MiB, 35.96 W
2026/09/20 08:14:38.445, 1, 0 %, 0 %, 35270 MiB, 35.23 W
2026/09/20 08:14:38.445, 2, 0 %, 0 %, 35271 MiB, 36.48 W
2026/09/20 08:14:43.446, 0, 100 %, 7 %, 35270 MiB, 85.33 W
2026/09/20 08:14:43.446, 1, 100 %, 6 %, 35270 MiB, 98.07 W
2026/09/20 08:14:43.446, 2, 100 %, 6 %, 35271 MiB, 88.54 W
2026/09/20 08:14:48.446, 0, 100 %, 7 %, 35270 MiB, 81.83 W
2026/09/20 08:14:48.447, 1, 100 %, 14 %, 35270 MiB, 86.81 W
2026/09/20 08:14:48.447, 2, 100 %, 10 %, 35271 MiB, 89.16 W
2026/09/20 08:14:53.447, 0, 100 %, 6 %, 35270 MiB, 88.48 W
2026/09/20 08:14:53.447, 1, 100 %, 6 %, 35270 MiB, 85.48 W
2026/09/20 08:14:53.447, 2, 100 %, 10 %, 35271 MiB, 86.39 W
2026/09/20 08:14:58.448, 0, 100 %, 10 %, 35270 MiB, 91.68 W
2026/09/20 08:14:58.448, 1, 100 %, 6 %, 35270 MiB, 87.49 W
2026/09/20 08:14:58.448, 2, 100 %, 6 %, 35271 MiB, 86.31 W
2026/09/20 08:15:03.448, 0, 100 %, 6 %, 35270 MiB, 89.86 W
2026/09/20 08:15:03.449, 1, 100 %, 10 %, 35270 MiB, 88.57 W
2026/09/20 08:15:03.449, 2, 100 %, 7 %, 35271 MiB, 89.07 W
2026/09/20 08:15:08.449, 0, 100 %, 7 %, 35270 MiB, 86.49 W
2026/09/20 08:15:08.449, 1, 100 %, 6 %, 35270 MiB, 87.46 W
2026/09/20 08:15:08.450, 2, 100 %, 6 %, 35271 MiB, 95.71 W
2026/09/20 08:15:13.450, 0, 100 %, 11 %, 35270 MiB, 89.04 W
2026/09/20 08:15:13.450, 1, 100 %, 7 %, 35270 MiB, 87.79 W
2026/09/20 08:15:13.450, 2, 100 %, 6 %, 35271 MiB, 86.97 W
2026/09/20 08:15:18.451, 0, 100 %, 7 %, 35270 MiB, 86.11 W
2026/09/20 08:15:18.451, 1, 100 %, 7 %, 35270 MiB, 83.24 W
2026/09/20 08:15:18.451, 2, 100 %, 10 %, 35271 MiB, 86.30 W
2026/09/20 08:15:23.451, 0, 100 %, 7 %, 35270 MiB, 86.18 W
2026/09/20 08:15:23.451, 1, 100 %, 6 %, 35270 MiB, 88.78 W
2026/09/20 08:15:23.451, 2, 100 %, 6 %, 35271 MiB, 87.05 W
2026/09/20 08:15:28.452, 0, 100 %, 7 %, 35270 MiB, 88.73 W
2026/09/20 08:15:28.452, 1, 100 %, 6 %, 35270 MiB, 89.61 W
2026/09/20 08:15:28.452, 2, 100 %, 11 %, 35271 MiB, 85.73 W
2026/09/20 08:15:33.453, 0, 100 %, 9 %, 35270 MiB, 89.77 W
2026/09/20 08:15:33.453, 1, 100 %, 7 %, 35270 MiB, 86.13 W
2026/09/20 08:15:33.453, 2, 100 %, 7 %, 35271 MiB, 86.05 W
2026/09/20 08:15:38.453, 0, 99 %, 10 %, 35270 MiB, 89.94 W
2026/09/20 08:15:38.453, 1, 100 %, 7 %, 35270 MiB, 83.41 W
2026/09/20 08:15:38.454, 2, 100 %, 7 %, 35271 MiB, 91.29 W
2026/09/20 08:15:43.454, 0, 100 %, 7 %, 35270 MiB, 87.65 W
2026/09/20 08:15:43.454, 1, 100 %, 7 %, 35270 MiB, 83.74 W
2026/09/20 08:15:43.454, 2, 100 %, 10 %, 35271 MiB, 87.38 W
2026/09/20 08:15:48.456, 0, 100 %, 7 %, 35270 MiB, 92.67 W
2026/09/20 08:15:48.456, 1, 100 %, 6 %, 35270 MiB, 84.76 W
2026/09/20 08:15:48.456, 2, 100 %, 7 %, 35271 MiB, 85.44 W
2026/09/20 08:15:53.457, 0, 100 %, 6 %, 35270 MiB, 88.35 W
2026/09/20 08:15:53.457, 1, 100 %, 10 %, 35270 MiB, 85.00 W
2026/09/20 08:15:53.457, 2, 100 %, 7 %, 35271 MiB, 86.62 W
2026/09/20 08:15:58.458, 0, 100 %, 7 %, 35270 MiB, 85.12 W
2026/09/20 08:15:58.458, 1, 100 %, 7 %, 35270 MiB, 96.24 W
2026/09/20 08:15:58.458, 2, 100 %, 6 %, 35271 MiB, 88.21 W
2026/09/20 08:16:03.458, 0, 100 %, 8 %, 35270 MiB, 89.74 W
2026/09/20 08:16:03.459, 1, 100 %, 7 %, 35270 MiB, 87.14 W
2026/09/20 08:16:03.459, 2, 100 %, 10 %, 35271 MiB, 82.60 W
2026/09/20 08:16:08.459, 0, 100 %, 6 %, 35270 MiB, 91.14 W
2026/09/20 08:16:08.459, 1, 100 %, 7 %, 35270 MiB, 84.23 W
2026/09/20 08:16:08.459, 2, 100 %, 6 %, 35271 MiB, 92.46 W
2026/09/20 08:16:13.460, 0, 100 %, 7 %, 35270 MiB, 87.95 W
2026/09/20 08:16:13.460, 1, 100 %, 10 %, 35270 MiB, 85.60 W
2026/09/20 08:16:13.460, 2, 100 %, 15 %, 35271 MiB, 90.30 W
2026/09/20 08:16:18.461, 0, 100 %, 7 %, 35270 MiB, 85.56 W
2026/09/20 08:16:18.461, 1, 100 %, 7 %, 35270 MiB, 86.71 W
2026/09/20 08:16:18.461, 2, 100 %, 7 %, 35271 MiB, 91.78 W
2026/09/20 08:16:23.462, 0, 100 %, 10 %, 35270 MiB, 86.79 W
2026/09/20 08:16:23.462, 1, 100 %, 10 %, 35270 MiB, 87.51 W
2026/09/20 08:16:23.462, 2, 100 %, 7 %, 35271 MiB, 91.70 W
2026/09/20 08:16:28.463, 0, 100 %, 7 %, 35270 MiB, 94.68 W
2026/09/20 08:16:28.463, 1, 100 %, 7 %, 35270 MiB, 84.70 W
2026/09/20 08:16:28.463, 2, 100 %, 7 %, 35271 MiB, 91.87 W
2026/09/20 08:16:33.463, 0, 100 %, 10 %, 35270 MiB, 87.46 W
2026/09/20 08:16:33.464, 1, 100 %, 7 %, 35270 MiB, 85.43 W
2026/09/20 08:16:33.464, 2, 100 %, 7 %, 35271 MiB, 89.66 W
2026/09/20 08:16:38.464, 0, 100 %, 7 %, 35270 MiB, 84.07 W
2026/09/20 08:16:38.464, 1, 100 %, 7 %, 35270 MiB, 86.00 W
2026/09/20 08:16:38.464, 2, 100 %, 7 %, 35271 MiB, 90.76 W
2026/09/20 08:16:43.465, 0, 100 %, 7 %, 35270 MiB, 88.63 W
2026/09/20 08:16:43.465, 1, 100 %, 11 %, 35270 MiB, 86.68 W
2026/09/20 08:16:43.465, 2, 100 %, 7 %, 35271 MiB, 90.88 W
2026/09/20 08:16:48.465, 0, 100 %, 9 %, 35270 MiB, 89.57 W
2026/09/20 08:16:48.466, 1, 100 %, 10 %, 35270 MiB, 85.47 W
2026/09/20 08:16:48.466, 2, 100 %, 7 %, 35271 MiB, 90.33 W
2026/09/20 08:16:53.467, 0, 100 %, 7 %, 35270 MiB, 88.19 W
2026/09/20 08:16:53.467, 1, 100 %, 7 %, 35270 MiB, 88.45 W
2026/09/20 08:16:53.467, 2, 100 %, 7 %, 35271 MiB, 96.30 W
2026/09/20 08:16:58.467, 0, 100 %, 7 %, 35270 MiB, 88.09 W
2026/09/20 08:16:58.468, 1, 100 %, 7 %, 35270 MiB, 86.28 W
2026/09/20 08:16:58.468, 2, 100 %, 7 %, 35271 MiB, 92.58 W
2026/09/20 08:17:03.468, 0, 100 %, 10 %, 35270 MiB, 90.29 W
2026/09/20 08:17:03.468, 1, 100 %, 13 %, 35270 MiB, 84.05 W
2026/09/20 08:17:03.468, 2, 99 %, 11 %, 35271 MiB, 90.69 W
2026/09/20 08:17:08.469, 0, 100 %, 11 %, 35270 MiB, 88.96 W
2026/09/20 08:17:08.469, 1, 100 %, 6 %, 35270 MiB, 85.24 W
2026/09/20 08:17:08.469, 2, 100 %, 15 %, 35271 MiB, 90.75 W
2026/09/20 08:17:13.470, 0, 100 %, 7 %, 35270 MiB, 89.82 W
2026/09/20 08:17:13.470, 1, 100 %, 11 %, 35270 MiB, 84.51 W
2026/09/20 08:17:13.470, 2, 100 %, 10 %, 35271 MiB, 88.13 W
2026/09/20 08:17:18.470, 0, 100 %, 7 %, 35270 MiB, 90.31 W
2026/09/20 08:17:18.471, 1, 100 %, 7 %, 35270 MiB, 87.29 W
2026/09/20 08:17:18.471, 2, 100 %, 7 %, 35271 MiB, 92.06 W
2026/09/20 08:17:23.471, 0, 100 %, 6 %, 35270 MiB, 92.30 W
2026/09/20 08:17:23.471, 1, 0 %, 0 %, 35270 MiB, 57.33 W
2026/09/20 08:17:23.472, 2, 55 %, 4 %, 35271 MiB, 78.13 W
2026/09/20 08:17:28.473, 0, 0 %, 0 %, 35270 MiB, 59.69 W
2026/09/20 08:17:28.473, 1, 0 %, 0 %, 35270 MiB, 37.68 W
2026/09/20 08:17:28.473, 2, 0 %, 0 %, 35271 MiB, 38.92 W
2026/09/20 08:17:33.475, 0, 0 %, 0 %, 35270 MiB, 37.78 W
2026/09/20 08:17:33.475, 1, 0 %, 0 %, 35270 MiB, 37.45 W
2026/09/20 08:17:33.475, 2, 0 %, 0 %, 35271 MiB, 38.52 W
2026/09/20 08:17:38.477, 0, 0 %, 0 %, 35270 MiB, 37.60 W
2026/09/20 08:17:38.477, 1, 0 %, 0 %, 35270 MiB, 37.27 W
2026/09/20 08:17:38.477, 2, 0 %, 0 %, 35271 MiB, 38.52 W
2026/09/20 08:17:43.479, 0, 0 %, 0 %, 35270 MiB, 37.49 W
2026/09/20 08:17:43.479, 1, 0 %, 0 %, 35270 MiB, 37.17 W
2026/09/20 08:17:43.479, 2, 0 %, 0 %, 35271 MiB, 38.02 W
2026/09/20 08:17:48.481, 0, 0 %, 0 %, 35270 MiB, 37.39 W
2026/09/20 08:17:48.481, 1, 0 %, 0 %, 35270 MiB, 36.87 W
2026/09/20 08:17:48.481, 2, 0 %, 0 %, 35271 MiB, 37.83 W
2026/09/20 08:17:53.483, 0, 0 %, 0 %, 35270 MiB, 37.20 W
2026/09/20 08:17:53.483, 1, 0 %, 0 %, 35270 MiB, 36.77 W
2026/09/20 08:17:53.483, 2, 0 %, 0 %, 35271 MiB, 37.63 W
2026/09/20 08:17:58.484, 0, 0 %, 0 %, 35270 MiB, 36.99 W
2026/09/20 08:17:58.485, 1, 0 %, 0 %, 35270 MiB, 36.67 W
2026/09/20 08:17:58.485, 2, 0 %, 0 %, 35271 MiB, 37.92 W
2026/09/20 08:18:03.485, 0, 0 %, 0 %, 35270 MiB, 37.11 W
2026/09/20 08:18:03.485, 1, 0 %, 0 %, 35270 MiB, 36.59 W
2026/09/20 08:18:03.485, 2, 0 %, 0 %, 35271 MiB, 37.73 W
2026/09/20 08:18:08.486, 0, 0 %, 0 %, 35270 MiB, 37.00 W
2026/09/20 08:18:08.486, 1, 0 %, 0 %, 35270 MiB, 36.68 W
2026/09/20 08:18:08.486, 2, 0 %, 0 %, 35271 MiB, 37.63 W
2026/09/20 08:18:13.488, 0, 0 %, 0 %, 35270 MiB, 36.50 W
2026/09/20 08:18:13.488, 1, 0 %, 0 %, 35270 MiB, 36.47 W
2026/09/20 08:18:13.488, 2, 0 %, 0 %, 35271 MiB, 37.53 W
2026/09/20 08:18:18.489, 0, 0 %, 0 %, 35270 MiB, 36.60 W
2026/09/20 08:18:18.489, 1, 0 %, 0 %, 35270 MiB, 36.47 W
2026/09/20 08:18:18.490, 2, 0 %, 0 %, 35271 MiB, 37.53 W
2026/09/20 08:18:23.491, 0, 0 %, 0 %, 35270 MiB, 36.79 W
2026/09/20 08:18:23.491, 1, 0 %, 0 %, 35270 MiB, 36.17 W
2026/09/20 08:18:23.491, 2, 0 %, 0 %, 35271 MiB, 37.34 W
2026/09/20 08:18:28.493, 0, 0 %, 0 %, 35270 MiB, 36.89 W
2026/09/20 08:18:28.494, 1, 0 %, 0 %, 35270 MiB, 36.18 W
2026/09/20 08:18:28.494, 2, 0 %, 0 %, 35271 MiB, 37.34 W
2026/09/20 08:18:33.495, 0, 0 %, 0 %, 35270 MiB, 36.60 W
2026/09/20 08:18:33.495, 1, 0 %, 0 %, 35270 MiB, 36.09 W
2026/09/20 08:18:33.495, 2, 0 %, 0 %, 35271 MiB, 37.43 W
2026/09/20 08:18:38.497, 0, 0 %, 0 %, 35270 MiB, 36.60 W
2026/09/20 08:18:38.497, 1, 0 %, 0 %, 35270 MiB, 36.17 W
2026/09/20 08:18:38.497, 2, 0 %, 0 %, 35271 MiB, 37.34 W
2026/09/20 08:18:43.499, 0, 0 %, 0 %, 35270 MiB, 36.51 W
2026/09/20 08:18:43.499, 1, 0 %, 0 %, 35270 MiB, 36.27 W
2026/09/20 08:18:43.499, 2, 0 %, 0 %, 35271 MiB, 37.14 W
2026/09/20 08:18:48.500, 0, 0 %, 0 %, 35270 MiB, 36.50 W
2026/09/20 08:18:48.500, 1, 0 %, 0 %, 35270 MiB, 35.98 W
2026/09/20 08:18:48.500, 2, 0 %, 0 %, 35271 MiB, 36.94 W
2026/09/20 08:18:53.502, 0, 0 %, 0 %, 35270 MiB, 36.50 W
2026/09/20 08:18:53.502, 1, 0 %, 0 %, 35270 MiB, 35.88 W
2026/09/20 08:18:53.502, 2, 0 %, 0 %, 35271 MiB, 37.04 W
2026/09/20 08:18:58.505, 0, 0 %, 0 %, 35270 MiB, 36.40 W
2026/09/20 08:18:58.505, 1, 0 %, 0 %, 35270 MiB, 35.79 W
2026/09/20 08:18:58.505, 2, 0 %, 0 %, 35271 MiB, 36.94 W
2026/09/20 08:19:03.506, 0, 0 %, 0 %, 35270 MiB, 36.60 W
2026/09/20 08:19:03.506, 1, 0 %, 0 %, 35270 MiB, 35.88 W
2026/09/20 08:19:03.506, 2, 0 %, 0 %, 35271 MiB, 36.85 W
2026/09/20 08:19:08.507, 0, 0 %, 0 %, 35270 MiB, 36.43 W
2026/09/20 08:19:08.507, 1, 0 %, 0 %, 35270 MiB, 35.70 W
2026/09/20 08:19:08.507, 2, 0 %, 0 %, 35271 MiB, 36.87 W
2026/09/20 08:19:13.509, 0, 0 %, 0 %, 35270 MiB, 36.31 W
2026/09/20 08:19:13.509, 1, 0 %, 0 %, 35270 MiB, 35.69 W
2026/09/20 08:19:13.509, 2, 0 %, 0 %, 35271 MiB, 36.94 W
2026/09/20 08:19:18.510, 0, 0 %, 0 %, 35270 MiB, 36.32 W
2026/09/20 08:19:18.510, 1, 0 %, 0 %, 35270 MiB, 35.90 W
2026/09/20 08:19:18.510, 2, 0 %, 0 %, 35271 MiB, 36.87 W
2026/09/20 08:19:23.512, 0, 0 %, 0 %, 35270 MiB, 36.50 W
2026/09/20 08:19:23.512, 1, 0 %, 0 %, 35270 MiB, 35.78 W
2026/09/20 08:19:23.512, 2, 0 %, 0 %, 35271 MiB, 36.75 W
2026/09/20 08:19:28.514, 0, 0 %, 0 %, 35270 MiB, 36.23 W
2026/09/20 08:19:28.514, 1, 0 %, 0 %, 35270 MiB, 35.71 W
2026/09/20 08:19:28.514, 2, 0 %, 0 %, 35271 MiB, 37.07 W
2026/09/20 08:19:33.516, 0, 0 %, 0 %, 35270 MiB, 36.16 W
2026/09/20 08:19:33.516, 1, 0 %, 0 %, 35270 MiB, 35.63 W
2026/09/20 08:19:33.516, 2, 0 %, 0 %, 35271 MiB, 36.80 W
2026/09/20 08:19:38.518, 0, 0 %, 0 %, 35270 MiB, 36.06 W
2026/09/20 08:19:38.518, 1, 0 %, 0 %, 35270 MiB, 35.72 W
2026/09/20 08:19:38.518, 2, 0 %, 0 %, 35271 MiB, 36.90 W
2026/09/20 08:19:43.519, 0, 0 %, 0 %, 35270 MiB, 36.35 W
2026/09/20 08:19:43.519, 1, 0 %, 0 %, 35270 MiB, 35.62 W
2026/09/20 08:19:43.519, 2, 0 %, 0 %, 35271 MiB, 36.68 W
2026/09/20 08:19:48.520, 0, 0 %, 0 %, 35270 MiB, 36.26 W
2026/09/20 08:19:48.520, 1, 0 %, 0 %, 35270 MiB, 35.73 W
2026/09/20 08:19:48.520, 2, 0 %, 0 %, 35271 MiB, 36.80 W
2026/09/20 08:19:53.520, 0, 0 %, 0 %, 35270 MiB, 36.26 W
2026/09/20 08:19:53.521, 1, 0 %, 0 %, 35270 MiB, 35.63 W
2026/09/20 08:19:53.521, 2, 0 %, 0 %, 35271 MiB, 36.90 W
2026/09/20 08:19:58.521, 0, 0 %, 0 %, 35270 MiB, 36.16 W
2026/09/20 08:19:58.521, 1, 0 %, 0 %, 35270 MiB, 35.73 W
2026/09/20 08:19:58.521, 2, 0 %, 0 %, 35271 MiB, 36.59 W
2026/09/20 08:20:03.522, 0, 76 %, 3 %, 35270 MiB, 56.13 W
2026/09/20 08:20:03.523, 1, 0 %, 0 %, 35270 MiB, 35.49 W
2026/09/20 08:20:03.523, 2, 0 %, 0 %, 35271 MiB, 36.54 W
2026/09/20 08:20:08.524, 0, 57 %, 2 %, 35270 MiB, 40.06 W
2026/09/20 08:20:08.525, 1, 0 %, 0 %, 35270 MiB, 35.49 W
2026/09/20 08:20:08.525, 2, 0 %, 0 %, 35271 MiB, 36.75 W
2026/09/20 08:20:13.526, 0, 19 %, 1 %, 35270 MiB, 38.17 W
2026/09/20 08:20:13.526, 1, 0 %, 0 %, 35270 MiB, 35.49 W
2026/09/20 08:20:13.527, 2, 0 %, 0 %, 35271 MiB, 36.54 W
2026/09/20 08:20:18.528, 0, 0 %, 0 %, 35270 MiB, 40.93 W
2026/09/20 08:20:18.528, 1, 0 %, 0 %, 35270 MiB, 35.59 W
2026/09/20 08:20:18.528, 2, 0 %, 0 %, 35271 MiB, 36.54 W
2026/09/20 08:20:23.529, 0, 0 %, 0 %, 35270 MiB, 36.31 W
2026/09/20 08:20:23.529, 1, 0 %, 0 %, 35270 MiB, 35.50 W
2026/09/20 08:20:23.530, 2, 0 %, 0 %, 35271 MiB, 36.94 W
2026/09/20 08:20:28.537, 0, 0 %, 0 %, 35270 MiB, 36.40 W
2026/09/20 08:20:28.538, 1, 0 %, 0 %, 35270 MiB, 35.40 W
2026/09/20 08:20:28.538, 2, 0 %, 0 %, 35271 MiB, 36.54 W
2026/09/20 08:20:33.539, 0, 0 %, 0 %, 35270 MiB, 39.64 W
2026/09/20 08:20:33.539, 1, 0 %, 0 %, 35270 MiB, 35.68 W
2026/09/20 08:20:33.539, 2, 0 %, 0 %, 35271 MiB, 36.54 W
2026/09/20 08:20:38.540, 0, 5 %, 0 %, 35270 MiB, 41.65 W
2026/09/20 08:20:38.540, 1, 0 %, 0 %, 35270 MiB, 35.51 W
2026/09/20 08:20:38.540, 2, 0 %, 0 %, 35271 MiB, 36.65 W
2026/09/20 08:20:43.542, 0, 0 %, 0 %, 35270 MiB, 40.85 W
2026/09/20 08:20:43.542, 1, 0 %, 0 %, 35270 MiB, 35.48 W
2026/09/20 08:20:43.542, 2, 0 %, 0 %, 35271 MiB, 36.75 W
2026/09/20 08:20:48.544, 0, 0 %, 0 %, 35270 MiB, 38.48 W
2026/09/20 08:20:48.544, 1, 0 %, 0 %, 35270 MiB, 35.50 W
2026/09/20 08:20:48.544, 2, 0 %, 0 %, 35271 MiB, 36.64 W
2026/09/20 08:20:53.546, 0, 27 %, 1 %, 35270 MiB, 36.11 W
2026/09/20 08:20:53.546, 1, 0 %, 0 %, 35270 MiB, 35.68 W
2026/09/20 08:20:53.547, 2, 0 %, 0 %, 35271 MiB, 36.54 W
2026/09/20 08:20:58.548, 0, 0 %, 0 %, 35270 MiB, 36.50 W
2026/09/20 08:20:58.548, 1, 0 %, 0 %, 35270 MiB, 35.49 W
2026/09/20 08:20:58.548, 2, 0 %, 0 %, 35271 MiB, 36.54 W
2026/09/20 08:21:03.550, 0, 0 %, 0 %, 35270 MiB, 36.01 W
2026/09/20 08:21:03.550, 1, 0 %, 0 %, 35270 MiB, 35.49 W
2026/09/20 08:21:03.550, 2, 0 %, 0 %, 35271 MiB, 36.42 W
2026/09/20 08:21:08.559, 0, 22 %, 1 %, 35270 MiB, 43.41 W
2026/09/20 08:21:08.559, 1, 0 %, 0 %, 35270 MiB, 35.29 W
2026/09/20 08:21:08.559, 2, 0 %, 0 %, 35271 MiB, 36.44 W
2026/09/20 08:21:13.561, 0, 2 %, 0 %, 35270 MiB, 36.01 W
2026/09/20 08:21:13.561, 1, 0 %, 0 %, 35270 MiB, 35.48 W
2026/09/20 08:21:13.561, 2, 0 %, 0 %, 35271 MiB, 36.33 W
2026/09/20 08:21:18.563, 0, 5 %, 0 %, 35270 MiB, 40.35 W
2026/09/20 08:21:18.563, 1, 0 %, 0 %, 35270 MiB, 35.40 W
2026/09/20 08:21:18.563, 2, 0 %, 0 %, 35271 MiB, 36.64 W
2026/09/20 08:21:23.565, 0, 13 %, 1 %, 35270 MiB, 37.59 W
2026/09/20 08:21:23.565, 1, 0 %, 0 %, 35270 MiB, 35.20 W
2026/09/20 08:21:23.565, 2, 0 %, 0 %, 35271 MiB, 36.43 W
2026/09/20 08:21:28.567, 0, 0 %, 0 %, 35270 MiB, 39.26 W
2026/09/20 08:21:28.567, 1, 0 %, 0 %, 35270 MiB, 35.29 W
2026/09/20 08:21:28.567, 2, 0 %, 0 %, 35271 MiB, 36.33 W
2026/09/20 08:21:33.579, 0, 0 %, 0 %, 35270 MiB, 36.11 W
2026/09/20 08:21:33.579, 1, 0 %, 0 %, 35270 MiB, 35.39 W
2026/09/20 08:21:33.579, 2, 0 %, 0 %, 35271 MiB, 36.44 W
2026/09/20 08:21:38.580, 0, 14 %, 1 %, 35270 MiB, 41.93 W
2026/09/20 08:21:38.580, 1, 0 %, 0 %, 35270 MiB, 35.39 W
2026/09/20 08:21:38.581, 2, 0 %, 0 %, 35271 MiB, 36.54 W
2026/09/20 08:21:43.581, 0, 0 %, 0 %, 35270 MiB, 35.96 W
2026/09/20 08:21:43.581, 1, 0 %, 0 %, 35270 MiB, 35.33 W
2026/09/20 08:21:43.581, 2, 0 %, 0 %, 35271 MiB, 36.47 W
2026/09/20 08:21:48.582, 0, 0 %, 0 %, 35270 MiB, 35.93 W
2026/09/20 08:21:48.582, 1, 0 %, 0 %, 35270 MiB, 35.60 W
2026/09/20 08:21:48.582, 2, 0 %, 0 %, 35271 MiB, 36.55 W
2026/09/20 08:21:53.584, 0, 0 %, 0 %, 35270 MiB, 36.01 W
2026/09/20 08:21:53.584, 1, 0 %, 0 %, 35270 MiB, 35.50 W
2026/09/20 08:21:53.584, 2, 0 %, 0 %, 35271 MiB, 36.55 W
2026/09/20 08:21:58.585, 0, 0 %, 0 %, 35270 MiB, 36.01 W
2026/09/20 08:21:58.585, 1, 0 %, 0 %, 35270 MiB, 35.38 W
2026/09/20 08:21:58.585, 2, 0 %, 0 %, 35271 MiB, 36.65 W
2026/09/20 08:22:03.587, 0, 36 %, 1 %, 35270 MiB, 36.01 W
2026/09/20 08:22:03.587, 1, 0 %, 0 %, 35270 MiB, 35.48 W
2026/09/20 08:22:03.587, 2, 0 %, 0 %, 35271 MiB, 36.54 W
2026/09/20 08:22:08.587, 0, 25 %, 1 %, 35270 MiB, 35.94 W
2026/09/20 08:22:08.587, 1, 0 %, 0 %, 35270 MiB, 35.51 W
2026/09/20 08:22:08.587, 2, 0 %, 0 %, 35271 MiB, 36.36 W
2026/09/20 08:22:13.588, 0, 0 %, 0 %, 35270 MiB, 36.04 W
2026/09/20 08:22:13.588, 1, 0 %, 0 %, 35270 MiB, 35.32 W
2026/09/20 08:22:13.588, 2, 0 %, 0 %, 35271 MiB, 36.47 W
2026/09/20 08:22:18.590, 0, 0 %, 0 %, 35270 MiB, 36.12 W
2026/09/20 08:22:18.590, 1, 0 %, 0 %, 35270 MiB, 35.31 W
2026/09/20 08:22:18.590, 2, 0 %, 0 %, 35271 MiB, 36.43 W
2026/09/20 08:22:23.591, 0, 0 %, 0 %, 35270 MiB, 36.60 W
2026/09/20 08:22:23.591, 1, 0 %, 0 %, 35270 MiB, 35.30 W
2026/09/20 08:22:23.592, 2, 0 %, 0 %, 35271 MiB, 36.44 W
2026/09/20 08:22:28.592, 0, 0 %, 0 %, 35270 MiB, 36.19 W
2026/09/20 08:22:28.592, 1, 0 %, 0 %, 35270 MiB, 35.29 W
2026/09/20 08:22:28.592, 2, 0 %, 0 %, 35271 MiB, 36.33 W
2026/09/20 08:22:33.594, 0, 0 %, 0 %, 35270 MiB, 36.11 W
2026/09/20 08:22:33.594, 1, 0 %, 0 %, 35270 MiB, 35.39 W
2026/09/20 08:22:33.594, 2, 0 %, 0 %, 35271 MiB, 36.65 W
2026/09/20 08:22:38.595, 0, 25 %, 1 %, 35270 MiB, 36.00 W
2026/09/20 08:22:38.595, 1, 0 %, 0 %, 35270 MiB, 35.29 W
2026/09/20 08:22:38.595, 2, 0 %, 0 %, 35271 MiB, 36.43 W
2026/09/20 08:22:43.597, 0, 0 %, 0 %, 35270 MiB, 38.57 W
2026/09/20 08:22:43.597, 1, 0 %, 0 %, 35270 MiB, 35.29 W
2026/09/20 08:22:43.597, 2, 0 %, 0 %, 35271 MiB, 36.43 W
2026/09/20 08:22:48.598, 0, 0 %, 0 %, 35270 MiB, 36.10 W
2026/09/20 08:22:48.598, 1, 0 %, 0 %, 35270 MiB, 35.38 W
2026/09/20 08:22:48.598, 2, 0 %, 0 %, 35271 MiB, 36.43 W
2026/09/20 08:22:53.608, 0, 0 %, 0 %, 35270 MiB, 35.99 W
2026/09/20 08:22:53.608, 1, 0 %, 0 %, 35270 MiB, 35.29 W
2026/09/20 08:22:53.608, 2, 0 %, 0 %, 35271 MiB, 36.63 W
2026/09/20 08:22:58.610, 0, 0 %, 0 %, 35270 MiB, 35.91 W
2026/09/20 08:22:58.610, 1, 0 %, 0 %, 35270 MiB, 35.38 W
2026/09/20 08:22:58.610, 2, 0 %, 0 %, 35271 MiB, 36.54 W
2026/09/20 08:23:03.612, 0, 0 %, 0 %, 35270 MiB, 35.92 W
2026/09/20 08:23:03.613, 1, 0 %, 0 %, 35270 MiB, 35.48 W
2026/09/20 08:23:03.613, 2, 0 %, 0 %, 35271 MiB, 36.65 W
2026/09/20 08:23:08.614, 0, 5 %, 0 %, 35270 MiB, 43.38 W
2026/09/20 08:23:08.614, 1, 0 %, 0 %, 35270 MiB, 35.38 W
2026/09/20 08:23:08.614, 2, 0 %, 0 %, 35271 MiB, 36.65 W
2026/09/20 08:23:13.616, 0, 5 %, 0 %, 35270 MiB, 35.92 W
2026/09/20 08:23:13.616, 1, 0 %, 0 %, 35270 MiB, 35.49 W
2026/09/20 08:23:13.616, 2, 0 %, 0 %, 35271 MiB, 36.64 W
2026/09/20 08:23:18.618, 0, 0 %, 0 %, 35270 MiB, 35.92 W
2026/09/20 08:23:18.618, 1, 0 %, 0 %, 35270 MiB, 35.38 W
2026/09/20 08:23:18.618, 2, 0 %, 0 %, 35271 MiB, 36.33 W
2026/09/20 08:23:23.620, 0, 0 %, 0 %, 35270 MiB, 36.21 W
2026/09/20 08:23:23.620, 1, 0 %, 0 %, 35270 MiB, 35.39 W
2026/09/20 08:23:23.620, 2, 0 %, 0 %, 35271 MiB, 36.33 W
2026/09/20 08:23:28.622, 0, 7 %, 0 %, 35270 MiB, 36.11 W
2026/09/20 08:23:28.622, 1, 0 %, 0 %, 35270 MiB, 35.29 W
2026/09/20 08:23:28.622, 2, 0 %, 0 %, 35271 MiB, 36.65 W
2026/09/20 08:23:33.623, 0, 17 %, 1 %, 35270 MiB, 36.01 W
2026/09/20 08:23:33.623, 1, 0 %, 0 %, 35270 MiB, 35.20 W
2026/09/20 08:23:33.623, 2, 0 %, 0 %, 35271 MiB, 36.46 W
2026/09/20 08:23:38.625, 0, 0 %, 0 %, 35270 MiB, 36.04 W
2026/09/20 08:23:38.625, 1, 0 %, 0 %, 35270 MiB, 35.30 W
2026/09/20 08:23:38.625, 2, 0 %, 0 %, 35271 MiB, 36.54 W
2026/09/20 08:23:43.627, 0, 0 %, 0 %, 35270 MiB, 36.11 W
2026/09/20 08:23:43.627, 1, 0 %, 0 %, 35270 MiB, 35.30 W
2026/09/20 08:23:43.627, 2, 0 %, 0 %, 35271 MiB, 36.54 W
2026/09/20 08:23:48.633, 0, 25 %, 1 %, 35270 MiB, 35.92 W
2026/09/20 08:23:48.633, 1, 0 %, 0 %, 35270 MiB, 35.30 W
2026/09/20 08:23:48.633, 2, 0 %, 0 %, 35271 MiB, 36.54 W
2026/09/20 08:23:53.635, 0, 5 %, 0 %, 35270 MiB, 35.91 W
2026/09/20 08:23:53.635, 1, 0 %, 0 %, 35270 MiB, 35.29 W
2026/09/20 08:23:53.635, 2, 0 %, 0 %, 35271 MiB, 36.42 W
2026/09/20 08:23:58.637, 0, 0 %, 0 %, 35270 MiB, 40.54 W
2026/09/20 08:23:58.637, 1, 0 %, 0 %, 35270 MiB, 35.49 W
2026/09/20 08:23:58.637, 2, 0 %, 0 %, 35271 MiB, 36.54 W
2026/09/20 08:24:03.639, 0, 0 %, 0 %, 35270 MiB, 36.00 W
2026/09/20 08:24:03.640, 1, 0 %, 0 %, 35270 MiB, 35.38 W
2026/09/20 08:24:03.640, 2, 0 %, 0 %, 35271 MiB, 36.53 W
2026/09/20 08:24:08.640, 0, 25 %, 1 %, 35270 MiB, 43.20 W
2026/09/20 08:24:08.641, 1, 0 %, 0 %, 35270 MiB, 35.38 W
2026/09/20 08:24:08.641, 2, 0 %, 0 %, 35271 MiB, 36.65 W
2026/09/20 08:24:13.642, 0, 25 %, 1 %, 35270 MiB, 43.11 W
2026/09/20 08:24:13.642, 1, 0 %, 0 %, 35270 MiB, 35.39 W
2026/09/20 08:24:13.642, 2, 0 %, 0 %, 35271 MiB, 36.65 W
2026/09/20 08:24:18.643, 0, 5 %, 0 %, 35270 MiB, 44.31 W
2026/09/20 08:24:18.643, 1, 0 %, 0 %, 35270 MiB, 35.59 W
2026/09/20 08:24:18.643, 2, 0 %, 0 %, 35271 MiB, 36.45 W
2026/09/20 08:24:23.645, 0, 0 %, 0 %, 35270 MiB, 35.92 W
2026/09/20 08:24:23.645, 1, 0 %, 0 %, 35270 MiB, 35.40 W
2026/09/20 08:24:23.645, 2, 0 %, 0 %, 35271 MiB, 36.54 W
2026/09/20 08:24:28.654, 0, 0 %, 0 %, 35270 MiB, 36.01 W
2026/09/20 08:24:28.654, 1, 0 %, 0 %, 35270 MiB, 35.30 W
2026/09/20 08:24:28.654, 2, 0 %, 0 %, 35271 MiB, 36.54 W
2026/09/20 08:24:33.656, 0, 0 %, 0 %, 35270 MiB, 36.01 W
2026/09/20 08:24:33.657, 1, 0 %, 0 %, 35270 MiB, 35.20 W
2026/09/20 08:24:33.657, 2, 0 %, 0 %, 35271 MiB, 36.54 W
2026/09/20 08:24:38.658, 0, 0 %, 0 %, 35270 MiB, 36.21 W
2026/09/20 08:24:38.658, 1, 0 %, 0 %, 35270 MiB, 35.39 W
2026/09/20 08:24:38.658, 2, 0 %, 0 %, 35271 MiB, 36.54 W
2026/09/20 08:24:43.659, 0, 0 %, 0 %, 35270 MiB, 36.03 W
2026/09/20 08:24:43.659, 1, 0 %, 0 %, 35270 MiB, 35.41 W
2026/09/20 08:24:43.659, 2, 0 %, 0 %, 35271 MiB, 36.57 W
2026/09/20 08:24:48.661, 0, 0 %, 0 %, 35270 MiB, 36.01 W
2026/09/20 08:24:48.661, 1, 0 %, 0 %, 35270 MiB, 35.39 W
2026/09/20 08:24:48.661, 2, 0 %, 0 %, 35271 MiB, 36.54 W
2026/09/20 08:24:53.662, 0, 0 %, 0 %, 35270 MiB, 35.92 W
2026/09/20 08:24:53.662, 1, 0 %, 0 %, 35270 MiB, 35.29 W
2026/09/20 08:24:53.663, 2, 0 %, 0 %, 35271 MiB, 36.54 W
2026/09/20 08:24:58.664, 0, 0 %, 0 %, 35270 MiB, 36.00 W
2026/09/20 08:24:58.664, 1, 0 %, 0 %, 35270 MiB, 35.29 W
2026/09/20 08:24:58.664, 2, 0 %, 0 %, 35271 MiB, 36.53 W
2026/09/20 08:25:03.666, 0, 0 %, 0 %, 35270 MiB, 35.92 W
2026/09/20 08:25:03.666, 1, 0 %, 0 %, 35270 MiB, 35.29 W
2026/09/20 08:25:03.666, 2, 0 %, 0 %, 35271 MiB, 36.65 W
2026/09/20 08:25:08.667, 0, 0 %, 0 %, 35270 MiB, 35.92 W
2026/09/20 08:25:08.667, 1, 0 %, 0 %, 35270 MiB, 40.13 W
2026/09/20 08:25:08.667, 2, 0 %, 0 %, 35271 MiB, 36.64 W
2026/09/20 08:25:13.669, 0, 0 %, 0 %, 35270 MiB, 35.92 W
2026/09/20 08:25:13.669, 1, 0 %, 0 %, 35270 MiB, 35.60 W
2026/09/20 08:25:13.669, 2, 0 %, 0 %, 35271 MiB, 36.54 W
2026/09/20 08:25:18.670, 0, 0 %, 0 %, 35270 MiB, 36.01 W
2026/09/20 08:25:18.670, 1, 0 %, 0 %, 35270 MiB, 40.99 W
2026/09/20 08:25:18.670, 2, 0 %, 0 %, 35271 MiB, 36.85 W
2026/09/20 08:25:23.672, 0, 0 %, 0 %, 35270 MiB, 36.01 W
2026/09/20 08:25:23.672, 1, 5 %, 0 %, 35270 MiB, 35.78 W
2026/09/20 08:25:23.672, 2, 0 %, 0 %, 35271 MiB, 36.65 W
2026/09/20 08:25:28.674, 0, 0 %, 0 %, 35270 MiB, 35.92 W
2026/09/20 08:25:28.674, 1, 0 %, 0 %, 35270 MiB, 35.88 W
2026/09/20 08:25:28.674, 2, 0 %, 0 %, 35271 MiB, 36.54 W
2026/09/20 08:25:33.675, 0, 0 %, 0 %, 35270 MiB, 36.21 W
2026/09/20 08:25:33.676, 1, 8 %, 0 %, 35270 MiB, 36.86 W
2026/09/20 08:25:33.676, 2, 0 %, 0 %, 35271 MiB, 36.43 W
2026/09/20 08:25:38.677, 0, 0 %, 0 %, 35270 MiB, 35.92 W
2026/09/20 08:25:38.677, 1, 25 %, 1 %, 35270 MiB, 35.29 W
2026/09/20 08:25:38.678, 2, 0 %, 0 %, 35271 MiB, 36.54 W
2026/09/20 08:25:43.679, 0, 0 %, 0 %, 35270 MiB, 36.11 W
2026/09/20 08:25:43.679, 1, 25 %, 1 %, 35270 MiB, 35.29 W
2026/09/20 08:25:43.680, 2, 0 %, 0 %, 35271 MiB, 36.65 W
2026/09/20 08:25:48.681, 0, 0 %, 0 %, 35270 MiB, 36.01 W
2026/09/20 08:25:48.681, 1, 15 %, 1 %, 35270 MiB, 35.70 W
2026/09/20 08:25:48.681, 2, 0 %, 0 %, 35271 MiB, 36.54 W
2026/09/20 08:25:53.682, 0, 0 %, 0 %, 35270 MiB, 36.23 W
2026/09/20 08:25:53.682, 1, 0 %, 0 %, 35270 MiB, 35.41 W
2026/09/20 08:25:53.683, 2, 0 %, 0 %, 35271 MiB, 36.57 W
2026/09/20 08:25:58.686, 0, 0 %, 0 %, 35270 MiB, 36.01 W
2026/09/20 08:25:58.686, 1, 0 %, 0 %, 35270 MiB, 35.30 W
2026/09/20 08:25:58.686, 2, 24 %, 1 %, 35271 MiB, 36.64 W
2026/09/20 08:26:03.688, 0, 0 %, 0 %, 35270 MiB, 35.92 W
2026/09/20 08:26:03.688, 1, 0 %, 0 %, 35270 MiB, 35.48 W
2026/09/20 08:26:03.688, 2, 0 %, 0 %, 35271 MiB, 36.65 W
2026/09/20 08:26:08.690, 0, 0 %, 0 %, 35270 MiB, 35.81 W
2026/09/20 08:26:08.690, 1, 0 %, 0 %, 35270 MiB, 35.30 W
2026/09/20 08:26:08.690, 2, 0 %, 0 %, 35271 MiB, 41.80 W
2026/09/20 08:26:13.692, 0, 0 %, 0 %, 35270 MiB, 36.11 W
2026/09/20 08:26:13.692, 1, 0 %, 0 %, 35270 MiB, 35.39 W
2026/09/20 08:26:13.692, 2, 0 %, 0 %, 35271 MiB, 36.75 W
2026/09/20 08:26:18.694, 0, 0 %, 0 %, 35270 MiB, 35.92 W
2026/09/20 08:26:18.694, 1, 0 %, 0 %, 35270 MiB, 35.39 W
2026/09/20 08:26:18.694, 2, 25 %, 1 %, 35271 MiB, 36.75 W
2026/09/20 08:26:23.695, 0, 0 %, 0 %, 35270 MiB, 35.93 W
2026/09/20 08:26:23.695, 1, 0 %, 0 %, 35270 MiB, 35.51 W
2026/09/20 08:26:23.695, 2, 34 %, 1 %, 35271 MiB, 36.68 W
2026/09/20 08:26:28.696, 0, 0 %, 0 %, 35270 MiB, 35.85 W
2026/09/20 08:26:28.696, 1, 0 %, 0 %, 35270 MiB, 35.52 W
2026/09/20 08:26:28.696, 2, 19 %, 1 %, 35271 MiB, 36.85 W
2026/09/20 08:26:33.703, 0, 0 %, 0 %, 35270 MiB, 36.13 W
2026/09/20 08:26:33.703, 1, 0 %, 0 %, 35270 MiB, 35.42 W
2026/09/20 08:26:33.703, 2, 0 %, 0 %, 35271 MiB, 36.77 W
2026/09/20 08:26:38.705, 0, 0 %, 0 %, 35270 MiB, 36.01 W
2026/09/20 08:26:38.705, 1, 0 %, 0 %, 35270 MiB, 35.40 W
2026/09/20 08:26:38.705, 2, 0 %, 0 %, 35271 MiB, 36.44 W
2026/09/20 08:26:43.707, 0, 0 %, 0 %, 35270 MiB, 35.92 W
2026/09/20 08:26:43.718, 1, 0 %, 0 %, 35270 MiB, 35.40 W
2026/09/20 08:26:43.719, 2, 0 %, 0 %, 35271 MiB, 36.54 W
2026/09/20 08:26:48.724, 0, 0 %, 0 %, 35270 MiB, 36.01 W
2026/09/20 08:26:48.724, 1, 0 %, 0 %, 35270 MiB, 35.39 W
2026/09/20 08:26:48.724, 2, 0 %, 0 %, 35271 MiB, 38.23 W
2026/09/20 08:26:53.726, 0, 0 %, 0 %, 35270 MiB, 36.10 W
2026/09/20 08:26:53.726, 1, 0 %, 0 %, 35270 MiB, 35.29 W
2026/09/20 08:26:53.726, 2, 10 %, 0 %, 35271 MiB, 36.53 W
2026/09/20 08:26:58.728, 0, 0 %, 0 %, 35270 MiB, 36.10 W
2026/09/20 08:26:58.728, 1, 0 %, 0 %, 35270 MiB, 35.29 W
2026/09/20 08:26:58.728, 2, 0 %, 0 %, 35271 MiB, 42.56 W
2026/09/20 08:27:03.729, 0, 0 %, 0 %, 35270 MiB, 36.10 W
2026/09/20 08:27:03.730, 1, 0 %, 0 %, 35270 MiB, 35.38 W
2026/09/20 08:27:03.730, 2, 0 %, 0 %, 35271 MiB, 36.52 W
2026/09/20 08:27:08.730, 0, 0 %, 0 %, 35270 MiB, 35.84 W
2026/09/20 08:27:08.730, 1, 0 %, 0 %, 35270 MiB, 35.31 W
2026/09/20 08:27:08.730, 2, 0 %, 0 %, 35271 MiB, 36.54 W
2026/09/20 08:27:13.732, 0, 0 %, 0 %, 35270 MiB, 36.02 W
2026/09/20 08:27:13.732, 1, 0 %, 0 %, 35270 MiB, 35.32 W
2026/09/20 08:27:13.732, 2, 0 %, 0 %, 35271 MiB, 36.57 W
2026/09/20 08:27:18.734, 0, 0 %, 0 %, 35270 MiB, 35.86 W
2026/09/20 08:27:18.734, 1, 0 %, 0 %, 35270 MiB, 35.23 W
2026/09/20 08:27:18.734, 2, 0 %, 0 %, 35271 MiB, 36.68 W
2026/09/20 08:27:23.735, 0, 0 %, 0 %, 35270 MiB, 35.94 W
2026/09/20 08:27:23.736, 1, 0 %, 0 %, 35270 MiB, 35.41 W
2026/09/20 08:27:23.736, 2, 0 %, 0 %, 35271 MiB, 36.86 W
2026/09/20 08:27:28.737, 0, 0 %, 0 %, 35270 MiB, 35.92 W
2026/09/20 08:27:28.738, 1, 0 %, 0 %, 35270 MiB, 35.39 W
2026/09/20 08:27:28.738, 2, 0 %, 0 %, 35271 MiB, 36.64 W
2026/09/20 08:27:33.739, 0, 0 %, 0 %, 35270 MiB, 36.04 W
2026/09/20 08:27:33.739, 1, 0 %, 0 %, 35270 MiB, 35.31 W
2026/09/20 08:27:33.739, 2, 0 %, 0 %, 35271 MiB, 36.76 W
2026/09/20 08:27:38.741, 0, 0 %, 0 %, 35270 MiB, 35.92 W
2026/09/20 08:27:38.742, 1, 0 %, 0 %, 35270 MiB, 35.59 W
2026/09/20 08:27:38.742, 2, 0 %, 0 %, 35271 MiB, 36.75 W
2026/09/20 08:27:43.743, 0, 0 %, 0 %, 35270 MiB, 35.92 W
2026/09/20 08:27:43.744, 1, 0 %, 0 %, 35270 MiB, 35.50 W
2026/09/20 08:27:43.744, 2, 0 %, 0 %, 35271 MiB, 36.65 W
2026/09/20 08:27:48.745, 0, 0 %, 0 %, 35270 MiB, 36.01 W
2026/09/20 08:27:48.745, 1, 0 %, 0 %, 35270 MiB, 35.30 W
2026/09/20 08:27:48.745, 2, 0 %, 0 %, 35271 MiB, 36.54 W
2026/09/20 08:27:53.747, 0, 0 %, 0 %, 35270 MiB, 36.01 W
2026/09/20 08:27:53.747, 1, 0 %, 0 %, 35270 MiB, 35.20 W
2026/09/20 08:27:53.747, 2, 0 %, 0 %, 35271 MiB, 36.44 W
2026/09/20 08:27:58.748, 0, 0 %, 0 %, 35270 MiB, 36.11 W
2026/09/20 08:27:58.748, 1, 0 %, 0 %, 35270 MiB, 35.39 W
2026/09/20 08:27:58.749, 2, 0 %, 0 %, 35271 MiB, 36.75 W
2026/09/20 08:28:03.749, 0, 0 %, 0 %, 35270 MiB, 35.94 W
2026/09/20 08:28:03.749, 1, 0 %, 0 %, 35270 MiB, 35.21 W
2026/09/20 08:28:03.749, 2, 0 %, 0 %, 35271 MiB, 36.57 W
2026/09/20 08:28:08.751, 0, 0 %, 0 %, 35270 MiB, 36.01 W
2026/09/20 08:28:08.751, 1, 0 %, 0 %, 35270 MiB, 35.29 W
2026/09/20 08:28:08.751, 2, 0 %, 0 %, 35271 MiB, 36.54 W
2026/09/20 08:28:13.753, 0, 0 %, 0 %, 35270 MiB, 35.91 W
2026/09/20 08:28:13.753, 1, 0 %, 0 %, 35270 MiB, 35.29 W
2026/09/20 08:28:13.753, 2, 0 %, 0 %, 35271 MiB, 36.53 W
2026/09/20 08:28:18.755, 0, 0 %, 0 %, 35270 MiB, 35.81 W
2026/09/20 08:28:18.755, 1, 0 %, 0 %, 35270 MiB, 35.40 W
2026/09/20 08:28:18.755, 2, 0 %, 0 %, 35271 MiB, 36.64 W
2026/09/20 08:28:23.757, 0, 0 %, 0 %, 35270 MiB, 35.85 W
2026/09/20 08:28:23.757, 1, 0 %, 0 %, 35270 MiB, 35.33 W
2026/09/20 08:28:23.757, 2, 0 %, 0 %, 35271 MiB, 36.58 W
2026/09/20 08:28:28.758, 0, 0 %, 0 %, 35270 MiB, 35.81 W
2026/09/20 08:28:28.758, 1, 0 %, 0 %, 35270 MiB, 35.29 W
2026/09/20 08:28:28.759, 2, 0 %, 0 %, 35271 MiB, 36.54 W
2026/09/20 08:28:33.760, 0, 0 %, 0 %, 35270 MiB, 35.92 W
2026/09/20 08:28:33.760, 1, 0 %, 0 %, 35270 MiB, 35.40 W
2026/09/20 08:28:33.760, 2, 0 %, 0 %, 35271 MiB, 36.65 W
2026/09/20 08:28:38.761, 0, 0 %, 0 %, 35270 MiB, 35.90 W
2026/09/20 08:28:38.761, 1, 0 %, 0 %, 35270 MiB, 35.38 W
2026/09/20 08:28:38.762, 2, 0 %, 0 %, 35271 MiB, 36.65 W
2026/09/20 08:28:43.762, 0, 0 %, 0 %, 35270 MiB, 35.92 W
2026/09/20 08:28:43.763, 1, 0 %, 0 %, 35270 MiB, 35.40 W
2026/09/20 08:28:43.763, 2, 0 %, 0 %, 35271 MiB, 36.68 W
2026/09/20 08:28:48.764, 0, 0 %, 0 %, 35270 MiB, 35.92 W
2026/09/20 08:28:48.764, 1, 0 %, 0 %, 35270 MiB, 35.31 W
2026/09/20 08:28:48.764, 2, 0 %, 0 %, 35271 MiB, 36.65 W
2026/09/20 08:28:53.766, 0, 0 %, 0 %, 35270 MiB, 36.01 W
2026/09/20 08:28:53.766, 1, 0 %, 0 %, 35270 MiB, 35.39 W
2026/09/20 08:28:53.766, 2, 0 %, 0 %, 35271 MiB, 36.64 W
2026/09/20 08:28:58.768, 0, 0 %, 0 %, 35270 MiB, 36.01 W
2026/09/20 08:28:58.768, 1, 0 %, 0 %, 35270 MiB, 35.20 W
2026/09/20 08:28:58.768, 2, 0 %, 0 %, 35271 MiB, 36.54 W
2026/09/20 08:29:03.772, 0, 0 %, 0 %, 35270 MiB, 35.92 W
2026/09/20 08:29:03.772, 1, 0 %, 0 %, 35270 MiB, 35.29 W
2026/09/20 08:29:03.772, 2, 0 %, 0 %, 35271 MiB, 36.54 W
2026/09/20 08:29:08.774, 0, 0 %, 0 %, 35270 MiB, 36.01 W
2026/09/20 08:29:08.774, 1, 0 %, 0 %, 35270 MiB, 35.39 W
2026/09/20 08:29:08.774, 2, 0 %, 0 %, 35271 MiB, 36.54 W
2026/09/20 08:29:13.775, 0, 0 %, 0 %, 35270 MiB, 36.01 W
2026/09/20 08:29:13.775, 1, 0 %, 0 %, 35270 MiB, 35.31 W
2026/09/20 08:29:13.775, 2, 0 %, 0 %, 35271 MiB, 36.65 W
2026/09/20 08:29:18.777, 0, 0 %, 0 %, 35270 MiB, 36.03 W
2026/09/20 08:29:18.777, 1, 0 %, 0 %, 35270 MiB, 35.32 W
2026/09/20 08:29:18.777, 2, 0 %, 0 %, 35271 MiB, 36.57 W
2026/09/20 08:29:23.778, 0, 0 %, 0 %, 35270 MiB, 35.84 W
2026/09/20 08:29:23.779, 1, 0 %, 0 %, 35270 MiB, 35.22 W
2026/09/20 08:29:23.779, 2, 0 %, 0 %, 35271 MiB, 36.57 W
2026/09/20 08:29:28.780, 0, 0 %, 0 %, 35270 MiB, 35.90 W
2026/09/20 08:29:28.780, 1, 0 %, 0 %, 35270 MiB, 35.29 W
2026/09/20 08:29:28.780, 2, 0 %, 0 %, 35271 MiB, 36.84 W
2026/09/20 08:29:33.782, 0, 0 %, 0 %, 35270 MiB, 35.94 W
2026/09/20 08:29:33.782, 1, 0 %, 0 %, 35270 MiB, 35.21 W
2026/09/20 08:29:33.782, 2, 0 %, 0 %, 35271 MiB, 36.54 W
2026/09/20 08:29:38.784, 0, 0 %, 0 %, 35270 MiB, 35.91 W
2026/09/20 08:29:38.784, 1, 0 %, 0 %, 35270 MiB, 35.29 W
2026/09/20 08:29:38.784, 2, 0 %, 0 %, 35271 MiB, 36.65 W
2026/09/20 08:29:43.786, 0, 0 %, 0 %, 35270 MiB, 35.83 W
2026/09/20 08:29:43.787, 1, 0 %, 0 %, 35270 MiB, 35.40 W
2026/09/20 08:29:43.787, 2, 0 %, 0 %, 35271 MiB, 36.66 W
2026/09/20 08:29:48.788, 0, 0 %, 0 %, 35270 MiB, 36.11 W
2026/09/20 08:29:48.789, 1, 0 %, 0 %, 35270 MiB, 35.39 W
2026/09/20 08:29:48.789, 2, 0 %, 0 %, 35271 MiB, 36.85 W
2026/09/20 08:29:53.790, 0, 0 %, 0 %, 35270 MiB, 35.93 W
2026/09/20 08:29:53.790, 1, 0 %, 0 %, 35270 MiB, 35.41 W
2026/09/20 08:29:53.791, 2, 0 %, 0 %, 35271 MiB, 36.65 W
2026/09/20 08:29:58.792, 0, 0 %, 0 %, 35270 MiB, 35.92 W
2026/09/20 08:29:58.792, 1, 0 %, 0 %, 35270 MiB, 35.39 W
2026/09/20 08:29:58.793, 2, 0 %, 0 %, 35271 MiB, 36.44 W
2026/09/20 08:30:03.794, 0, 0 %, 0 %, 35270 MiB, 35.94 W
2026/09/20 08:30:03.794, 1, 0 %, 0 %, 35270 MiB, 35.44 W
2026/09/20 08:30:03.794, 2, 0 %, 0 %, 35271 MiB, 36.57 W
2026/09/20 08:30:08.795, 0, 0 %, 0 %, 35270 MiB, 36.14 W
2026/09/20 08:30:08.795, 1, 0 %, 0 %, 35270 MiB, 35.33 W
2026/09/20 08:30:08.796, 2, 0 %, 0 %, 35271 MiB, 36.57 W
2026/09/20 08:30:13.796, 0, 0 %, 0 %, 35270 MiB, 36.04 W
2026/09/20 08:30:13.796, 1, 0 %, 0 %, 35270 MiB, 35.33 W
2026/09/20 08:30:13.797, 2, 0 %, 0 %, 35271 MiB, 36.57 W
2026/09/20 08:30:18.798, 0, 0 %, 0 %, 35270 MiB, 36.13 W
2026/09/20 08:30:18.798, 1, 0 %, 0 %, 35270 MiB, 35.22 W
2026/09/20 08:30:18.798, 2, 0 %, 0 %, 35271 MiB, 36.57 W
2026/09/20 08:30:23.800, 0, 0 %, 0 %, 35270 MiB, 36.04 W
2026/09/20 08:30:23.800, 1, 0 %, 0 %, 35270 MiB, 35.41 W
2026/09/20 08:30:23.800, 2, 0 %, 0 %, 35271 MiB, 36.77 W
2026/09/20 08:30:28.801, 0, 0 %, 0 %, 35270 MiB, 36.04 W
2026/09/20 08:30:28.801, 1, 0 %, 0 %, 35270 MiB, 35.30 W
2026/09/20 08:30:28.801, 2, 0 %, 0 %, 35271 MiB, 36.54 W
2026/09/20 08:30:33.803, 0, 0 %, 0 %, 35270 MiB, 35.82 W
2026/09/20 08:30:33.803, 1, 0 %, 0 %, 35270 MiB, 35.29 W
2026/09/20 08:30:33.803, 2, 0 %, 0 %, 35271 MiB, 36.54 W
2026/09/20 08:30:38.805, 0, 25 %, 1 %, 35270 MiB, 36.01 W
2026/09/20 08:30:38.805, 1, 0 %, 0 %, 35270 MiB, 35.39 W
2026/09/20 08:30:38.805, 2, 0 %, 0 %, 35271 MiB, 36.64 W
2026/09/20 08:30:43.807, 0, 0 %, 0 %, 35270 MiB, 35.81 W
2026/09/20 08:30:43.807, 1, 0 %, 0 %, 35270 MiB, 35.40 W
2026/09/20 08:30:43.807, 2, 0 %, 0 %, 35271 MiB, 36.75 W
2026/09/20 08:30:48.809, 0, 0 %, 0 %, 35270 MiB, 36.11 W
2026/09/20 08:30:48.809, 1, 0 %, 0 %, 35270 MiB, 35.40 W
2026/09/20 08:30:48.809, 2, 0 %, 0 %, 35271 MiB, 36.65 W
2026/09/20 08:30:53.811, 0, 0 %, 0 %, 35270 MiB, 45.58 W
2026/09/20 08:30:53.811, 1, 0 %, 0 %, 35270 MiB, 35.29 W
2026/09/20 08:30:53.811, 2, 0 %, 0 %, 35271 MiB, 36.65 W
2026/09/20 08:30:58.813, 0, 25 %, 1 %, 35270 MiB, 35.91 W
2026/09/20 08:30:58.813, 1, 0 %, 0 %, 35270 MiB, 35.49 W
2026/09/20 08:30:58.813, 2, 0 %, 0 %, 35271 MiB, 36.75 W
2026/09/20 08:31:03.814, 0, 0 %, 0 %, 35270 MiB, 37.59 W
2026/09/20 08:31:03.814, 1, 0 %, 0 %, 35270 MiB, 35.39 W
2026/09/20 08:31:03.814, 2, 0 %, 0 %, 35271 MiB, 36.85 W
2026/09/20 08:31:08.816, 0, 21 %, 1 %, 35270 MiB, 36.11 W
2026/09/20 08:31:08.816, 1, 0 %, 0 %, 35270 MiB, 35.30 W
2026/09/20 08:31:08.816, 2, 0 %, 0 %, 35271 MiB, 36.54 W
2026/09/20 08:31:13.818, 0, 6 %, 0 %, 35270 MiB, 36.70 W
2026/09/20 08:31:13.818, 1, 0 %, 0 %, 35270 MiB, 35.30 W
2026/09/20 08:31:13.818, 2, 0 %, 0 %, 35271 MiB, 36.44 W
2026/09/20 08:31:18.820, 0, 5 %, 0 %, 35270 MiB, 43.74 W
2026/09/20 08:31:18.820, 1, 0 %, 0 %, 35270 MiB, 35.41 W
2026/09/20 08:31:18.820, 2, 0 %, 0 %, 35271 MiB, 36.55 W
2026/09/20 08:31:23.822, 0, 25 %, 1 %, 35270 MiB, 36.00 W
2026/09/20 08:31:23.822, 1, 0 %, 0 %, 35270 MiB, 35.29 W
2026/09/20 08:31:23.822, 2, 0 %, 0 %, 35271 MiB, 36.64 W
2026/09/20 08:31:28.824, 0, 0 %, 0 %, 35270 MiB, 36.21 W
2026/09/20 08:31:28.824, 1, 0 %, 0 %, 35270 MiB, 35.29 W
2026/09/20 08:31:28.824, 2, 0 %, 0 %, 35271 MiB, 36.54 W
2026/09/20 08:31:33.825, 0, 0 %, 0 %, 35270 MiB, 36.01 W
2026/09/20 08:31:33.825, 1, 0 %, 0 %, 35270 MiB, 35.39 W
2026/09/20 08:31:33.825, 2, 0 %, 0 %, 35271 MiB, 36.43 W
2026/09/20 08:31:38.826, 0, 0 %, 0 %, 35270 MiB, 35.92 W
2026/09/20 08:31:38.826, 1, 0 %, 0 %, 35270 MiB, 35.38 W
2026/09/20 08:31:38.826, 2, 0 %, 0 %, 35271 MiB, 36.85 W
2026/09/20 08:31:43.828, 0, 0 %, 0 %, 35270 MiB, 36.03 W
2026/09/20 08:31:43.828, 1, 0 %, 0 %, 35270 MiB, 35.32 W
2026/09/20 08:31:43.828, 2, 0 %, 0 %, 35271 MiB, 36.57 W
2026/09/20 08:31:48.830, 0, 0 %, 0 %, 35270 MiB, 35.95 W
2026/09/20 08:31:48.830, 1, 0 %, 0 %, 35270 MiB, 35.33 W
2026/09/20 08:31:48.830, 2, 0 %, 0 %, 35271 MiB, 36.57 W
2026/09/20 08:31:53.832, 0, 0 %, 0 %, 35270 MiB, 35.91 W
2026/09/20 08:31:53.832, 1, 0 %, 0 %, 35270 MiB, 35.29 W
2026/09/20 08:31:53.832, 2, 0 %, 0 %, 35271 MiB, 36.65 W
2026/09/20 08:31:58.834, 0, 0 %, 0 %, 35270 MiB, 35.92 W
2026/09/20 08:31:58.834, 1, 24 %, 1 %, 35270 MiB, 36.58 W
2026/09/20 08:31:58.834, 2, 0 %, 0 %, 35271 MiB, 36.85 W
2026/09/20 08:32:03.836, 0, 0 %, 0 %, 35270 MiB, 36.01 W
2026/09/20 08:32:03.836, 1, 25 %, 1 %, 35270 MiB, 35.38 W
2026/09/20 08:32:03.836, 2, 0 %, 0 %, 35271 MiB, 36.64 W
2026/09/20 08:32:08.838, 0, 0 %, 0 %, 35270 MiB, 36.01 W
2026/09/20 08:32:08.838, 1, 0 %, 0 %, 35270 MiB, 35.39 W
2026/09/20 08:32:08.838, 2, 0 %, 0 %, 35271 MiB, 36.65 W
2026/09/20 08:32:13.840, 0, 0 %, 0 %, 35270 MiB, 36.11 W
2026/09/20 08:32:13.840, 1, 10 %, 0 %, 35270 MiB, 40.51 W
2026/09/20 08:32:13.840, 2, 0 %, 0 %, 35271 MiB, 36.54 W
2026/09/20 08:32:18.842, 0, 0 %, 0 %, 35270 MiB, 36.01 W
2026/09/20 08:32:18.842, 1, 21 %, 1 %, 35270 MiB, 35.39 W
2026/09/20 08:32:18.842, 2, 0 %, 0 %, 35271 MiB, 36.65 W
2026/09/20 08:32:23.848, 0, 0 %, 0 %, 35270 MiB, 36.01 W
2026/09/20 08:32:23.848, 1, 0 %, 0 %, 35270 MiB, 35.29 W
2026/09/20 08:32:23.848, 2, 0 %, 0 %, 35271 MiB, 36.54 W
2026/09/20 08:32:28.850, 0, 0 %, 0 %, 35270 MiB, 36.01 W
2026/09/20 08:32:28.850, 1, 0 %, 0 %, 35270 MiB, 35.38 W
2026/09/20 08:32:28.850, 2, 0 %, 0 %, 35271 MiB, 36.54 W
2026/09/20 08:32:33.851, 0, 0 %, 0 %, 35270 MiB, 36.01 W
2026/09/20 08:32:33.852, 1, 0 %, 0 %, 35270 MiB, 35.39 W
2026/09/20 08:32:33.852, 2, 0 %, 0 %, 35271 MiB, 36.75 W
2026/09/20 08:32:38.853, 0, 0 %, 0 %, 35270 MiB, 36.23 W
2026/09/20 08:32:38.853, 1, 53 %, 2 %, 35270 MiB, 37.68 W
2026/09/20 08:32:38.853, 2, 0 %, 0 %, 35271 MiB, 36.57 W
2026/09/20 08:32:43.855, 0, 0 %, 0 %, 35270 MiB, 35.81 W
2026/09/20 08:32:43.855, 1, 0 %, 0 %, 35270 MiB, 40.83 W
2026/09/20 08:32:43.855, 2, 0 %, 0 %, 35271 MiB, 36.55 W
2026/09/20 08:32:48.857, 0, 0 %, 0 %, 35270 MiB, 35.92 W
2026/09/20 08:32:48.857, 1, 16 %, 1 %, 35270 MiB, 43.67 W
2026/09/20 08:32:48.858, 2, 0 %, 0 %, 35271 MiB, 36.54 W
2026/09/20 08:32:53.859, 0, 0 %, 0 %, 35270 MiB, 35.84 W
2026/09/20 08:32:53.859, 1, 0 %, 0 %, 35270 MiB, 35.42 W
2026/09/20 08:32:53.859, 2, 0 %, 0 %, 35271 MiB, 36.77 W
2026/09/20 08:32:58.860, 0, 0 %, 0 %, 35270 MiB, 36.04 W
2026/09/20 08:32:58.860, 1, 0 %, 0 %, 35270 MiB, 35.42 W
2026/09/20 08:32:58.860, 2, 0 %, 0 %, 35271 MiB, 36.68 W
2026/09/20 08:33:03.861, 0, 0 %, 0 %, 35270 MiB, 35.84 W
2026/09/20 08:33:03.861, 1, 0 %, 0 %, 35270 MiB, 35.42 W
2026/09/20 08:33:03.861, 2, 0 %, 0 %, 35271 MiB, 36.66 W
2026/09/20 08:33:08.863, 0, 0 %, 0 %, 35270 MiB, 35.89 W
2026/09/20 08:33:08.863, 1, 0 %, 0 %, 35270 MiB, 35.38 W
2026/09/20 08:33:08.863, 2, 0 %, 0 %, 35271 MiB, 36.83 W
2026/09/20 08:33:13.865, 0, 0 %, 0 %, 35270 MiB, 35.90 W
2026/09/20 08:33:13.865, 1, 0 %, 0 %, 35270 MiB, 35.48 W
2026/09/20 08:33:13.865, 2, 0 %, 0 %, 35271 MiB, 36.75 W
2026/09/20 08:33:18.866, 0, 0 %, 0 %, 35270 MiB, 36.01 W
2026/09/20 08:33:18.866, 1, 5 %, 0 %, 35270 MiB, 35.49 W
2026/09/20 08:33:18.867, 2, 0 %, 0 %, 35271 MiB, 36.75 W
2026/09/20 08:33:23.867, 0, 0 %, 0 %, 35270 MiB, 35.92 W
2026/09/20 08:33:23.868, 1, 0 %, 0 %, 35270 MiB, 35.50 W
2026/09/20 08:33:23.868, 2, 0 %, 0 %, 35271 MiB, 36.54 W
2026/09/20 08:33:28.869, 0, 0 %, 0 %, 35270 MiB, 36.01 W
2026/09/20 08:33:28.869, 1, 0 %, 0 %, 35270 MiB, 35.30 W
2026/09/20 08:33:28.869, 2, 5 %, 0 %, 35271 MiB, 46.53 W
2026/09/20 08:33:33.871, 0, 0 %, 0 %, 35270 MiB, 36.01 W
2026/09/20 08:33:33.871, 1, 0 %, 0 %, 35270 MiB, 35.29 W
2026/09/20 08:33:33.871, 2, 20 %, 1 %, 35271 MiB, 36.54 W
2026/09/20 08:33:38.873, 0, 0 %, 0 %, 35270 MiB, 36.01 W
2026/09/20 08:33:38.873, 1, 0 %, 0 %, 35270 MiB, 35.29 W
2026/09/20 08:33:38.873, 2, 0 %, 0 %, 35271 MiB, 36.54 W
2026/09/20 08:33:43.875, 0, 0 %, 0 %, 35270 MiB, 35.92 W
2026/09/20 08:33:43.876, 1, 0 %, 0 %, 35270 MiB, 35.41 W
2026/09/20 08:33:43.876, 2, 0 %, 0 %, 35271 MiB, 36.76 W
2026/09/20 08:33:48.877, 0, 0 %, 0 %, 35270 MiB, 35.82 W
2026/09/20 08:33:48.877, 1, 0 %, 0 %, 35270 MiB, 35.21 W
2026/09/20 08:33:48.877, 2, 0 %, 0 %, 35271 MiB, 36.54 W
2026/09/20 08:33:53.879, 0, 0 %, 0 %, 35270 MiB, 35.82 W
2026/09/20 08:33:53.879, 1, 0 %, 0 %, 35270 MiB, 35.30 W
2026/09/20 08:33:53.879, 2, 5 %, 0 %, 35271 MiB, 36.65 W
2026/09/20 08:33:58.880, 0, 0 %, 0 %, 35270 MiB, 36.03 W
2026/09/20 08:33:58.880, 1, 0 %, 0 %, 35270 MiB, 35.41 W
2026/09/20 08:33:58.880, 2, 20 %, 1 %, 35271 MiB, 36.68 W
2026/09/20 08:34:03.882, 0, 0 %, 0 %, 35270 MiB, 35.79 W
2026/09/20 08:34:03.882, 1, 0 %, 0 %, 35270 MiB, 35.48 W
2026/09/20 08:34:03.882, 2, 0 %, 0 %, 35271 MiB, 36.74 W
2026/09/20 08:34:08.883, 0, 0 %, 0 %, 35270 MiB, 35.92 W
2026/09/20 08:34:08.883, 1, 0 %, 0 %, 35270 MiB, 35.49 W
2026/09/20 08:34:08.883, 2, 5 %, 0 %, 35271 MiB, 36.75 W
2026/09/20 08:34:13.885, 0, 0 %, 0 %, 35270 MiB, 36.11 W
2026/09/20 08:34:13.885, 1, 0 %, 0 %, 35270 MiB, 35.38 W
2026/09/20 08:34:13.885, 2, 0 %, 0 %, 35271 MiB, 36.75 W
2026/09/20 08:34:18.887, 0, 0 %, 0 %, 35270 MiB, 35.90 W
2026/09/20 08:34:18.887, 1, 0 %, 0 %, 35270 MiB, 35.38 W
2026/09/20 08:34:18.887, 2, 0 %, 0 %, 35271 MiB, 36.92 W
2026/09/20 08:34:23.889, 0, 0 %, 0 %, 35270 MiB, 35.91 W
2026/09/20 08:34:23.889, 1, 0 %, 0 %, 35270 MiB, 35.50 W
2026/09/20 08:34:23.889, 2, 0 %, 0 %, 35271 MiB, 36.75 W
2026/09/20 08:34:28.890, 0, 0 %, 0 %, 35270 MiB, 35.94 W
2026/09/20 08:34:28.890, 1, 0 %, 0 %, 35270 MiB, 35.39 W
2026/09/20 08:34:28.890, 2, 0 %, 0 %, 35271 MiB, 36.54 W
2026/09/20 08:34:33.892, 0, 0 %, 0 %, 35270 MiB, 36.12 W
2026/09/20 08:34:33.892, 1, 0 %, 0 %, 35270 MiB, 35.20 W
2026/09/20 08:34:33.892, 2, 0 %, 0 %, 35271 MiB, 36.46 W
2026/09/20 08:34:38.894, 0, 0 %, 0 %, 35270 MiB, 36.02 W
2026/09/20 08:34:38.895, 1, 0 %, 0 %, 35270 MiB, 35.51 W
2026/09/20 08:34:38.895, 2, 0 %, 0 %, 35271 MiB, 36.68 W
2026/09/20 08:34:43.896, 0, 0 %, 0 %, 35270 MiB, 36.01 W
2026/09/20 08:34:43.896, 1, 0 %, 0 %, 35270 MiB, 35.30 W
2026/09/20 08:34:43.897, 2, 0 %, 0 %, 35271 MiB, 36.65 W
2026/09/20 08:34:48.898, 0, 0 %, 0 %, 35270 MiB, 36.01 W
2026/09/20 08:34:48.898, 1, 0 %, 0 %, 35270 MiB, 35.29 W
2026/09/20 08:34:48.898, 2, 0 %, 0 %, 35271 MiB, 36.53 W
2026/09/20 08:34:53.899, 0, 0 %, 0 %, 35270 MiB, 36.21 W
2026/09/20 08:34:53.899, 1, 0 %, 0 %, 35270 MiB, 35.29 W
2026/09/20 08:34:53.900, 2, 0 %, 0 %, 35271 MiB, 36.54 W
2026/09/20 08:34:58.901, 0, 0 %, 0 %, 35270 MiB, 35.82 W
2026/09/20 08:34:58.901, 1, 0 %, 0 %, 35270 MiB, 35.50 W
2026/09/20 08:34:58.901, 2, 0 %, 0 %, 35271 MiB, 36.64 W
2026/09/20 08:35:03.902, 0, 0 %, 0 %, 35270 MiB, 35.83 W
2026/09/20 08:35:03.902, 1, 0 %, 0 %, 35270 MiB, 35.30 W
2026/09/20 08:35:03.902, 2, 0 %, 0 %, 35271 MiB, 36.68 W
2026/09/20 08:35:08.903, 0, 0 %, 0 %, 35270 MiB, 35.82 W
2026/09/20 08:35:08.903, 1, 0 %, 0 %, 35270 MiB, 35.39 W
2026/09/20 08:35:08.903, 2, 0 %, 0 %, 35271 MiB, 36.75 W
2026/09/20 08:35:13.905, 0, 0 %, 0 %, 35270 MiB, 35.93 W
2026/09/20 08:35:13.905, 1, 0 %, 0 %, 35270 MiB, 35.32 W
2026/09/20 08:35:13.905, 2, 0 %, 0 %, 35271 MiB, 36.76 W
2026/09/20 08:35:18.906, 0, 0 %, 0 %, 35270 MiB, 35.84 W
2026/09/20 08:35:18.906, 1, 0 %, 0 %, 35270 MiB, 35.41 W
2026/09/20 08:35:18.907, 2, 0 %, 0 %, 35271 MiB, 36.68 W
2026/09/20 08:35:23.907, 0, 0 %, 0 %, 35270 MiB, 35.95 W
2026/09/20 08:35:23.907, 1, 0 %, 0 %, 35270 MiB, 35.23 W
2026/09/20 08:35:23.907, 2, 0 %, 0 %, 35271 MiB, 36.77 W
2026/09/20 08:35:28.907, 0, 0 %, 0 %, 35270 MiB, 35.94 W
2026/09/20 08:35:28.908, 1, 0 %, 0 %, 35270 MiB, 35.32 W
2026/09/20 08:35:28.908, 2, 0 %, 0 %, 35271 MiB, 36.66 W
2026/09/20 08:35:33.908, 0, 0 %, 0 %, 35270 MiB, 36.04 W
2026/09/20 08:35:33.908, 1, 0 %, 0 %, 35270 MiB, 35.42 W
2026/09/20 08:35:33.909, 2, 0 %, 0 %, 35271 MiB, 36.46 W
2026/09/20 08:35:38.917, 0, 0 %, 0 %, 35270 MiB, 35.94 W
2026/09/20 08:35:38.917, 1, 0 %, 0 %, 35270 MiB, 35.32 W
2026/09/20 08:35:38.917, 2, 0 %, 0 %, 35271 MiB, 36.57 W
2026/09/20 08:35:43.919, 0, 0 %, 0 %, 35270 MiB, 36.01 W
2026/09/20 08:35:43.919, 1, 0 %, 0 %, 35270 MiB, 35.20 W
2026/09/20 08:35:43.920, 2, 0 %, 0 %, 35271 MiB, 36.54 W
2026/09/20 08:35:48.932, 0, 0 %, 0 %, 35270 MiB, 36.03 W
2026/09/20 08:35:48.932, 1, 0 %, 0 %, 35270 MiB, 35.31 W
2026/09/20 08:35:48.932, 2, 0 %, 0 %, 35271 MiB, 36.57 W
2026/09/20 08:35:53.934, 0, 0 %, 0 %, 35270 MiB, 36.01 W
2026/09/20 08:35:53.934, 1, 0 %, 0 %, 35270 MiB, 35.49 W
2026/09/20 08:35:53.934, 2, 0 %, 0 %, 35271 MiB, 36.54 W
2026/09/20 08:35:58.936, 0, 0 %, 0 %, 35270 MiB, 35.92 W
2026/09/20 08:35:58.936, 1, 0 %, 0 %, 35270 MiB, 35.30 W
2026/09/20 08:35:58.936, 2, 0 %, 0 %, 35271 MiB, 36.54 W
2026/09/20 08:36:03.939, 0, 0 %, 0 %, 35270 MiB, 35.82 W
2026/09/20 08:36:03.939, 1, 0 %, 0 %, 35270 MiB, 35.21 W
2026/09/20 08:36:03.939, 2, 0 %, 0 %, 35271 MiB, 36.43 W
2026/09/20 08:36:08.942, 0, 0 %, 0 %, 35270 MiB, 35.82 W
2026/09/20 08:36:08.942, 1, 0 %, 0 %, 35270 MiB, 35.30 W
2026/09/20 08:36:08.942, 2, 0 %, 0 %, 35271 MiB, 36.54 W
2026/09/20 08:36:13.944, 0, 0 %, 0 %, 35270 MiB, 35.92 W
2026/09/20 08:36:13.944, 1, 0 %, 0 %, 35270 MiB, 35.51 W
2026/09/20 08:36:13.944, 2, 0 %, 0 %, 35271 MiB, 36.55 W
2026/09/20 08:36:18.946, 0, 0 %, 0 %, 35270 MiB, 35.81 W
2026/09/20 08:36:18.946, 1, 0 %, 0 %, 35270 MiB, 35.39 W
2026/09/20 08:36:18.946, 2, 0 %, 0 %, 35271 MiB, 36.54 W
2026/09/20 08:36:23.948, 0, 0 %, 0 %, 35270 MiB, 35.83 W
2026/09/20 08:36:23.948, 1, 0 %, 0 %, 35270 MiB, 35.30 W
2026/09/20 08:36:23.948, 2, 0 %, 0 %, 35271 MiB, 36.65 W
2026/09/20 08:36:28.950, 0, 0 %, 0 %, 35270 MiB, 36.01 W
2026/09/20 08:36:28.950, 1, 0 %, 0 %, 35270 MiB, 35.32 W
2026/09/20 08:36:28.950, 2, 0 %, 0 %, 35271 MiB, 36.85 W
2026/09/20 08:36:33.957, 0, 0 %, 0 %, 35270 MiB, 36.02 W
2026/09/20 08:36:33.957, 1, 0 %, 0 %, 35270 MiB, 35.41 W
2026/09/20 08:36:33.957, 2, 0 %, 0 %, 35271 MiB, 36.64 W
2026/09/20 08:36:38.958, 0, 0 %, 0 %, 35270 MiB, 35.92 W
2026/09/20 08:36:38.958, 1, 0 %, 0 %, 35270 MiB, 35.30 W
2026/09/20 08:36:38.958, 2, 0 %, 0 %, 35271 MiB, 36.65 W
2026/09/20 08:36:43.960, 0, 0 %, 0 %, 35270 MiB, 35.92 W
2026/09/20 08:36:43.960, 1, 0 %, 0 %, 35270 MiB, 35.39 W
2026/09/20 08:36:43.960, 2, 0 %, 0 %, 35271 MiB, 36.54 W
2026/09/20 08:36:48.962, 0, 0 %, 0 %, 35270 MiB, 36.11 W
2026/09/20 08:36:48.962, 1, 0 %, 0 %, 35270 MiB, 35.50 W
2026/09/20 08:36:48.962, 2, 0 %, 0 %, 35271 MiB, 36.66 W
2026/09/20 08:36:53.964, 0, 0 %, 0 %, 35270 MiB, 35.92 W
2026/09/20 08:36:53.964, 1, 0 %, 0 %, 35270 MiB, 35.29 W
2026/09/20 08:36:53.964, 2, 0 %, 0 %, 35271 MiB, 36.54 W
2026/09/20 08:36:58.965, 0, 0 %, 0 %, 35270 MiB, 36.02 W
2026/09/20 08:36:58.965, 1, 0 %, 0 %, 35270 MiB, 35.31 W
2026/09/20 08:36:58.965, 2, 0 %, 0 %, 35271 MiB, 36.55 W
2026/09/20 08:37:03.967, 0, 0 %, 0 %, 35270 MiB, 36.01 W
2026/09/20 08:37:03.967, 1, 0 %, 0 %, 35270 MiB, 35.29 W
2026/09/20 08:37:03.967, 2, 0 %, 0 %, 35271 MiB, 36.54 W
2026/09/20 08:37:08.969, 0, 0 %, 0 %, 35270 MiB, 36.21 W
2026/09/20 08:37:08.969, 1, 0 %, 0 %, 35270 MiB, 35.59 W
2026/09/20 08:37:08.969, 2, 0 %, 0 %, 35271 MiB, 36.75 W
2026/09/20 08:37:13.970, 0, 0 %, 0 %, 35270 MiB, 35.92 W
2026/09/20 08:37:13.970, 1, 0 %, 0 %, 35270 MiB, 35.29 W
2026/09/20 08:37:13.971, 2, 0 %, 0 %, 35271 MiB, 36.64 W
2026/09/20 08:37:18.971, 0, 0 %, 0 %, 35270 MiB, 35.82 W
2026/09/20 08:37:18.971, 1, 0 %, 0 %, 35270 MiB, 35.30 W
2026/09/20 08:37:18.971, 2, 0 %, 0 %, 35271 MiB, 36.64 W
2026/09/20 08:37:23.973, 0, 0 %, 0 %, 35270 MiB, 35.82 W
2026/09/20 08:37:23.973, 1, 0 %, 0 %, 35270 MiB, 35.21 W
2026/09/20 08:37:23.973, 2, 0 %, 0 %, 35271 MiB, 36.85 W
2026/09/20 08:37:28.974, 0, 0 %, 0 %, 35270 MiB, 36.11 W
2026/09/20 08:37:28.975, 1, 0 %, 0 %, 35270 MiB, 35.40 W
2026/09/20 08:37:28.975, 2, 0 %, 0 %, 35271 MiB, 36.75 W
2026/09/20 08:37:33.975, 0, 0 %, 0 %, 35270 MiB, 35.91 W
2026/09/20 08:37:33.975, 1, 0 %, 0 %, 35270 MiB, 35.29 W
2026/09/20 08:37:33.975, 2, 0 %, 0 %, 35271 MiB, 36.75 W
2026/09/20 08:37:38.977, 0, 0 %, 0 %, 35270 MiB, 35.83 W
2026/09/20 08:37:38.977, 1, 0 %, 0 %, 35270 MiB, 35.41 W
2026/09/20 08:37:38.977, 2, 0 %, 0 %, 35271 MiB, 36.65 W
2026/09/20 08:37:43.979, 0, 0 %, 0 %, 35270 MiB, 35.94 W
2026/09/20 08:37:43.979, 1, 0 %, 0 %, 35270 MiB, 35.41 W
2026/09/20 08:37:43.979, 2, 0 %, 0 %, 35271 MiB, 36.76 W
2026/09/20 08:37:48.980, 0, 0 %, 0 %, 35270 MiB, 36.11 W
2026/09/20 08:37:48.980, 1, 0 %, 0 %, 35270 MiB, 35.50 W
2026/09/20 08:37:48.980, 2, 0 %, 0 %, 35271 MiB, 36.56 W
2026/09/20 08:37:53.982, 0, 0 %, 0 %, 35270 MiB, 36.03 W
2026/09/20 08:37:53.982, 1, 0 %, 0 %, 35270 MiB, 35.11 W
2026/09/20 08:37:53.982, 2, 0 %, 0 %, 35271 MiB, 36.57 W
2026/09/20 08:37:58.983, 0, 0 %, 0 %, 35270 MiB, 35.84 W
2026/09/20 08:37:58.983, 1, 0 %, 0 %, 35270 MiB, 35.32 W
2026/09/20 08:37:58.983, 2, 0 %, 0 %, 35271 MiB, 36.57 W
2026/09/20 08:38:03.984, 0, 0 %, 0 %, 35270 MiB, 35.94 W
2026/09/20 08:38:03.984, 1, 0 %, 0 %, 35270 MiB, 35.43 W
2026/09/20 08:38:03.984, 2, 0 %, 0 %, 35271 MiB, 36.58 W
2026/09/20 08:38:08.985, 0, 0 %, 0 %, 35270 MiB, 36.13 W
2026/09/20 08:38:08.985, 1, 0 %, 0 %, 35270 MiB, 35.12 W
2026/09/20 08:38:08.985, 2, 0 %, 0 %, 35271 MiB, 36.57 W
2026/09/20 08:38:13.986, 0, 0 %, 0 %, 35270 MiB, 36.05 W
2026/09/20 08:38:13.987, 1, 0 %, 0 %, 35270 MiB, 35.12 W
2026/09/20 08:38:13.987, 2, 0 %, 0 %, 35271 MiB, 36.57 W
2026/09/20 08:38:18.987, 0, 0 %, 0 %, 35270 MiB, 35.86 W
2026/09/20 08:38:18.987, 1, 0 %, 0 %, 35270 MiB, 35.12 W
2026/09/20 08:38:18.988, 2, 0 %, 0 %, 35271 MiB, 36.79 W
2026/09/20 08:38:23.988, 0, 100 %, 7 %, 35270 MiB, 92.04 W
2026/09/20 08:38:23.988, 1, 100 %, 6 %, 35270 MiB, 86.47 W
2026/09/20 08:38:23.988, 2, 100 %, 6 %, 35271 MiB, 89.35 W
2026/09/20 08:38:28.989, 0, 100 %, 7 %, 35270 MiB, 89.94 W
2026/09/20 08:38:28.989, 1, 100 %, 6 %, 35270 MiB, 85.12 W
2026/09/20 08:38:28.989, 2, 100 %, 7 %, 35271 MiB, 86.66 W
2026/09/20 08:38:33.989, 0, 100 %, 7 %, 35270 MiB, 91.22 W
2026/09/20 08:38:33.989, 1, 100 %, 6 %, 35270 MiB, 85.56 W
2026/09/20 08:38:33.989, 2, 100 %, 7 %, 35271 MiB, 93.89 W
2026/09/20 08:38:38.990, 0, 100 %, 6 %, 35270 MiB, 91.78 W
2026/09/20 08:38:38.990, 1, 100 %, 11 %, 35270 MiB, 87.92 W
2026/09/20 08:38:38.990, 2, 100 %, 6 %, 35271 MiB, 85.08 W
2026/09/20 08:38:43.991, 0, 100 %, 11 %, 35270 MiB, 85.77 W
2026/09/20 08:38:43.991, 1, 100 %, 6 %, 35270 MiB, 89.97 W
2026/09/20 08:38:43.991, 2, 100 %, 7 %, 35271 MiB, 93.00 W
2026/09/20 08:38:48.992, 0, 100 %, 6 %, 35270 MiB, 96.08 W
2026/09/20 08:38:48.992, 1, 100 %, 6 %, 35270 MiB, 87.37 W
2026/09/20 08:38:48.992, 2, 100 %, 7 %, 35271 MiB, 94.06 W
2026/09/20 08:38:53.992, 0, 100 %, 6 %, 35270 MiB, 92.14 W
2026/09/20 08:38:53.993, 1, 100 %, 6 %, 35270 MiB, 88.59 W
2026/09/20 08:38:53.993, 2, 100 %, 7 %, 35271 MiB, 92.65 W
2026/09/20 08:38:58.993, 0, 100 %, 7 %, 35270 MiB, 94.31 W
2026/09/20 08:38:58.993, 1, 100 %, 7 %, 35270 MiB, 89.06 W
2026/09/20 08:38:58.993, 2, 100 %, 6 %, 35271 MiB, 89.97 W
2026/09/20 08:39:03.994, 0, 100 %, 6 %, 35270 MiB, 90.35 W
2026/09/20 08:39:03.994, 1, 100 %, 6 %, 35270 MiB, 92.41 W
2026/09/20 08:39:03.994, 2, 100 %, 6 %, 35271 MiB, 87.69 W
2026/09/20 08:39:08.994, 0, 100 %, 7 %, 35270 MiB, 92.89 W
2026/09/20 08:39:08.995, 1, 100 %, 10 %, 35270 MiB, 85.55 W
2026/09/20 08:39:08.995, 2, 100 %, 7 %, 35271 MiB, 92.86 W
2026/09/20 08:39:13.995, 0, 100 %, 7 %, 35270 MiB, 87.24 W
2026/09/20 08:39:13.995, 1, 100 %, 7 %, 35270 MiB, 88.96 W
2026/09/20 08:39:13.995, 2, 100 %, 7 %, 35271 MiB, 88.89 W
2026/09/20 08:39:18.996, 0, 100 %, 7 %, 35270 MiB, 90.87 W
2026/09/20 08:39:18.996, 1, 100 %, 7 %, 35270 MiB, 95.00 W
2026/09/20 08:39:18.996, 2, 100 %, 6 %, 35271 MiB, 82.63 W
2026/09/20 08:39:23.996, 0, 100 %, 7 %, 35270 MiB, 97.16 W
2026/09/20 08:39:23.997, 1, 100 %, 6 %, 35270 MiB, 84.12 W
2026/09/20 08:39:23.997, 2, 100 %, 9 %, 35271 MiB, 147.08 W
2026/09/20 08:39:28.997, 0, 100 %, 7 %, 35270 MiB, 89.78 W
2026/09/20 08:39:28.997, 1, 100 %, 14 %, 35270 MiB, 84.80 W
2026/09/20 08:39:28.997, 2, 100 %, 7 %, 35271 MiB, 88.58 W
2026/09/20 08:39:33.998, 0, 100 %, 11 %, 35270 MiB, 90.15 W
2026/09/20 08:39:33.998, 1, 100 %, 7 %, 35270 MiB, 88.35 W
2026/09/20 08:39:33.999, 2, 100 %, 11 %, 35271 MiB, 87.84 W
2026/09/20 08:39:38.999, 0, 100 %, 7 %, 35270 MiB, 88.54 W
2026/09/20 08:39:38.999, 1, 100 %, 10 %, 35270 MiB, 82.56 W
2026/09/20 08:39:38.999, 2, 100 %, 6 %, 35271 MiB, 87.40 W
2026/09/20 08:39:44.000, 0, 100 %, 10 %, 35270 MiB, 90.46 W
2026/09/20 08:39:44.000, 1, 100 %, 11 %, 35270 MiB, 83.43 W
2026/09/20 08:39:44.000, 2, 100 %, 7 %, 35271 MiB, 90.76 W
2026/09/20 08:39:49.000, 0, 100 %, 7 %, 35270 MiB, 91.61 W
2026/09/20 08:39:49.001, 1, 100 %, 7 %, 35270 MiB, 85.00 W
2026/09/20 08:39:49.001, 2, 100 %, 9 %, 35271 MiB, 132.83 W
2026/09/20 08:39:54.001, 0, 100 %, 7 %, 35270 MiB, 88.03 W
2026/09/20 08:39:54.001, 1, 100 %, 7 %, 35270 MiB, 84.25 W
2026/09/20 08:39:54.001, 2, 100 %, 7 %, 35271 MiB, 88.99 W
2026/09/20 08:39:59.002, 0, 100 %, 11 %, 35270 MiB, 89.63 W
2026/09/20 08:39:59.002, 1, 100 %, 11 %, 35270 MiB, 87.52 W
2026/09/20 08:39:59.002, 2, 100 %, 7 %, 35271 MiB, 89.73 W
2026/09/20 08:40:04.002, 0, 100 %, 7 %, 35270 MiB, 88.40 W
2026/09/20 08:40:04.003, 1, 100 %, 6 %, 35270 MiB, 87.80 W
2026/09/20 08:40:04.003, 2, 100 %, 11 %, 35271 MiB, 92.12 W
2026/09/20 08:40:09.003, 0, 100 %, 7 %, 35270 MiB, 89.67 W
2026/09/20 08:40:09.003, 1, 99 %, 10 %, 35270 MiB, 84.96 W
2026/09/20 08:40:09.003, 2, 100 %, 7 %, 35271 MiB, 86.72 W
2026/09/20 08:40:14.004, 0, 100 %, 15 %, 35270 MiB, 86.85 W
2026/09/20 08:40:14.004, 1, 100 %, 6 %, 35270 MiB, 89.09 W
2026/09/20 08:40:14.004, 2, 99 %, 11 %, 35271 MiB, 84.35 W
2026/09/20 08:40:19.004, 0, 100 %, 15 %, 35270 MiB, 92.36 W
2026/09/20 08:40:19.004, 1, 100 %, 7 %, 35270 MiB, 84.10 W
2026/09/20 08:40:19.005, 2, 100 %, 7 %, 35271 MiB, 89.81 W
2026/09/20 08:40:24.005, 0, 100 %, 7 %, 35270 MiB, 93.14 W
2026/09/20 08:40:24.005, 1, 100 %, 10 %, 35270 MiB, 86.27 W
2026/09/20 08:40:24.005, 2, 100 %, 7 %, 35271 MiB, 91.77 W
2026/09/20 08:40:29.006, 0, 100 %, 7 %, 35270 MiB, 89.61 W
2026/09/20 08:40:29.006, 1, 100 %, 6 %, 35270 MiB, 86.57 W
2026/09/20 08:40:29.006, 2, 100 %, 7 %, 35271 MiB, 90.32 W
2026/09/20 08:40:34.006, 0, 100 %, 7 %, 35270 MiB, 88.93 W
2026/09/20 08:40:34.007, 1, 100 %, 7 %, 35270 MiB, 86.72 W
2026/09/20 08:40:34.007, 2, 100 %, 7 %, 35271 MiB, 92.07 W
2026/09/20 08:40:39.007, 0, 100 %, 7 %, 35270 MiB, 92.16 W
2026/09/20 08:40:39.007, 1, 100 %, 7 %, 35270 MiB, 84.77 W
2026/09/20 08:40:39.007, 2, 100 %, 7 %, 35271 MiB, 88.54 W
2026/09/20 08:40:44.008, 0, 100 %, 7 %, 35270 MiB, 89.40 W
2026/09/20 08:40:44.008, 1, 100 %, 7 %, 35270 MiB, 84.83 W
2026/09/20 08:40:44.008, 2, 100 %, 7 %, 35271 MiB, 86.14 W
2026/09/20 08:40:49.008, 0, 100 %, 7 %, 35270 MiB, 91.91 W
2026/09/20 08:40:49.009, 1, 100 %, 7 %, 35270 MiB, 82.94 W
2026/09/20 08:40:49.009, 2, 100 %, 7 %, 35271 MiB, 88.50 W
2026/09/20 08:40:54.009, 0, 100 %, 10 %, 35270 MiB, 127.03 W
2026/09/20 08:40:54.009, 1, 100 %, 7 %, 35270 MiB, 88.15 W
2026/09/20 08:40:54.009, 2, 100 %, 7 %, 35271 MiB, 92.94 W
2026/09/20 08:40:59.009, 0, 100 %, 7 %, 35270 MiB, 87.32 W
2026/09/20 08:40:59.010, 1, 100 %, 7 %, 35270 MiB, 86.72 W
2026/09/20 08:40:59.010, 2, 100 %, 7 %, 35271 MiB, 89.13 W
2026/09/20 08:41:04.010, 0, 100 %, 7 %, 35270 MiB, 87.92 W
2026/09/20 08:41:04.010, 1, 100 %, 7 %, 35270 MiB, 83.24 W
2026/09/20 08:41:04.010, 2, 100 %, 7 %, 35271 MiB, 94.33 W
2026/09/20 08:41:09.011, 0, 100 %, 6 %, 35270 MiB, 90.63 W
2026/09/20 08:41:09.011, 1, 100 %, 7 %, 35270 MiB, 115.10 W
2026/09/20 08:41:09.011, 2, 100 %, 6 %, 35271 MiB, 94.02 W
2026/09/20 08:41:14.012, 0, 100 %, 7 %, 35270 MiB, 88.94 W
2026/09/20 08:41:14.012, 1, 100 %, 10 %, 35270 MiB, 87.58 W
2026/09/20 08:41:14.012, 2, 100 %, 7 %, 35271 MiB, 92.08 W
2026/09/20 08:41:19.012, 0, 0 %, 0 %, 35270 MiB, 59.25 W
2026/09/20 08:41:19.012, 1, 64 %, 8 %, 35270 MiB, 75.44 W
2026/09/20 08:41:19.012, 2, 98 %, 10 %, 35271 MiB, 90.46 W
2026/09/20 08:41:24.014, 0, 0 %, 0 %, 35270 MiB, 38.11 W
2026/09/20 08:41:24.015, 1, 0 %, 0 %, 35270 MiB, 37.68 W
2026/09/20 08:41:24.015, 2, 0 %, 0 %, 35271 MiB, 38.63 W
2026/09/20 08:41:29.015, 0, 0 %, 0 %, 35270 MiB, 37.68 W
2026/09/20 08:41:29.016, 1, 0 %, 0 %, 35270 MiB, 37.45 W
2026/09/20 08:41:29.016, 2, 0 %, 0 %, 35271 MiB, 38.52 W
2026/09/20 08:41:34.017, 0, 0 %, 0 %, 35270 MiB, 37.49 W
2026/09/20 08:41:34.017, 1, 0 %, 0 %, 35270 MiB, 37.26 W
2026/09/20 08:41:34.017, 2, 0 %, 0 %, 35271 MiB, 38.42 W
2026/09/20 08:41:39.019, 0, 0 %, 0 %, 35270 MiB, 37.20 W
2026/09/20 08:41:39.019, 1, 0 %, 0 %, 35270 MiB, 37.26 W
2026/09/20 08:41:39.019, 2, 0 %, 0 %, 35271 MiB, 38.02 W
2026/09/20 08:41:44.021, 0, 0 %, 0 %, 35270 MiB, 37.20 W
2026/09/20 08:41:44.021, 1, 0 %, 0 %, 35270 MiB, 36.97 W
2026/09/20 08:41:44.021, 2, 0 %, 0 %, 35271 MiB, 37.83 W
2026/09/20 08:41:49.023, 0, 0 %, 0 %, 35270 MiB, 36.99 W
2026/09/20 08:41:49.023, 1, 0 %, 0 %, 35270 MiB, 36.86 W
2026/09/20 08:41:49.023, 2, 0 %, 0 %, 35271 MiB, 37.73 W
2026/09/20 08:41:54.025, 0, 0 %, 0 %, 35270 MiB, 36.79 W
2026/09/20 08:41:54.025, 1, 0 %, 0 %, 35270 MiB, 36.68 W
2026/09/20 08:41:54.025, 2, 0 %, 0 %, 35271 MiB, 38.02 W
2026/09/20 08:41:59.027, 0, 0 %, 0 %, 35270 MiB, 36.70 W
2026/09/20 08:41:59.027, 1, 0 %, 0 %, 35270 MiB, 36.77 W
2026/09/20 08:41:59.027, 2, 0 %, 0 %, 35271 MiB, 37.73 W
2026/09/20 08:42:04.029, 0, 0 %, 0 %, 35270 MiB, 36.89 W
2026/09/20 08:42:04.029, 1, 0 %, 0 %, 35270 MiB, 36.68 W
2026/09/20 08:42:04.029, 2, 0 %, 0 %, 35271 MiB, 37.63 W
2026/09/20 08:42:09.031, 0, 0 %, 0 %, 35270 MiB, 36.89 W
2026/09/20 08:42:09.031, 1, 0 %, 0 %, 35270 MiB, 36.58 W
2026/09/20 08:42:09.031, 2, 0 %, 0 %, 35271 MiB, 37.63 W
2026/09/20 08:42:14.033, 0, 0 %, 0 %, 35270 MiB, 36.79 W
2026/09/20 08:42:14.033, 1, 0 %, 0 %, 35270 MiB, 36.27 W
2026/09/20 08:42:14.033, 2, 0 %, 0 %, 35271 MiB, 37.53 W
2026/09/20 08:42:19.035, 0, 0 %, 0 %, 35270 MiB, 36.70 W
2026/09/20 08:42:19.035, 1, 0 %, 0 %, 35270 MiB, 36.37 W
2026/09/20 08:42:19.035, 2, 0 %, 0 %, 35271 MiB, 37.24 W
2026/09/20 08:42:24.037, 0, 0 %, 0 %, 35270 MiB, 37.00 W
2026/09/20 08:42:24.037, 1, 0 %, 0 %, 35270 MiB, 36.58 W
2026/09/20 08:42:24.037, 2, 0 %, 0 %, 35271 MiB, 37.24 W
2026/09/20 08:42:29.038, 0, 0 %, 0 %, 35270 MiB, 36.61 W
2026/09/20 08:42:29.038, 1, 0 %, 0 %, 35270 MiB, 35.99 W
2026/09/20 08:42:29.038, 2, 0 %, 0 %, 35271 MiB, 37.25 W
2026/09/20 08:42:34.040, 0, 0 %, 0 %, 35270 MiB, 36.70 W
2026/09/20 08:42:34.040, 1, 0 %, 0 %, 35270 MiB, 35.98 W
2026/09/20 08:42:34.040, 2, 0 %, 0 %, 35271 MiB, 37.04 W
2026/09/20 08:42:39.041, 0, 0 %, 0 %, 35270 MiB, 36.60 W
2026/09/20 08:42:39.041, 1, 0 %, 0 %, 35270 MiB, 36.08 W
2026/09/20 08:42:39.041, 2, 0 %, 0 %, 35271 MiB, 37.04 W
2026/09/20 08:42:44.043, 0, 0 %, 0 %, 35270 MiB, 36.60 W
2026/09/20 08:42:44.043, 1, 0 %, 0 %, 35270 MiB, 35.98 W
2026/09/20 08:42:44.043, 2, 0 %, 0 %, 35271 MiB, 37.04 W
2026/09/20 08:42:49.044, 0, 0 %, 0 %, 35270 MiB, 36.50 W
2026/09/20 08:42:49.044, 1, 0 %, 0 %, 35270 MiB, 35.88 W
2026/09/20 08:42:49.044, 2, 0 %, 0 %, 35271 MiB, 37.14 W
2026/09/20 08:42:54.046, 0, 0 %, 0 %, 35270 MiB, 36.31 W
2026/09/20 08:42:54.046, 1, 0 %, 0 %, 35270 MiB, 35.78 W
2026/09/20 08:42:54.046, 2, 0 %, 0 %, 35271 MiB, 36.94 W
2026/09/20 08:42:59.055, 0, 0 %, 0 %, 35270 MiB, 36.21 W
2026/09/20 08:42:59.055, 1, 0 %, 0 %, 35270 MiB, 35.88 W
2026/09/20 08:42:59.055, 2, 0 %, 0 %, 35271 MiB, 36.94 W
2026/09/20 08:43:04.057, 0, 0 %, 0 %, 35270 MiB, 36.31 W
2026/09/20 08:43:04.057, 1, 0 %, 0 %, 35270 MiB, 35.89 W
2026/09/20 08:43:04.057, 2, 0 %, 0 %, 35271 MiB, 36.94 W
2026/09/20 08:43:09.059, 0, 0 %, 0 %, 35270 MiB, 36.31 W
2026/09/20 08:43:09.059, 1, 0 %, 0 %, 35270 MiB, 35.88 W
2026/09/20 08:43:09.059, 2, 0 %, 0 %, 35271 MiB, 36.94 W
2026/09/20 08:43:14.061, 0, 0 %, 0 %, 35270 MiB, 36.21 W
2026/09/20 08:43:14.061, 1, 0 %, 0 %, 35270 MiB, 35.78 W
2026/09/20 08:43:14.061, 2, 0 %, 0 %, 35271 MiB, 36.85 W
2026/09/20 08:43:19.063, 0, 0 %, 0 %, 35270 MiB, 36.40 W
2026/09/20 08:43:19.063, 1, 0 %, 0 %, 35270 MiB, 35.88 W
2026/09/20 08:43:19.063, 2, 0 %, 0 %, 35271 MiB, 36.75 W
2026/09/20 08:43:24.064, 0, 0 %, 0 %, 35270 MiB, 36.22 W
2026/09/20 08:43:24.064, 1, 0 %, 0 %, 35270 MiB, 35.78 W
2026/09/20 08:43:24.064, 2, 0 %, 0 %, 35271 MiB, 36.85 W
2026/09/20 08:43:29.065, 0, 0 %, 0 %, 35270 MiB, 36.16 W
2026/09/20 08:43:29.066, 1, 0 %, 0 %, 35270 MiB, 35.63 W
2026/09/20 08:43:29.066, 2, 0 %, 0 %, 35271 MiB, 36.80 W
2026/09/20 08:43:34.066, 0, 0 %, 0 %, 35270 MiB, 36.16 W
2026/09/20 08:43:34.066, 1, 0 %, 0 %, 35270 MiB, 35.83 W
2026/09/20 08:43:34.066, 2, 0 %, 0 %, 35271 MiB, 36.70 W
2026/09/20 08:43:39.067, 0, 0 %, 0 %, 35270 MiB, 36.45 W
2026/09/20 08:43:39.067, 1, 0 %, 0 %, 35270 MiB, 35.63 W
2026/09/20 08:43:39.067, 2, 0 %, 0 %, 35271 MiB, 36.59 W
2026/09/20 08:43:44.067, 0, 0 %, 0 %, 35270 MiB, 36.45 W
2026/09/20 08:43:44.068, 1, 0 %, 0 %, 35270 MiB, 35.63 W
2026/09/20 08:43:44.068, 2, 0 %, 0 %, 35271 MiB, 36.90 W
2026/09/20 08:43:49.068, 0, 0 %, 0 %, 35270 MiB, 36.16 W
2026/09/20 08:43:49.068, 1, 0 %, 0 %, 35270 MiB, 35.53 W
2026/09/20 08:43:49.068, 2, 0 %, 0 %, 35271 MiB, 36.59 W
2026/09/20 08:43:54.069, 0, 0 %, 0 %, 35270 MiB, 36.06 W
2026/09/20 08:43:54.069, 1, 0 %, 0 %, 35270 MiB, 35.63 W
2026/09/20 08:43:54.069, 2, 0 %, 0 %, 35271 MiB, 36.69 W
2026/09/20 08:43:59.070, 0, 25 %, 1 %, 35270 MiB, 36.11 W
2026/09/20 08:43:59.070, 1, 0 %, 0 %, 35270 MiB, 35.59 W
2026/09/20 08:43:59.071, 2, 0 %, 0 %, 35271 MiB, 36.54 W
2026/09/20 08:44:04.071, 0, 0 %, 0 %, 35270 MiB, 35.95 W
2026/09/20 08:44:04.071, 1, 0 %, 0 %, 35270 MiB, 35.52 W
2026/09/20 08:44:04.072, 2, 0 %, 0 %, 35271 MiB, 36.77 W
2026/09/20 08:44:09.073, 0, 0 %, 0 %, 35270 MiB, 36.03 W
2026/09/20 08:44:09.073, 1, 0 %, 0 %, 35270 MiB, 35.51 W
2026/09/20 08:44:09.073, 2, 0 %, 0 %, 35271 MiB, 36.66 W
2026/09/20 08:44:14.075, 0, 0 %, 0 %, 35270 MiB, 38.87 W
2026/09/20 08:44:14.075, 1, 0 %, 0 %, 35270 MiB, 35.68 W
2026/09/20 08:44:14.075, 2, 0 %, 0 %, 35271 MiB, 36.65 W
2026/09/20 08:44:19.077, 0, 31 %, 1 %, 35270 MiB, 36.11 W
2026/09/20 08:44:19.077, 1, 0 %, 0 %, 35270 MiB, 35.60 W
2026/09/20 08:44:19.078, 2, 0 %, 0 %, 35271 MiB, 36.94 W
2026/09/20 08:44:24.079, 0, 4 %, 0 %, 35270 MiB, 36.01 W
2026/09/20 08:44:24.079, 1, 0 %, 0 %, 35270 MiB, 35.60 W
2026/09/20 08:44:24.079, 2, 0 %, 0 %, 35271 MiB, 36.64 W
2026/09/20 08:44:29.081, 0, 0 %, 0 %, 35270 MiB, 35.92 W
2026/09/20 08:44:29.081, 1, 0 %, 0 %, 35270 MiB, 35.59 W
2026/09/20 08:44:29.081, 2, 0 %, 0 %, 35271 MiB, 36.65 W
2026/09/20 08:44:34.083, 0, 0 %, 0 %, 35270 MiB, 36.31 W
2026/09/20 08:44:34.083, 1, 0 %, 0 %, 35270 MiB, 35.40 W
2026/09/20 08:44:34.084, 2, 0 %, 0 %, 35271 MiB, 36.54 W
2026/09/20 08:44:39.084, 0, 0 %, 0 %, 35270 MiB, 36.01 W
2026/09/20 08:44:39.084, 1, 0 %, 0 %, 35270 MiB, 35.29 W
2026/09/20 08:44:39.084, 2, 0 %, 0 %, 35271 MiB, 36.75 W
2026/09/20 08:44:44.085, 0, 0 %, 0 %, 35270 MiB, 36.11 W
2026/09/20 08:44:44.085, 1, 0 %, 0 %, 35270 MiB, 35.29 W
2026/09/20 08:44:44.085, 2, 0 %, 0 %, 35271 MiB, 36.54 W
2026/09/20 08:44:49.087, 0, 10 %, 0 %, 35270 MiB, 35.92 W
2026/09/20 08:44:49.087, 1, 0 %, 0 %, 35270 MiB, 35.50 W
2026/09/20 08:44:49.087, 2, 0 %, 0 %, 35271 MiB, 36.44 W
2026/09/20 08:44:54.089, 0, 0 %, 0 %, 35270 MiB, 36.12 W
2026/09/20 08:44:54.089, 1, 0 %, 0 %, 35270 MiB, 35.31 W
2026/09/20 08:44:54.089, 2, 0 %, 0 %, 35271 MiB, 36.44 W
2026/09/20 08:44:59.090, 0, 0 %, 0 %, 35270 MiB, 36.11 W
2026/09/20 08:44:59.090, 1, 0 %, 0 %, 35270 MiB, 35.40 W
2026/09/20 08:44:59.090, 2, 0 %, 0 %, 35271 MiB, 36.65 W
2026/09/20 08:45:04.091, 0, 0 %, 0 %, 35270 MiB, 35.81 W
2026/09/20 08:45:04.091, 1, 0 %, 0 %, 35270 MiB, 35.38 W
2026/09/20 08:45:04.091, 2, 0 %, 0 %, 35271 MiB, 36.43 W
2026/09/20 08:45:09.093, 0, 0 %, 0 %, 35270 MiB, 36.11 W
2026/09/20 08:45:09.093, 1, 0 %, 0 %, 35270 MiB, 35.48 W
2026/09/20 08:45:09.093, 2, 0 %, 0 %, 35271 MiB, 36.53 W
2026/09/20 08:45:14.095, 0, 0 %, 0 %, 35270 MiB, 35.92 W
2026/09/20 08:45:14.095, 1, 0 %, 0 %, 35270 MiB, 35.39 W
2026/09/20 08:45:14.095, 2, 0 %, 0 %, 35271 MiB, 36.43 W
2026/09/20 08:45:19.097, 0, 0 %, 0 %, 35270 MiB, 35.89 W
2026/09/20 08:45:19.097, 1, 0 %, 0 %, 35270 MiB, 35.28 W
2026/09/20 08:45:19.097, 2, 0 %, 0 %, 35271 MiB, 36.65 W
2026/09/20 08:45:24.099, 0, 0 %, 0 %, 35270 MiB, 35.92 W
2026/09/20 08:45:24.100, 1, 0 %, 0 %, 35270 MiB, 35.40 W
2026/09/20 08:45:24.100, 2, 0 %, 0 %, 35271 MiB, 36.54 W
2026/09/20 08:45:29.100, 0, 0 %, 0 %, 35270 MiB, 36.01 W
2026/09/20 08:45:29.100, 1, 0 %, 0 %, 35270 MiB, 35.49 W
2026/09/20 08:45:29.101, 2, 0 %, 0 %, 35271 MiB, 36.54 W
2026/09/20 08:45:34.107, 0, 0 %, 0 %, 35270 MiB, 35.91 W
2026/09/20 08:45:34.108, 1, 0 %, 0 %, 35270 MiB, 35.38 W
2026/09/20 08:45:34.108, 2, 0 %, 0 %, 35271 MiB, 36.85 W
2026/09/20 08:45:39.108, 0, 5 %, 0 %, 35270 MiB, 35.92 W
2026/09/20 08:45:39.108, 1, 0 %, 0 %, 35270 MiB, 35.49 W
2026/09/20 08:45:39.109, 2, 0 %, 0 %, 35271 MiB, 36.43 W
2026/09/20 08:45:44.118, 0, 5 %, 0 %, 35270 MiB, 38.27 W
2026/09/20 08:45:44.119, 1, 0 %, 0 %, 35270 MiB, 35.48 W
2026/09/20 08:45:44.119, 2, 0 %, 0 %, 35271 MiB, 36.33 W
2026/09/20 08:45:49.119, 0, 0 %, 0 %, 35270 MiB, 36.10 W
2026/09/20 08:45:49.119, 1, 0 %, 0 %, 35270 MiB, 35.29 W
2026/09/20 08:45:49.120, 2, 0 %, 0 %, 35271 MiB, 36.33 W
2026/09/20 08:45:54.121, 0, 8 %, 0 %, 35270 MiB, 36.10 W
2026/09/20 08:45:54.121, 1, 0 %, 0 %, 35270 MiB, 35.29 W
2026/09/20 08:45:54.121, 2, 0 %, 0 %, 35271 MiB, 36.54 W
2026/09/20 08:45:59.122, 0, 6 %, 0 %, 35270 MiB, 39.76 W
2026/09/20 08:45:59.122, 1, 0 %, 0 %, 35270 MiB, 35.29 W
2026/09/20 08:45:59.122, 2, 0 %, 0 %, 35271 MiB, 36.54 W
2026/09/20 08:46:04.123, 0, 5 %, 0 %, 35270 MiB, 41.02 W
2026/09/20 08:46:04.123, 1, 0 %, 0 %, 35270 MiB, 35.48 W
2026/09/20 08:46:04.123, 2, 0 %, 0 %, 35271 MiB, 36.44 W
2026/09/20 08:46:09.125, 0, 0 %, 0 %, 35270 MiB, 35.92 W
2026/09/20 08:46:09.125, 1, 0 %, 0 %, 35270 MiB, 35.29 W
2026/09/20 08:46:09.126, 2, 0 %, 0 %, 35271 MiB, 36.43 W
2026/09/20 08:46:14.127, 0, 0 %, 0 %, 35270 MiB, 36.99 W
2026/09/20 08:46:14.127, 1, 0 %, 0 %, 35270 MiB, 35.30 W
2026/09/20 08:46:14.127, 2, 0 %, 0 %, 35271 MiB, 36.55 W
2026/09/20 08:46:19.129, 0, 2 %, 0 %, 35270 MiB, 36.31 W
2026/09/20 08:46:19.129, 1, 0 %, 0 %, 35270 MiB, 35.29 W
2026/09/20 08:46:19.129, 2, 0 %, 0 %, 35271 MiB, 36.54 W
2026/09/20 08:46:24.130, 0, 0 %, 0 %, 35270 MiB, 36.11 W
2026/09/20 08:46:24.130, 1, 0 %, 0 %, 35270 MiB, 35.39 W
2026/09/20 08:46:24.130, 2, 0 %, 0 %, 35271 MiB, 36.54 W
2026/09/20 08:46:29.132, 0, 25 %, 1 %, 35270 MiB, 36.01 W
2026/09/20 08:46:29.132, 1, 0 %, 0 %, 35270 MiB, 35.39 W
2026/09/20 08:46:29.132, 2, 0 %, 0 %, 35271 MiB, 36.54 W
2026/09/20 08:46:34.134, 0, 0 %, 0 %, 35270 MiB, 35.91 W
2026/09/20 08:46:34.134, 1, 0 %, 0 %, 35270 MiB, 35.29 W
2026/09/20 08:46:34.134, 2, 0 %, 0 %, 35271 MiB, 36.64 W
2026/09/20 08:46:39.136, 0, 0 %, 0 %, 35270 MiB, 35.92 W
2026/09/20 08:46:39.136, 1, 0 %, 0 %, 35270 MiB, 35.39 W
2026/09/20 08:46:39.136, 2, 0 %, 0 %, 35271 MiB, 36.54 W
2026/09/20 08:46:44.138, 0, 15 %, 1 %, 35270 MiB, 36.11 W
2026/09/20 08:46:44.138, 1, 0 %, 0 %, 35270 MiB, 35.48 W
2026/09/20 08:46:44.138, 2, 0 %, 0 %, 35271 MiB, 36.33 W
2026/09/20 08:46:49.140, 0, 20 %, 1 %, 35270 MiB, 35.92 W
2026/09/20 08:46:49.140, 1, 0 %, 0 %, 35270 MiB, 35.10 W
2026/09/20 08:46:49.140, 2, 0 %, 0 %, 35271 MiB, 36.65 W
2026/09/20 08:46:54.142, 0, 0 %, 0 %, 35270 MiB, 35.92 W
2026/09/20 08:46:54.142, 1, 0 %, 0 %, 35270 MiB, 35.29 W
2026/09/20 08:46:54.142, 2, 0 %, 0 %, 35271 MiB, 36.33 W
2026/09/20 08:46:59.144, 0, 25 %, 1 %, 35270 MiB, 36.31 W
2026/09/20 08:46:59.145, 1, 0 %, 0 %, 35270 MiB, 35.49 W
2026/09/20 08:46:59.145, 2, 0 %, 0 %, 35271 MiB, 36.43 W
2026/09/20 08:47:04.145, 0, 0 %, 0 %, 35270 MiB, 36.13 W
2026/09/20 08:47:04.145, 1, 0 %, 0 %, 35270 MiB, 35.32 W
2026/09/20 08:47:04.145, 2, 0 %, 0 %, 35271 MiB, 36.46 W
2026/09/20 08:47:09.147, 0, 0 %, 0 %, 35270 MiB, 36.11 W
2026/09/20 08:47:09.147, 1, 0 %, 0 %, 35270 MiB, 35.29 W
2026/09/20 08:47:09.147, 2, 0 %, 0 %, 35271 MiB, 36.52 W
2026/09/20 08:47:14.149, 0, 20 %, 1 %, 35270 MiB, 35.92 W
2026/09/20 08:47:14.149, 1, 0 %, 0 %, 35270 MiB, 35.20 W
2026/09/20 08:47:14.149, 2, 0 %, 0 %, 35271 MiB, 36.44 W
2026/09/20 08:47:19.151, 0, 8 %, 0 %, 35270 MiB, 43.59 W
2026/09/20 08:47:19.151, 1, 0 %, 0 %, 35270 MiB, 35.48 W
2026/09/20 08:47:19.152, 2, 0 %, 0 %, 35271 MiB, 36.54 W
2026/09/20 08:47:24.153, 0, 5 %, 0 %, 35270 MiB, 35.92 W
2026/09/20 08:47:24.153, 1, 0 %, 0 %, 35270 MiB, 35.29 W
2026/09/20 08:47:24.153, 2, 0 %, 0 %, 35271 MiB, 36.54 W
2026/09/20 08:47:29.155, 0, 0 %, 0 %, 35270 MiB, 35.92 W
2026/09/20 08:47:29.155, 1, 0 %, 0 %, 35270 MiB, 35.39 W
2026/09/20 08:47:29.156, 2, 0 %, 0 %, 35271 MiB, 36.65 W
2026/09/20 08:47:34.157, 0, 0 %, 0 %, 35270 MiB, 36.00 W
2026/09/20 08:47:34.157, 1, 0 %, 0 %, 35270 MiB, 35.29 W
2026/09/20 08:47:34.158, 2, 0 %, 0 %, 35271 MiB, 36.54 W
2026/09/20 08:47:39.159, 0, 0 %, 0 %, 35270 MiB, 36.00 W
2026/09/20 08:47:39.159, 1, 0 %, 0 %, 35270 MiB, 35.48 W
2026/09/20 08:47:39.159, 2, 0 %, 0 %, 35271 MiB, 36.64 W
2026/09/20 08:47:44.161, 0, 25 %, 1 %, 35270 MiB, 35.92 W
2026/09/20 08:47:44.161, 1, 0 %, 0 %, 35270 MiB, 35.29 W
2026/09/20 08:47:44.161, 2, 0 %, 0 %, 35271 MiB, 36.85 W
2026/09/20 08:47:49.162, 0, 0 %, 0 %, 35270 MiB, 35.94 W
2026/09/20 08:47:49.162, 1, 0 %, 0 %, 35270 MiB, 35.33 W
2026/09/20 08:47:49.162, 2, 0 %, 0 %, 35271 MiB, 36.68 W
2026/09/20 08:47:54.164, 0, 0 %, 0 %, 35270 MiB, 36.21 W
2026/09/20 08:47:54.164, 1, 0 %, 0 %, 35270 MiB, 35.59 W
2026/09/20 08:47:54.164, 2, 0 %, 0 %, 35271 MiB, 36.43 W
2026/09/20 08:47:59.166, 0, 10 %, 0 %, 35270 MiB, 36.01 W
2026/09/20 08:47:59.166, 1, 0 %, 0 %, 35270 MiB, 35.29 W
2026/09/20 08:47:59.166, 2, 0 %, 0 %, 35271 MiB, 36.43 W
2026/09/20 08:48:04.167, 0, 15 %, 1 %, 35270 MiB, 36.01 W
2026/09/20 08:48:04.167, 1, 0 %, 0 %, 35270 MiB, 35.29 W
2026/09/20 08:48:04.167, 2, 0 %, 0 %, 35271 MiB, 36.64 W
2026/09/20 08:48:09.169, 0, 10 %, 0 %, 35270 MiB, 36.00 W
2026/09/20 08:48:09.169, 1, 0 %, 0 %, 35270 MiB, 35.29 W
2026/09/20 08:48:09.170, 2, 0 %, 0 %, 35271 MiB, 36.54 W
2026/09/20 08:48:14.170, 0, 0 %, 0 %, 35270 MiB, 38.17 W
2026/09/20 08:48:14.170, 1, 0 %, 0 %, 35270 MiB, 35.38 W
2026/09/20 08:48:14.171, 2, 0 %, 0 %, 35271 MiB, 36.54 W
2026/09/20 08:48:19.172, 0, 0 %, 0 %, 35270 MiB, 41.14 W
2026/09/20 08:48:19.172, 1, 0 %, 0 %, 35270 MiB, 35.39 W
2026/09/20 08:48:19.173, 2, 0 %, 0 %, 35271 MiB, 36.54 W
2026/09/20 08:48:24.174, 0, 0 %, 0 %, 35270 MiB, 35.92 W
2026/09/20 08:48:24.174, 1, 0 %, 0 %, 35270 MiB, 35.29 W
2026/09/20 08:48:24.174, 2, 0 %, 0 %, 35271 MiB, 36.65 W
2026/09/20 08:48:29.176, 0, 5 %, 0 %, 35270 MiB, 35.92 W
2026/09/20 08:48:29.176, 1, 0 %, 0 %, 35270 MiB, 35.29 W
2026/09/20 08:48:29.176, 2, 0 %, 0 %, 35271 MiB, 36.65 W
2026/09/20 08:48:34.178, 0, 0 %, 0 %, 35270 MiB, 35.91 W
2026/09/20 08:48:34.178, 1, 0 %, 0 %, 35270 MiB, 35.48 W
2026/09/20 08:48:34.178, 2, 0 %, 0 %, 35271 MiB, 36.65 W
2026/09/20 08:48:39.179, 0, 0 %, 0 %, 35270 MiB, 36.29 W
2026/09/20 08:48:39.180, 1, 0 %, 0 %, 35270 MiB, 35.48 W
2026/09/20 08:48:39.180, 2, 0 %, 0 %, 35271 MiB, 36.83 W
2026/09/20 08:48:44.181, 0, 0 %, 0 %, 35270 MiB, 35.89 W
2026/09/20 08:48:44.181, 1, 0 %, 0 %, 35270 MiB, 35.38 W
2026/09/20 08:48:44.182, 2, 0 %, 0 %, 35271 MiB, 36.64 W
2026/09/20 08:48:49.183, 0, 0 %, 0 %, 35270 MiB, 36.11 W
2026/09/20 08:48:49.183, 1, 0 %, 0 %, 35270 MiB, 35.59 W
2026/09/20 08:48:49.183, 2, 0 %, 0 %, 35271 MiB, 36.65 W
2026/09/20 08:48:54.185, 0, 0 %, 0 %, 35270 MiB, 36.00 W
2026/09/20 08:48:54.185, 1, 3 %, 0 %, 35270 MiB, 35.48 W
2026/09/20 08:48:54.185, 2, 0 %, 0 %, 35271 MiB, 36.63 W
2026/09/20 08:48:59.186, 0, 0 %, 0 %, 35270 MiB, 36.01 W
2026/09/20 08:48:59.186, 1, 0 %, 0 %, 35270 MiB, 35.38 W
2026/09/20 08:48:59.187, 2, 0 %, 0 %, 35271 MiB, 36.54 W
2026/09/20 08:49:04.188, 0, 0 %, 0 %, 35270 MiB, 35.91 W
2026/09/20 08:49:04.188, 1, 0 %, 0 %, 35270 MiB, 35.29 W
2026/09/20 08:49:04.188, 2, 0 %, 0 %, 35271 MiB, 36.54 W
2026/09/20 08:49:09.190, 0, 0 %, 0 %, 35270 MiB, 36.10 W
2026/09/20 08:49:09.190, 1, 0 %, 0 %, 35270 MiB, 35.38 W
2026/09/20 08:49:09.190, 2, 0 %, 0 %, 35271 MiB, 36.53 W
2026/09/20 08:49:14.192, 0, 0 %, 0 %, 35270 MiB, 36.01 W
2026/09/20 08:49:14.192, 1, 0 %, 0 %, 35270 MiB, 35.18 W
2026/09/20 08:49:14.192, 2, 0 %, 0 %, 35271 MiB, 36.54 W
2026/09/20 08:49:19.194, 0, 0 %, 0 %, 35270 MiB, 36.10 W
2026/09/20 08:49:19.194, 1, 25 %, 1 %, 35270 MiB, 35.20 W
2026/09/20 08:49:19.194, 2, 0 %, 0 %, 35271 MiB, 36.64 W
2026/09/20 08:49:24.196, 0, 25 %, 1 %, 35270 MiB, 36.10 W
2026/09/20 08:49:24.196, 1, 0 %, 0 %, 35270 MiB, 35.39 W
2026/09/20 08:49:24.197, 2, 0 %, 0 %, 35271 MiB, 36.53 W
2026/09/20 08:49:29.198, 0, 0 %, 0 %, 35270 MiB, 36.01 W
2026/09/20 08:49:29.198, 1, 0 %, 0 %, 35270 MiB, 35.38 W
2026/09/20 08:49:29.198, 2, 0 %, 0 %, 35271 MiB, 36.54 W
2026/09/20 08:49:34.200, 0, 0 %, 0 %, 35270 MiB, 35.92 W
2026/09/20 08:49:34.200, 1, 25 %, 1 %, 35270 MiB, 35.38 W
2026/09/20 08:49:34.200, 2, 0 %, 0 %, 35271 MiB, 36.85 W
2026/09/20 08:49:39.201, 0, 0 %, 0 %, 35270 MiB, 35.92 W
2026/09/20 08:49:39.201, 1, 0 %, 0 %, 35270 MiB, 35.40 W
2026/09/20 08:49:39.201, 2, 0 %, 0 %, 35271 MiB, 36.64 W
2026/09/20 08:49:44.203, 0, 0 %, 0 %, 35270 MiB, 36.11 W
2026/09/20 08:49:44.203, 1, 0 %, 0 %, 35270 MiB, 35.49 W
2026/09/20 08:49:44.203, 2, 0 %, 0 %, 35271 MiB, 36.65 W
2026/09/20 08:49:49.205, 0, 0 %, 0 %, 35270 MiB, 35.92 W
2026/09/20 08:49:49.205, 1, 0 %, 0 %, 35270 MiB, 35.39 W
2026/09/20 08:49:49.205, 2, 0 %, 0 %, 35271 MiB, 36.64 W
2026/09/20 08:49:54.207, 0, 0 %, 0 %, 35270 MiB, 35.92 W
2026/09/20 08:49:54.207, 1, 0 %, 0 %, 35270 MiB, 36.17 W
2026/09/20 08:49:54.207, 2, 0 %, 0 %, 35271 MiB, 36.85 W
2026/09/20 08:49:59.209, 0, 0 %, 0 %, 35270 MiB, 35.92 W
2026/09/20 08:49:59.209, 1, 0 %, 0 %, 35270 MiB, 35.39 W
2026/09/20 08:49:59.209, 2, 0 %, 0 %, 35271 MiB, 36.64 W
2026/09/20 08:50:04.210, 0, 0 %, 0 %, 35270 MiB, 36.11 W
2026/09/20 08:50:04.211, 1, 0 %, 0 %, 35270 MiB, 35.49 W
2026/09/20 08:50:04.211, 2, 0 %, 0 %, 35271 MiB, 36.74 W
2026/09/20 08:50:09.211, 0, 25 %, 1 %, 35270 MiB, 36.03 W
2026/09/20 08:50:09.212, 1, 0 %, 0 %, 35270 MiB, 35.51 W
2026/09/20 08:50:09.212, 2, 0 %, 0 %, 35271 MiB, 36.54 W
2026/09/20 08:50:14.213, 0, 0 %, 0 %, 35270 MiB, 35.89 W
2026/09/20 08:50:14.213, 1, 0 %, 0 %, 35270 MiB, 35.29 W
2026/09/20 08:50:14.213, 2, 0 %, 0 %, 35271 MiB, 36.52 W
2026/09/20 08:50:19.215, 0, 0 %, 0 %, 35270 MiB, 36.11 W
2026/09/20 08:50:19.215, 1, 0 %, 0 %, 35270 MiB, 35.38 W
2026/09/20 08:50:19.215, 2, 0 %, 0 %, 35271 MiB, 36.64 W
2026/09/20 08:50:24.217, 0, 0 %, 0 %, 35270 MiB, 36.10 W
2026/09/20 08:50:24.217, 1, 0 %, 0 %, 35270 MiB, 35.39 W
2026/09/20 08:50:24.217, 2, 0 %, 0 %, 35271 MiB, 36.64 W
2026/09/20 08:50:29.219, 0, 0 %, 0 %, 35270 MiB, 36.01 W
2026/09/20 08:50:29.219, 1, 0 %, 0 %, 35270 MiB, 35.29 W
2026/09/20 08:50:29.219, 2, 0 %, 0 %, 35271 MiB, 36.75 W
2026/09/20 08:50:34.220, 0, 0 %, 0 %, 35270 MiB, 36.01 W
2026/09/20 08:50:34.221, 1, 0 %, 0 %, 35270 MiB, 35.59 W
2026/09/20 08:50:34.221, 2, 0 %, 0 %, 35271 MiB, 36.64 W
2026/09/20 08:50:39.221, 0, 0 %, 0 %, 35270 MiB, 35.92 W
2026/09/20 08:50:39.222, 1, 0 %, 0 %, 35270 MiB, 40.41 W
2026/09/20 08:50:39.222, 2, 0 %, 0 %, 35271 MiB, 36.64 W
2026/09/20 08:50:44.223, 0, 0 %, 0 %, 35270 MiB, 35.92 W
2026/09/20 08:50:44.223, 1, 0 %, 0 %, 35270 MiB, 35.39 W
2026/09/20 08:50:44.224, 2, 0 %, 0 %, 35271 MiB, 36.64 W
2026/09/20 08:50:49.225, 0, 0 %, 0 %, 35270 MiB, 35.92 W
2026/09/20 08:50:49.225, 1, 0 %, 0 %, 35270 MiB, 35.39 W
2026/09/20 08:50:49.226, 2, 0 %, 0 %, 35271 MiB, 36.75 W
2026/09/20 08:50:54.227, 0, 0 %, 0 %, 35270 MiB, 35.92 W
2026/09/20 08:50:54.228, 1, 0 %, 0 %, 35270 MiB, 35.59 W
2026/09/20 08:50:54.228, 2, 0 %, 0 %, 35271 MiB, 36.75 W
2026/09/20 08:50:59.229, 0, 0 %, 0 %, 35270 MiB, 35.92 W
2026/09/20 08:50:59.229, 1, 0 %, 0 %, 35270 MiB, 35.49 W
2026/09/20 08:50:59.230, 2, 0 %, 0 %, 35271 MiB, 36.75 W
2026/09/20 08:51:04.231, 0, 0 %, 0 %, 35270 MiB, 35.92 W
2026/09/20 08:51:04.231, 1, 25 %, 1 %, 35270 MiB, 35.40 W
2026/09/20 08:51:04.231, 2, 0 %, 0 %, 35271 MiB, 36.94 W
2026/09/20 08:51:09.233, 0, 0 %, 0 %, 35270 MiB, 36.01 W
2026/09/20 08:51:09.233, 1, 22 %, 1 %, 35270 MiB, 35.48 W
2026/09/20 08:51:09.234, 2, 0 %, 0 %, 35271 MiB, 36.75 W
2026/09/20 08:51:14.235, 0, 0 %, 0 %, 35270 MiB, 35.92 W
2026/09/20 08:51:14.235, 1, 0 %, 0 %, 35270 MiB, 35.60 W
2026/09/20 08:51:14.235, 2, 0 %, 0 %, 35271 MiB, 36.54 W
2026/09/20 08:51:19.237, 0, 0 %, 0 %, 35270 MiB, 36.19 W
2026/09/20 08:51:19.237, 1, 0 %, 0 %, 35270 MiB, 40.90 W
2026/09/20 08:51:19.238, 2, 0 %, 0 %, 35271 MiB, 36.53 W
2026/09/20 08:51:24.239, 0, 0 %, 0 %, 35270 MiB, 36.01 W
2026/09/20 08:51:24.239, 1, 0 %, 0 %, 35270 MiB, 35.40 W
2026/09/20 08:51:24.239, 2, 0 %, 0 %, 35271 MiB, 36.75 W
2026/09/20 08:51:29.240, 0, 0 %, 0 %, 35270 MiB, 36.00 W
2026/09/20 08:51:29.240, 1, 0 %, 0 %, 35270 MiB, 35.48 W
2026/09/20 08:51:29.240, 2, 0 %, 0 %, 35271 MiB, 36.54 W
2026/09/20 08:51:34.242, 0, 0 %, 0 %, 35270 MiB, 36.10 W
2026/09/20 08:51:34.242, 1, 0 %, 0 %, 35270 MiB, 35.48 W
2026/09/20 08:51:34.242, 2, 0 %, 0 %, 35271 MiB, 36.54 W
2026/09/20 08:51:39.244, 0, 0 %, 0 %, 35270 MiB, 36.21 W
2026/09/20 08:51:39.244, 1, 15 %, 1 %, 35270 MiB, 35.39 W
2026/09/20 08:51:39.245, 2, 0 %, 0 %, 35271 MiB, 36.85 W
2026/09/20 08:51:44.245, 0, 0 %, 0 %, 35270 MiB, 35.82 W
2026/09/20 08:51:44.246, 1, 0 %, 0 %, 35270 MiB, 35.40 W
2026/09/20 08:51:44.246, 2, 0 %, 0 %, 35271 MiB, 36.64 W
2026/09/20 08:51:49.247, 0, 0 %, 0 %, 35270 MiB, 35.81 W
2026/09/20 08:51:49.247, 1, 0 %, 0 %, 35270 MiB, 35.38 W
2026/09/20 08:51:49.247, 2, 10 %, 0 %, 35271 MiB, 36.75 W
2026/09/20 08:51:54.249, 0, 0 %, 0 %, 35270 MiB, 35.92 W
2026/09/20 08:51:54.249, 1, 0 %, 0 %, 35270 MiB, 35.38 W
2026/09/20 08:51:54.249, 2, 0 %, 0 %, 35271 MiB, 36.75 W
2026/09/20 08:51:59.251, 0, 0 %, 0 %, 35270 MiB, 36.01 W
2026/09/20 08:51:59.251, 1, 0 %, 0 %, 35270 MiB, 35.38 W
2026/09/20 08:51:59.251, 2, 0 %, 0 %, 35271 MiB, 36.75 W
2026/09/20 08:52:04.252, 0, 0 %, 0 %, 35270 MiB, 35.92 W
2026/09/20 08:52:04.252, 1, 0 %, 0 %, 35270 MiB, 35.68 W
2026/09/20 08:52:04.252, 2, 0 %, 0 %, 35271 MiB, 36.75 W
2026/09/20 08:52:09.254, 0, 0 %, 0 %, 35270 MiB, 35.92 W
2026/09/20 08:52:09.254, 1, 0 %, 0 %, 35270 MiB, 35.50 W
2026/09/20 08:52:09.254, 2, 25 %, 1 %, 35271 MiB, 36.87 W
2026/09/20 08:52:14.256, 0, 0 %, 0 %, 35270 MiB, 35.91 W
2026/09/20 08:52:14.256, 1, 0 %, 0 %, 35270 MiB, 35.48 W
2026/09/20 08:52:14.256, 2, 0 %, 0 %, 35271 MiB, 36.85 W
2026/09/20 08:52:19.257, 0, 0 %, 0 %, 35270 MiB, 36.01 W
2026/09/20 08:52:19.257, 1, 0 %, 0 %, 35270 MiB, 35.42 W
2026/09/20 08:52:19.258, 2, 0 %, 0 %, 35271 MiB, 36.57 W
2026/09/20 08:52:24.258, 0, 0 %, 0 %, 35270 MiB, 36.04 W
2026/09/20 08:52:24.259, 1, 0 %, 0 %, 35270 MiB, 35.41 W
2026/09/20 08:52:24.259, 2, 0 %, 0 %, 35271 MiB, 36.57 W
2026/09/20 08:52:29.260, 0, 0 %, 0 %, 35270 MiB, 35.92 W
2026/09/20 08:52:29.260, 1, 25 %, 1 %, 35270 MiB, 35.41 W
2026/09/20 08:52:29.260, 2, 0 %, 0 %, 35271 MiB, 36.54 W
2026/09/20 08:52:34.262, 0, 0 %, 0 %, 35270 MiB, 36.01 W
2026/09/20 08:52:34.262, 1, 0 %, 0 %, 35270 MiB, 35.29 W
2026/09/20 08:52:34.263, 2, 0 %, 0 %, 35271 MiB, 36.75 W
2026/09/20 08:52:39.263, 0, 0 %, 0 %, 35270 MiB, 36.11 W
2026/09/20 08:52:39.263, 1, 0 %, 0 %, 35270 MiB, 35.31 W
2026/09/20 08:52:39.263, 2, 0 %, 0 %, 35271 MiB, 36.54 W
2026/09/20 08:52:44.264, 0, 0 %, 0 %, 35270 MiB, 36.01 W
2026/09/20 08:52:44.264, 1, 0 %, 0 %, 35270 MiB, 43.17 W
2026/09/20 08:52:44.265, 2, 0 %, 0 %, 35271 MiB, 36.65 W
2026/09/20 08:52:49.273, 0, 0 %, 0 %, 35270 MiB, 35.91 W
2026/09/20 08:52:49.273, 1, 0 %, 0 %, 35270 MiB, 35.29 W
2026/09/20 08:52:49.274, 2, 0 %, 0 %, 35271 MiB, 36.94 W
2026/09/20 08:52:54.275, 0, 0 %, 0 %, 35270 MiB, 35.82 W
2026/09/20 08:52:54.275, 1, 0 %, 0 %, 35270 MiB, 43.87 W
2026/09/20 08:52:54.275, 2, 0 %, 0 %, 35271 MiB, 36.64 W
2026/09/20 08:52:59.280, 0, 0 %, 0 %, 35270 MiB, 35.92 W
2026/09/20 08:52:59.280, 1, 4 %, 0 %, 35270 MiB, 39.74 W
2026/09/20 08:52:59.280, 2, 0 %, 0 %, 35271 MiB, 36.75 W
2026/09/20 08:53:04.282, 0, 0 %, 0 %, 35270 MiB, 35.91 W
2026/09/20 08:53:04.282, 1, 0 %, 0 %, 35270 MiB, 35.38 W
2026/09/20 08:53:04.282, 2, 0 %, 0 %, 35271 MiB, 36.75 W
2026/09/20 08:53:09.284, 0, 0 %, 0 %, 35270 MiB, 35.92 W
2026/09/20 08:53:09.284, 1, 0 %, 0 %, 35270 MiB, 35.38 W
2026/09/20 08:53:09.284, 2, 0 %, 0 %, 35271 MiB, 36.85 W
2026/09/20 08:53:14.285, 0, 0 %, 0 %, 35270 MiB, 36.01 W
2026/09/20 08:53:14.286, 1, 0 %, 0 %, 35270 MiB, 35.60 W
2026/09/20 08:53:14.286, 2, 9 %, 0 %, 35271 MiB, 36.75 W
2026/09/20 08:53:19.286, 0, 0 %, 0 %, 35270 MiB, 35.92 W
2026/09/20 08:53:19.286, 1, 0 %, 0 %, 35270 MiB, 35.48 W
2026/09/20 08:53:19.287, 2, 0 %, 0 %, 35271 MiB, 36.75 W
2026/09/20 08:53:24.288, 0, 0 %, 0 %, 35270 MiB, 35.93 W
2026/09/20 08:53:24.288, 1, 0 %, 0 %, 35270 MiB, 35.50 W
2026/09/20 08:53:24.288, 2, 0 %, 0 %, 35271 MiB, 36.75 W
2026/09/20 08:53:29.289, 0, 0 %, 0 %, 35270 MiB, 35.94 W
2026/09/20 08:53:29.290, 1, 0 %, 0 %, 35270 MiB, 45.58 W
2026/09/20 08:53:29.290, 2, 0 %, 0 %, 35271 MiB, 36.68 W
2026/09/20 08:53:34.291, 0, 0 %, 0 %, 35270 MiB, 35.90 W
2026/09/20 08:53:34.291, 1, 0 %, 0 %, 35270 MiB, 35.38 W
2026/09/20 08:53:34.291, 2, 0 %, 0 %, 35271 MiB, 36.74 W
2026/09/20 08:53:39.293, 0, 0 %, 0 %, 35270 MiB, 36.01 W
2026/09/20 08:53:39.293, 1, 0 %, 0 %, 35270 MiB, 35.21 W
2026/09/20 08:53:39.293, 2, 0 %, 0 %, 35271 MiB, 36.54 W
2026/09/20 08:53:44.294, 0, 0 %, 0 %, 35270 MiB, 36.04 W
2026/09/20 08:53:44.294, 1, 0 %, 0 %, 35270 MiB, 35.32 W
2026/09/20 08:53:44.294, 2, 0 %, 0 %, 35271 MiB, 36.97 W
2026/09/20 08:53:49.296, 0, 0 %, 0 %, 35270 MiB, 35.95 W
2026/09/20 08:53:49.296, 1, 0 %, 0 %, 35270 MiB, 35.33 W
2026/09/20 08:53:49.296, 2, 0 %, 0 %, 35271 MiB, 37.17 W
2026/09/20 08:53:54.298, 0, 0 %, 0 %, 35270 MiB, 36.21 W
2026/09/20 08:53:54.298, 1, 0 %, 0 %, 35270 MiB, 35.39 W
2026/09/20 08:53:54.298, 2, 0 %, 0 %, 35271 MiB, 36.65 W
2026/09/20 08:53:59.306, 0, 0 %, 0 %, 35270 MiB, 35.92 W
2026/09/20 08:53:59.306, 1, 25 %, 1 %, 35270 MiB, 35.29 W
2026/09/20 08:53:59.306, 2, 0 %, 0 %, 35271 MiB, 38.52 W
2026/09/20 08:54:04.308, 0, 0 %, 0 %, 35270 MiB, 35.92 W
2026/09/20 08:54:04.308, 1, 0 %, 0 %, 35270 MiB, 35.31 W
2026/09/20 08:54:04.308, 2, 0 %, 0 %, 35271 MiB, 36.76 W
2026/09/20 08:54:09.309, 0, 0 %, 0 %, 35270 MiB, 35.94 W
2026/09/20 08:54:09.310, 1, 0 %, 0 %, 35270 MiB, 35.51 W
2026/09/20 08:54:09.310, 2, 0 %, 0 %, 35271 MiB, 36.68 W
2026/09/20 08:54:14.311, 0, 0 %, 0 %, 35270 MiB, 36.04 W
2026/09/20 08:54:14.312, 1, 0 %, 0 %, 35270 MiB, 35.41 W
2026/09/20 08:54:14.312, 2, 0 %, 0 %, 35271 MiB, 36.75 W
2026/09/20 08:54:19.313, 0, 0 %, 0 %, 35270 MiB, 35.92 W
2026/09/20 08:54:19.313, 1, 0 %, 0 %, 35270 MiB, 35.31 W
2026/09/20 08:54:19.313, 2, 25 %, 1 %, 35271 MiB, 37.14 W
2026/09/20 08:54:24.314, 0, 0 %, 0 %, 35270 MiB, 35.94 W
2026/09/20 08:54:24.314, 1, 0 %, 0 %, 35270 MiB, 35.23 W
2026/09/20 08:54:24.314, 2, 0 %, 0 %, 35271 MiB, 36.77 W
2026/09/20 08:54:29.315, 0, 0 %, 0 %, 35270 MiB, 35.92 W
2026/09/20 08:54:29.315, 1, 0 %, 0 %, 35270 MiB, 35.50 W
2026/09/20 08:54:29.316, 2, 0 %, 0 %, 35271 MiB, 38.81 W
2026/09/20 08:54:34.317, 0, 0 %, 0 %, 35270 MiB, 35.94 W
2026/09/20 08:54:34.317, 1, 0 %, 0 %, 35270 MiB, 35.51 W
2026/09/20 08:54:34.317, 2, 0 %, 0 %, 35271 MiB, 36.55 W
2026/09/20 08:54:39.318, 0, 0 %, 0 %, 35270 MiB, 35.92 W
2026/09/20 08:54:39.319, 1, 0 %, 0 %, 35270 MiB, 35.31 W
2026/09/20 08:54:39.319, 2, 0 %, 0 %, 35271 MiB, 36.76 W
2026/09/20 08:54:44.319, 0, 0 %, 0 %, 35270 MiB, 36.04 W
2026/09/20 08:54:44.320, 1, 0 %, 0 %, 35270 MiB, 35.42 W
2026/09/20 08:54:44.320, 2, 0 %, 0 %, 35271 MiB, 36.57 W
2026/09/20 08:54:49.320, 0, 0 %, 0 %, 35270 MiB, 36.02 W
2026/09/20 08:54:49.320, 1, 0 %, 0 %, 35270 MiB, 35.31 W
2026/09/20 08:54:49.320, 2, 0 %, 0 %, 35271 MiB, 36.55 W
2026/09/20 08:54:54.322, 0, 0 %, 0 %, 35270 MiB, 36.01 W
2026/09/20 08:54:54.323, 1, 0 %, 0 %, 35270 MiB, 35.29 W
2026/09/20 08:54:54.323, 2, 0 %, 0 %, 35271 MiB, 36.65 W
2026/09/20 08:54:59.324, 0, 0 %, 0 %, 35270 MiB, 35.90 W
2026/09/20 08:54:59.324, 1, 0 %, 0 %, 35270 MiB, 35.29 W
2026/09/20 08:54:59.324, 2, 3 %, 0 %, 35271 MiB, 36.63 W
2026/09/20 08:55:04.325, 0, 0 %, 0 %, 35270 MiB, 35.83 W
2026/09/20 08:55:04.325, 1, 0 %, 0 %, 35270 MiB, 35.30 W
2026/09/20 08:55:04.325, 2, 0 %, 0 %, 35271 MiB, 36.54 W
2026/09/20 08:55:09.326, 0, 0 %, 0 %, 35270 MiB, 36.05 W
2026/09/20 08:55:09.327, 1, 0 %, 0 %, 35270 MiB, 35.23 W
2026/09/20 08:55:09.327, 2, 0 %, 0 %, 35271 MiB, 36.68 W
2026/09/20 08:55:14.329, 0, 0 %, 0 %, 35270 MiB, 35.92 W
2026/09/20 08:55:14.329, 1, 0 %, 0 %, 35270 MiB, 35.30 W
2026/09/20 08:55:14.330, 2, 0 %, 0 %, 35271 MiB, 36.85 W
2026/09/20 08:55:19.330, 0, 0 %, 0 %, 35270 MiB, 35.83 W
2026/09/20 08:55:19.330, 1, 0 %, 0 %, 35270 MiB, 35.42 W
2026/09/20 08:55:19.330, 2, 0 %, 0 %, 35271 MiB, 36.77 W
2026/09/20 08:55:24.332, 0, 0 %, 0 %, 35270 MiB, 35.92 W
2026/09/20 08:55:24.332, 1, 0 %, 0 %, 35270 MiB, 35.39 W
2026/09/20 08:55:24.333, 2, 0 %, 0 %, 35271 MiB, 36.64 W
2026/09/20 08:55:29.333, 0, 0 %, 0 %, 35270 MiB, 36.10 W
2026/09/20 08:55:29.333, 1, 0 %, 0 %, 35270 MiB, 35.38 W
2026/09/20 08:55:29.333, 2, 0 %, 0 %, 35271 MiB, 36.75 W
2026/09/20 08:55:34.335, 0, 0 %, 0 %, 35270 MiB, 35.92 W
2026/09/20 08:55:34.335, 1, 0 %, 0 %, 35270 MiB, 35.30 W
2026/09/20 08:55:34.335, 2, 0 %, 0 %, 35271 MiB, 36.75 W
2026/09/20 08:55:39.336, 0, 0 %, 0 %, 35270 MiB, 35.92 W
2026/09/20 08:55:39.337, 1, 0 %, 0 %, 35270 MiB, 35.51 W
2026/09/20 08:55:39.337, 2, 0 %, 0 %, 35271 MiB, 36.65 W
2026/09/20 08:55:44.338, 0, 0 %, 0 %, 35270 MiB, 35.92 W
2026/09/20 08:55:44.338, 1, 0 %, 0 %, 35270 MiB, 35.39 W
2026/09/20 08:55:44.338, 2, 0 %, 0 %, 35271 MiB, 36.54 W
2026/09/20 08:55:49.339, 0, 0 %, 0 %, 35270 MiB, 36.01 W
2026/09/20 08:55:49.339, 1, 0 %, 0 %, 35270 MiB, 35.29 W
2026/09/20 08:55:49.339, 2, 0 %, 0 %, 35271 MiB, 36.75 W
2026/09/20 08:55:54.341, 0, 0 %, 0 %, 35270 MiB, 35.92 W
2026/09/20 08:55:54.341, 1, 0 %, 0 %, 35270 MiB, 35.10 W
2026/09/20 08:55:54.341, 2, 0 %, 0 %, 35271 MiB, 36.64 W
2026/09/20 08:55:59.343, 0, 0 %, 0 %, 35270 MiB, 35.92 W
2026/09/20 08:55:59.343, 1, 0 %, 0 %, 35270 MiB, 35.20 W
2026/09/20 08:55:59.343, 2, 0 %, 0 %, 35271 MiB, 36.54 W
2026/09/20 08:56:04.344, 0, 0 %, 0 %, 35270 MiB, 36.03 W
2026/09/20 08:56:04.344, 1, 0 %, 0 %, 35270 MiB, 35.21 W
2026/09/20 08:56:04.345, 2, 0 %, 0 %, 35271 MiB, 36.55 W
2026/09/20 08:56:09.345, 0, 0 %, 0 %, 35270 MiB, 36.11 W
2026/09/20 08:56:09.345, 1, 0 %, 0 %, 35270 MiB, 35.29 W
2026/09/20 08:56:09.346, 2, 0 %, 0 %, 35271 MiB, 36.75 W
2026/09/20 08:56:14.347, 0, 0 %, 0 %, 35270 MiB, 35.85 W
2026/09/20 08:56:14.347, 1, 0 %, 0 %, 35270 MiB, 35.23 W
2026/09/20 08:56:14.347, 2, 0 %, 0 %, 35271 MiB, 36.57 W
2026/09/20 08:56:19.348, 0, 0 %, 0 %, 35270 MiB, 35.82 W
2026/09/20 08:56:19.348, 1, 0 %, 0 %, 35270 MiB, 35.41 W
2026/09/20 08:56:19.348, 2, 0 %, 0 %, 35271 MiB, 36.66 W
2026/09/20 08:56:24.350, 0, 0 %, 0 %, 35270 MiB, 35.92 W
2026/09/20 08:56:24.350, 1, 0 %, 0 %, 35270 MiB, 35.30 W
2026/09/20 08:56:24.350, 2, 0 %, 0 %, 35271 MiB, 36.64 W
2026/09/20 08:56:29.352, 0, 0 %, 0 %, 35270 MiB, 35.81 W
2026/09/20 08:56:29.352, 1, 0 %, 0 %, 35270 MiB, 35.30 W
2026/09/20 08:56:29.352, 2, 0 %, 0 %, 35271 MiB, 36.64 W
2026/09/20 08:56:34.354, 0, 0 %, 0 %, 35270 MiB, 35.81 W
2026/09/20 08:56:34.354, 1, 0 %, 0 %, 35270 MiB, 35.49 W
2026/09/20 08:56:34.354, 2, 0 %, 0 %, 35271 MiB, 36.64 W
2026/09/20 08:56:39.356, 0, 0 %, 0 %, 35270 MiB, 35.91 W
2026/09/20 08:56:39.356, 1, 0 %, 0 %, 35270 MiB, 35.38 W
2026/09/20 08:56:39.357, 2, 0 %, 0 %, 35271 MiB, 36.64 W
2026/09/20 08:56:44.358, 0, 0 %, 0 %, 35270 MiB, 36.10 W
2026/09/20 08:56:44.358, 1, 0 %, 0 %, 35270 MiB, 35.38 W
2026/09/20 08:56:44.358, 2, 0 %, 0 %, 35271 MiB, 36.85 W
2026/09/20 08:56:49.360, 0, 0 %, 0 %, 35270 MiB, 35.93 W
2026/09/20 08:56:49.361, 1, 0 %, 0 %, 35270 MiB, 35.30 W
2026/09/20 08:56:49.361, 2, 0 %, 0 %, 35271 MiB, 36.55 W
2026/09/20 08:56:54.362, 0, 0 %, 0 %, 35270 MiB, 35.92 W
2026/09/20 08:56:54.362, 1, 0 %, 0 %, 35270 MiB, 35.39 W
2026/09/20 08:56:54.362, 2, 0 %, 0 %, 35271 MiB, 36.54 W
2026/09/20 08:56:59.363, 0, 0 %, 0 %, 35270 MiB, 35.92 W
2026/09/20 08:56:59.363, 1, 0 %, 0 %, 35270 MiB, 35.10 W
2026/09/20 08:56:59.364, 2, 0 %, 0 %, 35271 MiB, 36.54 W
2026/09/20 08:57:04.365, 0, 0 %, 0 %, 35270 MiB, 36.10 W
2026/09/20 08:57:04.365, 1, 0 %, 0 %, 35270 MiB, 35.28 W
2026/09/20 08:57:04.365, 2, 0 %, 0 %, 35271 MiB, 36.74 W
2026/09/20 08:57:09.366, 0, 0 %, 0 %, 35270 MiB, 36.01 W
2026/09/20 08:57:09.366, 1, 0 %, 0 %, 35270 MiB, 35.29 W
2026/09/20 08:57:09.366, 2, 0 %, 0 %, 35271 MiB, 36.54 W
2026/09/20 08:57:14.376, 0, 0 %, 0 %, 35270 MiB, 36.01 W
2026/09/20 08:57:14.376, 1, 0 %, 0 %, 35270 MiB, 35.29 W
2026/09/20 08:57:14.376, 2, 0 %, 0 %, 35271 MiB, 36.54 W
2026/09/20 08:57:19.381, 0, 0 %, 0 %, 35270 MiB, 35.80 W
2026/09/20 08:57:19.381, 1, 0 %, 0 %, 35270 MiB, 35.29 W
2026/09/20 08:57:19.381, 2, 0 %, 0 %, 35271 MiB, 36.53 W
2026/09/20 08:57:24.382, 0, 0 %, 0 %, 35270 MiB, 36.00 W
2026/09/20 08:57:24.382, 1, 0 %, 0 %, 35270 MiB, 35.19 W
2026/09/20 08:57:24.382, 2, 0 %, 0 %, 35271 MiB, 36.74 W
2026/09/20 08:57:29.383, 0, 0 %, 0 %, 35270 MiB, 35.82 W
2026/09/20 08:57:29.383, 1, 0 %, 0 %, 35270 MiB, 35.49 W
2026/09/20 08:57:29.384, 2, 0 %, 0 %, 35271 MiB, 36.64 W
2026/09/20 08:57:34.384, 0, 0 %, 0 %, 35270 MiB, 35.84 W
2026/09/20 08:57:34.384, 1, 0 %, 0 %, 35270 MiB, 35.42 W
2026/09/20 08:57:34.384, 2, 0 %, 0 %, 35271 MiB, 36.67 W
2026/09/20 08:57:39.386, 0, 0 %, 0 %, 35270 MiB, 35.92 W
2026/09/20 08:57:39.386, 1, 0 %, 0 %, 35270 MiB, 35.38 W
2026/09/20 08:57:39.386, 2, 0 %, 0 %, 35271 MiB, 36.83 W
2026/09/20 08:57:44.392, 0, 0 %, 0 %, 35270 MiB, 35.94 W
2026/09/20 08:57:44.393, 1, 0 %, 0 %, 35270 MiB, 35.68 W
2026/09/20 08:57:44.393, 2, 0 %, 0 %, 35271 MiB, 36.75 W
2026/09/20 08:57:49.394, 0, 0 %, 0 %, 35270 MiB, 35.86 W
2026/09/20 08:57:49.394, 1, 0 %, 0 %, 35270 MiB, 35.53 W
2026/09/20 08:57:49.394, 2, 0 %, 0 %, 35271 MiB, 36.79 W
2026/09/20 08:57:54.395, 0, 0 %, 0 %, 35270 MiB, 35.84 W
2026/09/20 08:57:54.396, 1, 0 %, 0 %, 35270 MiB, 35.42 W
2026/09/20 08:57:54.396, 2, 0 %, 0 %, 35271 MiB, 36.77 W
2026/09/20 08:57:59.396, 0, 0 %, 0 %, 35270 MiB, 35.93 W
2026/09/20 08:57:59.396, 1, 0 %, 0 %, 35270 MiB, 35.32 W
2026/09/20 08:57:59.397, 2, 0 %, 0 %, 35271 MiB, 36.57 W
2026/09/20 08:58:04.399, 0, 0 %, 0 %, 35270 MiB, 36.01 W
2026/09/20 08:58:04.400, 1, 0 %, 0 %, 35270 MiB, 35.29 W
2026/09/20 08:58:04.400, 2, 0 %, 0 %, 35271 MiB, 36.54 W
2026/09/20 08:58:09.401, 0, 0 %, 0 %, 35270 MiB, 35.90 W
2026/09/20 08:58:09.401, 1, 0 %, 0 %, 35270 MiB, 35.19 W
2026/09/20 08:58:09.401, 2, 0 %, 0 %, 35271 MiB, 36.53 W
2026/09/20 08:58:14.403, 0, 0 %, 0 %, 35270 MiB, 36.01 W
2026/09/20 08:58:14.403, 1, 0 %, 0 %, 35270 MiB, 35.21 W
2026/09/20 08:58:14.403, 2, 0 %, 0 %, 35271 MiB, 36.54 W
2026/09/20 08:58:19.405, 0, 0 %, 0 %, 35270 MiB, 35.92 W
2026/09/20 08:58:19.405, 1, 0 %, 0 %, 35270 MiB, 35.29 W
2026/09/20 08:58:19.405, 2, 0 %, 0 %, 35271 MiB, 36.54 W
2026/09/20 08:58:24.407, 0, 0 %, 0 %, 35270 MiB, 35.92 W
2026/09/20 08:58:24.407, 1, 0 %, 0 %, 35270 MiB, 35.50 W
2026/09/20 08:58:24.407, 2, 0 %, 0 %, 35271 MiB, 36.54 W
2026/09/20 08:58:29.409, 0, 25 %, 1 %, 35270 MiB, 35.94 W
2026/09/20 08:58:29.409, 1, 0 %, 0 %, 35270 MiB, 35.31 W
2026/09/20 08:58:29.409, 2, 0 %, 0 %, 35271 MiB, 36.57 W
2026/09/20 08:58:34.411, 0, 0 %, 0 %, 35270 MiB, 35.94 W
2026/09/20 08:58:34.411, 1, 0 %, 0 %, 35270 MiB, 35.31 W
2026/09/20 08:58:34.411, 2, 0 %, 0 %, 35271 MiB, 36.76 W
2026/09/20 08:58:39.412, 0, 0 %, 0 %, 35270 MiB, 36.13 W
2026/09/20 08:58:39.412, 1, 0 %, 0 %, 35270 MiB, 35.42 W
2026/09/20 08:58:39.412, 2, 0 %, 0 %, 35271 MiB, 36.68 W
2026/09/20 08:58:44.414, 0, 25 %, 1 %, 35270 MiB, 36.12 W
2026/09/20 08:58:44.414, 1, 0 %, 0 %, 35270 MiB, 35.51 W
2026/09/20 08:58:44.414, 2, 0 %, 0 %, 35271 MiB, 36.75 W
2026/09/20 08:58:49.416, 0, 0 %, 0 %, 35270 MiB, 35.92 W
2026/09/20 08:58:49.416, 1, 0 %, 0 %, 35270 MiB, 35.38 W
2026/09/20 08:58:49.416, 2, 0 %, 0 %, 35271 MiB, 36.65 W
2026/09/20 08:58:54.418, 0, 19 %, 1 %, 35270 MiB, 35.92 W
2026/09/20 08:58:54.418, 1, 0 %, 0 %, 35270 MiB, 35.31 W
2026/09/20 08:58:54.418, 2, 0 %, 0 %, 35271 MiB, 36.87 W
2026/09/20 08:58:59.420, 0, 0 %, 0 %, 35270 MiB, 37.38 W
2026/09/20 08:58:59.420, 1, 0 %, 0 %, 35270 MiB, 35.49 W
2026/09/20 08:58:59.421, 2, 0 %, 0 %, 35271 MiB, 36.94 W
2026/09/20 08:59:04.423, 0, 50 %, 2 %, 35270 MiB, 37.59 W
2026/09/20 08:59:04.424, 1, 0 %, 0 %, 35270 MiB, 35.39 W
2026/09/20 08:59:04.424, 2, 0 %, 0 %, 35271 MiB, 36.54 W
2026/09/20 08:59:09.425, 0, 50 %, 2 %, 35270 MiB, 37.59 W
2026/09/20 08:59:09.425, 1, 0 %, 0 %, 35270 MiB, 35.21 W
2026/09/20 08:59:09.426, 2, 0 %, 0 %, 35271 MiB, 36.54 W
2026/09/20 08:59:14.427, 0, 20 %, 1 %, 35270 MiB, 36.01 W
2026/09/20 08:59:14.427, 1, 0 %, 0 %, 35270 MiB, 35.29 W
2026/09/20 08:59:14.427, 2, 0 %, 0 %, 35271 MiB, 36.65 W
2026/09/20 08:59:19.428, 0, 11 %, 0 %, 35270 MiB, 36.11 W
2026/09/20 08:59:19.428, 1, 0 %, 0 %, 35270 MiB, 35.30 W
2026/09/20 08:59:19.428, 2, 0 %, 0 %, 35271 MiB, 36.44 W
2026/09/20 08:59:24.430, 0, 0 %, 0 %, 35270 MiB, 44.06 W
2026/09/20 08:59:24.430, 1, 0 %, 0 %, 35270 MiB, 35.23 W
2026/09/20 08:59:24.430, 2, 0 %, 0 %, 35271 MiB, 36.68 W
2026/09/20 08:59:29.431, 0, 25 %, 1 %, 35270 MiB, 36.13 W
2026/09/20 08:59:29.431, 1, 0 %, 0 %, 35270 MiB, 35.31 W
2026/09/20 08:59:29.431, 2, 0 %, 0 %, 35271 MiB, 36.76 W
2026/09/20 08:59:34.432, 0, 0 %, 0 %, 35270 MiB, 36.13 W
2026/09/20 08:59:34.432, 1, 0 %, 0 %, 35270 MiB, 35.33 W
2026/09/20 08:59:34.432, 2, 0 %, 0 %, 35271 MiB, 36.57 W
2026/09/20 08:59:39.433, 0, 0 %, 0 %, 35270 MiB, 35.94 W
2026/09/20 08:59:39.433, 1, 0 %, 0 %, 35270 MiB, 35.42 W
2026/09/20 08:59:39.433, 2, 0 %, 0 %, 35271 MiB, 36.67 W
2026/09/20 08:59:44.435, 0, 25 %, 1 %, 35270 MiB, 41.38 W
2026/09/20 08:59:44.435, 1, 0 %, 0 %, 35270 MiB, 35.23 W
2026/09/20 08:59:44.435, 2, 0 %, 0 %, 35271 MiB, 36.58 W
2026/09/20 08:59:49.436, 0, 0 %, 0 %, 35270 MiB, 35.91 W
2026/09/20 08:59:49.436, 1, 0 %, 0 %, 35270 MiB, 35.28 W
2026/09/20 08:59:49.436, 2, 0 %, 0 %, 35271 MiB, 36.62 W
2026/09/20 08:59:54.437, 0, 0 %, 0 %, 35270 MiB, 36.01 W
2026/09/20 08:59:54.437, 1, 0 %, 0 %, 35270 MiB, 35.30 W
2026/09/20 08:59:54.437, 2, 0 %, 0 %, 35271 MiB, 36.65 W
2026/09/20 08:59:59.438, 0, 0 %, 0 %, 35270 MiB, 35.92 W
2026/09/20 08:59:59.438, 1, 0 %, 0 %, 35270 MiB, 35.39 W
2026/09/20 08:59:59.438, 2, 0 %, 0 %, 35271 MiB, 36.64 W
2026/09/20 09:00:04.440, 0, 0 %, 0 %, 35270 MiB, 35.92 W
2026/09/20 09:00:04.440, 1, 5 %, 0 %, 35270 MiB, 35.39 W
2026/09/20 09:00:04.440, 2, 0 %, 0 %, 35271 MiB, 36.85 W
2026/09/20 09:00:09.442, 0, 10 %, 0 %, 35270 MiB, 35.92 W
2026/09/20 09:00:09.442, 1, 20 %, 1 %, 35270 MiB, 35.48 W
2026/09/20 09:00:09.442, 2, 0 %, 0 %, 35271 MiB, 37.04 W
2026/09/20 09:00:14.444, 0, 0 %, 0 %, 35270 MiB, 36.01 W
2026/09/20 09:00:14.444, 1, 15 %, 1 %, 35270 MiB, 35.49 W
2026/09/20 09:00:14.444, 2, 0 %, 0 %, 35271 MiB, 36.54 W
2026/09/20 09:00:19.446, 0, 0 %, 0 %, 35270 MiB, 36.01 W
2026/09/20 09:00:19.447, 1, 5 %, 0 %, 35270 MiB, 39.92 W
2026/09/20 09:00:19.447, 2, 0 %, 0 %, 35271 MiB, 36.54 W
2026/09/20 09:00:24.448, 0, 0 %, 0 %, 35270 MiB, 36.01 W
2026/09/20 09:00:24.449, 1, 14 %, 0 %, 35270 MiB, 35.29 W
2026/09/20 09:00:24.449, 2, 0 %, 0 %, 35271 MiB, 36.75 W
2026/09/20 09:00:29.449, 0, 0 %, 0 %, 35270 MiB, 35.92 W
2026/09/20 09:00:29.449, 1, 20 %, 1 %, 35270 MiB, 35.29 W
2026/09/20 09:00:29.449, 2, 0 %, 0 %, 35271 MiB, 36.55 W
2026/09/20 09:00:34.450, 0, 0 %, 0 %, 35270 MiB, 35.99 W
2026/09/20 09:00:34.450, 1, 0 %, 0 %, 35270 MiB, 35.29 W
2026/09/20 09:00:34.450, 2, 0 %, 0 %, 35271 MiB, 36.53 W
2026/09/20 09:00:39.452, 0, 0 %, 0 %, 35270 MiB, 35.82 W
2026/09/20 09:00:39.452, 1, 0 %, 0 %, 35270 MiB, 35.29 W
2026/09/20 09:00:39.452, 2, 0 %, 0 %, 35271 MiB, 36.64 W
2026/09/20 09:00:44.454, 0, 0 %, 0 %, 35270 MiB, 35.82 W
2026/09/20 09:00:44.454, 1, 0 %, 0 %, 35270 MiB, 40.42 W
2026/09/20 09:00:44.454, 2, 0 %, 0 %, 35271 MiB, 36.75 W
2026/09/20 09:00:49.456, 0, 0 %, 0 %, 35270 MiB, 36.11 W
2026/09/20 09:00:49.457, 1, 8 %, 0 %, 35270 MiB, 36.77 W
2026/09/20 09:00:49.457, 2, 0 %, 0 %, 35271 MiB, 36.64 W
2026/09/20 09:00:54.458, 0, 0 %, 0 %, 35270 MiB, 35.93 W
2026/09/20 09:00:54.458, 1, 25 %, 1 %, 35270 MiB, 35.31 W
2026/09/20 09:00:54.458, 2, 0 %, 0 %, 35271 MiB, 36.68 W
2026/09/20 09:00:59.460, 0, 0 %, 0 %, 35270 MiB, 35.84 W
2026/09/20 09:00:59.460, 1, 0 %, 0 %, 35270 MiB, 35.42 W
2026/09/20 09:00:59.460, 2, 18 %, 1 %, 35271 MiB, 36.97 W
2026/09/20 09:01:04.462, 0, 0 %, 0 %, 35270 MiB, 35.83 W
2026/09/20 09:01:04.462, 1, 0 %, 0 %, 35270 MiB, 35.41 W
2026/09/20 09:01:04.462, 2, 0 %, 0 %, 35271 MiB, 36.65 W
2026/09/20 09:01:09.464, 0, 0 %, 0 %, 35270 MiB, 36.01 W
2026/09/20 09:01:09.464, 1, 0 %, 0 %, 35270 MiB, 35.49 W
2026/09/20 09:01:09.464, 2, 2 %, 0 %, 35271 MiB, 36.75 W
2026/09/20 09:01:14.465, 0, 0 %, 0 %, 35270 MiB, 36.04 W
2026/09/20 09:01:14.466, 1, 0 %, 0 %, 35270 MiB, 35.41 W
2026/09/20 09:01:14.466, 2, 0 %, 0 %, 35271 MiB, 36.76 W
2026/09/20 09:01:19.467, 0, 0 %, 0 %, 35270 MiB, 35.92 W
2026/09/20 09:01:19.468, 1, 0 %, 0 %, 35270 MiB, 35.39 W
2026/09/20 09:01:19.468, 2, 0 %, 0 %, 35271 MiB, 36.64 W
2026/09/20 09:01:24.469, 0, 0 %, 0 %, 35270 MiB, 35.93 W
2026/09/20 09:01:24.469, 1, 0 %, 0 %, 35270 MiB, 35.51 W
2026/09/20 09:01:24.469, 2, 0 %, 0 %, 35271 MiB, 36.55 W
2026/09/20 09:01:29.471, 0, 0 %, 0 %, 35270 MiB, 36.13 W
2026/09/20 09:01:29.471, 1, 0 %, 0 %, 35270 MiB, 35.22 W
2026/09/20 09:01:29.471, 2, 0 %, 0 %, 35271 MiB, 36.57 W
2026/09/20 09:01:34.472, 0, 0 %, 0 %, 35270 MiB, 36.04 W
2026/09/20 09:01:34.472, 1, 0 %, 0 %, 35270 MiB, 35.23 W
2026/09/20 09:01:34.472, 2, 0 %, 0 %, 35271 MiB, 36.77 W
2026/09/20 09:01:39.474, 0, 0 %, 0 %, 35270 MiB, 36.01 W
2026/09/20 09:01:39.474, 1, 0 %, 0 %, 35270 MiB, 35.29 W
2026/09/20 09:01:39.474, 2, 0 %, 0 %, 35271 MiB, 39.01 W
2026/09/20 09:01:44.475, 0, 0 %, 0 %, 35270 MiB, 36.01 W
2026/09/20 09:01:44.475, 1, 0 %, 0 %, 35270 MiB, 35.29 W
2026/09/20 09:01:44.475, 2, 0 %, 0 %, 35271 MiB, 36.54 W
2026/09/20 09:01:49.476, 0, 0 %, 0 %, 35270 MiB, 35.83 W
2026/09/20 09:01:49.476, 1, 0 %, 0 %, 35270 MiB, 35.33 W
2026/09/20 09:01:49.476, 2, 0 %, 0 %, 35271 MiB, 36.77 W
2026/09/20 09:01:54.477, 0, 0 %, 0 %, 35270 MiB, 35.85 W
2026/09/20 09:01:54.477, 1, 0 %, 0 %, 35270 MiB, 35.23 W
2026/09/20 09:01:54.478, 2, 0 %, 0 %, 35271 MiB, 36.66 W
2026/09/20 09:01:59.488, 0, 0 %, 0 %, 35270 MiB, 35.94 W
2026/09/20 09:01:59.488, 1, 0 %, 0 %, 35270 MiB, 35.22 W
2026/09/20 09:01:59.488, 2, 0 %, 0 %, 35271 MiB, 43.42 W
2026/09/20 09:02:04.489, 0, 0 %, 0 %, 35270 MiB, 35.84 W
2026/09/20 09:02:04.489, 1, 0 %, 0 %, 35270 MiB, 35.33 W
2026/09/20 09:02:04.489, 2, 0 %, 0 %, 35271 MiB, 36.66 W
2026/09/20 09:02:09.491, 0, 0 %, 0 %, 35270 MiB, 35.86 W
2026/09/20 09:02:09.491, 1, 0 %, 0 %, 35270 MiB, 35.33 W
2026/09/20 09:02:09.491, 2, 0 %, 0 %, 35271 MiB, 36.79 W
2026/09/20 09:02:14.492, 0, 0 %, 0 %, 35270 MiB, 35.85 W
2026/09/20 09:02:14.492, 1, 0 %, 0 %, 35270 MiB, 35.43 W
2026/09/20 09:02:14.492, 2, 0 %, 0 %, 35271 MiB, 36.79 W
2026/09/20 09:02:19.492, 0, 0 %, 0 %, 35270 MiB, 35.94 W
2026/09/20 09:02:19.492, 1, 0 %, 0 %, 35270 MiB, 35.42 W
2026/09/20 09:02:19.493, 2, 0 %, 0 %, 35271 MiB, 36.77 W
2026/09/20 09:02:24.494, 0, 0 %, 0 %, 35270 MiB, 36.12 W
2026/09/20 09:02:24.494, 1, 0 %, 0 %, 35270 MiB, 35.42 W
2026/09/20 09:02:24.494, 2, 7 %, 0 %, 35271 MiB, 36.67 W
2026/09/20 09:02:29.496, 0, 0 %, 0 %, 35270 MiB, 36.02 W
2026/09/20 09:02:29.496, 1, 0 %, 0 %, 35270 MiB, 35.21 W
2026/09/20 09:02:29.496, 2, 20 %, 1 %, 35271 MiB, 36.66 W
2026/09/20 09:02:34.498, 0, 0 %, 0 %, 35270 MiB, 36.23 W
2026/09/20 09:02:34.498, 1, 0 %, 0 %, 35270 MiB, 35.32 W
2026/09/20 09:02:34.498, 2, 15 %, 1 %, 35271 MiB, 41.89 W
2026/09/20 09:02:39.499, 0, 0 %, 0 %, 35270 MiB, 35.92 W
2026/09/20 09:02:39.499, 1, 0 %, 0 %, 35270 MiB, 35.31 W
2026/09/20 09:02:39.499, 2, 0 %, 0 %, 35271 MiB, 46.55 W
2026/09/20 09:02:44.500, 0, 0 %, 0 %, 35270 MiB, 36.12 W
2026/09/20 09:02:44.500, 1, 0 %, 0 %, 35270 MiB, 35.30 W
2026/09/20 09:02:44.501, 2, 0 %, 0 %, 35271 MiB, 36.65 W
2026/09/20 09:02:49.502, 0, 0 %, 0 %, 35270 MiB, 35.92 W
2026/09/20 09:02:49.502, 1, 0 %, 0 %, 35270 MiB, 35.30 W
2026/09/20 09:02:49.502, 2, 0 %, 0 %, 35271 MiB, 36.54 W
2026/09/20 09:02:54.504, 0, 0 %, 0 %, 35270 MiB, 35.83 W
2026/09/20 09:02:54.504, 1, 0 %, 0 %, 35270 MiB, 35.30 W
2026/09/20 09:02:54.504, 2, 0 %, 0 %, 35271 MiB, 36.54 W
2026/09/20 09:02:59.506, 0, 0 %, 0 %, 35270 MiB, 35.82 W
2026/09/20 09:02:59.506, 1, 0 %, 0 %, 35270 MiB, 35.29 W
2026/09/20 09:02:59.506, 2, 0 %, 0 %, 35271 MiB, 36.75 W
2026/09/20 09:03:04.507, 0, 0 %, 0 %, 35270 MiB, 35.94 W
2026/09/20 09:03:04.508, 1, 0 %, 0 %, 35270 MiB, 35.22 W
2026/09/20 09:03:04.508, 2, 0 %, 0 %, 35271 MiB, 36.66 W
2026/09/20 09:03:09.509, 0, 0 %, 0 %, 35270 MiB, 35.92 W
2026/09/20 09:03:09.509, 1, 0 %, 0 %, 35270 MiB, 35.30 W
2026/09/20 09:03:09.509, 2, 0 %, 0 %, 35271 MiB, 36.54 W
2026/09/20 09:03:14.511, 0, 0 %, 0 %, 35270 MiB, 35.81 W
2026/09/20 09:03:14.511, 1, 0 %, 0 %, 35270 MiB, 35.59 W
2026/09/20 09:03:14.511, 2, 0 %, 0 %, 35271 MiB, 36.64 W
2026/09/20 09:03:19.512, 0, 0 %, 0 %, 35270 MiB, 35.79 W
2026/09/20 09:03:19.513, 1, 0 %, 0 %, 35270 MiB, 35.29 W
2026/09/20 09:03:19.513, 2, 0 %, 0 %, 35271 MiB, 36.65 W
2026/09/20 09:03:24.514, 0, 0 %, 0 %, 35270 MiB, 35.92 W
2026/09/20 09:03:24.514, 1, 0 %, 0 %, 35270 MiB, 35.30 W
2026/09/20 09:03:24.514, 2, 0 %, 0 %, 35271 MiB, 36.64 W
2026/09/20 09:03:29.515, 0, 0 %, 0 %, 35270 MiB, 35.92 W
2026/09/20 09:03:29.515, 1, 0 %, 0 %, 35270 MiB, 35.38 W
2026/09/20 09:03:29.515, 2, 0 %, 0 %, 35271 MiB, 36.65 W
2026/09/20 09:03:34.517, 0, 0 %, 0 %, 35270 MiB, 35.82 W
2026/09/20 09:03:34.517, 1, 0 %, 0 %, 35270 MiB, 35.30 W
2026/09/20 09:03:34.518, 2, 0 %, 0 %, 35271 MiB, 36.75 W
2026/09/20 09:03:39.519, 0, 0 %, 0 %, 35270 MiB, 35.83 W
2026/09/20 09:03:39.520, 1, 0 %, 0 %, 35270 MiB, 35.22 W
2026/09/20 09:03:39.520, 2, 0 %, 0 %, 35271 MiB, 36.47 W
2026/09/20 09:03:44.521, 0, 0 %, 0 %, 35270 MiB, 35.99 W
2026/09/20 09:03:44.521, 1, 0 %, 0 %, 35270 MiB, 35.19 W
2026/09/20 09:03:44.521, 2, 0 %, 0 %, 35271 MiB, 36.53 W
2026/09/20 09:03:49.522, 0, 0 %, 0 %, 35270 MiB, 36.01 W
2026/09/20 09:03:49.522, 1, 0 %, 0 %, 35270 MiB, 35.29 W
2026/09/20 09:03:49.522, 2, 0 %, 0 %, 35271 MiB, 36.54 W
2026/09/20 09:03:54.524, 0, 0 %, 0 %, 35270 MiB, 36.02 W
2026/09/20 09:03:54.524, 1, 0 %, 0 %, 35270 MiB, 35.31 W
2026/09/20 09:03:54.524, 2, 0 %, 0 %, 35271 MiB, 36.65 W
2026/09/20 09:03:59.526, 0, 0 %, 0 %, 35270 MiB, 35.82 W
2026/09/20 09:03:59.526, 1, 0 %, 0 %, 35270 MiB, 35.30 W
2026/09/20 09:03:59.527, 2, 0 %, 0 %, 35271 MiB, 36.55 W
2026/09/20 09:04:04.527, 0, 0 %, 0 %, 35270 MiB, 35.82 W
2026/09/20 09:04:04.528, 1, 0 %, 0 %, 35270 MiB, 35.18 W
2026/09/20 09:04:04.528, 2, 0 %, 0 %, 35271 MiB, 36.54 W
2026/09/20 09:04:09.529, 0, 0 %, 0 %, 35270 MiB, 35.82 W
2026/09/20 09:04:09.529, 1, 0 %, 0 %, 35270 MiB, 35.59 W
2026/09/20 09:04:09.529, 2, 0 %, 0 %, 35271 MiB, 36.63 W
2026/09/20 09:04:14.531, 0, 0 %, 0 %, 35270 MiB, 35.73 W
2026/09/20 09:04:14.531, 1, 0 %, 0 %, 35270 MiB, 35.42 W
2026/09/20 09:04:14.532, 2, 0 %, 0 %, 35271 MiB, 36.68 W
2026/09/20 09:04:19.533, 0, 0 %, 0 %, 35270 MiB, 35.92 W
2026/09/20 09:04:19.534, 1, 0 %, 0 %, 35270 MiB, 35.29 W
2026/09/20 09:04:19.534, 2, 0 %, 0 %, 35271 MiB, 36.64 W
2026/09/20 09:04:24.535, 0, 0 %, 0 %, 35270 MiB, 35.95 W
2026/09/20 09:04:24.535, 1, 0 %, 0 %, 35270 MiB, 35.31 W
2026/09/20 09:04:24.536, 2, 0 %, 0 %, 35271 MiB, 36.65 W
2026/09/20 09:04:29.537, 0, 0 %, 0 %, 35270 MiB, 35.95 W
2026/09/20 09:04:29.537, 1, 0 %, 0 %, 35270 MiB, 35.33 W
2026/09/20 09:04:29.537, 2, 0 %, 0 %, 35271 MiB, 36.57 W
2026/09/20 09:04:34.539, 0, 0 %, 0 %, 35270 MiB, 35.84 W
2026/09/20 09:04:34.539, 1, 0 %, 0 %, 35270 MiB, 35.42 W
2026/09/20 09:04:34.539, 2, 0 %, 0 %, 35271 MiB, 36.77 W
2026/09/20 09:04:39.541, 0, 0 %, 0 %, 35270 MiB, 35.92 W
2026/09/20 09:04:39.541, 1, 0 %, 0 %, 35270 MiB, 35.39 W
2026/09/20 09:04:39.541, 2, 0 %, 0 %, 35271 MiB, 36.54 W
2026/09/20 09:04:44.542, 0, 0 %, 0 %, 35270 MiB, 35.92 W
2026/09/20 09:04:44.542, 1, 0 %, 0 %, 35270 MiB, 35.20 W
2026/09/20 09:04:44.542, 2, 0 %, 0 %, 35271 MiB, 36.43 W
2026/09/20 09:04:49.544, 0, 0 %, 0 %, 35270 MiB, 35.92 W
2026/09/20 09:04:49.544, 1, 0 %, 0 %, 35270 MiB, 35.29 W
2026/09/20 09:04:49.544, 2, 0 %, 0 %, 35271 MiB, 36.74 W
2026/09/20 09:04:54.548, 0, 0 %, 0 %, 35270 MiB, 35.91 W
2026/09/20 09:04:54.548, 1, 0 %, 0 %, 35270 MiB, 35.29 W
2026/09/20 09:04:54.548, 2, 0 %, 0 %, 35271 MiB, 36.53 W
2026/09/20 09:04:59.550, 0, 0 %, 0 %, 35270 MiB, 36.11 W
2026/09/20 09:04:59.550, 1, 0 %, 0 %, 35270 MiB, 35.29 W
2026/09/20 09:04:59.550, 2, 0 %, 0 %, 35271 MiB, 36.44 W
2026/09/20 09:05:04.551, 0, 0 %, 0 %, 35270 MiB, 36.01 W
2026/09/20 09:05:04.551, 1, 0 %, 0 %, 35270 MiB, 35.48 W
2026/09/20 09:05:04.551, 2, 0 %, 0 %, 35271 MiB, 36.33 W
2026/09/20 09:05:09.552, 0, 0 %, 0 %, 35270 MiB, 35.82 W
2026/09/20 09:05:09.552, 1, 0 %, 0 %, 35270 MiB, 35.29 W
2026/09/20 09:05:09.552, 2, 0 %, 0 %, 35271 MiB, 36.65 W
2026/09/20 09:05:14.554, 0, 0 %, 0 %, 35270 MiB, 35.92 W
2026/09/20 09:05:14.554, 1, 0 %, 0 %, 35270 MiB, 35.49 W
2026/09/20 09:05:14.554, 2, 0 %, 0 %, 35271 MiB, 36.54 W
2026/09/20 09:05:19.556, 0, 0 %, 0 %, 35270 MiB, 35.92 W
2026/09/20 09:05:19.556, 1, 0 %, 0 %, 35270 MiB, 35.20 W
2026/09/20 09:05:19.556, 2, 0 %, 0 %, 35271 MiB, 36.54 W
2026/09/20 09:05:24.557, 0, 0 %, 0 %, 35270 MiB, 35.81 W
2026/09/20 09:05:24.557, 1, 0 %, 0 %, 35270 MiB, 35.49 W
2026/09/20 09:05:24.558, 2, 0 %, 0 %, 35271 MiB, 36.54 W
2026/09/20 09:05:29.559, 0, 0 %, 0 %, 35270 MiB, 35.82 W
2026/09/20 09:05:29.559, 1, 0 %, 0 %, 35270 MiB, 35.29 W
2026/09/20 09:05:29.559, 2, 0 %, 0 %, 35271 MiB, 36.64 W
2026/09/20 09:05:34.560, 0, 0 %, 0 %, 35270 MiB, 35.82 W
2026/09/20 09:05:34.560, 1, 0 %, 0 %, 35270 MiB, 35.30 W
2026/09/20 09:05:34.560, 2, 0 %, 0 %, 35271 MiB, 36.65 W
2026/09/20 09:05:39.562, 0, 0 %, 0 %, 35270 MiB, 35.81 W
2026/09/20 09:05:39.562, 1, 0 %, 0 %, 35270 MiB, 35.39 W
2026/09/20 09:05:39.562, 2, 0 %, 0 %, 35271 MiB, 36.54 W
2026/09/20 09:05:44.567, 0, 0 %, 0 %, 35270 MiB, 35.81 W
2026/09/20 09:05:44.567, 1, 0 %, 0 %, 35270 MiB, 35.49 W
2026/09/20 09:05:44.567, 2, 0 %, 0 %, 35271 MiB, 36.64 W
2026/09/20 09:05:49.570, 0, 0 %, 0 %, 35270 MiB, 35.92 W
2026/09/20 09:05:49.570, 1, 0 %, 0 %, 35270 MiB, 35.29 W
2026/09/20 09:05:49.570, 2, 0 %, 0 %, 35271 MiB, 36.44 W
2026/09/20 09:05:54.572, 0, 0 %, 0 %, 35270 MiB, 35.84 W
2026/09/20 09:05:54.572, 1, 0 %, 0 %, 35270 MiB, 35.21 W
2026/09/20 09:05:54.572, 2, 0 %, 0 %, 35271 MiB, 36.54 W
2026/09/20 09:05:59.574, 0, 0 %, 0 %, 35270 MiB, 35.92 W
2026/09/20 09:05:59.574, 1, 0 %, 0 %, 35270 MiB, 35.18 W
2026/09/20 09:05:59.574, 2, 0 %, 0 %, 35271 MiB, 36.54 W
2026/09/20 09:06:04.576, 0, 0 %, 0 %, 35270 MiB, 35.94 W
2026/09/20 09:06:04.576, 1, 0 %, 0 %, 35270 MiB, 35.22 W
2026/09/20 09:06:04.576, 2, 0 %, 0 %, 35271 MiB, 36.68 W
2026/09/20 09:06:09.578, 0, 0 %, 0 %, 35270 MiB, 35.92 W
2026/09/20 09:06:09.578, 1, 0 %, 0 %, 35270 MiB, 35.29 W
2026/09/20 09:06:09.578, 2, 0 %, 0 %, 35271 MiB, 36.54 W
2026/09/20 09:06:14.580, 0, 0 %, 0 %, 35270 MiB, 35.92 W
2026/09/20 09:06:14.580, 1, 0 %, 0 %, 35270 MiB, 35.20 W
2026/09/20 09:06:14.580, 2, 0 %, 0 %, 35271 MiB, 36.54 W
2026/09/20 09:06:19.581, 0, 0 %, 0 %, 35270 MiB, 35.82 W
2026/09/20 09:06:19.581, 1, 0 %, 0 %, 35270 MiB, 35.50 W
2026/09/20 09:06:19.581, 2, 0 %, 0 %, 35271 MiB, 36.54 W
2026/09/20 09:06:24.583, 0, 0 %, 0 %, 35270 MiB, 35.82 W
2026/09/20 09:06:24.583, 1, 0 %, 0 %, 35270 MiB, 35.39 W
2026/09/20 09:06:24.583, 2, 0 %, 0 %, 35271 MiB, 36.65 W
2026/09/20 09:06:29.585, 0, 0 %, 0 %, 35270 MiB, 35.82 W
2026/09/20 09:06:29.585, 1, 0 %, 0 %, 35270 MiB, 35.29 W
2026/09/20 09:06:29.585, 2, 0 %, 0 %, 35271 MiB, 36.65 W
2026/09/20 09:06:34.587, 0, 0 %, 0 %, 35270 MiB, 36.02 W
2026/09/20 09:06:34.587, 1, 0 %, 0 %, 35270 MiB, 35.40 W
2026/09/20 09:06:34.587, 2, 0 %, 0 %, 35271 MiB, 36.64 W
2026/09/20 09:06:39.588, 0, 0 %, 0 %, 35270 MiB, 35.92 W
2026/09/20 09:06:39.589, 1, 0 %, 0 %, 35270 MiB, 35.59 W
2026/09/20 09:06:39.589, 2, 0 %, 0 %, 35271 MiB, 36.85 W
2026/09/20 09:06:44.590, 0, 0 %, 0 %, 35270 MiB, 35.94 W
2026/09/20 09:06:44.600, 1, 0 %, 0 %, 35270 MiB, 35.41 W
2026/09/20 09:06:44.600, 2, 0 %, 0 %, 35271 MiB, 36.65 W
2026/09/20 09:06:49.602, 0, 0 %, 0 %, 35270 MiB, 35.94 W
2026/09/20 09:06:49.602, 1, 0 %, 0 %, 35270 MiB, 35.42 W
2026/09/20 09:06:49.602, 2, 0 %, 0 %, 35271 MiB, 36.68 W
2026/09/20 09:06:54.603, 0, 0 %, 0 %, 35270 MiB, 36.04 W
2026/09/20 09:06:54.603, 1, 0 %, 0 %, 35270 MiB, 35.41 W
2026/09/20 09:06:54.604, 2, 0 %, 0 %, 35271 MiB, 36.46 W
2026/09/20 09:06:59.605, 0, 0 %, 0 %, 35270 MiB, 35.84 W
2026/09/20 09:06:59.605, 1, 0 %, 0 %, 35270 MiB, 35.22 W
2026/09/20 09:06:59.605, 2, 0 %, 0 %, 35271 MiB, 36.68 W
2026/09/20 09:07:04.606, 0, 0 %, 0 %, 35270 MiB, 35.84 W
2026/09/20 09:07:04.607, 1, 0 %, 0 %, 35270 MiB, 35.33 W
2026/09/20 09:07:04.607, 2, 0 %, 0 %, 35271 MiB, 36.57 W
2026/09/20 09:07:09.609, 0, 0 %, 0 %, 35270 MiB, 36.23 W
2026/09/20 09:07:09.609, 1, 0 %, 0 %, 35270 MiB, 35.32 W
2026/09/20 09:07:09.609, 2, 0 %, 0 %, 35271 MiB, 36.57 W
2026/09/20 09:07:14.609, 0, 0 %, 0 %, 35270 MiB, 36.06 W
2026/09/20 09:07:14.610, 1, 0 %, 0 %, 35270 MiB, 35.33 W
2026/09/20 09:07:14.610, 2, 0 %, 0 %, 35271 MiB, 36.59 W
2026/09/20 09:07:19.610, 0, 0 %, 0 %, 35270 MiB, 35.95 W
2026/09/20 09:07:19.610, 1, 0 %, 0 %, 35270 MiB, 35.23 W
2026/09/20 09:07:19.610, 2, 0 %, 0 %, 35271 MiB, 36.68 W
2026/09/20 09:07:24.611, 0, 100 %, 7 %, 35270 MiB, 90.29 W
2026/09/20 09:07:24.611, 1, 100 %, 6 %, 35270 MiB, 86.55 W
2026/09/20 09:07:24.611, 2, 100 %, 6 %, 35271 MiB, 90.88 W
2026/09/20 09:07:29.612, 0, 100 %, 7 %, 35270 MiB, 92.32 W
2026/09/20 09:07:29.612, 1, 100 %, 6 %, 35270 MiB, 90.96 W
2026/09/20 09:07:29.612, 2, 100 %, 6 %, 35271 MiB, 90.53 W
2026/09/20 09:07:34.613, 0, 99 %, 6 %, 35270 MiB, 84.99 W
2026/09/20 09:07:34.613, 1, 100 %, 10 %, 35270 MiB, 91.02 W
2026/09/20 09:07:34.613, 2, 100 %, 7 %, 35271 MiB, 88.56 W
2026/09/20 09:07:39.614, 0, 100 %, 6 %, 35270 MiB, 91.95 W
2026/09/20 09:07:39.614, 1, 100 %, 7 %, 35270 MiB, 95.00 W
2026/09/20 09:07:39.614, 2, 100 %, 6 %, 35271 MiB, 98.93 W
2026/09/20 09:07:44.614, 0, 100 %, 6 %, 35270 MiB, 87.80 W
2026/09/20 09:07:44.615, 1, 100 %, 6 %, 35270 MiB, 86.86 W
2026/09/20 09:07:44.615, 2, 100 %, 6 %, 35271 MiB, 90.36 W
2026/09/20 09:07:49.615, 0, 100 %, 15 %, 35270 MiB, 87.67 W
2026/09/20 09:07:49.615, 1, 100 %, 6 %, 35270 MiB, 85.59 W
2026/09/20 09:07:49.615, 2, 100 %, 6 %, 35271 MiB, 87.78 W
2026/09/20 09:07:54.616, 0, 100 %, 7 %, 35270 MiB, 86.53 W
2026/09/20 09:07:54.616, 1, 100 %, 6 %, 35270 MiB, 94.64 W
2026/09/20 09:07:54.616, 2, 100 %, 6 %, 35271 MiB, 96.17 W
2026/09/20 09:07:59.617, 0, 100 %, 6 %, 35270 MiB, 88.93 W
2026/09/20 09:07:59.617, 1, 100 %, 10 %, 35270 MiB, 87.24 W
2026/09/20 09:07:59.617, 2, 100 %, 6 %, 35271 MiB, 91.12 W
2026/09/20 09:08:04.618, 0, 100 %, 7 %, 35270 MiB, 94.56 W
2026/09/20 09:08:04.618, 1, 100 %, 7 %, 35270 MiB, 93.94 W
2026/09/20 09:08:04.618, 2, 100 %, 6 %, 35271 MiB, 90.63 W
2026/09/20 09:08:09.619, 0, 100 %, 10 %, 35270 MiB, 161.67 W
2026/09/20 09:08:09.619, 1, 100 %, 7 %, 35270 MiB, 91.85 W
2026/09/20 09:08:09.619, 2, 100 %, 7 %, 35271 MiB, 96.53 W
2026/09/20 09:08:14.619, 0, 100 %, 7 %, 35270 MiB, 87.24 W
2026/09/20 09:08:14.619, 1, 100 %, 9 %, 35270 MiB, 93.84 W
2026/09/20 09:08:14.619, 2, 100 %, 6 %, 35271 MiB, 94.70 W
2026/09/20 09:08:19.620, 0, 100 %, 6 %, 35270 MiB, 94.44 W
2026/09/20 09:08:19.620, 1, 100 %, 6 %, 35270 MiB, 93.15 W
2026/09/20 09:08:19.620, 2, 100 %, 7 %, 35271 MiB, 92.50 W
2026/09/20 09:08:24.621, 0, 100 %, 7 %, 35270 MiB, 86.34 W
2026/09/20 09:08:24.621, 1, 100 %, 6 %, 35270 MiB, 89.07 W
2026/09/20 09:08:24.621, 2, 100 %, 7 %, 35271 MiB, 89.30 W
2026/09/20 09:08:29.621, 0, 100 %, 7 %, 35270 MiB, 88.19 W
2026/09/20 09:08:29.621, 1, 100 %, 6 %, 35270 MiB, 87.01 W
2026/09/20 09:08:29.621, 2, 100 %, 7 %, 35271 MiB, 91.25 W
2026/09/20 09:08:34.622, 0, 100 %, 6 %, 35270 MiB, 91.74 W
2026/09/20 09:08:34.622, 1, 100 %, 6 %, 35270 MiB, 90.65 W
2026/09/20 09:08:34.622, 2, 100 %, 7 %, 35271 MiB, 88.09 W
2026/09/20 09:08:39.623, 0, 100 %, 7 %, 35270 MiB, 88.03 W
2026/09/20 09:08:39.623, 1, 100 %, 6 %, 35270 MiB, 88.43 W
2026/09/20 09:08:39.623, 2, 100 %, 6 %, 35271 MiB, 92.11 W
2026/09/20 09:08:44.623, 0, 100 %, 7 %, 35270 MiB, 89.85 W
2026/09/20 09:08:44.624, 1, 100 %, 6 %, 35270 MiB, 85.61 W
2026/09/20 09:08:44.624, 2, 100 %, 10 %, 35271 MiB, 88.62 W
2026/09/20 09:08:49.624, 0, 100 %, 7 %, 35270 MiB, 88.92 W
2026/09/20 09:08:49.624, 1, 100 %, 7 %, 35270 MiB, 90.88 W
2026/09/20 09:08:49.624, 2, 100 %, 7 %, 35271 MiB, 91.37 W
2026/09/20 09:08:54.625, 0, 100 %, 7 %, 35270 MiB, 87.89 W
2026/09/20 09:08:54.625, 1, 100 %, 7 %, 35270 MiB, 85.23 W
2026/09/20 09:08:54.625, 2, 100 %, 11 %, 35271 MiB, 88.56 W
2026/09/20 09:08:59.626, 0, 100 %, 7 %, 35270 MiB, 93.89 W
2026/09/20 09:08:59.626, 1, 100 %, 7 %, 35270 MiB, 88.35 W
2026/09/20 09:08:59.626, 2, 100 %, 7 %, 35271 MiB, 87.74 W
2026/09/20 09:09:04.626, 0, 100 %, 7 %, 35270 MiB, 119.14 W
2026/09/20 09:09:04.627, 1, 100 %, 7 %, 35270 MiB, 84.70 W
2026/09/20 09:09:04.627, 2, 100 %, 7 %, 35271 MiB, 91.40 W
2026/09/20 09:09:09.627, 0, 100 %, 11 %, 35270 MiB, 91.55 W
2026/09/20 09:09:09.628, 1, 100 %, 7 %, 35270 MiB, 128.31 W
2026/09/20 09:09:09.628, 2, 100 %, 6 %, 35271 MiB, 89.49 W
2026/09/20 09:09:14.628, 0, 100 %, 11 %, 35270 MiB, 89.20 W
2026/09/20 09:09:14.628, 1, 100 %, 7 %, 35270 MiB, 87.55 W
2026/09/20 09:09:14.628, 2, 100 %, 7 %, 35271 MiB, 87.22 W
2026/09/20 09:09:19.629, 0, 100 %, 7 %, 35270 MiB, 85.66 W
2026/09/20 09:09:19.629, 1, 100 %, 11 %, 35270 MiB, 84.49 W
2026/09/20 09:09:19.629, 2, 100 %, 11 %, 35271 MiB, 93.33 W
2026/09/20 09:09:24.629, 0, 99 %, 6 %, 35270 MiB, 89.54 W
2026/09/20 09:09:24.630, 1, 100 %, 7 %, 35270 MiB, 84.22 W
2026/09/20 09:09:24.630, 2, 100 %, 11 %, 35271 MiB, 88.90 W
2026/09/20 09:09:29.630, 0, 100 %, 7 %, 35270 MiB, 93.76 W
2026/09/20 09:09:29.631, 1, 100 %, 9 %, 35270 MiB, 88.97 W
2026/09/20 09:09:29.631, 2, 100 %, 7 %, 35271 MiB, 110.09 W
2026/09/20 09:09:34.631, 0, 100 %, 11 %, 35270 MiB, 91.60 W
2026/09/20 09:09:34.632, 1, 100 %, 11 %, 35270 MiB, 88.63 W
2026/09/20 09:09:34.632, 2, 100 %, 7 %, 35271 MiB, 87.47 W
2026/09/20 09:09:39.632, 0, 100 %, 7 %, 35270 MiB, 91.56 W
2026/09/20 09:09:39.632, 1, 100 %, 7 %, 35270 MiB, 83.79 W
2026/09/20 09:09:39.632, 2, 100 %, 10 %, 35271 MiB, 88.01 W
2026/09/20 09:09:44.633, 0, 100 %, 11 %, 35270 MiB, 94.21 W
2026/09/20 09:09:44.633, 1, 100 %, 7 %, 35270 MiB, 85.25 W
2026/09/20 09:09:44.633, 2, 100 %, 7 %, 35271 MiB, 98.98 W
2026/09/20 09:09:49.634, 0, 100 %, 10 %, 35270 MiB, 89.23 W
2026/09/20 09:09:49.634, 1, 100 %, 11 %, 35270 MiB, 84.02 W
2026/09/20 09:09:49.634, 2, 100 %, 7 %, 35271 MiB, 91.70 W
2026/09/20 09:09:54.634, 0, 100 %, 7 %, 35270 MiB, 156.78 W
2026/09/20 09:09:54.635, 1, 100 %, 7 %, 35270 MiB, 86.15 W
2026/09/20 09:09:54.635, 2, 100 %, 11 %, 35271 MiB, 91.50 W
2026/09/20 09:09:59.635, 0, 100 %, 7 %, 35270 MiB, 88.40 W
2026/09/20 09:09:59.635, 1, 100 %, 7 %, 35270 MiB, 105.13 W
2026/09/20 09:09:59.635, 2, 100 %, 7 %, 35271 MiB, 94.28 W
2026/09/20 09:10:04.635, 0, 100 %, 7 %, 35270 MiB, 93.26 W
2026/09/20 09:10:04.636, 1, 100 %, 6 %, 35270 MiB, 88.35 W
2026/09/20 09:10:04.636, 2, 100 %, 7 %, 35271 MiB, 88.61 W
2026/09/20 09:10:09.636, 0, 100 %, 7 %, 35270 MiB, 90.27 W
2026/09/20 09:10:09.636, 1, 100 %, 7 %, 35270 MiB, 83.68 W
2026/09/20 09:10:09.636, 2, 100 %, 7 %, 35271 MiB, 91.57 W
2026/09/20 09:10:14.637, 0, 100 %, 7 %, 35270 MiB, 88.64 W
2026/09/20 09:10:14.637, 1, 100 %, 7 %, 35270 MiB, 87.84 W
2026/09/20 09:10:14.637, 2, 100 %, 6 %, 35271 MiB, 92.67 W
2026/09/20 09:10:19.637, 0, 100 %, 7 %, 35270 MiB, 88.49 W
2026/09/20 09:10:19.638, 1, 100 %, 11 %, 35270 MiB, 110.47 W
2026/09/20 09:10:19.638, 2, 100 %, 10 %, 35271 MiB, 89.74 W
2026/09/20 09:10:24.638, 0, 100 %, 7 %, 35270 MiB, 91.31 W
2026/09/20 09:10:24.638, 1, 100 %, 11 %, 35270 MiB, 85.82 W
2026/09/20 09:10:24.638, 2, 100 %, 11 %, 35271 MiB, 132.56 W
2026/09/20 09:10:29.639, 0, 100 %, 14 %, 35270 MiB, 89.73 W
2026/09/20 09:10:29.639, 1, 100 %, 11 %, 35270 MiB, 144.47 W
2026/09/20 09:10:29.639, 2, 100 %, 7 %, 35271 MiB, 90.45 W
2026/09/20 09:10:34.639, 0, 100 %, 6 %, 35270 MiB, 86.48 W
2026/09/20 09:10:34.640, 1, 100 %, 10 %, 35270 MiB, 86.28 W
2026/09/20 09:10:34.640, 2, 100 %, 6 %, 35271 MiB, 90.70 W
2026/09/20 09:10:39.640, 0, 0 %, 0 %, 35270 MiB, 38.38 W
2026/09/20 09:10:39.640, 1, 56 %, 4 %, 35270 MiB, 77.29 W
2026/09/20 09:10:39.640, 2, 100 %, 6 %, 35271 MiB, 89.77 W
2026/09/20 09:10:44.642, 0, 0 %, 0 %, 35270 MiB, 37.70 W
2026/09/20 09:10:44.642, 1, 0 %, 0 %, 35270 MiB, 37.69 W
2026/09/20 09:10:44.642, 2, 0 %, 0 %, 35271 MiB, 38.84 W
2026/09/20 09:10:49.644, 0, 0 %, 0 %, 35270 MiB, 37.49 W
2026/09/20 09:10:49.644, 1, 0 %, 0 %, 35270 MiB, 37.56 W
2026/09/20 09:10:49.644, 2, 0 %, 0 %, 35271 MiB, 38.42 W
2026/09/20 09:10:54.646, 0, 0 %, 0 %, 35270 MiB, 37.39 W
2026/09/20 09:10:54.646, 1, 0 %, 0 %, 35270 MiB, 37.26 W
2026/09/20 09:10:54.646, 2, 0 %, 0 %, 35271 MiB, 38.33 W
2026/09/20 09:10:59.647, 0, 0 %, 0 %, 35270 MiB, 37.21 W
2026/09/20 09:10:59.647, 1, 0 %, 0 %, 35270 MiB, 37.26 W
2026/09/20 09:10:59.647, 2, 0 %, 0 %, 35271 MiB, 38.02 W
2026/09/20 09:11:04.648, 0, 0 %, 0 %, 35270 MiB, 37.10 W
2026/09/20 09:11:04.648, 1, 0 %, 0 %, 35270 MiB, 36.97 W
2026/09/20 09:11:04.648, 2, 0 %, 0 %, 35271 MiB, 37.92 W
2026/09/20 09:11:09.650, 0, 0 %, 0 %, 35270 MiB, 36.99 W
2026/09/20 09:11:09.650, 1, 0 %, 0 %, 35270 MiB, 36.96 W
2026/09/20 09:11:09.650, 2, 0 %, 0 %, 35271 MiB, 37.92 W
2026/09/20 09:11:14.652, 0, 0 %, 0 %, 35270 MiB, 36.89 W
2026/09/20 09:11:14.652, 1, 0 %, 0 %, 35270 MiB, 36.86 W
2026/09/20 09:11:14.652, 2, 0 %, 0 %, 35271 MiB, 38.02 W
2026/09/20 09:11:19.655, 0, 0 %, 0 %, 35270 MiB, 36.79 W
2026/09/20 09:11:19.655, 1, 0 %, 0 %, 35270 MiB, 36.96 W
2026/09/20 09:11:19.655, 2, 0 %, 0 %, 35271 MiB, 37.73 W
2026/09/20 09:11:24.657, 0, 0 %, 0 %, 35270 MiB, 37.00 W
2026/09/20 09:11:24.657, 1, 0 %, 0 %, 35270 MiB, 36.47 W
2026/09/20 09:11:24.657, 2, 0 %, 0 %, 35271 MiB, 37.53 W
2026/09/20 09:11:29.659, 0, 0 %, 0 %, 35270 MiB, 36.90 W
2026/09/20 09:11:29.659, 1, 0 %, 0 %, 35270 MiB, 36.28 W
2026/09/20 09:11:29.659, 2, 0 %, 0 %, 35271 MiB, 37.43 W
2026/09/20 09:11:34.661, 0, 0 %, 0 %, 35270 MiB, 36.99 W
2026/09/20 09:11:34.661, 1, 0 %, 0 %, 35270 MiB, 36.18 W
2026/09/20 09:11:34.661, 2, 0 %, 0 %, 35271 MiB, 37.43 W
2026/09/20 09:11:39.662, 0, 0 %, 0 %, 35270 MiB, 36.79 W
2026/09/20 09:11:39.662, 1, 0 %, 0 %, 35270 MiB, 36.38 W
2026/09/20 09:11:39.662, 2, 0 %, 0 %, 35271 MiB, 37.24 W
2026/09/20 09:11:44.664, 0, 0 %, 0 %, 35270 MiB, 36.79 W
2026/09/20 09:11:44.664, 1, 0 %, 0 %, 35270 MiB, 36.17 W
2026/09/20 09:11:44.664, 2, 0 %, 0 %, 35271 MiB, 37.43 W
2026/09/20 09:11:49.666, 0, 0 %, 0 %, 35270 MiB, 36.51 W
2026/09/20 09:11:49.666, 1, 0 %, 0 %, 35270 MiB, 36.08 W
2026/09/20 09:11:49.666, 2, 0 %, 0 %, 35271 MiB, 37.24 W
2026/09/20 09:11:54.668, 0, 0 %, 0 %, 35270 MiB, 36.60 W
2026/09/20 09:11:54.668, 1, 0 %, 0 %, 35270 MiB, 35.98 W
2026/09/20 09:11:54.668, 2, 0 %, 0 %, 35271 MiB, 37.14 W
2026/09/20 09:11:59.669, 0, 0 %, 0 %, 35270 MiB, 36.31 W
2026/09/20 09:11:59.670, 1, 0 %, 0 %, 35270 MiB, 36.08 W
2026/09/20 09:11:59.670, 2, 0 %, 0 %, 35271 MiB, 37.04 W
2026/09/20 09:12:04.670, 0, 0 %, 0 %, 35270 MiB, 36.50 W
2026/09/20 09:12:04.670, 1, 0 %, 0 %, 35270 MiB, 36.08 W
2026/09/20 09:12:04.670, 2, 0 %, 0 %, 35271 MiB, 37.14 W
2026/09/20 09:12:09.671, 0, 0 %, 0 %, 35270 MiB, 36.31 W
2026/09/20 09:12:09.671, 1, 0 %, 0 %, 35270 MiB, 35.90 W
2026/09/20 09:12:09.671, 2, 0 %, 0 %, 35271 MiB, 37.15 W
2026/09/20 09:12:14.672, 0, 0 %, 0 %, 35270 MiB, 36.31 W
2026/09/20 09:12:14.672, 1, 0 %, 0 %, 35270 MiB, 36.08 W
2026/09/20 09:12:14.672, 2, 0 %, 0 %, 35271 MiB, 37.04 W
2026/09/20 09:12:19.674, 0, 0 %, 0 %, 35270 MiB, 36.31 W
2026/09/20 09:12:19.674, 1, 0 %, 0 %, 35270 MiB, 36.08 W
2026/09/20 09:12:19.674, 2, 0 %, 0 %, 35271 MiB, 36.94 W
2026/09/20 09:12:24.676, 0, 0 %, 0 %, 35270 MiB, 36.41 W
2026/09/20 09:12:24.676, 1, 0 %, 0 %, 35270 MiB, 35.90 W
2026/09/20 09:12:24.676, 2, 0 %, 0 %, 35271 MiB, 37.04 W
2026/09/20 09:12:29.678, 0, 0 %, 0 %, 35270 MiB, 36.31 W
2026/09/20 09:12:29.678, 1, 0 %, 0 %, 35270 MiB, 35.88 W
2026/09/20 09:12:29.678, 2, 0 %, 0 %, 35271 MiB, 36.75 W
2026/09/20 09:12:34.680, 0, 0 %, 0 %, 35270 MiB, 36.21 W
2026/09/20 09:12:34.680, 1, 0 %, 0 %, 35270 MiB, 35.88 W
2026/09/20 09:12:34.680, 2, 0 %, 0 %, 35271 MiB, 36.75 W
2026/09/20 09:12:39.681, 0, 0 %, 0 %, 35270 MiB, 36.21 W
2026/09/20 09:12:39.681, 1, 0 %, 0 %, 35270 MiB, 35.69 W
2026/09/20 09:12:39.681, 2, 0 %, 0 %, 35271 MiB, 36.94 W
2026/09/20 09:12:44.688, 0, 0 %, 0 %, 35270 MiB, 36.32 W
2026/09/20 09:12:44.688, 1, 0 %, 0 %, 35270 MiB, 35.70 W
2026/09/20 09:12:44.688, 2, 0 %, 0 %, 35271 MiB, 36.75 W
2026/09/20 09:12:49.689, 0, 0 %, 0 %, 35270 MiB, 36.26 W
2026/09/20 09:12:49.689, 1, 0 %, 0 %, 35270 MiB, 35.63 W
2026/09/20 09:12:49.689, 2, 0 %, 0 %, 35271 MiB, 36.80 W
2026/09/20 09:12:54.689, 0, 0 %, 0 %, 35270 MiB, 36.16 W
2026/09/20 09:12:54.689, 1, 0 %, 0 %, 35270 MiB, 35.63 W
2026/09/20 09:12:54.689, 2, 0 %, 0 %, 35271 MiB, 36.70 W
2026/09/20 09:12:59.690, 0, 0 %, 0 %, 35270 MiB, 36.06 W
2026/09/20 09:12:59.690, 1, 0 %, 0 %, 35270 MiB, 35.73 W
2026/09/20 09:12:59.690, 2, 0 %, 0 %, 35271 MiB, 36.90 W
2026/09/20 09:13:04.690, 0, 0 %, 0 %, 35270 MiB, 36.16 W
2026/09/20 09:13:04.691, 1, 0 %, 0 %, 35270 MiB, 35.53 W
2026/09/20 09:13:04.691, 2, 0 %, 0 %, 35271 MiB, 36.70 W
2026/09/20 09:13:09.691, 0, 0 %, 0 %, 35270 MiB, 36.16 W
2026/09/20 09:13:09.691, 1, 0 %, 0 %, 35270 MiB, 35.63 W
2026/09/20 09:13:09.691, 2, 0 %, 0 %, 35271 MiB, 36.80 W
2026/09/20 09:13:14.692, 0, 0 %, 0 %, 35270 MiB, 47.60 W
2026/09/20 09:13:14.692, 1, 0 %, 0 %, 35270 MiB, 35.62 W
2026/09/20 09:13:14.692, 2, 0 %, 0 %, 35271 MiB, 36.89 W
2026/09/20 09:13:19.693, 0, 0 %, 0 %, 35270 MiB, 36.02 W
2026/09/20 09:13:19.693, 1, 0 %, 0 %, 35270 MiB, 35.59 W
2026/09/20 09:13:19.693, 2, 0 %, 0 %, 35271 MiB, 36.64 W
2026/09/20 09:13:24.695, 0, 0 %, 0 %, 35270 MiB, 36.10 W
2026/09/20 09:13:24.695, 1, 0 %, 0 %, 35270 MiB, 35.58 W
2026/09/20 09:13:24.695, 2, 0 %, 0 %, 35271 MiB, 36.74 W
2026/09/20 09:13:29.696, 0, 0 %, 0 %, 35270 MiB, 45.10 W
2026/09/20 09:13:29.696, 1, 0 %, 0 %, 35270 MiB, 35.80 W
2026/09/20 09:13:29.696, 2, 0 %, 0 %, 35271 MiB, 36.77 W
2026/09/20 09:13:34.698, 0, 0 %, 0 %, 35270 MiB, 36.11 W
2026/09/20 09:13:34.699, 1, 0 %, 0 %, 35270 MiB, 35.58 W
2026/09/20 09:13:34.699, 2, 0 %, 0 %, 35271 MiB, 36.54 W
2026/09/20 09:13:39.700, 0, 0 %, 0 %, 35270 MiB, 36.29 W
2026/09/20 09:13:39.700, 1, 0 %, 0 %, 35270 MiB, 35.29 W
2026/09/20 09:13:39.701, 2, 0 %, 0 %, 35271 MiB, 36.43 W
2026/09/20 09:13:44.702, 0, 0 %, 0 %, 35270 MiB, 36.11 W
2026/09/20 09:13:44.702, 1, 0 %, 0 %, 35270 MiB, 35.29 W
2026/09/20 09:13:44.703, 2, 0 %, 0 %, 35271 MiB, 36.44 W
2026/09/20 09:13:49.704, 0, 1 %, 0 %, 35270 MiB, 36.11 W
2026/09/20 09:13:49.704, 1, 0 %, 0 %, 35270 MiB, 35.50 W
2026/09/20 09:13:49.705, 2, 0 %, 0 %, 35271 MiB, 36.54 W
2026/09/20 09:13:54.706, 0, 0 %, 0 %, 35270 MiB, 40.76 W
2026/09/20 09:13:54.706, 1, 0 %, 0 %, 35270 MiB, 35.41 W
2026/09/20 09:13:54.706, 2, 0 %, 0 %, 35271 MiB, 36.56 W
2026/09/20 09:13:59.707, 0, 6 %, 0 %, 35270 MiB, 36.23 W
2026/09/20 09:13:59.707, 1, 0 %, 0 %, 35270 MiB, 35.42 W
2026/09/20 09:13:59.707, 2, 0 %, 0 %, 35271 MiB, 36.57 W
2026/09/20 09:14:04.708, 0, 0 %, 0 %, 35270 MiB, 35.99 W
2026/09/20 09:14:04.708, 1, 0 %, 0 %, 35270 MiB, 35.38 W
2026/09/20 09:14:04.708, 2, 0 %, 0 %, 35271 MiB, 36.54 W
2026/09/20 09:14:09.709, 0, 20 %, 1 %, 35270 MiB, 36.01 W
2026/09/20 09:14:09.710, 1, 0 %, 0 %, 35270 MiB, 35.49 W
2026/09/20 09:14:09.710, 2, 0 %, 0 %, 35271 MiB, 36.75 W
2026/09/20 09:14:14.711, 0, 14 %, 0 %, 35270 MiB, 35.92 W
2026/09/20 09:14:14.712, 1, 0 %, 0 %, 35270 MiB, 35.41 W
2026/09/20 09:14:14.712, 2, 0 %, 0 %, 35271 MiB, 36.55 W
2026/09/20 09:14:19.712, 0, 0 %, 0 %, 35270 MiB, 36.04 W
2026/09/20 09:14:19.712, 1, 0 %, 0 %, 35270 MiB, 35.41 W
2026/09/20 09:14:19.712, 2, 0 %, 0 %, 35271 MiB, 36.57 W
2026/09/20 09:14:24.713, 0, 15 %, 1 %, 35270 MiB, 35.90 W
2026/09/20 09:14:24.713, 1, 0 %, 0 %, 35270 MiB, 35.68 W
2026/09/20 09:14:24.713, 2, 0 %, 0 %, 35271 MiB, 36.54 W
2026/09/20 09:14:29.715, 0, 0 %, 0 %, 35270 MiB, 35.92 W
2026/09/20 09:14:29.715, 1, 0 %, 0 %, 35270 MiB, 35.50 W
2026/09/20 09:14:29.715, 2, 0 %, 0 %, 35271 MiB, 36.65 W
2026/09/20 09:14:34.717, 0, 0 %, 0 %, 35270 MiB, 36.11 W
2026/09/20 09:14:34.717, 1, 0 %, 0 %, 35270 MiB, 35.49 W
2026/09/20 09:14:34.717, 2, 0 %, 0 %, 35271 MiB, 36.54 W
2026/09/20 09:14:39.719, 0, 10 %, 0 %, 35270 MiB, 36.50 W
2026/09/20 09:14:39.719, 1, 0 %, 0 %, 35270 MiB, 35.49 W
2026/09/20 09:14:39.719, 2, 0 %, 0 %, 35271 MiB, 36.54 W
2026/09/20 09:14:44.721, 0, 0 %, 0 %, 35270 MiB, 35.92 W
2026/09/20 09:14:44.721, 1, 0 %, 0 %, 35270 MiB, 35.49 W
2026/09/20 09:14:44.721, 2, 0 %, 0 %, 35271 MiB, 36.54 W
2026/09/20 09:14:49.723, 0, 1 %, 0 %, 35270 MiB, 36.01 W
2026/09/20 09:14:49.723, 1, 0 %, 0 %, 35270 MiB, 35.29 W
2026/09/20 09:14:49.723, 2, 0 %, 0 %, 35271 MiB, 36.43 W
2026/09/20 09:14:54.725, 0, 5 %, 0 %, 35270 MiB, 36.30 W
2026/09/20 09:14:54.725, 1, 0 %, 0 %, 35270 MiB, 35.29 W
2026/09/20 09:14:54.726, 2, 0 %, 0 %, 35271 MiB, 36.43 W
2026/09/20 09:14:59.727, 0, 0 %, 0 %, 35270 MiB, 36.11 W
2026/09/20 09:14:59.727, 1, 0 %, 0 %, 35270 MiB, 35.20 W
2026/09/20 09:14:59.727, 2, 0 %, 0 %, 35271 MiB, 36.43 W
2026/09/20 09:15:04.729, 0, 0 %, 0 %, 35270 MiB, 36.12 W
2026/09/20 09:15:04.729, 1, 0 %, 0 %, 35270 MiB, 35.41 W
2026/09/20 09:15:04.729, 2, 0 %, 0 %, 35271 MiB, 36.67 W
2026/09/20 09:15:09.731, 0, 0 %, 0 %, 35270 MiB, 36.01 W
2026/09/20 09:15:09.731, 1, 0 %, 0 %, 35270 MiB, 35.29 W
2026/09/20 09:15:09.731, 2, 0 %, 0 %, 35271 MiB, 36.54 W
2026/09/20 09:15:14.733, 0, 5 %, 0 %, 35270 MiB, 36.60 W
2026/09/20 09:15:14.733, 1, 0 %, 0 %, 35270 MiB, 35.41 W
2026/09/20 09:15:14.733, 2, 0 %, 0 %, 35271 MiB, 36.55 W
2026/09/20 09:15:19.735, 0, 25 %, 1 %, 35270 MiB, 35.83 W
2026/09/20 09:15:19.735, 1, 0 %, 0 %, 35270 MiB, 35.42 W
2026/09/20 09:15:19.735, 2, 0 %, 0 %, 35271 MiB, 36.57 W
2026/09/20 09:15:24.737, 0, 0 %, 0 %, 35270 MiB, 35.92 W
2026/09/20 09:15:24.737, 1, 0 %, 0 %, 35270 MiB, 35.49 W
2026/09/20 09:15:24.737, 2, 0 %, 0 %, 35271 MiB, 36.54 W
2026/09/20 09:15:29.739, 0, 25 %, 1 %, 35270 MiB, 36.11 W
2026/09/20 09:15:29.739, 1, 0 %, 0 %, 35270 MiB, 35.29 W
2026/09/20 09:15:29.739, 2, 0 %, 0 %, 35271 MiB, 36.54 W
2026/09/20 09:15:34.741, 0, 0 %, 0 %, 35270 MiB, 37.38 W
2026/09/20 09:15:34.741, 1, 0 %, 0 %, 35270 MiB, 35.38 W
2026/09/20 09:15:34.741, 2, 0 %, 0 %, 35271 MiB, 36.54 W
2026/09/20 09:15:39.752, 0, 23 %, 1 %, 35270 MiB, 35.92 W
2026/09/20 09:15:39.752, 1, 0 %, 0 %, 35270 MiB, 35.60 W
2026/09/20 09:15:39.753, 2, 0 %, 0 %, 35271 MiB, 36.54 W
2026/09/20 09:15:44.753, 0, 0 %, 0 %, 35270 MiB, 35.92 W
2026/09/20 09:15:44.753, 1, 0 %, 0 %, 35270 MiB, 35.38 W
2026/09/20 09:15:44.753, 2, 0 %, 0 %, 35271 MiB, 36.75 W
2026/09/20 09:15:49.755, 0, 16 %, 1 %, 35270 MiB, 36.18 W
2026/09/20 09:15:49.755, 1, 0 %, 0 %, 35270 MiB, 35.48 W
2026/09/20 09:15:49.755, 2, 0 %, 0 %, 35271 MiB, 36.53 W
2026/09/20 09:15:54.756, 0, 0 %, 0 %, 35270 MiB, 35.91 W
2026/09/20 09:15:54.756, 1, 0 %, 0 %, 35270 MiB, 35.29 W
2026/09/20 09:15:54.757, 2, 0 %, 0 %, 35271 MiB, 36.44 W
2026/09/20 09:15:59.758, 0, 25 %, 1 %, 35270 MiB, 36.02 W
2026/09/20 09:15:59.758, 1, 0 %, 0 %, 35270 MiB, 35.30 W
2026/09/20 09:15:59.758, 2, 0 %, 0 %, 35271 MiB, 36.47 W
2026/09/20 09:16:04.760, 0, 0 %, 0 %, 35270 MiB, 35.92 W
2026/09/20 09:16:04.760, 1, 0 %, 0 %, 35270 MiB, 35.29 W
2026/09/20 09:16:04.760, 2, 0 %, 0 %, 35271 MiB, 36.54 W
2026/09/20 09:16:09.762, 0, 0 %, 0 %, 35270 MiB, 40.26 W
2026/09/20 09:16:09.762, 1, 0 %, 0 %, 35270 MiB, 35.29 W
2026/09/20 09:16:09.763, 2, 0 %, 0 %, 35271 MiB, 36.54 W
2026/09/20 09:16:14.764, 0, 25 %, 1 %, 35270 MiB, 36.11 W
2026/09/20 09:16:14.764, 1, 0 %, 0 %, 35270 MiB, 35.30 W
2026/09/20 09:16:14.764, 2, 0 %, 0 %, 35271 MiB, 36.54 W
2026/09/20 09:16:19.765, 0, 0 %, 0 %, 35270 MiB, 36.40 W
2026/09/20 09:16:19.765, 1, 0 %, 0 %, 35270 MiB, 35.40 W
2026/09/20 09:16:19.766, 2, 0 %, 0 %, 35271 MiB, 36.65 W
2026/09/20 09:16:24.767, 0, 0 %, 0 %, 35270 MiB, 36.13 W
2026/09/20 09:16:24.767, 1, 0 %, 0 %, 35270 MiB, 35.33 W
2026/09/20 09:16:24.768, 2, 0 %, 0 %, 35271 MiB, 36.57 W
2026/09/20 09:16:29.768, 0, 0 %, 0 %, 35270 MiB, 35.94 W
2026/09/20 09:16:29.768, 1, 0 %, 0 %, 35270 MiB, 35.31 W
2026/09/20 09:16:29.769, 2, 0 %, 0 %, 35271 MiB, 36.57 W
2026/09/20 09:16:34.770, 0, 10 %, 0 %, 35270 MiB, 35.92 W
2026/09/20 09:16:34.770, 1, 0 %, 0 %, 35270 MiB, 35.39 W
2026/09/20 09:16:34.770, 2, 0 %, 0 %, 35271 MiB, 36.54 W
2026/09/20 09:16:39.771, 0, 0 %, 0 %, 35270 MiB, 35.94 W
2026/09/20 09:16:39.771, 1, 0 %, 0 %, 35270 MiB, 35.41 W
2026/09/20 09:16:39.771, 2, 0 %, 0 %, 35271 MiB, 36.68 W
2026/09/20 09:16:44.773, 0, 0 %, 0 %, 35270 MiB, 40.74 W
2026/09/20 09:16:44.773, 1, 0 %, 0 %, 35270 MiB, 35.39 W
2026/09/20 09:16:44.774, 2, 0 %, 0 %, 35271 MiB, 36.54 W
2026/09/20 09:16:49.775, 0, 25 %, 1 %, 35270 MiB, 35.92 W
2026/09/20 09:16:49.776, 1, 0 %, 0 %, 35270 MiB, 35.29 W
2026/09/20 09:16:49.776, 2, 0 %, 0 %, 35271 MiB, 36.65 W
2026/09/20 09:16:54.779, 0, 25 %, 1 %, 35270 MiB, 35.82 W
2026/09/20 09:16:54.779, 1, 0 %, 0 %, 35270 MiB, 35.60 W
2026/09/20 09:16:54.779, 2, 0 %, 0 %, 35271 MiB, 36.65 W
2026/09/20 09:16:59.781, 0, 0 %, 0 %, 35270 MiB, 35.95 W
2026/09/20 09:16:59.781, 1, 0 %, 0 %, 35270 MiB, 35.12 W
2026/09/20 09:16:59.781, 2, 0 %, 0 %, 35271 MiB, 36.36 W
2026/09/20 09:17:04.782, 0, 0 %, 0 %, 35270 MiB, 36.01 W
2026/09/20 09:17:04.782, 1, 0 %, 0 %, 35270 MiB, 35.20 W
2026/09/20 09:17:04.782, 2, 0 %, 0 %, 35271 MiB, 36.43 W
2026/09/20 09:17:09.784, 0, 20 %, 1 %, 35270 MiB, 36.01 W
2026/09/20 09:17:09.784, 1, 0 %, 0 %, 35270 MiB, 35.09 W
2026/09/20 09:17:09.784, 2, 0 %, 0 %, 35271 MiB, 36.54 W
2026/09/20 09:17:14.792, 0, 60 %, 2 %, 35270 MiB, 41.64 W
2026/09/20 09:17:14.792, 1, 0 %, 0 %, 35270 MiB, 35.50 W
2026/09/20 09:17:14.792, 2, 0 %, 0 %, 35271 MiB, 36.85 W
2026/09/20 09:17:19.794, 0, 25 %, 1 %, 35270 MiB, 36.11 W
2026/09/20 09:17:19.794, 1, 0 %, 0 %, 35270 MiB, 35.29 W
2026/09/20 09:17:19.794, 2, 0 %, 0 %, 35271 MiB, 36.54 W
2026/09/20 09:17:24.796, 0, 22 %, 1 %, 35270 MiB, 43.81 W
2026/09/20 09:17:24.796, 1, 0 %, 0 %, 35270 MiB, 35.29 W
2026/09/20 09:17:24.797, 2, 0 %, 0 %, 35271 MiB, 36.44 W
2026/09/20 09:17:29.798, 0, 0 %, 0 %, 35270 MiB, 35.82 W
2026/09/20 09:17:29.798, 1, 0 %, 0 %, 35270 MiB, 35.30 W
2026/09/20 09:17:29.799, 2, 0 %, 0 %, 35271 MiB, 36.54 W
2026/09/20 09:17:34.800, 0, 0 %, 0 %, 35270 MiB, 35.92 W
2026/09/20 09:17:34.800, 1, 0 %, 0 %, 35270 MiB, 35.40 W
2026/09/20 09:17:34.800, 2, 0 %, 0 %, 35271 MiB, 36.75 W
2026/09/20 09:17:39.802, 0, 20 %, 1 %, 35270 MiB, 35.99 W
2026/09/20 09:17:39.802, 1, 0 %, 0 %, 35270 MiB, 35.28 W
2026/09/20 09:17:39.802, 2, 0 %, 0 %, 35271 MiB, 36.53 W
2026/09/20 09:17:44.804, 0, 0 %, 0 %, 35270 MiB, 35.92 W
2026/09/20 09:17:44.804, 1, 0 %, 0 %, 35270 MiB, 35.18 W
2026/09/20 09:17:44.804, 2, 0 %, 0 %, 35271 MiB, 36.63 W
2026/09/20 09:17:49.806, 0, 0 %, 0 %, 35270 MiB, 37.67 W
2026/09/20 09:17:49.806, 1, 0 %, 0 %, 35270 MiB, 35.38 W
2026/09/20 09:17:49.806, 2, 0 %, 0 %, 35271 MiB, 36.54 W
2026/09/20 09:17:54.808, 0, 25 %, 1 %, 35270 MiB, 35.92 W
2026/09/20 09:17:54.809, 1, 0 %, 0 %, 35270 MiB, 35.39 W
2026/09/20 09:17:54.809, 2, 0 %, 0 %, 35271 MiB, 36.65 W
2026/09/20 09:17:59.810, 0, 0 %, 0 %, 35270 MiB, 36.01 W
2026/09/20 09:17:59.810, 1, 0 %, 0 %, 35270 MiB, 35.39 W
2026/09/20 09:17:59.810, 2, 0 %, 0 %, 35271 MiB, 36.65 W
2026/09/20 09:18:04.812, 0, 0 %, 0 %, 35270 MiB, 36.01 W
2026/09/20 09:18:04.812, 1, 0 %, 0 %, 35270 MiB, 35.39 W
2026/09/20 09:18:04.812, 2, 0 %, 0 %, 35271 MiB, 36.43 W
2026/09/20 09:18:09.814, 0, 25 %, 1 %, 35270 MiB, 36.12 W
2026/09/20 09:18:09.814, 1, 0 %, 0 %, 35270 MiB, 35.40 W
2026/09/20 09:18:09.814, 2, 0 %, 0 %, 35271 MiB, 36.67 W
2026/09/20 09:18:14.816, 0, 0 %, 0 %, 35270 MiB, 36.13 W
2026/09/20 09:18:14.816, 1, 0 %, 0 %, 35270 MiB, 35.22 W
2026/09/20 09:18:14.817, 2, 0 %, 0 %, 35271 MiB, 36.47 W
2026/09/20 09:18:19.818, 0, 0 %, 0 %, 35270 MiB, 36.01 W
2026/09/20 09:18:19.818, 1, 0 %, 0 %, 35270 MiB, 35.30 W
2026/09/20 09:18:19.818, 2, 0 %, 0 %, 35271 MiB, 36.54 W
2026/09/20 09:18:24.819, 0, 2 %, 0 %, 35270 MiB, 36.01 W
2026/09/20 09:18:24.819, 1, 0 %, 0 %, 35270 MiB, 35.10 W
2026/09/20 09:18:24.819, 2, 0 %, 0 %, 35271 MiB, 36.54 W
2026/09/20 09:18:29.821, 0, 0 %, 0 %, 35270 MiB, 36.11 W
2026/09/20 09:18:29.821, 1, 8 %, 0 %, 35270 MiB, 35.40 W
2026/09/20 09:18:29.821, 2, 0 %, 0 %, 35271 MiB, 36.85 W
2026/09/20 09:18:34.823, 0, 0 %, 0 %, 35270 MiB, 35.94 W
2026/09/20 09:18:34.834, 1, 0 %, 0 %, 35270 MiB, 35.32 W
2026/09/20 09:18:34.835, 2, 0 %, 0 %, 35271 MiB, 36.57 W
2026/09/20 09:18:39.836, 0, 0 %, 0 %, 35270 MiB, 35.92 W
2026/09/20 09:18:39.836, 1, 0 %, 0 %, 35270 MiB, 35.40 W
2026/09/20 09:18:39.836, 2, 0 %, 0 %, 35271 MiB, 36.54 W
2026/09/20 09:18:44.838, 0, 0 %, 0 %, 35270 MiB, 35.82 W
2026/09/20 09:18:44.838, 1, 0 %, 0 %, 35270 MiB, 35.59 W
2026/09/20 09:18:44.838, 2, 0 %, 0 %, 35271 MiB, 36.54 W
2026/09/20 09:18:49.840, 0, 25 %, 1 %, 35270 MiB, 35.92 W
2026/09/20 09:18:49.840, 1, 25 %, 1 %, 35270 MiB, 41.71 W
2026/09/20 09:18:49.840, 2, 0 %, 0 %, 35271 MiB, 36.65 W
2026/09/20 09:18:54.842, 0, 0 %, 0 %, 35270 MiB, 36.02 W
2026/09/20 09:18:54.842, 1, 0 %, 0 %, 35270 MiB, 35.30 W
2026/09/20 09:18:54.842, 2, 0 %, 0 %, 35271 MiB, 36.54 W
2026/09/20 09:18:59.843, 0, 0 %, 0 %, 35270 MiB, 36.04 W
2026/09/20 09:18:59.843, 1, 0 %, 0 %, 35270 MiB, 35.30 W
2026/09/20 09:18:59.843, 2, 0 %, 0 %, 35271 MiB, 36.64 W
2026/09/20 09:19:04.844, 0, 0 %, 0 %, 35270 MiB, 36.01 W
2026/09/20 09:19:04.844, 1, 0 %, 0 %, 35270 MiB, 35.39 W
2026/09/20 09:19:04.844, 2, 0 %, 0 %, 35271 MiB, 36.75 W
2026/09/20 09:19:09.846, 0, 0 %, 0 %, 35270 MiB, 36.11 W
2026/09/20 09:19:09.846, 1, 0 %, 0 %, 35270 MiB, 35.39 W
2026/09/20 09:19:09.846, 2, 0 %, 0 %, 35271 MiB, 36.54 W
2026/09/20 09:19:14.848, 0, 12 %, 0 %, 35270 MiB, 36.01 W
2026/09/20 09:19:14.848, 1, 0 %, 0 %, 35270 MiB, 35.29 W
2026/09/20 09:19:14.848, 2, 0 %, 0 %, 35271 MiB, 36.54 W
2026/09/20 09:19:19.850, 0, 0 %, 0 %, 35270 MiB, 36.01 W
2026/09/20 09:19:19.850, 1, 20 %, 1 %, 35270 MiB, 35.39 W
2026/09/20 09:19:19.850, 2, 0 %, 0 %, 35271 MiB, 36.54 W
2026/09/20 09:19:24.850, 0, 0 %, 0 %, 35270 MiB, 36.01 W
2026/09/20 09:19:24.851, 1, 0 %, 0 %, 35270 MiB, 35.39 W
2026/09/20 09:19:24.851, 2, 0 %, 0 %, 35271 MiB, 36.64 W
2026/09/20 09:19:29.851, 0, 0 %, 0 %, 35270 MiB, 36.21 W
2026/09/20 09:19:29.851, 1, 20 %, 1 %, 35270 MiB, 38.44 W
2026/09/20 09:19:29.851, 2, 0 %, 0 %, 35271 MiB, 36.43 W
2026/09/20 09:19:34.853, 0, 0 %, 0 %, 35270 MiB, 36.10 W
2026/09/20 09:19:34.853, 1, 4 %, 0 %, 35270 MiB, 35.29 W
2026/09/20 09:19:34.853, 2, 0 %, 0 %, 35271 MiB, 36.53 W
2026/09/20 09:19:39.855, 0, 25 %, 1 %, 35270 MiB, 35.92 W
2026/09/20 09:19:39.855, 1, 0 %, 0 %, 35270 MiB, 35.38 W
2026/09/20 09:19:39.855, 2, 0 %, 0 %, 35271 MiB, 36.54 W
2026/09/20 09:19:44.857, 0, 0 %, 0 %, 35270 MiB, 35.92 W
2026/09/20 09:19:44.857, 1, 1 %, 0 %, 35270 MiB, 42.09 W
2026/09/20 09:19:44.857, 2, 0 %, 0 %, 35271 MiB, 36.74 W
2026/09/20 09:19:49.860, 0, 0 %, 0 %, 35270 MiB, 36.03 W
2026/09/20 09:19:49.860, 1, 0 %, 0 %, 35270 MiB, 35.90 W
2026/09/20 09:19:49.860, 2, 0 %, 0 %, 35271 MiB, 36.57 W
2026/09/20 09:19:54.862, 0, 0 %, 0 %, 35270 MiB, 35.91 W
2026/09/20 09:19:54.862, 1, 0 %, 0 %, 35270 MiB, 35.38 W
2026/09/20 09:19:54.862, 2, 0 %, 0 %, 35271 MiB, 36.64 W
2026/09/20 09:19:59.864, 0, 0 %, 0 %, 35270 MiB, 35.89 W
2026/09/20 09:19:59.864, 1, 0 %, 0 %, 35270 MiB, 35.48 W
2026/09/20 09:19:59.864, 2, 0 %, 0 %, 35271 MiB, 36.83 W
2026/09/20 09:20:04.866, 0, 0 %, 0 %, 35270 MiB, 35.92 W
2026/09/20 09:20:04.866, 1, 0 %, 0 %, 35270 MiB, 35.51 W
2026/09/20 09:20:04.866, 2, 0 %, 0 %, 35271 MiB, 36.65 W
2026/09/20 09:20:09.868, 0, 0 %, 0 %, 35270 MiB, 35.94 W
2026/09/20 09:20:09.868, 1, 0 %, 0 %, 35270 MiB, 35.42 W
2026/09/20 09:20:09.868, 2, 0 %, 0 %, 35271 MiB, 36.68 W
2026/09/20 09:20:14.869, 0, 0 %, 0 %, 35270 MiB, 36.00 W
2026/09/20 09:20:14.870, 1, 0 %, 0 %, 35270 MiB, 35.57 W
2026/09/20 09:20:14.870, 2, 0 %, 0 %, 35271 MiB, 36.83 W
2026/09/20 09:20:19.871, 0, 0 %, 0 %, 35270 MiB, 36.01 W
2026/09/20 09:20:19.871, 1, 23 %, 1 %, 35270 MiB, 35.48 W
2026/09/20 09:20:19.871, 2, 0 %, 0 %, 35271 MiB, 36.54 W
2026/09/20 09:20:24.873, 0, 0 %, 0 %, 35270 MiB, 36.21 W
2026/09/20 09:20:24.873, 1, 0 %, 0 %, 35270 MiB, 35.39 W
2026/09/20 09:20:24.873, 2, 15 %, 1 %, 35271 MiB, 36.64 W
2026/09/20 09:20:29.875, 0, 0 %, 0 %, 35270 MiB, 36.01 W
2026/09/20 09:20:29.875, 1, 0 %, 0 %, 35270 MiB, 35.29 W
2026/09/20 09:20:29.875, 2, 0 %, 0 %, 35271 MiB, 36.54 W
2026/09/20 09:20:34.876, 0, 0 %, 0 %, 35270 MiB, 36.04 W
2026/09/20 09:20:34.876, 1, 0 %, 0 %, 35270 MiB, 35.30 W
2026/09/20 09:20:34.876, 2, 25 %, 1 %, 35271 MiB, 36.76 W
2026/09/20 09:20:39.878, 0, 0 %, 0 %, 35270 MiB, 36.11 W
2026/09/20 09:20:39.878, 1, 0 %, 0 %, 35270 MiB, 35.29 W
2026/09/20 09:20:39.878, 2, 0 %, 0 %, 35271 MiB, 36.65 W
2026/09/20 09:20:44.880, 0, 0 %, 0 %, 35270 MiB, 36.20 W
2026/09/20 09:20:44.880, 1, 0 %, 0 %, 35270 MiB, 35.29 W
2026/09/20 09:20:44.880, 2, 0 %, 0 %, 35271 MiB, 36.65 W
2026/09/20 09:20:49.881, 0, 0 %, 0 %, 35270 MiB, 35.91 W
2026/09/20 09:20:49.882, 1, 0 %, 0 %, 35270 MiB, 35.38 W
2026/09/20 09:20:49.882, 2, 44 %, 2 %, 35271 MiB, 38.33 W
2026/09/20 09:20:54.887, 0, 0 %, 0 %, 35270 MiB, 35.81 W
2026/09/20 09:20:54.887, 1, 0 %, 0 %, 35270 MiB, 35.29 W
2026/09/20 09:20:54.887, 2, 0 %, 0 %, 35271 MiB, 36.75 W
2026/09/20 09:20:59.889, 0, 0 %, 0 %, 35270 MiB, 35.92 W
2026/09/20 09:20:59.889, 1, 0 %, 0 %, 35270 MiB, 35.29 W
2026/09/20 09:20:59.889, 2, 0 %, 0 %, 35271 MiB, 36.65 W
2026/09/20 09:21:04.890, 0, 0 %, 0 %, 35270 MiB, 36.01 W
2026/09/20 09:21:04.890, 1, 0 %, 0 %, 35270 MiB, 35.29 W
2026/09/20 09:21:04.891, 2, 0 %, 0 %, 35271 MiB, 36.75 W
2026/09/20 09:21:09.892, 0, 0 %, 0 %, 35270 MiB, 35.92 W
2026/09/20 09:21:09.892, 1, 0 %, 0 %, 35270 MiB, 35.49 W
2026/09/20 09:21:09.893, 2, 0 %, 0 %, 35271 MiB, 39.41 W
2026/09/20 09:21:14.894, 0, 0 %, 0 %, 35270 MiB, 36.02 W
2026/09/20 09:21:14.894, 1, 0 %, 0 %, 35270 MiB, 35.40 W
2026/09/20 09:21:14.894, 2, 0 %, 0 %, 35271 MiB, 37.34 W
2026/09/20 09:21:19.896, 0, 0 %, 0 %, 35270 MiB, 36.04 W
2026/09/20 09:21:19.896, 1, 0 %, 0 %, 35270 MiB, 35.41 W
2026/09/20 09:21:19.896, 2, 0 %, 0 %, 35271 MiB, 36.87 W
2026/09/20 09:21:24.898, 0, 0 %, 0 %, 35270 MiB, 36.21 W
2026/09/20 09:21:24.898, 1, 0 %, 0 %, 35270 MiB, 35.39 W
2026/09/20 09:21:24.898, 2, 0 %, 0 %, 35271 MiB, 36.54 W
2026/09/20 09:21:29.899, 0, 0 %, 0 %, 35270 MiB, 36.01 W
2026/09/20 09:21:29.899, 1, 0 %, 0 %, 35270 MiB, 35.20 W
2026/09/20 09:21:29.899, 2, 10 %, 0 %, 35271 MiB, 36.65 W
2026/09/20 09:21:34.901, 0, 0 %, 0 %, 35270 MiB, 36.01 W
2026/09/20 09:21:34.901, 1, 0 %, 0 %, 35270 MiB, 35.18 W
2026/09/20 09:21:34.901, 2, 0 %, 0 %, 35271 MiB, 36.64 W
2026/09/20 09:21:39.903, 0, 0 %, 0 %, 35270 MiB, 36.01 W
2026/09/20 09:21:39.903, 1, 0 %, 0 %, 35270 MiB, 35.29 W
2026/09/20 09:21:39.903, 2, 0 %, 0 %, 35271 MiB, 36.65 W
2026/09/20 09:21:44.903, 0, 0 %, 0 %, 35270 MiB, 36.22 W
2026/09/20 09:21:44.903, 1, 0 %, 0 %, 35270 MiB, 35.31 W
2026/09/20 09:21:44.904, 2, 0 %, 0 %, 35271 MiB, 36.77 W
2026/09/20 09:21:49.904, 0, 0 %, 0 %, 35270 MiB, 36.01 W
2026/09/20 09:21:49.904, 1, 0 %, 0 %, 35270 MiB, 35.39 W
2026/09/20 09:21:49.904, 2, 0 %, 0 %, 35271 MiB, 36.64 W
2026/09/20 09:21:54.906, 0, 0 %, 0 %, 35270 MiB, 35.83 W
2026/09/20 09:21:54.906, 1, 0 %, 0 %, 35270 MiB, 35.21 W
2026/09/20 09:21:54.906, 2, 0 %, 0 %, 35271 MiB, 36.65 W
2026/09/20 09:21:59.911, 0, 0 %, 0 %, 35270 MiB, 35.84 W
2026/09/20 09:21:59.911, 1, 0 %, 0 %, 35270 MiB, 35.31 W
2026/09/20 09:21:59.911, 2, 0 %, 0 %, 35271 MiB, 36.68 W
2026/09/20 09:22:04.913, 0, 0 %, 0 %, 35270 MiB, 36.01 W
2026/09/20 09:22:04.913, 1, 0 %, 0 %, 35270 MiB, 35.49 W
2026/09/20 09:22:04.913, 2, 0 %, 0 %, 35271 MiB, 36.75 W
2026/09/20 09:22:09.915, 0, 0 %, 0 %, 35270 MiB, 35.81 W
2026/09/20 09:22:09.916, 1, 0 %, 0 %, 35270 MiB, 35.39 W
2026/09/20 09:22:09.916, 2, 0 %, 0 %, 35271 MiB, 36.74 W
2026/09/20 09:22:14.917, 0, 0 %, 0 %, 35270 MiB, 35.84 W
2026/09/20 09:22:14.917, 1, 0 %, 0 %, 35270 MiB, 35.32 W
2026/09/20 09:22:14.917, 2, 0 %, 0 %, 35271 MiB, 36.77 W
2026/09/20 09:22:19.919, 0, 0 %, 0 %, 35270 MiB, 35.85 W
2026/09/20 09:22:19.919, 1, 0 %, 0 %, 35270 MiB, 35.23 W
2026/09/20 09:22:19.919, 2, 0 %, 0 %, 35271 MiB, 36.97 W
2026/09/20 09:22:24.921, 0, 0 %, 0 %, 35270 MiB, 36.01 W
2026/09/20 09:22:24.921, 1, 0 %, 0 %, 35270 MiB, 35.48 W
2026/09/20 09:22:24.921, 2, 0 %, 0 %, 35271 MiB, 36.74 W
2026/09/20 09:22:29.926, 0, 0 %, 0 %, 35270 MiB, 35.92 W
2026/09/20 09:22:29.926, 1, 0 %, 0 %, 35270 MiB, 35.39 W
2026/09/20 09:22:29.926, 2, 0 %, 0 %, 35271 MiB, 36.75 W
2026/09/20 09:22:34.927, 0, 0 %, 0 %, 35270 MiB, 36.01 W
2026/09/20 09:22:34.927, 1, 0 %, 0 %, 35270 MiB, 35.20 W
2026/09/20 09:22:34.927, 2, 0 %, 0 %, 35271 MiB, 36.54 W
2026/09/20 09:22:39.929, 0, 0 %, 0 %, 35270 MiB, 36.01 W
2026/09/20 09:22:39.929, 1, 0 %, 0 %, 35270 MiB, 35.18 W
2026/09/20 09:22:39.929, 2, 0 %, 0 %, 35271 MiB, 36.75 W
2026/09/20 09:22:44.931, 0, 0 %, 0 %, 35270 MiB, 36.11 W
2026/09/20 09:22:44.931, 1, 0 %, 0 %, 35270 MiB, 35.38 W
2026/09/20 09:22:44.931, 2, 0 %, 0 %, 35271 MiB, 36.54 W
2026/09/20 09:22:49.933, 0, 0 %, 0 %, 35270 MiB, 36.01 W
2026/09/20 09:22:49.933, 1, 0 %, 0 %, 35270 MiB, 35.29 W
2026/09/20 09:22:49.933, 2, 0 %, 0 %, 35271 MiB, 36.54 W
2026/09/20 09:22:54.935, 0, 0 %, 0 %, 35270 MiB, 35.92 W
2026/09/20 09:22:54.936, 1, 0 %, 0 %, 35270 MiB, 35.30 W
2026/09/20 09:22:54.936, 2, 0 %, 0 %, 35271 MiB, 36.54 W
2026/09/20 09:22:59.943, 0, 0 %, 0 %, 35270 MiB, 35.94 W
2026/09/20 09:22:59.943, 1, 0 %, 0 %, 35270 MiB, 35.51 W
2026/09/20 09:22:59.943, 2, 0 %, 0 %, 35271 MiB, 36.77 W
2026/09/20 09:23:04.945, 0, 0 %, 0 %, 35270 MiB, 35.94 W
2026/09/20 09:23:04.945, 1, 0 %, 0 %, 35270 MiB, 35.23 W
2026/09/20 09:23:04.945, 2, 0 %, 0 %, 35271 MiB, 36.64 W
2026/09/20 09:23:09.947, 0, 0 %, 0 %, 35270 MiB, 35.83 W
2026/09/20 09:23:09.947, 1, 0 %, 0 %, 35270 MiB, 35.30 W
2026/09/20 09:23:09.947, 2, 0 %, 0 %, 35271 MiB, 36.64 W
2026/09/20 09:23:14.949, 0, 0 %, 0 %, 35270 MiB, 35.84 W
2026/09/20 09:23:14.949, 1, 0 %, 0 %, 35270 MiB, 35.30 W
2026/09/20 09:23:14.949, 2, 0 %, 0 %, 35271 MiB, 36.65 W
2026/09/20 09:23:19.951, 0, 0 %, 0 %, 35270 MiB, 35.81 W
2026/09/20 09:23:19.951, 1, 0 %, 0 %, 35270 MiB, 35.68 W
2026/09/20 09:23:19.951, 2, 0 %, 0 %, 35271 MiB, 36.75 W
2026/09/20 09:23:24.952, 0, 0 %, 0 %, 35270 MiB, 35.90 W
2026/09/20 09:23:24.952, 1, 0 %, 0 %, 35270 MiB, 35.38 W
2026/09/20 09:23:24.952, 2, 0 %, 0 %, 35271 MiB, 36.74 W
2026/09/20 09:23:29.959, 0, 0 %, 0 %, 35270 MiB, 35.92 W
2026/09/20 09:23:29.959, 1, 0 %, 0 %, 35270 MiB, 35.49 W
2026/09/20 09:23:29.960, 2, 0 %, 0 %, 35271 MiB, 36.75 W
2026/09/20 09:23:34.970, 0, 0 %, 0 %, 35270 MiB, 35.91 W
2026/09/20 09:23:34.971, 1, 0 %, 0 %, 35270 MiB, 35.39 W
2026/09/20 09:23:34.971, 2, 0 %, 0 %, 35271 MiB, 36.75 W
2026/09/20 09:23:39.972, 0, 0 %, 0 %, 35270 MiB, 35.92 W
2026/09/20 09:23:39.972, 1, 0 %, 0 %, 35270 MiB, 35.49 W
2026/09/20 09:23:39.973, 2, 0 %, 0 %, 35271 MiB, 36.54 W
2026/09/20 09:23:44.973, 0, 0 %, 0 %, 35270 MiB, 36.01 W
2026/09/20 09:23:44.973, 1, 0 %, 0 %, 35270 MiB, 35.29 W
2026/09/20 09:23:44.973, 2, 0 %, 0 %, 35271 MiB, 36.53 W
2026/09/20 09:23:49.974, 0, 0 %, 0 %, 35270 MiB, 35.93 W
2026/09/20 09:23:49.975, 1, 0 %, 0 %, 35270 MiB, 35.19 W
2026/09/20 09:23:49.975, 2, 0 %, 0 %, 35271 MiB, 36.54 W
2026/09/20 09:23:54.976, 0, 0 %, 0 %, 35270 MiB, 35.96 W
2026/09/20 09:23:54.976, 1, 0 %, 0 %, 35270 MiB, 35.12 W
2026/09/20 09:23:54.976, 2, 0 %, 0 %, 35271 MiB, 36.67 W
2026/09/20 09:23:59.978, 0, 0 %, 0 %, 35270 MiB, 35.94 W
2026/09/20 09:23:59.978, 1, 0 %, 0 %, 35270 MiB, 35.31 W
2026/09/20 09:23:59.978, 2, 0 %, 0 %, 35271 MiB, 36.57 W
2026/09/20 09:24:04.980, 0, 0 %, 0 %, 35270 MiB, 36.10 W
2026/09/20 09:24:04.980, 1, 0 %, 0 %, 35270 MiB, 35.19 W
2026/09/20 09:24:04.980, 2, 0 %, 0 %, 35271 MiB, 36.62 W
2026/09/20 09:24:09.982, 0, 0 %, 0 %, 35270 MiB, 35.80 W
2026/09/20 09:24:09.982, 1, 0 %, 0 %, 35270 MiB, 35.29 W
2026/09/20 09:24:09.982, 2, 0 %, 0 %, 35271 MiB, 36.93 W
2026/09/20 09:24:14.984, 0, 0 %, 0 %, 35270 MiB, 35.82 W
2026/09/20 09:24:14.984, 1, 0 %, 0 %, 35270 MiB, 35.48 W
2026/09/20 09:24:14.984, 2, 0 %, 0 %, 35271 MiB, 36.74 W
2026/09/20 09:24:19.985, 0, 0 %, 0 %, 35270 MiB, 35.80 W
2026/09/20 09:24:19.985, 1, 0 %, 0 %, 35270 MiB, 35.38 W
2026/09/20 09:24:19.985, 2, 0 %, 0 %, 35271 MiB, 36.64 W
2026/09/20 09:24:24.987, 0, 0 %, 0 %, 35270 MiB, 35.91 W
2026/09/20 09:24:24.987, 1, 0 %, 0 %, 35270 MiB, 35.29 W
2026/09/20 09:24:24.987, 2, 0 %, 0 %, 35271 MiB, 36.64 W
2026/09/20 09:24:29.989, 0, 0 %, 0 %, 35270 MiB, 35.92 W
2026/09/20 09:24:29.989, 1, 0 %, 0 %, 35270 MiB, 35.21 W
2026/09/20 09:24:29.989, 2, 0 %, 0 %, 35271 MiB, 36.75 W
2026/09/20 09:24:34.991, 0, 0 %, 0 %, 35270 MiB, 35.91 W
2026/09/20 09:24:34.991, 1, 0 %, 0 %, 35270 MiB, 35.58 W
2026/09/20 09:24:34.991, 2, 0 %, 0 %, 35271 MiB, 36.75 W
2026/09/20 09:24:39.993, 0, 0 %, 0 %, 35270 MiB, 35.92 W
2026/09/20 09:24:39.993, 1, 0 %, 0 %, 35270 MiB, 35.49 W
2026/09/20 09:24:39.993, 2, 0 %, 0 %, 35271 MiB, 36.75 W
2026/09/20 09:24:44.995, 0, 0 %, 0 %, 35270 MiB, 36.01 W
2026/09/20 09:24:44.995, 1, 0 %, 0 %, 35270 MiB, 35.29 W
2026/09/20 09:24:44.995, 2, 0 %, 0 %, 35271 MiB, 36.75 W
2026/09/20 09:24:49.997, 0, 0 %, 0 %, 35270 MiB, 36.01 W
2026/09/20 09:24:49.997, 1, 0 %, 0 %, 35270 MiB, 35.48 W
2026/09/20 09:24:49.997, 2, 0 %, 0 %, 35271 MiB, 36.54 W
2026/09/20 09:24:54.999, 0, 0 %, 0 %, 35270 MiB, 36.01 W
2026/09/20 09:24:55.000, 1, 0 %, 0 %, 35270 MiB, 35.30 W
2026/09/20 09:24:55.000, 2, 0 %, 0 %, 35271 MiB, 36.54 W
2026/09/20 09:25:00.000, 0, 0 %, 0 %, 35270 MiB, 36.31 W
2026/09/20 09:25:00.001, 1, 0 %, 0 %, 35270 MiB, 35.29 W
2026/09/20 09:25:00.001, 2, 0 %, 0 %, 35271 MiB, 36.54 W
2026/09/20 09:25:05.001, 0, 0 %, 0 %, 35270 MiB, 36.04 W
2026/09/20 09:25:05.001, 1, 0 %, 0 %, 35270 MiB, 35.23 W
2026/09/20 09:25:05.001, 2, 0 %, 0 %, 35271 MiB, 36.66 W
2026/09/20 09:25:10.002, 0, 0 %, 0 %, 35270 MiB, 36.04 W
2026/09/20 09:25:10.002, 1, 0 %, 0 %, 35270 MiB, 35.51 W
2026/09/20 09:25:10.002, 2, 0 %, 0 %, 35271 MiB, 36.65 W
2026/09/20 09:25:15.004, 0, 0 %, 0 %, 35270 MiB, 35.83 W
2026/09/20 09:25:15.004, 1, 0 %, 0 %, 35270 MiB, 35.30 W
2026/09/20 09:25:15.004, 2, 0 %, 0 %, 35271 MiB, 36.56 W
2026/09/20 09:25:20.006, 0, 0 %, 0 %, 35270 MiB, 36.12 W
2026/09/20 09:25:20.006, 1, 0 %, 0 %, 35270 MiB, 35.40 W
2026/09/20 09:25:20.006, 2, 0 %, 0 %, 35271 MiB, 36.68 W
2026/09/20 09:25:25.008, 0, 0 %, 0 %, 35270 MiB, 35.92 W
2026/09/20 09:25:25.008, 1, 0 %, 0 %, 35270 MiB, 35.29 W
2026/09/20 09:25:25.008, 2, 0 %, 0 %, 35271 MiB, 36.74 W
2026/09/20 09:25:30.010, 0, 0 %, 0 %, 35270 MiB, 39.96 W
2026/09/20 09:25:30.010, 1, 0 %, 0 %, 35270 MiB, 35.39 W
2026/09/20 09:25:30.010, 2, 0 %, 0 %, 35271 MiB, 36.75 W
2026/09/20 09:25:35.012, 0, 0 %, 0 %, 35270 MiB, 35.92 W
2026/09/20 09:25:35.012, 1, 0 %, 0 %, 35270 MiB, 35.39 W
2026/09/20 09:25:35.013, 2, 0 %, 0 %, 35271 MiB, 36.64 W
2026/09/20 09:25:40.014, 0, 0 %, 0 %, 35270 MiB, 36.01 W
2026/09/20 09:25:40.014, 1, 0 %, 0 %, 35270 MiB, 35.29 W
2026/09/20 09:25:40.014, 2, 0 %, 0 %, 35271 MiB, 36.94 W
2026/09/20 09:25:45.015, 0, 0 %, 0 %, 35270 MiB, 36.01 W
2026/09/20 09:25:45.016, 1, 0 %, 0 %, 35270 MiB, 35.57 W
2026/09/20 09:25:45.016, 2, 0 %, 0 %, 35271 MiB, 36.85 W
2026/09/20 09:25:50.017, 0, 0 %, 0 %, 35270 MiB, 35.91 W
2026/09/20 09:25:50.017, 1, 0 %, 0 %, 35270 MiB, 35.38 W
2026/09/20 09:25:50.017, 2, 0 %, 0 %, 35271 MiB, 36.75 W
2026/09/20 09:25:55.019, 0, 18 %, 1 %, 35270 MiB, 36.18 W
2026/09/20 09:25:55.019, 1, 0 %, 0 %, 35270 MiB, 35.28 W
2026/09/20 09:25:55.019, 2, 0 %, 0 %, 35271 MiB, 36.62 W
2026/09/20 09:26:00.021, 0, 0 %, 0 %, 35270 MiB, 36.00 W
2026/09/20 09:26:00.021, 1, 0 %, 0 %, 35270 MiB, 35.38 W
2026/09/20 09:26:00.021, 2, 0 %, 0 %, 35271 MiB, 36.64 W
2026/09/20 09:26:05.023, 0, 0 %, 0 %, 35270 MiB, 36.50 W
2026/09/20 09:26:05.023, 1, 0 %, 0 %, 35270 MiB, 35.49 W
2026/09/20 09:26:05.023, 2, 0 %, 0 %, 35271 MiB, 36.54 W
2026/09/20 09:26:10.025, 0, 0 %, 0 %, 35270 MiB, 42.22 W
2026/09/20 09:26:10.025, 1, 0 %, 0 %, 35270 MiB, 35.29 W
2026/09/20 09:26:10.025, 2, 0 %, 0 %, 35271 MiB, 36.65 W
2026/09/20 09:26:15.026, 0, 0 %, 0 %, 35270 MiB, 36.21 W
2026/09/20 09:26:15.026, 1, 0 %, 0 %, 35270 MiB, 35.30 W
2026/09/20 09:26:15.026, 2, 0 %, 0 %, 35271 MiB, 36.65 W
2026/09/20 09:26:20.027, 0, 0 %, 0 %, 35270 MiB, 36.11 W
2026/09/20 09:26:20.027, 1, 0 %, 0 %, 35270 MiB, 35.29 W
2026/09/20 09:26:20.027, 2, 0 %, 0 %, 35271 MiB, 36.75 W
2026/09/20 09:26:25.029, 0, 0 %, 0 %, 35270 MiB, 35.94 W
2026/09/20 09:26:25.029, 1, 0 %, 0 %, 35270 MiB, 35.22 W
2026/09/20 09:26:25.029, 2, 0 %, 0 %, 35271 MiB, 36.57 W
2026/09/20 09:26:30.031, 0, 0 %, 0 %, 35270 MiB, 35.92 W
2026/09/20 09:26:30.031, 1, 0 %, 0 %, 35270 MiB, 35.29 W
2026/09/20 09:26:30.031, 2, 0 %, 0 %, 35271 MiB, 36.54 W
2026/09/20 09:26:35.033, 0, 0 %, 0 %, 35270 MiB, 35.91 W
2026/09/20 09:26:35.033, 1, 0 %, 0 %, 35270 MiB, 35.38 W
2026/09/20 09:26:35.033, 2, 0 %, 0 %, 35271 MiB, 36.84 W
2026/09/20 09:26:40.034, 0, 0 %, 0 %, 35270 MiB, 35.92 W
2026/09/20 09:26:40.034, 1, 0 %, 0 %, 35270 MiB, 35.58 W
2026/09/20 09:26:40.034, 2, 0 %, 0 %, 35271 MiB, 36.74 W
2026/09/20 09:26:45.034, 0, 0 %, 0 %, 35270 MiB, 36.00 W
2026/09/20 09:26:45.035, 1, 0 %, 0 %, 35270 MiB, 35.38 W
2026/09/20 09:26:45.035, 2, 0 %, 0 %, 35271 MiB, 36.64 W
2026/09/20 09:26:50.036, 0, 0 %, 0 %, 35270 MiB, 35.91 W
2026/09/20 09:26:50.036, 1, 0 %, 0 %, 35270 MiB, 35.38 W
2026/09/20 09:26:50.036, 2, 0 %, 0 %, 35271 MiB, 36.73 W
2026/09/20 09:26:55.038, 0, 0 %, 0 %, 35270 MiB, 36.01 W
2026/09/20 09:26:55.038, 1, 16 %, 1 %, 35270 MiB, 35.49 W
2026/09/20 09:26:55.039, 2, 0 %, 0 %, 35271 MiB, 36.94 W
2026/09/20 09:27:00.040, 0, 0 %, 0 %, 35270 MiB, 35.92 W
2026/09/20 09:27:00.040, 1, 0 %, 0 %, 35270 MiB, 35.40 W
2026/09/20 09:27:00.040, 2, 0 %, 0 %, 35271 MiB, 36.54 W
2026/09/20 09:27:05.041, 0, 0 %, 0 %, 35270 MiB, 36.01 W
2026/09/20 09:27:05.042, 1, 0 %, 0 %, 35270 MiB, 35.29 W
2026/09/20 09:27:05.042, 2, 0 %, 0 %, 35271 MiB, 36.65 W
2026/09/20 09:27:10.042, 0, 0 %, 0 %, 35270 MiB, 36.30 W
2026/09/20 09:27:10.042, 1, 0 %, 0 %, 35270 MiB, 35.29 W
2026/09/20 09:27:10.043, 2, 0 %, 0 %, 35271 MiB, 36.54 W
2026/09/20 09:27:15.047, 0, 0 %, 0 %, 35270 MiB, 36.01 W
2026/09/20 09:27:15.047, 1, 0 %, 0 %, 35270 MiB, 35.48 W
2026/09/20 09:27:15.047, 2, 0 %, 0 %, 35271 MiB, 36.75 W
2026/09/20 09:27:20.049, 0, 0 %, 0 %, 35270 MiB, 36.01 W
2026/09/20 09:27:20.049, 1, 10 %, 0 %, 35270 MiB, 35.29 W
2026/09/20 09:27:20.049, 2, 0 %, 0 %, 35271 MiB, 36.65 W
2026/09/20 09:27:25.050, 0, 0 %, 0 %, 35270 MiB, 36.03 W
2026/09/20 09:27:25.051, 1, 21 %, 1 %, 35270 MiB, 35.31 W
2026/09/20 09:27:25.051, 2, 0 %, 0 %, 35271 MiB, 36.67 W
2026/09/20 09:27:30.052, 0, 0 %, 0 %, 35270 MiB, 36.01 W
2026/09/20 09:27:30.052, 1, 11 %, 0 %, 35270 MiB, 35.38 W
2026/09/20 09:27:30.052, 2, 0 %, 0 %, 35271 MiB, 36.64 W
2026/09/20 09:27:35.054, 0, 0 %, 0 %, 35270 MiB, 35.78 W
2026/09/20 09:27:35.054, 1, 9 %, 0 %, 35270 MiB, 39.21 W
2026/09/20 09:27:35.054, 2, 0 %, 0 %, 35271 MiB, 36.64 W
2026/09/20 09:27:40.055, 0, 0 %, 0 %, 35270 MiB, 35.81 W
2026/09/20 09:27:40.055, 1, 25 %, 1 %, 35270 MiB, 35.50 W
2026/09/20 09:27:40.055, 2, 0 %, 0 %, 35271 MiB, 41.70 W
2026/09/20 09:27:45.057, 0, 0 %, 0 %, 35270 MiB, 35.81 W
2026/09/20 09:27:45.057, 1, 7 %, 0 %, 35270 MiB, 46.33 W
2026/09/20 09:27:45.057, 2, 0 %, 0 %, 35271 MiB, 42.17 W
2026/09/20 09:27:50.059, 0, 0 %, 0 %, 35270 MiB, 36.01 W
2026/09/20 09:27:50.059, 1, 0 %, 0 %, 35270 MiB, 35.59 W
2026/09/20 09:27:50.059, 2, 0 %, 0 %, 35271 MiB, 36.94 W
2026/09/20 09:27:55.061, 0, 0 %, 0 %, 35270 MiB, 35.82 W
2026/09/20 09:27:55.061, 1, 0 %, 0 %, 35270 MiB, 35.40 W
2026/09/20 09:27:55.061, 2, 10 %, 0 %, 35271 MiB, 36.75 W
2026/09/20 09:28:00.063, 0, 0 %, 0 %, 35270 MiB, 35.82 W
2026/09/20 09:28:00.063, 1, 25 %, 1 %, 35270 MiB, 35.40 W
2026/09/20 09:28:00.063, 2, 0 %, 0 %, 35271 MiB, 44.76 W
2026/09/20 09:28:05.065, 0, 0 %, 0 %, 35270 MiB, 35.92 W
2026/09/20 09:28:05.065, 1, 0 %, 0 %, 35270 MiB, 35.49 W
2026/09/20 09:28:05.065, 2, 0 %, 0 %, 35271 MiB, 36.75 W
2026/09/20 09:28:10.067, 0, 0 %, 0 %, 35270 MiB, 36.01 W
2026/09/20 09:28:10.067, 1, 0 %, 0 %, 35270 MiB, 35.39 W
2026/09/20 09:28:10.067, 2, 0 %, 0 %, 35271 MiB, 36.75 W
2026/09/20 09:28:15.069, 0, 0 %, 0 %, 35270 MiB, 36.01 W
2026/09/20 09:28:15.069, 1, 0 %, 0 %, 35270 MiB, 35.19 W
2026/09/20 09:28:15.069, 2, 15 %, 1 %, 35271 MiB, 36.65 W
2026/09/20 09:28:20.071, 0, 0 %, 0 %, 35270 MiB, 36.01 W
2026/09/20 09:28:20.071, 1, 0 %, 0 %, 35270 MiB, 35.29 W
2026/09/20 09:28:20.071, 2, 5 %, 0 %, 35271 MiB, 36.64 W
2026/09/20 09:28:25.072, 0, 0 %, 0 %, 35270 MiB, 36.22 W
2026/09/20 09:28:25.072, 1, 0 %, 0 %, 35270 MiB, 35.22 W
2026/09/20 09:28:25.072, 2, 42 %, 1 %, 35271 MiB, 36.97 W
2026/09/20 09:28:30.074, 0, 0 %, 0 %, 35270 MiB, 36.01 W
2026/09/20 09:28:30.074, 1, 0 %, 0 %, 35270 MiB, 35.39 W
2026/09/20 09:28:30.074, 2, 0 %, 0 %, 35271 MiB, 36.65 W
2026/09/20 09:28:35.076, 0, 0 %, 0 %, 35270 MiB, 35.82 W
2026/09/20 09:28:35.076, 1, 0 %, 0 %, 35270 MiB, 35.21 W
2026/09/20 09:28:35.076, 2, 0 %, 0 %, 35271 MiB, 36.64 W
2026/09/20 09:28:40.077, 0, 0 %, 0 %, 35270 MiB, 35.89 W
2026/09/20 09:28:40.077, 1, 0 %, 0 %, 35270 MiB, 35.28 W
2026/09/20 09:28:40.077, 2, 0 %, 0 %, 35271 MiB, 36.64 W
2026/09/20 09:28:45.079, 0, 0 %, 0 %, 35270 MiB, 36.04 W
2026/09/20 09:28:45.079, 1, 0 %, 0 %, 35270 MiB, 35.42 W
2026/09/20 09:28:45.079, 2, 25 %, 1 %, 35271 MiB, 36.94 W
2026/09/20 09:28:50.081, 0, 0 %, 0 %, 35270 MiB, 35.84 W
2026/09/20 09:28:50.081, 1, 0 %, 0 %, 35270 MiB, 35.32 W
2026/09/20 09:28:50.081, 2, 0 %, 0 %, 35271 MiB, 36.77 W
2026/09/20 09:28:55.083, 0, 0 %, 0 %, 35270 MiB, 35.92 W
2026/09/20 09:28:55.083, 1, 0 %, 0 %, 35270 MiB, 35.31 W
2026/09/20 09:28:55.083, 2, 0 %, 0 %, 35271 MiB, 36.76 W
2026/09/20 09:29:00.085, 0, 0 %, 0 %, 35270 MiB, 35.92 W
2026/09/20 09:29:00.085, 1, 0 %, 0 %, 35270 MiB, 35.30 W
2026/09/20 09:29:00.085, 2, 0 %, 0 %, 35271 MiB, 36.75 W
2026/09/20 09:29:05.087, 0, 0 %, 0 %, 35270 MiB, 36.01 W
2026/09/20 09:29:05.087, 1, 0 %, 0 %, 35270 MiB, 35.39 W
2026/09/20 09:29:05.087, 2, 0 %, 0 %, 35271 MiB, 36.85 W
2026/09/20 09:29:10.089, 0, 0 %, 0 %, 35270 MiB, 35.92 W
2026/09/20 09:29:10.089, 1, 0 %, 0 %, 35270 MiB, 35.40 W
2026/09/20 09:29:10.089, 2, 0 %, 0 %, 35271 MiB, 37.04 W
2026/09/20 09:29:15.090, 0, 0 %, 0 %, 35270 MiB, 35.94 W
2026/09/20 09:29:15.090, 1, 0 %, 0 %, 35270 MiB, 35.51 W
2026/09/20 09:29:15.090, 2, 0 %, 0 %, 35271 MiB, 36.68 W
2026/09/20 09:29:20.092, 0, 0 %, 0 %, 35270 MiB, 36.20 W
2026/09/20 09:29:20.092, 1, 0 %, 0 %, 35270 MiB, 35.29 W
2026/09/20 09:29:20.092, 2, 0 %, 0 %, 35271 MiB, 36.94 W
2026/09/20 09:29:25.095, 0, 0 %, 0 %, 35270 MiB, 36.01 W
2026/09/20 09:29:25.096, 1, 0 %, 0 %, 35270 MiB, 35.38 W
2026/09/20 09:29:25.096, 2, 0 %, 0 %, 35271 MiB, 36.54 W
2026/09/20 09:29:30.097, 0, 0 %, 0 %, 35270 MiB, 35.92 W
2026/09/20 09:29:30.097, 1, 0 %, 0 %, 35270 MiB, 35.29 W
2026/09/20 09:29:30.098, 2, 0 %, 0 %, 35271 MiB, 36.64 W
2026/09/20 09:29:35.099, 0, 0 %, 0 %, 35270 MiB, 36.01 W
2026/09/20 09:29:35.099, 1, 0 %, 0 %, 35270 MiB, 35.29 W
2026/09/20 09:29:35.099, 2, 0 %, 0 %, 35271 MiB, 36.65 W
2026/09/20 09:29:40.101, 0, 0 %, 0 %, 35270 MiB, 36.13 W
2026/09/20 09:29:40.101, 1, 0 %, 0 %, 35270 MiB, 35.33 W
2026/09/20 09:29:40.101, 2, 0 %, 0 %, 35271 MiB, 36.77 W
2026/09/20 09:29:45.103, 0, 0 %, 0 %, 35270 MiB, 35.84 W
2026/09/20 09:29:45.103, 1, 0 %, 0 %, 35270 MiB, 35.32 W
2026/09/20 09:29:45.103, 2, 0 %, 0 %, 35271 MiB, 36.68 W
2026/09/20 09:29:50.105, 0, 0 %, 0 %, 35270 MiB, 35.92 W
2026/09/20 09:29:50.105, 1, 0 %, 0 %, 35270 MiB, 35.29 W
2026/09/20 09:29:50.105, 2, 0 %, 0 %, 35271 MiB, 36.65 W
2026/09/20 09:29:55.107, 0, 0 %, 0 %, 35270 MiB, 35.92 W
2026/09/20 09:29:55.107, 1, 0 %, 0 %, 35270 MiB, 35.29 W
2026/09/20 09:29:55.107, 2, 0 %, 0 %, 35271 MiB, 36.94 W
2026/09/20 09:30:00.109, 0, 0 %, 0 %, 35270 MiB, 36.10 W
2026/09/20 09:30:00.109, 1, 0 %, 0 %, 35270 MiB, 35.38 W
2026/09/20 09:30:00.109, 2, 0 %, 0 %, 35271 MiB, 36.85 W
2026/09/20 09:30:05.111, 0, 0 %, 0 %, 35270 MiB, 35.92 W
2026/09/20 09:30:05.111, 1, 0 %, 0 %, 35270 MiB, 35.40 W
2026/09/20 09:30:05.111, 2, 0 %, 0 %, 35271 MiB, 36.75 W
2026/09/20 09:30:10.113, 0, 0 %, 0 %, 35270 MiB, 35.91 W
2026/09/20 09:30:10.113, 1, 0 %, 0 %, 35270 MiB, 35.38 W
2026/09/20 09:30:10.113, 2, 0 %, 0 %, 35271 MiB, 36.75 W
2026/09/20 09:30:15.115, 0, 0 %, 0 %, 35270 MiB, 35.94 W
2026/09/20 09:30:15.115, 1, 0 %, 0 %, 35270 MiB, 35.41 W
2026/09/20 09:30:15.115, 2, 0 %, 0 %, 35271 MiB, 36.77 W
2026/09/20 09:30:20.117, 0, 0 %, 0 %, 35270 MiB, 36.01 W
2026/09/20 09:30:20.117, 1, 0 %, 0 %, 35270 MiB, 35.60 W
2026/09/20 09:30:20.117, 2, 0 %, 0 %, 35271 MiB, 36.54 W
2026/09/20 09:30:25.119, 0, 0 %, 0 %, 35270 MiB, 35.92 W
2026/09/20 09:30:25.119, 1, 0 %, 0 %, 35270 MiB, 35.18 W
2026/09/20 09:30:25.119, 2, 0 %, 0 %, 35271 MiB, 36.54 W
2026/09/20 09:30:30.120, 0, 0 %, 0 %, 35270 MiB, 36.02 W
2026/09/20 09:30:30.121, 1, 0 %, 0 %, 35270 MiB, 35.31 W
2026/09/20 09:30:30.121, 2, 0 %, 0 %, 35271 MiB, 36.54 W
2026/09/20 09:30:35.121, 0, 0 %, 0 %, 35270 MiB, 36.01 W
2026/09/20 09:30:35.121, 1, 0 %, 0 %, 35270 MiB, 35.29 W
2026/09/20 09:30:35.121, 2, 0 %, 0 %, 35271 MiB, 36.65 W
2026/09/20 09:30:40.122, 0, 0 %, 0 %, 35270 MiB, 36.11 W
2026/09/20 09:30:40.122, 1, 0 %, 0 %, 35270 MiB, 35.39 W
2026/09/20 09:30:40.123, 2, 0 %, 0 %, 35271 MiB, 36.64 W
2026/09/20 09:30:45.124, 0, 0 %, 0 %, 35270 MiB, 36.01 W
2026/09/20 09:30:45.124, 1, 0 %, 0 %, 35270 MiB, 35.20 W
2026/09/20 09:30:45.124, 2, 0 %, 0 %, 35271 MiB, 36.54 W
2026/09/20 09:30:50.125, 0, 0 %, 0 %, 35270 MiB, 35.92 W
2026/09/20 09:30:50.125, 1, 0 %, 0 %, 35270 MiB, 35.21 W
2026/09/20 09:30:50.125, 2, 0 %, 0 %, 35271 MiB, 36.87 W
2026/09/20 09:30:55.127, 0, 0 %, 0 %, 35270 MiB, 35.82 W
2026/09/20 09:30:55.127, 1, 0 %, 0 %, 35270 MiB, 35.29 W
2026/09/20 09:30:55.127, 2, 0 %, 0 %, 35271 MiB, 36.65 W
2026/09/20 09:31:00.129, 0, 0 %, 0 %, 35270 MiB, 35.93 W
2026/09/20 09:31:00.129, 1, 0 %, 0 %, 35270 MiB, 35.41 W
2026/09/20 09:31:00.129, 2, 0 %, 0 %, 35271 MiB, 36.55 W
2026/09/20 09:31:05.131, 0, 0 %, 0 %, 35270 MiB, 35.84 W
2026/09/20 09:31:05.131, 1, 0 %, 0 %, 35270 MiB, 35.31 W
2026/09/20 09:31:05.131, 2, 0 %, 0 %, 35271 MiB, 36.65 W
2026/09/20 09:31:10.132, 0, 0 %, 0 %, 35270 MiB, 35.92 W
2026/09/20 09:31:10.133, 1, 0 %, 0 %, 35270 MiB, 35.39 W
2026/09/20 09:31:10.134, 2, 0 %, 0 %, 35271 MiB, 36.75 W
2026/09/20 09:31:15.134, 0, 0 %, 0 %, 35270 MiB, 35.92 W
2026/09/20 09:31:15.134, 1, 0 %, 0 %, 35270 MiB, 35.40 W
2026/09/20 09:31:15.135, 2, 0 %, 0 %, 35271 MiB, 36.75 W
2026/09/20 09:31:20.136, 0, 0 %, 0 %, 35270 MiB, 35.92 W
2026/09/20 09:31:20.136, 1, 0 %, 0 %, 35270 MiB, 35.39 W
2026/09/20 09:31:20.136, 2, 0 %, 0 %, 35271 MiB, 36.64 W
2026/09/20 09:31:25.138, 0, 0 %, 0 %, 35270 MiB, 35.92 W
2026/09/20 09:31:25.138, 1, 0 %, 0 %, 35270 MiB, 35.50 W
2026/09/20 09:31:25.138, 2, 0 %, 0 %, 35271 MiB, 36.75 W
2026/09/20 09:31:30.140, 0, 0 %, 0 %, 35270 MiB, 35.94 W
2026/09/20 09:31:30.140, 1, 0 %, 0 %, 35270 MiB, 35.42 W
2026/09/20 09:31:30.140, 2, 0 %, 0 %, 35271 MiB, 36.68 W
2026/09/20 09:31:35.141, 0, 0 %, 0 %, 35270 MiB, 36.23 W
2026/09/20 09:31:35.141, 1, 0 %, 0 %, 35270 MiB, 35.52 W
2026/09/20 09:31:35.141, 2, 0 %, 0 %, 35271 MiB, 36.57 W
2026/09/20 09:31:40.143, 0, 0 %, 0 %, 35270 MiB, 36.04 W
2026/09/20 09:31:40.143, 1, 0 %, 0 %, 35270 MiB, 35.22 W
2026/09/20 09:31:40.143, 2, 0 %, 0 %, 35271 MiB, 36.54 W
2026/09/20 09:31:45.145, 0, 0 %, 0 %, 35270 MiB, 36.02 W
2026/09/20 09:31:45.145, 1, 0 %, 0 %, 35270 MiB, 35.20 W
2026/09/20 09:31:45.146, 2, 0 %, 0 %, 35271 MiB, 36.76 W
2026/09/20 09:31:50.147, 0, 0 %, 0 %, 35270 MiB, 36.05 W
2026/09/20 09:31:50.147, 1, 0 %, 0 %, 35270 MiB, 35.23 W
2026/09/20 09:31:50.147, 2, 0 %, 0 %, 35271 MiB, 36.57 W
2026/09/20 09:31:55.148, 0, 0 %, 0 %, 35270 MiB, 35.94 W
2026/09/20 09:31:55.149, 1, 0 %, 0 %, 35270 MiB, 35.42 W
2026/09/20 09:31:55.149, 2, 0 %, 0 %, 35271 MiB, 36.57 W
2026/09/20 09:32:00.149, 0, 0 %, 0 %, 35270 MiB, 35.81 W
2026/09/20 09:32:00.150, 1, 0 %, 0 %, 35270 MiB, 35.31 W
2026/09/20 09:32:00.150, 2, 0 %, 0 %, 35271 MiB, 36.67 W
2026/09/20 09:32:05.151, 0, 0 %, 0 %, 35270 MiB, 35.80 W
2026/09/20 09:32:05.151, 1, 0 %, 0 %, 35270 MiB, 35.29 W
2026/09/20 09:32:05.151, 2, 0 %, 0 %, 35271 MiB, 36.85 W
2026/09/20 09:32:10.153, 0, 0 %, 0 %, 35270 MiB, 35.82 W
2026/09/20 09:32:10.153, 1, 0 %, 0 %, 35270 MiB, 35.29 W
2026/09/20 09:32:10.153, 2, 0 %, 0 %, 35271 MiB, 36.54 W
2026/09/20 09:32:15.155, 0, 0 %, 0 %, 35270 MiB, 36.00 W
2026/09/20 09:32:15.156, 1, 0 %, 0 %, 35270 MiB, 35.38 W
2026/09/20 09:32:15.156, 2, 0 %, 0 %, 35271 MiB, 36.74 W
2026/09/20 09:32:20.157, 0, 5 %, 0 %, 35270 MiB, 35.81 W
2026/09/20 09:32:20.157, 1, 0 %, 0 %, 35270 MiB, 35.39 W
2026/09/20 09:32:20.157, 2, 0 %, 0 %, 35271 MiB, 36.65 W
2026/09/20 09:32:25.159, 0, 0 %, 0 %, 35270 MiB, 35.83 W
2026/09/20 09:32:25.159, 1, 0 %, 0 %, 35270 MiB, 35.40 W
2026/09/20 09:32:25.159, 2, 0 %, 0 %, 35271 MiB, 36.85 W
2026/09/20 09:32:30.160, 0, 12 %, 0 %, 35270 MiB, 36.02 W
2026/09/20 09:32:30.160, 1, 0 %, 0 %, 35270 MiB, 35.50 W
2026/09/20 09:32:30.161, 2, 0 %, 0 %, 35271 MiB, 36.75 W
2026/09/20 09:32:35.169, 0, 0 %, 0 %, 35270 MiB, 36.01 W
2026/09/20 09:32:35.169, 1, 0 %, 0 %, 35270 MiB, 35.38 W
2026/09/20 09:32:35.169, 2, 0 %, 0 %, 35271 MiB, 36.54 W
2026/09/20 09:32:40.178, 0, 0 %, 0 %, 35270 MiB, 35.92 W
2026/09/20 09:32:40.178, 1, 0 %, 0 %, 35270 MiB, 35.30 W
2026/09/20 09:32:40.179, 2, 0 %, 0 %, 35271 MiB, 36.54 W
2026/09/20 09:32:45.180, 0, 0 %, 0 %, 35270 MiB, 35.91 W
2026/09/20 09:32:45.180, 1, 0 %, 0 %, 35270 MiB, 35.20 W
2026/09/20 09:32:45.180, 2, 0 %, 0 %, 35271 MiB, 36.65 W
2026/09/20 09:32:50.182, 0, 5 %, 0 %, 35270 MiB, 36.11 W
2026/09/20 09:32:50.182, 1, 0 %, 0 %, 35270 MiB, 35.40 W
2026/09/20 09:32:50.182, 2, 0 %, 0 %, 35271 MiB, 36.43 W
2026/09/20 09:32:55.182, 0, 10 %, 0 %, 35270 MiB, 36.11 W
2026/09/20 09:32:55.182, 1, 0 %, 0 %, 35270 MiB, 35.29 W
2026/09/20 09:32:55.182, 2, 0 %, 0 %, 35271 MiB, 36.54 W
2026/09/20 09:33:00.188, 0, 0 %, 0 %, 35270 MiB, 36.00 W
2026/09/20 09:33:00.188, 1, 0 %, 0 %, 35270 MiB, 35.38 W
2026/09/20 09:33:00.188, 2, 0 %, 0 %, 35271 MiB, 36.74 W
2026/09/20 09:33:05.189, 0, 0 %, 0 %, 35270 MiB, 35.84 W
2026/09/20 09:33:05.189, 1, 0 %, 0 %, 35270 MiB, 35.21 W
2026/09/20 09:33:05.189, 2, 0 %, 0 %, 35271 MiB, 36.57 W
2026/09/20 09:33:10.190, 0, 0 %, 0 %, 35270 MiB, 35.94 W
2026/09/20 09:33:10.190, 1, 0 %, 0 %, 35270 MiB, 35.51 W
2026/09/20 09:33:10.190, 2, 0 %, 0 %, 35271 MiB, 36.57 W
2026/09/20 09:33:15.192, 0, 0 %, 0 %, 35270 MiB, 35.82 W
2026/09/20 09:33:15.192, 1, 0 %, 0 %, 35270 MiB, 35.30 W
2026/09/20 09:33:15.192, 2, 0 %, 0 %, 35271 MiB, 36.54 W
2026/09/20 09:33:20.194, 0, 0 %, 0 %, 35270 MiB, 35.91 W
2026/09/20 09:33:20.194, 1, 0 %, 0 %, 35270 MiB, 35.29 W
2026/09/20 09:33:20.194, 2, 0 %, 0 %, 35271 MiB, 36.74 W
2026/09/20 09:33:25.196, 0, 0 %, 0 %, 35270 MiB, 35.91 W
2026/09/20 09:33:25.196, 1, 0 %, 0 %, 35270 MiB, 35.38 W
2026/09/20 09:33:25.196, 2, 0 %, 0 %, 35271 MiB, 36.64 W
2026/09/20 09:33:30.197, 0, 0 %, 0 %, 35270 MiB, 36.12 W
2026/09/20 09:33:30.197, 1, 25 %, 1 %, 35270 MiB, 35.50 W
2026/09/20 09:33:30.197, 2, 0 %, 0 %, 35271 MiB, 36.75 W
2026/09/20 09:33:35.199, 0, 6 %, 0 %, 35270 MiB, 35.92 W
2026/09/20 09:33:35.199, 1, 0 %, 0 %, 35270 MiB, 35.40 W
2026/09/20 09:33:35.200, 2, 0 %, 0 %, 35271 MiB, 36.75 W
2026/09/20 09:33:40.201, 0, 0 %, 0 %, 35270 MiB, 35.92 W
2026/09/20 09:33:40.201, 1, 0 %, 0 %, 35270 MiB, 35.39 W
2026/09/20 09:33:40.201, 2, 0 %, 0 %, 35271 MiB, 36.75 W
2026/09/20 09:33:45.203, 0, 0 %, 0 %, 35270 MiB, 36.04 W
2026/09/20 09:33:45.214, 1, 0 %, 0 %, 35270 MiB, 35.33 W
2026/09/20 09:33:45.215, 2, 0 %, 0 %, 35271 MiB, 36.47 W
2026/09/20 09:33:50.217, 0, 0 %, 0 %, 35270 MiB, 36.05 W
2026/09/20 09:33:50.217, 1, 0 %, 0 %, 35270 MiB, 35.12 W
2026/09/20 09:33:50.217, 2, 0 %, 0 %, 35271 MiB, 36.58 W
2026/09/20 09:33:55.219, 0, 0 %, 0 %, 35270 MiB, 36.05 W
2026/09/20 09:33:55.219, 1, 25 %, 1 %, 35270 MiB, 35.33 W
2026/09/20 09:33:55.219, 2, 0 %, 0 %, 35271 MiB, 36.77 W
2026/09/20 09:34:00.221, 0, 10 %, 0 %, 35270 MiB, 36.03 W
2026/09/20 09:34:00.221, 1, 0 %, 0 %, 35270 MiB, 35.23 W
2026/09/20 09:34:00.221, 2, 0 %, 0 %, 35271 MiB, 36.57 W
2026/09/20 09:34:05.230, 0, 0 %, 0 %, 35270 MiB, 36.01 W
2026/09/20 09:34:05.230, 1, 0 %, 0 %, 35270 MiB, 35.51 W
2026/09/20 09:34:05.230, 2, 0 %, 0 %, 35271 MiB, 36.54 W
2026/09/20 09:34:10.232, 0, 0 %, 0 %, 35270 MiB, 35.85 W
2026/09/20 09:34:10.232, 1, 0 %, 0 %, 35270 MiB, 35.33 W
2026/09/20 09:34:10.232, 2, 0 %, 0 %, 35271 MiB, 36.58 W
2026/09/20 09:34:15.233, 0, 0 %, 0 %, 35270 MiB, 35.75 W
2026/09/20 09:34:15.233, 1, 0 %, 0 %, 35270 MiB, 35.24 W
2026/09/20 09:34:15.234, 2, 0 %, 0 %, 35271 MiB, 36.80 W
2026/09/20 09:34:20.234, 0, 0 %, 0 %, 35270 MiB, 35.84 W
2026/09/20 09:34:20.234, 1, 0 %, 0 %, 35270 MiB, 35.23 W
2026/09/20 09:34:20.234, 2, 0 %, 0 %, 35271 MiB, 36.57 W
2026/09/20 09:34:25.235, 0, 0 %, 0 %, 35270 MiB, 36.06 W
2026/09/20 09:34:25.235, 1, 0 %, 0 %, 35270 MiB, 35.33 W
2026/09/20 09:34:25.235, 2, 0 %, 0 %, 35271 MiB, 36.58 W
2026/09/20 09:34:30.236, 0, 0 %, 0 %, 35270 MiB, 35.85 W
2026/09/20 09:34:30.236, 1, 0 %, 0 %, 35270 MiB, 42.05 W
2026/09/20 09:34:30.236, 2, 0 %, 0 %, 35271 MiB, 36.59 W
2026/09/20 09:34:35.237, 0, 0 %, 0 %, 35270 MiB, 35.95 W
2026/09/20 09:34:35.237, 1, 0 %, 0 %, 35270 MiB, 35.33 W
2026/09/20 09:34:35.237, 2, 0 %, 0 %, 35271 MiB, 36.69 W
2026/09/20 09:34:40.238, 0, 0 %, 0 %, 35270 MiB, 35.83 W
2026/09/20 09:34:40.238, 1, 0 %, 0 %, 35270 MiB, 35.51 W
2026/09/20 09:34:40.238, 2, 0 %, 0 %, 35271 MiB, 36.68 W
2026/09/20 09:34:45.240, 0, 0 %, 0 %, 35270 MiB, 36.11 W
2026/09/20 09:34:45.240, 1, 0 %, 0 %, 35270 MiB, 35.39 W
2026/09/20 09:34:45.240, 2, 0 %, 0 %, 35271 MiB, 36.75 W
2026/09/20 09:34:50.247, 0, 0 %, 0 %, 35270 MiB, 35.93 W
2026/09/20 09:34:50.247, 1, 0 %, 0 %, 35270 MiB, 35.21 W
2026/09/20 09:34:50.247, 2, 0 %, 0 %, 35271 MiB, 36.67 W
2026/09/20 09:34:55.254, 0, 0 %, 0 %, 35270 MiB, 35.92 W
2026/09/20 09:34:55.254, 1, 0 %, 0 %, 35270 MiB, 35.11 W
2026/09/20 09:34:55.254, 2, 0 %, 0 %, 35271 MiB, 36.54 W
2026/09/20 09:35:00.255, 0, 0 %, 0 %, 35270 MiB, 36.01 W
2026/09/20 09:35:00.255, 1, 0 %, 0 %, 35270 MiB, 35.29 W
2026/09/20 09:35:00.255, 2, 0 %, 0 %, 35271 MiB, 36.54 W
2026/09/20 09:35:05.257, 0, 0 %, 0 %, 35270 MiB, 36.01 W
2026/09/20 09:35:05.257, 1, 0 %, 0 %, 35270 MiB, 35.09 W
2026/09/20 09:35:05.257, 2, 0 %, 0 %, 35271 MiB, 36.54 W
2026/09/20 09:35:10.258, 0, 0 %, 0 %, 35270 MiB, 35.92 W
2026/09/20 09:35:10.258, 1, 0 %, 0 %, 35270 MiB, 35.29 W
2026/09/20 09:35:10.258, 2, 0 %, 0 %, 35271 MiB, 36.54 W
2026/09/20 09:35:15.260, 0, 0 %, 0 %, 35270 MiB, 36.01 W
2026/09/20 09:35:15.260, 1, 0 %, 0 %, 35270 MiB, 35.49 W
2026/09/20 09:35:15.260, 2, 0 %, 0 %, 35271 MiB, 36.54 W
2026/09/20 09:35:20.261, 0, 0 %, 0 %, 35270 MiB, 35.82 W
2026/09/20 09:35:20.261, 1, 0 %, 0 %, 35270 MiB, 35.29 W
2026/09/20 09:35:20.261, 2, 0 %, 0 %, 35271 MiB, 36.44 W
2026/09/20 09:35:25.262, 0, 0 %, 0 %, 35270 MiB, 35.92 W
2026/09/20 09:35:25.262, 1, 0 %, 0 %, 35270 MiB, 35.21 W
2026/09/20 09:35:25.262, 2, 0 %, 0 %, 35271 MiB, 36.54 W
2026/09/20 09:35:30.264, 0, 0 %, 0 %, 35270 MiB, 35.83 W
2026/09/20 09:35:30.264, 1, 0 %, 0 %, 35270 MiB, 35.30 W
2026/09/20 09:35:30.264, 2, 0 %, 0 %, 35271 MiB, 36.54 W
2026/09/20 09:35:35.266, 0, 0 %, 0 %, 35270 MiB, 35.71 W
2026/09/20 09:35:35.266, 1, 0 %, 0 %, 35270 MiB, 35.39 W
2026/09/20 09:35:35.266, 2, 0 %, 0 %, 35271 MiB, 36.54 W
2026/09/20 09:35:40.267, 0, 0 %, 0 %, 35270 MiB, 35.92 W
2026/09/20 09:35:40.267, 1, 0 %, 0 %, 35270 MiB, 35.39 W
2026/09/20 09:35:40.268, 2, 0 %, 0 %, 35271 MiB, 36.54 W
2026/09/20 09:35:45.269, 0, 0 %, 0 %, 35270 MiB, 35.92 W
2026/09/20 09:35:45.269, 1, 0 %, 0 %, 35270 MiB, 35.40 W
2026/09/20 09:35:45.269, 2, 0 %, 0 %, 35271 MiB, 36.75 W
2026/09/20 09:35:50.271, 0, 0 %, 0 %, 35270 MiB, 35.94 W
2026/09/20 09:35:50.271, 1, 0 %, 0 %, 35270 MiB, 35.32 W
2026/09/20 09:35:50.271, 2, 0 %, 0 %, 35271 MiB, 36.57 W
2026/09/20 09:35:55.273, 0, 0 %, 0 %, 35270 MiB, 35.82 W
2026/09/20 09:35:55.273, 1, 0 %, 0 %, 35270 MiB, 35.41 W
2026/09/20 09:35:55.273, 2, 0 %, 0 %, 35271 MiB, 36.33 W
2026/09/20 09:36:00.280, 0, 0 %, 0 %, 35270 MiB, 35.92 W
2026/09/20 09:36:00.280, 1, 0 %, 0 %, 35270 MiB, 35.30 W
2026/09/20 09:36:00.280, 2, 0 %, 0 %, 35271 MiB, 36.43 W
2026/09/20 09:36:05.282, 0, 0 %, 0 %, 35270 MiB, 36.02 W
2026/09/20 09:36:05.282, 1, 0 %, 0 %, 35270 MiB, 35.30 W
2026/09/20 09:36:05.282, 2, 0 %, 0 %, 35271 MiB, 36.54 W
2026/09/20 09:36:10.283, 0, 0 %, 0 %, 35270 MiB, 36.01 W
2026/09/20 09:36:10.283, 1, 0 %, 0 %, 35270 MiB, 35.41 W
2026/09/20 09:36:10.283, 2, 0 %, 0 %, 35271 MiB, 36.54 W
2026/09/20 09:36:15.285, 0, 0 %, 0 %, 35270 MiB, 36.01 W
2026/09/20 09:36:15.285, 1, 0 %, 0 %, 35270 MiB, 35.29 W
2026/09/20 09:36:15.285, 2, 0 %, 0 %, 35271 MiB, 36.54 W
2026/09/20 09:36:20.287, 0, 0 %, 0 %, 35270 MiB, 36.21 W
2026/09/20 09:36:20.287, 1, 0 %, 0 %, 35270 MiB, 35.28 W
2026/09/20 09:36:20.287, 2, 0 %, 0 %, 35271 MiB, 36.75 W
2026/09/20 09:36:25.288, 0, 0 %, 0 %, 35270 MiB, 35.83 W
2026/09/20 09:36:25.288, 1, 0 %, 0 %, 35270 MiB, 35.31 W
2026/09/20 09:36:25.288, 2, 0 %, 0 %, 35271 MiB, 36.46 W
2026/09/20 09:36:30.289, 0, 0 %, 0 %, 35270 MiB, 35.72 W
2026/09/20 09:36:30.289, 1, 0 %, 0 %, 35270 MiB, 35.39 W
2026/09/20 09:36:30.289, 2, 0 %, 0 %, 35271 MiB, 36.55 W
2026/09/20 09:36:35.291, 0, 0 %, 0 %, 35270 MiB, 35.83 W
2026/09/20 09:36:35.291, 1, 0 %, 0 %, 35270 MiB, 35.30 W
2026/09/20 09:36:35.291, 2, 0 %, 0 %, 35271 MiB, 36.65 W
2026/09/20 09:36:40.296, 0, 0 %, 0 %, 35270 MiB, 36.11 W
2026/09/20 09:36:40.296, 1, 0 %, 0 %, 35270 MiB, 35.29 W
2026/09/20 09:36:40.296, 2, 0 %, 0 %, 35271 MiB, 36.64 W
2026/09/20 09:36:45.298, 0, 0 %, 0 %, 35270 MiB, 35.82 W
2026/09/20 09:36:45.298, 1, 0 %, 0 %, 35270 MiB, 35.41 W
2026/09/20 09:36:45.298, 2, 0 %, 0 %, 35271 MiB, 36.66 W
2026/09/20 09:36:50.300, 0, 0 %, 0 %, 35270 MiB, 35.92 W
2026/09/20 09:36:50.301, 1, 0 %, 0 %, 35270 MiB, 35.30 W
2026/09/20 09:36:50.301, 2, 0 %, 0 %, 35271 MiB, 36.54 W
2026/09/20 09:36:55.302, 0, 0 %, 0 %, 35270 MiB, 35.92 W
2026/09/20 09:36:55.302, 1, 0 %, 0 %, 35270 MiB, 35.30 W
2026/09/20 09:36:55.302, 2, 0 %, 0 %, 35271 MiB, 36.85 W
2026/09/20 09:37:00.303, 0, 0 %, 0 %, 35270 MiB, 36.01 W
2026/09/20 09:37:00.303, 1, 0 %, 0 %, 35270 MiB, 35.39 W
2026/09/20 09:37:00.303, 2, 0 %, 0 %, 35271 MiB, 36.75 W
2026/09/20 09:37:05.305, 0, 0 %, 0 %, 35270 MiB, 35.94 W
2026/09/20 09:37:05.305, 1, 0 %, 0 %, 35270 MiB, 35.61 W
2026/09/20 09:37:05.305, 2, 0 %, 0 %, 35271 MiB, 36.46 W
2026/09/20 09:37:10.306, 0, 0 %, 0 %, 35270 MiB, 35.95 W
2026/09/20 09:37:10.306, 1, 0 %, 0 %, 35270 MiB, 36.49 W
2026/09/20 09:37:10.307, 2, 0 %, 0 %, 35271 MiB, 36.57 W
2026/09/20 09:37:15.307, 0, 0 %, 0 %, 35270 MiB, 35.96 W
2026/09/20 09:37:15.307, 1, 0 %, 0 %, 35270 MiB, 35.12 W
2026/09/20 09:37:15.307, 2, 0 %, 0 %, 35271 MiB, 36.70 W
2026/09/20 09:37:20.310, 0, 0 %, 0 %, 35270 MiB, 36.13 W
2026/09/20 09:37:20.310, 1, 0 %, 0 %, 35270 MiB, 35.24 W
2026/09/20 09:37:20.310, 2, 0 %, 0 %, 35271 MiB, 36.59 W
2026/09/20 09:37:25.311, 0, 0 %, 0 %, 35270 MiB, 35.96 W
2026/09/20 09:37:25.311, 1, 0 %, 0 %, 35270 MiB, 35.44 W
2026/09/20 09:37:25.311, 2, 0 %, 0 %, 35271 MiB, 36.59 W
2026/09/20 09:37:30.311, 0, 100 %, 6 %, 35270 MiB, 154.43 W
2026/09/20 09:37:30.312, 1, 100 %, 6 %, 35270 MiB, 95.15 W
2026/09/20 09:37:30.312, 2, 100 %, 6 %, 35271 MiB, 128.09 W
2026/09/20 09:37:35.312, 0, 100 %, 7 %, 35270 MiB, 90.29 W
2026/09/20 09:37:35.312, 1, 100 %, 10 %, 35270 MiB, 89.95 W
2026/09/20 09:37:35.313, 2, 100 %, 6 %, 35271 MiB, 87.91 W
2026/09/20 09:37:40.313, 0, 100 %, 7 %, 35270 MiB, 94.28 W
2026/09/20 09:37:40.313, 1, 100 %, 6 %, 35270 MiB, 86.57 W
2026/09/20 09:37:40.313, 2, 100 %, 6 %, 35271 MiB, 93.68 W
2026/09/20 09:37:45.314, 0, 100 %, 7 %, 35270 MiB, 85.28 W
2026/09/20 09:37:45.314, 1, 100 %, 7 %, 35270 MiB, 90.76 W
2026/09/20 09:37:45.314, 2, 100 %, 6 %, 35271 MiB, 88.68 W
2026/09/20 09:37:50.315, 0, 100 %, 7 %, 35270 MiB, 92.85 W
2026/09/20 09:37:50.315, 1, 100 %, 6 %, 35270 MiB, 93.06 W
2026/09/20 09:37:50.315, 2, 100 %, 6 %, 35271 MiB, 86.63 W
2026/09/20 09:37:55.316, 0, 100 %, 14 %, 35270 MiB, 89.05 W
2026/09/20 09:37:55.316, 1, 100 %, 6 %, 35270 MiB, 94.44 W
2026/09/20 09:37:55.316, 2, 100 %, 6 %, 35271 MiB, 89.17 W
2026/09/20 09:38:00.317, 0, 100 %, 6 %, 35270 MiB, 96.58 W
2026/09/20 09:38:00.317, 1, 100 %, 6 %, 35270 MiB, 90.56 W
2026/09/20 09:38:00.317, 2, 99 %, 6 %, 35271 MiB, 90.93 W
2026/09/20 09:38:05.317, 0, 100 %, 6 %, 35270 MiB, 90.16 W
2026/09/20 09:38:05.318, 1, 100 %, 11 %, 35270 MiB, 91.32 W
2026/09/20 09:38:05.318, 2, 99 %, 7 %, 35271 MiB, 93.69 W
2026/09/20 09:38:10.318, 0, 100 %, 7 %, 35270 MiB, 88.47 W
2026/09/20 09:38:10.318, 1, 100 %, 10 %, 35270 MiB, 93.53 W
2026/09/20 09:38:10.318, 2, 100 %, 6 %, 35271 MiB, 98.38 W
2026/09/20 09:38:15.319, 0, 100 %, 10 %, 35270 MiB, 95.85 W
2026/09/20 09:38:15.319, 1, 100 %, 7 %, 35270 MiB, 87.93 W
2026/09/20 09:38:15.319, 2, 99 %, 7 %, 35271 MiB, 92.51 W
2026/09/20 09:38:20.319, 0, 100 %, 10 %, 35270 MiB, 91.45 W
2026/09/20 09:38:20.320, 1, 100 %, 6 %, 35270 MiB, 93.12 W
2026/09/20 09:38:20.320, 2, 100 %, 7 %, 35271 MiB, 89.45 W
2026/09/20 09:38:25.321, 0, 100 %, 6 %, 35270 MiB, 94.18 W
2026/09/20 09:38:25.321, 1, 100 %, 7 %, 35270 MiB, 91.30 W
2026/09/20 09:38:25.321, 2, 100 %, 6 %, 35271 MiB, 92.18 W
2026/09/20 09:38:30.322, 0, 100 %, 7 %, 35270 MiB, 94.12 W
2026/09/20 09:38:30.322, 1, 100 %, 7 %, 35270 MiB, 89.29 W
2026/09/20 09:38:30.322, 2, 100 %, 7 %, 35271 MiB, 91.63 W
2026/09/20 09:38:35.322, 0, 100 %, 7 %, 35270 MiB, 94.25 W
2026/09/20 09:38:35.323, 1, 100 %, 6 %, 35270 MiB, 94.87 W
2026/09/20 09:38:35.323, 2, 100 %, 10 %, 35271 MiB, 94.72 W
2026/09/20 09:38:40.323, 0, 100 %, 7 %, 35270 MiB, 90.71 W
2026/09/20 09:38:40.323, 1, 100 %, 6 %, 35270 MiB, 89.61 W
2026/09/20 09:38:40.323, 2, 100 %, 6 %, 35271 MiB, 91.32 W
2026/09/20 09:38:45.324, 0, 100 %, 7 %, 35270 MiB, 86.69 W
2026/09/20 09:38:45.324, 1, 100 %, 6 %, 35270 MiB, 90.17 W
2026/09/20 09:38:45.324, 2, 100 %, 6 %, 35271 MiB, 92.09 W
2026/09/20 09:38:50.324, 0, 100 %, 10 %, 35270 MiB, 86.95 W
2026/09/20 09:38:50.324, 1, 100 %, 6 %, 35270 MiB, 88.72 W
2026/09/20 09:38:50.325, 2, 100 %, 11 %, 35271 MiB, 86.85 W
2026/09/20 09:38:55.325, 0, 100 %, 10 %, 35270 MiB, 91.32 W
2026/09/20 09:38:55.325, 1, 100 %, 6 %, 35270 MiB, 87.50 W
2026/09/20 09:38:55.325, 2, 100 %, 7 %, 35271 MiB, 94.07 W
2026/09/20 09:39:00.326, 0, 100 %, 7 %, 35270 MiB, 86.35 W
2026/09/20 09:39:00.326, 1, 100 %, 6 %, 35270 MiB, 90.04 W
2026/09/20 09:39:00.326, 2, 100 %, 6 %, 35271 MiB, 92.79 W
2026/09/20 09:39:05.327, 0, 100 %, 6 %, 35270 MiB, 97.06 W
2026/09/20 09:39:05.327, 1, 100 %, 6 %, 35270 MiB, 90.91 W
2026/09/20 09:39:05.327, 2, 100 %, 7 %, 35271 MiB, 93.19 W
2026/09/20 09:39:10.328, 0, 100 %, 7 %, 35270 MiB, 89.48 W
2026/09/20 09:39:10.328, 1, 100 %, 6 %, 35270 MiB, 88.13 W
2026/09/20 09:39:10.328, 2, 100 %, 7 %, 35271 MiB, 95.11 W
2026/09/20 09:39:15.329, 0, 100 %, 7 %, 35270 MiB, 91.65 W
2026/09/20 09:39:15.329, 1, 100 %, 6 %, 35270 MiB, 91.41 W
2026/09/20 09:39:15.329, 2, 100 %, 6 %, 35271 MiB, 93.56 W
2026/09/20 09:39:20.329, 0, 100 %, 15 %, 35270 MiB, 90.29 W
2026/09/20 09:39:20.329, 1, 100 %, 13 %, 35270 MiB, 87.46 W
2026/09/20 09:39:20.329, 2, 100 %, 7 %, 35271 MiB, 98.45 W
2026/09/20 09:39:25.330, 0, 100 %, 7 %, 35270 MiB, 93.67 W
2026/09/20 09:39:25.330, 1, 100 %, 7 %, 35270 MiB, 82.63 W
2026/09/20 09:39:25.330, 2, 100 %, 7 %, 35271 MiB, 90.84 W
2026/09/20 09:39:30.331, 0, 100 %, 7 %, 35270 MiB, 90.51 W
2026/09/20 09:39:30.331, 1, 100 %, 11 %, 35270 MiB, 85.44 W
2026/09/20 09:39:30.331, 2, 100 %, 7 %, 35271 MiB, 89.25 W
2026/09/20 09:39:35.331, 0, 100 %, 6 %, 35270 MiB, 92.02 W
2026/09/20 09:39:35.332, 1, 100 %, 11 %, 35270 MiB, 86.39 W
2026/09/20 09:39:35.332, 2, 100 %, 11 %, 35271 MiB, 91.51 W
2026/09/20 09:39:40.332, 0, 100 %, 7 %, 35270 MiB, 86.82 W
2026/09/20 09:39:40.332, 1, 100 %, 10 %, 35270 MiB, 89.61 W
2026/09/20 09:39:40.332, 2, 100 %, 7 %, 35271 MiB, 94.66 W
2026/09/20 09:39:45.333, 0, 100 %, 7 %, 35270 MiB, 90.42 W
2026/09/20 09:39:45.333, 1, 100 %, 7 %, 35270 MiB, 86.74 W
2026/09/20 09:39:45.333, 2, 100 %, 7 %, 35271 MiB, 91.53 W
2026/09/20 09:39:50.333, 0, 100 %, 7 %, 35270 MiB, 88.86 W
2026/09/20 09:39:50.334, 1, 100 %, 7 %, 35270 MiB, 88.77 W
2026/09/20 09:39:50.334, 2, 100 %, 7 %, 35271 MiB, 90.23 W
2026/09/20 09:39:55.334, 0, 100 %, 9 %, 35270 MiB, 161.31 W
2026/09/20 09:39:55.335, 1, 100 %, 7 %, 35270 MiB, 86.29 W
2026/09/20 09:39:55.335, 2, 100 %, 7 %, 35271 MiB, 90.35 W
2026/09/20 09:40:00.335, 0, 100 %, 11 %, 35270 MiB, 94.18 W
2026/09/20 09:40:00.335, 1, 100 %, 7 %, 35270 MiB, 84.93 W
2026/09/20 09:40:00.335, 2, 100 %, 7 %, 35271 MiB, 93.85 W
2026/09/20 09:40:05.336, 0, 100 %, 7 %, 35270 MiB, 91.10 W
2026/09/20 09:40:05.336, 1, 100 %, 8 %, 35270 MiB, 86.72 W
2026/09/20 09:40:05.336, 2, 100 %, 7 %, 35271 MiB, 92.36 W
2026/09/20 09:40:10.336, 0, 100 %, 14 %, 35270 MiB, 90.14 W
2026/09/20 09:40:10.337, 1, 100 %, 10 %, 35270 MiB, 90.10 W
2026/09/20 09:40:10.337, 2, 100 %, 7 %, 35271 MiB, 90.64 W
2026/09/20 09:40:15.337, 0, 100 %, 7 %, 35270 MiB, 88.42 W
2026/09/20 09:40:15.337, 1, 100 %, 11 %, 35270 MiB, 111.94 W
2026/09/20 09:40:15.337, 2, 100 %, 7 %, 35271 MiB, 90.95 W
2026/09/20 09:40:20.338, 0, 100 %, 7 %, 35270 MiB, 88.03 W
2026/09/20 09:40:20.338, 1, 100 %, 13 %, 35270 MiB, 85.61 W
2026/09/20 09:40:20.338, 2, 100 %, 7 %, 35271 MiB, 95.50 W
2026/09/20 09:40:25.338, 0, 100 %, 7 %, 35270 MiB, 89.22 W
2026/09/20 09:40:25.339, 1, 100 %, 7 %, 35270 MiB, 85.79 W
2026/09/20 09:40:25.339, 2, 100 %, 7 %, 35271 MiB, 93.30 W
2026/09/20 09:40:30.339, 0, 100 %, 7 %, 35270 MiB, 87.77 W
2026/09/20 09:40:30.339, 1, 100 %, 6 %, 35270 MiB, 85.63 W
2026/09/20 09:40:30.339, 2, 100 %, 9 %, 35271 MiB, 89.56 W
2026/09/20 09:40:35.340, 0, 100 %, 7 %, 35270 MiB, 88.62 W
2026/09/20 09:40:35.340, 1, 100 %, 7 %, 35270 MiB, 82.58 W
2026/09/20 09:40:35.340, 2, 100 %, 7 %, 35271 MiB, 90.01 W
2026/09/20 09:40:40.340, 0, 100 %, 7 %, 35270 MiB, 89.47 W
2026/09/20 09:40:40.341, 1, 100 %, 7 %, 35270 MiB, 84.91 W
2026/09/20 09:40:40.341, 2, 100 %, 7 %, 35271 MiB, 88.97 W
2026/09/20 09:40:45.341, 0, 100 %, 7 %, 35270 MiB, 90.07 W
2026/09/20 09:40:45.341, 1, 100 %, 7 %, 35270 MiB, 86.96 W
2026/09/20 09:40:45.342, 2, 100 %, 7 %, 35271 MiB, 86.77 W
2026/09/20 09:40:50.342, 0, 100 %, 7 %, 35270 MiB, 93.34 W
2026/09/20 09:40:50.342, 1, 100 %, 7 %, 35270 MiB, 83.91 W
2026/09/20 09:40:50.342, 2, 100 %, 11 %, 35271 MiB, 93.93 W
2026/09/20 09:40:55.343, 0, 100 %, 6 %, 35270 MiB, 88.59 W
2026/09/20 09:40:55.343, 1, 56 %, 4 %, 35270 MiB, 74.90 W
2026/09/20 09:40:55.343, 2, 100 %, 6 %, 35271 MiB, 90.86 W
2026/09/20 09:41:00.343, 0, 0 %, 0 %, 35270 MiB, 59.46 W
2026/09/20 09:41:00.344, 1, 56 %, 4 %, 35270 MiB, 77.97 W
2026/09/20 09:41:00.344, 2, 0 %, 0 %, 35271 MiB, 60.88 W
2026/09/20 09:41:05.345, 0, 0 %, 0 %, 35270 MiB, 37.78 W
2026/09/20 09:41:05.345, 1, 0 %, 0 %, 35270 MiB, 37.77 W
2026/09/20 09:41:05.345, 2, 0 %, 0 %, 35271 MiB, 38.62 W
2026/09/20 09:41:10.347, 0, 0 %, 0 %, 35270 MiB, 37.58 W
2026/09/20 09:41:10.347, 1, 0 %, 0 %, 35270 MiB, 37.47 W
2026/09/20 09:41:10.347, 2, 0 %, 0 %, 35271 MiB, 38.62 W
2026/09/20 09:41:15.349, 0, 0 %, 0 %, 35270 MiB, 37.49 W
2026/09/20 09:41:15.349, 1, 0 %, 0 %, 35270 MiB, 37.36 W
2026/09/20 09:41:15.349, 2, 0 %, 0 %, 35271 MiB, 38.23 W
2026/09/20 09:41:20.350, 0, 0 %, 0 %, 35270 MiB, 37.29 W
2026/09/20 09:41:20.350, 1, 0 %, 0 %, 35270 MiB, 37.15 W
2026/09/20 09:41:20.350, 2, 0 %, 0 %, 35271 MiB, 38.02 W
2026/09/20 09:41:25.356, 0, 0 %, 0 %, 35270 MiB, 37.20 W
2026/09/20 09:41:25.356, 1, 0 %, 0 %, 35270 MiB, 37.16 W
2026/09/20 09:41:25.356, 2, 0 %, 0 %, 35271 MiB, 37.83 W
2026/09/20 09:41:30.358, 0, 0 %, 0 %, 35270 MiB, 37.10 W
2026/09/20 09:41:30.358, 1, 0 %, 0 %, 35270 MiB, 36.97 W
2026/09/20 09:41:30.358, 2, 0 %, 0 %, 35271 MiB, 37.83 W
2026/09/20 09:41:35.360, 0, 0 %, 0 %, 35270 MiB, 36.90 W
2026/09/20 09:41:35.360, 1, 0 %, 0 %, 35270 MiB, 36.68 W
2026/09/20 09:41:35.360, 2, 0 %, 0 %, 35271 MiB, 37.63 W
2026/09/20 09:41:40.362, 0, 0 %, 0 %, 35270 MiB, 36.99 W
2026/09/20 09:41:40.362, 1, 0 %, 0 %, 35270 MiB, 36.68 W
2026/09/20 09:41:40.362, 2, 0 %, 0 %, 35271 MiB, 37.43 W
2026/09/20 09:41:45.363, 0, 0 %, 0 %, 35270 MiB, 36.78 W
2026/09/20 09:41:45.363, 1, 0 %, 0 %, 35270 MiB, 36.97 W
2026/09/20 09:41:45.363, 2, 0 %, 0 %, 35271 MiB, 37.43 W
2026/09/20 09:41:50.365, 0, 0 %, 0 %, 35270 MiB, 36.99 W
2026/09/20 09:41:50.365, 1, 0 %, 0 %, 35270 MiB, 36.26 W
2026/09/20 09:41:50.365, 2, 0 %, 0 %, 35271 MiB, 37.43 W
2026/09/20 09:41:55.372, 0, 0 %, 0 %, 35270 MiB, 37.00 W
2026/09/20 09:41:55.372, 1, 0 %, 0 %, 35270 MiB, 36.27 W
2026/09/20 09:41:55.372, 2, 0 %, 0 %, 35271 MiB, 37.34 W
2026/09/20 09:42:00.376, 0, 0 %, 0 %, 35270 MiB, 36.80 W
2026/09/20 09:42:00.376, 1, 0 %, 0 %, 35270 MiB, 36.47 W
2026/09/20 09:42:00.376, 2, 0 %, 0 %, 35271 MiB, 37.14 W
2026/09/20 09:42:05.378, 0, 0 %, 0 %, 35270 MiB, 36.61 W
2026/09/20 09:42:05.378, 1, 0 %, 0 %, 35270 MiB, 36.19 W
2026/09/20 09:42:05.378, 2, 0 %, 0 %, 35271 MiB, 37.35 W
2026/09/20 09:42:10.379, 0, 0 %, 0 %, 35270 MiB, 36.60 W
2026/09/20 09:42:10.379, 1, 0 %, 0 %, 35270 MiB, 36.08 W
2026/09/20 09:42:10.380, 2, 0 %, 0 %, 35271 MiB, 37.14 W
2026/09/20 09:42:15.380, 0, 0 %, 0 %, 35270 MiB, 36.79 W
2026/09/20 09:42:15.380, 1, 0 %, 0 %, 35270 MiB, 36.08 W
2026/09/20 09:42:15.380, 2, 0 %, 0 %, 35271 MiB, 37.14 W
2026/09/20 09:42:20.382, 0, 0 %, 0 %, 35270 MiB, 36.60 W
2026/09/20 09:42:20.382, 1, 0 %, 0 %, 35270 MiB, 36.18 W
2026/09/20 09:42:20.382, 2, 0 %, 0 %, 35271 MiB, 37.15 W
2026/09/20 09:42:25.383, 0, 0 %, 0 %, 35270 MiB, 36.50 W
2026/09/20 09:42:25.384, 1, 0 %, 0 %, 35270 MiB, 36.08 W
2026/09/20 09:42:25.384, 2, 0 %, 0 %, 35271 MiB, 37.14 W
2026/09/20 09:42:30.385, 0, 0 %, 0 %, 35270 MiB, 36.42 W
2026/09/20 09:42:30.385, 1, 0 %, 0 %, 35270 MiB, 35.90 W
2026/09/20 09:42:30.385, 2, 0 %, 0 %, 35271 MiB, 37.07 W
2026/09/20 09:42:35.387, 0, 0 %, 0 %, 35270 MiB, 36.70 W
2026/09/20 09:42:35.387, 1, 0 %, 0 %, 35270 MiB, 35.98 W
2026/09/20 09:42:35.387, 2, 0 %, 0 %, 35271 MiB, 37.04 W
2026/09/20 09:42:40.389, 0, 0 %, 0 %, 35270 MiB, 36.41 W
2026/09/20 09:42:40.389, 1, 0 %, 0 %, 35270 MiB, 35.99 W
2026/09/20 09:42:40.389, 2, 0 %, 0 %, 35271 MiB, 36.85 W
2026/09/20 09:42:45.390, 0, 0 %, 0 %, 35270 MiB, 36.31 W
2026/09/20 09:42:45.390, 1, 0 %, 0 %, 35270 MiB, 35.79 W
2026/09/20 09:42:45.390, 2, 0 %, 0 %, 35271 MiB, 36.94 W
2026/09/20 09:42:50.391, 0, 0 %, 0 %, 35270 MiB, 36.40 W
2026/09/20 09:42:50.391, 1, 0 %, 0 %, 35270 MiB, 35.68 W
2026/09/20 09:42:50.391, 2, 0 %, 0 %, 35271 MiB, 36.75 W
2026/09/20 09:42:55.392, 0, 0 %, 0 %, 35270 MiB, 36.50 W
2026/09/20 09:42:55.393, 1, 0 %, 0 %, 35270 MiB, 35.68 W
2026/09/20 09:42:55.393, 2, 0 %, 0 %, 35271 MiB, 36.75 W
2026/09/20 09:43:00.393, 0, 0 %, 0 %, 35270 MiB, 36.40 W
2026/09/20 09:43:00.393, 1, 0 %, 0 %, 35270 MiB, 35.68 W
2026/09/20 09:43:00.393, 2, 0 %, 0 %, 35271 MiB, 36.75 W
2026/09/20 09:43:05.400, 0, 0 %, 0 %, 35270 MiB, 36.33 W
2026/09/20 09:43:05.400, 1, 0 %, 0 %, 35270 MiB, 35.71 W
2026/09/20 09:43:05.400, 2, 0 %, 0 %, 35271 MiB, 36.77 W
2026/09/20 09:43:10.401, 0, 0 %, 0 %, 35270 MiB, 36.16 W
2026/09/20 09:43:10.401, 1, 0 %, 0 %, 35270 MiB, 35.73 W
2026/09/20 09:43:10.401, 2, 0 %, 0 %, 35271 MiB, 36.69 W
2026/09/20 09:43:15.401, 0, 0 %, 0 %, 35270 MiB, 36.35 W
2026/09/20 09:43:15.401, 1, 0 %, 0 %, 35270 MiB, 35.84 W
2026/09/20 09:43:15.401, 2, 0 %, 0 %, 35271 MiB, 36.80 W
2026/09/20 09:43:20.402, 0, 0 %, 0 %, 35270 MiB, 36.06 W
2026/09/20 09:43:20.402, 1, 0 %, 0 %, 35270 MiB, 35.63 W
2026/09/20 09:43:20.402, 2, 0 %, 0 %, 35271 MiB, 36.90 W
2026/09/20 09:43:25.403, 0, 0 %, 0 %, 35270 MiB, 36.16 W
2026/09/20 09:43:25.403, 1, 0 %, 0 %, 35270 MiB, 35.54 W
2026/09/20 09:43:25.403, 2, 0 %, 0 %, 35271 MiB, 36.70 W
2026/09/20 09:43:30.403, 0, 0 %, 0 %, 35270 MiB, 36.06 W
2026/09/20 09:43:30.404, 1, 0 %, 0 %, 35270 MiB, 35.72 W
2026/09/20 09:43:30.404, 2, 0 %, 0 %, 35271 MiB, 36.80 W
2026/09/20 09:43:35.404, 0, 0 %, 0 %, 35270 MiB, 36.26 W
2026/09/20 09:43:35.404, 1, 0 %, 0 %, 35270 MiB, 35.63 W
2026/09/20 09:43:35.404, 2, 0 %, 0 %, 35271 MiB, 36.80 W
2026/09/20 09:43:40.406, 0, 0 %, 0 %, 35270 MiB, 42.62 W
2026/09/20 09:43:40.406, 1, 0 %, 0 %, 35270 MiB, 35.68 W
2026/09/20 09:43:40.406, 2, 0 %, 0 %, 35271 MiB, 36.75 W
2026/09/20 09:43:45.408, 0, 0 %, 0 %, 35270 MiB, 36.11 W
2026/09/20 09:43:45.408, 1, 0 %, 0 %, 35270 MiB, 35.59 W
2026/09/20 09:43:45.408, 2, 0 %, 0 %, 35271 MiB, 36.54 W
2026/09/20 09:43:50.409, 0, 0 %, 0 %, 35270 MiB, 36.11 W
2026/09/20 09:43:50.409, 1, 0 %, 0 %, 35270 MiB, 35.49 W
2026/09/20 09:43:50.409, 2, 0 %, 0 %, 35271 MiB, 36.54 W
2026/09/20 09:43:55.411, 0, 0 %, 0 %, 35270 MiB, 36.11 W
2026/09/20 09:43:55.411, 1, 0 %, 0 %, 35270 MiB, 35.59 W
2026/09/20 09:43:55.411, 2, 0 %, 0 %, 35271 MiB, 36.65 W
2026/09/20 09:44:00.412, 0, 25 %, 1 %, 35270 MiB, 36.40 W
2026/09/20 09:44:00.412, 1, 0 %, 0 %, 35270 MiB, 35.39 W
2026/09/20 09:44:00.412, 2, 0 %, 0 %, 35271 MiB, 36.54 W
2026/09/20 09:44:05.417, 0, 34 %, 1 %, 35270 MiB, 36.11 W
2026/09/20 09:44:05.417, 1, 0 %, 0 %, 35270 MiB, 35.40 W
2026/09/20 09:44:05.417, 2, 0 %, 0 %, 35271 MiB, 36.54 W
2026/09/20 09:44:10.418, 0, 0 %, 0 %, 35270 MiB, 36.42 W
2026/09/20 09:44:10.418, 1, 0 %, 0 %, 35270 MiB, 35.60 W
2026/09/20 09:44:10.418, 2, 0 %, 0 %, 35271 MiB, 36.54 W
2026/09/20 09:44:15.419, 0, 19 %, 1 %, 35270 MiB, 36.03 W
2026/09/20 09:44:15.419, 1, 0 %, 0 %, 35270 MiB, 35.51 W
2026/09/20 09:44:15.419, 2, 0 %, 0 %, 35271 MiB, 36.68 W
2026/09/20 09:44:20.420, 0, 0 %, 0 %, 35270 MiB, 36.02 W
2026/09/20 09:44:20.420, 1, 0 %, 0 %, 35270 MiB, 35.50 W
2026/09/20 09:44:20.420, 2, 0 %, 0 %, 35271 MiB, 36.94 W
2026/09/20 09:44:25.422, 0, 10 %, 0 %, 35270 MiB, 36.01 W
2026/09/20 09:44:25.422, 1, 0 %, 0 %, 35270 MiB, 35.39 W
2026/09/20 09:44:25.422, 2, 0 %, 0 %, 35271 MiB, 36.54 W
2026/09/20 09:44:30.424, 0, 0 %, 0 %, 35270 MiB, 36.50 W
2026/09/20 09:44:30.424, 1, 0 %, 0 %, 35270 MiB, 35.58 W
2026/09/20 09:44:30.424, 2, 0 %, 0 %, 35271 MiB, 36.54 W
2026/09/20 09:44:35.425, 0, 1 %, 0 %, 35270 MiB, 42.63 W
2026/09/20 09:44:35.426, 1, 0 %, 0 %, 35270 MiB, 35.51 W
2026/09/20 09:44:35.426, 2, 0 %, 0 %, 35271 MiB, 36.66 W
2026/09/20 09:44:40.426, 0, 0 %, 0 %, 35270 MiB, 35.92 W
2026/09/20 09:44:40.426, 1, 0 %, 0 %, 35270 MiB, 35.50 W
2026/09/20 09:44:40.426, 2, 0 %, 0 %, 35271 MiB, 36.54 W
2026/09/20 09:44:45.427, 0, 24 %, 1 %, 35270 MiB, 36.01 W
2026/09/20 09:44:45.427, 1, 0 %, 0 %, 35270 MiB, 35.49 W
2026/09/20 09:44:45.427, 2, 0 %, 0 %, 35271 MiB, 36.54 W
2026/09/20 09:44:50.429, 0, 0 %, 0 %, 35270 MiB, 36.99 W
2026/09/20 09:44:50.429, 1, 0 %, 0 %, 35270 MiB, 35.59 W
2026/09/20 09:44:50.429, 2, 0 %, 0 %, 35271 MiB, 36.85 W
2026/09/20 09:44:55.430, 0, 19 %, 1 %, 35270 MiB, 36.12 W
2026/09/20 09:44:55.430, 1, 0 %, 0 %, 35270 MiB, 35.60 W
2026/09/20 09:44:55.430, 2, 0 %, 0 %, 35271 MiB, 36.44 W
2026/09/20 09:45:00.431, 0, 0 %, 0 %, 35270 MiB, 36.01 W
2026/09/20 09:45:00.431, 1, 0 %, 0 %, 35270 MiB, 35.29 W
2026/09/20 09:45:00.431, 2, 0 %, 0 %, 35271 MiB, 36.44 W
2026/09/20 09:45:05.432, 0, 0 %, 0 %, 35270 MiB, 36.31 W
2026/09/20 09:45:05.432, 1, 0 %, 0 %, 35270 MiB, 35.30 W
2026/09/20 09:45:05.432, 2, 0 %, 0 %, 35271 MiB, 36.43 W
2026/09/20 09:45:10.433, 0, 0 %, 0 %, 35270 MiB, 36.10 W
2026/09/20 09:45:10.433, 1, 0 %, 0 %, 35270 MiB, 35.48 W
2026/09/20 09:45:10.433, 2, 0 %, 0 %, 35271 MiB, 36.53 W
2026/09/20 09:45:15.435, 0, 0 %, 0 %, 35270 MiB, 36.09 W
2026/09/20 09:45:15.435, 1, 0 %, 0 %, 35270 MiB, 35.38 W
2026/09/20 09:45:15.435, 2, 0 %, 0 %, 35271 MiB, 36.52 W
2026/09/20 09:45:20.437, 0, 0 %, 0 %, 35270 MiB, 35.90 W
2026/09/20 09:45:20.437, 1, 0 %, 0 %, 35270 MiB, 35.28 W
2026/09/20 09:45:20.437, 2, 0 %, 0 %, 35271 MiB, 36.53 W
2026/09/20 09:45:25.438, 0, 45 %, 2 %, 35270 MiB, 36.70 W
2026/09/20 09:45:25.438, 1, 0 %, 0 %, 35270 MiB, 35.21 W
2026/09/20 09:45:25.438, 2, 0 %, 0 %, 35271 MiB, 36.54 W
2026/09/20 09:45:30.440, 0, 15 %, 1 %, 35270 MiB, 35.83 W
2026/09/20 09:45:30.440, 1, 0 %, 0 %, 35270 MiB, 35.52 W
2026/09/20 09:45:30.440, 2, 0 %, 0 %, 35271 MiB, 36.57 W
2026/09/20 09:45:35.442, 0, 0 %, 0 %, 35270 MiB, 44.40 W
2026/09/20 09:45:35.442, 1, 0 %, 0 %, 35270 MiB, 35.31 W
2026/09/20 09:45:35.442, 2, 0 %, 0 %, 35271 MiB, 36.45 W
2026/09/20 09:45:40.443, 0, 14 %, 0 %, 35270 MiB, 36.00 W
2026/09/20 09:45:40.443, 1, 0 %, 0 %, 35270 MiB, 35.48 W
2026/09/20 09:45:40.443, 2, 0 %, 0 %, 35271 MiB, 36.54 W
2026/09/20 09:45:45.444, 0, 19 %, 1 %, 35270 MiB, 36.40 W
2026/09/20 09:45:45.444, 1, 0 %, 0 %, 35270 MiB, 35.58 W
2026/09/20 09:45:45.445, 2, 0 %, 0 %, 35271 MiB, 36.85 W
2026/09/20 09:45:50.446, 0, 10 %, 0 %, 35270 MiB, 35.92 W
2026/09/20 09:45:50.446, 1, 0 %, 0 %, 35270 MiB, 35.40 W
2026/09/20 09:45:50.446, 2, 0 %, 0 %, 35271 MiB, 36.66 W
2026/09/20 09:45:55.448, 0, 15 %, 1 %, 35270 MiB, 36.60 W
2026/09/20 09:45:55.448, 1, 0 %, 0 %, 35270 MiB, 35.32 W
2026/09/20 09:45:55.448, 2, 0 %, 0 %, 35271 MiB, 36.64 W
2026/09/20 09:46:00.450, 0, 21 %, 1 %, 35270 MiB, 36.21 W
2026/09/20 09:46:00.450, 1, 0 %, 0 %, 35270 MiB, 35.39 W
2026/09/20 09:46:00.451, 2, 0 %, 0 %, 35271 MiB, 36.44 W
2026/09/20 09:46:05.451, 0, 25 %, 1 %, 35270 MiB, 37.39 W
2026/09/20 09:46:05.452, 1, 0 %, 0 %, 35270 MiB, 35.42 W
2026/09/20 09:46:05.452, 2, 0 %, 0 %, 35271 MiB, 36.56 W
2026/09/20 09:46:10.454, 0, 25 %, 1 %, 35270 MiB, 42.63 W
2026/09/20 09:46:10.455, 1, 0 %, 0 %, 35270 MiB, 35.20 W
2026/09/20 09:46:10.455, 2, 0 %, 0 %, 35271 MiB, 36.56 W
2026/09/20 09:46:15.456, 0, 0 %, 0 %, 35270 MiB, 36.00 W
2026/09/20 09:46:15.457, 1, 0 %, 0 %, 35270 MiB, 35.29 W
2026/09/20 09:46:15.457, 2, 0 %, 0 %, 35271 MiB, 36.53 W
2026/09/20 09:46:20.458, 0, 0 %, 0 %, 35270 MiB, 36.31 W
2026/09/20 09:46:20.458, 1, 0 %, 0 %, 35270 MiB, 35.29 W
2026/09/20 09:46:20.459, 2, 0 %, 0 %, 35271 MiB, 36.54 W
2026/09/20 09:46:25.460, 0, 25 %, 1 %, 35270 MiB, 36.11 W
2026/09/20 09:46:25.461, 1, 0 %, 0 %, 35270 MiB, 35.40 W
2026/09/20 09:46:25.461, 2, 0 %, 0 %, 35271 MiB, 36.54 W
2026/09/20 09:46:30.461, 0, 0 %, 0 %, 35270 MiB, 45.03 W
2026/09/20 09:46:30.461, 1, 0 %, 0 %, 35270 MiB, 35.33 W
2026/09/20 09:46:30.461, 2, 0 %, 0 %, 35271 MiB, 36.57 W
2026/09/20 09:46:35.462, 0, 0 %, 0 %, 35270 MiB, 43.22 W
2026/09/20 09:46:35.462, 1, 0 %, 0 %, 35270 MiB, 35.33 W
2026/09/20 09:46:35.462, 2, 0 %, 0 %, 35271 MiB, 36.68 W
2026/09/20 09:46:40.464, 0, 25 %, 1 %, 35270 MiB, 47.11 W
2026/09/20 09:46:40.464, 1, 0 %, 0 %, 35270 MiB, 35.51 W
2026/09/20 09:46:40.464, 2, 0 %, 0 %, 35271 MiB, 36.77 W
2026/09/20 09:46:45.466, 0, 0 %, 0 %, 35270 MiB, 36.01 W
2026/09/20 09:46:45.466, 1, 0 %, 0 %, 35270 MiB, 35.39 W
2026/09/20 09:46:45.466, 2, 0 %, 0 %, 35271 MiB, 36.54 W
2026/09/20 09:46:50.468, 0, 0 %, 0 %, 35270 MiB, 36.00 W
2026/09/20 09:46:50.468, 1, 0 %, 0 %, 35270 MiB, 35.38 W
2026/09/20 09:46:50.469, 2, 0 %, 0 %, 35271 MiB, 36.64 W
2026/09/20 09:46:55.470, 0, 0 %, 0 %, 35270 MiB, 36.12 W
2026/09/20 09:46:55.470, 1, 0 %, 0 %, 35270 MiB, 35.87 W
2026/09/20 09:46:55.470, 2, 0 %, 0 %, 35271 MiB, 36.68 W
2026/09/20 09:47:00.472, 0, 0 %, 0 %, 35270 MiB, 35.94 W
2026/09/20 09:47:00.472, 1, 0 %, 0 %, 35270 MiB, 35.41 W
2026/09/20 09:47:00.472, 2, 0 %, 0 %, 35271 MiB, 36.68 W
2026/09/20 09:47:05.474, 0, 0 %, 0 %, 35270 MiB, 36.04 W
2026/09/20 09:47:05.474, 1, 0 %, 0 %, 35270 MiB, 35.41 W
2026/09/20 09:47:05.474, 2, 0 %, 0 %, 35271 MiB, 36.68 W
2026/09/20 09:47:10.476, 0, 6 %, 0 %, 35270 MiB, 37.69 W
2026/09/20 09:47:10.476, 1, 0 %, 0 %, 35270 MiB, 35.29 W
2026/09/20 09:47:10.476, 2, 0 %, 0 %, 35271 MiB, 36.54 W
2026/09/20 09:47:15.478, 0, 24 %, 1 %, 35270 MiB, 36.11 W
2026/09/20 09:47:15.478, 1, 0 %, 0 %, 35270 MiB, 35.29 W
2026/09/20 09:47:15.478, 2, 0 %, 0 %, 35271 MiB, 36.76 W
2026/09/20 09:47:20.486, 0, 0 %, 0 %, 35270 MiB, 36.12 W
2026/09/20 09:47:20.486, 1, 0 %, 0 %, 35270 MiB, 35.30 W
2026/09/20 09:47:20.486, 2, 0 %, 0 %, 35271 MiB, 36.54 W
2026/09/20 09:47:25.494, 0, 0 %, 0 %, 35270 MiB, 36.11 W
2026/09/20 09:47:25.494, 1, 0 %, 0 %, 35270 MiB, 35.30 W
2026/09/20 09:47:25.494, 2, 0 %, 0 %, 35271 MiB, 36.54 W
2026/09/20 09:47:30.496, 0, 5 %, 0 %, 35270 MiB, 36.10 W
2026/09/20 09:47:30.496, 1, 0 %, 0 %, 35270 MiB, 35.29 W
2026/09/20 09:47:30.497, 2, 0 %, 0 %, 35271 MiB, 36.54 W
2026/09/20 09:47:35.498, 0, 0 %, 0 %, 35270 MiB, 36.11 W
2026/09/20 09:47:35.498, 1, 0 %, 0 %, 35270 MiB, 35.41 W
2026/09/20 09:47:35.498, 2, 0 %, 0 %, 35271 MiB, 36.54 W
2026/09/20 09:47:40.500, 0, 0 %, 0 %, 35270 MiB, 35.94 W
2026/09/20 09:47:40.500, 1, 0 %, 0 %, 35270 MiB, 35.32 W
2026/09/20 09:47:40.500, 2, 0 %, 0 %, 35271 MiB, 36.68 W
2026/09/20 09:47:45.500, 0, 0 %, 0 %, 35270 MiB, 35.92 W
2026/09/20 09:47:45.500, 1, 0 %, 0 %, 35270 MiB, 35.39 W
2026/09/20 09:47:45.500, 2, 0 %, 0 %, 35271 MiB, 36.54 W
2026/09/20 09:47:50.501, 0, 0 %, 0 %, 35270 MiB, 37.95 W
2026/09/20 09:47:50.502, 1, 0 %, 0 %, 35270 MiB, 35.38 W
2026/09/20 09:47:50.502, 2, 0 %, 0 %, 35271 MiB, 36.83 W
2026/09/20 09:47:55.503, 0, 25 %, 1 %, 35270 MiB, 36.03 W
2026/09/20 09:47:55.503, 1, 0 %, 0 %, 35270 MiB, 35.42 W
2026/09/20 09:47:55.503, 2, 0 %, 0 %, 35271 MiB, 36.68 W
2026/09/20 09:48:00.504, 0, 0 %, 0 %, 35270 MiB, 35.93 W
2026/09/20 09:48:00.504, 1, 0 %, 0 %, 35270 MiB, 35.39 W
2026/09/20 09:48:00.504, 2, 0 %, 0 %, 35271 MiB, 36.76 W
2026/09/20 09:48:05.506, 0, 25 %, 1 %, 35270 MiB, 36.00 W
2026/09/20 09:48:05.506, 1, 0 %, 0 %, 35270 MiB, 35.48 W
2026/09/20 09:48:05.506, 2, 0 %, 0 %, 35271 MiB, 36.74 W
2026/09/20 09:48:10.508, 0, 0 %, 0 %, 35270 MiB, 36.10 W
2026/09/20 09:48:10.508, 1, 0 %, 0 %, 35270 MiB, 35.77 W
2026/09/20 09:48:10.508, 2, 0 %, 0 %, 35271 MiB, 36.84 W
2026/09/20 09:48:15.509, 0, 0 %, 0 %, 35270 MiB, 36.00 W
2026/09/20 09:48:15.509, 1, 0 %, 0 %, 35270 MiB, 35.38 W
2026/09/20 09:48:15.509, 2, 0 %, 0 %, 35271 MiB, 36.53 W
2026/09/20 09:48:20.511, 0, 15 %, 1 %, 35270 MiB, 36.02 W
2026/09/20 09:48:20.511, 1, 0 %, 0 %, 35270 MiB, 35.29 W
2026/09/20 09:48:20.511, 2, 0 %, 0 %, 35271 MiB, 36.55 W
2026/09/20 09:48:25.513, 0, 0 %, 0 %, 35270 MiB, 36.01 W
2026/09/20 09:48:25.513, 1, 0 %, 0 %, 35270 MiB, 35.29 W
2026/09/20 09:48:25.513, 2, 0 %, 0 %, 35271 MiB, 36.54 W
2026/09/20 09:48:30.515, 0, 0 %, 0 %, 35270 MiB, 36.11 W
2026/09/20 09:48:30.515, 1, 25 %, 1 %, 35270 MiB, 35.69 W
2026/09/20 09:48:30.515, 2, 0 %, 0 %, 35271 MiB, 36.65 W
2026/09/20 09:48:35.517, 0, 0 %, 0 %, 35270 MiB, 36.09 W
2026/09/20 09:48:35.517, 1, 21 %, 1 %, 35270 MiB, 37.05 W
2026/09/20 09:48:35.518, 2, 0 %, 0 %, 35271 MiB, 36.53 W
2026/09/20 09:48:40.519, 0, 0 %, 0 %, 35270 MiB, 39.47 W
2026/09/20 09:48:40.519, 1, 0 %, 0 %, 35270 MiB, 35.31 W
2026/09/20 09:48:40.519, 2, 0 %, 0 %, 35271 MiB, 36.67 W
2026/09/20 09:48:45.521, 0, 0 %, 0 %, 35270 MiB, 35.92 W
2026/09/20 09:48:45.521, 1, 0 %, 0 %, 35270 MiB, 36.47 W
2026/09/20 09:48:45.521, 2, 0 %, 0 %, 35271 MiB, 36.65 W
2026/09/20 09:48:50.523, 0, 0 %, 0 %, 35270 MiB, 36.01 W
2026/09/20 09:48:50.523, 1, 0 %, 0 %, 35270 MiB, 35.48 W
2026/09/20 09:48:50.523, 2, 0 %, 0 %, 35271 MiB, 36.75 W
2026/09/20 09:48:55.528, 0, 0 %, 0 %, 35270 MiB, 36.01 W
2026/09/20 09:48:55.528, 1, 8 %, 0 %, 35270 MiB, 43.78 W
2026/09/20 09:48:55.528, 2, 0 %, 0 %, 35271 MiB, 36.74 W
2026/09/20 09:49:00.529, 0, 0 %, 0 %, 35270 MiB, 35.95 W
2026/09/20 09:49:00.529, 1, 0 %, 0 %, 35270 MiB, 35.33 W
2026/09/20 09:49:00.529, 2, 0 %, 0 %, 35271 MiB, 36.68 W
2026/09/20 09:49:05.531, 0, 0 %, 0 %, 35270 MiB, 36.19 W
2026/09/20 09:49:05.531, 1, 15 %, 1 %, 35270 MiB, 35.58 W
2026/09/20 09:49:05.531, 2, 0 %, 0 %, 35271 MiB, 36.93 W
2026/09/20 09:49:10.533, 0, 24 %, 1 %, 35270 MiB, 36.02 W
2026/09/20 09:49:10.533, 1, 0 %, 0 %, 35270 MiB, 35.50 W
2026/09/20 09:49:10.533, 2, 0 %, 0 %, 35271 MiB, 36.75 W
2026/09/20 09:49:15.539, 0, 0 %, 0 %, 35270 MiB, 35.89 W
2026/09/20 09:49:15.539, 1, 0 %, 0 %, 35270 MiB, 37.15 W
2026/09/20 09:49:15.540, 2, 0 %, 0 %, 35271 MiB, 36.74 W
2026/09/20 09:49:20.540, 0, 0 %, 0 %, 35270 MiB, 36.09 W
2026/09/20 09:49:20.540, 1, 0 %, 0 %, 35270 MiB, 35.48 W
2026/09/20 09:49:20.540, 2, 0 %, 0 %, 35271 MiB, 36.53 W
2026/09/20 09:49:25.542, 0, 0 %, 0 %, 35270 MiB, 36.01 W
2026/09/20 09:49:25.542, 1, 0 %, 0 %, 35270 MiB, 35.39 W
2026/09/20 09:49:25.542, 2, 0 %, 0 %, 35271 MiB, 36.75 W
2026/09/20 09:49:30.544, 0, 0 %, 0 %, 35270 MiB, 36.01 W
2026/09/20 09:49:30.544, 1, 0 %, 0 %, 35270 MiB, 35.29 W
2026/09/20 09:49:30.545, 2, 0 %, 0 %, 35271 MiB, 36.65 W
2026/09/20 09:49:35.545, 0, 0 %, 0 %, 35270 MiB, 36.21 W
2026/09/20 09:49:35.546, 1, 25 %, 1 %, 35270 MiB, 35.39 W
2026/09/20 09:49:35.546, 2, 0 %, 0 %, 35271 MiB, 36.94 W
2026/09/20 09:49:40.546, 0, 0 %, 0 %, 35270 MiB, 36.31 W
2026/09/20 09:49:40.546, 1, 0 %, 0 %, 35270 MiB, 35.21 W
2026/09/20 09:49:40.546, 2, 0 %, 0 %, 35271 MiB, 36.55 W
2026/09/20 09:49:45.548, 0, 0 %, 0 %, 35270 MiB, 36.11 W
2026/09/20 09:49:45.548, 1, 10 %, 0 %, 35270 MiB, 35.38 W
2026/09/20 09:49:45.548, 2, 0 %, 0 %, 35271 MiB, 36.75 W
2026/09/20 09:49:50.550, 0, 0 %, 0 %, 35270 MiB, 35.91 W
2026/09/20 09:49:50.550, 1, 0 %, 0 %, 35270 MiB, 35.38 W
2026/09/20 09:49:50.550, 2, 0 %, 0 %, 35271 MiB, 36.74 W
2026/09/20 09:49:55.551, 0, 0 %, 0 %, 35270 MiB, 35.89 W
2026/09/20 09:49:55.551, 1, 0 %, 0 %, 35270 MiB, 35.28 W
2026/09/20 09:49:55.552, 2, 0 %, 0 %, 35271 MiB, 36.63 W
2026/09/20 09:50:00.553, 0, 0 %, 0 %, 35270 MiB, 36.10 W
2026/09/20 09:50:00.553, 1, 0 %, 0 %, 35270 MiB, 35.48 W
2026/09/20 09:50:00.553, 2, 0 %, 0 %, 35271 MiB, 36.73 W
2026/09/20 09:50:05.555, 0, 0 %, 0 %, 35270 MiB, 35.92 W
2026/09/20 09:50:05.555, 1, 0 %, 0 %, 35270 MiB, 35.39 W
2026/09/20 09:50:05.555, 2, 0 %, 0 %, 35271 MiB, 36.75 W
2026/09/20 09:50:10.557, 0, 0 %, 0 %, 35270 MiB, 35.91 W
2026/09/20 09:50:10.557, 1, 0 %, 0 %, 35270 MiB, 35.38 W
2026/09/20 09:50:10.557, 2, 0 %, 0 %, 35271 MiB, 36.74 W
2026/09/20 09:50:15.563, 0, 0 %, 0 %, 35270 MiB, 36.01 W
2026/09/20 09:50:15.563, 1, 0 %, 0 %, 35270 MiB, 35.29 W
2026/09/20 09:50:15.563, 2, 0 %, 0 %, 35271 MiB, 36.75 W
2026/09/20 09:50:20.565, 0, 0 %, 0 %, 35270 MiB, 36.11 W
2026/09/20 09:50:20.565, 1, 0 %, 0 %, 35270 MiB, 35.50 W
2026/09/20 09:50:20.565, 2, 17 %, 1 %, 35271 MiB, 37.04 W
2026/09/20 09:50:25.567, 0, 0 %, 0 %, 35270 MiB, 35.99 W
2026/09/20 09:50:25.567, 1, 5 %, 0 %, 35270 MiB, 35.58 W
2026/09/20 09:50:25.567, 2, 0 %, 0 %, 35271 MiB, 36.73 W
2026/09/20 09:50:30.569, 0, 0 %, 0 %, 35270 MiB, 36.02 W
2026/09/20 09:50:30.569, 1, 0 %, 0 %, 35270 MiB, 39.23 W
2026/09/20 09:50:30.569, 2, 0 %, 0 %, 35271 MiB, 36.54 W
2026/09/20 09:50:35.571, 0, 0 %, 0 %, 35270 MiB, 36.01 W
2026/09/20 09:50:35.571, 1, 0 %, 0 %, 35270 MiB, 35.47 W
2026/09/20 09:50:35.571, 2, 0 %, 0 %, 35271 MiB, 36.65 W
2026/09/20 09:50:40.572, 0, 0 %, 0 %, 35270 MiB, 36.11 W
2026/09/20 09:50:40.572, 1, 0 %, 0 %, 35270 MiB, 35.30 W
2026/09/20 09:50:40.572, 2, 0 %, 0 %, 35271 MiB, 36.75 W
2026/09/20 09:50:45.574, 0, 0 %, 0 %, 35270 MiB, 36.20 W
2026/09/20 09:50:45.575, 1, 0 %, 0 %, 35270 MiB, 35.68 W
2026/09/20 09:50:45.575, 2, 0 %, 0 %, 35271 MiB, 37.22 W
2026/09/20 09:50:50.576, 0, 0 %, 0 %, 35270 MiB, 36.01 W
2026/09/20 09:50:50.576, 1, 0 %, 0 %, 35270 MiB, 35.21 W
2026/09/20 09:50:50.576, 2, 0 %, 0 %, 35271 MiB, 36.65 W
2026/09/20 09:50:55.577, 0, 0 %, 0 %, 35270 MiB, 36.10 W
2026/09/20 09:50:55.578, 1, 0 %, 0 %, 35270 MiB, 35.38 W
2026/09/20 09:50:55.578, 2, 0 %, 0 %, 35271 MiB, 36.83 W
2026/09/20 09:51:00.581, 0, 0 %, 0 %, 35270 MiB, 36.01 W
2026/09/20 09:51:00.581, 1, 14 %, 1 %, 35270 MiB, 35.29 W
2026/09/20 09:51:00.582, 2, 0 %, 0 %, 35271 MiB, 36.74 W
2026/09/20 09:51:05.582, 0, 0 %, 0 %, 35270 MiB, 35.92 W
2026/09/20 09:51:05.582, 1, 0 %, 0 %, 35270 MiB, 35.40 W
2026/09/20 09:51:05.582, 2, 0 %, 0 %, 35271 MiB, 38.03 W
2026/09/20 09:51:10.584, 0, 0 %, 0 %, 35270 MiB, 35.91 W
2026/09/20 09:51:10.584, 1, 0 %, 0 %, 35270 MiB, 35.59 W
2026/09/20 09:51:10.584, 2, 15 %, 1 %, 35271 MiB, 36.74 W
2026/09/20 09:51:15.585, 0, 0 %, 0 %, 35270 MiB, 35.92 W
2026/09/20 09:51:15.586, 1, 0 %, 0 %, 35270 MiB, 35.49 W
2026/09/20 09:51:15.586, 2, 0 %, 0 %, 35271 MiB, 36.94 W
2026/09/20 09:51:20.587, 0, 0 %, 0 %, 35270 MiB, 35.92 W
2026/09/20 09:51:20.587, 1, 0 %, 0 %, 35270 MiB, 35.39 W
2026/09/20 09:51:20.587, 2, 21 %, 1 %, 35271 MiB, 36.85 W
2026/09/20 09:51:25.589, 0, 0 %, 0 %, 35270 MiB, 35.90 W
2026/09/20 09:51:25.589, 1, 0 %, 0 %, 35270 MiB, 35.48 W
2026/09/20 09:51:25.589, 2, 0 %, 0 %, 35271 MiB, 36.74 W
2026/09/20 09:51:30.591, 0, 0 %, 0 %, 35270 MiB, 35.94 W
2026/09/20 09:51:30.591, 1, 0 %, 0 %, 35270 MiB, 35.42 W
2026/09/20 09:51:30.591, 2, 0 %, 0 %, 35271 MiB, 36.87 W
2026/09/20 09:51:35.596, 0, 0 %, 0 %, 35270 MiB, 36.13 W
2026/09/20 09:51:35.596, 1, 0 %, 0 %, 35270 MiB, 35.42 W
2026/09/20 09:51:35.596, 2, 25 %, 1 %, 35271 MiB, 37.17 W
2026/09/20 09:51:40.598, 0, 0 %, 0 %, 35270 MiB, 36.12 W
2026/09/20 09:51:40.599, 1, 24 %, 1 %, 35270 MiB, 35.30 W
2026/09/20 09:51:40.599, 2, 0 %, 0 %, 35271 MiB, 36.65 W
2026/09/20 09:51:45.599, 0, 0 %, 0 %, 35270 MiB, 36.04 W
2026/09/20 09:51:45.600, 1, 0 %, 0 %, 35270 MiB, 35.51 W
2026/09/20 09:51:45.600, 2, 25 %, 1 %, 35271 MiB, 36.68 W
2026/09/20 09:51:50.600, 0, 0 %, 0 %, 35270 MiB, 36.03 W
2026/09/20 09:51:50.601, 1, 0 %, 0 %, 35270 MiB, 35.32 W
2026/09/20 09:51:50.601, 2, 0 %, 0 %, 35271 MiB, 42.11 W
2026/09/20 09:51:55.601, 0, 0 %, 0 %, 35270 MiB, 36.25 W
2026/09/20 09:51:55.601, 1, 0 %, 0 %, 35270 MiB, 35.33 W
2026/09/20 09:51:55.601, 2, 0 %, 0 %, 35271 MiB, 41.22 W
2026/09/20 09:52:00.602, 0, 0 %, 0 %, 35270 MiB, 36.03 W
2026/09/20 09:52:00.602, 1, 0 %, 0 %, 35270 MiB, 35.21 W
2026/09/20 09:52:00.603, 2, 0 %, 0 %, 35271 MiB, 36.68 W
2026/09/20 09:52:05.604, 0, 0 %, 0 %, 35270 MiB, 36.03 W
2026/09/20 09:52:05.604, 1, 0 %, 0 %, 35270 MiB, 35.51 W
2026/09/20 09:52:05.604, 2, 12 %, 0 %, 35271 MiB, 36.76 W
2026/09/20 09:52:10.605, 0, 0 %, 0 %, 35270 MiB, 35.81 W
2026/09/20 09:52:10.605, 1, 0 %, 0 %, 35270 MiB, 35.31 W
2026/09/20 09:52:10.605, 2, 0 %, 0 %, 35271 MiB, 36.77 W
2026/09/20 09:52:15.607, 0, 0 %, 0 %, 35270 MiB, 36.12 W
2026/09/20 09:52:15.607, 1, 24 %, 1 %, 35270 MiB, 35.40 W
2026/09/20 09:52:15.607, 2, 0 %, 0 %, 35271 MiB, 36.85 W
2026/09/20 09:52:20.609, 0, 0 %, 0 %, 35270 MiB, 36.01 W
2026/09/20 09:52:20.609, 1, 0 %, 0 %, 35270 MiB, 35.49 W
2026/09/20 09:52:20.609, 2, 0 %, 0 %, 35271 MiB, 36.75 W
2026/09/20 09:52:25.610, 0, 0 %, 0 %, 35270 MiB, 35.92 W
2026/09/20 09:52:25.611, 1, 0 %, 0 %, 35270 MiB, 35.39 W
2026/09/20 09:52:25.611, 2, 0 %, 0 %, 35271 MiB, 36.94 W
2026/09/20 09:52:30.612, 0, 0 %, 0 %, 35270 MiB, 35.92 W
2026/09/20 09:52:30.612, 1, 0 %, 0 %, 35270 MiB, 35.29 W
2026/09/20 09:52:30.612, 2, 0 %, 0 %, 35271 MiB, 36.83 W
2026/09/20 09:52:35.614, 0, 0 %, 0 %, 35270 MiB, 36.10 W
2026/09/20 09:52:35.614, 1, 0 %, 0 %, 35270 MiB, 35.38 W
2026/09/20 09:52:35.614, 2, 0 %, 0 %, 35271 MiB, 36.83 W
2026/09/20 09:52:40.615, 0, 0 %, 0 %, 35270 MiB, 35.99 W
2026/09/20 09:52:40.615, 1, 0 %, 0 %, 35270 MiB, 35.57 W
2026/09/20 09:52:40.615, 2, 0 %, 0 %, 35271 MiB, 36.82 W
2026/09/20 09:52:45.616, 0, 0 %, 0 %, 35270 MiB, 36.00 W
2026/09/20 09:52:45.616, 1, 0 %, 0 %, 35270 MiB, 35.19 W
2026/09/20 09:52:45.616, 2, 0 %, 0 %, 35271 MiB, 36.63 W
2026/09/20 09:52:50.619, 0, 0 %, 0 %, 35270 MiB, 35.92 W
2026/09/20 09:52:50.619, 1, 17 %, 1 %, 35270 MiB, 35.29 W
2026/09/20 09:52:50.619, 2, 0 %, 0 %, 35271 MiB, 36.54 W
2026/09/20 09:52:55.621, 0, 0 %, 0 %, 35270 MiB, 36.11 W
2026/09/20 09:52:55.621, 1, 0 %, 0 %, 35270 MiB, 35.29 W
2026/09/20 09:52:55.621, 2, 0 %, 0 %, 35271 MiB, 36.53 W
2026/09/20 09:53:00.622, 0, 0 %, 0 %, 35270 MiB, 36.10 W
2026/09/20 09:53:00.622, 1, 0 %, 0 %, 35270 MiB, 35.29 W
2026/09/20 09:53:00.622, 2, 0 %, 0 %, 35271 MiB, 36.65 W
2026/09/20 09:53:05.624, 0, 0 %, 0 %, 35270 MiB, 36.10 W
2026/09/20 09:53:05.624, 1, 14 %, 0 %, 35270 MiB, 35.29 W
2026/09/20 09:53:05.624, 2, 0 %, 0 %, 35271 MiB, 36.64 W
2026/09/20 09:53:10.626, 0, 0 %, 0 %, 35270 MiB, 35.82 W
2026/09/20 09:53:10.626, 1, 0 %, 0 %, 35270 MiB, 35.29 W
2026/09/20 09:53:10.626, 2, 0 %, 0 %, 35271 MiB, 36.65 W
2026/09/20 09:53:15.628, 0, 0 %, 0 %, 35270 MiB, 35.92 W
2026/09/20 09:53:15.628, 1, 25 %, 1 %, 35270 MiB, 35.49 W
2026/09/20 09:53:15.628, 2, 0 %, 0 %, 35271 MiB, 36.65 W
2026/09/20 09:53:20.629, 0, 0 %, 0 %, 35270 MiB, 35.92 W
2026/09/20 09:53:20.629, 1, 0 %, 0 %, 35270 MiB, 35.30 W
2026/09/20 09:53:20.629, 2, 0 %, 0 %, 35271 MiB, 36.85 W
2026/09/20 09:53:25.631, 0, 0 %, 0 %, 35270 MiB, 35.82 W
2026/09/20 09:53:25.631, 1, 0 %, 0 %, 35270 MiB, 35.39 W
2026/09/20 09:53:25.631, 2, 0 %, 0 %, 35271 MiB, 36.75 W
2026/09/20 09:53:30.635, 0, 0 %, 0 %, 35270 MiB, 35.92 W
2026/09/20 09:53:30.635, 1, 0 %, 0 %, 35270 MiB, 35.29 W
2026/09/20 09:53:30.635, 2, 0 %, 0 %, 35271 MiB, 36.75 W
2026/09/20 09:53:35.637, 0, 0 %, 0 %, 35270 MiB, 36.01 W
2026/09/20 09:53:35.637, 1, 0 %, 0 %, 35270 MiB, 35.39 W
2026/09/20 09:53:35.637, 2, 0 %, 0 %, 35271 MiB, 36.74 W
2026/09/20 09:53:40.638, 0, 0 %, 0 %, 35270 MiB, 35.92 W
2026/09/20 09:53:40.638, 1, 0 %, 0 %, 35270 MiB, 35.39 W
2026/09/20 09:53:40.639, 2, 0 %, 0 %, 35271 MiB, 36.85 W
2026/09/20 09:53:45.640, 0, 0 %, 0 %, 35270 MiB, 35.92 W
2026/09/20 09:53:45.640, 1, 0 %, 0 %, 35270 MiB, 35.49 W
2026/09/20 09:53:45.640, 2, 0 %, 0 %, 35271 MiB, 36.75 W
2026/09/20 09:53:50.642, 0, 0 %, 0 %, 35270 MiB, 35.92 W
2026/09/20 09:53:50.642, 1, 0 %, 0 %, 35270 MiB, 35.69 W
2026/09/20 09:53:50.642, 2, 0 %, 0 %, 35271 MiB, 36.54 W
2026/09/20 09:53:55.643, 0, 0 %, 0 %, 35270 MiB, 36.04 W
2026/09/20 09:53:55.643, 1, 0 %, 0 %, 35270 MiB, 35.23 W
2026/09/20 09:53:55.643, 2, 0 %, 0 %, 35271 MiB, 36.57 W
2026/09/20 09:54:00.644, 0, 0 %, 0 %, 35270 MiB, 36.01 W
2026/09/20 09:54:00.645, 1, 0 %, 0 %, 35270 MiB, 35.30 W
2026/09/20 09:54:00.645, 2, 0 %, 0 %, 35271 MiB, 36.64 W
2026/09/20 09:54:05.646, 0, 0 %, 0 %, 35270 MiB, 36.03 W
2026/09/20 09:54:05.646, 1, 0 %, 0 %, 35270 MiB, 35.31 W
2026/09/20 09:54:05.646, 2, 0 %, 0 %, 35271 MiB, 36.65 W
2026/09/20 09:54:10.651, 0, 0 %, 0 %, 35270 MiB, 35.99 W
2026/09/20 09:54:10.651, 1, 0 %, 0 %, 35270 MiB, 35.28 W
2026/09/20 09:54:10.651, 2, 0 %, 0 %, 35271 MiB, 36.62 W
2026/09/20 09:54:15.653, 0, 0 %, 0 %, 35270 MiB, 36.11 W
2026/09/20 09:54:15.653, 1, 0 %, 0 %, 35270 MiB, 35.20 W
2026/09/20 09:54:15.653, 2, 0 %, 0 %, 35271 MiB, 36.63 W
2026/09/20 09:54:20.655, 0, 0 %, 0 %, 35270 MiB, 35.91 W
2026/09/20 09:54:20.655, 1, 0 %, 0 %, 35270 MiB, 35.19 W
2026/09/20 09:54:20.655, 2, 0 %, 0 %, 35271 MiB, 36.74 W
2026/09/20 09:54:25.657, 0, 0 %, 0 %, 35270 MiB, 35.92 W
2026/09/20 09:54:25.657, 1, 0 %, 0 %, 35270 MiB, 35.29 W
2026/09/20 09:54:25.657, 2, 0 %, 0 %, 35271 MiB, 36.65 W
2026/09/20 09:54:30.659, 0, 0 %, 0 %, 35270 MiB, 35.91 W
2026/09/20 09:54:30.659, 1, 0 %, 0 %, 35270 MiB, 35.29 W
2026/09/20 09:54:30.659, 2, 0 %, 0 %, 35271 MiB, 36.75 W
2026/09/20 09:54:35.661, 0, 0 %, 0 %, 35270 MiB, 35.93 W
2026/09/20 09:54:35.661, 1, 0 %, 0 %, 35270 MiB, 35.41 W
2026/09/20 09:54:35.661, 2, 0 %, 0 %, 35271 MiB, 36.86 W
2026/09/20 09:54:40.663, 0, 0 %, 0 %, 35270 MiB, 36.02 W
2026/09/20 09:54:40.663, 1, 0 %, 0 %, 35270 MiB, 35.41 W
2026/09/20 09:54:40.663, 2, 0 %, 0 %, 35271 MiB, 36.75 W
2026/09/20 09:54:45.665, 0, 0 %, 0 %, 35270 MiB, 36.00 W
2026/09/20 09:54:45.665, 1, 0 %, 0 %, 35270 MiB, 35.48 W
2026/09/20 09:54:45.665, 2, 0 %, 0 %, 35271 MiB, 36.74 W
2026/09/20 09:54:50.667, 0, 0 %, 0 %, 35270 MiB, 35.89 W
2026/09/20 09:54:50.667, 1, 0 %, 0 %, 35270 MiB, 35.48 W
2026/09/20 09:54:50.667, 2, 0 %, 0 %, 35271 MiB, 36.73 W
2026/09/20 09:54:55.668, 0, 0 %, 0 %, 35270 MiB, 36.01 W
2026/09/20 09:54:55.669, 1, 0 %, 0 %, 35270 MiB, 35.40 W
2026/09/20 09:54:55.669, 2, 0 %, 0 %, 35271 MiB, 36.54 W
2026/09/20 09:55:00.669, 0, 0 %, 0 %, 35270 MiB, 36.01 W
2026/09/20 09:55:00.669, 1, 0 %, 0 %, 35270 MiB, 35.20 W
2026/09/20 09:55:00.669, 2, 0 %, 0 %, 35271 MiB, 36.54 W
2026/09/20 09:55:05.670, 0, 0 %, 0 %, 35270 MiB, 35.92 W
2026/09/20 09:55:05.670, 1, 0 %, 0 %, 35270 MiB, 35.41 W
2026/09/20 09:55:05.670, 2, 0 %, 0 %, 35271 MiB, 36.65 W
2026/09/20 09:55:10.671, 0, 0 %, 0 %, 35270 MiB, 36.01 W
2026/09/20 09:55:10.671, 1, 0 %, 0 %, 35270 MiB, 35.29 W
2026/09/20 09:55:10.671, 2, 0 %, 0 %, 35271 MiB, 36.65 W
2026/09/20 09:55:15.673, 0, 0 %, 0 %, 35270 MiB, 36.01 W
2026/09/20 09:55:15.673, 1, 0 %, 0 %, 35270 MiB, 35.29 W
2026/09/20 09:55:15.674, 2, 0 %, 0 %, 35271 MiB, 36.75 W
2026/09/20 09:55:20.675, 0, 0 %, 0 %, 35270 MiB, 36.01 W
2026/09/20 09:55:20.675, 1, 0 %, 0 %, 35270 MiB, 35.29 W
2026/09/20 09:55:20.676, 2, 0 %, 0 %, 35271 MiB, 36.54 W
2026/09/20 09:55:25.677, 0, 0 %, 0 %, 35270 MiB, 35.92 W
2026/09/20 09:55:25.677, 1, 0 %, 0 %, 35270 MiB, 35.40 W
2026/09/20 09:55:25.677, 2, 0 %, 0 %, 35271 MiB, 36.65 W
2026/09/20 09:55:30.678, 0, 0 %, 0 %, 35270 MiB, 35.90 W
2026/09/20 09:55:30.678, 1, 0 %, 0 %, 35270 MiB, 35.39 W
2026/09/20 09:55:30.678, 2, 0 %, 0 %, 35271 MiB, 36.85 W
2026/09/20 09:55:35.680, 0, 0 %, 0 %, 35270 MiB, 36.00 W
2026/09/20 09:55:35.680, 1, 0 %, 0 %, 35270 MiB, 35.38 W
2026/09/20 09:55:35.680, 2, 0 %, 0 %, 35271 MiB, 36.64 W
2026/09/20 09:55:40.682, 0, 0 %, 0 %, 35270 MiB, 35.81 W
2026/09/20 09:55:40.682, 1, 0 %, 0 %, 35270 MiB, 35.29 W
2026/09/20 09:55:40.682, 2, 0 %, 0 %, 35271 MiB, 36.75 W
2026/09/20 09:55:45.685, 0, 0 %, 0 %, 35270 MiB, 35.81 W
2026/09/20 09:55:45.685, 1, 0 %, 0 %, 35270 MiB, 35.39 W
2026/09/20 09:55:45.685, 2, 0 %, 0 %, 35271 MiB, 36.64 W
2026/09/20 09:55:50.687, 0, 0 %, 0 %, 35270 MiB, 35.92 W
2026/09/20 09:55:50.687, 1, 0 %, 0 %, 35270 MiB, 35.39 W
2026/09/20 09:55:50.687, 2, 0 %, 0 %, 35271 MiB, 36.75 W
2026/09/20 09:55:55.688, 0, 0 %, 0 %, 35270 MiB, 36.01 W
2026/09/20 09:55:55.689, 1, 0 %, 0 %, 35270 MiB, 35.48 W
2026/09/20 09:55:55.689, 2, 0 %, 0 %, 35271 MiB, 36.74 W
2026/09/20 09:56:00.690, 0, 0 %, 0 %, 35270 MiB, 35.92 W
2026/09/20 09:56:00.690, 1, 0 %, 0 %, 35270 MiB, 35.49 W
2026/09/20 09:56:00.690, 2, 0 %, 0 %, 35271 MiB, 36.75 W
2026/09/20 09:56:05.692, 0, 0 %, 0 %, 35270 MiB, 36.01 W
2026/09/20 09:56:05.692, 1, 0 %, 0 %, 35270 MiB, 35.39 W
2026/09/20 09:56:05.693, 2, 0 %, 0 %, 35271 MiB, 36.65 W
2026/09/20 09:56:10.694, 0, 0 %, 0 %, 35270 MiB, 36.31 W
2026/09/20 09:56:10.694, 1, 0 %, 0 %, 35270 MiB, 35.29 W
2026/09/20 09:56:10.694, 2, 0 %, 0 %, 35271 MiB, 36.54 W
2026/09/20 09:56:15.696, 0, 0 %, 0 %, 35270 MiB, 36.04 W
2026/09/20 09:56:15.696, 1, 0 %, 0 %, 35270 MiB, 35.22 W
2026/09/20 09:56:15.696, 2, 0 %, 0 %, 35271 MiB, 36.68 W
2026/09/20 09:56:20.697, 0, 0 %, 0 %, 35270 MiB, 36.04 W
2026/09/20 09:56:20.697, 1, 0 %, 0 %, 35270 MiB, 35.42 W
2026/09/20 09:56:20.697, 2, 0 %, 0 %, 35271 MiB, 36.54 W
2026/09/20 09:56:25.698, 0, 0 %, 0 %, 35270 MiB, 36.13 W
2026/09/20 09:56:25.698, 1, 0 %, 0 %, 35270 MiB, 35.23 W
2026/09/20 09:56:25.698, 2, 0 %, 0 %, 35271 MiB, 36.77 W
2026/09/20 09:56:30.699, 0, 0 %, 0 %, 35270 MiB, 36.23 W
2026/09/20 09:56:30.699, 1, 0 %, 0 %, 35270 MiB, 35.22 W
2026/09/20 09:56:30.699, 2, 0 %, 0 %, 35271 MiB, 36.66 W
2026/09/20 09:56:35.701, 0, 0 %, 0 %, 35270 MiB, 35.92 W
2026/09/20 09:56:35.701, 1, 0 %, 0 %, 35270 MiB, 35.20 W
2026/09/20 09:56:35.701, 2, 0 %, 0 %, 35271 MiB, 36.65 W
2026/09/20 09:56:40.702, 0, 0 %, 0 %, 35270 MiB, 35.82 W
2026/09/20 09:56:40.702, 1, 0 %, 0 %, 35270 MiB, 35.29 W
2026/09/20 09:56:40.702, 2, 0 %, 0 %, 35271 MiB, 36.65 W
2026/09/20 09:56:45.704, 0, 0 %, 0 %, 35270 MiB, 35.84 W
2026/09/20 09:56:45.704, 1, 0 %, 0 %, 35270 MiB, 35.32 W
2026/09/20 09:56:45.704, 2, 0 %, 0 %, 35271 MiB, 36.77 W
2026/09/20 09:56:50.706, 0, 0 %, 0 %, 35270 MiB, 36.01 W
2026/09/20 09:56:50.707, 1, 0 %, 0 %, 35270 MiB, 35.39 W
2026/09/20 09:56:50.707, 2, 0 %, 0 %, 35271 MiB, 36.75 W
2026/09/20 09:56:55.707, 0, 0 %, 0 %, 35270 MiB, 35.96 W
2026/09/20 09:56:55.707, 1, 0 %, 0 %, 35270 MiB, 35.33 W
2026/09/20 09:56:55.707, 2, 0 %, 0 %, 35271 MiB, 36.68 W
2026/09/20 09:57:00.708, 0, 0 %, 0 %, 35270 MiB, 35.92 W
2026/09/20 09:57:00.708, 1, 0 %, 0 %, 35270 MiB, 35.49 W
2026/09/20 09:57:00.708, 2, 0 %, 0 %, 35271 MiB, 36.64 W
2026/09/20 09:57:05.710, 0, 0 %, 0 %, 35270 MiB, 35.92 W
2026/09/20 09:57:05.710, 1, 0 %, 0 %, 35270 MiB, 35.38 W
2026/09/20 09:57:05.710, 2, 0 %, 0 %, 35271 MiB, 36.85 W
2026/09/20 09:57:10.712, 0, 0 %, 0 %, 35270 MiB, 36.11 W
2026/09/20 09:57:10.712, 1, 0 %, 0 %, 35270 MiB, 35.49 W
2026/09/20 09:57:10.713, 2, 0 %, 0 %, 35271 MiB, 36.65 W
2026/09/20 09:57:15.714, 0, 2 %, 0 %, 35270 MiB, 36.04 W
2026/09/20 09:57:15.714, 1, 0 %, 0 %, 35270 MiB, 35.32 W
2026/09/20 09:57:15.714, 2, 0 %, 0 %, 35271 MiB, 36.57 W
2026/09/20 09:57:20.716, 0, 0 %, 0 %, 35270 MiB, 36.04 W
2026/09/20 09:57:20.716, 1, 0 %, 0 %, 35270 MiB, 35.22 W
2026/09/20 09:57:20.716, 2, 0 %, 0 %, 35271 MiB, 36.77 W
2026/09/20 09:57:25.718, 0, 0 %, 0 %, 35270 MiB, 36.31 W
2026/09/20 09:57:25.718, 1, 0 %, 0 %, 35270 MiB, 35.30 W
2026/09/20 09:57:25.718, 2, 0 %, 0 %, 35271 MiB, 36.65 W
2026/09/20 09:57:30.720, 0, 0 %, 0 %, 35270 MiB, 36.11 W
2026/09/20 09:57:30.720, 1, 0 %, 0 %, 35270 MiB, 35.29 W
2026/09/20 09:57:30.720, 2, 0 %, 0 %, 35271 MiB, 36.54 W
2026/09/20 09:57:35.722, 0, 0 %, 0 %, 35270 MiB, 36.11 W
2026/09/20 09:57:35.722, 1, 0 %, 0 %, 35270 MiB, 35.38 W
2026/09/20 09:57:35.722, 2, 0 %, 0 %, 35271 MiB, 36.65 W
2026/09/20 09:57:40.724, 0, 0 %, 0 %, 35270 MiB, 35.92 W
2026/09/20 09:57:40.725, 1, 0 %, 0 %, 35270 MiB, 35.29 W
2026/09/20 09:57:40.725, 2, 0 %, 0 %, 35271 MiB, 36.65 W
2026/09/20 09:57:45.725, 0, 22 %, 1 %, 35270 MiB, 36.01 W
2026/09/20 09:57:45.725, 1, 0 %, 0 %, 35270 MiB, 35.40 W
2026/09/20 09:57:45.726, 2, 0 %, 0 %, 35271 MiB, 36.54 W
2026/09/20 09:57:50.727, 0, 0 %, 0 %, 35270 MiB, 35.92 W
2026/09/20 09:57:50.727, 1, 0 %, 0 %, 35270 MiB, 35.39 W
2026/09/20 09:57:50.727, 2, 0 %, 0 %, 35271 MiB, 36.54 W
2026/09/20 09:57:55.729, 0, 9 %, 0 %, 35270 MiB, 35.92 W
2026/09/20 09:57:55.729, 1, 25 %, 1 %, 35270 MiB, 36.27 W
2026/09/20 09:57:55.729, 2, 0 %, 0 %, 35271 MiB, 36.85 W
2026/09/20 09:58:00.731, 0, 0 %, 0 %, 35270 MiB, 45.52 W
2026/09/20 09:58:00.731, 1, 0 %, 0 %, 35270 MiB, 35.31 W
2026/09/20 09:58:00.731, 2, 0 %, 0 %, 35271 MiB, 36.75 W
2026/09/20 09:58:05.733, 0, 0 %, 0 %, 35270 MiB, 36.04 W
2026/09/20 09:58:05.733, 1, 0 %, 0 %, 35270 MiB, 35.51 W
2026/09/20 09:58:05.733, 2, 0 %, 0 %, 35271 MiB, 36.68 W
2026/09/20 09:58:10.735, 0, 0 %, 0 %, 35270 MiB, 35.92 W
2026/09/20 09:58:10.735, 1, 3 %, 0 %, 35270 MiB, 35.50 W
2026/09/20 09:58:10.736, 2, 0 %, 0 %, 35271 MiB, 36.66 W
2026/09/20 09:58:15.737, 0, 0 %, 0 %, 35270 MiB, 36.01 W
2026/09/20 09:58:15.737, 1, 0 %, 0 %, 35270 MiB, 36.17 W
2026/09/20 09:58:15.738, 2, 0 %, 0 %, 35271 MiB, 36.75 W
2026/09/20 09:58:20.739, 0, 0 %, 0 %, 35270 MiB, 36.21 W
2026/09/20 09:58:20.739, 1, 15 %, 1 %, 35270 MiB, 35.30 W
2026/09/20 09:58:20.739, 2, 0 %, 0 %, 35271 MiB, 36.54 W
2026/09/20 09:58:25.740, 0, 0 %, 0 %, 35270 MiB, 36.09 W
2026/09/20 09:58:25.740, 1, 0 %, 0 %, 35270 MiB, 35.09 W
2026/09/20 09:58:25.740, 2, 0 %, 0 %, 35271 MiB, 36.52 W
2026/09/20 09:58:30.742, 0, 0 %, 0 %, 35270 MiB, 36.01 W
2026/09/20 09:58:30.742, 1, 0 %, 0 %, 35270 MiB, 35.29 W
2026/09/20 09:58:30.742, 2, 0 %, 0 %, 35271 MiB, 36.54 W
2026/09/20 09:58:35.748, 0, 0 %, 0 %, 35270 MiB, 36.10 W
2026/09/20 09:58:35.748, 1, 0 %, 0 %, 35270 MiB, 35.29 W
2026/09/20 09:58:35.748, 2, 0 %, 0 %, 35271 MiB, 36.54 W
2026/09/20 09:58:40.749, 0, 0 %, 0 %, 35270 MiB, 36.04 W
2026/09/20 09:58:40.749, 1, 24 %, 1 %, 35270 MiB, 35.21 W
2026/09/20 09:58:40.749, 2, 0 %, 0 %, 35271 MiB, 36.57 W
2026/09/20 09:58:45.751, 0, 0 %, 0 %, 35270 MiB, 35.93 W
2026/09/20 09:58:45.751, 1, 0 %, 0 %, 35270 MiB, 35.51 W
2026/09/20 09:58:45.751, 2, 0 %, 0 %, 35271 MiB, 36.65 W
2026/09/20 09:58:50.752, 0, 0 %, 0 %, 35270 MiB, 35.92 W
2026/09/20 09:58:50.753, 1, 25 %, 1 %, 35270 MiB, 35.39 W
2026/09/20 09:58:50.753, 2, 0 %, 0 %, 35271 MiB, 36.75 W
2026/09/20 09:58:55.754, 0, 0 %, 0 %, 35270 MiB, 35.91 W
2026/09/20 09:58:55.754, 1, 0 %, 0 %, 35270 MiB, 35.39 W
2026/09/20 09:58:55.755, 2, 0 %, 0 %, 35271 MiB, 36.64 W
2026/09/20 09:59:00.756, 0, 0 %, 0 %, 35270 MiB, 36.01 W
2026/09/20 09:59:00.756, 1, 0 %, 0 %, 35270 MiB, 35.29 W
2026/09/20 09:59:00.756, 2, 0 %, 0 %, 35271 MiB, 36.65 W
2026/09/20 09:59:05.757, 0, 0 %, 0 %, 35270 MiB, 35.92 W
2026/09/20 09:59:05.757, 1, 0 %, 0 %, 35270 MiB, 35.49 W
2026/09/20 09:59:05.757, 2, 0 %, 0 %, 35271 MiB, 36.66 W
2026/09/20 09:59:10.759, 0, 0 %, 0 %, 35270 MiB, 35.94 W
2026/09/20 09:59:10.759, 1, 0 %, 0 %, 35270 MiB, 35.41 W
2026/09/20 09:59:10.759, 2, 0 %, 0 %, 35271 MiB, 36.77 W
2026/09/20 09:59:15.760, 0, 0 %, 0 %, 35270 MiB, 35.92 W
2026/09/20 09:59:15.760, 1, 0 %, 0 %, 35270 MiB, 42.29 W
2026/09/20 09:59:15.760, 2, 22 %, 1 %, 35271 MiB, 36.75 W
2026/09/20 09:59:20.761, 0, 0 %, 0 %, 35270 MiB, 36.04 W
2026/09/20 09:59:20.761, 1, 0 %, 0 %, 35270 MiB, 35.70 W
2026/09/20 09:59:20.762, 2, 0 %, 0 %, 35271 MiB, 36.66 W
2026/09/20 09:59:25.763, 0, 0 %, 0 %, 35270 MiB, 36.01 W
2026/09/20 09:59:25.763, 1, 0 %, 0 %, 35270 MiB, 35.51 W
2026/09/20 09:59:25.763, 2, 0 %, 0 %, 35271 MiB, 36.66 W
2026/09/20 09:59:30.765, 0, 0 %, 0 %, 35270 MiB, 36.01 W
2026/09/20 09:59:30.765, 1, 0 %, 0 %, 35270 MiB, 35.29 W
2026/09/20 09:59:30.765, 2, 0 %, 0 %, 35271 MiB, 36.54 W
2026/09/20 09:59:35.766, 0, 0 %, 0 %, 35270 MiB, 35.93 W
2026/09/20 09:59:35.766, 1, 0 %, 0 %, 35270 MiB, 35.21 W
2026/09/20 09:59:35.766, 2, 0 %, 0 %, 35271 MiB, 36.65 W
2026/09/20 09:59:40.768, 0, 0 %, 0 %, 35270 MiB, 36.01 W
2026/09/20 09:59:40.768, 1, 0 %, 0 %, 35270 MiB, 35.39 W
2026/09/20 09:59:40.768, 2, 0 %, 0 %, 35271 MiB, 45.48 W
2026/09/20 09:59:45.770, 0, 0 %, 0 %, 35270 MiB, 36.01 W
2026/09/20 09:59:45.770, 1, 0 %, 0 %, 35270 MiB, 35.29 W
2026/09/20 09:59:45.770, 2, 5 %, 0 %, 35271 MiB, 37.04 W
2026/09/20 09:59:50.771, 0, 0 %, 0 %, 35270 MiB, 36.11 W
2026/09/20 09:59:50.772, 1, 0 %, 0 %, 35270 MiB, 35.29 W
2026/09/20 09:59:50.772, 2, 0 %, 0 %, 35271 MiB, 36.75 W
2026/09/20 09:59:55.773, 0, 0 %, 0 %, 35270 MiB, 35.91 W
2026/09/20 09:59:55.773, 1, 0 %, 0 %, 35270 MiB, 35.29 W
2026/09/20 09:59:55.773, 2, 5 %, 0 %, 35271 MiB, 36.75 W
2026/09/20 10:00:00.775, 0, 0 %, 0 %, 35270 MiB, 35.94 W
2026/09/20 10:00:00.775, 1, 0 %, 0 %, 35270 MiB, 35.33 W
2026/09/20 10:00:00.775, 2, 0 %, 0 %, 35271 MiB, 36.87 W
2026/09/20 10:00:05.776, 0, 0 %, 0 %, 35270 MiB, 35.84 W
2026/09/20 10:00:05.777, 1, 0 %, 0 %, 35270 MiB, 35.32 W
2026/09/20 10:00:05.777, 2, 0 %, 0 %, 35271 MiB, 36.68 W
2026/09/20 10:00:10.777, 0, 0 %, 0 %, 35270 MiB, 35.82 W
2026/09/20 10:00:10.777, 1, 0 %, 0 %, 35270 MiB, 35.39 W
2026/09/20 10:00:10.777, 2, 0 %, 0 %, 35271 MiB, 36.75 W
2026/09/20 10:00:15.779, 0, 0 %, 0 %, 35270 MiB, 36.10 W
2026/09/20 10:00:15.779, 1, 0 %, 0 %, 35270 MiB, 35.59 W
2026/09/20 10:00:15.779, 2, 0 %, 0 %, 35271 MiB, 37.94 W
2026/09/20 10:00:20.781, 0, 0 %, 0 %, 35270 MiB, 35.92 W
2026/09/20 10:00:20.781, 1, 0 %, 0 %, 35270 MiB, 35.39 W
2026/09/20 10:00:20.781, 2, 0 %, 0 %, 35271 MiB, 36.85 W
2026/09/20 10:00:25.783, 0, 0 %, 0 %, 35270 MiB, 35.92 W
2026/09/20 10:00:25.783, 1, 0 %, 0 %, 35270 MiB, 35.39 W
2026/09/20 10:00:25.783, 2, 0 %, 0 %, 35271 MiB, 36.85 W
2026/09/20 10:00:30.785, 0, 0 %, 0 %, 35270 MiB, 35.83 W
2026/09/20 10:00:30.785, 1, 0 %, 0 %, 35270 MiB, 35.40 W
2026/09/20 10:00:30.785, 2, 0 %, 0 %, 35271 MiB, 36.54 W
2026/09/20 10:00:35.786, 0, 0 %, 0 %, 35270 MiB, 36.04 W
2026/09/20 10:00:35.787, 1, 0 %, 0 %, 35270 MiB, 35.31 W
2026/09/20 10:00:35.787, 2, 0 %, 0 %, 35271 MiB, 36.54 W
2026/09/20 10:00:40.787, 0, 0 %, 0 %, 35270 MiB, 36.04 W
2026/09/20 10:00:40.787, 1, 0 %, 0 %, 35270 MiB, 35.32 W
2026/09/20 10:00:40.787, 2, 0 %, 0 %, 35271 MiB, 36.68 W
2026/09/20 10:00:45.788, 0, 0 %, 0 %, 35270 MiB, 36.06 W
2026/09/20 10:00:45.788, 1, 0 %, 0 %, 35270 MiB, 35.12 W
2026/09/20 10:00:45.789, 2, 0 %, 0 %, 35271 MiB, 36.58 W
2026/09/20 10:00:50.790, 0, 0 %, 0 %, 35270 MiB, 36.03 W
2026/09/20 10:00:50.790, 1, 0 %, 0 %, 35270 MiB, 35.20 W
2026/09/20 10:00:50.790, 2, 0 %, 0 %, 35271 MiB, 36.55 W
2026/09/20 10:00:55.792, 0, 0 %, 0 %, 35270 MiB, 36.20 W
2026/09/20 10:00:55.792, 1, 0 %, 0 %, 35270 MiB, 35.29 W
2026/09/20 10:00:55.792, 2, 0 %, 0 %, 35271 MiB, 36.75 W
2026/09/20 10:01:00.794, 0, 0 %, 0 %, 35270 MiB, 35.82 W
2026/09/20 10:01:00.794, 1, 0 %, 0 %, 35270 MiB, 35.29 W
2026/09/20 10:01:00.794, 2, 0 %, 0 %, 35271 MiB, 36.65 W
2026/09/20 10:01:05.796, 0, 0 %, 0 %, 35270 MiB, 35.80 W
2026/09/20 10:01:05.796, 1, 0 %, 0 %, 35270 MiB, 35.29 W
2026/09/20 10:01:05.796, 2, 5 %, 0 %, 35271 MiB, 36.65 W
2026/09/20 10:01:10.797, 0, 0 %, 0 %, 35270 MiB, 35.90 W
2026/09/20 10:01:10.797, 1, 0 %, 0 %, 35270 MiB, 35.29 W
2026/09/20 10:01:10.797, 2, 0 %, 0 %, 35271 MiB, 36.53 W
2026/09/20 10:01:15.799, 0, 0 %, 0 %, 35270 MiB, 36.01 W
2026/09/20 10:01:15.799, 1, 0 %, 0 %, 35270 MiB, 35.40 W
2026/09/20 10:01:15.799, 2, 0 %, 0 %, 35271 MiB, 36.74 W
2026/09/20 10:01:20.801, 0, 0 %, 0 %, 35270 MiB, 35.92 W
2026/09/20 10:01:20.801, 1, 0 %, 0 %, 35270 MiB, 35.30 W
2026/09/20 10:01:20.802, 2, 0 %, 0 %, 35271 MiB, 36.65 W
2026/09/20 10:01:25.803, 0, 0 %, 0 %, 35270 MiB, 35.84 W
2026/09/20 10:01:25.803, 1, 0 %, 0 %, 35270 MiB, 35.42 W
2026/09/20 10:01:25.803, 2, 0 %, 0 %, 35271 MiB, 36.68 W
2026/09/20 10:01:30.805, 0, 0 %, 0 %, 35270 MiB, 35.92 W
2026/09/20 10:01:30.805, 1, 0 %, 0 %, 35270 MiB, 35.51 W
2026/09/20 10:01:30.805, 2, 0 %, 0 %, 35271 MiB, 36.87 W
2026/09/20 10:01:35.807, 0, 0 %, 0 %, 35270 MiB, 36.03 W
2026/09/20 10:01:35.807, 1, 0 %, 0 %, 35270 MiB, 35.40 W
2026/09/20 10:01:35.807, 2, 0 %, 0 %, 35271 MiB, 36.75 W
2026/09/20 10:01:40.809, 0, 0 %, 0 %, 35270 MiB, 35.81 W
2026/09/20 10:01:40.809, 1, 0 %, 0 %, 35270 MiB, 35.39 W
2026/09/20 10:01:40.809, 2, 0 %, 0 %, 35271 MiB, 36.43 W
2026/09/20 10:01:45.810, 0, 0 %, 0 %, 35270 MiB, 35.94 W
2026/09/20 10:01:45.811, 1, 0 %, 0 %, 35270 MiB, 35.10 W
2026/09/20 10:01:45.811, 2, 0 %, 0 %, 35271 MiB, 36.57 W
2026/09/20 10:01:50.812, 0, 0 %, 0 %, 35270 MiB, 36.23 W
2026/09/20 10:01:50.812, 1, 0 %, 0 %, 35270 MiB, 35.32 W
2026/09/20 10:01:50.812, 2, 0 %, 0 %, 35271 MiB, 36.68 W
2026/09/20 10:01:55.815, 0, 0 %, 0 %, 35270 MiB, 36.04 W
2026/09/20 10:01:55.815, 1, 0 %, 0 %, 35270 MiB, 35.22 W
2026/09/20 10:01:55.815, 2, 0 %, 0 %, 35271 MiB, 36.57 W
2026/09/20 10:02:00.817, 0, 0 %, 0 %, 35270 MiB, 35.92 W
2026/09/20 10:02:00.817, 1, 0 %, 0 %, 35270 MiB, 35.30 W
2026/09/20 10:02:00.817, 2, 0 %, 0 %, 35271 MiB, 36.54 W
2026/09/20 10:02:05.828, 0, 0 %, 0 %, 35270 MiB, 36.04 W
2026/09/20 10:02:05.828, 1, 0 %, 0 %, 35270 MiB, 35.32 W
2026/09/20 10:02:05.828, 2, 0 %, 0 %, 35271 MiB, 36.57 W
2026/09/20 10:02:10.830, 0, 0 %, 0 %, 35270 MiB, 35.92 W
2026/09/20 10:02:10.830, 1, 0 %, 0 %, 35270 MiB, 35.50 W
2026/09/20 10:02:10.830, 2, 0 %, 0 %, 35271 MiB, 36.75 W
2026/09/20 10:02:15.832, 0, 0 %, 0 %, 35270 MiB, 36.31 W
2026/09/20 10:02:15.833, 1, 0 %, 0 %, 35270 MiB, 35.30 W
2026/09/20 10:02:15.833, 2, 0 %, 0 %, 35271 MiB, 36.64 W
2026/09/20 10:02:20.834, 0, 0 %, 0 %, 35270 MiB, 35.82 W
2026/09/20 10:02:20.834, 1, 0 %, 0 %, 35270 MiB, 35.29 W
2026/09/20 10:02:20.834, 2, 0 %, 0 %, 35271 MiB, 36.65 W
2026/09/20 10:02:25.835, 0, 0 %, 0 %, 35270 MiB, 35.92 W
2026/09/20 10:02:25.835, 1, 0 %, 0 %, 35270 MiB, 35.30 W
2026/09/20 10:02:25.835, 2, 0 %, 0 %, 35271 MiB, 36.54 W
2026/09/20 10:02:30.836, 0, 0 %, 0 %, 35270 MiB, 36.04 W
2026/09/20 10:02:30.836, 1, 0 %, 0 %, 35270 MiB, 35.42 W
2026/09/20 10:02:30.836, 2, 0 %, 0 %, 35271 MiB, 36.68 W
2026/09/20 10:02:35.838, 0, 0 %, 0 %, 35270 MiB, 35.92 W
2026/09/20 10:02:35.838, 1, 0 %, 0 %, 35270 MiB, 35.40 W
2026/09/20 10:02:35.838, 2, 0 %, 0 %, 35271 MiB, 36.65 W
2026/09/20 10:02:40.840, 0, 0 %, 0 %, 35270 MiB, 35.95 W
2026/09/20 10:02:40.840, 1, 0 %, 0 %, 35270 MiB, 35.33 W
2026/09/20 10:02:40.840, 2, 0 %, 0 %, 35271 MiB, 36.68 W
2026/09/20 10:02:45.842, 0, 0 %, 0 %, 35270 MiB, 35.95 W
2026/09/20 10:02:45.842, 1, 0 %, 0 %, 35270 MiB, 35.33 W
2026/09/20 10:02:45.842, 2, 0 %, 0 %, 35271 MiB, 36.77 W
2026/09/20 10:02:50.843, 0, 0 %, 0 %, 35270 MiB, 35.94 W
2026/09/20 10:02:50.843, 1, 0 %, 0 %, 35270 MiB, 35.23 W
2026/09/20 10:02:50.843, 2, 0 %, 0 %, 35271 MiB, 36.57 W
2026/09/20 10:02:55.845, 0, 0 %, 0 %, 35270 MiB, 35.94 W
2026/09/20 10:02:55.845, 1, 0 %, 0 %, 35270 MiB, 35.12 W
2026/09/20 10:02:55.845, 2, 0 %, 0 %, 35271 MiB, 36.57 W
2026/09/20 10:03:00.847, 0, 0 %, 0 %, 35270 MiB, 36.01 W
2026/09/20 10:03:00.847, 1, 0 %, 0 %, 35270 MiB, 35.29 W
2026/09/20 10:03:00.847, 2, 0 %, 0 %, 35271 MiB, 36.54 W
2026/09/20 10:03:05.849, 0, 0 %, 0 %, 35270 MiB, 36.02 W
2026/09/20 10:03:05.849, 1, 0 %, 0 %, 35270 MiB, 35.51 W
2026/09/20 10:03:05.850, 2, 0 %, 0 %, 35271 MiB, 36.66 W
2026/09/20 10:03:10.850, 0, 0 %, 0 %, 35270 MiB, 36.04 W
2026/09/20 10:03:10.850, 1, 0 %, 0 %, 35270 MiB, 35.21 W
2026/09/20 10:03:10.851, 2, 0 %, 0 %, 35271 MiB, 36.57 W
2026/09/20 10:03:15.852, 0, 0 %, 0 %, 35270 MiB, 35.92 W
2026/09/20 10:03:15.853, 1, 0 %, 0 %, 35270 MiB, 35.29 W
2026/09/20 10:03:15.853, 2, 0 %, 0 %, 35271 MiB, 36.43 W
2026/09/20 10:03:20.859, 0, 0 %, 0 %, 35270 MiB, 35.82 W
2026/09/20 10:03:20.859, 1, 0 %, 0 %, 35270 MiB, 35.10 W
2026/09/20 10:03:20.859, 2, 0 %, 0 %, 35271 MiB, 36.54 W
2026/09/20 10:03:25.861, 0, 0 %, 0 %, 35270 MiB, 35.92 W
2026/09/20 10:03:25.861, 1, 0 %, 0 %, 35270 MiB, 35.49 W
2026/09/20 10:03:25.861, 2, 0 %, 0 %, 35271 MiB, 36.65 W
2026/09/20 10:03:30.863, 0, 0 %, 0 %, 35270 MiB, 35.81 W
2026/09/20 10:03:30.863, 1, 0 %, 0 %, 35270 MiB, 35.29 W
2026/09/20 10:03:30.863, 2, 0 %, 0 %, 35271 MiB, 36.65 W
2026/09/20 10:03:35.865, 0, 0 %, 0 %, 35270 MiB, 35.92 W
2026/09/20 10:03:35.866, 1, 0 %, 0 %, 35270 MiB, 35.30 W
2026/09/20 10:03:35.866, 2, 0 %, 0 %, 35271 MiB, 36.54 W
2026/09/20 10:03:40.867, 0, 0 %, 0 %, 35270 MiB, 35.92 W
2026/09/20 10:03:40.867, 1, 0 %, 0 %, 35270 MiB, 35.38 W
2026/09/20 10:03:40.867, 2, 0 %, 0 %, 35271 MiB, 36.85 W
2026/09/20 10:03:45.869, 0, 0 %, 0 %, 35270 MiB, 36.11 W
2026/09/20 10:03:45.869, 1, 0 %, 0 %, 35270 MiB, 35.49 W
2026/09/20 10:03:45.869, 2, 0 %, 0 %, 35271 MiB, 36.75 W
2026/09/20 10:03:50.871, 0, 0 %, 0 %, 35270 MiB, 35.92 W
2026/09/20 10:03:50.871, 1, 0 %, 0 %, 35270 MiB, 35.42 W
2026/09/20 10:03:50.871, 2, 0 %, 0 %, 35271 MiB, 36.65 W
2026/09/20 10:03:55.873, 0, 0 %, 0 %, 35270 MiB, 35.90 W
2026/09/20 10:03:55.873, 1, 0 %, 0 %, 35270 MiB, 35.29 W
2026/09/20 10:03:55.873, 2, 0 %, 0 %, 35271 MiB, 36.54 W
2026/09/20 10:04:00.875, 0, 0 %, 0 %, 35270 MiB, 35.92 W
2026/09/20 10:04:00.875, 1, 0 %, 0 %, 35270 MiB, 35.29 W
2026/09/20 10:04:00.875, 2, 0 %, 0 %, 35271 MiB, 36.64 W
2026/09/20 10:04:05.876, 0, 0 %, 0 %, 35270 MiB, 36.11 W
2026/09/20 10:04:05.876, 1, 0 %, 0 %, 35270 MiB, 35.20 W
2026/09/20 10:04:05.876, 2, 0 %, 0 %, 35271 MiB, 36.54 W
2026/09/20 10:04:10.877, 0, 0 %, 0 %, 35270 MiB, 36.01 W
2026/09/20 10:04:10.877, 1, 0 %, 0 %, 35270 MiB, 35.29 W
2026/09/20 10:04:10.878, 2, 0 %, 0 %, 35271 MiB, 36.54 W
2026/09/20 10:04:15.879, 0, 0 %, 0 %, 35270 MiB, 35.92 W
2026/09/20 10:04:15.879, 1, 0 %, 0 %, 35270 MiB, 35.18 W
2026/09/20 10:04:15.879, 2, 0 %, 0 %, 35271 MiB, 36.54 W
2026/09/20 10:04:20.881, 0, 5 %, 0 %, 35270 MiB, 35.92 W
2026/09/20 10:04:20.881, 1, 0 %, 0 %, 35270 MiB, 35.40 W
2026/09/20 10:04:20.881, 2, 0 %, 0 %, 35271 MiB, 36.65 W
2026/09/20 10:04:25.882, 0, 0 %, 0 %, 35270 MiB, 35.92 W
2026/09/20 10:04:25.882, 1, 0 %, 0 %, 35270 MiB, 35.29 W
2026/09/20 10:04:25.882, 2, 0 %, 0 %, 35271 MiB, 36.54 W
2026/09/20 10:04:30.883, 0, 0 %, 0 %, 35270 MiB, 35.96 W
2026/09/20 10:04:30.883, 1, 0 %, 0 %, 35270 MiB, 35.23 W
2026/09/20 10:04:30.883, 2, 0 %, 0 %, 35271 MiB, 36.58 W
2026/09/20 10:04:35.885, 0, 15 %, 1 %, 35270 MiB, 35.94 W
2026/09/20 10:04:35.885, 1, 0 %, 0 %, 35270 MiB, 35.21 W
2026/09/20 10:04:35.885, 2, 0 %, 0 %, 35271 MiB, 36.77 W
2026/09/20 10:04:40.887, 0, 25 %, 1 %, 35270 MiB, 36.11 W
2026/09/20 10:04:40.887, 1, 0 %, 0 %, 35270 MiB, 35.50 W
2026/09/20 10:04:40.887, 2, 0 %, 0 %, 35271 MiB, 36.65 W
2026/09/20 10:04:45.889, 0, 0 %, 0 %, 35270 MiB, 36.40 W
2026/09/20 10:04:45.889, 1, 0 %, 0 %, 35270 MiB, 35.40 W
2026/09/20 10:04:45.889, 2, 0 %, 0 %, 35271 MiB, 37.04 W
2026/09/20 10:04:50.891, 0, 0 %, 0 %, 35270 MiB, 35.92 W
2026/09/20 10:04:50.891, 1, 0 %, 0 %, 35270 MiB, 35.31 W
2026/09/20 10:04:50.891, 2, 0 %, 0 %, 35271 MiB, 36.65 W
2026/09/20 10:04:55.893, 0, 0 %, 0 %, 35270 MiB, 35.92 W
2026/09/20 10:04:55.893, 1, 0 %, 0 %, 35270 MiB, 35.39 W
2026/09/20 10:04:55.893, 2, 0 %, 0 %, 35271 MiB, 36.75 W
2026/09/20 10:05:00.894, 0, 0 %, 0 %, 35270 MiB, 36.04 W
2026/09/20 10:05:00.895, 1, 0 %, 0 %, 35270 MiB, 35.42 W
2026/09/20 10:05:00.895, 2, 0 %, 0 %, 35271 MiB, 36.46 W
2026/09/20 10:05:05.896, 0, 0 %, 0 %, 35270 MiB, 36.01 W
2026/09/20 10:05:05.897, 1, 0 %, 0 %, 35270 MiB, 35.19 W
2026/09/20 10:05:05.897, 2, 0 %, 0 %, 35271 MiB, 36.54 W
2026/09/20 10:05:10.898, 0, 0 %, 0 %, 35270 MiB, 43.56 W
2026/09/20 10:05:10.898, 1, 0 %, 0 %, 35270 MiB, 35.12 W
2026/09/20 10:05:10.898, 2, 0 %, 0 %, 35271 MiB, 36.57 W
2026/09/20 10:05:15.899, 0, 25 %, 1 %, 35270 MiB, 36.05 W
2026/09/20 10:05:15.900, 1, 0 %, 0 %, 35270 MiB, 35.32 W
2026/09/20 10:05:15.900, 2, 0 %, 0 %, 35271 MiB, 36.68 W
2026/09/20 10:05:20.900, 0, 0 %, 0 %, 35270 MiB, 36.16 W
2026/09/20 10:05:20.900, 1, 0 %, 0 %, 35270 MiB, 35.23 W
2026/09/20 10:05:20.900, 2, 0 %, 0 %, 35271 MiB, 36.68 W
2026/09/20 10:05:25.901, 0, 0 %, 0 %, 35270 MiB, 36.06 W
2026/09/20 10:05:25.901, 1, 0 %, 0 %, 35270 MiB, 35.23 W
2026/09/20 10:05:25.901, 2, 0 %, 0 %, 35271 MiB, 36.59 W
2026/09/20 10:05:30.902, 0, 0 %, 0 %, 35270 MiB, 35.81 W
2026/09/20 10:05:30.902, 1, 0 %, 0 %, 35270 MiB, 35.30 W
2026/09/20 10:05:30.902, 2, 0 %, 0 %, 35271 MiB, 36.55 W
2026/09/20 10:05:35.903, 0, 0 %, 0 %, 35270 MiB, 36.06 W
2026/09/20 10:05:35.903, 1, 0 %, 0 %, 35270 MiB, 35.44 W
2026/09/20 10:05:35.903, 2, 0 %, 0 %, 35271 MiB, 36.69 W
2026/09/20 10:05:40.904, 0, 0 %, 0 %, 35270 MiB, 35.93 W
2026/09/20 10:05:40.904, 1, 0 %, 0 %, 35270 MiB, 35.31 W
2026/09/20 10:05:40.904, 2, 0 %, 0 %, 35271 MiB, 36.56 W
2026/09/20 10:05:45.905, 0, 0 %, 0 %, 35270 MiB, 35.92 W
2026/09/20 10:05:45.905, 1, 0 %, 0 %, 35270 MiB, 35.29 W
2026/09/20 10:05:45.905, 2, 0 %, 0 %, 35271 MiB, 36.65 W
2026/09/20 10:05:50.911, 0, 0 %, 0 %, 35270 MiB, 35.82 W
2026/09/20 10:05:50.911, 1, 0 %, 0 %, 35270 MiB, 35.40 W
2026/09/20 10:05:50.911, 2, 0 %, 0 %, 35271 MiB, 36.87 W
2026/09/20 10:05:55.913, 0, 0 %, 0 %, 35270 MiB, 36.03 W
2026/09/20 10:05:55.913, 1, 0 %, 0 %, 35270 MiB, 35.60 W
2026/09/20 10:05:55.913, 2, 0 %, 0 %, 35271 MiB, 36.66 W
2026/09/20 10:06:00.915, 0, 0 %, 0 %, 35270 MiB, 35.93 W
2026/09/20 10:06:00.915, 1, 0 %, 0 %, 35270 MiB, 35.31 W
2026/09/20 10:06:00.915, 2, 0 %, 0 %, 35271 MiB, 36.66 W
2026/09/20 10:06:05.927, 0, 0 %, 0 %, 35270 MiB, 35.80 W
2026/09/20 10:06:05.927, 1, 0 %, 0 %, 35270 MiB, 35.48 W
2026/09/20 10:06:05.927, 2, 0 %, 0 %, 35271 MiB, 36.54 W
2026/09/20 10:06:10.932, 0, 0 %, 0 %, 35270 MiB, 35.82 W
2026/09/20 10:06:10.932, 1, 0 %, 0 %, 35270 MiB, 35.10 W
2026/09/20 10:06:10.932, 2, 0 %, 0 %, 35271 MiB, 36.65 W
2026/09/20 10:06:15.934, 0, 0 %, 0 %, 35270 MiB, 36.03 W
2026/09/20 10:06:15.934, 1, 0 %, 0 %, 35270 MiB, 35.31 W
2026/09/20 10:06:15.934, 2, 0 %, 0 %, 35271 MiB, 36.55 W
2026/09/20 10:06:20.936, 0, 0 %, 0 %, 35270 MiB, 36.01 W
2026/09/20 10:06:20.936, 1, 0 %, 0 %, 35270 MiB, 35.29 W
2026/09/20 10:06:20.936, 2, 0 %, 0 %, 35271 MiB, 36.43 W
2026/09/20 10:06:25.938, 0, 0 %, 0 %, 35270 MiB, 35.93 W
2026/09/20 10:06:25.938, 1, 0 %, 0 %, 35270 MiB, 35.31 W
2026/09/20 10:06:25.938, 2, 0 %, 0 %, 35271 MiB, 36.54 W
2026/09/20 10:06:30.940, 0, 0 %, 0 %, 35270 MiB, 35.92 W
2026/09/20 10:06:30.940, 1, 0 %, 0 %, 35270 MiB, 35.31 W
2026/09/20 10:06:30.940, 2, 0 %, 0 %, 35271 MiB, 36.65 W
2026/09/20 10:06:35.943, 0, 0 %, 0 %, 35270 MiB, 35.92 W
2026/09/20 10:06:35.943, 1, 0 %, 0 %, 35270 MiB, 35.30 W
2026/09/20 10:06:35.943, 2, 0 %, 0 %, 35271 MiB, 36.54 W
2026/09/20 10:06:40.945, 0, 0 %, 0 %, 35270 MiB, 35.82 W
2026/09/20 10:06:40.945, 1, 0 %, 0 %, 35270 MiB, 35.20 W
2026/09/20 10:06:40.945, 2, 0 %, 0 %, 35271 MiB, 36.65 W
2026/09/20 10:06:45.947, 0, 0 %, 0 %, 35270 MiB, 35.82 W
2026/09/20 10:06:45.947, 1, 0 %, 0 %, 35270 MiB, 35.29 W
2026/09/20 10:06:45.947, 2, 0 %, 0 %, 35271 MiB, 36.75 W
2026/09/20 10:06:50.949, 0, 0 %, 0 %, 35270 MiB, 35.82 W
2026/09/20 10:06:50.949, 1, 0 %, 0 %, 35270 MiB, 35.29 W
2026/09/20 10:06:50.949, 2, 0 %, 0 %, 35271 MiB, 36.54 W
2026/09/20 10:06:55.951, 0, 0 %, 0 %, 35270 MiB, 35.92 W
2026/09/20 10:06:55.951, 1, 0 %, 0 %, 35270 MiB, 35.40 W
2026/09/20 10:06:55.951, 2, 0 %, 0 %, 35271 MiB, 36.54 W
2026/09/20 10:07:00.952, 0, 0 %, 0 %, 35270 MiB, 35.82 W
2026/09/20 10:07:00.952, 1, 0 %, 0 %, 35270 MiB, 35.39 W
2026/09/20 10:07:00.953, 2, 0 %, 0 %, 35271 MiB, 36.65 W
2026/09/20 10:07:05.960, 0, 0 %, 0 %, 35270 MiB, 35.92 W
2026/09/20 10:07:05.960, 1, 0 %, 0 %, 35270 MiB, 35.40 W
2026/09/20 10:07:05.960, 2, 0 %, 0 %, 35271 MiB, 36.75 W
2026/09/20 10:07:10.962, 0, 0 %, 0 %, 35270 MiB, 35.92 W
2026/09/20 10:07:10.962, 1, 0 %, 0 %, 35270 MiB, 35.60 W
2026/09/20 10:07:10.962, 2, 0 %, 0 %, 35271 MiB, 36.75 W
2026/09/20 10:07:15.964, 0, 0 %, 0 %, 35270 MiB, 35.92 W
2026/09/20 10:07:15.964, 1, 0 %, 0 %, 35270 MiB, 35.51 W
2026/09/20 10:07:15.964, 2, 0 %, 0 %, 35271 MiB, 36.43 W
2026/09/20 10:07:20.966, 0, 0 %, 0 %, 35270 MiB, 35.92 W
2026/09/20 10:07:20.966, 1, 0 %, 0 %, 35270 MiB, 35.18 W
2026/09/20 10:07:20.966, 2, 0 %, 0 %, 35271 MiB, 36.54 W
2026/09/20 10:07:25.968, 0, 0 %, 0 %, 35270 MiB, 36.11 W
2026/09/20 10:07:25.968, 1, 0 %, 0 %, 35270 MiB, 35.29 W
2026/09/20 10:07:25.968, 2, 0 %, 0 %, 35271 MiB, 36.65 W
2026/09/20 10:07:30.969, 0, 0 %, 0 %, 35270 MiB, 36.11 W
2026/09/20 10:07:30.969, 1, 0 %, 0 %, 35270 MiB, 35.50 W
2026/09/20 10:07:30.969, 2, 0 %, 0 %, 35271 MiB, 36.54 W
2026/09/20 10:07:35.973, 0, 0 %, 0 %, 35270 MiB, 36.02 W
2026/09/20 10:07:35.973, 1, 0 %, 0 %, 35270 MiB, 35.31 W
2026/09/20 10:07:35.973, 2, 0 %, 0 %, 35271 MiB, 36.44 W
2026/09/20 10:07:40.975, 0, 0 %, 0 %, 35270 MiB, 35.92 W
2026/09/20 10:07:40.975, 1, 0 %, 0 %, 35270 MiB, 35.18 W
2026/09/20 10:07:40.975, 2, 0 %, 0 %, 35271 MiB, 36.54 W
2026/09/20 10:07:45.977, 0, 0 %, 0 %, 35270 MiB, 35.83 W
2026/09/20 10:07:45.977, 1, 0 %, 0 %, 35270 MiB, 35.10 W
2026/09/20 10:07:45.977, 2, 0 %, 0 %, 35271 MiB, 36.65 W
2026/09/20 10:07:50.978, 0, 0 %, 0 %, 35270 MiB, 36.02 W
2026/09/20 10:07:50.978, 1, 0 %, 0 %, 35270 MiB, 35.51 W
2026/09/20 10:07:50.978, 2, 0 %, 0 %, 35271 MiB, 36.54 W
2026/09/20 10:07:55.979, 0, 0 %, 0 %, 35270 MiB, 35.92 W
2026/09/20 10:07:55.979, 1, 0 %, 0 %, 35270 MiB, 35.29 W
2026/09/20 10:07:55.980, 2, 0 %, 0 %, 35271 MiB, 36.65 W
2026/09/20 10:08:00.981, 0, 0 %, 0 %, 35270 MiB, 35.83 W
2026/09/20 10:08:00.981, 1, 0 %, 0 %, 35270 MiB, 35.31 W
2026/09/20 10:08:00.981, 2, 0 %, 0 %, 35271 MiB, 36.85 W
2026/09/20 10:08:05.983, 0, 0 %, 0 %, 35270 MiB, 35.82 W
2026/09/20 10:08:05.983, 1, 0 %, 0 %, 35270 MiB, 35.21 W
2026/09/20 10:08:05.983, 2, 0 %, 0 %, 35271 MiB, 36.64 W
2026/09/20 10:08:10.985, 0, 0 %, 0 %, 35270 MiB, 36.03 W
2026/09/20 10:08:10.985, 1, 0 %, 0 %, 35270 MiB, 35.41 W
2026/09/20 10:08:10.985, 2, 0 %, 0 %, 35271 MiB, 36.77 W
2026/09/20 10:08:15.986, 0, 0 %, 0 %, 35270 MiB, 35.94 W
2026/09/20 10:08:15.987, 1, 0 %, 0 %, 35270 MiB, 35.43 W
2026/09/20 10:08:15.987, 2, 0 %, 0 %, 35271 MiB, 36.68 W
2026/09/20 10:08:20.987, 0, 0 %, 0 %, 35270 MiB, 35.84 W
2026/09/20 10:08:20.987, 1, 0 %, 0 %, 35270 MiB, 35.33 W
2026/09/20 10:08:20.988, 2, 0 %, 0 %, 35271 MiB, 36.57 W
2026/09/20 10:08:25.988, 0, 0 %, 0 %, 35270 MiB, 35.94 W
2026/09/20 10:08:25.988, 1, 0 %, 0 %, 35270 MiB, 35.33 W
2026/09/20 10:08:25.989, 2, 0 %, 0 %, 35271 MiB, 36.46 W
2026/09/20 10:08:30.989, 0, 0 %, 0 %, 35270 MiB, 36.06 W
2026/09/20 10:08:30.989, 1, 0 %, 0 %, 35270 MiB, 35.13 W
2026/09/20 10:08:30.989, 2, 0 %, 0 %, 35271 MiB, 36.48 W
2026/09/20 10:08:35.990, 0, 100 %, 6 %, 35270 MiB, 91.63 W
2026/09/20 10:08:35.990, 1, 100 %, 6 %, 35270 MiB, 83.50 W
2026/09/20 10:08:35.990, 2, 100 %, 6 %, 35271 MiB, 99.23 W
2026/09/20 10:08:40.991, 0, 100 %, 11 %, 35270 MiB, 82.70 W
2026/09/20 10:08:40.992, 1, 100 %, 6 %, 35270 MiB, 88.13 W
2026/09/20 10:08:40.992, 2, 100 %, 6 %, 35271 MiB, 89.40 W
2026/09/20 10:08:45.992, 0, 100 %, 10 %, 35270 MiB, 91.90 W
2026/09/20 10:08:45.992, 1, 100 %, 6 %, 35270 MiB, 89.12 W
2026/09/20 10:08:45.992, 2, 100 %, 10 %, 35271 MiB, 94.68 W
2026/09/20 10:08:50.993, 0, 100 %, 6 %, 35270 MiB, 90.65 W
2026/09/20 10:08:50.993, 1, 100 %, 6 %, 35270 MiB, 88.92 W
2026/09/20 10:08:50.993, 2, 100 %, 6 %, 35271 MiB, 86.66 W
2026/09/20 10:08:55.993, 0, 100 %, 7 %, 35270 MiB, 88.56 W
2026/09/20 10:08:55.994, 1, 100 %, 6 %, 35270 MiB, 95.73 W
2026/09/20 10:08:55.994, 2, 100 %, 6 %, 35271 MiB, 93.21 W
2026/09/20 10:09:00.994, 0, 100 %, 6 %, 35270 MiB, 90.26 W
2026/09/20 10:09:00.995, 1, 100 %, 6 %, 35270 MiB, 93.44 W
2026/09/20 10:09:00.995, 2, 100 %, 7 %, 35271 MiB, 88.26 W
2026/09/20 10:09:05.995, 0, 100 %, 11 %, 35270 MiB, 87.51 W
2026/09/20 10:09:05.995, 1, 100 %, 10 %, 35270 MiB, 92.72 W
2026/09/20 10:09:05.995, 2, 100 %, 6 %, 35271 MiB, 90.45 W
2026/09/20 10:09:10.996, 0, 100 %, 6 %, 35270 MiB, 89.88 W
2026/09/20 10:09:10.996, 1, 100 %, 10 %, 35270 MiB, 85.93 W
2026/09/20 10:09:10.996, 2, 100 %, 6 %, 35271 MiB, 91.65 W
2026/09/20 10:09:15.997, 0, 100 %, 6 %, 35270 MiB, 92.81 W
2026/09/20 10:09:15.997, 1, 100 %, 6 %, 35270 MiB, 94.87 W
2026/09/20 10:09:15.997, 2, 99 %, 10 %, 35271 MiB, 89.90 W
2026/09/20 10:09:20.997, 0, 100 %, 7 %, 35270 MiB, 94.62 W
2026/09/20 10:09:20.997, 1, 100 %, 6 %, 35270 MiB, 91.31 W
2026/09/20 10:09:20.997, 2, 100 %, 6 %, 35271 MiB, 94.45 W
2026/09/20 10:09:25.998, 0, 100 %, 6 %, 35270 MiB, 93.48 W
2026/09/20 10:09:25.998, 1, 100 %, 6 %, 35270 MiB, 91.08 W
2026/09/20 10:09:25.998, 2, 100 %, 7 %, 35271 MiB, 89.79 W
2026/09/20 10:09:30.999, 0, 100 %, 7 %, 35270 MiB, 93.41 W
2026/09/20 10:09:30.999, 1, 100 %, 6 %, 35270 MiB, 92.30 W
2026/09/20 10:09:30.999, 2, 100 %, 7 %, 35271 MiB, 98.16 W
2026/09/20 10:09:36.000, 0, 100 %, 7 %, 35270 MiB, 90.20 W
2026/09/20 10:09:36.000, 1, 100 %, 6 %, 35270 MiB, 93.34 W
2026/09/20 10:09:36.000, 2, 100 %, 6 %, 35271 MiB, 87.29 W
2026/09/20 10:09:41.000, 0, 100 %, 6 %, 35270 MiB, 90.56 W
2026/09/20 10:09:41.001, 1, 100 %, 11 %, 35270 MiB, 89.01 W
2026/09/20 10:09:41.001, 2, 99 %, 6 %, 35271 MiB, 94.89 W
2026/09/20 10:09:46.001, 0, 100 %, 6 %, 35270 MiB, 93.02 W
2026/09/20 10:09:46.001, 1, 100 %, 6 %, 35270 MiB, 87.71 W
2026/09/20 10:09:46.001, 2, 100 %, 6 %, 35271 MiB, 92.32 W
2026/09/20 10:09:51.002, 0, 100 %, 6 %, 35270 MiB, 90.12 W
2026/09/20 10:09:51.002, 1, 100 %, 6 %, 35270 MiB, 89.55 W
2026/09/20 10:09:51.002, 2, 100 %, 6 %, 35271 MiB, 89.98 W
2026/09/20 10:09:56.002, 0, 100 %, 7 %, 35270 MiB, 94.46 W
2026/09/20 10:09:56.002, 1, 100 %, 6 %, 35270 MiB, 86.88 W
2026/09/20 10:09:56.003, 2, 100 %, 7 %, 35271 MiB, 94.67 W
2026/09/20 10:10:01.003, 0, 100 %, 6 %, 35270 MiB, 95.25 W
2026/09/20 10:10:01.003, 1, 100 %, 6 %, 35270 MiB, 90.11 W
2026/09/20 10:10:01.003, 2, 100 %, 7 %, 35271 MiB, 95.46 W
2026/09/20 10:10:06.004, 0, 100 %, 6 %, 35270 MiB, 98.92 W
2026/09/20 10:10:06.004, 1, 100 %, 7 %, 35270 MiB, 90.87 W
2026/09/20 10:10:06.004, 2, 100 %, 7 %, 35271 MiB, 96.58 W
2026/09/20 10:10:11.009, 0, 100 %, 6 %, 35270 MiB, 93.00 W
2026/09/20 10:10:11.009, 1, 99 %, 7 %, 35270 MiB, 92.07 W
2026/09/20 10:10:11.009, 2, 100 %, 7 %, 35271 MiB, 91.18 W
2026/09/20 10:10:16.010, 0, 100 %, 6 %, 35270 MiB, 94.30 W
2026/09/20 10:10:16.010, 1, 100 %, 6 %, 35270 MiB, 91.95 W
2026/09/20 10:10:16.010, 2, 100 %, 7 %, 35271 MiB, 93.93 W
2026/09/20 10:10:21.011, 0, 100 %, 6 %, 35270 MiB, 91.33 W
2026/09/20 10:10:21.011, 1, 100 %, 7 %, 35270 MiB, 85.46 W
2026/09/20 10:10:21.011, 2, 100 %, 6 %, 35271 MiB, 93.57 W
2026/09/20 10:10:26.011, 0, 100 %, 7 %, 35270 MiB, 93.31 W
2026/09/20 10:10:26.012, 1, 100 %, 10 %, 35270 MiB, 88.53 W
2026/09/20 10:10:26.012, 2, 100 %, 7 %, 35271 MiB, 91.93 W
2026/09/20 10:10:31.012, 0, 100 %, 7 %, 35270 MiB, 89.14 W
2026/09/20 10:10:31.012, 1, 100 %, 7 %, 35270 MiB, 85.10 W
2026/09/20 10:10:31.012, 2, 100 %, 7 %, 35271 MiB, 94.30 W
2026/09/20 10:10:36.013, 0, 100 %, 7 %, 35270 MiB, 89.13 W
2026/09/20 10:10:36.013, 1, 100 %, 11 %, 35270 MiB, 156.30 W
2026/09/20 10:10:36.013, 2, 100 %, 10 %, 35271 MiB, 88.59 W
2026/09/20 10:10:41.013, 0, 100 %, 7 %, 35270 MiB, 87.58 W
2026/09/20 10:10:41.013, 1, 100 %, 7 %, 35270 MiB, 85.67 W
2026/09/20 10:10:41.014, 2, 100 %, 7 %, 35271 MiB, 93.23 W
2026/09/20 10:10:46.014, 0, 100 %, 11 %, 35270 MiB, 90.15 W
2026/09/20 10:10:46.014, 1, 100 %, 7 %, 35270 MiB, 86.32 W
2026/09/20 10:10:46.014, 2, 100 %, 6 %, 35271 MiB, 92.98 W
2026/09/20 10:10:51.015, 0, 100 %, 7 %, 35270 MiB, 93.20 W
2026/09/20 10:10:51.015, 1, 100 %, 8 %, 35270 MiB, 87.23 W
2026/09/20 10:10:51.015, 2, 100 %, 7 %, 35271 MiB, 90.33 W
2026/09/20 10:10:56.015, 0, 100 %, 7 %, 35270 MiB, 92.67 W
2026/09/20 10:10:56.016, 1, 99 %, 11 %, 35270 MiB, 84.95 W
2026/09/20 10:10:56.016, 2, 100 %, 7 %, 35271 MiB, 88.12 W
2026/09/20 10:11:01.016, 0, 100 %, 7 %, 35270 MiB, 94.83 W
2026/09/20 10:11:01.016, 1, 100 %, 10 %, 35270 MiB, 101.47 W
2026/09/20 10:11:01.016, 2, 100 %, 11 %, 35271 MiB, 88.34 W
2026/09/20 10:11:06.017, 0, 99 %, 11 %, 35270 MiB, 89.43 W
2026/09/20 10:11:06.017, 1, 100 %, 7 %, 35270 MiB, 87.07 W
2026/09/20 10:11:06.017, 2, 100 %, 10 %, 35271 MiB, 91.71 W
2026/09/20 10:11:11.018, 0, 100 %, 14 %, 35270 MiB, 89.35 W
2026/09/20 10:11:11.018, 1, 100 %, 7 %, 35270 MiB, 83.91 W
2026/09/20 10:11:11.018, 2, 100 %, 11 %, 35271 MiB, 91.83 W
2026/09/20 10:11:16.018, 0, 100 %, 7 %, 35270 MiB, 89.70 W
2026/09/20 10:11:16.018, 1, 100 %, 7 %, 35270 MiB, 86.65 W
2026/09/20 10:11:16.018, 2, 100 %, 7 %, 35271 MiB, 90.87 W
2026/09/20 10:11:21.019, 0, 100 %, 7 %, 35270 MiB, 89.79 W
2026/09/20 10:11:21.019, 1, 100 %, 6 %, 35270 MiB, 83.50 W
2026/09/20 10:11:21.019, 2, 100 %, 10 %, 35271 MiB, 88.70 W
2026/09/20 10:11:26.020, 0, 100 %, 11 %, 35270 MiB, 89.57 W
2026/09/20 10:11:26.020, 1, 100 %, 7 %, 35270 MiB, 86.18 W
2026/09/20 10:11:26.020, 2, 100 %, 10 %, 35271 MiB, 85.97 W
2026/09/20 10:11:31.020, 0, 100 %, 8 %, 35270 MiB, 125.30 W
2026/09/20 10:11:31.021, 1, 100 %, 7 %, 35270 MiB, 83.21 W
2026/09/20 10:11:31.022, 2, 100 %, 7 %, 35271 MiB, 87.60 W
2026/09/20 10:11:36.022, 0, 100 %, 7 %, 35270 MiB, 91.34 W
2026/09/20 10:11:36.022, 1, 100 %, 7 %, 35270 MiB, 82.76 W
2026/09/20 10:11:36.023, 2, 100 %, 10 %, 35271 MiB, 89.99 W
2026/09/20 10:11:41.024, 0, 99 %, 10 %, 35270 MiB, 90.31 W
2026/09/20 10:11:41.024, 1, 100 %, 7 %, 35270 MiB, 85.70 W
2026/09/20 10:11:41.024, 2, 100 %, 7 %, 35271 MiB, 92.48 W
2026/09/20 10:11:46.025, 0, 100 %, 10 %, 35270 MiB, 86.25 W
2026/09/20 10:11:46.025, 1, 100 %, 7 %, 35270 MiB, 129.89 W
2026/09/20 10:11:46.025, 2, 100 %, 7 %, 35271 MiB, 92.23 W
2026/09/20 10:11:51.026, 0, 100 %, 6 %, 35270 MiB, 87.77 W
2026/09/20 10:11:51.026, 1, 100 %, 6 %, 35270 MiB, 86.44 W
2026/09/20 10:11:51.026, 2, 100 %, 7 %, 35271 MiB, 91.32 W
2026/09/20 10:11:56.027, 0, 63 %, 8 %, 35270 MiB, 77.51 W
2026/09/20 10:11:56.027, 1, 100 %, 7 %, 35270 MiB, 87.11 W
2026/09/20 10:11:56.027, 2, 0 %, 0 %, 35271 MiB, 61.15 W
2026/09/20 10:12:01.030, 0, 0 %, 0 %, 35270 MiB, 38.08 W
2026/09/20 10:12:01.030, 1, 0 %, 0 %, 35270 MiB, 37.87 W
2026/09/20 10:12:01.030, 2, 0 %, 0 %, 35271 MiB, 38.42 W
2026/09/20 10:12:06.032, 0, 0 %, 0 %, 35270 MiB, 37.87 W
2026/09/20 10:12:06.032, 1, 0 %, 0 %, 35270 MiB, 37.65 W
2026/09/20 10:12:06.032, 2, 0 %, 0 %, 35271 MiB, 38.32 W
2026/09/20 10:12:11.033, 0, 0 %, 0 %, 35270 MiB, 37.59 W
2026/09/20 10:12:11.033, 1, 0 %, 0 %, 35270 MiB, 37.36 W
2026/09/20 10:12:11.033, 2, 0 %, 0 %, 35271 MiB, 38.12 W
2026/09/20 10:12:16.034, 0, 0 %, 0 %, 35270 MiB, 37.29 W
2026/09/20 10:12:16.034, 1, 0 %, 0 %, 35270 MiB, 37.26 W
2026/09/20 10:12:16.034, 2, 0 %, 0 %, 35271 MiB, 38.13 W
2026/09/20 10:12:21.036, 0, 0 %, 0 %, 35270 MiB, 37.20 W
2026/09/20 10:12:21.036, 1, 0 %, 0 %, 35270 MiB, 36.97 W
2026/09/20 10:12:21.036, 2, 0 %, 0 %, 35271 MiB, 37.83 W
2026/09/20 10:12:26.036, 0, 0 %, 0 %, 35270 MiB, 37.10 W
2026/09/20 10:12:26.037, 1, 0 %, 0 %, 35270 MiB, 36.97 W
2026/09/20 10:12:26.037, 2, 0 %, 0 %, 35271 MiB, 37.83 W
2026/09/20 10:12:31.037, 0, 0 %, 0 %, 35270 MiB, 37.10 W
2026/09/20 10:12:31.037, 1, 0 %, 0 %, 35270 MiB, 36.87 W
2026/09/20 10:12:31.037, 2, 0 %, 0 %, 35271 MiB, 37.92 W
2026/09/20 10:12:36.038, 0, 0 %, 0 %, 35270 MiB, 36.79 W
2026/09/20 10:12:36.038, 1, 0 %, 0 %, 35270 MiB, 36.76 W
2026/09/20 10:12:36.038, 2, 0 %, 0 %, 35271 MiB, 37.83 W
2026/09/20 10:12:41.039, 0, 0 %, 0 %, 35270 MiB, 36.70 W
2026/09/20 10:12:41.039, 1, 0 %, 0 %, 35270 MiB, 36.67 W
2026/09/20 10:12:41.039, 2, 0 %, 0 %, 35271 MiB, 37.63 W
2026/09/20 10:12:46.041, 0, 0 %, 0 %, 35270 MiB, 36.90 W
2026/09/20 10:12:46.041, 1, 0 %, 0 %, 35270 MiB, 36.56 W
2026/09/20 10:12:46.041, 2, 0 %, 0 %, 35271 MiB, 37.63 W
2026/09/20 10:12:51.043, 0, 0 %, 0 %, 35270 MiB, 36.89 W
2026/09/20 10:12:51.043, 1, 0 %, 0 %, 35270 MiB, 36.47 W
2026/09/20 10:12:51.043, 2, 0 %, 0 %, 35271 MiB, 37.44 W
2026/09/20 10:12:56.045, 0, 0 %, 0 %, 35270 MiB, 36.79 W
2026/09/20 10:12:56.045, 1, 0 %, 0 %, 35270 MiB, 36.27 W
2026/09/20 10:12:56.045, 2, 0 %, 0 %, 35271 MiB, 37.24 W
2026/09/20 10:13:01.046, 0, 0 %, 0 %, 35270 MiB, 36.89 W
2026/09/20 10:13:01.046, 1, 0 %, 0 %, 35270 MiB, 36.17 W
2026/09/20 10:13:01.046, 2, 0 %, 0 %, 35271 MiB, 37.14 W
2026/09/20 10:13:06.048, 0, 0 %, 0 %, 35270 MiB, 36.89 W
2026/09/20 10:13:06.048, 1, 0 %, 0 %, 35270 MiB, 36.27 W
2026/09/20 10:13:06.048, 2, 0 %, 0 %, 35271 MiB, 37.14 W
2026/09/20 10:13:11.049, 0, 0 %, 0 %, 35270 MiB, 36.61 W
2026/09/20 10:13:11.049, 1, 0 %, 0 %, 35270 MiB, 36.09 W
2026/09/20 10:13:11.049, 2, 0 %, 0 %, 35271 MiB, 37.15 W
2026/09/20 10:13:16.050, 0, 0 %, 0 %, 35270 MiB, 36.60 W
2026/09/20 10:13:16.051, 1, 0 %, 0 %, 35270 MiB, 36.08 W
2026/09/20 10:13:16.051, 2, 0 %, 0 %, 35271 MiB, 37.04 W
2026/09/20 10:13:21.052, 0, 0 %, 0 %, 35270 MiB, 36.43 W
2026/09/20 10:13:21.053, 1, 0 %, 0 %, 35270 MiB, 36.19 W
2026/09/20 10:13:21.053, 2, 0 %, 0 %, 35271 MiB, 36.96 W
2026/09/20 10:13:26.060, 0, 0 %, 0 %, 35270 MiB, 36.41 W
2026/09/20 10:13:26.060, 1, 0 %, 0 %, 35270 MiB, 36.09 W
2026/09/20 10:13:26.060, 2, 0 %, 0 %, 35271 MiB, 36.87 W
2026/09/20 10:13:31.062, 0, 0 %, 0 %, 35270 MiB, 36.40 W
2026/09/20 10:13:31.062, 1, 0 %, 0 %, 35270 MiB, 35.99 W
2026/09/20 10:13:31.062, 2, 0 %, 0 %, 35271 MiB, 36.94 W
2026/09/20 10:13:36.064, 0, 0 %, 0 %, 35270 MiB, 36.40 W
2026/09/20 10:13:36.064, 1, 0 %, 0 %, 35270 MiB, 35.98 W
2026/09/20 10:13:36.064, 2, 0 %, 0 %, 35271 MiB, 36.94 W
2026/09/20 10:13:41.066, 0, 0 %, 0 %, 35270 MiB, 36.31 W
2026/09/20 10:13:41.066, 1, 0 %, 0 %, 35270 MiB, 35.98 W
2026/09/20 10:13:41.066, 2, 0 %, 0 %, 35271 MiB, 37.04 W
2026/09/20 10:13:46.068, 0, 0 %, 0 %, 35270 MiB, 36.51 W
2026/09/20 10:13:46.068, 1, 0 %, 0 %, 35270 MiB, 35.90 W
2026/09/20 10:13:46.068, 2, 0 %, 0 %, 35271 MiB, 36.94 W
2026/09/20 10:13:51.070, 0, 0 %, 0 %, 35270 MiB, 36.21 W
2026/09/20 10:13:51.070, 1, 0 %, 0 %, 35270 MiB, 35.98 W
2026/09/20 10:13:51.070, 2, 0 %, 0 %, 35271 MiB, 36.94 W
2026/09/20 10:13:56.071, 0, 0 %, 0 %, 35270 MiB, 36.21 W
2026/09/20 10:13:56.071, 1, 0 %, 0 %, 35270 MiB, 35.88 W
2026/09/20 10:13:56.072, 2, 0 %, 0 %, 35271 MiB, 36.65 W
2026/09/20 10:14:01.073, 0, 0 %, 0 %, 35270 MiB, 36.33 W
2026/09/20 10:14:01.073, 1, 0 %, 0 %, 35270 MiB, 35.81 W
2026/09/20 10:14:01.073, 2, 0 %, 0 %, 35271 MiB, 36.77 W
2026/09/20 10:14:06.073, 0, 0 %, 0 %, 35270 MiB, 36.35 W
2026/09/20 10:14:06.074, 1, 0 %, 0 %, 35270 MiB, 35.73 W
2026/09/20 10:14:06.074, 2, 0 %, 0 %, 35271 MiB, 36.80 W
2026/09/20 10:14:11.074, 0, 0 %, 0 %, 35270 MiB, 36.26 W
2026/09/20 10:14:11.075, 1, 0 %, 0 %, 35270 MiB, 35.73 W
2026/09/20 10:14:11.075, 2, 0 %, 0 %, 35271 MiB, 36.70 W
2026/09/20 10:14:16.075, 0, 0 %, 0 %, 35270 MiB, 36.45 W
2026/09/20 10:14:16.076, 1, 0 %, 0 %, 35270 MiB, 35.73 W
2026/09/20 10:14:16.076, 2, 0 %, 0 %, 35271 MiB, 36.80 W
2026/09/20 10:14:21.076, 0, 0 %, 0 %, 35270 MiB, 36.25 W
2026/09/20 10:14:21.076, 1, 0 %, 0 %, 35270 MiB, 35.73 W
2026/09/20 10:14:21.076, 2, 0 %, 0 %, 35271 MiB, 36.69 W
2026/09/20 10:14:26.077, 0, 0 %, 0 %, 35270 MiB, 36.16 W
2026/09/20 10:14:26.077, 1, 0 %, 0 %, 35270 MiB, 35.54 W
2026/09/20 10:14:26.077, 2, 0 %, 0 %, 35271 MiB, 36.70 W
2026/09/20 10:14:31.078, 0, 0 %, 0 %, 35270 MiB, 36.06 W
2026/09/20 10:14:31.078, 1, 0 %, 0 %, 35270 MiB, 35.54 W
2026/09/20 10:14:31.078, 2, 0 %, 0 %, 35271 MiB, 36.80 W
2026/09/20 10:14:36.079, 0, 0 %, 0 %, 35270 MiB, 37.67 W
2026/09/20 10:14:36.079, 1, 0 %, 0 %, 35270 MiB, 35.78 W
2026/09/20 10:14:36.079, 2, 0 %, 0 %, 35271 MiB, 36.65 W
2026/09/20 10:14:41.081, 0, 0 %, 0 %, 35270 MiB, 36.01 W
2026/09/20 10:14:41.081, 1, 0 %, 0 %, 35270 MiB, 35.58 W
2026/09/20 10:14:41.082, 2, 0 %, 0 %, 35271 MiB, 36.65 W
2026/09/20 10:14:46.085, 0, 0 %, 0 %, 35270 MiB, 36.20 W
2026/09/20 10:14:46.085, 1, 0 %, 0 %, 35270 MiB, 35.68 W
2026/09/20 10:14:46.085, 2, 0 %, 0 %, 35271 MiB, 36.74 W
2026/09/20 10:14:51.087, 0, 13 %, 0 %, 35270 MiB, 36.11 W
2026/09/20 10:14:51.087, 1, 0 %, 0 %, 35270 MiB, 35.68 W
2026/09/20 10:14:51.087, 2, 0 %, 0 %, 35271 MiB, 36.64 W
2026/09/20 10:14:56.088, 0, 0 %, 0 %, 35270 MiB, 36.01 W
2026/09/20 10:14:56.088, 1, 0 %, 0 %, 35270 MiB, 35.68 W
2026/09/20 10:14:56.088, 2, 0 %, 0 %, 35271 MiB, 36.65 W
2026/09/20 10:15:01.093, 0, 0 %, 0 %, 35270 MiB, 36.21 W
2026/09/20 10:15:01.094, 1, 0 %, 0 %, 35270 MiB, 35.59 W
2026/09/20 10:15:01.094, 2, 0 %, 0 %, 35271 MiB, 36.75 W
2026/09/20 10:15:06.095, 0, 0 %, 0 %, 35270 MiB, 36.21 W
2026/09/20 10:15:06.095, 1, 0 %, 0 %, 35270 MiB, 35.69 W
2026/09/20 10:15:06.095, 2, 0 %, 0 %, 35271 MiB, 36.54 W
2026/09/20 10:15:11.097, 0, 0 %, 0 %, 35270 MiB, 36.11 W
2026/09/20 10:15:11.097, 1, 0 %, 0 %, 35270 MiB, 35.68 W
2026/09/20 10:15:11.097, 2, 0 %, 0 %, 35271 MiB, 36.44 W
2026/09/20 10:15:16.099, 0, 0 %, 0 %, 35270 MiB, 44.30 W
2026/09/20 10:15:16.099, 1, 0 %, 0 %, 35270 MiB, 35.49 W
2026/09/20 10:15:16.099, 2, 0 %, 0 %, 35271 MiB, 36.54 W
2026/09/20 10:15:21.101, 0, 4 %, 0 %, 35270 MiB, 36.21 W
2026/09/20 10:15:21.101, 1, 0 %, 0 %, 35270 MiB, 35.98 W
2026/09/20 10:15:21.101, 2, 0 %, 0 %, 35271 MiB, 36.75 W
2026/09/20 10:15:26.103, 0, 10 %, 0 %, 35270 MiB, 36.11 W
2026/09/20 10:15:26.103, 1, 0 %, 0 %, 35270 MiB, 35.49 W
2026/09/20 10:15:26.103, 2, 0 %, 0 %, 35271 MiB, 36.54 W
2026/09/20 10:15:31.105, 0, 0 %, 0 %, 35270 MiB, 37.48 W
2026/09/20 10:15:31.105, 1, 0 %, 0 %, 35270 MiB, 35.48 W
2026/09/20 10:15:31.106, 2, 0 %, 0 %, 35271 MiB, 36.43 W
2026/09/20 10:15:36.107, 0, 5 %, 0 %, 35270 MiB, 41.92 W
2026/09/20 10:15:36.107, 1, 0 %, 0 %, 35270 MiB, 35.49 W
2026/09/20 10:15:36.107, 2, 0 %, 0 %, 35271 MiB, 36.75 W
2026/09/20 10:15:41.109, 0, 7 %, 0 %, 35270 MiB, 43.19 W
2026/09/20 10:15:41.109, 1, 0 %, 0 %, 35270 MiB, 35.58 W
2026/09/20 10:15:41.109, 2, 0 %, 0 %, 35271 MiB, 36.75 W
2026/09/20 10:15:46.111, 0, 0 %, 0 %, 35270 MiB, 43.31 W
2026/09/20 10:15:46.111, 1, 0 %, 0 %, 35270 MiB, 35.50 W
2026/09/20 10:15:46.111, 2, 0 %, 0 %, 35271 MiB, 36.65 W
2026/09/20 10:15:51.112, 0, 0 %, 0 %, 35270 MiB, 38.57 W
2026/09/20 10:15:51.112, 1, 0 %, 0 %, 35270 MiB, 35.59 W
2026/09/20 10:15:51.112, 2, 0 %, 0 %, 35271 MiB, 36.75 W
2026/09/20 10:15:56.113, 0, 21 %, 1 %, 35270 MiB, 42.62 W
2026/09/20 10:15:56.114, 1, 0 %, 0 %, 35270 MiB, 35.49 W
2026/09/20 10:15:56.114, 2, 0 %, 0 %, 35271 MiB, 36.64 W
2026/09/20 10:16:01.114, 0, 0 %, 0 %, 35270 MiB, 36.02 W
2026/09/20 10:16:01.115, 1, 0 %, 0 %, 35270 MiB, 35.60 W
2026/09/20 10:16:01.115, 2, 0 %, 0 %, 35271 MiB, 36.85 W
2026/09/20 10:16:06.115, 0, 0 %, 0 %, 35270 MiB, 44.27 W
2026/09/20 10:16:06.115, 1, 0 %, 0 %, 35270 MiB, 35.62 W
2026/09/20 10:16:06.115, 2, 0 %, 0 %, 35271 MiB, 36.69 W
2026/09/20 10:16:11.117, 0, 0 %, 0 %, 35270 MiB, 36.03 W
2026/09/20 10:16:11.117, 1, 0 %, 0 %, 35270 MiB, 35.60 W
2026/09/20 10:16:11.117, 2, 0 %, 0 %, 35271 MiB, 36.56 W
2026/09/20 10:16:16.118, 0, 0 %, 0 %, 35270 MiB, 36.13 W
2026/09/20 10:16:16.118, 1, 0 %, 0 %, 35270 MiB, 35.42 W
2026/09/20 10:16:16.118, 2, 0 %, 0 %, 35271 MiB, 36.57 W
2026/09/20 10:16:21.120, 0, 0 %, 0 %, 35270 MiB, 36.00 W
2026/09/20 10:16:21.120, 1, 0 %, 0 %, 35270 MiB, 35.49 W
2026/09/20 10:16:21.120, 2, 0 %, 0 %, 35271 MiB, 36.53 W
2026/09/20 10:16:26.121, 0, 3 %, 0 %, 35270 MiB, 36.39 W
2026/09/20 10:16:26.121, 1, 0 %, 0 %, 35270 MiB, 35.48 W
2026/09/20 10:16:26.121, 2, 0 %, 0 %, 35271 MiB, 36.54 W
2026/09/20 10:16:31.121, 0, 5 %, 0 %, 35270 MiB, 37.76 W
2026/09/20 10:16:31.122, 1, 0 %, 0 %, 35270 MiB, 35.38 W
2026/09/20 10:16:31.122, 2, 0 %, 0 %, 35271 MiB, 36.65 W
2026/09/20 10:16:36.122, 0, 0 %, 0 %, 35270 MiB, 37.09 W
2026/09/20 10:16:36.122, 1, 0 %, 0 %, 35270 MiB, 35.39 W
2026/09/20 10:16:36.123, 2, 0 %, 0 %, 35271 MiB, 36.64 W
2026/09/20 10:16:41.124, 0, 24 %, 1 %, 35270 MiB, 35.92 W
2026/09/20 10:16:41.124, 1, 0 %, 0 %, 35270 MiB, 35.39 W
2026/09/20 10:16:41.125, 2, 0 %, 0 %, 35271 MiB, 36.64 W
2026/09/20 10:16:46.126, 0, 0 %, 0 %, 35270 MiB, 35.92 W
2026/09/20 10:16:46.126, 1, 0 %, 0 %, 35270 MiB, 35.49 W
2026/09/20 10:16:46.126, 2, 0 %, 0 %, 35271 MiB, 36.65 W
2026/09/20 10:16:51.128, 0, 0 %, 0 %, 35270 MiB, 36.31 W
2026/09/20 10:16:51.128, 1, 0 %, 0 %, 35270 MiB, 35.40 W
2026/09/20 10:16:51.128, 2, 0 %, 0 %, 35271 MiB, 36.65 W
2026/09/20 10:16:56.130, 0, 0 %, 0 %, 35270 MiB, 35.82 W
2026/09/20 10:16:56.130, 1, 0 %, 0 %, 35270 MiB, 35.49 W
2026/09/20 10:16:56.131, 2, 0 %, 0 %, 35271 MiB, 36.75 W
2026/09/20 10:17:01.132, 0, 0 %, 0 %, 35270 MiB, 36.01 W
2026/09/20 10:17:01.132, 1, 0 %, 0 %, 35270 MiB, 35.68 W
2026/09/20 10:17:01.132, 2, 0 %, 0 %, 35271 MiB, 36.75 W
2026/09/20 10:17:06.134, 0, 25 %, 1 %, 35270 MiB, 35.92 W
2026/09/20 10:17:06.134, 1, 0 %, 0 %, 35270 MiB, 35.51 W
2026/09/20 10:17:06.134, 2, 0 %, 0 %, 35271 MiB, 36.65 W
2026/09/20 10:17:11.135, 0, 0 %, 0 %, 35270 MiB, 36.04 W
2026/09/20 10:17:11.135, 1, 0 %, 0 %, 35270 MiB, 35.62 W
2026/09/20 10:17:11.135, 2, 0 %, 0 %, 35271 MiB, 36.77 W
2026/09/20 10:17:16.137, 0, 25 %, 1 %, 35270 MiB, 36.03 W
2026/09/20 10:17:16.137, 1, 0 %, 0 %, 35270 MiB, 35.51 W
2026/09/20 10:17:16.137, 2, 0 %, 0 %, 35271 MiB, 36.97 W
2026/09/20 10:17:21.139, 0, 0 %, 0 %, 35270 MiB, 37.20 W
2026/09/20 10:17:21.139, 1, 0 %, 0 %, 35270 MiB, 35.50 W
2026/09/20 10:17:21.139, 2, 0 %, 0 %, 35271 MiB, 36.64 W
2026/09/20 10:17:26.141, 0, 0 %, 0 %, 35270 MiB, 36.01 W
2026/09/20 10:17:26.141, 1, 0 %, 0 %, 35270 MiB, 35.39 W
2026/09/20 10:17:26.141, 2, 0 %, 0 %, 35271 MiB, 36.53 W
2026/09/20 10:17:31.143, 0, 0 %, 0 %, 35270 MiB, 36.10 W
2026/09/20 10:17:31.143, 1, 0 %, 0 %, 35270 MiB, 35.39 W
2026/09/20 10:17:31.143, 2, 0 %, 0 %, 35271 MiB, 36.54 W
2026/09/20 10:17:36.145, 0, 25 %, 1 %, 35270 MiB, 36.01 W
2026/09/20 10:17:36.145, 1, 0 %, 0 %, 35270 MiB, 35.39 W
2026/09/20 10:17:36.146, 2, 0 %, 0 %, 35271 MiB, 36.75 W
2026/09/20 10:17:41.147, 0, 0 %, 0 %, 35270 MiB, 36.11 W
2026/09/20 10:17:41.147, 1, 0 %, 0 %, 35270 MiB, 35.49 W
2026/09/20 10:17:41.148, 2, 0 %, 0 %, 35271 MiB, 36.65 W
2026/09/20 10:17:46.150, 0, 0 %, 0 %, 35270 MiB, 36.12 W
2026/09/20 10:17:46.151, 1, 0 %, 0 %, 35270 MiB, 35.50 W
2026/09/20 10:17:46.151, 2, 0 %, 0 %, 35271 MiB, 36.65 W
2026/09/20 10:17:51.153, 0, 0 %, 0 %, 35270 MiB, 45.22 W
2026/09/20 10:17:51.154, 1, 0 %, 0 %, 35270 MiB, 35.33 W
2026/09/20 10:17:51.154, 2, 0 %, 0 %, 35271 MiB, 36.57 W
2026/09/20 10:17:56.155, 0, 0 %, 0 %, 35270 MiB, 36.82 W
2026/09/20 10:17:56.155, 1, 0 %, 0 %, 35270 MiB, 35.61 W
2026/09/20 10:17:56.155, 2, 0 %, 0 %, 35271 MiB, 36.97 W
2026/09/20 10:18:01.157, 0, 0 %, 0 %, 35270 MiB, 35.92 W
2026/09/20 10:18:01.157, 1, 0 %, 0 %, 35270 MiB, 35.49 W
2026/09/20 10:18:01.157, 2, 0 %, 0 %, 35271 MiB, 37.04 W
2026/09/20 10:18:06.159, 0, 0 %, 0 %, 35270 MiB, 36.11 W
2026/09/20 10:18:06.159, 1, 0 %, 0 %, 35270 MiB, 35.49 W
2026/09/20 10:18:06.159, 2, 0 %, 0 %, 35271 MiB, 36.65 W
2026/09/20 10:18:11.161, 0, 15 %, 1 %, 35270 MiB, 36.01 W
2026/09/20 10:18:11.161, 1, 0 %, 0 %, 35270 MiB, 35.49 W
2026/09/20 10:18:11.161, 2, 0 %, 0 %, 35271 MiB, 36.75 W
2026/09/20 10:18:16.162, 0, 10 %, 0 %, 35270 MiB, 35.82 W
2026/09/20 10:18:16.163, 1, 0 %, 0 %, 35270 MiB, 35.58 W
2026/09/20 10:18:16.163, 2, 0 %, 0 %, 35271 MiB, 36.94 W
2026/09/20 10:18:21.164, 0, 0 %, 0 %, 35270 MiB, 35.92 W
2026/09/20 10:18:21.164, 1, 0 %, 0 %, 35270 MiB, 35.59 W
2026/09/20 10:18:21.164, 2, 0 %, 0 %, 35271 MiB, 36.75 W
2026/09/20 10:18:26.166, 0, 0 %, 0 %, 35270 MiB, 36.01 W
2026/09/20 10:18:26.166, 1, 0 %, 0 %, 35270 MiB, 35.49 W
2026/09/20 10:18:26.166, 2, 0 %, 0 %, 35271 MiB, 36.65 W
2026/09/20 10:18:31.168, 0, 0 %, 0 %, 35270 MiB, 35.92 W
2026/09/20 10:18:31.168, 1, 0 %, 0 %, 35270 MiB, 35.29 W
2026/09/20 10:18:31.168, 2, 0 %, 0 %, 35271 MiB, 36.75 W
2026/09/20 10:18:36.172, 0, 25 %, 1 %, 35270 MiB, 36.01 W
2026/09/20 10:18:36.172, 1, 0 %, 0 %, 35270 MiB, 35.49 W
2026/09/20 10:18:36.172, 2, 0 %, 0 %, 35271 MiB, 36.75 W
2026/09/20 10:18:41.173, 0, 0 %, 0 %, 35270 MiB, 37.50 W
2026/09/20 10:18:41.173, 1, 0 %, 0 %, 35270 MiB, 35.21 W
2026/09/20 10:18:41.173, 2, 0 %, 0 %, 35271 MiB, 36.65 W
2026/09/20 10:18:46.174, 0, 0 %, 0 %, 35270 MiB, 36.05 W
2026/09/20 10:18:46.174, 1, 0 %, 0 %, 35270 MiB, 35.43 W
2026/09/20 10:18:46.174, 2, 0 %, 0 %, 35271 MiB, 36.67 W
2026/09/20 10:18:51.176, 0, 0 %, 0 %, 35270 MiB, 36.01 W
2026/09/20 10:18:51.176, 1, 0 %, 0 %, 35270 MiB, 35.49 W
2026/09/20 10:18:51.176, 2, 0 %, 0 %, 35271 MiB, 36.76 W
2026/09/20 10:18:56.178, 0, 0 %, 0 %, 35270 MiB, 35.92 W
2026/09/20 10:18:56.178, 1, 0 %, 0 %, 35270 MiB, 35.40 W
2026/09/20 10:18:56.178, 2, 0 %, 0 %, 35271 MiB, 36.75 W
2026/09/20 10:19:01.180, 0, 2 %, 0 %, 35270 MiB, 36.09 W
2026/09/20 10:19:01.180, 1, 0 %, 0 %, 35270 MiB, 35.48 W
2026/09/20 10:19:01.180, 2, 0 %, 0 %, 35271 MiB, 36.74 W
2026/09/20 10:19:06.182, 0, 0 %, 0 %, 35270 MiB, 36.01 W
2026/09/20 10:19:06.182, 1, 0 %, 0 %, 35270 MiB, 35.59 W
2026/09/20 10:19:06.182, 2, 0 %, 0 %, 35271 MiB, 36.75 W
2026/09/20 10:19:11.184, 0, 0 %, 0 %, 35270 MiB, 36.01 W
2026/09/20 10:19:11.184, 1, 0 %, 0 %, 35270 MiB, 35.48 W
2026/09/20 10:19:11.185, 2, 0 %, 0 %, 35271 MiB, 36.65 W
2026/09/20 10:19:16.186, 0, 0 %, 0 %, 35270 MiB, 36.01 W
2026/09/20 10:19:16.186, 1, 0 %, 0 %, 35270 MiB, 35.49 W
2026/09/20 10:19:16.186, 2, 0 %, 0 %, 35271 MiB, 36.85 W
2026/09/20 10:19:21.188, 0, 0 %, 0 %, 35270 MiB, 36.00 W
2026/09/20 10:19:21.188, 1, 21 %, 1 %, 35270 MiB, 35.58 W
2026/09/20 10:19:21.188, 2, 0 %, 0 %, 35271 MiB, 36.85 W
2026/09/20 10:19:26.190, 0, 0 %, 0 %, 35270 MiB, 35.92 W
2026/09/20 10:19:26.190, 1, 0 %, 0 %, 35270 MiB, 35.58 W
2026/09/20 10:19:26.190, 2, 0 %, 0 %, 35271 MiB, 36.74 W
2026/09/20 10:19:31.192, 0, 0 %, 0 %, 35270 MiB, 36.01 W
2026/09/20 10:19:31.192, 1, 0 %, 0 %, 35270 MiB, 35.48 W
2026/09/20 10:19:31.192, 2, 0 %, 0 %, 35271 MiB, 36.64 W
2026/09/20 10:19:36.194, 0, 0 %, 0 %, 35270 MiB, 35.89 W
2026/09/20 10:19:36.194, 1, 0 %, 0 %, 35270 MiB, 35.38 W
2026/09/20 10:19:36.194, 2, 0 %, 0 %, 35271 MiB, 36.74 W
2026/09/20 10:19:41.196, 0, 0 %, 0 %, 35270 MiB, 36.11 W
2026/09/20 10:19:41.196, 1, 0 %, 0 %, 35270 MiB, 35.38 W
2026/09/20 10:19:41.196, 2, 0 %, 0 %, 35271 MiB, 36.75 W
2026/09/20 10:19:46.197, 0, 0 %, 0 %, 35270 MiB, 36.04 W
2026/09/20 10:19:46.197, 1, 0 %, 0 %, 35270 MiB, 35.41 W
2026/09/20 10:19:46.197, 2, 0 %, 0 %, 35271 MiB, 36.66 W
2026/09/20 10:19:51.199, 0, 0 %, 0 %, 35270 MiB, 36.11 W
2026/09/20 10:19:51.199, 1, 0 %, 0 %, 35270 MiB, 35.50 W
2026/09/20 10:19:51.199, 2, 0 %, 0 %, 35271 MiB, 36.75 W
2026/09/20 10:19:56.201, 0, 25 %, 1 %, 35270 MiB, 36.30 W
2026/09/20 10:19:56.201, 1, 0 %, 0 %, 35270 MiB, 35.39 W
2026/09/20 10:19:56.201, 2, 0 %, 0 %, 35271 MiB, 36.75 W
2026/09/20 10:20:01.202, 0, 0 %, 0 %, 35270 MiB, 35.92 W
2026/09/20 10:20:01.202, 1, 12 %, 0 %, 35270 MiB, 35.49 W
2026/09/20 10:20:01.202, 2, 0 %, 0 %, 35271 MiB, 36.75 W
2026/09/20 10:20:06.210, 0, 0 %, 0 %, 35270 MiB, 35.92 W
2026/09/20 10:20:06.210, 1, 0 %, 0 %, 35270 MiB, 35.49 W
2026/09/20 10:20:06.210, 2, 0 %, 0 %, 35271 MiB, 36.75 W
2026/09/20 10:20:11.211, 0, 25 %, 1 %, 35270 MiB, 35.92 W
2026/09/20 10:20:11.212, 1, 0 %, 0 %, 35270 MiB, 35.49 W
2026/09/20 10:20:11.212, 2, 0 %, 0 %, 35271 MiB, 36.75 W
2026/09/20 10:20:16.212, 0, 0 %, 0 %, 35270 MiB, 36.11 W
2026/09/20 10:20:16.212, 1, 0 %, 0 %, 35270 MiB, 35.49 W
2026/09/20 10:20:16.212, 2, 0 %, 0 %, 35271 MiB, 36.75 W
2026/09/20 10:20:21.214, 0, 0 %, 0 %, 35270 MiB, 35.91 W
2026/09/20 10:20:21.214, 1, 0 %, 0 %, 35270 MiB, 35.58 W
2026/09/20 10:20:21.214, 2, 0 %, 0 %, 35271 MiB, 36.85 W
2026/09/20 10:20:26.215, 0, 0 %, 0 %, 35270 MiB, 35.91 W
2026/09/20 10:20:26.215, 1, 0 %, 0 %, 35270 MiB, 35.48 W
2026/09/20 10:20:26.215, 2, 0 %, 0 %, 35271 MiB, 36.85 W
2026/09/20 10:20:31.217, 0, 0 %, 0 %, 35270 MiB, 35.89 W
2026/09/20 10:20:31.217, 1, 0 %, 0 %, 35270 MiB, 35.48 W
2026/09/20 10:20:31.217, 2, 0 %, 0 %, 35271 MiB, 36.93 W
2026/09/20 10:20:36.219, 0, 0 %, 0 %, 35270 MiB, 36.01 W
2026/09/20 10:20:36.219, 1, 24 %, 1 %, 35270 MiB, 35.39 W
2026/09/20 10:20:36.219, 2, 0 %, 0 %, 35271 MiB, 36.85 W
2026/09/20 10:20:41.221, 0, 0 %, 0 %, 35270 MiB, 35.99 W
2026/09/20 10:20:41.221, 1, 0 %, 0 %, 35270 MiB, 35.48 W
2026/09/20 10:20:41.221, 2, 0 %, 0 %, 35271 MiB, 36.63 W
2026/09/20 10:20:46.223, 0, 0 %, 0 %, 35270 MiB, 36.00 W
2026/09/20 10:20:46.223, 1, 0 %, 0 %, 35270 MiB, 35.48 W
2026/09/20 10:20:46.223, 2, 0 %, 0 %, 35271 MiB, 36.74 W
2026/09/20 10:20:51.225, 0, 0 %, 0 %, 35270 MiB, 36.30 W
2026/09/20 10:20:51.225, 1, 0 %, 0 %, 35270 MiB, 35.38 W
2026/09/20 10:20:51.225, 2, 0 %, 0 %, 35271 MiB, 36.85 W
2026/09/20 10:20:56.227, 0, 0 %, 0 %, 35270 MiB, 36.09 W
2026/09/20 10:20:56.227, 1, 0 %, 0 %, 35270 MiB, 35.48 W
2026/09/20 10:20:56.227, 2, 0 %, 0 %, 35271 MiB, 36.64 W
2026/09/20 10:21:01.228, 0, 0 %, 0 %, 35270 MiB, 36.21 W
2026/09/20 10:21:01.228, 1, 0 %, 0 %, 35270 MiB, 35.38 W
2026/09/20 10:21:01.228, 2, 0 %, 0 %, 35271 MiB, 36.75 W
2026/09/20 10:21:06.230, 0, 0 %, 0 %, 35270 MiB, 36.12 W
2026/09/20 10:21:06.230, 1, 0 %, 0 %, 35270 MiB, 35.41 W
2026/09/20 10:21:06.230, 2, 0 %, 0 %, 35271 MiB, 36.76 W
2026/09/20 10:21:11.232, 0, 0 %, 0 %, 35270 MiB, 36.11 W
2026/09/20 10:21:11.232, 1, 0 %, 0 %, 35270 MiB, 35.48 W
2026/09/20 10:21:11.232, 2, 0 %, 0 %, 35271 MiB, 37.04 W
2026/09/20 10:21:16.234, 0, 0 %, 0 %, 35270 MiB, 35.92 W
2026/09/20 10:21:16.234, 1, 0 %, 0 %, 35270 MiB, 35.58 W
2026/09/20 10:21:16.234, 2, 0 %, 0 %, 35271 MiB, 36.94 W
2026/09/20 10:21:21.236, 0, 0 %, 0 %, 35270 MiB, 35.99 W
2026/09/20 10:21:21.236, 1, 0 %, 0 %, 35270 MiB, 35.57 W
2026/09/20 10:21:21.236, 2, 0 %, 0 %, 35271 MiB, 36.83 W
2026/09/20 10:21:26.247, 0, 0 %, 0 %, 35270 MiB, 36.01 W
2026/09/20 10:21:26.247, 1, 0 %, 0 %, 35270 MiB, 35.49 W
2026/09/20 10:21:26.247, 2, 0 %, 0 %, 35271 MiB, 36.94 W
2026/09/20 10:21:31.248, 0, 0 %, 0 %, 35270 MiB, 36.10 W
2026/09/20 10:21:31.249, 1, 0 %, 0 %, 35270 MiB, 35.68 W
2026/09/20 10:21:31.249, 2, 0 %, 0 %, 35271 MiB, 36.93 W
2026/09/20 10:21:36.250, 0, 0 %, 0 %, 35270 MiB, 35.94 W
2026/09/20 10:21:36.250, 1, 0 %, 0 %, 35270 MiB, 35.61 W
2026/09/20 10:21:36.250, 2, 0 %, 0 %, 35271 MiB, 36.87 W
2026/09/20 10:21:41.259, 0, 0 %, 0 %, 35270 MiB, 36.01 W
2026/09/20 10:21:41.259, 1, 0 %, 0 %, 35270 MiB, 35.49 W
2026/09/20 10:21:41.259, 2, 0 %, 0 %, 35271 MiB, 36.94 W
2026/09/20 10:21:46.261, 0, 0 %, 0 %, 35270 MiB, 36.10 W
2026/09/20 10:21:46.261, 1, 0 %, 0 %, 35270 MiB, 35.57 W
2026/09/20 10:21:46.261, 2, 0 %, 0 %, 35271 MiB, 36.83 W
2026/09/20 10:21:51.263, 0, 0 %, 0 %, 35270 MiB, 36.09 W
2026/09/20 10:21:51.263, 1, 0 %, 0 %, 35270 MiB, 35.48 W
2026/09/20 10:21:51.263, 2, 0 %, 0 %, 35271 MiB, 36.83 W
2026/09/20 10:21:56.265, 0, 0 %, 0 %, 35270 MiB, 36.04 W
2026/09/20 10:21:56.265, 1, 20 %, 1 %, 35270 MiB, 42.91 W
2026/09/20 10:21:56.265, 2, 25 %, 1 %, 35271 MiB, 36.77 W
2026/09/20 10:22:01.267, 0, 0 %, 0 %, 35270 MiB, 36.01 W
2026/09/20 10:22:01.267, 1, 0 %, 0 %, 35270 MiB, 35.49 W
2026/09/20 10:22:01.268, 2, 24 %, 1 %, 35271 MiB, 36.85 W
2026/09/20 10:22:06.269, 0, 0 %, 0 %, 35270 MiB, 35.99 W
2026/09/20 10:22:06.269, 1, 0 %, 0 %, 35270 MiB, 35.67 W
2026/09/20 10:22:06.269, 2, 25 %, 1 %, 35271 MiB, 36.92 W
2026/09/20 10:22:11.271, 0, 0 %, 0 %, 35270 MiB, 36.21 W
2026/09/20 10:22:11.282, 1, 0 %, 0 %, 35270 MiB, 35.48 W
2026/09/20 10:22:11.283, 2, 0 %, 0 %, 35271 MiB, 36.84 W
2026/09/20 10:22:16.292, 0, 0 %, 0 %, 35270 MiB, 35.90 W
2026/09/20 10:22:16.293, 1, 0 %, 0 %, 35270 MiB, 35.48 W
2026/09/20 10:22:16.293, 2, 15 %, 1 %, 35271 MiB, 40.68 W
2026/09/20 10:22:21.294, 0, 0 %, 0 %, 35270 MiB, 35.91 W
2026/09/20 10:22:21.294, 1, 0 %, 0 %, 35270 MiB, 35.38 W
2026/09/20 10:22:21.294, 2, 0 %, 0 %, 35271 MiB, 36.85 W
2026/09/20 10:22:26.296, 0, 0 %, 0 %, 35270 MiB, 35.92 W
2026/09/20 10:22:26.296, 1, 0 %, 0 %, 35270 MiB, 35.50 W
2026/09/20 10:22:26.296, 2, 0 %, 0 %, 35271 MiB, 36.94 W
2026/09/20 10:22:31.298, 0, 0 %, 0 %, 35270 MiB, 36.00 W
2026/09/20 10:22:31.298, 1, 0 %, 0 %, 35270 MiB, 35.48 W
2026/09/20 10:22:31.298, 2, 0 %, 0 %, 35271 MiB, 36.83 W
2026/09/20 10:22:36.300, 0, 0 %, 0 %, 35270 MiB, 36.01 W
2026/09/20 10:22:36.300, 1, 0 %, 0 %, 35270 MiB, 35.58 W
2026/09/20 10:22:36.300, 2, 0 %, 0 %, 35271 MiB, 36.93 W
2026/09/20 10:22:41.301, 0, 0 %, 0 %, 35270 MiB, 35.92 W
2026/09/20 10:22:41.301, 1, 0 %, 0 %, 35270 MiB, 35.68 W
2026/09/20 10:22:41.301, 2, 0 %, 0 %, 35271 MiB, 36.94 W
2026/09/20 10:22:46.303, 0, 0 %, 0 %, 35270 MiB, 35.90 W
2026/09/20 10:22:46.303, 1, 0 %, 0 %, 35270 MiB, 35.57 W
2026/09/20 10:22:46.303, 2, 0 %, 0 %, 35271 MiB, 36.93 W
2026/09/20 10:22:51.304, 0, 0 %, 0 %, 35270 MiB, 36.00 W
2026/09/20 10:22:51.304, 1, 0 %, 0 %, 35270 MiB, 35.48 W
2026/09/20 10:22:51.304, 2, 0 %, 0 %, 35271 MiB, 36.92 W
2026/09/20 10:22:56.306, 0, 0 %, 0 %, 35270 MiB, 36.01 W
2026/09/20 10:22:56.306, 1, 0 %, 0 %, 35270 MiB, 35.78 W
2026/09/20 10:22:56.306, 2, 0 %, 0 %, 35271 MiB, 36.75 W
2026/09/20 10:23:01.308, 0, 0 %, 0 %, 35270 MiB, 36.01 W
2026/09/20 10:23:01.308, 1, 0 %, 0 %, 35270 MiB, 35.49 W
2026/09/20 10:23:01.308, 2, 0 %, 0 %, 35271 MiB, 36.75 W
2026/09/20 10:23:06.310, 0, 0 %, 0 %, 35270 MiB, 36.01 W
2026/09/20 10:23:06.310, 1, 0 %, 0 %, 35270 MiB, 35.51 W
2026/09/20 10:23:06.310, 2, 0 %, 0 %, 35271 MiB, 36.85 W
2026/09/20 10:23:11.310, 0, 0 %, 0 %, 35270 MiB, 36.01 W
2026/09/20 10:23:11.311, 1, 0 %, 0 %, 35270 MiB, 35.40 W
2026/09/20 10:23:11.311, 2, 0 %, 0 %, 35271 MiB, 36.94 W
2026/09/20 10:23:16.312, 0, 0 %, 0 %, 35270 MiB, 36.11 W
2026/09/20 10:23:16.312, 1, 0 %, 0 %, 35270 MiB, 35.39 W
2026/09/20 10:23:16.312, 2, 5 %, 0 %, 35271 MiB, 36.94 W
2026/09/20 10:23:21.312, 0, 0 %, 0 %, 35270 MiB, 35.92 W
2026/09/20 10:23:21.312, 1, 0 %, 0 %, 35270 MiB, 35.39 W
2026/09/20 10:23:21.312, 2, 24 %, 1 %, 35271 MiB, 37.04 W
2026/09/20 10:23:26.314, 0, 0 %, 0 %, 35270 MiB, 36.20 W
2026/09/20 10:23:26.314, 1, 0 %, 0 %, 35270 MiB, 35.39 W
2026/09/20 10:23:26.314, 2, 19 %, 1 %, 35271 MiB, 41.58 W
2026/09/20 10:23:31.316, 0, 0 %, 0 %, 35270 MiB, 36.01 W
2026/09/20 10:23:31.316, 1, 0 %, 0 %, 35270 MiB, 35.49 W
2026/09/20 10:23:31.316, 2, 24 %, 1 %, 35271 MiB, 37.04 W
2026/09/20 10:23:36.318, 0, 0 %, 0 %, 35270 MiB, 36.00 W
2026/09/20 10:23:36.318, 1, 0 %, 0 %, 35270 MiB, 35.57 W
2026/09/20 10:23:36.318, 2, 0 %, 0 %, 35271 MiB, 36.92 W
2026/09/20 10:23:41.320, 0, 0 %, 0 %, 35270 MiB, 35.92 W
2026/09/20 10:23:41.320, 1, 0 %, 0 %, 35270 MiB, 35.49 W
2026/09/20 10:23:41.320, 2, 0 %, 0 %, 35271 MiB, 37.04 W
2026/09/20 10:23:46.322, 0, 0 %, 0 %, 35270 MiB, 36.11 W
2026/09/20 10:23:46.322, 1, 20 %, 1 %, 35270 MiB, 35.48 W
2026/09/20 10:23:46.322, 2, 0 %, 0 %, 35271 MiB, 37.04 W
2026/09/20 10:23:51.323, 0, 0 %, 0 %, 35270 MiB, 36.01 W
2026/09/20 10:23:51.323, 1, 0 %, 0 %, 35270 MiB, 35.49 W
2026/09/20 10:23:51.323, 2, 0 %, 0 %, 35271 MiB, 37.14 W
2026/09/20 10:23:56.325, 0, 0 %, 0 %, 35270 MiB, 35.92 W
2026/09/20 10:23:56.325, 1, 0 %, 0 %, 35270 MiB, 35.60 W
2026/09/20 10:23:56.325, 2, 0 %, 0 %, 35271 MiB, 36.94 W
2026/09/20 10:24:01.327, 0, 0 %, 0 %, 35270 MiB, 36.01 W
2026/09/20 10:24:01.327, 1, 0 %, 0 %, 35270 MiB, 35.48 W
2026/09/20 10:24:01.327, 2, 0 %, 0 %, 35271 MiB, 36.94 W
2026/09/20 10:24:06.329, 0, 0 %, 0 %, 35270 MiB, 36.01 W
2026/09/20 10:24:06.329, 1, 0 %, 0 %, 35270 MiB, 35.29 W
2026/09/20 10:24:06.329, 2, 0 %, 0 %, 35271 MiB, 36.85 W
2026/09/20 10:24:11.331, 0, 0 %, 0 %, 35270 MiB, 36.01 W
2026/09/20 10:24:11.331, 1, 0 %, 0 %, 35270 MiB, 35.59 W
2026/09/20 10:24:11.331, 2, 0 %, 0 %, 35271 MiB, 36.85 W
2026/09/20 10:24:16.332, 0, 0 %, 0 %, 35270 MiB, 36.09 W
2026/09/20 10:24:16.333, 1, 0 %, 0 %, 35270 MiB, 35.49 W
2026/09/20 10:24:16.333, 2, 0 %, 0 %, 35271 MiB, 36.73 W
2026/09/20 10:24:21.334, 0, 0 %, 0 %, 35270 MiB, 36.01 W
2026/09/20 10:24:21.334, 1, 0 %, 0 %, 35270 MiB, 35.48 W
2026/09/20 10:24:21.334, 2, 0 %, 0 %, 35271 MiB, 36.74 W
2026/09/20 10:24:26.336, 0, 0 %, 0 %, 35270 MiB, 36.11 W
2026/09/20 10:24:26.336, 1, 20 %, 1 %, 35270 MiB, 35.48 W
2026/09/20 10:24:26.336, 2, 0 %, 0 %, 35271 MiB, 37.04 W
2026/09/20 10:24:31.338, 0, 0 %, 0 %, 35270 MiB, 35.92 W
2026/09/20 10:24:31.338, 1, 0 %, 0 %, 35270 MiB, 35.48 W
2026/09/20 10:24:31.339, 2, 0 %, 0 %, 35271 MiB, 36.85 W
2026/09/20 10:24:36.339, 0, 0 %, 0 %, 35270 MiB, 35.82 W
2026/09/20 10:24:36.339, 1, 0 %, 0 %, 35270 MiB, 35.50 W
2026/09/20 10:24:36.339, 2, 0 %, 0 %, 35271 MiB, 37.15 W
2026/09/20 10:24:41.341, 0, 0 %, 0 %, 35270 MiB, 36.10 W
2026/09/20 10:24:41.342, 1, 0 %, 0 %, 35270 MiB, 35.39 W
2026/09/20 10:24:41.342, 2, 0 %, 0 %, 35271 MiB, 36.94 W
2026/09/20 10:24:46.343, 0, 0 %, 0 %, 35270 MiB, 35.99 W
2026/09/20 10:24:46.343, 1, 0 %, 0 %, 35270 MiB, 35.67 W
2026/09/20 10:24:46.343, 2, 0 %, 0 %, 35271 MiB, 36.93 W
2026/09/20 10:24:51.345, 0, 0 %, 0 %, 35270 MiB, 35.92 W
2026/09/20 10:24:51.345, 1, 0 %, 0 %, 35270 MiB, 35.51 W
2026/09/20 10:24:51.345, 2, 0 %, 0 %, 35271 MiB, 36.94 W
2026/09/20 10:24:56.346, 0, 0 %, 0 %, 35270 MiB, 36.04 W
2026/09/20 10:24:56.346, 1, 0 %, 0 %, 35270 MiB, 35.52 W
2026/09/20 10:24:56.346, 2, 0 %, 0 %, 35271 MiB, 37.17 W
2026/09/20 10:25:01.352, 0, 0 %, 0 %, 35270 MiB, 36.20 W
2026/09/20 10:25:01.352, 1, 0 %, 0 %, 35270 MiB, 35.58 W
2026/09/20 10:25:01.352, 2, 0 %, 0 %, 35271 MiB, 37.03 W
2026/09/20 10:25:06.354, 0, 0 %, 0 %, 35270 MiB, 36.01 W
2026/09/20 10:25:06.354, 1, 0 %, 0 %, 35270 MiB, 35.59 W
2026/09/20 10:25:06.354, 2, 0 %, 0 %, 35271 MiB, 36.85 W
2026/09/20 10:25:11.356, 0, 0 %, 0 %, 35270 MiB, 36.01 W
2026/09/20 10:25:11.356, 1, 0 %, 0 %, 35270 MiB, 35.29 W
2026/09/20 10:25:11.356, 2, 0 %, 0 %, 35271 MiB, 36.85 W
2026/09/20 10:25:16.358, 0, 0 %, 0 %, 35270 MiB, 36.02 W
2026/09/20 10:25:16.358, 1, 0 %, 0 %, 35270 MiB, 35.41 W
2026/09/20 10:25:16.358, 2, 0 %, 0 %, 35271 MiB, 36.95 W
2026/09/20 10:25:21.360, 0, 0 %, 0 %, 35270 MiB, 36.22 W
2026/09/20 10:25:21.360, 1, 0 %, 0 %, 35270 MiB, 35.50 W
2026/09/20 10:25:21.360, 2, 0 %, 0 %, 35271 MiB, 36.75 W
2026/09/20 10:25:26.362, 0, 0 %, 0 %, 35270 MiB, 36.21 W
2026/09/20 10:25:26.362, 1, 0 %, 0 %, 35270 MiB, 35.39 W
2026/09/20 10:25:26.362, 2, 0 %, 0 %, 35271 MiB, 36.85 W
2026/09/20 10:25:31.363, 0, 0 %, 0 %, 35270 MiB, 36.13 W
2026/09/20 10:25:31.363, 1, 0 %, 0 %, 35270 MiB, 35.42 W
2026/09/20 10:25:31.363, 2, 0 %, 0 %, 35271 MiB, 36.87 W
2026/09/20 10:25:36.363, 0, 0 %, 0 %, 35270 MiB, 35.94 W
2026/09/20 10:25:36.363, 1, 0 %, 0 %, 35270 MiB, 43.21 W
2026/09/20 10:25:36.363, 2, 0 %, 0 %, 35271 MiB, 36.97 W
2026/09/20 10:25:41.364, 0, 0 %, 0 %, 35270 MiB, 36.01 W
2026/09/20 10:25:41.364, 1, 0 %, 0 %, 35270 MiB, 35.59 W
2026/09/20 10:25:41.364, 2, 0 %, 0 %, 35271 MiB, 36.94 W
2026/09/20 10:25:46.365, 0, 0 %, 0 %, 35270 MiB, 35.94 W
2026/09/20 10:25:46.365, 1, 0 %, 0 %, 35270 MiB, 35.51 W
2026/09/20 10:25:46.366, 2, 0 %, 0 %, 35271 MiB, 36.77 W
2026/09/20 10:25:51.375, 0, 0 %, 0 %, 35270 MiB, 35.92 W
2026/09/20 10:25:51.375, 1, 0 %, 0 %, 35270 MiB, 35.49 W
2026/09/20 10:25:51.375, 2, 0 %, 0 %, 35271 MiB, 36.85 W
2026/09/20 10:25:56.377, 0, 0 %, 0 %, 35270 MiB, 36.01 W
2026/09/20 10:25:56.377, 1, 0 %, 0 %, 35270 MiB, 35.68 W
2026/09/20 10:25:56.377, 2, 0 %, 0 %, 35271 MiB, 36.94 W
2026/09/20 10:26:01.382, 0, 0 %, 0 %, 35270 MiB, 36.11 W
2026/09/20 10:26:01.383, 1, 0 %, 0 %, 35270 MiB, 35.49 W
2026/09/20 10:26:01.383, 2, 0 %, 0 %, 35271 MiB, 37.04 W
2026/09/20 10:26:06.384, 0, 0 %, 0 %, 35270 MiB, 35.92 W
2026/09/20 10:26:06.384, 1, 0 %, 0 %, 35270 MiB, 35.49 W
2026/09/20 10:26:06.384, 2, 0 %, 0 %, 35271 MiB, 36.85 W
2026/09/20 10:26:11.385, 0, 0 %, 0 %, 35270 MiB, 35.95 W
2026/09/20 10:26:11.386, 1, 0 %, 0 %, 35270 MiB, 35.53 W
2026/09/20 10:26:11.386, 2, 0 %, 0 %, 35271 MiB, 36.87 W
2026/09/20 10:26:16.386, 0, 0 %, 0 %, 35270 MiB, 36.01 W
2026/09/20 10:26:16.386, 1, 0 %, 0 %, 35270 MiB, 35.58 W
2026/09/20 10:26:16.386, 2, 0 %, 0 %, 35271 MiB, 36.85 W
2026/09/20 10:26:21.388, 0, 0 %, 0 %, 35270 MiB, 36.11 W
2026/09/20 10:26:21.388, 1, 0 %, 0 %, 35270 MiB, 35.29 W
2026/09/20 10:26:21.388, 2, 0 %, 0 %, 35271 MiB, 36.75 W
2026/09/20 10:26:26.389, 0, 0 %, 0 %, 35270 MiB, 36.04 W
2026/09/20 10:26:26.389, 1, 0 %, 0 %, 35270 MiB, 35.43 W
2026/09/20 10:26:26.389, 2, 0 %, 0 %, 35271 MiB, 36.77 W
2026/09/20 10:26:31.400, 0, 0 %, 0 %, 35270 MiB, 36.01 W
2026/09/20 10:26:31.400, 1, 0 %, 0 %, 35270 MiB, 35.39 W
2026/09/20 10:26:31.400, 2, 0 %, 0 %, 35271 MiB, 36.85 W
2026/09/20 10:26:36.403, 0, 0 %, 0 %, 35270 MiB, 36.10 W
2026/09/20 10:26:36.403, 1, 0 %, 0 %, 35270 MiB, 35.48 W
2026/09/20 10:26:36.403, 2, 0 %, 0 %, 35271 MiB, 36.83 W
2026/09/20 10:26:41.404, 0, 0 %, 0 %, 35270 MiB, 36.15 W
2026/09/20 10:26:41.404, 1, 0 %, 0 %, 35270 MiB, 35.42 W
2026/09/20 10:26:41.405, 2, 0 %, 0 %, 35271 MiB, 36.87 W
2026/09/20 10:26:46.406, 0, 0 %, 0 %, 35270 MiB, 36.01 W
2026/09/20 10:26:46.406, 1, 0 %, 0 %, 35270 MiB, 35.38 W
2026/09/20 10:26:46.406, 2, 0 %, 0 %, 35271 MiB, 36.75 W
2026/09/20 10:26:51.408, 0, 0 %, 0 %, 35270 MiB, 35.92 W
2026/09/20 10:26:51.409, 1, 0 %, 0 %, 35270 MiB, 35.68 W
2026/09/20 10:26:51.409, 2, 0 %, 0 %, 35271 MiB, 36.85 W
2026/09/20 10:26:56.409, 0, 0 %, 0 %, 35270 MiB, 35.84 W
2026/09/20 10:26:56.409, 1, 0 %, 0 %, 35270 MiB, 35.51 W
2026/09/20 10:26:56.409, 2, 0 %, 0 %, 35271 MiB, 36.87 W
2026/09/20 10:27:01.416, 0, 0 %, 0 %, 35270 MiB, 36.01 W
2026/09/20 10:27:01.416, 1, 0 %, 0 %, 35270 MiB, 35.49 W
2026/09/20 10:27:01.416, 2, 0 %, 0 %, 35271 MiB, 36.85 W
2026/09/20 10:27:06.418, 0, 0 %, 0 %, 35270 MiB, 35.92 W
2026/09/20 10:27:06.418, 1, 0 %, 0 %, 35270 MiB, 35.48 W
2026/09/20 10:27:06.418, 2, 0 %, 0 %, 35271 MiB, 36.94 W
2026/09/20 10:27:11.419, 0, 0 %, 0 %, 35270 MiB, 35.96 W
2026/09/20 10:27:11.420, 1, 0 %, 0 %, 35270 MiB, 35.62 W
2026/09/20 10:27:11.420, 2, 0 %, 0 %, 35271 MiB, 37.17 W
2026/09/20 10:27:16.421, 0, 0 %, 0 %, 35270 MiB, 36.01 W
2026/09/20 10:27:16.421, 1, 0 %, 0 %, 35270 MiB, 35.48 W
2026/09/20 10:27:16.421, 2, 0 %, 0 %, 35271 MiB, 36.94 W
2026/09/20 10:27:21.421, 0, 0 %, 0 %, 35270 MiB, 36.21 W
2026/09/20 10:27:21.422, 1, 0 %, 0 %, 35270 MiB, 35.59 W
2026/09/20 10:27:21.422, 2, 0 %, 0 %, 35271 MiB, 36.75 W
2026/09/20 10:27:26.423, 0, 0 %, 0 %, 35270 MiB, 36.04 W
2026/09/20 10:27:26.423, 1, 0 %, 0 %, 35270 MiB, 35.22 W
2026/09/20 10:27:26.423, 2, 0 %, 0 %, 35271 MiB, 36.77 W
2026/09/20 10:27:31.424, 0, 0 %, 0 %, 35270 MiB, 36.03 W
2026/09/20 10:27:31.424, 1, 0 %, 0 %, 35270 MiB, 35.41 W
2026/09/20 10:27:31.424, 2, 0 %, 0 %, 35271 MiB, 36.95 W
2026/09/20 10:27:36.426, 0, 0 %, 0 %, 35270 MiB, 36.23 W
2026/09/20 10:27:36.426, 1, 0 %, 0 %, 35270 MiB, 35.32 W
2026/09/20 10:27:36.426, 2, 0 %, 0 %, 35271 MiB, 36.87 W
2026/09/20 10:27:41.428, 0, 0 %, 0 %, 35270 MiB, 36.01 W
2026/09/20 10:27:41.428, 1, 0 %, 0 %, 35270 MiB, 35.30 W
2026/09/20 10:27:41.428, 2, 0 %, 0 %, 35271 MiB, 36.65 W
2026/09/20 10:27:46.430, 0, 0 %, 0 %, 35270 MiB, 36.01 W
2026/09/20 10:27:46.430, 1, 0 %, 0 %, 35270 MiB, 35.39 W
2026/09/20 10:27:46.430, 2, 0 %, 0 %, 35271 MiB, 36.75 W
2026/09/20 10:27:51.432, 0, 0 %, 0 %, 35270 MiB, 35.92 W
2026/09/20 10:27:51.432, 1, 0 %, 0 %, 35270 MiB, 35.49 W
2026/09/20 10:27:51.432, 2, 0 %, 0 %, 35271 MiB, 36.94 W
2026/09/20 10:27:56.434, 0, 0 %, 0 %, 35270 MiB, 36.11 W
2026/09/20 10:27:56.434, 1, 0 %, 0 %, 35270 MiB, 35.39 W
2026/09/20 10:27:56.434, 2, 0 %, 0 %, 35271 MiB, 36.85 W
2026/09/20 10:28:01.436, 0, 0 %, 0 %, 35270 MiB, 35.82 W
2026/09/20 10:28:01.436, 1, 0 %, 0 %, 35270 MiB, 35.40 W
2026/09/20 10:28:01.436, 2, 0 %, 0 %, 35271 MiB, 36.75 W
2026/09/20 10:28:06.437, 0, 0 %, 0 %, 35270 MiB, 35.92 W
2026/09/20 10:28:06.437, 1, 0 %, 0 %, 35270 MiB, 35.59 W
2026/09/20 10:28:06.437, 2, 0 %, 0 %, 35271 MiB, 36.75 W
2026/09/20 10:28:11.438, 0, 0 %, 0 %, 35270 MiB, 35.92 W
2026/09/20 10:28:11.438, 1, 0 %, 0 %, 35270 MiB, 35.49 W
2026/09/20 10:28:11.438, 2, 0 %, 0 %, 35271 MiB, 37.14 W
2026/09/20 10:28:16.440, 0, 0 %, 0 %, 35270 MiB, 36.01 W
2026/09/20 10:28:16.440, 1, 0 %, 0 %, 35270 MiB, 35.49 W
2026/09/20 10:28:16.440, 2, 0 %, 0 %, 35271 MiB, 36.85 W
2026/09/20 10:28:21.441, 0, 0 %, 0 %, 35270 MiB, 35.91 W
2026/09/20 10:28:21.441, 1, 0 %, 0 %, 35270 MiB, 35.48 W
2026/09/20 10:28:21.441, 2, 0 %, 0 %, 35271 MiB, 36.85 W
2026/09/20 10:28:26.443, 0, 0 %, 0 %, 35270 MiB, 35.90 W
2026/09/20 10:28:26.443, 1, 0 %, 0 %, 35270 MiB, 35.57 W
2026/09/20 10:28:26.443, 2, 0 %, 0 %, 35271 MiB, 36.84 W
2026/09/20 10:28:31.443, 0, 0 %, 0 %, 35270 MiB, 36.01 W
2026/09/20 10:28:31.443, 1, 0 %, 0 %, 35270 MiB, 35.39 W
2026/09/20 10:28:31.444, 2, 0 %, 0 %, 35271 MiB, 37.04 W
2026/09/20 10:28:36.445, 0, 0 %, 0 %, 35270 MiB, 36.11 W
2026/09/20 10:28:36.445, 1, 0 %, 0 %, 35270 MiB, 35.29 W
2026/09/20 10:28:36.445, 2, 0 %, 0 %, 35271 MiB, 36.85 W
2026/09/20 10:28:41.448, 0, 0 %, 0 %, 35270 MiB, 41.86 W
2026/09/20 10:28:41.449, 1, 0 %, 0 %, 35270 MiB, 35.30 W
2026/09/20 10:28:41.449, 2, 0 %, 0 %, 35271 MiB, 36.75 W
2026/09/20 10:28:46.450, 0, 0 %, 0 %, 35270 MiB, 36.04 W
2026/09/20 10:28:46.450, 1, 0 %, 0 %, 35270 MiB, 42.62 W
2026/09/20 10:28:46.450, 2, 0 %, 0 %, 35271 MiB, 36.68 W
2026/09/20 10:28:51.451, 0, 0 %, 0 %, 35270 MiB, 36.24 W
2026/09/20 10:28:51.451, 1, 0 %, 0 %, 35270 MiB, 35.33 W
2026/09/20 10:28:51.452, 2, 0 %, 0 %, 35271 MiB, 37.07 W
2026/09/20 10:28:56.452, 0, 0 %, 0 %, 35270 MiB, 35.84 W
2026/09/20 10:28:56.452, 1, 0 %, 0 %, 35270 MiB, 35.42 W
2026/09/20 10:28:56.452, 2, 0 %, 0 %, 35271 MiB, 36.77 W
2026/09/20 10:29:01.453, 0, 20 %, 1 %, 35270 MiB, 36.01 W
2026/09/20 10:29:01.453, 1, 0 %, 0 %, 35270 MiB, 35.59 W
2026/09/20 10:29:01.453, 2, 0 %, 0 %, 35271 MiB, 36.74 W
2026/09/20 10:29:06.454, 0, 0 %, 0 %, 35270 MiB, 37.87 W
2026/09/20 10:29:06.455, 1, 0 %, 0 %, 35270 MiB, 35.49 W
2026/09/20 10:29:06.455, 2, 0 %, 0 %, 35271 MiB, 36.75 W
2026/09/20 10:29:11.456, 0, 5 %, 0 %, 35270 MiB, 36.01 W
2026/09/20 10:29:11.456, 1, 0 %, 0 %, 35270 MiB, 35.40 W
2026/09/20 10:29:11.456, 2, 0 %, 0 %, 35271 MiB, 36.85 W
2026/09/20 10:29:16.458, 0, 0 %, 0 %, 35270 MiB, 35.90 W
2026/09/20 10:29:16.458, 1, 6 %, 0 %, 35270 MiB, 35.48 W
2026/09/20 10:29:16.459, 2, 0 %, 0 %, 35271 MiB, 36.84 W
2026/09/20 10:29:21.460, 0, 0 %, 0 %, 35270 MiB, 35.82 W
2026/09/20 10:29:21.460, 1, 0 %, 0 %, 35270 MiB, 35.49 W
2026/09/20 10:29:21.460, 2, 0 %, 0 %, 35271 MiB, 36.85 W
2026/09/20 10:29:26.461, 0, 1 %, 0 %, 35270 MiB, 35.92 W
2026/09/20 10:29:26.461, 1, 0 %, 0 %, 35270 MiB, 35.49 W
2026/09/20 10:29:26.462, 2, 0 %, 0 %, 35271 MiB, 36.85 W
2026/09/20 10:29:31.463, 0, 0 %, 0 %, 35270 MiB, 36.04 W
2026/09/20 10:29:31.463, 1, 0 %, 0 %, 35270 MiB, 35.53 W
2026/09/20 10:29:31.463, 2, 0 %, 0 %, 35271 MiB, 36.97 W
2026/09/20 10:29:36.464, 0, 15 %, 1 %, 35270 MiB, 36.01 W
2026/09/20 10:29:36.465, 1, 0 %, 0 %, 35270 MiB, 35.68 W
2026/09/20 10:29:36.465, 2, 0 %, 0 %, 35271 MiB, 36.75 W
2026/09/20 10:29:41.466, 0, 0 %, 0 %, 35270 MiB, 36.31 W
2026/09/20 10:29:41.466, 1, 0 %, 0 %, 35270 MiB, 35.30 W
2026/09/20 10:29:41.466, 2, 0 %, 0 %, 35271 MiB, 36.75 W
2026/09/20 10:29:46.466, 0, 0 %, 0 %, 35270 MiB, 36.00 W
2026/09/20 10:29:46.467, 1, 0 %, 0 %, 35270 MiB, 35.38 W
2026/09/20 10:29:46.467, 2, 0 %, 0 %, 35271 MiB, 36.73 W
2026/09/20 10:29:51.468, 0, 0 %, 0 %, 35270 MiB, 36.04 W
2026/09/20 10:29:51.468, 1, 0 %, 0 %, 35270 MiB, 35.50 W
2026/09/20 10:29:51.468, 2, 0 %, 0 %, 35271 MiB, 36.87 W
2026/09/20 10:29:56.470, 0, 0 %, 0 %, 35270 MiB, 36.01 W
2026/09/20 10:29:56.470, 1, 25 %, 1 %, 35270 MiB, 35.39 W
2026/09/20 10:29:56.471, 2, 0 %, 0 %, 35271 MiB, 36.75 W
2026/09/20 10:30:01.472, 0, 0 %, 0 %, 35270 MiB, 36.00 W
2026/09/20 10:30:01.472, 1, 0 %, 0 %, 35270 MiB, 35.38 W
2026/09/20 10:30:01.472, 2, 0 %, 0 %, 35271 MiB, 36.74 W
2026/09/20 10:30:06.473, 0, 0 %, 0 %, 35270 MiB, 36.11 W
2026/09/20 10:30:06.474, 1, 0 %, 0 %, 35270 MiB, 35.50 W
2026/09/20 10:30:06.474, 2, 0 %, 0 %, 35271 MiB, 36.94 W
2026/09/20 10:30:11.474, 0, 0 %, 0 %, 35270 MiB, 35.86 W
2026/09/20 10:30:11.475, 1, 0 %, 0 %, 35270 MiB, 35.62 W
2026/09/20 10:30:11.475, 2, 0 %, 0 %, 35271 MiB, 36.78 W
2026/09/20 10:30:16.475, 0, 0 %, 0 %, 35270 MiB, 35.82 W
2026/09/20 10:30:16.475, 1, 0 %, 0 %, 35270 MiB, 35.50 W
2026/09/20 10:30:16.475, 2, 0 %, 0 %, 35271 MiB, 36.75 W
2026/09/20 10:30:21.477, 0, 0 %, 0 %, 35270 MiB, 35.92 W
2026/09/20 10:30:21.477, 1, 0 %, 0 %, 35270 MiB, 35.49 W
2026/09/20 10:30:21.477, 2, 0 %, 0 %, 35271 MiB, 36.75 W
2026/09/20 10:30:26.478, 0, 0 %, 0 %, 35270 MiB, 36.01 W
2026/09/20 10:30:26.478, 1, 0 %, 0 %, 35270 MiB, 35.49 W
2026/09/20 10:30:26.479, 2, 10 %, 0 %, 35271 MiB, 36.94 W
2026/09/20 10:30:31.480, 0, 0 %, 0 %, 35270 MiB, 35.92 W
2026/09/20 10:30:31.480, 1, 0 %, 0 %, 35270 MiB, 35.59 W
2026/09/20 10:30:31.480, 2, 0 %, 0 %, 35271 MiB, 36.85 W
2026/09/20 10:30:36.482, 0, 0 %, 0 %, 35270 MiB, 35.91 W
2026/09/20 10:30:36.482, 1, 0 %, 0 %, 35270 MiB, 35.48 W
2026/09/20 10:30:36.482, 2, 0 %, 0 %, 35271 MiB, 36.83 W
2026/09/20 10:30:41.484, 0, 0 %, 0 %, 35270 MiB, 35.92 W
2026/09/20 10:30:41.485, 1, 0 %, 0 %, 35270 MiB, 35.60 W
2026/09/20 10:30:41.485, 2, 20 %, 1 %, 35271 MiB, 36.85 W
2026/09/20 10:30:46.486, 0, 0 %, 0 %, 35270 MiB, 36.11 W
2026/09/20 10:30:46.486, 1, 0 %, 0 %, 35270 MiB, 35.59 W
2026/09/20 10:30:46.487, 2, 0 %, 0 %, 35271 MiB, 36.75 W
2026/09/20 10:30:51.488, 0, 0 %, 0 %, 35270 MiB, 36.01 W
2026/09/20 10:30:51.488, 1, 0 %, 0 %, 35270 MiB, 35.30 W
2026/09/20 10:30:51.488, 2, 0 %, 0 %, 35271 MiB, 36.75 W
2026/09/20 10:30:56.489, 0, 0 %, 0 %, 35270 MiB, 35.92 W
2026/09/20 10:30:56.489, 1, 5 %, 0 %, 35270 MiB, 35.30 W
2026/09/20 10:30:56.489, 2, 0 %, 0 %, 35271 MiB, 36.65 W
2026/09/20 10:31:01.491, 0, 0 %, 0 %, 35270 MiB, 35.99 W
2026/09/20 10:31:01.492, 1, 5 %, 0 %, 35270 MiB, 35.86 W
2026/09/20 10:31:01.492, 2, 0 %, 0 %, 35271 MiB, 37.12 W
2026/09/20 10:31:06.493, 0, 0 %, 0 %, 35270 MiB, 36.11 W
2026/09/20 10:31:06.493, 1, 0 %, 0 %, 35270 MiB, 35.49 W
2026/09/20 10:31:06.493, 2, 0 %, 0 %, 35271 MiB, 36.85 W
2026/09/20 10:31:11.494, 0, 0 %, 0 %, 35270 MiB, 35.82 W
2026/09/20 10:31:11.495, 1, 0 %, 0 %, 35270 MiB, 35.40 W
2026/09/20 10:31:11.495, 2, 25 %, 1 %, 35271 MiB, 43.96 W
2026/09/20 10:31:16.496, 0, 0 %, 0 %, 35270 MiB, 35.84 W
2026/09/20 10:31:16.496, 1, 0 %, 0 %, 35270 MiB, 35.32 W
2026/09/20 10:31:16.496, 2, 26 %, 1 %, 35271 MiB, 36.87 W
2026/09/20 10:31:21.497, 0, 0 %, 0 %, 35270 MiB, 35.82 W
2026/09/20 10:31:21.497, 1, 0 %, 0 %, 35270 MiB, 35.42 W
2026/09/20 10:31:21.497, 2, 0 %, 0 %, 35271 MiB, 36.97 W
2026/09/20 10:31:26.499, 0, 0 %, 0 %, 35270 MiB, 35.92 W
2026/09/20 10:31:26.500, 1, 0 %, 0 %, 35270 MiB, 35.41 W
2026/09/20 10:31:26.500, 2, 50 %, 2 %, 35271 MiB, 38.14 W
2026/09/20 10:31:31.501, 0, 0 %, 0 %, 35270 MiB, 35.92 W
2026/09/20 10:31:31.502, 1, 0 %, 0 %, 35270 MiB, 35.50 W
2026/09/20 10:31:31.502, 2, 25 %, 1 %, 35271 MiB, 36.85 W
2026/09/20 10:31:36.503, 0, 0 %, 0 %, 35270 MiB, 35.92 W
2026/09/20 10:31:36.503, 1, 0 %, 0 %, 35270 MiB, 35.49 W
2026/09/20 10:31:36.504, 2, 25 %, 1 %, 35271 MiB, 37.14 W
2026/09/20 10:31:41.505, 0, 0 %, 0 %, 35270 MiB, 35.84 W
2026/09/20 10:31:41.505, 1, 0 %, 0 %, 35270 MiB, 35.62 W
2026/09/20 10:31:41.505, 2, 0 %, 0 %, 35271 MiB, 36.87 W
2026/09/20 10:31:46.506, 0, 0 %, 0 %, 35270 MiB, 36.01 W
2026/09/20 10:31:46.506, 1, 0 %, 0 %, 35270 MiB, 35.49 W
2026/09/20 10:31:46.506, 2, 18 %, 1 %, 35271 MiB, 36.85 W
2026/09/20 10:31:51.508, 0, 0 %, 0 %, 35270 MiB, 35.92 W
2026/09/20 10:31:51.508, 1, 0 %, 0 %, 35270 MiB, 35.49 W
2026/09/20 10:31:51.508, 2, 0 %, 0 %, 35271 MiB, 36.75 W
2026/09/20 10:31:56.510, 0, 0 %, 0 %, 35270 MiB, 35.92 W
2026/09/20 10:31:56.510, 1, 0 %, 0 %, 35270 MiB, 35.39 W
2026/09/20 10:31:56.510, 2, 6 %, 0 %, 35271 MiB, 37.73 W
2026/09/20 10:32:01.511, 0, 0 %, 0 %, 35270 MiB, 36.12 W
2026/09/20 10:32:01.511, 1, 0 %, 0 %, 35270 MiB, 35.42 W
2026/09/20 10:32:01.511, 2, 0 %, 0 %, 35271 MiB, 36.68 W
2026/09/20 10:32:06.513, 0, 0 %, 0 %, 35270 MiB, 36.01 W
2026/09/20 10:32:06.513, 1, 0 %, 0 %, 35270 MiB, 35.39 W
2026/09/20 10:32:06.513, 2, 25 %, 1 %, 35271 MiB, 36.75 W
2026/09/20 10:32:11.515, 0, 0 %, 0 %, 35270 MiB, 36.01 W
2026/09/20 10:32:11.515, 1, 0 %, 0 %, 35270 MiB, 35.29 W
2026/09/20 10:32:11.515, 2, 0 %, 0 %, 35271 MiB, 36.94 W
2026/09/20 10:32:16.516, 0, 0 %, 0 %, 35270 MiB, 35.93 W
2026/09/20 10:32:16.516, 1, 0 %, 0 %, 35270 MiB, 35.51 W
2026/09/20 10:32:16.516, 2, 0 %, 0 %, 35271 MiB, 36.76 W
2026/09/20 10:32:21.518, 0, 0 %, 0 %, 35270 MiB, 35.81 W
2026/09/20 10:32:21.519, 1, 0 %, 0 %, 35270 MiB, 35.40 W
2026/09/20 10:32:21.519, 2, 0 %, 0 %, 35271 MiB, 36.75 W
2026/09/20 10:32:26.520, 0, 0 %, 0 %, 35270 MiB, 35.83 W
2026/09/20 10:32:26.520, 1, 0 %, 0 %, 35270 MiB, 35.31 W
2026/09/20 10:32:26.521, 2, 0 %, 0 %, 35271 MiB, 36.77 W
2026/09/20 10:32:31.521, 0, 0 %, 0 %, 35270 MiB, 35.75 W
2026/09/20 10:32:31.521, 1, 0 %, 0 %, 35270 MiB, 35.33 W
2026/09/20 10:32:31.521, 2, 0 %, 0 %, 35271 MiB, 36.89 W
2026/09/20 10:32:36.522, 0, 0 %, 0 %, 35270 MiB, 35.81 W
2026/09/20 10:32:36.522, 1, 0 %, 0 %, 35270 MiB, 35.50 W
2026/09/20 10:32:36.522, 2, 0 %, 0 %, 35271 MiB, 36.94 W
2026/09/20 10:32:41.523, 0, 0 %, 0 %, 35270 MiB, 36.15 W
2026/09/20 10:32:41.524, 1, 0 %, 0 %, 35270 MiB, 35.53 W
2026/09/20 10:32:41.524, 2, 0 %, 0 %, 35271 MiB, 36.77 W
2026/09/20 10:32:46.524, 0, 0 %, 0 %, 35270 MiB, 36.01 W
2026/09/20 10:32:46.524, 1, 0 %, 0 %, 35270 MiB, 35.40 W
2026/09/20 10:32:46.524, 2, 0 %, 0 %, 35271 MiB, 36.86 W
2026/09/20 10:32:51.525, 0, 0 %, 0 %, 35270 MiB, 35.94 W
2026/09/20 10:32:51.525, 1, 0 %, 0 %, 35270 MiB, 35.50 W
2026/09/20 10:32:51.525, 2, 0 %, 0 %, 35271 MiB, 36.97 W
2026/09/20 10:32:56.527, 0, 0 %, 0 %, 35270 MiB, 35.82 W
2026/09/20 10:32:56.527, 1, 0 %, 0 %, 35270 MiB, 35.39 W
2026/09/20 10:32:56.527, 2, 0 %, 0 %, 35271 MiB, 36.64 W
2026/09/20 10:33:01.529, 0, 0 %, 0 %, 35270 MiB, 36.11 W
2026/09/20 10:33:01.529, 1, 0 %, 0 %, 35270 MiB, 35.31 W
2026/09/20 10:33:01.529, 2, 0 %, 0 %, 35271 MiB, 36.68 W
2026/09/20 10:33:06.531, 0, 0 %, 0 %, 35270 MiB, 36.02 W
2026/09/20 10:33:06.531, 1, 0 %, 0 %, 35270 MiB, 35.39 W
2026/09/20 10:33:06.531, 2, 0 %, 0 %, 35271 MiB, 36.65 W
2026/09/20 10:33:11.532, 0, 0 %, 0 %, 35270 MiB, 36.01 W
2026/09/20 10:33:11.532, 1, 0 %, 0 %, 35270 MiB, 35.51 W
2026/09/20 10:33:11.532, 2, 0 %, 0 %, 35271 MiB, 36.75 W
2026/09/20 10:33:16.534, 0, 0 %, 0 %, 35270 MiB, 35.94 W
2026/09/20 10:33:16.534, 1, 0 %, 0 %, 35270 MiB, 35.22 W
2026/09/20 10:33:16.534, 2, 0 %, 0 %, 35271 MiB, 36.77 W
2026/09/20 10:33:21.535, 0, 0 %, 0 %, 35270 MiB, 36.13 W
2026/09/20 10:33:21.536, 1, 0 %, 0 %, 35270 MiB, 35.30 W
2026/09/20 10:33:21.536, 2, 0 %, 0 %, 35271 MiB, 36.65 W
2026/09/20 10:33:26.536, 0, 0 %, 0 %, 35270 MiB, 35.85 W
2026/09/20 10:33:26.537, 1, 0 %, 0 %, 35270 MiB, 35.33 W
2026/09/20 10:33:26.537, 2, 0 %, 0 %, 35271 MiB, 36.78 W
2026/09/20 10:33:31.538, 0, 0 %, 0 %, 35270 MiB, 35.79 W
2026/09/20 10:33:31.538, 1, 0 %, 0 %, 35270 MiB, 35.58 W
2026/09/20 10:33:31.538, 2, 0 %, 0 %, 35271 MiB, 36.74 W
2026/09/20 10:33:36.539, 0, 0 %, 0 %, 35270 MiB, 35.74 W
2026/09/20 10:33:36.539, 1, 0 %, 0 %, 35270 MiB, 35.43 W
2026/09/20 10:33:36.540, 2, 0 %, 0 %, 35271 MiB, 36.78 W
2026/09/20 10:33:41.540, 0, 0 %, 0 %, 35270 MiB, 36.01 W
2026/09/20 10:33:41.540, 1, 0 %, 0 %, 35270 MiB, 35.40 W
2026/09/20 10:33:41.540, 2, 0 %, 0 %, 35271 MiB, 36.75 W
2026/09/20 10:33:46.545, 0, 0 %, 0 %, 35270 MiB, 35.81 W
2026/09/20 10:33:46.546, 1, 0 %, 0 %, 35270 MiB, 35.49 W
2026/09/20 10:33:46.546, 2, 0 %, 0 %, 35271 MiB, 37.04 W
2026/09/20 10:33:51.546, 0, 0 %, 0 %, 35270 MiB, 35.83 W
2026/09/20 10:33:51.546, 1, 0 %, 0 %, 35270 MiB, 35.42 W
2026/09/20 10:33:51.546, 2, 0 %, 0 %, 35271 MiB, 36.77 W
2026/09/20 10:33:56.548, 0, 0 %, 0 %, 35270 MiB, 35.92 W
2026/09/20 10:33:56.548, 1, 0 %, 0 %, 35270 MiB, 35.49 W
2026/09/20 10:33:56.548, 2, 0 %, 0 %, 35271 MiB, 36.85 W
2026/09/20 10:34:01.550, 0, 0 %, 0 %, 35270 MiB, 36.11 W
2026/09/20 10:34:01.550, 1, 0 %, 0 %, 35270 MiB, 35.49 W
2026/09/20 10:34:01.550, 2, 0 %, 0 %, 35271 MiB, 36.85 W
2026/09/20 10:34:06.551, 0, 0 %, 0 %, 35270 MiB, 35.92 W
2026/09/20 10:34:06.551, 1, 0 %, 0 %, 35270 MiB, 35.51 W
2026/09/20 10:34:06.551, 2, 0 %, 0 %, 35271 MiB, 36.68 W
2026/09/20 10:34:11.553, 0, 0 %, 0 %, 35270 MiB, 35.81 W
2026/09/20 10:34:11.553, 1, 0 %, 0 %, 35270 MiB, 35.38 W
2026/09/20 10:34:11.553, 2, 0 %, 0 %, 35271 MiB, 36.74 W
2026/09/20 10:34:16.555, 0, 0 %, 0 %, 35270 MiB, 35.92 W
2026/09/20 10:34:16.555, 1, 0 %, 0 %, 35270 MiB, 35.39 W
2026/09/20 10:34:16.556, 2, 0 %, 0 %, 35271 MiB, 36.65 W
2026/09/20 10:34:21.557, 0, 0 %, 0 %, 35270 MiB, 36.12 W
2026/09/20 10:34:21.557, 1, 0 %, 0 %, 35270 MiB, 35.40 W
2026/09/20 10:34:21.557, 2, 0 %, 0 %, 35271 MiB, 36.65 W
2026/09/20 10:34:26.559, 0, 0 %, 0 %, 35270 MiB, 35.92 W
2026/09/20 10:34:26.559, 1, 0 %, 0 %, 35270 MiB, 35.48 W
2026/09/20 10:34:26.560, 2, 0 %, 0 %, 35271 MiB, 36.94 W
2026/09/20 10:34:31.560, 0, 0 %, 0 %, 35270 MiB, 35.82 W
2026/09/20 10:34:31.560, 1, 0 %, 0 %, 35270 MiB, 35.39 W
2026/09/20 10:34:31.560, 2, 0 %, 0 %, 35271 MiB, 36.75 W
2026/09/20 10:34:36.562, 0, 0 %, 0 %, 35270 MiB, 35.73 W
2026/09/20 10:34:36.562, 1, 0 %, 0 %, 35270 MiB, 35.42 W
2026/09/20 10:34:36.562, 2, 0 %, 0 %, 35271 MiB, 36.68 W
2026/09/20 10:34:41.563, 0, 0 %, 0 %, 35270 MiB, 35.91 W
2026/09/20 10:34:41.564, 1, 0 %, 0 %, 35270 MiB, 35.29 W
2026/09/20 10:34:41.564, 2, 0 %, 0 %, 35271 MiB, 36.74 W
2026/09/20 10:34:46.564, 0, 0 %, 0 %, 35270 MiB, 35.94 W
2026/09/20 10:34:46.565, 1, 0 %, 0 %, 35270 MiB, 35.53 W
2026/09/20 10:34:46.565, 2, 0 %, 0 %, 35271 MiB, 36.97 W
2026/09/20 10:34:51.565, 0, 0 %, 0 %, 35270 MiB, 35.82 W
2026/09/20 10:34:51.565, 1, 0 %, 0 %, 35270 MiB, 35.38 W
2026/09/20 10:34:51.565, 2, 0 %, 0 %, 35271 MiB, 36.75 W
2026/09/20 10:34:56.566, 0, 0 %, 0 %, 35270 MiB, 36.04 W
2026/09/20 10:34:56.566, 1, 0 %, 0 %, 35270 MiB, 35.33 W
2026/09/20 10:34:56.566, 2, 0 %, 0 %, 35271 MiB, 36.87 W
2026/09/20 10:35:01.568, 0, 0 %, 0 %, 35270 MiB, 35.92 W
2026/09/20 10:35:01.568, 1, 0 %, 0 %, 35270 MiB, 35.50 W
2026/09/20 10:35:01.569, 2, 0 %, 0 %, 35271 MiB, 36.76 W
2026/09/20 10:35:06.569, 0, 0 %, 0 %, 35270 MiB, 35.84 W
2026/09/20 10:35:06.569, 1, 0 %, 0 %, 35270 MiB, 35.60 W
2026/09/20 10:35:06.569, 2, 0 %, 0 %, 35271 MiB, 36.85 W
2026/09/20 10:35:11.571, 0, 0 %, 0 %, 35270 MiB, 35.94 W
2026/09/20 10:35:11.571, 1, 0 %, 0 %, 35270 MiB, 35.51 W
2026/09/20 10:35:11.571, 2, 0 %, 0 %, 35271 MiB, 36.68 W
2026/09/20 10:35:16.572, 0, 0 %, 0 %, 35270 MiB, 36.22 W
2026/09/20 10:35:16.572, 1, 0 %, 0 %, 35270 MiB, 35.32 W
2026/09/20 10:35:16.573, 2, 0 %, 0 %, 35271 MiB, 36.68 W
2026/09/20 10:35:21.584, 0, 7 %, 0 %, 35270 MiB, 36.01 W
2026/09/20 10:35:21.584, 1, 0 %, 0 %, 35270 MiB, 35.29 W
2026/09/20 10:35:21.584, 2, 0 %, 0 %, 35271 MiB, 36.64 W
2026/09/20 10:35:26.585, 0, 0 %, 0 %, 35270 MiB, 36.01 W
2026/09/20 10:35:26.585, 1, 0 %, 0 %, 35270 MiB, 35.49 W
2026/09/20 10:35:26.585, 2, 0 %, 0 %, 35271 MiB, 36.85 W
2026/09/20 10:35:31.587, 0, 10 %, 0 %, 35270 MiB, 44.58 W
2026/09/20 10:35:31.587, 1, 0 %, 0 %, 35270 MiB, 35.31 W
2026/09/20 10:35:31.587, 2, 0 %, 0 %, 35271 MiB, 36.75 W
2026/09/20 10:35:36.588, 0, 0 %, 0 %, 35270 MiB, 36.11 W
2026/09/20 10:35:36.588, 1, 0 %, 0 %, 35270 MiB, 35.39 W
2026/09/20 10:35:36.589, 2, 0 %, 0 %, 35271 MiB, 36.75 W
2026/09/20 10:35:41.590, 0, 0 %, 0 %, 35270 MiB, 35.86 W
2026/09/20 10:35:41.590, 1, 0 %, 0 %, 35270 MiB, 35.53 W
2026/09/20 10:35:41.590, 2, 0 %, 0 %, 35271 MiB, 36.77 W
2026/09/20 10:35:46.592, 0, 0 %, 0 %, 35270 MiB, 35.82 W
2026/09/20 10:35:46.592, 1, 0 %, 0 %, 35270 MiB, 35.30 W
2026/09/20 10:35:46.592, 2, 0 %, 0 %, 35271 MiB, 36.85 W
2026/09/20 10:35:51.594, 0, 0 %, 0 %, 35270 MiB, 36.03 W
2026/09/20 10:35:51.594, 1, 0 %, 0 %, 35270 MiB, 35.42 W
2026/09/20 10:35:51.594, 2, 0 %, 0 %, 35271 MiB, 36.77 W
2026/09/20 10:35:56.599, 0, 0 %, 0 %, 35270 MiB, 35.94 W
2026/09/20 10:35:56.599, 1, 0 %, 0 %, 35270 MiB, 35.40 W
2026/09/20 10:35:56.599, 2, 0 %, 0 %, 35271 MiB, 36.86 W
2026/09/20 10:36:01.601, 0, 5 %, 0 %, 35270 MiB, 39.57 W
2026/09/20 10:36:01.601, 1, 0 %, 0 %, 35270 MiB, 35.50 W
2026/09/20 10:36:01.601, 2, 0 %, 0 %, 35271 MiB, 36.75 W
2026/09/20 10:36:06.603, 0, 0 %, 0 %, 35270 MiB, 35.92 W
2026/09/20 10:36:06.603, 1, 0 %, 0 %, 35270 MiB, 35.48 W
2026/09/20 10:36:06.603, 2, 0 %, 0 %, 35271 MiB, 36.85 W
2026/09/20 10:36:11.605, 0, 5 %, 0 %, 35270 MiB, 36.21 W
2026/09/20 10:36:11.606, 1, 0 %, 0 %, 35270 MiB, 35.49 W
2026/09/20 10:36:11.606, 2, 0 %, 0 %, 35271 MiB, 36.94 W
2026/09/20 10:36:16.606, 0, 0 %, 0 %, 35270 MiB, 36.01 W
2026/09/20 10:36:16.607, 1, 0 %, 0 %, 35270 MiB, 35.48 W
2026/09/20 10:36:16.607, 2, 0 %, 0 %, 35271 MiB, 36.65 W
2026/09/20 10:36:21.607, 0, 10 %, 0 %, 35270 MiB, 35.92 W
2026/09/20 10:36:21.608, 1, 0 %, 0 %, 35270 MiB, 35.38 W
2026/09/20 10:36:21.608, 2, 0 %, 0 %, 35271 MiB, 36.75 W
2026/09/20 10:36:26.609, 0, 15 %, 1 %, 35270 MiB, 36.30 W
2026/09/20 10:36:26.609, 1, 0 %, 0 %, 35270 MiB, 35.39 W
2026/09/20 10:36:26.609, 2, 0 %, 0 %, 35271 MiB, 36.75 W
2026/09/20 10:36:31.611, 0, 0 %, 0 %, 35270 MiB, 36.11 W
2026/09/20 10:36:31.612, 1, 0 %, 0 %, 35270 MiB, 35.39 W
2026/09/20 10:36:31.612, 2, 0 %, 0 %, 35271 MiB, 36.65 W
2026/09/20 10:36:36.613, 0, 0 %, 0 %, 35270 MiB, 36.11 W
2026/09/20 10:36:36.613, 1, 0 %, 0 %, 35270 MiB, 35.50 W
2026/09/20 10:36:36.614, 2, 0 %, 0 %, 35271 MiB, 36.75 W
2026/09/20 10:36:41.615, 0, 14 %, 0 %, 35270 MiB, 36.13 W
2026/09/20 10:36:41.615, 1, 0 %, 0 %, 35270 MiB, 35.41 W
2026/09/20 10:36:41.615, 2, 0 %, 0 %, 35271 MiB, 36.68 W
2026/09/20 10:36:46.616, 0, 0 %, 0 %, 35270 MiB, 36.13 W
2026/09/20 10:36:46.616, 1, 0 %, 0 %, 35270 MiB, 35.42 W
2026/09/20 10:36:46.617, 2, 0 %, 0 %, 35271 MiB, 36.77 W
2026/09/20 10:36:51.618, 0, 0 %, 0 %, 35270 MiB, 35.92 W
2026/09/20 10:36:51.618, 1, 0 %, 0 %, 35270 MiB, 35.41 W
2026/09/20 10:36:51.618, 2, 0 %, 0 %, 35271 MiB, 36.75 W
2026/09/20 10:36:56.620, 0, 17 %, 1 %, 35270 MiB, 35.92 W
2026/09/20 10:36:56.620, 1, 0 %, 0 %, 35270 MiB, 35.49 W
2026/09/20 10:36:56.620, 2, 0 %, 0 %, 35271 MiB, 36.75 W
2026/09/20 10:37:01.622, 0, 0 %, 0 %, 35270 MiB, 35.92 W
2026/09/20 10:37:01.622, 1, 5 %, 0 %, 35270 MiB, 35.59 W
2026/09/20 10:37:01.622, 2, 0 %, 0 %, 35271 MiB, 36.94 W
2026/09/20 10:37:06.625, 0, 0 %, 0 %, 35270 MiB, 37.78 W
2026/09/20 10:37:06.625, 1, 15 %, 1 %, 35270 MiB, 35.49 W
2026/09/20 10:37:06.625, 2, 0 %, 0 %, 35271 MiB, 36.85 W
2026/09/20 10:37:11.627, 0, 0 %, 0 %, 35270 MiB, 35.92 W
2026/09/20 10:37:11.627, 1, 0 %, 0 %, 35270 MiB, 35.68 W
2026/09/20 10:37:11.628, 2, 0 %, 0 %, 35271 MiB, 36.85 W
2026/09/20 10:37:16.636, 0, 5 %, 0 %, 35270 MiB, 35.94 W
2026/09/20 10:37:16.637, 1, 0 %, 0 %, 35270 MiB, 35.60 W
2026/09/20 10:37:16.637, 2, 0 %, 0 %, 35271 MiB, 36.87 W
2026/09/20 10:37:21.640, 0, 0 %, 0 %, 35270 MiB, 35.92 W
2026/09/20 10:37:21.640, 1, 0 %, 0 %, 35270 MiB, 40.02 W
2026/09/20 10:37:21.640, 2, 0 %, 0 %, 35271 MiB, 36.94 W
2026/09/20 10:37:26.642, 0, 0 %, 0 %, 35270 MiB, 36.01 W
2026/09/20 10:37:26.642, 1, 0 %, 0 %, 35270 MiB, 35.78 W
2026/09/20 10:37:26.642, 2, 0 %, 0 %, 35271 MiB, 36.65 W
2026/09/20 10:37:31.644, 0, 0 %, 0 %, 35270 MiB, 35.92 W
2026/09/20 10:37:31.644, 1, 0 %, 0 %, 35270 MiB, 39.53 W
2026/09/20 10:37:31.644, 2, 0 %, 0 %, 35271 MiB, 36.66 W
2026/09/20 10:37:36.646, 0, 0 %, 0 %, 35270 MiB, 36.03 W
2026/09/20 10:37:36.646, 1, 0 %, 0 %, 35270 MiB, 35.42 W
2026/09/20 10:37:36.646, 2, 0 %, 0 %, 35271 MiB, 36.68 W
2026/09/20 10:37:41.648, 0, 0 %, 0 %, 35270 MiB, 36.01 W
2026/09/20 10:37:41.648, 1, 0 %, 0 %, 35270 MiB, 35.30 W
2026/09/20 10:37:41.648, 2, 0 %, 0 %, 35271 MiB, 36.85 W
2026/09/20 10:37:46.649, 0, 0 %, 0 %, 35270 MiB, 36.13 W
2026/09/20 10:37:46.649, 1, 0 %, 0 %, 35270 MiB, 35.51 W
2026/09/20 10:37:46.649, 2, 0 %, 0 %, 35271 MiB, 36.77 W
2026/09/20 10:37:51.650, 0, 0 %, 0 %, 35270 MiB, 35.92 W
2026/09/20 10:37:51.650, 1, 0 %, 0 %, 35270 MiB, 35.50 W
2026/09/20 10:37:51.651, 2, 0 %, 0 %, 35271 MiB, 36.75 W
2026/09/20 10:37:56.652, 0, 0 %, 0 %, 35270 MiB, 35.82 W
2026/09/20 10:37:56.652, 1, 5 %, 0 %, 35270 MiB, 36.08 W
2026/09/20 10:37:56.652, 2, 0 %, 0 %, 35271 MiB, 36.85 W
2026/09/20 10:38:01.654, 0, 0 %, 0 %, 35270 MiB, 35.81 W
2026/09/20 10:38:01.654, 1, 0 %, 0 %, 35270 MiB, 35.49 W
2026/09/20 10:38:01.654, 2, 0 %, 0 %, 35271 MiB, 38.91 W
2026/09/20 10:38:06.656, 0, 0 %, 0 %, 35270 MiB, 35.92 W
2026/09/20 10:38:06.656, 1, 0 %, 0 %, 35270 MiB, 35.51 W
2026/09/20 10:38:06.656, 2, 0 %, 0 %, 35271 MiB, 36.77 W
2026/09/20 10:38:11.658, 0, 0 %, 0 %, 35270 MiB, 35.92 W
2026/09/20 10:38:11.658, 1, 0 %, 0 %, 35270 MiB, 35.49 W
2026/09/20 10:38:11.658, 2, 0 %, 0 %, 35271 MiB, 36.85 W
2026/09/20 10:38:16.659, 0, 0 %, 0 %, 35270 MiB, 35.84 W
2026/09/20 10:38:16.660, 1, 0 %, 0 %, 35270 MiB, 35.51 W
2026/09/20 10:38:16.660, 2, 0 %, 0 %, 35271 MiB, 36.95 W
2026/09/20 10:38:21.661, 0, 0 %, 0 %, 35270 MiB, 36.11 W
2026/09/20 10:38:21.661, 1, 24 %, 1 %, 35270 MiB, 35.68 W
2026/09/20 10:38:21.662, 2, 0 %, 0 %, 35271 MiB, 37.03 W
2026/09/20 10:38:26.662, 0, 0 %, 0 %, 35270 MiB, 36.02 W
2026/09/20 10:38:26.662, 1, 0 %, 0 %, 35270 MiB, 35.51 W
2026/09/20 10:38:26.662, 2, 0 %, 0 %, 35271 MiB, 36.87 W
2026/09/20 10:38:31.664, 0, 0 %, 0 %, 35270 MiB, 35.82 W
2026/09/20 10:38:31.664, 1, 0 %, 0 %, 35270 MiB, 35.49 W
2026/09/20 10:38:31.664, 2, 25 %, 1 %, 35271 MiB, 36.75 W
2026/09/20 10:38:36.665, 0, 0 %, 0 %, 35270 MiB, 36.02 W
2026/09/20 10:38:36.665, 1, 0 %, 0 %, 35270 MiB, 35.20 W
2026/09/20 10:38:36.665, 2, 55 %, 2 %, 35271 MiB, 40.01 W
2026/09/20 10:38:41.667, 0, 0 %, 0 %, 35270 MiB, 36.21 W
2026/09/20 10:38:41.667, 1, 0 %, 0 %, 35270 MiB, 35.49 W
2026/09/20 10:38:41.667, 2, 0 %, 0 %, 35271 MiB, 40.11 W
2026/09/20 10:38:46.669, 0, 0 %, 0 %, 35270 MiB, 36.01 W
2026/09/20 10:38:46.669, 1, 0 %, 0 %, 35270 MiB, 35.40 W
2026/09/20 10:38:46.669, 2, 0 %, 0 %, 35271 MiB, 39.91 W
2026/09/20 10:38:51.670, 0, 0 %, 0 %, 35270 MiB, 36.04 W
2026/09/20 10:38:51.670, 1, 0 %, 0 %, 35270 MiB, 35.32 W
2026/09/20 10:38:51.671, 2, 0 %, 0 %, 35271 MiB, 41.51 W
2026/09/20 10:38:56.671, 0, 0 %, 0 %, 35270 MiB, 35.92 W
2026/09/20 10:38:56.671, 1, 0 %, 0 %, 35270 MiB, 35.39 W
2026/09/20 10:38:56.671, 2, 25 %, 1 %, 35271 MiB, 36.75 W
2026/09/20 10:39:01.673, 0, 0 %, 0 %, 35270 MiB, 36.02 W
2026/09/20 10:39:01.673, 1, 0 %, 0 %, 35270 MiB, 35.40 W
2026/09/20 10:39:01.674, 2, 23 %, 1 %, 35271 MiB, 36.75 W
2026/09/20 10:39:06.674, 0, 0 %, 0 %, 35270 MiB, 35.92 W
2026/09/20 10:39:06.674, 1, 0 %, 0 %, 35270 MiB, 35.39 W
2026/09/20 10:39:06.675, 2, 0 %, 0 %, 35271 MiB, 36.75 W
2026/09/20 10:39:11.676, 0, 0 %, 0 %, 35270 MiB, 35.71 W
2026/09/20 10:39:11.676, 1, 0 %, 0 %, 35270 MiB, 35.30 W
2026/09/20 10:39:11.676, 2, 25 %, 1 %, 35271 MiB, 36.95 W
2026/09/20 10:39:16.678, 0, 0 %, 0 %, 35270 MiB, 35.84 W
2026/09/20 10:39:16.678, 1, 0 %, 0 %, 35270 MiB, 35.70 W
2026/09/20 10:39:16.678, 2, 25 %, 1 %, 35271 MiB, 36.87 W
2026/09/20 10:39:21.679, 0, 0 %, 0 %, 35270 MiB, 35.84 W
2026/09/20 10:39:21.679, 1, 0 %, 0 %, 35270 MiB, 35.52 W
2026/09/20 10:39:21.679, 2, 5 %, 0 %, 35271 MiB, 44.69 W
2026/09/20 10:39:26.681, 0, 0 %, 0 %, 35270 MiB, 35.92 W
2026/09/20 10:39:26.681, 1, 0 %, 0 %, 35270 MiB, 35.40 W
2026/09/20 10:39:26.681, 2, 25 %, 1 %, 35271 MiB, 36.94 W
2026/09/20 10:39:31.687, 0, 0 %, 0 %, 35270 MiB, 35.92 W
2026/09/20 10:39:31.687, 1, 0 %, 0 %, 35270 MiB, 35.50 W
2026/09/20 10:39:31.687, 2, 5 %, 0 %, 35271 MiB, 38.13 W
2026/09/20 10:39:36.689, 0, 0 %, 0 %, 35270 MiB, 35.84 W
2026/09/20 10:39:36.689, 1, 0 %, 0 %, 35270 MiB, 35.53 W
2026/09/20 10:39:36.689, 2, 0 %, 0 %, 35271 MiB, 36.87 W
2026/09/20 10:39:41.691, 0, 0 %, 0 %, 35270 MiB, 36.02 W
2026/09/20 10:39:41.691, 1, 0 %, 0 %, 35270 MiB, 35.40 W
2026/09/20 10:39:41.691, 2, 0 %, 0 %, 35271 MiB, 36.54 W
2026/09/20 10:39:46.692, 0, 0 %, 0 %, 35270 MiB, 35.93 W
2026/09/20 10:39:46.692, 1, 0 %, 0 %, 35270 MiB, 35.30 W
2026/09/20 10:39:46.692, 2, 0 %, 0 %, 35271 MiB, 36.94 W
2026/09/20 10:39:51.693, 0, 0 %, 0 %, 35270 MiB, 35.92 W
2026/09/20 10:39:51.693, 1, 0 %, 0 %, 35270 MiB, 35.29 W
2026/09/20 10:39:51.693, 2, 0 %, 0 %, 35271 MiB, 36.75 W
2026/09/20 10:39:56.695, 0, 0 %, 0 %, 35270 MiB, 35.92 W
2026/09/20 10:39:56.695, 1, 0 %, 0 %, 35270 MiB, 35.40 W
2026/09/20 10:39:56.695, 2, 0 %, 0 %, 35271 MiB, 36.75 W
2026/09/20 10:40:01.697, 0, 0 %, 0 %, 35270 MiB, 36.02 W
2026/09/20 10:40:01.697, 1, 0 %, 0 %, 35270 MiB, 35.21 W
2026/09/20 10:40:01.697, 2, 0 %, 0 %, 35271 MiB, 36.65 W
2026/09/20 10:40:06.699, 0, 0 %, 0 %, 35270 MiB, 35.92 W
2026/09/20 10:40:06.699, 1, 0 %, 0 %, 35270 MiB, 35.39 W
2026/09/20 10:40:06.699, 2, 0 %, 0 %, 35271 MiB, 36.94 W
2026/09/20 10:40:11.700, 0, 0 %, 0 %, 35270 MiB, 35.83 W
2026/09/20 10:40:11.700, 1, 0 %, 0 %, 35270 MiB, 35.50 W
2026/09/20 10:40:11.700, 2, 0 %, 0 %, 35271 MiB, 36.76 W
2026/09/20 10:40:16.701, 0, 0 %, 0 %, 35270 MiB, 35.83 W
2026/09/20 10:40:16.701, 1, 0 %, 0 %, 35270 MiB, 35.41 W
2026/09/20 10:40:16.701, 2, 0 %, 0 %, 35271 MiB, 36.76 W
2026/09/20 10:40:21.702, 0, 0 %, 0 %, 35270 MiB, 35.92 W
2026/09/20 10:40:21.702, 1, 0 %, 0 %, 35270 MiB, 35.49 W
2026/09/20 10:40:21.702, 2, 0 %, 0 %, 35271 MiB, 36.85 W
2026/09/20 10:40:26.704, 0, 0 %, 0 %, 35270 MiB, 35.81 W
2026/09/20 10:40:26.704, 1, 0 %, 0 %, 35270 MiB, 35.39 W
2026/09/20 10:40:26.704, 2, 0 %, 0 %, 35271 MiB, 36.94 W
2026/09/20 10:40:31.706, 0, 0 %, 0 %, 35270 MiB, 35.92 W
2026/09/20 10:40:31.706, 1, 0 %, 0 %, 35270 MiB, 35.50 W
2026/09/20 10:40:31.706, 2, 0 %, 0 %, 35271 MiB, 36.85 W
2026/09/20 10:40:36.708, 0, 0 %, 0 %, 35270 MiB, 35.82 W
2026/09/20 10:40:36.708, 1, 0 %, 0 %, 35270 MiB, 35.48 W
2026/09/20 10:40:36.708, 2, 0 %, 0 %, 35271 MiB, 36.83 W
2026/09/20 10:40:41.710, 0, 0 %, 0 %, 35270 MiB, 35.92 W
2026/09/20 10:40:41.710, 1, 0 %, 0 %, 35270 MiB, 35.40 W
2026/09/20 10:40:41.710, 2, 0 %, 0 %, 35271 MiB, 36.85 W
2026/09/20 10:40:46.714, 0, 0 %, 0 %, 35270 MiB, 35.92 W
2026/09/20 10:40:46.715, 1, 0 %, 0 %, 35270 MiB, 35.40 W
2026/09/20 10:40:46.715, 2, 0 %, 0 %, 35271 MiB, 36.85 W
2026/09/20 10:40:51.716, 0, 0 %, 0 %, 35270 MiB, 35.83 W
2026/09/20 10:40:51.716, 1, 0 %, 0 %, 35270 MiB, 35.40 W
2026/09/20 10:40:51.716, 2, 0 %, 0 %, 35271 MiB, 36.76 W
2026/09/20 10:40:56.718, 0, 0 %, 0 %, 35270 MiB, 35.92 W
2026/09/20 10:40:56.718, 1, 0 %, 0 %, 35270 MiB, 35.30 W
2026/09/20 10:40:56.718, 2, 0 %, 0 %, 35271 MiB, 36.75 W
2026/09/20 10:41:01.719, 0, 0 %, 0 %, 35270 MiB, 35.92 W
2026/09/20 10:41:01.719, 1, 0 %, 0 %, 35270 MiB, 35.20 W
2026/09/20 10:41:01.719, 2, 0 %, 0 %, 35271 MiB, 36.75 W
2026/09/20 10:41:06.721, 0, 0 %, 0 %, 35270 MiB, 36.01 W
2026/09/20 10:41:06.721, 1, 0 %, 0 %, 35270 MiB, 35.39 W
2026/09/20 10:41:06.721, 2, 0 %, 0 %, 35271 MiB, 36.75 W
2026/09/20 10:41:11.723, 0, 0 %, 0 %, 35270 MiB, 36.00 W
2026/09/20 10:41:11.723, 1, 0 %, 0 %, 35270 MiB, 35.39 W
2026/09/20 10:41:11.723, 2, 0 %, 0 %, 35271 MiB, 36.75 W
2026/09/20 10:41:16.725, 0, 0 %, 0 %, 35270 MiB, 35.82 W
2026/09/20 10:41:16.725, 1, 0 %, 0 %, 35270 MiB, 35.40 W
2026/09/20 10:41:16.725, 2, 0 %, 0 %, 35271 MiB, 36.65 W
2026/09/20 10:41:21.727, 0, 0 %, 0 %, 35270 MiB, 35.92 W
2026/09/20 10:41:21.727, 1, 0 %, 0 %, 35270 MiB, 35.31 W
2026/09/20 10:41:21.727, 2, 0 %, 0 %, 35271 MiB, 36.75 W
2026/09/20 10:41:26.728, 0, 0 %, 0 %, 35270 MiB, 35.83 W
2026/09/20 10:41:26.728, 1, 0 %, 0 %, 35270 MiB, 35.49 W
2026/09/20 10:41:26.728, 2, 0 %, 0 %, 35271 MiB, 36.75 W
2026/09/20 10:41:31.730, 0, 0 %, 0 %, 35270 MiB, 35.71 W
2026/09/20 10:41:31.730, 1, 0 %, 0 %, 35270 MiB, 35.50 W
2026/09/20 10:41:31.730, 2, 0 %, 0 %, 35271 MiB, 36.85 W
2026/09/20 10:41:36.732, 0, 0 %, 0 %, 35270 MiB, 36.04 W
2026/09/20 10:41:36.732, 1, 0 %, 0 %, 35270 MiB, 35.41 W
2026/09/20 10:41:36.732, 2, 0 %, 0 %, 35271 MiB, 36.86 W
2026/09/20 10:41:41.734, 0, 0 %, 0 %, 35270 MiB, 35.82 W
2026/09/20 10:41:41.734, 1, 0 %, 0 %, 35270 MiB, 35.50 W
2026/09/20 10:41:41.734, 2, 0 %, 0 %, 35271 MiB, 37.14 W
2026/09/20 10:41:46.735, 0, 0 %, 0 %, 35270 MiB, 35.84 W
2026/09/20 10:41:46.735, 1, 0 %, 0 %, 35270 MiB, 35.60 W
2026/09/20 10:41:46.735, 2, 0 %, 0 %, 35271 MiB, 36.87 W
2026/09/20 10:41:51.736, 0, 0 %, 0 %, 35270 MiB, 35.92 W
2026/09/20 10:41:51.736, 1, 0 %, 0 %, 35270 MiB, 35.51 W
2026/09/20 10:41:51.736, 2, 0 %, 0 %, 35271 MiB, 36.67 W
2026/09/20 10:41:56.738, 0, 0 %, 0 %, 35270 MiB, 36.13 W
2026/09/20 10:41:56.738, 1, 0 %, 0 %, 35270 MiB, 35.32 W
2026/09/20 10:41:56.738, 2, 0 %, 0 %, 35271 MiB, 36.77 W
2026/09/20 10:42:01.739, 0, 0 %, 0 %, 35270 MiB, 35.92 W
2026/09/20 10:42:01.739, 1, 0 %, 0 %, 35270 MiB, 35.31 W
2026/09/20 10:42:01.739, 2, 0 %, 0 %, 35271 MiB, 36.94 W
2026/09/20 10:42:06.741, 0, 0 %, 0 %, 35270 MiB, 35.94 W
2026/09/20 10:42:06.741, 1, 0 %, 0 %, 35270 MiB, 35.22 W
2026/09/20 10:42:06.741, 2, 0 %, 0 %, 35271 MiB, 36.77 W
2026/09/20 10:42:11.743, 0, 0 %, 0 %, 35270 MiB, 35.95 W
2026/09/20 10:42:11.743, 1, 0 %, 0 %, 35270 MiB, 35.23 W
2026/09/20 10:42:11.743, 2, 0 %, 0 %, 35271 MiB, 36.77 W
2026/09/20 10:42:16.743, 0, 0 %, 0 %, 35270 MiB, 36.13 W
2026/09/20 10:42:16.744, 1, 0 %, 0 %, 35270 MiB, 35.21 W
2026/09/20 10:42:16.744, 2, 0 %, 0 %, 35271 MiB, 36.67 W
2026/09/20 10:42:21.744, 0, 0 %, 0 %, 35270 MiB, 35.85 W
2026/09/20 10:42:21.745, 1, 0 %, 0 %, 35270 MiB, 35.43 W
2026/09/20 10:42:21.745, 2, 0 %, 0 %, 35271 MiB, 36.87 W
2026/09/20 10:42:26.746, 0, 0 %, 0 %, 35270 MiB, 35.85 W
2026/09/20 10:42:26.746, 1, 0 %, 0 %, 35270 MiB, 35.33 W
2026/09/20 10:42:26.746, 2, 0 %, 0 %, 35271 MiB, 36.78 W
2026/09/20 10:42:31.747, 0, 100 %, 6 %, 35270 MiB, 90.39 W
2026/09/20 10:42:31.748, 1, 100 %, 6 %, 35270 MiB, 90.78 W
2026/09/20 10:42:31.748, 2, 100 %, 6 %, 35271 MiB, 94.35 W
2026/09/20 10:42:36.748, 0, 100 %, 6 %, 35270 MiB, 87.02 W
2026/09/20 10:42:36.748, 1, 100 %, 6 %, 35270 MiB, 89.06 W
2026/09/20 10:42:36.748, 2, 100 %, 6 %, 35271 MiB, 94.56 W
2026/09/20 10:42:41.749, 0, 100 %, 6 %, 35270 MiB, 89.00 W
2026/09/20 10:42:41.749, 1, 100 %, 6 %, 35270 MiB, 91.66 W
2026/09/20 10:42:41.749, 2, 100 %, 6 %, 35271 MiB, 88.92 W
2026/09/20 10:42:46.750, 0, 100 %, 6 %, 35270 MiB, 87.19 W
2026/09/20 10:42:46.750, 1, 100 %, 6 %, 35270 MiB, 91.39 W
2026/09/20 10:42:46.750, 2, 100 %, 7 %, 35271 MiB, 116.46 W
2026/09/20 10:42:51.750, 0, 100 %, 6 %, 35270 MiB, 86.59 W
2026/09/20 10:42:51.751, 1, 100 %, 6 %, 35270 MiB, 91.42 W
2026/09/20 10:42:51.751, 2, 100 %, 7 %, 35271 MiB, 87.53 W
2026/09/20 10:42:56.751, 0, 100 %, 10 %, 35270 MiB, 91.49 W
2026/09/20 10:42:56.751, 1, 100 %, 10 %, 35270 MiB, 90.02 W
2026/09/20 10:42:56.751, 2, 100 %, 6 %, 35271 MiB, 88.47 W
2026/09/20 10:43:01.752, 0, 100 %, 7 %, 35270 MiB, 89.93 W
2026/09/20 10:43:01.752, 1, 100 %, 6 %, 35270 MiB, 87.18 W
2026/09/20 10:43:01.752, 2, 100 %, 6 %, 35271 MiB, 91.04 W
2026/09/20 10:43:06.753, 0, 100 %, 6 %, 35270 MiB, 86.31 W
2026/09/20 10:43:06.753, 1, 100 %, 6 %, 35270 MiB, 88.23 W
2026/09/20 10:43:06.753, 2, 100 %, 7 %, 35271 MiB, 91.32 W
2026/09/20 10:43:11.753, 0, 100 %, 7 %, 35270 MiB, 94.54 W
2026/09/20 10:43:11.754, 1, 100 %, 7 %, 35270 MiB, 91.20 W
2026/09/20 10:43:11.754, 2, 100 %, 6 %, 35271 MiB, 163.32 W
2026/09/20 10:43:16.754, 0, 100 %, 6 %, 35270 MiB, 91.28 W
2026/09/20 10:43:16.754, 1, 100 %, 6 %, 35270 MiB, 92.79 W
2026/09/20 10:43:16.754, 2, 100 %, 6 %, 35271 MiB, 89.63 W
2026/09/20 10:43:21.755, 0, 100 %, 6 %, 35270 MiB, 92.10 W
2026/09/20 10:43:21.755, 1, 100 %, 6 %, 35270 MiB, 91.81 W
2026/09/20 10:43:21.755, 2, 100 %, 6 %, 35271 MiB, 89.90 W
2026/09/20 10:43:26.756, 0, 100 %, 6 %, 35270 MiB, 96.99 W
2026/09/20 10:43:26.756, 1, 98 %, 11 %, 35270 MiB, 115.66 W
2026/09/20 10:43:26.756, 2, 100 %, 6 %, 35271 MiB, 88.97 W
2026/09/20 10:43:31.756, 0, 99 %, 6 %, 35270 MiB, 91.60 W
2026/09/20 10:43:31.756, 1, 100 %, 6 %, 35270 MiB, 91.13 W
2026/09/20 10:43:31.756, 2, 100 %, 6 %, 35271 MiB, 92.37 W
2026/09/20 10:43:36.757, 0, 100 %, 7 %, 35270 MiB, 94.05 W
2026/09/20 10:43:36.757, 1, 100 %, 6 %, 35270 MiB, 92.29 W
2026/09/20 10:43:36.757, 2, 100 %, 7 %, 35271 MiB, 94.31 W
2026/09/20 10:43:41.757, 0, 100 %, 6 %, 35270 MiB, 132.60 W
2026/09/20 10:43:41.758, 1, 100 %, 7 %, 35270 MiB, 89.24 W
2026/09/20 10:43:41.758, 2, 100 %, 6 %, 35271 MiB, 91.53 W
2026/09/20 10:43:46.758, 0, 100 %, 6 %, 35270 MiB, 87.94 W
2026/09/20 10:43:46.758, 1, 100 %, 7 %, 35270 MiB, 87.76 W
2026/09/20 10:43:46.758, 2, 99 %, 6 %, 35271 MiB, 91.58 W
2026/09/20 10:43:51.759, 0, 100 %, 6 %, 35270 MiB, 91.33 W
2026/09/20 10:43:51.759, 1, 100 %, 7 %, 35270 MiB, 85.31 W
2026/09/20 10:43:51.759, 2, 100 %, 7 %, 35271 MiB, 89.26 W
2026/09/20 10:43:56.760, 0, 100 %, 7 %, 35270 MiB, 90.90 W
2026/09/20 10:43:56.760, 1, 100 %, 6 %, 35270 MiB, 87.47 W
2026/09/20 10:43:56.760, 2, 100 %, 6 %, 35271 MiB, 87.66 W
2026/09/20 10:44:01.760, 0, 100 %, 11 %, 35270 MiB, 97.76 W
2026/09/20 10:44:01.761, 1, 100 %, 7 %, 35270 MiB, 86.72 W
2026/09/20 10:44:01.761, 2, 100 %, 10 %, 35271 MiB, 89.79 W
2026/09/20 10:44:06.761, 0, 100 %, 7 %, 35270 MiB, 91.11 W
2026/09/20 10:44:06.761, 1, 100 %, 6 %, 35270 MiB, 86.09 W
2026/09/20 10:44:06.761, 2, 100 %, 14 %, 35271 MiB, 94.15 W
2026/09/20 10:44:11.762, 0, 100 %, 10 %, 35270 MiB, 92.22 W
2026/09/20 10:44:11.762, 1, 100 %, 6 %, 35270 MiB, 84.95 W
2026/09/20 10:44:11.762, 2, 100 %, 6 %, 35271 MiB, 92.51 W
2026/09/20 10:44:16.762, 0, 100 %, 7 %, 35270 MiB, 91.74 W
2026/09/20 10:44:16.762, 1, 100 %, 7 %, 35270 MiB, 87.85 W
2026/09/20 10:44:16.763, 2, 100 %, 6 %, 35271 MiB, 88.89 W
2026/09/20 10:44:21.763, 0, 100 %, 7 %, 35270 MiB, 90.04 W
2026/09/20 10:44:21.763, 1, 100 %, 6 %, 35270 MiB, 84.70 W
2026/09/20 10:44:21.763, 2, 100 %, 7 %, 35271 MiB, 93.26 W
2026/09/20 10:44:26.764, 0, 100 %, 7 %, 35270 MiB, 89.25 W
2026/09/20 10:44:26.764, 1, 100 %, 7 %, 35270 MiB, 85.07 W
2026/09/20 10:44:26.764, 2, 100 %, 6 %, 35271 MiB, 89.58 W
2026/09/20 10:44:31.764, 0, 100 %, 11 %, 35270 MiB, 90.97 W
2026/09/20 10:44:31.764, 1, 100 %, 10 %, 35270 MiB, 85.20 W
2026/09/20 10:44:31.764, 2, 100 %, 7 %, 35271 MiB, 90.09 W
2026/09/20 10:44:36.765, 0, 100 %, 7 %, 35270 MiB, 92.05 W
2026/09/20 10:44:36.765, 1, 100 %, 6 %, 35270 MiB, 130.41 W
2026/09/20 10:44:36.765, 2, 100 %, 7 %, 35271 MiB, 87.16 W
2026/09/20 10:44:41.766, 0, 100 %, 7 %, 35270 MiB, 92.10 W
2026/09/20 10:44:41.766, 1, 100 %, 7 %, 35270 MiB, 83.33 W
2026/09/20 10:44:41.766, 2, 100 %, 11 %, 35271 MiB, 89.23 W
2026/09/20 10:44:46.767, 0, 100 %, 7 %, 35270 MiB, 89.13 W
2026/09/20 10:44:46.767, 1, 100 %, 7 %, 35270 MiB, 85.99 W
2026/09/20 10:44:46.767, 2, 100 %, 7 %, 35271 MiB, 88.01 W
2026/09/20 10:44:51.768, 0, 100 %, 7 %, 35270 MiB, 103.94 W
2026/09/20 10:44:51.768, 1, 100 %, 7 %, 35270 MiB, 151.86 W
2026/09/20 10:44:51.768, 2, 100 %, 11 %, 35271 MiB, 89.18 W
2026/09/20 10:44:56.768, 0, 100 %, 11 %, 35270 MiB, 88.58 W
2026/09/20 10:44:56.768, 1, 100 %, 7 %, 35270 MiB, 88.09 W
2026/09/20 10:44:56.768, 2, 100 %, 7 %, 35271 MiB, 91.98 W
2026/09/20 10:45:01.769, 0, 100 %, 7 %, 35270 MiB, 87.55 W
2026/09/20 10:45:01.769, 1, 100 %, 7 %, 35270 MiB, 86.69 W
2026/09/20 10:45:01.769, 2, 100 %, 7 %, 35271 MiB, 87.91 W
2026/09/20 10:45:06.770, 0, 100 %, 7 %, 35270 MiB, 87.44 W
2026/09/20 10:45:06.770, 1, 100 %, 15 %, 35270 MiB, 85.40 W
2026/09/20 10:45:06.770, 2, 100 %, 7 %, 35271 MiB, 87.48 W
2026/09/20 10:45:11.770, 0, 100 %, 7 %, 35270 MiB, 89.36 W
2026/09/20 10:45:11.770, 1, 100 %, 10 %, 35270 MiB, 85.62 W
2026/09/20 10:45:11.770, 2, 100 %, 7 %, 35271 MiB, 91.18 W
2026/09/20 10:45:16.771, 0, 100 %, 7 %, 35270 MiB, 89.25 W
2026/09/20 10:45:16.771, 1, 100 %, 11 %, 35270 MiB, 85.46 W
2026/09/20 10:45:16.771, 2, 100 %, 7 %, 35271 MiB, 93.19 W
2026/09/20 10:45:21.771, 0, 100 %, 15 %, 35270 MiB, 89.15 W
2026/09/20 10:45:21.772, 1, 100 %, 6 %, 35270 MiB, 86.90 W
2026/09/20 10:45:21.772, 2, 100 %, 7 %, 35271 MiB, 91.79 W
2026/09/20 10:45:26.772, 0, 100 %, 14 %, 35270 MiB, 91.09 W
2026/09/20 10:45:26.772, 1, 100 %, 7 %, 35270 MiB, 87.71 W
2026/09/20 10:45:26.772, 2, 100 %, 7 %, 35271 MiB, 87.71 W
2026/09/20 10:45:31.773, 0, 100 %, 7 %, 35270 MiB, 106.73 W
2026/09/20 10:45:31.773, 1, 100 %, 7 %, 35270 MiB, 85.90 W
2026/09/20 10:45:31.773, 2, 100 %, 7 %, 35271 MiB, 89.02 W
2026/09/20 10:45:36.773, 0, 100 %, 7 %, 35270 MiB, 86.17 W
2026/09/20 10:45:36.774, 1, 57 %, 4 %, 35270 MiB, 76.70 W
2026/09/20 10:45:36.774, 2, 100 %, 9 %, 35271 MiB, 90.22 W
2026/09/20 10:45:41.774, 0, 55 %, 4 %, 35270 MiB, 79.85 W
2026/09/20 10:45:41.774, 1, 0 %, 0 %, 35270 MiB, 38.06 W
2026/09/20 10:45:41.774, 2, 57 %, 4 %, 35271 MiB, 78.53 W
2026/09/20 10:45:46.776, 0, 0 %, 0 %, 35270 MiB, 38.08 W
2026/09/20 10:45:46.776, 1, 0 %, 0 %, 35270 MiB, 37.56 W
2026/09/20 10:45:46.776, 2, 0 %, 0 %, 35271 MiB, 38.72 W
2026/09/20 10:45:51.778, 0, 0 %, 0 %, 35270 MiB, 37.88 W
2026/09/20 10:45:51.778, 1, 0 %, 0 %, 35270 MiB, 37.36 W
2026/09/20 10:45:51.778, 2, 0 %, 0 %, 35271 MiB, 38.42 W
2026/09/20 10:45:56.780, 0, 0 %, 0 %, 35270 MiB, 37.67 W
2026/09/20 10:45:56.780, 1, 0 %, 0 %, 35270 MiB, 37.35 W
2026/09/20 10:45:56.780, 2, 0 %, 0 %, 35271 MiB, 38.41 W
2026/09/20 10:46:01.786, 0, 0 %, 0 %, 35270 MiB, 37.29 W
2026/09/20 10:46:01.786, 1, 0 %, 0 %, 35270 MiB, 37.06 W
2026/09/20 10:46:01.786, 2, 0 %, 0 %, 35271 MiB, 38.23 W
2026/09/20 10:46:06.787, 0, 0 %, 0 %, 35270 MiB, 37.29 W
2026/09/20 10:46:06.787, 1, 0 %, 0 %, 35270 MiB, 36.98 W
2026/09/20 10:46:06.787, 2, 0 %, 0 %, 35271 MiB, 38.23 W
2026/09/20 10:46:11.788, 0, 0 %, 0 %, 35270 MiB, 37.29 W
2026/09/20 10:46:11.788, 1, 0 %, 0 %, 35270 MiB, 36.87 W
2026/09/20 10:46:11.788, 2, 0 %, 0 %, 35271 MiB, 38.02 W
2026/09/20 10:46:16.789, 0, 0 %, 0 %, 35270 MiB, 37.00 W
2026/09/20 10:46:16.789, 1, 0 %, 0 %, 35270 MiB, 36.97 W
2026/09/20 10:46:16.789, 2, 0 %, 0 %, 35271 MiB, 38.02 W
2026/09/20 10:46:21.790, 0, 0 %, 0 %, 35270 MiB, 36.88 W
2026/09/20 10:46:21.790, 1, 0 %, 0 %, 35270 MiB, 36.67 W
2026/09/20 10:46:21.791, 2, 0 %, 0 %, 35271 MiB, 37.73 W
2026/09/20 10:46:26.792, 0, 0 %, 0 %, 35270 MiB, 37.20 W
2026/09/20 10:46:26.792, 1, 0 %, 0 %, 35270 MiB, 36.37 W
2026/09/20 10:46:26.792, 2, 0 %, 0 %, 35271 MiB, 37.43 W
2026/09/20 10:46:31.794, 0, 0 %, 0 %, 35270 MiB, 37.11 W
2026/09/20 10:46:31.794, 1, 0 %, 0 %, 35270 MiB, 36.27 W
2026/09/20 10:46:31.794, 2, 0 %, 0 %, 35271 MiB, 37.43 W
2026/09/20 10:46:36.796, 0, 0 %, 0 %, 35270 MiB, 37.10 W
2026/09/20 10:46:36.796, 1, 0 %, 0 %, 35270 MiB, 36.47 W
2026/09/20 10:46:36.796, 2, 0 %, 0 %, 35271 MiB, 37.53 W
2026/09/20 10:46:41.797, 0, 0 %, 0 %, 35270 MiB, 37.01 W
2026/09/20 10:46:41.797, 1, 0 %, 0 %, 35270 MiB, 36.28 W
2026/09/20 10:46:41.797, 2, 0 %, 0 %, 35271 MiB, 37.35 W
2026/09/20 10:46:46.799, 0, 0 %, 0 %, 35270 MiB, 36.99 W
2026/09/20 10:46:46.799, 1, 0 %, 0 %, 35270 MiB, 36.18 W
2026/09/20 10:46:46.799, 2, 0 %, 0 %, 35271 MiB, 37.24 W
2026/09/20 10:46:51.801, 0, 0 %, 0 %, 35270 MiB, 36.79 W
2026/09/20 10:46:51.801, 1, 0 %, 0 %, 35270 MiB, 36.08 W
2026/09/20 10:46:51.801, 2, 0 %, 0 %, 35271 MiB, 37.14 W
2026/09/20 10:46:56.803, 0, 0 %, 0 %, 35270 MiB, 36.70 W
2026/09/20 10:46:56.803, 1, 0 %, 0 %, 35270 MiB, 36.08 W
2026/09/20 10:46:56.803, 2, 0 %, 0 %, 35271 MiB, 37.24 W
2026/09/20 10:47:01.805, 0, 0 %, 0 %, 35270 MiB, 36.70 W
2026/09/20 10:47:01.805, 1, 0 %, 0 %, 35270 MiB, 36.08 W
2026/09/20 10:47:01.805, 2, 0 %, 0 %, 35271 MiB, 37.14 W
2026/09/20 10:47:06.807, 0, 0 %, 0 %, 35270 MiB, 36.70 W
2026/09/20 10:47:06.807, 1, 0 %, 0 %, 35270 MiB, 36.08 W
2026/09/20 10:47:06.807, 2, 0 %, 0 %, 35271 MiB, 37.14 W
2026/09/20 10:47:11.809, 0, 0 %, 0 %, 35270 MiB, 36.40 W
2026/09/20 10:47:11.809, 1, 0 %, 0 %, 35270 MiB, 36.28 W
2026/09/20 10:47:11.809, 2, 0 %, 0 %, 35271 MiB, 37.14 W
2026/09/20 10:47:16.812, 0, 0 %, 0 %, 35270 MiB, 36.40 W
2026/09/20 10:47:16.812, 1, 0 %, 0 %, 35270 MiB, 36.08 W
2026/09/20 10:47:16.812, 2, 0 %, 0 %, 35271 MiB, 37.14 W
2026/09/20 10:47:21.820, 0, 0 %, 0 %, 35270 MiB, 36.43 W
2026/09/20 10:47:21.820, 1, 0 %, 0 %, 35270 MiB, 36.10 W
2026/09/20 10:47:21.820, 2, 0 %, 0 %, 35271 MiB, 37.07 W
2026/09/20 10:47:26.824, 0, 0 %, 0 %, 35270 MiB, 36.40 W
2026/09/20 10:47:26.824, 1, 0 %, 0 %, 35270 MiB, 35.87 W
2026/09/20 10:47:26.824, 2, 0 %, 0 %, 35271 MiB, 36.94 W
2026/09/20 10:47:31.825, 0, 0 %, 0 %, 35270 MiB, 36.31 W
2026/09/20 10:47:31.825, 1, 0 %, 0 %, 35270 MiB, 35.88 W
2026/09/20 10:47:31.825, 2, 0 %, 0 %, 35271 MiB, 36.85 W
2026/09/20 10:47:36.826, 0, 0 %, 0 %, 35270 MiB, 36.31 W
2026/09/20 10:47:36.826, 1, 0 %, 0 %, 35270 MiB, 35.78 W
2026/09/20 10:47:36.827, 2, 0 %, 0 %, 35271 MiB, 36.75 W
2026/09/20 10:47:41.827, 0, 0 %, 0 %, 35270 MiB, 36.31 W
2026/09/20 10:47:41.827, 1, 0 %, 0 %, 35270 MiB, 35.68 W
2026/09/20 10:47:41.827, 2, 0 %, 0 %, 35271 MiB, 36.75 W
2026/09/20 10:47:46.829, 0, 0 %, 0 %, 35270 MiB, 36.43 W
2026/09/20 10:47:46.829, 1, 0 %, 0 %, 35270 MiB, 35.72 W
2026/09/20 10:47:46.829, 2, 0 %, 0 %, 35271 MiB, 36.77 W
2026/09/20 10:47:51.829, 0, 0 %, 0 %, 35270 MiB, 36.45 W
2026/09/20 10:47:51.830, 1, 0 %, 0 %, 35270 MiB, 35.73 W
2026/09/20 10:47:51.830, 2, 0 %, 0 %, 35271 MiB, 36.80 W
2026/09/20 10:47:56.831, 0, 0 %, 0 %, 35270 MiB, 36.21 W
2026/09/20 10:47:56.831, 1, 0 %, 0 %, 35270 MiB, 35.59 W
2026/09/20 10:47:56.832, 2, 0 %, 0 %, 35271 MiB, 36.85 W
2026/09/20 10:48:01.833, 0, 0 %, 0 %, 35270 MiB, 36.11 W
2026/09/20 10:48:01.833, 1, 0 %, 0 %, 35270 MiB, 35.68 W
2026/09/20 10:48:01.834, 2, 0 %, 0 %, 35271 MiB, 36.75 W
2026/09/20 10:48:06.834, 0, 15 %, 1 %, 35270 MiB, 36.22 W
2026/09/20 10:48:06.834, 1, 0 %, 0 %, 35270 MiB, 35.90 W
2026/09/20 10:48:06.835, 2, 0 %, 0 %, 35271 MiB, 36.85 W
2026/09/20 10:48:11.835, 0, 0 %, 0 %, 35270 MiB, 36.13 W
2026/09/20 10:48:11.836, 1, 0 %, 0 %, 35270 MiB, 35.71 W
2026/09/20 10:48:11.836, 2, 0 %, 0 %, 35271 MiB, 36.77 W
2026/09/20 10:48:16.837, 0, 0 %, 0 %, 35270 MiB, 36.18 W
2026/09/20 10:48:16.837, 1, 0 %, 0 %, 35270 MiB, 35.68 W
2026/09/20 10:48:16.837, 2, 0 %, 0 %, 35271 MiB, 36.64 W
2026/09/20 10:48:21.842, 0, 0 %, 0 %, 35270 MiB, 36.31 W
2026/09/20 10:48:21.843, 1, 0 %, 0 %, 35270 MiB, 35.68 W
2026/09/20 10:48:21.843, 2, 0 %, 0 %, 35271 MiB, 36.75 W
2026/09/20 10:48:26.844, 0, 25 %, 1 %, 35270 MiB, 36.31 W
2026/09/20 10:48:26.844, 1, 0 %, 0 %, 35270 MiB, 35.78 W
2026/09/20 10:48:26.844, 2, 0 %, 0 %, 35271 MiB, 36.94 W
2026/09/20 10:48:31.846, 0, 0 %, 0 %, 35270 MiB, 36.12 W
2026/09/20 10:48:31.846, 1, 0 %, 0 %, 35270 MiB, 35.70 W
2026/09/20 10:48:31.846, 2, 0 %, 0 %, 35271 MiB, 36.86 W
2026/09/20 10:48:36.848, 0, 0 %, 0 %, 35270 MiB, 36.12 W
2026/09/20 10:48:36.848, 1, 0 %, 0 %, 35270 MiB, 35.60 W
2026/09/20 10:48:36.848, 2, 0 %, 0 %, 35271 MiB, 36.75 W
2026/09/20 10:48:41.850, 0, 0 %, 0 %, 35270 MiB, 36.61 W
2026/09/20 10:48:41.850, 1, 0 %, 0 %, 35270 MiB, 35.61 W
2026/09/20 10:48:41.850, 2, 0 %, 0 %, 35271 MiB, 36.77 W
2026/09/20 10:48:46.851, 0, 0 %, 0 %, 35270 MiB, 38.27 W
2026/09/20 10:48:46.851, 1, 0 %, 0 %, 35270 MiB, 35.51 W
2026/09/20 10:48:46.851, 2, 0 %, 0 %, 35271 MiB, 36.76 W
2026/09/20 10:48:51.852, 0, 0 %, 0 %, 35270 MiB, 36.23 W
2026/09/20 10:48:51.853, 1, 0 %, 0 %, 35270 MiB, 35.51 W
2026/09/20 10:48:51.853, 2, 0 %, 0 %, 35271 MiB, 36.77 W
2026/09/20 10:48:56.854, 0, 5 %, 0 %, 35270 MiB, 36.31 W
2026/09/20 10:48:56.854, 1, 0 %, 0 %, 35270 MiB, 35.49 W
2026/09/20 10:48:56.854, 2, 0 %, 0 %, 35271 MiB, 36.75 W
2026/09/20 10:49:01.856, 0, 43 %, 2 %, 35270 MiB, 39.86 W
2026/09/20 10:49:01.856, 1, 0 %, 0 %, 35270 MiB, 35.59 W
2026/09/20 10:49:01.856, 2, 0 %, 0 %, 35271 MiB, 36.75 W
2026/09/20 10:49:06.858, 0, 10 %, 0 %, 35270 MiB, 36.21 W
2026/09/20 10:49:06.858, 1, 0 %, 0 %, 35270 MiB, 35.50 W
2026/09/20 10:49:06.858, 2, 0 %, 0 %, 35271 MiB, 36.85 W
2026/09/20 10:49:11.859, 0, 25 %, 1 %, 35270 MiB, 36.04 W
2026/09/20 10:49:11.860, 1, 0 %, 0 %, 35270 MiB, 35.51 W
2026/09/20 10:49:11.860, 2, 0 %, 0 %, 35271 MiB, 36.77 W
2026/09/20 10:49:16.860, 0, 0 %, 0 %, 35270 MiB, 36.13 W
2026/09/20 10:49:16.861, 1, 0 %, 0 %, 35270 MiB, 35.51 W
2026/09/20 10:49:16.861, 2, 0 %, 0 %, 35271 MiB, 36.77 W
2026/09/20 10:49:21.861, 0, 0 %, 0 %, 35270 MiB, 36.03 W
2026/09/20 10:49:21.861, 1, 0 %, 0 %, 35270 MiB, 35.60 W
2026/09/20 10:49:21.861, 2, 0 %, 0 %, 35271 MiB, 37.04 W
2026/09/20 10:49:26.862, 0, 0 %, 0 %, 35270 MiB, 43.90 W
2026/09/20 10:49:26.862, 1, 0 %, 0 %, 35270 MiB, 35.50 W
2026/09/20 10:49:26.863, 2, 0 %, 0 %, 35271 MiB, 36.75 W
2026/09/20 10:49:31.864, 0, 17 %, 1 %, 35270 MiB, 44.10 W
2026/09/20 10:49:31.864, 1, 0 %, 0 %, 35270 MiB, 35.48 W
2026/09/20 10:49:31.864, 2, 0 %, 0 %, 35271 MiB, 36.75 W
2026/09/20 10:49:36.871, 0, 6 %, 0 %, 35270 MiB, 37.50 W
2026/09/20 10:49:36.871, 1, 0 %, 0 %, 35270 MiB, 35.59 W
2026/09/20 10:49:36.871, 2, 0 %, 0 %, 35271 MiB, 36.85 W
2026/09/20 10:49:41.872, 0, 0 %, 0 %, 35270 MiB, 36.12 W
2026/09/20 10:49:41.873, 1, 0 %, 0 %, 35270 MiB, 35.60 W
2026/09/20 10:49:41.873, 2, 0 %, 0 %, 35271 MiB, 36.87 W
2026/09/20 10:49:46.874, 0, 25 %, 1 %, 35270 MiB, 36.12 W
2026/09/20 10:49:46.874, 1, 0 %, 0 %, 35270 MiB, 35.42 W
2026/09/20 10:49:46.874, 2, 0 %, 0 %, 35271 MiB, 36.68 W
2026/09/20 10:49:51.876, 0, 0 %, 0 %, 35270 MiB, 36.04 W
2026/09/20 10:49:51.876, 1, 0 %, 0 %, 35270 MiB, 35.42 W
2026/09/20 10:49:51.876, 2, 0 %, 0 %, 35271 MiB, 36.66 W
2026/09/20 10:49:56.878, 0, 0 %, 0 %, 35270 MiB, 36.04 W
2026/09/20 10:49:56.878, 1, 0 %, 0 %, 35270 MiB, 35.60 W
2026/09/20 10:49:56.878, 2, 0 %, 0 %, 35271 MiB, 36.66 W
2026/09/20 10:50:01.879, 0, 0 %, 0 %, 35270 MiB, 36.11 W
2026/09/20 10:50:01.880, 1, 0 %, 0 %, 35270 MiB, 35.39 W
2026/09/20 10:50:01.880, 2, 0 %, 0 %, 35271 MiB, 36.85 W
2026/09/20 10:50:06.881, 0, 13 %, 0 %, 35270 MiB, 36.11 W
2026/09/20 10:50:06.881, 1, 0 %, 0 %, 35270 MiB, 35.49 W
2026/09/20 10:50:06.882, 2, 0 %, 0 %, 35271 MiB, 36.75 W
2026/09/20 10:50:11.883, 0, 15 %, 1 %, 35270 MiB, 37.88 W
2026/09/20 10:50:11.883, 1, 0 %, 0 %, 35270 MiB, 35.38 W
2026/09/20 10:50:11.883, 2, 0 %, 0 %, 35271 MiB, 36.75 W
2026/09/20 10:50:16.884, 0, 5 %, 0 %, 35270 MiB, 36.31 W
2026/09/20 10:50:16.885, 1, 0 %, 0 %, 35270 MiB, 35.60 W
2026/09/20 10:50:16.885, 2, 0 %, 0 %, 35271 MiB, 36.75 W
2026/09/20 10:50:21.886, 0, 25 %, 1 %, 35270 MiB, 35.92 W
2026/09/20 10:50:21.886, 1, 0 %, 0 %, 35270 MiB, 35.40 W
2026/09/20 10:50:21.887, 2, 0 %, 0 %, 35271 MiB, 36.76 W
2026/09/20 10:50:26.888, 0, 0 %, 0 %, 35270 MiB, 35.95 W
2026/09/20 10:50:26.888, 1, 0 %, 0 %, 35270 MiB, 35.42 W
2026/09/20 10:50:26.888, 2, 0 %, 0 %, 35271 MiB, 36.77 W
2026/09/20 10:50:31.890, 0, 0 %, 0 %, 35270 MiB, 36.01 W
2026/09/20 10:50:31.890, 1, 0 %, 0 %, 35270 MiB, 35.49 W
2026/09/20 10:50:31.890, 2, 0 %, 0 %, 35271 MiB, 36.75 W
2026/09/20 10:50:36.893, 0, 5 %, 0 %, 35270 MiB, 36.01 W
2026/09/20 10:50:36.893, 1, 0 %, 0 %, 35270 MiB, 35.59 W
2026/09/20 10:50:36.893, 2, 0 %, 0 %, 35271 MiB, 36.75 W
2026/09/20 10:50:41.893, 0, 5 %, 0 %, 35270 MiB, 41.35 W
2026/09/20 10:50:41.894, 1, 0 %, 0 %, 35270 MiB, 35.59 W
2026/09/20 10:50:41.894, 2, 0 %, 0 %, 35271 MiB, 36.85 W
2026/09/20 10:50:46.894, 0, 0 %, 0 %, 35270 MiB, 36.01 W
2026/09/20 10:50:46.894, 1, 0 %, 0 %, 35270 MiB, 35.49 W
2026/09/20 10:50:46.895, 2, 0 %, 0 %, 35271 MiB, 36.85 W
2026/09/20 10:50:51.895, 0, 0 %, 0 %, 35270 MiB, 36.11 W
2026/09/20 10:50:51.895, 1, 0 %, 0 %, 35270 MiB, 35.68 W
2026/09/20 10:50:51.895, 2, 0 %, 0 %, 35271 MiB, 36.55 W
2026/09/20 10:50:56.896, 0, 0 %, 0 %, 35270 MiB, 36.03 W
2026/09/20 10:50:56.897, 1, 0 %, 0 %, 35270 MiB, 35.31 W
2026/09/20 10:50:56.897, 2, 0 %, 0 %, 35271 MiB, 36.55 W
2026/09/20 10:51:01.897, 0, 5 %, 0 %, 35270 MiB, 36.11 W
2026/09/20 10:51:01.898, 1, 0 %, 0 %, 35270 MiB, 35.39 W
2026/09/20 10:51:01.898, 2, 0 %, 0 %, 35271 MiB, 36.75 W
2026/09/20 10:51:06.899, 0, 0 %, 0 %, 35270 MiB, 36.21 W
2026/09/20 10:51:06.899, 1, 0 %, 0 %, 35270 MiB, 35.29 W
2026/09/20 10:51:06.900, 2, 0 %, 0 %, 35271 MiB, 36.65 W
2026/09/20 10:51:11.901, 0, 0 %, 0 %, 35270 MiB, 36.11 W
2026/09/20 10:51:11.901, 1, 0 %, 0 %, 35270 MiB, 35.49 W
2026/09/20 10:51:11.902, 2, 0 %, 0 %, 35271 MiB, 36.75 W
2026/09/20 10:51:16.908, 0, 0 %, 0 %, 35270 MiB, 35.92 W
2026/09/20 10:51:16.909, 1, 0 %, 0 %, 35270 MiB, 35.49 W
2026/09/20 10:51:16.909, 2, 0 %, 0 %, 35271 MiB, 36.65 W
2026/09/20 10:51:21.912, 0, 10 %, 0 %, 35270 MiB, 35.80 W
2026/09/20 10:51:21.912, 1, 0 %, 0 %, 35270 MiB, 35.38 W
2026/09/20 10:51:21.912, 2, 0 %, 0 %, 35271 MiB, 36.64 W
2026/09/20 10:51:26.914, 0, 10 %, 0 %, 35270 MiB, 38.07 W
2026/09/20 10:51:26.914, 1, 0 %, 0 %, 35270 MiB, 35.39 W
2026/09/20 10:51:26.914, 2, 0 %, 0 %, 35271 MiB, 36.75 W
2026/09/20 10:51:31.916, 0, 0 %, 0 %, 35270 MiB, 36.09 W
2026/09/20 10:51:31.916, 1, 0 %, 0 %, 35270 MiB, 35.67 W
2026/09/20 10:51:31.916, 2, 0 %, 0 %, 35271 MiB, 37.12 W
2026/09/20 10:51:36.918, 0, 0 %, 0 %, 35270 MiB, 35.92 W
2026/09/20 10:51:36.918, 1, 0 %, 0 %, 35270 MiB, 35.48 W
2026/09/20 10:51:36.918, 2, 0 %, 0 %, 35271 MiB, 36.94 W
2026/09/20 10:51:41.927, 0, 0 %, 0 %, 35270 MiB, 36.28 W
2026/09/20 10:51:41.927, 1, 0 %, 0 %, 35270 MiB, 35.57 W
2026/09/20 10:51:41.927, 2, 0 %, 0 %, 35271 MiB, 36.83 W
2026/09/20 10:51:46.929, 0, 0 %, 0 %, 35270 MiB, 36.00 W
2026/09/20 10:51:46.929, 1, 0 %, 0 %, 35270 MiB, 35.68 W
2026/09/20 10:51:46.930, 2, 0 %, 0 %, 35271 MiB, 36.74 W
2026/09/20 10:51:51.931, 0, 0 %, 0 %, 35270 MiB, 36.01 W
2026/09/20 10:51:51.931, 1, 0 %, 0 %, 35270 MiB, 35.48 W
2026/09/20 10:51:51.931, 2, 0 %, 0 %, 35271 MiB, 36.75 W
2026/09/20 10:51:56.933, 0, 0 %, 0 %, 35270 MiB, 38.68 W
2026/09/20 10:51:56.933, 1, 0 %, 0 %, 35270 MiB, 35.58 W
2026/09/20 10:51:56.933, 2, 0 %, 0 %, 35271 MiB, 36.75 W
2026/09/20 10:52:01.934, 0, 0 %, 0 %, 35270 MiB, 36.18 W
2026/09/20 10:52:01.934, 1, 0 %, 0 %, 35270 MiB, 35.38 W
2026/09/20 10:52:01.935, 2, 0 %, 0 %, 35271 MiB, 36.53 W
2026/09/20 10:52:06.936, 0, 0 %, 0 %, 35270 MiB, 36.01 W
2026/09/20 10:52:06.937, 1, 24 %, 1 %, 35270 MiB, 35.48 W
2026/09/20 10:52:06.937, 2, 0 %, 0 %, 35271 MiB, 36.65 W
2026/09/20 10:52:11.937, 0, 0 %, 0 %, 35270 MiB, 36.00 W
2026/09/20 10:52:11.938, 1, 0 %, 0 %, 35270 MiB, 35.49 W
2026/09/20 10:52:11.938, 2, 0 %, 0 %, 35271 MiB, 36.64 W
2026/09/20 10:52:16.939, 0, 0 %, 0 %, 35270 MiB, 36.11 W
2026/09/20 10:52:16.939, 1, 0 %, 0 %, 35270 MiB, 35.49 W
2026/09/20 10:52:16.939, 2, 0 %, 0 %, 35271 MiB, 36.85 W
2026/09/20 10:52:21.941, 0, 0 %, 0 %, 35270 MiB, 36.11 W
2026/09/20 10:52:21.942, 1, 0 %, 0 %, 35270 MiB, 36.76 W
2026/09/20 10:52:21.942, 2, 0 %, 0 %, 35271 MiB, 36.75 W
2026/09/20 10:52:26.943, 0, 0 %, 0 %, 35270 MiB, 35.92 W
2026/09/20 10:52:26.943, 1, 0 %, 0 %, 35270 MiB, 35.50 W
2026/09/20 10:52:26.943, 2, 0 %, 0 %, 35271 MiB, 36.65 W
2026/09/20 10:52:31.944, 0, 0 %, 0 %, 35270 MiB, 35.94 W
2026/09/20 10:52:31.944, 1, 25 %, 1 %, 35270 MiB, 35.61 W
2026/09/20 10:52:31.944, 2, 0 %, 0 %, 35271 MiB, 36.77 W
2026/09/20 10:52:36.946, 0, 0 %, 0 %, 35270 MiB, 35.92 W
2026/09/20 10:52:36.946, 1, 15 %, 1 %, 35270 MiB, 35.49 W
2026/09/20 10:52:36.946, 2, 0 %, 0 %, 35271 MiB, 36.85 W
2026/09/20 10:52:41.948, 0, 0 %, 0 %, 35270 MiB, 36.01 W
2026/09/20 10:52:41.948, 1, 0 %, 0 %, 35270 MiB, 35.59 W
2026/09/20 10:52:41.949, 2, 0 %, 0 %, 35271 MiB, 36.85 W
2026/09/20 10:52:46.952, 0, 0 %, 0 %, 35270 MiB, 35.92 W
2026/09/20 10:52:46.952, 1, 14 %, 1 %, 35270 MiB, 39.72 W
2026/09/20 10:52:46.952, 2, 0 %, 0 %, 35271 MiB, 36.85 W
2026/09/20 10:52:51.954, 0, 0 %, 0 %, 35270 MiB, 35.92 W
2026/09/20 10:52:51.954, 1, 0 %, 0 %, 35270 MiB, 35.50 W
2026/09/20 10:52:51.954, 2, 0 %, 0 %, 35271 MiB, 36.85 W
2026/09/20 10:52:56.956, 0, 0 %, 0 %, 35270 MiB, 36.19 W
2026/09/20 10:52:56.956, 1, 0 %, 0 %, 35270 MiB, 35.67 W
2026/09/20 10:52:56.956, 2, 0 %, 0 %, 35271 MiB, 36.83 W
2026/09/20 10:53:01.957, 0, 0 %, 0 %, 35270 MiB, 36.04 W
2026/09/20 10:53:01.957, 1, 0 %, 0 %, 35270 MiB, 35.60 W
2026/09/20 10:53:01.957, 2, 0 %, 0 %, 35271 MiB, 36.87 W
2026/09/20 10:53:06.958, 0, 0 %, 0 %, 35270 MiB, 36.01 W
2026/09/20 10:53:06.958, 1, 0 %, 0 %, 35270 MiB, 35.40 W
2026/09/20 10:53:06.958, 2, 0 %, 0 %, 35271 MiB, 36.66 W
2026/09/20 10:53:11.963, 0, 0 %, 0 %, 35270 MiB, 36.01 W
2026/09/20 10:53:11.964, 1, 0 %, 0 %, 35270 MiB, 35.49 W
2026/09/20 10:53:11.964, 2, 0 %, 0 %, 35271 MiB, 36.94 W
2026/09/20 10:53:16.964, 0, 0 %, 0 %, 35270 MiB, 36.13 W
2026/09/20 10:53:16.964, 1, 0 %, 0 %, 35270 MiB, 35.41 W
2026/09/20 10:53:16.964, 2, 0 %, 0 %, 35271 MiB, 36.77 W
2026/09/20 10:53:21.965, 0, 0 %, 0 %, 35270 MiB, 36.11 W
2026/09/20 10:53:21.965, 1, 1 %, 0 %, 35270 MiB, 38.54 W
2026/09/20 10:53:21.965, 2, 0 %, 0 %, 35271 MiB, 36.75 W
2026/09/20 10:53:26.966, 0, 0 %, 0 %, 35270 MiB, 36.01 W
2026/09/20 10:53:26.966, 1, 0 %, 0 %, 35270 MiB, 40.63 W
2026/09/20 10:53:26.966, 2, 0 %, 0 %, 35271 MiB, 36.85 W
2026/09/20 10:53:31.968, 0, 0 %, 0 %, 35270 MiB, 35.94 W
2026/09/20 10:53:31.968, 1, 0 %, 0 %, 35270 MiB, 35.61 W
2026/09/20 10:53:31.968, 2, 24 %, 1 %, 35271 MiB, 36.87 W
2026/09/20 10:53:36.970, 0, 0 %, 0 %, 35270 MiB, 36.01 W
2026/09/20 10:53:36.970, 1, 0 %, 0 %, 35270 MiB, 35.58 W
2026/09/20 10:53:36.970, 2, 0 %, 0 %, 35271 MiB, 36.75 W
2026/09/20 10:53:41.972, 0, 0 %, 0 %, 35270 MiB, 35.90 W
2026/09/20 10:53:41.972, 1, 0 %, 0 %, 35270 MiB, 35.48 W
2026/09/20 10:53:41.972, 2, 0 %, 0 %, 35271 MiB, 37.70 W
2026/09/20 10:53:46.973, 0, 0 %, 0 %, 35270 MiB, 35.94 W
2026/09/20 10:53:46.973, 1, 0 %, 0 %, 35270 MiB, 35.51 W
2026/09/20 10:53:46.973, 2, 0 %, 0 %, 35271 MiB, 37.07 W
2026/09/20 10:53:51.975, 0, 0 %, 0 %, 35270 MiB, 35.92 W
2026/09/20 10:53:51.975, 1, 0 %, 0 %, 35270 MiB, 35.60 W
2026/09/20 10:53:51.975, 2, 0 %, 0 %, 35271 MiB, 36.85 W
2026/09/20 10:53:56.977, 0, 0 %, 0 %, 35270 MiB, 35.92 W
2026/09/20 10:53:56.977, 1, 0 %, 0 %, 35270 MiB, 35.49 W
2026/09/20 10:53:56.977, 2, 0 %, 0 %, 35271 MiB, 36.94 W
2026/09/20 10:54:01.978, 0, 0 %, 0 %, 35270 MiB, 35.92 W
2026/09/20 10:54:01.978, 1, 0 %, 0 %, 35270 MiB, 35.49 W
2026/09/20 10:54:01.978, 2, 15 %, 1 %, 35271 MiB, 36.85 W
2026/09/20 10:54:06.980, 0, 0 %, 0 %, 35270 MiB, 36.01 W
2026/09/20 10:54:06.980, 1, 0 %, 0 %, 35270 MiB, 35.59 W
2026/09/20 10:54:06.980, 2, 0 %, 0 %, 35271 MiB, 36.95 W
2026/09/20 10:54:11.981, 0, 0 %, 0 %, 35270 MiB, 36.21 W
2026/09/20 10:54:11.982, 1, 0 %, 0 %, 35270 MiB, 35.99 W
2026/09/20 10:54:11.982, 2, 25 %, 1 %, 35271 MiB, 36.75 W
2026/09/20 10:54:16.983, 0, 0 %, 0 %, 35270 MiB, 36.01 W
2026/09/20 10:54:16.983, 1, 0 %, 0 %, 35270 MiB, 35.49 W
2026/09/20 10:54:16.984, 2, 0 %, 0 %, 35271 MiB, 36.75 W
2026/09/20 10:54:21.985, 0, 0 %, 0 %, 35270 MiB, 35.92 W
2026/09/20 10:54:21.985, 1, 0 %, 0 %, 35270 MiB, 35.50 W
2026/09/20 10:54:21.986, 2, 0 %, 0 %, 35271 MiB, 38.62 W
2026/09/20 10:54:26.987, 0, 0 %, 0 %, 35270 MiB, 36.03 W
2026/09/20 10:54:26.987, 1, 0 %, 0 %, 35270 MiB, 35.60 W
2026/09/20 10:54:26.987, 2, 0 %, 0 %, 35271 MiB, 36.76 W
2026/09/20 10:54:31.989, 0, 0 %, 0 %, 35270 MiB, 36.21 W
2026/09/20 10:54:31.989, 1, 0 %, 0 %, 35270 MiB, 35.49 W
2026/09/20 10:54:31.989, 2, 0 %, 0 %, 35271 MiB, 36.75 W
2026/09/20 10:54:36.991, 0, 0 %, 0 %, 35270 MiB, 36.01 W
2026/09/20 10:54:36.991, 1, 0 %, 0 %, 35270 MiB, 35.39 W
2026/09/20 10:54:36.991, 2, 0 %, 0 %, 35271 MiB, 36.75 W
2026/09/20 10:54:41.992, 0, 0 %, 0 %, 35270 MiB, 35.83 W
2026/09/20 10:54:41.992, 1, 0 %, 0 %, 35270 MiB, 35.41 W
2026/09/20 10:54:41.992, 2, 0 %, 0 %, 35271 MiB, 36.97 W
2026/09/20 10:54:46.994, 0, 0 %, 0 %, 35270 MiB, 35.82 W
2026/09/20 10:54:46.994, 1, 0 %, 0 %, 35270 MiB, 35.50 W
2026/09/20 10:54:46.994, 2, 0 %, 0 %, 35271 MiB, 36.85 W
2026/09/20 10:54:51.996, 0, 0 %, 0 %, 35270 MiB, 36.01 W
2026/09/20 10:54:51.996, 1, 0 %, 0 %, 35270 MiB, 35.30 W
2026/09/20 10:54:51.996, 2, 0 %, 0 %, 35271 MiB, 36.75 W
2026/09/20 10:54:56.998, 0, 0 %, 0 %, 35270 MiB, 35.92 W
2026/09/20 10:54:56.998, 1, 0 %, 0 %, 35270 MiB, 35.49 W
2026/09/20 10:54:56.998, 2, 0 %, 0 %, 35271 MiB, 36.85 W
2026/09/20 10:55:02.000, 0, 0 %, 0 %, 35270 MiB, 35.92 W
2026/09/20 10:55:02.000, 1, 0 %, 0 %, 35270 MiB, 35.48 W
2026/09/20 10:55:02.000, 2, 0 %, 0 %, 35271 MiB, 36.85 W
2026/09/20 10:55:07.002, 0, 0 %, 0 %, 35270 MiB, 35.93 W
2026/09/20 10:55:07.002, 1, 0 %, 0 %, 35270 MiB, 35.51 W
2026/09/20 10:55:07.002, 2, 0 %, 0 %, 35271 MiB, 36.95 W
2026/09/20 10:55:12.003, 0, 0 %, 0 %, 35270 MiB, 36.14 W
2026/09/20 10:55:12.003, 1, 0 %, 0 %, 35270 MiB, 35.51 W
2026/09/20 10:55:12.003, 2, 25 %, 1 %, 35271 MiB, 36.94 W
2026/09/20 10:55:17.005, 0, 0 %, 0 %, 35270 MiB, 36.01 W
2026/09/20 10:55:17.005, 1, 0 %, 0 %, 35270 MiB, 35.50 W
2026/09/20 10:55:17.005, 2, 0 %, 0 %, 35271 MiB, 37.92 W
2026/09/20 10:55:22.006, 0, 0 %, 0 %, 35270 MiB, 35.93 W
2026/09/20 10:55:22.006, 1, 0 %, 0 %, 35270 MiB, 35.60 W
2026/09/20 10:55:22.007, 2, 0 %, 0 %, 35271 MiB, 36.77 W
2026/09/20 10:55:27.007, 0, 0 %, 0 %, 35270 MiB, 36.01 W
2026/09/20 10:55:27.007, 1, 0 %, 0 %, 35270 MiB, 35.39 W
2026/09/20 10:55:27.007, 2, 0 %, 0 %, 35271 MiB, 36.75 W
2026/09/20 10:55:32.009, 0, 0 %, 0 %, 35270 MiB, 36.11 W
2026/09/20 10:55:32.009, 1, 0 %, 0 %, 35270 MiB, 35.39 W
2026/09/20 10:55:32.009, 2, 0 %, 0 %, 35271 MiB, 36.75 W
2026/09/20 10:55:37.011, 0, 0 %, 0 %, 35270 MiB, 36.11 W
2026/09/20 10:55:37.011, 1, 0 %, 0 %, 35270 MiB, 35.29 W
2026/09/20 10:55:37.012, 2, 0 %, 0 %, 35271 MiB, 36.94 W
2026/09/20 10:55:42.013, 0, 0 %, 0 %, 35270 MiB, 35.92 W
2026/09/20 10:55:42.013, 1, 0 %, 0 %, 35270 MiB, 35.49 W
2026/09/20 10:55:42.013, 2, 0 %, 0 %, 35271 MiB, 36.75 W
2026/09/20 10:55:47.014, 0, 0 %, 0 %, 35270 MiB, 35.92 W
2026/09/20 10:55:47.014, 1, 0 %, 0 %, 35270 MiB, 35.39 W
2026/09/20 10:55:47.014, 2, 0 %, 0 %, 35271 MiB, 36.75 W
2026/09/20 10:55:52.015, 0, 0 %, 0 %, 35270 MiB, 35.90 W
2026/09/20 10:55:52.015, 1, 0 %, 0 %, 35270 MiB, 35.38 W
2026/09/20 10:55:52.015, 2, 0 %, 0 %, 35271 MiB, 36.85 W
2026/09/20 10:55:57.017, 0, 0 %, 0 %, 35270 MiB, 35.90 W
2026/09/20 10:55:57.017, 1, 0 %, 0 %, 35270 MiB, 35.38 W
2026/09/20 10:55:57.017, 2, 0 %, 0 %, 35271 MiB, 36.84 W
2026/09/20 10:56:02.019, 0, 0 %, 0 %, 35270 MiB, 35.89 W
2026/09/20 10:56:02.019, 1, 0 %, 0 %, 35270 MiB, 35.48 W
2026/09/20 10:56:02.019, 2, 0 %, 0 %, 35271 MiB, 36.83 W
2026/09/20 10:56:07.020, 0, 0 %, 0 %, 35270 MiB, 35.89 W
2026/09/20 10:56:07.020, 1, 0 %, 0 %, 35270 MiB, 35.48 W
2026/09/20 10:56:07.021, 2, 0 %, 0 %, 35271 MiB, 36.83 W
2026/09/20 10:56:12.022, 0, 0 %, 0 %, 35270 MiB, 35.91 W
2026/09/20 10:56:12.022, 1, 0 %, 0 %, 35270 MiB, 35.38 W
2026/09/20 10:56:12.023, 2, 0 %, 0 %, 35271 MiB, 36.85 W
2026/09/20 10:56:17.024, 0, 0 %, 0 %, 35270 MiB, 36.01 W
2026/09/20 10:56:17.024, 1, 0 %, 0 %, 35270 MiB, 35.68 W
2026/09/20 10:56:17.024, 2, 0 %, 0 %, 35271 MiB, 37.03 W
2026/09/20 10:56:22.026, 0, 0 %, 0 %, 35270 MiB, 35.89 W
2026/09/20 10:56:22.026, 1, 0 %, 0 %, 35270 MiB, 35.48 W
2026/09/20 10:56:22.026, 2, 0 %, 0 %, 35271 MiB, 36.83 W
2026/09/20 10:56:27.027, 0, 0 %, 0 %, 35270 MiB, 35.91 W
2026/09/20 10:56:27.027, 1, 0 %, 0 %, 35270 MiB, 35.48 W
2026/09/20 10:56:27.028, 2, 0 %, 0 %, 35271 MiB, 36.74 W
2026/09/20 10:56:32.029, 0, 0 %, 0 %, 35270 MiB, 36.01 W
2026/09/20 10:56:32.029, 1, 0 %, 0 %, 35270 MiB, 35.29 W
2026/09/20 10:56:32.029, 2, 0 %, 0 %, 35271 MiB, 36.73 W
2026/09/20 10:56:37.031, 0, 0 %, 0 %, 35270 MiB, 36.01 W
2026/09/20 10:56:37.031, 1, 0 %, 0 %, 35270 MiB, 35.38 W
2026/09/20 10:56:37.031, 2, 0 %, 0 %, 35271 MiB, 36.84 W
2026/09/20 10:56:42.036, 0, 0 %, 0 %, 35270 MiB, 36.01 W
2026/09/20 10:56:42.036, 1, 0 %, 0 %, 35270 MiB, 35.29 W
2026/09/20 10:56:42.036, 2, 0 %, 0 %, 35271 MiB, 36.75 W
2026/09/20 10:56:47.037, 0, 0 %, 0 %, 35270 MiB, 36.00 W
2026/09/20 10:56:47.037, 1, 0 %, 0 %, 35270 MiB, 35.29 W
2026/09/20 10:56:47.037, 2, 0 %, 0 %, 35271 MiB, 36.83 W
2026/09/20 10:56:52.039, 0, 0 %, 0 %, 35270 MiB, 36.01 W
2026/09/20 10:56:52.039, 1, 0 %, 0 %, 35270 MiB, 35.40 W
2026/09/20 10:56:52.039, 2, 0 %, 0 %, 35271 MiB, 36.75 W
2026/09/20 10:56:57.041, 0, 0 %, 0 %, 35270 MiB, 35.82 W
2026/09/20 10:56:57.041, 1, 0 %, 0 %, 35270 MiB, 35.48 W
2026/09/20 10:56:57.041, 2, 0 %, 0 %, 35271 MiB, 36.85 W
2026/09/20 10:57:02.043, 0, 0 %, 0 %, 35270 MiB, 35.89 W
2026/09/20 10:57:02.043, 1, 0 %, 0 %, 35270 MiB, 35.38 W
2026/09/20 10:57:02.043, 2, 0 %, 0 %, 35271 MiB, 36.74 W
2026/09/20 10:57:07.043, 0, 0 %, 0 %, 35270 MiB, 36.13 W
2026/09/20 10:57:07.043, 1, 0 %, 0 %, 35270 MiB, 35.42 W
2026/09/20 10:57:07.043, 2, 0 %, 0 %, 35271 MiB, 36.78 W
2026/09/20 10:57:12.044, 0, 0 %, 0 %, 35270 MiB, 35.84 W
2026/09/20 10:57:12.044, 1, 0 %, 0 %, 35270 MiB, 35.41 W
2026/09/20 10:57:12.044, 2, 0 %, 0 %, 35271 MiB, 36.77 W
2026/09/20 10:57:17.046, 0, 0 %, 0 %, 35270 MiB, 35.92 W
2026/09/20 10:57:17.046, 1, 0 %, 0 %, 35270 MiB, 35.49 W
2026/09/20 10:57:17.046, 2, 0 %, 0 %, 35271 MiB, 36.87 W
2026/09/20 10:57:22.047, 0, 0 %, 0 %, 35270 MiB, 35.94 W
2026/09/20 10:57:22.047, 1, 0 %, 0 %, 35270 MiB, 35.51 W
2026/09/20 10:57:22.047, 2, 0 %, 0 %, 35271 MiB, 36.85 W
2026/09/20 10:57:27.048, 0, 0 %, 0 %, 35270 MiB, 36.11 W
2026/09/20 10:57:27.049, 1, 0 %, 0 %, 35270 MiB, 35.48 W
2026/09/20 10:57:27.049, 2, 0 %, 0 %, 35271 MiB, 36.94 W
2026/09/20 10:57:32.050, 0, 0 %, 0 %, 35270 MiB, 35.91 W
2026/09/20 10:57:32.050, 1, 0 %, 0 %, 35270 MiB, 35.68 W
2026/09/20 10:57:32.050, 2, 0 %, 0 %, 35271 MiB, 36.94 W
2026/09/20 10:57:37.051, 0, 0 %, 0 %, 35270 MiB, 35.92 W
2026/09/20 10:57:37.051, 1, 0 %, 0 %, 35270 MiB, 35.38 W
2026/09/20 10:57:37.051, 2, 0 %, 0 %, 35271 MiB, 36.75 W
2026/09/20 10:57:42.053, 0, 0 %, 0 %, 35270 MiB, 35.92 W
2026/09/20 10:57:42.053, 1, 0 %, 0 %, 35270 MiB, 35.39 W
2026/09/20 10:57:42.053, 2, 0 %, 0 %, 35271 MiB, 36.75 W
2026/09/20 10:57:47.055, 0, 0 %, 0 %, 35270 MiB, 36.11 W
2026/09/20 10:57:47.055, 1, 0 %, 0 %, 35270 MiB, 35.40 W
2026/09/20 10:57:47.055, 2, 0 %, 0 %, 35271 MiB, 36.75 W
2026/09/20 10:57:52.056, 0, 25 %, 1 %, 35270 MiB, 39.97 W
2026/09/20 10:57:52.056, 1, 0 %, 0 %, 35270 MiB, 35.51 W
2026/09/20 10:57:52.056, 2, 0 %, 0 %, 35271 MiB, 36.97 W
2026/09/20 10:57:57.058, 0, 0 %, 0 %, 35270 MiB, 35.92 W
2026/09/20 10:57:57.058, 1, 0 %, 0 %, 35270 MiB, 35.40 W
2026/09/20 10:57:57.058, 2, 0 %, 0 %, 35271 MiB, 36.85 W
2026/09/20 10:58:02.059, 0, 0 %, 0 %, 35270 MiB, 35.92 W
2026/09/20 10:58:02.059, 1, 0 %, 0 %, 35270 MiB, 35.40 W
2026/09/20 10:58:02.059, 2, 0 %, 0 %, 35271 MiB, 36.76 W
2026/09/20 10:58:07.061, 0, 0 %, 0 %, 35270 MiB, 35.92 W
2026/09/20 10:58:07.061, 1, 0 %, 0 %, 35270 MiB, 35.29 W
2026/09/20 10:58:07.061, 2, 0 %, 0 %, 35271 MiB, 36.85 W
2026/09/20 10:58:12.066, 0, 0 %, 0 %, 35270 MiB, 35.94 W
2026/09/20 10:58:12.066, 1, 0 %, 0 %, 35270 MiB, 35.50 W
2026/09/20 10:58:12.066, 2, 0 %, 0 %, 35271 MiB, 36.94 W
2026/09/20 10:58:17.067, 0, 25 %, 1 %, 35270 MiB, 35.81 W
2026/09/20 10:58:17.067, 1, 0 %, 0 %, 35270 MiB, 35.50 W
2026/09/20 10:58:17.068, 2, 0 %, 0 %, 35271 MiB, 36.94 W
2026/09/20 10:58:22.068, 0, 0 %, 0 %, 35270 MiB, 36.11 W
2026/09/20 10:58:22.068, 1, 0 %, 0 %, 35270 MiB, 35.41 W
2026/09/20 10:58:22.068, 2, 0 %, 0 %, 35271 MiB, 36.85 W
2026/09/20 10:58:27.069, 0, 0 %, 0 %, 35270 MiB, 35.94 W
2026/09/20 10:58:27.070, 1, 0 %, 0 %, 35270 MiB, 35.61 W
2026/09/20 10:58:27.070, 2, 0 %, 0 %, 35271 MiB, 36.75 W
2026/09/20 10:58:32.070, 0, 0 %, 0 %, 35270 MiB, 35.94 W
2026/09/20 10:58:32.070, 1, 0 %, 0 %, 35270 MiB, 35.50 W
2026/09/20 10:58:32.070, 2, 0 %, 0 %, 35271 MiB, 36.94 W
2026/09/20 10:58:37.072, 0, 0 %, 0 %, 35270 MiB, 35.92 W
2026/09/20 10:58:37.072, 1, 0 %, 0 %, 35270 MiB, 35.50 W
2026/09/20 10:58:37.072, 2, 0 %, 0 %, 35271 MiB, 36.94 W
2026/09/20 10:58:42.074, 0, 0 %, 0 %, 35270 MiB, 35.99 W
2026/09/20 10:58:42.074, 1, 0 %, 0 %, 35270 MiB, 35.48 W
2026/09/20 10:58:42.075, 2, 0 %, 0 %, 35271 MiB, 36.83 W
2026/09/20 10:58:47.076, 0, 20 %, 1 %, 35270 MiB, 36.02 W
2026/09/20 10:58:47.076, 1, 0 %, 0 %, 35270 MiB, 35.40 W
2026/09/20 10:58:47.076, 2, 0 %, 0 %, 35271 MiB, 36.75 W
2026/09/20 10:58:52.078, 0, 0 %, 0 %, 35270 MiB, 35.92 W
2026/09/20 10:58:52.078, 1, 0 %, 0 %, 35270 MiB, 35.31 W
2026/09/20 10:58:52.078, 2, 0 %, 0 %, 35271 MiB, 36.85 W
2026/09/20 10:58:57.080, 0, 0 %, 0 %, 35270 MiB, 36.01 W
2026/09/20 10:58:57.080, 1, 0 %, 0 %, 35270 MiB, 35.29 W
2026/09/20 10:58:57.080, 2, 0 %, 0 %, 35271 MiB, 36.85 W
2026/09/20 10:59:02.082, 0, 0 %, 0 %, 35270 MiB, 36.11 W
2026/09/20 10:59:02.082, 1, 0 %, 0 %, 35270 MiB, 35.21 W
2026/09/20 10:59:02.082, 2, 0 %, 0 %, 35271 MiB, 36.85 W
2026/09/20 10:59:07.084, 0, 0 %, 0 %, 35270 MiB, 35.82 W
2026/09/20 10:59:07.084, 1, 0 %, 0 %, 35270 MiB, 35.49 W
2026/09/20 10:59:07.084, 2, 0 %, 0 %, 35271 MiB, 36.75 W
2026/09/20 10:59:12.085, 0, 0 %, 0 %, 35270 MiB, 35.92 W
2026/09/20 10:59:12.085, 1, 0 %, 0 %, 35270 MiB, 35.40 W
2026/09/20 10:59:12.085, 2, 0 %, 0 %, 35271 MiB, 36.85 W
2026/09/20 10:59:17.087, 0, 0 %, 0 %, 35270 MiB, 36.11 W
2026/09/20 10:59:17.087, 1, 0 %, 0 %, 35270 MiB, 35.30 W
2026/09/20 10:59:17.087, 2, 0 %, 0 %, 35271 MiB, 36.75 W
2026/09/20 10:59:22.089, 0, 0 %, 0 %, 35270 MiB, 35.92 W
2026/09/20 10:59:22.089, 1, 12 %, 0 %, 35270 MiB, 38.64 W
2026/09/20 10:59:22.090, 2, 0 %, 0 %, 35271 MiB, 36.85 W
2026/09/20 10:59:27.091, 0, 0 %, 0 %, 35270 MiB, 35.90 W
2026/09/20 10:59:27.091, 1, 24 %, 1 %, 35270 MiB, 35.49 W
2026/09/20 10:59:27.091, 2, 0 %, 0 %, 35271 MiB, 36.85 W
2026/09/20 10:59:32.092, 0, 0 %, 0 %, 35270 MiB, 35.93 W
2026/09/20 10:59:32.092, 1, 0 %, 0 %, 35270 MiB, 35.50 W
2026/09/20 10:59:32.092, 2, 0 %, 0 %, 35271 MiB, 36.86 W
2026/09/20 10:59:37.093, 0, 17 %, 1 %, 35270 MiB, 36.14 W
2026/09/20 10:59:37.093, 1, 0 %, 0 %, 35270 MiB, 37.28 W
2026/09/20 10:59:37.093, 2, 0 %, 0 %, 35271 MiB, 36.87 W
2026/09/20 10:59:42.095, 0, 0 %, 0 %, 35270 MiB, 35.94 W
2026/09/20 10:59:42.095, 1, 0 %, 0 %, 35270 MiB, 35.51 W
2026/09/20 10:59:42.095, 2, 0 %, 0 %, 35271 MiB, 36.87 W
2026/09/20 10:59:47.096, 0, 18 %, 1 %, 35270 MiB, 35.92 W
2026/09/20 10:59:47.096, 1, 0 %, 0 %, 35270 MiB, 35.50 W
2026/09/20 10:59:47.096, 2, 0 %, 0 %, 35271 MiB, 36.94 W
2026/09/20 10:59:52.097, 0, 0 %, 0 %, 35270 MiB, 36.01 W
2026/09/20 10:59:52.098, 1, 0 %, 0 %, 35270 MiB, 35.29 W
2026/09/20 10:59:52.098, 2, 0 %, 0 %, 35271 MiB, 36.74 W
2026/09/20 10:59:57.099, 0, 0 %, 0 %, 35270 MiB, 36.09 W
2026/09/20 10:59:57.099, 1, 0 %, 0 %, 35270 MiB, 35.47 W
2026/09/20 10:59:57.099, 2, 0 %, 0 %, 35271 MiB, 36.73 W
2026/09/20 11:00:02.101, 0, 0 %, 0 %, 35270 MiB, 36.02 W
2026/09/20 11:00:02.101, 1, 25 %, 1 %, 35270 MiB, 35.40 W
2026/09/20 11:00:02.101, 2, 0 %, 0 %, 35271 MiB, 36.76 W
2026/09/20 11:00:07.103, 0, 0 %, 0 %, 35270 MiB, 41.04 W
2026/09/20 11:00:07.103, 1, 0 %, 0 %, 35270 MiB, 35.39 W
2026/09/20 11:00:07.103, 2, 0 %, 0 %, 35271 MiB, 36.94 W
2026/09/20 11:00:12.104, 0, 0 %, 0 %, 35270 MiB, 36.20 W
2026/09/20 11:00:12.105, 1, 0 %, 0 %, 35270 MiB, 35.29 W
2026/09/20 11:00:12.105, 2, 0 %, 0 %, 35271 MiB, 36.85 W
2026/09/20 11:00:17.105, 0, 0 %, 0 %, 35270 MiB, 35.96 W
2026/09/20 11:00:17.105, 1, 0 %, 0 %, 35270 MiB, 35.33 W
2026/09/20 11:00:17.105, 2, 0 %, 0 %, 35271 MiB, 36.77 W
2026/09/20 11:00:22.107, 0, 0 %, 0 %, 35270 MiB, 35.84 W
2026/09/20 11:00:22.107, 1, 0 %, 0 %, 35270 MiB, 35.33 W
2026/09/20 11:00:22.107, 2, 0 %, 0 %, 35271 MiB, 36.77 W
2026/09/20 11:00:27.119, 0, 0 %, 0 %, 35270 MiB, 35.84 W
2026/09/20 11:00:27.119, 1, 20 %, 1 %, 35270 MiB, 35.41 W
2026/09/20 11:00:27.119, 2, 0 %, 0 %, 35271 MiB, 36.95 W
2026/09/20 11:00:32.124, 0, 0 %, 0 %, 35270 MiB, 35.94 W
2026/09/20 11:00:32.125, 1, 0 %, 0 %, 35270 MiB, 35.52 W
2026/09/20 11:00:32.125, 2, 0 %, 0 %, 35271 MiB, 36.77 W
2026/09/20 11:00:37.128, 0, 0 %, 0 %, 35270 MiB, 35.92 W
2026/09/20 11:00:37.128, 1, 0 %, 0 %, 35270 MiB, 35.50 W
2026/09/20 11:00:37.128, 2, 0 %, 0 %, 35271 MiB, 36.85 W
2026/09/20 11:00:42.129, 0, 0 %, 0 %, 35270 MiB, 35.84 W
2026/09/20 11:00:42.129, 1, 0 %, 0 %, 35270 MiB, 35.51 W
2026/09/20 11:00:42.129, 2, 0 %, 0 %, 35271 MiB, 36.87 W
2026/09/20 11:00:47.130, 0, 0 %, 0 %, 35270 MiB, 35.92 W
2026/09/20 11:00:47.130, 1, 20 %, 1 %, 35270 MiB, 35.50 W
2026/09/20 11:00:47.131, 2, 0 %, 0 %, 35271 MiB, 36.94 W
2026/09/20 11:00:52.132, 0, 0 %, 0 %, 35270 MiB, 36.03 W
2026/09/20 11:00:52.133, 1, 3 %, 0 %, 35270 MiB, 36.88 W
2026/09/20 11:00:52.133, 2, 0 %, 0 %, 35271 MiB, 36.75 W
2026/09/20 11:00:57.133, 0, 0 %, 0 %, 35270 MiB, 35.85 W
2026/09/20 11:00:57.133, 1, 0 %, 0 %, 35270 MiB, 35.33 W
2026/09/20 11:00:57.133, 2, 0 %, 0 %, 35271 MiB, 36.78 W
2026/09/20 11:01:02.135, 0, 0 %, 0 %, 35270 MiB, 35.92 W
2026/09/20 11:01:02.135, 1, 14 %, 0 %, 35270 MiB, 35.39 W
2026/09/20 11:01:02.136, 2, 0 %, 0 %, 35271 MiB, 36.75 W
2026/09/20 11:01:07.137, 0, 0 %, 0 %, 35270 MiB, 35.92 W
2026/09/20 11:01:07.137, 1, 10 %, 0 %, 35270 MiB, 37.05 W
2026/09/20 11:01:07.137, 2, 0 %, 0 %, 35271 MiB, 36.75 W
2026/09/20 11:01:12.138, 0, 0 %, 0 %, 35270 MiB, 36.06 W
2026/09/20 11:01:12.138, 1, 19 %, 1 %, 35270 MiB, 35.33 W
2026/09/20 11:01:12.139, 2, 0 %, 0 %, 35271 MiB, 36.80 W
2026/09/20 11:01:17.140, 0, 0 %, 0 %, 35270 MiB, 35.92 W
2026/09/20 11:01:17.140, 1, 5 %, 0 %, 35270 MiB, 35.41 W
2026/09/20 11:01:17.140, 2, 0 %, 0 %, 35271 MiB, 36.75 W
2026/09/20 11:01:22.142, 0, 0 %, 0 %, 35270 MiB, 35.83 W
2026/09/20 11:01:22.142, 1, 17 %, 1 %, 35270 MiB, 35.30 W
2026/09/20 11:01:22.142, 2, 0 %, 0 %, 35271 MiB, 36.94 W
2026/09/20 11:01:27.143, 0, 0 %, 0 %, 35270 MiB, 35.73 W
2026/09/20 11:01:27.143, 1, 25 %, 1 %, 35270 MiB, 35.51 W
2026/09/20 11:01:27.143, 2, 10 %, 0 %, 35271 MiB, 36.87 W
2026/09/20 11:01:32.145, 0, 0 %, 0 %, 35270 MiB, 35.92 W
2026/09/20 11:01:32.145, 1, 0 %, 0 %, 35270 MiB, 35.49 W
2026/09/20 11:01:32.145, 2, 0 %, 0 %, 35271 MiB, 36.75 W
2026/09/20 11:01:37.149, 0, 0 %, 0 %, 35270 MiB, 35.82 W
2026/09/20 11:01:37.149, 1, 0 %, 0 %, 35270 MiB, 35.39 W
2026/09/20 11:01:37.149, 2, 0 %, 0 %, 35271 MiB, 36.85 W
2026/09/20 11:01:42.155, 0, 0 %, 0 %, 35270 MiB, 35.79 W
2026/09/20 11:01:42.155, 1, 0 %, 0 %, 35270 MiB, 36.17 W
2026/09/20 11:01:42.155, 2, 0 %, 0 %, 35271 MiB, 37.72 W
2026/09/20 11:01:47.156, 0, 0 %, 0 %, 35270 MiB, 35.83 W
2026/09/20 11:01:47.156, 1, 0 %, 0 %, 35270 MiB, 35.51 W
2026/09/20 11:01:47.156, 2, 10 %, 0 %, 35271 MiB, 38.15 W
2026/09/20 11:01:52.158, 0, 0 %, 0 %, 35270 MiB, 35.83 W
2026/09/20 11:01:52.158, 1, 0 %, 0 %, 35270 MiB, 35.51 W
2026/09/20 11:01:52.158, 2, 0 %, 0 %, 35271 MiB, 36.86 W
2026/09/20 11:01:57.160, 0, 0 %, 0 %, 35270 MiB, 35.82 W
2026/09/20 11:01:57.160, 1, 0 %, 0 %, 35270 MiB, 35.50 W
2026/09/20 11:01:57.161, 2, 0 %, 0 %, 35271 MiB, 36.95 W
2026/09/20 11:02:02.161, 0, 0 %, 0 %, 35270 MiB, 35.92 W
2026/09/20 11:02:02.161, 1, 0 %, 0 %, 35270 MiB, 35.50 W
2026/09/20 11:02:02.162, 2, 25 %, 1 %, 35271 MiB, 36.85 W
2026/09/20 11:02:07.163, 0, 0 %, 0 %, 35270 MiB, 35.92 W
2026/09/20 11:02:07.163, 1, 0 %, 0 %, 35270 MiB, 35.21 W
2026/09/20 11:02:07.163, 2, 0 %, 0 %, 35271 MiB, 36.76 W
2026/09/20 11:02:12.165, 0, 0 %, 0 %, 35270 MiB, 36.04 W
2026/09/20 11:02:12.165, 1, 0 %, 0 %, 35270 MiB, 35.31 W
2026/09/20 11:02:12.165, 2, 0 %, 0 %, 35271 MiB, 36.77 W
2026/09/20 11:02:17.167, 0, 0 %, 0 %, 35270 MiB, 35.92 W
2026/09/20 11:02:17.167, 1, 0 %, 0 %, 35270 MiB, 35.39 W
2026/09/20 11:02:17.167, 2, 0 %, 0 %, 35271 MiB, 36.75 W
2026/09/20 11:02:22.169, 0, 0 %, 0 %, 35270 MiB, 36.01 W
2026/09/20 11:02:22.169, 1, 0 %, 0 %, 35270 MiB, 35.49 W
2026/09/20 11:02:22.169, 2, 0 %, 0 %, 35271 MiB, 36.75 W
2026/09/20 11:02:27.171, 0, 0 %, 0 %, 35270 MiB, 36.12 W
2026/09/20 11:02:27.171, 1, 0 %, 0 %, 35270 MiB, 35.30 W
2026/09/20 11:02:27.171, 2, 0 %, 0 %, 35271 MiB, 39.92 W
2026/09/20 11:02:32.173, 0, 0 %, 0 %, 35270 MiB, 35.81 W
2026/09/20 11:02:32.173, 1, 0 %, 0 %, 35270 MiB, 35.29 W
2026/09/20 11:02:32.173, 2, 0 %, 0 %, 35271 MiB, 36.75 W
2026/09/20 11:02:37.175, 0, 0 %, 0 %, 35270 MiB, 35.73 W
2026/09/20 11:02:37.175, 1, 0 %, 0 %, 35270 MiB, 35.61 W
2026/09/20 11:02:37.175, 2, 0 %, 0 %, 35271 MiB, 36.87 W
2026/09/20 11:02:42.176, 0, 0 %, 0 %, 35270 MiB, 35.85 W
2026/09/20 11:02:42.176, 1, 0 %, 0 %, 35270 MiB, 35.53 W
2026/09/20 11:02:42.176, 2, 0 %, 0 %, 35271 MiB, 36.77 W
2026/09/20 11:02:47.178, 0, 0 %, 0 %, 35270 MiB, 35.94 W
2026/09/20 11:02:47.178, 1, 0 %, 0 %, 35270 MiB, 35.42 W
2026/09/20 11:02:47.178, 2, 0 %, 0 %, 35271 MiB, 36.87 W
2026/09/20 11:02:52.179, 0, 0 %, 0 %, 35270 MiB, 35.84 W
2026/09/20 11:02:52.179, 1, 0 %, 0 %, 35270 MiB, 35.43 W
2026/09/20 11:02:52.179, 2, 0 %, 0 %, 35271 MiB, 36.87 W
2026/09/20 11:02:57.180, 0, 0 %, 0 %, 35270 MiB, 35.74 W
2026/09/20 11:02:57.181, 1, 0 %, 0 %, 35270 MiB, 35.62 W
2026/09/20 11:02:57.181, 2, 0 %, 0 %, 35271 MiB, 36.98 W
2026/09/20 11:03:02.181, 0, 0 %, 0 %, 35270 MiB, 35.84 W
2026/09/20 11:03:02.181, 1, 0 %, 0 %, 35270 MiB, 35.51 W
2026/09/20 11:03:02.181, 2, 0 %, 0 %, 35271 MiB, 36.77 W
2026/09/20 11:03:07.186, 0, 0 %, 0 %, 35270 MiB, 36.12 W
2026/09/20 11:03:07.187, 1, 0 %, 0 %, 35270 MiB, 35.50 W
2026/09/20 11:03:07.187, 2, 0 %, 0 %, 35271 MiB, 36.64 W
2026/09/20 11:03:12.187, 0, 0 %, 0 %, 35270 MiB, 35.94 W
2026/09/20 11:03:12.187, 1, 0 %, 0 %, 35270 MiB, 35.21 W
2026/09/20 11:03:12.188, 2, 0 %, 0 %, 35271 MiB, 36.74 W
2026/09/20 11:03:17.188, 0, 0 %, 0 %, 35270 MiB, 35.84 W
2026/09/20 11:03:17.188, 1, 0 %, 0 %, 35270 MiB, 35.42 W
2026/09/20 11:03:17.189, 2, 0 %, 0 %, 35271 MiB, 36.66 W
2026/09/20 11:03:22.189, 0, 0 %, 0 %, 35270 MiB, 35.94 W
2026/09/20 11:03:22.189, 1, 0 %, 0 %, 35270 MiB, 35.32 W
2026/09/20 11:03:22.189, 2, 0 %, 0 %, 35271 MiB, 36.68 W
2026/09/20 11:03:27.190, 0, 0 %, 0 %, 35270 MiB, 36.04 W
2026/09/20 11:03:27.190, 1, 0 %, 0 %, 35270 MiB, 35.33 W
2026/09/20 11:03:27.190, 2, 0 %, 0 %, 35271 MiB, 36.97 W
2026/09/20 11:03:32.191, 0, 0 %, 0 %, 35270 MiB, 36.06 W
2026/09/20 11:03:32.191, 1, 0 %, 0 %, 35270 MiB, 35.24 W
2026/09/20 11:03:32.192, 2, 0 %, 0 %, 35271 MiB, 36.79 W
2026/09/20 11:03:37.200, 0, 0 %, 0 %, 35270 MiB, 35.73 W
2026/09/20 11:03:37.200, 1, 0 %, 0 %, 35270 MiB, 35.41 W
2026/09/20 11:03:37.200, 2, 0 %, 0 %, 35271 MiB, 36.76 W
2026/09/20 11:03:42.202, 0, 0 %, 0 %, 35270 MiB, 35.75 W
2026/09/20 11:03:42.202, 1, 0 %, 0 %, 35270 MiB, 35.33 W
2026/09/20 11:03:42.202, 2, 0 %, 0 %, 35271 MiB, 36.77 W
2026/09/20 11:03:47.203, 0, 0 %, 0 %, 35270 MiB, 35.92 W
2026/09/20 11:03:47.204, 1, 0 %, 0 %, 35270 MiB, 35.39 W
2026/09/20 11:03:47.204, 2, 0 %, 0 %, 35271 MiB, 36.94 W
2026/09/20 11:03:52.205, 0, 0 %, 0 %, 35270 MiB, 35.84 W
2026/09/20 11:03:52.205, 1, 0 %, 0 %, 35270 MiB, 35.60 W
2026/09/20 11:03:52.205, 2, 0 %, 0 %, 35271 MiB, 36.77 W
2026/09/20 11:03:57.206, 0, 0 %, 0 %, 35270 MiB, 35.83 W
2026/09/20 11:03:57.206, 1, 0 %, 0 %, 35270 MiB, 35.40 W
2026/09/20 11:03:57.207, 2, 0 %, 0 %, 35271 MiB, 36.77 W
2026/09/20 11:04:02.208, 0, 0 %, 0 %, 35270 MiB, 35.84 W
2026/09/20 11:04:02.208, 1, 0 %, 0 %, 35270 MiB, 35.42 W
2026/09/20 11:04:02.208, 2, 0 %, 0 %, 35271 MiB, 36.77 W
2026/09/20 11:04:07.209, 0, 0 %, 0 %, 35270 MiB, 35.92 W
2026/09/20 11:04:07.209, 1, 0 %, 0 %, 35270 MiB, 35.50 W
2026/09/20 11:04:07.209, 2, 0 %, 0 %, 35271 MiB, 36.94 W
2026/09/20 11:04:12.211, 0, 0 %, 0 %, 35270 MiB, 36.01 W
2026/09/20 11:04:12.211, 1, 0 %, 0 %, 35270 MiB, 35.87 W
2026/09/20 11:04:12.211, 2, 0 %, 0 %, 35271 MiB, 37.03 W
2026/09/20 11:04:17.213, 0, 0 %, 0 %, 35270 MiB, 35.92 W
2026/09/20 11:04:17.213, 1, 0 %, 0 %, 35270 MiB, 35.49 W
2026/09/20 11:04:17.213, 2, 0 %, 0 %, 35271 MiB, 36.65 W
2026/09/20 11:04:22.215, 0, 0 %, 0 %, 35270 MiB, 35.84 W
2026/09/20 11:04:22.215, 1, 0 %, 0 %, 35270 MiB, 35.31 W
2026/09/20 11:04:22.215, 2, 0 %, 0 %, 35271 MiB, 36.65 W
2026/09/20 11:04:27.217, 0, 0 %, 0 %, 35270 MiB, 36.04 W
2026/09/20 11:04:27.217, 1, 0 %, 0 %, 35270 MiB, 35.32 W
2026/09/20 11:04:27.217, 2, 0 %, 0 %, 35271 MiB, 36.76 W
2026/09/20 11:04:32.218, 0, 0 %, 0 %, 35270 MiB, 35.94 W
2026/09/20 11:04:32.218, 1, 0 %, 0 %, 35270 MiB, 35.31 W
2026/09/20 11:04:32.218, 2, 0 %, 0 %, 35271 MiB, 36.76 W
2026/09/20 11:04:37.220, 0, 0 %, 0 %, 35270 MiB, 36.01 W
2026/09/20 11:04:37.220, 1, 0 %, 0 %, 35270 MiB, 35.39 W
2026/09/20 11:04:37.220, 2, 0 %, 0 %, 35271 MiB, 36.75 W
2026/09/20 11:04:42.221, 0, 0 %, 0 %, 35270 MiB, 36.01 W
2026/09/20 11:04:42.221, 1, 0 %, 0 %, 35270 MiB, 35.38 W
2026/09/20 11:04:42.222, 2, 0 %, 0 %, 35271 MiB, 36.64 W
2026/09/20 11:04:47.222, 0, 0 %, 0 %, 35270 MiB, 35.71 W
2026/09/20 11:04:47.222, 1, 0 %, 0 %, 35270 MiB, 35.59 W
2026/09/20 11:04:47.222, 2, 0 %, 0 %, 35271 MiB, 36.75 W
2026/09/20 11:04:52.224, 0, 0 %, 0 %, 35270 MiB, 35.72 W
2026/09/20 11:04:52.224, 1, 0 %, 0 %, 35270 MiB, 35.51 W
2026/09/20 11:04:52.224, 2, 0 %, 0 %, 35271 MiB, 36.77 W
2026/09/20 11:04:57.225, 0, 0 %, 0 %, 35270 MiB, 35.84 W
2026/09/20 11:04:57.226, 1, 0 %, 0 %, 35270 MiB, 35.33 W
2026/09/20 11:04:57.226, 2, 0 %, 0 %, 35271 MiB, 36.68 W
2026/09/20 11:05:02.227, 0, 0 %, 0 %, 35270 MiB, 36.04 W
2026/09/20 11:05:02.227, 1, 0 %, 0 %, 35270 MiB, 35.42 W
2026/09/20 11:05:02.227, 2, 0 %, 0 %, 35271 MiB, 36.77 W
2026/09/20 11:05:07.228, 0, 0 %, 0 %, 35270 MiB, 35.86 W
2026/09/20 11:05:07.228, 1, 0 %, 0 %, 35270 MiB, 35.53 W
2026/09/20 11:05:07.229, 2, 0 %, 0 %, 35271 MiB, 36.87 W
2026/09/20 11:05:12.230, 0, 0 %, 0 %, 35270 MiB, 35.82 W
2026/09/20 11:05:12.230, 1, 0 %, 0 %, 35270 MiB, 35.40 W
2026/09/20 11:05:12.230, 2, 0 %, 0 %, 35271 MiB, 36.85 W
2026/09/20 11:05:17.231, 0, 0 %, 0 %, 35270 MiB, 35.90 W
2026/09/20 11:05:17.231, 1, 0 %, 0 %, 35270 MiB, 35.38 W
2026/09/20 11:05:17.231, 2, 0 %, 0 %, 35271 MiB, 36.74 W
2026/09/20 11:05:22.232, 0, 0 %, 0 %, 35270 MiB, 36.01 W
2026/09/20 11:05:22.232, 1, 0 %, 0 %, 35270 MiB, 35.68 W
2026/09/20 11:05:22.232, 2, 0 %, 0 %, 35271 MiB, 36.65 W
2026/09/20 11:05:27.240, 0, 0 %, 0 %, 35270 MiB, 35.90 W
2026/09/20 11:05:27.240, 1, 0 %, 0 %, 35270 MiB, 35.58 W
2026/09/20 11:05:27.240, 2, 0 %, 0 %, 35271 MiB, 36.93 W
2026/09/20 11:05:32.242, 0, 0 %, 0 %, 35270 MiB, 35.92 W
2026/09/20 11:05:32.242, 1, 0 %, 0 %, 35270 MiB, 35.38 W
2026/09/20 11:05:32.242, 2, 0 %, 0 %, 35271 MiB, 36.65 W
2026/09/20 11:05:37.243, 0, 0 %, 0 %, 35270 MiB, 35.94 W
2026/09/20 11:05:37.243, 1, 0 %, 0 %, 35270 MiB, 35.32 W
2026/09/20 11:05:37.243, 2, 0 %, 0 %, 35271 MiB, 36.68 W
2026/09/20 11:05:42.245, 0, 25 %, 1 %, 35270 MiB, 36.11 W
2026/09/20 11:05:42.245, 1, 0 %, 0 %, 35270 MiB, 35.50 W
2026/09/20 11:05:42.245, 2, 0 %, 0 %, 35271 MiB, 36.65 W
2026/09/20 11:05:47.247, 0, 0 %, 0 %, 35270 MiB, 36.01 W
2026/09/20 11:05:47.247, 1, 0 %, 0 %, 35270 MiB, 35.38 W
2026/09/20 11:05:47.247, 2, 0 %, 0 %, 35271 MiB, 36.65 W
2026/09/20 11:05:52.252, 0, 0 %, 0 %, 35270 MiB, 35.82 W
2026/09/20 11:05:52.252, 1, 0 %, 0 %, 35270 MiB, 35.29 W
2026/09/20 11:05:52.253, 2, 0 %, 0 %, 35271 MiB, 36.65 W
2026/09/20 11:05:57.253, 0, 0 %, 0 %, 35270 MiB, 35.71 W
2026/09/20 11:05:57.253, 1, 0 %, 0 %, 35270 MiB, 35.39 W
2026/09/20 11:05:57.253, 2, 0 %, 0 %, 35271 MiB, 36.75 W
2026/09/20 11:06:02.255, 0, 15 %, 1 %, 35270 MiB, 35.82 W
2026/09/20 11:06:02.255, 1, 0 %, 0 %, 35270 MiB, 35.39 W
2026/09/20 11:06:02.255, 2, 0 %, 0 %, 35271 MiB, 37.04 W
2026/09/20 11:06:07.257, 0, 0 %, 0 %, 35270 MiB, 35.80 W
2026/09/20 11:06:07.257, 1, 0 %, 0 %, 35270 MiB, 35.38 W
2026/09/20 11:06:07.257, 2, 0 %, 0 %, 35271 MiB, 36.83 W
2026/09/20 11:06:12.259, 0, 0 %, 0 %, 35270 MiB, 35.92 W
2026/09/20 11:06:12.259, 1, 0 %, 0 %, 35270 MiB, 35.39 W
2026/09/20 11:06:12.260, 2, 0 %, 0 %, 35271 MiB, 36.85 W
2026/09/20 11:06:17.261, 0, 0 %, 0 %, 35270 MiB, 42.02 W
2026/09/20 11:06:17.261, 1, 0 %, 0 %, 35270 MiB, 35.68 W
2026/09/20 11:06:17.261, 2, 0 %, 0 %, 35271 MiB, 36.85 W
2026/09/20 11:06:22.262, 0, 0 %, 0 %, 35270 MiB, 36.03 W
2026/09/20 11:06:22.263, 1, 0 %, 0 %, 35270 MiB, 35.52 W
2026/09/20 11:06:22.263, 2, 0 %, 0 %, 35271 MiB, 36.97 W
2026/09/20 11:06:27.263, 0, 0 %, 0 %, 35270 MiB, 35.85 W
2026/09/20 11:06:27.263, 1, 0 %, 0 %, 35270 MiB, 35.42 W
2026/09/20 11:06:27.264, 2, 0 %, 0 %, 35271 MiB, 36.68 W
2026/09/20 11:06:32.265, 0, 0 %, 0 %, 35270 MiB, 35.90 W
2026/09/20 11:06:32.265, 1, 0 %, 0 %, 35270 MiB, 35.29 W
2026/09/20 11:06:32.265, 2, 0 %, 0 %, 35271 MiB, 36.64 W
2026/09/20 11:06:37.268, 0, 0 %, 0 %, 35270 MiB, 36.11 W
2026/09/20 11:06:37.268, 1, 0 %, 0 %, 35270 MiB, 35.49 W
2026/09/20 11:06:37.268, 2, 0 %, 0 %, 35271 MiB, 36.64 W
2026/09/20 11:06:42.270, 0, 0 %, 0 %, 35270 MiB, 36.04 W
2026/09/20 11:06:42.270, 1, 0 %, 0 %, 35270 MiB, 35.33 W
2026/09/20 11:06:42.270, 2, 0 %, 0 %, 35271 MiB, 36.77 W
2026/09/20 11:06:47.271, 0, 0 %, 0 %, 35270 MiB, 36.01 W
2026/09/20 11:06:47.271, 1, 0 %, 0 %, 35270 MiB, 35.29 W
2026/09/20 11:06:47.271, 2, 0 %, 0 %, 35271 MiB, 36.75 W
2026/09/20 11:06:52.273, 0, 0 %, 0 %, 35270 MiB, 35.92 W
2026/09/20 11:06:52.273, 1, 0 %, 0 %, 35270 MiB, 35.30 W
2026/09/20 11:06:52.273, 2, 0 %, 0 %, 35271 MiB, 36.85 W
2026/09/20 11:06:57.275, 0, 0 %, 0 %, 35270 MiB, 35.82 W
2026/09/20 11:06:57.275, 1, 0 %, 0 %, 35270 MiB, 35.40 W
2026/09/20 11:06:57.275, 2, 0 %, 0 %, 35271 MiB, 36.75 W
2026/09/20 11:07:02.277, 0, 25 %, 1 %, 35270 MiB, 35.92 W
2026/09/20 11:07:02.277, 1, 0 %, 0 %, 35270 MiB, 35.39 W
2026/09/20 11:07:02.277, 2, 0 %, 0 %, 35271 MiB, 36.85 W
2026/09/20 11:07:07.287, 0, 25 %, 1 %, 35270 MiB, 35.81 W
2026/09/20 11:07:07.287, 1, 0 %, 0 %, 35270 MiB, 35.29 W
2026/09/20 11:07:07.288, 2, 0 %, 0 %, 35271 MiB, 36.85 W
2026/09/20 11:07:12.288, 0, 0 %, 0 %, 35270 MiB, 36.40 W
2026/09/20 11:07:12.289, 1, 0 %, 0 %, 35270 MiB, 35.60 W
2026/09/20 11:07:12.289, 2, 0 %, 0 %, 35271 MiB, 36.85 W
2026/09/20 11:07:17.290, 0, 0 %, 0 %, 35270 MiB, 35.82 W
2026/09/20 11:07:17.290, 1, 0 %, 0 %, 35270 MiB, 35.49 W
2026/09/20 11:07:17.290, 2, 0 %, 0 %, 35271 MiB, 36.75 W
2026/09/20 11:07:22.292, 0, 0 %, 0 %, 35270 MiB, 38.48 W
2026/09/20 11:07:22.292, 1, 0 %, 0 %, 35270 MiB, 35.49 W
2026/09/20 11:07:22.292, 2, 0 %, 0 %, 35271 MiB, 36.94 W
2026/09/20 11:07:27.294, 0, 0 %, 0 %, 35270 MiB, 35.82 W
2026/09/20 11:07:27.294, 1, 14 %, 1 %, 35270 MiB, 35.50 W
2026/09/20 11:07:27.294, 2, 0 %, 0 %, 35271 MiB, 36.85 W
2026/09/20 11:07:32.296, 0, 0 %, 0 %, 35270 MiB, 36.00 W
2026/09/20 11:07:32.296, 1, 0 %, 0 %, 35270 MiB, 35.58 W
2026/09/20 11:07:32.296, 2, 0 %, 0 %, 35271 MiB, 36.83 W
2026/09/20 11:07:37.297, 0, 0 %, 0 %, 35270 MiB, 35.92 W
2026/09/20 11:07:37.297, 1, 0 %, 0 %, 35270 MiB, 35.48 W
2026/09/20 11:07:37.298, 2, 0 %, 0 %, 35271 MiB, 36.53 W
2026/09/20 11:07:42.298, 0, 0 %, 0 %, 35270 MiB, 35.92 W
2026/09/20 11:07:42.299, 1, 12 %, 0 %, 35270 MiB, 35.40 W
2026/09/20 11:07:42.299, 2, 0 %, 0 %, 35271 MiB, 36.75 W
2026/09/20 11:07:47.300, 0, 0 %, 0 %, 35270 MiB, 36.00 W
2026/09/20 11:07:47.300, 1, 0 %, 0 %, 35270 MiB, 35.57 W
2026/09/20 11:07:47.300, 2, 0 %, 0 %, 35271 MiB, 36.62 W
2026/09/20 11:07:52.302, 0, 0 %, 0 %, 35270 MiB, 35.99 W
2026/09/20 11:07:52.302, 1, 0 %, 0 %, 35270 MiB, 35.28 W
2026/09/20 11:07:52.302, 2, 0 %, 0 %, 35271 MiB, 36.74 W
2026/09/20 11:07:57.304, 0, 0 %, 0 %, 35270 MiB, 36.01 W
2026/09/20 11:07:57.304, 1, 0 %, 0 %, 35270 MiB, 37.67 W
2026/09/20 11:07:57.304, 2, 0 %, 0 %, 35271 MiB, 36.74 W
2026/09/20 11:08:02.306, 0, 0 %, 0 %, 35270 MiB, 36.01 W
2026/09/20 11:08:02.307, 1, 15 %, 1 %, 35270 MiB, 35.38 W
2026/09/20 11:08:02.307, 2, 0 %, 0 %, 35271 MiB, 36.75 W
2026/09/20 11:08:07.308, 0, 0 %, 0 %, 35270 MiB, 35.79 W
2026/09/20 11:08:07.308, 1, 0 %, 0 %, 35270 MiB, 35.48 W
2026/09/20 11:08:07.308, 2, 0 %, 0 %, 35271 MiB, 36.74 W
2026/09/20 11:08:12.310, 0, 0 %, 0 %, 35270 MiB, 35.90 W
2026/09/20 11:08:12.310, 1, 0 %, 0 %, 35270 MiB, 36.25 W
2026/09/20 11:08:12.311, 2, 0 %, 0 %, 35271 MiB, 36.75 W
2026/09/20 11:08:17.311, 0, 0 %, 0 %, 35270 MiB, 35.81 W
2026/09/20 11:08:17.311, 1, 6 %, 0 %, 35270 MiB, 40.81 W
2026/09/20 11:08:17.311, 2, 0 %, 0 %, 35271 MiB, 36.85 W
2026/09/20 11:08:22.313, 0, 0 %, 0 %, 35270 MiB, 35.83 W
2026/09/20 11:08:22.313, 1, 0 %, 0 %, 35270 MiB, 35.60 W
2026/09/20 11:08:22.313, 2, 0 %, 0 %, 35271 MiB, 36.85 W
2026/09/20 11:08:27.315, 0, 0 %, 0 %, 35270 MiB, 36.11 W
2026/09/20 11:08:27.315, 1, 0 %, 0 %, 35270 MiB, 35.48 W
2026/09/20 11:08:27.315, 2, 0 %, 0 %, 35271 MiB, 36.94 W
2026/09/20 11:08:32.316, 0, 0 %, 0 %, 35270 MiB, 35.82 W
2026/09/20 11:08:32.317, 1, 2 %, 0 %, 35270 MiB, 35.49 W
2026/09/20 11:08:32.317, 2, 0 %, 0 %, 35271 MiB, 36.85 W
2026/09/20 11:08:37.317, 0, 0 %, 0 %, 35270 MiB, 35.92 W
2026/09/20 11:08:37.317, 1, 0 %, 0 %, 35270 MiB, 35.49 W
2026/09/20 11:08:37.317, 2, 0 %, 0 %, 35271 MiB, 37.04 W
2026/09/20 11:08:42.319, 0, 0 %, 0 %, 35270 MiB, 35.92 W
2026/09/20 11:08:42.319, 1, 0 %, 0 %, 35270 MiB, 35.48 W
2026/09/20 11:08:42.319, 2, 0 %, 0 %, 35271 MiB, 36.65 W
2026/09/20 11:08:47.321, 0, 0 %, 0 %, 35270 MiB, 36.01 W
2026/09/20 11:08:47.321, 1, 0 %, 0 %, 35270 MiB, 35.29 W
2026/09/20 11:08:47.321, 2, 0 %, 0 %, 35271 MiB, 37.91 W
2026/09/20 11:08:52.323, 0, 0 %, 0 %, 35270 MiB, 35.92 W
2026/09/20 11:08:52.323, 1, 0 %, 0 %, 35270 MiB, 35.29 W
2026/09/20 11:08:52.323, 2, 24 %, 1 %, 35271 MiB, 36.85 W
2026/09/20 11:08:57.325, 0, 0 %, 0 %, 35270 MiB, 36.00 W
2026/09/20 11:08:57.325, 1, 0 %, 0 %, 35270 MiB, 35.38 W
2026/09/20 11:08:57.325, 2, 0 %, 0 %, 35271 MiB, 36.94 W
2026/09/20 11:09:02.326, 0, 0 %, 0 %, 35270 MiB, 35.99 W
2026/09/20 11:09:02.326, 1, 0 %, 0 %, 35270 MiB, 35.38 W
2026/09/20 11:09:02.326, 2, 0 %, 0 %, 35271 MiB, 36.73 W
2026/09/20 11:09:07.328, 0, 0 %, 0 %, 35270 MiB, 36.04 W
2026/09/20 11:09:07.328, 1, 0 %, 0 %, 35270 MiB, 35.22 W
2026/09/20 11:09:07.328, 2, 0 %, 0 %, 35271 MiB, 44.28 W
2026/09/20 11:09:12.330, 0, 0 %, 0 %, 35270 MiB, 35.83 W
2026/09/20 11:09:12.330, 1, 0 %, 0 %, 35270 MiB, 35.33 W
2026/09/20 11:09:12.330, 2, 0 %, 0 %, 35271 MiB, 36.77 W
2026/09/20 11:09:17.332, 0, 0 %, 0 %, 35270 MiB, 35.90 W
2026/09/20 11:09:17.332, 1, 0 %, 0 %, 35270 MiB, 35.58 W
2026/09/20 11:09:17.332, 2, 0 %, 0 %, 35271 MiB, 36.83 W
2026/09/20 11:09:22.334, 0, 0 %, 0 %, 35270 MiB, 35.80 W
2026/09/20 11:09:22.334, 1, 0 %, 0 %, 35270 MiB, 35.48 W
2026/09/20 11:09:22.334, 2, 0 %, 0 %, 35271 MiB, 36.83 W
2026/09/20 11:09:27.336, 0, 0 %, 0 %, 35270 MiB, 35.99 W
2026/09/20 11:09:27.336, 1, 0 %, 0 %, 35270 MiB, 35.38 W
2026/09/20 11:09:27.336, 2, 0 %, 0 %, 35271 MiB, 37.03 W
2026/09/20 11:09:32.338, 0, 0 %, 0 %, 35270 MiB, 35.82 W
2026/09/20 11:09:32.338, 1, 0 %, 0 %, 35270 MiB, 35.48 W
2026/09/20 11:09:32.338, 2, 0 %, 0 %, 35271 MiB, 37.04 W
2026/09/20 11:09:37.340, 0, 0 %, 0 %, 35270 MiB, 35.82 W
2026/09/20 11:09:37.340, 1, 0 %, 0 %, 35270 MiB, 35.50 W
2026/09/20 11:09:37.340, 2, 25 %, 1 %, 35271 MiB, 36.94 W
2026/09/20 11:09:42.342, 0, 0 %, 0 %, 35270 MiB, 36.11 W
2026/09/20 11:09:42.342, 1, 0 %, 0 %, 35270 MiB, 35.49 W
2026/09/20 11:09:42.342, 2, 25 %, 1 %, 35271 MiB, 36.94 W
2026/09/20 11:09:47.343, 0, 0 %, 0 %, 35270 MiB, 35.86 W
2026/09/20 11:09:47.344, 1, 0 %, 0 %, 35270 MiB, 35.53 W
2026/09/20 11:09:47.344, 2, 0 %, 0 %, 35271 MiB, 37.07 W
2026/09/20 11:09:52.344, 0, 0 %, 0 %, 35270 MiB, 35.93 W
2026/09/20 11:09:52.344, 1, 0 %, 0 %, 35270 MiB, 35.41 W
2026/09/20 11:09:52.344, 2, 0 %, 0 %, 35271 MiB, 36.85 W
2026/09/20 11:09:57.345, 0, 0 %, 0 %, 35270 MiB, 35.94 W
2026/09/20 11:09:57.346, 1, 0 %, 0 %, 35270 MiB, 35.40 W
2026/09/20 11:09:57.346, 2, 0 %, 0 %, 35271 MiB, 36.76 W
2026/09/20 11:10:02.346, 0, 0 %, 0 %, 35270 MiB, 36.12 W
2026/09/20 11:10:02.346, 1, 0 %, 0 %, 35270 MiB, 35.31 W
2026/09/20 11:10:02.346, 2, 0 %, 0 %, 35271 MiB, 36.75 W
2026/09/20 11:10:07.348, 0, 0 %, 0 %, 35270 MiB, 35.92 W
2026/09/20 11:10:07.348, 1, 0 %, 0 %, 35270 MiB, 35.39 W
2026/09/20 11:10:07.348, 2, 0 %, 0 %, 35271 MiB, 36.94 W
2026/09/20 11:10:12.350, 0, 0 %, 0 %, 35270 MiB, 36.01 W
2026/09/20 11:10:12.350, 1, 0 %, 0 %, 35270 MiB, 35.30 W
2026/09/20 11:10:12.350, 2, 0 %, 0 %, 35271 MiB, 36.75 W
2026/09/20 11:10:17.356, 0, 0 %, 0 %, 35270 MiB, 35.83 W
2026/09/20 11:10:17.357, 1, 0 %, 0 %, 35270 MiB, 35.40 W
2026/09/20 11:10:17.357, 2, 0 %, 0 %, 35271 MiB, 36.75 W
2026/09/20 11:10:22.358, 0, 0 %, 0 %, 35270 MiB, 36.01 W
2026/09/20 11:10:22.358, 1, 0 %, 0 %, 35270 MiB, 35.39 W
2026/09/20 11:10:22.358, 2, 0 %, 0 %, 35271 MiB, 36.75 W
2026/09/20 11:10:27.360, 0, 0 %, 0 %, 35270 MiB, 35.83 W
2026/09/20 11:10:27.360, 1, 0 %, 0 %, 35270 MiB, 35.40 W
2026/09/20 11:10:27.360, 2, 0 %, 0 %, 35271 MiB, 36.94 W
2026/09/20 11:10:32.366, 0, 0 %, 0 %, 35270 MiB, 35.83 W
2026/09/20 11:10:32.366, 1, 0 %, 0 %, 35270 MiB, 35.49 W
2026/09/20 11:10:32.366, 2, 0 %, 0 %, 35271 MiB, 36.85 W
2026/09/20 11:10:37.367, 0, 0 %, 0 %, 35270 MiB, 35.82 W
2026/09/20 11:10:37.368, 1, 0 %, 0 %, 35270 MiB, 35.39 W
2026/09/20 11:10:37.368, 2, 0 %, 0 %, 35271 MiB, 36.85 W
2026/09/20 11:10:42.376, 0, 0 %, 0 %, 35270 MiB, 35.92 W
2026/09/20 11:10:42.376, 1, 0 %, 0 %, 35270 MiB, 35.30 W
2026/09/20 11:10:42.376, 2, 0 %, 0 %, 35271 MiB, 36.94 W
2026/09/20 11:10:47.378, 0, 0 %, 0 %, 35270 MiB, 35.92 W
2026/09/20 11:10:47.378, 1, 0 %, 0 %, 35270 MiB, 35.51 W
2026/09/20 11:10:47.378, 2, 0 %, 0 %, 35271 MiB, 37.04 W
2026/09/20 11:10:52.380, 0, 0 %, 0 %, 35270 MiB, 35.82 W
2026/09/20 11:10:52.380, 1, 0 %, 0 %, 35270 MiB, 35.51 W
2026/09/20 11:10:52.380, 2, 0 %, 0 %, 35271 MiB, 36.94 W
2026/09/20 11:10:57.382, 0, 0 %, 0 %, 35270 MiB, 35.92 W
2026/09/20 11:10:57.382, 1, 0 %, 0 %, 35270 MiB, 35.49 W
2026/09/20 11:10:57.382, 2, 0 %, 0 %, 35271 MiB, 36.75 W
2026/09/20 11:11:02.383, 0, 0 %, 0 %, 35270 MiB, 36.01 W
2026/09/20 11:11:02.383, 1, 0 %, 0 %, 35270 MiB, 35.31 W
2026/09/20 11:11:02.383, 2, 0 %, 0 %, 35271 MiB, 36.75 W
2026/09/20 11:11:07.385, 0, 0 %, 0 %, 35270 MiB, 35.83 W
2026/09/20 11:11:07.385, 1, 0 %, 0 %, 35270 MiB, 35.30 W
2026/09/20 11:11:07.385, 2, 0 %, 0 %, 35271 MiB, 36.95 W
2026/09/20 11:11:12.387, 0, 0 %, 0 %, 35270 MiB, 36.02 W
2026/09/20 11:11:12.387, 1, 0 %, 0 %, 35270 MiB, 35.41 W
2026/09/20 11:11:12.387, 2, 0 %, 0 %, 35271 MiB, 36.76 W
2026/09/20 11:11:17.393, 0, 0 %, 0 %, 35270 MiB, 36.01 W
2026/09/20 11:11:17.394, 1, 0 %, 0 %, 35270 MiB, 35.41 W
2026/09/20 11:11:17.394, 2, 0 %, 0 %, 35271 MiB, 36.75 W
2026/09/20 11:11:22.394, 0, 0 %, 0 %, 35270 MiB, 36.11 W
2026/09/20 11:11:22.394, 1, 0 %, 0 %, 35270 MiB, 35.40 W
2026/09/20 11:11:22.394, 2, 0 %, 0 %, 35271 MiB, 36.86 W
2026/09/20 11:11:27.396, 0, 0 %, 0 %, 35270 MiB, 35.83 W
2026/09/20 11:11:27.396, 1, 0 %, 0 %, 35270 MiB, 35.40 W
2026/09/20 11:11:27.396, 2, 0 %, 0 %, 35271 MiB, 36.95 W
2026/09/20 11:11:32.397, 0, 0 %, 0 %, 35270 MiB, 35.72 W
2026/09/20 11:11:32.397, 1, 0 %, 0 %, 35270 MiB, 35.40 W
2026/09/20 11:11:32.397, 2, 0 %, 0 %, 35271 MiB, 36.76 W
2026/09/20 11:11:37.399, 0, 0 %, 0 %, 35270 MiB, 35.82 W
2026/09/20 11:11:37.399, 1, 0 %, 0 %, 35270 MiB, 35.39 W
2026/09/20 11:11:37.399, 2, 0 %, 0 %, 35271 MiB, 36.85 W
2026/09/20 11:11:42.401, 0, 0 %, 0 %, 35270 MiB, 35.83 W
2026/09/20 11:11:42.401, 1, 0 %, 0 %, 35270 MiB, 35.41 W
2026/09/20 11:11:42.401, 2, 0 %, 0 %, 35271 MiB, 36.75 W
2026/09/20 11:11:47.403, 0, 0 %, 0 %, 35270 MiB, 35.83 W
2026/09/20 11:11:47.403, 1, 0 %, 0 %, 35270 MiB, 35.69 W
2026/09/20 11:11:47.403, 2, 0 %, 0 %, 35271 MiB, 36.94 W
2026/09/20 11:11:52.405, 0, 0 %, 0 %, 35270 MiB, 35.81 W
2026/09/20 11:11:52.405, 1, 0 %, 0 %, 35270 MiB, 35.38 W
2026/09/20 11:11:52.405, 2, 0 %, 0 %, 35271 MiB, 36.85 W
2026/09/20 11:11:57.407, 0, 0 %, 0 %, 35270 MiB, 36.11 W
2026/09/20 11:11:57.407, 1, 0 %, 0 %, 35270 MiB, 35.50 W
2026/09/20 11:11:57.407, 2, 0 %, 0 %, 35271 MiB, 36.97 W
2026/09/20 11:12:02.408, 0, 0 %, 0 %, 35270 MiB, 36.02 W
2026/09/20 11:12:02.408, 1, 0 %, 0 %, 35270 MiB, 35.40 W
2026/09/20 11:12:02.408, 2, 0 %, 0 %, 35271 MiB, 36.94 W
2026/09/20 11:12:07.410, 0, 0 %, 0 %, 35270 MiB, 35.84 W
2026/09/20 11:12:07.410, 1, 0 %, 0 %, 35270 MiB, 35.50 W
2026/09/20 11:12:07.410, 2, 0 %, 0 %, 35271 MiB, 36.85 W
2026/09/20 11:12:12.411, 0, 0 %, 0 %, 35270 MiB, 35.82 W
2026/09/20 11:12:12.411, 1, 0 %, 0 %, 35270 MiB, 35.30 W
2026/09/20 11:12:12.411, 2, 0 %, 0 %, 35271 MiB, 36.75 W
2026/09/20 11:12:17.413, 0, 0 %, 0 %, 35270 MiB, 36.12 W
2026/09/20 11:12:17.413, 1, 0 %, 0 %, 35270 MiB, 35.31 W
2026/09/20 11:12:17.413, 2, 0 %, 0 %, 35271 MiB, 36.87 W
2026/09/20 11:12:22.415, 0, 0 %, 0 %, 35270 MiB, 36.02 W
2026/09/20 11:12:22.415, 1, 0 %, 0 %, 35270 MiB, 35.21 W
2026/09/20 11:12:22.415, 2, 0 %, 0 %, 35271 MiB, 36.95 W
2026/09/20 11:12:27.417, 0, 0 %, 0 %, 35270 MiB, 35.92 W
2026/09/20 11:12:27.417, 1, 0 %, 0 %, 35270 MiB, 35.41 W
2026/09/20 11:12:27.417, 2, 0 %, 0 %, 35271 MiB, 36.85 W
2026/09/20 11:12:32.418, 0, 0 %, 0 %, 35270 MiB, 35.85 W
2026/09/20 11:12:32.418, 1, 0 %, 0 %, 35270 MiB, 35.33 W
2026/09/20 11:12:32.418, 2, 0 %, 0 %, 35271 MiB, 36.77 W
2026/09/20 11:12:37.419, 0, 0 %, 0 %, 35270 MiB, 36.05 W
2026/09/20 11:12:37.419, 1, 0 %, 0 %, 35270 MiB, 35.33 W
2026/09/20 11:12:37.419, 2, 0 %, 0 %, 35271 MiB, 36.77 W
2026/09/20 11:12:42.420, 0, 0 %, 0 %, 35270 MiB, 35.96 W
2026/09/20 11:12:42.420, 1, 0 %, 0 %, 35270 MiB, 35.43 W
2026/09/20 11:12:42.420, 2, 0 %, 0 %, 35271 MiB, 36.99 W
2026/09/20 11:12:47.421, 0, 100 %, 7 %, 35270 MiB, 99.10 W
2026/09/20 11:12:47.421, 1, 100 %, 6 %, 35270 MiB, 89.65 W
2026/09/20 11:12:47.421, 2, 100 %, 7 %, 35271 MiB, 88.90 W
2026/09/20 11:12:52.422, 0, 100 %, 6 %, 35270 MiB, 89.93 W
2026/09/20 11:12:52.422, 1, 100 %, 6 %, 35270 MiB, 86.60 W
2026/09/20 11:12:52.422, 2, 100 %, 6 %, 35271 MiB, 92.17 W
2026/09/20 11:12:57.422, 0, 100 %, 7 %, 35270 MiB, 88.93 W
2026/09/20 11:12:57.422, 1, 100 %, 6 %, 35270 MiB, 90.71 W
2026/09/20 11:12:57.422, 2, 99 %, 6 %, 35271 MiB, 94.34 W
2026/09/20 11:13:02.423, 0, 100 %, 6 %, 35270 MiB, 97.57 W
2026/09/20 11:13:02.423, 1, 100 %, 10 %, 35270 MiB, 90.33 W
2026/09/20 11:13:02.423, 2, 100 %, 6 %, 35271 MiB, 89.43 W
2026/09/20 11:13:07.424, 0, 100 %, 6 %, 35270 MiB, 88.05 W
2026/09/20 11:13:07.424, 1, 100 %, 10 %, 35270 MiB, 88.76 W
2026/09/20 11:13:07.424, 2, 100 %, 6 %, 35271 MiB, 91.25 W
2026/09/20 11:13:12.424, 0, 100 %, 6 %, 35270 MiB, 96.54 W
2026/09/20 11:13:12.424, 1, 100 %, 6 %, 35270 MiB, 94.94 W
2026/09/20 11:13:12.425, 2, 100 %, 6 %, 35271 MiB, 95.39 W
2026/09/20 11:13:17.425, 0, 100 %, 6 %, 35270 MiB, 89.83 W
2026/09/20 11:13:17.425, 1, 100 %, 6 %, 35270 MiB, 90.50 W
2026/09/20 11:13:17.425, 2, 100 %, 6 %, 35271 MiB, 94.55 W
2026/09/20 11:13:22.426, 0, 100 %, 6 %, 35270 MiB, 92.76 W
2026/09/20 11:13:22.426, 1, 100 %, 6 %, 35270 MiB, 93.89 W
2026/09/20 11:13:22.426, 2, 100 %, 6 %, 35271 MiB, 90.79 W
2026/09/20 11:13:27.426, 0, 100 %, 6 %, 35270 MiB, 92.38 W
2026/09/20 11:13:27.426, 1, 100 %, 6 %, 35270 MiB, 94.51 W
2026/09/20 11:13:27.426, 2, 100 %, 10 %, 35271 MiB, 91.83 W
2026/09/20 11:13:32.427, 0, 100 %, 6 %, 35270 MiB, 92.63 W
2026/09/20 11:13:32.427, 1, 100 %, 6 %, 35270 MiB, 93.00 W
2026/09/20 11:13:32.427, 2, 100 %, 6 %, 35271 MiB, 90.70 W
2026/09/20 11:13:37.427, 0, 100 %, 6 %, 35270 MiB, 95.18 W
2026/09/20 11:13:37.428, 1, 100 %, 6 %, 35270 MiB, 88.85 W
2026/09/20 11:13:37.428, 2, 100 %, 7 %, 35271 MiB, 88.68 W
2026/09/20 11:13:42.428, 0, 100 %, 10 %, 35270 MiB, 94.36 W
2026/09/20 11:13:42.428, 1, 100 %, 6 %, 35270 MiB, 89.68 W
2026/09/20 11:13:42.428, 2, 100 %, 6 %, 35271 MiB, 92.14 W
2026/09/20 11:13:47.429, 0, 100 %, 6 %, 35270 MiB, 96.49 W
2026/09/20 11:13:47.429, 1, 100 %, 10 %, 35270 MiB, 93.40 W
2026/09/20 11:13:47.429, 2, 100 %, 6 %, 35271 MiB, 88.93 W
2026/09/20 11:13:52.430, 0, 100 %, 6 %, 35270 MiB, 90.49 W
2026/09/20 11:13:52.430, 1, 100 %, 6 %, 35270 MiB, 88.51 W
2026/09/20 11:13:52.430, 2, 100 %, 6 %, 35271 MiB, 85.89 W
2026/09/20 11:13:57.431, 0, 100 %, 6 %, 35270 MiB, 98.85 W
2026/09/20 11:13:57.431, 1, 100 %, 6 %, 35270 MiB, 84.85 W
2026/09/20 11:13:57.431, 2, 100 %, 6 %, 35271 MiB, 84.81 W
2026/09/20 11:14:02.432, 0, 100 %, 6 %, 35270 MiB, 94.45 W
2026/09/20 11:14:02.432, 1, 100 %, 7 %, 35270 MiB, 83.07 W
2026/09/20 11:14:02.432, 2, 100 %, 7 %, 35271 MiB, 91.28 W
2026/09/20 11:14:07.432, 0, 100 %, 7 %, 35270 MiB, 92.63 W
2026/09/20 11:14:07.433, 1, 100 %, 6 %, 35270 MiB, 87.42 W
2026/09/20 11:14:07.433, 2, 100 %, 10 %, 35271 MiB, 88.34 W
2026/09/20 11:14:12.433, 0, 100 %, 7 %, 35270 MiB, 92.16 W
2026/09/20 11:14:12.433, 1, 99 %, 10 %, 35270 MiB, 85.07 W
2026/09/20 11:14:12.433, 2, 100 %, 8 %, 35271 MiB, 95.58 W
2026/09/20 11:14:17.434, 0, 100 %, 7 %, 35270 MiB, 93.07 W
2026/09/20 11:14:17.434, 1, 100 %, 6 %, 35270 MiB, 86.61 W
2026/09/20 11:14:17.434, 2, 100 %, 10 %, 35271 MiB, 93.45 W
2026/09/20 11:14:22.434, 0, 100 %, 6 %, 35270 MiB, 88.13 W
2026/09/20 11:14:22.435, 1, 100 %, 6 %, 35270 MiB, 86.50 W
2026/09/20 11:14:22.435, 2, 100 %, 6 %, 35271 MiB, 90.72 W
2026/09/20 11:14:27.435, 0, 100 %, 6 %, 35270 MiB, 89.68 W
2026/09/20 11:14:27.435, 1, 100 %, 7 %, 35270 MiB, 93.41 W
2026/09/20 11:14:27.435, 2, 100 %, 10 %, 35271 MiB, 91.56 W
2026/09/20 11:14:32.436, 0, 100 %, 6 %, 35270 MiB, 90.08 W
2026/09/20 11:14:32.436, 1, 100 %, 6 %, 35270 MiB, 83.33 W
2026/09/20 11:14:32.436, 2, 100 %, 10 %, 35271 MiB, 93.05 W
2026/09/20 11:14:37.436, 0, 100 %, 10 %, 35270 MiB, 116.53 W
2026/09/20 11:14:37.436, 1, 100 %, 10 %, 35270 MiB, 87.93 W
2026/09/20 11:14:37.437, 2, 100 %, 11 %, 35271 MiB, 98.29 W
2026/09/20 11:14:42.437, 0, 100 %, 7 %, 35270 MiB, 91.91 W
2026/09/20 11:14:42.437, 1, 100 %, 6 %, 35270 MiB, 85.74 W
2026/09/20 11:14:42.437, 2, 100 %, 6 %, 35271 MiB, 91.75 W
2026/09/20 11:14:47.438, 0, 100 %, 7 %, 35270 MiB, 86.35 W
2026/09/20 11:14:47.438, 1, 100 %, 7 %, 35270 MiB, 147.15 W
2026/09/20 11:14:47.438, 2, 100 %, 6 %, 35271 MiB, 91.31 W
2026/09/20 11:14:52.438, 0, 100 %, 7 %, 35270 MiB, 94.27 W
2026/09/20 11:14:52.438, 1, 100 %, 10 %, 35270 MiB, 87.97 W
2026/09/20 11:14:52.438, 2, 100 %, 10 %, 35271 MiB, 90.23 W
2026/09/20 11:14:57.439, 0, 99 %, 10 %, 35270 MiB, 122.09 W
2026/09/20 11:14:57.440, 1, 100 %, 15 %, 35270 MiB, 82.23 W
2026/09/20 11:14:57.440, 2, 100 %, 7 %, 35271 MiB, 87.66 W
2026/09/20 11:15:02.440, 0, 100 %, 7 %, 35270 MiB, 87.84 W
2026/09/20 11:15:02.440, 1, 100 %, 8 %, 35270 MiB, 87.62 W
2026/09/20 11:15:02.440, 2, 100 %, 10 %, 35271 MiB, 94.08 W
2026/09/20 11:15:07.441, 0, 100 %, 7 %, 35270 MiB, 90.27 W
2026/09/20 11:15:07.441, 1, 100 %, 7 %, 35270 MiB, 83.21 W
2026/09/20 11:15:07.441, 2, 100 %, 11 %, 35271 MiB, 89.46 W
2026/09/20 11:15:12.441, 0, 100 %, 7 %, 35270 MiB, 89.83 W
2026/09/20 11:15:12.442, 1, 100 %, 7 %, 35270 MiB, 83.06 W
2026/09/20 11:15:12.442, 2, 100 %, 11 %, 35271 MiB, 90.83 W
2026/09/20 11:15:17.442, 0, 100 %, 11 %, 35270 MiB, 153.87 W
2026/09/20 11:15:17.442, 1, 100 %, 6 %, 35270 MiB, 81.92 W
2026/09/20 11:15:17.442, 2, 100 %, 7 %, 35271 MiB, 95.58 W
2026/09/20 11:15:22.443, 0, 100 %, 10 %, 35270 MiB, 92.28 W
2026/09/20 11:15:22.443, 1, 100 %, 7 %, 35270 MiB, 88.17 W
2026/09/20 11:15:22.443, 2, 100 %, 10 %, 35271 MiB, 90.56 W
2026/09/20 11:15:27.444, 0, 100 %, 10 %, 35270 MiB, 87.66 W
2026/09/20 11:15:27.444, 1, 100 %, 7 %, 35270 MiB, 84.59 W
2026/09/20 11:15:27.444, 2, 100 %, 10 %, 35271 MiB, 91.19 W
2026/09/20 11:15:32.444, 0, 100 %, 15 %, 35270 MiB, 86.26 W
2026/09/20 11:15:32.444, 1, 100 %, 7 %, 35270 MiB, 84.66 W
2026/09/20 11:15:32.444, 2, 100 %, 7 %, 35271 MiB, 92.31 W
2026/09/20 11:15:37.445, 0, 100 %, 9 %, 35270 MiB, 87.33 W
2026/09/20 11:15:37.445, 1, 100 %, 7 %, 35270 MiB, 86.39 W
2026/09/20 11:15:37.445, 2, 100 %, 7 %, 35271 MiB, 91.96 W
2026/09/20 11:15:42.446, 0, 100 %, 7 %, 35270 MiB, 89.90 W
2026/09/20 11:15:42.446, 1, 100 %, 6 %, 35270 MiB, 85.00 W
2026/09/20 11:15:42.446, 2, 100 %, 10 %, 35271 MiB, 89.30 W
2026/09/20 11:15:47.447, 0, 100 %, 7 %, 35270 MiB, 89.16 W
2026/09/20 11:15:47.447, 1, 100 %, 9 %, 35270 MiB, 85.88 W
2026/09/20 11:15:47.447, 2, 100 %, 7 %, 35271 MiB, 91.92 W
2026/09/20 11:15:52.448, 0, 61 %, 8 %, 35270 MiB, 78.85 W
2026/09/20 11:15:52.448, 1, 0 %, 0 %, 35270 MiB, 57.36 W
2026/09/20 11:15:52.449, 2, 0 %, 0 %, 35271 MiB, 38.83 W
2026/09/20 11:15:57.449, 0, 0 %, 0 %, 35270 MiB, 59.89 W
2026/09/20 11:15:57.449, 1, 0 %, 0 %, 35270 MiB, 37.59 W
2026/09/20 11:15:57.449, 2, 0 %, 0 %, 35271 MiB, 38.45 W
2026/09/20 11:16:02.451, 0, 0 %, 0 %, 35270 MiB, 37.87 W
2026/09/20 11:16:02.451, 1, 0 %, 0 %, 35270 MiB, 37.65 W
2026/09/20 11:16:02.451, 2, 0 %, 0 %, 35271 MiB, 38.42 W
2026/09/20 11:16:07.452, 0, 0 %, 0 %, 35270 MiB, 37.59 W
2026/09/20 11:16:07.452, 1, 0 %, 0 %, 35270 MiB, 37.36 W
2026/09/20 11:16:07.452, 2, 0 %, 0 %, 35271 MiB, 38.12 W
2026/09/20 11:16:12.453, 0, 0 %, 0 %, 35270 MiB, 37.29 W
2026/09/20 11:16:12.453, 1, 0 %, 0 %, 35270 MiB, 37.16 W
2026/09/20 11:16:12.453, 2, 0 %, 0 %, 35271 MiB, 38.13 W
2026/09/20 11:16:17.454, 0, 0 %, 0 %, 35270 MiB, 37.29 W
2026/09/20 11:16:17.454, 1, 0 %, 0 %, 35270 MiB, 36.97 W
2026/09/20 11:16:17.454, 2, 0 %, 0 %, 35271 MiB, 38.23 W
2026/09/20 11:16:22.456, 0, 0 %, 0 %, 35270 MiB, 37.20 W
2026/09/20 11:16:22.456, 1, 0 %, 0 %, 35270 MiB, 36.97 W
2026/09/20 11:16:22.456, 2, 0 %, 0 %, 35271 MiB, 37.92 W
2026/09/20 11:16:27.458, 0, 0 %, 0 %, 35270 MiB, 37.10 W
2026/09/20 11:16:27.458, 1, 0 %, 0 %, 35270 MiB, 36.88 W
2026/09/20 11:16:27.458, 2, 0 %, 0 %, 35271 MiB, 37.73 W
2026/09/20 11:16:32.462, 0, 0 %, 0 %, 35270 MiB, 36.99 W
2026/09/20 11:16:32.462, 1, 0 %, 0 %, 35270 MiB, 36.77 W
2026/09/20 11:16:32.462, 2, 0 %, 0 %, 35271 MiB, 37.63 W
2026/09/20 11:16:37.464, 0, 0 %, 0 %, 35270 MiB, 37.29 W
2026/09/20 11:16:37.464, 1, 0 %, 0 %, 35270 MiB, 36.38 W
2026/09/20 11:16:37.464, 2, 0 %, 0 %, 35271 MiB, 37.43 W
2026/09/20 11:16:42.465, 0, 0 %, 0 %, 35270 MiB, 37.10 W
2026/09/20 11:16:42.465, 1, 0 %, 0 %, 35270 MiB, 36.36 W
2026/09/20 11:16:42.465, 2, 0 %, 0 %, 35271 MiB, 37.35 W
2026/09/20 11:16:47.466, 0, 0 %, 0 %, 35270 MiB, 37.11 W
2026/09/20 11:16:47.467, 1, 0 %, 0 %, 35270 MiB, 36.28 W
2026/09/20 11:16:47.467, 2, 0 %, 0 %, 35271 MiB, 37.25 W
2026/09/20 11:16:52.468, 0, 0 %, 0 %, 35270 MiB, 37.10 W
2026/09/20 11:16:52.468, 1, 0 %, 0 %, 35270 MiB, 36.17 W
2026/09/20 11:16:52.468, 2, 0 %, 0 %, 35271 MiB, 37.34 W
2026/09/20 11:16:57.478, 0, 0 %, 0 %, 35270 MiB, 36.89 W
2026/09/20 11:16:57.478, 1, 0 %, 0 %, 35270 MiB, 36.17 W
2026/09/20 11:16:57.478, 2, 0 %, 0 %, 35271 MiB, 37.14 W
2026/09/20 11:17:02.479, 0, 0 %, 0 %, 35270 MiB, 36.70 W
2026/09/20 11:17:02.479, 1, 0 %, 0 %, 35270 MiB, 36.17 W
2026/09/20 11:17:02.479, 2, 0 %, 0 %, 35271 MiB, 37.04 W
2026/09/20 11:17:07.480, 0, 0 %, 0 %, 35270 MiB, 36.51 W
2026/09/20 11:17:07.480, 1, 0 %, 0 %, 35270 MiB, 36.08 W
2026/09/20 11:17:07.480, 2, 0 %, 0 %, 35271 MiB, 36.97 W
2026/09/20 11:17:12.482, 0, 0 %, 0 %, 35270 MiB, 36.70 W
2026/09/20 11:17:12.482, 1, 0 %, 0 %, 35270 MiB, 36.08 W
2026/09/20 11:17:12.482, 2, 0 %, 0 %, 35271 MiB, 37.14 W
2026/09/20 11:17:17.483, 0, 0 %, 0 %, 35270 MiB, 36.50 W
2026/09/20 11:17:17.483, 1, 0 %, 0 %, 35270 MiB, 36.19 W
2026/09/20 11:17:17.483, 2, 0 %, 0 %, 35271 MiB, 36.94 W
2026/09/20 11:17:22.484, 0, 0 %, 0 %, 35270 MiB, 36.40 W
2026/09/20 11:17:22.484, 1, 0 %, 0 %, 35270 MiB, 36.08 W
2026/09/20 11:17:22.484, 2, 0 %, 0 %, 35271 MiB, 37.04 W
2026/09/20 11:17:27.486, 0, 0 %, 0 %, 35270 MiB, 36.42 W
2026/09/20 11:17:27.486, 1, 0 %, 0 %, 35270 MiB, 36.09 W
2026/09/20 11:17:27.486, 2, 0 %, 0 %, 35271 MiB, 37.15 W
2026/09/20 11:17:32.488, 0, 0 %, 0 %, 35270 MiB, 36.62 W
2026/09/20 11:17:32.488, 1, 0 %, 0 %, 35270 MiB, 36.00 W
2026/09/20 11:17:32.488, 2, 0 %, 0 %, 35271 MiB, 36.97 W
2026/09/20 11:17:37.490, 0, 0 %, 0 %, 35270 MiB, 36.43 W
2026/09/20 11:17:37.490, 1, 0 %, 0 %, 35270 MiB, 36.00 W
2026/09/20 11:17:37.490, 2, 0 %, 0 %, 35271 MiB, 36.97 W
2026/09/20 11:17:42.491, 0, 0 %, 0 %, 35270 MiB, 36.42 W
2026/09/20 11:17:42.491, 1, 0 %, 0 %, 35270 MiB, 35.70 W
2026/09/20 11:17:42.491, 2, 0 %, 0 %, 35271 MiB, 36.76 W
2026/09/20 11:17:47.493, 0, 0 %, 0 %, 35270 MiB, 36.33 W
2026/09/20 11:17:47.493, 1, 0 %, 0 %, 35270 MiB, 35.80 W
2026/09/20 11:17:47.493, 2, 0 %, 0 %, 35271 MiB, 36.76 W
2026/09/20 11:17:52.494, 0, 0 %, 0 %, 35270 MiB, 36.52 W
2026/09/20 11:17:52.494, 1, 0 %, 0 %, 35270 MiB, 35.90 W
2026/09/20 11:17:52.494, 2, 0 %, 0 %, 35271 MiB, 36.77 W
2026/09/20 11:17:57.496, 0, 0 %, 0 %, 35270 MiB, 36.33 W
2026/09/20 11:17:57.496, 1, 0 %, 0 %, 35270 MiB, 35.70 W
2026/09/20 11:17:57.496, 2, 0 %, 0 %, 35271 MiB, 36.77 W
2026/09/20 11:18:02.498, 0, 5 %, 0 %, 35270 MiB, 56.13 W
2026/09/20 11:18:02.499, 1, 0 %, 0 %, 35270 MiB, 35.68 W
2026/09/20 11:18:02.499, 2, 0 %, 0 %, 35271 MiB, 36.75 W
2026/09/20 11:18:07.500, 0, 0 %, 0 %, 35270 MiB, 36.23 W
2026/09/20 11:18:07.500, 1, 0 %, 0 %, 35270 MiB, 35.68 W
2026/09/20 11:18:07.500, 2, 0 %, 0 %, 35271 MiB, 36.75 W
2026/09/20 11:18:12.500, 0, 0 %, 0 %, 35270 MiB, 37.08 W
2026/09/20 11:18:12.501, 1, 0 %, 0 %, 35270 MiB, 35.87 W
2026/09/20 11:18:12.501, 2, 0 %, 0 %, 35271 MiB, 36.74 W
2026/09/20 11:18:17.502, 0, 0 %, 0 %, 35270 MiB, 36.18 W
2026/09/20 11:18:17.502, 1, 0 %, 0 %, 35270 MiB, 35.67 W
2026/09/20 11:18:17.502, 2, 0 %, 0 %, 35271 MiB, 36.83 W
2026/09/20 11:18:22.504, 0, 5 %, 0 %, 35270 MiB, 41.64 W
2026/09/20 11:18:22.504, 1, 0 %, 0 %, 35270 MiB, 35.69 W
2026/09/20 11:18:22.504, 2, 0 %, 0 %, 35271 MiB, 37.04 W
2026/09/20 11:18:27.506, 0, 25 %, 1 %, 35270 MiB, 45.59 W
2026/09/20 11:18:27.506, 1, 0 %, 0 %, 35270 MiB, 35.68 W
2026/09/20 11:18:27.506, 2, 0 %, 0 %, 35271 MiB, 36.94 W
2026/09/20 11:18:32.508, 0, 0 %, 0 %, 35270 MiB, 36.21 W
2026/09/20 11:18:32.508, 1, 0 %, 0 %, 35270 MiB, 35.80 W
2026/09/20 11:18:32.508, 2, 0 %, 0 %, 35271 MiB, 36.85 W
2026/09/20 11:18:37.510, 0, 0 %, 0 %, 35270 MiB, 36.89 W
2026/09/20 11:18:37.510, 1, 0 %, 0 %, 35270 MiB, 35.69 W
2026/09/20 11:18:37.510, 2, 0 %, 0 %, 35271 MiB, 36.75 W
2026/09/20 11:18:42.512, 0, 0 %, 0 %, 35270 MiB, 36.88 W
2026/09/20 11:18:42.512, 1, 0 %, 0 %, 35270 MiB, 35.67 W
2026/09/20 11:18:42.512, 2, 0 %, 0 %, 35271 MiB, 37.03 W
2026/09/20 11:18:47.514, 0, 0 %, 0 %, 35270 MiB, 36.30 W
2026/09/20 11:18:47.514, 1, 0 %, 0 %, 35270 MiB, 35.87 W
2026/09/20 11:18:47.514, 2, 0 %, 0 %, 35271 MiB, 36.75 W
2026/09/20 11:18:52.515, 0, 25 %, 1 %, 35270 MiB, 40.14 W
2026/09/20 11:18:52.516, 1, 0 %, 0 %, 35270 MiB, 35.50 W
2026/09/20 11:18:52.516, 2, 0 %, 0 %, 35271 MiB, 36.75 W
2026/09/20 11:18:57.517, 0, 0 %, 0 %, 35270 MiB, 36.21 W
2026/09/20 11:18:57.517, 1, 0 %, 0 %, 35270 MiB, 35.59 W
2026/09/20 11:18:57.517, 2, 0 %, 0 %, 35271 MiB, 36.75 W
2026/09/20 11:19:02.520, 0, 11 %, 0 %, 35270 MiB, 36.20 W
2026/09/20 11:19:02.520, 1, 0 %, 0 %, 35270 MiB, 35.48 W
2026/09/20 11:19:02.520, 2, 0 %, 0 %, 35271 MiB, 36.94 W
2026/09/20 11:19:07.522, 0, 0 %, 0 %, 35270 MiB, 36.19 W
2026/09/20 11:19:07.522, 1, 0 %, 0 %, 35270 MiB, 35.58 W
2026/09/20 11:19:07.522, 2, 0 %, 0 %, 35271 MiB, 36.74 W
2026/09/20 11:19:12.524, 0, 0 %, 0 %, 35270 MiB, 36.21 W
2026/09/20 11:19:12.524, 1, 0 %, 0 %, 35270 MiB, 35.49 W
2026/09/20 11:19:12.524, 2, 0 %, 0 %, 35271 MiB, 36.75 W
2026/09/20 11:19:17.526, 0, 0 %, 0 %, 35270 MiB, 36.01 W
2026/09/20 11:19:17.526, 1, 0 %, 0 %, 35270 MiB, 35.49 W
2026/09/20 11:19:17.526, 2, 0 %, 0 %, 35271 MiB, 36.75 W
2026/09/20 11:19:22.528, 0, 0 %, 0 %, 35270 MiB, 35.92 W
2026/09/20 11:19:22.528, 1, 0 %, 0 %, 35270 MiB, 35.48 W
2026/09/20 11:19:22.528, 2, 0 %, 0 %, 35271 MiB, 36.94 W
2026/09/20 11:19:27.530, 0, 5 %, 0 %, 35270 MiB, 36.01 W
2026/09/20 11:19:27.531, 1, 0 %, 0 %, 35270 MiB, 35.68 W
2026/09/20 11:19:27.531, 2, 0 %, 0 %, 35271 MiB, 36.75 W
2026/09/20 11:19:32.532, 0, 25 %, 1 %, 35270 MiB, 36.50 W
2026/09/20 11:19:32.532, 1, 0 %, 0 %, 35270 MiB, 35.49 W
2026/09/20 11:19:32.532, 2, 0 %, 0 %, 35271 MiB, 36.75 W
2026/09/20 11:19:37.534, 0, 25 %, 1 %, 35270 MiB, 36.10 W
2026/09/20 11:19:37.534, 1, 0 %, 0 %, 35270 MiB, 35.58 W
2026/09/20 11:19:37.534, 2, 0 %, 0 %, 35271 MiB, 36.75 W
2026/09/20 11:19:42.536, 0, 0 %, 0 %, 35270 MiB, 41.03 W
2026/09/20 11:19:42.537, 1, 0 %, 0 %, 35270 MiB, 35.78 W
2026/09/20 11:19:42.537, 2, 0 %, 0 %, 35271 MiB, 36.94 W
2026/09/20 11:19:47.537, 0, 0 %, 0 %, 35270 MiB, 36.01 W
2026/09/20 11:19:47.537, 1, 0 %, 0 %, 35270 MiB, 35.68 W
2026/09/20 11:19:47.537, 2, 0 %, 0 %, 35271 MiB, 36.75 W
2026/09/20 11:19:52.538, 0, 0 %, 0 %, 35270 MiB, 36.01 W
2026/09/20 11:19:52.538, 1, 0 %, 0 %, 35270 MiB, 35.59 W
2026/09/20 11:19:52.538, 2, 0 %, 0 %, 35271 MiB, 36.54 W
2026/09/20 11:19:57.539, 0, 0 %, 0 %, 35270 MiB, 36.01 W
2026/09/20 11:19:57.539, 1, 0 %, 0 %, 35270 MiB, 35.38 W
2026/09/20 11:19:57.540, 2, 0 %, 0 %, 35271 MiB, 36.65 W
2026/09/20 11:20:02.541, 0, 0 %, 0 %, 35270 MiB, 36.21 W
2026/09/20 11:20:02.541, 1, 0 %, 0 %, 35270 MiB, 35.59 W
2026/09/20 11:20:02.542, 2, 0 %, 0 %, 35271 MiB, 36.65 W
2026/09/20 11:20:07.542, 0, 0 %, 0 %, 35270 MiB, 36.00 W
2026/09/20 11:20:07.542, 1, 0 %, 0 %, 35270 MiB, 35.48 W
2026/09/20 11:20:07.542, 2, 0 %, 0 %, 35271 MiB, 36.62 W
2026/09/20 11:20:12.544, 0, 0 %, 0 %, 35270 MiB, 36.10 W
2026/09/20 11:20:12.544, 1, 0 %, 0 %, 35270 MiB, 35.48 W
2026/09/20 11:20:12.544, 2, 0 %, 0 %, 35271 MiB, 36.65 W
2026/09/20 11:20:17.546, 0, 0 %, 0 %, 35270 MiB, 36.01 W
2026/09/20 11:20:17.547, 1, 0 %, 0 %, 35270 MiB, 35.50 W
2026/09/20 11:20:17.547, 2, 0 %, 0 %, 35271 MiB, 36.65 W
2026/09/20 11:20:22.548, 0, 0 %, 0 %, 35270 MiB, 37.59 W
2026/09/20 11:20:22.548, 1, 0 %, 0 %, 35270 MiB, 35.49 W
2026/09/20 11:20:22.548, 2, 0 %, 0 %, 35271 MiB, 36.65 W
2026/09/20 11:20:27.549, 0, 10 %, 0 %, 35270 MiB, 36.03 W
2026/09/20 11:20:27.549, 1, 0 %, 0 %, 35270 MiB, 35.42 W
2026/09/20 11:20:27.549, 2, 0 %, 0 %, 35271 MiB, 36.77 W
2026/09/20 11:20:32.551, 0, 25 %, 1 %, 35270 MiB, 35.93 W
2026/09/20 11:20:32.551, 1, 0 %, 0 %, 35270 MiB, 35.51 W
2026/09/20 11:20:32.551, 2, 0 %, 0 %, 35271 MiB, 36.68 W
2026/09/20 11:20:37.553, 0, 5 %, 0 %, 35270 MiB, 36.89 W
2026/09/20 11:20:37.553, 1, 0 %, 0 %, 35270 MiB, 35.49 W
2026/09/20 11:20:37.553, 2, 0 %, 0 %, 35271 MiB, 36.92 W
2026/09/20 11:20:42.555, 0, 0 %, 0 %, 35270 MiB, 35.94 W
2026/09/20 11:20:42.555, 1, 0 %, 0 %, 35270 MiB, 35.51 W
2026/09/20 11:20:42.555, 2, 0 %, 0 %, 35271 MiB, 36.77 W
2026/09/20 11:20:47.557, 0, 0 %, 0 %, 35270 MiB, 36.01 W
2026/09/20 11:20:47.557, 1, 0 %, 0 %, 35270 MiB, 35.49 W
2026/09/20 11:20:47.557, 2, 0 %, 0 %, 35271 MiB, 36.75 W
2026/09/20 11:20:52.559, 0, 0 %, 0 %, 35270 MiB, 36.00 W
2026/09/20 11:20:52.559, 1, 0 %, 0 %, 35270 MiB, 35.48 W
2026/09/20 11:20:52.559, 2, 0 %, 0 %, 35271 MiB, 36.74 W
2026/09/20 11:20:57.561, 0, 0 %, 0 %, 35270 MiB, 36.10 W
2026/09/20 11:20:57.561, 1, 0 %, 0 %, 35270 MiB, 35.67 W
2026/09/20 11:20:57.562, 2, 0 %, 0 %, 35271 MiB, 36.93 W
2026/09/20 11:21:02.563, 0, 0 %, 0 %, 35270 MiB, 35.92 W
2026/09/20 11:21:02.564, 1, 0 %, 0 %, 35270 MiB, 35.48 W
2026/09/20 11:21:02.564, 2, 0 %, 0 %, 35271 MiB, 36.64 W
2026/09/20 11:21:07.565, 0, 0 %, 0 %, 35270 MiB, 41.54 W
2026/09/20 11:21:07.565, 1, 0 %, 0 %, 35270 MiB, 35.21 W
2026/09/20 11:21:07.565, 2, 0 %, 0 %, 35271 MiB, 36.68 W
2026/09/20 11:21:12.566, 0, 15 %, 1 %, 35270 MiB, 35.93 W
2026/09/20 11:21:12.566, 1, 0 %, 0 %, 35270 MiB, 35.32 W
2026/09/20 11:21:12.566, 2, 0 %, 0 %, 35271 MiB, 36.66 W
2026/09/20 11:21:17.568, 0, 0 %, 0 %, 35270 MiB, 36.11 W
2026/09/20 11:21:17.568, 1, 0 %, 0 %, 35270 MiB, 35.51 W
2026/09/20 11:21:17.568, 2, 0 %, 0 %, 35271 MiB, 36.85 W
2026/09/20 11:21:22.570, 0, 0 %, 0 %, 35270 MiB, 36.11 W
2026/09/20 11:21:22.570, 1, 0 %, 0 %, 35270 MiB, 35.49 W
2026/09/20 11:21:22.570, 2, 0 %, 0 %, 35271 MiB, 36.75 W
2026/09/20 11:21:27.572, 0, 0 %, 0 %, 35270 MiB, 35.92 W
2026/09/20 11:21:27.572, 1, 0 %, 0 %, 35270 MiB, 35.39 W
2026/09/20 11:21:27.572, 2, 0 %, 0 %, 35271 MiB, 36.75 W
2026/09/20 11:21:32.583, 0, 0 %, 0 %, 35270 MiB, 36.31 W
2026/09/20 11:21:32.583, 1, 0 %, 0 %, 35270 MiB, 35.49 W
2026/09/20 11:21:32.583, 2, 0 %, 0 %, 35271 MiB, 36.75 W
2026/09/20 11:21:37.585, 0, 0 %, 0 %, 35270 MiB, 37.86 W
2026/09/20 11:21:37.585, 1, 0 %, 0 %, 35270 MiB, 35.48 W
2026/09/20 11:21:37.585, 2, 0 %, 0 %, 35271 MiB, 36.84 W
2026/09/20 11:21:42.586, 0, 9 %, 0 %, 35270 MiB, 36.79 W
2026/09/20 11:21:42.587, 1, 0 %, 0 %, 35270 MiB, 35.40 W
2026/09/20 11:21:42.587, 2, 0 %, 0 %, 35271 MiB, 36.65 W
2026/09/20 11:21:47.587, 0, 7 %, 0 %, 35270 MiB, 35.92 W
2026/09/20 11:21:47.587, 1, 0 %, 0 %, 35270 MiB, 35.49 W
2026/09/20 11:21:47.588, 2, 0 %, 0 %, 35271 MiB, 36.75 W
2026/09/20 11:21:52.589, 0, 0 %, 0 %, 35270 MiB, 37.48 W
2026/09/20 11:21:52.589, 1, 0 %, 0 %, 35270 MiB, 35.68 W
2026/09/20 11:21:52.589, 2, 0 %, 0 %, 35271 MiB, 36.84 W
2026/09/20 11:21:57.591, 0, 0 %, 0 %, 35270 MiB, 36.01 W
2026/09/20 11:21:57.591, 1, 0 %, 0 %, 35270 MiB, 35.60 W
2026/09/20 11:21:57.591, 2, 0 %, 0 %, 35271 MiB, 36.94 W
2026/09/20 11:22:02.593, 0, 0 %, 0 %, 35270 MiB, 36.01 W
2026/09/20 11:22:02.593, 1, 0 %, 0 %, 35270 MiB, 35.58 W
2026/09/20 11:22:02.593, 2, 0 %, 0 %, 35271 MiB, 36.85 W
2026/09/20 11:22:07.595, 0, 0 %, 0 %, 35270 MiB, 35.92 W
2026/09/20 11:22:07.595, 1, 0 %, 0 %, 35270 MiB, 35.49 W
2026/09/20 11:22:07.595, 2, 0 %, 0 %, 35271 MiB, 36.64 W
2026/09/20 11:22:12.597, 0, 0 %, 0 %, 35270 MiB, 37.02 W
2026/09/20 11:22:12.597, 1, 0 %, 0 %, 35270 MiB, 35.40 W
2026/09/20 11:22:12.597, 2, 0 %, 0 %, 35271 MiB, 36.75 W
2026/09/20 11:22:17.599, 0, 25 %, 1 %, 35270 MiB, 36.01 W
2026/09/20 11:22:17.599, 1, 0 %, 0 %, 35270 MiB, 35.29 W
2026/09/20 11:22:17.600, 2, 0 %, 0 %, 35271 MiB, 36.64 W
2026/09/20 11:22:22.601, 0, 15 %, 1 %, 35270 MiB, 36.21 W
2026/09/20 11:22:22.601, 1, 0 %, 0 %, 35270 MiB, 35.40 W
2026/09/20 11:22:22.601, 2, 0 %, 0 %, 35271 MiB, 36.64 W
2026/09/20 11:22:27.603, 0, 11 %, 0 %, 35270 MiB, 36.33 W
2026/09/20 11:22:27.603, 1, 0 %, 0 %, 35270 MiB, 35.40 W
2026/09/20 11:22:27.603, 2, 0 %, 0 %, 35271 MiB, 36.76 W
2026/09/20 11:22:32.605, 0, 0 %, 0 %, 35270 MiB, 36.01 W
2026/09/20 11:22:32.605, 1, 0 %, 0 %, 35270 MiB, 35.38 W
2026/09/20 11:22:32.605, 2, 0 %, 0 %, 35271 MiB, 37.04 W
2026/09/20 11:22:37.607, 0, 20 %, 1 %, 35270 MiB, 35.92 W
2026/09/20 11:22:37.608, 1, 0 %, 0 %, 35270 MiB, 35.39 W
2026/09/20 11:22:37.608, 2, 0 %, 0 %, 35271 MiB, 36.75 W
2026/09/20 11:22:42.608, 0, 0 %, 0 %, 35270 MiB, 35.92 W
2026/09/20 11:22:42.608, 1, 0 %, 0 %, 35270 MiB, 35.30 W
2026/09/20 11:22:42.608, 2, 0 %, 0 %, 35271 MiB, 36.75 W
2026/09/20 11:22:47.610, 0, 0 %, 0 %, 35270 MiB, 36.01 W
2026/09/20 11:22:47.610, 1, 24 %, 1 %, 35270 MiB, 35.60 W
2026/09/20 11:22:47.610, 2, 0 %, 0 %, 35271 MiB, 36.75 W
2026/09/20 11:22:52.612, 0, 0 %, 0 %, 35270 MiB, 36.02 W
2026/09/20 11:22:52.612, 1, 17 %, 1 %, 35270 MiB, 35.41 W
2026/09/20 11:22:52.612, 2, 0 %, 0 %, 35271 MiB, 36.96 W
2026/09/20 11:22:57.614, 0, 0 %, 0 %, 35270 MiB, 35.91 W
2026/09/20 11:22:57.614, 1, 0 %, 0 %, 35270 MiB, 35.48 W
2026/09/20 11:22:57.614, 2, 0 %, 0 %, 35271 MiB, 36.94 W
2026/09/20 11:23:02.616, 0, 0 %, 0 %, 35270 MiB, 35.92 W
2026/09/20 11:23:02.616, 1, 0 %, 0 %, 35270 MiB, 35.49 W
2026/09/20 11:23:02.617, 2, 0 %, 0 %, 35271 MiB, 36.85 W
2026/09/20 11:23:07.618, 0, 0 %, 0 %, 35270 MiB, 36.01 W
2026/09/20 11:23:07.618, 1, 6 %, 0 %, 35270 MiB, 35.48 W
2026/09/20 11:23:07.618, 2, 0 %, 0 %, 35271 MiB, 36.83 W
2026/09/20 11:23:12.623, 0, 0 %, 0 %, 35270 MiB, 36.01 W
2026/09/20 11:23:12.623, 1, 0 %, 0 %, 35270 MiB, 35.58 W
2026/09/20 11:23:12.624, 2, 0 %, 0 %, 35271 MiB, 36.94 W
2026/09/20 11:23:17.625, 0, 0 %, 0 %, 35270 MiB, 35.92 W
2026/09/20 11:23:17.625, 1, 0 %, 0 %, 35270 MiB, 35.49 W
2026/09/20 11:23:17.625, 2, 0 %, 0 %, 35271 MiB, 36.64 W
2026/09/20 11:23:22.626, 0, 0 %, 0 %, 35270 MiB, 36.04 W
2026/09/20 11:23:22.627, 1, 0 %, 0 %, 35270 MiB, 35.51 W
2026/09/20 11:23:22.627, 2, 0 %, 0 %, 35271 MiB, 36.66 W
2026/09/20 11:23:27.628, 0, 0 %, 0 %, 35270 MiB, 36.01 W
2026/09/20 11:23:27.628, 1, 0 %, 0 %, 35270 MiB, 35.39 W
2026/09/20 11:23:27.628, 2, 0 %, 0 %, 35271 MiB, 36.64 W
2026/09/20 11:23:32.630, 0, 0 %, 0 %, 35270 MiB, 36.01 W
2026/09/20 11:23:32.630, 1, 0 %, 0 %, 35270 MiB, 35.39 W
2026/09/20 11:23:32.630, 2, 0 %, 0 %, 35271 MiB, 36.85 W
2026/09/20 11:23:37.632, 0, 0 %, 0 %, 35270 MiB, 36.00 W
2026/09/20 11:23:37.632, 1, 0 %, 0 %, 35270 MiB, 35.48 W
2026/09/20 11:23:37.632, 2, 0 %, 0 %, 35271 MiB, 36.74 W
2026/09/20 11:23:42.634, 0, 0 %, 0 %, 35270 MiB, 36.11 W
2026/09/20 11:23:42.634, 1, 0 %, 0 %, 35270 MiB, 35.39 W
2026/09/20 11:23:42.634, 2, 0 %, 0 %, 35271 MiB, 36.75 W
2026/09/20 11:23:47.635, 0, 0 %, 0 %, 35270 MiB, 35.81 W
2026/09/20 11:23:47.636, 1, 0 %, 0 %, 35270 MiB, 40.33 W
2026/09/20 11:23:47.636, 2, 0 %, 0 %, 35271 MiB, 36.76 W
2026/09/20 11:23:52.637, 0, 0 %, 0 %, 35270 MiB, 35.92 W
2026/09/20 11:23:52.637, 1, 40 %, 1 %, 35270 MiB, 35.39 W
2026/09/20 11:23:52.637, 2, 0 %, 0 %, 35271 MiB, 36.85 W
2026/09/20 11:23:57.639, 0, 0 %, 0 %, 35270 MiB, 35.92 W
2026/09/20 11:23:57.639, 1, 0 %, 0 %, 35270 MiB, 35.59 W
2026/09/20 11:23:57.639, 2, 0 %, 0 %, 35271 MiB, 36.85 W
2026/09/20 11:24:02.640, 0, 0 %, 0 %, 35270 MiB, 36.01 W
2026/09/20 11:24:02.641, 1, 0 %, 0 %, 35270 MiB, 35.48 W
2026/09/20 11:24:02.641, 2, 0 %, 0 %, 35271 MiB, 36.75 W
2026/09/20 11:24:07.642, 0, 0 %, 0 %, 35270 MiB, 35.91 W
2026/09/20 11:24:07.642, 1, 0 %, 0 %, 35270 MiB, 35.48 W
2026/09/20 11:24:07.642, 2, 0 %, 0 %, 35271 MiB, 36.85 W
2026/09/20 11:24:12.644, 0, 0 %, 0 %, 35270 MiB, 36.03 W
2026/09/20 11:24:12.644, 1, 0 %, 0 %, 35270 MiB, 35.70 W
2026/09/20 11:24:12.644, 2, 0 %, 0 %, 35271 MiB, 36.87 W
2026/09/20 11:24:17.646, 0, 25 %, 1 %, 35270 MiB, 35.92 W
2026/09/20 11:24:17.646, 1, 0 %, 0 %, 35270 MiB, 35.60 W
2026/09/20 11:24:17.647, 2, 0 %, 0 %, 35271 MiB, 36.87 W
2026/09/20 11:24:22.647, 0, 0 %, 0 %, 35270 MiB, 36.11 W
2026/09/20 11:24:22.647, 1, 0 %, 0 %, 35270 MiB, 35.48 W
2026/09/20 11:24:22.647, 2, 0 %, 0 %, 35271 MiB, 36.74 W
2026/09/20 11:24:27.648, 0, 0 %, 0 %, 35270 MiB, 36.01 W
2026/09/20 11:24:27.649, 1, 0 %, 0 %, 35270 MiB, 35.39 W
2026/09/20 11:24:27.649, 2, 0 %, 0 %, 35271 MiB, 36.75 W
2026/09/20 11:24:32.650, 0, 0 %, 0 %, 35270 MiB, 35.92 W
2026/09/20 11:24:32.650, 1, 0 %, 0 %, 35270 MiB, 35.49 W
2026/09/20 11:24:32.650, 2, 0 %, 0 %, 35271 MiB, 36.75 W
2026/09/20 11:24:37.652, 0, 0 %, 0 %, 35270 MiB, 36.10 W
2026/09/20 11:24:37.652, 1, 0 %, 0 %, 35270 MiB, 35.38 W
2026/09/20 11:24:37.652, 2, 0 %, 0 %, 35271 MiB, 36.75 W
2026/09/20 11:24:42.653, 0, 0 %, 0 %, 35270 MiB, 36.11 W
2026/09/20 11:24:42.654, 1, 0 %, 0 %, 35270 MiB, 35.39 W
2026/09/20 11:24:42.654, 2, 0 %, 0 %, 35271 MiB, 36.75 W
2026/09/20 11:24:47.655, 0, 5 %, 0 %, 35270 MiB, 36.01 W
2026/09/20 11:24:47.655, 1, 0 %, 0 %, 35270 MiB, 35.40 W
2026/09/20 11:24:47.655, 2, 0 %, 0 %, 35271 MiB, 36.75 W
2026/09/20 11:24:52.656, 0, 0 %, 0 %, 35270 MiB, 35.91 W
2026/09/20 11:24:52.656, 1, 0 %, 0 %, 35270 MiB, 35.49 W
2026/09/20 11:24:52.656, 2, 0 %, 0 %, 35271 MiB, 36.75 W
2026/09/20 11:24:57.657, 0, 0 %, 0 %, 35270 MiB, 36.16 W
2026/09/20 11:24:57.657, 1, 0 %, 0 %, 35270 MiB, 35.53 W
2026/09/20 11:24:57.658, 2, 0 %, 0 %, 35271 MiB, 36.69 W
2026/09/20 11:25:02.658, 0, 0 %, 0 %, 35270 MiB, 36.01 W
2026/09/20 11:25:02.659, 1, 0 %, 0 %, 35270 MiB, 35.49 W
2026/09/20 11:25:02.659, 2, 0 %, 0 %, 35271 MiB, 36.75 W
2026/09/20 11:25:07.660, 0, 0 %, 0 %, 35270 MiB, 35.92 W
2026/09/20 11:25:07.660, 1, 0 %, 0 %, 35270 MiB, 35.59 W
2026/09/20 11:25:07.660, 2, 0 %, 0 %, 35271 MiB, 37.14 W
2026/09/20 11:25:12.661, 0, 0 %, 0 %, 35270 MiB, 35.92 W
2026/09/20 11:25:12.661, 1, 0 %, 0 %, 35270 MiB, 40.45 W
2026/09/20 11:25:12.661, 2, 0 %, 0 %, 35271 MiB, 36.76 W
2026/09/20 11:25:17.663, 0, 0 %, 0 %, 35270 MiB, 36.10 W
2026/09/20 11:25:17.663, 1, 0 %, 0 %, 35270 MiB, 35.48 W
2026/09/20 11:25:17.663, 2, 0 %, 0 %, 35271 MiB, 36.85 W
2026/09/20 11:25:22.665, 0, 0 %, 0 %, 35270 MiB, 36.02 W
2026/09/20 11:25:22.665, 1, 10 %, 0 %, 35270 MiB, 36.28 W
2026/09/20 11:25:22.665, 2, 0 %, 0 %, 35271 MiB, 36.85 W
2026/09/20 11:25:27.667, 0, 0 %, 0 %, 35270 MiB, 35.93 W
2026/09/20 11:25:27.667, 1, 0 %, 0 %, 35270 MiB, 35.59 W
2026/09/20 11:25:27.667, 2, 0 %, 0 %, 35271 MiB, 36.85 W
2026/09/20 11:25:32.668, 0, 0 %, 0 %, 35270 MiB, 35.92 W
2026/09/20 11:25:32.668, 1, 0 %, 0 %, 35270 MiB, 36.16 W
2026/09/20 11:25:32.668, 2, 0 %, 0 %, 35271 MiB, 36.64 W
2026/09/20 11:25:37.670, 0, 0 %, 0 %, 35270 MiB, 36.11 W
2026/09/20 11:25:37.670, 1, 5 %, 0 %, 35270 MiB, 38.25 W
2026/09/20 11:25:37.671, 2, 0 %, 0 %, 35271 MiB, 36.65 W
2026/09/20 11:25:42.672, 0, 0 %, 0 %, 35270 MiB, 35.94 W
2026/09/20 11:25:42.672, 1, 38 %, 1 %, 35270 MiB, 35.51 W
2026/09/20 11:25:42.673, 2, 0 %, 0 %, 35271 MiB, 36.77 W
2026/09/20 11:25:47.673, 0, 0 %, 0 %, 35270 MiB, 36.04 W
2026/09/20 11:25:47.673, 1, 25 %, 1 %, 35270 MiB, 35.40 W
2026/09/20 11:25:47.673, 2, 0 %, 0 %, 35271 MiB, 36.85 W
2026/09/20 11:25:52.675, 0, 0 %, 0 %, 35270 MiB, 36.01 W
2026/09/20 11:25:52.675, 1, 5 %, 0 %, 35270 MiB, 39.25 W
2026/09/20 11:25:52.675, 2, 0 %, 0 %, 35271 MiB, 36.75 W
2026/09/20 11:25:57.676, 0, 0 %, 0 %, 35270 MiB, 35.94 W
2026/09/20 11:25:57.677, 1, 18 %, 1 %, 35270 MiB, 35.49 W
2026/09/20 11:25:57.677, 2, 0 %, 0 %, 35271 MiB, 36.75 W
2026/09/20 11:26:02.677, 0, 0 %, 0 %, 35270 MiB, 35.84 W
2026/09/20 11:26:02.677, 1, 0 %, 0 %, 35270 MiB, 35.51 W
2026/09/20 11:26:02.677, 2, 0 %, 0 %, 35271 MiB, 36.76 W
2026/09/20 11:26:07.679, 0, 0 %, 0 %, 35270 MiB, 35.83 W
2026/09/20 11:26:07.679, 1, 0 %, 0 %, 35270 MiB, 35.49 W
2026/09/20 11:26:07.679, 2, 0 %, 0 %, 35271 MiB, 36.85 W
2026/09/20 11:26:12.681, 0, 0 %, 0 %, 35270 MiB, 35.82 W
2026/09/20 11:26:12.681, 1, 14 %, 1 %, 35270 MiB, 40.81 W
2026/09/20 11:26:12.681, 2, 0 %, 0 %, 35271 MiB, 36.85 W
2026/09/20 11:26:17.683, 0, 0 %, 0 %, 35270 MiB, 36.01 W
2026/09/20 11:26:17.683, 1, 10 %, 0 %, 35270 MiB, 35.68 W
2026/09/20 11:26:17.683, 2, 0 %, 0 %, 35271 MiB, 36.75 W
2026/09/20 11:26:22.685, 0, 0 %, 0 %, 35270 MiB, 35.93 W
2026/09/20 11:26:22.685, 1, 10 %, 0 %, 35270 MiB, 38.56 W
2026/09/20 11:26:22.685, 2, 0 %, 0 %, 35271 MiB, 36.85 W
2026/09/20 11:26:27.688, 0, 0 %, 0 %, 35270 MiB, 35.84 W
2026/09/20 11:26:27.688, 1, 25 %, 1 %, 35270 MiB, 35.51 W
2026/09/20 11:26:27.688, 2, 0 %, 0 %, 35271 MiB, 36.97 W
2026/09/20 11:26:32.690, 0, 0 %, 0 %, 35270 MiB, 36.03 W
2026/09/20 11:26:32.690, 1, 25 %, 1 %, 35270 MiB, 35.51 W
2026/09/20 11:26:32.690, 2, 0 %, 0 %, 35271 MiB, 36.76 W
2026/09/20 11:26:37.691, 0, 0 %, 0 %, 35270 MiB, 35.92 W
2026/09/20 11:26:37.691, 1, 0 %, 0 %, 35270 MiB, 35.60 W
2026/09/20 11:26:37.691, 2, 0 %, 0 %, 35271 MiB, 36.65 W
2026/09/20 11:26:42.693, 0, 0 %, 0 %, 35270 MiB, 36.04 W
2026/09/20 11:26:42.693, 1, 0 %, 0 %, 35270 MiB, 35.60 W
2026/09/20 11:26:42.693, 2, 0 %, 0 %, 35271 MiB, 36.65 W
2026/09/20 11:26:47.694, 0, 0 %, 0 %, 35270 MiB, 36.01 W
2026/09/20 11:26:47.694, 1, 0 %, 0 %, 35270 MiB, 35.39 W
2026/09/20 11:26:47.695, 2, 0 %, 0 %, 35271 MiB, 36.84 W
2026/09/20 11:26:52.695, 0, 0 %, 0 %, 35270 MiB, 36.00 W
2026/09/20 11:26:52.696, 1, 0 %, 0 %, 35270 MiB, 35.68 W
2026/09/20 11:26:52.696, 2, 0 %, 0 %, 35271 MiB, 36.74 W
2026/09/20 11:26:57.697, 0, 0 %, 0 %, 35270 MiB, 36.00 W
2026/09/20 11:26:57.697, 1, 0 %, 0 %, 35270 MiB, 35.39 W
2026/09/20 11:26:57.697, 2, 0 %, 0 %, 35271 MiB, 36.64 W
2026/09/20 11:27:02.699, 0, 0 %, 0 %, 35270 MiB, 36.01 W
2026/09/20 11:27:02.699, 1, 0 %, 0 %, 35270 MiB, 35.40 W
2026/09/20 11:27:02.699, 2, 0 %, 0 %, 35271 MiB, 36.85 W
2026/09/20 11:27:07.700, 0, 0 %, 0 %, 35270 MiB, 35.81 W
2026/09/20 11:27:07.700, 1, 0 %, 0 %, 35270 MiB, 43.20 W
2026/09/20 11:27:07.701, 2, 0 %, 0 %, 35271 MiB, 36.76 W
2026/09/20 11:27:12.702, 0, 0 %, 0 %, 35270 MiB, 36.11 W
2026/09/20 11:27:12.702, 1, 3 %, 0 %, 35270 MiB, 35.48 W
2026/09/20 11:27:12.702, 2, 24 %, 1 %, 35271 MiB, 36.85 W
2026/09/20 11:27:17.704, 0, 0 %, 0 %, 35270 MiB, 35.90 W
2026/09/20 11:27:17.704, 1, 0 %, 0 %, 35270 MiB, 43.37 W
2026/09/20 11:27:17.704, 2, 0 %, 0 %, 35271 MiB, 36.75 W
2026/09/20 11:27:22.709, 0, 0 %, 0 %, 35270 MiB, 35.71 W
2026/09/20 11:27:22.709, 1, 0 %, 0 %, 35270 MiB, 36.16 W
2026/09/20 11:27:22.710, 2, 0 %, 0 %, 35271 MiB, 36.94 W
2026/09/20 11:27:27.710, 0, 0 %, 0 %, 35270 MiB, 35.92 W
2026/09/20 11:27:27.711, 1, 0 %, 0 %, 35270 MiB, 35.69 W
2026/09/20 11:27:27.711, 2, 0 %, 0 %, 35271 MiB, 36.85 W
2026/09/20 11:27:32.711, 0, 0 %, 0 %, 35270 MiB, 36.11 W
2026/09/20 11:27:32.711, 1, 0 %, 0 %, 35270 MiB, 35.48 W
2026/09/20 11:27:32.711, 2, 0 %, 0 %, 35271 MiB, 36.94 W
2026/09/20 11:27:37.712, 0, 0 %, 0 %, 35270 MiB, 35.92 W
2026/09/20 11:27:37.712, 1, 0 %, 0 %, 35270 MiB, 35.48 W
2026/09/20 11:27:37.712, 2, 0 %, 0 %, 35271 MiB, 37.14 W
2026/09/20 11:27:42.712, 0, 0 %, 0 %, 35270 MiB, 35.92 W
2026/09/20 11:27:42.713, 1, 0 %, 0 %, 35270 MiB, 35.49 W
2026/09/20 11:27:42.713, 2, 0 %, 0 %, 35271 MiB, 36.75 W
2026/09/20 11:27:47.714, 0, 0 %, 0 %, 35270 MiB, 35.99 W
2026/09/20 11:27:47.714, 1, 0 %, 0 %, 35270 MiB, 35.38 W
2026/09/20 11:27:47.714, 2, 0 %, 0 %, 35271 MiB, 36.83 W
2026/09/20 11:27:52.716, 0, 0 %, 0 %, 35270 MiB, 36.11 W
2026/09/20 11:27:52.716, 1, 0 %, 0 %, 35270 MiB, 35.39 W
2026/09/20 11:27:52.716, 2, 20 %, 1 %, 35271 MiB, 46.43 W
2026/09/20 11:27:57.718, 0, 0 %, 0 %, 35270 MiB, 36.09 W
2026/09/20 11:27:57.718, 1, 0 %, 0 %, 35270 MiB, 35.47 W
2026/09/20 11:27:57.718, 2, 0 %, 0 %, 35271 MiB, 36.82 W
2026/09/20 11:28:02.720, 0, 0 %, 0 %, 35270 MiB, 35.99 W
2026/09/20 11:28:02.720, 1, 0 %, 0 %, 35270 MiB, 35.48 W
2026/09/20 11:28:02.720, 2, 0 %, 0 %, 35271 MiB, 36.82 W
2026/09/20 11:28:07.722, 0, 0 %, 0 %, 35270 MiB, 36.22 W
2026/09/20 11:28:07.722, 1, 0 %, 0 %, 35270 MiB, 35.40 W
2026/09/20 11:28:07.722, 2, 45 %, 2 %, 35271 MiB, 37.63 W
2026/09/20 11:28:12.723, 0, 0 %, 0 %, 35270 MiB, 36.01 W
2026/09/20 11:28:12.724, 1, 0 %, 0 %, 35270 MiB, 35.38 W
2026/09/20 11:28:12.724, 2, 0 %, 0 %, 35271 MiB, 39.29 W
2026/09/20 11:28:17.725, 0, 0 %, 0 %, 35270 MiB, 35.90 W
2026/09/20 11:28:17.725, 1, 0 %, 0 %, 35270 MiB, 35.48 W
2026/09/20 11:28:17.725, 2, 0 %, 0 %, 35271 MiB, 36.85 W
2026/09/20 11:28:22.726, 0, 0 %, 0 %, 35270 MiB, 35.81 W
2026/09/20 11:28:22.726, 1, 0 %, 0 %, 35270 MiB, 35.68 W
2026/09/20 11:28:22.727, 2, 15 %, 1 %, 35271 MiB, 36.94 W
2026/09/20 11:28:27.728, 0, 0 %, 0 %, 35270 MiB, 35.81 W
2026/09/20 11:28:27.728, 1, 0 %, 0 %, 35270 MiB, 35.49 W
2026/09/20 11:28:27.728, 2, 19 %, 1 %, 35271 MiB, 36.85 W
2026/09/20 11:28:32.730, 0, 0 %, 0 %, 35270 MiB, 36.01 W
2026/09/20 11:28:32.730, 1, 0 %, 0 %, 35270 MiB, 35.49 W
2026/09/20 11:28:32.730, 2, 0 %, 0 %, 35271 MiB, 37.04 W
2026/09/20 11:28:37.735, 0, 0 %, 0 %, 35270 MiB, 35.92 W
2026/09/20 11:28:37.735, 1, 0 %, 0 %, 35270 MiB, 35.51 W
2026/09/20 11:28:37.735, 2, 0 %, 0 %, 35271 MiB, 36.95 W
2026/09/20 11:28:42.736, 0, 0 %, 0 %, 35270 MiB, 36.04 W
2026/09/20 11:28:42.736, 1, 0 %, 0 %, 35270 MiB, 35.61 W
2026/09/20 11:28:42.736, 2, 0 %, 0 %, 35271 MiB, 36.97 W
2026/09/20 11:28:47.738, 0, 0 %, 0 %, 35270 MiB, 35.92 W
2026/09/20 11:28:47.738, 1, 0 %, 0 %, 35270 MiB, 35.51 W
2026/09/20 11:28:47.739, 2, 0 %, 0 %, 35271 MiB, 37.14 W
2026/09/20 11:28:52.739, 0, 0 %, 0 %, 35270 MiB, 36.12 W
2026/09/20 11:28:52.739, 1, 0 %, 0 %, 35270 MiB, 35.41 W
2026/09/20 11:28:52.739, 2, 0 %, 0 %, 35271 MiB, 36.77 W
2026/09/20 11:28:57.741, 0, 0 %, 0 %, 35270 MiB, 36.01 W
2026/09/20 11:28:57.741, 1, 0 %, 0 %, 35270 MiB, 35.40 W
2026/09/20 11:28:57.741, 2, 25 %, 1 %, 35271 MiB, 36.94 W
2026/09/20 11:29:02.741, 0, 0 %, 0 %, 35270 MiB, 36.01 W
2026/09/20 11:29:02.742, 1, 0 %, 0 %, 35270 MiB, 35.40 W
2026/09/20 11:29:02.742, 2, 0 %, 0 %, 35271 MiB, 36.75 W
2026/09/20 11:29:07.743, 0, 0 %, 0 %, 35270 MiB, 36.02 W
2026/09/20 11:29:07.743, 1, 0 %, 0 %, 35270 MiB, 35.41 W
2026/09/20 11:29:07.743, 2, 0 %, 0 %, 35271 MiB, 37.04 W
2026/09/20 11:29:12.745, 0, 0 %, 0 %, 35270 MiB, 36.11 W
2026/09/20 11:29:12.745, 1, 0 %, 0 %, 35270 MiB, 35.39 W
2026/09/20 11:29:12.745, 2, 0 %, 0 %, 35271 MiB, 36.85 W
2026/09/20 11:29:17.747, 0, 0 %, 0 %, 35270 MiB, 35.82 W
2026/09/20 11:29:17.747, 1, 0 %, 0 %, 35270 MiB, 35.59 W
2026/09/20 11:29:17.747, 2, 25 %, 1 %, 35271 MiB, 36.75 W
2026/09/20 11:29:22.750, 0, 0 %, 0 %, 35270 MiB, 35.83 W
2026/09/20 11:29:22.751, 1, 0 %, 0 %, 35270 MiB, 35.42 W
2026/09/20 11:29:22.751, 2, 0 %, 0 %, 35271 MiB, 36.87 W
2026/09/20 11:29:27.757, 0, 0 %, 0 %, 35270 MiB, 36.21 W
2026/09/20 11:29:27.768, 1, 0 %, 0 %, 35270 MiB, 35.50 W
2026/09/20 11:29:27.768, 2, 0 %, 0 %, 35271 MiB, 37.14 W
2026/09/20 11:29:32.775, 0, 0 %, 0 %, 35270 MiB, 36.04 W
2026/09/20 11:29:32.775, 1, 0 %, 0 %, 35270 MiB, 35.53 W
2026/09/20 11:29:32.775, 2, 0 %, 0 %, 35271 MiB, 36.98 W
2026/09/20 11:29:37.776, 0, 0 %, 0 %, 35270 MiB, 35.83 W
2026/09/20 11:29:37.777, 1, 0 %, 0 %, 35270 MiB, 35.51 W
2026/09/20 11:29:37.777, 2, 0 %, 0 %, 35271 MiB, 36.96 W
2026/09/20 11:29:42.778, 0, 0 %, 0 %, 35270 MiB, 35.92 W
2026/09/20 11:29:42.778, 1, 0 %, 0 %, 35270 MiB, 35.49 W
2026/09/20 11:29:42.778, 2, 0 %, 0 %, 35271 MiB, 36.94 W
2026/09/20 11:29:47.780, 0, 0 %, 0 %, 35270 MiB, 35.91 W
2026/09/20 11:29:47.781, 1, 0 %, 0 %, 35270 MiB, 35.48 W
2026/09/20 11:29:47.781, 2, 0 %, 0 %, 35271 MiB, 37.04 W
2026/09/20 11:29:52.781, 0, 0 %, 0 %, 35270 MiB, 35.94 W
2026/09/20 11:29:52.781, 1, 0 %, 0 %, 35270 MiB, 35.41 W
2026/09/20 11:29:52.781, 2, 0 %, 0 %, 35271 MiB, 36.97 W
2026/09/20 11:29:57.782, 0, 0 %, 0 %, 35270 MiB, 36.01 W
2026/09/20 11:29:57.782, 1, 0 %, 0 %, 35270 MiB, 35.60 W
2026/09/20 11:29:57.782, 2, 0 %, 0 %, 35271 MiB, 36.75 W
2026/09/20 11:30:02.784, 0, 0 %, 0 %, 35270 MiB, 35.92 W
2026/09/20 11:30:02.784, 1, 0 %, 0 %, 35270 MiB, 35.39 W
2026/09/20 11:30:02.784, 2, 0 %, 0 %, 35271 MiB, 36.75 W
2026/09/20 11:30:07.788, 0, 0 %, 0 %, 35270 MiB, 36.20 W
2026/09/20 11:30:07.788, 1, 0 %, 0 %, 35270 MiB, 35.38 W
2026/09/20 11:30:07.788, 2, 0 %, 0 %, 35271 MiB, 36.93 W
2026/09/20 11:30:12.789, 0, 0 %, 0 %, 35270 MiB, 36.04 W
2026/09/20 11:30:12.789, 1, 0 %, 0 %, 35270 MiB, 35.31 W
2026/09/20 11:30:12.789, 2, 0 %, 0 %, 35271 MiB, 36.87 W
2026/09/20 11:30:17.791, 0, 0 %, 0 %, 35270 MiB, 36.01 W
2026/09/20 11:30:17.791, 1, 0 %, 0 %, 35270 MiB, 35.48 W
2026/09/20 11:30:17.791, 2, 0 %, 0 %, 35271 MiB, 36.74 W
2026/09/20 11:30:22.793, 0, 0 %, 0 %, 35270 MiB, 35.90 W
2026/09/20 11:30:22.793, 1, 0 %, 0 %, 35270 MiB, 35.38 W
2026/09/20 11:30:22.793, 2, 0 %, 0 %, 35271 MiB, 36.82 W
2026/09/20 11:30:27.795, 0, 0 %, 0 %, 35270 MiB, 35.92 W
2026/09/20 11:30:27.795, 1, 0 %, 0 %, 35270 MiB, 35.30 W
2026/09/20 11:30:27.795, 2, 0 %, 0 %, 35271 MiB, 36.94 W
2026/09/20 11:30:32.797, 0, 0 %, 0 %, 35270 MiB, 35.89 W
2026/09/20 11:30:32.797, 1, 0 %, 0 %, 35270 MiB, 35.58 W
2026/09/20 11:30:32.797, 2, 0 %, 0 %, 35271 MiB, 36.83 W
2026/09/20 11:30:37.798, 0, 0 %, 0 %, 35270 MiB, 35.82 W
2026/09/20 11:30:37.798, 1, 0 %, 0 %, 35270 MiB, 35.49 W
2026/09/20 11:30:37.798, 2, 0 %, 0 %, 35271 MiB, 36.85 W
2026/09/20 11:30:42.800, 0, 0 %, 0 %, 35270 MiB, 35.92 W
2026/09/20 11:30:42.800, 1, 0 %, 0 %, 35270 MiB, 35.40 W
2026/09/20 11:30:42.800, 2, 0 %, 0 %, 35271 MiB, 36.85 W
2026/09/20 11:30:47.802, 0, 0 %, 0 %, 35270 MiB, 36.09 W
2026/09/20 11:30:47.802, 1, 0 %, 0 %, 35270 MiB, 35.48 W
2026/09/20 11:30:47.802, 2, 0 %, 0 %, 35271 MiB, 36.92 W
2026/09/20 11:30:52.804, 0, 0 %, 0 %, 35270 MiB, 35.92 W
2026/09/20 11:30:52.804, 1, 0 %, 0 %, 35270 MiB, 35.68 W
2026/09/20 11:30:52.805, 2, 0 %, 0 %, 35271 MiB, 36.94 W
2026/09/20 11:30:57.805, 0, 0 %, 0 %, 35270 MiB, 35.96 W
2026/09/20 11:30:57.805, 1, 0 %, 0 %, 35270 MiB, 35.53 W
2026/09/20 11:30:57.805, 2, 0 %, 0 %, 35271 MiB, 36.88 W
2026/09/20 11:31:02.807, 0, 0 %, 0 %, 35270 MiB, 35.92 W
2026/09/20 11:31:02.807, 1, 0 %, 0 %, 35270 MiB, 35.58 W
2026/09/20 11:31:02.807, 2, 0 %, 0 %, 35271 MiB, 36.94 W
2026/09/20 11:31:07.808, 0, 0 %, 0 %, 35270 MiB, 36.01 W
2026/09/20 11:31:07.808, 1, 0 %, 0 %, 35270 MiB, 35.39 W
2026/09/20 11:31:07.808, 2, 0 %, 0 %, 35271 MiB, 36.85 W
2026/09/20 11:31:12.810, 0, 0 %, 0 %, 35270 MiB, 36.03 W
2026/09/20 11:31:12.810, 1, 0 %, 0 %, 35270 MiB, 35.51 W
2026/09/20 11:31:12.810, 2, 0 %, 0 %, 35271 MiB, 36.74 W
2026/09/20 11:31:17.811, 0, 0 %, 0 %, 35270 MiB, 36.04 W
2026/09/20 11:31:17.811, 1, 0 %, 0 %, 35270 MiB, 35.31 W
2026/09/20 11:31:17.811, 2, 0 %, 0 %, 35271 MiB, 36.87 W
2026/09/20 11:31:22.813, 0, 0 %, 0 %, 35270 MiB, 36.21 W
2026/09/20 11:31:22.813, 1, 0 %, 0 %, 35270 MiB, 35.29 W
2026/09/20 11:31:22.813, 2, 0 %, 0 %, 35271 MiB, 37.04 W
2026/09/20 11:31:27.814, 0, 0 %, 0 %, 35270 MiB, 36.01 W
2026/09/20 11:31:27.814, 1, 0 %, 0 %, 35270 MiB, 35.40 W
2026/09/20 11:31:27.815, 2, 0 %, 0 %, 35271 MiB, 36.85 W
2026/09/20 11:31:32.816, 0, 0 %, 0 %, 35270 MiB, 35.82 W
2026/09/20 11:31:32.816, 1, 0 %, 0 %, 35270 MiB, 35.49 W
2026/09/20 11:31:32.816, 2, 0 %, 0 %, 35271 MiB, 36.75 W
2026/09/20 11:31:37.817, 0, 0 %, 0 %, 35270 MiB, 35.84 W
2026/09/20 11:31:37.818, 1, 0 %, 0 %, 35270 MiB, 35.32 W
2026/09/20 11:31:37.818, 2, 0 %, 0 %, 35271 MiB, 36.87 W
2026/09/20 11:31:42.819, 0, 0 %, 0 %, 35270 MiB, 36.01 W
2026/09/20 11:31:42.819, 1, 0 %, 0 %, 35270 MiB, 35.39 W
2026/09/20 11:31:42.819, 2, 0 %, 0 %, 35271 MiB, 37.04 W
2026/09/20 11:31:47.821, 0, 0 %, 0 %, 35270 MiB, 35.82 W
2026/09/20 11:31:47.821, 1, 0 %, 0 %, 35270 MiB, 35.68 W
2026/09/20 11:31:47.821, 2, 0 %, 0 %, 35271 MiB, 36.94 W
2026/09/20 11:31:52.823, 0, 0 %, 0 %, 35270 MiB, 35.82 W
2026/09/20 11:31:52.823, 1, 0 %, 0 %, 35270 MiB, 35.49 W
2026/09/20 11:31:52.823, 2, 0 %, 0 %, 35271 MiB, 36.85 W
2026/09/20 11:31:57.825, 0, 0 %, 0 %, 35270 MiB, 35.94 W
2026/09/20 11:31:57.825, 1, 0 %, 0 %, 35270 MiB, 35.52 W
2026/09/20 11:31:57.825, 2, 0 %, 0 %, 35271 MiB, 36.87 W
2026/09/20 11:32:02.827, 0, 0 %, 0 %, 35270 MiB, 36.03 W
2026/09/20 11:32:02.827, 1, 0 %, 0 %, 35270 MiB, 35.51 W
2026/09/20 11:32:02.827, 2, 0 %, 0 %, 35271 MiB, 37.15 W
2026/09/20 11:32:07.828, 0, 0 %, 0 %, 35270 MiB, 36.04 W
2026/09/20 11:32:07.828, 1, 0 %, 0 %, 35270 MiB, 35.61 W
2026/09/20 11:32:07.828, 2, 0 %, 0 %, 35271 MiB, 36.95 W
2026/09/20 11:32:12.829, 0, 0 %, 0 %, 35270 MiB, 35.93 W
2026/09/20 11:32:12.829, 1, 0 %, 0 %, 35270 MiB, 35.51 W
2026/09/20 11:32:12.829, 2, 0 %, 0 %, 35271 MiB, 36.75 W
2026/09/20 11:32:17.830, 0, 0 %, 0 %, 35270 MiB, 36.01 W
2026/09/20 11:32:17.831, 1, 0 %, 0 %, 35270 MiB, 35.30 W
2026/09/20 11:32:17.831, 2, 0 %, 0 %, 35271 MiB, 36.75 W
2026/09/20 11:32:22.832, 0, 0 %, 0 %, 35270 MiB, 36.02 W
2026/09/20 11:32:22.833, 1, 0 %, 0 %, 35270 MiB, 35.40 W
2026/09/20 11:32:22.833, 2, 0 %, 0 %, 35271 MiB, 36.94 W
2026/09/20 11:32:27.833, 0, 0 %, 0 %, 35270 MiB, 36.01 W
2026/09/20 11:32:27.833, 1, 0 %, 0 %, 35270 MiB, 35.40 W
2026/09/20 11:32:27.833, 2, 0 %, 0 %, 35271 MiB, 36.85 W
2026/09/20 11:32:32.835, 0, 0 %, 0 %, 35270 MiB, 35.99 W
2026/09/20 11:32:32.835, 1, 0 %, 0 %, 35270 MiB, 35.38 W
2026/09/20 11:32:32.835, 2, 0 %, 0 %, 35271 MiB, 36.83 W
2026/09/20 11:32:37.837, 0, 0 %, 0 %, 35270 MiB, 36.30 W
2026/09/20 11:32:37.837, 1, 0 %, 0 %, 35270 MiB, 35.38 W
2026/09/20 11:32:37.838, 2, 0 %, 0 %, 35271 MiB, 36.85 W
2026/09/20 11:32:42.839, 0, 0 %, 0 %, 35270 MiB, 35.89 W
2026/09/20 11:32:42.839, 1, 0 %, 0 %, 35270 MiB, 35.38 W
2026/09/20 11:32:42.839, 2, 0 %, 0 %, 35271 MiB, 36.94 W
2026/09/20 11:32:47.841, 0, 25 %, 1 %, 35270 MiB, 35.92 W
2026/09/20 11:32:47.841, 1, 0 %, 0 %, 35270 MiB, 35.49 W
2026/09/20 11:32:47.842, 2, 0 %, 0 %, 35271 MiB, 36.85 W
2026/09/20 11:32:52.843, 0, 0 %, 0 %, 35270 MiB, 36.00 W
2026/09/20 11:32:52.843, 1, 0 %, 0 %, 35270 MiB, 35.38 W
2026/09/20 11:32:52.843, 2, 0 %, 0 %, 35271 MiB, 36.85 W
2026/09/20 11:32:57.845, 0, 0 %, 0 %, 35270 MiB, 36.09 W
2026/09/20 11:32:57.845, 1, 0 %, 0 %, 35270 MiB, 35.38 W
2026/09/20 11:32:57.845, 2, 0 %, 0 %, 35271 MiB, 36.85 W
2026/09/20 11:33:02.847, 0, 0 %, 0 %, 35270 MiB, 35.92 W
2026/09/20 11:33:02.847, 1, 0 %, 0 %, 35270 MiB, 35.59 W
2026/09/20 11:33:02.847, 2, 0 %, 0 %, 35271 MiB, 36.94 W
2026/09/20 11:33:07.849, 0, 0 %, 0 %, 35270 MiB, 36.00 W
2026/09/20 11:33:07.849, 1, 0 %, 0 %, 35270 MiB, 35.48 W
2026/09/20 11:33:07.849, 2, 0 %, 0 %, 35271 MiB, 37.03 W
2026/09/20 11:33:12.850, 0, 5 %, 0 %, 35270 MiB, 43.35 W
2026/09/20 11:33:12.850, 1, 0 %, 0 %, 35270 MiB, 35.42 W
2026/09/20 11:33:12.850, 2, 0 %, 0 %, 35271 MiB, 36.97 W
2026/09/20 11:33:17.851, 0, 0 %, 0 %, 35270 MiB, 36.00 W
2026/09/20 11:33:17.851, 1, 0 %, 0 %, 35270 MiB, 35.50 W
2026/09/20 11:33:17.852, 2, 0 %, 0 %, 35271 MiB, 36.75 W
2026/09/20 11:33:22.852, 0, 0 %, 0 %, 35270 MiB, 36.01 W
2026/09/20 11:33:22.852, 1, 0 %, 0 %, 35270 MiB, 35.50 W
2026/09/20 11:33:22.852, 2, 0 %, 0 %, 35271 MiB, 36.94 W
2026/09/20 11:33:27.854, 0, 0 %, 0 %, 35270 MiB, 36.01 W
2026/09/20 11:33:27.854, 1, 0 %, 0 %, 35270 MiB, 35.39 W
2026/09/20 11:33:27.854, 2, 0 %, 0 %, 35271 MiB, 36.75 W
2026/09/20 11:33:32.855, 0, 25 %, 1 %, 35270 MiB, 36.81 W
2026/09/20 11:33:32.856, 1, 24 %, 1 %, 35270 MiB, 35.30 W
2026/09/20 11:33:32.856, 2, 0 %, 0 %, 35271 MiB, 36.75 W
2026/09/20 11:33:37.856, 0, 0 %, 0 %, 35270 MiB, 36.03 W
2026/09/20 11:33:37.856, 1, 0 %, 0 %, 35270 MiB, 35.32 W
2026/09/20 11:33:37.856, 2, 0 %, 0 %, 35271 MiB, 36.87 W
2026/09/20 11:33:42.857, 0, 0 %, 0 %, 35270 MiB, 36.01 W
2026/09/20 11:33:42.857, 1, 0 %, 0 %, 35270 MiB, 35.39 W
2026/09/20 11:33:42.857, 2, 0 %, 0 %, 35271 MiB, 36.94 W
2026/09/20 11:33:47.859, 0, 0 %, 0 %, 35270 MiB, 35.93 W
2026/09/20 11:33:47.859, 1, 0 %, 0 %, 35270 MiB, 35.31 W
2026/09/20 11:33:47.859, 2, 0 %, 0 %, 35271 MiB, 36.85 W
2026/09/20 11:33:52.860, 0, 5 %, 0 %, 35270 MiB, 36.12 W
2026/09/20 11:33:52.861, 1, 5 %, 0 %, 35270 MiB, 35.40 W
2026/09/20 11:33:52.861, 2, 0 %, 0 %, 35271 MiB, 36.86 W
2026/09/20 11:33:57.861, 0, 0 %, 0 %, 35270 MiB, 35.92 W
2026/09/20 11:33:57.862, 1, 0 %, 0 %, 35270 MiB, 35.49 W
2026/09/20 11:33:57.862, 2, 0 %, 0 %, 35271 MiB, 36.85 W
2026/09/20 11:34:02.863, 0, 1 %, 0 %, 35270 MiB, 35.91 W
2026/09/20 11:34:02.863, 1, 0 %, 0 %, 35270 MiB, 35.48 W
2026/09/20 11:34:02.863, 2, 0 %, 0 %, 35271 MiB, 36.94 W
2026/09/20 11:34:07.864, 0, 0 %, 0 %, 35270 MiB, 35.92 W
2026/09/20 11:34:07.864, 1, 0 %, 0 %, 35270 MiB, 35.41 W
2026/09/20 11:34:07.865, 2, 0 %, 0 %, 35271 MiB, 36.85 W
2026/09/20 11:34:12.866, 0, 0 %, 0 %, 35270 MiB, 36.02 W
2026/09/20 11:34:12.866, 1, 0 %, 0 %, 35270 MiB, 35.69 W
2026/09/20 11:34:12.866, 2, 0 %, 0 %, 35271 MiB, 36.85 W
2026/09/20 11:34:17.868, 0, 0 %, 0 %, 35270 MiB, 36.01 W
2026/09/20 11:34:17.868, 1, 0 %, 0 %, 35270 MiB, 35.48 W
2026/09/20 11:34:17.868, 2, 0 %, 0 %, 35271 MiB, 37.04 W
2026/09/20 11:34:22.874, 0, 0 %, 0 %, 35270 MiB, 36.12 W
2026/09/20 11:34:22.874, 1, 25 %, 1 %, 35270 MiB, 35.60 W
2026/09/20 11:34:22.874, 2, 0 %, 0 %, 35271 MiB, 37.14 W
2026/09/20 11:34:27.875, 0, 0 %, 0 %, 35270 MiB, 35.95 W
2026/09/20 11:34:27.875, 1, 0 %, 0 %, 35270 MiB, 44.22 W
2026/09/20 11:34:27.875, 2, 0 %, 0 %, 35271 MiB, 36.79 W
2026/09/20 11:34:32.876, 0, 0 %, 0 %, 35270 MiB, 36.21 W
2026/09/20 11:34:32.876, 1, 0 %, 0 %, 35270 MiB, 35.50 W
2026/09/20 11:34:32.877, 2, 0 %, 0 %, 35271 MiB, 36.85 W
2026/09/20 11:34:37.878, 0, 0 %, 0 %, 35270 MiB, 36.01 W
2026/09/20 11:34:37.878, 1, 0 %, 0 %, 35270 MiB, 35.29 W
2026/09/20 11:34:37.878, 2, 0 %, 0 %, 35271 MiB, 36.75 W
2026/09/20 11:34:42.880, 0, 0 %, 0 %, 35270 MiB, 36.01 W
2026/09/20 11:34:42.880, 1, 0 %, 0 %, 35270 MiB, 35.29 W
2026/09/20 11:34:42.881, 2, 0 %, 0 %, 35271 MiB, 36.85 W
2026/09/20 11:34:47.881, 0, 0 %, 0 %, 35270 MiB, 36.03 W
2026/09/20 11:34:47.881, 1, 20 %, 1 %, 35270 MiB, 35.51 W
2026/09/20 11:34:47.881, 2, 0 %, 0 %, 35271 MiB, 36.77 W
2026/09/20 11:34:52.883, 0, 0 %, 0 %, 35270 MiB, 36.01 W
2026/09/20 11:34:52.883, 1, 12 %, 0 %, 35270 MiB, 35.49 W
2026/09/20 11:34:52.883, 2, 0 %, 0 %, 35271 MiB, 36.75 W
2026/09/20 11:34:57.885, 0, 0 %, 0 %, 35270 MiB, 35.90 W
2026/09/20 11:34:57.885, 1, 0 %, 0 %, 35270 MiB, 35.29 W
2026/09/20 11:34:57.885, 2, 0 %, 0 %, 35271 MiB, 36.94 W
2026/09/20 11:35:02.887, 0, 0 %, 0 %, 35270 MiB, 35.89 W
2026/09/20 11:35:02.887, 1, 0 %, 0 %, 35270 MiB, 35.38 W
2026/09/20 11:35:02.888, 2, 0 %, 0 %, 35271 MiB, 36.83 W
2026/09/20 11:35:07.889, 0, 0 %, 0 %, 35270 MiB, 35.82 W
2026/09/20 11:35:07.889, 1, 0 %, 0 %, 35270 MiB, 35.59 W
2026/09/20 11:35:07.890, 2, 0 %, 0 %, 35271 MiB, 36.94 W
2026/09/20 11:35:12.890, 0, 0 %, 0 %, 35270 MiB, 35.96 W
2026/09/20 11:35:12.890, 1, 0 %, 0 %, 35270 MiB, 35.53 W
2026/09/20 11:35:12.890, 2, 0 %, 0 %, 35271 MiB, 36.89 W
2026/09/20 11:35:17.892, 0, 0 %, 0 %, 35270 MiB, 35.92 W
2026/09/20 11:35:17.892, 1, 0 %, 0 %, 35270 MiB, 35.50 W
2026/09/20 11:35:17.892, 2, 0 %, 0 %, 35271 MiB, 37.04 W
2026/09/20 11:35:22.894, 0, 0 %, 0 %, 35270 MiB, 35.92 W
2026/09/20 11:35:22.895, 1, 0 %, 0 %, 35270 MiB, 35.58 W
2026/09/20 11:35:22.895, 2, 0 %, 0 %, 35271 MiB, 36.94 W
2026/09/20 11:35:27.896, 0, 0 %, 0 %, 35270 MiB, 35.92 W
2026/09/20 11:35:27.896, 1, 5 %, 0 %, 35270 MiB, 40.12 W
2026/09/20 11:35:27.896, 2, 23 %, 1 %, 35271 MiB, 36.94 W
2026/09/20 11:35:32.901, 0, 0 %, 0 %, 35270 MiB, 36.01 W
2026/09/20 11:35:32.901, 1, 0 %, 0 %, 35270 MiB, 35.59 W
2026/09/20 11:35:32.901, 2, 19 %, 1 %, 35271 MiB, 37.14 W
2026/09/20 11:35:37.903, 0, 0 %, 0 %, 35270 MiB, 35.94 W
2026/09/20 11:35:37.903, 1, 0 %, 0 %, 35270 MiB, 35.31 W
2026/09/20 11:35:37.903, 2, 0 %, 0 %, 35271 MiB, 36.86 W
2026/09/20 11:35:42.904, 0, 0 %, 0 %, 35270 MiB, 35.92 W
2026/09/20 11:35:42.904, 1, 0 %, 0 %, 35270 MiB, 35.49 W
2026/09/20 11:35:42.904, 2, 0 %, 0 %, 35271 MiB, 36.75 W
2026/09/20 11:35:47.906, 0, 0 %, 0 %, 35270 MiB, 36.19 W
2026/09/20 11:35:47.906, 1, 0 %, 0 %, 35270 MiB, 35.38 W
2026/09/20 11:35:47.906, 2, 0 %, 0 %, 35271 MiB, 36.74 W
2026/09/20 11:35:52.908, 0, 0 %, 0 %, 35270 MiB, 36.11 W
2026/09/20 11:35:52.908, 1, 0 %, 0 %, 35270 MiB, 35.38 W
2026/09/20 11:35:52.909, 2, 0 %, 0 %, 35271 MiB, 36.94 W
2026/09/20 11:35:57.911, 0, 0 %, 0 %, 35270 MiB, 36.01 W
2026/09/20 11:35:57.911, 1, 0 %, 0 %, 35270 MiB, 35.38 W
2026/09/20 11:35:57.911, 2, 0 %, 0 %, 35271 MiB, 36.75 W
2026/09/20 11:36:02.913, 0, 0 %, 0 %, 35270 MiB, 35.82 W
2026/09/20 11:36:02.913, 1, 0 %, 0 %, 35270 MiB, 35.49 W
2026/09/20 11:36:02.913, 2, 0 %, 0 %, 35271 MiB, 36.85 W
2026/09/20 11:36:07.914, 0, 0 %, 0 %, 35270 MiB, 36.06 W
2026/09/20 11:36:07.914, 1, 0 %, 0 %, 35270 MiB, 35.43 W
2026/09/20 11:36:07.914, 2, 0 %, 0 %, 35271 MiB, 36.87 W
2026/09/20 11:36:12.915, 0, 0 %, 0 %, 35270 MiB, 35.92 W
2026/09/20 11:36:12.915, 1, 0 %, 0 %, 35270 MiB, 35.39 W
2026/09/20 11:36:12.915, 2, 0 %, 0 %, 35271 MiB, 37.63 W
2026/09/20 11:36:17.917, 0, 0 %, 0 %, 35270 MiB, 35.82 W
2026/09/20 11:36:17.917, 1, 0 %, 0 %, 35270 MiB, 35.39 W
2026/09/20 11:36:17.917, 2, 0 %, 0 %, 35271 MiB, 36.85 W
2026/09/20 11:36:22.919, 0, 0 %, 0 %, 35270 MiB, 35.89 W
2026/09/20 11:36:22.919, 1, 0 %, 0 %, 35270 MiB, 35.48 W
2026/09/20 11:36:22.919, 2, 0 %, 0 %, 35271 MiB, 36.82 W
2026/09/20 11:36:27.921, 0, 0 %, 0 %, 35270 MiB, 36.03 W
2026/09/20 11:36:27.921, 1, 0 %, 0 %, 35270 MiB, 35.41 W
2026/09/20 11:36:27.922, 2, 0 %, 0 %, 35271 MiB, 36.95 W
2026/09/20 11:36:32.923, 0, 0 %, 0 %, 35270 MiB, 36.02 W
2026/09/20 11:36:32.923, 1, 0 %, 0 %, 35270 MiB, 35.50 W
2026/09/20 11:36:32.923, 2, 0 %, 0 %, 35271 MiB, 36.94 W
2026/09/20 11:36:37.924, 0, 0 %, 0 %, 35270 MiB, 35.92 W
2026/09/20 11:36:37.924, 1, 0 %, 0 %, 35270 MiB, 35.40 W
2026/09/20 11:36:37.924, 2, 0 %, 0 %, 35271 MiB, 36.85 W
2026/09/20 11:36:42.925, 0, 0 %, 0 %, 35270 MiB, 36.03 W
2026/09/20 11:36:42.925, 1, 0 %, 0 %, 35270 MiB, 35.31 W
2026/09/20 11:36:42.925, 2, 0 %, 0 %, 35271 MiB, 36.76 W
2026/09/20 11:36:47.927, 0, 0 %, 0 %, 35270 MiB, 36.82 W
2026/09/20 11:36:47.927, 1, 0 %, 0 %, 35270 MiB, 35.21 W
2026/09/20 11:36:47.927, 2, 0 %, 0 %, 35271 MiB, 36.87 W
2026/09/20 11:36:52.929, 0, 0 %, 0 %, 35270 MiB, 36.05 W
2026/09/20 11:36:52.929, 1, 0 %, 0 %, 35270 MiB, 35.33 W
2026/09/20 11:36:52.929, 2, 0 %, 0 %, 35271 MiB, 36.77 W
2026/09/20 11:36:57.930, 0, 0 %, 0 %, 35270 MiB, 36.03 W
2026/09/20 11:36:57.931, 1, 0 %, 0 %, 35270 MiB, 35.53 W
2026/09/20 11:36:57.931, 2, 0 %, 0 %, 35271 MiB, 36.77 W
2026/09/20 11:37:02.932, 0, 0 %, 0 %, 35270 MiB, 35.94 W
2026/09/20 11:37:02.932, 1, 0 %, 0 %, 35270 MiB, 35.32 W
2026/09/20 11:37:02.932, 2, 0 %, 0 %, 35271 MiB, 36.97 W
2026/09/20 11:37:07.933, 0, 0 %, 0 %, 35270 MiB, 36.12 W
2026/09/20 11:37:07.933, 1, 0 %, 0 %, 35270 MiB, 35.41 W
2026/09/20 11:37:07.933, 2, 0 %, 0 %, 35271 MiB, 36.75 W
2026/09/20 11:37:12.934, 0, 0 %, 0 %, 35270 MiB, 35.85 W
2026/09/20 11:37:12.934, 1, 0 %, 0 %, 35270 MiB, 35.23 W
2026/09/20 11:37:12.934, 2, 0 %, 0 %, 35271 MiB, 36.78 W
2026/09/20 11:37:17.935, 0, 0 %, 0 %, 35270 MiB, 35.83 W
2026/09/20 11:37:17.935, 1, 0 %, 0 %, 35270 MiB, 35.51 W
2026/09/20 11:37:17.935, 2, 0 %, 0 %, 35271 MiB, 36.85 W
2026/09/20 11:37:22.937, 0, 0 %, 0 %, 35270 MiB, 35.83 W
2026/09/20 11:37:22.937, 1, 0 %, 0 %, 35270 MiB, 35.38 W
2026/09/20 11:37:22.937, 2, 0 %, 0 %, 35271 MiB, 36.94 W
2026/09/20 11:37:27.939, 0, 0 %, 0 %, 35270 MiB, 35.92 W
2026/09/20 11:37:27.940, 1, 0 %, 0 %, 35270 MiB, 35.39 W
2026/09/20 11:37:27.940, 2, 0 %, 0 %, 35271 MiB, 36.75 W
2026/09/20 11:37:32.940, 0, 0 %, 0 %, 35270 MiB, 35.85 W
2026/09/20 11:37:32.940, 1, 0 %, 0 %, 35270 MiB, 35.52 W
2026/09/20 11:37:32.940, 2, 0 %, 0 %, 35271 MiB, 36.87 W
2026/09/20 11:37:37.942, 0, 0 %, 0 %, 35270 MiB, 35.83 W
2026/09/20 11:37:37.942, 1, 0 %, 0 %, 35270 MiB, 35.51 W
2026/09/20 11:37:37.942, 2, 0 %, 0 %, 35271 MiB, 36.85 W
2026/09/20 11:37:42.950, 0, 0 %, 0 %, 35270 MiB, 35.92 W
2026/09/20 11:37:42.950, 1, 0 %, 0 %, 35270 MiB, 35.48 W
2026/09/20 11:37:42.950, 2, 0 %, 0 %, 35271 MiB, 36.94 W
2026/09/20 11:37:47.950, 0, 0 %, 0 %, 35270 MiB, 36.06 W
2026/09/20 11:37:47.950, 1, 0 %, 0 %, 35270 MiB, 35.43 W
2026/09/20 11:37:47.950, 2, 0 %, 0 %, 35271 MiB, 36.69 W
2026/09/20 11:37:52.951, 0, 0 %, 0 %, 35270 MiB, 35.91 W
2026/09/20 11:37:52.952, 1, 0 %, 0 %, 35270 MiB, 35.49 W
2026/09/20 11:37:52.952, 2, 0 %, 0 %, 35271 MiB, 36.74 W
2026/09/20 11:37:57.953, 0, 0 %, 0 %, 35270 MiB, 35.93 W
2026/09/20 11:37:57.953, 1, 0 %, 0 %, 35270 MiB, 35.31 W
2026/09/20 11:37:57.953, 2, 0 %, 0 %, 35271 MiB, 36.65 W
2026/09/20 11:38:02.955, 0, 0 %, 0 %, 35270 MiB, 36.04 W
2026/09/20 11:38:02.955, 1, 0 %, 0 %, 35270 MiB, 35.32 W
2026/09/20 11:38:02.955, 2, 0 %, 0 %, 35271 MiB, 36.77 W
2026/09/20 11:38:07.956, 0, 0 %, 0 %, 35270 MiB, 36.01 W
2026/09/20 11:38:07.956, 1, 0 %, 0 %, 35270 MiB, 35.29 W
2026/09/20 11:38:07.956, 2, 0 %, 0 %, 35271 MiB, 36.75 W
2026/09/20 11:38:12.957, 0, 0 %, 0 %, 35270 MiB, 35.92 W
2026/09/20 11:38:12.958, 1, 0 %, 0 %, 35270 MiB, 35.51 W
2026/09/20 11:38:12.958, 2, 0 %, 0 %, 35271 MiB, 36.65 W
2026/09/20 11:38:17.958, 0, 0 %, 0 %, 35270 MiB, 35.84 W
2026/09/20 11:38:17.959, 1, 0 %, 0 %, 35270 MiB, 35.42 W
2026/09/20 11:38:17.959, 2, 0 %, 0 %, 35271 MiB, 36.77 W
2026/09/20 11:38:22.960, 0, 0 %, 0 %, 35270 MiB, 36.02 W
2026/09/20 11:38:22.960, 1, 0 %, 0 %, 35270 MiB, 35.21 W
2026/09/20 11:38:22.960, 2, 0 %, 0 %, 35271 MiB, 36.85 W
2026/09/20 11:38:27.962, 0, 0 %, 0 %, 35270 MiB, 35.82 W
2026/09/20 11:38:27.963, 1, 0 %, 0 %, 35270 MiB, 35.49 W
2026/09/20 11:38:27.963, 2, 0 %, 0 %, 35271 MiB, 36.75 W
2026/09/20 11:38:32.964, 0, 0 %, 0 %, 35270 MiB, 35.82 W
2026/09/20 11:38:32.964, 1, 0 %, 0 %, 35270 MiB, 35.49 W
2026/09/20 11:38:32.964, 2, 0 %, 0 %, 35271 MiB, 36.85 W
2026/09/20 11:38:37.966, 0, 0 %, 0 %, 35270 MiB, 35.82 W
2026/09/20 11:38:37.966, 1, 0 %, 0 %, 35270 MiB, 35.39 W
2026/09/20 11:38:37.967, 2, 0 %, 0 %, 35271 MiB, 36.94 W
2026/09/20 11:38:42.968, 0, 0 %, 0 %, 35270 MiB, 36.01 W
2026/09/20 11:38:42.968, 1, 0 %, 0 %, 35270 MiB, 35.48 W
2026/09/20 11:38:42.968, 2, 0 %, 0 %, 35271 MiB, 36.94 W
2026/09/20 11:38:47.970, 0, 0 %, 0 %, 35270 MiB, 36.01 W
2026/09/20 11:38:47.970, 1, 0 %, 0 %, 35270 MiB, 35.68 W
2026/09/20 11:38:47.970, 2, 0 %, 0 %, 35271 MiB, 36.84 W
2026/09/20 11:38:52.972, 0, 0 %, 0 %, 35270 MiB, 35.92 W
2026/09/20 11:38:52.972, 1, 0 %, 0 %, 35270 MiB, 35.49 W
2026/09/20 11:38:52.972, 2, 0 %, 0 %, 35271 MiB, 36.75 W
2026/09/20 11:38:57.974, 0, 0 %, 0 %, 35270 MiB, 35.91 W
2026/09/20 11:38:57.974, 1, 0 %, 0 %, 35270 MiB, 35.19 W
2026/09/20 11:38:57.975, 2, 0 %, 0 %, 35271 MiB, 36.74 W
2026/09/20 11:39:02.976, 0, 0 %, 0 %, 35270 MiB, 36.13 W
2026/09/20 11:39:02.976, 1, 0 %, 0 %, 35270 MiB, 35.31 W
2026/09/20 11:39:02.976, 2, 0 %, 0 %, 35271 MiB, 36.75 W
2026/09/20 11:39:07.977, 0, 0 %, 0 %, 35270 MiB, 35.91 W
2026/09/20 11:39:07.978, 1, 0 %, 0 %, 35270 MiB, 35.48 W
2026/09/20 11:39:07.978, 2, 0 %, 0 %, 35271 MiB, 36.74 W
2026/09/20 11:39:12.978, 0, 0 %, 0 %, 35270 MiB, 36.01 W
2026/09/20 11:39:12.979, 1, 0 %, 0 %, 35270 MiB, 35.40 W
2026/09/20 11:39:12.979, 2, 0 %, 0 %, 35271 MiB, 36.77 W
2026/09/20 11:39:17.980, 0, 0 %, 0 %, 35270 MiB, 35.94 W
2026/09/20 11:39:17.980, 1, 0 %, 0 %, 35270 MiB, 35.41 W
2026/09/20 11:39:17.980, 2, 0 %, 0 %, 35271 MiB, 36.87 W
2026/09/20 11:39:22.981, 0, 0 %, 0 %, 35270 MiB, 36.05 W
2026/09/20 11:39:22.981, 1, 0 %, 0 %, 35270 MiB, 35.33 W
2026/09/20 11:39:22.981, 2, 0 %, 0 %, 35271 MiB, 36.68 W
2026/09/20 11:39:27.983, 0, 0 %, 0 %, 35270 MiB, 35.84 W
2026/09/20 11:39:27.983, 1, 0 %, 0 %, 35270 MiB, 35.41 W
2026/09/20 11:39:27.983, 2, 0 %, 0 %, 35271 MiB, 36.66 W
2026/09/20 11:39:32.985, 0, 0 %, 0 %, 35270 MiB, 35.81 W
2026/09/20 11:39:32.985, 1, 0 %, 0 %, 35270 MiB, 35.29 W
2026/09/20 11:39:32.985, 2, 0 %, 0 %, 35271 MiB, 36.72 W
2026/09/20 11:39:37.987, 0, 0 %, 0 %, 35270 MiB, 35.82 W
2026/09/20 11:39:37.987, 1, 0 %, 0 %, 35270 MiB, 35.39 W
2026/09/20 11:39:37.987, 2, 0 %, 0 %, 35271 MiB, 36.85 W
2026/09/20 11:39:42.989, 0, 0 %, 0 %, 35270 MiB, 35.82 W
2026/09/20 11:39:42.989, 1, 0 %, 0 %, 35270 MiB, 35.49 W
2026/09/20 11:39:42.990, 2, 0 %, 0 %, 35271 MiB, 36.85 W
2026/09/20 11:39:47.998, 0, 0 %, 0 %, 35270 MiB, 35.82 W
2026/09/20 11:39:47.998, 1, 0 %, 0 %, 35270 MiB, 35.49 W
2026/09/20 11:39:47.998, 2, 0 %, 0 %, 35271 MiB, 36.85 W
2026/09/20 11:39:52.999, 0, 0 %, 0 %, 35270 MiB, 35.84 W
2026/09/20 11:39:52.999, 1, 0 %, 0 %, 35270 MiB, 35.51 W
2026/09/20 11:39:52.999, 2, 0 %, 0 %, 35271 MiB, 36.85 W
2026/09/20 11:39:58.011, 0, 0 %, 0 %, 35270 MiB, 35.92 W
2026/09/20 11:39:58.011, 1, 0 %, 0 %, 35270 MiB, 35.50 W
2026/09/20 11:39:58.011, 2, 0 %, 0 %, 35271 MiB, 36.85 W
2026/09/20 11:40:03.012, 0, 10 %, 0 %, 35270 MiB, 42.82 W
2026/09/20 11:40:03.012, 1, 0 %, 0 %, 35270 MiB, 35.60 W
2026/09/20 11:40:03.012, 2, 0 %, 0 %, 35271 MiB, 36.65 W
2026/09/20 11:40:08.014, 0, 0 %, 0 %, 35270 MiB, 35.92 W
2026/09/20 11:40:08.015, 1, 0 %, 0 %, 35270 MiB, 35.30 W
2026/09/20 11:40:08.015, 2, 0 %, 0 %, 35271 MiB, 36.75 W
2026/09/20 11:40:13.016, 0, 0 %, 0 %, 35270 MiB, 35.92 W
2026/09/20 11:40:13.016, 1, 0 %, 0 %, 35270 MiB, 35.23 W
2026/09/20 11:40:13.016, 2, 0 %, 0 %, 35271 MiB, 36.64 W
2026/09/20 11:40:18.018, 0, 0 %, 0 %, 35270 MiB, 36.23 W
2026/09/20 11:40:18.018, 1, 0 %, 0 %, 35270 MiB, 35.31 W
2026/09/20 11:40:18.018, 2, 0 %, 0 %, 35271 MiB, 36.77 W
2026/09/20 11:40:23.020, 0, 0 %, 0 %, 35270 MiB, 36.04 W
2026/09/20 11:40:23.020, 1, 0 %, 0 %, 35270 MiB, 35.51 W
2026/09/20 11:40:23.020, 2, 0 %, 0 %, 35271 MiB, 36.77 W
2026/09/20 11:40:28.021, 0, 0 %, 0 %, 35270 MiB, 35.93 W
2026/09/20 11:40:28.021, 1, 0 %, 0 %, 35270 MiB, 35.30 W
2026/09/20 11:40:28.021, 2, 0 %, 0 %, 35271 MiB, 36.76 W
2026/09/20 11:40:33.023, 0, 0 %, 0 %, 35270 MiB, 35.79 W
2026/09/20 11:40:33.023, 1, 0 %, 0 %, 35270 MiB, 35.38 W
2026/09/20 11:40:33.023, 2, 0 %, 0 %, 35271 MiB, 36.74 W
2026/09/20 11:40:38.024, 0, 0 %, 0 %, 35270 MiB, 36.04 W
2026/09/20 11:40:38.024, 1, 0 %, 0 %, 35270 MiB, 35.22 W
2026/09/20 11:40:38.024, 2, 0 %, 0 %, 35271 MiB, 36.77 W
2026/09/20 11:40:43.025, 0, 0 %, 0 %, 35270 MiB, 35.82 W
2026/09/20 11:40:43.025, 1, 0 %, 0 %, 35270 MiB, 35.48 W
2026/09/20 11:40:43.025, 2, 0 %, 0 %, 35271 MiB, 36.85 W
2026/09/20 11:40:48.027, 0, 0 %, 0 %, 35270 MiB, 35.92 W
2026/09/20 11:40:48.027, 1, 0 %, 0 %, 35270 MiB, 35.49 W
2026/09/20 11:40:48.027, 2, 0 %, 0 %, 35271 MiB, 36.75 W
2026/09/20 11:40:53.029, 0, 0 %, 0 %, 35270 MiB, 35.89 W
2026/09/20 11:40:53.029, 1, 0 %, 0 %, 35270 MiB, 35.48 W
2026/09/20 11:40:53.029, 2, 0 %, 0 %, 35271 MiB, 36.83 W
2026/09/20 11:40:58.031, 0, 0 %, 0 %, 35270 MiB, 36.01 W
2026/09/20 11:40:58.031, 1, 0 %, 0 %, 35270 MiB, 35.48 W
2026/09/20 11:40:58.031, 2, 0 %, 0 %, 35271 MiB, 36.84 W
2026/09/20 11:41:03.033, 0, 0 %, 0 %, 35270 MiB, 36.29 W
2026/09/20 11:41:03.033, 1, 0 %, 0 %, 35270 MiB, 35.48 W
2026/09/20 11:41:03.033, 2, 0 %, 0 %, 35271 MiB, 36.74 W
2026/09/20 11:41:08.034, 0, 11 %, 0 %, 35270 MiB, 41.65 W
2026/09/20 11:41:08.035, 1, 0 %, 0 %, 35270 MiB, 35.51 W
2026/09/20 11:41:08.035, 2, 0 %, 0 %, 35271 MiB, 36.68 W
2026/09/20 11:41:13.035, 0, 0 %, 0 %, 35270 MiB, 36.21 W
2026/09/20 11:41:13.035, 1, 0 %, 0 %, 35270 MiB, 35.40 W
2026/09/20 11:41:13.035, 2, 0 %, 0 %, 35271 MiB, 36.75 W
2026/09/20 11:41:18.037, 0, 0 %, 0 %, 35270 MiB, 37.68 W
2026/09/20 11:41:18.037, 1, 0 %, 0 %, 35270 MiB, 35.48 W
2026/09/20 11:41:18.037, 2, 0 %, 0 %, 35271 MiB, 36.83 W
2026/09/20 11:41:23.039, 0, 0 %, 0 %, 35270 MiB, 35.90 W
2026/09/20 11:41:23.039, 1, 0 %, 0 %, 35270 MiB, 35.28 W
2026/09/20 11:41:23.039, 2, 0 %, 0 %, 35271 MiB, 36.73 W
2026/09/20 11:41:28.041, 0, 0 %, 0 %, 35270 MiB, 36.01 W
2026/09/20 11:41:28.041, 1, 12 %, 0 %, 35270 MiB, 35.38 W
2026/09/20 11:41:28.041, 2, 0 %, 0 %, 35271 MiB, 36.64 W
2026/09/20 11:41:33.043, 0, 15 %, 1 %, 35270 MiB, 36.01 W
2026/09/20 11:41:33.043, 1, 24 %, 1 %, 35270 MiB, 35.39 W
2026/09/20 11:41:33.044, 2, 0 %, 0 %, 35271 MiB, 36.75 W
2026/09/20 11:41:38.045, 0, 0 %, 0 %, 35270 MiB, 35.82 W
2026/09/20 11:41:38.045, 1, 0 %, 0 %, 35270 MiB, 35.49 W
2026/09/20 11:41:38.045, 2, 0 %, 0 %, 35271 MiB, 36.75 W
2026/09/20 11:41:43.047, 0, 0 %, 0 %, 35270 MiB, 35.92 W
2026/09/20 11:41:43.047, 1, 0 %, 0 %, 35270 MiB, 35.39 W
2026/09/20 11:41:43.047, 2, 0 %, 0 %, 35271 MiB, 36.75 W
2026/09/20 11:41:48.049, 0, 0 %, 0 %, 35270 MiB, 35.94 W
2026/09/20 11:41:48.049, 1, 0 %, 0 %, 35270 MiB, 35.42 W
2026/09/20 11:41:48.049, 2, 0 %, 0 %, 35271 MiB, 36.77 W
2026/09/20 11:41:53.050, 0, 0 %, 0 %, 35270 MiB, 35.95 W
2026/09/20 11:41:53.050, 1, 0 %, 0 %, 35270 MiB, 35.42 W
2026/09/20 11:41:53.050, 2, 0 %, 0 %, 35271 MiB, 36.77 W
2026/09/20 11:41:58.052, 0, 0 %, 0 %, 35270 MiB, 35.89 W
2026/09/20 11:41:58.052, 1, 0 %, 0 %, 35270 MiB, 39.81 W
2026/09/20 11:41:58.052, 2, 0 %, 0 %, 35271 MiB, 36.83 W
2026/09/20 11:42:03.054, 0, 0 %, 0 %, 35270 MiB, 35.92 W
2026/09/20 11:42:03.055, 1, 0 %, 0 %, 35270 MiB, 35.49 W
2026/09/20 11:42:03.055, 2, 0 %, 0 %, 35271 MiB, 36.85 W
2026/09/20 11:42:08.056, 0, 0 %, 0 %, 35270 MiB, 36.05 W
2026/09/20 11:42:08.056, 1, 0 %, 0 %, 35270 MiB, 45.40 W
2026/09/20 11:42:08.056, 2, 0 %, 0 %, 35271 MiB, 36.78 W
2026/09/20 11:42:13.058, 0, 0 %, 0 %, 35270 MiB, 35.92 W
2026/09/20 11:42:13.058, 1, 0 %, 0 %, 35270 MiB, 35.57 W
2026/09/20 11:42:13.058, 2, 0 %, 0 %, 35271 MiB, 36.64 W
2026/09/20 11:42:18.060, 0, 0 %, 0 %, 35270 MiB, 35.82 W
2026/09/20 11:42:18.061, 1, 21 %, 1 %, 35270 MiB, 35.49 W
2026/09/20 11:42:18.061, 2, 0 %, 0 %, 35271 MiB, 36.85 W
2026/09/20 11:42:23.061, 0, 0 %, 0 %, 35270 MiB, 35.92 W
2026/09/20 11:42:23.061, 1, 3 %, 0 %, 35270 MiB, 35.39 W
2026/09/20 11:42:23.061, 2, 0 %, 0 %, 35271 MiB, 36.65 W
2026/09/20 11:42:28.063, 0, 0 %, 0 %, 35270 MiB, 36.01 W
2026/09/20 11:42:28.063, 1, 20 %, 1 %, 35270 MiB, 35.60 W
2026/09/20 11:42:28.063, 2, 0 %, 0 %, 35271 MiB, 36.75 W
2026/09/20 11:42:33.065, 0, 0 %, 0 %, 35270 MiB, 36.01 W
2026/09/20 11:42:33.065, 1, 0 %, 0 %, 35270 MiB, 36.85 W
2026/09/20 11:42:33.065, 2, 0 %, 0 %, 35271 MiB, 36.92 W
2026/09/20 11:42:38.067, 0, 0 %, 0 %, 35270 MiB, 36.04 W
2026/09/20 11:42:38.067, 1, 0 %, 0 %, 35270 MiB, 35.32 W
2026/09/20 11:42:38.067, 2, 0 %, 0 %, 35271 MiB, 36.77 W
2026/09/20 11:42:43.069, 0, 0 %, 0 %, 35270 MiB, 35.79 W
2026/09/20 11:42:43.069, 1, 0 %, 0 %, 35270 MiB, 35.38 W
2026/09/20 11:42:43.069, 2, 0 %, 0 %, 35271 MiB, 36.74 W
2026/09/20 11:42:48.070, 0, 0 %, 0 %, 35270 MiB, 35.94 W
2026/09/20 11:42:48.070, 1, 0 %, 0 %, 35270 MiB, 35.41 W
2026/09/20 11:42:48.070, 2, 0 %, 0 %, 35271 MiB, 36.87 W
2026/09/20 11:42:53.072, 0, 0 %, 0 %, 35270 MiB, 35.79 W
2026/09/20 11:42:53.072, 1, 20 %, 1 %, 35270 MiB, 35.38 W
2026/09/20 11:42:53.072, 2, 19 %, 1 %, 35271 MiB, 37.03 W
2026/09/20 11:42:58.073, 0, 0 %, 0 %, 35270 MiB, 35.92 W
2026/09/20 11:42:58.073, 1, 6 %, 0 %, 35270 MiB, 37.06 W
2026/09/20 11:42:58.074, 2, 15 %, 1 %, 35271 MiB, 36.75 W
2026/09/20 11:43:03.074, 0, 0 %, 0 %, 35270 MiB, 35.92 W
2026/09/20 11:43:03.074, 1, 5 %, 0 %, 35270 MiB, 35.68 W
2026/09/20 11:43:03.074, 2, 20 %, 1 %, 35271 MiB, 36.94 W
2026/09/20 11:43:08.076, 0, 0 %, 0 %, 35270 MiB, 35.92 W
2026/09/20 11:43:08.076, 1, 0 %, 0 %, 35270 MiB, 35.49 W
2026/09/20 11:43:08.076, 2, 16 %, 1 %, 35271 MiB, 36.94 W
2026/09/20 11:43:13.077, 0, 0 %, 0 %, 35270 MiB, 35.95 W
2026/09/20 11:43:13.078, 1, 0 %, 0 %, 35270 MiB, 35.52 W
2026/09/20 11:43:13.078, 2, 0 %, 0 %, 35271 MiB, 36.97 W
2026/09/20 11:43:18.079, 0, 0 %, 0 %, 35270 MiB, 35.91 W
2026/09/20 11:43:18.079, 1, 0 %, 0 %, 35270 MiB, 35.48 W
2026/09/20 11:43:18.080, 2, 0 %, 0 %, 35271 MiB, 36.85 W
2026/09/20 11:43:23.080, 0, 0 %, 0 %, 35270 MiB, 36.13 W
2026/09/20 11:43:23.080, 1, 0 %, 0 %, 35270 MiB, 35.62 W
2026/09/20 11:43:23.080, 2, 0 %, 0 %, 35271 MiB, 36.66 W
2026/09/20 11:43:28.082, 0, 0 %, 0 %, 35270 MiB, 36.01 W
2026/09/20 11:43:28.082, 1, 0 %, 0 %, 35270 MiB, 35.38 W
2026/09/20 11:43:28.082, 2, 0 %, 0 %, 35271 MiB, 36.85 W
2026/09/20 11:43:33.084, 0, 0 %, 0 %, 35270 MiB, 36.00 W
2026/09/20 11:43:33.084, 1, 0 %, 0 %, 35270 MiB, 35.38 W
2026/09/20 11:43:33.084, 2, 0 %, 0 %, 35271 MiB, 36.74 W
2026/09/20 11:43:38.086, 0, 0 %, 0 %, 35270 MiB, 35.92 W
2026/09/20 11:43:38.086, 1, 0 %, 0 %, 35270 MiB, 35.29 W
2026/09/20 11:43:38.086, 2, 0 %, 0 %, 35271 MiB, 36.75 W
2026/09/20 11:43:43.088, 0, 0 %, 0 %, 35270 MiB, 36.10 W
2026/09/20 11:43:43.088, 1, 0 %, 0 %, 35270 MiB, 35.48 W
2026/09/20 11:43:43.088, 2, 0 %, 0 %, 35271 MiB, 36.74 W
2026/09/20 11:43:48.089, 0, 0 %, 0 %, 35270 MiB, 36.01 W
2026/09/20 11:43:48.090, 1, 0 %, 0 %, 35270 MiB, 35.29 W
2026/09/20 11:43:48.090, 2, 0 %, 0 %, 35271 MiB, 36.94 W
2026/09/20 11:43:53.090, 0, 0 %, 0 %, 35270 MiB, 35.85 W
2026/09/20 11:43:53.090, 1, 0 %, 0 %, 35270 MiB, 35.33 W
2026/09/20 11:43:53.091, 2, 0 %, 0 %, 35271 MiB, 36.89 W
2026/09/20 11:43:58.091, 0, 0 %, 0 %, 35270 MiB, 35.84 W
2026/09/20 11:43:58.091, 1, 0 %, 0 %, 35270 MiB, 35.61 W
2026/09/20 11:43:58.091, 2, 0 %, 0 %, 35271 MiB, 36.87 W
2026/09/20 11:44:03.093, 0, 0 %, 0 %, 35270 MiB, 35.92 W
2026/09/20 11:44:03.093, 1, 0 %, 0 %, 35270 MiB, 35.41 W
2026/09/20 11:44:03.093, 2, 0 %, 0 %, 35271 MiB, 36.77 W
2026/09/20 11:44:08.095, 0, 0 %, 0 %, 35270 MiB, 35.82 W
2026/09/20 11:44:08.095, 1, 0 %, 0 %, 35270 MiB, 35.49 W
2026/09/20 11:44:08.095, 2, 16 %, 1 %, 35271 MiB, 36.85 W
2026/09/20 11:44:13.097, 0, 0 %, 0 %, 35270 MiB, 35.81 W
2026/09/20 11:44:13.097, 1, 0 %, 0 %, 35270 MiB, 35.48 W
2026/09/20 11:44:13.097, 2, 0 %, 0 %, 35271 MiB, 36.83 W
2026/09/20 11:44:18.098, 0, 0 %, 0 %, 35270 MiB, 36.01 W
2026/09/20 11:44:18.098, 1, 0 %, 0 %, 35270 MiB, 35.58 W
2026/09/20 11:44:18.098, 2, 0 %, 0 %, 35271 MiB, 37.42 W
2026/09/20 11:44:23.100, 0, 0 %, 0 %, 35270 MiB, 36.03 W
2026/09/20 11:44:23.100, 1, 0 %, 0 %, 35270 MiB, 35.50 W
2026/09/20 11:44:23.100, 2, 0 %, 0 %, 35271 MiB, 37.07 W
2026/09/20 11:44:28.102, 0, 0 %, 0 %, 35270 MiB, 35.92 W
2026/09/20 11:44:28.102, 1, 0 %, 0 %, 35270 MiB, 35.41 W
2026/09/20 11:44:28.102, 2, 0 %, 0 %, 35271 MiB, 36.75 W
2026/09/20 11:44:33.103, 0, 0 %, 0 %, 35270 MiB, 35.81 W
2026/09/20 11:44:33.103, 1, 0 %, 0 %, 35270 MiB, 35.30 W
2026/09/20 11:44:33.103, 2, 0 %, 0 %, 35271 MiB, 36.75 W
2026/09/20 11:44:38.105, 0, 0 %, 0 %, 35270 MiB, 36.01 W
2026/09/20 11:44:38.105, 1, 0 %, 0 %, 35270 MiB, 35.38 W
2026/09/20 11:44:38.105, 2, 0 %, 0 %, 35271 MiB, 36.75 W
2026/09/20 11:44:43.107, 0, 0 %, 0 %, 35270 MiB, 36.00 W
2026/09/20 11:44:43.107, 1, 0 %, 0 %, 35270 MiB, 35.21 W
2026/09/20 11:44:43.107, 2, 0 %, 0 %, 35271 MiB, 36.75 W
2026/09/20 11:44:48.109, 0, 0 %, 0 %, 35270 MiB, 35.92 W
2026/09/20 11:44:48.109, 1, 0 %, 0 %, 35270 MiB, 35.29 W
2026/09/20 11:44:48.110, 2, 0 %, 0 %, 35271 MiB, 36.74 W
2026/09/20 11:44:53.110, 0, 0 %, 0 %, 35270 MiB, 36.01 W
2026/09/20 11:44:53.110, 1, 0 %, 0 %, 35270 MiB, 35.29 W
2026/09/20 11:44:53.110, 2, 0 %, 0 %, 35271 MiB, 36.75 W
2026/09/20 11:44:58.112, 0, 0 %, 0 %, 35270 MiB, 35.83 W
2026/09/20 11:44:58.112, 1, 0 %, 0 %, 35270 MiB, 35.41 W
2026/09/20 11:44:58.112, 2, 0 %, 0 %, 35271 MiB, 36.64 W
2026/09/20 11:45:03.113, 0, 0 %, 0 %, 35270 MiB, 35.83 W
2026/09/20 11:45:03.114, 1, 0 %, 0 %, 35270 MiB, 35.40 W
2026/09/20 11:45:03.114, 2, 0 %, 0 %, 35271 MiB, 36.85 W
2026/09/20 11:45:08.114, 0, 0 %, 0 %, 35270 MiB, 35.86 W
2026/09/20 11:45:08.114, 1, 0 %, 0 %, 35270 MiB, 35.32 W
2026/09/20 11:45:08.114, 2, 0 %, 0 %, 35271 MiB, 36.77 W
2026/09/20 11:45:13.115, 0, 0 %, 0 %, 35270 MiB, 35.86 W
2026/09/20 11:45:13.115, 1, 0 %, 0 %, 35270 MiB, 35.62 W
2026/09/20 11:45:13.116, 2, 0 %, 0 %, 35271 MiB, 36.79 W
2026/09/20 11:45:18.116, 0, 0 %, 0 %, 35270 MiB, 35.84 W
2026/09/20 11:45:18.116, 1, 0 %, 0 %, 35270 MiB, 35.32 W
2026/09/20 11:45:18.116, 2, 0 %, 0 %, 35271 MiB, 36.97 W
2026/09/20 11:45:23.117, 0, 0 %, 0 %, 35270 MiB, 35.94 W
2026/09/20 11:45:23.117, 1, 0 %, 0 %, 35270 MiB, 35.52 W
2026/09/20 11:45:23.117, 2, 0 %, 0 %, 35271 MiB, 36.97 W
2026/09/20 11:45:28.118, 0, 0 %, 0 %, 35270 MiB, 35.86 W
2026/09/20 11:45:28.119, 1, 0 %, 0 %, 35270 MiB, 35.43 W
2026/09/20 11:45:28.119, 2, 0 %, 0 %, 35271 MiB, 36.79 W
2026/09/20 11:45:33.119, 0, 0 %, 0 %, 35270 MiB, 35.86 W
2026/09/20 11:45:33.120, 1, 0 %, 0 %, 35270 MiB, 35.62 W
2026/09/20 11:45:33.120, 2, 0 %, 0 %, 35271 MiB, 36.90 W
2026/09/20 11:45:38.121, 0, 0 %, 0 %, 35270 MiB, 36.16 W
2026/09/20 11:45:38.121, 1, 0 %, 0 %, 35270 MiB, 35.42 W
2026/09/20 11:45:38.121, 2, 0 %, 0 %, 35271 MiB, 36.97 W
2026/09/20 11:45:43.122, 0, 0 %, 0 %, 35270 MiB, 36.01 W
2026/09/20 11:45:43.123, 1, 0 %, 0 %, 35270 MiB, 35.30 W
2026/09/20 11:45:43.123, 2, 0 %, 0 %, 35271 MiB, 36.64 W
2026/09/20 11:45:48.123, 0, 0 %, 0 %, 35270 MiB, 36.04 W
2026/09/20 11:45:48.123, 1, 0 %, 0 %, 35270 MiB, 35.33 W
2026/09/20 11:45:48.124, 2, 0 %, 0 %, 35271 MiB, 36.77 W
2026/09/20 11:45:53.125, 0, 0 %, 0 %, 35270 MiB, 36.03 W
2026/09/20 11:45:53.125, 1, 0 %, 0 %, 35270 MiB, 35.31 W
2026/09/20 11:45:53.125, 2, 0 %, 0 %, 35271 MiB, 36.65 W
2026/09/20 11:45:58.127, 0, 0 %, 0 %, 35270 MiB, 36.21 W
2026/09/20 11:45:58.127, 1, 0 %, 0 %, 35270 MiB, 35.29 W
2026/09/20 11:45:58.127, 2, 0 %, 0 %, 35271 MiB, 36.85 W
2026/09/20 11:46:03.128, 0, 0 %, 0 %, 35270 MiB, 35.82 W
2026/09/20 11:46:03.128, 1, 0 %, 0 %, 35270 MiB, 35.30 W
2026/09/20 11:46:03.128, 2, 0 %, 0 %, 35271 MiB, 36.75 W
2026/09/20 11:46:08.130, 0, 0 %, 0 %, 35270 MiB, 35.82 W
2026/09/20 11:46:08.130, 1, 0 %, 0 %, 35270 MiB, 35.58 W
2026/09/20 11:46:08.130, 2, 0 %, 0 %, 35271 MiB, 36.75 W
2026/09/20 11:46:13.131, 0, 0 %, 0 %, 35270 MiB, 35.82 W
2026/09/20 11:46:13.131, 1, 0 %, 0 %, 35270 MiB, 35.49 W
2026/09/20 11:46:13.131, 2, 0 %, 0 %, 35271 MiB, 36.75 W
2026/09/20 11:46:18.133, 0, 0 %, 0 %, 35270 MiB, 36.01 W
2026/09/20 11:46:18.133, 1, 0 %, 0 %, 35270 MiB, 35.41 W
2026/09/20 11:46:18.133, 2, 0 %, 0 %, 35271 MiB, 36.97 W
2026/09/20 11:46:23.135, 0, 0 %, 0 %, 35270 MiB, 35.83 W
2026/09/20 11:46:23.135, 1, 0 %, 0 %, 35270 MiB, 35.30 W
2026/09/20 11:46:23.135, 2, 0 %, 0 %, 35271 MiB, 36.85 W
2026/09/20 11:46:28.137, 0, 0 %, 0 %, 35270 MiB, 35.81 W
2026/09/20 11:46:28.137, 1, 0 %, 0 %, 35270 MiB, 35.48 W
2026/09/20 11:46:28.137, 2, 0 %, 0 %, 35271 MiB, 36.85 W
2026/09/20 11:46:33.138, 0, 0 %, 0 %, 35270 MiB, 35.83 W
2026/09/20 11:46:33.138, 1, 0 %, 0 %, 35270 MiB, 35.50 W
2026/09/20 11:46:33.138, 2, 0 %, 0 %, 35271 MiB, 36.85 W
2026/09/20 11:46:38.140, 0, 0 %, 0 %, 35270 MiB, 35.92 W
2026/09/20 11:46:38.140, 1, 0 %, 0 %, 35270 MiB, 35.49 W
2026/09/20 11:46:38.140, 2, 0 %, 0 %, 35271 MiB, 36.94 W
2026/09/20 11:46:43.142, 0, 0 %, 0 %, 35270 MiB, 35.82 W
2026/09/20 11:46:43.142, 1, 0 %, 0 %, 35270 MiB, 35.51 W
2026/09/20 11:46:43.142, 2, 0 %, 0 %, 35271 MiB, 36.75 W
2026/09/20 11:46:48.144, 0, 0 %, 0 %, 35270 MiB, 35.92 W
2026/09/20 11:46:48.144, 1, 0 %, 0 %, 35270 MiB, 35.30 W
2026/09/20 11:46:48.144, 2, 0 %, 0 %, 35271 MiB, 36.65 W
2026/09/20 11:46:53.150, 0, 0 %, 0 %, 35270 MiB, 35.92 W
2026/09/20 11:46:53.150, 1, 0 %, 0 %, 35270 MiB, 35.29 W
2026/09/20 11:46:53.150, 2, 0 %, 0 %, 35271 MiB, 36.75 W
2026/09/20 11:46:58.152, 0, 0 %, 0 %, 35270 MiB, 36.11 W
2026/09/20 11:46:58.152, 1, 0 %, 0 %, 35270 MiB, 35.29 W
2026/09/20 11:46:58.152, 2, 0 %, 0 %, 35271 MiB, 36.85 W
2026/09/20 11:47:03.153, 0, 0 %, 0 %, 35270 MiB, 36.01 W
2026/09/20 11:47:03.153, 1, 0 %, 0 %, 35270 MiB, 35.60 W
2026/09/20 11:47:03.153, 2, 0 %, 0 %, 35271 MiB, 36.75 W
2026/09/20 11:47:08.157, 0, 0 %, 0 %, 35270 MiB, 36.02 W
2026/09/20 11:47:08.157, 1, 0 %, 0 %, 35270 MiB, 35.41 W
2026/09/20 11:47:08.157, 2, 0 %, 0 %, 35271 MiB, 36.66 W
2026/09/20 11:47:13.158, 0, 0 %, 0 %, 35270 MiB, 35.72 W
2026/09/20 11:47:13.158, 1, 0 %, 0 %, 35270 MiB, 35.39 W
2026/09/20 11:47:13.158, 2, 0 %, 0 %, 35271 MiB, 36.75 W
2026/09/20 11:47:18.160, 0, 0 %, 0 %, 35270 MiB, 35.92 W
2026/09/20 11:47:18.160, 1, 0 %, 0 %, 35270 MiB, 35.21 W
2026/09/20 11:47:18.160, 2, 0 %, 0 %, 35271 MiB, 36.75 W
2026/09/20 11:47:23.162, 0, 0 %, 0 %, 35270 MiB, 35.73 W
2026/09/20 11:47:23.162, 1, 0 %, 0 %, 35270 MiB, 35.50 W
2026/09/20 11:47:23.162, 2, 0 %, 0 %, 35271 MiB, 36.77 W
2026/09/20 11:47:28.163, 0, 0 %, 0 %, 35270 MiB, 35.84 W
2026/09/20 11:47:28.163, 1, 0 %, 0 %, 35270 MiB, 35.29 W
2026/09/20 11:47:28.163, 2, 0 %, 0 %, 35271 MiB, 36.86 W
2026/09/20 11:47:33.165, 0, 0 %, 0 %, 35270 MiB, 35.82 W
2026/09/20 11:47:33.165, 1, 0 %, 0 %, 35270 MiB, 35.39 W
2026/09/20 11:47:33.165, 2, 0 %, 0 %, 35271 MiB, 37.04 W
2026/09/20 11:47:38.167, 0, 0 %, 0 %, 35270 MiB, 35.82 W
2026/09/20 11:47:38.167, 1, 0 %, 0 %, 35270 MiB, 35.39 W
2026/09/20 11:47:38.167, 2, 0 %, 0 %, 35271 MiB, 36.94 W
2026/09/20 11:47:43.169, 0, 0 %, 0 %, 35270 MiB, 35.92 W
2026/09/20 11:47:43.169, 1, 0 %, 0 %, 35270 MiB, 35.51 W
2026/09/20 11:47:43.169, 2, 0 %, 0 %, 35271 MiB, 36.85 W
2026/09/20 11:47:48.180, 0, 0 %, 0 %, 35270 MiB, 35.83 W
2026/09/20 11:47:48.180, 1, 0 %, 0 %, 35270 MiB, 35.41 W
2026/09/20 11:47:48.180, 2, 0 %, 0 %, 35271 MiB, 36.65 W
2026/09/20 11:47:53.183, 0, 0 %, 0 %, 35270 MiB, 36.03 W
2026/09/20 11:47:53.183, 1, 0 %, 0 %, 35270 MiB, 35.51 W
2026/09/20 11:47:53.183, 2, 0 %, 0 %, 35271 MiB, 36.86 W
2026/09/20 11:47:58.185, 0, 0 %, 0 %, 35270 MiB, 36.02 W
2026/09/20 11:47:58.185, 1, 0 %, 0 %, 35270 MiB, 35.29 W
2026/09/20 11:47:58.185, 2, 0 %, 0 %, 35271 MiB, 36.75 W
2026/09/20 11:48:03.187, 0, 0 %, 0 %, 35270 MiB, 36.01 W
2026/09/20 11:48:03.187, 1, 0 %, 0 %, 35270 MiB, 35.31 W
2026/09/20 11:48:03.187, 2, 0 %, 0 %, 35271 MiB, 36.75 W
2026/09/20 11:48:08.189, 0, 0 %, 0 %, 35270 MiB, 35.93 W
2026/09/20 11:48:08.189, 1, 0 %, 0 %, 35270 MiB, 35.22 W
2026/09/20 11:48:08.189, 2, 0 %, 0 %, 35271 MiB, 36.77 W
2026/09/20 11:48:13.190, 0, 0 %, 0 %, 35270 MiB, 36.13 W
2026/09/20 11:48:13.190, 1, 0 %, 0 %, 35270 MiB, 35.32 W
2026/09/20 11:48:13.190, 2, 0 %, 0 %, 35271 MiB, 36.86 W
2026/09/20 11:48:18.191, 0, 0 %, 0 %, 35270 MiB, 35.73 W
2026/09/20 11:48:18.192, 1, 0 %, 0 %, 35270 MiB, 35.51 W
2026/09/20 11:48:18.192, 2, 0 %, 0 %, 35271 MiB, 36.77 W
2026/09/20 11:48:23.192, 0, 0 %, 0 %, 35270 MiB, 35.73 W
2026/09/20 11:48:23.193, 1, 0 %, 0 %, 35270 MiB, 39.46 W
2026/09/20 11:48:23.193, 2, 0 %, 0 %, 35271 MiB, 36.77 W
2026/09/20 11:48:28.193, 0, 0 %, 0 %, 35270 MiB, 35.86 W
2026/09/20 11:48:28.194, 1, 0 %, 0 %, 35270 MiB, 35.42 W
2026/09/20 11:48:28.194, 2, 0 %, 0 %, 35271 MiB, 36.87 W
2026/09/20 11:48:33.194, 0, 0 %, 0 %, 35270 MiB, 35.96 W
2026/09/20 11:48:33.194, 1, 0 %, 0 %, 35270 MiB, 35.44 W
2026/09/20 11:48:33.194, 2, 0 %, 0 %, 35271 MiB, 36.90 W
2026/09/20 11:48:38.196, 0, 0 %, 0 %, 35270 MiB, 35.75 W
2026/09/20 11:48:38.197, 1, 0 %, 0 %, 35270 MiB, 35.44 W
2026/09/20 11:48:38.197, 2, 0 %, 0 %, 35271 MiB, 36.80 W
2026/09/20 11:48:43.197, 0, 100 %, 6 %, 35270 MiB, 86.08 W
2026/09/20 11:48:43.197, 1, 100 %, 6 %, 35270 MiB, 90.66 W
2026/09/20 11:48:43.198, 2, 100 %, 6 %, 35271 MiB, 92.62 W
2026/09/20 11:48:48.198, 0, 100 %, 11 %, 35270 MiB, 86.75 W
2026/09/20 11:48:48.198, 1, 100 %, 6 %, 35270 MiB, 93.03 W
2026/09/20 11:48:48.198, 2, 100 %, 7 %, 35271 MiB, 97.86 W
2026/09/20 11:48:53.199, 0, 100 %, 6 %, 35270 MiB, 90.15 W
2026/09/20 11:48:53.199, 1, 100 %, 6 %, 35270 MiB, 93.99 W
2026/09/20 11:48:53.199, 2, 100 %, 6 %, 35271 MiB, 101.13 W
2026/09/20 11:48:58.199, 0, 100 %, 6 %, 35270 MiB, 93.05 W
2026/09/20 11:48:58.200, 1, 100 %, 6 %, 35270 MiB, 88.81 W
2026/09/20 11:48:58.200, 2, 100 %, 6 %, 35271 MiB, 91.25 W
2026/09/20 11:49:03.200, 0, 100 %, 7 %, 35270 MiB, 96.17 W
2026/09/20 11:49:03.200, 1, 100 %, 7 %, 35270 MiB, 95.32 W
2026/09/20 11:49:03.200, 2, 99 %, 6 %, 35271 MiB, 86.88 W
2026/09/20 11:49:08.201, 0, 100 %, 11 %, 35270 MiB, 87.03 W
2026/09/20 11:49:08.201, 1, 100 %, 6 %, 35270 MiB, 90.03 W
2026/09/20 11:49:08.201, 2, 100 %, 6 %, 35271 MiB, 92.50 W
2026/09/20 11:49:13.201, 0, 100 %, 10 %, 35270 MiB, 90.86 W
2026/09/20 11:49:13.202, 1, 99 %, 6 %, 35270 MiB, 92.20 W
2026/09/20 11:49:13.202, 2, 100 %, 6 %, 35271 MiB, 90.56 W
2026/09/20 11:49:18.202, 0, 100 %, 6 %, 35270 MiB, 98.01 W
2026/09/20 11:49:18.202, 1, 100 %, 10 %, 35270 MiB, 88.23 W
2026/09/20 11:49:18.202, 2, 100 %, 6 %, 35271 MiB, 89.36 W
2026/09/20 11:49:23.203, 0, 100 %, 7 %, 35270 MiB, 86.59 W
2026/09/20 11:49:23.203, 1, 100 %, 6 %, 35270 MiB, 90.64 W
2026/09/20 11:49:23.203, 2, 100 %, 6 %, 35271 MiB, 93.47 W
2026/09/20 11:49:28.204, 0, 100 %, 6 %, 35270 MiB, 93.83 W
2026/09/20 11:49:28.204, 1, 100 %, 10 %, 35270 MiB, 89.03 W
2026/09/20 11:49:28.204, 2, 100 %, 6 %, 35271 MiB, 92.79 W
2026/09/20 11:49:33.205, 0, 100 %, 10 %, 35270 MiB, 90.29 W
2026/09/20 11:49:33.205, 1, 100 %, 6 %, 35270 MiB, 88.89 W
2026/09/20 11:49:33.205, 2, 100 %, 6 %, 35271 MiB, 91.16 W
2026/09/20 11:49:38.206, 0, 100 %, 6 %, 35270 MiB, 89.72 W
2026/09/20 11:49:38.206, 1, 100 %, 6 %, 35270 MiB, 86.92 W
2026/09/20 11:49:38.206, 2, 100 %, 6 %, 35271 MiB, 91.45 W
2026/09/20 11:49:43.207, 0, 100 %, 6 %, 35270 MiB, 93.36 W
2026/09/20 11:49:43.207, 1, 100 %, 6 %, 35270 MiB, 93.61 W
2026/09/20 11:49:43.207, 2, 100 %, 6 %, 35271 MiB, 86.77 W
2026/09/20 11:49:48.207, 0, 100 %, 6 %, 35270 MiB, 92.68 W
2026/09/20 11:49:48.208, 1, 99 %, 6 %, 35270 MiB, 92.33 W
2026/09/20 11:49:48.208, 2, 100 %, 6 %, 35271 MiB, 91.52 W
2026/09/20 11:49:53.208, 0, 100 %, 6 %, 35270 MiB, 90.22 W
2026/09/20 11:49:53.208, 1, 100 %, 6 %, 35270 MiB, 90.64 W
2026/09/20 11:49:53.208, 2, 100 %, 6 %, 35271 MiB, 86.09 W
2026/09/20 11:49:58.209, 0, 100 %, 6 %, 35270 MiB, 91.86 W
2026/09/20 11:49:58.209, 1, 100 %, 7 %, 35270 MiB, 87.62 W
2026/09/20 11:49:58.209, 2, 100 %, 10 %, 35271 MiB, 89.55 W
2026/09/20 11:50:03.209, 0, 100 %, 7 %, 35270 MiB, 93.36 W
2026/09/20 11:50:03.210, 1, 100 %, 6 %, 35270 MiB, 83.57 W
2026/09/20 11:50:03.210, 2, 100 %, 7 %, 35271 MiB, 84.44 W
2026/09/20 11:50:08.210, 0, 100 %, 7 %, 35270 MiB, 97.47 W
2026/09/20 11:50:08.211, 1, 99 %, 6 %, 35270 MiB, 91.61 W
2026/09/20 11:50:08.211, 2, 100 %, 7 %, 35271 MiB, 92.93 W
2026/09/20 11:50:13.211, 0, 100 %, 6 %, 35270 MiB, 91.24 W
2026/09/20 11:50:13.211, 1, 100 %, 6 %, 35270 MiB, 89.24 W
2026/09/20 11:50:13.211, 2, 100 %, 7 %, 35271 MiB, 85.70 W
2026/09/20 11:50:18.212, 0, 100 %, 10 %, 35270 MiB, 90.55 W
2026/09/20 11:50:18.213, 1, 100 %, 15 %, 35270 MiB, 91.01 W
2026/09/20 11:50:18.213, 2, 100 %, 7 %, 35271 MiB, 89.23 W
2026/09/20 11:50:23.213, 0, 100 %, 6 %, 35270 MiB, 88.52 W
2026/09/20 11:50:23.213, 1, 100 %, 7 %, 35270 MiB, 88.75 W
2026/09/20 11:50:23.213, 2, 100 %, 6 %, 35271 MiB, 90.89 W
2026/09/20 11:50:28.214, 0, 100 %, 11 %, 35270 MiB, 88.11 W
2026/09/20 11:50:28.214, 1, 100 %, 7 %, 35270 MiB, 91.15 W
2026/09/20 11:50:28.214, 2, 100 %, 6 %, 35271 MiB, 89.53 W
2026/09/20 11:50:33.214, 0, 100 %, 7 %, 35270 MiB, 88.77 W
2026/09/20 11:50:33.215, 1, 100 %, 7 %, 35270 MiB, 90.88 W
2026/09/20 11:50:33.215, 2, 100 %, 14 %, 35271 MiB, 87.89 W
2026/09/20 11:50:38.215, 0, 100 %, 11 %, 35270 MiB, 89.07 W
2026/09/20 11:50:38.216, 1, 100 %, 7 %, 35270 MiB, 86.46 W
2026/09/20 11:50:38.216, 2, 100 %, 7 %, 35271 MiB, 89.03 W
2026/09/20 11:50:43.216, 0, 100 %, 7 %, 35270 MiB, 86.71 W
2026/09/20 11:50:43.216, 1, 100 %, 7 %, 35270 MiB, 87.36 W
2026/09/20 11:50:43.216, 2, 100 %, 7 %, 35271 MiB, 87.39 W
2026/09/20 11:50:48.217, 0, 100 %, 7 %, 35270 MiB, 90.96 W
2026/09/20 11:50:48.217, 1, 100 %, 11 %, 35270 MiB, 87.31 W
2026/09/20 11:50:48.217, 2, 100 %, 10 %, 35271 MiB, 88.23 W
2026/09/20 11:50:53.217, 0, 100 %, 7 %, 35270 MiB, 92.79 W
2026/09/20 11:50:53.218, 1, 100 %, 11 %, 35270 MiB, 83.77 W
2026/09/20 11:50:53.218, 2, 100 %, 10 %, 35271 MiB, 87.14 W
2026/09/20 11:50:58.218, 0, 100 %, 7 %, 35270 MiB, 87.33 W
2026/09/20 11:50:58.218, 1, 100 %, 7 %, 35270 MiB, 88.03 W
2026/09/20 11:50:58.218, 2, 100 %, 7 %, 35271 MiB, 140.56 W
2026/09/20 11:51:03.219, 0, 100 %, 6 %, 35270 MiB, 89.35 W
2026/09/20 11:51:03.219, 1, 100 %, 11 %, 35270 MiB, 109.38 W
2026/09/20 11:51:03.219, 2, 100 %, 15 %, 35271 MiB, 91.29 W
2026/09/20 11:51:08.219, 0, 100 %, 7 %, 35270 MiB, 92.11 W
2026/09/20 11:51:08.220, 1, 100 %, 10 %, 35270 MiB, 87.40 W
2026/09/20 11:51:08.220, 2, 100 %, 9 %, 35271 MiB, 107.51 W
2026/09/20 11:51:13.220, 0, 100 %, 6 %, 35270 MiB, 87.25 W
2026/09/20 11:51:13.220, 1, 100 %, 7 %, 35270 MiB, 84.03 W
2026/09/20 11:51:13.220, 2, 100 %, 7 %, 35271 MiB, 86.92 W
2026/09/20 11:51:18.221, 0, 100 %, 10 %, 35270 MiB, 86.58 W
2026/09/20 11:51:18.221, 1, 100 %, 10 %, 35270 MiB, 84.39 W
2026/09/20 11:51:18.221, 2, 100 %, 7 %, 35271 MiB, 90.45 W
2026/09/20 11:51:23.221, 0, 100 %, 13 %, 35270 MiB, 86.79 W
2026/09/20 11:51:23.222, 1, 100 %, 7 %, 35270 MiB, 82.75 W
2026/09/20 11:51:23.222, 2, 100 %, 11 %, 35271 MiB, 95.66 W
2026/09/20 11:51:28.222, 0, 100 %, 11 %, 35270 MiB, 86.87 W
2026/09/20 11:51:28.222, 1, 100 %, 6 %, 35270 MiB, 85.75 W
2026/09/20 11:51:28.222, 2, 100 %, 11 %, 35271 MiB, 87.33 W
2026/09/20 11:51:33.223, 0, 100 %, 7 %, 35270 MiB, 90.95 W
2026/09/20 11:51:33.223, 1, 100 %, 6 %, 35270 MiB, 83.98 W
2026/09/20 11:51:33.223, 2, 100 %, 7 %, 35271 MiB, 89.74 W
2026/09/20 11:51:38.224, 0, 100 %, 7 %, 35270 MiB, 90.14 W
2026/09/20 11:51:38.224, 1, 100 %, 7 %, 35270 MiB, 84.14 W
2026/09/20 11:51:38.224, 2, 100 %, 7 %, 35271 MiB, 88.42 W
2026/09/20 11:51:43.225, 0, 100 %, 10 %, 35270 MiB, 89.72 W
2026/09/20 11:51:43.225, 1, 58 %, 4 %, 35270 MiB, 72.89 W
2026/09/20 11:51:43.225, 2, 100 %, 6 %, 35271 MiB, 83.44 W
2026/09/20 11:51:48.227, 0, 0 %, 0 %, 35270 MiB, 37.99 W
2026/09/20 11:51:48.227, 1, 0 %, 0 %, 35270 MiB, 38.26 W
2026/09/20 11:51:48.227, 2, 0 %, 0 %, 35271 MiB, 60.67 W
2026/09/20 11:51:53.229, 0, 0 %, 0 %, 35270 MiB, 37.88 W
2026/09/20 11:51:53.229, 1, 0 %, 0 %, 35270 MiB, 37.65 W
2026/09/20 11:51:53.229, 2, 0 %, 0 %, 35271 MiB, 38.52 W
2026/09/20 11:51:58.231, 0, 0 %, 0 %, 35270 MiB, 37.48 W
2026/09/20 11:51:58.231, 1, 0 %, 0 %, 35270 MiB, 37.56 W
2026/09/20 11:51:58.231, 2, 0 %, 0 %, 35271 MiB, 38.32 W
2026/09/20 11:52:03.233, 0, 0 %, 0 %, 35270 MiB, 37.39 W
2026/09/20 11:52:03.233, 1, 0 %, 0 %, 35270 MiB, 37.27 W
2026/09/20 11:52:03.233, 2, 0 %, 0 %, 35271 MiB, 38.62 W
2026/09/20 11:52:08.235, 0, 0 %, 0 %, 35270 MiB, 37.20 W
2026/09/20 11:52:08.235, 1, 0 %, 0 %, 35270 MiB, 37.26 W
2026/09/20 11:52:08.235, 2, 0 %, 0 %, 35271 MiB, 38.33 W
2026/09/20 11:52:13.237, 0, 0 %, 0 %, 35270 MiB, 37.29 W
2026/09/20 11:52:13.237, 1, 0 %, 0 %, 35270 MiB, 37.06 W
2026/09/20 11:52:13.237, 2, 0 %, 0 %, 35271 MiB, 38.13 W
2026/09/20 11:52:18.242, 0, 0 %, 0 %, 35270 MiB, 36.99 W
2026/09/20 11:52:18.242, 1, 0 %, 0 %, 35270 MiB, 37.05 W
2026/09/20 11:52:18.242, 2, 0 %, 0 %, 35271 MiB, 37.70 W
2026/09/20 11:52:23.243, 0, 0 %, 0 %, 35270 MiB, 37.20 W
2026/09/20 11:52:23.243, 1, 0 %, 0 %, 35270 MiB, 36.67 W
2026/09/20 11:52:23.243, 2, 0 %, 0 %, 35271 MiB, 37.73 W
2026/09/20 11:52:28.244, 0, 0 %, 0 %, 35270 MiB, 37.10 W
2026/09/20 11:52:28.244, 1, 0 %, 0 %, 35270 MiB, 36.58 W
2026/09/20 11:52:28.244, 2, 0 %, 0 %, 35271 MiB, 37.53 W
2026/09/20 11:52:33.245, 0, 0 %, 0 %, 35270 MiB, 37.10 W
2026/09/20 11:52:33.245, 1, 0 %, 0 %, 35270 MiB, 36.48 W
2026/09/20 11:52:33.245, 2, 0 %, 0 %, 35271 MiB, 37.53 W
2026/09/20 11:52:38.246, 0, 0 %, 0 %, 35270 MiB, 36.99 W
2026/09/20 11:52:38.246, 1, 0 %, 0 %, 35270 MiB, 36.58 W
2026/09/20 11:52:38.246, 2, 0 %, 0 %, 35271 MiB, 37.45 W
2026/09/20 11:52:43.247, 0, 0 %, 0 %, 35270 MiB, 36.89 W
2026/09/20 11:52:43.247, 1, 0 %, 0 %, 35270 MiB, 36.38 W
2026/09/20 11:52:43.248, 2, 0 %, 0 %, 35271 MiB, 37.43 W
2026/09/20 11:52:48.249, 0, 0 %, 0 %, 35270 MiB, 36.60 W
2026/09/20 11:52:48.249, 1, 0 %, 0 %, 35270 MiB, 36.37 W
2026/09/20 11:52:48.249, 2, 0 %, 0 %, 35271 MiB, 37.34 W
2026/09/20 11:52:53.251, 0, 0 %, 0 %, 35270 MiB, 36.61 W
2026/09/20 11:52:53.251, 1, 0 %, 0 %, 35270 MiB, 36.27 W
2026/09/20 11:52:53.251, 2, 0 %, 0 %, 35271 MiB, 37.24 W
2026/09/20 11:52:58.253, 0, 0 %, 0 %, 35270 MiB, 36.50 W
2026/09/20 11:52:58.253, 1, 0 %, 0 %, 35270 MiB, 36.47 W
2026/09/20 11:52:58.253, 2, 0 %, 0 %, 35271 MiB, 37.34 W
2026/09/20 11:53:03.257, 0, 0 %, 0 %, 35270 MiB, 36.40 W
2026/09/20 11:53:03.257, 1, 0 %, 0 %, 35270 MiB, 36.17 W
2026/09/20 11:53:03.257, 2, 0 %, 0 %, 35271 MiB, 37.14 W
2026/09/20 11:53:08.258, 0, 0 %, 0 %, 35270 MiB, 36.70 W
2026/09/20 11:53:08.258, 1, 0 %, 0 %, 35270 MiB, 36.27 W
2026/09/20 11:53:08.258, 2, 0 %, 0 %, 35271 MiB, 37.14 W
2026/09/20 11:53:13.260, 0, 0 %, 0 %, 35270 MiB, 36.43 W
2026/09/20 11:53:13.260, 1, 0 %, 0 %, 35270 MiB, 36.09 W
2026/09/20 11:53:13.260, 2, 0 %, 0 %, 35271 MiB, 37.06 W
2026/09/20 11:53:18.262, 0, 0 %, 0 %, 35270 MiB, 36.43 W
2026/09/20 11:53:18.262, 1, 0 %, 0 %, 35270 MiB, 36.29 W
2026/09/20 11:53:18.262, 2, 0 %, 0 %, 35271 MiB, 37.17 W
2026/09/20 11:53:23.263, 0, 0 %, 0 %, 35270 MiB, 36.43 W
2026/09/20 11:53:23.263, 1, 0 %, 0 %, 35270 MiB, 36.21 W
2026/09/20 11:53:23.263, 2, 0 %, 0 %, 35271 MiB, 37.07 W
2026/09/20 11:53:28.274, 0, 0 %, 0 %, 35270 MiB, 36.52 W
2026/09/20 11:53:28.274, 1, 0 %, 0 %, 35270 MiB, 36.10 W
2026/09/20 11:53:28.274, 2, 0 %, 0 %, 35271 MiB, 36.77 W
2026/09/20 11:53:33.275, 0, 0 %, 0 %, 35270 MiB, 36.43 W
2026/09/20 11:53:33.275, 1, 0 %, 0 %, 35270 MiB, 35.81 W
2026/09/20 11:53:33.275, 2, 0 %, 0 %, 35271 MiB, 36.87 W
2026/09/20 11:53:38.277, 0, 0 %, 0 %, 35270 MiB, 36.33 W
2026/09/20 11:53:38.277, 1, 0 %, 0 %, 35270 MiB, 36.10 W
2026/09/20 11:53:38.277, 2, 0 %, 0 %, 35271 MiB, 36.87 W
2026/09/20 11:53:43.279, 0, 0 %, 0 %, 35270 MiB, 36.43 W
2026/09/20 11:53:43.279, 1, 0 %, 0 %, 35270 MiB, 35.90 W
2026/09/20 11:53:43.279, 2, 0 %, 0 %, 35271 MiB, 36.77 W
2026/09/20 11:53:48.280, 0, 0 %, 0 %, 35270 MiB, 36.34 W
2026/09/20 11:53:48.280, 1, 0 %, 0 %, 35270 MiB, 35.82 W
2026/09/20 11:53:48.280, 2, 0 %, 0 %, 35271 MiB, 36.80 W
2026/09/20 11:53:53.281, 0, 0 %, 0 %, 35270 MiB, 36.21 W
2026/09/20 11:53:53.281, 1, 0 %, 0 %, 35270 MiB, 35.78 W
2026/09/20 11:53:53.281, 2, 0 %, 0 %, 35271 MiB, 36.94 W
2026/09/20 11:53:58.282, 0, 0 %, 0 %, 35270 MiB, 36.89 W
2026/09/20 11:53:58.282, 1, 0 %, 0 %, 35270 MiB, 35.78 W
2026/09/20 11:53:58.283, 2, 0 %, 0 %, 35271 MiB, 36.75 W
2026/09/20 11:54:03.284, 0, 15 %, 1 %, 35270 MiB, 36.31 W
2026/09/20 11:54:03.284, 1, 0 %, 0 %, 35270 MiB, 35.78 W
2026/09/20 11:54:03.284, 2, 0 %, 0 %, 35271 MiB, 36.75 W
2026/09/20 11:54:08.287, 0, 0 %, 0 %, 35270 MiB, 36.13 W
2026/09/20 11:54:08.287, 1, 0 %, 0 %, 35270 MiB, 35.81 W
2026/09/20 11:54:08.287, 2, 0 %, 0 %, 35271 MiB, 36.76 W
2026/09/20 11:54:13.289, 0, 25 %, 1 %, 35270 MiB, 36.01 W
2026/09/20 11:54:13.289, 1, 0 %, 0 %, 35270 MiB, 35.78 W
2026/09/20 11:54:13.289, 2, 0 %, 0 %, 35271 MiB, 36.85 W
2026/09/20 11:54:18.291, 0, 5 %, 0 %, 35270 MiB, 36.01 W
2026/09/20 11:54:18.291, 1, 0 %, 0 %, 35270 MiB, 35.78 W
2026/09/20 11:54:18.291, 2, 0 %, 0 %, 35271 MiB, 36.85 W
2026/09/20 11:54:23.298, 0, 23 %, 1 %, 35270 MiB, 36.21 W
2026/09/20 11:54:23.299, 1, 0 %, 0 %, 35270 MiB, 35.89 W
2026/09/20 11:54:23.299, 2, 0 %, 0 %, 35271 MiB, 36.75 W
2026/09/20 11:54:28.303, 0, 16 %, 1 %, 35270 MiB, 36.50 W
2026/09/20 11:54:28.303, 1, 0 %, 0 %, 35270 MiB, 35.78 W
2026/09/20 11:54:28.303, 2, 0 %, 0 %, 35271 MiB, 36.74 W
2026/09/20 11:54:33.305, 0, 0 %, 0 %, 35270 MiB, 36.10 W
2026/09/20 11:54:33.305, 1, 0 %, 0 %, 35270 MiB, 35.68 W
2026/09/20 11:54:33.305, 2, 0 %, 0 %, 35271 MiB, 36.54 W
2026/09/20 11:54:38.306, 0, 0 %, 0 %, 35270 MiB, 36.10 W
2026/09/20 11:54:38.306, 1, 0 %, 0 %, 35270 MiB, 35.59 W
2026/09/20 11:54:38.306, 2, 0 %, 0 %, 35271 MiB, 36.54 W
2026/09/20 11:54:43.308, 0, 12 %, 0 %, 35270 MiB, 36.21 W
2026/09/20 11:54:43.308, 1, 0 %, 0 %, 35270 MiB, 35.69 W
2026/09/20 11:54:43.308, 2, 0 %, 0 %, 35271 MiB, 36.54 W
2026/09/20 11:54:48.309, 0, 0 %, 0 %, 35270 MiB, 36.04 W
2026/09/20 11:54:48.310, 1, 0 %, 0 %, 35270 MiB, 35.70 W
2026/09/20 11:54:48.310, 2, 0 %, 0 %, 35271 MiB, 36.65 W
2026/09/20 11:54:53.311, 0, 0 %, 0 %, 35270 MiB, 36.31 W
2026/09/20 11:54:53.311, 1, 0 %, 0 %, 35270 MiB, 35.60 W
2026/09/20 11:54:53.311, 2, 0 %, 0 %, 35271 MiB, 36.55 W
2026/09/20 11:54:58.311, 0, 0 %, 0 %, 35270 MiB, 36.13 W
2026/09/20 11:54:58.312, 1, 0 %, 0 %, 35270 MiB, 35.60 W
2026/09/20 11:54:58.312, 2, 0 %, 0 %, 35271 MiB, 36.66 W
2026/09/20 11:55:03.313, 0, 0 %, 0 %, 35270 MiB, 36.01 W
2026/09/20 11:55:03.313, 1, 0 %, 0 %, 35270 MiB, 35.68 W
2026/09/20 11:55:03.314, 2, 0 %, 0 %, 35271 MiB, 36.54 W
2026/09/20 11:55:08.315, 0, 36 %, 1 %, 35270 MiB, 36.31 W
2026/09/20 11:55:08.315, 1, 0 %, 0 %, 35270 MiB, 35.59 W
2026/09/20 11:55:08.315, 2, 0 %, 0 %, 35271 MiB, 36.65 W
