timestamp, index, utilization.gpu [%], utilization.memory [%], memory.used [MiB], power.draw [W]
2026/09/19 22:22:48.484, 0, 0 %, 0 %, 0 MiB, 37.32 W
2026/09/19 22:22:48.493, 1, 0 %, 0 %, 0 MiB, 37.00 W
2026/09/19 22:22:48.502, 2, 0 %, 0 %, 0 MiB, 35.61 W
2026/09/19 22:22:53.520, 0, 0 %, 0 %, 0 MiB, 37.42 W
2026/09/19 22:22:53.521, 1, 0 %, 0 %, 0 MiB, 37.09 W
2026/09/19 22:22:53.521, 2, 0 %, 0 %, 0 MiB, 35.60 W
2026/09/19 22:22:58.521, 0, 0 %, 0 %, 35259 MiB, 39.40 W
2026/09/19 22:22:58.521, 1, 0 %, 0 %, 35259 MiB, 38.88 W
2026/09/19 22:22:58.521, 2, 0 %, 0 %, 35258 MiB, 37.39 W
2026/09/19 22:23:03.522, 0, 0 %, 0 %, 35265 MiB, 39.22 W
2026/09/19 22:23:03.523, 1, 0 %, 0 %, 35265 MiB, 38.88 W
2026/09/19 22:23:03.523, 2, 0 %, 0 %, 35264 MiB, 37.38 W
2026/09/19 22:23:08.523, 0, 0 %, 0 %, 35271 MiB, 39.12 W
2026/09/19 22:23:08.523, 1, 0 %, 0 %, 35271 MiB, 38.97 W
2026/09/19 22:23:08.523, 2, 0 %, 0 %, 35270 MiB, 37.49 W
2026/09/19 22:23:13.524, 0, 0 %, 0 %, 35271 MiB, 39.31 W
2026/09/19 22:23:13.524, 1, 0 %, 0 %, 35271 MiB, 38.88 W
2026/09/19 22:23:13.524, 2, 0 %, 0 %, 35270 MiB, 37.38 W
2026/09/19 22:23:18.525, 0, 0 %, 0 %, 35271 MiB, 39.11 W
2026/09/19 22:23:18.525, 1, 0 %, 0 %, 35271 MiB, 38.97 W
2026/09/19 22:23:18.525, 2, 0 %, 0 %, 35270 MiB, 37.09 W
2026/09/19 22:23:23.526, 0, 0 %, 0 %, 35271 MiB, 39.60 W
2026/09/19 22:23:23.526, 1, 0 %, 0 %, 35271 MiB, 60.71 W
2026/09/19 22:23:23.526, 2, 0 %, 0 %, 35270 MiB, 37.49 W
2026/09/19 22:23:28.526, 0, 0 %, 0 %, 35271 MiB, 39.12 W
2026/09/19 22:23:28.527, 1, 0 %, 0 %, 35271 MiB, 38.99 W
2026/09/19 22:23:28.527, 2, 0 %, 0 %, 35270 MiB, 37.30 W
2026/09/19 22:23:33.527, 0, 0 %, 0 %, 35271 MiB, 39.31 W
2026/09/19 22:23:33.527, 1, 0 %, 0 %, 35271 MiB, 38.89 W
2026/09/19 22:23:33.527, 2, 0 %, 0 %, 35270 MiB, 37.19 W
2026/09/19 22:23:38.528, 0, 0 %, 0 %, 35271 MiB, 39.02 W
2026/09/19 22:23:38.528, 1, 0 %, 0 %, 35271 MiB, 38.69 W
2026/09/19 22:23:38.528, 2, 0 %, 0 %, 35270 MiB, 37.10 W
2026/09/19 22:23:43.529, 0, 0 %, 0 %, 35271 MiB, 39.12 W
2026/09/19 22:23:43.529, 1, 0 %, 0 %, 35271 MiB, 38.90 W
2026/09/19 22:23:43.529, 2, 0 %, 0 %, 35270 MiB, 37.19 W
2026/09/19 22:23:48.529, 0, 0 %, 0 %, 35271 MiB, 39.03 W
2026/09/19 22:23:48.529, 1, 0 %, 0 %, 35271 MiB, 38.70 W
2026/09/19 22:23:48.529, 2, 0 %, 0 %, 35270 MiB, 37.28 W
2026/09/19 22:23:53.530, 0, 0 %, 0 %, 35271 MiB, 39.22 W
2026/09/19 22:23:53.530, 1, 0 %, 0 %, 35271 MiB, 38.79 W
2026/09/19 22:23:53.530, 2, 0 %, 0 %, 35270 MiB, 37.10 W
2026/09/19 22:23:58.531, 0, 0 %, 0 %, 35271 MiB, 39.23 W
2026/09/19 22:23:58.531, 1, 0 %, 0 %, 35271 MiB, 38.80 W
2026/09/19 22:23:58.531, 2, 0 %, 0 %, 35270 MiB, 37.20 W
2026/09/19 22:24:03.532, 0, 0 %, 0 %, 35271 MiB, 39.12 W
2026/09/19 22:24:03.532, 1, 0 %, 0 %, 35271 MiB, 38.90 W
2026/09/19 22:24:03.532, 2, 0 %, 0 %, 35270 MiB, 37.40 W
2026/09/19 22:24:08.532, 0, 0 %, 0 %, 35271 MiB, 39.02 W
2026/09/19 22:24:08.532, 1, 0 %, 0 %, 35271 MiB, 38.90 W
2026/09/19 22:24:08.532, 2, 0 %, 0 %, 35270 MiB, 37.30 W
2026/09/19 22:24:13.533, 0, 0 %, 0 %, 35271 MiB, 39.12 W
2026/09/19 22:24:13.533, 1, 0 %, 0 %, 35271 MiB, 38.79 W
2026/09/19 22:24:13.533, 2, 0 %, 0 %, 35270 MiB, 37.29 W
2026/09/19 22:24:18.534, 0, 0 %, 0 %, 35271 MiB, 39.12 W
2026/09/19 22:24:18.534, 1, 0 %, 0 %, 35271 MiB, 39.08 W
2026/09/19 22:24:18.534, 2, 0 %, 0 %, 35270 MiB, 37.28 W
2026/09/19 22:24:23.535, 0, 0 %, 0 %, 35271 MiB, 39.13 W
2026/09/19 22:24:23.535, 1, 0 %, 0 %, 35271 MiB, 38.89 W
2026/09/19 22:24:23.535, 2, 0 %, 0 %, 35270 MiB, 37.29 W
2026/09/19 22:24:28.535, 0, 0 %, 0 %, 35271 MiB, 39.32 W
2026/09/19 22:24:28.536, 1, 0 %, 0 %, 35271 MiB, 38.98 W
2026/09/19 22:24:28.536, 2, 0 %, 0 %, 35270 MiB, 37.10 W
2026/09/19 22:24:33.536, 0, 0 %, 0 %, 35271 MiB, 39.12 W
2026/09/19 22:24:33.536, 1, 0 %, 0 %, 35271 MiB, 39.00 W
2026/09/19 22:24:33.536, 2, 0 %, 0 %, 35270 MiB, 37.09 W
2026/09/19 22:24:38.537, 0, 0 %, 0 %, 35271 MiB, 39.12 W
2026/09/19 22:24:38.537, 1, 0 %, 0 %, 35271 MiB, 39.07 W
2026/09/19 22:24:38.537, 2, 0 %, 0 %, 35270 MiB, 37.18 W
2026/09/19 22:24:43.538, 0, 0 %, 0 %, 35271 MiB, 39.31 W
2026/09/19 22:24:43.538, 1, 0 %, 0 %, 35271 MiB, 39.00 W
2026/09/19 22:24:43.540, 2, 0 %, 0 %, 35270 MiB, 37.29 W
2026/09/19 22:24:48.541, 0, 0 %, 0 %, 35271 MiB, 39.32 W
2026/09/19 22:24:48.541, 1, 0 %, 0 %, 35271 MiB, 38.90 W
2026/09/19 22:24:48.541, 2, 0 %, 0 %, 35270 MiB, 37.10 W
2026/09/19 22:24:53.542, 0, 0 %, 0 %, 35271 MiB, 39.22 W
2026/09/19 22:24:53.542, 1, 0 %, 0 %, 35271 MiB, 39.19 W
2026/09/19 22:24:53.542, 2, 0 %, 0 %, 35270 MiB, 37.10 W
2026/09/19 22:24:58.543, 0, 0 %, 0 %, 35271 MiB, 39.22 W
2026/09/19 22:24:58.543, 1, 0 %, 0 %, 35271 MiB, 38.99 W
2026/09/19 22:24:58.543, 2, 0 %, 0 %, 35270 MiB, 37.19 W
2026/09/19 22:25:03.544, 0, 0 %, 0 %, 35271 MiB, 39.13 W
2026/09/19 22:25:03.544, 1, 0 %, 0 %, 35271 MiB, 39.00 W
2026/09/19 22:25:03.544, 2, 0 %, 0 %, 35270 MiB, 37.41 W
2026/09/19 22:25:08.545, 0, 0 %, 0 %, 35271 MiB, 39.22 W
2026/09/19 22:25:08.545, 1, 0 %, 0 %, 35271 MiB, 38.90 W
2026/09/19 22:25:08.545, 2, 0 %, 0 %, 35270 MiB, 37.20 W
2026/09/19 22:25:13.546, 0, 0 %, 0 %, 35271 MiB, 39.12 W
2026/09/19 22:25:13.546, 1, 0 %, 0 %, 35271 MiB, 38.99 W
2026/09/19 22:25:13.546, 2, 0 %, 0 %, 35270 MiB, 37.29 W
2026/09/19 22:25:18.546, 0, 0 %, 0 %, 35271 MiB, 39.12 W
2026/09/19 22:25:18.546, 1, 0 %, 0 %, 35271 MiB, 39.09 W
2026/09/19 22:25:18.546, 2, 0 %, 0 %, 35270 MiB, 37.29 W
2026/09/19 22:25:23.547, 0, 0 %, 0 %, 35271 MiB, 39.02 W
2026/09/19 22:25:23.547, 1, 0 %, 0 %, 35271 MiB, 38.97 W
2026/09/19 22:25:23.547, 2, 0 %, 0 %, 35270 MiB, 37.41 W
2026/09/19 22:25:28.548, 0, 0 %, 0 %, 35271 MiB, 39.12 W
2026/09/19 22:25:28.548, 1, 0 %, 0 %, 35271 MiB, 38.97 W
2026/09/19 22:25:28.548, 2, 0 %, 0 %, 35270 MiB, 37.30 W
2026/09/19 22:25:33.549, 0, 0 %, 0 %, 35271 MiB, 39.12 W
2026/09/19 22:25:33.549, 1, 0 %, 0 %, 35271 MiB, 39.08 W
2026/09/19 22:25:33.549, 2, 0 %, 0 %, 35270 MiB, 37.10 W
2026/09/19 22:25:38.550, 0, 0 %, 0 %, 35271 MiB, 39.12 W
2026/09/19 22:25:38.550, 1, 0 %, 0 %, 35271 MiB, 39.00 W
2026/09/19 22:25:38.550, 2, 0 %, 0 %, 35270 MiB, 37.39 W
2026/09/19 22:25:43.550, 0, 0 %, 0 %, 35271 MiB, 39.41 W
2026/09/19 22:25:43.551, 1, 0 %, 0 %, 35271 MiB, 39.08 W
2026/09/19 22:25:43.551, 2, 0 %, 0 %, 35270 MiB, 37.19 W
2026/09/19 22:25:48.551, 0, 0 %, 0 %, 35271 MiB, 39.22 W
2026/09/19 22:25:48.551, 1, 0 %, 0 %, 35271 MiB, 39.07 W
2026/09/19 22:25:48.551, 2, 0 %, 0 %, 35270 MiB, 37.30 W
2026/09/19 22:25:53.552, 0, 0 %, 0 %, 35271 MiB, 39.13 W
2026/09/19 22:25:53.552, 1, 0 %, 0 %, 35271 MiB, 38.90 W
2026/09/19 22:25:53.552, 2, 0 %, 0 %, 35270 MiB, 37.20 W
2026/09/19 22:25:58.553, 0, 0 %, 0 %, 35271 MiB, 39.23 W
2026/09/19 22:25:58.553, 1, 0 %, 0 %, 35271 MiB, 38.99 W
2026/09/19 22:25:58.553, 2, 0 %, 0 %, 35270 MiB, 37.41 W
2026/09/19 22:26:03.554, 0, 0 %, 0 %, 35271 MiB, 39.41 W
2026/09/19 22:26:03.554, 1, 0 %, 0 %, 35271 MiB, 38.90 W
2026/09/19 22:26:03.554, 2, 0 %, 0 %, 35270 MiB, 37.20 W
2026/09/19 22:26:08.555, 0, 0 %, 0 %, 35271 MiB, 39.32 W
2026/09/19 22:26:08.555, 1, 0 %, 0 %, 35271 MiB, 39.08 W
2026/09/19 22:26:08.555, 2, 0 %, 0 %, 35270 MiB, 37.28 W
2026/09/19 22:26:13.556, 0, 0 %, 0 %, 35271 MiB, 39.31 W
2026/09/19 22:26:13.556, 1, 0 %, 0 %, 35271 MiB, 38.89 W
2026/09/19 22:26:13.556, 2, 0 %, 0 %, 35270 MiB, 37.29 W
2026/09/19 22:26:18.556, 0, 0 %, 0 %, 35271 MiB, 39.22 W
2026/09/19 22:26:18.556, 1, 0 %, 0 %, 35271 MiB, 38.99 W
2026/09/19 22:26:18.556, 2, 0 %, 0 %, 35270 MiB, 37.41 W
2026/09/19 22:26:23.557, 0, 0 %, 0 %, 35271 MiB, 39.31 W
2026/09/19 22:26:23.557, 1, 0 %, 0 %, 35271 MiB, 39.18 W
2026/09/19 22:26:23.557, 2, 0 %, 0 %, 35270 MiB, 37.30 W
2026/09/19 22:26:28.557, 0, 0 %, 0 %, 35271 MiB, 39.22 W
2026/09/19 22:26:28.557, 1, 0 %, 0 %, 35271 MiB, 38.97 W
2026/09/19 22:26:28.557, 2, 0 %, 0 %, 35270 MiB, 37.28 W
2026/09/19 22:26:33.558, 0, 0 %, 0 %, 35271 MiB, 39.12 W
2026/09/19 22:26:33.558, 1, 0 %, 0 %, 35271 MiB, 38.97 W
2026/09/19 22:26:33.558, 2, 0 %, 0 %, 35270 MiB, 37.28 W
2026/09/19 22:26:38.559, 0, 0 %, 0 %, 35271 MiB, 39.23 W
2026/09/19 22:26:38.559, 1, 0 %, 0 %, 35271 MiB, 39.09 W
2026/09/19 22:26:38.559, 2, 0 %, 0 %, 35270 MiB, 37.30 W
2026/09/19 22:26:43.559, 0, 0 %, 0 %, 35271 MiB, 39.22 W
2026/09/19 22:26:43.560, 1, 0 %, 0 %, 35271 MiB, 39.28 W
2026/09/19 22:26:43.560, 2, 0 %, 0 %, 35270 MiB, 37.18 W
2026/09/19 22:26:48.560, 0, 0 %, 0 %, 35271 MiB, 39.22 W
2026/09/19 22:26:48.561, 1, 0 %, 0 %, 35271 MiB, 39.08 W
2026/09/19 22:26:48.561, 2, 0 %, 0 %, 35270 MiB, 37.20 W
2026/09/19 22:26:53.561, 0, 0 %, 0 %, 35271 MiB, 39.23 W
2026/09/19 22:26:53.561, 1, 0 %, 0 %, 35271 MiB, 39.10 W
2026/09/19 22:26:53.561, 2, 0 %, 0 %, 35270 MiB, 37.20 W
2026/09/19 22:26:58.562, 0, 0 %, 0 %, 35271 MiB, 39.51 W
2026/09/19 22:26:58.562, 1, 0 %, 0 %, 35271 MiB, 39.19 W
2026/09/19 22:26:58.562, 2, 0 %, 0 %, 35270 MiB, 37.29 W
2026/09/19 22:27:03.562, 0, 0 %, 0 %, 35271 MiB, 39.33 W
2026/09/19 22:27:03.562, 1, 0 %, 0 %, 35271 MiB, 39.09 W
2026/09/19 22:27:03.562, 2, 0 %, 0 %, 35270 MiB, 37.10 W
2026/09/19 22:27:08.563, 0, 0 %, 0 %, 35271 MiB, 39.31 W
2026/09/19 22:27:08.563, 1, 0 %, 0 %, 35271 MiB, 38.99 W
2026/09/19 22:27:08.563, 2, 0 %, 0 %, 35270 MiB, 37.28 W
2026/09/19 22:27:13.564, 0, 0 %, 0 %, 35271 MiB, 39.31 W
2026/09/19 22:27:13.564, 1, 0 %, 0 %, 35271 MiB, 38.99 W
2026/09/19 22:27:13.564, 2, 0 %, 0 %, 35270 MiB, 37.49 W
2026/09/19 22:27:18.565, 0, 0 %, 0 %, 35271 MiB, 39.31 W
2026/09/19 22:27:18.565, 1, 0 %, 0 %, 35271 MiB, 39.18 W
2026/09/19 22:27:18.565, 2, 0 %, 0 %, 35270 MiB, 37.39 W
2026/09/19 22:27:23.565, 0, 0 %, 0 %, 35271 MiB, 39.33 W
2026/09/19 22:27:23.565, 1, 0 %, 0 %, 35271 MiB, 39.08 W
2026/09/19 22:27:23.565, 2, 0 %, 0 %, 35270 MiB, 37.41 W
2026/09/19 22:27:28.566, 0, 0 %, 0 %, 35271 MiB, 39.04 W
2026/09/19 22:27:28.566, 1, 0 %, 0 %, 35271 MiB, 39.19 W
2026/09/19 22:27:28.566, 2, 0 %, 0 %, 35270 MiB, 37.30 W
2026/09/19 22:27:33.567, 0, 0 %, 0 %, 35271 MiB, 39.42 W
2026/09/19 22:27:33.567, 1, 0 %, 0 %, 35271 MiB, 39.08 W
2026/09/19 22:27:33.567, 2, 0 %, 0 %, 35270 MiB, 37.40 W
2026/09/19 22:27:38.568, 0, 0 %, 0 %, 35271 MiB, 39.12 W
2026/09/19 22:27:38.568, 1, 0 %, 0 %, 35271 MiB, 39.18 W
2026/09/19 22:27:38.568, 2, 0 %, 0 %, 35270 MiB, 37.30 W
2026/09/19 22:27:43.569, 0, 0 %, 0 %, 35271 MiB, 39.22 W
2026/09/19 22:27:43.569, 1, 0 %, 0 %, 35271 MiB, 39.19 W
2026/09/19 22:27:43.569, 2, 0 %, 0 %, 35270 MiB, 37.21 W
2026/09/19 22:27:48.570, 0, 0 %, 0 %, 35271 MiB, 39.22 W
2026/09/19 22:27:48.570, 1, 0 %, 0 %, 35271 MiB, 39.19 W
2026/09/19 22:27:48.570, 2, 0 %, 0 %, 35270 MiB, 37.20 W
2026/09/19 22:27:53.570, 0, 0 %, 0 %, 35271 MiB, 39.31 W
2026/09/19 22:27:53.570, 1, 0 %, 0 %, 35271 MiB, 39.37 W
2026/09/19 22:27:53.570, 2, 0 %, 0 %, 35270 MiB, 37.31 W
2026/09/19 22:27:58.571, 0, 0 %, 0 %, 35271 MiB, 39.23 W
2026/09/19 22:27:58.571, 1, 0 %, 0 %, 35271 MiB, 39.28 W
2026/09/19 22:27:58.571, 2, 0 %, 0 %, 35270 MiB, 37.10 W
2026/09/19 22:28:03.571, 0, 0 %, 0 %, 35271 MiB, 39.22 W
2026/09/19 22:28:03.572, 1, 0 %, 0 %, 35271 MiB, 39.29 W
2026/09/19 22:28:03.572, 2, 0 %, 0 %, 35270 MiB, 37.10 W
2026/09/19 22:28:08.572, 0, 0 %, 0 %, 35271 MiB, 39.22 W
2026/09/19 22:28:08.572, 1, 0 %, 0 %, 35271 MiB, 39.09 W
2026/09/19 22:28:08.573, 2, 0 %, 0 %, 35270 MiB, 37.19 W
2026/09/19 22:28:13.573, 0, 0 %, 0 %, 35271 MiB, 39.31 W
2026/09/19 22:28:13.574, 1, 0 %, 0 %, 35271 MiB, 39.08 W
2026/09/19 22:28:13.574, 2, 0 %, 0 %, 35270 MiB, 37.31 W
2026/09/19 22:28:18.574, 0, 0 %, 0 %, 35271 MiB, 39.31 W
2026/09/19 22:28:18.574, 1, 0 %, 0 %, 35271 MiB, 39.07 W
2026/09/19 22:28:18.574, 2, 0 %, 0 %, 35270 MiB, 37.18 W
2026/09/19 22:28:23.575, 0, 0 %, 0 %, 35271 MiB, 39.31 W
2026/09/19 22:28:23.575, 1, 0 %, 0 %, 35271 MiB, 39.07 W
2026/09/19 22:28:23.575, 2, 0 %, 0 %, 35270 MiB, 37.29 W
2026/09/19 22:28:28.576, 0, 0 %, 0 %, 35271 MiB, 39.31 W
2026/09/19 22:28:28.576, 1, 0 %, 0 %, 35271 MiB, 38.99 W
2026/09/19 22:28:28.576, 2, 0 %, 0 %, 35270 MiB, 37.20 W
2026/09/19 22:28:33.577, 0, 0 %, 0 %, 35271 MiB, 39.12 W
2026/09/19 22:28:33.577, 1, 0 %, 0 %, 35271 MiB, 39.19 W
2026/09/19 22:28:33.577, 2, 0 %, 0 %, 35270 MiB, 37.29 W
2026/09/19 22:28:38.577, 0, 0 %, 0 %, 35271 MiB, 39.12 W
2026/09/19 22:28:38.577, 1, 0 %, 0 %, 35271 MiB, 39.08 W
2026/09/19 22:28:38.577, 2, 0 %, 0 %, 35270 MiB, 37.41 W
2026/09/19 22:28:43.578, 0, 0 %, 0 %, 35271 MiB, 39.22 W
2026/09/19 22:28:43.578, 1, 0 %, 0 %, 35271 MiB, 39.08 W
2026/09/19 22:28:43.578, 2, 0 %, 0 %, 35270 MiB, 37.29 W
2026/09/19 22:28:48.578, 0, 0 %, 0 %, 35271 MiB, 39.31 W
2026/09/19 22:28:48.579, 1, 0 %, 0 %, 35271 MiB, 39.38 W
2026/09/19 22:28:48.579, 2, 0 %, 0 %, 35270 MiB, 37.19 W
2026/09/19 22:28:53.579, 0, 0 %, 0 %, 35271 MiB, 39.23 W
2026/09/19 22:28:53.579, 1, 0 %, 0 %, 35271 MiB, 39.19 W
2026/09/19 22:28:53.579, 2, 0 %, 0 %, 35270 MiB, 37.09 W
2026/09/19 22:28:58.580, 0, 0 %, 0 %, 35271 MiB, 39.22 W
2026/09/19 22:28:58.580, 1, 0 %, 0 %, 35271 MiB, 39.28 W
2026/09/19 22:28:58.580, 2, 0 %, 0 %, 35270 MiB, 37.10 W
2026/09/19 22:29:03.581, 0, 0 %, 0 %, 35271 MiB, 39.13 W
2026/09/19 22:29:03.581, 1, 0 %, 0 %, 35271 MiB, 39.19 W
2026/09/19 22:29:03.581, 2, 0 %, 0 %, 35270 MiB, 37.10 W
2026/09/19 22:29:08.582, 0, 0 %, 0 %, 35271 MiB, 39.22 W
2026/09/19 22:29:08.582, 1, 0 %, 0 %, 35271 MiB, 39.19 W
2026/09/19 22:29:08.582, 2, 0 %, 0 %, 35270 MiB, 37.39 W
2026/09/19 22:29:13.583, 0, 0 %, 0 %, 35271 MiB, 39.22 W
2026/09/19 22:29:13.583, 1, 0 %, 0 %, 35271 MiB, 39.09 W
2026/09/19 22:29:13.583, 2, 0 %, 0 %, 35270 MiB, 37.29 W
2026/09/19 22:29:18.583, 0, 0 %, 0 %, 35271 MiB, 39.22 W
2026/09/19 22:29:18.583, 1, 0 %, 0 %, 35271 MiB, 39.19 W
2026/09/19 22:29:18.583, 2, 0 %, 0 %, 35270 MiB, 37.20 W
2026/09/19 22:29:23.584, 0, 0 %, 0 %, 35271 MiB, 60.72 W
2026/09/19 22:29:23.585, 1, 59 %, 7 %, 35271 MiB, 74.99 W
2026/09/19 22:29:23.585, 2, 0 %, 0 %, 35270 MiB, 58.19 W
2026/09/19 22:29:28.585, 0, 0 %, 0 %, 35271 MiB, 39.41 W
2026/09/19 22:29:28.585, 1, 0 %, 0 %, 35271 MiB, 39.28 W
2026/09/19 22:29:28.585, 2, 0 %, 0 %, 35270 MiB, 37.40 W
2026/09/19 22:29:33.586, 0, 0 %, 0 %, 35271 MiB, 39.41 W
2026/09/19 22:29:33.586, 1, 0 %, 0 %, 35271 MiB, 39.29 W
2026/09/19 22:29:33.586, 2, 0 %, 0 %, 35270 MiB, 37.41 W
2026/09/19 22:29:38.587, 0, 0 %, 0 %, 35271 MiB, 39.31 W
2026/09/19 22:29:38.587, 1, 0 %, 0 %, 35271 MiB, 39.28 W
2026/09/19 22:29:38.587, 2, 0 %, 0 %, 35270 MiB, 37.40 W
2026/09/19 22:29:43.588, 0, 0 %, 0 %, 35271 MiB, 39.51 W
2026/09/19 22:29:43.588, 1, 0 %, 0 %, 35271 MiB, 39.39 W
2026/09/19 22:29:43.588, 2, 0 %, 0 %, 35270 MiB, 37.49 W
2026/09/19 22:29:48.588, 0, 0 %, 0 %, 35271 MiB, 39.31 W
2026/09/19 22:29:48.588, 1, 0 %, 0 %, 35271 MiB, 39.18 W
2026/09/19 22:29:48.588, 2, 0 %, 0 %, 35270 MiB, 37.49 W
2026/09/19 22:29:53.589, 0, 0 %, 0 %, 35271 MiB, 39.22 W
2026/09/19 22:29:53.589, 1, 0 %, 0 %, 35271 MiB, 39.19 W
2026/09/19 22:29:53.589, 2, 0 %, 0 %, 35270 MiB, 37.30 W
2026/09/19 22:29:58.590, 0, 0 %, 0 %, 35271 MiB, 39.23 W
2026/09/19 22:29:58.590, 1, 0 %, 0 %, 35271 MiB, 39.29 W
2026/09/19 22:29:58.590, 2, 0 %, 0 %, 35270 MiB, 37.30 W
2026/09/19 22:30:03.590, 0, 0 %, 0 %, 35271 MiB, 39.41 W
2026/09/19 22:30:03.591, 1, 0 %, 0 %, 35271 MiB, 39.38 W
2026/09/19 22:30:03.591, 2, 0 %, 0 %, 35270 MiB, 37.40 W
2026/09/19 22:30:08.591, 0, 0 %, 0 %, 35271 MiB, 39.22 W
2026/09/19 22:30:08.591, 1, 0 %, 0 %, 35271 MiB, 39.38 W
2026/09/19 22:30:08.591, 2, 0 %, 0 %, 35270 MiB, 37.30 W
2026/09/19 22:30:13.592, 0, 0 %, 0 %, 35271 MiB, 39.31 W
2026/09/19 22:30:13.592, 1, 0 %, 0 %, 35271 MiB, 39.37 W
2026/09/19 22:30:13.592, 2, 0 %, 0 %, 35270 MiB, 37.18 W
2026/09/19 22:30:18.593, 0, 0 %, 0 %, 35271 MiB, 39.41 W
2026/09/19 22:30:18.593, 1, 0 %, 0 %, 35271 MiB, 39.37 W
2026/09/19 22:30:18.593, 2, 0 %, 0 %, 35270 MiB, 37.39 W
2026/09/19 22:30:23.594, 0, 0 %, 0 %, 35271 MiB, 39.41 W
2026/09/19 22:30:23.594, 1, 0 %, 0 %, 35271 MiB, 39.28 W
2026/09/19 22:30:23.594, 2, 0 %, 0 %, 35270 MiB, 37.28 W
2026/09/19 22:30:28.594, 0, 0 %, 0 %, 35271 MiB, 39.42 W
2026/09/19 22:30:28.594, 1, 0 %, 0 %, 35271 MiB, 39.19 W
2026/09/19 22:30:28.594, 2, 0 %, 0 %, 35270 MiB, 37.29 W
2026/09/19 22:30:33.595, 0, 0 %, 0 %, 35271 MiB, 39.41 W
2026/09/19 22:30:33.595, 1, 0 %, 0 %, 35271 MiB, 39.28 W
2026/09/19 22:30:33.595, 2, 0 %, 0 %, 35270 MiB, 37.19 W
2026/09/19 22:30:38.595, 0, 0 %, 0 %, 35271 MiB, 39.51 W
2026/09/19 22:30:38.595, 1, 0 %, 0 %, 35271 MiB, 39.29 W
2026/09/19 22:30:38.595, 2, 0 %, 0 %, 35270 MiB, 37.29 W
2026/09/19 22:30:43.596, 0, 0 %, 0 %, 35271 MiB, 39.42 W
2026/09/19 22:30:43.596, 1, 0 %, 0 %, 35271 MiB, 39.19 W
2026/09/19 22:30:43.596, 2, 0 %, 0 %, 35270 MiB, 37.30 W
2026/09/19 22:30:48.597, 0, 0 %, 0 %, 35271 MiB, 39.22 W
2026/09/19 22:30:48.597, 1, 0 %, 0 %, 35271 MiB, 39.19 W
2026/09/19 22:30:48.597, 2, 0 %, 0 %, 35270 MiB, 37.31 W
2026/09/19 22:30:53.598, 0, 0 %, 0 %, 35271 MiB, 39.12 W
2026/09/19 22:30:53.598, 1, 0 %, 0 %, 35271 MiB, 39.38 W
2026/09/19 22:30:53.598, 2, 0 %, 0 %, 35270 MiB, 37.41 W
2026/09/19 22:30:58.599, 0, 0 %, 0 %, 35271 MiB, 39.31 W
2026/09/19 22:30:58.599, 1, 0 %, 0 %, 35271 MiB, 39.28 W
2026/09/19 22:30:58.599, 2, 0 %, 0 %, 35270 MiB, 37.39 W
2026/09/19 22:31:03.600, 0, 0 %, 0 %, 35271 MiB, 39.23 W
2026/09/19 22:31:03.600, 1, 0 %, 0 %, 35271 MiB, 39.29 W
2026/09/19 22:31:03.600, 2, 0 %, 0 %, 35270 MiB, 37.41 W
2026/09/19 22:31:08.600, 0, 0 %, 0 %, 35271 MiB, 39.31 W
2026/09/19 22:31:08.601, 1, 0 %, 0 %, 35271 MiB, 39.28 W
2026/09/19 22:31:08.601, 2, 0 %, 0 %, 35270 MiB, 37.10 W
2026/09/19 22:31:13.601, 0, 0 %, 0 %, 35271 MiB, 39.31 W
2026/09/19 22:31:13.601, 1, 0 %, 0 %, 35271 MiB, 39.39 W
2026/09/19 22:31:13.601, 2, 0 %, 0 %, 35270 MiB, 37.20 W
2026/09/19 22:31:18.602, 0, 0 %, 0 %, 35271 MiB, 39.31 W
2026/09/19 22:31:18.602, 1, 0 %, 0 %, 35271 MiB, 39.27 W
2026/09/19 22:31:18.602, 2, 0 %, 0 %, 35270 MiB, 37.39 W
2026/09/19 22:31:23.603, 0, 0 %, 0 %, 35271 MiB, 39.31 W
2026/09/19 22:31:23.603, 1, 0 %, 0 %, 35271 MiB, 39.38 W
2026/09/19 22:31:23.603, 2, 0 %, 0 %, 35270 MiB, 37.19 W
2026/09/19 22:31:28.603, 0, 0 %, 0 %, 35271 MiB, 39.32 W
2026/09/19 22:31:28.604, 1, 0 %, 0 %, 35271 MiB, 39.28 W
2026/09/19 22:31:28.604, 2, 0 %, 0 %, 35270 MiB, 37.20 W
2026/09/19 22:31:33.604, 0, 0 %, 0 %, 35271 MiB, 39.22 W
2026/09/19 22:31:33.604, 1, 0 %, 0 %, 35271 MiB, 39.19 W
2026/09/19 22:31:33.604, 2, 0 %, 0 %, 35270 MiB, 37.29 W
2026/09/19 22:31:38.605, 0, 0 %, 0 %, 35271 MiB, 39.41 W
2026/09/19 22:31:38.605, 1, 0 %, 0 %, 35271 MiB, 39.10 W
2026/09/19 22:31:38.605, 2, 0 %, 0 %, 35270 MiB, 37.49 W
2026/09/19 22:31:43.605, 0, 0 %, 0 %, 35271 MiB, 39.31 W
2026/09/19 22:31:43.605, 1, 0 %, 0 %, 35271 MiB, 39.18 W
2026/09/19 22:31:43.605, 2, 0 %, 0 %, 35270 MiB, 37.18 W
2026/09/19 22:31:48.606, 0, 0 %, 0 %, 35271 MiB, 39.43 W
2026/09/19 22:31:48.606, 1, 0 %, 0 %, 35271 MiB, 39.19 W
2026/09/19 22:31:48.606, 2, 0 %, 0 %, 35270 MiB, 37.31 W
2026/09/19 22:31:53.607, 0, 100 %, 16 %, 35271 MiB, 53.25 W
2026/09/19 22:31:53.607, 1, 25 %, 1 %, 35271 MiB, 46.05 W
2026/09/19 22:31:53.608, 2, 88 %, 16 %, 35270 MiB, 123.18 W
2026/09/19 22:31:58.608, 0, 0 %, 0 %, 35271 MiB, 39.51 W
2026/09/19 22:31:58.608, 1, 0 %, 0 %, 35271 MiB, 39.38 W
2026/09/19 22:31:58.608, 2, 0 %, 0 %, 35270 MiB, 37.59 W
2026/09/19 22:32:03.609, 0, 0 %, 0 %, 35271 MiB, 39.41 W
2026/09/19 22:32:03.609, 1, 0 %, 0 %, 35271 MiB, 39.37 W
2026/09/19 22:32:03.609, 2, 0 %, 0 %, 35270 MiB, 37.39 W
2026/09/19 22:32:08.609, 0, 0 %, 0 %, 35271 MiB, 39.22 W
2026/09/19 22:32:08.609, 1, 0 %, 0 %, 35271 MiB, 39.37 W
2026/09/19 22:32:08.609, 2, 0 %, 0 %, 35270 MiB, 37.39 W
2026/09/19 22:32:13.610, 0, 0 %, 0 %, 35271 MiB, 39.42 W
2026/09/19 22:32:13.610, 1, 0 %, 0 %, 35271 MiB, 39.29 W
2026/09/19 22:32:13.611, 2, 0 %, 0 %, 35270 MiB, 37.20 W
2026/09/19 22:32:18.611, 0, 0 %, 0 %, 35271 MiB, 39.31 W
2026/09/19 22:32:18.611, 1, 0 %, 0 %, 35271 MiB, 39.38 W
2026/09/19 22:32:18.611, 2, 0 %, 0 %, 35270 MiB, 37.28 W
2026/09/19 22:32:23.612, 0, 0 %, 0 %, 35271 MiB, 39.32 W
2026/09/19 22:32:23.612, 1, 0 %, 0 %, 35271 MiB, 39.38 W
2026/09/19 22:32:23.612, 2, 0 %, 0 %, 35270 MiB, 37.29 W
2026/09/19 22:32:28.612, 0, 0 %, 0 %, 35271 MiB, 39.33 W
2026/09/19 22:32:28.613, 1, 0 %, 0 %, 35271 MiB, 39.38 W
2026/09/19 22:32:28.613, 2, 0 %, 0 %, 35270 MiB, 37.31 W
2026/09/19 22:32:33.613, 0, 0 %, 0 %, 35271 MiB, 39.42 W
2026/09/19 22:32:33.613, 1, 0 %, 0 %, 35271 MiB, 39.18 W
2026/09/19 22:32:33.614, 2, 0 %, 0 %, 35270 MiB, 37.18 W
2026/09/19 22:32:38.614, 0, 0 %, 0 %, 35271 MiB, 39.22 W
2026/09/19 22:32:38.614, 1, 0 %, 0 %, 35271 MiB, 39.28 W
2026/09/19 22:32:38.614, 2, 0 %, 0 %, 35270 MiB, 37.31 W
2026/09/19 22:32:43.615, 0, 0 %, 0 %, 35271 MiB, 39.32 W
2026/09/19 22:32:43.615, 1, 0 %, 0 %, 35271 MiB, 39.09 W
2026/09/19 22:32:43.615, 2, 0 %, 0 %, 35270 MiB, 37.19 W
2026/09/19 22:32:48.616, 0, 0 %, 0 %, 35271 MiB, 39.51 W
2026/09/19 22:32:48.616, 1, 0 %, 0 %, 35271 MiB, 39.19 W
2026/09/19 22:32:48.616, 2, 0 %, 0 %, 35270 MiB, 37.31 W
2026/09/19 22:32:53.617, 0, 0 %, 0 %, 35271 MiB, 39.41 W
2026/09/19 22:32:53.617, 1, 0 %, 0 %, 35271 MiB, 39.19 W
2026/09/19 22:32:53.617, 2, 0 %, 0 %, 35270 MiB, 37.60 W
2026/09/19 22:32:58.618, 0, 0 %, 0 %, 35271 MiB, 39.42 W
2026/09/19 22:32:58.618, 1, 0 %, 0 %, 35271 MiB, 39.18 W
2026/09/19 22:32:58.618, 2, 0 %, 0 %, 35270 MiB, 37.31 W
2026/09/19 22:33:03.618, 0, 0 %, 0 %, 35271 MiB, 39.22 W
2026/09/19 22:33:03.618, 1, 0 %, 0 %, 35271 MiB, 39.09 W
2026/09/19 22:33:03.618, 2, 0 %, 0 %, 35270 MiB, 37.30 W
2026/09/19 22:33:08.619, 0, 0 %, 0 %, 35271 MiB, 39.23 W
2026/09/19 22:33:08.619, 1, 0 %, 0 %, 35271 MiB, 39.19 W
2026/09/19 22:33:08.619, 2, 0 %, 0 %, 35270 MiB, 37.29 W
2026/09/19 22:33:13.620, 0, 0 %, 0 %, 35271 MiB, 39.22 W
2026/09/19 22:33:13.620, 1, 0 %, 0 %, 35271 MiB, 39.49 W
2026/09/19 22:33:13.620, 2, 0 %, 0 %, 35270 MiB, 37.51 W
2026/09/19 22:33:18.620, 0, 0 %, 0 %, 35271 MiB, 39.22 W
2026/09/19 22:33:18.620, 1, 0 %, 0 %, 35271 MiB, 39.28 W
2026/09/19 22:33:18.621, 2, 0 %, 0 %, 35270 MiB, 37.20 W
2026/09/19 22:33:23.621, 0, 0 %, 0 %, 35271 MiB, 39.12 W
2026/09/19 22:33:23.622, 1, 0 %, 0 %, 35271 MiB, 39.29 W
2026/09/19 22:33:23.622, 2, 0 %, 0 %, 35270 MiB, 37.19 W
2026/09/19 22:33:28.622, 0, 0 %, 0 %, 35271 MiB, 39.32 W
2026/09/19 22:33:28.622, 1, 0 %, 0 %, 35271 MiB, 39.29 W
2026/09/19 22:33:28.622, 2, 0 %, 0 %, 35270 MiB, 37.19 W
2026/09/19 22:33:33.623, 0, 0 %, 0 %, 35271 MiB, 39.22 W
2026/09/19 22:33:33.623, 1, 0 %, 0 %, 35271 MiB, 39.48 W
2026/09/19 22:33:33.623, 2, 0 %, 0 %, 35270 MiB, 37.40 W
2026/09/19 22:33:38.624, 0, 0 %, 0 %, 35271 MiB, 39.31 W
2026/09/19 22:33:38.624, 1, 0 %, 0 %, 35271 MiB, 39.38 W
2026/09/19 22:33:38.624, 2, 0 %, 0 %, 35270 MiB, 37.19 W
2026/09/19 22:33:43.624, 0, 0 %, 0 %, 35271 MiB, 39.42 W
2026/09/19 22:33:43.624, 1, 0 %, 0 %, 35271 MiB, 39.19 W
2026/09/19 22:33:43.624, 2, 0 %, 0 %, 35270 MiB, 37.29 W
2026/09/19 22:33:48.625, 0, 0 %, 0 %, 35271 MiB, 39.23 W
2026/09/19 22:33:48.625, 1, 0 %, 0 %, 35271 MiB, 39.10 W
2026/09/19 22:33:48.625, 2, 0 %, 0 %, 35270 MiB, 37.10 W
2026/09/19 22:33:53.626, 0, 0 %, 0 %, 35271 MiB, 39.31 W
2026/09/19 22:33:53.626, 1, 0 %, 0 %, 35271 MiB, 39.27 W
2026/09/19 22:33:53.626, 2, 0 %, 0 %, 35270 MiB, 37.39 W
2026/09/19 22:33:58.626, 0, 0 %, 0 %, 35271 MiB, 39.31 W
2026/09/19 22:33:58.627, 1, 0 %, 0 %, 35271 MiB, 39.17 W
2026/09/19 22:33:58.627, 2, 0 %, 0 %, 35270 MiB, 37.18 W
2026/09/19 22:34:03.627, 0, 0 %, 0 %, 35271 MiB, 39.51 W
2026/09/19 22:34:03.627, 1, 0 %, 0 %, 35271 MiB, 39.27 W
2026/09/19 22:34:03.627, 2, 0 %, 0 %, 35270 MiB, 37.28 W
2026/09/19 22:34:08.628, 0, 0 %, 0 %, 35271 MiB, 39.23 W
2026/09/19 22:34:08.628, 1, 0 %, 0 %, 35271 MiB, 39.49 W
2026/09/19 22:34:08.628, 2, 0 %, 0 %, 35270 MiB, 37.40 W
2026/09/19 22:34:13.628, 0, 0 %, 0 %, 35271 MiB, 39.12 W
2026/09/19 22:34:13.628, 1, 0 %, 0 %, 35271 MiB, 39.18 W
2026/09/19 22:34:13.629, 2, 0 %, 0 %, 35270 MiB, 37.39 W
2026/09/19 22:34:18.629, 0, 0 %, 0 %, 35271 MiB, 39.23 W
2026/09/19 22:34:18.629, 1, 0 %, 0 %, 35271 MiB, 39.19 W
2026/09/19 22:34:18.629, 2, 0 %, 0 %, 35270 MiB, 37.30 W
2026/09/19 22:34:23.630, 0, 0 %, 0 %, 35271 MiB, 60.26 W
2026/09/19 22:34:23.630, 1, 0 %, 0 %, 35271 MiB, 60.30 W
2026/09/19 22:34:23.630, 2, 0 %, 0 %, 35270 MiB, 58.60 W
2026/09/19 22:34:28.630, 0, 0 %, 0 %, 35271 MiB, 39.43 W
2026/09/19 22:34:28.630, 1, 0 %, 0 %, 35271 MiB, 39.57 W
2026/09/19 22:34:28.630, 2, 0 %, 0 %, 35270 MiB, 37.31 W
2026/09/19 22:34:33.631, 0, 0 %, 0 %, 35271 MiB, 39.22 W
2026/09/19 22:34:33.631, 1, 0 %, 0 %, 35271 MiB, 39.47 W
2026/09/19 22:34:33.631, 2, 0 %, 0 %, 35270 MiB, 37.28 W
2026/09/19 22:34:38.632, 0, 0 %, 0 %, 35271 MiB, 39.32 W
2026/09/19 22:34:38.632, 1, 0 %, 0 %, 35271 MiB, 39.38 W
2026/09/19 22:34:38.632, 2, 0 %, 0 %, 35270 MiB, 37.39 W
2026/09/19 22:34:43.632, 0, 0 %, 0 %, 35271 MiB, 39.41 W
2026/09/19 22:34:43.632, 1, 0 %, 0 %, 35271 MiB, 39.69 W
2026/09/19 22:34:43.633, 2, 0 %, 0 %, 35270 MiB, 37.31 W
2026/09/19 22:34:48.633, 0, 0 %, 0 %, 35271 MiB, 39.32 W
2026/09/19 22:34:48.633, 1, 0 %, 0 %, 35271 MiB, 39.28 W
2026/09/19 22:34:48.633, 2, 0 %, 0 %, 35270 MiB, 37.50 W
2026/09/19 22:34:53.635, 0, 0 %, 0 %, 35271 MiB, 39.41 W
2026/09/19 22:34:53.635, 1, 0 %, 0 %, 35271 MiB, 39.27 W
2026/09/19 22:34:53.635, 2, 0 %, 0 %, 35270 MiB, 37.29 W
2026/09/19 22:34:58.636, 0, 0 %, 0 %, 35271 MiB, 39.60 W
2026/09/19 22:34:58.636, 1, 0 %, 0 %, 35271 MiB, 39.17 W
2026/09/19 22:34:58.636, 2, 0 %, 0 %, 35270 MiB, 37.29 W
2026/09/19 22:35:03.637, 0, 0 %, 0 %, 35271 MiB, 39.40 W
2026/09/19 22:35:03.638, 1, 0 %, 0 %, 35271 MiB, 39.37 W
2026/09/19 22:35:03.638, 2, 0 %, 0 %, 35270 MiB, 37.29 W
2026/09/19 22:35:08.638, 0, 0 %, 0 %, 35271 MiB, 39.31 W
2026/09/19 22:35:08.638, 1, 0 %, 0 %, 35271 MiB, 39.17 W
2026/09/19 22:35:08.638, 2, 0 %, 0 %, 35270 MiB, 37.49 W
2026/09/19 22:35:13.640, 0, 0 %, 0 %, 35271 MiB, 39.17 W
2026/09/19 22:35:13.640, 1, 0 %, 0 %, 35271 MiB, 39.05 W
2026/09/19 22:35:13.641, 2, 0 %, 0 %, 35270 MiB, 37.15 W
2026/09/19 22:35:18.642, 0, 0 %, 0 %, 35271 MiB, 39.09 W
2026/09/19 22:35:18.642, 1, 0 %, 0 %, 35271 MiB, 39.06 W
2026/09/19 22:35:18.643, 2, 0 %, 0 %, 35270 MiB, 37.18 W
2026/09/19 22:35:23.643, 0, 0 %, 0 %, 35271 MiB, 38.99 W
2026/09/19 22:35:23.643, 1, 0 %, 0 %, 35271 MiB, 39.05 W
2026/09/19 22:35:23.644, 2, 0 %, 0 %, 35270 MiB, 37.06 W
2026/09/19 22:35:28.645, 0, 0 %, 0 %, 35271 MiB, 39.00 W
2026/09/19 22:35:28.645, 1, 0 %, 0 %, 35271 MiB, 39.06 W
2026/09/19 22:35:28.645, 2, 0 %, 0 %, 35270 MiB, 37.29 W
2026/09/19 22:35:33.647, 0, 0 %, 0 %, 35271 MiB, 38.99 W
2026/09/19 22:35:33.647, 1, 0 %, 0 %, 35271 MiB, 39.05 W
2026/09/19 22:35:33.648, 2, 0 %, 0 %, 35270 MiB, 36.97 W
2026/09/19 22:35:38.648, 0, 0 %, 0 %, 35271 MiB, 38.99 W
2026/09/19 22:35:38.649, 1, 0 %, 0 %, 35271 MiB, 39.15 W
2026/09/19 22:35:38.649, 2, 0 %, 0 %, 35270 MiB, 37.08 W
2026/09/19 22:35:43.655, 0, 0 %, 0 %, 35271 MiB, 38.99 W
2026/09/19 22:35:43.655, 1, 0 %, 0 %, 35271 MiB, 39.15 W
2026/09/19 22:35:43.655, 2, 0 %, 0 %, 35270 MiB, 36.97 W
2026/09/19 22:35:48.656, 0, 0 %, 0 %, 35271 MiB, 38.99 W
2026/09/19 22:35:48.657, 1, 0 %, 0 %, 35271 MiB, 39.15 W
2026/09/19 22:35:48.657, 2, 0 %, 0 %, 35270 MiB, 37.16 W
2026/09/19 22:35:53.658, 0, 0 %, 0 %, 35271 MiB, 39.28 W
2026/09/19 22:35:53.658, 1, 0 %, 0 %, 35271 MiB, 39.14 W
2026/09/19 22:35:53.658, 2, 0 %, 0 %, 35270 MiB, 37.06 W
2026/09/19 22:35:58.659, 0, 0 %, 0 %, 35271 MiB, 39.08 W
2026/09/19 22:35:58.660, 1, 0 %, 0 %, 35271 MiB, 39.05 W
2026/09/19 22:35:58.660, 2, 0 %, 0 %, 35270 MiB, 37.16 W
2026/09/19 22:36:03.661, 0, 0 %, 0 %, 35271 MiB, 39.18 W
2026/09/19 22:36:03.661, 1, 0 %, 0 %, 35271 MiB, 39.05 W
2026/09/19 22:36:03.661, 2, 0 %, 0 %, 35270 MiB, 37.06 W
2026/09/19 22:36:08.662, 0, 0 %, 0 %, 35271 MiB, 39.08 W
2026/09/19 22:36:08.663, 1, 0 %, 0 %, 35271 MiB, 38.95 W
2026/09/19 22:36:08.663, 2, 0 %, 0 %, 35270 MiB, 37.16 W
2026/09/19 22:36:13.663, 0, 0 %, 0 %, 35271 MiB, 39.19 W
2026/09/19 22:36:13.664, 1, 0 %, 0 %, 35271 MiB, 39.15 W
2026/09/19 22:36:13.664, 2, 0 %, 0 %, 35270 MiB, 37.16 W
2026/09/19 22:36:18.664, 0, 0 %, 0 %, 35271 MiB, 39.09 W
2026/09/19 22:36:18.665, 1, 0 %, 0 %, 35271 MiB, 38.97 W
2026/09/19 22:36:18.665, 2, 0 %, 0 %, 35270 MiB, 37.18 W
2026/09/19 22:36:23.665, 0, 0 %, 0 %, 35271 MiB, 38.99 W
2026/09/19 22:36:23.666, 1, 0 %, 0 %, 35271 MiB, 38.97 W
2026/09/19 22:36:23.666, 2, 0 %, 0 %, 35270 MiB, 37.37 W
2026/09/19 22:36:28.666, 0, 0 %, 0 %, 35271 MiB, 38.99 W
2026/09/19 22:36:28.667, 1, 0 %, 0 %, 35271 MiB, 39.05 W
2026/09/19 22:36:28.667, 2, 0 %, 0 %, 35270 MiB, 37.16 W
2026/09/19 22:36:33.673, 0, 0 %, 0 %, 35271 MiB, 39.08 W
2026/09/19 22:36:33.674, 1, 0 %, 0 %, 35271 MiB, 39.15 W
2026/09/19 22:36:33.674, 2, 0 %, 0 %, 35270 MiB, 37.16 W
2026/09/19 22:36:38.675, 0, 0 %, 0 %, 35271 MiB, 38.99 W
2026/09/19 22:36:38.675, 1, 0 %, 0 %, 35271 MiB, 39.05 W
2026/09/19 22:36:38.675, 2, 0 %, 0 %, 35270 MiB, 37.26 W
2026/09/19 22:36:43.677, 0, 0 %, 0 %, 35271 MiB, 39.09 W
2026/09/19 22:36:43.677, 1, 0 %, 0 %, 35271 MiB, 39.05 W
2026/09/19 22:36:43.677, 2, 0 %, 0 %, 35270 MiB, 37.26 W
2026/09/19 22:36:48.679, 0, 0 %, 0 %, 35271 MiB, 39.08 W
2026/09/19 22:36:48.679, 1, 0 %, 0 %, 35271 MiB, 39.05 W
2026/09/19 22:36:48.680, 2, 0 %, 0 %, 35270 MiB, 37.16 W
2026/09/19 22:36:53.680, 0, 0 %, 0 %, 35271 MiB, 39.11 W
2026/09/19 22:36:53.681, 1, 0 %, 0 %, 35271 MiB, 39.17 W
2026/09/19 22:36:53.681, 2, 0 %, 0 %, 35270 MiB, 37.08 W
2026/09/19 22:36:58.682, 0, 0 %, 0 %, 35271 MiB, 39.10 W
2026/09/19 22:36:58.682, 1, 0 %, 0 %, 35271 MiB, 39.07 W
2026/09/19 22:36:58.683, 2, 0 %, 0 %, 35270 MiB, 37.08 W
2026/09/19 22:37:03.683, 0, 0 %, 0 %, 35271 MiB, 39.09 W
2026/09/19 22:37:03.684, 1, 0 %, 0 %, 35271 MiB, 38.95 W
2026/09/19 22:37:03.684, 2, 0 %, 0 %, 35270 MiB, 37.26 W
2026/09/19 22:37:08.684, 0, 0 %, 0 %, 35271 MiB, 39.38 W
2026/09/19 22:37:08.685, 1, 0 %, 0 %, 35271 MiB, 39.15 W
2026/09/19 22:37:08.685, 2, 0 %, 0 %, 35270 MiB, 37.08 W
2026/09/19 22:37:13.685, 0, 0 %, 0 %, 35271 MiB, 39.21 W
2026/09/19 22:37:13.685, 1, 0 %, 0 %, 35271 MiB, 38.97 W
2026/09/19 22:37:13.685, 2, 0 %, 0 %, 35270 MiB, 37.18 W
2026/09/19 22:37:18.686, 0, 0 %, 0 %, 35271 MiB, 39.22 W
2026/09/19 22:37:18.686, 1, 0 %, 0 %, 35271 MiB, 38.98 W
2026/09/19 22:37:18.686, 2, 0 %, 0 %, 35270 MiB, 37.09 W
2026/09/19 22:37:23.686, 0, 0 %, 0 %, 35271 MiB, 39.22 W
2026/09/19 22:37:23.687, 1, 0 %, 0 %, 35271 MiB, 38.97 W
2026/09/19 22:37:23.687, 2, 0 %, 0 %, 35270 MiB, 37.39 W
2026/09/19 22:37:28.687, 0, 0 %, 0 %, 35271 MiB, 60.65 W
2026/09/19 22:37:28.687, 1, 0 %, 0 %, 35271 MiB, 60.18 W
2026/09/19 22:37:28.687, 2, 0 %, 0 %, 35270 MiB, 58.29 W
2026/09/19 22:37:33.688, 0, 0 %, 0 %, 35271 MiB, 39.22 W
2026/09/19 22:37:33.688, 1, 0 %, 0 %, 35271 MiB, 39.27 W
2026/09/19 22:37:33.688, 2, 0 %, 0 %, 35270 MiB, 37.28 W
2026/09/19 22:37:38.688, 0, 0 %, 0 %, 35271 MiB, 39.13 W
2026/09/19 22:37:38.689, 1, 0 %, 0 %, 35271 MiB, 39.17 W
2026/09/19 22:37:38.689, 2, 0 %, 0 %, 35270 MiB, 37.39 W
2026/09/19 22:37:43.689, 0, 0 %, 0 %, 35271 MiB, 39.12 W
2026/09/19 22:37:43.689, 1, 0 %, 0 %, 35271 MiB, 39.28 W
2026/09/19 22:37:43.689, 2, 0 %, 0 %, 35270 MiB, 37.51 W
2026/09/19 22:37:48.690, 0, 0 %, 0 %, 35271 MiB, 39.22 W
2026/09/19 22:37:48.690, 1, 0 %, 0 %, 35271 MiB, 39.29 W
2026/09/19 22:37:48.690, 2, 0 %, 0 %, 35270 MiB, 37.18 W
2026/09/19 22:37:53.691, 0, 0 %, 0 %, 35271 MiB, 39.22 W
2026/09/19 22:37:53.691, 1, 0 %, 0 %, 35271 MiB, 39.29 W
2026/09/19 22:37:53.691, 2, 0 %, 0 %, 35270 MiB, 37.19 W
2026/09/19 22:37:58.691, 0, 0 %, 0 %, 35271 MiB, 39.22 W
2026/09/19 22:37:58.691, 1, 0 %, 0 %, 35271 MiB, 39.28 W
2026/09/19 22:37:58.691, 2, 0 %, 0 %, 35270 MiB, 37.29 W
2026/09/19 22:38:03.692, 0, 0 %, 0 %, 35271 MiB, 39.51 W
2026/09/19 22:38:03.692, 1, 0 %, 0 %, 35271 MiB, 39.47 W
2026/09/19 22:38:03.692, 2, 0 %, 0 %, 35270 MiB, 37.30 W
2026/09/19 22:38:08.693, 0, 0 %, 0 %, 35271 MiB, 39.33 W
2026/09/19 22:38:08.693, 1, 0 %, 0 %, 35271 MiB, 39.38 W
2026/09/19 22:38:08.693, 2, 0 %, 0 %, 35270 MiB, 37.29 W
2026/09/19 22:38:13.693, 0, 0 %, 0 %, 35271 MiB, 39.31 W
2026/09/19 22:38:13.693, 1, 0 %, 0 %, 35271 MiB, 39.09 W
2026/09/19 22:38:13.693, 2, 0 %, 0 %, 35270 MiB, 37.20 W
2026/09/19 22:38:18.694, 0, 0 %, 0 %, 35271 MiB, 39.32 W
2026/09/19 22:38:18.694, 1, 0 %, 0 %, 35271 MiB, 39.09 W
2026/09/19 22:38:18.694, 2, 0 %, 0 %, 35270 MiB, 37.59 W
2026/09/19 22:38:23.695, 0, 0 %, 0 %, 35271 MiB, 39.41 W
2026/09/19 22:38:23.695, 1, 0 %, 0 %, 35271 MiB, 39.28 W
2026/09/19 22:38:23.695, 2, 0 %, 0 %, 35270 MiB, 37.28 W
2026/09/19 22:38:28.695, 0, 0 %, 0 %, 35271 MiB, 39.53 W
2026/09/19 22:38:28.696, 1, 0 %, 0 %, 35271 MiB, 39.19 W
2026/09/19 22:38:28.696, 2, 0 %, 0 %, 35270 MiB, 37.31 W
2026/09/19 22:38:33.696, 0, 0 %, 0 %, 35271 MiB, 39.42 W
2026/09/19 22:38:33.696, 1, 0 %, 0 %, 35271 MiB, 39.19 W
2026/09/19 22:38:33.696, 2, 0 %, 0 %, 35270 MiB, 37.39 W
2026/09/19 22:38:38.697, 0, 0 %, 0 %, 35271 MiB, 39.41 W
2026/09/19 22:38:38.697, 1, 0 %, 0 %, 35271 MiB, 39.38 W
2026/09/19 22:38:38.697, 2, 0 %, 0 %, 35270 MiB, 37.49 W
2026/09/19 22:38:43.697, 0, 0 %, 0 %, 35271 MiB, 39.22 W
2026/09/19 22:38:43.697, 1, 0 %, 0 %, 35271 MiB, 39.28 W
2026/09/19 22:38:43.697, 2, 0 %, 0 %, 35270 MiB, 37.50 W
2026/09/19 22:38:48.698, 0, 0 %, 0 %, 35271 MiB, 39.32 W
2026/09/19 22:38:48.698, 1, 0 %, 0 %, 35271 MiB, 39.18 W
2026/09/19 22:38:48.698, 2, 0 %, 0 %, 35270 MiB, 37.41 W
2026/09/19 22:38:53.699, 0, 0 %, 0 %, 35271 MiB, 39.31 W
2026/09/19 22:38:53.699, 1, 0 %, 0 %, 35271 MiB, 39.18 W
2026/09/19 22:38:53.699, 2, 0 %, 0 %, 35270 MiB, 37.18 W
2026/09/19 22:38:58.699, 0, 0 %, 0 %, 35271 MiB, 39.32 W
2026/09/19 22:38:58.700, 1, 0 %, 0 %, 35271 MiB, 39.38 W
2026/09/19 22:38:58.700, 2, 0 %, 0 %, 35270 MiB, 37.50 W
2026/09/19 22:39:03.700, 0, 0 %, 0 %, 35271 MiB, 39.31 W
2026/09/19 22:39:03.700, 1, 0 %, 0 %, 35271 MiB, 39.28 W
2026/09/19 22:39:03.700, 2, 0 %, 0 %, 35270 MiB, 37.31 W
2026/09/19 22:39:08.701, 0, 0 %, 0 %, 35271 MiB, 39.41 W
2026/09/19 22:39:08.701, 1, 0 %, 0 %, 35271 MiB, 39.37 W
2026/09/19 22:39:08.701, 2, 0 %, 0 %, 35270 MiB, 37.28 W
2026/09/19 22:39:13.701, 0, 0 %, 0 %, 35271 MiB, 39.22 W
2026/09/19 22:39:13.701, 1, 0 %, 0 %, 35271 MiB, 39.58 W
2026/09/19 22:39:13.702, 2, 0 %, 0 %, 35270 MiB, 37.30 W
2026/09/19 22:39:18.702, 0, 0 %, 0 %, 35271 MiB, 39.41 W
2026/09/19 22:39:18.702, 1, 0 %, 0 %, 35271 MiB, 39.19 W
2026/09/19 22:39:18.702, 2, 0 %, 0 %, 35270 MiB, 37.39 W
2026/09/19 22:39:23.703, 0, 0 %, 0 %, 35271 MiB, 39.41 W
2026/09/19 22:39:23.703, 1, 0 %, 0 %, 35271 MiB, 39.17 W
2026/09/19 22:39:23.703, 2, 0 %, 0 %, 35270 MiB, 37.39 W
2026/09/19 22:39:28.704, 0, 0 %, 0 %, 35271 MiB, 39.41 W
2026/09/19 22:39:28.704, 1, 0 %, 0 %, 35271 MiB, 39.17 W
2026/09/19 22:39:28.704, 2, 0 %, 0 %, 35270 MiB, 37.39 W
2026/09/19 22:39:33.704, 0, 0 %, 0 %, 35271 MiB, 39.51 W
2026/09/19 22:39:33.705, 1, 0 %, 0 %, 35271 MiB, 39.39 W
2026/09/19 22:39:33.705, 2, 0 %, 0 %, 35270 MiB, 37.41 W
2026/09/19 22:39:38.705, 0, 0 %, 0 %, 35271 MiB, 39.51 W
2026/09/19 22:39:38.705, 1, 0 %, 0 %, 35271 MiB, 39.18 W
2026/09/19 22:39:38.705, 2, 0 %, 0 %, 35270 MiB, 37.42 W
2026/09/19 22:39:43.706, 0, 0 %, 0 %, 35271 MiB, 39.31 W
2026/09/19 22:39:43.706, 1, 0 %, 0 %, 35271 MiB, 39.28 W
2026/09/19 22:39:43.706, 2, 0 %, 0 %, 35270 MiB, 37.41 W
2026/09/19 22:39:48.706, 0, 0 %, 0 %, 35271 MiB, 39.32 W
2026/09/19 22:39:48.706, 1, 0 %, 0 %, 35271 MiB, 39.29 W
2026/09/19 22:39:48.706, 2, 0 %, 0 %, 35270 MiB, 37.39 W
2026/09/19 22:39:53.707, 0, 0 %, 0 %, 35271 MiB, 39.41 W
2026/09/19 22:39:53.707, 1, 0 %, 0 %, 35271 MiB, 39.27 W
2026/09/19 22:39:53.707, 2, 0 %, 0 %, 35270 MiB, 37.82 W
2026/09/19 22:39:58.707, 0, 0 %, 0 %, 35271 MiB, 39.31 W
2026/09/19 22:39:58.707, 1, 0 %, 0 %, 35271 MiB, 39.29 W
2026/09/19 22:39:58.707, 2, 0 %, 0 %, 35270 MiB, 37.61 W
2026/09/19 22:40:03.708, 0, 0 %, 0 %, 35271 MiB, 39.41 W
2026/09/19 22:40:03.708, 1, 0 %, 0 %, 35271 MiB, 39.29 W
2026/09/19 22:40:03.708, 2, 0 %, 0 %, 35270 MiB, 37.30 W
2026/09/19 22:40:08.708, 0, 100 %, 14 %, 35271 MiB, 102.06 W
2026/09/19 22:40:08.709, 1, 99 %, 15 %, 35271 MiB, 149.26 W
2026/09/19 22:40:08.709, 2, 100 %, 10 %, 35270 MiB, 81.97 W
2026/09/19 22:40:13.709, 0, 100 %, 15 %, 35271 MiB, 150.62 W
2026/09/19 22:40:13.709, 1, 100 %, 28 %, 35271 MiB, 132.35 W
2026/09/19 22:40:13.710, 2, 100 %, 14 %, 35270 MiB, 94.12 W
2026/09/19 22:40:18.710, 0, 0 %, 0 %, 35271 MiB, 62.34 W
2026/09/19 22:40:18.710, 1, 0 %, 0 %, 35271 MiB, 61.87 W
2026/09/19 22:40:18.710, 2, 0 %, 0 %, 35270 MiB, 59.29 W
2026/09/19 22:40:23.711, 0, 0 %, 0 %, 35271 MiB, 39.90 W
2026/09/19 22:40:23.711, 1, 0 %, 0 %, 35271 MiB, 39.66 W
2026/09/19 22:40:23.711, 2, 0 %, 0 %, 35270 MiB, 37.99 W
2026/09/19 22:40:28.711, 0, 0 %, 0 %, 35271 MiB, 40.01 W
2026/09/19 22:40:28.711, 1, 0 %, 0 %, 35271 MiB, 39.77 W
2026/09/19 22:40:28.711, 2, 0 %, 0 %, 35270 MiB, 37.70 W
2026/09/19 22:40:33.712, 0, 0 %, 0 %, 35271 MiB, 39.71 W
2026/09/19 22:40:33.712, 1, 0 %, 0 %, 35271 MiB, 39.58 W
2026/09/19 22:40:33.712, 2, 0 %, 0 %, 35270 MiB, 37.80 W
2026/09/19 22:40:38.713, 0, 0 %, 0 %, 35271 MiB, 39.71 W
2026/09/19 22:40:38.713, 1, 0 %, 0 %, 35271 MiB, 39.49 W
2026/09/19 22:40:38.713, 2, 0 %, 0 %, 35270 MiB, 37.61 W
2026/09/19 22:40:43.713, 0, 0 %, 0 %, 35271 MiB, 39.71 W
2026/09/19 22:40:43.713, 1, 0 %, 0 %, 35271 MiB, 39.46 W
2026/09/19 22:40:43.713, 2, 0 %, 0 %, 35270 MiB, 37.72 W
2026/09/19 22:40:48.714, 0, 0 %, 0 %, 35271 MiB, 39.80 W
2026/09/19 22:40:48.714, 1, 0 %, 0 %, 35271 MiB, 39.68 W
2026/09/19 22:40:48.714, 2, 0 %, 0 %, 35270 MiB, 37.71 W
2026/09/19 22:40:53.714, 0, 0 %, 0 %, 35271 MiB, 39.51 W
2026/09/19 22:40:53.714, 1, 0 %, 0 %, 35271 MiB, 39.48 W
2026/09/19 22:40:53.714, 2, 0 %, 0 %, 35270 MiB, 37.70 W
2026/09/19 22:40:58.715, 0, 0 %, 0 %, 35271 MiB, 39.52 W
2026/09/19 22:40:58.715, 1, 0 %, 0 %, 35271 MiB, 39.56 W
2026/09/19 22:40:58.715, 2, 0 %, 0 %, 35270 MiB, 37.70 W
2026/09/19 22:41:03.716, 0, 0 %, 0 %, 35271 MiB, 39.60 W
2026/09/19 22:41:03.716, 1, 0 %, 0 %, 35271 MiB, 39.74 W
2026/09/19 22:41:03.716, 2, 0 %, 0 %, 35270 MiB, 37.67 W
2026/09/19 22:41:08.717, 0, 0 %, 0 %, 35271 MiB, 39.59 W
2026/09/19 22:41:08.717, 1, 0 %, 0 %, 35271 MiB, 39.56 W
2026/09/19 22:41:08.717, 2, 0 %, 0 %, 35270 MiB, 37.79 W
2026/09/19 22:41:13.717, 0, 0 %, 0 %, 35271 MiB, 39.40 W
2026/09/19 22:41:13.717, 1, 0 %, 0 %, 35271 MiB, 39.46 W
2026/09/19 22:41:13.717, 2, 0 %, 0 %, 35270 MiB, 37.39 W
2026/09/19 22:41:18.718, 0, 0 %, 0 %, 35271 MiB, 39.31 W
2026/09/19 22:41:18.718, 1, 0 %, 0 %, 35271 MiB, 39.37 W
2026/09/19 22:41:18.718, 2, 0 %, 0 %, 35270 MiB, 37.39 W
2026/09/19 22:41:23.719, 0, 0 %, 0 %, 35271 MiB, 39.31 W
2026/09/19 22:41:23.719, 1, 0 %, 0 %, 35271 MiB, 39.46 W
2026/09/19 22:41:23.719, 2, 0 %, 0 %, 35270 MiB, 37.39 W
2026/09/19 22:41:28.719, 0, 0 %, 0 %, 35271 MiB, 39.22 W
2026/09/19 22:41:28.719, 1, 0 %, 0 %, 35271 MiB, 39.37 W
2026/09/19 22:41:28.719, 2, 0 %, 0 %, 35270 MiB, 37.39 W
2026/09/19 22:41:33.720, 0, 0 %, 0 %, 35271 MiB, 39.31 W
2026/09/19 22:41:33.720, 1, 0 %, 0 %, 35271 MiB, 38.97 W
2026/09/19 22:41:33.720, 2, 0 %, 0 %, 35270 MiB, 37.18 W
2026/09/19 22:41:38.721, 0, 0 %, 0 %, 35271 MiB, 39.22 W
2026/09/19 22:41:38.721, 1, 0 %, 0 %, 35271 MiB, 39.37 W
2026/09/19 22:41:38.722, 2, 0 %, 0 %, 35270 MiB, 37.39 W
2026/09/19 22:41:43.723, 0, 0 %, 0 %, 35271 MiB, 39.51 W
2026/09/19 22:41:43.723, 1, 0 %, 0 %, 35271 MiB, 38.97 W
2026/09/19 22:41:43.723, 2, 0 %, 0 %, 35270 MiB, 37.28 W
2026/09/19 22:41:48.723, 0, 0 %, 0 %, 35271 MiB, 39.31 W
2026/09/19 22:41:48.724, 1, 0 %, 0 %, 35271 MiB, 39.08 W
2026/09/19 22:41:48.724, 2, 0 %, 0 %, 35270 MiB, 37.38 W
2026/09/19 22:41:53.725, 0, 0 %, 0 %, 35271 MiB, 39.28 W
2026/09/19 22:41:53.726, 1, 0 %, 0 %, 35271 MiB, 39.05 W
2026/09/19 22:41:53.726, 2, 0 %, 0 %, 35270 MiB, 37.26 W
2026/09/19 22:41:58.726, 0, 0 %, 0 %, 35271 MiB, 39.18 W
2026/09/19 22:41:58.727, 1, 0 %, 0 %, 35271 MiB, 39.05 W
2026/09/19 22:41:58.727, 2, 0 %, 0 %, 35270 MiB, 37.37 W
2026/09/19 22:42:03.727, 0, 0 %, 0 %, 35271 MiB, 39.29 W
2026/09/19 22:42:03.728, 1, 0 %, 0 %, 35271 MiB, 39.16 W
2026/09/19 22:42:03.728, 2, 0 %, 0 %, 35270 MiB, 37.39 W
2026/09/19 22:42:08.729, 0, 0 %, 0 %, 35271 MiB, 39.09 W
2026/09/19 22:42:08.729, 1, 0 %, 0 %, 35271 MiB, 39.06 W
2026/09/19 22:42:08.729, 2, 0 %, 0 %, 35270 MiB, 37.37 W
2026/09/19 22:42:13.730, 0, 0 %, 0 %, 35271 MiB, 39.11 W
2026/09/19 22:42:13.730, 1, 0 %, 0 %, 35271 MiB, 39.37 W
2026/09/19 22:42:13.730, 2, 0 %, 0 %, 35270 MiB, 37.39 W
2026/09/19 22:42:18.730, 0, 0 %, 0 %, 35271 MiB, 39.21 W
2026/09/19 22:42:18.731, 1, 0 %, 0 %, 35271 MiB, 39.06 W
2026/09/19 22:42:18.731, 2, 0 %, 0 %, 35270 MiB, 37.18 W
2026/09/19 22:42:23.732, 0, 0 %, 0 %, 35271 MiB, 39.31 W
2026/09/19 22:42:23.732, 1, 0 %, 0 %, 35271 MiB, 39.06 W
2026/09/19 22:42:23.732, 2, 0 %, 0 %, 35270 MiB, 37.18 W
2026/09/19 22:42:28.733, 0, 0 %, 0 %, 35271 MiB, 39.12 W
2026/09/19 22:42:28.733, 1, 0 %, 0 %, 35271 MiB, 39.17 W
2026/09/19 22:42:28.733, 2, 0 %, 0 %, 35270 MiB, 37.18 W
2026/09/19 22:42:33.734, 0, 0 %, 0 %, 35271 MiB, 39.22 W
2026/09/19 22:42:33.734, 1, 0 %, 0 %, 35271 MiB, 39.27 W
2026/09/19 22:42:33.734, 2, 0 %, 0 %, 35270 MiB, 37.28 W
2026/09/19 22:42:38.735, 0, 0 %, 0 %, 35271 MiB, 39.22 W
2026/09/19 22:42:38.735, 1, 0 %, 0 %, 35271 MiB, 38.97 W
2026/09/19 22:42:38.735, 2, 0 %, 0 %, 35270 MiB, 37.18 W
2026/09/19 22:42:43.735, 0, 0 %, 0 %, 35271 MiB, 39.31 W
2026/09/19 22:42:43.736, 1, 0 %, 0 %, 35271 MiB, 38.97 W
2026/09/19 22:42:43.736, 2, 0 %, 0 %, 35270 MiB, 37.49 W
2026/09/19 22:42:48.736, 0, 0 %, 0 %, 35271 MiB, 39.18 W
2026/09/19 22:42:48.737, 1, 0 %, 0 %, 35271 MiB, 39.24 W
2026/09/19 22:42:48.737, 2, 0 %, 0 %, 35270 MiB, 37.26 W
2026/09/19 22:42:53.738, 0, 0 %, 0 %, 35271 MiB, 39.31 W
2026/09/19 22:42:53.738, 1, 0 %, 0 %, 35271 MiB, 39.07 W
2026/09/19 22:42:53.738, 2, 0 %, 0 %, 35270 MiB, 37.28 W
2026/09/19 22:42:58.738, 0, 0 %, 0 %, 35271 MiB, 39.39 W
2026/09/19 22:42:58.739, 1, 0 %, 0 %, 35271 MiB, 39.07 W
2026/09/19 22:42:58.739, 2, 0 %, 0 %, 35270 MiB, 37.18 W
2026/09/19 22:43:03.739, 0, 0 %, 0 %, 35271 MiB, 39.22 W
2026/09/19 22:43:03.739, 1, 0 %, 0 %, 35271 MiB, 39.08 W
2026/09/19 22:43:03.739, 2, 0 %, 0 %, 35270 MiB, 37.40 W
2026/09/19 22:43:08.740, 0, 0 %, 0 %, 35271 MiB, 39.08 W
2026/09/19 22:43:08.741, 1, 0 %, 0 %, 35271 MiB, 39.05 W
2026/09/19 22:43:08.741, 2, 0 %, 0 %, 35270 MiB, 37.37 W
2026/09/19 22:43:13.742, 0, 0 %, 0 %, 35271 MiB, 39.12 W
2026/09/19 22:43:13.742, 1, 0 %, 0 %, 35271 MiB, 39.07 W
2026/09/19 22:43:13.743, 2, 0 %, 0 %, 35270 MiB, 37.39 W
2026/09/19 22:43:18.744, 0, 0 %, 0 %, 35271 MiB, 39.26 W
2026/09/19 22:43:18.744, 1, 0 %, 0 %, 35271 MiB, 39.14 W
2026/09/19 22:43:18.745, 2, 0 %, 0 %, 35270 MiB, 37.25 W
2026/09/19 22:43:23.746, 0, 0 %, 0 %, 35271 MiB, 39.19 W
2026/09/19 22:43:23.746, 1, 0 %, 0 %, 35271 MiB, 39.25 W
2026/09/19 22:43:23.746, 2, 0 %, 0 %, 35270 MiB, 37.28 W
2026/09/19 22:43:28.747, 0, 0 %, 0 %, 35271 MiB, 39.13 W
2026/09/19 22:43:28.747, 1, 0 %, 0 %, 35271 MiB, 39.09 W
2026/09/19 22:43:28.747, 2, 0 %, 0 %, 35270 MiB, 37.20 W
2026/09/19 22:43:33.748, 0, 0 %, 0 %, 35271 MiB, 39.12 W
2026/09/19 22:43:33.748, 1, 0 %, 0 %, 35271 MiB, 39.09 W
2026/09/19 22:43:33.748, 2, 0 %, 0 %, 35270 MiB, 37.20 W
2026/09/19 22:43:38.748, 0, 0 %, 0 %, 35271 MiB, 39.22 W
2026/09/19 22:43:38.749, 1, 0 %, 0 %, 35271 MiB, 39.18 W
2026/09/19 22:43:38.749, 2, 0 %, 0 %, 35270 MiB, 37.19 W
2026/09/19 22:43:43.749, 0, 0 %, 0 %, 35271 MiB, 39.12 W
2026/09/19 22:43:43.749, 1, 0 %, 0 %, 35271 MiB, 39.19 W
2026/09/19 22:43:43.749, 2, 0 %, 0 %, 35270 MiB, 37.29 W
2026/09/19 22:43:48.750, 0, 0 %, 0 %, 35271 MiB, 39.13 W
2026/09/19 22:43:48.750, 1, 0 %, 0 %, 35271 MiB, 38.98 W
2026/09/19 22:43:48.750, 2, 0 %, 0 %, 35270 MiB, 37.19 W
2026/09/19 22:43:53.750, 0, 0 %, 0 %, 35271 MiB, 39.47 W
2026/09/19 22:43:53.751, 1, 0 %, 0 %, 35271 MiB, 39.05 W
2026/09/19 22:43:53.751, 2, 0 %, 0 %, 35270 MiB, 37.27 W
2026/09/19 22:43:58.751, 0, 0 %, 0 %, 35271 MiB, 39.26 W
2026/09/19 22:43:58.752, 1, 0 %, 0 %, 35271 MiB, 39.03 W
2026/09/19 22:43:58.752, 2, 0 %, 0 %, 35270 MiB, 37.26 W
2026/09/19 22:44:03.752, 0, 0 %, 0 %, 35271 MiB, 39.09 W
2026/09/19 22:44:03.753, 1, 0 %, 0 %, 35271 MiB, 38.87 W
2026/09/19 22:44:03.753, 2, 0 %, 0 %, 35270 MiB, 37.16 W
2026/09/19 22:44:08.753, 0, 0 %, 0 %, 35271 MiB, 39.08 W
2026/09/19 22:44:08.754, 1, 0 %, 0 %, 35271 MiB, 38.84 W
2026/09/19 22:44:08.754, 2, 0 %, 0 %, 35270 MiB, 37.15 W
2026/09/19 22:44:13.754, 0, 0 %, 0 %, 35271 MiB, 38.87 W
2026/09/19 22:44:13.755, 1, 0 %, 0 %, 35271 MiB, 38.73 W
2026/09/19 22:44:13.755, 2, 0 %, 0 %, 35270 MiB, 37.06 W
2026/09/19 22:44:18.756, 0, 0 %, 0 %, 35271 MiB, 38.78 W
2026/09/19 22:44:18.756, 1, 0 %, 0 %, 35271 MiB, 38.85 W
2026/09/19 22:44:18.756, 2, 0 %, 0 %, 35270 MiB, 37.06 W
2026/09/19 22:44:23.758, 0, 0 %, 0 %, 35271 MiB, 38.87 W
2026/09/19 22:44:23.758, 1, 0 %, 0 %, 35271 MiB, 38.75 W
2026/09/19 22:44:23.758, 2, 0 %, 0 %, 35270 MiB, 37.15 W
2026/09/19 22:44:28.760, 0, 0 %, 0 %, 35271 MiB, 38.76 W
2026/09/19 22:44:28.761, 1, 0 %, 0 %, 35271 MiB, 38.75 W
2026/09/19 22:44:28.761, 2, 0 %, 0 %, 35270 MiB, 36.86 W
2026/09/19 22:44:33.762, 0, 0 %, 0 %, 35271 MiB, 38.87 W
2026/09/19 22:44:33.762, 1, 0 %, 0 %, 35271 MiB, 38.85 W
2026/09/19 22:44:33.762, 2, 0 %, 0 %, 35270 MiB, 36.86 W
2026/09/19 22:44:38.763, 0, 0 %, 0 %, 35271 MiB, 38.75 W
2026/09/19 22:44:38.763, 1, 0 %, 0 %, 35271 MiB, 38.74 W
2026/09/19 22:44:38.763, 2, 0 %, 0 %, 35270 MiB, 37.14 W
2026/09/19 22:44:43.765, 0, 0 %, 0 %, 35271 MiB, 38.76 W
2026/09/19 22:44:43.765, 1, 0 %, 0 %, 35271 MiB, 38.85 W
2026/09/19 22:44:43.765, 2, 0 %, 0 %, 35270 MiB, 36.96 W
2026/09/19 22:44:48.767, 0, 0 %, 0 %, 35271 MiB, 38.97 W
2026/09/19 22:44:48.767, 1, 0 %, 0 %, 35271 MiB, 38.73 W
2026/09/19 22:44:48.768, 2, 0 %, 0 %, 35270 MiB, 36.86 W
2026/09/19 22:44:53.769, 0, 0 %, 0 %, 35271 MiB, 38.77 W
2026/09/19 22:44:53.769, 1, 0 %, 0 %, 35271 MiB, 38.73 W
2026/09/19 22:44:53.769, 2, 0 %, 0 %, 35270 MiB, 36.96 W
2026/09/19 22:44:58.770, 0, 0 %, 0 %, 35271 MiB, 38.67 W
2026/09/19 22:44:58.771, 1, 0 %, 0 %, 35271 MiB, 38.55 W
2026/09/19 22:44:58.771, 2, 0 %, 0 %, 35270 MiB, 37.06 W
2026/09/19 22:45:03.772, 0, 0 %, 0 %, 35271 MiB, 38.78 W
2026/09/19 22:45:03.772, 1, 0 %, 0 %, 35271 MiB, 38.46 W
2026/09/19 22:45:03.773, 2, 0 %, 0 %, 35270 MiB, 36.96 W
2026/09/19 22:45:08.774, 0, 0 %, 0 %, 35271 MiB, 38.87 W
2026/09/19 22:45:08.774, 1, 0 %, 0 %, 35271 MiB, 38.55 W
2026/09/19 22:45:08.774, 2, 0 %, 0 %, 35270 MiB, 36.96 W
2026/09/19 22:45:13.776, 0, 0 %, 0 %, 35271 MiB, 38.87 W
2026/09/19 22:45:13.776, 1, 0 %, 0 %, 35271 MiB, 38.63 W
2026/09/19 22:45:13.776, 2, 0 %, 0 %, 35270 MiB, 36.96 W
2026/09/19 22:45:18.778, 0, 0 %, 0 %, 35271 MiB, 38.87 W
2026/09/19 22:45:18.778, 1, 0 %, 0 %, 35271 MiB, 38.44 W
2026/09/19 22:45:18.779, 2, 0 %, 0 %, 35270 MiB, 37.15 W
2026/09/19 22:45:23.780, 0, 0 %, 0 %, 35271 MiB, 38.59 W
2026/09/19 22:45:23.780, 1, 0 %, 0 %, 35271 MiB, 38.56 W
2026/09/19 22:45:23.780, 2, 0 %, 0 %, 35270 MiB, 37.06 W
2026/09/19 22:45:28.782, 0, 0 %, 0 %, 35271 MiB, 38.68 W
2026/09/19 22:45:28.782, 1, 0 %, 0 %, 35271 MiB, 38.75 W
2026/09/19 22:45:28.782, 2, 0 %, 0 %, 35270 MiB, 37.06 W
2026/09/19 22:45:33.783, 0, 0 %, 0 %, 35271 MiB, 38.58 W
2026/09/19 22:45:33.784, 1, 0 %, 0 %, 35271 MiB, 38.56 W
2026/09/19 22:45:33.784, 2, 0 %, 0 %, 35270 MiB, 37.06 W
2026/09/19 22:45:38.785, 0, 0 %, 0 %, 35271 MiB, 38.69 W
2026/09/19 22:45:38.785, 1, 0 %, 0 %, 35271 MiB, 38.56 W
2026/09/19 22:45:38.785, 2, 5 %, 0 %, 35270 MiB, 36.96 W
2026/09/19 22:45:43.787, 0, 0 %, 0 %, 35271 MiB, 38.90 W
2026/09/19 22:45:43.787, 1, 0 %, 0 %, 35271 MiB, 38.58 W
2026/09/19 22:45:43.788, 2, 0 %, 0 %, 35270 MiB, 36.88 W
2026/09/19 22:45:48.789, 0, 0 %, 0 %, 35271 MiB, 38.69 W
2026/09/19 22:45:48.789, 1, 0 %, 0 %, 35271 MiB, 38.67 W
2026/09/19 22:45:48.789, 2, 0 %, 0 %, 35270 MiB, 36.88 W
2026/09/19 22:45:53.789, 0, 0 %, 0 %, 35271 MiB, 38.69 W
2026/09/19 22:45:53.790, 1, 0 %, 0 %, 35271 MiB, 38.67 W
2026/09/19 22:45:53.790, 2, 0 %, 0 %, 35270 MiB, 37.08 W
2026/09/19 22:45:58.791, 0, 0 %, 0 %, 35271 MiB, 38.81 W
2026/09/19 22:45:58.791, 1, 0 %, 0 %, 35271 MiB, 38.39 W
2026/09/19 22:45:58.791, 2, 0 %, 0 %, 35270 MiB, 36.99 W
2026/09/19 22:46:03.791, 0, 0 %, 0 %, 35271 MiB, 39.12 W
2026/09/19 22:46:03.791, 1, 0 %, 0 %, 35271 MiB, 38.68 W
2026/09/19 22:46:03.791, 2, 0 %, 0 %, 35270 MiB, 36.99 W
2026/09/19 22:46:08.792, 0, 0 %, 0 %, 35271 MiB, 38.82 W
2026/09/19 22:46:08.792, 1, 0 %, 0 %, 35271 MiB, 38.58 W
2026/09/19 22:46:08.792, 2, 0 %, 0 %, 35270 MiB, 36.99 W
2026/09/19 22:46:13.792, 0, 0 %, 0 %, 35271 MiB, 38.91 W
2026/09/19 22:46:13.793, 1, 0 %, 0 %, 35271 MiB, 38.58 W
2026/09/19 22:46:13.793, 2, 0 %, 0 %, 35270 MiB, 37.18 W
2026/09/19 22:46:18.796, 0, 0 %, 0 %, 35271 MiB, 39.01 W
2026/09/19 22:46:18.796, 1, 0 %, 0 %, 35271 MiB, 38.58 W
2026/09/19 22:46:18.797, 2, 0 %, 0 %, 35270 MiB, 37.18 W
2026/09/19 22:46:23.798, 0, 0 %, 0 %, 35271 MiB, 39.02 W
2026/09/19 22:46:23.798, 1, 0 %, 0 %, 35271 MiB, 38.78 W
2026/09/19 22:46:23.798, 2, 0 %, 0 %, 35270 MiB, 37.09 W
2026/09/19 22:46:28.798, 0, 0 %, 0 %, 35271 MiB, 38.71 W
2026/09/19 22:46:28.798, 1, 0 %, 0 %, 35271 MiB, 38.58 W
2026/09/19 22:46:28.798, 2, 0 %, 0 %, 35270 MiB, 37.10 W
2026/09/19 22:46:33.799, 0, 0 %, 0 %, 35271 MiB, 38.71 W
2026/09/19 22:46:33.799, 1, 0 %, 0 %, 35271 MiB, 38.70 W
2026/09/19 22:46:33.799, 2, 0 %, 0 %, 35270 MiB, 37.29 W
2026/09/19 22:46:38.800, 0, 0 %, 0 %, 35271 MiB, 38.83 W
2026/09/19 22:46:38.800, 1, 0 %, 0 %, 35271 MiB, 38.70 W
2026/09/19 22:46:38.800, 2, 0 %, 0 %, 35270 MiB, 37.20 W
2026/09/19 22:46:43.800, 0, 0 %, 0 %, 35271 MiB, 38.92 W
2026/09/19 22:46:43.800, 1, 0 %, 0 %, 35271 MiB, 38.78 W
2026/09/19 22:46:43.800, 2, 0 %, 0 %, 35270 MiB, 37.09 W
2026/09/19 22:46:48.801, 0, 0 %, 0 %, 35271 MiB, 38.81 W
2026/09/19 22:46:48.801, 1, 0 %, 0 %, 35271 MiB, 38.68 W
2026/09/19 22:46:48.801, 2, 0 %, 0 %, 35270 MiB, 37.09 W
2026/09/19 22:46:53.802, 0, 83 %, 16 %, 35271 MiB, 90.18 W
2026/09/19 22:46:53.802, 1, 62 %, 13 %, 35271 MiB, 75.18 W
2026/09/19 22:46:53.802, 2, 75 %, 16 %, 35270 MiB, 93.23 W
2026/09/19 22:46:58.803, 0, 100 %, 7 %, 35271 MiB, 149.14 W
2026/09/19 22:46:58.803, 1, 100 %, 7 %, 35271 MiB, 91.62 W
2026/09/19 22:46:58.804, 2, 100 %, 11 %, 35270 MiB, 86.00 W
2026/09/19 22:47:03.804, 0, 100 %, 19 %, 35271 MiB, 116.56 W
2026/09/19 22:47:03.805, 1, 100 %, 10 %, 35271 MiB, 88.95 W
2026/09/19 22:47:03.805, 2, 100 %, 7 %, 35270 MiB, 101.71 W
2026/09/19 22:47:08.806, 0, 99 %, 14 %, 35271 MiB, 78.89 W
2026/09/19 22:47:08.806, 1, 52 %, 3 %, 35271 MiB, 76.06 W
2026/09/19 22:47:08.806, 2, 99 %, 22 %, 35270 MiB, 65.60 W
2026/09/19 22:47:13.806, 0, 0 %, 0 %, 35271 MiB, 39.71 W
2026/09/19 22:47:13.806, 1, 0 %, 0 %, 35271 MiB, 39.37 W
2026/09/19 22:47:13.806, 2, 0 %, 0 %, 35270 MiB, 37.90 W
2026/09/19 22:47:18.807, 0, 0 %, 0 %, 35271 MiB, 39.80 W
2026/09/19 22:47:18.807, 1, 0 %, 0 %, 35271 MiB, 39.37 W
2026/09/19 22:47:18.807, 2, 0 %, 0 %, 35270 MiB, 37.69 W
2026/09/19 22:47:23.808, 0, 0 %, 0 %, 35271 MiB, 39.51 W
2026/09/19 22:47:23.808, 1, 0 %, 0 %, 35271 MiB, 39.28 W
2026/09/19 22:47:23.808, 2, 0 %, 0 %, 35270 MiB, 37.59 W
2026/09/19 22:47:28.809, 0, 0 %, 0 %, 35271 MiB, 39.61 W
2026/09/19 22:47:28.809, 1, 0 %, 0 %, 35271 MiB, 39.17 W
2026/09/19 22:47:28.809, 2, 0 %, 0 %, 35270 MiB, 37.59 W
2026/09/19 22:47:33.810, 0, 0 %, 0 %, 35271 MiB, 39.41 W
2026/09/19 22:47:33.810, 1, 0 %, 0 %, 35271 MiB, 39.18 W
2026/09/19 22:47:33.810, 2, 0 %, 0 %, 35270 MiB, 37.80 W
2026/09/19 22:47:38.810, 0, 0 %, 0 %, 35271 MiB, 39.41 W
2026/09/19 22:47:38.811, 1, 0 %, 0 %, 35271 MiB, 39.28 W
2026/09/19 22:47:38.811, 2, 0 %, 0 %, 35270 MiB, 37.71 W
2026/09/19 22:47:43.811, 0, 0 %, 0 %, 35271 MiB, 39.42 W
2026/09/19 22:47:43.811, 1, 0 %, 0 %, 35271 MiB, 39.28 W
2026/09/19 22:47:43.811, 2, 0 %, 0 %, 35270 MiB, 37.69 W
2026/09/19 22:47:48.812, 0, 0 %, 0 %, 35271 MiB, 39.31 W
2026/09/19 22:47:48.812, 1, 0 %, 0 %, 35271 MiB, 39.17 W
2026/09/19 22:47:48.812, 2, 0 %, 0 %, 35270 MiB, 37.69 W
2026/09/19 22:47:53.814, 0, 0 %, 0 %, 35271 MiB, 39.40 W
2026/09/19 22:47:53.814, 1, 0 %, 0 %, 35271 MiB, 39.46 W
2026/09/19 22:47:53.815, 2, 0 %, 0 %, 35270 MiB, 37.49 W
2026/09/19 22:47:58.815, 0, 0 %, 0 %, 35271 MiB, 39.39 W
2026/09/19 22:47:58.816, 1, 0 %, 0 %, 35271 MiB, 39.14 W
2026/09/19 22:47:58.816, 2, 0 %, 0 %, 35270 MiB, 37.58 W
2026/09/19 22:48:03.817, 0, 0 %, 0 %, 35271 MiB, 39.17 W
2026/09/19 22:48:03.817, 1, 0 %, 0 %, 35271 MiB, 39.14 W
2026/09/19 22:48:03.818, 2, 0 %, 0 %, 35270 MiB, 37.36 W
2026/09/19 22:48:08.819, 0, 0 %, 0 %, 35271 MiB, 39.08 W
2026/09/19 22:48:08.819, 1, 0 %, 0 %, 35271 MiB, 38.95 W
2026/09/19 22:48:08.820, 2, 0 %, 0 %, 35270 MiB, 37.47 W
2026/09/19 22:48:13.820, 0, 0 %, 0 %, 35271 MiB, 39.29 W
2026/09/19 22:48:13.820, 1, 0 %, 0 %, 35271 MiB, 38.85 W
2026/09/19 22:48:13.820, 2, 0 %, 0 %, 35270 MiB, 37.28 W
2026/09/19 22:48:18.820, 0, 0 %, 0 %, 35271 MiB, 38.91 W
2026/09/19 22:48:18.821, 1, 0 %, 0 %, 35271 MiB, 38.68 W
2026/09/19 22:48:18.821, 2, 0 %, 0 %, 35270 MiB, 37.08 W
2026/09/19 22:48:23.822, 0, 0 %, 0 %, 35271 MiB, 38.99 W
2026/09/19 22:48:23.822, 1, 0 %, 0 %, 35271 MiB, 38.56 W
2026/09/19 22:48:23.823, 2, 0 %, 0 %, 35270 MiB, 37.06 W
2026/09/19 22:48:28.823, 0, 0 %, 0 %, 35271 MiB, 38.92 W
2026/09/19 22:48:28.824, 1, 0 %, 0 %, 35271 MiB, 38.78 W
2026/09/19 22:48:28.824, 2, 0 %, 0 %, 35270 MiB, 37.18 W
2026/09/19 22:48:33.825, 0, 0 %, 0 %, 35271 MiB, 39.09 W
2026/09/19 22:48:33.825, 1, 0 %, 0 %, 35271 MiB, 38.66 W
2026/09/19 22:48:33.825, 2, 0 %, 0 %, 35270 MiB, 37.08 W
2026/09/19 22:48:38.827, 0, 0 %, 0 %, 35271 MiB, 38.99 W
2026/09/19 22:48:38.827, 1, 0 %, 0 %, 35271 MiB, 38.55 W
2026/09/19 22:48:38.828, 2, 0 %, 0 %, 35270 MiB, 37.06 W
2026/09/19 22:48:43.837, 0, 0 %, 0 %, 35271 MiB, 38.76 W
2026/09/19 22:48:43.838, 1, 0 %, 0 %, 35271 MiB, 38.64 W
2026/09/19 22:48:43.838, 2, 0 %, 0 %, 35270 MiB, 37.46 W
2026/09/19 22:48:48.839, 0, 0 %, 0 %, 35271 MiB, 38.75 W
2026/09/19 22:48:48.839, 1, 0 %, 0 %, 35271 MiB, 38.73 W
2026/09/19 22:48:48.839, 2, 0 %, 0 %, 35270 MiB, 37.14 W
2026/09/19 22:48:53.841, 0, 0 %, 0 %, 35271 MiB, 38.75 W
2026/09/19 22:48:53.841, 1, 0 %, 0 %, 35271 MiB, 38.44 W
2026/09/19 22:48:53.842, 2, 0 %, 0 %, 35270 MiB, 37.14 W
2026/09/19 22:48:58.842, 0, 0 %, 0 %, 35271 MiB, 38.69 W
2026/09/19 22:48:58.842, 1, 0 %, 0 %, 35271 MiB, 38.46 W
2026/09/19 22:48:58.843, 2, 0 %, 0 %, 35270 MiB, 36.97 W
2026/09/19 22:49:03.843, 0, 0 %, 0 %, 35271 MiB, 38.81 W
2026/09/19 22:49:03.844, 1, 0 %, 0 %, 35271 MiB, 38.58 W
2026/09/19 22:49:03.844, 2, 0 %, 0 %, 35270 MiB, 36.98 W
2026/09/19 22:49:08.844, 0, 0 %, 0 %, 35271 MiB, 38.60 W
2026/09/19 22:49:08.845, 1, 0 %, 0 %, 35271 MiB, 38.67 W
2026/09/19 22:49:08.845, 2, 0 %, 0 %, 35270 MiB, 37.08 W
2026/09/19 22:49:13.845, 0, 0 %, 0 %, 35271 MiB, 38.79 W
2026/09/19 22:49:13.846, 1, 0 %, 0 %, 35271 MiB, 38.65 W
2026/09/19 22:49:13.846, 2, 0 %, 0 %, 35270 MiB, 36.86 W
2026/09/19 22:49:18.846, 0, 0 %, 0 %, 35271 MiB, 38.78 W
2026/09/19 22:49:18.847, 1, 0 %, 0 %, 35271 MiB, 38.56 W
2026/09/19 22:49:18.847, 2, 0 %, 0 %, 35270 MiB, 36.96 W
2026/09/19 22:49:23.847, 0, 0 %, 0 %, 35271 MiB, 38.82 W
2026/09/19 22:49:23.848, 1, 0 %, 0 %, 35271 MiB, 38.58 W
2026/09/19 22:49:23.848, 2, 0 %, 0 %, 35270 MiB, 37.09 W
2026/09/19 22:49:28.849, 0, 0 %, 0 %, 35271 MiB, 38.89 W
2026/09/19 22:49:28.849, 1, 0 %, 0 %, 35271 MiB, 38.46 W
2026/09/19 22:49:28.850, 2, 0 %, 0 %, 35270 MiB, 37.06 W
2026/09/19 22:49:33.854, 0, 0 %, 0 %, 35271 MiB, 38.90 W
2026/09/19 22:49:33.855, 1, 0 %, 0 %, 35271 MiB, 38.46 W
2026/09/19 22:49:33.855, 2, 0 %, 0 %, 35270 MiB, 36.96 W
2026/09/19 22:49:38.856, 0, 0 %, 0 %, 35271 MiB, 38.91 W
2026/09/19 22:49:38.856, 1, 0 %, 0 %, 35271 MiB, 38.38 W
2026/09/19 22:49:38.856, 2, 0 %, 0 %, 35270 MiB, 36.99 W
2026/09/19 22:49:43.857, 0, 0 %, 0 %, 35271 MiB, 38.79 W
2026/09/19 22:49:43.858, 1, 0 %, 0 %, 35271 MiB, 38.56 W
2026/09/19 22:49:43.858, 2, 0 %, 0 %, 35270 MiB, 37.16 W
2026/09/19 22:49:48.859, 0, 0 %, 0 %, 35271 MiB, 38.76 W
2026/09/19 22:49:48.859, 1, 0 %, 0 %, 35271 MiB, 38.53 W
2026/09/19 22:49:48.860, 2, 0 %, 0 %, 35270 MiB, 37.04 W
2026/09/19 22:49:53.861, 0, 0 %, 0 %, 35271 MiB, 38.66 W
2026/09/19 22:49:53.862, 1, 0 %, 0 %, 35271 MiB, 38.46 W
2026/09/19 22:49:53.862, 2, 0 %, 0 %, 35270 MiB, 37.06 W
2026/09/19 22:49:58.863, 0, 0 %, 0 %, 35271 MiB, 38.71 W
2026/09/19 22:49:58.863, 1, 0 %, 0 %, 35271 MiB, 38.66 W
2026/09/19 22:49:58.864, 2, 0 %, 0 %, 35270 MiB, 37.07 W
2026/09/19 22:50:03.864, 0, 0 %, 0 %, 35271 MiB, 38.91 W
2026/09/19 22:50:03.865, 1, 0 %, 0 %, 35271 MiB, 38.48 W
2026/09/19 22:50:03.865, 2, 0 %, 0 %, 35270 MiB, 37.18 W
2026/09/19 22:50:08.870, 0, 0 %, 0 %, 35271 MiB, 38.77 W
2026/09/19 22:50:08.870, 1, 0 %, 0 %, 35271 MiB, 38.46 W
2026/09/19 22:50:08.870, 2, 0 %, 0 %, 35270 MiB, 36.87 W
2026/09/19 22:50:13.872, 0, 0 %, 0 %, 35271 MiB, 38.71 W
2026/09/19 22:50:13.872, 1, 0 %, 0 %, 35271 MiB, 38.49 W
2026/09/19 22:50:13.872, 2, 0 %, 0 %, 35270 MiB, 36.89 W
2026/09/19 22:50:18.873, 0, 0 %, 0 %, 35271 MiB, 38.71 W
2026/09/19 22:50:18.873, 1, 0 %, 0 %, 35271 MiB, 38.68 W
2026/09/19 22:50:18.873, 2, 0 %, 0 %, 35270 MiB, 36.89 W
2026/09/19 22:50:23.875, 0, 0 %, 0 %, 35271 MiB, 38.97 W
2026/09/19 22:50:23.875, 1, 0 %, 0 %, 35271 MiB, 38.65 W
2026/09/19 22:50:23.876, 2, 0 %, 0 %, 35270 MiB, 37.06 W
2026/09/19 22:50:28.877, 0, 0 %, 0 %, 35271 MiB, 38.78 W
2026/09/19 22:50:28.877, 1, 0 %, 0 %, 35271 MiB, 38.46 W
2026/09/19 22:50:28.878, 2, 0 %, 0 %, 35270 MiB, 36.96 W
2026/09/19 22:50:33.878, 0, 0 %, 0 %, 35271 MiB, 38.80 W
2026/09/19 22:50:33.879, 1, 0 %, 0 %, 35271 MiB, 38.49 W
2026/09/19 22:50:33.879, 2, 0 %, 0 %, 35270 MiB, 36.98 W
2026/09/19 22:50:38.880, 0, 0 %, 0 %, 35271 MiB, 38.88 W
2026/09/19 22:50:38.880, 1, 0 %, 0 %, 35271 MiB, 38.48 W
2026/09/19 22:50:38.881, 2, 0 %, 0 %, 35270 MiB, 36.98 W
2026/09/19 22:50:43.891, 0, 0 %, 0 %, 35271 MiB, 38.97 W
2026/09/19 22:50:43.891, 1, 0 %, 0 %, 35271 MiB, 38.54 W
2026/09/19 22:50:43.892, 2, 0 %, 0 %, 35270 MiB, 37.14 W
2026/09/19 22:50:48.893, 0, 0 %, 0 %, 35271 MiB, 38.87 W
2026/09/19 22:50:48.893, 1, 0 %, 0 %, 35271 MiB, 38.42 W
2026/09/19 22:50:48.894, 2, 0 %, 0 %, 35270 MiB, 37.04 W
2026/09/19 22:50:53.895, 0, 0 %, 0 %, 35271 MiB, 38.87 W
2026/09/19 22:50:53.895, 1, 0 %, 0 %, 35271 MiB, 38.64 W
2026/09/19 22:50:53.895, 2, 0 %, 0 %, 35270 MiB, 37.06 W
2026/09/19 22:50:58.897, 0, 0 %, 0 %, 35271 MiB, 38.66 W
2026/09/19 22:50:58.897, 1, 0 %, 0 %, 35271 MiB, 38.45 W
2026/09/19 22:50:58.897, 2, 0 %, 0 %, 35270 MiB, 37.26 W
2026/09/19 22:51:03.899, 0, 0 %, 0 %, 35271 MiB, 38.66 W
2026/09/19 22:51:03.899, 1, 0 %, 0 %, 35271 MiB, 38.45 W
2026/09/19 22:51:03.899, 2, 0 %, 0 %, 35270 MiB, 37.06 W
2026/09/19 22:51:08.901, 0, 0 %, 0 %, 35271 MiB, 38.66 W
2026/09/19 22:51:08.901, 1, 0 %, 0 %, 35271 MiB, 38.44 W
2026/09/19 22:51:08.902, 2, 0 %, 0 %, 35270 MiB, 37.05 W
2026/09/19 22:51:13.903, 0, 0 %, 0 %, 35271 MiB, 38.76 W
2026/09/19 22:51:13.903, 1, 0 %, 0 %, 35271 MiB, 38.46 W
2026/09/19 22:51:13.903, 2, 0 %, 0 %, 35270 MiB, 36.96 W
2026/09/19 22:51:18.905, 0, 0 %, 0 %, 35271 MiB, 38.87 W
2026/09/19 22:51:18.905, 1, 0 %, 0 %, 35271 MiB, 38.45 W
2026/09/19 22:51:18.906, 2, 0 %, 0 %, 35270 MiB, 37.15 W
2026/09/19 22:51:23.906, 0, 0 %, 0 %, 35271 MiB, 38.76 W
2026/09/19 22:51:23.907, 1, 0 %, 0 %, 35271 MiB, 38.44 W
2026/09/19 22:51:23.907, 2, 0 %, 0 %, 35270 MiB, 37.04 W
2026/09/19 22:51:28.907, 0, 0 %, 0 %, 35271 MiB, 38.76 W
2026/09/19 22:51:28.907, 1, 0 %, 0 %, 35271 MiB, 38.63 W
2026/09/19 22:51:28.908, 2, 0 %, 0 %, 35270 MiB, 37.05 W
2026/09/19 22:51:33.908, 0, 0 %, 0 %, 35271 MiB, 38.76 W
2026/09/19 22:51:33.908, 1, 0 %, 0 %, 35271 MiB, 38.63 W
2026/09/19 22:51:33.909, 2, 0 %, 0 %, 35270 MiB, 36.96 W
2026/09/19 22:51:38.910, 0, 0 %, 0 %, 35271 MiB, 38.89 W
2026/09/19 22:51:38.910, 1, 0 %, 0 %, 35271 MiB, 38.46 W
2026/09/19 22:51:38.911, 2, 0 %, 0 %, 35270 MiB, 37.06 W
2026/09/19 22:51:43.918, 0, 0 %, 0 %, 35271 MiB, 38.76 W
2026/09/19 22:51:43.918, 1, 0 %, 0 %, 35271 MiB, 38.33 W
2026/09/19 22:51:43.919, 2, 0 %, 0 %, 35270 MiB, 37.06 W
2026/09/19 22:51:48.919, 0, 0 %, 0 %, 35271 MiB, 38.75 W
2026/09/19 22:51:48.920, 1, 0 %, 0 %, 35271 MiB, 38.44 W
2026/09/19 22:51:48.920, 2, 0 %, 0 %, 35270 MiB, 37.04 W
2026/09/19 22:51:53.921, 0, 0 %, 0 %, 35271 MiB, 38.99 W
2026/09/19 22:51:53.921, 1, 0 %, 0 %, 35271 MiB, 38.46 W
2026/09/19 22:51:53.922, 2, 0 %, 0 %, 35270 MiB, 37.06 W
2026/09/19 22:51:58.923, 0, 0 %, 0 %, 35271 MiB, 38.87 W
2026/09/19 22:51:58.923, 1, 0 %, 0 %, 35271 MiB, 38.44 W
2026/09/19 22:51:58.923, 2, 0 %, 0 %, 35270 MiB, 37.15 W
2026/09/19 22:52:03.925, 0, 0 %, 0 %, 35271 MiB, 38.78 W
2026/09/19 22:52:03.925, 1, 0 %, 0 %, 35271 MiB, 38.74 W
2026/09/19 22:52:03.926, 2, 0 %, 0 %, 35270 MiB, 37.16 W
2026/09/19 22:52:08.927, 0, 0 %, 0 %, 35271 MiB, 38.76 W
2026/09/19 22:52:08.927, 1, 0 %, 0 %, 35271 MiB, 38.45 W
2026/09/19 22:52:08.927, 2, 0 %, 0 %, 35270 MiB, 37.15 W
2026/09/19 22:52:13.929, 0, 0 %, 0 %, 35271 MiB, 38.87 W
2026/09/19 22:52:13.929, 1, 0 %, 0 %, 35271 MiB, 38.45 W
2026/09/19 22:52:13.929, 2, 0 %, 0 %, 35270 MiB, 37.26 W
2026/09/19 22:52:18.930, 0, 0 %, 0 %, 35271 MiB, 38.66 W
2026/09/19 22:52:18.931, 1, 0 %, 0 %, 35271 MiB, 38.44 W
2026/09/19 22:52:18.931, 2, 0 %, 0 %, 35270 MiB, 36.94 W
2026/09/19 22:52:23.932, 0, 0 %, 0 %, 35271 MiB, 38.66 W
2026/09/19 22:52:23.932, 1, 0 %, 0 %, 35271 MiB, 38.64 W
2026/09/19 22:52:23.932, 2, 0 %, 0 %, 35270 MiB, 36.96 W
2026/09/19 22:52:28.933, 0, 0 %, 0 %, 35271 MiB, 38.90 W
2026/09/19 22:52:28.934, 1, 0 %, 0 %, 35271 MiB, 38.56 W
2026/09/19 22:52:28.934, 2, 0 %, 0 %, 35270 MiB, 37.06 W
2026/09/19 22:52:33.935, 0, 0 %, 0 %, 35271 MiB, 38.91 W
2026/09/19 22:52:33.935, 1, 0 %, 0 %, 35271 MiB, 38.58 W
2026/09/19 22:52:33.935, 2, 0 %, 0 %, 35270 MiB, 37.18 W
2026/09/19 22:52:38.936, 0, 0 %, 0 %, 35271 MiB, 38.79 W
2026/09/19 22:52:38.937, 1, 0 %, 0 %, 35271 MiB, 38.78 W
2026/09/19 22:52:38.937, 2, 0 %, 0 %, 35270 MiB, 37.07 W
2026/09/19 22:52:43.937, 0, 0 %, 0 %, 35271 MiB, 38.81 W
2026/09/19 22:52:43.937, 1, 0 %, 0 %, 35271 MiB, 38.49 W
2026/09/19 22:52:43.937, 2, 0 %, 0 %, 35270 MiB, 37.18 W
2026/09/19 22:52:48.938, 0, 0 %, 0 %, 35271 MiB, 38.91 W
2026/09/19 22:52:48.938, 1, 0 %, 0 %, 35271 MiB, 38.38 W
2026/09/19 22:52:48.938, 2, 0 %, 0 %, 35270 MiB, 37.09 W
2026/09/19 22:52:53.938, 0, 0 %, 0 %, 35271 MiB, 39.02 W
2026/09/19 22:52:53.938, 1, 0 %, 0 %, 35271 MiB, 38.39 W
2026/09/19 22:52:53.938, 2, 0 %, 0 %, 35270 MiB, 37.28 W
2026/09/19 22:52:58.939, 0, 0 %, 0 %, 35271 MiB, 39.02 W
2026/09/19 22:52:58.939, 1, 0 %, 0 %, 35271 MiB, 38.58 W
2026/09/19 22:52:58.939, 2, 0 %, 0 %, 35270 MiB, 37.28 W
2026/09/19 22:53:03.940, 0, 0 %, 0 %, 35271 MiB, 39.03 W
2026/09/19 22:53:03.940, 1, 0 %, 0 %, 35271 MiB, 38.59 W
2026/09/19 22:53:03.940, 2, 0 %, 0 %, 35270 MiB, 37.18 W
2026/09/19 22:53:08.941, 0, 0 %, 0 %, 35271 MiB, 39.12 W
2026/09/19 22:53:08.941, 1, 0 %, 0 %, 35271 MiB, 38.58 W
2026/09/19 22:53:08.941, 2, 0 %, 0 %, 35270 MiB, 37.49 W
2026/09/19 22:53:13.941, 0, 0 %, 0 %, 35271 MiB, 38.92 W
2026/09/19 22:53:13.942, 1, 0 %, 0 %, 35271 MiB, 38.59 W
2026/09/19 22:53:13.942, 2, 0 %, 0 %, 35270 MiB, 37.39 W
2026/09/19 22:53:18.942, 0, 0 %, 0 %, 35271 MiB, 39.02 W
2026/09/19 22:53:18.942, 1, 0 %, 0 %, 35271 MiB, 38.68 W
2026/09/19 22:53:18.942, 2, 0 %, 0 %, 35270 MiB, 37.39 W
2026/09/19 22:53:23.943, 0, 0 %, 0 %, 35271 MiB, 39.02 W
2026/09/19 22:53:23.943, 1, 0 %, 0 %, 35271 MiB, 38.59 W
2026/09/19 22:53:23.943, 2, 0 %, 0 %, 35270 MiB, 37.39 W
2026/09/19 22:53:28.943, 0, 0 %, 0 %, 35271 MiB, 39.12 W
2026/09/19 22:53:28.944, 1, 0 %, 0 %, 35271 MiB, 38.70 W
2026/09/19 22:53:28.944, 2, 0 %, 0 %, 35270 MiB, 37.29 W
2026/09/19 22:53:33.944, 0, 0 %, 0 %, 35271 MiB, 39.02 W
2026/09/19 22:53:33.944, 1, 0 %, 0 %, 35271 MiB, 38.88 W
2026/09/19 22:53:33.944, 2, 0 %, 0 %, 35270 MiB, 37.29 W
2026/09/19 22:53:38.945, 0, 100 %, 6 %, 35271 MiB, 94.73 W
2026/09/19 22:53:38.945, 1, 99 %, 6 %, 35271 MiB, 91.30 W
2026/09/19 22:53:38.945, 2, 100 %, 7 %, 35270 MiB, 91.86 W
2026/09/19 22:53:43.945, 0, 100 %, 10 %, 35271 MiB, 92.16 W
2026/09/19 22:53:43.945, 1, 100 %, 7 %, 35271 MiB, 92.84 W
2026/09/19 22:53:43.946, 2, 99 %, 6 %, 35270 MiB, 99.36 W
2026/09/19 22:53:48.946, 0, 100 %, 15 %, 35271 MiB, 87.92 W
2026/09/19 22:53:48.946, 1, 100 %, 7 %, 35271 MiB, 136.52 W
2026/09/19 22:53:48.946, 2, 100 %, 7 %, 35270 MiB, 90.27 W
2026/09/19 22:53:53.947, 0, 100 %, 23 %, 35271 MiB, 100.07 W
2026/09/19 22:53:53.947, 1, 100 %, 13 %, 35271 MiB, 152.83 W
2026/09/19 22:53:53.947, 2, 100 %, 15 %, 35270 MiB, 137.46 W
2026/09/19 22:53:58.947, 0, 100 %, 11 %, 35271 MiB, 92.02 W
2026/09/19 22:53:58.948, 1, 100 %, 7 %, 35271 MiB, 93.52 W
2026/09/19 22:53:58.948, 2, 100 %, 10 %, 35270 MiB, 160.00 W
2026/09/19 22:54:03.948, 0, 100 %, 18 %, 35271 MiB, 143.85 W
2026/09/19 22:54:03.948, 1, 100 %, 11 %, 35271 MiB, 89.42 W
2026/09/19 22:54:03.949, 2, 100 %, 14 %, 35270 MiB, 92.10 W
2026/09/19 22:54:08.950, 0, 0 %, 0 %, 35271 MiB, 40.57 W
2026/09/19 22:54:08.951, 1, 0 %, 0 %, 35271 MiB, 39.84 W
2026/09/19 22:54:08.951, 2, 0 %, 0 %, 35270 MiB, 38.66 W
2026/09/19 22:54:13.952, 0, 0 %, 0 %, 35271 MiB, 40.38 W
2026/09/19 22:54:13.952, 1, 0 %, 0 %, 35271 MiB, 39.53 W
2026/09/19 22:54:13.952, 2, 0 %, 0 %, 35270 MiB, 38.47 W
2026/09/19 22:54:18.956, 0, 0 %, 0 %, 35271 MiB, 40.17 W
2026/09/19 22:54:18.956, 1, 0 %, 0 %, 35271 MiB, 39.44 W
2026/09/19 22:54:18.957, 2, 0 %, 0 %, 35270 MiB, 38.36 W
2026/09/19 22:54:23.958, 0, 0 %, 0 %, 35271 MiB, 40.40 W
2026/09/19 22:54:23.958, 1, 0 %, 0 %, 35271 MiB, 39.46 W
2026/09/19 22:54:23.959, 2, 0 %, 0 %, 35270 MiB, 38.38 W
2026/09/19 22:54:28.959, 0, 0 %, 0 %, 35271 MiB, 40.16 W
2026/09/19 22:54:28.960, 1, 0 %, 0 %, 35271 MiB, 39.44 W
2026/09/19 22:54:28.960, 2, 0 %, 0 %, 35270 MiB, 38.36 W
2026/09/19 22:54:33.961, 0, 0 %, 0 %, 35271 MiB, 40.08 W
2026/09/19 22:54:33.961, 1, 0 %, 0 %, 35271 MiB, 39.46 W
2026/09/19 22:54:33.961, 2, 0 %, 0 %, 35270 MiB, 38.09 W
2026/09/19 22:54:38.962, 0, 0 %, 0 %, 35271 MiB, 40.07 W
2026/09/19 22:54:38.963, 1, 0 %, 0 %, 35271 MiB, 39.45 W
2026/09/19 22:54:38.963, 2, 0 %, 0 %, 35270 MiB, 38.09 W
2026/09/19 22:54:43.964, 0, 0 %, 0 %, 35271 MiB, 40.20 W
2026/09/19 22:54:43.964, 1, 0 %, 0 %, 35271 MiB, 39.56 W
2026/09/19 22:54:43.964, 2, 0 %, 0 %, 35270 MiB, 38.09 W
2026/09/19 22:54:48.964, 0, 0 %, 0 %, 35271 MiB, 40.00 W
2026/09/19 22:54:48.964, 1, 0 %, 0 %, 35271 MiB, 39.46 W
2026/09/19 22:54:48.964, 2, 0 %, 0 %, 35270 MiB, 38.19 W
2026/09/19 22:54:53.966, 0, 0 %, 0 %, 35271 MiB, 40.06 W
2026/09/19 22:54:53.966, 1, 0 %, 0 %, 35271 MiB, 39.34 W
2026/09/19 22:54:53.966, 2, 0 %, 0 %, 35270 MiB, 38.07 W
2026/09/19 22:54:58.968, 0, 0 %, 0 %, 35271 MiB, 39.92 W
2026/09/19 22:54:58.969, 1, 0 %, 0 %, 35271 MiB, 39.10 W
2026/09/19 22:54:58.969, 2, 0 %, 0 %, 35270 MiB, 38.03 W
2026/09/19 22:55:03.970, 0, 0 %, 0 %, 35271 MiB, 39.84 W
2026/09/19 22:55:03.970, 1, 0 %, 0 %, 35271 MiB, 39.31 W
2026/09/19 22:55:03.970, 2, 0 %, 0 %, 35270 MiB, 38.04 W
2026/09/19 22:55:08.971, 0, 0 %, 0 %, 35271 MiB, 39.63 W
2026/09/19 22:55:08.972, 1, 0 %, 0 %, 35271 MiB, 39.02 W
2026/09/19 22:55:08.972, 2, 0 %, 0 %, 35270 MiB, 37.74 W
2026/09/19 22:55:13.982, 0, 0 %, 0 %, 35271 MiB, 39.53 W
2026/09/19 22:55:13.982, 1, 0 %, 0 %, 35271 MiB, 39.02 W
2026/09/19 22:55:13.983, 2, 0 %, 0 %, 35270 MiB, 37.75 W
2026/09/19 22:55:18.984, 0, 0 %, 0 %, 35271 MiB, 39.73 W
2026/09/19 22:55:18.984, 1, 0 %, 0 %, 35271 MiB, 39.12 W
2026/09/19 22:55:18.985, 2, 0 %, 0 %, 35270 MiB, 37.65 W
2026/09/19 22:55:23.985, 0, 0 %, 0 %, 35271 MiB, 39.29 W
2026/09/19 22:55:23.985, 1, 0 %, 0 %, 35271 MiB, 38.97 W
2026/09/19 22:55:23.985, 2, 0 %, 0 %, 35270 MiB, 37.79 W
2026/09/19 22:55:28.987, 0, 0 %, 0 %, 35271 MiB, 39.25 W
2026/09/19 22:55:28.988, 1, 0 %, 0 %, 35271 MiB, 38.92 W
2026/09/19 22:55:28.988, 2, 0 %, 0 %, 35270 MiB, 37.54 W
2026/09/19 22:55:33.999, 0, 0 %, 0 %, 35271 MiB, 39.29 W
2026/09/19 22:55:33.999, 1, 0 %, 0 %, 35271 MiB, 38.88 W
2026/09/19 22:55:34.000, 2, 0 %, 0 %, 35270 MiB, 37.49 W
2026/09/19 22:55:39.002, 0, 0 %, 0 %, 35271 MiB, 39.34 W
2026/09/19 22:55:39.002, 1, 0 %, 0 %, 35271 MiB, 38.92 W
2026/09/19 22:55:39.002, 2, 0 %, 0 %, 35270 MiB, 37.55 W
2026/09/19 22:55:44.007, 0, 0 %, 0 %, 35271 MiB, 39.17 W
2026/09/19 22:55:44.007, 1, 0 %, 0 %, 35271 MiB, 38.83 W
2026/09/19 22:55:44.007, 2, 0 %, 0 %, 35270 MiB, 37.44 W
2026/09/19 22:55:49.008, 0, 0 %, 0 %, 35271 MiB, 39.26 W
2026/09/19 22:55:49.008, 1, 0 %, 0 %, 35271 MiB, 38.85 W
2026/09/19 22:55:49.008, 2, 0 %, 0 %, 35270 MiB, 37.25 W
2026/09/19 22:55:54.010, 0, 0 %, 0 %, 35271 MiB, 39.08 W
2026/09/19 22:55:54.010, 1, 0 %, 0 %, 35271 MiB, 38.75 W
2026/09/19 22:55:54.010, 2, 0 %, 0 %, 35270 MiB, 37.25 W
2026/09/19 22:55:59.012, 0, 0 %, 0 %, 35271 MiB, 39.24 W
2026/09/19 22:55:59.013, 1, 0 %, 0 %, 35271 MiB, 38.83 W
2026/09/19 22:55:59.013, 2, 0 %, 0 %, 35270 MiB, 37.24 W
2026/09/19 22:56:04.014, 0, 0 %, 0 %, 35271 MiB, 39.16 W
2026/09/19 22:56:04.015, 1, 0 %, 0 %, 35271 MiB, 38.63 W
2026/09/19 22:56:04.015, 2, 0 %, 0 %, 35270 MiB, 37.24 W
2026/09/19 22:56:09.016, 0, 0 %, 0 %, 35271 MiB, 39.19 W
2026/09/19 22:56:09.016, 1, 0 %, 0 %, 35271 MiB, 38.56 W
2026/09/19 22:56:09.017, 2, 0 %, 0 %, 35270 MiB, 37.26 W
2026/09/19 22:56:14.018, 0, 0 %, 0 %, 35271 MiB, 39.18 W
2026/09/19 22:56:14.018, 1, 0 %, 0 %, 35271 MiB, 38.85 W
2026/09/19 22:56:14.018, 2, 0 %, 0 %, 35270 MiB, 37.37 W
2026/09/19 22:56:19.019, 0, 0 %, 0 %, 35271 MiB, 39.26 W
2026/09/19 22:56:19.019, 1, 0 %, 0 %, 35271 MiB, 38.64 W
2026/09/19 22:56:19.020, 2, 0 %, 0 %, 35270 MiB, 37.55 W
2026/09/19 22:56:24.021, 0, 0 %, 0 %, 35271 MiB, 39.25 W
2026/09/19 22:56:24.021, 1, 0 %, 0 %, 35271 MiB, 38.73 W
2026/09/19 22:56:24.022, 2, 0 %, 0 %, 35270 MiB, 37.35 W
2026/09/19 22:56:29.023, 0, 0 %, 0 %, 35271 MiB, 39.17 W
2026/09/19 22:56:29.024, 1, 0 %, 0 %, 35271 MiB, 38.63 W
2026/09/19 22:56:29.024, 2, 0 %, 0 %, 35270 MiB, 37.47 W
2026/09/19 22:56:34.024, 0, 0 %, 0 %, 35271 MiB, 39.24 W
2026/09/19 22:56:34.025, 1, 0 %, 0 %, 35271 MiB, 38.72 W
2026/09/19 22:56:34.025, 2, 0 %, 0 %, 35270 MiB, 37.35 W
2026/09/19 22:56:39.026, 0, 0 %, 0 %, 35271 MiB, 39.06 W
2026/09/19 22:56:39.026, 1, 0 %, 0 %, 35271 MiB, 38.64 W
2026/09/19 22:56:39.026, 2, 0 %, 0 %, 35270 MiB, 37.54 W
2026/09/19 22:56:44.028, 0, 0 %, 0 %, 35271 MiB, 39.04 W
2026/09/19 22:56:44.029, 1, 0 %, 0 %, 35271 MiB, 38.63 W
2026/09/19 22:56:44.029, 2, 0 %, 0 %, 35270 MiB, 37.44 W
2026/09/19 22:56:49.030, 0, 0 %, 0 %, 35271 MiB, 38.96 W
2026/09/19 22:56:49.030, 1, 0 %, 0 %, 35271 MiB, 38.84 W
2026/09/19 22:56:49.030, 2, 0 %, 0 %, 35270 MiB, 37.14 W
2026/09/19 22:56:54.031, 0, 0 %, 0 %, 35271 MiB, 39.19 W
2026/09/19 22:56:54.032, 1, 0 %, 0 %, 35271 MiB, 38.75 W
2026/09/19 22:56:54.032, 2, 0 %, 0 %, 35270 MiB, 37.16 W
2026/09/19 22:56:59.033, 0, 0 %, 0 %, 35271 MiB, 39.07 W
2026/09/19 22:56:59.034, 1, 0 %, 0 %, 35271 MiB, 38.64 W
2026/09/19 22:56:59.034, 2, 0 %, 0 %, 35270 MiB, 37.35 W
2026/09/19 22:57:04.035, 0, 0 %, 0 %, 35271 MiB, 39.06 W
2026/09/19 22:57:04.035, 1, 0 %, 0 %, 35271 MiB, 38.73 W
2026/09/19 22:57:04.035, 2, 0 %, 0 %, 35270 MiB, 37.14 W
2026/09/19 22:57:09.036, 0, 0 %, 0 %, 35271 MiB, 38.99 W
2026/09/19 22:57:09.037, 1, 0 %, 0 %, 35271 MiB, 38.75 W
2026/09/19 22:57:09.037, 2, 0 %, 0 %, 35270 MiB, 37.18 W
2026/09/19 22:57:14.038, 0, 0 %, 0 %, 35271 MiB, 39.19 W
2026/09/19 22:57:14.038, 1, 0 %, 0 %, 35271 MiB, 38.56 W
2026/09/19 22:57:14.038, 2, 0 %, 0 %, 35270 MiB, 37.27 W
2026/09/19 22:57:19.041, 0, 0 %, 0 %, 35271 MiB, 39.06 W
2026/09/19 22:57:19.042, 1, 0 %, 0 %, 35271 MiB, 38.63 W
2026/09/19 22:57:19.042, 2, 0 %, 0 %, 35270 MiB, 37.35 W
2026/09/19 22:57:24.043, 0, 0 %, 0 %, 35271 MiB, 39.09 W
2026/09/19 22:57:24.043, 1, 0 %, 0 %, 35271 MiB, 38.75 W
2026/09/19 22:57:24.043, 2, 0 %, 0 %, 35270 MiB, 37.28 W
2026/09/19 22:57:29.044, 0, 0 %, 0 %, 35271 MiB, 39.37 W
2026/09/19 22:57:29.045, 1, 0 %, 0 %, 35271 MiB, 38.65 W
2026/09/19 22:57:29.045, 2, 0 %, 0 %, 35270 MiB, 37.26 W
2026/09/19 22:57:34.046, 0, 10 %, 0 %, 35271 MiB, 39.09 W
2026/09/19 22:57:34.046, 1, 0 %, 0 %, 35271 MiB, 38.46 W
2026/09/19 22:57:34.047, 2, 0 %, 0 %, 35270 MiB, 37.25 W
2026/09/19 22:57:39.048, 0, 0 %, 0 %, 35271 MiB, 38.86 W
2026/09/19 22:57:39.048, 1, 0 %, 0 %, 35271 MiB, 38.44 W
2026/09/19 22:57:39.048, 2, 0 %, 0 %, 35270 MiB, 37.25 W
2026/09/19 22:57:44.049, 0, 0 %, 0 %, 35271 MiB, 38.78 W
2026/09/19 22:57:44.050, 1, 0 %, 0 %, 35271 MiB, 38.46 W
2026/09/19 22:57:44.050, 2, 0 %, 0 %, 35270 MiB, 37.26 W
2026/09/19 22:57:49.050, 0, 0 %, 0 %, 35271 MiB, 38.85 W
2026/09/19 22:57:49.050, 1, 0 %, 0 %, 35271 MiB, 38.34 W
2026/09/19 22:57:49.051, 2, 0 %, 0 %, 35270 MiB, 37.24 W
2026/09/19 22:57:54.051, 0, 0 %, 0 %, 35271 MiB, 38.87 W
2026/09/19 22:57:54.052, 1, 0 %, 0 %, 35271 MiB, 38.35 W
2026/09/19 22:57:54.052, 2, 0 %, 0 %, 35270 MiB, 37.15 W
2026/09/19 22:57:59.053, 0, 0 %, 0 %, 35271 MiB, 40.43 W
2026/09/19 22:57:59.054, 1, 0 %, 0 %, 35271 MiB, 38.63 W
2026/09/19 22:57:59.054, 2, 0 %, 0 %, 35270 MiB, 36.94 W
2026/09/19 22:58:04.055, 0, 0 %, 0 %, 35271 MiB, 39.06 W
2026/09/19 22:58:04.056, 1, 0 %, 0 %, 35271 MiB, 38.44 W
2026/09/19 22:58:04.056, 2, 0 %, 0 %, 35270 MiB, 36.94 W
2026/09/19 22:58:09.057, 0, 0 %, 0 %, 35271 MiB, 38.76 W
2026/09/19 22:58:09.057, 1, 0 %, 0 %, 35271 MiB, 38.44 W
2026/09/19 22:58:09.058, 2, 0 %, 0 %, 35270 MiB, 37.04 W
2026/09/19 22:58:14.059, 0, 0 %, 0 %, 35271 MiB, 38.74 W
2026/09/19 22:58:14.060, 1, 0 %, 0 %, 35271 MiB, 38.43 W
2026/09/19 22:58:14.060, 2, 0 %, 0 %, 35270 MiB, 37.13 W
2026/09/19 22:58:19.061, 0, 0 %, 0 %, 35271 MiB, 38.88 W
2026/09/19 22:58:19.062, 1, 0 %, 0 %, 35271 MiB, 38.35 W
2026/09/19 22:58:19.062, 2, 0 %, 0 %, 35270 MiB, 37.06 W
2026/09/19 22:58:24.063, 0, 0 %, 0 %, 35271 MiB, 38.99 W
2026/09/19 22:58:24.063, 1, 0 %, 0 %, 35271 MiB, 38.25 W
2026/09/19 22:58:24.063, 2, 0 %, 0 %, 35270 MiB, 37.06 W
2026/09/19 22:58:29.065, 0, 0 %, 0 %, 35271 MiB, 38.85 W
2026/09/19 22:58:29.065, 1, 0 %, 0 %, 35271 MiB, 38.31 W
2026/09/19 22:58:29.065, 2, 0 %, 0 %, 35270 MiB, 37.11 W
2026/09/19 22:58:34.067, 0, 0 %, 0 %, 35271 MiB, 38.95 W
2026/09/19 22:58:34.068, 1, 0 %, 0 %, 35271 MiB, 38.32 W
2026/09/19 22:58:34.068, 2, 0 %, 0 %, 35270 MiB, 37.34 W
2026/09/19 22:58:39.069, 0, 0 %, 0 %, 35271 MiB, 38.95 W
2026/09/19 22:58:39.070, 1, 0 %, 0 %, 35271 MiB, 38.42 W
2026/09/19 22:58:39.070, 2, 0 %, 0 %, 35270 MiB, 37.13 W
2026/09/19 22:58:44.070, 0, 0 %, 0 %, 35271 MiB, 38.85 W
2026/09/19 22:58:44.070, 1, 0 %, 0 %, 35271 MiB, 38.31 W
2026/09/19 22:58:44.070, 2, 0 %, 0 %, 35270 MiB, 37.23 W
2026/09/19 22:58:49.072, 0, 15 %, 1 %, 35271 MiB, 38.75 W
2026/09/19 22:58:49.072, 1, 0 %, 0 %, 35271 MiB, 38.32 W
2026/09/19 22:58:49.073, 2, 0 %, 0 %, 35270 MiB, 37.24 W
2026/09/19 22:58:54.074, 0, 0 %, 0 %, 35271 MiB, 38.74 W
2026/09/19 22:58:54.075, 1, 0 %, 0 %, 35271 MiB, 38.44 W
2026/09/19 22:58:54.075, 2, 0 %, 0 %, 35270 MiB, 37.34 W
2026/09/19 22:58:59.076, 0, 0 %, 0 %, 35271 MiB, 39.04 W
2026/09/19 22:58:59.077, 1, 0 %, 0 %, 35271 MiB, 38.33 W
2026/09/19 22:58:59.077, 2, 0 %, 0 %, 35270 MiB, 37.34 W
2026/09/19 22:59:04.078, 0, 0 %, 0 %, 35271 MiB, 38.83 W
2026/09/19 22:59:04.079, 1, 0 %, 0 %, 35271 MiB, 38.43 W
2026/09/19 22:59:04.079, 2, 0 %, 0 %, 35270 MiB, 37.03 W
2026/09/19 22:59:09.080, 0, 0 %, 0 %, 35271 MiB, 38.86 W
2026/09/19 22:59:09.080, 1, 0 %, 0 %, 35271 MiB, 38.44 W
2026/09/19 22:59:09.080, 2, 0 %, 0 %, 35270 MiB, 37.04 W
2026/09/19 22:59:14.082, 0, 0 %, 0 %, 35271 MiB, 38.86 W
2026/09/19 22:59:14.082, 1, 0 %, 0 %, 35271 MiB, 38.44 W
2026/09/19 22:59:14.083, 2, 0 %, 0 %, 35270 MiB, 37.14 W
2026/09/19 22:59:19.084, 0, 0 %, 0 %, 35271 MiB, 38.94 W
2026/09/19 22:59:19.085, 1, 0 %, 0 %, 35271 MiB, 38.44 W
2026/09/19 22:59:19.085, 2, 0 %, 0 %, 35270 MiB, 37.04 W
2026/09/19 22:59:24.085, 0, 0 %, 0 %, 35271 MiB, 38.86 W
2026/09/19 22:59:24.086, 1, 0 %, 0 %, 35271 MiB, 38.23 W
2026/09/19 22:59:24.086, 2, 0 %, 0 %, 35270 MiB, 37.14 W
2026/09/19 22:59:29.087, 0, 0 %, 0 %, 35271 MiB, 38.97 W
2026/09/19 22:59:29.087, 1, 0 %, 0 %, 35271 MiB, 38.44 W
2026/09/19 22:59:29.088, 2, 0 %, 0 %, 35270 MiB, 37.46 W
2026/09/19 22:59:34.088, 0, 0 %, 0 %, 35271 MiB, 39.12 W
2026/09/19 22:59:34.089, 1, 0 %, 0 %, 35271 MiB, 38.29 W
2026/09/19 22:59:34.089, 2, 0 %, 0 %, 35270 MiB, 37.18 W
2026/09/19 22:59:39.089, 0, 0 %, 0 %, 35271 MiB, 39.07 W
2026/09/19 22:59:39.090, 1, 0 %, 0 %, 35271 MiB, 38.34 W
2026/09/19 22:59:39.090, 2, 0 %, 0 %, 35270 MiB, 37.26 W
2026/09/19 22:59:44.090, 0, 0 %, 0 %, 35271 MiB, 39.07 W
2026/09/19 22:59:44.091, 1, 0 %, 0 %, 35271 MiB, 38.44 W
2026/09/19 22:59:44.091, 2, 0 %, 0 %, 35270 MiB, 37.35 W
2026/09/19 22:59:49.091, 0, 0 %, 0 %, 35271 MiB, 38.99 W
2026/09/19 22:59:49.092, 1, 0 %, 0 %, 35271 MiB, 38.45 W
2026/09/19 22:59:49.092, 2, 0 %, 0 %, 35270 MiB, 37.46 W
2026/09/19 22:59:54.103, 0, 0 %, 0 %, 35271 MiB, 38.97 W
2026/09/19 22:59:54.103, 1, 0 %, 0 %, 35271 MiB, 38.35 W
2026/09/19 22:59:54.103, 2, 0 %, 0 %, 35270 MiB, 37.26 W
2026/09/19 22:59:59.105, 0, 0 %, 0 %, 35271 MiB, 38.86 W
2026/09/19 22:59:59.105, 1, 0 %, 0 %, 35271 MiB, 38.34 W
2026/09/19 22:59:59.105, 2, 0 %, 0 %, 35270 MiB, 37.25 W
2026/09/19 23:00:04.106, 0, 0 %, 0 %, 35271 MiB, 38.75 W
2026/09/19 23:00:04.107, 1, 0 %, 0 %, 35271 MiB, 38.44 W
2026/09/19 23:00:04.107, 2, 0 %, 0 %, 35270 MiB, 37.24 W
2026/09/19 23:00:09.107, 0, 0 %, 0 %, 35271 MiB, 38.76 W
2026/09/19 23:00:09.108, 1, 0 %, 0 %, 35271 MiB, 38.33 W
2026/09/19 23:00:09.108, 2, 0 %, 0 %, 35270 MiB, 37.35 W
2026/09/19 23:00:14.109, 0, 0 %, 0 %, 35271 MiB, 38.87 W
2026/09/19 23:00:14.109, 1, 0 %, 0 %, 35271 MiB, 38.44 W
2026/09/19 23:00:14.109, 2, 0 %, 0 %, 35270 MiB, 37.15 W
2026/09/19 23:00:19.111, 0, 0 %, 0 %, 35271 MiB, 38.86 W
2026/09/19 23:00:19.111, 1, 0 %, 0 %, 35271 MiB, 38.44 W
2026/09/19 23:00:19.111, 2, 0 %, 0 %, 35270 MiB, 37.25 W
2026/09/19 23:00:24.113, 0, 0 %, 0 %, 35271 MiB, 38.87 W
2026/09/19 23:00:24.113, 1, 0 %, 0 %, 35271 MiB, 38.45 W
2026/09/19 23:00:24.113, 2, 0 %, 0 %, 35270 MiB, 37.14 W
2026/09/19 23:00:29.115, 0, 0 %, 0 %, 35271 MiB, 38.97 W
2026/09/19 23:00:29.115, 1, 0 %, 0 %, 35271 MiB, 38.44 W
2026/09/19 23:00:29.115, 2, 0 %, 0 %, 35270 MiB, 37.44 W
2026/09/19 23:00:34.117, 0, 0 %, 0 %, 35271 MiB, 38.96 W
2026/09/19 23:00:34.117, 1, 0 %, 0 %, 35271 MiB, 38.34 W
2026/09/19 23:00:34.118, 2, 0 %, 0 %, 35270 MiB, 37.24 W
2026/09/19 23:00:39.119, 0, 0 %, 0 %, 35271 MiB, 39.07 W
2026/09/19 23:00:39.119, 1, 0 %, 0 %, 35271 MiB, 38.34 W
2026/09/19 23:00:39.120, 2, 0 %, 0 %, 35270 MiB, 37.33 W
2026/09/19 23:00:44.121, 0, 0 %, 0 %, 35271 MiB, 39.09 W
2026/09/19 23:00:44.121, 1, 0 %, 0 %, 35271 MiB, 38.45 W
2026/09/19 23:00:44.122, 2, 0 %, 0 %, 35270 MiB, 37.36 W
2026/09/19 23:00:49.123, 0, 0 %, 0 %, 35271 MiB, 39.17 W
2026/09/19 23:00:49.123, 1, 0 %, 0 %, 35271 MiB, 38.44 W
2026/09/19 23:00:49.124, 2, 0 %, 0 %, 35270 MiB, 37.54 W
2026/09/19 23:00:54.129, 0, 0 %, 0 %, 35271 MiB, 39.18 W
2026/09/19 23:00:54.129, 1, 0 %, 0 %, 35271 MiB, 38.44 W
2026/09/19 23:00:54.129, 2, 0 %, 0 %, 35270 MiB, 37.35 W
2026/09/19 23:00:59.131, 0, 0 %, 0 %, 35271 MiB, 38.97 W
2026/09/19 23:00:59.131, 1, 0 %, 0 %, 35271 MiB, 38.63 W
2026/09/19 23:00:59.131, 2, 0 %, 0 %, 35270 MiB, 37.35 W
2026/09/19 23:01:04.133, 0, 0 %, 0 %, 35271 MiB, 38.86 W
2026/09/19 23:01:04.133, 1, 0 %, 0 %, 35271 MiB, 38.44 W
2026/09/19 23:01:04.133, 2, 0 %, 0 %, 35270 MiB, 37.44 W
2026/09/19 23:01:09.134, 0, 0 %, 0 %, 35271 MiB, 39.08 W
2026/09/19 23:01:09.134, 1, 0 %, 0 %, 35271 MiB, 38.45 W
2026/09/19 23:01:09.135, 2, 0 %, 0 %, 35270 MiB, 37.46 W
2026/09/19 23:01:14.136, 0, 0 %, 0 %, 35271 MiB, 38.99 W
2026/09/19 23:01:14.136, 1, 0 %, 0 %, 35271 MiB, 38.46 W
2026/09/19 23:01:14.137, 2, 0 %, 0 %, 35270 MiB, 37.36 W
2026/09/19 23:01:19.137, 0, 0 %, 0 %, 35271 MiB, 38.99 W
2026/09/19 23:01:19.138, 1, 0 %, 0 %, 35271 MiB, 38.47 W
2026/09/19 23:01:19.138, 2, 0 %, 0 %, 35270 MiB, 37.16 W
2026/09/19 23:01:24.139, 0, 0 %, 0 %, 35271 MiB, 39.17 W
2026/09/19 23:01:24.139, 1, 0 %, 0 %, 35271 MiB, 38.54 W
2026/09/19 23:01:24.139, 2, 0 %, 0 %, 35270 MiB, 37.47 W
2026/09/19 23:01:29.140, 0, 0 %, 0 %, 35271 MiB, 38.99 W
2026/09/19 23:01:29.141, 1, 0 %, 0 %, 35271 MiB, 38.56 W
2026/09/19 23:01:29.141, 2, 0 %, 0 %, 35270 MiB, 37.27 W
2026/09/19 23:01:34.141, 0, 0 %, 0 %, 35271 MiB, 39.08 W
2026/09/19 23:01:34.141, 1, 0 %, 0 %, 35271 MiB, 38.75 W
2026/09/19 23:01:34.142, 2, 0 %, 0 %, 35270 MiB, 37.27 W
2026/09/19 23:01:39.142, 0, 0 %, 0 %, 35271 MiB, 39.08 W
2026/09/19 23:01:39.143, 1, 0 %, 0 %, 35271 MiB, 38.46 W
2026/09/19 23:01:39.143, 2, 0 %, 0 %, 35270 MiB, 37.37 W
2026/09/19 23:01:44.144, 0, 0 %, 0 %, 35271 MiB, 39.28 W
2026/09/19 23:01:44.144, 1, 0 %, 0 %, 35271 MiB, 38.48 W
2026/09/19 23:01:44.144, 2, 0 %, 0 %, 35270 MiB, 37.56 W
2026/09/19 23:01:49.146, 0, 0 %, 0 %, 35271 MiB, 39.21 W
2026/09/19 23:01:49.146, 1, 0 %, 0 %, 35271 MiB, 38.47 W
2026/09/19 23:01:49.146, 2, 0 %, 0 %, 35270 MiB, 37.39 W
2026/09/19 23:01:54.147, 0, 0 %, 0 %, 35271 MiB, 39.31 W
2026/09/19 23:01:54.147, 1, 0 %, 0 %, 35271 MiB, 38.58 W
2026/09/19 23:01:54.147, 2, 0 %, 0 %, 35270 MiB, 37.49 W
2026/09/19 23:01:59.147, 0, 0 %, 0 %, 35271 MiB, 39.22 W
2026/09/19 23:01:59.147, 1, 0 %, 0 %, 35271 MiB, 38.58 W
2026/09/19 23:01:59.147, 2, 0 %, 0 %, 35270 MiB, 37.39 W
2026/09/19 23:02:04.148, 0, 0 %, 0 %, 35271 MiB, 39.31 W
2026/09/19 23:02:04.148, 1, 0 %, 0 %, 35271 MiB, 38.66 W
2026/09/19 23:02:04.149, 2, 0 %, 0 %, 35270 MiB, 37.68 W
2026/09/19 23:02:09.149, 0, 0 %, 0 %, 35271 MiB, 39.12 W
2026/09/19 23:02:09.149, 1, 0 %, 0 %, 35271 MiB, 38.88 W
2026/09/19 23:02:09.150, 2, 0 %, 0 %, 35270 MiB, 37.69 W
2026/09/19 23:02:14.151, 0, 0 %, 0 %, 35271 MiB, 39.12 W
2026/09/19 23:02:14.151, 1, 0 %, 0 %, 35271 MiB, 38.68 W
2026/09/19 23:02:14.151, 2, 0 %, 0 %, 35270 MiB, 37.69 W
2026/09/19 23:02:19.151, 0, 0 %, 0 %, 35271 MiB, 39.41 W
2026/09/19 23:02:19.151, 1, 0 %, 0 %, 35271 MiB, 38.68 W
2026/09/19 23:02:19.151, 2, 0 %, 0 %, 35270 MiB, 37.59 W
2026/09/19 23:02:24.152, 0, 0 %, 0 %, 35271 MiB, 39.31 W
2026/09/19 23:02:24.152, 1, 0 %, 0 %, 35271 MiB, 38.78 W
2026/09/19 23:02:24.152, 2, 0 %, 0 %, 35270 MiB, 37.59 W
2026/09/19 23:02:29.152, 0, 0 %, 0 %, 35271 MiB, 39.22 W
2026/09/19 23:02:29.153, 1, 0 %, 0 %, 35271 MiB, 38.88 W
2026/09/19 23:02:29.153, 2, 0 %, 0 %, 35270 MiB, 37.60 W
2026/09/19 23:02:34.153, 0, 0 %, 0 %, 35271 MiB, 39.22 W
2026/09/19 23:02:34.153, 1, 0 %, 0 %, 35271 MiB, 38.88 W
2026/09/19 23:02:34.153, 2, 0 %, 0 %, 35270 MiB, 37.59 W
2026/09/19 23:02:39.154, 0, 100 %, 7 %, 35271 MiB, 91.04 W
2026/09/19 23:02:39.154, 1, 100 %, 7 %, 35271 MiB, 90.64 W
2026/09/19 23:02:39.155, 2, 100 %, 7 %, 35270 MiB, 86.73 W
2026/09/19 23:02:44.155, 0, 100 %, 7 %, 35271 MiB, 94.80 W
2026/09/19 23:02:44.155, 1, 100 %, 7 %, 35271 MiB, 91.51 W
2026/09/19 23:02:44.155, 2, 100 %, 7 %, 35270 MiB, 93.09 W
2026/09/19 23:02:49.156, 0, 100 %, 6 %, 35271 MiB, 93.64 W
2026/09/19 23:02:49.156, 1, 100 %, 7 %, 35271 MiB, 93.07 W
2026/09/19 23:02:49.156, 2, 100 %, 10 %, 35270 MiB, 89.40 W
2026/09/19 23:02:54.157, 0, 100 %, 7 %, 35271 MiB, 102.32 W
2026/09/19 23:02:54.157, 1, 100 %, 7 %, 35271 MiB, 98.03 W
2026/09/19 23:02:54.157, 2, 100 %, 7 %, 35270 MiB, 92.12 W
2026/09/19 23:02:59.157, 0, 100 %, 6 %, 35271 MiB, 88.60 W
2026/09/19 23:02:59.157, 1, 100 %, 7 %, 35271 MiB, 90.33 W
2026/09/19 23:02:59.157, 2, 100 %, 7 %, 35270 MiB, 83.01 W
2026/09/19 23:03:04.158, 0, 100 %, 7 %, 35271 MiB, 92.10 W
2026/09/19 23:03:04.158, 1, 100 %, 7 %, 35271 MiB, 95.01 W
2026/09/19 23:03:04.158, 2, 100 %, 7 %, 35270 MiB, 95.17 W
2026/09/19 23:03:09.159, 0, 100 %, 10 %, 35271 MiB, 93.36 W
2026/09/19 23:03:09.159, 1, 100 %, 9 %, 35271 MiB, 93.31 W
2026/09/19 23:03:09.159, 2, 100 %, 11 %, 35270 MiB, 92.83 W
2026/09/19 23:03:14.159, 0, 100 %, 7 %, 35271 MiB, 92.33 W
2026/09/19 23:03:14.159, 1, 100 %, 7 %, 35271 MiB, 93.98 W
2026/09/19 23:03:14.159, 2, 100 %, 11 %, 35270 MiB, 89.90 W
2026/09/19 23:03:19.160, 0, 100 %, 7 %, 35271 MiB, 93.65 W
2026/09/19 23:03:19.160, 1, 100 %, 23 %, 35271 MiB, 90.10 W
2026/09/19 23:03:19.160, 2, 100 %, 14 %, 35270 MiB, 87.08 W
2026/09/19 23:03:24.160, 0, 100 %, 7 %, 35271 MiB, 90.23 W
2026/09/19 23:03:24.160, 1, 100 %, 7 %, 35271 MiB, 97.87 W
2026/09/19 23:03:24.160, 2, 100 %, 11 %, 35270 MiB, 168.60 W
2026/09/19 23:03:29.161, 0, 100 %, 7 %, 35271 MiB, 180.94 W
2026/09/19 23:03:29.161, 1, 100 %, 14 %, 35271 MiB, 96.04 W
2026/09/19 23:03:29.161, 2, 100 %, 10 %, 35270 MiB, 90.92 W
2026/09/19 23:03:34.161, 0, 100 %, 11 %, 35271 MiB, 91.90 W
2026/09/19 23:03:34.162, 1, 100 %, 19 %, 35271 MiB, 95.53 W
2026/09/19 23:03:34.162, 2, 100 %, 7 %, 35270 MiB, 90.90 W
2026/09/19 23:03:39.162, 0, 0 %, 0 %, 35271 MiB, 41.76 W
2026/09/19 23:03:39.162, 1, 0 %, 0 %, 35271 MiB, 41.33 W
2026/09/19 23:03:39.163, 2, 0 %, 0 %, 35270 MiB, 39.94 W
2026/09/19 23:03:44.164, 0, 0 %, 0 %, 35271 MiB, 41.52 W
2026/09/19 23:03:44.165, 1, 0 %, 0 %, 35271 MiB, 41.20 W
2026/09/19 23:03:44.165, 2, 0 %, 0 %, 35270 MiB, 39.62 W
2026/09/19 23:03:49.165, 0, 0 %, 0 %, 35271 MiB, 41.34 W
2026/09/19 23:03:49.165, 1, 0 %, 0 %, 35271 MiB, 41.00 W
2026/09/19 23:03:49.166, 2, 0 %, 0 %, 35270 MiB, 39.43 W
2026/09/19 23:03:54.175, 0, 0 %, 0 %, 35271 MiB, 41.14 W
2026/09/19 23:03:54.175, 1, 0 %, 0 %, 35271 MiB, 40.61 W
2026/09/19 23:03:54.176, 2, 0 %, 0 %, 35270 MiB, 39.24 W
2026/09/19 23:03:59.177, 0, 0 %, 0 %, 35271 MiB, 40.84 W
2026/09/19 23:03:59.177, 1, 0 %, 0 %, 35271 MiB, 40.01 W
2026/09/19 23:03:59.178, 2, 0 %, 0 %, 35270 MiB, 39.33 W
2026/09/19 23:04:04.179, 0, 0 %, 0 %, 35271 MiB, 40.84 W
2026/09/19 23:04:04.179, 1, 0 %, 0 %, 35271 MiB, 40.51 W
2026/09/19 23:04:04.179, 2, 0 %, 0 %, 35270 MiB, 39.23 W
2026/09/19 23:04:09.180, 0, 0 %, 0 %, 35271 MiB, 40.73 W
2026/09/19 23:04:09.181, 1, 0 %, 0 %, 35271 MiB, 40.22 W
2026/09/19 23:04:09.181, 2, 0 %, 0 %, 35270 MiB, 39.13 W
2026/09/19 23:04:14.182, 0, 0 %, 0 %, 35271 MiB, 40.84 W
2026/09/19 23:04:14.182, 1, 0 %, 0 %, 35271 MiB, 40.11 W
2026/09/19 23:04:14.182, 2, 0 %, 0 %, 35270 MiB, 39.33 W
2026/09/19 23:04:19.184, 0, 0 %, 0 %, 35271 MiB, 40.44 W
2026/09/19 23:04:19.185, 1, 0 %, 0 %, 35271 MiB, 40.12 W
2026/09/19 23:04:19.185, 2, 0 %, 0 %, 35270 MiB, 39.03 W
2026/09/19 23:04:24.186, 0, 0 %, 0 %, 35271 MiB, 40.37 W
2026/09/19 23:04:24.186, 1, 0 %, 0 %, 35271 MiB, 40.05 W
2026/09/19 23:04:24.187, 2, 0 %, 0 %, 35270 MiB, 39.06 W
2026/09/19 23:04:29.188, 0, 0 %, 0 %, 35271 MiB, 40.37 W
2026/09/19 23:04:29.188, 1, 0 %, 0 %, 35271 MiB, 40.04 W
2026/09/19 23:04:29.189, 2, 0 %, 0 %, 35270 MiB, 39.06 W
2026/09/19 23:04:34.194, 0, 0 %, 0 %, 35271 MiB, 40.47 W
2026/09/19 23:04:34.194, 1, 0 %, 0 %, 35271 MiB, 39.94 W
2026/09/19 23:04:34.195, 2, 0 %, 0 %, 35270 MiB, 39.06 W
2026/09/19 23:04:39.195, 0, 0 %, 0 %, 35271 MiB, 40.35 W
2026/09/19 23:04:39.196, 1, 0 %, 0 %, 35271 MiB, 40.24 W
2026/09/19 23:04:39.196, 2, 0 %, 0 %, 35270 MiB, 38.75 W
2026/09/19 23:04:44.197, 0, 0 %, 0 %, 35271 MiB, 40.27 W
2026/09/19 23:04:44.197, 1, 0 %, 0 %, 35271 MiB, 40.44 W
2026/09/19 23:04:44.198, 2, 0 %, 0 %, 35270 MiB, 38.75 W
2026/09/19 23:04:49.198, 0, 0 %, 0 %, 35271 MiB, 40.27 W
2026/09/19 23:04:49.199, 1, 0 %, 0 %, 35271 MiB, 39.84 W
2026/09/19 23:04:49.199, 2, 0 %, 0 %, 35270 MiB, 38.75 W
2026/09/19 23:04:54.200, 0, 0 %, 0 %, 35271 MiB, 40.28 W
2026/09/19 23:04:54.200, 1, 0 %, 0 %, 35271 MiB, 39.53 W
2026/09/19 23:04:54.200, 2, 0 %, 0 %, 35270 MiB, 38.88 W
2026/09/19 23:04:59.201, 0, 0 %, 0 %, 35271 MiB, 40.23 W
2026/09/19 23:04:59.202, 1, 0 %, 0 %, 35271 MiB, 39.82 W
2026/09/19 23:04:59.202, 2, 0 %, 0 %, 35270 MiB, 38.73 W
2026/09/19 23:05:04.203, 0, 0 %, 0 %, 35271 MiB, 40.12 W
2026/09/19 23:05:04.204, 1, 0 %, 0 %, 35271 MiB, 39.60 W
2026/09/19 23:05:04.204, 2, 0 %, 0 %, 35270 MiB, 38.62 W
2026/09/19 23:05:09.204, 0, 0 %, 0 %, 35271 MiB, 39.88 W
2026/09/19 23:05:09.205, 1, 0 %, 0 %, 35271 MiB, 39.53 W
2026/09/19 23:05:09.205, 2, 0 %, 0 %, 35270 MiB, 38.46 W
2026/09/19 23:05:14.206, 0, 0 %, 0 %, 35271 MiB, 39.94 W
2026/09/19 23:05:14.206, 1, 0 %, 0 %, 35271 MiB, 39.31 W
2026/09/19 23:05:14.206, 2, 0 %, 0 %, 35270 MiB, 38.44 W
2026/09/19 23:05:19.208, 0, 0 %, 0 %, 35271 MiB, 40.04 W
2026/09/19 23:05:19.209, 1, 0 %, 0 %, 35271 MiB, 39.31 W
2026/09/19 23:05:19.209, 2, 0 %, 0 %, 35270 MiB, 38.34 W
2026/09/19 23:05:24.210, 0, 0 %, 0 %, 35271 MiB, 40.13 W
2026/09/19 23:05:24.211, 1, 0 %, 0 %, 35271 MiB, 39.12 W
2026/09/19 23:05:24.211, 2, 0 %, 0 %, 35270 MiB, 38.33 W
2026/09/19 23:05:29.212, 0, 0 %, 0 %, 35271 MiB, 40.02 W
2026/09/19 23:05:29.212, 1, 0 %, 0 %, 35271 MiB, 39.41 W
2026/09/19 23:05:29.213, 2, 0 %, 0 %, 35270 MiB, 38.44 W
2026/09/19 23:05:34.214, 0, 0 %, 0 %, 35271 MiB, 39.83 W
2026/09/19 23:05:34.215, 1, 0 %, 0 %, 35271 MiB, 39.50 W
2026/09/19 23:05:34.215, 2, 0 %, 0 %, 35270 MiB, 38.23 W
2026/09/19 23:05:39.216, 0, 0 %, 0 %, 35271 MiB, 39.73 W
2026/09/19 23:05:39.216, 1, 0 %, 0 %, 35271 MiB, 39.29 W
2026/09/19 23:05:39.217, 2, 0 %, 0 %, 35270 MiB, 38.23 W
2026/09/19 23:05:44.217, 0, 0 %, 0 %, 35271 MiB, 39.84 W
2026/09/19 23:05:44.218, 1, 0 %, 0 %, 35271 MiB, 39.31 W
2026/09/19 23:05:44.218, 2, 0 %, 0 %, 35270 MiB, 37.94 W
2026/09/19 23:05:49.218, 0, 0 %, 0 %, 35271 MiB, 39.83 W
2026/09/19 23:05:49.219, 1, 0 %, 0 %, 35271 MiB, 39.51 W
2026/09/19 23:05:49.219, 2, 0 %, 0 %, 35270 MiB, 38.24 W
2026/09/19 23:05:54.220, 0, 0 %, 0 %, 35271 MiB, 39.65 W
2026/09/19 23:05:54.221, 1, 0 %, 0 %, 35271 MiB, 39.41 W
2026/09/19 23:05:54.221, 2, 0 %, 0 %, 35270 MiB, 38.04 W
2026/09/19 23:05:59.222, 0, 0 %, 0 %, 35271 MiB, 39.73 W
2026/09/19 23:05:59.223, 1, 0 %, 0 %, 35271 MiB, 39.31 W
2026/09/19 23:05:59.223, 2, 0 %, 0 %, 35270 MiB, 38.04 W
2026/09/19 23:06:04.224, 0, 0 %, 0 %, 35271 MiB, 39.74 W
2026/09/19 23:06:04.224, 1, 0 %, 0 %, 35271 MiB, 39.22 W
2026/09/19 23:06:04.224, 2, 0 %, 0 %, 35270 MiB, 37.94 W
2026/09/19 23:06:09.225, 0, 0 %, 0 %, 35271 MiB, 39.65 W
2026/09/19 23:06:09.226, 1, 0 %, 0 %, 35271 MiB, 39.13 W
2026/09/19 23:06:09.226, 2, 0 %, 0 %, 35270 MiB, 38.06 W
2026/09/19 23:06:14.227, 0, 0 %, 0 %, 35271 MiB, 39.65 W
2026/09/19 23:06:14.228, 1, 0 %, 0 %, 35271 MiB, 39.12 W
2026/09/19 23:06:14.228, 2, 0 %, 0 %, 35270 MiB, 37.85 W
2026/09/19 23:06:19.228, 0, 0 %, 0 %, 35271 MiB, 39.68 W
2026/09/19 23:06:19.229, 1, 0 %, 0 %, 35271 MiB, 38.97 W
2026/09/19 23:06:19.229, 2, 0 %, 0 %, 35270 MiB, 37.89 W
2026/09/19 23:06:24.230, 0, 0 %, 0 %, 35271 MiB, 39.85 W
2026/09/19 23:06:24.231, 1, 0 %, 0 %, 35271 MiB, 39.22 W
2026/09/19 23:06:24.231, 2, 0 %, 0 %, 35270 MiB, 37.85 W
2026/09/19 23:06:29.231, 0, 0 %, 0 %, 35271 MiB, 39.67 W
2026/09/19 23:06:29.232, 1, 0 %, 0 %, 35271 MiB, 39.05 W
2026/09/19 23:06:29.232, 2, 0 %, 0 %, 35270 MiB, 37.87 W
2026/09/19 23:06:34.233, 0, 0 %, 0 %, 35271 MiB, 39.44 W
2026/09/19 23:06:34.233, 1, 0 %, 0 %, 35271 MiB, 38.92 W
2026/09/19 23:06:34.233, 2, 0 %, 0 %, 35270 MiB, 37.94 W
2026/09/19 23:06:39.235, 0, 0 %, 0 %, 35271 MiB, 39.46 W
2026/09/19 23:06:39.235, 1, 0 %, 0 %, 35271 MiB, 39.02 W
2026/09/19 23:06:39.235, 2, 0 %, 0 %, 35270 MiB, 37.85 W
2026/09/19 23:06:44.237, 0, 0 %, 0 %, 35271 MiB, 39.46 W
2026/09/19 23:06:44.238, 1, 0 %, 0 %, 35271 MiB, 39.13 W
2026/09/19 23:06:44.238, 2, 0 %, 0 %, 35270 MiB, 37.94 W
2026/09/19 23:06:49.239, 0, 0 %, 0 %, 35271 MiB, 39.34 W
2026/09/19 23:06:49.239, 1, 0 %, 0 %, 35271 MiB, 38.92 W
2026/09/19 23:06:49.240, 2, 0 %, 0 %, 35270 MiB, 37.94 W
2026/09/19 23:06:54.241, 0, 0 %, 0 %, 35271 MiB, 39.35 W
2026/09/19 23:06:54.242, 1, 0 %, 0 %, 35271 MiB, 38.92 W
2026/09/19 23:06:54.242, 2, 0 %, 0 %, 35270 MiB, 37.64 W
2026/09/19 23:06:59.243, 0, 0 %, 0 %, 35271 MiB, 39.44 W
2026/09/19 23:06:59.244, 1, 0 %, 0 %, 35271 MiB, 38.92 W
2026/09/19 23:06:59.244, 2, 0 %, 0 %, 35270 MiB, 37.65 W
2026/09/19 23:07:04.245, 0, 0 %, 0 %, 35271 MiB, 39.39 W
2026/09/19 23:07:04.245, 1, 0 %, 0 %, 35271 MiB, 39.05 W
2026/09/19 23:07:04.245, 2, 0 %, 0 %, 35270 MiB, 37.70 W
2026/09/19 23:07:09.246, 0, 0 %, 0 %, 35271 MiB, 39.29 W
2026/09/19 23:07:09.247, 1, 0 %, 0 %, 35271 MiB, 38.87 W
2026/09/19 23:07:09.247, 2, 0 %, 0 %, 35270 MiB, 37.58 W
2026/09/19 23:07:14.247, 0, 0 %, 0 %, 35271 MiB, 39.28 W
2026/09/19 23:07:14.248, 1, 0 %, 0 %, 35271 MiB, 38.65 W
2026/09/19 23:07:14.248, 2, 0 %, 0 %, 35270 MiB, 37.56 W
2026/09/19 23:07:19.248, 0, 0 %, 0 %, 35271 MiB, 39.47 W
2026/09/19 23:07:19.249, 1, 0 %, 0 %, 35271 MiB, 38.95 W
2026/09/19 23:07:19.249, 2, 0 %, 0 %, 35270 MiB, 37.47 W
2026/09/19 23:07:24.249, 0, 0 %, 0 %, 35271 MiB, 39.35 W
2026/09/19 23:07:24.250, 1, 0 %, 0 %, 35271 MiB, 38.73 W
2026/09/19 23:07:24.250, 2, 0 %, 0 %, 35270 MiB, 37.65 W
2026/09/19 23:07:29.250, 0, 0 %, 0 %, 35271 MiB, 39.34 W
2026/09/19 23:07:29.251, 1, 0 %, 0 %, 35271 MiB, 38.72 W
2026/09/19 23:07:29.251, 2, 0 %, 0 %, 35270 MiB, 37.53 W
2026/09/19 23:07:34.252, 0, 0 %, 0 %, 35271 MiB, 39.24 W
2026/09/19 23:07:34.253, 1, 0 %, 0 %, 35271 MiB, 38.62 W
2026/09/19 23:07:34.253, 2, 0 %, 0 %, 35270 MiB, 37.44 W
2026/09/19 23:07:39.254, 0, 0 %, 0 %, 35271 MiB, 39.34 W
2026/09/19 23:07:39.254, 1, 0 %, 0 %, 35271 MiB, 38.73 W
2026/09/19 23:07:39.255, 2, 0 %, 0 %, 35270 MiB, 37.53 W
2026/09/19 23:07:44.256, 0, 7 %, 0 %, 35271 MiB, 39.16 W
2026/09/19 23:07:44.256, 1, 0 %, 0 %, 35271 MiB, 38.53 W
2026/09/19 23:07:44.257, 2, 0 %, 0 %, 35270 MiB, 37.65 W
2026/09/19 23:07:49.258, 0, 15 %, 1 %, 35271 MiB, 39.06 W
2026/09/19 23:07:49.258, 1, 0 %, 0 %, 35271 MiB, 38.63 W
2026/09/19 23:07:49.259, 2, 0 %, 0 %, 35270 MiB, 37.54 W
2026/09/19 23:07:54.259, 0, 0 %, 0 %, 35271 MiB, 39.26 W
2026/09/19 23:07:54.260, 1, 0 %, 0 %, 35271 MiB, 38.64 W
2026/09/19 23:07:54.260, 2, 0 %, 0 %, 35270 MiB, 37.46 W
2026/09/19 23:07:59.260, 0, 0 %, 0 %, 35271 MiB, 39.06 W
2026/09/19 23:07:59.261, 1, 0 %, 0 %, 35271 MiB, 38.63 W
2026/09/19 23:07:59.261, 2, 0 %, 0 %, 35270 MiB, 37.44 W
2026/09/19 23:08:04.262, 0, 0 %, 0 %, 35271 MiB, 39.16 W
2026/09/19 23:08:04.263, 1, 0 %, 0 %, 35271 MiB, 38.63 W
2026/09/19 23:08:04.263, 2, 0 %, 0 %, 35270 MiB, 37.44 W
2026/09/19 23:08:09.271, 0, 0 %, 0 %, 35271 MiB, 39.16 W
2026/09/19 23:08:09.271, 1, 0 %, 0 %, 35271 MiB, 38.63 W
2026/09/19 23:08:09.272, 2, 0 %, 0 %, 35270 MiB, 37.66 W
2026/09/19 23:08:14.273, 0, 0 %, 0 %, 35271 MiB, 39.25 W
2026/09/19 23:08:14.273, 1, 0 %, 0 %, 35271 MiB, 38.83 W
2026/09/19 23:08:14.274, 2, 0 %, 0 %, 35270 MiB, 37.44 W
2026/09/19 23:08:19.275, 0, 0 %, 0 %, 35271 MiB, 39.17 W
2026/09/19 23:08:19.275, 1, 0 %, 0 %, 35271 MiB, 38.73 W
2026/09/19 23:08:19.275, 2, 0 %, 0 %, 35270 MiB, 37.46 W
2026/09/19 23:08:24.276, 0, 0 %, 0 %, 35271 MiB, 39.17 W
2026/09/19 23:08:24.276, 1, 0 %, 0 %, 35271 MiB, 38.65 W
2026/09/19 23:08:24.276, 2, 0 %, 0 %, 35270 MiB, 37.54 W
2026/09/19 23:08:29.277, 0, 0 %, 0 %, 35271 MiB, 39.45 W
2026/09/19 23:08:29.278, 1, 0 %, 0 %, 35271 MiB, 38.55 W
2026/09/19 23:08:29.278, 2, 0 %, 0 %, 35270 MiB, 37.54 W
2026/09/19 23:08:34.279, 0, 4 %, 0 %, 35271 MiB, 39.24 W
2026/09/19 23:08:34.279, 1, 0 %, 0 %, 35271 MiB, 38.63 W
2026/09/19 23:08:34.280, 2, 0 %, 0 %, 35270 MiB, 37.54 W
2026/09/19 23:08:39.281, 0, 0 %, 0 %, 35271 MiB, 39.26 W
2026/09/19 23:08:39.281, 1, 0 %, 0 %, 35271 MiB, 38.54 W
2026/09/19 23:08:39.282, 2, 0 %, 0 %, 35270 MiB, 37.64 W
2026/09/19 23:08:44.283, 0, 0 %, 0 %, 35271 MiB, 39.38 W
2026/09/19 23:08:44.283, 1, 0 %, 0 %, 35271 MiB, 38.65 W
2026/09/19 23:08:44.284, 2, 0 %, 0 %, 35270 MiB, 37.67 W
2026/09/19 23:08:49.285, 0, 0 %, 0 %, 35271 MiB, 39.26 W
2026/09/19 23:08:49.286, 1, 0 %, 0 %, 35271 MiB, 38.84 W
2026/09/19 23:08:49.286, 2, 0 %, 0 %, 35270 MiB, 37.67 W
2026/09/19 23:08:54.289, 0, 0 %, 0 %, 35271 MiB, 39.16 W
2026/09/19 23:08:54.290, 1, 0 %, 0 %, 35271 MiB, 38.73 W
2026/09/19 23:08:54.290, 2, 0 %, 0 %, 35270 MiB, 37.54 W
2026/09/19 23:08:59.290, 0, 7 %, 0 %, 35271 MiB, 39.25 W
2026/09/19 23:08:59.291, 1, 0 %, 0 %, 35271 MiB, 38.63 W
2026/09/19 23:08:59.291, 2, 0 %, 0 %, 35270 MiB, 37.64 W
2026/09/19 23:09:04.292, 0, 0 %, 0 %, 35271 MiB, 39.25 W
2026/09/19 23:09:04.292, 1, 0 %, 0 %, 35271 MiB, 38.73 W
2026/09/19 23:09:04.292, 2, 0 %, 0 %, 35270 MiB, 37.54 W
2026/09/19 23:09:09.293, 0, 0 %, 0 %, 35271 MiB, 39.18 W
2026/09/19 23:09:09.294, 1, 0 %, 0 %, 35271 MiB, 38.75 W
2026/09/19 23:09:09.294, 2, 0 %, 0 %, 35270 MiB, 37.56 W
2026/09/19 23:09:14.295, 0, 15 %, 1 %, 35271 MiB, 39.18 W
2026/09/19 23:09:14.295, 1, 0 %, 0 %, 35271 MiB, 38.65 W
2026/09/19 23:09:14.296, 2, 0 %, 0 %, 35270 MiB, 37.37 W
2026/09/19 23:09:19.296, 0, 0 %, 0 %, 35271 MiB, 39.20 W
2026/09/19 23:09:19.297, 1, 0 %, 0 %, 35271 MiB, 38.77 W
2026/09/19 23:09:19.297, 2, 0 %, 0 %, 35270 MiB, 37.69 W
2026/09/19 23:09:24.298, 0, 0 %, 0 %, 35271 MiB, 39.34 W
2026/09/19 23:09:24.298, 1, 10 %, 0 %, 35271 MiB, 38.83 W
2026/09/19 23:09:24.299, 2, 0 %, 0 %, 35270 MiB, 37.53 W
2026/09/19 23:09:29.299, 0, 5 %, 0 %, 35271 MiB, 39.18 W
2026/09/19 23:09:29.300, 1, 4 %, 0 %, 35271 MiB, 38.65 W
2026/09/19 23:09:29.300, 2, 0 %, 0 %, 35270 MiB, 37.46 W
2026/09/19 23:09:34.301, 0, 0 %, 0 %, 35271 MiB, 39.26 W
2026/09/19 23:09:34.301, 1, 15 %, 1 %, 35271 MiB, 38.53 W
2026/09/19 23:09:34.302, 2, 0 %, 0 %, 35270 MiB, 37.45 W
2026/09/19 23:09:39.302, 0, 0 %, 0 %, 35271 MiB, 39.29 W
2026/09/19 23:09:39.303, 1, 0 %, 0 %, 35271 MiB, 38.56 W
2026/09/19 23:09:39.303, 2, 0 %, 0 %, 35270 MiB, 37.58 W
2026/09/19 23:09:44.303, 0, 0 %, 0 %, 35271 MiB, 39.40 W
2026/09/19 23:09:44.304, 1, 0 %, 0 %, 35271 MiB, 38.68 W
2026/09/19 23:09:44.304, 2, 0 %, 0 %, 35270 MiB, 37.39 W
2026/09/19 23:09:49.305, 0, 0 %, 0 %, 35271 MiB, 39.25 W
2026/09/19 23:09:49.305, 1, 0 %, 0 %, 35271 MiB, 38.64 W
2026/09/19 23:09:49.306, 2, 0 %, 0 %, 35270 MiB, 37.46 W
2026/09/19 23:09:54.307, 0, 15 %, 1 %, 35271 MiB, 39.47 W
2026/09/19 23:09:54.307, 1, 0 %, 0 %, 35271 MiB, 38.65 W
2026/09/19 23:09:54.307, 2, 0 %, 0 %, 35270 MiB, 37.56 W
2026/09/19 23:09:59.309, 0, 0 %, 0 %, 35271 MiB, 39.37 W
2026/09/19 23:09:59.309, 1, 0 %, 0 %, 35271 MiB, 38.75 W
2026/09/19 23:09:59.310, 2, 0 %, 0 %, 35270 MiB, 37.77 W
2026/09/19 23:10:04.311, 0, 0 %, 0 %, 35271 MiB, 39.17 W
2026/09/19 23:10:04.311, 1, 0 %, 0 %, 35271 MiB, 38.65 W
2026/09/19 23:10:04.312, 2, 0 %, 0 %, 35270 MiB, 37.56 W
2026/09/19 23:10:09.312, 0, 0 %, 0 %, 35271 MiB, 39.17 W
2026/09/19 23:10:09.313, 1, 0 %, 0 %, 35271 MiB, 38.73 W
2026/09/19 23:10:09.313, 2, 0 %, 0 %, 35270 MiB, 37.66 W
2026/09/19 23:10:14.313, 0, 0 %, 0 %, 35271 MiB, 39.28 W
2026/09/19 23:10:14.313, 1, 0 %, 0 %, 35271 MiB, 38.93 W
2026/09/19 23:10:14.314, 2, 0 %, 0 %, 35270 MiB, 37.47 W
2026/09/19 23:10:19.314, 0, 0 %, 0 %, 35271 MiB, 39.75 W
2026/09/19 23:10:19.315, 1, 0 %, 0 %, 35271 MiB, 38.84 W
2026/09/19 23:10:19.315, 2, 0 %, 0 %, 35270 MiB, 37.55 W
2026/09/19 23:10:24.315, 0, 7 %, 0 %, 35271 MiB, 39.29 W
2026/09/19 23:10:24.316, 1, 0 %, 0 %, 35271 MiB, 38.75 W
2026/09/19 23:10:24.316, 2, 0 %, 0 %, 35270 MiB, 37.47 W
2026/09/19 23:10:29.316, 0, 0 %, 0 %, 35271 MiB, 39.17 W
2026/09/19 23:10:29.317, 1, 0 %, 0 %, 35271 MiB, 38.73 W
2026/09/19 23:10:29.317, 2, 0 %, 0 %, 35270 MiB, 37.45 W
2026/09/19 23:10:34.318, 0, 0 %, 0 %, 35271 MiB, 39.56 W
2026/09/19 23:10:34.318, 1, 0 %, 0 %, 35271 MiB, 38.84 W
2026/09/19 23:10:34.318, 2, 0 %, 0 %, 35270 MiB, 37.47 W
2026/09/19 23:10:39.319, 0, 0 %, 0 %, 35271 MiB, 39.29 W
2026/09/19 23:10:39.320, 1, 0 %, 0 %, 35271 MiB, 38.75 W
2026/09/19 23:10:39.320, 2, 0 %, 0 %, 35270 MiB, 37.47 W
2026/09/19 23:10:44.320, 0, 0 %, 0 %, 35271 MiB, 39.26 W
2026/09/19 23:10:44.321, 1, 15 %, 1 %, 35271 MiB, 38.65 W
2026/09/19 23:10:44.321, 2, 0 %, 0 %, 35270 MiB, 37.47 W
2026/09/19 23:10:49.321, 0, 0 %, 0 %, 35271 MiB, 39.38 W
2026/09/19 23:10:49.322, 1, 15 %, 1 %, 35271 MiB, 38.85 W
2026/09/19 23:10:49.322, 2, 0 %, 0 %, 35270 MiB, 37.47 W
2026/09/19 23:10:54.323, 0, 0 %, 0 %, 35271 MiB, 39.49 W
2026/09/19 23:10:54.323, 1, 0 %, 0 %, 35271 MiB, 38.65 W
2026/09/19 23:10:54.324, 2, 0 %, 0 %, 35270 MiB, 37.77 W
2026/09/19 23:10:59.325, 0, 3 %, 0 %, 35271 MiB, 39.37 W
2026/09/19 23:10:59.325, 1, 0 %, 0 %, 35271 MiB, 39.33 W
2026/09/19 23:10:59.325, 2, 0 %, 0 %, 35270 MiB, 37.56 W
2026/09/19 23:11:04.326, 0, 0 %, 0 %, 35271 MiB, 39.13 W
2026/09/19 23:11:04.326, 1, 0 %, 0 %, 35271 MiB, 38.70 W
2026/09/19 23:11:04.327, 2, 0 %, 0 %, 35270 MiB, 37.61 W
2026/09/19 23:11:09.328, 0, 0 %, 0 %, 35271 MiB, 39.16 W
2026/09/19 23:11:09.328, 1, 0 %, 0 %, 35271 MiB, 38.73 W
2026/09/19 23:11:09.329, 2, 0 %, 0 %, 35270 MiB, 37.65 W
2026/09/19 23:11:14.329, 0, 0 %, 0 %, 35271 MiB, 39.20 W
2026/09/19 23:11:14.330, 1, 0 %, 0 %, 35271 MiB, 38.67 W
2026/09/19 23:11:14.330, 2, 0 %, 0 %, 35270 MiB, 37.79 W
2026/09/19 23:11:19.330, 0, 0 %, 0 %, 35271 MiB, 39.19 W
2026/09/19 23:11:19.331, 1, 0 %, 0 %, 35271 MiB, 38.67 W
2026/09/19 23:11:19.331, 2, 10 %, 0 %, 35270 MiB, 37.59 W
2026/09/19 23:11:24.332, 0, 0 %, 0 %, 35271 MiB, 39.18 W
2026/09/19 23:11:24.332, 1, 0 %, 0 %, 35271 MiB, 38.75 W
2026/09/19 23:11:24.333, 2, 0 %, 0 %, 35270 MiB, 37.47 W
2026/09/19 23:11:29.333, 0, 0 %, 0 %, 35271 MiB, 39.37 W
2026/09/19 23:11:29.334, 1, 0 %, 0 %, 35271 MiB, 38.75 W
2026/09/19 23:11:29.334, 2, 0 %, 0 %, 35270 MiB, 37.56 W
2026/09/19 23:11:34.335, 0, 0 %, 0 %, 35271 MiB, 39.28 W
2026/09/19 23:11:34.335, 1, 0 %, 0 %, 35271 MiB, 38.85 W
2026/09/19 23:11:34.336, 2, 7 %, 0 %, 35270 MiB, 37.56 W
2026/09/19 23:11:39.336, 0, 0 %, 0 %, 35271 MiB, 39.38 W
2026/09/19 23:11:39.337, 1, 0 %, 0 %, 35271 MiB, 38.75 W
2026/09/19 23:11:39.337, 2, 0 %, 0 %, 35270 MiB, 37.66 W
2026/09/19 23:11:44.337, 0, 0 %, 0 %, 35271 MiB, 39.39 W
2026/09/19 23:11:44.338, 1, 0 %, 0 %, 35271 MiB, 38.75 W
2026/09/19 23:11:44.338, 2, 0 %, 0 %, 35270 MiB, 40.65 W
2026/09/19 23:11:49.338, 0, 0 %, 0 %, 35271 MiB, 39.45 W
2026/09/19 23:11:49.338, 1, 0 %, 0 %, 35271 MiB, 38.73 W
2026/09/19 23:11:49.338, 2, 0 %, 0 %, 35270 MiB, 37.85 W
2026/09/19 23:11:54.338, 0, 0 %, 0 %, 35271 MiB, 39.49 W
2026/09/19 23:11:54.339, 1, 0 %, 0 %, 35271 MiB, 38.68 W
2026/09/19 23:11:54.339, 2, 0 %, 0 %, 35270 MiB, 37.58 W
2026/09/19 23:11:59.340, 0, 0 %, 0 %, 35271 MiB, 39.47 W
2026/09/19 23:11:59.340, 1, 0 %, 0 %, 35271 MiB, 38.85 W
2026/09/19 23:11:59.341, 2, 0 %, 0 %, 35270 MiB, 37.66 W
2026/09/19 23:12:04.342, 0, 0 %, 0 %, 35271 MiB, 39.47 W
2026/09/19 23:12:04.342, 1, 0 %, 0 %, 35271 MiB, 38.75 W
2026/09/19 23:12:04.343, 2, 0 %, 0 %, 35270 MiB, 37.77 W
2026/09/19 23:12:09.344, 0, 0 %, 0 %, 35271 MiB, 39.38 W
2026/09/19 23:12:09.345, 1, 0 %, 0 %, 35271 MiB, 38.85 W
2026/09/19 23:12:09.345, 2, 0 %, 0 %, 35270 MiB, 37.96 W
2026/09/19 23:12:14.346, 0, 0 %, 0 %, 35271 MiB, 39.26 W
2026/09/19 23:12:14.347, 1, 0 %, 0 %, 35271 MiB, 38.75 W
2026/09/19 23:12:14.347, 2, 0 %, 0 %, 35270 MiB, 37.87 W
2026/09/19 23:12:19.348, 0, 0 %, 0 %, 35271 MiB, 39.31 W
2026/09/19 23:12:19.348, 1, 0 %, 0 %, 35271 MiB, 38.88 W
2026/09/19 23:12:19.348, 2, 29 %, 1 %, 35270 MiB, 45.02 W
2026/09/19 23:12:24.349, 0, 0 %, 0 %, 35271 MiB, 39.47 W
2026/09/19 23:12:24.350, 1, 0 %, 0 %, 35271 MiB, 38.95 W
2026/09/19 23:12:24.350, 2, 0 %, 0 %, 35270 MiB, 37.77 W
2026/09/19 23:12:29.350, 0, 0 %, 0 %, 35271 MiB, 39.38 W
2026/09/19 23:12:29.351, 1, 0 %, 0 %, 35271 MiB, 38.85 W
2026/09/19 23:12:29.351, 2, 0 %, 0 %, 35270 MiB, 37.66 W
2026/09/19 23:12:34.353, 0, 0 %, 0 %, 35271 MiB, 39.47 W
2026/09/19 23:12:34.354, 1, 0 %, 0 %, 35271 MiB, 39.05 W
2026/09/19 23:12:34.354, 2, 3 %, 0 %, 35270 MiB, 37.77 W
2026/09/19 23:12:39.354, 0, 0 %, 0 %, 35271 MiB, 39.38 W
2026/09/19 23:12:39.355, 1, 0 %, 0 %, 35271 MiB, 38.94 W
2026/09/19 23:12:39.355, 2, 0 %, 0 %, 35270 MiB, 37.66 W
2026/09/19 23:12:44.355, 0, 0 %, 0 %, 35271 MiB, 39.50 W
2026/09/19 23:12:44.356, 1, 0 %, 0 %, 35271 MiB, 38.97 W
2026/09/19 23:12:44.356, 2, 0 %, 0 %, 35270 MiB, 37.80 W
2026/09/19 23:12:49.356, 0, 0 %, 0 %, 35271 MiB, 39.38 W
2026/09/19 23:12:49.357, 1, 0 %, 0 %, 35271 MiB, 38.75 W
2026/09/19 23:12:49.357, 2, 0 %, 0 %, 35270 MiB, 37.66 W
2026/09/19 23:12:54.358, 0, 0 %, 0 %, 35271 MiB, 39.51 W
2026/09/19 23:12:54.358, 1, 0 %, 0 %, 35271 MiB, 38.88 W
2026/09/19 23:12:54.358, 2, 0 %, 0 %, 35270 MiB, 37.80 W
2026/09/19 23:12:59.358, 0, 0 %, 0 %, 35271 MiB, 39.50 W
2026/09/19 23:12:59.359, 1, 0 %, 0 %, 35271 MiB, 38.88 W
2026/09/19 23:12:59.359, 2, 0 %, 0 %, 35270 MiB, 37.80 W
2026/09/19 23:13:04.359, 0, 0 %, 0 %, 35271 MiB, 39.57 W
2026/09/19 23:13:04.359, 1, 0 %, 0 %, 35271 MiB, 38.95 W
2026/09/19 23:13:04.359, 2, 5 %, 0 %, 35270 MiB, 37.77 W
2026/09/19 23:13:09.360, 0, 0 %, 0 %, 35271 MiB, 39.51 W
2026/09/19 23:13:09.360, 1, 0 %, 0 %, 35271 MiB, 38.88 W
2026/09/19 23:13:09.360, 2, 0 %, 0 %, 35270 MiB, 37.80 W
2026/09/19 23:13:14.360, 0, 0 %, 0 %, 35271 MiB, 39.51 W
2026/09/19 23:13:14.361, 1, 0 %, 0 %, 35271 MiB, 38.97 W
2026/09/19 23:13:14.361, 2, 0 %, 0 %, 35270 MiB, 37.80 W
2026/09/19 23:13:19.361, 0, 0 %, 0 %, 35271 MiB, 39.68 W
2026/09/19 23:13:19.362, 1, 0 %, 0 %, 35271 MiB, 38.95 W
2026/09/19 23:13:19.362, 2, 0 %, 0 %, 35270 MiB, 37.77 W
2026/09/19 23:13:24.363, 0, 0 %, 0 %, 35271 MiB, 39.47 W
2026/09/19 23:13:24.363, 1, 0 %, 0 %, 35271 MiB, 38.92 W
2026/09/19 23:13:24.363, 2, 0 %, 0 %, 35270 MiB, 37.94 W
2026/09/19 23:13:29.365, 0, 0 %, 0 %, 35271 MiB, 39.25 W
2026/09/19 23:13:29.365, 1, 0 %, 0 %, 35271 MiB, 39.12 W
2026/09/19 23:13:29.365, 2, 0 %, 0 %, 35270 MiB, 37.85 W
2026/09/19 23:13:34.367, 0, 0 %, 0 %, 35271 MiB, 39.24 W
2026/09/19 23:13:34.367, 1, 0 %, 0 %, 35271 MiB, 38.73 W
2026/09/19 23:13:34.367, 2, 0 %, 0 %, 35270 MiB, 37.53 W
2026/09/19 23:13:39.368, 0, 0 %, 0 %, 35271 MiB, 39.15 W
2026/09/19 23:13:39.368, 1, 0 %, 0 %, 35271 MiB, 38.63 W
2026/09/19 23:13:39.368, 2, 0 %, 0 %, 35270 MiB, 37.35 W
2026/09/19 23:13:44.369, 0, 0 %, 0 %, 35271 MiB, 38.97 W
2026/09/19 23:13:44.370, 1, 0 %, 0 %, 35271 MiB, 38.63 W
2026/09/19 23:13:44.370, 2, 0 %, 0 %, 35270 MiB, 37.36 W
2026/09/19 23:13:49.371, 0, 0 %, 0 %, 35271 MiB, 38.87 W
2026/09/19 23:13:49.371, 1, 0 %, 0 %, 35271 MiB, 38.53 W
2026/09/19 23:13:49.371, 2, 0 %, 0 %, 35270 MiB, 37.24 W
2026/09/19 23:13:54.373, 0, 0 %, 0 %, 35271 MiB, 38.86 W
2026/09/19 23:13:54.374, 1, 0 %, 0 %, 35271 MiB, 38.44 W
2026/09/19 23:13:54.374, 2, 0 %, 0 %, 35270 MiB, 37.25 W
2026/09/19 23:13:59.374, 0, 0 %, 0 %, 35271 MiB, 38.96 W
2026/09/19 23:13:59.375, 1, 0 %, 0 %, 35271 MiB, 38.15 W
2026/09/19 23:13:59.375, 2, 0 %, 0 %, 35270 MiB, 37.24 W
2026/09/19 23:14:04.376, 0, 0 %, 0 %, 35271 MiB, 38.86 W
2026/09/19 23:14:04.376, 1, 0 %, 0 %, 35271 MiB, 38.44 W
2026/09/19 23:14:04.376, 2, 0 %, 0 %, 35270 MiB, 37.14 W
2026/09/19 23:14:09.377, 0, 0 %, 0 %, 35271 MiB, 38.75 W
2026/09/19 23:14:09.377, 1, 0 %, 0 %, 35271 MiB, 38.13 W
2026/09/19 23:14:09.377, 2, 0 %, 0 %, 35270 MiB, 37.14 W
2026/09/19 23:14:14.379, 0, 0 %, 0 %, 35271 MiB, 39.16 W
2026/09/19 23:14:14.379, 1, 0 %, 0 %, 35271 MiB, 38.23 W
2026/09/19 23:14:14.379, 2, 0 %, 0 %, 35270 MiB, 37.33 W
2026/09/19 23:14:19.383, 0, 0 %, 0 %, 35271 MiB, 38.96 W
2026/09/19 23:14:19.384, 1, 0 %, 0 %, 35271 MiB, 38.23 W
2026/09/19 23:14:19.384, 2, 0 %, 0 %, 35270 MiB, 37.34 W
2026/09/19 23:14:24.385, 0, 0 %, 0 %, 35271 MiB, 38.76 W
2026/09/19 23:14:24.385, 1, 0 %, 0 %, 35271 MiB, 38.35 W
2026/09/19 23:14:24.385, 2, 0 %, 0 %, 35270 MiB, 37.24 W
2026/09/19 23:14:29.387, 0, 0 %, 0 %, 35271 MiB, 38.76 W
2026/09/19 23:14:29.387, 1, 0 %, 0 %, 35271 MiB, 38.36 W
2026/09/19 23:14:29.387, 2, 0 %, 0 %, 35270 MiB, 37.36 W
2026/09/19 23:14:34.387, 0, 0 %, 0 %, 35271 MiB, 38.97 W
2026/09/19 23:14:34.387, 1, 0 %, 0 %, 35271 MiB, 38.33 W
2026/09/19 23:14:34.388, 2, 0 %, 0 %, 35270 MiB, 37.35 W
2026/09/19 23:14:39.389, 0, 0 %, 0 %, 35271 MiB, 38.83 W
2026/09/19 23:14:39.389, 1, 0 %, 0 %, 35271 MiB, 38.34 W
2026/09/19 23:14:39.389, 2, 0 %, 0 %, 35270 MiB, 37.23 W
2026/09/19 23:14:44.397, 0, 0 %, 0 %, 35271 MiB, 38.86 W
2026/09/19 23:14:44.397, 1, 0 %, 0 %, 35271 MiB, 38.44 W
2026/09/19 23:14:44.397, 2, 0 %, 0 %, 35270 MiB, 37.05 W
2026/09/19 23:14:49.405, 0, 0 %, 0 %, 35271 MiB, 38.85 W
2026/09/19 23:14:49.405, 1, 0 %, 0 %, 35271 MiB, 38.33 W
2026/09/19 23:14:49.405, 2, 0 %, 0 %, 35270 MiB, 37.14 W
2026/09/19 23:14:54.409, 0, 0 %, 0 %, 35271 MiB, 39.06 W
2026/09/19 23:14:54.409, 1, 0 %, 0 %, 35271 MiB, 38.53 W
2026/09/19 23:14:54.409, 2, 0 %, 0 %, 35270 MiB, 37.25 W
2026/09/19 23:14:59.411, 0, 0 %, 0 %, 35271 MiB, 38.96 W
2026/09/19 23:14:59.411, 1, 0 %, 0 %, 35271 MiB, 38.63 W
2026/09/19 23:14:59.412, 2, 0 %, 0 %, 35270 MiB, 37.14 W
2026/09/19 23:15:04.421, 0, 0 %, 0 %, 35271 MiB, 38.85 W
2026/09/19 23:15:04.421, 1, 0 %, 0 %, 35271 MiB, 38.23 W
2026/09/19 23:15:04.421, 2, 0 %, 0 %, 35270 MiB, 37.14 W
2026/09/19 23:15:09.423, 0, 0 %, 0 %, 35271 MiB, 38.96 W
2026/09/19 23:15:09.423, 1, 0 %, 0 %, 35271 MiB, 38.33 W
2026/09/19 23:15:09.423, 2, 0 %, 0 %, 35270 MiB, 37.15 W
2026/09/19 23:15:14.430, 0, 0 %, 0 %, 35271 MiB, 39.06 W
2026/09/19 23:15:14.431, 1, 0 %, 0 %, 35271 MiB, 38.34 W
2026/09/19 23:15:14.431, 2, 0 %, 0 %, 35270 MiB, 37.46 W
2026/09/19 23:15:19.432, 0, 0 %, 0 %, 35271 MiB, 39.07 W
2026/09/19 23:15:19.432, 1, 0 %, 0 %, 35271 MiB, 38.45 W
2026/09/19 23:15:19.432, 2, 0 %, 0 %, 35270 MiB, 37.36 W
2026/09/19 23:15:24.433, 0, 0 %, 0 %, 35271 MiB, 39.05 W
2026/09/19 23:15:24.433, 1, 0 %, 0 %, 35271 MiB, 38.33 W
2026/09/19 23:15:24.433, 2, 0 %, 0 %, 35270 MiB, 37.34 W
2026/09/19 23:15:29.443, 0, 0 %, 0 %, 35271 MiB, 39.26 W
2026/09/19 23:15:29.443, 1, 0 %, 0 %, 35271 MiB, 38.33 W
2026/09/19 23:15:29.443, 2, 0 %, 0 %, 35270 MiB, 37.26 W
2026/09/19 23:15:34.443, 0, 0 %, 0 %, 35271 MiB, 38.86 W
2026/09/19 23:15:34.444, 1, 0 %, 0 %, 35271 MiB, 38.53 W
2026/09/19 23:15:34.444, 2, 5 %, 0 %, 35270 MiB, 37.44 W
2026/09/19 23:15:39.446, 0, 0 %, 0 %, 35271 MiB, 38.99 W
2026/09/19 23:15:39.446, 1, 0 %, 0 %, 35271 MiB, 38.46 W
2026/09/19 23:15:39.446, 2, 0 %, 0 %, 35270 MiB, 37.47 W
2026/09/19 23:15:44.447, 0, 0 %, 0 %, 35271 MiB, 38.99 W
2026/09/19 23:15:44.448, 1, 0 %, 0 %, 35271 MiB, 38.48 W
2026/09/19 23:15:44.448, 2, 0 %, 0 %, 35270 MiB, 37.39 W
2026/09/19 23:15:49.448, 0, 0 %, 0 %, 35271 MiB, 39.21 W
2026/09/19 23:15:49.448, 1, 0 %, 0 %, 35271 MiB, 38.58 W
2026/09/19 23:15:49.448, 2, 0 %, 0 %, 35270 MiB, 37.28 W
2026/09/19 23:15:54.449, 0, 0 %, 0 %, 35271 MiB, 39.12 W
2026/09/19 23:15:54.449, 1, 0 %, 0 %, 35271 MiB, 38.68 W
2026/09/19 23:15:54.449, 2, 0 %, 0 %, 35270 MiB, 37.39 W
2026/09/19 23:15:59.449, 0, 0 %, 0 %, 35271 MiB, 39.11 W
2026/09/19 23:15:59.449, 1, 0 %, 0 %, 35271 MiB, 38.58 W
2026/09/19 23:15:59.449, 2, 0 %, 0 %, 35270 MiB, 37.39 W
2026/09/19 23:16:04.450, 0, 0 %, 0 %, 35271 MiB, 39.21 W
2026/09/19 23:16:04.451, 1, 0 %, 0 %, 35271 MiB, 38.58 W
2026/09/19 23:16:04.451, 2, 0 %, 0 %, 35270 MiB, 37.39 W
2026/09/19 23:16:09.451, 0, 0 %, 0 %, 35271 MiB, 39.22 W
2026/09/19 23:16:09.451, 1, 0 %, 0 %, 35271 MiB, 38.88 W
2026/09/19 23:16:09.451, 2, 0 %, 0 %, 35270 MiB, 37.70 W
2026/09/19 23:16:14.452, 0, 0 %, 0 %, 35271 MiB, 39.22 W
2026/09/19 23:16:14.452, 1, 0 %, 0 %, 35271 MiB, 38.58 W
2026/09/19 23:16:14.452, 2, 0 %, 0 %, 35270 MiB, 37.49 W
2026/09/19 23:16:19.453, 0, 100 %, 7 %, 35271 MiB, 92.61 W
2026/09/19 23:16:19.453, 1, 100 %, 7 %, 35271 MiB, 91.66 W
2026/09/19 23:16:19.453, 2, 100 %, 7 %, 35270 MiB, 88.65 W
2026/09/19 23:16:24.454, 0, 100 %, 11 %, 35271 MiB, 89.58 W
2026/09/19 23:16:24.454, 1, 100 %, 7 %, 35271 MiB, 94.64 W
2026/09/19 23:16:24.454, 2, 100 %, 7 %, 35270 MiB, 93.79 W
2026/09/19 23:16:29.455, 0, 100 %, 7 %, 35271 MiB, 93.02 W
2026/09/19 23:16:29.455, 1, 100 %, 7 %, 35271 MiB, 90.91 W
2026/09/19 23:16:29.455, 2, 100 %, 7 %, 35270 MiB, 152.66 W
2026/09/19 23:16:34.455, 0, 100 %, 7 %, 35271 MiB, 93.50 W
2026/09/19 23:16:34.456, 1, 100 %, 7 %, 35271 MiB, 93.07 W
2026/09/19 23:16:34.456, 2, 100 %, 7 %, 35270 MiB, 99.32 W
2026/09/19 23:16:39.456, 0, 100 %, 7 %, 35271 MiB, 91.40 W
2026/09/19 23:16:39.456, 1, 100 %, 7 %, 35271 MiB, 93.10 W
2026/09/19 23:16:39.456, 2, 100 %, 7 %, 35270 MiB, 96.50 W
2026/09/19 23:16:44.457, 0, 100 %, 7 %, 35271 MiB, 91.24 W
2026/09/19 23:16:44.457, 1, 100 %, 7 %, 35271 MiB, 88.96 W
2026/09/19 23:16:44.457, 2, 100 %, 7 %, 35270 MiB, 93.06 W
2026/09/19 23:16:49.457, 0, 100 %, 7 %, 35271 MiB, 92.50 W
2026/09/19 23:16:49.458, 1, 100 %, 7 %, 35271 MiB, 89.95 W
2026/09/19 23:16:49.458, 2, 100 %, 10 %, 35270 MiB, 111.74 W
2026/09/19 23:16:54.458, 0, 100 %, 7 %, 35271 MiB, 96.39 W
2026/09/19 23:16:54.458, 1, 100 %, 11 %, 35271 MiB, 95.87 W
2026/09/19 23:16:54.458, 2, 100 %, 11 %, 35270 MiB, 97.09 W
2026/09/19 23:16:59.459, 0, 100 %, 7 %, 35271 MiB, 93.75 W
2026/09/19 23:16:59.459, 1, 100 %, 7 %, 35271 MiB, 95.33 W
2026/09/19 23:16:59.459, 2, 100 %, 11 %, 35270 MiB, 94.15 W
2026/09/19 23:17:04.459, 0, 100 %, 8 %, 35271 MiB, 99.67 W
2026/09/19 23:17:04.460, 1, 100 %, 7 %, 35271 MiB, 93.05 W
2026/09/19 23:17:04.460, 2, 100 %, 12 %, 35270 MiB, 95.86 W
2026/09/19 23:17:09.460, 0, 100 %, 7 %, 35271 MiB, 91.70 W
2026/09/19 23:17:09.460, 1, 99 %, 7 %, 35271 MiB, 98.88 W
2026/09/19 23:17:09.461, 2, 100 %, 7 %, 35270 MiB, 92.85 W
2026/09/19 23:17:14.461, 0, 100 %, 8 %, 35271 MiB, 95.56 W
2026/09/19 23:17:14.461, 1, 100 %, 7 %, 35271 MiB, 97.25 W
2026/09/19 23:17:14.461, 2, 100 %, 7 %, 35270 MiB, 88.34 W
2026/09/19 23:17:19.462, 0, 100 %, 7 %, 35271 MiB, 96.43 W
2026/09/19 23:17:19.462, 1, 100 %, 7 %, 35271 MiB, 93.21 W
2026/09/19 23:17:19.462, 2, 100 %, 7 %, 35270 MiB, 92.32 W
2026/09/19 23:17:24.463, 0, 100 %, 6 %, 35271 MiB, 94.39 W
2026/09/19 23:17:24.463, 1, 100 %, 14 %, 35271 MiB, 92.64 W
2026/09/19 23:17:24.463, 2, 100 %, 7 %, 35270 MiB, 93.96 W
2026/09/19 23:17:29.463, 0, 100 %, 7 %, 35271 MiB, 93.41 W
2026/09/19 23:17:29.463, 1, 100 %, 9 %, 35271 MiB, 94.85 W
2026/09/19 23:17:29.463, 2, 100 %, 6 %, 35270 MiB, 91.67 W
2026/09/19 23:17:34.464, 0, 100 %, 14 %, 35271 MiB, 94.85 W
2026/09/19 23:17:34.464, 1, 100 %, 7 %, 35271 MiB, 93.67 W
2026/09/19 23:17:34.464, 2, 100 %, 7 %, 35270 MiB, 122.73 W
2026/09/19 23:17:39.465, 0, 100 %, 7 %, 35271 MiB, 92.99 W
2026/09/19 23:17:39.465, 1, 100 %, 7 %, 35271 MiB, 98.49 W
2026/09/19 23:17:39.465, 2, 100 %, 10 %, 35270 MiB, 95.55 W
2026/09/19 23:17:44.465, 0, 100 %, 7 %, 35271 MiB, 98.04 W
2026/09/19 23:17:44.465, 1, 100 %, 15 %, 35271 MiB, 161.65 W
2026/09/19 23:17:44.465, 2, 100 %, 7 %, 35270 MiB, 94.34 W
2026/09/19 23:17:49.466, 0, 100 %, 11 %, 35271 MiB, 94.51 W
2026/09/19 23:17:49.466, 1, 100 %, 7 %, 35271 MiB, 93.12 W
2026/09/19 23:17:49.466, 2, 100 %, 11 %, 35270 MiB, 93.82 W
2026/09/19 23:17:54.468, 0, 0 %, 0 %, 35271 MiB, 68.25 W
2026/09/19 23:17:54.468, 1, 0 %, 0 %, 35271 MiB, 62.67 W
2026/09/19 23:17:54.468, 2, 0 %, 0 %, 35270 MiB, 41.35 W
2026/09/19 23:17:59.469, 0, 0 %, 0 %, 35271 MiB, 42.81 W
2026/09/19 23:17:59.470, 1, 0 %, 0 %, 35271 MiB, 42.30 W
2026/09/19 23:17:59.470, 2, 0 %, 0 %, 35270 MiB, 40.82 W
2026/09/19 23:18:04.471, 0, 0 %, 0 %, 35271 MiB, 42.60 W
2026/09/19 23:18:04.471, 1, 0 %, 0 %, 35271 MiB, 41.96 W
2026/09/19 23:18:04.471, 2, 0 %, 0 %, 35270 MiB, 40.32 W
2026/09/19 23:18:09.472, 0, 0 %, 0 %, 35271 MiB, 42.02 W
2026/09/19 23:18:09.473, 1, 0 %, 0 %, 35271 MiB, 41.60 W
2026/09/19 23:18:09.473, 2, 0 %, 0 %, 35270 MiB, 40.13 W
2026/09/19 23:18:14.474, 0, 0 %, 0 %, 35271 MiB, 41.76 W
2026/09/19 23:18:14.475, 1, 0 %, 0 %, 35271 MiB, 40.93 W
2026/09/19 23:18:14.475, 2, 0 %, 0 %, 35270 MiB, 39.74 W
2026/09/19 23:18:19.476, 0, 0 %, 0 %, 35271 MiB, 41.54 W
2026/09/19 23:18:19.476, 1, 0 %, 0 %, 35271 MiB, 40.81 W
2026/09/19 23:18:19.476, 2, 0 %, 0 %, 35270 MiB, 39.54 W
2026/09/19 23:18:24.477, 0, 0 %, 0 %, 35271 MiB, 41.55 W
2026/09/19 23:18:24.477, 1, 0 %, 0 %, 35271 MiB, 40.81 W
2026/09/19 23:18:24.477, 2, 0 %, 0 %, 35270 MiB, 39.53 W
2026/09/19 23:18:29.481, 0, 0 %, 0 %, 35271 MiB, 41.24 W
2026/09/19 23:18:29.482, 1, 0 %, 0 %, 35271 MiB, 40.42 W
2026/09/19 23:18:29.482, 2, 0 %, 0 %, 35270 MiB, 39.53 W
2026/09/19 23:18:34.483, 0, 0 %, 0 %, 35271 MiB, 41.14 W
2026/09/19 23:18:34.483, 1, 0 %, 0 %, 35271 MiB, 40.42 W
2026/09/19 23:18:34.483, 2, 0 %, 0 %, 35270 MiB, 39.33 W
2026/09/19 23:18:39.485, 0, 0 %, 0 %, 35271 MiB, 41.24 W
2026/09/19 23:18:39.485, 1, 0 %, 0 %, 35271 MiB, 40.22 W
2026/09/19 23:18:39.485, 2, 0 %, 0 %, 35270 MiB, 39.23 W
2026/09/19 23:18:44.487, 0, 0 %, 0 %, 35271 MiB, 40.94 W
2026/09/19 23:18:44.487, 1, 0 %, 0 %, 35271 MiB, 40.11 W
2026/09/19 23:18:44.487, 2, 0 %, 0 %, 35270 MiB, 39.43 W
2026/09/19 23:18:49.489, 0, 0 %, 0 %, 35271 MiB, 40.94 W
2026/09/19 23:18:49.489, 1, 0 %, 0 %, 35271 MiB, 39.91 W
2026/09/19 23:18:49.489, 2, 0 %, 0 %, 35270 MiB, 39.23 W
2026/09/19 23:18:54.491, 0, 0 %, 0 %, 35271 MiB, 40.64 W
2026/09/19 23:18:54.491, 1, 0 %, 0 %, 35271 MiB, 40.22 W
2026/09/19 23:18:54.492, 2, 0 %, 0 %, 35270 MiB, 39.13 W
2026/09/19 23:18:59.493, 0, 0 %, 0 %, 35271 MiB, 40.83 W
2026/09/19 23:18:59.504, 1, 0 %, 0 %, 35271 MiB, 40.12 W
2026/09/19 23:18:59.504, 2, 0 %, 0 %, 35270 MiB, 39.03 W
2026/09/19 23:19:04.510, 0, 0 %, 0 %, 35271 MiB, 40.56 W
2026/09/19 23:19:04.510, 1, 0 %, 0 %, 35271 MiB, 39.74 W
2026/09/19 23:19:04.510, 2, 0 %, 0 %, 35270 MiB, 39.15 W
2026/09/19 23:19:09.512, 0, 0 %, 0 %, 35271 MiB, 40.45 W
2026/09/19 23:19:09.512, 1, 0 %, 0 %, 35271 MiB, 39.61 W
2026/09/19 23:19:09.513, 2, 0 %, 0 %, 35270 MiB, 38.84 W
2026/09/19 23:19:14.514, 0, 0 %, 0 %, 35271 MiB, 40.45 W
2026/09/19 23:19:14.514, 1, 0 %, 0 %, 35271 MiB, 39.62 W
2026/09/19 23:19:14.515, 2, 0 %, 0 %, 35270 MiB, 38.73 W
2026/09/19 23:19:19.516, 0, 0 %, 0 %, 35271 MiB, 40.47 W
2026/09/19 23:19:19.516, 1, 0 %, 0 %, 35271 MiB, 39.84 W
2026/09/19 23:19:19.516, 2, 0 %, 0 %, 35270 MiB, 38.66 W
2026/09/19 23:19:24.518, 0, 0 %, 0 %, 35271 MiB, 40.27 W
2026/09/19 23:19:24.518, 1, 0 %, 0 %, 35271 MiB, 39.53 W
2026/09/19 23:19:24.518, 2, 0 %, 0 %, 35270 MiB, 38.75 W
2026/09/19 23:19:29.519, 0, 0 %, 0 %, 35271 MiB, 40.28 W
2026/09/19 23:19:29.520, 1, 0 %, 0 %, 35271 MiB, 39.63 W
2026/09/19 23:19:29.520, 2, 0 %, 0 %, 35270 MiB, 38.75 W
2026/09/19 23:19:34.520, 0, 0 %, 0 %, 35271 MiB, 40.37 W
2026/09/19 23:19:34.521, 1, 0 %, 0 %, 35271 MiB, 39.34 W
2026/09/19 23:19:34.521, 2, 0 %, 0 %, 35270 MiB, 38.66 W
2026/09/19 23:19:39.522, 0, 0 %, 0 %, 35271 MiB, 40.37 W
2026/09/19 23:19:39.522, 1, 0 %, 0 %, 35271 MiB, 39.63 W
2026/09/19 23:19:39.523, 2, 0 %, 0 %, 35270 MiB, 38.86 W
2026/09/19 23:19:44.523, 0, 0 %, 0 %, 35271 MiB, 40.27 W
2026/09/19 23:19:44.524, 1, 0 %, 0 %, 35271 MiB, 39.53 W
2026/09/19 23:19:44.524, 2, 0 %, 0 %, 35270 MiB, 38.75 W
2026/09/19 23:19:49.525, 0, 0 %, 0 %, 35271 MiB, 40.30 W
2026/09/19 23:19:49.525, 1, 0 %, 0 %, 35271 MiB, 39.34 W
2026/09/19 23:19:49.526, 2, 0 %, 0 %, 35270 MiB, 38.66 W
2026/09/19 23:19:54.527, 0, 0 %, 0 %, 35271 MiB, 40.42 W
2026/09/19 23:19:54.527, 1, 0 %, 0 %, 35271 MiB, 39.60 W
2026/09/19 23:19:54.528, 2, 0 %, 0 %, 35270 MiB, 38.62 W
2026/09/19 23:19:59.528, 0, 0 %, 0 %, 35271 MiB, 40.01 W
2026/09/19 23:19:59.529, 1, 0 %, 0 %, 35271 MiB, 39.49 W
2026/09/19 23:19:59.529, 2, 0 %, 0 %, 35270 MiB, 38.83 W
2026/09/19 23:20:04.530, 0, 0 %, 0 %, 35271 MiB, 40.26 W
2026/09/19 23:20:04.531, 1, 0 %, 0 %, 35271 MiB, 39.04 W
2026/09/19 23:20:04.531, 2, 0 %, 0 %, 35270 MiB, 38.45 W
2026/09/19 23:20:09.531, 0, 0 %, 0 %, 35271 MiB, 40.06 W
2026/09/19 23:20:09.531, 1, 0 %, 0 %, 35271 MiB, 39.53 W
2026/09/19 23:20:09.532, 2, 0 %, 0 %, 35270 MiB, 38.36 W
2026/09/19 23:20:14.533, 0, 0 %, 0 %, 35271 MiB, 40.14 W
2026/09/19 23:20:14.533, 1, 0 %, 0 %, 35271 MiB, 39.51 W
2026/09/19 23:20:14.533, 2, 0 %, 0 %, 35270 MiB, 38.26 W
2026/09/19 23:20:19.535, 0, 0 %, 0 %, 35271 MiB, 39.93 W
2026/09/19 23:20:19.535, 1, 0 %, 0 %, 35271 MiB, 39.51 W
2026/09/19 23:20:19.535, 2, 0 %, 0 %, 35270 MiB, 38.33 W
2026/09/19 23:20:24.537, 0, 0 %, 0 %, 35271 MiB, 39.97 W
2026/09/19 23:20:24.537, 1, 0 %, 0 %, 35271 MiB, 39.53 W
2026/09/19 23:20:24.538, 2, 0 %, 0 %, 35270 MiB, 38.07 W
2026/09/19 23:20:29.538, 0, 0 %, 0 %, 35271 MiB, 39.97 W
2026/09/19 23:20:29.539, 1, 0 %, 0 %, 35271 MiB, 39.65 W
2026/09/19 23:20:29.539, 2, 0 %, 0 %, 35270 MiB, 38.07 W
2026/09/19 23:20:34.539, 0, 0 %, 0 %, 35271 MiB, 40.02 W
2026/09/19 23:20:34.540, 1, 0 %, 0 %, 35271 MiB, 39.49 W
2026/09/19 23:20:34.540, 2, 0 %, 0 %, 35270 MiB, 38.13 W
2026/09/19 23:20:39.541, 0, 0 %, 0 %, 35271 MiB, 40.02 W
2026/09/19 23:20:39.541, 1, 0 %, 0 %, 35271 MiB, 39.29 W
2026/09/19 23:20:39.542, 2, 0 %, 0 %, 35270 MiB, 38.33 W
2026/09/19 23:20:44.543, 0, 0 %, 0 %, 35271 MiB, 40.04 W
2026/09/19 23:20:44.544, 1, 0 %, 0 %, 35271 MiB, 39.31 W
2026/09/19 23:20:44.544, 2, 0 %, 0 %, 35270 MiB, 38.14 W
2026/09/19 23:20:49.545, 0, 0 %, 0 %, 35271 MiB, 39.94 W
2026/09/19 23:20:49.545, 1, 0 %, 0 %, 35271 MiB, 39.41 W
2026/09/19 23:20:49.546, 2, 0 %, 0 %, 35270 MiB, 38.14 W
2026/09/19 23:20:54.547, 0, 0 %, 0 %, 35271 MiB, 40.02 W
2026/09/19 23:20:54.548, 1, 0 %, 0 %, 35271 MiB, 39.30 W
2026/09/19 23:20:54.548, 2, 0 %, 0 %, 35270 MiB, 38.13 W
2026/09/19 23:20:59.551, 0, 0 %, 0 %, 35271 MiB, 39.83 W
2026/09/19 23:20:59.551, 1, 0 %, 0 %, 35271 MiB, 39.21 W
2026/09/19 23:20:59.552, 2, 0 %, 0 %, 35270 MiB, 38.13 W
2026/09/19 23:21:04.553, 0, 0 %, 0 %, 35271 MiB, 39.83 W
2026/09/19 23:21:04.553, 1, 0 %, 0 %, 35271 MiB, 39.39 W
2026/09/19 23:21:04.553, 2, 0 %, 0 %, 35270 MiB, 38.04 W
2026/09/19 23:21:09.561, 0, 0 %, 0 %, 35271 MiB, 39.94 W
2026/09/19 23:21:09.562, 1, 0 %, 0 %, 35271 MiB, 39.22 W
2026/09/19 23:21:09.562, 2, 0 %, 0 %, 35270 MiB, 38.05 W
2026/09/19 23:21:14.563, 0, 0 %, 0 %, 35271 MiB, 39.73 W
2026/09/19 23:21:14.563, 1, 0 %, 0 %, 35271 MiB, 39.21 W
2026/09/19 23:21:14.564, 2, 0 %, 0 %, 35270 MiB, 38.24 W
2026/09/19 23:21:19.565, 0, 0 %, 0 %, 35271 MiB, 39.63 W
2026/09/19 23:21:19.566, 1, 0 %, 0 %, 35271 MiB, 39.12 W
2026/09/19 23:21:19.566, 2, 0 %, 0 %, 35270 MiB, 38.04 W
2026/09/19 23:21:24.567, 0, 0 %, 0 %, 35271 MiB, 39.65 W
2026/09/19 23:21:24.567, 1, 0 %, 0 %, 35271 MiB, 39.31 W
2026/09/19 23:21:24.567, 2, 0 %, 0 %, 35270 MiB, 37.75 W
2026/09/19 23:21:29.569, 0, 0 %, 0 %, 35271 MiB, 39.83 W
2026/09/19 23:21:29.570, 1, 0 %, 0 %, 35271 MiB, 39.12 W
2026/09/19 23:21:29.570, 2, 0 %, 0 %, 35270 MiB, 37.85 W
2026/09/19 23:21:34.571, 0, 0 %, 0 %, 35271 MiB, 39.63 W
2026/09/19 23:21:34.571, 1, 0 %, 0 %, 35271 MiB, 39.22 W
2026/09/19 23:21:34.571, 2, 0 %, 0 %, 35270 MiB, 37.94 W
2026/09/19 23:21:39.572, 0, 0 %, 0 %, 35271 MiB, 39.74 W
2026/09/19 23:21:39.573, 1, 0 %, 0 %, 35271 MiB, 39.22 W
2026/09/19 23:21:39.573, 2, 0 %, 0 %, 35270 MiB, 37.75 W
2026/09/19 23:21:44.578, 0, 0 %, 0 %, 35271 MiB, 39.75 W
2026/09/19 23:21:44.578, 1, 0 %, 0 %, 35271 MiB, 39.22 W
2026/09/19 23:21:44.579, 2, 0 %, 0 %, 35270 MiB, 37.85 W
2026/09/19 23:21:49.580, 0, 0 %, 0 %, 35271 MiB, 39.84 W
2026/09/19 23:21:49.581, 1, 0 %, 0 %, 35271 MiB, 38.92 W
2026/09/19 23:21:49.581, 2, 0 %, 0 %, 35270 MiB, 37.85 W
2026/09/19 23:21:54.581, 0, 0 %, 0 %, 35271 MiB, 39.70 W
2026/09/19 23:21:54.581, 1, 0 %, 0 %, 35271 MiB, 38.97 W
2026/09/19 23:21:54.581, 2, 0 %, 0 %, 35270 MiB, 37.90 W
2026/09/19 23:21:59.582, 0, 0 %, 0 %, 35271 MiB, 39.67 W
2026/09/19 23:21:59.583, 1, 0 %, 0 %, 35271 MiB, 39.06 W
2026/09/19 23:21:59.583, 2, 0 %, 0 %, 35270 MiB, 37.87 W
2026/09/19 23:22:04.584, 0, 0 %, 0 %, 35271 MiB, 39.68 W
2026/09/19 23:22:04.584, 1, 0 %, 0 %, 35271 MiB, 38.95 W
2026/09/19 23:22:04.585, 2, 0 %, 0 %, 35270 MiB, 37.88 W
2026/09/19 23:22:09.585, 0, 0 %, 0 %, 35271 MiB, 39.78 W
2026/09/19 23:22:09.586, 1, 0 %, 0 %, 35271 MiB, 39.05 W
2026/09/19 23:22:09.586, 2, 0 %, 0 %, 35270 MiB, 37.87 W
2026/09/19 23:22:14.587, 0, 0 %, 0 %, 35271 MiB, 39.55 W
2026/09/19 23:22:14.587, 1, 0 %, 0 %, 35271 MiB, 39.02 W
2026/09/19 23:22:14.588, 2, 0 %, 0 %, 35270 MiB, 37.94 W
2026/09/19 23:22:19.588, 0, 0 %, 0 %, 35271 MiB, 39.47 W
2026/09/19 23:22:19.589, 1, 0 %, 0 %, 35271 MiB, 39.15 W
2026/09/19 23:22:19.589, 2, 0 %, 0 %, 35270 MiB, 37.87 W
2026/09/19 23:22:24.590, 0, 0 %, 0 %, 35271 MiB, 39.74 W
2026/09/19 23:22:24.590, 1, 0 %, 0 %, 35271 MiB, 38.92 W
2026/09/19 23:22:24.591, 2, 0 %, 0 %, 35270 MiB, 37.94 W
2026/09/19 23:22:29.592, 0, 0 %, 0 %, 35271 MiB, 39.53 W
2026/09/19 23:22:29.592, 1, 0 %, 0 %, 35271 MiB, 38.92 W
2026/09/19 23:22:29.592, 2, 0 %, 0 %, 35270 MiB, 37.75 W
2026/09/19 23:22:34.593, 0, 0 %, 0 %, 35271 MiB, 39.50 W
2026/09/19 23:22:34.594, 1, 0 %, 0 %, 35271 MiB, 39.17 W
2026/09/19 23:22:34.594, 2, 0 %, 0 %, 35270 MiB, 37.68 W
2026/09/19 23:22:39.595, 0, 0 %, 0 %, 35271 MiB, 39.44 W
2026/09/19 23:22:39.595, 1, 0 %, 0 %, 35271 MiB, 38.81 W
2026/09/19 23:22:39.596, 2, 0 %, 0 %, 35270 MiB, 37.53 W
2026/09/19 23:22:44.597, 0, 0 %, 0 %, 35271 MiB, 39.44 W
2026/09/19 23:22:44.597, 1, 0 %, 0 %, 35271 MiB, 38.92 W
2026/09/19 23:22:44.597, 2, 0 %, 0 %, 35270 MiB, 37.64 W
2026/09/19 23:22:49.599, 0, 0 %, 0 %, 35271 MiB, 39.44 W
2026/09/19 23:22:49.600, 1, 0 %, 0 %, 35271 MiB, 38.92 W
2026/09/19 23:22:49.600, 2, 0 %, 0 %, 35270 MiB, 37.75 W
2026/09/19 23:22:54.600, 0, 0 %, 0 %, 35271 MiB, 39.44 W
2026/09/19 23:22:54.600, 1, 0 %, 0 %, 35271 MiB, 38.81 W
2026/09/19 23:22:54.601, 2, 0 %, 0 %, 35270 MiB, 37.53 W
2026/09/19 23:22:59.602, 0, 0 %, 0 %, 35271 MiB, 39.52 W
2026/09/19 23:22:59.602, 1, 0 %, 0 %, 35271 MiB, 38.71 W
2026/09/19 23:22:59.602, 2, 0 %, 0 %, 35270 MiB, 37.53 W
2026/09/19 23:23:04.604, 0, 0 %, 0 %, 35271 MiB, 39.35 W
2026/09/19 23:23:04.605, 1, 0 %, 0 %, 35271 MiB, 38.73 W
2026/09/19 23:23:04.605, 2, 0 %, 0 %, 35270 MiB, 37.64 W
2026/09/19 23:23:09.606, 0, 13 %, 1 %, 35271 MiB, 39.46 W
2026/09/19 23:23:09.607, 1, 0 %, 0 %, 35271 MiB, 38.63 W
2026/09/19 23:23:09.607, 2, 0 %, 0 %, 35270 MiB, 37.87 W
2026/09/19 23:23:14.608, 0, 0 %, 0 %, 35271 MiB, 39.44 W
2026/09/19 23:23:14.609, 1, 0 %, 0 %, 35271 MiB, 38.83 W
2026/09/19 23:23:14.609, 2, 0 %, 0 %, 35270 MiB, 37.73 W
2026/09/19 23:23:19.610, 0, 5 %, 0 %, 35271 MiB, 39.35 W
2026/09/19 23:23:19.611, 1, 0 %, 0 %, 35271 MiB, 38.73 W
2026/09/19 23:23:19.611, 2, 0 %, 0 %, 35270 MiB, 37.54 W
2026/09/19 23:23:24.611, 0, 0 %, 0 %, 35271 MiB, 39.24 W
2026/09/19 23:23:24.612, 1, 0 %, 0 %, 35271 MiB, 38.62 W
2026/09/19 23:23:24.612, 2, 0 %, 0 %, 35270 MiB, 37.53 W
2026/09/19 23:23:29.613, 0, 0 %, 0 %, 35271 MiB, 39.14 W
2026/09/19 23:23:29.614, 1, 0 %, 0 %, 35271 MiB, 38.80 W
2026/09/19 23:23:29.614, 2, 0 %, 0 %, 35270 MiB, 37.65 W
2026/09/19 23:23:34.615, 0, 0 %, 0 %, 35271 MiB, 39.34 W
2026/09/19 23:23:34.615, 1, 0 %, 0 %, 35271 MiB, 38.62 W
2026/09/19 23:23:34.616, 2, 0 %, 0 %, 35270 MiB, 37.53 W
2026/09/19 23:23:39.626, 0, 0 %, 0 %, 35271 MiB, 39.24 W
2026/09/19 23:23:39.626, 1, 0 %, 0 %, 35271 MiB, 38.62 W
2026/09/19 23:23:39.627, 2, 0 %, 0 %, 35270 MiB, 37.43 W
2026/09/19 23:23:44.628, 0, 0 %, 0 %, 35271 MiB, 39.14 W
2026/09/19 23:23:44.629, 1, 0 %, 0 %, 35271 MiB, 38.61 W
2026/09/19 23:23:44.629, 2, 0 %, 0 %, 35270 MiB, 37.34 W
2026/09/19 23:23:49.630, 0, 0 %, 0 %, 35271 MiB, 39.91 W
2026/09/19 23:23:49.630, 1, 0 %, 0 %, 35271 MiB, 38.72 W
2026/09/19 23:23:49.631, 2, 0 %, 0 %, 35270 MiB, 37.42 W
2026/09/19 23:23:54.631, 0, 0 %, 0 %, 35271 MiB, 39.26 W
2026/09/19 23:23:54.631, 1, 0 %, 0 %, 35271 MiB, 38.63 W
2026/09/19 23:23:54.632, 2, 0 %, 0 %, 35270 MiB, 37.35 W
2026/09/19 23:23:59.632, 0, 0 %, 0 %, 35271 MiB, 39.11 W
2026/09/19 23:23:59.633, 1, 0 %, 0 %, 35271 MiB, 38.49 W
2026/09/19 23:23:59.633, 2, 0 %, 0 %, 35270 MiB, 37.39 W
2026/09/19 23:24:04.633, 0, 0 %, 0 %, 35271 MiB, 39.21 W
2026/09/19 23:24:04.634, 1, 0 %, 0 %, 35271 MiB, 38.68 W
2026/09/19 23:24:04.634, 2, 0 %, 0 %, 35270 MiB, 37.39 W
2026/09/19 23:24:09.635, 0, 0 %, 0 %, 35271 MiB, 39.09 W
2026/09/19 23:24:09.635, 1, 0 %, 0 %, 35271 MiB, 38.49 W
2026/09/19 23:24:09.635, 2, 0 %, 0 %, 35270 MiB, 37.39 W
2026/09/19 23:24:14.643, 0, 0 %, 0 %, 35271 MiB, 39.24 W
2026/09/19 23:24:14.644, 1, 0 %, 0 %, 35271 MiB, 38.44 W
2026/09/19 23:24:14.644, 2, 0 %, 0 %, 35270 MiB, 37.44 W
2026/09/19 23:24:19.645, 0, 0 %, 0 %, 35271 MiB, 39.26 W
2026/09/19 23:24:19.646, 1, 15 %, 1 %, 35271 MiB, 38.45 W
2026/09/19 23:24:19.646, 2, 0 %, 0 %, 35270 MiB, 37.46 W
2026/09/19 23:24:24.646, 0, 0 %, 0 %, 35271 MiB, 39.27 W
2026/09/19 23:24:24.646, 1, 0 %, 0 %, 35271 MiB, 38.65 W
2026/09/19 23:24:24.647, 2, 0 %, 0 %, 35270 MiB, 37.36 W
2026/09/19 23:24:29.647, 0, 0 %, 0 %, 35271 MiB, 39.20 W
2026/09/19 23:24:29.648, 1, 0 %, 0 %, 35271 MiB, 38.57 W
2026/09/19 23:24:29.648, 2, 0 %, 0 %, 35270 MiB, 37.58 W
2026/09/19 23:24:34.648, 0, 0 %, 0 %, 35271 MiB, 39.18 W
2026/09/19 23:24:34.648, 1, 0 %, 0 %, 35271 MiB, 38.54 W
2026/09/19 23:24:34.649, 2, 0 %, 0 %, 35270 MiB, 37.56 W
2026/09/19 23:24:39.649, 0, 0 %, 0 %, 35271 MiB, 43.11 W
2026/09/19 23:24:39.650, 1, 0 %, 0 %, 35271 MiB, 38.74 W
2026/09/19 23:24:39.650, 2, 0 %, 0 %, 35270 MiB, 37.54 W
2026/09/19 23:24:44.651, 0, 0 %, 0 %, 35271 MiB, 39.17 W
2026/09/19 23:24:44.651, 1, 0 %, 0 %, 35271 MiB, 38.56 W
2026/09/19 23:24:44.651, 2, 0 %, 0 %, 35270 MiB, 37.56 W
2026/09/19 23:24:49.653, 0, 0 %, 0 %, 35271 MiB, 39.17 W
2026/09/19 23:24:49.653, 1, 0 %, 0 %, 35271 MiB, 38.65 W
2026/09/19 23:24:49.654, 2, 0 %, 0 %, 35270 MiB, 37.36 W
2026/09/19 23:24:54.654, 0, 0 %, 0 %, 35271 MiB, 39.07 W
2026/09/19 23:24:54.655, 1, 0 %, 0 %, 35271 MiB, 39.94 W
2026/09/19 23:24:54.655, 2, 0 %, 0 %, 35270 MiB, 37.37 W
2026/09/19 23:24:59.656, 0, 0 %, 0 %, 35271 MiB, 39.06 W
2026/09/19 23:24:59.657, 1, 5 %, 0 %, 35271 MiB, 38.56 W
2026/09/19 23:24:59.657, 2, 0 %, 0 %, 35270 MiB, 37.24 W
2026/09/19 23:25:04.658, 0, 15 %, 1 %, 35271 MiB, 39.19 W
2026/09/19 23:25:04.658, 1, 0 %, 0 %, 35271 MiB, 38.56 W
2026/09/19 23:25:04.658, 2, 0 %, 0 %, 35270 MiB, 37.47 W
2026/09/19 23:25:09.659, 0, 0 %, 0 %, 35271 MiB, 39.16 W
2026/09/19 23:25:09.659, 1, 0 %, 0 %, 35271 MiB, 38.44 W
2026/09/19 23:25:09.660, 2, 0 %, 0 %, 35270 MiB, 37.24 W
2026/09/19 23:25:14.661, 0, 0 %, 0 %, 35271 MiB, 39.18 W
2026/09/19 23:25:14.661, 1, 0 %, 0 %, 35271 MiB, 38.55 W
2026/09/19 23:25:14.661, 2, 0 %, 0 %, 35270 MiB, 37.36 W
2026/09/19 23:25:19.662, 0, 0 %, 0 %, 35271 MiB, 39.47 W
2026/09/19 23:25:19.663, 1, 15 %, 1 %, 35271 MiB, 38.55 W
2026/09/19 23:25:19.663, 2, 0 %, 0 %, 35270 MiB, 37.46 W
2026/09/19 23:25:24.664, 0, 0 %, 0 %, 35271 MiB, 39.28 W
2026/09/19 23:25:24.664, 1, 15 %, 1 %, 35271 MiB, 38.53 W
2026/09/19 23:25:24.665, 2, 0 %, 0 %, 35270 MiB, 37.46 W
2026/09/19 23:25:29.665, 0, 0 %, 0 %, 35271 MiB, 39.28 W
2026/09/19 23:25:29.666, 1, 0 %, 0 %, 35271 MiB, 38.75 W
2026/09/19 23:25:29.666, 2, 0 %, 0 %, 35270 MiB, 37.56 W
2026/09/19 23:25:34.676, 0, 0 %, 0 %, 35271 MiB, 39.07 W
2026/09/19 23:25:34.676, 1, 0 %, 0 %, 35271 MiB, 38.54 W
2026/09/19 23:25:34.677, 2, 0 %, 0 %, 35270 MiB, 37.46 W
2026/09/19 23:25:39.677, 0, 0 %, 0 %, 35271 MiB, 39.17 W
2026/09/19 23:25:39.678, 1, 15 %, 1 %, 35271 MiB, 38.64 W
2026/09/19 23:25:39.678, 2, 0 %, 0 %, 35270 MiB, 37.75 W
2026/09/19 23:25:44.679, 0, 0 %, 0 %, 35271 MiB, 39.17 W
2026/09/19 23:25:44.680, 1, 0 %, 0 %, 35271 MiB, 38.65 W
2026/09/19 23:25:44.680, 2, 0 %, 0 %, 35270 MiB, 37.58 W
2026/09/19 23:25:49.681, 0, 0 %, 0 %, 35271 MiB, 39.17 W
2026/09/19 23:25:49.681, 1, 15 %, 1 %, 35271 MiB, 38.75 W
2026/09/19 23:25:49.682, 2, 0 %, 0 %, 35270 MiB, 37.56 W
2026/09/19 23:25:54.683, 0, 0 %, 0 %, 35271 MiB, 39.36 W
2026/09/19 23:25:54.684, 1, 0 %, 0 %, 35271 MiB, 38.65 W
2026/09/19 23:25:54.684, 2, 33 %, 1 %, 35270 MiB, 37.56 W
2026/09/19 23:25:59.685, 0, 0 %, 0 %, 35271 MiB, 39.26 W
2026/09/19 23:25:59.685, 1, 0 %, 0 %, 35271 MiB, 38.74 W
2026/09/19 23:25:59.686, 2, 5 %, 0 %, 35270 MiB, 37.66 W
2026/09/19 23:26:04.686, 0, 0 %, 0 %, 35271 MiB, 39.28 W
2026/09/19 23:26:04.687, 1, 0 %, 0 %, 35271 MiB, 38.94 W
2026/09/19 23:26:04.687, 2, 0 %, 0 %, 35270 MiB, 37.44 W
